#ifndef _DALBY_TT32K16B1C_MAR26_H
#define _DALBY_TT32K16B1C_MAR26_H

#define DALBY_TT32K16B1C_MAR26_LITTLE_ENDIAN
#include <stdint.h>

#define DALBY_TT32K16B1C_MAR26_PB_FMT Mode_mono
#define DALBY_TT32K16B1C_MAR26_SZ 99752

const uint16_t dalby_tt32k16b1c_mar26[ DALBY_TT32K16B1C_MAR26_SZ ] =
{
  0xFFFE, 0xFFE0, 0xFFBB, 0xFF95,  0xFF6D, 0xFF41, 0xFF18, 0xFEE8,
  0xFEC2, 0xFE92, 0xFE69, 0xFE45,  0xFE18, 0xFDFE, 0xFDD8, 0xFDC1,
  0xFDA9, 0xFD99, 0xFD8A, 0xFD8A,  0xFD82, 0xFD91, 0xFD9A, 0xFDAE,
  0xFDCE, 0xFDEB, 0xFE1C, 0xFE47,  0xFE86, 0xFEC1, 0xFF0C, 0xFF56,
  0xFFAC, 0x0006, 0x0064, 0x00CA,  0x0133, 0x019F, 0x0212, 0x0281,
  0x02FC, 0x036E, 0x03E9, 0x045C,  0x04D5, 0x0547, 0x05BC, 0x0625,
  0x0693, 0x06F4, 0x0755, 0x07AA,  0x07FB, 0x0844, 0x0880, 0x08B6,
  0x08E1, 0x08FF, 0x0913, 0x091D,  0x0913, 0x090B, 0x08E1, 0x08C1,
  0x087F, 0x083D, 0x07E8, 0x0786,  0x071A, 0x069D, 0x0613, 0x0585,
  0x04DE, 0x043B, 0x037F, 0x02C6,  0x01FC, 0x012B, 0x005B, 0xFF75,
  0xFE9D, 0xFDB1, 0xFCCE, 0xFBE2,  0xFAF9, 0xFA11, 0xF927, 0xF84B,
  0xF766, 0xF692, 0xF5C0, 0xF4F8,  0xF43B, 0xF385, 0xF2E2, 0xF247,
  0xF1BB, 0xF141, 0xF0D4, 0xF080,  0xF031, 0xF002, 0xEFDE, 0xEFD2,
  0xEFDA, 0xEFF4, 0xF02B, 0xF06B,  0xF0CA, 0xF13D, 0xF1BE, 0xF25F,
  0xF306, 0xF3D2, 0xF49F, 0xF58C,  0xF682, 0xF78E, 0xF8A5, 0xF9CB,
  0xFB04, 0xFC3B, 0xFD8E, 0xFED6,  0x0038, 0x018E, 0x02F8, 0x0453,
  0x05C0, 0x071C, 0x087D, 0x09D7,  0x0B27, 0x0C74, 0x0DB0, 0x0EE4,
  0x1007, 0x111D, 0x121E, 0x130C,  0x13EE, 0x14AC, 0x155E, 0x15F3,
  0x1670, 0x16D2, 0x1714, 0x1747,  0x174F, 0x1742, 0x1714, 0x16CC,
  0x1664, 0x15DE, 0x153E, 0x147E,  0x13A3, 0x12AC, 0x119F, 0x1070,
  0x0F31, 0x0DD4, 0x0C69, 0x0AE3,  0x094E, 0x07A8, 0x05F4, 0x0430,
  0x0266, 0x0090, 0xFEB7, 0xFCD5,  0xFAF8, 0xF913, 0xF73C, 0xF560,
  0xF393, 0xF1CB, 0xF015, 0xEE6A,  0xECCF, 0xEB4C, 0xE9DD, 0xE880,
  0xE745, 0xE61D, 0xE51C, 0xE42E,  0xE369, 0xE2C4, 0xE23B, 0xE1DE,
  0xE1A0, 0xE18D, 0xE198, 0xE1CC,  0xE229, 0xE2AB, 0xE34C, 0xE41B,
  0xE50F, 0xE61B, 0xE759, 0xE8AF,  0xEA28, 0xEBC3, 0xED71, 0xEF4A,
  0xF12E, 0xF32F, 0xF547, 0xF76C,  0xF9A6, 0xFBE9, 0xFE39, 0x0091,
  0x02EB, 0x054D, 0x07A4, 0x0A03,  0x0C53, 0x0E9A, 0x10D7, 0x1302,
  0x151F, 0x171C, 0x190F, 0x1ADB,  0x1C94, 0x1E23, 0x1F99, 0x20EC,
  0x220D, 0x2314, 0x23EA, 0x249B,  0x251A, 0x256F, 0x259B, 0x2591,
  0x255A, 0x24FA, 0x2469, 0x23A5,  0x22B7, 0x21A0, 0x2057, 0x1EE4,
  0x1D4B, 0x1B8B, 0x19A0, 0x1797,  0x1569, 0x131F, 0x10B7, 0x0E34,
  0x0B9B, 0x08E2, 0x0629, 0x0360,  0x009C, 0xFDCD, 0xFB09, 0xF849,
  0xF58D, 0xF2E9, 0xF048, 0xEDC4,  0xEB52, 0xE8FB, 0xE6BF, 0xE49F,
  0xE2A9, 0xE0CF, 0xDF1E, 0xDD92,  0xDC39, 0xDB03, 0xD9F9, 0xD928,
  0xD87C, 0xD807, 0xD7BB, 0xD7AC,  0xD7C6, 0xD80E, 0xD891, 0xD93E,
  0xDA1A, 0xDB24, 0xDC60, 0xDDC5,  0xDF4E, 0xE108, 0xE2E0, 0xE4E7,
  0xE6FD, 0xE944, 0xEB9C, 0xEE10,  0xF098, 0xF338, 0xF5E0, 0xF89C,
  0xFB5B, 0xFE22, 0x00ED, 0x03B4,  0x0678, 0x0933, 0x0BE4, 0x0E87,
  0x1114, 0x1391, 0x15F6, 0x183B,  0x1A69, 0x1C6E, 0x1E5E, 0x2019,
  0x21B6, 0x232B, 0x2470, 0x258B,  0x2674, 0x2739, 0x27C0, 0x281F,
  0x284A, 0x284B, 0x280C, 0x27A7,  0x2713, 0x2647, 0x2553, 0x242B,
  0x22E2, 0x2160, 0x1FBF, 0x1DF4,  0x1C08, 0x19F1, 0x17C5, 0x1572,
  0x1311, 0x1089, 0x0DFB, 0x0B54,  0x08A2, 0x05E4, 0x0321, 0x0057,
  0xFD91, 0xFAC9, 0xF80C, 0xF554,  0xF2AF, 0xF014, 0xED91, 0xEB22,
  0xE8D0, 0xE695, 0xE47C, 0xE288,  0xE0B2, 0xDF04, 0xDD80, 0xDC2A,
  0xDAF4, 0xD9F7, 0xD923, 0xD882,  0xD80A, 0xD7CA, 0xD7BB, 0xD7DB,
  0xD826, 0xD8B0, 0xD95E, 0xDA40,  0xDB4C, 0xDC8F, 0xDDF1, 0xDF84,
  0xE13A, 0xE31E, 0xE51C, 0xE73E,  0xE980, 0xEBDD, 0xEE51, 0xF0DB,
  0xF378, 0xF626, 0xF8DC, 0xFB9E,  0xFE66, 0x0129, 0x03F7, 0x06B2,
  0x0971, 0x0C1B, 0x0EC0, 0x1145,  0x13C5, 0x1620, 0x1868, 0x1A8C,
  0x1C95, 0x1E7A, 0x2033, 0x21CE,  0x233A, 0x2481, 0x258D, 0x2680,
  0x2733, 0x27BE, 0x2813, 0x283F,  0x2835, 0x27F5, 0x278E, 0x26F2,
  0x2626, 0x2527, 0x2404, 0x22B2,  0x212F, 0x1F8A, 0x1DBD, 0x1BCE,
  0x19B6, 0x1785, 0x1537, 0x12CB,  0x104C, 0x0DB6, 0x0B14, 0x085D,
  0x05A3, 0x02DF, 0x0017, 0xFD50,  0xFA8D, 0xF7CC, 0xF51E, 0xF275,
  0xEFDF, 0xED5F, 0xEAF3, 0xE8A4,  0xE66D, 0xE457, 0xE269, 0xE094,
  0xDEED, 0xDD6D, 0xDC19, 0xDAEA,  0xD9F1, 0xD922, 0xD884, 0xD810,
  0xD7DA, 0xD7CA, 0xD7EF, 0xD840,  0xD8CF, 0xD97E, 0xDA67, 0xDB73,
  0xDCBF, 0xDE1F, 0xDFB6, 0xE175,  0xE352, 0xE559, 0xE779, 0xE9C1,
  0xEC1C, 0xEE92, 0xF11D, 0xF3BB,  0xF668, 0xF91E, 0xFBE2, 0xFEA4,
  0x016D, 0x0432, 0x06F2, 0x09AA,  0x0C57, 0x0EF1, 0x117E, 0x13F0,
  0x1654, 0x188B, 0x1AB7, 0x1CB4,  0x1E99, 0x204C, 0x21E5, 0x234D,
  0x2489, 0x259B, 0x267E, 0x2737,  0x27B4, 0x280B, 0x2832, 0x281F,
  0x27DF, 0x2772, 0x26D2, 0x2601,  0x2501, 0x23D9, 0x2283, 0x20FC,
  0x1F56, 0x1D87, 0x1B92, 0x197B,  0x1747, 0x14F9, 0x1288, 0x100B,
  0x0D76, 0x0ACD, 0x0820, 0x055B,  0x02A3, 0xFFD1, 0xFD15, 0xFA4B,
  0xF795, 0xF4E0, 0xF23F, 0xEFAA,  0xED2D, 0xEAC7, 0xE875, 0xE647,
  0xE434, 0xE248, 0xE078, 0xDED5,  0xDD5D, 0xDC06, 0xDAE4, 0xD9E6,
  0xD927, 0xD882, 0xD81D, 0xD7E3,  0xD7DE, 0xD801, 0xD85E, 0xD8E9,
  0xD9A4, 0xDA87, 0xDBA4, 0xDCE6,  0xDE53, 0xDFE7, 0xE1AC, 0xE38B,
  0xE593, 0xE7B8, 0xE9FE, 0xEC5D,  0xEED0, 0xF163, 0xF3FC, 0xF6AA,
  0xF962, 0xFC20, 0xFEE9, 0x01AB,  0x0472, 0x072D, 0x09E6, 0x0C8E,
  0x0F29, 0x11AF, 0x1424, 0x167B,  0x18B9, 0x1AD9, 0x1CD9, 0x1EB4,
  0x2068, 0x21F7, 0x2362, 0x2491,  0x25A4, 0x2684, 0x2732, 0x27AF,
  0x2803, 0x281F, 0x280E, 0x27C6,  0x2756, 0x26B3, 0x25DB, 0x24DA,
  0x23AF, 0x2251, 0x20CB, 0x1F23,  0x1D4E, 0x1B59, 0x193D, 0x170C,
  0x14B6, 0x124B, 0x0FC8, 0x0D32,  0x0A8E, 0x07DA, 0x051E, 0x025C,
  0xFF95, 0xFCD3, 0xFA0F, 0xF758,  0xF4A9, 0xF205, 0xEF79, 0xECF8,
  0xEA9A, 0xE84A, 0xE61F, 0xE412,  0xE228, 0xE05C, 0xDEBF, 0xDD49,
  0xDBF8, 0xDAD9, 0xD9E4, 0xD924,  0xD886, 0xD825, 0xD7F3, 0xD7EC,
  0xD819, 0xD878, 0xD907, 0xD9C6,  0xDAAE, 0xDBCD, 0xDD16, 0xDE7E,
  0xE022, 0xE1DC, 0xE3C8, 0xE5CA,  0xE7F8, 0xEA3D, 0xEC9B, 0xEF14,
  0xF1A2, 0xF440, 0xF6EB, 0xF9A6,  0xFC60, 0xFF2C, 0x01E8, 0x04B2,
  0x076A, 0x0A1F, 0x0CC8, 0x0F5D,  0x11E2, 0x1455, 0x16A7, 0x18E1,
  0x1AFF, 0x1CFC, 0x1ECD, 0x2085,  0x220C, 0x236F, 0x24A0, 0x25AA,
  0x2687, 0x2731, 0x27A6, 0x27FA,  0x2811, 0x27F5, 0x27B4, 0x2735,
  0x2695, 0x25B4, 0x24B5, 0x2382,  0x2221, 0x209A, 0x1EEE, 0x1D15,
  0x1B20, 0x1900, 0x16D0, 0x1475,  0x1209, 0x0F89, 0x0CEF, 0x0A4D,
  0x0794, 0x04DE, 0x021A, 0xFF57,  0xFC92, 0xF9D2, 0xF71D, 0xF46E,
  0xF1D1, 0xEF42, 0xECC9, 0xEA6D,  0xE81C, 0xE5FD, 0xE3EC, 0xE208,
  0xE043, 0xDEA7, 0xDD39, 0xDBE8,  0xDACF, 0xD9E2, 0xD921, 0xD88B,
  0xD830, 0xD7FE, 0xD7FE, 0xD82F,  0xD893, 0xD928, 0xD9E3, 0xDADA,
  0xDBF4, 0xDD44, 0xDEAF, 0xE054,  0xE216, 0xE3FE, 0xE607, 0xE834,
  0xEA7C, 0xECDA, 0xEF57, 0xF1E3,  0xF481, 0xF730, 0xF9E4, 0xFCA7,
  0xFF67, 0x022C, 0x04ED, 0x07A8,  0x0A59, 0x0D00, 0x0F91, 0x1217,
  0x1482, 0x16D3, 0x190C, 0x1B21,  0x1D1E, 0x1EEA, 0x209C, 0x2223,
  0x237D, 0x24AA, 0x25B4, 0x2689,  0x272A, 0x27A6, 0x27EA, 0x2802,
  0x27E3, 0x2796, 0x2721, 0x266B,  0x2595, 0x248A, 0x2357, 0x21F2,
  0x2066, 0x1EBB, 0x1CDC, 0x1AE5,  0x18C6, 0x1690, 0x1436, 0x11CA,
  0x0F45, 0x0CAF, 0x0A08, 0x0755,  0x049B, 0x01DA, 0xFF14, 0xFC56,
  0xF994, 0xF6E1, 0xF437, 0xF198,  0xEF11, 0xEC98, 0xEA3C, 0xE7F6,
  0xE5D3, 0xE3CD, 0xE1E8, 0xE026,  0xDE96, 0xDD21, 0xDBDF, 0xDAC5,
  0xD9DE, 0xD920, 0xD891, 0xD838,  0xD80E, 0xD80F, 0xD845, 0xD8B1,
  0xD943, 0xDA09, 0xDAFE, 0xDC23,  0xDD6C, 0xDEE6, 0xE083, 0xE252,
  0xE431, 0xE647, 0xE871, 0xEAB8,  0xED1D, 0xEF96, 0xF226, 0xF4C4,
  0xF770, 0xFA28, 0xFCE7, 0xFFA8,  0x026C, 0x052A, 0x07E4, 0x0A94,
  0x0D36, 0x0FC7, 0x1249, 0x14B0,  0x1701, 0x192F, 0x1B4D, 0x1D36,
  0x1F0D, 0x20B0, 0x2239, 0x238B,  0x24B5, 0x25BC, 0x2688, 0x272A,
  0x279C, 0x27E1, 0x27F0, 0x27CC,  0x2783, 0x26FF, 0x264C, 0x256F,
  0x2463, 0x2328, 0x21C4, 0x2034,  0x1E85, 0x1CA4, 0x1AA9, 0x188D,
  0x164E, 0x13FA, 0x1186, 0x0F07,  0x0C6B, 0x09C6, 0x0713, 0x0459,
  0x019A, 0xFED4, 0xFC17, 0xF957,  0xF6A8, 0xF3FC, 0xF164, 0xEEDA,
  0xEC6C, 0xEA0D, 0xE7CD, 0xE5AD,  0xE3A9, 0xE1CB, 0xE00D, 0xDE80,
  0xDD0F, 0xDBD1, 0xDABE, 0xD9DA,  0xD91F, 0xD898, 0xD842, 0xD81C,
  0xD81F, 0xD860, 0xD8C9, 0xD965,  0xDA2A, 0xDB29, 0xDC4A, 0xDD9C,
  0xDF13, 0xE0BF, 0xE280, 0xE473,  0xE67C, 0xE8B1, 0xEAF7, 0xED5B,
  0xEFDB, 0xF265, 0xF506, 0xF7B3,  0xFA6B, 0xFD26, 0xFFEB, 0x02A7,
  0x056C, 0x081C, 0x0AD1, 0x0D69,  0x1000, 0x1278, 0x14E0, 0x1729,
  0x195C, 0x1B6C, 0x1D5B, 0x1F22,  0x20D0, 0x2246, 0x239C, 0x24C1,
  0x25C1, 0x2689, 0x2727, 0x2794,  0x27D7, 0x27DB, 0x27BB, 0x2768,
  0x26E1, 0x262B, 0x2549, 0x243B,  0x22FB, 0x2193, 0x2003, 0x1E4F,
  0x1C6A, 0x1A72, 0x184D, 0x1613,  0x13B8, 0x1147, 0x0EC5, 0x0C29,
  0x0983, 0x06D4, 0x0414, 0x015C,  0xFE92, 0xFBDA, 0xF91B, 0xF66C,
  0xF3C5, 0xF12C, 0xEEAA, 0xEC3A,  0xE9DF, 0xE7A7, 0xE584, 0xE38B,
  0xE1A9, 0xDFF7, 0xDE69, 0xDCFE,  0xDBC4, 0xDAB8, 0xD9D6, 0xD91E,
  0xD8A1, 0xD849, 0xD82C, 0xD832,  0xD878, 0xD8E6, 0xD980, 0xDA53,
  0xDB4B, 0xDC7A, 0xDDC5, 0xDF4A,  0xE0F0, 0xE2B9, 0xE4A8, 0xE6BD,
  0xE8EA, 0xEB38, 0xED9C, 0xF019,  0xF2AA, 0xF545, 0xF7F7, 0xFAAB,
  0xFD69, 0x0029, 0x02E9, 0x05A5,  0x085C, 0x0B07, 0x0DA2, 0x1033,
  0x12AA, 0x150F, 0x1753, 0x1983,  0x1B90, 0x1D78, 0x1F43, 0x20E2,
  0x225C, 0x23A8, 0x24CC, 0x25C9,  0x2686, 0x2725, 0x278E, 0x27C7,
  0x27CD, 0x27A3, 0x2750, 0x26C2,  0x2608, 0x2527, 0x240F, 0x22CF,
  0x2161, 0x1FD4, 0x1E13, 0x1C39,  0x1A30, 0x1817, 0x15D0, 0x137B,
  0x1106, 0x0E83, 0x0BE7, 0x0942,  0x0691, 0x03D5, 0x0118, 0xFE55,
  0xFB9C, 0xF8DD, 0xF635, 0xF389,  0xF0F9, 0xEE78, 0xEC07, 0xE9B7,
  0xE779, 0xE565, 0xE364, 0xE18F,  0xDFDC, 0xDE55, 0xDCED, 0xDBB9,
  0xDAB0, 0xD9D1, 0xD921, 0xD8A7,  0xD855, 0xD839, 0xD846, 0xD890,
  0xD902, 0xD99F, 0xDA77, 0xDB75,  0xDCA2, 0xDDF6, 0xDF7B, 0xE124,
  0xE2F0, 0xE4E3, 0xE6F8, 0xE928,  0xEB76, 0xEDDB, 0xF05E, 0xF2E7,
  0xF58B, 0xF837, 0xFAEC, 0xFDAB,  0x0068, 0x0327, 0x05E5, 0x0893,
  0x0B43, 0x0DD8, 0x1066, 0x12DD,  0x1539, 0x1780, 0x19AB, 0x1BB1,
  0x1D99, 0x1F5B, 0x20FC, 0x226D,  0x23B6, 0x24D8, 0x25CB, 0x2687,
  0x2723, 0x2784, 0x27BB, 0x27B8,  0x2792, 0x2734, 0x26A2, 0x25E9,
  0x24FD, 0x23E9, 0x229F, 0x2133,  0x1FA1, 0x1DDC, 0x1BFE, 0x19FA,
  0x17D6, 0x1597, 0x1335, 0x10CB,  0x0E3D, 0x0BA8, 0x0900, 0x064D,
  0x0397, 0x00D4, 0xFE1A, 0xFB5A,  0xF8A5, 0xF5F8, 0xF353, 0xF0C4,
  0xEE44, 0xEBDA, 0xE989, 0xE753,  0xE53E, 0xE345, 0xE16F, 0xDFC8,
  0xDE3C, 0xDCDE, 0xDBB0, 0xDAA6,  0xD9D1, 0xD920, 0xD8B0, 0xD85F,
  0xD848, 0xD85B, 0xD8A9, 0xD91B,  0xD9C2, 0xDA9B, 0xDB9D, 0xDCCD,
  0xDE23, 0xDFB1, 0xE154, 0xE32B,  0xE51B, 0xE734, 0xE965, 0xEBB5,
  0xEE1D, 0xF09C, 0xF32B, 0xF5CA,  0xF87D, 0xFB29, 0xFDEF, 0x00A5,
  0x0368, 0x061E, 0x08D3, 0x0B76,  0x0E13, 0x1097, 0x130F, 0x1565,
  0x17AC, 0x19CF, 0x1BD6, 0x1DB6,  0x1F77, 0x2114, 0x2279, 0x23CA,
  0x24DE, 0x25D0, 0x2688, 0x271D,  0x277E, 0x27A8, 0x27AC, 0x2778,
  0x271C, 0x2681, 0x25C9, 0x24D6,  0x23BF, 0x2270, 0x2106, 0x1F69,
  0x1DAB, 0x1BC1, 0x19C3, 0x1798,  0x1556, 0x12FA, 0x1087, 0x0DFD,
  0x0B67, 0x08BC, 0x0610, 0x0350,  0x009A, 0xFDD5, 0xFB22, 0xF865,
  0xF5C1, 0xF31A, 0xF090, 0xEE13,  0xEBAA, 0xE95D, 0xE72C, 0xE51A,
  0xE320, 0xE15B, 0xDFA8, 0xDE2D,  0xDCCB, 0xDBA6, 0xDAA0, 0xD9CC,
  0xD927, 0xD8B3, 0xD86E, 0xD852,  0xD876, 0xD8BE, 0xD939, 0xD9E2,
  0xDAC0, 0xDBC6, 0xDCF6, 0xDE57,  0xDFDE, 0xE18F, 0xE35A, 0xE55D,
  0xE76A, 0xE9A7, 0xEBF1, 0xEE5E,  0xF0DF, 0xF368, 0xF612, 0xF8B7,
  0xFB72, 0xFE2A, 0x00E8, 0x03A4,  0x065C, 0x090C, 0x0BB0, 0x0E47,
  0x10CD, 0x133D, 0x1592, 0x17D7,  0x19F5, 0x1BF5, 0x1DD8, 0x1F90,
  0x2127, 0x2291, 0x23D0, 0x24ED,  0x25D0, 0x2687, 0x271C, 0x2771,
  0x279D, 0x2797, 0x2765, 0x26FC,  0x2666, 0x25A5, 0x24B1, 0x2392,
  0x2244, 0x20D6, 0x1F35, 0x1D73,  0x1B8A, 0x1988, 0x175A, 0x1519,
  0x12BA, 0x1046, 0x0DBD, 0x0B22,  0x087F, 0x05CA, 0x0314, 0x0055,
  0xFD9B, 0xFAE0, 0xF82F, 0xF582,  0xF2E7, 0xF05A, 0xEDE1, 0xEB7C,
  0xE931, 0xE707, 0xE4F2, 0xE305,  0xE138, 0xDF99, 0xDE10, 0xDCC4,
  0xDB96, 0xDA9D, 0xD9C7, 0xD92D,  0xD8B9, 0xD879, 0xD863, 0xD88C,
  0xD8D4, 0xD958, 0xDA02, 0xDAE7,  0xDBEC, 0xDD24, 0xDE84, 0xE014,
  0xE1BF, 0xE398, 0xE591, 0xE7AC,  0xE9DD, 0xEC36, 0xEE9D, 0xF11D,
  0xF3AE, 0xF64F, 0xF8FC, 0xFBB1,  0xFE6B, 0x0127, 0x03E3, 0x0697,
  0x0947, 0x0BE8, 0x0E7D, 0x10FF,  0x136D, 0x15C0, 0x17FF, 0x1A1B,
  0x1C17, 0x1DF4, 0x1FAD, 0x213A,  0x22A2, 0x23DE, 0x24F6, 0x25CF,
  0x268D, 0x2712, 0x2769, 0x278C,  0x2787, 0x274D, 0x26E2, 0x2645,
  0x2582, 0x248C, 0x2363, 0x221C,  0x20A1, 0x1F04, 0x1D39, 0x1B55,
  0x194B, 0x171D, 0x14DB, 0x1279,  0x1008, 0x0D79, 0x0AE4, 0x0839,
  0x058B, 0x02D3, 0x0016, 0xFD5C,  0xFAA3, 0xF7F2, 0xF54B, 0xF2B0,
  0xF026, 0xEDAF, 0xEB4D, 0xE909,  0xE6DD, 0xE4D0, 0xE2E3, 0xE122,
  0xDF7A, 0xDE04, 0xDCAF, 0xDB92,  0xDA92, 0xD9C9, 0xD92F, 0xD8C2,
  0xD883, 0xD877, 0xD89E, 0xD8F0,  0xD972, 0xDA27, 0xDB0B, 0xDC13,
  0xDD51, 0xDEB5, 0xE046, 0xE1F3,  0xE3D0, 0xE5CC, 0xE7E6, 0xEA1E,
  0xEC72, 0xEEDF, 0xF15D, 0xF3F0,  0xF691, 0xF93C, 0xFBF5, 0xFEA7,
  0x016B, 0x041B, 0x06D9, 0x097D,  0x0C21, 0x0EB3, 0x112F, 0x139F,
  0x15EB, 0x1829, 0x1A3F, 0x1C38,  0x1E14, 0x1FC4, 0x2150, 0x22B1,
  0x23EE, 0x24FA, 0x25D5, 0x268A,  0x270E, 0x275D, 0x277F, 0x2773,
  0x2737, 0x26C3, 0x262A, 0x255D,  0x2464, 0x233A, 0x21EB, 0x2074,
  0x1ECB, 0x1D07, 0x1B1A, 0x190F,  0x16E1, 0x149C, 0x123A, 0x0FC8,
  0x0D35, 0x0AA6, 0x07F5, 0x054C,  0x0290, 0xFFD7, 0xFD1F, 0xFA65,
  0xF7B9, 0xF510, 0xF279, 0xEFF6,  0xED79, 0xEB26, 0xE8D8, 0xE6BB,
  0xE4A9, 0xE2C8, 0xE104, 0xDF65,  0xDDED, 0xDCA7, 0xDB84, 0xDA8D,
  0xD9C9, 0xD932, 0xD8CB, 0xD88E,  0xD88A, 0xD8B3, 0xD909, 0xD98F,
  0xDA4B, 0xDB2E, 0xDC3E, 0xDD7C,  0xDEE7, 0xE075, 0xE22B, 0xE408,
  0xE606, 0xE821, 0xEA5B, 0xECB5,  0xEF1B, 0xF1A1, 0xF42E, 0xF6D5,
  0xF97E, 0xFC32, 0xFEEB, 0x01A6,  0x045C, 0x0712, 0x09B8, 0x0C58,
  0x0EE8, 0x1163, 0x13CA, 0x161C,  0x184E, 0x1A65, 0x1C5A, 0x1E2F,
  0x1FDF, 0x2162, 0x22C3, 0x23FB,  0x24FF, 0x25D9, 0x2689, 0x2706,
  0x2754, 0x276E, 0x2764, 0x271A,  0x26AA, 0x2608, 0x253C, 0x243A,
  0x2310, 0x21BE, 0x2040, 0x1E99,  0x1CCE, 0x1AE5, 0x18CF, 0x16A7,
  0x145C, 0x11FE, 0x0F82, 0x0CFA,  0x0A5E, 0x07BA, 0x0507, 0x0251,
  0xFF99, 0xFCDE, 0xFA2C, 0xF77A,  0xF4DC, 0xF240, 0xEFC4, 0xED48,
  0xEAF6, 0xE8B4, 0xE68E, 0xE48B,  0xE2A6, 0xE0EC, 0xDF4C, 0xDDDD,
  0xDC98, 0xDB7A, 0xDA89, 0xD9C8,  0xD938, 0xD8D1, 0xD89B, 0xD89E,
  0xD8C6, 0xD925, 0xD9AB, 0xDA70,  0xDB51, 0xDC69, 0xDDA8, 0xDF18,
  0xE0A7, 0xE260, 0xE443, 0xE63D,  0xE860, 0xEA97, 0xECF4, 0xEF5C,
  0xF1E0, 0xF473, 0xF714, 0xF9BF,  0xFC73, 0xFF2C, 0x01E2, 0x049D,
  0x074A, 0x09F3, 0x0C91, 0x0F19,  0x1198, 0x13F7, 0x1648, 0x1876,
  0x1A89, 0x1C79, 0x1E50, 0x1FF3,  0x2177, 0x22D6, 0x2402, 0x2508,
  0x25DA, 0x268A, 0x26FE, 0x2747,  0x2762, 0x274C, 0x2707, 0x2688,
  0x25EE, 0x2513, 0x2413, 0x22E7,  0x218E, 0x2010, 0x1E62, 0x1C99,
  0x1AAA, 0x1897, 0x1667, 0x1420,  0x11BC, 0x0F42, 0x0CB9, 0x0A1E,
  0x0777, 0x04C7, 0x0210, 0xFF5A,  0xFCA1, 0xF9EE, 0xF743, 0xF49E,
  0xF212, 0xEF89, 0xED1F, 0xEAC4,  0xE88D, 0xE667, 0xE468, 0xE28C,
  0xE0CC, 0xDF39, 0xDDCA, 0xDC8C,  0xDB70, 0xDA85, 0xD9C7, 0xD93F,
  0xD8D6, 0xD8AE, 0xD8AB, 0xD8E0,  0xD93A, 0xD9D0, 0xDA8D, 0xDB7B,
  0xDC8E, 0xDDDA, 0xDF46, 0xE0D8,  0xE29A, 0xE477, 0xE67C, 0xE897,
  0xEAD9, 0xED32, 0xEF9C, 0xF221,  0xF4B4, 0xF754, 0xFA02, 0xFCB3,
  0xFF6A, 0x0224, 0x04D6, 0x0788,  0x0A2B, 0x0CC6, 0x0F52, 0x11C4,
  0x142A, 0x1670, 0x189F, 0x1AAC,  0x1C9B, 0x1E6A, 0x200B, 0x218C,
  0x22E5, 0x240D, 0x250E, 0x25DC,  0x268A, 0x26F2, 0x273F, 0x2752,
  0x2737, 0x26ED, 0x266F, 0x25C9,  0x24F4, 0x23E6, 0x22BD, 0x2161,
  0x1FDB, 0x1E2F, 0x1C64, 0x1A6D,  0x185D, 0x1629, 0x13E3, 0x117B,
  0x0F02, 0x0C79, 0x09DA, 0x0739,  0x0484, 0x01D2, 0xFF1A, 0xFC64,
  0xF9B1, 0xF70A, 0xF466, 0xF1DD,  0xEF55, 0xECEF, 0xEA9A, 0xE861,
  0xE644, 0xE444, 0xE26F, 0xE0B2,  0xDF24, 0xDDB8, 0xDC81, 0xDB63,
  0xDA85, 0xD9C8, 0xD941, 0xD8E2,  0xD8B8, 0xD8C3, 0xD8F1, 0xD95A,
  0xD9EA, 0xDAB4, 0xDB9C, 0xDCBC,  0xDE07, 0xDF74, 0xE10F, 0xE2CC,
  0xE4B3, 0xE6B2, 0xE8D7, 0xEB16,  0xED70, 0xEFDD, 0xF261, 0xF4F6,
  0xF795, 0xFA42, 0xFCF3, 0xFFAB,  0x0261, 0x0514, 0x07C1, 0x0A65,
  0x0CFD, 0x0F85, 0x11F6, 0x1457,  0x169D, 0x18C3, 0x1AD2, 0x1CBA,
  0x1E86, 0x2022, 0x219F, 0x22F6,  0x2415, 0x2514, 0x25E1, 0x2683,
  0x26EE, 0x2730, 0x2743, 0x2725,  0x26D0, 0x2655, 0x25A8, 0x24CC,
  0x23C2, 0x228F, 0x2133, 0x1FA8,  0x1DFA, 0x1C2E, 0x1A33, 0x1820,
  0x15EF, 0x13A1, 0x113D, 0x0EC2,  0x0C36, 0x099C, 0x06F4, 0x0447,
  0x0190, 0xFEDC, 0xFC26, 0xF976,  0xF6CF, 0xF431, 0xF1A4, 0xEF25,
  0xECBF, 0xEA6E, 0xE838, 0xE61E,  0xE424, 0xE250, 0xE09A, 0xDF0C,
  0xDDAC, 0xDC70, 0xDB5D, 0xDA81,  0xD9C9, 0xD947, 0xD8E9, 0xD8CB,
  0xD8D2, 0xD90B, 0xD970, 0xDA10,  0xDAD1, 0xDBC6, 0xDCE5, 0xDE35,
  0xDFA5, 0xE140, 0xE306, 0xE4E8,  0xE6EF, 0xE912, 0xEB55, 0xEDAF,
  0xF01B, 0xF2A6, 0xF532, 0xF7DC,  0xFA7D, 0xFD38, 0xFFE7, 0x02A0,
  0x0550, 0x07FC, 0x0A9E, 0x0D33,  0x0FB8, 0x1227, 0x1485, 0x16C7,
  0x18EA, 0x1AF3, 0x1CDE, 0x1E9C,  0x203D, 0x21B0, 0x2305, 0x241F,
  0x251A, 0x25E1, 0x2681, 0x26E4,  0x2727, 0x2731, 0x270E, 0x26B8,
  0x2638, 0x2588, 0x24A5, 0x2399,  0x2266, 0x2101, 0x1F76, 0x1DC8,
  0x1BF2, 0x19FE, 0x17E1, 0x15B4,  0x1362, 0x10FC, 0x0E82, 0x0BF7,
  0x0958, 0x06B6, 0x0404, 0x0152,  0xFE9E, 0xFBE8, 0xF93A, 0xF697,
  0xF3F8, 0xF171, 0xEEF2, 0xEC90,  0xEA42, 0xE810, 0xE5F7, 0xE406,
  0xE232, 0xE07F, 0xDEFA, 0xDD99,  0xDC65, 0xDB55, 0xDA7E, 0xD9CB,
  0xD94C, 0xD8F3, 0xD8DB, 0xD8E4,  0xD920, 0xD990, 0xDA2C, 0xDAF6,
  0xDBEB, 0xDD12, 0xDE62, 0xDFD3,  0xE178, 0xE339, 0xE524, 0xE726,
  0xE950, 0xEB95, 0xEDEA, 0xF060,  0xF2E1, 0xF579, 0xF817, 0xFAC3,
  0xFD73, 0x0029, 0x02DE, 0x058A,  0x0839, 0x0AD4, 0x0D6A, 0x0FEC,
  0x1255, 0x14B5, 0x16EE, 0x1913,  0x1B16, 0x1CFA, 0x1EB9, 0x2051,
  0x21C7, 0x230E, 0x242C, 0x251B,  0x25E8, 0x2678, 0x26DD, 0x271B,
  0x2720, 0x26F8, 0x269E, 0x261C,  0x2565, 0x2480, 0x2372, 0x2237,
  0x20D4, 0x1F40, 0x1D96, 0x1BBB,  0x19C1, 0x17A9, 0x1574, 0x1324,
  0x10BD, 0x0E41, 0x0BB6, 0x0919,  0x0672, 0x03C6, 0x0112, 0xFE5F,
  0xFBAC, 0xF8FF, 0xF65B, 0xF3C6,  0xF137, 0xEEC4, 0xEC61, 0xEA17,
  0xE7E7, 0xE5D3, 0xE3E6, 0xE214,  0xE069, 0xDEE4, 0xDD8B, 0xDC57,
  0xDB4F, 0xDA7B, 0xD9CF, 0xD94D,  0xD904, 0xD8E7, 0xD8F7, 0xD939,
  0xD9AB, 0xDA4D, 0xDB17, 0xDC15,  0xDD3C, 0xDE8F, 0xE006, 0xE1A9,
  0xE374, 0xE557, 0xE765, 0xE98B,  0xEBD3, 0xEE2A, 0xF09F, 0xF323,
  0xF5B8, 0xF858, 0xFB04, 0xFDB4,  0x0066, 0x031C, 0x05C6, 0x0873,
  0x0B0D, 0x0D9E, 0x101F, 0x1287,  0x14E0, 0x1719, 0x1936, 0x1B3C,
  0x1D18, 0x1ED1, 0x2069, 0x21D8,  0x231D, 0x2433, 0x2524, 0x25E3,
  0x2677, 0x26D2, 0x2711, 0x270C,  0x26E3, 0x2684, 0x25FF, 0x2542,
  0x245A, 0x234A, 0x220B, 0x20A2,  0x1F11, 0x1D5E, 0x1B84, 0x1986,
  0x176E, 0x1538, 0x12E4, 0x107D,  0x0E02, 0x0B73, 0x08DA, 0x0631,
  0x0386, 0x00D2, 0xFE22, 0xFB6E,  0xF8C5, 0xF623, 0xF38D, 0xF105,
  0xEE91, 0xEC33, 0xE9ED, 0xE7BC,  0xE5B5, 0xE3C0, 0xE1FC, 0xE04C,
  0xDED5, 0xDD7A, 0xDC4B, 0xDB49,  0xDA79, 0xD9D0, 0xD955, 0xD90E,
  0xD8F8, 0xD909, 0xD952, 0xD9C7,  0xDA6D, 0xDB3B, 0xDC3B, 0xDD6A,
  0xDEBB, 0xE037, 0xE1DF, 0xE3A8,  0xE592, 0xE79F, 0xE9C8, 0xEC11,
  0xEE68, 0xF0E1, 0xF362, 0xF5FA,  0xF899, 0xFB43, 0xFDF5, 0x00A5,
  0x0357, 0x0604, 0x08AC, 0x0B43,  0x0DD9, 0x1049, 0x12BE, 0x1508,
  0x1744, 0x195C, 0x1B5D, 0x1D35,  0x1EEC, 0x207F, 0x21EB, 0x2326,
  0x243F, 0x2526, 0x25E7, 0x266D,  0x26CE, 0x26FF, 0x26FD, 0x26CA,
  0x266E, 0x25DE, 0x2520, 0x2434,  0x2321, 0x21DF, 0x2070, 0x1EE0,
  0x1D29, 0x1B4B, 0x194C, 0x1734,  0x14F8, 0x12A8, 0x103B, 0x0DC4,
  0x0B32, 0x0897, 0x05F4, 0x0343,  0x0096, 0xFDE1, 0xFB34, 0xF88A,
  0xF5E9, 0xF358, 0xF0D0, 0xEE62,  0xEC05, 0xE9BF, 0xE79A, 0xE58B,
  0xE3A9, 0xE1D6, 0xE03D, 0xDEBC,  0xDD6D, 0xDC40, 0xDB42, 0xDA7A,
  0xD9CD, 0xD960, 0xD919, 0xD909,  0xD91B, 0xD96B, 0xD9E5, 0xDA8B,
  0xDB62, 0xDC60, 0xDD98, 0xDEE6,  0xE06B, 0xE214, 0xE3DC, 0xE5CD,
  0xE7D8, 0xEA07, 0xEC4D, 0xEEA9,  0xF120, 0xF3A4, 0xF638, 0xF8DB,
  0xFB84, 0xFE33, 0x00E3, 0x0396,  0x063D, 0x08E8, 0x0B7A, 0x0E0B,
  0x107F, 0x12EB, 0x1535, 0x176D,  0x1980, 0x1B81, 0x1D50, 0x1F06,
  0x2096, 0x21F9, 0x2336, 0x2444,  0x252F, 0x25E0, 0x266D, 0x26C0,
  0x26F7, 0x26E6, 0x26B6, 0x2652,  0x25C1, 0x24FC, 0x240E, 0x22FA,
  0x21AD, 0x2044, 0x1EAB, 0x1CF4,  0x1B13, 0x1912, 0x16F8, 0x14BB,
  0x1267, 0x0FFF, 0x0D81, 0x0AF2,  0x0858, 0x05B1, 0x0306, 0x0055,
  0xFDA4, 0xFAF8, 0xF84F, 0xF5B3,  0xF31F, 0xF09F, 0xEE2F, 0xEBDA,
  0xE993, 0xE772, 0xE56C, 0xE384,  0xE1C1, 0xE020, 0xDEAE, 0xDD5B,
  0xDC35, 0xDB41, 0xDA73, 0xD9D5,  0xD963, 0xD929, 0xD916, 0xD931,
  0xD985, 0xDA00, 0xDAAD, 0xDB83,  0xDC8E, 0xDDBF, 0xDF17, 0xE09C,
  0xE248, 0xE414, 0xE604, 0xE816,  0xEA42, 0xEC8C, 0xEEE6, 0xF162,
  0xF3E3, 0xF67A, 0xF91B, 0xFBC3,  0xFE74, 0x011F, 0x03D5, 0x0678,
  0x091F, 0x0BB5, 0x0E3B, 0x10B5,  0x1319, 0x1560, 0x1794, 0x19A8,
  0x1B9E, 0x1D72, 0x1F1B, 0x20AE,  0x2207, 0x2344, 0x244B, 0x2533,
  0x25DF, 0x2664, 0x26BD, 0x26E3,  0x26D4, 0x26A0, 0x2638, 0x25A0,
  0x24DB, 0x23E6, 0x22D0, 0x2182,  0x2010, 0x1E7E, 0x1CB8, 0x1ADE,
  0x18D7, 0x16BC, 0x147F, 0x1226,  0x0FC1, 0x0D41, 0x0AB0, 0x0819,
  0x056F, 0x02C8, 0x0016, 0xFD67,  0xFABB, 0xF816, 0xF579, 0xF2EC,
  0xF069, 0xEE01, 0xEBAB, 0xE96A,  0xE74D, 0xE548, 0xE365, 0xE1A6,
  0xE00A, 0xDE9C, 0xDD4B, 0xDC2C,  0xDB3D, 0xDA70, 0xD9D9, 0xD96B,
  0xD937, 0xD923, 0xD949, 0xD99C,  0xDA1F, 0xDACC, 0xDBA9, 0xDCB9,
  0xDDE5, 0xDF4A, 0xE0CC, 0xE27D,  0xE44D, 0xE639, 0xE856, 0xEA7C,
  0xECCA, 0xEF26, 0xF1A2, 0xF422,  0xF6BE, 0xF956, 0xFC09, 0xFEAC,
  0x0165, 0x040A, 0x06B8, 0x0955,  0x0BED, 0x0E6F, 0x10E7, 0x1346,
  0x158D, 0x17BA, 0x19CF, 0x1BBE,  0x1D8C, 0x1F37, 0x20C0, 0x221A,
  0x234B, 0x2459, 0x2531, 0x25DF,  0x265F, 0x26B1, 0x26D5, 0x26C2,
  0x2687, 0x2620, 0x257C, 0x24B9,  0x23C3, 0x22A3, 0x2154, 0x1FE2,
  0x1E45, 0x1C8A, 0x1A9E, 0x18A3,  0x167D, 0x1441, 0x11E8, 0x0F83,
  0x0CFE, 0x0A72, 0x07D7, 0x0530,  0x0288, 0xFFD7, 0xFD2A, 0xFA81,
  0xF7D9, 0xF545, 0xF2B2, 0xF03A,  0xEDD1, 0xEB7B, 0xE944, 0xE724,
  0xE528, 0xE345, 0xE18C, 0xDFF4,  0xDE8A, 0xDD3A, 0xDC28, 0xDB34,
  0xDA71, 0xD9DB, 0xD977, 0xD940,  0xD937, 0xD95B, 0xD9BA, 0xDA39,
  0xDAEF, 0xDBCE, 0xDCE2, 0xDE14,  0xDF77, 0xE104, 0xE2B2, 0xE484,
  0xE67A, 0xE88E, 0xEABF, 0xED08,  0xEF6B, 0xF1E1, 0xF467, 0xF6FC,
  0xF99D, 0xFC46, 0xFEEF, 0x019E,  0x044A, 0x06EE, 0x0990, 0x0C1D,
  0x0EA2, 0x1112, 0x1370, 0x15B1,  0x17DD, 0x19E9, 0x1BD4, 0x1DA0,
  0x1F45, 0x20C9, 0x2219, 0x234E,  0x244C, 0x252A, 0x25C9, 0x264A,
  0x2697, 0x26AE, 0x26A3, 0x265A,  0x25F1, 0x254B, 0x2481, 0x238B,
  0x2263, 0x2115, 0x1F9F, 0x1E00,  0x1C41, 0x1A57, 0x1859, 0x1631,
  0x13F5, 0x11A1, 0x0F33, 0x0CB9,  0x0A27, 0x0790, 0x04ED, 0x0244,
  0xFF99, 0xFCEE, 0xFA47, 0xF7A6,  0xF513, 0xF286, 0xF016, 0xEDA9,
  0xEB64, 0xE927, 0xE717, 0xE518,  0xE33F, 0xE18C, 0xDFFA, 0xDE92,
  0xDD50, 0xDC3B, 0xDB52, 0xDA91,  0xDA07, 0xD9A2, 0xD972, 0xD96C,
  0xD99C, 0xD9F5, 0xDA81, 0xDB32,  0xDC20, 0xDD27, 0xDE69, 0xDFC8,
  0xE156, 0xE306, 0xE4D7, 0xE6D1,  0xE8E2, 0xEB12, 0xED5D, 0xEFBA,
  0xF233, 0xF4B2, 0xF74B, 0xF9E3,  0xFC89, 0xFF34, 0x01D9, 0x0486,
  0x0722, 0x09BF, 0x0C49, 0x0EC9,  0x1134, 0x1389, 0x15C9, 0x17EC,
  0x19F3, 0x1BDA, 0x1D9E, 0x1F3F,  0x20B8, 0x220A, 0x2335, 0x2431,
  0x24FF, 0x25A7, 0x261B, 0x2663,  0x267B, 0x2662, 0x2621, 0x25A7,
  0x2509, 0x2439, 0x233A, 0x2217,  0x20C4, 0x1F4D, 0x1DAD, 0x1BEB,
  0x1A04, 0x1805, 0x15DB, 0x13A5,  0x114B, 0x0EE6, 0x0C66, 0x09DF,
  0x0745, 0x04A7, 0x0200, 0xFF5B,  0xFCB2, 0xFA10, 0xF775, 0xF4E2,
  0xF263, 0xEFED, 0xED91, 0xEB46,  0xE919, 0xE708, 0xE50F, 0xE342,
  0xE18F, 0xE003, 0xDEA3, 0xDD65,  0xDC59, 0xDB6F, 0xDABB, 0xDA30,
  0xD9D3, 0xD9A6, 0xD9A8, 0xD9D8,  0xDA36, 0xDAC4, 0xDB80, 0xDC65,
  0xDD7A, 0xDEB3, 0xE01E, 0xE1A6,  0xE359, 0xE52F, 0xE723, 0xE935,
  0xEB68, 0xEDAE, 0xF00D, 0xF27F,  0xF503, 0xF792, 0xFA2E, 0xFCCB,
  0xFF76, 0x0215, 0x04BF, 0x0757,  0x09ED, 0x0C75, 0x0EEF, 0x1150,
  0x13A9, 0x15DA, 0x17FF, 0x19F9,  0x1BE0, 0x1D9C, 0x1F37, 0x20A9,
  0x21F9, 0x231B, 0x2411, 0x24DC,  0x2580, 0x25EB, 0x262F, 0x2645,
  0x2628, 0x25DE, 0x2566, 0x24C1,  0x23F1, 0x22EC, 0x21C9, 0x2074,
  0x1EFB, 0x1D58, 0x1B99, 0x19B1,  0x17AC, 0x158B, 0x1350, 0x10FC,
  0x0E93, 0x0C1A, 0x0992, 0x06FE,  0x045E, 0x01C3, 0xFF17, 0xFC7B,
  0xF9D9, 0xF742, 0xF4B9, 0xF238,  0xEFCD, 0xED70, 0xEB33, 0xE905,
  0xE6FB, 0xE50A, 0xE340, 0xE193,  0xE00C, 0xDEB2, 0xDD7B, 0xDC70,
  0xDB8D, 0xDAE0, 0xDA57, 0xD9FB,  0xD9DA, 0xD9DA, 0xDA12, 0xDA6D,
  0xDB05, 0xDBC0, 0xDCA9, 0xDDBC,  0xDF01, 0xE064, 0xE1EF, 0xE3A9,
  0xE577, 0xE773, 0xE97F, 0xEBB6,  0xEDF9, 0xF059, 0xF2C8, 0xF54C,
  0xF7D6, 0xFA73, 0xFD0E, 0xFFB3,  0x0256, 0x04F2, 0x0792, 0x0A1D,
  0x0CA5, 0x0F18, 0x117A, 0x13C8,  0x15FE, 0x1814, 0x1A11, 0x1BF2,
  0x1DA8, 0x1F3E, 0x20AE, 0x21F9,  0x2315, 0x2406, 0x24D2, 0x2569,
  0x25D9, 0x2610, 0x262A, 0x2606,  0x25B5, 0x2540, 0x2494, 0x23C1,
  0x22BA, 0x2194, 0x203D, 0x1EC0,  0x1D1F, 0x1B5A, 0x1975, 0x176A,
  0x154C, 0x130F, 0x10B9, 0x0E52,  0x0BD9, 0x0951, 0x06BC, 0x0422,
  0x017F, 0xFEDF, 0xFC3D, 0xF99F,  0xF70C, 0xF483, 0xF205, 0xEF9D,
  0xED42, 0xEB0A, 0xE8DC, 0xE6D9,  0xE4E8, 0xE326, 0xE177, 0xDFFB,
  0xDEA1, 0xDD71, 0xDC65, 0xDB8D,  0xDAE0, 0xDA5C, 0xDA08, 0xD9E5,
  0xD9F0, 0xDA25, 0xDA89, 0xDB26,  0xDBDF, 0xDCD0, 0xDDE7, 0xDF2C,
  0xE093, 0xE223, 0xE3DC, 0xE5B0,  0xE7AB, 0xE9BA, 0xEBF3, 0xEE36,
  0xF097, 0xF307, 0xF58C, 0xF815,  0xFAB3, 0xFD4B, 0xFFF1, 0x0291,
  0x052F, 0x07C8, 0x0A56, 0x0CD9,  0x0F4A, 0x11A9, 0x13F4, 0x1626,
  0x183B, 0x1A32, 0x1C11, 0x1DC0,  0x1F56, 0x20C0, 0x2206, 0x231E,
  0x240B, 0x24D4, 0x2565, 0x25CF,  0x2605, 0x261B, 0x25ED, 0x25A1,
  0x2520, 0x2475, 0x2399, 0x2296,  0x2167, 0x2011, 0x1E8C, 0x1CEB,
  0x1B28, 0x1935, 0x1737, 0x150C,  0x12D4, 0x107A, 0x0E13, 0x0B9A,
  0x0912, 0x067C, 0x03E4, 0x0142,  0xFEA0, 0xFC04, 0xF963, 0xF6D7,
  0xF44B, 0xF1D4, 0xEF6A, 0xED17,  0xEADF, 0xE8B6, 0xE6B3, 0xE4CC,
  0xE307, 0xE160, 0xDFEA, 0xDE8E,  0xDD67, 0xDC5D, 0xDB8D, 0xDADF,
  0xDA65, 0xDA0E, 0xD9FA, 0xD9FD,  0xDA3E, 0xDAA7, 0xDB41, 0xDC06,
  0xDCF2, 0xDE13, 0xDF5A, 0xE0BF,  0xE25A, 0xE40F, 0xE5E9, 0xE7E1,
  0xE9F9, 0xEC2D, 0xEE74, 0xF0D6,  0xF346, 0xF5CB, 0xF855, 0xFAF0,
  0xFD8A, 0x002F, 0x02CB, 0x056C,  0x07FE, 0x0A8F, 0x0D0B, 0x0F7D,
  0x11D7, 0x1420, 0x164F, 0x185E,  0x1A57, 0x1C2C, 0x1DDA, 0x1F6C,
  0x20D0, 0x2218, 0x2320, 0x2416,  0x24D0, 0x2562, 0x25C6, 0x25FA,
  0x2609, 0x25D6, 0x2589, 0x2502,  0x2456, 0x2373, 0x226C, 0x2140,
  0x1FDC, 0x1E5F, 0x1CB8, 0x1AEE,  0x1901, 0x16F9, 0x14D2, 0x1297,
  0x103A, 0x0DD8, 0x0B58, 0x08D3,  0x063F, 0x03A3, 0x0106, 0xFE65,
  0xFBC4, 0xF930, 0xF69A, 0xF419,  0xF1A0, 0xEF3B, 0xECE9, 0xEAB5,
  0xE890, 0xE68F, 0xE4AF, 0xE2E9,  0xE14A, 0xDFD5, 0xDE82, 0xDD59,
  0xDC57, 0xDB8D, 0xDAE0, 0xDA69,  0xDA1E, 0xDA04, 0xDA15, 0xDA52,
  0xDAC4, 0xDB62, 0xDC24, 0xDD1D,  0xDE3D, 0xDF83, 0xE0F5, 0xE287,
  0xE447, 0xE621, 0xE817, 0xEA3A,  0xEC63, 0xEEB7, 0xF110, 0xF389,
  0xF606, 0xF898, 0xFB2B, 0xFDCC,  0x0068, 0x030A, 0x05A3, 0x083A,
  0x0AC2, 0x0D42, 0x0FAA, 0x1209,  0x144A, 0x1677, 0x1883, 0x1A78,
  0x1C48, 0x1DF5, 0x1F7E, 0x20E7,  0x221E, 0x232C, 0x241A, 0x24CF,
  0x255F, 0x25B9, 0x25F4, 0x25EF,  0x25C8, 0x2569, 0x24EB, 0x242F,
  0x2350, 0x2245, 0x2113, 0x1FAD,  0x1E2F, 0x1C82, 0x1AB9, 0x18C8,
  0x16BD, 0x149A, 0x1255, 0x1000,  0x0D98, 0x0B18, 0x0897, 0x05FC,
  0x0368, 0x00C7, 0xFE29, 0xFB8B,  0xF8F4, 0xF665, 0xF3E3, 0xF16D,
  0xEF0D, 0xECBC, 0xEA8B, 0xE868,  0xE670, 0xE48D, 0xE2D0, 0xE132,
  0xDFC3, 0xDE73, 0xDD4C, 0xDC56,  0xDB87, 0xDAE5, 0xDA6E, 0xDA2A,
  0xDA15, 0xDA27, 0xDA69, 0xDAE3,  0xDB7D, 0xDC4C, 0xDD40, 0xDE6A,
  0xDFB0, 0xE122, 0xE2BF, 0xE479,  0xE658, 0xE854, 0xEA71, 0xECA4,
  0xEEEF, 0xF154, 0xF3C3, 0xF64A,  0xF8D2, 0xFB6D, 0xFE08, 0x00A6,
  0x0345, 0x05DD, 0x0872, 0x0AF7,  0x0D78, 0x0FD8, 0x123A, 0x1473,
  0x169F, 0x18A7, 0x1A9A, 0x1C62,  0x1E0F, 0x1F94, 0x20F7, 0x2229,
  0x2335, 0x241D, 0x24D0, 0x2557,  0x25B4, 0x25E2, 0x25E1, 0x25AE,
  0x2553, 0x24CB, 0x240D, 0x232B,  0x221E, 0x20E5, 0x1F80, 0x1DFB,
  0x1C52, 0x1A7C, 0x1896, 0x167E,  0x1462, 0x1214, 0x0FC5, 0x0D56,
  0x0ADE, 0x0852, 0x05C2, 0x0328,  0x0089, 0xFDEE, 0xFB50, 0xF8BA,
  0xF631, 0xF3AB, 0xF13D, 0xEEDC,  0xEC91, 0xEA62, 0xE840, 0xE650,
  0xE46E, 0xE2B4, 0xE11E, 0xDFAF,  0xDE65, 0xDD41, 0xDC52, 0xDB85,
  0xDAE7, 0xDA78, 0xDA33, 0xDA28,  0xDA35, 0xDA89, 0xDAF9, 0xDBA1,
  0xDC6B, 0xDD6C, 0xDE92, 0xDFDC,  0xE156, 0xE2EF, 0xE4B2, 0xE68C,
  0xE890, 0xEAAB, 0xECE2, 0xEF2B,  0xF194, 0xF402, 0xF686, 0xF914,
  0xFBA9, 0xFE47, 0x00E3, 0x0380,  0x0616, 0x08AA, 0x0B2E, 0x0DA8,
  0x100C, 0x1266, 0x149E, 0x16C6,  0x18CC, 0x1AB7, 0x1C83, 0x1E22,
  0x1FAF, 0x2101, 0x2237, 0x233D,  0x2421, 0x24CE, 0x2551, 0x25AB,
  0x25D4, 0x25CE, 0x2597, 0x253D,  0x24A7, 0x23EF, 0x2303, 0x21F7,
  0x20B8, 0x1F50, 0x1DCC, 0x1C19,  0x1A4B, 0x1856, 0x164C, 0x141F,
  0x11DB, 0x0F85, 0x0D19, 0x0A9D,  0x0815, 0x0582, 0x02EB, 0x004C,
  0xFDB1, 0xFB16, 0xF882, 0xF5FA,  0xF377, 0xF10B, 0xEEAC, 0xEC68,
  0xEA34, 0xE821, 0xE62A, 0xE450,  0xE29C, 0xE104, 0xDFA3, 0xDE50,
  0xDD3E, 0xDC48, 0xDB87, 0xDAE9,  0xDA7F, 0xDA43, 0xDA33, 0xDA4D,
  0xDAA0, 0xDB17, 0xDBBF, 0xDC91,  0xDD93, 0xDEBD, 0xE007, 0xE18A,
  0xE320, 0xE4EA, 0xE6C1, 0xE8CC,  0xEAE6, 0xED1C, 0xEF6C, 0xF1D0,
  0xF441, 0xF6C6, 0xF951, 0xFBEA,  0xFE82, 0x0120, 0x03BB, 0x0650,
  0x08E1, 0x0B63, 0x0DDC, 0x103B,  0x1296, 0x14C5, 0x16EE, 0x18EF,
  0x1ADA, 0x1C99, 0x1E41, 0x1FBC,  0x2115, 0x2240, 0x2347, 0x2422,
  0x24CD, 0x2549, 0x25A5, 0x25C3,  0x25BB, 0x2583, 0x251E, 0x248E,
  0x23C6, 0x22E5, 0x21C9, 0x208C,  0x1F21, 0x1D99, 0x1BE8, 0x1A0F,
  0x1822, 0x160E, 0x13E4, 0x119E,  0x0F47, 0x0CDB, 0x0A5D, 0x07D7,
  0x0543, 0x02AD, 0x0011, 0xFD73,  0xFADE, 0xF848, 0xF5C4, 0xF343,
  0xF0DA, 0xEE7E, 0xEC3B, 0xEA0C,  0xE7FC, 0xE609, 0xE433, 0xE27F,
  0xE0F5, 0xDF89, 0xDE4A, 0xDD2F,  0xDC48, 0xDB84, 0xDAEC, 0xDA89,
  0xDA50, 0xDA41, 0xDA64, 0xDAB7,  0xDB37, 0xDBDB, 0xDCB9, 0xDDB9,
  0xDEE7, 0xE039, 0xE1B5, 0xE35A,  0xE518, 0xE700, 0xE902, 0xEB22,
  0xED58, 0xEFAB, 0xF20D, 0xF481,  0xF702, 0xF993, 0xFC25, 0xFEC2,
  0x015B, 0x03F5, 0x068A, 0x0919,  0x0B97, 0x0E0E, 0x106E, 0x12BE,
  0x14F4, 0x1710, 0x1916, 0x1AF6,  0x1CB6, 0x1E58, 0x1FD1, 0x2123,
  0x224B, 0x234F, 0x2423, 0x24CA,  0x2547, 0x2597, 0x25B6, 0x25A7,
  0x256B, 0x2507, 0x246A, 0x23A7,  0x22BD, 0x21A1, 0x205E, 0x1EF2,
  0x1D69, 0x1BAF, 0x19DC, 0x17E6,  0x15D6, 0x13A6, 0x1163, 0x0F08,
  0x0C9C, 0x0A1F, 0x0798, 0x0506,  0x026E, 0xFFD4, 0xFD3A, 0xFAA0,
  0xF815, 0xF589, 0xF314, 0xF0A4,  0xEE55, 0xEC0A, 0xE9E8, 0xE7D6,
  0xE5E9, 0xE414, 0xE267, 0xE0DE,  0xDF7B, 0xDE39, 0xDD2A, 0xDC42,
  0xDB83, 0xDAF2, 0xDA92, 0xDA5B,  0xDA53, 0xDA79, 0xDAD2, 0xDB51,
  0xDBFF, 0xDCDB, 0xDDE4, 0xDF0F,  0xE067, 0xE1EB, 0xE387, 0xE553,
  0xE734, 0xE93F, 0xEB5C, 0xED95,  0xEFE8, 0xF24B, 0xF4C0, 0xF742,
  0xF9CF, 0xFC66, 0xFEFB, 0x019A,  0x042E, 0x06C4, 0x094F, 0x0BCC,
  0x0E41, 0x109B, 0x12EE, 0x151A,  0x1739, 0x1939, 0x1B12, 0x1CD4,
  0x1E6D, 0x1FE6, 0x2130, 0x2257,  0x2355, 0x2425, 0x24C7, 0x2541,
  0x258D, 0x25A5, 0x2594, 0x2556,  0x24E9, 0x244B, 0x2386, 0x2296,
  0x2177, 0x2030, 0x1EC4, 0x1D36,  0x1B7B, 0x19A2, 0x17B2, 0x1596,
  0x136E, 0x1124, 0x0ECA, 0x0C5F,  0x09DF, 0x075A, 0x04C8, 0x0230,
  0xFF98, 0xFCFE, 0xFA68, 0xF7DC,  0xF553, 0xF2E1, 0xF074, 0xEE26,
  0xEBE0, 0xE9BF, 0xE7B4, 0xE5C7,  0xE3F7, 0xE24F, 0xE0C9, 0xDF69,
  0xDE2E, 0xDD21, 0xDC3F, 0xDB82,  0xDAF6, 0xDA9E, 0xDA66, 0xDA64,
  0xDA90, 0xDAEB, 0xDB6F, 0xDC1E,  0xDD03, 0xDE09, 0xDF3C, 0xE096,
  0xE21B, 0xE3BD, 0xE586, 0xE76E,  0xE97A, 0xEB94, 0xEDD5, 0xF024,
  0xF28A, 0xF4FE, 0xF780, 0xFA0F,  0xFCA1, 0xFF3C, 0x01D1, 0x046D,
  0x06FA, 0x0986, 0x0C02, 0x0E6F,  0x10D1, 0x1312, 0x1549, 0x175D,
  0x195A, 0x1B32, 0x1CED, 0x1E85,  0x1FF8, 0x213E, 0x2261, 0x235E,
  0x2422, 0x24C7, 0x2539, 0x2582,  0x2595, 0x2581, 0x253E, 0x24CE,
  0x242A, 0x2363, 0x2271, 0x214A,  0x2005, 0x1E96, 0x1D00, 0x1B46,
  0x196D, 0x1776, 0x155F, 0x132F,  0x10E7, 0x0E8E, 0x0C1E, 0x09A3,
  0x071B, 0x0489, 0x01F4, 0xFF5B,  0xFCC3, 0xFA30, 0xF7A2, 0xF521,
  0xF2AA, 0xF048, 0xEDF4, 0xEBBA,  0xE994, 0xE793, 0xE5A4, 0xE3DD,
  0xE236, 0xE0B6, 0xDF55, 0xDE25,  0xDD17, 0xDC3E, 0xDB7F, 0xDAFF,
  0xDAA5, 0xDA73, 0xDA79, 0xDAA3,  0xDB08, 0xDB88, 0xDC43, 0xDD29,
  0xDE2F, 0xDF69, 0xE0C4, 0xE24C,  0xE3F1, 0xE5BC, 0xE7A8, 0xE9B1,
  0xEBD2, 0xEE10, 0xF062, 0xF2C9,  0xF53A, 0xF7C2, 0xFA4A, 0xFCE0,
  0xFF79, 0x020B, 0x04A9, 0x072F,  0x09C0, 0x0C33, 0x0EA4, 0x10FC,
  0x1342, 0x156E, 0x1786, 0x1979,  0x1B51, 0x1D08, 0x1E9B, 0x200B,
  0x2149, 0x226F, 0x2360, 0x2425,  0x24C2, 0x2535, 0x2573, 0x2587,
  0x256B, 0x2529, 0x24AE, 0x240D,  0x2341, 0x2246, 0x2123, 0x1FD6,
  0x1E67, 0x1CCD, 0x1B11, 0x1936,  0x173D, 0x1524, 0x12F1, 0x10AD,
  0x0E50, 0x0BDE, 0x0966, 0x06DB,  0x044D, 0x01B5, 0xFF22, 0xFC85,
  0xF9F9, 0xF76A, 0xF4EB, 0xF279,  0xF017, 0xEDC7, 0xEB8E, 0xE971,
  0xE76C, 0xE587, 0xE3BF, 0xE21F,  0xE0A1, 0xDF46, 0xDE17, 0xDD16,
  0xDC34, 0xDB83, 0xDB06, 0xDAAB,  0xDA85, 0xDA86, 0xDAC0, 0xDB1C,
  0xDBAA, 0xDC64, 0xDD4C, 0xDE5A,  0xDF93, 0xE0F5, 0xE27D, 0xE424,
  0xE5F3, 0xE7E0, 0xE9EC, 0xEC0B,  0xEE4F, 0xF0A0, 0xF303, 0xF57D,
  0xF7FD, 0xFA8A, 0xFD1E, 0xFFB2,  0x024B, 0x04DE, 0x076D, 0x09F0,
  0x0C6B, 0x0ED2, 0x112E, 0x136A,  0x1599, 0x17A9, 0x199C, 0x1B6C,
  0x1D26, 0x1EAD, 0x201E, 0x2156,  0x227A, 0x2363, 0x2426, 0x24C0,
  0x252B, 0x2569, 0x2573, 0x255B,  0x250E, 0x2492, 0x23ED, 0x231E,
  0x221E, 0x20F8, 0x1FA9, 0x1E39,  0x1C96, 0x1ADF, 0x18FC, 0x1706,
  0x14E7, 0x12B7, 0x1070, 0x0E0E,  0x0BA5, 0x0923, 0x06A1, 0x040E,
  0x0177, 0xFEE7, 0xFC49, 0xF9C3,  0xF731, 0xF4B8, 0xF244, 0xEFE9,
  0xED99, 0xEB66, 0xE94A, 0xE748,  0xE568, 0xE3A2, 0xE20C, 0xE089,
  0xDF38, 0xDE0D, 0xDD0D, 0xDC31,  0xDB88, 0xDB08, 0xDAB9, 0xDA90,
  0xDA9A, 0xDAD9, 0xDB33, 0xDBCA,  0xDC86, 0xDD73, 0xDE81, 0xDFC0,
  0xE124, 0xE2AF, 0xE456, 0xE62D,  0xE817, 0xEA24, 0xEC4A, 0xEE88,
  0xF0DF, 0xF343, 0xF5B9, 0xF83C,  0xFAC8, 0xFD59, 0xFFF2, 0x0283,
  0x051A, 0x07A3, 0x0A27, 0x0C9E,  0x0F04, 0x115A, 0x1397, 0x15C0,
  0x17CF, 0x19BB, 0x1B8B, 0x1D3D,  0x1EC7, 0x2029, 0x2169, 0x2280,
  0x2367, 0x2429, 0x24B9, 0x2527,  0x2557, 0x2566, 0x2547, 0x24F1,
  0x247A, 0x23C8, 0x22FE, 0x21F5,  0x20CC, 0x1F7F, 0x1E04, 0x1C66,
  0x1AA7, 0x18C9, 0x16C9, 0x14AD,  0x127C, 0x1031, 0x0DD4, 0x0B62,
  0x08EA, 0x065E, 0x03D4, 0x0138,  0xFEAD, 0xFC0E, 0xF98A, 0xF6FA,
  0xF483, 0xF214, 0xEFB8, 0xED6D,  0xEB3B, 0xE926, 0xE725, 0xE547,
  0xE38C, 0xE1EE, 0xE07B, 0xDF26,  0xDE04, 0xDD07, 0xDC2C, 0xDB8B,
  0xDB10, 0xDAC1, 0xDAA0, 0xDAAE,  0xDAED, 0xDB4F, 0xDBE9, 0xDCA9,
  0xDD98, 0xDEAA, 0xDFED, 0xE153,  0xE2E0, 0xE48B, 0xE664, 0xE84F,
  0xEA5F, 0xEC83, 0xEEC9, 0xF119,  0xF382, 0xF5F6, 0xF87D, 0xFB03,
  0xFD99, 0x002A, 0x02C2, 0x0550,  0x07DE, 0x0A59, 0x0CD3, 0x0F34,
  0x1188, 0x13C2, 0x15E7, 0x17F4,  0x19D9, 0x1BAB, 0x1D55, 0x1EDB,
  0x203A, 0x2177, 0x2287, 0x236D,  0x2426, 0x24BA, 0x2518, 0x2550,
  0x2550, 0x2536, 0x24D7, 0x245A,  0x23AC, 0x22D7, 0x21CC, 0x20A4,
  0x1F4F, 0x1DD4, 0x1C33, 0x1A71,  0x1891, 0x1690, 0x1471, 0x1242,
  0x0FF2, 0x0D96, 0x0B27, 0x08A7,  0x0625, 0x0392, 0x00FF, 0xFE6F,
  0xFBD7, 0xF94E, 0xF6C7, 0xF44C,  0xF1E4, 0xEF88, 0xED41, 0xEB13,
  0xE8FF, 0xE703, 0xE529, 0xE36F,  0xE1DC, 0xE062, 0xDF1D, 0xDDF8,
  0xDCFE, 0xDC2D, 0xDB8C, 0xDB19,  0xDACA, 0xDAAE, 0xDAC6, 0xDAFF,
  0xDB6E, 0xDC05, 0xDCCF, 0xDDBB,  0xDED5, 0xE019, 0xE183, 0xE311,
  0xE4C1, 0xE69A, 0xE887, 0xEA99,  0xECBF, 0xEF07, 0xF154, 0xF3C2,
  0xF633, 0xF8BA, 0xFB43, 0xFDD3,  0x006A, 0x02F8, 0x058D, 0x0811,
  0x0A93, 0x0D02, 0x0F68, 0x11B2,  0x13EE, 0x160F, 0x1816, 0x19FB,
  0x1BC7, 0x1D6D, 0x1EF0, 0x204A,  0x2184, 0x2290, 0x236D, 0x2429,
  0x24B3, 0x2511, 0x253F, 0x2543,  0x251D, 0x24BE, 0x243E, 0x238A,
  0x22B4, 0x21A1, 0x207D, 0x1F1E,  0x1DA5, 0x1BFD, 0x1A3E, 0x1859,
  0x1654, 0x143A, 0x1201, 0x0FBA,  0x0D54, 0x0AEB, 0x086A, 0x05E4,
  0x0358, 0x00C2, 0xFE33, 0xFB9D,  0xF918, 0xF68D, 0xF41D, 0xF1AF,
  0xEF5A, 0xED16, 0xEAEA, 0xE8D9,  0xE6E2, 0xE509, 0xE35A, 0xE1BF,
  0xE054, 0xDF0C, 0xDDF1, 0xDCF6,  0xDC2D, 0xDB8F, 0xDB1F, 0xDAD5,
  0xDABF, 0xDAD9, 0xDB16, 0xDB8A,  0xDC25, 0xDCF2, 0xDDE1, 0xDEFE,
  0xE047, 0xE1B3, 0xE341, 0xE4F9,  0xE6CE, 0xE8C2, 0xEAD0, 0xED00,
  0xEF3C, 0xF199, 0xF3FA, 0xF675,  0xF8F6, 0xFB80, 0xFE11, 0x00A4,
  0x0335, 0x05C3, 0x084A, 0x0AC6,  0x0D37, 0x0F95, 0x11E0, 0x1419,
  0x1636, 0x1838, 0x1A1B, 0x1BE4,  0x1D85, 0x1F04, 0x205A, 0x2190,
  0x2297, 0x2371, 0x2429, 0x24AE,  0x2505, 0x2533, 0x2532, 0x2506,
  0x24A5, 0x241E, 0x236D, 0x2289,  0x217F, 0x204D, 0x1EF3, 0x1D71,
  0x1BCB, 0x1A09, 0x1820, 0x161C,  0x13FD, 0x11C9, 0x0F77, 0x0D1C,
  0x0AA9, 0x082F, 0x05A7, 0x0316,  0x008C, 0xFDF2, 0xFB6A, 0xF8DA,
  0xF65C, 0xF3E6, 0xF180, 0xEF2C,  0xECE7, 0xEAC7, 0xE8B0, 0xE6C2,
  0xE4EC, 0xE33F, 0xE1AA, 0xE041,  0xDF00, 0xDDE6, 0xDCF0, 0xDC2D,
  0xDB94, 0xDB23, 0xDAE4, 0xDACD,  0xDAED, 0xDB2F, 0xDBA4, 0xDC49,
  0xDD11, 0xDE08, 0xDF29, 0xE075,  0xE1E1, 0xE375, 0xE52B, 0xE709,
  0xE8F6, 0xEB0F, 0xED38, 0xEF7C,  0xF1D3, 0xF439, 0xF6B4, 0xF932,
  0xFBC0, 0xFE4B, 0x00E1, 0x036E,  0x05FC, 0x0882, 0x0AF9, 0x0D6B,
  0x0FC4, 0x120C, 0x1444, 0x165A,  0x185D, 0x1A3A, 0x1C01, 0x1D9A,
  0x1F18, 0x206A, 0x219E, 0x229B,  0x2375, 0x2429, 0x24A6, 0x24FE,
  0x2523, 0x2522, 0x24EF, 0x2489,  0x2403, 0x234B, 0x2262, 0x2158,
  0x2021, 0x1EC5, 0x1D3F, 0x1B98,  0x19D3, 0x17E7, 0x15E3, 0x13C3,
  0x118C, 0x0F3A, 0x0CDE, 0x0A6C,  0x07F0, 0x056B, 0x02D8, 0x0050,
  0xFDB8, 0xFB30, 0xF8A3, 0xF625,  0xF3B6, 0xF14B, 0xEF01, 0xECBB,
  0xEA9F, 0xE88D, 0xE69F, 0xE4D1,  0xE322, 0xE198, 0xE02D, 0xDEF6,
  0xDDD9, 0xDCED, 0xDC2D, 0xDB96,  0xDB2D, 0xDAEC, 0xDAE2, 0xDB00,
  0xDB46, 0xDBC2, 0xDC67, 0xDD35,  0xDE30, 0xDF53, 0xE0A2, 0xE210,
  0xE3A7, 0xE563, 0xE73C, 0xE932,  0xEB46, 0xED77, 0xEFB6, 0xF211,
  0xF478, 0xF6EF, 0xF972, 0xFBFB,  0xFE8A, 0x011A, 0x03A9, 0x0635,
  0x08B7, 0x0B2F, 0x0D9B, 0x0FF3,  0x123B, 0x146B, 0x1683, 0x187B,
  0x1A5C, 0x1C1A, 0x1DB4, 0x1F28,  0x207E, 0x21A4, 0x22A3, 0x2379,
  0x2425, 0x24A3, 0x24EF, 0x251A,  0x250C, 0x24D9, 0x246D, 0x23E9,
  0x2324, 0x2241, 0x212C, 0x1FF7,  0x1E96, 0x1D0C, 0x1B67, 0x199C,
  0x17AD, 0x15AC, 0x1386, 0x1151,  0x0EFE, 0x0C9E, 0x0A31, 0x07B0,
  0x052E, 0x029E, 0x0011, 0xFD80,  0xFAF4, 0xF86E, 0xF5F0, 0xF381,
  0xF11E, 0xEECE, 0xEC96, 0xEA74,  0xE868, 0xE681, 0xE4B3, 0xE30A,
  0xE180, 0xE01E, 0xDEE9, 0xDDD0,  0xDCE8, 0xDC2E, 0xDB9A, 0xDB34,
  0xDAF9, 0xDAF5, 0xDB11, 0xDB61,  0xDBDE, 0xDC88, 0xDD59, 0xDE54,
  0xDF82, 0xE0CC, 0xE241, 0xE3DB,  0xE598, 0xE771, 0xE96D, 0xEB7F,
  0xEDB3, 0xEFF4, 0xF24C, 0xF4B8,  0xF72C, 0xF9AE, 0xFC3A, 0xFEC4,
  0x0157, 0x03E3, 0x066B, 0x08EF,  0x0B62, 0x0DCC, 0x1024, 0x1264,
  0x1498, 0x16A4, 0x18A1, 0x1A7A,  0x1C34, 0x1DCC, 0x1F39, 0x2090,
  0x21AB, 0x22AD, 0x2378, 0x2427,  0x2498, 0x24E7, 0x250A, 0x24FB,
  0x24BF, 0x2457, 0x23C6, 0x2305,  0x2218, 0x2106, 0x1FCC, 0x1E63,
  0x1CDE, 0x1B31, 0x1967, 0x1774,  0x1573, 0x134A, 0x1116, 0x0EBF,
  0x0C64, 0x09F0, 0x0774, 0x04F1,  0x0260, 0xFFD9, 0xFD41, 0xFABF,
  0xF834, 0xF5BD, 0xF34E, 0xF0ED,  0xEEA2, 0xEC6A, 0xEA4F, 0xE843,
  0xE660, 0xE49A, 0xE2EC, 0xE170,  0xE00C, 0xDEDC, 0xDDC8, 0xDCE4,
  0xDC2F, 0xDB9E, 0xDB3A, 0xDB0B,  0xDB02, 0xDB28, 0xDB79, 0xDBFC,
  0xDCA8, 0xDD7B, 0xDE7F, 0xDFAB,  0xE0FA, 0xE271, 0xE40D, 0xE5CF,
  0xE7A7, 0xE9A5, 0xEBBD, 0xEDEA,  0xF034, 0xF286, 0xF4F9, 0xF766,
  0xF9EF, 0xFC74, 0xFF02, 0x0191,  0x041C, 0x06A3, 0x0926, 0x0B94,
  0x0E01, 0x104C, 0x1296, 0x14BC,  0x16CC, 0x18C2, 0x1A96, 0x1C53,
  0x1DDB, 0x1F55, 0x2096, 0x21BB,  0x22AE, 0x237F, 0x2420, 0x2493,
  0x24DB, 0x24FD, 0x24E6, 0x24A7,  0x243C, 0x23A9, 0x22DF, 0x21F6,
  0x20DA, 0x1FA0, 0x1E35, 0x1CAA,  0x1B01, 0x192C, 0x173F, 0x1538,
  0x1310, 0x10D8, 0x0E84, 0x0C25,  0x09B4, 0x0737, 0x04AF, 0x022B,
  0xFF96, 0xFD0E, 0xFA81, 0xF801,  0xF586, 0xF31D, 0xF0BB, 0xEE77,
  0xEC41, 0xEA26, 0xE821, 0xE640,  0xE47D, 0xE2D5, 0xE15B, 0xDFFD,
  0xDECF, 0xDDBF, 0xDCE2, 0xDC30,  0xDBA1, 0xDB45, 0xDB17, 0xDB15,
  0xDB3C, 0xDB92, 0xDC1B, 0xDCC7,  0xDDA1, 0xDEA6, 0xDFD6, 0xE127,
  0xE2A2, 0xE442, 0xE602, 0xE7DF,  0xE9DE, 0xEBF7, 0xEE28, 0xF06D,
  0xF2C7, 0xF532, 0xF7A8, 0xFA28,  0xFCB4, 0xFF3B, 0x01CD, 0x0455,
  0x06DC, 0x0959, 0x0BCA, 0x0E2F,  0x107D, 0x12C1, 0x14E3, 0x16F2,
  0x18E2, 0x1AB7, 0x1C68, 0x1DF5,  0x1F64, 0x20A7, 0x21C2, 0x22B3,
  0x2383, 0x241C, 0x248A, 0x24D5,  0x24E6, 0x24D9, 0x248A, 0x2426,
  0x2387, 0x22BC, 0x21CF, 0x20B4,  0x1F70, 0x1E07, 0x1C79, 0x1ACB,
  0x18F7, 0x1707, 0x14FD, 0x12D6,  0x109C, 0x0E44, 0x0BEE, 0x096F,
  0x06FE, 0x0473, 0x01EC, 0xFF5C,  0xFCD5, 0xFA46, 0xF7CE, 0xF550,
  0xF2EA, 0xF08E, 0xEE49, 0xEC18,  0xE9FE, 0xE7FE, 0xE623, 0xE460,
  0xE2BD, 0xE147, 0xDFED, 0xDEC5,  0xDDB4, 0xDCE4, 0xDC2C, 0xDBA9,
  0xDB4F, 0xDB23, 0xDB28, 0xDB4F,  0xDBB0, 0xDC36, 0xDCE9, 0xDDC4,
  0xDED0, 0xE001, 0xE153, 0xE2D5,  0xE474, 0xE637, 0xE818, 0xEA15,
  0xEC34, 0xEE62, 0xF0A8, 0xF309,  0xF56B, 0xF7E7, 0xFA66, 0xFCEE,
  0xFF7A, 0x0205, 0x048F, 0x0712,  0x0990, 0x0BFC, 0x0E5F, 0x10AD,
  0x12EA, 0x150B, 0x1718, 0x18FF,  0x1ADC, 0x1C79, 0x1E11, 0x1F72,
  0x20B6, 0x21CA, 0x22BB, 0x2381,  0x2419, 0x2483, 0x24C8, 0x24D9,
  0x24C0, 0x2476, 0x240A, 0x2365,  0x229B, 0x21A7, 0x208C, 0x1F43,
  0x1DD6, 0x1C49, 0x1A95, 0x18C1,  0x16CF, 0x14C3, 0x129C, 0x105C,
  0x0E0D, 0x0BAA, 0x0939, 0x06BB,  0x0439, 0x01AE, 0xFF24, 0xFC98,
  0xFA12, 0xF793, 0xF520, 0xF2B6,  0xF05F, 0xEE1E, 0xEBED, 0xE9DA,
  0xE7DA, 0xE605, 0xE442, 0xE2A9,  0xE131, 0xDFE1, 0xDEB4, 0xDDB3,
  0xDCDD, 0xDC31, 0xDBAB, 0xDB5A,  0xDB34, 0xDB36, 0xDB68, 0xDBC9,
  0xDC54, 0xDD0A, 0xDDE9, 0xDEFA,  0xE02A, 0xE181, 0xE308, 0xE4A5,
  0xE66F, 0xE84C, 0xEA52, 0xEC6D,  0xEE9C, 0xF0E8, 0xF342, 0xF5AB,
  0xF825, 0xFAA0, 0xFD2E, 0xFFB2,  0x0241, 0x04C8, 0x0747, 0x09C7,
  0x0C2E, 0x0E8F, 0x10DB, 0x1313,  0x1535, 0x1737, 0x1929, 0x1AEC,
  0x1C9E, 0x1E1E, 0x1F88, 0x20C2,  0x21D0, 0x22C4, 0x2380, 0x2413,
  0x247F, 0x24B8, 0x24CD, 0x24A7,  0x2462, 0x23EB, 0x2347, 0x2276,
  0x2183, 0x2060, 0x1F16, 0x1DA7,  0x1C17, 0x1A60, 0x188B, 0x1695,
  0x148C, 0x125D, 0x1023, 0x0DCF,  0x0B6E, 0x08F9, 0x0681, 0x03FA,
  0x0174, 0xFEE8, 0xFC5F, 0xF9DA,  0xF75E, 0xF4EB, 0xF286, 0xF02F,
  0xEDF3, 0xEBC4, 0xE9B3, 0xE7BB,  0xE5E5, 0xE427, 0xE291, 0xE11F,
  0xDFD2, 0xDEAA, 0xDDAC, 0xDCDB,  0xDC31, 0xDBB1, 0xDB67, 0xDB40,
  0xDB4A, 0xDB7D, 0xDBE4, 0xDC73,  0xDD28, 0xDE14, 0xDF1E, 0xE057,
  0xE1AF, 0xE339, 0xE4DA, 0xE6A3,  0xE883, 0xEA8D, 0xECA4, 0xEEDC,
  0xF121, 0xF382, 0xF5E6, 0xF861,  0xFAE1, 0xFD64, 0xFFF4, 0x0276,
  0x0503, 0x077F, 0x09F8, 0x0C64,  0x0EBB, 0x110D, 0x133B, 0x155B,
  0x175E, 0x1944, 0x1B0F, 0x1CB0,  0x1E38, 0x1F97, 0x20CD, 0x21DC,
  0x22C5, 0x2381, 0x240F, 0x2475,  0x24B0, 0x24B7, 0x2495, 0x2448,
  0x23D1, 0x2323, 0x2256, 0x215A,  0x2037, 0x1EE7, 0x1D79, 0x1BE4,
  0x1A2C, 0x1853, 0x165E, 0x1451,  0x1222, 0x0FE8, 0x0D92, 0x0B30,
  0x08BD, 0x0643, 0x03BE, 0x0139,  0xFEAC, 0xFC28, 0xF9A0, 0xF72A,
  0xF4B6, 0xF255, 0xF004, 0xEDC2,  0xEBA1, 0xE987, 0xE7A0, 0xE5C1,
  0xE411, 0xE277, 0xE111, 0xDFBF,  0xDEA1, 0xDDA5, 0xDCDC, 0xDC2F,
  0xDBBD, 0xDB6D, 0xDB53, 0xDB57,  0xDB99, 0xDBFE, 0xDC90, 0xDD4C,
  0xDE36, 0xDF4B, 0xE07F, 0xE1E1,  0xE368, 0xE50F, 0xE6D6, 0xE8BF,
  0xEAC3, 0xECE1, 0xEF15, 0xF160,  0xF3BD, 0xF624, 0xF89F, 0xFB1B,
  0xFDA4, 0x002B, 0x02B2, 0x053A,  0x07B6, 0x0A2C, 0x0C97, 0x0EEB,
  0x1139, 0x1365, 0x1581, 0x1782,  0x1965, 0x1B29, 0x1CC9, 0x1E4D,
  0x1FA7, 0x20D8, 0x21E5, 0x22C9,  0x2381, 0x2409, 0x246E, 0x24A3,
  0x24A3, 0x2484, 0x242D, 0x23B5,  0x2302, 0x2232, 0x2134, 0x200B,
  0x1EBB, 0x1D48, 0x1BB4, 0x19F2,  0x1821, 0x1623, 0x1419, 0x11E5,
  0x0FAC, 0x0D55, 0x0AF3, 0x0880,  0x0607, 0x0382, 0x00FB, 0xFE74,
  0xFBED, 0xF96B, 0xF6F4, 0xF483,  0xF223, 0xEFD7, 0xED97, 0xEB77,
  0xE965, 0xE77D, 0xE5A5, 0xE3F3,  0xE266, 0xE0FA, 0xDFB6, 0xDE92,
  0xDDA4, 0xDCD7, 0xDC34, 0xDBC2,  0xDB7A, 0xDB5F, 0xDB6D, 0xDBB0,
  0xDC18, 0xDCAF, 0xDD6E, 0xDE5D,  0xDF73, 0xE0A9, 0xE214, 0xE396,
  0xE545, 0xE709, 0xE8FA, 0xEAFA,  0xED1C, 0xEF51, 0xF19D, 0xF3F8,
  0xF664, 0xF8D8, 0xFB5C, 0xFDDD,  0x0066, 0x02EE, 0x056F, 0x07EE,
  0x0A5E, 0x0CC8, 0x0F18, 0x1165,  0x138A, 0x15A6, 0x17A1, 0x197F,
  0x1B41, 0x1CDA, 0x1E5E, 0x1FAB,  0x20E0, 0x21E3, 0x22C5, 0x2374,
  0x23FC, 0x245A, 0x2488, 0x2489,  0x245F, 0x240D, 0x2385, 0x22D7,
  0x2201, 0x20FF, 0x1FD3, 0x1E80,  0x1D0D, 0x1B71, 0x19B5, 0x17DC,
  0x15E1, 0x13D1, 0x11A4, 0x0F66,  0x0D12, 0x0AAE, 0x083E, 0x05C5,
  0x0345, 0x00BE, 0xFE3A, 0xFBB6,  0xF935, 0xF6C6, 0xF455, 0xF1FD,
  0xEFB1, 0xED79, 0xEB5B, 0xE952,  0xE76B, 0xE599, 0xE3F0, 0xE265,
  0xE0FF, 0xDFBE, 0xDEA6, 0xDDB9,  0xDCEF, 0xDC57, 0xDBE5, 0xDBA6,
  0xDB8C, 0xDBA2, 0xDBE6, 0xDC55,  0xDCEB, 0xDDB5, 0xDEA0, 0xDFBA,
  0xE0F7, 0xE25E, 0xE3E6, 0xE591,  0xE75C, 0xE949, 0xEB4B, 0xED6A,
  0xEFA2, 0xF1E6, 0xF447, 0xF6AA,  0xF921, 0xFB9E, 0xFE1B, 0x00A5,
  0x0322, 0x05A6, 0x081A, 0x0A8B,  0x0CEA, 0x0F3D, 0x117A, 0x13A4,
  0x15B3, 0x17AD, 0x1982, 0x1B40,  0x1CD7, 0x1E4C, 0x1F9E, 0x20C4,
  0x21CC, 0x229D, 0x2350, 0x23D0,  0x242A, 0x2451, 0x2451, 0x2423,
  0x23C9, 0x2342, 0x2292, 0x21B6,  0x20B3, 0x1F82, 0x1E36, 0x1CB8,
  0x1B21, 0x1964, 0x1787, 0x1594,  0x137D, 0x1156, 0x0F18, 0x0CC4,
  0x0A66, 0x07F7, 0x0581, 0x0301,  0x0085, 0xFDFB, 0xFB86, 0xF903,
  0xF697, 0xF430, 0xF1D9, 0xEF95,  0xED62, 0xEB47, 0xE948, 0xE760,
  0xE59A, 0xE3F5, 0xE26C, 0xE110,  0xDFD4, 0xDEC0, 0xDDD8, 0xDD12,
  0xDC83, 0xDC15, 0xDBD6, 0xDBC5,  0xDBDD, 0xDC26, 0xDC95, 0xDD34,
  0xDDFC, 0xDEEB, 0xE006, 0xE149,  0xE2AA, 0xE439, 0xE5E2, 0xE7AF,
  0xE99A, 0xEB9A, 0xEDBC, 0xEFF0,  0xF234, 0xF490, 0xF6F4, 0xF966,
  0xFBDE, 0xFE5D, 0x00DD, 0x035C,  0x05D7, 0x0849, 0x0AB3, 0x0D10,
  0x0F5B, 0x1193, 0x13BA, 0x15C3,  0x17B5, 0x1986, 0x1B3F, 0x1CCE,
  0x1E40, 0x1F8A, 0x20AF, 0x21AC,  0x227C, 0x2327, 0x23A7, 0x23F3,
  0x2420, 0x2416, 0x23E7, 0x2386,  0x22FE, 0x224D, 0x2169, 0x2067,
  0x1F37, 0x1DE5, 0x1C68, 0x1ACD,  0x1916, 0x1734, 0x1542, 0x132D,
  0x1108, 0x0EC9, 0x0C79, 0x0A1C,  0x07B1, 0x053C, 0x02C4, 0x0044,
  0xFDC6, 0xFB4E, 0xF8D4, 0xF66E,  0xF407, 0xF1BA, 0xEF75, 0xED4C,
  0xEB38, 0xE93A, 0xE75A, 0xE59A,  0xE3F8, 0xE27A, 0xE11B, 0xDFEE,
  0xDEDB, 0xDDF3, 0xDD3F, 0xDCA8,  0xDC47, 0xDC06, 0xDBFF, 0xDC1A,
  0xDC63, 0xDCD7, 0xDD7B, 0xDE41,  0xDF34, 0xE053, 0xE193, 0xE2FA,
  0xE483, 0xE634, 0xE7FD, 0xE9E5,  0xEBEB, 0xEE07, 0xF03A, 0xF280,
  0xF4D4, 0xF73D, 0xF9A7, 0xFC1F,  0xFE9B, 0x0116, 0x0394, 0x0609,
  0x0879, 0x0ADE, 0x0D39, 0x0F7C,  0x11B5, 0x13D1, 0x15DA, 0x17C5,
  0x1995, 0x1B45, 0x1CD5, 0x1E39,  0x1F89, 0x20A4, 0x219A, 0x226C,
  0x2310, 0x238A, 0x23D5, 0x23FC,  0x23F2, 0x23BA, 0x2359, 0x22D0,
  0x2217, 0x2137, 0x202B, 0x1F01,  0x1DA6, 0x1C2A, 0x1A91, 0x18D5,
  0x16F1, 0x1504, 0x12E8, 0x10CA,  0x0E85, 0x0C39, 0x09DD, 0x0770,
  0x0500, 0x0287, 0x0009, 0xFD90,  0xFB13, 0xF8A5, 0xF637, 0xF3DD,
  0xF18B, 0xEF4D, 0xED28, 0xEB13,  0xE91C, 0xE73E, 0xE583, 0xE3E5,
  0xE266, 0xE113, 0xDFE1, 0xDED8,  0xDDF1, 0xDD43, 0xDCAD, 0xDC50,
  0xDC15, 0xDC11, 0xDC2E, 0xDC7B,  0xDCF4, 0xDD9B, 0xDE62, 0xDF5E,
  0xE07A, 0xE1C1, 0xE328, 0xE4B5,  0xE668, 0xE833, 0xEA1A, 0xEC28,
  0xEE3E, 0xF077, 0xF2B9, 0xF514,  0xF775, 0xF9E4, 0xFC5B, 0xFED4,
  0x0152, 0x03C8, 0x0642, 0x08AB,  0x0B14, 0x0D65, 0x0FAC, 0x11DD,
  0x13FB, 0x15FE, 0x17E5, 0x19B3,  0x1B60, 0x1CE6, 0x1E51, 0x1F94,
  0x20AD, 0x21A2, 0x226B, 0x2310,  0x2381, 0x23CB, 0x23ED, 0x23E0,
  0x23A1, 0x2340, 0x22B2, 0x21F6,  0x210F, 0x2007, 0x1ED2, 0x1D7A,
  0x1BFA, 0x1A5F, 0x189D, 0x16BF,  0x14C6, 0x12B6, 0x1088, 0x0E4E,
  0x0BFC, 0x09A1, 0x0735, 0x04C4,  0x024B, 0xFFD1, 0xFD56, 0xFADF,
  0xF86C, 0xF607, 0xF3A9, 0xF15F,  0xEF21, 0xECFF, 0xEAEC, 0xE8FC,
  0xE71C, 0xE56C, 0xE3C9, 0xE255,  0xE103, 0xDFD6, 0xDECD, 0xDDF3,
  0xDD3E, 0xDCB8, 0xDC53, 0xDC27,  0xDC1F, 0xDC44, 0xDC92, 0xDD15,
  0xDDB7, 0xDE87, 0xDF84, 0xE0A4,  0xE1EF, 0xE354, 0xE4EC, 0xE698,
  0xE869, 0xEA53, 0xEC60, 0xEE78,  0xF0B3, 0xF2F3, 0xF550, 0xF7B3,
  0xFA1C, 0xFC9A, 0xFF0A, 0x018E,  0x03FF, 0x0678, 0x08E0, 0x0B45,
  0x0D95, 0x0FD9, 0x1206, 0x1424,  0x1620, 0x1806, 0x19D1, 0x1B76,
  0x1CFF, 0x1E5F, 0x1FA5, 0x20B4,  0x21A7, 0x226F, 0x230B, 0x2379,
  0x23C2, 0x23DE, 0x23CA, 0x238D,  0x2325, 0x2292, 0x21D5, 0x20E9,
  0x1FDF, 0x1EA8, 0x1D4A, 0x1BCA,  0x1A2D, 0x1866, 0x1688, 0x1491,
  0x1278, 0x1052, 0x0E0E, 0x0BC4,  0x0963, 0x06FB, 0x0487, 0x0213,
  0xFF94, 0xFD21, 0xFAA5, 0xF83A,  0xF5D2, 0xF37B, 0xF12C, 0xEEFB,
  0xECD2, 0xEACB, 0xE8D6, 0xE702,  0xE54D, 0xE3B5, 0xE23F, 0xE0F7,
  0xDFC8, 0xDEC8, 0xDDEE, 0xDD41,  0xDCBB, 0xDC5D, 0xDC37, 0xDC2E,
  0xDC59, 0xDCAC, 0xDD31, 0xDDD8,  0xDEAB, 0xDFAA, 0xE0D0, 0xE219,
  0xE385, 0xE51E, 0xE6CB, 0xE8A0,  0xEA8B, 0xEC97, 0xEEB5, 0xF0EA,
  0xF332, 0xF58C, 0xF7EB, 0xFA5D,  0xFCCF, 0xFF4A, 0x01C1, 0x043C,
  0x06A8, 0x091A, 0x0B71, 0x0DC9,  0x1000, 0x1237, 0x1444, 0x1647,
  0x1825, 0x19ED, 0x1B91, 0x1D0F,  0x1E78, 0x1FAA, 0x20C2, 0x21A9,
  0x2272, 0x2306, 0x2373, 0x23B5,  0x23D0, 0x23B4, 0x2377, 0x2309,
  0x2277, 0x21AC, 0x20C9, 0x1FB4,  0x1E7D, 0x1D1A, 0x1B9C, 0x19F7,
  0x1834, 0x1650, 0x1458, 0x1240,  0x1015, 0x0DD6, 0x0B87, 0x0927,
  0x06BF, 0x044E, 0x01D5, 0xFF5F,  0xFCE5, 0xFA71, 0xF804, 0xF5A0,
  0xF349, 0xF100, 0xEECF, 0xECAB,  0xEAA5, 0xE8B4, 0xE6E4, 0xE535,
  0xE399, 0xE233, 0xE0E3, 0xDFC0,  0xDEBE, 0xDDF0, 0xDD40, 0xDCC0,
  0xDC68, 0xDC43, 0xDC42, 0xDC6D,  0xDCC7, 0xDD4D, 0xDDF8, 0xDED0,
  0xDFD2, 0xE0FA, 0xE244, 0xE3B7,  0xE550, 0xE6FE, 0xE8D6, 0xEAC3,
  0xECD0, 0xEEEF, 0xF125, 0xF36E,  0xF5C6, 0xF828, 0xFA98, 0xFD0A,
  0xFF84, 0x01F9, 0x0473, 0x06E0,  0x094B, 0x0BA5, 0x0DF4, 0x1030,
  0x125E, 0x146D, 0x1667, 0x1848,  0x1A07, 0x1BA9, 0x1D25, 0x1E87,
  0x1FB9, 0x20C8, 0x21B1, 0x226F,  0x2304, 0x2369, 0x23AD, 0x23BD,
  0x23A2, 0x235E, 0x22EF, 0x2256,  0x218B, 0x20A3, 0x1F8D, 0x1E4E,
  0x1CED, 0x1B6C, 0x19C3, 0x17FF,  0x1618, 0x1422, 0x1203, 0x0FDE,
  0x0D97, 0x0B4F, 0x08E8, 0x0686,  0x0411, 0x019D, 0xFF24, 0xFCAE,
  0xFA3A, 0xF7D1, 0xF56C, 0xF31B,  0xF0D1, 0xEEA5, 0xEC83, 0xEA80,
  0xE894, 0xE6C7, 0xE518, 0xE385,  0xE220, 0xE0D5, 0xDFB4, 0xDEBA,
  0xDDEB, 0xDD45, 0xDCC2, 0xDC76,  0xDC50, 0xDC53, 0xDC82, 0xDCE4,
  0xDD67, 0xDE1C, 0xDEF0, 0xDFFF,  0xE120, 0xE272, 0xE3EA, 0xE57C,
  0xE73A, 0xE904, 0xEB03, 0xED03,  0xEF2C, 0xF15E, 0xF3AB, 0xF601,
  0xF863, 0xFAD4, 0xFD43, 0xFFBF,  0x0232, 0x04A8, 0x0716, 0x097E,
  0x0BD5, 0x0E25, 0x105B, 0x1286,  0x1494, 0x1688, 0x1869, 0x1A22,
  0x1BBF, 0x1D3E, 0x1E92, 0x1FC9,  0x20CD, 0x21B7, 0x2270, 0x22FC,
  0x2365, 0x239E, 0x23AE, 0x238C,  0x2347, 0x22D5, 0x2234, 0x2169,
  0x207D, 0x1F64, 0x1E22, 0x1CBF,  0x1B3A, 0x1990, 0x17C8, 0x15E5,
  0x13E5, 0x11CD, 0x0FA0, 0x0D60,  0x0B10, 0x08AF, 0x0649, 0x03D7,
  0x0163, 0xFEEB, 0xFC76, 0xFA06,  0xF79A, 0xF53D, 0xF2E8, 0xF0A6,
  0xEE7A, 0xEC5C, 0xEA5B, 0xE874,  0xE6AA, 0xE4FC, 0xE372, 0xE20C,
  0xE0C8, 0xDFAA, 0xDEB2, 0xDDEE,  0xDD42, 0xDCCD, 0xDC7E, 0xDC5F,
  0xDC64, 0xDC9C, 0xDCFC, 0xDD86,  0xDE39, 0xDF1A, 0xE023, 0xE14C,
  0xE29F, 0xE41A, 0xE5B0, 0xE76A,  0xE93F, 0xEB37, 0xED3F, 0xEF64,
  0xF19A, 0xF3E7, 0xF639, 0xF8A4,  0xFB09, 0xFD83, 0xFFF4, 0x026B,
  0x04E2, 0x0748, 0x09B2, 0x0C07,  0x0E4F, 0x108C, 0x12AC, 0x14B9,
  0x16AC, 0x1887, 0x1A3D, 0x1BD8,  0x1D4F, 0x1EA6, 0x1FCF, 0x20DA,
  0x21B8, 0x2271, 0x22F5, 0x235F,  0x2390, 0x239D, 0x2377, 0x2330,
  0x22B8, 0x2214, 0x2147, 0x2057,  0x1F39, 0x1DF6, 0x1C91, 0x1B0A,
  0x195A, 0x1794, 0x15AE, 0x13AD,  0x1193, 0x0F65, 0x0D26, 0x0AD3,
  0x0876, 0x060B, 0x039E, 0x0128,  0xFEB3, 0xFC3F, 0xF9CE, 0xF769,
  0xF508, 0xF2BA, 0xF07C, 0xEE4C,  0xEC39, 0xEA33, 0xE858, 0xE68A,
  0xE4E5, 0xE35C, 0xE1FA, 0xE0BC,  0xDF9C, 0xDEB3, 0xDDE8, 0xDD45,
  0xDCD5, 0xDC89, 0xDC6E, 0xDC75,  0xDCB4, 0xDD16, 0xDDA4, 0xDE5C,
  0xDF3D, 0xE04C, 0xE176, 0xE2CD,  0xE44B, 0xE5E1, 0xE79E, 0xE978,
  0xEB6C, 0xED7A, 0xEF9C, 0xF1D7,  0xF420, 0xF677, 0xF8DC, 0xFB48,
  0xFDBA, 0x002F, 0x02A4, 0x0513,  0x0784, 0x09DF, 0x0C3A, 0x0E7E,
  0x10B4, 0x12D8, 0x14DA, 0x16D2,  0x18A2, 0x1A5A, 0x1BEE, 0x1D63,
  0x1EB5, 0x1FDB, 0x20DF, 0x21BF,  0x226C, 0x22F4, 0x2353, 0x2385,
  0x238A, 0x2364, 0x2318, 0x2299,  0x21F5, 0x2123, 0x2035, 0x1F09,
  0x1DCF, 0x1C5E, 0x1ADB, 0x1926,  0x175E, 0x1578, 0x1372, 0x115C,
  0x0F2A, 0x0CEA, 0x0A9A, 0x0835,  0x05D8, 0x035E, 0x00F1, 0xFE7A,
  0xFC06, 0xF99B, 0xF735, 0xF4D5,  0xF28F, 0xF049, 0xEE2A, 0xEC0A,
  0xEA17, 0xE834, 0xE66F, 0xE4CC,  0xE345, 0xE1EC, 0xE0AB, 0xDF96,
  0xDEAD, 0xDDE6, 0xDD49, 0xDCDB,  0xDC97, 0xDC79, 0xDC8C, 0xDCC9,
  0xDD32, 0xDDC2, 0xDE7B, 0xDF67,  0xE070, 0xE1A2, 0xE2FD, 0xE478,
  0xE616, 0xE7D2, 0xE9AD, 0xEBA7,  0xEDAE, 0xEFDB, 0xF210, 0xF45B,
  0xF6B3, 0xF916, 0xFB83, 0xFDF5,  0x0066, 0x02DE, 0x0548, 0x07B8,
  0x0A13, 0x0C68, 0x0EAD, 0x10E0,  0x12FB, 0x1506, 0x16ED, 0x18C7,
  0x1A6E, 0x1C08, 0x1D76, 0x1EC3,  0x1FE6, 0x20E8, 0x21BF, 0x226C,
  0x22ED, 0x234D, 0x2376, 0x2377,  0x2351, 0x22FD, 0x227F, 0x21D1,
  0x2105, 0x2008, 0x1EE4, 0x1DA0,  0x1C30, 0x1AAA, 0x18EF, 0x172D,
  0x153D, 0x133D, 0x111F, 0x0EF2,  0x0CAF, 0x0A5B, 0x0801, 0x0595,
  0x0329, 0x00B7, 0xFE3E, 0xFBD5,  0xF961, 0xF703, 0xF4A5, 0xF25E,
  0xF020, 0xEDFE, 0xEBE4, 0xE9F6,  0xE811, 0xE656, 0xE4B1, 0xE333,
  0xE1DA, 0xE09C, 0xDF90, 0xDEA9,  0xDDE3, 0xDD4E, 0xDCE1, 0xDCA5,
  0xDC86, 0xDCA2, 0xDCDE, 0xDD4F,  0xDDDE, 0xDEA0, 0xDF8B, 0xE098,
  0xE1CD, 0xE32C, 0xE4A9, 0xE646,  0xE809, 0xE9E3, 0xEBDE, 0xEDE9,
  0xF013, 0xF24B, 0xF497, 0xF6EE,  0xF952, 0xFBBC, 0xFE2F, 0x00A0,
  0x0314, 0x0580, 0x07EA, 0x0A47,  0x0C96, 0x0EDD, 0x1107, 0x1327,
  0x1525, 0x1714, 0x18DF, 0x1A8C,  0x1C1D, 0x1D8B, 0x1ECD, 0x1FF3,
  0x20EE, 0x21C4, 0x2267, 0x22EB,  0x233F, 0x236A, 0x2366, 0x233B,
  0x22E5, 0x225F, 0x21B3, 0x20E0,  0x1FE1, 0x1EBB, 0x1D71, 0x1C06,
  0x1A70, 0x18C3, 0x16F3, 0x1509,  0x1301, 0x10E7, 0x0EB7, 0x0C74,
  0x0A22, 0x07C2, 0x055D, 0x02EE,  0x007C, 0xFE09, 0xFB9C, 0xF92D,
  0xF6CF, 0xF476, 0xF22C, 0xEFFA,  0xEDCF, 0xEBC4, 0xE9CE, 0xE7F6,
  0xE637, 0xE49A, 0xE321, 0xE1C7,  0xE091, 0xDF89, 0xDEA1, 0xDDE6,
  0xDD4F, 0xDCED, 0xDCAD, 0xDC99,  0xDCB3, 0xDCF9, 0xDD68, 0xDDFA,
  0xDEC9, 0xDFAB, 0xE0C4, 0xE1F6,  0xE35C, 0xE4D8, 0xE67B, 0xE83B,
  0xEA1D, 0xEC12, 0xEE25, 0xF04C,  0xF287, 0xF4D1, 0xF728, 0xF98E,
  0xFBF7, 0xFE67, 0x00DC, 0x0346,  0x05BC, 0x0819, 0x0A7A, 0x0CC7,
  0x0F07, 0x1136, 0x1348, 0x154F,  0x1731, 0x18FD, 0x1AA7, 0x1C30,
  0x1DA1, 0x1ED7, 0x2001, 0x20F3,  0x21C4, 0x2267, 0x22E4, 0x2336,
  0x235B, 0x2353, 0x2327, 0x22CA,  0x2241, 0x2194, 0x20BB, 0x1FBB,
  0x1E8E, 0x1D47, 0x1BD4, 0x1A41,  0x188D, 0x16BF, 0x14D0, 0x12C9,
  0x10AE, 0x0E7D, 0x0C38, 0x09E7,  0x0788, 0x0522, 0x02B4, 0x0042,
  0xFDD3, 0xFB63, 0xF8FB, 0xF69B,  0xF444, 0xF201, 0xEFCB, 0xEDA9,
  0xEB9D, 0xE9AD, 0xE7D7, 0xE61B,  0xE482, 0xE30F, 0xE1B4, 0xE088,
  0xDF7F, 0xDEA0, 0xDDE2, 0xDD57,  0xDCF4, 0xDCB9, 0xDCA9, 0xDCC8,
  0xDD11, 0xDD82, 0xDE1D, 0xDEE7,  0xDFD4, 0xE0EA, 0xE224, 0xE38A,
  0xE508, 0xE6AD, 0xE873, 0xEA50,  0xEC4C, 0xEE5D, 0xF087, 0xF2C2,
  0xF509, 0xF767, 0xF9C5, 0xFC35,  0xFE9F, 0x0113, 0x0380, 0x05ED,
  0x0851, 0x0AA9, 0x0CF7, 0x0F34,  0x115E, 0x1371, 0x1571, 0x1753,
  0x1918, 0x1AC0, 0x1C4A, 0x1DAB,  0x1EED, 0x2004, 0x20FD, 0x21C3,
  0x2264, 0x22E1, 0x2329, 0x234C,  0x2342, 0x2311, 0x22AE, 0x2226,
  0x216F, 0x209D, 0x1F8C, 0x1E6A,  0x1D17, 0x1BA5, 0x1A0F, 0x1857,
  0x168D, 0x1495, 0x1294, 0x1072,  0x0E43, 0x0BFE, 0x09AB, 0x074E,
  0x04E7, 0x027A, 0x000A, 0xFD9C,  0xFB29, 0xF8CB, 0xF665, 0xF417,
  0xF1D3, 0xEF9D, 0xED82, 0xEB78,  0xE98D, 0xE7B5, 0xE602, 0xE46C,
  0xE2F8, 0xE1AA, 0xE075, 0xDF7F,  0xDE96, 0xDDE6, 0xDD5C, 0xDCFB,
  0xDCC7, 0xDCB7, 0xDCE0, 0xDD28,  0xDD9C, 0xDE40, 0xDF07, 0xDFFD,
  0xE10E, 0xE256, 0xE3B4, 0xE53C,  0xE6DE, 0xE8A8, 0xEA88, 0xEC82,
  0xEE98, 0xF0C0, 0xF2FC, 0xF546,  0xF79F, 0xFA03, 0xFC6B, 0xFEDC,
  0x0148, 0x03BA, 0x0620, 0x0886,  0x0AD9, 0x0D27, 0x0F60, 0x1187,
  0x1399, 0x1593, 0x1774, 0x1934,  0x1ADA, 0x1C5E, 0x1DBD, 0x1EF8,
  0x2011, 0x2101, 0x21C3, 0x2263,  0x22D9, 0x231F, 0x233B, 0x2332,
  0x22F8, 0x2296, 0x2204, 0x2155,  0x2070, 0x1F6B, 0x1E3A, 0x1CED,
  0x1B76, 0x19D9, 0x1829, 0x1650,  0x1463, 0x1258, 0x103C, 0x0E06,
  0x0BC3, 0x0971, 0x0714, 0x04AC,  0x0241, 0xFFCF, 0xFD67, 0xFAF2,
  0xF899, 0xF62E, 0xF3ED, 0xF19F,  0xEF79, 0xED55, 0xEB56, 0xE96A,
  0xE798, 0xE5E7, 0xE456, 0xE2E5,  0xE197, 0xE071, 0xDF73, 0xDE95,
  0xDDE6, 0xDD61, 0xDD06, 0xDCD1,  0xDCCC, 0xDCF3, 0xDD40, 0xDDB9,
  0xDE5E, 0xDF2F, 0xE01D, 0xE13D,  0xE27E, 0xE3E4, 0xE56D, 0xE710,
  0xE8E1, 0xEABA, 0xECBD, 0xEED0,  0xF0FA, 0xF337, 0xF580, 0xF7DC,
  0xFA3B, 0xFCA7, 0xFF13, 0x0181,  0x03F1, 0x0654, 0x08BA, 0x0B09,
  0x0D56, 0x0F8C, 0x11AF, 0x13C0,  0x15B6, 0x1795, 0x194C, 0x1AF7,
  0x1C70, 0x1DCE, 0x1F07, 0x2018,  0x2106, 0x21C4, 0x2261, 0x22D0,
  0x2315, 0x232A, 0x2322, 0x22DF,  0x227B, 0x21E8, 0x2132, 0x204C,
  0x1F42, 0x1E10, 0x1CC2, 0x1B40,  0x19AC, 0x17F3, 0x161B, 0x142A,
  0x1221, 0x1000, 0x0DCF, 0x0B86,  0x0937, 0x06D9, 0x0472, 0x0207,
  0xFF99, 0xFD2B, 0xFAC3, 0xF85D,  0xF604, 0xF3B6, 0xF179, 0xEF49,
  0xED32, 0xEB2F, 0xE949, 0xE77B,  0xE5CB, 0xE443, 0xE2D0, 0xE188,
  0xE068, 0xDF69, 0xDE94, 0xDDE7,  0xDD68, 0xDD0D, 0xDCE0, 0xDCDC,
  0xDD0A, 0xDD57, 0xDDD7, 0xDE7F,  0xDF4F, 0xE047, 0xE163, 0xE2AF,
  0xE40F, 0xE59D, 0xE748, 0xE911,  0xEAF5, 0xECF1, 0xEF0D, 0xF131,
  0xF373, 0xF5BA, 0xF817, 0xFA76,  0xFCDF, 0xFF4E, 0x01B7, 0x0429,
  0x0688, 0x08EC, 0x0B3A, 0x0D86,  0x0FB4, 0x11DC, 0x13E2, 0x15DD,
  0x17AD, 0x1970, 0x1B0A, 0x1C86,  0x1DDF, 0x1F10, 0x2026, 0x2107,
  0x21C4, 0x2260, 0x22C7, 0x2308,  0x231D, 0x230C, 0x22CA, 0x225E,
  0x21CA, 0x2112, 0x2024, 0x1F1B,  0x1DE7, 0x1C90, 0x1B14, 0x1978,
  0x17BE, 0x15E8, 0x13EE, 0x11EC,  0x0FC5, 0x0D94, 0x0B4D, 0x08FC,
  0x069E, 0x0439, 0x01CC, 0xFF63,  0xFCF2, 0xFA8F, 0xF82A, 0xF5D1,
  0xF389, 0xF149, 0xEF21, 0xED09,  0xEB0F, 0xE924, 0xE760, 0xE5B0,
  0xE42F, 0xE2B9, 0xE180, 0xE059,  0xDF67, 0xDE8E, 0xDDEA, 0xDD6F,
  0xDD14, 0xDCF0, 0xDCEE, 0xDD1E,  0xDD72, 0xDDF0, 0xDEA5, 0xDF6E,
  0xE06F, 0xE18E, 0xE2DA, 0xE43F,  0xE5CE, 0xE77C, 0xE945, 0xEB2D,
  0xED2A, 0xEF43, 0xF170, 0xF3A6,  0xF5FC, 0xF84D, 0xFAB2, 0xFD1A,
  0xFF82, 0x01F6, 0x0456, 0x06C5,  0x0918, 0x0B70, 0x0DB0, 0x0FE2,
  0x1201, 0x140B, 0x15FD, 0x17CD,  0x198B, 0x1B21, 0x1C9B, 0x1DED,
  0x1F20, 0x202B, 0x210B, 0x21C5,  0x225C, 0x22BF, 0x22FC, 0x230D,
  0x22F9, 0x22B0, 0x2244, 0x21AD,  0x20EE, 0x2000, 0x1EF1, 0x1DBE,
  0x1C60, 0x1AE5, 0x1945, 0x178C,  0x15AD, 0x13BD, 0x11AD, 0x0F91,
  0x0D56, 0x0B13, 0x08C4, 0x0660,  0x0401, 0x0193, 0xFF29, 0xFCBE,
  0xFA57, 0xF7F7, 0xF5A1, 0xF359,  0xF11E, 0xEEF5, 0xECE4, 0xEAEA,
  0xE905, 0xE742, 0xE59A, 0xE414,  0xE2AD, 0xE16C, 0xE056, 0xDF5A,
  0xDE91, 0xDDEB, 0xDD75, 0xDD1F,  0xDCFB, 0xDD05, 0xDD2F, 0xDD8F,
  0xDE0C, 0xDEC5, 0xDF93, 0xE093,  0xE1BC, 0xE304, 0xE46F, 0xE5FF,
  0xE7B0, 0xE97A, 0xEB63, 0xED63,  0xEF7D, 0xF1A7, 0xF3E5, 0xF632,
  0xF88A, 0xFAEB, 0xFD52, 0xFFBF,  0x0228, 0x0491, 0x06F4, 0x094E,
  0x0B9E, 0x0DDF, 0x100C, 0x122A,  0x142F, 0x161F, 0x17EC, 0x19A5,
  0x1B3A, 0x1CAE, 0x1DFA, 0x1F31,  0x202D, 0x2112, 0x21C6, 0x2255,
  0x22B8, 0x22ED, 0x2301, 0x22E2,  0x2299, 0x2228, 0x218F, 0x20CA,
  0x1FDA, 0x1ECA, 0x1D93, 0x1C31,  0x1AB5, 0x1912, 0x1758, 0x1576,
  0x1386, 0x1176, 0x0F55, 0x0D1D,  0x0AD9, 0x0887, 0x0629, 0x03C4,
  0x015D, 0xFEF0, 0xFC87, 0xFA23,  0xF7C2, 0xF572, 0xF329, 0xF0F2,
  0xEECC, 0xECBE, 0xEAC6, 0xE8E5,  0xE726, 0xE581, 0xE3FF, 0xE29B,
  0xE160, 0xE04B, 0xDF55, 0xDE90,  0xDDED, 0xDD7C, 0xDD27, 0xDD0E,
  0xDD14, 0xDD48, 0xDDA3, 0xDE31,  0xDEE0, 0xDFBA, 0xE0BA, 0xE1E6,
  0xE330, 0xE49E, 0xE632, 0xE7E3,  0xE9B0, 0xEB98, 0xED9D, 0xEFB6,
  0xF1E0, 0xF420, 0xF66C, 0xF8C4,  0xFB26, 0xFD8B, 0xFFF7, 0x025E,
  0x04C9, 0x0726, 0x0982, 0x0BCB,  0x0E0D, 0x1037, 0x1251, 0x1457,
  0x163C, 0x180C, 0x19C0, 0x1B50,  0x1CC0, 0x1E0C, 0x1F39, 0x2038,
  0x2111, 0x21C8, 0x2251, 0x22AC,  0x22E3, 0x22EF, 0x22CE, 0x2281,
  0x220B, 0x2173, 0x20A2, 0x1FBA,  0x1E9E, 0x1D67, 0x1C04, 0x1A83,
  0x18E1, 0x1723, 0x153F, 0x134F,  0x113E, 0x0F19, 0x0CE6, 0x0A9C,
  0x0850, 0x05EB, 0x038F, 0x011F,  0xFEBD, 0xFC4E, 0xF9EF, 0xF791,
  0xF53E, 0xF2FE, 0xF0C4, 0xEEA3,  0xEC9A, 0xEAA0, 0xE8C8, 0xE707,
  0xE56C, 0xE3E5, 0xE290, 0xE14E,  0xE045, 0xDF4E, 0xDE8E, 0xDDF5,
  0xDD7D, 0xDD37, 0xDD1A, 0xDD28,  0xDD5D, 0xDDBF, 0xDE4F, 0xDF01,
  0xDFDC, 0xE0E5, 0xE20C, 0xE361,  0xE4CA, 0xE667, 0xE813, 0xE9E8,
  0xEBCC, 0xEDDA, 0xEFEA, 0xF21C,  0xF45A, 0xF6A6, 0xF8FF, 0xFB60,
  0xFDC2, 0x0031, 0x0295, 0x04FC,  0x075E, 0x09AE, 0x0C00, 0x0E35,
  0x1064, 0x1278, 0x147B, 0x165C,  0x182C, 0x19D8, 0x1B69, 0x1CCF,
  0x1E1E, 0x1F44, 0x203C, 0x2118,  0x21C4, 0x224C, 0x22A3, 0x22D7,
  0x22DE, 0x22B8, 0x2268, 0x21F0,  0x2153, 0x2080, 0x1F91, 0x1E79,
  0x1D39, 0x1BD6, 0x1A51, 0x18B2,  0x16E9, 0x150E, 0x1315, 0x1106,
  0x0EDF, 0x0CAB, 0x0A65, 0x0812,  0x05B5, 0x0351, 0x00EB, 0xFE81,
  0xFC1D, 0xF9B5, 0xF763, 0xF50C,  0xF2D0, 0xF097, 0xEE7D, 0xEC72,
  0xEA80, 0xE8A6, 0xE6EE, 0xE551,  0xE3D4, 0xE27B, 0xE147, 0xE037,
  0xDF4B, 0xDE8F, 0xDDF5, 0xDD88,  0xDD3D, 0xDD2F, 0xDD36, 0xDD77,
  0xDDD8, 0xDE6E, 0xDF20, 0xE004,  0xE109, 0xE23C, 0xE387, 0xE500,
  0xE694, 0xE84C, 0xEA17, 0xEC0A,  0xEE0C, 0xF027, 0xF254, 0xF495,
  0xF6E1, 0xF938, 0xFB98, 0xFE00,  0x0063, 0x02D1, 0x052E, 0x0790,
  0x09E5, 0x0C29, 0x0E67, 0x108A,  0x12A2, 0x149C, 0x1680, 0x1846,
  0x19F7, 0x1B79, 0x1CE6, 0x1E2B,  0x1F4E, 0x2043, 0x2119, 0x21C6,
  0x2244, 0x229A, 0x22C9, 0x22CE,  0x22A1, 0x2250, 0x21D6, 0x212F,
  0x2060, 0x1F69, 0x1E51, 0x1D0C,  0x1BA8, 0x1A22, 0x187C, 0x16B6,
  0x14D7, 0x12DE, 0x10CC, 0x0EA8,  0x0C6E, 0x0A2D, 0x07D7, 0x057A,
  0x031A, 0x00B1, 0xFE4B, 0xFBE5,  0xF985, 0xF72B, 0xF4E1, 0xF29F,
  0xF06D, 0xEE56, 0xEC4B, 0xEA5D,  0xE889, 0xE6D2, 0xE53A, 0xE3BE,
  0xE26C, 0xE13B, 0xE02F, 0xDF45,  0xDE91, 0xDDF7, 0xDD8F, 0xDD4C,
  0xDD3C, 0xDD4B, 0xDD8C, 0xDDF7,  0xDE87, 0xDF47, 0xE023, 0xE137,
  0xE262, 0xE3B7, 0xE52E, 0xE6C8,  0xE87D, 0xEA4E, 0xEC42, 0xEE42,
  0xF062, 0xF28D, 0xF4CF, 0xF71B,  0xF971, 0xFBD4, 0xFE35, 0x00A0,
  0x0302, 0x0567, 0x07C1, 0x0A16,  0x0C59, 0x0E93, 0x10B2, 0x12CB,
  0x14BD, 0x16A2, 0x1864, 0x1A0D,  0x1B90, 0x1CF8, 0x1E3A, 0x1F56,
  0x204A, 0x211C, 0x21C3, 0x223F,  0x228E, 0x22BF, 0x22B8, 0x228E,
  0x2236, 0x21BC, 0x210C, 0x203C,  0x1F45, 0x1E26, 0x1CE1, 0x1B77,
  0x19F5, 0x1846, 0x1684, 0x149D,  0x12AA, 0x1091, 0x0E70, 0x0C34,
  0x09F4, 0x079A, 0x0544, 0x02DD,  0x007C, 0xFE12, 0xFBB1, 0xF94F,
  0xF6FB, 0xF4B0, 0xF271, 0xF044,  0xEE2C, 0xEC27, 0xEA3B, 0xE86A,
  0xE6B9, 0xE520, 0xE3AC, 0xE25D,  0xE12E, 0xE026, 0xDF44, 0xDE8F,
  0xDDFE, 0xDD92, 0xDD5E, 0xDD47,  0xDD63, 0xDDA0, 0xDE14, 0xDEA7,
  0xDF64, 0xE04E, 0xE15C, 0xE28D,  0xE3E6, 0xE55C, 0xE6FD, 0xE8AE,
  0xEA85, 0xEC79, 0xEE7B, 0xF098,  0xF2CB, 0xF505, 0xF757, 0xF9AC,
  0xFC0A, 0xFE72, 0x00D2, 0x033D,  0x0598, 0x07F7, 0x0A45, 0x0C88,
  0x0EBE, 0x10DD, 0x12F1, 0x14E0,  0x16C0, 0x1885, 0x1A21, 0x1BAA,
  0x1D06, 0x1E49, 0x1F5F, 0x2051,  0x211D, 0x21C2, 0x2233, 0x228C,
  0x22AA, 0x22AB, 0x2275, 0x221D,  0x21A0, 0x20EA, 0x2019, 0x1F20,
  0x1DFA, 0x1CB5, 0x1B4A, 0x19C1,  0x1816, 0x164B, 0x146C, 0x126D,
  0x105C, 0x0E34, 0x0BFD, 0x09B6,  0x0764, 0x0507, 0x02A8, 0x0041,
  0xFDDC, 0xFB7B, 0xF91D, 0xF6C8,  0xF482, 0xF242, 0xF01A, 0xEE07,
  0xEBFE, 0xEA1E, 0xE849, 0xE6A1,  0xE506, 0xE39C, 0xE24B, 0xE125,
  0xE01C, 0xDF43, 0xDE8E, 0xDE02,  0xDD9B, 0xDD6B, 0xDD58, 0xDD74,
  0xDDBB, 0xDE2E, 0xDEC6, 0xDF86,  0xE074, 0xE184, 0xE2B8, 0xE412,
  0xE58F, 0xE72C, 0xE8E4, 0xEABB,  0xECAF, 0xEEB3, 0xF0D3, 0xF301,
  0xF544, 0xF78D, 0xF9E7, 0xFC44,  0xFEA8, 0x010D, 0x0370, 0x05CF,
  0x0827, 0x0A77, 0x0CB5, 0x0EEA,  0x1107, 0x1316, 0x1502, 0x16E2,
  0x189E, 0x1A3C, 0x1BBC, 0x1D1A,  0x1E56, 0x1F67, 0x2056, 0x2121,
  0x21BB, 0x2231, 0x227E, 0x229E,  0x2296, 0x2260, 0x2205, 0x2181,
  0x20C8, 0x1FF8, 0x1EF6, 0x1DD3,  0x1C86, 0x1B1D, 0x1990, 0x17E0,
  0x1619, 0x1433, 0x1238, 0x1022,  0x0DFA, 0x0BC6, 0x0979, 0x072B,
  0x04CF, 0x026D, 0x000B, 0xFDA5,  0xFB46, 0xF8E9, 0xF698, 0xF450,
  0xF217, 0xEFF1, 0xEDDD, 0xEBDD,  0xE9F9, 0xE82F, 0xE684, 0xE4F1,
  0xE388, 0xE23E, 0xE118, 0xE015,  0xDF41, 0xDE8E, 0xDE06, 0xDDA5,
  0xDD79, 0xDD65, 0xDD8C, 0xDDD1,  0xDE4B, 0xDEE4, 0xDFA8, 0xE09D,
  0xE1A8, 0xE2E8, 0xE43A, 0xE5C6,  0xE759, 0xE91A, 0xEAF1, 0xECE5,
  0xEEED, 0xF109, 0xF33E, 0xF57B,  0xF7C8, 0xFA20, 0xFC7E, 0xFEE0,
  0x0144, 0x03A5, 0x0603, 0x085B,  0x0AA5, 0x0CE6, 0x0F12, 0x1132,
  0x1339, 0x1526, 0x1701, 0x18BA,  0x1A53, 0x1BD2, 0x1D2A, 0x1E64,
  0x1F6C, 0x2060, 0x211E, 0x21BB,  0x2228, 0x2273, 0x2291, 0x2281,
  0x224A, 0x21ED, 0x215F, 0x20AB,  0x1FD3, 0x1ECF, 0x1DA8, 0x1C59,
  0x1AF0, 0x195C, 0x17B0, 0x15E0,  0x1401, 0x11FD, 0x0FEA, 0x0DC2,
  0x0B8A, 0x0941, 0x06F1, 0x0495,  0x0236, 0xFFD2, 0xFD70, 0xFB10,
  0xF8B6, 0xF668, 0xF420, 0xF1EC,  0xEFC6, 0xEDB7, 0xEBB7, 0xE9DB,
  0xE811, 0xE66A, 0xE4D9, 0xE379,  0xE22E, 0xE10D, 0xE00F, 0xDF3D,
  0xDE90, 0xDE0B, 0xDDB0, 0xDD84,  0xDD77, 0xDD9F, 0xDDEB, 0xDE68,
  0xDF00, 0xDFCF, 0xE0BE, 0xE1D6,  0xE30D, 0xE470, 0xE5F0, 0xE78D,
  0xE950, 0xEB25, 0xED1E, 0xEF23,  0xF143, 0xF378, 0xF5B4, 0xF802,
  0xFA5B, 0xFCB4, 0xFF1A, 0x0179,  0x03DC, 0x0637, 0x088D, 0x0AD5,
  0x0D12, 0x0F3E, 0x115B, 0x135C,  0x154B, 0x171F, 0x18D4, 0x1A6D,
  0x1BE3, 0x1D3E, 0x1E6C, 0x1F79,  0x2061, 0x2122, 0x21B3, 0x2224,
  0x2267, 0x2282, 0x226C, 0x2236,  0x21D1, 0x2141, 0x208A, 0x1FB0,
  0x1EA5, 0x1D80, 0x1C2B, 0x1AC0,  0x192D, 0x1778, 0x15B0, 0x13C8,
  0x11C5, 0x0FB2, 0x0D88, 0x0B51,  0x0907, 0x06B7, 0x045D, 0x01FC,
  0xFF9B, 0xFD3A, 0xFADC, 0xF882,  0xF639, 0xF3EF, 0xF1C1, 0xEF9E,
  0xED8E, 0xEB95, 0xE9BA, 0xE7F5,  0xE64F, 0xE4C6, 0xE364, 0xE222,
  0xE0FF, 0xE00D, 0xDF3A, 0xDE90,  0xDE11, 0xDDBA, 0xDD92, 0xDD86,
  0xDDB7, 0xDE03, 0xDE83, 0xDF22,  0xDFEF, 0xE0E7, 0xE1FD, 0xE339,
  0xE49F, 0xE61F, 0xE7C1, 0xE983,  0xEB5C, 0xED55, 0xEF58, 0xF182,
  0xF3AC, 0xF5F1, 0xF83B, 0xFA92,  0xFCF0, 0xFF50, 0x01B1, 0x0410,
  0x066C, 0x08BC, 0x0B08, 0x0D3C,  0x0F6D, 0x117E, 0x1384, 0x156B,
  0x173E, 0x18F0, 0x1A80, 0x1BFA,  0x1D4A, 0x1E76, 0x1F80, 0x2062,
  0x211E, 0x21AD, 0x2216, 0x2259,  0x226B, 0x2253, 0x221B, 0x21AE,
  0x211D, 0x2062, 0x1F81, 0x1E7B,  0x1D48, 0x1BFC, 0x1A87, 0x18F2,
  0x1740, 0x1573, 0x1389, 0x1189,  0x0F72, 0x0D4B, 0x0B11, 0x08CA,
  0x067B, 0x0421, 0x01C3, 0xFF63,  0xFD05, 0xFAA9, 0xF854, 0xF60A,
  0xF3C8, 0xF19C, 0xEF7C, 0xED70,  0xEB80, 0xE9A3, 0xE7E8, 0xE642,
  0xE4C4, 0xE362, 0xE226, 0xE109,  0xE01E, 0xDF49, 0xDEAE, 0xDE29,
  0xDDE1, 0xDDB3, 0xDDB6, 0xDDE2,  0xDE3A, 0xDEB5, 0xDF5E, 0xE02D,
  0xE126, 0xE23D, 0xE381, 0xE4E3,  0xE666, 0xE80B, 0xE9C9, 0xEBAA,
  0xED98, 0xEFA8, 0xF1C2, 0xF3F8,  0xF630, 0xF883, 0xFACE, 0xFD2E,
  0xFF89, 0x01E7, 0x0444, 0x0698,  0x08E7, 0x0B2B, 0x0D5D, 0x0F87,
  0x1195, 0x1392, 0x1577, 0x1742,  0x18EB, 0x1A81, 0x1BE8, 0x1D3C,
  0x1E5D, 0x1F67, 0x2040, 0x20F7,  0x2182, 0x21EB, 0x2222, 0x2234,
  0x221A, 0x21DB, 0x216A, 0x20DC,  0x2017, 0x1F3D, 0x1E27, 0x1D03,
  0x1BA9, 0x1A3A, 0x18A2, 0x16F2,  0x1523, 0x133B, 0x113C, 0x0F26,
  0x0D03, 0x0AC7, 0x0888, 0x0636,  0x03E3, 0x0187, 0xFF2D, 0xFCCF,
  0xFA7C, 0xF827, 0xF5E5, 0xF3A7,  0xF17E, 0xEF67, 0xED5D, 0xEB76,
  0xE99A, 0xE7E6, 0xE648, 0xE4CD,  0xE370, 0xE23A, 0xE125, 0xE03A,
  0xDF6F, 0xDED2, 0xDE5D, 0xDE0D,  0xDDEA, 0xDDF0, 0xDE20, 0xDE78,
  0xDEFB, 0xDFA3, 0xE077, 0xE16E,  0xE28B, 0xE3CF, 0xE530, 0xE6B6,
  0xE85A, 0xEA1B, 0xEBF3, 0xEDE9,  0xEFF3, 0xF20E, 0xF43F, 0xF678,
  0xF8C3, 0xFB12, 0xFD68, 0xFFC4,  0x021C, 0x0475, 0x06C5, 0x0910,
  0x0B4C, 0x0D7F, 0x0F9D, 0x11AA,  0x13A2, 0x1580, 0x1742, 0x18F0,
  0x1A74, 0x1BE1, 0x1D23, 0x1E4D,  0x1F45, 0x2022, 0x20CE, 0x215A,
  0x21BB, 0x21EB, 0x21FE, 0x21E1,  0x2198, 0x212C, 0x2092, 0x1FD6,
  0x1EEB, 0x1DE4, 0x1CB0, 0x1B60,  0x19E6, 0x1856, 0x16A3, 0x14D2,
  0x12F0, 0x10ED, 0x0EDE, 0x0CB5,  0x0A83, 0x0843, 0x05F5, 0x03A5,
  0x014B, 0xFEF6, 0xFC9D, 0xFA4D,  0xF7FD, 0xF5C0, 0xF385, 0xF167,
  0xEF49, 0xED55, 0xEB63, 0xE999,  0xE7E2, 0xE64F, 0xE4D6, 0xE37F,
  0xE250, 0xE140, 0xE057, 0xDF93,  0xDEFE, 0xDE88, 0xDE3F, 0xDE20,
  0xDE2B, 0xDE5D, 0xDEB7, 0xDF40,  0xDFEB, 0xE0BD, 0xE1B9, 0xE2D9,
  0xE41B, 0xE57F, 0xE704, 0xE8AB,  0xEA66, 0xEC44, 0xEE35, 0xF03F,
  0xF258, 0xF485, 0xF6BF, 0xF904,  0xFB51, 0xFDA5, 0xFFFC, 0x0250,
  0x04A7, 0x06F0, 0x093A, 0x0B70,  0x0D9E, 0x0FB8, 0x11BF, 0x13B7,
  0x1589, 0x174D, 0x18F2, 0x1A73,  0x1BDA, 0x1D19, 0x1E3D, 0x1F33,
  0x2006, 0x20B5, 0x213B, 0x2191,  0x21C9, 0x21D0, 0x21B3, 0x2166,
  0x20F6, 0x205F, 0x1F99, 0x1EB2,  0x1DA5, 0x1C74, 0x1B1B, 0x19AA,
  0x1812, 0x1662, 0x148F, 0x12AD,  0x10AC, 0x0E9C, 0x0C75, 0x0A45,
  0x0803, 0x05BA, 0x0368, 0x0117,  0xFEBD, 0xFC6A, 0xFA1C, 0xF7CE,
  0xF596, 0xF35F, 0xF13D, 0xEF2E,  0xED31, 0xEB4F, 0xE97C, 0xE7D5,
  0xE63C, 0xE4CD, 0xE377, 0xE24D,  0xE140, 0xE05A, 0xDF9C, 0xDF0A,
  0xDE95, 0xDE53, 0xDE37, 0xDE43,  0xDE7B, 0xDED4, 0xDF66, 0xE00D,
  0xE0E7, 0xE1E2, 0xE308, 0xE447,  0xE5B1, 0xE736, 0xE8DF, 0xEA9B,
  0xEC79, 0xEE6F, 0xF073, 0xF293,  0xF4BC, 0xF6F9, 0xF93C, 0xFB88,
  0xFDDE, 0x0030, 0x0289, 0x04D6,  0x0727, 0x0964, 0x0BA2, 0x0DC7,
  0x0FE2, 0x11E5, 0x13D9, 0x15A8,  0x176B, 0x1909, 0x1A8A, 0x1BE9,
  0x1D2A, 0x1E46, 0x1F38, 0x200A,  0x20B3, 0x2135, 0x2188, 0x21BB,
  0x21C0, 0x219E, 0x214C, 0x20DF,  0x203B, 0x1F79, 0x1E8B, 0x1D7F,
  0x1C47, 0x1AF0, 0x1978, 0x17E4,  0x162A, 0x145E, 0x1274, 0x1078,
  0x0E61, 0x0C40, 0x0A09, 0x07CE,  0x057E, 0x0335, 0x00DB, 0xFE8C,
  0xFC33, 0xF9EA, 0xF79E, 0xF566,  0xF333, 0xF114, 0xEF05, 0xED10,
  0xEB29, 0xE963, 0xE7B8, 0xE626,  0xE4B9, 0xE368, 0xE241, 0xE138,
  0xE056, 0xDF9D, 0xDF0C, 0xDE9E,  0xDE5D, 0xDE49, 0xDE54, 0xDE90,
  0xDEF1, 0xDF82, 0xE02F, 0xE10A,  0xE209, 0xE331, 0xE473, 0xE5E0,
  0xE768, 0xE90F, 0xEAD0, 0xECAF,  0xEEA6, 0xF0A9, 0xF2CE, 0xF4F0,
  0xF736, 0xF970, 0xFBC4, 0xFE13,  0x0067, 0x02BC, 0x050C, 0x0755,
  0x0998, 0x0BCC, 0x0DF4, 0x1008,  0x120F, 0x13F6, 0x15CB, 0x1785,
  0x1923, 0x1A9D, 0x1BFC, 0x1D37,  0x1E50, 0x1F3C, 0x200E, 0x20B0,
  0x212E, 0x2180, 0x21AC, 0x21B3,  0x2182, 0x213A, 0x20BD, 0x2021,
  0x1F53, 0x1E67, 0x1D58, 0x1C19,  0x1AC5, 0x1947, 0x17B2, 0x15F9,
  0x1426, 0x1243, 0x103B, 0x0E2E,  0x0C03, 0x09D6, 0x0790, 0x054C,
  0x02F8, 0x00A9, 0xFE53, 0xFC02,  0xF9B4, 0xF771, 0xF535, 0xF309,
  0xF0E8, 0xEEE2, 0xECE7, 0xEB0D,  0xE942, 0xE7A1, 0xE60E, 0xE4A6,
  0xE359, 0xE237, 0xE12E, 0xE053,  0xDF9F, 0xDF10, 0xDEA3, 0xDE6C,
  0xDE55, 0xDE6B, 0xDEA5, 0xDF0D,  0xDF9F, 0xE04E, 0xE131, 0xE230,
  0xE35A, 0xE4A0, 0xE60E, 0xE799,  0xE942, 0xEB03, 0xECE8, 0xEED8,
  0xF0E4, 0xF302, 0xF52E, 0xF769,  0xF9AD, 0xFBF8, 0xFE4C, 0x009B,
  0x02F3, 0x053C, 0x078A, 0x09C4,  0x0BFC, 0x0E1C, 0x1032, 0x1232,
  0x1419, 0x15EB, 0x17A0, 0x193B,  0x1AB1, 0x1C0E, 0x1D44, 0x1E58,
  0x1F43, 0x200E, 0x20B0, 0x2125,  0x2177, 0x219F, 0x219F, 0x216E,
  0x2121, 0x20A1, 0x2001, 0x1F2E,  0x1E46, 0x1D2A, 0x1BF3, 0x1A92,
  0x191D, 0x177C, 0x15C6, 0x13F4,  0x1208, 0x1009, 0x0DF2, 0x0BCE,
  0x099B, 0x0759, 0x0512, 0x02C4,  0x0070, 0xFE1E, 0xFBCF, 0xF981,
  0xF742, 0xF506, 0xF2DC, 0xF0C2,  0xEEB9, 0xECC6, 0xEAEA, 0xE927,
  0xE786, 0xE5F9, 0xE491, 0xE34D,  0xE22A, 0xE126, 0xE052, 0xDF9E,
  0xDF14, 0xDEAC, 0xDE79, 0xDE65,  0xDE7D, 0xDEBD, 0xDF2A, 0xDFBA,
  0xE071, 0xE154, 0xE259, 0xE383,  0xE4CC, 0xE63D, 0xE7CB, 0xE971,
  0xEB3C, 0xED1A, 0xEF10, 0xF11C,  0xF338, 0xF56A, 0xF79E, 0xF9E6,
  0xFC30, 0xFE82, 0x00D3, 0x0325,  0x0570, 0x07BA, 0x09F4, 0x0C29,
  0x0E45, 0x105C, 0x1254, 0x143E,  0x1605, 0x17C0, 0x194F, 0x1AC8,
  0x1C1C, 0x1D53, 0x1E5E, 0x1F4A,  0x2010, 0x20AC, 0x211E, 0x216D,
  0x2191, 0x218E, 0x2155, 0x210D,  0x2081, 0x1FE1, 0x1F0E, 0x1E1C,
  0x1D04, 0x1BC5, 0x1A68, 0x18EA,  0x174D, 0x158F, 0x13C2, 0x11D1,
  0x0FD0, 0x0DBD, 0x0B94, 0x0965,  0x071D, 0x04DE, 0x0289, 0x003D,
  0xFDE8, 0xFB9B, 0xF951, 0xF70F,  0xF4DB, 0xF2AF, 0xF09A, 0xEE92,
  0xECA5, 0xEAC6, 0xE910, 0xE767,  0xE5E6, 0xE47E, 0xE341, 0xE21C,
  0xE123, 0xE04B, 0xDFA3, 0xDF15,  0xDEB8, 0xDE85, 0xDE74, 0xDE92,
  0xDED3, 0xDF48, 0xDFD5, 0xE095,  0xE178, 0xE282, 0xE3AA, 0xE4FB,
  0xE66C, 0xE7FB, 0xE9A4, 0xEB70,  0xED50, 0xEF46, 0xF154, 0xF370,
  0xF5A1, 0xF7D8, 0xFA1C, 0xFC6A,  0xFEB5, 0x010D, 0x0355, 0x05A6,
  0x07E9, 0x0A24, 0x0C53, 0x0E72,  0x1081, 0x127B, 0x145B, 0x1629,
  0x17D6, 0x196B, 0x1AD6, 0x1C32,  0x1D5C, 0x1E68, 0x1F4F, 0x200F,
  0x20AB, 0x2114, 0x2167, 0x217F,  0x217B, 0x2142, 0x20F0, 0x2068,
  0x1FBD, 0x1EED, 0x1DF6, 0x1CDC,  0x1B96, 0x1A3E, 0x18B8, 0x171A,
  0x155F, 0x1389, 0x119E, 0x0F97,  0x0D86, 0x0B5C, 0x092B, 0x06E9,
  0x04A2, 0x0257, 0x0001, 0xFDB9,  0xFB64, 0xF921, 0xF6DF, 0xF4AD,
  0xF284, 0xF072, 0xEE6C, 0xEC81,  0xEAA8, 0xE8F3, 0xE74E, 0xE5D0,
  0xE46E, 0xE332, 0xE212, 0xE11B,  0xE04D, 0xDFA0, 0xDF1D, 0xDEBF,
  0xDE94, 0xDE83, 0xDEA7, 0xDEEC,  0xDF62, 0xDFF4, 0xE0B6, 0xE19E,
  0xE2A8, 0xE3D6, 0xE526, 0xE69E,  0xE828, 0xE9DB, 0xEBA2, 0xED86,
  0xEF7D, 0xF18B, 0xF3A9, 0xF5D9,  0xF80F, 0xFA55, 0xFCA0, 0xFEEE,
  0x013E, 0x038D, 0x05D6, 0x081A,  0x0A54, 0x0C7C, 0x0E9F, 0x10A6,
  0x129F, 0x147D, 0x1645, 0x17F4,  0x197D, 0x1AEE, 0x1C3F, 0x1D69,
  0x1E6E, 0x1F56, 0x200F, 0x20A5,  0x2110, 0x2158, 0x2175, 0x2163,
  0x2130, 0x20D4, 0x204B, 0x1F9D,  0x1ECA, 0x1DD0, 0x1CB0, 0x1B6D,
  0x1A10, 0x1887, 0x16E8, 0x152B,  0x1355, 0x1167, 0x0F61, 0x0D4D,
  0x0B25, 0x08F2, 0x06B2, 0x046A,  0x021F, 0xFFCF, 0xFD7F, 0xFB36,
  0xF8EC, 0xF6B2, 0xF47F, 0xF259,  0xF04A, 0xEE47, 0xEC5E, 0xEA8A,
  0xE8D5, 0xE738, 0xE5B8, 0xE460,  0xE322, 0xE207, 0xE118, 0xE048,
  0xDFA4, 0xDF20, 0xDECB, 0xDEA0,  0xDE94, 0xDEBB, 0xDF06, 0xDF7C,
  0xE013, 0xE0DA, 0xE1C2, 0xE2D1,  0xE3FE, 0xE557, 0xE6C8, 0xE85E,
  0xEA0A, 0xEBDA, 0xEDBA, 0xEFB3,  0xF1C3, 0xF3E1, 0xF610, 0xF847,
  0xFA8F, 0xFCD4, 0xFF27, 0x0171,  0x03C1, 0x060A, 0x0847, 0x0A85,
  0x0CA7, 0x0EC9, 0x10CD, 0x12C0,  0x14A1, 0x1661, 0x180F, 0x1991,
  0x1B04, 0x1C4D, 0x1D75, 0x1E75,  0x1F5A, 0x200F, 0x20A2, 0x2107,
  0x214F, 0x2162, 0x2153, 0x2118,  0x20BD, 0x2028, 0x1F81, 0x1EA4,
  0x1DAA, 0x1C86, 0x1B43, 0x19DE,  0x185C, 0x16B0, 0x14FD, 0x131C,
  0x1132, 0x0F2B, 0x0D14, 0x0AEF,  0x08B8, 0x067A, 0x0435, 0x01E7,
  0xFF99, 0xFD4C, 0xFB01, 0xF8BD,  0xF683, 0xF450, 0xF231, 0xF020,
  0xEE24, 0xEC39, 0xEA6F, 0xE8B7,  0xE720, 0xE5A3, 0xE451, 0xE311,
  0xE203, 0xE10D, 0xE04B, 0xDFA2,  0xDF27, 0xDED8, 0xDEA9, 0xDEA9,
  0xDECC, 0xDF23, 0xDF94, 0xE034,  0xE0FB, 0xE1EA, 0xE2F4, 0xE42E,
  0xE580, 0xE6FB, 0xE88C, 0xEA3E,  0xEC0F, 0xEDEE, 0xEFEC, 0xF1F8,
  0xF41B, 0xF646, 0xF881, 0xFAC5,  0xFD0B, 0xFF5D, 0x01A6, 0x03F5,
  0x063B, 0x0878, 0x0AB2, 0x0CD2,  0x0EF4, 0x10F0, 0x12E8, 0x14BD,
  0x1681, 0x1826, 0x19A9, 0x1B17,  0x1C5B, 0x1D7F, 0x1E7E, 0x1F5E,
  0x200D, 0x209D, 0x2102, 0x2141,  0x2153, 0x213D, 0x2106, 0x209E,
  0x200F, 0x1F5C, 0x1E82, 0x1D83,  0x1C5C, 0x1B17, 0x19B3, 0x1825,
  0x1685, 0x14C4, 0x12EA, 0x10FB,  0x0EF2, 0x0CE0, 0x0AB4, 0x0882,
  0x0642, 0x03FD, 0x01B1, 0xFF64,  0xFD18, 0xFACE, 0xF88D, 0xF653,
  0xF423, 0xF209, 0xEFF7, 0xEE00,  0xEC17, 0xEA50, 0xE89D, 0xE706,
  0xE593, 0xE43C, 0xE308, 0xE1F4,  0xE110, 0xE043, 0xDFA8, 0xDF2C,
  0xDEE1, 0xDEBA, 0xDEB7, 0xDEE6,  0xDF37, 0xDFB3, 0xE051, 0xE122,
  0xE20B, 0xE320, 0xE455, 0xE5B1,  0xE729, 0xE8BB, 0xEA77, 0xEC3D,
  0xEE28, 0xF01F, 0xF234, 0xF44E,  0xF681, 0xF8B7, 0xFAFD, 0xFD43,
  0xFF91, 0x01DB, 0x0429, 0x066C,  0x08AA, 0x0ADB, 0x0D03, 0x0F17,
  0x111A, 0x1309, 0x14DD, 0x16A0,  0x183C, 0x19C0, 0x1B2A, 0x1C69,
  0x1D89, 0x1E86, 0x1F60, 0x200D,  0x2098, 0x20FA, 0x2135, 0x2141,
  0x212C, 0x20ED, 0x2085, 0x1FEE,  0x1F3E, 0x1E5D, 0x1D5B, 0x1C33,
  0x1AEC, 0x1982, 0x17F6, 0x1653,  0x148F, 0x12B8, 0x10C0, 0x0EBF,
  0x0CA7, 0x0A7B, 0x084C, 0x060A,  0x03C6, 0x017A, 0xFF30, 0xFCE2,
  0xFA9E, 0xF85C, 0xF623, 0xF3F8,  0xF1DE, 0xEFD1, 0xEDDB, 0xEBF6,
  0xEA32, 0xE881, 0xE6F0, 0xE57E,  0xE42D, 0xE2FA, 0xE1ED, 0xE10A,
  0xE043, 0xDFA9, 0xDF35, 0xDEEC,  0xDEC5, 0xDECC, 0xDEFA, 0xDF52,
  0xDFCC, 0xE075, 0xE141, 0xE234,  0xE345, 0xE483, 0xE5DE, 0xE756,
  0xE8F0, 0xEAA6, 0xEC75, 0xEE5D,  0xF054, 0xF26E, 0xF484, 0xF6B8,
  0xF8F1, 0xFB31, 0xFD7D, 0xFFC4,  0x0212, 0x045A, 0x069E, 0x08D9,
  0x0B08, 0x0D2E, 0x0F40, 0x113F,  0x132C, 0x14FC, 0x16BE, 0x1850,
  0x19DD, 0x1B36, 0x1C7A, 0x1D91,  0x1E90, 0x1F60, 0x200E, 0x2091,
  0x20F2, 0x2128, 0x2131, 0x2119,  0x20D5, 0x2068, 0x1FD2, 0x1F1B,
  0x1E3C, 0x1D2F, 0x1C0D, 0x1ABD,  0x1956, 0x17C3, 0x1624, 0x1458,
  0x1284, 0x1089, 0x0E8B, 0x0C6B,  0x0A49, 0x080E, 0x05D7, 0x038D,
  0x0145, 0xFEFB, 0xFCAF, 0xFA6A,  0xF82D, 0xF5F4, 0xF3CE, 0xF1B4,
  0xEFA9, 0xEDB6, 0xEBD7, 0xEA15,  0xE864, 0xE6DB, 0xE569, 0xE41E,
  0xE2EE, 0xE1E4, 0xE108, 0xE03F,  0xDFAD, 0xDF3E, 0xDEF4, 0xDED8,
  0xDED8, 0xDF17, 0xDF64, 0xDFEF,  0xE091, 0xE168, 0xE255, 0xE372,
  0xE4AB, 0xE60E, 0xE783, 0xE924,  0xEAD8, 0xECAB, 0xEE8E, 0xF091,
  0xF29F, 0xF4C0, 0xF6EF, 0xF927,  0xFB69, 0xFDB3, 0xFFF9, 0x0248,
  0x048B, 0x06D0, 0x0907, 0x0B37,  0x0D58, 0x0F67, 0x1165, 0x134D,
  0x151F, 0x16D5, 0x186F, 0x19EB,  0x1B4D, 0x1C84, 0x1D9C, 0x1E98,
  0x1F60, 0x200D, 0x208C, 0x20EA,  0x2119, 0x2121, 0x2105, 0x20BE,
  0x204B, 0x1FB5, 0x1EFA, 0x1E14,  0x1D0B, 0x1BE0, 0x1A95, 0x1922,
  0x1796, 0x15EE, 0x1428, 0x124C,  0x1054, 0x0E54, 0x0C33, 0x0A10,
  0x07DB, 0x059A, 0x035B, 0x010D,  0xFEC5, 0xFC7E, 0xFA37, 0xF7FD,
  0xF5C7, 0xF3A1, 0xF18A, 0xEF86,  0xED8F, 0xEBB9, 0xE9F5, 0xE84B,
  0xE6C4, 0xE559, 0xE40A, 0xE2E5,  0xE1DD, 0xE101, 0xE042, 0xDFAE,
  0xDF48, 0xDEFE, 0xDEE6, 0xDEED,  0xDF2B, 0xDF81, 0xE007, 0xE0B7,
  0xE186, 0xE27E, 0xE39A, 0xE4D8,  0xE63A, 0xE7B3, 0xE955, 0xEB0D,
  0xECDD, 0xEEC6, 0xF0C7, 0xF2D6,  0xF4F7, 0xF727, 0xF95D, 0xFBA4,
  0xFDE4, 0x0033, 0x0278, 0x04C0,  0x06FF, 0x0938, 0x0B61, 0x0D85,
  0x0F8D, 0x118A, 0x1370, 0x153D,  0x16F0, 0x1888, 0x19FF, 0x1B60,
  0x1C8C, 0x1DAD, 0x1E98, 0x1F65,  0x2009, 0x2087, 0x20E2, 0x2109,
  0x2112, 0x20F0, 0x20A5, 0x2030,  0x1F97, 0x1ED8, 0x1DEE, 0x1CE4,
  0x1BB7, 0x1A67, 0x18F3, 0x1766,  0x15BC, 0x13F4, 0x1215, 0x1021,
  0x0E1A, 0x0BFE, 0x09D8, 0x07A1,  0x0568, 0x031F, 0x00DB, 0xFE8F,
  0xFC4A, 0xFA07, 0xF7CB, 0xF59B,  0xF375, 0xF162, 0xEF5E, 0xED6D,
  0xEB99, 0xE9D7, 0xE832, 0xE6AE,  0xE546, 0xE3FB, 0xE2D9, 0xE1D6,
  0xE0FE, 0xE040, 0xDFB5, 0xDF4D,  0xDF0C, 0xDEF0, 0xDF08, 0xDF3B,
  0xDF9D, 0xE026, 0xE0D4, 0xE1AD,  0xE2A1, 0xE3C5, 0xE503, 0xE667,
  0xE7E3, 0xE989, 0xEB3D, 0xED13,  0xEEFB, 0xF0FE, 0xF30E, 0xF52D,
  0xF75F, 0xF995, 0xFBD9, 0xFE1D,  0x0065, 0x02AF, 0x04EF, 0x0733,
  0x0963, 0x0B91, 0x0DAC, 0x0FB6,  0x11AE, 0x1392, 0x155B, 0x170B,
  0x189F, 0x1A16, 0x1B6D, 0x1C9D,  0x1DB3, 0x1EA0, 0x1F64, 0x2008,
  0x2083, 0x20D5, 0x20FD, 0x2100,  0x20DD, 0x208B, 0x2014, 0x1F78,
  0x1EB6, 0x1DCA, 0x1CB9, 0x1B91,  0x1A35, 0x18C9, 0x1732, 0x158B,
  0x13BF, 0x11E0, 0x0FEC, 0x0DE1,  0x0BC9, 0x099E, 0x076D, 0x052E,
  0x02EA, 0x00A5, 0xFE5C, 0xFC15,  0xF9D9, 0xF798, 0xF56F, 0xF34C,
  0xF136, 0xEF3B, 0xED48, 0xEB7B,  0xE9B8, 0xE81C, 0xE694, 0xE537,
  0xE3EB, 0xE2CE, 0xE1D2, 0xE0F6,  0xE044, 0xDFB8, 0xDF56, 0xDF17,
  0xDF01, 0xDF1A, 0xDF53, 0xDFB6,  0xE043, 0xE0F8, 0xE1CC, 0xE2CC,
  0xE3EA, 0xE534, 0xE68F, 0xE818,  0xE9B8, 0xEB71, 0xED48, 0xEF31,
  0xF134, 0xF344, 0xF566, 0xF795,  0xF9CE, 0xFC0D, 0xFE55, 0x0098,
  0x02E3, 0x0522, 0x0761, 0x0995,  0x0BB9, 0x0DD9, 0x0FDA, 0x11D4,
  0x13B4, 0x1578, 0x1726, 0x18B6,  0x1A2C, 0x1B7A, 0x1CAD, 0x1DBA,
  0x1EA5, 0x1F66, 0x2004, 0x207E,  0x20CA, 0x20ED, 0x20F4, 0x20C2,
  0x2075, 0x1FF6, 0x1F5C, 0x1E92,  0x1DA4, 0x1C93, 0x1B64, 0x1A0A,
  0x1898, 0x1704, 0x1557, 0x1389,  0x11AE, 0x0FB2, 0x0DB0, 0x0B8B,
  0x096D, 0x0731, 0x04FB, 0x02B1,  0x0072, 0xFE25, 0xFBE7, 0xF9A1,
  0xF770, 0xF53D, 0xF323, 0xF110,  0xEF10, 0xED2B, 0xEB58, 0xE99D,
  0xE803, 0xE680, 0xE522, 0xE3DF,  0xE2C3, 0xE1CB, 0xE0F3, 0xE043,
  0xDFC1, 0xDF5C, 0xDF22, 0xDF12,  0xDF2F, 0xDF67, 0xDFD5, 0xE05C,
  0xE11D, 0xE1EE, 0xE2F2, 0xE418,  0xE55A, 0xE6C1, 0xE847, 0xE9E9,
  0xEBA7, 0xED79, 0xEF6A, 0xF169,  0xF37B, 0xF59E, 0xF7CC, 0xFA05,
  0xFC43, 0xFE8A, 0x00CF, 0x0314,  0x0556, 0x0790, 0x09C1, 0x0BEA,
  0x0DFC, 0x1005, 0x11F7, 0x13D4,  0x1597, 0x173F, 0x18CF, 0x1A3E,
  0x1B8A, 0x1CB9, 0x1DC3, 0x1EA9,  0x1F67, 0x2002, 0x2077, 0x20BE,
  0x20E0, 0x20E1, 0x20AF, 0x2058,  0x1FDE, 0x1F39, 0x1E71, 0x1D7C,
  0x1C6F, 0x1B37, 0x19DC, 0x186B,  0x16D0, 0x1527, 0x1355, 0x1177,
  0x0F7F, 0x0D74, 0x0B59, 0x0932,  0x06FE, 0x04BF, 0x027F, 0x0039,
  0xFDF5, 0xFBB2, 0xF973, 0xF73E,  0xF512, 0xF2F8, 0xF0E7, 0xEEED,
  0xED09, 0xEB37, 0xE983, 0xE7E7,  0xE66F, 0xE50E, 0xE3D1, 0xE2BC,
  0xE1C0, 0xE0F4, 0xE042, 0xDFC9,  0xDF61, 0xDF31, 0xDF23, 0xDF40,
  0xDF82, 0xDFEA, 0xE083, 0xE135,  0xE218, 0xE316, 0xE442, 0xE587,
  0xE6EE, 0xE877, 0xEA1D, 0xEBD7,  0xEDB0, 0xEF9F, 0xF19F, 0xF3B3,
  0xF5D4, 0xF804, 0xFA3C, 0xFC78,  0xFEC3, 0x00FE, 0x034D, 0x0583,
  0x07C2, 0x09EE, 0x0C16, 0x0E25,  0x102C, 0x1219, 0x13F5, 0x15B5,
  0x1758, 0x18E8, 0x1A4E, 0x1B9C,  0x1CC2, 0x1DCF, 0x1EAA, 0x1F68,
  0x2000, 0x206E, 0x20B3, 0x20D4,  0x20CD, 0x2098, 0x2040, 0x1FC1,
  0x1F1B, 0x1E4B, 0x1D59, 0x1C45,  0x1B0D, 0x19AF, 0x183A, 0x16A2,
  0x14F1, 0x1322, 0x1142, 0x0F4A,  0x0D3B, 0x0B24, 0x08F8, 0x06C9,
  0x0489, 0x0249, 0x0004, 0xFDC1,  0xFB7F, 0xF943, 0xF710, 0xF4E6,
  0xF2CD, 0xF0C0, 0xEEC7, 0xECE8,  0xEB19, 0xE965, 0xE7D3, 0xE657,
  0xE4FD, 0xE3C6, 0xE2AF, 0xE1BE,  0xE0ED, 0xE049, 0xDFCA, 0xDF6D,
  0xDF3C, 0xDF36, 0xDF53, 0xDF99,  0xE006, 0xE0A2, 0xE156, 0xE23C,
  0xE33E, 0xE46C, 0xE5B1, 0xE71F,  0xE8A6, 0xEA50, 0xEC08, 0xEDE7,
  0xEFD4, 0xF1D6, 0xF3E8, 0xF60E,  0xF838, 0xFA74, 0xFCB0, 0xFEF4,
  0x0138, 0x0379, 0x05BA, 0x07EE,  0x0A1F, 0x0C3C, 0x0E53, 0x104C,
  0x1244, 0x140F, 0x15D3, 0x1773,  0x18FE, 0x1A60, 0x1BAB, 0x1CCF,
  0x1DD5, 0x1EAE, 0x1F69, 0x1FFB,  0x2068, 0x20A6, 0x20C6, 0x20BB,
  0x2081, 0x2026, 0x1FA6, 0x1EF9,  0x1E29, 0x1D33, 0x1C1D, 0x1AE0,
  0x1984, 0x1809, 0x1673, 0x14BC,  0x12EF, 0x110D, 0x0F12, 0x0D07,
  0x0AEC, 0x08C3, 0x068E, 0x0456,  0x0210, 0xFFD4, 0xFD89, 0xFB51,
  0xF90F, 0xF6E4, 0xF4B9, 0xF2A4,  0xF097, 0xEEA6, 0xECC3, 0xEAFC,
  0xE949, 0xE7BD, 0xE641, 0xE4EE,  0xE3B6, 0xE2A9, 0xE1B6, 0xE0EC,
  0xE04C, 0xDFCE, 0xDF77, 0xDF4A,  0xDF47, 0xDF66, 0xDFB2, 0xE022,
  0xE0BF, 0xE179, 0xE25E, 0xE369,  0xE494, 0xE5DE, 0xE74C, 0xE8DA,
  0xEA7D, 0xEC40, 0xEE1A, 0xF00A,  0xF20D, 0xF41D, 0xF646, 0xF870,
  0xFAA9, 0xFCE7, 0xFF28, 0x016D,  0x03AB, 0x05EC, 0x081C, 0x0A4C,
  0x0C6A, 0x0E75, 0x107A, 0x125E,  0x1436, 0x15EA, 0x1792, 0x190E,
  0x1A78, 0x1BB4, 0x1CE0, 0x1DD6,  0x1EB7, 0x1F64, 0x1FFD, 0x205A,
  0x209D, 0x20B7, 0x20A6, 0x206C,  0x200D, 0x1F87, 0x1EDB, 0x1E02,
  0x1D10, 0x1BF5, 0x1AB2, 0x1958,  0x17DA, 0x1641, 0x1488, 0x12BE,
  0x10D4, 0x0EE0, 0x0CCC, 0x0AB8,  0x088B, 0x0658, 0x041E, 0x01DD,
  0xFF9D, 0xFD59, 0xFB1C, 0xF8E1,  0xF6B4, 0xF48F, 0xF278, 0xF074,
  0xEE7E, 0xECA5, 0xEADA, 0xE932,  0xE7A3, 0xE62F, 0xE4DA, 0xE3AE,
  0xE29D, 0xE1B1, 0xE0EB, 0xE04F,  0xDFD3, 0xDF82, 0xDF57, 0xDF5A,
  0xDF79, 0xDFCB, 0xE03D, 0xE0DF,  0xE199, 0xE286, 0xE38E, 0xE4BF,
  0xE608, 0xE77F, 0xE906, 0xEAB2,  0xEC71, 0xEE51, 0xF03F, 0xF241,
  0xF459, 0xF679, 0xF8A7, 0xFAE1,  0xFD1B, 0xFF5F, 0x01A0, 0x03DD,
  0x061D, 0x084B, 0x0A7A, 0x0C91,  0x0EA2, 0x109A, 0x1286, 0x1451,
  0x1609, 0x17A9, 0x1926, 0x1A86,  0x1BC8, 0x1CE5, 0x1DE2, 0x1EB4,
  0x1F6B, 0x1FF2, 0x2055, 0x2090,  0x20A9, 0x2092, 0x2054, 0x1FF4,
  0x1F6A, 0x1EB9, 0x1DE0, 0x1CEA,  0x1BC9, 0x1A89, 0x192A, 0x17AB,
  0x160F, 0x1455, 0x1289, 0x10A1,  0x0EA7, 0x0C98, 0x0A80, 0x0854,
  0x0621, 0x03E9, 0x01A7, 0xFF69,  0xFD26, 0xFAE9, 0xF8B3, 0xF687,
  0xF462, 0xF250, 0xF04B, 0xEE5D,  0xEC84, 0xEABA, 0xE91C, 0xE787,
  0xE61F, 0xE4C8, 0xE3A4, 0xE292,  0xE1AD, 0xE0EC, 0xE04F, 0xDFDC,
  0xDF89, 0xDF68, 0xDF6B, 0xDF8C,  0xDFE6, 0xE059, 0xE0FC, 0xE1BE,
  0xE2A8, 0xE3BA, 0xE4E4, 0xE639,  0xE7AB, 0xE938, 0xEAE4, 0xECA5,
  0xEE85, 0xF075, 0xF277, 0xF490,  0xF6AF, 0xF8DF, 0xFB16, 0xFD52,
  0xFF93, 0x01D3, 0x0410, 0x064D,  0x087B, 0x0AA4, 0x0CBE, 0x0EC7,
  0x10C2, 0x12A6, 0x1470, 0x1627,  0x17C0, 0x193B, 0x1A97, 0x1BD7,
  0x1CF0, 0x1DE7, 0x1EB8, 0x1F68,  0x1FF0, 0x2049, 0x2087, 0x2098,
  0x207C, 0x2041, 0x1FD7, 0x1F4F,  0x1E95, 0x1DBD, 0x1CC5, 0x1B9F,
  0x1A5E, 0x18FC, 0x177B, 0x15DD,  0x1423, 0x1254, 0x106D, 0x0E6F,
  0x0C64, 0x0A46, 0x0821, 0x05E7,  0x03B7, 0x016F, 0xFF36, 0xFCF2,
  0xFABA, 0xF882, 0xF65A, 0xF437,  0xF225, 0xF028, 0xEE38, 0xEC62,
  0xEAA0, 0xE8FF, 0xE773, 0xE608,  0xE4BD, 0xE395, 0xE28B, 0xE1A8,
  0xE0EA, 0xE056, 0xDFDF, 0xDF96,  0xDF76, 0xDF7B, 0xDFA3, 0xDFFF,
  0xE076, 0xE11A, 0xE1DF, 0xE2D1,  0xE3DE, 0xE512, 0xE663, 0xE7DB,
  0xE969, 0xEB14, 0xECDB, 0xEEB9,  0xF0AB, 0xF2AC, 0xF4C9, 0xF6E3,
  0xF919, 0xFB49, 0xFD89, 0xFFC8,  0x0205, 0x0445, 0x0679, 0x08AD,
  0x0ACE, 0x0CE9, 0x0EEE, 0x10E7,  0x12C8, 0x148D, 0x1645, 0x17D5,
  0x1953, 0x1AA5, 0x1BE8, 0x1CF7,  0x1DEE, 0x1EBA, 0x1F68, 0x1FE9,
  0x2041, 0x207B, 0x2086, 0x206A,  0x2027, 0x1FC0, 0x1F2E, 0x1E75,
  0x1D9B, 0x1C9B, 0x1B77, 0x1A32,  0x18CF, 0x174C, 0x15A8, 0x13F3,
  0x121F, 0x1038, 0x0E39, 0x0C2D,  0x0A10, 0x07E9, 0x05B4, 0x037D,
  0x013D, 0xFF00, 0xFCC1, 0xFA88,  0xF853, 0xF62D, 0xF40C, 0xF1FD,
  0xF001, 0xEE15, 0xEC42, 0xEA84,  0xE8E5, 0xE75C, 0xE5F5, 0xE4AF,
  0xE388, 0xE285, 0xE1A1, 0xE0EE,  0xE056, 0xDFE7, 0xDFA2, 0xDF84,
  0xDF8D, 0xDFBA, 0xE017, 0xE094,  0xE138, 0xE203, 0xE2F6, 0xE406,
  0xE53B, 0xE694, 0xE806, 0xE99C,  0xEB45, 0xED0F, 0xEEEF, 0xF0DC,
  0xF2E9, 0xF4F9, 0xF720, 0xF949,  0xFB84, 0xFDBC, 0xFFFC, 0x0239,
  0x0475, 0x06AC, 0x08D8, 0x0AFC,  0x0D10, 0x0F18, 0x110B, 0x12E7,
  0x14AE, 0x165D, 0x17F3, 0x1960,  0x1ABD, 0x1BEF, 0x1D05, 0x1DEF,
  0x1EC2, 0x1F62, 0x1FE4, 0x2038,  0x206E, 0x2077, 0x2052, 0x2013,
  0x1FA4, 0x1F0E, 0x1E55, 0x1D77,  0x1C74, 0x1B4E, 0x1A05, 0x18A2,
  0x171B, 0x1578, 0x13BF, 0x11EC,  0x1000, 0x0E06, 0x0BF4, 0x09DE,
  0x07AC, 0x0584, 0x0342, 0x010D,  0xFEC8, 0xFC93, 0xFA52, 0xF82B,
  0xF5FA, 0xF3E4, 0xF1D4, 0xEFDB,  0xEDF6, 0xEC1D, 0xEA6C, 0xE8C8,
  0xE749, 0xE5E0, 0xE4A3, 0xE37C,  0xE27B, 0xE1A1, 0xE0EC, 0xE05A,
  0xDFEE, 0xDFAE, 0xDF93, 0xDF9F,  0xDFD0, 0xE031, 0xE0AF, 0xE159,
  0xE225, 0xE31D, 0xE42E, 0xE565,  0xE6C1, 0xE836, 0xE9CA, 0xEB7A,
  0xED44, 0xEF1F, 0xF119, 0xF317,  0xF536, 0xF752, 0xF983, 0xFBB7,
  0xFDF3, 0x0030, 0x026B, 0x04A9,  0x06D8, 0x0909, 0x0B26, 0x0D3B,
  0x0F3D, 0x1130, 0x1306, 0x14CE,  0x1679, 0x1806, 0x1978, 0x1ACA,
  0x1BFF, 0x1D0B, 0x1DF7, 0x1EC1,  0x1F63, 0x1FDA, 0x2032, 0x2060,
  0x2064, 0x2040, 0x1FF9, 0x1F8A,  0x1EEE, 0x1E36, 0x1D50, 0x1C51,
  0x1B1F, 0x19DE, 0x1870, 0x16EE,  0x1544, 0x138F, 0x11B6, 0x0FCA,
  0x0DD2, 0x0BBC, 0x09A7, 0x0778,  0x054A, 0x0312, 0x00D3, 0xFE9A,
  0xFC5B, 0xFA27, 0xF7F8, 0xF5D0,  0xF3B9, 0xF1AD, 0xEFB5, 0xEDD2,
  0xEC01, 0xEA4C, 0xE8B3, 0xE730,  0xE5D0, 0xE494, 0xE370, 0xE276,
  0xE19D, 0xE0ED, 0xE05C, 0xDFF8,  0xDFBA, 0xDFA2, 0xDFB0, 0xDFE8,
  0xE04C, 0xE0C9, 0xE17B, 0xE249,  0xE342, 0xE456, 0xE590, 0xE6EF,
  0xE865, 0xE9FC, 0xEBAA, 0xED79,  0xEF55, 0xF14B, 0xF352, 0xF568,
  0xF78A, 0xF9BA, 0xFBEB, 0xFE2B,  0x005F, 0x02A4, 0x04D3, 0x070E,
  0x0932, 0x0B55, 0x0D60, 0x0F68,  0x114E, 0x132C, 0x14E9, 0x1694,
  0x181D, 0x198B, 0x1ADC, 0x1C0A,  0x1D13, 0x1DFD, 0x1EC4, 0x1F5D,
  0x1FD7, 0x2025, 0x2055, 0x2050,  0x202D, 0x1FE2, 0x1F6C, 0x1ED1,
  0x1E12, 0x1D30, 0x1C23, 0x1AFC,  0x19AC, 0x1849, 0x16B6, 0x1518,
  0x1358, 0x1184, 0x0F96, 0x0D98,  0x0B8B, 0x096B, 0x0747, 0x0510,
  0x02DF, 0x009E, 0xFE66, 0xFC2A,  0xF9F7, 0xF7C7, 0xF5A7, 0xF38C,
  0xF187, 0xEF92, 0xEDAC, 0xEBE3,  0xEA33, 0xE897, 0xE71D, 0xE5BE,
  0xE486, 0xE365, 0xE270, 0xE19A,  0xE0EE, 0xE060, 0xE001, 0xDFC6,
  0xDFB2, 0xDFC2, 0xE000, 0xE064,  0xE0EA, 0xE197, 0xE270, 0xE365,
  0xE47E, 0xE5BF, 0xE718, 0xE897,  0xEA2A, 0xEBE0, 0xEDAA, 0xEF8B,
  0xF180, 0xF388, 0xF59F, 0xF7C0,  0xF9EF, 0xFC24, 0xFE59, 0x009B,
  0x02CE, 0x050C, 0x0737, 0x0963,  0x0B7C, 0x0D8D, 0x0F8B, 0x1174,
  0x134A, 0x1507, 0x16B0, 0x182F,  0x19A3, 0x1AE9, 0x1C17, 0x1D1B,
  0x1E03, 0x1EC2, 0x1F5D, 0x1FCD,  0x201F, 0x2045, 0x203D, 0x201A,
  0x1FC9, 0x1F4F, 0x1EB3, 0x1DED,  0x1D0A, 0x1BFB, 0x1ACB, 0x1985,
  0x180F, 0x1689, 0x14E2, 0x1321,  0x114D, 0x0F5D, 0x0D60, 0x0B54,
  0x0931, 0x070E, 0x04DC, 0x02A4,  0x006E, 0xFE2F, 0xFBFD, 0xF9C6,
  0xF79E, 0xF57A, 0xF369, 0xF164,  0xEF73, 0xED91, 0xEBCE, 0xEA1D,
  0xE88A, 0xE713, 0xE5B9, 0xE484,  0xE368, 0xE278, 0xE1A9, 0xE0FD,
  0xE076, 0xE01C, 0xDFE5, 0xDFD1,  0xDFED, 0xE029, 0xE091, 0xE11B,
  0xE1CD, 0xE2A7, 0xE39E, 0xE4BB,  0xE5FC, 0xE75A, 0xE8D4, 0xEA6F,
  0xEC21, 0xEDED, 0xEFCC, 0xF1C4,  0xF3C7, 0xF5E1, 0xF7FB, 0xFA2D,
  0xFC5C, 0xFE93, 0x00CB, 0x0304,  0x0533, 0x0767, 0x0981, 0x0BA3,
  0x0DA6, 0x0FA4, 0x1185, 0x1358,  0x1511, 0x16B0, 0x1830, 0x199A,
  0x1ADC, 0x1C04, 0x1D05, 0x1DE6,  0x1EA0, 0x1F34, 0x1FA6, 0x1FEC,
  0x2010, 0x2006, 0x1FDD, 0x1F89,  0x1F0C, 0x1E6D, 0x1DA9, 0x1CBD,
  0x1BB2, 0x1A82, 0x1934, 0x17C5,  0x163C, 0x1495, 0x12D7, 0x1100,
  0x0F15, 0x0D1A, 0x0B0B, 0x08F2,  0x06CD, 0x049E, 0x026C, 0x0036,
  0xFE00, 0xFBCD, 0xF99D, 0xF779,  0xF55B, 0xF34E, 0xF14C, 0xEF63,
  0xED84, 0xEBCB, 0xEA17, 0xE892,  0xE71A, 0xE5C8, 0xE498, 0xE380,
  0xE29A, 0xE1C6, 0xE127, 0xE0A1,  0xE04F, 0xE014, 0xE00D, 0xE026,
  0xE06A, 0xE0CF, 0xE162, 0xE213,  0xE2ED, 0xE3E9, 0xE507, 0xE649,
  0xE7A4, 0xE923, 0xEABA, 0xEC6D,  0xEE39, 0xF016, 0xF20B, 0xF40E,
  0xF622, 0xF841, 0xFA68, 0xFC98,  0xFECA, 0x00FF, 0x0332, 0x0562,
  0x0788, 0x09AA, 0x0BBC, 0x0DC0,  0x0FB5, 0x1195, 0x1362, 0x1513,
  0x16AC, 0x182E, 0x1988, 0x1AD0,  0x1BE9, 0x1CEB, 0x1DC7, 0x1E77,
  0x1F0E, 0x1F76, 0x1FBA, 0x1FD9,  0x1FCF, 0x1F9F, 0x1F47, 0x1ECB,
  0x1E28, 0x1D61, 0x1C74, 0x1B67,  0x1A38, 0x18E6, 0x1779, 0x15F1,
  0x1446, 0x128E, 0x10B3, 0x0ED0,  0x0CD1, 0x0AC5, 0x08B3, 0x068A,
  0x0464, 0x0234, 0xFFFE, 0xFDD1,  0xFB9F, 0xF975, 0xF754, 0xF53C,
  0xF333, 0xF139, 0xEF4E, 0xED80,  0xEBBE, 0xEA1B, 0xE895, 0xE725,
  0xE5D8, 0xE4A9, 0xE39E, 0xE2B4,  0xE1EC, 0xE14C, 0xE0D2, 0xE07A,
  0xE04A, 0xE046, 0xE062, 0xE0A7,  0xE111, 0xE1A7, 0xE259, 0xE335,
  0xE433, 0xE554, 0xE691, 0xE7F2,  0xE970, 0xEB06, 0xECBA, 0xEE80,
  0xF063, 0xF251, 0xF454, 0xF664,  0xF883, 0xFAA5, 0xFCD3, 0xFF00,
  0x0131, 0x0362, 0x058B, 0x07B0,  0x09CB, 0x0BD7, 0x0DD9, 0x0FC6,
  0x11A3, 0x136D, 0x1511, 0x16B1,  0x1822, 0x1982, 0x1ABA, 0x1BDA,
  0x1CD1, 0x1DA8, 0x1E56, 0x1EEA,  0x1F4C, 0x1F8D, 0x1FA8, 0x1F9F,
  0x1F65, 0x1F10, 0x1E90, 0x1DEB,  0x1D21, 0x1C33, 0x1B27, 0x19F4,
  0x18A2, 0x1737, 0x15AB, 0x1405,  0x1246, 0x1076, 0x0E8A, 0x0C92,
  0x0A88, 0x0873, 0x0652, 0x0427,  0x0200, 0xFFCA, 0xFDA1, 0xFB6F,
  0xF94B, 0xF72C, 0xF519, 0xF312,  0xF11A, 0xEF39, 0xED66, 0xEBAF,
  0xEA0C, 0xE88C, 0xE71F, 0xE5D5,  0xE4AB, 0xE3A6, 0xE2BB, 0xE1FA,
  0xE15C, 0xE0E9, 0xE08D, 0xE06B,  0xE05F, 0xE087, 0xE0C6, 0xE13D,
  0xE1CE, 0xE284, 0xE363, 0xE463,  0xE584, 0xE6C6, 0xE825, 0xE9A6,
  0xEB3D, 0xECEE, 0xEEBB, 0xF098,  0xF28A, 0xF48C, 0xF69C, 0xF8B7,
  0xFADD, 0xFD04, 0xFF38, 0x0162,  0x0392, 0x05BA, 0x07DD, 0x09F4,
  0x0C04, 0x0DFB, 0x0FEE, 0x11C3,  0x1389, 0x152F, 0x16C7, 0x1839,
  0x1991, 0x1ACB, 0x1BE0, 0x1CDB,  0x1DA6, 0x1E5B, 0x1EE3, 0x1F44,
  0x1F7F, 0x1F9D, 0x1F88, 0x1F52,  0x1EF5, 0x1E73, 0x1DCC, 0x1CFD,
  0x1C10, 0x1AFE, 0x19C9, 0x1876,  0x1709, 0x157B, 0x13D2, 0x1216,
  0x103F, 0x0E59, 0x0C5A, 0x0A55,  0x083B, 0x061F, 0x03F3, 0x01CC,
  0xFF97, 0xFD6F, 0xFB3F, 0xF91E,  0xF6FF, 0xF4EF, 0xF2E9, 0xF0F6,
  0xEF15, 0xED48, 0xEB91, 0xE9F3,  0xE876, 0xE70B, 0xE5C6, 0xE4A1,
  0xE39B, 0xE2B8, 0xE1F8, 0xE163,  0xE0EA, 0xE09B, 0xE075, 0xE075,
  0xE097, 0xE0E3, 0xE155, 0xE1ED,  0xE2A5, 0xE387, 0xE48C, 0xE5AC,
  0xE6EF, 0xE855, 0xE9D3, 0xEB70,  0xED1E, 0xEEF0, 0xF0CA, 0xF2C0,
  0xF4C0, 0xF6D3, 0xF8E9, 0xFB15,  0xFD36, 0xFF6C, 0x0194, 0x03C2,
  0x05EA, 0x080A, 0x0A20, 0x0C2A,  0x0E26, 0x100D, 0x11E9, 0x13A2,
  0x154E, 0x16DD, 0x184D, 0x19A3,  0x1AD5, 0x1BF0, 0x1CDA, 0x1DAE,
  0x1E57, 0x1EDE, 0x1F3B, 0x1F75,  0x1F8C, 0x1F75, 0x1F39, 0x1EDE,
  0x1E56, 0x1DAB, 0x1CDB, 0x1BE9,  0x1AD7, 0x199E, 0x184A, 0x16DD,
  0x1547, 0x13A3, 0x11E2, 0x100D,  0x0E22, 0x0C28, 0x0A1E, 0x0808,
  0x05E8, 0x03C0, 0x0197, 0xFF67,  0xFD3B, 0xFB12, 0xF8ED, 0xF6D6,
  0xF4C2, 0xF2C4, 0xF0CF, 0xEEF5,  0xED28, 0xEB73, 0xE9DD, 0xE85E,
  0xE6F9, 0xE5B8, 0xE495, 0xE395,  0xE2B0, 0xE1FD, 0xE160, 0xE0F6,
  0xE0A3, 0xE084, 0xE087, 0xE0AA,  0xE0FC, 0xE172, 0xE20A, 0xE2C7,
  0xE3AD, 0xE4B0, 0xE5D7, 0xE719,  0xE885, 0xEA01, 0xEB9F, 0xED54,
  0xEF20, 0xF101, 0xF2F1, 0xF4F8,  0xF705, 0xF924, 0xFB42, 0xFD71,
  0xFF99, 0x01C9, 0x03F2, 0x0618,  0x0836, 0x0A4E, 0x0C4F, 0x0E4D,
  0x1032, 0x1206, 0x13C4, 0x1566,  0x16F5, 0x1861, 0x19B2, 0x1AE6,
  0x1BF5, 0x1CE3, 0x1DAE, 0x1E57,  0x1ED9, 0x1F30, 0x1F6B, 0x1F7B,
  0x1F60, 0x1F26, 0x1EC1, 0x1E3B,  0x1D88, 0x1CBA, 0x1BC3, 0x1AB0,
  0x1971, 0x1821, 0x16AA, 0x151A,  0x1370, 0x11B1, 0x0FD9, 0x0DEC,
  0x0BF4, 0x09E9, 0x07D2, 0x05B4,  0x038D, 0x0161, 0xFF38, 0xFD06,
  0xFAE6, 0xF8BD, 0xF6AB, 0xF499,  0xF29B, 0xF0AD, 0xEED2, 0xED07,
  0xEB59, 0xE9C4, 0xE847, 0xE6E9,  0xE5A8, 0xE48B, 0xE38C, 0xE2AD,
  0xE1FD, 0xE166, 0xE0F8, 0xE0B2,  0xE092, 0xE098, 0xE0BF, 0xE116,
  0xE18C, 0xE22A, 0xE2E9, 0xE3D0,  0xE4D9, 0xE5FD, 0xE74A, 0xE8AE,
  0xEA34, 0xEBCC, 0xED8A, 0xEF51,  0xF136, 0xF326, 0xF52C, 0xF73C,
  0xF955, 0xFB7A, 0xFDA2, 0xFFCE,  0x01F8, 0x0424, 0x0646, 0x0863,
  0x0A77, 0x0C79, 0x0E72, 0x1056,  0x1227, 0x13DD, 0x1585, 0x170A,
  0x1874, 0x19C4, 0x1AEF, 0x1C02,  0x1CE5, 0x1DB3, 0x1E53, 0x1ED2,
  0x1F29, 0x1F5E, 0x1F6B, 0x1F4C,  0x1F0C, 0x1EAC, 0x1E18, 0x1D6B,
  0x1C95, 0x1B9F, 0x1A84, 0x194A,  0x17F1, 0x1680, 0x14E4, 0x1344,
  0x117A, 0x0FA7, 0x0DB8, 0x0BBF,  0x09B3, 0x079F, 0x057E, 0x0358,
  0x0132, 0xFEFE, 0xFCE0, 0xFAAC,  0xF898, 0xF67A, 0xF473, 0xF273,
  0xF08A, 0xEEAE, 0xECEA, 0xEB3E,  0xE9AB, 0xE833, 0xE6D5, 0xE59D,
  0xE47F, 0xE384, 0xE2AB, 0xE1FC,  0xE16B, 0xE0FF, 0xE0BE, 0xE0A0,
  0xE0AA, 0xE0D4, 0xE130, 0xE1A9,  0xE247, 0xE30B, 0xE3F7, 0xE4FD,
  0xE62A, 0xE772, 0xE8E0, 0xEA5E,  0xEC02, 0xEDB9, 0xEF85, 0xF16B,
  0xF359, 0xF564, 0xF76C, 0xF98E,  0xFBAC, 0xFDD7, 0x0000, 0x0229,
  0x0454, 0x0674, 0x0891, 0x0A9F,  0x0CA2, 0x0E97, 0x107A, 0x1244,
  0x13FD, 0x159E, 0x171F, 0x188A,  0x19D0, 0x1B01, 0x1C05, 0x1CED,
  0x1DB2, 0x1E55, 0x1EC8, 0x1F22,  0x1F50, 0x1F59, 0x1F39, 0x1EF6,
  0x1E8F, 0x1DFC, 0x1D49, 0x1C73,  0x1B79, 0x1A5A, 0x1921, 0x17C4,
  0x164F, 0x14B7, 0x1310, 0x1149,  0x0F72, 0x0D84, 0x0B8A, 0x097F,
  0x0769, 0x054A, 0x0326, 0x00FB,  0xFED1, 0xFCAA, 0xFA83, 0xF866,
  0xF653, 0xF445, 0xF251, 0xF062,  0xEE90, 0xECCA, 0xEB23, 0xE994,
  0xE81C, 0xE6C4, 0xE591, 0xE472,  0xE37F, 0xE2A8, 0xE1FD, 0xE16D,
  0xE108, 0xE0CA, 0xE0B0, 0xE0B9,  0xE0EE, 0xE146, 0xE1C7, 0xE264,
  0xE330, 0xE41A, 0xE526, 0xE651,  0xE7A1, 0xE90B, 0xEA90, 0xEC31,
  0xEDED, 0xEFB8, 0xF19D, 0xF390,  0xF597, 0xF7A3, 0xF9C0, 0xFBE2,
  0xFE09, 0x0033, 0x025B, 0x0482,  0x06A3, 0x08BD, 0x0AC9, 0x0CCA,
  0x0EBB, 0x109D, 0x1263, 0x141B,  0x15B7, 0x1735, 0x189C, 0x19E1,
  0x1B0B, 0x1C0F, 0x1CF0, 0x1DB7,  0x1E4D, 0x1EC5, 0x1F17, 0x1F44,
  0x1F47, 0x1F24, 0x1EE0, 0x1E73,  0x1DDF, 0x1D27, 0x1C52, 0x1B4F,
  0x1A34, 0x18F4, 0x179A, 0x161D,  0x1489, 0x12DD, 0x1117, 0x0F3E,
  0x0D4E, 0x0B59, 0x0947, 0x0736,  0x0515, 0x02F2, 0x00C9, 0xFEA0,
  0xFC78, 0xFA55, 0xF83A, 0xF625,  0xF421, 0xF226, 0xF043, 0xEE6C,
  0xECAD, 0xEB09, 0xE97C, 0xE805,  0xE6B9, 0xE57D, 0xE46E, 0xE374,
  0xE2A9, 0xE1FB, 0xE174, 0xE10E,  0xE0D9, 0xE0BC, 0xE0CE, 0xE102,
  0xE164, 0xE1DE, 0xE288, 0xE350,  0xE441, 0xE54B, 0xE67C, 0xE7CF,
  0xE937, 0xEAC0, 0xEC63, 0xEE1C,  0xEFEE, 0xF1D1, 0xF3C3, 0xF5CE,
  0xF7D4, 0xF9F9, 0xFC12, 0xFE3F,  0x0063, 0x028D, 0x04B2, 0x06D0,
  0x08E9, 0x0AF2, 0x0CF2, 0x0EE1,  0x10BD, 0x1284, 0x1436, 0x15D0,
  0x174B, 0x18AF, 0x19F0, 0x1B18,  0x1C12, 0x1CFA, 0x1DB3, 0x1E4E,
  0x1EBB, 0x1F10, 0x1F33, 0x1F38,  0x1F0D, 0x1ECB, 0x1E56, 0x1DC0,
  0x1D07, 0x1C2E, 0x1B27, 0x1A0E,  0x18C6, 0x1770, 0x15EB, 0x145B,
  0x12AB, 0x10E4, 0x0F09, 0x0D1D,  0x0B21, 0x0914, 0x0702, 0x04DF,
  0x02C1, 0x0094, 0xFE6F, 0xFC49,  0xFA25, 0xF80F, 0xF5FA, 0xF3F8,
  0xF200, 0xF021, 0xEE48, 0xEC94,  0xEAEB, 0xE965, 0xE7F4, 0xE6A3,
  0xE576, 0xE45F, 0xE371, 0xE2A7,  0xE1FC, 0xE177, 0xE11A, 0xE0E2,
  0xE0CE, 0xE0DF, 0xE11B, 0xE17B,  0xE1FD, 0xE2A6, 0xE374, 0xE465,
  0xE572, 0xE6AA, 0xE7F7, 0xE967,  0xEAEE, 0xEC95, 0xEE51, 0xF01D,
  0xF206, 0xF3FB, 0xF5FC, 0xF810,  0xFA27, 0xFC49, 0xFE72, 0x0093,
  0x02C0, 0x04DF, 0x06FE, 0x0915,  0x0B1A, 0x0D1B, 0x0F05, 0x10DE,
  0x12A3, 0x1453, 0x15E8, 0x1761,  0x18C0, 0x1A01, 0x1B1F, 0x1C1E,
  0x1CFA, 0x1DB8, 0x1E45, 0x1EB8,  0x1F04, 0x1F26, 0x1F24, 0x1EFB,
  0x1EB2, 0x1E39, 0x1DA3, 0x1CE6,  0x1C09, 0x1B02, 0x19E2, 0x189E,
  0x1741, 0x15BC, 0x142D, 0x1275,  0x10B5, 0x0ED3, 0x0CEB, 0x0AEA,
  0x08E2, 0x06CA, 0x04B0, 0x0289,  0x0065, 0xFE3D, 0xFC18, 0xF9F9,
  0xF7E0, 0xF5D1, 0xF3D1, 0xF1D9,  0xEFFF, 0xEE27, 0xEC76, 0xEAD4,
  0xE94B, 0xE7E2, 0xE694, 0xE566,  0xE459, 0xE369, 0xE2A8, 0xE1FC,
  0xE17C, 0xE124, 0xE0EE, 0xE0DD,  0xE0F4, 0xE132, 0xE193, 0xE21B,
  0xE2C5, 0xE39A, 0xE487, 0xE59B,  0xE6D4, 0xE824, 0xE993, 0xEB20,
  0xECC6, 0xEE80, 0xF055, 0xF237,  0xF42F, 0xF633, 0xF841, 0xFA5E,
  0xFC7E, 0xFE9F, 0x00CC, 0x02EA,  0x0513, 0x0729, 0x0940, 0x0B44,
  0x0D41, 0x0F2A, 0x10FD, 0x12C5,  0x146D, 0x15FF, 0x1778, 0x18CF,
  0x1A14, 0x1B25, 0x1C28, 0x1CFD,  0x1DB6, 0x1E44, 0x1EAE, 0x1EFD,
  0x1F14, 0x1F13, 0x1EE7, 0x1E98,  0x1E1E, 0x1D85, 0x1CC4, 0x1BE4,
  0x1ADC, 0x19B8, 0x1876, 0x170F,  0x1590, 0x13FB, 0x1245, 0x1080,
  0x0EA1, 0x0CB6, 0x0AB6, 0x08AD,  0x0696, 0x047B, 0x0258, 0x0031,
  0xFE0D, 0xFBE8, 0xF9CB, 0xF7B5,  0xF5A5, 0xF3AA, 0xF1B5, 0xEFDA,
  0xEE0A, 0xEC57, 0xEABB, 0xE933,  0xE7CF, 0xE687, 0xE557, 0xE450,
  0xE365, 0xE2A5, 0xE1FF, 0xE182,  0xE12E, 0xE0F9, 0xE0EE, 0xE108,
  0xE148, 0xE1B1, 0xE233, 0xE2EA,  0xE3B9, 0xE4B0, 0xE5C1, 0xE701,
  0xE84D, 0xE9C3, 0xEB50, 0xECF6,  0xEEB5, 0xF085, 0xF26D, 0xF462,
  0xF668, 0xF875, 0xFA94, 0xFCAD,  0xFED7, 0x00F8, 0x031F, 0x053E,
  0x0759, 0x0968, 0x0B6F, 0x0D66,  0x0F4E, 0x1120, 0x12DF, 0x148C,
  0x1615, 0x178D, 0x18E3, 0x1A1D,  0x1B32, 0x1C2F, 0x1D00, 0x1DB6,
  0x1E3E, 0x1EA8, 0x1EF2, 0x1F04,  0x1F02, 0x1ED1, 0x1E80, 0x1E01,
  0x1D66, 0x1CA4, 0x1BBE, 0x1AB5,  0x1990, 0x1848, 0x16E4, 0x1561,
  0x13CA, 0x1213, 0x104E, 0x0E6B,  0x0C86, 0x0A7F, 0x0879, 0x0664,
  0x0444, 0x0228, 0xFFFC, 0xFDDE,  0xFBB9, 0xF99C, 0xF78A, 0xF57B,
  0xF382, 0xF192, 0xEFB4, 0xEDEE,  0xEC39, 0xEAA2, 0xE91D, 0xE7BB,
  0xE679, 0xE549, 0xE449, 0xE361,  0xE2A2, 0xE202, 0xE187, 0xE13A,
  0xE105, 0xE0FD, 0xE11E, 0xE15F,  0xE1CA, 0xE252, 0xE30A, 0xE3DD,
  0xE4D3, 0xE5ED, 0xE729, 0xE879,  0xE9F3, 0xEB7F, 0xED28, 0xEEE6,
  0xF0B8, 0xF2A2, 0xF496, 0xF69C,  0xF8A9, 0xFAC8, 0xFCE0, 0xFF0A,
  0x0128, 0x0351, 0x056B, 0x0787,  0x0991, 0x0B99, 0x0D8C, 0x0F71,
  0x1140, 0x1300, 0x14A3, 0x1630,  0x179F, 0x18F5, 0x1A2A, 0x1B3D,
  0x1C34, 0x1D05, 0x1DB3, 0x1E39,  0x1EA5, 0x1EE0, 0x1EF9, 0x1EEE,
  0x1EBD, 0x1E64, 0x1DE7, 0x1D45,  0x1C86, 0x1B94, 0x1A92, 0x1965,
  0x181E, 0x16B3, 0x1536, 0x1395,  0x11E7, 0x1014, 0x0E3F, 0x0C4B,
  0x0A50, 0x0842, 0x0630, 0x0413,  0x01F0, 0xFFD0, 0xFDAA, 0xFB8B,
  0xF970, 0xF75B, 0xF554, 0xF35B,  0xF16C, 0xEF94, 0xEDCD, 0xEC1E,
  0xEA88, 0xE908, 0xE7A9, 0xE668,  0xE540, 0xE43E, 0xE361, 0xE29E,
  0xE205, 0xE18F, 0xE142, 0xE113,  0xE10F, 0xE132, 0xE177, 0xE1E2,
  0xE272, 0xE32B, 0xE3FF, 0xE4FA,  0xE615, 0xE753, 0xE8A7, 0xEA20,
  0xEBB0, 0xED58, 0xEF19, 0xF0EC,  0xF2D5, 0xF4CB, 0xF6CE, 0xF8E1,
  0xFAF7, 0xFD19, 0xFF36, 0x015F,  0x037C, 0x059C, 0x07B1, 0x09BE,
  0x0BBE, 0x0DB6, 0x0F8F, 0x1165,  0x131B, 0x14BF, 0x1645, 0x17B6,
  0x1903, 0x1A3A, 0x1B43, 0x1C3E,  0x1D04, 0x1DB4, 0x1E34, 0x1E9C,
  0x1ED5, 0x1EE7, 0x1EDF, 0x1EA5,  0x1E4B, 0x1DCB, 0x1D26, 0x1C62,
  0x1B71, 0x1A6A, 0x193C, 0x17F1,  0x1688, 0x1502, 0x136C, 0x11AC,
  0x0FE9, 0x0E07, 0x0C19, 0x0A1A,  0x080F, 0x05FC, 0x03DF, 0x01BF,
  0xFF9D, 0xFD79, 0xFB5D, 0xF942,  0xF731, 0xF52B, 0xF333, 0xF148,
  0xEF73, 0xEDAC, 0xEC06, 0xEA6C,  0xE8F3, 0xE79B, 0xE653, 0xE53A,
  0xE433, 0xE35F, 0xE29C, 0xE208,  0xE198, 0xE14A, 0xE121, 0xE120,
  0xE148, 0xE18D, 0xE1FE, 0xE291,  0xE34B, 0xE422, 0xE521, 0xE63D,
  0xE77F, 0xE8D2, 0xEA4F, 0xEBE0,  0xED8A, 0xEF49, 0xF122, 0xF306,
  0xF501, 0xF702, 0xF914, 0xFB2D,  0xFD48, 0xFF6C, 0x018D, 0x03AD,
  0x05CA, 0x07DD, 0x09E7, 0x0BE8,  0x0DD8, 0x0FB5, 0x1183, 0x133A,
  0x14D7, 0x165D, 0x17C8, 0x1916,  0x1A43, 0x1B51, 0x1C3E, 0x1D0D,
  0x1DAA, 0x1E37, 0x1E8F, 0x1EC8,  0x1EDB, 0x1EC9, 0x1E90, 0x1E31,
  0x1DAC, 0x1D0B, 0x1C3C, 0x1B4C,  0x1A45, 0x190F, 0x17C9, 0x1655,
  0x14DA, 0x1334, 0x1180, 0x0FB2,  0x0DD6, 0x0BE4, 0x09E7, 0x07DA,
  0x05C9, 0x03AB, 0x018D, 0xFF6B,  0xFD4A, 0xFB2E, 0xF915, 0xF705,
  0xF503, 0xF30C, 0xF126, 0xEF4E,  0xED92, 0xEBE6, 0xEA56, 0xE8DE,
  0xE788, 0xE646, 0xE52D, 0xE42F,  0xE359, 0xE29C, 0xE20C, 0xE19F,
  0xE155, 0xE12E, 0xE134, 0xE15A,  0xE1A7, 0xE218, 0xE2B0, 0xE36C,
  0xE446, 0xE546, 0xE66A, 0xE7A4,  0xE903, 0xEA7C, 0xEC11, 0xEDBB,
  0xEF7B, 0xF155, 0xF33B, 0xF534,  0xF737, 0xF947, 0xFB60, 0xFD7B,
  0xFFA1, 0x01B9, 0x03E1, 0x05F3,  0x080C, 0x0A10, 0x0C11, 0x0DFA,
  0x0FDA, 0x11A2, 0x1356, 0x14F3,  0x1671, 0x17DE, 0x1925, 0x1A4E,
  0x1B5B, 0x1C45, 0x1D0C, 0x1DAA,  0x1E32, 0x1E83, 0x1EBF, 0x1EC7,
  0x1EB9, 0x1E78, 0x1E16, 0x1D92,  0x1CE9, 0x1C18, 0x1B2C, 0x1A17,
  0x18ED, 0x1794, 0x162F, 0x14A6,  0x1306, 0x114C, 0x0F81, 0x0DA2,
  0x0BB0, 0x09B2, 0x07A8, 0x0593,  0x037B, 0x0157, 0xFF3E, 0xFD16,
  0xFB03, 0xF8E5, 0xF6DE, 0xF4D8,  0xF2E7, 0xF100, 0xEF2F, 0xED74,
  0xEBCB, 0xEA3C, 0xE8CC, 0xE774,  0xE63A, 0xE520, 0xE42C, 0xE351,
  0xE2A0, 0xE20E, 0xE1A8, 0xE15D,  0xE13F, 0xE144, 0xE172, 0xE1BC,
  0xE236, 0xE2CE, 0xE38D, 0xE469,  0xE56F, 0xE690, 0xE7D1, 0xE92E,
  0xEAAE, 0xEC3D, 0xEDEF, 0xEFAB,  0xF18B, 0xF36D, 0xF567, 0xF76D,
  0xF97A, 0xFB93, 0xFDAF, 0xFFCF,  0x01EE, 0x040D, 0x0622, 0x0837,
  0x0A39, 0x0C38, 0x0E20, 0x0FFB,  0x11C2, 0x1373, 0x1509, 0x168B,
  0x17F0, 0x1932, 0x1A5D, 0x1B61,  0x1C4C, 0x1D0B, 0x1DAA, 0x1E2A,
  0x1E7D, 0x1EAE, 0x1EBA, 0x1EA4,  0x1E61, 0x1DFC, 0x1D76, 0x1CC7,
  0x1BF8, 0x1B01, 0x19F8, 0x18BA,  0x176E, 0x15FF, 0x1477, 0x12D4,
  0x111D, 0x0F4C, 0x0D70, 0x0B7C,  0x097D, 0x0775, 0x0561, 0x0344,
  0x012B, 0xFF07, 0xFCEB, 0xFAD1,  0xF8BB, 0xF6B2, 0xF4B2, 0xF2BF,
  0xF0DE, 0xEF0D, 0xED58, 0xEBAE,  0xEA27, 0xE8B6, 0xE763, 0xE62C,
  0xE518, 0xE423, 0xE350, 0xE29D,  0xE216, 0xE1AE, 0xE169, 0xE14C,
  0xE15A, 0xE182, 0xE1D9, 0xE250,  0xE2EE, 0xE3AD, 0xE48E, 0xE595,
  0xE6BB, 0xE7F9, 0xE95E, 0xEADA,  0xEC6F, 0xEE1E, 0xEFE1, 0xF1BB,
  0xF3A2, 0xF59A, 0xF7A0, 0xF9B0,  0xFBC4, 0xFDE4, 0xFFFD, 0x0221,
  0x0439, 0x0653, 0x085F, 0x0A65,  0x0C5D, 0x0E46, 0x101B, 0x11E4,
  0x138B, 0x1527, 0x169E, 0x1802,  0x1944, 0x1A64, 0x1B6F, 0x1C4D,
  0x1D0B, 0x1DAA, 0x1E23, 0x1E72,  0x1EA3, 0x1EA8, 0x1E92, 0x1E45,
  0x1DE6, 0x1D56, 0x1CAA, 0x1BD1,  0x1AE0, 0x19CC, 0x1891, 0x1743,
  0x15CF, 0x144B, 0x12A0, 0x10EC,  0x0F1A, 0x0D3B, 0x0B4A, 0x0947,
  0x0746, 0x0527, 0x0318, 0x00F4,  0xFED8, 0xFCBE, 0xFA9F, 0xF893,
  0xF684, 0xF48D, 0xF297, 0xF0BD,  0xEEEC, 0xED3A, 0xEB94, 0xEA0F,
  0xE8A4, 0xE751, 0xE61F, 0xE50E,  0xE41E, 0xE34C, 0xE29F, 0xE21C,
  0xE1B3, 0xE176, 0xE15C, 0xE16B,  0xE199, 0xE1F1, 0xE26C, 0xE30E,
  0xE3CD, 0xE4B3, 0xE5BD, 0xE6E2,  0xE826, 0xE98A, 0xEB0A, 0xEC9D,
  0xEE51, 0xF013, 0xF1EE, 0xF3D5,  0xF5CF, 0xF7D3, 0xF9E4, 0xFBF6,
  0xFE16, 0x0030, 0x0250, 0x0468,  0x067F, 0x0889, 0x0A90, 0x0C83,
  0x0E69, 0x1040, 0x11FD, 0x13AC,  0x153B, 0x16B7, 0x1814, 0x1950,
  0x1A72, 0x1B76, 0x1C50, 0x1D0E,  0x1DA5, 0x1E1F, 0x1E65, 0x1E97,
  0x1E99, 0x1E7A, 0x1E32, 0x1DC6,  0x1D3F, 0x1C82, 0x1BB4, 0x1AB6,
  0x19A7, 0x1865, 0x1717, 0x15A3,  0x1418, 0x1272, 0x10B8, 0x0EEA,
  0x0D06, 0x0B16, 0x0916, 0x070C,  0x04FC, 0x02DE, 0x00C7, 0xFEA7,
  0xFC8C, 0xFA74, 0xF866, 0xF65A,  0xF467, 0xF270, 0xF09B, 0xEECC,
  0xED1E, 0xEB77, 0xE9FD, 0xE88B,  0xE745, 0xE60F, 0xE508, 0xE415,
  0xE34B, 0xE2A0, 0xE221, 0xE1BC,  0xE180, 0xE16D, 0xE17D, 0xE1B0,
  0xE208, 0xE28C, 0xE329, 0xE3F1,  0xE4D8, 0xE5E4, 0xE70A, 0xE852,
  0xE9B7, 0xEB39, 0xECCE, 0xEE80,  0xF047, 0xF221, 0xF407, 0xF604,
  0xF806, 0xFA17, 0xFC2B, 0xFE46,  0x0061, 0x0280, 0x0497, 0x06AB,
  0x08B6, 0x0AB6, 0x0CAA, 0x0E8D,  0x1060, 0x121F, 0x13C4, 0x1555,
  0x16CC, 0x1825, 0x195D, 0x1A82,  0x1B77, 0x1C5A, 0x1D08, 0x1DA8,
  0x1E13, 0x1E5E, 0x1E87, 0x1E89,  0x1E64, 0x1E1C, 0x1DAB, 0x1D20,
  0x1C61, 0x1B91, 0x1A92, 0x197C,  0x183C, 0x16EB, 0x1573, 0x13EB,
  0x123F, 0x1089, 0x0EB5, 0x0CD3,  0x0AE1, 0x08E6, 0x06D6, 0x04C9,
  0x02AC, 0x0096, 0xFE75, 0xFC5E,  0xFA47, 0xF838, 0xF635, 0xF43A,
  0xF250, 0xF075, 0xEEB1, 0xECFB,  0xEB63, 0xE9E2, 0xE87C, 0xE731,
  0xE605, 0xE4FE, 0xE411, 0xE346,  0xE2A6, 0xE221, 0xE1C8, 0xE18C,
  0xE17D, 0xE190, 0xE1C4, 0xE224,  0xE2A8, 0xE348, 0xE413, 0xE4FD,
  0xE60C, 0xE733, 0xE87D, 0xE9E5,  0xEB66, 0xECFF, 0xEEB3, 0xF07A,
  0xF250, 0xF43E, 0xF636, 0xF83B,  0xFA49, 0xFC5E, 0xFE76, 0x0096,
  0x02AD, 0x04C6, 0x06D6, 0x08E2,  0x0ADD, 0x0CD1, 0x0EB1, 0x107F,
  0x1240, 0x13DC, 0x156F, 0x16E1,  0x1834, 0x196F, 0x1A89, 0x1B82,
  0x1C59, 0x1D0C, 0x1DA3, 0x1E0A,  0x1E56, 0x1E77, 0x1E7B, 0x1E4B,
  0x1E04, 0x1D94, 0x1CFC, 0x1C48,  0x1B65, 0x1A73, 0x194D, 0x1817,
  0x16BB, 0x154A, 0x13B6, 0x1210,  0x1057, 0x0E82, 0x0CA0, 0x0AB0,
  0x08AE, 0x06A7, 0x0492, 0x027E,  0x0061, 0xFE48, 0xFC2D, 0xFA1B,
  0xF80D, 0xF60B, 0xF414, 0xF229,  0xF056, 0xEE8E, 0xECE2, 0xEB48,
  0xE9CC, 0xE86A, 0xE71F, 0xE5FC,  0xE4F3, 0xE40C, 0xE345, 0xE2A8,
  0xE229, 0xE1CD, 0xE19A, 0xE18F,  0xE1A1, 0xE1DB, 0xE240, 0xE2C1,
  0xE36B, 0xE433, 0xE525, 0xE62F,  0xE75F, 0xE8A7, 0xEA15, 0xEB93,
  0xED30, 0xEEE3, 0xF0AE, 0xF281,  0xF474, 0xF667, 0xF86F, 0xFA7E,
  0xFC8C, 0xFEAE, 0x00C1, 0x02DF,  0x04F3, 0x0702, 0x090D, 0x0B05,
  0x0CF6, 0x0ED3, 0x10A3, 0x1259,  0x13FB, 0x1583, 0x16F7, 0x1845,
  0x197C, 0x1A94, 0x1B88, 0x1C5A,  0x1D10, 0x1D9C, 0x1E04, 0x1E4A,
  0x1E6A, 0x1E67, 0x1E38, 0x1DEA,  0x1D7A, 0x1CDF, 0x1C22, 0x1B48,
  0x1A46, 0x192A, 0x17E8, 0x1693,  0x1517, 0x1388, 0x11E2, 0x1021,
  0x0E53, 0x0C6A, 0x0A7E, 0x087B,  0x0672, 0x0461, 0x024B, 0x0030,
  0xFE18, 0xFBFF, 0xF9ED, 0xF7E3,  0xF5E2, 0xF3EB, 0xF208, 0xF032,
  0xEE71, 0xECC4, 0xEB30, 0xE9B7,  0xE855, 0xE711, 0xE5F2, 0xE4E9,
  0xE407, 0xE345, 0xE2AA, 0xE22E,  0xE1D6, 0xE1A9, 0xE19E, 0xE1B4,
  0xE1F3, 0xE259, 0xE2DE, 0xE38C,  0xE454, 0xE54B, 0xE658, 0xE785,
  0xE8D7, 0xEA40, 0xEBC2, 0xED61,  0xEF15, 0xF0DE, 0xF2B8, 0xF4A2,
  0xF6A0, 0xF89E, 0xFAB2, 0xFCC1,  0xFEDB, 0x00F5, 0x030C, 0x0522,
  0x072E, 0x0935, 0x0B2E, 0x0D1B,  0x0EF7, 0x10C3, 0x1275, 0x1414,
  0x15A0, 0x1705, 0x1859, 0x1987,  0x1AA0, 0x1B8D, 0x1C5E, 0x1D0E,
  0x1D98, 0x1DFC, 0x1E3E, 0x1E5E,  0x1E51, 0x1E25, 0x1DD2, 0x1D5C,
  0x1CC2, 0x1C00, 0x1B24, 0x1A22,  0x18FD, 0x17C1, 0x1664, 0x14EA,
  0x1359, 0x11AF, 0x0FF2, 0x0E1D,  0x0C3A, 0x0A48, 0x0849, 0x063F,
  0x042F, 0x0218, 0x0000, 0xFDE6,  0xFBD3, 0xF9C0, 0xF7B9, 0xF5B8,
  0xF3C6, 0xF1E2, 0xF012, 0xEE53,  0xECA6, 0xEB1B, 0xE99E, 0xE846,
  0xE700, 0xE5E7, 0xE4E2, 0xE401,  0xE346, 0xE2AD, 0xE232, 0xE1E3,
  0xE1B4, 0xE1AF, 0xE1C8, 0xE209,  0xE277, 0xE2F8, 0xE3AB, 0xE47A,
  0xE56F, 0xE67F, 0xE7AF, 0xE903,  0xEA6D, 0xEBF1, 0xED93, 0xEF44,
  0xF112, 0xF2E9, 0xF4D7, 0xF6D2,  0xF8D2, 0xFAE3, 0xFCF6, 0xFF0A,
  0x0128, 0x0338, 0x0550, 0x075B,  0x095D, 0x0B58, 0x0D3D, 0x0F1D,
  0x10DF, 0x1295, 0x142D, 0x15B6,  0x171A, 0x1868, 0x1996, 0x1AA8,
  0x1B92, 0x1C62, 0x1D0D, 0x1D93,  0x1DF3, 0x1E34, 0x1E4E, 0x1E3F,
  0x1E0E, 0x1DBB, 0x1D41, 0x1C9F,  0x1BE3, 0x1AFD, 0x19FC, 0x18D5,
  0x1796, 0x1636, 0x14BE, 0x1326,  0x1181, 0x0FBF, 0x0DE9, 0x0C0A,
  0x0A13, 0x0816, 0x060C, 0x03FB,  0x01E9, 0xFFCD, 0xFDB9, 0xFBA2,
  0xF997, 0xF78A, 0xF594, 0xF39C,  0xF1C1, 0xEFF1, 0xEE31, 0xEC8F,
  0xEB00, 0xE98B, 0xE831, 0xE6F4,  0xE5DC, 0xE4D8, 0xE3FF, 0xE346,
  0xE2AD, 0xE23C, 0xE1EA, 0xE1C5,  0xE1BD, 0xE1DC, 0xE223, 0xE28F,
  0xE318, 0xE3C9, 0xE49F, 0xE592,  0xE6A8, 0xE7DA, 0xE92E, 0xEA9B,
  0xEC1E, 0xEDC5, 0xEF76, 0xF144,  0xF31B, 0xF50B, 0xF703, 0xF908,
  0xFB14, 0xFD2A, 0xFF39, 0x0158,  0x0368, 0x057C, 0x0787, 0x0987,
  0x0B7C, 0x0D66, 0x0F3B, 0x1103,  0x12AC, 0x144D, 0x15C7, 0x1732,
  0x1873, 0x19A8, 0x1AAC, 0x1B9B,  0x1C64, 0x1D0A, 0x1D8F, 0x1DE9,
  0x1E2A, 0x1E3E, 0x1E2B, 0x1DFA,  0x1DA1, 0x1D24, 0x1C81, 0x1BC0,
  0x1ADC, 0x19D1, 0x18AF, 0x1769,  0x160C, 0x148C, 0x12F8, 0x1152,
  0x0F88, 0x0DBD, 0x0BD0, 0x09E6,  0x07DE, 0x05DD, 0x03C7, 0x01B7,
  0xFF9E, 0xFD89, 0xFB74, 0xF96C,  0xF75F, 0xF56C, 0xF376, 0xF19F,
  0xEFCE, 0xEE16, 0xEC71, 0xEAEB,  0xE974, 0xE820, 0xE6E8, 0xE5CF,
  0xE4D2, 0xE3FC, 0xE344, 0xE2B3,  0xE240, 0xE1F6, 0xE1D3, 0xE1CE,
  0xE1F0, 0xE23C, 0xE2A8, 0xE335,  0xE3EC, 0xE4C1, 0xE5B8, 0xE6CE,
  0xE806, 0xE95A, 0xEAC7, 0xEC4F,  0xEDF5, 0xEFA7, 0xF175, 0xF350,
  0xF53D, 0xF738, 0xF938, 0xFB49,  0xFD58, 0xFF70, 0x0182, 0x039C,
  0x05A4, 0x07B6, 0x09AC, 0x0BA7,  0x0D87, 0x0F60, 0x111E, 0x12CD,
  0x1463, 0x15E0, 0x1740, 0x1887,  0x19B3, 0x1AB4, 0x1BA2, 0x1C62,
  0x1D0E, 0x1D84, 0x1DE3, 0x1E1F,  0x1E2A, 0x1E1D, 0x1DE0, 0x1D8B,
  0x1D05, 0x1C63, 0x1B9F, 0x1AB5,  0x19AD, 0x1883, 0x1742, 0x15DC,
  0x145E, 0x12CB, 0x111C, 0x0F5C,  0x0D85, 0x0BA3, 0x09AD, 0x07B0,
  0x05A6, 0x0398, 0x0184, 0xFF6D,  0xFD5B, 0xFB48, 0xF93B, 0xF73C,
  0xF53C, 0xF359, 0xF175, 0xEFB3,  0xEDF2, 0xEC5F, 0xEACB, 0xE966,
  0xE80B, 0xE6DB, 0xE5C7, 0xE4C7,  0xE3FC, 0xE345, 0xE2B2, 0xE24C,
  0xE1FD, 0xE1E5, 0xE1DB, 0xE208,  0xE254, 0xE2C1, 0xE355, 0xE40B,
  0xE4E5, 0xE5DF, 0xE6F4, 0xE833,  0xE984, 0xEAF5, 0xEC7F, 0xEE24,
  0xEFDA, 0xF1A6, 0xF383, 0xF571,  0xF768, 0xF96F, 0xFB77, 0xFD8E,
  0xFF9C, 0x01B6, 0x03C7, 0x05D3,  0x07DF, 0x09D7, 0x0BCA, 0x0DB0,
  0x0F7D, 0x1141, 0x12E5, 0x1480,  0x15F2, 0x1756, 0x1895, 0x19BE,
  0x1ABD, 0x1BA6, 0x1C66, 0x1D09,  0x1D7E, 0x1DDD, 0x1E0F, 0x1E1D,
  0x1E06, 0x1DCD, 0x1D6F, 0x1CE9,  0x1C44, 0x1B7D, 0x1A90, 0x1985,
  0x185B, 0x1716, 0x15AF, 0x1430,  0x129A, 0x10ED, 0x0F28, 0x0D54,
  0x0B70, 0x0979, 0x077D, 0x0575,  0x0364, 0x0153, 0xFF3E, 0xFD2A,
  0xFB1D, 0xF910, 0xF711, 0xF51B,  0xF32F, 0xF15D, 0xEF8D, 0xEDE2,
  0xEC40, 0xEAC0, 0xE952, 0xE804,  0xE6D6, 0xE5BF, 0xE4D0, 0xE3FD,
  0xE351, 0xE2C2, 0xE25A, 0xE21C,  0xE1F6, 0xE200, 0xE228, 0xE278,
  0xE2EC, 0xE37E, 0xE43D, 0xE516,  0xE610, 0xE72C, 0xE869, 0xE9BE,
  0xEB2F, 0xECBC, 0xEE5D, 0xF017,  0xF1E0, 0xF3C2, 0xF5A7, 0xF7A6,
  0xF9A3, 0xFBB0, 0xFDC0, 0xFFCE,  0x01E6, 0x03F0, 0x05FF, 0x0801,
  0x09FA, 0x0BE8, 0x0DC6, 0x0F94,  0x1150, 0x12F3, 0x1484, 0x15F6,
  0x1751, 0x1891, 0x19AE, 0x1AAF,  0x1B8C, 0x1C50, 0x1CE3, 0x1D61,
  0x1DB1, 0x1DE4, 0x1DEA, 0x1DD6,  0x1D93, 0x1D35, 0x1CAA, 0x1C07,
  0x1B36, 0x1A50, 0x193C, 0x1817,  0x16CB, 0x1567, 0x13E9, 0x1252,
  0x10A3, 0x0EE4, 0x0D0F, 0x0B2C,  0x093B, 0x073C, 0x053C, 0x032B,
  0x0121, 0xFF0C, 0xFD00, 0xFAF3,  0xF8EE, 0xF6F1, 0xF501, 0xF31B,
  0xF14B, 0xEF83, 0xEDDB, 0xEC41,  0xEAC0, 0xE960, 0xE80F, 0xE6EC,
  0xE5D5, 0xE4EF, 0xE41E, 0xE377,  0xE2EC, 0xE28D, 0xE248, 0xE231,
  0xE238, 0xE264, 0xE2BB, 0xE328,  0xE3C8, 0xE480, 0xE55D, 0xE65B,
  0xE777, 0xE8B0, 0xEA09, 0xEB7A,  0xED05, 0xEEA7, 0xF05C, 0xF229,
  0xF402, 0xF5EC, 0xF7E1, 0xF9E3,  0xFBE6, 0xFDF6, 0x0002, 0x0210,
  0x041D, 0x0623, 0x0821, 0x0A17,  0x0C01, 0x0DD5, 0x0FA6, 0x1153,
  0x12FB, 0x147F, 0x15EF, 0x1749,  0x187A, 0x199B, 0x1A93, 0x1B6E,
  0x1C29, 0x1CBC, 0x1D34, 0x1D81,  0x1DAD, 0x1DB5, 0x1D97, 0x1D59,
  0x1CF0, 0x1C6B, 0x1BBF, 0x1AF0,  0x1A05, 0x18F8, 0x17C9, 0x1683,
  0x151B, 0x13A1, 0x1208, 0x105C,  0x0E9E, 0x0CC9, 0x0AEB, 0x08F8,
  0x0704, 0x04FD, 0x02F7, 0x00EC,  0xFEDD, 0xFCD5, 0xFACB, 0xF8CC,
  0xF6D3, 0xF4E7, 0xF309, 0xF136,  0xEF7F, 0xEDD2, 0xEC42, 0xEAC4,
  0xE96A, 0xE820, 0xE6FC, 0xE5F2,  0xE50A, 0xE442, 0xE39B, 0xE31A,
  0xE2BB, 0xE27A, 0xE269, 0xE271,  0xE2A3, 0xE2F6, 0xE36F, 0xE40C,
  0xE4C4, 0xE5A6, 0xE6A2, 0xE7C2,  0xE8FA, 0xEA53, 0xEBC4, 0xED4D,
  0xEEEE, 0xF0A7, 0xF26B, 0xF447,  0xF62B, 0xF822, 0xFA1C, 0xFC21,
  0xFE28, 0x0035, 0x023D, 0x0445,  0x0649, 0x083F, 0x0A35, 0x0C15,
  0x0DE8, 0x0FB2, 0x115C, 0x12FB,  0x147E, 0x15E7, 0x173C, 0x1868,
  0x1984, 0x1A78, 0x1B4E, 0x1C02,  0x1C95, 0x1D07, 0x1D4D, 0x1D7A,
  0x1D7B, 0x1D61, 0x1D14, 0x1CB7,  0x1C27, 0x1B7C, 0x1AAC, 0x19BF,
  0x18B5, 0x177F, 0x163E, 0x14D6,  0x135A, 0x11C3, 0x101A, 0x0E59,
  0x0C8B, 0x0AAA, 0x08BD, 0x06C8,  0x04C7, 0x02C0, 0x00BC, 0xFEAE,
  0xFCA8, 0xFAA4, 0xF8A8, 0xF6B0,  0xF4CF, 0xF2E9, 0xF129, 0xEF67,
  0xEDCB, 0xEC33, 0xEAC5, 0xE966,  0xE825, 0xE701, 0xE600, 0xE517,
  0xE455, 0xE3B0, 0xE337, 0xE2D3,  0xE29F, 0xE287, 0xE29C, 0xE2C7,
  0xE324, 0xE39B, 0xE43C, 0xE4F4,  0xE5DA, 0xE6D7, 0xE7F7, 0xE92F,
  0xEA8D, 0xEBFA, 0xED86, 0xEF27,  0xF0DD, 0xF2A4, 0xF47E, 0xF661,
  0xF859, 0xFA4E, 0xFC55, 0xFE59,  0x0065, 0x026A, 0x0472, 0x0670,
  0x0868, 0x0A59, 0x0C37, 0x0E08,  0x0FCD, 0x1177, 0x1311, 0x1492,
  0x15F8, 0x1749, 0x1873, 0x198B,  0x1A7E, 0x1B4C, 0x1C02, 0x1C90,
  0x1CFE, 0x1D43, 0x1D6A, 0x1D6E,  0x1D46, 0x1D02, 0x1C99, 0x1C0B,
  0x1B5D, 0x1A87, 0x199E, 0x1887,  0x175C, 0x160F, 0x14AD, 0x1328,
  0x1196, 0x0FE7, 0x0E2C, 0x0C56,  0x0A79, 0x088C, 0x0695, 0x0495,
  0x0293, 0x0088, 0xFE83, 0xFC79,  0xFA79, 0xF87D, 0xF68B, 0xF4A6,
  0xF2C8, 0xF107, 0xEF49, 0xEDAF,  0xEC1C, 0xEAAF, 0xE955, 0xE814,
  0xE6F7, 0xE5F7, 0xE513, 0xE453,  0xE3B4, 0xE33A, 0xE2DF, 0xE2A7,
  0xE29D, 0xE2A9, 0xE2E1, 0xE33B,  0xE3BA, 0xE456, 0xE519, 0xE5FD,
  0xE6FE, 0xE81E, 0xE95A, 0xEAB7,  0xEC2B, 0xEDB1, 0xEF5B, 0xF10A,
  0xF2D8, 0xF4AD, 0xF696, 0xF888,  0xFA82, 0xFC84, 0xFE8B, 0x0091,
  0x029B, 0x049C, 0x069C, 0x0891,  0x0A7F, 0x0C5A, 0x0E2C, 0x0FEB,
  0x1195, 0x1329, 0x14A9, 0x160D,  0x1757, 0x1881, 0x1995, 0x1A83,
  0x1B51, 0x1C00, 0x1C8D, 0x1CF4,  0x1D39, 0x1D5D, 0x1D5C, 0x1D31,
  0x1CEB, 0x1C7D, 0x1BEF, 0x1B39,  0x1A69, 0x1975, 0x1863, 0x172F,
  0x15E7, 0x147D, 0x12FC, 0x1166,  0x0FB8, 0x0DF8, 0x0C26, 0x0A47,
  0x085B, 0x0662, 0x0465, 0x0261,  0x005A, 0xFE53, 0xFC4E, 0xFA4B,
  0xF856, 0xF662, 0xF480, 0xF2A8,  0xF0E2, 0xEF31, 0xED8E, 0xEC08,
  0xEA9A, 0xE940, 0xE80A, 0xE6E8,  0xE5F3, 0xE50A, 0xE455, 0xE3B7,
  0xE33E, 0xE2E9, 0xE2B4, 0xE2AD,  0xE2BC, 0xE2F6, 0xE357, 0xE3D3,
  0xE478, 0xE539, 0xE622, 0xE724,  0xE845, 0xE987, 0xEAE3, 0xEC57,
  0xEDE2, 0xEF88, 0xF13E, 0xF307,  0xF4E0, 0xF6C8, 0xF8B9, 0xFAB3,
  0xFCB5, 0xFEBA, 0x00C2, 0x02C7,  0x04C9, 0x06C5, 0x08BB, 0x0AA3,
  0x0C82, 0x0E4A, 0x100D, 0x11AE,  0x1344, 0x14C0, 0x161F, 0x1767,
  0x188D, 0x19A1, 0x1A85, 0x1B55,  0x1BFF, 0x1C88, 0x1CEE, 0x1D2C,
  0x1D50, 0x1D48, 0x1D1E, 0x1CD2,  0x1C65, 0x1BCD, 0x1B1C, 0x1A44,
  0x1953, 0x1836, 0x170A, 0x15B9,  0x1452, 0x12CD, 0x1135, 0x0F89,
  0x0DC7, 0x0BF3, 0x0A18, 0x0826,  0x0633, 0x0434, 0x022F, 0x002D,
  0xFE23, 0xFC22, 0xFA21, 0xF82B,  0xF63C, 0xF45A, 0xF285, 0xF0C3,
  0xEF12, 0xED74, 0xEBF1, 0xEA84,  0xE931, 0xE7F7, 0xE6E4, 0xE5E4,
  0xE50D, 0xE44F, 0xE3BE, 0xE342,  0xE2F1, 0xE2C6, 0xE2B8, 0xE2D2,
  0xE30D, 0xE36F, 0xE3F2, 0xE495,  0xE55B, 0xE648, 0xE748, 0xE870,
  0xE9B1, 0xEB0F, 0xEC83, 0xEE13,  0xEFB7, 0xF170, 0xF337, 0xF512,
  0xF6FA, 0xF8E9, 0xFAE7, 0xFCE3,  0xFEED, 0x00ED, 0x02F6, 0x04F4,
  0x06F0, 0x08E4, 0x0AC8, 0x0CA4,  0x0E6F, 0x1028, 0x11CD, 0x135C,
  0x14D4, 0x1635, 0x1773, 0x189E,  0x19A6, 0x1A8C, 0x1B57, 0x1BFF,
  0x1C82, 0x1CE5, 0x1D21, 0x1D43,  0x1D34, 0x1D09, 0x1CBA, 0x1C49,
  0x1BB1, 0x1AF7, 0x1A27, 0x1926,  0x1814, 0x16DF, 0x158D, 0x1426,
  0x129D, 0x1107, 0x0F5A, 0x0D92,  0x0BC7, 0x09E0, 0x07FB, 0x05FC,
  0x0407, 0x01FD, 0xFFFD, 0xFDF7,  0xFBF4, 0xF9F7, 0xF803, 0xF612,
  0xF438, 0xF261, 0xF0A5, 0xEEF4,  0xED59, 0xEBDC, 0xEA6D, 0xE921,
  0xE7EA, 0xE6D8, 0xE5E0, 0xE505,  0xE453, 0xE3BE, 0xE34A, 0xE2FC,
  0xE2D2, 0xE2CA, 0xE2E4, 0xE326,  0xE388, 0xE40F, 0xE4B3, 0xE580,
  0xE66A, 0xE76F, 0xE898, 0xE9DD,  0xEB3A, 0xECB2, 0xEE40, 0xEFE9,
  0xF19E, 0xF36B, 0xF543, 0xF72A,  0xF91D, 0xFB15, 0xFD17, 0xFF1A,
  0x011C, 0x0324, 0x051E, 0x071B,  0x090B, 0x0AEE, 0x0CC8, 0x0E90,
  0x1045, 0x11EA, 0x1372, 0x14EF,  0x1640, 0x1788, 0x18A8, 0x19AE,
  0x1A94, 0x1B54, 0x1C02, 0x1C7A,  0x1CDE, 0x1D16, 0x1D33, 0x1D21,
  0x1CF4, 0x1CA3, 0x1C2C, 0x1B92,  0x1ADA, 0x19FF, 0x1905, 0x17E8,
  0x16B7, 0x1564, 0x13F4, 0x1273,  0x10D6, 0x0F28, 0x0D65, 0x0B90,
  0x09B5, 0x07C3, 0x05CF, 0x03D4,  0x01CE, 0xFFCF, 0xFDC8, 0xFBC8,
  0xF9CD, 0xF7D8, 0xF5EF, 0xF410,  0xF241, 0xF085, 0xEED5, 0xED42,
  0xEBC4, 0xEA59, 0xE910, 0xE7DD,  0xE6CF, 0xE5D6, 0xE505, 0xE451,
  0xE3C4, 0xE34E, 0xE308, 0xE2DF,  0xE2DC, 0xE2F6, 0xE33F, 0xE3A1,
  0xE42C, 0xE4D3, 0xE5A4, 0xE68B,  0xE799, 0xE8BF, 0xEA09, 0xEB66,
  0xECDE, 0xEE72, 0xF017, 0xF1CF,  0xF39B, 0xF575, 0xF75D, 0xF94C,
  0xFB48, 0xFD45, 0xFF4A, 0x014C,  0x034E, 0x054B, 0x0746, 0x092E,
  0x0B1A, 0x0CE4, 0x0EB8, 0x105E,  0x1206, 0x138D, 0x1501, 0x1656,
  0x1794, 0x18B4, 0x19B8, 0x1A94,  0x1B5D, 0x1BF9, 0x1C78, 0x1CD4,
  0x1D0A, 0x1D24, 0x1D0D, 0x1CE0,  0x1C89, 0x1C11, 0x1B72, 0x1ABB,
  0x19DB, 0x18DE, 0x17C1, 0x168E,  0x1535, 0x13CB, 0x1241, 0x10AA,
  0x0EF5, 0x0D34, 0x0B62, 0x097F,  0x0795, 0x059D, 0x03A2, 0x01A2,
  0xFF9D, 0xFD9C, 0xFB9C, 0xF9A1,  0xF7B3, 0xF5C5, 0xF3EE, 0xF21F,
  0xF064, 0xEEBB, 0xED28, 0xEBAC,  0xEA46, 0xE900, 0xE7CF, 0xE6C8,
  0xE5CC, 0xE504, 0xE452, 0xE3C6,  0xE356, 0xE314, 0xE2EB, 0xE2EE,
  0xE30A, 0xE356, 0xE3BF, 0xE442,  0xE4FB, 0xE5BF, 0xE6B6, 0xE7BA,
  0xE8EE, 0xEA2F, 0xEB95, 0xED0B,  0xEEA1, 0xF046, 0xF201, 0xF3CA,
  0xF5AB, 0xF789, 0xF981, 0xFB77,  0xFD75, 0xFF7A, 0x017A, 0x0379,
  0x057A, 0x076A, 0x095C, 0x0B37,  0x0D0F, 0x0ED1, 0x1081, 0x121E,
  0x13A7, 0x1513, 0x166A, 0x17A1,  0x18C2, 0x19BC, 0x1A9B, 0x1B5D,
  0x1BF8, 0x1C72, 0x1CC9, 0x1D01,  0x1D11, 0x1CFC, 0x1CC9, 0x1C73,
  0x1BF0, 0x1B59, 0x1A95, 0x19B9,  0x18B8, 0x179A, 0x1662, 0x150C,
  0x139A, 0x1216, 0x1079, 0x0EC4,  0x0D05, 0x0B2F, 0x094F, 0x0764,
  0x056A, 0x0374, 0x0170, 0xFF70,  0xFD6F, 0xFB6F, 0xF979, 0xF788,
  0xF5A0, 0xF3CA, 0xF1FE, 0xF045,  0xEE9F, 0xED0E, 0xEB96, 0xEA35,
  0xE8EB, 0xE7CA, 0xE6B6, 0xE5CD,  0xE4FE, 0xE454, 0xE3CA, 0xE35C,
  0xE322, 0xE2F7, 0xE300, 0xE31F,  0xE36E, 0xE3D8, 0xE461, 0xE519,
  0xE5E5, 0xE6D7, 0xE7E5, 0xE914,  0xEA5C, 0xEBC0, 0xED39, 0xEED1,
  0xF076, 0xF230, 0xF3FF, 0xF5D7,  0xF7BF, 0xF9AF, 0xFBA9, 0xFDA6,
  0xFFA7, 0x01A8, 0x03A8, 0x05A1,  0x0797, 0x097F, 0x0B60, 0x0D2E,
  0x0EF3, 0x109D, 0x1239, 0x13BF,  0x1528, 0x1679, 0x17B1, 0x18CD,
  0x19C1, 0x1AA3, 0x1B5B, 0x1BF6,  0x1C6B, 0x1CC1, 0x1CF5, 0x1CFE,
  0x1CEB, 0x1CB3, 0x1C57, 0x1BD7,  0x1B37, 0x1A77, 0x1994, 0x1890,
  0x1774, 0x1638, 0x14DE, 0x136F,  0x11E8, 0x1047, 0x0E98, 0x0CCE,
  0x0B03, 0x091B, 0x0733, 0x053C,  0x0340, 0x0143, 0xFF41, 0xFD41,
  0xFB46, 0xF94D, 0xF761, 0xF57A,  0xF3A7, 0xF1DD, 0xF025, 0xEE84,
  0xECF6, 0xEB7F, 0xEA21, 0xE8E0,  0xE7B7, 0xE6B4, 0xE5C1, 0xE4FF,
  0xE456, 0xE3CA, 0xE36A, 0xE329,  0xE308, 0xE30F, 0xE337, 0xE385,
  0xE3F2, 0xE47F, 0xE53A, 0xE607,  0xE6FC, 0xE80D, 0xE93E, 0xEA86,
  0xEBEB, 0xED69, 0xEEFF, 0xF0A6,  0xF262, 0xF42D, 0xF60B, 0xF7EE,
  0xF9E2, 0xFBD8, 0xFDD6, 0xFFD6,  0x01D5, 0x03D6, 0x05C9, 0x07C3,
  0x09A2, 0x0B88, 0x0D4F, 0x0F13,  0x10B9, 0x1256, 0x13D3, 0x153F,
  0x1687, 0x17C4, 0x18D2, 0x19CB,  0x1AA7, 0x1B5A, 0x1BF6, 0x1C60,
  0x1CBC, 0x1CE3, 0x1CF3, 0x1CD3,  0x1CA0, 0x1C3C, 0x1BB9, 0x1B1B,
  0x1A54, 0x1970, 0x1869, 0x174D,  0x160C, 0x14B4, 0x1341, 0x11B9,
  0x1019, 0x0E64, 0x0CA4, 0x0ACC,  0x08EC, 0x0702, 0x0509, 0x0315,
  0x0110, 0xFF15, 0xFD12, 0xFB1D,  0xF921, 0xF73C, 0xF552, 0xF386,
  0xF1BA, 0xF009, 0xEE66, 0xECE0,  0xEB67, 0xEA11, 0xE8CD, 0xE7B1,
  0xE6A3, 0xE5C4, 0xE4F8, 0xE459,  0xE3CF, 0xE371, 0xE337, 0xE315,
  0xE320, 0xE34E, 0xE39C, 0xE40C,  0xE4A1, 0xE556, 0xE62D, 0xE71E,
  0xE837, 0xE965, 0xEAB4, 0xEC15,  0xED9A, 0xEF2C, 0xF0D5, 0xF294,
  0xF45E, 0xF63B, 0xF820, 0xFA13,  0xFC07, 0xFE07, 0x0003, 0x0203,
  0x0401, 0x05F5, 0x07E9, 0x09CB,  0x0BAA, 0x0D73, 0x0F31, 0x10D6,
  0x126F, 0x13ED, 0x154D, 0x169F,  0x17CB, 0x18E0, 0x19D2, 0x1AA8,
  0x1B5D, 0x1BEF, 0x1C5C, 0x1CB2,  0x1CD5, 0x1CE1, 0x1CC2, 0x1C88,
  0x1C20, 0x1BA0, 0x1AF9, 0x1A35,  0x1947, 0x1848, 0x1721, 0x15E4,
  0x1487, 0x1313, 0x118D, 0x0FE6,  0x0E38, 0x0C6F, 0x0A9F, 0x08B8,
  0x06D2, 0x04DA, 0x02E3, 0x00E1,  0xFEE8, 0xFCE5, 0xFAF2, 0xF8F9,
  0xF712, 0xF52F, 0xF361, 0xF19A,  0xEFEC, 0xEE4C, 0xECC6, 0xEB53,
  0xE9FC, 0xE8C3, 0xE7A1, 0xE69E,  0xE5BB, 0xE4FB, 0xE458, 0xE3D4,
  0xE37D, 0xE33E, 0xE326, 0xE334,  0xE362, 0xE3B6, 0xE425, 0xE4C0,
  0xE578, 0xE64D, 0xE747, 0xE85B,  0xE993, 0xEAD9, 0xEC47, 0xEDC5,
  0xEF5B, 0xF107, 0xF2C1, 0xF494,  0xF667, 0xF856, 0xFA3D, 0xFC3F,
  0xFE30, 0x0036, 0x022E, 0x042D,  0x061F, 0x0812, 0x09F0, 0x0BD0,
  0x0D92, 0x0F51, 0x10F3, 0x1289,  0x1402, 0x1562, 0x16AD, 0x17DC,
  0x18E5, 0x19DC, 0x1AAA, 0x1B5D,  0x1BEA, 0x1C58, 0x1CA4, 0x1CCB,
  0x1CCB, 0x1CB3, 0x1C6E, 0x1C09,  0x1B7F, 0x1ADF, 0x1A0C, 0x1929,
  0x181D, 0x16FC, 0x15B8, 0x145A,  0x12E9, 0x115A, 0x0FBB, 0x0E03,
  0x0C44, 0x0A67, 0x088F, 0x069A,  0x04AE, 0x02B0, 0x00B6, 0xFEB7,
  0xFCBC, 0xFAC2, 0xF8D6, 0xF6E5,  0xF510, 0xF33B, 0xF17A, 0xEFD0,
  0xEE2E, 0xECB1, 0xEB3C, 0xE9EE,  0xE8B1, 0xE797, 0xE695, 0xE5B8,
  0xE4FA, 0xE457, 0xE3DD, 0xE384,  0xE34A, 0xE338, 0xE342, 0xE37D,
  0xE3C9, 0xE444, 0xE4DE, 0xE598,  0xE671, 0xE76B, 0xE886, 0xE9B8,
  0xEB07, 0xEC73, 0xEDF3, 0xEF8B,  0xF134, 0xF2F5, 0xF4C1, 0xF69C,
  0xF883, 0xFA72, 0xFC69, 0xFE65,  0x0060, 0x025E, 0x0456, 0x064B,
  0x0838, 0x0A17, 0x0BF3, 0x0DB4,  0x0F70, 0x110E, 0x12A3, 0x1416,
  0x1577, 0x16BF, 0x17E4, 0x18F3,  0x19DE, 0x1AB1, 0x1B59, 0x1BE7,
  0x1C51, 0x1C9A, 0x1CBB, 0x1CBD,  0x1C9C, 0x1C59, 0x1BEB, 0x1B67,
  0x1ABA, 0x19EF, 0x1900, 0x17FB,  0x16CF, 0x158F, 0x142E, 0x12BC,
  0x112C, 0x0F89, 0x0DD6, 0x0C10,  0x0A3B, 0x0858, 0x066F, 0x047A,
  0x0283, 0x0086, 0xFE8B, 0xFC8E,  0xFA9B, 0xF8A8, 0xF6C3, 0xF4E8,
  0xF31B, 0xF159, 0xEFB1, 0xEE17,  0xEC97, 0xEB29, 0xE9DA, 0xE8A6,
  0xE788, 0xE692, 0xE5B0, 0xE4FC,  0xE456, 0xE3E5, 0xE38E, 0xE354,
  0xE349, 0xE356, 0xE391, 0xE3E4,  0xE45D, 0xE500, 0xE5B5, 0xE699,
  0xE78D, 0xE8B1, 0xE9DE, 0xEB36,  0xEC9C, 0xEE25, 0xEFB5, 0xF169,
  0xF323, 0xF4F2, 0xF6CC, 0xF8B4,  0xFAA4, 0xFC98, 0xFE94, 0x008D,
  0x028B, 0x0482, 0x0674, 0x0860,  0x0A3D, 0x0C15, 0x0DD7, 0x0F8B,
  0x112E, 0x12B9, 0x142D, 0x158A,  0x16CE, 0x17F1, 0x18FB, 0x19E6,
  0x1AB1, 0x1B5A, 0x1BE1, 0x1C4B,  0x1C8E, 0x1CAC, 0x1CAC, 0x1C89,
  0x1C3E, 0x1BD4, 0x1B48, 0x1A9B,  0x19CC, 0x18DB, 0x17D5, 0x16A7,
  0x1562, 0x1406, 0x128B, 0x10FF,  0x0F59, 0x0DA7, 0x0BDE, 0x0A0B,
  0x0826, 0x0640, 0x0449, 0x0254,  0x0057, 0xFE5E, 0xFC62, 0xFA70,
  0xF881, 0xF69B, 0xF4C6, 0xF2F6,  0xF13B, 0xEF94, 0xEDFE, 0xEC7D,
  0xEB18, 0xE9C7, 0xE899, 0xE77D,  0xE68A, 0xE5AF, 0xE4F7, 0xE45D,
  0xE3E9, 0xE397, 0xE364, 0xE354,  0xE36F, 0xE3A2, 0xE3FF, 0xE47B,
  0xE51B, 0xE5DB, 0xE6B5, 0xE7BB,  0xE8D3, 0xEA0B, 0xEB5F, 0xECCC,
  0xEE4F, 0xEFE8, 0xF196, 0xF354,  0xF524, 0xF6FB, 0xF8E6, 0xFAD4,
  0xFCC6, 0xFEC5, 0x00BA, 0x02B7,  0x04AE, 0x069D, 0x0885, 0x0A67,
  0x0C33, 0x0DFB, 0x0FA8, 0x1149,  0x12D2, 0x1441, 0x159E, 0x16DC,
  0x17FE, 0x1903, 0x19EB, 0x1AB5,  0x1B56, 0x1BDE, 0x1C45, 0x1C7D,
  0x1CA4, 0x1C96, 0x1C77, 0x1C24,  0x1BB9, 0x1B2D, 0x1A7A, 0x19A7,
  0x18BA, 0x17AB, 0x1680, 0x1537,  0x13D8, 0x1260, 0x10CF, 0x0F2B,
  0x0D76, 0x0BAE, 0x09D8, 0x07F9,  0x060D, 0x041A, 0x0225, 0x0029,
  0xFE2F, 0xFC39, 0xFA45, 0xF858,  0xF676, 0xF4A0, 0xF2D6, 0xF11C,
  0xEF77, 0xEDE4, 0xEC66, 0xEB04,  0xE9B8, 0xE88A, 0xE773, 0xE684,
  0xE5AA, 0xE4F9, 0xE45D, 0xE3F2,  0xE3A1, 0xE36D, 0xE36B, 0xE37C,
  0xE3BD, 0xE415, 0xE499, 0xE53A,  0xE5FB, 0xE6D9, 0xE7E4, 0xE8F6,
  0xEA39, 0xEB88, 0xECFA, 0xEE7D,  0xF016, 0xF1C7, 0xF384, 0xF554,
  0xF72C, 0xF917, 0xFB02, 0xFCF9,  0xFEEF, 0x00EC, 0x02E1, 0x04D8,
  0x06C8, 0x08AA, 0x0A8F, 0x0C54,  0x0E1B, 0x0FC6, 0x1165, 0x12E9,
  0x1458, 0x15AE, 0x16ED, 0x1807,  0x190E, 0x19F0, 0x1AB5, 0x1B55,
  0x1BDA, 0x1C3B, 0x1C74, 0x1C91,  0x1C88, 0x1C60, 0x1C0B, 0x1BA1,
  0x1B0E, 0x1A58, 0x1987, 0x1893,  0x1786, 0x1655, 0x150D, 0x13AD,
  0x1232, 0x109E, 0x0F00, 0x0D41,  0x0B82, 0x09A4, 0x07CA, 0x05DD,
  0x03E9, 0x01F7, 0xFFF9, 0xFE06,  0xFC0A, 0xFA1D, 0xF82F, 0xF651,
  0xF47C, 0xF2B3, 0xF0FF, 0xEF5B,  0xEDC9, 0xEC51, 0xEAEE, 0xE9AB,
  0xE87A, 0xE76A, 0xE67F, 0xE5A5,  0xE4F8, 0xE463, 0xE3F8, 0xE3AB,
  0xE37B, 0xE37A, 0xE391, 0xE3D4,  0xE42C, 0xE4BB, 0xE554, 0xE61E,
  0xE6FF, 0xE806, 0xE923, 0xEA5F,  0xEBB6, 0xED26, 0xEEAA, 0xF047,
  0xF1F5, 0xF3B6, 0xF582, 0xF760,  0xF944, 0xFB35, 0xFD25, 0xFF22,
  0x0114, 0x0312, 0x04FF, 0x06F2,  0x08D2, 0x0AB1, 0x0C79, 0x0E3A,
  0x0FE4, 0x117F, 0x1301, 0x146B,  0x15C5, 0x16F6, 0x1816, 0x1915,
  0x19F3, 0x1AB9, 0x1B51, 0x1BD7,  0x1C30, 0x1C6A, 0x1C7F, 0x1C7A,
  0x1C47, 0x1BF4, 0x1B87, 0x1AED,  0x1A3C, 0x195F, 0x1874, 0x1759,
  0x162F, 0x14E2, 0x1381, 0x1203,  0x1072, 0x0ECC, 0x0D17, 0x0B4C,
  0x0978, 0x0798, 0x05AB, 0x03BC,  0x01C7, 0xFFCB, 0xFDDB, 0xFBDC,
  0xF9F6, 0xF806, 0xF62C, 0xF458,  0xF292, 0xF0E0, 0xEF3F, 0xEDB1,
  0xEC39, 0xEADE, 0xE998, 0xE86E,  0xE762, 0xE675, 0xE5A7, 0xE4F3,
  0xE46D, 0xE3FB, 0xE3B6, 0xE388,  0xE38C, 0xE3A7, 0xE3E6, 0xE44C,
  0xE4D2, 0xE576, 0xE640, 0xE722,  0xE82E, 0xE94A, 0xEA87, 0xEBE6,
  0xED4F, 0xEEDB, 0xF075, 0xF225,  0xF3E5, 0xF5B4, 0xF78F, 0xF977,
  0xFB62, 0xFD56, 0xFF4E, 0x0144,  0x033B, 0x052C, 0x0718, 0x08FA,
  0x0AD5, 0x0C9B, 0x0E59, 0x1003,  0x1198, 0x1318, 0x1482, 0x15D3,
  0x1707, 0x1820, 0x191B, 0x19FE,  0x1AB0, 0x1B58, 0x1BCB, 0x1C2B,
  0x1C5A, 0x1C73, 0x1C66, 0x1C30,  0x1BDF, 0x1B67, 0x1AD4, 0x1A15,
  0x1943, 0x184A, 0x1735, 0x1603,  0x14B8, 0x1355, 0x11D5, 0x1043,
  0x0E9F, 0x0CE3, 0x0B1F, 0x0945,  0x0769, 0x057B, 0x038D, 0x0196,
  0xFFA1, 0xFDAA, 0xFBB6, 0xF9C9,  0xF7E0, 0xF607, 0xF433, 0xF273,
  0xF0C1, 0xEF23, 0xED99, 0xEC22,  0xEACD, 0xE986, 0xE863, 0xE759,
  0xE670, 0xE5A1, 0xE4F8, 0xE46D,  0xE407, 0xE3BC, 0xE39B, 0xE399,
  0xE3BD, 0xE3FB, 0xE469, 0xE4ED,  0xE597, 0xE65F, 0xE749, 0xE853,
  0xE970, 0xEAB7, 0xEC0B, 0xED81,  0xEF05, 0xF0A6, 0xF255, 0xF414,
  0xF5E5, 0xF7C0, 0xF9A5, 0xFB94,  0xFD83, 0xFF7E, 0x0170, 0x0366,
  0x0557, 0x073F, 0x0922, 0x0AF8,  0x0CBE, 0x0E77, 0x1021, 0x11B1,
  0x132F, 0x1498, 0x15E2, 0x1716,  0x1829, 0x1926, 0x19FD, 0x1AB6,
  0x1B50, 0x1BCA, 0x1C1E, 0x1C4F,  0x1C66, 0x1C4F, 0x1C1C, 0x1BC5,
  0x1B4E, 0x1AB3, 0x19F7, 0x191C,  0x1828, 0x170B, 0x15DB, 0x148E,
  0x1328, 0x11A6, 0x1017, 0x0E6D,  0x0CB7, 0x0AEA, 0x091A, 0x0734,
  0x054E, 0x035C, 0x0169, 0xFF72,  0xFD80, 0xFB8A, 0xF9A0, 0xF7B9,
  0xF5E2, 0xF40F, 0xF256, 0xF0A0,  0xEF0B, 0xED7C, 0xEC11, 0xEAB8,
  0xE979, 0xE854, 0xE753, 0xE669,  0xE59F, 0xE4F9, 0xE472, 0xE40E,
  0xE3C7, 0xE3A9, 0xE3AC, 0xE3D0,  0xE414, 0xE482, 0xE50B, 0xE5B5,
  0xE683, 0xE76F, 0xE875, 0xE99D,  0xEADE, 0xEC38, 0xEDAE, 0xEF32,
  0xF0D7, 0xF282, 0xF448, 0xF610,  0xF7F5, 0xF9D2, 0xFBC4, 0xFDB4,
  0xFFA9, 0x019E, 0x0392, 0x057F,  0x0769, 0x0947, 0x0B1B, 0x0CE1,
  0x0E96, 0x103D, 0x11CB, 0x1345,  0x14AD, 0x15F2, 0x1723, 0x1835,
  0x192B, 0x1A03, 0x1AB3, 0x1B52,  0x1BC0, 0x1C15, 0x1C43, 0x1C56,
  0x1C3B, 0x1C08, 0x1BA8, 0x1B38,  0x1A8E, 0x19DA, 0x18F9, 0x1800,
  0x16E6, 0x15B0, 0x1464, 0x12FB,  0x1178, 0x0FEA, 0x0E3D, 0x0C86,
  0x0ABD, 0x08E4, 0x070A, 0x051A,  0x0330, 0x0139, 0xFF46, 0xFD52,
  0xFB62, 0xF975, 0xF795, 0xF5BA,  0xF3F0, 0xF231, 0xF086, 0xEEEE,
  0xED65, 0xEBFC, 0xEAA5, 0xE969,  0xE84B, 0xE748, 0xE665, 0xE59D,
  0xE4FA, 0xE479, 0xE413, 0xE3D4,  0xE3B8, 0xE3BE, 0xE3E2, 0xE42E,
  0xE49D, 0xE527, 0xE5D6, 0xE6A4,  0xE793, 0xE89E, 0xE9C3, 0xEB0B,
  0xEC61, 0xEDDD, 0xEF5E, 0xF109,  0xF2B0, 0xF475, 0xF648, 0xF81D,
  0xFA08, 0xFBF0, 0xFDE3, 0xFFD8,  0x01CA, 0x03BD, 0x05A8, 0x0792,
  0x096C, 0x0B3F, 0x0D01, 0x0EB6,  0x1058, 0x11E6, 0x135A, 0x14C1,
  0x1602, 0x1730, 0x1840, 0x1931,  0x1A05, 0x1AB5, 0x1B4D, 0x1BBB,
  0x1C08, 0x1C3B, 0x1C40, 0x1C2D,  0x1BEC, 0x1B95, 0x1B16, 0x1A75,
  0x19B3, 0x18DB, 0x17D7, 0x16BE,  0x1589, 0x1437, 0x12CE, 0x114E,
  0x0FB6, 0x0E13, 0x0C52, 0x0A8E,  0x08B7, 0x06D5, 0x04EF, 0x02FD,
  0x010E, 0xFF18, 0xFD25, 0xFB39,  0xF94B, 0xF771, 0xF594, 0xF3CD,
  0xF212, 0xF069, 0xEED2, 0xED4F,  0xEBE6, 0xEA94, 0xE959, 0xE841,
  0xE73F, 0xE661, 0xE599, 0xE4FF,  0xE47C, 0xE41C, 0xE3DF, 0xE3C9,
  0xE3CE, 0xE3F8, 0xE447, 0xE4B5,  0xE547, 0xE5F4, 0xE6C8, 0xE7BA,
  0xE8BE, 0xE9F2, 0xEB30, 0xEC92,  0xEE06, 0xEF90, 0xF133, 0xF2E3,
  0xF4A5, 0xF675, 0xF852, 0xFA32,  0xFC24, 0xFE10, 0x0004, 0x01F8,
  0x03E5, 0x05D6, 0x07B5, 0x0994,  0x0B61, 0x0D22, 0x0ED6, 0x1073,
  0x11FC, 0x1375, 0x14D1, 0x1613,  0x173D, 0x1848, 0x193B, 0x1A03,
  0x1AB9, 0x1B48, 0x1BB3, 0x1C00,  0x1C2B, 0x1C32, 0x1C17, 0x1BD6,
  0x1B7E, 0x1AF6, 0x1A57, 0x1993,  0x18B6, 0x17B1, 0x1698, 0x155C,
  0x1410, 0x129E, 0x1121, 0x0F8A,  0x0DE0, 0x0C26, 0x0A5B, 0x0889,
  0x06A4, 0x04C0, 0x02CF, 0x00DF,  0xFEEC, 0xFCFA, 0xFB0D, 0xF927,
  0xF744, 0xF576, 0xF3A6, 0xF1F7,  0xF049, 0xEEB8, 0xED38, 0xEBD2,
  0xEA82, 0xE94C, 0xE833, 0xE73C,  0xE657, 0xE59C, 0xE500, 0xE47F,
  0xE429, 0xE3E7, 0xE3DB, 0xE3DE,  0xE40D, 0xE461, 0xE4D0, 0xE563,
  0xE615, 0xE6ED, 0xE7D9, 0xE8EC,  0xEA16, 0xEB5D, 0xECBD, 0xEE31,
  0xEFC1, 0xF162, 0xF311, 0xF4D5,  0xF6A7, 0xF87E, 0xFA66, 0xFC50,
  0xFE3E, 0x0035, 0x021F, 0x0415,  0x05FA, 0x07E0, 0x09B7, 0x0B85,
  0x0D43, 0x0EF3, 0x108F, 0x1215,  0x138B, 0x14E3, 0x1623, 0x1749,
  0x1853, 0x193F, 0x1A06, 0x1ABA,  0x1B42, 0x1BAD, 0x1BF5, 0x1C1E,
  0x1C21, 0x1C01, 0x1BC3, 0x1B61,  0x1ADB, 0x1A37, 0x1973, 0x1891,
  0x178C, 0x166E, 0x1536, 0x13E1,  0x1275, 0x10F1, 0x0F5D, 0x0DB0,
  0x0BF4, 0x0A30, 0x0854, 0x0678,  0x048E, 0x02A2, 0x00B0, 0xFEC0,
  0xFCCF, 0xFAE3, 0xF8FE, 0xF722,  0xF54B, 0xF38D, 0xF1D0, 0xF033,
  0xEE99, 0xED25, 0xEBBB, 0xEA73,  0xE93B, 0xE82E, 0xE72E, 0xE657,
  0xE59A, 0xE501, 0xE489, 0xE42B,  0xE3FB, 0xE3E5, 0xE3F3, 0xE422,
  0xE47A, 0xE4EB, 0xE580, 0xE637,  0xE70E, 0xE7FF, 0xE913, 0xEA3E,
  0xEB8A, 0xECE5, 0xEE62, 0xEFEC,  0xF192, 0xF340, 0xF507, 0xF6D4,
  0xF8B1, 0xFA92, 0xFC80, 0xFE6F,  0x005C, 0x0252, 0x043A, 0x0625,
  0x0807, 0x09DB, 0x0BA8, 0x0D63,  0x0F13, 0x10A6, 0x1231, 0x13A0,
  0x14F3, 0x1635, 0x1753, 0x185E,  0x1942, 0x1A0C, 0x1AB6, 0x1B3F,
  0x1BA5, 0x1BEA, 0x1C11, 0x1C0F,  0x1BED, 0x1BAC, 0x1B47, 0x1ABE,
  0x1A18, 0x1952, 0x186D, 0x1763,  0x164B, 0x1508, 0x13B9, 0x1244,
  0x10C9, 0x0F2A, 0x0D83, 0x0BC4,  0x09FF, 0x0826, 0x0647, 0x045F,
  0x0274, 0x0082, 0xFE95, 0xFCA2,  0xFABC, 0xF8D4, 0xF6FC, 0xF52A,
  0xF369, 0xF1B4, 0xF012, 0xEE83,  0xED0D, 0xEBA8, 0xEA62, 0xE92C,
  0xE826, 0xE725, 0xE654, 0xE59A,  0xE504, 0xE48C, 0xE439, 0xE404,
  0xE3F8, 0xE402, 0xE43A, 0xE493,  0xE505, 0xE59F, 0xE658, 0xE730,
  0xE825, 0xE939, 0xEA68, 0xEBB4,  0xED10, 0xEE90, 0xF01B, 0xF1C0,
  0xF370, 0xF536, 0xF704, 0xF8DF,  0xFAC6, 0xFCAA, 0xFE9F, 0x0089,
  0x027C, 0x0465, 0x064F, 0x082B,  0x0A02, 0x0BC8, 0x0D86, 0x0F2D,
  0x10C4, 0x1248, 0x13B3, 0x1509,  0x1640, 0x1762, 0x1865, 0x1946,
  0x1A10, 0x1AB5, 0x1B39, 0x1B9D,  0x1BE0, 0x1C03, 0x1BFC, 0x1BD9,
  0x1B95, 0x1B2D, 0x1AA1, 0x19F9,  0x1930, 0x1846, 0x1742, 0x161D,
  0x14E5, 0x1388, 0x121B, 0x1099,  0x0EFD, 0x0D52, 0x0B97, 0x09CE,
  0x07F5, 0x061A, 0x042E, 0x0247,  0x0055, 0xFE67, 0xFC79, 0xFA90,
  0xF8B1, 0xF6D3, 0xF509, 0xF345,  0xF197, 0xEFF6, 0xEE6B, 0xECF5,
  0xEB96, 0xEA4E, 0xE924, 0xE818,  0xE721, 0xE64E, 0xE59C, 0xE505,
  0xE495, 0xE43F, 0xE416, 0xE402,  0xE418, 0xE452, 0xE4A9, 0xE522,
  0xE5BC, 0xE679, 0xE756, 0xE846,  0xE963, 0xEA91, 0xEBDC, 0xED40,
  0xEEB9, 0xF04D, 0xF1EC, 0xF3A0,  0xF566, 0xF733, 0xF911, 0xFAF2,
  0xFCDC, 0xFEC9, 0x00B9, 0x02A5,  0x0492, 0x0674, 0x0855, 0x0A22,
  0x0BEE, 0x0DA3, 0x0F4B, 0x10DF,  0x125F, 0x13C9, 0x1518, 0x1650,
  0x176F, 0x186B, 0x194D, 0x1A10,  0x1AB3, 0x1B36, 0x1B92, 0x1BD8,
  0x1BF1, 0x1BEB, 0x1BC6, 0x1B7C,  0x1B13, 0x1A83, 0x19D9, 0x1911,
  0x181D, 0x1720, 0x15F2, 0x14BD,  0x135A, 0x11F2, 0x1068, 0x0ED2,
  0x0D1F, 0x0B6B, 0x099A, 0x07CB,  0x05E4, 0x0407, 0x0212, 0x002C,
  0xFE39, 0xFC4F, 0xFA68, 0xF888,  0xF6AF, 0xF4E5, 0xF325, 0xF179,
  0xEFDA, 0xEE50, 0xECE4, 0xEB7F,  0xEA42, 0xE91B, 0xE80C, 0xE720,
  0xE64C, 0xE5A2, 0xE50D, 0xE49E,  0xE450, 0xE428, 0xE418, 0xE434,
  0xE46D, 0xE4C9, 0xE547, 0xE5E1,  0xE6A6, 0xE77A, 0xE87B, 0xE98D,
  0xEAC6, 0xEC0C, 0xED75, 0xEEEF,  0xF080, 0xF222, 0xF3D6, 0xF59B,
  0xF768, 0xF943, 0xFB24, 0xFD0E,  0xFEF7, 0x00E5, 0x02D1, 0x04B5,
  0x069E, 0x0871, 0x0A45, 0x0C04,  0x0DBD, 0x0F5A, 0x10F1, 0x1267,
  0x13D1, 0x1518, 0x1650, 0x1765,  0x1861, 0x193C, 0x19FE, 0x1A99,
  0x1B18, 0x1B75, 0x1BB0, 0x1BCA,  0x1BBF, 0x1B96, 0x1B4C, 0x1AD9,
  0x1A4F, 0x199F, 0x18D1, 0x17E5,  0x16DA, 0x15B9, 0x1474, 0x131F,
  0x11AD, 0x1029, 0x0E8E, 0x0CE6,  0x0B27, 0x0963, 0x078D, 0x05AF,
  0x03D0, 0x01E3, 0xFFFC, 0xFE0F,  0xFC2A, 0xFA43, 0xF86C, 0xF694,
  0xF4D2, 0xF314, 0xF16F, 0xEFD4,  0xEE51, 0xECE7, 0xEB87, 0xEA55,
  0xE928, 0xE829, 0xE738, 0xE673,  0xE5C2, 0xE537, 0xE4CD, 0xE482,
  0xE45A, 0xE452, 0xE46F, 0xE4AA,  0xE50A, 0xE586, 0xE62B, 0xE6E6,
  0xE7C4, 0xE8C1, 0xE9D6, 0xEB0C,  0xEC56, 0xEDBB, 0xEF36, 0xF0C3,
  0xF268, 0xF416, 0xF5DC, 0xF7A1,  0xF981, 0xFB59, 0xFD41, 0xFF29,
  0x010E, 0x02FB, 0x04D9, 0x06BC,  0x088D, 0x0A5A, 0x0C18, 0x0DC6,
  0x0F64, 0x10F4, 0x1263, 0x13CA,  0x150D, 0x163E, 0x174F, 0x1847,
  0x191E, 0x19D9, 0x1A70, 0x1AEF,  0x1B44, 0x1B7E, 0x1B91, 0x1B87,
  0x1B5B, 0x1B0A, 0x1A99, 0x1A0D,  0x1958, 0x188C, 0x179E, 0x1694,
  0x156D, 0x1431, 0x12D4, 0x116A,  0x0FE0, 0x0E4E, 0x0C9F, 0x0AEC,
  0x0920, 0x0755, 0x0579, 0x0397,  0x01B4, 0xFFCD, 0xFDE5, 0xFC06,
  0xFA21, 0xF84E, 0xF67E, 0xF4BC,  0xF308, 0xF163, 0xEFD0, 0xEE53,
  0xECE7, 0xEB98, 0xEA5E, 0xE940,  0xE83D, 0xE75B, 0xE690, 0xE5EA,
  0xE55F, 0xE4FF, 0xE4AF, 0xE493,  0xE487, 0xE4AD, 0xE4E6, 0xE54B,
  0xE5CA, 0xE66E, 0xE728, 0xE80F,  0xE906, 0xEA1F, 0xEB53, 0xEC9D,
  0xEE02, 0xEF7D, 0xF105, 0xF2AE,  0xF455, 0xF61A, 0xF7E1, 0xF9B6,
  0xFB92, 0xFD73, 0xFF57, 0x013D,  0x031E, 0x0500, 0x06D7, 0x08A9,
  0x0A70, 0x0C26, 0x0DD4, 0x0F6C,  0x10F2, 0x1263, 0x13C0, 0x1502,
  0x162C, 0x1738, 0x182A, 0x1902,  0x19B1, 0x1A4C, 0x1ABF, 0x1B18,
  0x1B44, 0x1B61, 0x1B49, 0x1B20,  0x1AC8, 0x1A5C, 0x19C7, 0x1914,
  0x1845, 0x1758, 0x164D, 0x1524,  0x13EB, 0x128C, 0x1124, 0x0F9B,
  0x0E09, 0x0C61, 0x0AA8, 0x08E8,  0x0718, 0x0542, 0x0364, 0x0184,
  0xFFA0, 0xFDBC, 0xFBDF, 0xFA01,  0xF830, 0xF666, 0xF4A7, 0xF2F5,
  0xF159, 0xEFC7, 0xEE4E, 0xECE8,  0xEB9C, 0xEA68, 0xE94B, 0xE84E,
  0xE76F, 0xE6A7, 0xE607, 0xE57F,  0xE520, 0xE4D5, 0xE4B8, 0xE4B8,
  0xE4D5, 0xE519, 0xE57A, 0xE600,  0xE6A1, 0xE760, 0xE846, 0xE93F,
  0xEA57, 0xEB8C, 0xECDA, 0xEE3A,  0xEFB4, 0xF143, 0xF2E0, 0xF493,
  0xF64A, 0xF819, 0xF9E8, 0xFBC2,  0xFDA5, 0xFF82, 0x0168, 0x0349,
  0x0522, 0x06FF, 0x08C6, 0x0A90,  0x0C3F, 0x0DEE, 0x0F7F, 0x1105,
  0x1270, 0x13CD, 0x1509, 0x1630,  0x1739, 0x182D, 0x18F8, 0x19AD,
  0x1A3E, 0x1AB5, 0x1B03, 0x1B36,  0x1B46, 0x1B35, 0x1B00, 0x1AAF,
  0x1A3A, 0x19A7, 0x18EE, 0x1822,  0x1731, 0x1622, 0x14FE, 0x13BC,
  0x1265, 0x10F2, 0x0F72, 0x0DDA,  0x0C32, 0x0A7B, 0x08B8, 0x06EB,
  0x0512, 0x033A, 0x0153, 0xFF78,  0xFD90, 0xFBB7, 0xF9D9, 0xF80B,
  0xF642, 0xF485, 0xF2D9, 0xF139,  0xEFB0, 0xEE34, 0xECD7, 0xEB8A,
  0xEA58, 0xE942, 0xE845, 0xE76A,  0xE6A7, 0xE606, 0xE587, 0xE526,
  0xE4DF, 0xE4CA, 0xE4C6, 0xE4EB,  0xE52F, 0xE594, 0xE61F, 0xE6BB,
  0xE787, 0xE866, 0xE965, 0xEA7E,  0xEBB7, 0xED02, 0xEE67, 0xEFE0,
  0xF170, 0xF310, 0xF4BE, 0xF67D,  0xF844, 0xFA17, 0xFBF3, 0xFDCB,
  0xFFB6, 0x018D, 0x0375, 0x054B,  0x0722, 0x08EE, 0x0AAF, 0x0C61,
  0x0E0A, 0x0F9B, 0x111D, 0x1286,  0x13DE, 0x1519, 0x163E, 0x1741,
  0x1835, 0x18F8, 0x19AE, 0x1A3C,  0x1AAD, 0x1AF9, 0x1B29, 0x1B37,
  0x1B22, 0x1AE8, 0x1A9A, 0x1A1B,  0x198B, 0x18CD, 0x1801, 0x170A,
  0x15FE, 0x14D3, 0x1396, 0x1236,  0x10CA, 0x0F41, 0x0DAF, 0x0C02,
  0x0A4D, 0x088A, 0x06BC, 0x04E5,  0x030A, 0x012A, 0xFF49, 0xFD69,
  0xFB8D, 0xF9B1, 0xF7E9, 0xF61B,  0xF468, 0xF2B6, 0xF122, 0xEF92,
  0xEE21, 0xECC1, 0xEB79, 0xEA4B,  0xE936, 0xE840, 0xE764, 0xE6A5,
  0xE609, 0xE58D, 0xE52C, 0xE4ED,  0xE4D8, 0xE4D7, 0xE500, 0xE547,
  0xE5AF, 0xE639, 0xE6DD, 0xE7A6,  0xE88C, 0xE98A, 0xEAA6, 0xEBE0,
  0xED2B, 0xEE94, 0xF00C, 0xF19F,  0xF33C, 0xF4EE, 0xF6AA, 0xF874,
  0xFA45, 0xFC1E, 0xFDFD, 0xFFDC,  0x01BD, 0x039B, 0x0573, 0x074A,
  0x0910, 0x0AD3, 0x0C7F, 0x0E27,  0x0FB8, 0x1130, 0x12A1, 0x13EC,
  0x152B, 0x1647, 0x174E, 0x1836,  0x18FF, 0x19AB, 0x1A3A, 0x1AA5,
  0x1AEF, 0x1B1C, 0x1B27, 0x1B0C,  0x1AD7, 0x1A7C, 0x1A04, 0x1968,
  0x18AF, 0x17DF, 0x16E4, 0x15D8,  0x14AA, 0x136C, 0x120C, 0x109C,
  0x0F17, 0x0D7E, 0x0BD5, 0x0A1F,  0x085B, 0x068E, 0x04B6, 0x02E0,
  0x00FB, 0xFF20, 0xFD3C, 0xFB67,  0xF989, 0xF7C5, 0xF5F8, 0xF446,
  0xF29A, 0xF105, 0xEF77, 0xEE0E,  0xECAA, 0xEB6C, 0xEA3A, 0xE92E,
  0xE838, 0xE75F, 0xE6A6, 0xE60A,  0xE593, 0xE534, 0xE4FA, 0xE4E7,
  0xE4E8, 0xE515, 0xE55D, 0xE5CD,  0xE652, 0xE6FF, 0xE7C7, 0xE8AF,
  0xE9B0, 0xEACD, 0xEC0A, 0xED55,  0xEEBF, 0xF03B, 0xF1CA, 0xF36D,
  0xF518, 0xF6DC, 0xF8A0, 0xFA74,  0xFC4D, 0xFE27, 0x0009, 0x01E7,
  0x03C3, 0x059E, 0x076B, 0x0938,  0x0AF0, 0x0CA4, 0x0E40, 0x0FD3,
  0x1148, 0x12B5, 0x1400, 0x1539,  0x1650, 0x175C, 0x1836, 0x1904,
  0x19AA, 0x1A36, 0x1A9C, 0x1AE6,  0x1B0E, 0x1B17, 0x1AF8, 0x1ABF,
  0x1A65, 0x19E7, 0x194A, 0x1891,  0x17B8, 0x16C2, 0x15AE, 0x1487,
  0x133D, 0x11E5, 0x106B, 0x0EEF,  0x0D4C, 0x0BAA, 0x09EE, 0x082F,
  0x065D, 0x048C, 0x02AF, 0x00D1,  0xFEF4, 0xFD15, 0xFB3A, 0xF969,
  0xF799, 0xF5DB, 0xF422, 0xF27F,  0xF0E6, 0xEF64, 0xEDF0, 0xEC9F,
  0xEB55, 0xEA32, 0xE921, 0xE832,  0xE75B, 0xE6A5, 0xE60F, 0xE597,
  0xE53C, 0xE509, 0xE4F3, 0xE4FC,  0xE52A, 0xE575, 0xE5E8, 0xE66D,
  0xE721, 0xE7E8, 0xE8D3, 0xE9D4,  0xEAF9, 0xEC2E, 0xED84, 0xEEE6,
  0xF06B, 0xF1F8, 0xF396, 0xF54D,  0xF703, 0xF8D5, 0xFA9D, 0xFC7D,
  0xFE52, 0x0035, 0x0211, 0x03ED,  0x05C4, 0x0791, 0x095B, 0x0B11,
  0x0CC4, 0x0E5D, 0x0FEB, 0x1160,  0x12CB, 0x140E, 0x154B, 0x165A,
  0x1764, 0x183D, 0x1904, 0x19AA,  0x1A30, 0x1A96, 0x1ADA, 0x1B03,
  0x1B03, 0x1AE6, 0x1AA8, 0x1A4C,  0x19CA, 0x192D, 0x186F, 0x1796,
  0x169C, 0x1588, 0x145E, 0x1315,  0x11B4, 0x1047, 0x0EBB, 0x0D22,
  0x0B7B, 0x09BF, 0x0802, 0x062E,  0x045F, 0x0282, 0x00A6, 0xFEC8,
  0xFCEB, 0xFB14, 0xF940, 0xF779,  0xF5B5, 0xF403, 0xF262, 0xF0CA,
  0xEF4B, 0xEDDD, 0xEC89, 0xEB47,  0xEA24, 0xE919, 0xE82A, 0xE758,
  0xE6A4, 0xE614, 0xE59A, 0xE549,  0xE513, 0xE503, 0xE50F, 0xE53E,
  0xE590, 0xE600, 0xE68B, 0xE742,  0xE808, 0xE8F9, 0xE9F9, 0xEB20,
  0xEC5B, 0xEDA9, 0xEF18, 0xF093,  0xF227, 0xF3C4, 0xF57A, 0xF735,
  0xF8FE, 0xFACF, 0xFCA5, 0xFE84,  0x005C, 0x023E, 0x0413, 0x05EC,
  0x07B7, 0x097D, 0x0B34, 0x0CE0,  0x0E7C, 0x1002, 0x117A, 0x12DC,
  0x1423, 0x1554, 0x166A, 0x1769,  0x1843, 0x1904, 0x19AC, 0x1A29,
  0x1A8D, 0x1AD2, 0x1AF1, 0x1AF5,  0x1AD0, 0x1A93, 0x1A32, 0x19AD,
  0x190E, 0x1850, 0x1771, 0x1678,  0x1561, 0x1436, 0x12E9, 0x118C,
  0x1018, 0x0E90, 0x0CF2, 0x0B4F,  0x0991, 0x07D2, 0x0602, 0x0430,
  0x0256, 0x007B, 0xFE9C, 0xFCC4,  0xFAEA, 0xF91C, 0xF752, 0xF595,
  0xF3E5, 0xF241, 0xF0B2, 0xEF30,  0xEDCB, 0xEC75, 0xEB37, 0xEA17,
  0xE911, 0xE822, 0xE756, 0xE6A5,  0xE616, 0xE5A0, 0xE552, 0xE521,
  0xE514, 0xE51F, 0xE555, 0xE5A8,  0xE61A, 0xE6AB, 0xE75E, 0xE82F,
  0xE918, 0xEA23, 0xEB46, 0xEC84,  0xEDD4, 0xEF44, 0xF0BF, 0xF254,
  0xF3F3, 0xF5A8, 0xF762, 0xF92E,  0xFAF9, 0xFCD7, 0xFEAB, 0x008C,
  0x0264, 0x043D, 0x0613, 0x07DC,  0x099F, 0x0B55, 0x0D00, 0x0E95,
  0x101F, 0x118D, 0x12F3, 0x1430,  0x1565, 0x1675, 0x176F, 0x1848,
  0x1906, 0x19A9, 0x1A24, 0x1A86,  0x1AC5, 0x1AE6, 0x1ADF, 0x1ABF,
  0x1A7B, 0x1A18, 0x1990, 0x18F0,  0x182F, 0x174E, 0x1652, 0x153B,
  0x140D, 0x12BE, 0x1162, 0x0FEC,  0x0E62, 0x0CC7, 0x0B1D, 0x0966,
  0x07A3, 0x05D4, 0x0405, 0x0227,  0x0050, 0xFE74, 0xFC96, 0xFAC8,
  0xF8F3, 0xF730, 0xF572, 0xF3C5,  0xF226, 0xF095, 0xEF1B, 0xEDB3,
  0xEC65, 0xEB26, 0xEA0E, 0xE903,  0xE821, 0xE750, 0xE6A8, 0xE617,
  0xE5A9, 0xE55B, 0xE530, 0xE520,  0xE535, 0xE569, 0xE5C5, 0xE62F,
  0xE6CD, 0xE77D, 0xE851, 0xE93C,  0xEA4A, 0xEB6E, 0xECAC, 0xEE01,
  0xEF6D, 0xF0EF, 0xF27E, 0xF424,  0xF5D3, 0xF793, 0xF958, 0xFB2B,
  0xFD00, 0xFED9, 0x00B6, 0x028D,  0x0467, 0x0637, 0x0803, 0x09BF,
  0x0B78, 0x0D1B, 0x0EB3, 0x1036,  0x11A7, 0x1303, 0x1443, 0x1570,
  0x1681, 0x1776, 0x184C, 0x1908,  0x19A6, 0x1A1F, 0x1A7C, 0x1ABD,
  0x1AD2, 0x1AD2, 0x1AA7, 0x1A67,  0x19FC, 0x1973, 0x18D3, 0x180C,
  0x172A, 0x162F, 0x1512, 0x13E5,  0x1293, 0x1138, 0x0FBF, 0x0E35,
  0x0C99, 0x0AF0, 0x0938, 0x0774,  0x05A8, 0x03D5, 0x01FF, 0x0021,
  0xFE4B, 0xFC6F, 0xFA9D, 0xF8D1,  0xF70A, 0xF552, 0xF3A7, 0xF206,
  0xF07D, 0xEF03, 0xED9F, 0xEC51,  0xEB1A, 0xE9FF, 0xE8FF, 0xE816,
  0xE750, 0xE6A9, 0xE61B, 0xE5AF,  0xE567, 0xE53B, 0xE532, 0xE546,
  0xE583, 0xE5D9, 0xE64D, 0xE6EB,  0xE79C, 0xE874, 0xE960, 0xEA71,
  0xEB96, 0xECD5, 0xEE2A, 0xEF9D,  0xF117, 0xF2B0, 0xF44C, 0xF607,
  0xF7BC, 0xF989, 0xFB57, 0xFD2C,  0xFF07, 0x00DD, 0x02BB, 0x048A,
  0x0662, 0x0823, 0x09E6, 0x0B94,  0x0D3C, 0x0ECC, 0x104F, 0x11C0,
  0x1311, 0x1457, 0x157B, 0x168D,  0x177C, 0x184F, 0x190B, 0x19A1,
  0x1A1B, 0x1A72, 0x1AB3, 0x1AC1,  0x1AC1, 0x1A94, 0x1A4D, 0x19E2,
  0x1957, 0x18B4, 0x17EA, 0x1707,  0x1608, 0x14ED, 0x13BB, 0x1269,
  0x110D, 0x0F92, 0x0E08, 0x0C6D,  0x0AC1, 0x090A, 0x0746, 0x057B,
  0x03A9, 0x01D1, 0xFFF8, 0xFE1F,  0xFC48, 0xFA77, 0xF8A9, 0xF6EA,
  0xF52E, 0xF38A, 0xF1EA, 0xF062,  0xEEEC, 0xED8C, 0xEC3C, 0xEB0F,
  0xE9F1, 0xE8F9, 0xE80E, 0xE752,  0xE6A6, 0xE620, 0xE5B8, 0xE570,
  0xE54B, 0xE53F, 0xE55D, 0xE598,  0xE5F0, 0xE66D, 0xE704, 0xE7C1,
  0xE893, 0xE987, 0xEA97, 0xEBBD,  0xECFE, 0xEE57, 0xEFC7, 0xF145,
  0xF2DB, 0xF47C, 0xF633, 0xF7EB,  0xF9B6, 0xFB85, 0xFD58, 0xFF31,
  0x010B, 0x02DF, 0x04B9, 0x0680,  0x084E, 0x0A02, 0x0BB9, 0x0D57,
  0x0EE7, 0x1069, 0x11D3, 0x1327,  0x1464, 0x158A, 0x1697, 0x177F,
  0x1858, 0x1907, 0x19A1, 0x1A11,  0x1A6F, 0x1AA1, 0x1AB7, 0x1AAA,
  0x1A81, 0x1A36, 0x19C6, 0x193D,  0x1891, 0x17CC, 0x16DF, 0x15E6,
  0x14C5, 0x1390, 0x1243, 0x10DF,  0x0F66, 0x0DDC, 0x0C3D, 0x0A97,
  0x08D9, 0x071B, 0x054C, 0x037C,  0x01A6, 0xFFCC, 0xFDF6, 0xFC20,
  0xFA4E, 0xF888, 0xF6C3, 0xF511,  0xF369, 0xF1CE, 0xF049, 0xEED6,
  0xED76, 0xEC2F, 0xEAFC, 0xE9EB,  0xE8EA, 0xE810, 0xE74C, 0xE6AA,
  0xE623, 0xE5BF, 0xE57D, 0xE557,  0xE550, 0xE571, 0xE5AF, 0xE608,
  0xE68A, 0xE722, 0xE7E2, 0xE8B5,  0xE9AB, 0xEABF, 0xEBE4, 0xED27,
  0xEE84, 0xEFF0, 0xF173, 0xF308,  0xF4AB, 0xF65E, 0xF81C, 0xF9E1,
  0xFBB3, 0xFD84, 0xFF5E, 0x0132,  0x030D, 0x04DB, 0x06AA, 0x086D,
  0x0A29, 0x0BD5, 0x0D76, 0x0F00,  0x1083, 0x11E6, 0x133B, 0x1473,
  0x1598, 0x169E, 0x1787, 0x1859,  0x190A, 0x199B, 0x1A0E, 0x1A63,
  0x1A95, 0x1AA7, 0x1A98, 0x1A6E,  0x1A1A, 0x19AF, 0x191C, 0x1877,
  0x17A4, 0x16C0, 0x15BF, 0x149C,  0x136A, 0x1215, 0x10B8, 0x0F37,
  0x0DAF, 0x0C12, 0x0A66, 0x08AE,  0x06EB, 0x0521, 0x034F, 0x0179,
  0xFFA3, 0xFDCB, 0xFBF8, 0xFA2A,  0xF860, 0xF6A2, 0xF4F1, 0xF348,
  0xF1B5, 0xF02F, 0xEEBF, 0xED64,  0xEC19, 0xEAF4, 0xE9DC, 0xE8E5,
  0xE80A, 0xE74B, 0xE6AB, 0xE628,  0xE5C8, 0xE587, 0xE566, 0xE55F,
  0xE589, 0xE5C1, 0xE625, 0xE6A4,  0xE742, 0xE801, 0xE8D9, 0xE9D0,
  0xEAE6, 0xEC0B, 0xED52, 0xEEAE,  0xF01C, 0xF19F, 0xF336, 0xF4D8,
  0xF68E, 0xF845, 0xFA13, 0xFBDB,  0xFDB4, 0xFF86, 0x0160, 0x0331,
  0x0506, 0x06CC, 0x0894, 0x0A47,  0x0BF8, 0x0D8F, 0x0F1E, 0x1098,
  0x11FD, 0x134B, 0x1485, 0x15A3,  0x16A5, 0x1790, 0x185B, 0x1909,
  0x1999, 0x1A05, 0x1A5B, 0x1A89,  0x1A95, 0x1A88, 0x1A56, 0x1A04,
  0x1990, 0x1905, 0x1852, 0x1784,  0x169E, 0x1596, 0x1478, 0x133D,
  0x11EE, 0x108B, 0x0F0C, 0x0D82,  0x0BE4, 0x0A38, 0x0881, 0x06BE,
  0x04F3, 0x0323, 0x014E, 0xFF78,  0xFDA1, 0xFBD2, 0xFA01, 0xF83D,
  0xF682, 0xF4CC, 0xF32F, 0xF196,  0xF017, 0xEEAB, 0xED4C, 0xEC0D,
  0xEAE5, 0xE9D1, 0xE8DF, 0xE803,  0xE74D, 0xE6AB, 0xE62E, 0xE5D1,
  0xE592, 0xE572, 0xE575, 0xE599,  0xE5DB, 0xE63D, 0xE6C0, 0xE763,
  0xE81F, 0xE8FD, 0xE9F6, 0xEB0A,  0xEC35, 0xED7C, 0xEED7, 0xF04A,
  0xF1CA, 0xF363, 0xF507, 0xF6B9,  0xF875, 0xFA3F, 0xFC09, 0xFDDE,
  0xFFB3, 0x0188, 0x035B, 0x052C,  0x06F2, 0x08B6, 0x0A6B, 0x0C13,
  0x0DAE, 0x0F38, 0x10AE, 0x1214,  0x135A, 0x1496, 0x15AD, 0x16B0,
  0x1792, 0x1862, 0x1905, 0x1996,  0x19FF, 0x1A51, 0x1A79, 0x1A88,
  0x1A74, 0x1A42, 0x19E8, 0x1978,  0x18E6, 0x1832, 0x1764, 0x1677,
  0x1573, 0x144E, 0x1316, 0x11C3,  0x1060, 0x0EDE, 0x0D57, 0x0BB7,
  0x0A09, 0x0856, 0x068D, 0x04CA,  0x02F4, 0x0124, 0xFF4D, 0xFD79,
  0xFBA9, 0xF9DC, 0xF818, 0xF660,  0xF4AC, 0xF311, 0xF17B, 0xEFFF,
  0xEE94, 0xED39, 0xEBFF, 0xEAD4,  0xE9CC, 0xE8D1, 0xE807, 0xE747,
  0xE6AE, 0xE636, 0xE5D6, 0xE5A2,  0xE57B, 0xE58C, 0xE5AA, 0xE5F5,
  0xE654, 0xE6DE, 0xE781, 0xE840,  0xE920, 0xEA1C, 0xEB30, 0xEC5D,
  0xEDA6, 0xEF04, 0xF071, 0xF1FC,  0xF38C, 0xF538, 0xF6E2, 0xF8A8,
  0xFA66, 0xFC3B, 0xFE06, 0xFFDF,  0x01B1, 0x0385, 0x054F, 0x071C,
  0x08D4, 0x0A90, 0x0C2F, 0x0DCD,  0x0F4D, 0x10CC, 0x1220, 0x1373,
  0x14A0, 0x15BB, 0x16B6, 0x179B,  0x1860, 0x1908, 0x198E, 0x19FB,
  0x1A46, 0x1A6B, 0x1A79, 0x1A60,  0x1A2B, 0x19D1, 0x195D, 0x18C7,
  0x1814, 0x173E, 0x1658, 0x1548,  0x142A, 0x12EA, 0x119C, 0x1032,
  0x0EB3, 0x0D2A, 0x0B88, 0x09DF,  0x0825, 0x0663, 0x049B, 0x02C9,
  0x00F8, 0xFF24, 0xFD4F, 0xFB83,  0xF9B5, 0xF7F6, 0xF63B, 0xF491,
  0xF2F0, 0xF162, 0xEFE7, 0xEE7C,  0xED29, 0xEBED, 0xEAC9, 0xE9BF,
  0xE8CF, 0xE7FE, 0xE74B, 0xE6AC,  0xE63E, 0xE5E1, 0xE5A9, 0xE590,
  0xE598, 0xE5C4, 0xE607, 0xE672,  0xE6FA, 0xE79F, 0xE862, 0xE943,
  0xEA42, 0xEB56, 0xEC84, 0xEDD3,  0xEF2A, 0xF0A3, 0xF223, 0xF3BD,
  0xF561, 0xF714, 0xF8D0, 0xFA99,  0xFC61, 0xFE37, 0x0006, 0x01DD,
  0x03A9, 0x057B, 0x073B, 0x08FC,  0x0AAC, 0x0C50, 0x0DE7, 0x0F6A,
  0x10DF, 0x1237, 0x1381, 0x14B2,  0x15C1, 0x16C4, 0x179A, 0x1869,
  0x1900, 0x198E, 0x19F2, 0x1A3A,  0x1A60, 0x1A66, 0x1A50, 0x1A11,
  0x19BA, 0x1941, 0x18AA, 0x17F1,  0x171F, 0x1631, 0x1525, 0x13FE,
  0x12C5, 0x1170, 0x1005, 0x0E8A,  0x0CFA, 0x0B5E, 0x09AF, 0x07F9,
  0x0635, 0x0470, 0x029B, 0x00CF,  0xFEF7, 0xFD2A, 0xFB59, 0xF993,
  0xF7CF, 0xF61C, 0xF46F, 0xF2D4,  0xF148, 0xEFD0, 0xEE65, 0xED18,
  0xEBDD, 0xEABD, 0xE9B5, 0xE8C8,  0xE7FD, 0xE748, 0xE6B3, 0xE640,
  0xE5EE, 0xE5B0, 0xE5A4, 0xE5A9,  0xE5D8, 0xE61E, 0xE68E, 0xE716,
  0xE7BF, 0xE882, 0xE967, 0xEA67,  0xEB7B, 0xECB1, 0xEDF9, 0xEF57,
  0xF0CD, 0xF24F, 0xF3ED, 0xF58C,  0xF741, 0xF900, 0xFAC1, 0xFC93,
  0xFE5E, 0x0033, 0x0203, 0x03D5,  0x059D, 0x0763, 0x091D, 0x0ACB,
  0x0C70, 0x0E01, 0x0F85, 0x10F4,  0x124A, 0x1395, 0x14BB, 0x15D1,
  0x16C7, 0x17A4, 0x1865, 0x1902,  0x1987, 0x19EE, 0x1A2B, 0x1A55,
  0x1A53, 0x1A3E, 0x19F9, 0x19A2,  0x1926, 0x188A, 0x17D3, 0x16FA,
  0x160F, 0x14FC, 0x13D9, 0x129B,  0x1146, 0x0FD9, 0x0E5E, 0x0CCE,
  0x0B30, 0x0982, 0x07CC, 0x0609,  0x0441, 0x0272, 0x00A2, 0xFECF,
  0xFD01, 0xFB32, 0xF96D, 0xF7AD,  0xF5FA, 0xF450, 0xF2B8, 0xF12E,
  0xEFB7, 0xEE51, 0xED04, 0xEBD1,  0xEAAE, 0xE9AD, 0xE8C3, 0xE7F8,
  0xE749, 0xE6B6, 0xE648, 0xE5F6,  0xE5BD, 0xE5B3, 0xE5BC, 0xE5EC,
  0xE638, 0xE6A7, 0xE734, 0xE7DD,  0xE8A4, 0xE98B, 0xEA8D, 0xEBA0,
  0xECDD, 0xEE1F, 0xEF85, 0xF0F6,  0xF27F, 0xF417, 0xF5BA, 0xF76F,
  0xF92C, 0xFAEF, 0xFCBD, 0xFE8A,  0x005D, 0x022E, 0x03FA, 0x05C4,
  0x0787, 0x093E, 0x0AEE, 0x0C8B,  0x0E1E, 0x0F9E, 0x1108, 0x1260,
  0x13A2, 0x14CD, 0x15D9, 0x16CD,  0x17AD, 0x185F, 0x1907, 0x197E,
  0x19E7, 0x1A21, 0x1A43, 0x1A48,  0x1A24, 0x19E6, 0x1988, 0x190A,
  0x186B, 0x17B2, 0x16D9, 0x15EB,  0x14D4, 0x13B3, 0x1270, 0x111B,
  0x0FB0, 0x0E30, 0x0CA3, 0x0B01,  0x0957, 0x079C, 0x05E0, 0x0411,
  0x024A, 0x0075, 0xFEA7, 0xFCD8,  0xFB0C, 0xF946, 0xF78E, 0xF5D5,
  0xF435, 0xF298, 0xF116, 0xEF9F,  0xEE3C, 0xECF5, 0xEBBE, 0xEAA6,
  0xE9A0, 0xE8C1, 0xE7F5, 0xE747,  0xE6BC, 0xE64E, 0xE5FE, 0xE5CD,
  0xE5C1, 0xE5D0, 0xE5FF, 0xE653,  0xE6BF, 0xE754, 0xE7F8, 0xE8CB,
  0xE9AB, 0xEAB4, 0xEBC7, 0xED04,  0xEE4B, 0xEFAD, 0xF125, 0xF2A9,
  0xF445, 0xF5E7, 0xF79B, 0xF95B,  0xFB19, 0xFCEA, 0xFEB5, 0x0088,
  0x0255, 0x0423, 0x05E8, 0x07AC,  0x095F, 0x0B10, 0x0CA4, 0x0E3E,
  0x0FB2, 0x1121, 0x1272, 0x13B3,  0x14D8, 0x15E3, 0x16D8, 0x17AD,
  0x1864, 0x1900, 0x197D, 0x19DC,  0x1A16, 0x1A35, 0x1A37, 0x1A0F,
  0x19CF, 0x196F, 0x18ED, 0x184E,  0x1790, 0x16B9, 0x15C2, 0x14B1,
  0x138A, 0x1247, 0x10F2, 0x0F81,  0x0E08, 0x0C74, 0x0AD5, 0x0929,
  0x0771, 0x05B1, 0x03E6, 0x021E,  0x004B, 0xFE7E, 0xFCB0, 0xFAE5,
  0xF922, 0xF76A, 0xF5B6, 0xF415,  0xF27E, 0xF0FA, 0xEF89, 0xEE28,
  0xECE3, 0xEBB2, 0xEA95, 0xE99F,  0xE8B5, 0xE7F7, 0xE744, 0xE6C4,
  0xE652, 0xE60A, 0xE5D9, 0xE5D1,  0xE5E4, 0xE612, 0xE66D, 0xE6DC,
  0xE76E, 0xE81A, 0xE8EA, 0xE9D2,  0xEAD7, 0xEBEF, 0xED2D, 0xEE74,
  0xEFDA, 0xF14E, 0xF2D9, 0xF46D,  0xF618, 0xF7C6, 0xF988, 0xFB47,
  0xFD13, 0xFEE3, 0x00AE, 0x0281,  0x0446, 0x0611, 0x07CD, 0x0983,
  0x0B2D, 0x0CC3, 0x0E59, 0x0FC9,  0x1136, 0x1285, 0x13C4, 0x14E4,
  0x15EE, 0x16DD, 0x17B1, 0x1864,  0x18FF, 0x1978, 0x19D1, 0x1A0B,
  0x1A28, 0x1A23, 0x19FD, 0x19B7,  0x1954, 0x18D4, 0x182B, 0x1774,
  0x1693, 0x159F, 0x1488, 0x1365,  0x121C, 0x10C8, 0x0F57, 0x0DD9,
  0x0C4A, 0x0AA6, 0x08FD, 0x0745,  0x0583, 0x03BB, 0x01F3, 0x001F,
  0xFE58, 0xFC85, 0xFAC1, 0xF8FD,  0xF748, 0xF594, 0xF3F8, 0xF261,
  0xF0E3, 0xEF70, 0xEE15, 0xECD2,  0xEBA2, 0xEA8D, 0xE993, 0xE8B4,
  0xE7F1, 0xE748, 0xE6C7, 0xE65A,  0xE613, 0xE5E7, 0xE5E3, 0xE5F3,
  0xE62E, 0xE67F, 0xE6FD, 0xE785,  0xE83F, 0xE90B, 0xE9F6, 0xEAF9,
  0xEC1B, 0xED53, 0xEE9F, 0xF005,  0xF178, 0xF307, 0xF49A, 0xF643,
  0xF7F7, 0xF9AF, 0xFB78, 0xFD3D,  0xFF0D, 0x00D8, 0x02AA, 0x046B,
  0x063A, 0x07EC, 0x09A8, 0x0B48,  0x0CE4, 0x0E70, 0x0FE3, 0x114A,
  0x129A, 0x13D0, 0x14F2, 0x15F7,  0x16E5, 0x17B3, 0x1866, 0x18F9,
  0x1976, 0x19C5, 0x1A01, 0x1A19,  0x1A0F, 0x19EA, 0x199F, 0x193D,
  0x18B4, 0x180E, 0x1751, 0x1673,  0x1577, 0x1466, 0x1339, 0x11F5,
  0x109B, 0x0F2D, 0x0DAF, 0x0C1A,  0x0A7C, 0x08CE, 0x071A, 0x0554,
  0x0393, 0x01C3, 0xFFFB, 0xFE29,  0xFC62, 0xFA98, 0xF8DB, 0xF724,
  0xF577, 0xF3D6, 0xF24A, 0xF0C5,  0xEF5D, 0xEE01, 0xECC2, 0xEB93,
  0xEA82, 0xE98C, 0xE8AF, 0xE7EE,  0xE74C, 0xE6CA, 0xE663, 0xE61B,
  0xE5F8, 0xE5EF, 0xE60C, 0xE63E,  0xE6A0, 0xE70F, 0xE7A9, 0xE85C,
  0xE92E, 0xEA1A, 0xEB1F, 0xEC42,  0xED7C, 0xEEC8, 0xF02F, 0xF1A8,
  0xF32F, 0xF4C9, 0xF66F, 0xF823,  0xF9DD, 0xFBA3, 0xFD68, 0xFF39,
  0x0101, 0x02D0, 0x0496, 0x0659,  0x0816, 0x09C3, 0x0B6B, 0x0CFF,
  0x0E8A, 0x0FFB, 0x115F, 0x12AC,  0x13E0, 0x14FB, 0x1603, 0x16EA,
  0x17B7, 0x1865, 0x18F8, 0x196C,  0x19BE, 0x19F3, 0x1A0D, 0x19FB,
  0x19D5, 0x1987, 0x1924, 0x1896,  0x17F0, 0x1731, 0x164D, 0x1556,
  0x143B, 0x1315, 0x11C9, 0x1072,  0x0F02, 0x0D81, 0x0BF0, 0x0A4C,
  0x08A7, 0x06E7, 0x052C, 0x0366,  0x0198, 0xFFD1, 0xFE01, 0xFC39,
  0xFA75, 0xF8B6, 0xF701, 0xF558,  0xF3B8, 0xF230, 0xF0AC, 0xEF45,
  0xEDF1, 0xECAD, 0xEB8A, 0xEA75,  0xE986, 0xE8AA, 0xE7EB, 0xE74F,
  0xE6CF, 0xE669, 0xE629, 0xE603,  0xE603, 0xE61A, 0xE65B, 0xE6B3,
  0xE730, 0xE7C3, 0xE87F, 0xE94E,  0xEA3F, 0xEB44, 0xEC6B, 0xEDA4,
  0xEEF1, 0xF05D, 0xF1CF, 0xF360,  0xF4F1, 0xF69F, 0xF84F, 0xFA09,
  0xFBCF, 0xFD93, 0xFF64, 0x0129,  0x02F9, 0x04BB, 0x067F, 0x0837,
  0x09E6, 0x0B87, 0x0D1D, 0x0EA3,  0x1012, 0x1174, 0x12BC, 0x13F0,
  0x1507, 0x160E, 0x16EC, 0x17BD,  0x1860, 0x18FA, 0x1962, 0x19B5,
  0x19EA, 0x19F7, 0x19EF, 0x19BA,  0x1975, 0x1906, 0x1879, 0x17D3,
  0x170F, 0x162B, 0x152D, 0x141A,  0x12E7, 0x11A4, 0x1045, 0x0ED7,
  0x0D57, 0x0BBF, 0x0A26, 0x0872,  0x06C2, 0x04FB, 0x033C, 0x016F,
  0xFFA5, 0xFDDB, 0xFC11, 0xFA4F,  0xF894, 0xF6DE, 0xF53A, 0xF399,
  0xF216, 0xF093, 0xEF31, 0xEDDC,  0xEC9F, 0xEB7A, 0xEA6D, 0xE97E,
  0xE8A5, 0xE7EC, 0xE751, 0xE6D3,  0xE671, 0xE634, 0xE612, 0xE615,
  0xE62D, 0xE670, 0xE6CF, 0xE748,  0xE7E5, 0xE89C, 0xE973, 0xEA5F,
  0xEB6E, 0xEC91, 0xEDCC, 0xEF1C,  0xF086, 0xF1FD, 0xF38A, 0xF520,
  0xF6CA, 0xF87C, 0xFA35, 0xFBFB,  0xFDBF, 0xFF8C, 0x0153, 0x0321,
  0x04DF, 0x06A8, 0x0854, 0x0A0A,  0x0BA3, 0x0D3C, 0x0EB9, 0x102B,
  0x1188, 0x12CD, 0x13FF, 0x1511,  0x1618, 0x16F2, 0x17BD, 0x1863,
  0x18F2, 0x195F, 0x19A9, 0x19DE,  0x19E8, 0x19D9, 0x19A9, 0x195B,
  0x18EB, 0x185D, 0x17B3, 0x16EE,  0x1607, 0x1508, 0x13F4, 0x12BF,
  0x117A, 0x101A, 0x0EAE, 0x0D27,  0x0B98, 0x09F5, 0x0849, 0x0693,
  0x04D0, 0x0311, 0x0143, 0xFF7E,  0xFDB0, 0xFBEC, 0xFA2A, 0xF86E,
  0xF6C1, 0xF515, 0xF382, 0xF1F7,  0xF07E, 0xEF19, 0xEDCC, 0xEC8D,
  0xEB6E, 0xEA64, 0xE976, 0xE8A2,  0xE7EA, 0xE755, 0xE6D7, 0xE67A,
  0xE640, 0xE620, 0xE626, 0xE640,  0xE68A, 0xE6E5, 0xE766, 0xE801,
  0xE8C1, 0xE990, 0xEA89, 0xEB8E,  0xECBD, 0xEDF2, 0xEF49, 0xF0AF,
  0xF22A, 0xF3B3, 0xF550, 0xF6F6,  0xF8A6, 0xFA65, 0xFC21, 0xFDF0,
  0xFFB1, 0x0180, 0x0344, 0x050A,  0x06C6, 0x087C, 0x0A26, 0x0BC4,
  0x0D56, 0x0ED3, 0x1041, 0x119C,  0x12DF, 0x140A, 0x1521, 0x161D,
  0x16F7, 0x17C0, 0x1860, 0x18F3,  0x1952, 0x19A3, 0x19CF, 0x19D8,
  0x19C7, 0x1993, 0x1943, 0x18D0,  0x183F, 0x1796, 0x16CA, 0x15E4,
  0x14E4, 0x13CB, 0x1299, 0x114D,  0x0FF5, 0x0E7D, 0x0D00, 0x0B67,
  0x09CB, 0x081C, 0x0666, 0x04A6,  0x02E5, 0x0119, 0xFF53, 0xFD8B,
  0xFBC2, 0xFA09, 0xF848, 0xF6A1,  0xF4F6, 0xF366, 0xF1DB, 0xF067,
  0xEF04, 0xEDBA, 0xEC7D, 0xEB62,  0xEA59, 0xE972, 0xE89A, 0xE7EF,
  0xE754, 0xE6DE, 0xE683, 0xE64A,  0xE633, 0xE631, 0xE65B, 0xE69C,
  0xE702, 0xE780, 0xE820, 0xE8E1,  0xE9B3, 0xEAAB, 0xEBBA, 0xECDE,
  0xEE20, 0xEF6F, 0xF0DD, 0xF254,  0xF3DF, 0xF57F, 0xF71E, 0xF8D8,
  0xFA8A, 0xFC54, 0xFE14, 0xFFE0,  0x01A5, 0x036C, 0x052F, 0x06EB,
  0x089E, 0x0A45, 0x0BE3, 0x0D70,  0x0EEC, 0x1058, 0x11AF, 0x12F0,
  0x1419, 0x152A, 0x1626, 0x16FC,  0x17C1, 0x1862, 0x18EA, 0x194D,
  0x1997, 0x19C3, 0x19C8, 0x19B3,  0x197D, 0x192C, 0x18B1, 0x1827,
  0x1773, 0x16AA, 0x15C0, 0x14BF,  0x13A4, 0x1270, 0x1125, 0x0FC9,
  0x0E53, 0x0CD2, 0x0B3D, 0x099E,  0x07EF, 0x063A, 0x047A, 0x02BA,
  0x00F0, 0xFF29, 0xFD63, 0xFB9D,  0xF9E2, 0xF829, 0xF67C, 0xF4DB,
  0xF347, 0xF1C2, 0xF04F, 0xEEF2,  0xEDA4, 0xEC71, 0xEB54, 0xEA51,
  0xE96B, 0xE898, 0xE7EE, 0xE758,  0xE6E2, 0xE68F, 0xE654, 0xE644,
  0xE640, 0xE672, 0xE6B5, 0xE71B,  0xE79F, 0xE841, 0xE903, 0xE9D9,
  0xEAD3, 0xEBE2, 0xED0B, 0xEE48,  0xEFA2, 0xF107, 0xF285, 0xF40F,
  0xF5AB, 0xF751, 0xF903, 0xFABB,  0xFC7F, 0xFE40, 0x0009, 0x01CD,
  0x0393, 0x0552, 0x070C, 0x08BB,  0x0A61, 0x0BFB, 0x0D84, 0x0EFE,
  0x1065, 0x11B9, 0x12F4, 0x141D,  0x1528, 0x161E, 0x16F4, 0x17B1,
  0x1853, 0x18D2, 0x1933, 0x197E,  0x199D, 0x19A7, 0x198A, 0x1955,
  0x18FC, 0x1884, 0x17F3, 0x1740,  0x1673, 0x1589, 0x1486, 0x136C,
  0x1233, 0x10EE, 0x0F8B, 0x0E1D,  0x0C95, 0x0B08, 0x0963, 0x07BE,
  0x0603, 0x044C, 0x0289, 0x00C4,  0xFF03, 0xFD3A, 0xFB80, 0xF9BF,
  0xF813, 0xF664, 0xF4CB, 0xF33B,  0xF1B7, 0xF051, 0xEEED, 0xEDAE,
  0xEC7B, 0xEB63, 0xEA69, 0xE97E,  0xE8BB, 0xE80E, 0xE77F, 0xE70D,
  0xE6BE, 0xE687, 0xE678, 0xE67C,  0xE6AE, 0xE6F2, 0xE75B, 0xE7E4,
  0xE881, 0xE94A, 0xEA1D, 0xEB19,  0xEC29, 0xED4D, 0xEE91, 0xEFE3,
  0xF14B, 0xF2C6, 0xF44E, 0xF5E8,  0xF78B, 0xF93C, 0xFAF0, 0xFCAF,
  0xFE6F, 0x0033, 0x01F4, 0x03B5,  0x056F, 0x0726, 0x08D0, 0x0A73,
  0x0C04, 0x0D8C, 0x0EFF, 0x1063,  0x11B0, 0x12EA, 0x140A, 0x1514,
  0x1602, 0x16D4, 0x1793, 0x1827,  0x18A9, 0x1907, 0x1948, 0x196A,
  0x196E, 0x1950, 0x1917, 0x18BC,  0x1844, 0x17B0, 0x16FC, 0x162C,
  0x1548, 0x143E, 0x1325, 0x11F1,  0x10A7, 0x0F4A, 0x0DD9, 0x0C57,
  0x0AC9, 0x092A, 0x0780, 0x05D2,  0x0416, 0x025B, 0x0099, 0xFED8,
  0xFD1A, 0xFB5D, 0xF9A6, 0xF7FB,  0xF651, 0xF4C0, 0xF32E, 0xF1B7,
  0xF04F, 0xEEF4, 0xEDB9, 0xEC88,  0xEB79, 0xEA7F, 0xE99B, 0xE8E1,
  0xE82C, 0xE7AD, 0xE737, 0xE6F1,  0xE6BB, 0xE6AB, 0xE6BD, 0xE6E3,
  0xE734, 0xE79C, 0xE824, 0xE8C9,  0xE989, 0xEA65, 0xEB60, 0xEC6A,
  0xED97, 0xEED3, 0xF027, 0xF18D,  0xF307, 0xF48D, 0xF624, 0xF7C6,
  0xF971, 0xFB27, 0xFCDD, 0xFE9F,  0x005A, 0x021B, 0x03D6, 0x058D,
  0x073D, 0x08E6, 0x0A80, 0x0C11,  0x0D91, 0x0F01, 0x105F, 0x11A8,
  0x12DC, 0x13FA, 0x14FB, 0x15E8,  0x16B8, 0x176C, 0x1800, 0x187E,
  0x18D9, 0x1914, 0x1935, 0x1936,  0x1915, 0x18D8, 0x187D, 0x1803,
  0x176D, 0x16B6, 0x15EC, 0x14FC,  0x13FF, 0x12DA, 0x11B2, 0x105E,
  0x0F0B, 0x0D94, 0x0C1D, 0x0A87,  0x08F0, 0x0749, 0x059B, 0x03E6,
  0x022A, 0x006F, 0xFEB2, 0xFCF3,  0xFB43, 0xF988, 0xF7E5, 0xF643,
  0xF4AE, 0xF329, 0xF1B4, 0xF04C,  0xEEFC, 0xEDC0, 0xEC97, 0xEB8D,
  0xEA8F, 0xE9BD, 0xE8F6, 0xE853,  0xE7CD, 0xE764, 0xE718, 0xE6E8,
  0xE6DE, 0xE6EB, 0xE71C, 0xE767,  0xE7D6, 0xE85D, 0xE901, 0xE9C6,
  0xEAA2, 0xEB9A, 0xECA7, 0xEDD3,  0xEF0F, 0xF061, 0xF1C8, 0xF33F,
  0xF4C5, 0xF659, 0xF7FB, 0xF9A3,  0xFB56, 0xFD0D, 0xFEC8, 0x0084,
  0x0240, 0x03F9, 0x05AD, 0x075C,  0x08FD, 0x0A99, 0x0C22, 0x0DA2,
  0x0F0F, 0x1066, 0x11B0, 0x12DD,  0x13FA, 0x14F6, 0x15E2, 0x16AE,
  0x175C, 0x17F2, 0x186A, 0x18C3,  0x18FB, 0x1919, 0x191B, 0x18F2,
  0x18B9, 0x1857, 0x17DF, 0x1745,  0x168D, 0x15C2, 0x14D3, 0x13CE,
  0x12B4, 0x117D, 0x1038, 0x0ED4,  0x0D6F, 0x0BE6, 0x0A60, 0x08BE,
  0x0720, 0x056C, 0x03BC, 0x0200,  0x0046, 0xFE8A, 0xFCCF, 0xFB1B,
  0xF969, 0xF7C2, 0xF624, 0xF491,  0xF30F, 0xF19B, 0xF037, 0xEEE9,
  0xEDAF, 0xEC8C, 0xEB7F, 0xEA8A,  0xE9B8, 0xE8F3, 0xE856, 0xE7D3,
  0xE768, 0xE725, 0xE6F2, 0xE6F1,  0xE6FE, 0xE72E, 0xE783, 0xE7EE,
  0xE87A, 0xE921, 0xE9E5, 0xEAC7,  0xEBBC, 0xECD0, 0xEDF8, 0xEF39,
  0xF089, 0xF1F3, 0xF36B, 0xF4EF,  0xF685, 0xF825, 0xF9D0, 0xFB7F,
  0xFD39, 0xFEEF, 0x00AD, 0x0266,  0x041F, 0x05D1, 0x077D, 0x091E,
  0x0AB4, 0x0C41, 0x0DB9, 0x0F27,  0x1079, 0x11C0, 0x12F0, 0x1400,
  0x1504, 0x15E5, 0x16B2, 0x175A,  0x17F2, 0x1861, 0x18BC, 0x18EE,
  0x190C, 0x1907, 0x18E0, 0x18A0,  0x1840, 0x17C3, 0x1725, 0x1670,
  0x159F, 0x14AE, 0x13AB, 0x128B,  0x1157, 0x100D, 0x0EAD, 0x0D41,
  0x0BBF, 0x0A31, 0x0895, 0x06F4,  0x0542, 0x0391, 0x01D8, 0x001D,
  0xFE62, 0xFCAA, 0xFAF5, 0xF948,  0xF7A1, 0xF606, 0xF473, 0xF2F5,
  0xF184, 0xF021, 0xEED7, 0xED9F,  0xEC7F, 0xEB73, 0xEA88, 0xE9AD,
  0xE8F7, 0xE854, 0xE7D9, 0xE772,  0xE72A, 0xE706, 0xE6FD, 0xE712,
  0xE745, 0xE799, 0xE80B, 0xE895,  0xE940, 0xEA08, 0xEAE9, 0xEBDE,
  0xECFB, 0xEE1A, 0xEF66, 0xF0B0,  0xF21E, 0xF396, 0xF518, 0xF6B4,
  0xF84E, 0xF9FB, 0xFBAB, 0xFD5F,  0xFF1C, 0x00D2, 0x028F, 0x0442,
  0x05F5, 0x079D, 0x0940, 0x0AD1,  0x0C5C, 0x0DD2, 0x0F3C, 0x108E,
  0x11D3, 0x12FB, 0x140E, 0x150A,  0x15ED, 0x16B2, 0x175D, 0x17EA,
  0x1861, 0x18AB, 0x18E7, 0x18FC,  0x18F4, 0x18CC, 0x188A, 0x1825,
  0x17A8, 0x1706, 0x1651, 0x157B,  0x148C, 0x1383, 0x1267, 0x112D,
  0x0FE4, 0x0E84, 0x0D16, 0x0B94,  0x0A04, 0x086D, 0x06C6, 0x051A,
  0x0365, 0x01AF, 0xFFF4, 0xFE3D,  0xFC82, 0xFAD4, 0xF922, 0xF782,
  0xF5E7, 0xF457, 0xF2DD, 0xF16A,  0xF00C, 0xEEC6, 0xED90, 0xEC6F,
  0xEB6D, 0xEA7E, 0xE9AC, 0xE8F4,  0xE857, 0xE7DE, 0xE779, 0xE736,
  0xE713, 0xE70F, 0xE722, 0xE75F,  0xE7AE, 0xE828, 0xE8AF, 0xE963,
  0xEA28, 0xEB0A, 0xEC06, 0xED1D,  0xEE48, 0xEF88, 0xF0DE, 0xF246,
  0xF3C2, 0xF542, 0xF6E0, 0xF878,  0xFA28, 0xFBD2, 0xFD8B, 0xFF42,
  0x00FC, 0x02B4, 0x0468, 0x0617,  0x07C0, 0x095D, 0x0AF0, 0x0C76,
  0x0DED, 0x0F4F, 0x10A5, 0x11DF,  0x130D, 0x1416, 0x1516, 0x15EF,
  0x16B6, 0x175A, 0x17EC, 0x1853,  0x18A8, 0x18D5, 0x18F1, 0x18E0,
  0x18B8, 0x1872, 0x180D, 0x1788,  0x16EB, 0x162F, 0x155C, 0x1463,
  0x1362, 0x123D, 0x1108, 0x0FB8,  0x0E5C, 0x0CEA, 0x0B69, 0x09DC,
  0x083F, 0x069C, 0x04EF, 0x033C,  0x0185, 0xFFCD, 0xFE16, 0xFC5D,
  0xFAAF, 0xF901, 0xF761, 0xF5CA,  0xF43B, 0xF2C2, 0xF153, 0xEFF9,
  0xEEB3, 0xED81, 0xEC63, 0xEB62,  0xEA79, 0xE9A8, 0xE8F2, 0xE85C,
  0xE7E1, 0xE782, 0xE740, 0xE723,  0xE71E, 0xE737, 0xE774, 0xE7C8,
  0xE840, 0xE8D0, 0xE980, 0xEA4B,  0xEB2B, 0xEC2D, 0xED42, 0xEE70,
  0xEFAF, 0xF109, 0xF271, 0xF3EA,  0xF571, 0xF706, 0xF8A8, 0xFA4E,
  0xFC00, 0xFDB3, 0xFF6B, 0x0122,  0x02DC, 0x048A, 0x063D, 0x07DF,
  0x097C, 0x0B0E, 0x0C90, 0x0E06,  0x0F63, 0x10BA, 0x11EF, 0x1319,
  0x1424, 0x1519, 0x15FA, 0x16B2,  0x175E, 0x17E4, 0x184F, 0x189A,
  0x18CF, 0x18DB, 0x18D2, 0x189F,  0x185F, 0x17EF, 0x1770, 0x16C9,
  0x1611, 0x1537, 0x1442, 0x133C,  0x1215, 0x10E0, 0x0F8E, 0x0E36,
  0x0CBB, 0x0B42, 0x09AD, 0x0818,  0x066F, 0x04C4, 0x0314, 0x015B,
  0xFFA6, 0xFDEE, 0xFC3A, 0xFA89,  0xF8E1, 0xF741, 0xF5A8, 0xF426,
  0xF2A3, 0xF140, 0xEFE2, 0xEEA3,  0xED72, 0xEC56, 0xEB5B, 0xEA70,
  0xE9A6, 0xE8F2, 0xE85F, 0xE7E6,  0xE78A, 0xE74C, 0xE732, 0xE72E,
  0xE74A, 0xE78B, 0xE7E1, 0xE85B,  0xE8ED, 0xE9A1, 0xEA69, 0xEB52,
  0xEC4E, 0xED6D, 0xEE92, 0xEFDD,  0xF12F, 0xF29C, 0xF416, 0xF598,
  0xF736, 0xF8D0, 0xFA78, 0xFC2D,  0xFDD8, 0xFF97, 0x0148, 0x0300,
  0x04B2, 0x065B, 0x0804, 0x0997,  0x0B2F, 0x0CA6, 0x0E21, 0x0F76,
  0x10CE, 0x1201, 0x1323, 0x1430,  0x1522, 0x15FC, 0x16B6, 0x175B,
  0x17E0, 0x1848, 0x1891, 0x18C1,  0x18CC, 0x18BD, 0x188D, 0x1845,
  0x17D7, 0x1752, 0x16AC, 0x15F1,  0x1511, 0x1422, 0x1312, 0x11F4,
  0x10B1, 0x0F6B, 0x0E08, 0x0C92,  0x0B19, 0x097E, 0x07F1, 0x0642,
  0x049C, 0x02E9, 0x0132, 0xFF80,  0xFDC6, 0xFC15, 0xFA67, 0xF8BE,
  0xF722, 0xF58B, 0xF408, 0xF28E,  0xF125, 0xEFD3, 0xEE8D, 0xED65,
  0xEC4B, 0xEB51, 0xEA6D, 0xE99F,  0xE8F4, 0xE862, 0xE7EB, 0xE793,
  0xE75A, 0xE73F, 0xE73E, 0xE761,  0xE79D, 0xE800, 0xE872, 0xE90C,
  0xE9C0, 0xEA8B, 0xEB75, 0xEC74,  0xED92, 0xEEBA, 0xF006, 0xF158,
  0xF2C9, 0xF439, 0xF5CE, 0xF757,  0xF900, 0xFAA2, 0xFC54, 0xFE05,
  0xFFBC, 0x0170, 0x0326, 0x04D5,  0x067F, 0x0823, 0x09B8, 0x0B47,
  0x0CC5, 0x0E33, 0x0F92, 0x10DB,  0x1213, 0x132F, 0x143C, 0x1528,
  0x1600, 0x16B7, 0x175B, 0x17DC,  0x183F, 0x1886, 0x18B6, 0x18B9,
  0x18AD, 0x1877, 0x182D, 0x17BD,  0x1733, 0x1690, 0x15CF, 0x14EF,
  0x13FE, 0x12EC, 0x11CC, 0x1089,  0x0F44, 0x0DDB, 0x0C6C, 0x0AE8,
  0x095A, 0x07C0, 0x061B, 0x0472,  0x02BD, 0x010E, 0xFF53, 0xFDA4,
  0xFBEE, 0xFA45, 0xF89D, 0xF701,  0xF56F, 0xF3ED, 0xF274, 0xF110,
  0xEFBE, 0xEE7D, 0xED57, 0xEC3E,  0xEB4B, 0xEA64, 0xE99E, 0xE8F4,
  0xE866, 0xE7F0, 0xE79D, 0xE764,  0xE751, 0xE74B, 0xE779, 0xE7B4,
  0xE816, 0xE890, 0xE929, 0xE9E1,  0xEAAB, 0xEB99, 0xEC9A, 0xEDB7,
  0xEEE4, 0xF02B, 0xF185, 0xF2F0,  0xF467, 0xF5F5, 0xF785, 0xF928,
  0xFACE, 0xFC7C, 0xFE30, 0xFFE1,  0x019B, 0x0347, 0x04FB, 0x06A2,
  0x0840, 0x09DA, 0x0B61, 0x0CE0,  0x0E4A, 0x0FA7, 0x10ED, 0x1222,
  0x133D, 0x1443, 0x1534, 0x15FF,  0x16BC, 0x1757, 0x17D7, 0x1837,
  0x187D, 0x18A7, 0x18AA, 0x1898,  0x1864, 0x1812, 0x17A5, 0x1715,
  0x1673, 0x15AB, 0x14CF, 0x13D8,  0x12CA, 0x11A0, 0x1066, 0x0F16,
  0x0DB5, 0x0C3F, 0x0AC0, 0x092D,  0x0798, 0x05ED, 0x044B, 0x0293,
  0x00E5, 0xFF2E, 0xFD7C, 0xFBCA,  0xFA22, 0xF87D, 0xF6E0, 0xF556,
  0xF3CC, 0xF261, 0xF0F7, 0xEFAC,  0xEE6D, 0xED46, 0xEC37, 0xEB40,
  0xEA60, 0xE99B, 0xE8F6, 0xE868,  0xE7F7, 0xE7A6, 0xE772, 0xE75D,
  0xE760, 0xE78A, 0xE7CE, 0xE82E,  0xE8AB, 0xE948, 0xE9FF, 0xEACE,
  0xEBBE, 0xECBE, 0xEDDC, 0xEF0B,  0xF057, 0xF1AC, 0xF31B, 0xF490,
  0xF621, 0xF7B0, 0xF952, 0xFAF8,  0xFCA6, 0xFE57, 0x000B, 0x01BE,
  0x0371, 0x051A, 0x06C7, 0x085E,  0x09F9, 0x0B7C, 0x0CFA, 0x0E60,
  0x0FBC, 0x1101, 0x122D, 0x134D,  0x144B, 0x153A, 0x1603, 0x16BD,
  0x1755, 0x17D1, 0x182F, 0x1874,  0x1897, 0x189A, 0x1885, 0x184E,
  0x17FB, 0x1788, 0x16F9, 0x1656,  0x1587, 0x14AF, 0x13B1, 0x12A6,
  0x1177, 0x1041, 0x0EEA, 0x0D8C,  0x0C15, 0x0A94, 0x0906, 0x0769,
  0x05C7, 0x041D, 0x026D, 0x00BB,  0xFF08, 0xFD55, 0xFBA9, 0xF9FB,
  0xF85F, 0xF6BF, 0xF539, 0xF3B5,  0xF245, 0xF0E3, 0xEF9A, 0xEE5A,
  0xED3A, 0xEC2C, 0xEB37, 0xEA5D,  0xE998, 0xE8F6, 0xE86D, 0xE7FC,
  0xE7B1, 0xE780, 0xE768, 0xE776,  0xE79D, 0xE7E6, 0xE845, 0xE8CA,
  0xE964, 0xEA21, 0xEAEF, 0xEBE0,  0xECE6, 0xEE00, 0xEF35, 0xF07E,
  0xF1D6, 0xF344, 0xF4BD, 0xF649,  0xF7DB, 0xF97D, 0xFB20, 0xFCD2,
  0xFE7E, 0x0032, 0x01E7, 0x0391,  0x0543, 0x06E3, 0x0882, 0x0A15,
  0x0B99, 0x0D12, 0x0E77, 0x0FD0,  0x1112, 0x123E, 0x1357, 0x1457,
  0x153C, 0x160A, 0x16BC, 0x1753,  0x17CB, 0x1827, 0x1869, 0x1889,
  0x1888, 0x1874, 0x1836, 0x17E4,  0x176A, 0x16E2, 0x1630, 0x156B,
  0x1488, 0x1391, 0x127C, 0x1153,  0x1016, 0x0EC4, 0x0D60, 0x0BEB,
  0x0A6B, 0x08D9, 0x0740, 0x059D,  0x03F3, 0x0244, 0x0094, 0xFEE0,
  0xFD31, 0xFB82, 0xF9DD, 0xF839,  0xF6A8, 0xF516, 0xF39F, 0xF229,
  0xF0D2, 0xEF84, 0xEE4C, 0xED2C,  0xEC21, 0xEB31, 0xEA55, 0xE999,
  0xE8F7, 0xE870, 0xE803, 0xE7BD,  0xE78A, 0xE779, 0xE789, 0xE7B0,
  0xE7FF, 0xE85E, 0xE8E5, 0xE986,  0xEA3C, 0xEB14, 0xEC03, 0xED0B,
  0xEE27, 0xEF5D, 0xF0A5, 0xF202,  0xF36B, 0xF4EB, 0xF670, 0xF809,
  0xF9A4, 0xFB4E, 0xFCF7, 0xFEAA,  0x0057, 0x020D, 0x03B8, 0x0563,
  0x0707, 0x08A0, 0x0A32, 0x0BB5,  0x0D29, 0x0E90, 0x0FE3, 0x1123,
  0x124D, 0x1361, 0x1463, 0x153F,  0x160F, 0x16BC, 0x1750, 0x17C4,
  0x1820, 0x185D, 0x187A, 0x1878,  0x185F, 0x1823, 0x17C7, 0x1754,
  0x16C0, 0x1614, 0x1549, 0x1466,  0x136C, 0x1255, 0x112C, 0x0FEF,
  0x0E9B, 0x0D35, 0x0BC3, 0x0A3D,  0x08B2, 0x0713, 0x0576, 0x03C7,
  0x021E, 0x0069, 0xFEBC, 0xFD0A,  0xFB60, 0xF9B9, 0xF81A, 0xF689,
  0xF4FA, 0xF385, 0xF211, 0xF0BE,  0xEF70, 0xEE3F, 0xED1B, 0xEC1C,
  0xEB25, 0xEA53, 0xE997, 0xE8FA,  0xE872, 0xE80E, 0xE7C4, 0xE798,
  0xE789, 0xE79A, 0xE7C8, 0xE815,  0xE877, 0xE904, 0xE9A1, 0xEA5E,
  0xEB36, 0xEC28, 0xED2E, 0xEE50,  0xEF82, 0xF0D0, 0xF22A, 0xF395,
  0xF515, 0xF69C, 0xF831, 0xF9D0,  0xFB76, 0xFD20, 0xFED3, 0x007E,
  0x0233, 0x03DC, 0x0587, 0x0727,  0x08BF, 0x0A51, 0x0BCD, 0x0D45,
  0x0EA4, 0x0FF8, 0x1132, 0x125B,  0x136F, 0x1469, 0x1546, 0x1611,
  0x16BC, 0x174C, 0x17C0, 0x1814,  0x1855, 0x1867, 0x186C, 0x1847,
  0x180E, 0x17AD, 0x1739, 0x16A5,  0x15F2, 0x1528, 0x1444, 0x1346,
  0x1231, 0x1103, 0x0FC8, 0x0E71,  0x0D0C, 0x0B99, 0x0A13, 0x0887,
  0x06EA, 0x054A, 0x039F, 0x01F4,  0x0044, 0xFE94, 0xFCE6, 0xFB3B,
  0xF998, 0xF7FA, 0xF669, 0xF4E2,  0xF367, 0xF1FF, 0xF0A4, 0xEF62,
  0xEE2A, 0xED16, 0xEC0C, 0xEB22,  0xEA4C, 0xE998, 0xE8FA, 0xE877,
  0xE816, 0xE7CE, 0xE7A6, 0xE798,  0xE7AE, 0xE7DD, 0xE829, 0xE896,
  0xE91D, 0xE9C2, 0xEA7D, 0xEB58,  0xEC4C, 0xED54, 0xEE75, 0xEFAD,
  0xF0F5, 0xF255, 0xF3BF, 0xF53F,  0xF6C7, 0xF85A, 0xF9FB, 0xFBA0,
  0xFD48, 0xFEFB, 0x00A5, 0x0258,  0x0401, 0x05AA, 0x0746, 0x08E2,
  0x0A67, 0x0BEF, 0x0D56, 0x0EC0,  0x1007, 0x1145, 0x1268, 0x137B,
  0x146F, 0x154D, 0x1613, 0x16BC,  0x1748, 0x17B9, 0x180E, 0x1845,
  0x185B, 0x1858, 0x1836, 0x17F5,  0x1794, 0x1721, 0x1683, 0x15D7,
  0x1501, 0x1427, 0x131C, 0x120F,  0x10DA, 0x0FA1, 0x0E45, 0x0CE6,
  0x0B6B, 0x09ED, 0x0859, 0x06C1,  0x0521, 0x0375, 0x01CD, 0x001B,
  0xFE6E, 0xFCC2, 0xFB17, 0xF978,  0xF7D8, 0xF64F, 0xF4C2, 0xF351,
  0xF1E6, 0xF091, 0xEF50, 0xEE1B,  0xED09, 0xEC04, 0xEB18, 0xEA4C,
  0xE996, 0xE8FB, 0xE87D, 0xE81E,  0xE7D9, 0xE7B3, 0xE7A8, 0xE7C1,
  0xE7F3, 0xE841, 0xE8AF, 0xE93D,  0xE9DC, 0xEAA1, 0xEB79, 0xEC6F,
  0xED7B, 0xEE9A, 0xEFD7, 0xF11D,  0xF27D, 0xF3EB, 0xF567, 0xF6F2,
  0xF885, 0xFA24, 0xFBC9, 0xFD73,  0xFF1F, 0x00CF, 0x027B, 0x0427,
  0x05CA, 0x076A, 0x08FB, 0x0A8C,  0x0C01, 0x0D75, 0x0ED0, 0x101E,
  0x1152, 0x127A, 0x1381, 0x147B,  0x154F, 0x1618, 0x16BA, 0x1743,
  0x17B4, 0x1805, 0x1837, 0x184E,  0x1845, 0x1823, 0x17DC, 0x177D,
  0x1703, 0x1669, 0x15B2, 0x14E7,  0x13FC, 0x12FE, 0x11E2, 0x10B9,
  0x0F74, 0x0E20, 0x0CB9, 0x0B44,  0x09C0, 0x0831, 0x0696, 0x04F7,
  0x034E, 0x01A3, 0xFFF5, 0xFE48,  0xFC9C, 0xFAF6, 0xF954, 0xF7BC,
  0xF62E, 0xF4A9, 0xF336, 0xF1D1,  0xF07D, 0xEF3D, 0xEE0D, 0xECFD,
  0xEBF9, 0xEB14, 0xEA48, 0xE995,  0xE8FE, 0xE881, 0xE826, 0xE7E7,
  0xE7BC, 0xE7BE, 0xE7D1, 0xE809,  0xE859, 0xE8CC, 0xE955, 0xEA00,
  0xEABC, 0xEBA1, 0xEC90, 0xEDA0,  0xEEC3, 0xEFFC, 0xF148, 0xF2A4,
  0xF416, 0xF592, 0xF71A, 0xF8B1,  0xFA4D, 0xFBF1, 0xFD9C, 0xFF48,
  0x00F3, 0x02A3, 0x0448, 0x05ED,  0x078A, 0x091B, 0x0AA5, 0x0C1E,
  0x0D8A, 0x0EE8, 0x102E, 0x1164,  0x1286, 0x138D, 0x1480, 0x1557,
  0x1617, 0x16BB, 0x173D, 0x17B0,  0x17F9, 0x182C, 0x183C, 0x1836,
  0x180C, 0x17C7, 0x1763, 0x16E7,  0x164A, 0x1594, 0x14C3, 0x13DD,
  0x12D4, 0x11BF, 0x1092, 0x0F4B,  0x0DF7, 0x0C8F, 0x0B1A, 0x0998,
  0x0804, 0x066F, 0x04CC, 0x0325,  0x017B, 0xFFCF, 0xFE21, 0xFC7A,
  0xFAD1, 0xF934, 0xF79B, 0xF614,  0xF48A, 0xF322, 0xF1B7, 0xF06C,
  0xEF28, 0xEE02, 0xECF1, 0xEBEE,  0xEB11, 0xEA41, 0xE999, 0xE8FD,
  0xE889, 0xE82F, 0xE7EF, 0xE7CE,  0xE7CB, 0xE7E8, 0xE81C, 0xE873,
  0xE8E6, 0xE973, 0xEA1C, 0xEAE1,  0xEBC0, 0xECB7, 0xEDC3, 0xEEEB,
  0xF024, 0xF16F, 0xF2D1, 0xF43D,  0xF5BD, 0xF744, 0xF8DA, 0xFA78,
  0xFC1A, 0xFDC5, 0xFF6D, 0x011E,  0x02C3, 0x046E, 0x060F, 0x07A8,
  0x093D, 0x0ABE, 0x0C38, 0x0DA3,  0x0EFB, 0x1041, 0x1174, 0x1292,
  0x1399, 0x1485, 0x155D, 0x1618,  0x16B9, 0x173A, 0x17A8, 0x17EF,
  0x181E, 0x182F, 0x1823, 0x17F7,  0x17AE, 0x174C, 0x16CA, 0x162C,
  0x1574, 0x14A2, 0x13B9, 0x12AF,  0x119B, 0x1067, 0x0F26, 0x0DCB,
  0x0C68, 0x0AF0, 0x096C, 0x07DC,  0x0644, 0x04A3, 0x02FD, 0x0153,
  0xFFA7, 0xFDFE, 0xFC53, 0xFAB1,  0xF912, 0xF77D, 0xF5F5, 0xF472,
  0xF307, 0xF1A3, 0xF057, 0xEF18,  0xEDF5, 0xECE4, 0xEBE6, 0xEB0B,
  0xEA3F, 0xE998, 0xE900, 0xE891,  0xE835, 0xE7FC, 0xE7DA, 0xE7DF,
  0xE7F9, 0xE834, 0xE88A, 0xE902,  0xE98E, 0xEA3C, 0xEB02, 0xEBE4,
  0xECD9, 0xEDE9, 0xEF13, 0xF049,  0xF19C, 0xF2F5, 0xF46C, 0xF5E2,
  0xF771, 0xF903, 0xFAA2, 0xFC42,  0xFDED, 0xFF95, 0x0142, 0x02EB,
  0x048F, 0x0632, 0x07C6, 0x095C,  0x0AD7, 0x0C57, 0x0DB5, 0x0F12,
  0x1052, 0x1183, 0x12A1, 0x139F,  0x148E, 0x1561, 0x161A, 0x16B5,
  0x1738, 0x179F, 0x17E5, 0x1811,  0x181F, 0x1812, 0x17E0, 0x1798,
  0x1732, 0x16AE, 0x160E, 0x1553,  0x1483, 0x1391, 0x128F, 0x1170,
  0x1045, 0x0EF8, 0x0DA8, 0x0C3B,  0x0AC7, 0x0941, 0x07B3, 0x061B,
  0x047A, 0x02D4, 0x012A, 0xFF84,  0xFDD3, 0xFC35, 0xFA8A, 0xF8F4,
  0xF75E, 0xF5D8, 0xF457, 0xF2F0,  0xF18D, 0xF043, 0xEF09, 0xEDE6,
  0xECD9, 0xEBDD, 0xEB08, 0xEA3B,  0xE999, 0xE902, 0xE898, 0xE83F,
  0xE806, 0xE7EA, 0xE7F0, 0xE80D,  0xE848, 0xE8A6, 0xE91B, 0xE9AD,
  0xEA59, 0xEB25, 0xEC04, 0xECFF,  0xEE10, 0xEF38, 0xF072, 0xF1C2,
  0xF321, 0xF495, 0xF60B, 0xF79D,  0xF929, 0xFACE, 0xFC6A, 0xFE15,
  0xFFBD, 0x0166, 0x0311, 0x04B1,  0x0653, 0x07E8, 0x0977, 0x0AF5,
  0x0C6C, 0x0DD0, 0x0F24, 0x1065,  0x1192, 0x12AC, 0x13AA, 0x1494,
  0x1566, 0x161A, 0x16B2, 0x1736,  0x1794, 0x17DD, 0x1802, 0x1810,
  0x17FF, 0x17CA, 0x1782, 0x1716,  0x1694, 0x15ED, 0x1536, 0x145F,
  0x136E, 0x1269, 0x114C, 0x101B,  0x0ED1, 0x0D7F, 0x0C10, 0x0AA1,
  0x0913, 0x078D, 0x05EE, 0x0454,  0x02A9, 0x0106, 0xFF59, 0xFDB4,
  0xFC0C, 0xFA6C, 0xF8D0, 0xF742,  0xF5BA, 0xF43E, 0xF2D9, 0xF175,
  0xF033, 0xEEF6, 0xEDDC, 0xECC9,  0xEBDB, 0xEAFD, 0xEA3F, 0xE993,
  0xE90B, 0xE89C, 0xE848, 0xE813,  0xE7F9, 0xE801, 0xE821, 0xE85E,
  0xE8C1, 0xE935, 0xE9C9, 0xEA7A,  0xEB45, 0xEC28, 0xED22, 0xEE36,
  0xEF5F, 0xF09A, 0xF1E9, 0xF34D,  0xF4BA, 0xF63A, 0xF7C2, 0xF957,
  0xFAF3, 0xFC95, 0xFE3C, 0xFFE3,  0x018E, 0x0332, 0x04D7, 0x0672,
  0x0808, 0x0994, 0x0B10, 0x0C85,  0x0DE8, 0x0F34, 0x107B, 0x119D,
  0x12BB, 0x13B1, 0x149B, 0x156B,  0x1617, 0x16B4, 0x172D, 0x1790,
  0x17CE, 0x17F8, 0x17FE, 0x17EC,  0x17B4, 0x176B, 0x16FD, 0x1676,
  0x15CE, 0x1518, 0x143A, 0x134D,  0x1243, 0x1125, 0x0FF6, 0x0EA6,
  0x0D58, 0x0BE7, 0x0A75, 0x08EC,  0x0762, 0x05C5, 0x0429, 0x0285,
  0x00DB, 0xFF36, 0xFD8D, 0xFBE8,  0xFA4C, 0xF8AF, 0xF724, 0xF59E,
  0xF425, 0xF2C0, 0xF162, 0xF01D,  0xEEEA, 0xEDCC, 0xECC0, 0xEBD2,
  0xEAFB, 0xEA38, 0xE99A, 0xE90A,  0xE8A6, 0xE850, 0xE81E, 0xE80A,
  0xE813, 0xE833, 0xE879, 0xE8D5,  0xE953, 0xE9E6, 0xEA9A, 0xEB67,
  0xEC48, 0xED49, 0xEE5B, 0xEF86,  0xF0C1, 0xF213, 0xF375, 0xF4E6,
  0xF65F, 0xF7F0, 0xF97E, 0xFB1E,  0xFCBC, 0xFE65, 0x0007, 0x01B7,
  0x0352, 0x04FC, 0x0692, 0x0828,  0x09AF, 0x0B2C, 0x0C9E, 0x0DFB,
  0x0F4D, 0x1086, 0x11B1, 0x12C3,  0x13BA, 0x14A5, 0x1569, 0x161C,
  0x16AE, 0x1729, 0x1788, 0x17C2,  0x17EC, 0x17EC, 0x17D9, 0x179F,
  0x1753, 0x16E3, 0x1657, 0x15B4,  0x14F3, 0x141C, 0x1324, 0x1224,
  0x10FB, 0x0FCE, 0x0E80, 0x0D2C,  0x0BC2, 0x0A48, 0x08C3, 0x0739,
  0x059A, 0x0405, 0x0257, 0x00BA,  0xFF0A, 0xFD6E, 0xFBC0, 0xFA2E,
  0xF88E, 0xF706, 0xF583, 0xF40A,  0xF2AA, 0xF14C, 0xF00C, 0xEEDB,
  0xEDBD, 0xECB8, 0xEBCA, 0xEAF5,  0xEA3B, 0xE994, 0xE915, 0xE8A9,
  0xE85B, 0xE82C, 0xE817, 0xE826,  0xE846, 0xE891, 0xE8F0, 0xE96C,
  0xEA04, 0xEABB, 0xEB86, 0xEC6E,  0xED6A, 0xEE84, 0xEFAA, 0xF0EA,
  0xF23C, 0xF39D, 0xF50F, 0xF68B,  0xF817, 0xF9A9, 0xFB45, 0xFCE7,
  0xFE89, 0x0032, 0x01D7, 0x037A,  0x051D, 0x06B2, 0x0848, 0x09C9,
  0x0B4B, 0x0CB2, 0x0E14, 0x0F5E,  0x1097, 0x11C2, 0x12CA, 0x13C7,
  0x14A6, 0x1570, 0x1619, 0x16AC,  0x1726, 0x177A, 0x17BC, 0x17D9,
  0x17E0, 0x17C1, 0x178D, 0x1739,  0x16C9, 0x1639, 0x1596, 0x14D4,
  0x13F8, 0x1303, 0x11FA, 0x10DA,  0x0FA1, 0x0E5D, 0x0D02, 0x0B96,
  0x0A21, 0x0899, 0x070E, 0x0576,  0x03D4, 0x0238, 0x008C, 0xFEEB,
  0xFD44, 0xFBA1, 0xFA0A, 0xF86F,  0xF6EB, 0xF562, 0xF3F9, 0xF28A,
  0xF13E, 0xEFF8, 0xEECA, 0xEDB4,  0xECAA, 0xEBC6, 0xEAF1, 0xEA37,
  0xE998, 0xE919, 0xE8AF, 0xE866,  0xE837, 0xE82B, 0xE833, 0xE85E,
  0xE8A7, 0xE909, 0xE988, 0xEA22,  0xEADB, 0xEBA8, 0xEC8F, 0xED91,
  0xEEA8, 0xEFD1, 0xF115, 0xF261,  0xF3CA, 0xF534, 0xF6B7, 0xF840,
  0xF9D4, 0xFB6C, 0xFD0F, 0xFEB1,  0x0057, 0x01FD, 0x039D, 0x053E,
  0x06D4, 0x0865, 0x09E6, 0x0B64,  0x0CCB, 0x0E2A, 0x0F6E, 0x10AE,
  0x11C8, 0x12DB, 0x13CC, 0x14AF,  0x156E, 0x161C, 0x16A8, 0x1720,
  0x1773, 0x17AD, 0x17CF, 0x17CB,  0x17B0, 0x1775, 0x1723, 0x16AC,
  0x161E, 0x1577, 0x14B3, 0x13D4,  0x12E1, 0x11D4, 0x10B5, 0x0F78,
  0x0E37, 0x0CD6, 0x0B70, 0x09F4,  0x0874, 0x06E1, 0x054F, 0x03AC,
  0x020E, 0x0068, 0xFEC3, 0xFD21,  0xFB7F, 0xF9E7, 0xF853, 0xF6C9,
  0xF54B, 0xF3DC, 0xF278, 0xF126,  0xEFE8, 0xEEBC, 0xEDA4, 0xECA6,
  0xEBBA, 0xEAF0, 0xEA35, 0xE999,  0xE921, 0xE8B4, 0xE870, 0xE848,
  0xE835, 0xE84A, 0xE871, 0xE8BF,  0xE923, 0xE9A3, 0xEA40, 0xEAFC,
  0xEBC6, 0xECB7, 0xEDB1, 0xEED1,  0xEFF7, 0xF13B, 0xF28C, 0xF3F0,
  0xF560, 0xF6DF, 0xF86B, 0xF9F9,  0xFB98, 0xFD37, 0xFED5, 0x0083,
  0x021A, 0x03C8, 0x055A, 0x06F8,  0x0880, 0x0A06, 0x0B7A, 0x0CE7,
  0x0E3B, 0x0F84, 0x10BC, 0x11D7,  0x12E4, 0x13D6, 0x14B3, 0x1570,
  0x161C, 0x16A4, 0x171A, 0x1769,  0x17A3, 0x17BE, 0x17BC, 0x1799,
  0x1763, 0x1707, 0x1692, 0x1602,  0x1557, 0x1493, 0x13B1, 0x12BD,
  0x11B0, 0x108C, 0x0F53, 0x0E0E,  0x0CAD, 0x0B46, 0x09CD, 0x0847,
  0x06BD, 0x0520, 0x0389, 0x01E4,  0x0042, 0xFE9F, 0xFCFB, 0xFB5F,
  0xF9C4, 0xF835, 0xF6AC, 0xF530,  0xF3C4, 0xF260, 0xF114, 0xEFD5,
  0xEEAF, 0xED97, 0xEC9C, 0xEBB7,  0xEAE8, 0xEA36, 0xE99D, 0xE924,
  0xE8BC, 0xE87B, 0xE853, 0xE849,  0xE859, 0xE889, 0xE8D6, 0xE93A,
  0xE9C1, 0xEA5E, 0xEB1B, 0xEBEA,  0xECD6, 0xEDDB, 0xEEF2, 0xF021,
  0xF161, 0xF2B6, 0xF418, 0xF589,  0xF70A, 0xF892, 0xFA24, 0xFBC0,
  0xFD5C, 0xFF01, 0x00A2, 0x0246,  0x03E5, 0x0581, 0x0712, 0x08A4,
  0x0A1B, 0x0B9B, 0x0CF8, 0x0E54,  0x0F95, 0x10CB, 0x11E5, 0x12EE,
  0x13DE, 0x14B8, 0x1571, 0x161C,  0x16A0, 0x1714, 0x175D, 0x179B,
  0x17AD, 0x17AB, 0x1786, 0x174B,  0x16F0, 0x1676, 0x15E5, 0x1539,
  0x1470, 0x1391, 0x1298, 0x118C,  0x1063, 0x0F2F, 0x0DE2, 0x0C88,
  0x0B1B, 0x09A4, 0x0820, 0x0690,  0x04FB, 0x035E, 0x01BF, 0x001A,
  0xFE7B, 0xFCD7, 0xFB3C, 0xF9A5,  0xF815, 0xF68E, 0xF519, 0xF3A8,
  0xF24D, 0xF0FE, 0xEFC6, 0xEE9F,  0xED8C, 0xEC93, 0xEBB2, 0xEAE3,
  0xEA37, 0xE9A0, 0xE926, 0xE8C8,  0xE882, 0xE866, 0xE855, 0xE86D,
  0xE89F, 0xE8EC, 0xE956, 0xE9DC,  0xEA7D, 0xEB3C, 0xEC08, 0xECFE,
  0xEDFC, 0xEF1B, 0xF045, 0xF18B,  0xF2DD, 0xF442, 0xF5B2, 0xF732,
  0xF8BD, 0xFA4B, 0xFBEA, 0xFD82,  0xFF29, 0x00C6, 0x026D, 0x0405,
  0x05A3, 0x0734, 0x08BC, 0x0A3E,  0x0BAE, 0x0D13, 0x0E66, 0x0FA9,
  0x10DA, 0x11F2, 0x12F8, 0x13E5,  0x14BC, 0x1574, 0x1619, 0x16A0,
  0x1707, 0x1759, 0x178B, 0x17A0,  0x1797, 0x1774, 0x1734, 0x16D6,
  0x165C, 0x15C7, 0x151A, 0x1450,  0x136B, 0x1279, 0x1162, 0x103F,
  0x0F06, 0x0DBC, 0x0C5D, 0x0AF4,  0x0979, 0x07F8, 0x0666, 0x04D4,
  0x0335, 0x0199, 0xFFF4, 0xFE55,  0xFCB4, 0xFB1A, 0xF985, 0xF7F6,
  0xF673, 0xF4FD, 0xF391, 0xF236,  0xF0EC, 0xEFB5, 0xEE90, 0xED81,
  0xEC8C, 0xEBA9, 0xEAE3, 0xEA34,  0xE9A5, 0xE92B, 0xE8CF, 0xE891,
  0xE86E, 0xE86B, 0xE87C, 0xE8B7,  0xE903, 0xE971, 0xE9F7, 0xEA9E,
  0xEB58, 0xEC2C, 0xED23, 0xEE1D,  0xEF46, 0xF066, 0xF1B9, 0xF300,
  0xF46E, 0xF5D9, 0xF760, 0xF8E1,  0xFA79, 0xFC0E, 0xFDAD, 0xFF4E,
  0x00EE, 0x028C, 0x042C, 0x05BF,  0x0755, 0x08D6, 0x0A57, 0x0BC3,
  0x0D27, 0x0E76, 0x0FB7, 0x10E2,  0x11F8, 0x12FB, 0x13E6, 0x14B4,
  0x1570, 0x160A, 0x1693, 0x16F4,  0x1743, 0x1772, 0x1783, 0x1778,
  0x1753, 0x170E, 0x16AE, 0x1632,  0x159D, 0x14EB, 0x1420, 0x133D,
  0x1243, 0x1133, 0x1009, 0x0ED6,  0x0D84, 0x0C2D, 0x0ABE, 0x094B,
  0x07C5, 0x0638, 0x04A6, 0x030A,  0x0170, 0xFFCD, 0xFE33, 0xFC92,
  0xFAFE, 0xF96A, 0xF7DF, 0xF664,  0xF4EB, 0xF389, 0xF22E, 0xF0EB,
  0xEFB7, 0xEE96, 0xED8E, 0xEC99,  0xEBBF, 0xEAF9, 0xEA51, 0xE9C4,
  0xE94F, 0xE8F7, 0xE8BD, 0xE89C,  0xE89A, 0xE8B5, 0xE8EC, 0xE93C,
  0xE9AE, 0xEA34, 0xEADD, 0xEB97,  0xEC70, 0xED61, 0xEE62, 0xEF82,
  0xF0AE, 0xF1F2, 0xF345, 0xF4A4,  0xF61C, 0xF790, 0xF91C, 0xFAA9,
  0xFC3F, 0xFDDA, 0xFF74, 0x0113,  0x02AC, 0x044A, 0x05D7, 0x0766,
  0x08E9, 0x0A5D, 0x0BCD, 0x0D25,  0x0E74, 0x0FAF, 0x10D4, 0x11E9,
  0x12E4, 0x13CA, 0x1498, 0x154B,  0x15E9, 0x1662, 0x16CB, 0x1711,
  0x173C, 0x174E, 0x173E, 0x1717,  0x16D0, 0x166D, 0x15F5, 0x1556,
  0x14AB, 0x13DB, 0x12FA, 0x1202,  0x10EA, 0x0FCE, 0x0E8E, 0x0D4B,
  0x0BEA, 0x0A88, 0x090D, 0x078F,  0x0606, 0x0473, 0x02DF, 0x0144,
  0xFFA8, 0xFE10, 0xFC75, 0xFAE3,  0xF955, 0xF7CF, 0xF656, 0xF4E4,
  0xF384, 0xF232, 0xF0F0, 0xEFC2,  0xEEA6, 0xEDA1, 0xECB2, 0xEBD9,
  0xEB1D, 0xEA75, 0xE9EC, 0xE97B,  0xE928, 0xE8EE, 0xE8D3, 0xE8D2,
  0xE8F1, 0xE927, 0xE97C, 0xE9EE,  0xEA77, 0xEB1D, 0xEBDC, 0xECB4,
  0xEDA1, 0xEEA9, 0xEFC2, 0xF0F1,  0xF231, 0xF382, 0xF4E4, 0xF653,
  0xF7C9, 0xF953, 0xFAD8, 0xFC71,  0xFE01, 0xFF9F, 0x0136, 0x02CE,
  0x0462, 0x05F1, 0x0776, 0x08FB,  0x0A64, 0x0BD4, 0x0D25, 0x0E71,
  0x0FA3, 0x10CA, 0x11D4, 0x12D1,  0x13AD, 0x1479, 0x152B, 0x15BD,
  0x163C, 0x169A, 0x16E1, 0x1707,  0x1716, 0x1707, 0x16D8, 0x1693,
  0x162F, 0x15B0, 0x1519, 0x1462,  0x139E, 0x12B4, 0x11BC, 0x10AD,
  0x0F87, 0x0E53, 0x0D05, 0x0BB4,  0x0A46, 0x08DA, 0x0755, 0x05D5,
  0x0440, 0x02B5, 0x0118, 0xFF86,  0xFDEB, 0xFC5A, 0xFACA, 0xF93E,
  0xF7C2, 0xF647, 0xF4DF, 0xF382,  0xF234, 0xF0F6, 0xEFCD, 0xEEB8,
  0xEDB4, 0xECCB, 0xEBF6, 0xEB40,  0xEA98, 0xEA16, 0xE9A7, 0xE958,
  0xE921, 0xE907, 0xE90C, 0xE928,  0xE962, 0xE9BA, 0xEA2B, 0xEAB5,
  0xEB5C, 0xEC1B, 0xECF6, 0xEDDD,  0xEEE9, 0xF000, 0xF12C, 0xF26F,
  0xF3BA, 0xF51F, 0xF686, 0xF7FF,  0xF982, 0xFB0B, 0xFC9A, 0xFE2E,
  0xFFC3, 0x015A, 0x02EE, 0x0480,  0x0608, 0x0791, 0x0906, 0x0A7B,
  0x0BD8, 0x0D32, 0x0E73, 0x0FA3,  0x10C8, 0x11CF, 0x12C4, 0x13A2,
  0x146A, 0x1516, 0x15A7, 0x1624,  0x167E, 0x16C2, 0x16E6, 0x16F5,
  0x16E0, 0x16B3, 0x1668, 0x1607,  0x1585, 0x14E9, 0x143A, 0x136A,
  0x128A, 0x1189, 0x1081, 0x0F55,  0x0E24, 0x0CD7, 0x0B84, 0x0A1B,
  0x08AA, 0x072A, 0x05AB, 0x0416,  0x028D, 0x00F2, 0xFF62, 0xFDC7,
  0xFC3B, 0xFAA7, 0xF926, 0xF7A5,  0xF630, 0xF4C9, 0xF36C, 0xF227,
  0xF0E3, 0xEFC4, 0xEEAD, 0xEDAD,  0xECC7, 0xEBF4, 0xEB3E, 0xEA9E,
  0xEA18, 0xE9B2, 0xE960, 0xE92D,  0xE917, 0xE91C, 0xE93E, 0xE976,
  0xE9D5, 0xEA44, 0xEAD1, 0xEB7D,  0xEC3A, 0xED17, 0xEE01, 0xEF0D,
  0xF027, 0xF151, 0xF296, 0xF3E3,  0xF544, 0xF6B2, 0xF824, 0xF9AD,
  0xFB2E, 0xFCC5, 0xFE50, 0xFFED,  0x0179, 0x0314, 0x049D, 0x062C,
  0x07AB, 0x0924, 0x0A92, 0x0BF1,  0x0D47, 0x0E84, 0x0FB6, 0x10D3,
  0x11DB, 0x12CB, 0x13AA, 0x146A,  0x1518, 0x15A2, 0x1620, 0x1676,
  0x16B6, 0x16D9, 0x16E5, 0x16CC,  0x169F, 0x1651, 0x15EC, 0x156A,
  0x14CB, 0x141B, 0x1349, 0x1265,  0x1168, 0x1059, 0x0F33, 0x0DF9,
  0x0CB3, 0x0B5A, 0x09F3, 0x0883,  0x0702, 0x0582, 0x03F1, 0x0264,
  0x00D1, 0xFF38, 0xFDA9, 0xFC15,  0xFA8A, 0xF907, 0xF788, 0xF615,
  0xF4B1, 0xF358, 0xF20F, 0xF0D7,  0xEFB2, 0xEEA1, 0xEDA5, 0xECBE,
  0xEBF4, 0xEB3A, 0xEA9F, 0xEA1E,  0xE9B9, 0xE968, 0xE93C, 0xE924,
  0xE930, 0xE94F, 0xE98E, 0xE9EE,  0xEA5E, 0xEAF0, 0xEB98, 0xEC5E,
  0xED35, 0xEE28, 0xEF30, 0xF04B,  0xF17A, 0xF2BB, 0xF40D, 0xF56B,
  0xF6D7, 0xF852, 0xF9CF, 0xFB5B,  0xFCE6, 0xFE7A, 0x000F, 0x019F,
  0x0334, 0x04C1, 0x0646, 0x07CD,  0x093C, 0x0AAD, 0x0C09, 0x0D59,
  0x0E97, 0x0FC7, 0x10DF, 0x11E7,  0x12D0, 0x13B2, 0x146C, 0x1515,
  0x15A4, 0x1613, 0x1674, 0x16A4,  0x16D2, 0x16D0, 0x16BB, 0x1688,
  0x163B, 0x15D2, 0x154D, 0x14AF,  0x13FA, 0x132A, 0x123F, 0x1148,
  0x1031, 0x0F0F, 0x0DCF, 0x0C90,  0x0B2E, 0x09CF, 0x0856, 0x06E0,
  0x0556, 0x03CE, 0x023B, 0x00AC,  0xFF15, 0xFD85, 0xFBF6, 0xFA67,
  0xF8ED, 0xF767, 0xF5FF, 0xF497,  0xF343, 0xF1FC, 0xF0C5, 0xEFA5,
  0xEE94, 0xED9D, 0xECB7, 0xEBF1,  0xEB37, 0xEAA4, 0xEA21, 0xE9C0,
  0xE974, 0xE945, 0xE938, 0xE93F,  0xE963, 0xE9A7, 0xEA06, 0xEA77,
  0xEB0F, 0xEBB6, 0xEC7F, 0xED56,  0xEE4D, 0xEF54, 0xF070, 0xF1A1,
  0xF2E1, 0xF436, 0xF592, 0xF700,  0xF878, 0xF9F8, 0xFB81, 0xFD0D,
  0xFEA1, 0x0030, 0x01C6, 0x0354,  0x04E1, 0x0668, 0x07E6, 0x095A,
  0x0AC4, 0x0C21, 0x0D6C, 0x0EAA,  0x0FD6, 0x10EC, 0x11F1, 0x12D9,
  0x13B5, 0x146F, 0x1514, 0x15A0,  0x1611, 0x1664, 0x169F, 0x16C0,
  0x16C0, 0x16A9, 0x1670, 0x1626,  0x15B5, 0x1533, 0x1490, 0x13DB,
  0x1308, 0x121D, 0x1123, 0x100E,  0x0EE4, 0x0DB1, 0x0C5F, 0x0B0E,
  0x09A1, 0x0833, 0x06B6, 0x052E,  0x03A8, 0x0216, 0x0085, 0xFEF3,
  0xFD61, 0xFBD4, 0xFA4B, 0xF8C9,  0xF751, 0xF5E2, 0xF481, 0xF32D,
  0xF1E7, 0xF0B7, 0xEF96, 0xEE8A,  0xED91, 0xECB4, 0xEBEC, 0xEB39,
  0xEAA3, 0xEA29, 0xE9C5, 0xE97E,  0xE956, 0xE943, 0xE954, 0xE976,
  0xE9BF, 0xEA1E, 0xEA91, 0xEB2E,  0xEBD4, 0xECA0, 0xED77, 0xEE70,
  0xEF7A, 0xF094, 0xF1C9, 0xF307,  0xF45D, 0xF5BB, 0xF726, 0xF8A2,
  0xFA1E, 0xFBA9, 0xFD33, 0xFEC6,  0x0055, 0x01E9, 0x0376, 0x0502,
  0x0687, 0x0801, 0x0976, 0x0ADC,  0x0C38, 0x0D81, 0x0EBA, 0x0FE6,
  0x10F9, 0x11F9, 0x12E3, 0x13B8,  0x1470, 0x1514, 0x159C, 0x160B,
  0x165B, 0x1693, 0x16B1, 0x16B0,  0x1693, 0x165F, 0x160B, 0x159B,
  0x1517, 0x1472, 0x13BD, 0x12E3,  0x11FD, 0x10FF, 0x0FE7, 0x0EC1,
  0x0D85, 0x0C3E, 0x0AE3, 0x097A,  0x080B, 0x068D, 0x050A, 0x037F,
  0x01F3, 0x005C, 0xFED3, 0xFD3D,  0xFBB3, 0xFA2D, 0xF8AB, 0xF734,
  0xF5CB, 0xF466, 0xF31A, 0xF1D4,  0xF0A7, 0xEF88, 0xEE7E, 0xED89,
  0xECAF, 0xEBE9, 0xEB37, 0xEAA8,  0xEA2C, 0xE9D0, 0xE986, 0xE964,
  0xE955, 0xE961, 0xE991, 0xE9D2,  0xEA37, 0xEAB0, 0xEB46, 0xEBF8,
  0xECBC, 0xED9D, 0xEE92, 0xEF9E,  0xF0BB, 0xF1EE, 0xF330, 0xF484,
  0xF5E0, 0xF753, 0xF8C4, 0xFA4A,  0xFBCC, 0xFD5D, 0xFEE8, 0x007B,
  0x020B, 0x0398, 0x0522, 0x06A5,  0x081E, 0x0990, 0x0AF6, 0x0C4B,
  0x0D97, 0x0ECB, 0x0FF6, 0x1103,  0x1205, 0x12E8, 0x13BE, 0x1470,
  0x1514, 0x1597, 0x1606, 0x164E,  0x168B, 0x16A0, 0x169F, 0x1681,
  0x1646, 0x15F5, 0x1581, 0x14F8,  0x1459, 0x1397, 0x12C6, 0x11D9,
  0x10DA, 0x0FC2, 0x0E9B, 0x0D5F,  0x0C18, 0x0AB7, 0x0957, 0x07E0,
  0x0667, 0x04E3, 0x0359, 0x01CA,  0x003E, 0xFEA9, 0xFD1E, 0xFB93,
  0xFA0B, 0xF890, 0xF718, 0xF5B1,  0xF451, 0xF303, 0xF1C2, 0xF098,
  0xEF79, 0xEE75, 0xED80, 0xECAB,  0xEBE3, 0xEB3A, 0xEAA9, 0xEA34,
  0xE9D5, 0xE992, 0xE973, 0xE962,  0xE978, 0xE99F, 0xE9F1, 0xEA4A,
  0xEACF, 0xEB62, 0xEC17, 0xECDD,  0xEDBF, 0xEEB6, 0xEFC2, 0xF0E0,
  0xF215, 0xF357, 0xF4AB, 0xF608,  0xF77B, 0xF8EB, 0xFA71, 0xFBF3,
  0xFD82, 0xFF0E, 0x00A0, 0x022C,  0x03BB, 0x053F, 0x06C5, 0x0839,
  0x09AC, 0x0B0C, 0x0C64, 0x0DA6,  0x0EE0, 0x1001, 0x1113, 0x1209,
  0x12F6, 0x13BA, 0x1478, 0x150C,  0x159A, 0x15F6, 0x164D, 0x1678,
  0x1697, 0x168A, 0x166D, 0x1632,  0x15DB, 0x1566, 0x14DF, 0x1436,
  0x137B, 0x12A1, 0x11B9, 0x10B4,  0x0F9F, 0x0E73, 0x0D3B, 0x0BED,
  0x0A92, 0x092E, 0x07BB, 0x063E,  0x04BC, 0x0332, 0x01A5, 0x001B,
  0xFE83, 0xFCFF, 0xFB6F, 0xF9EF,  0xF873, 0xF6FB, 0xF59A, 0xF439,
  0xF2EE, 0xF1B2, 0xF085, 0xEF70,  0xEE65, 0xED7E, 0xECA1, 0xEBE4,
  0xEB37, 0xEAB1, 0xEA34, 0xE9E1,  0xE99D, 0xE97F, 0xE975, 0xE987,
  0xE9B9, 0xEA04, 0xEA66, 0xEAE8,  0xEB83, 0xEC34, 0xECFE, 0xEDE2,
  0xEED9, 0xEFE7, 0xF106, 0xF23B,  0xF37E, 0xF4D3, 0xF62E, 0xF7A5,
  0xF910, 0xFA9A, 0xFC19, 0xFDA7,  0xFF33, 0x00C4, 0x024E, 0x03DD,
  0x055F, 0x06E1, 0x0857, 0x09C4,  0x0B26, 0x0C76, 0x0DBE, 0x0EED,
  0x1012, 0x111C, 0x1214, 0x12FA,  0x13C1, 0x1475, 0x150F, 0x1590,
  0x15F3, 0x163F, 0x1670, 0x1684,  0x167A, 0x165A, 0x161A, 0x15C3,
  0x154B, 0x14C3, 0x1418, 0x1359,  0x1282, 0x1194, 0x1092, 0x0F77,
  0x0E4F, 0x0D13, 0x0BC6, 0x0A6D,  0x0904, 0x0794, 0x0616, 0x0497,
  0x030A, 0x0185, 0xFFED, 0xFE6A,  0xFCD6, 0xFB53, 0xF9CF, 0xF855,
  0xF6E2, 0xF580, 0xF423, 0xF2DA,  0xF19F, 0xF079, 0xEF5E, 0xEE5F,
  0xED75, 0xEC9C, 0xEBE2, 0xEB39,  0xEAB1, 0xEA3F, 0xE9E4, 0xE9AD,
  0xE98C, 0xE983, 0xE99C, 0xE9CE,  0xEA1B, 0xEA80, 0xEB05, 0xEB9E,
  0xEC55, 0xED1E, 0xEE04, 0xEEFF,  0xF008, 0xF12F, 0xF260, 0xF3A6,
  0xF4F7, 0xF65B, 0xF7C6, 0xF93E,  0xFABC, 0xFC42, 0xFDCB, 0xFF59,
  0x00E6, 0x0272, 0x03FD, 0x057E,  0x0700, 0x0870, 0x09E1, 0x0B39,
  0x0C91, 0x0DCB, 0x0F02, 0x101E,  0x1125, 0x1222, 0x12FB, 0x13C7,
  0x1474, 0x150F, 0x1589, 0x15ED,  0x1634, 0x1665, 0x1672, 0x166A,
  0x1645, 0x1605, 0x15A9, 0x1532,  0x14A4, 0x13FC, 0x1336, 0x1263,
  0x1170, 0x106E, 0x0F50, 0x0E2D,  0x0CE8, 0x0BA2, 0x0A42, 0x08DF,
  0x076D, 0x05EF, 0x046E, 0x02E8,  0x0159, 0xFFD2, 0xFE3F, 0xFCBB,
  0xFB2E, 0xF9B5, 0xF834, 0xF6CC,  0xF564, 0xF40F, 0xF2C5, 0xF18E,
  0xF069, 0xEF52, 0xEE56, 0xED6C,  0xEC99, 0xEBDE, 0xEB3B, 0xEAB6,
  0xEA42, 0xE9F0, 0xE9B7, 0xE99A,  0xE994, 0xE9B1, 0xE9E1, 0xEA35,
  0xEA96, 0xEB24, 0xEBBC, 0xEC72,  0xED42, 0xEE23, 0xEF25, 0xF02C,
  0xF155, 0xF285, 0xF3CE, 0xF51D,  0xF685, 0xF7EB, 0xF967, 0xFAE0,
  0xFC6A, 0xFDF1, 0xFF7D, 0x010A,  0x0293, 0x041E, 0x059D, 0x071E,
  0x088B, 0x09FB, 0x0B4F, 0x0CA7,  0x0DDD, 0x0F14, 0x1028, 0x1136,
  0x1224, 0x1307, 0x13C6, 0x1476,  0x150C, 0x1584, 0x15E5, 0x162B,
  0x1656, 0x1664, 0x1656, 0x1633,  0x15EC, 0x1591, 0x1516, 0x148B,
  0x13D9, 0x1318, 0x1241, 0x114B,  0x104C, 0x0F2B, 0x0E05, 0x0CC4,
  0x0B77, 0x0A20, 0x08B4, 0x0746,  0x05C9, 0x0446, 0x02C5, 0x0132,
  0xFFAF, 0xFE1C, 0xFC99, 0xFB10,  0xF994, 0xF81B, 0xF6AF, 0xF54E,
  0xF3F7, 0xF2B2, 0xF17E, 0xF058,  0xEF48, 0xEE4B, 0xED66, 0xEC94,
  0xEBDD, 0xEB3D, 0xEAB8, 0xEA4B,  0xE9F7, 0xE9C6, 0xE9A6, 0xE9A5,
  0xE9C5, 0xE9F7, 0xEA4B, 0xEAB3,  0xEB3E, 0xEBDA, 0xEC92, 0xED61,
  0xEE4B, 0xEF41, 0xF057, 0xF176,  0xF2AF, 0xF3F3, 0xF545, 0xF6AB,
  0xF814, 0xF98B, 0xFB0B, 0xFC8D,  0xFE16, 0xFFA3, 0x012C, 0x02B5,
  0x043F, 0x05BB, 0x073B, 0x08A7,  0x0A12, 0x0B69, 0x0CB8, 0x0DF3,
  0x0F21, 0x1037, 0x113F, 0x122F,  0x1308, 0x13CC, 0x1474, 0x150D,
  0x157A, 0x15E0, 0x161D, 0x164D,  0x164F, 0x1649, 0x161A, 0x15D9,
  0x1574, 0x14FF, 0x146A, 0x13BC,  0x12F9, 0x121D, 0x112B, 0x1024,
  0x0F08, 0x0DDF, 0x0C9D, 0x0B51,  0x09F7, 0x088E, 0x071F, 0x05A0,
  0x0425, 0x0298, 0x0115, 0xFF85,  0xFDFE, 0xFC75, 0xFAF3, 0xF975,
  0xF7FF, 0xF696, 0xF535, 0xF3E2,  0xF2A0, 0xF16B, 0xF04A, 0xEF3B,
  0xEE44, 0xED5E, 0xEC91, 0xEBD9,  0xEB42, 0xEAB9, 0xEA53, 0xEA01,
  0xE9D2, 0xE9B3, 0xE9B8, 0xE9D7,  0xEA0E, 0xEA62, 0xEACF, 0xEB58,
  0xEBF9, 0xECB0, 0xED84, 0xEE6D,  0xEF65, 0xF07B, 0xF19C, 0xF2D5,
  0xF41A, 0xF56C, 0xF6D3, 0xF839,  0xF9B5, 0xFB2F, 0xFCB4, 0xFE3C,
  0xFFC5, 0x0150, 0x02D8, 0x045C,  0x05DE, 0x0752, 0x08C8, 0x0A25,
  0x0B85, 0x0CC7, 0x0E09, 0x0F2F,  0x1043, 0x114C, 0x1235, 0x130E,
  0x13CE, 0x1475, 0x1508, 0x1576,  0x15D6, 0x1616, 0x163A, 0x1644,
  0x1632, 0x1609, 0x15BE, 0x155F,  0x14E1, 0x144E, 0x139C, 0x12DA,
  0x11FA, 0x110A, 0x0FFC, 0x0EE7,  0x0DB5, 0x0C79, 0x0B29, 0x09D0,
  0x0868, 0x06F5, 0x057D, 0x03FB,  0x0276, 0x00EE, 0xFF63, 0xFDDB,
  0xFC55, 0xFAD3, 0xF957, 0xF7E5,  0xF67A, 0xF520, 0xF3CA, 0xF28E,
  0xF15B, 0xF03A, 0xEF32, 0xEE39,  0xED58, 0xEC8D, 0xEBD9, 0xEB44,
  0xEABC, 0xEA5B, 0xEA0B, 0xE9DE,  0xE9C2, 0xE9CA, 0xE9EA, 0xEA26,
  0xEA76, 0xEAED, 0xEB72, 0xEC19,  0xECCE, 0xEDA8, 0xEE8A, 0xEF8D,
  0xF09D, 0xF1C5, 0xF2F9, 0xF440,  0xF595, 0xF6F7, 0xF864, 0xF9D8,
  0xFB58, 0xFCD8, 0xFE63, 0xFFE6,  0x0175, 0x02F7, 0x0480, 0x05F7,
  0x0775, 0x08DB, 0x0A45, 0x0B95,  0x0CE1, 0x0E16, 0x0F40, 0x1051,
  0x1153, 0x1241, 0x130F, 0x13D1,  0x1477, 0x14FF, 0x1577, 0x15C9,
  0x160D, 0x162B, 0x1633, 0x1622,  0x15F3, 0x15A6, 0x1545, 0x14C9,
  0x142C, 0x1383, 0x12B4, 0x11DC,  0x10E3, 0x0FDB, 0x0EC0, 0x0D90,
  0x0C52, 0x0B02, 0x09AB, 0x083D,  0x06D1, 0x0555, 0x03D7, 0x0250,
  0x00C8, 0xFF42, 0xFDB8, 0xFC35,  0xFAB4, 0xF938, 0xF7CD, 0xF65E,
  0xF509, 0xF3B5, 0xF27C, 0xF14A,  0xF02D, 0xEF25, 0xEE31, 0xED53,
  0xEC88, 0xEBDB, 0xEB43, 0xEAC3,  0xEA60, 0xEA19, 0xE9E6, 0xE9D4,
  0xE9DB, 0xE9FE, 0xEA3B, 0xEA90,  0xEB07, 0xEB8F, 0xEC36, 0xECEF,
  0xEDC8, 0xEEAF, 0xEFAE, 0xF0C5,  0xF1E8, 0xF321, 0xF465, 0xF5BE,
  0xF71D, 0xF88A, 0xFA01, 0xFB7B,  0xFD02, 0xFE82, 0x000F, 0x0194,
  0x031B, 0x049C, 0x0619, 0x078D,  0x08FB, 0x0A58, 0x0BAE, 0x0CF3,
  0x0E2A, 0x0F4D, 0x105E, 0x115E,  0x1245, 0x1317, 0x13D1, 0x1477,
  0x14FC, 0x156E, 0x15C4, 0x1600,  0x161C, 0x1625, 0x160D, 0x15DF,
  0x158E, 0x152D, 0x14AB, 0x1412,  0x135F, 0x1298, 0x11B8, 0x10C0,
  0x0FB7, 0x0E9A, 0x0D6B, 0x0C2B,  0x0ADC, 0x0982, 0x0819, 0x06A8,
  0x0531, 0x03AE, 0x022D, 0x00A4,  0xFF1E, 0xFD97, 0xFC14, 0xFA95,
  0xF91E, 0xF7AC, 0xF64B, 0xF4ED,  0xF3A4, 0xF268, 0xF139, 0xF020,
  0xEF1C, 0xEE26, 0xED4F, 0xEC83,  0xEBDC, 0xEB46, 0xEAC6, 0xEA6A,
  0xEA21, 0xE9F4, 0xE9E3, 0xE9ED,  0xEA12, 0xEA51, 0xEAAA, 0xEB21,
  0xEBAA, 0xEC54, 0xED11, 0xEDE9,  0xEED1, 0xEFD1, 0xF0EC, 0xF20A,
  0xF34B, 0xF489, 0xF5E6, 0xF744,  0xF8B1, 0xFA27, 0xFBA2, 0xFD26,
  0xFEA8, 0x0032, 0x01B5, 0x033E,  0x04BA, 0x0639, 0x07A6, 0x0916,
  0x0A70, 0x0BC4, 0x0D07, 0x0E3B,  0x0F5A, 0x106C, 0x1167, 0x124C,
  0x131B, 0x13D4, 0x1474, 0x14FA,  0x1566, 0x15BC, 0x15F3, 0x160F,
  0x1613, 0x15FD, 0x15C4, 0x157C,  0x1510, 0x1492, 0x13F1, 0x1344,
  0x1274, 0x1199, 0x109A, 0x0F94,  0x0E75, 0x0D44, 0x0C04, 0x0AB8,
  0x0958, 0x07F4, 0x0680, 0x050C,  0x0387, 0x0209, 0x007F, 0xFEFC,
  0xFD76, 0xFBF3, 0xFA76, 0xF902,  0xF791, 0xF633, 0xF4D4, 0xF392,
  0xF253, 0xF12C, 0xF012, 0xEF10,  0xEE21, 0xED44, 0xEC86, 0xEBD9,
  0xEB49, 0xEACB, 0xEA73, 0xEA2A,  0xEA03, 0xE9F0, 0xEA02, 0xEA25,
  0xEA67, 0xEAC4, 0xEB3A, 0xEBC9,  0xEC71, 0xED32, 0xEE09, 0xEEF3,
  0xEFF8, 0xF10D, 0xF233, 0xF36F,  0xF4B0, 0xF60E, 0xF769, 0xF8D8,
  0xFA4F, 0xFBC7, 0xFD4B, 0xFECC,  0x0056, 0x01D8, 0x035D, 0x04DC,
  0x0651, 0x07C9, 0x0929, 0x0A8E,  0x0BD4, 0x0D1F, 0x0E48, 0x0F6A,
  0x1078, 0x1170, 0x1252, 0x1320,  0x13D5, 0x1472, 0x14F7, 0x155E,
  0x15B5, 0x15E3, 0x1604, 0x1601,  0x15EA, 0x15AE, 0x1564, 0x14F6,
  0x1476, 0x13D5, 0x1322, 0x1258,  0x1171, 0x107A, 0x0F70, 0x0E4E,
  0x0D20, 0x0BDD, 0x0A90, 0x0934,  0x07CA, 0x065D, 0x04E2, 0x0364,
  0x01E3, 0x005E, 0xFED6, 0xFD56,  0xFBD3, 0xFA57, 0xF8E8, 0xF775,
  0xF619, 0xF4C0, 0xF37C, 0xF242,  0xF11C, 0xF005, 0xEF07, 0xEE16,
  0xED42, 0xEC81, 0xEBDC, 0xEB48,  0xEAD4, 0xEA78, 0xEA38, 0xEA0D,
  0xEA03, 0xEA12, 0xEA39, 0xEA7F,  0xEADC, 0xEB57, 0xEBE3, 0xEC90,
  0xED53, 0xEE29, 0xEF18, 0xF01A,  0xF133, 0xF259, 0xF392, 0xF4DA,
  0xF633, 0xF791, 0xF8FF, 0xFA74,  0xFBEC, 0xFD71, 0xFEF1, 0x0077,
  0x01FD, 0x037A, 0x04FC, 0x0670,  0x07E1, 0x0947, 0x0AA0, 0x0BEE,
  0x0D2F, 0x0E59, 0x0F7A, 0x1082,  0x1179, 0x125A, 0x1321, 0x13D8,
  0x1471, 0x14EE, 0x155E, 0x15A6,  0x15DA, 0x15F3, 0x15F2, 0x15D4,
  0x159A, 0x154C, 0x14DC, 0x145B,  0x13B5, 0x1306, 0x1232, 0x1155,
  0x1051, 0x0F51, 0x0E25, 0x0CFB,  0x0BB8, 0x0A68, 0x090E, 0x07A2,
  0x0638, 0x04BC, 0x033F, 0x01BE,  0x0039, 0xFEB6, 0xFD34, 0xFBB2,
  0xFA3D, 0xF8C6, 0xF75F, 0xF5FE,  0xF4AC, 0xF366, 0xF234, 0xF107,
  0xEFFD, 0xEEFB, 0xEE0F, 0xED3E,  0xEC7E, 0xEBDC, 0xEB4B, 0xEADB,
  0xEA81, 0xEA41, 0xEA1B, 0xEA14,  0xEA24, 0xEA4E, 0xEA95, 0xEAF6,
  0xEB70, 0xEC03, 0xECAC, 0xED75,  0xEE48, 0xEF3D, 0xF03D, 0xF159,
  0xF27C, 0xF3BA, 0xF501, 0xF658,  0xF7B9, 0xF925, 0xFA99, 0xFC14,
  0xFD93, 0xFF18, 0x0098, 0x021F,  0x039B, 0x0519, 0x068E, 0x07FD,
  0x095F, 0x0AB8, 0x0C03, 0x0D40,  0x0E6A, 0x0F88, 0x108D, 0x1183,
  0x125D, 0x1327, 0x13D8, 0x146D,  0x14EE, 0x1551, 0x15A0, 0x15CC,
  0x15E4, 0x15E3, 0x15BC, 0x1589,  0x152E, 0x14C9, 0x1437, 0x139E,
  0x12E3, 0x1214, 0x112D, 0x1036,  0x0F24, 0x0E07, 0x0CD1, 0x0B92,
  0x0A45, 0x08E1, 0x0783, 0x060C,  0x0498, 0x031B, 0x0197, 0x0019,
  0xFE91, 0xFD14, 0xFB94, 0xFA1C,  0xF8AE, 0xF742, 0xF5E7, 0xF496,
  0xF353, 0xF220, 0xF0FC, 0xEFEE,  0xEEF3, 0xEE05, 0xED3B, 0xEC7C,
  0xEBDE, 0xEB4D, 0xEAE2, 0xEA88,  0xEA4E, 0xEA29, 0xEA24, 0xEA36,
  0xEA63, 0xEAAC, 0xEB11, 0xEB89,  0xEC1F, 0xECCF, 0xED8F, 0xEE72,
  0xEF56, 0xF06A, 0xF176, 0xF2A7,  0xF3DE, 0xF528, 0xF67E, 0xF7DF,
  0xF94C, 0xFABF, 0xFC3A, 0xFDB7,  0xFF3B, 0x00BD, 0x023C, 0x03C1,
  0x0532, 0x06AF, 0x0815, 0x0979,  0x0ACF, 0x0C18, 0x0D52, 0x0E7A,
  0x0F96, 0x1097, 0x118C, 0x1261,  0x132E, 0x13D5, 0x146D, 0x14E7,
  0x154C, 0x1594, 0x15BF, 0x15D8,  0x15CD, 0x15AD, 0x156E, 0x151B,
  0x14AA, 0x141E, 0x137E, 0x12C5,  0x11F1, 0x110D, 0x1011, 0x0F01,
  0x0DE1, 0x0CAA, 0x0B6F, 0x0A19,  0x08C2, 0x0754, 0x05EF, 0x046B,
  0x02FA, 0x0171, 0xFFF6, 0xFE71,  0xFCF1, 0xFB76, 0xF9FF, 0xF890,
  0xF72C, 0xF5CB, 0xF484, 0xF33E,  0xF20E, 0xF0F1, 0xEFDE, 0xEEEB,
  0xEDFF, 0xED36, 0xEC7B, 0xEBDE,  0xEB4F, 0xEAED, 0xEA8E, 0xEA59,
  0xEA38, 0xEA33, 0xEA4C, 0xEA74,  0xEAC8, 0xEB26, 0xEBA7, 0xEC3B,
  0xECEE, 0xEDB0, 0xEE92, 0xEF7B,  0xF08C, 0xF19C, 0xF2CB, 0xF406,
  0xF54C, 0xF6A7, 0xF803, 0xF974,  0xFAE4, 0xFC60, 0xFDDB, 0xFF5F,
  0x00DF, 0x025F, 0x03DD, 0x0555,  0x06C8, 0x0831, 0x0993, 0x0AE2,
  0x0C30, 0x0D62, 0x0E8A, 0x0FA3,  0x10A3, 0x1192, 0x126A, 0x132D,
  0x13D7, 0x1469, 0x14E4, 0x1544,  0x1588, 0x15B4, 0x15C7, 0x15BD,
  0x1597, 0x1558, 0x1506, 0x148A,  0x1406, 0x135F, 0x12A5, 0x11D1,
  0x10EA, 0x0FEC, 0x0EE0, 0x0DB8,  0x0C88, 0x0B46, 0x09F4, 0x0899,
  0x0733, 0x05C2, 0x044C, 0x02D0,  0x0151, 0xFFD1, 0xFE4F, 0xFCD1,
  0xFB58, 0xF9E0, 0xF878, 0xF70C,  0xF5BA, 0xF46B, 0xF32C, 0xF1FE,
  0xF0E0, 0xEFD6, 0xEEDF, 0xEDF9,  0xED33, 0xEC78, 0xEBE0, 0xEB54,
  0xEAF1, 0xEA99, 0xEA65, 0xEA44,  0xEA48, 0xEA59, 0xEA8F, 0xEADC,
  0xEB41, 0xEBC2, 0xEC59, 0xED0D,  0xEDD0, 0xEEB1, 0xEFA3, 0xF0AD,
  0xF1C1, 0xF2F2, 0xF429, 0xF576,  0xF6C9, 0xF82D, 0xF998, 0xFB0C,
  0xFC82, 0xFE03, 0xFF7F, 0x0103,  0x027F, 0x03FE, 0x0572, 0x06E5,
  0x084B, 0x09AA, 0x0AFB, 0x0C42,  0x0D73, 0x0E9D, 0x0FAB, 0x10B3,
  0x1194, 0x1273, 0x132E, 0x13D8,  0x1465, 0x14DF, 0x153D, 0x157B,
  0x15AB, 0x15B4, 0x15AB, 0x1584,  0x1542, 0x14EC, 0x1471, 0x13E8,
  0x1341, 0x1287, 0x11AD, 0x10CA,  0x0FC9, 0x0EB9, 0x0D95, 0x0C62,
  0x0B1F, 0x09D0, 0x086F, 0x0711,  0x0598, 0x042A, 0x02A9, 0x012E,
  0xFFAF, 0xFE2C, 0xFCB4, 0xFB34,  0xF9C9, 0xF856, 0xF6FA, 0xF59E,
  0xF458, 0xF318, 0xF1EF, 0xF0D0,  0xEFCD, 0xEED2, 0xEDF8, 0xED2A,
  0xEC7D, 0xEBDA, 0xEB5F, 0xEAF5,  0xEAA2, 0xEA72, 0xEA52, 0xEA59,
  0xEA6C, 0xEAA4, 0xEAF5, 0xEB59,  0xEBDE, 0xEC76, 0xED2C, 0xEDF1,
  0xEED2, 0xEFC8, 0xF0CE, 0xF1E8,  0xF317, 0xF44E, 0xF59F, 0xF6EC,
  0xF857, 0xF9BB, 0xFB33, 0xFCA6,  0xFE28, 0xFFA2, 0x0124, 0x02A3,
  0x0418, 0x0596, 0x06FB, 0x0869,  0x09BF, 0x0B15, 0x0C52, 0x0D87,
  0x0EAA, 0x0FBA, 0x10BA, 0x119E,  0x1276, 0x1332, 0x13D6, 0x1463,
  0x14DA, 0x1532, 0x1573, 0x159B,  0x15A6, 0x159A, 0x156C, 0x152F,
  0x14D0, 0x1458, 0x13CC, 0x1322,  0x1267, 0x118D, 0x10A6, 0x0FA7,
  0x0E94, 0x0D6F, 0x0C3E, 0x0AF7,  0x09AB, 0x0849, 0x06EA, 0x0573,
  0x0403, 0x0288, 0x0107, 0xFF8E,  0xFE0B, 0xFC91, 0xFB1A, 0xF9A9,
  0xF83D, 0xF6DF, 0xF589, 0xF441,  0xF309, 0xF1DA, 0xF0C8, 0xEFBD,
  0xEECD, 0xEDEF, 0xED29, 0xEC7A,  0xEBDE, 0xEB62, 0xEAFD, 0xEAAB,
  0xEA7E, 0xEA63, 0xEA66, 0xEA84,  0xEAB6, 0xEB10, 0xEB70, 0xEBFB,
  0xEC94, 0xED4A, 0xEE12, 0xEEF4,  0xEFEB, 0xF0F1, 0xF20E, 0xF33B,
  0xF476, 0xF5C1, 0xF718, 0xF878,  0xF9E4, 0xFB56, 0xFCCD, 0xFE4A,
  0xFFC7, 0x0145, 0x02C2, 0x043B,  0x05AE, 0x071D, 0x087D, 0x09DC,
  0x0B26, 0x0C69, 0x0D96, 0x0EBA,  0x0FC7, 0x10C0, 0x11AA, 0x1277,
  0x1336, 0x13D4, 0x1460, 0x14D4,  0x152A, 0x1566, 0x1590, 0x1595,
  0x1586, 0x155A, 0x1517, 0x14B6,  0x1440, 0x13AC, 0x1308, 0x1242,
  0x116F, 0x1084, 0x0F82, 0x0E6F,  0x0D4C, 0x0C16, 0x0AD5, 0x097F,
  0x0829, 0x06BE, 0x0553, 0x03DA,  0x0265, 0x00E4, 0xFF6B, 0xFDE9,
  0xFC73, 0xFAFB, 0xF98C, 0xF824,  0xF6C4, 0xF574, 0xF42D, 0xF2F4,
  0xF1CE, 0xF0B8, 0xEFB3, 0xEEC4,  0xEDEA, 0xED26, 0xEC78, 0xEBE2,
  0xEB66, 0xEB04, 0xEAB6, 0xEA89,  0xEA74, 0xEA76, 0xEA97, 0xEACE,
  0xEB26, 0xEB8B, 0xEC17, 0xECB1,  0xED69, 0xEE33, 0xEF15, 0xF010,
  0xF112, 0xF236, 0xF35E, 0xF49E,  0xF5E5, 0xF73F, 0xF89E, 0xFA0B,
  0xFB79, 0xFCF4, 0xFE6B, 0xFFEE,  0x0163, 0x02E4, 0x0459, 0x05CB,
  0x073A, 0x0896, 0x09F3, 0x0B3C,  0x0C7B, 0x0DA9, 0x0EC7, 0x0FD4,
  0x10C9, 0x11B0, 0x127F, 0x1334,  0x13D4, 0x145E, 0x14CC, 0x1522,
  0x155B, 0x1581, 0x1586, 0x1572,  0x1546, 0x1501, 0x149B, 0x1426,
  0x1390, 0x12E8, 0x1224, 0x114D,  0x1061, 0x0F60, 0x0E49, 0x0D27,
  0x0BF2, 0x0AAC, 0x095D, 0x0800,  0x0699, 0x052C, 0x03B8, 0x023E,
  0x00C4, 0xFF45, 0xFDCB, 0xFC52,  0xFADE, 0xF96F, 0xF809, 0xF6AE,
  0xF55B, 0xF41B, 0xF2E0, 0xF1C0,  0xF0AB, 0xEFA7, 0xEEBE, 0xEDE4,
  0xED23, 0xEC78, 0xEBE3, 0xEB6F,  0xEB06, 0xEAC5, 0xEA93, 0xEA85,
  0xEA86, 0xEAAA, 0xEAE7, 0xEB3A,  0xEBA9, 0xEC2F, 0xECD2, 0xED87,
  0xEE52, 0xEF3B, 0xF02E, 0xF13A,  0xF258, 0xF386, 0xF4C1, 0xF60D,
  0xF764, 0xF8C4, 0xFA30, 0xFBA0,  0xFD16, 0xFE92, 0x000C, 0x0187,
  0x0305, 0x0476, 0x05EA, 0x0753,  0x08AF, 0x0A0D, 0x0B4F, 0x0C8F,
  0x0DB8, 0x0ED7, 0x0FDE, 0x10D3,  0x11B7, 0x1281, 0x1337, 0x13D3,
  0x1459, 0x14C6, 0x1517, 0x1553,  0x1571, 0x1576, 0x155E, 0x1532,
  0x14E9, 0x1483, 0x1409, 0x1376,  0x12C6, 0x1206, 0x112B, 0x103F,
  0x0F3B, 0x0E26, 0x0D03, 0x0BCB,  0x0A86, 0x0937, 0x07DA, 0x0674,
  0x0508, 0x0390, 0x021E, 0x009D,  0xFF26, 0xFDA9, 0xFC34, 0xFABF,
  0xF954, 0xF7EF, 0xF694, 0xF548,  0xF404, 0xF2CF, 0xF1B3, 0xF09A,
  0xEFA1, 0xEEB3, 0xEDE0, 0xED21,  0xEC75, 0xEBEA, 0xEB71, 0xEB10,
  0xEACE, 0xEAA1, 0xEA93, 0xEA99,  0xEABE, 0xEAFD, 0xEB52, 0xEBC2,
  0xEC4F, 0xECED, 0xEDA6, 0xEE75,  0xEF5B, 0xF052, 0xF15E, 0xF27C,
  0xF3AC, 0xF4E8, 0xF630, 0xF78D,  0xF8E7, 0xFA58, 0xFBC2, 0xFD3E,
  0xFEB2, 0x0030, 0x01AA, 0x0320,  0x049A, 0x0603, 0x076E, 0x08CB,
  0x0A20, 0x0B68, 0x0C9D, 0x0DCC,  0x0EDF, 0x0FEC, 0x10D6, 0x11BF,
  0x127F, 0x1335, 0x13CE, 0x1450,  0x14BC, 0x1506, 0x1543, 0x155B,
  0x155D, 0x1548, 0x1513, 0x14C9,  0x1462, 0x13E4, 0x1352, 0x129F,
  0x11DA, 0x1105, 0x1010, 0x0F11,  0x0DFA, 0x0CD3, 0x0BA1, 0x0A59,
  0x090B, 0x07AF, 0x0648, 0x04DF,  0x036B, 0x01F6, 0x007B, 0xFF04,
  0xFD8A, 0xFC17, 0xFAA8, 0xF93A,  0xF7DF, 0xF684, 0xF53A, 0xF3FD,
  0xF2CA, 0xF1B0, 0xF0A0, 0xEFA3,  0xEEC3, 0xEDEA, 0xED35, 0xEC8B,
  0xEC04, 0xEB8C, 0xEB32, 0xEAF3,  0xEAC6, 0xEABF, 0xEAC4, 0xEAEE,
  0xEB2F, 0xEB84, 0xEBFA, 0xEC85,  0xED25, 0xEDDF, 0xEEAF, 0xEF96,
  0xF08B, 0xF19B, 0xF2B3, 0xF3E5,  0xF51E, 0xF668, 0xF7C0, 0xF919,
  0xFA86, 0xFBF0, 0xFD65, 0xFEDC,  0x004F, 0x01CB, 0x033A, 0x04B0,
  0x0617, 0x077C, 0x08D4, 0x0A26,  0x0B65, 0x0C9D, 0x0DBF, 0x0ED6,
  0x0FD6, 0x10C6, 0x119F, 0x1264,  0x1311, 0x13AA, 0x1425, 0x148F,
  0x14D6, 0x1512, 0x1521, 0x1529,  0x150A, 0x14D8, 0x148B, 0x1422,
  0x13A6, 0x130E, 0x125E, 0x119B,  0x10C0, 0x0FD2, 0x0ECE, 0x0DBF,
  0x0C94, 0x0B65, 0x0A1F, 0x08D4,  0x077A, 0x0619, 0x04AD, 0x0342,
  0x01CA, 0x005A, 0xFEE2, 0xFD6F,  0xFBFE, 0xFA93, 0xF92C, 0xF7D2,
  0xF67E, 0xF538, 0xF3FE, 0xF2D5,  0xF1B6, 0xF0B3, 0xEFB7, 0xEEDA,
  0xEE08, 0xED53, 0xECB3, 0xEC29,  0xEBB9, 0xEB61, 0xEB24, 0xEAFC,
  0xEAF3, 0xEB02, 0xEB27, 0xEB6E,  0xEBC1, 0xEC3D, 0xECC2, 0xED68,
  0xEE22, 0xEEEF, 0xEFD7, 0xF0CC,  0xF1D8, 0xF2F5, 0xF41D, 0xF55B,
  0xF6A0, 0xF7F4, 0xF94F, 0xFAB4,  0xFC1E, 0xFD8D, 0xFF02, 0x0072,
  0x01E9, 0x0354, 0x04C6, 0x0627,  0x078B, 0x08DB, 0x0A2B, 0x0B64,
  0x0C99, 0x0DB5, 0x0EC7, 0x0FC5,  0x10AF, 0x1184, 0x1245, 0x12EE,
  0x1384, 0x13FB, 0x1460, 0x14A9,  0x14D9, 0x14EF, 0x14F0, 0x14CD,
  0x149F, 0x1447, 0x13EB, 0x135E,  0x12D1, 0x121A, 0x115D, 0x107C,
  0x0F92, 0x0E90, 0x0D7E, 0x0C58,  0x0B2A, 0x09E5, 0x08A0, 0x0743,
  0x05E8, 0x0480, 0x0315, 0x01A6,  0x0034, 0xFEC3, 0xFD52, 0xFBE8,
  0xFA7E, 0xF920, 0xF7C6, 0xF677,  0xF537, 0xF402, 0xF2DC, 0xF1C4,
  0xF0C0, 0xEFD0, 0xEEEE, 0xEE2A,  0xED70, 0xECDD, 0xEC4B, 0xEBEA,
  0xEB8D, 0xEB58, 0xEB30, 0xEB2B,  0xEB3C, 0xEB63, 0xEBA7, 0xEC07,
  0xEC77, 0xED06, 0xEDA8, 0xEE62,  0xEF33, 0xF014, 0xF10F, 0xF217,
  0xF32E, 0xF45D, 0xF592, 0xF6D8,  0xF827, 0xF981, 0xFAE2, 0xFC4B,
  0xFDB6, 0xFF23, 0x0098, 0x0201,  0x0375, 0x04D6, 0x063E, 0x0796,
  0x08E9, 0x0A2F, 0x0B6A, 0x0C96,  0x0DB2, 0x0EBE, 0x0FBB, 0x109D,
  0x1174, 0x122D, 0x12D9, 0x1364,  0x13DD, 0x1441, 0x1482, 0x14B5,
  0x14C6, 0x14C5, 0x14A4, 0x146D,  0x141E, 0x13B6, 0x1332, 0x129A,
  0x11EF, 0x1125, 0x104E, 0x0F5F,  0x0E5E, 0x0D4E, 0x0C26, 0x0AFD,
  0x09B6, 0x0873, 0x0716, 0x05C1,  0x0456, 0x02F0, 0x0180, 0x0014,
  0xFEA1, 0xFD38, 0xFBC9, 0xFA68,  0xF908, 0xF7B3, 0xF667, 0xF528,
  0xF3F6, 0xF2D2, 0xF1BE, 0xF0BC,  0xEFD0, 0xEEED, 0xEE2E, 0xED79,
  0xECE0, 0xEC5E, 0xEBEF, 0xEBA5,  0xEB62, 0xEB49, 0xEB3E, 0xEB55,
  0xEB7A, 0xEBC5, 0xEC21, 0xEC94,  0xED26, 0xEDC6, 0xEE87, 0xEF50,
  0xF03A, 0xF130, 0xF23A, 0xF355,  0xF47F, 0xF5B8, 0xF6FD, 0xF84B,
  0xF9A6, 0xFB07, 0xFC6E, 0xFDD8,  0xFF49, 0x00B3, 0x0227, 0x038D,
  0x04F8, 0x0656, 0x07B1, 0x08FF,  0x0A45, 0x0B7D, 0x0CA7, 0x0DBF,
  0x0ECC, 0x0FC5, 0x10A3, 0x117A,  0x122D, 0x12DC, 0x135D, 0x13DC,
  0x1435, 0x147B, 0x14A6, 0x14B8,  0x14B3, 0x148F, 0x145A, 0x1404,
  0x139D, 0x1315, 0x1280, 0x11CE,  0x1106, 0x102D, 0x0F3B, 0x0E3E,
  0x0D27, 0x0C06, 0x0AD3, 0x0997,  0x0848, 0x06F8, 0x0597, 0x0435,
  0x02CB, 0x015F, 0xFFF2, 0xFE81,  0xFD19, 0xFBAB, 0xFA4C, 0xF8EE,
  0xF79B, 0xF651, 0xF514, 0xF3E3,  0xF2C3, 0xF1B0, 0xF0B3, 0xEFC5,
  0xEEE9, 0xEE2A, 0xED78, 0xECE4,  0xEC5D, 0xEBFE, 0xEBA6, 0xEB73,
  0xEB54, 0xEB51, 0xEB66, 0xEB8F,  0xEBDD, 0xEC38, 0xECB0, 0xED42,
  0xEDE4, 0xEEA5, 0xEF73, 0xF05A,  0xF154, 0xF25C, 0xF37B, 0xF4A1,
  0xF5E0, 0xF71E, 0xF873, 0xF9CA,  0xFB2A, 0xFC91, 0xFDFD, 0xFF68,
  0x00D7, 0x0243, 0x03AD, 0x0513,  0x0672, 0x07CB, 0x0913, 0x0A5D,
  0x0B8D, 0x0CBA, 0x0DCD, 0x0ED9,  0x0FCA, 0x10B0, 0x1178, 0x1238,
  0x12D1, 0x1363, 0x13CF, 0x1433,  0x146B, 0x149C, 0x14A8, 0x14A1,
  0x147B, 0x1444, 0x13EC, 0x1384,  0x12F8, 0x1264, 0x11AE, 0x10E7,
  0x100B, 0x0F1A, 0x0E1A, 0x0D03,  0x0BE1, 0x0AB2, 0x096D, 0x0828,
  0x06CF, 0x0576, 0x040F, 0x02AA,  0x013C, 0xFFCF, 0xFE64, 0xFCF7,
  0xFB91, 0xFA2F, 0xF8D5, 0xF781,  0xF63E, 0xF4FD, 0xF3D6, 0xF2AE,
  0xF1A7, 0xF0A7, 0xEFBC, 0xEEE6,  0xEE25, 0xED79, 0xECE2, 0xEC67,
  0xEC01, 0xEBB2, 0xEB7F, 0xEB60,  0xEB66, 0xEB73, 0xEBAB, 0xEBEE,
  0xEC56, 0xECC7, 0xED60, 0xEE03,  0xEEC4, 0xEF92, 0xF07F, 0xF173,
  0xF282, 0xF39D, 0xF4C8, 0xF602,  0xF746, 0xF894, 0xF9F1, 0xFB4D,
  0xFCB6, 0xFE1D, 0xFF8C, 0x00F6,  0x0263, 0x03CC, 0x052D, 0x068F,
  0x07E0, 0x092F, 0x0A6D, 0x0BA4,  0x0CC6, 0x0DDD, 0x0EE5, 0x0FD2,
  0x10B8, 0x117C, 0x1238, 0x12D2,  0x135D, 0x13CD, 0x1427, 0x1463,
  0x148C, 0x149B, 0x148D, 0x1469,  0x142C, 0x13D7, 0x1366, 0x12E0,
  0x1245, 0x1190, 0x10C6, 0x0FEA,  0x0EF9, 0x0DF5, 0x0CE1, 0x0BBD,
  0x0A8A, 0x094D, 0x07FE, 0x06B0,  0x054E, 0x03EE, 0x0285, 0x011A,
  0xFFB0, 0xFE43, 0xFCD9, 0xFB74,  0xFA14, 0xF8BA, 0xF76C, 0xF626,
  0xF4EC, 0xF3C2, 0xF2A2, 0xF198,  0xF09F, 0xEFB1, 0xEEE4, 0xEE20,
  0xED79, 0xECE7, 0xEC67, 0xEC0E,  0xEBB6, 0xEB8E, 0xEB70, 0xEB73,
  0xEB8A, 0xEBBC, 0xEC09, 0xEC6B,  0xECE5, 0xED7B, 0xEE22, 0xEEE1,
  0xEFB6, 0xF09D, 0xF199, 0xF2A4,  0xF3C0, 0xF4F0, 0xF623, 0xF76C,
  0xF8BA, 0xFA13, 0xFB73, 0xFCD8,  0xFE3F, 0xFFAF, 0x0113, 0x0286,
  0x03E5, 0x054D, 0x06A6, 0x07FB,  0x0943, 0x0A84, 0x0BB3, 0x0CD8,
  0x0DEB, 0x0EF0, 0x0FDC, 0x10BB,  0x1183, 0x1238, 0x12D2, 0x1359,
  0x13C7, 0x141E, 0x1457, 0x1481,  0x1489, 0x147C, 0x1455, 0x1416,
  0x13BD, 0x134C, 0x12C5, 0x1228,  0x1170, 0x10A7, 0x0FC7, 0x0ED8,
  0x0DD1, 0x0CBE, 0x0B98, 0x0A67,  0x0926, 0x07DD, 0x0688, 0x052B,
  0x03CC, 0x0260, 0x00FD, 0xFF89,  0xFE28, 0xFCB8, 0xFB5A, 0xF9F7,
  0xF8A2, 0xF754, 0xF610, 0xF4DA,  0xF3B0, 0xF293, 0xF18E, 0xF091,
  0xEFAD, 0xEEDC, 0xEE20, 0xED79,  0xECE5, 0xEC73, 0xEC0E, 0xEBC6,
  0xEB98, 0xEB7F, 0xEB84, 0xEB9D,  0xEBD2, 0xEC21, 0xEC83, 0xED02,
  0xED96, 0xEE42, 0xEEFF, 0xEFD8,  0xF0BF, 0xF1BB, 0xF2C7, 0xF3E6,
  0xF512, 0xF649, 0xF790, 0xF8DF,  0xFA37, 0xFB96, 0xFCFB, 0xFE63,
  0xFFCE, 0x0136, 0x02A1, 0x0406,  0x0566, 0x06C2, 0x0811, 0x095A,
  0x0A9A, 0x0BC2, 0x0CEA, 0x0DF7,  0x0EFB, 0x0FE5, 0x10C2, 0x1187,
  0x1238, 0x12D0, 0x1356, 0x13C1,  0x1413, 0x144F, 0x146F, 0x147D,
  0x1466, 0x1443, 0x13FE, 0x13A6,  0x1331, 0x12AA, 0x120A, 0x1150,
  0x1089, 0x0FA3, 0x0EBA, 0x0DA8,  0x0CA0, 0x0B70, 0x0A44, 0x0901,
  0x07B8, 0x0665, 0x0507, 0x03A7,  0x0240, 0x00D8, 0xFF6C, 0xFE06,
  0xFC9C, 0xFB3C, 0xF9DD, 0xF889,  0xF73D, 0xF5FB, 0xF4C8, 0xF39B,
  0xF28A, 0xF17E, 0xF08A, 0xEFA4,  0xEED8, 0xEE1D, 0xED79, 0xECEA,
  0xEC77, 0xEC15, 0xEBD1, 0xEBA4,  0xEB90, 0xEB94, 0xEBAE, 0xEBEC,
  0xEC34, 0xECA0, 0xED1B, 0xEDB5,  0xEE5E, 0xEF1F, 0xEFF9, 0xF0E0,
  0xF1E0, 0xF2E8, 0xF40D, 0xF531,  0xF673, 0xF7B0, 0xF906, 0xFA5B,
  0xFBB8, 0xFD1F, 0xFE85, 0xFFED,  0x0159, 0x02BD, 0x0424, 0x0582,
  0x06DB, 0x082A, 0x0970, 0x0AAC,  0x0BD7, 0x0CF7, 0x0E07, 0x0F03,
  0x0FEF, 0x10C6, 0x118E, 0x1235,  0x12D1, 0x1350, 0x13BB, 0x140B,
  0x1440, 0x1466, 0x1468, 0x1456,  0x142F, 0x13E6, 0x138E, 0x1316,
  0x1290, 0x11EA, 0x1134, 0x1064,  0x0F89, 0x0E8F, 0x0D8E, 0x0C74,
  0x0B53, 0x0A1B, 0x08DF, 0x0792,  0x0642, 0x04E2, 0x0385, 0x021E,
  0x00B5, 0xFF4E, 0xFDE4, 0xFC80,  0xFB20, 0xF9C1, 0xF872, 0xF724,
  0xF5E9, 0xF4B2, 0xF38E, 0xF279,  0xF174, 0xF080, 0xEF9C, 0xEED6,
  0xEE19, 0xED7A, 0xECED, 0xEC7E,  0xEC1B, 0xEBDE, 0xEBAE, 0xEBA1,
  0xEBA4, 0xEBC5, 0xEBFE, 0xEC4F,  0xECB6, 0xED39, 0xEDD1, 0xEE7B,
  0xEF41, 0xF019, 0xF102, 0xF202,  0xF30C, 0xF430, 0xF557, 0xF696,
  0xF7D5, 0xF92B, 0xFA7D, 0xFBDC,  0xFD44, 0xFEA2, 0x0013, 0x0175,
  0x02DE, 0x0440, 0x059D, 0x06F4,  0x0842, 0x0987, 0x0ABE, 0x0BE8,
  0x0D08, 0x0E11, 0x0F10, 0x0FF6,  0x10CC, 0x1190, 0x1235, 0x12D0,
  0x134D, 0x13B3, 0x1400, 0x1436,  0x1458, 0x1456, 0x1446, 0x1416,
  0x13D4, 0x1371, 0x12FF, 0x1271,  0x11CE, 0x1112, 0x1049, 0x0F63,
  0x0E6F, 0x0D69, 0x0C52, 0x0B2E,  0x09F7, 0x08BB, 0x076D, 0x061F,
  0x04BD, 0x0363, 0x01FA, 0x0096,  0xFF2D, 0xFDC5, 0xFC63, 0xFB02,
  0xF9A9, 0xF859, 0xF70D, 0xF5D6,  0xF49C, 0xF382, 0xF268, 0xF16B,
  0xF073, 0xEF9A, 0xEECE, 0xEE1A,  0xED79, 0xECF2, 0xEC82, 0xEC25,
  0xEBE6, 0xEBC0, 0xEBAC, 0xEBB8,  0xEBD8, 0xEC14, 0xEC66, 0xECD0,
  0xED55, 0xEDED, 0xEE9A, 0xEF61,  0xF039, 0xF125, 0xF223, 0xF330,
  0xF455, 0xF57A, 0xF6B9, 0xF7FE,  0xF949, 0xFAA5, 0xFBFF, 0xFD63,
  0xFECA, 0x002E, 0x0197, 0x02FB,  0x045D, 0x05B9, 0x070C, 0x085A,
  0x099C, 0x0AD1, 0x0BFB, 0x0D14,  0x0E21, 0x0F17, 0x0FFF, 0x10D2,
  0x1191, 0x1238, 0x12CD, 0x1346,  0x13AF, 0x13F2, 0x1430, 0x1445,
  0x1447, 0x1433, 0x1402, 0x13BC,  0x1358, 0x12E5, 0x1254, 0x11B1,
  0x10F4, 0x1026, 0x0F44, 0x0E4B,  0x0D47, 0x0C2F, 0x0B08, 0x09D5,
  0x0895, 0x074B, 0x05F7, 0x049F,  0x033C, 0x01DB, 0x0073, 0xFF0C,
  0xFDA9, 0xFC44, 0xFAE8, 0xF98D,  0xF842, 0xF6F7, 0xF5C0, 0xF48D,
  0xF36F, 0xF25D, 0xF15D, 0xF06D,  0xEF93, 0xEEC9, 0xEE1A, 0xED77,
  0xECFA, 0xEC85, 0xEC2F, 0xEBF1,  0xEBCC, 0xEBBD, 0xEBC8, 0xEBEE,
  0xEC29, 0xEC7E, 0xECEA, 0xED71,  0xEE08, 0xEEBA, 0xEF80, 0xF05B,
  0xF145, 0xF246, 0xF357, 0xF472,  0xF5A6, 0xF6D6, 0xF827, 0xF96B,
  0xFAC9, 0xFC22, 0xFD86, 0xFEE9,  0x0050, 0x01B6, 0x0319, 0x047A,
  0x05D2, 0x0726, 0x0871, 0x09B1,  0x0AE5, 0x0C0B, 0x0D24, 0x0E2B,
  0x0F23, 0x1004, 0x10DB, 0x118F,  0x123B, 0x12C9, 0x1343, 0x13A4,
  0x13EC, 0x1421, 0x1438, 0x1435,  0x1420, 0x13EF, 0x13A1, 0x1343,
  0x12C7, 0x123C, 0x118F, 0x10D6,  0x1007, 0x0F20, 0x0E2C, 0x0D22,
  0x0C0B, 0x0AE6, 0x09AD, 0x0875,  0x0724, 0x05D5, 0x047A, 0x031A,
  0x01BA, 0x0050, 0xFEEF, 0xFD88,  0xFC28, 0xFACD, 0xF973, 0xF829,
  0xF6E2, 0xF5AB, 0xF47C, 0xF360,  0xF24F, 0xF152, 0xF064, 0xEF8D,
  0xEEC7, 0xEE16, 0xED7C, 0xECFC,  0xEC8A, 0xEC3A, 0xEBFB, 0xEBDA,
  0xEBCC, 0xEBDB, 0xEC02, 0xEC40,  0xEC94, 0xED06, 0xED8C, 0xEE25,
  0xEED9, 0xEFA0, 0xF07B, 0xF168,  0xF268, 0xF37A, 0xF498, 0xF5C6,
  0xF6FF, 0xF846, 0xF994, 0xFAE9,  0xFC47, 0xFDA7, 0xFF0B, 0x0071,
  0x01D3, 0x0339, 0x0493, 0x05F0,  0x073C, 0x088A, 0x09C4, 0x0AF9,
  0x0C1A, 0x0D34, 0x0E36, 0x0F2D,  0x100C, 0x10DE, 0x1193, 0x1239,
  0x12C8, 0x133D, 0x139B, 0x13E5,  0x1412, 0x142B, 0x1421, 0x1412,
  0x13D4, 0x138E, 0x1328, 0x12AE,  0x121E, 0x1171, 0x10B8, 0x0FE5,
  0x0F00, 0x0E08, 0x0D01, 0x0BE7,  0x0AC0, 0x098D, 0x084C, 0x0704,
  0x05AF, 0x0458, 0x02F8, 0x0197,  0x0031, 0xFECE, 0xFD6B, 0xFC0B,
  0xFAB0, 0xF95D, 0xF80E, 0xF6CF,  0xF596, 0xF469, 0xF353, 0xF241,
  0xF146, 0xF05E, 0xEF85, 0xEEC6,  0xEE12, 0xED82, 0xECFB, 0xEC95,
  0xEC3F, 0xEC0A, 0xEBE6, 0xEBDD,  0xEBEC, 0xEC17, 0xEC55, 0xECAE,
  0xED1F, 0xEDA8, 0xEE42, 0xEEF7,  0xEFC2, 0xF09A, 0xF18A, 0xF28C,
  0xF39C, 0xF4BC, 0xF5EA, 0xF724,  0xF869, 0xF9B8, 0xFB0B, 0xFC6C,
  0xFDC7, 0xFF2D, 0x0091, 0x01F1,  0x0357, 0x04B0, 0x0607, 0x0758,
  0x089F, 0x09D8, 0x0B0D, 0x0C29,  0x0D43, 0x0E42, 0x0F34, 0x1017,
  0x10DE, 0x1199, 0x1235, 0x12C8,  0x1334, 0x1397, 0x13D7, 0x1409,
  0x1416, 0x1417, 0x13F8, 0x13C4,  0x1373, 0x130F, 0x1295, 0x11FF,
  0x1155, 0x1098, 0x0FC5, 0x0EDE,  0x0DE5, 0x0CE0, 0x0BC2, 0x0A9D,
  0x0968, 0x0829, 0x06DF, 0x058E,  0x0431, 0x02DB, 0x0170, 0x0016,
  0xFEAA, 0xFD50, 0xFBED, 0xFA97,  0xF941, 0xF7F9, 0xF6B9, 0xF580,
  0xF45D, 0xF33F, 0xF238, 0xF139,  0xF057, 0xEF80, 0xEEC1, 0xEE15,
  0xED7F, 0xED05, 0xEC96, 0xEC4D,  0xEC14, 0xEBF4, 0xEBED, 0xEBFF,
  0xEC2B, 0xEC6C, 0xECC6, 0xED3B,  0xEDC1, 0xEE61, 0xEF16, 0xEFE1,
  0xF0BA, 0xF1AF, 0xF2AB, 0xF3C2,  0xF4DF, 0xF60D, 0xF748, 0xF88F,
  0xF9D8, 0xFB33, 0xFC8A, 0xFDEB,  0xFF4F, 0x00AE, 0x0214, 0x036E,
  0x04D1, 0x061E, 0x0773, 0x08B2,  0x09F0, 0x0B1B, 0x0C3C, 0x0D51,
  0x0E4A, 0x0F42, 0x1019, 0x10E6,  0x1196, 0x1239, 0x12C1, 0x1331,
  0x138D, 0x13CD, 0x13FC, 0x1408,  0x1404, 0x13E7, 0x13AA, 0x1360,
  0x12F4, 0x127B, 0x11E0, 0x1138,  0x107A, 0x0FA3, 0x0EBD, 0x0DC3,
  0x0CBC, 0x0B9F, 0x0A7A, 0x0943,  0x0807, 0x06B9, 0x056B, 0x0410,
  0x02B5, 0x0154, 0xFFF0, 0xFE90,  0xFD2E, 0xFBD4, 0xFA79, 0xF92B,
  0xF7E0, 0xF6A3, 0xF570, 0xF448,  0xF334, 0xF227, 0xF133, 0xF04D,
  0xEF7D, 0xEEBB, 0xEE16, 0xED83,  0xED05, 0xECA3, 0xEC52, 0xEC23,
  0xEBFF, 0xEBFE, 0xEC14, 0xEC3D,  0xEC84, 0xECDF, 0xED54, 0xEDDE,
  0xEE7D, 0xEF36, 0xF000, 0xF0DE,  0xF1CB, 0xF2D5, 0xF3DF, 0xF505,
  0xF632, 0xF76B, 0xF8B2, 0xF9FC,  0xFB56, 0xFCAD, 0xFE0E, 0xFF6C,
  0x00D0, 0x0230, 0x0390, 0x04E6,  0x063E, 0x0784, 0x08CE, 0x0A00,
  0x0B2F, 0x0C4D, 0x0D5B, 0x0E59,  0x0F47, 0x1023, 0x10E6, 0x119C,
  0x1235, 0x12BF, 0x1329, 0x1386,  0x13C3, 0x13ED, 0x13F9, 0x13F4,
  0x13D1, 0x1397, 0x1345, 0x12DD,  0x125E, 0x11C4, 0x111C, 0x1057,
  0x0F85, 0x0E9A, 0x0DA1, 0x0C9A,  0x0B7A, 0x0A58, 0x091E, 0x07E3,
  0x0695, 0x0549, 0x03ED, 0x0293,  0x0131, 0xFFD3, 0xFE6E, 0xFD15,
  0xFBB2, 0xFA63, 0xF90F, 0xF7CB,  0xF690, 0xF559, 0xF43B, 0xF323,
  0xF21B, 0xF12B, 0xF044, 0xEF78,  0xEEB9, 0xEE15, 0xED87, 0xED09,
  0xECA9, 0xEC5E, 0xEC2C, 0xEC10,  0xEC0E, 0xEC27, 0xEC52, 0xEC9A,
  0xECF7, 0xED70, 0xEDF8, 0xEE9D,  0xEF53, 0xF021, 0xF0FC, 0xF1F2,
  0xF2F2, 0xF407, 0xF526, 0xF655,  0xF791, 0xF8D3, 0xFA23, 0xFB75,
  0xFCD3, 0xFE2A, 0xFF93, 0x00EB,  0x0250, 0x03AC, 0x0501, 0x0657,
  0x079F, 0x08DF, 0x0A17, 0x0B3F,  0x0C5C, 0x0D6A, 0x0E62, 0x0F52,
  0x1027, 0x10E9, 0x119F, 0x1232,  0x12BD, 0x1321, 0x137F, 0x13B6,
  0x13E1, 0x13E9, 0x13E2, 0x13BE,  0x137E, 0x1330, 0x12C3, 0x1243,
  0x11A7, 0x10FC, 0x103B, 0x0F60,  0x0E7C, 0x0D7F, 0x0C75, 0x0B59,
  0x0A30, 0x08FF, 0x07BC, 0x0676,  0x0521, 0x03CE, 0x026E, 0x0114,
  0xFFAE, 0xFE56, 0xFCF0, 0xFB9D,  0xFA44, 0xF8F9, 0xF7B4, 0xF679,
  0xF54A, 0xF427, 0xF318, 0xF20E,  0xF121, 0xF03E, 0xEF73, 0xEEB6,
  0xEE18, 0xED87, 0xED0F, 0xECB1,  0xEC69, 0xEC36, 0xEC21, 0xEC1E,
  0xEC39, 0xEC68, 0xECAF, 0xED14,  0xED87, 0xEE16, 0xEEB8, 0xEF75,
  0xF03F, 0xF11E, 0xF214, 0xF315,  0xF429, 0xF54A, 0xF679, 0xF7B4,
  0xF8F8, 0xFA44, 0xFB9B, 0xFCF0,  0xFE52, 0xFFAC, 0x0110, 0x026C,
  0x03C7, 0x051F, 0x066D, 0x07B8,  0x08F6, 0x0A29, 0x0B50, 0x0C6E,
  0x0D72, 0x0E71, 0x0F58, 0x102D,  0x10EF, 0x119B, 0x1235, 0x12B5,
  0x131E, 0x1375, 0x13AC, 0x13D0,  0x13DC, 0x13CF, 0x13AA, 0x1369,
  0x1317, 0x12AB, 0x1223, 0x118F,  0x10DB, 0x101F, 0x0F4C, 0x0E7A,
  0x0D93, 0x0CAE, 0x0BB3, 0x0AC0,  0x09BA, 0x08B3, 0x07A6, 0x0693,
  0x057E, 0x0463, 0x0345, 0x0227,  0x0102, 0xFFE1, 0xFEBC, 0xFD95,
  0xFC77, 0xFB4B, 0xFA2E, 0xF90B,  0xF7EF, 0xF6D6, 0xF5BD, 0xF4B1,
  0xF3A2, 0xF2A1, 0xF1A2, 0xF0B3,  0xEFC6, 0xEEE9, 0xEE14, 0xED54,
  0xEC97, 0xEBF0, 0xEB5E, 0xEAD2,  0xEA65, 0xEA01, 0xE9C0, 0xE987,
  0xE970, 0xE969, 0xE986, 0xE9B0,  0xEA01, 0xEA65, 0xEAEA, 0xEB87,
  0xEC44, 0xED1C, 0xEE11, 0xEF22,  0xF04C, 0xF196, 0xF2F4, 0xF472,
  0xF603, 0xF7AA, 0xF96A, 0xFB3A,  0xFD18, 0xFF0F, 0x0104, 0x0314,
  0x0518, 0x0734, 0x0943, 0x0B57,  0x0D67, 0x0F6C, 0x116B, 0x1354,
  0x1537, 0x16FB, 0x18A9, 0x1A44,  0x1BB5, 0x1D10, 0x1E3F, 0x1F4A,
  0x2031, 0x20E5, 0x216E, 0x21CE,  0x21F3, 0x21F0, 0x21B1, 0x2148,
  0x20A2, 0x1FCD, 0x1EC5, 0x1D88,  0x1C18, 0x1A7C, 0x18AB, 0x16B4,
  0x148C, 0x1242, 0x0FCF, 0x0D3E,  0x0A8D, 0x07C2, 0x04E6, 0x01F0,
  0xFEF6, 0xFBEE, 0xF8E4, 0xF5DE,  0xF2DB, 0xEFE5, 0xED00, 0xEA2F,
  0xE77B, 0xE4E2, 0xE273, 0xE025,  0xDE08, 0xDC1C, 0xDA64, 0xD8E2,
  0xD799, 0xD697, 0xD5CC, 0xD545,  0xD505, 0xD506, 0xD551, 0xD5DB,
  0xD6B3, 0xD7C9, 0xD925, 0xDAC2,  0xDCA0, 0xDEBF, 0xE10D, 0xE39D,
  0xE65C, 0xE945, 0xEC60, 0xEF9B,  0xF2F8, 0xF66F, 0xF9F8, 0xFD94,
  0x0138, 0x04DB, 0x0881, 0x0C16,  0x0FA0, 0x1313, 0x1667, 0x199D,
  0x1CA9, 0x1F87, 0x2237, 0x24A7,  0x26E9, 0x28DB, 0x2A99, 0x2C02,
  0x2D30, 0x2E03, 0x2E95, 0x2ED4,  0x2EC0, 0x2E60, 0x2DB0, 0x2CB4,
  0x2B67, 0x29D3, 0x27F3, 0x25D7,  0x236C, 0x20CF, 0x1DF7, 0x1AE7,
  0x17AD, 0x1448, 0x10C3, 0x0D1C,  0x0965, 0x059B, 0x01C9, 0xFDF5,
  0xFA26, 0xF664, 0xF2B2, 0xEF1A,  0xEBA4, 0xE850, 0xE52B, 0xE235,
  0xDF78, 0xDCF6, 0xDAB3, 0xD8B7,  0xD6FF, 0xD596, 0xD47A, 0xD3A8,
  0xD32D, 0xD303, 0xD325, 0xD39E,  0xD465, 0xD57B, 0xD6DD, 0xD889,
  0xDA79, 0xDCB4, 0xDF20, 0xE1CF,  0xE4B2, 0xE7BF, 0xEAF9, 0xEE53,
  0xF1CE, 0xF555, 0xF8F4, 0xFC97,  0x0038, 0x03B6, 0x072B, 0x0A7F,
  0x0DB6, 0x10C8, 0x13AD, 0x1669,  0x18E6, 0x1B35, 0x1D42, 0x1F14,
  0x20A0, 0x21EC, 0x22F3, 0x23AE,  0x242B, 0x2457, 0x2446, 0x23E9,
  0x234D, 0x226B, 0x2150, 0x1FF1,  0x1E65, 0x1C96, 0x1AA6, 0x187D,
  0x1637, 0x13C7, 0x1145, 0x0E9F,  0x0BF6, 0x0931, 0x0679, 0x03AD,
  0x00F9, 0xFE40, 0xFBA7, 0xF911,  0xF6A9, 0xF454, 0xF226, 0xF020,
  0xEE46, 0xEC9D, 0xEB23, 0xE9DA,  0xE8D5, 0xE7F4, 0xE762, 0xE6F5,
  0xE6D6, 0xE6DF, 0xE72D, 0xE7AC,  0xE865, 0xE94E, 0xEA6D, 0xEBB3,
  0xED2C, 0xEEC4, 0xF087, 0xF263,  0xF45D, 0xF668, 0xF88A, 0xFAB3,
  0xFCE6, 0xFF17, 0x014A, 0x036D,  0x058D, 0x0790, 0x0982, 0x0B5B,
  0x0D0E, 0x0EA4, 0x100F, 0x1152,  0x1269, 0x134A, 0x1404, 0x1483,
  0x14D1, 0x14E5, 0x14CD, 0x1476,  0x13F3, 0x1331, 0x124E, 0x112A,
  0x0FE3, 0x0E6D, 0x0CD2, 0x0B11,  0x092F, 0x0736, 0x051E, 0x02F9,
  0x00C2, 0xFE87, 0xFC41, 0xFA01,  0xF7C4, 0xF596, 0xF373, 0xF16E,
  0xEF77, 0xEDAA, 0xEBF9, 0xEA72,  0xE919, 0xE7E6, 0xE6F2, 0xE621,
  0xE59B, 0xE53C, 0xE525, 0xE53D,  0xE59C, 0xE62E, 0xE704, 0xE808,
  0xE955, 0xEAC8, 0xEC7E, 0xEE5A,  0xF070, 0xF2A8, 0xF507, 0xF78E,
  0xFA30, 0xFCE6, 0xFFB7, 0x0290,  0x0575, 0x0858, 0x0B3C, 0x0E14,
  0x10E0, 0x1390, 0x162F, 0x18A7,  0x1AFA, 0x1D25, 0x1F1E, 0x20E6,
  0x2270, 0x23C5, 0x24D4, 0x25A5,  0x2631, 0x2673, 0x2670, 0x2623,
  0x258B, 0x24AD, 0x2382, 0x2216,  0x205D, 0x1E69, 0x1C2E, 0x19BC,
  0x170E, 0x142B, 0x111D, 0x0DDF,  0x0A7F, 0x0703, 0x0367, 0xFFC1,
  0xFC05, 0xF851, 0xF494, 0xF0E3,  0xED44, 0xE9B8, 0xE64D, 0xE2FF,
  0xDFE3, 0xDCF3, 0xDA39, 0xD7BA,  0xD57E, 0xD387, 0xD1D5, 0xD077,
  0xCF64, 0xCEA7, 0xCE3D, 0xCE2B,  0xCE72, 0xCF0D, 0xD002, 0xD14D,
  0xD2EB, 0xD4E0, 0xD71E, 0xD9B1,  0xDC83, 0xDFA1, 0xE2F8, 0xE68D,
  0xEA52, 0xEE47, 0xF260, 0xF699,  0xFAEE, 0xFF4F, 0x03BA, 0x082B,
  0x0C90, 0x10EB, 0x152D, 0x1957,  0x1D55, 0x212C, 0x24D0, 0x2838,
  0x2B65, 0x2E42, 0x30E2, 0x3327,  0x351D, 0x36B8, 0x37FC, 0x38DF,
  0x395E, 0x3988, 0x3943, 0x38A5,  0x37A3, 0x363F, 0x3484, 0x3267,
  0x2FF7, 0x2D34, 0x2A1C, 0x26C2,  0x231C, 0x1F41, 0x1B23, 0x16DF,
  0x1268, 0x0DD8, 0x0925, 0x0468,  0xFF9B, 0xFACF, 0xF60A, 0xF153,
  0xECAF, 0xE834, 0xE3D3, 0xDFA9,  0xDBB3, 0xD7F5, 0xD482, 0xD14C,
  0xCE6F, 0xCBE2, 0xC9A7, 0xC7D1,  0xC653, 0xC539, 0xC480, 0xC42E,
  0xC43F, 0xC4B5, 0xC58F, 0xC6CC,  0xC869, 0xCA60, 0xCCB5, 0xCF5F,
  0xD25A, 0xD59C, 0xD92A, 0xDCF7,  0xE0F9, 0xE532, 0xE995, 0xEE17,
  0xF2B9, 0xF76B, 0xFC2D, 0x00EC,  0x05AB, 0x0A58, 0x0EF2, 0x1371,
  0x17C7, 0x1BF2, 0x1FEC, 0x23A9,  0x2727, 0x2A61, 0x2D4A, 0x2FEC,
  0x322F, 0x3424, 0x35B7, 0x36F3,  0x37C7, 0x3847, 0x385E, 0x3818,
  0x3772, 0x3670, 0x3513, 0x335B,  0x3150, 0x2EF6, 0x2C4E, 0x295B,
  0x262E, 0x22C0, 0x1F1E, 0x1B4C,  0x1756, 0x133E, 0x0F09, 0x0AC6,
  0x067B, 0x0229, 0xFDDF, 0xF9A3,  0xF576, 0xF16B, 0xED7C, 0xE9BB,
  0xE626, 0xE2C7, 0xDFA4, 0xDCBE,  0xDA20, 0xD7C9, 0xD5BA, 0xD403,
  0xD293, 0xD181, 0xD0B7, 0xD050,  0xD030, 0xD071, 0xD0FC, 0xD1DA,
  0xD30F, 0xD482, 0xD64C, 0xD84E,  0xDA9D, 0xDD19, 0xDFDA, 0xE2C3,
  0xE5D6, 0xE915, 0xEC68, 0xEFE3,  0xF35A, 0xF6EF, 0xFA7E, 0xFE0D,
  0x0191, 0x050A, 0x0867, 0x0BB0,  0x0ECC, 0x11CD, 0x149A, 0x173A,
  0x19A0, 0x1BD4, 0x1DC4, 0x1F78,  0x20EB, 0x2217, 0x2302, 0x23A1,
  0x2400, 0x2413, 0x23E4, 0x2371,  0x22B9, 0x21C4, 0x2090, 0x1F1F,
  0x1D80, 0x1BA3, 0x19A2, 0x1770,  0x151D, 0x12AD, 0x101C, 0x0D7A,
  0x0ACB, 0x0810, 0x0552, 0x0294,  0xFFE3, 0xFD3A, 0xFAA1, 0xF82A,
  0xF5C2, 0xF388, 0xF166, 0xEF78,  0xEDB3, 0xEC18, 0xEABC, 0xE988,
  0xE898, 0xE7D0, 0xE752, 0xE702,  0xE6F0, 0xE719, 0xE773, 0xE80F,
  0xE8D2, 0xE9D4, 0xEAFF, 0xEC57,  0xEDDB, 0xEF80, 0xF14E, 0xF32E,
  0xF533, 0xF740, 0xF964, 0xFB90,  0xFDBD, 0xFFF1, 0x0217, 0x043C,
  0x064A, 0x0849, 0x0A30, 0x0BF6,  0x0DA1, 0x0F20, 0x1083, 0x11AD,
  0x12B4, 0x1385, 0x1429, 0x1495,  0x14CE, 0x14D5, 0x14A1, 0x143F,
  0x13A3, 0x12DC, 0x11D9, 0x10B1,  0x0F58, 0x0DD9, 0x0C2C, 0x0A68,
  0x087A, 0x067E, 0x045E, 0x0238,  0x0002, 0xFDC2, 0xFB84, 0xF947,
  0xF70F, 0xF4EB, 0xF2D1, 0xF0D4,  0xEEF0, 0xED2A, 0xEB8E, 0xEA14,
  0xE8CD, 0xE7AF, 0xE6C8, 0xE613,  0xE599, 0xE552, 0xE54D, 0xE57D,
  0xE5EB, 0xE696, 0xE774, 0xE898,  0xE9E9, 0xEB72, 0xED35, 0xEF20,
  0xF13E, 0xF37F, 0xF5EA, 0xF877,  0xFB19, 0xFDD5, 0x00A7, 0x037C,
  0x065C, 0x093F, 0x0C18, 0x0EE7,  0x11A4, 0x144E, 0x16D7, 0x1944,
  0x1B7F, 0x1D9E, 0x1F7B, 0x2131,  0x22A4, 0x23E0, 0x24D9, 0x2590,
  0x2603, 0x262E, 0x2611, 0x25AC,  0x24FC, 0x2409, 0x22C6, 0x2146,
  0x1F7B, 0x1D71, 0x1B2B, 0x18A4,  0x15EE, 0x1300, 0x0FE6, 0x0CA5,
  0x093E, 0x05C2, 0x0227, 0xFE7E,  0xFAD4, 0xF71A, 0xF36D, 0xEFCA,
  0xEC36, 0xE8BF, 0xE55F, 0xE22E,  0xDF27, 0xDC48, 0xD9B1, 0xD747,
  0xD52A, 0xD34E, 0xD1BA, 0xD07D,  0xCF85, 0xCEE8, 0xCE9E, 0xCEAA,
  0xCF0B, 0xCFC9, 0xD0D2, 0xD241,  0xD3F1, 0xD5FF, 0xD859, 0xDAF4,
  0xDDE5, 0xE107, 0xE474, 0xE80D,  0xEBDF, 0xEFD6, 0xF3F3, 0xF82D,
  0xFC7C, 0x00D7, 0x0540, 0x099F,  0x0DF8, 0x1242, 0x1672, 0x1A86,
  0x1E6D, 0x222A, 0x25B2, 0x28FD,  0x2C06, 0x2ECE, 0x3143, 0x3367,
  0x353D, 0x36B3, 0x37D3, 0x3891,  0x38F1, 0x38F4, 0x388F, 0x37CE,
  0x36AF, 0x352D, 0x3352, 0x311E,  0x2E95, 0x2BB8, 0x2892, 0x2523,
  0x2171, 0x1D87, 0x1964, 0x1517,  0x10A0, 0x0C0F, 0x075F, 0x02AA,
  0xFDE5, 0xF926, 0xF471, 0xEFCA,  0xEB3F, 0xE6D7, 0xE291, 0xDE85,
  0xDAAB, 0xD70F, 0xD3B8, 0xD0AD,  0xCDEF, 0xCB86, 0xC975, 0xC7C2,
  0xC66C, 0xC575, 0xC4E5, 0xC4B8,  0xC4EB, 0xC585, 0xC683, 0xC7DE,
  0xC997, 0xCBB1, 0xCE1B, 0xD0E0,  0xD3E8, 0xD74A, 0xDADD, 0xDEBD,
  0xE2C3, 0xE70A, 0xEB67, 0xEFF4,  0xF489, 0xF940, 0xFDF0, 0x02A7,
  0x0756, 0x0BF2, 0x1078, 0x14E0,  0x191A, 0x1D2E, 0x2106, 0x24A6,
  0x2803, 0x2B18, 0x2DE3, 0x3058,  0x327E, 0x3448, 0x35B9, 0x36CA,
  0x3780, 0x37D7, 0x37CA, 0x3761,  0x369D, 0x3579, 0x33FC, 0x322C,
  0x3006, 0x2D94, 0x2AD3, 0x27D2,  0x2495, 0x2114, 0x1D6E, 0x1993,
  0x1597, 0x117D, 0x0D4B, 0x0910,  0x04C8, 0x0083, 0xFC45, 0xF81C,
  0xF3FD, 0xF00D, 0xEC31, 0xE88D,  0xE511, 0xE1D2, 0xDECA, 0xDC0A,
  0xD987, 0xD755, 0xD56C, 0xD3D1,  0xD28B, 0xD196, 0xD0F5, 0xD0AA,
  0xD0B1, 0xD10D, 0xD1B9, 0xD2B9,  0xD400, 0xD596, 0xD773, 0xD98D,
  0xDBEB, 0xDE80, 0xE147, 0xE440,  0xE75A, 0xEAA1, 0xEDFA, 0xF16C,
  0xF4ED, 0xF877, 0xFBFE, 0xFF86,  0x02FC, 0x0667, 0x09B1, 0x0CE7,
  0x0FF1, 0x12D8, 0x158E, 0x180F,  0x1A63, 0x1C6F, 0x1E4B, 0x1FDD,
  0x2133, 0x2240, 0x230B, 0x238E,  0x23CE, 0x23C4, 0x237B, 0x22E9,
  0x221A, 0x210B, 0x1FC0, 0x1E3C,  0x1C88, 0x1A99, 0x188A, 0x164A,
  0x13EF, 0x1171, 0x0EDE, 0x0C39,  0x0985, 0x06CD, 0x0410, 0x015D,
  0xFEAD, 0xFC0F, 0xF987, 0xF716,  0xF4C5, 0xF294, 0xF08D, 0xEEAB,
  0xECFF, 0xEB7C, 0xEA33, 0xE919,  0xE83D, 0xE794, 0xE728, 0xE6F4,
  0xE6F8, 0xE739, 0xE7AC, 0xE859,  0xE936, 0xEA4A, 0xEB85, 0xECF4,
  0xEE83, 0xF03A, 0xF20F, 0xF400,  0xF608, 0xF823, 0xFA47, 0xFC77,
  0xFEA7, 0x00D9, 0x02FE, 0x051F,  0x0724, 0x0921, 0x0AF9, 0x0CB7,
  0x0E56, 0x0FC9, 0x1119, 0x1238,  0x132E, 0x13EC, 0x1480, 0x14D9,
  0x1501, 0x14F4, 0x14B0, 0x143B,  0x138D, 0x12B3, 0x11A4, 0x106A,
  0x0F03, 0x0D72, 0x0BC2, 0x09EA,  0x07F9, 0x05ED, 0x03CE, 0x019E,
  0xFF66, 0xFD23, 0xFAE6, 0xF8A7,  0xF676, 0xF451, 0xF240, 0xF04A,
  0xEE6A, 0xECB6, 0xEB1B, 0xE9B5,  0xE874, 0xE769, 0xE68D, 0xE5E8,
  0xE57C, 0xE548, 0xE54D, 0xE593,  0xE60A, 0xE6C7, 0xE7B6, 0xE8E3,
  0xEA43, 0xEBDE, 0xEDA2, 0xEF9E,  0xF1C3, 0xF40D, 0xF67E, 0xF90C,
  0xFBB7, 0xFE72, 0x0143, 0x0416,  0x06FB, 0x09CC, 0x0CA9, 0x0F6B,
  0x1223, 0x14BE, 0x173F, 0x1999,  0x1BCF, 0x1DD3, 0x1FAB, 0x2146,
  0x22B0, 0x23D2, 0x24C1, 0x255D,  0x25C4, 0x25D7, 0x25AD, 0x2534,
  0x2473, 0x236F, 0x221F, 0x208F,  0x1EBA, 0x1CA1, 0x1A52, 0x17C6,
  0x1504, 0x1216, 0x0EF6, 0x0BB5,  0x0851, 0x04D2, 0x0142, 0xFD9F,
  0xF9F9, 0xF64F, 0xF2AE, 0xEF16,  0xEB96, 0xE82F, 0xE4E4, 0xE1C7,
  0xDED0, 0xDC17, 0xD987, 0xD741,  0xD53A, 0xD376, 0xD201, 0xD0D8,
  0xCFFD, 0xCF7C, 0xCF44, 0xCF6E,  0xCFE6, 0xD0B4, 0xD1DC, 0xD351,
  0xD51F, 0xD734, 0xD99E, 0xDC47,  0xDF3D, 0xE26A, 0xE5D8, 0xE976,
  0xED45, 0xF13B, 0xF550, 0xF985,  0xFDC8, 0x0218, 0x066E, 0x0ABB,
  0x0F07, 0x1333, 0x1750, 0x1B45,  0x1F17, 0x22B0, 0x261F, 0x2947,
  0x2C32, 0x2ED4, 0x3129, 0x3332,  0x34D9, 0x3637, 0x3731, 0x37CE,
  0x3812, 0x37EF, 0x3774, 0x3693,  0x3558, 0x33C2, 0x31CE, 0x2F88,
  0x2CEB, 0x2A03, 0x26CF, 0x2355,  0x1FA1, 0x1BB1, 0x178F, 0x1345,
  0x0ED4, 0x0A4B, 0x05AA, 0x0101,  0xFC51, 0xF7A5, 0xF309, 0xEE79,
  0xEA10, 0xE5C0, 0xE1A3, 0xDDB3,  0xD9FD, 0xD68D, 0xD357, 0xD074,
  0xCDE1, 0xCB9F, 0xC9B7, 0xC82B,  0xC6FF, 0xC62E, 0xC5C7, 0xC5B8,
  0xC619, 0xC6CD, 0xC7EC, 0xC968,  0xCB3A, 0xCD6E, 0xCFEB, 0xD2C6,
  0xD5E0, 0xD948, 0xDCEB, 0xE0CE,  0xE4DA, 0xE91B, 0xED7B, 0xF1F9,
  0xF68C, 0xFB2C, 0xFFD2, 0x046F,  0x090C, 0x0D89, 0x11F5, 0x163D,
  0x1A53, 0x1E48, 0x21F4, 0x2574,  0x28A2, 0x2B92, 0x2E2D, 0x307F,
  0x3272, 0x3415, 0x355A, 0x3642,  0x36CC, 0x36FC, 0x36C8, 0x363D,
  0x354E, 0x3410, 0x3273, 0x3084,  0x2E45, 0x2BBE, 0x28E9, 0x25DB,
  0x2289, 0x1F0B, 0x1B54, 0x177A,  0x1381, 0x0F69, 0x0B40, 0x070E,
  0x02D5, 0xFEA2, 0xFA78, 0xF664,  0xF265, 0xEE88, 0xEAD3, 0xE749,
  0xE3F6, 0xE0D5, 0xDDF9, 0xDB59,  0xD904, 0xD6F7, 0xD535, 0xD3C8,
  0xD2A4, 0xD1DE, 0xD15E, 0xD13E,  0xD167, 0xD1EA, 0xD2B5, 0xD3D6,
  0xD53B, 0xD6EE, 0xD8E0, 0xDB17,  0xDD86, 0xE028, 0xE305, 0xE601,
  0xE92C, 0xEC6E, 0xEFD0, 0xF340,  0xF6B9, 0xFA3F, 0xFDBA, 0x0138,
  0x0498, 0x07F7, 0x0B2A, 0x0E49,  0x1138, 0x1407, 0x169E, 0x1903,
  0x1B34, 0x1D25, 0x1EDB, 0x204D,  0x2180, 0x226C, 0x2314, 0x2376,
  0x2394, 0x236C, 0x2300, 0x2255,  0x2165, 0x203F, 0x1ED8, 0x1D41,
  0x1B70, 0x197B, 0x174F, 0x150A,  0x129D, 0x101B, 0x0D80, 0x0AD4,
  0x0824, 0x056A, 0x02B2, 0x0003,  0xFD5F, 0xFACA, 0xF84E, 0xF5EE,
  0xF3AC, 0xF190, 0xEF98, 0xEDD4,  0xEC36, 0xEAD2, 0xE998, 0xE8A6,
  0xE7D3, 0xE752, 0xE6F4, 0xE6E4,  0xE6FC, 0xE754, 0xE7E4, 0xE8A4,
  0xE99A, 0xEAC2, 0xEC0F, 0xED91,  0xEF31, 0xF0F4, 0xF2DB, 0xF4D1,
  0xF6E6, 0xF905, 0xFB30, 0xFD61,  0xFF96, 0x01C0, 0x03E9, 0x05FE,
  0x0804, 0x09F0, 0x0BC5, 0x0D74,  0x0F03, 0x106D, 0x11A9, 0x12BC,
  0x1398, 0x1450, 0x14C5, 0x1515,  0x1521, 0x150A, 0x14AB, 0x1428,
  0x1366, 0x127C, 0x115B, 0x1010,  0x0E9D, 0x0CFF, 0x0B3F, 0x095F,
  0x0764, 0x0553, 0x0328, 0x00FB,  0xFEB9, 0xFC7D, 0xFA3A, 0xF801,
  0xF5D5, 0xF3B3, 0xF1AE, 0xEFBC,  0xEDEC, 0xEC3E, 0xEAB7, 0xE958,
  0xE82D, 0xE72D, 0xE664, 0xE5D1,  0xE576, 0xE551, 0xE56F, 0xE5BE,
  0xE650, 0xE717, 0xE819, 0xE957,  0xEAC7, 0xEC6A, 0xEE42, 0xF047,
  0xF274, 0xF4C8, 0xF743, 0xF9D2,  0xFC82, 0xFF3E, 0x0211, 0x04E3,
  0x07BD, 0x0A93, 0x0D5F, 0x101F,  0x12C5, 0x155A, 0x17CA, 0x1A12,
  0x1C3B, 0x1E2A, 0x1FEF, 0x2178,  0x22C7, 0x23DD, 0x24A9, 0x253B,
  0x2582, 0x2584, 0x2540, 0x24B3,  0x23DC, 0x22C6, 0x215E, 0x1FBF,
  0x1DD4, 0x1BB3, 0x1951, 0x16B8,  0x13ED, 0x10F6, 0x0DD0, 0x0A89,
  0x0724, 0x03A6, 0x0014, 0xFC7A,  0xF8D8, 0xF539, 0xF1A0, 0xEE18,
  0xEAA8, 0xE74E, 0xE41A, 0xE112,  0xDE31, 0xDB8D, 0xD91A, 0xD6EF,
  0xD501, 0xD359, 0xD204, 0xD0F4,  0xD03C, 0xCFD0, 0xCFC0, 0xCFFC,
  0xD097, 0xD17D, 0xD2BF, 0xD450,  0xD62E, 0xD863, 0xDAD6, 0xDD99,
  0xE09A, 0xE3D5, 0xE752, 0xEAF2,  0xEECD, 0xF2C0, 0xF6DE, 0xFB0A,
  0xFF4B, 0x0390, 0x07E1, 0x0C1D,  0x105A, 0x1476, 0x187D, 0x1C5E,
  0x200F, 0x239A, 0x26E1, 0x29F3,  0x2CB9, 0x2F41, 0x3170, 0x3353,
  0x34E2, 0x3614, 0x36F0, 0x3767,  0x378C, 0x3747, 0x36A8, 0x35AD,
  0x3451, 0x329F, 0x3092, 0x2E31,  0x2B81, 0x2883, 0x253D, 0x21B8,
  0x1DF4, 0x19FB, 0x15D6, 0x1185,  0x0D18, 0x088C, 0x03F7, 0xFF51,
  0xFAB0, 0xF613, 0xF183, 0xED10,  0xE8B4, 0xE484, 0xE07C, 0xDCAD,
  0xD918, 0xD5BF, 0xD2B5, 0xCFF1,  0xCD82, 0xCB64, 0xC9A3, 0xC83C,
  0xC734, 0xC689, 0xC647, 0xC65D,  0xC6DC, 0xC7B5, 0xC8F5, 0xCA8B,
  0xCC7C, 0xCEC9, 0xD15F, 0xD44E,  0xD77A, 0xDAF4, 0xDEA5, 0xE28B,
  0xE6A7, 0xEAE7, 0xEF49, 0xF3C6,  0xF852, 0xFCEB, 0x0184, 0x0616,
  0x0A9E, 0x0F0C, 0x1360, 0x178B,  0x1B90, 0x1F5D, 0x22F5, 0x264D,
  0x295B, 0x2C2D, 0x2E9E, 0x30CF,  0x329C, 0x341C, 0x3539, 0x35FD,
  0x3667, 0x366D, 0x361D, 0x356B,  0x3465, 0x3302, 0x314A, 0x2F44,
  0x2CED, 0x2A50, 0x2768, 0x244C,  0x20EE, 0x1D60, 0x19A7, 0x15C9,
  0x11CC, 0x0DB4, 0x0995, 0x0564,  0x013B, 0xFD10, 0xF8F9, 0xF4F5,
  0xF109, 0xED47, 0xE9A8, 0xE639,  0xE300, 0xE001, 0xDD3F, 0xDAC5,
  0xD88B, 0xD6A2, 0xD503, 0xD3B4,  0xD2B7, 0xD20C, 0xD1B3, 0xD1AD,
  0xD1FC, 0xD292, 0xD386, 0xD4B6,  0xD63C, 0xD7FF, 0xDA0E, 0xDC4F,
  0xDED1, 0xE184, 0xE467, 0xE76E,  0xEAA0, 0xEDE3, 0xF148, 0xF4B1,
  0xF82C, 0xFBA8, 0xFF19, 0x0289,  0x05E1, 0x092A, 0x0C4C, 0x0F57,
  0x1231, 0x14E9, 0x1762, 0x19B6,  0x1BC5, 0x1D9C, 0x1F37, 0x208C,
  0x21A4, 0x2271, 0x22FE, 0x2346,  0x2345, 0x2309, 0x227C, 0x21C1,
  0x20B6, 0x1F7E, 0x1E02, 0x1C59,  0x1A7D, 0x1875, 0x1643, 0x13F2,
  0x1180, 0x0EF9, 0x0C59, 0x09B4,  0x06FF, 0x044C, 0x019A, 0xFEF7,
  0xFC57, 0xF9D3, 0xF765, 0xF513,  0xF2E3, 0xF0D7, 0xEEF8, 0xED43,
  0xEBBF, 0xEA6C, 0xE952, 0xE867,  0xE7BC, 0xE744, 0xE70A, 0xE701,
  0xE73B, 0xE7A1, 0xE848, 0xE917,  0xEA23, 0xEB57, 0xECB6, 0xEE42,
  0xEFEF, 0xF1BB, 0xF3AA, 0xF5A6,  0xF7BF, 0xF9DF, 0xFC0C, 0xFE3A,
  0x006B, 0x0291, 0x04B2, 0x06BF,  0x08B7, 0x0A9F, 0x0C5C, 0x0E05,
  0x0F81, 0x10DB, 0x1204, 0x1304,  0x13D5, 0x146D, 0x14DC, 0x150B,
  0x1514, 0x14DB, 0x1473, 0x13DA,  0x1309, 0x1210, 0x10DA, 0x0F8C,
  0x0E03, 0x0C5C, 0x0A97, 0x08AA,  0x06AD, 0x0492, 0x026C, 0x0036,
  0xFDFB, 0xFBBE, 0xF980, 0xF752,  0xF524, 0xF317, 0xF113, 0xEF35,
  0xED6D, 0xEBD2, 0xEA59, 0xE90F,  0xE7F1, 0xE706, 0xE650, 0xE5D0,
  0xE58C, 0xE577, 0xE5A9, 0xE60F,  0xE6AD, 0xE78D, 0xE89F, 0xE9EA,
  0xEB6B, 0xED1E, 0xEF01, 0xF112,  0xF345, 0xF5AA, 0xF81F, 0xFABC,
  0xFD69, 0x002A, 0x02F7, 0x05C6,  0x089E, 0x0B69, 0x0E2E, 0x10DF,
  0x1381, 0x15FC, 0x1862, 0x1A98,  0x1CAD, 0x1E8A, 0x2035, 0x21AD,
  0x22E3, 0x23DF, 0x2498, 0x250D,  0x2540, 0x2529, 0x24CB, 0x242A,
  0x233C, 0x220E, 0x2098, 0x1EDE,  0x1CEA, 0x1AB1, 0x1847, 0x159D,
  0x12CE, 0x0FC5, 0x0CA1, 0x0953,  0x05EE, 0x026B, 0xFEE4, 0xFB48,
  0xF7B3, 0xF419, 0xF090, 0xED18,  0xE9B0, 0xE66F, 0xE350, 0xE058,
  0xDD96, 0xDB04, 0xD8B2, 0xD69D,  0xD4CA, 0xD347, 0xD207, 0xD11A,
  0xD07B, 0xD032, 0xD03B, 0xD096,  0xD14C, 0xD24D, 0xD3A8, 0xD553,
  0xD746, 0xD993, 0xDC13, 0xDEF0,  0xE1F5, 0xE548, 0xE8C4, 0xEC75,
  0xF04D, 0xF449, 0xF862, 0xFC8A,  0x00C9, 0x0504, 0x0948, 0x0D78,
  0x11A2, 0x15B1, 0x199B, 0x1D6A,  0x2103, 0x246E, 0x279D, 0x2A8C,
  0x2D39, 0x2F99, 0x31AB, 0x336C,  0x34D9, 0x35E5, 0x36A0, 0x36F8,
  0x36F7, 0x3693, 0x35D5, 0x34BB,  0x3342, 0x3173, 0x2F4F, 0x2CD7,
  0x2A0F, 0x2700, 0x23A9, 0x2019,  0x1C45, 0x184B, 0x141B, 0x0FCB,
  0x0B5D, 0x06D7, 0x0247, 0xFDAC,  0xF918, 0xF487, 0xF00F, 0xEBAB,
  0xE76A, 0xE350, 0xDF67, 0xDBB6,  0xD839, 0xD50C, 0xD21A, 0xCF82,
  0xCD2D, 0xCB3D, 0xC99C, 0xC85C,  0xC776, 0xC6F6, 0xC6D0, 0xC70D,
  0xC7AE, 0xC8A8, 0xCA06, 0xCBB7,  0xCDC7, 0xD02A, 0xD2DA, 0xD5D6,
  0xD91E, 0xDC9D, 0xE05E, 0xE44D,  0xE86F, 0xECAF, 0xF115, 0xF58A,
  0xFA15, 0xFE9F, 0x032F, 0x07B3,  0x0C27, 0x1081, 0x14BD, 0x18D2,
  0x1CB8, 0x206C, 0x23E0, 0x271A,  0x2A09, 0x2CB1, 0x2F05, 0x310E,
  0x32B8, 0x3413, 0x3508, 0x35B0,  0x35ED, 0x35D8, 0x3560, 0x3495,
  0x336B, 0x31EC, 0x301C, 0x2DFB,  0x2B8E, 0x28DD, 0x25E6, 0x22BA,
  0x1F4C, 0x1BBC, 0x17F9, 0x1418,  0x101A, 0x0C08, 0x07ED, 0x03C2,
  0xFFA6, 0xFB8A, 0xF782, 0xF391,  0xEFBB, 0xEC10, 0xE888, 0xE538,
  0xE219, 0xDF39, 0xDC96, 0xDA3B,  0xD823, 0xD65B, 0xD4DE, 0xD3AF,
  0xD2D5, 0xD24A, 0xD211, 0xD22D,  0xD292, 0xD352, 0xD453, 0xD5A9,
  0xD73D, 0xD921, 0xDB34, 0xDD95,  0xE01E, 0xE2E1, 0xE5CC, 0xE8DB,
  0xEC12, 0xEF58, 0xF2B9, 0xF624,  0xF999, 0xFD05, 0x0076, 0x03D2,
  0x0721, 0x0A51, 0x0D68, 0x1059,  0x1321, 0x15B9, 0x1825, 0x1A53,
  0x1C50, 0x1E05, 0x1F8A, 0x20BD,  0x21BB, 0x226C, 0x22DD, 0x2309,
  0x22F0, 0x2297, 0x21F6, 0x211F,  0x2003, 0x1EB1, 0x1D2C, 0x1B6A,
  0x1986, 0x176B, 0x1536, 0x12D8,  0x1063, 0x0DD3, 0x0B3C, 0x088C,
  0x05E3, 0x0330, 0x008B, 0xFDE7,  0xFB5D, 0xF8E0, 0xF685, 0xF43D,
  0xF221, 0xF02D, 0xEE5A, 0xECC1,  0xEB4A, 0xEA19, 0xE907, 0xE842,
  0xE7A1, 0xE74A, 0xE71C, 0xE732,  0xE77B, 0xE7FA, 0xE8AD, 0xE998,
  0xEAAC, 0xEBF3, 0xED62, 0xEEF6,  0xF0B1, 0xF284, 0xF47A, 0xF67B,
  0xF89A, 0xFAB7, 0xFCE7, 0xFF10,  0x013F, 0x035E, 0x0576, 0x077B,
  0x0969, 0x0B41, 0x0CF4, 0x0E8C,  0x0FFB, 0x113D, 0x125C, 0x1347,
  0x1403, 0x148B, 0x14E4, 0x1504,  0x14F7, 0x14A8, 0x1438, 0x1383,
  0x12A9, 0x1199, 0x105F, 0x0EFA,  0x0D68, 0x0BBC, 0x09E6, 0x07F8,
  0x05F0, 0x03D7, 0x01AA, 0xFF78,  0xFD3B, 0xFB03, 0xF8CA, 0xF6A0,
  0xF481, 0xF277, 0xF083, 0xEEAF,  0xECF8, 0xEB6A, 0xEA03, 0xE8C9,
  0xE7BF, 0xE6E5, 0xE645, 0xE5D4,  0xE5A5, 0xE5A9, 0xE5E8, 0xE661,
  0xE718, 0xE803, 0xE92A, 0xEA82,  0xEC14, 0xEDD5, 0xEFC2, 0xF1DD,
  0xF41F, 0xF682, 0xF903, 0xFBA2,  0xFE4F, 0x0112, 0x03D9, 0x06AB,
  0x0977, 0x0C39, 0x0EF8, 0x119D,  0x142D, 0x16A0, 0x18EF, 0x1B19,
  0x1D15, 0x1EDF, 0x2077, 0x21D8,  0x22F4, 0x23DD, 0x247A, 0x24DB,
  0x24F3, 0x24C6, 0x2452, 0x2396,  0x229A, 0x214E, 0x1FCB, 0x1DFD,
  0x1BF8, 0x19AE, 0x173B, 0x1481,  0x11A9, 0x0E9C, 0x0B6E, 0x0822,
  0x04B5, 0x013C, 0xFDB1, 0xFA23,  0xF68B, 0xF30A, 0xEF81, 0xEC1F,
  0xE8C5, 0xE59A, 0xE28C, 0xDFAD,  0xDD00, 0xDA8D, 0xD84B, 0xD65C,
  0xD4A1, 0xD33B, 0xD217, 0xD148,  0xD0C9, 0xD09C, 0xD0BE, 0xD13D,
  0xD206, 0xD327, 0xD49A, 0xD659,  0xD869, 0xDAC0, 0xDD5D, 0xE041,
  0xE35A, 0xE6B5, 0xEA3B, 0xEDF1,  0xF1D0, 0xF5CB, 0xF9E0, 0xFE0A,
  0x023C, 0x0672, 0x0AA4, 0x0ECE,  0x12E0, 0x16DC, 0x1AB4, 0x1E67,
  0x21EB, 0x2535, 0x284B, 0x2B1B,  0x2DA6, 0x2FE7, 0x31D8, 0x3379,
  0x34BB, 0x35B1, 0x3642, 0x367C,  0x3654, 0x35D8, 0x34F6, 0x33C0,
  0x3229, 0x3043, 0x2E04, 0x2B74,  0x289C, 0x2579, 0x2216, 0x1E72,
  0x1A9F, 0x1695, 0x1267, 0x0E14,  0x09A6, 0x0529, 0x009F, 0xFC0F,
  0xF787, 0xF309, 0xEEA2, 0xEA55,  0xE62A, 0xE22E, 0xDE5C, 0xDACB,
  0xD76F, 0xD462, 0xD194, 0xCF18,  0xCCF3, 0xCB1E, 0xC9A5, 0xC888,
  0xC7CB, 0xC76A, 0xC769, 0xC7CB,  0xC889, 0xC9A6, 0xCB1D, 0xCCF1,
  0xCF18, 0xD18F, 0xD45B, 0xD765,  0xDAC1, 0xDE48, 0xE21A, 0xE60D,
  0xEA33, 0xEE77, 0xF2D8, 0xF74E,  0xFBCA, 0x0051, 0x04D1, 0x0942,
  0x0DA7, 0x11E8, 0x1612, 0x1A07,  0x1DD7, 0x2166, 0x24C2, 0x27D6,
  0x2AA6, 0x2D27, 0x2F5F, 0x313B,  0x32C7, 0x33F7, 0x34D1, 0x354D,
  0x356C, 0x3532, 0x349D, 0x33AF,  0x3267, 0x30D2, 0x2EE2, 0x2CAE,
  0x2A27, 0x2769, 0x245D, 0x2124,  0x1DB0, 0x1A14, 0x164E, 0x1268,
  0x0E70, 0x0A5F, 0x0647, 0x022E,  0xFE17, 0xFA0D, 0xF616, 0xF236,
  0xEE7B, 0xEAE2, 0xE778, 0xE443,  0xE13F, 0xDE7E, 0xDBFD, 0xD9BC,
  0xD7CD, 0xD620, 0xD4C5, 0xD3BC,  0xD2FB, 0xD299, 0xD278, 0xD2B7,
  0xD33B, 0xD411, 0xD532, 0xD69D,  0xD84E, 0xDA3C, 0xDC6F, 0xDED3,
  0xE177, 0xE439, 0xE735, 0xEA4A,  0xED80, 0xF0C9, 0xF42D, 0xF78E,
  0xFAFD, 0xFE65, 0x01C5, 0x0519,  0x0850, 0x0B76, 0x0E77, 0x1152,
  0x1402, 0x1687, 0x18D1, 0x1AEE,  0x1CC7, 0x1E6B, 0x1FC6, 0x20EC,
  0x21C0, 0x2260, 0x22B0, 0x22C2,  0x228F, 0x221E, 0x2164, 0x207A,
  0x1F44, 0x1DE5, 0x1C47, 0x1A7E,  0x1885, 0x1664, 0x1423, 0x11BD,
  0x0F46, 0x0CB4, 0x0A16, 0x076F,  0x04C4, 0x021F, 0xFF78, 0xFCE6,
  0xFA64, 0xF7F6, 0xF5A6, 0xF376,  0xF169, 0xEF84, 0xEDCB, 0xEC41,
  0xEAE9, 0xE9C3, 0xE8D1, 0xE81C,  0xE797, 0xE74F, 0xE740, 0xE766,
  0xE7C3, 0xE859, 0xE91C, 0xEA1C,  0xEB3B, 0xEC97, 0xEE0C, 0xEFB3,
  0xF172, 0xF352, 0xF54A, 0xF753,  0xF96F, 0xFB95, 0xFDBB, 0xFFE9,
  0x020C, 0x0427, 0x0638, 0x0833,  0x0A14, 0x0BDE, 0x0D87, 0x0F0B,
  0x106C, 0x119F, 0x12A9, 0x1382,  0x142A, 0x14A4, 0x14E5, 0x14F5,
  0x14D0, 0x1478, 0x13ED, 0x132C,  0x1241, 0x1122, 0x0FDA, 0x0E66,
  0x0CCF, 0x0B12, 0x0939, 0x073F,  0x053C, 0x0313, 0x00F0, 0xFEB4,
  0xFC84, 0xFA46, 0xF81B, 0xF5F1,  0xF3E1, 0xF1DA, 0xEFFD, 0xEE29,
  0xEC8E, 0xEB05, 0xE9B5, 0xE889,  0xE793, 0xE6CD, 0xE63D, 0xE5E3,
  0xE5C6, 0xE5DB, 0xE631, 0xE6BC,  0xE784, 0xE880, 0xE9B7, 0xEB22,
  0xECC0, 0xEE8B, 0xF088, 0xF2AC,  0xF4F4, 0xF75E, 0xF9E7, 0xFC85,
  0xFF36, 0x01F5, 0x04BD, 0x0786,  0x0A4C, 0x0D09, 0x0FBA, 0x1253,
  0x14D6, 0x1739, 0x1978, 0x1B8D,  0x1D78, 0x1F2C, 0x20B2, 0x21F4,
  0x2302, 0x23D0, 0x2455, 0x24A0,  0x249F, 0x245A, 0x23D2, 0x22FE,
  0x21EC, 0x208F, 0x1EF7, 0x1D17,  0x1B00, 0x18AF, 0x1624, 0x136B,
  0x1081, 0x0D74, 0x0A3E, 0x06EE,  0x0385, 0x000F, 0xFC83, 0xF8FF,
  0xF575, 0xF1F5, 0xEE83, 0xEB28,  0xE7EA, 0xE4C8, 0xE1D7, 0xDF07,
  0xDC7C, 0xDA16, 0xD7FD, 0xD61D,  0xD487, 0xD336, 0xD236, 0xD183,
  0xD11D, 0xD110, 0xD14F, 0xD1E7,  0xD2CC, 0xD409, 0xD58E, 0xD76C,
  0xD989, 0xDBF8, 0xDEA6, 0xE196,  0xE4C0, 0xE822, 0xEBB1, 0xEF6D,
  0xF34F, 0xF747, 0xFB5F, 0xFF7E,  0x03AC, 0x07D6, 0x0BFC, 0x1016,
  0x1414, 0x17FE, 0x1BC2, 0x1F57,  0x22C5, 0x25F1, 0x28ED, 0x2B98,
  0x2E09, 0x3027, 0x31F8, 0x3373,  0x349A, 0x3568, 0x35DA, 0x35F1,
  0x35AD, 0x350E, 0x340D, 0x32BB,  0x310C, 0x2F08, 0x2CB5, 0x2A0D,
  0x2726, 0x23EC, 0x2082, 0x1CD0,  0x18F3, 0x14E7, 0x10B0, 0x0C65,
  0x07F6, 0x0380, 0xFEFD, 0xFA7A,  0xF603, 0xF194, 0xED41, 0xE909,
  0xE4F9, 0xE116, 0xDD62, 0xD9ED,  0xD6B6, 0xD3C3, 0xD11B, 0xCEC7,
  0xCCBD, 0xCB13, 0xC9BB, 0xC8C6,  0xC82A, 0xC7EA, 0xC815, 0xC88E,
  0xC972, 0xCAAC, 0xCC41, 0xCE31,  0xD06C, 0xD300, 0xD5DD, 0xD8FA,
  0xDC60, 0xDFFB, 0xE3D2, 0xE7CA,  0xEBF8, 0xF037, 0xF49A, 0xF907,
  0xFD7C, 0x01F9, 0x0665, 0x0ACD,  0x0F17, 0x1348, 0x1754, 0x1B34,
  0x1EE1, 0x225A, 0x258E, 0x2887,  0x2B32, 0x2D90, 0x2FA6, 0x315A,
  0x32C8, 0x33CF, 0x3489, 0x34DB,  0x34E1, 0x3481, 0x33CB, 0x32C1,
  0x315B, 0x2FAE, 0x2DA0, 0x2B5A,  0x28C0, 0x25EB, 0x22D4, 0x1F8F,
  0x1C10, 0x186F, 0x14A1, 0x10C3,  0x0CC3, 0x08BE, 0x04AA, 0x009F,
  0xFC91, 0xF899, 0xF4B3, 0xF0EB,  0xED40, 0xE9C7, 0xE671, 0xE35B,
  0xE075, 0xDDD0, 0xDB70, 0xD950,  0xD77F, 0xD5F6, 0xD4BA, 0xD3D3,
  0xD334, 0xD2ED, 0xD2F1, 0xD34A,  0xD3EB, 0xD4DE, 0xD619, 0xD79A,
  0xD960, 0xDB64, 0xDDA8, 0xE01D,  0xE2C7, 0xE59D, 0xE89A, 0xEBB6,
  0xEEEE, 0xF23C, 0xF596, 0xF8F7,  0xFC5C, 0xFFBD, 0x030F, 0x0651,
  0x0980, 0x0C8C, 0x0F7E, 0x123C,  0x14E0, 0x1740, 0x197B, 0x1B75,
  0x1D3A, 0x1EBB, 0x2002, 0x2104,  0x21C5, 0x2240, 0x227C, 0x226F,
  0x2228, 0x2198, 0x20CF, 0x1FC5,  0x1E87, 0x1D0B, 0x1B64, 0x1988,
  0x1784, 0x155B, 0x130A, 0x10A8,  0x0E25, 0x0B94, 0x08F7, 0x0651,
  0x03B0, 0x0106, 0xFE74, 0xFBE8,  0xF970, 0xF714, 0xF4D0, 0xF2B6,
  0xF0B6, 0xEEE8, 0xED43, 0xEBCE,  0xEA8A, 0xE97B, 0xE8A4, 0xE7FD,
  0xE797, 0xE75F, 0xE76A, 0xE7A1,  0xE815, 0xE8BE, 0xE994, 0xEAA0,
  0xEBD7, 0xED37, 0xEEC4, 0xF06A,  0xF23C, 0xF41D, 0xF61D, 0xF82A,
  0xFA48, 0xFC6A, 0xFE95, 0x00B8,  0x02D9, 0x04EF, 0x06F3, 0x08E4,
  0x0ABB, 0x0C77, 0x0E11, 0x0F86,  0x10D5, 0x11FB, 0x12EC, 0x13B8,
  0x144D, 0x14B1, 0x14E1, 0x14DD,  0x14A8, 0x143C, 0x139E, 0x12D1,
  0x11D2, 0x10A8, 0x0F4E, 0x0DD4,  0x0C2D, 0x0A69, 0x0887, 0x068E,
  0x047A, 0x025A, 0x002F, 0xFDFB,  0xFBC5, 0xF994, 0xF768, 0xF54C,
  0xF341, 0xF149, 0xEF73, 0xEDB3,  0xEC21, 0xEAAC, 0xE96C, 0xE850,
  0xE770, 0xE6B7, 0xE640, 0xE5F8,  0xE5EA, 0xE619, 0xE67B, 0xE720,
  0xE7F2, 0xE904, 0xEA4A, 0xEBC4,  0xED6C, 0xEF4B, 0xF14D, 0xF37B,
  0xF5C9, 0xF840, 0xFAC4, 0xFD6B,  0x0016, 0x02DB, 0x0598, 0x0860,
  0x0B1B, 0x0DD5, 0x1074, 0x1304,  0x1579, 0x17CA, 0x19F7, 0x1BFE,
  0x1DD0, 0x1F73, 0x20DF, 0x220F,  0x2306, 0x23B7, 0x242C, 0x2459,
  0x2445, 0x23E9, 0x2347, 0x2263,  0x2136, 0x1FCC, 0x1E1A, 0x1C31,
  0x1A06, 0x17A9, 0x1511, 0x124F,  0x0F5D, 0x0C49, 0x0910, 0x05C2,
  0x0255, 0xFEE2, 0xFB5F, 0xF7E1,  0xF461, 0xF0EA, 0xED8C, 0xEA3F,
  0xE70F, 0xE407, 0xE123, 0xDE7A,  0xDBF1, 0xD9BB, 0xD7AD, 0xD5F1,
  0xD472, 0xD342, 0xD25C, 0xD1C7,  0xD17D, 0xD18F, 0xD1E7, 0xD29B,
  0xD39A, 0xD4F0, 0xD68D, 0xD87F,  0xDAB2, 0xDD33, 0xDFF1, 0xE2EE,
  0xE626, 0xE98E, 0xED28, 0xF0E6,  0xF4C8, 0xF8C4, 0xFCD3, 0x00F1,
  0x0511, 0x0934, 0x0D4C, 0x114F,  0x1545, 0x1913, 0x1CC0, 0x2040,
  0x2390, 0x26A3, 0x297C, 0x2C0D,  0x2E5E, 0x305A, 0x3207, 0x3364,
  0x346B, 0x3511, 0x3568, 0x355C,  0x34F9, 0x3437, 0x3320, 0x31AC,
  0x2FE6, 0x2DC8, 0x2B5D, 0x28A6,  0x25A7, 0x2264, 0x1EE7, 0x1B2F,
  0x1749, 0x1339, 0x0F04, 0x0AB3,  0x064F, 0x01DC, 0xFD65, 0xF8F0,
  0xF485, 0xF02B, 0xEBEB, 0xE7CD,  0xE3D1, 0xE00D, 0xDC76, 0xD920,
  0xD606, 0xD337, 0xD0B3, 0xCE7F,  0xCC9B, 0xCB13, 0xC9E3, 0xC90E,
  0xC895, 0xC880, 0xC8C0, 0xC965,  0xCA62, 0xCBBD, 0xCD6E, 0xCF73,
  0xD1CD, 0xD474, 0xD760, 0xDA94,  0xDE04, 0xE1AD, 0xE585, 0xE98A,
  0xEDB6, 0xF1F6, 0xF655, 0xFAB8,  0xFF29, 0x0392, 0x07F7, 0x0C46,
  0x1080, 0x149A, 0x188A, 0x1C51,  0x1FE2, 0x2339, 0x2652, 0x2924,
  0x2BB0, 0x2DED, 0x2FD9, 0x3171,  0x32B5, 0x339C, 0x342E, 0x3466,
  0x3441, 0x33C7, 0x32EF, 0x31CA,  0x3047, 0x2E7B, 0x2C61, 0x29FB,
  0x2754, 0x246A, 0x214C, 0x1DF5,  0x1A74, 0x16C5, 0x1301, 0x0F18,
  0x0B20, 0x0721, 0x0317, 0xFF12,  0xFB1A, 0xF72B, 0xF360, 0xEFA2,
  0xEC1C, 0xE8AE, 0xE57F, 0xE27C,  0xDFB9, 0xDD31, 0xDAF1, 0xD8F1,
  0xD741, 0xD5D7, 0xD4BF, 0xD3F6,  0xD377, 0xD352, 0xD372, 0xD3E8,
  0xD4A7, 0xD5B2, 0xD709, 0xD89B,  0xDA7D, 0xDC92, 0xDEE0, 0xE16D,
  0xE41A, 0xE702, 0xE9FD, 0xED23,  0xF05B, 0xF3A8, 0xF6FD, 0xFA5A,
  0xFDB8, 0x0109, 0x0452, 0x0786,  0x0AA0, 0x0D9C, 0x1075, 0x1326,
  0x15A6, 0x17F8, 0x1A12, 0x1BF6,  0x1D9C, 0x1F04, 0x202F, 0x2115,
  0x21B7, 0x221C, 0x223A, 0x2217,  0x21B2, 0x210E, 0x202C, 0x1F11,
  0x1DBC, 0x1C31, 0x1A79, 0x188F,  0x1680, 0x144B, 0x11F9, 0x0F8B,
  0x0D07, 0x0A75, 0x07DB, 0x0538,  0x0297, 0xFFFF, 0xFD6C, 0xFAF3,
  0xF881, 0xF63C, 0xF403, 0xF1F8,  0xF011, 0xEE52, 0xECC6, 0xEB60,
  0xEA38, 0xE93F, 0xE877, 0xE7F1,  0xE797, 0xE780, 0xE793, 0xE7EB,
  0xE86B, 0xE92B, 0xEA0E, 0xEB31,  0xEC6F, 0xEDE5, 0xEF74, 0xF130,
  0xF2FE, 0xF4F0, 0xF6EF, 0xF8FF,  0xFB23, 0xFD3C, 0xFF6D, 0x0183,
  0x03A8, 0x05AD, 0x07AC, 0x0990,  0x0B5C, 0x0D0B, 0x0E93, 0x0FFD,
  0x1138, 0x124A, 0x132F, 0x13E4,  0x1469, 0x14B6, 0x14D8, 0x14BE,
  0x147A, 0x13F5, 0x1352, 0x126B,  0x1160, 0x1027, 0x0EC4, 0x0D39,
  0x0B8C, 0x09BE, 0x07D6, 0x05D5,  0x03BF, 0x019F, 0xFF72, 0xFD3E,
  0xFB10, 0xF8DF, 0xF6BE, 0xF4A7,  0xF2A8, 0xF0BB, 0xEEF0, 0xED43,
  0xEBB8, 0xEA5E, 0xE922, 0xE826,  0xE74A, 0xE6B2, 0xE642, 0xE615,
  0xE618, 0xE658, 0xE6D4, 0xE77C,  0xE871, 0xE987, 0xEAE4, 0xEC66,
  0xEE21, 0xF008, 0xF214, 0xF44B,  0xF6A6, 0xF916, 0xFBA9, 0xFE48,
  0x00FD, 0x03B6, 0x0672, 0x0937,  0x0BE7, 0x0E97, 0x112A, 0x13B1,
  0x1612, 0x1854, 0x1A73, 0x1C61,  0x1E23, 0x1FB0, 0x2107, 0x221F,
  0x2300, 0x2398, 0x23FA, 0x240B,  0x23E5, 0x236C, 0x22BB, 0x21BC,
  0x2081, 0x1EFD, 0x1D41, 0x1B42,  0x190B, 0x169F, 0x13FF, 0x1131,
  0x0E3C, 0x0B1D, 0x07E8, 0x0492,  0x012D, 0xFDBA, 0xFA41, 0xF6C8,
  0xF351, 0xEFEE, 0xEC99, 0xE95A,  0xE645, 0xE34A, 0xE084, 0xDDE5,
  0xDB84, 0xD95D, 0xD76F, 0xD5CD,  0xD469, 0xD35A, 0xD28B, 0xD214,
  0xD1ED, 0xD210, 0xD28C, 0xD357,  0xD46F, 0xD5DE, 0xD792, 0xD998,
  0xDBE0, 0xDE70, 0xE13F, 0xE448,  0xE78C, 0xEAFB, 0xEE9C, 0xF25C,
  0xF640, 0xFA3B, 0xFE41, 0x025D,  0x0671, 0x0A88, 0x0E8E, 0x128A,
  0x165F, 0x1A23, 0x1DB0, 0x211E,  0x244E, 0x2745, 0x2A02, 0x2C74,
  0x2EA3, 0x307D, 0x3210, 0x3345,  0x342C, 0x34B2, 0x34E9, 0x34BB,
  0x343A, 0x335A, 0x3227, 0x3097,  0x2EB6, 0x2C84, 0x2A03, 0x2736,
  0x242A, 0x20D5, 0x1D4F, 0x198E,  0x15A2, 0x118E, 0x0D58, 0x090B,
  0x04AB, 0x0042, 0xFBD4, 0xF76F,  0xF312, 0xEECD, 0xEAA2, 0xE69A,
  0xE2BA, 0xDF11, 0xDB97, 0xD85F,  0xD56A, 0xD2B7, 0xD05B, 0xCE42,
  0xCC8B, 0xCB23, 0xCA14, 0xC966,  0xC910, 0xC91C, 0xC97C, 0xCA45,
  0xCB5C, 0xCCD8, 0xCE9E, 0xD0C6,  0xD32C, 0xD5EF, 0xD8E7, 0xDC30,
  0xDFAA, 0xE359, 0xE73F, 0xEB44,  0xEF70, 0xF3AF, 0xF80A, 0xFC63,
  0x00CD, 0x0525, 0x097B, 0x0DB6,  0x11DE, 0x15DB, 0x19B8, 0x1D5E,
  0x20D3, 0x240E, 0x2700, 0x29BA,  0x2C1B, 0x2E3A, 0x3000, 0x3178,
  0x3292, 0x335D, 0x33C9, 0x33DF,  0x3398, 0x3300, 0x320C, 0x30C5,
  0x2F2B, 0x2D46, 0x2B15, 0x289A,  0x25E2, 0x22EB, 0x1FBC, 0x1C5F,
  0x18D2, 0x1528, 0x1159, 0x0D76,  0x0984, 0x0588, 0x0189, 0xFD93,
  0xF9A7, 0xF5CD, 0xF20D, 0xEE70,  0xEAF8, 0xE7AB, 0xE492, 0xE1AF,
  0xDF08, 0xDCA1, 0xDA7F, 0xD89F,  0xD715, 0xD5C5, 0xD4D5, 0xD423,
  0xD3D1, 0xD3BF, 0xD407, 0xD494,  0xD571, 0xD69A, 0xD800, 0xD9B6,
  0xDBA1, 0xDDCC, 0xE030, 0xE2C1,  0xE585, 0xE868, 0xEB75, 0xEE99,
  0xF1D3, 0xF51E, 0xF870, 0xFBC9,  0xFF15, 0x0264, 0x059A, 0x08C1,
  0x0BC6, 0x0EB1, 0x1173, 0x140C,  0x1674, 0x18AE, 0x1AAB, 0x1C73,
  0x1E00, 0x1F47, 0x2059, 0x211E,  0x21A7, 0x21F0, 0x21ED, 0x21B6,
  0x2131, 0x207A, 0x1F7C, 0x1E4F,  0x1CE0, 0x1B49, 0x197B, 0x1786,
  0x1569, 0x132A, 0x10CE, 0x0E5B,  0x0BD3, 0x0941, 0x06A5, 0x0405,
  0x016C, 0xFED7, 0xFC51, 0xF9DD,  0xF783, 0xF53E, 0xF321, 0xF123,
  0xEF4E, 0xEDA7, 0xEC29, 0xEAE2,  0xE9CA, 0xE8E8, 0xE83B, 0xE7CA,
  0xE788, 0xE786, 0xE7B2, 0xE820,  0xE8B3, 0xE98A, 0xEA7F, 0xEBB3,
  0xED05, 0xEE88, 0xF026, 0xF1EE,  0xF3C6, 0xF5C2, 0xF7C6, 0xF9E1,
  0xFBFE, 0xFE27, 0x0047, 0x026D,  0x047D, 0x0689, 0x087A, 0x0A5A,
  0x0C19, 0x0DBC, 0x0F3A, 0x1094,  0x11BF, 0x12C5, 0x1398, 0x143A,
  0x14B0, 0x14EA, 0x14FC, 0x14CE,  0x1479, 0x13E7, 0x132A, 0x123A,
  0x1120, 0x0FD5, 0x0E65, 0x0CD0,  0x0B14, 0x0941, 0x074A, 0x0547,
  0x032A, 0x0106, 0xFED4, 0xFCA2,  0xFA72, 0xF843, 0xF628, 0xF413,
  0xF21B, 0xF037, 0xEE72, 0xECD2,  0xEB50, 0xEA02, 0xE8D6, 0xE7E1,
  0xE71B, 0xE68B, 0xE62F, 0xE60C,  0xE622, 0xE671, 0xE6F4, 0xE7BB,
  0xE8A9, 0xE9DD, 0xEB3D, 0xECCE,  0xEE94, 0xF07F, 0xF29A, 0xF4D7,
  0xF72F, 0xF9B0, 0xFC3A, 0xFEE1,  0x0191, 0x044B, 0x0705, 0x09BE,
  0x0C6F, 0x0F10, 0x11A3, 0x1414,  0x1671, 0x18A4, 0x1AB3, 0x1C96,
  0x1E44, 0x1FC5, 0x2105, 0x2212,  0x22DD, 0x2368, 0x23B3, 0x23B8,
  0x237B, 0x22FA, 0x2230, 0x212C,  0x1FD9, 0x1E52, 0x1C84, 0x1A7B,
  0x1842, 0x15C8, 0x1326, 0x1053,  0x0D5C, 0x0A40, 0x0708, 0x03BB,
  0x0057, 0xFCEF, 0xF97C, 0xF611,  0xF2A6, 0xEF50, 0xEC0B, 0xE8E2,
  0xE5DA, 0xE2F7, 0xE043, 0xDDBE,  0xDB73, 0xD95E, 0xD793, 0xD5FD,
  0xD4BC, 0xD3BC, 0xD30D, 0xD2AA,  0xD296, 0xD2D6, 0xD363, 0xD440,
  0xD572, 0xD6E6, 0xD8B7, 0xDABC,  0xDD1B, 0xDFAE, 0xE286, 0xE596,
  0xE8D7, 0xEC4D, 0xEFE6, 0xF3A7,  0xF77E, 0xFB74, 0xFF6D, 0x037B,
  0x077D, 0x0B84, 0x0F76, 0x1354,  0x171D, 0x1ABB, 0x1E37, 0x217E,
  0x2498, 0x276F, 0x2A09, 0x2C61,  0x2E6B, 0x302A, 0x3197, 0x32B2,
  0x3377, 0x33E2, 0x33F6, 0x33B3,  0x3313, 0x321C, 0x30D1, 0x2F2E,
  0x2D39, 0x2AF6, 0x2867, 0x2590,  0x2279, 0x1F21, 0x1B96, 0x17D4,
  0x13EC, 0x0FDB, 0x0BB1, 0x076E,  0x031B, 0xFEC4, 0xFA69, 0xF619,
  0xF1D7, 0xEDA9, 0xE99F, 0xE5B2,  0xE1F7, 0xDE6A, 0xDB19, 0xD803,
  0xD532, 0xD2A7, 0xD070, 0xCE81,  0xCCEB, 0xCBAC, 0xCAC2, 0xCA39,
  0xCA02, 0xCA35, 0xCAB5, 0xCB96,  0xCCD3, 0xCE5F, 0xD048, 0xD277,
  0xD4FE, 0xD7C5, 0xDAD2, 0xDE1D,  0xE1A2, 0xE554, 0xE937, 0xED3B,
  0xF15E, 0xF598, 0xF9DE, 0xFE2F,  0x027F, 0x06C6, 0x0B00, 0x0F24,
  0x1328, 0x170C, 0x1AC1, 0x1E48,  0x2195, 0x24AB, 0x2776, 0x2A04,
  0x2C42, 0x2E32, 0x2FD2, 0x311F,  0x3215, 0x32B3, 0x32FB, 0x32EB,
  0x3283, 0x31C6, 0x30B0, 0x2F53,  0x2D97, 0x2B9C, 0x2954, 0x26C6,
  0x2401, 0x20F6, 0x1DC6, 0x1A5B,  0x16D1, 0x1322, 0x0F58, 0x0B7F,
  0x078F, 0x03AA, 0xFFB4, 0xFBD4,  0xF7FC, 0xF43C, 0xF09A, 0xED14,
  0xE9C1, 0xE692, 0xE3A0, 0xE0DC,  0xDE60, 0xDC1A, 0xDA24, 0xD869,
  0xD704, 0xD5E0, 0xD514, 0xD48B,  0xD45B, 0xD46F, 0xD4DA, 0xD586,
  0xD687, 0xD7C8, 0xD950, 0xDB16,  0xDD1E, 0xDF5C, 0xE1CF, 0xE46E,
  0xE73F, 0xEA2B, 0xED3A, 0xF062,  0xF39D, 0xF6E1, 0xFA2F, 0xFD7B,
  0x00C1, 0x03FB, 0x0722, 0x0A35,  0x0D25, 0x0FF6, 0x129F, 0x151B,
  0x1769, 0x197F, 0x1B63, 0x1D07,  0x1E73, 0x1F99, 0x2089, 0x212E,
  0x2197, 0x21BC, 0x219D, 0x2144,  0x20A4, 0x1FCF, 0x1EB9, 0x1D6F,
  0x1BEE, 0x1A3D, 0x185F, 0x165A,  0x142B, 0x11E4, 0x0F7B, 0x0D05,
  0x0A75, 0x07E2, 0x0547, 0x02AB,  0x0013, 0xFD8A, 0xFB0E, 0xF8A2,
  0xF659, 0xF423, 0xF218, 0xF02D,  0xEE6B, 0xECDE, 0xEB73, 0xEA45,
  0xE945, 0xE87E, 0xE7E9, 0xE790,  0xE76A, 0xE77F, 0xE7C7, 0xE846,
  0xE8FA, 0xE9DC, 0xEAF1, 0xEC30,  0xED9B, 0xEF29, 0xF0DB, 0xF2AD,
  0xF493, 0xF699, 0xF8A3, 0xFAC4,  0xFCE8, 0xFF0D, 0x0136, 0x0350,
  0x0564, 0x0767, 0x0950, 0x0B2A,  0x0CDB, 0x0E76, 0x0FE1, 0x1132,
  0x124C, 0x133F, 0x1403, 0x1494,  0x14F5, 0x1520, 0x1519, 0x14E2,
  0x1471, 0x13D2, 0x1306, 0x1200,  0x10D8, 0x0F7E, 0x0E02, 0x0C5D,
  0x0A98, 0x08B9, 0x06BE, 0x04AD,  0x0291, 0x0065, 0xFE32, 0xFC02,
  0xF9CD, 0xF7AA, 0xF58B, 0xF380,  0xF18F, 0xEFB2, 0xEDFB, 0xEC62,
  0xEAF0, 0xE9AD, 0xE892, 0xE7AA,  0xE6F7, 0xE671, 0xE62E, 0xE615,
  0xE63F, 0xE69E, 0xE734, 0xE803,  0xE90B, 0xEA47, 0xEBB3, 0xED57,
  0xEF22, 0xF11E, 0xF33D, 0xF580,  0xF7E6, 0xFA62, 0xFCF5, 0xFF9B,
  0x024B, 0x0500, 0x07B9, 0x0A6C,  0x0D13, 0x0FB0, 0x122E, 0x14A1,
  0x16E3, 0x190F, 0x1B0C, 0x1CDC,  0x1E7A, 0x1FE5, 0x2116, 0x220B,
  0x22C1, 0x233B, 0x236B, 0x2364,  0x230B, 0x227A, 0x219C, 0x2085,
  0x1F21, 0x1D8C, 0x1BA9, 0x199D,  0x174A, 0x14D2, 0x121F, 0x0F4C,
  0x0C4B, 0x092D, 0x05F9, 0x02A5,  0xFF4B, 0xFBE7, 0xF87A, 0xF51B,
  0xF1B6, 0xEE78, 0xEB37, 0xE827,  0xE52C, 0xE263, 0xDFC2, 0xDD52,
  0xDB23, 0xD926, 0xD771, 0xD5FC,  0xD4D0, 0xD3F1, 0xD355, 0xD315,
  0xD317, 0xD373, 0xD416, 0xD511,  0xD652, 0xD7E6, 0xD9BF, 0xDBE3,
  0xDE4A, 0xE0EF, 0xE3D6, 0xE6EA,  0xEA3E, 0xEDAD, 0xF156, 0xF50E,
  0xF8EC, 0xFCD8, 0x00CF, 0x04D0,  0x08CC, 0x0CC1, 0x10A2, 0x1476,
  0x1821, 0x1BB1, 0x1F0D, 0x2245,  0x2538, 0x27FA, 0x2A73, 0x2CAE,
  0x2E94, 0x3038, 0x3181, 0x327F,  0x331E, 0x336D, 0x3362, 0x32FE,
  0x3240, 0x3132, 0x2FC6, 0x2E0D,  0x2C00, 0x29A7, 0x2708, 0x241A,
  0x20FD, 0x1D91, 0x1A02, 0x1638,  0x124B, 0x0E3C, 0x0A11, 0x05D3,
  0x018A, 0xFD3A, 0xF8EF, 0xF4AC,  0xF07D, 0xEC65, 0xE86F, 0xE49D,
  0xE0FA, 0xDD8E, 0xDA57, 0xD762,  0xD4B2, 0xD249, 0xD034, 0xCE64,
  0xCCF9, 0xCBD4, 0xCB15, 0xCAA6,  0xCA9D, 0xCAE1, 0xCB8C, 0xCC87,
  0xCDE2, 0xCF87, 0xD188, 0xD3D3,  0xD668, 0xD945, 0xDC5E, 0xDFBB,
  0xE343, 0xE703, 0xEAE5, 0xEEEE,  0xF30C, 0xF744, 0xFB83, 0xFFCA,
  0x0409, 0x0848, 0x0C68, 0x107E,  0x1467, 0x1835, 0x1BCC, 0x1F3C,
  0x2264, 0x255E, 0x280A, 0x2A73,  0x2C92, 0x2E5B, 0x2FDE, 0x3104,
  0x31D7, 0x3255, 0x327D, 0x3248,  0x31C6, 0x30E5, 0x2FBB, 0x2E3B,
  0x2C6B, 0x2A5B, 0x27FB, 0x255E,  0x2287, 0x1F75, 0x1C33, 0x18C8,
  0x1533, 0x118B, 0x0DB9, 0x09E7,  0x0604, 0x021C, 0xFE3E, 0xFA64,
  0xF6A1, 0xF2F4, 0xEF63, 0xEBFC,  0xE8BA, 0xE5AC, 0xE2CE, 0xE032,
  0xDDC9, 0xDBAD, 0xD9CD, 0xD837,  0xD6F1, 0xD5EF, 0xD53D, 0xD4DB,
  0xD4C2, 0xD4F9, 0xD57C, 0xD646,  0xD761, 0xD8B5, 0xDA57, 0xDC31,
  0xDE49, 0xE097, 0xE317, 0xE5C2,  0xE89C, 0xEB88, 0xEEA4, 0xF1C5,
  0xF502, 0xF840, 0xFB89, 0xFECC,  0x0205, 0x0533, 0x084C, 0x0B4A,
  0x0E29, 0x10E5, 0x137A, 0x15DA,  0x1812, 0x1A0E, 0x1BD7, 0x1D61,
  0x1EB0, 0x1FBF, 0x208E, 0x211C,  0x2168, 0x2173, 0x213E, 0x20C8,
  0x2017, 0x1F26, 0x1E00, 0x1CA2,  0x1B10, 0x1952, 0x1766, 0x1553,
  0x1320, 0x10CF, 0x0E63, 0x0BE9,  0x0959, 0x06CB, 0x042E, 0x019C,
  0xFF0C, 0xFC8C, 0xFA18, 0xF7C2,  0xF57E, 0xF363, 0xF15E, 0xEF8E,
  0xEDE0, 0xEC5F, 0xEB14, 0xE9F5,  0xE90F, 0xE85B, 0xE7DD, 0xE79C,
  0xE789, 0xE7B4, 0xE811, 0xE8A3,  0xE969, 0xEA5C, 0xEB83, 0xECCE,
  0xEE47, 0xEFE1, 0xF19C, 0xF376,  0xF565, 0xF769, 0xF97D, 0xFB9A,
  0xFDBE, 0xFFE2, 0x0202, 0x041B,  0x0623, 0x081C, 0x09FF, 0x0BC6,
  0x0D6E, 0x0EF5, 0x1058, 0x1191,  0x129B, 0x137F, 0x142E, 0x14AD,
  0x14FB, 0x1513, 0x14FD, 0x14AD,  0x1430, 0x1381, 0x129F, 0x118F,
  0x1059, 0x0EF0, 0x0D6B, 0x0BB8,  0x09F1, 0x0806, 0x0607, 0x03F5,
  0x01D4, 0xFFA8, 0xFD79, 0xFB4A,  0xF91E, 0xF6FC, 0xF4E8, 0xF2E9,
  0xF0FF, 0xEF33, 0xED86, 0xEBFE,  0xEA9D, 0xE969, 0xE85E, 0xE78E,
  0xE6E5, 0xE67D, 0xE640, 0xE644,  0xE67E, 0xE6EC, 0xE796, 0xE878,
  0xE98E, 0xEAD8, 0xEC56, 0xEE02,  0xEFDF, 0xF1DD, 0xF40B, 0xF653,
  0xF8BC, 0xFB3D, 0xFDD1, 0x007A,  0x0320, 0x05D9, 0x0887, 0x0B34,
  0x0DD3, 0x105E, 0x12DB, 0x1531,  0x1770, 0x1985, 0x1B6E, 0x1D2E,
  0x1EB4, 0x200F, 0x2124, 0x2207,  0x22A6, 0x2307, 0x2325, 0x2300,
  0x229A, 0x21EC, 0x2101, 0x1FCF,  0x1E60, 0x1CB2, 0x1AC8, 0x18A5,
  0x164D, 0x13C6, 0x110D, 0x0E30,  0x0B2C, 0x080F, 0x04D1, 0x018A,
  0xFE2C, 0xFAD1, 0xF76D, 0xF413,  0xF0C7, 0xED86, 0xEA64, 0xE75E,
  0xE47C, 0xE1C4, 0xDF39, 0xDCE9,  0xDACA, 0xD8EC, 0xD750, 0xD5F6,
  0xD4E9, 0xD41E, 0xD3A9, 0xD37B,  0xD39C, 0xD411, 0xD4CE, 0xD5E2,
  0xD73B, 0xD8E1, 0xDAD3, 0xDD05,  0xDF80, 0xE232, 0xE525, 0xE844,
  0xEB9F, 0xEF15, 0xF2BE, 0xF67A,  0xFA52, 0xFE3C, 0x022B, 0x0624,
  0x0A10, 0x0DF7, 0x11CE, 0x1586,  0x1922, 0x1C95, 0x1FE2, 0x22F3,
  0x25D6, 0x2872, 0x2AD4, 0x2CEA,  0x2EB4, 0x3038, 0x315F, 0x323B,
  0x32C0, 0x32EA, 0x32C5, 0x323A,  0x316E, 0x3035, 0x2EB9, 0x2CE3,
  0x2AC3, 0x2854, 0x25A2, 0x22A9,  0x1F75, 0x1C0A, 0x186A, 0x149E,
  0x10B2, 0x0C9B, 0x087A, 0x043F,  0xFFFD, 0xFBBD, 0xF779, 0xF34E,
  0xEF2B, 0xEB2E, 0xE74A, 0xE395,  0xE00E, 0xDCBB, 0xD9A5, 0xD6D0,
  0xD441, 0xD1F8, 0xD004, 0xCE5C,  0xCD0E, 0xCC0E, 0xCB71, 0xCB27,
  0xCB37, 0xCBA4, 0xCC68, 0xCD83,  0xCEF7, 0xD0B8, 0xD2D2, 0xD530,
  0xD7D7, 0xDAC9, 0xDDEE, 0xE155,  0xE4E9, 0xE8AB, 0xEC95, 0xF098,
  0xF4BA, 0xF8E7, 0xFD22, 0x0158,  0x0592, 0x09B6, 0x0DCF, 0x11C4,
  0x159F, 0x194C, 0x1CCF, 0x201B,  0x232C, 0x2600, 0x288E, 0x2AD5,
  0x2CD0, 0x2E7C, 0x2FD7, 0x30DB,  0x3190, 0x31E8, 0x31F1, 0x319C,
  0x30FA, 0x3004, 0x2EB2, 0x2D21,  0x2B39, 0x2910, 0x269F, 0x23F3,
  0x210B, 0x1DF0, 0x1AA2, 0x1735,  0x139B, 0x0FEF, 0x0C25, 0x0856,
  0x0478, 0x009E, 0xFCC9, 0xF903,  0xF54E, 0xF1B4, 0xEE3E, 0xEAE9,
  0xE7C4, 0xE4CF, 0xE20F, 0xDF8F,  0xDD46, 0xDB47, 0xD988, 0xD812,
  0xD6EC, 0xD607, 0xD578, 0xD533,  0xD536, 0xD58E, 0xD627, 0xD714,
  0xD83B, 0xD9B1, 0xDB62, 0xDD50,  0xDF7C, 0xE1D1, 0xE467, 0xE714,
  0xE9F6, 0xECED, 0xF004, 0xF328,  0xF663, 0xF99A, 0xFCE0, 0x0011,
  0x0345, 0x0665, 0x0967, 0x0C5C,  0x0F20, 0x11CD, 0x1443, 0x1694,
  0x18AD, 0x1A93, 0x1C3E, 0x1DB1,  0x1EE1, 0x1FD8, 0x2088, 0x2100,
  0x212F, 0x2121, 0x20D3, 0x2047,  0x1F7C, 0x1E7B, 0x1D3F, 0x1BCE,
  0x1A31, 0x185E, 0x166B, 0x144A,  0x1217, 0x0FB4, 0x0D4F, 0x0ACC,
  0x0842, 0x05B3, 0x031A, 0x0093,  0xFE09, 0xFB92, 0xF92E, 0xF6E1,
  0xF4B4, 0xF29D, 0xF0BA, 0xEEF1,  0xED5B, 0xEBF1, 0xEAB9, 0xE9AF,
  0xE8E1, 0xE841, 0xE7DD, 0xE7AD,  0xE7B2, 0xE7F1, 0xE863, 0xE905,
  0xE9DF, 0xEAE4, 0xEC16, 0xED74,  0xEEF5, 0xF09E, 0xF25E, 0xF443,
  0xF633, 0xF83F, 0xFA53, 0xFC6F,  0xFE95, 0x00B0, 0x02D1, 0x04DB,
  0x06E2, 0x08CD, 0x0AA6, 0x0C5E,  0x0DF9, 0x0F73, 0x10C3, 0x11E8,
  0x12EB, 0x13B2, 0x1454, 0x14BD,  0x14FC, 0x14FF, 0x14D9, 0x1473,
  0x13ED, 0x1323, 0x1238, 0x111B,  0x0FD1, 0x0E64, 0x0CCA, 0x0B1B,
  0x093F, 0x0757, 0x054D, 0x033E,  0x0116, 0xFEF1, 0xFCBE, 0xFA98,
  0xF86D, 0xF657, 0xF448, 0xF256,  0xF075, 0xEEB9, 0xED18, 0xEB9E,
  0xEA52, 0xE928, 0xE838, 0xE76F,  0xE6E4, 0xE683, 0xE665, 0xE673,
  0xE6C0, 0xE745, 0xE7FD, 0xE8F0,  0xEA15, 0xEB6E, 0xECFC, 0xEEB3,
  0xF096, 0xF2A6, 0xF4D6, 0xF725,  0xF994, 0xFC17, 0xFEAC, 0x014F,
  0x03FC, 0x06A7, 0x0956, 0x0BF3,  0x0E8C, 0x110F, 0x1374, 0x15C8,
  0x17EC, 0x19F6, 0x1BCA, 0x1D75,  0x1EEC, 0x2029, 0x212F, 0x21FA,
  0x2281, 0x22CF, 0x22D3, 0x229B,  0x221C, 0x215E, 0x205B, 0x1F19,
  0x1D95, 0x1BDA, 0x19DE, 0x17B0,  0x154C, 0x12B9, 0x0FF9, 0x0D18,
  0x0A10, 0x06ED, 0x03B4, 0x006C,  0xFD17, 0xF9BE, 0xF667, 0xF316,
  0xEFD7, 0xECA4, 0xE997, 0xE6A0,  0xE3D2, 0xE131, 0xDEBE, 0xDC84,
  0xDA7E, 0xD8BD, 0xD73A, 0xD5FB,  0xD508, 0xD45C, 0xD400, 0xD3EC,
  0xD42C, 0xD4B5, 0xD591, 0xD6B6,  0xD82B, 0xD9E3, 0xDBEB, 0xDE2A,
  0xE0BB, 0xE374, 0xE676, 0xE9A0,  0xECFB, 0xF07F, 0xF421, 0xF7E2,
  0xFBB3, 0xFF9B, 0x037F, 0x076E,  0x0B4E, 0x0F29, 0x12E6, 0x1691,
  0x1A13, 0x1D76, 0x20A2, 0x239B,  0x2663, 0x28E0, 0x2B26, 0x2D19,
  0x2ECB, 0x3025, 0x3133, 0x31EF,  0x3251, 0x3261, 0x3215, 0x317A,
  0x3084, 0x2F39, 0x2DA5, 0x2BB0,  0x2983, 0x26FA, 0x243B, 0x2133,
  0x1DF2, 0x1A7C, 0x16D8, 0x1307,  0x0F16, 0x0B07, 0x06E3, 0x02B4,
  0xFE79, 0xFA45, 0xF611, 0xF1F7,  0xEDE7, 0xEA01, 0xE631, 0xE29E,
  0xDF29, 0xDBFB, 0xD900, 0xD64C,  0xD3DA, 0xD1BA, 0xCFE2, 0xCE61,
  0xCD2E, 0xCC5B, 0xCBD6, 0xCBB4,  0xCBDF, 0xCC6F, 0xCD51, 0xCE85,
  0xD016, 0xD1F2, 0xD41C, 0xD694,  0xD94D, 0xDC4D, 0xDF7E, 0xE2F2,
  0xE68A, 0xEA57, 0xEE3B, 0xF245,  0xF65C, 0xFA88, 0xFEB4, 0x02E5,
  0x070A, 0x0B20, 0x0F24, 0x1303,  0x16C7, 0x1A5A, 0x1DC0, 0x20EF,
  0x23E2, 0x2696, 0x2902, 0x2B2A,  0x2D01, 0x2E8B, 0x2FC3, 0x30A6,
  0x313A, 0x316E, 0x315C, 0x30E2,  0x302A, 0x2F0B, 0x2DAE, 0x2BFB,
  0x2A00, 0x27C0, 0x2540, 0x2283,  0x1F8F, 0x1C66, 0x1919, 0x159C,
  0x120A, 0x0E54, 0x0A9A, 0x06C5,  0x02F7, 0xFF26, 0xFB5F, 0xF7A9,
  0xF405, 0xF085, 0xED1D, 0xE9E7,  0xE6D9, 0xE400, 0xE15E, 0xDEF8,
  0xDCD2, 0xDAEE, 0xD950, 0xD7FB,  0xD6F1, 0xD631, 0xD5BC, 0xD596,
  0xD5B7, 0xD62B, 0xD6E1, 0xD7E0,  0xD929, 0xDAAD, 0xDC76, 0xDE74,
  0xE0AF, 0xE316, 0xE5B2, 0xE868,  0xEB55, 0xEE4B, 0xF164, 0xF48B,
  0xF7BC, 0xFAF3, 0xFE29, 0x0159,  0x0479, 0x078C, 0x0A7F, 0x0D5E,
  0x1013, 0x12A3, 0x1508, 0x173F,  0x193F, 0x1B09, 0x1C9E, 0x1DF0,
  0x1F0B, 0x1FE2, 0x207D, 0x20D3,  0x20EF, 0x20C3, 0x2062, 0x1FBA,
  0x1EDE, 0x1DC5, 0x1C78, 0x1AF8,  0x1947, 0x176D, 0x1568, 0x1346,
  0x1101, 0x0EA3, 0x0C37, 0x09B1,  0x072D, 0x049C, 0x0210, 0xFF89,
  0xFD0B, 0xFAA0, 0xF84B, 0xF609,  0xF3E8, 0xF1EF, 0xF00F, 0xEE67,
  0xECD9, 0xEB91, 0xEA60, 0xE979,  0xE8B7, 0xE835, 0xE7E0, 0xE7C9,
  0xE7E3, 0xE835, 0xE8BB, 0xE96F,  0xEA5D, 0xEB6C, 0xECB3, 0xEE1B,
  0xEFA9, 0xF15B, 0xF325, 0xF50D,  0xF707, 0xF912, 0xFB29, 0xFD44,
  0xFF66, 0x0180, 0x0397, 0x059E,  0x0798, 0x097B, 0x0B44, 0x0CF4,
  0x0E7E, 0x0FE8, 0x1126, 0x1240,  0x132A, 0x13E2, 0x1473, 0x14C9,
  0x14F3, 0x14E7, 0x14A9, 0x143D,  0x1398, 0x12C8, 0x11CC, 0x109F,
  0x0F48, 0x0DD1, 0x0C2E, 0x0A72,  0x0894, 0x06A0, 0x049B, 0x0280,
  0x005F, 0xFE37, 0xFC0A, 0xF9E3,  0xF7C5, 0xF5B0, 0xF3B2, 0xF1C3,
  0xEFF4, 0xEE40, 0xECB2, 0xEB48,  0xEA06, 0xE8F6, 0xE80E, 0xE762,
  0xE6DE, 0xE69B, 0xE686, 0xE6AC,  0xE70B, 0xE79F, 0xE86A, 0xE96B,
  0xEAA2, 0xEC0A, 0xEDA1, 0xEF65,  0xF156, 0xF36B, 0xF5A2, 0xF7F8,
  0xFA6C, 0xFCEC, 0xFF88, 0x0223,  0x04D1, 0x0776, 0x0A18, 0x0CB5,
  0x0F3F, 0x11B2, 0x1413, 0x164C,  0x186A, 0x1A5A, 0x1C20, 0x1DB7,
  0x1F14, 0x2043, 0x212F, 0x21E5,  0x2256, 0x228C, 0x227C, 0x222F,
  0x2198, 0x20CB, 0x1FAD, 0x1E5F,  0x1CC9, 0x1AF9, 0x18F7, 0x16B5,
  0x144B, 0x11AB, 0x0EE9, 0x0BFD,  0x08F5, 0x05CF, 0x029D, 0xFF50,
  0xFC08, 0xF8B0, 0xF568, 0xF220,  0xEEEC, 0xEBD2, 0xE8CC, 0xE5ED,
  0xE332, 0xE0A9, 0xDE4D, 0xDC27,  0xDA41, 0xD895, 0xD72E, 0xD60D,
  0xD530, 0xD4A5, 0xD45D, 0xD46B,  0xD4C0, 0xD565, 0xD657, 0xD795,
  0xD91E, 0xDAEC, 0xDD02, 0xDF5B,  0xE1EE, 0xE4C0, 0xE7C5, 0xEAF7,
  0xEE5D, 0xF1DE, 0xF587, 0xF940,  0xFD16, 0x00EC, 0x04D2, 0x08AD,
  0x0C86, 0x104B, 0x13F9, 0x1790,  0x1AFD, 0x1E44, 0x2158, 0x243A,
  0x26E0, 0x2943, 0x2B69, 0x2D40,  0x2ECE, 0x300B, 0x30FE, 0x3191,
  0x31DC, 0x31C5, 0x3168, 0x30A4,  0x2F9B, 0x2E34, 0x2C82, 0x2A84,
  0x2832, 0x25A7, 0x22CB, 0x1FBC,  0x1C70, 0x18F1, 0x1545, 0x1172,
  0x0D82, 0x0972, 0x055A, 0x012A,  0xFD01, 0xF8D3, 0xF4B8, 0xF0A3,
  0xECB6, 0xE8D9, 0xE52F, 0xE1A8,  0xDE5B, 0xDB44, 0xD86B, 0xD5D4,
  0xD387, 0xD185, 0xCFD1, 0xCE6F,  0xCD64, 0xCCAD, 0xCC4C, 0xCC48,
  0xCC99, 0xCD40, 0xCE43, 0xCF90,  0xD140, 0xD32D, 0xD571, 0xD7FB,
  0xDAC6, 0xDDCF, 0xE117, 0xE489,  0xE82F, 0xEBF8, 0xEFE4, 0xF3E7,
  0xF7FF, 0xFC1C, 0x0042, 0x0466,  0x0877, 0x0C83, 0x106A, 0x1438,
  0x17E3, 0x1B57, 0x1EA8, 0x21B1,  0x248D, 0x2719, 0x296D, 0x2B6C,
  0x2D25, 0x2E8C, 0x2FA0, 0x3068,  0x30D1, 0x30EE, 0x30B5, 0x3024,
  0x2F48, 0x2E14, 0x2C9B, 0x2ACF,  0x28BF, 0x2670, 0x23DA, 0x2111,
  0x1E0F, 0x1AE2, 0x1789, 0x140C,  0x1074, 0x0CC9, 0x0907, 0x0544,
  0x0179, 0xFDB9, 0xF9FB, 0xF65B,  0xF2C8, 0xEF5B, 0xEC0F, 0xE8EE,
  0xE5FC, 0xE33D, 0xE0BA, 0xDE6F,  0xDC6B, 0xDAA2, 0xD927, 0xD7F1,
  0xD703, 0xD665, 0xD60D, 0xD603,  0xD647, 0xD6CF, 0xD7A1, 0xD8BD,
  0xDA14, 0xDBB8, 0xDD88, 0xDFA3,  0xE1E5, 0xE459, 0xE6FF, 0xE9C3,
  0xECAC, 0xEFAB, 0xF2C2, 0xF5E6,  0xF915, 0xFC43, 0xFF70, 0x0296,
  0x05A6, 0x08AA, 0x0B90, 0x0E55,  0x10F9, 0x1372, 0x15C2, 0x17DD,
  0x19C4, 0x1B79, 0x1CEB, 0x1E2C,  0x1F22, 0x1FE9, 0x205E, 0x20A5,
  0x209F, 0x2060, 0x1FE6, 0x1F26,  0x1E37, 0x1D0B, 0x1BA9, 0x1A1E,
  0x1857, 0x167A, 0x1464, 0x123C,  0x0FEF, 0x0D90, 0x0B1F, 0x089B,
  0x0618, 0x038D, 0x0104, 0xFE88,  0xFC13, 0xF9B6, 0xF768, 0xF53B,
  0xF32B, 0xF13D, 0xEF79, 0xEDD8,  0xEC70, 0xEB28, 0xEA20, 0xE942,
  0xE89D, 0xE82B, 0xE7EF, 0xE7EE,  0xE81B, 0xE87F, 0xE91B, 0xE9E1,
  0xEADC, 0xEC00, 0xED50, 0xEEC8,  0xF05F, 0xF21C, 0xF3EC, 0xF5DC,
  0xF7D7, 0xF9E8, 0xFBFB, 0xFE1A,  0x0034, 0x024C, 0x045B, 0x065B,
  0x084B, 0x0A21, 0x0BE1, 0x0D81,  0x0EFC, 0x1057, 0x1186, 0x128C,
  0x1364, 0x140E, 0x1488, 0x14CF,  0x14E2, 0x14C9, 0x1479, 0x13F5,
  0x1348, 0x1266, 0x1158, 0x101F,  0x0EBF, 0x0D39, 0x0B8F, 0x09C7,
  0x07E8, 0x05EB, 0x03E4, 0x01C8,  0xFFA5, 0xFD82, 0xFB53, 0xF93A,
  0xF71A, 0xF513, 0xF319, 0xF13B,  0xEF75, 0xEDD2, 0xEC4E, 0xEAF6,
  0xE9C5, 0xE8C7, 0xE7EE, 0xE756,  0xE6E5, 0xE6B4, 0xE6B0, 0xE6EA,
  0xE75B, 0xE7FE, 0xE8DC, 0xE9ED,  0xEB31, 0xECA8, 0xEE49, 0xF01D,
  0xF214, 0xF430, 0xF671, 0xF8CC,  0xFB3D, 0xFDC7, 0x005A, 0x02FC,
  0x059C, 0x083F, 0x0ADF, 0x0D69,  0x0FEE, 0x1252, 0x14A5, 0x16D1,
  0x18D9, 0x1ABC, 0x1C6B, 0x1DF0,  0x1F39, 0x2051, 0x2129, 0x21C5,
  0x2227, 0x223F, 0x2222, 0x21B6,  0x2116, 0x2027, 0x1F05, 0x1D9B,
  0x1BF7, 0x1A1C, 0x1806, 0x15BD,  0x1346, 0x10A1, 0x0DD5, 0x0AE5,
  0x07DD, 0x04B8, 0x0183, 0xFE3E,  0xFAF9, 0xF7AD, 0xF46D, 0xF130,
  0xEE11, 0xEAFE, 0xE80E, 0xE542,  0xE2A0, 0xE026, 0xDDE7, 0xDBD7,
  0xDA0D, 0xD876, 0xD72F, 0xD625,  0xD567, 0xD4F2, 0xD4C9, 0xD4EE,
  0xD55E, 0xD61B, 0xD726, 0xD878,  0xDA17, 0xDBF9, 0xDE21, 0xE088,
  0xE32A, 0xE607, 0xE914, 0xEC53,  0xEFB6, 0xF341, 0xF6E2, 0xFAA1,
  0xFE6A, 0x023F, 0x0616, 0x09EA,  0x0DB0, 0x1165, 0x1505, 0x1882,
  0x1BD8, 0x1F09, 0x2204, 0x24C9,  0x2752, 0x299A, 0x2B9F, 0x2D57,
  0x2EC9, 0x2FE6, 0x30B5, 0x312F,  0x3156, 0x3129, 0x30A6, 0x2FCC,
  0x2EA7, 0x2D26, 0x2B61, 0x2945,  0x26EC, 0x2443, 0x2163, 0x1E3F,
  0x1AF0, 0x1764, 0x13B6, 0x0FE3,  0x0BEF, 0x07E7, 0x03D1, 0xFFAC,
  0xFB8E, 0xF771, 0xF35E, 0xEF69,  0xEB82, 0xE7C9, 0xE42F, 0xE0C8,
  0xDD97, 0xDA9B, 0xD7E4, 0xD56B,  0xD342, 0xD15D, 0xCFCD, 0xCE8E,
  0xCDA3, 0xCD0C, 0xCCD0, 0xCCEA,  0xCD57, 0xCE1F, 0xCF3C, 0xD0A9,
  0xD268, 0xD473, 0xD6CC, 0xD964,  0xDC40, 0xDF5A, 0xE2A5, 0xE629,
  0xE9CB, 0xED9E, 0xF182, 0xF58A,  0xF992, 0xFDB2, 0x01C4, 0x05DC,
  0x09DF, 0x0DD5, 0x11A7, 0x1563,  0x18EA, 0x1C50, 0x1F7A, 0x226B,
  0x2526, 0x2791, 0x29C6, 0x2BA2,  0x2D39, 0x2E80, 0x2F74, 0x3014,
  0x3063, 0x3060, 0x3001, 0x2F5E,  0x2E5B, 0x2D17, 0x2B7C, 0x299E,
  0x277D, 0x2515, 0x2275, 0x1F9B,  0x1C92, 0x195A, 0x15FB, 0x127F,
  0x0EE6, 0x0B3A, 0x0783, 0x03C3,  0x0009, 0xFC4B, 0xF8AC, 0xF50E,
  0xF19A, 0xEE3E, 0xEB09, 0xE805,  0xE528, 0xE28C, 0xE020, 0xDDF7,
  0xDC0C, 0xDA6A, 0xD906, 0xD7F6,  0xD722, 0xD6A5, 0xD669, 0xD67F,
  0xD6DA, 0xD781, 0xD86B, 0xD99F,  0xDB0C, 0xDCC0, 0xDEAB, 0xE0CB,
  0xE322, 0xE5A1, 0xE84E, 0xEB19,  0xEE04, 0xF109, 0xF41F, 0xF73C,
  0xFA67, 0xFD8F, 0x00B1, 0x03CA,  0x06CD, 0x09C0, 0x0C93, 0x0F45,
  0x11D6, 0x1436, 0x166F, 0x186F,  0x1A43, 0x1BD5, 0x1D37, 0x1E50,
  0x1F3C, 0x1FD6, 0x2041, 0x2066,  0x2047, 0x1FF6, 0x1F5B, 0x1E91,
  0x1D86, 0x1C4A, 0x1AD6, 0x193B,  0x176B, 0x157D, 0x1360, 0x112F,
  0x0EE1, 0x0C79, 0x0A09, 0x0789,  0x0503, 0x0284, 0xFFFB, 0xFD8D,
  0xFB22, 0xF8CD, 0xF692, 0xF474,  0xF271, 0xF099, 0xEEE4, 0xED5E,
  0xEBFF, 0xEAD9, 0xE9DB, 0xE91D,  0xE883, 0xE832, 0xE804, 0xE818,
  0xE85B, 0xE8D4, 0xE980, 0xEA57,  0xEB63, 0xEC97, 0xEDF4, 0xEF78,
  0xF117, 0xF2DF, 0xF4B5, 0xF6AB,  0xF8AA, 0xFABA, 0xFCD0, 0xFEEA,
  0x0102, 0x0313, 0x051D, 0x0714,  0x08F7, 0x0AC6, 0x0C76, 0x0E06,
  0x0F77, 0x10BF, 0x11DD, 0x12D3,  0x1398, 0x1431, 0x1498, 0x14C8,
  0x14D6, 0x149B, 0x1444, 0x13AD,  0x12EE, 0x1200, 0x10DE, 0x0FA0,
  0x0E30, 0x0C9D, 0x0AEF, 0x091C,  0x0739, 0x0538, 0x032B, 0x0111,
  0xFEEF, 0xFCCA, 0xFAA8, 0xF888,  0xF67C, 0xF472, 0xF28F, 0xF0AF,
  0xEF01, 0xED64, 0xEBF4, 0xEAAA,  0xE98B, 0xE89A, 0xE7DA, 0xE74E,
  0xE6F2, 0xE6D2, 0xE6E3, 0xE72E,  0xE7AD, 0xE866, 0xE950, 0xEA75,
  0xEBC3, 0xED46, 0xEEFC, 0xF0CF,  0xF2D6, 0xF4F7, 0xF741, 0xF999,
  0xFC16, 0xFE99, 0x012F, 0x03CB,  0x0668, 0x0907, 0x0B98, 0x0E1F,
  0x1092, 0x12F2, 0x152A, 0x1751,  0x1941, 0x1B16, 0x1CAE, 0x1E23,
  0x1F53, 0x205A, 0x2118, 0x21A3,  0x21E9, 0x21F4, 0x21B7, 0x2142,
  0x2082, 0x1F8B, 0x1E4D, 0x1CD8,  0x1B22, 0x193A, 0x1715, 0x14C2,
  0x1243, 0x0F92, 0x0CC5, 0x09D1,  0x06C5, 0x03A3, 0x006C, 0xFD35,
  0xF9ED, 0xF6B2, 0xF375, 0xF04E,  0xED36, 0xEA37, 0xE75B, 0xE4A1,
  0xE212, 0xDFB2, 0xDD88, 0xDB96,  0xD9DB, 0xD86A, 0xD736, 0xD647,
  0xD5A8, 0xD548, 0xD53F, 0xD578,  0xD604, 0xD6DA, 0xD7F8, 0xD965,
  0xDB12, 0xDD0D, 0xDF40, 0xE1B8,  0xE469, 0xE74D, 0xEA68, 0xEDA7,
  0xF111, 0xF49D, 0xF83D, 0xFBF9,  0xFFBB, 0x0389, 0x0756, 0x0B1A,
  0x0ED2, 0x1278, 0x1602, 0x1969,  0x1CAC, 0x1FC2, 0x229F, 0x254E,
  0x27B8, 0x29E4, 0x2BC8, 0x2D64,  0x2EB5, 0x2FB6, 0x3060, 0x30C4,
  0x30C6, 0x307F, 0x2FDD, 0x2EEE,  0x2DA7, 0x2C16, 0x2A34, 0x280A,
  0x2599, 0x22E2, 0x1FF5, 0x1CC7,  0x196A, 0x15DE, 0x1227, 0x0E58,
  0x0A60, 0x0664, 0x024C, 0xFE3A,  0xFA23, 0xF612, 0xF21A, 0xEE2D,
  0xEA66, 0xE6BD, 0xE340, 0xDFF6,  0xDCDD, 0xDA04, 0xD767, 0xD515,
  0xD306, 0xD144, 0xCFDB, 0xCEB6,  0xCDEF, 0xCD7B, 0xCD5D, 0xCD94,
  0xCE25, 0xCF05, 0xD041, 0xD1C1,  0xD3A1, 0xD5BA, 0xD82B, 0xDAD0,
  0xDDBF, 0xE0E4, 0xE436, 0xE7C2,  0xEB69, 0xEF3E, 0xF31E, 0xF723,
  0xFB24, 0xFF3A, 0x0340, 0x0749,  0x0B3B, 0x0F1B, 0x12DC, 0x167B,
  0x19EC, 0x1D36, 0x203E, 0x231B,  0x25AB, 0x2801, 0x2A0C, 0x2BCA,
  0x2D44, 0x2E62, 0x2F39, 0x2FB8,  0x2FE8, 0x2FC2, 0x2F4A, 0x2E86,
  0x2D6C, 0x2C0C, 0x2A58, 0x286C,  0x262D, 0x23BC, 0x210A, 0x1E27,
  0x1B11, 0x17D2, 0x1474, 0x10F0,  0x0D5C, 0x09B2, 0x0603, 0x024D,
  0xFE99, 0xFAF1, 0xF75B, 0xF3D4,  0xF073, 0xED2D, 0xEA11, 0xE725,
  0xE466, 0xE1E3, 0xDF95, 0xDD8C,  0xDBBD, 0xDA3B, 0xD8F6, 0xD804,
  0xD74F, 0xD6EF, 0xD6D4, 0xD703,  0xD77C, 0xD83A, 0xD943, 0xDA84,
  0xDC13, 0xDDD1, 0xDFD2, 0xE201,  0xE463, 0xE6F0, 0xE9A3, 0xEC75,
  0xEF66, 0xF269, 0xF57B, 0xF89D,  0xFBBB, 0xFEDE, 0x01F2, 0x0500,
  0x07F7, 0x0AD3, 0x0D99, 0x1034,  0x12AF, 0x14FA, 0x1717, 0x1904,
  0x1AB6, 0x1C35, 0x1D73, 0x1E7E,  0x1F3E, 0x1FCC, 0x2015, 0x201C,
  0x1FEF, 0x1F78, 0x1ED0, 0x1DEB,  0x1CCA, 0x1B7F, 0x19F6, 0x184B,
  0x1670, 0x146F, 0x1252, 0x1011,  0x0DC0, 0x0B53, 0x08E4, 0x0661,
  0x03E1, 0x0161, 0xFEE7, 0xFC7B,  0xFA1C, 0xF7D4, 0xF5A9, 0xF394,
  0xF1A7, 0xEFE1, 0xEE3C, 0xECCC,  0xEB85, 0xEA6D, 0xE98D, 0xE8DE,
  0xE861, 0xE821, 0xE80D, 0xE834,  0xE88F, 0xE91B, 0xE9D7, 0xEAC9,
  0xEBDF, 0xED29, 0xEE8F, 0xF025,  0xF1D0, 0xF3A0, 0xF581, 0xF77D,
  0xF980, 0xFB97, 0xFDAB, 0xFFC7,  0x01DE, 0x03EB, 0x05F0, 0x07DE,
  0x09BC, 0x0B82, 0x0D20, 0x0EB2,  0x1005, 0x114B, 0x1254, 0x133D,
  0x13F0, 0x1478, 0x14CD, 0x14F2,  0x14E5, 0x14A0, 0x1435, 0x138E,
  0x12C1, 0x11BF, 0x1097, 0x0F42,  0x0DCA, 0x0C2D, 0x0A73, 0x0898,
  0x06AC, 0x04A6, 0x0295, 0x0077,  0xFE55, 0xFC2C, 0xFA0F, 0xF7F1,
  0xF5E5, 0xF3EA, 0xF201, 0xF037,  0xEE86, 0xECFB, 0xEB92, 0xEA56,
  0xE945, 0xE85D, 0xE7B4, 0xE728,  0xE6E9, 0xE6CE, 0xE6F0, 0xE74D,
  0xE7D4, 0xE8A0, 0xE994, 0xEAC3,  0xEC23, 0xEDAD, 0xEF68, 0xF14E,
  0xF350, 0xF583, 0xF7C6, 0xFA2B,  0xFCA5, 0xFF26, 0x01C1, 0x0456,
  0x06F1, 0x098A, 0x0C12, 0x0E96,  0x10FA, 0x1352, 0x1580, 0x1796,
  0x197D, 0x1B3E, 0x1CCE, 0x1E2B,  0x1F53, 0x2043, 0x20F5, 0x216D,
  0x21A4, 0x219D, 0x2154, 0x20CB,  0x2002, 0x1EF8, 0x1DB4, 0x1C2E,
  0x1A72, 0x187D, 0x1655, 0x13FB,  0x1174, 0x0EC8, 0x0BF4, 0x0903,
  0x05FB, 0x02D9, 0xFFB0, 0xFC77,  0xF942, 0xF60B, 0xF2E1, 0xEFC3,
  0xECBD, 0xE9D2, 0xE700, 0xE464,  0xE1E1, 0xDF9C, 0xDD83, 0xDBA8,
  0xDA07, 0xD8AB, 0xD789, 0xD6B9,  0xD627, 0xD5E5, 0xD5E8, 0xD63F,
  0xD6D3, 0xD7C3, 0xD8EC, 0xDA6B,  0xDC22, 0xDE2A, 0xE066, 0xE2E6,
  0xE59B, 0xE883, 0xEB9C, 0xEEDD,  0xF244, 0xF5C6, 0xF963, 0xFD0F,
  0x00CA, 0x0484, 0x0845, 0x0BF3,  0x0F99, 0x1327, 0x1698, 0x19EA,
  0x1D0E, 0x2009, 0x22CE, 0x2559,  0x27A9, 0x29B6, 0x2B7D, 0x2CF9,
  0x2E2D, 0x2F0E, 0x2FA4, 0x2FDE,  0x2FD4, 0x2F6A, 0x2EB7, 0x2DAB,
  0x2C58, 0x2AAF, 0x28C2, 0x2686,  0x240F, 0x214F, 0x1E59, 0x1B2B,
  0x17CC, 0x1442, 0x1094, 0x0CC5,  0x08E1, 0x04E9, 0x00E9, 0xFCE2,
  0xF8E3, 0xF4EB, 0xF108, 0xED37,  0xE98F, 0xE601, 0xE2AA, 0xDF79,
  0xDC8A, 0xD9CD, 0xD75A, 0xD529,  0xD33F, 0xD1A3, 0xD057, 0xCF5D,
  0xCEB5, 0xCE62, 0xCE64, 0xCEBC,  0xCF65, 0xD065, 0xD1B3, 0xD355,
  0xD53B, 0xD770, 0xD9EA, 0xDC9F,  0xDF93, 0xE2C1, 0xE615, 0xE9A1,
  0xED46, 0xF110, 0xF4F0, 0xF8DF,  0xFCD7, 0x00D9, 0x04CA, 0x08BD,
  0x0C94, 0x1059, 0x13FB, 0x177A,  0x1ACB, 0x1DEC, 0x20DA, 0x2385,
  0x25F8, 0x2824, 0x2A06, 0x2BA2,  0x2CED, 0x2DEC, 0x2E9B, 0x2EF2,
  0x2F04, 0x2EB6, 0x2E26, 0x2D37,  0x2C0E, 0x2A88, 0x28C7, 0x26BC,
  0x2472, 0x21F0, 0x1F2D, 0x1C45,  0x1927, 0x15E6, 0x1285, 0x0F06,
  0x0B79, 0x07D7, 0x0432, 0x0090,  0xFCE9, 0xF95B, 0xF5D6, 0xF26E,
  0xEF27, 0xEBFB, 0xE908, 0xE633,  0xE39E, 0xE13C, 0xDF13, 0xDD2F,
  0xDB8A, 0xDA27, 0xD912, 0xD83A,  0xD7B6, 0xD772, 0xD77E, 0xD7CF,
  0xD867, 0xD945, 0xDA67, 0xDBCB,  0xDD69, 0xDF44, 0xE154, 0xE396,
  0xE606, 0xE89D, 0xEB5C, 0xEE2F,  0xF125, 0xF426, 0xF739, 0xFA4F,
  0xFD68, 0x007F, 0x0384, 0x0682,  0x0964, 0x0C30, 0x0EDA, 0x115D,
  0x13BE, 0x15EC, 0x17EE, 0x19B7,  0x1B51, 0x1CA8, 0x1DCC, 0x1EB2,
  0x1F53, 0x1FC3, 0x1FE5, 0x1FD7,  0x1F81, 0x1EF6, 0x1E2C, 0x1D2E,
  0x1BF8, 0x1A8D, 0x18FA, 0x1733,  0x154C, 0x133C, 0x110E, 0x0EC9,
  0x0C6C, 0x09FF, 0x0785, 0x050A,  0x0288, 0x000D, 0xFD9A, 0xFB36,
  0xF8E4, 0xF6A7, 0xF48B, 0xF289,  0xF0AE, 0xEEF7, 0xED6E, 0xEC0F,
  0xEADF, 0xE9E3, 0xE919, 0xE882,  0xE820, 0xE7F4, 0xE800, 0xE83A,
  0xE8AF, 0xE951, 0xEA26, 0xEB29,  0xEC56, 0xEDB1, 0xEF2B, 0xF0CE,
  0xF289, 0xF464, 0xF650, 0xF857,  0xFA5C, 0xFC7D, 0xFE91, 0x00B0,
  0x02C6, 0x04CF, 0x06CF, 0x08BB,  0x0A8D, 0x0C4A, 0x0DE5, 0x0F59,
  0x10B6, 0x11D9, 0x12E1, 0x13AF,  0x1459, 0x14CC, 0x1510, 0x1521,
  0x1504, 0x14B1, 0x142A, 0x137C,  0x1297, 0x118A, 0x104F, 0x0EEF,
  0x0D68, 0x0BC0, 0x09F9, 0x0818,  0x0621, 0x0417, 0x01FE, 0xFFE2,
  0xFDB6, 0xFB96, 0xF972, 0xF75C,  0xF554, 0xF35B, 0xF180, 0xEFB6,
  0xEE15, 0xEC92, 0xEB38, 0xEA06,  0xE903, 0xE82B, 0xE78B, 0xE71A,
  0xE6DD, 0xE6DC, 0xE708, 0xE776,  0xE80E, 0xE8E2, 0xE9EF, 0xEB21,
  0xEC93, 0xEE25, 0xEFF0, 0xF1D7,  0xF3EA, 0xF61C, 0xF869, 0xFACE,
  0xFD4A, 0xFFD1, 0x0266, 0x04F8,  0x0791, 0x0A23, 0x0CA2, 0x0F20,
  0x1179, 0x13C3, 0x15E8, 0x17EA,  0x19C8, 0x1B76, 0x1CF5, 0x1E40,
  0x1F59, 0x2030, 0x20D7, 0x2136,  0x215E, 0x2141, 0x20E9, 0x204A,
  0x1F76, 0x1E57, 0x1D06, 0x1B70,  0x19A9, 0x17A9, 0x1573, 0x1317,
  0x1084, 0x0DD5, 0x0AFD, 0x080C,  0x0502, 0x01E7, 0xFEBB, 0xFB92,
  0xF85C, 0xF535, 0xF213, 0xEF07,  0xEC0C, 0xE932, 0xE678, 0xE3E7,
  0xE180, 0xDF4C, 0xDD4D, 0xDB87,  0xDA01, 0xD8B8, 0xD7B9, 0xD6F5,
  0xD686, 0xD655, 0xD678, 0xD6DB,  0xD792, 0xD88E, 0xD9D0, 0xDB5F,
  0xDD2A, 0xDF3F, 0xE18C, 0xE416,  0xE6D4, 0xE9C8, 0xECE3, 0xF02B,
  0xF390, 0xF712, 0xFAAF, 0xFE50,  0x0208, 0x05B6, 0x096A, 0x0D0A,
  0x10A0, 0x141D, 0x1778, 0x1AB3,  0x1DC3, 0x20A1, 0x2350, 0x25BB,
  0x27F5, 0x29DE, 0x2B8D, 0x2CE9,  0x2E01, 0x2EC2, 0x2F38, 0x2F5E,
  0x2F30, 0x2EAD, 0x2DDF, 0x2CBD,  0x2B4F, 0x2991, 0x2791, 0x2542,
  0x22BA, 0x1FEC, 0x1CED, 0x19B3,  0x164E, 0x12C2, 0x0F0F, 0x0B45,
  0x0763, 0x0371, 0xFF7B, 0xFB7E,  0xF790, 0xF3A4, 0xEFD9, 0xEC19,
  0xE889, 0xE513, 0xE1D6, 0xDEC3,  0xDBEF, 0xD951, 0xD700, 0xD4E8,
  0xD324, 0xD1A7, 0xD07E, 0xCFA0,  0xCF1C, 0xCEE6, 0xCF0B, 0xCF78,
  0xD048, 0xD15A, 0xD2CA, 0xD477,  0xD681, 0xD8BD, 0xDB52, 0xDE0C,
  0xE117, 0xE444, 0xE7A8, 0xEB30,  0xEEE0, 0xF2A0, 0xF683, 0xFA65,
  0xFE5D, 0x0248, 0x0634, 0x0A11,  0x0DD9, 0x1184, 0x1516, 0x1873,
  0x1BB1, 0x1EB4, 0x2181, 0x2413,  0x2663, 0x286F, 0x2A31, 0x2BAE,
  0x2CD5, 0x2DB9, 0x2E3D, 0x2E84,  0x2E69, 0x2E08, 0x2D53, 0x2C53,
  0x2B07, 0x2971, 0x2798, 0x257A,  0x2320, 0x208A, 0x1DC5, 0x1ACB,
  0x17A9, 0x1464, 0x10FF, 0x0D85,  0x09F5, 0x065F, 0x02C3, 0xFF25,
  0xFB93, 0xF810, 0xF4A0, 0xF14A,  0xEE19, 0xEB07, 0xE827, 0xE574,
  0xE2F5, 0xE0B1, 0xDEA8, 0xDCDE,  0xDB5B, 0xDA14, 0xD91C, 0xD867,
  0xD7FA, 0xD7DB, 0xD7FC, 0xD86A,  0xD91D, 0xDA12, 0xDB4D, 0xDCC0,
  0xDE78, 0xE05F, 0xE281, 0xE4CD,  0xE74B, 0xE9E8, 0xECAB, 0xEF83,
  0xF27B, 0xF57A, 0xF888, 0xFB99,  0xFEAB, 0x01B3, 0x04B1, 0x079B,
  0x0A73, 0x0D25, 0x0FC0, 0x1230,  0x1474, 0x1691, 0x1872, 0x1A2E,
  0x1BA1, 0x1CE9, 0x1DEC, 0x1EB9,  0x1F43, 0x1F95, 0x1FA3, 0x1F77,
  0x1F0F, 0x1E6A, 0x1D8F, 0x1C79,  0x1B34, 0x19B9, 0x1815, 0x1645,
  0x144F, 0x1237, 0x1007, 0x0DB7,  0x0B5B, 0x08EB, 0x0677, 0x03F9,
  0x0181, 0xFF0C, 0xFCA2, 0xFA4D,  0xF7FE, 0xF5DB, 0xF3C6, 0xF1D8,
  0xF00F, 0xEE6C, 0xECF5, 0xEBAA,  0xEA92, 0xE9AA, 0xE8F3, 0xE876,
  0xE824, 0xE816, 0xE82A, 0xE883,  0xE905, 0xE9BB, 0xEAA1, 0xEBB3,
  0xECF0, 0xEE56, 0xEFDF, 0xF186,  0xF351, 0xF529, 0xF727, 0xF920,
  0xFB39, 0xFD49, 0xFF66, 0x017B,  0x038D, 0x058E, 0x0789, 0x0963,
  0x0B34, 0x0CD9, 0x0E6B, 0x0FD3,  0x1119, 0x1233, 0x1320, 0x13E8,
  0x1475, 0x14DC, 0x150D, 0x150C,  0x14DB, 0x1476, 0x13E5, 0x1321,
  0x122F, 0x1113, 0x0FCD, 0x0E61,  0x0CCD, 0x0B1F, 0x0951, 0x0768,
  0x056E, 0x0360, 0x014A, 0xFF28,  0xFD05, 0xFAE5, 0xF8C7, 0xF6BB,
  0xF4B7, 0xF2CE, 0xF0F6, 0xEF41,  0xEDA9, 0xEC37, 0xEAEB, 0xE9CB,
  0xE8D5, 0xE816, 0xE780, 0xE728,  0xE6F7, 0xE70D, 0xE746, 0xE7C9,
  0xE86F, 0xE958, 0xEA6B, 0xEBB3,  0xED2E, 0xEED0, 0xF09F, 0xF294,
  0xF4AB, 0xF6E6, 0xF932, 0xFBA0,  0xFE1A, 0x009E, 0x0330, 0x05C0,
  0x0852, 0x0AD9, 0x0D55, 0x0FC0,  0x1213, 0x1447, 0x1664, 0x1853,
  0x1A1E, 0x1BBA, 0x1D24, 0x1E5F,  0x1F5D, 0x2026, 0x20B2, 0x2100,
  0x210F, 0x20E3, 0x206F, 0x1FC7,  0x1ED4, 0x1DAF, 0x1C42, 0x1AA9,
  0x18CA, 0x16C3, 0x1481, 0x121A,  0x0F82, 0x0CCE, 0x09F0, 0x0704,
  0x03F0, 0x00E2, 0xFDB6, 0xFA93,  0xF769, 0xF449, 0xF138, 0xEE35,
  0xEB4D, 0xE888, 0xE5DC, 0xE362,  0xE10F, 0xDEF6, 0xDD0A, 0xDB61,
  0xD9F1, 0xD8C4, 0xD7DB, 0xD735,  0xD6DE, 0xD6C6, 0xD700, 0xD77F,
  0xD84A, 0xD95B, 0xDAB7, 0xDC51,  0xDE37, 0xE054, 0xE2B3, 0xE549,
  0xE812, 0xEB09, 0xEE31, 0xF175,  0xF4E1, 0xF861, 0xFBF3, 0xFF9B,
  0x033E, 0x06EC, 0x0A88, 0x0E24,  0x11A2, 0x150F, 0x1852, 0x1B7B,
  0x1E6F, 0x2136, 0x23C7, 0x261C,  0x2833, 0x2A03, 0x2B93, 0x2CD2,
  0x2DCA, 0x2E6D, 0x2ECC, 0x2ECD,  0x2E86, 0x2DE9, 0x2D01, 0x2BC5,
  0x2A42, 0x286E, 0x265A, 0x23FB,  0x2161, 0x1E8B, 0x1B7E, 0x183B,
  0x14D7, 0x113D, 0x0D96, 0x09C4,  0x05ED, 0x0200, 0xFE13, 0xFA29,
  0xF63E, 0xF271, 0xEEAC, 0xEB0C,  0xE78C, 0xE435, 0xE10E, 0xDE1A,
  0xDB61, 0xD8E5, 0xD6AF, 0xD4B9,  0xD316, 0xD1B8, 0xD0B0, 0xCFF1,
  0xCF8F, 0xCF76, 0xCFB7, 0xD048,  0xD12B, 0xD25E, 0xD3DE, 0xD5AD,
  0xD7C1, 0xDA17, 0xDCB3, 0xDF85,  0xE294, 0xE5CA, 0xE938, 0xECC0,
  0xF070, 0xF431, 0xF80B, 0xFBE9,  0xFFD5, 0x03B3, 0x0793, 0x0B5B,
  0x0F10, 0x12A8, 0x161E, 0x1965,  0x1C89, 0x1F69, 0x2221, 0x248E,
  0x26C2, 0x28AC, 0x2A4E, 0x2BAC,  0x2CB1, 0x2D74, 0x2DDD, 0x2E00,
  0x2DC8, 0x2D4D, 0x2C7A, 0x2B63,  0x29FB, 0x2852, 0x2664, 0x2431,
  0x21CC, 0x1F25, 0x1C58, 0x1951,  0x162D, 0x12E3, 0x0F7E, 0x0C05,
  0x087B, 0x04ED, 0x0155, 0xFDC9,  0xFA43, 0xF6D1, 0xF372, 0xF033,
  0xED16, 0xEA1E, 0xE756, 0xE4BE,  0xE25C, 0xE032, 0xDE4A, 0xDC9B,
  0xDB35, 0xDA12, 0xD931, 0xD89E,  0xD84E, 0xD849, 0xD887, 0xD910,
  0xD9D9, 0xDAE9, 0xDC37, 0xDDC0,  0xDF8A, 0xE17F, 0xE3B0, 0xE609,
  0xE88F, 0xEB32, 0xEDFB, 0xF0D9,  0xF3C9, 0xF6CD, 0xF9D1, 0xFCE0,
  0xFFE4, 0x02E2, 0x05D5, 0x08B0,  0x0B70, 0x0E19, 0x1098, 0x12F6,
  0x1523, 0x1727, 0x18F3, 0x1A8F,  0x1BEE, 0x1D1A, 0x1E04, 0x1EB4,
  0x1F29, 0x1F5C, 0x1F57, 0x1F11,  0x1E91, 0x1DD9, 0x1CE7, 0x1BC2,
  0x1A67, 0x18E2, 0x172B, 0x1553,  0x134E, 0x1137, 0x0EF6, 0x0CAC,
  0x0A47, 0x07DB, 0x056A, 0x02EB,  0x0081, 0xFE0F, 0xFBB0, 0xF964,
  0xF729, 0xF50E, 0xF30C, 0xF12F,  0xEF78, 0xEDE9, 0xEC83, 0xEB53,
  0xEA49, 0xE97B, 0xE8D7, 0xE871,  0xE835, 0xE836, 0xE867, 0xE8CD,
  0xE964, 0xEA29, 0xEB23, 0xEC43,  0xED8E, 0xEF00, 0xF092, 0xF247,
  0xF413, 0xF5FB, 0xF7EF, 0xF9FA,  0xFC05, 0xFE1F, 0x0031, 0x0249,
  0x044C, 0x064E, 0x0837, 0x0A0F,  0x0BCC, 0x0D68, 0x0EEC, 0x1041,
  0x117B, 0x127F, 0x1363, 0x1410,  0x1490, 0x14E4, 0x1502, 0x14F1,
  0x14AB, 0x143C, 0x1393, 0x12C3,  0x11C2, 0x109A, 0x0F46, 0x0DCE,
  0x0C32, 0x0A7D, 0x08A4, 0x06B9,  0x04BB, 0x02AA, 0x0095, 0xFE72,
  0xFC56, 0xFA35, 0xF823, 0xF619,  0xF423, 0xF240, 0xF078, 0xEECD,
  0xED44, 0xEBE1, 0xEAA5, 0xE994,  0xE8B3, 0xE801, 0xE780, 0xE737,
  0xE71C, 0xE73F, 0xE78F, 0xE81B,  0xE8DB, 0xE9CB, 0xEAF1, 0xEC47,
  0xEDCB, 0xEF7B, 0xF152, 0xF352,  0xF56E, 0xF7AA, 0xFA04, 0xFC69,
  0xFEE9, 0x0168, 0x03FA, 0x0683,  0x090E, 0x0B8C, 0x0E01, 0x105A,
  0x12A5, 0x14CA, 0x16D6, 0x18B4,  0x1A6B, 0x1BF9, 0x1D4C, 0x1E74,
  0x1F5C, 0x2013, 0x2086, 0x20C2,  0x20BE, 0x2076, 0x1FFB, 0x1F31,
  0x1E3A, 0x1CF7, 0x1B87, 0x19D2,  0x17F1, 0x15D7, 0x1390, 0x111D,
  0x0E81, 0x0BC6, 0x08EA, 0x05F4,  0x02EF, 0xFFD9, 0xFCB8, 0xF99B,
  0xF678, 0xF36B, 0xF05D, 0xED71,  0xEA97, 0xE7E2, 0xE54B, 0xE2E8,
  0xE0A9, 0xDEA5, 0xDCD6, 0xDB40,  0xD9EF, 0xD8D6, 0xD808, 0xD780,
  0xD73A, 0xD742, 0xD791, 0xD827,  0xD90B, 0xDA2E, 0xDBA0, 0xDD4C,
  0xDF42, 0xE16F, 0xE3DC, 0xE67B,  0xE94F, 0xEC4E, 0xEF77, 0xF2C2,
  0xF62B, 0xF9A8, 0xFD3C, 0x00D4,  0x0476, 0x0810, 0x0BA9, 0x0F2D,
  0x129D, 0x15F3, 0x1927, 0x1C33,  0x1F10, 0x21C1, 0x2432, 0x266F,
  0x2867, 0x2A1B, 0x2B8E, 0x2CAD,  0x2D89, 0x2E13, 0x2E4C, 0x2E36,
  0x2DD4, 0x2D1D, 0x2C18, 0x2ACA,  0x292A, 0x274B, 0x251C, 0x22B1,
  0x200A, 0x1D25, 0x1A10, 0x16C8,  0x135B, 0x0FC4, 0x0C1B, 0x084D,
  0x047B, 0x0098, 0xFCB4, 0xF8D7,  0xF500, 0xF13F, 0xED92, 0xEA05,
  0xE6A0, 0xE360, 0xE056, 0xDD7C,  0xDAE3, 0xD884, 0xD66B, 0xD49C,
  0xD310, 0xD1DA, 0xD0E9, 0xD056,  0xD007, 0xD013, 0xD070, 0xD11B,
  0xD21E, 0xD362, 0xD502, 0xD6E0,  0xD909, 0xDB73, 0xDE1B, 0xE0FB,
  0xE411, 0xE754, 0xEAC1, 0xEE4F,  0xF1FA, 0xF5BE, 0xF98D, 0xFD66,
  0x0143, 0x0518, 0x08E3, 0x0C9E,  0x103B, 0x13BF, 0x171B, 0x1A4A,
  0x1D4F, 0x2018, 0x22AC, 0x2500,  0x270F, 0x28DE, 0x2A5F, 0x2B98,
  0x2C83, 0x2D23, 0x2D70, 0x2D6E,  0x2D23, 0x2C82, 0x2B9C, 0x2A67,
  0x28EA, 0x272F, 0x2524, 0x22EC,  0x206F, 0x1DC4, 0x1AE2, 0x17DE,
  0x14B1, 0x1164, 0x0E01, 0x0A8B,  0x0705, 0x0380, 0xFFF2, 0xFC73,
  0xF8FE, 0xF599, 0xF252, 0xEF25,  0xEC1F, 0xE940, 0xE694, 0xE412,
  0xE1D1, 0xDFC2, 0xDDF5, 0xDC69,  0xDB1B, 0xDA1A, 0xD955, 0xD8E1,
  0xD8AB, 0xD8C3, 0xD91C, 0xD9BF,  0xDA9E, 0xDBC8, 0xDD25, 0xDECB,
  0xE099, 0xE2A8, 0xE4E3, 0xE745,  0xE9D3, 0xEC7F, 0xEF49, 0xF22A,
  0xF518, 0xF81A, 0xFB17, 0xFE1F,  0x0116, 0x040E, 0x06EE, 0x09B8,
  0x0C6C, 0x0EFE, 0x1168, 0x13B0,  0x15C9, 0x17B0, 0x196A, 0x1AE5,
  0x1C31, 0x1D3E, 0x1E10, 0x1EA8,  0x1F02, 0x1F1C, 0x1EFE, 0x1EA4,
  0x1E0A, 0x1D42, 0x1C38, 0x1B02,  0x1999, 0x1800, 0x1644, 0x1458,
  0x1254, 0x102C, 0x0DEC, 0x0B9C,  0x0939, 0x06CC, 0x045C, 0x01E8,
  0xFF80, 0xFD17, 0xFAC5, 0xF883,  0xF658, 0xF449, 0xF25A, 0xF090,
  0xEEE6, 0xED71, 0xEC1A, 0xEB03,  0xEA0A, 0xE954, 0xE8C6, 0xE872,
  0xE84D, 0xE862, 0xE8A8, 0xE91E,  0xE9C9, 0xEAA2, 0xEBA6, 0xECD9,
  0xEE30, 0xEFAD, 0xF14B, 0xF307,  0xF4DA, 0xF6C7, 0xF8C2, 0xFAC7,
  0xFCDA, 0xFEED, 0x00FE, 0x030F,  0x050B, 0x0707, 0x08E5, 0x0AB0,
  0x0C62, 0x0DF1, 0x0F64, 0x10AE,  0x11D0, 0x12CC, 0x1397, 0x1433,
  0x14AA, 0x14DF, 0x14F6, 0x14C8,  0x147F, 0x13F3, 0x1340, 0x1261,
  0x114F, 0x101E, 0x0EB9, 0x0D3C,  0x0B94, 0x09D6, 0x07F9, 0x060A,
  0x0406, 0x01F7, 0xFFDE, 0xFDC3,  0xFBA3, 0xF98F, 0xF77B, 0xF583,
  0xF38D, 0xF1BB, 0xEFFC, 0xEE60,  0xECE6, 0xEB90, 0xEA65, 0xE964,
  0xE896, 0xE7F2, 0xE788, 0xE74C,  0xE745, 0xE779, 0xE7D9, 0xE87A,
  0xE942, 0xEA47, 0xEB7B, 0xECDC,  0xEE6C, 0xF029, 0xF205, 0xF411,
  0xF62E, 0xF876, 0xFACC, 0xFD37,  0xFFAF, 0x0237, 0x04BB, 0x0743,
  0x09C6, 0x0C39, 0x0EA5, 0x10F2,  0x132F, 0x1547, 0x173D, 0x1911,
  0x1AB3, 0x1C2C, 0x1D6F, 0x1E80,  0x1F56, 0x1FF6, 0x2055, 0x207E,
  0x2061, 0x200D, 0x1F75, 0x1EA1,  0x1D92, 0x1C44, 0x1ABF, 0x1902,
  0x170F, 0x14EF, 0x1298, 0x1025,  0x0D7E, 0x0AC4, 0x07DF, 0x04F2,
  0x01E8, 0xFED8, 0xFBC1, 0xF8A5,  0xF596, 0xF288, 0xEF93, 0xECB3,
  0xE9E6, 0xE748, 0xE4C3, 0xE277,  0xE04D, 0xDE5F, 0xDCA9, 0xDB2E,
  0xD9EF, 0xD8F8, 0xD83E, 0xD7CE,  0xD7A5, 0xD7C2, 0xD82C, 0xD8D5,
  0xD9D0, 0xDB09, 0xDC8C, 0xDE4D,  0xE050, 0xE28D, 0xE504, 0xE7B0,
  0xEA8A, 0xED91, 0xF0BE, 0xF408,  0xF773, 0xFAEB, 0xFE7C, 0x0208,
  0x05A4, 0x0933, 0x0CB9, 0x1031,  0x138A, 0x16D3, 0x19EB, 0x1CE2,
  0x1FA7, 0x223D, 0x2493, 0x26B5,  0x2890, 0x2A27, 0x2B7B, 0x2C80,
  0x2D3E, 0x2DA8, 0x2DC5, 0x2D99,  0x2D16, 0x2C48, 0x2B2C, 0x29C3,
  0x2816, 0x2617, 0x23E3, 0x2163,  0x1EB0, 0x1BC0, 0x18A1, 0x1557,
  0x11E2, 0x0E50, 0x0AA1, 0x06DF,  0x030E, 0xFF38, 0xFB5E, 0xF790,
  0xF3C8, 0xF01A, 0xEC82, 0xE90E,  0xE5BD, 0xE298, 0xDFAB, 0xDCED,
  0xDA71, 0xD831, 0xD637, 0xD488,  0xD31A, 0xD206, 0xD134, 0xD0C0,
  0xD08D, 0xD0BC, 0xD131, 0xD1F9,  0xD313, 0xD476, 0xD626, 0xD81A,
  0xDA56, 0xDCD2, 0xDF84, 0xE273,  0xE58E, 0xE8DA, 0xEC4A, 0xEFD9,
  0xF384, 0xF740, 0xFB0A, 0xFEDA,  0x02AA, 0x0672, 0x0A2B, 0x0DD5,
  0x1159, 0x14CB, 0x1809, 0x1B24,  0x1E08, 0x20B8, 0x232B, 0x2561,
  0x2751, 0x2903, 0x2A5D, 0x2B7F,  0x2C44, 0x2CC6, 0x2CF6, 0x2CD6,
  0x2C6E, 0x2BB2, 0x2AB3, 0x2965,  0x27D4, 0x25FF, 0x23E8, 0x21A0,
  0x1F0F, 0x1C5E, 0x1973, 0x1668,  0x1336, 0x0FEA, 0x0C87, 0x0915,
  0x0597, 0x0217, 0xFE9D, 0xFB22,  0xF7C2, 0xF46E, 0xF13A, 0xEE24,
  0xEB35, 0xE86E, 0xE5DC, 0xE378,  0xE14E, 0xDF62, 0xDDAB, 0xDC43,
  0xDB11, 0xDA2B, 0xD989, 0xD92A,  0xD917, 0xD945, 0xD9BC, 0xDA76,
  0xDB6C, 0xDCAD, 0xDE1E, 0xDFD2,  0xE1B7, 0xE3D1, 0xE614, 0xE887,
  0xEB14, 0xEDD0, 0xF091, 0xF37A,  0xF666, 0xF95D, 0xFC5D, 0xFF51,
  0x024C, 0x052A, 0x07FF, 0x0ABE,  0x0D58, 0x0FD9, 0x1231, 0x145E,
  0x1664, 0x1830, 0x19CF, 0x1B38,  0x1C62, 0x1D5C, 0x1E10, 0x1E91,
  0x1ED0, 0x1ED3, 0x1EA0, 0x1E28,  0x1D82, 0x1C9D, 0x1B85, 0x1A3F,
  0x18C1, 0x1721, 0x1551, 0x1361,  0x1154, 0x0F20, 0x0CE5, 0x0A8C,
  0x082B, 0x05BF, 0x0356, 0x00E4,  0xFE85, 0xFC26, 0xF9DF, 0xF7A9,
  0xF58D, 0xF38D, 0xF1B1, 0xEFF5,  0xEE61, 0xECFE, 0xEBBE, 0xEAB7,
  0xE9D8, 0xE934, 0xE8BC, 0xE87D,  0xE86D, 0xE897, 0xE8EC, 0xE97A,
  0xEA36, 0xEB1B, 0xEC34, 0xED6F,  0xEED9, 0xF05D, 0xF206, 0xF3CA,
  0xF5A1, 0xF796, 0xF98F, 0xFB9B,  0xFDA8, 0xFFBB, 0x01C8, 0x03D0,
  0x05CC, 0x07B6, 0x098E, 0x0B4F,  0x0CF0, 0x0E77, 0x0FD3, 0x1113,
  0x1224, 0x130C, 0x13C7, 0x1456,  0x14AF, 0x14E1, 0x14D6, 0x14AB,
  0x143D, 0x13AB, 0x12E9, 0x11F7,  0x10DC, 0x0F9A, 0x0E2D, 0x0CA5,
  0x0AF3, 0x0930, 0x074D, 0x0559,  0x0354, 0x0141, 0xFF2E, 0xFD10,
  0xFAF8, 0xF8E7, 0xF6DE, 0xF4E8,  0xF302, 0xF139, 0xEF85, 0xEDFC,
  0xEC87, 0xEB4B, 0xEA26, 0xE940,  0xE87A, 0xE7ED, 0xE794, 0xE765,
  0xE778, 0xE7B4, 0xE82E, 0xE8D5,  0xE9B5, 0xEAC6, 0xEC06, 0xED74,
  0xEF12, 0xF0D4, 0xF2BF, 0xF4CB,  0xF6F4, 0xF93D, 0xFB92, 0xFE02,
  0x007A, 0x02FA, 0x057D, 0x07FD,  0x0A79, 0x0CE3, 0x0F41, 0x1186,
  0x13B2, 0x15B9, 0x17A6, 0x195F,  0x1AF7, 0x1C57, 0x1D8A, 0x1E86,
  0x1F47, 0x1FD3, 0x201E, 0x202F,  0x2004, 0x1F98, 0x1EEE, 0x1E0B,
  0x1CE5, 0x1B8D, 0x19F6, 0x182C,  0x162F, 0x1400, 0x11A8, 0x0F28,
  0x0C80, 0x09BD, 0x06DF, 0x03ED,  0x00E9, 0xFDDC, 0xFACC, 0xF7BB,
  0xF4B3, 0xF1B4, 0xEED0, 0xEBF5,  0xE949, 0xE6B0, 0xE44A, 0xE209,
  0xDFFC, 0xDE28, 0xDC82, 0xDB23,  0xD9FF, 0xD91C, 0xD881, 0xD825,
  0xD818, 0xD84A, 0xD8CA, 0xD98E,  0xDA9B, 0xDBE7, 0xDD7F, 0xDF4D,
  0xE164, 0xE3AB, 0xE62F, 0xE8E3,  0xEBC7, 0xEED1, 0xF200, 0xF54E,
  0xF8B2, 0xFC2F, 0xFFAE, 0x033D,  0x06C8, 0x0A49, 0x0DC5, 0x1126,
  0x1474, 0x17A3, 0x1AA3, 0x1D8A,  0x202F, 0x22AD, 0x24EA, 0x26EC,
  0x28B0, 0x2A24, 0x2B61, 0x2C45,  0x2CE6, 0x2D35, 0x2D39, 0x2CED,
  0x2C51, 0x2B6D, 0x2A37, 0x28BB,  0x26F3, 0x24EC, 0x229F, 0x2015,
  0x1D53, 0x1A5D, 0x1734, 0x13E7,  0x106D, 0x0CDE, 0x0930, 0x0574,
  0x01AB, 0xFDDD, 0xFA13, 0xF651,  0xF29C, 0xEF00, 0xEB7F, 0xE81E,
  0xE4EA, 0xE1DF, 0xDF09, 0xDC6F,  0xDA08, 0xD7F0, 0xD60F, 0xD47D,
  0xD338, 0xD238, 0xD191, 0xD12D,  0xD129, 0xD165, 0xD201, 0xD2DD,
  0xD414, 0xD58C, 0xD750, 0xD95C,  0xDBA6, 0xDE31, 0xE0EF, 0xE3EC,
  0xE70B, 0xEA5E, 0xEDCF, 0xF15F,  0xF508, 0xF8BC, 0xFC81, 0x0046,
  0x0408, 0x07C1, 0x0B6B, 0x0EFB,  0x1273, 0x15C5, 0x18EE, 0x1BEE,
  0x1EB6, 0x2146, 0x23A1, 0x25B1,  0x278B, 0x290F, 0x2A5B, 0x2B4E,
  0x2BFF, 0x2C5B, 0x2C70, 0x2C36,  0x2BAB, 0x2ADD, 0x29BE, 0x285E,
  0x26B5, 0x24CE, 0x22A7, 0x204C,  0x1DB2, 0x1AF8, 0x1802, 0x14F2,
  0x11C0, 0x0E71, 0x0B15, 0x07A2,  0x042F, 0x00BB, 0xFD45, 0xF9E2,
  0xF68E, 0xF34C, 0xF02F, 0xED2D,  0xEA56, 0xE7AC, 0xE52E, 0xE2EB,
  0xE0D9, 0xDF0C, 0xDD74, 0xDC26,  0xDB13, 0xDA4A, 0xD9C5, 0xD982,
  0xD98C, 0xD9D3, 0xDA64, 0xDB33,  0xDC47, 0xDD93, 0xDF20, 0xE0DF,
  0xE2D8, 0xE4FA, 0xE74D, 0xE9C4,  0xEC5F, 0xEF12, 0xF1E4, 0xF4BF,
  0xF7B2, 0xFA9E, 0xFD9A, 0x0083,  0x0372, 0x0640, 0x090E, 0x0BB1,
  0x0E41, 0x10AA, 0x12EC, 0x1506,  0x16EE, 0x18A8, 0x1A2D, 0x1B78,
  0x1C90, 0x1D69, 0x1E09, 0x1E6E,  0x1E94, 0x1E84, 0x1E31, 0x1DAE,
  0x1CEA, 0x1BF5, 0x1ACE, 0x196F,  0x17ED, 0x1636, 0x1463, 0x1263,
  0x1051, 0x0E1A, 0x0BD9, 0x097F,  0x071E, 0x04B8, 0x0250, 0xFFE5,
  0xFD90, 0xFB39, 0xF901, 0xF6D4,  0xF4CB, 0xF2D8, 0xF10E, 0xEF62,
  0xEDE9, 0xEC8F, 0xEB6C, 0xEA74,  0xE9AF, 0xE91C, 0xE8BA, 0xE892,
  0xE893, 0xE8D3, 0xE93A, 0xE9DC,  0xEAA4, 0xEB9F, 0xECC3, 0xEE0F,
  0xEF81, 0xF110, 0xF2C5, 0xF48B,  0xF66F, 0xF860, 0xFA60, 0xFC6A,
  0xFE77, 0x0086, 0x028E, 0x0490,  0x0685, 0x0863, 0x0A33, 0x0BE7,
  0x0D79, 0x0EF4, 0x1041, 0x116F,  0x1270, 0x1347, 0x13F2, 0x146B,
  0x14B9, 0x14D0, 0x14C1, 0x1474,  0x1402, 0x135D, 0x128A, 0x118B,
  0x1063, 0x0F13, 0x0DA0, 0x0C07,  0x0A57, 0x0883, 0x06A3, 0x04A6,
  0x02A3, 0x0090, 0xFE7A, 0xFC64,  0xFA4D, 0xF845, 0xF640, 0xF456,
  0xF27C, 0xF0B7, 0xEF1B, 0xED92,  0xEC3A, 0xEB02, 0xE9F6, 0xE91A,
  0xE868, 0xE7F0, 0xE79F, 0xE78D,  0xE7A9, 0xE7F9, 0xE883, 0xE93A,
  0xEA29, 0xEB4A, 0xEC91, 0xEE15,  0xEFB4, 0xF185, 0xF375, 0xF58B,
  0xF7B6, 0xFA03, 0xFC59, 0xFECC,  0x013D, 0x03BD, 0x063A, 0x08B5,
  0x0B24, 0x0D88, 0x0FDB, 0x120F,  0x142F, 0x1628, 0x1801, 0x19AD,
  0x1B2F, 0x1C7D, 0x1D9E, 0x1E81,  0x1F35, 0x1FA6, 0x1FE1, 0x1FDD,
  0x1F9D, 0x1F1E, 0x1E64, 0x1D6C,  0x1C3A, 0x1ACD, 0x192D, 0x1754,
  0x154B, 0x1315, 0x10B5, 0x0E29,  0x0B86, 0x08BA, 0x05E1, 0x02EA,
  0xFFEF, 0xFCE5, 0xF9DE, 0xF6D5,  0xF3D8, 0xF0EA, 0xEE0D, 0xEB4B,
  0xE8AA, 0xE629, 0xE3D2, 0xE1AD,  0xDFB2, 0xDDF5, 0xDC69, 0xDB24,
  0xDA14, 0xD94D, 0xD8C9, 0xD886,  0xD892, 0xD8DA, 0xD971, 0xDA4C,
  0xDB68, 0xDCD0, 0xDE70, 0xE057,  0xE275, 0xE4CD, 0xE75A, 0xEA17,
  0xED00, 0xF010, 0xF340, 0xF68E,  0xF9F2, 0xFD64, 0x00E3, 0x0465,
  0x07E3, 0x0B5B, 0x0EC4, 0x1216,  0x1550, 0x1865, 0x1B59, 0x1E1D,
  0x20B0, 0x2312, 0x2532, 0x271E,  0x28B9, 0x2A22, 0x2B33, 0x2C03,
  0x2C82, 0x2CBB, 0x2C9F, 0x2C39,  0x2B8A, 0x2A82, 0x2943, 0x27A5,
  0x25D6, 0x23B5, 0x215A, 0x1EC8,  0x1BF3, 0x18FD, 0x15C6, 0x1279,
  0x0EFF, 0x0B6D, 0x07C7, 0x040E,  0x0050, 0xFC8B, 0xF8D0, 0xF51C,
  0xF17B, 0xEDF2, 0xEA85, 0xE73D,  0xE423, 0xE131, 0xDE7A, 0xDBF5,
  0xD9B7, 0xD7B3, 0xD5F6, 0xD486,  0xD358, 0xD281, 0xD1EC, 0xD1B7,
  0xD1BE, 0xD226, 0xD2D0, 0xD3D0,  0xD518, 0xD6A9, 0xD883, 0xDA9F,
  0xDCF9, 0xDF93, 0xE25D, 0xE562,  0xE887, 0xEBE1, 0xEF51, 0xF2E0,
  0xF684, 0xFA37, 0xFDEC, 0x01AC,  0x055B, 0x0908, 0x0C9E, 0x1019,
  0x137D, 0x16B4, 0x19C8, 0x1CA9,  0x1F54, 0x21CC, 0x2403, 0x25FA,
  0x27AF, 0x291A, 0x2A40, 0x2B19,  0x2BA8, 0x2BE8, 0x2BE1, 0x2B85,
  0x2AE8, 0x29F7, 0x28C9, 0x2749,  0x2596, 0x2396, 0x2162, 0x1EF5,
  0x1C58, 0x1989, 0x1698, 0x137C,  0x104D, 0x0CFE, 0x099F, 0x063F,
  0x02C9, 0xFF65, 0xFBFC, 0xF8A7,  0xF563, 0xF238, 0xEF2C, 0xEC45,
  0xE983, 0xE6F2, 0xE491, 0xE269,  0xE072, 0xDEC3, 0xDD47, 0xDC17,
  0xDB22, 0xDA75, 0xDA0A, 0xD9E9,  0xDA07, 0xDA6D, 0xDB13, 0xDBFC,
  0xDD24, 0xDE84, 0xE025, 0xE1F2,  0xE3FB, 0xE627, 0xE887, 0xEB04,
  0xEDA1, 0xF05F, 0xF32C, 0xF60A,  0xF8F6, 0xFBE0, 0xFED0, 0x01B5,
  0x048E, 0x075E, 0x0A0A, 0x0CA8,  0x0F1F, 0x1176, 0x13A1, 0x15A2,
  0x1777, 0x1912, 0x1A82, 0x1BB2,  0x1CAF, 0x1D6F, 0x1DF4, 0x1E3F,
  0x1E50, 0x1E22, 0x1DBC, 0x1D1E,  0x1C49, 0x1B3F, 0x1A02, 0x1899,
  0x16FE, 0x1544, 0x135D, 0x1159,  0x0F3C, 0x0D02, 0x0AB9, 0x0862,
  0x0601, 0x039C, 0x0136, 0xFEDB,  0xFC82, 0xFA41, 0xF80B, 0xF5F3,
  0xF3F5, 0xF214, 0xF05A, 0xEEC8,  0xED55, 0xEC1E, 0xEB07, 0xEA29,
  0xE979, 0xE8FA, 0xE8B4, 0xE89A,  0xE8B9, 0xE907, 0xE988, 0xEA3A,
  0xEB15, 0xEC27, 0xED52, 0xEEB7,  0xF02E, 0xF1D2, 0xF389, 0xF561,
  0xF744, 0xF941, 0xFB42, 0xFD4E,  0xFF5E, 0x0167, 0x0372, 0x056B,
  0x0759, 0x0933, 0x0AF8, 0x0C9E,  0x0E2B, 0x0F91, 0x10D5, 0x11F3,
  0x12E2, 0x13AD, 0x143F, 0x14B1,  0x14E1, 0x14F4, 0x14C5, 0x1472,
  0x13E9, 0x1334, 0x124F, 0x1147,  0x1008, 0x0EB2, 0x0D2A, 0x0B8E,
  0x09CE, 0x07F4, 0x060A, 0x0409,  0x01FF, 0xFFEB, 0xFDD2, 0xFBBA,
  0xF9A8, 0xF79C, 0xF5A5, 0xF3B6,  0xF1E8, 0xF02A, 0xEE96, 0xED18,
  0xEBCB, 0xEA9C, 0xE9A2, 0xE8CD,  0xE82F, 0xE7BD, 0xE783, 0xE779,
  0xE7A6, 0xE805, 0xE89B, 0xE963,  0xEA5B, 0xEB8A, 0xECDF, 0xEE6B,
  0xF016, 0xF1EE, 0xF3EA, 0xF5FF,  0xF839, 0xFA82, 0xFCE1, 0xFF51,
  0x01C4, 0x0445, 0x06BC, 0x0935,  0x0B9E, 0x0DFF, 0x1041, 0x127A,
  0x1485, 0x167A, 0x1844, 0x19E4,  0x1B5A, 0x1C9B, 0x1DAD, 0x1E83,
  0x1F26, 0x1F8D, 0x1FB5, 0x1FA7,  0x1F57, 0x1ECA, 0x1E08, 0x1CFD,
  0x1BC7, 0x1A4C, 0x18A3, 0x16C5,  0x14B1, 0x127B, 0x1011, 0x0D8B,
  0x0ADE, 0x0819, 0x053C, 0x0250,  0xFF54, 0xFC54, 0xF952, 0xF656,
  0xF360, 0xF080, 0xEDB0, 0xEAFC,  0xE869, 0xE5FB, 0xE3B2, 0xE1A1,
  0xDFB5, 0xDE0D, 0xDC93, 0xDB5E,  0xDA64, 0xD9AE, 0xD93B, 0xD90B,
  0xD924, 0xD980, 0xDA22, 0xDB0D,  0xDC36, 0xDDA6, 0xDF52, 0xE13F,
  0xE364, 0xE5C2, 0xE84F, 0xEB11,  0xEDF2, 0xF108, 0xF42A, 0xF779,
  0xFACE, 0xFE3B, 0x01A9, 0x051F,  0x088D, 0x0BF4, 0x0F4A, 0x1286,
  0x15AF, 0x18A9, 0x1B88, 0x1E32,  0x20B1, 0x22F4, 0x24FF, 0x26CE,
  0x2855, 0x299D, 0x2A9E, 0x2B50,  0x2BBD, 0x2BDB, 0x2BAF, 0x2B34,
  0x2A70, 0x295F, 0x280A, 0x2668,  0x2487, 0x2262, 0x2004, 0x1D66,
  0x1A9B, 0x179B, 0x1473, 0x1124,  0x0DB6, 0x0A2F, 0x0695, 0x02EE,
  0xFF3E, 0xFB93, 0xF7E6, 0xF450,  0xF0C1, 0xED59, 0xEA05, 0xE6DC,
  0xE3DB, 0xE10E, 0xDE70, 0xDC14,  0xD9EA, 0xD811, 0xD66C, 0xD51F,
  0xD40E, 0xD355, 0xD2DF, 0xD2BD,  0xD2E9, 0xD360, 0xD424, 0xD539,
  0xD690, 0xD834, 0xDA17, 0xDC41,  0xDEA4, 0xE140, 0xE40F, 0xE712,
  0xEA38, 0xED87, 0xF0F2, 0xF475,  0xF80C, 0xFBAB, 0xFF52, 0x02F8,
  0x0692, 0x0A25, 0x0D9D, 0x10FE,  0x1440, 0x1757, 0x1A4A, 0x1D06,
  0x1F91, 0x21E4, 0x23F1, 0x25CE,  0x2752, 0x28A6, 0x299E, 0x2A5E,
  0x2AC2, 0x2AEB, 0x2ABF, 0x2A4C,  0x298E, 0x288B, 0x2741, 0x25B4,
  0x23E7, 0x21DD, 0x1FA1, 0x1D22,  0x1A88, 0x17B0, 0x14C1, 0x11AA,
  0x0E7A, 0x0B3D, 0x07E5, 0x0492,  0x0131, 0xFDE0, 0xFA89, 0xF755,
  0xF424, 0xF11C, 0xEE2A, 0xEB66,  0xE8C5, 0xE658, 0xE41A, 0xE214,
  0xE048, 0xDEB8, 0xDD68, 0xDC55,  0xDB8D, 0xDAFC, 0xDABC, 0xDAB5,
  0xDAF9, 0xDB7B, 0xDC3D, 0xDD45,  0xDE80, 0xDFFF, 0xE1A8, 0xE393,
  0xE5A1, 0xE7E1, 0xEA42, 0xECCA,  0xEF6D, 0xF225, 0xF4F2, 0xF7CB,
  0xFAAB, 0xFD8D, 0x006D, 0x0343,  0x060A, 0x08BD, 0x0B5E, 0x0DD8,
  0x103B, 0x1270, 0x1481, 0x1661,  0x1815, 0x1991, 0x1ADF, 0x1BEC,
  0x1CC9, 0x1D65, 0x1DCD, 0x1DF4,  0x1DE4, 0x1D9B, 0x1D13, 0x1C5F,
  0x1B69, 0x1A49, 0x18F5, 0x1777,  0x15CA, 0x13FE, 0x1208, 0x0FFC,
  0x0DD1, 0x0B95, 0x0945, 0x06EB,  0x048D, 0x022A, 0xFFCD, 0xFD73,
  0xFB2B, 0xF8F3, 0xF6CC, 0xF4C7,  0xF2D5, 0xF112, 0xEF62, 0xEDEE,
  0xEC93, 0xEB71, 0xEA76, 0xE9B3,  0xE91A, 0xE8BC, 0xE889, 0xE891,
  0xE8C5, 0xE92F, 0xE9C8, 0xEA93,  0xEB86, 0xECA9, 0xEDF0, 0xEF61,
  0xF0ED, 0xF2A0, 0xF465, 0xF648,  0xF838, 0xFA38, 0xFC44, 0xFE51,
  0x0065, 0x026D, 0x0477, 0x066A,  0x0857, 0x0A24, 0x0BE4, 0x0D7E,
  0x0EFD, 0x1058, 0x118D, 0x1299,  0x137A, 0x142E, 0x14B6, 0x150D,
  0x152E, 0x152C, 0x14EC, 0x1482,  0x13E9, 0x1320, 0x122A, 0x110E,
  0x0FC3, 0x0E59, 0x0CC8, 0x0B19,  0x0950, 0x076D, 0x0578, 0x036E,
  0x0164, 0xFF43, 0xFD2F, 0xFB11,  0xF902, 0xF6F8, 0xF501, 0xF31A,
  0xF152, 0xEF9C, 0xEE10, 0xEC9F,  0xEB57, 0xEA3D, 0xE945, 0xE889,
  0xE7F1, 0xE794, 0xE765, 0xE76B,  0xE7A7, 0xE818, 0xE8B7, 0xE993,
  0xEA98, 0xEBD1, 0xED36, 0xEECD,  0xF080, 0xF267, 0xF463, 0xF688,
  0xF8C2, 0xFB11, 0xFD74, 0xFFE4,  0x0257, 0x04D6, 0x074C, 0x09BE,
  0x0C24, 0x0E78, 0x10BC, 0x12DD,  0x14E9, 0x16CA, 0x188B, 0x1A1C,
  0x1B81, 0x1CB7, 0x1DB3, 0x1E7E,  0x1F0E, 0x1F62, 0x1F7F, 0x1F5B,
  0x1EFD, 0x1E62, 0x1D8C, 0x1C7A,  0x1B30, 0x19AC, 0x17F8, 0x160C,
  0x13F6, 0x11B4, 0x0F45, 0x0CBC,  0x0A0A, 0x0748, 0x046B, 0x017D,
  0xFE8C, 0xFB8D, 0xF896, 0xF5A0,  0xF2B9, 0xEFE4, 0xED20, 0xEA7E,
  0xE7FC, 0xE59B, 0xE36D, 0xE167,  0xDF97, 0xDDFE, 0xDC9D, 0xDB7E,
  0xDA99, 0xD9F7, 0xD99D, 0xD982,  0xD9AE, 0xDA20, 0xDAD4, 0xDBD2,
  0xDD0C, 0xDE8C, 0xE046, 0xE242,  0xE46F, 0xE6D8, 0xE96E, 0xEC32,
  0xEF1D, 0xF22C, 0xF556, 0xF89E,  0xFBF0, 0xFF54, 0x02BD, 0x0625,
  0x0989, 0x0CDF, 0x1025, 0x1353,  0x1661, 0x194C, 0x1C12, 0x1EA6,
  0x2109, 0x2336, 0x2527, 0x26D6,  0x2848, 0x2974, 0x2A55, 0x2AF3,
  0x2B40, 0x2B47, 0x2B02, 0x2A6B,  0x2996, 0x286D, 0x2701, 0x2552,
  0x2359, 0x212E, 0x1EB9, 0x1C1B,  0x193E, 0x163E, 0x130D, 0x0FC1,
  0x0C50, 0x08CF, 0x0538, 0x0199,  0xFDF5, 0xFA54, 0xF6B9, 0xF330,
  0xEFB9, 0xEC61, 0xE925, 0xE616,  0xE32D, 0xE07B, 0xDDFA, 0xDBB7,
  0xD9B3, 0xD7EC, 0xD672, 0xD539,  0xD44F, 0xD3AB, 0xD359, 0xD353,
  0xD397, 0xD42D, 0xD507, 0xD636,  0xD7A0, 0xD95B, 0xDB51, 0xDD89,
  0xDFF9, 0xE2A2, 0xE57E, 0xE881,  0xEBB1, 0xEEFE, 0xF26B, 0xF5EA,
  0xF979, 0xFD14, 0x00AD, 0x0445,  0x07D6, 0x0B4E, 0x0EBC, 0x1201,
  0x152E, 0x182E, 0x1B03, 0x1DA9,  0x2011, 0x224D, 0x2439, 0x25F6,
  0x2760, 0x288F, 0x2971, 0x2A08,  0x2A5B, 0x2A5C, 0x2A1D, 0x2987,
  0x28B9, 0x2798, 0x263A, 0x2499,  0x22BA, 0x20A2, 0x1E51, 0x1BD1,
  0x1924, 0x164D, 0x1354, 0x103E,  0x0D11, 0x09CF, 0x0687, 0x0333,
  0xFFE5, 0xFC96, 0xF959, 0xF62C,  0xF314, 0xF01D, 0xED43, 0xEA96,
  0xE80D, 0xE5BA, 0xE399, 0xE1AB,  0xE001, 0xDE86, 0xDD59, 0xDC61,
  0xDBB3, 0xDB41, 0xDB1B, 0xDB2D,  0xDB8F, 0xDC23, 0xDD03, 0xDE1A,
  0xDF6E, 0xE0F9, 0xE2BA, 0xE4AD,  0xE6C9, 0xE913, 0xEB7E, 0xEE09,
  0xF0AD, 0xF36B, 0xF634, 0xF90A,  0xFBE5, 0xFEBE, 0x0194, 0x045E,
  0x0717, 0x09BF, 0x0C46, 0x0EB5,  0x10FE, 0x1323, 0x151A, 0x16E4,
  0x187F, 0x19E6, 0x1B13, 0x1C12,  0x1CCB, 0x1D59, 0x1D9D, 0x1DB7,
  0x1D87, 0x1D2D, 0x1C90, 0x1BC3,  0x1ABF, 0x198D, 0x1828, 0x169B,
  0x14E5, 0x130A, 0x1112, 0x0EF8,  0x0CCE, 0x0A89, 0x083F, 0x05E3,
  0x038A, 0x0128, 0xFED4, 0xFC86,  0xFA44, 0xF81B, 0xF5FF, 0xF40B,
  0xF229, 0xF073, 0xEEDE, 0xED74,  0xEC34, 0xEB1F, 0xEA41, 0xE98A,
  0xE90E, 0xE8BD, 0xE8A6, 0xE8BB,  0xE907, 0xE982, 0xEA2E, 0xEB06,
  0xEC0D, 0xED3C, 0xEE91, 0xF00B,  0xF1A6, 0xF35A, 0xF52F, 0xF70D,
  0xF908, 0xFB07, 0xFD12, 0xFF20,  0x012D, 0x0332, 0x0535, 0x0720,
  0x0901, 0x0ACA, 0x0C74, 0x0E09,  0x0F74, 0x10C4, 0x11E6, 0x12E1,
  0x13B4, 0x1456, 0x14C9, 0x1510,  0x1523, 0x150A, 0x14BD, 0x1440,
  0x139B, 0x12BE, 0x11C0, 0x108F,  0x0F42, 0x0DC5, 0x0C2F, 0x0A7A,
  0x08A4, 0x06C4, 0x04C4, 0x02C1,  0x00AE, 0xFE95, 0xFC80, 0xFA6A,
  0xF85E, 0xF65D, 0xF46F, 0xF294,  0xF0D3, 0xEF2F, 0xEDAB, 0xEC4D,
  0xEB14, 0xEA06, 0xE926, 0xE872,  0xE7F3, 0xE7A1, 0xE787, 0xE79E,
  0xE7E8, 0xE86B, 0xE91B, 0xEA04,  0xEB16, 0xEC5D, 0xEDD0, 0xEF6C,
  0xF12E, 0xF319, 0xF51F, 0xF746,  0xF981, 0xFBD8, 0xFE34, 0x00A8,
  0x0313, 0x0593, 0x07FA, 0x0A6B,  0x0CC2, 0x0F11, 0x1141, 0x135A,
  0x1553, 0x1728, 0x18D3, 0x1A57,  0x1BA5, 0x1CCB, 0x1DB2, 0x1E6B,
  0x1EE3, 0x1F2A, 0x1F2B, 0x1EFD,  0x1E85, 0x1DDE, 0x1CF2, 0x1BD3,
  0x1A78, 0x18EA, 0x1727, 0x1530,  0x1314, 0x10C4, 0x0E56, 0x0BC5,
  0x0914, 0x064F, 0x0373, 0x008C,  0xFD9E, 0xFAA6, 0xF7B9, 0xF4D0,
  0xF1F3, 0xEF2A, 0xEC7C, 0xE9E7,  0xE777, 0xE52F, 0xE30E, 0xE126,
  0xDF66, 0xDDE6, 0xDCA1, 0xDB92,  0xDACA, 0xDA41, 0xD9F9, 0xD9FA,
  0xDA39, 0xDAC3, 0xDB8C, 0xDC9C,  0xDDE8, 0xDF7A, 0xE143, 0xE34D,
  0xE586, 0xE7F9, 0xEA95, 0xED62,  0xF04E, 0xF361, 0xF68B, 0xF9CC,
  0xFD1E, 0x0079, 0x03D8, 0x0736,  0x0A8C, 0x0DD4, 0x1109, 0x1421,
  0x171C, 0x19F6, 0x1C9D, 0x1F1F,  0x2164, 0x237A, 0x254B, 0x26E6,
  0x2839, 0x2947, 0x2A10, 0x2A8E,  0x2AC7, 0x2AAD, 0x2A52, 0x29A6,
  0x28B4, 0x2779, 0x25F7, 0x2438,  0x222E, 0x1FF3, 0x1D74, 0x1AC8,
  0x17EA, 0x14DC, 0x11AF, 0x0E5D,  0x0AEF, 0x0776, 0x03DF, 0x0050,
  0xFCB0, 0xF921, 0xF592, 0xF21F,  0xEEB9, 0xEB75, 0xE854, 0xE559,
  0xE28D, 0xDFF5, 0xDD8F, 0xDB6D,  0xD980, 0xD7DE, 0xD67B, 0xD568,
  0xD491, 0xD418, 0xD3D7, 0xD3F4,  0xD44F, 0xD501, 0xD5F4, 0xD736,
  0xD8BA, 0xDA85, 0xDC8F, 0xDED2,  0xE153, 0xE407, 0xE6E4, 0xE9F7,
  0xED22, 0xF076, 0xF3DC, 0xF75A,  0xFAE1, 0xFE72, 0x0201, 0x058C,
  0x0909, 0x0C75, 0x0FC7, 0x12FE,  0x160E, 0x18F7, 0x1BB2, 0x1E3A,
  0x208B, 0x22A0, 0x2479, 0x260D,  0x2764, 0x286D, 0x2931, 0x29AF,
  0x29DF, 0x29CB, 0x296A, 0x28C0,  0x27D8, 0x269D, 0x252F, 0x2378,
  0x2189, 0x1F60, 0x1D06, 0x1A79,  0x17C5, 0x14E6, 0x11ED, 0x0ED4,
  0x0BA9, 0x086D, 0x0529, 0x01E0,  0xFE9A, 0xFB5B, 0xF82E, 0xF510,
  0xF20D, 0xEF2B, 0xEC67, 0xE9D0,  0xE765, 0xE528, 0xE323, 0xE153,
  0xDFBF, 0xDE69, 0xDD51, 0xDC7A,  0xDBE5, 0xDB91, 0xDB83, 0xDBB4,
  0xDC27, 0xDCDA, 0xDDCC, 0xDEF9,  0xE05F, 0xE1FE, 0xE3CB, 0xE5CC,
  0xE7F4, 0xEA48, 0xECB6, 0xEF49,  0xF1EE, 0xF4AE, 0xF770, 0xFA47,
  0xFD17, 0xFFEB, 0x02B3, 0x0573,  0x081D, 0x0AB3, 0x0D2A, 0x0F84,
  0x11BE, 0x13C3, 0x15AE, 0x175A,  0x18DF, 0x1A2D, 0x1B44, 0x1C24,
  0x1CCB, 0x1D39, 0x1D6E, 0x1D69,  0x1D27, 0x1CB3, 0x1C04, 0x1B24,
  0x1A0D, 0x18CA, 0x1756, 0x15BE,  0x13FA, 0x1215, 0x1017, 0x0DF6,
  0x0BCA, 0x0981, 0x0738, 0x04DE,  0x0288, 0x002D, 0xFDE3, 0xFB98,
  0xF968, 0xF744, 0xF540, 0xF351,  0xF186, 0xEFE0, 0xEE5E, 0xED05,
  0xEBD9, 0xEADD, 0xEA0D, 0xE971,  0xE903, 0xE8CE, 0xE8C3, 0xE8F3,
  0xE94D, 0xE9DC, 0xEA99, 0xEB81,  0xEC98, 0xEDD3, 0xEF35, 0xF0BC,
  0xF25B, 0xF41E, 0xF5F1, 0xF7DB,  0xF9D4, 0xFBD5, 0xFDE1, 0xFFE9,
  0x01F4, 0x03F6, 0x05EB, 0x07D6,  0x09A5, 0x0B68, 0x0D02, 0x0E8B,
  0x0FE8, 0x1126, 0x123A, 0x1326,  0x13E3, 0x1477, 0x14D7, 0x150D,
  0x1511, 0x14E1, 0x1488, 0x13FD,  0x1341, 0x125C, 0x114F, 0x1012,
  0x0EB7, 0x0D32, 0x0B95, 0x09D3,  0x0802, 0x0610, 0x0418, 0x0210,
  0xFFFB, 0xFDEB, 0xFBD3, 0xF9C3,  0xF7C2, 0xF5C3, 0xF3E5, 0xF20C,
  0xF061, 0xEEC0, 0xED53, 0xEBFC,  0xEAD6, 0xE9DA, 0xE905, 0xE86A,
  0xE7F3, 0xE7B8, 0xE7B0, 0xE7D0,  0xE836, 0xE8BD, 0xE987, 0xEA73,
  0xEB9D, 0xECEB, 0xEE6A, 0xF010,  0xF1DB, 0xF3CE, 0xF5D7, 0xF805,
  0xFA44, 0xFC96, 0xFEF8, 0x0163,  0x03D3, 0x0643, 0x08AB, 0x0B0F,
  0x0D5E, 0x0F9F, 0x11C3, 0x13D1,  0x15B6, 0x177D, 0x1916, 0x1A88,
  0x1BC6, 0x1CD5, 0x1DAB, 0x1E50,  0x1EB5, 0x1EE5, 0x1EDB, 0x1E8F,
  0x1E11, 0x1D4E, 0x1C57, 0x1B2A,  0x19BC, 0x1826, 0x1650, 0x145A,
  0x1229, 0x0FDE, 0x0D61, 0x0AD5,  0x081B, 0x055C, 0x027F, 0xFFA1,
  0xFCB0, 0xF9CC, 0xF6DE, 0xF407,  0xF133, 0xEE7D, 0xEBDD, 0xE956,
  0xE701, 0xE4C5, 0xE2C0, 0xE0E6,  0xDF43, 0xDDD9, 0xDCA8, 0xDBB3,
  0xDB03, 0xDA91, 0xDA60, 0xDA77,  0xDACE, 0xDB6A, 0xDC49, 0xDD6B,
  0xDECA, 0xE06B, 0xE244, 0xE456,  0xE6A1, 0xE917, 0xEBBF, 0xEE8E,
  0xF17D, 0xF494, 0xF7B7, 0xFAFB,  0xFE42, 0x0199, 0x04EC, 0x083D,
  0x0B8A, 0x0EBC, 0x11E2, 0x14E8,  0x17CE, 0x1A8F, 0x1D21, 0x1F8A,
  0x21B6, 0x23B0, 0x2569, 0x26E7,  0x281C, 0x2913, 0x29BF, 0x2A24,
  0x2A3E, 0x2A10, 0x2997, 0x28D9,  0x27CC, 0x2680, 0x24EA, 0x2318,
  0x2100, 0x1EB8, 0x1C2D, 0x1978,  0x1692, 0x1380, 0x1053, 0x0CFD,
  0x0999, 0x0619, 0x0296, 0xFF05,  0xFB7C, 0xF7F3, 0xF47A, 0xF114,
  0xEDC3, 0xEA9A, 0xE789, 0xE4AE,  0xE1F6, 0xDF7C, 0xDD35, 0xDB28,
  0xD962, 0xD7D6, 0xD697, 0xD599,  0xD4EB, 0xD484, 0xD469, 0xD497,
  0xD517, 0xD5D9, 0xD6E8, 0xD840,  0xD9D7, 0xDBB6, 0xDDCA, 0xE025,
  0xE2AA, 0xE56B, 0xE84F, 0xEB65,  0xEE93, 0xF1E9, 0xF547, 0xF8C6,
  0xFC40, 0xFFCA, 0x034C, 0x06C8,  0x0A33, 0x0D8F, 0x10C9, 0x13ED,
  0x16E2, 0x19B5, 0x1C50, 0x1EC3,  0x20EF, 0x22F2, 0x24A0, 0x2624,
  0x274F, 0x2843, 0x28E8, 0x2948,  0x295C, 0x292A, 0x28B3, 0x27EF,
  0x26EC, 0x25A1, 0x2419, 0x2256,  0x204F, 0x1E22, 0x1BB3, 0x1924,
  0x1661, 0x1388, 0x1082, 0x0D71,  0x0A45, 0x070F, 0x03D3, 0x0092,
  0xFD5A, 0xFA2A, 0xF708, 0xF403,  0xF10E, 0xEE45, 0xEB96, 0xE918,
  0xE6C7, 0xE4A3, 0xE2BA, 0xE105,  0xDF8E, 0xDE54, 0xDD57, 0xDC9E,
  0xDC22, 0xDBEE, 0xDBF3, 0xDC44,  0xDCCA, 0xDD99, 0xDE9B, 0xDFE0,
  0xE155, 0xE307, 0xE4DF, 0xE6F0,  0xE920, 0xEB7C, 0xEDEF, 0xF08A,
  0xF32B, 0xF5EB, 0xF8AE, 0xFB7A,  0xFE49, 0x010B, 0x03D3, 0x0679,
  0x091E, 0x0B9C, 0x0E06, 0x104D,  0x1269, 0x1465, 0x162E, 0x17CA,
  0x1933, 0x1A6A, 0x1B67, 0x1C2F,  0x1CBF, 0x1D12, 0x1D32, 0x1D12,
  0x1CBF, 0x1C32, 0x1B71, 0x1A7D,  0x1955, 0x1802, 0x1682, 0x14DA,
  0x130C, 0x1122, 0x0F17, 0x0CF7,  0x0AC2, 0x087E, 0x0630, 0x03DE,
  0x0188, 0xFF38, 0xFCF4, 0xFAB1,  0xF892, 0xF677, 0xF480, 0xF2A6,
  0xF0E8, 0xEF56, 0xEDE3, 0xECA1,  0xEB89, 0xEAA0, 0xE9E3, 0xE95E,
  0xE906, 0xE8DF, 0xE8F0, 0xE92C,  0xE99D, 0xEA3D, 0xEB08, 0xEC05,
  0xED24, 0xEE71, 0xEFDD, 0xF16C,  0xF319, 0xF4DD, 0xF6BA, 0xF8A6,
  0xFAA0, 0xFCA2, 0xFEAD, 0x00B2,  0x02BA, 0x04B2, 0x06A2, 0x0882,
  0x0A49, 0x0BFC, 0x0D8F, 0x0F05,  0x1057, 0x1181, 0x1288, 0x1362,
  0x140E, 0x1490, 0x14E2, 0x1501,  0x14F6, 0x14B8, 0x144C, 0x13B0,
  0x12E8, 0x11F5, 0x10D7, 0x0F93,  0x0E29, 0x0C9F, 0x0AF6, 0x092F,
  0x0757, 0x0566, 0x0367, 0x015F,  0xFF4F, 0xFD3C, 0xFB2C, 0xF922,
  0xF724, 0xF532, 0xF359, 0xF192,  0xEFEA, 0xEE61, 0xECF7, 0xEBB7,
  0xEA9D, 0xE9B1, 0xE8EF, 0xE862,  0xE7FE, 0xE7D5, 0xE7D7, 0xE812,
  0xE87D, 0xE91F, 0xE9EB, 0xEAF2,  0xEC1F, 0xED7E, 0xEF04, 0xF0B8,
  0xF288, 0xF483, 0xF68F, 0xF8C5,  0xFB00, 0xFD57, 0xFFB8, 0x021D,
  0x048B, 0x06F1, 0x0958, 0x0BAD,  0x0DF6, 0x1025, 0x1244, 0x1439,
  0x1619, 0x17C9, 0x1953, 0x1AB3,  0x1BDC, 0x1CDB, 0x1D9E, 0x1E2B,
  0x1E82, 0x1E9D, 0x1E7D, 0x1E27,  0x1D8C, 0x1CC2, 0x1BB6, 0x1A7A,
  0x1903, 0x1759, 0x1582, 0x1377,  0x1148, 0x0EF1, 0x0C74, 0x09E1,
  0x0729, 0x046C, 0x0191, 0xFEB5,  0xFBD1, 0xF8EE, 0xF612, 0xF33F,
  0xF081, 0xEDD3, 0xEB46, 0xE8D4,  0xE68D, 0xE469, 0xE276, 0xE0B5,
  0xDF27, 0xDDD4, 0xDCB7, 0xDBE3,  0xDB3F, 0xDAEA, 0xDACF, 0xDAFB,
  0xDB67, 0xDC1B, 0xDD08, 0xDE42,  0xDFAD, 0xE15E, 0xE348, 0xE563,
  0xE7BA, 0xEA36, 0xECE7, 0xEFB7,  0xF2AE, 0xF5BB, 0xF8E7, 0xFC1E,
  0xFF64, 0x02AF, 0x05F8, 0x0941,  0x0C77, 0x0F9F, 0x12B2, 0x15A3,
  0x1874, 0x1B1F, 0x1D9A, 0x1FEA,  0x21FA, 0x23DE, 0x2579, 0x26DD,
  0x27F8, 0x28D3, 0x2963, 0x29B0,  0x29AD, 0x296B, 0x28D7, 0x2800,
  0x26E4, 0x257E, 0x23D9, 0x21F5,  0x1FD1, 0x1D79, 0x1AE8, 0x1825,
  0x153F, 0x1227, 0x0EF7, 0x0BA6,  0x0840, 0x04CC, 0x014E, 0xFDC9,
  0xFA4A, 0xF6D2, 0xF369, 0xF016,  0xECDC, 0xE9C5, 0xE6CF, 0xE40A,
  0xE171, 0xDF0F, 0xDCE3, 0xDAF8,  0xD949, 0xD7DF, 0xD6BB, 0xD5DB,
  0xD54D, 0xD4FB, 0xD503, 0xD549,  0xD5E0, 0xD6BD, 0xD7E4, 0xD94C,
  0xDAFD, 0xDCE4, 0xDF13, 0xE16F,  0xE409, 0xE6C9, 0xE9BE, 0xECCD,
  0xF004, 0xF351, 0xF6B5, 0xFA24,  0xFD9C, 0x0119, 0x048C, 0x07FB,
  0x0B55, 0x0E99, 0x11C5, 0x14CB,  0x17AC, 0x1A64, 0x1CE5, 0x1F3A,
  0x214C, 0x232D, 0x24C5, 0x2624,  0x2736, 0x280A, 0x2892, 0x28D5,
  0x28CF, 0x2882, 0x27F1, 0x2714,  0x25FB, 0x249E, 0x22FE, 0x212C,
  0x1F19, 0x1CDB, 0x1A62, 0x17CD,  0x1501, 0x1228, 0x0F1C, 0x0C13,
  0x08E3, 0x05B9, 0x0282, 0xFF4D,  0xFC24, 0xF8FC, 0xF5F3, 0xF2FA,
  0xF01F, 0xED67, 0xEAD3, 0xE86C,  0xE633, 0xE42D, 0xE25B, 0xE0C6,
  0xDF68, 0xDE4B, 0xDD6A, 0xDCCB,  0xDC6E, 0xDC4F, 0xDC75, 0xDCD6,
  0xDD7C, 0xDE58, 0xDF78, 0xE0C8,  0xE256, 0xE40C, 0xE600, 0xE80F,
  0xEA51, 0xECAE, 0xEF2C, 0xF1C3,  0xF46A, 0xF725, 0xF9E6, 0xFCA9,
  0xFF73, 0x0228, 0x04E7, 0x077B,  0x0A14, 0x0C7F, 0x0ED7, 0x1107,
  0x1313, 0x14F6, 0x16A6, 0x182E,  0x197D, 0x1A9B, 0x1B81, 0x1C30,
  0x1CA6, 0x1CE5, 0x1CE9, 0x1CB6,  0x1C4C, 0x1BAA, 0x1AD8, 0x19CD,
  0x189B, 0x1734, 0x15A7, 0x13F5,  0x121D, 0x102A, 0x0E1A, 0x0BF3,
  0x09BF, 0x077B, 0x052C, 0x02DF,  0x008E, 0xFE46, 0xFC08, 0xF9D6,
  0xF7BD, 0xF5B0, 0xF3CC, 0xF1FF,  0xF053, 0xEED2, 0xED74, 0xEC44,
  0xEB42, 0xEA68, 0xE9C7, 0xE952,  0xE90B, 0xE901, 0xE91E, 0xE96E,
  0xE9F7, 0xEA9D, 0xEB87, 0xEC84,  0xEDBC, 0xEF0F, 0xF089, 0xF222,
  0xF3D6, 0xF59F, 0xF783, 0xF970,  0xFB6D, 0xFD6F, 0xFF75, 0x017A,
  0x037A, 0x056C, 0x0757, 0x0927,  0x0AE8, 0x0C8D, 0x0E13, 0x0F7B,
  0x10BD, 0x11DA, 0x12CD, 0x1398,  0x1431, 0x14A6, 0x14E0, 0x14F5,
  0x14D5, 0x1486, 0x140B, 0x135F,  0x128B, 0x1187, 0x105F, 0x0F0C,
  0x0D9F, 0x0C03, 0x0A58, 0x088B,  0x06AC, 0x04B9, 0x02B9, 0x00B1,
  0xFEA1, 0xFC94, 0xFA84, 0xF887,  0xF688, 0xF4A7, 0xF2D2, 0xF11B,
  0xEF7C, 0xEE01, 0xECA6, 0xEB75,  0xEA6B, 0xE98F, 0xE8DD, 0xE85F,
  0xE811, 0xE7F1, 0xE80C, 0xE853,  0xE8CE, 0xE97D, 0xEA5D, 0xEB6B,
  0xECAB, 0xEE0E, 0xEFA8, 0xF159,  0xF33C, 0xF532, 0xF750, 0xF97B,
  0xFBC0, 0xFE15, 0x0072, 0x02D7,  0x053D, 0x07A0, 0x09FB, 0x0C47,
  0x0E86, 0x10AB, 0x12B7, 0x14A3,  0x166E, 0x1811, 0x198A, 0x1AD3,
  0x1BF2, 0x1CD4, 0x1D8B, 0x1E04,  0x1E44, 0x1E52, 0x1E1A, 0x1DB4,
  0x1D09, 0x1C2F, 0x1B11, 0x19CA,  0x1841, 0x1691, 0x14AD, 0x1298,
  0x1067, 0x0E04, 0x0B88, 0x08F0,  0x063D, 0x037A, 0x00AB, 0xFDCD,
  0xFAF8, 0xF817, 0xF549, 0xF284,  0xEFD1, 0xED34, 0xEAB8, 0xE859,
  0xE622, 0xE417, 0xE235, 0xE08D,  0xDF12, 0xDDD8, 0xDCD6, 0xDC0F,
  0xDB8C, 0xDB46, 0xDB48, 0xDB84,  0xDC0A, 0xDCCB, 0xDDD3, 0xDF15,
  0xE099, 0xE254, 0xE44C, 0xE671,  0xE8D2, 0xEB56, 0xEE0C, 0xF0DF,
  0xF3D8, 0xF6E3, 0xFA0E, 0xFD3D,  0x007E, 0x03BE, 0x0700, 0x0A35,
  0x0D62, 0x1076, 0x1378, 0x1651,  0x1915, 0x1B9F, 0x1E0C, 0x2039,
  0x2239, 0x23FD, 0x2580, 0x26C7,  0x27CB, 0x2886, 0x2900, 0x2930,
  0x2918, 0x28BA, 0x280F, 0x2727,  0x25EE, 0x247D, 0x22C2, 0x20D1,
  0x1E9F, 0x1C39, 0x19A0, 0x16DB,  0x13E5, 0x10D8, 0x0D9A, 0x0A57,
  0x06EE, 0x0383, 0x000E, 0xFC93,  0xF926, 0xF5B8, 0xF264, 0xEF22,
  0xEBFF, 0xE8FD, 0xE621, 0xE374,  0xE0F7, 0xDEAD, 0xDCA3, 0xDACE,
  0xD941, 0xD7F1, 0xD6ED, 0xD62B,  0xD5B1, 0xD586, 0xD5A0, 0xD607,
  0xD6B2, 0xD7A8, 0xD8E5, 0xDA5F,  0xDC24, 0xDE1D, 0xE056, 0xE2C1,
  0xE563, 0xE82E, 0xEB21, 0xEE39,  0xF16D, 0xF4BA, 0xF816, 0xFB80,
  0xFEEF, 0x025E, 0x05C6, 0x0922,  0x0C6B, 0x0F9B, 0x12B3, 0x159C,
  0x186E, 0x1B01, 0x1D70, 0x1FA1,  0x219F, 0x235A, 0x24DE, 0x2614,
  0x2714, 0x27C3, 0x2831, 0x285A,  0x2835, 0x27D4, 0x2721, 0x2637,
  0x2502, 0x2391, 0x21E3, 0x1FFD,  0x1DDF, 0x1B91, 0x1914, 0x1671,
  0x13A9, 0x10C1, 0x0DC5, 0x0AAE,  0x078F, 0x0464, 0x013C, 0xFE0E,
  0xFAF3, 0xF7DF, 0xF4E2, 0xF201,  0xEF35, 0xEC99, 0xEA1A, 0xE7CC,
  0xE5AD, 0xE3C1, 0xE20D, 0xE08F,  0xDF51, 0xDE4B, 0xDD8B, 0xDD04,
  0xDCC2, 0xDCBE, 0xDCFB, 0xDD78,  0xDE2E, 0xDF28, 0xE052, 0xE1BE,
  0xE352, 0xE522, 0xE718, 0xE936,  0xEB81, 0xEDE1, 0xF068, 0xF2FA,
  0xF5A7, 0xF85B, 0xFB17, 0xFDD7,  0x0092, 0x0345, 0x05EA, 0x087F,
  0x0AFA, 0x0D5C, 0x0F9C, 0x11BA,  0x13B1, 0x157A, 0x1717, 0x1887,
  0x19BA, 0x1AC5, 0x1B8C, 0x1C2A,  0x1C83, 0x1CAC, 0x1C9A, 0x1C4E,
  0x1BD3, 0x1B1B, 0x1A35, 0x191C,  0x17D5, 0x1665, 0x14C9, 0x130C,
  0x112C, 0x0F2F, 0x0D1D, 0x0AF3,  0x08BB, 0x0677, 0x042E, 0x01E2,
  0xFF99, 0xFD59, 0xFB22, 0xF8FF,  0xF6EE, 0xF4F3, 0xF31F, 0xF15C,
  0xEFCA, 0xEE54, 0xED0F, 0xEBEE,  0xEB01, 0xEA3F, 0xE9AE, 0xE94D,
  0xE920, 0xE922, 0xE957, 0xE9B9,  0xEA4F, 0xEB11, 0xEBFB, 0xED16,
  0xEE4F, 0xEFB7, 0xF135, 0xF2DB,  0xF492, 0xF667, 0xF849, 0xFA3C,
  0xFC37, 0xFE3B, 0x003D, 0x023D,  0x0437, 0x0624, 0x0803, 0x09CC,
  0x0B82, 0x0D16, 0x0E94, 0x0FE7,  0x1121, 0x1228, 0x130F, 0x13C6,
  0x1451, 0x14AF, 0x14DF, 0x14DD,  0x14B1, 0x144D, 0x13C6, 0x130C,
  0x1223, 0x111B, 0x0FDE, 0x0E8A,  0x0D08, 0x0B6C, 0x09B8, 0x07E3,
  0x0603, 0x040C, 0x020C, 0x0004,  0xFDF4, 0xFBEE, 0xF9E3, 0xF7E8,
  0xF5F8, 0xF41A, 0xF254, 0xF0A4,  0xEF16, 0xEDA5, 0xEC5D, 0xEB38,
  0xEA3D, 0xE974, 0xE8CF, 0xE867,  0xE823, 0xE81A, 0xE841, 0xE898,
  0xE925, 0xE9E1, 0xEAD1, 0xEBE7,  0xED38, 0xEEA6, 0xF045, 0xF204,
  0xF3E9, 0xF5E9, 0xF806, 0xFA37,  0xFC7E, 0xFECF, 0x012A, 0x038D,
  0x05EB, 0x084A, 0x0A98, 0x0CDF,  0x0F0F, 0x1129, 0x1326, 0x1506,
  0x16BD, 0x1852, 0x19B7, 0x1AF2,  0x1BFA, 0x1CCD, 0x1D6F, 0x1DD3,
  0x1E08, 0x1DF7, 0x1DBB, 0x1D37,  0x1C85, 0x1B94, 0x1A6E, 0x1910,
  0x1786, 0x15C1, 0x13D9, 0x11BC,  0x0F80, 0x0D1D, 0x0A9C, 0x0805,
  0x054F, 0x0291, 0xFFC6, 0xFCEF,  0xFA1F, 0xF749, 0xF48A, 0xF1CB,
  0xEF2B, 0xEC9F, 0xEA30, 0xE7E6,  0xE5C3, 0xE3C9, 0xE202, 0xE06A,
  0xDF08, 0xDDE8, 0xDCF4, 0xDC4D,  0xDBDA, 0xDBB0, 0xDBC2, 0xDC18,
  0xDCAE, 0xDD86, 0xDE9C, 0xDFF4,  0xE182, 0xE350, 0xE54C, 0xE786,
  0xE9E6, 0xEC78, 0xEF2C, 0xF207,  0xF4FB, 0xF80B, 0xFB2C, 0xFE57,
  0x0193, 0x04C6, 0x07FB, 0x0B26,  0x0E40, 0x1145, 0x1432, 0x16F8,
  0x19A5, 0x1C1B, 0x1E6B, 0x2085,  0x2268, 0x2410, 0x257E, 0x26A7,
  0x2790, 0x2833, 0x2893, 0x28A7,  0x287B, 0x27FE, 0x2747, 0x263F,
  0x24FC, 0x2371, 0x21AC, 0x1FA7,  0x1D6C, 0x1AFA, 0x185C, 0x1589,
  0x129A, 0x0F7E, 0x0C50, 0x0901,  0x05A9, 0x0241, 0xFED3, 0xFB6C,
  0xF803, 0xF4AC, 0xF16A, 0xEE39,  0xEB2E, 0xE841, 0xE580, 0xE2E8,
  0xE08A, 0xDE5A, 0xDC6C, 0xDAB5,  0xD941, 0xD813, 0xD727, 0xD684,
  0xD626, 0xD618, 0xD647, 0xD6CA,  0xD78F, 0xD899, 0xD9E9, 0xDB7C,
  0xDD4D, 0xDF56, 0xE1A0, 0xE410,  0xE6C1, 0xE98B, 0xEC8A, 0xEF9D,
  0xF2D5, 0xF61A, 0xF974, 0xFCD4,  0x0039, 0x039C, 0x06F3, 0x0A43,
  0x0D72, 0x1096, 0x138F, 0x1669,  0x191A, 0x1B98, 0x1DEA, 0x1FFF,
  0x21E1, 0x237F, 0x24E2, 0x2603,  0x26DC, 0x2776, 0x27C4, 0x27D3,
  0x2794, 0x2716, 0x2652, 0x254C,  0x2405, 0x227F, 0x20C2, 0x1ECC,
  0x1C9F, 0x1A4A, 0x17C3, 0x1518,  0x124E, 0x0F65, 0x0C67, 0x0956,
  0x063B, 0x031B, 0xFFF8, 0xFCDA,  0xF9CD, 0xF6C6, 0xF3E2, 0xF10A,
  0xEE60, 0xEBD0, 0xE96F, 0xE738,  0xE534, 0xE361, 0xE1C9, 0xE067,
  0xDF41, 0xDE5F, 0xDDAE, 0xDD4F,  0xDD1B, 0xDD3B, 0xDD89, 0xDE1F,
  0xDEEF, 0xDFF5, 0xE13D, 0xE2AF,  0xE45D, 0xE633, 0xE835, 0xEA61,
  0xECAF, 0xEF17, 0xF19D, 0xF436,  0xF6DB, 0xF98F, 0xFC45, 0xFEFC,
  0x01AF, 0x0454, 0x06EE, 0x0972,  0x0BDD, 0x0E2C, 0x105A, 0x1262,
  0x1443, 0x15F6, 0x177F, 0x18D1,  0x19F2, 0x1AE1, 0x1B94, 0x1C14,
  0x1C5C, 0x1C68, 0x1C44, 0x1BDF,  0x1B51, 0x1A82, 0x198F, 0x1860,
  0x170C, 0x158C, 0x13E5, 0x121A,  0x1037, 0x0E2C, 0x0C1C, 0x09E8,
  0x07B2, 0x056E, 0x0328, 0x00DD,  0xFEA0, 0xFC62, 0xFA39, 0xF81D,
  0xF61A, 0xF431, 0xF264, 0xF0BA,  0xEF32, 0xEDD6, 0xEC9B, 0xEB96,
  0xEAB8, 0xEA0C, 0xE98D, 0xE947,  0xE926, 0xE942, 0xE987, 0xE9FE,
  0xEAA7, 0xEB74, 0xEC78, 0xED98,  0xEEE9, 0xF053, 0xF1E6, 0xF38F,
  0xF552, 0xF72C, 0xF913, 0xFB0A,  0xFD09, 0xFF08, 0x010E, 0x0309,
  0x04FE, 0x06E6, 0x08BD, 0x0A7D,  0x0C2B, 0x0DB0, 0x0F27, 0x1069,
  0x1196, 0x128F, 0x1365, 0x140F,  0x1487, 0x14D7, 0x14F6, 0x14E4,
  0x14A6, 0x1437, 0x139B, 0x12D5,  0x11E0, 0x10C7, 0x0F84, 0x0E1A,
  0x0C99, 0x0AEE, 0x0934, 0x0758,  0x0574, 0x0376, 0x0177, 0xFF6C,
  0xFD5E, 0xFB58, 0xF94F, 0xF75D,  0xF56B, 0xF39C, 0xF1D7, 0xF033,
  0xEEB0, 0xED47, 0xEC0B, 0xEAF4,  0xEA03, 0xE949, 0xE8B2, 0xE853,
  0xE823, 0xE822, 0xE85A, 0xE8BB,  0xE958, 0xEA1E, 0xEB17, 0xEC3F,
  0xED90, 0xEF0E, 0xF0B1, 0xF27B,  0xF45F, 0xF66B, 0xF883, 0xFABF,
  0xFCFC, 0xFF55, 0x01AA, 0x0409,  0x0667, 0x08B7, 0x0B08, 0x0D40,
  0x0F68, 0x117A, 0x136A, 0x153B,  0x16EB, 0x186E, 0x19C8, 0x1AF4,
  0x1BEC, 0x1CB3, 0x1D44, 0x1D9D,  0x1DBE, 0x1DA7, 0x1D56, 0x1CCD,
  0x1C09, 0x1B11, 0x19DE, 0x187C,  0x16E5, 0x151F, 0x132C, 0x1112,
  0x0ECE, 0x0C70, 0x09EB, 0x0759,  0x04A7, 0x01EF, 0xFF28, 0xFC5C,
  0xF996, 0xF6CD, 0xF415, 0xF16B,  0xEED3, 0xEC5C, 0xE9FB, 0xE7C5,
  0xE5B2, 0xE3CC, 0xE217, 0xE094,  0xDF45, 0xDE36, 0xDD58, 0xDCC3,
  0xDC61, 0xDC4B, 0xDC6A, 0xDCD3,  0xDD76, 0xDE5B, 0xDF80, 0xE0DD,
  0xE27A, 0xE449, 0xE651, 0xE88A,  0xEAED, 0xED80, 0xF030, 0xF307,
  0xF5F9, 0xF8FA, 0xFC17, 0xFF36,  0x025F, 0x0589, 0x08AA, 0x0BC2,
  0x0EC9, 0x11BB, 0x148C, 0x1743,  0x19CD, 0x1C33, 0x1E65, 0x2067,
  0x222E, 0x23BF, 0x2510, 0x261F,  0x26F4, 0x2779, 0x27C4, 0x27C4,
  0x277E, 0x26F4, 0x2624, 0x2512,  0x23BE, 0x2226, 0x2059, 0x1E4A,
  0x1C0A, 0x1997, 0x16F1, 0x1429,  0x1136, 0x0E24, 0x0AFF, 0x07B9,
  0x046F, 0x0118, 0xFDBB, 0xFA66,  0xF717, 0xF3D5, 0xF0AC, 0xED98,
  0xEAA7, 0xE7D9, 0xE534, 0xE2C2,  0xE07A, 0xDE73, 0xDC9F, 0xDB0C,
  0xD9B7, 0xD8A7, 0xD7DB, 0xD754,  0xD714, 0xD71D, 0xD76C, 0xD802,
  0xD8DD, 0xD9FE, 0xDB5E, 0xDD00,  0xDEDE, 0xE0F4, 0xE342, 0xE5BD,
  0xE869, 0xEB3D, 0xEE2E, 0xF146,  0xF46C, 0xF7AF, 0xFAF5, 0xFE49,
  0x019A, 0x04E6, 0x082C, 0x0B5A,  0x0E78, 0x1178, 0x1455, 0x1711,
  0x199E, 0x1BFD, 0x1E2B, 0x201F,  0x21D9, 0x235B, 0x2494, 0x2597,
  0x264B, 0x26C7, 0x26F0, 0x26E5,  0x2686, 0x25ED, 0x2510, 0x23EF,
  0x2296, 0x20FC, 0x1F2C, 0x1D2A,  0x1AF2, 0x188F, 0x1607, 0x135A,
  0x1088, 0x0DAB, 0x0AA9, 0x07A9,  0x0492, 0x0181, 0xFE70, 0xFB64,
  0xF86A, 0xF57D, 0xF2AE, 0xEFF7,  0xED62, 0xEAF8, 0xE8B1, 0xE69E,
  0xE4BA, 0xE308, 0xE196, 0xE053,  0xDF57, 0xDE8C, 0xDE0D, 0xDDBC,
  0xDDBD, 0xDDEC, 0xDE63, 0xDF12,  0xDFFB, 0xE11F, 0xE27B, 0xE403,
  0xE5C3, 0xE7A9, 0xE9BE, 0xEBEF,  0xEE4A, 0xF0B6, 0xF340, 0xF5D9,
  0xF87E, 0xFB2E, 0xFDD8, 0x008C,  0x032C, 0x05C9, 0x084D, 0x0AC0,
  0x0D17, 0x0F4F, 0x1161, 0x1356,  0x1514, 0x16B2, 0x1815, 0x1950,
  0x1A4F, 0x1B1E, 0x1BB5, 0x1C14,  0x1C3D, 0x1C2D, 0x1BE7, 0x1B6E,
  0x1ABB, 0x19DD, 0x18C5, 0x178A,  0x161A, 0x148B, 0x12CF, 0x10F9,
  0x0F04, 0x0CF4, 0x0AD4, 0x08A0,  0x0663, 0x041E, 0x01D8, 0xFF93,
  0xFD55, 0xFB22, 0xF902, 0xF6F1,  0xF4FC, 0xF31E, 0xF167, 0xEFC8,
  0xEE5B, 0xED0C, 0xEBED, 0xEAFA,  0xEA32, 0xE9A2, 0xE938, 0xE908,
  0xE904, 0xE933, 0xE991, 0xEA1F,  0xEADE, 0xEBC1, 0xECD7, 0xEE0D,
  0xEF6D, 0xF0ED, 0xF288, 0xF443,  0xF611, 0xF7F6, 0xF9E5, 0xFBE4,
  0xFDE5, 0xFFEB, 0x01F0, 0x03EA,  0x05E1, 0x07C2, 0x0994, 0x0B4F,
  0x0CF0, 0x0E74, 0x0FD4, 0x1116,  0x122D, 0x131C, 0x13E3, 0x147A,
  0x14E8, 0x1521, 0x1532, 0x1510,  0x14BF, 0x1443, 0x1393, 0x12C0,
  0x11B9, 0x1093, 0x0F40, 0x0DD2,  0x0C38, 0x0A8D, 0x08C3, 0x06E3,
  0x04F4, 0x02F5, 0x00EF, 0xFEE0,  0xFCD5, 0xFAC9, 0xF8C9, 0xF6D1,
  0xF4EB, 0xF31B, 0xF161, 0xEFC3,  0xEE48, 0xECEA, 0xEBB7, 0xEAAC,
  0xE9C7, 0xE919, 0xE88E, 0xE83F,  0xE818, 0xE829, 0xE86A, 0xE8DA,
  0xE984, 0xEA54, 0xEB5C, 0xEC8B,  0xEDE8, 0xEF72, 0xF119, 0xF2E9,
  0xF4DA, 0xF6E2, 0xF906, 0xFB3D,  0xFD81, 0xFFD5, 0x022B, 0x0486,
  0x06DF, 0x092B, 0x0B74, 0x0DA3,  0x0FC7, 0x11C5, 0x13B2, 0x1575,
  0x1716, 0x188E, 0x19D8, 0x1AF5,  0x1BE0, 0x1C96, 0x1D1A, 0x1D60,
  0x1D77, 0x1D4D, 0x1CF2, 0x1C57,  0x1B8B, 0x1A7F, 0x194D, 0x17D5,
  0x163E, 0x146A, 0x1275, 0x1052,  0x0E11, 0x0BA7, 0x092E, 0x0691,
  0x03EB, 0x0130, 0xFE76, 0xFBAC,  0xF8F2, 0xF630, 0xF389, 0xF0E6,
  0xEE62, 0xEBF7, 0xE9A9, 0xE782,  0xE582, 0xE3B1, 0xE20E, 0xE09E,
  0xDF66, 0xDE69, 0xDDA0, 0xDD1F,  0xDCD2, 0xDCCE, 0xDCFF, 0xDD7C,
  0xDE2C, 0xDF27, 0xE053, 0xE1C4,  0xE368, 0xE543, 0xE757, 0xE98F,
  0xEC00, 0xEE8E, 0xF146, 0xF41B,  0xF706, 0xFA0A, 0xFD19, 0x0034,
  0x0354, 0x066E, 0x0985, 0x0C8D,  0x0F81, 0x1263, 0x151E, 0x17C1,
  0x1A3B, 0x1C7E, 0x1EA3, 0x2087,  0x2236, 0x23B1, 0x24E3, 0x25E1,
  0x2695, 0x2706, 0x2739, 0x2720,  0x26C5, 0x2627, 0x2541, 0x241F,
  0x22B5, 0x2116, 0x1F32, 0x1D1F,  0x1AD1, 0x1857, 0x15AE, 0x12DE,
  0x0FED, 0x0CDD, 0x09B6, 0x067C,  0x0335, 0xFFE8, 0xFC9A, 0xF94E,
  0xF613, 0xF2DE, 0xEFCD, 0xECC9,  0xE9F1, 0xE73A, 0xE4AF, 0xE251,
  0xE02C, 0xDE37, 0xDC86, 0xDB09,  0xD9D3, 0xD8E1, 0xD82A, 0xD7C5,
  0xD79C, 0xD7C0, 0xD828, 0xD8D2,  0xD9C9, 0xDAF9, 0xDC6F, 0xDE21,
  0xE00D, 0xE233, 0xE488, 0xE710,  0xE9C0, 0xEC95, 0xEF8F, 0xF2A0,
  0xF5C8, 0xF900, 0xFC43, 0xFF8B,  0x02D1, 0x060F, 0x0942, 0x0C62,
  0x0F68, 0x1256, 0x151A, 0x17BE,  0x1A31, 0x1C77, 0x1E89, 0x205E,
  0x2205, 0x235A, 0x248B, 0x255E,  0x2605, 0x265A, 0x2673, 0x2644,
  0x25D3, 0x2520, 0x242D, 0x22FA,  0x2189, 0x1FE3, 0x1E02, 0x1BF3,
  0x19B0, 0x1747, 0x14B7, 0x1202,  0x0F38, 0x0C4F, 0x095F, 0x0654,
  0x0353, 0x0043, 0xFD40, 0xFA44,  0xF756, 0xF47E, 0xF1C0, 0xEF1E,
  0xECA4, 0xEA4A, 0xE81F, 0xE627,  0xE458, 0xE2CA, 0xE169, 0xE047,
  0xDF63, 0xDEB5, 0xDE4E, 0xDE1C,  0xDE2F, 0xDE7B, 0xDF07, 0xDFCB,
  0xE0CC, 0xE200, 0xE36A, 0xE507,  0xE6D1, 0xE8C4, 0xEAE1, 0xED1A,
  0xEF7B, 0xF1E7, 0xF477, 0xF709,  0xF9B1, 0xFC53, 0xFF00, 0x01A1,
  0x043C, 0x06C7, 0x0941, 0x0BA0,  0x0DE5, 0x100C, 0x1209, 0x13E8,
  0x158E, 0x1717, 0x1864, 0x1983,  0x1A6F, 0x1B22, 0x1BA3, 0x1BEB,
  0x1BFB, 0x1BD7, 0x1B7B, 0x1AEC,  0x1A29, 0x1935, 0x180F, 0x16C5,
  0x1545, 0x13AD, 0x11E4, 0x1008,  0x0E0B, 0x0BF7, 0x09D7, 0x079B,
  0x0567, 0x0320, 0x00E0, 0xFEA3,  0xFC6A, 0xFA46, 0xF82D, 0xF628,
  0xF447, 0xF274, 0xF0CF, 0xEF40,  0xEDEA, 0xECA5, 0xEBA6, 0xEABA,
  0xEA13, 0xE98B, 0xE93D, 0xE91E,  0xE92C, 0xE973, 0xE9DD, 0xEA82,
  0xEB4C, 0xEC42, 0xED65, 0xEEA9,  0xF013, 0xF19B, 0xF345, 0xF500,
  0xF6D9, 0xF8BC, 0xFAB2, 0xFCAE,  0xFEB1, 0x00B2, 0x02B1, 0x04AB,
  0x0691, 0x0874, 0x0A31, 0x0BEA,  0x0D79, 0x0EEF, 0x1045, 0x1173,
  0x127C, 0x135A, 0x1411, 0x1498,  0x14F0, 0x151F, 0x151A, 0x14E8,
  0x1489, 0x13FB, 0x133F, 0x125B,  0x114A, 0x1015, 0x0EBC, 0x0D3B,
  0x0BA6, 0x09E9, 0x081F, 0x0639,  0x0449, 0x0248, 0x0042, 0xFE38,
  0xFC2C, 0xFA2B, 0xF829, 0xF641,  0xF461, 0xF29A, 0xF0EE, 0xEF5A,
  0xEDED, 0xECA0, 0xEB77, 0xEA80,  0xE9A8, 0xE90B, 0xE892, 0xE84F,
  0xE83E, 0xE85A, 0xE8AE, 0xE92B,  0xE9E5, 0xEAC2, 0xEBD6, 0xED13,
  0xEE79, 0xF00B, 0xF1BE, 0xF393,  0xF589, 0xF795, 0xF9BC, 0xFBF3,
  0xFE38, 0x0087, 0x02DC, 0x0532,  0x0780, 0x09C9, 0x0C04, 0x0E2B,
  0x1040, 0x1234, 0x1411, 0x15C4,  0x1755, 0x18BD, 0x19F4, 0x1B02,
  0x1BD7, 0x1C7F, 0x1CEB, 0x1D26,  0x1D24, 0x1CEF, 0x1C7D, 0x1BD6,
  0x1AF9, 0x19E2, 0x189D, 0x171F,  0x1577, 0x13A1, 0x119F, 0x0F78,
  0x0D32, 0x0AC6, 0x084C, 0x05AE,  0x030B, 0x0058, 0xFD9D, 0xFAE2,
  0xF82B, 0xF57A, 0xF2D9, 0xF049,  0xEDD3, 0xEB77, 0xE93C, 0xE728,
  0xE53C, 0xE37E, 0xE1F0, 0xE097,  0xDF75, 0xDE89, 0xDDDE, 0xDD6C,
  0xDD38, 0xDD45, 0xDD90, 0xDE19,  0xDEE2, 0xDFE9, 0xE128, 0xE2A8,
  0xE454, 0xE642, 0xE856, 0xEAA1,  0xED0E, 0xEFA7, 0xF25E, 0xF532,
  0xF81F, 0xFB1A, 0xFE27, 0x013C,  0x0449, 0x0764, 0x0A60, 0x0D64,
  0x1042, 0x130E, 0x15BF, 0x1845,  0x1AA7, 0x1CDD, 0x1EDF, 0x20B1,
  0x2247, 0x23A3, 0x24C4, 0x25A0,  0x2640, 0x269A, 0x26AF, 0x2684,
  0x260E, 0x255F, 0x2463, 0x232E,  0x21B5, 0x2003, 0x1E16, 0x1BF4,
  0x199E, 0x171C, 0x146D, 0x119C,  0x0EA8, 0x0B99, 0x0877, 0x0541,
  0x0204, 0xFEC0, 0xFB7C, 0xF844,  0xF510, 0xF1F8, 0xEEEF, 0xEC0A,
  0xE942, 0xE6A8, 0xE42F, 0xE1F2,  0xDFE3, 0xDE0C, 0xDC73, 0xDB16,
  0xD9FA, 0xD921, 0xD88B, 0xD83A,  0xD832, 0xD868, 0xD8EC, 0xD9AF,
  0xDAB3, 0xDC00, 0xDD81, 0xDF47,  0xE141, 0xE36E, 0xE5D5, 0xE85D,
  0xEB17, 0xEDEE, 0xF0E9, 0xF3F6,  0xF71E, 0xFA4C, 0xFD8A, 0x00C4,
  0x03FF, 0x072D, 0x0A51, 0x0D5C,  0x104F, 0x1327, 0x15D2, 0x1861,
  0x1AB6, 0x1CE4, 0x1ED9, 0x2095,  0x221B, 0x235C, 0x2465, 0x2527,
  0x25AB, 0x25E9, 0x25E6, 0x259E,  0x2516, 0x244C, 0x2343, 0x21FB,
  0x207D, 0x1EC2, 0x1CD7, 0x1AB8,  0x1870, 0x15FC, 0x1367, 0x10B1,
  0x0DE5, 0x0B00, 0x080D, 0x0512,  0x0213, 0xFF0F, 0xFC18, 0xF92D,
  0xF64B, 0xF38D, 0xF0DA, 0xEE52,  0xEBEE, 0xE9A9, 0xE79E, 0xE5B6,
  0xE408, 0xE292, 0xE149, 0xE04A,  0xDF77, 0xDEEC, 0xDE98, 0xDE84,
  0xDEAE, 0xDF11, 0xDFB3, 0xE08D,  0xE1A1, 0xE2E6, 0xE463, 0xE60B,
  0xE7E4, 0xE9DF, 0xEC07, 0xEE47,  0xF0A6, 0xF31E, 0xF5A5, 0xF83C,
  0xFAD7, 0xFD7E, 0x0018, 0x02B6,  0x0540, 0x07C1, 0x0A29, 0x0C78,
  0x0EAC, 0x10BB, 0x12AA, 0x146A,  0x1605, 0x176E, 0x18A8, 0x19AC,
  0x1A85, 0x1B1A, 0x1B8A, 0x1BB5,  0x1BB4, 0x1B75, 0x1B09, 0x1A62,
  0x198F, 0x1888, 0x1754, 0x15F9,  0x1470, 0x12C7, 0x10FB, 0x0F12,
  0x0D13, 0x0AFC, 0x08D2, 0x06A3,  0x0465, 0x0228, 0xFFED, 0xFDB3,
  0xFB8B, 0xF96A, 0xF75E, 0xF56D,  0xF391, 0xF1D5, 0xF03D, 0xEEC5,
  0xED79, 0xEC50, 0xEB5D, 0xEA8C,  0xE9F2, 0xE984, 0xE946, 0xE93E,
  0xE95C, 0xE9B6, 0xEA33, 0xEAEA,  0xEBBF, 0xECCB, 0xEDF4, 0xEF49,
  0xF0BD, 0xF24F, 0xF3FF, 0xF5C2,  0xF79E, 0xF987, 0xFB7B, 0xFD7A,
  0xFF77, 0x0179, 0x0370, 0x0565,  0x0742, 0x091B, 0x0AD0, 0x0C7B,
  0x0DFC, 0x0F69, 0x10AB, 0x11CB,  0x12C5, 0x1394, 0x1438, 0x14AB,
  0x14F9, 0x1510, 0x1501, 0x14B9,  0x144E, 0x13AE, 0x12E5, 0x11F4,
  0x10D5, 0x0F97, 0x0E2F, 0x0CAC,  0x0B07, 0x094C, 0x0775, 0x0594,
  0x039B, 0x019D, 0xFF99, 0xFD8D,  0xFB8D, 0xF986, 0xF799, 0xF5AD,
  0xF3DD, 0xF21F, 0xF07D, 0xEEF9,  0xED98, 0xEC57, 0xEB43, 0xEA53,
  0xE995, 0xE8FE, 0xE89D, 0xE867,  0xE865, 0xE894, 0xE8F1, 0xE989,
  0xEA41, 0xEB39, 0xEC50, 0xED9F,  0xEF0A, 0xF0A9, 0xF260, 0xF440,
  0xF634, 0xF84B, 0xFA6F, 0xFCA7,  0xFEEE, 0x0134, 0x038D, 0x05D4,
  0x0821, 0x0A62, 0x0C8C, 0x0EB2,  0x10AF, 0x12A1, 0x1465, 0x160E,
  0x1791, 0x18DF, 0x1A11, 0x1B01,  0x1BCE, 0x1C5C, 0x1CBC, 0x1CE0,
  0x1CD1, 0x1C87, 0x1C08, 0x1B51,  0x1A62, 0x1942, 0x17EA, 0x1668,
  0x14B2, 0x12D4, 0x10CB, 0x0E9F,  0x0C53, 0x09EB, 0x0766, 0x04D6,
  0x022B, 0xFF85, 0xFCCA, 0xFA1D,  0xF76C, 0xF4C7, 0xF234, 0xEFB3,
  0xED4B, 0xEAFF, 0xE8D9, 0xE6D5,  0xE4FF, 0xE353, 0xE1DD, 0xE096,
  0xDF8B, 0xDEB7, 0xDE1D, 0xDDC4,  0xDDA2, 0xDDC7, 0xDE20, 0xDEC3,
  0xDF96, 0xE0B3, 0xE200, 0xE388,  0xE54D, 0xE737, 0xE95F, 0xEBA9,
  0xEE21, 0xF0BB, 0xF372, 0xF648,  0xF92E, 0xFC2A, 0xFF2E, 0x0236,
  0x0541, 0x0845, 0x0B3F, 0x0E29,  0x10FB, 0x13B5, 0x164E, 0x18BF,
  0x1B10, 0x1D28, 0x1F19, 0x20CB,  0x224D, 0x238F, 0x2495, 0x255C,
  0x25E0, 0x2621, 0x2622, 0x25DB,  0x2558, 0x248B, 0x2382, 0x2239,
  0x20B1, 0x1EED, 0x1CFA, 0x1AC6,  0x1870, 0x15DC, 0x1335, 0x1055,
  0x0D6D, 0x0A59, 0x073C, 0x0410,  0x00D6, 0xFDA2, 0xFA69, 0xF73E,
  0xF41E, 0xF116, 0xEE21, 0xEB54,  0xE89F, 0xE61F, 0xE3BF, 0xE19E,
  0xDFA4, 0xDDF0, 0xDC6A, 0xDB30,  0xDA29, 0xD970, 0xD8F3, 0xD8BD,
  0xD8CB, 0xD91D, 0xD9B8, 0xDA8E,  0xDBA9, 0xDD07, 0xDE9B, 0xE06D,
  0xE277, 0xE4AE, 0xE71C, 0xE9AE,  0xEC6A, 0xEF44, 0xF23E, 0xF549,
  0xF86B, 0xFB95, 0xFEC5, 0x01F7,  0x0523, 0x0843, 0x0B53, 0x0E4C,
  0x112B, 0x13E9, 0x1684, 0x18F0,  0x1B34, 0x1D42, 0x1F1D, 0x20BF,
  0x2226, 0x234D, 0x243B, 0x24DC,  0x254D, 0x256A, 0x2550, 0x24F1,
  0x244E, 0x2372, 0x2250, 0x20FD,  0x1F65, 0x1DA4, 0x1BA2, 0x1984,
  0x1728, 0x14B6, 0x1217, 0x0F64,  0x0C94, 0x09B3, 0x06C7, 0x03D1,
  0x00D9, 0xFDE5, 0xFAFB, 0xF81A,  0xF550, 0xF29E, 0xF004, 0xED92,
  0xEB40, 0xE919, 0xE723, 0xE554,  0xE3C5, 0xE262, 0xE13C, 0xE050,
  0xDF9D, 0xDF28, 0xDEF2, 0xDEF2,  0xDF37, 0xDFAE, 0xE06B, 0xE152,
  0xE27E, 0xE3D1, 0xE560, 0xE714,  0xE8F7, 0xEB01, 0xED29, 0xEF73,
  0xF1D6, 0xF44C, 0xF6D5, 0xF966,  0xFC01, 0xFE99, 0x0132, 0x03BE,
  0x0642, 0x08B0, 0x0B08, 0x0D48,  0x0F68, 0x1163, 0x133D, 0x14E7,
  0x166D, 0x17BC, 0x18E0, 0x19D0,  0x1A8A, 0x1B0E, 0x1B64, 0x1B76,
  0x1B65, 0x1B0B, 0x1A8E, 0x19D2,  0x18EE, 0x17D5, 0x1695, 0x1527,
  0x1397, 0x11E0, 0x100F, 0x0E1D,  0x0C19, 0x09FE, 0x07D6, 0x05A6,
  0x0369, 0x0135, 0xFEF9, 0xFCD0,  0xFAA8, 0xF899, 0xF697, 0xF4B4,
  0xF2E6, 0xF13C, 0xEFB6, 0xEE4C,  0xED16, 0xEC01, 0xEB1D, 0xEA65,
  0xE9DB, 0xE985, 0xE958, 0xE961,  0xE998, 0xE9FE, 0xEA91, 0xEB54,
  0xEC3D, 0xED53, 0xEE8E, 0xEFE8,  0xF16E, 0xF301, 0xF4BE, 0xF683,
  0xF866, 0xFA4F, 0xFC45, 0xFE43,  0x003C, 0x023D, 0x042C, 0x061A,
  0x07F1, 0x09BC, 0x0B6A, 0x0D06,  0x0E7C, 0x0FDA, 0x110C, 0x121E,
  0x1308, 0x13C4, 0x1457, 0x14C0,  0x14F4, 0x1502, 0x14DA, 0x148A,
  0x140B, 0x135D, 0x1288, 0x1187,  0x105E, 0x0F13, 0x0DA4, 0x0C16,
  0x0A6B, 0x08A9, 0x06D1, 0x04EA,  0x02EE, 0x00F8, 0xFEEA, 0xFCEE,
  0xFAE5, 0xF8F2, 0xF700, 0xF525,  0xF35A, 0xF1A9, 0xF013, 0xEE9C,
  0xED47, 0xEC18, 0xEB0E, 0xEA33,  0xE980, 0xE8FD, 0xE8A9, 0xE885,
  0xE892, 0xE8D0, 0xE940, 0xE9DD,  0xEAAD, 0xEBAD, 0xECD1, 0xEE28,
  0xEFA1, 0xF145, 0xF306, 0xF4E8,  0xF6E6, 0xF8FA, 0xFB21, 0xFD5B,
  0xFF9D, 0x01E5, 0x0432, 0x0677,  0x08BE, 0x0AF1, 0x0D16, 0x0F2B,
  0x1120, 0x1300, 0x14B9, 0x1651,  0x17C0, 0x1905, 0x1A1D, 0x1B03,
  0x1BB7, 0x1C38, 0x1C84, 0x1C99,  0x1C75, 0x1C1F, 0x1B8A, 0x1AC8,
  0x19CC, 0x1899, 0x173E, 0x15A8,  0x13EF, 0x1204, 0x0FFA, 0x0DC7,
  0x0B76, 0x0910, 0x0688, 0x03FC,  0x0156, 0xFEAF, 0xFC06, 0xF958,
  0xF6B4, 0xF41F, 0xF193, 0xEF26,  0xECCA, 0xEA91, 0xE87E, 0xE68B,
  0xE4C8, 0xE335, 0xE1CE, 0xE0A0,  0xDFAA, 0xDEE9, 0xDE67, 0xDE20,
  0xDE16, 0xDE4A, 0xDEBD, 0xDF68,  0xE058, 0xE179, 0xE2DE, 0xE46D,
  0xE640, 0xE832, 0xEA65, 0xECB2,  0xEF31, 0xF1CB, 0xF485, 0xF756,
  0xFA3D, 0xFD2F, 0x0030, 0x032A,  0x062F, 0x0923, 0x0C0D, 0x0EEB,
  0x11A8, 0x1450, 0x16D3, 0x1933,  0x1B69, 0x1D6C, 0x1F43, 0x20E0,
  0x2247, 0x2371, 0x245D, 0x250D,  0x2577, 0x25A2, 0x258B, 0x2531,
  0x2493, 0x23B8, 0x2299, 0x2140,  0x1FA9, 0x1DDB, 0x1BD5, 0x199F,
  0x1738, 0x14A9, 0x11F6, 0x0F1B,  0x0C2E, 0x0921, 0x0608, 0x02E4,
  0xFFB2, 0xFC8B, 0xF95F, 0xF643,  0xF336, 0xF03D, 0xED62, 0xEAA4,
  0xE80E, 0xE59D, 0xE362, 0xE14D,  0xDF7B, 0xDDD5, 0xDC78, 0xDB4B,
  0xDA6B, 0xD9C7, 0xD963, 0xD94A,  0xD96F, 0xD9DA, 0xDA88, 0xDB75,
  0xDCA6, 0xDE11, 0xDFB8, 0xE198,  0xE3AB, 0xE5F2, 0xE861, 0xEAFF,
  0xEDB8, 0xF099, 0xF38C, 0xF69A,  0xF9B2, 0xFCD3, 0xFFFD, 0x031E,
  0x0640, 0x094B, 0x0C4E, 0x0F30,  0x11FB, 0x14A1, 0x1725, 0x1977,
  0x1BA4, 0x1D94, 0x1F53, 0x20DF,  0x2222, 0x2336, 0x23FE, 0x2492,
  0x24D9, 0x24E8, 0x24AE, 0x243B,  0x2381, 0x228E, 0x215D, 0x1FF2,
  0x1E50, 0x1C7B, 0x1A75, 0x1844,  0x15E8, 0x136C, 0x10CD, 0x0E14,
  0x0B4B, 0x086B, 0x0585, 0x0297,  0xFFA8, 0xFCC4, 0xF9E2, 0xF715,
  0xF45D, 0xF1BB, 0xEF39, 0xECDC,  0xEA9E, 0xE897, 0xE6AF, 0xE505,
  0xE387, 0xE244, 0xE136, 0xE066,  0xDFCA, 0xDF73, 0xDF50, 0xDF6F,
  0xDFC5, 0xE05A, 0xE120, 0xE227,  0xE35C, 0xE4C4, 0xE65F, 0xE81F,
  0xEA11, 0xEC1D, 0xEE52, 0xF09C,  0xF304, 0xF57A, 0xF7FE, 0xFA90,
  0xFD21, 0xFFB4, 0x0241, 0x04C4,  0x0738, 0x0996, 0x0BE3, 0x0E0B,
  0x101A, 0x1203, 0x13C2, 0x1560,  0x16C3, 0x1806, 0x190B, 0x19E7,
  0x1A87, 0x1AFB, 0x1B2E, 0x1B38,  0x1B02, 0x1AA2, 0x1A05, 0x1940,
  0x1843, 0x1721, 0x15CB, 0x1458,  0x12B4, 0x10FC, 0x0F1D, 0x0D2A,
  0x0B1D, 0x0903, 0x06DA, 0x04A9,  0x0275, 0x0040, 0xFE11, 0xFBE9,
  0xF9D1, 0xF7CB, 0xF5D7, 0xF402,  0xF243, 0xF0AD, 0xEF30, 0xEDE2,
  0xECB8, 0xEBBA, 0xEAE8, 0xEA44,  0xE9D0, 0xE988, 0xE975, 0xE98D,
  0xE9D8, 0xEA4F, 0xEAF3, 0xEBC6,  0xECBE, 0xEDE2, 0xEF28, 0xF091,
  0xF21A, 0xF3BB, 0xF57B, 0xF749,  0xF92A, 0xFB1A, 0xFD0C, 0xFF0A,
  0x0103, 0x02F9, 0x04E7, 0x06CB,  0x089A, 0x0A5B, 0x0BFD, 0x0D8D,
  0x0EF5, 0x1044, 0x1168, 0x126A,  0x1345, 0x13EC, 0x1477, 0x14C5,
  0x14EF, 0x14E9, 0x14B4, 0x1452,  0x13C2, 0x130B, 0x1222, 0x111B,
  0x0FE0, 0x0E90, 0x0D13, 0x0B80,  0x09CE, 0x0807, 0x062A, 0x0440,
  0x0248, 0x004B, 0xFE48, 0xFC46,  0xFA4C, 0xF855, 0xF675, 0xF49A,
  0xF2E1, 0xF135, 0xEFAF, 0xEE43,  0xECFD, 0xEBDC, 0xEAE3, 0xEA14,
  0xE973, 0xE901, 0xE8BA, 0xE8A9,  0xE8C2, 0xE913, 0xE98E, 0xEA3D,
  0xEB18, 0xEC22, 0xED56, 0xEEB5,  0xF038, 0xF1E3, 0xF3A9, 0xF595,
  0xF791, 0xF9AC, 0xFBD1, 0xFE0D,  0x0048, 0x0291, 0x04D5, 0x0719,
  0x0950, 0x0B7F, 0x0D98, 0x0FA1,  0x118A, 0x1359, 0x1506, 0x168D,
  0x17EC, 0x1920, 0x1A27, 0x1AF9,  0x1BA0, 0x1C0C, 0x1C46, 0x1C4B,
  0x1C17, 0x1BAE, 0x1B0E, 0x1A3A,  0x192F, 0x17F5, 0x1688, 0x14EF,
  0x1325, 0x113C, 0x0F23, 0x0CF2,  0x0A9E, 0x0834, 0x05B1, 0x0324,
  0x0084, 0xFDE5, 0xFB3F, 0xF89B,  0xF609, 0xF375, 0xF102, 0xEE99,
  0xEC55, 0xEA2C, 0xE828, 0xE64B,  0xE49C, 0xE319, 0xE1CD, 0xE0B0,
  0xDFD0, 0xDF23, 0xDEB9, 0xDE83,  0xDE8F, 0xDED5, 0xDF59, 0xE01C,
  0xE114, 0xE24A, 0xE3B7, 0xE55A,  0xE72F, 0xE932, 0xEB66, 0xEDBB,
  0xF03F, 0xF2D8, 0xF592, 0xF863,  0xFB42, 0xFE33, 0x0125, 0x041F,
  0x070E, 0x09FA, 0x0CD6, 0x0F9E,  0x124F, 0x14E0, 0x174F, 0x199D,
  0x1BB3, 0x1DAA, 0x1F63, 0x20E8,  0x2238, 0x2348, 0x241E, 0x24B3,
  0x2506, 0x251B, 0x24EE, 0x247B,  0x23CE, 0x22DC, 0x21AE, 0x2043,
  0x1E9F, 0x1CC3, 0x1AB5, 0x1871,  0x160A, 0x1372, 0x10BB, 0x0DE7,
  0x0AF1, 0x07F1, 0x04DB, 0x01BB,  0xFE9C, 0xFB79, 0xF860, 0xF551,
  0xF259, 0xEF6E, 0xECB0, 0xE9FE,  0xE789, 0xE52A, 0xE30A, 0xE10F,
  0xDF59, 0xDDCB, 0xDC8B, 0xDB77,  0xDAB5, 0xDA26, 0xD9E1, 0xD9DE,
  0xDA1C, 0xDA9C, 0xDB62, 0xDC63,  0xDDA4, 0xDF22, 0xE0D7, 0xE2C5,
  0xE4E4, 0xE730, 0xE9AB, 0xEC49,  0xEF08, 0xF1E6, 0xF4DB, 0xF7DF,
  0xFAF3, 0xFE0E, 0x0128, 0x0440,  0x0751, 0x0A4A, 0x0D3E, 0x1006,
  0x12C2, 0x154C, 0x17BB, 0x19F2,  0x1C03, 0x1DDC, 0x1F80, 0x20EC,
  0x2219, 0x230C, 0x23C0, 0x2432,  0x2463, 0x2458, 0x2406, 0x237B,
  0x22AD, 0x21A5, 0x2062, 0x1EE2,  0x1D39, 0x1B50, 0x1944, 0x1705,
  0x14A8, 0x1221, 0x0F86, 0x0CCA,  0x0A04, 0x0728, 0x0449, 0x0161,
  0xFE85, 0xFBA3, 0xF8DA, 0xF616,  0xF375, 0xF0E3, 0xEE79, 0xEC31,
  0xEA0B, 0xE81B, 0xE64E, 0xE4BB,  0xE35B, 0xE22D, 0xE13E, 0xE083,
  0xE007, 0xDFC4, 0xDFBC, 0xDFF2,  0xE05E, 0xE108, 0xE1E5, 0xE2FB,
  0xE444, 0xE5B9, 0xE761, 0xE932,  0xEB25, 0xED42, 0xEF74, 0xF1CA,
  0xF42B, 0xF6A7, 0xF925, 0xFBB4,  0xFE3D, 0x00C6, 0x034F, 0x05BA,
  0x082C, 0x0A75, 0x0CB0, 0x0EC9,  0x10C1, 0x1297, 0x1444, 0x15C3,
  0x171A, 0x183D, 0x1932, 0x19F0,  0x1A7F, 0x1AD5, 0x1AFA, 0x1AE5,
  0x1AA4, 0x1A24, 0x1981, 0x189D,  0x179A, 0x1660, 0x1506, 0x137A,
  0x11DB, 0x100B, 0x0E31, 0x0C2F,  0x0A27, 0x0807, 0x05E0, 0x03B1,
  0x0180, 0xFF52, 0xFD28, 0xFB0D,  0xF8FF, 0xF703, 0xF51E, 0xF356,
  0xF1A9, 0xF021, 0xEEB9, 0xED7D,  0xEC62, 0xEB7C, 0xEABA, 0xEA2D,
  0xE9CA, 0xE995, 0xE99A, 0xE9BE,  0xEA21, 0xEAA4, 0xEB5E, 0xEC3C,
  0xED45, 0xEE74, 0xEFC7, 0xF13A,  0xF2CC, 0xF476, 0xF63B, 0xF80B,
  0xF9F3, 0xFBDF, 0xFDD5, 0xFFD0,  0x01C3, 0x03B5, 0x05A0, 0x0775,
  0x0941, 0x0AF4, 0x0C8B, 0x0E0E,  0x0F68, 0x10A9, 0x11BF, 0x12B0,
  0x1377, 0x1416, 0x1487, 0x14CA,  0x14E3, 0x14CA, 0x1487, 0x1414,
  0x137A, 0x12AD, 0x11C0, 0x10A1,  0x0F68, 0x0E04, 0x0C85, 0x0AE5,
  0x0933, 0x0760, 0x0586, 0x0398,  0x019F, 0xFFA4, 0xFDA4, 0xFBA5,
  0xF9B2, 0xF7C1, 0xF5E7, 0xF41A,  0xF266, 0xF0CA, 0xEF50, 0xEDED,
  0xECBB, 0xEBA3, 0xEABD, 0xE9FD,  0xE96B, 0xE908, 0xE8D2, 0xE8D1,
  0xE8F8, 0xE959, 0xE9E1, 0xEAA0,  0xEB85, 0xEC9C, 0xEDDD, 0xEF41,
  0xF0D4, 0xF27D, 0xF452, 0xF63D,  0xF83D, 0xFA5D, 0xFC7F, 0xFEB9,
  0x00F4, 0x0338, 0x0576, 0x07B1,  0x09E2, 0x0C07, 0x0E15, 0x100F,
  0x11ED, 0x13AF, 0x154B, 0x16C2,  0x1814, 0x1931, 0x1A2D, 0x1AE9,
  0x1B81, 0x1BDA, 0x1C07, 0x1BF3,  0x1BB8, 0x1B37, 0x1A8F, 0x19A6,
  0x1895, 0x1749, 0x15D6, 0x142D,  0x1264, 0x106C, 0x0E54, 0x0C1C,
  0x09C7, 0x075D, 0x04DD, 0x024F,  0xFFBB, 0xFD1A, 0xFA83, 0xF7E6,
  0xF55E, 0xF2D9, 0xF072, 0xEE1A,  0xEBE7, 0xE9CB, 0xE7DE, 0xE614,
  0xE474, 0xE30C, 0xE1CF, 0xE0CA,  0xDFFD, 0xDF66, 0xDF0F, 0xDEEF,
  0xDF0C, 0xDF67, 0xDFFC, 0xE0CD,  0xE1DA, 0xE319, 0xE499, 0xE640,
  0xE825, 0xEA2E, 0xEC68, 0xEEC3,  0xF148, 0xF3E0, 0xF6A1, 0xF965,
  0xFC48, 0xFF2A, 0x0219, 0x0505,  0x07E9, 0x0ACB, 0x0D90, 0x104D,
  0x12E7, 0x1568, 0x17C4, 0x19F3,  0x1C00, 0x1DD4, 0x1F7A, 0x20E8,
  0x221D, 0x2319, 0x23D2, 0x2451,  0x2490, 0x2489, 0x244A, 0x23C2,
  0x2300, 0x21FE, 0x20BD, 0x1F44,  0x1D94, 0x1BA7, 0x1995, 0x1748,
  0x14D7, 0x1241, 0x0F85, 0x0CAF,  0x09C4, 0x06BF, 0x03B6, 0x009E,
  0xFD88, 0xFA73, 0xF769, 0xF46B,  0xF183, 0xEEB1, 0xEBFF, 0xE96E,
  0xE707, 0xE4C8, 0xE2BB, 0xE0E2,  0xDF3C, 0xDDD1, 0xDCA6, 0xDBB3,
  0xDB04, 0xDA92, 0xDA69, 0xDA77,  0xDAD4, 0xDB65, 0xDC42, 0xDD55,
  0xDEA8, 0xE036, 0xE1FB, 0xE3F1,  0xE61E, 0xE870, 0xEAF1, 0xED92,
  0xF055, 0xF330, 0xF621, 0xF922,  0xFC2D, 0xFF3F, 0x024B, 0x055A,
  0x0855, 0x0B43, 0x0E1E, 0x10D6,  0x1379, 0x15EE, 0x1841, 0x1A62,
  0x1C59, 0x1E14, 0x1FA1, 0x20EE,  0x2203, 0x22DA, 0x2371, 0x23CB,
  0x23E4, 0x23BD, 0x2357, 0x22B2,  0x21D4, 0x20B3, 0x1F63, 0x1DD2,
  0x1C19, 0x1A28, 0x180B, 0x15CF,  0x1360, 0x10E1, 0x0E3C, 0x0B87,
  0x08BF, 0x05EC, 0x0313, 0x0039,  0xFD5F, 0xFA95, 0xF7D2, 0xF528,
  0xF291, 0xF01A, 0xEDC4, 0xEB8F,  0xE986, 0xE7A7, 0xE5FB, 0xE47F,
  0xE336, 0xE227, 0xE14C, 0xE0B0,  0xE04A, 0xE021, 0xE031, 0xE07E,
  0xE0FF, 0xE1BF, 0xE2AD, 0xE3D9,  0xE52B, 0xE6B8, 0xE865, 0xEA44,
  0xEC40, 0xEE61, 0xF09D, 0xF2EE,  0xF558, 0xF7CC, 0xFA4C, 0xFCCF,
  0xFF56, 0x01D3, 0x0450, 0x06B2,  0x0912, 0x0B4A, 0x0D77, 0x0F79,
  0x1164, 0x131D, 0x14BA, 0x1621,  0x1762, 0x186D, 0x194A, 0x19F5,
  0x1A68, 0x1AAC, 0x1AB6, 0x1A90,  0x1A37, 0x19A6, 0x18EF, 0x17F9,
  0x16E9, 0x159D, 0x1435, 0x12A4,  0x10F0, 0x0F25, 0x0D38, 0x0B3B,
  0x092A, 0x070A, 0x04E4, 0x02B9,  0x008A, 0xFE64, 0xFC40, 0xFA2F,
  0xF828, 0xF63E, 0xF462, 0xF2AC,  0xF10B, 0xEF97, 0xEE3E, 0xED15,
  0xEC0D, 0xEB3A, 0xEA8D, 0xEA11,  0xE9C3, 0xE9A2, 0xE9B8, 0xE9F1,
  0xEA65, 0xEAFA, 0xEBC3, 0xECB1,  0xEDCA, 0xEF05, 0xF064, 0xF1E5,
  0xF37B, 0xF532, 0xF6F8, 0xF8D4,  0xFAB9, 0xFCAC, 0xFE9F, 0x0098,
  0x028C, 0x0479, 0x0659, 0x082F,  0x09EC, 0x0B98, 0x0D28, 0x0E98,
  0x0FEC, 0x111B, 0x1225, 0x1306,  0x13C2, 0x144B, 0x14B0, 0x14E4,
  0x14EA, 0x14C4, 0x1471, 0x13EF,  0x1346, 0x126D, 0x116E, 0x104C,
  0x0EFE, 0x0D97, 0x0C0B, 0x0A65,  0x08AA, 0x06D5, 0x04F4, 0x0305,
  0x0108, 0xFF11, 0xFD0C, 0xFB17,  0xF920, 0xF73A, 0xF562, 0xF39F,
  0xF1F0, 0xF062, 0xEEEA, 0xED9C,  0xEC6B, 0xEB69, 0xEA86, 0xE9D9,
  0xE952, 0xE8FA, 0xE8D7, 0xE8DB,  0xE914, 0xE981, 0xEA12, 0xEADF,
  0xEBCD, 0xECF0, 0xEE37, 0xEFA6,  0xF13C, 0xF2F0, 0xF4C7, 0xF6B4,
  0xF8BD, 0xFAD3, 0xFD02, 0xFF30,  0x0171, 0x03AA, 0x05E7, 0x081C,
  0x0A46, 0x0C60, 0x0E68, 0x1057,  0x122B, 0x13DE, 0x1573, 0x16D9,
  0x181F, 0x1933, 0x1A18, 0x1AD3,  0x1B52, 0x1BA6, 0x1BC0, 0x1BA5,
  0x1B59, 0x1AD2, 0x1A19, 0x192F,  0x180D, 0x16BF, 0x1542, 0x1398,
  0x11C6, 0x0FD0, 0x0DB3, 0x0B7F,  0x0929, 0x06C3, 0x0446, 0x01C0,
  0xFF32, 0xFC9A, 0xFA0D, 0xF77A,  0xF4FE, 0xF28A, 0xF02B, 0xEDE8,
  0xEBC1, 0xE9B7, 0xE7DD, 0xE61C,  0xE49B, 0xE339, 0xE213, 0xE120,
  0xE061, 0xDFE0, 0xDF93, 0xDF85,  0xDFB3, 0xE019, 0xE0BB, 0xE198,
  0xE2AB, 0xE3FB, 0xE577, 0xE72E,  0xE90F, 0xEB1C, 0xED59, 0xEFAF,
  0xF231, 0xF4C9, 0xF778, 0xFA40,  0xFD0F, 0xFFEB, 0x02C8, 0x05A5,
  0x087E, 0x0B43, 0x0E02, 0x109F,  0x132B, 0x1593, 0x17D5, 0x19F5,
  0x1BE0, 0x1DA4, 0x1F2F, 0x2086,  0x21A2, 0x2287, 0x232C, 0x2393,
  0x23BE, 0x23A6, 0x2352, 0x22BA,  0x21EB, 0x20D7, 0x1F91, 0x1E09,
  0x1C55, 0x1A62, 0x184B, 0x15FD,  0x1391, 0x10FA, 0x0E47, 0x0B77,
  0x0896, 0x059E, 0x02A5, 0xFF99,  0xFC9C, 0xF994, 0xF6A5, 0xF3BB,
  0xF0EE, 0xEE38, 0xEB9C, 0xE92D,  0xE6DD, 0xE4C2, 0xE2CD, 0xE115,
  0xDF8C, 0xDE43, 0xDD2D, 0xDC5F,  0xDBC4, 0xDB76, 0xDB5C, 0xDB8D,
  0xDBF8, 0xDCA3, 0xDD90, 0xDEB4,  0xE019, 0xE1AF, 0xE382, 0xE57D,
  0xE7B0, 0xEA04, 0xEC85, 0xEF24,  0xF1DE, 0xF4B5, 0xF799, 0xFA8F,
  0xFD88, 0x008A, 0x0384, 0x0678,  0x095F, 0x0C34, 0x0EEF, 0x1192,
  0x140E, 0x166C, 0x1898, 0x1AA0,  0x1C6D, 0x1E0F, 0x1F75, 0x20A4,
  0x2195, 0x224F, 0x22C4, 0x2303,  0x22F9, 0x22BE, 0x2237, 0x217E,
  0x2085, 0x1F55, 0x1DEF, 0x1C51,  0x1A87, 0x188D, 0x166B, 0x1421,
  0x11B9, 0x0F31, 0x0C93, 0x09E3,  0x0723, 0x0459, 0x018D, 0xFEC1,
  0xFBFD, 0xF943, 0xF699, 0xF405,  0xF189, 0xEF2C, 0xECF4, 0xEADB,
  0xE8F7, 0xE732, 0xE5AB, 0xE44B,  0xE329, 0xE236, 0xE183, 0xE100,
  0xE0C2, 0xE0B0, 0xE0E6, 0xE149,  0xE1ED, 0xE2BF, 0xE3CD, 0xE509,
  0xE674, 0xE80F, 0xE9CF, 0xEBB9,  0xEDC4, 0xEFE8, 0xF22F, 0xF481,
  0xF6EC, 0xF95E, 0xFBDC, 0xFE55,  0x00D5, 0x0347, 0x05B3, 0x080A,
  0x0A51, 0x0C7C, 0x0E8F, 0x107C,  0x124A, 0x13F0, 0x1569, 0x16BC,
  0x17D9, 0x18CC, 0x1989, 0x1A15,  0x1A6D, 0x1A8F, 0x1A7F, 0x1A3E,
  0x19C4, 0x1920, 0x1844, 0x1744,  0x160F, 0x14B9, 0x1339, 0x1194,
  0x0FD9, 0x0DF6, 0x0C06, 0x09FB,  0x07E6, 0x05C1, 0x039A, 0x016A,
  0xFF42, 0xFD1E, 0xFB00, 0xF8FA,  0xF6FC, 0xF51C, 0xF351, 0xF1A8,
  0xF01C, 0xEEB5, 0xED74, 0xEC5C,  0xEB6F, 0xEAAC, 0xEA19, 0xE9B4,
  0xE97B, 0xE977, 0xE99E, 0xE9F3,  0xEA7A, 0xEB26, 0xEC07, 0xED06,
  0xEE34, 0xEF82, 0xF0EF, 0xF283,  0xF425, 0xF5EB, 0xF7B9, 0xF9A0,
  0xFB8D, 0xFD86, 0xFF7C, 0x017A,  0x036C, 0x0558, 0x073B, 0x0905,
  0x0AC3, 0x0C64, 0x0DEB, 0x0F55,  0x1098, 0x11C2, 0x12B9, 0x1390,
  0x1439, 0x14B7, 0x150B, 0x152D,  0x1525, 0x14EE, 0x148B, 0x13F8,
  0x1341, 0x1256, 0x114E, 0x1016,  0x0EC4, 0x0D47, 0x0BB8, 0x0A03,
  0x0841, 0x0665, 0x047A, 0x0289,  0x0087, 0xFE8B, 0xFC8A, 0xFA8F,
  0xF89D, 0xF6B8, 0xF4E5, 0xF325,  0xF17E, 0xEFF4, 0xEE88, 0xED40,
  0xEC1A, 0xEB21, 0xEA4A, 0xE9A9,  0xE92C, 0xE8E2, 0xE8C7, 0xE8DD,
  0xE91E, 0xE998, 0xEA35, 0xEB0B,  0xEC07, 0xED2F, 0xEE83, 0xEFF9,
  0xF194, 0xF354, 0xF52B, 0xF71E,  0xF929, 0xFB44, 0xFD6E, 0xFFA5,
  0x01D6, 0x041B, 0x064B, 0x087D,  0x0AA2, 0x0CB1, 0x0EB5, 0x1097,
  0x1262, 0x140F, 0x158D, 0x16F4,  0x1824, 0x192E, 0x1A0A, 0x1AAE,
  0x1B29, 0x1B6B, 0x1B79, 0x1B54,  0x1AF7, 0x1A67, 0x19A7, 0x18A9,
  0x178A, 0x1629, 0x14AF, 0x12F5,  0x1129, 0x0F24, 0x0D11, 0x0AD1,
  0x0885, 0x061A, 0x03A6, 0x0122,  0xFE99, 0xFC0E, 0xF981, 0xF705,
  0xF488, 0xF227, 0xEFD6, 0xED9E,  0xEB8B, 0xE98D, 0xE7C5, 0xE619,
  0xE4A3, 0xE359, 0xE242, 0xE162,  0xE0B4, 0xE045, 0xE00A, 0xE00D,
  0xE049, 0xE0BE, 0xE171, 0xE256,  0xE37B, 0xE4CF, 0xE65B, 0xE812,
  0xEA01, 0xEC0B, 0xEE51, 0xF0A3,  0xF329, 0xF5BB, 0xF868, 0xFB2A,
  0xFDED, 0x00C8, 0x0391, 0x066C,  0x0929, 0x0BEE, 0x0E8F, 0x1123,
  0x1397, 0x15ED, 0x181B, 0x1A22,  0x1BFA, 0x1DA8, 0x1F17, 0x205E,
  0x215E, 0x222F, 0x22BD, 0x230F,  0x2325, 0x22F8, 0x2290, 0x21EA,
  0x2106, 0x1FE7, 0x1E8F, 0x1CFF,  0x1B3B, 0x1946, 0x1722, 0x14D7,
  0x1260, 0x0FCD, 0x0D19, 0x0A4E,  0x0772, 0x0481, 0x0190, 0xFE92,
  0xFB9D, 0xF8AC, 0xF5C4, 0xF2F5,  0xF033, 0xED95, 0xEB12, 0xE8B5,
  0xE682, 0xE479, 0xE2A2, 0xE103,  0xDF90, 0xDE65, 0xDD65, 0xDCB3,
  0xDC2F, 0xDBFA, 0xDBF7, 0xDC3D,  0xDCBD, 0xDD80, 0xDE7A, 0xDFB5,
  0xE120, 0xE2CE, 0xE4A4, 0xE6AF,  0xE8E4, 0xEB44, 0xEDC2, 0xF068,
  0xF31E, 0xF5F6, 0xF8CF, 0xFBC2,  0xFEB2, 0x01A5, 0x0498, 0x0776,
  0x0A51, 0x0D11, 0x0FB8, 0x1247,  0x14AC, 0x16F1, 0x1906, 0x1AF2,
  0x1CA8, 0x1E2E, 0x1F7A, 0x208E,  0x2165, 0x2205, 0x225F, 0x2286,
  0x2267, 0x220E, 0x2179, 0x20A5,  0x1F9F, 0x1E59, 0x1CE5, 0x1B3A,
  0x1964, 0x175D, 0x1538, 0x12E4,  0x107E, 0x0DED, 0x0B59, 0x08A3,
  0x05ED, 0x032A, 0x0067, 0xFDA7,  0xFAEF, 0xF843, 0xF5AD, 0xF328,
  0xF0C1, 0xEE7B, 0xEC54, 0xEA5A,  0xE884, 0xE6E2, 0xE56B, 0xE42B,
  0xE31F, 0xE247, 0xE1AE, 0xE141,  0xE11E, 0xE122, 0xE170, 0xE1E8,
  0xE29F, 0xE387, 0xE4A4, 0xE5F0,  0xE76C, 0xE910, 0xEADF, 0xECCE,
  0xEEDF, 0xF10D, 0xF351, 0xF5A7,  0xF810, 0xFA7F, 0xFCF4, 0xFF6D,
  0x01DC, 0x0449, 0x06A3, 0x08F0,  0x0B26, 0x0D40, 0x0F3E, 0x111B,
  0x12D4, 0x1461, 0x15CA, 0x1701,  0x180B, 0x18E5, 0x198C, 0x1A01,
  0x1A42, 0x1A50, 0x1A29, 0x19D3,  0x1947, 0x188F, 0x17A4, 0x1692,
  0x154F, 0x13EC, 0x125E, 0x10B7,  0x0EE9, 0x0D0A, 0x0B0D, 0x0906,
  0x06EC, 0x04C9, 0x02A5, 0x007B,  0xFE57, 0xFC3B, 0xFA28, 0xF82C,
  0xF63C, 0xF466, 0xF2B0, 0xF10F,  0xEF9A, 0xEE43, 0xED14, 0xEC10,
  0xEB32, 0xEA89, 0xEA05, 0xE9B5,  0xE990, 0xE99D, 0xE9D7, 0xEA3F,
  0xEAD5, 0xEB96, 0xEC7D, 0xED93,  0xEEC7, 0xF026, 0xF199, 0xF338,
  0xF4DE, 0xF6AE, 0xF87D, 0xFA67,  0xFC56, 0xFE4A, 0x0045, 0x0238,
  0x0429, 0x060D, 0x07E6, 0x09A9,  0x0B5B, 0x0CF1, 0x0E6A, 0x0FC6,
  0x10FF, 0x1212, 0x12FF, 0x13C4,  0x145C, 0x14CB, 0x150C, 0x151F,
  0x1509, 0x14BD, 0x144E, 0x13AF,  0x12E1, 0x11F7, 0x10D3, 0x0F9F,
  0x0E36, 0x0CBC, 0x0B1D, 0x0968,  0x079C, 0x05C1, 0x03D3, 0x01E1,
  0xFFE2, 0xFDE6, 0xFBEB, 0xF9F4,  0xF80B, 0xF62C, 0xF462, 0xF2AD,
  0xF111, 0xEF95, 0xEE33, 0xECFB,  0xEBE2, 0xEAF9, 0xEA31, 0xE99F,
  0xE92F, 0xE8FB, 0xE8E9, 0xE911,  0xE960, 0xE9E7, 0xEA93, 0xEB75,
  0xEC7B, 0xEDB2, 0xEF0B, 0xF08C,  0xF230, 0xF3EF, 0xF5D3, 0xF7C3,
  0xF9D4, 0xFBEE, 0xFE15, 0x004A,  0x027C, 0x04B4, 0x06E1, 0x090C,
  0x0B24, 0x0D2D, 0x0F20, 0x10FA,  0x12B7, 0x144E, 0x15C9, 0x1714,
  0x183D, 0x1932, 0x19FD, 0x1A93,  0x1AFB, 0x1B2B, 0x1B2D, 0x1AF3,
  0x1A8D, 0x19E9, 0x191D, 0x1817,  0x16E3, 0x1583, 0x13F3, 0x1240,
  0x1060, 0x0E61, 0x0C41, 0x0A09,  0x07B4, 0x0552, 0x02DC, 0x005F,
  0xFDDD, 0xFB55, 0xF8DB, 0xF65F,  0xF3F5, 0xF1A1, 0xEF5B, 0xED38,
  0xEB2F, 0xE949, 0xE790, 0xE5F8,  0xE495, 0xE35F, 0xE25B, 0xE18F,
  0xE0F7, 0xE099, 0xE071, 0xE088,  0xE0D4, 0xE15C, 0xE21C, 0xE313,
  0xE444, 0xE5A2, 0xE73D, 0xE8FA,  0xEAF1, 0xED05, 0xEF46, 0xF1A6,
  0xF421, 0xF6BA, 0xF961, 0xFC1B,  0xFEDF, 0x01A7, 0x0470, 0x0735,
  0x09ED, 0x0C9D, 0x0F30, 0x11B3,  0x1414, 0x1651, 0x1870, 0x1A5E,
  0x1C24, 0x1DB4, 0x1F14, 0x203D,  0x212A, 0x21E3, 0x2259, 0x2298,
  0x2296, 0x2254, 0x21DD, 0x2120,  0x202C, 0x1EFF, 0x1D96, 0x1BFE,
  0x1A2A, 0x1831, 0x1602, 0x13B5,  0x1138, 0x0EA7, 0x0BF1, 0x092D,
  0x0651, 0x036D, 0x0080, 0xFD90,  0xFAA8, 0xF7C2, 0xF4F0, 0xF22E,
  0xEF82, 0xECF8, 0xEA8A, 0xE846,  0xE627, 0xE43A, 0xE27C, 0xE0F2,
  0xDF9F, 0xDE87, 0xDDA7, 0xDD06,  0xDCA4, 0xDC7E, 0xDC98, 0xDCF2,
  0xDD87, 0xDE5B, 0xDF6C, 0xE0B0,  0xE236, 0xE3E3, 0xE5CC, 0xE7DF,
  0xEA19, 0xEC80, 0xEF00, 0xF1A5,  0xF45E, 0xF72A, 0xFA07, 0xFCEA,
  0xFFD5, 0x02B9, 0x059F, 0x086C,  0x0B3A, 0x0DDF, 0x107E, 0x12E7,
  0x1544, 0x1765, 0x196C, 0x1B35,  0x1CDB, 0x1E3D, 0x1F74, 0x206D,
  0x212A, 0x21AE, 0x21F5, 0x21FB,  0x21CD, 0x2157, 0x20B2, 0x1FC8,
  0x1EB1, 0x1D58, 0x1BDA, 0x1A1C,  0x1840, 0x162F, 0x1403, 0x11AB,
  0x0F3E, 0x0CB4, 0x0A1C, 0x076D,  0x04BD, 0x01FF, 0xFF4A, 0xFC94,
  0xF9E9, 0xF751, 0xF4C5, 0xF259,  0xF004, 0xEDD3, 0xEBC3, 0xE9DF,
  0xE823, 0xE697, 0xE53D, 0xE413,  0xE321, 0xE264, 0xE1DF, 0xE193,
  0xE17E, 0xE1A1, 0xE200, 0xE28E,  0xE35C, 0xE452, 0xE582, 0xE6DC,
  0xE867, 0xEA15, 0xEBEE, 0xEDE6,  0xEFFC, 0xF22F, 0xF472, 0xF6CA,
  0xF932, 0xFB98, 0xFE0E, 0x0077,  0x02E3, 0x053F, 0x078F, 0x09CE,
  0x0BEF, 0x0DFC, 0x0FE6, 0x11AD,  0x1354, 0x14CB, 0x161D, 0x173F,
  0x1831, 0x18F5, 0x1985, 0x19E2,  0x1A11, 0x1A03, 0x19D0, 0x195D,
  0x18C4, 0x17F7, 0x16FE, 0x15D9,  0x148E, 0x1317, 0x1187, 0x0FCE,
  0x0E01, 0x0C15, 0x0A1C, 0x080C,  0x05F6, 0x03D4, 0x01B3, 0xFF8D,
  0xFD73, 0xFB5C, 0xF959, 0xF75F,  0xF584, 0xF3B9, 0xF212, 0xF083,
  0xEF1E, 0xEDD8, 0xECBC, 0xEBCC,  0xEB01, 0xEA6B, 0xE9F9, 0xE9BD,
  0xE9AE, 0xE9C9, 0xEA1A, 0xEA8D,  0xEB3A, 0xEC04, 0xED01, 0xEE20,
  0xEF60, 0xF0CC, 0xF246, 0xF3EF,  0xF59C, 0xF76D, 0xF943, 0xFB2F,
  0xFD1B, 0xFF12, 0x0107, 0x02F4,  0x04E4, 0x06BB, 0x0890, 0x0A47,
  0x0BF0, 0x0D74, 0x0EE7, 0x1031,  0x115B, 0x1261, 0x133D, 0x13F1,
  0x147A, 0x14D7, 0x150A, 0x150B,  0x14E3, 0x148B, 0x140D, 0x135B,
  0x1289, 0x1184, 0x1064, 0x0F1A,  0x0DAD, 0x0C2B, 0x0A81, 0x08CC,
  0x06F9, 0x051C, 0x032C, 0x013B,  0xFF3D, 0xFD48, 0xFB4A, 0xF960,
  0xF779, 0xF5A5, 0xF3E5, 0xF239,  0xF0A9, 0xEF38, 0xEDE6, 0xECB9,
  0xEBB2, 0xEAD3, 0xEA20, 0xE996,  0xE93F, 0xE90F, 0xE917, 0xE945,
  0xE9A9, 0xEA39, 0xEAF4, 0xEBE2,  0xECF4, 0xEE33, 0xEF97, 0xF11F,
  0xF2CA, 0xF492, 0xF671, 0xF870,  0xFA76, 0xFC99, 0xFEB9, 0x00EF,
  0x0317, 0x054F, 0x0771, 0x0996,  0x0BA0, 0x0DA4, 0x0F87, 0x1155,
  0x1303, 0x148E, 0x15F9, 0x1733,  0x184D, 0x1930, 0x19EB, 0x1A72,
  0x1AC7, 0x1AEA, 0x1AD8, 0x1A92,  0x1A19, 0x196E, 0x188E, 0x1780,
  0x1640, 0x14D5, 0x1340, 0x1181,  0x0F9F, 0x0D9A, 0x0B7B, 0x093A,
  0x06EF, 0x0488, 0x0219, 0xFFA2,  0xFD22, 0xFAAB, 0xF831, 0xF5C6,
  0xF368, 0xF120, 0xEEEA, 0xECD7,  0xEADE, 0xE90D, 0xE760, 0xE5E0,
  0xE48F, 0xE36C, 0xE27C, 0xE1C4,  0xE13E, 0xE0F4, 0xE0E0, 0xE106,
  0xE166, 0xE1FB, 0xE2CE, 0xE3D2,  0xE50D, 0xE67C, 0xE819, 0xE9E8,
  0xEBDC, 0xEDFE, 0xF03C, 0xF29F,  0xF51F, 0xF7AC, 0xFA58, 0xFD07,
  0xFFC6, 0x0284, 0x0543, 0x07FA,  0x0AA6, 0x0D43, 0x0FC9, 0x1238,
  0x1484, 0x16B3, 0x18B6, 0x1A94,  0x1C3D, 0x1DBD, 0x1F03, 0x2015,
  0x20EE, 0x218C, 0x21F0, 0x2217,  0x21FF, 0x21B0, 0x211D, 0x2054,
  0x1F50, 0x1E10, 0x1CA1, 0x1AF3,  0x1920, 0x1717, 0x14E7, 0x1292,
  0x1017, 0x0D81, 0x0AD2, 0x080D,  0x053B, 0x025B, 0xFF7B, 0xFC96,
  0xF9B9, 0xF6E7, 0xF420, 0xF175,  0xEEDB, 0xEC66, 0xEA0E, 0xE7E0,
  0xE5DB, 0xE405, 0xE261, 0xE0ED,  0xDFB9, 0xDEB3, 0xDDF1, 0xDD69,
  0xDD1C, 0xDD0E, 0xDD40, 0xDDAD,  0xDE57, 0xDF3F, 0xE05D, 0xE1B7,
  0xE344, 0xE502, 0xE6F2, 0xE90F,  0xEB4D, 0xEDBA, 0xF03B, 0xF2DF,
  0xF596, 0xF85C, 0xFB37, 0xFE09,  0x00F1, 0x03C4, 0x069B, 0x095E,
  0x0C10, 0x0EAB, 0x112C, 0x1389,  0x15C5, 0x17D8, 0x19BB, 0x1B77,
  0x1CF5, 0x1E4A, 0x1F61, 0x203E,  0x20E7, 0x214D, 0x217C, 0x2170,
  0x2121, 0x20A1, 0x1FDF, 0x1EE7,  0x1DBA, 0x1C5A, 0x1AC2, 0x1906,
  0x1714, 0x1505, 0x12CA, 0x1075,  0x0E03, 0x0B7E, 0x08E0, 0x0640,
  0x038F, 0x00DF, 0xFE33, 0xFB88,  0xF8EF, 0xF664, 0xF3EB, 0xF195,
  0xEF4F, 0xED38, 0xEB3D, 0xE96F,  0xE7CE, 0xE65A, 0xE516, 0xE40A,
  0xE32C, 0xE28B, 0xE21F, 0xE1E8,  0xE1EE, 0xE225, 0xE299, 0xE33D,
  0xE41D, 0xE523, 0xE667, 0xE7CC,  0xE963, 0xEB1F, 0xECFD, 0xEF00,
  0xF118, 0xF34E, 0xF594, 0xF7EB,  0xFA4B, 0xFCB3, 0xFF1C, 0x0181,
  0x03DF, 0x0630, 0x0874, 0x0A9F,  0x0CB4, 0x0EAC, 0x1084, 0x1238,
  0x13C7, 0x152D, 0x1665, 0x1771,  0x1850, 0x18F8, 0x1977, 0x19BA,
  0x19D4, 0x19B3, 0x1968, 0x18E6,  0x1835, 0x175E, 0x164C, 0x1522,
  0x13C0, 0x1248, 0x10A3, 0x0EED,  0x0D0E, 0x0B29, 0x0922, 0x071A,
  0x04FF, 0x02E2, 0x00C3, 0xFEA6,  0xFC91, 0xFA86, 0xF887, 0xF6A2,
  0xF4CD, 0xF315, 0xF17B, 0xEFFD,  0xEEAC, 0xED72, 0xEC71, 0xEB8B,
  0xEADC, 0xEA50, 0xE9FA, 0xE9CD,  0xE9CF, 0xEA01, 0xEA5E, 0xEAE9,
  0xEB9F, 0xEC7D, 0xED87, 0xEEAE,  0xF004, 0xF16C, 0xF300, 0xF49E,
  0xF661, 0xF82A, 0xFA0D, 0xFBF0,  0xFDE5, 0xFFD2, 0x01C8, 0x03B2,
  0x0595, 0x076C, 0x0931, 0x0AE2,  0x0C7B, 0x0DF9, 0x0F5A, 0x1096,
  0x11B4, 0x12A7, 0x1375, 0x1419,  0x148F, 0x14E3, 0x14FA, 0x14F7,
  0x14B5, 0x1458, 0x13C0, 0x130B,  0x1222, 0x111A, 0x0FE8, 0x0E96,
  0x0D24, 0x0B93, 0x09EB, 0x0828,  0x065C, 0x0472, 0x028B, 0x0094,
  0xFE9B, 0xFCA8, 0xFAB3, 0xF8C9,  0xF6F0, 0xF51E, 0xF36D, 0xF1C9,
  0xF048, 0xEEDF, 0xED9E, 0xEC7D,  0xEB87, 0xEAB3, 0xEA12, 0xE996,
  0xE94E, 0xE930, 0xE940, 0xE985,  0xE9F1, 0xEA90, 0xEB59, 0xEC50,
  0xED6F, 0xEEB7, 0xF025, 0xF1B3,  0xF365, 0xF52E, 0xF71A, 0xF90E,
  0xFB23, 0xFD38, 0xFF61, 0x018A,  0x03B5, 0x05E1, 0x0800, 0x0A17,
  0x0C1C, 0x0E12, 0x0FE9, 0x11AB,  0x1349, 0x14CA, 0x161E, 0x1750,
  0x1854, 0x192B, 0x19D3, 0x1A4B,  0x1A8D, 0x1AA5, 0x1A7D, 0x1A2F,
  0x19A2, 0x18EE, 0x17FE, 0x16E6,  0x159C, 0x1427, 0x128B, 0x10C3,
  0x0EE1, 0x0CD3, 0x0AB5, 0x0874,  0x0627, 0x03C6, 0x0159, 0xFEE9,
  0xFC72, 0xF9FF, 0xF792, 0xF534,  0xF2E2, 0xF0A6, 0xEE82, 0xEC7D,
  0xEA94, 0xE8D9, 0xE738, 0xE5D4,  0xE48B, 0xE383, 0xE2A5, 0xE1FD,
  0xE18F, 0xE153, 0xE155, 0xE189,  0xE1FB, 0xE2A2, 0xE37F, 0xE495,
  0xE5D8, 0xE755, 0xE8FA, 0xEACF,  0xECCD, 0xEEEE, 0xF135, 0xF394,
  0xF612, 0xF8A1, 0xFB45, 0xFDF1,  0x00A3, 0x035B, 0x060D, 0x08B7,
  0x0B56, 0x0DE2, 0x1057, 0x12B3,  0x14EC, 0x1708, 0x18F5, 0x1ABC,
  0x1C52, 0x1DB8, 0x1EEB, 0x1FE3,  0x20A8, 0x212F, 0x217D, 0x2190,
  0x2165, 0x2100, 0x205B, 0x1F85,  0x1E6D, 0x1D23, 0x1BA3, 0x19EF,
  0x1810, 0x1601, 0x13CC, 0x1172,  0x0EF8, 0x0C61, 0x09B6, 0x06F6,
  0x0426, 0x0159, 0xFE76, 0xFBA9,  0xF8D4, 0xF612, 0xF360, 0xF0C3,
  0xEE40, 0xEBDE, 0xE99F, 0xE785,  0xE59C, 0xE3D9, 0xE24F, 0xE0FA,
  0xDFD4, 0xDEF2, 0xDE42, 0xDDD3,  0xDD9E, 0xDDA7, 0xDDEE, 0xDE70,
  0xDF2D, 0xE026, 0xE157, 0xE2BB,  0xE459, 0xE620, 0xE81C, 0xEA39,
  0xEC85, 0xEEEE, 0xF173, 0xF416,  0xF6C7, 0xF98C, 0xFC58, 0xFF2B,
  0x01FB, 0x04CE, 0x0789, 0x0A44,  0x0CE0, 0x0F67, 0x11D4, 0x141B,
  0x163E, 0x183A, 0x1A05, 0x1BA4,  0x1D0D, 0x1E45, 0x1F42, 0x200A,
  0x2093, 0x20E7, 0x20F8, 0x20DA,  0x2072, 0x1FDF, 0x1F07, 0x1E01,
  0x1CC2, 0x1B51, 0x19B0, 0x17E6,  0x15ED, 0x13D5, 0x1198, 0x0F3E,
  0x0CCD, 0x0A46, 0x07B2, 0x0512,  0x026A, 0xFFC6, 0xFD20, 0xFA8B,
  0xF7FA, 0xF582, 0xF31D, 0xF0D7,  0xEEA8, 0xECA8, 0xEAC1, 0xE90E,
  0xE782, 0xE628, 0xE4FD, 0xE408,  0xE347, 0xE2BA, 0xE269, 0xE248,
  0xE264, 0xE2B3, 0xE33B, 0xE3F3,  0xE4E1, 0xE5FE, 0xE74C, 0xE8C2,
  0xEA64, 0xEC28, 0xEE10, 0xF017,  0xF234, 0xF46F, 0xF6AF, 0xF90A,
  0xFB61, 0xFDC9, 0x0024, 0x0284,  0x04D4, 0x071C, 0x094D, 0x0B6A,
  0x0D6F, 0x0F53, 0x1119, 0x12B7,  0x1434, 0x1580, 0x16A4, 0x179E,
  0x185C, 0x18FA, 0x1958, 0x198E,  0x198C, 0x195B, 0x18F7, 0x1867,
  0x17A4, 0x16B7, 0x159E, 0x145D,  0x12F7, 0x116E, 0x0FC4, 0x0E02,
  0x0C24, 0x0A33, 0x0831, 0x0624,  0x040C, 0x01F3, 0xFFD7, 0xFDC4,
  0xFBB1, 0xF9B6, 0xF7BF, 0xF5E8,  0xF41E, 0xF279, 0xF0E9, 0xEF85,
  0xEE38, 0xED20, 0xEC24, 0xEB5A,  0xEAB8, 0xEA45, 0xE9FD, 0xE9E5,
  0xE9FA, 0xEA3D, 0xEAAC, 0xEB47,  0xEC0C, 0xECFA, 0xEE10, 0xEF45,
  0xF0A4, 0xF219, 0xF3B0, 0xF559,  0xF720, 0xF8EC, 0xFAD1, 0xFCB8,
  0xFEA5, 0x0099, 0x0281, 0x046C,  0x0645, 0x0817, 0x09CE, 0x0B78,
  0x0D04, 0x0E75, 0x0FC8, 0x10F6,  0x1205, 0x12E9, 0x13A6, 0x143A,
  0x14A4, 0x14DD, 0x14F2, 0x14D0,  0x148E, 0x1415, 0x1378, 0x12AF,
  0x11BD, 0x10A8, 0x0F6B, 0x0E13,  0x0C91, 0x0B02, 0x094D, 0x078C,
  0x05B4, 0x03D4, 0x01E2, 0xFFF5,  0xFDF9, 0xFC0C, 0xFA1B, 0xF83B,
  0xF664, 0xF4A3, 0xF2F5, 0xF15F,  0xEFEA, 0xEE8D, 0xED5C, 0xEC44,
  0xEB62, 0xEA98, 0xEA0A, 0xE99B,  0xE962, 0xE953, 0xE974, 0xE9C2,
  0xEA40, 0xEAEA, 0xEBC1, 0xECC1,  0xEDEB, 0xEF3D, 0xF0B3, 0xF248,
  0xF3FE, 0xF5D0, 0xF7B9, 0xF9B3,  0xFBC8, 0xFDD9, 0x0002, 0x0226,
  0x044D, 0x066F, 0x088B, 0x0A92,  0x0C96, 0x0E76, 0x1048, 0x11FB,
  0x1389, 0x14FE, 0x1640, 0x1765,  0x1857, 0x191E, 0x19B7, 0x1A1E,
  0x1A50, 0x1A59, 0x1A21, 0x19C6,  0x192A, 0x1869, 0x176D, 0x164B,
  0x14F5, 0x137C, 0x11D1, 0x100D,  0x0E1C, 0x0C14, 0x09EE, 0x07B3,
  0x0562, 0x0308, 0x009F, 0xFE34,  0xFBC6, 0xF95B, 0xF6FD, 0xF4A4,
  0xF264, 0xF034, 0xEE21, 0xEC2A,  0xEA56, 0xE8A5, 0xE723, 0xE5C2,
  0xE499, 0xE39D, 0xE2D3, 0xE242,  0xE1E1, 0xE1BB, 0xE1CD, 0xE212,
  0xE296, 0xE348, 0xE437, 0xE556,  0xE6AA, 0xE829, 0xE9DF, 0xEBB4,
  0xEDBC, 0xEFDF, 0xF224, 0xF48C,  0xF6FE, 0xF994, 0xFC29, 0xFED3,
  0x017C, 0x042B, 0x06CC, 0x096F,  0x0BFB, 0x0E76, 0x10DF, 0x1321,
  0x154F, 0x174F, 0x192B, 0x1ADB,  0x1C5E, 0x1DA9, 0x1EC9, 0x1FAA,
  0x2058, 0x20CD, 0x2100, 0x2105,  0x20C1, 0x204A, 0x1F9D, 0x1EA8,
  0x1D8E, 0x1C2E, 0x1AA8, 0x18E9,  0x1700, 0x14ED, 0x12B1, 0x1058,
  0x0DDA, 0x0B49, 0x089C, 0x05E6,  0x031D, 0x0054, 0xFD87, 0xFABA,
  0xF7FE, 0xF546, 0xF2A9, 0xF01C,  0xEDB1, 0xEB61, 0xE93B, 0xE736,
  0xE565, 0xE3BA, 0xE24E, 0xE105,  0xE008, 0xDF31, 0xDEA0, 0xDE47,
  0xDE26, 0xDE4C, 0xDEA0, 0xDF39,  0xE00A, 0xE112, 0xE252, 0xE3C6,
  0xE56C, 0xE742, 0xE940, 0xEB6B,  0xEDB4, 0xF023, 0xF2A6, 0xF548,
  0xF7F4, 0xFAB3, 0xFD75, 0x0041,  0x0302, 0x05C7, 0x0875, 0x0B1A,
  0x0DA7, 0x1018, 0x1271, 0x149F,  0x16AE, 0x188D, 0x1A44, 0x1BC5,
  0x1D1C, 0x1E32, 0x1F1B, 0x1FC6,  0x203A, 0x2072, 0x2072, 0x2035,
  0x1FC0, 0x1F13, 0x1E2C, 0x1D14,  0x1BC4, 0x1A47, 0x189A, 0x16C7,
  0x14C2, 0x12AA, 0x1063, 0x0E0C,  0x0B99, 0x0915, 0x0686, 0x03E9,
  0x014F, 0xFEB2, 0xFC1A, 0xF991,  0xF711, 0xF4AA, 0xF259, 0xF022,
  0xEE12, 0xEC1B, 0xEA59, 0xE8B0,  0xE747, 0xE5FE, 0xE4F1, 0xE413,
  0xE367, 0xE2F9, 0xE2B7, 0xE2B6,  0xE2E2, 0xE34A, 0xE3E2, 0xE4B0,
  0xE5AE, 0xE6DD, 0xE835, 0xE9BD,  0xEB64, 0xED36, 0xEF22, 0xF12F,
  0xF352, 0xF586, 0xF7D0, 0xFA1F,  0xFC7A, 0xFED2, 0x012B, 0x037E,
  0x05C6, 0x07FB, 0x0A20, 0x0C2F,  0x0E1C, 0x0FF5, 0x11A1, 0x132F,
  0x1493, 0x15CC, 0x16DB, 0x17BA,  0x1867, 0x18EB, 0x1935, 0x1954,
  0x1940, 0x18F5, 0x1887, 0x17DC,  0x170B, 0x1610, 0x14E3, 0x139C,
  0x1224, 0x1095, 0x0EE1, 0x0D19,  0x0B33, 0x0944, 0x073D, 0x0532,
  0x031A, 0x0108, 0xFEEE, 0xFCE5,  0xFADB, 0xF8E6, 0xF701, 0xF52F,
  0xF37C, 0xF1DF, 0xF064, 0xEF0C,  0xEDD7, 0xECCC, 0xEBE5, 0xEB2E,
  0xEA9D, 0xEA41, 0xEA07, 0xEA07,  0xEA2B, 0xEA7F, 0xEB01, 0xEBAA,
  0xEC80, 0xED7D, 0xEE9A, 0xEFE6,  0xF141, 0xF2CC, 0xF461, 0xF618,
  0xF7DC, 0xF9B3, 0xFB91, 0xFD7F,  0xFF66, 0x0158, 0x033C, 0x0522,
  0x06F1, 0x08BC, 0x0A68, 0x0C08,  0x0D87, 0x0EEC, 0x102F, 0x1155,
  0x124A, 0x1329, 0x13CD, 0x145B,  0x14A8, 0x14DF, 0x14D7, 0x14B2,
  0x1454, 0x13D6, 0x1326, 0x1253,  0x1152, 0x1034, 0x0EEC, 0x0D89,
  0x0C04, 0x0A68, 0x08B4, 0x06EA,  0x0515, 0x032E, 0x0142, 0xFF51,
  0xFD5C, 0xFB74, 0xF985, 0xF7B1,  0xF5DD, 0xF429, 0xF284, 0xF0FA,
  0xEF8F, 0xEE43, 0xED1A, 0xEC18,  0xEB3A, 0xEA89, 0xEA03, 0xE9A6,
  0xE97C, 0xE979, 0xE9AC, 0xEA05,  0xEA91, 0xEB49, 0xEC28, 0xED37,
  0xEE6A, 0xEFC4, 0xF140, 0xF2DF,  0xF498, 0xF66D, 0xF85C, 0xFA55,
  0xFC67, 0xFE7B, 0x009E, 0x02BF,  0x04E0, 0x06FB, 0x090C, 0x0B0F,
  0x0D02, 0x0EDC, 0x109F, 0x1244,  0x13C5, 0x152A, 0x1660, 0x1771,
  0x1856, 0x190C, 0x1995, 0x19EC,  0x1A11, 0x1A04, 0x19C6, 0x1954,
  0x18B3, 0x17DD, 0x16DF, 0x15AA,  0x1451, 0x12CB, 0x111E, 0x0F51,
  0x0D5F, 0x0B52, 0x092F, 0x06EF,  0x04A7, 0x024B, 0xFFEB, 0xFD84,
  0xFB1F, 0xF8C1, 0xF668, 0xF421,  0xF1E9, 0xEFCC, 0xEDC5, 0xEBE2,
  0xEA1B, 0xE880, 0xE70A, 0xE5C2,  0xE4AA, 0xE3BD, 0xE30D, 0xE285,
  0xE241, 0xE224, 0xE24A, 0xE2A2,  0xE331, 0xE3F5, 0xE4F1, 0xE618,
  0xE77B, 0xE903, 0xEABE, 0xEC9D,  0xEEA6, 0xF0CC, 0xF318, 0xF573,
  0xF7F3, 0xFA75, 0xFD0F, 0xFFAE,  0x024C, 0x04F1, 0x0788, 0x0A1A,
  0x0C99, 0x0F03, 0x1158, 0x138D,  0x159F, 0x1793, 0x1955, 0x1AF3,
  0x1C5B, 0x1D95, 0x1E9D, 0x1F68,  0x2002, 0x205D, 0x2085, 0x206A,
  0x201F, 0x1F8F, 0x1ED1, 0x1DD3,  0x1CA3, 0x1B3E, 0x19A8, 0x17E3,
  0x15F2, 0x13D9, 0x119A, 0x0F40,  0x0CC0, 0x0A36, 0x0789, 0x04DB,
  0x021B, 0xFF5A, 0xFC99, 0xF9DD,  0xF72B, 0xF487, 0xF1FC, 0xEF80,
  0xED2C, 0xEAF1, 0xE8DE, 0xE6F7,  0xE536, 0xE3AC, 0xE24D, 0xE128,
  0xE03B, 0xDF7F, 0xDF06, 0xDEC3,  0xDEB9, 0xDEF5, 0xDF58, 0xE00D,
  0xE0E6, 0xE204, 0xE353, 0xE4CF,  0xE686, 0xE85D, 0xEA6D, 0xEC92,
  0xEEE9, 0xF14D, 0xF3DB, 0xF670,  0xF91E, 0xFBD1, 0xFE8F, 0x0149,
  0x0404, 0x06B4, 0x0957, 0x0BE8,  0x0E61, 0x10C0, 0x12FE, 0x151B,
  0x1710, 0x18D6, 0x1A76, 0x1BDD,  0x1D19, 0x1E19, 0x1EE7, 0x1F7A,
  0x1FD5, 0x1FF6, 0x1FE0, 0x1F8C,  0x1F03, 0x1E43, 0x1D4A, 0x1C22,
  0x1AC4, 0x1938, 0x1785, 0x159F,  0x13A2, 0x1176, 0x0F37, 0x0CD8,
  0x0A6A, 0x07EA, 0x055B, 0x02CF,  0x0032, 0xFDAB, 0xFB19, 0xF8A1,
  0xF633, 0xF3DB, 0xF19E, 0xEF7D,  0xED7E, 0xEBA4, 0xE9EF, 0xE86D,
  0xE70A, 0xE5EB, 0xE4E6, 0xE42D,  0xE393, 0xE33F, 0xE314, 0xE327,
  0xE36C, 0xE3E6, 0xE492, 0xE574,  0xE67F, 0xE7C1, 0xE923, 0xEAB9,
  0xEC68, 0xEE45, 0xF034, 0xF248,  0xF46A, 0xF6A2, 0xF8E8, 0xFB34,
  0xFD88, 0xFFDB, 0x022C, 0x0471,  0x06AD, 0x08D5, 0x0AEB, 0x0CE7,
  0x0EC6, 0x1087, 0x1225, 0x1398,  0x14EB, 0x160E, 0x1704, 0x17D0,
  0x1868, 0x18D1, 0x190B, 0x1910,  0x18EA, 0x188E, 0x1808, 0x174D,
  0x166F, 0x155D, 0x142D, 0x12CD,  0x1155, 0x0FB6, 0x0DFE, 0x0C2C,
  0x0A47, 0x0850, 0x064E, 0x043F,  0x022F, 0x001C, 0xFE0E, 0xFC05,
  0xFA0E, 0xF81A, 0xF649, 0xF47E,  0xF2DC, 0xF14C, 0xEFE3, 0xEE9A,
  0xED79, 0xEC7C, 0xEBAC, 0xEB04,  0xEA89, 0xEA3A, 0xEA1B, 0xEA25,
  0xEA60, 0xEAC3, 0xEB57, 0xEC10,  0xECF3, 0xEDFE, 0xEF2B, 0xF07D,
  0xF1EB, 0xF374, 0xF51B, 0xF6D1,  0xF89E, 0xFA76, 0xFC56, 0xFE45,
  0x002B, 0x021A, 0x03FB, 0x05D8,  0x07A5, 0x0964, 0x0B0A, 0x0C9F,
  0x0E10, 0x0F6D, 0x10A1, 0x11B6,  0x12A6, 0x136A, 0x140C, 0x147D,
  0x14C8, 0x14E5, 0x14D6, 0x1499,  0x1437, 0x13A1, 0x12ED, 0x1203,
  0x1101, 0x0FCD, 0x0E84, 0x0D11,  0x0B89, 0x09E4, 0x082A, 0x065D,
  0x0482, 0x029C, 0x00AD, 0xFEC0,  0xFCCB, 0xFAE3, 0xF8FE, 0xF72A,
  0xF562, 0xF3B1, 0xF214, 0xF099,  0xEF30, 0xEDF8, 0xECCF, 0xEBE3,
  0xEB0B, 0xEA6A, 0xE9EC, 0xE9A1,  0xE97F, 0xE98B, 0xE9C8, 0xEA2F,
  0xEAC4, 0xEB87, 0xEC71, 0xED88,  0xEEC3, 0xF025, 0xF1A6, 0xF34D,
  0xF506, 0xF6E5, 0xF8CC, 0xFACE,  0xFCDC, 0xFEEF, 0x0112, 0x032A,
  0x0549, 0x075D, 0x0968, 0x0B64,  0x0D4D, 0x0F1B, 0x10D8, 0x126D,
  0x13EA, 0x153B, 0x166A, 0x176D,  0x1844, 0x18F2, 0x196A, 0x19B7,
  0x19D0, 0x19B8, 0x196E, 0x18F6,  0x1845, 0x1770, 0x1660, 0x152E,
  0x13C9, 0x1243, 0x1091, 0x0EC3,  0x0CD0, 0x0AC5, 0x08A2, 0x0669,
  0x0422, 0x01CE, 0xFF74, 0xFD18,  0xFABB, 0xF866, 0xF61B, 0xF3E0,
  0xF1B6, 0xEFA6, 0xEDAF, 0xEBD9,  0xEA25, 0xE896, 0xE735, 0xE5F9,
  0xE4F1, 0xE417, 0xE371, 0xE2FF,  0xE2C0, 0xE2BA, 0xE2E6, 0xE34C,
  0xE3E4, 0xE4B2, 0xE5B6, 0xE6E5,  0xE84A, 0xE9D8, 0xEB94, 0xED75,
  0xEF78, 0xF1A5, 0xF3DE, 0xF645,  0xF8AA, 0xFB33, 0xFDB7, 0x0050,
  0x02DD, 0x0575, 0x07F9, 0x0A7D,  0x0CE5, 0x0F41, 0x117D, 0x139F,
  0x159E, 0x1777, 0x1929, 0x1AAB,  0x1C05, 0x1D23, 0x1E17, 0x1ED2,
  0x1F51, 0x1FA2, 0x1FAF, 0x1F8C,  0x1F2B, 0x1E93, 0x1DC3, 0x1CC0,
  0x1B84, 0x1A19, 0x187E, 0x16B6,  0x14C3, 0x12AE, 0x1071, 0x0E19,
  0x0BA7, 0x091F, 0x0682, 0x03E1,  0x012D, 0xFE82, 0xFBCF, 0xF92A,
  0xF68B, 0xF402, 0xF18B, 0xEF2C,  0xECEE, 0xEAD2, 0xE8D9, 0xE70A,
  0xE56B, 0xE3F6, 0xE2B8, 0xE1AE,  0xE0D4, 0xE03C, 0xDFD6, 0xDFA9,
  0xDFBD, 0xE000, 0xE089, 0xE13C,  0xE237, 0xE353, 0xE4B7, 0xE638,
  0xE7F7, 0xE9D6, 0xEBE1, 0xEE0E,  0xF05B, 0xF2C0, 0xF542, 0xF7D0,
  0xFA70, 0xFD16, 0xFFC1, 0x026B,  0x0510, 0x07A8, 0x0A36, 0x0CA8,
  0x0F0B, 0x114A, 0x136D, 0x156A,  0x173F, 0x18E9, 0x1A66, 0x1BB1,
  0x1CCB, 0x1DAD, 0x1E5A, 0x1ED5,  0x1F0D, 0x1F19, 0x1EE2, 0x1E7A,
  0x1DDA, 0x1D03, 0x1BF9, 0x1ABE,  0x1950, 0x17BE, 0x15F7, 0x1416,
  0x1206, 0x0FE2, 0x0D9D, 0x0B45,  0x08D8, 0x0662, 0x03DD, 0x015B,
  0xFED4, 0xFC53, 0xF9E0, 0xF773,  0xF522, 0xF2E3, 0xF0BC, 0xEEBB,
  0xECD6, 0xEB1A, 0xE987, 0xE81E,  0xE6E3, 0xE5D9, 0xE501, 0xE45A,
  0xE3ED, 0xE3AA, 0xE3A8, 0xE3D2,  0xE433, 0xE4CA, 0xE58D, 0xE685,
  0xE7A8, 0xE8FB, 0xEA70, 0xEC14,  0xEDD1, 0xEFB7, 0xF1B1, 0xF3C7,
  0xF5F0, 0xF826, 0xFA6B, 0xFCB5,  0xFF01, 0x014C, 0x038E, 0x05CD,
  0x07F2, 0x0A0F, 0x0C0E, 0x0DF7,  0x0FBE, 0x1169, 0x12EA, 0x144A,
  0x157A, 0x1687, 0x175E, 0x180D,  0x1889, 0x18D6, 0x18F1, 0x18DE,
  0x1898, 0x1823, 0x1783, 0x16B0,  0x15B9, 0x1493, 0x134C, 0x11DB,
  0x104F, 0x0EA3, 0x0CDC, 0x0B02,  0x090F, 0x0714, 0x0509, 0x02FC,
  0x00E6, 0xFED9, 0xFCCA, 0xFAC9,  0xF8D7, 0xF6F0, 0xF526, 0xF36D,
  0xF1D2, 0xF05C, 0xEEFE, 0xEDC9,  0xECBF, 0xEBD1, 0xEB1C, 0xEA86,
  0xEA25, 0xE9EB, 0xE9E4, 0xEA04,  0xEA56, 0xEAD1, 0xEB77, 0xEC49,
  0xED3F, 0xEE5F, 0xEF9D, 0xF0FF,  0xF280, 0xF415, 0xF5CD, 0xF78A,
  0xF964, 0xFB44, 0xFD2C, 0xFF1E,  0x010A, 0x02F7, 0x04DD, 0x06B5,
  0x0881, 0x0A3A, 0x0BDC, 0x0D68,  0x0ED1, 0x1024, 0x114C, 0x1257,
  0x1338, 0x13F0, 0x1482, 0x14E7,  0x151D, 0x1530, 0x150D, 0x14C6,
  0x144C, 0x13B1, 0x12E1, 0x11F6,  0x10DA, 0x0FA3, 0x0E45, 0x0CCD,
  0x0B33, 0x098C, 0x07C4, 0x05F1,  0x0411, 0x0223, 0x0034, 0xFE40,
  0xFC4C, 0xFA65, 0xF87E, 0xF6AD,  0xF4EB, 0xF339, 0xF1AA, 0xF02A,
  0xEED4, 0xED99, 0xEC84, 0xEB97,  0xEACF, 0xEA38, 0xE9C2, 0xE985,
  0xE969, 0xE988, 0xE9C8, 0xEA3E,  0xEADC, 0xEBA8, 0xEC9E, 0xEDBB,
  0xEF01, 0xF066, 0xF1F4, 0xF399,  0xF55F, 0xF738, 0xF92A, 0xFB2B,
  0xFD37, 0xFF50, 0x0165, 0x038A,  0x0598, 0x07B1, 0x09B0, 0x0BA9,
  0x0D86, 0x0F54, 0x10FF, 0x1291,  0x1400, 0x1548, 0x166B, 0x1766,
  0x182D, 0x18D4, 0x193B, 0x1983,  0x198C, 0x196E, 0x1917, 0x1895,
  0x17DF, 0x16FB, 0x15EC, 0x14AC,  0x1347, 0x11BB, 0x1006, 0x0E36,
  0x0C41, 0x0A39, 0x0815, 0x05E0,  0x039E, 0x014E, 0xFEFC, 0xFCA6,
  0xFA52, 0xF80A, 0xF5C5, 0xF39A,  0xF17A, 0xEF7A, 0xED8E, 0xEBC9,
  0xEA24, 0xE8A5, 0xE750, 0xE629,  0xE52D, 0xE465, 0xE3CE, 0xE368,
  0xE33E, 0xE33E, 0xE37E, 0xE3EC,  0xE490, 0xE56C, 0xE671, 0xE7B2,
  0xE915, 0xEAAE, 0xEC68, 0xEE50,  0xF052, 0xF27D, 0xF4B7, 0xF714,
  0xF97A, 0xFBF7, 0xFE75, 0x0102,  0x0386, 0x060E, 0x0888, 0x0AF7,
  0x0D55, 0x0F99, 0x11C9, 0x13D4,  0x15C1, 0x1786, 0x1923, 0x1A91,
  0x1BD4, 0x1CE2, 0x1DBF, 0x1E65,  0x1ED3, 0x1F0F, 0x1F0C, 0x1ED7,
  0x1E65, 0x1DC1, 0x1CE1, 0x1BD3,  0x1A8C, 0x191A, 0x1774, 0x15AA,
  0x13B1, 0x119B, 0x0F5E, 0x0D06,  0x0A9B, 0x0813, 0x0585, 0x02E4,
  0x0043, 0xFD9E, 0xFAFE, 0xF863,  0xF5DC, 0xF35D, 0xF101, 0xEEB1,
  0xEC8C, 0xEA82, 0xE8A3, 0xE6EA,  0xE563, 0xE405, 0xE2E0, 0xE1E9,
  0xE12F, 0xE0A4, 0xE05A, 0xE040,  0xE068, 0xE0C2, 0xE155, 0xE226,
  0xE31D, 0xE45B, 0xE5B8, 0xE756,  0xE90C, 0xEAFF, 0xED04, 0xEF3C,
  0xF183, 0xF3EB, 0xF668, 0xF8F0,  0xFB89, 0xFE28, 0x00C3, 0x0368,
  0x05F4, 0x0888, 0x0AF9, 0x0D63,  0x0FA9, 0x11D8, 0x13E4, 0x15C9,
  0x1786, 0x191B, 0x1A7B, 0x1BB2,  0x1CB0, 0x1D78, 0x1E16, 0x1E6A,
  0x1E9D, 0x1E82, 0x1E43, 0x1DBE,  0x1D10, 0x1C27, 0x1B0B, 0x19C5,
  0x1848, 0x16AB, 0x14DF, 0x12EF,  0x10E4, 0x0EB7, 0x0C72, 0x0A1C,
  0x07B2, 0x0540, 0x02C5, 0x0048,  0xFDD0, 0xFB59, 0xF8F4, 0xF69B,
  0xF455, 0xF22E, 0xF018, 0xEE2D,  0xEC5F, 0xEAB7, 0xE93D, 0xE7EC,
  0xE6C6, 0xE5DA, 0xE514, 0xE488,  0xE430, 0xE407, 0xE418, 0xE45A,
  0xE4CD, 0xE577, 0xE64D, 0xE755,  0xE889, 0xE9E4, 0xEB6A, 0xED14,
  0xEEDB, 0xF0C8, 0xF2C4, 0xF4DE,  0xF705, 0xF93D, 0xFB7B, 0xFDC4,
  0x0002, 0x024A, 0x0480, 0x06B0,  0x08CB, 0x0AD7, 0x0CC6, 0x0E9B,
  0x1053, 0x11E8, 0x1354, 0x14A3,  0x15B8, 0x16B4, 0x1771, 0x180E,
  0x1870, 0x18AD, 0x18AD, 0x188B,  0x182D, 0x17A9, 0x16F5, 0x1613,
  0x150A, 0x13DB, 0x1280, 0x110D,  0x0F71, 0x0DC0, 0x0BF3, 0x0A12,
  0x0821, 0x0622, 0x041A, 0x020D,  0xFFFE, 0xFDF5, 0xFBEE, 0xF9FB,
  0xF80A, 0xF638, 0xF474, 0xF2CD,  0xF147, 0xEFD3, 0xEE94, 0xED6A,
  0xEC71, 0xEB9C, 0xEAF3, 0xEA74,  0xEA24, 0xE9FF, 0xEA06, 0xEA3E,
  0xEA9A, 0xEB2C, 0xEBDF, 0xECC0,  0xEDC4, 0xEEEE, 0xF03C, 0xF1A5,
  0xF32E, 0xF4CF, 0xF684, 0xF84F,  0xFA24, 0xFC0A, 0xFDEF, 0xFFE2,
  0x01C5, 0x03B6, 0x058C, 0x0764,  0x0925, 0x0AD0, 0x0C6E, 0x0DE6,
  0x0F49, 0x108A, 0x11A4, 0x12A2,  0x136E, 0x141E, 0x149A, 0x14F0,
  0x151A, 0x1517, 0x14EA, 0x148F,  0x140C, 0x135E, 0x1285, 0x118C,
  0x1065, 0x0F25, 0x0DBB, 0x0C40,  0x0A9D, 0x08F1, 0x0723, 0x0553,
  0x036C, 0x0183, 0xFF93, 0xFDA2,  0xFBB6, 0xF9CD, 0xF7F7, 0xF625,
  0xF472, 0xF2C8, 0xF143, 0xEFD1,  0xEE86, 0xED5A, 0xEC51, 0xEB73,
  0xEABA, 0xEA2E, 0xE9CD, 0xE999,  0xE98F, 0xE9B9, 0xEA07, 0xEA8E,
  0xEB32, 0xEC10, 0xED0C, 0xEE34,  0xEF84, 0xF0EF, 0xF283, 0xF431,
  0xF5F3, 0xF7DA, 0xF9C2, 0xFBC9,  0xFDD2, 0xFFE6, 0x01FF, 0x0412,
  0x0625, 0x082E, 0x0A28, 0x0C15,  0x0DE8, 0x0FAA, 0x1147, 0x12CD,
  0x142D, 0x1565, 0x167E, 0x1760,  0x1824, 0x18B0, 0x1912, 0x1942,
  0x1944, 0x1911, 0x18B2, 0x1821,  0x175D, 0x1673, 0x1555, 0x140E,
  0x12A6, 0x1109, 0x0F5C, 0x0D7A,  0x0B92, 0x097C, 0x0762, 0x052A,
  0x02ED, 0x00A3, 0xFE57, 0xFC07,  0xF9C1, 0xF77D, 0xF54A, 0xF328,
  0xF117, 0xEF24, 0xED4B, 0xEB95,  0xE9FF, 0xE892, 0xE751, 0xE639,
  0xE551, 0xE49A, 0xE413, 0xE3C3,  0xE3A2, 0xE3BB, 0xE403, 0xE484,
  0xE535, 0xE61B, 0xE72F, 0xE875,  0xE9E5, 0xEB82, 0xED47, 0xEF2A,
  0xF139, 0xF359, 0xF59D, 0xF7F0,  0xFA56, 0xFCCA, 0xFF44, 0x01C4,
  0x043F, 0x06BD, 0x0926, 0x0B8A,  0x0DD3, 0x100C, 0x1225, 0x1421,
  0x15F8, 0x17A9, 0x1932, 0x1A8C,  0x1BB8, 0x1CB5, 0x1D77, 0x1E0F,
  0x1E65, 0x1E8F, 0x1E79, 0x1E34,  0x1DB0, 0x1CFC, 0x1C0F, 0x1AF3,
  0x19A3, 0x1824, 0x167A, 0x14A5,  0x12AD, 0x108D, 0x0E55, 0x0BFE,
  0x0991, 0x0714, 0x0486, 0x01F3,  0xFF58, 0xFCC4, 0xFA29, 0xF7A8,
  0xF526, 0xF2C3, 0xF071, 0xEE3C,  0xEC26, 0xEA38, 0xE869, 0xE6CD,
  0xE556, 0xE416, 0xE304, 0xE227,  0xE181, 0xE10E, 0xE0DB, 0xE0D4,
  0xE110, 0xE17D, 0xE225, 0xE2FE,  0xE410, 0xE54E, 0xE6C5, 0xE85D,
  0xEA2A, 0xEC16, 0xEE2C, 0xF05A,  0xF2AB, 0xF50C, 0xF785, 0xFA0B,
  0xFC99, 0xFF2E, 0x01C3, 0x0451,  0x06DC, 0x0951, 0x0BBB, 0x0E0C,
  0x103F, 0x125D, 0x144A, 0x1621,  0x17C1, 0x193E, 0x1A8B, 0x1BA0,
  0x1C90, 0x1D39, 0x1DC3, 0x1DFD,  0x1E1B, 0x1DEC, 0x1D94, 0x1D04,
  0x1C3A, 0x1B48, 0x1A18, 0x18C9,  0x173C, 0x159C, 0x13BC, 0x11D6,
  0x0FB9, 0x0D91, 0x0B4C, 0x08F5,  0x0692, 0x0424, 0x01B2, 0xFF3F,
  0xFCD1, 0xFA69, 0xF813, 0xF5C7,  0xF39B, 0xF17A, 0xEF87, 0xEDA6,
  0xEBF1, 0xEA66, 0xE8F9, 0xE7C7,  0xE6B6, 0xE5E1, 0xE535, 0xE4C0,
  0xE47C, 0xE46D, 0xE492, 0xE4E7,  0xE572, 0xE628, 0xE717, 0xE826,
  0xE96F, 0xEAD1, 0xEC69, 0xEE13,  0xEFE9, 0xF1D5, 0xF3D8, 0xF5F4,
  0xF817, 0xFA50, 0xFC89, 0xFEC8,  0x0106, 0x033C, 0x056E, 0x078A,
  0x099E, 0x0B93, 0x0D76, 0x0F39,  0x10DC, 0x125C, 0x13BA, 0x14E8,
  0x15F8, 0x16CC, 0x1783, 0x1800,  0x1853, 0x1874, 0x1869, 0x1828,
  0x17C0, 0x1726, 0x165F, 0x1572,  0x1456, 0x131C, 0x11B6, 0x1036,
  0x0E95, 0x0CD9, 0x0B0B, 0x0923,  0x0733, 0x0530, 0x032F, 0x0121,
  0xFF1A, 0xFD15, 0xFB18, 0xF92D,  0xF74A, 0xF581, 0xF3CE, 0xF234,
  0xF0BA, 0xEF5F, 0xEE29, 0xED15,  0xEC2D, 0xEB6B, 0xEAD5, 0xEA69,
  0xEA2C, 0xEA15, 0xEA38, 0xEA74,  0xEAEF, 0xEB87, 0xEC4D, 0xED3E,
  0xEE4A, 0xEF88, 0xF0D6, 0xF255,  0xF3DA, 0xF58C, 0xF73D, 0xF913,
  0xFAE6, 0xFCCD, 0xFEB4, 0x009D,  0x0287, 0x0468, 0x0640, 0x080A,
  0x09C3, 0x0B67, 0x0CF4, 0x0E65,  0x0FB8, 0x10E8, 0x11FC, 0x12DF,
  0x13A9, 0x143D, 0x14AF, 0x14F5,  0x150D, 0x14FD, 0x14BF, 0x1456,
  0x13C5, 0x1308, 0x1225, 0x111D,  0x0FF0, 0x0EA0, 0x0D37, 0x0BA8,
  0x0A0E, 0x084C, 0x068E, 0x04AB,  0x02D0, 0x00DF, 0xFEF7, 0xFD06,
  0xFB20, 0xF93F, 0xF76B, 0xF5A8,  0xF3F9, 0xF25C, 0xF0E1, 0xEF7D,
  0xEE3D, 0xED1F, 0xEC24, 0xEB53,  0xEAAA, 0xEA2C, 0xE9D9, 0xE9B4,
  0xE9B8, 0xE9ED, 0xEA4F, 0xEAD8,  0xEB97, 0xEC6F, 0xED83, 0xEEAC,
  0xF008, 0xF17A, 0xF313, 0xF4C4,  0xF68F, 0xF86F, 0xFA61, 0xFC61,
  0xFE6C, 0x007C, 0x028D, 0x049E,  0x06A9, 0x08A8, 0x0A9C, 0x0C7A,
  0x0E48, 0x0FF7, 0x118B, 0x1305,  0x144F, 0x1584, 0x1682, 0x1760,
  0x180D, 0x188D, 0x18DE, 0x1905,  0x18EE, 0x18BB, 0x1842, 0x17AD,
  0x16DC, 0x15E5, 0x14BF, 0x1373,  0x11FB, 0x1064, 0x0EA7, 0x0CCE,
  0x0AD8, 0x08CD, 0x06A9, 0x047F,  0x023D, 0xFFFF, 0xFDB6, 0xFB70,
  0xF933, 0xF6FA, 0xF4D4, 0xF2BC,  0xF0BC, 0xEED7, 0xED0E, 0xEB66,
  0xE9E3, 0xE888, 0xE757, 0xE64E,  0xE57E, 0xE4D2, 0xE462, 0xE41E,
  0xE410, 0xE438, 0xE48F, 0xE51E,  0xE5DB, 0xE6CE, 0xE7EB, 0xE93E,
  0xEAB1, 0xEC58, 0xEE1F, 0xF008,  0xF216, 0xF43A, 0xF677, 0xF8CD,
  0xFB28, 0xFD9A, 0x0009, 0x0280,  0x04F3, 0x0760, 0x09BD, 0x0C13,
  0x0E4A, 0x1074, 0x1279, 0x1462,  0x1627, 0x17C4, 0x1937, 0x1A7E,
  0x1B96, 0x1C79, 0x1D30, 0x1DAB,  0x1DF4, 0x1E08, 0x1DE0, 0x1D8C,
  0x1CF5, 0x1C36, 0x1B39, 0x1A12,  0x18B8, 0x172D, 0x1581, 0x13A2,
  0x11A7, 0x0F89, 0x0D4C, 0x0AFA,  0x088E, 0x061A, 0x038F, 0x010A,
  0xFE76, 0xFBED, 0xF966, 0xF6EE,  0xF480, 0xF230, 0xEFED, 0xEDD0,
  0xEBCE, 0xE9F3, 0xE841, 0xE6B3,  0xE55B, 0xE42C, 0xE334, 0xE26F,
  0xE1DA, 0xE186, 0xE15C, 0xE175,  0xE1BD, 0xE23E, 0xE2F9, 0xE3DD,
  0xE503, 0xE649, 0xE7C9, 0xE970,  0xEB3F, 0xED34, 0xEF49, 0xF17B,
  0xF3CB, 0xF629, 0xF89F, 0xFB1B,  0xFDA4, 0x002D, 0x02B6, 0x0538,
  0x07B1, 0x0A18, 0x0C6D, 0x0EAD,  0x10CA, 0x12D4, 0x14A8, 0x166B,
  0x17F0, 0x195A, 0x1A88, 0x1B8D,  0x1C5D, 0x1CF6, 0x1D61, 0x1D8B,
  0x1D91, 0x1D49, 0x1CE7, 0x1C37,  0x1B6A, 0x1A5C, 0x1928, 0x17C3,
  0x1636, 0x1480, 0x12AA, 0x10AC,  0x0E9B, 0x0C6A, 0x0A29, 0x07D4,
  0x0576, 0x030F, 0x00A5, 0xFE3E,  0xFBD9, 0xF984, 0xF738, 0xF502,
  0xF2E1, 0xF0DF, 0xEEF4, 0xED30,  0xEB90, 0xEA17, 0xE8CA, 0xE7A7,
  0xE6B5, 0xE5F0, 0xE562, 0xE4FE,  0xE4D8, 0xE4D8, 0xE515, 0xE57E,
  0xE618, 0xE6E9, 0xE7DC, 0xE905,  0xEA52, 0xEBC7, 0xED63, 0xEF19,
  0xF0F6, 0xF2E1, 0xF4ED, 0xF703,  0xF92C, 0xFB5C, 0xFD92, 0xFFCA,
  0x0200, 0x042A, 0x0652, 0x085F,  0x0A66, 0x0C49, 0x0E1D, 0x0FCA,
  0x115D, 0x12C8, 0x1411, 0x152C,  0x1621, 0x16E8, 0x1781, 0x17EE,
  0x1829, 0x1837, 0x1816, 0x17C5,  0x1746, 0x169E, 0x15C4, 0x14CA,
  0x139E, 0x1259, 0x10E7, 0x0F5F,  0x0DB3, 0x0BF6, 0x0A1D, 0x0839,
  0x0641, 0x0447, 0x023F, 0x003D,  0xFE36, 0xFC3C, 0xFA48, 0xF862,
  0xF692, 0xF4CF, 0xF330, 0xF19F,  0xF03A, 0xEEED, 0xEDC9, 0xECC7,
  0xEBF3, 0xEB40, 0xEAC0, 0xEA65,  0xEA39, 0xEA3B, 0xEA64, 0xEABF,
  0xEB3F, 0xEBED, 0xECC0, 0xEDBE,  0xEED9, 0xF01F, 0xF17C, 0xF2FD,
  0xF493, 0xF63F, 0xF801, 0xF9CF,  0xFBAC, 0xFD8E, 0xFF75, 0x015B,
  0x0342, 0x0519, 0x06EF, 0x08AC,  0x0A5F, 0x0BF6, 0x0D78, 0x0EDC,
  0x1021, 0x1145, 0x1245, 0x1321,  0x13D3, 0x145C, 0x14BE, 0x14F2,
  0x14FD, 0x14DA, 0x1491, 0x1417,  0x1379, 0x12B0, 0x11BF, 0x10AE,
  0x0F73, 0x0E1F, 0x0CA9, 0x0B19,  0x0972, 0x07B6, 0x05E9, 0x0410,
  0x022C, 0x0045, 0xFE57, 0xFC70,  0xFA8C, 0xF8B2, 0xF6E9, 0xF528,
  0xF389, 0xF1F2, 0xF087, 0xEF2A,  0xEDFC, 0xECE6, 0xEBFE, 0xEB37,
  0xEAA1, 0xEA2A, 0xE9EF, 0xE9CD,  0xE9E9, 0xEA27, 0xEA93, 0xEB30,
  0xEBF0, 0xECDF, 0xEDF1, 0xEF2D,  0xF088, 0xF208, 0xF3A1, 0xF558,
  0xF728, 0xF905, 0xFAFD, 0xFCF7,  0xFF02, 0x010D, 0x031B, 0x0524,
  0x072A, 0x091C, 0x0B0C, 0x0CDC,  0x0E9D, 0x1044, 0x11C9, 0x1333,
  0x1474, 0x1594, 0x1689, 0x1754,  0x17F5, 0x1864, 0x18A9, 0x18BC,
  0x189F, 0x1856, 0x17DA, 0x1730,  0x165B, 0x1555, 0x142A, 0x12D4,
  0x1156, 0x0FBA, 0x0DF9, 0x0C1E,  0x0A26, 0x081C, 0x05FA, 0x03D2,
  0x0196, 0xFF5E, 0xFD1A, 0xFAE1,  0xF8A8, 0xF681, 0xF461, 0xF25A,
  0xF068, 0xEE90, 0xECD7, 0xEB41,  0xE9CE, 0xE883, 0xE765, 0xE66D,
  0xE5AB, 0xE517, 0xE4B0, 0xE482,  0xE483, 0xE4B5, 0xE522, 0xE5B9,
  0xE684, 0xE783, 0xE8A8, 0xEA03,  0xEB81, 0xED2B, 0xEEF5, 0xF0E4,
  0xF2F0, 0xF514, 0xF753, 0xF99B,  0xFBFD, 0xFE5D, 0x00CD, 0x0333,
  0x059D, 0x07FC, 0x0A4C, 0x0C93,  0x0EB9, 0x10D2, 0x12C4, 0x149B,
  0x164C, 0x17D3, 0x1938, 0x1A64,  0x1B6C, 0x1C39, 0x1CDC, 0x1D42,
  0x1D7E, 0x1D77, 0x1D49, 0x1CD7,  0x1C3D, 0x1B69, 0x1A62, 0x1931,
  0x17C7, 0x163E, 0x1481, 0x12A7,  0x10A3, 0x0E86, 0x0C49, 0x09F9,
  0x0795, 0x0521, 0x02A5, 0x0023,  0xFD9F, 0xFB21, 0xF8AA, 0xF63C,
  0xF3EA, 0xF19E, 0xEF7D, 0xED69,  0xEB83, 0xE9BB, 0xE81D, 0xE6AB,
  0xE565, 0xE44F, 0xE36E, 0xE2BB,  0xE245, 0xE1FB, 0xE1EF, 0xE215,
  0xE273, 0xE307, 0xE3CB, 0xE4C8,  0xE5EE, 0xE74E, 0xE8CD, 0xEA84,
  0xEC51, 0xEE4F, 0xF067, 0xF298,  0xF4E7, 0xF740, 0xF9B2, 0xFC27,
  0xFEA6, 0x0125, 0x03A0, 0x0614,  0x087E, 0x0AD2, 0x0D1A, 0x0F3D,
  0x1150, 0x1337, 0x1503, 0x16A3,  0x181A, 0x1964, 0x1A81, 0x1B69,
  0x1C23, 0x1CA8, 0x1CF4, 0x1D16,  0x1CF4, 0x1CAD, 0x1C24, 0x1B72,
  0x1A8A, 0x1973, 0x1831, 0x16BD,  0x152B, 0x1368, 0x1190, 0x0F8D,
  0x0D79, 0x0B49, 0x0907, 0x06B8,  0x0461, 0x01FE, 0xFFA2, 0xFD41,
  0xFAEE, 0xF8A3, 0xF66A, 0xF444,  0xF238, 0xF044, 0xEE75, 0xECC0,
  0xEB3D, 0xE9D4, 0xE8A4, 0xE793,  0xE6BB, 0xE60F, 0xE594, 0xE54D,
  0xE534, 0xE552, 0xE59C, 0xE61E,  0xE6C9, 0xE7A7, 0xE8AF, 0xE9E3,
  0xEB3C, 0xECBF, 0xEE5F, 0xF020,  0xF201, 0xF3EF, 0xF5FF, 0xF812,
  0xFA3B, 0xFC64, 0xFE97, 0x00C8,  0x02F0, 0x0517, 0x072A, 0x0930,
  0x0B22, 0x0CF9, 0x0EB8, 0x1056,  0x11D3, 0x132A, 0x145F, 0x1563,
  0x1646, 0x16F4, 0x177B, 0x17D0,  0x17F7, 0x17F1, 0x17BB, 0x1759,
  0x16C8, 0x160C, 0x1526, 0x141A,  0x12E5, 0x118F, 0x1018, 0x0E81,
  0x0CD5, 0x0B0D, 0x0933, 0x074D,  0x0553, 0x035C, 0x0157, 0xFF57,
  0xFD5C, 0xFB64, 0xF97D, 0xF7A0,  0xF5DC, 0xF428, 0xF294, 0xF117,
  0xEFBF, 0xEE82, 0xED72, 0xEC82,  0xEBBD, 0xEB22, 0xEAAF, 0xEA6A,
  0xEA50, 0xEA62, 0xEA9D, 0xEB0D,  0xEB96, 0xEC59, 0xED38, 0xEE42,
  0xEF6D, 0xF0BA, 0xF223, 0xF3AC,  0xF545, 0xF6FE, 0xF8BC, 0xFA92,
  0xFC6E, 0xFE4B, 0x0039, 0x0214,  0x03F8, 0x05CC, 0x0792, 0x0951,
  0x0AF1, 0x0C83, 0x0DF5, 0x0F4E,  0x1083, 0x119D, 0x128C, 0x1356,
  0x13FD, 0x1472, 0x14C8, 0x14EA,  0x14E6, 0x14B6, 0x145A, 0x13D5,
  0x132A, 0x1252, 0x1157, 0x103A,  0x0EF6, 0x0D9C, 0x0C18, 0x0A89,
  0x08D5, 0x0720, 0x0545, 0x0377,  0x018A, 0xFFA7, 0xFDBF, 0xFBDA,
  0xF9FB, 0xF82C, 0xF662, 0xF4B7,  0xF313, 0xF196, 0xF027, 0xEEE6,
  0xEDB7, 0xECBB, 0xEBD6, 0xEB24,  0xEA98, 0xEA34, 0xEA01, 0xE9F3,
  0xEA18, 0xEA65, 0xEADF, 0xEB85,  0xEC52, 0xED4A, 0xEE67, 0xEFAB,
  0xF10B, 0xF295, 0xF42E, 0xF5EF,  0xF7BB, 0xF99E, 0xFB93, 0xFD8D,
  0xFF93, 0x019D, 0x03A4, 0x05A6,  0x07A4, 0x0991, 0x0B70, 0x0D3D,
  0x0EED, 0x108A, 0x1201, 0x135D,  0x1492, 0x15A1, 0x168A, 0x1743,
  0x17D8, 0x1837, 0x186E, 0x1873,  0x1849, 0x17F3, 0x1769, 0x16B7,
  0x15D3, 0x14C9, 0x1392, 0x1235,  0x10B4, 0x0F0F, 0x0D4F, 0x0B6D,
  0x097B, 0x076B, 0x0552, 0x0327,  0x00F5, 0xFEC1, 0xFC85, 0xFA56,
  0xF829, 0xF606, 0xF3FD, 0xF1F9,  0xF01D, 0xEE50, 0xECA9, 0xEB21,
  0xE9C1, 0xE884, 0xE779, 0xE693,  0xE5DF, 0xE55F, 0xE507, 0xE4E9,
  0xE4F8, 0xE53C, 0xE5B3, 0xE658,  0xE731, 0xE835, 0xE96B, 0xEAC5,
  0xEC53, 0xEDF7, 0xEFD0, 0xF1B8,  0xF3C9, 0xF5EA, 0xF825, 0xFA6E,
  0xFCC2, 0xFF22, 0x0181, 0x03E3,  0x063E, 0x0891, 0x0AD3, 0x0D08,
  0x0F20, 0x1124, 0x130A, 0x14C7,  0x166B, 0x17DB, 0x192B, 0x1A44,
  0x1B3A, 0x1BF0, 0x1C82, 0x1CD5,  0x1CFA, 0x1CEA, 0x1CA2, 0x1C29,
  0x1B7B, 0x1A9B, 0x1988, 0x184D,  0x16DC, 0x1549, 0x1388, 0x11A8,
  0x0FA5, 0x0D85, 0x0B4C, 0x08FE,  0x069F, 0x0432, 0x01BF, 0xFF46,
  0xFCD1, 0xFA5C, 0xF7F7, 0xF59A,  0xF354, 0xF124, 0xEF0A, 0xED17,
  0xEB3D, 0xE98F, 0xE806, 0xE6A9,  0xE57D, 0xE479, 0xE3B3, 0xE312,
  0xE2B1, 0xE280, 0xE283, 0xE2C2,  0xE32A, 0xE3D5, 0xE4A4, 0xE5B3,
  0xE6E3, 0xE84C, 0xE9D8, 0xEB8F,  0xED6B, 0xEF66, 0xF180, 0xF3B2,
  0xF5FD, 0xF854, 0xFABF, 0xFD2A,  0xFFA1, 0x0214, 0x0481, 0x06E9,
  0x093F, 0x0B84, 0x0DB6, 0x0FC8,  0x11C4, 0x1398, 0x154C, 0x16D3,
  0x1835, 0x1967, 0x1A6B, 0x1B3F,  0x1BDE, 0x1C4D, 0x1C85, 0x1C8E,
  0x1C5B, 0x1BFF, 0x1B62, 0x1AA3,  0x19A8, 0x1885, 0x1734, 0x15BA,
  0x141A, 0x1256, 0x1071, 0x0E72,  0x0C59, 0x0A29, 0x07EE, 0x05A0,
  0x0350, 0x00F6, 0xFEA3, 0xFC50,  0xFA08, 0xF7D0, 0xF5A0, 0xF397,
  0xF190, 0xEFBD, 0xEDFA, 0xEC61,  0xEAEF, 0xE9A0, 0xE884, 0xE78F,
  0xE6CB, 0xE636, 0xE5D3, 0xE5A0,  0xE59E, 0xE5D2, 0xE62D, 0xE6C5,
  0xE77C, 0xE871, 0xE981, 0xEAC8,  0xEC2A, 0xEDB5, 0xEF61, 0xF127,
  0xF309, 0xF500, 0xF70B, 0xF920,  0xFB45, 0xFD6A, 0xFF97, 0x01BB,
  0x03E1, 0x05F5, 0x0800, 0x09F5,  0x0BD8, 0x0D9E, 0x0F4B, 0x10D8,
  0x123C, 0x1388, 0x149C, 0x1598,  0x165C, 0x16F8, 0x176B, 0x17A8,
  0x17C0, 0x179F, 0x175C, 0x16E3,  0x1643, 0x1576, 0x1481, 0x1366,
  0x1226, 0x10C5, 0x0F41, 0x0DA8,  0x0BF0, 0x0A26, 0x084A, 0x065F,
  0x046B, 0x0270, 0x0073, 0xFE77,  0xFC83, 0xFA93, 0xF8B5, 0xF6E7,
  0xF52B, 0xF388, 0xF200, 0xF094,  0xEF4A, 0xEE24, 0xED20, 0xEC45,
  0xEB90, 0xEB09, 0xEAA6, 0xEA7A,  0xEA69, 0xEA94, 0xEAE0, 0xEB55,
  0xEC00, 0xECC1, 0xEDBB, 0xEEC9,  0xF004, 0xF158, 0xF2CE, 0xF459,
  0xF602, 0xF7B2, 0xF981, 0xFB4E,  0xFD30, 0xFF0D, 0x00F2, 0x02D0,
  0x04A9, 0x0679, 0x0839, 0x09E8,  0x0B86, 0x0D04, 0x0E72, 0x0FB7,
  0x10E4, 0x11EB, 0x12CB, 0x138B,  0x141A, 0x148A, 0x14C6, 0x14DF,
  0x14CA, 0x1489, 0x1421, 0x1390,  0x12D3, 0x11F3, 0x10EC, 0x0FC1,
  0x0E7C, 0x0D0D, 0x0B91, 0x09EF,  0x0842, 0x067E, 0x04AE, 0x02D3,
  0x00F1, 0xFF0B, 0xFD28, 0xFB45,  0xF973, 0xF7A1, 0xF5EA, 0xF43E,
  0xF2AD, 0xF134, 0xEFD7, 0xEE9D,  0xED7F, 0xEC8C, 0xEBBA, 0xEB13,
  0xEA95, 0xEA40, 0xEA1A, 0xEA1A,  0xEA4D, 0xEAA6, 0xEB2D, 0xEBDD,
  0xECB6, 0xEDB7, 0xEEE0, 0xF026,  0xF196, 0xF318, 0xF4C7, 0xF678,
  0xF856, 0xFA31, 0xFC27, 0xFE21,  0x0021, 0x022A, 0x0425, 0x062A,
  0x0815, 0x0A02, 0x0BD1, 0x0D96,  0x0F3A, 0x10CA, 0x1233, 0x1383,
  0x14A9, 0x15A9, 0x1687, 0x172B,  0x17B9, 0x1803, 0x1830, 0x1828,
  0x17EC, 0x1790, 0x16F5, 0x163A,  0x1550, 0x1434, 0x12FF, 0x1194,
  0x1012, 0x0E68, 0x0CA3, 0x0AC3,  0x08CE, 0x06C1, 0x04AB, 0x0283,
  0x0059, 0xFE26, 0xFBFB, 0xF9CE,  0xF7AD, 0xF59A, 0xF397, 0xF1A7,
  0xEFD5, 0xEE17, 0xEC83, 0xEB08,  0xE9B9, 0xE88F, 0xE792, 0xE6BE,
  0xE61C, 0xE5AA, 0xE562, 0xE556,  0xE571, 0xE5C6, 0xE647, 0xE6FB,
  0xE7DB, 0xE8EF, 0xEA25, 0xEB91,  0xED19, 0xEECC, 0xF0A0, 0xF28D,
  0xF49D, 0xF6BD, 0xF8F1, 0xFB39,  0xFD84, 0xFFDD, 0x0233, 0x0487,
  0x06DA, 0x091B, 0x0B53, 0x0D73,  0x0F7F, 0x1170, 0x1340, 0x14F2,
  0x167A, 0x17DE, 0x1913, 0x1A21,  0x1AF9, 0x1BA6, 0x1C1C, 0x1C63,
  0x1C74, 0x1C52, 0x1BFB, 0x1B74,  0x1AB6, 0x19CB, 0x18AF, 0x1766,
  0x15F0, 0x1456, 0x128F, 0x10B0,  0x0EA5, 0x0C8D, 0x0A50, 0x080A,
  0x05AF, 0x034A, 0x00E1, 0xFE72,  0xFC08, 0xF9A5, 0xF749, 0xF504,
  0xF2C9, 0xF0AF, 0xEEAA, 0xECC8,  0xEB04, 0xE96E, 0xE7F8, 0xE6B5,
  0xE599, 0xE4B3, 0xE3F9, 0xE378,  0xE325, 0xE309, 0xE323, 0xE36C,
  0xE3F1, 0xE49F, 0xE589, 0xE698,  0xE7DE, 0xE94C, 0xEAE1, 0xEC9D,
  0xEE80, 0xF079, 0xF299, 0xF4C7,  0xF70D, 0xF963, 0xFBC2, 0xFE2A,
  0x0092, 0x02FB, 0x0559, 0x07B3,  0x09F5, 0x0C2D, 0x0E47, 0x104A,
  0x122B, 0x13EE, 0x1586, 0x16FD,  0x1842, 0x1960, 0x1A4A, 0x1B0A,
  0x1B8F, 0x1BEA, 0x1C0D, 0x1BFD,  0x1BBE, 0x1B43, 0x1AA4, 0x19C6,
  0x18C9, 0x178D, 0x163B, 0x14B0,  0x130C, 0x1140, 0x0F57, 0x0D57,
  0x0B3B, 0x0911, 0x06D5, 0x048E,  0x0246, 0xFFF5, 0xFDAD, 0xFB64,
  0xF92F, 0xF6FE, 0xF4ED, 0xF2E4,  0xF103, 0xEF35, 0xED90, 0xEC09,
  0xEAAF, 0xE977, 0xE870, 0xE793,  0xE6E6, 0xE668, 0xE61C, 0xE5FA,
  0xE615, 0xE654, 0xE6CA, 0xE76E,  0xE83B, 0xE93A, 0xEA5F, 0xEBA9,
  0xED1E, 0xEEAD, 0xF064, 0xF22C,  0xF416, 0xF60B, 0xF815, 0xFA2E,
  0xFC48, 0xFE6F, 0x008D, 0x02AF,  0x04C5, 0x06CF, 0x08CD, 0x0AB3,
  0x0C85, 0x0E3B, 0x0FD5, 0x114C,  0x12A4, 0x13D2, 0x14DA, 0x15BA,
  0x166D, 0x16F3, 0x1750, 0x177B,  0x1778, 0x1750, 0x16EB, 0x166E,
  0x15B3, 0x14DB, 0x13D8, 0x12AC,  0x1165, 0x0FF4, 0x0E6C, 0x0CC9,
  0x0B0D, 0x093E, 0x0761, 0x0574,  0x0381, 0x018B, 0xFF8F, 0xFD9E,
  0xFBAA, 0xF9CC, 0xF7F1, 0xF633,  0xF481, 0xF2EF, 0xF172, 0xF01B,
  0xEEDE, 0xEDCA, 0xECD6, 0xEC10,  0xEB6C, 0xEAF9, 0xEAA6, 0xEA8B,
  0xEA90, 0xEAC9, 0xEB24, 0xEBB0,  0xEC60, 0xED3A, 0xEE36, 0xEF59,
  0xF09A, 0xF1FB, 0xF378, 0xF50B,  0xF6B7, 0xF872, 0xFA3C, 0xFC12,
  0xFDF0, 0xFFCB, 0x01B2, 0x0387,  0x055F, 0x0726, 0x08DE, 0x0A88,
  0x0C15, 0x0D91, 0x0EE9, 0x102C,  0x1145, 0x123F, 0x1314, 0x13C0,
  0x1446, 0x14A2, 0x14D3, 0x14DC,  0x14B5, 0x146E, 0x13EF, 0x1358,
  0x1289, 0x11A0, 0x108E, 0x0F5A,  0x0E07, 0x0C98, 0x0B0C, 0x096B,
  0x07B7, 0x05EE, 0x041F, 0x0241,  0x005D, 0xFE7F, 0xFC96, 0xFAC0,
  0xF8E8, 0xF727, 0xF56E, 0xF3CF,  0xF245, 0xF0D3, 0xEF86, 0xEE4E,
  0xED44, 0xEC56, 0xEB93, 0xEAF8,  0xEA83, 0xEA3E, 0xEA20, 0xEA30,
  0xEA6B, 0xEAD1, 0xEB5F, 0xEC1D,  0xECFB, 0xEE0B, 0xEF31, 0xF089,
  0xF1F2, 0xF388, 0xF52B, 0xF6EC,  0xF8C1, 0xFAA1, 0xFC98, 0xFE8B,
  0x008F, 0x028C, 0x0489, 0x0683,  0x086B, 0x0A4D, 0x0C18, 0x0DCF,
  0x0F6D, 0x10EF, 0x1252, 0x1393,  0x14B0, 0x15A5, 0x1673, 0x1715,
  0x178C, 0x17D5, 0x17F1, 0x17E2,  0x179E, 0x1736, 0x1694, 0x15D4,
  0x14DD, 0x13C7, 0x1281, 0x111D,  0x0F93, 0x0DEA, 0x0C27, 0x0A44,
  0x0855, 0x064B, 0x043A, 0x0218,  0xFFF5, 0xFDCB, 0xFBA8, 0xF986,
  0xF770, 0xF569, 0xF370, 0xF191,  0xEFCA, 0xEE1C, 0xEC93, 0xEB29,
  0xE9E6, 0xE8CE, 0xE7DB, 0xE719,  0xE681, 0xE61C, 0xE5E2, 0xE5E1,
  0xE605, 0xE666, 0xE6EC, 0xE7AA,  0xE890, 0xE9A6, 0xEAE4, 0xEC4D,
  0xEDDA, 0xEF88, 0xF15D, 0xF343,  0xF551, 0xF766, 0xF996, 0xFBD1,
  0xFE12, 0x005F, 0x02A6, 0x04EE,  0x072F, 0x095F, 0x0B87, 0x0D94,
  0x0F8D, 0x116B, 0x1328, 0x14C5,  0x163A, 0x1789, 0x18AF, 0x19A2,
  0x1A71, 0x1B04, 0x1B6D, 0x1BA5,  0x1BA4, 0x1B77, 0x1B12, 0x1A80,
  0x19B8, 0x18CA, 0x17A1, 0x1658,  0x14DF, 0x1341, 0x1181, 0x0F9F,
  0x0D9F, 0x0B88, 0x0958, 0x071C,  0x04CB, 0x0277, 0x001B, 0xFDBF,
  0xFB69, 0xF915, 0xF6D6, 0xF49E,  0xF285, 0xF078, 0xEE93, 0xECC7,
  0xEB1F, 0xE99F, 0xE845, 0xE71A,  0xE618, 0xE549, 0xE4A8, 0xE43C,
  0xE400, 0xE3F9, 0xE423, 0xE482,  0xE512, 0xE5D3, 0xE6C5, 0xE7E2,
  0xE92E, 0xEAA2, 0xEC3B, 0xEDFD,  0xEFD6, 0xF1D9, 0xF3E7, 0xF618,
  0xF84E, 0xFA9D, 0xFCEA, 0xFF46,  0x019A, 0x03EF, 0x063B, 0x0878,
  0x0AAB, 0x0CC0, 0x0EC6, 0x10A9,  0x1270, 0x1415, 0x1590, 0x16E8,
  0x1812, 0x190F, 0x19DE, 0x1A7F,  0x1AEB, 0x1B28, 0x1B33, 0x1B09,
  0x1AB2, 0x1A26, 0x196C, 0x1885,  0x176E, 0x1631, 0x14C7, 0x133C,
  0x118D, 0x0FBB, 0x0DD7, 0x0BCE,  0x09BD, 0x0793, 0x0561, 0x0325,
  0x00E6, 0xFEA6, 0xFC6D, 0xFA39,  0xF814, 0xF5FF, 0xF3FF, 0xF215,
  0xF04B, 0xEE9A, 0xED12, 0xEBA6,  0xEA6D, 0xE950, 0xE86A, 0xE7AB,
  0xE71A, 0xE6BF, 0xE688, 0xE68D,  0xE6B8, 0xE71B, 0xE7A5, 0xE862,
  0xE945, 0xEA58, 0xEB8E, 0xECED,  0xEE6A, 0xF00D, 0xF1C4, 0xF39E,
  0xF585, 0xF783, 0xF98C, 0xFBA1,  0xFDB9, 0xFFDB, 0x01EE, 0x0408,
  0x060E, 0x080D, 0x09F6, 0x0BCF,  0x0D86, 0x0F2F, 0x10A8, 0x1212,
  0x1346, 0x1462, 0x154B, 0x1612,  0x16A8, 0x1714, 0x1753, 0x1763,
  0x1748, 0x16FF, 0x1689, 0x15E9,  0x151F, 0x1429, 0x1316, 0x11D2,
  0x107B, 0x0EF8, 0x0D63, 0x0BAF,  0x09EC, 0x080F, 0x062F, 0x0439,
  0x0249, 0x0048, 0xFE57, 0xFC60,  0xFA79, 0xF89A, 0xF6CF, 0xF513,
  0xF375, 0xF1EB, 0xF080, 0xEF38,  0xEE0C, 0xED0B, 0xEC2E, 0xEB76,
  0xEAEE, 0xEA88, 0xEA56, 0xEA47,  0xEA6A, 0xEAB2, 0xEB2B, 0xEBC5,
  0xEC92, 0xED79, 0xEE8D, 0xEFC3,  0xF112, 0xF288, 0xF410, 0xF5B2,
  0xF76D, 0xF92D, 0xFB08, 0xFCDF,  0xFEC5, 0x00A9, 0x028B, 0x0468,
  0x063C, 0x0802, 0x09B8, 0x0B5A,  0x0CE4, 0x0E57, 0x0FA7, 0x10DE,
  0x11EE, 0x12DC, 0x13A3, 0x1444,  0x14B9, 0x1509, 0x1529, 0x1523,
  0x14F1, 0x1492, 0x140E, 0x135E,  0x128A, 0x118E, 0x106D, 0x0F31,
  0x0DCC, 0x0C57, 0x0ABE, 0x0914,  0x0759, 0x0586, 0x03B5, 0x01CB,
  0xFFEC, 0xFE02, 0xFC20, 0xFA43,  0xF871, 0xF6AC, 0xF4FB, 0xF35C,
  0xF1D9, 0xF06E, 0xEF22, 0xEDF9,  0xECEF, 0xEC0F, 0xEB53, 0xEABF,
  0xEA59, 0xEA18, 0xEA09, 0xEA1F,  0xEA65, 0xEAD3, 0xEB6F, 0xEC30,
  0xED1D, 0xEE2D, 0xEF62, 0xF0BA,  0xF22F, 0xF3C4, 0xF56F, 0xF734,
  0xF908, 0xFAEE, 0xFCE0, 0xFED6,  0x00DB, 0x02CF, 0x04D1, 0x06BF,
  0x08A9, 0x0A82, 0x0C45, 0x0DF9,  0x0F8C, 0x1109, 0x125F, 0x139C,
  0x14AC, 0x1599, 0x165F, 0x16F3,  0x1766, 0x17A2, 0x17B8, 0x179C,
  0x1755, 0x16E1, 0x163B, 0x1574,  0x1477, 0x135D, 0x1213, 0x10AE,
  0x0F1D, 0x0D7A, 0x0BB1, 0x09D6,  0x07E4, 0x05E0, 0x03D1, 0x01B9,
  0xFF98, 0xFD79, 0xFB5D, 0xF943,  0xF73B, 0xF53A, 0xF352, 0xF17B,
  0xEFC1, 0xEE23, 0xECA3, 0xEB4C,  0xEA12, 0xE90A, 0xE823, 0xE76F,
  0xE6E4, 0xE68A, 0xE661, 0xE661,  0xE69C, 0xE6FA, 0xE794, 0xE84F,
  0xE945, 0xEA59, 0xEB9F, 0xED0B,  0xEE94, 0xF04B, 0xF216, 0xF400,
  0xF605, 0xF817, 0xFA40, 0xFC72,  0xFEAB, 0x00EC, 0x0327, 0x0563,
  0x0795, 0x09B7, 0x0BD0, 0x0DC8,  0x0FB8, 0x117B, 0x132D, 0x14B3,
  0x1619, 0x1755, 0x1865, 0x194E,  0x19FF, 0x1A8D, 0x1ADF, 0x1B08,
  0x1AFA, 0x1ABB, 0x1A4F, 0x19AC,  0x18DF, 0x17E2, 0x16B6, 0x1566,
  0x13E8, 0x1248, 0x1087, 0x0EA5,  0x0CA9, 0x0A93, 0x086D, 0x0632,
  0x03F0, 0x01A5, 0xFF52, 0xFD09,  0xFABA, 0xF87F, 0xF647, 0xF42C,
  0xF21A, 0xF02F, 0xEE52, 0xECA2,  0xEB0E, 0xE9A1, 0xE863, 0xE745,
  0xE661, 0xE5A2, 0xE517, 0xE4C0,  0xE495, 0xE4A2, 0xE4DD, 0xE54A,
  0xE5ED, 0xE6B8, 0xE7B6, 0xE8E0,  0xEA31, 0xEBAF, 0xED4D, 0xEF0E,
  0xF0F2, 0xF2E9, 0xF500, 0xF723,  0xF95C, 0xFB9C, 0xFDE7, 0x0031,
  0x027D, 0x04C2, 0x06FF, 0x092D,  0x0B49, 0x0D51, 0x0F3D, 0x1111,
  0x12BD, 0x1450, 0x15B2, 0x16F6,  0x1804, 0x18F1, 0x19A5, 0x1A30,
  0x1A8B, 0x1AAD, 0x1AA9, 0x1A69,  0x1A00, 0x1965, 0x189A, 0x17A6,
  0x167F, 0x153A, 0x13C4, 0x1235,  0x1079, 0x0EAF, 0x0CB8, 0x0AC1,
  0x08A3, 0x0684, 0x0454, 0x0221,  0xFFEA, 0xFDB7, 0xFB86, 0xF963,
  0xF74B, 0xF54A, 0xF358, 0xF185,  0xEFCA, 0xEE33, 0xECBA, 0xEB6D,
  0xEA3F, 0xE943, 0xE86D, 0xE7C7,  0xE74D, 0xE704, 0xE6E6, 0xE700,
  0xE73C, 0xE7B4, 0xE84E, 0xE91B,  0xEA12, 0xEB2C, 0xEC75, 0xEDD6,
  0xEF66, 0xF106, 0xF2CC, 0xF4A2,  0xF691, 0xF888, 0xFA96, 0xFCA1,
  0xFEBC, 0x00CC, 0x02E0, 0x04E8,  0x06E8, 0x08D6, 0x0AB3, 0x0C77,
  0x0E25, 0x0FB1, 0x1124, 0x1270,  0x1396, 0x149A, 0x156F, 0x1622,
  0x16A2, 0x16FB, 0x1721, 0x1724,  0x16EF, 0x1698, 0x160E, 0x155D,
  0x1483, 0x1383, 0x125A, 0x1115,  0x0FAA, 0x0E24, 0x0C84, 0x0ACF,
  0x0902, 0x072A, 0x0542, 0x0351,  0x0162, 0xFF68, 0xFD7A, 0xFB8C,
  0xF9AB, 0xF7DB, 0xF616, 0xF46E,  0xF2D5, 0xF161, 0xF002, 0xEECB,
  0xEDB3, 0xECBF, 0xEBF7, 0xEB50,  0xEADB, 0xEA88, 0xEA66, 0xEA6A,
  0xEA9E, 0xEAF9, 0xEB7D, 0xEC2F,  0xECFF, 0xEDFD, 0xEF1B, 0xF057,
  0xF1BA, 0xF32E, 0xF4C4, 0xF66C,  0xF825, 0xF9F1, 0xFBC5, 0xFDA2,
  0xFF84, 0x0165, 0x0343, 0x051B,  0x06E6, 0x08A7, 0x0A50, 0x0BEB,
  0x0D67, 0x0ECE, 0x1013, 0x1139,  0x123E, 0x1319, 0x13D5, 0x1463,
  0x14CB, 0x150B, 0x1519, 0x150A,  0x14C0, 0x145D, 0x13C4, 0x130C,
  0x1227, 0x1123, 0x0FF9, 0x0EAF,  0x0D49, 0x0BC5, 0x0A2D, 0x087C,
  0x06BC, 0x04ED, 0x0312, 0x0136,  0xFF4C, 0xFD6E, 0xFB8E, 0xF9B5,
  0xF7EE, 0xF62D, 0xF487, 0xF2F3,  0xF178, 0xF01A, 0xEEDC, 0xEDBB,
  0xECC5, 0xEBEA, 0xEB43, 0xEAB9,  0xEA62, 0xEA2F, 0xEA2B, 0xEA51,
  0xEAA0, 0xEB20, 0xEBC0, 0xEC91,  0xED85, 0xEE9D, 0xEFDE, 0xF137,
  0xF2B9, 0xF449, 0xF601, 0xF7BF,  0xF99B, 0xFB7D, 0xFD6C, 0xFF66,
  0x015A, 0x0357, 0x0549, 0x0732,  0x0915, 0x0AE1, 0x0C9E, 0x0E42,
  0x0FCE, 0x1138, 0x128B, 0x13AF,  0x14BA, 0x1595, 0x164C, 0x16D8,
  0x1736, 0x176A, 0x1770, 0x1749,  0x16F6, 0x1675, 0x15C7, 0x14F6,
  0x13EE, 0x12D2, 0x117C, 0x1014,  0x0E82, 0x0CD7, 0x0B10, 0x0937,
  0x0740, 0x0546, 0x0335, 0x0126,  0xFF09, 0xFCF6, 0xFADD, 0xF8D2,
  0xF6D1, 0xF4E0, 0xF302, 0xF13A,  0xEF8E, 0xEDFD, 0xEC91, 0xEB44,
  0xEA1E, 0xE923, 0xE84E, 0xE7A9,  0xE72D, 0xE6E5, 0xE6C3, 0xE6DC,
  0xE717, 0xE78E, 0xE829, 0xE8F8,  0xE9ED, 0xEB10, 0xEC58, 0xEDCC,
  0xEF59, 0xF111, 0xF2DB, 0xF4CA,  0xF6C5, 0xF8DC, 0xFAF9, 0xFD27,
  0xFF59, 0x018E, 0x03C1, 0x05F0,  0x0814, 0x0A2A, 0x0C30, 0x0E1E,
  0x0FF6, 0x11AE, 0x134A, 0x14C0,  0x1612, 0x173C, 0x1839, 0x190F,
  0x19AF, 0x1A2B, 0x1A6A, 0x1A85,  0x1A64, 0x1A1A, 0x199E, 0x18EE,
  0x1817, 0x170F, 0x15DB, 0x1483,  0x1301, 0x115C, 0x0F99, 0x0DB7,
  0x0BB9, 0x09AC, 0x0783, 0x0556,  0x0315, 0x00D6, 0xFE90, 0xFC4F,
  0xFA13, 0xF7E0, 0xF5C2, 0xF3AC,  0xF1BA, 0xEFD3, 0xEE18, 0xEC72,
  0xEAF8, 0xE9A0, 0xE872, 0xE772,  0xE699, 0xE5F7, 0xE57C, 0xE539,
  0xE521, 0xE542, 0xE588, 0xE610,  0xE6B3, 0xE798, 0xE899, 0xE9D4,
  0xEB28, 0xECB1, 0xEE50, 0xF01A,  0xF1F9, 0xF3F6, 0xF605, 0xF82B,
  0xFA58, 0xFC93, 0xFED5, 0x0113,  0x0355, 0x058B, 0x07B6, 0x09D7,
  0x0BDF, 0x0DD4, 0x0FAF, 0x1169,  0x1306, 0x147D, 0x15CE, 0x16F5,
  0x17F6, 0x18C2, 0x1969, 0x19D9,  0x1A1D, 0x1A32, 0x1A12, 0x19C7,
  0x1946, 0x189E, 0x17C4, 0x16C0,  0x1591, 0x1440, 0x12BE, 0x112E,
  0x0F69, 0x0D9C, 0x0BA9, 0x09A8,  0x0797, 0x0575, 0x0351, 0x0122,
  0xFEF6, 0xFCCC, 0xFAAB, 0xF894,  0xF690, 0xF49A, 0xF2BD, 0xF0FE,
  0xEF55, 0xEDD5, 0xEC71, 0xEB39,  0xEA21, 0xE93E, 0xE87A, 0xE7EE,
  0xE788, 0xE755, 0xE74D, 0xE778,  0xE7CA, 0xE853, 0xE8FE, 0xE9DC,
  0xEADF, 0xEC08, 0xED5A, 0xEEC9,  0xF05C, 0xF207, 0xF3CE, 0xF5A9,
  0xF796, 0xF991, 0xFB97, 0xFDA3,  0xFFB2, 0x01BF, 0x03C6, 0x05C6,
  0x07B6, 0x099A, 0x0B64, 0x0D1B,  0x0EB5, 0x1031, 0x1191, 0x12C5,
  0x13DD, 0x14C7, 0x158E, 0x1624,  0x1696, 0x16D5, 0x16EE, 0x16D4,
  0x1695, 0x1626, 0x158C, 0x14CE,  0x13E0, 0x12D4, 0x11A1, 0x104D,
  0x0ED9, 0x0D4F, 0x0BA2, 0x09EE,  0x081A, 0x0642, 0x0458, 0x026E,
  0x007B, 0xFE8C, 0xFCA2, 0xFABA,  0xF8E9, 0xF71B, 0xF568, 0xF3CA,
  0xF242, 0xF0DB, 0xEF8D, 0xEE65,  0xED60, 0xEC7D, 0xEBC7, 0xEB33,
  0xEACF, 0xEA8F, 0xEA7D, 0xEA96,  0xEAD8, 0xEB45, 0xEBDA, 0xEC96,
  0xED79, 0xEE83, 0xEFAA, 0xF0F7,  0xF259, 0xF3E0, 0xF574, 0xF728,
  0xF8E1, 0xFAAF, 0xFC88, 0xFE5D,  0x0046, 0x021B, 0x03FC, 0x05C8,
  0x078F, 0x0943, 0x0AEA, 0x0C71,  0x0DEA, 0x0F3D, 0x1079, 0x118F,
  0x1286, 0x1354, 0x13FE, 0x147E,  0x14D6, 0x1505, 0x150A, 0x14E2,
  0x1496, 0x1418, 0x137E, 0x12AE,  0x11C8, 0x10B2, 0x0F80, 0x0E2F,
  0x0CBF, 0x0B38, 0x0997, 0x07E5,  0x0620, 0x0452, 0x0277, 0x0099,
  0xFEB7, 0xFCD8, 0xFAFD, 0xF931,  0xF766, 0xF5BA, 0xF412, 0xF290,
  0xF11B, 0xEFCD, 0xEE96, 0xED87,  0xEC9A, 0xEBD0, 0xEB34, 0xEAB9,
  0xEA6D, 0xEA4C, 0xEA50, 0xEA88,  0xEADF, 0xEB6B, 0xEC18, 0xECF2,
  0xEDF1, 0xEF0E, 0xF059, 0xF1B7,  0xF33D, 0xF4D7, 0xF688, 0xF852,
  0xFA25, 0xFC0C, 0xFDF8, 0xFFEB,  0x01E0, 0x03D4, 0x05BD, 0x07A5,
  0x0977, 0x0B41, 0x0CED, 0x0E8A,  0x1007, 0x1168, 0x12A9, 0x13C5,
  0x14BE, 0x158F, 0x1637, 0x16B2,  0x1708, 0x172C, 0x1725, 0x16F4,
  0x1693, 0x1609, 0x1552, 0x1474,  0x136A, 0x1240, 0x10EB, 0x0F7B,
  0x0DE4, 0x0C3D, 0x0A6E, 0x0898,  0x06A6, 0x04AA, 0x02A4, 0x0093,
  0xFE83, 0xFC74, 0xFA65, 0xF868,  0xF66E, 0xF48B, 0xF2B9, 0xF100,
  0xEF60, 0xEDE2, 0xEC80, 0xEB46,  0xEA2F, 0xE943, 0xE87D, 0xE7EA,
  0xE779, 0xE743, 0xE72D, 0xE754,  0xE79D, 0xE81F, 0xE8C1, 0xE99E,
  0xEA99, 0xEBC6, 0xED13, 0xEE88,  0xF01C, 0xF1D3, 0xF3A0, 0xF58C,
  0xF786, 0xF995, 0xFBB0, 0xFDD6,  0xFFFD, 0x022D, 0x0450, 0x0677,
  0x088A, 0x0A94, 0x0C89, 0x0E68,  0x102F, 0x11D7, 0x135E, 0x14C5,
  0x1602, 0x171B, 0x1806, 0x18C8,  0x195A, 0x19BF, 0x19F4, 0x19F8,
  0x19CE, 0x1972, 0x18E9, 0x1831,  0x174B, 0x163C, 0x14FF, 0x13A4,
  0x1216, 0x1078, 0x0EAB, 0x0CCC,  0x0AD3, 0x08C3, 0x06A5, 0x047D,
  0x0242, 0x0012, 0xFDD2, 0xFBA1,  0xF971, 0xF750, 0xF53F, 0xF340,
  0xF158, 0xEF8F, 0xEDDB, 0xEC56,  0xEAE6, 0xE9AB, 0xE88B, 0xE7A6,
  0xE6DC, 0xE654, 0xE5E6, 0xE5BC,  0xE5B3, 0xE5E5, 0xE640, 0xE6CF,
  0xE789, 0xE870, 0xE989, 0xEABD,  0xEC2B, 0xEDA9, 0xEF5A, 0xF11C,
  0xF303, 0xF4FB, 0xF709, 0xF929,  0xFB4E, 0xFD87, 0xFFB7, 0x01F1,
  0x0420, 0x064A, 0x0867, 0x0A73,  0x0C6D, 0x0E4C, 0x1014, 0x11B9,
  0x1340, 0x14A3, 0x15DB, 0x16F1,  0x17D4, 0x1891, 0x191E, 0x197B,
  0x19AA, 0x19AA, 0x1977, 0x191A,  0x188B, 0x17D0, 0x16EA, 0x15D7,
  0x14A1, 0x133F, 0x11C1, 0x101E,  0x0E60, 0x0C89, 0x0A98, 0x089C,
  0x0687, 0x0473, 0x024C, 0x002E,  0xFE07, 0xFBEC, 0xF9D8, 0xF7CF,
  0xF5DA, 0xF3F6, 0xF230, 0xF07C,  0xEEF2, 0xED7B, 0xEC36, 0xEB0D,
  0xEA13, 0xE93C, 0xE898, 0xE81C,  0xE7CC, 0xE7B2, 0xE7B8, 0xE7FB,
  0xE861, 0xE8F4, 0xE9B9, 0xEA9F,  0xEBB2, 0xECE9, 0xEE40, 0xEFBF,
  0xF153, 0xF309, 0xF4D0, 0xF6AD,  0xF89C, 0xFA93, 0xFC98, 0xFE9D,
  0x00A6, 0x02AA, 0x04A7, 0x069B,  0x0880, 0x0A51, 0x0C12, 0x0DB2,
  0x0F3F, 0x10A7, 0x11F0, 0x1318,  0x1415, 0x14EF, 0x159C, 0x1623,
  0x167D, 0x16A9, 0x16AF, 0x1681,  0x162F, 0x15AE, 0x1505, 0x1435,
  0x133C, 0x1220, 0x10E2, 0x0F82,  0x0E0A, 0x0C70, 0x0AC9, 0x0904,
  0x0738, 0x0558, 0x0373, 0x018B,  0xFF99, 0xFDB3, 0xFBCB, 0xF9F3,
  0xF825, 0xF667, 0xF4BF, 0xF32C,  0xF1B6, 0xF05B, 0xEF20, 0xEE09,
  0xED13, 0xEC43, 0xEBA1, 0xEB19,  0xEACE, 0xEA9A, 0xEAA1, 0xEAC3,
  0xEB1D, 0xEB93, 0xEC3E, 0xED04,  0xEDF8, 0xEF0A, 0xF041, 0xF193,
  0xF304, 0xF48D, 0xF62A, 0xF7E2,  0xF99D, 0xFB6F, 0xFD46, 0xFF1C,
  0x0101, 0x02D4, 0x04AB, 0x0676,  0x0831, 0x09E1, 0x0B76, 0x0CFA,
  0x0E61, 0x0FAB, 0x10D8, 0x11E0,  0x12C7, 0x1389, 0x1422, 0x1492,
  0x14DC, 0x14FD, 0x14ED, 0x14C2,  0x1459, 0x13DB, 0x132A, 0x1255,
  0x115F, 0x1041, 0x0F05, 0x0DAD,  0x0C34, 0x0AA7, 0x0905, 0x074A,
  0x0589, 0x03B5, 0x01DC, 0x0002,  0xFE1F, 0xFC49, 0xFA70, 0xF8AA,
  0xF6E9, 0xF543, 0xF3A7, 0xF22F,  0xF0C4, 0xEF81, 0xEE58, 0xED55,
  0xEC76, 0xEBB8, 0xEB2A, 0xEABC,  0xEA81, 0xEA66, 0xEA7F, 0xEABB,
  0xEB27, 0xEBB7, 0xEC73, 0xED54,  0xEE5C, 0xEF83, 0xF0D4, 0xF236,
  0xF3C5, 0xF55C, 0xF716, 0xF8DB,  0xFAB4, 0xFC95, 0xFE82, 0x006E,
  0x0260, 0x044C, 0x0632, 0x080E,  0x09DB, 0x0B94, 0x0D3E, 0x0EC8,
  0x103F, 0x1190, 0x12C5, 0x13D4,  0x14BF, 0x1583, 0x161B, 0x1690,
  0x16CE, 0x16EF, 0x16D6, 0x169B,  0x1630, 0x159A, 0x14DB, 0x13F3,
  0x12E4, 0x11B0, 0x105B, 0x0EDF,  0x0D51, 0x0B99, 0x09D9, 0x07FA,
  0x060E, 0x0416, 0x0212, 0x000A,  0xFE01, 0xFBF7, 0xF9F8, 0xF7FE,
  0xF615, 0xF43B, 0xF278, 0xF0CB,  0xEF3C, 0xEDC8, 0xEC7B, 0xEB4A,
  0xEA49, 0xE966, 0xE8B6, 0xE828,  0xE7D3, 0xE79D, 0xE7A3, 0xE7C9,
  0xE828, 0xE8AD, 0xE963, 0xEA3F,  0xEB49, 0xEC77, 0xEDCC, 0xEF46,
  0xF0DB, 0xF292, 0xF462, 0xF647,  0xF842, 0xFA4B, 0xFC5E, 0xFE80,
  0x009B, 0x02C2, 0x04DB, 0x06F1,  0x08FB, 0x0AF5, 0x0CD9, 0x0EAD,
  0x105B, 0x11F9, 0x1369, 0x14C3,  0x15E9, 0x16F4, 0x17CA, 0x187D,
  0x18FA, 0x1953, 0x1971, 0x196E,  0x192F, 0x18C9, 0x1832, 0x176F,
  0x167F, 0x1569, 0x1424, 0x12C2,  0x1135, 0x0F8E, 0x0DC5, 0x0BE6,
  0x09ED, 0x07E5, 0x05CC, 0x03A8,  0x017C, 0xFF4F, 0xFD22, 0xFAF8,
  0xF8DD, 0xF6C6, 0xF4CA, 0xF2D7,  0xF10A, 0xEF49, 0xEDB6, 0xEC38,
  0xEAE6, 0xE9B9, 0xE8B6, 0xE7DA,  0xE730, 0xE6B0, 0xE661, 0xE63F,
  0xE650, 0xE68C, 0xE6FA, 0xE797,  0xE85C, 0xE953, 0xEA70, 0xEBB3,
  0xED20, 0xEEAD, 0xF056, 0xF226,  0xF402, 0xF5FF, 0xF807, 0xFA1F,
  0xFC44, 0xFE6B, 0x0099, 0x02BF,  0x04E8, 0x06FD, 0x090E, 0x0B06,
  0x0CEF, 0x0EB9, 0x1070, 0x11FB,  0x1374, 0x14B8, 0x15E3, 0x16DC,
  0x17AE, 0x1854, 0x18C9, 0x1914,  0x192E, 0x191B, 0x18D6, 0x1867,
  0x17C9, 0x16FD, 0x160D, 0x14EB,  0x13AC, 0x1243, 0x10BC, 0x0F15,
  0x0D53, 0x0B7B, 0x098C, 0x078E,  0x0583, 0x036D, 0x0159, 0xFF38,
  0xFD25, 0xFB11, 0xF90D, 0xF715,  0xF52E, 0xF35E, 0xF1A8, 0xF00A,
  0xEE93, 0xED32, 0xEC03, 0xEAEE,  0xEA0A, 0xE94D, 0xE8B8, 0xE858,
  0xE819, 0xE814, 0xE830, 0xE885,  0xE8F9, 0xE9A6, 0xEA6F, 0xEB6E,
  0xEC84, 0xEDCF, 0xEF2A, 0xF0B5,  0xF24C, 0xF409, 0xF5D0, 0xF7B2,
  0xF99E, 0xFB93, 0xFD94, 0xFF93,  0x0193, 0x0390, 0x0581, 0x0769,
  0x0942, 0x0B01, 0x0CB4, 0x0E43,  0x0FBE, 0x1113, 0x124A, 0x135C,
  0x1445, 0x150D, 0x15A3, 0x1618,  0x165A, 0x1677, 0x1663, 0x1629,
  0x15C1, 0x1530, 0x1479, 0x1394,  0x1294, 0x1166, 0x1021, 0x0EB6,
  0x0D33, 0x0B97, 0x09E6, 0x0823,  0x0650, 0x0473, 0x0290, 0x00A5,
  0xFEC1, 0xFCD9, 0xFB00, 0xF92B,  0xF769, 0xF5B8, 0xF41B, 0xF298,
  0xF12F, 0xEFE5, 0xEEBA, 0xEDB2,  0xECCF, 0xEC12, 0xEB7E, 0xEB0F,
  0xEACD, 0xEAB3, 0xEAC4, 0xEAFE,  0xEB62, 0xEBEE, 0xECA1, 0xED7C,
  0xEE78, 0xEF98, 0xF0DA, 0xF233,  0xF3B0, 0xF53D, 0xF6E2, 0xF89A,
  0xFA5C, 0xFC2D, 0xFE02, 0xFFDC,  0x01B6, 0x038B, 0x055A, 0x071D,
  0x08D2, 0x0A75, 0x0C03, 0x0D7B,  0x0ED3, 0x1015, 0x112F, 0x122D,
  0x1304, 0x13B5, 0x1440, 0x14A3,  0x14DC, 0x14EB, 0x14D6, 0x148D,
  0x1427, 0x138E, 0x12D9, 0x11F6,  0x10F3, 0x0FCE, 0x0E87, 0x0D28,
  0x0BAA, 0x0A16, 0x086E, 0x06B5,  0x04EC, 0x031E, 0x0144, 0xFF67,
  0xFD91, 0xFBB4, 0xF9EC, 0xF824,  0xF673, 0xF4CD, 0xF345, 0xF1CA,
  0xF078, 0xEF38, 0xEE20, 0xED28,  0xEC53, 0xEBA9, 0xEB22, 0xEAC6,
  0xEA93, 0xEA8B, 0xEAAB, 0xEAF9,  0xEB6A, 0xEC0B, 0xECCC, 0xEDBB,
  0xEEC7, 0xEFFB, 0xF14B, 0xF2BA,  0xF447, 0xF5E5, 0xF7A1, 0xF963,
  0xFB3F, 0xFD1C, 0xFF07, 0x00F1,  0x02DC, 0x04C0, 0x06A2, 0x0872,
  0x0A39, 0x0BE7, 0x0D87, 0x0F03,  0x1071, 0x11B1, 0x12DF, 0x13DD,
  0x14BD, 0x1570, 0x1601, 0x165F,  0x169E, 0x16A4, 0x168C, 0x163D,
  0x15CA, 0x152C, 0x145F, 0x1377,  0x125A, 0x1124, 0x0FC6, 0x0E4E,
  0x0CB3, 0x0B07, 0x093C, 0x0762,  0x057D, 0x0380, 0x018C, 0xFF81,
  0xFD86, 0xFB82, 0xF98B, 0xF7A0,  0xF5BD, 0xF3F7, 0xF238, 0xF0A1,
  0xEF1A, 0xEDB9, 0xEC78, 0xEB58,  0xEA64, 0xE994, 0xE8EC, 0xE877,
  0xE824, 0xE807, 0xE810, 0xE84B,  0xE8AE, 0xE945, 0xE9FC, 0xEAE8,
  0xEBF4, 0xED29, 0xEE87, 0xEFFB,  0xF19C, 0xF34C, 0xF51E, 0xF701,
  0xF8F7, 0xFAFA, 0xFD0A, 0xFF1D,  0x0138, 0x034C, 0x055E, 0x0766,
  0x0963, 0x0B4B, 0x0D27, 0x0EDE,  0x108B, 0x1209, 0x1374, 0x14B1,
  0x15D0, 0x16BD, 0x178F, 0x1823,  0x189D, 0x18D9, 0x18F1, 0x18D9,
  0x188F, 0x181C, 0x177A, 0x16AA,  0x15B5, 0x1493, 0x134B, 0x11E2,
  0x1053, 0x0EAA, 0x0CE2, 0x0B04,  0x090F, 0x070A, 0x04F8, 0x02DE,
  0x00B9, 0xFE99, 0xFC77, 0xFA5B,  0xF84F, 0xF649, 0xF459, 0xF281,
  0xF0BB, 0xEF19, 0xED8F, 0xEC2D,  0xEAEC, 0xE9D3, 0xE8E5, 0xE81B,
  0xE789, 0xE718, 0xE6DF, 0xE6CD,  0xE6ED, 0xE73E, 0xE7B5, 0xE863,
  0xE936, 0xEA31, 0xEB5E, 0xECA6,  0xEE17, 0xEFAC, 0xF157, 0xF324,
  0xF504, 0xF6FA, 0xF900, 0xFB14,  0xFD2B, 0xFF4F, 0x016B, 0x038D,
  0x059F, 0x07AC, 0x09A7, 0x0B92,  0x0D62, 0x0F22, 0x10B8, 0x123D,
  0x1392, 0x14CC, 0x15DA, 0x16C1,  0x177C, 0x180D, 0x186B, 0x18A7,
  0x18A8, 0x1885, 0x182F, 0x17AD,  0x1701, 0x1629, 0x1528, 0x1400,
  0x12B4, 0x1146, 0x0FB8, 0x0E0B,  0x0C4B, 0x0A6C, 0x0885, 0x0686,
  0x0481, 0x0274, 0x0061, 0xFE52,  0xFC48, 0xFA3E, 0xF84F, 0xF65E,
  0xF490, 0xF2CE, 0xF12B, 0xEFA3,  0xEE3D, 0xECF6, 0xEBD7, 0xEADC,
  0xEA0C, 0xE964, 0xE8E6, 0xE89A,  0xE872, 0xE87D, 0xE8B2, 0xE911,
  0xE9A0, 0xEA55, 0xEB33, 0xEC38,  0xED66, 0xEEAC, 0xF021, 0xF1A3,
  0xF34C, 0xF504, 0xF6D4, 0xF8B1,  0xFA9F, 0xFC8F, 0xFE8B, 0x0084,
  0x027C, 0x046E, 0x0655, 0x0830,  0x09F8, 0x0BAF, 0x0D49, 0x0ECE,
  0x1031, 0x1178, 0x1298, 0x1397,  0x146E, 0x151E, 0x15A5, 0x15FE,
  0x1633, 0x1639, 0x1613, 0x15C8,  0x154B, 0x14AD, 0x13E3, 0x12F4,
  0x11E1, 0x10AE, 0x0F58, 0x0DE8,  0x0C5C, 0x0ABB, 0x0905, 0x073F,
  0x056B, 0x0390, 0x01AD, 0xFFC8,  0xFDE7, 0xFC07, 0xFA35, 0xF86C,
  0xF6B2, 0xF50F, 0xF37F, 0xF208,  0xF0B2, 0xEF74, 0xEE5B, 0xED66,
  0xEC90, 0xEBEB, 0xEB61, 0xEB0C,  0xEAD5, 0xEAD2, 0xEAEE, 0xEB40,
  0xEBAD, 0xEC4E, 0xED0C, 0xEDF4,  0xEEFF, 0xF02B, 0xF171, 0xF2DE,
  0xF456, 0xF5F3, 0xF798, 0xF955,  0xFB18, 0xFCED, 0xFEBB, 0x009A,
  0x026A, 0x043F, 0x0604, 0x07C1,  0x096F, 0x0B04, 0x0C8E, 0x0DF2,
  0x0F45, 0x1075, 0x1183, 0x1273,  0x1339, 0x13DF, 0x1457, 0x14AF,
  0x14D3, 0x14DC, 0x14AC, 0x1463,  0x13E3, 0x1348, 0x127E, 0x1193,
  0x1088, 0x0F55, 0x0E0A, 0x0CA1,  0x0B1B, 0x0988, 0x07D6, 0x061F,
  0x0453, 0x0285, 0x00AB, 0xFED6,  0xFCFB, 0xFB2E, 0xF961, 0xF7A8,
  0xF5FB, 0xF460, 0xF2E1, 0xF171,  0xF02B, 0xEEF4, 0xEDEE, 0xECFC,
  0xEC3A, 0xEB99, 0xEB21, 0xEAD2,  0xEAAD, 0xEAAF, 0xEADF, 0xEB34,
  0xEBB5, 0xEC5C, 0xED2C, 0xEE1F,  0xEF37, 0xF06E, 0xF1C8, 0xF33A,
  0xF4CB, 0xF66C, 0xF827, 0xF9EF,  0xFBC4, 0xFDA3, 0xFF89, 0x016C,
  0x0356, 0x0532, 0x070C, 0x08D3,  0x0A91, 0x0C36, 0x0DC7, 0x0F40,
  0x1097, 0x11D6, 0x12ED, 0x13E4,  0x14B5, 0x155C, 0x15DD, 0x1635,
  0x165D, 0x1663, 0x1635, 0x15E1,  0x1564, 0x14B8, 0x13EB, 0x12F0,
  0x11D8, 0x1095, 0x0F36, 0x0DBA,  0x0C1E, 0x0A70, 0x08A8, 0x06CD,
  0x04ED, 0x02F5, 0x0104, 0xFF04,  0xFD0A, 0xFB17, 0xF924, 0xF746,
  0xF572, 0xF3AF, 0xF209, 0xF076,  0xEF03, 0xEDAF, 0xEC7B, 0xEB6C,
  0xEA87, 0xE9C1, 0xE931, 0xE8BE,  0xE885, 0xE86B, 0xE888, 0xE8C9,
  0xE93C, 0xE9D8, 0xEA9B, 0xEB8E,  0xEC9E, 0xEDDF, 0xEF37, 0xF0B8,
  0xF251, 0xF407, 0xF5D6, 0xF7B3,  0xF9AA, 0xFBA1, 0xFDB0, 0xFFB6,
  0x01C9, 0x03D1, 0x05D9, 0x07D3,  0x09C1, 0x0B9D, 0x0D64, 0x0F12,
  0x10A8, 0x1219, 0x1371, 0x149B,  0x15AC, 0x1685, 0x1746, 0x17CA,
  0x1831, 0x1862, 0x1868, 0x1842,  0x17EC, 0x176B, 0x16C0, 0x15E5,
  0x14E9, 0x13BE, 0x1273, 0x1105,  0x0F72, 0x0DCB, 0x0C01, 0x0A27,
  0x0836, 0x0636, 0x042D, 0x0217,  0x0003, 0xFDE7, 0xFBD7, 0xF9C7,
  0xF7CA, 0xF5D5, 0xF3F7, 0xF22D,  0xF07D, 0xEEEE, 0xED77, 0xEC28,
  0xEAFC, 0xE9F6, 0xE91D, 0xE86A,  0xE7E3, 0xE78C, 0xE760, 0xE762,
  0xE795, 0xE7EC, 0xE87E, 0xE92C,  0xEA10, 0xEB1A, 0xEC44, 0xED9E,
  0xEF0E, 0xF0A5, 0xF257, 0xF420,  0xF600, 0xF7F3, 0xF9F2, 0xFBFE,
  0xFE12, 0x0024, 0x023D, 0x0449,  0x0653, 0x084F, 0x0A36, 0x0C14,
  0x0DCC, 0x0F7B, 0x10FD, 0x126B,  0x13AF, 0x14CE, 0x15CC, 0x1697,
  0x1743, 0x17BB, 0x1809, 0x182C,  0x181E, 0x17E7, 0x1781, 0x16EE,
  0x1636, 0x154E, 0x1444, 0x130F,  0x11BE, 0x1045, 0x0EB5, 0x0D06,
  0x0B3E, 0x096A, 0x0779, 0x0587,  0x0384, 0x017C, 0xFF79, 0xFD6E,
  0xFB72, 0xF979, 0xF792, 0xF5B9,  0xF3F7, 0xF248, 0xF0BC, 0xEF42,
  0xEDF8, 0xECBD, 0xEBBC, 0xEAD1,  0xEA18, 0xE987, 0xE91E, 0xE8E3,
  0xE8D5, 0xE8EE, 0xE93A, 0xE9A8,  0xEA49, 0xEB0C, 0xEBFA, 0xED0C,
  0xEE41, 0xEF97, 0xF10E, 0xF29B,  0xF446, 0xF603, 0xF7D2, 0xF9B2,
  0xFB98, 0xFD89, 0xFF7E, 0x016F,  0x035F, 0x0546, 0x0721, 0x08EF,
  0x0AAA, 0x0C4E, 0x0DDB, 0x0F4B,  0x109F, 0x11D1, 0x12DD, 0x13CB,
  0x1489, 0x152A, 0x1597, 0x15E4,  0x15FE, 0x15F4, 0x15BC, 0x155C,
  0x14D3, 0x1420, 0x134B, 0x124B,  0x112F, 0x0FEC, 0x0E91, 0x0D15,
  0x0B86, 0x09DC, 0x0824, 0x065C,  0x0488, 0x02AF, 0x00CB, 0xFEEF,
  0xFD11, 0xFB3A, 0xF970, 0xF7B0,  0xF604, 0xF46B, 0xF2E9, 0xF183,
  0xF036, 0xEF10, 0xEE02, 0xED20,  0xEC5D, 0xEBC5, 0xEB53, 0xEB0A,
  0xEAE9, 0xEAF4, 0xEB25, 0xEB81,  0xEC05, 0xECAD, 0xED80, 0xEE72,
  0xEF88, 0xF0C1, 0xF20F, 0xF385,  0xF504, 0xF6A7, 0xF850, 0xFA0F,
  0xFBD7, 0xFDA4, 0xFF7D, 0x014D,  0x0322, 0x04ED, 0x06AD, 0x0864,
  0x0A07, 0x0B95, 0x0D11, 0x0E6D,  0x0FB3, 0x10D3, 0x11DA, 0x12B6,
  0x1372, 0x1408, 0x1471, 0x14BA,  0x14D4, 0x14C9, 0x1490, 0x1435,
  0x13AC, 0x1302, 0x122F, 0x1137,  0x1024, 0x0EE4, 0x0D98, 0x0C1F,
  0x0A9C, 0x08FD, 0x074C, 0x0591,  0x03C3, 0x01F4, 0x001E, 0xFE47,
  0xFC74, 0xFAA6, 0xF8E3, 0xF72D,  0xF588, 0xF3F5, 0xF27E, 0xF11A,
  0xEFDA, 0xEEB3, 0xEDB0, 0xECD1,  0xEC15, 0xEB82, 0xEB16, 0xEAD1,
  0xEAB7, 0xEAC7, 0xEAFD, 0xEB60,  0xEBE9, 0xEC99, 0xED72, 0xEE6C,
  0xEF8A, 0xF0CA, 0xF224, 0xF3A0,  0xF52C, 0xF6DA, 0xF88A, 0xFA5C,
  0xFC2A, 0xFE0A, 0xFFEB, 0x01CC,  0x03AF, 0x0588, 0x0757, 0x091E,
  0x0ACB, 0x0C70, 0x0DF2, 0x0F63,  0x10B1, 0x11E7, 0x12EF, 0x13E2,
  0x14A2, 0x1545, 0x15B9, 0x1605,  0x1629, 0x1621, 0x15EC, 0x1597,
  0x1504, 0x1465, 0x1382, 0x128F,  0x116A, 0x102C, 0x0EC6, 0x0D4F,
  0x0BAF, 0x0A06, 0x083F, 0x066B,  0x048B, 0x029E, 0x00B0, 0xFEBA,
  0xFCCA, 0xFADC, 0xF8FA, 0xF720,  0xF55C, 0xF3A1, 0xF20D, 0xF080,
  0xEF1E, 0xEDD6, 0xECAC, 0xEBAF,  0xEACF, 0xEA1C, 0xE991, 0xE930,
  0xE8FA, 0xE8EF, 0xE90F, 0xE95E,  0xE9D1, 0xEA78, 0xEB3C, 0xEC32,
  0xED48, 0xEE82, 0xEFE1, 0xF159,  0xF2F4, 0xF4A3, 0xF669, 0xF846,
  0xFA29, 0xFC23, 0xFE1A, 0x001F,  0x021D, 0x041C, 0x0611, 0x07FD,
  0x09DC, 0x0BA4, 0x0D5C, 0x0EF9,  0x107A, 0x11DE, 0x131F, 0x143D,
  0x1536, 0x1609, 0x16AD, 0x1730,  0x177C, 0x17A7, 0x179F, 0x176D,
  0x170F, 0x1687, 0x15D0, 0x14F7,  0x13F0, 0x12C9, 0x117A, 0x1010,
  0x0E7E, 0x0CDE, 0x0B19, 0x0948,  0x0761, 0x056C, 0x0370, 0x016A,
  0xFF64, 0xFD5C, 0xFB5C, 0xF961,  0xF778, 0xF597, 0xF3D3, 0xF21B,
  0xF087, 0xEF0A, 0xEDAD, 0xEC77,  0xEB5E, 0xEA74, 0xE9AB, 0xE911,
  0xE89F, 0xE85A, 0xE842, 0xE854,  0xE895, 0xE901, 0xE995, 0xEA5A,
  0xEB3C, 0xEC54, 0xED81, 0xEEDE,  0xF050, 0xF1E6, 0xF394, 0xF558,
  0xF732, 0xF91A, 0xFB10, 0xFD0E,  0xFF10, 0x0119, 0x0314, 0x0519,
  0x0703, 0x08EC, 0x0ABE, 0x0C7C,  0x0E24, 0x0FAF, 0x111C, 0x126B,
  0x1394, 0x149A, 0x1579, 0x162B,  0x16BC, 0x1718, 0x1751, 0x1757,
  0x1737, 0x16E6, 0x1670, 0x15CA,  0x14FE, 0x140B, 0x12F1, 0x11B7,
  0x1056, 0x0EDE, 0x0D43, 0x0B96,  0x09D0, 0x07F9, 0x0615, 0x0423,
  0x022E, 0x0032, 0xFE3A, 0xFC43,  0xFA57, 0xF872, 0xF6A1, 0xF4DE,
  0xF333, 0xF1A3, 0xF029, 0xEED4,  0xED9B, 0xEC89, 0xEB98, 0xEAD6,
  0xEA30, 0xE9C4, 0xE970, 0xE959,  0xE95C, 0xE99A, 0xE9F4, 0xEA85,
  0xEB33, 0xEC11, 0xED0D, 0xEE35,  0xEF76, 0xF0DF, 0xF259, 0xF3F7,
  0xF5A6, 0xF765, 0xF93F, 0xFB15,  0xFD02, 0xFEEC, 0x00D8, 0x02C5,
  0x04A8, 0x0683, 0x0852, 0x0A0D,  0x0BB7, 0x0D4A, 0x0EBE, 0x101D,
  0x1156, 0x1270, 0x1366, 0x1436,  0x14DE, 0x1561, 0x15B7, 0x15E4,
  0x15E8, 0x15C3, 0x1570, 0x14F8,  0x1457, 0x138C, 0x12A2, 0x118D,
  0x105C, 0x0F0A, 0x0D9D, 0x0C12,  0x0A77, 0x08C1, 0x0703, 0x052F,
  0x035A, 0x0178, 0xFF9A, 0xFDBA,  0xFBDE, 0xFA10, 0xF845, 0xF694,
  0xF4ED, 0xF362, 0xF1EC, 0xF093,  0xEF5A, 0xEE3E, 0xED48, 0xEC75,
  0xEBC8, 0xEB43, 0xEAE6, 0xEAB1,  0xEAA9, 0xEAC4, 0xEB11, 0xEB7C,
  0xEC19, 0xECD4, 0xEDBB, 0xEEC0,  0xEFEA, 0xF130, 0xF295, 0xF412,
  0xF5A8, 0xF74F, 0xF90C, 0xFACC,  0xFCA4, 0xFE73, 0x0055, 0x0226,
  0x03FF, 0x05C9, 0x078C, 0x093C,  0x0ADE, 0x0C66, 0x0DDC, 0x0F31,
  0x106D, 0x1183, 0x1281, 0x134D,  0x1404, 0x1483, 0x14E9, 0x151A,
  0x152D, 0x150D, 0x14CB, 0x145E,  0x13C8, 0x130E, 0x122D, 0x112A,
  0x1004, 0x0EC3, 0x0D5C, 0x0BE6,  0x0A50, 0x08AC, 0x06F2, 0x052F,
  0x035C, 0x0188, 0xFFAD, 0xFDD4,  0xFBFF, 0xFA2F, 0xF86F, 0xF6B7,
  0xF517, 0xF387, 0xF211, 0xF0B7,  0xEF76, 0xEE5B, 0xED5D, 0xEC84,
  0xEBD4, 0xEB43, 0xEAE5, 0xEAA5,  0xEA98, 0xEAAA, 0xEAF1, 0xEB55,
  0xEBEC, 0xECA1, 0xED82, 0xEE83,  0xEFA9, 0xF0EB, 0xF251, 0xF3CA,
  0xF561, 0xF70B, 0xF8C5, 0xFA92,  0xFC63, 0xFE44, 0x0023, 0x0204,
  0x03E3, 0x05B6, 0x0789, 0x0940,  0x0AF6, 0x0C87, 0x0E0D, 0x0F73,
  0x10BB, 0x11E8, 0x12EC, 0x13D4,  0x148F, 0x1528, 0x1597, 0x15D8,
  0x15FB, 0x15E5, 0x15B2, 0x154E,  0x14C0, 0x1414, 0x1331, 0x123B,
  0x1113, 0x0FD3, 0x0E70, 0x0CF3,  0x0B5B, 0x09AE, 0x07EF, 0x0619,
  0x0446, 0x0257, 0x0074, 0xFE84,  0xFC9A, 0xFAB8, 0xF8DD, 0xF70D,
  0xF553, 0xF3A7, 0xF215, 0xF09E,  0xEF40, 0xEE04, 0xECE9, 0xEBF4,
  0xEB20, 0xEA7A, 0xE9F6, 0xE9A0,  0xE972, 0xE972, 0xE998, 0xE9ED,
  0xEA6A, 0xEB0E, 0xEBE0, 0xECD1,  0xEDEA, 0xEF2A, 0xF07E, 0xF202,
  0xF38B, 0xF541, 0xF6FC, 0xF8D3,  0xFAB0, 0xFC9E, 0xFE8F, 0x0085,
  0x027A, 0x0469, 0x0654, 0x082F,  0x0A00, 0x0BB8, 0x0D63, 0x0EEA,
  0x1061, 0x11AF, 0x12E4, 0x13F0,  0x14DA, 0x159A, 0x1635, 0x16A3,
  0x16E8, 0x1702, 0x16EE, 0x16B5,  0x1649, 0x15BB, 0x14FD, 0x141D,
  0x1313, 0x11E7, 0x109A, 0x0F2A,  0x0DA2, 0x0BFD, 0x0A42, 0x0874,
  0x0695, 0x04AC, 0x02B7, 0x00BE,  0xFEC4, 0xFCCC, 0xFADA, 0xF8F0,
  0xF717, 0xF548, 0xF398, 0xF1F2,  0xF072, 0xEF07, 0xEDC2, 0xEC9A,
  0xEB9C, 0xEABE, 0xEA10, 0xE982,  0xE926, 0xE8F1, 0xE8E8, 0xE90C,
  0xE959, 0xE9D1, 0xEA75, 0xEB3E,  0xEC30, 0xED48, 0xEE7F, 0xEFDD,
  0xF154, 0xF2E9, 0xF497, 0xF656,  0xF82C, 0xFA0F, 0xFBFC, 0xFDF0,
  0xFFE9, 0x01E0, 0x03D7, 0x05C1,  0x07A5, 0x0976, 0x0B38, 0x0CE2,
  0x0E77, 0x0FEC, 0x1147, 0x127C,  0x1395, 0x1480, 0x1550, 0x15E8,
  0x1667, 0x16AE, 0x16D3, 0x16CA,  0x1695, 0x1637, 0x15AE, 0x14FC,
  0x1424, 0x1326, 0x1202, 0x10C0,  0x0F5B, 0x0DDB, 0x0C41, 0x0A90,
  0x08CC, 0x06FA, 0x0516, 0x032D,  0x013F, 0xFF4A, 0xFD61, 0xFB6F,
  0xF997, 0xF7BD, 0xF5FD, 0xF44C,  0xF2B2, 0xF134, 0xEFD0, 0xEE8D,
  0xED6A, 0xEC6D, 0xEB92, 0xEAE0,  0xEA5A, 0xE9F4, 0xE9C5, 0xE9B0,
  0xE9D7, 0xEA1A, 0xEA90, 0xEB28,  0xEBEC, 0xECD3, 0xEDE1, 0xEF0F,
  0xF05D, 0xF1CA, 0xF34F, 0xF4EE,  0xF6A0, 0xF866, 0xFA34, 0xFC15,
  0xFDF3, 0xFFDD, 0x01C2, 0x03A3,  0x057E, 0x074D, 0x090D, 0x0ABD,
  0x0C55, 0x0DD8, 0x0F3C, 0x1086,  0x11AF, 0x12B3, 0x1399, 0x1451,
  0x14E9, 0x1554, 0x1599, 0x15B0,  0x15A6, 0x1567, 0x150B, 0x147A,
  0x13CE, 0x12F2, 0x11FB, 0x10DA,  0x0F9E, 0x0E40, 0x0CCD, 0x0B3B,
  0x0999, 0x07E2, 0x061F, 0x044C,  0x027A, 0x0098, 0xFEBF, 0xFCE4,
  0xFB11, 0xF949, 0xF78D, 0xF5E0,  0xF44B, 0xF2CA, 0xF165, 0xF01A,
  0xEEF1, 0xEDE4, 0xED02, 0xEC3E,  0xEBA4, 0xEB30, 0xEAE6, 0xEAC0,
  0xEACC, 0xEAF7, 0xEB52, 0xEBD2,  0xEC77, 0xED48, 0xEE35, 0xEF4B,
  0xF07E, 0xF1CD, 0xF33D, 0xF4BF,  0xF65C, 0xF809, 0xF9C3, 0xFB90,
  0xFD5A, 0xFF37, 0x0108, 0x02E1,  0x04AD, 0x0676, 0x082C, 0x09D9,
  0x0B6C, 0x0CEE, 0x0E53, 0x0FA0,  0x10CB, 0x11D9, 0x12C1, 0x1386,
  0x1427, 0x149E, 0x14EE, 0x1518,  0x1512, 0x14EF, 0x1496, 0x1421,
  0x137D, 0x12B4, 0x11CD, 0x10BA,  0x0F91, 0x0E41, 0x0CDA, 0x0B57,
  0x09C2, 0x0814, 0x065F, 0x0494,  0x02C7, 0x00EF, 0xFF1A, 0xFD43,
  0xFB74, 0xF9A9, 0xF7F0, 0xF641,  0xF4A8, 0xF325, 0xF1B4, 0xF06B,
  0xEF31, 0xEE27, 0xED2F, 0xEC69,  0xEBC0, 0xEB42, 0xEAEC, 0xEABB,
  0xEABA, 0xEAD7, 0xEB2B, 0xEB9A,  0xEC3A, 0xECFA, 0xEDE2, 0xEEED,
  0xF019, 0xF162, 0xF2CB, 0xF449,  0xF5E3, 0xF78E, 0xF948, 0xFB15,
  0xFCE6, 0xFEBF, 0x009F, 0x0276,  0x0453, 0x061F, 0x07E5, 0x099A,
  0x0B3E, 0x0CCD, 0x0E44, 0x0F9E,  0x10DC, 0x11FC, 0x12F3, 0x13D1,
  0x147C, 0x150C, 0x156B, 0x15A7,  0x15B4, 0x15A0, 0x1556, 0x14F1,
  0x1458, 0x139F, 0x12BF, 0x11B8,  0x1094, 0x0F49, 0x0DE9, 0x0C64,
  0x0AD2, 0x0921, 0x0765, 0x0596,  0x03BE, 0x01E0, 0xFFF8, 0xFE18,
  0xFC32, 0xFA5A, 0xF88B, 0xF6C4,  0xF517, 0xF376, 0xF1F3, 0xF087,
  0xEF38, 0xEE0A, 0xECFD, 0xEC14,  0xEB51, 0xEAB5, 0xEA41, 0xE9F7,
  0xE9D5, 0xE9E1, 0xEA10, 0xEA73,  0xEAF4, 0xEBA5, 0xEC79, 0xED73,
  0xEE92, 0xEFD0, 0xF12E, 0xF2A8,  0xF43D, 0xF5E7, 0xF7A4, 0xF975,
  0xFB4C, 0xFD35, 0xFF1B, 0x0107,  0x02F5, 0x04D5, 0x06B7, 0x0881,
  0x0A45, 0x0BF0, 0x0D87, 0x0F05,  0x1066, 0x11A6, 0x12CB, 0x13C4,
  0x14A0, 0x1551, 0x15D7, 0x163D,  0x166D, 0x167D, 0x165D, 0x1612,
  0x15A3, 0x1504, 0x1444, 0x1357,  0x1249, 0x111B, 0x0FC6, 0x0E5A,
  0x0CCE, 0x0B29, 0x0976, 0x07A8,  0x05D3, 0x03ED, 0x0203, 0x0014,
  0xFE26, 0xFC39, 0xFA56, 0xF87B,  0xF6AF, 0xF4F7, 0xF350, 0xF1C3,
  0xF050, 0xEEFC, 0xEDC7, 0xECB5,  0xEBC7, 0xEAFE, 0xEA60, 0xE9E7,
  0xE99B, 0xE976, 0xE980, 0xE9AE,  0xEA0E, 0xEA8F, 0xEB41, 0xEC12,
  0xED0F, 0xEE2B, 0xEF6E, 0xF0C7,  0xF249, 0xF3D8, 0xF589, 0xF746,
  0xF916, 0xFAF3, 0xFCD9, 0xFEC4,  0x00B4, 0x029D, 0x0487, 0x0663,
  0x0836, 0x09F9, 0x0BA6, 0x0D41,  0x0EBE, 0x1024, 0x1167, 0x128B,
  0x138B, 0x1467, 0x151A, 0x15A9,  0x1609, 0x1645, 0x1653, 0x1639,
  0x15F3, 0x1587, 0x14EC, 0x1432,  0x1349, 0x1242, 0x1118, 0x0FC9,
  0x0E63, 0x0CDE, 0x0B3F, 0x0993,  0x07CB, 0x05FD, 0x0421, 0x023A,
  0x0056, 0xFE6C, 0xFC89, 0xFAAD,  0xF8D8, 0xF716, 0xF560, 0xF3C4,
  0xF23C, 0xF0CF, 0xEF82, 0xEE4F,  0xED46, 0xEC57, 0xEB9A, 0xEAF5,
  0xEA87, 0xEA37, 0xEA15, 0xEA21,  0xEA4B, 0xEAAC, 0xEB2A, 0xEBD7,
  0xECA9, 0xED9B, 0xEEB5, 0xEFEF,  0xF143, 0xF2BB, 0xF441, 0xF5E7,
  0xF79B, 0xF95D, 0xFB33, 0xFD04,  0xFEEA, 0x00C5, 0x02A6, 0x047C,
  0x064E, 0x080E, 0x09C4, 0x0B60,  0x0CEF, 0x0E58, 0x0FB5, 0x10E5,
  0x11FE, 0x12EF, 0x13BF, 0x1466,  0x14E7, 0x1542, 0x156E, 0x157B,
  0x1553, 0x150C, 0x1495, 0x13FE,  0x133A, 0x1256, 0x114D, 0x1023,
  0x0EDB, 0x0D77, 0x0BF7, 0x0A64,  0x08BB, 0x0702, 0x053D, 0x036B,
  0x0199, 0xFFBB, 0xFDEA, 0xFC11,  0xFA4A, 0xF885, 0xF6DA, 0xF534,
  0xF3B1, 0xF237, 0xF0E6, 0xEFA6,  0xEE91, 0xED94, 0xECC1, 0xEC11,
  0xEB86, 0xEB26, 0xEAEB, 0xEAD9,  0xEAF4, 0xEB31, 0xEB9B, 0xEC2C,
  0xECDD, 0xEDBC, 0xEEB9, 0xEFD5,  0xF118, 0xF26E, 0xF3E4, 0xF572,
  0xF70E, 0xF8C2, 0xFA81, 0xFC49,  0xFE1A, 0xFFEF, 0x01C1, 0x0394,
  0x055B, 0x071D, 0x08CB, 0x0A6D,  0x0BFA, 0x0D6C, 0x0ECA, 0x1006,
  0x1127, 0x1223, 0x1302, 0x13B4,  0x1448, 0x14B0, 0x14F2, 0x150A,
  0x14FC, 0x14C2, 0x1464, 0x13DC,  0x132D, 0x125C, 0x1164, 0x104E,
  0x0F15, 0x0DC2, 0x0C52, 0x0ACC,  0x092F, 0x0784, 0x05C3, 0x0402,
  0x022D, 0x005C, 0xFE8A, 0xFCB2,  0xFAED, 0xF927, 0xF773, 0xF5D1,
  0xF43B, 0xF2C6, 0xF160, 0xF01E,  0xEEF7, 0xEDED, 0xED10, 0xEC4B,
  0xEBB7, 0xEB3F, 0xEAFB, 0xEAD2,  0xEAE0, 0xEB0A, 0xEB65, 0xEBE2,
  0xEC8A, 0xED55, 0xEE44, 0xEF59,  0xF086, 0xF1DB, 0xF342, 0xF4CA,
  0xF662, 0xF80F, 0xF9CB, 0xFB93,  0xFD65, 0xFF3A, 0x0115, 0x02E7,
  0x04BE, 0x0682, 0x083F, 0x09EF,  0x0B81, 0x0D10, 0x0E74, 0x0FC7,
  0x10F8, 0x1209, 0x12FB, 0x13C4,  0x146C, 0x14E6, 0x1542, 0x156B,
  0x1575, 0x154D, 0x1503, 0x148D,  0x13EE, 0x1331, 0x1244, 0x113F,
  0x100D, 0x0EC8, 0x0D5D, 0x0BE0,  0x0A46, 0x0898, 0x06E2, 0x0510,
  0x0344, 0x0164, 0xFF89, 0xFDAD,  0xFBD1, 0xFA04, 0xF83B, 0xF684,
  0xF4DF, 0xF34E, 0xF1D4, 0xF07A,  0xEF31, 0xEE1A, 0xED11, 0xEC3F,
  0xEB81, 0xEAF9, 0xEA8D, 0xEA53,  0xEA3A, 0xEA51, 0xEA8E, 0xEAF5,
  0xEB83, 0xEC39, 0xED14, 0xEE14,  0xEF35, 0xF078, 0xF1D6, 0xF351,
  0xF4E6, 0xF68A, 0xF849, 0xFA0D,  0xFBE7, 0xFDC0, 0xFFA4, 0x0183,
  0x0366, 0x053B, 0x070F, 0x08CE,  0x0A82, 0x0C1F, 0x0DA6, 0x0F14,
  0x1064, 0x1198, 0x12A7, 0x1395,  0x145E, 0x14FE, 0x157B, 0x15CA,
  0x15F4, 0x15F1, 0x15C7, 0x1571,  0x14F7, 0x144F, 0x1387, 0x1294,
  0x1181, 0x104D, 0x0EF9, 0x0D89,  0x0BFF, 0x0A5E, 0x08AA, 0x06E6,
  0x0512, 0x033B, 0x0152, 0xFF77,  0xFD8B, 0xFBB2, 0xF9DA, 0xF80F,
  0xF654, 0xF4A9, 0xF318, 0xF199,  0xF03C, 0xEEF8, 0xEDD6, 0xECD8,
  0xEBFB, 0xEB46, 0xEABA, 0xEA51,  0xEA18, 0xEA02, 0xEA19, 0xEA5B,
  0xEAC1, 0xEB55, 0xEC0C, 0xECEA,  0xEDEE, 0xEF0F, 0xF057, 0xF1B6,
  0xF336, 0xF4C9, 0xF674, 0xF830,  0xF9FB, 0xFBD1, 0xFDAF, 0xFF92,
  0x0172, 0x0355, 0x052D, 0x06FC,  0x08BF, 0x0A6E, 0x0C0D, 0x0D92,
  0x0F00, 0x104D, 0x117F, 0x128E,  0x1379, 0x1442, 0x14DE, 0x155C,
  0x15A6, 0x15D3, 0x15CB, 0x15A2,  0x154D, 0x14CD, 0x142A, 0x1360,
  0x126C, 0x1160, 0x1025, 0x0EDA,  0x0D65, 0x0BE4, 0x0A43, 0x0893,
  0x06D3, 0x0502, 0x0330, 0x014F,  0xFF75, 0xFD92, 0xFBBE, 0xF9EC,
  0xF828, 0xF674, 0xF4D0, 0xF344,  0xF1D0, 0xF076, 0xEF3B, 0xEE20,
  0xED27, 0xEC52, 0xEBA3, 0xEB1C,  0xEAB8, 0xEA84, 0xEA74, 0xEA8D,
  0xEAD4, 0xEB3A, 0xEBD1, 0xEC8B,  0xED66, 0xEE6C, 0xEF8B, 0xF0D0,
  0xF22F, 0xF3A7, 0xF538, 0xF6DE,  0xF892, 0xFA58, 0xFC25, 0xFDFA,
  0xFFD5, 0x01AA, 0x0385, 0x054E,  0x0716, 0x08C9, 0x0A6F, 0x0C00,
  0x0D7A, 0x0ED9, 0x101A, 0x1142,  0x123F, 0x1324, 0x13DB, 0x1471,
  0x14DF, 0x1523, 0x1540, 0x1536,  0x14FF, 0x14A4, 0x141F, 0x1375,
  0x12A6, 0x11B0, 0x109E, 0x0F67,  0x0E15, 0x0CAB, 0x0B21, 0x098B,
  0x07DD, 0x0621, 0x045E, 0x028A,  0x00BD, 0xFEE1, 0xFD16, 0xFB45,
  0xF984, 0xF7CD, 0xF627, 0xF492,  0xF318, 0xF1B1, 0xF06A, 0xEF3E,
  0xEE33, 0xED4F, 0xEC85, 0xEBEE,  0xEB6E, 0xEB24, 0xEAF7, 0xEAFB,
  0xEB1F, 0xEB76, 0xEBE7, 0xEC8B,  0xED4B, 0xEE35, 0xEF3E, 0xF069,
  0xF1AF, 0xF313, 0xF491, 0xF620,  0xF7C6, 0xF97C, 0xFB39, 0xFD08,
  0xFED4, 0x00A8, 0x0276, 0x0446,  0x0603, 0x07C2, 0x0964, 0x0B01,
  0x0C7D, 0x0DEB, 0x0F36, 0x106C,  0x1178, 0x126E, 0x1337, 0x13E0,
  0x1463, 0x14BC, 0x14F0, 0x14F9,  0x14DE, 0x1492, 0x142E, 0x1390,
  0x12DE, 0x11FB, 0x10FC, 0x0FDD,  0x0E99, 0x0D41, 0x0BC9, 0x0A3E,
  0x08A0, 0x06EB, 0x0534, 0x0366,  0x019D, 0xFFC6, 0xFDFA, 0xFC29,
  0xFA66, 0xF8A9, 0xF6FB, 0xF560,  0xF3D8, 0xF268, 0xF110, 0xEFD8,
  0xEEBB, 0xEDC1, 0xECED, 0xEC35,  0xEBB0, 0xEB43, 0xEB08, 0xEAF5,
  0xEB01, 0xEB44, 0xEBA0, 0xEC2C,  0xECDF, 0xEDAD, 0xEEAC, 0xEFBE,
  0xF0FC, 0xF24E, 0xF3BE, 0xF547,  0xF6DE, 0xF892, 0xFA47, 0xFC15,
  0xFDDC, 0xFFB6, 0x0183, 0x035A,  0x051E, 0x06E6, 0x0894, 0x0A3B,
  0x0BCA, 0x0D44, 0x0EA4, 0x0FEB,  0x110E, 0x1216, 0x12FA, 0x13B6,
  0x1455, 0x14C1, 0x1513, 0x152F,  0x1530, 0x14FD, 0x14A9, 0x142B,
  0x1386, 0x12BE, 0x11CD, 0x10C2,  0x0F8E, 0x0E43, 0x0CDA, 0x0B56,
  0x09C2, 0x0815, 0x065D, 0x0496,  0x02C7, 0x00F3, 0xFF1D, 0xFD47,
  0xFB78, 0xF9AF, 0xF7F6, 0xF647,  0xF4B0, 0xF329, 0xF1BE, 0xF06C,
  0xEF3A, 0xEE25, 0xED34, 0xEC66,  0xEBBD, 0xEB3C, 0xEAE0, 0xEAAE,
  0xEAA5, 0xEAC4, 0xEB0A, 0xEB7C,  0xEC0E, 0xECD0, 0xEDAE, 0xEEB3,
  0xEFD6, 0xF11E, 0xF278, 0xF3FC,  0xF583, 0xF730, 0xF8E0, 0xFAA7,
  0xFC75, 0xFE4A, 0x0021, 0x01FC,  0x03CA, 0x059F, 0x075C, 0x0913,
  0x0AB9, 0x0C43, 0x0DBF, 0x0F1B,  0x105C, 0x117F, 0x1280, 0x135D,
  0x1416, 0x14A8, 0x1515, 0x1557,  0x1573, 0x1563, 0x152E, 0x14CE,
  0x1449, 0x139A, 0x12C9, 0x11D1,  0x10BC, 0x0F80, 0x0E30, 0x0CB9,
  0x0B38, 0x0993, 0x07E8, 0x0626,  0x045D, 0x0289, 0x00B1, 0xFED9,
  0xFCFF, 0xFB33, 0xF965, 0xF7AF,  0xF5FF, 0xF469, 0xF2E6, 0xF17A,
  0xF031, 0xEEFD, 0xEDEF, 0xED03,  0xEC36, 0xEB99, 0xEB17, 0xEAC5,
  0xEA99, 0xEA94, 0xEABA, 0xEB08,  0xEB7B, 0xEC1C, 0xECDA, 0xEDC3,
  0xEECB, 0xEFF6, 0xF13E, 0xF2A3,  0xF420, 0xF5B5, 0xF75C, 0xF914,
  0xFADA, 0xFCAA, 0xFE7C, 0x0058,  0x022A, 0x0402, 0x05C9, 0x078D,
  0x0939, 0x0AE1, 0x0C62, 0x0DE0,  0x0F2E, 0x1074, 0x1188, 0x1289,
  0x135D, 0x1412, 0x149C, 0x1503,  0x153F, 0x1553, 0x1542, 0x1501,
  0x14A0, 0x1412, 0x1361, 0x128B,  0x1190, 0x1073, 0x0F3C, 0x0DE0,
  0x0C72, 0x0AE6, 0x0948, 0x079B,  0x05D9, 0x0413, 0x023E, 0x0070,
  0xFE94, 0xFCC7, 0xFAF6, 0xF936,  0xF780, 0xF5DB, 0xF44B, 0xF2CD,
  0xF16F, 0xF025, 0xEF01, 0xEDFA,  0xED13, 0xEC56, 0xEBB9, 0xEB46,
  0xEAFA, 0xEAD7, 0xEAD8, 0xEB09,  0xEB59, 0xEBD9, 0xEC7A, 0xED42,
  0xEE2D, 0xEF3A, 0xF069, 0xF1B3,  0xF319, 0xF499, 0xF62A, 0xF7D6,
  0xF988, 0xFB4E, 0xFD17, 0xFEE8,  0x00BE, 0x028A, 0x045B, 0x061C,
  0x07D4, 0x097F, 0x0B12, 0x0C97,  0x0DFD, 0x0F4E, 0x107A, 0x1192,
  0x127A, 0x134E, 0x13EF, 0x1472,  0x14CD, 0x14FC, 0x150A, 0x14EA,
  0x14A1, 0x1438, 0x139F, 0x12EA,  0x1208, 0x1109, 0x0FE9, 0x0EA6,
  0x0D51, 0x0BD6, 0x0A50, 0x08AD,  0x0701, 0x0541, 0x037E, 0x01AF,
  0xFFDE, 0xFE11, 0xFC41, 0xFA80,  0xF8C4, 0xF717, 0xF57D, 0xF3F6,
  0xF286, 0xF130, 0xEFF7, 0xEEDA,  0xEDE4, 0xED0A, 0xEC58, 0xEBCA,
  0xEB64, 0xEB25, 0xEB0E, 0xEB20,  0xEB56, 0xEBBA, 0xEC3D, 0xECEF,
  0xEDBC, 0xEEB4, 0xEFC8, 0xF0FC,  0xF24E, 0xF3B9, 0xF53D, 0xF6D3,
  0xF87D, 0xFA34, 0xFBF5, 0xFDC3,  0xFF8C, 0x015F, 0x032B, 0x04EF,
  0x06B0, 0x085B, 0x0A00, 0x0B8A,  0x0D01, 0x0E60, 0x0FA1, 0x10C8,
  0x11C9, 0x12AD, 0x136B, 0x1405,  0x1478, 0x14C4, 0x14E7, 0x14E5,
  0x14B6, 0x1466, 0x13EB, 0x1347,  0x1288, 0x1197, 0x1094, 0x0F65,
  0x0E1E, 0x0CBD, 0x0B40, 0x09B1,  0x080D, 0x065A, 0x049C, 0x02D4,
  0x0107, 0xFF3A, 0xFD68, 0xFBA6,  0xF9DE, 0xF831, 0xF685, 0xF4F6,
  0xF376, 0xF210, 0xF0C2, 0xEF97,  0xEE84, 0xED9A, 0xECCC, 0xEC27,
  0xEBA7, 0xEB4D, 0xEB1E, 0xEB11,  0xEB32, 0xEB75, 0xEBE4, 0xEC78,
  0xED31, 0xEE0D, 0xEF0E, 0xF02B,  0xF16C, 0xF2C3, 0xF439, 0xF5C1,
  0xF75D, 0xF90F, 0xFAC5, 0xFC8E,  0xFE57, 0x0028, 0x01F4, 0x03C4,
  0x0575, 0x0732, 0x08DB, 0x0A7A,  0x0BFD, 0x0D74, 0x0EC3, 0x1007,
  0x111B, 0x121C, 0x12F1, 0x13A8,  0x1436, 0x14A0, 0x14DE, 0x14FB,
  0x14E9, 0x14B4, 0x1457, 0x13CE,  0x1327, 0x1255, 0x1164, 0x1050,
  0x0F1D, 0x0DCE, 0x0C62, 0x0AE4,  0x094B, 0x07A3, 0x05EF, 0x0429,
  0x0264, 0x0091, 0xFEC5, 0xFCF7,  0xFB2F, 0xF973, 0xF7C0, 0xF61E,
  0xF493, 0xF315, 0xF1B9, 0xF072,  0xEF4C, 0xEE44, 0xED60, 0xEC9C,
  0xEC03, 0xEB88, 0xEB3D, 0xEB12,  0xEB14, 0xEB3C, 0xEB8B, 0xEC02,
  0xECA1, 0xED5F, 0xEE4A, 0xEF4D,  0xF075, 0xF1BC, 0xF31A, 0xF494,
  0xF622, 0xF7C3, 0xF974, 0xFB33,  0xFCF7, 0xFEC6, 0x0093, 0x0261,
  0x042B, 0x05EA, 0x07A1, 0x0947,  0x0ADE, 0x0C5C, 0x0DC9, 0x0F12,
  0x1048, 0x1159, 0x124A, 0x131A,  0x13C3, 0x1446, 0x14A7, 0x14D9,
  0x14EB, 0x14CF, 0x148F, 0x1424,  0x1399, 0x12DF, 0x120D, 0x110C,
  0x0FF4, 0x0EBA, 0x0D62, 0x0BF5,  0x0A6C, 0x08D3, 0x0729, 0x056F,
  0x03AC, 0x01E3, 0x0013, 0xFE4A,  0xFC7A, 0xFABB, 0xF8FF, 0xF752,
  0xF5BC, 0xF42C, 0xF2C2, 0xF165,  0xF02D, 0xEF0C, 0xEE11, 0xED34,
  0xEC7F, 0xEBEB, 0xEB81, 0xEB3C,  0xEB1E, 0xEB2C, 0xEB5B, 0xEBB9,
  0xEC39, 0xECDD, 0xEDAD, 0xEE97,  0xEFAA, 0xF0D6, 0xF222, 0xF38A,
  0xF505, 0xF69B, 0xF83C, 0xF9F3,  0xFBB0, 0xFD76, 0xFF46, 0x010E,
  0x02DE, 0x04A2, 0x065D, 0x0812,  0x09AF, 0x0B40, 0x0CB9, 0x0E19,
  0x0F60, 0x1088, 0x1190, 0x127B,  0x1339, 0x13DF, 0x1453, 0x14AA,
  0x14D1, 0x14D8, 0x14B1, 0x1467,  0x13F3, 0x135A, 0x129C, 0x11BC,
  0x10B7, 0x0F96, 0x0E52, 0x0CF8,  0x0B84, 0x09F5, 0x085D, 0x06AA,
  0x04F2, 0x032E, 0x0162, 0xFF9A,  0xFDC8, 0xFC07, 0xFA40, 0xF893,
  0xF6E6, 0xF555, 0xF3D1, 0xF269,  0xF11A, 0xEFE6, 0xEED3, 0xEDDE,
  0xED0E, 0xEC60, 0xEBDB, 0xEB79,  0xEB40, 0xEB2F, 0xEB42, 0xEB83,
  0xEBE5, 0xEC72, 0xED20, 0xEDF8,  0xEEEA, 0xF007, 0xF137, 0xF28E,
  0xF3F6, 0xF57C, 0xF711, 0xF8B8,  0xFA6F, 0xFC2F, 0xFDF5, 0xFFC4,
  0x018A, 0x0359, 0x0516, 0x06D3,  0x087B, 0x0A19, 0x0B9E, 0x0D12,
  0x0E6C, 0x0FA4, 0x10CB, 0x11C2,  0x12A7, 0x135A, 0x13F4, 0x145E,
  0x14A9, 0x14C9, 0x14BF, 0x1494,  0x1439, 0x13BF, 0x131D, 0x1252,
  0x116D, 0x105D, 0x0F34, 0x0DEF,  0x0C88, 0x0B12, 0x0982, 0x07DD,
  0x0633, 0x0472, 0x02AF, 0x00E7,  0xFF17, 0xFD54, 0xFB89, 0xF9D4,
  0xF81D, 0xF681, 0xF4F0, 0xF378,  0xF213, 0xF0D2, 0xEFA0, 0xEE9E,
  0xEDAC, 0xECED, 0xEC44, 0xEBCF,  0xEB72, 0xEB49, 0xEB3F, 0xEB61,
  0xEBA8, 0xEC18, 0xECAC, 0xED67,  0xEE42, 0xEF43, 0xF062, 0xF19E,
  0xF2F6, 0xF469, 0xF5EE, 0xF78A,  0xF935, 0xFAEA, 0xFCAE, 0xFE75,
  0x003D, 0x020B, 0x03CC, 0x0590,  0x073F, 0x08EA, 0x0A7B, 0x0BFE,
  0x0D69, 0x0EB7, 0x0FED, 0x1104,  0x11F6, 0x12CD, 0x137A, 0x1403,
  0x146A, 0x14A4, 0x14BA, 0x14A9,  0x146D, 0x140F, 0x1386, 0x12DB,
  0x120A, 0x1118, 0x1004, 0x0ED2,  0x0D86, 0x0C1A, 0x0AA0, 0x0908,
  0x0767, 0x05B4, 0x03F4, 0x0233,  0x0065, 0xFEA1, 0xFCD5, 0xFB17,
  0xF95E, 0xF7B3, 0xF618, 0xF492,  0xF31B, 0xF1C7, 0xF084, 0xEF66,
  0xEE64, 0xED84, 0xECC9, 0xEC31,  0xEBBF, 0xEB74, 0xEB52, 0xEB54,
  0xEB81, 0xEBD1, 0xEC4B, 0xECEB,  0xEDAD, 0xEE92, 0xEF9C, 0xF0BE,
  0xF207, 0xF360, 0xF4DC, 0xF661,  0xF806, 0xF9AE, 0xFB6A, 0xFD29,
  0xFEF5, 0x00B7, 0x0288, 0x0443,  0x0602, 0x07B0, 0x0951, 0x0ADF,
  0x0C5A, 0x0DBC, 0x0F03, 0x102F,  0x113E, 0x1224, 0x12F3, 0x1393,
  0x1415, 0x146D, 0x149E, 0x14AA,  0x148B, 0x144B, 0x13DC, 0x134C,
  0x1299, 0x11BA, 0x10C6, 0x0FA7,  0x0E6F, 0x0D1C, 0x0BAB, 0x0A2B,
  0x0892, 0x06EC, 0x0536, 0x0379,  0x01B3, 0xFFEB, 0xFE23, 0xFC5E,
  0xFAA1, 0xF8EF, 0xF746, 0xF5B6,  0xF42F, 0xF2CA, 0xF174, 0xF040,
  0xEF2A, 0xEE30, 0xED5D, 0xECAA,  0xEC1D, 0xEBB8, 0xEB74, 0xEB61,
  0xEB69, 0xEBA6, 0xEBFC, 0xEC83,  0xED2A, 0xEDF6, 0xEEE5, 0xEFF3,
  0xF123, 0xF269, 0xF3D5, 0xF544,  0xF6E3, 0xF874, 0xFA32, 0xFBE1,
  0xFDAC, 0xFF6D, 0x0138, 0x02FD,  0x04BA, 0x0675, 0x081D, 0x09B6,
  0x0B44, 0x0CAF, 0x0E10, 0x0F4A,  0x1071, 0x1171, 0x1255, 0x1310,
  0x13AD, 0x141F, 0x1472, 0x1493,  0x1497, 0x146D, 0x1421, 0x13A9,
  0x1312, 0x124F, 0x1171, 0x106C,  0x0F48, 0x0E0C, 0x0CAE, 0x0B3E,
  0x09B6, 0x0817, 0x0675, 0x04B5,  0x02FF, 0x0134, 0xFF70, 0xFDA8,
  0xFBE8, 0xFA2D, 0xF880, 0xF6DE,  0xF550, 0xF3D8, 0xF271, 0xF12B,
  0xEFFD, 0xEEED, 0xEE05, 0xED34,  0xEC90, 0xEC0C, 0xEBB2, 0xEB7A,
  0xEB70, 0xEB85, 0xEBC8, 0xEC2E,  0xECBB, 0xED6C, 0xEE43, 0xEF36,
  0xF052, 0xF181, 0xF2D8, 0xF43B,  0xF5C1, 0xF74F, 0xF8F8, 0xFAA6,
  0xFC64, 0xFE24, 0xFFED, 0x01B1,  0x0375, 0x0530, 0x06E4, 0x0887,
  0x0A20, 0x0B9B, 0x0D0D, 0x0E59,  0x0F95, 0x10AB, 0x11A6, 0x127C,
  0x1332, 0x13C0, 0x142A, 0x146E,  0x1489, 0x1480, 0x144D, 0x13F3,
  0x1377, 0x12CE, 0x120C, 0x111D,  0x1014, 0x0EEA, 0x0DA4, 0x0C42,
  0x0ACD, 0x093F, 0x07A2, 0x05F6,  0x043D, 0x027D, 0x00BC, 0xFEF1,
  0xFD33, 0xFB6E, 0xF9BF, 0xF810,  0xF679, 0xF4EF, 0xF37C, 0xF223,
  0xF0DF, 0xEFBD, 0xEEB9, 0xEDD4,  0xED13, 0xEC79, 0xEBFD, 0xEBB1,
  0xEB81, 0xEB82, 0xEBA3, 0xEBF1,  0xEC5F, 0xECF6, 0xEDB1, 0xEE90,
  0xEF8D, 0xF0AE, 0xF1E6, 0xF341,  0xF4AB, 0xF634, 0xF7C7, 0xF972,
  0xFB22, 0xFCE1, 0xFEA0, 0x0068,  0x022C, 0x03EB, 0x05A5, 0x0750,
  0x08F3, 0x0A80, 0x0BFA, 0x0D5F,  0x0EA7, 0x0FD9, 0x10E4, 0x11D8,
  0x12A0, 0x134F, 0x13D1, 0x1431,  0x146B, 0x1479, 0x1465, 0x142B,
  0x13C3, 0x1340, 0x128E, 0x11BE,  0x10CF, 0x0FB6, 0x0E8A, 0x0D3B,
  0x0BD7, 0x0A58, 0x08CC, 0x0726,  0x057D, 0x03BF, 0x0203, 0x003C,
  0xFE7A, 0xFCB8, 0xFAFD, 0xF94C,  0xF7A6, 0xF613, 0xF491, 0xF325,
  0xF1D2, 0xF09B, 0xEF7D, 0xEE88,  0xEDA7, 0xECF7, 0xEC60, 0xEBF5,
  0xEBB0, 0xEB8D, 0xEB98, 0xEBC3,  0xEC1A, 0xEC94, 0xED35, 0xEDF8,
  0xEEDF, 0xEFE4, 0xF10E, 0xF24B,  0xF3AC, 0xF51C, 0xF6A8, 0xF83F,
  0xF9EE, 0xFB9B, 0xFD60, 0xFF1A,  0x00E6, 0x02A1, 0x0465, 0x0612,
  0x07C1, 0x0957, 0x0AE3, 0x0C52,  0x0DB4, 0x0EED, 0x101C, 0x111A,
  0x1205, 0x12C6, 0x1365, 0x13E2,  0x1432, 0x1465, 0x1467, 0x144A,
  0x1402, 0x1395, 0x1303, 0x124B,  0x1173, 0x1078, 0x0F5B, 0x0E28,
  0x0CCF, 0x0B6B, 0x09E5, 0x0853,  0x06B1, 0x04FD, 0x0345, 0x0188,
  0xFFBE, 0xFE05, 0xFC3D, 0xFA8B,  0xF8DE, 0xF73C, 0xF5B2, 0xF432,
  0xF2D1, 0xF186, 0xF055, 0xEF47,  0xEE50, 0xED87, 0xECD4, 0xEC52,
  0xEBED, 0xEBB1, 0xEB9F, 0xEBAA,  0xEBEC, 0xEC44, 0xECCC, 0xED76,
  0xEE3E, 0xEF34, 0xF03D, 0xF16C,  0xF2B5, 0xF415, 0xF591, 0xF71B,
  0xF8B9, 0xFA65, 0xFC1A, 0xFDD9,  0xFF9A, 0x015C, 0x031C, 0x04D5,
  0x0686, 0x082A, 0x09BD, 0x0B43,  0x0CA8, 0x0E04, 0x0F35, 0x1058,
  0x1150, 0x122F, 0x12E7, 0x137A,  0x13EE, 0x1433, 0x145A, 0x1452,
  0x142C, 0x13D7, 0x1364, 0x12C4,  0x1207, 0x1122, 0x1023, 0x0EFE,
  0x0DC1, 0x0C69, 0x0AF6, 0x0975,  0x07DB, 0x0636, 0x0483, 0x02CB,
  0x0107, 0xFF4B, 0xFD84, 0xFBCE,  0xFA18, 0xF870, 0xF6D7, 0xF54D,
  0xF3DB, 0xF27E, 0xF13C, 0xF015,  0xEF0C, 0xEE26, 0xED5E, 0xECC0,
  0xEC3F, 0xEBEA, 0xEBB8, 0xEBAC,  0xEBCD, 0xEC0A, 0xEC78, 0xED05,
  0xEDB6, 0xEE8E, 0xEF83, 0xF09A,  0xF1CF, 0xF31C, 0xF483, 0xF602,
  0xF791, 0xF933, 0xFADF, 0xFC95,  0xFE56, 0x0012, 0x01D9, 0x038E,
  0x054C, 0x06F2, 0x0895, 0x0A20,  0x0B9D, 0x0D00, 0x0E4E, 0x0F7E,
  0x108E, 0x1187, 0x1251, 0x1308,  0x138D, 0x13F4, 0x1434, 0x1449,
  0x143E, 0x1408, 0x13AB, 0x1330,  0x1281, 0x11C4, 0x10CD, 0x0FCD,
  0x0E9D, 0x0D5D, 0x0BFB, 0x0A89,  0x08FE, 0x0765, 0x05BB, 0x0409,
  0x024D, 0x0090, 0xFECC, 0xFD13,  0xFB54, 0xF9AC, 0xF802, 0xF673,
  0xF4EF, 0xF382, 0xF230, 0xF0F1,  0xEFDA, 0xEED5, 0xEDFB, 0xED3E,
  0xECA7, 0xEC35, 0xEBE7, 0xEBC1,  0xEBC1, 0xEBEA, 0xEC33, 0xECAA,
  0xED40, 0xEDFC, 0xEEDC, 0xEFD7,  0xF0F8, 0xF231, 0xF386, 0xF4F3,
  0xF672, 0xF80B, 0xF9A8, 0xFB5C,  0xFD10, 0xFED0, 0x008E, 0x024E,
  0x0407, 0x05B9, 0x0763, 0x08F9,  0x0A82, 0x0BF8, 0x0D52, 0x0E9A,
  0x0FBD, 0x10CA, 0x11B1, 0x127C,  0x131D, 0x13A0, 0x13F8, 0x142F,
  0x143A, 0x1423, 0x13E2, 0x1381,  0x12F0, 0x1249, 0x116F, 0x1084,
  0x0F6D, 0x0E3E, 0x0CF7, 0x0B8C,  0x0A1A, 0x0886, 0x06EF, 0x0541,
  0x038E, 0x01D3, 0x0013, 0xFE57,  0xFC97, 0xFAE9, 0xF937, 0xF79E,
  0xF60C, 0xF493, 0xF32E, 0xF1E1,  0xF0AF, 0xEF9A, 0xEEA6, 0xEDD1,
  0xED22, 0xEC91, 0xEC2D, 0xEBE7,  0xEBCF, 0xEBD7, 0xEC0A, 0xEC5F,
  0xECDF, 0xED7D, 0xEE45, 0xEF29,  0xF031, 0xF155, 0xF297, 0xF3EF,
  0xF563, 0xF6E7, 0xF87F, 0xFA24,  0xFBD4, 0xFD8C, 0xFF4A, 0x0108,
  0x02C4, 0x047C, 0x0629, 0x07CC,  0x0961, 0x0AE0, 0x0C51, 0x0DA2,
  0x0EE0, 0x0FFD, 0x1100, 0x11DD,  0x129F, 0x1332, 0x13AE, 0x13FB,
  0x1425, 0x142A, 0x1404, 0x13BC,  0x134D, 0x12B9, 0x1201, 0x1126,
  0x102D, 0x0F12, 0x0DDD, 0x0C8B,  0x0B22, 0x09A4, 0x0815, 0x0673,
  0x04CA, 0x0311, 0x015A, 0xFF98,  0xFDE0, 0xFC23, 0xFA76, 0xF8CB,
  0xF737, 0xF5A9, 0xF43C, 0xF2D7,  0xF199, 0xF06B, 0xEF62, 0xEE77,
  0xEDAB, 0xED06, 0xEC81, 0xEC28,  0xEBE8, 0xEBE3, 0xEBEA, 0xEC33,
  0xEC8A, 0xED16, 0xEDC0, 0xEE8C,  0xEF7B, 0xF08B, 0xF1B3, 0xF300,
  0xF459, 0xF5D5, 0xF75A, 0xF8F6,  0xFA9E, 0xFC4D, 0xFE09, 0xFFC1,
  0x0184, 0x0336, 0x04F2, 0x0694,  0x0837, 0x09C3, 0x0B3F, 0x0CA4,
  0x0DF2, 0x0F23, 0x103C, 0x112F,  0x120A, 0x12B9, 0x134C, 0x13B5,
  0x13FB, 0x141A, 0x1414, 0x13E4,  0x1393, 0x1318, 0x127C, 0x11BC,
  0x10D7, 0x0FD7, 0x0EB4, 0x0D78,  0x0C24, 0x0AB0, 0x0936, 0x079A,
  0x05FE, 0x044E, 0x0299, 0x00DD,  0xFF23, 0xFD65, 0xFBB4, 0xFA01,
  0xF867, 0xF6CA, 0xF551, 0xF3DD,  0xF28C, 0xF14E, 0xF02C, 0xEF2D,
  0xEE47, 0xED8C, 0xECEB, 0xEC76,  0xEC22, 0xEBF3, 0xEBEF, 0xEC0C,
  0xEC55, 0xECBD, 0xED50, 0xEDFF,  0xEEDB, 0xEFCD, 0xF0E6, 0xF217,
  0xF362, 0xF4CB, 0xF643, 0xF7D0,  0xF96F, 0xFB14, 0xFCCA, 0xFE82,
  0x003A, 0x01FB, 0x03AC, 0x0560,  0x0704, 0x089D, 0x0A25, 0x0B99,
  0x0CF7, 0x0E3D, 0x0F67, 0x1074,  0x1162, 0x122C, 0x12D9, 0x135A,
  0x13BF, 0x13F5, 0x140F, 0x13F9,  0x13C3, 0x1366, 0x12E1, 0x123F,
  0x1170, 0x108A, 0x0F7C, 0x0E58,  0x0D11, 0x0BB9, 0x0A42, 0x08C0,
  0x0727, 0x0582, 0x03D7, 0x021C,  0x0067, 0xFEA8, 0xFCF1, 0xFB41,
  0xF994, 0xF7FB, 0xF66A, 0xF4F0,  0xF38C, 0xF23B, 0xF109, 0xEFEF,
  0xEEF9, 0xEE20, 0xED6A, 0xECD8,  0xEC68, 0xEC23, 0xEBFD, 0xEC04,
  0xEC2C, 0xEC7C, 0xECF1, 0xED8A,  0xEE47, 0xEF27, 0xF023, 0xF141,
  0xF27A, 0xF3CC, 0xF538, 0xF6B6,  0xF843, 0xF9E8, 0xFB8D, 0xFD43,
  0xFEFD, 0x00B2, 0x0271, 0x0421,  0x05CD, 0x0772, 0x08FF, 0x0A89,
  0x0BED, 0x0D4A, 0x0E86, 0x0FA4,  0x10AF, 0x118B, 0x1252, 0x12F0,
  0x136B, 0x13C0, 0x13F3, 0x13F9,  0x13E1, 0x139E, 0x1335, 0x12AB,
  0x11FA, 0x1128, 0x1036, 0x0F25,  0x0DF4, 0x0CAD, 0x0B4B, 0x09D2,
  0x084E, 0x06AE, 0x050D, 0x0359,  0x01A6, 0xFFEB, 0xFE34, 0xFC7C,
  0xFACF, 0xF929, 0xF791, 0xF60C,  0xF494, 0xF337, 0xF1F0, 0xF0C5,
  0xEFB8, 0xEEC6, 0xEDFA, 0xED4D,  0xECC4, 0xEC64, 0xEC22, 0xEC0D,
  0xEC19, 0xEC4F, 0xECA6, 0xED29,  0xEDC5, 0xEE93, 0xEF70, 0xF080,
  0xF19B, 0xF2E1, 0xF436, 0xF5A4,  0xF72B, 0xF8B8, 0xFA5F, 0xFC08,
  0xFDBB, 0xFF76, 0x012B, 0x02E4,  0x0493, 0x063E, 0x07D8, 0x0966,
  0x0AE1, 0x0C47, 0x0D98, 0x0ECA,  0x0FE6, 0x10DD, 0x11BA, 0x126F,
  0x1308, 0x1376, 0x13C2, 0x13E9,  0x13E5, 0x13C5, 0x1372, 0x1308,
  0x126D, 0x11B7, 0x10DC, 0x0FE0,  0x0ECB, 0x0D92, 0x0C45, 0x0ADD,
  0x0964, 0x07D5, 0x063B, 0x0491,  0x02E3, 0x012B, 0xFF74, 0xFDBC,
  0xFC0C, 0xFA5C, 0xF8C1, 0xF72A,  0xF5AC, 0xF43D, 0xF2E5, 0xF1A7,
  0xF084, 0xEF81, 0xEE98, 0xEDD7,  0xED32, 0xECB6, 0xEC5D, 0xEC29,
  0xEC1C, 0xEC35, 0xEC71, 0xECD7,  0xED5C, 0xEE0B, 0xEED7, 0xEFC8,
  0xF0D2, 0xF200, 0xF342, 0xF4A3,  0xF615, 0xF79B, 0xF932, 0xFAD3,
  0xFC83, 0xFE35, 0xFFEB, 0x01A6,  0x0355, 0x0506, 0x06A9, 0x083E,
  0x09CC, 0x0B37, 0x0CA0, 0x0DDF,  0x0F10, 0x1021, 0x110C, 0x11E4,
  0x128B, 0x131C, 0x137E, 0x13C1,  0x13DB, 0x13D2, 0x13A1, 0x134C,
  0x12CE, 0x1234, 0x116D, 0x1091,  0x0F89, 0x0E6D, 0x0D2F, 0x0BDC,
  0x0A70, 0x08F0, 0x0763, 0x05C1,  0x041C, 0x0267, 0x00B4, 0xFEFC,
  0xFD48, 0xFB98, 0xF9F2, 0xF853,  0xF6CC, 0xF549, 0xF3EB, 0xF293,
  0xF163, 0xF046, 0xEF4B, 0xEE70,  0xEDB2, 0xED1E, 0xECA9, 0xEC5A,
  0xEC33, 0xEC2D, 0xEC52, 0xEC99,  0xED06, 0xED98, 0xEE4E, 0xEF22,
  0xF01A, 0xF12E, 0xF25F, 0xF3AD,  0xF50C, 0xF687, 0xF80C, 0xF9AA,
  0xFB4B, 0xFCFB, 0xFEAD, 0x0065,  0x0218, 0x03CB, 0x0574, 0x0713,
  0x08A6, 0x0A28, 0x0B92, 0x0CF1,  0x0E28, 0x0F52, 0x1056, 0x113D,
  0x1206, 0x12A8, 0x132B, 0x1383,  0x13BE, 0x13CB, 0x13B9, 0x137E,
  0x131D, 0x129A, 0x11F2, 0x1127,  0x103E, 0x0F34, 0x0E0C, 0x0CCB,
  0x0B72, 0x0A01, 0x087F, 0x06ED,  0x0549, 0x03A4, 0x01EE, 0x003D,
  0xFE86, 0xFCD4, 0xFB26, 0xF987,  0xF7EB, 0xF66A, 0xF4F1, 0xF392,
  0xF24D, 0xF119, 0xF010, 0xEF16,  0xEE49, 0xED96, 0xED06, 0xECA4,
  0xEC57, 0xEC41, 0xEC40, 0xEC73,  0xECC2, 0xED3A, 0xEDD4, 0xEE91,
  0xEF71, 0xF06F, 0xF18A, 0xF2C3,  0xF411, 0xF57C, 0xF6F5, 0xF885,
  0xFA1B, 0xFBC8, 0xFD6F, 0xFF29,  0x00D7, 0x0291, 0x043A, 0x05E3,
  0x077C, 0x0909, 0x0A85, 0x0BEB,  0x0D3C, 0x0E72, 0x0F8F, 0x108B,
  0x1169, 0x1228, 0x12BF, 0x1338,  0x1387, 0x13B5, 0x13BC, 0x139C,
  0x1357, 0x12EE, 0x1261, 0x11B0,  0x10DE, 0x0FEB, 0x0ED9, 0x0DAE,
  0x0C64, 0x0B07, 0x0993, 0x080B,  0x0676, 0x04D5, 0x0329, 0x0179,
  0xFFC3, 0xFE12, 0xFC60, 0xFABB,  0xF916, 0xF78C, 0xF605, 0xF49B,
  0xF340, 0xF200, 0xF0DD, 0xEFD3,  0xEEEA, 0xEE23, 0xED77, 0xECFC,
  0xEC95, 0xEC62, 0xEC49, 0xEC5D,  0xEC92, 0xECF1, 0xED6C, 0xEE17,
  0xEED4, 0xEFC5, 0xF0C2, 0xF1E9,  0xF327, 0xF47A, 0xF5EA, 0xF767,
  0xF8F6, 0xFA98, 0xFC38, 0xFDEF,  0xFF99, 0x0154, 0x02FE, 0x04AF,
  0x064D, 0x07E4, 0x096B, 0x0AE0,  0x0C3E, 0x0D8B, 0x0EB3, 0x0FCE,
  0x10BB, 0x1194, 0x1245, 0x12D3,  0x1345, 0x1385, 0x13AD, 0x13A4,
  0x137F, 0x132F, 0x12BB, 0x1227,  0x116A, 0x1092, 0x0F97, 0x0E7E,
  0x0D4C, 0x0BFF, 0x0A98, 0x0925,  0x0796, 0x0603, 0x045B, 0x02B4,
  0x00FD, 0xFF52, 0xFD99, 0xFBF3,  0xFA49, 0xF8B1, 0xF724, 0xF5AB,
  0xF442, 0xF2F2, 0xF1B9, 0xF09D,  0xEF9F, 0xEEBD, 0xEE00, 0xED61,
  0xECEB, 0xEC95, 0xEC64, 0xEC5E,  0xEC75, 0xECB9, 0xED1E, 0xEDA6,
  0xEE54, 0xEF23, 0xF010, 0xF11F,  0xF247, 0xF38B, 0xF4E6, 0xF657,
  0xF7DA, 0xF96B, 0xFB0D, 0xFCB2,  0xFE64, 0x0012, 0x01C8, 0x0370,
  0x051F, 0x06B5, 0x084D, 0x09C8,  0x0B3A, 0x0C91, 0x0DD3, 0x0EF7,
  0x1004, 0x10ED, 0x11B7, 0x1264,  0x12E4, 0x134A, 0x1386, 0x139D,
  0x138F, 0x135D, 0x1302, 0x128A,  0x11E6, 0x1127, 0x1042, 0x0F41,
  0x0E22, 0x0CEA, 0x0B93, 0x0A32,  0x08AC, 0x0729, 0x0588, 0x03E8,
  0x0239, 0x008A, 0xFED8, 0xFD2A,  0xFB7E, 0xF9E3, 0xF844, 0xF6C8,
  0xF54B, 0xF3EF, 0xF2A6, 0xF174,  0xF061, 0xEF6C, 0xEE93, 0xEDE1,
  0xED4C, 0xECE0, 0xEC92, 0xEC71,  0xEC6E, 0xEC95, 0xECDF, 0xED4F,
  0xEDE2, 0xEE96, 0xEF70, 0xF060,  0xF17C, 0xF2A6, 0xF3F1, 0xF553,
  0xF6C4, 0xF84E, 0xF9E0, 0xFB83,  0xFD2A, 0xFEDA, 0x0089, 0x0239,
  0x03E6, 0x0588, 0x0722, 0x08AD,  0x0A28, 0x0B8F, 0x0CE3, 0x0E18,
  0x0F39, 0x1038, 0x111A, 0x11DC,  0x127A, 0x12F6, 0x134C, 0x1383,
  0x138A, 0x1379, 0x1335, 0x12D8,  0x1250, 0x11A8, 0x10DD, 0x0FF3,
  0x0EE9, 0x0DC5, 0x0C83, 0x0B2E,  0x09BE, 0x0842, 0x06AF, 0x0516,
  0x036F, 0x01C2, 0x0015, 0xFE63,  0xFCB7, 0xFB11, 0xF975, 0xF7E4,
  0xF662, 0xF4F8, 0xF398, 0xF25E,  0xF131, 0xF028, 0xEF3C, 0xEE6D,
  0xEDC4, 0xED39, 0xECD7, 0xEC96,  0xEC7B, 0xEC86, 0xECB4, 0xED0A,
  0xED82, 0xEE1F, 0xEEDB, 0xEFBD,  0xF0B6, 0xF1D6, 0xF308, 0xF45A,
  0xF5BD, 0xF735, 0xF8C1, 0xFA54,  0xFBFB, 0xFD9F, 0xFF51, 0x0100,
  0x02AA, 0x0458, 0x05F1, 0x078B,  0x090F, 0x0A83, 0x0BE5, 0x0D2E,
  0x0E5F, 0x0F74, 0x106C, 0x1145,  0x11F9, 0x1294, 0x12FE, 0x1353,
  0x1374, 0x137E, 0x1355, 0x1315,  0x12A3, 0x121B, 0x1161, 0x1097,
  0x0F9E, 0x0E92, 0x0D64, 0x0C1F,  0x0AC2, 0x0952, 0x07CD, 0x063E,
  0x049E, 0x02F9, 0x014D, 0xFF9C,  0xFDF2, 0xFC46, 0xFAA3, 0xF90E,
  0xF77C, 0xF60A, 0xF49C, 0xF34B,  0xF215, 0xF0F1, 0xEFF2, 0xEF0F,
  0xEE47, 0xEDAD, 0xED27, 0xECD4,  0xEC98, 0xEC8B, 0xEC9F, 0xECD7,
  0xED38, 0xEDB7, 0xEE5D, 0xEF23,  0xF00C, 0xF10C, 0xF236, 0xF367,
  0xF4C7, 0xF624, 0xF7AD, 0xF92D,  0xFAD0, 0xFC6B, 0xFE1B, 0xFFC3,
  0x0177, 0x031B, 0x04C4, 0x065F,  0x07EE, 0x0970, 0x0ADD, 0x0C35,
  0x0D7B, 0x0EA1, 0x0FAD, 0x109E,  0x116A, 0x121A, 0x12A3, 0x130C,
  0x134C, 0x1370, 0x1361, 0x133D,  0x12E5, 0x1277, 0x11DA, 0x1122,
  0x1047, 0x0F4C, 0x0E36, 0x0D04,  0x0BB8, 0x0A58, 0x08E1, 0x075E,
  0x05C5, 0x042C, 0x0280, 0x00D8,  0xFF29, 0xFD7D, 0xFBD6, 0xFA3A,
  0xF8A2, 0xF721, 0xF5A8, 0xF449,  0xF300, 0xF1CC, 0xF0B7, 0xEFBD,
  0xEEE3, 0xEE29, 0xED93, 0xED1E,  0xECCD, 0xECA3, 0xEC9B, 0xECBB,
  0xECFE, 0xED64, 0xEDF1, 0xEE9E,  0xEF6E, 0xF059, 0xF16A, 0xF28C,
  0xF3D5, 0xF527, 0xF69C, 0xF814,  0xF9A8, 0xFB40, 0xFCE4, 0xFE91,
  0x0038, 0x01E9, 0x038C, 0x0532,  0x06C7, 0x0853, 0x09CC, 0x0B35,
  0x0C86, 0x0DC1, 0x0EE3, 0x0FE3,  0x10CE, 0x118B, 0x1239, 0x12AE,
  0x1317, 0x1347, 0x135F, 0x134E,  0x1317, 0x12BC, 0x1240, 0x119C,
  0x10DD, 0x0FF8, 0x0EF8, 0x0DD8,  0x0CA2, 0x0B52, 0x09E9, 0x0876,
  0x06E6, 0x0556, 0x03B2, 0x020C,  0x0061, 0xFEB7, 0xFD0A, 0xFB6A,
  0xF9CD, 0xF83E, 0xF6C1, 0xF54E,  0xF3F8, 0xF2B3, 0xF189, 0xF07F,
  0xEF89, 0xEEBE, 0xEE09, 0xED81,  0xED11, 0xECD0, 0xECAC, 0xECB0,
  0xECDA, 0xED25, 0xED97, 0xEE2B,  0xEEE1, 0xEFB8, 0xF0AF, 0xF1C0,
  0xF2F0, 0xF437, 0xF594, 0xF709,  0xF885, 0xFA1D, 0xFBB3, 0xFD5E,
  0xFF01, 0x00B2, 0x0255, 0x0402,  0x0598, 0x0733, 0x08B0, 0x0A2B,
  0x0B89, 0x0CD3, 0x0E0A, 0x0F1C,  0x101B, 0x10F6, 0x11AF, 0x124E,
  0x12C0, 0x1315, 0x1345, 0x134C,  0x1334, 0x12F1, 0x1290, 0x1207,
  0x115F, 0x1092, 0x0FA8, 0x0EA1,  0x0D7C, 0x0C3D, 0x0AE9, 0x097E,
  0x0802, 0x0679, 0x04DA, 0x0343,  0x0192, 0xFFF1, 0xFE3F, 0xFC9D,
  0xFAFB, 0xF965, 0xF7DC, 0xF660,  0xF4FA, 0xF3A4, 0xF26D, 0xF148,
  0xF047, 0xEF5C, 0xEE97, 0xEDF0,  0xED6D, 0xED0C, 0xECD3, 0xECB7,
  0xECCB, 0xECF6, 0xED53, 0xEDC9,  0xEE69, 0xEF25, 0xF007, 0xF101,
  0xF21E, 0xF350, 0xF49D, 0xF601,  0xF774, 0xF8FC, 0xFA8D, 0xFC2C,
  0xFDCF, 0xFF79, 0x0123, 0x02C9,  0x046E, 0x0604, 0x0795, 0x0915,
  0x0A7F, 0x0BE1, 0x0D1B, 0x0E4F,  0x0F55, 0x104F, 0x111B, 0x11D2,
  0x1260, 0x12CA, 0x131A, 0x1334,  0x1340, 0x1311, 0x12CD, 0x125F,
  0x11CC, 0x111E, 0x1047, 0x0F58,  0x0E46, 0x0D1E, 0x0BD8, 0x0A80,
  0x0912, 0x078F, 0x0606, 0x0467,  0x02CB, 0x0122, 0xFF77, 0xFDD2,
  0xFC2A, 0xFA93, 0xF8FB, 0xF77D,  0xF602, 0xF4A5, 0xF358, 0xF224,
  0xF10D, 0xF00F, 0xEF33, 0xEE72,  0xEDDA, 0xED5C, 0xED0B, 0xECD5,
  0xECCC, 0xECDE, 0xED20, 0xED7B,  0xEE04, 0xEEA5, 0xEF6E, 0xF054,
  0xF159, 0xF27A, 0xF3B2, 0xF506,  0xF66B, 0xF7E5, 0xF96E, 0xFAFF,
  0xFCA4, 0xFE41, 0xFFF0, 0x0193,  0x033B, 0x04D9, 0x066F, 0x07F7,
  0x0972, 0x0ADA, 0x0C2D, 0x0D68,  0x0E8C, 0x0F91, 0x107B, 0x1144,
  0x11EB, 0x1272, 0x12D4, 0x1315,  0x132D, 0x1325, 0x12F2, 0x12A6,
  0x1226, 0x1198, 0x10D3, 0x0FFF,  0x0F02, 0x0DED, 0x0CBD, 0x0B73,
  0x0A16, 0x08A1, 0x0722, 0x058E,  0x03F9, 0x0251, 0x00B0, 0xFF02,
  0xFD63, 0xFBBB, 0xFA29, 0xF898,  0xF718, 0xF5AE, 0xF44D, 0xF310,
  0xF1DF, 0xF0D1, 0xEFDF, 0xEF07,  0xEE56, 0xEDC2, 0xED52, 0xED08,
  0xECE0, 0xECDB, 0xECFE, 0xED44,  0xEDAC, 0xEE3C, 0xEEE5, 0xEFB9,
  0xF0A3, 0xF1B4, 0xF2D4, 0xF419,  0xF56D, 0xF6D8, 0xF856, 0xF9DD,
  0xFB78, 0xFD13, 0xFEBB, 0x005F,  0x0208, 0x03A8, 0x0545, 0x06D5,
  0x0859, 0x09D0, 0x0B2D, 0x0C7D,  0x0DAE, 0x0ECA, 0x0FC7, 0x10A7,
  0x1166, 0x1204, 0x1283, 0x12D8,  0x1310, 0x131F, 0x1308, 0x12D6,
  0x1272, 0x11F9, 0x1153, 0x1091,  0x0FAF, 0x0EAE, 0x0D90, 0x0C5C,
  0x0B0C, 0x09AA, 0x0834, 0x06AF,  0x051D, 0x0381, 0x01E0, 0x0039,
  0xFE93, 0xFCF0, 0xFB52, 0xF9BE,  0xF835, 0xF6BB, 0xF554, 0xF3FF,
  0xF2C4, 0xF1A0, 0xF097, 0xEFB0,  0xEEE0, 0xEE3A, 0xEDAF, 0xED4A,
  0xED09, 0xECEA, 0xECF1, 0xED1F,  0xED6A, 0xEDE0, 0xEE74, 0xEF2B,
  0xF003, 0xF0F7, 0xF20A, 0xF336,  0xF47E, 0xF5D5, 0xF747, 0xF8C5,
  0xFA51, 0xFBEA, 0xFD89, 0xFF2D,  0x00D5, 0x0274, 0x041A, 0x05AB,
  0x073D, 0x08B9, 0x0A27, 0x0B84,  0x0CC5, 0x0DF5, 0x0F04, 0x0FFA,
  0x10D1, 0x1185, 0x121D, 0x128B,  0x12DE, 0x1306, 0x130D, 0x12F1,
  0x12AA, 0x124A, 0x11BC, 0x1116,  0x1048, 0x0F5E, 0x0E59, 0x0D31,
  0x0BFB, 0x0AA3, 0x093E, 0x07C7,  0x063B, 0x04AB, 0x030E, 0x0169,
  0xFFC9, 0xFE20, 0xFC82, 0xFAE7,  0xF957, 0xF7D3, 0xF65F, 0xF4FE,
  0xF3B1, 0xF27D, 0xF162, 0xF060,  0xEF85, 0xEEBA, 0xEE22, 0xED9E,
  0xED45, 0xED0D, 0xECF7, 0xED0A,  0xED40, 0xED95, 0xEE16, 0xEEAF,
  0xEF71, 0xF051, 0xF149, 0xF267,  0xF397, 0xF4E1, 0xF643, 0xF7B1,
  0xF938, 0xFAC3, 0xFC5D, 0xFDFE,  0xFFA0, 0x0145, 0x02E7, 0x0483,
  0x0615, 0x07A0, 0x0917, 0x0A7F,  0x0BD5, 0x0D0F, 0x0E36, 0x0F3D,
  0x102B, 0x10F6, 0x11A5, 0x122D,  0x1299, 0x12DA, 0x12FD, 0x12F9,
  0x12D1, 0x1285, 0x1217, 0x1184,  0x10D2, 0x0FFF, 0x0F0C, 0x0E00,
  0x0CD4, 0x0B96, 0x0A3B, 0x08D1,  0x0757, 0x05C9, 0x043A, 0x0297,
  0x00F8, 0xFF55, 0xFDB0, 0xFC17,  0xFA7A, 0xF8F4, 0xF771, 0xF607,
  0xF4AA, 0xF365, 0xF239, 0xF123,  0xF032, 0xEF53, 0xEEA3, 0xEE03,
  0xED96, 0xED40, 0xED12, 0xED0B,  0xED23, 0xED64, 0xEDC5, 0xEE48,
  0xEEF2, 0xEFB6, 0xF0A0, 0xF1A1,  0xF2C1, 0xF3F9, 0xF549, 0xF6AC,
  0xF823, 0xF9A5, 0xFB39, 0xFCCE,  0xFE74, 0x0011, 0x01B7, 0x0355,
  0x04ED, 0x067E, 0x0800, 0x0974,  0x0AD5, 0x0C22, 0x0D58, 0x0E74,
  0x0F74, 0x1058, 0x111A, 0x11C0,  0x123D, 0x12A0, 0x12D5, 0x12F3,
  0x12DF, 0x12B3, 0x1259, 0x11E4,  0x1148, 0x108E, 0x0FB3, 0x0EB9,
  0x0DA6, 0x0C74, 0x0B30, 0x09D3,  0x0864, 0x06E7, 0x0557, 0x03C6,
  0x0224, 0x0086, 0xFEE3, 0xFD41,  0xFBAA, 0xFA14, 0xF88E, 0xF716,
  0xF5AB, 0xF45D, 0xF317, 0xF1FB,  0xF0E7, 0xF002, 0xEF2E, 0xEE80,
  0xEDF5, 0xED86, 0xED41, 0xED1F,  0xED1A, 0xED45, 0xED86, 0xEDF6,
  0xEE83, 0xEF32, 0xF000, 0xF0EF,  0xF1FA, 0xF31C, 0xF460, 0xF5AD,
  0xF71B, 0xF88E, 0xFA1A, 0xFBA7,  0xFD47, 0xFEE1, 0x0088, 0x0222,
  0x03C6, 0x0554, 0x06E5, 0x085E,  0x09D0, 0x0B27, 0x0C70, 0x0D9B,
  0x0EB2, 0x0FA7, 0x1083, 0x113B,  0x11D8, 0x124B, 0x12A3, 0x12D3,
  0x12DD, 0x12CB, 0x128B, 0x122F,  0x11AE, 0x110A, 0x1048, 0x0F64,
  0x0E66, 0x0D47, 0x0C18, 0x0AC7,  0x096A, 0x07F6, 0x0676, 0x04E7,
  0x0351, 0x01B3, 0x0013, 0xFE72,  0xFCD5, 0xFB3C, 0xF9AF, 0xF82D,
  0xF6B9, 0xF556, 0xF40D, 0xF2D0,  0xF1BB, 0xF0B2, 0xEFD2, 0xEF0A,
  0xEE65, 0xEDE4, 0xED7D, 0xED48,  0xED24, 0xED37, 0xED5F, 0xEDB3,
  0xEE28, 0xEEBD, 0xEF75, 0xF04B,  0xF143, 0xF250, 0xF37F, 0xF4C0,
  0xF619, 0xF784, 0xF901, 0xFA87,  0xFC1F, 0xFDB5, 0xFF56, 0x00F8,
  0x0292, 0x0431, 0x05BC, 0x0749,  0x08BC, 0x0A27, 0x0B7A, 0x0CB8,
  0x0DE1, 0x0EE7, 0x0FDC, 0x10A8,  0x115C, 0x11EC, 0x1256, 0x12A4,
  0x12CA, 0x12CC, 0x12AD, 0x1266,  0x1201, 0x1174, 0x10CC, 0x0FFE,
  0x0F16, 0x0E0E, 0x0CED, 0x0BB2,  0x0A63, 0x08FD, 0x078A, 0x0604,
  0x0477, 0x02DC, 0x0143, 0xFF9E,  0xFE06, 0xFC65, 0xFAD7, 0xF946,
  0xF7CF, 0xF65C, 0xF507, 0xF3BB,  0xF291, 0xF178, 0xF082, 0xEFA5,
  0xEEE8, 0xEE4E, 0xEDD3, 0xED7C,  0xED47, 0xED3A, 0xED4A, 0xED85,
  0xEDDD, 0xEE5C, 0xEEFB, 0xEFBB,  0xF097, 0xF197, 0xF2AB, 0xF3DF,
  0xF525, 0xF682, 0xF7F1, 0xF971,  0xFAF7, 0xFC93, 0xFE24, 0xFFCD,
  0x0162, 0x0304, 0x0499, 0x0624,  0x07AA, 0x0918, 0x0A7E, 0x0BC8,
  0x0D01, 0x0E1E, 0x0F22, 0x1008,  0x10CF, 0x1177, 0x11FC, 0x1262,
  0x12A0, 0x12BF, 0x12B7, 0x128E,  0x123E, 0x11CF, 0x113B, 0x1089,
  0x0FB4, 0x0EC5, 0x0DB5, 0x0C8F,  0x0B51, 0x09F8, 0x0895, 0x0719,
  0x0595, 0x0402, 0x026E, 0x00CB,  0xFF36, 0xFD90, 0xFBFF, 0xFA69,
  0xF8E7, 0xF770, 0xF604, 0xF4B5,  0xF371, 0xF24D, 0xF141, 0xF04D,
  0xEF7E, 0xEEC9, 0xEE38, 0xEDC7,  0xED79, 0xED52, 0xED48, 0xED69,
  0xEDA6, 0xEE0E, 0xEE91, 0xEF3C,  0xF000, 0xF0E7, 0xF1ED, 0xF306,
  0xF441, 0xF589, 0xF6ED, 0xF85F,  0xF9DF, 0xFB6D, 0xFCFE, 0xFE9D,
  0x0037, 0x01D7, 0x036F, 0x0500,  0x068D, 0x0805, 0x0976, 0x0AD0,
  0x0C16, 0x0D45, 0x0E5E, 0x0F53,  0x1036, 0x10F2, 0x118E, 0x120F,
  0x1263, 0x129F, 0x12B0, 0x129F,  0x126D, 0x1213, 0x119C, 0x10FE,
  0x1045, 0x0F69, 0x0E70, 0x0D5E,  0x0C2E, 0x0AEE, 0x098E, 0x082C,
  0x06A5, 0x0529, 0x038E, 0x01FD,  0x005B, 0xFEC3, 0xFD25, 0xFB93,
  0xFA05, 0xF885, 0xF710, 0xF5B4,  0xF45F, 0xF32E, 0xF20B, 0xF107,
  0xF023, 0xEF53, 0xEEB0, 0xEE22,  0xEDC0, 0xED7A, 0xED5B, 0xED5E,
  0xED85, 0xEDD0, 0xEE3B, 0xEECE,  0xEF79, 0xF04C, 0xF138, 0xF241,
  0xF366, 0xF4A0, 0xF5F3, 0xF757,  0xF8CC, 0xFA50, 0xFBDA, 0xFD75,
  0xFF0B, 0x00AA, 0x0243, 0x03DA,  0x056A, 0x06EE, 0x0865, 0x09CD,
  0x0B22, 0x0C61, 0x0D89, 0x0E96,  0x0F88, 0x105F, 0x110F, 0x11A7,
  0x121A, 0x1267, 0x1299, 0x129C,  0x1287, 0x1247, 0x11E9, 0x1164,
  0x10C1, 0x0FFE, 0x0F1B, 0x0E1C,  0x0D03, 0x0BCF, 0x0A86, 0x0929,
  0x07BA, 0x063C, 0x04B4, 0x031F,  0x0189, 0xFFED, 0xFE53, 0xFCB8,
  0xFB2C, 0xF99D, 0xF828, 0xF6B5,  0xF55E, 0xF415, 0xF2E6, 0xF1CE,
  0xF0D4, 0xEFF1, 0xEF36, 0xEE92,  0xEE15, 0xEDB8, 0xED7E, 0xED67,
  0xED77, 0xEDA3, 0xEDFB, 0xEE6E,  0xEF07, 0xEFBF, 0xF096, 0xF188,
  0xF29D, 0xF3C0, 0xF508, 0xF657,  0xF7C5, 0xF938, 0xFAC2, 0xFC4A,
  0xFDE8, 0xFF79, 0x011C, 0x02AE,  0x0446, 0x05CE, 0x0751, 0x08C1,
  0x0A24, 0x0B70, 0x0CAB, 0x0DC6,  0x0ED3, 0x0FB5, 0x1085, 0x112F,
  0x11B7, 0x1226, 0x1268, 0x128C,  0x128D, 0x1267, 0x1222, 0x11B9,
  0x112C, 0x1082, 0x0FB4, 0x0ECD,  0x0DC5, 0x0CA8, 0x0B6C, 0x0A22,
  0x08BC, 0x0750, 0x05CC, 0x0442,  0x02B0, 0x0116, 0xFF7F, 0xFDE2,
  0xFC53, 0xFABD, 0xF941, 0xF7C4,  0xF660, 0xF50C, 0xF3CA, 0xF2A2,
  0xF194, 0xF09F, 0xEFCB, 0xEF13,  0xEE7C, 0xEE08, 0xEDB3, 0xED85,
  0xED78, 0xED8D, 0xEDCA, 0xEE25,  0xEEA2, 0xEF47, 0xF001, 0xF0E4,
  0xF1DD, 0xF2F4, 0xF422, 0xF56A,  0xF6C1, 0xF830, 0xF9A8, 0xFB2E,
  0xFCC0, 0xFE53, 0xFFEF, 0x0186,  0x031E, 0x04AB, 0x0637, 0x07AC,
  0x091F, 0x0A76, 0x0BBF, 0x0CEF,  0x0E08, 0x0F02, 0x0FE8, 0x10A5,
  0x114A, 0x11CB, 0x1228, 0x1268,  0x1280, 0x1275, 0x124A, 0x11F8,
  0x1187, 0x10F3, 0x103E, 0x0F6B,  0x0E7C, 0x0D6E, 0x0C49, 0x0B0C,
  0x09B8, 0x0856, 0x06DE, 0x055F,  0x03D1, 0x0240, 0x00A5, 0xFF10,
  0xFD76, 0xFBE6, 0xFA5C, 0xF8DB,  0xF769, 0xF60C, 0xF4B7, 0xF386,
  0xF25F, 0xF15B, 0xF071, 0xEFA1,  0xEEF8, 0xEE65, 0xEDFF, 0xEDB3,
  0xED8C, 0xED8B, 0xEDAA, 0xEDEE,  0xEE54, 0xEEDB, 0xEF82, 0xF04C,
  0xF130, 0xF234, 0xF34E, 0xF483,  0xF5CF, 0xF72A, 0xF89C, 0xFA16,
  0xFB9F, 0xFD30, 0xFEC5, 0x005C,  0x01F6, 0x0385, 0x0517, 0x0696,
  0x080E, 0x0974, 0x0ACB, 0x0C07,  0x0D36, 0x0E40, 0x0F3A, 0x100D,
  0x10C9, 0x1161, 0x11D8, 0x1230,  0x125F, 0x1272, 0x125C, 0x122A,
  0x11CA, 0x1156, 0x10B4, 0x0FFB,  0x0F21, 0x0E26, 0x0D17, 0x0BEA,
  0x0AA8, 0x0952, 0x07E9, 0x0672,  0x04EF, 0x0361, 0x01CE, 0x0038,
  0xFEA0, 0xFD0C, 0xFB7C, 0xF9F7,  0xF87C, 0xF711, 0xF5B3, 0xF46E,
  0xF33B, 0xF224, 0xF125, 0xF041,  0xEF80, 0xEED9, 0xEE57, 0xEDF5,
  0xEDB4, 0xED9B, 0xED9D, 0xEDCB,  0xEE13, 0xEE87, 0xEF13, 0xEFC5,
  0xF095, 0xF17F, 0xF28A, 0xF3AD,  0xF4E2, 0xF637, 0xF793, 0xF908,
  0xFA85, 0xFC10, 0xFD9E, 0xFF36,  0x00CB, 0x0261, 0x03F1, 0x057B,
  0x06F8, 0x086A, 0x09CB, 0x0B1A,  0x0C52, 0x0D75, 0x0E7A, 0x0F6A,
  0x1035, 0x10E9, 0x1173, 0x11E6,  0x122E, 0x125C, 0x125C, 0x1245,
  0x1200, 0x11A2, 0x111C, 0x1078,  0x0FB4, 0x0ED2, 0x0DD4, 0x0CBC,
  0x0B8A, 0x0A45, 0x08E8, 0x077E,  0x0606, 0x047D, 0x02F4, 0x015B,
  0xFFCC, 0xFE2F, 0xFCA6, 0xFB10,  0xF999, 0xF81A, 0xF6BA, 0xF561,
  0xF422, 0xF2F8, 0xF1E7, 0xF0F2,  0xF016, 0xEF5F, 0xEEC0, 0xEE49,
  0xEDEF, 0xEDB9, 0xEDA8, 0xEDB7,  0xEDE9, 0xEE41, 0xEEB5, 0xEF52,
  0xF007, 0xF0DF, 0xF1D3, 0xF2E0,  0xF40A, 0xF547, 0xF69B, 0xF800,
  0xF973, 0xFAF5, 0xFC7E, 0xFE0F,  0xFFA5, 0x0139, 0x02CC, 0x045A,
  0x05DD, 0x075B, 0x08C3, 0x0A20,  0x0B67, 0x0C99, 0x0DB3, 0x0EB3,
  0x0F94, 0x105E, 0x1101, 0x1188,  0x11EE, 0x122C, 0x1252, 0x1248,
  0x1227, 0x11DA, 0x1172, 0x10E3,  0x1039, 0x0F6B, 0x0E83, 0x0D7F,
  0x0C60, 0x0B2A, 0x09DE, 0x0881,  0x0711, 0x0598, 0x040F, 0x0282,
  0x00EF, 0xFF5A, 0xFDC7, 0xFC37,  0xFAB1, 0xF931, 0xF7C4, 0xF65E,
  0xF515, 0xF3D6, 0xF2BA, 0xF1AA,  0xF0C2, 0xEFEF, 0xEF3F, 0xEEAC,
  0xEE3C, 0xEDEA, 0xEDC5, 0xEDB4,  0xEDD5, 0xEE0A, 0xEE6E, 0xEEEC,
  0xEF8C, 0xF04F, 0xF12A, 0xF226,  0xF33B, 0xF467, 0xF5AB, 0xF703,
  0xF869, 0xF9E2, 0xFB63, 0xFCEC,  0xFE81, 0x0011, 0x01A8, 0x0335,
  0x04C1, 0x0641, 0x07B7, 0x091D,  0x0A72, 0x0BB2, 0x0CDF, 0x0DEC,
  0x0EE9, 0x0FC0, 0x107F, 0x111A,  0x1198, 0x11F3, 0x122B, 0x1241,
  0x1234, 0x1205, 0x11B3, 0x113E,  0x10AA, 0x0FF4, 0x0F24, 0x0E32,
  0x0D27, 0x0C04, 0x0AC7, 0x097A,  0x0816, 0x06A6, 0x052A, 0x039F,
  0x0214, 0x007F, 0xFEED, 0xFD5D,  0xFBCD, 0xFA4F, 0xF8D0, 0xF769,
  0xF60B, 0xF4C5, 0xF392, 0xF277,  0xF178, 0xF090, 0xEFCB, 0xEF22,
  0xEE98, 0xEE34, 0xEDEC, 0xEDCB,  0xEDCB, 0xEDEE, 0xEE34, 0xEE99,
  0xEF25, 0xEFCC, 0xF094, 0xF17A,  0xF27A, 0xF394, 0xF4CA, 0xF60D,
  0xF76C, 0xF8D3, 0xFA50, 0xFBD1,  0xFD5E, 0xFEEC, 0x0082, 0x0210,
  0x03A1, 0x0526, 0x06A2, 0x0814,  0x0973, 0x0AC1, 0x0BFD, 0x0D20,
  0x0E27, 0x0F1A, 0x0FE8, 0x109F,  0x1131, 0x11A4, 0x11F7, 0x1223,
  0x1234, 0x1218, 0x11E4, 0x1186,  0x110B, 0x106E, 0x0FB0, 0x0ED7,
  0x0DE0, 0x0CCF, 0x0BA6, 0x0A65,  0x0913, 0x07AB, 0x063D, 0x04B7,
  0x0334, 0x01A3, 0x0012, 0xFE81,  0xFCF2, 0xFB68, 0xF9E9, 0xF876,
  0xF70C, 0xF5BD, 0xF477, 0xF34E,  0xF23B, 0xF141, 0xF067, 0xEFA7,
  0xEF08, 0xEE89, 0xEE2C, 0xEDEF,  0xEDD9, 0xEDDD, 0xEE12, 0xEE57,
  0xEECF, 0xEF5C, 0xF00D, 0xF0DF,  0xF1C7, 0xF2D2, 0xF3F0, 0xF52A,
  0xF672, 0xF7D6, 0xF93C, 0xFAC0,  0xFC3D, 0xFDCD, 0xFF5C, 0x00EE,
  0x027B, 0x040A, 0x0586, 0x0707,  0x086B, 0x09C9, 0x0B10, 0x0C42,
  0x0D60, 0x0E60, 0x0F46, 0x1011,  0x10B9, 0x1147, 0x11AD, 0x11F8,
  0x121A, 0x1221, 0x11FD, 0x11C0,  0x1156, 0x10D6, 0x102F, 0x0F6A,
  0x0E8C, 0x0D89, 0x0C77, 0x0B47,  0x0A00, 0x08AE, 0x073F, 0x05D1,
  0x0449, 0x02C6, 0x0133, 0xFFA6,  0xFE16, 0xFC86, 0xFB07, 0xF985,
  0xF81A, 0xF6B7, 0xF56B, 0xF42D,  0xF30E, 0xF1FE, 0xF112, 0xF03C,
  0xEF87, 0xEEF2, 0xEE7A, 0xEE2A,  0xEDF2, 0xEDEA, 0xEDF6, 0xEE31,
  0xEE85, 0xEEFF, 0xEF9A, 0xF04E,  0xF12C, 0xF216, 0xF32B, 0xF44D,
  0xF589, 0xF6DD, 0xF838, 0xF9B1,  0xFB24, 0xFCB2, 0xFE38, 0xFFCB,
  0x0159, 0x02E7, 0x046D, 0x05ED,  0x0761, 0x08C5, 0x0A1B, 0x0B5C,
  0x0C89, 0x0D99, 0x0E98, 0x0F70,  0x1036, 0x10D3, 0x1158, 0x11B3,
  0x11F8, 0x120E, 0x120A, 0x11E2,  0x1194, 0x112C, 0x1098, 0x0FF2,
  0x0F20, 0x0E3D, 0x0D35, 0x0C1C,  0x0AE5, 0x099F, 0x0843, 0x06D7,
  0x0562, 0x03DC, 0x0258, 0x00C5,  0xFF3A, 0xFDA9, 0xFC22, 0xFAA0,
  0xF928, 0xF7BD, 0xF665, 0xF518,  0xF3EC, 0xF2C7, 0xF1CE, 0xF0DC,
  0xF019, 0xEF68, 0xEEDE, 0xEE6F,  0xEE28, 0xEDFC, 0xEDF9, 0xEE14,
  0xEE52, 0xEEB4, 0xEF33, 0xEFD8,  0xF094, 0xF177, 0xF26A, 0xF384,
  0xF4A9, 0xF5F0, 0xF73E, 0xF8A8,  0xFA16, 0xFB97, 0xFD1D, 0xFEA7,
  0x0038, 0x01C4, 0x034F, 0x04D2,  0x064F, 0x07BC, 0x091D, 0x0A6D,
  0x0BA3, 0x0CCC, 0x0DD5, 0x0EC8,  0x0F9D, 0x1054, 0x10EC, 0x1165,
  0x11B9, 0x11F2, 0x1200, 0x11F3,  0x11C1, 0x116A, 0x10F9, 0x1061,
  0x0FAB, 0x0EDB, 0x0DE9, 0x0CE1,  0x0BBF, 0x0A85, 0x0938, 0x07DC,
  0x066C, 0x04F5, 0x0370, 0x01E7,  0x005B, 0xFECB, 0xFD43, 0xFBBA,
  0xFA3E, 0xF8CA, 0xF765, 0xF610,  0xF4D0, 0xF3A2, 0xF28F, 0xF194,
  0xF0B1, 0xEFF6, 0xEF4C, 0xEECD,  0xEE67, 0xEE27, 0xEE0A, 0xEE0B,
  0xEE32, 0xEE79, 0xEEE2, 0xEF6C,  0xF015, 0xF0DE, 0xF1C0, 0xF2C6,
  0xF3D5, 0xF510, 0xF64D, 0xF7AA,  0xF90E, 0xFA85, 0xFC03, 0xFD8A,
  0xFF16, 0x00A2, 0x022F, 0x03B6,  0x0537, 0x06AD, 0x0817, 0x0972,
  0x0AB9, 0x0BEE, 0x0D0A, 0x0E0E,  0x0EF8, 0x0FC4, 0x1071, 0x1103,
  0x116F, 0x11BD, 0x11E9, 0x11F0,  0x11DA, 0x119C, 0x1140, 0x10C3,
  0x1024, 0x0F69, 0x0E8E, 0x0D98,  0x0C88, 0x0B63, 0x0A21, 0x08D6,
  0x076F, 0x0605, 0x0484, 0x0306,  0x0178, 0xFFEE, 0xFE63, 0xFCD7,
  0xFB58, 0xF9DB, 0xF86E, 0xF70F,  0xF5C0, 0xF485, 0xF360, 0xF253,
  0xF161, 0xF08A, 0xEFD1, 0xEF35,  0xEEBE, 0xEE62, 0xEE2C, 0xEE15,
  0xEE24, 0xEE50, 0xEEA2, 0xEF14,  0xEFA5, 0xF057, 0xF127, 0xF20F,
  0xF319, 0xF436, 0xF569, 0xF6B8,  0xF80C, 0xF97C, 0xFAEF, 0xFC71,
  0xFDF8, 0xFF80, 0x0111, 0x0295,  0x041E, 0x0599, 0x0709, 0x0874,
  0x09C0, 0x0B0A, 0x0C2E, 0x0D4C,  0x0E41, 0x0F27, 0x0FE8, 0x108D,
  0x1115, 0x1176, 0x11BF, 0x11DE,  0x11DD, 0x11BE, 0x1175, 0x1114,
  0x108B, 0x0FE7, 0x0F20, 0x0E44,  0x0D43, 0x0C31, 0x0B02, 0x09C1,
  0x086D, 0x070A, 0x0594, 0x041D,  0x0294, 0x010F, 0xFF81, 0xFDF9,
  0xFC70, 0xFAF4, 0xF97C, 0xF814,  0xF6B9, 0xF573, 0xF43B, 0xF322,
  0xF219, 0xF131, 0xF063, 0xEFB0,  0xEF24, 0xEEAB, 0xEE65, 0xEE2E,
  0xEE29, 0xEE39, 0xEE75, 0xEECC,  0xEF47, 0xEFE2, 0xF099, 0xF172,
  0xF25F, 0xF372, 0xF48F, 0xF5CF,  0xF718, 0xF877, 0xF9E6, 0xFB59,
  0xFCE2, 0xFE5F, 0xFFF4, 0x0173,  0x0303, 0x047F, 0x05FC, 0x0766,
  0x08C7, 0x0A15, 0x0B4F, 0x0C78,  0x0D80, 0x0E7B, 0x0F4C, 0x100E,
  0x10A3, 0x1126, 0x117E, 0x11B9,  0x11D3, 0x11C8, 0x119B, 0x1154,
  0x10DD, 0x1058, 0x0FA1, 0x0EDF,  0x0DEE, 0x0CF5, 0x0BD1, 0x0AA7,
  0x095B, 0x0809, 0x069C, 0x052D,  0x03AE, 0x0228, 0x00A3, 0xFF15,
  0xFD90, 0xFC0D, 0xFA8E, 0xF922,  0xF7B9, 0xF668, 0xF524, 0xF3F8,
  0xF2E2, 0xF1E5, 0xF102, 0xF03D,  0xEF96, 0xEF0E, 0xEEA6, 0xEE60,
  0xEE3A, 0xEE3A, 0xEE55, 0xEE9B,  0xEEF6, 0xEF81, 0xF01B, 0xF0E1,
  0xF1BD, 0xF2B2, 0xF3CA, 0xF4EE,  0xF62D, 0xF781, 0xF8DD, 0xFA52,
  0xFBC6, 0xFD4C, 0xFECD, 0x005E,  0x01DD, 0x036A, 0x04E3, 0x0659,
  0x07C3, 0x0919, 0x0A67, 0x0B95,  0x0CBA, 0x0DB7, 0x0EAE, 0x0F72,
  0x102F, 0x10B8, 0x1135, 0x117D,  0x11BB, 0x11BB, 0x11B8, 0x1172,
  0x113A, 0x126F, 0x1239, 0x1199,  0x110B, 0x1027, 0x0F4F, 0x0E2A,
  0x0D08, 0x0BA7, 0x0A42, 0x08A9,  0x070E, 0x0543, 0x037B, 0x018D,
  0xFFA5, 0xFDA2, 0xFBA7, 0xF9A0,  0xF7A6, 0xF5A8, 0xF3C0, 0xF1E1,
  0xF01A, 0xEE6F, 0xECD8, 0xEB6F,  0xEA20, 0xE906, 0xE80D, 0xE74F,
  0xE6B9, 0xE663, 0xE63A, 0xE650,  0xE69C, 0xE724, 0xE7E1, 0xE8DD,
  0xEA0B, 0xEB74, 0xED0C, 0xEED5,  0xF0D0, 0xF2EE, 0xF535, 0xF79B,
  0xFA1C, 0xFCB3, 0xFF5A, 0x0208,  0x04BE, 0x076D, 0x0A15, 0x0CAC,
  0x0F2B, 0x1193, 0x13D0, 0x15EF,  0x17D5, 0x198E, 0x1B11, 0x1C4E,
  0x1D58, 0x1E17, 0x1E93, 0x1EC4,  0x1EB1, 0x1E53, 0x1DAC, 0x1CBE,
  0x1B86, 0x1A13, 0x1852, 0x165F,  0x142F, 0x11C9, 0x0F3B, 0x0C7D,
  0x09A2, 0x06AB, 0x03A0, 0x0087,  0xFD6D, 0xFA53, 0xF743, 0xF44A,
  0xF163, 0xEEA6, 0xEC0B, 0xE9A4,  0xE76B, 0xE575, 0xE3BC, 0xE247,
  0xE11B, 0xE03C, 0xDFAC, 0xDF6A,  0xDF79, 0xDFDD, 0xE08C, 0xE18F,
  0xE2D7, 0xE471, 0xE649, 0xE865,  0xEABD, 0xED46, 0xF007, 0xF2E0,
  0xF5EE, 0xF8FE, 0xFC36, 0xFF61,  0x029E, 0x05C1, 0x08E6, 0x0BE2,
  0x0ECA, 0x117F, 0x140F, 0x1662,  0x187E, 0x1A50, 0x1BE8, 0x1D2D,
  0x1E29, 0x1ECE, 0x1F2D, 0x1F30,  0x1EE5, 0x1E45, 0x1D5D, 0x1C21,
  0x1A9F, 0x18D7, 0x16D1, 0x148E,  0x121C, 0x0F75, 0x0CAF, 0x09CA,
  0x06CC, 0x03C5, 0x00B2, 0xFDAA,  0xFAA9, 0xF7BB, 0xF4ED, 0xF23D,
  0xEFC2, 0xED6A, 0xEB58, 0xE97B,  0xE7E7, 0xE693, 0xE58D, 0xE4D8,
  0xE46B, 0xE44E, 0xE485, 0xE508,  0xE5D9, 0xE6F0, 0xE851, 0xE9F8,
  0xEBD2, 0xEDEE, 0xF035, 0xF2A8,  0xF540, 0xF7EE, 0xFAB5, 0xFD84,
  0x0053, 0x0326, 0x05D8, 0x088A,  0x0B0B, 0x0D74, 0x0FA5, 0x11A7,
  0x1376, 0x14F8, 0x1644, 0x173D,  0x17FA, 0x185D, 0x1879, 0x1846,
  0x17CA, 0x16FB, 0x15E6, 0x148F,  0x12F1, 0x111D, 0x0F06, 0x0CD0,
  0x0A5E, 0x07D8, 0x0531, 0x0277,  0xFFBB, 0xFCF4, 0xFA44, 0xF7B2,
  0xF544, 0xF305, 0xF0E8, 0xEF0B,  0xED62, 0xEC01, 0xEADB, 0xE9FD,
  0xE96E, 0xE928, 0xE929, 0xE978,  0xEA11, 0xEAF6, 0xEC16, 0xED7F,
  0xEF25, 0xF0FF, 0xF30B, 0xF544,  0xF79F, 0xFA1C, 0xFCA4, 0xFF45,
  0x01E0, 0x0480, 0x070E, 0x098B,  0x0BEC, 0x0E29, 0x103D, 0x121F,
  0x13C4, 0x1537, 0x1662, 0x1743,  0x17E2, 0x1832, 0x1839, 0x17E9,
  0x1756, 0x166F, 0x1547, 0x13CB,  0x1216, 0x1021, 0x0DF0, 0x0B89,
  0x08FF, 0x0644, 0x037C, 0x0088,  0xFDA0, 0xFAA0, 0xF7B5, 0xF4CB,
  0xF201, 0xEF50, 0xECCB, 0xEA74,  0xE853, 0xE66F, 0xE4D3, 0xE382,
  0xE273, 0xE1CA, 0xE164, 0xE165,  0xE1B0, 0xE261, 0xE364, 0xE4BE,
  0xE669, 0xE868, 0xEAB2, 0xED41,  0xF008, 0xF314, 0xF649, 0xF9A5,
  0xFD21, 0x00B5, 0x0451, 0x07F4,  0x0B87, 0x0F12, 0x1274, 0x15C1,
  0x18CB, 0x1BAD, 0x1E44, 0x2097,  0x229B, 0x2440, 0x2592, 0x2683,
  0x2707, 0x2730, 0x26E2, 0x2640,  0x251F, 0x23A2, 0x21C7, 0x1F81,
  0x1CE9, 0x19F4, 0x16B9, 0x1336,  0x0F71, 0x0B7C, 0x075C, 0x031F,
  0xFEC6, 0xFA6B, 0xF60D, 0xF1C1,  0xED87, 0xE97A, 0xE591, 0xE1ED,
  0xDE86, 0xDB6E, 0xD8AC, 0xD647,  0xD44C, 0xD2B6, 0xD190, 0xD0E8,
  0xD0AA, 0xD0EE, 0xD1A2, 0xD2DA,  0xD47F, 0xD696, 0xD91F, 0xDC11,
  0xDF63, 0xE30D, 0xE708, 0xEB52,  0xEFD0, 0xF483, 0xF95E, 0xFE52,
  0x0356, 0x0856, 0x0D50, 0x122C,  0x16EA, 0x1B70, 0x1FBE, 0x23BF,
  0x2771, 0x2AC9, 0x2DB0, 0x3034,  0x3241, 0x33D2, 0x34E3, 0x3571,
  0x3580, 0x3505, 0x3403, 0x3283,  0x3083, 0x2E05, 0x2B11, 0x27AE,
  0x23ED, 0x1FC2, 0x1B48, 0x168A,  0x1189, 0x0C59, 0x0706, 0x019C,
  0xFC29, 0xF6BB, 0xF15B, 0xEC20,  0xE710, 0xE236, 0xDDAC, 0xD962,
  0xD587, 0xD205, 0xCEFC, 0xCC5E,  0xCA4A, 0xC8B5, 0xC7A4, 0xC720,
  0xC729, 0xC7C0, 0xC8DC, 0xCA84,  0xCCAF, 0xCF61, 0xD27C, 0xD616,
  0xDA13, 0xDE6E, 0xE31F, 0xE810,  0xED4D, 0xF2A4, 0xF831, 0xFDC0,
  0x0360, 0x08F5, 0x0E71, 0x13CF,  0x18F4, 0x1DE4, 0x2283, 0x26D1,
  0x2ABA, 0x2E3D, 0x3151, 0x33DF,  0x35F7, 0x3788, 0x388E, 0x390A,
  0x38F1, 0x385D, 0x3731, 0x3580,  0x3350, 0x309D, 0x2D7F, 0x29E3,
  0x25EE, 0x219D, 0x1CF4, 0x1814,  0x12EE, 0x0DA8, 0x0841, 0x02C7,
  0xFD52, 0xF7DF, 0xF28D, 0xED60,  0xE860, 0xE3A6, 0xDF33, 0xDB19,
  0xD75B, 0xD405, 0xD127, 0xCEB7,  0xCCCA, 0xCB57, 0xCA74, 0xCA0C,
  0xCA2D, 0xCAD6, 0xCC00, 0xCDA9,  0xCFCC, 0xD265, 0xD56C, 0xD8D9,
  0xDC97, 0xE0BD, 0xE512, 0xE9B8,  0xEE7C, 0xF371, 0xF874, 0xFD86,
  0x0294, 0x0790, 0x0C72, 0x112D,  0x15B1, 0x19F6, 0x1DF3, 0x219F,
  0x24EC, 0x27D0, 0x2A58, 0x2C62,  0x2E05, 0x2F1F, 0x2FD1, 0x3002,
  0x2FB7, 0x2EF4, 0x2DC2, 0x2C1B,  0x2A03, 0x2792, 0x24B3, 0x218F,
  0x1E0E, 0x1A52, 0x165C, 0x1234,  0x0DEE, 0x0989, 0x051D, 0x00AD,
  0xFC4C, 0xF7FC, 0xF3CE, 0xEFCE,  0xEC03, 0xE876, 0xE52D, 0xE23C,
  0xDF9C, 0xDD57, 0xDB76, 0xD9F9,  0xD8E9, 0xD839, 0xD7FB, 0xD826,
  0xD8BC, 0xD9AD, 0xDB0C, 0xDCC3,  0xDED0, 0xE133, 0xE3D8, 0xE6CA,
  0xE9E9, 0xED41, 0xF0BA, 0xF452,  0xF7FC, 0xFBB0, 0xFF5D, 0x0302,
  0x0691, 0x0A00, 0x0D48, 0x1058,  0x133D, 0x15D3, 0x1830, 0x1A31,
  0x1BF4, 0x1D55, 0x1E5E, 0x1F17,  0x1F6E, 0x1F70, 0x1F11, 0x1E64,
  0x1D5E, 0x1C0D, 0x1A66, 0x1886,  0x1661, 0x1400, 0x1177, 0x0EBA,
  0x0BE7, 0x08F5, 0x05F7, 0x02F1,  0xFFEF, 0xFCFA, 0xFA16, 0xF751,
  0xF4AC, 0xF23D, 0xEFF5, 0xEDEB,  0xEC20, 0xEA99, 0xE95A, 0xE85C,
  0xE7B8, 0xE75A, 0xE74D, 0xE788,  0xE819, 0xE8EF, 0xEA09, 0xEB6A,
  0xED09, 0xEEE0, 0xF0EC, 0xF31D,  0xF57E, 0xF7F3, 0xFA84, 0xFD1C,
  0xFFC2, 0x025C, 0x04F3, 0x0772,  0x09D6, 0x0C19, 0x0E36, 0x101C,
  0x11CF, 0x134B, 0x1480, 0x157A,  0x1620, 0x168B, 0x16A8, 0x1673,
  0x15FB, 0x1539, 0x1431, 0x12E1,  0x1153, 0x0F8E, 0x0D8F, 0x0B60,
  0x0908, 0x0690, 0x03FC, 0x0153,  0xFEA5, 0xFBEC, 0xF944, 0xF69F,
  0xF41B, 0xF1AC, 0xEF6B, 0xED56,  0xEB70, 0xE9CA, 0xE865, 0xE740,
  0xE66B, 0xE5D9, 0xE5A1, 0xE5B3,  0xE613, 0xE6CB, 0xE7D1, 0xE923,
  0xEABC, 0xEC9F, 0xEEC6, 0xF125,  0xF3B9, 0xF67F, 0xF96C, 0xFC73,
  0xFF98, 0x02C1, 0x05FD, 0x0923,  0x0C4A, 0x0F50, 0x123A, 0x14FD,
  0x178B, 0x19E1, 0x1BF6, 0x1DC7,  0x1F46, 0x2076, 0x214B, 0x21CE,
  0x21ED, 0x21AC, 0x2112, 0x201B,  0x1EBF, 0x1D12, 0x1B04, 0x18B5,
  0x1606, 0x131E, 0x0FF2, 0x0C93,  0x0902, 0x054B, 0x017E, 0xFD9B,
  0xF9B2, 0xF5CE, 0xF1F5, 0xEE39,  0xEA9B, 0xE72E, 0xE3F8, 0xE0FB,
  0xDE54, 0xDBF0, 0xD9E9, 0xD844,  0xD6FE, 0xD621, 0xD5AE, 0xD5AC,
  0xD617, 0xD6F1, 0xD833, 0xD9EB,  0xDC06, 0xDE7F, 0xE15D, 0xE490,
  0xE814, 0xEBDA, 0xEFE3, 0xF41F,  0xF886, 0xFD06, 0x019F, 0x063A,
  0x0AD8, 0x0F59, 0x13CD, 0x1809,  0x1C1E, 0x1FEE, 0x2379, 0x26AA,
  0x298C, 0x2C00, 0x2E10, 0x2FA8,  0x30D5, 0x3183, 0x31B2, 0x316A,
  0x30A1, 0x2F5E, 0x2DA1, 0x2B67,  0x28CD, 0x25B4, 0x2242, 0x1E6F,
  0x1A51, 0x15E1, 0x1139, 0x0C58,  0x075D, 0x0237, 0xFD14, 0xF7E4,
  0xF2C8, 0xEDC7, 0xE8E4, 0xE43E,  0xDFD0, 0xDBB1, 0xD7E6, 0xD476,
  0xD173, 0xCEE1, 0xCCC4, 0xCB20,  0xCA04, 0xC96A, 0xC95B, 0xC9C6,
  0xCACA, 0xCC46, 0xCE4D, 0xD0C3,  0xD3BF, 0xD724, 0xDAF1, 0xDF1B,
  0xE39E, 0xE865, 0xED70, 0xF2A5,  0xF803, 0xFD78, 0x02F2, 0x086D,
  0x0DD3, 0x1319, 0x1835, 0x1D16,  0x21AE, 0x25FB, 0x29E7, 0x2D70,
  0x3085, 0x3329, 0x3551, 0x36ED,  0x3808, 0x389A, 0x38A0, 0x3819,
  0x3707, 0x3570, 0x3358, 0x30B9,  0x2DAA, 0x2A28, 0x2640, 0x21F7,
  0x1D60, 0x187B, 0x1365, 0x0E11,  0x08AF, 0x0328, 0xFDA7, 0xF826,
  0xF2BF, 0xED7A, 0xE861, 0xE38E,  0xDEF8, 0xDABB, 0xD6E1, 0xD366,
  0xD062, 0xCDCB, 0xCBC1, 0xCA2D,  0xC923, 0xC89F, 0xC8A8, 0xC937,
  0xCA4B, 0xCBE4, 0xCDFF, 0xD091,  0xD393, 0xD704, 0xDAD7, 0xDEFF,
  0xE375, 0xE82E, 0xED1A, 0xF233,  0xF765, 0xFCA8, 0x01EA, 0x0724,
  0x0C43, 0x113F, 0x1605, 0x1A95,  0x1ED8, 0x22C4, 0x265E, 0x298B,
  0x2C50, 0x2EA1, 0x3075, 0x31DD,  0x32B3, 0x3316, 0x32F2, 0x3257,
  0x3137, 0x2FA2, 0x2D95, 0x2B26,  0x283C, 0x2504, 0x216D, 0x1D8A,
  0x1969, 0x1508, 0x1087, 0x0BDA,  0x0722, 0x025F, 0xFD9C, 0xF8F5,
  0xF45E, 0xEFF9, 0xEBBE, 0xE7C5,  0xE417, 0xE0B0, 0xDDA7, 0xDAF9,
  0xD8B8, 0xD6D5, 0xD567, 0xD46B,  0xD3DE, 0xD3C6, 0xD417, 0xD4E9,
  0xD613, 0xD7B9, 0xD9AE, 0xDC17,  0xDEC1, 0xE1C7, 0xE50A, 0xE88E,
  0xEC44, 0xF01F, 0xF41A, 0xF827,  0xFC3C, 0x004D, 0x0452, 0x083A,
  0x0C06, 0x0FA4, 0x1308, 0x1631,  0x1918, 0x1BAF, 0x1DF3, 0x1FDD,
  0x2172, 0x22A5, 0x2370, 0x23E3,  0x23EC, 0x239D, 0x22E0, 0x21D4,
  0x206C, 0x1EB0, 0x1CA4, 0x1A55,  0x17C5, 0x14FE, 0x1206, 0x0EE9,
  0x0BAA, 0x0861, 0x0501, 0x01AB,  0xFE53, 0xFB16, 0xF7F0, 0xF4E9,
  0xF215, 0xEF6C, 0xED09, 0xEAD3,  0xE8F6, 0xE756, 0xE60D, 0xE50B,
  0xE462, 0xE410, 0xE408, 0xE45A,  0xE4F9, 0xE5EC, 0xE721, 0xE8A2,
  0xEA63, 0xEC5F, 0xEE8F, 0xF0E9,  0xF371, 0xF610, 0xF8C7, 0xFB8E,
  0xFE54, 0x011D, 0x03D6, 0x067D,  0x0906, 0x0B6C, 0x0DAB, 0x0FB3,
  0x1187, 0x131D, 0x1478, 0x1587,  0x164F, 0x16D4, 0x1708, 0x16F6,
  0x1690, 0x15ED, 0x14FD, 0x13CA,  0x1255, 0x10AD, 0x0EC7, 0x0CB6,
  0x0A7B, 0x081F, 0x05A8, 0x031D,  0x008A, 0xFDF3, 0xFB60, 0xF8E1,
  0xF66D, 0xF421, 0xF1F3, 0xEFF2,  0xEE29, 0xEC88, 0xEB39, 0xEA1C,
  0xE94A, 0xE8BF, 0xE87E, 0xE890,  0xE8DE, 0xE986, 0xEA71, 0xEBA7,
  0xED1A, 0xEED6, 0xF0CA, 0xF2F3,  0xF54E, 0xF7CB, 0xFA78, 0xFD32,
  0x0002, 0x02DD, 0x05B8, 0x088C,  0x0B4E, 0x0DFB, 0x1081, 0x12E5,
  0x1517, 0x170C, 0x18C8, 0x1A43,  0x1B70, 0x1C52, 0x1CE0, 0x1D22,
  0x1D0A, 0x1C9B, 0x1BD9, 0x1AC6,  0x195C, 0x17A1, 0x15A1, 0x135A,
  0x10CE, 0x0E0A, 0x0B15, 0x07F2,  0x04B3, 0x014B, 0xFDE7, 0xFA68,
  0xF6FB, 0xF38E, 0xF040, 0xED0B,  0xEA03, 0xE729, 0xE48B, 0xE22D,
  0xE01C, 0xDE59, 0xDCE7, 0xDBD8,  0xDB22, 0xDAD0, 0xDADD, 0xDB54,
  0xDC31, 0xDD69, 0xDF09, 0xE104,  0xE35B, 0xE605, 0xE8F7, 0xEC3C,
  0xEFB7, 0xF36A, 0xF74A, 0xFB4F,  0xFF6C, 0x0394, 0x07C4, 0x0BE6,
  0x0FFF, 0x13EE, 0x17BE, 0x1B55,  0x1EB1, 0x21CA, 0x248D, 0x26FE,
  0x290D, 0x2ABC, 0x2BFD, 0x2CCE,  0x2D34, 0x2D25, 0x2C9A, 0x2BA4,
  0x2A39, 0x2860, 0x2616, 0x2367,  0x205E, 0x1CF4, 0x193C, 0x1536,
  0x10FD, 0x0C82, 0x07E9, 0x0328,  0xFE60, 0xF98C, 0xF4BD, 0xF009,
  0xEB68, 0xE700, 0xE2C5, 0xDED0,  0xDB26, 0xD7D3, 0xD4E1, 0xD252,
  0xD032, 0xCE8E, 0xCD5A, 0xCCA8,  0xCC72, 0xCCC3, 0xCD90, 0xCED9,
  0xD0A9, 0xD2E6, 0xD5A5, 0xD8BD,  0xDC4F, 0xE036, 0xE46F, 0xE8F6,
  0xEDB7, 0xF2B5, 0xF7CC, 0xFD0B,  0x0249, 0x0794, 0x0CCA, 0x11E6,
  0x16DF, 0x1B9B, 0x2023, 0x2455,  0x2838, 0x2BB1, 0x2ED0, 0x316C,
  0x339C, 0x3548, 0x3675, 0x371B,  0x3734, 0x36CD, 0x35DB, 0x3461,
  0x3267, 0x2FEF, 0x2D04, 0x29A1,  0x25D8, 0x21B6, 0x1D39, 0x1874,
  0x1373, 0x0E3F, 0x08E8, 0x0379,  0xFE01, 0xF88B, 0xF32A, 0xEDE7,
  0xE8CF, 0xE3F1, 0xDF55, 0xDB12,  0xD71F, 0xD399, 0xD07C, 0xCDDB,
  0xCBAE, 0xCA03, 0xC8E5, 0xC848,  0xC837, 0xC8AB, 0xC9AF, 0xCB35,
  0xCD39, 0xCFBB, 0xD2B9, 0xD61C,  0xD9EB, 0xDE11, 0xE28E, 0xE74D,
  0xEC46, 0xF16F, 0xF6B6, 0xFC14,  0x0172, 0x06D0, 0x0C0F, 0x1138,
  0x162A, 0x1AE2, 0x1F57, 0x2376,  0x2740, 0x2A9E, 0x2D90, 0x3018,
  0x321B, 0x33A4, 0x34AB, 0x3531,  0x3532, 0x34AB, 0x33A3, 0x3225,
  0x3020, 0x2DB0, 0x2ACA, 0x2787,  0x23DD, 0x1FE4, 0x1BA1, 0x1720,
  0x126A, 0x0D92, 0x0899, 0x0398,  0xFE97, 0xF99A, 0xF4C1, 0xF001,
  0xEB7A, 0xE72C, 0xE31D, 0xDF69,  0xDC06, 0xD90A, 0xD66B, 0xD442,
  0xD28E, 0xD145, 0xD07D, 0xD029,  0xD055, 0xD0F0, 0xD205, 0xD38E,
  0xD581, 0xD7DB, 0xDA94, 0xDDAB,  0xE10B, 0xE4B8, 0xE899, 0xECB6,
  0xF0F2, 0xF54E, 0xF9B9, 0xFE26,  0x0290, 0x06E8, 0x0B20, 0x0F2E,
  0x1311, 0x16B0, 0x1A13, 0x1D1E,  0x1FE0, 0x2243, 0x2444, 0x25E4,
  0x271A, 0x27ED, 0x284D, 0x2845,  0x27DA, 0x2700, 0x25C6, 0x242B,
  0x223A, 0x1FF1, 0x1D5A, 0x1A84,  0x176B, 0x1423, 0x10AC, 0x0D19,
  0x096B, 0x05B4, 0x01F9, 0xFE47,  0xFAA5, 0xF721, 0xF3C0, 0xF08C,
  0xED8F, 0xEACF, 0xE856, 0xE61F,  0xE43D, 0xE2B2, 0xE179, 0xE096,
  0xE014, 0xDFEB, 0xE01E, 0xE0A2,  0xE186, 0xE2B4, 0xE43B, 0xE5FB,
  0xE80F, 0xEA54, 0xECD3, 0xEF7E,  0xF24E, 0xF53C, 0xF840, 0xFB49,
  0xFE5B, 0x015D, 0x045D, 0x073A,  0x09FA, 0x0C93, 0x0EFC, 0x1134,
  0x1325, 0x14E3, 0x1653, 0x177E,  0x185A, 0x18E8, 0x1934, 0x191F,
  0x18C8, 0x1822, 0x1736, 0x1600,  0x1489, 0x12D8, 0x10F0, 0x0ED5,
  0x0C91, 0x0A2B, 0x07AB, 0x0515,  0x0277, 0xFFD4, 0xFD38, 0xFAA8,
  0xF831, 0xF5CD, 0xF39C, 0xF188,  0xEFB3, 0xEE04, 0xECA1, 0xEB77,
  0xEA93, 0xE9EF, 0xE99F, 0xE991,  0xE9CC, 0xEA53, 0xEB20, 0xEC36,
  0xED86, 0xEF17, 0xF0E5, 0xF2E2,  0xF50D, 0xF75E, 0xF9D2, 0xFC5A,
  0xFEF4, 0x0197, 0x043A, 0x06D2,  0x095E, 0x0BCF, 0x0E20, 0x104C,
  0x1249, 0x140D, 0x159C, 0x16E8,  0x17F3, 0x18B1, 0x1924, 0x1952,
  0x1929, 0x18B3, 0x17F1, 0x16E3,  0x158C, 0x13E8, 0x1205, 0x0FEB,
  0x0D8D, 0x0B05, 0x0851, 0x0579,  0x028A, 0xFF7E, 0xFC74, 0xF960,
  0xF65A, 0xF361, 0xF081, 0xEDC6,  0xEB32, 0xE8D5, 0xE6AC, 0xE4C8,
  0xE32A, 0xE1DA, 0xE0D5, 0xE029,  0xDFD9, 0xDFDD, 0xE03A, 0xE0F8,
  0xE20D, 0xE37C, 0xE53B, 0xE74E,  0xE9B2, 0xEC55, 0xEF3C, 0xF25A,
  0xF5AD, 0xF922, 0xFCBD, 0x0067,  0x0424, 0x07DA, 0x0B91, 0x0F30,
  0x12B3, 0x1612, 0x193D, 0x1C33,  0x1EE2, 0x214F, 0x2365, 0x2523,
  0x2688, 0x278A, 0x2824, 0x2856,  0x281F, 0x2783, 0x2672, 0x2502,
  0x2325, 0x20F5, 0x1E52, 0x1B6E,  0x182B, 0x14AD, 0x10E3, 0x0CE9,
  0x08C4, 0x047D, 0x001B, 0xFBB1,  0xF747, 0xF2E4, 0xEEA0, 0xEA75,
  0xE67D, 0xE2BC, 0xDF3B, 0xDC07,  0xD928, 0xD6A3, 0xD48C, 0xD2CF,
  0xD18C, 0xD0BB, 0xD061, 0xD07D,  0xD10F, 0xD223, 0xD3A4, 0xD59B,
  0xD802, 0xDAD1, 0xDE09, 0xE191,  0xE577, 0xE9A1, 0xEE11, 0xF2A9,
  0xF77A, 0xFC5C, 0x0157, 0x0651,  0x0B47, 0x1025, 0x14E5, 0x1977,
  0x1DCD, 0x21E3, 0x25A5, 0x2917,  0x2C18, 0x2EBF, 0x30E9, 0x32A5,
  0x33DB, 0x3499, 0x34D3, 0x348B,  0x33B8, 0x326F, 0x30A0, 0x2E5D,
  0x2B98, 0x2873, 0x24DE, 0x20EC,  0x1CA5, 0x1815, 0x1344, 0x0E41,
  0x0912, 0x03D3, 0xFE7B, 0xF92D,  0xF3E5, 0xEEBE, 0xE9B9, 0xE4ED,
  0xE05F, 0xDC1C, 0xD832, 0xD4AA,  0xD186, 0xCED6, 0xCCA0, 0xCAE9,
  0xC9B3, 0xC8FD, 0xC8D9, 0xC937,  0xCA1D, 0xCB85, 0xCD75, 0xCFE0,
  0xD2BC, 0xD60F, 0xD9C5, 0xDDDD,  0xE245, 0xE6F7, 0xEBE9, 0xF10A,
  0xF64F, 0xFBAA, 0x0112, 0x0672,  0x0BC5, 0x10F6, 0x15FC, 0x1ACC,
  0x1F59, 0x2394, 0x2774, 0x2AF7,  0x2E0C, 0x30AC, 0x32CF, 0x3480,
  0x35A0, 0x3648, 0x365B, 0x35F8,  0x3505, 0x3391, 0x31A4, 0x2F37,
  0x2C62, 0x2911, 0x256E, 0x2168,  0x1D18, 0x187F, 0x13B4, 0x0EB6,
  0x09A2, 0x0472, 0xFF43, 0xFA1A,  0xF502, 0xF014, 0xEB48, 0xE6BC,
  0xE278, 0xDE7A, 0xDADC, 0xD797,  0xD4C5, 0xD25D, 0xD068, 0xCEEE,
  0xCDF7, 0xCD71, 0xCD76, 0xCDEF,  0xCEF0, 0xD05E, 0xD246, 0xD49D,
  0xD75E, 0xDA7C, 0xDDF3, 0xE1BC,  0xE5C7, 0xEA0E, 0xEE81, 0xF31C,
  0xF7C9, 0xFC86, 0x013E, 0x05EC,  0x0A80, 0x0EF0, 0x1334, 0x1735,
  0x1AFC, 0x1E74, 0x2193, 0x2457,  0x26BD, 0x28B4, 0x2A49, 0x2B5D,
  0x2C11, 0x2C4E, 0x2C12, 0x2B70,  0x2A59, 0x28DE, 0x26FA, 0x24B7,
  0x2220, 0x1F36, 0x1BFE, 0x1892,  0x14E4, 0x1117, 0x0D1D, 0x0916,
  0x04FB, 0x00E6, 0xFCD9, 0xF8DF,  0xF506, 0xF152, 0xEDD8, 0xEA8E,
  0xE78F, 0xE4D7, 0xE274, 0xE05E,  0xDEA9, 0xDD54, 0xDC5C, 0xDBC8,
  0xDB91, 0xDBCA, 0xDC56, 0xDD45,  0xDE8F, 0xE02C, 0xE221, 0xE453,
  0xE6D5, 0xE98A, 0xEC7A, 0xEF8B,  0xF2C9, 0xF616, 0xF975, 0xFCE1,
  0x0039, 0x0395, 0x06CD, 0x09F0,  0x0CE2, 0x0FAA, 0x123C, 0x148F,
  0x169C, 0x1862, 0x19E1, 0x1B0A,  0x1BE1, 0x1C66, 0x1C9A, 0x1C74,
  0x1BFF, 0x1B36, 0x1A2B, 0x18C7,  0x172C, 0x1549, 0x1334, 0x10EB,
  0x0E73, 0x0BE1, 0x092C, 0x0667,  0x039D, 0x00C5, 0xFE03, 0xFB43,
  0xF8A4, 0xF61D, 0xF3BC, 0xF192,  0xEF8C, 0xEDCE, 0xEC3F, 0xEB04,
  0xE9FE, 0xE947, 0xE8DC, 0xE8B8,  0xE8E3, 0xE951, 0xEA0B, 0xEB12,
  0xEC49, 0xEDD1, 0xEF83, 0xF176,  0xF387, 0xF5CD, 0xF829, 0xFAA0,
  0xFD2A, 0xFFB5, 0x024B, 0x04CE,  0x074A, 0x09A9, 0x0BEB, 0x0E0A,
  0x0FF8, 0x11B5, 0x1339, 0x147E,  0x158C, 0x1644, 0x16C2, 0x16F0,
  0x16DC, 0x1670, 0x15CA, 0x14CE,  0x139E, 0x1219, 0x1063, 0x0E75,
  0x0C4C, 0x09FF, 0x0782, 0x04F3,  0x0241, 0xFF87, 0xFCC4, 0xFA03,
  0xF74B, 0xF4A7, 0xF21A, 0xEFB3,  0xED74, 0xEB66, 0xE992, 0xE7F5,
  0xE6A5, 0xE596, 0xE4D3, 0xE45F,  0xE442, 0xE470, 0xE4F1, 0xE5C8,
  0xE6EC, 0xE865, 0xEA1C, 0xEC25,  0xEE6C, 0xF0EF, 0xF3A3, 0xF68C,
  0xF998, 0xFCC2, 0xFFFF, 0x034F,  0x069A, 0x09E6, 0x0D1E, 0x103E,
  0x133D, 0x1612, 0x18B1, 0x1B18,  0x1D38, 0x1F16, 0x209F, 0x21D5,
  0x22AF, 0x2337, 0x2355, 0x2316,  0x227B, 0x217A, 0x2022, 0x1E63,
  0x1C56, 0x19F5, 0x1740, 0x1446,  0x110D, 0x0D9F, 0x09F9, 0x0635,
  0x024F, 0xFE5A, 0xFA5C, 0xF65E,  0xF274, 0xEE98, 0xEAE9, 0xE75E,
  0xE40D, 0xE0FD, 0xDE31, 0xDBBD,  0xD994, 0xD7DA, 0xD674, 0xD584,
  0xD4EF, 0xD4DC, 0xD528, 0xD5F0,  0xD719, 0xD8BC, 0xDAC3, 0xDD2B,
  0xDFF6, 0xE31D, 0xE690, 0xEA4F,  0xEE4D, 0xF283, 0xF6E6, 0xFB64,
  0xFFFD, 0x04A0, 0x093D, 0x0DD1,  0x1246, 0x169B, 0x1ABB, 0x1EA3,
  0x2243, 0x258F, 0x288E, 0x2B1F,  0x2D51, 0x2F0C, 0x305F, 0x3130,
  0x318E, 0x3165, 0x30D2, 0x2FB1,  0x2E20, 0x2C16, 0x299F, 0x26B6,
  0x236A, 0x1FBF, 0x1BC9, 0x1778,  0x12F7, 0x0E30, 0x0954, 0x0445,
  0xFF36, 0xFA19, 0xF50A, 0xF00F,  0xEB35, 0xE68C, 0xE219, 0xDDF4,
  0xDA15, 0xD69B, 0xD37A, 0xD0D0,  0xCE90, 0xCCCC, 0xCB83, 0xCAC3,
  0xCA7D, 0xCAC0, 0xCB85, 0xCCD2,  0xCE96, 0xD0DA, 0xD396, 0xD6BE,
  0xDA50, 0xDE3C, 0xE285, 0xE714,  0xEBE3, 0xF0E6, 0xF611, 0xFB56,
  0x00A4, 0x05FB, 0x0B3A, 0x1067,  0x1569, 0x1A36, 0x1EC3, 0x2308,
  0x26F5, 0x2A82, 0x2DA5, 0x3056,  0x329A, 0x3452, 0x3594, 0x364C,
  0x3683, 0x362E, 0x3555, 0x33FD,  0x3221, 0x2FC9, 0x2CFC, 0x29C6,
  0x2626, 0x2227, 0x1DDA, 0x1943,  0x1470, 0x0F6E, 0x0A44, 0x050C,
  0xFFC2, 0xFA82, 0xF54D, 0xF03A,  0xEB50, 0xE6A1, 0xE22C, 0xDE08,
  0xDA3C, 0xD6D3, 0xD3CC, 0xD139,  0xCF1E, 0xCD7B, 0xCC55, 0xCBB2,
  0xCB94, 0xCBF7, 0xCCD4, 0xCE36,  0xD011, 0xD25F, 0xD51B, 0xD83E,
  0xDBC5, 0xDF98, 0xE3C0, 0xE822,  0xECBD, 0xF182, 0xF65E, 0xFB56,
  0x0046, 0x0538, 0x0A10, 0x0EC7,  0x1355, 0x17A9, 0x1BBC, 0x1F80,
  0x22F1, 0x2606, 0x28B6, 0x2AF4,  0x2CCC, 0x2E2D, 0x2F15, 0x2F84,
  0x2F80, 0x2F02, 0x2E0E, 0x2CA6,  0x2AD3, 0x289C, 0x25F8, 0x2303,
  0x1FB8, 0x1C28, 0x1852, 0x144D,  0x1019, 0x0BCC, 0x0765, 0x02FB,
  0xFE8D, 0xFA38, 0xF5F2, 0xF1DA,  0xEDE7, 0xEA35, 0xE6C1, 0xE399,
  0xE0BA, 0xDE42, 0xDC1D, 0xDA5F,  0xD901, 0xD816, 0xD78E, 0xD771,
  0xD7BF, 0xD876, 0xD991, 0xDB0C,  0xDCE2, 0xDF14, 0xE192, 0xE453,
  0xE75E, 0xEA99, 0xEE06, 0xF196,  0xF53F, 0xF8FB, 0xFCBD, 0x007A,
  0x042B, 0x07BE, 0x0B3A, 0x0E86,  0x119E, 0x147E, 0x171B, 0x1977,
  0x1B78, 0x1D32, 0x1E92, 0x1F9D,  0x2045, 0x2099, 0x2091, 0x202F,
  0x1F71, 0x1E62, 0x1D02, 0x1B58,  0x1960, 0x1731, 0x14C5, 0x1223,
  0x0F61, 0x0C74, 0x0974, 0x0665,  0x0348, 0x0038, 0xFD26, 0xFA35,
  0xF756, 0xF49F, 0xF210, 0xEFBB,  0xED95, 0xEBB4, 0xEA10, 0xE8BA,
  0xE7AE, 0xE6E2, 0xE677, 0xE64E,  0xE679, 0xE6EC, 0xE7B0, 0xE8B8,
  0xEA0A, 0xEB8F, 0xED5F, 0xEF59,  0xF184, 0xF3D8, 0xF648, 0xF8D5,
  0xFB6F, 0xFE14, 0x00B6, 0x0352,  0x05DD, 0x0853, 0x0AA5, 0x0CD6,
  0x0ED7, 0x10A8, 0x1239, 0x1398,  0x14B0, 0x1587, 0x160F, 0x165A,
  0x1655, 0x160C, 0x1572, 0x14A1,  0x137E, 0x1226, 0x1087, 0x0EC2,
  0x0CBA, 0x0A95, 0x0842, 0x05D8,  0x0357, 0x00C7, 0xFE30, 0xFBA0,
  0xF914, 0xF6A0, 0xF440, 0xF204,  0xEFF2, 0xEE0D, 0xEC5E, 0xEAE6,
  0xE9B3, 0xE8C5, 0xE816, 0xE7B4,  0xE7A4, 0xE7D7, 0xE85E, 0xE926,
  0xEA44, 0xEBA1, 0xED43, 0xEF25,  0xF13F, 0xF393, 0xF60B, 0xF8B3,
  0xFB77, 0xFE54, 0x013A, 0x0431,  0x071D, 0x0A05, 0x0CD6, 0x0F8D,
  0x1220, 0x1487, 0x16BD, 0x18B3,  0x1A6E, 0x1BE1, 0x1D0B, 0x1DDD,
  0x1E67, 0x1E95, 0x1E6F, 0x1DF1,  0x1D16, 0x1BF4, 0x1A6F, 0x18A1,
  0x1685, 0x1428, 0x1180, 0x0EA4,  0x0B92, 0x0858, 0x04F8, 0x017E,
  0xFDF6, 0xFA66, 0xF6D7, 0xF357,  0xEFED, 0xECA1, 0xE980, 0xE693,
  0xE3DC, 0xE16E, 0xDF45, 0xDD73,  0xDBEE, 0xDAD0, 0xDA0B, 0xD9AC,
  0xD9AD, 0xDA1A, 0xDAEC, 0xDC21,  0xDDB5, 0xDFB1, 0xE202, 0xE4AC,
  0xE7A0, 0xEAE4, 0xEE66, 0xF21C,  0xF606, 0xFA13, 0xFE3A, 0x0272,
  0x06AC, 0x0AE5, 0x0F07, 0x1313,  0x16F1, 0x1AA4, 0x1E17, 0x2146,
  0x242B, 0x26B0, 0x28E4, 0x2AAE,  0x2C0D, 0x2D00, 0x2D83, 0x2D94,
  0x2D2F, 0x2C51, 0x2B0D, 0x294B,  0x2727, 0x2492, 0x21A3, 0x1E58,
  0x1AB0, 0x16CA, 0x129F, 0x0E39,  0x09AD, 0x04FA, 0x0039, 0xFB6C,
  0xF6A1, 0xF1E9, 0xED4A, 0xE8D5,  0xE490, 0xE08D, 0xDCCF, 0xD967,
  0xD65C, 0xD3AF, 0xD170, 0xCFA7,  0xCE50, 0xCD72, 0xCD14, 0xCD36,
  0xCDD4, 0xCEF0, 0xD087, 0xD29E,  0xD51C, 0xD810, 0xDB65, 0xDF21,
  0xE32A, 0xE780, 0xEC1A, 0xF0EA,  0xF5DE, 0xFAF7, 0x0018, 0x0546,
  0x0A65, 0x0F6E, 0x1459, 0x190D,  0x1D8F, 0x21C6, 0x25A8, 0x2937,
  0x2C5D, 0x2F19, 0x315E, 0x332C,  0x3482, 0x354E, 0x3599, 0x3563,
  0x34A6, 0x3368, 0x31A7, 0x2F70,  0x2CC4, 0x29A1, 0x2620, 0x2238,
  0x1E07, 0x197C, 0x14BE, 0x0FC9,  0x0AAA, 0x0579, 0x002F, 0xFAF0,
  0xF5B7, 0xF09E, 0xEBA4, 0xE6E7,  0xE25F, 0xDE2A, 0xDA46, 0xD6BA,
  0xD3A4, 0xD0EE, 0xCEB8, 0xCCF0,  0xCBB5, 0xCAF7, 0xCAB4, 0xCB00,
  0xCBC9, 0xCD15, 0xCEDC, 0xD119,  0xD3D0, 0xD6ED, 0xDA6C, 0xDE48,
  0xE274, 0xE6E7, 0xEB90, 0xF06E,  0xF567, 0xFA7B, 0xFF97, 0x04AC,
  0x09B5, 0x0E9B, 0x1360, 0x17E5,  0x1C32, 0x2030, 0x23DE, 0x272A,
  0x2A0D, 0x2C91, 0x2E95, 0x302A,  0x3142, 0x31E2, 0x3202, 0x31A1,
  0x30CD, 0x2F7C, 0x2DB9, 0x2B81,  0x28E5, 0x25E7, 0x228F, 0x1EE0,
  0x1AF4, 0x16C4, 0x1263, 0x0DE1,  0x093B, 0x0492, 0xFFDB, 0xFB36,
  0xF6A0, 0xF22B, 0xEDEB, 0xE9D3,  0xE606, 0xE279, 0xDF4D, 0xDC6B,
  0xD9F1, 0xD7DA, 0xD632, 0xD4F4,  0xD424, 0xD3CA, 0xD3E4, 0xD463,
  0xD55B, 0xD6B7, 0xD87F, 0xDAA1,  0xDD21, 0xDFF4, 0xE312, 0xE670,
  0xEA08, 0xEDD1, 0xF1BC, 0xF5C3,  0xF9D6, 0xFDF2, 0x0204, 0x0609,
  0x09EE, 0x0DB1, 0x1141, 0x14A4,  0x17BA, 0x1A8E, 0x1D14, 0x1F49,
  0x211C, 0x2299, 0x23B4, 0x246F,  0x24C2, 0x24B4, 0x2449, 0x237C,
  0x224F, 0x20CE, 0x1EFB, 0x1CD9,  0x1A71, 0x17C9, 0x14EB, 0x11E1,
  0x0EAA, 0x0B5D, 0x07FB, 0x048B,  0x0124, 0xFDBC, 0xFA6C, 0xF739,
  0xF427, 0xF13F, 0xEE8F, 0xEC19,  0xE9E6, 0xE7F1, 0xE64E, 0xE4F9,
  0xE3F6, 0xE343, 0xE2E5, 0xE2E3,  0xE32B, 0xE3C7, 0xE4B8, 0xE5ED,
  0xE774, 0xE92C, 0xEB32, 0xED63,  0xEFC9, 0xF252, 0xF4FD, 0xF7BF,
  0xFA8E, 0xFD6A, 0x003C, 0x0308,  0x05C6, 0x085E, 0x0AE2, 0x0D30,
  0x0F59, 0x1148, 0x12F9, 0x1470,  0x15A0, 0x168D, 0x1727, 0x1786,
  0x1792, 0x1751, 0x16CC, 0x15FA,  0x14F1, 0x1395, 0x120C, 0x1041,
  0x0E50, 0x0C28, 0x09E6, 0x077F,  0x0509, 0x0281, 0xFFF3, 0xFD6B,
  0xFAE7, 0xF87B, 0xF624, 0xF3EE,  0xF1DF, 0xF004, 0xEE53, 0xECE1,
  0xEBAA, 0xEAB9, 0xEA06, 0xE99C,  0xE97C, 0xE9A7, 0xEA13, 0xEACB,
  0xEBCB, 0xED0B, 0xEE8A, 0xF041,  0xF237, 0xF453, 0xF69F, 0xF90B,
  0xFB94, 0xFE34, 0x00DA, 0x038A,  0x0632, 0x08D4, 0x0B5A, 0x0DCB,
  0x1013, 0x1234, 0x1424, 0x15D8,  0x174F, 0x1888, 0x1979, 0x1A1B,
  0x1A73, 0x1A7D, 0x1A3B, 0x199F,  0x18BC, 0x178B, 0x1611, 0x1449,
  0x1246, 0x1006, 0x0D89, 0x0ADF,  0x080A, 0x0514, 0x0207, 0xFEE1,
  0xFBB9, 0xF891, 0xF570, 0xF265,  0xEF70, 0xECA5, 0xEA02, 0xE798,
  0xE567, 0xE375, 0xE1D6, 0xE07C,  0xDF76, 0xDECD, 0xDE78, 0xDE83,
  0xDEE5, 0xDFA4, 0xE0C9, 0xE23A,  0xE408, 0xE625, 0xE898, 0xEB4A,
  0xEE3C, 0xF172, 0xF4D1, 0xF85E,  0xFC07, 0xFFC9, 0x0399, 0x0768,
  0x0B33, 0x0EE7, 0x1284, 0x15F8,  0x193E, 0x1C47, 0x1F15, 0x2191,
  0x23C7, 0x2598, 0x2714, 0x2830,  0x28DC, 0x2929, 0x2904, 0x287B,
  0x2782, 0x261C, 0x245D, 0x222C,  0x1FAA, 0x1CC0, 0x1998, 0x1616,
  0x125C, 0x0E63, 0x0A43, 0x05FA,  0x0199, 0xFD29, 0xF8BA, 0xF450,
  0xEFF9, 0xEBCB, 0xE7B8, 0xE3EA,  0xE054, 0xDD05, 0xDA0F, 0xD76E,
  0xD533, 0xD35E, 0xD1F3, 0xD102,  0xD082, 0xD077, 0xD0E5, 0xD1CE,
  0xD32C, 0xD4F7, 0xD738, 0xD9E5,  0xDCEE, 0xE05C, 0xE415, 0xE826,
  0xEC70, 0xF0F2, 0xF5A2, 0xFA73,  0xFF56, 0x0443, 0x0929, 0x0E02,
  0x12BB, 0x174E, 0x1BA6, 0x1FC5,  0x2391, 0x2715, 0x2A2C, 0x2CEA,
  0x2F35, 0x3112, 0x326D, 0x3357,  0x33BE, 0x33A6, 0x3308, 0x31F4,
  0x305E, 0x2E53, 0x2BCC, 0x28DE,  0x258A, 0x21CF, 0x1DC5, 0x196B,
  0x14D4, 0x1003, 0x0B08, 0x05F3,  0x00C8, 0xFB9F, 0xF676, 0xF16F,
  0xEC7A, 0xE7C6, 0xE33B, 0xDF04,  0xDB11, 0xD784, 0xD454, 0xD18A,
  0xCF40, 0xCD5F, 0xCC0B, 0xCB22,  0xCAD1, 0xCAF5, 0xCBA2, 0xCCCB,
  0xCE78, 0xD09E, 0xD333, 0xD63C,  0xD9A9, 0xDD75, 0xE194, 0xE5FC,
  0xEAA8, 0xEF7F, 0xF485, 0xF9A0,  0xFEC9, 0x03FA, 0x0912, 0x0E1F,
  0x12FA, 0x17AC, 0x1C21, 0x2048,  0x2420, 0x279D, 0x2AB7, 0x2D62,
  0x2F9B, 0x315F, 0x32AA, 0x336F,  0x33B8, 0x3387, 0x32CD, 0x319A,
  0x2FEC, 0x2DCF, 0x2B39, 0x2844,  0x24E3, 0x2138, 0x1D35, 0x18EF,
  0x1475, 0x0FC7, 0x0AFF, 0x0619,  0x0134, 0xFC46, 0xF776, 0xF2B7,
  0xEE22, 0xE9C5, 0xE59E, 0xE1C8,  0xDE3A, 0xDB07, 0xD841, 0xD5D1,
  0xD3DD, 0xD24F, 0xD141, 0xD0A4,  0xD07B, 0xD0D1, 0xD19B, 0xD2D4,
  0xD480, 0xD693, 0xD910, 0xDBE4,  0xDF0F, 0xE28B, 0xE644, 0xEA3C,
  0xEE5F, 0xF2A6, 0xF709, 0xFB75,  0xFFE7, 0x044C, 0x089C, 0x0CD2,
  0x10D6, 0x14AA, 0x183E, 0x1B90,  0x1E91, 0x2135, 0x238C, 0x2576,
  0x2703, 0x281C, 0x28DC, 0x2922,  0x2905, 0x287B, 0x2789, 0x263D,
  0x247F, 0x2278, 0x2014, 0x1D69,  0x1A73, 0x1743, 0x13E2, 0x1054,
  0x0CA6, 0x08E4, 0x0510, 0x0146,  0xFD75, 0xF9C8, 0xF623, 0xF2B6,
  0xEF6F, 0xEC5E, 0xE98B, 0xE704,  0xE4C0, 0xE2D3, 0xE132, 0xDFF8,
  0xDF0B, 0xDE85, 0xDE4D, 0xDE88,  0xDF07, 0xDFEE, 0xE11F, 0xE2AC,
  0xE47B, 0xE693, 0xE8E9, 0xEB7C,  0xEE36, 0xF122, 0xF424, 0xF743,
  0xFA6E, 0xFD9B, 0x00C8, 0x03E2,  0x06EA, 0x09D4, 0x0C93, 0x0F29,
  0x1188, 0x13AD, 0x1590, 0x172C,  0x1888, 0x198D, 0x1A46, 0x1AB3,
  0x1ACE, 0x1A99, 0x1A12, 0x1943,  0x182E, 0x16CC, 0x152F, 0x1355,
  0x1147, 0x0F0B, 0x0CA3, 0x0A23,  0x0784, 0x04D7, 0x0225, 0xFF6C,
  0xFCC4, 0xFA26, 0xF7A4, 0xF53C,  0xF301, 0xF0F3, 0xEF15, 0xED72,
  0xEC0A, 0xEAED, 0xEA0B, 0xE971,  0xE927, 0xE922, 0xE966, 0xE9F3,
  0xEAC5, 0xEBE2, 0xED36, 0xEEC9,  0xF098, 0xF28F, 0xF4BE, 0xF702,
  0xF974, 0xFBEE, 0xFE81, 0x0111,  0x03A7, 0x0630, 0x08A4, 0x0B0C,
  0x0D3C, 0x0F60, 0x113E, 0x12F9,  0x146C, 0x15AB, 0x16A4, 0x1755,
  0x17BA, 0x17E1, 0x17B1, 0x1739,  0x1678, 0x156E, 0x1420, 0x128E,
  0x10B8, 0x0EB8, 0x0C75, 0x0A0D,  0x077B, 0x04D0, 0x0207, 0xFF33,
  0xFC56, 0xF97E, 0xF6AE, 0xF3F0,  0xF14F, 0xEECE, 0xEC7C, 0xEA5A,
  0xE870, 0xE6C3, 0xE562, 0xE442,  0xE375, 0xE2F3, 0xE2CC, 0xE2F3,
  0xE36E, 0xE442, 0xE565, 0xE6DD,  0xE89B, 0xEAA7, 0xECFC, 0xEF85,
  0xF24C, 0xF540, 0xF866, 0xFBA0,  0xFEF9, 0x0261, 0x05C9, 0x0936,
  0x0C8B, 0x0FD0, 0x12F3, 0x15E9,  0x18B5, 0x1B3C, 0x1D8B, 0x1F8A,
  0x213F, 0x229B, 0x239D, 0x244A,  0x248D, 0x2474, 0x23F5, 0x231B,
  0x21D6, 0x203B, 0x1E3D, 0x1BF5,  0x194C, 0x1662, 0x1332, 0x0FC5,
  0x0C24, 0x0858, 0x046C, 0x006D,  0xFC59, 0xF84E, 0xF440, 0xF051,
  0xEC79, 0xE8CE, 0xE554, 0xE215,  0xDF20, 0xDC74, 0xDA1F, 0xD827,
  0xD692, 0xD565, 0xD49B, 0xD44B,  0xD464, 0xD4EE, 0xD5E7, 0xD752,
  0xD927, 0xDB60, 0xDDFD, 0xE0FA,  0xE44B, 0xE7E5, 0xEBC9, 0xEFE7,
  0xF435, 0xF8A8, 0xFD3B, 0x01D8,  0x067D, 0x0B18, 0x0F9D, 0x140A,
  0x1841, 0x1C4C, 0x2011, 0x2389,  0x26B4, 0x297E, 0x2BE5, 0x2DDC,
  0x2F6E, 0x3080, 0x311F, 0x3141,  0x30EC, 0x3017, 0x2ECC, 0x2D04,
  0x2AD2, 0x282F, 0x251B, 0x21B5,  0x1DEF, 0x19DA, 0x1582, 0x10ED,
  0x0C2F, 0x0745, 0x024C, 0xFD44,  0xF83F, 0xF34B, 0xEE6F, 0xE9BC,
  0xE53F, 0xE0FB, 0xDD0A, 0xD962,  0xD61F, 0xD343, 0xD0CD, 0xCED1,
  0xCD48, 0xCC47, 0xCBB8, 0xCBB2,  0xCC2C, 0xCD29, 0xCEA4, 0xD093,
  0xD301, 0xD5DF, 0xD91E, 0xDCC7,  0xE0C2, 0xE512, 0xE99F, 0xEE67,
  0xF35C, 0xF86F, 0xFD99, 0x02C3,  0x07EF, 0x0CFC, 0x11F8, 0x16B7,
  0x1B4D, 0x1F8F, 0x2395, 0x2730,  0x2A78, 0x2D49, 0x2FBC, 0x31A4,
  0x331C, 0x3413, 0x348D, 0x3479,  0x33F2, 0x32DC, 0x3159, 0x2F4D,
  0x2CD6, 0x29EE, 0x26A4, 0x22F3,  0x1EFA, 0x1AAC, 0x1627, 0x1166,
  0x0C83, 0x0785, 0x0274, 0xFD66,  0xF85C, 0xF36F, 0xEEA3, 0xEA08,
  0xE5A5, 0xE188, 0xDDBF, 0xDA4B,  0xD738, 0xD48C, 0xD256, 0xD091,
  0xCF3D, 0xCE6B, 0xCE18, 0xCE3B,  0xCEDC, 0xCFF8, 0xD188, 0xD391,
  0xD5F8, 0xD8D2, 0xDC05, 0xDF8C,  0xE362, 0xE774, 0xEBC5, 0xF03B,
  0xF4D6, 0xF984, 0xFE38, 0x02EF,  0x078F, 0x0C1A, 0x1078, 0x14AC,
  0x18A3, 0x1C4E, 0x1FB0, 0x22BE,  0x2569, 0x27B2, 0x2993, 0x2B06,
  0x2C0D, 0x2C9A, 0x2CBA, 0x2C6D,  0x2BA3, 0x2A7A, 0x28D9, 0x26E4,
  0x2480, 0x21D0, 0x1ECA, 0x1B81,  0x17F2, 0x1438, 0x104A, 0x0C44,
  0x0821, 0x03FD, 0xFFCD, 0xFBB4,  0xF7AC, 0xF3C3, 0xF007, 0xEC7C,
  0xE932, 0xE626, 0xE36C, 0xE0FC,  0xDEF4, 0xDD33, 0xDBE4, 0xDAEB,
  0xDA64, 0xDA33, 0xDA6D, 0xDB0F,  0xDC07, 0xDD62, 0xDF0E, 0xE115,
  0xE362, 0xE5F7, 0xE8C4, 0xEBD0,  0xEEFB, 0xF25A, 0xF5C0, 0xF947,
  0xFCC7, 0x0050, 0x03C3, 0x0723,  0x0A66, 0x0D7E, 0x106A, 0x1318,
  0x1591, 0x17C1, 0x19A6, 0x1B3D,  0x1C89, 0x1D78, 0x1E19, 0x1E59,
  0x1E4F, 0x1DEA, 0x1D2B, 0x1C28,  0x1AD1, 0x1932, 0x1755, 0x1534,
  0x12E8, 0x1063, 0x0DBC, 0x0AF8,  0x0819, 0x0531, 0x023F, 0xFF54,
  0xFC72, 0xF9A5, 0xF6F9, 0xF464,  0xF209, 0xEFD4, 0xEDE0, 0xEC1D,
  0xEAA7, 0xE96F, 0xE886, 0xE7DD,  0xE789, 0xE77F, 0xE7C1, 0xE846,
  0xE920, 0xEA35, 0xEB93, 0xED24,  0xEEF8, 0xF0F6, 0xF323, 0xF574,
  0xF7E1, 0xFA66, 0xFCF7, 0xFF8F,  0x0224, 0x04B0, 0x072C, 0x098C,
  0x0BCA, 0x0DE4, 0x0FCF, 0x1187,  0x1302, 0x1444, 0x1544, 0x15FE,
  0x166F, 0x169B, 0x1683, 0x1617,  0x156B, 0x1479, 0x1344, 0x11CE,
  0x101F, 0x0E38, 0x0C28, 0x09E1,  0x0785, 0x0502, 0x0274, 0xFFD0,
  0xFD2D, 0xFA90, 0xF7F5, 0xF578,  0xF30F, 0xF0CA, 0xEEB5, 0xECC7,
  0xEB17, 0xE99C, 0xE86B, 0xE77B,  0xE6D3, 0xE674, 0xE668, 0xE6A8,
  0xE732, 0xE80B, 0xE935, 0xEA9E,  0xEC54, 0xEE41, 0xF076, 0xF2D9,
  0xF56A, 0xF827, 0xFB05, 0xFDF9,  0x00FD, 0x040D, 0x0715, 0x0A1D,
  0x0D07, 0x0FE0, 0x128D, 0x1514,  0x1766, 0x197C, 0x1B4F, 0x1CE4,
  0x1E20, 0x1F15, 0x1FAF, 0x1FF8,  0x1FE8, 0x1F74, 0x1EB3, 0x1D97,
  0x1C23, 0x1A59, 0x1846, 0x15E6,  0x1345, 0x105E, 0x0D4A, 0x0A02,
  0x0697, 0x0309, 0xFF70, 0xFBC4,  0xF820, 0xF47C, 0xF0F7, 0xED84,
  0xEA42, 0xE728, 0xE44D, 0xE1AD,  0xDF5F, 0xDD56, 0xDBAE, 0xDA57,
  0xD96A, 0xD8DA, 0xD8AC, 0xD8F1,  0xD995, 0xDAA0, 0xDC12, 0xDDE4,
  0xE01A, 0xE2A0, 0xE57E, 0xE8AB,  0xEC19, 0xEFC6, 0xF3A0, 0xF7AF,
  0xFBD2, 0x0011, 0x0456, 0x089C,  0x0CD6, 0x10F5, 0x14F8, 0x18C5,
  0x1C66, 0x1FBD, 0x22CD, 0x258C,  0x27EA, 0x29F5, 0x2B88, 0x2CBA,
  0x2D78, 0x2DCA, 0x2D9E, 0x2D04,  0x2BF8, 0x2A78, 0x2889, 0x262F,
  0x2375, 0x205A, 0x1CE5, 0x1926,  0x1520, 0x10DF, 0x0C68, 0x07D2,
  0x031D, 0xFE5E, 0xF994, 0xF4DB,  0xF034, 0xEBAE, 0xE75A, 0xE336,
  0xDF5A, 0xDBCE, 0xD890, 0xD5B9,  0xD340, 0xD13F, 0xCFAA, 0xCE89,
  0xCDE7, 0xCDC3, 0xCE1B, 0xCEEA,  0xD03B, 0xD203, 0xD43E, 0xD6E7,
  0xD9F8, 0xDD70, 0xE13B, 0xE552,  0xE9B9, 0xEE4F, 0xF31F, 0xF806,
  0xFD10, 0x0218, 0x0729, 0x0C24,  0x1103, 0x15BF, 0x1A42, 0x1E89,
  0x2284, 0x262B, 0x2977, 0x2C5D,  0x2ECF, 0x30D5, 0x3265, 0x336E,
  0x3401, 0x340B, 0x33A1, 0x32AA,  0x313B, 0x2F52, 0x2CF6, 0x2A24,
  0x26F2, 0x2359, 0x1F71, 0x1B30,  0x16B7, 0x1200, 0x0D22, 0x0823,
  0x030D, 0xFDFA, 0xF8E1, 0xF3E9,  0xEF09, 0xEA53, 0xE5DA, 0xE1A4,
  0xDDB4, 0xDA23, 0xD6ED, 0xD423,  0xD1C1, 0xCFD7, 0xCE64, 0xCD73,
  0xCCF5, 0xCCFE, 0xCD82, 0xCE89,  0xCFFF, 0xD1F3, 0xD457, 0xD724,
  0xDA52, 0xDDDD, 0xE1BB, 0xE5DD,  0xEA3C, 0xEECF, 0xF387, 0xF857,
  0xFD38, 0x0216, 0x06ED, 0x0BAA,  0x1048, 0x14B3, 0x18E3, 0x1CDA,
  0x2076, 0x23C8, 0x26AF, 0x2940,  0x2B59, 0x2D0B, 0x2E41, 0x2F0F,
  0x2F58, 0x2F30, 0x2E8E, 0x2D81,  0x2BF9, 0x2A0C, 0x27B3, 0x2501,
  0x21F2, 0x1E92, 0x1AEF, 0x170E,  0x12F7, 0x0EBC, 0x0A61, 0x05F6,
  0x0187, 0xFD18, 0xF8C0, 0xF479,  0xF06A, 0xEC7A, 0xE8CD, 0xE564,
  0xE241, 0xDF7B, 0xDD01, 0xDAEF,  0xD946, 0xD7F8, 0xD71B, 0xD6A8,
  0xD6A2, 0xD704, 0xD7CF, 0xD902,  0xDA96, 0xDC85, 0xDEC9, 0xE164,
  0xE442, 0xE760, 0xEABB, 0xEE3A,  0xF1EA, 0xF5AA, 0xF981, 0xFD5A,
  0x012E, 0x04FA, 0x08A5, 0x0C35,  0x0F92, 0x12C9, 0x15B4, 0x1868,
  0x1ACB, 0x1CE7, 0x1EA7, 0x2010,  0x2128, 0x21D7, 0x2231, 0x2224,
  0x21C9, 0x2106, 0x1FF7, 0x1E84,  0x1CDB, 0x1AD1, 0x1892, 0x1613,
  0x135F, 0x1083, 0x0D7D, 0x0A61,  0x072F, 0x03F9, 0x00BE, 0xFD8F,
  0xFA70, 0xF76F, 0xF48E, 0xF1D9,  0xEF51, 0xED0A, 0xEAFC, 0xE92F,
  0xE7AD, 0xE67A, 0xE58E, 0xE4F7,  0xE4AA, 0xE4BA, 0xE50F, 0xE5B5,
  0xE6A6, 0xE7E6, 0xE95B, 0xEB1F,  0xED0C, 0xEF3D, 0xF187, 0xF406,
  0xF696, 0xF943, 0xFBF9, 0xFEB3,  0x016C, 0x0418, 0x06B0, 0x0931,
  0x0B86, 0x0DBC, 0x0FBD, 0x1189,  0x131C, 0x1469, 0x1584, 0x1644,
  0x16CD, 0x1702, 0x16F8, 0x169D,  0x15FB, 0x151A, 0x13F3, 0x128B,
  0x10EC, 0x0F16, 0x0D17, 0x0AE4,  0x089A, 0x062C, 0x03B3, 0x0126,
  0xFE9A, 0xFC12, 0xF992, 0xF72C,  0xF4D9, 0xF2AF, 0xF0A7, 0xEED9,
  0xED33, 0xEBD1, 0xEAA7, 0xE9C9,  0xE924, 0xE8CF, 0xE8C1, 0xE8FF,
  0xE981, 0xEA4D, 0xEB63, 0xECBA,  0xEE4D, 0xF01D, 0xF227, 0xF45D,
  0xF6BF, 0xF93F, 0xFBE5, 0xFE93,  0x0157, 0x0419, 0x06D8, 0x098D,
  0x0C28, 0x0EAC, 0x1106, 0x133A,  0x1538, 0x16FD, 0x1881, 0x19C6,
  0x1AC3, 0x1B6C, 0x1BCE, 0x1BDD,  0x1B9D, 0x1B05, 0x1A20, 0x18F0,
  0x176C, 0x15A4, 0x1392, 0x114A,  0x0EC0, 0x0C03, 0x091F, 0x0614,
  0x02EF, 0xFFB3, 0xFC6F, 0xF92D,  0xF5EB, 0xF2C1, 0xEFB1, 0xECB9,
  0xEA03, 0xE764, 0xE51C, 0xE2FD,  0xE13F, 0xDFC0, 0xDE96, 0xDDCB,
  0xDD51, 0xDD41, 0xDD7E, 0xDE29,  0xDF2A, 0xE08C, 0xE23C, 0xE450,
  0xE6AB, 0xE957, 0xEC40, 0xEF70,  0xF2D3, 0xF65B, 0xFA14, 0xFDDA,
  0x01BF, 0x059E, 0x0980, 0x0D51,  0x110B, 0x14A2, 0x180C, 0x1B3F,
  0x1E37, 0x20E2, 0x2348, 0x2547,  0x26FD, 0x2845, 0x292F, 0x29A9,
  0x29BE, 0x2968, 0x28A0, 0x2770,  0x25DB, 0x23DD, 0x2180, 0x1EC1,
  0x1BBC, 0x1858, 0x14BB, 0x10DA,  0x0CC9, 0x0891, 0x0434, 0xFFC9,
  0xFB57, 0xF6E2, 0xF283, 0xEE37,  0xEA19, 0xE620, 0xE270, 0xDEF4,
  0xDBD3, 0xD901, 0xD692, 0xD484,  0xD2DE, 0xD1B1, 0xD0EE, 0xD0A5,
  0xD0CD, 0xD178, 0xD28E, 0xD41C,  0xD618, 0xD886, 0xDB56, 0xDE83,
  0xE20D, 0xE5E6, 0xEA03, 0xEE5D,  0xF2E6, 0xF79B, 0xFC62, 0x013E,
  0x0617, 0x0AEB, 0x0FA3, 0x143B,  0x18A8, 0x1CD2, 0x20C5, 0x245F,
  0x27A6, 0x2A8A, 0x2D0C, 0x2F19,  0x30B6, 0x31D9, 0x3284, 0x32B0,
  0x325A, 0x318B, 0x3045, 0x2E7E,  0x2C43, 0x29A0, 0x268E, 0x2320,
  0x1F53, 0x1B3E, 0x16DF, 0x124A,  0x0D81, 0x0899, 0x039D, 0xFE8F,
  0xF98E, 0xF492, 0xEFB8, 0xEB06,  0xE685, 0xE243, 0xDE4C, 0xDAA9,
  0xD763, 0xD47B, 0xD20C, 0xD002,  0xCE7A, 0xCD62, 0xCCCF, 0xCCBF,
  0xCD22, 0xCE0A, 0xCF70, 0xD148,  0xD397, 0xD651, 0xD971, 0xDCF5,
  0xE0C4, 0xE4E6, 0xE948, 0xEDDE,  0xF2A1, 0xF77D, 0xFC74, 0x0166,
  0x065A, 0x0B38, 0x0FF1, 0x1489,  0x18E3, 0x1CFE, 0x20CC, 0x2447,
  0x2767, 0x2A1D, 0x2C69, 0x2E48,  0x2FAE, 0x309E, 0x3110, 0x3110,
  0x308E, 0x2F94, 0x2E27, 0x2C4A,  0x29FF, 0x274C, 0x243B, 0x20D9,
  0x1D22, 0x192B, 0x14FA, 0x1099,  0x0C19, 0x077C, 0x02D7, 0xFE2F,
  0xF994, 0xF515, 0xF0AF, 0xEC80,  0xE883, 0xE4CB, 0xE15C, 0xDE41,
  0xDB82, 0xD925, 0xD724, 0xD59E,  0xD47A, 0xD3CF, 0xD389, 0xD3C0,
  0xD463, 0xD574, 0xD6E8, 0xD8CB,  0xDB0A, 0xDDA1, 0xE08B, 0xE3BD,
  0xE736, 0xEADF, 0xEEBA, 0xF2B6,  0xF6CD, 0xFAF0, 0xFF19, 0x0333,
  0x0745, 0x0B32, 0x0EFD, 0x1292,  0x15F4, 0x1911, 0x1BEA, 0x1E64,
  0x209E, 0x226C, 0x23E4, 0x24F6,  0x25A5, 0x25F7, 0x25D7, 0x255D,
  0x2482, 0x2349, 0x21B2, 0x1FCC,  0x1D93, 0x1B1B, 0x1855, 0x1564,
  0x1239, 0x0EF0, 0x0B82, 0x0803,  0x047B, 0x00ED, 0xFD73, 0xF9FD,
  0xF6AD, 0xF37A, 0xF07E, 0xEDA8,  0xEB18, 0xE8C6, 0xE6BE, 0xE4FD,
  0xE390, 0xE277, 0xE1B4, 0xE144,  0xE12B, 0xE16F, 0xE202, 0xE2E6,
  0xE41B, 0xE59C, 0xE760, 0xE964,  0xEBA2, 0xEE12, 0xF0AD, 0xF36B,
  0xF643, 0xF930, 0xFC23, 0xFF1C,  0x0208, 0x04E8, 0x07B1, 0x0A58,
  0x0CDA, 0x0F29, 0x114B, 0x1330,  0x14D4, 0x1634, 0x1754, 0x1823,
  0x18AA, 0x18E5, 0x18D5, 0x1878,  0x17CE, 0x16E5, 0x15B2, 0x1442,
  0x1294, 0x10B3, 0x0EA3, 0x0C6A,  0x0A09, 0x0798, 0x050C, 0x0276,
  0xFFE1, 0xFD4B, 0xFAC4, 0xF853,  0xF5FB, 0xF3C6, 0xF1BA, 0xEFE1,
  0xEE38, 0xECCB, 0xEB9C, 0xEAB2,  0xEA09, 0xE9A5, 0xE98B, 0xE9BD,
  0xEA2F, 0xEAE9, 0xEBEA, 0xED2A,  0xEEA5, 0xF05A, 0xF244, 0xF45A,
  0xF697, 0xF8F3, 0xFB6C, 0xFDF5,  0x0087, 0x031E, 0x05AB, 0x082F,
  0x0A9D, 0x0CEA, 0x0F19, 0x1116,  0x12EC, 0x1482, 0x15DD, 0x16FB,
  0x17D4, 0x1861, 0x18A9, 0x18A1,  0x1857, 0x17B2, 0x16D1, 0x159F,
  0x1430, 0x1276, 0x1082, 0x0E5C,  0x0BFF, 0x0974, 0x06CA, 0x0400,
  0x0122, 0xFE3A, 0xFB43, 0xF861,  0xF579, 0xF2B7, 0xF005, 0xED81,
  0xEB25, 0xE901, 0xE717, 0xE567,  0xE40D, 0xE2EF, 0xE22A, 0xE1AF,
  0xE192, 0xE1C5, 0xE24C, 0xE32E,  0xE460, 0xE5EB, 0xE7B5, 0xE9D8,
  0xEC3A, 0xEEDA, 0xF1B2, 0xF4BD,  0xF7F1, 0xFB47, 0xFEAE, 0x022D,
  0x05AA, 0x0929, 0x0C94, 0x0FEF,  0x131E, 0x1632, 0x1908, 0x1BA7,
  0x1E05, 0x2017, 0x21DE, 0x2348,  0x245E, 0x2515, 0x256B, 0x255B,
  0x24ED, 0x241C, 0x22E3, 0x2151,  0x1F5B, 0x1D1D, 0x1A77, 0x1794,
  0x1465, 0x10FC, 0x0D5A, 0x098E,  0x059E, 0x0199, 0xFD80, 0xF96A,
  0xF555, 0xF15A, 0xED70, 0xE9BA,  0xE629, 0xE2DC, 0xDFCF, 0xDD0B,
  0xDAA0, 0xD88B, 0xD6E0, 0xD58E,  0xD4B1, 0xD438, 0xD43B, 0xD49E,
  0xD57A, 0xD6C4, 0xD879, 0xDA93,  0xDD0F, 0xDFEF, 0xE322, 0xE6A2,
  0xEA69, 0xEE72, 0xF2A6, 0xF70A,  0xFB87, 0x0018, 0x04B3, 0x0943,
  0x0DC5, 0x1230, 0x1667, 0x1A7F,  0x1E43, 0x21D2, 0x2507, 0x27EA,
  0x2A66, 0x2C7C, 0x2E29, 0x2F62,  0x3022, 0x306E, 0x3044, 0x2F9B,
  0x2E7D, 0x2CE7, 0x2AE4, 0x2875,  0x2590, 0x2261, 0x1EC6, 0x1AE9,
  0x16BC, 0x1256, 0x0DC4, 0x0903,  0x042F, 0xFF4B, 0xFA67, 0xF58B,
  0xF0C7, 0xEC29, 0xE7B2, 0xE383,  0xDF88, 0xDBEA, 0xD897, 0xD5B3,
  0xD32B, 0xD117, 0xCF73, 0xCE4E,  0xCD9E, 0xCD68, 0xCDBA, 0xCE7F,
  0xCFC7, 0xD17C, 0xD3AF, 0xD64D,  0xD950, 0xDCB5, 0xE073, 0xE47C,
  0xE8CD, 0xED53, 0xF20A, 0xF6E3,  0xFBD2, 0x00C5, 0x05C2, 0x0A9E,
  0x0F71, 0x140F, 0x187E, 0x1CB1,  0x209A, 0x2431, 0x276A, 0x2A42,
  0x2CB5, 0x2EAE, 0x3039, 0x3147,  0x31E4, 0x31F7, 0x3196, 0x30BB,
  0x2F62, 0x2D9E, 0x2B5A, 0x28BE,  0x25B3, 0x224F, 0x1E9A, 0x1A9E,
  0x165E, 0x11F0, 0x0D52, 0x08A1,  0x03D6, 0xFF0E, 0xFA47, 0xF596,
  0xF106, 0xEC9E, 0xE86B, 0xE478,  0xE0D1, 0xDD7D, 0xDA7D, 0xD7E3,
  0xD5B1, 0xD3EF, 0xD295, 0xD1B4,  0xD14A, 0xD154, 0xD1CE, 0xD2C4,
  0xD423, 0xD5F4, 0xD825, 0xDABB,  0xDDAB, 0xE0EB, 0xE472, 0xE83D,
  0xEC37, 0xF065, 0xF4A6, 0xF90A,  0xFD6B, 0x01D3, 0x062B, 0x0A67,
  0x0E87, 0x1273, 0x1632, 0x19A4,  0x1CD6, 0x1FB7, 0x2240, 0x2469,
  0x2636, 0x2799, 0x2897, 0x2924,  0x294E, 0x290C, 0x285E, 0x2749,
  0x25D8, 0x2401, 0x21DB, 0x1F56,  0x1C96, 0x1984, 0x1644, 0x12C8,
  0x0F2E, 0x0B70, 0x07A1, 0x03C7,  0xFFEF, 0xFC1E, 0xF86B, 0xF4CD,
  0xF159, 0xEE19, 0xEB0E, 0xE848,  0xE5C0, 0xE38F, 0xE1AB, 0xE020,
  0xDEE7, 0xDE17, 0xDD9A, 0xDD7E,  0xDDBE, 0xDE5B, 0xDF53, 0xE097,
  0xE235, 0xE41C, 0xE647, 0xE8B3,  0xEB54, 0xEE29, 0xF121, 0xF43C,
  0xF768, 0xFAA8, 0xFDE5, 0x0123,  0x044E, 0x0765, 0x0A5B, 0x0D30,
  0x0FCB, 0x123B, 0x146B, 0x165C,  0x1803, 0x1962, 0x1A76, 0x1B3B,
  0x1BAA, 0x1BCA, 0x1BA0, 0x1B1F,  0x1A51, 0x193D, 0x17E0, 0x1645,
  0x1468, 0x1259, 0x101B, 0x0DAF,  0x0B28, 0x0883, 0x05CE, 0x0310,
  0x0052, 0xFD94, 0xFAEF, 0xF857,  0xF5E7, 0xF393, 0xF16E, 0xEF7F,
  0xEDC3, 0xEC44, 0xEB04, 0xEA0E,  0xE956, 0xE8E9, 0xE8C7, 0xE8ED,
  0xE95B, 0xEA0C, 0xEB03, 0xEC42,  0xEDB1, 0xEF60, 0xF140, 0xF34F,
  0xF57F, 0xF7D5, 0xFA3E, 0xFCBC,  0xFF42, 0x01C7, 0x044A, 0x06BC,
  0x0919, 0x0B5C, 0x0D77, 0x0F68,  0x112F, 0x12BA, 0x1408, 0x1520,
  0x15F1, 0x167A, 0x16C2, 0x16BA,  0x1679, 0x15DD, 0x1509, 0x13EA,
  0x1292, 0x10F4, 0x0F21, 0x0D1F,  0x0AEB, 0x0890, 0x0619, 0x0384,
  0x00E5, 0xFE32, 0xFB8B, 0xF8DD,  0xF64A, 0xF3C6, 0xF161, 0xEF26,
  0xED12, 0xEB38, 0xE990, 0xE82A,  0xE70A, 0xE62B, 0xE59F, 0xE553,
  0xE564, 0xE5BC, 0xE661, 0xE757,  0xE89A, 0xEA23, 0xEBF0, 0xEDFF,
  0xF04D, 0xF2C8, 0xF57A, 0xF849,  0xFB48, 0xFE4C, 0x016D, 0x048D,
  0x07AE, 0x0AC5, 0x0DC2, 0x10AA,  0x1366, 0x15FA, 0x1857, 0x1A78,
  0x1C53, 0x1DEE, 0x1F33, 0x2028,  0x20C9, 0x2111, 0x2100, 0x2091,
  0x1FC9, 0x1EAC, 0x1D32, 0x1B65,  0x1949, 0x16E6, 0x1436, 0x114C,
  0x0E28, 0x0ADA, 0x075D, 0x03C7,  0x001B, 0xFC68, 0xF8AA, 0xF500,
  0xF161, 0xEDE2, 0xEA8C, 0xE75D,  0xE470, 0xE1BA, 0xDF5A, 0xDD3A,
  0xDB7B, 0xDA11, 0xD90B, 0xD868,  0xD823, 0xD851, 0xD8E0, 0xD9D7,
  0xDB32, 0xDCF3, 0xDF15, 0xE18A,  0xE456, 0xE775, 0xEAD3, 0xEE77,
  0xF244, 0xF64C, 0xFA67, 0xFEA4,  0x02E4, 0x072F, 0x0B66, 0x0F92,
  0x1394, 0x1777, 0x1B1A, 0x1E8A,  0x21A9, 0x247B, 0x26F9, 0x2915,
  0x2ACB, 0x2C19, 0x2CF8, 0x2D6E,  0x2D66, 0x2CEE, 0x2C0D, 0x2AAF,
  0x28EE, 0x26B5, 0x242A, 0x212F,  0x1DE7, 0x1A4A, 0x1669, 0x1249,
  0x0DF5, 0x097A, 0x04E4, 0x0037,  0xFB86, 0xF6DE, 0xF243, 0xEDCC,
  0xE975, 0xE55A, 0xE176, 0xDDE4,  0xDA9D, 0xD7B2, 0xD527, 0xD30A,
  0xD15B, 0xD017, 0xCF53, 0xCF04,  0xCF2E, 0xCFD5, 0xD0ED, 0xD288,
  0xD488, 0xD6FC, 0xD9D6, 0xDD14,  0xE0A5, 0xE488, 0xE8B1, 0xED1A,
  0xF1AB, 0xF66A, 0xFB3C, 0x001F,  0x0505, 0x09D8, 0x0E9F, 0x1336,
  0x17AB, 0x1BDD, 0x1FCF, 0x236B,  0x26BF, 0x29A0, 0x2C2A, 0x2E38,
  0x2FE4, 0x3108, 0x31BE, 0x31F2,  0x31B2, 0x30EC, 0x2FB5, 0x2E02,
  0x2BE5, 0x2955, 0x265D, 0x2312,  0x1F64, 0x1B73, 0x1739, 0x12CB,
  0x0E30, 0x0971, 0x049F, 0xFFC6,  0xFAED, 0xF623, 0xF179, 0xECEE,
  0xE89E, 0xE489, 0xE0B4, 0xDD38,  0xDA11, 0xD74E, 0xD4F0, 0xD2FA,
  0xD183, 0xD076, 0xCFE4, 0xCFC7,  0xD02A, 0xD0FE, 0xD246, 0xD401,
  0xD626, 0xD8B7, 0xDB9B, 0xDEE3,  0xE272, 0xE64D, 0xEA5B, 0xEEA4,
  0xF307, 0xF791, 0xFC23, 0x00B8,  0x0549, 0x09C1, 0x0E1E, 0x1252,
  0x164A, 0x1A0E, 0x1D85, 0x20AB,  0x237D, 0x25F0, 0x27FF, 0x29A5,
  0x2ADC, 0x2BB0, 0x2C06, 0x2BF6,  0x2B6D, 0x2A87, 0x2925, 0x276A,
  0x2546, 0x22D1, 0x1FFE, 0x1CE6,  0x1989, 0x15F2, 0x122A, 0x0E3E,
  0x0A32, 0x061A, 0x01F7, 0xFDDC,  0xF9CD, 0xF5D7, 0xF20A, 0xEE62,
  0xEAF5, 0xE7C5, 0xE4DC, 0xE245,  0xDFF3, 0xDE0C, 0xDC76, 0xDB45,
  0xDA75, 0xDA07, 0xDA07, 0xDA5B,  0xDB1B, 0xDC37, 0xDDB0, 0xDF79,
  0xE198, 0xE3FD, 0xE6AC, 0xE98D,  0xECA8, 0xEFE8, 0xF34E, 0xF6C8,
  0xFA54, 0xFDDE, 0x016A, 0x04E2,  0x0847, 0x0B84, 0x0EA1, 0x1186,
  0x1436, 0x16A2, 0x18CD, 0x1AB1,  0x1C3D, 0x1D7C, 0x1E67, 0x1EFA,
  0x1F37, 0x1F18, 0x1EAC, 0x1DE8,  0x1CCF, 0x1B74, 0x19C4, 0x17E0,
  0x15B1, 0x1355, 0x10CA, 0x0E14,  0x0B44, 0x0857, 0x0562, 0x0263,
  0xFF6B, 0xFC7D, 0xF99E, 0xF6E3,  0xF447, 0xF1D2, 0xEF95, 0xED8A,
  0xEBC0, 0xEA32, 0xE8EA, 0xE7F0,  0xE73B, 0xE6D0, 0xE6B7, 0xE6E5,
  0xE765, 0xE821, 0xE92E, 0xEA7C,  0xEC03, 0xEDC5, 0xEFBD, 0xF1DC,
  0xF42A, 0xF68C, 0xF911, 0xFB9E,  0xFE37, 0x00D0, 0x0360, 0x05E2,
  0x084F, 0x0A9B, 0x0CC3, 0x0EC1,  0x108C, 0x1228, 0x1378, 0x149D,
  0x1574, 0x1608, 0x1658, 0x165B,  0x1625, 0x1597, 0x14D0, 0x13C3,
  0x1279, 0x10F4, 0x0F32, 0x0D4C,  0x0B2F, 0x08F5, 0x0696, 0x0428,
  0x01A7, 0xFF1C, 0xFC96, 0xFA14,  0xF7A2, 0xF54B, 0xF30E, 0xF0F5,
  0xEF0E, 0xED53, 0xEBD5, 0xEA8A,  0xE989, 0xE8C9, 0xE84E, 0xE819,
  0xE835, 0xE894, 0xE940, 0xEA2F,  0xEB69, 0xECE5, 0xEE98, 0xF08C,
  0xF2B3, 0xF507, 0xF784, 0xFA1E,  0xFCDA, 0xFFA0, 0x0272, 0x0546,
  0x0812, 0x0AD2, 0x0D76, 0x1002,  0x125B, 0x1495, 0x168E, 0x1853,
  0x19D2, 0x1B11, 0x1C00, 0x1CA6,  0x1CF6, 0x1CFC, 0x1CAC, 0x1C04,
  0x1B0F, 0x19CC, 0x1839, 0x165B,  0x1439, 0x11D9, 0x0F3E, 0x0C6D,
  0x0975, 0x0657, 0x031A, 0xFFD1,  0xFC73, 0xF923, 0xF5CC, 0xF290,
  0xEF6D, 0xEC68, 0xE999, 0xE6F5,  0xE490, 0xE270, 0xE098, 0xDF11,
  0xDDDA, 0xDCFE, 0xDC7E, 0xDC60,  0xDC94, 0xDD37, 0xDE2D, 0xDF89,
  0xE134, 0xE341, 0xE59A, 0xE841,  0xEB28, 0xEE5A, 0xF1B8, 0xF54A,
  0xF8FF, 0xFCD0, 0x00B9, 0x049E,  0x088E, 0x0C66, 0x1031, 0x13D1,
  0x1752, 0x1A8F, 0x1DA0, 0x205D,  0x22D7, 0x24F2, 0x26BC, 0x2821,
  0x2924, 0x29B8, 0x29ED, 0x29AE,  0x2909, 0x27F4, 0x2679, 0x249E,
  0x2257, 0x1FBA, 0x1CCA, 0x1985,  0x15FC, 0x1232, 0x0E37, 0x0A10,
  0x05C4, 0x0168, 0xFCFC, 0xF896,  0xF436, 0xEFF0, 0xEBCD, 0xE7D3,
  0xE416, 0xE095, 0xDD5E, 0xDA7F,  0xD7F7, 0xD5D0, 0xD410, 0xD2C1,
  0xD1DE, 0xD16E, 0xD173, 0xD1EE,  0xD2E0, 0xD43A, 0xD610, 0xD849,
  0xDAEE, 0xDDEA, 0xE145, 0xE4F2,  0xE8DF, 0xED0F, 0xF170, 0xF5F8,
  0xFAA3, 0xFF54, 0x0418, 0x08C9,  0x0D6E, 0x11F8, 0x164C, 0x1A7B,
  0x1E5D, 0x2200, 0x2547, 0x283B,  0x2AC7, 0x2CF0, 0x2EA0, 0x2FE5,
  0x30B3, 0x3105, 0x30DC, 0x303D,  0x2F27, 0x2D97, 0x2B96, 0x2929,
  0x265B, 0x2324, 0x1F98, 0x1BC0,  0x17A1, 0x1347, 0x0EBD, 0x0A0C,
  0x0547, 0x0071, 0xFB9A, 0xF6D3,  0xF21C, 0xED92, 0xE92B, 0xE507,
  0xE120, 0xDD8D, 0xDA4D, 0xD769,  0xD4EE, 0xD2E4, 0xD13F, 0xD017,
  0xCF64, 0xCF2E, 0xCF6B, 0xD022,  0xD156, 0xD2F5, 0xD50B, 0xD77D,
  0xDA67, 0xDD98, 0xE12C, 0xE4FC,  0xE91B, 0xED66, 0xF1DE, 0xF677,
  0xFB22, 0xFFD8, 0x0486, 0x092A,  0x0DA9, 0x120F, 0x1638, 0x1A2C,
  0x1DD5, 0x2134, 0x243E, 0x26E3,  0x2926, 0x2B05, 0x2C70, 0x2D6D,
  0x2DF3, 0x2E0C, 0x2DAC, 0x2CDB,  0x2B9A, 0x29F2, 0x27DF, 0x2567,
  0x229F, 0x1F78, 0x1C16, 0x185E,  0x1485, 0x106C, 0x0C3C, 0x07EF,
  0x0396, 0xFF3D, 0xFAED, 0xF6B0,  0xF294, 0xEEA1, 0xEAE1, 0xE762,
  0xE41E, 0xE132, 0xDE96, 0xDC56,  0xDA6E, 0xD8F4, 0xD7D9, 0xD730,
  0xD6E4, 0xD70B, 0xD79C, 0xD88B,  0xD9E4, 0xDB96, 0xDDAD, 0xE008,
  0xE2BD, 0xE5AD, 0xE8E2, 0xEC47,  0xEFD6, 0xF388, 0xF74F, 0xFB26,
  0xFEFC, 0x02CF, 0x0689, 0x0A35,  0x0DAE, 0x1104, 0x141D, 0x1702,
  0x1999, 0x1BEA, 0x1DE8, 0x1F99,  0x20E6, 0x21E0, 0x2278, 0x22BC,
  0x2297, 0x221C, 0x2148, 0x201A,  0x1E9E, 0x1CCD, 0x1ABF, 0x1865,
  0x15D4, 0x1310, 0x1022, 0x0D10,  0x09E4, 0x06A9, 0x0362, 0x0021,
  0xFCE8, 0xF9C1, 0xF6B7, 0xF3CF,  0xF116, 0xEE8B, 0xEC3A, 0xEA28,
  0xE860, 0xE6D5, 0xE59E, 0xE4B4,  0xE419, 0xE3D1, 0xE3D5, 0xE432,
  0xE4D8, 0xE5C8, 0xE704, 0xE884,  0xEA43, 0xEC38, 0xEE65, 0xF0BE,
  0xF33A, 0xF5D6, 0xF885, 0xFB46,  0xFE0B, 0x00CE, 0x0387, 0x0629,
  0x08BA, 0x0B24, 0x0D66, 0x0F7B,  0x115B, 0x1306, 0x1468, 0x1593,
  0x1679, 0x1710, 0x1769, 0x176C,  0x1737, 0x16B0, 0x15E3, 0x14D8,
  0x138F, 0x1204, 0x104C, 0x0E59,  0x0C48, 0x0A09, 0x07B0, 0x0546,
  0x02C3, 0x0046, 0xFDBF, 0xFB49,  0xF8DD, 0xF68C, 0xF45C, 0xF248,
  0xF06B, 0xEEB7, 0xED41, 0xEBFC,  0xEB01, 0xEA40, 0xE9CB, 0xE991,
  0xE9A8, 0xEA04, 0xEAA3, 0xEB85,  0xECAE, 0xEE11, 0xEFB2, 0xF182,
  0xF38B, 0xF5BA, 0xF80A, 0xFA7E,  0xFD02, 0xFF99, 0x0231, 0x04D1,
  0x075B, 0x09E2, 0x0C45, 0x0E92,  0x10AE, 0x12A7, 0x1464, 0x15EC,
  0x1735, 0x1838, 0x18FD, 0x1970,  0x199A, 0x197E, 0x1910, 0x1854,
  0x1753, 0x1606, 0x147A, 0x12A3,  0x1095, 0x0E51, 0x0BDC, 0x0938,
  0x0675, 0x0395, 0x00A2, 0xFDA1,  0xFAA1, 0xF7A2, 0xF4B6, 0xF1DD,
  0xEF24, 0xEC93, 0xEA2E, 0xE805,  0xE60D, 0xE464, 0xE2FA, 0xE1E6,
  0xE117, 0xE0A2, 0xE085, 0xE0BB,  0xE148, 0xE22B, 0xE36A, 0xE4F2,
  0xE6CF, 0xE8F2, 0xEB62, 0xEE0C,  0xF0ED, 0xF406, 0xF746, 0xFAA7,
  0xFE1E, 0x01AA, 0x0538, 0x08C3,  0x0C41, 0x0FA7, 0x12EF, 0x160C,
  0x18FA, 0x1BA7, 0x1E19, 0x203F,  0x2215, 0x2395, 0x24BD, 0x2587,
  0x25F1, 0x25F3, 0x2598, 0x24D7,  0x23B7, 0x222B, 0x2052, 0x1E16,
  0x1B8A, 0x18AE, 0x158D, 0x1231,  0x0E92, 0x0AD2, 0x06E8, 0x02E3,
  0xFED2, 0xFAB5, 0xF6A3, 0xF29E,  0xEEB2, 0xEAEE, 0xE755, 0xE3F5,
  0xE0DB, 0xDE02, 0xDB84, 0xD955,  0xD78F, 0xD626, 0xD523, 0xD496,
  0xD46C, 0xD4B7, 0xD569, 0xD693,  0xD820, 0xDA18, 0xDC6E, 0xDF2B,
  0xE238, 0xE596, 0xE93A, 0xED23,  0xF13C, 0xF57E, 0xF9E6, 0xFE5E,
  0x02E2, 0x0766, 0x0BD8, 0x1037,  0x146F, 0x1879, 0x1C4B, 0x1FD4,
  0x231E, 0x2603, 0x289C, 0x2AC4,  0x2C8C, 0x2DE9, 0x2EC4, 0x2F3F,
  0x2F38, 0x2EC4, 0x2DCE, 0x2C72,  0x2A9F, 0x2864, 0x25C1, 0x22BA,
  0x1F66, 0x1BB6, 0x17C4, 0x1393,  0x0F34, 0x0AA3, 0x0601, 0x0143,
  0xFC88, 0xF7D0, 0xF329, 0xEEA6,  0xEA43, 0xE621, 0xE232, 0xDE96,
  0xDB41, 0xD854, 0xD5C0, 0xD394,  0xD1DA, 0xD093, 0xCFBD, 0xCF61,
  0xCF7E, 0xD014, 0xD122, 0xD29C,  0xD492, 0xD6EF, 0xD9AD, 0xDCD1,
  0xE046, 0xE40F, 0xE816, 0xEC5B,  0xF0CF, 0xF568, 0xFA19, 0xFED6,
  0x0396, 0x084A, 0x0CE8, 0x1165,  0x15AF, 0x19CA, 0x1D9B, 0x2127,
  0x2454, 0x2732, 0x29A5, 0x2BAF,  0x2D4C, 0x2E77, 0x2F32, 0x2F70,
  0x2F37, 0x2E94, 0x2D70, 0x2BE5,  0x29E8, 0x2787, 0x24CB, 0x21A8,
  0x1E45, 0x1A8C, 0x169F, 0x1276,  0x0E26, 0x09BC, 0x0535, 0x00B4,
  0xFC27, 0xF7B6, 0xF358, 0xEF23,  0xEB1C, 0xE74F, 0xE3C4, 0xE08B,
  0xDD9B, 0xDB0C, 0xD8E0, 0xD716,  0xD5B4, 0xD4C1, 0xD43F, 0xD428,
  0xD481, 0xD547, 0xD678, 0xD814,  0xDA07, 0xDC62, 0xDF10, 0xE208,
  0xE54C, 0xE8CC, 0xEC7E, 0xF05F,  0xF45C, 0xF871, 0xFC91, 0x00B1,
  0x04C6, 0x08C9, 0x0CA9, 0x1064,  0x13EF, 0x1735, 0x1A43, 0x1D04,
  0x1F71, 0x218A, 0x2345, 0x24A6,  0x25A4, 0x2634, 0x2672, 0x263B,
  0x25AD, 0x24B6, 0x2365, 0x21C1,  0x1FBF, 0x1D74, 0x1AE4, 0x1810,
  0x1509, 0x11CF, 0x0E6F, 0x0AF6,  0x0763, 0x03CF, 0x0033, 0xFCA3,
  0xF92A, 0xF5C6, 0xF28D, 0xEF7C,  0xECA7, 0xEA07, 0xE7AD, 0xE599,
  0xE3DA, 0xE260, 0xE144, 0xE079,  0xE00C, 0xDFF2, 0xE02C, 0xE0CB,
  0xE1AC, 0xE2EB, 0xE46B, 0xE63C,  0xE849, 0xEA91, 0xED12, 0xEFB8,
  0xF28D, 0xF574, 0xF879, 0xFB83,  0xFE93, 0x01A0, 0x0497, 0x0781,
  0x0A44, 0x0CEC, 0x0F5C, 0x119D,  0x13A7, 0x1570, 0x16F5, 0x1832,
  0x192A, 0x19D4, 0x1A2C, 0x1A3C,  0x19FD, 0x1975, 0x189C, 0x1784,
  0x1629, 0x148A, 0x12B9, 0x10AD,  0x0E7E, 0x0C20, 0x09A9, 0x0716,
  0x0478, 0x01D0, 0xFF28, 0xFC8B,  0xF9F5, 0xF785, 0xF525, 0xF2F6,
  0xF0E9, 0xEF18, 0xED78, 0xEC16,  0xEAF2, 0xEA16, 0xE97D, 0xE925,
  0xE91E, 0xE95C, 0xE9DD, 0xEAA7,  0xEBAF, 0xED01, 0xEE7F, 0xF040,
  0xF229, 0xF447, 0xF680, 0xF8DE,  0xFB50, 0xFDD0, 0x005D, 0x02E2,
  0x0569, 0x07D6, 0x0A37, 0x0C70,  0x0E8D, 0x1074, 0x1237, 0x13B7,
  0x1502, 0x1609, 0x16D3, 0x1750,  0x1788, 0x177B, 0x171F, 0x1680,
  0x1594, 0x1469, 0x1301, 0x114C,  0x0F6D, 0x0D54, 0x0B10, 0x08A1,
  0x0615, 0x036D, 0x00B9, 0xFDF6,  0xFB33, 0xF87A, 0xF5CB, 0xF337,
  0xF0C1, 0xEE6C, 0xEC4D, 0xEA5B,  0xE8A7, 0xE72E, 0xE5FE, 0xE515,
  0xE478, 0xE424, 0xE429, 0xE47A,  0xE517, 0xE60B, 0xE749, 0xE8D4,
  0xEAA1, 0xECB4, 0xEF07, 0xF18F,  0xF444, 0xF72B, 0xFA2B, 0xFD50,
  0x0078, 0x03B8, 0x06EB, 0x0A1C,  0x0D3A, 0x1039, 0x131C, 0x15C9,
  0x184D, 0x1A8C, 0x1C90, 0x1E48,  0x1FB6, 0x20CD, 0x2191, 0x21FC,
  0x220D, 0x21BD, 0x2115, 0x2015,  0x1EB5, 0x1D00, 0x1AFC, 0x18A8,
  0x160C, 0x132A, 0x1014, 0x0CC5,  0x0952, 0x05B0, 0x0208, 0xFE3F,
  0xFA7F, 0xF6B8, 0xF30B, 0xEF6D,  0xEBFA, 0xE8AE, 0xE596, 0xE2C2,
  0xE02D, 0xDDEB, 0xDBF5, 0xDA5F,  0xD927, 0xD84F, 0xD7DA, 0xD7D1,
  0xD82D, 0xD8F6, 0xDA19, 0xDBB0,  0xDD9D, 0xDFEC, 0xE28D, 0xE586,
  0xE8C5, 0xEC43, 0xF000, 0xF3E9,  0xF7FB, 0xFC27, 0x0063, 0x04AA,
  0x08E9, 0x0D19, 0x112F, 0x151F,  0x18E2, 0x1C6A, 0x1FB1, 0x22A9,
  0x2550, 0x279F, 0x2987, 0x2B0C,  0x2C26, 0x2CD4, 0x2D0C, 0x2CD5,
  0x2C31, 0x2B15, 0x2992, 0x279B,  0x2549, 0x2293, 0x1F78, 0x1C1D,
  0x1866, 0x147C, 0x104E, 0x0BFC,  0x0784, 0x02F6, 0xFE59, 0xF9C1,
  0xF531, 0xF0B8, 0xEC67, 0xE83B,  0xE44D, 0xE0A2, 0xDD40, 0xDA32,
  0xD784, 0xD537, 0xD355, 0xD1DF,  0xD0DA, 0xD055, 0xD038, 0xD09E,
  0xD16E, 0xD2C3, 0xD47D, 0xD6A5,  0xD93A, 0xDC30, 0xDF7C, 0xE31D,
  0xE705, 0xEB30, 0xEF8B, 0xF413,  0xF8B7, 0xFD71, 0x022D, 0x06EB,
  0x0B90, 0x101F, 0x1480, 0x18B5,  0x1CA3, 0x2053, 0x23AD, 0x26AE,
  0x294D, 0x2B87, 0x2D57, 0x2EB1,  0x2F94, 0x3008, 0x3000, 0x2F80,
  0x2E8A, 0x2D20, 0x2B4D, 0x2905,  0x265B, 0x2358, 0x1FF8, 0x1C4C,
  0x185E, 0x1432, 0x0FDB, 0x0B58,  0x06C3, 0x021A, 0xFD77, 0xF8D6,
  0xF44E, 0xEFE6, 0xEBA9, 0xE7A9,  0xE3DE, 0xE065, 0xDD3A, 0xDA6F,
  0xD7FD, 0xD5F7, 0xD456, 0xD332,  0xD26D, 0xD225, 0xD254, 0xD2ED,
  0xD3FA, 0xD575, 0xD756, 0xD9A1,  0xDC41, 0xDF3C, 0xE287, 0xE615,
  0xE9DF, 0xEDDD, 0xF202, 0xF644,  0xFA99, 0xFEF4, 0x034C, 0x0791,
  0x0BC6, 0x0FC9, 0x13A6, 0x1748,  0x1AAC, 0x1DC0, 0x2088, 0x22F8,
  0x250A, 0x26B8, 0x2804, 0x28E3,  0x2961, 0x2966, 0x290D, 0x284C,
  0x271D, 0x2592, 0x23A8, 0x216A,  0x1ED6, 0x1BFD, 0x18DD, 0x158B,
  0x1201, 0x0E57, 0x0A8B, 0x06B3,  0x02CA, 0xFEEF, 0xFB12, 0xF755,
  0xF3B5, 0xF03E, 0xECF6, 0xE9ED,  0xE720, 0xE4A3, 0xE268, 0xE08C,
  0xDF02, 0xDDD6, 0xDD00, 0xDC92,  0xDC7F, 0xDCC7, 0xDD71, 0xDE6E,
  0xDFCC, 0xE171, 0xE368, 0xE5A7,  0xE824, 0xEAD9, 0xEDC1, 0xF0D1,
  0xF3FF, 0xF748, 0xFA9A, 0xFDF5,  0x0147, 0x0492, 0x07BE, 0x0AD4,
  0x0DB8, 0x107D, 0x12FC, 0x1549,  0x1750, 0x1914, 0x1A88, 0x1BAE,
  0x1C89, 0x1D0D, 0x1D3E, 0x1D1C,  0x1CAC, 0x1BE9, 0x1ADC, 0x197F,
  0x17ED, 0x160A, 0x13FA, 0x11B1,  0x0F3E, 0x0CAA, 0x09F1, 0x072C,
  0x0454, 0x017D, 0xFEA5, 0xFBDF,  0xF924, 0xF68F, 0xF418, 0xF1C9,
  0xEFAE, 0xEDC9, 0xEC1E, 0xEAB1,  0xE98A, 0xE8A8, 0xE812, 0xE7BE,
  0xE7B9, 0xE7FE, 0xE88D, 0xE95A,  0xEA73, 0xEBC8, 0xED5A, 0xEF1F,
  0xF11A, 0xF33B, 0xF581, 0xF7E7,  0xFA5D, 0xFCEA, 0xFF70, 0x0205,
  0x0481, 0x06F9, 0x0954, 0x0B8D,  0x0DA6, 0x0F8D, 0x1149, 0x12CA,
  0x140E, 0x1515, 0x15DC, 0x165B,  0x1692, 0x1686, 0x1635, 0x1598,
  0x14B9, 0x1399, 0x123F, 0x10A3,  0x0ED4, 0x0CD8, 0x0AAF, 0x0863,
  0x05F8, 0x0379, 0x00EC, 0xFE56,  0xFBC4, 0xF938, 0xF6BD, 0xF45C,
  0xF219, 0xEFFC, 0xEE0A, 0xEC53,  0xEAC6, 0xE987, 0xE87A, 0xE7C1,
  0xE743, 0xE714, 0xE731, 0xE79A,  0xE848, 0xE941, 0xEA84, 0xEC0A,
  0xEDCC, 0xEFC8, 0xF203, 0xF462,  0xF6F3, 0xF9A0, 0xFC6D, 0xFF49,
  0x0231, 0x051B, 0x0800, 0x0AD5,  0x0D96, 0x1036, 0x12B0, 0x14FD,
  0x1713, 0x18F3, 0x1A87, 0x1BE3,  0x1CE9, 0x1DA5, 0x1E0E, 0x1E25,
  0x1DEA, 0x1D54, 0x1C6F, 0x1B39,  0x19B2, 0x17DA, 0x15C4, 0x1362,
  0x10CF, 0x0DF5, 0x0AFE, 0x07D2,  0x0493, 0x0131, 0xFDCD, 0xFA61,
  0xF6F7, 0xF3A4, 0xF05D, 0xED43,  0xEA4A, 0xE78A, 0xE4FD, 0xE2B6,
  0xE0B7, 0xDF06, 0xDDA6, 0xDC9F,  0xDBF8, 0xDBAA, 0xDBBA, 0xDC30,
  0xDD02, 0xDE36, 0xDFC0, 0xE1A8,  0xE3E6, 0xE66E, 0xE940, 0xEC59,
  0xEFAB, 0xF32B, 0xF6D9, 0xFAA8,  0xFE89, 0x027E, 0x0669, 0x0A5B,
  0x0E2D, 0x11EE, 0x157E, 0x18E7,  0x1C0D, 0x1EFC, 0x2199, 0x23E6,
  0x25DC, 0x2777, 0x28AA, 0x297D,  0x29E0, 0x29E1, 0x2971, 0x2893,
  0x2756, 0x25AD, 0x239B, 0x2137,  0x1E6C, 0x1B62, 0x17F9, 0x145B,
  0x1082, 0x0C75, 0x0845, 0x03FC,  0xFF9E, 0xFB42, 0xF6E4, 0xF29D,
  0xEE6F, 0xEA6B, 0xE697, 0xE2FD,  0xDFAA, 0xDCA4, 0xD9F4, 0xD7A3,
  0xD5A9, 0xD42E, 0xD309, 0xD266,  0xD222, 0xD266, 0xD30E, 0xD42C,
  0xD5B9, 0xD7B3, 0xDA11, 0xDCD3,  0xDFE7, 0xE35E, 0xE70E, 0xEB09,
  0xEF38, 0xF396, 0xF813, 0xFCA8,  0x0147, 0x05E6, 0x0A7A, 0x0EF4,
  0x134C, 0x1774, 0x1B65, 0x1F13,  0x2274, 0x2580, 0x2832, 0x2A7D,
  0x2C5F, 0x2DD3, 0x2EDA, 0x2F65,  0x2F7F, 0x2F1B, 0x2E51, 0x2D02,
  0x2B4C, 0x292A, 0x269F, 0x23B7,  0x2070, 0x1CDC, 0x1908, 0x14E3,
  0x10A2, 0x0C22, 0x0798, 0x02EE,  0xFE45, 0xF99F, 0xF50A, 0xF096,
  0xEC43, 0xE829, 0xE446, 0xE0B3,  0xDD67, 0xDA73, 0xD7E5, 0xD5B7,
  0xD3F6, 0xD2A0, 0xD1C1, 0xD154,  0xD15D, 0xD1D3, 0xD2C9, 0xD425,
  0xD5F2, 0xD822, 0xDABC, 0xDDAB,  0xE0ED, 0xE47C, 0xE84D, 0xEC55,
  0xF08A, 0xF4DF, 0xF953, 0xFDCA,  0x024A, 0x06B9, 0x0B14, 0x0F51,
  0x1360, 0x1739, 0x1AD4, 0x1E26,  0x212F, 0x23D1, 0x2628, 0x2809,
  0x2999, 0x2AA6, 0x2B55, 0x2B93,  0x2B62, 0x2AC0, 0x29B8, 0x2846,
  0x2672, 0x243B, 0x21B2, 0x1ED3,  0x1BB0, 0x1843, 0x14A9, 0x10D8,
  0x0CEA, 0x08DE, 0x04C3, 0x00A6,  0xFC8C, 0xF886, 0xF499, 0xF0D0,
  0xED38, 0xE9D8, 0xE6B1, 0xE3D9,  0xE14E, 0xDF15, 0xDD35, 0xDBB6,
  0xDA94, 0xD9DD, 0xD97C, 0xD98E,  0xD9FC, 0xDACC, 0xDBFC, 0xDD84,
  0xDF6A, 0xE196, 0xE410, 0xE6D1,  0xE9C6, 0xECF4, 0xF048, 0xF3BC,
  0xF74B, 0xFAE3, 0xFE86, 0x021B,  0x05A5, 0x091A, 0x0C64, 0x0F8E,
  0x127E, 0x153C, 0x17B6, 0x19E6,  0x1BCE, 0x1D6B, 0x1EAA, 0x1F9B,
  0x202F, 0x2071, 0x2053, 0x1FDF,  0x1F1C, 0x1DFF, 0x1C9A, 0x1AE2,
  0x18F1, 0x16BA, 0x144B, 0x11B0,  0x0EE7, 0x0C02, 0x0902, 0x05F1,
  0x02DB, 0xFFC5, 0xFCBC, 0xF9C2,  0xF6E2, 0xF428, 0xF197, 0xEF35,
  0xED09, 0xEB1C, 0xE973, 0xE807,  0xE6EA, 0xE618, 0xE595, 0xE559,
  0xE570, 0xE5D5, 0xE681, 0xE77A,  0xE8B0, 0xEA34, 0xEBE7, 0xEDD8,
  0xEFF8, 0xF23F, 0xF4B1, 0xF733,  0xF9D3, 0xFC79, 0xFF26, 0x01D0,
  0x046B, 0x06F6, 0x0965, 0x0BB5,  0x0DD8, 0x0FCE, 0x1195, 0x131D,
  0x146B, 0x1573, 0x1641, 0x16C2,  0x16FA, 0x16F0, 0x16A0, 0x1604,
  0x1528, 0x140B, 0x12B0, 0x111E,  0x0F52, 0x0D5F, 0x0B3C, 0x08FE,
  0x069C, 0x042E, 0x01AF, 0xFF2A,  0xFCAB, 0xFA35, 0xF7CB, 0xF585,
  0xF353, 0xF14F, 0xEF75, 0xEDCD,  0xEC61, 0xEB28, 0xEA35, 0xE98A,
  0xE916, 0xE8F6, 0xE914, 0xE983,  0xEA30, 0xEB22, 0xEC5B, 0xEDD1,
  0xEF7F, 0xF165, 0xF37A, 0xF5BF,  0xF81F, 0xFAA5, 0xFD3B, 0xFFE3,
  0x028F, 0x053B, 0x07DE, 0x0A6D,  0x0CEC, 0x0F3C, 0x1176, 0x136F,
  0x1547, 0x16D5, 0x182D, 0x193C,  0x1A0A, 0x1A88, 0x1AB7, 0x1AA6,
  0x1A36, 0x1987, 0x187E, 0x1739,  0x15A5, 0x13CD, 0x11B9, 0x0F6D,
  0x0CEE, 0x0A3F, 0x076A, 0x0481,  0x0174, 0xFE67, 0xFB4A, 0xF839,
  0xF532, 0xF23D, 0xEF6A, 0xECB8,  0xEA3A, 0xE7EA, 0xE5DD, 0xE409,
  0xE284, 0xE14F, 0xE05C, 0xDFD0,  0xDF89, 0xDFAB, 0xE014, 0xE0E2,
  0xE205, 0xE378, 0xE53E, 0xE751,  0xE9B3, 0xEC4F, 0xEF2A, 0xF23A,
  0xF57A, 0xF8DC, 0xFC5B, 0xFFEB,  0x0389, 0x0722, 0x0AB5, 0x0E35,
  0x1193, 0x14D3, 0x17DC, 0x1AB4,  0x1D47, 0x1F99, 0x2199, 0x2348,
  0x249B, 0x2598, 0x262F, 0x2663,  0x2638, 0x25A7, 0x24B3, 0x2359,
  0x21A8, 0x1F98, 0x1D32, 0x1A79,  0x177C, 0x1438, 0x10BA, 0x0D09,
  0x0932, 0x053C, 0x012C, 0xFD18,  0xF900, 0xF4F3, 0xF0FD, 0xED25,
  0xE976, 0xE5FD, 0xE2BE, 0xDFC6,  0xDD19, 0xDAC3, 0xD8CC, 0xD72B,
  0xD5FC, 0xD528, 0xD4D2, 0xD4D8,  0xD552, 0xD63D, 0xD78E, 0xD948,
  0xDB65, 0xDDE6, 0xE0BE, 0xE3E6,  0xE759, 0xEB15, 0xEF01, 0xF323,
  0xF766, 0xFBC3, 0x0035, 0x04A3,  0x090F, 0x0D67, 0x119F, 0x15B5,
  0x1990, 0x1D36, 0x208C, 0x23A0,  0x264F, 0x28AB, 0x2A9B, 0x2C2C,
  0x2D3D, 0x2DF4, 0x2E24, 0x2DF3,  0x2D3E, 0x2C20, 0x2A96, 0x289B,
  0x263A, 0x2378, 0x2063, 0x1CF2,  0x193D, 0x1548, 0x111A, 0x0CC2,
  0x0848, 0x03B6, 0xFF21, 0xFA84,  0xF5FC, 0xF185, 0xED38, 0xE915,
  0xE52F, 0xE187, 0xDE2C, 0xDB2C,  0xD87F, 0xD638, 0xD459, 0xD2EB,
  0xD1EA, 0xD15A, 0xD141, 0xD19E,  0xD270, 0xD3AA, 0xD55E, 0xD776,
  0xD9F2, 0xDCCC, 0xE002, 0xE37D,  0xE749, 0xEB45, 0xEF7C, 0xF3D9,
  0xF84A, 0xFCD8, 0x015E, 0x05EB,  0x0A5C, 0x0EB7, 0x12E3, 0x16E4,
  0x1AA6, 0x1E23, 0x214E, 0x2429,  0x26A4, 0x28BF, 0x2A68, 0x2BB5,
  0x2C86, 0x2CF0, 0x2CDE, 0x2C6A,  0x2B7A, 0x2A27, 0x2861, 0x2646,
  0x23C3, 0x20EA, 0x1DC6, 0x1A55,  0x16AD, 0x12CB, 0x0EC0, 0x0A98,
  0x0657, 0x020E, 0xFDC7, 0xF986,  0xF566, 0xF15C, 0xED86, 0xE9D9,
  0xE679, 0xE355, 0xE081, 0xDDFF,  0xDBDE, 0xDA18, 0xD8B5, 0xD7B7,
  0xD728, 0xD6FC, 0xD738, 0xD7E1,  0xD8EA, 0xDA5C, 0xDC20, 0xDE45,
  0xE0BF, 0xE379, 0xE682, 0xE9BD,  0xED31, 0xF0CD, 0xF486, 0xF857,
  0xFC31, 0x0010, 0x03E1, 0x07A9,  0x0B44, 0x0ECF, 0x1218, 0x1535,
  0x180E, 0x1AA9, 0x1CF1, 0x1EE9,  0x208D, 0x21D8, 0x22C8, 0x2355,
  0x2387, 0x2360, 0x22D3, 0x21F1,  0x20B5, 0x1F2C, 0x1D48, 0x1B2A,
  0x18BC, 0x161F, 0x1344, 0x1043,  0x0D1E, 0x09DE, 0x068B, 0x0335,
  0xFFD8, 0xFC8E, 0xF94F, 0xF632,  0xF332, 0xF062, 0xEDC8, 0xEB5E,
  0xE93C, 0xE759, 0xE5C6, 0xE47B,  0xE37C, 0xE2D9, 0xE282, 0xE27F,
  0xE2CE, 0xE36D, 0xE45F, 0xE592,  0xE714, 0xE8D6, 0xEAD0, 0xED07,
  0xEF63, 0xF1F3, 0xF49C, 0xF75F,  0xFA34, 0xFD0F, 0xFFEE, 0x02C1,
  0x0588, 0x0830, 0x0AC3, 0x0D28,  0x0F62, 0x1168, 0x1336, 0x14CD,
  0x1616, 0x1722, 0x17EA, 0x1861,  0x1896, 0x1876, 0x181D, 0x176F,
  0x1684, 0x154F, 0x13E9, 0x123B,  0x1065, 0x0E59, 0x0C29, 0x09D9,
  0x0768, 0x04EE, 0x0260, 0xFFD6,  0xFD4A, 0xFACE, 0xF861, 0xF614,
  0xF3E4, 0xF1DB, 0xF004, 0xEE5B,  0xECF2, 0xEBBB, 0xEAC8, 0xEA1E,
  0xE9AF, 0xE989, 0xE9AB, 0xEA12,  0xEABC, 0xEBAA, 0xECD3, 0xEE45,
  0xEFDF, 0xF1B5, 0xF3B8, 0xF5E3,  0xF82C, 0xFA91, 0xFD0B, 0xFF8E,
  0x0218, 0x049C, 0x0715, 0x097F,  0x0BCA, 0x0DFB, 0x0FFB, 0x11D5,
  0x137A, 0x14E5, 0x1610, 0x1700,  0x17A9, 0x1809, 0x1824, 0x17F2,
  0x177F, 0x16BE, 0x15B1, 0x146E,  0x12E2, 0x1118, 0x0F1D, 0x0CE8,
  0x0A91, 0x0809, 0x0569, 0x02B3,  0xFFE9, 0xFD1B, 0xFA4D, 0xF783,
  0xF4D3, 0xF234, 0xEFB7, 0xED67,  0xEB3B, 0xE955, 0xE797, 0xE62C,
  0xE4F7, 0xE41B, 0xE380, 0xE334,  0xE346, 0xE39B, 0xE447, 0xE544,
  0xE68B, 0xE828, 0xE9FB, 0xEC20,  0xEE7B, 0xF113, 0xF3D6, 0xF6C7,
  0xF9DA, 0xFD04, 0x0043, 0x0388,  0x06CF, 0x0A0C, 0x0D33, 0x1048,
  0x132D, 0x15F4, 0x187B, 0x1ACE,  0x1CDB, 0x1EA3, 0x201D, 0x2142,
  0x2210, 0x228B, 0x22A6, 0x2263,  0x21C8, 0x20D0, 0x1F7F, 0x1DD1,
  0x1BD9, 0x198C, 0x16FB, 0x141D,  0x110F, 0x0DC6, 0x0A52, 0x06BD,
  0x0307, 0xFF4C, 0xFB7F, 0xF7BD,  0xF406, 0xF062, 0xECE6, 0xE98F,
  0xE66C, 0xE387, 0xE0E4, 0xDE8E,  0xDC86, 0xDADA, 0xD98A, 0xD89A,
  0xD80B, 0xD7E7, 0xD827, 0xD8D1,  0xD9D9, 0xDB4E, 0xDD22, 0xDF4E,
  0xE1D4, 0xE4AC, 0xE7D1, 0xEB34,  0xEED4, 0xF2A5, 0xF6A2, 0xFAB4,
  0xFEE6, 0x0313, 0x074B, 0x0B6D,  0x0F7E, 0x136B, 0x172A, 0x1AB7,
  0x1E04, 0x2103, 0x23BE, 0x2618,  0x2819, 0x29B3, 0x2AEA, 0x2BB7,
  0x2C10, 0x2BFF, 0x2B7E, 0x2A91,  0x2932, 0x276F, 0x2546, 0x22BF,
  0x1FD7, 0x1CA7, 0x1922, 0x1567,  0x1165, 0x0D3F, 0x08F2, 0x0489,
  0x0016, 0xFB9A, 0xF72C, 0xF2CD,  0xEE91, 0xEA7A, 0xE697, 0xE2F6,
  0xDF99, 0xDC8B, 0xD9D3, 0xD77E,  0xD58B, 0xD401, 0xD2E2, 0xD23C,
  0xD1FE, 0xD23A, 0xD2E4, 0xD403,  0xD58F, 0xD77D, 0xD9E0, 0xDC95,
  0xDFAB, 0xE30C, 0xE6B8, 0xEAA5,  0xEEC5, 0xF30D, 0xF77D, 0xFBFA,
  0x0085, 0x050B, 0x0986, 0x0DE7,  0x1225, 0x1637, 0x1A09, 0x1DA0,
  0x20EB, 0x23E0, 0x267C, 0x28B2,  0x2A8F, 0x2BEF, 0x2CEE, 0x2D73,
  0x2D91, 0x2D32, 0x2C67, 0x2B2E,  0x298B, 0x277F, 0x250D, 0x224B,
  0x1F2B, 0x1BC7, 0x1817, 0x1439,  0x1022, 0x0BEB, 0x0799, 0x0334,
  0xFED4, 0xFA70, 0xF62A, 0xF1F3,  0xEDF1, 0xEA1A, 0xE67E, 0xE327,
  0xE01D, 0xDD69, 0xDB07, 0xD90F,  0xD773, 0xD649, 0xD57F, 0xD525,
  0xD53C, 0xD5BC, 0xD6A4, 0xD7F2,  0xD9AC, 0xDBBA, 0xDE29, 0xE0E1,
  0xE3F0, 0xE735, 0xEABC, 0xEE70,  0xF249, 0xF645, 0xFA4A, 0xFE5D,
  0x026C, 0x066B, 0x0A58, 0x0E1C,  0x11B9, 0x1524, 0x1851, 0x1B37,
  0x1DD2, 0x2020, 0x2215, 0x23A8,  0x24E6, 0x25BB, 0x2634, 0x2641,
  0x25F0, 0x253F, 0x242F, 0x22BB,  0x20FF, 0x1EE4, 0x1C87, 0x19DE,
  0x16FC, 0x13E6, 0x109D, 0x0D3A,  0x09B2, 0x0622, 0x0287, 0xFEED,
  0xFB62, 0xF7E8, 0xF492, 0xF15E,  0xEE5B, 0xEB8A, 0xE902, 0xE6B2,
  0xE4AE, 0xE300, 0xE198, 0xE093,  0xDFD4, 0xDF7D, 0xDF75, 0xDFCA,
  0xE06E, 0xE16D, 0xE2B9, 0xE44F,  0xE62B, 0xE84E, 0xEAA5, 0xED33,
  0xEFEA, 0xF2C9, 0xF5C1, 0xF8CE,  0xFBE7, 0xFEFD, 0x0214, 0x0517,
  0x0806, 0x0AD2, 0x0D7C, 0x0FF7,  0x123D, 0x1448, 0x1617, 0x17A1,
  0x18E3, 0x19D8, 0x1A87, 0x1AE8,  0x1AF0, 0x1ABA, 0x1A2B, 0x195F,
  0x183E, 0x16E3, 0x1549, 0x1372,  0x116A, 0x0F31, 0x0CD8, 0x0A57,
  0x07C7, 0x051D, 0x0272, 0xFFC4,  0xFD1B, 0xFA85, 0xF7FF, 0xF59E,
  0xF35D, 0xF148, 0xEF60, 0xEDB7,  0xEC3E, 0xEB0C, 0xEA14, 0xE969,
  0xE8FF, 0xE8DA, 0xE8FE, 0xE96E,  0xEA18, 0xEB0E, 0xEC3A, 0xEDAC,
  0xEF4D, 0xF121, 0xF325, 0xF54D,  0xF794, 0xF9F2, 0xFC67, 0xFEE1,
  0x015E, 0x03DB, 0x0642, 0x089F,  0x0ADC, 0x0CFA, 0x0EEB, 0x10B4,
  0x1248, 0x13A1, 0x14C1, 0x159E,  0x163C, 0x1697, 0x16A1, 0x1674,
  0x15F8, 0x1539, 0x1438, 0x12F7,  0x117D, 0x0FC8, 0x0DDB, 0x0BCC,
  0x098A, 0x072F, 0x04B3, 0x022B,  0xFF91, 0xFCF8, 0xFA5E, 0xF7D6,
  0xF559, 0xF300, 0xF0BE, 0xEEAF,  0xECC5, 0xEB1D, 0xE9A1, 0xE86B,
  0xE776, 0xE6CE, 0xE662, 0xE64F,  0xE675, 0xE702, 0xE7B9, 0xE8D3,
  0xEA24, 0xEBC3, 0xED9A, 0xEFAC,  0xF1FA, 0xF46D, 0xF711, 0xF9D0,
  0xFCAE, 0xFF9B, 0x028F, 0x058B,  0x0879, 0x0B5F, 0x0E25, 0x10D2,
  0x1355, 0x15A6, 0x17CC, 0x19A5,  0x1B4B, 0x1CA1, 0x1DB0, 0x1E6F,
  0x1ED3, 0x1EF7, 0x1EB1, 0x1E25,  0x1D37, 0x1C06, 0x1A79, 0x18A2,
  0x1688, 0x1421, 0x118C, 0x0EAD,  0x0BAD, 0x0883, 0x0534, 0x01D2,
  0xFE64, 0xFAED, 0xF77D, 0xF41C,  0xF0CD, 0xEDA7, 0xEA9F, 0xE7D3,
  0xE537, 0xE2E1, 0xE0D2, 0xDF12,  0xDD9D, 0xDC88, 0xDBCA, 0xDB6B,
  0xDB6A, 0xDBC7, 0xDC8B, 0xDDA6,  0xDF1F, 0xE0F4, 0xE31C, 0xE595,
  0xE854, 0xEB5B, 0xEEA0, 0xF20F,  0xF5B1, 0xF975, 0xFD4C, 0x013A,
  0x051F, 0x090E, 0x0CDF, 0x10A1,  0x1436, 0x17A3, 0x1AD7, 0x1DCE,
  0x207A, 0x22D9, 0x24E2, 0x2694,  0x27E1, 0x28CA, 0x2950, 0x296C,
  0x291C, 0x2867, 0x2743, 0x25C8,  0x23D6, 0x2199, 0x1EF7, 0x1C0D,
  0x18CE, 0x1553, 0x119D, 0x0DB2,  0x09A4, 0x0573, 0x0139, 0xFCED,
  0xF8AB, 0xF473, 0xF056, 0xEC5D,  0xE88D, 0xE4FE, 0xE19E, 0xDEA0,
  0xDBDE, 0xD981, 0xD77C, 0xD5DE,  0xD4AD, 0xD3DE, 0xD387, 0xD398,
  0xD423, 0xD50E, 0xD66F, 0xD839,  0xDA66, 0xDCEF, 0xDFD8, 0xE30E,
  0xE691, 0xEA54, 0xEE4E, 0xF278,  0xF6C6, 0xFB27, 0xFF9F, 0x040F,
  0x0880, 0x0CD5, 0x1110, 0x151C,  0x18FB, 0x1C97, 0x1FEE, 0x22F2,
  0x25A5, 0x27F6, 0x29E4, 0x2B67,  0x2C85, 0x2D2B, 0x2D65, 0x2D28,
  0x2C87, 0x2B68, 0x29E3, 0x27F8,  0x25A5, 0x22F9, 0x1FF1, 0x1C9D,
  0x1905, 0x152C, 0x111E, 0x0CED,  0x0898, 0x0430, 0xFFC4, 0xFB54,
  0xF6F6, 0xF2B3, 0xEE8E, 0xEA9B,  0xE6DF, 0xE365, 0xE036, 0xDD51,
  0xDAD1, 0xD8A7, 0xD6E6, 0xD58A,  0xD49A, 0xD41E, 0xD407, 0xD461,
  0xD530, 0xD65E, 0xD7FE, 0xD9F6,  0xDC56, 0xDF0A, 0xE208, 0xE556,
  0xE8DF, 0xECA3, 0xF08B, 0xF4A0,  0xF8C0, 0xFCFB, 0x012F, 0x055C,
  0x0979, 0x0D74, 0x114F, 0x14F0,  0x185C, 0x1B85, 0x1E64, 0x20F0,
  0x2324, 0x24FF, 0x2676, 0x278C,  0x2834, 0x2881, 0x285E, 0x27D3,
  0x26EA, 0x2599, 0x23F3, 0x21E5,  0x1F96, 0x1CED, 0x1A07, 0x16DD,
  0x1383, 0x0FFD, 0x0C53, 0x0894,  0x04C1, 0x00EE, 0xFD1F, 0xF961,
  0xF5B7, 0xF234, 0xEEDC, 0xEBB8,  0xE8CB, 0xE626, 0xE3C6, 0xE1BD,
  0xDFF9, 0xDE9B, 0xDD8F, 0xDCE4,  0xDC92, 0xDCA0, 0xDD0F, 0xDDD0,
  0xDEEE, 0xE062, 0xE223, 0xE431,  0xE67D, 0xE90F, 0xEBD2, 0xEEC7,
  0xF1DD, 0xF515, 0xF860, 0xFBB7,  0xFF10, 0x0262, 0x05A5, 0x08D2,
  0x0BDB, 0x0EBE, 0x116E, 0x13ED,  0x162A, 0x1824, 0x19DC, 0x1B43,
  0x1C61, 0x1D23, 0x1DA2, 0x1DC4,  0x1D97, 0x1D14, 0x1C4B, 0x1B2E,
  0x19CD, 0x1823, 0x1642, 0x1422,  0x11D3, 0x0F54, 0x0CBA, 0x09F7,
  0x072E, 0x044A, 0x016E, 0xFE8E,  0xFBC0, 0xF903, 0xF65E, 0xF3E6,
  0xF18C, 0xEF6E, 0xED77, 0xEBCA,  0xEA54, 0xE922, 0xE835, 0xE793,
  0xE73B, 0xE727, 0xE760, 0xE7E3,  0xE8AC, 0xE9B3, 0xEB00, 0xEC87,
  0xEE45, 0xF033, 0xF24D, 0xF48E,  0xF6EC, 0xF960, 0xFBE4, 0xFE72,
  0x00FB, 0x0386, 0x05F8, 0x085E,  0x0A9E, 0x0CC4, 0x0EB5, 0x1081,
  0x1213, 0x136E, 0x1489, 0x1563,  0x1603, 0x1653, 0x1668, 0x162A,
  0x15BC, 0x14F6, 0x13FC, 0x12BD,  0x114E, 0x0F9B, 0x0DC5, 0x0BB9,
  0x098F, 0x0746, 0x04DE, 0x0272,  0xFFF1, 0xFD76, 0xFAFD, 0xF891,
  0xF63F, 0xF3FD, 0xF1F0, 0xEFF4,  0xEE3D, 0xECAB, 0xEB5B, 0xEA43,
  0xE96C, 0xE8DE, 0xE88F, 0xE888,  0xE8CB, 0xE956, 0xEA22, 0xEB32,
  0xEC88, 0xEE18, 0xEFE3, 0xF1DD,  0xF40F, 0xF663, 0xF8DA, 0xFB6F,
  0xFE15, 0x00CA, 0x0382, 0x0635,  0x08E1, 0x0B75, 0x0DF4, 0x104B,
  0x127E, 0x147C, 0x164A, 0x17D7,  0x1926, 0x1A31, 0x1AF2, 0x1B6A,
  0x1B8D, 0x1B6F, 0x1AFB, 0x1A34,  0x1929, 0x17CD, 0x1635, 0x144A,
  0x122B, 0x0FD1, 0x0D43, 0x0A89,  0x07A7, 0x04AF, 0x0198, 0xFE7B,
  0xFB56, 0xF835, 0xF523, 0xF223,  0xEF44, 0xEC89, 0xE9FA, 0xE7A6,
  0xE586, 0xE3B1, 0xE21B, 0xE0DB,  0xDFE2, 0xDF45, 0xDEFE, 0xDF0D,
  0xDF74, 0xE033, 0xE151, 0xE2B9,  0xE47B, 0xE684, 0xE8DF, 0xEB77,
  0xEE4A, 0xF159, 0xF494, 0xF7F3,  0xFB72, 0xFF02, 0x02A2, 0x063C,
  0x09D8, 0x0D55, 0x10C5, 0x1404,  0x1721, 0x19FF, 0x1CA2, 0x1F04,
  0x2116, 0x22D6, 0x243F, 0x2550,  0x25FE, 0x264E, 0x2635, 0x25C8,
  0x24E4, 0x23AF, 0x2213, 0x2021,  0x1DD9, 0x1B38, 0x1858, 0x152C,
  0x11C9, 0x0E2D, 0x0A6F, 0x0689,  0x0290, 0xFE87, 0xFA81, 0xF67C,
  0xF28E, 0xEEBC, 0xEB0E, 0xE793,  0xE452, 0xE14E, 0xDE99, 0xDC32,
  0xDA29, 0xD875, 0xD728, 0xD640,  0xD5C3, 0xD5AE, 0xD602, 0xD6C5,
  0xD7F2, 0xD97E, 0xDB75, 0xDDC6,  0xE072, 0xE36E, 0xE6B6, 0xEA41,
  0xEE08, 0xF1F8, 0xF61A, 0xFA4D,  0xFE9A, 0x02EC, 0x0733, 0x0B77,
  0x0F95, 0x1398, 0x1769, 0x1AFC,  0x1E57, 0x2162, 0x241B, 0x267C,
  0x287D, 0x2A1D, 0x2B4C, 0x2C15,  0x2C71, 0x2C5B, 0x2BD4, 0x2AE0,
  0x2985, 0x27BF, 0x258E, 0x230C,  0x2024, 0x1CF8, 0x1977, 0x15BE,
  0x11CC, 0x0DAD, 0x0969, 0x0513,  0x00AB, 0xFC45, 0xF7E6, 0xF39E,
  0xEF72, 0xEB76, 0xE7A7, 0xE41A,  0xE0D1, 0xDDD9, 0xDB38, 0xD8EE,
  0xD70D, 0xD590, 0xD480, 0xD3D7,  0xD3A4, 0xD3DF, 0xD484, 0xD599,
  0xD717, 0xD8FB, 0xDB40, 0xDDDB,  0xE0D3, 0xE410, 0xE793, 0xEB52,
  0xEF40, 0xF359, 0xF78A, 0xFBD0,  0x001C, 0x0465, 0x089F, 0x0CC0,
  0x10BC, 0x148B, 0x1824, 0x1B7C,  0x1E89, 0x214A, 0x23B5, 0x25BD,
  0x2768, 0x28B1, 0x298E, 0x2A02,  0x2A07, 0x29AB, 0x28E2, 0x27B0,
  0x261C, 0x242E, 0x21E3, 0x1F48,  0x1C5B, 0x1936, 0x15C9, 0x1234,
  0x0E6D, 0x0A90, 0x0697, 0x0299,  0xFE94, 0xFAA0, 0xF6BB, 0xF2FB,
  0xEF58, 0xEBF0, 0xE8B8, 0xE5CC,  0xE31E, 0xE0C3, 0xDEBE, 0xDD10,
  0xDBBF, 0xDACA, 0xDA42, 0xDA0E,  0xDA45, 0xDADA, 0xDBCE, 0xDD21,
  0xDEC2, 0xE0BF, 0xE306, 0xE592,  0xE85D, 0xEB60, 0xEE94, 0xF1E9,
  0xF563, 0xF8E8, 0xFC7E, 0x0011,  0x03A0, 0x0718, 0x0A77, 0x0DB4,
  0x10C5, 0x139D, 0x1643, 0x189F,  0x1ABE, 0x1C83, 0x1E05, 0x1F2C,
  0x2003, 0x2076, 0x20A2, 0x206A,  0x1FE2, 0x1F02, 0x1DD2, 0x1C5A,
  0x1A92, 0x1889, 0x1649, 0x13CA,  0x1125, 0x0E4F, 0x0B63, 0x085B,
  0x0546, 0x022B, 0xFF11, 0xFC05,  0xF90C, 0xF62F, 0xF371, 0xF0E3,
  0xEE84, 0xEC5E, 0xEA6D, 0xE8CB,  0xE764, 0xE64B, 0xE57B, 0xE4F7,
  0xE4C8, 0xE4DE, 0xE541, 0xE5F8,  0xE6EE, 0xE82D, 0xE9AC, 0xEB67,
  0xED5A, 0xEF7C, 0xF1C5, 0xF43C,  0xF6C0, 0xF966, 0xFC0E, 0xFEC2,
  0x0170, 0x0414, 0x06A7, 0x091A,  0x0B77, 0x0DA4, 0x0FA8, 0x1176,
  0x130E, 0x146F, 0x1584, 0x1660,  0x16F3, 0x1746, 0x1747, 0x170B,
  0x1688, 0x15BD, 0x14B9, 0x136C,  0x11F2, 0x103E, 0x0E54, 0x0C4E,
  0x0A16, 0x07CE, 0x0566, 0x02F7,  0x007B, 0xFE03, 0xFB90, 0xF92F,
  0xF6E0, 0xF4B2, 0xF2A5, 0xF0C2,  0xEF0D, 0xED91, 0xEC49, 0xEB3F,
  0xEA75, 0xE9EF, 0xE9AC, 0xE9AB,  0xE9F0, 0xEA83, 0xEB46, 0xEC5B,
  0xEDA0, 0xEF2D, 0xF0E3, 0xF2CD,  0xF4E5, 0xF71F, 0xF978, 0xFBE8,
  0xFE6A, 0x00F1, 0x037E, 0x0601,  0x0879, 0x0ADA, 0x0D20, 0x0F43,
  0x1139, 0x1306, 0x1495, 0x15F6,  0x1707, 0x17E6, 0x187A, 0x18C4,
  0x18C6, 0x1882, 0x17F3, 0x171D,  0x15FC, 0x14A0, 0x12FD, 0x1125,
  0x0F0A, 0x0CD1, 0x0A58, 0x07CA,  0x0516, 0x024E, 0xFF7C, 0xFC9D,
  0xF9C1, 0xF6F8, 0xF430, 0xF195,  0xEF0C, 0xECB3, 0xEA8B, 0xE898,
  0xE6E0, 0xE568, 0xE43F, 0xE355,  0xE2C5, 0xE275, 0xE287, 0xE2E1,
  0xE390, 0xE48A, 0xE5DD, 0xE773,  0xE954, 0xEB77, 0xEDDA, 0xF076,
  0xF33D, 0xF638, 0xF94D, 0xFC82,  0xFFC4, 0x0315, 0x0661, 0x09AA,
  0x0CD9, 0x0FF7, 0x12EC, 0x15B5,  0x1853, 0x1AAB, 0x1CCA, 0x1E9F,
  0x2026, 0x215B, 0x223A, 0x22C6,  0x22EF, 0x22C1, 0x2232, 0x2151,
  0x200E, 0x1E73, 0x1C89, 0x1A51,  0x17CA, 0x1503, 0x11FB, 0x0EC5,
  0x0B5C, 0x07CF, 0x0426, 0x0072,  0xFCA7, 0xF8EF, 0xF532, 0xF196,
  0xEE11, 0xEAB8, 0xE78D, 0xE49D,  0xE1F0, 0xDF88, 0xDD73, 0xDBAF,
  0xDA4D, 0xD943, 0xD89A, 0xD859,  0xD880, 0xD903, 0xD9F2, 0xDB42,
  0xDCF3, 0xDEFD, 0xE15F, 0xE414,  0xE717, 0xEA55, 0xEDD5, 0xF187,
  0xF561, 0xF95D, 0xFD6C, 0x0188,  0x05A8, 0x09B5, 0x0DBC, 0x1195,
  0x1555, 0x18D7, 0x1C22, 0x1F2A,  0x21E5, 0x2450, 0x265F, 0x280D,
  0x295C, 0x2A48, 0x2ABC, 0x2AD4,  0x2A75, 0x29B8, 0x2881, 0x26F0,
  0x24F8, 0x22A2, 0x1FF2, 0x1CF1,  0x19A8, 0x161A, 0x1252, 0x0E5B,
  0x0A3F, 0x0608, 0x01BA, 0xFD6F,  0xF91F, 0xF4E8, 0xF0C2, 0xECC9,
  0xE8F6, 0xE566, 0xE210, 0xDF04,  0xDC4E, 0xD9ED, 0xD7F2, 0xD64E,
  0xD51D, 0xD454, 0xD3F7, 0xD40A,  0xD485, 0xD578, 0xD6CD, 0xD886,
  0xDAAC, 0xDD25, 0xDFFF, 0xE31C,  0xE68D, 0xEA36, 0xEE15, 0xF225,
  0xF64D, 0xFA99, 0xFEE4, 0x033C,  0x0781, 0x0BB8, 0x0FCC, 0x13BB,
  0x1772, 0x1AEF, 0x1E28, 0x2112,  0x23A8, 0x25E3, 0x27C1, 0x2935,
  0x2A43, 0x2AE7, 0x2B22, 0x2AEA,  0x2A4B, 0x293F, 0x27D6, 0x25F9,
  0x23CF, 0x2143, 0x1E6A, 0x1B45,  0x17DF, 0x1440, 0x1074, 0x0C7D,
  0x0871, 0x044E, 0x002A, 0xFC05,  0xF7F4, 0xF3F6, 0xF020, 0xEC75,
  0xE900, 0xE5C5, 0xE2D9, 0xE033,  0xDDE6, 0xDBED, 0xDA57, 0xD922,
  0xD84F, 0xD7E0, 0xD7DF, 0xD83E,  0xD902, 0xDA28, 0xDBB0, 0xDD8E,
  0xDFC3, 0xE243, 0xE513, 0xE819,  0xEB5F, 0xEECE, 0xF26A, 0xF61B,
  0xF9E5, 0xFDB2, 0x0184, 0x0546,  0x08F9, 0x0C87, 0x0FF2, 0x132E,
  0x1633, 0x18F1, 0x1B73, 0x1DA1,  0x1F87, 0x210C, 0x223E, 0x2316,
  0x2391, 0x23A7, 0x2368, 0x22CC,  0x21D2, 0x2087, 0x1EE3, 0x1CFB,
  0x1AC3, 0x184D, 0x159D, 0x12BC,  0x0FAB, 0x0C7F, 0x0932, 0x05DB,
  0x027A, 0xFF1B, 0xFBC5, 0xF885,  0xF55F, 0xF263, 0xEF87, 0xECED,
  0xEA81, 0xE85F, 0xE677, 0xE4E0,  0xE39B, 0xE29A, 0xE1F6, 0xE19B,
  0xE1A3, 0xE1ED, 0xE293, 0xE384,  0xE4C3, 0xE645, 0xE80F, 0xEA10,
  0xEC52, 0xEEB9, 0xF153, 0xF407,  0xF6DC, 0xF9BD, 0xFCAC, 0xFF9D,
  0x0280, 0x0562, 0x081D, 0x0AC6,  0x0D44, 0x0F99, 0x11BA, 0x13A0,
  0x154F, 0x16BB, 0x17DF, 0x18BE,  0x1952, 0x19A4, 0x199B, 0x1957,
  0x18BF, 0x17ED, 0x16C7, 0x156F,  0x13D3, 0x1207, 0x1000, 0x0DD8,
  0x0B86, 0x0919, 0x0695, 0x0400,  0x0169, 0xFECB, 0xFC40, 0xF9B7,
  0xF750, 0xF500, 0xF2DA, 0xF0DA,  0xEF0D, 0xED76, 0xEC1B, 0xEAFA,
  0xEA19, 0xE987, 0xE92B, 0xE920,  0xE954, 0xE9D1, 0xEA94, 0xEB8E,
  0xECD3, 0xEE47, 0xEFFD, 0xF1D2,  0xF3E6, 0xF611, 0xF860, 0xFAC6,
  0xFD38, 0xFFBB, 0x0239, 0x04B4,  0x0721, 0x0975, 0x0BB7, 0x0DCD,
  0x0FC1, 0x117E, 0x1314, 0x1464,  0x157E, 0x1655, 0x16EC, 0x173B,
  0x1743, 0x1707, 0x1685, 0x15BB,  0x14AF, 0x1361, 0x11DF, 0x1019,
  0x0E23, 0x0C03, 0x09B8, 0x0748,  0x04C6, 0x0224, 0xFF84, 0xFCD5,
  0xFA30, 0xF791, 0xF50A, 0xF29A,  0xF04F, 0xEE28, 0xEC35, 0xEA72,
  0xE8F3, 0xE7A3, 0xE6A9, 0xE5EB,  0xE57A, 0xE551, 0xE578, 0xE5EF,
  0xE6AA, 0xE7B4, 0xE907, 0xEAA0,  0xEC73, 0xEE8D, 0xF0D4, 0xF357,
  0xF5F8, 0xF8C6, 0xFBAC, 0xFEA8,  0x01AD, 0x04B7, 0x07BC, 0x0AB6,
  0x0D94, 0x105D, 0x12F4, 0x156B,  0x17A5, 0x19A5, 0x1B64, 0x1CDD,
  0x1E0E, 0x1EEA, 0x1F74, 0x1FB1,  0x1F91, 0x1F1E, 0x1E52, 0x1D38,
  0x1BC9, 0x1A07, 0x1803, 0x15B0,  0x1329, 0x1059, 0x0D66, 0x0A3A,
  0x06F9, 0x038E, 0x0021, 0xFCA1,  0xF926, 0xF5B4, 0xF258, 0xEF13,
  0xEBFB, 0xE90B, 0xE652, 0xE3DA,  0xE1A4, 0xDFBA, 0xDE20, 0xDCD9,
  0xDBF4, 0xDB64, 0xDB33, 0xDB62,  0xDBF7, 0xDCE3, 0xDE2E, 0xDFD7,
  0xE1D4, 0xE425, 0xE6BD, 0xE9A2,  0xECC4, 0xF01A, 0xF3A4, 0xF74E,
  0xFB1D, 0xFEF6, 0x02DD, 0x06C3,  0x0A9B, 0x0E62, 0x1205, 0x1585,
  0x18CA, 0x1BE4, 0x1EA6, 0x2133,  0x235B, 0x253D, 0x26B8, 0x27D1,
  0x288E, 0x28DF, 0x28C9, 0x284A,  0x2765, 0x2621, 0x246C, 0x2265,
  0x2000, 0x1D48, 0x1A44, 0x16F3,  0x1370, 0x0FAE, 0x0BC9, 0x07BA,
  0x039C, 0xFF6B, 0xFB3B, 0xF713,  0xF2FD, 0xEF06, 0xEB35, 0xE79A,
  0xE433, 0xE115, 0xDE44, 0xDBC0,  0xD99A, 0xD7D5, 0xD670, 0xD577,
  0xD4E2, 0xD4C2, 0xD50A, 0xD5BC,  0xD6DC, 0xD865, 0xDA51, 0xDC97,
  0xDF3F, 0xE235, 0xE57C, 0xE8FD,  0xECC3, 0xF0B3, 0xF4CE, 0xF904,
  0xFD4C, 0x019E, 0x05E8, 0x0A28,  0x0E4A, 0x124D, 0x161E, 0x19BC,
  0x1D15, 0x2024, 0x22E9, 0x2550,  0x2757, 0x2904, 0x2A3F, 0x2B1D,
  0x2B7D, 0x2B7F, 0x2B0E, 0x2A31,  0x28E9, 0x273F, 0x252F, 0x22C8,
  0x1FFF, 0x1CF8, 0x199B, 0x1607,  0x1239, 0x0E45, 0x0A29, 0x05FD,
  0x01BD, 0xFD81, 0xF94A, 0xF52D,  0xF125, 0xED50, 0xE9A1, 0xE63A,
  0xE30D, 0xE02F, 0xDDA3, 0xDB73,  0xD99E, 0xD828, 0xD721, 0xD67B,
  0xD641, 0xD66F, 0xD708, 0xD808,  0xD96A, 0xDB2A, 0xDD4E, 0xDFBC,
  0xE284, 0xE585, 0xE8D9, 0xEC4E,  0xF004, 0xF3CD, 0xF7BD, 0xFBB4,
  0xFFB5, 0x03B1, 0x079A, 0x0B6E,  0x0F1E, 0x12A1, 0x15F1, 0x18FF,
  0x1BD3, 0x1E4D, 0x2080, 0x2259,  0x23D8, 0x24F5, 0x25B5, 0x2611,
  0x260F, 0x25A2, 0x24DD, 0x23B7,  0x223A, 0x2061, 0x1E40, 0x1BD0,
  0x191F, 0x162E, 0x1310, 0x0FC0,  0x0C55, 0x08CB, 0x0533, 0x0197,
  0xFDFD, 0xFA6E, 0xF6FC, 0xF39D,  0xF075, 0xED6F, 0xEAAB, 0xE81B,
  0xE5DC, 0xE3DC, 0xE230, 0xE0D3,  0xDFD6, 0xDF22, 0xDED1, 0xDED1,
  0xDF36, 0xDFE2, 0xE0ED, 0xE240,  0xE3E9, 0xE5D1, 0xE7FC, 0xEA64,
  0xED02, 0xEFC5, 0xF2B5, 0xF5BC,  0xF8D7, 0xFC03, 0xFF2B, 0x0250,
  0x0565, 0x0867, 0x0B44, 0x0E02,  0x1087, 0x12E9, 0x14FF, 0x16E1,
  0x1877, 0x19CE, 0x1AD2, 0x1B8B,  0x1BF6, 0x1C13, 0x1BE0, 0x1B5B,
  0x1A93, 0x197E, 0x1822, 0x1687,  0x14B2, 0x12A5, 0x106A, 0x0E03,
  0x0B7D, 0x08DA, 0x0629, 0x0365,  0x00A8, 0xFDE4, 0xFB39, 0xF899,
  0xF619, 0xF3B9, 0xF188, 0xEF7D,  0xEDAF, 0xEC15, 0xEAC1, 0xE9A3,
  0xE8D1, 0xE844, 0xE7FF, 0xE800,  0xE844, 0xE8DB, 0xE9AA, 0xEABF,
  0xEC11, 0xED9E, 0xEF60, 0xF14F,  0xF369, 0xF5A7, 0xF800, 0xFA70,
  0xFCEB, 0xFF71, 0x01F2, 0x046E,  0x06D9, 0x092C, 0x0B62, 0x0D79,
  0x0F5A, 0x1118, 0x1298, 0x13E7,  0x14EB, 0x15BF, 0x1645, 0x168E,
  0x168C, 0x1645, 0x15C2, 0x14F3,  0x13E7, 0x129C, 0x111E, 0x0F60,
  0x0D7A, 0x0B67, 0x092E, 0x06DA,  0x046B, 0x01EF, 0xFF6A, 0xFCE4,
  0xFA5F, 0xF7F4, 0xF58D, 0xF353,  0xF132, 0xEF3B, 0xED77, 0xEBE5,
  0xEA90, 0xE972, 0xE89D, 0xE808,  0xE7BF, 0xE7B0, 0xE7FD, 0xE880,
  0xE957, 0xEA67, 0xEBC4, 0xED5A,  0xEF2B, 0xF130, 0xF368, 0xF5CC,
  0xF84C, 0xFAEF, 0xFDA6, 0x0068,  0x0333, 0x05F8, 0x08B6, 0x0B61,
  0x0DF2, 0x1061, 0x12A7, 0x14BF,  0x16A3, 0x1849, 0x19AB, 0x1AD1,
  0x1BA6, 0x1C36, 0x1C6D, 0x1C65,  0x1BFF, 0x1B51, 0x1A51, 0x1908,
  0x1777, 0x159C, 0x1381, 0x1132,  0x0EA3, 0x0BEE, 0x0905, 0x060E,
  0x02EB, 0xFFC7, 0xFC94, 0xF962,  0xF641, 0xF326, 0xF035, 0xED5A,
  0xEAB5, 0xE83C, 0xE600, 0xE403,  0xE250, 0xE0E5, 0xDFCC, 0xDF04,
  0xDE96, 0xDE83, 0xDEBB, 0xDF60,  0xE04C, 0xE19D, 0xE333, 0xE523,
  0xE75E, 0xE9DB, 0xEC99, 0xEF90,  0xF2BB, 0xF60D, 0xF981, 0xFD0D,
  0x00A9, 0x0447, 0x07E7, 0x0B72,  0x0EEF, 0x1243, 0x1574, 0x1871,
  0x1B2F, 0x1DB7, 0x1FEB, 0x21D6,  0x236B, 0x24A8, 0x258A, 0x2604,
  0x2627, 0x25E5, 0x253C, 0x2437,  0x22CF, 0x2111, 0x1EF7, 0x1C88,
  0x19D3, 0x16D2, 0x1396, 0x101D,  0x0C80, 0x08B5, 0x04D3, 0x00DD,
  0xFCE3, 0xF8E9, 0xF4FE, 0xF128,  0xED75, 0xE9ED, 0xE698, 0xE382,
  0xE0AC, 0xDE28, 0xDBF8, 0xDA1A,  0xD8A1, 0xD787, 0xD6D8, 0xD688,
  0xD6A7, 0xD72C, 0xD81F, 0xD96D,  0xDB25, 0xDD3A, 0xDFAC, 0xE268,
  0xE57B, 0xE8CD, 0xEC60, 0xF022,  0xF411, 0xF823, 0xFC46, 0x007A,
  0x04AA, 0x08D3, 0x0CE9, 0x10DE,  0x14AC, 0x1845, 0x1BA5, 0x1EC2,
  0x218D, 0x2408, 0x262C, 0x27EC,  0x2949, 0x2A3E, 0x2ACD, 0x2AED,
  0x2AA1, 0x29E8, 0x28CE, 0x2744,  0x255B, 0x2313, 0x2079, 0x1D81,
  0x1A4E, 0x16C8, 0x131D, 0x0F30,  0x0B29, 0x0701, 0x02CE, 0xFE8B,
  0xFA58, 0xF629, 0xF21F, 0xEE31,  0xEA75, 0xE6EE, 0xE3A6, 0xE0AF,
  0xDDFE, 0xDBA8, 0xD9AC, 0xD819,  0xD6E0, 0xD618, 0xD5B2, 0xD5C1,
  0xD633, 0xD709, 0xD853, 0xD9F7,  0xDBFB, 0xDE59, 0xE108, 0xE409,
  0xE746, 0xEAC5, 0xEE72, 0xF24D,  0xF643, 0xFA4E, 0xFE68, 0x027C,
  0x068B, 0x0A84, 0x0E59, 0x1210,  0x158A, 0x18D5, 0x1BD0, 0x1E8F,
  0x20F4, 0x2307, 0x24BA, 0x2613,  0x2709, 0x2796, 0x27C0, 0x2787,
  0x26E8, 0x25E7, 0x2482, 0x22CD,  0x20B7, 0x1E56, 0x1BAA, 0x18B9,
  0x1594, 0x1234, 0x0EB2, 0x0B0B,  0x0751, 0x0388, 0xFFC0, 0xFBF8,
  0xF84B, 0xF4AD, 0xF13F, 0xEDEF,  0xEAE1, 0xE806, 0xE574, 0xE324,
  0xE12F, 0xDF83, 0xDE33, 0xDD3A,  0xDCA4, 0xDC65, 0xDC86, 0xDD00,
  0xDDD8, 0xDF0A, 0xE083, 0xE25C,  0xE473, 0xE6D2, 0xE96D, 0xEC3E,
  0xEF3E, 0xF25F, 0xF5A3, 0xF8F4,  0xFC58, 0xFFB6, 0x0316, 0x0657,
  0x0992, 0x0C9C, 0x0F89, 0x123E,  0x14BA, 0x1703, 0x18FE, 0x1AB4,
  0x1C20, 0x1D3D, 0x1E06, 0x1E7C,  0x1E9D, 0x1E72, 0x1DED, 0x1D18,
  0x1BFD, 0x1A8F, 0x18E6, 0x16F2,  0x14D0, 0x1271, 0x0FEA, 0x0D3B,
  0x0A71, 0x0792, 0x04A0, 0x01B2,  0xFEB9, 0xFBDC, 0xF904, 0xF651,
  0xF3B9, 0xF14C, 0xEF13, 0xED08,  0xEB3F, 0xE9AE, 0xE86B, 0xE761,
  0xE6A8, 0xE639, 0xE615, 0xE636,  0xE6A7, 0xE75D, 0xE85C, 0xE998,
  0xEB14, 0xECCC, 0xEEB5, 0xF0CD,  0xF30C, 0xF56F, 0xF7E9, 0xFA77,
  0xFD11, 0xFFAC, 0x0246, 0x04D1,  0x074F, 0x09A7, 0x0BF0, 0x0E01,
  0x0FEE, 0x11A5, 0x1324, 0x146F,  0x156E, 0x1634, 0x16B5, 0x16F1,
  0x16E5, 0x1693, 0x1604, 0x152B,  0x1417, 0x12C3, 0x113D, 0x0F7E,
  0x0D93, 0x0B7F, 0x094B, 0x06F7,  0x0495, 0x021B, 0xFFAB, 0xFD29,
  0xFAC1, 0xF85C, 0xF613, 0xF3EB,  0xF1E0, 0xF007, 0xEE54, 0xECE1,
  0xEBA0, 0xEA9E, 0xE9DB, 0xE962,  0xE921, 0xE931, 0xE97B, 0xEA18,
  0xEAE9, 0xEC06, 0xED56, 0xEEF0,  0xF0AF, 0xF2A8, 0xF4CB, 0xF712,
  0xF978, 0xFBF5, 0xFE83, 0x011A,  0x03B3, 0x0646, 0x08CA, 0x0B39,
  0x0D90, 0x0FBC, 0x11C6, 0x139A,  0x153E, 0x16A2, 0x17CC, 0x18AA,
  0x1952, 0x19A1, 0x19AF, 0x1973,  0x18EB, 0x181A, 0x16FE, 0x15A4,
  0x1405, 0x1228, 0x1011, 0x0DCC,  0x0B55, 0x08BA, 0x05FF, 0x032B,
  0x004A, 0xFD5C, 0xFA72, 0xF790,  0xF4B9, 0xF202, 0xEF65, 0xECF2,
  0xEAAF, 0xE89E, 0xE6CD, 0xE537,  0xE3EE, 0xE2EB, 0xE236, 0xE1D0,
  0xE1BF, 0xE201, 0xE291, 0xE374,  0xE4AC, 0xE630, 0xE7F7, 0xEA0B,
  0xEC5F, 0xEEE8, 0xF1AF, 0xF497,  0xF7B2, 0xFAE0, 0xFE26, 0x017D,
  0x04D4, 0x0825, 0x0B6C, 0x0E96,  0x11A5, 0x148A, 0x173F, 0x19BF,
  0x1BF7, 0x1DFA, 0x1F9E, 0x2106,  0x2206, 0x22C3, 0x2315, 0x2313,
  0x22B4, 0x21FA, 0x20E6, 0x1F73,  0x1DB4, 0x1BA1, 0x1941, 0x1698,
  0x13B5, 0x1096, 0x0D49, 0x09CC,  0x063B, 0x028A, 0xFED2, 0xFB13,
  0xF75C, 0xF3B6, 0xF02A, 0xECBE,  0xE985, 0xE676, 0xE3B2, 0xE127,
  0xDEEB, 0xDD05, 0xDB71, 0xDA3C,  0xD962, 0xD8EC, 0xD8E0, 0xD92A,
  0xD9E4, 0xDAFA, 0xDC73, 0xDE4A,  0xE06F, 0xE2F7, 0xE5C0, 0xE8D2,
  0xEC24, 0xEFAA, 0xF361, 0xF738,  0xFB2A, 0xFF2D, 0x0336, 0x073A,
  0x0B30, 0x0F0D, 0x12C5, 0x1656,  0x19AB, 0x1CC7, 0x1F96, 0x2222,
  0x244C, 0x2626, 0x279B, 0x28B4,  0x295E, 0x29A3, 0x2983, 0x28F7,
  0x2802, 0x26A9, 0x24EE, 0x22D9,  0x2061, 0x1D9E, 0x1A92, 0x1738,
  0x13AE, 0x0FE6, 0x0BFE, 0x07F0,  0x03D2, 0xFFA6, 0xFB7D, 0xF75C,
  0xF352, 0xEF65, 0xEBA2, 0xE815,  0xE4C2, 0xE1B1, 0xDEEE, 0xDC7F,
  0xDA6A, 0xD8B1, 0xD75A, 0xD672,  0xD5E5, 0xD5D1, 0xD614, 0xD6D8,
  0xD7F2, 0xD972, 0xDB5C, 0xDD97,  0xE031, 0xE310, 0xE641, 0xE9AB,
  0xED50, 0xF11D, 0xF512, 0xF922,  0xFD3C, 0x0161, 0x0579, 0x0988,
  0x0D78, 0x1148, 0x14E3, 0x184D,  0x1B77, 0x1E57, 0x20EA, 0x2324,
  0x250C, 0x268F, 0x27AD, 0x286B,  0x28C4, 0x28AD, 0x2837, 0x2758,
  0x2619, 0x247A, 0x227B, 0x2030,  0x1D90, 0x1AA8, 0x1782, 0x1421,
  0x1096, 0x0CDC, 0x0910, 0x052A,  0x0142, 0xFD54, 0xF97B, 0xF5AD,
  0xF209, 0xEE89, 0xEB37, 0xE824,  0xE54D, 0xE2C7, 0xE087, 0xDE9B,
  0xDD0E, 0xDBD9, 0xDB00, 0xDA8C,  0xDA73, 0xDAC5, 0xDB68, 0xDC73,
  0xDDD4, 0xDF8A, 0xE193, 0xE3E2,  0xE67C, 0xE94F, 0xEC59, 0xEF8D,
  0xF2EE, 0xF65E, 0xF9EE, 0xFD7C,  0x010F, 0x0497, 0x080D, 0x0B65,
  0x0E99, 0x11A3, 0x1474, 0x1710,  0x195D, 0x1B78, 0x1D30, 0x1EA8,
  0x1FBD, 0x208F, 0x20F9, 0x210F,  0x20D2, 0x203A, 0x1F51, 0x1E14,
  0x1C8A, 0x1ABC, 0x18A6, 0x1653,  0x13D0, 0x1115, 0x0E3C, 0x0B3B,
  0x0829, 0x0507, 0x01DE, 0xFEB8,  0xFBA0, 0xF896, 0xF5AD, 0xF2E8,
  0xF044, 0xEDDF, 0xEBA7, 0xE9B4,  0xE7FC, 0xE68D, 0xE56E, 0xE490,
  0xE407, 0xE3CC, 0xE3DF, 0xE440,  0xE4EA, 0xE5E5, 0xE721, 0xE8A0,
  0xEA5E, 0xEC51, 0xEE81, 0xF0CD,  0xF34C, 0xF5E0, 0xF890, 0xFB4B,
  0xFE0F, 0x00D1, 0x0388, 0x0636,  0x08C2, 0x0B33, 0x0D82, 0x0F9F,
  0x1191, 0x133F, 0x14C2, 0x15F9,  0x16F4, 0x17A4, 0x1813, 0x183B,
  0x1816, 0x17AE, 0x1701, 0x1613,  0x14E0, 0x1375, 0x11D5, 0x0FFE,
  0x0DFB, 0x0BD4, 0x098B, 0x072A,  0x04B5, 0x0236, 0xFFB4, 0xFD34,
  0xFAC3, 0xF860, 0xF617, 0xF3F2,  0xF1F0, 0xF019, 0xEE77, 0xED06,
  0xEBD8, 0xEADE, 0xEA29, 0xE9BA,  0xE989, 0xE99F, 0xE9F6, 0xEA9A,
  0xEB70, 0xEC93, 0xEDE4, 0xEF79,  0xF13A, 0xF326, 0xF541, 0xF778,
  0xF9CE, 0xFC35, 0xFEAC, 0x0128,  0x03A1, 0x0616, 0x0873, 0x0AC3,
  0x0CEA, 0x0EFA, 0x10D1, 0x1280,  0x13FC, 0x1535, 0x163B, 0x16F4,
  0x1776, 0x17AC, 0x1797, 0x1746,  0x16A9, 0x15CB, 0x14A3, 0x1346,
  0x11A7, 0x0FD4, 0x0DC9, 0x0B9A,  0x093D, 0x06C4, 0x042E, 0x018B,
  0xFEDB, 0xFC26, 0xF97D, 0xF6D6,  0xF450, 0xF1DB, 0xEF8E, 0xED6D,
  0xEB72, 0xE9C0, 0xE832, 0xE6F7,  0xE5F6, 0xE541, 0xE4D9, 0xE4AF,
  0xE4E3, 0xE55E, 0xE61E, 0xE733,  0xE888, 0xEA2C, 0xEC04, 0xEE24,
  0xF074, 0xF2FB, 0xF5A5, 0xF878,  0xFB66, 0xFE67, 0x0175, 0x0482,
  0x0795, 0x0A8B, 0x0D7F, 0x103E,  0x12EF, 0x155F, 0x17AB, 0x19AF,
  0x1B7C, 0x1CFB, 0x1E37, 0x1F1D,  0x1FB4, 0x1FFA, 0x1FE9, 0x1F7C,
  0x1EC2, 0x1DB2, 0x1C4E, 0x1A9C,  0x189D, 0x165F, 0x13DC, 0x111A,
  0x0E2F, 0x0B0F, 0x07D3, 0x0472,  0x0109, 0xFD8E, 0xFA17, 0xF6A8,
  0xF344, 0xF00A, 0xECE1, 0xE9F6,  0xE72E, 0xE4B0, 0xE26C, 0xE076,
  0xDECC, 0xDD72, 0xDC7C, 0xDBD3,  0xDB8C, 0xDBA6, 0xDC1A, 0xDCF2,
  0xDE1B, 0xDFAA, 0xE189, 0xE3BA,  0xE638, 0xE8FA, 0xEC03, 0xEF3C,
  0xF2A4, 0xF63E, 0xF9E9, 0xFDB4,  0x0182, 0x0554, 0x091F, 0x0CD6,
  0x1073, 0x13E4, 0x1730, 0x1A3C,  0x1D10, 0x1F94, 0x21D5, 0x23B9,
  0x254D, 0x2677, 0x274D, 0x27BB,  0x27C1, 0x2765, 0x26A3, 0x2586,
  0x23FA, 0x221C, 0x1FE4, 0x1D57,  0x1A81, 0x175F, 0x1406, 0x1079,
  0x0CB6, 0x08DB, 0x04DF, 0x00D9,  0xFCCC, 0xF8C6, 0xF4D0, 0xF0F1,
  0xED3B, 0xE9AD, 0xE65B, 0xE342,  0xE07A, 0xDDF3, 0xDBCD, 0xD9FA,
  0xD88B, 0xD77E, 0xD6CE, 0xD699,  0xD6B8, 0xD74C, 0xD840, 0xD99D,
  0xDB58, 0xDD71, 0xDFDC, 0xE2A5,  0xE5AA, 0xE8F9, 0xEC7F, 0xF03C,
  0xF417, 0xF819, 0xFC28, 0x0045,  0x045E, 0x086C, 0x0C64, 0x103E,
  0x13EC, 0x1769, 0x1AA7, 0x1DA3,  0x2055, 0x22B5, 0x24B5, 0x2663,
  0x27A8, 0x288D, 0x2907, 0x291B,  0x28CD, 0x2810, 0x26F1, 0x2572,
  0x2397, 0x215F, 0x1ED5, 0x1C02,  0x18E7, 0x1593, 0x1204, 0x0E52,
  0x0A7A, 0x068B, 0x0292, 0xFE8E,  0xFA9D, 0xF6AE, 0xF2EC, 0xEF3B,
  0xEBC9, 0xE884, 0xE581, 0xE2C1,  0xE052, 0xDE36, 0xDC6F, 0xDB04,
  0xD9FC, 0xD954, 0xD911, 0xD92A,  0xD9B0, 0xDA91, 0xDBD1, 0xDD6B,
  0xDF5D, 0xE1A1, 0xE428, 0xE6FC,  0xEA05, 0xED48, 0xF0AF, 0xF43F,
  0xF7E3, 0xFB9A, 0xFF53, 0x030B,  0x06B4, 0x0A43, 0x0DBD, 0x10FB,
  0x141B, 0x16F4, 0x1999, 0x1BEB,  0x1DF8, 0x1FB4, 0x2118, 0x2229,
  0x22D3, 0x2333, 0x232B, 0x22C7,  0x2212, 0x20FC, 0x1F9D, 0x1DE0,
  0x1BE5, 0x19A0, 0x171D, 0x1460,  0x1179, 0x0E63, 0x0B37, 0x07E9,
  0x0497, 0x0138, 0xFDE6, 0xFA98,  0xF767, 0xF44B, 0xF161, 0xEE9A,
  0xEC0B, 0xE9B9, 0xE7A5, 0xE5DC,  0xE453, 0xE321, 0xE23D, 0xE1A9,
  0xE169, 0xE17A, 0xE1E4, 0xE297,  0xE399, 0xE4E8, 0xE67F, 0xE851,
  0xEA66, 0xECAB, 0xEF24, 0xF1C3,  0xF480, 0xF75C, 0xFA42, 0xFD34,
  0x002A, 0x030F, 0x05EB, 0x08B3,  0x0B4F, 0x0DD6, 0x101F, 0x1245,
  0x1428, 0x15D1, 0x1737, 0x1861,  0x1935, 0x19CC, 0x1A11, 0x1A12,
  0x19C3, 0x192B, 0x1853, 0x1732,  0x15D5, 0x1434, 0x126A, 0x1061,
  0x0E3A, 0x0BE1, 0x0979, 0x06EE,  0x045B, 0x01C1, 0xFF20, 0xFC91,
  0xFA07, 0xF79B, 0xF546, 0xF319,  0xF117, 0xEF3D, 0xEDA0, 0xEC34,
  0xEB12, 0xEA1E, 0xE97B, 0xE914,  0xE8F9, 0xE91A, 0xE986, 0xEA34,
  0xEB20, 0xEC4D, 0xEDAE, 0xEF4F,  0xF119, 0xF30E, 0xF52E, 0xF76A,
  0xF9C0, 0xFC25, 0xFE98, 0x010C,  0x037E, 0x05E3, 0x0838, 0x0A6E,
  0x0C90, 0x0E7D, 0x104F, 0x11DB,  0x134B, 0x1467, 0x155D, 0x15FB,
  0x1670, 0x168D, 0x166F, 0x160C,  0x1567, 0x147F, 0x1356, 0x11F8,
  0x105D, 0x0E94, 0x0C96, 0x0A74,  0x0833, 0x05CE, 0x0360, 0x00D5,
  0xFE55, 0xFBC7, 0xF94B, 0xF6DA,  0xF484, 0xF245, 0xF037, 0xEE44,
  0xEC8D, 0xEB0B, 0xE9BF, 0xE8B4,  0xE7ED, 0xE767, 0xE72F, 0xE734,
  0xE788, 0xE82A, 0xE901, 0xEA2F,  0xEB91, 0xED3C, 0xEF19, 0xF12A,
  0xF373, 0xF5DE, 0xF86D, 0xFB1A,  0xFDD9, 0x00A4, 0x0379, 0x0641,
  0x090B, 0x0BB8, 0x0E4F, 0x10C4,  0x130D, 0x152A, 0x170E, 0x18BB,
  0x1A1F, 0x1B45, 0x1C22, 0x1CAC,  0x1CEF, 0x1CDF, 0x1C85, 0x1BD3,
  0x1AD6, 0x1991, 0x1800, 0x1627,  0x1410, 0x11BD, 0x0F36, 0x0C7A,
  0x099B, 0x069A, 0x037E, 0x0056,  0xFD20, 0xF9EF, 0xF6C5, 0xF3AD,
  0xF0AF, 0xEDD5, 0xEB22, 0xE8A5,  0xE65E, 0xE455, 0xE298, 0xE11F,
  0xDFF8, 0xDF1F, 0xDEA5, 0xDE78,  0xDEAC, 0xDF2D, 0xE017, 0xE145,
  0xE2D3, 0xE4A7, 0xE6D0, 0xE939,  0xEBE3, 0xEEC6, 0xF1E1, 0xF51F,
  0xF882, 0xFC03, 0xFF8C, 0x0326,  0x06B5, 0x0A3E, 0x0DB1, 0x1106,
  0x1435, 0x1733, 0x19FA, 0x1C84,  0x1EC8, 0x20BC, 0x2263, 0x23B1,
  0x24AA, 0x253B, 0x2577, 0x2551,  0x24C8, 0x23E0, 0x229E, 0x20FF,
  0x1F0B, 0x1CBE, 0x1A32, 0x1753,  0x1440, 0x10E6, 0x0D71, 0x09C5,
  0x0606, 0x022F, 0xFE4F, 0xFA72,  0xF69C, 0xF2DD, 0xEF39, 0xEBBD,
  0xE876, 0xE560, 0xE291, 0xE009,  0xDDCE, 0xDBEE, 0xDA5D, 0xD937,
  0xD86C, 0xD804, 0xD802, 0xD867,  0xD931, 0xDA5B, 0xDBE4, 0xDDCE,
  0xE00E, 0xE29C, 0xE57A, 0xE89B,  0xEBF9, 0xEF89, 0xF347, 0xF724,
  0xFB1B, 0xFF1E, 0x0324, 0x0726,  0x0B13, 0x0EE9, 0x1299, 0x1617,
  0x1964, 0x1C6E, 0x1F30, 0x21A6,  0x23C4, 0x258F, 0x26F0, 0x27FA,
  0x2899, 0x28D4, 0x28A8, 0x280D,  0x2722, 0x25BC, 0x2409, 0x21F1,
  0x1F89, 0x1CD3, 0x19CE, 0x1691,  0x1318, 0x0F70, 0x0BA2, 0x07B9,
  0x03BE, 0xFFBC, 0xFBB9, 0xF7C7,  0xF3E7, 0xF02A, 0xEC9C, 0xE933,
  0xE614, 0xE332, 0xE098, 0xDE56,  0xDC5E, 0xDAD6, 0xD998, 0xD8C7,
  0xD857, 0xD84E, 0xD8A8, 0xD963,  0xDA82, 0xDC00, 0xDDD4, 0xE000,
  0xE279, 0xE540, 0xE83E, 0xEB80,  0xEEEA, 0xF286, 0xF633, 0xFA04,
  0xFDD0, 0x01AD, 0x0575, 0x0933,  0x0CD0, 0x1048, 0x1398, 0x16AA,
  0x1984, 0x1C14, 0x1E62, 0x2053,  0x21F6, 0x2341, 0x242B, 0x24BC,
  0x24E8, 0x24B9, 0x2430, 0x2341,  0x2200, 0x2068, 0x1E7E, 0x1C4A,
  0x19CD, 0x171A, 0x1425, 0x1109,  0x0DC0, 0x0A61, 0x06E6, 0x0363,
  0xFFDC, 0xFC5A, 0xF8EC, 0xF598,  0xF25B, 0xEF55, 0xEC74, 0xE9DA,
  0xE770, 0xE553, 0xE380, 0xE1F9,  0xE0C6, 0xDFE3, 0xDF5E, 0xDF2C,
  0xDF4B, 0xDFCB, 0xE097, 0xE1BA,  0xE323, 0xE4DF, 0xE6D7, 0xE915,
  0xEB83, 0xEE27, 0xF0F7, 0xF3E0,  0xF6F0, 0xFA02, 0xFD2C, 0x0048,
  0x036B, 0x066E, 0x0967, 0x0C33,  0x0EE4, 0x1159, 0x13A3, 0x15AD,
  0x177F, 0x18FC, 0x1A48, 0x1B31,  0x1BE5, 0x1C32, 0x1C49, 0x1BFF,
  0x1B76, 0x1A97, 0x1978, 0x1815,  0x166F, 0x148D, 0x1280, 0x1037,
  0x0DD2, 0x0B42, 0x08A0, 0x05E7,  0x0328, 0x0063, 0xFDA4, 0xFAF4,
  0xF854, 0xF5DA, 0xF371, 0xF145,  0xEF37, 0xED6D, 0xEBCB, 0xEA77,
  0xE959, 0xE885, 0xE7F0, 0xE7A9,  0xE7A5, 0xE7EB, 0xE86E, 0xE941,
  0xEA4D, 0xEB98, 0xED1C, 0xEEDA,  0xF0BE, 0xF2D7, 0xF507, 0xF75F,
  0xF9C9, 0xFC3E, 0xFEC2, 0x0140,  0x03B9, 0x0628, 0x087A, 0x0AB5,
  0x0CCF, 0x0EBC, 0x107F, 0x120A,  0x1363, 0x1480, 0x155C, 0x15F4,
  0x1655, 0x1666, 0x163D, 0x15C6,  0x151D, 0x1426, 0x12FA, 0x1191,
  0x0FF8, 0x0E29, 0x0C34, 0x0A13,  0x07DD, 0x0586, 0x0322, 0x00B2,
  0xFE3D, 0xFBD1, 0xF96C, 0xF719,  0xF4E1, 0xF2C8, 0xF0D5, 0xEF0F,
  0xED75, 0xEC1A, 0xEAEF, 0xEA0D,  0xE95A, 0xE904, 0xE8D7, 0xE902,
  0xE964, 0xEA1A, 0xEB00, 0xEC35,  0xED9A, 0xEF43, 0xF119, 0xF31E,
  0xF554, 0xF7A4, 0xFA18, 0xFC9C,  0xFF33, 0x01D3, 0x046C, 0x0707,
  0x0987, 0x0BFD, 0x0E4C, 0x107E,  0x127D, 0x1452, 0x15EE, 0x1750,
  0x186C, 0x194F, 0x19E3, 0x1A36,  0x1A34, 0x19F3, 0x1964, 0x1889,
  0x1768, 0x1604, 0x145E, 0x127A,  0x105D, 0x0E0F, 0x0B95, 0x08F1,
  0x0630, 0x0358, 0x006F, 0xFD7D,  0xFA8D, 0xF7A3, 0xF4CC, 0xF207,
  0xEF6D, 0xECEC, 0xEAA7, 0xE88E,  0xE6B6, 0xE517, 0xE3C9, 0xE2BC,
  0xE1FE, 0xE190, 0xE175, 0xE1AD,  0xE234, 0xE30C, 0xE43B, 0xE5B1,
  0xE772, 0xE977, 0xEBC4, 0xEE44,  0xF0FD, 0xF3E0, 0xF6F2, 0xFA17,
  0xFD5D, 0x00A6, 0x0400, 0x074B,  0x0A92, 0x0DBC, 0x10CE, 0x13B7,
  0x1671, 0x18F8, 0x1B3C, 0x1D45,  0x1EFF, 0x206C, 0x2186, 0x224E,
  0x22BB, 0x22CA, 0x2284, 0x21E4,  0x20E6, 0x1F94, 0x1DEA, 0x1BF6,
  0x19B1, 0x1725, 0x145C, 0x115D,  0x0E22, 0x0AC9, 0x0746, 0x03B5,
  0x000A, 0xFC64, 0xF8B9, 0xF525,  0xF19F, 0xEE44, 0xEB03, 0xE807,
  0xE531, 0xE2AF, 0xE065, 0xDE73,  0xDCD3, 0xDB8B, 0xDA9A, 0xDA10,
  0xD9E0, 0xDA17, 0xDAA5, 0xDB9E,  0xDCF2, 0xDE9B, 0xE0A1, 0xE2F5,
  0xE598, 0xE880, 0xEBA1, 0xEF04,  0xF287, 0xF63B, 0xFA00, 0xFDE2,
  0x01C4, 0x05A7, 0x0980, 0x0D3D,  0x10E5, 0x145C, 0x17A5, 0x1AB1,
  0x1D7E, 0x2004, 0x2233, 0x2413,  0x2593, 0x26BB, 0x277F, 0x27D6,
  0x27DC, 0x276A, 0x26A2, 0x256A,  0x23E5, 0x21F5, 0x1FB8, 0x1D27,
  0x1A4C, 0x1730, 0x13D6, 0x104B,  0x0C9A, 0x08C2, 0x04DA, 0x00E1,
  0xFCEA, 0xF8F8, 0xF519, 0xF155,  0xEDB6, 0xEA4A, 0xE70F, 0xE418,
  0xE163, 0xDF02, 0xDCF4, 0xDB39,  0xD9DF, 0xD8EA, 0xD852, 0xD81F,
  0xD854, 0xD8E9, 0xD9E8, 0xDB3A,  0xDCF5, 0xDF01, 0xE163, 0xE40C,
  0xE6FE, 0xEA2F, 0xED92, 0xF122,  0xF4D7, 0xF8A5, 0xFC82, 0x0068,
  0x0446, 0x081A, 0x0BD4, 0x0F70,  0x12DE, 0x161B, 0x1921, 0x1BDE,
  0x1E54, 0x207E, 0x2250, 0x23CC,  0x24E6, 0x25A6, 0x2606, 0x2603,
  0x259A, 0x24DF, 0x23B7, 0x2244,  0x206D, 0x1E53, 0x1BE5, 0x1936,
  0x1648, 0x132A, 0x0FD9, 0x0C66,  0x08DA, 0x0535, 0x0195, 0xFDE7,
  0xFA4E, 0xF6C5, 0xF356, 0xF016,  0xECFA, 0xEA16, 0xE774, 0xE511,
  0xE2F8, 0xE12D, 0xDFB4, 0xDE97,  0xDDC9, 0xDD59, 0xDD48, 0xDD8B,
  0xDE2A, 0xDF1E, 0xE067, 0xE203,  0xE3E2, 0xE611, 0xE877, 0xEB1C,
  0xEDEE, 0xF0EE, 0xF40C, 0xF747,  0xFA8F, 0xFDE1, 0x0130, 0x0478,
  0x07AA, 0x0AC7, 0x0DB7, 0x1088,  0x1320, 0x1582, 0x17A2, 0x1989,
  0x1B1D, 0x1C69, 0x1D66, 0x1E16,  0x1E6F, 0x1E78, 0x1E2C, 0x1D97,
  0x1CAD, 0x1B7A, 0x19FD, 0x1845,  0x1646, 0x1414, 0x11B1, 0x0F21,
  0x0C6F, 0x09A3, 0x06BF, 0x03D5,  0x00E3, 0xFDF6, 0xFB18, 0xF849,
  0xF59D, 0xF310, 0xF0AA, 0xEE7A,  0xEC7B, 0xEABC, 0xE934, 0xE7F7,
  0xE6FF, 0xE64B, 0xE5E3, 0xE5C5,  0xE5F4, 0xE669, 0xE722, 0xE827,
  0xE969, 0xEAE9, 0xECA0, 0xEE90,  0xF0A6, 0xF2EB, 0xF549, 0xF7C7,
  0xFA57, 0xFCEC, 0xFF8F, 0x0221,  0x04B6, 0x072C, 0x0994, 0x0BCE,
  0x0DF1, 0x0FDA, 0x119D, 0x131C,  0x146F, 0x157B, 0x1648, 0x16D1,
  0x171A, 0x171B, 0x16DA, 0x164E,  0x158E, 0x1483, 0x1344, 0x11C5,
  0x101E, 0x0E3D, 0x0C3B, 0x0A12,  0x07CF, 0x0577, 0x030D, 0x009E,
  0xFE2E, 0xFBC4, 0xF96B, 0xF721,  0xF4F8, 0xF2EB, 0xF10D, 0xEF58,
  0xEDD1, 0xEC8B, 0xEB77, 0xEAA3,  0xEA10, 0xE9C0, 0xE9B1, 0xE9E5,
  0xEA5A, 0xEB17, 0xEC0C, 0xED3F,  0xEEB0, 0xF04E, 0xF227, 0xF41D,
  0xF646, 0xF886, 0xFAE4, 0xFD4D,  0xFFC9, 0x0241, 0x04BC, 0x0727,
  0x0985, 0x0BC2, 0x0DEC, 0x0FE2,  0x11B7, 0x1353, 0x14BF, 0x15EF,
  0x16D9, 0x178C, 0x17F3, 0x181F,  0x17F5, 0x1794, 0x16E6, 0x15F6,
  0x14C2, 0x1354, 0x11A5, 0x0FC9,  0x0DAD, 0x0B76, 0x090C, 0x068B,
  0x03EA, 0x0143, 0xFE88, 0xFBD2,  0xF91D, 0xF67B, 0xF3E6, 0xF179,
  0xEF23, 0xED00, 0xEB0A, 0xE94C,  0xE7CA, 0xE683, 0xE589, 0xE4D0,
  0xE466, 0xE442, 0xE471, 0xE4EA,  0xE5AE, 0xE6BD, 0xE815, 0xE9B7,
  0xEB8E, 0xEDAD, 0xEFFD, 0xF284,  0xF52A, 0xF802, 0xFAEB, 0xFDF1,
  0x00FD, 0x040E, 0x071E, 0x0A1F,  0x0D0C, 0x0FDD, 0x1285, 0x1508,
  0x1753, 0x1964, 0x1B37, 0x1CC4,  0x1E0A, 0x1EFE, 0x1FA1, 0x1FF8,
  0x1FF3, 0x1F9D, 0x1EEE, 0x1DF0,  0x1CA3, 0x1AFE, 0x1915, 0x16EA,
  0x1474, 0x11CD, 0x0EEA, 0x0BE4,  0x08AF, 0x0566, 0x0202, 0xFE99,
  0xFB29, 0xF7C2, 0xF46A, 0xF12A,  0xEE0E, 0xEB1A, 0xE854, 0xE5CF,
  0xE382, 0xE184, 0xDFC9, 0xDE64,  0xDD54, 0xDC9F, 0xDC3B, 0xDC3D,
  0xDC98, 0xDD4D, 0xDE60, 0xDFC6,  0xE189, 0xE397, 0xE5EE, 0xE894,
  0xEB72, 0xEE8D, 0xF1D3, 0xF548,  0xF8D8, 0xFC80, 0x0034, 0x03ED,
  0x07A0, 0x0B40, 0x0ECD, 0x1230,  0x156C, 0x1879, 0x1B3E, 0x1DCF,
  0x2008, 0x2200, 0x2397, 0x24DB,  0x25C1, 0x264A, 0x266E, 0x2632,
  0x2597, 0x249B, 0x2343, 0x2187,  0x1F87, 0x1D24, 0x1A84, 0x1791,
  0x146E, 0x110D, 0x0D84, 0x09D1,  0x060E, 0x022C, 0xFE50, 0xFA6F,
  0xF698, 0xF2E5, 0xEF3F, 0xEBD5,  0xE88B, 0xE58A, 0xE2C3, 0xE04A,
  0xDE17, 0xDC47, 0xDAC9, 0xD9A6,  0xD8EB, 0xD88C, 0xD896, 0xD8FF,
  0xD9CB, 0xDAFD, 0xDC85, 0xDE6A,  0xE0A3, 0xE32B, 0xE5FF, 0xE90B,
  0xEC5C, 0xEFD4, 0xF37E, 0xF73B,  0xFB1A, 0xFEF9, 0x02E3, 0x06BD,
  0x0A8C, 0x0E35, 0x11C6, 0x151D,  0x1845, 0x1B29, 0x1DCB, 0x2020,
  0x2221, 0x23C9, 0x251D, 0x260B,  0x269B, 0x26C7, 0x2698, 0x25FC,
  0x250B, 0x23B3, 0x220E, 0x2007,  0x1DB7, 0x1B1E, 0x183F, 0x152A,
  0x11D9, 0x0E68, 0x0ACE, 0x071F,  0x035F, 0xFF9E, 0xFBDC, 0xF82E,
  0xF495, 0xF117, 0xEDD1, 0xEAAA,  0xE7D2, 0xE523, 0xE2D2, 0xE0C0,
  0xDF06, 0xDD9F, 0xDC92, 0xDBE9,  0xDB8F, 0xDB9E, 0xDC04, 0xDCCB,
  0xDDE6, 0xDF59, 0xE11E, 0xE333,  0xE588, 0xE824, 0xEAF7, 0xEDFD,
  0xF12B, 0xF47F, 0xF7E4, 0xFB62,  0xFEDD, 0x025F, 0x05CC, 0x0929,
  0x0C6D, 0x0F81, 0x1271, 0x1526,  0x17A4, 0x19DC, 0x1BCE, 0x1D75,
  0x1ED0, 0x1FCC, 0x2080, 0x20D6,  0x20D9, 0x2086, 0x1FD6, 0x1EE3,
  0x1D92, 0x1BFD, 0x1A1E, 0x1803,  0x15A6, 0x1318, 0x105D, 0x0D7A,
  0x0A7A, 0x0768, 0x043F, 0x011C,  0xFDF6, 0xFADE, 0xF7DC, 0xF4F0,
  0xF230, 0xEF95, 0xED31, 0xEAFA,  0xE911, 0xE75C, 0xE5F3, 0xE4D3,
  0xE3FF, 0xE37B, 0xE340, 0xE359,  0xE3BF, 0xE472, 0xE568, 0xE6B0,
  0xE832, 0xE9F6, 0xEBF0, 0xEE20,  0xF07B, 0xF2FC, 0xF59B, 0xF851,
  0xFB18, 0xFDE6, 0x00B3, 0x0379,  0x062C, 0x08D0, 0x0B4C, 0x0DAB,
  0x0FD6, 0x11DC, 0x13A0, 0x152D,  0x167B, 0x178A, 0x184E, 0x18CD,
  0x1905, 0x18FA, 0x189C, 0x1805,  0x171E, 0x1604, 0x149E, 0x1309,
  0x113B, 0x0F43, 0x0D1B, 0x0AD6,  0x0872, 0x05FC, 0x0375, 0x00EB,
  0xFE5D, 0xFBDE, 0xF967, 0xF70D,  0xF4CA, 0xF2B0, 0xF0BE, 0xEEFB,
  0xED6A, 0xEC18, 0xEAFC, 0xEA25,  0xE987, 0xE937, 0xE925, 0xE956,
  0xE9CD, 0xEA88, 0xEB7E, 0xECB3,  0xEE20, 0xEFC4, 0xF199, 0xF393,
  0xF5B6, 0xF7F9, 0xFA51, 0xFCBA,  0xFF2F, 0x01A3, 0x0418, 0x067C,
  0x08D3, 0x0B08, 0x0D26, 0x0F1A,  0x10DF, 0x1277, 0x13D5, 0x1500,
  0x15E2, 0x168C, 0x16F3, 0x1712,  0x16F0, 0x1684, 0x15E1, 0x14ED,
  0x13C6, 0x125A, 0x10BD, 0x0EEC,  0x0CE2, 0x0AC1, 0x086A, 0x0609,
  0x0382, 0x00FA, 0xFE63, 0xFBD0,  0xF943, 0xF6C8, 0xF45E, 0xF21B,
  0xEFF1, 0xEDFA, 0xEC2F, 0xEA9C,  0xE946, 0xE827, 0xE751, 0xE6C1,
  0xE675, 0xE671, 0xE6B7, 0xE74A,  0xE81E, 0xE93B, 0xEA9A, 0xEC3D,
  0xEE13, 0xF028, 0xF267, 0xF4DA,  0xF768, 0xFA19, 0xFCE2, 0xFFB5,
  0x0294, 0x056D, 0x0843, 0x0B02,  0x0DAE, 0x1038, 0x1298, 0x14CD,
  0x16CF, 0x1891, 0x1A18, 0x1B57,  0x1C56, 0x1CFA, 0x1D61, 0x1D6B,
  0x1D32, 0x1C9B, 0x1BBE, 0x1A90,  0x191C, 0x175C, 0x1558, 0x131D,
  0x10A3, 0x0DFA, 0x0B24, 0x082D,  0x051A, 0x01EE, 0xFEBD, 0xFB83,
  0xF855, 0xF52F, 0xF224, 0xEF37,  0xEC6C, 0xE9DC, 0xE772, 0xE552,
  0xE36C, 0xE1D6, 0xE083, 0xDF88,  0xDEE0, 0xDE8F, 0xDE8E, 0xDEF0,
  0xDF9F, 0xE0B1, 0xE207, 0xE3BA,  0xE5B7, 0xE7F8, 0xEA82, 0xED3E,
  0xF03F, 0xF35E, 0xF6AB, 0xFA14,  0xFD91, 0x011A, 0x04A4, 0x0829,
  0x0B9B, 0x0EF7, 0x122F, 0x153D,  0x1815, 0x1ABA, 0x1D15, 0x1F2B,
  0x20F7, 0x2269, 0x238D, 0x244C,  0x24B7, 0x24C3, 0x246D, 0x23BA,
  0x22AB, 0x2148, 0x1F80, 0x1D75,  0x1B0E, 0x186F, 0x1580, 0x1260,
  0x0F0C, 0x0B90, 0x07EF, 0x043C,  0x0075, 0xFCB3, 0xF8EE, 0xF53B,
  0xF1A2, 0xEE27, 0xEADF, 0xE7C1,  0xE4E7, 0xE248, 0xDFFC, 0xDDFC,
  0xDC4A, 0xDB02, 0xDA08, 0xD979,  0xD941, 0xD976, 0xDA09, 0xDAF9,
  0xDC4A, 0xDDFA, 0xDFFA, 0xE253,  0xE4ED, 0xE7DD, 0xEAFB, 0xEE5A,
  0xF1DD, 0xF58F, 0xF954, 0xFD2E,  0x0110, 0x04EB, 0x08C2, 0x0C7D,
  0x101A, 0x138D, 0x16D3, 0x19D9,  0x1CA4, 0x1F1F, 0x2150, 0x232F,
  0x24AA, 0x25D3, 0x2696, 0x26FC,  0x26F7, 0x2696, 0x25D3, 0x24AF,
  0x232C, 0x2155, 0x1F26, 0x1CAE,  0x19E7, 0x16E6, 0x13A9, 0x103E,
  0x0CA6, 0x08F7, 0x052F, 0x015A,  0xFD8B, 0xF9BB, 0xF604, 0xF267,
  0xEEEE, 0xEBA4, 0xE88B, 0xE5BB,  0xE323, 0xE0E0, 0xDEE6, 0xDD4A,
  0xDC03, 0xDB17, 0xDA8D, 0xDA63,  0xDA98, 0xDB2A, 0xDC1E, 0xDD68,
  0xDF0F, 0xE0FF, 0xE346, 0xE5D0,  0xE897, 0xEB9D, 0xEECF, 0xF22D,
  0xF5A6, 0xF93A, 0xFCD9, 0x007B,  0x0419, 0x07A9, 0x0B1A, 0x0E74,
  0x119C, 0x1498, 0x1757, 0x19D7,  0x1C17, 0x1E00, 0x1FA2, 0x20EA,
  0x21E3, 0x2279, 0x22BB, 0x22A1,  0x2231, 0x2161, 0x2042, 0x1ECF,
  0x1D10, 0x1B06, 0x18B9, 0x1631,  0x1375, 0x1083, 0x0D76, 0x0A42,
  0x0700, 0x03AB, 0x0058, 0xFD04,  0xF9C5, 0xF697, 0xF38A, 0xF0A3,
  0xEDE9, 0xEB69, 0xE91B, 0xE717,  0xE553, 0xE3DE, 0xE2B3, 0xE1D6,
  0xE154, 0xE11D, 0xE138, 0xE1A9,  0xE26B, 0xE378, 0xE4CE, 0xE66C,
  0xE84C, 0xEA69, 0xECB6, 0xEF39,  0xF1DF, 0xF4A8, 0xF789, 0xFA7C,
  0xFD73, 0x0074, 0x0361, 0x064A,  0x0910, 0x0BC5, 0x0E46, 0x10A6,
  0x12C6, 0x14C0, 0x1669, 0x17DF,  0x1906, 0x19EF, 0x1A86, 0x1AD4,
  0x1AD8, 0x1A92, 0x1A05, 0x1922,  0x1813, 0x16A9, 0x1519, 0x133E,
  0x113E, 0x0F0A, 0x0CB5, 0x0A3B,  0x07B1, 0x050C, 0x0269, 0xFFB9,
  0xFD1A, 0xFA7E, 0xF800, 0xF597,  0xF352, 0xF135, 0xEF4B, 0xED8F,
  0xEC0C, 0xEAC7, 0xE9C2, 0xE8FE,  0xE87B, 0xE845, 0xE84E, 0xE89D,
  0xE931, 0xEA06, 0xEB20, 0xEC6A,  0xEDF6, 0xEFB1, 0xF19D, 0xF3AD,
  0xF5E1, 0xF831, 0xFA96, 0xFD09,  0xFF82, 0x01F9, 0x046D, 0x06CC,
  0x091B, 0x0B47, 0x0D58, 0x0F3B,  0x10F2, 0x1274, 0x13C0, 0x14D2,
  0x15A4, 0x1632, 0x1687, 0x1692,  0x1658, 0x15DF, 0x1525, 0x142C,
  0x12F3, 0x1182, 0x0FE2, 0x0E0A,  0x0C0C, 0x09E8, 0x07A5, 0x0549,
  0x02DF, 0x0065, 0xFDEC, 0xFB78,  0xF909, 0xF6B4, 0xF473, 0xF251,
  0xF05F, 0xEE87, 0xECF3, 0xEB86,  0xEA61, 0xE96E, 0xE8C1, 0xE85C,
  0xE833, 0xE857, 0xE8B7, 0xE96B,  0xEA4E, 0xEB86, 0xECE6, 0xEE9A,
  0xF069, 0xF278, 0xF4B0, 0xF708,  0xF983, 0xFC13, 0xFEAF, 0x0160,
  0x0403, 0x06AD, 0x0940, 0x0BC0,  0x0E28, 0x1066, 0x127F, 0x1465,
  0x1618, 0x178D, 0x18C4, 0x19B5,  0x1A68, 0x1AC9, 0x1AE3, 0x1AB3,
  0x1A38, 0x1972, 0x1860, 0x1711,  0x1575, 0x13A1, 0x118D, 0x0F4B,
  0x0CD3, 0x0A39, 0x0773, 0x04A1,  0x01AF, 0xFEB9, 0xFBC2, 0xF8C7,
  0xF5E6, 0xF310, 0xF05C, 0xEDCF,  0xEB66, 0xE93C, 0xE740, 0xE588,
  0xE414, 0xE2E9, 0xE208, 0xE175,  0xE137, 0xE149, 0xE1AC, 0xE263,
  0xE36A, 0xE4C2, 0xE65E, 0xE84A,  0xEA73, 0xECDF, 0xEF7A, 0xF24D,
  0xF547, 0xF863, 0xFB97, 0xFEDF,  0x022F, 0x057D, 0x08C6, 0x0BF8,
  0x0F18, 0x120C, 0x14DF, 0x1778,  0x19DA, 0x1C00, 0x1DDC, 0x1F6D,
  0x20AF, 0x219F, 0x2238, 0x2275,  0x225F, 0x21E9, 0x2122, 0x1FF9,
  0x1E84, 0x1CBD, 0x1AA4, 0x1848,  0x15A7, 0x12CE, 0x0FBD, 0x0C80,
  0x0922, 0x05A5, 0x0217, 0xFE7D,  0xFAE7, 0xF756, 0xF3D9, 0xF077,
  0xED3C, 0xEA29, 0xE74F, 0xE4B2,  0xE250, 0xE046, 0xDE7F, 0xDD17,
  0xDBF8, 0xDB47, 0xDAE4, 0xDAE9,  0xDB49, 0xDC03, 0xDD28, 0xDE95,
  0xE062, 0xE283, 0xE4E9, 0xE79E,  0xEA8B, 0xEDB6, 0xF113, 0xF490,
  0xF835, 0xFBEB, 0xFFAC, 0x0377,  0x0730, 0x0AE4, 0x0E73, 0x11E9,
  0x152C, 0x183A, 0x1B12, 0x1D9E,  0x1FE7, 0x21D8, 0x237B, 0x24C0,
  0x25A9, 0x2630, 0x265C, 0x2622,  0x2589, 0x248D, 0x233D, 0x218A,
  0x1F86, 0x1D31, 0x1A96, 0x17B0,  0x1496, 0x113E, 0x0DC8, 0x0A24,
  0x066C, 0x02A0, 0xFED7, 0xFB03,  0xF74F, 0xF3A0, 0xF01C, 0xECBF,
  0xE992, 0xE6A3, 0xE3ED, 0xE18A,  0xDF70, 0xDDA5, 0xDC3A, 0xDB25,
  0xDA73, 0xDA19, 0xDA27, 0xDA93,  0xDB5C, 0xDC83, 0xDE00, 0xDFDE,
  0xE1FD, 0xE472, 0xE726, 0xEA1B,  0xED44, 0xF099, 0xF414, 0xF7AC,
  0xFB54, 0xFF08, 0x02B5, 0x0662,  0x09EF, 0x0D6F, 0x10B8, 0x13E2,
  0x16CC, 0x1980, 0x1BEC, 0x1E0B,  0x1FE9, 0x215F, 0x228F, 0x2358,
  0x23D2, 0x23E7, 0x239F, 0x2304,  0x2207, 0x20BB, 0x1F14, 0x1D28,
  0x1AEE, 0x1874, 0x15BA, 0x12D3,  0x0FB9, 0x0C7C, 0x0926, 0x05B9,
  0x0246, 0xFED0, 0xFB62, 0xF806,  0xF4C3, 0xF1A4, 0xEEAE, 0xEBE5,
  0xE95E, 0xE710, 0xE508, 0xE347,  0xE1DA, 0xE0BA, 0xDFED, 0xDF76,
  0xDF55, 0xDF91, 0xE012, 0xE0F6,  0xE21E, 0xE39E, 0xE559, 0xE762,
  0xE9A3, 0xEC1D, 0xEEC4, 0xF197,  0xF488, 0xF795, 0xFAB0, 0xFDD2,
  0x00F7, 0x0412, 0x071B, 0x0A0D,  0x0CD8, 0x0F86, 0x11FD, 0x1440,
  0x1647, 0x1812, 0x1996, 0x1AD0,  0x1BC2, 0x1C66, 0x1CBD, 0x1CC3,
  0x1C78, 0x1BED, 0x1B06, 0x19E4,  0x1878, 0x16CD, 0x14EA, 0x12CA,
  0x1084, 0x0E12, 0x0B7A, 0x08D2,  0x0607, 0x0346, 0x0070, 0xFDA8,
  0xFAEA, 0xF83C, 0xF5B2, 0xF343,  0xF0FF, 0xEEE5, 0xED0A, 0xEB5D,
  0xE9F2, 0xE8C8, 0xE7E3, 0xE741,  0xE6E7, 0xE6D5, 0xE70F, 0xE787,
  0xE84B, 0xE94C, 0xEA92, 0xEC0D,  0xEDC1, 0xEFA8, 0xF1B8, 0xF3F0,
  0xF642, 0xF8B7, 0xFB2E, 0xFDC0,  0x0045, 0x02D0, 0x054B, 0x07B3,
  0x0A03, 0x0C31, 0x0E38, 0x1018,  0x11BE, 0x1337, 0x146C, 0x1573,
  0x1627, 0x16A7, 0x16DE, 0x16D5,  0x1684, 0x15F3, 0x1523, 0x1415,
  0x12C9, 0x1147, 0x0F98, 0x0DB5,  0x0BAC, 0x0983, 0x073C, 0x04E3,
  0x0278, 0x000B, 0xFD98, 0xFB33,  0xF8D7, 0xF693, 0xF469, 0xF261,
  0xF086, 0xEECF, 0xED53, 0xEC09,  0xEAFF, 0xEA2A, 0xE99F, 0xE94D,
  0xE94A, 0xE97B, 0xE9FB, 0xEAB9,  0xEBB3, 0xECEF, 0xEE5F, 0xF00D,
  0xF1E3, 0xF3E8, 0xF613, 0xF85F,  0xFAC3, 0xFD36, 0xFFBD, 0x023D,
  0x04C5, 0x073A, 0x09A2, 0x0BF1,  0x0E1F, 0x102B, 0x1205, 0x13B4,
  0x152B, 0x1667, 0x1761, 0x181F,  0x1895, 0x18C9, 0x18B1, 0x1853,
  0x17B7, 0x16C8, 0x15A3, 0x1434,  0x1293, 0x10B1, 0x0E9E, 0x0C64,
  0x09F8, 0x0776, 0x04CF, 0x021F,  0xFF5C, 0xFC9B, 0xF9D9, 0xF725,
  0xF486, 0xF1FC, 0xEF9C, 0xED5C,  0xEB50, 0xE97C, 0xE7DB, 0xE67F,
  0xE564, 0xE494, 0xE409, 0xE3CC,  0xE3DB, 0xE43C, 0xE4E3, 0xE5D8,
  0xE71A, 0xE89E, 0xEA67, 0xEC6D,  0xEEAE, 0xF123, 0xF3C2, 0xF688,
  0xF972, 0xFC6F, 0xFF7A, 0x0293,  0x05A1, 0x08B3, 0x0BA5, 0x0E8B,
  0x1144, 0x13DC, 0x1641, 0x186D,  0x1A60, 0x1C0B, 0x1D77, 0x1E8C,
  0x1F58, 0x1FD6, 0x1FF9, 0x1FCD,  0x1F45, 0x1E75, 0x1D4A, 0x1BD5,
  0x1A0E, 0x1808, 0x15BA, 0x132E,  0x106F, 0x0D81, 0x0A67, 0x0733,
  0x03DE, 0x0086, 0xFD1B, 0xF9BF,  0xF663, 0xF325, 0xEFFC, 0xECFE,
  0xEA29, 0xE78D, 0xE52B, 0xE30C,  0xE133, 0xDFA9, 0xDE75, 0xDD92,
  0xDD05, 0xDCD6, 0xDD01, 0xDD87,  0xDE61, 0xDF9B, 0xE124, 0xE303,
  0xE528, 0xE799, 0xEA4F, 0xED34,  0xF057, 0xF3A1, 0xF70E, 0xFA95,
  0xFE2D, 0x01CC, 0x056E, 0x08FD,  0x0C82, 0x0FDF, 0x131D, 0x162D,
  0x1900, 0x1B9E, 0x1DED, 0x1FFD,  0x21B1, 0x2317, 0x2420, 0x24D6,
  0x2523, 0x2518, 0x24AC, 0x23E7,  0x22BF, 0x2142, 0x1F70, 0x1D4D,
  0x1ADC, 0x1827, 0x1537, 0x120A,  0x0EB5, 0x0B30, 0x079A, 0x03E5,
  0x002C, 0xFC6D, 0xF8BB, 0xF515,  0xF194, 0xEE2C, 0xEAF7, 0xE7F8,
  0xE532, 0xE2B4, 0xE07D, 0xDE97,  0xDD0C, 0xDBCD, 0xDAF4, 0xDA79,
  0xDA58, 0xDA9D, 0xDB38, 0xDC3D,  0xDD91, 0xDF42, 0xE143, 0xE397,
  0xE62B, 0xE905, 0xEC16, 0xEF5C,  0xF2C7, 0xF655, 0xF9F6, 0xFDAE,
  0x015E, 0x0515, 0x08B2, 0x0C3F,  0x0FA8, 0x12E9, 0x15F5, 0x18C8,
  0x1B5D, 0x1DAA, 0x1FA5, 0x2154,  0x22AA, 0x23A9, 0x2447, 0x248D,
  0x2476, 0x23FF, 0x232C, 0x2201,  0x2085, 0x1EAE, 0x1C90, 0x1A2A,
  0x1783, 0x14A3, 0x1190, 0x0E50,  0x0AF8, 0x077C, 0x03F9, 0x006C,
  0xFCE0, 0xF964, 0xF5FC, 0xF2AD,  0xEF8C, 0xEC93, 0xE9D3, 0xE74C,
  0xE50A, 0xE313, 0xE167, 0xE006,  0xDF05, 0xDE54, 0xDDF9, 0xDDFD,
  0xDE51, 0xDF06, 0xE007, 0xE15B,  0xE300, 0xE4ED, 0xE71B, 0xE986,
  0xEC30, 0xEEFB, 0xF1FF, 0xF513,  0xF849, 0xFB8C, 0xFECF, 0x021B,
  0x054F, 0x087C, 0x0B83, 0x0E71,  0x1125, 0x13B8, 0x1608, 0x181C,
  0x19ED, 0x1B74, 0x1CB9, 0x1D9E,  0x1E46, 0x1E8D, 0x1E8F, 0x1E34,
  0x1D91, 0x1C9D, 0x1B65, 0x19D7,  0x181B, 0x160F, 0x13DB, 0x116C,
  0x0ED6, 0x0C21, 0x0949, 0x0666,  0x0370, 0x007E, 0xFD88, 0xFAAA,
  0xF7D3, 0xF523, 0xF291, 0xF029,  0xEDF3, 0xEBEE, 0xEA2D, 0xE8A4,
  0xE75E, 0xE662, 0xE5AE, 0xE543,  0xE522, 0xE54A, 0xE5C3, 0xE67A,
  0xE77E, 0xE8BB, 0xEA47, 0xEBF7,  0xEDED, 0xF007, 0xF252, 0xF4B7,
  0xF73B, 0xF9D5, 0xFC74, 0xFF22,  0x01C7, 0x045E, 0x06F3, 0x095C,
  0x0BB8, 0x0DE1, 0x0FE4, 0x11B9,  0x1356, 0x14B2, 0x15DE, 0x16BE,
  0x1761, 0x17BC, 0x17D5, 0x17A9,  0x1738, 0x1682, 0x1591, 0x145F,
  0x12F5, 0x1152, 0x0F87, 0x0D87,  0x0B6A, 0x0926, 0x06D4, 0x0467,
  0x01F4, 0xFF7F, 0xFD08, 0xFAA3,  0xF84B, 0xF60D, 0xF3EC, 0xF1F4,
  0xF024, 0xEE85, 0xED17, 0xEBE5,  0xEAF3, 0xEA34, 0xE9BF, 0xE98B,
  0xE997, 0xE9E6, 0xEA74, 0xEB49,  0xEC55, 0xED9E, 0xEF18, 0xF0CF,
  0xF2AB, 0xF4B0, 0xF6D9, 0xF91F,  0xFB75, 0xFDE1, 0x004D, 0x02BE,
  0x0529, 0x0783, 0x09CA, 0x0BF8,  0x0DFF, 0x0FE6, 0x119A, 0x131C,
  0x146B, 0x1580, 0x164E, 0x16E9,  0x1733, 0x174B, 0x170C, 0x1695,
  0x15DC, 0x14DD, 0x13A1, 0x122D,  0x1081, 0x0EA1, 0x0C96, 0x0A5F,
  0x080E, 0x059E, 0x0316, 0x0089,  0xFDED, 0xFB5C, 0xF8CC, 0xF653,
  0xF3E8, 0xF1A7, 0xEF82, 0xED88,  0xEBC7, 0xEA33, 0xE8DF, 0xE7CA,
  0xE6EF, 0xE66B, 0xE61C, 0xE61E,  0xE666, 0xE6FD, 0xE7D0, 0xE8F2,
  0xEA50, 0xEBF5, 0xEDCC, 0xEFDF,  0xF222, 0xF491, 0xF722, 0xF9D2,
  0xFC98, 0xFF70, 0x0249, 0x0527,  0x07FD, 0x0ABB, 0x0D6C, 0x0FF5,
  0x1259, 0x1496, 0x1696, 0x1864,  0x19EC, 0x1B37, 0x1C3A, 0x1CEE,
  0x1D58, 0x1D73, 0x1D41, 0x1CBC,  0x1BE8, 0x1ACE, 0x1964, 0x17B3,
  0x15C2, 0x1391, 0x112D, 0x0E8C,  0x0BCA, 0x08DF, 0x05D8, 0x02BB,
  0xFF93, 0xFC64, 0xF93D, 0xF621,  0xF317, 0xF030, 0xED65, 0xEAD3,
  0xE869, 0xE640, 0xE454, 0xE2B3,  0xE155, 0xE049, 0xDF94, 0xDF27,
  0xDF1F, 0xDF59, 0xE000, 0xE0E9,  0xE22C, 0xE3C0, 0xE59C, 0xE7C5,
  0xEA27, 0xECCE, 0xEFA5, 0xF2AF,  0xF5D7, 0xF927, 0xFC88, 0xFFF5,
  0x036A, 0x06D6, 0x0A37, 0x0D82,  0x10AB, 0x13AF, 0x1681, 0x191F,
  0x1B7C, 0x1D96, 0x1F63, 0x20E9,  0x2212, 0x22EA, 0x2364, 0x238E,
  0x234F, 0x22C0, 0x21CF, 0x2091,  0x1EF0, 0x1D0D, 0x1AD2, 0x185C,
  0x159B, 0x12A8, 0x0F7E, 0x0C34,  0x08B9, 0x0535, 0x0197, 0xFDF8,
  0xFA5D, 0xF6C9, 0xF352, 0xEFF0,  0xECC2, 0xE9B8, 0xE6EE, 0xE45A,
  0xE219, 0xE012, 0xDE6A, 0xDD11,  0xDC12, 0xDB6F, 0xDB22, 0xDB3F,
  0xDBB0, 0xDC83, 0xDDAB, 0xDF30,  0xE108, 0xE32B, 0xE59A, 0xE84F,
  0xEB3E, 0xEE61, 0xF1B2, 0xF527,  0xF8BB, 0xFC59, 0x000B, 0x03B3,
  0x0756, 0x0AE7, 0x0E58, 0x11A4,  0x14C9, 0x17B0, 0x1A60, 0x1CC7,
  0x1EE9, 0x20BC, 0x2236, 0x235C,  0x2427, 0x2498, 0x24A6, 0x245B,
  0x23B5, 0x22AF, 0x2156, 0x1FA3,  0x1DA9, 0x1B5D, 0x18CD, 0x1604,
  0x1300, 0x0FCF, 0x0C7A, 0x0900,  0x057C, 0x01E2, 0xFE4E, 0xFABB,
  0xF73C, 0xF3D4, 0xF090, 0xED72,  0xEA8B, 0xE7D9, 0xE56E, 0xE33F,
  0xE162, 0xDFD8, 0xDE9C, 0xDDB9,  0xDD2E, 0xDD01, 0xDD29, 0xDDAC,
  0xDE89, 0xDFB7, 0xE13D, 0xE306,  0xE524, 0xE77D, 0xEA14, 0xECE1,
  0xEFDB, 0xF2FD, 0xF63B, 0xF98F,  0xFCEE, 0x0053, 0x03AE, 0x0703,
  0x0A38, 0x0D53, 0x104B, 0x1309,  0x159F, 0x17ED, 0x1A04, 0x1BCD,
  0x1D4A, 0x1E7F, 0x1F5E, 0x1FEA,  0x201F, 0x2007, 0x1F95, 0x1ED4,
  0x1DBE, 0x1C65, 0x1ABC, 0x18D2,  0x16A9, 0x1449, 0x11B9, 0x0EFA,
  0x0C1D, 0x0922, 0x0614, 0x0301,  0xFFE0, 0xFCD3, 0xF9C7, 0xF6DC,
  0xF406, 0xF15B, 0xEED7, 0xEC90,  0xEA71, 0xE89E, 0xE705, 0xE5B8,
  0xE4AF, 0xE3F2, 0xE387, 0xE365,  0xE390, 0xE409, 0xE4D0, 0xE5DB,
  0xE72A, 0xE8BF, 0xEA89, 0xEC95,  0xEEC3, 0xF12A, 0xF3AC, 0xF64E,
  0xF904, 0xFBCA, 0xFE94, 0x015E,  0x041E, 0x06CC, 0x0964, 0x0BDB,
  0x0E32, 0x1052, 0x124B, 0x1409,  0x158B, 0x16D0, 0x17D1, 0x188E,
  0x190A, 0x1931, 0x1920, 0x18C2,  0x181C, 0x1739, 0x160E, 0x14B2,
  0x1313, 0x1144, 0x0F4C, 0x0D21,  0x0AE1, 0x087B, 0x0605, 0x0384,
  0x00F6, 0xFE70, 0xFBF0, 0xF979,  0xF728, 0xF4DF, 0xF2CD, 0xF0D3,
  0xEF16, 0xED84, 0xEC27, 0xEB0D,  0xEA2F, 0xE98C, 0xE932, 0xE916,
  0xE942, 0xE9AC, 0xEA56, 0xEB43,  0xEC6D, 0xEDC7, 0xEF61, 0xF11E,
  0xF314, 0xF523, 0xF755, 0xF9A3,  0xFBFB, 0xFE67, 0x00CF, 0x033A,
  0x0595, 0x07E6, 0x0A19, 0x0C32,  0x0E25, 0x0FF2, 0x1189, 0x12F3,
  0x1421, 0x151A, 0x15CD, 0x1644,  0x167A, 0x1670, 0x161B, 0x158F,
  0x14BD, 0x13B1, 0x1268, 0x10E7,  0x0F38, 0x0D56, 0x0B4D, 0x0922,
  0x06D9, 0x047B, 0x020B, 0xFF95,  0xFD1F, 0xFAA8, 0xF848, 0xF5EE,
  0xF3BD, 0xF1A1, 0xEFB7, 0xEDED,  0xEC5F, 0xEB04, 0xE9E5, 0xE901,
  0xE860, 0xE805, 0xE7EA, 0xE816,  0xE884, 0xE93F, 0xEA31, 0xEB6A,
  0xECDB, 0xEE8D, 0xF06B, 0xF27D,  0xF4B8, 0xF719, 0xF993, 0xFC28,
  0xFECA, 0x0177, 0x0420, 0x06C9,  0x095C, 0x0BE1, 0x0E44, 0x108A,
  0x129C, 0x148A, 0x1636, 0x17B5,  0x18E7, 0x19E2, 0x1A91, 0x1AF8,
  0x1B16, 0x1AE9, 0x1A76, 0x19B2,  0x18A9, 0x175B, 0x15CC, 0x13FA,
  0x11EF, 0x0FB3, 0x0D42, 0x0AB0,  0x07F1, 0x0523, 0x0239, 0xFF48,
  0xFC51, 0xF962, 0xF679, 0xF3AE,  0xF0F4, 0xEE67, 0xEBFD, 0xE9CC,
  0xE7CD, 0xE60C, 0xE491, 0xE359,  0xE26E, 0xE1CB, 0xE182, 0xE17E,
  0xE1D7, 0xE270, 0xE36E, 0xE4A9,  0xE635, 0xE806, 0xEA1C, 0xEC6C,
  0xEEF6, 0xF1AE, 0xF495, 0xF79A,  0xFAB9, 0xFDF1, 0x012A, 0x046F,
  0x07A3, 0x0ACF, 0x0DE0, 0x10D1,  0x139B, 0x1635, 0x1898, 0x1ABF,
  0x1CA5, 0x1E3C, 0x1F8D, 0x208B,  0x2138, 0x2188, 0x218B, 0x2130,
  0x2082, 0x1F7D, 0x1E24, 0x1C82,  0x1A8B, 0x1854, 0x15D7, 0x1327,
  0x1037, 0x0D25, 0x09E4, 0x0694,  0x031F, 0xFFAD, 0xFC31, 0xF8BF,
  0xF55A, 0xF213, 0xEEE2, 0xEBE8,  0xE916, 0xE682, 0xE429, 0xE217,
  0xE054, 0xDEDE, 0xDDBA, 0xDCF0,  0xDC81, 0xDC68, 0xDCAD, 0xDD4B,
  0xDE46, 0xDF94, 0xE133, 0xE32B,  0xE565, 0xE7E7, 0xEAA8, 0xED9E,
  0xF0CC, 0xF417, 0xF789, 0xFB0F,  0xFEA4, 0x023C, 0x05D2, 0x0955,
  0x0CC8, 0x1014, 0x133E, 0x1630,  0x18F3, 0x1B6F, 0x1DAB, 0x1F95,
  0x2134, 0x2282, 0x236C, 0x2405,  0x2441, 0x2420, 0x23A3, 0x22C6,
  0x219D, 0x200F, 0x1E3E, 0x1C13,  0x19AD, 0x16FE, 0x1417, 0x10FD,
  0x0DBC, 0x0A54, 0x06D6, 0x0345,  0xFFB0, 0xFC1A, 0xF892, 0xF51D,
  0xF1C3, 0xEE94, 0xEB8F, 0xE8C0,  0xE62D, 0xE3E1, 0xE1DB, 0xE024,
  0xDEBA, 0xDDB3, 0xDCF6, 0xDC9D,  0xDC96, 0xDCF4, 0xDDA4, 0xDEAB,
  0xE00B, 0xE1B8, 0xE3B7, 0xE5F3,  0xE879, 0xEB36, 0xEE25, 0xF141,
  0xF47F, 0xF7D8, 0xFB42, 0xFEB8,  0x0228, 0x0598, 0x08EB, 0x0C31,
  0x0F45, 0x123C, 0x14F9, 0x1781,  0x19C4, 0x1BC9, 0x1D80, 0x1EE9,
  0x2001, 0x20C2, 0x2136, 0x214A,  0x210A, 0x2079, 0x1F90, 0x1E59,
  0x1CD1, 0x1B05, 0x18F4, 0x16A0,  0x141D, 0x115E, 0x0E85, 0x0B79,
  0x0860, 0x0530, 0x01FA, 0xFEBF,  0xFB96, 0xF86D, 0xF570, 0xF284,
  0xEFCA, 0xED37, 0xEAE0, 0xE8C3,  0xE6E3, 0xE54C, 0xE3FB, 0xE2FF,
  0xE244, 0xE1E0, 0xE1D0, 0xE209,  0xE298, 0xE36B, 0xE494, 0xE5FB,
  0xE7AA, 0xE992, 0xEBB9, 0xEE0C,  0xF08F, 0xF335, 0xF5F9, 0xF8D2,
  0xFBBB, 0xFEA7, 0x0195, 0x0475,  0x0748, 0x09FF, 0x0C95, 0x0F08,
  0x114B, 0x1359, 0x1532, 0x16CA,  0x182A, 0x1933, 0x1A0A, 0x1A8A,
  0x1AC8, 0x1AB6, 0x1A5D, 0x19C1,  0x18D8, 0x17AF, 0x1647, 0x14A6,
  0x12CB, 0x10C2, 0x0E8A, 0x0C36,  0x09BD, 0x072F, 0x0494, 0x01EC,
  0xFF4A, 0xFCAA, 0xFA19, 0xF79C,  0xF53F, 0xF2FF, 0xF0EE, 0xEF00,
  0xED57, 0xEBD2, 0xEA97, 0xE993,  0xE8D5, 0xE85B, 0xE81D, 0xE82C,
  0xE87E, 0xE90E, 0xE9E5, 0xEAF3,  0xEC48, 0xEDC4, 0xEF80, 0xF162,
  0xF371, 0xF59E, 0xF7E5, 0xFA47,  0xFCB1, 0xFF26, 0x019A, 0x0403,
  0x0665, 0x08AD, 0x0ADD, 0x0CE8,  0x0ECE, 0x1088, 0x1210, 0x135E,
  0x147B, 0x1554, 0x15F2, 0x164A,  0x166A, 0x1640, 0x15D9, 0x152C,
  0x144A, 0x1328, 0x11CB, 0x103D,  0x0E80, 0x0C98, 0x0A88, 0x085D,
  0x0615, 0x03C0, 0x0158, 0xFEF4,  0xFC89, 0xFA31, 0xF7E1, 0xF5AC,
  0xF394, 0xF19A, 0xEFD5, 0xEE2F,  0xECC9, 0xEB90, 0xEA9E, 0xE9DA,
  0xE964, 0xE928, 0xE932, 0xE97C,  0xEA07, 0xEAD9, 0xEBE1, 0xED2C,
  0xEEA6, 0xF062, 0xF23E, 0xF44E,  0xF681, 0xF8CD, 0xFB3C, 0xFDAE,
  0x0036, 0x02B9, 0x053F, 0x07B1,  0x0A1C, 0x0C60, 0x0E90, 0x1096,
  0x126D, 0x1415, 0x1588, 0x16BE,  0x17B5, 0x186C, 0x18E1, 0x190C,
  0x18F5, 0x188F, 0x17F2, 0x1702,  0x15D7, 0x146D, 0x12C3, 0x10E8,
  0x0ED1, 0x0C96, 0x0A30, 0x07A8,  0x0507, 0x0256, 0xFF95, 0xFCD2,
  0xFA16, 0xF75B, 0xF4C3, 0xF233,  0xEFD5, 0xED92, 0xEB82, 0xE9AD,
  0xE804, 0xE6A6, 0xE582, 0xE4AC,  0xE419, 0xE3D1, 0xE3D8, 0xE42C,
  0xE4C9, 0xE5B0, 0xE6E5, 0xE85A,  0xEA19, 0xEC09, 0xEE43, 0xF0A5,
  0xF337, 0xF5F1, 0xF8C9, 0xFBBE,  0xFEBA, 0x01CA, 0x04CF, 0x07D6,
  0x0AC8, 0x0DA1, 0x105D, 0x12F1,  0x1559, 0x1789, 0x197E, 0x1B34,
  0x1CA8, 0x1DCA, 0x1EA7, 0x1F2F,  0x1F6C, 0x1F4F, 0x1EE2, 0x1E27,
  0x1D18, 0x1BBC, 0x1A10, 0x182D,  0x15F3, 0x138E, 0x10E8, 0x0E16,
  0x0B20, 0x0800, 0x04CE, 0x018B,  0xFE3B, 0xFAF3, 0xF7AD, 0xF47F,
  0xF168, 0xEE73, 0xEBAB, 0xE910,  0xE6B4, 0xE491, 0xE2BA, 0xE120,
  0xDFE7, 0xDEF1, 0xDE51, 0xDE11,  0xDE1D, 0xDE8A, 0xDF46, 0xE05A,
  0xE1C7, 0xE377, 0xE579, 0xE7C2,  0xEA47, 0xED0D, 0xEFF7, 0xF320,
  0xF65A, 0xF9C0, 0xFD27, 0x00A7,  0x041B, 0x0790, 0x0AEE, 0x0E35,
  0x1156, 0x1450, 0x1715, 0x199F,  0x1BED, 0x1DF2, 0x1FAB, 0x2111,
  0x2227, 0x22E8, 0x2349, 0x2355,  0x2303, 0x225E, 0x215A, 0x2002,
  0x1E5A, 0x1C67, 0x1A20, 0x17A3,  0x14E0, 0x11EE, 0x0EC8, 0x0B7E,
  0x0818, 0x049D, 0x0115, 0xFD89,  0xFA05, 0xF690, 0xF336, 0xEFF7,
  0xECE5, 0xEA03, 0xE75D, 0xE4F0,  0xE2CD, 0xE0F2, 0xDF6C, 0xDE33,
  0xDD52, 0xDCCE, 0xDCA2, 0xDCCB,  0xDD56, 0xDE34, 0xDF6C, 0xE0F2,
  0xE2C8, 0xE4EE, 0xE750, 0xE9F4,  0xECCE, 0xEFD9, 0xF30B, 0xF65D,
  0xF9C3, 0xFD3C, 0x00B3, 0x0431,  0x0793, 0x0AF1, 0x0E1F, 0x1136,
  0x1414, 0x16BF, 0x1934, 0x1B5D,  0x1D46, 0x1ED9, 0x2029, 0x2119,
  0x21B8, 0x2200, 0x21F0, 0x218B,  0x20C8, 0x1FBC, 0x1E57, 0x1CAD,
  0x1AAE, 0x187D, 0x1600, 0x1358,  0x1079, 0x0D77, 0x0A54, 0x071B,
  0x03CF, 0x0087, 0xFD33, 0xF9F8,  0xF6C8, 0xF3B6, 0xF0CB, 0xEE06,
  0xEB78, 0xE91D, 0xE705, 0xE535,  0xE3A2, 0xE264, 0xE170, 0xE0D5,
  0xE081, 0xE089, 0xE0DD, 0xE189,  0xE27D, 0xE3C1, 0xE549, 0xE71F,
  0xE925, 0xEB6F, 0xEDE8, 0xF08C,  0xF357, 0xF63C, 0xF939, 0xFC41,
  0xFF4D, 0x025D, 0x0554, 0x0848,  0x0B14, 0x0DC6, 0x1049, 0x12A2,
  0x14C0, 0x16A9, 0x1847, 0x19B0,  0x1AC8, 0x1B98, 0x1C1D, 0x1C56,
  0x1C44, 0x1BE2, 0x1B38, 0x1A47,  0x190D, 0x1798, 0x15DA, 0x13F4,
  0x11CD, 0x0F81, 0x0D0E, 0x0A7B,  0x07D0, 0x0515, 0x0252, 0xFF8C,
  0xFCCD, 0xFA1F, 0xF77E, 0xF502,  0xF2A2, 0xF073, 0xEE68, 0xEC9C,
  0xEB01, 0xE9AB, 0xE88B, 0xE7B8,  0xE723, 0xE6DB, 0xE6D2, 0xE713,
  0xE79D, 0xE864, 0xE96F, 0xEAB7,  0xEC3C, 0xEDED, 0xEFDA, 0xF1E8,
  0xF421, 0xF673, 0xF8E0, 0xFB5B,  0xFDE2, 0x0069, 0x02ED, 0x0562,
  0x07C8, 0x0A11, 0x0C3F, 0x0E3F,  0x101A, 0x11C5, 0x1336, 0x1471,
  0x156E, 0x1631, 0x16AC, 0x16EB,  0x16E1, 0x169F, 0x1611, 0x1548,
  0x1444, 0x1306, 0x118C, 0x0FE7,  0x0E10, 0x0C16, 0x09F6, 0x07BD,
  0x056C, 0x0311, 0x00A8, 0xFE45,  0xFBE1, 0xF991, 0xF74E, 0xF52D,
  0xF320, 0xF148, 0xEF8E, 0xEE10,  0xECBA, 0xEBA8, 0xEACD, 0xEA2E,
  0xE9D0, 0xE9B5, 0xE9DB, 0xEA3F,  0xEAE4, 0xEBC9, 0xECEB, 0xEE3A,
  0xEFD0, 0xF182, 0xF374, 0xF578,  0xF7AA, 0xF9F2, 0xFC48, 0xFEB4,
  0x011C, 0x038D, 0x05EB, 0x0843,  0x0A80, 0x0CA1, 0x0EA4, 0x1079,
  0x1224, 0x139A, 0x14DB, 0x15E3,  0x16A5, 0x1731, 0x1774, 0x1778,
  0x1736, 0x16AF, 0x15EE, 0x14E5,  0x13A2, 0x1225, 0x1074, 0x0E8D,
  0x0C7D, 0x0A45, 0x07EF, 0x0579,  0x02F6, 0x0062, 0xFDCD, 0xFB34,
  0xF8AB, 0xF62B, 0xF3CB, 0xF182,  0xEF62, 0xED6B, 0xEBA1, 0xEA1A,
  0xE8BC, 0xE7AB, 0xE6CF, 0xE646,  0xE5F8, 0xE5F5, 0xE63C, 0xE6CB,
  0xE79D, 0xE8B6, 0xEA13, 0xEBAC,  0xED84, 0xEF88, 0xF1CB, 0xF42F,
  0xF6BA, 0xF963, 0xFC26, 0xFEF1,  0x01CD, 0x04A1, 0x0772, 0x0A34,
  0x0CDA, 0x0F6B, 0x11CB, 0x140C,  0x160C, 0x17E5, 0x196E, 0x1AC6,
  0x1BCE, 0x1C92, 0x1D04, 0x1D33,  0x1D0C, 0x1C9A, 0x1BD9, 0x1ACF,
  0x197D, 0x17DE, 0x1602, 0x13EB,  0x1197, 0x0F12, 0x0C62, 0x098C,
  0x069A, 0x0392, 0x0079, 0xFD5D,  0xFA47, 0xF731, 0xF43B, 0xF156,
  0xEE96, 0xEC07, 0xE99B, 0xE774,  0xE584, 0xE3D9, 0xE275, 0xE158,
  0xE094, 0xE01A, 0xDFF4, 0xE020,  0xE0A4, 0xE178, 0xE299, 0xE40D,
  0xE5CC, 0xE7CC, 0xEA10, 0xEC8E,  0xEF46, 0xF225, 0xF534, 0xF853,
  0xFB9F, 0xFEE1, 0x023F, 0x0589,  0x08D4, 0x0C04, 0x0F1A, 0x120B,
  0x14CE, 0x1763, 0x19BA, 0x1BD0,  0x1DA0, 0x1F2B, 0x205F, 0x2145,
  0x21D4, 0x2212, 0x21F1, 0x217E,  0x20AF, 0x1F97, 0x1E20, 0x1C65,
  0x1A57, 0x1811, 0x157E, 0x12BD,  0x0FC5, 0x0CA8, 0x0963, 0x060B,
  0x029D, 0xFF2B, 0xFBB7, 0xF84D,  0xF4F9, 0xF1B8, 0xEEA6, 0xEBB6,
  0xE8FC, 0xE67F, 0xE43E, 0xE247,  0xE098, 0xDF3C, 0xDE35, 0xDD7F,
  0xDD22, 0xDD22, 0xDD7A, 0xDE25,  0xDF2C, 0xE084, 0xE231, 0xE421,
  0xE662, 0xE8DA, 0xEB9B, 0xEE7F,  0xF19C, 0xF4DA, 0xF82E, 0xFBA1,
  0xFF11, 0x0290, 0x05FC, 0x0960,  0x0CA8, 0x0FCC, 0x12CE, 0x159A,
  0x182A, 0x1A86, 0x1C92, 0x1E5F,  0x1FD3, 0x20FC, 0x21CC, 0x224F,
  0x2268, 0x223A, 0x21AA, 0x20CC,  0x1F91, 0x1E0F, 0x1C3E, 0x1A21,
  0x17CB, 0x152E, 0x126C, 0x0F6E,  0x0C51, 0x0919, 0x05C3, 0x0270,
  0xFF07, 0xFBB3, 0xF861, 0xF52E,  0xF215, 0xEF23, 0xEC5F, 0xE9D2,
  0xE77F, 0xE56B, 0xE3A1, 0xE223,  0xE0F0, 0xE00F, 0xDF82, 0xDF4C,
  0xDF67, 0xDFD8, 0xE09A, 0xE1B4,  0xE30E, 0xE4BD, 0xE6AC, 0xE8DB,
  0xEB46, 0xEDDD, 0xF0AA, 0xF393,  0xF69D, 0xF9BC, 0xFCE3, 0x0016,
  0x0339, 0x065D, 0x0960, 0x0C50,  0x0F15, 0x11B6, 0x1417, 0x1653,
  0x1841, 0x19F8, 0x1B60, 0x1C81,  0x1D59, 0x1DDC, 0x1E11, 0x1DFB,
  0x1D93, 0x1CDB, 0x1BD9, 0x1A93,  0x1902, 0x1736, 0x152C, 0x12EE,
  0x1085, 0x0DEC, 0x0B39, 0x0868,  0x0589, 0x029B, 0xFFB1, 0xFCC5,
  0xF9EF, 0xF726, 0xF480, 0xF1F8,  0xEF9C, 0xED75, 0xEB7A, 0xE9BF,
  0xE847, 0xE70B, 0xE618, 0xE56A,  0xE50A, 0xE4F3, 0xE520, 0xE59E,
  0xE65E, 0xE766, 0xE8AB, 0xEA31,  0xEBF2, 0xEDE4, 0xF003, 0xF250,
  0xF4B9, 0xF743, 0xF9DB, 0xFC83,  0xFF31, 0x01DA, 0x047D, 0x070F,
  0x0981, 0x0BE6, 0x0E12, 0x1024,  0x11FA, 0x13A2, 0x1510, 0x163B,
  0x172B, 0x17DA, 0x1840, 0x1864,  0x1841, 0x17DE, 0x1734, 0x1649,
  0x1523, 0x13C3, 0x1228, 0x105E,  0x0E69, 0x0C4D, 0x0A0E, 0x07B7,
  0x054C, 0x02D3, 0x0059, 0xFDD9,  0xFB6C, 0xF901, 0xF6BA, 0xF486,
  0xF277, 0xF096, 0xEEDC, 0xED5C,  0xEC0A, 0xEAFD, 0xEA28, 0xE992,
  0xE93E, 0xE92F, 0xE960, 0xE9D5,  0xEA83, 0xEB77, 0xECA9, 0xEE02,
  0xEFA7, 0xF163, 0xF35F, 0xF56F,  0xF7A5, 0xF9F4, 0xFC50, 0xFEBA,
  0x0126, 0x0391, 0x05EF, 0x0840,  0x0A75, 0x0C8E, 0x0E85, 0x1050,
  0x11EA, 0x1357, 0x1483, 0x1583,  0x1632, 0x16AC, 0x16E7, 0x16D8,
  0x168B, 0x15F9, 0x152C, 0x141F,  0x12D3, 0x1154, 0x0FA1, 0x0DBD,
  0x0BB3, 0x097E, 0x0739, 0x04CC,  0x025E, 0xFFDA, 0xFD5C, 0xFADF,
  0xF86F, 0xF611, 0xF3CD, 0xF1A9,  0xEFAA, 0xEDDA, 0xEC35, 0xEAD0,
  0xE99F, 0xE8AA, 0xE7F8, 0xE78F,  0xE761, 0xE77F, 0xE7DF, 0xE887,
  0xE970, 0xEA9A, 0xEC00, 0xEDA7,  0xEF7E, 0xF187, 0xF3BE, 0xF61B,
  0xF894, 0xFB28, 0xFDD0, 0x007E,  0x0333, 0x05E0, 0x0884, 0x0B13,
  0x0D8A, 0x0FDD, 0x1208, 0x1407,  0x15D1, 0x1763, 0x18B6, 0x19C5,
  0x1A97, 0x1B19, 0x1B54, 0x1B48,  0x1AF0, 0x1A49, 0x1961, 0x182B,
  0x16BA, 0x1500, 0x130D, 0x10E8,  0x0E8B, 0x0C07, 0x095A, 0x0696,
  0x03B6, 0x00CB, 0xFDD6, 0xFAE5,  0xF7FA, 0xF525, 0xF263, 0xEFC4,
  0xED4E, 0xEB01, 0xE8F0, 0xE711,  0xE578, 0xE423, 0xE312, 0xE24F,
  0xE1DB, 0xE1B6, 0xE1DE, 0xE258,  0xE324, 0xE43A, 0xE59D, 0xE742,
  0xE936, 0xEB5E, 0xEDC3, 0xF05E,  0xF31E, 0xF610, 0xF910, 0xFC34,
  0xFF5D, 0x028F, 0x05BE, 0x08E2,  0x0BF0, 0x0EE5, 0x11B6, 0x145B,
  0x16CC, 0x190A, 0x1B02, 0x1CBC,  0x1E25, 0x1F4B, 0x2019, 0x2097,
  0x20BF, 0x2097, 0x2015, 0x1F3F,  0x1E1B, 0x1CA6, 0x1AE5, 0x18DD,
  0x1691, 0x1410, 0x114E, 0x0E67,  0x0B50, 0x0824, 0x04D4, 0x0180,
  0xFE1F, 0xFAC4, 0xF773, 0xF437,  0xF115, 0xEE1A, 0xEB4B, 0xE8AE,
  0xE650, 0xE42A, 0xE257, 0xE0C4,  0xDF87, 0xDE9B, 0xDE06, 0xDDC8,
  0xDDDB, 0xDE52, 0xDF17, 0xE034,  0xE1A0, 0xE35E, 0xE566, 0xE7AF,
  0xEA3B, 0xECFD, 0xEFF4, 0xF30F,  0xF64E, 0xF9AC, 0xFD11, 0x0089,
  0x03F3, 0x075F, 0x0AB2, 0x0DEA,  0x1105, 0x13E6, 0x16A6, 0x191E,
  0x1B5D, 0x1D52, 0x1EFC, 0x205B,  0x2160, 0x2213, 0x226F, 0x2273,
  0x221C, 0x216D, 0x2070, 0x1F17,  0x1D74, 0x1B82, 0x194E, 0x16DA,
  0x1426, 0x1148, 0x0E36, 0x0B09,  0x07BA, 0x045E, 0x00F4, 0xFD8C,
  0xFA2B, 0xF6DA, 0xF3A3, 0xF08C,  0xEDA3, 0xEAE5, 0xE860, 0xE620,
  0xE418, 0xE266, 0xE0F6, 0xDFDE,  0xDF1C, 0xDEA2, 0xDE8C, 0xDEC9,
  0xDF55, 0xE03F, 0xE170, 0xE2F7,  0xE4C4, 0xE6D4, 0xE928, 0xEBB2,
  0xEE6F, 0xF155, 0xF461, 0xF788,  0xFAC0, 0xFE03, 0x0149, 0x0488,
  0x07B6, 0x0AD1, 0x0DC7, 0x1099,  0x1340, 0x15AA, 0x17E1, 0x19CF,
  0x1B82, 0x1CE4, 0x1DF7, 0x1EC1,  0x1F37, 0x1F5A, 0x1F2B, 0x1EA9,
  0x1DE0, 0x1CBC, 0x1B59, 0x19AC,  0x17BF, 0x1595, 0x1333, 0x10AA,
  0x0DEE, 0x0B1C, 0x0825, 0x0525,  0x021A, 0xFF0D, 0xFC08, 0xF910,
  0xF62F, 0xF370, 0xF0D1, 0xEE63,  0xEC23, 0xEA21, 0xE858, 0xE6CD,
  0xE593, 0xE497, 0xE3EE, 0xE386,  0xE377, 0xE3AE, 0xE430, 0xE500,
  0xE613, 0xE76E, 0xE904, 0xEAD9,  0xECE4, 0xEF1F, 0xF182, 0xF40A,
  0xF6AD, 0xF968, 0xFC2C, 0xFEFA,  0x01C3, 0x0482, 0x0736, 0x09CB,
  0x0C42, 0x0E9A, 0x10BD, 0x12B4,  0x1474, 0x15F5, 0x1742, 0x183B,
  0x1901, 0x1975, 0x19AB, 0x1992,  0x1934, 0x1897, 0x17AE, 0x168A,
  0x1526, 0x138C, 0x11BF, 0x0FBC,  0x0D99, 0x0B4D, 0x08E9, 0x066B,
  0x03E5, 0x014F, 0xFEC1, 0xFC36,  0xF9BB, 0xF752, 0xF50A, 0xF2DF,
  0xF0DE, 0xEF0B, 0xED6A, 0xEC02,  0xEACD, 0xE9DF, 0xE92C, 0xE8BE,
  0xE88D, 0xE8A5, 0xE900, 0xE998,  0xEA72, 0xEB88, 0xECDD, 0xEE5E,
  0xF019, 0xF1FB, 0xF408, 0xF633,  0xF878, 0xFAD4, 0xFD3B, 0xFFAB,
  0x0217, 0x047D, 0x06D8, 0x0917,  0x0B46, 0x0D42, 0x0F2B, 0x10D7,
  0x125F, 0x13A2, 0x14BB, 0x158F,  0x1629, 0x167A, 0x1696, 0x1666,
  0x15FD, 0x154C, 0x1465, 0x133E,  0x11DF, 0x104D, 0x0E8D, 0x0CA0,
  0x0A8E, 0x085A, 0x0616, 0x03B3,  0x014F, 0xFEDF, 0xFC72, 0xFA14,
  0xF7BB, 0xF583, 0xF35F, 0xF164,  0xEF92, 0xEDE7, 0xEC76, 0xEB37,
  0xEA3A, 0xE971, 0xE8F0, 0xE8AC,  0xE8B0, 0xE8EF, 0xE977, 0xEA3E,
  0xEB46, 0xEC84, 0xEE03, 0xEFB3,  0xF195, 0xF39F, 0xF5D4, 0xF824,
  0xFA93, 0xFD0E, 0xFF98, 0x0229,  0x04B1, 0x0736, 0x09A6, 0x0BFF,
  0x0E3B, 0x1053, 0x1239, 0x13FA,  0x157B, 0x16CC, 0x17D4, 0x18A4,
  0x192E, 0x1971, 0x196D, 0x1924,  0x1897, 0x17C1, 0x16A6, 0x154F,
  0x13BB, 0x11EB, 0x0FE6, 0x0DB6,  0x0B59, 0x08DB, 0x063F, 0x0390,
  0x00D0, 0xFE0B, 0xFB4A, 0xF887,  0xF5E6, 0xF344, 0xF0DC, 0xEE81,
  0xEC61, 0xEA6F, 0xE8B1, 0xE733,  0xE5F6, 0xE4FD, 0xE44C, 0xE3DF,
  0xE3C8, 0xE3F3, 0xE474, 0xE530,  0xE648, 0xE79B, 0xE935, 0xEB0B,
  0xED22, 0xEF6B, 0xF1E3, 0xF487,  0xF749, 0xFA2D, 0xFD1C, 0x0021,
  0x0320, 0x0622, 0x0914, 0x0BF3,  0x0EB7, 0x1156, 0x13CD, 0x1612,
  0x181C, 0x19EE, 0x1B7C, 0x1CC4,  0x1DBE, 0x1E72, 0x1ED0, 0x1EE1,
  0x1E9E, 0x1E0E, 0x1D2D, 0x1BFC,  0x1A82, 0x18C3, 0x16BF, 0x147B,
  0x1203, 0x0F59, 0x0C81, 0x0988,  0x0672, 0x0349, 0x0012, 0xFCDD,
  0xF9A5, 0xF684, 0xF370, 0xF080,  0xEDB4, 0xEB12, 0xE8AB, 0xE677,
  0xE489, 0xE2DC, 0xE180, 0xE06B,  0xDFAC, 0xDF39, 0xDF28, 0xDF5D,
  0xDFF1, 0xE0D1, 0xE20A, 0xE38A,  0xE558, 0xE76A, 0xE9C2, 0xEC4D,
  0xEF11, 0xF201, 0xF518, 0xF849,  0xFB94, 0xFEE7, 0x0242, 0x0599,
  0x08DF, 0x0C13, 0x0F26, 0x1217,  0x14D8, 0x1763, 0x19B4, 0x1BC7,
  0x1D8B, 0x1F0C, 0x2035, 0x2117,  0x2197, 0x21C9, 0x21A3, 0x2125,
  0x2056, 0x1F27, 0x1DBC, 0x1BF4,  0x19EC, 0x179F, 0x1512, 0x125B,
  0x0F63, 0x0C55, 0x091B, 0x05D0,  0x0277, 0xFF13, 0xFBB7, 0xF864,
  0xF525, 0xF205, 0xEF05, 0xEC37,  0xE997, 0xE737, 0xE510, 0xE335,
  0xE1A6, 0xE05C, 0xDF6F, 0xDECC,  0xDE8B, 0xDE91, 0xDEF8, 0xDFB1,
  0xE0BE, 0xE214, 0xE3C1, 0xE5AC,  0xE7E3, 0xEA4E, 0xECF4, 0xEFCB,
  0xF2C7, 0xF5E6, 0xF918, 0xFC62,  0xFFA8, 0x02FB, 0x0634, 0x0969,
  0x0C78, 0x0F6E, 0x1232, 0x14C9,  0x1728, 0x1949, 0x1B24, 0x1CBA,
  0x1E06, 0x1EFF, 0x1FA8, 0x1FFE,  0x2003, 0x1FB6, 0x1F0D, 0x1E23,
  0x1CDE, 0x1B5B, 0x1985, 0x177E,  0x152D, 0x12B6, 0x1000, 0x0D35,
  0x0A3C, 0x0735, 0x041A, 0x00FB,  0xFDD9, 0xFAC4, 0xF7C1, 0xF4D0,
  0xF20B, 0xEF66, 0xECF2, 0xEAB4,  0xE8AE, 0xE6EF, 0xE56D, 0xE433,
  0xE349, 0xE2A9, 0xE259, 0xE251,  0xE2A3, 0xE338, 0xE420, 0xE547,
  0xE6BF, 0xE86D, 0xEA63, 0xEC7F,  0xEEE1, 0xF158, 0xF402, 0xF6BF,
  0xF994, 0xFC78, 0xFF5B, 0x0243,  0x0519, 0x07E1, 0x0A92, 0x0D1D,
  0x0F83, 0x11BD, 0x13C3, 0x1590,  0x171F, 0x186F, 0x197C, 0x1A41,
  0x1AB7, 0x1AF4, 0x1AD5, 0x1A7D,  0x19CF, 0x18EA, 0x17B9, 0x164B,
  0x14A4, 0x12C7, 0x10BA, 0x0E7F,  0x0C25, 0x09A7, 0x071A, 0x0477,
  0x01D0, 0xFF23, 0xFC83, 0xF9EC,  0xF76D, 0xF504, 0xF2C6, 0xF0A7,
  0xEEBB, 0xED01, 0xEB7B, 0xEA3C,  0xE928, 0xE866, 0xE7E2, 0xE7A1,
  0xE7A3, 0xE7ED, 0xE87B, 0xE945,  0xEA54, 0xEB98, 0xED1A, 0xEED1,
  0xF0A8, 0xF2BF, 0xF4E3, 0xF734,  0xF992, 0xFC02, 0xFE7D, 0x00F7,
  0x036D, 0x05D5, 0x082C, 0x0A68,  0x0C86, 0x0E7B, 0x1047, 0x11E5,
  0x134B, 0x1478, 0x156B, 0x1623,  0x1695, 0x16C9, 0x16BA, 0x166F,
  0x15D9, 0x150F, 0x1400, 0x12C3,  0x1142, 0x0F9C, 0x0DC2, 0x0BC8,
  0x09A3, 0x076D, 0x0517, 0x02C1,  0x0053, 0xFDF3, 0xFB8D, 0xF93E,
  0xF6FC, 0xF4D8, 0xF2CE, 0xF0F3,  0xEF3C, 0xEDB9, 0xEC66, 0xEB51,
  0xEA76, 0xE9D7, 0xE975, 0xE95D,  0xE97E, 0xE9E5, 0xEA85, 0xEB6E,
  0xEC8C, 0xEDE2, 0xEF6E, 0xF12E,  0xF317, 0xF525, 0xF75A, 0xF99F,
  0xFC05, 0xFE6D, 0x00E4, 0x0353,  0x05C5, 0x081C, 0x0A6C, 0x0C93,
  0x0EA3, 0x1086, 0x123E, 0x13C0,  0x1512, 0x1627, 0x16FA, 0x1793,
  0x17E7, 0x17FA, 0x17C3, 0x174F,  0x1697, 0x15A0, 0x1463, 0x12F4,
  0x114A, 0x0F6E, 0x0D61, 0x0B30,  0x08D9, 0x066B, 0x03DF, 0x014E,
  0xFEAF, 0xFC13, 0xF97D, 0xF6F5,  0xF482, 0xF230, 0xEFF8, 0xEDF3,
  0xEC11, 0xEA72, 0xE900, 0xE7D0,  0xE6DF, 0xE636, 0xE5CF, 0xE5AE,
  0xE5D9, 0xE64D, 0xE701, 0xE801,  0xE940, 0xEAC6, 0xEC7E, 0xEE75,
  0xF09B, 0xF2F4, 0xF56D, 0xF808,  0xFABF, 0xFD8A, 0x0058, 0x0334,
  0x0600, 0x08CA, 0x0B7A, 0x0E12,  0x1088, 0x12D3, 0x14F0, 0x16DB,
  0x1881, 0x19F7, 0x1B1D, 0x1C03,  0x1C9A, 0x1CEA, 0x1CED, 0x1CA0,
  0x1C07, 0x1B24, 0x19FB, 0x1880,  0x16D1, 0x14D5, 0x12AD, 0x1044,
  0x0DB5, 0x0AFC, 0x0824, 0x052D,  0x0231, 0xFF1B, 0xFC17, 0xF907,
  0xF614, 0xF32F, 0xF06E, 0xEDCE,  0xEB62, 0xE91E, 0xE720, 0xE55D,
  0xE3D6, 0xE2A5, 0xE1B2, 0xE11C,  0xE0C6, 0xE0CD, 0xE122, 0xE1C9,
  0xE2BC, 0xE3FE, 0xE58D, 0xE75F,  0xE974, 0xEBC3, 0xEE4F, 0xF102,
  0xF3E6, 0xF6E8, 0xFA03, 0xFD35,  0x0068, 0x03A4, 0x06D7, 0x09F7,
  0x0D03, 0x0FEE, 0x12B0, 0x1545,  0x17A9, 0x19C4, 0x1BAC, 0x1D46,
  0x1E96, 0x1F99, 0x2046, 0x20AC,  0x20AF, 0x2067, 0x1FC6, 0x1ED9,
  0x1D97, 0x1C08, 0x1A33, 0x1819,  0x15BF, 0x132C, 0x1068, 0x0D7D,
  0x0A63, 0x073B, 0x03F6, 0x00AA,  0xFD5E, 0xFA11, 0xF6DB, 0xF3B7,
  0xF0B4, 0xEDD8, 0xEB2A, 0xE8B0,  0xE678, 0xE47A, 0xE2C5, 0xE15F,
  0xE045, 0xDF7D, 0xDF05, 0xDEE9,  0xDF1F, 0xDFA6, 0xE087, 0xE1B0,
  0xE334, 0xE4F1, 0xE702, 0xE94A,  0xEBD0, 0xEE88, 0xF16C, 0xF476,
  0xF79C, 0xFAD5, 0xFE1C, 0x0169,  0x04AB, 0x07E6, 0x0B07, 0x0E0C,
  0x10EC, 0x139F, 0x161C, 0x1860,  0x1A66, 0x1C25, 0x1D99, 0x1EC1,
  0x1F9B, 0x2022, 0x2051, 0x2034,  0x1FBD, 0x1EFD, 0x1DDF, 0x1C85,
  0x1AD6, 0x18EB, 0x16B9, 0x1453,  0x11BB, 0x0EF3, 0x0C0A, 0x0902,
  0x05E7, 0x02BC, 0xFF93, 0xFC64,  0xF94D, 0xF640, 0xF356, 0xF08D,
  0xEDEB, 0xEB84, 0xE94D, 0xE757,  0xE59E, 0xE436, 0xE30C, 0xE238,
  0xE1AC, 0xE178, 0xE18B, 0xE1F2,  0xE2A8, 0xE3A9, 0xE4F6, 0xE67F,
  0xE857, 0xEA5F, 0xECA5, 0xEF16,  0xF1B4, 0xF474, 0xF74D, 0xFA3A,
  0xFD34, 0x0030, 0x0329, 0x0616,  0x08E9, 0x0BAC, 0x0E40, 0x10B8,
  0x12F2, 0x1500, 0x16D4, 0x1862,  0x19B3, 0x1ABA, 0x1B7C, 0x1BEE,
  0x1C1B, 0x1BF7, 0x1B91, 0x1AD4,  0x19DD, 0x189C, 0x171D, 0x1561,
  0x136B, 0x114D, 0x0EF7, 0x0C89,  0x09EF, 0x074D, 0x048E, 0x01D0,
  0xFF0B, 0xFC51, 0xF9A3, 0xF70C,  0xF48F, 0xF235, 0xF007, 0xEE05,
  0xEC3C, 0xEA9D, 0xE954, 0xE830,  0xE767, 0xE6CC, 0xE68C, 0xE684,
  0xE6C8, 0xE74E, 0xE81E, 0xE926,  0xEA72, 0xEBF3, 0xEDAE, 0xEF98,
  0xF1A9, 0xF3E5, 0xF639, 0xF8AE,  0xFB26, 0xFDBC, 0x003C, 0x02D3,
  0x0546, 0x07BB, 0x0A08, 0x0C40,  0x0E4F, 0x1032, 0x11E7, 0x1368,
  0x14B2, 0x15B8, 0x168B, 0x1713,  0x1764, 0x1766, 0x1730, 0x16B4,
  0x15F8, 0x14FF, 0x13CA, 0x1261,  0x10C3, 0x0EF3, 0x0D02, 0x0AE7,
  0x08AF, 0x0664, 0x0404, 0x019B,  0xFF35, 0xFCC6, 0xFA71, 0xF820,
  0xF5F0, 0xF3DB, 0xF1E6, 0xF022,  0xEE85, 0xED23, 0xEBEB, 0xEAFC,
  0xEA41, 0xE9C5, 0xE98B, 0xE990,  0xE9DC, 0xEA5D, 0xEB25, 0xEC24,
  0xED61, 0xEECF, 0xF06E, 0xF243,  0xF432, 0xF652, 0xF87E, 0xFAD1,
  0xFD27, 0xFF8C, 0x01F2, 0x0450,  0x06A8, 0x08EA, 0x0B15, 0x0D20,
  0x0F05, 0x10C9, 0x124D, 0x13B0,  0x14CA, 0x15BA, 0x1660, 0x16C9,
  0x16F6, 0x16DE, 0x1680, 0x15EB,  0x150F, 0x13FC, 0x12A9, 0x1123,
  0x0F6D, 0x0D84, 0x0B79, 0x0942,  0x06FA, 0x0494, 0x021E, 0xFFA6,
  0xFD24, 0xFAAD, 0xF840, 0xF5E5,  0xF3A5, 0xF186, 0xEF8B, 0xEDBE,
  0xEC1D, 0xEABA, 0xE98A, 0xE89A,  0xE7E8, 0xE77E, 0xE753, 0xE76C,
  0xE7CC, 0xE871, 0xE957, 0xEA7B,  0xEBDF, 0xED7D, 0xEF51, 0xF150,
  0xF385, 0xF5D5, 0xF84E, 0xFAD5,  0xFD78, 0x0020, 0x02CE, 0x0576,
  0x0816, 0x0A9F, 0x0D14, 0x0F65,  0x1190, 0x138F, 0x155B, 0x16F2,
  0x1845, 0x1962, 0x1A35, 0x1AC5,  0x1B0A, 0x1B08, 0x1AC1, 0x1A2A,
  0x194D, 0x182F, 0x16CB, 0x1527,  0x1347, 0x1134, 0x0EED, 0x0C7D,
  0x09E5, 0x0731, 0x0468, 0x018A,  0xFEAA, 0xFBC6, 0xF8EA, 0xF620,
  0xF368, 0xF0D2, 0xEE5F, 0xEC1A,  0xEA03, 0xE829, 0xE688, 0xE52B,
  0xE414, 0xE33E, 0xE2C0, 0xE287,  0xE29C, 0xE2FD, 0xE3B3, 0xE4AB,
  0xE5F5, 0xE77A, 0xE94E, 0xEB58,  0xED99, 0xF013, 0xF2B5, 0xF57E,
  0xF866, 0xFB61, 0xFE73, 0x0182,  0x0498, 0x07A3, 0x0A96, 0x0D7E,
  0x1035, 0x12D2, 0x1535, 0x176C,  0x1962, 0x1B19, 0x1C89, 0x1DB2,
  0x1E91, 0x1F1A, 0x1F56, 0x1F46,  0x1EDA, 0x1E26, 0x1D1D, 0x1BD1,
  0x1A30, 0x1854, 0x162F, 0x13D8,  0x1148, 0x0E84, 0x0BA7, 0x0899,
  0x0584, 0x0252, 0xFF1E, 0xFBED,  0xF8C0, 0xF5A8, 0xF2A9, 0xEFC8,
  0xED17, 0xEA8D, 0xE842, 0xE629,  0xE461, 0xE2D2, 0xE196, 0xE0A2,
  0xE008, 0xDFB6, 0xDFBE, 0xE016,  0xE0C4, 0xE1BF, 0xE307, 0xE4A1,
  0xE67B, 0xE899, 0xEAF5, 0xED83,  0xF049, 0xF32E, 0xF63B, 0xF95F,
  0xFC93, 0xFFD0, 0x030F, 0x0644,  0x096A, 0x0C78, 0x0F60, 0x1229,
  0x14B9, 0x171E, 0x193D, 0x1B1D,  0x1CBC, 0x1E0A, 0x1F11, 0x1FBB,
  0x2025, 0x202C, 0x1FEA, 0x1F4E,  0x1E69, 0x1D32, 0x1BAE, 0x19E8,
  0x17DB, 0x1598, 0x1314, 0x106A,  0x0D90, 0x0A9B, 0x0783, 0x0464,
  0x0130, 0xFE05, 0xFAD9, 0xF7C4,  0xF4BC, 0xF1DF, 0xEF1E, 0xEC91,
  0xEA36, 0xE813, 0xE637, 0xE494,  0xE342, 0xE239, 0xE17F, 0xE112,
  0xE0F7, 0xE131, 0xE1B5, 0xE289,  0xE3AB, 0xE514, 0xE6C3, 0xE8B0,
  0xEADA, 0xED3B, 0xEFC7, 0xF27A,  0xF555, 0xF83E, 0xFB46, 0xFE49,
  0x0159, 0x045B, 0x0752, 0x0A31,  0x0CF5, 0x0F8C, 0x1205, 0x1440,
  0x1646, 0x1813, 0x199A, 0x1AE1,  0x1BD9, 0x1C8A, 0x1CF3, 0x1D06,
  0x1CD6, 0x1C4E, 0x1B8D, 0x1A70,  0x1921, 0x1781, 0x15B3, 0x13A3,
  0x1165, 0x0F00, 0x0C6D, 0x09C8,  0x0700, 0x0436, 0x0156, 0xFE87,
  0xFBAF, 0xF8F3, 0xF647, 0xF3BC,  0xF154, 0xEF16, 0xED07, 0xEB37,
  0xE994, 0xE83A, 0xE71B, 0xE64A,  0xE5B4, 0xE56D, 0xE56C, 0xE5B6,
  0xE642, 0xE715, 0xE82D, 0xE981,  0xEB11, 0xECD5, 0xEED4, 0xF0F2,
  0xF343, 0xF5A6, 0xF82F, 0xFAC0,  0xFD62, 0x0003, 0x02A3, 0x0537,
  0x07BB, 0x0A23, 0x0C6B, 0x0E95,  0x108B, 0x1257, 0x13E8, 0x1544,
  0x1666, 0x173F, 0x17E0, 0x1837,  0x1852, 0x181D, 0x17B2, 0x16FD,
  0x160F, 0x14DB, 0x1378, 0x11DC,  0x1010, 0x0E1A, 0x0BFA, 0x09C5,
  0x0768, 0x050C, 0x028F, 0x0020,  0xFDA7, 0xFB3C, 0xF8E2, 0xF699,
  0xF473, 0xF26F, 0xF08B, 0xEEE1,  0xED5E, 0xEC1B, 0xEB08, 0xEA36,
  0xE9A6, 0xE950, 0xE93E, 0xE96B,  0xE9DE, 0xEA87, 0xEB74, 0xEC96,
  0xEDF6, 0xEF81, 0xF13D, 0xF328,  0xF52D, 0xF75C, 0xF995, 0xFBEE,
  0xFE47, 0x00AB, 0x030B, 0x055E,  0x07A7, 0x09D6, 0x0BEC, 0x0DD9,
  0x0FA6, 0x1142, 0x12AE, 0x13E1,  0x14E0, 0x15A2, 0x1622, 0x1668,
  0x1668, 0x1632, 0x15AF, 0x14F5,  0x1401, 0x12CD, 0x1169, 0x0FC9,
  0x0E0A, 0x0C11, 0x0A04, 0x07CA,  0x0587, 0x0329, 0x00C4, 0xFE5C,
  0xFBF3, 0xF99A, 0xF74B, 0xF519,  0xF2FF, 0xF10B, 0xEF43, 0xEDA0,
  0xEC3A, 0xEB02, 0xEA0F, 0xE94C,  0xE8D2, 0xE897, 0xE89E, 0xE8E6,
  0xE96C, 0xEA3E, 0xEB40, 0xEC88,  0xEE01, 0xEFB4, 0xF195, 0xF39E,
  0xF5CD, 0xF821, 0xFA84, 0xFD02,  0xFF87, 0x0210, 0x049A, 0x0716,
  0x0986, 0x0BDA, 0x0E15, 0x1026,  0x1215, 0x13C7, 0x1558, 0x169C,
  0x17B2, 0x187E, 0x1910, 0x1956,  0x195C, 0x1918, 0x1896, 0x17C6,
  0x16BA, 0x156B, 0x13E5, 0x1221,  0x1027, 0x0E08, 0x0BB6, 0x0946,
  0x06B7, 0x0413, 0x0162, 0xFEA7,  0xFBED, 0xF93B, 0xF695, 0xF40A,
  0xF197, 0xEF4B, 0xED23, 0xEB38,  0xE971, 0xE7F5, 0xE6A9, 0xE5B0,
  0xE4EA, 0xE47C, 0xE449, 0xE46F,  0xE4D3, 0xE582, 0xE681, 0xE7BD,
  0xE93D, 0xEAFD, 0xECF6, 0xEF28,  0xF183, 0xF40B, 0xF6B6, 0xF97D,
  0xFC57, 0xFF3E, 0x022D, 0x0514,  0x07FA, 0x0AC2, 0x0D7C, 0x100D,
  0x127D, 0x14B7, 0x16C6, 0x1890,  0x1A29, 0x1B71, 0x1C78, 0x1D37,
  0x1DAA, 0x1DC7, 0x1DA2, 0x1D26,  0x1C61, 0x1B54, 0x19F1, 0x1860,
  0x1673, 0x1461, 0x1205, 0x0F89,  0x0CD5, 0x0A04, 0x0714, 0x0412,
  0x0101, 0xFDEB, 0xFADA, 0xF7D3,  0xF4DE, 0xF209, 0xEF4E, 0xECC6,
  0xEA68, 0xE845, 0xE65B, 0xE4B2,  0xE355, 0xE23C, 0xE171, 0xE0F4,
  0xE0CE, 0xE0ED, 0xE169, 0xE229,  0xE344, 0xE49E, 0xE642, 0xE831,
  0xEA54, 0xECBB, 0xEF47, 0xF20B,  0xF4EF, 0xF7F0, 0xFB09, 0xFE2E,
  0x0158, 0x0482, 0x079D, 0x0AA9,  0x0D96, 0x1065, 0x1306, 0x1577,
  0x17B1, 0x19B1, 0x1B69, 0x1CE1,  0x1E05, 0x1EE9, 0x1F71, 0x1FAB,
  0x1F97, 0x1F2F, 0x1E75, 0x1D6D,  0x1C1C, 0x1A80, 0x189D, 0x1682,
  0x1422, 0x119F, 0x0EDB, 0x0C03,  0x08FF, 0x05EF, 0x02C7, 0xFFA1,
  0xFC77, 0xF959, 0xF64E, 0xF35C,  0xF08C, 0xEDE4, 0xEB70, 0xE92A,
  0xE728, 0xE562, 0xE3E8, 0xE2AD,  0xE1CA, 0xE12B, 0xE0E8, 0xE0EA,
  0xE142, 0xE1EB, 0xE2E0, 0xE41D,  0xE5A8, 0xE76F, 0xE97D, 0xEBBC,
  0xEE31, 0xF0D9, 0xF39A, 0xF686,  0xF980, 0xFC8D, 0xFF9F, 0x02AF,
  0x05B9, 0x08AD, 0x0B8D, 0x0E4B,  0x10DD, 0x1347, 0x157A, 0x1774,
  0x192D, 0x1AA4, 0x1BD5, 0x1CBC,  0x1D54, 0x1DA0, 0x1DA4, 0x1D50,
  0x1CB9, 0x1BD0, 0x1AA4, 0x1931,  0x177C, 0x158F, 0x1367, 0x1114,
  0x0E8D, 0x0BEE, 0x0929, 0x0653,  0x0372, 0x0085, 0xFD9F, 0xFAC0,
  0xF7F3, 0xF540, 0xF2A9, 0xF03D,  0xEDFB, 0xEBE9, 0xEA16, 0xE878,
  0xE721, 0xE606, 0xE539, 0xE4B3,  0xE471, 0xE480, 0xE4D1, 0xE575,
  0xE653, 0xE77A, 0xE8E4, 0xEA86,  0xEC61, 0xEE6D, 0xF0A6, 0xF309,
  0xF583, 0xF822, 0xFAC5, 0xFD80,  0x0033, 0x02EA, 0x058E, 0x0828,
  0x0A9F, 0x0D01, 0x0F2D, 0x113F,  0x1311, 0x14B5, 0x1618, 0x1743,
  0x182C, 0x18CB, 0x192F, 0x1945,  0x1921, 0x18A9, 0x17FC, 0x1705,
  0x15D6, 0x1468, 0x12C5, 0x10F4,  0x0EF3, 0x0CC9, 0x0A84, 0x0822,
  0x05AC, 0x032B, 0x00A3, 0xFE1C,  0xFB9F, 0xF931, 0xF6D6, 0xF49A,
  0xF282, 0xF08C, 0xEECC, 0xED32,  0xEBDC, 0xEAB8, 0xE9D0, 0xE92A,
  0xE8C5, 0xE8A0, 0xE8BE, 0xE919,  0xE9BE, 0xEA96, 0xEBB0, 0xECFF,
  0xEE87, 0xF03A, 0xF21B, 0xF421,  0xF645, 0xF88A, 0xFAD4, 0xFD41,
  0xFF9A, 0x020B, 0x0462, 0x06B6,  0x08F1, 0x0B13, 0x0D13, 0x0EEF,
  0x1099, 0x1220, 0x1364, 0x1479,  0x1550, 0x15ED, 0x1648, 0x1664,
  0x163F, 0x15E1, 0x153B, 0x145E,  0x1345, 0x11FA, 0x1073, 0x0EC5,
  0x0CE6, 0x0AEB, 0x08C6, 0x0692,  0x0444, 0x01EB, 0xFF90, 0xFD30,
  0xFADC, 0xF895, 0xF661, 0xF44B,  0xF252, 0xF081, 0xEEE0, 0xED65,
  0xEC2A, 0xEB1C, 0xEA56, 0xE9BF,  0xE971, 0xE960, 0xE990, 0xEA00,
  0xEAAA, 0xEB9A, 0xECC1, 0xEE18,  0xEFB1, 0xF16C, 0xF35A, 0xF56B,
  0xF799, 0xF9E6, 0xFC43, 0xFEAA,  0x011E, 0x0389, 0x05F4, 0x084A,
  0x0A8F, 0x0CB7, 0x0EBD, 0x109F,  0x124E, 0x13D1, 0x151C, 0x162F,
  0x1700, 0x1797, 0x17E9, 0x1800,  0x17C7, 0x1757, 0x16A0, 0x15AC,
  0x1477, 0x130B, 0x1168, 0x0F91,  0x0D8D, 0x0B61, 0x0916, 0x06AB,
  0x042A, 0x019F, 0xFF08, 0xFC71,  0xF9E5, 0xF75E, 0xF4F4, 0xF2A1,
  0xF070, 0xEE66, 0xEC8C, 0xEAE3,  0xE974, 0xE83D, 0xE746, 0xE695,
  0xE626, 0xE5F9, 0xE618, 0xE67E,  0xE725, 0xE811, 0xE945, 0xEAAF,
  0xEC5F, 0xEE3A, 0xF053, 0xF293,  0xF4F9, 0xF784, 0xFA24, 0xFCDD,
  0xFF9D, 0x0262, 0x0526, 0x07DE,  0x0A85, 0x0D14, 0x0F7E, 0x11C8,
  0x13E1, 0x15CB, 0x1775, 0x18EE,  0x1A1C, 0x1B0D, 0x1BB0, 0x1C11,
  0x1C24, 0x1BEF, 0x1B68, 0x1AA2,  0x198F, 0x1838, 0x169D, 0x14CA,
  0x12BA, 0x1076, 0x0E06, 0x0B70,  0x08B4, 0x05E6, 0x02FE, 0x0011,
  0xFD1F, 0xFA31, 0xF752, 0xF484,  0xF1D6, 0xEF47, 0xECE6, 0xEAAD,
  0xE8B7, 0xE6EE, 0xE574, 0xE42F,  0xE33F, 0xE295, 0xE232, 0xE225,
  0xE263, 0xE2ED, 0xE3C5, 0xE4E6,  0xE651, 0xE7FF, 0xE9E8, 0xEC13,
  0xEE70, 0xF0FC, 0xF3B1, 0xF685,  0xF97B, 0xFC76, 0xFF8F, 0x0293,
  0x05AA, 0x089F, 0x0B8E, 0x0E56,  0x1102, 0x137A, 0x15CD, 0x17D7,
  0x19B5, 0x1B45, 0x1C98, 0x1D96,  0x1E53, 0x1EB9, 0x1ED6, 0x1E9D,
  0x1E17, 0x1D48, 0x1C24, 0x1ABB,  0x190F, 0x171F, 0x14F2, 0x1290,
  0x0FFD, 0x0D42, 0x0A62, 0x0769,  0x045A, 0x0143, 0xFE25, 0xFB10,
  0xF805, 0xF50E, 0xF236, 0xEF81,  0xECF4, 0xEA9E, 0xE87D, 0xE696,
  0xE4F7, 0xE396, 0xE28C, 0xE1BF,  0xE14D, 0xE120, 0xE151, 0xE1BF,
  0xE28D, 0xE399, 0xE4FC, 0xE697,  0xE87C, 0xEA9A, 0xECF1, 0xEF76,
  0xF225, 0xF4FB, 0xF7E6, 0xFAEB,  0xFDF7, 0x0109, 0x0419, 0x0718,
  0x0A07, 0x0CD9, 0x0F88, 0x1210,  0x1463, 0x167F, 0x1867, 0x1A08,
  0x1B66, 0x1C79, 0x1D46, 0x1DC6,  0x1DF2, 0x1DD7, 0x1D69, 0x1CB4,
  0x1BAF, 0x1A64, 0x18DA, 0x170A,  0x1501, 0x12C5, 0x1056, 0x0DC4,
  0x0B08, 0x083A, 0x0552, 0x0262,  0xFF6F, 0xFC7D, 0xF99A, 0xF6C8,
  0xF414, 0xF17D, 0xEF13, 0xECD6,  0xEACF, 0xE8FD, 0xE770, 0xE622,
  0xE51A, 0xE458, 0xE3E0, 0xE3BA,  0xE3D6, 0xE43D, 0xE4F2, 0xE5EB,
  0xE729, 0xE8A4, 0xEA61, 0xEC4E,  0xEE78, 0xF0C0, 0xF33B, 0xF5CD,
  0xF879, 0xFB39, 0xFDFD, 0x00C8,  0x038B, 0x0643, 0x08E3, 0x0B6E,
  0x0DD1, 0x1015, 0x121E, 0x1401,  0x15A3, 0x170F, 0x1835, 0x191F,
  0x19C1, 0x1A1B, 0x1A30, 0x1A00,  0x1989, 0x18CD, 0x17CD, 0x1690,
  0x151B, 0x1366, 0x1188, 0x0F74,  0x0D41, 0x0AE5, 0x0875, 0x05EE,
  0x0357, 0x00C2, 0xFE25, 0xFB97,  0xF918, 0xF6A9, 0xF45F, 0xF230,
  0xF02E, 0xEE5C, 0xECB6, 0xEB4B,  0xEA1E, 0xE928, 0xE878, 0xE802,
  0xE7DA, 0xE7ED, 0xE843, 0xE8DB,  0xE9B8, 0xEAC9, 0xEC19, 0xED9D,
  0xEF54, 0xF138, 0xF33F, 0xF56D,  0xF7B0, 0xFA11, 0xFC74, 0xFEEA,
  0x015A, 0x03C5, 0x0626, 0x0870,  0x0AA0, 0x0CB4, 0x0EA3, 0x105D,
  0x11F7, 0x134F, 0x147C, 0x1563,  0x1613, 0x1687, 0x16B5, 0x16A3,
  0x1657, 0x15C5, 0x14FE, 0x13F1,  0x12B4, 0x1144, 0x0F9D, 0x0DD1,
  0x0BD9, 0x09C5, 0x0793, 0x054E,  0x02FB, 0x00A0, 0xFE41, 0xFBED,
  0xF99F, 0xF76B, 0xF54A, 0xF34B,  0xF16D, 0xEFBC, 0xEE39, 0xECEA,
  0xEBCB, 0xEAED, 0xEA4B, 0xE9DE,  0xE9BB, 0xE9CD, 0xEA2B, 0xEABB,
  0xEB8D, 0xEC98, 0xEDDF, 0xEF52,  0xF0FC, 0xF2CD, 0xF4C6, 0xF6DF,
  0xF911, 0xFB5E, 0xFDAF, 0x0013,  0x026C, 0x04CC, 0x0713, 0x0953,
  0x0B6F, 0x0D75, 0x0F50, 0x1105,  0x1288, 0x13D7, 0x14F2, 0x15D4,
  0x1671, 0x16D6, 0x16FB, 0x16DD,  0x167E, 0x15E0, 0x1506, 0x13EE,
  0x129E, 0x1115, 0x0F61, 0x0D7D,  0x0B6E, 0x0944, 0x06F7, 0x049A,
  0x022A, 0xFFB1, 0xFD3D, 0xFAC2,  0xF860, 0xF608, 0xF3CA, 0xF1B2,
  0xEFB7, 0xEDEC, 0xEC4F, 0xEAE9,  0xE9BA, 0xE8C7, 0xE814, 0xE7A2,
  0xE775, 0xE784, 0xE7E0, 0xE879,  0xE957, 0xEA70, 0xEBC7, 0xED5D,
  0xEF1D, 0xF118, 0xF335, 0xF583,  0xF7E3, 0xFA66, 0xFCF7, 0xFF94,
  0x0237, 0x04D5, 0x0769, 0x09EE,  0x0C5A, 0x0EA6, 0x10D0, 0x12CA,
  0x149C, 0x162F, 0x178E, 0x18AB,  0x198C, 0x1A24, 0x1A79, 0x1A83,
  0x1A50, 0x19C7, 0x1905, 0x17F6,  0x16AF, 0x151F, 0x135C, 0x1160,
  0x0F36, 0x0CDD, 0x0A62, 0x07C8,  0x0517, 0x0253, 0xFF87, 0xFCBD,
  0xF9F1, 0xF73D, 0xF492, 0xF209,  0xEFA4, 0xED63, 0xEB58, 0xE977,
  0xE7DC, 0xE678, 0xE559, 0xE47C,  0xE3EC, 0xE3A5, 0xE3A4, 0xE3F1,
  0xE489, 0xE56B, 0xE690, 0xE7F9,  0xE9AA, 0xEB8C, 0xEDB1, 0xEFF9,
  0xF280, 0xF51B, 0xF7E0, 0xFAB6,  0xFD9E, 0x0090, 0x0381, 0x066A,
  0x0946, 0x0C09, 0x0EB2, 0x1132,  0x1389, 0x15AF, 0x179E, 0x194D,
  0x1ABF, 0x1BEA, 0x1CD2, 0x1D64,  0x1DB6, 0x1DB5, 0x1D67, 0x1CCD,
  0x1BE4, 0x1ABC, 0x1944, 0x178D,  0x1598, 0x136B, 0x110A, 0x0E7A,
  0x0BC8, 0x08F1, 0x0606, 0x0308,  0x0001, 0xFCFD, 0xF9F8, 0xF70C,
  0xF42E, 0xF171, 0xEEDB, 0xEC6E,  0xEA33, 0xE834, 0xE66C, 0xE4F0,
  0xE3AB, 0xE2BF, 0xE213, 0xE1BE,  0xE1AB, 0xE1F3, 0xE283, 0xE360,
  0xE486, 0xE5F7, 0xE7A7, 0xE999,  0xEBC2, 0xEE23, 0xF0B1, 0xF366,
  0xF638, 0xF92B, 0xFC26, 0xFF34,  0x023C, 0x0541, 0x0839, 0x0B18,
  0x0DDE, 0x1079, 0x12EF, 0x1531,  0x173C, 0x1907, 0x1A96, 0x1BDC,
  0x1CDA, 0x1D8C, 0x1DF1, 0x1E10,  0x1DD1, 0x1D54, 0x1C81, 0x1B6C,
  0x1A0A, 0x1866, 0x1689, 0x146A,  0x121E, 0x0F9D, 0x0CFE, 0x0A34,
  0x075A, 0x0466, 0x0172, 0xFE72,  0xFB80, 0xF896, 0xF5C1, 0xF30E,
  0xF079, 0xEE11, 0xEBD7, 0xE9D4,  0xE812, 0xE683, 0xE545, 0xE446,
  0xE393, 0xE32A, 0xE30B, 0xE33D,  0xE3B8, 0xE477, 0xE586, 0xE6D6,
  0xE867, 0xEA32, 0xEC3C, 0xEE6E,  0xF0DA, 0xF359, 0xF60C, 0xF8C6,
  0xFB9A, 0xFE74, 0x014E, 0x0424,  0x06EE, 0x099F, 0x0C37, 0x0EA9,
  0x10F7, 0x1312, 0x14F7, 0x16A8,  0x1816, 0x1947, 0x1A2F, 0x1AD2,
  0x1B33, 0x1B43, 0x1B0D, 0x1A91,  0x19CF, 0x18C8, 0x177B, 0x15FC,
  0x1439, 0x1249, 0x1024, 0x0DDD,  0x0B6F, 0x08E7, 0x0646, 0x039E,
  0x00E8, 0xFE39, 0xFB8D, 0xF8F2,  0xF66C, 0xF405, 0xF1BE, 0xEFA2,
  0xEDB2, 0xEBFC, 0xEA76, 0xE92F,  0xE829, 0xE765, 0xE6E2, 0xE6A4,
  0xE6AE, 0xE6FA, 0xE78A, 0xE85D,  0xE96E, 0xEAC1, 0xEC41, 0xEE02,
  0xEFE8, 0xF201, 0xF433, 0xF691,  0xF8F7, 0xFB7D, 0xFDFF, 0x008D,
  0x0314, 0x058D, 0x07FC, 0x0A48,  0x0C7F, 0x0E8A, 0x1070, 0x1227,
  0x139F, 0x14F5, 0x15F8, 0x16CF,  0x175B, 0x17AA, 0x17BC, 0x177E,
  0x1710, 0x1654, 0x1566, 0x1431,  0x12D0, 0x1135, 0x0F6E, 0x0D7C,
  0x0B63, 0x0935, 0x06E1, 0x0489,  0x021C, 0xFFAF, 0xFD44, 0xFAE3,
  0xF88D, 0xF652, 0xF433, 0xF233,  0xF061, 0xEEB3, 0xED42, 0xEBFD,
  0xEAF5, 0xEA29, 0xE99B, 0xE94D,  0xE93C, 0xE96F, 0xE9E1, 0xEA91,
  0xEB7C, 0xECA2, 0xEE03, 0xEF8D,  0xF14D, 0xF336, 0xF53E, 0xF76B,
  0xF9A7, 0xFBFF, 0xFE5C, 0x00BF,  0x0322, 0x0576, 0x07C3, 0x09F4,
  0x0C0D, 0x0E01, 0x0FCD, 0x1174,  0x12DF, 0x141C, 0x151F, 0x15E7,
  0x166F, 0x16B9, 0x16C2, 0x168F,  0x1617, 0x155E, 0x1473, 0x1341,
  0x11E3, 0x1049, 0x0E87, 0x0C97,  0x0A84, 0x0850, 0x0609, 0x03A7,
  0x0142, 0xFED1, 0xFC65, 0xFA02,  0xF7AB, 0xF56F, 0xF347, 0xF14B,
  0xEF6D, 0xEDC4, 0xEC46, 0xEB03,  0xE9F9, 0xE928, 0xE898, 0xE84C,
  0xE840, 0xE871, 0xE8ED, 0xE9A2,  0xEA9C, 0xEBCC, 0xED3A, 0xEEDE,
  0xF0AE, 0xF2B0, 0xF4D5, 0xF71F,  0xF980, 0xFBF6, 0xFE7B, 0x0109,
  0x0391, 0x0619, 0x088B, 0x0AEE,  0x0D34, 0x0F56, 0x1156, 0x131E,
  0x14C0, 0x1624, 0x1749, 0x1839,  0x18E1, 0x194A, 0x1968, 0x1947,
  0x18E1, 0x1831, 0x1745, 0x1610,  0x14AB, 0x12FF, 0x1125, 0x0F18,
  0x0CE0, 0x0A85, 0x0805, 0x0574,  0x02CD, 0x001B, 0xFD69, 0xFAB9,
  0xF812, 0xF585, 0xF309, 0xF0B3,  0xEE7F, 0xEC7D, 0xEAAB, 0xE90C,
  0xE7B3, 0xE68E, 0xE5B7, 0xE51C,  0xE4CD, 0xE4CA, 0xE508, 0xE592,
  0xE666, 0xE779, 0xE8D6, 0xEA67,  0xEC40, 0xEE48, 0xF07E, 0xF2EA,
  0xF56E, 0xF81C, 0xFAD8, 0xFDAA,  0x0083, 0x035E, 0x062E, 0x08F8,
  0x0BA4, 0x0E3A, 0x10A9, 0x12F0,  0x1504, 0x16E5, 0x188A, 0x19EE,
  0x1B10, 0x1BED, 0x1C80, 0x1CC6,  0x1CC1, 0x1C76, 0x1BD8, 0x1AF7,
  0x19C6, 0x185D, 0x16A7, 0x14BA,  0x1298, 0x103C, 0x0DC0, 0x0B10,
  0x084D, 0x056F, 0x027E, 0xFF8C,  0xFC92, 0xF9A4, 0xF6C7, 0xF3F9,
  0xF155, 0xEEC8, 0xEC73, 0xEA4D,  0xE858, 0xE6AB, 0xE535, 0xE40E,
  0xE328, 0xE28F, 0xE246, 0xE249,  0xE294, 0xE335, 0xE41A, 0xE54D,
  0xE6BF, 0xE87B, 0xEA73, 0xEC9C,  0xEF05, 0xF18B, 0xF448, 0xF715,
  0xFA03, 0xFCFD, 0x0000, 0x0304,  0x05FE, 0x08EC, 0x0BC0, 0x0E77,
  0x110A, 0x1369, 0x15A2, 0x1797,  0x1957, 0x1ACF, 0x1C01, 0x1CF2,
  0x1D8F, 0x1DE0, 0x1DEA, 0x1D9E,  0x1D09, 0x1C28, 0x1AFC, 0x1990,
  0x17DA, 0x15E8, 0x13C5, 0x1163,  0x0EDE, 0x0C2C, 0x0962, 0x067B,
  0x0387, 0x0088, 0xFD8A, 0xFA95,  0xF7AE, 0xF4DD, 0xF22A, 0xEF9D,
  0xED3F, 0xEB0C, 0xE915, 0xE75B,  0xE5E1, 0xE4AE, 0xE3BC, 0xE31F,
  0xE2C6, 0xE2BC, 0xE2FC, 0xE38E,  0xE465, 0xE584, 0xE6E9, 0xE88E,
  0xEA73, 0xEC88, 0xEED4, 0xF14C,  0xF3E6, 0xF69F, 0xF970, 0xFC4D,
  0xFF37, 0x021C, 0x04FC, 0x07CA,  0x0A86, 0x0D20, 0x0F99, 0x11E1,
  0x1401, 0x15E3, 0x178C, 0x18F8,  0x1A1D, 0x1B01, 0x1B98, 0x1BE4,
  0x1BF3, 0x1BA7, 0x1B1A, 0x1A4A,  0x192C, 0x17D7, 0x1637, 0x1469,
  0x1262, 0x102C, 0x0DCD, 0x0B4C,  0x08B0, 0x0601, 0x033E, 0x007F,
  0xFDB8, 0xFB00, 0xF858, 0xF5C0,  0xF352, 0xF0FC, 0xEEDC, 0xECDF,
  0xEB25, 0xE99C, 0xE854, 0xE74B,  0xE684, 0xE609, 0xE5CF, 0xE5D8,
  0xE631, 0xE6C8, 0xE7A4, 0xE8C2,  0xEA1A, 0xEBB1, 0xED79, 0xEF72,
  0xF197, 0xF3E0, 0xF646, 0xF8C4,  0xFB57, 0xFDEC, 0x008F, 0x0320,
  0x05B2, 0x0828, 0x0A8E, 0x0CCF,  0x0EEA, 0x10DE, 0x129F, 0x142E,
  0x157E, 0x169B, 0x1771, 0x1809,  0x1860, 0x186E, 0x1845, 0x17C8,
  0x1719, 0x1624, 0x14F6, 0x138C,  0x11EF, 0x1024, 0x0E2D, 0x0C0E,
  0x09D3, 0x077F, 0x0514, 0x02A4,  0x0029, 0xFDB1, 0xFB44, 0xF8E4,
  0xF69A, 0xF46D, 0xF261, 0xF07D,  0xEEC6, 0xED3D, 0xEBF1, 0xEAD8,
  0xE9FB, 0xE95C, 0xE901, 0xE8E4,  0xE904, 0xE96A, 0xEA0C, 0xEAED,
  0xEC05, 0xED59, 0xEEDE, 0xF092,  0xF272, 0xF474, 0xF69C, 0xF8D6,
  0xFB28, 0xFD84, 0xFFE8, 0x024B,  0x04A5, 0x06F4, 0x092C, 0x0B4A,
  0x0D4D, 0x0F1D, 0x10D1, 0x124D,  0x1396, 0x14A9, 0x157E, 0x161D,
  0x1678, 0x1693, 0x1673, 0x1611,  0x1571, 0x1490, 0x137E, 0x122D,
  0x10AF, 0x0EFA, 0x0D22, 0x0B20,  0x0901, 0x06C4, 0x047B, 0x021C,
  0xFFBD, 0xFD5A, 0xFB01, 0xF8B2,  0xF67B, 0xF459, 0xF25A, 0xF082,
  0xEED1, 0xED54, 0xEC03, 0xEAF3,  0xEA1C, 0xE97A, 0xE921, 0xE900,
  0xE928, 0xE987, 0xEA29, 0xEB0C,  0xEC28, 0xED78, 0xEF04, 0xF0B8,
  0xF2A5, 0xF4A8, 0xF6DB, 0xF91F,  0xFB7F, 0xFDE8, 0x005C, 0x02D0,
  0x053E, 0x079F, 0x09EF, 0x0C20,  0x0E39, 0x1027, 0x11EA, 0x137E,
  0x14DF, 0x1605, 0x16F0, 0x179A,  0x1809, 0x1834, 0x1817, 0x17BE,
  0x1720, 0x1645, 0x1525, 0x13D2,  0x1241, 0x1082, 0x0E8C, 0x0C72,
  0x0A36, 0x07D4, 0x0561, 0x02D9,  0x0048, 0xFDB6, 0xFB21, 0xF89E,
  0xF627, 0xF3CF, 0xF18D, 0xEF78,  0xED86, 0xEBCD, 0xEA45, 0xE8F2,
  0xE7E4, 0xE711, 0xE684, 0xE638,  0xE632, 0xE678, 0xE6FB, 0xE7C3,
  0xE8D4, 0xEA1E, 0xEBA7, 0xED67,  0xEF5C, 0xF17E, 0xF3CD, 0xF638,
  0xF8C8, 0xFB68, 0xFE18, 0x00D0,  0x038A, 0x063A, 0x08DE, 0x0B6D,
  0x0DDE, 0x102C, 0x1256, 0x1447,  0x160F, 0x1795, 0x18E3, 0x19EE,
  0x1AB1, 0x1B34, 0x1B6F, 0x1B58,  0x1B05, 0x1A5E, 0x197E, 0x184B,
  0x16E0, 0x1537, 0x1350, 0x1139,  0x0EEE, 0x0C80, 0x09EA, 0x0739,
  0x0475, 0x01A1, 0xFECA, 0xFBF1,  0xF920, 0xF665, 0xF3BA, 0xF134,
  0xEED2, 0xEC96, 0xEA96, 0xE8C5,  0xE733, 0xE5DF, 0xE4D5, 0xE40C,
  0xE38E, 0xE35A, 0xE372, 0xE3D5,  0xE482, 0xE572, 0xE6B6, 0xE82D,
  0xE9ED, 0xEBE3, 0xEE12, 0xF06F,  0xF2F3, 0xF5A0, 0xF863, 0xFB41,
  0xFE26, 0x0116, 0x03FF, 0x06E6,  0x09B2, 0x0C6F, 0x0F03, 0x1178,
  0x13BF, 0x15CC, 0x17A8, 0x1943,  0x1A9F, 0x1BB2, 0x1C7E, 0x1D03,
  0x1D38, 0x1D23, 0x1CC0, 0x1C17,  0x1B1E, 0x19E1, 0x1862, 0x16A1,
  0x14A8, 0x1272, 0x1016, 0x0D88,  0x0ADB, 0x0810, 0x052E, 0x0248,
  0xFF4D, 0xFC65, 0xF977, 0xF6A6,  0xF3EA, 0xF14C, 0xEED7, 0xEC8C,
  0xEA7C, 0xE89B, 0xE6FD, 0xE5A1,  0xE485, 0xE3BB, 0xE32B, 0xE2FA,
  0xE306, 0xE363, 0xE40C, 0xE4F9,  0xE635, 0xE7AA, 0xE962, 0xEB5A,
  0xED7D, 0xEFD8, 0xF257, 0xF4FD,  0xF7BC, 0xFA8F, 0xFD6F, 0x0058,
  0x0338, 0x0618, 0x08DB, 0x0B8D,  0x0E1D, 0x1087, 0x12C5, 0x14CE,
  0x16A1, 0x183B, 0x198C, 0x1AA0,  0x1B6A, 0x1BF0, 0x1C25, 0x1C15,
  0x1BBB, 0x1B18, 0x1A29, 0x18FE,  0x178D, 0x15E0, 0x13FB, 0x11DE,
  0x0FA0, 0x0D29, 0x0AA1, 0x07F3,  0x053A, 0x0272, 0xFFA7, 0xFCDB,
  0xFA22, 0xF770, 0xF4E3, 0xF269,  0xF020, 0xEDFC, 0xEC0D, 0xEA56,
  0xE8D0, 0xE79C, 0xE697, 0xE5E0,  0xE56E, 0xE543, 0xE560, 0xE5BF,
  0xE66C, 0xE756, 0xE884, 0xE9F0,  0xEB8F, 0xED73, 0xEF72, 0xF1AD,
  0xF400, 0xF67C, 0xF902, 0xFBA7,  0xFE46, 0x00F6, 0x0393, 0x0630,
  0x08AD, 0x0B1C, 0x0D66, 0x0F86,  0x1180, 0x1343, 0x14D7, 0x162B,
  0x1743, 0x181D, 0x18B6, 0x1906,  0x1917, 0x18DE, 0x186D, 0x17AC,
  0x16B2, 0x1581, 0x140B, 0x126A,  0x108F, 0x0E94, 0x0C67, 0x0A28,
  0x07BD, 0x0555, 0x02CB, 0x0050,  0xFDC5, 0xFB50, 0xF8E0, 0xF68F,
  0xF450, 0xF23C, 0xF04C, 0xEE88,  0xECFB, 0xEB97, 0xEA7E, 0xE995,
  0xE8ED, 0xE888, 0xE861, 0xE880,  0xE8DA, 0xE978, 0xEA51, 0xEB6C,
  0xECB3, 0xEE3B, 0xEFEE, 0xF1C9,  0xF3D2, 0xF5F2, 0xF836, 0xFA88,
  0xFCE9, 0xFF52, 0x01BB, 0x041C,  0x0675, 0x08B3, 0x0AE0, 0x0CE4,
  0x0ED0, 0x1080, 0x1211, 0x1366,  0x1488, 0x156E, 0x1614, 0x1687,
  0x16AF, 0x169B, 0x164B, 0x15BA,  0x14ED, 0x13E3, 0x12A3, 0x1133,
  0x0F8C, 0x0DBE, 0x0BCA, 0x09B2,  0x0785, 0x053A, 0x02EB, 0x008D,
  0xFE2F, 0xFBDA, 0xF989, 0xF754,  0xF52F, 0xF32F, 0xF14C, 0xEF98,
  0xEE10, 0xECBD, 0xEB97, 0xEAB7,  0xEA08, 0xE99E, 0xE96E, 0xE97D,
  0xE9D3, 0xEA5C, 0xEB2B, 0xEC2F,  0xED71, 0xEEE0, 0xF083, 0xF257,
  0xF448, 0xF665, 0xF894, 0xFAE1,  0xFD39, 0xFF99, 0x0200, 0x045B,
  0x06B6, 0x08F3, 0x0B24, 0x0D2B,  0x0F19, 0x10D9, 0x126B, 0x13CB,
  0x14F7, 0x15E5, 0x169B, 0x170D,  0x1747, 0x173B, 0x16EE, 0x1660,
  0x159D, 0x148F, 0x1355, 0x11D7,  0x1033, 0x0E59, 0x0C58, 0x0A32,
  0x07F3, 0x0594, 0x032C, 0x00B1,  0xFE3D, 0xFBBC, 0xF958, 0xF6F0,
  0xF4B1, 0xF282, 0xF07E, 0xEE9E,  0xECEE, 0xEB73, 0xEA2C, 0xE920,
  0xE851, 0xE7C6, 0xE77A, 0xE770,  0xE7A8, 0xE82A, 0xE8E5, 0xE9E2,
  0xEB1F, 0xEC95, 0xEE3E, 0xF01E,  0xF225, 0xF45A, 0xF6AE, 0xF918,
  0xFBA2, 0xFE30, 0x00CC, 0x0365,  0x05F7, 0x087D, 0x0AEF, 0x0D42,
  0x0F77, 0x1182, 0x1361, 0x150F,  0x1680, 0x17BC, 0x18B7, 0x1970,
  0x19E4, 0x1A15, 0x1A01, 0x19A5,  0x1901, 0x1823, 0x16F8, 0x159A,
  0x13F4, 0x1224, 0x1019, 0x0DE8,  0x0B87, 0x0912, 0x0675, 0x03D1,
  0x0118, 0xFE5D, 0xFBA8, 0xF8F2,  0xF65D, 0xF3CD, 0xF16A, 0xEF27,
  0xED0C, 0xEB29, 0xE972, 0xE801,  0xE6C6, 0xE5CF, 0xE521, 0xE4B5,
  0xE491, 0xE4B8, 0xE527, 0xE5DC,  0xE6D8, 0xE810, 0xE997, 0xEB4D,
  0xED3E, 0xEF64, 0xF1B3, 0xF42F,  0xF6C4, 0xF979, 0xFC3D, 0xFF0F,
  0x01E0, 0x04B4, 0x0776, 0x0A2D,  0x0CC5, 0x0F3E, 0x1190, 0x13B5,
  0x15A9, 0x1760, 0x18DF, 0x1A1A,  0x1B16, 0x1BC3, 0x1C2D, 0x1C50,
  0x1C1F, 0x1BB0, 0x1AEC, 0x19EE,  0x18A1, 0x1719, 0x1552, 0x1354,
  0x1125, 0x0EBD, 0x0C42, 0x0993,  0x06D9, 0x0401, 0x0127, 0xFE45,
  0xFB68, 0xF89A, 0xF5D7, 0xF338,  0xF0B4, 0xEE5A, 0xEC2F, 0xEA33,
  0xE878, 0xE6F4, 0xE5B2, 0xE4B8,  0xE406, 0xE398, 0xE379, 0xE3A0,
  0xE419, 0xE4D4, 0xE5D8, 0xE71F,  0xE8AD, 0xEA6E, 0xEC70, 0xEE9F,
  0xF100, 0xF383, 0xF629, 0xF8E8,  0xFBB9, 0xFE92, 0x0173, 0x0449,
  0x071A, 0x09D3, 0x0C73, 0x0EF0,  0x1148, 0x136F, 0x1566, 0x171F,
  0x189F, 0x19DF, 0x1AD4, 0x1B88,  0x1BF2, 0x1C16, 0x1BE7, 0x1B79,
  0x1ABA, 0x19C1, 0x1876, 0x16F7,  0x1538, 0x1343, 0x1119, 0x0ECA,
  0x0C4C, 0x09BC, 0x0703, 0x044A,  0x017B, 0xFEB0, 0xFBE9, 0xF92A,
  0xF687, 0xF3F7, 0xF18E, 0xEF49,  0xED31, 0xEB50, 0xE9A6, 0xE833,
  0xE707, 0xE618, 0xE575, 0xE510,  0xE4F9, 0xE528, 0xE59F, 0xE659,
  0xE755, 0xE89B, 0xEA12, 0xEBCB,  0xEDB4, 0xEFCC, 0xF211, 0xF475,
  0xF6F8, 0xF992, 0xFC36, 0xFEEB,  0x0194, 0x0446, 0x06DA, 0x0968,
  0x0BD0, 0x0E1C, 0x103F, 0x1236,  0x13F6, 0x1584, 0x16D5, 0x17EA,
  0x18B6, 0x194B, 0x1992, 0x1998,  0x1959, 0x18D2, 0x1814, 0x1708,
  0x15C6, 0x144C, 0x1299, 0x10B6,  0x0EAA, 0x0C73, 0x0A26, 0x07B3,
  0x0539, 0x02AB, 0x001E, 0xFD8E,  0xFB0B, 0xF895, 0xF636, 0xF3F7,
  0xF1D4, 0xEFE0, 0xEE15, 0xEC82,  0xEB1E, 0xE9FB, 0xE90E, 0xE86B,
  0xE7FE, 0xE7D7, 0xE7F5, 0xE852,  0xE8EF, 0xE9CA, 0xEAE6, 0xEC34,
  0xEDBD, 0xEF72, 0xF157, 0xF364,  0xF589, 0xF7D5, 0xFA2C, 0xFC98,
  0xFF08, 0x0177, 0x03E7, 0x0640,  0x0894, 0x0ABF, 0x0CD7, 0x0EC3,
  0x1089, 0x121E, 0x137C, 0x14AF,  0x159A, 0x1650, 0x16C6, 0x16FD,
  0x16F7, 0x16A8, 0x1624, 0x155E,  0x1461, 0x1323, 0x11BB, 0x101A,
  0x0E56, 0x0C5E, 0x0A51, 0x0822,  0x05DC, 0x038E, 0x012A, 0xFED2,
  0xFC75, 0xFA26, 0xF7E6, 0xF5BF,  0xF3B6, 0xF1D0, 0xF00E, 0xEE7E,
  0xED1B, 0xEBF6, 0xEAFA, 0xEA49,  0xE9C9, 0xE992, 0xE98B, 0xE9D3,
  0xEA4E, 0xEB0C, 0xEC01, 0xED2E,  0xEE93, 0xF025, 0xF1E3, 0xF3D0,
  0xF5D5, 0xF7FF, 0xFA38, 0xFC89,  0xFEE0, 0x0139, 0x0395, 0x05DC,
  0x0823, 0x0A46, 0x0C53, 0x0E3E,  0x0FFC, 0x119A, 0x12F9, 0x142E,
  0x1524, 0x15E4, 0x1668, 0x16A3,  0x16B1, 0x166F, 0x15F8, 0x153D,
  0x144C, 0x1323, 0x11BB, 0x102C,  0x0E67, 0x0C7E, 0x0A6E, 0x0842,
  0x05FC, 0x03A8, 0x0141, 0xFEDF,  0xFC74, 0xFA1C, 0xF7C9, 0xF594,
  0xF372, 0xF17A, 0xEFA2, 0xEDFA,  0xEC7F, 0xEB3D, 0xEA34, 0xE960,
  0xE8D0, 0xE87D, 0xE86D, 0xE899,  0xE90C, 0xE9B7, 0xEAAB, 0xEBCB,
  0xED31, 0xEEC6, 0xF08D, 0xF27C,  0xF497, 0xF6D1, 0xF924, 0xFB8F,
  0xFE04, 0x0086, 0x0303, 0x057E,  0x07E7, 0x0A46, 0x0C7D, 0x0EA5,
  0x1094, 0x1266, 0x1403, 0x1568,  0x1698, 0x1787, 0x183E, 0x18AF,
  0x18DA, 0x18C9, 0x1871, 0x17D9,  0x16FB, 0x15E0, 0x1491, 0x12F9,
  0x113E, 0x0F44, 0x0D2B, 0x0AE6,  0x0883, 0x0606, 0x037E, 0x00DD,
  0xFE48, 0xFBA5, 0xF919, 0xF695,  0xF42E, 0xF1E1, 0xEFB7, 0xEDBF,
  0xEBEA, 0xEA55, 0xE8F0, 0xE7CF,  0xE6EA, 0xE644, 0xE5EA, 0xE5CF,
  0xE600, 0xE66E, 0xE727, 0xE825,  0xE959, 0xEAD6, 0xEC82, 0xEE6E,
  0xF07D, 0xF2C3, 0xF526, 0xF7A9,  0xFA48, 0xFCED, 0xFFAB, 0x025F,
  0x0513, 0x07BE, 0x0A4E, 0x0CCF,  0x0F24, 0x115F, 0x135D, 0x153A,
  0x16D4, 0x1838, 0x1958, 0x1A3C,  0x1AD6, 0x1B2C, 0x1B37, 0x1AFF,
  0x1A7E, 0x19B3, 0x18A9, 0x175B,  0x15D1, 0x140A, 0x120D, 0x0FE6,
  0x0D8B, 0x0B13, 0x0879, 0x05CB,  0x0308, 0x0043, 0xFD74, 0xFAB3,
  0xF7FA, 0xF557, 0xF2D0, 0xF069,  0xEE2D, 0xEC1E, 0xEA41, 0xE89F,
  0xE73C, 0xE616, 0xE535, 0xE497,  0xE44D, 0xE439, 0xE482, 0xE4FE,
  0xE5D6, 0xE6E4, 0xE837, 0xE9CF,  0xEB98, 0xEDA1, 0xEFCD, 0xF232,
  0xF4B0, 0xF753, 0xFA06, 0xFCD1,  0xFF9B, 0x026F, 0x0536, 0x07F1,
  0x0A97, 0x0D23, 0x0F89, 0x11C9,  0x13D6, 0x15B4, 0x1757, 0x18B7,
  0x19E0, 0x1ABC, 0x1B57, 0x1BA8,  0x1BAF, 0x1B73, 0x1AE9, 0x1A17,
  0x190A, 0x17B2, 0x1622, 0x1454,  0x1255, 0x1024, 0x0DCB, 0x0B4A,
  0x08B6, 0x05FF, 0x0345, 0x007B,  0xFDB5, 0xFAF5, 0xF845, 0xF5A7,
  0xF327, 0xF0CB, 0xEE97, 0xEC93,  0xEABF, 0xE92A, 0xE7CE, 0xE6B2,
  0xE5DB, 0xE548, 0xE501, 0xE4F8,  0xE53C, 0xE5C9, 0xE695, 0xE7A9,
  0xE8F6, 0xEA88, 0xEC4B, 0xEE44,  0xF068, 0xF2B9, 0xF527, 0xF7B4,
  0xFA4F, 0xFD02, 0xFFAD, 0x0268,  0x050B, 0x07AA, 0x0A2B, 0x0C97,
  0x0ED9, 0x10F5, 0x12E4, 0x149E,  0x161C, 0x1765, 0x186B, 0x1930,
  0x19AF, 0x19EC, 0x19E4, 0x1996,  0x1902, 0x182D, 0x171B, 0x15CA,
  0x143B, 0x1280, 0x108D, 0x0E75,  0x0C34, 0x09D5, 0x0761, 0x04D3,
  0x0246, 0xFFA8, 0xFD18, 0xFA8A,  0xF814, 0xF5AB, 0xF36E, 0xF145,
  0xEF56, 0xED84, 0xEBF4, 0xEA93,  0xE972, 0xE88A, 0xE7E3, 0xE786,
  0xE75D, 0xE783, 0xE7E5, 0xE88B,  0xE96F, 0xEA8D, 0xEBE9, 0xED78,
  0xEF35, 0xF125, 0xF334, 0xF570,  0xF7B3, 0xFA23, 0xFC8C, 0xFF0B,
  0x0183, 0x03F7, 0x065E, 0x08B3,  0x0AED, 0x0D07, 0x0EFE, 0x10C7,
  0x1265, 0x13CE, 0x14F9, 0x15F7,  0x16AC, 0x1728, 0x1762, 0x175C,
  0x171A, 0x168F, 0x15D1, 0x14CD,  0x139E, 0x1229, 0x1091, 0x0EC5,
  0x0CD4, 0x0ABE, 0x0891, 0x0645,  0x03F5, 0x018E, 0xFF2E, 0xFCCF,
  0xFA75, 0xF836, 0xF602, 0xF3F2,  0xF204, 0xF03C, 0xEEA1, 0xED36,
  0xEC00, 0xEB08, 0xEA3D, 0xE9BE,  0xE972, 0xE96E, 0xE99E, 0xEA15,
  0xEAC6, 0xEBB1, 0xECD4, 0xEE2F,  0xEFB7, 0xF171, 0xF34C, 0xF552,
  0xF770, 0xF9A9, 0xFBEE, 0xFE44,  0x009B, 0x02F0, 0x0541, 0x077A,
  0x09A8, 0x0BB4, 0x0DA3, 0x0F6B,  0x1105, 0x1275, 0x13AE, 0x14AE,
  0x157A, 0x1608, 0x1655, 0x1668,  0x163A, 0x15D2, 0x1528, 0x1445,
  0x1328, 0x11DD, 0x1053, 0x0EA7,  0x0CC8, 0x0ACF, 0x08AE, 0x067A,
  0x0433, 0x01DC, 0xFF84, 0xFD29,  0xFAD5, 0xF892, 0xF65F, 0xF449,
  0xF250, 0xF07D, 0xEED8, 0xED5B,  0xEC17, 0xEB07, 0xEA32, 0xE998,
  0xE939, 0xE922, 0xE93F, 0xE9A6,  0xEA3C, 0xEB23, 0xEC32, 0xED83,
  0xEF03, 0xF0B3, 0xF295, 0xF48F,  0xF6BA, 0xF8F3, 0xFB4B, 0xFDA8,
  0x0015, 0x027E, 0x04E3, 0x073E,  0x0986, 0x0BB2, 0x0DC6, 0x0FAE,
  0x1171, 0x1305, 0x1464, 0x1591,  0x167B, 0x1730, 0x17A1, 0x17DA,
  0x17C4, 0x177A, 0x16E9, 0x161B,  0x150F, 0x13C8, 0x124F, 0x109E,
  0x0EBF, 0x0CB9, 0x0A8D, 0x0844,  0x05E0, 0x036E, 0x00ED, 0xFE6C,
  0xFBEA, 0xF971, 0xF70C, 0xF4B6,  0xF288, 0xF06F, 0xEE8A, 0xECCE,
  0xEB44, 0xE9F5, 0xE8D7, 0xE805,  0xE766, 0xE70F, 0xE6FB, 0xE72A,
  0xE79B, 0xE84D, 0xE941, 0xEA73,  0xEBE0, 0xED80, 0xEF5A, 0xF15B,
  0xF38B, 0xF5D5, 0xF848, 0xFAC5,  0xFD5D, 0xFFF2, 0x0296, 0x0526,
  0x07BB, 0x0A2C, 0x0C8F, 0x0ECD,  0x10E7, 0x12D4, 0x1491, 0x1613,
  0x1767, 0x1871, 0x193F, 0x19CE,  0x1A13, 0x1A17, 0x19D1, 0x194B,
  0x1882, 0x176F, 0x1628, 0x149E,  0x12E2, 0x10ED, 0x0ECE, 0x0C87,
  0x0A1C, 0x0797, 0x04F8, 0x0253,  0xFF9C, 0xFCF1, 0xFA41, 0xF7A8,
  0xF51E, 0xF2B6, 0xF069, 0xEE4A,  0xEC55, 0xEA98, 0xE90F, 0xE7C1,
  0xE6B8, 0xE5ED, 0xE569, 0xE525,  0xE533, 0xE57D, 0xE614, 0xE6EB,
  0xE806, 0xE964, 0xEAF5, 0xECC8,  0xEECA, 0xF0F5, 0xF351, 0xF5C5,
  0xF860, 0xFB03, 0xFDBF, 0x0077,  0x0338, 0x05E8, 0x0890, 0x0B1D,
  0x0D8E, 0x0FDE, 0x1202, 0x13F6,  0x15B8, 0x1740, 0x188B, 0x1995,
  0x1A5A, 0x1AE0, 0x1B17, 0x1B0C,  0x1AB8, 0x1A20, 0x1941, 0x181E,
  0x16BF, 0x1526, 0x134D, 0x114D,  0x0F13, 0x0CC0, 0x0A3E, 0x07A9,
  0x04FF, 0x0248, 0xFF8B, 0xFCD0,  0xFA1E, 0xF77C, 0xF4F0, 0xF285,
  0xF038, 0xEE1A, 0xEC2D, 0xEA6E,  0xE8EF, 0xE7A8, 0xE6A6, 0xE5E7,
  0xE564, 0xE536, 0xE543, 0xE59C,  0xE637, 0xE71A, 0xE83B, 0xE99C,
  0xEB36, 0xED07, 0xEF0C, 0xF138,  0xF38E, 0xF603, 0xF88F, 0xFB32,
  0xFDDC, 0x008E, 0x033B, 0x05E0,  0x0871, 0x0AEF, 0x0D4B, 0x0F84,
  0x1197, 0x136D, 0x1522, 0x168C,  0x17C6, 0x18BA, 0x196B, 0x19E2,
  0x1A03, 0x19F0, 0x198C, 0x18ED,  0x1806, 0x16DF, 0x1586, 0x13E6,
  0x121D, 0x1021, 0x0DF9, 0x0BB5,  0x0947, 0x06CF, 0x043C, 0x01A6,
  0xFF0A, 0xFC73, 0xF9E9, 0xF76C,  0xF510, 0xF2CA, 0xF0AE, 0xEEBC,
  0xECF9, 0xEB68, 0xEA13, 0xE8F9,  0xE81A, 0xE781, 0xE723, 0xE713,
  0xE73B, 0xE7AB, 0xE859, 0xE94E,  0xEA72, 0xEBDD, 0xED72, 0xEF40,
  0xF135, 0xF351, 0xF590, 0xF7E8,  0xFA55, 0xFCCC, 0xFF50, 0x01CC,
  0x044C, 0x06B3, 0x0910, 0x0B49,  0x0D6C, 0x0F61, 0x1130, 0x12C9,
  0x1439, 0x1562, 0x165D, 0x1712,  0x178F, 0x17C5, 0x17BD, 0x1774,
  0x16EF, 0x1622, 0x1526, 0x13E5,  0x127B, 0x10D1, 0x0F07, 0x0D0D,
  0x0AF7, 0x08BC, 0x0674, 0x0414,  0x01B1, 0xFF44, 0xFCE1, 0xFA82,
  0xF83A, 0xF603, 0xF3EC, 0xF1F6,  0xF027, 0xEE8A, 0xED16, 0xEBD9,
  0xEADC, 0xEA0D, 0xE987, 0xE934,  0xE928, 0xE95C, 0xE9C4, 0xEA75,
  0xEB5A, 0xEC7D, 0xEDCD, 0xEF57,  0xF10B, 0xF2E7, 0xF4E9, 0xF704,
  0xF93E, 0xFB83, 0xFDD9, 0x0030,  0x0288, 0x04DA, 0x0717, 0x094A,
  0x0B58, 0x0D4D, 0x0F1C, 0x10BD,  0x1230, 0x1376, 0x147E, 0x1551,
  0x15E8, 0x1642, 0x165F, 0x163C,  0x15DB, 0x1543, 0x1468, 0x1358,
  0x1215, 0x109B, 0x0EF7, 0x0D26,  0x0B33, 0x0921, 0x06F4, 0x04B4,
  0x0268, 0x0014, 0xFDC2, 0xFB71,  0xF933, 0xF701, 0xF4EE, 0xF2F6,
  0xF121, 0xEF77, 0xEDFC, 0xECAF,  0xEB9A, 0xEABB, 0xEA1D, 0xE9B2,
  0xE98B, 0xE9A3, 0xE9F5, 0xEA8A,  0xEB51, 0xEC5C, 0xED98, 0xEF09,
  0xF0A6, 0xF277, 0xF463, 0xF678,  0xF8A3, 0xFAE7, 0xFD37, 0xFF95,
  0x01E9, 0x044C, 0x068D, 0x08D4,  0x0AF0, 0x0CFE, 0x0EDC, 0x10A0,
  0x1229, 0x138B, 0x14B2, 0x15A5,  0x165A, 0x16CF, 0x170F, 0x1706,
  0x16C2, 0x163E, 0x157F, 0x1484,  0x134C, 0x11E4, 0x1045, 0x0E81,
  0x0C85, 0x0A78, 0x083D, 0x05F6,  0x0396, 0x012B, 0xFEC1, 0xFC54,
  0xF9EF, 0xF79E, 0xF55A, 0xF33D,  0xF136, 0xEF60, 0xEDAA, 0xEC34,
  0xEAE5, 0xE9DA, 0xE8FE, 0xE86E,  0xE814, 0xE7FB, 0xE829, 0xE893,
  0xE940, 0xEA24, 0xEB4F, 0xECA9,  0xEE41, 0xEFFF, 0xF1F3, 0xF40C,
  0xF643, 0xF89A, 0xFB04, 0xFD80,  0xFFFF, 0x0286, 0x0501, 0x0778,
  0x09D5, 0x0C1F, 0x0E44, 0x1049,  0x1221, 0x13CD, 0x153B, 0x167D,
  0x177D, 0x183E, 0x18C3, 0x18FE,  0x1901, 0x18B8, 0x182D, 0x1767,
  0x165F, 0x1517, 0x139B, 0x11E6,  0x1004, 0x0DF1, 0x0BBC, 0x0965,
  0x06F4, 0x046E, 0x01DC, 0xFF43,  0xFCAB, 0xFA1C, 0xF798, 0xF52E,
  0xF2D8, 0xF0AF, 0xEEA2, 0xECCB,  0xEB22, 0xE9B1, 0xE87B, 0xE781,
  0xE6C8, 0xE659, 0xE620, 0xE639,  0xE68D, 0xE72C, 0xE808, 0xE924,
  0xEA82, 0xEC13, 0xEDDF, 0xEFD5,  0xF201, 0xF446, 0xF6B5, 0xF938,
  0xFBCF, 0xFE74, 0x011B, 0x03BF,  0x065E, 0x08E8, 0x0B61, 0x0DB5,
  0x0FEB, 0x11F5, 0x13D2, 0x157A,  0x16E5, 0x181C, 0x190F, 0x19BE,
  0x1A2E, 0x1A55, 0x1A3A, 0x19D3,  0x1932, 0x1843, 0x1722, 0x15B1,
  0x1419, 0x1241, 0x103D, 0x0E09,  0x0BB8, 0x0940, 0x06B6, 0x0415,
  0x016C, 0xFEBE, 0xFC15, 0xF975,  0xF6E6, 0xF470, 0xF218, 0xEFE8,
  0xEDDA, 0xEC07, 0xEA60, 0xE8FA,  0xE7C7, 0xE6DF, 0xE630, 0xE5CF,
  0xE5A4, 0xE5D1, 0xE636, 0xE6E6,  0xE7D1, 0xE902, 0xEA6F, 0xEC12,
  0xEDE9, 0xEFF4, 0xF223, 0xF47B,  0xF6ED, 0xF978, 0xFC17, 0xFEB7,
  0x0166, 0x0403, 0x069F, 0x0925,  0x0B91, 0x0DDE, 0x100A, 0x1201,
  0x13D6, 0x1565, 0x16CB, 0x17E8,  0x18CE, 0x1969, 0x19CA, 0x19E1,
  0x19B3, 0x1943, 0x188F, 0x179F,  0x1665, 0x14FD, 0x1356, 0x1183,
  0x0F79, 0x0D4F, 0x0AFF, 0x0895,  0x0613, 0x0384, 0x00E9, 0xFE54,
  0xFBBE, 0xF939, 0xF6C4, 0xF46B,  0xF232, 0xF020, 0xEE33, 0xEC82,
  0xEAF9, 0xE9B5, 0xE8A1, 0xE7D9,  0xE749, 0xE6FB, 0xE6F6, 0xE72D,
  0xE7B0, 0xE866, 0xE967, 0xEA9E,  0xEC0E, 0xEDB4, 0xEF87, 0xF18A,
  0xF3AE, 0xF5F3, 0xF853, 0xFAC4,  0xFD45, 0xFFC6, 0x024B, 0x04C7,
  0x0732, 0x098E, 0x0BC8, 0x0DE3,  0x0FDD, 0x11A2, 0x133C, 0x149F,
  0x15CB, 0x16BB, 0x176D, 0x17DC,  0x1812, 0x1800, 0x17AD, 0x1721,
  0x1650, 0x1547, 0x1400, 0x128B,  0x10E0, 0x0F09, 0x0D0A, 0x0AEA,
  0x08AF, 0x065A, 0x03F8, 0x018D,  0xFF1D, 0xFCB4, 0xFA54, 0xF800,
  0xF5CF, 0xF3AD, 0xF1BC, 0xEFE5,  0xEE44, 0xECD6, 0xEB94, 0xEA92,
  0xE9C9, 0xE93B, 0xE8F2, 0xE8DD,  0xE913, 0xE981, 0xEA2E, 0xEB14,
  0xEC39, 0xED8C, 0xEF17, 0xF0C9,  0xF2AD, 0xF4AB, 0xF6CF, 0xF905,
  0xFB51, 0xFDA7, 0x0004, 0x025F,  0x04B0, 0x06FA, 0x0926, 0x0B43,
  0x0D33, 0x0F0D, 0x10B0, 0x122D,  0x1370, 0x1485, 0x155B, 0x15F9,
  0x1656, 0x167C, 0x1661, 0x1603,  0x1570, 0x149F, 0x1395, 0x1257,
  0x10DF, 0x0F48, 0x0D77, 0x0B8B,  0x097D, 0x0754, 0x0519, 0x02CE,
  0x007F, 0xFE2A, 0xFBE0, 0xF99E,  0xF76F, 0xF558, 0xF35E, 0xF189,
  0xEFD9, 0xEE57, 0xED0A, 0xEBEB,  0xEB07, 0xEA5D, 0xE9EE, 0xE9BF,
  0xE9C7, 0xEA13, 0xEA9A, 0xEB5A,  0xEC54, 0xED86, 0xEEEC, 0xF07D,
  0xF23D, 0xF421, 0xF62A, 0xF847,  0xFA83, 0xFCC6, 0xFF19, 0x016A,
  0x03BC, 0x05FE, 0x0838, 0x0A53,  0x0C5C, 0x0E38, 0x0FF8, 0x1183,
  0x12E8, 0x140E, 0x1506, 0x15C3,  0x163E, 0x1684, 0x1685, 0x164E,
  0x15D8, 0x151E, 0x1438, 0x130D,  0x11B5, 0x1025, 0x0E71, 0x0C8C,
  0x0A89, 0x0865, 0x062C, 0x03DF,  0x0187, 0xFF2B, 0xFCCB, 0xFA7D,
  0xF82F, 0xF605, 0xF3E8, 0xF1F2,  0xF022, 0xEE76, 0xED04, 0xEBB8,
  0xEAB2, 0xE9D5, 0xE942, 0xE8E6,  0xE8CC, 0xE8EB, 0xE952, 0xE9F0,
  0xEAD2, 0xEBE5, 0xED34, 0xEEB9,  0xF06B, 0xF247, 0xF44F, 0xF671,
  0xF8B4, 0xFB08, 0xFD6B, 0xFFDB,  0x0247, 0x04B3, 0x070E, 0x095D,
  0x0B8F, 0x0DA9, 0x0F98, 0x1162,  0x12FD, 0x1469, 0x1596, 0x1693,
  0x174C, 0x17CE, 0x1805, 0x1809,  0x17BF, 0x1740, 0x1678, 0x1579,
  0x1443, 0x12CA, 0x112A, 0x0F52,  0x0D55, 0x0B35, 0x08E9, 0x0697,
  0x0421, 0x01AA, 0xFF26, 0xFCA8,  0xFA2D, 0xF7C6, 0xF56F, 0xF335,
  0xF11C, 0xEF2B, 0xED66, 0xEBCE,  0xEA70, 0xE94C, 0xE85D, 0xE7B7,
  0xE746, 0xE724, 0xE739, 0xE795,  0xE834, 0xE910, 0xEA2B, 0xEB7E,
  0xED0E, 0xEECD, 0xF0BA, 0xF2D2,  0xF510, 0xF767, 0xF9DC, 0xFC5B,
  0xFEEC, 0x017C, 0x040A, 0x0690,  0x0901, 0x0B5F, 0x0D9F, 0x0FB9,
  0x11AB, 0x1373, 0x1500, 0x1660,  0x1779, 0x1861, 0x18FF, 0x195F,
  0x1979, 0x1956, 0x18EB, 0x183B,  0x1751, 0x1625, 0x14C2, 0x1322,
  0x1152, 0x0F57, 0x0D2C, 0x0AE6,  0x0878, 0x0600, 0x036B, 0x00D7,
  0xFE3A, 0xFBA2, 0xF917, 0xF69F,  0xF438, 0xF1FC, 0xEFD8, 0xEDE9,
  0xEC22, 0xEA93, 0xE93C, 0xE823,  0xE741, 0xE6AB, 0xE650, 0xE640,
  0xE669, 0xE6E1, 0xE796, 0xE88D,  0xE9BE, 0xEB2F, 0xECD6, 0xEEAC,
  0xF0B6, 0xF2DF, 0xF536, 0xF7A1,  0xFA23, 0xFCBC, 0xFF4F, 0x01F5,
  0x0485, 0x0717, 0x098C, 0x0BED,  0x0E2D, 0x1044, 0x1236, 0x13F1,
  0x157F, 0x16CA, 0x17E1, 0x18B5,  0x1949, 0x1995, 0x19A6, 0x196D,
  0x18F2, 0x1835, 0x173A, 0x15FE,  0x148E, 0x12DE, 0x110B, 0x0EFB,
  0x0CD3, 0x0A7B, 0x0816, 0x0590,  0x0306, 0x006C, 0xFDD9, 0xFB47,
  0xF8C4, 0xF65A, 0xF3FE, 0xF1D1,  0xEFC0, 0xEDE0, 0xEC2F, 0xEAB1,
  0xE974, 0xE868, 0xE7A2, 0xE71F,  0xE6D8, 0xE6DA, 0xE716, 0xE7A3,
  0xE860, 0xE968, 0xEAA5, 0xEC1A,  0xEDCE, 0xEFA0, 0xF1AC, 0xF3D7,
  0xF622, 0xF884, 0xFB01, 0xFD7F,  0x000E, 0x0291, 0x0515, 0x0784,
  0x09E1, 0x0C24, 0x0E3F, 0x103B,  0x1205, 0x13A2, 0x1505, 0x1632,
  0x1725, 0x17D6, 0x1848, 0x1878,  0x1869, 0x1817, 0x1781, 0x16B2,
  0x15A5, 0x145C, 0x12DD, 0x112F,  0x0F52, 0x0D4D, 0x0B24, 0x08E0,
  0x0685, 0x0418, 0x01A2, 0xFF2A,  0xFCB3, 0xFA4A, 0xF7ED, 0xF5AC,
  0xF37F, 0xF184, 0xEF9E, 0xEDF8,  0xEC75, 0xEB2F, 0xEA23, 0xE949,
  0xE8B9, 0xE862, 0xE84A, 0xE876,  0xE8DE, 0xE989, 0xEA6C, 0xEB8A,
  0xECE1, 0xEE6B, 0xF021, 0xF204,  0xF40E, 0xF631, 0xF876, 0xFAC5,
  0xFD2C, 0xFF90, 0x01FB, 0x045B,  0x06B1, 0x08F1, 0x0B1E, 0x0D22,
  0x0F0A, 0x10C5, 0x1250, 0x13AF,  0x14CB, 0x15BC, 0x166B, 0x16DA,
  0x170F, 0x1701, 0x16BC, 0x162D,  0x156C, 0x1469, 0x1337, 0x11C7,
  0x102F, 0x0E68, 0x0C79, 0x0A68,  0x0840, 0x05F9, 0x03B0, 0x014C,
  0xFEF5, 0xFC96, 0xFA49, 0xF805,  0xF5DD, 0xF3CD, 0xF1E1, 0xF01F,
  0xEE84, 0xED1B, 0xEBE9, 0xEAED,  0xEA26, 0xE9A6, 0xE958, 0xE954,
  0xE982, 0xE9F5, 0xEAA9, 0xEB8D,  0xECB1, 0xEE07, 0xEF8E, 0xF146,
  0xF321, 0xF522, 0xF742, 0xF979,  0xFBBF, 0xFE17, 0x006C, 0x02C8,
  0x0516, 0x075B, 0x0987, 0x0B9D,  0x0D91, 0x0F5E, 0x1105, 0x1279,
  0x13C1, 0x14C7, 0x15A0, 0x1637,  0x1692, 0x16AF, 0x168E, 0x1631,
  0x1591, 0x14BC, 0x13A8, 0x1266,  0x10E5, 0x0F43, 0x0D69, 0x0B78,
  0x095B, 0x072A, 0x04E3, 0x0290,  0x0031, 0xFDD8, 0xFB7C, 0xF933,
  0xF6F8, 0xF4D5, 0xF2D4, 0xF0F0,  0xEF3D, 0xEDB1, 0xEC56, 0xEB37,
  0xEA4E, 0xE999, 0xE92E, 0xE8F4,  0xE907, 0xE94C, 0xE9D5, 0xEA9C,
  0xEB9E, 0xECD3, 0xEE42, 0xEFE0,  0xF1AC, 0xF39E, 0xF5B2, 0xF7E8,
  0xFA2E, 0xFC8A, 0xFEEF, 0x0155,  0x03BE, 0x0618, 0x0867, 0x0A9D,
  0x0CB8, 0x0EB3, 0x1083, 0x1229,  0x13A1, 0x14E0, 0x15E9, 0x16B5,
  0x1745, 0x179A, 0x17A5, 0x177A,  0x170B, 0x165C, 0x1573, 0x144B,
  0x12F2, 0x1160, 0x0F9E, 0x0DB5,  0x0BA2, 0x0971, 0x0723, 0x04C4,
  0x0254, 0xFFE0, 0xFD65, 0xFAF8,  0xF891, 0xF641, 0xF408, 0xF1F1,
  0xEFF7, 0xEE36, 0xEC95, 0xEB31,  0xEA02, 0xE90A, 0xE85B, 0xE7D7,
  0xE7AC, 0xE7AE, 0xE800, 0xE886,  0xE957, 0xEA5E, 0xEBA4, 0xED1A,
  0xEECE, 0xF0A7, 0xF2B1, 0xF4DA,  0xF725, 0xF98C, 0xFBFA, 0xFE82,
  0x0103, 0x038A, 0x0605, 0x0874,  0x0AC3, 0x0D09, 0x0F16, 0x1111,
  0x12CF, 0x1462, 0x15C3, 0x16DF,  0x17C9, 0x186E, 0x18D5, 0x18F9,
  0x18D5, 0x1878, 0x17D3, 0x16F1,  0x15CE, 0x1477, 0x12E2, 0x111F,
  0x0F2A, 0x0D10, 0x0AD2, 0x0873,  0x0600, 0x037D, 0x00ED, 0xFE5D,
  0xFBD0, 0xF94C, 0xF6DB, 0xF482,  0xF246, 0xF02F, 0xEE40, 0xEC85,
  0xEAF6, 0xE9A3, 0xE88C, 0xE7B2,  0xE719, 0xE6BF, 0xE6B0, 0xE6D9,
  0xE751, 0xE7FE, 0xE8F9, 0xEA25,  0xEB91, 0xED33, 0xEF07, 0xF108,
  0xF330, 0xF57B, 0xF7E3, 0xFA5F,  0xFCEB, 0xFF7F, 0x0215, 0x04A5,
  0x0728, 0x099A, 0x0BEF, 0x0E29,  0x103B, 0x1220, 0x13D6, 0x155B,
  0x16A1, 0x17B1, 0x1879, 0x190E,  0x1950, 0x195F, 0x1919, 0x18A4,
  0x17DE, 0x16DD, 0x15A4, 0x142C,  0x1282, 0x10A4, 0x0E9D, 0x0C6E,
  0x0A1F, 0x07B3, 0x0536, 0x02AA,  0x0019, 0xFD85, 0xFAFA, 0xF87F,
  0xF611, 0xF3CB, 0xF196, 0xEF93,  0xEDBC, 0xEC0E, 0xEA9C, 0xE963,
  0xE862, 0xE7A9, 0xE723, 0xE6EE,  0xE6F3, 0xE73E, 0xE7C7, 0xE897,
  0xE9A1, 0xEAE5, 0xEC63, 0xEE15,  0xEFF7, 0xF202, 0xF42F, 0xF680,
  0xF8E6, 0xFB60, 0xFDE5, 0x006E,  0x02F5, 0x0576, 0x07E4, 0x0A3D,
  0x0C7B, 0x0E97, 0x108A, 0x124E,  0x13E7, 0x1542, 0x166D, 0x174F,
  0x1800, 0x1868, 0x188E, 0x1877,  0x181C, 0x1781, 0x16A6, 0x1590,
  0x143F, 0x12BE, 0x1100, 0x0F22,  0x0D12, 0x0AE8, 0x0898, 0x063E,
  0x03C7, 0x0154, 0xFED1, 0xFC61,  0xF9ED, 0xF797, 0xF551, 0xF32A,
  0xF127, 0xEF51, 0xEDA1, 0xEC2B,  0xEAE0, 0xE9DF, 0xE90B, 0xE87E,
  0xE82B, 0xE81E, 0xE84F, 0xE8BC,  0xE96F, 0xEA58, 0xEB81, 0xECDB,
  0xEE6B, 0xF02E, 0xF210, 0xF424,  0xF64D, 0xF894, 0xFAF0, 0xFD51,
  0xFFC3, 0x0229, 0x0493, 0x06E7,  0x092D, 0x0B55, 0x0D62, 0x0F45,
  0x1101, 0x128A, 0x13EA, 0x1505,  0x15F3, 0x169B, 0x1710, 0x173C,
  0x172F, 0x16E0, 0x1655, 0x158C,  0x1486, 0x1350, 0x11DF, 0x1041,
  0x0E75, 0x0C84, 0x0A74, 0x0840,  0x0601, 0x03AA, 0x014E, 0xFEEF,
  0xFC90, 0xFA40, 0xF7FC, 0xF5D6,  0xF3C0, 0xF1DA, 0xF00F, 0xEE7B,
  0xED0F, 0xEBD7, 0xEAE0, 0xEA19,  0xE992, 0xE948, 0xE93B, 0xE973,
  0xE9DD, 0xEA8D, 0xEB75, 0xEC93,  0xEDE9, 0xEF6B, 0xF124, 0xF2FA,
  0xF4FC, 0xF715, 0xF94C, 0xFB93,  0xFDE2, 0x003F, 0x0291, 0x04E3,
  0x0725, 0x0952, 0x0B65, 0x0D5D,  0x0F2B, 0x10D0, 0x124B, 0x138E,
  0x14A0, 0x1576, 0x1611, 0x1674,  0x1698, 0x1674, 0x1624, 0x1587,
  0x14BD, 0x13AB, 0x1272, 0x10FB,  0x0F5D, 0x0D90, 0x0BA0, 0x0990,
  0x0764, 0x0526, 0x02D8, 0x0082,  0xFE2E, 0xFBD6, 0xF995, 0xF75C,
  0xF53E, 0xF340, 0xF15D, 0xEFAA,  0xEE1F, 0xECC7, 0xEBA1, 0xEAB4,
  0xEA03, 0xE98C, 0xE94F, 0xE958,  0xE99B, 0xEA18, 0xEAD6, 0xEBCB,
  0xECFB, 0xEE5C, 0xEFEC, 0xF1AE,  0xF394, 0xF59C, 0xF7C1, 0xFA00,
  0xFC4A, 0xFEA6, 0x0101, 0x035B,  0x05AE, 0x07F0, 0x0A1F, 0x0C32,
  0x0E22, 0x0FF3, 0x118F, 0x1305,  0x1440, 0x154D, 0x1614, 0x16AC,
  0x16FB, 0x1718, 0x16EA, 0x1682,  0x15E1, 0x1500, 0x13E3, 0x1297,
  0x1110, 0x0F61, 0x0D83, 0x0B80,  0x0961, 0x0724, 0x04D2, 0x0278,
  0x000E, 0xFDAB, 0xFB49, 0xF8F4,  0xF6B1, 0xF486, 0xF27E, 0xF08F,
  0xEED8, 0xED40, 0xEBE7, 0xEABA,  0xE9CB, 0xE918, 0xE8A3, 0xE867,
  0xE874, 0xE8B8, 0xE946, 0xEA02,  0xEB09, 0xEC3F, 0xEDB0, 0xEF4F,
  0xF11F, 0xF317, 0xF531, 0xF769,  0xF9BC, 0xFC1C, 0xFE8C, 0x00FC,
  0x036E, 0x05D6, 0x0831, 0x0A72,  0x0C9D, 0x0EA2, 0x1085, 0x123B,
  0x13BB, 0x150F, 0x1624, 0x1704,  0x179E, 0x1802, 0x181F, 0x1800,
  0x179A, 0x16FC, 0x161C, 0x1502,  0x13AD, 0x1225, 0x106C, 0x0E84,
  0x0C79, 0x0A47, 0x07FE, 0x0598,  0x032B, 0x00AD, 0xFE34, 0xFBB8,
  0xF94B, 0xF6F1, 0xF4A7, 0xF287,  0xF07E, 0xEEA6, 0xECF8, 0xEB83,
  0xEA3A, 0xE933, 0xE868, 0xE7D8,  0xE78E, 0xE77C, 0xE7B8, 0xE82C,
  0xE8E2, 0xE9D6, 0xEB04, 0xEC71,  0xEE06, 0xEFD7, 0xF1CE, 0xF3EB,
  0xF62A, 0xF882, 0xFAF0, 0xFD6C,  0xFFEC, 0x0270, 0x04ED, 0x0759,
  0x09BC, 0x0BF6, 0x0E1F, 0x1017,  0x11F1, 0x138A, 0x1501, 0x1630,
  0x1733, 0x17EC, 0x186B, 0x18A9,  0x18A5, 0x185C, 0x17D4, 0x1711,
  0x1609, 0x14CD, 0x1351, 0x11AE,  0x0FCF, 0x0DCE, 0x0BA6, 0x095E,
  0x06FF, 0x048E, 0x020A, 0xFF8F,  0xFD02, 0xFA93, 0xF81C, 0xF5CE,
  0xF38F, 0xF175, 0xEF85, 0xEDBA,  0xEC28, 0xEAC7, 0xE99A, 0xE8B3,
  0xE804, 0xE797, 0xE766, 0xE781,  0xE7D1, 0xE870, 0xE93B, 0xEA56,
  0xEB9F, 0xED20, 0xEED4, 0xF0B6,  0xF2C1, 0xF4EF, 0xF735, 0xF99C,
  0xFC09, 0xFE87, 0x0108, 0x0381,  0x05F6, 0x0857, 0x0AA2, 0x0CCF,
  0x0EDC, 0x10BF, 0x1275, 0x13F9,  0x1546, 0x165F, 0x1736, 0x17CE,
  0x182E, 0x1846, 0x1821, 0x17B5,  0x1714, 0x162B, 0x1510, 0x13B5,
  0x122C, 0x106F, 0x0E85, 0x0C79,  0x0A4B, 0x07FF, 0x05A5, 0x0330,
  0x00C4, 0xFE48, 0xFBD9, 0xF977,  0xF71F, 0xF4EA, 0xF2CD, 0xF0D4,
  0xEF08, 0xED67, 0xEBFC, 0xEAC3,  0xE9C3, 0xE907, 0xE880, 0xE83E,
  0xE837, 0xE876, 0xE8F0, 0xE9A7,  0xEAA0, 0xEBCB, 0xED32, 0xEEC7,
  0xF088, 0xF27D, 0xF487, 0xF6BB,  0xF8FF, 0xFB5B, 0xFDC0, 0x002A,
  0x0295, 0x04F3, 0x074B, 0x0987,  0x0BAC, 0x0DB1, 0x0F8D, 0x1145,
  0x12C5, 0x141A, 0x1531, 0x1618,  0x16B4, 0x1722, 0x1748, 0x1733,
  0x16DA, 0x164A, 0x1579, 0x1472,  0x132F, 0x11BC, 0x101A, 0x0E48,
  0x0C58, 0x0A3E, 0x0811, 0x05C8,  0x0375, 0x0116, 0xFEB9, 0xFC59,
  0xFA0C, 0xF7CA, 0xF5A0, 0xF396,  0xF1AB, 0xEFE6, 0xEE52, 0xECED,
  0xEBB9, 0xEAC0, 0xEA00, 0xE97C,  0xE935, 0xE92C, 0xE961, 0xE9D9,
  0xEA82, 0xEB6E, 0xEC8F, 0xEDE7,  0xEF6C, 0xF120, 0xF2FE, 0xF4FA,
  0xF71A, 0xF94B, 0xFB95, 0xFDE4,  0x003F, 0x028F, 0x04E5, 0x071F,
  0x0953, 0x0B62, 0x0D56, 0x0F27,  0x10CD, 0x1244, 0x1388, 0x149A,
  0x1572, 0x160D, 0x1670, 0x1691,  0x167B, 0x161E, 0x158F, 0x14BD,
  0x13BA, 0x1278, 0x110A, 0x0F71,  0x0DA2, 0x0BBA, 0x09AB, 0x0785,
  0x0549, 0x02FF, 0x00AC, 0xFE5C,  0xFC07, 0xF9C9, 0xF790, 0xF578,
  0xF376, 0xF19C, 0xEFE1, 0xEE5D,  0xECFE, 0xEBDE, 0xEAE9, 0xEA37,
  0xE9BE, 0xE980, 0xE980, 0xE9BC,  0xEA3B, 0xEAEF, 0xEBDD, 0xED06,
  0xEE60, 0xEFEA, 0xF1A3, 0xF37D,  0xF583, 0xF79C, 0xF9D1, 0xFC1A,
  0xFE65, 0x00C0, 0x030E, 0x055C,  0x0798, 0x09C1, 0x0BD0, 0x0DBD,
  0x0F86, 0x1126, 0x1296, 0x13D4,  0x14DB, 0x15AF, 0x1640, 0x1699,
  0x16B2, 0x1694, 0x162E, 0x1594,  0x14BB, 0x13AB, 0x1266, 0x10E9,
  0x0F49, 0x0D73, 0x0B80, 0x0969,  0x073B, 0x04F8, 0x02A4, 0x004F,
  0xFDEF, 0xFB9F, 0xF952, 0xF71B,  0xF4F9, 0xF2F7, 0xF115, 0xEF5F,
  0xEDD1, 0xEC78, 0xEB53, 0xEA62,  0xE9AF, 0xE939, 0xE900, 0xE902,
  0xE945, 0xE9C8, 0xEA84, 0xEB79,  0xECAA, 0xEE0D, 0xEFA3, 0xF163,
  0xF34A, 0xF55C, 0xF781, 0xF9C2,  0xFC18, 0xFE70, 0x00D9, 0x0335,
  0x0590, 0x07D8, 0x0A10, 0x0C2A,  0x0E25, 0x0FF9, 0x11A4, 0x1320,
  0x1466, 0x1577, 0x1652, 0x16EA,  0x1748, 0x1768, 0x1747, 0x16ED,
  0x1649, 0x1575, 0x1461, 0x1317,  0x119A, 0x0FEA, 0x0E15, 0x0C13,
  0x09F4, 0x07B8, 0x056A, 0x0306,  0x00A3, 0xFE35, 0xFBCE, 0xF977,
  0xF726, 0xF4FB, 0xF2DD, 0xF0F1,  0xEF22, 0xED84, 0xEC19, 0xEAE1,
  0xE9E3, 0xE91D, 0xE898, 0xE851,  0xE849, 0xE87D, 0xE8F7, 0xE9AB,
  0xEA9D, 0xEBC2, 0xED2A, 0xEEB6,  0xF07F, 0xF263, 0xF47C, 0xF6A6,
  0xF8F1, 0xFB4E, 0xFDB5, 0x0028,  0x0296, 0x04FF, 0x075B, 0x09A4,
  0x0BD3, 0x0DE2, 0x0FCD, 0x118C,  0x1321, 0x147E, 0x15A2, 0x1697,
  0x1744, 0x17B8, 0x17ED, 0x17DF,  0x1797, 0x1706, 0x1641, 0x153B,
  0x1400, 0x128A, 0x10E5, 0x0F18,  0x0D18, 0x0AFF, 0x08BF, 0x0671,
  0x040C, 0x019C, 0xFF2B, 0xFCB9,  0xFA50, 0xF7FA, 0xF5B5, 0xF38B,
  0xF18A, 0xEFA4, 0xEDF4, 0xEC6E,  0xEB21, 0xEA08, 0xE92D, 0xE888,
  0xE830, 0xE807, 0xE82B, 0xE887,  0xE927, 0xEA02, 0xEB13, 0xEC65,
  0xEDE6, 0xEF97, 0xF176, 0xF379,  0xF5A1, 0xF7E3, 0xFA37, 0xFCA2,
  0xFF0C, 0x0183, 0x03EC, 0x0651,  0x08A0, 0x0ADE, 0x0CF5, 0x0EF5,
  0x10C0, 0x126A, 0x13D9, 0x1519,  0x1619, 0x16EB, 0x176E, 0x17C1,
  0x17CB, 0x179B, 0x172A, 0x1675,  0x1592, 0x1464, 0x1310, 0x117A,
  0x0FC2, 0x0DDA, 0x0BCB, 0x09A3,  0x075C, 0x0507, 0x029D, 0x0037,
  0xFDC7, 0xFB63, 0xF90B, 0xF6C5,  0xF498, 0xF28E, 0xF0A2, 0xEEE5,
  0xED53, 0xEBF6, 0xEACD, 0xE9E2,  0xE925, 0xE8BC, 0xE87B, 0xE88A,
  0xE8CA, 0xE957, 0xEA16, 0xEB13,  0xEC48, 0xEDB3, 0xEF4F, 0xF113,
  0xF305, 0xF515, 0xF746, 0xF988,  0xFBE2, 0xFE40, 0x00A6, 0x030B,
  0x0561, 0x07AF, 0x09E4, 0x0BFE,  0x0DF8, 0x0FCB, 0x1175, 0x12EC,
  0x1435, 0x153F, 0x1619, 0x16B1,  0x170D, 0x1729, 0x170C, 0x16AC,
  0x160D, 0x153A, 0x1426, 0x12E3,  0x1167, 0x0FBF, 0x0DEF, 0x0BF6,
  0x09DF, 0x07AE, 0x0569, 0x0314,  0x00B9, 0xFE5D, 0xFC03, 0xF9BA,
  0xF77C, 0xF559, 0xF352, 0xF170,  0xEFB5, 0xEE25, 0xECC3, 0xEBA1,
  0xEAA6, 0xE9F3, 0xE973, 0xE936,  0xE933, 0xE96F, 0xE9E6, 0xEAA2,
  0xEB88, 0xECB4, 0xEE0A, 0xEF98,  0xF14F, 0xF327, 0xF532, 0xF746,
  0xF982, 0xFBC3, 0xFE17, 0x006D,  0x02C1, 0x050F, 0x0749, 0x0979,
  0x0B86, 0x0D78, 0x0F43, 0x10E4,  0x125B, 0x139B, 0x14A6, 0x157C,
  0x1616, 0x1674, 0x1691, 0x1678,  0x161E, 0x1586, 0x14B7, 0x13AD,
  0x1273, 0x10FE, 0x0F64, 0x0D9A,  0x0BAE, 0x09A4, 0x077B, 0x0543,
  0x02FB, 0x00A9, 0xFE59, 0xFC0A,  0xF9CB, 0xF796, 0xF582, 0xF37B,
  0xF1AB, 0xEFED, 0xEE6D, 0xED0F,  0xEBEB, 0xEB01, 0xEA46, 0xE9CF,
  0xE994, 0xE98F, 0xE9CF, 0xEA45,  0xEAFC, 0xEBE9, 0xED0A, 0xEE63,
  0xEFEC, 0xF19C, 0xF378, 0xF575,  0xF78A, 0xF9C0, 0xFBFB, 0xFE4A,
  0x009C, 0x02E6, 0x0534, 0x0767,  0x098F, 0x0B9A, 0x0D85, 0x0F4D,
  0x10E8, 0x125B, 0x1396, 0x14A0,  0x156F, 0x1607, 0x1662, 0x167C,
  0x1661, 0x1601, 0x156D, 0x1496,  0x138F, 0x1250, 0x10DC, 0x0F3E,
  0x0D74, 0x0B8A, 0x0979, 0x0754,  0x0519, 0x02CE, 0x0080, 0xFE2C,
  0xFBDD, 0xF99D, 0xF768, 0xF551,  0xF34F, 0xF177, 0xEFC0, 0xEE3A,
  0xECDE, 0xEBBC, 0xEACE, 0xEA17,  0xE9A1, 0xE960, 0xE966, 0xE99F,
  0xEA1C, 0xEAD1, 0xEBC2, 0xECE7,  0xEE3F, 0xEFD0, 0xF180, 0xF363,
  0xF560, 0xF780, 0xF9B4, 0xFBF9,  0xFE4E, 0x00A1, 0x02F8, 0x0544,
  0x0785, 0x09AE, 0x0BC2, 0x0DB4,  0x0F80, 0x1124, 0x1299, 0x13DE,
  0x14EB, 0x15BE, 0x165F, 0x16B8,  0x16DC, 0x16BD, 0x1664, 0x15D2,
  0x14F8, 0x13F4, 0x12B1, 0x113E,  0x0F9E, 0x0DCF, 0x0BE0, 0x09CC,
  0x07A0, 0x055E, 0x030E, 0x00B5,  0xFE58, 0xFC04, 0xF9B3, 0xF77C,
  0xF552, 0xF34D, 0xF161, 0xEFA8,  0xEE0E, 0xECAE, 0xEB7C, 0xEA83,
  0xE9C8, 0xE93E, 0xE8FE, 0xE8F3,  0xE92A, 0xE99E, 0xEA4B, 0xEB3B,
  0xEC5A, 0xEDAE, 0xEF40, 0xF0EC,  0xF2D6, 0xF4CE, 0xF6F7, 0xF92B,
  0xFB7C, 0xFDD1, 0x0032, 0x028E,  0x04E9, 0x0731, 0x096A, 0x0B87,
  0x0D8A, 0x0F62, 0x1116, 0x1299,  0x13EE, 0x150A, 0x15EE, 0x1696,
  0x1709, 0x1732, 0x1725, 0x16D8,  0x164E, 0x1585, 0x1487, 0x134B,
  0x11E7, 0x1040, 0x0E84, 0x0C8B,  0x0A83, 0x0850, 0x060D, 0x03BF,
  0x0159, 0xFF00, 0xFC99, 0xFA4A,  0xF7FD, 0xF5D3, 0xF3B7, 0xF1C5,
  0xEFF5, 0xEE54, 0xECDD, 0xEB9D,  0xEA93, 0xE9C4, 0xE92C, 0xE8D6,
  0xE8BD, 0xE8E4, 0xE943, 0xE9E4,  0xEAC3, 0xEBD5, 0xED20, 0xEE9E,
  0xF04A, 0xF220, 0xF41D, 0xF633,  0xF872, 0xFAB3, 0xFD10, 0xFF6E,
  0x01CF, 0x042D, 0x067C, 0x08BD,  0x0AE3, 0x0CF0, 0x0ED7, 0x1095,
  0x122B, 0x1389, 0x14BE, 0x15A9,  0x1670, 0x16E7, 0x1730, 0x172C,
  0x16F5, 0x167E, 0x15C5, 0x14DA,  0x13AF, 0x1256, 0x10C8, 0x0F0A,
  0x0D2D, 0x0B25, 0x0901, 0x06C6,  0x0478, 0x021F, 0xFFC1, 0xFD62,
  0xFB0C, 0xF8C2, 0xF68E, 0xF471,  0xF276, 0xF09B, 0xEEF2, 0xED6D,
  0xEC20, 0xEB0A, 0xEA27, 0xE985,  0xE918, 0xE8F1, 0xE904, 0xE954,
  0xE9E2, 0xEAAA, 0xEBB3, 0xECE4,  0xEE57, 0xEFEF, 0xF1B9, 0xF3A4,
  0xF5B4, 0xF7DD, 0xFA1D, 0xFC6B,  0xFEC4, 0x011E, 0x0379, 0x05C3,
  0x0808, 0x0A29, 0x0C3B, 0x0E25,  0x0FEB, 0x1183, 0x12F2, 0x1425,
  0x152A, 0x15EE, 0x167B, 0x16D1,  0x16D9, 0x16B7, 0x1649, 0x15A7,
  0x14C8, 0x13AD, 0x1268, 0x10E7,  0x0F3C, 0x0D6A, 0x0B71, 0x095D,
  0x072C, 0x04EA, 0x029E, 0x0043,  0xFDF1, 0xFBA0, 0xF959, 0xF72B,
  0xF50F, 0xF313, 0xF13B, 0xEF8A,  0xEE06, 0xECB4, 0xEB93, 0xEAAD,
  0xEA00, 0xE98A, 0xE958, 0xE960,  0xE9A3, 0xEA25, 0xEADF, 0xEBD9,
  0xED02, 0xEE60, 0xEFF0, 0xF1AA,  0xF388, 0xF58D, 0xF7A6, 0xF9DF,
  0xFC20, 0xFE70, 0x00C3, 0x0312,  0x0559, 0x0795, 0x09B6, 0x0BC1,
  0x0DAC, 0x0F6D, 0x110C, 0x1273,  0x13B2, 0x14B5, 0x1581, 0x1612,
  0x166F, 0x167F, 0x1665, 0x15FD,  0x156B, 0x148D, 0x1385, 0x1242,
  0x10D1, 0x0F2F, 0x0D66, 0x0B78,  0x096E, 0x0746, 0x050E, 0x02C7,
  0x0079, 0xFE29, 0xFBE1, 0xF99F,  0xF775, 0xF55D, 0xF364, 0xF18E,
  0xEFDD, 0xEE5C, 0xED05, 0xEBE5,  0xEAFC, 0xEA4B, 0xE9D6, 0xE998,
  0xE99F, 0xE9DD, 0xEA58, 0xEB0B,  0xEBFF, 0xED21, 0xEE78, 0xF000,
  0xF1B4, 0xF38B, 0xF588, 0xF79E,  0xF9CB, 0xFC0E, 0xFE52, 0x00A3,
  0x02EF, 0x0531, 0x076A, 0x0989,  0x0B92, 0x0D7B, 0x0F41, 0x10D8,
  0x1247, 0x1382, 0x148B, 0x1556,  0x15EF, 0x1648, 0x1664, 0x1648,
  0x15E7, 0x1558, 0x1483, 0x137A,  0x123F, 0x10D2, 0x0F33, 0x0D71,
  0x0B86, 0x097D, 0x075D, 0x0523,  0x02E4, 0x0091, 0xFE4C, 0xFBF9,
  0xF9C5, 0xF78D, 0xF581, 0xF37D,  0xF1AD, 0xEFF4, 0xEE74, 0xED18,
  0xEBF8, 0xEB06, 0xEA57, 0xE9D9,  0xE998, 0xE99C, 0xE9D3, 0xEA4D,
  0xEAFA, 0xEBE6, 0xED0B, 0xEE59,  0xEFE1, 0xF18F, 0xF365, 0xF560,
  0xF774, 0xF9A1, 0xFBE0, 0xFE29,  0x0075, 0x02C8, 0x0508, 0x0744,
  0x0968, 0x0B72, 0x0D61, 0x0F28,  0x10C9, 0x1238, 0x137E, 0x1489,
  0x155C, 0x15FA, 0x1657, 0x1680,  0x1663, 0x160D, 0x157E, 0x14B4,
  0x13AD, 0x1277, 0x110E, 0x0F73,  0x0DB4, 0x0BC9, 0x09C5, 0x07A3,
  0x056C, 0x0327, 0x00DA, 0xFE88,  0xFC40, 0xF9FA, 0xF7CB, 0xF5AA,
  0xF3B3, 0xF1C9, 0xF01C, 0xEE83,  0xED2D, 0xEBFD, 0xEB06, 0xEA4D,
  0xE9C8, 0xE980, 0xE976, 0xE9AA,  0xEA19, 0xEAC2, 0xEBA5, 0xECC1,
  0xEE0E, 0xEF8C, 0xF139, 0xF30A,  0xF502, 0xF714, 0xF941, 0xFB7F,
  0xFDC9, 0x0018, 0x026B, 0x04B2,  0x06F0, 0x091C, 0x0B2B, 0x0D1F,
  0x0EF4, 0x1094, 0x1219, 0x135A,  0x1479, 0x1553, 0x15FA, 0x1665,
  0x1694, 0x1686, 0x1637, 0x15B2,  0x14F2, 0x13F6, 0x12C5, 0x1164,
  0x0FD2, 0x0E16, 0x0C33, 0x0A31,  0x0812, 0x05DE, 0x0399, 0x014E,
  0xFEF7, 0xFCB1, 0xFA62, 0xF835,  0xF609, 0xF410, 0xF21B, 0xF067,
  0xEEC5, 0xED68, 0xEC28, 0xEB2E,  0xEA60, 0xE9D8, 0xE981, 0xE96B,
  0xE994, 0xE9F7, 0xEA97, 0xEB6B,  0xEC82, 0xEDC0, 0xEF3B, 0xF0D9,
  0xF2A9, 0xF496, 0xF6A5, 0xF8CB,  0xFB0A, 0xFD4D, 0xFFA1, 0x01EE,
  0x043A, 0x067A, 0x08A9, 0x0ABC,  0x0CBB, 0x0E8D, 0x1042, 0x11C1,
  0x1319, 0x1436, 0x1527, 0x15CF,  0x164B, 0x1682, 0x1684, 0x163E,
  0x15C9, 0x150D, 0x1424, 0x12FA,  0x11A4, 0x101D, 0x0E6A, 0x0C8C,
  0x0A97, 0x0878, 0x064F, 0x0409,  0x01C5, 0xFF6F, 0xFD29, 0xFADC,
  0xF8A7, 0xF684, 0xF475, 0xF293,  0xF0C2, 0xEF2B, 0xEDB8, 0xEC7B,
  0xEB6F, 0xEA9E, 0xEA05, 0xE9A8,  0xE987, 0xE99F, 0xE9FE, 0xEA8A,
  0xEB5C, 0xEC5D, 0xED9D, 0xEF01,  0xF0A0, 0xF25E, 0xF449, 0xF64F,
  0xF86E, 0xFAA6, 0xFCE7, 0xFF35,  0x0181, 0x03CD, 0x0609, 0x083C,
  0x0A52, 0x0C4E, 0x0E2D, 0x0FDD,  0x116D, 0x12C2, 0x13ED, 0x14E2,
  0x1597, 0x161A, 0x165C, 0x1667,  0x162F, 0x15BD, 0x1516, 0x142E,
  0x1315, 0x11C5, 0x1048, 0x0E9E,  0x0CCC, 0x0AD7, 0x08C6, 0x069F,
  0x0461, 0x021F, 0xFFCE, 0xFD87,  0xFB3E, 0xF90A, 0xF6E2, 0xF4D8,
  0xF2EA, 0xF11E, 0xEF7C, 0xEE06,  0xECC2, 0xEBB2, 0xEAD2, 0xEA3A,
  0xE9CC, 0xE9A7, 0xE9B5, 0xEA07,  0xEA91, 0xEB50, 0xEC52, 0xED7D,
  0xEEE6, 0xF070, 0xF22F, 0xF40E,  0xF60F, 0xF829, 0xFA59, 0xFC9A,
  0xFEE0, 0x012D, 0x0375, 0x05B3,  0x07E4, 0x09FC, 0x0BFC, 0x0DDA,
  0x0F95, 0x1123, 0x1283, 0x13B1,  0x14AE, 0x156D, 0x15F5, 0x1642,
  0x1652, 0x1629, 0x15BB, 0x1520,  0x143F, 0x1332, 0x11E7, 0x1075,
  0x0ED2, 0x0D06, 0x0B1A, 0x090D,  0x06EB, 0x04B2, 0x0272, 0x0027,
  0xFDDB, 0xFB9B, 0xF95D, 0xF73E,  0xF529, 0xF33B, 0xF16C, 0xEFC3,
  0xEE49, 0xECFF, 0xEBE3, 0xEB03,  0xEA5A, 0xE9EB, 0xE9B9, 0xE9BE,
  0xEA07, 0xEA86, 0xEB42, 0xEC2E,  0xED5F, 0xEEB2, 0xF03F, 0xF1EF,
  0xF3CA, 0xF5C4, 0xF7DB, 0xFA02,  0xFC45, 0xFE83, 0x00D3, 0x0317,
  0x0557, 0x0788, 0x09A4, 0x0BA7,  0x0D85, 0x0F4C, 0x10D7, 0x1246,
  0x1377, 0x1479, 0x1548, 0x15D0,  0x162D, 0x1642, 0x1625, 0x15C1,
  0x152B, 0x1459, 0x1351, 0x1211,  0x10A6, 0x0F0B, 0x0D47, 0x0B60,
  0x095A, 0x073C, 0x050A, 0x02C9,  0x0082, 0xFE39, 0xFBF6, 0xF9BC,
  0xF795, 0xF583, 0xF38E, 0xF1BE,  0xF00C, 0xEE8F, 0xED39, 0xEC1E,
  0xEB2F, 0xEA80, 0xEA07, 0xE9CE,  0xE9C8, 0xEA07, 0xEA80, 0xEB2B,
  0xEC1A, 0xED34, 0xEE8A, 0xF008,  0xF1B4, 0xF385, 0xF57E, 0xF787,
  0xF9B5, 0xFBE8, 0xFE2D, 0x0077,  0x02B9, 0x04FC, 0x072C, 0x094A,
  0x0B52, 0x0D33, 0x0EFC, 0x1091,  0x1205, 0x133A, 0x1448, 0x151B,
  0x15B2, 0x1610, 0x1634, 0x161C,  0x15C7, 0x1536, 0x1470, 0x136E,
  0x123D, 0x10D1, 0x0F46, 0x0D86,  0x0BA6, 0x09A5, 0x078E, 0x055D,
  0x0323, 0x00DC, 0xFE95, 0xFC52,  0xFA19, 0xF7EE, 0xF5DC, 0xF3E3,
  0xF20D, 0xF058, 0xEED4, 0xED78,  0xEC55, 0xEB60, 0xEAA5, 0xEA27,
  0xE9E2, 0xE9D7, 0xEA07, 0xEA78,  0xEB1D, 0xEBFF, 0xED12, 0xEE5E,
  0xEFD4, 0xF17B, 0xF342, 0xF535,  0xF73B, 0xF95F, 0xFB96, 0xFDD1,
  0x001C, 0x025D, 0x04A0, 0x06D0,  0x08F2, 0x0AF8, 0x0CE6, 0x0EA6,
  0x1050, 0x11BB, 0x1305, 0x1410,  0x14EE, 0x1592, 0x15F2, 0x1626,
  0x1612, 0x15C8, 0x1545, 0x147E,  0x1391, 0x125F, 0x1104, 0x0F79,
  0x0DC4, 0x0BEC, 0x09F0, 0x07DD,  0x05B1, 0x037A, 0x0136, 0xFEF2,
  0xFCAC, 0xFA77, 0xF848, 0xF634,  0xF438, 0xF25C, 0xF0A8, 0xEF17,
  0xEDBA, 0xEC8B, 0xEB92, 0xEACE,  0xEA46, 0xE9F8, 0xE9E5, 0xEA0B,
  0xEA72, 0xEB0F, 0xEBE6, 0xECF2,  0xEE32, 0xEFA6, 0xF13D, 0xF304,
  0xF4EC, 0xF6F0, 0xF90D, 0xFB40,  0xFD78, 0xFFC3, 0x0200, 0x0444,
  0x0675, 0x0897, 0x0AA4, 0x0C8F,  0x0E5C, 0x1000, 0x117E, 0x12C3,
  0x13E0, 0x14BC, 0x156F, 0x15D8,  0x1610, 0x160B, 0x15C6, 0x1550,
  0x1490, 0x13AE, 0x1282, 0x1134,  0x0FAB, 0x0E04, 0x0C2D, 0x0A3A,
  0x082B, 0x0606, 0x03D0, 0x018F,  0xFF4E, 0xFD07, 0xFAD4, 0xF8A1,
  0xF68E, 0xF48D, 0xF2AD, 0xF0F5,  0xEF5D, 0xEDFC, 0xECC3, 0xEBC6,
  0xEAF7, 0xEA66, 0xEA11, 0xE9F4,  0xEA11, 0xEA6D, 0xEB01, 0xEBD2,
  0xECCF, 0xEE0E, 0xEF6F, 0xF10B,  0xF2C1, 0xF4A8, 0xF6A3, 0xF8BE,
  0xFAE8, 0xFD24, 0xFF65, 0x01A9,  0x03E4, 0x061C, 0x083C, 0x0A4D,
  0x0C3C, 0x0E0D, 0x0FB5, 0x1139,  0x1287, 0x13A8, 0x1490, 0x1546,
  0x15BE, 0x15FA, 0x15FF, 0x15C9,  0x1552, 0x14A6, 0x13C5, 0x12A7,
  0x1160, 0x0FDE, 0x0E3F, 0x0C70,  0x0A83, 0x0878, 0x0658, 0x0426,
  0x01E9, 0xFFA7, 0xFD66, 0xFB2B,  0xF8FF, 0xF6E5, 0xF4E2, 0xF301,
  0xF140, 0xEFA7, 0xEE3C, 0xECFD,  0xEBF9, 0xEB22, 0xEA89, 0xEA2A,
  0xEA03, 0xEA1B, 0xEA67, 0xEAF9,  0xEBB8, 0xECB7, 0xEDE1, 0xEF45,
  0xF0D1, 0xF284, 0xF462, 0xF658,  0xF871, 0xFA93, 0xFCCC, 0xFF0C,
  0x014B, 0x038E, 0x05BC, 0x07E7,  0x09F0, 0x0BED, 0x0DB9, 0x0F6E,
  0x10F1, 0x124A, 0x1370, 0x1461,  0x151D, 0x15A1, 0x15E3, 0x15F4,
  0x15C2, 0x155E, 0x14B3, 0x13DD,  0x12CA, 0x1189, 0x1013, 0x0E77,
  0x0CB1, 0x0ACA, 0x08C6, 0x06A9,  0x047B, 0x0241, 0x0002, 0xFDC1,
  0xFB87, 0xF958, 0xF73F, 0xF539,  0xF351, 0xF190, 0xEFEE, 0xEE7F,
  0xED3A, 0xEC2A, 0xEB53, 0xEAA8,  0xEA48, 0xEA13, 0xEA24, 0xEA68,
  0xEAE9, 0xEBAC, 0xEC93, 0xEDC2,  0xEF13, 0xF09C, 0xF249, 0xF41E,
  0xF60E, 0xF823, 0xFA3D, 0xFC7A,  0xFEAF, 0x00F5, 0x032D, 0x0565,
  0x078B, 0x099A, 0x0B97, 0x0D6A,  0x0F21, 0x10AB, 0x120C, 0x1337,
  0x1430, 0x14F4, 0x1581, 0x15CE,  0x15E5, 0x15BE, 0x1560, 0x14C6,
  0x13F0, 0x12EE, 0x11AE, 0x1048,  0x0EAC, 0x0CF4, 0x0B0D, 0x0914,
  0x06F7, 0x04D2, 0x0297, 0x005C,  0xFE1C, 0xFBE1, 0xF9B5, 0xF796,
  0xF58F, 0xF3A6, 0xF1DA, 0xF03C,  0xEEBF, 0xED77, 0xEC61, 0xEB7C,
  0xEAD3, 0xEA5E, 0xEA2A, 0xEA2D,  0xEA68, 0xEAE3, 0xEB95, 0xEC7D,
  0xED9A, 0xEEE9, 0xF067, 0xF20E,  0xF3D9, 0xF5C9, 0xF7D1, 0xF9F1,
  0xFC1E, 0xFE5B, 0x0097, 0x02D5,  0x0508, 0x0733, 0x0941, 0x0B43,
  0x0D19, 0x0ED4, 0x1067, 0x11C7,  0x1302, 0x13FC, 0x14CC, 0x155C,
  0x15B9, 0x15D3, 0x15BB, 0x1561,  0x14D4, 0x1405, 0x130C, 0x11D8,
  0x1075, 0x0EE5, 0x0D31, 0x0B54,  0x095D, 0x0747, 0x0525, 0x02EF,
  0x00B6, 0xFE75, 0xFC3D, 0xFA0F,  0xF7EE, 0xF5E8, 0xF3F7, 0xF22A,
  0xF085, 0xEF05, 0xEDB3, 0xEC98,  0xEBA9, 0xEAFB, 0xEA7C, 0xEA3C,
  0xEA3B, 0xEA68, 0xEADD, 0xEB84,  0xEC63, 0xED7A, 0xEEBB, 0xF037,
  0xF1D2, 0xF39A, 0xF580, 0xF784,  0xF9A0, 0xFBCA, 0xFE01, 0x0040,
  0x0277, 0x04B1, 0x06D5, 0x08EC,  0x0AEC, 0x0CC8, 0x0E8B, 0x101A,
  0x118A, 0x12C5, 0x13CB, 0x149F,  0x153C, 0x159D, 0x15C5, 0x15B0,
  0x1565, 0x14DE, 0x141B, 0x1329,  0x11FB, 0x10A7, 0x0F19, 0x0D6E,
  0x0B99, 0x09A5, 0x0799, 0x0574,  0x0348, 0x010C, 0xFED0, 0xFC9A,
  0xFA66, 0xF84B, 0xF63B, 0xF44D,  0xF278, 0xF0D0, 0xEF48, 0xEDF5,
  0xECCA, 0xEBDE, 0xEB1F, 0xEA9D,  0xEA51, 0xEA47, 0xEA6D, 0xEAD8,
  0xEB72, 0xEC4F, 0xED56, 0xEE93,  0xF004, 0xF199, 0xF35B, 0xF53A,
  0xF738, 0xF94F, 0xFB76, 0xFDAA,  0xFFE6, 0x021E, 0x0454, 0x067E,
  0x0891, 0x0A95, 0x0C77, 0x0E3A,  0x0FD5, 0x1145, 0x128A, 0x139A,
  0x1475, 0x151A, 0x1589, 0x15B8,  0x15AF, 0x156F, 0x14F2, 0x143C,
  0x1350, 0x1231, 0x10E2, 0x0F62,  0x0DBB, 0x0BEE, 0x0A03, 0x07F9,
  0x05DE, 0x03AE, 0x017A, 0xFF3D,  0xFD04, 0xFAD5, 0xF8AE, 0xF6A3,
  0xF4A8, 0xF2D3, 0xF11D, 0xEF94,  0xEE30, 0xECFF, 0xEC07, 0xEB3A,
  0xEAB1, 0xEA53, 0xEA3D, 0xEA5C,  0xEAB3, 0xEB46, 0xEC13, 0xED10,
  0xEE46, 0xEFA5, 0xF13A, 0xF2ED,  0xF4C8, 0xF6C0, 0xF8D2, 0xFAF7,
  0xFD2A, 0xFF62, 0x01A0, 0x03D7,  0x0603, 0x0823, 0x0A25, 0x0C17,
  0x0DDF, 0x0F86, 0x1100, 0x1254,  0x136B, 0x145A, 0x1505, 0x1586,
  0x15C0, 0x15C8, 0x1590, 0x1524,  0x1476, 0x139C, 0x1280, 0x1142,
  0x0FC8, 0x0E27, 0x0C66, 0x0A7A,  0x087A, 0x065D, 0x0435, 0x01F9,
  0xFFC3, 0xFD80, 0xFB51, 0xF926,  0xF711, 0xF511, 0xF333, 0xF170,
  0xEFE0, 0xEE70, 0xED33, 0xEC2C,  0xEB57, 0xEAB9, 0xEA57, 0xEA2B,
  0xEA42, 0xEA8B, 0xEB0F, 0xEBD2,  0xECC5, 0xEDED, 0xEF47, 0xF0CC,
  0xF280, 0xF44F, 0xF646, 0xF851,  0xFA75, 0xFCA6, 0xFEE1, 0x011E,
  0x0359, 0x058A, 0x07AE, 0x09BB,  0x0BB0, 0x0D83, 0x0F36, 0x10B9,
  0x1218, 0x133F, 0x1434, 0x14F5,  0x157B, 0x15CA, 0x15DA, 0x15B1,
  0x1551, 0x14B3, 0x13DE, 0x12D6,  0x1198, 0x102F, 0x0E93, 0x0CD7,
  0x0AF7, 0x08F5, 0x06E0, 0x04B4,  0x0281, 0x0040, 0xFE06, 0xFBC8,
  0xF9A1, 0xF77E, 0xF580, 0xF390,  0xF1CC, 0xF029, 0xEEB4, 0xED6A,
  0xEC53, 0xEB74, 0xEAC9, 0xEA58,  0xEA20, 0xEA28, 0xEA64, 0xEADF,
  0xEB90, 0xEC7C, 0xED99, 0xEEE6,  0xF068, 0xF20C, 0xF3DD, 0xF5C8,
  0xF7D3, 0xF9F3, 0xFC24, 0xFE5C,  0x009F, 0x02D8, 0x0511, 0x0739,
  0x094C, 0x0B4A, 0x0D25, 0x0EE3,  0x1071, 0x11D9, 0x130E, 0x1412,
  0x14DC, 0x1571, 0x15CE, 0x15EA,  0x15D1, 0x157A, 0x14EC, 0x1422,
  0x1323, 0x11F3, 0x108E, 0x0F03,  0x0D45, 0x0B71, 0x0971, 0x0760,
  0x0538, 0x0302, 0x00C5, 0xFE83,  0xFC4A, 0xFA13, 0xF7F6, 0xF5E6,
  0xF3F4, 0xF226, 0xF074, 0xEEFC,  0xEDA1, 0xEC81, 0xEB95, 0xEADE,
  0xEA62, 0xEA1D, 0xEA18, 0xEA4A,  0xEABA, 0xEB5D, 0xEC43, 0xED52,
  0xEE9D, 0xF00E, 0xF1B6, 0xF376,  0xF566, 0xF765, 0xF987, 0xFBB4,
  0xFDEE, 0x002E, 0x026B, 0x04A6,  0x06D0, 0x08EB, 0x0AEA, 0x0CCE,
  0x0E93, 0x1027, 0x1199, 0x12D5,  0x13E5, 0x14B5, 0x1557, 0x15BA,
  0x15E5, 0x15D3, 0x1585, 0x1501,  0x1441, 0x134A, 0x1221, 0x10C9,
  0x0F3C, 0x0D8E, 0x0BB7, 0x09C4,  0x07B2, 0x0590, 0x0358, 0x0123,
  0xFEDD, 0xFCA7, 0xFA6E, 0xF84E,  0xF63D, 0xF44A, 0xF274, 0xF0C2,
  0xEF3E, 0xEDE2, 0xECB8, 0xEBC5,  0xEB05, 0xEA84, 0xEA31, 0xEA25,
  0xEA4E, 0xEAB5, 0xEB4F, 0xEC2A,  0xED32, 0xEE72, 0xEFDF, 0xF178,
  0xF33B, 0xF51B, 0xF71D, 0xF934,  0xFB60, 0xFD96, 0xFFD3, 0x0212,
  0x044A, 0x0676, 0x0892, 0x0A95,  0x0C7B, 0x0E45, 0x0FE0, 0x1155,
  0x129A, 0x13AE, 0x148C, 0x1530,  0x159F, 0x15D4, 0x15C6, 0x1589,
  0x1507, 0x1455, 0x1368, 0x1243,  0x10F6, 0x0F71, 0x0DCB, 0x0BF9,
  0x0A0D, 0x0800, 0x05E1, 0x03B1,  0x0178, 0xFF3A, 0xFD00, 0xFAC9,
  0xF8A9, 0xF692, 0xF4A1, 0xF2C2,  0xF10F, 0xEF83, 0xEE23, 0xECF1,
  0xEBF6, 0xEB2E, 0xEAA3, 0xEA4B,  0xEA33, 0xEA53, 0xEAB1, 0xEB42,
  0xEC11, 0xED15, 0xEE49, 0xEFB0,  0xF13F, 0xF2FD, 0xF4D5, 0xF6D3,
  0xF8E4, 0xFB0B, 0xFD40, 0xFF7A,  0x01B7, 0x03EF, 0x061C, 0x0839,
  0x0A40, 0x0C27, 0x0DF7, 0x0F95,  0x1115, 0x1259, 0x137C, 0x145C,
  0x150C, 0x1582, 0x15BE, 0x15BF,  0x1585, 0x1510, 0x1467, 0x1380,
  0x1268, 0x1120, 0x0FA6, 0x0E05,  0x0C3B, 0x0A54, 0x084C, 0x0636,
  0x0403, 0x01D3, 0xFF91, 0xFD5B,  0xFB25, 0xF901, 0xF6EC, 0xF4F3,
  0xF315, 0xF15B, 0xEFC9, 0xEE63,  0xED2D, 0xEC26, 0xEB5A, 0xEAC3,
  0xEA66, 0xEA41, 0xEA5B, 0xEAAE,  0xEB35, 0xEBFF, 0xECF3, 0xEE26,
  0xEF7F, 0xF109, 0xF2C0, 0xF48F,  0xF68B, 0xF893, 0xFABB, 0xFCE8,
  0xFF21, 0x015E, 0x0392, 0x05C5,  0x07DE, 0x09E9, 0x0BD8, 0x0DA2,
  0x0F51, 0x10CC, 0x121F, 0x1342,  0x1430, 0x14E3, 0x1565, 0x15A8,
  0x15B4, 0x1581, 0x1518, 0x1474,  0x139C, 0x1288, 0x114A, 0x0FD8,
  0x0E3F, 0x0C7A, 0x0A9C, 0x0897,  0x0686, 0x0459, 0x0227, 0xFFEF,
  0xFDB1, 0xFB83, 0xF957, 0xF746,  0xF547, 0xF367, 0xF1A8, 0xF010,
  0xEEA5, 0xED68, 0xEC59, 0xEB86,  0xEAE5, 0xEA83, 0xEA50, 0xEA64,
  0xEAAB, 0xEB30, 0xEBE5, 0xECDD,  0xEDFB, 0xEF56, 0xF0D3, 0xF282,
  0xF450, 0xF63F, 0xF847, 0xFA67,  0xFC92, 0xFECD, 0x00FF, 0x033E,
  0x0564, 0x078A, 0x0991, 0x0B84,  0x0D54, 0x0F05, 0x1086, 0x11E4,
  0x1307, 0x1401, 0x14BC, 0x1544,  0x1592, 0x15A8, 0x157B, 0x151E,
  0x1481, 0x13B4, 0x12A9, 0x1170,  0x100B, 0x0E75, 0x0CBD, 0x0ADC,
  0x08E8, 0x06D0, 0x04B1, 0x027C,  0x0046, 0xFE0F, 0xFBD9, 0xF9B5,
  0xF79A, 0xF59F, 0xF3B6, 0xF1F8,  0xF056, 0xEEEA, 0xEDA1, 0xEC91,
  0xEBAF, 0xEB0B, 0xEA9F, 0xEA63,  0xEA6F, 0xEAA9, 0xEB28, 0xEBD5,
  0xECBD, 0xEDDD, 0xEF26, 0xF0A1,  0xF246, 0xF40D, 0xF5F9, 0xF7F9,
  0xFA16, 0xFC3E, 0xFE73, 0x00A8,  0x02E2, 0x050C, 0x072F, 0x093D,
  0x0B2E, 0x0D05, 0x0EBA, 0x1040,  0x11A4, 0x12CF, 0x13CD, 0x1498,
  0x151E, 0x157E, 0x1595, 0x1578,  0x1520, 0x148F, 0x13C8, 0x12CA,
  0x1196, 0x1039, 0x0EAD, 0x0CFB,  0x0B20, 0x0931, 0x0720, 0x0502,
  0x02D5, 0x009B, 0xFE6B, 0xFC31,  0xFA10, 0xF7F2, 0xF5F2, 0xF40B,
  0xF245, 0xF0A0, 0xEF2A, 0xEDE0,  0xECC6, 0xEBDD, 0xEB32, 0xEAB7,
  0xEA7D, 0xEA75, 0xEAAF, 0xEB1E,  0xEBC6, 0xECA4, 0xEDB8, 0xEEFE,
  0xF06F, 0xF20B, 0xF3CF, 0xF5AE,  0xF7B2, 0xF9C1, 0xFBED, 0xFE1B,
  0x0050, 0x0287, 0x04B3, 0x06D7,  0x08E4, 0x0ADC, 0x0CB4, 0x0E6B,
  0x1000, 0x115D, 0x129B, 0x1396,  0x1470, 0x14FC, 0x1563, 0x1586,
  0x1571, 0x1522, 0x1499, 0x13DC,  0x12E7, 0x11BE, 0x1065, 0x0EE3,
  0x0D37, 0x0B65, 0x0978, 0x076F,  0x0555, 0x0326, 0x00FA, 0xFEBC,
  0xFC93, 0xFA61, 0xF852, 0xF641,  0xF463, 0xF28E, 0xF0EF, 0xEF6B,
  0xEE1D, 0xECFE, 0xEC0B, 0xEB5B,  0xEAD3, 0xEA96, 0xEA7E, 0xEAB4,
  0xEB18, 0xEBB7, 0xEC8D, 0xED97,  0xEED4, 0xF03E, 0xF1D4, 0xF38D,
  0xF56C, 0xF764, 0xF975, 0xFB96,  0xFDC7, 0xFFF6, 0x022F, 0x0459,
  0x067E, 0x088D, 0x0A88, 0x0C62,  0x0E21, 0x0FB4, 0x1122, 0x125B,
  0x1365, 0x1443, 0x14DA, 0x1549,  0x1571, 0x156A, 0x1523, 0x14A3,
  0x13EF, 0x1301, 0x11E3, 0x1092,  0x0F16, 0x0D74, 0x0BA4, 0x09C3,
  0x07B9, 0x05A8, 0x037B, 0x014E,  0xFF19, 0xFCE8, 0xFABF, 0xF8A5,
  0xF69C, 0xF4B1, 0xF2E2, 0xF135,  0xEFB2, 0xEE5B, 0xED35, 0xEC3F,
  0xEB7C, 0xEAF8, 0xEAA8, 0xEA92,  0xEAB5, 0xEB14, 0xEBA9, 0xEC79,
  0xED74, 0xEEB0, 0xF00D, 0xF19B,  0xF352, 0xF525, 0xF71B, 0xF928,
  0xFB41, 0xFD72, 0xFF9F, 0x01D4,  0x0403, 0x0622, 0x0838, 0x0A32,
  0x0C12, 0x0DD4, 0x0F6A, 0x10E2,  0x121F, 0x1332, 0x1414, 0x14B8,
  0x1529, 0x1562, 0x155E, 0x1522,  0x14AD, 0x13FB, 0x1321, 0x1202,
  0x10C0, 0x0F47, 0x0DAD, 0x0BE8,  0x0A06, 0x0808, 0x05F6, 0x03D1,
  0x01A3, 0xFF72, 0xFD40, 0xFB1A,  0xF8FB, 0xF6F5, 0xF501, 0xF332,
  0xF181, 0xEFF7, 0xEE9B, 0xED6C,  0xEC71, 0xEBA6, 0xEB1A, 0xEABE,
  0xEAA4, 0xEAB9, 0xEB12, 0xEB9F,  0xEC60, 0xED5A, 0xEE87, 0xEFE0,
  0xF165, 0xF315, 0xF4E1, 0xF6D5,  0xF8D5, 0xFAF5, 0xFD18, 0xFF4C,
  0x0179, 0x03AA, 0x05C9, 0x07E2,  0x09DC, 0x0BC3, 0x0D83, 0x0F25,
  0x109B, 0x11E5, 0x12FE, 0x13E1,  0x1497, 0x150B, 0x154A, 0x1556,
  0x151E, 0x14B3, 0x140F, 0x1333,  0x1229, 0x10E5, 0x0F7B, 0x0DE6,
  0x0C26, 0x0A4D, 0x0852, 0x0644,  0x0427, 0x01F7, 0xFFCA, 0xFD9B,
  0xFB6F, 0xF957, 0xF748, 0xF556,  0xF382, 0xF1CC, 0xF03E, 0xEEDA,
  0xEDA6, 0xECA3, 0xEBD2, 0xEB39,  0xEADA, 0xEAB5, 0xEAC0, 0xEB11,
  0xEB93, 0xEC4F, 0xED3D, 0xEE62,  0xEFB3, 0xF132, 0xF2D8, 0xF49F,
  0xF68D, 0xF88A, 0xFAA1, 0xFCC7,  0xFEF1, 0x0125, 0x034E, 0x0573,
  0x0787, 0x098A, 0x0B6E, 0x0D39,  0x0ED9, 0x1058, 0x11A8, 0x12C5,
  0x13B6, 0x146C, 0x14EF, 0x1535,  0x1545, 0x151D, 0x14B7, 0x141C,
  0x134E, 0x1245, 0x1111, 0x0FA8,  0x0E1D, 0x0C67, 0x0A90, 0x089D,
  0x0691, 0x047A, 0x024B, 0x0025,  0xFDF0, 0xFBCB, 0xF9AB, 0xF7A2,
  0xF5A8, 0xF3D3, 0xF217, 0xF087,  0xEF18, 0xEDE3, 0xECD4, 0xEC01,
  0xEB5B, 0xEAF5, 0xEAC5, 0xEACD,  0xEB0E, 0xEB8B, 0xEC3D, 0xED22,
  0xEE3F, 0xEF86, 0xF101, 0xF29A,  0xF464, 0xF641, 0xF841, 0xFA51,
  0xFC71, 0xFE9F, 0x00C9, 0x02F8,  0x051A, 0x0731, 0x0932, 0x0B20,
  0x0CE4, 0x0E97, 0x100D, 0x116E,  0x128C, 0x1385, 0x1445, 0x14CF,
  0x151D, 0x1538, 0x1515, 0x14BE,  0x1429, 0x1360, 0x1267, 0x1134,
  0x0FDA, 0x0E53, 0x0CA2, 0x0AD5,  0x08E4, 0x06E2, 0x04C7, 0x02A5,
  0x0076, 0xFE4C, 0xFC22, 0xFA04,  0xF7F7, 0xF5FE, 0xF420, 0xF267,
  0xF0CC, 0xEF5E, 0xEE1A, 0xED0B,  0xEC2B, 0xEB83, 0xEB0F, 0xEADA,
  0xEAD7, 0xEB10, 0xEB84, 0xEC2A,  0xED0C, 0xEE1B, 0xEF5C, 0xF0D0,
  0xF262, 0xF420, 0xF600, 0xF7F2,  0xFA05, 0xFC1E, 0xFE47, 0x0074,
  0x029E, 0x04C3, 0x06D9, 0x08DE,  0x0ACB, 0x0C99, 0x0E48, 0x0FCC,
  0x112B, 0x1257, 0x1352, 0x141C,  0x14AE, 0x1504, 0x1528, 0x150F,
  0x14BE, 0x1437, 0x1373, 0x1283,  0x115D, 0x1005, 0x0E87, 0x0CE0,
  0x0B15, 0x092E, 0x072D, 0x0519,  0x02F9, 0x00CB, 0xFEA6, 0xFC77,
  0xFA5E, 0xF84E, 0xF650, 0xF474,  0xF2B1, 0xF115, 0xEFA2, 0xEE55,
  0xED41, 0xEC5A, 0xEBA7, 0xEB2F,  0xEAEC, 0xEAE6, 0xEB12, 0xEB7D,
  0xEC1D, 0xECF2, 0xEDFB, 0xEF34,  0xF09E, 0xF22D, 0xF3E0, 0xF5BB,
  0xF7A9, 0xF9B6, 0xFBCC, 0xFDF3,  0x001C, 0x0247, 0x046B, 0x0680,
  0x088B, 0x0A76, 0x0C4C, 0x0DFB,  0x0F86, 0x10EC, 0x121C, 0x1324,
  0x13EC, 0x148D, 0x14ED, 0x1513,  0x1509, 0x14BF, 0x143F, 0x1387,
  0x129E, 0x117E, 0x1036, 0x0EB7,  0x0D1B, 0x0B57, 0x0974, 0x0778,
  0x056C, 0x0347, 0x0127, 0xFEF8,  0xFCD2, 0xFAB5, 0xF8A3, 0xF6A7,
  0xF4C3, 0xF301, 0xF15C, 0xEFE6,  0xEE93, 0xED75, 0xEC8B, 0xEBCE,
  0xEB4E, 0xEB02, 0xEAF3, 0xEB18,  0xEB76, 0xEC11, 0xECDC, 0xEDDB,
  0xEF0F, 0xF06C, 0xF1F7, 0xF3A5,  0xF574, 0xF765, 0xF963, 0xFB80,
  0xFD9A, 0xFFC9, 0x01ED, 0x0413,  0x062B, 0x0833, 0x0A23, 0x0BFE,
  0x0DAC, 0x0F45, 0x10A5, 0x11E7,  0x12EC, 0x13C4, 0x1468, 0x14D0,
  0x1505, 0x14FB, 0x14C0, 0x1448,  0x1398, 0x12B7, 0x11A3, 0x105D,
  0x0EEC, 0x0D54, 0x0B95, 0x09BC,  0x07C1, 0x05B9, 0x03A0, 0x0175,
  0xFF54, 0xFD28, 0xFB0B, 0xF8FC,  0xF6FA, 0xF516, 0xF34D, 0xF1A7,
  0xF029, 0xEED2, 0xEDAD, 0xECB8,  0xEBFA, 0xEB6B, 0xEB1C, 0xEAFF,
  0xEB20, 0xEB72, 0xEC05, 0xECC6,  0xEDC1, 0xEEE5, 0xF040, 0xF1C2,
  0xF368, 0xF533, 0xF71B, 0xF919,  0xFB2D, 0xFD47, 0xFF74, 0x0193,
  0x03C0, 0x05D0, 0x07DF, 0x09D1,  0x0BA9, 0x0D68, 0x0EF5, 0x106B,
  0x11A6, 0x12BB, 0x1397, 0x1441,  0x14B6, 0x14EF, 0x14F1, 0x14BE,
  0x144D, 0x13AB, 0x12CD, 0x11C5,  0x1086, 0x0F1E, 0x0D89, 0x0BD8,
  0x09FC, 0x0811, 0x0602, 0x03F4,  0x01C9, 0xFFAA, 0xFD81, 0xFB61,
  0xF953, 0xF74E, 0xF56A, 0xF39A,  0xF1F1, 0xF06E, 0xEF10, 0xEDE8,
  0xECE7, 0xEC24, 0xEB8E, 0xEB32,  0xEB12, 0xEB26, 0xEB72, 0xEBF9,
  0xECB3, 0xEDA5, 0xEEC0, 0xF014,  0xF18E, 0xF32D, 0xF4F4, 0xF6D1,
  0xF8D0, 0xFADB, 0xFCF7, 0xFF1B,  0x0141, 0x0364, 0x057B, 0x078B,
  0x0979, 0x0B5E, 0x0D15, 0x0EB4,  0x1023, 0x116E, 0x1284, 0x1367,
  0x141F, 0x1493, 0x14DE, 0x14E4,  0x14B7, 0x1457, 0x13B6, 0x12E7,
  0x11E1, 0x10B1, 0x0F4B, 0x0DC2,  0x0C13, 0x0A42, 0x0857, 0x0653,
  0x0440, 0x0222, 0xFFFE, 0xFDD7,  0xFBBB, 0xF9A5, 0xF7A7, 0xF5B9,
  0xF3EC, 0xF238, 0xF0B7, 0xEF4E,  0xEE21, 0xED1A, 0xEC4E, 0xEBB1,
  0xEB4E, 0xEB20, 0xEB31, 0xEB71,  0xEBF0, 0xECA0, 0xED8C, 0xEE9C,
  0xEFEB, 0xF157, 0xF2F9, 0xF4AF,  0xF690, 0xF881, 0xFA8F, 0xFCA3,
  0xFEC8, 0x00E9, 0x030D, 0x0526,  0x0732, 0x0929, 0x0B0A, 0x0CCA,
  0x0E6A, 0x0FE2, 0x112E, 0x1250,  0x1339, 0x13F4, 0x1478, 0x14C4,
  0x14D8, 0x14B3, 0x1458, 0x13C5,  0x12FB, 0x1202, 0x10D2, 0x0F80,
  0x0DF2, 0x0C52, 0x0A83, 0x08A0,  0x069D, 0x0494, 0x0273, 0x0052,
  0xFE31, 0xFC0F, 0xF9FE, 0xF7FB,  0xF60B, 0xF43B, 0xF285, 0xF0F8,
  0xEF96, 0xEE54, 0xED54, 0xEC74,  0xEBD8, 0xEB69, 0xEB33, 0xEB3A,
  0xEB76, 0xEBE3, 0xEC94, 0xED6E,  0xEE7F, 0xEFBF, 0xF126, 0xF2C1,
  0xF46F, 0xF64D, 0xF836, 0xFA41,  0xFC54, 0xFE70, 0x0096, 0x02B5,
  0x04CE, 0x06DF, 0x08D3, 0x0ABA,  0x0C7C, 0x0E22, 0x0F9D, 0x10F1,
  0x1217, 0x130B, 0x13CA, 0x1458,  0x14AC, 0x14CA, 0x14AA, 0x145E,
  0x13CD, 0x1314, 0x121A, 0x10FB,  0x0FA9, 0x0E2A, 0x0C8B, 0x0AC5,
  0x08E5, 0x06ED, 0x04DE, 0x02C8,  0x00A9, 0xFE83, 0xFC6A, 0xFA51,
  0xF851, 0xF65D, 0xF48C, 0xF2CF,  0xF140, 0xEFD6, 0xEE91, 0xED86,
  0xECA2, 0xEBFD, 0xEB85, 0xEB48,  0xEB45, 0xEB78, 0xEBDF, 0xEC84,
  0xED55, 0xEE62, 0xEF92, 0xF0FC,  0xF283, 0xF439, 0xF603, 0xF7F2,
  0xF9F0, 0xFC05, 0xFE1B, 0x0042,  0x025D, 0x047B, 0x0683, 0x0885,
  0x0A64, 0x0C31, 0x0DD8, 0x0F58,  0x10B2, 0x11DF, 0x12DA, 0x13A2,
  0x1434, 0x1495, 0x14B6, 0x14A7,  0x1459, 0x13DC, 0x1323, 0x1238,
  0x111C, 0x0FD6, 0x0E5C, 0x0CC6,  0x0B03, 0x092E, 0x0734, 0x0530,
  0x0318, 0x00FD, 0xFEDB, 0xFCBE,  0xFAAB, 0xF8A0, 0xF6B6, 0xF4D7,
  0xF31F, 0xF186, 0xF015, 0xEED2,  0xEDB7, 0xECD3, 0xEC22, 0xEBA4,
  0xEB5D, 0xEB52, 0xEB7B, 0xEBDE,  0xEC72, 0xED41, 0xEE40, 0xEF70,
  0xF0C9, 0xF252, 0xF3F7, 0xF5C5,  0xF7A8, 0xF9A4, 0xFBB6, 0xFDC8,
  0xFFEC, 0x0208, 0x0423, 0x062F,  0x0831, 0x0A12, 0x0BE3, 0x0D8D,
  0x0F14, 0x1072, 0x11A6, 0x12A7,  0x1379, 0x140F, 0x147B, 0x14A5,
  0x149E, 0x1458, 0x13E4, 0x1335,  0x1251, 0x1140, 0x0FFE, 0x0E90,
  0x0CFD, 0x0B42, 0x0972, 0x077F,  0x057E, 0x0369, 0x0151, 0xFF2F,
  0xFD17, 0xFAFD, 0xF8FC, 0xF701,  0xF52D, 0xF368, 0xF1D1, 0xF056,
  0xEF11, 0xEDEA, 0xED05, 0xEC45,  0xEBC8, 0xEB72, 0xEB61, 0xEB80,
  0xEBD9, 0xEC68, 0xED2C, 0xEE22,  0xEF4C, 0xF09A, 0xF21E, 0xF3BD,
  0xF582, 0xF762, 0xF959, 0xFB65,  0xFD77, 0xFF98, 0x01B1, 0x03CD,
  0x05DB, 0x07D9, 0x09C5, 0x0B91,  0x0D42, 0x0ED1, 0x1030, 0x116C,
  0x1275, 0x134B, 0x13EE, 0x145C,  0x1493, 0x1493, 0x1457, 0x13EA,
  0x1344, 0x126C, 0x115F, 0x1026,  0x0EC2, 0x0D31, 0x0B86, 0x09AF,
  0x07CD, 0x05C6, 0x03BE, 0x01A1,  0xFF87, 0xFD69, 0xFB58, 0xF94A,
  0xF75C, 0xF577, 0xF3B9, 0xF217,  0xF09A, 0xEF4E, 0xEE24, 0xED33,
  0xEC6F, 0xEBE6, 0xEB8E, 0xEB6D,  0xEB88, 0xEBD9, 0xEC5B, 0xED1A,
  0xEE05, 0xEF27, 0xF072, 0xF1E5,  0xF388, 0xF53E, 0xF71F, 0xF90E,
  0xFB15, 0xFD28, 0xFF41, 0x015D,  0x0377, 0x0585, 0x0786, 0x0972,
  0x0B43, 0x0CF5, 0x0E8D, 0x0FEC,  0x1135, 0x123C, 0x1321, 0x13CA,
  0x143D, 0x147F, 0x1488, 0x1452,  0x13F2, 0x1351, 0x1283, 0x117F,
  0x104D, 0x0EF0, 0x0D6A, 0x0BBE,  0x09F7, 0x080F, 0x0618, 0x0409,
  0x01F7, 0xFFDA, 0xFDBF, 0xFBAD,  0xF9A1, 0xF7AD, 0xF5C8, 0xF408,
  0xF25E, 0xF0E1, 0xEF89, 0xEE5D,  0xED65, 0xEC97, 0xEC0A, 0xEBA4,
  0xEB82, 0xEB8D, 0xEBDA, 0xEC52,  0xED06, 0xEDEE, 0xEF02, 0xF049,
  0xF1B2, 0xF34E, 0xF501, 0xF6DA,  0xF8C3, 0xFACA, 0xFCD3, 0xFEF1,
  0x0107, 0x0321, 0x0531, 0x0730,  0x0921, 0x0AF3, 0x0CAC, 0x0E41,
  0x0FB2, 0x10F1, 0x120D, 0x12EF,  0x13A6, 0x141D, 0x146B, 0x1477,
  0x1452, 0x13F3, 0x135E, 0x129A,  0x119C, 0x1073, 0x0F1E, 0x0D9E,
  0x0BFB, 0x0A36, 0x0858, 0x0660,  0x045C, 0x0245, 0x0031, 0xFE13,
  0xFC01, 0xF9FA, 0xF7FA, 0xF620,  0xF450, 0xF2AC, 0xF123, 0xEFC9,
  0xEE97, 0xED96, 0xECC4, 0xEC2A,  0xEBC2, 0xEB93, 0xEB96, 0xEBDB,
  0xEC4B, 0xECF6, 0xEDD3, 0xEEE1,  0xF021, 0xF181, 0xF316, 0xF4C3,
  0xF697, 0xF87A, 0xFA7E, 0xFC81,  0xFEA0, 0x00B1, 0x02CE, 0x04D9,
  0x06DE, 0x08CD, 0x0AA4, 0x0C61,  0x0DF7, 0x0F72, 0x10B2, 0x11D9,
  0x12BE, 0x1380, 0x13FE, 0x1451,  0x146B, 0x144B, 0x13F5, 0x136C,
  0x12A9, 0x11BF, 0x1091, 0x0F50,  0x0DCD, 0x0C38, 0x0A75, 0x089E,
  0x06AB, 0x04A9, 0x0298, 0x0082,  0xFE6A, 0xFC56, 0xFA4D, 0xF851,
  0xF66D, 0xF4A1, 0xF2F4, 0xF16B,  0xF006, 0xEED4, 0xEDC7, 0xECF1,
  0xEC4C, 0xEBE0, 0xEBA6, 0xEBA3,  0xEBDB, 0xEC45, 0xECE9, 0xEDB8,
  0xEEC5, 0xEFF3, 0xF15A, 0xF2D8,  0xF48D, 0xF64D, 0xF83A, 0xFA2B,
  0xFC38, 0xFE49, 0x0060, 0x0277,  0x0486, 0x0688, 0x087C, 0x0A53,
  0x0C16, 0x0DAD, 0x0F30, 0x1076,  0x11A0, 0x128F, 0x1355, 0x13E0,
  0x1438, 0x145A, 0x1444, 0x13F7,  0x1374, 0x12C0, 0x11D5, 0x10BA,
  0x0F75, 0x0E04, 0x0C6E, 0x0AB7,  0x08E0, 0x06F7, 0x04F5, 0x02E8,
  0x00D8, 0xFEBB, 0xFCAD, 0xFAA0,  0xF8A6, 0xF6BE, 0xF4EF, 0xF33F,
  0xF1B1, 0xF046, 0xEF0F, 0xEDFB,  0xED1F, 0xEC72, 0xEBFA, 0xEBBE,
  0xEBAE, 0xEBDE, 0xEC42, 0xECD8,  0xEDA6, 0xEEA2, 0xEFD2, 0xF127,
  0xF2A7, 0xF44D, 0xF610, 0xF7EF,  0xF9E4, 0xFBE6, 0xFDF9, 0x000C,
  0x0222, 0x0432, 0x0633, 0x0829,  0x0A05, 0x0BC6, 0x0D69, 0x0EE7,
  0x103C, 0x1165, 0x125F, 0x132D,  0x13BC, 0x1421, 0x1445, 0x143D,
  0x13F8, 0x137C, 0x12D0, 0x11EF,  0x10DD, 0x0F9D, 0x0E36, 0x0CA5,
  0x0AF6, 0x0923, 0x0740, 0x0540,  0x033B, 0x0126, 0xFF14, 0xFCFD,
  0xFAFA, 0xF8F4, 0xF713, 0xF53B,  0xF38B, 0xF1F8, 0xF088, 0xEF49,
  0xEE31, 0xED4C, 0xEC98, 0xEC1A,  0xEBD3, 0xEBBD, 0xEBE3, 0xEC3D,
  0xECCE, 0xED8F, 0xEE87, 0xEFAA,  0xF0FD, 0xF272, 0xF412, 0xF5D2,
  0xF7A6, 0xF99D, 0xFB95, 0xFDAB,  0xFFB6, 0x01D0, 0x03DB, 0x05E2,
  0x07D3, 0x09B7, 0x0B78, 0x0D1F,  0x0EA4, 0x0FFB, 0x112E, 0x122D,
  0x12FF, 0x139C, 0x1404, 0x1433,  0x1434, 0x13F4, 0x1386, 0x12DD,
  0x120A, 0x10FB, 0x0FC8, 0x0E62,  0x0CE0, 0x0B2D, 0x096C, 0x0781,
  0x0592, 0x0386, 0x017B, 0xFF64,  0xFD56, 0xFB48, 0xF94F, 0xF75F,
  0xF58E, 0xF3D4, 0xF240, 0xF0CA,  0xEF85, 0xEE68, 0xED7A, 0xECC2,
  0xEC37, 0xEBEC, 0xEBCB, 0xEBEA,  0xEC3B, 0xECC3, 0xED7D, 0xEE6A,
  0xEF86, 0xF0D3, 0xF23E, 0xF3DB,  0xF58F, 0xF766, 0xF94F, 0xFB4C,
  0xFD56, 0xFF68, 0x0179, 0x0388,  0x058D, 0x0782, 0x0965, 0x0B2C,
  0x0CD4, 0x0E5E, 0x0FBD, 0x10F6,  0x11F7, 0x12D5, 0x1377, 0x13E7,
  0x1422, 0x1424, 0x13F5, 0x1389,  0x12EE, 0x121E, 0x111C, 0x0FEF,
  0x0E8F, 0x0D16, 0x0B6B, 0x09A9,  0x07CE, 0x05D6, 0x03DB, 0x01C7,
  0xFFBB, 0xFDA8, 0xFB9D, 0xF9A2,  0xF7B1, 0xF5DD, 0xF421, 0xF286,
  0xF10F, 0xEFC0, 0xEE9F, 0xEDAD,  0xECE7, 0xEC5C, 0xEBFF, 0xEBE3,
  0xEBEB, 0xEC3F, 0xECB6, 0xED6E,  0xEE4E, 0xEF65, 0xF0A5, 0xF212,
  0xF3A0, 0xF551, 0xF724, 0xF904,  0xFB02, 0xFD05, 0xFF16, 0x0126,
  0x0335, 0x0537, 0x0732, 0x0910,  0x0AE2, 0x0C89, 0x0E1A, 0x0F7A,
  0x10BC, 0x11C3, 0x12A9, 0x1350,  0x13CC, 0x140A, 0x1417, 0x13F4,
  0x138B, 0x12FD, 0x1231, 0x113C,  0x1011, 0x0EC3, 0x0D41, 0x0BAD,
  0x09E6, 0x0813, 0x0623, 0x0424,  0x021D, 0x000A, 0xFDFC, 0xFBF2,
  0xF9F4, 0xF804, 0xF62C, 0xF46D,  0xF2CD, 0xF155, 0xEFFC, 0xEED8,
  0xEDDD, 0xED12, 0xEC7B, 0xEC1E,  0xEBEE, 0xEBFD, 0xEC37, 0xECB4,
  0xED59, 0xEE3A, 0xEF3F, 0xF082,  0xF1DD, 0xF36C, 0xF514, 0xF6DE,
  0xF8C2, 0xFAB1, 0xFCBB, 0xFEC0,  0x00D7, 0x02DD, 0x04E8, 0x06D9,
  0x08C6, 0x0A8F, 0x0C41, 0x0DD1,  0x0F3C, 0x107E, 0x1192, 0x1276,
  0x132C, 0x13AD, 0x13F3, 0x140B,  0x13E9, 0x1393, 0x1305, 0x1248,
  0x1154, 0x103C, 0x0EE6, 0x0D7D,  0x0BDE, 0x0A2C, 0x0854, 0x066E,
  0x0471, 0x026B, 0x005E, 0xFE4F,  0xFC47, 0xFA45, 0xF859, 0xF678,
  0xF4BC, 0xF316, 0xF196, 0xF03F,  0xEF0D, 0xEE10, 0xED3E, 0xEC9E,
  0xEC37, 0xEC05, 0xEC04, 0xEC3D,  0xECA9, 0xED4D, 0xEE20, 0xEF23,
  0xF056, 0xF1B3, 0xF333, 0xF4D9,  0xF69E, 0xF878, 0xFA6B, 0xFC68,
  0xFE74, 0x007F, 0x028F, 0x048F,  0x068C, 0x0871, 0x0A42, 0x0BF7,
  0x0D8A, 0x0EF9, 0x1042, 0x115D,  0x1246, 0x1306, 0x138A, 0x13E0,
  0x13F6, 0x13E7, 0x1390, 0x1314,  0x1257, 0x1171, 0x105C, 0x0F14,
  0x0DAB, 0x0C1A, 0x0A66, 0x089C,  0x06B2, 0x04BF, 0x02BB, 0x00AF,
  0xFEA3, 0xFC99, 0xFA99, 0xF8A9,  0xF6CC, 0xF506, 0xF35F, 0xF1DE,
  0xF07A, 0xEF4B, 0xEE3F, 0xED6B,  0xECC5, 0xEC51, 0xEC19, 0xEC11,
  0xEC40, 0xECA5, 0xED3E, 0xEE0A,  0xEF06, 0xF02F, 0xF186, 0xF2FF,
  0xF49E, 0xF65C, 0xF835, 0xFA1E,  0xFC1F, 0xFE1F, 0x0031, 0x0237,
  0x0441, 0x0635, 0x0824, 0x09F0,  0x0BAE, 0x0D41, 0x0EB7, 0x1006,
  0x1126, 0x1217, 0x12DB, 0x1369,  0x13C7, 0x13E8, 0x13DB, 0x1393,
  0x131A, 0x1269, 0x118D, 0x1079,  0x0F43, 0x0DD6, 0x0C54, 0x0AA2,
  0x08DF, 0x06F8, 0x050F, 0x0303,  0x0105, 0xFEF3, 0xFCEB, 0xFAF0,
  0xF8F7, 0xF71E, 0xF552, 0xF3AA,  0xF220, 0xF0BF, 0xEF80, 0xEE77,
  0xED97, 0xECE9, 0xEC72, 0xEC2B,  0xEC21, 0xEC44, 0xECA0, 0xED33,
  0xEDF4, 0xEEEB, 0xF008, 0xF15B,  0xF2CB, 0xF466, 0xF61C, 0xF7F0,
  0xF9D6, 0xFBCF, 0xFDD3, 0xFFDC,  0x01E8, 0x03EA, 0x05E6, 0x07D0,
  0x09A1, 0x0B64, 0x0CF7, 0x0E78,  0x0FC4, 0x10EF, 0x11E8, 0x12AF,
  0x134A, 0x13A9, 0x13D9, 0x13CF,  0x1393, 0x1322, 0x1279, 0x11A2,
  0x109E, 0x0F64, 0x0E0D, 0x0C83,  0x0AE2, 0x091F, 0x0740, 0x0557,
  0x0355, 0x0152, 0xFF46, 0xFD41,  0xFB3D, 0xF950, 0xF769, 0xF5A2,
  0xF3F3, 0xF266, 0xF0FF, 0xEFBE,  0xEEA8, 0xEDC7, 0xED10, 0xEC8F,
  0xEC44, 0xEC2E, 0xEC4B, 0xEC9E,  0xED28, 0xEDE1, 0xEECE, 0xEFE8,
  0xF12C, 0xF29E, 0xF42A, 0xF5DF,  0xF7AB, 0xF98F, 0xFB83, 0xFD85,
  0xFF89, 0x0197, 0x0395, 0x0596,  0x077D, 0x0954, 0x0B15, 0x0CB3,
  0x0E30, 0x0F89, 0x10B4, 0x11B9,  0x1281, 0x1328, 0x138D, 0x13C6,
  0x13C4, 0x138F, 0x1329, 0x1288,  0x11B9, 0x10BB, 0x0F8D, 0x0E38,
  0x0CBA, 0x0B1B, 0x0961, 0x0785,  0x05A0, 0x03A2, 0x01A3, 0xFF97,
  0xFD93, 0xFB93, 0xF99C, 0xF7BE,  0xF5ED, 0xF440, 0xF2AB, 0xF140,
  0xEFFB, 0xEEDC, 0xEDF8, 0xED36,  0xECB1, 0xEC5B, 0xEC3D, 0xEC54,
  0xEC9C, 0xED1E, 0xEDCF, 0xEEB6,  0xEFC3, 0xF106, 0xF269, 0xF3F8,
  0xF59E, 0xF76A, 0xF946, 0xFB3A,  0xFD35, 0xFF3B, 0x0141, 0x0346,
  0x0541, 0x072D, 0x0906, 0x0AC6,  0x0C6C, 0x0DEB, 0x0F4A, 0x107C,
  0x1183, 0x125A, 0x12FE, 0x1374,  0x13B1, 0x13B6, 0x138E, 0x132A,
  0x1298, 0x11CC, 0x10D9, 0x0FB2,  0x0E65, 0x0CEC, 0x0B57, 0x099D,
  0x07CF, 0x05E3, 0x03F3, 0x01EE,  0xFFED, 0xFDE2, 0xFBE7, 0xF9ED,
  0xF80D, 0xF63F, 0xF486, 0xF2F5,  0xF181, 0xF037, 0xEF14, 0xEE26,
  0xED5F, 0xECD5, 0xEC72, 0xEC4F,  0xEC5C, 0xEC9D, 0xED16, 0xEDBF,
  0xEE9C, 0xEFA5, 0xF0DA, 0xF23C,  0xF3C0, 0xF564, 0xF728, 0xF900,
  0xFAEE, 0xFCE9, 0xFEE9, 0x00F2,  0x02F3, 0x04ED, 0x06DF, 0x08B3,
  0x0A7D, 0x0C21, 0x0DA8, 0x0F09,  0x1041, 0x1152, 0x1229, 0x12DD,
  0x1351, 0x139E, 0x13A9, 0x1386,  0x1330, 0x12A0, 0x11E4, 0x10F2,
  0x0FD8, 0x0E8F, 0x0D1F, 0x0B8E,  0x09DD, 0x0810, 0x062F, 0x043B,
  0x0240, 0x003B, 0xFE35, 0xFC39,  0xFA3F, 0xF85F, 0xF68A, 0xF4D5,
  0xF339, 0xF1C4, 0xF076, 0xEF4C,  0xEE56, 0xED89, 0xECF7, 0xEC8C,
  0xEC62, 0xEC67, 0xEC9E, 0xED10,  0xEDAE, 0xEE86, 0xEF86, 0xF0B3,
  0xF20F, 0xF388, 0xF52D, 0xF6E4,  0xF8BC, 0xFAA6, 0xFC98, 0xFE9F,
  0x009B, 0x02A4, 0x049C, 0x068A,  0x086A, 0x0A29, 0x0BDD, 0x0D5E,
  0x0ECD, 0x1003, 0x111E, 0x11FE,  0x12B2, 0x1336, 0x1383, 0x139C,
  0x1380, 0x1330, 0x12AC, 0x11F6,  0x110C, 0x0FFA, 0x0EBA, 0x0D50,
  0x0BC5, 0x0A1B, 0x0852, 0x0677,  0x0485, 0x028E, 0x008B, 0xFE87,
  0xFC8B, 0xFA91, 0xF8AD, 0xF6DA,  0xF520, 0xF381, 0xF209, 0xF0B0,
  0xEF88, 0xEE85, 0xEDB6, 0xED1A,  0xECAA, 0xEC73, 0xEC72, 0xECA3,
  0xED0A, 0xEDA1, 0xEE6F, 0xEF67,  0xF090, 0xF1DF, 0xF358, 0xF4EF,
  0xF6A8, 0xF875, 0xFA5E, 0xFC4D,  0xFE4D, 0x004E, 0x0251, 0x0448,
  0x063D, 0x0814, 0x09E4, 0x0B8B,  0x0D20, 0x0E86, 0x0FCB, 0x10E5,
  0x11D0, 0x128D, 0x1311, 0x136F,  0x1388, 0x137B, 0x132F, 0x12B5,
  0x1207, 0x1126, 0x101B, 0x0EE1,  0x0D82, 0x0BFA, 0x0A56, 0x0896,
  0x06BA, 0x04D2, 0x02DB, 0x00D9,  0xFEDB, 0xFCDA, 0xFAE3, 0xF900,
  0xF725, 0xF56E, 0xF3CA, 0xF248,  0xF0F5, 0xEFBC, 0xEEBB, 0xEDE1,
  0xED3D, 0xECC8, 0xEC89, 0xEC7C,  0xECAB, 0xED03, 0xED96, 0xEE5A,
  0xEF4B, 0xF06D, 0xF1B2, 0xF325,  0xF4B9, 0xF667, 0xF834, 0xFA14,
  0xFC01, 0xFE02, 0xFFFA, 0x0203,  0x03F3, 0x05EE, 0x07C4, 0x0996,
  0x0B42, 0x0CD7, 0x0E48, 0x0F8C,  0x10B0, 0x119F, 0x1266, 0x12EE,
  0x1357, 0x1374, 0x1374, 0x132C,  0x12BE, 0x1216, 0x113E, 0x103A,
  0x0F08, 0x0DB3, 0x0C2B, 0x0A95,  0x08D3, 0x0702, 0x051B, 0x0326,
  0x0129, 0xFF2B, 0xFD2B, 0xFB38,  0xF94C, 0xF776, 0xF5BA, 0xF410,
  0xF292, 0xF12F, 0xEFF9, 0xEEEE,  0xEE0E, 0xED62, 0xECE8, 0xEC9E,
  0xEC8C, 0xECAE, 0xED02, 0xED8B,  0xEE47, 0xEF2F, 0xF04B, 0xF186,
  0xF2F6, 0xF480, 0xF62B, 0xF7F0,  0xF9CC, 0xFBBB, 0xFDAE, 0xFFB2,
  0x01A9, 0x03AB, 0x0594, 0x077A,  0x0943, 0x0AF9, 0x0C90, 0x0E02,
  0x0F53, 0x1076, 0x1172, 0x123D,  0x12D2, 0x133C, 0x136E, 0x136D,
  0x1335, 0x12CD, 0x1231, 0x1162,  0x1068, 0x0F3D, 0x0DEE, 0x0C76,
  0x0ADB, 0x092B, 0x0756, 0x0578,  0x0384, 0x018A, 0xFF8D, 0xFD8B,
  0xFB9A, 0xF9A7, 0xF7D4, 0xF609,  0xF466, 0xF2D5, 0xF172, 0xF033,
  0xEF19, 0xEE37, 0xED7A, 0xECF8,  0xECA3, 0xEC83, 0xEC9D, 0xECE4,
  0xED64, 0xEE0F, 0xEEF5, 0xEFFE,  0xF13C, 0xF297, 0xF423, 0xF5C0,
  0xF78A, 0xF958, 0xFB4B, 0xFD39,  0xFF3C, 0x0139, 0x033A, 0x0527,
  0x0715, 0x08E2, 0x0AA0, 0x0C40,  0x0DBB, 0x0F17, 0x1043, 0x114C,
  0x1220, 0x12C4, 0x1338, 0x1375,  0x1384, 0x1354, 0x12F9, 0x1267,
  0x11A4, 0x10B2, 0x0F90, 0x0E4B,  0x0CD9, 0x0B45, 0x0995, 0x07CB,
  0x05EA, 0x03FB, 0x0200, 0xFFFF,  0xFE01, 0xFC04, 0xFA16, 0xF832,
  0xF66C, 0xF4B6, 0xF326, 0xF1B3,  0xF06A, 0xEF4C, 0xEE53, 0xED97,
  0xECFD, 0xECA7, 0xEC74, 0xEC82,  0xECC2, 0xED30, 0xEDD9, 0xEEAA,
  0xEFB6, 0xF0E0, 0xF23C, 0xF3BA,  0xF55A, 0xF715, 0xF8EB, 0xFAD1,
  0xFCC7, 0xFEC6, 0x00C5, 0x02C7,  0x04BD, 0x06AD, 0x087F, 0x0A4A,
  0x0BE8, 0x0D77, 0x0ED5, 0x1011,  0x1121, 0x1202, 0x12B3, 0x1330,
  0x137D, 0x1394, 0x1374, 0x1320,  0x129C, 0x11E4, 0x10F9, 0x0FE5,
  0x0EA2, 0x0D3A, 0x0BAF, 0x09FF,  0x083F, 0x065B, 0x0473, 0x0271,
  0x0079, 0xFE6F, 0xFC77, 0xFA7E,  0xF89A, 0xF6C8, 0xF510, 0xF372,
  0xF1F9, 0xF0A5, 0xEF7A, 0xEE7D,  0xEDA9, 0xED11, 0xECA4, 0xEC6B,
  0xEC6C, 0xEC9C, 0xED07, 0xED9D,  0xEE6A, 0xEF67, 0xF08C, 0xF1DF,
  0xF354, 0xF4F3, 0xF6A4, 0xF87C,  0xFA59, 0xFC54, 0xFE4F, 0x0052,
  0x0257, 0x044D, 0x0644, 0x081E,  0x09EC, 0x0B97, 0x0D2A, 0x0E96,
  0x0FD8, 0x10F6, 0x11E2, 0x129E,  0x132A, 0x137D, 0x13A4, 0x1391,
  0x1346, 0x12CF, 0x1220, 0x1141,  0x1033, 0x0EFC, 0x0D9B, 0x0C12,
  0x0A70, 0x08A8, 0x06D4, 0x04E4,  0x02EA, 0x00EB, 0xFEE4, 0xFCE6,
  0xFAE9, 0xF903, 0xF723, 0xF56B,  0xF3C0, 0xF241, 0xF0E1, 0xEFAE,
  0xEEA5, 0xEDC9, 0xED23, 0xECAC,  0xEC6B, 0xEC5C, 0xEC88, 0xECE2,
  0xED75, 0xEE33, 0xEF2B, 0xF049,  0xF192, 0xF304, 0xF499, 0xF64C,
  0xF81A, 0xF9F9, 0xFBF0, 0xFDEC,  0xFFED, 0x01F6, 0x03EB, 0x05E9,
  0x07C3, 0x0999, 0x0B47, 0x0CE0,  0x0E55, 0x0F9C, 0x10C4, 0x11B4,
  0x127D, 0x130F, 0x136C, 0x139B,  0x1391, 0x134F, 0x12E0, 0x1238,
  0x1163, 0x105E, 0x0F27, 0x0DD5,  0x0C4C, 0x0AB2, 0x08EE, 0x071D,
  0x0531, 0x033B, 0x013A, 0xFF38,  0xFD36, 0xFB3E, 0xF951, 0xF775,
  0xF5B4, 0xF40C, 0xF284, 0xF122,  0xEFE8, 0xEED8, 0xEDF9, 0xED45,
  0xECCE, 0xEC7F, 0xEC6D, 0xEC8A,  0xECE4, 0xED66, 0xEE25, 0xEF0B,
  0xF027, 0xF169, 0xF2D1, 0xF462,  0xF60F, 0xF7D5, 0xF9B4, 0xFBA3,
  0xFD9D, 0xFFA1, 0x019F, 0x039F,  0x0592, 0x0777, 0x0948, 0x0AFD,
  0x0C9B, 0x0E0D, 0x0F66, 0x1085,  0x1186, 0x1254, 0x12E8, 0x1356,
  0x1384, 0x1386, 0x1350, 0x12E1,  0x124B, 0x1177, 0x107D, 0x0F4F,
  0x0DFD, 0x0C86, 0x0AE7, 0x0933,  0x075D, 0x057E, 0x0384, 0x018A,
  0xFF89, 0xFD87, 0xFB90, 0xF9A2,  0xF7C5, 0xF600, 0xF455, 0xF2CB,
  0xF161, 0xF024, 0xEF0E, 0xEE25,  0xED70, 0xECE9, 0xEC9A, 0xEC7C,
  0xEC90, 0xECE4, 0xED5B, 0xEE16,  0xEEEE, 0xF008, 0xF13E, 0xF2A4,
  0xF428, 0xF5D5, 0xF790, 0xF972,  0xFB54, 0xFD55, 0xFF4C, 0x0151,
  0x034D, 0x0540, 0x0727, 0x08FA,  0x0AB3, 0x0C4F, 0x0DCF, 0x0F21,
  0x1054, 0x1150, 0x1227, 0x12C8,  0x1337, 0x1370, 0x137B, 0x134B,
  0x12E7, 0x1257, 0x118C, 0x1099,  0x0F75, 0x0E2A, 0x0CB6, 0x0B24,
  0x096D, 0x07A5, 0x05C3, 0x03D2,  0x01D8, 0xFFD7, 0xFDDC, 0xFBDE,
  0xF9F5, 0xF814, 0xF64C, 0xF4A0,  0xF311, 0xF1A1, 0xF060, 0xEF44,
  0xEE55, 0xED97, 0xED0A, 0xECB4,  0xEC8B, 0xEC9D, 0xECDE, 0xED59,
  0xEE01, 0xEED9, 0xEFE5, 0xF119,  0xF271, 0xF3F8, 0xF592, 0xF758,
  0xF925, 0xFB10, 0xFD03, 0xFF00,  0x0101, 0x02FA, 0x04EF, 0x06D7,
  0x08AB, 0x0A69, 0x0C07, 0x0D88,  0x0EE6, 0x1017, 0x1120, 0x11F8,
  0x12A4, 0x1318, 0x135D, 0x136B,  0x1347, 0x12EC, 0x125E, 0x11A4,
  0x10B3, 0x0F99, 0x0E55, 0x0CE7,  0x0B5C, 0x09AC, 0x07E6, 0x060B,
  0x041D, 0x0225, 0x0029, 0xFE29,  0xFC33, 0xFA43, 0xF865, 0xF699,
  0xF4E9, 0xF358, 0xF1E4, 0xF09B,  0xEF7C, 0xEE84, 0xEDC2, 0xED2B,
  0xECCC, 0xECA1, 0xECA4, 0xECE0,  0xED52, 0xEDF2, 0xEEC4, 0xEFC3,
  0xF0F3, 0xF246, 0xF3C0, 0xF55D,  0xF712, 0xF8E4, 0xFAC6, 0xFCB8,
  0xFEB2, 0x00AE, 0x02AB, 0x049E,  0x0686, 0x085E, 0x0A1B, 0x0BC0,
  0x0D44, 0x0EA4, 0x0FE0, 0x10EA,  0x11CC, 0x127D, 0x12FB, 0x1344,
  0x135E, 0x133F, 0x12F0, 0x1267,  0x11B7, 0x10CC, 0x0FBE, 0x0E7A,
  0x0D1C, 0x0B8F, 0x09EC, 0x0826,  0x0651, 0x0467, 0x0274, 0x0076,
  0xFE7C, 0xFC82, 0xFA94, 0xF8B5,  0xF6E7, 0xF532, 0xF3A0, 0xF225,
  0xF0DB, 0xEFAF, 0xEEBA, 0xEDE9,  0xED50, 0xECE7, 0xECB4, 0xECB0,
  0xECE4, 0xED4A, 0xEDE7, 0xEEAC,  0xEFA8, 0xF0CB, 0xF21C, 0xF38B,
  0xF525, 0xF6D3, 0xF8A0, 0xFA80,  0xFC6A, 0xFE66, 0x005D, 0x025B,
  0x044E, 0x0635, 0x080F, 0x09CF,  0x0B78, 0x0CFE, 0x0E65, 0x0FA3,
  0x10B7, 0x119C, 0x1257, 0x12DA,  0x132D, 0x134E, 0x1336, 0x12F1,
  0x1273, 0x11C1, 0x10ED, 0x0FD8,  0x0EA7, 0x0D48, 0x0BC7, 0x0A24,
  0x086B, 0x0693, 0x04B3, 0x02BE,  0x00C6, 0xFECB, 0xFCD5, 0xFAE3,
  0xF904, 0xF735, 0xF57D, 0xF3E7,  0xF26A, 0xF116, 0xEFEA, 0xEEE9,
  0xEE18, 0xED72, 0xED03, 0xECC9,  0xECBC, 0xECEA, 0xED45, 0xEDDA,
  0xEE99, 0xEF8A, 0xF0AA, 0xF1EE,  0xF35C, 0xF4EA, 0xF697, 0xF85E,
  0xFA36, 0xFC23, 0xFE15, 0x0010,  0x020B, 0x03FB, 0x05E8, 0x07BD,
  0x0985, 0x0B2D, 0x0CBB, 0x0E22,  0x0F69, 0x1080, 0x116F, 0x122C,
  0x12BC, 0x1312, 0x133D, 0x132D,  0x12F0, 0x127A, 0x11D3, 0x1101,
  0x0FFA, 0x0ECE, 0x0D75, 0x0BFB,  0x0A62, 0x08A6, 0x06DC, 0x04F8,
  0x030B, 0x0115, 0xFF1A, 0xFD24,  0xFB34, 0xF955, 0xF780, 0xF5CC,
  0xF428, 0xF2B3, 0xF152, 0xF025,  0xEF19, 0xEE47, 0xED96, 0xED23,
  0xECDC, 0xECCC, 0xECEE, 0xED43,  0xEDCF, 0xEE86, 0xEF70, 0xF085,
  0xF1C6, 0xF32B, 0xF4B4, 0xF658,  0xF81E, 0xF9EF, 0xFBD9, 0xFDCA,
  0xFFC1, 0x01B8, 0x03AF, 0x0592,  0x0776, 0x0931, 0x0AEB, 0x0C6D,
  0x0DE6, 0x0F2A, 0x104B, 0x113E,  0x1202, 0x1299, 0x12FB, 0x1327,
  0x1326, 0x12EA, 0x1284, 0x11DE,  0x111A, 0x1016, 0x0EF6, 0x0D9F,
  0x0C2F, 0x0A9C, 0x08E4, 0x0720,  0x0540, 0x0356, 0x0162, 0xFF6A,
  0xFD73, 0xFB87, 0xF9A0, 0xF7D3,  0xF612, 0xF476, 0xF2F1, 0xF196,
  0xF05B, 0xEF51, 0xEE71, 0xEDBE,  0xED41, 0xECF3, 0xECDB, 0xECF6,
  0xED42, 0xEDC3, 0xEE78, 0xEF54,  0xF065, 0xF19D, 0xF2FB, 0xF47F,
  0xF61C, 0xF7DD, 0xF9AB, 0xFB8F,  0xFD7D, 0xFF73, 0x0169, 0x035F,
  0x0544, 0x0723, 0x08E9, 0x0A9B,  0x0C2F, 0x0D9D, 0x0EF1, 0x1011,
  0x1110, 0x11D5, 0x1278, 0x12DC,  0x1318, 0x1315, 0x12EC, 0x1283,
  0x11F1, 0x1129, 0x1038, 0x0F16,  0x0DCE, 0x0C60, 0x0AD2, 0x0926,
  0x075F, 0x0588, 0x03A1, 0x01AE,  0xFFBA, 0xFDC2, 0xFBD7, 0xF9EF,
  0xF822, 0xF65D, 0xF4BD, 0xF338,  0xF1D2, 0xF09B, 0xEF80, 0xEEA3,
  0xEDE5, 0xED5F, 0xED0E, 0xECE8,  0xED02, 0xED3F, 0xEDBD, 0xEE65,
  0xEF3E, 0xF044, 0xF175, 0xF2CF,  0xF447, 0xF5E5, 0xF79A, 0xF969,
  0xFB45, 0xFD34, 0xFF22, 0x011E,  0x0309, 0x04FB, 0x06D0, 0x089F,
  0x0A4F, 0x0BE8, 0x0D5D, 0x0EB0,  0x0FDB, 0x10DC, 0x11AC, 0x1252,
  0x12C1, 0x1302, 0x1308, 0x12E8,  0x1285, 0x1200, 0x1139, 0x1055,
  0x0F38, 0x0DFA, 0x0C8F, 0x0B0A,  0x0962, 0x07A1, 0x05D0, 0x03E7,
  0x01FD, 0x0006, 0xFE14, 0xFC25,  0xFA40, 0xF86D, 0xF6AB, 0xF506,
  0xF37B, 0xF215, 0xF0D4, 0xEFB7,  0xEED1, 0xEE0D, 0xED83, 0xED23,
  0xECFE, 0xED07, 0xED44, 0xEDB3,  0xEE58, 0xEF27, 0xF026, 0xF14E,
  0xF2A2, 0xF414, 0xF5AC, 0xF75B,  0xF924, 0xFB01, 0xFCE5, 0xFED9,
  0x00CC, 0x02BC, 0x04A9, 0x0682,  0x0853, 0x0A03, 0x0BA3, 0x0D19,
  0x0E70, 0x0FA5, 0x10A7, 0x1182,  0x122A, 0x12A4, 0x12EC, 0x12FB,
  0x12DF, 0x128A, 0x1207, 0x114F,  0x106C, 0x0F5C, 0x0E21, 0x0CC1,
  0x0B3E, 0x099E, 0x07E3, 0x0612,  0x0434, 0x0245, 0x0057, 0xFE61,
  0xFC74, 0xFA91, 0xF8B8, 0xF6FC,  0xF54A, 0xF3C3, 0xF255, 0xF110,
  0xEFF1, 0xEEFB, 0xEE3D, 0xED9E,  0xED46, 0xED09, 0xED18, 0xED43,
  0xEDAF, 0xEE49, 0xEF12, 0xF009,  0xF129, 0xF275, 0xF3E5, 0xF570,
  0xF71F, 0xF8E1, 0xFAB9, 0xFC9E,  0xFE8A, 0x007E, 0x026D, 0x0459,
  0x0635, 0x0805, 0x09B9, 0x0B5A,  0x0CD6, 0x0E32, 0x0F6A, 0x1075,
  0x1153, 0x1206, 0x1282, 0x12D7,  0x12EC, 0x12D6, 0x128B, 0x1211,
  0x115E, 0x1087, 0x0F7A, 0x0E4A,  0x0CEF, 0x0B73, 0x09D9, 0x0822,
  0x0658, 0x047A, 0x0292, 0x00A2,  0xFEB3, 0xFCC1, 0xFAE2, 0xF904,
  0xF748, 0xF594, 0xF40A, 0xF295,  0xF14D, 0xF028, 0xEF2C, 0xEE65,
  0xEDC7, 0xED5B, 0xED23, 0xED1E,  0xED4C, 0xEDA9, 0xEE3E, 0xEEFC,
  0xEFEE, 0xF106, 0xF24B, 0xF3B2,  0xF53B, 0xF6E1, 0xF8A0, 0xFA73,
  0xFC54, 0xFE40, 0x002E, 0x0220,  0x0409, 0x05E6, 0x07B8, 0x096F,
  0x0B10, 0x0C95, 0x0DF1, 0x0F2F,  0x1041, 0x1126, 0x11DD, 0x1263,
  0x12BC, 0x12DE, 0x12CC, 0x128C,  0x1216, 0x1171, 0x109B, 0x0F9B,
  0x0E70, 0x0D1D, 0x0BA6, 0x0A12,  0x0862, 0x0699, 0x04C4, 0x02DA,
  0x00F1, 0xFEFF, 0xFD12, 0xFB2F,  0xF954, 0xF792, 0xF5E0, 0xF44D,
  0xF2DA, 0xF189, 0xF060, 0xEF60,  0xEE8E, 0xEDEC, 0xED78, 0xED38,
  0xED2B, 0xED53, 0xEDA4, 0xEE35,  0xEEE6, 0xEFD7, 0xF0E2, 0xF221,
  0xF383, 0xF506, 0xF6A3, 0xF861,  0xFA2D, 0xFC0B, 0xFDF6, 0xFFE0,
  0x01D1, 0x03BA, 0x0598, 0x076B,  0x0923, 0x0AC9, 0x0C50, 0x0DB1,
  0x0EF5, 0x1009, 0x10F9, 0x11B4,  0x1242, 0x12A3, 0x12CA, 0x12C5,
  0x1286, 0x1220, 0x117C, 0x10B5,  0x0FB5, 0x0E97, 0x0D48, 0x0BDA,
  0x0A48, 0x08A3, 0x06D9, 0x050C,  0x0323, 0x013D, 0xFF4D, 0xFD60,
  0xFB7F, 0xF9A0, 0xF7E0, 0xF629,  0xF494, 0xF31C, 0xF1C7, 0xF098,
  0xEF95, 0xEEB6, 0xEE16, 0xED93,  0xED50, 0xED3A, 0xED56, 0xEDA9,
  0xEE24, 0xEEDB, 0xEFB9, 0xF0C5,  0xF1F6, 0xF355, 0xF4D0, 0xF66B,
  0xF820, 0xF9E8, 0xFBC5, 0xFDA8,  0xFF97, 0x0181, 0x036B, 0x054C,
  0x071B, 0x08D9, 0x0A81, 0x0C09,  0x0D74, 0x0EB6, 0x0FD4, 0x10C8,
  0x118B, 0x1222, 0x1284, 0x12BB,  0x12B6, 0x1286, 0x1222, 0x118D,
  0x10C6, 0x0FD5, 0x0EB8, 0x0D74,  0x0C0B, 0x0A81, 0x08DC, 0x0720,
  0x054C, 0x036F, 0x018A, 0xFF96,  0xFDB5, 0xFBC6, 0xF9F4, 0xF828,
  0xF675, 0xF4DC, 0xF35D, 0xF207,  0xF0D1, 0xEFC8, 0xEEE5, 0xEE3A,
  0xEDB3, 0xED6B, 0xED43, 0xED65,  0xEDA2, 0xEE23, 0xEEC4, 0xEFA6,
  0xF0A1, 0xF1D5, 0xF323, 0xF49F,  0xF62F, 0xF7E3, 0xF9A3, 0xFB80,
  0xFD5D, 0xFF4B, 0x0132, 0x031F,  0x04FA, 0x06D1, 0x088D, 0x0A38,
  0x0BC3, 0x0D34, 0x0E78, 0x0F9F,  0x1096, 0x1162, 0x11FD, 0x1269,
  0x12A5, 0x12AC, 0x1280, 0x1227,  0x1196, 0x10DC, 0x0FED, 0x0EDE,
  0x0D9B, 0x0C3D, 0x0AB6, 0x0918,  0x0761, 0x0591, 0x03B7, 0x01D3,
  0xFFE7, 0xFDFE, 0xFC19, 0xFA3F,  0xF875, 0xF6C0, 0xF522, 0xF3A1,
  0xF246, 0xF10B, 0xEFFD, 0xEF13,  0xEE60, 0xEDD5, 0xED82, 0xED57,
  0xED6A, 0xEDA7, 0xEE18, 0xEEBA,  0xEF89, 0xF089, 0xF1AA, 0xF2FB,
  0xF469, 0xF5F9, 0xF7A3, 0xF964,  0xFB35, 0xFD19, 0xFEFB, 0x00E7,
  0x02CF, 0x04AE, 0x0683, 0x0843,  0x09ED, 0x0B7E, 0x0CF2, 0x0E3D,
  0x0F66, 0x1065, 0x1135, 0x11DA,  0x124B, 0x1291, 0x129D, 0x127C,
  0x1226, 0x11A2, 0x10EE, 0x1008,  0x0EFC, 0x0DC6, 0x0C6A, 0x0AEC,
  0x0953, 0x079E, 0x05D8, 0x03FE,  0x021C, 0x0035, 0xFE49, 0xFC6B,
  0xFA89, 0xF8C5, 0xF706, 0xF56C,  0xF3E7, 0xF282, 0xF149, 0xF02F,
  0xEF45, 0xEE86, 0xEDF9, 0xED99,  0xED6B, 0xED74, 0xEDA8, 0xEE16,
  0xEEA9, 0xEF76, 0xF06A, 0xF188,  0xF2CF, 0xF436, 0xF5C4, 0xF765,
  0xF922, 0xFAF2, 0xFCCB, 0xFEB4,  0x0099, 0x0281, 0x0462, 0x0632,
  0x07FB, 0x09A0, 0x0B3E, 0x0CA9,  0x0E05, 0x0F2B, 0x1030, 0x110E,
  0x11B1, 0x122F, 0x1277, 0x1291,  0x1273, 0x122A, 0x11A7, 0x1101,
  0x1021, 0x0F1A, 0x0DF0, 0x0C95,  0x0B23, 0x098A, 0x07DE, 0x061B,
  0x0443, 0x0269, 0x007D, 0xFE9B,  0xFCB4, 0xFADA, 0xF90E, 0xF754,
  0xF5B2, 0xF42C, 0xF2C2, 0xF184,  0xF065, 0xEF76, 0xEEAE, 0xEE1C,
  0xEDB4, 0xED80, 0xED7E, 0xEDAC,  0xEE11, 0xEE9F, 0xEF60, 0xF04F,
  0xF165, 0xF2A4, 0xF408, 0xF58C,  0xF729, 0xF8E3, 0xFAAB, 0xFC87,
  0xFE66, 0x004F, 0x0233, 0x0412,  0x05E9, 0x07AB, 0x095C, 0x0AF3,
  0x0C69, 0x0DC5, 0x0EF2, 0x0FFE,  0x10DF, 0x118B, 0x1212, 0x125B,
  0x1284, 0x126A, 0x1229, 0x11B1,  0x110D, 0x103B, 0x0F38, 0x0E15,
  0x0CC3, 0x0B54, 0x09C4, 0x081C,  0x065B, 0x048E, 0x02AC, 0x00CE,
  0xFEE3, 0xFD04, 0xFB28, 0xF959,  0xF79F, 0xF5FA, 0xF470, 0xF306,
  0xF1BB, 0xF0A0, 0xEFA4, 0xEEDB,  0xEE3C, 0xEDD3, 0xED93, 0xED8B,
  0xEDB3, 0xEE0B, 0xEE96, 0xEF4D,  0xF033, 0xF147, 0xF279, 0xF3D9,
  0xF556, 0xF6F1, 0xF8A1, 0xFA68,  0xFC40, 0xFE1B, 0x0004, 0x01E5,
  0x03C6, 0x059A, 0x0761, 0x0911,  0x0AAC, 0x0C28, 0x0D84, 0x0EBB,
  0x0FC8, 0x10AF, 0x1168, 0x11ED,  0x1247, 0x126E, 0x1263, 0x1225,
  0x11B9, 0x111A, 0x1052, 0x0F56,  0x0E37, 0x0CF1, 0x0B84, 0x09FD,
  0x0856, 0x06A1, 0x04CE, 0x02F9,  0x0115, 0xFF32, 0xFD50, 0xFB75,
  0xF9A6, 0xF7EA, 0xF642, 0xF4B4,  0xF349, 0xF1F6, 0xF0DA, 0xEFD3,
  0xEF09, 0xEE5E, 0xEDF2, 0xEDA8,  0xED9B, 0xEDB6, 0xEE0C, 0xEE8C,
  0xEF3B, 0xF01B, 0xF124, 0xF255,  0xF3A9, 0xF523, 0xF6B5, 0xF865,
  0xFA25, 0xFBF7, 0xFDD5, 0xFFB5,  0x019B, 0x0377, 0x054F, 0x0714,
  0x08C8, 0x0A66, 0x0BE2, 0x0D47,  0x0E7F, 0x0F94, 0x1081, 0x113C,
  0x11D0, 0x1229, 0x125E, 0x1257,  0x1223, 0x11BE, 0x1126, 0x1067,
  0x0F72, 0x0E5B, 0x0D19, 0x0BB8,  0x0A30, 0x0895, 0x06DD, 0x0517,
  0x033D, 0x0162, 0xFF7C, 0xFD9D,  0xFBC3, 0xF9F2, 0xF835, 0xF689,
  0xF4FC, 0xF388, 0xF237, 0xF10D,  0xF00A, 0xEF31, 0xEE88, 0xEE0B,
  0xEDC4, 0xEDA6, 0xEDC0, 0xEE0B,  0xEE82, 0xEF2F, 0xEFFF, 0xF107,
  0xF22D, 0xF37F, 0xF4ED, 0xF67F,  0xF825, 0xF9E3, 0xFBB3, 0xFD8B,
  0xFF6B, 0x014E, 0x032B, 0x0500,  0x06CB, 0x087C, 0x0A20, 0x0B9E,
  0x0D05, 0x0E47, 0x0F5D, 0x1051,  0x1113, 0x11AD, 0x120F, 0x1249,
  0x124A, 0x1222, 0x11BE, 0x1135,  0x1078, 0x0F8D, 0x0E7F, 0x0D3F,
  0x0BE9, 0x0A66, 0x08CF, 0x071C,  0x055B, 0x0383, 0x01AD, 0xFFC7,
  0xFDEA, 0xFC0F, 0xFA3E, 0xF880,  0xF6D3, 0xF541, 0xF3C9, 0xF278,
  0xF142, 0xF041, 0xEF5D, 0xEEAD,  0xEE2C, 0xEDDB, 0xEDB9, 0xEDC8,
  0xEE0A, 0xEE7D, 0xEF1E, 0xEFEB,  0xF0E8, 0xF20A, 0xF351, 0xF4BE,
  0xF644, 0xF7EB, 0xF9A3, 0xFB6A,  0xFD46, 0xFF1F, 0x0103, 0x02DE,
  0x04B5, 0x067C, 0x0836, 0x09D6,  0x0B5A, 0x0CC7, 0x0E07, 0x0F2B,
  0x101E, 0x10E9, 0x1189, 0x11F5,  0x1231, 0x123F, 0x121B, 0x11C2,
  0x113E, 0x108B, 0x0FA6, 0x0EA0,  0x0D67, 0x0C16, 0x0A9B, 0x090A,
  0x0759, 0x059F, 0x03C9, 0x01F5,  0x0013, 0xFE36, 0xFC5B, 0xFA8B,
  0xF8CB, 0xF71B, 0xF588, 0xF40C,  0xF2B5, 0xF17D, 0xF072, 0xEF8D,
  0xEED6, 0xEE4A, 0xEDF6, 0xEDC9,  0xEDD2, 0xEE0D, 0xEE78, 0xEF0F,
  0xEFD9, 0xF0C6, 0xF1EA, 0xF325,  0xF48E, 0xF60D, 0xF7B0, 0xF960,
  0xFB2A, 0xFCFB, 0xFED8, 0x00B5,  0x0293, 0x0469, 0x062F, 0x07EE,
  0x098C, 0x0B19, 0x0C82, 0x0DCD,  0x0EF3, 0x0FED, 0x10BE, 0x1163,
  0x11D8, 0x121B, 0x1232, 0x1211,  0x11C7, 0x1144, 0x109B, 0x0FC2,
  0x0EBC, 0x0D90, 0x0C42, 0x0ACE,  0x0942, 0x0799, 0x05DC, 0x0414,
  0x023A, 0x005F, 0xFE82, 0xFCA6,  0xFAD8, 0xF916, 0xF764, 0xF5CD,
  0xF452, 0xF2F0, 0xF1BB, 0xF0A5,  0xEFBC, 0xEEFE, 0xEE6D, 0xEE0D,
  0xEDDF, 0xEDDE, 0xEE0E, 0xEE73,  0xEF06, 0xEFC0, 0xF0B3, 0xF1BF,
  0xF303, 0xF458, 0xF5DE, 0xF770,  0xF925, 0xFAE3, 0xFCB7, 0xFE8C,
  0x006D, 0x0246, 0x041C, 0x05E5,  0x07A2, 0x0944, 0x0AD6, 0x0C3E,
  0x0D93, 0x0EB9, 0x0FBC, 0x1090,  0x1140, 0x11B7, 0x1208, 0x121C,
  0x120F, 0x11C2, 0x1150, 0x10A8,  0x0FD8, 0x0EDC, 0x0DB4, 0x0C6F,
  0x0AFF, 0x097C, 0x07D1, 0x0623,  0x0454, 0x0284, 0x00A9, 0xFECB,
  0xFCF5, 0xFB22, 0xF961, 0xF7AE,  0xF613, 0xF493, 0xF335, 0xF1F1,
  0xF0DC, 0xEFEB, 0xEF28, 0xEE90,  0xEE29, 0xEDF1, 0xEDEC, 0xEE13,
  0xEE70, 0xEEF9, 0xEFB1, 0xF094,  0xF1A2, 0xF2D7, 0xF42F, 0xF5A3,
  0xF73B, 0xF8E4, 0xFAA1, 0xFC72,  0xFE42, 0x0023, 0x01FA, 0x03D0,
  0x059B, 0x0755, 0x0900, 0x0A8C,  0x0C01, 0x0D52, 0x0E81, 0x0F8A,
  0x1064, 0x1116, 0x119C, 0x11EA,  0x1211, 0x1200, 0x11C7, 0x1151,
  0x10BA, 0x0FEB, 0x0EFB, 0x0DD7,  0x0C9A, 0x0B2F, 0x09B3, 0x080F,
  0x065F, 0x049B, 0x02C9, 0x00F4,  0xFF16, 0xFD3F, 0xFB70, 0xF9AA,
  0xF7F9, 0xF659, 0xF4D7, 0xF374,  0xF22E, 0xF112, 0xF01A, 0xEF55,
  0xEEB1, 0xEE47, 0xEE06, 0xEDF8,  0xEE1C, 0xEE6A, 0xEEF3, 0xEF9E,
  0xF07D, 0xF181, 0xF2B1, 0xF3FF,  0xF575, 0xF6FD, 0xF8AB, 0xFA5D,
  0xFC2C, 0xFDFC, 0xFFD8, 0x01AE,  0x0387, 0x054C, 0x070E, 0x08B5,
  0x0A49, 0x0BBD, 0x0D16, 0x0E46,  0x0F57, 0x1036, 0x10EF, 0x117A,
  0x11D3, 0x11FD, 0x11F6, 0x11C3,  0x1159, 0x10C4, 0x1002, 0x0F13,
  0x0DFE, 0x0CC0, 0x0B61, 0x09E7,  0x084B, 0x069E, 0x04DE, 0x030F,
  0x013C, 0xFF63, 0xFD88, 0xFBBE,  0xF9F1, 0xF845, 0xF69F, 0xF51C,
  0xF3B4, 0xF269, 0xF14A, 0xF04B,  0xEF80, 0xEED6, 0xEE65, 0xEE1B,
  0xEE09, 0xEE21, 0xEE6C, 0xEEE7,  0xEF91, 0xF064, 0xF162, 0xF28C,
  0xF3D3, 0xF542, 0xF6C6, 0xF86D,  0xFA1E, 0xFBE6, 0xFDB7, 0xFF8B,
  0x0166, 0x0339, 0x0503, 0x06C4,  0x086A, 0x0A06, 0x0B7A, 0x0CD6,
  0x0E0E, 0x0F21, 0x1007, 0x10C9,  0x1155, 0x11BB, 0x11E9, 0x11EA,
  0x11C0, 0x115B, 0x10D3, 0x1010,  0x0F32, 0x0E1D, 0x0CEA, 0x0B8F,
  0x0A1A, 0x0886, 0x06DC, 0x0521,  0x0355, 0x0184, 0xFFAB, 0xFDD7,
  0xFC05, 0xFA40, 0xF88C, 0xF6E6,  0xF563, 0xF3F0, 0xF2AC, 0xF17B,
  0xF083, 0xEFA7, 0xEF00, 0xEE81,  0xEE32, 0xEE1A, 0xEE2A, 0xEE6C,
  0xEEE2, 0xEF7E, 0xF052, 0xF144,  0xF265, 0xF3AD, 0xF50C, 0xF693,
  0xF82F, 0xF9DF, 0xFBA3, 0xFD6E,  0xFF46, 0x0117, 0x02F1, 0x04B7,
  0x0678, 0x0826, 0x09BA, 0x0B3C,  0x0C94, 0x0DD5, 0x0EEB, 0x0FD9,
  0x109E, 0x1133, 0x119E, 0x11D6,  0x11DE, 0x11B8, 0x1160, 0x10DB,
  0x1023, 0x0F4D, 0x0E3A, 0x0D14,  0x0BBA, 0x0A4F, 0x08BF, 0x0719,
  0x0562, 0x0399, 0x01CE, 0xFFF2,  0xFE25, 0xFC4C, 0xFA8E, 0xF8D2,
  0xF732, 0xF5A3, 0xF435, 0xF2E5,  0xF1B8, 0xF0B2, 0xEFD6, 0xEF25,
  0xEEA2, 0xEE4B, 0xEE2A, 0xEE34,  0xEE6F, 0xEED8, 0xEF77, 0xF037,
  0xF12D, 0xF23E, 0xF383, 0xF4DF,  0xF65C, 0xF7F4, 0xF9A1, 0xFB5E,
  0xFD2B, 0xFEF9, 0x00D2, 0x02A3,  0x046D, 0x0630, 0x07DA, 0x0976,
  0x0AF7, 0x0C57, 0x0D97, 0x0EB8,  0x0FA6, 0x1075, 0x110F, 0x1181,
  0x11C1, 0x11D1, 0x11AF, 0x1164,  0x10E2, 0x1038, 0x0F5D, 0x0E62,
  0x0D31, 0x0BEE, 0x0A7D, 0x08F7,  0x0758, 0x059F, 0x03E2, 0x0210,
  0x0040, 0xFE69, 0xFC9F, 0xFAD1,  0xF922, 0xF774, 0xF5EB, 0xF476,
  0xF322, 0xF1F2, 0xF0E5, 0xF003,  0xEF4D, 0xEEC4, 0xEE62, 0xEE3F,
  0xEE3D, 0xEE73, 0xEED6, 0xEF66,  0xF027, 0xF110, 0xF21E, 0xF35A,
  0xF4AF, 0xF629, 0xF7B9, 0xF962,  0xFB1E, 0xFCE3, 0xFEB4, 0x0088,
  0x0256, 0x0426, 0x05E1, 0x0796,  0x092D, 0x0AB5, 0x0C16, 0x0D5E,
  0x0E7D, 0x0F78, 0x1049, 0x10EB,  0x1162, 0x11AD, 0x11BD, 0x11AD,
  0x1160, 0x10EB, 0x1047, 0x0F74,  0x0E7D, 0x0D5D, 0x0C12, 0x0AB2,
  0x092C, 0x0792, 0x05E3, 0x0422,  0x0258, 0x0088, 0xFEB4, 0xFCE6,
  0xFB21, 0xF965, 0xF7C1, 0xF62E,  0xF4B8, 0xF360, 0xF22C, 0xF119,
  0xF032, 0xEF75, 0xEEE5, 0xEE81,  0xEE4D, 0xEE4C, 0xEE76, 0xEED4,
  0xEF59, 0xF018, 0xF0F2, 0xF202,  0xF32F, 0xF482, 0xF5F6, 0xF781,
  0xF925, 0xFADC, 0xFC9E, 0xFE6E,  0x003C, 0x0210, 0x03D8, 0x059B,
  0x0749, 0x08EB, 0x0A6C, 0x0BDB,  0x0D1D, 0x0E49, 0x0F44, 0x101F,
  0x10C3, 0x1145, 0x1194, 0x11AF,  0x11A2, 0x115D, 0x10F6, 0x1051,
  0x0F8E, 0x0E95, 0x0D81, 0x0C3E,  0x0AE0, 0x0964, 0x07CB, 0x0623,
  0x0463, 0x02A0, 0x00CD, 0xFF01,  0xFD2E, 0xFB6C, 0xF9AE, 0xF809,
  0xF673, 0xF4FB, 0xF39E, 0xF266,  0xF14F, 0xF060, 0xEFA0, 0xEF05,
  0xEE9F, 0xEE61, 0xEE58, 0xEE7F,  0xEECE, 0xEF54, 0xF002, 0xF0DD,
  0xF1E2, 0xF307, 0xF459, 0xF5C0,  0xF74B, 0xF8E8, 0xFA9B, 0xFC5C,
  0xFE25, 0xFFF5, 0x01C5, 0x038D,  0x0553, 0x06FF, 0x08A6, 0x0A25,
  0x0B9C, 0x0CE0, 0x0E11, 0x0F12,  0x0FF1, 0x109E, 0x1125, 0x1178,
  0x11A2, 0x1194, 0x115F, 0x10F7,  0x1061, 0x0F9F, 0x0EB4, 0x0DA0,
  0x0C6B, 0x0B0B, 0x099A, 0x0804,  0x0662, 0x04A6, 0x02E3, 0x0116,
  0xFF48, 0xFD7A, 0xFBB5, 0xF9F8,  0xF84F, 0xF6BB, 0xF53C, 0xF3DE,
  0xF2A0, 0xF185, 0xF091, 0xEFC9,  0xEF2A, 0xEEBC, 0xEE76, 0xEE68,
  0xEE82, 0xEED3, 0xEF46, 0xEFF7,  0xF0C2, 0xF1C6, 0xF2E1, 0xF42E,
  0xF58E, 0xF716, 0xF8AA, 0xFA5E,  0xFC17, 0xFDDF, 0xFFAE, 0x017A,
  0x0346, 0x0505, 0x06BC, 0x0858,  0x09E9, 0x0B54, 0x0CA7, 0x0DD7,
  0x0EDD, 0x0FC6, 0x1076, 0x1103,  0x1160, 0x118C, 0x118D, 0x1158,
  0x10FC, 0x106C, 0x0FB3, 0x0ECC,  0x0DC3, 0x0C8F, 0x0B3E, 0x09C9,
  0x0841, 0x069B, 0x04E9, 0x0328,  0x015C, 0xFF91, 0xFDC4, 0xFBFD,
  0xFA45, 0xF893, 0xF703, 0xF57E,  0xF41E, 0xF2DB, 0xF1BB, 0xF0C3,
  0xEFF2, 0xEF51, 0xEED6, 0xEE93,  0xEE70, 0xEE92, 0xEECC, 0xEF46,
  0xEFE3, 0xF0AF, 0xF1A8, 0xF2BE,  0xF402, 0xF561, 0xF6DD, 0xF872,
  0xFA1D, 0xFBD5, 0xFD9B, 0xFF65,  0x0132, 0x02FB, 0x04BD, 0x0671,
  0x0815, 0x099F, 0x0B17, 0x0C68,  0x0D9D, 0x0EAC, 0x0F92, 0x1052,
  0x10E0, 0x1143, 0x117C, 0x117C,  0x1158, 0x10FA, 0x107A, 0x0FC2,
  0x0EE7, 0x0DE1, 0x0CB8, 0x0B68,  0x09FE, 0x0875, 0x06DB, 0x0527,
  0x036D, 0x01A2, 0xFFD9, 0xFE0C,  0xFC49, 0xFA8A, 0xF8E1, 0xF743,
  0xF5C6, 0xF45B, 0xF317, 0xF1F3,  0xF0F3, 0xF022, 0xEF71, 0xEEFC,
  0xEEA3, 0xEE88, 0xEE95, 0xEED2,  0xEF3F, 0xEFD4, 0xF09D, 0xF189,
  0xF29F, 0xF3D7, 0xF531, 0xF6AA,  0xF838, 0xF9DE, 0xFB96, 0xFD52,
  0xFF22, 0x00E6, 0x02B5, 0x0472,  0x0628, 0x07CF, 0x0959, 0x0AD5,
  0x0C2B, 0x0D63, 0x0E76, 0x0F64,  0x1028, 0x10BE, 0x1127, 0x1166,
  0x116F, 0x1153, 0x10F9, 0x1085,  0x0FD1, 0x0EFF, 0x0E00, 0x0CDC,
  0x0B95, 0x0A2F, 0x08AB, 0x0717,  0x0568, 0x03AD, 0x01EB, 0x001D,
  0xFE59, 0xFC8E, 0xFAD7, 0xF927,  0xF78A, 0xF609, 0xF49B, 0xF354,
  0xF229, 0xF12A, 0xF048, 0xEF9D,  0xEF18, 0xEEBF, 0xEE99, 0xEE9E,
  0xEED7, 0xEF38, 0xEFCB, 0xF086,  0xF171, 0xF27D, 0xF3AE, 0xF504,
  0xF676, 0xF800, 0xF9A2, 0xFB51,  0xFD14, 0xFED5, 0x00A4, 0x0268,
  0x042A, 0x05E1, 0x0784, 0x091A,  0x0A8D, 0x0BF1, 0x0D24, 0x0E46,
  0x0F2F, 0x1002, 0x1096, 0x110E,  0x114B, 0x1167, 0x1145, 0x1100,
  0x1086, 0x0FE5, 0x0F15, 0x0E1B,  0x0D03, 0x0BBD, 0x0A61, 0x08E0,
  0x0753, 0x05A3, 0x03F3, 0x022D,  0x0066, 0xFEA1, 0xFCD7, 0xFB21,
  0xF96C, 0xF7D3, 0xF64A, 0xF4DF,  0xF38E, 0xF263, 0xF15B, 0xF078,
  0xEFC4, 0xEF36, 0xEEDD, 0xEEAA,  0xEEAA, 0xEEDB, 0xEF35, 0xEFC0,
  0xF074, 0xF159, 0xF25B, 0xF389,  0xF4D7, 0xF642, 0xF7C9, 0xF967,
  0xFB0D, 0xFCD5, 0xFE8D, 0x005D,  0x021F, 0x03E1, 0x0597, 0x073F,
  0x08D2, 0x0A50, 0x0BAB, 0x0CF1,  0x0E08, 0x0F05, 0x0FD1, 0x1077,
  0x10EB, 0x1139, 0x1152, 0x1140,  0x10FE, 0x108C, 0x0FF3, 0x0F2A,
  0x0E37, 0x0D26, 0x0BE8, 0x0A8D,  0x091B, 0x0782, 0x05EC, 0x042C,
  0x0276, 0x00AD, 0xFEE6, 0xFD22,  0xFB68, 0xF9B5, 0xF81A, 0xF68C,
  0xF522, 0xF3C9, 0xF29E, 0xF18D,  0xF0A8, 0xEFEA, 0xEF5C, 0xEEF3,
  0xEEC4, 0xEEB2, 0xEEE2, 0xEF33,  0xEFB7, 0xF063, 0xF13F, 0xF23D,
  0xF365, 0xF4A9, 0xF611, 0xF794,  0xF927, 0xFAD6, 0xFC8A, 0xFE4E,
  0x0011, 0x01D9, 0x0397, 0x0551,  0x06F7, 0x088E, 0x0A09, 0x0B70,
  0x0CB2, 0x0DD6, 0x0ED0, 0x0FA6,  0x1050, 0x10CF, 0x111E, 0x1142,
  0x1137, 0x10FA, 0x1093, 0x0FFE,  0x0F3F, 0x0E53, 0x0D45, 0x0C11,
  0x0ABC, 0x094C, 0x07BF, 0x0625,  0x046F, 0x02BA, 0x00EF, 0xFF32,
  0xFD68, 0xFBB2, 0xF9FD, 0xF85D,  0xF6D5, 0xF55F, 0xF40B, 0xF2D4,
  0xF1C1, 0xF0DB, 0xF011, 0xEF7D,  0xEF14, 0xEED2, 0xEEC8, 0xEEE2,
  0xEF35, 0xEFAE, 0xF055, 0xF126,  0xF221, 0xF33F, 0xF47F, 0xF5E3,
  0xF759, 0xF8F4, 0xFA90, 0xFC4E,  0xFE05, 0xFFCE, 0x018E, 0x0352,
  0x0505, 0x06B3, 0x0845, 0x09C9,  0x0B2E, 0x0C78, 0x0D9E, 0x0E9E,
  0x0F78, 0x102B, 0x10AF, 0x1104,  0x1131, 0x112A, 0x10F8, 0x1097,
  0x100A, 0x0F50, 0x0E6E, 0x0D64,  0x0C39, 0x0AEA, 0x097D, 0x07F8,
  0x065F, 0x04B1, 0x02FB, 0x0137,  0xFF77, 0xFDB3, 0xFBF7, 0xFA46,
  0xF8A5, 0xF717, 0xF5A2, 0xF449,  0xF30D, 0xF1F8, 0xF108, 0xF03D,
  0xEFA1, 0xEF2F, 0xEEEB, 0xEED6,  0xEEEA, 0xEF35, 0xEFA7, 0xF046,
  0xF111, 0xF205, 0xF31B, 0xF457,  0xF5B1, 0xF727, 0xF8B7, 0xFA57,
  0xFC08, 0xFDC5, 0xFF84, 0x014A,  0x0306, 0x04C0, 0x0667, 0x0802,
  0x0985, 0x0AEC, 0x0C3D, 0x0D64,  0x0E6F, 0x0F4C, 0x1005, 0x1093,
  0x10F0, 0x1121, 0x112A, 0x10FA,  0x10A4, 0x1020, 0x0F6E, 0x0E95,
  0x0D94, 0x0C6A, 0x0B2B, 0x09BC,  0x0844, 0x06A7, 0x0506, 0x034B,
  0x0190, 0xFFC9, 0xFE0C, 0xFC4A,  0xFA9C, 0xF8F2, 0xF764, 0xF5E7,
  0xF48C, 0xF344, 0xF22D, 0xF130,  0xF05F, 0xEFBB, 0xEF37, 0xEEF6,
  0xEECA, 0xEEE0, 0xEF16, 0xEF84,  0xF01A, 0xF0D7, 0xF1C7, 0xF2D2,
  0xF409, 0xF55A, 0xF6CE, 0xF856,  0xF9F3, 0xFBA6, 0xFD59, 0xFF23,
  0x00E0, 0x02A6, 0x045F, 0x060D,  0x07AE, 0x0935, 0x0AA9, 0x0BFA,
  0x0D33, 0x0E40, 0x0F2B, 0x0FEE,  0x1083, 0x10F0, 0x1128, 0x113B,
  0x1119, 0x10CB, 0x1050, 0x0FA7,  0x0EDB, 0x0DDA, 0x0CC2, 0x0B7B,
  0x0A20, 0x08A0, 0x0711, 0x0568,  0x03B6, 0x01F6, 0x0032, 0xFE70,
  0xFCAB, 0xFAFB, 0xF949, 0xF7B7,  0xF632, 0xF4CD, 0xF383, 0xF25C,
  0xF158, 0xF07F, 0xEFCC, 0xEF44,  0xEEF0, 0xEEC1, 0xEEC6, 0xEEF7,
  0xEF59, 0xEFE4, 0xF09B, 0xF17E,  0xF288, 0xF3B3, 0xF503, 0xF66A,
  0xF7F8, 0xF98A, 0xFB40, 0xFCF1,  0xFEBB, 0x0079, 0x0243, 0x03FF,
  0x05B0, 0x075A, 0x08E4, 0x0A61,  0x0BBC, 0x0CF9, 0x0E14, 0x0F07,
  0x0FD2, 0x1077, 0x10E8, 0x1132,  0x1148, 0x1136, 0x10F0, 0x107D,
  0x0FE3, 0x0F18, 0x0E26, 0x0D0F,  0x0BD4, 0x0A7A, 0x0904, 0x0771,
  0x05D2, 0x041B, 0x0260, 0x009A,  0xFED3, 0xFD12, 0xFB53, 0xF9A8,
  0xF807, 0xF681, 0xF510, 0xF3C3,  0xF28B, 0xF186, 0xF09B, 0xEFE5,
  0xEF4E, 0xEEF0, 0xEEB7, 0xEEB3,  0xEED5, 0xEF33, 0xEFAE, 0xF063,
  0xF137, 0xF23E, 0xF35E, 0xF4AC,  0xF60C, 0xF794, 0xF929, 0xFAD4,
  0xFC8C, 0xFE52, 0x0013, 0x01E0,  0x039B, 0x0557, 0x06FE, 0x0899,
  0x0A14, 0x0B7B, 0x0CC0, 0x0DE2,  0x0EE5, 0x0FB3, 0x1066, 0x10E2,
  0x1134, 0x1157, 0x114F, 0x1112,  0x10AE, 0x1014, 0x0F5A, 0x0E6D,
  0x0D5E, 0x0C2A, 0x0AD4, 0x0962,  0x07D8, 0x0634, 0x0487, 0x02C5,
  0x0102, 0xFF39, 0xFD74, 0xFBB3,  0xFA02, 0xF85B, 0xF6CD, 0xF558,
  0xF3FD, 0xF2C7, 0xF1AD, 0xF0C5,  0xEFFA, 0xEF64, 0xEEF3, 0xEEB8,
  0xEEA6, 0xEEC2, 0xEF13, 0xEF8B,  0xF033, 0xF105, 0xF1FD, 0xF321,
  0xF45F, 0xF5C5, 0xF73F, 0xF8D9,  0xFA7C, 0xFC36, 0xFDF8, 0xFFBC,
  0x0189, 0x0345, 0x0507, 0x06AD,  0x084D, 0x09CE, 0x0B3A, 0x0C83,
  0x0DB1, 0x0EB0, 0x0F92, 0x1040,  0x10CC, 0x1122, 0x114F, 0x114B,
  0x111B, 0x10B7, 0x102C, 0x0F71,  0x0E95, 0x0D81, 0x0C5B, 0x0B06,
  0x099B, 0x0814, 0x0675, 0x04C8,  0x030D, 0x0147, 0xFF83, 0xFDBC,
  0xFBFD, 0xFA48, 0xF8A4, 0xF711,  0xF59A, 0xF43D, 0xF2FF, 0xF1E6,
  0xF0F1, 0xF028, 0xEF86, 0xEF11,  0xEED0, 0xEEB2, 0xEECF, 0xEF0F,
  0xEF85, 0xF027, 0xF0EC, 0xF1E3,  0xF2FC, 0xF436, 0xF596, 0xF709,
  0xF89F, 0xFA3E, 0xFBF6, 0xFDB1,  0xFF79, 0x013D, 0x0300, 0x04BB,
  0x0668, 0x0805, 0x098E, 0x0AF5,  0x0C4A, 0x0D74, 0x0E81, 0x0F62,
  0x1018, 0x10AC, 0x1106, 0x113C,  0x113F, 0x1114, 0x10BD, 0x1035,
  0x0F83, 0x0EAA, 0x0DA6, 0x0C7B,  0x0B38, 0x09C8, 0x084E, 0x06AE,
  0x0509, 0x034F, 0x018E, 0xFFC9,  0xFE04, 0xFC45, 0xFA91, 0xF8EB,
  0xF757, 0xF5DB, 0xF47C, 0xF33B,  0xF21B, 0xF123, 0xF053, 0xEFAB,
  0xEF31, 0xEEE5, 0xEEC4, 0xEED8,  0xEF0F, 0xEF82, 0xF017, 0xF0DA,
  0xF1C6, 0xF2DA, 0xF40F, 0xF565,  0xF6D8, 0xF863, 0xFA03, 0xFBB5,
  0xFD6C, 0xFF34, 0x00F4, 0x02B9,  0x0472, 0x0621, 0x07BE, 0x0948,
  0x0AB8, 0x0C0A, 0x0D3D, 0x0E4D,  0x0F31, 0x0FF2, 0x1087, 0x10ED,
  0x1128, 0x1130, 0x110E, 0x10C0,  0x103A, 0x0F99, 0x0EBC, 0x0DC7,
  0x0CA1, 0x0B5F, 0x09FD, 0x0881,  0x06EB, 0x0547, 0x0390, 0x01D3,
  0x0010, 0xFE4D, 0xFC8C, 0xFADA,  0xF930, 0xF79E, 0xF61D, 0xF4BC,
  0xF375, 0xF254, 0xF152, 0xF081,  0xEFD1, 0xEF50, 0xEEFD, 0xEED8,
  0xEEDF, 0xEF16, 0xEF79, 0xF00D,  0xF0C8, 0xF1AA, 0xF2BB, 0xF3E4,
  0xF53C, 0xF6A1, 0xF82E, 0xF9C5,  0xFB75, 0xFD2B, 0xFEEB, 0x00B0,
  0x026E, 0x042C, 0x05D9, 0x0777,  0x0907, 0x0A73, 0x0BCF, 0x0D02,
  0x0E17, 0x0F05, 0x0FC7, 0x1063,  0x10D1, 0x1111, 0x1122, 0x1108,
  0x10BE, 0x1046, 0x0FA3, 0x0ED5,  0x0DE3, 0x0CC4, 0x0B8B, 0x0A2A,
  0x08B8, 0x0724, 0x0584, 0x03D2,  0x0218, 0x0054, 0xFE97, 0xFCD2,
  0xFB23, 0xF976, 0xF7E5, 0xF65D,  0xF4FF, 0xF3AE, 0xF28D, 0xF185,
  0xF0AC, 0xEFF9, 0xEF71, 0xEF16,  0xEEE9, 0xEEEE, 0xEF16, 0xEF7A,
  0xEFFF, 0xF0B7, 0xF193, 0xF296,  0xF3C6, 0xF507, 0xF676, 0xF7F2,
  0xF98D, 0xFB34, 0xFCE9, 0xFEA6,  0x0069, 0x0228, 0x03E1, 0x0594,
  0x072F, 0x08C4, 0x0A31, 0x0B92,  0x0CC5, 0x0DE5, 0x0ED3, 0x0F9E,
  0x103E, 0x10B3, 0x10FB, 0x1113,  0x10FE, 0x10BF, 0x104A, 0x0FB3,
  0x0EE8, 0x0E00, 0x0CE7, 0x0BB3,  0x0A5A, 0x08E9, 0x0761, 0x05BD,
  0x0417, 0x0257, 0x009D, 0xFEDC,  0xFD1B, 0xFB6A, 0xF9BE, 0xF828,
  0xF6A4, 0xF53A, 0xF3EE, 0xF2C3,  0xF1BA, 0xF0D7, 0xF023, 0xEF92,
  0xEF30, 0xEEFE, 0xEEF8, 0xEF1E,  0xEF77, 0xEFF4, 0xF0A8, 0xF17A,
  0xF279, 0xF39D, 0xF4E1, 0xF641,  0xF7BF, 0xF951, 0xFAF5, 0xFCA9,
  0xFE61, 0x0022, 0x01E2, 0x0398,  0x054E, 0x06E9, 0x087D, 0x09F3,
  0x0B50, 0x0C8E, 0x0DAB, 0x0EA5,  0x0F71, 0x101A, 0x1094, 0x10E2,
  0x1104, 0x10F4, 0x10BA, 0x1055,  0x0FB9, 0x0F02, 0x0E14, 0x0D0E,
  0x0BD6, 0x0A8B, 0x091A, 0x0799,  0x05FB, 0x0454, 0x029D, 0x00DF,
  0xFF25, 0xFD61, 0xFBB4, 0xFA02,  0xF86F, 0xF6E7, 0xF57A, 0xF42C,
  0xF2FB, 0xF1ED, 0xF108, 0xF049,  0xEFB4, 0xEF4F, 0xEF0F, 0xEF08,
  0xEF26, 0xEF72, 0xEFEF, 0xF097,  0xF164, 0xF25E, 0xF376, 0xF4B8,
  0xF611, 0xF78B, 0xF916, 0xFAB8,  0xFC68, 0xFE1D, 0xFFDD, 0x0199,
  0x0354, 0x0503, 0x06A7, 0x0835,  0x09B2, 0x0B12, 0x0C53, 0x0D74,
  0x0E74, 0x0F45, 0x0FF4, 0x1073,  0x10CB, 0x10F2, 0x10E8, 0x10B8,
  0x1056, 0x0FC9, 0x0F10, 0x0E32,  0x0D28, 0x0C02, 0x0AB4, 0x094E,
  0x07D0, 0x0634, 0x0495, 0x02DE,  0x0125, 0xFF69, 0xFDAB, 0xFBF8,
  0xFA4C, 0xF8B2, 0xF72C, 0xF5B9,  0xF46A, 0xF334, 0xF222, 0xF137,
  0xF071, 0xEFDA, 0xEF6A, 0xEF26,  0xEF16, 0xEF2C, 0xEF76, 0xEFE6,
  0xF088, 0xF150, 0xF23F, 0xF356,  0xF48E, 0xF5E2, 0xF759, 0xF8D9,
  0xFA81, 0xFC22, 0xFDDE, 0xFF95,  0x0155, 0x030A, 0x04BE, 0x065F,
  0x07F2, 0x0970, 0x0AD1, 0x0C1A,  0x0D3A, 0x0E44, 0x0F16, 0x0FD0,
  0x1051, 0x10B2, 0x10DE, 0x10DE,  0x10B2, 0x1059, 0x0FD5, 0x0F1E,
  0x0E4C, 0x0D47, 0x0C26, 0x0AE1,  0x097E, 0x0804, 0x0672, 0x04D1,
  0x031F, 0x016B, 0xFFAD, 0xFDF2,  0xFC40, 0xFA92, 0xF8F7, 0xF770,
  0xF5FB, 0xF4A5, 0xF370, 0xF256,  0xF167, 0xF09B, 0xEFFE, 0xEF88,
  0xEF3E, 0xEF23, 0xEF39, 0xEF74,  0xEFE3, 0xF079, 0xF13C, 0xF227,
  0xF332, 0xF465, 0xF5B7, 0xF723,  0xF8A6, 0xFA41, 0xFBE4, 0xFD9A,
  0xFF53, 0x010C, 0x02C5, 0x0478,  0x0616, 0x07B1, 0x0929, 0x0A95,
  0x0BDD, 0x0D04, 0x0E0D, 0x0EED,  0x0FA4, 0x1033, 0x1094, 0x10CB,
  0x10D2, 0x10AB, 0x105B, 0x0FDC,  0x0F32, 0x0E60, 0x0D65, 0x0C4D,
  0x0B07, 0x09B1, 0x0838, 0x06AB,  0x050F, 0x0360, 0x01AD, 0xFFF3,
  0xFE39, 0xFC85, 0xFADB, 0xF93B,  0xF7B3, 0xF63F, 0xF4E0, 0xF3AC,
  0xF28B, 0xF198, 0xF0C7, 0xF022,  0xEFA6, 0xEF58, 0xEF34, 0xEF41,
  0xEF79, 0xEFDC, 0xF06E, 0xF12A,  0xF20C, 0xF311, 0xF442, 0xF585,
  0xF6F7, 0xF86A, 0xFA07, 0xFBA7,  0xFD57, 0xFF0F, 0x00C7, 0x027D,
  0x0430, 0x05D4, 0x0767, 0x08EC,  0x0A50, 0x0BA4, 0x0CCA, 0x0DDB,
  0x0EBC, 0x0F7F, 0x100E, 0x107A,  0x10B5, 0x10C4, 0x10A5, 0x105A,
  0x0FE5, 0x0F3F, 0x0E77, 0x0D81,  0x0C6F, 0x0B33, 0x09DC, 0x086F,
  0x06E1, 0x054F, 0x039C, 0x01F4,  0x0034, 0xFE83, 0xFCC9, 0xFB21,
  0xF983, 0xF7F4, 0xF683, 0xF51D,  0xF3E6, 0xF2C2, 0xF1CA, 0xF0F1,
  0xF049, 0xEFC6, 0xEF71, 0xEF46,  0xEF4A, 0xEF7F, 0xEFD8, 0xF065,
  0xF116, 0xF1F4, 0xF2F3, 0xF419,  0xF55E, 0xF6C0, 0xF83B, 0xF9C8,
  0xFB6A, 0xFD18, 0xFEC8, 0x0084,  0x0237, 0x03E7, 0x0591, 0x0721,
  0x08A9, 0x0A11, 0x0B65, 0x0C95,  0x0DA2, 0x0E93, 0x0F4F, 0x0FF0,
  0x105A, 0x109F, 0x10B6, 0x109D,  0x1058, 0x0FEC, 0x0F4E, 0x0E8A,
  0x0D9E, 0x0C8F, 0x0B5C, 0x0A0C,  0x089F, 0x071C, 0x0587, 0x03DE,
  0x0235, 0x0079, 0xFEC7, 0xFD12,  0xFB65, 0xF9C9, 0xF838, 0xF6C3,
  0xF55F, 0xF41E, 0xF2FA, 0xF1FB,  0xF120, 0xF06E, 0xEFE7, 0xEF8A,
  0xEF5A, 0xEF57, 0xEF83, 0xEFD7,  0xF05A, 0xF106, 0xF1DC, 0xF2D7,
  0xF3F3, 0xF536, 0xF68D, 0xF808,  0xF98D, 0xFB2F, 0xFCD5, 0xFE87,
  0x003F, 0x01EF, 0x03A5, 0x0546,  0x06E0, 0x0865, 0x09D0, 0x0B2A,
  0x0C58, 0x0D72, 0x0E5D, 0x0F2D,  0x0FC5, 0x1040, 0x1086, 0x10A5,
  0x1096, 0x1055, 0x0FF0, 0x0F5B,  0x0E9D, 0x0DBA, 0x0CAC, 0x0B87,
  0x0A35, 0x08D2, 0x0755, 0x05BE,  0x0422, 0x0271, 0x00C1, 0xFF0A,
  0xFD57, 0xFBAF, 0xFA0A, 0xF880,  0xF701, 0xF5A2, 0xF456, 0xF334,
  0xF22B, 0xF150, 0xF094, 0xF00A,  0xEFA4, 0xEF71, 0xEF61, 0xEF8C,
  0xEFD3, 0xF056, 0xF0F2, 0xF1CB,  0xF2B5, 0xF3D3, 0xF50A, 0xF660,
  0xF7D4, 0xF954, 0xFAF2, 0xFC96,  0xFE44, 0xFFFB, 0x01AB, 0x035C,
  0x0503, 0x069A, 0x0822, 0x0991,  0x0AE9, 0x0C22, 0x0D3B, 0x0E2E,
  0x0EFE, 0x0FA5, 0x101D, 0x1070,  0x1094, 0x1089, 0x1056, 0x0FF0,
  0x0F69, 0x0EAF, 0x0DD1, 0x0CCE,  0x0BAB, 0x0A61, 0x0904, 0x0788,
  0x05FC, 0x045C, 0x02B5, 0x0101,  0xFF51, 0xFD9D, 0xFBF2, 0xFA54,
  0xF8BF, 0xF747, 0xF5DE, 0xF494,  0xF36B, 0xF25F, 0xF17E, 0xF0BC,
  0xF02C, 0xEFC1, 0xEF85, 0xEF72,  0xEF8E, 0xEFD9, 0xF04B, 0xF0E8,
  0xF1B1, 0xF29D, 0xF3B0, 0xF4E1,  0xF634, 0xF79E, 0xF920, 0xFAB4,
  0xFC58, 0xFE01, 0xFFB8, 0x0165,  0x0318, 0x04BC, 0x0655, 0x07E0,
  0x094E, 0x0AAE, 0x0BE6, 0x0D05,  0x0DFE, 0x0ED1, 0x0F80, 0x0FFE,
  0x1056, 0x1080, 0x1081, 0x104E,  0x0FF7, 0x0F6E, 0x0EC3, 0x0DE7,
  0x0CF0, 0x0BCA, 0x0A92, 0x092E,  0x07C1, 0x0633, 0x049B, 0x02F3,
  0x0145, 0xFF94, 0xFDE4, 0xFC36,  0xFA99, 0xF904, 0xF788, 0xF61F,
  0xF4CF, 0xF3A3, 0xF294, 0xF1AB,  0xF0E9, 0xF04B, 0xEFE1, 0xEF9A,
  0xEF82, 0xEF98, 0xEFD8, 0xF047,  0xF0D9, 0xF19E, 0xF284, 0xF38C,
  0xF4BE, 0xF603, 0xF76F, 0xF8E7,  0xFA7B, 0xFC18, 0xFDC2, 0xFF73,
  0x0122, 0x02D1, 0x0477, 0x0611,  0x079C, 0x090F, 0x0A6C, 0x0BAF,
  0x0CCC, 0x0DD0, 0x0EA0, 0x0F5B,  0x0FDD, 0x103B, 0x106F, 0x1072,
  0x1049, 0x0FFA, 0x0F75, 0x0ED4,  0x0DFF, 0x0D09, 0x0BF3, 0x0AB6,
  0x0963, 0x07EF, 0x0670, 0x04D4,  0x0336, 0x0184, 0xFFDA, 0xFE26,
  0xFC80, 0xFADA, 0xF94C, 0xF7C6,  0xF661, 0xF50C, 0xF3DC, 0xF2C7,
  0xF1DD, 0xF110, 0xF072, 0xEFFD,  0xEFB2, 0xEF94, 0xEF9F, 0xEFDC,
  0xF040, 0xF0D2, 0xF188, 0xF26A,  0xF370, 0xF493, 0xF5DB, 0xF73C,
  0xF8B2, 0xFA42, 0xFBD9, 0xFD83,  0xFF2E, 0x00E0, 0x028A, 0x0435,
  0x05C7, 0x075F, 0x08C8, 0x0A34,  0x0B6D, 0x0C9B, 0x0D98, 0x0E79,
  0x0F2E, 0x0FBF, 0x101E, 0x105B,  0x1063, 0x1045, 0x0FF7, 0x0F80,
  0x0EE0, 0x0E16, 0x0D25, 0x0C14,  0x0ADF, 0x0992, 0x0821, 0x06A8,
  0x050E, 0x0375, 0x01C7, 0x001B,  0xFE6D, 0xFCC2, 0xFB22, 0xF98D,
  0xF80B, 0xF69E, 0xF54D, 0xF411,  0xF2FF, 0xF20A, 0xF13E, 0xF095,
  0xF01E, 0xEFC8, 0xEFA8, 0xEFA8,  0xEFE0, 0xF03E, 0xF0C6, 0xF177,
  0xF252, 0xF350, 0xF470, 0xF5B0,  0xF70B, 0xF87F, 0xFA07, 0xFB9D,
  0xFD43, 0xFEEC, 0x009C, 0x0247,  0x03EB, 0x058A, 0x0713, 0x088F,
  0x09EE, 0x0B37, 0x0C60, 0x0D68,  0x0E48, 0x0F08, 0x0F9A, 0x1006,
  0x1040, 0x1058, 0x103C, 0x0FF8,  0x0F85, 0x0EED, 0x0E2A, 0x0D40,
  0x0C37, 0x0B04, 0x09C0, 0x0854,  0x06DB, 0x054D, 0x03B1, 0x0207,
  0x0061, 0xFEAD, 0xFD0A, 0xFB66,  0xF9D1, 0xF84E, 0xF6DD, 0xF589,
  0xF44E, 0xF332, 0xF23D, 0xF168,  0xF0BD, 0xF03A, 0xEFE4, 0xEFB9,
  0xEFB6, 0xEFE4, 0xF03B, 0xF0BD,  0xF167, 0xF23C, 0xF330, 0xF450,
  0xF582, 0xF6E0, 0xF847, 0xF9D2,  0xFB5F, 0xFD05, 0xFEAB, 0x0056,
  0x0205, 0x03A5, 0x0546, 0x06D1,  0x084B, 0x09B3, 0x0AF7, 0x0C2B,
  0x0D32, 0x0E1D, 0x0EDB, 0x0F79,  0x0FE7, 0x102B, 0x1048, 0x1032,
  0x0FF6, 0x0F8B, 0x0EF8, 0x0E40,  0x0D58, 0x0C56, 0x0B2C, 0x09EA,
  0x0886, 0x0712, 0x0585, 0x03EE,  0x0249, 0x00A0, 0xFEF5, 0xFD4B,
  0xFBAD, 0xFA12, 0xF893, 0xF71D,  0xF5C6, 0xF48A, 0xF366, 0xF26E,
  0xF196, 0xF0E3, 0xF05C, 0xEFFE,  0xEFCB, 0xEFC6, 0xEFE7, 0xF03B,
  0xF0B5, 0xF158, 0xF226, 0xF314,  0xF42C, 0xF55C, 0xF6AE, 0xF819,
  0xF996, 0xFB27, 0xFCC5, 0xFE6A,  0x0014, 0x01C0, 0x0361, 0x0501,
  0x068E, 0x080B, 0x0971, 0x0ABE,  0x0BEF, 0x0D00, 0x0DED, 0x0EB1,
  0x0F55, 0x0FC9, 0x1014, 0x1035,  0x102A, 0x0FF3, 0x0F8F, 0x0F03,
  0x0E4F, 0x0D75, 0x0C72, 0x0B53,  0x0A13, 0x08B7, 0x0746, 0x05BF,
  0x042A, 0x0288, 0x00E3, 0xFF37,  0xFD91, 0xFBEE, 0xFA5A, 0xF8D2,
  0xF760, 0xF603, 0xF4C3, 0xF39F,  0xF2A0, 0xF1C1, 0xF10D, 0xF07C,
  0xF019, 0xEFE1, 0xEFD3, 0xEFF0,  0xF039, 0xF0AF, 0xF14A, 0xF210,
  0xF2FB, 0xF408, 0xF538, 0xF67E,  0xF7E8, 0xF960, 0xFAEC, 0xFC88,
  0xFE29, 0xFFD2, 0x017B, 0x031F,  0x04BC, 0x064A, 0x07CA, 0x0931,
  0x0A83, 0x0BB6, 0x0CCA, 0x0DBE,  0x0E86, 0x0F30, 0x0FA9, 0x0FFE,
  0x1021, 0x101F, 0x0FEF, 0x0F92,  0x0F0D, 0x0E61, 0x0D89, 0x0C95,
  0x0B72, 0x0A41, 0x08E3, 0x077C,  0x05F5, 0x0468, 0x02C5, 0x0126,
  0xFF78, 0xFDD6, 0xFC32, 0xFA9D,  0xF916, 0xF79E, 0xF643, 0xF4FE,
  0xF3D6, 0xF2D2, 0xF1EE, 0xF138,  0xF09C, 0xF038, 0xEFF5, 0xEFE2,
  0xEFF9, 0xF039, 0xF0AA, 0xF13E,  0xF1FC, 0xF2E0, 0xF3E8, 0xF511,
  0xF654, 0xF7B5, 0xF92C, 0xFAB2,  0xFC49, 0xFDEC, 0xFF8E, 0x013A,
  0x02DA, 0x0477, 0x0608, 0x0788,  0x08F2, 0x0A45, 0x0B7E, 0x0C93,
  0x0D90, 0x0E59, 0x0F09, 0x0F8C,  0x0FE1, 0x1011, 0x1012, 0x0FE8,
  0x0F97, 0x0F13, 0x0E70, 0x0DA2,  0x0CAE, 0x0B98, 0x0A67, 0x0913,
  0x07AE, 0x062D, 0x04A1, 0x0306,  0x0163, 0xFFBE, 0xFE17, 0xFC78,
  0xFADF, 0xF959, 0xF7E0, 0xF680,  0xF539, 0xF40F, 0xF304, 0xF21E,
  0xF15E, 0xF0C3, 0xF052, 0xF00E,  0xEFF1, 0xF003, 0xF03B, 0xF0A5,
  0xF133, 0xF1E9, 0xF2C9, 0xF3C6,  0xF4EE, 0xF628, 0xF785, 0xF8F7,
  0xFA79, 0xFC0F, 0xFDA9, 0xFF50,  0x00F5, 0x0297, 0x0435, 0x05C3,
  0x0744, 0x08B7, 0x0A04, 0x0B48,  0x0C5B, 0x0D5D, 0x0E30, 0x0EE1,
  0x0F6A, 0x0FC9, 0x0FFB, 0x1005,  0x0FE1, 0x0F99, 0x0F19, 0x0E82,
  0x0DB2, 0x0CCE, 0x0BB7, 0x0A90,  0x093F, 0x07E0, 0x0664, 0x04DB,
  0x0344, 0x01A3, 0xFFFF, 0xFE5A,  0xFCBD, 0xFB21, 0xF99D, 0xF81F,
  0xF6C1, 0xF572, 0xF449, 0xF336,  0xF24F, 0xF186, 0xF0E9, 0xF071,
  0xF022, 0xF006, 0xF00B, 0xF040,  0xF0A1, 0xF128, 0xF1D9, 0xF2B0,
  0xF3AA, 0xF4C7, 0xF601, 0xF754,  0xF8C4, 0xFA41, 0xFBD3, 0xFD6C,
  0xFF0E, 0x00B2, 0x0255, 0x03F0,  0x0582, 0x0702, 0x0874, 0x09CB,
  0x0B0A, 0x0C28, 0x0D29, 0x0E05,  0x0EB8, 0x0F4A, 0x0FAC, 0x0FE7,
  0x0FF7, 0x0FD9, 0x0F98, 0x0F21,  0x0E8C, 0x0DC9, 0x0CE6, 0x0BDB,
  0x0AB2, 0x096F, 0x080E, 0x069C,  0x0513, 0x0381, 0x01E2, 0x0041,
  0xFE9E, 0xFCFC, 0xFB6B, 0xF9D8,  0xF868, 0xF6F8, 0xF5B4, 0xF47C,
  0xF371, 0xF278, 0xF1B6, 0xF10A,  0xF091, 0xF03E, 0xF013, 0xF01A,
  0xF044, 0xF09E, 0xF11F, 0xF1CB,  0xF296, 0xF38F, 0xF4A3, 0xF5D9,
  0xF726, 0xF891, 0xFA09, 0xFB9A,  0xFD2C, 0xFED0, 0x006F, 0x0212,
  0x03AC, 0x0540, 0x06C0, 0x0835,  0x098C, 0x0AD0, 0x0BF0, 0x0CF9,
  0x0DD5, 0x0E92, 0x0F25, 0x0F91,  0x0FD0, 0x0FE8, 0x0FD1, 0x0F93,
  0x0F2C, 0x0E92, 0x0DE1, 0x0CFA,  0x0BFF, 0x0AD5, 0x099B, 0x083E,
  0x06D0, 0x054D, 0x03BB, 0x0224,  0x007E, 0xFEE3, 0xFD3F, 0xFBAC,
  0xFA1D, 0xF8A6, 0xF73A, 0xF5ED,  0xF4B9, 0xF3A0, 0xF2B0, 0xF1DA,
  0xF135, 0xF0AF, 0xF056, 0xF029,  0xF025, 0xF04B, 0xF09C, 0xF116,
  0xF1BC, 0xF284, 0xF36F, 0xF484,  0xF5AF, 0xF6FB, 0xF85D, 0xF9D6,
  0xFB5B, 0xFCF5, 0xFE8A, 0x0033,  0x01CB, 0x036C, 0x04FC, 0x067E,
  0x07F5, 0x094E, 0x0A96, 0x0BB9,  0x0CC5, 0x0DA7, 0x0E6B, 0x0F00,
  0x0F73, 0x0FBC, 0x0FD4, 0x0FCA,  0x0F8F, 0x0F2F, 0x0EA0, 0x0DEE,
  0x0D16, 0x0C1A, 0x0AFD, 0x09C1,  0x0870, 0x0702, 0x0585, 0x03F7,
  0x025F, 0x00C4, 0xFF20, 0xFD84,  0xFBEF, 0xFA5E, 0xF8E9, 0xF778,
  0xF62A, 0xF4F1, 0xF3D8, 0xF2DE,  0xF208, 0xF15A, 0xF0D2, 0xF070,
  0xF03E, 0xF030, 0xF055, 0xF09A,  0xF111, 0xF1AD, 0xF26F, 0xF357,
  0xF460, 0xF58A, 0xF6CF, 0xF82C,  0xF99F, 0xFB25, 0xFCB5, 0xFE4E,
  0xFFF0, 0x0189, 0x032C, 0x04B5,  0x0642, 0x07AE, 0x0916, 0x0A57,
  0x0B85, 0x0C8E, 0x0D7A, 0x0E40,  0x0EDC, 0x0F56, 0x0FA2, 0x0FC5,
  0x0FBE, 0x0F8A, 0x0F34, 0x0EA9,  0x0DFF, 0x0D2D, 0x0C37, 0x0B21,
  0x09EB, 0x089B, 0x0737, 0x05BB,  0x0433, 0x029C, 0x0103, 0xFF60,
  0xFDCB, 0xFC2C, 0xFAA6, 0xF925,  0xF7B9, 0xF669, 0xF527, 0xF411,
  0xF30E, 0xF235, 0xF182, 0xF0F2,  0xF08E, 0xF050, 0xF042, 0xF05A,
  0xF09D, 0xF10B, 0xF19F, 0xF25E,  0xF33C, 0xF441, 0xF564, 0xF6A5,
  0xF7FA, 0xF96D, 0xFAEA, 0xFC7B,  0xFE10, 0xFFAD, 0x014C, 0x02E3,
  0x0478, 0x05FC, 0x0771, 0x08D6,  0x0A1D, 0x0B4C, 0x0C5A, 0x0D4B,
  0x0E15, 0x0EB8, 0x0F36, 0x0F89,  0x0FB4, 0x0FAF, 0x0F8A, 0x0F2E,
  0x0EBA, 0x0E08, 0x0D46, 0x0C51,  0x0B45, 0x0A11, 0x08CA, 0x0768,
  0x05F1, 0x046C, 0x02DA, 0x0140,  0xFFA6, 0xFE07, 0xFC73, 0xFAE5,
  0xF967, 0xF7FC, 0xF6A0, 0xF566,  0xF443, 0xF343, 0xF262, 0xF1AA,
  0xF113, 0xF0AD, 0xF065, 0xF052,  0xF063, 0xF09F, 0xF106, 0xF194,
  0xF24C, 0xF324, 0xF421, 0xF540,  0xF67A, 0xF7CE, 0xF936, 0xFAB5,
  0xFC3E, 0xFDD3, 0xFF6D, 0x010B,  0x02A1, 0x0435, 0x05BB, 0x0732,
  0x0895, 0x09E3, 0x0B12, 0x0C27,  0x0D1B, 0x0DE9, 0x0E93, 0x0F15,
  0x0F6E, 0x0FA3, 0x0FA2, 0x0F82,  0x0F31, 0x0EBE, 0x0E1A, 0x0D58,
  0x0C6D, 0x0B65, 0x0A39, 0x08F5,  0x079A, 0x0625, 0x04A7, 0x0313,
  0x0182, 0xFFE4, 0xFE4A, 0xFCB5,  0xFB26, 0xF9AA, 0xF838, 0xF6E2,
  0xF59B, 0xF47E, 0xF372, 0xF294,  0xF1CF, 0xF139, 0xF0C9, 0xF07C,
  0xF064, 0xF06B, 0xF0A4, 0xF103,  0xF188, 0xF23D, 0xF30B, 0xF405,
  0xF51C, 0xF650, 0xF7A1, 0xF904,  0xFA7C, 0xFC06, 0xFD94, 0xFF30,
  0x00C7, 0x0261, 0x03F2, 0x057B,  0x06EF, 0x085A, 0x09A3, 0x0ADD,
  0x0BF1, 0x0CE8, 0x0DC0, 0x0E6B,  0x0EF6, 0x0F52, 0x0F8C, 0x0F98,
  0x0F79, 0x0F32, 0x0EC3, 0x0E26,  0x0D6E, 0x0C86, 0x0B85, 0x0A5F,
  0x0920, 0x07C9, 0x065C, 0x04DC,  0x0351, 0x01BF, 0x0022, 0xFE90,
  0xFCF1, 0xFB6E, 0xF9E5, 0xF87C,  0xF71B, 0xF5DB, 0xF4B0, 0xF3A9,
  0xF2C0, 0xF1F9, 0xF15F, 0xF0E4,  0xF099, 0xF072, 0xF076, 0xF0AC,
  0xF0FC, 0xF183, 0xF22A, 0xF2F6,  0xF3E9, 0xF4FA, 0xF627, 0xF776,
  0xF8CF, 0xFA49, 0xFBCB, 0xFD58,  0xFEF2, 0x0084, 0x0223, 0x03AD,
  0x053C, 0x06AD, 0x081B, 0x0968,  0x0AA3, 0x0BBD, 0x0CB5, 0x0D92,
  0x0E47, 0x0ED1, 0x0F3A, 0x0F73,  0x0F8B, 0x0F70, 0x0F31, 0x0EC5,
  0x0E38, 0x0D7A, 0x0CA3, 0x0BA2,  0x0A84, 0x094C, 0x07F5, 0x0691,
  0x0513, 0x038D, 0x01FA, 0x0066,  0xFECA, 0xFD3A, 0xFBAA, 0xFA29,
  0xF8BA, 0xF75A, 0xF614, 0xF4EA,  0xF3DB, 0xF2EF, 0xF226, 0xF180,
  0xF106, 0xF0B2, 0xF083, 0xF085,  0xF0AE, 0xF0FD, 0xF17C, 0xF218,
  0xF2E5, 0xF3CC, 0xF4D7, 0xF602,  0xF747, 0xF8A2, 0xFA12, 0xFB92,
  0xFD1D, 0xFEB2, 0x0047, 0x01DF,  0x036D, 0x04F9, 0x0670, 0x07DA,
  0x092D, 0x0A67, 0x0B89, 0x0C84,  0x0D65, 0x0E1D, 0x0EB0, 0x0F1C,
  0x0F5E, 0x0F7B, 0x0F65, 0x0F2F,  0x0EC9, 0x0E43, 0x0D8B, 0x0CBB,
  0x0BBE, 0x0AA9, 0x0975, 0x0823,  0x06C3, 0x054A, 0x03C7, 0x0237,
  0x00A5, 0xFF0A, 0xFD7C, 0xFBEA,  0xFA6D, 0xF8F6, 0xF79A, 0xF64E,
  0xF522, 0xF40F, 0xF31F, 0xF252,  0xF1A4, 0xF128, 0xF0C9, 0xF099,
  0xF092, 0xF0B4, 0xF0FE, 0xF174,  0xF20A, 0xF2D2, 0xF3B1, 0xF4B9,
  0xF5DA, 0xF71D, 0xF872, 0xF9DD,  0xFB5B, 0xFCE1, 0xFE74, 0x0009,
  0x019D, 0x032D, 0x04B6, 0x0630,  0x079B, 0x08F2, 0x0A2C, 0x0B53,
  0x0C51, 0x0D38, 0x0DF3, 0x0E8F,  0x0EFD, 0x0F47, 0x0F6A, 0x0F5B,
  0x0F2B, 0x0ECC, 0x0E4B, 0x0D9F,  0x0CCD, 0x0BDE, 0x0ACA, 0x099D,
  0x0852, 0x06F1, 0x0584, 0x03FD,  0x0276, 0x00E1, 0xFF4B, 0xFDBD,
  0xFC2B, 0xFAAE, 0xF935, 0xF7D8,  0xF68B, 0xF558, 0xF445, 0xF34F,
  0xF27D, 0xF1CC, 0xF148, 0xF0E3,  0xF0B1, 0xF09C, 0xF0BE, 0xF0FF,
  0xF16D, 0xF202, 0xF2B9, 0xF39D,  0xF496, 0xF5B9, 0xF6EF, 0xF846,
  0xF9A8, 0xFB24, 0xFCA7, 0xFE37,  0xFFC9, 0x015E, 0x02EB, 0x0475,
  0x05F1, 0x075C, 0x08B3, 0x09F7,  0x0B16, 0x0C25, 0x0D03, 0x0DCD,
  0x0E6A, 0x0EDF, 0x0F2F, 0x0F55,  0x0F53, 0x0F24, 0x0ECF, 0x0E52,
  0x0DAF, 0x0CE3, 0x0BF9, 0x0AEC,  0x09C3, 0x087F, 0x0723, 0x05B5,
  0x043B, 0x02AC, 0x0123, 0xFF89,  0xFDFD, 0xFC6D, 0xFAEE, 0xF974,
  0xF818, 0xF6C3, 0xF595, 0xF477,  0xF381, 0xF2AA, 0xF1F2, 0xF16A,
  0xF0FF, 0xF0C7, 0xF0AC, 0xF0C4,  0xF103, 0xF168, 0xF1F6, 0xF2A9,
  0xF382, 0xF47C, 0xF591, 0xF6CA,  0xF813, 0xF97A, 0xFAEC, 0xFC6D,
  0xFDFB, 0xFF8A, 0x011D, 0x02AC,  0x0435, 0x05AE, 0x0720, 0x0875,
  0x09BA, 0x0AE4, 0x0BEC, 0x0CDA,  0x0D9F, 0x0E46, 0x0EC0, 0x0F16,
  0x0F42, 0x0F45, 0x0F21, 0x0ECC,  0x0E5E, 0x0DB7, 0x0CFC, 0x0C10,
  0x0B0F, 0x09E8, 0x08A9, 0x0754,  0x05EA, 0x0470, 0x02EB, 0x015B,
  0xFFCD, 0xFE3A, 0xFCB0, 0xFB2D,  0xF9B6, 0xF853, 0xF700, 0xF5CF,
  0xF4AA, 0xF3B6, 0xF2D2, 0xF220,  0xF186, 0xF121, 0xF0D8, 0xF0C2,
  0xF0CB, 0xF107, 0xF164, 0xF1EC,  0xF299, 0xF36B, 0xF45F, 0xF56E,
  0xF6A2, 0xF7E7, 0xF947, 0xFAB7,  0xFC34, 0xFDBF, 0xFF4D, 0x00DC,
  0x026E, 0x03F0, 0x0574, 0x06DB,  0x083D, 0x097C, 0x0AAE, 0x0BB9,
  0x0CA9, 0x0D75, 0x0E1E, 0x0EA3,  0x0EFA, 0x0F2F, 0x0F38, 0x0F17,
  0x0ED0, 0x0E5F, 0x0DC9, 0x0D0D,  0x0C2A, 0x0B2D, 0x0A0E, 0x08D2,
  0x0786, 0x0619, 0x04AB, 0x0321,  0x019B, 0x0009, 0xFE7D, 0xFCED,
  0xFB6F, 0xF9F5, 0xF890, 0xF740,  0xF603, 0xF4E5, 0xF3E3, 0xF304,
  0xF245, 0xF1AE, 0xF13A, 0xF0F3,  0xF0D2, 0xF0D6, 0xF10B, 0xF162,
  0xF1E3, 0xF28A, 0xF355, 0xF442,  0xF550, 0xF676, 0xF7BE, 0xF915,
  0xFA82, 0xFBFD, 0xFD82, 0xFF11,  0x009D, 0x022C, 0x03B3, 0x0530,
  0x06A0, 0x07FD, 0x0944, 0x0A73,  0x0B87, 0x0C77, 0x0D4C, 0x0DF6,
  0x0E83, 0x0EDF, 0x0F19, 0x0F29,  0x0F11, 0x0ECD, 0x0E65, 0x0DD3,
  0x0D20, 0x0C43, 0x0B4A, 0x0A32,  0x08FD, 0x07B2, 0x064C, 0x04E2,
  0x0358, 0x01DB, 0x0043, 0xFEBF,  0xFD2B, 0xFBB2, 0xFA31, 0xF8D2,
  0xF777, 0xF641, 0xF519, 0xF417,  0xF331, 0xF26E, 0xF1D3, 0xF158,
  0xF10C, 0xF0E4, 0xF0E1, 0xF112,  0xF15E, 0xF1E0, 0xF278, 0xF341,
  0xF428, 0xF52D, 0xF655, 0xF78E,  0xF8E9, 0xFA4B, 0xFBC8, 0xFD47,
  0xFED4, 0x005D, 0x01EF, 0x0370,  0x04F3, 0x0660, 0x07BF, 0x090A,
  0x0A3B, 0x0B50, 0x0C4B, 0x0D1B,  0x0DD3, 0x0E5D, 0x0EC7, 0x0F01,
  0x0F1B, 0x0F06, 0x0ECD, 0x0E67,  0x0DDF, 0x0D2F, 0x0C5C, 0x0B66,
  0x0A56, 0x0924, 0x07DF, 0x067F,  0x0514, 0x0395, 0x0214, 0x0081,
  0xFEFE, 0xFD6B, 0xFBF1, 0xFA73,  0xF90E, 0xF7B4, 0xF67B, 0xF54E,
  0xF44D, 0xF35B, 0xF29E, 0xF1F3,  0xF17A, 0xF122, 0xF0FA, 0xF0EC,
  0xF11A, 0xF15D, 0xF1D8, 0xF26D,  0xF32C, 0xF40E, 0xF510, 0xF62C,
  0xF768, 0xF8B6, 0xFA1C, 0xFB8E,  0xFD0E, 0xFE98, 0x0020, 0x01AE,
  0x0332, 0x04B1, 0x0622, 0x0782,  0x08D0, 0x09FF, 0x0B20, 0x0C14,
  0x0CF4, 0x0DA7, 0x0E3D, 0x0EA8,  0x0EED, 0x0F07, 0x0EFF, 0x0EC7,
  0x0E6B, 0x0DE8, 0x0D3F, 0x0C72,  0x0B84, 0x0A74, 0x094F, 0x0808,
  0x06B3, 0x0545, 0x03D1, 0x0249,  0x00C5, 0xFF36, 0xFDB1, 0xFC2A,
  0xFAB8, 0xF946, 0xF7F8, 0xF6AE,  0xF58A, 0xF47D, 0xF38D, 0xF2C6,
  0xF21B, 0xF198, 0xF13F, 0xF10B,  0xF0FF, 0xF11D, 0xF15F, 0xF1D3,
  0xF260, 0xF31B, 0xF3F5, 0xF4F0,  0xF60B, 0xF73C, 0xF889, 0xF9EA,
  0xFB58, 0xFCD6, 0xFE5A, 0xFFE3,  0x0170, 0x02F1, 0x0474, 0x05E0,
  0x0747, 0x0892, 0x09CB, 0x0AE4,  0x0BE8, 0x0CC3, 0x0D80, 0x0E1A,
  0x0E89, 0x0ED7, 0x0EF4, 0x0EF4,  0x0EC2, 0x0E6E, 0x0DF0, 0x0D4B,
  0x0C8B, 0x0B9A, 0x0A9A, 0x0970,  0x0839, 0x06DC, 0x057F, 0x0402,
  0x0289, 0x00FE, 0xFF77, 0xFDEC,  0xFC6E, 0xFAF2, 0xF98B, 0xF82E,
  0xF6EC, 0xF5C1, 0xF4AF, 0xF3C0,  0xF2ED, 0xF244, 0xF1BA, 0xF157,
  0xF122, 0xF10D, 0xF126, 0xF162,  0xF1CD, 0xF255, 0xF30B, 0xF3DC,
  0xF4D4, 0xF5E6, 0xF716, 0xF85A,  0xF9B9, 0xFB23, 0xFC9D, 0xFE20,
  0xFFA6, 0x0130, 0x02B3, 0x0434,  0x05A2, 0x0709, 0x0858, 0x098F,
  0x0AB2, 0x0BB2, 0x0C98, 0x0D58,  0x0DF1, 0x0E70, 0x0EB9, 0x0EE7,
  0x0EE4, 0x0EBD, 0x0E70, 0x0DF5,  0x0D5B, 0x0C9C, 0x0BB7, 0x0AB9,
  0x0995, 0x0861, 0x070F, 0x05AE,  0x043C, 0x02C0, 0x013A, 0xFFB4,
  0xFE2E, 0xFCAA, 0xFB33, 0xF9C8,  0xF86A, 0xF727, 0xF5F9, 0xF4E2,
  0xF3F2, 0xF318, 0xF26B, 0xF1DB,  0xF175, 0xF136, 0xF11D, 0xF132,
  0xF161, 0xF1CD, 0xF24A, 0xF2FB,  0xF3C5, 0xF4B8, 0xF5C5, 0xF6ED,
  0xF831, 0xF986, 0xFAF0, 0xFC65,  0xFDE4, 0xFF6C, 0x00EF, 0x0277,
  0x03F1, 0x0567, 0x06C7, 0x081E,  0x0955, 0x0A7C, 0x0B80, 0x0C6B,
  0x0D30, 0x0DD1, 0x0E54, 0x0EA4,  0x0EDC, 0x0EDB, 0x0EC4, 0x0E75,
  0x0E0A, 0x0D72, 0x0CBC, 0x0BE0,  0x0AE3, 0x09CC, 0x0898, 0x074F,
  0x05EF, 0x0482, 0x0309, 0x0183,  0x0000, 0xFE77, 0xFCF6, 0xFB7A,
  0xFA0E, 0xF8AC, 0xF765, 0xF630,  0xF516, 0xF41C, 0xF33E, 0xF287,
  0xF1F2, 0xF17E, 0xF13C, 0xF116,  0xF124, 0xF14D, 0xF1A9, 0xF225,
  0xF2C8, 0xF391, 0xF475, 0xF583,  0xF6A1, 0xF7E1, 0xF934, 0xFA98,
  0xFC0E, 0xFD89, 0xFF14, 0x0096,  0x0221, 0x039F, 0x0517, 0x0680,
  0x07D8, 0x091C, 0x0A43, 0x0B56,  0x0C42, 0x0D16, 0x0DBD, 0x0E46,
  0x0EA9, 0x0EDE, 0x0EF2, 0x0ED9,  0x0E9B, 0x0E34, 0x0DA7, 0x0CF6,
  0x0C20, 0x0B2E, 0x0A15, 0x08ED,  0x07A1, 0x064A, 0x04D8, 0x0367,
  0x01DB, 0x005C, 0xFECC, 0xFD4D,  0xFBCA, 0xFA5A, 0xF8F4, 0xF7A4,
  0xF66B, 0xF549, 0xF445, 0xF362,  0xF29E, 0xF203, 0xF187, 0xF135,
  0xF110, 0xF109, 0xF134, 0xF17F,  0xF1F7, 0xF294, 0xF34F, 0xF435,
  0xF536, 0xF653, 0xF790, 0xF8DA,  0xFA42, 0xFBB3, 0xFD2E, 0xFEBA,
  0x003D, 0x01CB, 0x034B, 0x04C8,  0x0636, 0x0793, 0x08DD, 0x0A0F,
  0x0B22, 0x0C1F, 0x0CF4, 0x0DA9,  0x0E3C, 0x0EA0, 0x0EEA, 0x0EFE,
  0x0EF2, 0x0EBE, 0x0E5B, 0x0DDB,  0x0D2E, 0x0C62, 0x0B73, 0x0A61,
  0x093E, 0x07F4, 0x06A4, 0x0530,  0x03C1, 0x0237, 0x00B5, 0xFF25,
  0xFDA0, 0xFC1F, 0xFAA3, 0xF941,  0xF7E3, 0xF6A6, 0xF57F, 0xF46F,
  0xF387, 0xF2B7, 0xF216, 0xF18F,  0xF137, 0xF102, 0xF0FA, 0xF115,
  0xF15C, 0xF1CA, 0xF25D, 0xF317,  0xF3EF, 0xF4ED, 0xF609, 0xF738,
  0xF88A, 0xF9E5, 0xFB5B, 0xFCD4,  0xFE5F, 0xFFE4, 0x0174, 0x02F6,
  0x047A, 0x05E8, 0x0751, 0x089A,  0x09D9, 0x0AF1, 0x0BF6, 0x0CD5,
  0x0D90, 0x0E2D, 0x0E9D, 0x0EEC,  0x0F0E, 0x0F08, 0x0EDB, 0x0E87,
  0x0E08, 0x0D67, 0x0CA0, 0x0BB8,  0x0AAE, 0x098B, 0x084B, 0x06F5,
  0x0590, 0x0414, 0x0299, 0x0109,  0xFF81, 0xFDF5, 0xFC6F, 0xFAF5,
  0xF985, 0xF82A, 0xF6E0, 0xF5B4,  0xF49F, 0xF3AE, 0xF2D6, 0xF22C,
  0xF19E, 0xF13C, 0xF102, 0xF0EE,  0xF106, 0xF141, 0xF1A8, 0xF237,
  0xF2E8, 0xF3BC, 0xF4B4, 0xF5C9,  0xF6F8, 0xF843, 0xF99E, 0xFB0F,
  0xFC8B, 0xFE0F, 0xFF9A, 0x0128,  0x02AC, 0x0433, 0x05A3, 0x070D,
  0x085F, 0x099E, 0x0ABD, 0x0BC6,  0x0CAB, 0x0D6E, 0x0E0F, 0x0E86,
  0x0EDA, 0x0F05, 0x0F04, 0x0EDF,  0x0E90, 0x0E19, 0x0D7A, 0x0CBF,
  0x0BD7, 0x0AD5, 0x09B7, 0x0877,  0x072E, 0x05C1, 0x0452, 0x02CF,
  0x014B, 0xFFBE, 0xFE34, 0xFCB1,  0xFB32, 0xF9C5, 0xF867, 0xF71A,
  0xF5ED, 0xF4D4, 0xF3DD, 0xF304,  0xF252, 0xF1C1, 0xF159, 0xF117,
  0xF0FE, 0xF111, 0xF142, 0xF1A8,  0xF22A, 0xF2D9, 0xF3A6, 0xF497,
  0xF5A6, 0xF6D3, 0xF813, 0xF971,  0xFAD8, 0xFC53, 0xFDD6, 0xFF5A,
  0x00EC, 0x026C, 0x03F2, 0x0565,  0x06CF, 0x0823, 0x0963, 0x0A89,
  0x0B90, 0x0C7E, 0x0D43, 0x0DEA,  0x0E66, 0x0EC2, 0x0EEF, 0x0EF8,
  0x0ED7, 0x0E90, 0x0E1F, 0x0D88,  0x0CCE, 0x0BF3, 0x0AF3, 0x09DB,
  0x08A1, 0x075A, 0x05F6, 0x0487,  0x0309, 0x0186, 0xFFFB, 0xFE76,
  0xFCEC, 0xFB75, 0xFA01, 0xF8A5,  0xF757, 0xF622, 0xF50B, 0xF40E,
  0xF331, 0xF279, 0xF1E4, 0xF177,  0xF12E, 0xF10F, 0xF119, 0xF14B,
  0xF1A1, 0xF225, 0xF2C8, 0xF391,  0xF47C, 0xF584, 0xF6AD, 0xF7E9,
  0xF93F, 0xFAA5, 0xFC1C, 0xFD9A,  0xFF21, 0x00AA, 0x0230, 0x03B0,
  0x0529, 0x068E, 0x07E9, 0x0928,  0x0A51, 0x0B5F, 0x0C4C, 0x0D1B,
  0x0DC2, 0x0E47, 0x0EA6, 0x0EDB,  0x0EEC, 0x0ECB, 0x0E92, 0x0E20,
  0x0D99, 0x0CDC, 0x0C0C, 0x0B11,  0x09FE, 0x08CA, 0x0788, 0x0626,
  0x04BD, 0x0342, 0x01C0, 0x003A,  0xFEB2, 0xFD2D, 0xFBB4, 0xFA3E,
  0xF8E5, 0xF78E, 0xF65F, 0xF53E,  0xF440, 0xF35F, 0xF2A1, 0xF208,
  0xF195, 0xF147, 0xF11E, 0xF129,  0xF14B, 0xF1A6, 0xF218, 0xF2BC,
  0xF37D, 0xF461, 0xF563, 0xF68A,  0xF7BA, 0xF916, 0xFA6D, 0xFBE9,
  0xFD5D, 0xFEE8, 0x006A, 0x01F3,  0x0371, 0x04E8, 0x0654, 0x07A9,
  0x08F0, 0x0A1A, 0x0B2A, 0x0C1D,  0x0CEE, 0x0D9D, 0x0E26, 0x0E89,
  0x0EC7, 0x0EDA, 0x0EC6, 0x0E8B,  0x0E29, 0x0D9E, 0x0CF1, 0x0C20,
  0x0B2F, 0x0A20, 0x08F3, 0x07B1,  0x065B, 0x04ED, 0x037E, 0x01F7,
  0x0079, 0xFEEE, 0xFD6F, 0xFBEE,  0xFA82, 0xF91C, 0xF7D0, 0xF694,
  0xF575, 0xF471, 0xF38F, 0xF2C9,  0xF22E, 0xF1B1, 0xF162, 0xF131,
  0xF134, 0xF154, 0xF1A4, 0xF211,  0xF2B1, 0xF368, 0xF449, 0xF545,
  0xF662, 0xF796, 0xF8E2, 0xFA3E,  0xFBB1, 0xFD27, 0xFEAA, 0x002F,
  0x01B2, 0x0334, 0x04A9, 0x0615,  0x076E, 0x08B4, 0x09E4, 0x0AF6,
  0x0BEA, 0x0CC5, 0x0D73, 0x0E06,  0x0E6D, 0x0EAE, 0x0ECD, 0x0EBA,
  0x0E88, 0x0E2A, 0x0DAA, 0x0CFE,  0x0C38, 0x0B49, 0x0A42, 0x0919,
  0x07DD, 0x068A, 0x0523, 0x03B2,  0x0234, 0x00B3, 0xFF2D, 0xFDAC,
  0xFC2F, 0xFABD, 0xF95D, 0xF808,  0xF6D0, 0xF5A8, 0xF4A7, 0xF3BA,
  0xF2F7, 0xF24F, 0xF1D4, 0xF179,  0xF148, 0xF13F, 0xF15E, 0xF1A1,
  0xF211, 0xF29F, 0xF35A, 0xF42F,  0xF528, 0xF63D, 0xF76F, 0xF8B3,
  0xFA10, 0xFB78, 0xFCF2, 0xFE6C,  0xFFF4, 0x0174, 0x02F5, 0x046C,
  0x05D6, 0x0732, 0x0879, 0x09AC,  0x0AC1, 0x0BBC, 0x0C94, 0x0D4F,
  0x0DE1, 0x0E4F, 0x0E99, 0x0EB9,  0x0EB1, 0x0E82, 0x0E2D, 0x0DB0,
  0x0D11, 0x0C47, 0x0B67, 0x0A60,  0x0940, 0x0808, 0x06B7, 0x0557,
  0x03E9, 0x026B, 0x00F1, 0xFF69,  0xFDEA, 0xFC6D, 0xFAFE, 0xF996,
  0xF848, 0xF706, 0xF5E0, 0xF4DA,  0xF3E9, 0xF321, 0xF276, 0xF1F2,
  0xF196, 0xF15C, 0xF14E, 0xF165,  0xF1A6, 0xF20A, 0xF296, 0xF348,
  0xF418, 0xF50B, 0xF61C, 0xF745,  0xF889, 0xF9DD, 0xFB45, 0xFCB9,
  0xFE35, 0xFFB4, 0x013A, 0x02B4,  0x042E, 0x059A, 0x06F3, 0x0842,
  0x0970, 0x0A8F, 0x0B88, 0x0C69,  0x0D25, 0x0DBF, 0x0E31, 0x0E7F,
  0x0EA7, 0x0EA6, 0x0E7D, 0x0E2C,  0x0DB9, 0x0D1A, 0x0C60, 0x0B7D,
  0x0A81, 0x0964, 0x0830, 0x06E7,  0x0589, 0x041D, 0x02A6, 0x0129,
  0xFFA7, 0xFE29, 0xFCAA, 0xFB3D,  0xF9D2, 0xF884, 0xF73E, 0xF61C,
  0xF506, 0xF41F, 0xF349, 0xF29D,  0xF215, 0xF1AE, 0xF175, 0xF15C,
  0xF16F, 0xF1A9, 0xF206, 0xF28D,  0xF337, 0xF403, 0xF4F1, 0xF5F7,
  0xF721, 0xF85D, 0xF9AD, 0xFB13,  0xFC80, 0xFDFC, 0xFF7B, 0x00F9,
  0x0279, 0x03EF, 0x055B, 0x06B9,  0x0805, 0x0938, 0x0A5B, 0x0B55,
  0x0C3D, 0x0CFA, 0x0D9B, 0x0E12,  0x0E67, 0x0E94, 0x0E98, 0x0E77,
  0x0E2B, 0x0DBE, 0x0D29, 0x0C70,  0x0B97, 0x0A9E, 0x0989, 0x0857,
  0x0715, 0x05BA, 0x0453, 0x02DE,  0x0162, 0xFFE5, 0xFE64, 0xFCEA,
  0xFB7A, 0xFA10, 0xF8BE, 0xF77B,  0xF64D, 0xF541, 0xF449, 0xF378,
  0xF2C4, 0xF234, 0xF1CF, 0xF188,  0xF16F, 0xF177, 0xF1AF, 0xF202,
  0xF288, 0xF323, 0xF3F3, 0xF4D2,  0xF5D9, 0xF6FB, 0xF831, 0xF980,
  0xFADF, 0xFC4B, 0xFDC3, 0xFF3F,  0x00BD, 0x023A, 0x03B3, 0x051D,
  0x067C, 0x07CA, 0x0900, 0x0A25,  0x0B24, 0x0C0D, 0x0CD0, 0x0D76,
  0x0DF5, 0x0E4B, 0x0E7F, 0x0E8C,  0x0E6C, 0x0E2D, 0x0DC1, 0x0D36,
  0x0C80, 0x0BAE, 0x0ABC, 0x09AA,  0x0882, 0x073E, 0x05EB, 0x0488,
  0x0313, 0x019F, 0x001E, 0xFEA2,  0xFD2A, 0xFBB3, 0xFA50, 0xF8F9,
  0xF7B4, 0xF688, 0xF571, 0xF47B,  0xF3A5, 0xF2EB, 0xF258, 0xF1EA,
  0xF1A2, 0xF17E, 0xF186, 0xF1AF,  0xF206, 0xF27D, 0xF318, 0xF3DC,
  0xF4BB, 0xF5B9, 0xF6D6, 0xF808,  0xF953, 0xFAAB, 0xFC17, 0xFD89,
  0xFF06, 0x0080, 0x01FF, 0x0371,  0x04E3, 0x063E, 0x0791, 0x08C6,
  0x09EF, 0x0AF1, 0x0BDF, 0x0CA5,  0x0D52, 0x0DD3, 0x0E31, 0x0E6A,
  0x0E7B, 0x0E67, 0x0E28, 0x0DC6,  0x0D3D, 0x0C95, 0x0BC0, 0x0ADC,
  0x09C8, 0x08AC, 0x0766, 0x061E,  0x04B8, 0x034D, 0x01D6, 0x005A,
  0xFEDF, 0xFD64, 0xFBF6, 0xFA88,  0xF939, 0xF7EA, 0xF6C2, 0xF5A5,
  0xF4AC, 0xF3D1, 0xF314, 0xF27D,  0xF206, 0xF1BC, 0xF190, 0xF192,
  0xF1B6, 0xF206, 0xF275, 0xF30D,  0xF3C8, 0xF4A2, 0xF59C, 0xF6B0,
  0xF7E1, 0xF925, 0xFA7A, 0xFBE3,  0xFD51, 0xFECC, 0x0045, 0x01C1,
  0x0335, 0x04A4, 0x0604, 0x0753,  0x0892, 0x09B2, 0x0AC4, 0x0BAC,
  0x0C7D, 0x0D2A, 0x0DB0, 0x0E19,  0x0E50, 0x0E6F, 0x0E5A, 0x0E26,
  0x0DC8, 0x0D48, 0x0CA0, 0x0BDC,  0x0AEE, 0x09F1, 0x08CA, 0x0798,
  0x0646, 0x04EF, 0x0380, 0x0210,  0x0094, 0xFF1C, 0xFDA0, 0xFC34,
  0xFAC6, 0xF972, 0xF827, 0xF6F7,  0xF5DC, 0xF4DE, 0xF3FC, 0xF341,
  0xF29C, 0xF229, 0xF1D2, 0xF1A6,  0xF19E, 0xF1BF, 0xF203, 0xF274,
  0xF2FF, 0xF3B7, 0xF48A, 0xF580,  0xF68D, 0xF7BA, 0xF8F7, 0xFA4C,
  0xFBAD, 0xFD1C, 0xFE91, 0x000B,  0x0183, 0x02F9, 0x0467, 0x05C5,
  0x071D, 0x0852, 0x0983, 0x0A8A,  0x0B80, 0x0C51, 0x0CFF, 0x0D95,
  0x0DF6, 0x0E3F, 0x0E59, 0x0E52,  0x0E22, 0x0DC8, 0x0D51, 0x0CAD,
  0x0BF2, 0x0B08, 0x0A10, 0x08EF,  0x07C0, 0x0676, 0x051F, 0x03B8,
  0x0245, 0x00D0, 0xFF55, 0xFDE1,  0xFC6C, 0xFB08, 0xF9AA, 0xF862,
  0xF731, 0xF60D, 0xF514, 0xF427,  0xF36B, 0xF2C2, 0xF248, 0xF1EB,
  0xF1BD, 0xF1A9, 0xF1CA, 0xF203,  0xF271, 0xF2F4, 0xF3A6, 0xF474,
  0xF563, 0xF66C, 0xF792, 0xF8CD,  0xFA1C, 0xFB7B, 0xFCE4, 0xFE5A,
  0xFFCE, 0x0149, 0x02BC, 0x0429,  0x058C, 0x06DC, 0x0820, 0x0946,
  0x0A5B, 0x0B4D, 0x0C26, 0x0CD9,  0x0D6E, 0x0DDD, 0x0E25, 0x0E49,
  0x0E44, 0x0E1E, 0x0DC7, 0x0D5A,  0x0CB9, 0x0C04, 0x0B23, 0x0A2B,
  0x0917, 0x07E5, 0x06A6, 0x054D,  0x03EE, 0x027C, 0x0109, 0xFF92,
  0xFE1A, 0xFCAD, 0xFB40, 0xF9E9,  0xF89B, 0xF768, 0xF646, 0xF542,
  0xF45A, 0xF390, 0xF2ED, 0xF264,  0xF209, 0xF1CF, 0xF1BD, 0xF1CD,
  0xF20B, 0xF26A, 0xF2EE, 0xF395,  0xF45D, 0xF54A, 0xF64A, 0xF76E,
  0xF8A0, 0xF9F0, 0xFB46, 0xFCB2,  0xFE1D, 0xFF99, 0x0109, 0x0282,
  0x03EB, 0x054F, 0x06A4, 0x07E4,  0x0910, 0x0A27, 0x0B1A, 0x0BFD,
  0x0CAE, 0x0D4D, 0x0DBE, 0x0E0C,  0x0E36, 0x0E38, 0x0E17, 0x0DC9,
  0x0D5B, 0x0CCA, 0x0C12, 0x0B3E,  0x0A48, 0x0936, 0x0812, 0x06CD,
  0x0582, 0x041E, 0x02B4, 0x0143,  0xFFCA, 0xFE59, 0xFCE7, 0xFB7E,
  0xFA25, 0xF8D4, 0xF7A1, 0xF67B,  0xF575, 0xF488, 0xF3BC, 0xF312,
  0xF287, 0xF223, 0xF1E5, 0xF1CD,  0xF1D9, 0xF20E, 0xF267, 0xF2E7,
  0xF384, 0xF44C, 0xF52C, 0xF62D,  0xF749, 0xF876, 0xF9C3, 0xFB14,
  0xFC7C, 0xFDE8, 0xFF5D, 0x00CF,  0x0246, 0x03AE, 0x0515, 0x0665,
  0x07AE, 0x08D8, 0x09F0, 0x0AF0,  0x0BC7, 0x0C8D, 0x0D23, 0x0DA1,
  0x0DF4, 0x0E22, 0x0E2A, 0x0E0F,  0x0DC8, 0x0D61, 0x0CD3, 0x0C25,
  0x0B53, 0x0A64, 0x095B, 0x0834,  0x06FE, 0x05AB, 0x0455, 0x02E9,
  0x0179, 0x0009, 0xFE91, 0xFD25,  0xFBBA, 0xFA5E, 0xF912, 0xF7D7,
  0xF6B4, 0xF5A5, 0xF4BA, 0xF3E5,  0xF33A, 0xF2A9, 0xF23F, 0xF1FC,
  0xF1DF, 0xF1E3, 0xF214, 0xF264,  0xF2E1, 0xF377, 0xF438, 0xF513,
  0xF60F, 0xF723, 0xF851, 0xF993,  0xFAE6, 0xFC46, 0xFDB3, 0xFF20,
  0x009A, 0x0205, 0x0376, 0x04D5,  0x062D, 0x0773, 0x08A1, 0x09BE,
  0x0AB8, 0x0BA1, 0x0C5E, 0x0D01,  0x0D81, 0x0DD9, 0x0E0E, 0x0E1D,
  0x0E02, 0x0DCA, 0x0D62, 0x0CDE,  0x0C35, 0x0B68, 0x0A81, 0x097A,
  0x085B, 0x0727, 0x05DB, 0x0486,  0x031E, 0x01B3, 0x003F, 0xFED0,
  0xFD5D, 0xFBF9, 0xFA98, 0xF94E,  0xF80D, 0xF6EB, 0xF5DA, 0xF4E7,
  0xF414, 0xF35E, 0xF2CE, 0xF25D,  0xF212, 0xF1F1, 0xF1F1, 0xF219,
  0xF264, 0xF2DA, 0xF36B, 0xF426,  0xF4FA, 0xF5F2, 0xF700, 0xF829,
  0xF967, 0xFAB5, 0xFC15, 0xFD79,  0xFEED, 0x0058, 0x01D1, 0x0334,
  0x049E, 0x05F0, 0x0739, 0x086B,  0x0987, 0x0A88, 0x0B71, 0x0C35,
  0x0CDD, 0x0D5E, 0x0DC1, 0x0DF6,  0x0E0E, 0x0DFA, 0x0DC4, 0x0D68,
  0x0CE4, 0x0C45, 0x0B7C, 0x0A9D,  0x0997, 0x0882, 0x0750, 0x0608,
  0x04B8, 0x0352, 0x01EA, 0x007A,  0xFF09, 0xFD99, 0xFC36, 0xFAD1,
  0xF98C, 0xF842, 0xF724, 0xF60B,  0xF51B, 0xF43D, 0xF387, 0xF2F1,
  0xF27B, 0xF22B, 0xF204, 0xF1FD,  0xF220, 0xF267, 0xF2D2, 0xF362,
  0xF414, 0xF4E1, 0xF5D8, 0xF6DD,  0xF803, 0xF93B, 0xFA86, 0xFBE1,
  0xFD47, 0xFEB1, 0x0022, 0x0192,  0x02FB, 0x0462, 0x05B5, 0x06FF,
  0x0833, 0x0952, 0x0A57, 0x0B41,  0x0C0B, 0x0CB7, 0x0D3C, 0x0DA5,
  0x0DE2, 0x0DFB, 0x0DF1, 0x0DBF,  0x0D69, 0x0CEE, 0x0C50, 0x0B93,
  0x0AB2, 0x09BB, 0x08A2, 0x0779,  0x0638, 0x04E3, 0x038A, 0x0220,
  0x00B2, 0xFF43, 0xFDD7, 0xFC6B,  0xFB15, 0xF9BD, 0xF883, 0xF755,
  0xF642, 0xF54B, 0xF469, 0xF3B2,  0xF311, 0xF29E, 0xF243, 0xF218,
  0xF20C, 0xF227, 0xF268, 0xF2CE,  0xF359, 0xF402, 0xF4CF, 0xF5B8,
  0xF6BE, 0xF7DE, 0xF90E, 0xFA5D,  0xFBAB, 0xFD14, 0xFE77, 0xFFEC,
  0x0155, 0x02C3, 0x0422, 0x057D,  0x06C4, 0x07FD, 0x091C, 0x0A23,
  0x0B14, 0x0BDE, 0x0C93, 0x0D19,  0x0D88, 0x0DCA, 0x0DED, 0x0DE1,
  0x0DBE, 0x0D66, 0x0CF8, 0x0C5A,  0x0BA7, 0x0ACB, 0x09D7, 0x08C7,
  0x079F, 0x0664, 0x0515, 0x03BC,  0x0254, 0x00ED, 0xFF7A, 0xFE13,
  0xFCA9, 0xFB4B, 0xF9FC, 0xF8B9,  0xF78C, 0xF678, 0xF578, 0xF49B,
  0xF3D7, 0xF33A, 0xF2B9, 0xF261,  0xF229, 0xF21D, 0xF230, 0xF26C,
  0xF2C9, 0xF351, 0xF3F1, 0xF4BC,  0xF59B, 0xF6A2, 0xF7B5, 0xF8E9,
  0xFA2A, 0xFB7F, 0xFCDD, 0xFE42,  0xFFB2, 0x011A, 0x0289, 0x03E7,
  0x0543, 0x0689, 0x07C5, 0x08E7,  0x09F1, 0x0AE2, 0x0BB7, 0x0C66,
  0x0CFB, 0x0D69, 0x0DB2, 0x0DDA,  0x0DD7, 0x0DB4, 0x0D69, 0x0CFB,
  0x0C68, 0x0BB6, 0x0AE5, 0x09F1,  0x08EB, 0x07C4, 0x0690, 0x0543,
  0x03EF, 0x028A, 0x0123, 0xFFB6,  0xFE4B, 0xFCE5, 0xFB87, 0xFA35,
  0xF8F3, 0xF7C2, 0xF6AD, 0xF5A9,  0xF4CA, 0xF400, 0xF35E, 0xF2DB,
  0xF27B, 0xF23F, 0xF22C, 0xF23B,  0xF26F, 0xF2C8, 0xF347, 0xF3E5,
  0xF4A6, 0xF584, 0xF67F, 0xF796,  0xF8BD, 0xFA00, 0xFB4C, 0xFCAA,
  0xFE0D, 0xFF78, 0x00E2, 0x024D,  0x03AC, 0x0508, 0x0651, 0x078B,
  0x08B2, 0x09BE, 0x0AB2, 0x0B89,  0x0C41, 0x0CD6, 0x0D4B, 0x0D9B,
  0x0DC4, 0x0DCD, 0x0DA8, 0x0D6D,  0x0CFB, 0x0C76, 0x0BC4, 0x0AFC,
  0x0A0E, 0x090A, 0x07EB, 0x06B9,  0x0573, 0x041E, 0x02C1, 0x0158,
  0xFFF0, 0xFE85, 0xFD20, 0xFBC0,  0xFA71, 0xF92A, 0xF7FC, 0xF6DF,
  0xF5DC, 0xF4F8, 0xF42A, 0xF385,  0xF2FB, 0xF297, 0xF257, 0xF23B,
  0xF247, 0xF273, 0xF2C9, 0xF33B,  0xF3DE, 0xF48E, 0xF56F, 0xF65F,
  0xF774, 0xF896, 0xF9D3, 0xFB1E,  0xFC75, 0xFDDB, 0xFF3D, 0x00AB,
  0x0210, 0x0374, 0x04CD, 0x0616,  0x0755, 0x087A, 0x098C, 0x0A81,
  0x0B5C, 0x0C1A, 0x0CB2, 0x0D2B,  0x0D80, 0x0DB3, 0x0DBC, 0x0DA4,
  0x0D65, 0x0D03, 0x0C7E, 0x0BD4,  0x0B12, 0x0A28, 0x092B, 0x080F,
  0x06E2, 0x05A1, 0x044F, 0x02F5,  0x018D, 0x002A, 0xFEBD, 0xFD5B,
  0xFBFD, 0xFAA7, 0xF966, 0xF831,  0xF714, 0xF610, 0xF524, 0xF458,
  0xF3A8, 0xF31E, 0xF2B4, 0xF26F,  0xF24A, 0xF255, 0xF277, 0xF2CA,
  0xF337, 0xF3CE, 0xF47F, 0xF557,  0xF642, 0xF752, 0xF86F, 0xF9A9,
  0xFAEE, 0xFC45, 0xFDA3, 0xFF07,  0x0073, 0x01D6, 0x0339, 0x0491,
  0x05E0, 0x0718, 0x084A, 0x0953,  0x0A54, 0x0B2D, 0x0BF1, 0x0C8E,
  0x0D0D, 0x0D65, 0x0D9E, 0x0DAD,  0x0D99, 0x0D64, 0x0D04, 0x0C87,
  0x0BE4, 0x0B22, 0x0A45, 0x0949,  0x0832, 0x070C, 0x05CC, 0x047F,
  0x0328, 0x01C6, 0x005D, 0xFEFC,  0xFD90, 0xFC3A, 0xFAE0, 0xF9A0,
  0xF868, 0xF749, 0xF643, 0xF551,  0xF486, 0xF3CE, 0xF341, 0xF2D1,
  0xF287, 0xF25E, 0xF260, 0xF27F,  0xF2CB, 0xF331, 0xF3C4, 0xF46E,
  0xF53F, 0xF627, 0xF730, 0xF84B,  0xF97E, 0xFAC1, 0xFC11, 0xFD71,
  0xFED0, 0x003A, 0x019C, 0x0300,  0x0458, 0x05A4, 0x06E4, 0x080C,
  0x0927, 0x0A1F, 0x0B02, 0x0BC5,  0x0C6A, 0x0CEB, 0x0D4C, 0x0D86,
  0x0D9F, 0x0D8F, 0x0D5C, 0x0D09,  0x0C8D, 0x0BF3, 0x0B34, 0x0A5F,
  0x0964, 0x0859, 0x0730, 0x05FA,  0x04AE, 0x035B, 0x01F9, 0x0099,
  0xFF2E, 0xFDD1, 0xFC6F, 0xFB1D,  0xF9D6, 0xF8A2, 0xF77C, 0xF678,
  0xF57F, 0xF4B1, 0xF3F7, 0xF363,  0xF2EF, 0xF2A0, 0xF271, 0xF26E,
  0xF287, 0xF2CC, 0xF32E, 0xF3B8,  0xF460, 0xF529, 0xF60D, 0xF70F,
  0xF827, 0xF953, 0xFA95, 0xFBE2,  0xFD3B, 0xFE9B, 0x0002, 0x0162,
  0x02C7, 0x041D, 0x056B, 0x06AC,  0x07D7, 0x08EF, 0x09F1, 0x0AD1,
  0x0B9E, 0x0C43, 0x0CCB, 0x0D2E,  0x0D72, 0x0D8B, 0x0D88, 0x0D53,
  0x0D0C, 0x0C91, 0x0C02, 0x0B45,  0x0A76, 0x0983, 0x0879, 0x0758,
  0x0624, 0x04DC, 0x038F, 0x022A,  0x00D3, 0xFF66, 0xFE09, 0xFCAA,
  0xFB56, 0xFA0F, 0xF8DA, 0xF7B2,  0xF6A7, 0xF5B4, 0xF4DA, 0xF421,
  0xF385, 0xF310, 0xF2B6, 0xF28C,  0xF274, 0xF297, 0xF2CA, 0xF32E,
  0xF3AC, 0xF453, 0xF515, 0xF5F2,  0xF6F1, 0xF801, 0xF92F, 0xFA64,
  0xFBB5, 0xFD06, 0xFE69, 0xFFC7,  0x012D, 0x028A, 0x03E4, 0x0535,
  0x0670, 0x07A3, 0x08B9, 0x09C0,  0x0AA4, 0x0B73, 0x0C1B, 0x0CAC,
  0x0D0F, 0x0D5C, 0x0D78, 0x0D7D,  0x0D4D, 0x0D0A, 0x0C98, 0x0C0B,
  0x0B5A, 0x0A88, 0x09A2, 0x0898,  0x077F, 0x064D, 0x050C, 0x03BB,
  0x0265, 0x0103, 0xFFA1, 0xFE42,  0xFCE2, 0xFB91, 0xFA48, 0xF90E,
  0xF7EC, 0xF6D8, 0xF5E4, 0xF507,  0xF44A, 0xF3A9, 0xF32E, 0xF2D5,
  0xF29A, 0xF28C, 0xF298, 0xF2D4,  0xF329, 0xF3A6, 0xF445, 0xF4FF,
  0xF5DC, 0xF6D2, 0xF7DE, 0xF907,  0xFA3B, 0xFB82, 0xFCD8, 0xFE30,
  0xFF93, 0x00F2, 0x0254, 0x03A9,  0x04FA, 0x063A, 0x076B, 0x0886,
  0x098D, 0x0A76, 0x0B47, 0x0BF5,  0x0C8A, 0x0CF3, 0x0D40, 0x0D6A,
  0x0D6A, 0x0D4C, 0x0D04, 0x0CA0,  0x0C13, 0x0B6B, 0x0A9E, 0x09BD,
  0x08B8, 0x07A5, 0x0674, 0x053A,  0x03EC, 0x0298, 0x0137, 0xFFDC,
  0xFE77, 0xFD1D, 0xFBCB, 0xFA7E,  0xF949, 0xF81F, 0xF70E, 0xF612,
  0xF536, 0xF471, 0xF3D1, 0xF34C,  0xF2F1, 0xF2B0, 0xF29C, 0xF2A3,
  0xF2D8, 0xF329, 0xF39F, 0xF437,  0xF4ED, 0xF5C6, 0xF6B2, 0xF7BF,
  0xF8DD, 0xFA13, 0xFB52, 0xFCA8,  0xFDFA, 0xFF5E, 0x00BA, 0x0219,
  0x0373, 0x04BE, 0x0606, 0x072F,  0x0856, 0x0956, 0x0A4C, 0x0B18,
  0x0BCF, 0x0C65, 0x0CD6, 0x0D29,  0x0D53, 0x0D5F, 0x0D42, 0x0D03,
  0x0CA2, 0x0C1E, 0x0B78, 0x0AB5,  0x09D5, 0x08D8, 0x07C8, 0x069D,
  0x0566, 0x041C, 0x02C9, 0x016F,  0x0010, 0xFEB1, 0xFD57, 0xFC00,
  0xFABC, 0xF97D, 0xF856, 0xF742,  0xF642, 0xF563, 0xF49D, 0xF3F4,
  0xF36F, 0xF30B, 0xF2C8, 0xF2AD,  0xF2AE, 0xF2DE, 0xF329, 0xF398,
  0xF42C, 0xF4DD, 0xF5AC, 0xF69A,  0xF799, 0xF8BC, 0xF9E6, 0xFB27,
  0xFC74, 0xFDCA, 0xFF25, 0x0085,  0x01DF, 0x033A, 0x0487, 0x05CA,
  0x06FD, 0x081C, 0x092A, 0x0A16,  0x0AF2, 0x0BA2, 0x0C46, 0x0CB4,
  0x0D11, 0x0D3C, 0x0D52, 0x0D39,  0x0D00, 0x0CA3, 0x0C27, 0x0B86,
  0x0ACB, 0x09EA, 0x08FB, 0x07E6,  0x06C9, 0x058E, 0x044C, 0x02FC,
  0x01A1, 0x0048, 0xFEE9, 0xFD8E,  0xFC3C, 0xFAF1, 0xF9B6, 0xF88C,
  0xF774, 0xF676, 0xF590, 0xF4C6,  0xF41C, 0xF390, 0xF326, 0xF2E3,
  0xF2BC, 0xF2BD, 0xF2E3, 0xF32A,  0xF395, 0xF420, 0xF4CB, 0xF599,
  0xF67C, 0xF77C, 0xF896, 0xF9BB,  0xFAFE, 0xFC41, 0xFD98, 0xFEF1,
  0x004B, 0x01AB, 0x02FE, 0x044F,  0x0594, 0x06C3, 0x07EC, 0x08F1,
  0x09EB, 0x0AC2, 0x0B7E, 0x0C1D,  0x0C99, 0x0CF3, 0x0D2A, 0x0D40,
  0x0D30, 0x0CFB, 0x0CA5, 0x0C2F,  0x0B92, 0x0ADE, 0x0A02, 0x0917,
  0x080B, 0x06EC, 0x05BA, 0x047B,  0x032B, 0x01D8, 0x007C, 0xFF20,
  0xFDC7, 0xFC76, 0xFB26, 0xF9F2,  0xF8BC, 0xF7AF, 0xF6A2, 0xF5C0,
  0xF4F1, 0xF441, 0xF3B5, 0xF341,  0xF2FB, 0xF2D1, 0xF2CA, 0xF2EA,
  0xF32B, 0xF393, 0xF414, 0xF4C0,  0xF57E, 0xF667, 0xF75A, 0xF872,
  0xF996, 0xFACD, 0xFC16, 0xFD63,  0xFEBC, 0x0018, 0x016E, 0x02CA,
  0x0415, 0x0559, 0x0693, 0x07AF,  0x08C4, 0x09B8, 0x0A97, 0x0B54,
  0x0BF9, 0x0C76, 0x0CDB, 0x0D13,  0x0D2F, 0x0D24, 0x0CF9, 0x0CA3,
  0x0C35, 0x0BA0, 0x0AEE, 0x0A1B,  0x0932, 0x082B, 0x0713, 0x05E3,
  0x04A9, 0x035A, 0x020D, 0x00B0,  0xFF58, 0xFDFF, 0xFCAC, 0xFB62,
  0xFA26, 0xF8F6, 0xF7DE, 0xF6D9,  0xF5EA, 0xF520, 0xF465, 0xF3DA,
  0xF35F, 0xF312, 0xF2E7, 0xF2D5,  0xF2F6, 0xF32C, 0xF38F, 0xF40F,
  0xF4AB, 0xF573, 0xF645, 0xF743,  0xF84A, 0xF971, 0xFAA3, 0xFBE5,
  0xFD33, 0xFE87, 0xFFE2, 0x0138,  0x0291, 0x03DC, 0x0524, 0x0658,
  0x077E, 0x088F, 0x0987, 0x0A6C,  0x0B28, 0x0BD5, 0x0C56, 0x0CBD,
  0x0D00, 0x0D19, 0x0D1B, 0x0CF1,  0x0CA4, 0x0C3B, 0x0BA9, 0x0AFF,
  0x0A32, 0x094C, 0x084D, 0x0737,  0x060B, 0x04D6, 0x038C, 0x023C,
  0x00E8, 0xFF8C, 0xFE38, 0xFCE5,  0xFB99, 0xFA5D, 0xF92C, 0xF813,
  0xF70A, 0xF61B, 0xF547, 0xF492,  0xF3F9, 0xF381, 0xF32C, 0xF2F7,
  0xF2EB, 0xF2FA, 0xF332, 0xF38F,  0xF403, 0xF4A3, 0xF559, 0xF634,
  0xF721, 0xF82A, 0xF94B, 0xFA76,  0xFBBB, 0xFCFF, 0xFE55, 0xFFAC,
  0x0101, 0x0259, 0x03A5, 0x04EB,  0x0623, 0x0747, 0x085D, 0x0955,
  0x0A3F, 0x0B00, 0x0BAD, 0x0C35,  0x0CA0, 0x0CE7, 0x0D0A, 0x0D0D,
  0x0CE7, 0x0CA9, 0x0C37, 0x0BBA,  0x0B0C, 0x0A47, 0x0967, 0x086C,
  0x075A, 0x0635, 0x0500, 0x03BA,  0x0271, 0x011A, 0xFFC3, 0xFE70,
  0xFD1A, 0xFBD3, 0xFA94, 0xF961,  0xF849, 0xF73A, 0xF64C, 0xF574,
  0xF4B6, 0xF422, 0xF39C, 0xF349,  0xF30C, 0xF2F9, 0xF307, 0xF336,
  0xF38C, 0xF3FE, 0xF497, 0xF546,  0xF61E, 0xF702, 0xF80D, 0xF922,
  0xFA4F, 0xFB8C, 0xFCCF, 0xFE24,  0xFF74, 0x00CE, 0x021E, 0x0371,
  0x04B0, 0x05EE, 0x0711, 0x082A,  0x0925, 0x0A0F, 0x0AD8, 0x0B85,
  0x0C13, 0x0C84, 0x0CCD, 0x0CF9,  0x0CFB, 0x0CE5, 0x0C9F, 0x0C44,
  0x0BBA, 0x0B1F, 0x0A5A, 0x0981,  0x0889, 0x077E, 0x065D, 0x0528,
  0x03ED, 0x029E, 0x0150, 0xFFF9,  0xFEA4, 0xFD55, 0xFC08, 0xFACD,
  0xF997, 0xF87C, 0xF76D, 0xF67C,  0xF5A0, 0xF4E0, 0xF444, 0xF3BF,
  0xF362, 0xF324, 0xF30A, 0xF312,  0xF33B, 0xF38B, 0xF3FA, 0xF48A,
  0xF537, 0xF606, 0xF6E8, 0xF7EC,  0xF8FC, 0xFA28, 0xFB5F, 0xFCA0,
  0xFDF2, 0xFF3E, 0x0099, 0x01E8,  0x0336, 0x047E, 0x05B2, 0x06E0,
  0x07F3, 0x08F7, 0x09DD, 0x0AB0,  0x0B5C, 0x0BF3, 0x0C62, 0x0CB9,
  0x0CDE, 0x0CF5, 0x0CD3, 0x0CA5,  0x0C3E, 0x0BC9, 0x0B28, 0x0A71,
  0x0996, 0x08A8, 0x079F, 0x0684,  0x0552, 0x041B, 0x02CD, 0x0185,
  0x002D, 0xFEDB, 0xFD8C, 0xFC3F,  0xFB04, 0xF9CE, 0xF8B0, 0xF7A0,
  0xF6AC, 0xF5CB, 0xF50C, 0xF466,  0xF3E3, 0xF37B, 0xF33D, 0xF319,
  0xF321, 0xF340, 0xF38D, 0xF3F5,  0xF480, 0xF527, 0xF5EF, 0xF6D1,
  0xF7C9, 0xF8DC, 0xF9FE, 0xFB33,  0xFC73, 0xFDBD, 0xFF0D, 0x0063,
  0x01B1, 0x0300, 0x0445, 0x057B,  0x06AC, 0x07BF, 0x08C6, 0x09AF,
  0x0A82, 0x0B38, 0x0BCC, 0x0C49,  0x0C97, 0x0CD2, 0x0CDE, 0x0CCF,
  0x0C9C, 0x0C44, 0x0BCB, 0x0B3A,  0x0A7E, 0x09B1, 0x08C3, 0x07C0,
  0x06A9, 0x057E, 0x0444, 0x0302,  0x01B2, 0x0066, 0xFF0E, 0xFDC5,
  0xFC75, 0xFB3C, 0xFA03, 0xF8E5,  0xF7D2, 0xF6DD, 0xF5F7, 0xF538,
  0xF488, 0xF407, 0xF399, 0xF351,  0xF330, 0xF328, 0xF34D, 0xF38C,
  0xF3F2, 0xF476, 0xF519, 0xF5D9,  0xF6B8, 0xF7AC, 0xF8B9, 0xF9D6,
  0xFB09, 0xFC44, 0xFD8D, 0xFEDB,  0x002A, 0x017E, 0x02C7, 0x040F,
  0x0546, 0x0674, 0x078C, 0x0895,  0x097F, 0x0A59, 0x0B0D, 0x0BAC,
  0x0C24, 0x0C82, 0x0CBA, 0x0CCE,  0x0CC5, 0x0C96, 0x0C45, 0x0BD3,
  0x0B41, 0x0A93, 0x09C7, 0x08DD,  0x07E2, 0x06CB, 0x05A7, 0x0472,
  0x032F, 0x01E6, 0x0097, 0xFF47,  0xFDF7, 0xFCB1, 0xFB6D, 0xFA3E,
  0xF916, 0xF808, 0xF70A, 0xF628,  0xF55F, 0xF4B0, 0xF429, 0xF3B4,
  0xF36E, 0xF33E, 0xF33B, 0xF352,  0xF390, 0xF3EF, 0xF46D, 0xF50C,
  0xF5C6, 0xF6A0, 0xF78D, 0xF898,  0xF9AF, 0xFADF, 0xFC18, 0xFD5C,
  0xFEA7, 0xFFF9, 0x0143, 0x0295,  0x03D5, 0x0512, 0x063C, 0x075C,
  0x085F, 0x0953, 0x0A2B, 0x0AE6,  0x0B87, 0x0C04, 0x0C66, 0x0CA4,
  0x0CBE, 0x0CB8, 0x0C8F, 0x0C46,  0x0BD8, 0x0B4C, 0x0AA3, 0x09DB,
  0x08FA, 0x07FF, 0x06F1, 0x05CF,  0x049B, 0x035F, 0x0218, 0x00C9,
  0xFF7D, 0xFE2E, 0xFCE5, 0xFBA7,  0xFA70, 0xF950, 0xF835, 0xF740,
  0xF652, 0xF58A, 0xF4DB, 0xF445,  0xF3DA, 0xF37F, 0xF358, 0xF347,
  0xF35D, 0xF395, 0xF3E9, 0xF469,  0xF4FE, 0xF5B3, 0xF689, 0xF771,
  0xF877, 0xF989, 0xFAB7, 0xFBE8,  0xFD31, 0xFE71, 0xFFC6, 0x010E,
  0x025F, 0x039D, 0x04DE, 0x0604,  0x0729, 0x082E, 0x0923, 0x09FE,
  0x0ABE, 0x0B61, 0x0BE4, 0x0C4B,  0x0C8A, 0x0CB0, 0x0CA9, 0x0C89,
  0x0C45, 0x0BDB, 0x0B56, 0x0AB2,  0x09F0, 0x0914, 0x081D, 0x0713,
  0x05F6, 0x04C7, 0x038C, 0x0248,  0x00FD, 0xFFB2, 0xFE62, 0xFD1D,
  0xFBDD, 0xFAA6, 0xF984, 0xF869,  0xF76F, 0xF682, 0xF5B6, 0xF4FF,
  0xF46A, 0xF3F7, 0xF39B, 0xF36C,  0xF356, 0xF367, 0xF39A, 0xF3E8,
  0xF464, 0xF4EF, 0xF5A5, 0xF66F,  0xF757, 0xF857, 0xF965, 0xFA8D,
  0xFBBF, 0xFCFC, 0xFE47, 0xFF8C,  0x00DF, 0x0223, 0x036B, 0x04A5,
  0x05D2, 0x06F2, 0x07FD, 0x08F4,  0x09D0, 0x0A96, 0x0B3B, 0x0BC3,
  0x0C2E, 0x0C71, 0x0C9F, 0x0C9A,  0x0C83, 0x0C40, 0x0BE0, 0x0B5F,
  0x0AC0, 0x0A03, 0x092C, 0x083B,  0x0734, 0x061D, 0x04F0, 0x03BB,
  0x0276, 0x0130, 0xFFE5, 0xFE98,  0xFD55, 0xFC10, 0xFADD, 0xF9B8,
  0xF89D, 0xF7A0, 0xF6B0, 0xF5E0,  0xF527, 0xF490, 0xF412, 0xF3BC,
  0xF37B, 0xF36B, 0xF370, 0xF3A1,  0xF3E8, 0xF45C, 0xF4E7, 0xF593,
  0xF65B, 0xF73B, 0xF838, 0xF942,  0xFA65, 0xFB94, 0xFCCF, 0xFE13,
  0xFF5E, 0x00A4, 0x01F4, 0x0330,  0x0470, 0x059D, 0x06BC, 0x07CD,
  0x08C3, 0x09A5, 0x0A6C, 0x0B1A,  0x0BA3, 0x0C16, 0x0C5E, 0x0C91,
  0x0C95, 0x0C82, 0x0C46, 0x0BEF,  0x0B71, 0x0ADA, 0x0A23, 0x0952,
  0x0865, 0x0766, 0x064E, 0x052A,  0x03F4, 0x02B4, 0x0170, 0x0021,
  0xFEDC, 0xFD8F, 0xFC51, 0xFB18,  0xF9EF, 0xF8D2, 0xF7D0, 0xF6D9,
  0xF609, 0xF545, 0xF4A7, 0xF425,  0xF3C4, 0xF383, 0xF35F, 0xF36A,
  0xF387, 0xF3D2, 0xF436, 0xF4BE,  0xF563, 0xF625, 0xF700, 0xF7F6,
  0xF900, 0xFA1D, 0xFB49, 0xFC85,  0xFDC6, 0xFF10, 0x005E, 0x01A5,
  0x02EE, 0x042D, 0x055E, 0x0688,  0x0794, 0x089C, 0x097D, 0x0A4E,
  0x0B03, 0x0B93, 0x0C0F, 0x0C5F,  0x0C98, 0x0CA7, 0x0C99, 0x0C64,
  0x0C18, 0x0B9B, 0x0B11, 0x0A59,  0x0991, 0x08A9, 0x07A8, 0x069C,
  0x0571, 0x0444, 0x02FF, 0x01BD,  0x0070, 0xFF23, 0xFDD9, 0xFC94,
  0xFB58, 0xFA2B, 0xF90A, 0xF7FD,  0xF706, 0xF628, 0xF564, 0xF4B9,
  0xF434, 0xF3C5, 0xF380, 0xF357,  0xF351, 0xF372, 0xF3AC, 0xF40E,
  0xF48E, 0xF52F, 0xF5E9, 0xF6C1,  0xF7B1, 0xF8B9, 0xF9D4, 0xFAFC,
  0xFC38, 0xFD79, 0xFEC3, 0x0013,  0x015B, 0x02A9, 0x03E8, 0x0522,
  0x064C, 0x0764, 0x086A, 0x0959,  0x0A2D, 0x0AE9, 0x0B86, 0x0C01,
  0x0C62, 0x0C9B, 0x0CB8, 0x0CAD,  0x0C85, 0x0C38, 0x0BCD, 0x0B3C,
  0x0A95, 0x09CC, 0x08EB, 0x07F0,  0x06E0, 0x05BF, 0x048D, 0x0351,
  0x0207, 0x00BD, 0xFF6E, 0xFE20,  0xFCDB, 0xFB99, 0xFA65, 0xF943,
  0xF82E, 0xF732, 0xF64B, 0xF582,  0xF4CE, 0xF441, 0xF3CC, 0xF37F,
  0xF34B, 0xF342, 0xF356, 0xF38D,  0xF3E7, 0xF45F, 0xF4F9, 0xF5B1,
  0xF681, 0xF770, 0xF871, 0xF988,  0xFAB4, 0xFBE9, 0xFD2E, 0xFE75,
  0xFFC5, 0x0114, 0x0260, 0x03A7,  0x04E1, 0x0612, 0x072E, 0x083D,
  0x092E, 0x0A0F, 0x0ACC, 0x0B75,  0x0BF6, 0x0C5E, 0x0CA1, 0x0CC4,
  0x0CC5, 0x0C9D, 0x0C5F, 0x0BF3,  0x0B73, 0x0AC6, 0x0A0B, 0x092B,
  0x0833, 0x072B, 0x0606, 0x04DD,  0x039A, 0x0258, 0x0107, 0xFFBA,
  0xFE69, 0xFD20, 0xFBDA, 0xFAA4,  0xF97A, 0xF860, 0xF75F, 0xF673,
  0xF59E, 0xF4EE, 0xF44D, 0xF3DC,  0xF381, 0xF34A, 0xF33A, 0xF344,
  0xF379, 0xF3CB, 0xF43B, 0xF4D7,  0xF57F, 0xF655, 0xF738, 0xF83C,
  0xF94C, 0xFA78, 0xFBA8, 0xFCEF,  0xFE35, 0xFF84, 0x00D5, 0x0221,
  0x0369, 0x04A7, 0x05D9, 0x06F9,  0x080D, 0x08FF, 0x09E7, 0x0AA6,
  0x0B56, 0x0BDD, 0x0C48, 0x0C91,  0x0CBA, 0x0CBF, 0x0CA1, 0x0C61,
  0x0C02, 0x0B7F, 0x0AE1, 0x0A20,  0x094D, 0x0855, 0x0750, 0x0634,
  0x0504, 0x03CF, 0x0287, 0x013C,  0xFFEF, 0xFE9E, 0xFD57, 0xFC11,
  0xFADA, 0xF9AE, 0xF896, 0xF78F,  0xF6A1, 0xF5CC, 0xF512, 0xF476,
  0xF3F8, 0xF39E, 0xF360, 0xF349,  0xF350, 0xF380, 0xF3C7, 0xF43D,
  0xF4C2, 0xF579, 0xF637, 0xF722,  0xF819, 0xF92C, 0xFA4D, 0xFB7F,
  0xFCBF, 0xFE02, 0xFF54, 0x009D,  0x01EC, 0x0333, 0x046E, 0x05A7,
  0x06C3, 0x07D8, 0x08D3, 0x09B4,  0x0A82, 0x0B2B, 0x0BBC, 0x0C2C,
  0x0C76, 0x0CA8, 0x0CB0, 0x0C98,  0x0C5E, 0x0C04, 0x0B88, 0x0AED,
  0x0A34, 0x0963, 0x0872, 0x0773,  0x0657, 0x0530, 0x03FA, 0x02B6,
  0x0170, 0x0022, 0xFED4, 0xFD8E,  0xFC45, 0xFB13, 0xF9E1, 0xF8CA,
  0xF7C2, 0xF6CE, 0xF5FB, 0xF538,  0xF49C, 0xF417, 0xF3B9, 0xF379,
  0xF358, 0xF35E, 0xF384, 0xF3CC,  0xF434, 0xF4BD, 0xF564, 0xF627,
  0xF705, 0xF7FC, 0xF908, 0xFA27,  0xFB54, 0xFC8F, 0xFDD5, 0xFF1C,
  0x006D, 0x01B4, 0x02FC, 0x043C,  0x056B, 0x0694, 0x07A2, 0x08A4,
  0x0986, 0x0A58, 0x0B02, 0x0B9D,  0x0C0A, 0x0C5E, 0x0C94, 0x0C9E,
  0x0C93, 0x0C54, 0x0C09, 0x0B8D,  0x0AFB, 0x0A45, 0x0978, 0x0891,
  0x0791, 0x067D, 0x0558, 0x0426,  0x02E7, 0x019F, 0x0056, 0xFF0A,
  0xFDC2, 0xFC7E, 0xFB45, 0xFA19,  0xF8FD, 0xF7F4, 0xF6FD, 0xF625,
  0xF564, 0xF4BF, 0xF43B, 0xF3D2,  0xF392, 0xF369, 0xF36D, 0xF389,
  0xF3D0, 0xF42F, 0xF4B4, 0xF555,  0xF614, 0xF6ED, 0xF7DD, 0xF8E6,
  0xFA00, 0xFB2B, 0xFC61, 0xFDA7,  0xFEE8, 0x0038, 0x0181, 0x02C4,
  0x0407, 0x0535, 0x0660, 0x076F,  0x0873, 0x0959, 0x0A2B, 0x0ADD,
  0x0B77, 0x0BED, 0x0C45, 0x0C7C,  0x0C91, 0x0C84, 0x0C55, 0x0C05,
  0x0B95, 0x0B04, 0x0A58, 0x098E,  0x08AA, 0x07B3, 0x069E, 0x0582,
  0x0451, 0x0313, 0x01D4, 0x0086,  0xFF40, 0xFDF6, 0xFCB6, 0xFB7A,
  0xFA4E, 0xF930, 0xF826, 0xF72E,  0xF652, 0xF58B, 0xF4E8, 0xF458,
  0xF3F4, 0xF3A6, 0xF37F, 0xF379,  0xF391, 0xF3D5, 0xF42B, 0xF4AD,
  0xF545, 0xF603, 0xF6D3, 0xF7C3,  0xF8C3, 0xF9DB, 0xFB01, 0xFC36,
  0xFD75, 0xFEBA, 0x0002, 0x014B,  0x0291, 0x03CE, 0x0504, 0x0627,
  0x073F, 0x0840, 0x092C, 0x0A00,  0x0AB4, 0x0B54, 0x0BCD, 0x0C2B,
  0x0C65, 0x0C80, 0x0C79, 0x0C4F,  0x0C04, 0x0B99, 0x0B12, 0x0A64,
  0x09A5, 0x08C4, 0x07CF, 0x06C5,  0x05A7, 0x047A, 0x0344, 0x0200,
  0x00BC, 0xFF74, 0xFE29, 0xFCEE,  0xFBAC, 0xFA88, 0xF960, 0xF85A,
  0xF75D, 0xF67F, 0xF5B5, 0xF50F,  0xF479, 0xF412, 0xF3BF, 0xF393,
  0xF388, 0xF39B, 0xF3D5, 0xF42D,  0xF4A4, 0xF53A, 0xF5F0, 0xF6BC,
  0xF7A7, 0xF8A2, 0xF9B8, 0xFAD8,  0xFC0A, 0xFD46, 0xFE88, 0xFFD0,
  0x0117, 0x025B, 0x0399, 0x04CD,  0x05F4, 0x070C, 0x080E, 0x08FF,
  0x09D2, 0x0A8E, 0x0B2F, 0x0BAC,  0x0C11, 0x0C4D, 0x0C6F, 0x0C6C,
  0x0C4A, 0x0BFF, 0x0BA1, 0x0B17,  0x0A77, 0x09B6, 0x08DE, 0x07EC,
  0x06E8, 0x05CC, 0x04A6, 0x036F,  0x0231, 0x00EE, 0xFFA6, 0xFE60,
  0xFD22, 0xFBE3, 0xFABB, 0xF995,  0xF88C, 0xF78D, 0xF6AB, 0xF5E2,
  0xF531, 0xF4A1, 0xF42C, 0xF3D9,  0xF3AA, 0xF394, 0xF3A9, 0xF3D6,
  0xF42F, 0xF49B, 0xF532, 0xF5DB,  0xF6AB, 0xF786, 0xF888, 0xF990,
  0xFAB4, 0xFBDD, 0xFD18, 0xFE58,  0xFF9D, 0x00E4, 0x0224, 0x0365,
  0x0498, 0x05BF, 0x06DA, 0x07DC,  0x08CF, 0x09A9, 0x0A64, 0x0B09,
  0x0B8C, 0x0BF5, 0x0C35, 0x0C5E,  0x0C5D, 0x0C41, 0x0C01, 0x0B9F,
  0x0B23, 0x0A84, 0x09C9, 0x08F5,  0x080C, 0x0705, 0x05F5, 0x04CC,
  0x039E, 0x025E, 0x0121, 0xFFD7,  0xFE98, 0xFD53, 0xFC1C, 0xFAED,
  0xF9CA, 0xF8BE, 0xF7BD, 0xF6DB,  0xF609, 0xF55B, 0xF4C1, 0xF44D,
  0xF3F3, 0xF3BF, 0xF3A5, 0xF3B3,  0xF3DB, 0xF42F, 0xF497, 0xF526,
  0xF5CC, 0xF694, 0xF76F, 0xF867,  0xF96E, 0xFA8C, 0xFBB4, 0xFCEA,
  0xFE29, 0xFF6A, 0x00AF, 0x01F2,  0x032E, 0x0463, 0x058D, 0x06A3,
  0x07AE, 0x089E, 0x097C, 0x0A3D,  0x0AE2, 0x0B6B, 0x0BD8, 0x0C1E,
  0x0C48, 0x0C53, 0x0C34, 0x0C02,  0x0B9E, 0x0B2C, 0x0A90, 0x09DC,
  0x090C, 0x0827, 0x0727, 0x0619,  0x04F3, 0x03CA, 0x028D, 0x0151,
  0x000A, 0xFECB, 0xFD88, 0xFC52,  0xFB21, 0xF9FE, 0xF8EE, 0xF7F0,
  0xF707, 0xF635, 0xF583, 0xF4E3,  0xF46F, 0xF40B, 0xF3D7, 0xF3B4,
  0xF3C2, 0xF3E1, 0xF42E, 0xF496,  0xF517, 0xF5C3, 0xF67B, 0xF75A,
  0xF845, 0xF950, 0xFA63, 0xFB8B,  0xFCC0, 0xFDF4, 0xFF3F, 0x0077,
  0x01C0, 0x02FA, 0x042C, 0x055A,  0x0670, 0x077D, 0x086E, 0x0951,
  0x0A11, 0x0ABE, 0x0B49, 0x0BB9,  0x0C06, 0x0C35, 0x0C41, 0x0C2E,
  0x0BFB, 0x0BA2, 0x0B30, 0x0A9C,  0x09EF, 0x0921, 0x0844, 0x0743,
  0x063F, 0x051A, 0x03F5, 0x02BB,  0x0180, 0x003E, 0xFEFD, 0xFDBF,
  0xFC83, 0xFB58, 0xFA30, 0xF924,  0xF81D, 0xF738, 0xF65E, 0xF5AA,
  0xF50B, 0xF48C, 0xF42A, 0xF3E9,  0xF3CB, 0xF3C9, 0xF3ED, 0xF42E,
  0xF492, 0xF512, 0xF5AF, 0xF66C,  0xF740, 0xF82A, 0xF92E, 0xFA3D,
  0xFB64, 0xFC91, 0xFDC9, 0xFF0A,  0x0048, 0x018A, 0x02C5, 0x03F9,
  0x0524, 0x063F, 0x074A, 0x083F,  0x0924, 0x09E7, 0x0A9A, 0x0B24,
  0x0B9C, 0x0BED, 0x0C20, 0x0C31,  0x0C24, 0x0BF5, 0x0BA2, 0x0B37,
  0x0AA6, 0x09FE, 0x093A, 0x0856,  0x076B, 0x065A, 0x0546, 0x041D,
  0x02E7, 0x01B2, 0x006E, 0xFF31,  0xFDF2, 0xFCB8, 0xFB8C, 0xFA65,
  0xF955, 0xF84E, 0xF765, 0xF68C,  0xF5D0, 0xF532, 0xF4AA, 0xF448,
  0xF400, 0xF3DE, 0xF3D7, 0xF3F5,  0xF430, 0xF490, 0xF50A, 0xF5A3,
  0xF659, 0xF727, 0xF810, 0xF90C,  0xFA1A, 0xFB3D, 0xFC63, 0xFD9E,
  0xFED6, 0x0018, 0x0157, 0x028F,  0x03C7, 0x04EE, 0x060C, 0x0719,
  0x0811, 0x08F2, 0x09C3, 0x0A6C,  0x0B08, 0x0B78, 0x0BD5, 0x0C0A,
  0x0C20, 0x0C1A, 0x0BED, 0x0BA5,  0x0B38, 0x0AB3, 0x0A0C, 0x094D,
  0x0874, 0x0782, 0x0683, 0x0566,  0x0449, 0x0314, 0x01E0, 0x009F,
  0xFF64, 0xFE24, 0xFCF0, 0xFBBD,  0xFA9C, 0xF982, 0xF884, 0xF78F,
  0xF6BD, 0xF5F6, 0xF556, 0xF4CE,  0xF462, 0xF41B, 0xF3EE, 0xF3E9,
  0xF3FB, 0xF436, 0xF48D, 0xF503,  0xF599, 0xF645, 0xF713, 0xF7F5,
  0xF8EB, 0xF9F8, 0xFB14, 0xFC3A,  0xFD71, 0xFEA5, 0xFFE7, 0x0122,
  0x025E, 0x0392, 0x04BA, 0x05D9,  0x06E7, 0x07E0, 0x08C8, 0x0994,
  0x0A4A, 0x0AE0, 0x0B5B, 0x0BB9,  0x0BF3, 0x0C12, 0x0C0A, 0x0BE8,
  0x0BA3, 0x0B3B, 0x0ABD, 0x0A1A,  0x0961, 0x088A, 0x07A2, 0x06A0,
  0x0590, 0x046D, 0x0342, 0x020E,  0x00D0, 0xFF96, 0xFE57, 0xFD24,
  0xFBF0, 0xFAD1, 0xF9B5, 0xF8B2,  0xF7C1, 0xF6E5, 0xF623, 0xF57A,
  0xF4EF, 0xF482, 0xF431, 0xF406,  0xF3F4, 0xF407, 0xF43B, 0xF48B,
  0xF4FF, 0xF58B, 0xF636, 0xF6FD,  0xF7DB, 0xF8CD, 0xF9D5, 0xFAEC,
  0xFC14, 0xFD3E, 0xFE7D, 0xFFB0,  0x00F4, 0x0227, 0x0360, 0x0485,
  0x05A8, 0x06B2, 0x07B5, 0x0896,  0x096C, 0x0A20, 0x0ABE, 0x0B3B,
  0x0B9C, 0x0BDE, 0x0BFE, 0x0BFE,  0x0BE1, 0x0B9E, 0x0B43, 0x0ABF,
  0x0A2C, 0x0970, 0x08A5, 0x07BB,  0x06C1, 0x05B5, 0x0493, 0x0371,
  0x0236, 0x0104, 0xFFC6, 0xFE8B,  0xFD57, 0xFC24, 0xFB04, 0xF9E7,
  0xF8E5, 0xF7EE, 0xF712, 0xF64D,  0xF59E, 0xF514, 0xF49E, 0xF44C,
  0xF419, 0xF403, 0xF417, 0xF43C,  0xF48E, 0xF4F7, 0xF582, 0xF628,
  0xF6E8, 0xF7C1, 0xF8B1, 0xF9B1,  0xFAC8, 0xFBE8, 0xFD17, 0xFE48,
  0xFF86, 0x00BC, 0x01F8, 0x0329,  0x0454, 0x0573, 0x0683, 0x0781,
  0x086D, 0x093B, 0x09FF, 0x0A93,  0x0B1F, 0x0B7D, 0x0BC8, 0x0BEA,
  0x0BF3, 0x0BD4, 0x0B9F, 0x0B41,  0x0ACA, 0x0A35, 0x0984, 0x08BB,
  0x07D5, 0x06E3, 0x05D5, 0x04BD,  0x0399, 0x0265, 0x0134, 0xFFF5,
  0xFEC0, 0xFD88, 0xFC5A, 0xFB34,  0xFA1E, 0xF911, 0xF821, 0xF73C,
  0xF679, 0xF5C4, 0xF536, 0xF4BD,  0xF467, 0xF42E, 0xF416, 0xF41F,
  0xF445, 0xF48E, 0xF4F2, 0xF57B,  0xF618, 0xF6D4, 0xF7AA, 0xF892,
  0xF993, 0xFAA0, 0xFBC3, 0xFCE7,  0xFE20, 0xFF50, 0x008F, 0x01C2,
  0x02F7, 0x0421, 0x053F, 0x0652,  0x0753, 0x083A, 0x0917, 0x09CD,
  0x0A76, 0x0AFA, 0x0B62, 0x0BAE,  0x0BD9, 0x0BE2, 0x0BCD, 0x0B98,
  0x0B45, 0x0ACD, 0x0A45, 0x0990,  0x08D2, 0x07F1, 0x06FD, 0x05FC,
  0x04E1, 0x03C2, 0x0294, 0x015F,  0x002A, 0xFEEE, 0xFDBF, 0xFC89,
  0xFB6C, 0xFA4A, 0xF949, 0xF84A,  0xF76E, 0xF69F, 0xF5ED, 0xF558,
  0xF4DD, 0xF482, 0xF444, 0xF427,  0xF42C, 0xF44C, 0xF490, 0xF4F0,
  0xF572, 0xF609, 0xF6C5, 0xF78D,  0xF87C, 0xF96F, 0xFA7E, 0xFB9A,
  0xFCBF, 0xFDED, 0xFF27, 0x0057,  0x0196, 0x02BF, 0x03F1, 0x050B,
  0x0620, 0x0723, 0x080D, 0x08E8,  0x09A8, 0x0A4E, 0x0ADA, 0x0B45,
  0x0B92, 0x0BC7, 0x0BD0, 0x0BC6,  0x0B91, 0x0B44, 0x0AD6, 0x0A4A,
  0x09A5, 0x08E4, 0x080B, 0x071A,  0x061E, 0x0506, 0x03ED, 0x02BD,
  0x018F, 0x0059, 0xFF21, 0xFDF0,  0xFCBF, 0xFB9A, 0xFA82, 0xF976,
  0xF87C, 0xF798, 0xF6CC, 0xF613,  0xF57E, 0xF4FA, 0xF49F, 0xF45B,
  0xF439, 0xF439, 0xF455, 0xF492,  0xF4EE, 0xF56A, 0xF5FD, 0xF6B2,
  0xF779, 0xF85E, 0xF952, 0xFA5B,  0xFB71, 0xFC95, 0xFDC4, 0xFEF2,
  0x002D, 0x015E, 0x0290, 0x03BD,  0x04D8, 0x05EF, 0x06F1, 0x07E1,
  0x08BB, 0x0980, 0x0A27, 0x0AB8,  0x0B27, 0x0B7A, 0x0BB0, 0x0BC3,
  0x0BB7, 0x0B8D, 0x0B44, 0x0ADA,  0x0A54, 0x09B2, 0x08F9, 0x0822,
  0x073A, 0x063C, 0x052D, 0x0413,  0x02E9, 0x01BE, 0x0086, 0xFF55,
  0xFE20, 0xFCF3, 0xFBCE, 0xFAB0,  0xF9AB, 0xF8A8, 0xF7C9, 0xF6F4,
  0xF63D, 0xF59F, 0xF51D, 0xF4BA,  0xF472, 0xF44F, 0xF443, 0xF461,
  0xF495, 0xF4EC, 0xF564, 0xF5F1,  0xF6A3, 0xF761, 0xF845, 0xF934,
  0xFA36, 0xFB4E, 0xFC6B, 0xFD96,  0xFEC8, 0xFFF7, 0x0130, 0x025D,
  0x0388, 0x04AA, 0x05B9, 0x06C4,  0x07B0, 0x0891, 0x0954, 0x0A03,
  0x0A94, 0x0B0A, 0x0B5D, 0x0B9D,  0x0BAF, 0x0BB0, 0x0B81, 0x0B45,
  0x0ADC, 0x0A5F, 0x09BF, 0x090A,  0x083C, 0x0754, 0x065C, 0x0553,
  0x0436, 0x0319, 0x01E6, 0x00B9,  0xFF85, 0xFE51, 0xFD26, 0xFBFF,
  0xFAE6, 0xF9D7, 0xF8DE, 0xF7F0,  0xF723, 0xF663, 0xF5C5, 0xF53C,
  0xF4D9, 0xF48A, 0xF461, 0xF454,  0xF468, 0xF49B, 0xF4ED, 0xF55B,
  0xF5EA, 0xF68F, 0xF750, 0xF82A,  0xF916, 0xFA16, 0xFB27, 0xFC42,
  0xFD6E, 0xFE94, 0xFFCD, 0x00FB,  0x022D, 0x0355, 0x0477, 0x0588,
  0x0693, 0x0782, 0x0864, 0x092C,  0x09DA, 0x0A73, 0x0AE8, 0x0B47,
  0x0B81, 0x0BA3, 0x0B9E, 0x0B7D,  0x0B41, 0x0ADE, 0x0A68, 0x09CA,
  0x091F, 0x084F, 0x0772, 0x0679,  0x0576, 0x045F, 0x0340, 0x0215,
  0x00E6, 0xFFB4, 0xFE85, 0xFD56,  0xFC34, 0xFB15, 0xFA0B, 0xF90A,
  0xF821, 0xF74C, 0xF68C, 0xF5EB,  0xF55D, 0xF4F6, 0xF4A2, 0xF478,
  0xF460, 0xF477, 0xF49E, 0xF4EE,  0xF555, 0xF5E1, 0xF680, 0xF73D,
  0xF811, 0xF8F8, 0xF9F8, 0xFAFF,  0xFC1E, 0xFD3F, 0xFE6B, 0xFF9C,
  0x00C9, 0x01FD, 0x0321, 0x0447,  0x0557, 0x0660, 0x0754, 0x0839,
  0x08FF, 0x09B7, 0x0A4B, 0x0ACC,  0x0B2A, 0x0B6A, 0x0B90, 0x0B90,
  0x0B77, 0x0B3A, 0x0AE5, 0x0A6A,  0x09DB, 0x092A, 0x086A, 0x0788,
  0x069B, 0x0596, 0x0486, 0x0369,  0x0240, 0x0114, 0xFFE4, 0xFEB6,
  0xFD89, 0xFC64, 0xFB48, 0xFA3A,  0xF93C, 0xF84E, 0xF777, 0xF6B6,
  0xF60F, 0xF580, 0xF513, 0xF4BD,  0xF48D, 0xF470, 0xF481, 0xF4A6,
  0xF4EF, 0xF553, 0xF5D5, 0xF673,  0xF72B, 0xF7F7, 0xF8E0, 0xF9D5,
  0xFADE, 0xFBF4, 0xFD16, 0xFE3E,  0xFF6D, 0x009C, 0x01C6, 0x02F5,
  0x0410, 0x0529, 0x062E, 0x0726,  0x080B, 0x08D6, 0x098F, 0x0A27,
  0x0AAC, 0x0B0D, 0x0B54, 0x0B7A,  0x0B86, 0x0B6A, 0x0B38, 0x0AE3,
  0x0A72, 0x09E5, 0x093C, 0x087B,  0x07A5, 0x06B5, 0x05BB, 0x04A9,
  0x0391, 0x026B, 0x0143, 0x0012,  0xFEE8, 0xFDB9, 0xFC97, 0xFB79,
  0xFA6C, 0xF96B, 0xF87C, 0xF7A3,  0xF6DD, 0xF637, 0xF5A2, 0xF532,
  0xF4D6, 0xF4A2, 0xF483, 0xF48D,  0xF4AC, 0xF4F2, 0xF54F, 0xF5CD,
  0xF667, 0xF718, 0xF7E2, 0xF8C3,  0xF9B6, 0xFABC, 0xFBCD, 0xFCEE,
  0xFE11, 0xFF3E, 0x006C, 0x0198,  0x02C0, 0x03E1, 0x04F5, 0x05FF,
  0x06F8, 0x07DD, 0x08AC, 0x0967,  0x0A03, 0x0A8B, 0x0AF2, 0x0B38,
  0x0B69, 0x0B76, 0x0B60, 0x0B35,  0x0ADF, 0x0A7B, 0x09EC, 0x094E,
  0x088D, 0x07BD, 0x06D5, 0x05D7,  0x04D2, 0x03B5, 0x0299, 0x016C,
  0x0046, 0xFF12, 0xFDF1, 0xFCC2,  0xFBB0, 0xFA99, 0xF99C, 0xF8AB,
  0xF7CD, 0xF709, 0xF65A, 0xF5C9,  0xF54B, 0xF4F7, 0xF4B5, 0xF497,
  0xF498, 0xF4B4, 0xF4F6, 0xF54D,  0xF5C6, 0xF65A, 0xF707, 0xF7CC,
  0xF8AB, 0xF994, 0xFA9E, 0xFBA5,  0xFCC4, 0xFDE8, 0xFF0F, 0x003D,
  0x0169, 0x028B, 0x03B3, 0x04C1,  0x05D3, 0x06C5, 0x07B1, 0x0883,
  0x093B, 0x09E4, 0x0A64, 0x0AD8,  0x0B1F, 0x0B53, 0x0B67, 0x0B54,
  0x0B30, 0x0ADF, 0x0A7D, 0x09F8,  0x0959, 0x08A3, 0x07D3, 0x06F0,
  0x05F9, 0x04F4, 0x03DC, 0x02C5,  0x0194, 0x0078, 0xFF40, 0xFE20,
  0xFCF8, 0xFBDE, 0xFACA, 0xF9CE,  0xF8D5, 0xF7FD, 0xF730, 0xF683,
  0xF5EA, 0xF56E, 0xF50E, 0xF4CF,  0xF4AA, 0xF4A4, 0xF4C0, 0xF4F6,
  0xF54E, 0xF5BF, 0xF64E, 0xF6F8,  0xF7B8, 0xF88F, 0xF97A, 0xFA79,
  0xFB81, 0xFC9F, 0xFDB9, 0xFEE5,  0x000D, 0x0136, 0x0260, 0x037C,
  0x0494, 0x059F, 0x0698, 0x0783,  0x0858, 0x0914, 0x09BC, 0x0A45,
  0x0AB7, 0x0B08, 0x0B3E, 0x0B53,  0x0B4D, 0x0B25, 0x0ADF, 0x0A82,
  0x09FD, 0x0969, 0x08B3, 0x07EA,  0x070D, 0x0615, 0x0518, 0x0404,
  0x02EA, 0x01C6, 0x009F, 0xFF74,  0xFE50, 0xFD26, 0xFC12, 0xFAF9,
  0xF9FD, 0xF907, 0xF825, 0xF75C,  0xF6A9, 0xF60C, 0xF592, 0xF527,
  0xF4E8, 0xF4BD, 0xF4B2, 0xF4CB,  0xF4F9, 0xF550, 0xF5B8, 0xF644,
  0xF6EB, 0xF7A0, 0xF87B, 0xF959,  0xFA5C, 0xFB5C, 0xFC76, 0xFD91,
  0xFEB8, 0xFFDD, 0x010A, 0x022B,  0x034E, 0x0463, 0x056E, 0x066B,
  0x0753, 0x082F, 0x08EB, 0x0996,  0x0A24, 0x0A97, 0x0AEF, 0x0B27,
  0x0B43, 0x0B3E, 0x0B20, 0x0ADC,  0x0A81, 0x0A0A, 0x0970, 0x08C7,
  0x0800, 0x0725, 0x0636, 0x0538,  0x042A, 0x0311, 0x01F4, 0x00C9,
  0xFFA6, 0xFE7D, 0xFD5A, 0xFC40,  0xFB2C, 0xFA2B, 0xF934, 0xF856,
  0xF782, 0xF6D3, 0xF62E, 0xF5B4,  0xF543, 0xF501, 0xF4D0, 0xF4C3,
  0xF4D3, 0xF501, 0xF54E, 0xF5B6,  0xF63A, 0xF6D9, 0xF793, 0xF85E,
  0xF942, 0xFA38, 0xFB3C, 0xFC4C,  0xFD6A, 0xFE8A, 0xFFB1, 0x00DA,
  0x01FA, 0x031E, 0x0431, 0x0540,  0x063A, 0x0728, 0x0800, 0x08C5,
  0x096F, 0x0A01, 0x0A78, 0x0AD5,  0x0B11, 0x0B2F, 0x0B33, 0x0B16,
  0x0AD8, 0x0A86, 0x0A0B, 0x0982,  0x08D4, 0x0813, 0x0741, 0x0653,
  0x0559, 0x044F, 0x0339, 0x021D,  0x00F8, 0xFFD4, 0xFEAA, 0xFD8E,
  0xFC6E, 0xFB5E, 0xFA5B, 0xF960,  0xF884, 0xF7AD, 0xF6F8, 0xF658,
  0xF5CD, 0xF568, 0xF514, 0xF4E7,  0xF4D5, 0xF4DA, 0xF50C, 0xF54B,
  0xF5B6, 0xF62F, 0xF6CD, 0xF780,  0xF847, 0xF929, 0xFA17, 0xFB1A,
  0xFC27, 0xFD41, 0xFE5D, 0xFF87,  0x00A6, 0x01D0, 0x02E9, 0x0404,
  0x050D, 0x060D, 0x06F9, 0x07D6,  0x089A, 0x094B, 0x09DC, 0x0A5B,
  0x0AB6, 0x0AFD, 0x0B1A, 0x0B27,  0x0B0A, 0x0AD8, 0x0A82, 0x0A14,
  0x098A, 0x08E5, 0x0827, 0x075A,  0x066D, 0x057B, 0x0473, 0x0360,
  0x0247, 0x0124, 0x0000, 0xFEDD,  0xFDBB, 0xFC9F, 0xFB90, 0xFA87,
  0xF993, 0xF8AD, 0xF7D9, 0xF720,  0xF67A, 0xF5F5, 0xF57F, 0xF533,
  0xF4FA, 0xF4E3, 0xF4ED, 0xF50B,  0xF554, 0xF5AE, 0xF62B, 0xF6BF,
  0xF76E, 0xF833, 0xF90D, 0xF9FB,  0xFAF7, 0xFC02, 0xFD18, 0xFE34,
  0xFF59, 0x0079, 0x019F, 0x02B9,  0x03D5, 0x04DA, 0x05E1, 0x06CB,
  0x07A9, 0x0873, 0x0920, 0x09BD,  0x0A37, 0x0AA0, 0x0ADE, 0x0B0D,
  0x0B14, 0x0B01, 0x0AD5, 0x0A7E,  0x0A1C, 0x0992, 0x08F4, 0x083B,
  0x076E, 0x068D, 0x0598, 0x0497,  0x0386, 0x0271, 0x014D, 0x0031,
  0xFF08, 0xFDEC, 0xFCD0, 0xFBBF,  0xFAB8, 0xF9C0, 0xF8D9, 0xF805,
  0xF749, 0xF69E, 0xF617, 0xF59E,  0xF54C, 0xF511, 0xF4F5, 0xF4F8,
  0xF516, 0xF553, 0xF5B0, 0xF622,  0xF6B4, 0xF75D, 0xF820, 0xF8F1,
  0xF9E0, 0xFAD4, 0xFBDF, 0xFCF1,  0xFE08, 0xFF2E, 0x004B, 0x016F,
  0x028D, 0x039D, 0x04B4, 0x05AA,  0x06A2, 0x077C, 0x0846, 0x08FF,
  0x0994, 0x0A1A, 0x0A7F, 0x0ACA,  0x0AF7, 0x0B04, 0x0AF8, 0x0ACC,
  0x0A81, 0x0A1E, 0x099A, 0x0903,  0x084D, 0x0784, 0x06A9, 0x05B6,
  0x04B9, 0x03AD, 0x0297, 0x017C,  0x0059, 0xFF3B, 0xFE19, 0xFD00,
  0xFBF1, 0xFAE2, 0xF9F5, 0xF901,  0xF833, 0xF770, 0xF6C3, 0xF63A,
  0xF5BD, 0xF567, 0xF527, 0xF507,  0xF506, 0xF51E, 0xF558, 0xF5AE,
  0xF61C, 0xF6AA, 0xF74D, 0xF80B,  0xF8DC, 0xF9BF, 0xFAB7, 0xFBBA,
  0xFCC9, 0xFDE2, 0xFEFF, 0x0020,  0x013E, 0x025E, 0x0370, 0x0480,
  0x0580, 0x0670, 0x0751, 0x081F,  0x08D2, 0x0978, 0x09F1, 0x0A68,
  0x0AAC, 0x0AE5, 0x0AF4, 0x0AEB,  0x0AC6, 0x0A7F, 0x0A20, 0x09A3,
  0x090F, 0x085F, 0x0799, 0x06C5,  0x05D0, 0x04E0, 0x03CD, 0x02C3,
  0x01A3, 0x0089, 0xFF65, 0xFE4B,  0xFD2E, 0xFC1F, 0xFB17, 0xFA1D,
  0xF931, 0xF85E, 0xF796, 0xF6EE,  0xF658, 0xF5DF, 0xF581, 0xF53F,
  0xF51A, 0xF515, 0xF527, 0xF55D,  0xF5AD, 0xF618, 0xF6A1, 0xF73C,
  0xF7FA, 0xF8C1, 0xF9A8, 0xFA95,  0xFB96, 0xFCA6, 0xFDB5, 0xFED7,
  0xFFF2, 0x0110, 0x022E, 0x0342,  0x044F, 0x0551, 0x0644, 0x0724,
  0x07F5, 0x08AC, 0x094F, 0x09D6,  0x0A46, 0x0A95, 0x0ACE, 0x0AE3,
  0x0AE0, 0x0ABD, 0x0A7F, 0x0A1F,  0x09AC, 0x091B, 0x086D, 0x07B4,
  0x06D5, 0x05F7, 0x04F8, 0x03F8,  0x02E6, 0x01CF, 0x00B4, 0xFF92,
  0xFE7B, 0xFD5C, 0xFC50, 0xFB44,  0xFA4D, 0xF95D, 0xF88B, 0xF7BD,
  0xF715, 0xF67B, 0xF5FE, 0xF5A0,  0xF553, 0xF530, 0xF522, 0xF533,
  0xF562, 0xF5AD, 0xF615, 0xF696,  0xF731, 0xF7E6, 0xF8AC, 0xF98B,
  0xFA76, 0xFB76, 0xFC7F, 0xFD90,  0xFEA9, 0xFFC6, 0x00E4, 0x01FD,
  0x0315, 0x041E, 0x0523, 0x0617,  0x06F7, 0x07CC, 0x0882, 0x092C,
  0x09B4, 0x0A27, 0x0A7C, 0x0AB7,  0x0AD2, 0x0AD2, 0x0AB5, 0x0A7B,
  0x0A22, 0x09B1, 0x0924, 0x0881,  0x07C2, 0x06F5, 0x060C, 0x051E,
  0x0418, 0x030D, 0x01FA, 0x00DB,  0xFFC4, 0xFEA6, 0xFD8C, 0xFC7F,
  0xFB73, 0xFA7B, 0xF98B, 0xF8B3,  0xF7EA, 0xF739, 0xF6A0, 0xF61E,
  0xF5BA, 0xF56F, 0xF542, 0xF532,  0xF53F, 0xF568, 0xF5AD, 0xF613,
  0xF68F, 0xF721, 0xF7D8, 0xF891,  0xF977, 0xFA54, 0xFB57, 0xFC58,
  0xFD69, 0xFE80, 0xFF99, 0x00B6,  0x01D0, 0x02E4, 0x03F2, 0x04F2,
  0x05E9, 0x06CC, 0x07A0, 0x085C,  0x0906, 0x0991, 0x0A09, 0x0A60,
  0x0AA2, 0x0ABF, 0x0AC5, 0x0AAA,  0x0A77, 0x0A24, 0x09B6, 0x092D,
  0x0892, 0x07D2, 0x070F, 0x0626,  0x053E, 0x043B, 0x0333, 0x0221,
  0x0108, 0xFFEF, 0xFED3, 0xFDBD,  0xFCAB, 0xFBA4, 0xFAA8, 0xF9B9,
  0xF8DF, 0xF812, 0xF761, 0xF6C3,  0xF63E, 0xF5DA, 0xF585, 0xF55A,
  0xF53F, 0xF54E, 0xF56C, 0xF5B3,  0xF60E, 0xF688, 0xF718, 0xF7C3,
  0xF881, 0xF959, 0xFA3B, 0xFB34,  0xFC35, 0xFD42, 0xFE56, 0xFF6F,
  0x0088, 0x01A3, 0x02B4, 0x03C4,  0x04C2, 0x05BE, 0x069D, 0x0778,
  0x0832, 0x08E0, 0x0971, 0x09E7,  0x0A48, 0x0A86, 0x0AB1, 0x0AB2,
  0x0AA5, 0x0A6D, 0x0A27, 0x09B7,  0x093B, 0x089A, 0x07EB, 0x071F,
  0x0647, 0x0557, 0x0462, 0x0354,  0x024B, 0x0132, 0x001A, 0xFF02,
  0xFDE9, 0xFCDD, 0xFBCF, 0xFAD9,  0xF9E5, 0xF909, 0xF83E, 0xF787,
  0xF6E7, 0xF662, 0xF5F3, 0xF5A3,  0xF56B, 0xF555, 0xF557, 0xF577,
  0xF5B4, 0xF60C, 0xF682, 0xF70E,  0xF7B1, 0xF870, 0xF93D, 0xFA22,
  0xFB12, 0xFC12, 0xFD1D, 0xFE2C,  0xFF45, 0x005C, 0x0173, 0x0288,
  0x0394, 0x0495, 0x058F, 0x0671,  0x074E, 0x0809, 0x08BA, 0x094E,
  0x09C8, 0x0A2B, 0x0A70, 0x0A9A,  0x0AA8, 0x0A95, 0x0A6C, 0x0A21,
  0x09BF, 0x0941, 0x08A6, 0x0800,  0x0730, 0x0666, 0x0571, 0x0485,
  0x0378, 0x0272, 0x015C, 0x0045,  0xFF2F, 0xFE18, 0xFD09, 0xFC01,
  0xFB03, 0xFA15, 0xF934, 0xF866,  0xF7B1, 0xF708, 0xF687, 0xF60E,
  0xF5C0, 0xF580, 0xF565, 0xF565,  0xF581, 0xF5B8, 0xF60A, 0xF67D,
  0xF702, 0xF7A5, 0xF85B, 0xF927,  0xFA04, 0xFAF6, 0xFBEC, 0xFCFA,
  0xFE02, 0xFF1D, 0x002E, 0x0148,  0x0257, 0x0367, 0x0467, 0x0561,
  0x0646, 0x0721, 0x07E2, 0x0893,  0x092B, 0x09A8, 0x0A0F, 0x0A57,
  0x0A85, 0x0A99, 0x0A8A, 0x0A63,  0x0A22, 0x09C0, 0x0948, 0x08B5,
  0x080C, 0x074A, 0x067B, 0x0591,  0x04A3, 0x039D, 0x0299, 0x0183,
  0x0073, 0xFF58, 0xFE49, 0xFD33,  0xFC34, 0xFB2D, 0xFA45, 0xF95D,
  0xF891, 0xF7D8, 0xF72F, 0xF6A6,  0xF62F, 0xF5D8, 0xF59A, 0xF575,
  0xF575, 0xF588, 0xF5BE, 0xF60B,  0xF677, 0xF6FA, 0xF796, 0xF848,
  0xF911, 0xF9EB, 0xFAD5, 0xFBCD,  0xFCD2, 0xFDDE, 0xFEF0, 0x0005,
  0x0119, 0x022B, 0x0338, 0x0439,  0x0534, 0x0619, 0x06F7, 0x07B8,
  0x086E, 0x0906, 0x0989, 0x09F2,  0x0A3C, 0x0A73, 0x0A86, 0x0A7F,
  0x0A5D, 0x0A1C, 0x09C4, 0x094E,  0x08C0, 0x081C, 0x0760, 0x0690,
  0x05B0, 0x04C0, 0x03C3, 0x02BC,  0x01AF, 0x0099, 0xFF89, 0xFE71,
  0xFD66, 0xFC5E, 0xFB5D, 0xFA71,  0xF988, 0xF8BE, 0xF7FB, 0xF759,
  0xF6C4, 0xF651, 0xF5F1, 0xF5B1,  0xF58B, 0xF57F, 0xF598, 0xF5BE,
  0xF611, 0xF66F, 0xF6F4, 0xF787,  0xF839, 0xF8F8, 0xF9D4, 0xFAB5,
  0xFBAE, 0xFCAD, 0xFDB8, 0xFEC5,  0xFFDC, 0x00EA, 0x0202, 0x0306,
  0x040E, 0x0505, 0x05ED, 0x06CC,  0x0791, 0x0845, 0x08E3, 0x0968,
  0x09D4, 0x0A24, 0x0A5C, 0x0A74,  0x0A74, 0x0A52, 0x0A1B, 0x09C4,
  0x0953, 0x08CD, 0x0827, 0x0777,  0x06A5, 0x05CD, 0x04DF, 0x03E5,
  0x02E1, 0x01D6, 0x00C4, 0xFFB3,  0xFEA0, 0xFD91, 0xFC8D, 0xFB8A,
  0xFA9E, 0xF9B4, 0xF8E7, 0xF824,  0xF77E, 0xF6E8, 0xF66E, 0xF60F,
  0xF5C8, 0xF59F, 0xF591, 0xF59D,  0xF5CB, 0xF60D, 0xF670, 0xF6EA,
  0xF77D, 0xF826, 0xF8E5, 0xF9B8,  0xFA9C, 0xFB8B, 0xFC8B, 0xFD8F,
  0xFEA0, 0xFFAE, 0x00C3, 0x01CF,  0x02DC, 0x03E0, 0x04D5, 0x05C6,
  0x069B, 0x076C, 0x081C, 0x08BF,  0x0947, 0x09B6, 0x0A0A, 0x0A46,
  0x0A62, 0x0A66, 0x0A4A, 0x0A15,  0x09C5, 0x095A, 0x08D3, 0x0838,
  0x0787, 0x06BE, 0x05E6, 0x04FE,  0x0405, 0x0308, 0x01FB, 0x00F0,
  0xFFDB, 0xFECE, 0xFDC0, 0xFCB6,  0xFBBE, 0xFAC3, 0xF9E7, 0xF90C,
  0xF850, 0xF7A0, 0xF70E, 0xF68C,  0xF62C, 0xF5E0, 0xF5B4, 0xF5A0,
  0xF5A9, 0xF5D3, 0xF60E, 0xF670,  0xF6E1, 0xF772, 0xF816, 0xF8D1,
  0xF9A0, 0xFA7F, 0xFB6C, 0xFC67,  0xFD6C, 0xFE75, 0xFF87, 0x0094,
  0x01A5, 0x02AE, 0x03B2, 0x04AA,  0x0596, 0x0675, 0x073D, 0x07FB,
  0x0896, 0x0927, 0x0997, 0x09F1,  0x0A2D, 0x0A51, 0x0A57, 0x0A40,
  0x0A11, 0x09C3, 0x095F, 0x08DB,  0x0847, 0x0796, 0x06D6, 0x05FE,
  0x051C, 0x0426, 0x032C, 0x0221,  0x0118, 0x0008, 0xFEF7, 0xFDEF,
  0xFCE3, 0xFBE9, 0xFAF4, 0xFA0E,  0xF93B, 0xF875, 0xF7C8, 0xF730,
  0xF6AE, 0xF648, 0xF5F8, 0xF5CC,  0xF5AC, 0xF5BC, 0xF5D4, 0xF618,
  0xF66A, 0xF6DC, 0xF767, 0xF809,  0xF8BC, 0xF98B, 0xFA60, 0xFB51,
  0xFC43, 0xFD47, 0xFE4F, 0xFF5C,  0x006B, 0x0177, 0x0282, 0x0383,
  0x047E, 0x056A, 0x0648, 0x0717,  0x07D2, 0x0876, 0x0907, 0x097C,
  0x09DA, 0x0A1B, 0x0A45, 0x0A4F,  0x0A41, 0x0A11, 0x09CE, 0x096C,
  0x08F1, 0x085F, 0x07B3, 0x06FA,  0x0623, 0x0547, 0x0454, 0x0359,
  0x0257, 0x0147, 0x003F, 0xFF2B,  0xFE20, 0xFD19, 0xFC17, 0xFB23,
  0xFA3A, 0xF960, 0xF89A, 0xF7E5,  0xF74A, 0xF6C2, 0xF655, 0xF602,
  0xF5CA, 0xF5AC, 0xF5AC, 0xF5C7,  0xF5FD, 0xF64E, 0xF6B9, 0xF73E,
  0xF7DC, 0xF88A, 0xF954, 0xFA29,  0xFB14, 0xFC06, 0xFD0A, 0xFE0D,
  0xFF20, 0x002A, 0x013F, 0x0247,  0x034E, 0x044B, 0x053F, 0x061D,
  0x06F8, 0x07AF, 0x0863, 0x08F3,  0x0972, 0x09D7, 0x0A1C, 0x0A4E,
  0x0A5E, 0x0A57, 0x0A2D, 0x09EF,  0x0993, 0x091D, 0x088F, 0x07E9,
  0x072F, 0x0662, 0x0580, 0x0496,  0x0397, 0x0297, 0x0189, 0x007B,
  0xFF69, 0xFE5C, 0xFD4D, 0xFC50,  0xFB4E, 0xFA69, 0xF985, 0xF8BA,
  0xF803, 0xF75B, 0xF6D3, 0xF65D,  0xF602, 0xF5C7, 0xF5A0, 0xF599,
  0xF5B0, 0xF5DE, 0xF62C, 0xF68E,  0xF713, 0xF7A6, 0xF859, 0xF917,
  0xF9F0, 0xFAD4, 0xFBC9, 0xFCC7,  0xFDD1, 0xFEDD, 0xFFF0, 0x00FF,
  0x0210, 0x0316, 0x041B, 0x050E,  0x05F6, 0x06D1, 0x0794, 0x0848,
  0x08E2, 0x0964, 0x09D3, 0x0A1C,  0x0A58, 0x0A69, 0x0A6C, 0x0A49,
  0x0A0E, 0x09B9, 0x0949, 0x08BD,  0x081D, 0x0768, 0x069A, 0x05BF,
  0x04D2, 0x03D9, 0x02D6, 0x01C8,  0x00BA, 0xFFA6, 0xFE97, 0xFD87,
  0xFC82, 0xFB81, 0xFA93, 0xF9AD,  0xF8DE, 0xF81C, 0xF774, 0xF6E2,
  0xF666, 0xF606, 0xF5C3, 0xF595,  0xF58B, 0xF596, 0xF5C3, 0xF609,
  0xF668, 0xF6E2, 0xF779, 0xF81F,  0xF8E3, 0xF9B1, 0xFA99, 0xFB88,
  0xFC89, 0xFD90, 0xFE9E, 0xFFB1,  0x00C3, 0x01D5, 0x02E2, 0x03E5,
  0x04E0, 0x05CD, 0x06A8, 0x077A,  0x0829, 0x08D2, 0x0955, 0x09CC,
  0x0A1E, 0x0A5B, 0x0A78, 0x0A7E,  0x0A63, 0x0A2E, 0x09DC, 0x0973,
  0x08EC, 0x0851, 0x079D, 0x06D5,  0x05FA, 0x0510, 0x0419, 0x0316,
  0x0209, 0x00F8, 0xFFE4, 0xFED2,  0xFDC0, 0xFCB7, 0xFBB3, 0xFAC0,
  0xF9D6, 0xF901, 0xF83B, 0xF78D,  0xF6F6, 0xF674, 0xF610, 0xF5C2,
  0xF596, 0xF581, 0xF58B, 0xF5AE,  0xF5F2, 0xF64B, 0xF6C5, 0xF750,
  0xF7FD, 0xF8B2, 0xF988, 0xFA65,  0xFB59, 0xFC54, 0xFD5C, 0xFE68,
  0xFF7F, 0x008B, 0x01A5, 0x02AD,  0x03B5, 0x04B3, 0x059F, 0x0682,
  0x0750, 0x0809, 0x08B2, 0x093A,  0x09B5, 0x0A0B, 0x0A4D, 0x0A6C,
  0x0A7A, 0x0A60, 0x0A30, 0x09E7,  0x0979, 0x0900, 0x0862, 0x07B4,
  0x06F0, 0x0619, 0x0530, 0x043D,  0x033A, 0x0233, 0x0121, 0x0012,
  0xFEFB, 0xFDEF, 0xFCE4, 0xFBE2,  0xFAEC, 0xFA03, 0xF92B, 0xF864,
  0xF7B5, 0xF715, 0xF69A, 0xF629,  0xF5DF, 0xF5A9, 0xF593, 0xF595,
  0xF5B9, 0xF5F3, 0xF64D, 0xF6BC,  0xF747, 0xF7EB, 0xF8A2, 0xF96D,
  0xFA4D, 0xFB37, 0xFC33, 0xFD36,  0xFE42, 0xFF51, 0x0065, 0x0172,
  0x0285, 0x0384, 0x0487, 0x0571,  0x0659, 0x0721, 0x07E8, 0x0886,
  0x091E, 0x0991, 0x09F2, 0x0A34,  0x0A5B, 0x0A68, 0x0A58, 0x0A2A,
  0x09E2, 0x0983, 0x0901, 0x0874,  0x07C2, 0x0706, 0x0632, 0x054E,
  0x045C, 0x0360, 0x0256, 0x014D,  0x0037, 0xFF2E, 0xFE16, 0xFD15,
  0xFC0F, 0xFB16, 0xFA34, 0xF950,  0xF893, 0xF7D6, 0xF73E, 0xF6B7,
  0xF649, 0xF5F6, 0xF5C1, 0xF5A2,  0xF5A7, 0xF5BD, 0xF5F9, 0xF64B,
  0xF6B7, 0xF73F, 0xF7DB, 0xF88F,  0xF957, 0xFA32, 0xFB19, 0xFC11,
  0xFD11, 0xFE1A, 0xFF29, 0x003A,  0x0147, 0x0255, 0x0359, 0x0456,
  0x054A, 0x0628, 0x06FC, 0x07BC,  0x0863, 0x08FB, 0x0970, 0x09D8,
  0x0A1A, 0x0A49, 0x0A55, 0x0A4F,  0x0A23, 0x09DF, 0x0986, 0x0907,
  0x0882, 0x07CF, 0x071E, 0x0646,  0x056F, 0x0478, 0x0384, 0x027C,
  0x0173, 0x0065, 0xFF55, 0xFE47,  0xFD3F, 0xFC3D, 0xFB44, 0xFA5E,
  0xF97D, 0xF8BC, 0xF7FC, 0xF764,  0xF6D5, 0xF66A, 0xF610, 0xF5D7,
  0xF5B6, 0xF5B2, 0xF5C8, 0xF5FE,  0xF64B, 0xF6B4, 0xF733, 0xF7D1,
  0xF87A, 0xF945, 0xFA13, 0xFAFF,  0xFBEF, 0xFCED, 0xFDF4, 0xFF00,
  0x000E, 0x011C, 0x0228, 0x032D,  0x0428, 0x051E, 0x05FA, 0x06D6,
  0x078F, 0x0843, 0x08D2, 0x0955,  0x09B7, 0x0A05, 0x0A33, 0x0A45,
  0x0A43, 0x0A19, 0x09E1, 0x0983,  0x0912, 0x0887, 0x07E5, 0x072B,
  0x0664, 0x0585, 0x049A, 0x03A6,  0x02A0, 0x019D, 0x008B, 0xFF83,
  0xFE71, 0xFD6D, 0xFC6A, 0xFB71,  0xFA8A, 0xF9A8, 0xF8E4, 0xF824,
  0xF788, 0xF6F8, 0xF687, 0xF62C,  0xF5EC, 0xF5CA, 0xF5C1, 0xF5D3,
  0xF602, 0xF64E, 0xF6AD, 0xF72F,  0xF7C0, 0xF86D, 0xF92D, 0xF9FC,
  0xFAE0, 0xFBD0, 0xFCC9, 0xFDCF,  0xFED8, 0xFFE2, 0x00F3, 0x01FA,
  0x0300, 0x03FD, 0x04ED, 0x05D5,  0x06A6, 0x076C, 0x0818, 0x08B2,
  0x0933, 0x099B, 0x09EC, 0x0A1D,  0x0A34, 0x0A35, 0x0A13, 0x09DB,
  0x0986, 0x0915, 0x0895, 0x07EE,  0x0744, 0x0675, 0x05A3, 0x04B9,
  0x03C4, 0x02C7, 0x01C2, 0x00B6,  0xFFAC, 0xFE9E, 0xFD99, 0xFC95,
  0xFBA2, 0xFAB1, 0xF9D7, 0xF90A,  0xF84E, 0xF7AA, 0xF71D, 0xF6A2,
  0xF64C, 0xF5FF, 0xF5E1, 0xF5CE,  0xF5DF, 0xF609, 0xF64D, 0xF6AD,
  0xF728, 0xF7B1, 0xF862, 0xF913,  0xF9E7, 0xFAC4, 0xFBAE, 0xFCAA,
  0xFDA7, 0xFEB1, 0xFFB9, 0x00C8,  0x01CC, 0x02D7, 0x03CD, 0x04C4,
  0x05A7, 0x067C, 0x0745, 0x07EF,  0x0893, 0x090F, 0x097F, 0x09D0,
  0x0A08, 0x0A25, 0x0A24, 0x0A0D,  0x09D3, 0x0987, 0x091C, 0x089A,
  0x0801, 0x0750, 0x068E, 0x05BE,  0x04D2, 0x03EB, 0x02E5, 0x01EC,
  0x00DC, 0xFFD7, 0xFEC9, 0xFDC5,  0xFCC4, 0xFBCB, 0xFAE0, 0xFA00,
  0xF933, 0xF877, 0xF7CF, 0xF73D,  0xF6C6, 0xF661, 0xF620, 0xF5EC,
  0xF5E4, 0xF5E9, 0xF60E, 0xF654,  0xF6A7, 0xF722, 0xF7AA, 0xF84B,
  0xF907, 0xF9CC, 0xFAA8, 0xFB92,  0xFC85, 0xFD84, 0xFE8A, 0xFF91,
  0x009B, 0x01A3, 0x02A8, 0x03A2,  0x0497, 0x057D, 0x0651, 0x071C,
  0x07CB, 0x086A, 0x08F4, 0x095C,  0x09BB, 0x09ED, 0x0A15, 0x0A15,
  0x0A02, 0x09D1, 0x0985, 0x091E,  0x08A5, 0x080B, 0x0764, 0x06A3,
  0x05D4, 0x04F3, 0x0406, 0x030D,  0x020E, 0x0106, 0xFFFF, 0xFEF6,
  0xFDEE, 0xFCF3, 0xFBF4, 0xFB0F,  0xFA28, 0xF95F, 0xF89C, 0xF7F6,
  0xF760, 0xF6E2, 0xF684, 0xF631,  0xF608, 0xF5EF, 0xF5F9, 0xF615,
  0xF656, 0xF6A8, 0xF71C, 0xF79E,  0xF840, 0xF8F0, 0xF9B8, 0xFA8D,
  0xFB73, 0xFC65, 0xFD60, 0xFE62,  0xFF69, 0x0071, 0x0179, 0x027A,
  0x0378, 0x0469, 0x0551, 0x062B,  0x06EF, 0x07A6, 0x0846, 0x08D1,
  0x0941, 0x099E, 0x09D7, 0x0A01,  0x0A07, 0x09F7, 0x09CC, 0x0981,
  0x0926, 0x08A6, 0x081C, 0x0771,  0x06B8, 0x05EE, 0x050D, 0x0426,
  0x0330, 0x0231, 0x012F, 0x0027,  0xFF21, 0xFE1B, 0xFD1D, 0xFC22,
  0xFB38, 0xFA56, 0xF986, 0xF8C6,  0xF81A, 0xF783, 0xF704, 0xF69D,
  0xF64F, 0xF619, 0xF604, 0xF603,  0xF620, 0xF659, 0xF6A7, 0xF719,
  0xF793, 0xF834, 0xF8DC, 0xF9A4,  0xFA72, 0xFB57, 0xFC44, 0xFD3D,
  0xFE3C, 0xFF41, 0x0047, 0x014E,  0x0250, 0x0349, 0x0441, 0x0522,
  0x0602, 0x06C8, 0x077C, 0x0826,  0x08AA, 0x0927, 0x097E, 0x09C4,
  0x09EA, 0x09FA, 0x09E9, 0x09C7,  0x097F, 0x0926, 0x08AF, 0x0825,
  0x0782, 0x06CD, 0x0601, 0x052C,  0x0443, 0x0350, 0x025A, 0x0150,
  0x0055, 0xFF47, 0xFE48, 0xFD48,  0xFC4E, 0xFB65, 0xFA7F, 0xF9B0,
  0xF8EE, 0xF840, 0xF7A7, 0xF724,  0xF6BA, 0xF668, 0xF632, 0xF611,
  0xF615, 0xF627, 0xF65F, 0xF6A8,  0xF712, 0xF78E, 0xF824, 0xF8CE,
  0xF98C, 0xFA5B, 0xFB39, 0xFC25,  0xFD19, 0xFE18, 0xFF19, 0x001F,
  0x0122, 0x0225, 0x031E, 0x0414,  0x04FA, 0x05D4, 0x06A0, 0x0757,
  0x07FE, 0x088D, 0x0905, 0x0961,  0x09AE, 0x09D4, 0x09EC, 0x09DC,
  0x09BF, 0x097D, 0x0926, 0x08B7,  0x082C, 0x0795, 0x06DB, 0x061C,
  0x0543, 0x0463, 0x0371, 0x027B,  0x017A, 0x0079, 0xFF74, 0xFE71,
  0xFD74, 0xFC79, 0xFB92, 0xFAA7,  0xF9DE, 0xF911, 0xF869, 0xF7C9,
  0xF745, 0xF6D9, 0xF681, 0xF648,  0xF625, 0xF621, 0xF635, 0xF660,
  0xF6AD, 0xF70D, 0xF786, 0xF81B,  0xF8B9, 0xF97C, 0xFA40, 0xFB20,
  0xFC03, 0xFCFA, 0xFDF2, 0xFEF1,  0xFFFA, 0x00F3, 0x01FF, 0x02EF,
  0x03EB, 0x04CC, 0x05AD, 0x0675,  0x0732, 0x07D8, 0x0869, 0x08E6,
  0x0947, 0x0992, 0x09C3, 0x09D7,  0x09D4, 0x09B1, 0x097E, 0x0925,
  0x08BB, 0x0839, 0x079C, 0x06F5,  0x062B, 0x0562, 0x047B, 0x0395,
  0x029C, 0x01A1, 0x00A0, 0xFF9C,  0xFE9D, 0xFD9C, 0xFCAA, 0xFBB7,
  0xFAD8, 0xFA02, 0xF93C, 0xF88E,  0xF7EE, 0xF765, 0xF6F6, 0xF69E,
  0xF65D, 0xF63A, 0xF62E, 0xF640,  0xF668, 0xF6AF, 0xF707, 0xF785,
  0xF809, 0xF8B1, 0xF963, 0xFA2B,  0xFB04, 0xFBE5, 0xFCD8, 0xFDCE,
  0xFECE, 0xFFCC, 0x00D0, 0x01CE,  0x02C9, 0x03BB, 0x04A6, 0x057E,
  0x0651, 0x0708, 0x07B3, 0x0847,  0x08C5, 0x092D, 0x0976, 0x09B1,
  0x09C2, 0x09C9, 0x09A7, 0x0979,  0x0925, 0x08C1, 0x083F, 0x07AC,
  0x0702, 0x0644, 0x0578, 0x049A,  0x03B3, 0x02BE, 0x01C7, 0x00C6,
  0xFFC4, 0xFEC9, 0xFDC5, 0xFCD7,  0xFBDF, 0xFB05, 0xFA29, 0xF967,
  0xF8B3, 0xF811, 0xF788, 0xF715,  0xF6B6, 0xF67A, 0xF649, 0xF640,
  0xF64B, 0xF670, 0xF6B0, 0xF709,  0xF779, 0xF804, 0xF89E, 0xF954,
  0xFA11, 0xFAED, 0xFBC5, 0xFCB9,  0xFDAA, 0xFEA7, 0xFFA7, 0x00A4,
  0x01A6, 0x029D, 0x0391, 0x047A,  0x0555, 0x0626, 0x06E3, 0x078C,
  0x0825, 0x08A6, 0x090D, 0x0961,  0x0994, 0x09B6, 0x09B9, 0x099F,
  0x0971, 0x0926, 0x08C3, 0x0848,  0x07B8, 0x0711, 0x065A, 0x058E,
  0x04B8, 0x03CF, 0x02E2, 0x01EA,  0x00EC, 0xFFEE, 0xFEF1, 0xFDF0,
  0xFD01, 0xFC0B, 0xFB2F, 0xFA52,  0xF992, 0xF8D5, 0xF839, 0xF7A9,
  0xF731, 0xF6D7, 0xF68B, 0xF664,  0xF64D, 0xF657, 0xF67A, 0xF6B1,
  0xF70A, 0xF774, 0xF7FA, 0xF891,  0xF940, 0xF9FE, 0xFAD1, 0xFBAA,
  0xFC99, 0xFD85, 0xFE86, 0xFF7B,  0x0080, 0x0179, 0x0274, 0x0365,
  0x0451, 0x0529, 0x05FF, 0x06BB,  0x0766, 0x0803, 0x0883, 0x08F3,
  0x0944, 0x0980, 0x09A1, 0x09AB,  0x0995, 0x096A, 0x0926, 0x08C3,
  0x0853, 0x07BE, 0x0725, 0x066C,  0x05A5, 0x04D3, 0x03EE, 0x0301,
  0x0210, 0x0110, 0x0019, 0xFF14,  0xFE22, 0xFD23, 0xFC3D, 0xFB55,
  0xFA7E, 0xF9B7, 0xF900, 0xF859,  0xF7CE, 0xF750, 0xF6F1, 0xF6A7,
  0xF676, 0xF65F, 0xF664, 0xF682,  0xF6B6, 0xF70A, 0xF76E, 0xF7F2,
  0xF885, 0xF92D, 0xF9EB, 0xFAB7,  0xFB8E, 0xFC7A, 0xFD64, 0xFE5F,
  0xFF58, 0x0054, 0x0152, 0x0249,  0x033C, 0x0423, 0x0504, 0x05D1,
  0x0696, 0x0741, 0x07DE, 0x0863,  0x08D4, 0x092A, 0x0969, 0x098F,
  0x099A, 0x098B, 0x0963, 0x0922,  0x08C8, 0x0855, 0x07CE, 0x072F,
  0x0680, 0x05BC, 0x04EC, 0x040C,  0x0323, 0x022F, 0x0139, 0x003D,
  0xFF40, 0xFE49, 0xFD4F, 0xFC67,  0xFB7E, 0xFAAA, 0xF9DD, 0xF927,
  0xF87E, 0xF7F1, 0xF76F, 0xF70D,  0xF6C0, 0xF68C, 0xF671, 0xF672,
  0xF689, 0xF6BE, 0xF709, 0xF76B,  0xF7EA, 0xF879, 0xF91C, 0xF9D8,
  0xFA9C, 0xFB77, 0xFC58, 0xFD44,  0xFE3B, 0xFF30, 0x0030, 0x0126,
  0x0220, 0x0311, 0x03FA, 0x04D9,  0x05A9, 0x066E, 0x071A, 0x07BE,
  0x083E, 0x08B8, 0x090F, 0x0950,  0x097C, 0x0989, 0x0981, 0x095B,
  0x091E, 0x08CA, 0x0859, 0x07D9,  0x073C, 0x0693, 0x05D2, 0x0503,
  0x042A, 0x0343, 0x0250, 0x0161,  0x005F, 0xFF6C, 0xFE70, 0xFD7B,
  0xFC8F, 0xFBAA, 0xFAD1, 0xFA09,  0xF94A, 0xF8A7, 0xF80F, 0xF792,
  0xF729, 0xF6D9, 0xF6A3, 0xF683,  0xF67F, 0xF694, 0xF6C4, 0xF709,
  0xF76A, 0xF7E1, 0xF86F, 0xF90D,  0xF9C3, 0xFA86, 0xFB5C, 0xFC3A,
  0xFD24, 0xFE17, 0xFF0B, 0x0009,  0x00FC, 0x01F8, 0x02E6, 0x03D0,
  0x04B1, 0x057D, 0x0649, 0x06F2,  0x079C, 0x081A, 0x089D, 0x08EF,
  0x093D, 0x0964, 0x097A, 0x0974,  0x0952, 0x091C, 0x08C7, 0x0862,
  0x07DD, 0x074C, 0x06A4, 0x05E4,  0x0521, 0x0440, 0x0365, 0x0273,
  0x0181, 0x008B, 0xFF8D, 0xFE9E,  0xFDA2, 0xFCBB, 0xFBD3, 0xFAFA,
  0xFA30, 0xF974, 0xF8C8, 0xF835,  0xF7B1, 0xF746, 0xF6F4, 0xF6B7,
  0xF699, 0xF68C, 0xF6A0, 0xF6C9,  0xF70C, 0xF769, 0xF7DA, 0xF863,
  0xF900, 0xF9AF, 0xFA71, 0xFB42,  0xFC1B, 0xFD07, 0xFDF0, 0xFEEC,
  0xFFDB, 0x00DB, 0x01CA, 0x02BF,  0x03A5, 0x0487, 0x0556, 0x061E,
  0x06D2, 0x076F, 0x0803, 0x0874,  0x08DA, 0x0921, 0x0950, 0x0969,
  0x0967, 0x0949, 0x0917, 0x08C7,  0x0865, 0x07E7, 0x0757, 0x06B3,
  0x05FB, 0x0535, 0x0461, 0x037D,  0x0298, 0x01A2, 0x00B1, 0xFFB8,
  0xFEC1, 0xFDD0, 0xFCE1, 0xFBFE,  0xFB24, 0xFA58, 0xF99A, 0xF8EF,
  0xF856, 0xF7D3, 0xF763, 0xF70F,  0xF6CD, 0xF6AD, 0xF69C, 0xF6A9,
  0xF6D3, 0xF70E, 0xF767, 0xF7D5,  0xF858, 0xF8F4, 0xF99D, 0xFA5B,
  0xFB28, 0xFC00, 0xFCE5, 0xFDD3,  0xFEC1, 0xFFBC, 0x00AE, 0x01A4,
  0x0294, 0x037C, 0x045D, 0x052F,  0x05F5, 0x06AB, 0x074D, 0x07DF,
  0x0856, 0x08BE, 0x0906, 0x093D,  0x0955, 0x095A, 0x0940, 0x0911,
  0x08C5, 0x086A, 0x07EC, 0x0764,  0x06C2, 0x060E, 0x054E, 0x0478,
  0x039F, 0x02B5, 0x01C7, 0x00D5,  0xFFDE, 0xFEEB, 0xFDF7, 0xFD0C,
  0xFC28, 0xFB4B, 0xFA82, 0xF9C0,  0xF915, 0xF879, 0xF7F3, 0xF784,
  0xF725, 0xF6EB, 0xF6BB, 0xF6AF,  0xF6B6, 0xF6D7, 0xF716, 0xF765,
  0xF7CF, 0xF852, 0xF8E3, 0xF98F,  0xFA44, 0xFB11, 0xFBE5, 0xFCC5,
  0xFDB2, 0xFE9E, 0xFF95, 0x0087,  0x017C, 0x026A, 0x0355, 0x0431,
  0x0508, 0x05CD, 0x0683, 0x072C,  0x07B9, 0x083B, 0x089B, 0x08F3,
  0x0922, 0x0946, 0x094A, 0x0936,  0x090A, 0x08C6, 0x0867, 0x07F9,
  0x0769, 0x06D4, 0x061F, 0x0564,  0x0493, 0x03BB, 0x02D4, 0x01EB,
  0x00F7, 0x0007, 0xFF10, 0xFE22,  0xFD34, 0xFC51, 0xFB74, 0xFAAB,
  0xF9E6, 0xF93C, 0xF89C, 0xF813,  0xF7A3, 0xF741, 0xF702, 0xF6D0,
  0xF6C1, 0xF6BF, 0xF6E5, 0xF714,  0xF76B, 0xF7C7, 0xF84C, 0xF8D6,
  0xF97E, 0xFA32, 0xFAF6, 0xFBCD,  0xFCA6, 0xFD90, 0xFE7D, 0xFF6C,
  0x0065, 0x0152, 0x0241, 0x032C,  0x0406, 0x04E3, 0x05A2, 0x0660,
  0x0704, 0x079A, 0x0817, 0x0883,  0x08D4, 0x090F, 0x0932, 0x093A,
  0x092C, 0x0904, 0x08C1, 0x086B,  0x07FC, 0x0776, 0x06DF, 0x0634,
  0x0576, 0x04B0, 0x03D2, 0x02F9,  0x0208, 0x011F, 0x002A, 0xFF39,
  0xFE48, 0xFD5F, 0xFC77, 0xFBA2,  0xFACE, 0xFA11, 0xF95E, 0xF8C0,
  0xF836, 0xF7BF, 0xF762, 0xF714,  0xF6EA, 0xF6CF, 0xF6CF, 0xF6EC,
  0xF71C, 0xF768, 0xF7C9, 0xF840,  0xF8CD, 0xF96E, 0xFA1E, 0xFAE1,
  0xFBB0, 0xFC8B, 0xFD70, 0xFE58,  0xFF4C, 0x0039, 0x012E, 0x0218,
  0x0302, 0x03E1, 0x04B4, 0x0581,  0x0635, 0x06E2, 0x0776, 0x07F8,
  0x0863, 0x08BD, 0x08F5, 0x0921,  0x0928, 0x0922, 0x08FB, 0x08BE,
  0x086C, 0x0800, 0x0780, 0x06EC,  0x0643, 0x058E, 0x04C5, 0x03F0,
  0x0316, 0x0229, 0x0143, 0x004E,  0xFF61, 0xFE70, 0xFD86, 0xFCA3,
  0xFBC6, 0xFAFA, 0xFA36, 0xF984,  0xF8E6, 0xF854, 0xF7E2, 0xF779,
  0xF733, 0xF6F9, 0xF6E6, 0xF6DA,  0xF6F8, 0xF720, 0xF76B, 0xF7C6,
  0xF839, 0xF8C3, 0xF95F, 0xFA0C,  0xFACA, 0xFB97, 0xFC6F, 0xFD4D,
  0xFE3C, 0xFF21, 0x001B, 0x00FF,  0x01F6, 0x02D5, 0x03BA, 0x048D,
  0x0557, 0x0611, 0x06BA, 0x0756,  0x07D6, 0x0847, 0x08A1, 0x08DE,
  0x090D, 0x0918, 0x0914, 0x08F5,  0x08B8, 0x086E, 0x0803, 0x0788,
  0x06F9, 0x0652, 0x05A4, 0x04DA,  0x040E, 0x0330, 0x024D, 0x0163,
  0x0075, 0xFF85, 0xFE9A, 0xFDAC,  0xFCCC, 0xFBF1, 0xFB1F, 0xFA5F,
  0xF9A9, 0xF908, 0xF87A, 0xF7FD,  0xF79B, 0xF747, 0xF713, 0xF6F4,
  0xF6EE, 0xF6FF, 0xF729, 0xF76A,  0xF7C7, 0xF832, 0xF8BA, 0xF950,
  0xF9FB, 0xFAB4, 0xFB80, 0xFC50,  0xFD33, 0xFE15, 0xFF03, 0xFFF0,
  0x00DF, 0x01C8, 0x02B1, 0x038F,  0x0466, 0x052F, 0x05EA, 0x0697,
  0x0730, 0x07B9, 0x0826, 0x0886,  0x08C7, 0x08F7, 0x090A, 0x0905,
  0x08ED, 0x08B3, 0x086D, 0x0805,  0x0793, 0x0701, 0x0665, 0x05B3,
  0x04F5, 0x0424, 0x0350, 0x026B,  0x0186, 0x0098, 0xFFAD, 0xFEBD,
  0xFDD9, 0xFCF1, 0xFC1A, 0xFB46,  0xFA87, 0xF9CD, 0xF931, 0xF896,
  0xF821, 0xF7B3, 0xF765, 0xF729,  0xF705, 0xF6FF, 0xF708, 0xF733,
  0xF76C, 0xF7C6, 0xF82E, 0xF8AF,  0xF944, 0xF9EA, 0xFAA0, 0xFB66,
  0xFC38, 0xFD11, 0xFDF7, 0xFEDF,  0xFFCB, 0x00B9, 0x01A1, 0x0289,
  0x0366, 0x043F, 0x0505, 0x05C8,  0x066D, 0x0712, 0x0793, 0x080C,
  0x0867, 0x08B0, 0x08E2, 0x08F7,  0x08FB, 0x08DE, 0x08B3, 0x0866,
  0x080D, 0x0794, 0x0712, 0x066E,  0x05CA, 0x0507, 0x0440, 0x036C,
  0x0289, 0x01A9, 0x00BB, 0xFFD3,  0xFEE4, 0xFE00, 0xFD19, 0xFC42,
  0xFB70, 0xFAAB, 0xF9F7, 0xF950,  0xF8BD, 0xF83C, 0xF7D5, 0xF77D,
  0xF740, 0xF71A, 0xF70D, 0xF716,  0xF739, 0xF771, 0xF7C5, 0xF82B,
  0xF8A6, 0xF938, 0xF9D9, 0xFA8D,  0xFB4F, 0xFC1B, 0xFCF8, 0xFDD2,
  0xFEC2, 0xFFA2, 0x0096, 0x0178,  0x0262, 0x0340, 0x0413, 0x04E4,
  0x059A, 0x064F, 0x06E8, 0x0777,  0x07EB, 0x084B, 0x0899, 0x08C9,
  0x08E9, 0x08EA, 0x08D4, 0x08AD,  0x0865, 0x080C, 0x079E, 0x0717,
  0x0680, 0x05DA, 0x051C, 0x045A,  0x0386, 0x02A9, 0x01C9, 0x00DF,
  0xFFF6, 0xFF0C, 0xFE26, 0xFD42,  0xFC68, 0xFB99, 0xFAD0, 0xFA1E,
  0xF974, 0xF8DF, 0xF85E, 0xF7EF,  0xF799, 0xF758, 0xF72D, 0xF71F,
  0xF722, 0xF740, 0xF778, 0xF7C4,  0xF827, 0xF8A0, 0xF92B, 0xF9CA,
  0xFA7B, 0xFB35, 0xFC04, 0xFCDA,  0xFDB5, 0xFE9D, 0xFF80, 0x0070,
  0x0151, 0x023E, 0x0314, 0x03EF,  0x04B9, 0x0576, 0x062A, 0x06C4,
  0x0756, 0x07CA, 0x0832, 0x087B,  0x08B9, 0x08D0, 0x08DF, 0x08C9,
  0x08A5, 0x0863, 0x080D, 0x07A2,  0x0722, 0x068D, 0x05E9, 0x0533,
  0x0470, 0x03A2, 0x02C5, 0x01EB,  0x0100, 0x001C, 0xFF32, 0xFE49,
  0xFD6E, 0xFC8D, 0xFBC2, 0xFAF7,  0xFA42, 0xF99A, 0xF901, 0xF87E,
  0xF80E, 0xF7B4, 0xF770, 0xF742,  0xF72D, 0xF732, 0xF749, 0xF77E,
  0xF7C3, 0xF827, 0xF897, 0xF922,  0xF9BB, 0xFA67, 0xFB22, 0xFBE9,
  0xFCBE, 0xFD97, 0xFE7A, 0xFF60,  0x0047, 0x0130, 0x0211, 0x02F0,
  0x03C7, 0x0491, 0x0552, 0x0603,  0x06A0, 0x0735, 0x07AC, 0x0813,
  0x0865, 0x089D, 0x08C4, 0x08CA,  0x08C0, 0x089C, 0x0860, 0x080D,
  0x07A8, 0x0727, 0x069D, 0x05F7,  0x0547, 0x0488, 0x03BB, 0x02E4,
  0x0209, 0x0124, 0x003E, 0xFF57,  0xFE72, 0xFD91, 0xFCB9, 0xFBE5,
  0xFB20, 0xFA68, 0xF9BC, 0xF927,  0xF89C, 0xF82E, 0xF7CE, 0xF788,
  0xF759, 0xF73D, 0xF741, 0xF753,  0xF782, 0xF7C8, 0xF821, 0xF895,
  0xF914, 0xF9B0, 0xFA54, 0xFB0E,  0xFBD0, 0xFCA1, 0xFD7B, 0xFE58,
  0xFF3E, 0x0024, 0x0106, 0x01F0,  0x02C4, 0x03A3, 0x0467, 0x052E,
  0x05DB, 0x0681, 0x070F, 0x078D,  0x07F9, 0x0847, 0x0889, 0x08AE,
  0x08BC, 0x08B3, 0x0894, 0x085B,  0x080F, 0x07A8, 0x0732, 0x06A7,
  0x0606, 0x055C, 0x049C, 0x03D5,  0x0303, 0x0224, 0x0149, 0x005F,
  0xFF7E, 0xFE96, 0xFDBA, 0xFCDE,  0xFC0E, 0xFB47, 0xFA8B, 0xF9E4,
  0xF946, 0xF8C1, 0xF849, 0xF7EC,  0xF7A0, 0xF76E, 0xF750, 0xF74D,
  0xF760, 0xF788, 0xF7CB, 0xF820,  0xF88F, 0xF90B, 0xF9A3, 0xFA42,
  0xFAFC, 0xFBB6, 0xFC8A, 0xFD59,  0xFE3C, 0xFF19, 0x0001, 0x00E3,
  0x01C5, 0x02A4, 0x0375, 0x0447,  0x0502, 0x05BA, 0x065A, 0x06EF,
  0x076D, 0x07DB, 0x082D, 0x0872,  0x0898, 0x08AE, 0x08A4, 0x088C,
  0x0855, 0x080E, 0x07AC, 0x0738,  0x06B2, 0x0615, 0x056D, 0x04B3,
  0x03ED, 0x0320, 0x0242, 0x0169,  0x0082, 0xFFA2, 0xFEBD, 0xFDE0,
  0xFD04, 0xFC36, 0xFB6B, 0xFAB5,  0xFA04, 0xF96D, 0xF8E0, 0xF868,
  0xF808, 0xF7B9, 0xF784, 0xF765,  0xF759, 0xF76D, 0xF78F, 0xF7CD,
  0xF822, 0xF887, 0xF907, 0xF992,  0xFA37, 0xFAE3, 0xFBA4, 0xFC6B,
  0xFD41, 0xFE19, 0xFEFB, 0xFFD9,  0x00C2, 0x019D, 0x027D, 0x0351,
  0x041C, 0x04DF, 0x0594, 0x0636,  0x06CE, 0x074B, 0x07BE, 0x0813,
  0x0859, 0x0885, 0x089A, 0x089B,  0x087E, 0x0852, 0x080B, 0x07AF,
  0x073E, 0x06BB, 0x0625, 0x057C,  0x04CA, 0x0405, 0x0338, 0x0265,
  0x0184, 0x00A9, 0xFFC3, 0xFEE4,  0xFE04, 0xFD2D, 0xFC5A, 0xFB95,
  0xFAD8, 0xFA2A, 0xF98F, 0xF901,  0xF888, 0xF824, 0xF7D3, 0xF79B,
  0xF776, 0xF76B, 0xF776, 0xF79B,  0xF7CE, 0xF824, 0xF882, 0xF900,
  0xF986, 0xFA28, 0xFAD0, 0xFB8D,  0xFC54, 0xFD21, 0xFDFE, 0xFED6,
  0xFFBA, 0x009B, 0x0178, 0x0258,  0x0328, 0x03F7, 0x04B9, 0x056D,
  0x0615, 0x06A9, 0x072D, 0x079E,  0x07FA, 0x083F, 0x0870, 0x088A,
  0x088A, 0x0877, 0x0849, 0x080A,  0x07AF, 0x0745, 0x06C3, 0x0632,
  0x058F, 0x04DB, 0x041E, 0x0354,  0x027E, 0x01A9, 0x00C6, 0xFFE9,
  0xFF08, 0xFE29, 0xFD56, 0xFC7D,  0xFBBF, 0xFAF9, 0xFA54, 0xF9AD,
  0xF927, 0xF8A3, 0xF844, 0xF7EA,  0xF7B4, 0xF789, 0xF77A, 0xF785,
  0xF7A0, 0xF7D7, 0xF820, 0xF883,  0xF8F6, 0xF97F, 0xFA14, 0xFAC2,
  0xFB77, 0xFC3A, 0xFD08, 0xFDDD,  0xFEB7, 0xFF99, 0x0075, 0x0154,
  0x0232, 0x0300, 0x03D4, 0x0490,  0x054A, 0x05EE, 0x068A, 0x0709,
  0x0783, 0x07DC, 0x0829, 0x0858,  0x0878, 0x087D, 0x086A, 0x0844,
  0x0806, 0x07AF, 0x074C, 0x06C8,  0x0642, 0x059B, 0x04F2, 0x0433,
  0x036D, 0x029D, 0x01C6, 0x00E8,  0x000C, 0xFF2B, 0xFE52, 0xFD76,
  0xFCAA, 0xFBDE, 0xFB26, 0xFA73,  0xF9D4, 0xF944, 0xF8C8, 0xF85C,
  0xF808, 0xF7C9, 0xF79E, 0xF78D,  0xF78E, 0xF7AD, 0xF7D9, 0xF825,
  0xF87F, 0xF8F0, 0xF975, 0xFA06,  0xFAB2, 0xFB5F, 0xFC26, 0xFCE9,
  0xFDC2, 0xFE98, 0xFF74, 0x0054,  0x012F, 0x020A, 0x02DE, 0x03AA,
  0x046D, 0x0523, 0x05CD, 0x0663,  0x06EE, 0x075F, 0x07C6, 0x080A,
  0x0848, 0x0861, 0x0870, 0x085D,  0x083E, 0x0800, 0x07B2, 0x074D,
  0x06D2, 0x064B, 0x05AE, 0x0501,  0x044C, 0x0384, 0x02BA, 0x01E4,
  0x0108, 0x0030, 0xFF4D, 0xFE77,  0xFD9F, 0xFCCC, 0xFC08, 0xFB47,
  0xFA99, 0xF9F8, 0xF966, 0xF8E8,  0xF878, 0xF824, 0xF7DF, 0xF7B5,
  0xF79C, 0xF79D, 0xF7B6, 0xF7E1,  0xF825, 0xF87F, 0xF8E8, 0xF96E,
  0xF9F9, 0xFA9F, 0xFB4F, 0xFC09,  0xFCD5, 0xFDA1, 0xFE7B, 0xFF51,
  0x0033, 0x0109, 0x01E6, 0x02B8,  0x0384, 0x0447, 0x04FF, 0x05A7,
  0x0643, 0x06CB, 0x0742, 0x07A7,  0x07F5, 0x082C, 0x0853, 0x085C,
  0x0855, 0x0832, 0x07FD, 0x07B2,  0x074E, 0x06DC, 0x0654, 0x05BC,
  0x0516, 0x045D, 0x03A1, 0x02D1,  0x0204, 0x0128, 0x0050, 0xFF74,
  0xFE99, 0xFDC4, 0xFCF3, 0xFC2C,  0xFB6E, 0xFABF, 0xFA18, 0xF98A,
  0xF906, 0xF897, 0xF840, 0xF7F4,  0xF7CD, 0xF7AC, 0xF7AD, 0xF7BF,
  0xF7E8, 0xF82A, 0xF87A, 0xF8E9,  0xF961, 0xF9EF, 0xFA8F, 0xFB39,
  0xFBF6, 0xFCB9, 0xFD87, 0xFE59,  0xFF35, 0x000B, 0x00EA, 0x01BE,
  0x0293, 0x035F, 0x0422, 0x04D9,  0x0584, 0x061F, 0x06AB, 0x0723,
  0x078A, 0x07DB, 0x0817, 0x083D,  0x084C, 0x0849, 0x0829, 0x07F7,
  0x07B2, 0x074E, 0x06E6, 0x065A,  0x05CE, 0x0523, 0x0475, 0x03B6,
  0x02EF, 0x021D, 0x014C, 0x006E,  0xFF98, 0xFEBF, 0xFDE5, 0xFD1D,
  0xFC4E, 0xFB96, 0xFAE1, 0xFA3E,  0xF9A9, 0xF928, 0xF8B4, 0xF85C,
  0xF80C, 0xF7E4, 0xF7BB, 0xF7C1,  0xF7C3, 0xF7F8, 0xF825, 0xF882,
  0xF8DD, 0xF95E, 0xF9E2, 0xFA80,  0xFB28, 0xFBDE, 0xFCA1, 0xFD6A,
  0xFE3D, 0xFF14, 0xFFEA, 0x00C5,  0x019B, 0x026D, 0x033A, 0x03FC,
  0x04B4, 0x0561, 0x05FB, 0x068D,  0x0700, 0x0771, 0x07BD, 0x0803,
  0x0826, 0x083F, 0x0838, 0x0822,  0x07F0, 0x07AD, 0x0756, 0x06E5,
  0x0669, 0x05D6, 0x0537, 0x0487,  0x03CE, 0x0308, 0x023B, 0x0169,
  0x0091, 0xFFB8, 0xFEE4, 0xFE0B,  0xFD40, 0xFC76, 0xFBB9, 0xFB06,
  0xFA62, 0xF9CA, 0xF949, 0xF8D3,  0xF874, 0xF82B, 0xF7F2, 0xF7D7,
  0xF7C6, 0xF7D9, 0xF7F7, 0xF831,  0xF87D, 0xF8DD, 0xF955, 0xF9D9,
  0xFA6F, 0xFB18, 0xFBC9, 0xFC88,  0xFD50, 0xFE1F, 0xFEF3, 0xFFCB,
  0x00A1, 0x0176, 0x024A, 0x0313,  0x03D7, 0x0491, 0x053B, 0x05DB,
  0x0668, 0x06E4, 0x0751, 0x07A5,  0x07EA, 0x0812, 0x082C, 0x082C,
  0x0816, 0x07EA, 0x07AC, 0x0754,  0x06EC, 0x0671, 0x05E1, 0x0549,
  0x0499, 0x03E4, 0x0321, 0x0258,  0x0185, 0x00B4, 0xFFD8, 0xFF09,
  0xFE2E, 0xFD65, 0xFC9C, 0xFBDB,  0xFB2F, 0xFA81, 0xF9F0, 0xF966,
  0xF8F2, 0xF892, 0xF841, 0xF80C,  0xF7E7, 0xF7DA, 0xF7E1, 0xF802,
  0xF835, 0xF87F, 0xF8DC, 0xF94C,  0xF9CF, 0xFA64, 0xFB04, 0xFBB7,
  0xFC6F, 0xFD36, 0xFE03, 0xFED3,  0xFFAC, 0x007A, 0x0159, 0x021E,
  0x02F4, 0x03B0, 0x046A, 0x051B,  0x05B5, 0x0647, 0x06C8, 0x072F,
  0x078D, 0x07D1, 0x07FD, 0x081B,  0x081C, 0x080C, 0x07E3, 0x07A8,
  0x0754, 0x06F2, 0x0675, 0x05F2,  0x0552, 0x04B1, 0x03F6, 0x033B,
  0x0274, 0x01A2, 0x00D3, 0xFFFC,  0xFF27, 0xFE58, 0xFD86, 0xFCC1,
  0xFC04, 0xFB4C, 0xFAAB, 0xFA0E,  0xF987, 0xF914, 0xF8A9, 0xF861,
  0xF81C, 0xF7FF, 0xF7E9, 0xF7F0,  0xF809, 0xF83D, 0xF87F, 0xF8DA,
  0xF948, 0xF9C5, 0xFA56, 0xFAF6,  0xFB9E, 0xFC5E, 0xFD19, 0xFDE8,
  0xFEB4, 0xFF8B, 0x005A, 0x0133,  0x01FE, 0x02CB, 0x038E, 0x0447,
  0x04F3, 0x0596, 0x0624, 0x06A8,  0x0714, 0x0770, 0x07B8, 0x07E9,
  0x0807, 0x080F, 0x0800, 0x07DC,  0x07A2, 0x0755, 0x06F5, 0x067D,
  0x05FB, 0x0562, 0x04C1, 0x040D,  0x0352, 0x028C, 0x01C2, 0x00F1,
  0x001E, 0xFF49, 0xFE7B, 0xFDA9,  0xFCEA, 0xFC22, 0xFB77, 0xFAC9,
  0xFA34, 0xF9A7, 0xF930, 0xF8CA,  0xF875, 0xF83B, 0xF80C, 0xF7FF,
  0xF7FA, 0xF816, 0xF840, 0xF884,  0xF8D8, 0xF943, 0xF9BC, 0xFA4B,
  0xFAE4, 0xFB8F, 0xFC44, 0xFD04,  0xFDC8, 0xFE9A, 0xFF68, 0x003B,
  0x010E, 0x01DC, 0x02A4, 0x036B,  0x0421, 0x04D1, 0x0575, 0x0602,
  0x068D, 0x06F7, 0x075A, 0x07A3,  0x07DA, 0x07FA, 0x0808, 0x07FB,
  0x07DD, 0x07A8, 0x075F, 0x0702,  0x0693, 0x060C, 0x0581, 0x04D9,
  0x0432, 0x0373, 0x02B1, 0x01EC,  0x0113, 0x004B, 0xFF70, 0xFEA3,
  0xFDD3, 0xFD0D, 0xFC48, 0xFB97,  0xFAE8, 0xFA4F, 0xF9BF, 0xF942,
  0xF8DA, 0xF87F, 0xF840, 0xF80D,  0xF7F9, 0xF7F1, 0xF807, 0xF82B,
  0xF86E, 0xF8B8, 0xF924, 0xF995,  0xFA24, 0xFAB9, 0xFB5E, 0xFC18,
  0xFCCE, 0xFD9E, 0xFE61, 0xFF3A,  0x000A, 0x00DF, 0x01B1, 0x027B,
  0x0345, 0x03FF, 0x04B5, 0x0557,  0x05F2, 0x067A, 0x06EE, 0x0753,
  0x07A3, 0x07DE, 0x0806, 0x0813,  0x0812, 0x07F4, 0x07C6, 0x0781,
  0x0724, 0x06BD, 0x0637, 0x05AD,  0x050E, 0x045D, 0x03AB, 0x02E0,
  0x021F, 0x0148, 0x007A, 0xFFA0,  0xFED2, 0xFDFC, 0xFD34, 0xFC70,
  0xFBB2, 0xFB0B, 0xFA60, 0xF9D7,  0xF94D, 0xF8E4, 0xF883, 0xF83E,
  0xF806, 0xF7EC, 0xF7E3, 0xF7EE,  0xF815, 0xF84A, 0xF89A, 0xF8FA,
  0xF96F, 0xF9F5, 0xFA8B, 0xFB31,  0xFBDF, 0xFCA4, 0xFD62, 0xFE36,
  0xFF04, 0xFFDA, 0x00B2, 0x0181,  0x0257, 0x0317, 0x03E4, 0x048F,
  0x0542, 0x05DA, 0x0667, 0x06E6,  0x0749, 0x07A3, 0x07E1, 0x080D,
  0x0825, 0x0821, 0x080F, 0x07DF,  0x07A2, 0x0748, 0x06E5, 0x0663,
  0x05DA, 0x053B, 0x0490, 0x03DB,  0x0316, 0x024F, 0x017D, 0x00A9,
  0xFFD2, 0xFEFE, 0xFE27, 0xFD5F,  0xFC92, 0xFBD7, 0xFB22, 0xFA80,
  0xF9E3, 0xF965, 0xF8E6, 0xF88D,  0xF83A, 0xF802, 0xF7E3, 0xF7D0,
  0xF7DD, 0xF7F7, 0xF830, 0xF876,  0xF8D6, 0xF944, 0xF9CB, 0xFA5B,
  0xFB03, 0xFBAC, 0xFC71, 0xFD30,  0xFE02, 0xFED4, 0xFFA8, 0x0083,
  0x0154, 0x022C, 0x02F3, 0x03BD,  0x0472, 0x0527, 0x05C1, 0x0658,
  0x06D6, 0x0742, 0x07A2, 0x07E1,  0x0818, 0x082E, 0x0835, 0x0824,
  0x07FD, 0x07BE, 0x076F, 0x0708,  0x0690, 0x0605, 0x056B, 0x04C1,
  0x040D, 0x0348, 0x0283, 0x01AD,  0x00DE, 0x0000, 0xFF2D, 0xFE54,
  0xFD85, 0xFCBA, 0xFBF7, 0xFB44,  0xFA95, 0xFA00, 0xF970, 0xF8FA,
  0xF892, 0xF842, 0xF802, 0xF7DE,  0xF7CB, 0xF7CE, 0xF7ED, 0xF816,
  0xF867, 0xF8B5, 0xF92F, 0xF9A4,  0xFA3F, 0xFADB, 0xFB8A, 0xFC48,
  0xFD09, 0xFDD8, 0xFEAB, 0xFF81,  0x0056, 0x0131, 0x0200, 0x02D0,
  0x0396, 0x0451, 0x0504, 0x05A4,  0x063C, 0x06BB, 0x072E, 0x078B,
  0x07D2, 0x080B, 0x0822, 0x0831,  0x081D, 0x0800, 0x07C0, 0x0775,
  0x0713, 0x069B, 0x0617, 0x057B,  0x04DA, 0x0420, 0x0369, 0x0298,
  0x01D2, 0x00F9, 0x0024, 0xFF50,  0xFE77, 0xFDAA, 0xFCDF, 0xFC1D,
  0xFB67, 0xFABB, 0xFA20, 0xF993,  0xF918, 0xF8B0, 0xF85B, 0xF81C,
  0xF7EF, 0xF7DF, 0xF7DA, 0xF7F7,  0xF81E, 0xF866, 0xF8B9, 0xF923,
  0xF9A2, 0xFA2D, 0xFACE, 0xFB77,  0xFC2E, 0xFCF5, 0xFDB7, 0xFE91,
  0xFF5B, 0x003B, 0x0106, 0x01E3,  0x02A6, 0x0374, 0x042A, 0x04E1,
  0x0582, 0x0616, 0x069F, 0x070E,  0x076F, 0x07BB, 0x07F1, 0x0814,
  0x081D, 0x0815, 0x07F2, 0x07C1,  0x0770, 0x0719, 0x069E, 0x0625,
  0x0586, 0x04EC, 0x0437, 0x037B,  0x02BA, 0x01E8, 0x011D, 0x0042,
  0xFF73, 0xFE9B, 0xFDCF, 0xFD03,  0xFC43, 0xFB89, 0xFAE1, 0xFA42,
  0xF9B4, 0xF938, 0xF8CC, 0xF876,  0xF834, 0xF805, 0xF7ED, 0xF7EC,
  0xF7FF, 0xF827, 0xF868, 0xF8B8,  0xF920, 0xF998, 0xFA23, 0xFABE,
  0xFB65, 0xFC19, 0xFCD9, 0xFDA0,  0xFE70, 0xFF3E, 0x0018, 0x00E3,
  0x01BF, 0x0283, 0x034C, 0x040A,  0x04B8, 0x0562, 0x05F4, 0x067E,
  0x06F0, 0x0753, 0x07A1, 0x07DB,  0x0801, 0x080C, 0x0809, 0x07E8,
  0x07BD, 0x076D, 0x071B, 0x06A6,  0x062B, 0x0598, 0x04F7, 0x044F,
  0x0391, 0x02D2, 0x0207, 0x0137,  0x0069, 0xFF8F, 0xFEC3, 0xFDF0,
  0xFD28, 0xFC68, 0xFBAF, 0xFB02,  0xFA66, 0xF9D5, 0xF956, 0xF8EC,
  0xF88F, 0xF84C, 0xF81B, 0xF7FE,  0xF7FD, 0xF807, 0xF832, 0xF868,
  0xF8BB, 0xF91C, 0xF990, 0xFA19,  0xFAAF, 0xFB52, 0xFC06, 0xFCBF,
  0xFD88, 0xFE50, 0xFF22, 0xFFF3,  0x00C4, 0x0199, 0x0260, 0x0329,
  0x03E3, 0x0497, 0x053B, 0x05D6,  0x065A, 0x06D4, 0x0737, 0x0787,
  0x07C4, 0x07EC, 0x07FD, 0x07FA,  0x07E1, 0x07B3, 0x0770, 0x0716,
  0x06B0, 0x0631, 0x05A5, 0x0509,  0x045F, 0x03A9, 0x02EB, 0x0221,
  0x0158, 0x0085, 0xFFB5, 0xFEE1,  0xFE18, 0xFD49, 0xFC8E, 0xFBD2,
  0xFB27, 0xFA88, 0xF9F6, 0xF976,  0xF908, 0xF8AC, 0xF864, 0xF832,
  0xF80F, 0xF80D, 0xF812, 0xF83B,  0xF86C, 0xF8BD, 0xF918, 0xF98A,
  0xFA0F, 0xFA9E, 0xFB45, 0xFBEF,  0xFCA9, 0xFD6E, 0xFE32, 0xFF04,
  0xFFD2, 0x00A4, 0x0173, 0x023E,  0x0303, 0x03C0, 0x0472, 0x0519,
  0x05B4, 0x0638, 0x06B7, 0x0719,  0x076D, 0x07AE, 0x07D6, 0x07ED,
  0x07EC, 0x07D7, 0x07AB, 0x076E,  0x0717, 0x06B4, 0x063A, 0x05B0,
  0x0518, 0x0470, 0x03C1, 0x0301,  0x023F, 0x0173, 0x00A5, 0xFFD5,
  0xFF07, 0xFE36, 0xFD73, 0xFCAD,  0xFBFA, 0xFB49, 0xFAAA, 0xFA18,
  0xF996, 0xF926, 0xF8C6, 0xF87F,  0xF845, 0xF825, 0xF81A, 0xF821,
  0xF843, 0xF871, 0xF8BD, 0xF918,  0xF982, 0xFA08, 0xFA8F, 0xFB36,
  0xFBD9, 0xFC97, 0xFD4E, 0xFE1D,  0xFEDF, 0xFFB9, 0x007D, 0x0154,
  0x0219, 0x02DE, 0x039E, 0x044C,  0x04F9, 0x058E, 0x061C, 0x0693,
  0x0700, 0x0752, 0x0795, 0x07C2,  0x07DB, 0x07DE, 0x07CA, 0x07A7,
  0x0766, 0x071C, 0x06B3, 0x0644,  0x05B9, 0x0529, 0x0480, 0x03D6,
  0x031A, 0x0258, 0x0190, 0x00C5,  0xFFF3, 0xFF2B, 0xFE58, 0xFD98,
  0xFCCF, 0xFC1F, 0xFB6B, 0xFACE,  0xFA39, 0xF9B6, 0xF943, 0xF8E3,
  0xF896, 0xF85E, 0xF838, 0xF829,  0xF82F, 0xF84B, 0xF879, 0xF8BE,
  0xF915, 0xF980, 0xF9FA, 0xFA8A,  0xFB1F, 0xFBCB, 0xFC7E, 0xFD37,
  0xFE00, 0xFEC5, 0xFF94, 0x0062,  0x012D, 0x01F8, 0x02BA, 0x037A,
  0x0428, 0x04D7, 0x056C, 0x05FA,  0x0677, 0x06DF, 0x0739, 0x077E,
  0x07AC, 0x07C9, 0x07CF, 0x07BF,  0x079E, 0x0765, 0x0717, 0x06BA,
  0x0647, 0x05C7, 0x0534, 0x0493,  0x03E8, 0x0332, 0x0271, 0x01AE,
  0x00E1, 0x0016, 0xFF4A, 0xFE7B,  0xFDBC, 0xFCF2, 0xFC44, 0xFB8E,
  0xFAF0, 0xFA5A, 0xF9D8, 0xF95E,  0xF903, 0xF8AC, 0xF877, 0xF84B,
  0xF83A, 0xF83E, 0xF853, 0xF881,  0xF8C0, 0xF913, 0xF97F, 0xF9EF,
  0xFA7F, 0xFB10, 0xFBBA, 0xFC66,  0xFD22, 0xFDE3, 0xFEA8, 0xFF77,
  0x003F, 0x010C, 0x01D6, 0x0296,  0x0355, 0x0407, 0x04B1, 0x054C,
  0x05DA, 0x0654, 0x06C6, 0x071D,  0x0764, 0x0798, 0x07B5, 0x07C0,
  0x07B4, 0x0794, 0x075F, 0x0719,  0x06B9, 0x0650, 0x05CE, 0x0541,
  0x04A5, 0x03FB, 0x0348, 0x028C,  0x01C5, 0x0104, 0x0031, 0xFF6E,
  0xFE9D, 0xFDDC, 0xFD1B, 0xFC61,  0xFBB7, 0xFB0E, 0xFA7E, 0xF9F6,
  0xF980, 0xF91B, 0xF8CA, 0xF88B,  0xF861, 0xF84C, 0xF84A, 0xF860,
  0xF886, 0xF8C5, 0xF913, 0xF979,  0xF9EB, 0xFA71, 0xFB04, 0xFBA7,
  0xFC52, 0xFD0B, 0xFDC8, 0xFE8E,  0xFF56, 0x0020, 0x00EB, 0x01B2,
  0x0274, 0x0332, 0x03E4, 0x048C,  0x052C, 0x05B7, 0x0638, 0x06A6,
  0x0702, 0x074C, 0x0781, 0x07A3,  0x07AF, 0x07A8, 0x078B, 0x0759,
  0x0717, 0x06BB, 0x0654, 0x05D8,  0x054D, 0x04B4, 0x040E, 0x035D,
  0x02A5, 0x01E1, 0x011F, 0x0052,  0xFF8D, 0xFEC0, 0xFDFE, 0xFD3F,
  0xFC84, 0xFBD9, 0xFB33, 0xFA9D,  0xFA17, 0xF99E, 0xF938, 0xF8E3,
  0xF8A4, 0xF875, 0xF85D, 0xF85A,  0xF869, 0xF890, 0xF8C8, 0xF913,
  0xF978, 0xF9E2, 0xFA68, 0xFAF7,  0xFB94, 0xFC41, 0xFCF1, 0xFDB1,
  0xFE71, 0xFF38, 0x0002, 0x00C9,  0x018E, 0x0256, 0x0309, 0x03C6,
  0x0466, 0x050B, 0x0596, 0x0619,  0x0688, 0x06E6, 0x0735, 0x0767,
  0x0793, 0x079C, 0x079E, 0x077E,  0x0755, 0x0713, 0x06BD, 0x0659,
  0x05DF, 0x0559, 0x04C3, 0x0420,  0x0372, 0x02BC, 0x01FD, 0x0139,
  0x0074, 0xFFA9, 0xFEE4, 0xFE20,  0xFD60, 0xFCA9, 0xFBFB, 0xFB56,
  0xFABE, 0xFA37, 0xF9BD, 0xF954,  0xF900, 0xF8B8, 0xF88D, 0xF86F,
  0xF868, 0xF876, 0xF898, 0xF8CB,  0xF918, 0xF970, 0xF9E1, 0xFA5D,
  0xFAE8, 0xFB88, 0xFC2A, 0xFCDD,  0xFD98, 0xFE55, 0xFF1C, 0xFFE1,
  0x00AA, 0x016D, 0x0231, 0x02E9,  0x03A0, 0x0446, 0x04E8, 0x0575,
  0x05FB, 0x0668, 0x06CD, 0x0717,  0x0757, 0x0778, 0x0792, 0x0789,
  0x0779, 0x074B, 0x0711, 0x06BE,  0x065A, 0x05EA, 0x0560, 0x04D4,
  0x0430, 0x0387, 0x02D4, 0x0214,  0x0158, 0x0090, 0xFFC9, 0xFF08,
  0xFE3D, 0xFD86, 0xFCCB, 0xFC1C,  0xFB7B, 0xFADE, 0xFA58, 0xF9DA,
  0xF974, 0xF916, 0xF8D6, 0xF89D,  0xF887, 0xF873, 0xF885, 0xF89F,
  0xF8D3, 0xF918, 0xF96F, 0xF9DC,  0xFA52, 0xFAE0, 0xFB75, 0xFC19,
  0xFCC9, 0xFD7C, 0xFE3F, 0xFEFB,  0xFFC7, 0x0085, 0x0150, 0x020C,
  0x02C8, 0x037D, 0x0424, 0x04C4,  0x0558, 0x05D7, 0x064E, 0x06AE,
  0x0701, 0x073C, 0x0767, 0x077D,  0x077E, 0x076D, 0x0745, 0x070A,
  0x06BF, 0x065F, 0x05EC, 0x0571,  0x04DC, 0x0442, 0x039C, 0x02E7,
  0x0233, 0x016E, 0x00B1, 0xFFE6,  0xFF28, 0xFE61, 0xFDA7, 0xFCEE,
  0xFC3D, 0xFB9E, 0xFB00, 0xFA77,  0xF9FB, 0xF98D, 0xF936, 0xF8EA,
  0xF8B8, 0xF894, 0xF889, 0xF88E,  0xF8AA, 0xF8D9, 0xF919, 0xF971,
  0xF9D3, 0xFA4F, 0xFAD0, 0xFB68,  0xFC08, 0xFCB2, 0xFD68, 0xFE21,
  0xFEE3, 0xFFA4, 0x006A, 0x012D,  0x01EA, 0x02A7, 0x0359, 0x0402,
  0x04A4, 0x0533, 0x05BC, 0x062C,  0x0695, 0x06E5, 0x0725, 0x0753,
  0x0769, 0x0771, 0x0762, 0x073B,  0x0708, 0x06BC, 0x0662, 0x05F3,
  0x0578, 0x04EA, 0x0454, 0x03AB,  0x0302, 0x0245, 0x018F, 0x00C9,
  0x0009, 0xFF44, 0xFE85, 0xFDC8,  0xFD0F, 0xFC64, 0xFBBA, 0xFB26,
  0xFA95, 0xFA1A, 0xF9AC, 0xF94F,  0xF904, 0xF8CE, 0xF8A8, 0xF899,
  0xF89C, 0xF8B3, 0xF8E2, 0xF91A,  0xF971, 0xF9D0, 0xFA46, 0xFAC8,
  0xFB58, 0xFBF7, 0xFC9E, 0xFD50,  0xFE09, 0xFEC7, 0xFF87, 0x004B,
  0x010A, 0x01CB, 0x0284, 0x0337,  0x03E1, 0x0480, 0x0515, 0x0599,
  0x0612, 0x0675, 0x06CC, 0x070E,  0x073C, 0x075A, 0x075F, 0x0755,
  0x0736, 0x06FE, 0x06BF, 0x0661,  0x05F9, 0x0581, 0x04F5, 0x0464,
  0x03BE, 0x0315, 0x0260, 0x01A6,  0x00E8, 0x0024, 0xFF67, 0xFEA4,
  0xFDE8, 0xFD35, 0xFC82, 0xFBE0,  0xFB43, 0xFAB9, 0xFA36, 0xF9CD,
  0xF968, 0xF91D, 0xF8E5, 0xF8BD,  0xF8A9, 0xF8AB, 0xF8BD, 0xF8E6,
  0xF924, 0xF96C, 0xF9D0, 0xFA3F,  0xFABB, 0xFB4F, 0xFBE3, 0xFC8D,
  0xFD39, 0xFDF0, 0xFEAB, 0xFF6C,  0x0029, 0x00EF, 0x01A6, 0x0264,
  0x0313, 0x03C1, 0x045E, 0x04F4,  0x057A, 0x05F2, 0x065A, 0x06B1,
  0x06F6, 0x0727, 0x0746, 0x0750,  0x0749, 0x072B, 0x06FB, 0x06B8,
  0x0666, 0x05FC, 0x058A, 0x04FF,  0x0474, 0x03CD, 0x032D, 0x0275,
  0x01C1, 0x0101, 0x0046, 0xFF81,  0xFEC8, 0xFE0A, 0xFD53, 0xFCA8,
  0xFBFD, 0xFB69, 0xFAD6, 0xFA58,  0xF9E7, 0xF985, 0xF939, 0xF8F8,
  0xF8D5, 0xF8B7, 0xF8BD, 0xF8C5,  0xF8F2, 0xF924, 0xF970, 0xF9CD,
  0xFA36, 0xFAB8, 0xFB3B, 0xFBD9,  0xFC77, 0xFD24, 0xFDDA, 0xFE8E,
  0xFF51, 0x000B, 0x00CD, 0x0189,  0x0240, 0x02F4, 0x039C, 0x043F,
  0x04D2, 0x0559, 0x05D7, 0x0639,  0x069B, 0x06D9, 0x0714, 0x0731,
  0x0741, 0x073B, 0x0722, 0x06F4,  0x06B7, 0x0664, 0x0602, 0x058F,
  0x050D, 0x047E, 0x03E4, 0x033A,  0x0290, 0x01D7, 0x0120, 0x005F,
  0xFFA4, 0xFEE4, 0xFE2C, 0xFD75,  0xFCC9, 0xFC20, 0xFB89, 0xFAF6,
  0xFA78, 0xFA02, 0xF9A6, 0xF94D,  0xF915, 0xF8E4, 0xF8CE, 0xF8C7,
  0xF8D7, 0xF8F3, 0xF92F, 0xF96F,  0xF9CA, 0xFA35, 0xFAA9, 0xFB37,
  0xFBC2, 0xFC6B, 0xFD0B, 0xFDC4,  0xFE75, 0xFF34, 0xFFEE, 0x00AE,
  0x0168, 0x021F, 0x02D3, 0x037A,  0x041D, 0x04B2, 0x053B, 0x05B5,
  0x0620, 0x067C, 0x06C2, 0x06FF,  0x071D, 0x0730, 0x072D, 0x0717,
  0x06EF, 0x06B1, 0x0665, 0x0605,  0x0595, 0x0518, 0x048A, 0x03F5,
  0x034D, 0x02A7, 0x01EE, 0x013B,  0x007D, 0xFFC0, 0xFF06, 0xFE4A,
  0xFD99, 0xFCE8, 0xFC44, 0xFBA7,  0xFB18, 0xFA97, 0xFA20, 0xF9C1,
  0xF967, 0xF92D, 0xF8F9, 0xF8E1,  0xF8D6, 0xF8E2, 0xF8FE, 0xF932,
  0xF974, 0xF9C8, 0xFA2F, 0xFAA4,  0xFB27, 0xFBB9, 0xFC55, 0xFCFB,
  0xFDAA, 0xFE5E, 0xFF16, 0xFFD3,  0x008F, 0x0147, 0x0200, 0x02AF,
  0x035C, 0x03FA, 0x0491, 0x051C,  0x0595, 0x0606, 0x065E, 0x06AB,
  0x06E7, 0x0709, 0x071F, 0x0720,  0x070B, 0x06E8, 0x06AC, 0x0664,
  0x0608, 0x059C, 0x051F, 0x0499,  0x0401, 0x0364, 0x02B7, 0x020C,
  0x0150, 0x009B, 0xFFDF, 0xFF21,  0xFE70, 0xFDB5, 0xFD0C, 0xFC64,
  0xFBC8, 0xFB3A, 0xFAB3, 0xFA42,  0xF9D8, 0xF987, 0xF941, 0xF910,
  0xF8F3, 0xF8E6, 0xF8F0, 0xF907,  0xF939, 0xF974, 0xF9CC, 0xFA26,
  0xFAA2, 0xFB18, 0xFBAF, 0xFC41,  0xFCE9, 0xFD93, 0xFE45, 0xFEFC,
  0xFFB7, 0x006E, 0x012B, 0x01DD,  0x0290, 0x0339, 0x03DA, 0x0471,
  0x04FC, 0x0576, 0x05EA, 0x0640,  0x0696, 0x06CB, 0x06FA, 0x070A,
  0x0711, 0x0701, 0x06DE, 0x06A9,  0x0662, 0x0608, 0x05A4, 0x0525,
  0x04A6, 0x0410, 0x0374, 0x02D1,  0x021A, 0x0172, 0x00B0, 0x0000,
  0xFF40, 0xFE8C, 0xFDD8, 0xFD2C,  0xFC84, 0xFBEC, 0xFB56, 0xFAD6,
  0xFA5D, 0xF9F6, 0xF9A0, 0xF95C,  0xF923, 0xF908, 0xF8F5, 0xF8FE,
  0xF911, 0xF941, 0xF975, 0xF9CF,  0xFA20, 0xFA9D, 0xFB0E, 0xFBA2,
  0xFC30, 0xFCD7, 0xFD7E, 0xFE2C,  0xFEE4, 0xFF97, 0x0053, 0x010B,
  0x01BE, 0x026F, 0x0318, 0x03B9,  0x0451, 0x04DB, 0x0559, 0x05CA,
  0x0629, 0x0678, 0x06B8, 0x06E0,  0x06FD, 0x06FF, 0x06F7, 0x06D5,
  0x06A3, 0x065F, 0x060C, 0x05A4,  0x0533, 0x04AD, 0x041F, 0x0388,
  0x02DE, 0x023A, 0x0183, 0x00D0,  0x001A, 0xFF5F, 0xFEAC, 0xFDF9,
  0xFD4B, 0xFCA7, 0xFC0A, 0xFB78,  0xFAF5, 0xFA7B, 0xFA13, 0xF9BA,
  0xF973, 0xF93C, 0xF91A, 0xF906,  0xF90C, 0xF91C, 0xF946, 0xF97E,
  0xF9CA, 0xFA24, 0xFA90, 0xFB0B,  0xFB90, 0xFC26, 0xFCC1, 0xFD69,
  0xFE17, 0xFEC6, 0xFF80, 0x0034,  0x00EB, 0x01A0, 0x024E, 0x02F7,
  0x039A, 0x042E, 0x04BD, 0x053B,  0x05AB, 0x060F, 0x065D, 0x069F,
  0x06CE, 0x06E8, 0x06F2, 0x06E8,  0x06CC, 0x069E, 0x065C, 0x060C,
  0x05A9, 0x0539, 0x04B8, 0x042E,  0x0395, 0x02F5, 0x024E, 0x019B,
  0x00ED, 0x0032, 0xFF80, 0xFEC9,  0xFE19, 0xFD6C, 0xFCC8, 0xFC29,
  0xFB9A, 0xFB12, 0xFA9A, 0xFA2F,  0xF9D6, 0xF98A, 0xF956, 0xF929,
  0xF91C, 0xF916, 0xF92B, 0xF94B,  0xF985, 0xF9C9, 0xFA25, 0xFA88,
  0xFB05, 0xFB82, 0xFC19, 0xFCAF,  0xFD55, 0xFE00, 0xFEAD, 0xFF64,
  0x0018, 0x00CD, 0x0180, 0x022F,  0x02D5, 0x037A, 0x040F, 0x049D,
  0x051B, 0x0590, 0x05F0, 0x0647,  0x0686, 0x06B8, 0x06D5, 0x06E3,
  0x06DA, 0x06C4, 0x0695, 0x065A,  0x060B, 0x05AD, 0x053F, 0x04C2,
  0x043A, 0x03A7, 0x0305, 0x0266,  0x01B1, 0x0108, 0x004D, 0xFF9E,
  0xFEE7, 0xFE39, 0xFD8C, 0xFCE7,  0xFC4C, 0xFBB7, 0xFB34, 0xFAB5,
  0xFA4F, 0xF9ED, 0xF9A8, 0xF967,  0xF943, 0xF929, 0xF928, 0xF935,
  0xF955, 0xF988, 0xF9CE, 0xFA21,  0xFA86, 0xFAFB, 0xFB79, 0xFC09,
  0xFCA0, 0xFD40, 0xFDEA, 0xFE96,  0xFF48, 0xFFFD, 0x00AE, 0x0163,
  0x020C, 0x02BA, 0x0354, 0x03F4,  0x0479, 0x0501, 0x056C, 0x05DB,
  0x0627, 0x0672, 0x06A0, 0x06C2,  0x06D3, 0x06CC, 0x06B9, 0x068F,
  0x0655, 0x060B, 0x05AF, 0x0544,  0x04CE, 0x0442, 0x03BA, 0x0315,
  0x027A, 0x01CB, 0x011D, 0x006C,  0xFFB8, 0xFF07, 0xFE57, 0xFDAC,
  0xFD08, 0xFC6A, 0xFBD9, 0xFB50,  0xFAD7, 0xFA68, 0xFA0D, 0xF9BC,
  0xF982, 0xF956, 0xF93C, 0xF936,  0xF943, 0xF95C, 0xF991, 0xF9CD,
  0xFA23, 0xFA81, 0xFAF3, 0xFB71,  0xFBF9, 0xFC91, 0xFD2C, 0xFDD5,
  0xFE7E, 0xFF2F, 0xFFDF, 0x0093,  0x0142, 0x01F0, 0x0297, 0x0337,
  0x03D1, 0x045C, 0x04E0, 0x0552,  0x05BB, 0x0610, 0x0657, 0x068A,
  0x06B2, 0x06BE, 0x06C2, 0x06AA,  0x068B, 0x064D, 0x060D, 0x05AD,
  0x054E, 0x04D1, 0x0454, 0x03C1,  0x032D, 0x028A, 0x01E2, 0x0137,
  0x0084, 0xFFD8, 0xFF21, 0xFE78,  0xFDCB, 0xFD26, 0xFC8E, 0xFBF4,
  0xFB73, 0xFAF2, 0xFA88, 0xFA25,  0xF9D7, 0xF99A, 0xF969, 0xF951,
  0xF944, 0xF94F, 0xF968, 0xF995,  0xF9D2, 0xFA23, 0xFA7D, 0xFAED,
  0xFB66, 0xFBEF, 0xFC7F, 0xFD1B,  0xFDBF, 0xFE66, 0xFF18, 0xFFC2,
  0x0077, 0x0124, 0x01D0, 0x0278,  0x0318, 0x03B0, 0x043F, 0x04BF,
  0x0536, 0x059E, 0x05F5, 0x0641,  0x0671, 0x069F, 0x06AC, 0x06B3,
  0x06A2, 0x067D, 0x064E, 0x0604,  0x05B6, 0x054B, 0x04E0, 0x0458,
  0x03D5, 0x0339, 0x02A0, 0x01F7,  0x014F, 0x00A0, 0xFFF1, 0xFF40,
  0xFE97, 0xFDE6, 0xFD4D, 0xFCA5,  0xFC1C, 0xFB8C, 0xFB13, 0xFAA3,
  0xFA42, 0xF9F1, 0xF9B0, 0xF980,  0xF962, 0xF955, 0xF95D, 0xF971,
  0xF99C, 0xF9D8, 0xFA20, 0xFA7E,  0xFAE5, 0xFB5F, 0xFBE0, 0xFC74,
  0xFD05, 0xFDAF, 0xFE4D, 0xFEFF,  0xFFA8, 0x005B, 0x0105, 0x01B4,
  0x0257, 0x02F9, 0x0391, 0x041D,  0x04A3, 0x0518, 0x0582, 0x05D9,
  0x0629, 0x065A, 0x068B, 0x069A,  0x06A6, 0x0692, 0x0679, 0x0643,
  0x0607, 0x05B0, 0x0556, 0x04E0,  0x0469, 0x03DC, 0x034E, 0x02AF,
  0x0210, 0x0163, 0x00BB, 0x000C,  0xFF5E, 0xFEB3, 0xFE08, 0xFD67,
  0xFCCB, 0xFC35, 0xFBB0, 0xFB2E,  0xFAC2, 0xFA5D, 0xFA0A, 0xF9C8,
  0xF997, 0xF974, 0xF967, 0xF969,  0xF97C, 0xF9A6, 0xF9D9, 0xFA23,
  0xFA7D, 0xFADE, 0xFB57, 0xFBD7,  0xFC60, 0xFCFC, 0xFD93, 0xFE3D,
  0xFEE2, 0xFF92, 0x003B, 0x00EC,  0x0192, 0x023A, 0x02D9, 0x0371,
  0x0400, 0x0483, 0x04FB, 0x0564,  0x05C2, 0x060B, 0x0648, 0x0672,
  0x068B, 0x0695, 0x0686, 0x066E,  0x0640, 0x0600, 0x05B5, 0x0553,
  0x04EB, 0x0470, 0x03EB, 0x035B,  0x02C3, 0x0221, 0x017F, 0x00D0,
  0x002A, 0xFF77, 0xFED2, 0xFE27,  0xFD85, 0xFCEA, 0xFC56, 0xFBCC,
  0xFB4F, 0xFADC, 0xFA7A, 0xFA25,  0xF9DE, 0xF9AF, 0xF985, 0xF97B,
  0xF974, 0xF98B, 0xF9AB, 0xF9DF,  0xFA27, 0xFA77, 0xFADF, 0xFB4C,
  0xFBCC, 0xFC56, 0xFCE6, 0xFD85,  0xFE24, 0xFECC, 0xFF78, 0x0020,
  0x00CE, 0x0176, 0x021B, 0x02B9,  0x0353, 0x03DF, 0x0467, 0x04DD,
  0x0548, 0x05A4, 0x05F5, 0x062E,  0x0660, 0x0677, 0x0685, 0x067A,
  0x0663, 0x0638, 0x05FF, 0x05B1,  0x0559, 0x04EF, 0x0479, 0x03F7,
  0x036A, 0x02D3, 0x0239, 0x0190,  0x00EE, 0x003E, 0xFF99, 0xFEEA,
  0xFE49, 0xFDA1, 0xFD0C, 0xFC72,  0xFBED, 0xFB6B, 0xFAFA, 0xFA97,
  0xFA3E, 0xF9F8, 0xF9C3, 0xF99B,  0xF98B, 0xF984, 0xF995, 0xF9B6,
  0xF9E2, 0xFA2C, 0xFA75, 0xFADC,  0xFB43, 0xFBC5, 0xFC46, 0xFCD9,
  0xFD71, 0xFE0F, 0xFEB6, 0xFF5E,  0x0005, 0x00B2, 0x0158, 0x01FD,
  0x029A, 0x0336, 0x03BE, 0x0449,  0x04C0, 0x0529, 0x058E, 0x05D6,
  0x061D, 0x0644, 0x066A, 0x066F,  0x0672, 0x0655, 0x0633, 0x05F8,
  0x05B3, 0x0558, 0x04F6, 0x0480,  0x0403, 0x0377, 0x02E6, 0x0248,
  0x01AB, 0x0102, 0x005A, 0xFFB3,  0xFF07, 0xFE67, 0xFDC0, 0xFD29,
  0xFC92, 0xFC0B, 0xFB8B, 0xFB15,  0xFAB3, 0xFA59, 0xFA0F, 0xF9DC,
  0xF9AE, 0xF99C, 0xF993, 0xF9A2,  0xF9BF, 0xF9EA, 0xFA2D, 0xFA75,
  0xFAD8, 0xFB40, 0xFBB9, 0xFC3B,  0xFCCA, 0xFD5D, 0xFDFE, 0xFE9D,
  0xFF46, 0xFFED, 0x0093, 0x013E,  0x01DC, 0x027F, 0x0314, 0x03A1,
  0x042B, 0x04A0, 0x0511, 0x056F,  0x05BE, 0x0605, 0x062E, 0x0657,
  0x065F, 0x0663, 0x064B, 0x062A,  0x05F4, 0x05B0, 0x055A, 0x04FA,
  0x0488, 0x040D, 0x0386, 0x02F4,  0x025E, 0x01BD, 0x011A, 0x0076,
  0xFFC8, 0xFF2C, 0xFE7B, 0xFDE5,  0xFD43, 0xFCB2, 0xFC2B, 0xFBA5,
  0xFB37, 0xFACA, 0xFA77, 0xFA26,  0xF9F3, 0xF9C3, 0xF9AE, 0xF9A4,
  0xF9AC, 0xF9CB, 0xF9F0, 0xFA30,  0xFA77, 0xFAD5, 0xFB3A, 0xFBB0,
  0xFC30, 0xFCB9, 0xFD50, 0xFDE7,  0xFE89, 0xFF2D, 0xFFD2, 0x0079,
  0x0122, 0x01BD, 0x0263, 0x02F2,  0x0387, 0x0409, 0x0485, 0x04F3,
  0x0554, 0x05A6, 0x05EA, 0x061C,  0x063F, 0x0652, 0x0652, 0x0642,
  0x0620, 0x05EE, 0x05AE, 0x055C,  0x04FB, 0x0492, 0x0415, 0x0393,
  0x0305, 0x026D, 0x01D4, 0x0130,  0x008D, 0xFFE7, 0xFF41, 0xFE9F,
  0xFDFC, 0xFD66, 0xFCCF, 0xFC48,  0xFBC6, 0xFB50, 0xFAEA, 0xFA8D,
  0xFA45, 0xFA03, 0xF9DF, 0xF9BB,  0xF9B7, 0xF9B8, 0xF9D4, 0xF9FA,
  0xFA33, 0xFA79, 0xFAD2, 0xFB35,  0xFBA8, 0xFC25, 0xFCAC, 0xFD3F,
  0xFDD2, 0xFE76, 0xFF13, 0xFFBC,  0x005D, 0x0103, 0x01A4, 0x0241,
  0x02D8, 0x0366, 0x03EB, 0x0469,  0x04D6, 0x0539, 0x058B, 0x05D2,
  0x0607, 0x062B, 0x0640, 0x0643,  0x0635, 0x0619, 0x05E7, 0x05AB,
  0x055C, 0x04FE, 0x0499, 0x041C,  0x03A3, 0x030F, 0x0283, 0x01E6,
  0x0146, 0x00A6, 0x0000, 0xFF5D,  0xFEBA, 0xFE1C, 0xFD82, 0xFCEE,
  0xFC67, 0xFBE1, 0xFB70, 0xFB04,  0xFAA9, 0xFA5D, 0xFA1C, 0xF9F2,
  0xF9CF, 0xF9C7, 0xF9C6, 0xF9DE,  0xFA04, 0xFA33, 0xFA80, 0xFACC,
  0xFB36, 0xFB9D, 0xFC1C, 0xFC9E,  0xFD2E, 0xFDC3, 0xFE5E, 0xFEFF,
  0xFFA0, 0x0045, 0x00E6, 0x0189,  0x0220, 0x02BD, 0x0346, 0x03D0,
  0x0449, 0x04BA, 0x051D, 0x0571,  0x05BC, 0x05ED, 0x061B, 0x0629,
  0x0639, 0x0625, 0x0612, 0x05DE,  0x05A9, 0x055A, 0x0503, 0x049C,
  0x0427, 0x03AB, 0x0322, 0x028F,  0x01FD, 0x0159, 0x00C0, 0x0017,
  0xFF7B, 0xFED3, 0xFE3B, 0xFD9F,  0xFD0C, 0xFC84, 0xFC00, 0xFB8C,
  0xFB21, 0xFAC3, 0xFA77, 0xFA32,  0xFA08, 0xF9E3, 0xF9D7, 0xF9D5,
  0xF9E9, 0xFA0A, 0xFA3D, 0xFA7F,  0xFACE, 0xFB2E, 0xFB9A, 0xFC10,
  0xFC94, 0xFD1C, 0xFDB4, 0xFE46,  0xFEED, 0xFF84, 0x002D, 0x00CB,
  0x016B, 0x0205, 0x029D, 0x0329,  0x03B3, 0x042A, 0x049F, 0x0501,
  0x0557, 0x05A3, 0x05D7, 0x0605,  0x061A, 0x0625, 0x061C, 0x0604,
  0x05DA, 0x05A2, 0x055B, 0x0505,  0x049E, 0x0434, 0x03B1, 0x0332,
  0x02A0, 0x020E, 0x0170, 0x00D6,  0x0030, 0xFF95, 0xFEF0, 0xFE55,
  0xFDC0, 0xFD26, 0xFCA5, 0xFC1B,  0xFBAA, 0xFB3C, 0xFADF, 0xFA8F,
  0xFA4C, 0xFA1C, 0xF9F6, 0xF9EA,  0xF9E1, 0xF9F8, 0xFA11, 0xFA43,
  0xFA82, 0xFACD, 0xFB2E, 0xFB91,  0xFC08, 0xFC88, 0xFD0D, 0xFDA2,
  0xFE36, 0xFED1, 0xFF73, 0x000E,  0x00B4, 0x014C, 0x01EC, 0x027B,
  0x0310, 0x0392, 0x040F, 0x0482,  0x04E4, 0x0540, 0x0588, 0x05C1,
  0x05F1, 0x0605, 0x0619, 0x060B,  0x05FB, 0x05D3, 0x059C, 0x055A,
  0x0505, 0x04A5, 0x0437, 0x03C1,  0x0339, 0x02B5, 0x021B, 0x0189,
  0x00E8, 0x004D, 0xFFAB, 0xFF0E,  0xFE70, 0xFDDC, 0xFD46, 0xFCC0,
  0xFC3A, 0xFBC6, 0xFB59, 0xFAF9,  0xFAA9, 0xFA64, 0xFA30, 0xFA0E,
  0xF9F6, 0xF9F7, 0xF9FD, 0xFA1F,  0xFA48, 0xFA86, 0xFACE, 0xFB2A,
  0xFB8D, 0xFC00, 0xFC7A, 0xFD03,  0xFD8E, 0xFE25, 0xFEBB, 0xFF5C,
  0xFFF6, 0x0099, 0x0131, 0x01CD,  0x0262, 0x02EF, 0x0377, 0x03F0,
  0x0466, 0x04CA, 0x0524, 0x0570,  0x05A9, 0x05DC, 0x05F4, 0x0606,
  0x05FE, 0x05F1, 0x05C9, 0x0598,  0x0557, 0x0506, 0x04A8, 0x043F,
  0x03C7, 0x034A, 0x02BF, 0x0231,  0x0199, 0x0101, 0x0063, 0xFFC4,
  0xFF2A, 0xFE8C, 0xFDF8, 0xFD65,  0xFCD9, 0xFC5D, 0xFBDD, 0xFB7A,
  0xFB10, 0xFAC4, 0xFA7D, 0xFA46,  0xFA21, 0xFA09, 0xFA05, 0xFA0A,
  0xFA2B, 0xFA4C, 0xFA8E, 0xFACC,  0xFB29, 0xFB87, 0xFBFA, 0xFC6F,
  0xFCF5, 0xFD7E, 0xFE12, 0xFEA8,  0xFF44, 0xFFDF, 0x007C, 0x0119,
  0x01AF, 0x0246, 0x02D2, 0x0359,  0x03D3, 0x044B, 0x04AC, 0x050C,
  0x0554, 0x0596, 0x05C3, 0x05E3,  0x05F3, 0x05F3, 0x05E1, 0x05C5,
  0x058E, 0x0557, 0x0503, 0x04AE,  0x0442, 0x03D3, 0x0355, 0x02CB,
  0x0244, 0x01AC, 0x0115, 0x007D,  0xFFDA, 0xFF47, 0xFEA4, 0xFE19,
  0xFD7C, 0xFCFD, 0xFC73, 0xFC00,  0xFB91, 0xFB2F, 0xFADB, 0xFA96,
  0xFA5D, 0xFA34, 0xFA1D, 0xFA13,  0xFA1A, 0xFA32, 0xFA56, 0xFA90,
  0xFAD1, 0xFB25, 0xFB86, 0xFBEE,  0xFC6A, 0xFCE5, 0xFD71, 0xFE00,
  0xFE92, 0xFF2F, 0xFFC7, 0x0063,  0x00FF, 0x0191, 0x022D, 0x02AF,
  0x0342, 0x03B3, 0x0430, 0x0490,  0x04F2, 0x053A, 0x0580, 0x05AB,
  0x05D3, 0x05DF, 0x05E6, 0x05D5,  0x05BA, 0x058A, 0x0552, 0x0504,
  0x04AF, 0x0449, 0x03D8, 0x0364,  0x02D7, 0x0255, 0x01BE, 0x012A,
  0x0093, 0xFFF5, 0xFF5D, 0xFEC4,  0xFE2F, 0xFD9F, 0xFD15, 0xFC92,
  0xFC1D, 0xFBAB, 0xFB4D, 0xFAF2,  0xFAB1, 0xFA71, 0xFA4D, 0xFA2B,
  0xFA25, 0xFA28, 0xFA3C, 0xFA60,  0xFA93, 0xFAD5, 0xFB23, 0xFB83,
  0xFBE9, 0xFC5D, 0xFCDE, 0xFD5C,  0xFDF3, 0xFE7D, 0xFF1B, 0xFFAE,
  0x004B, 0x00E2, 0x017B, 0x020B,  0x0298, 0x0320, 0x039A, 0x0412,
  0x0476, 0x04D5, 0x0524, 0x0564,  0x059A, 0x05BB, 0x05D0, 0x05D6,
  0x05C7, 0x05B3, 0x0581, 0x054E,  0x0504, 0x04AF, 0x044F, 0x03E0,
  0x036C, 0x02E7, 0x0263, 0x01CF,  0x0142, 0x00A4, 0x0011, 0xFF75,
  0xFEDF, 0xFE4A, 0xFDBD, 0xFD2E,  0xFCB4, 0xFC34, 0xFBCB, 0xFB64,
  0xFB11, 0xFAC3, 0xFA8E, 0xFA5D,  0xFA40, 0xFA37, 0xFA32, 0xFA4B,
  0xFA66, 0xFA9B, 0xFAD6, 0xFB25,  0xFB7D, 0xFBE6, 0xFC53, 0xFCD1,
  0xFD52, 0xFDDE, 0xFE6F, 0xFF01,  0xFF9B, 0x0030, 0x00CB, 0x015C,
  0x01F3, 0x0279, 0x0305, 0x037E,  0x03F3, 0x045E, 0x04B8, 0x050B,
  0x054F, 0x0580, 0x05AA, 0x05BE,  0x05C4, 0x05BE, 0x05A5, 0x057C,
  0x0549, 0x0500, 0x04B3, 0x0453,  0x03E6, 0x0376, 0x02F4, 0x0270,
  0x01E5, 0x0150, 0x00BF, 0x0025,  0xFF90, 0xFEF7, 0xFE68, 0xFDD4,
  0xFD53, 0xFCC6, 0xFC59, 0xFBE1,  0xFB83, 0xFB28, 0xFADF, 0xFAA1,
  0xFA76, 0xFA52, 0xFA46, 0xFA43,  0xFA56, 0xFA6F, 0xFAA2, 0xFAD9,
  0xFB26, 0xFB7B, 0xFBDF, 0xFC4D,  0xFCC5, 0xFD45, 0xFDCF, 0xFE5A,
  0xFEF0, 0xFF81, 0x001B, 0x00AF,  0x0144, 0x01D6, 0x025E, 0x02E8,
  0x0363, 0x03D9, 0x0444, 0x04A1,  0x04F5, 0x053A, 0x0571, 0x059A,
  0x05B3, 0x05BC, 0x05B9, 0x05A2,  0x0581, 0x054B, 0x050B, 0x04BD,
  0x0461, 0x03FA, 0x0389, 0x030A,  0x028C, 0x01FA, 0x0171, 0x00D8,
  0x0043, 0xFFAE, 0xFF15, 0xFE82,  0xFDF4, 0xFD65, 0xFCE7, 0xFC67,
  0xFBF8, 0xFB92, 0xFB35, 0xFAE9,  0xFAA7, 0xFA77, 0xFA52, 0xFA40,
  0xFA3B, 0xFA47, 0xFA61, 0xFA8A,  0xFAC6, 0xFB08, 0xFB61, 0xFBBE,
  0xFC2C, 0xFCA2, 0xFD21, 0xFDAA,  0xFE35, 0xFECB, 0xFF5D, 0xFFF9,
  0x008D, 0x0126, 0x01B7, 0x0247,  0x02D0, 0x0351, 0x03C9, 0x0437,
  0x0498, 0x04F2, 0x0539, 0x0574,  0x05A1, 0x05BE, 0x05CC, 0x05CA,
  0x05B8, 0x0599, 0x0567, 0x052A,  0x04DC, 0x0485, 0x041D, 0x03AD,
  0x0332, 0x02AE, 0x0225, 0x0194,  0x00FD, 0x0069, 0xFFCD, 0xFF36,
  0xFEA1, 0xFE0C, 0xFD83, 0xFCF7,  0xFC7C, 0xFC05, 0xFB9C, 0xFB3E,
  0xFAEA, 0xFAA7, 0xFA72, 0xFA49,  0xFA34, 0xFA2B, 0xFA32, 0xFA4D,
  0xFA6E, 0xFAAA, 0xFAEB, 0xFB3C,  0xFB9F, 0xFC05, 0xFC7E, 0xFCFB,
  0xFD82, 0xFE12, 0xFEA3, 0xFF3B,  0xFFD3, 0x006E, 0x0105, 0x019C,
  0x022D, 0x02B8, 0x033C, 0x03BB,  0x0427, 0x0493, 0x04EB, 0x0535,
  0x057B, 0x05A3, 0x05CC, 0x05D8,  0x05DB, 0x05CE, 0x05B1, 0x0582,
  0x0548, 0x04FB, 0x04A7, 0x0441,  0x03D2, 0x0356, 0x02D8, 0x0246,
  0x01BD, 0x0121, 0x008C, 0xFFF1,  0xFF57, 0xFEBD, 0xFE2B, 0xFD97,
  0xFD12, 0xFC8C, 0xFC15, 0xFBA8,  0xFB43, 0xFAF0, 0xFAA6, 0xFA6F,
  0xFA40, 0xFA29, 0xFA1A, 0xFA21,  0xFA35, 0xFA57, 0xFA8B, 0xFACE,
  0xFB1C, 0xFB7A, 0xFBE4, 0xFC57,  0xFCD5, 0xFD5F, 0xFDE7, 0xFE82,
  0xFF14, 0xFFB1, 0x004C, 0x00E4,  0x0180, 0x0211, 0x02A1, 0x0328,
  0x03A7, 0x041D, 0x0486, 0x04E5,  0x0537, 0x0577, 0x05AE, 0x05D0,
  0x05EA, 0x05EA, 0x05E3, 0x05C6,  0x059F, 0x0563, 0x051C, 0x04C8,
  0x0464, 0x03F6, 0x037D, 0x02FB,  0x0270, 0x01E0, 0x0148, 0x00AE,
  0x0017, 0xFF72, 0xFEE3, 0xFE41,  0xFDB6, 0xFD25, 0xFCA1, 0xFC27,
  0xFBB4, 0xFB52, 0xFAF3, 0xFAAF,  0xFA6A, 0xFA46, 0xFA1F, 0xFA16,
  0xFA15, 0xFA29, 0xFA48, 0xFA7A,  0xFAB9, 0xFB08, 0xFB62, 0xFBCB,
  0xFC3D, 0xFCBA, 0xFD41, 0xFDCE,  0xFE5F, 0xFEFC, 0xFF8F, 0x0030,
  0x00CA, 0x015E, 0x01FA, 0x0284,  0x030E, 0x0391, 0x0404, 0x0471,
  0x04D3, 0x0522, 0x056B, 0x059D,  0x05C6, 0x05DE, 0x05E6, 0x05DB,
  0x05C6, 0x059B, 0x0567, 0x0521,  0x04CD, 0x046D, 0x0401, 0x038A,
  0x030A, 0x0282, 0x01F1, 0x015E,  0x00C7, 0x0029, 0xFF93, 0xFEF6,
  0xFE62, 0xFDD0, 0xFD42, 0xFCBF,  0xFC43, 0xFBD1, 0xFB6B, 0xFB11,
  0xFAC3, 0xFA88, 0xFA55, 0xFA37,  0xFA25, 0xFA23, 0xFA36, 0xFA50,
  0xFA80, 0xFABF, 0xFB04, 0xFB63,  0xFBC3, 0xFC36, 0xFCAF, 0xFD33,
  0xFDBB, 0xFE52, 0xFEE0, 0xFF80,  0x0012, 0x00B1, 0x0146, 0x01DA,
  0x026A, 0x02F2, 0x0371, 0x03EB,  0x0454, 0x04B7, 0x050A, 0x0551,
  0x0589, 0x05B0, 0x05CD, 0x05D3,  0x05D1, 0x05B9, 0x0595, 0x0561,
  0x051E, 0x04CE, 0x0472, 0x0406,  0x0396, 0x0313, 0x0293, 0x0202,
  0x0171, 0x00DC, 0x0042, 0xFFAA,  0xFF14, 0xFE79, 0xFDEF, 0xFD5D,
  0xFCDC, 0xFC62, 0xFBE8, 0xFB8C,  0xFB27, 0xFAE0, 0xFA9C, 0xFA6C,
  0xFA4A, 0xFA36, 0xFA34, 0xFA40,  0xFA5B, 0xFA87, 0xFABF, 0xFB0C,
  0xFB5B, 0xFBC1, 0xFC2D, 0xFCA5,  0xFD25, 0xFDAF, 0xFE3A, 0xFED1,
  0xFF65, 0xFFFE, 0x0095, 0x012D,  0x01BE, 0x024D, 0x02D6, 0x0355,
  0x03CD, 0x043B, 0x0499, 0x04F3,  0x0536, 0x0574, 0x059B, 0x05B9,
  0x05C5, 0x05C1, 0x05AE, 0x058D,  0x055C, 0x051A, 0x04D1, 0x0471,
  0x0410, 0x039C, 0x0321, 0x02A0,  0x0212, 0x0186, 0x00EE, 0x005C,
  0xFFC1, 0xFF2D, 0xFE97, 0xFE07,  0xFD7C, 0xFCF7, 0xFC7E, 0xFC06,
  0xFBA5, 0xFB42, 0xFAFA, 0xFAB2,  0xFA83, 0xFA5D, 0xFA48, 0xFA44,
  0xFA4B, 0xFA67, 0xFA8D, 0xFAC5,  0xFB0C, 0xFB5A, 0xFBBF, 0xFC22,
  0xFC9F, 0xFD15, 0xFDA2, 0xFE28,  0xFEBD, 0xFF4F, 0xFFE8, 0x007A,
  0x0114, 0x01A2, 0x0233, 0x02B7,  0x033B, 0x03AF, 0x0420, 0x0480,
  0x04D5, 0x0523, 0x0558, 0x058B,  0x05A1, 0x05B8, 0x05B1, 0x05A4,
  0x0583, 0x0555, 0x0519, 0x04CC,  0x047A, 0x040F, 0x03A9, 0x0329,
  0x02AD, 0x0226, 0x0193, 0x0109,  0x006C, 0xFFDC, 0xFF47, 0xFEAE,
  0xFE28, 0xFD93, 0xFD17, 0xFC97,  0xFC25, 0xFBBD, 0xFB60, 0xFB0F,
  0xFACF, 0xFA95, 0xFA74, 0xFA59,  0xFA53, 0xFA59, 0xFA72, 0xFA94,
  0xFACB, 0xFB0C, 0xFB5C, 0xFBB8,  0xFC1F, 0xFC92, 0xFD0D, 0xFD90,
  0xFE1A, 0xFEA8, 0xFF3B, 0xFFCF,  0x0065, 0x00F7, 0x0189, 0x0217,
  0x029B, 0x031F, 0x0393, 0x0404,  0x0466, 0x04BC, 0x0507, 0x0545,
  0x0571, 0x0594, 0x05A1, 0x05A7,  0x0594, 0x057C, 0x054E, 0x0513,
  0x04D0, 0x0475, 0x041A, 0x03AD,  0x0335, 0x02BA, 0x0234, 0x01A7,
  0x0119, 0x0087, 0xFFF0, 0xFF60,  0xFECB, 0xFE3E, 0xFDB5, 0xFD2E,
  0xFCB5, 0xFC40, 0xFBD8, 0xFB7C,  0xFB28, 0xFAE4, 0xFAAF, 0xFA85,
  0xFA6F, 0xFA5F, 0xFA6B, 0xFA78,  0xFAA1, 0xFACE, 0xFB0F, 0xFB5D,
  0xFBB4, 0xFC1A, 0xFC89, 0xFD02,  0xFD81, 0xFE0B, 0xFE94, 0xFF28,
  0xFFB8, 0x004C, 0x00DF, 0x016E,  0x01FA, 0x0282, 0x0300, 0x037A,
  0x03E6, 0x044C, 0x04A2, 0x04EF,  0x052D, 0x055D, 0x057E, 0x0592,
  0x0596, 0x058A, 0x0570, 0x0547,  0x0510, 0x04CC, 0x047A, 0x041B,
  0x03B4, 0x0340, 0x02C6, 0x0242,  0x01BA, 0x012A, 0x009D, 0x0008,
  0xFF77, 0xFEE6, 0xFE58, 0xFDCF,  0xFD4C, 0xFCD0, 0xFC5B, 0xFBF6,
  0xFB91, 0xFB46, 0xFAF9, 0xFAC7,  0xFA9A, 0xFA80, 0xFA73, 0xFA72,
  0xFA8B, 0xFAA4, 0xFAD8, 0xFB11,  0xFB5B, 0xFBB5, 0xFC12, 0xFC82,
  0xFCF7, 0xFD74, 0xFDFB, 0xFE83,  0xFF12, 0xFFA5, 0x0032, 0x00C7,
  0x0154, 0x01DF, 0x0268, 0x02E3,  0x035E, 0x03CB, 0x0431, 0x0488,
  0x04D7, 0x0514, 0x0549, 0x0568,  0x0584, 0x0582, 0x0580, 0x0565,
  0x053E, 0x050E, 0x04C8, 0x0479,  0x0422, 0x03B7, 0x034C, 0x02D0,
  0x0251, 0x01C9, 0x013F, 0x00AF,  0x0021, 0xFF8E, 0xFEFF, 0xFE72,
  0xFDEB, 0xFD67, 0xFCEB, 0xFC7A,  0xFC0A, 0xFBB3, 0xFB5A, 0xFB16,
  0xFADA, 0xFAB0, 0xFA91, 0xFA85,  0xFA84, 0xFA91, 0xFAB3, 0xFADA,
  0xFB17, 0xFB5D, 0xFBB1, 0xFC10,  0xFC78, 0xFCF0, 0xFD63, 0xFDF1,
  0xFE6C, 0xFF04, 0xFF8A, 0x001F,  0x00AD, 0x013B, 0x01C4, 0x024C,
  0x02C9, 0x0343, 0x03AE, 0x0418,  0x046D, 0x04BF, 0x04FD, 0x0531,
  0x0558, 0x056C, 0x0579, 0x056E,  0x055B, 0x0538, 0x0505, 0x04C7,
  0x047B, 0x0421, 0x03C2, 0x0351,  0x02DB, 0x0260, 0x01D7, 0x0155,
  0x00C0, 0x0039, 0xFFA4, 0xFF18,  0xFE8E, 0xFE03, 0xFD83, 0xFD07,
  0xFC94, 0xFC28, 0xFBCB, 0xFB73,  0xFB2F, 0xFAF1, 0xFAC5, 0xFAA6,
  0xFA94, 0xFA93, 0xFA9E, 0xFABC,  0xFAE1, 0xFB1E, 0xFB5A, 0xFBB5,
  0xFC06, 0xFC77, 0xFCE1, 0xFD5D,  0xFDDD, 0xFE60, 0xFEED, 0xFF79,
  0x0005, 0x0098, 0x011F, 0x01AD,  0x022E, 0x02B0, 0x0325, 0x0398,
  0x03F7, 0x0459, 0x04A1, 0x04E8,  0x051B, 0x0543, 0x055B, 0x0567,
  0x0560, 0x0552, 0x052C, 0x0503,  0x04C0, 0x047C, 0x0424, 0x03C4,
  0x035C, 0x02E4, 0x026C, 0x01EA,  0x0161, 0x00D9, 0x004A, 0xFFBE,
  0xFF30, 0xFEA7, 0xFE1E, 0xFD9E,  0xFD22, 0xFCAE, 0xFC45, 0xFBE3,
  0xFB8F, 0xFB45, 0xFB0A, 0xFAD7,  0xFABC, 0xFAA4, 0xFAA3, 0xFAAB,
  0xFAC5, 0xFAEA, 0xFB22, 0xFB5D,  0xFBB2, 0xFC06, 0xFC6E, 0xFCDA,
  0xFD50, 0xFDCF, 0xFE51, 0xFED9,  0xFF66, 0xFFEF, 0x0080, 0x0106,
  0x0193, 0x0214, 0x0295, 0x030B,  0x037A, 0x03E0, 0x043C, 0x048A,
  0x04D0, 0x0504, 0x052F, 0x0548,  0x0556, 0x0554, 0x0543, 0x0527,
  0x04F7, 0x04C1, 0x0479, 0x0425,  0x03CB, 0x0360, 0x02F0, 0x0279,
  0x01F5, 0x0177, 0x00E8, 0x0061,  0xFFD4, 0xFF47, 0xFEC1, 0xFE39,
  0xFDB6, 0xFD3F, 0xFCC8, 0xFC60,  0xFBFE, 0xFBA7, 0xFB5E, 0xFB21,
  0xFAEE, 0xFACE, 0xFAB6, 0xFAB3,  0xFAB8, 0xFACF, 0xFAF5, 0xFB22,
  0xFB66, 0xFBAD, 0xFC06, 0xFC69,  0xFCCE, 0xFD4A, 0xFDBF, 0xFE43,
  0xFEC7, 0xFF51, 0xFFDA, 0x0069,  0x00EE, 0x0179, 0x01FC, 0x0276,
  0x02F5, 0x035A, 0x03CA, 0x041F,  0x0473, 0x04B7, 0x04EE, 0x051A,
  0x0536, 0x0544, 0x0547, 0x0535,  0x051E, 0x04F1, 0x04BB, 0x047A,
  0x0424, 0x03D0, 0x0366, 0x02FB,  0x0282, 0x0207, 0x0183, 0x00FF,
  0x0072, 0xFFEC, 0xFF5E, 0xFEDA,  0xFE51, 0xFDD4, 0xFD56, 0xFCE6,
  0xFC78, 0xFC1A, 0xFBBF, 0xFB79,  0xFB36, 0xFB05, 0xFAE1, 0xFAC9,
  0xFAC2, 0xFAC6, 0xFADB, 0xFAFB,  0xFB2B, 0xFB67, 0xFBAE, 0xFC06,
  0xFC5F, 0xFCCD, 0xFD39, 0xFDB7,  0xFE32, 0xFEB6, 0xFF3E, 0xFFC6,
  0x0050, 0x00D9, 0x015E, 0x01E2,  0x025D, 0x02D8, 0x0343, 0x03AC,
  0x0408, 0x0458, 0x04A0, 0x04D7,  0x0506, 0x0522, 0x0534, 0x0536,
  0x052A, 0x0514, 0x04E8, 0x04B8,  0x0475, 0x0428, 0x03D0, 0x036E,
  0x0302, 0x028E, 0x0214, 0x0194,  0x010E, 0x008B, 0xFFFC, 0xFF7A,
  0xFEEE, 0xFE6D, 0xFDEE, 0xFD6F,  0xFD02, 0xFC92, 0xFC33, 0xFBDC,
  0xFB8D, 0xFB50, 0xFB1A, 0xFAF5,  0xFADC, 0xFAD2, 0xFAD4, 0xFAE6,
  0xFB04, 0xFB33, 0xFB6A, 0xFBAF,  0xFC04, 0xFC5B, 0xFCC6, 0xFD30,
  0xFDAA, 0xFE23, 0xFEA8, 0xFF28,  0xFFB3, 0x003B, 0x00BE, 0x014A,
  0x01C4, 0x0247, 0x02BA, 0x032C,  0x038E, 0x03F1, 0x043E, 0x0489,
  0x04C0, 0x04F0, 0x050F, 0x0523,  0x0526, 0x0520, 0x0505, 0x04E4,
  0x04AF, 0x0475, 0x0426, 0x03D6,  0x036F, 0x030E, 0x0296, 0x0222,
  0x01A3, 0x0120, 0x009C, 0x0015,  0xFF8C, 0xFF0A, 0xFE83, 0xFE08,
  0xFD8B, 0xFD1A, 0xFCAD, 0xFC4E,  0xFBF3, 0xFBA8, 0xFB66, 0xFB2F,
  0xFB0C, 0xFAEB, 0xFAE7, 0xFADE,  0xFAF6, 0xFB0B, 0xFB3A, 0xFB6F,
  0xFBB1, 0xFC02, 0xFC58, 0xFCBF,  0xFD28, 0xFD9D, 0xFE18, 0xFE93,
  0xFF1B, 0xFF9D, 0x0024, 0x00AB,  0x012D, 0x01AE, 0x022C, 0x02A0,
  0x0310, 0x0378, 0x03D2, 0x042A,  0x046D, 0x04AB, 0x04DA, 0x04FC,
  0x0511, 0x0516, 0x0513, 0x04FA,  0x04DB, 0x04AA, 0x0470, 0x0427,
  0x03D7, 0x0376, 0x0312, 0x02A3,  0x022C, 0x01B3, 0x0131, 0x00AE,
  0x0029, 0xFFA5, 0xFF1D, 0xFEA2,  0xFE19, 0xFDAD, 0xFD2E, 0xFCCC,
  0xFC65, 0xFC0E, 0xFBBF, 0xFB7E,  0xFB47, 0xFB1E, 0xFB01, 0xFAF3,
  0xFAF1, 0xFB01, 0xFB14, 0xFB45,  0xFB6E, 0xFBBA, 0xFBFB, 0xFC5A,
  0xFCB6, 0xFD21, 0xFD92, 0xFE0A,  0xFE84, 0xFF0A, 0xFF88, 0x0010,
  0x0094, 0x0115, 0x0197, 0x0210,  0x0287, 0x02F7, 0x035C, 0x03BB,
  0x040E, 0x0457, 0x0494, 0x04C4,  0x04E8, 0x04FF, 0x0507, 0x0503,
  0x04F1, 0x04D0, 0x04A5, 0x046C,  0x0426, 0x03D7, 0x037C, 0x0317,
  0x02AF, 0x0236, 0x01C2, 0x0140,  0x00C1, 0x003E, 0xFFB8, 0xFF38,
  0xFEB4, 0xFE3A, 0xFDBE, 0xFD50,  0xFCE0, 0xFC82, 0xFC25, 0xFBD9,
  0xFB95, 0xFB5E, 0xFB32, 0xFB15,  0xFB02, 0xFB04, 0xFB08, 0xFB25,
  0xFB46, 0xFB7B, 0xFBB5, 0xFC02,  0xFC52, 0xFCB4, 0xFD18, 0xFD87,
  0xFE00, 0xFE73, 0xFEFA, 0xFF75,  0xFFFA, 0x0080, 0x00FB, 0x0181,
  0x01F5, 0x0270, 0x02D9, 0x0346,  0x039F, 0x03F6, 0x043F, 0x047C,
  0x04B0, 0x04D3, 0x04ED, 0x04F6,  0x04F5, 0x04E5, 0x04C7, 0x049F,
  0x0464, 0x0429, 0x03D4, 0x0383,  0x031C, 0x02B6, 0x0243, 0x01CE,
  0x0152, 0x00D1, 0x0052, 0xFFCD,  0xFF4E, 0xFECD, 0xFE51, 0xFDD9,
  0xFD68, 0xFCFB, 0xFC9B, 0xFC3E,  0xFBF4, 0xFBA9, 0xFB76, 0xFB47,
  0xFB26, 0xFB19, 0xFB0C, 0xFB1C,  0xFB2B, 0xFB51, 0xFB7F, 0xFBBB,
  0xFBFF, 0xFC55, 0xFCAA, 0xFD15,  0xFD7C, 0xFDF1, 0xFE6A, 0xFEE4,
  0xFF67, 0xFFE5, 0x0068, 0x00E7,  0x0167, 0x01DE, 0x0254, 0x02C3,
  0x0328, 0x038A, 0x03D9, 0x042B,  0x0462, 0x049B, 0x04BF, 0x04DA,
  0x04E6, 0x04E7, 0x04D6, 0x04C2,  0x0491, 0x0466, 0x0421, 0x03D8,
  0x0384, 0x0323, 0x02BC, 0x0251,  0x01D8, 0x0162, 0x00E3, 0x0064,
  0xFFE2, 0xFF65, 0xFEE3, 0xFE6A,  0xFDF2, 0xFD81, 0xFD14, 0xFCB6,
  0xFC57, 0xFC0A, 0xFBC5, 0xFB88,  0xFB60, 0xFB38, 0xFB29, 0xFB20,
  0xFB26, 0xFB3A, 0xFB56, 0xFB89,  0xFBBC, 0xFC03, 0xFC50, 0xFCAA,
  0xFD0B, 0xFD76, 0xFDE4, 0xFE5B,  0xFED8, 0xFF50, 0xFFD6, 0x0050,
  0x00D2, 0x014F, 0x01C5, 0x023C,  0x02A8, 0x0310, 0x0370, 0x03C1,
  0x0411, 0x044C, 0x0486, 0x04A8,  0x04CA, 0x04D4, 0x04D8, 0x04CB,
  0x04B3, 0x0490, 0x045B, 0x0422,  0x03D6, 0x0386, 0x0329, 0x02C4,
  0x0259, 0x01E7, 0x016E, 0x00F5,  0x0075, 0xFFF9, 0xFF77, 0xFEFD,
  0xFE80, 0xFE0C, 0xFD99, 0xFD2F,  0xFCCD, 0xFC72, 0xFC22, 0xFBDD,
  0xFB9D, 0xFB77, 0xFB4B, 0xFB3B,  0xFB30, 0xFB33, 0xFB46, 0xFB61,
  0xFB8D, 0xFBC3, 0xFC03, 0xFC51,  0xFCA5, 0xFD05, 0xFD6E, 0xFDD8,
  0xFE52, 0xFEC2, 0xFF47, 0xFFB9,  0x0045, 0x00B5, 0x013B, 0x01AD,
  0x0221, 0x0292, 0x02F5, 0x0356,  0x03AA, 0x03F7, 0x0438, 0x046D,
  0x0496, 0x04B5, 0x04C3, 0x04C9,  0x04BE, 0x04AA, 0x0484, 0x0459,
  0x041B, 0x03D7, 0x0389, 0x032B,  0x02CD, 0x0261, 0x01F4, 0x017B,
  0x0105, 0x0089, 0x0009, 0xFF91,  0xFF0F, 0xFE9A, 0xFE23, 0xFDB3,
  0xFD48, 0xFCE5, 0xFC8D, 0xFC39,  0xFBF4, 0xFBB7, 0xFB86, 0xFB67,
  0xFB48, 0xFB42, 0xFB41, 0xFB51,  0xFB6D, 0xFB93, 0xFBC7, 0xFC07,
  0xFC4F, 0xFCA3, 0xFD01, 0xFD63,  0xFDD2, 0xFE40, 0xFEB9, 0xFF30,
  0xFFAD, 0x002B, 0x00A4, 0x0122,  0x0194, 0x020B, 0x0277, 0x02DC,
  0x0340, 0x038E, 0x03E2, 0x041D,  0x045A, 0x0480, 0x04A1, 0x04B4,
  0x04B8, 0x04B0, 0x049F, 0x047C,  0x0451, 0x0419, 0x03D5, 0x0388,
  0x0332, 0x02D2, 0x0269, 0x0200,  0x0188, 0x0114, 0x009B, 0x001C,
  0xFFA6, 0xFF24, 0xFEB3, 0xFE39,  0xFDCC, 0xFD62, 0xFCFD, 0xFCA6,
  0xFC52, 0xFC0A, 0xFBD0, 0xFB9A,  0xFB7B, 0xFB5B, 0xFB53, 0xFB4F,
  0xFB5F, 0xFB75, 0xFB9D, 0xFBCB,  0xFC0C, 0xFC4C, 0xFCA5, 0xFCF8,
  0xFD5F, 0xFDC7, 0xFE33, 0xFEAD,  0xFF1E, 0xFF9E, 0x0014, 0x0091,
  0x0109, 0x017F, 0x01F3, 0x025C,  0x02C8, 0x031F, 0x037E, 0x03C2,
  0x040D, 0x043E, 0x046F, 0x048B,  0x04A3, 0x04A9, 0x04A2, 0x0493,
  0x0472, 0x044B, 0x0416, 0x03D0,  0x038E, 0x032F, 0x02DC, 0x0270,
  0x0209, 0x0198, 0x0121, 0x00AC,  0x002F, 0xFFB9, 0xFF3C, 0xFEC8,
  0xFE51, 0xFDE5, 0xFD79, 0xFD19,  0xFCBA, 0xFC6E, 0xFC20, 0xFBE7,
  0xFBB0, 0xFB8F, 0xFB6D, 0xFB65,  0xFB5D, 0xFB6C, 0xFB81, 0xFBA4,
  0xFBD2, 0xFC0D, 0xFC50, 0xFCA0,  0xFCF7, 0xFD57, 0xFDBD, 0xFE2A,
  0xFE9C, 0xFF11, 0xFF8B, 0x0001,  0x007E, 0x00F0, 0x016B, 0x01D8,
  0x0248, 0x02AA, 0x030C, 0x0360,  0x03AF, 0x03F1, 0x042C, 0x0457,
  0x047A, 0x048E, 0x049A, 0x0494,  0x0487, 0x0469, 0x0444, 0x040E,
  0x03D3, 0x0386, 0x033B, 0x02D9,  0x027F, 0x020D, 0x01A8, 0x012C,
  0x00BF, 0x003F, 0xFFCF, 0xFF4F,  0xFEE0, 0xFE67, 0xFDFD, 0xFD93,
  0xFD2E, 0xFCD8, 0xFC80, 0xFC3D,  0xFBFB, 0xFBC7, 0xFBA1, 0xFB84,
  0xFB72, 0xFB70, 0xFB77, 0xFB8C,  0xFBAE, 0xFBD8, 0xFC10, 0xFC52,
  0xFCA0, 0xFCF1, 0xFD53, 0xFDB2,  0xFE22, 0xFE8E, 0xFF02, 0xFF7A,
  0xFFED, 0x006B, 0x00DB, 0x0153,  0x01C2, 0x022E, 0x0293, 0x02F3,
  0x0347, 0x0398, 0x03DA, 0x0414,  0x0445, 0x0462, 0x0480, 0x0486,
  0x0489, 0x0478, 0x0460, 0x043B,  0x040B, 0x03CC, 0x038C, 0x0336,
  0x02E4, 0x0280, 0x021C, 0x01AE,  0x0141, 0x00C7, 0x0058, 0xFFDB,
  0xFF69, 0xFEF3, 0xFE80, 0xFE13,  0xFDAB, 0xFD48, 0xFCEF, 0xFC99,
  0xFC54, 0xFC11, 0xFBE0, 0xFBB2,  0xFB99, 0xFB83, 0xFB80, 0xFB84,
  0xFB99, 0xFBB4, 0xFBE2, 0xFC13,  0xFC55, 0xFC9E, 0xFCEF, 0xFD4D,
  0xFDAB, 0xFE16, 0xFE83, 0xFEF3,  0xFF69, 0xFFDD, 0x0054, 0x00C8,
  0x013D, 0x01AA, 0x0216, 0x027C,  0x02D9, 0x0331, 0x0380, 0x03C1,
  0x0400, 0x042C, 0x0453, 0x046A,  0x0477, 0x0479, 0x046C, 0x0456,
  0x0432, 0x0404, 0x03CB, 0x0388,  0x033A, 0x02E8, 0x0283, 0x022A,
  0x01B5, 0x014F, 0x00D8, 0x0067,  0xFFEF, 0xFF7E, 0xFF05, 0xFE9A,
  0xFE29, 0xFDC3, 0xFD61, 0xFD05,  0xFCB3, 0xFC6A, 0xFC2A, 0xFBF3,
  0xFBCA, 0xFBA9, 0xFB97, 0xFB8F,  0xFB93, 0xFBA3, 0xFBC1, 0xFBE4,
  0xFC1E, 0xFC53, 0xFCA1, 0xFCEA,  0xFD49, 0xFDA4, 0xFE0D, 0xFE76,
  0xFEE5, 0xFF5A, 0xFFCA, 0x0042,  0x00B3, 0x0127, 0x0193, 0x0200,
  0x0262, 0x02C3, 0x0317, 0x0369,  0x03AA, 0x03EA, 0x0415, 0x0441,
  0x0455, 0x0468, 0x0469, 0x045F,  0x044B, 0x0429, 0x03FE, 0x03C7,
  0x0386, 0x033C, 0x02E9, 0x028C,  0x0230, 0x01BF, 0x015E, 0x00E5,
  0x0077, 0x0004, 0xFF8E, 0xFF1D,  0xFEB0, 0xFE3E, 0xFDDD, 0xFD76,
  0xFD20, 0xFCC9, 0xFC84, 0xFC3D,  0xFC0C, 0xFBDD, 0xFBBD, 0xFBAA,
  0xFB9E, 0xFBA1, 0xFBB1, 0xFBC8,  0xFBF1, 0xFC1C, 0xFC5D, 0xFC9C,
  0xFCED, 0xFD41, 0xFD9F, 0xFE02,  0xFE6C, 0xFED8, 0xFF49, 0xFFBB,
  0x002E, 0x009E, 0x0114, 0x0179,  0x01ED, 0x0246, 0x02AF, 0x02FD,
  0x0352, 0x0394, 0x03D0, 0x0405,  0x0428, 0x0446, 0x0454, 0x045B,
  0x0451, 0x0440, 0x041F, 0x03F9,  0x03C0, 0x0386, 0x033B, 0x02ED,
  0x0292, 0x0234, 0x01CF, 0x0163,  0x00F9, 0x0084, 0x0016, 0xFFA2,
  0xFF32, 0xFEC2, 0xFE5B, 0xFDEE,  0xFD93, 0xFD33, 0xFCE5, 0xFC97,
  0xFC58, 0xFC20, 0xFBF1, 0xFBD4,  0xFBB8, 0xFBB1, 0xFBB0, 0xFBBB,
  0xFBD6, 0xFBF6, 0xFC24, 0xFC60,  0xFC9C, 0xFCEE, 0xFD3A, 0xFD9D,
  0xFDF6, 0xFE64, 0xFEC9, 0xFF3B,  0xFFAB, 0x001B, 0x008C, 0x00FB,
  0x0168, 0x01D1, 0x0234, 0x0293,  0x02E7, 0x033A, 0x037C, 0x03BD,
  0x03EB, 0x0417, 0x0430, 0x0445,  0x044B, 0x0443, 0x0434, 0x0416,
  0x03F0, 0x03BF, 0x0380, 0x033C,  0x02EF, 0x0297, 0x023B, 0x01D8,
  0x016F, 0x0106, 0x0094, 0x0027,  0xFFB4, 0xFF47, 0xFED9, 0xFE6D,
  0xFE0A, 0xFDA6, 0xFD4D, 0xFCFC,  0xFCAE, 0xFC70, 0xFC35, 0xFC07,
  0xFBE5, 0xFBCE, 0xFBC0, 0xFBBF,  0xFBC9, 0xFBDF, 0xFC00, 0xFC2C,
  0xFC60, 0xFCA2, 0xFCE9, 0xFD3B,  0xFD93, 0xFDF3, 0xFE55, 0xFEC1,
  0xFF2B, 0xFF9B, 0x0008, 0x007B,  0x00E3, 0x0158, 0x01B5, 0x0221,
  0x0278, 0x02D2, 0x0321, 0x0366,  0x03A5, 0x03D7, 0x0401, 0x041F,
  0x0432, 0x0438, 0x0439, 0x0424,  0x0410, 0x03E5, 0x03BB, 0x037B,
  0x033E, 0x02EF, 0x029B, 0x0243,  0x01DF, 0x017C, 0x0111, 0x00A5,
  0x0035, 0xFFC9, 0xFF5B, 0xFEEA,  0xFE89, 0xFE1A, 0xFDC2, 0xFD64,
  0xFD12, 0xFCC5, 0xFC89, 0xFC46,  0xFC23, 0xFBF5, 0xFBE0, 0xFBD3,
  0xFBCD, 0xFBD6, 0xFBEC, 0xFC07,  0xFC33, 0xFC67, 0xFCA1, 0xFCEB,
  0xFD37, 0xFD8E, 0xFDED, 0xFE49,  0xFEB8, 0xFF1B, 0xFF8D, 0xFFF7,
  0x0066, 0x00D3, 0x013C, 0x01A7,  0x0203, 0x0266, 0x02B8, 0x030A,
  0x0350, 0x038D, 0x03C2, 0x03ED,  0x040A, 0x0422, 0x0427, 0x042A,
  0x0419, 0x0404, 0x03DD, 0x03B6,  0x0376, 0x033F, 0x02EC, 0x02A4,
  0x0244, 0x01EB, 0x0183, 0x0120,  0x00B1, 0x0048, 0xFFD9, 0xFF6D,
  0xFF03, 0xFE99, 0xFE35, 0xFDD6,  0xFD7B, 0xFD2B, 0xFCDD, 0xFC9C,
  0xFC61, 0xFC33, 0xFC0C, 0xFBF3,  0xFBE2, 0xFBDE, 0xFBE4, 0xFBF6,
  0xFC13, 0xFC39, 0xFC6A, 0xFCA7,  0xFCE9, 0xFD37, 0xFD88, 0xFDE5,
  0xFE44, 0xFEA8, 0xFF12, 0xFF7A,  0xFFE9, 0x0053, 0x00BF, 0x0128,
  0x018F, 0x01EF, 0x024E, 0x02A2,  0x02F1, 0x033B, 0x0375, 0x03AE,
  0x03D8, 0x03F5, 0x0413, 0x0413,  0x041F, 0x0409, 0x03FA, 0x03D6,
  0x03AC, 0x0377, 0x0339, 0x02F0,  0x02A3, 0x024D, 0x01EF, 0x0191,
  0x0128, 0x00C2, 0x0055, 0xFFEC,  0xFF7F, 0xFF17, 0xFEAE, 0xFE4C,
  0xFDEB, 0xFD94, 0xFD40, 0xFCF5,  0xFCB3, 0xFC76, 0xFC49, 0xFC20,
  0xFC06, 0xFBF3, 0xFBF0, 0xFBEE,  0xFC06, 0xFC19, 0xFC44, 0xFC6F,
  0xFCA9, 0xFCEB, 0xFD34, 0xFD86,  0xFDDE, 0xFE3B, 0xFE9F, 0xFF04,
  0xFF6D, 0xFFD6, 0x0044, 0x00AA,  0x0115, 0x0178, 0x01D9, 0x0238,
  0x028A, 0x02DC, 0x0321, 0x0363,  0x0394, 0x03C6, 0x03E1, 0x03FE,
  0x0407, 0x040A, 0x0402, 0x03EA,  0x03D1, 0x03A1, 0x0375, 0x0335,
  0x02F2, 0x02A5, 0x0251, 0x01F7,  0x0199, 0x0134, 0x00D0, 0x0063,
  0xFFFE, 0xFF91, 0xFF29, 0xFEC6,  0xFE5E, 0xFE04, 0xFDAA, 0xFD56,
  0xFD0D, 0xFCC7, 0xFC90, 0xFC5A,  0xFC39, 0xFC13, 0xFC0B, 0xFBF9,
  0xFC05, 0xFC0A, 0xFC2A, 0xFC47,  0xFC79, 0xFCAA, 0xFCEF, 0xFD30,
  0xFD86, 0xFDD5, 0xFE36, 0xFE93,  0xFEF9, 0xFF5E, 0xFFC8, 0x0030,
  0x009A, 0x00FF, 0x0164, 0x01C4,  0x021E, 0x0279, 0x02BF, 0x0311,
  0x0346, 0x0385, 0x03AB, 0x03D3,  0x03E7, 0x03FA, 0x03F7, 0x03F7,
  0x03DD, 0x03C8, 0x039A, 0x0370,  0x0331, 0x02F2, 0x02A7, 0x0255,
  0x01FF, 0x019F, 0x0140, 0x00DD,  0x0071, 0x0010, 0xFF9F, 0xFF41,
  0xFED6, 0xFE77, 0xFE19, 0xFDBE,  0xFD70, 0xFD21, 0xFCE0, 0xFCA4,
  0xFC71, 0xFC4B, 0xFC2B, 0xFC16,  0xFC10, 0xFC0D, 0xFC1E, 0xFC2E,
  0xFC57, 0xFC77, 0xFCB6, 0xFCEA,  0xFD35, 0xFD80, 0xFDD2, 0xFE2D,
  0xFE8A, 0xFEEE, 0xFF50, 0xFFBA,  0x001D, 0x0089, 0x00EB, 0x0150,
  0x01AD, 0x020C, 0x025C, 0x02B0,  0x02F3, 0x0336, 0x036B, 0x0399,
  0x03BD, 0x03D7, 0x03E6, 0x03EB,  0x03E5, 0x03D5, 0x03BA, 0x0396,
  0x0368, 0x032F, 0x02F1, 0x02A7,  0x025B, 0x0202, 0x01AA, 0x0149,
  0x00E8, 0x0083, 0x001A, 0xFFB7,  0xFF4F, 0xFEED, 0xFE89, 0xFE31,
  0xFDD2, 0xFD89, 0xFD36, 0xFCF6,  0xFCBB, 0xFC85, 0xFC60, 0xFC3D,
  0xFC2B, 0xFC1D, 0xFC20, 0xFC26,  0xFC3E, 0xFC5B, 0xFC85, 0xFCB3,
  0xFCF2, 0xFD32, 0xFD7F, 0xFDCE,  0xFE25, 0xFE83, 0xFEE0, 0xFF46,
  0xFFA9, 0x0010, 0x0074, 0x00DA,  0x0138, 0x019D, 0x01F1, 0x024A,
  0x0296, 0x02DF, 0x031E, 0x0357,  0x0382, 0x03AB, 0x03C2, 0x03D7,
  0x03D8, 0x03DA, 0x03C6, 0x03B2,  0x038D, 0x0361, 0x032C, 0x02F0,
  0x02A7, 0x025D, 0x0209, 0x01B0,  0x0154, 0x00F3, 0x008F, 0x002C,
  0xFFC5, 0xFF63, 0xFF00, 0xFE9E,  0xFE46, 0xFDE9, 0xFD9E, 0xFD4D,
  0xFD0D, 0xFCCF, 0xFC9D, 0xFC72,  0xFC53, 0xFC3A, 0xFC31, 0xFC2D,
  0xFC35, 0xFC48, 0xFC66, 0xFC8A,  0xFCBC, 0xFCF2, 0xFD34, 0xFD7D,
  0xFDC9, 0xFE22, 0xFE76, 0xFEDB,  0xFF36, 0xFF9C, 0x0000, 0x0062,
  0x00C7, 0x0128, 0x0183, 0x01DF,  0x0232, 0x0281, 0x02C8, 0x0309,
  0x0340, 0x0370, 0x0393, 0x03B3,  0x03C2, 0x03CC, 0x03C8, 0x03BB,
  0x03A7, 0x0383, 0x035E, 0x0324,  0x02EF, 0x02A8, 0x025F, 0x020E,
  0x01B8, 0x015A, 0x0102, 0x0098,  0x003F, 0xFFD2, 0xFF78, 0xFF10,
  0xFEB4, 0xFE5A, 0xFDFF, 0xFDB5,  0xFD61, 0xFD26, 0xFCE1, 0xFCB5,
  0xFC85, 0xFC67, 0xFC4D, 0xFC41,  0xFC3C, 0xFC44, 0xFC53, 0xFC70,
  0xFC92, 0xFCC2, 0xFCF4, 0xFD38,  0xFD77, 0xFDCC, 0xFE15, 0xFE77,
  0xFECA, 0xFF2D, 0xFF8E, 0xFFEF,  0x0055, 0x00B1, 0x0117, 0x016C,
  0x01CC, 0x021B, 0x026C, 0x02B1,  0x02F5, 0x0327, 0x035E, 0x037E,
  0x039F, 0x03B2, 0x03B9, 0x03BC,  0x03AC, 0x039E, 0x0378, 0x0357,
  0x0320, 0x02ED, 0x02A7, 0x0262,  0x0211, 0x01BD, 0x0166, 0x0108,
  0x00AA, 0x0049, 0xFFE4, 0xFF88,  0xFF22, 0xFECB, 0xFE6B, 0xFE18,
  0xFDC6, 0xFD7C, 0xFD37, 0xFCFC,  0xFCC6, 0xFC9C, 0xFC7A, 0xFC5E,
  0xFC54, 0xFC4A, 0xFC54, 0xFC5E,  0xFC7B, 0xFC98, 0xFCCB, 0xFCF6,
  0xFD3A, 0xFD78, 0xFDC6, 0xFE15,  0xFE6A, 0xFEC5, 0xFF20, 0xFF82,
  0xFFE0, 0x0043, 0x00A1, 0x0102,  0x015B, 0x01B4, 0x0208, 0x0254,
  0x029D, 0x02DC, 0x0315, 0x0347,  0x036C, 0x038B, 0x039E, 0x03AC,
  0x03A9, 0x03A3, 0x038E, 0x0373,  0x034C, 0x031E, 0x02E6, 0x02A9,
  0x0262, 0x0215, 0x01C5, 0x016B,  0x0114, 0x00B5, 0x0055, 0xFFF8,
  0xFF94, 0xFF3A, 0xFED8, 0xFE84,  0xFE29, 0xFDE0, 0xFD8D, 0xFD52,
  0xFD0C, 0xFCE1, 0xFCAC, 0xFC90,  0xFC71, 0xFC65, 0xFC59, 0xFC65,
  0xFC67, 0xFC88, 0xFCA1, 0xFCD0,  0xFCFD, 0xFD38, 0xFD7C, 0xFDC1,
  0xFE11, 0xFE65, 0xFEB9, 0xFF19,  0xFF72, 0xFFD5, 0x0030, 0x0093,
  0x00EB, 0x014B, 0x019F, 0x01F1,  0x0241, 0x0285, 0x02C8, 0x0301,
  0x032E, 0x035A, 0x0377, 0x038D,  0x039A, 0x039B, 0x0394, 0x0384,
  0x0367, 0x0346, 0x0316, 0x02E5,  0x02A6, 0x0264, 0x0217, 0x01CB,
  0x0171, 0x0120, 0x00BD, 0x0066,  0x0004, 0xFFA6, 0xFF4A, 0xFEED,
  0xFE96, 0xFE41, 0xFDF1, 0xFDA7,  0xFD63, 0xFD25, 0xFCF5, 0xFCBF,
  0xFCA7, 0xFC81, 0xFC77, 0xFC6B,  0xFC70, 0xFC78, 0xFC90, 0xFCAD,
  0xFCD2, 0xFD08, 0xFD37, 0xFD7F,  0xFDBD, 0xFE10, 0xFE5B, 0xFEB5,
  0xFF0C, 0xFF67, 0xFFC7, 0x0020,  0x0083, 0x00D8, 0x0139, 0x0188,
  0x01DF, 0x0229, 0x0274, 0x02AE,  0x02EE, 0x0318, 0x0346, 0x0365,
  0x037A, 0x0389, 0x038C, 0x0384,  0x0379, 0x035D, 0x033D, 0x0312,
  0x02DE, 0x02A6, 0x0263, 0x021A,  0x01CF, 0x017B, 0x0124, 0x00CE,
  0x006B, 0x0019, 0xFFB2, 0xFF5E,  0xFEFD, 0xFEAC, 0xFE53, 0xFE08,
  0xFDBB, 0xFD78, 0xFD3D, 0xFD06,  0xFCD8, 0xFCB7, 0xFC96, 0xFC89,
  0xFC7A, 0xFC80, 0xFC85, 0xFC9C,  0xFCB4, 0xFCDF, 0xFD05, 0xFD44,
  0xFD76, 0xFDC4, 0xFE06, 0xFE5C,  0xFEA7, 0xFF08, 0xFF58, 0xFFBA,
  0x0013, 0x006F, 0x00CC, 0x0120,  0x0179, 0x01C7, 0x0218, 0x0259,
  0x029F, 0x02D1, 0x030B, 0x032D,  0x0354, 0x0366, 0x0378, 0x037C,
  0x0377, 0x036C, 0x0352, 0x0335,  0x030A, 0x02DB, 0x02A2, 0x0265,
  0x021A, 0x01D5, 0x017F, 0x012F,  0x00D5, 0x007C, 0x0022, 0xFFC5,
  0xFF6C, 0xFF13, 0xFEBA, 0xFE6E,  0xFE15, 0xFDD7, 0xFD88, 0xFD56,
  0xFD19, 0xFCEE, 0xFCC9, 0xFCAA,  0xFC9B, 0xFC8B, 0xFC8D, 0xFC95,
  0xFCA5, 0xFCC1, 0xFCE3, 0xFD10,  0xFD41, 0xFD7F, 0xFDBD, 0xFE08,
  0xFE53, 0xFEA4, 0xFEFB, 0xFF50,  0xFFAD, 0x0003, 0x0061, 0x00B7,
  0x0112, 0x0163, 0x01B6, 0x0201,  0x0248, 0x028C, 0x02BF, 0x02FB,
  0x031B, 0x0348, 0x0358, 0x0370,  0x0372, 0x0373, 0x0366, 0x0352,
  0x0335, 0x030E, 0x02E1, 0x02A9,  0x026D, 0x0229, 0x01DE, 0x0191,
  0x013D, 0x00E5, 0x008F, 0x0032,  0xFFD9, 0xFF7C, 0xFF25, 0xFECA,
  0xFE7C, 0xFE26, 0xFDE0, 0xFD97,  0xFD5A, 0xFD23, 0xFCF0, 0xFCCC,
  0xFCA9, 0xFC97, 0xFC86, 0xFC84,  0xFC89, 0xFC9A, 0xFCB0, 0xFCD2,
  0xFCFC, 0xFD2D, 0xFD67, 0xFDA8,  0xFDED, 0xFE3D, 0xFE8A, 0xFEE4,
  0xFF37, 0xFF96, 0xFFEF, 0x004C,  0x00A7, 0x0100, 0x0158, 0x01A8,
  0x01FC, 0x0240, 0x0289, 0x02C0,  0x02F9, 0x0326, 0x0349, 0x0369,
  0x0376, 0x0386, 0x0380, 0x037B,  0x0367, 0x0349, 0x032A, 0x02F4,
  0x02C7, 0x0285, 0x0243, 0x01FB,  0x01A8, 0x0157, 0x00FF, 0x00A5,
  0x004A, 0xFFED, 0xFF8D, 0xFF39,  0xFED6, 0xFE8A, 0xFE2F, 0xFDE8,
  0xFD9C, 0xFD5C, 0xFD20, 0xFCF1,  0xFCC2, 0xFCA4, 0xFC89, 0xFC79,
  0xFC76, 0xFC76, 0xFC87, 0xFC99,  0xFCBD, 0xFCE2, 0xFD16, 0xFD4C,
  0xFD8D, 0xFDD5, 0xFE20, 0xFE73,  0xFEC8, 0xFF21, 0xFF7E, 0xFFD9,
  0x0039, 0x0094, 0x00F1, 0x0149,  0x019E, 0x01F1, 0x023C, 0x0283,
  0x02C1, 0x02F9, 0x032C, 0x034F,  0x0372, 0x0384, 0x0391, 0x0394,
  0x038C, 0x037B, 0x0361, 0x033D,  0x0312, 0x02DB, 0x02A3, 0x025C,
  0x0213, 0x01C5, 0x016F, 0x0118,  0x00BE, 0x005E, 0x0002, 0xFFA3,
  0xFF47, 0xFEE8, 0xFE95, 0xFE3A,  0xFDF0, 0xFDA1, 0xFD5E, 0xFD23,
  0xFCEA, 0xFCC1, 0xFC98, 0xFC81,  0xFC6C, 0xFC65, 0xFC67, 0xFC71,
  0xFC88, 0xFCA2, 0xFCCE, 0xFCFA,  0xFD35, 0xFD72, 0xFDBB, 0xFE05,
  0xFE5A, 0xFEAE, 0xFF09, 0xFF67,  0xFFC3, 0x0025, 0x0081, 0x00E1,
  0x013B, 0x0193, 0x01E6, 0x0236,  0x027D, 0x02C3, 0x02F8, 0x0330,
  0x0355, 0x037C, 0x038D, 0x03A4,  0x039E, 0x03A4, 0x0389, 0x037C,
  0x0351, 0x032B, 0x02F6, 0x02B9,  0x0279, 0x022D, 0x01DE, 0x018B,
  0x012F, 0x00D7, 0x0073, 0x001A,  0xFFB4, 0xFF5B, 0xFEF7, 0xFEA2,
  0xFE45, 0xFDFB, 0xFDA7, 0xFD67,  0xFD21, 0xFCF0, 0xFCBD, 0xFC98,
  0xFC7C, 0xFC66, 0xFC5F, 0xFC5C,  0xFC68, 0xFC7C, 0xFC96, 0xFCC0,
  0xFCEB, 0xFD25, 0xFD64, 0xFDA7,  0xFDF7, 0xFE46, 0xFE9D, 0xFEF8,
  0xFF54, 0xFFB1, 0x0013, 0x0070,  0x00CE, 0x012B, 0x0181, 0x01D7,
  0x0226, 0x026F, 0x02B2, 0x02ED,  0x0320, 0x034D, 0x036D, 0x0388,
  0x0395, 0x039D, 0x0396, 0x038B,  0x0372, 0x0352, 0x0329, 0x02F4,
  0x02BF, 0x0278, 0x0236, 0x01E2,  0x0192, 0x013C, 0x00DE, 0x0086,
  0x0022, 0xFFC9, 0xFF68, 0xFF0D,  0xFEB4, 0xFE5B, 0xFE0E, 0xFDBE,
  0xFD7B, 0xFD39, 0xFD04, 0xFCD2,  0xFCAC, 0xFC8E, 0xFC79, 0xFC6F,
  0xFC6C, 0xFC75, 0xFC86, 0xFCA3,  0xFCC3, 0xFCF6, 0xFD25, 0xFD66,
  0xFDA7, 0xFDF3, 0xFE41, 0xFE96,  0xFEED, 0xFF49, 0xFFA6, 0x0001,
  0x0061, 0x00BD, 0x0115, 0x0171,  0x01C0, 0x0211, 0x025A, 0x029B,
  0x02DA, 0x0309, 0x033B, 0x0357,  0x0376, 0x0384, 0x038C, 0x0389,
  0x037E, 0x0366, 0x034A, 0x0322,  0x02EF, 0x02BC, 0x0279, 0x0235,
  0x01E9, 0x0198, 0x0142, 0x00EC,  0x008D, 0x0035, 0xFFD5, 0xFF7B,
  0xFF1E, 0xFEC6, 0xFE73, 0xFE1F,  0xFDD5, 0xFD90, 0xFD4D, 0xFD1C,
  0xFCE3, 0xFCC4, 0xFC9E, 0xFC8E,  0xFC7E, 0xFC7B, 0xFC84, 0xFC92,
  0xFCAC, 0xFCCE, 0xFCF7, 0xFD2E,  0xFD65, 0xFDA7, 0xFDF0, 0xFE3D,
  0xFE8F, 0xFEE4, 0xFF3F, 0xFF95,  0xFFF9, 0x004D, 0x00AC, 0x0106,
  0x0158, 0x01B1, 0x01F8, 0x0248,  0x0283, 0x02C7, 0x02F3, 0x0325,
  0x0346, 0x0361, 0x0374, 0x037B,  0x037B, 0x036E, 0x035F, 0x033D,
  0x031C, 0x02EB, 0x02B6, 0x027B,  0x0234, 0x01ED, 0x019D, 0x014B,
  0x00F3, 0x009C, 0x003E, 0xFFE9,  0xFF86, 0xFF34, 0xFED7, 0xFE87,
  0xFE34, 0xFDEA, 0xFDA3, 0xFD67,  0xFD2B, 0xFCFF, 0xFCD2, 0xFCB5,
  0xFC9E, 0xFC8F, 0xFC8E, 0xFC8E,  0xFCA1, 0xFCB5, 0xFCD7, 0xFCFF,
  0xFD30, 0xFD69, 0xFDA7, 0xFDEF,  0xFE36, 0xFE8B, 0xFEDA, 0xFF36,
  0xFF8A, 0xFFE8, 0x003F, 0x009B,  0x00F4, 0x0146, 0x019A, 0x01E7,
  0x022E, 0x0275, 0x02AA, 0x02E4,  0x030D, 0x0334, 0x034E, 0x0361,
  0x036B, 0x036C, 0x0362, 0x0351,  0x0335, 0x0313, 0x02E6, 0x02B3,
  0x0278, 0x0236, 0x01EF, 0x01A4,  0x014F, 0x00FF, 0x00A5, 0x004C,
  0xFFF7, 0xFF96, 0xFF44, 0xFEEC,  0xFE97, 0xFE4C, 0xFDFB, 0xFDBC,
  0xFD77, 0xFD45, 0xFD0F, 0xFCEA,  0xFCC7, 0xFCB0, 0xFCA1, 0xFC9C,
  0xFC9F, 0xFCAB, 0xFCC3, 0xFCDE,  0xFD06, 0xFD36, 0xFD6A, 0xFDAA,
  0xFDEB, 0xFE35, 0xFE83, 0xFED3,  0xFF2D, 0xFF7C, 0xFFDE, 0x002E,
  0x008B, 0x00E2, 0x0133, 0x0187,  0x01D4, 0x0217, 0x0261, 0x0295,
  0x02CF, 0x02F9, 0x031F, 0x033C,  0x0350, 0x0359, 0x035D, 0x0355,
  0x0344, 0x032D, 0x0307, 0x02E3,  0x02AE, 0x0275, 0x0238, 0x01F0,
  0x01A7, 0x015A, 0x0103, 0x00B2,  0x0058, 0x0003, 0xFFA8, 0xFF54,
  0xFEFD, 0xFEAC, 0xFE5D, 0xFE13,  0xFDCD, 0xFD90, 0xFD57, 0xFD25,
  0xFCFE, 0xFCD9, 0xFCC4, 0xFCB3,  0xFCAB, 0xFCAE, 0xFCB8, 0xFCCE,
  0xFCE7, 0xFD10, 0xFD38, 0xFD70,  0xFDA9, 0xFDEC, 0xFE30, 0xFE7F,
  0xFECC, 0xFF21, 0xFF76, 0xFFCB,  0x0024, 0x007A, 0x00CF, 0x0123,
  0x0172, 0x01C0, 0x0204, 0x024A,  0x0281, 0x02BB, 0x02E4, 0x030B,
  0x032A, 0x033B, 0x034D, 0x0349,  0x034A, 0x0336, 0x0322, 0x0301,
  0x02DB, 0x02A8, 0x0276, 0x0233,  0x01F7, 0x01A8, 0x0160, 0x010C,
  0x00BC, 0x0064, 0x000F, 0xFFBA,  0xFF61, 0xFF13, 0xFEBA, 0xFE74,
  0xFE25, 0xFDE4, 0xFDA3, 0xFD6C,  0xFD3A, 0xFD11, 0xFCEE, 0xFCD6,
  0xFCC3, 0xFCBE, 0xFCBB, 0xFCC6,  0xFCD9, 0xFCF1, 0xFD18, 0xFD3E,
  0xFD73, 0xFDAD, 0xFDE7, 0xFE33,  0xFE75, 0xFECA, 0xFF15, 0xFF6D,
  0xFFBE, 0x0016, 0x006B, 0x00BE,  0x0111, 0x015F, 0x01AC, 0x01F0,
  0x0236, 0x026D, 0x02A3, 0x02D4,  0x02F4, 0x0319, 0x0329, 0x0339,
  0x033D, 0x0339, 0x032B, 0x0317,  0x02F7, 0x02D4, 0x02A4, 0x0270,
  0x0237, 0x01F3, 0x01B0, 0x0161,  0x0116, 0x00C4, 0x006F, 0x001E,
  0xFFC5, 0xFF75, 0xFF1F, 0xFED1,  0xFE85, 0xFE39, 0xFDF9, 0xFDB6,
  0xFD82, 0xFD4E, 0xFD26, 0xFD00,  0xFCE9, 0xFCD6, 0xFCCC, 0xFCCD,
  0xFCD2, 0xFCE5, 0xFCFD, 0xFD1E,  0xFD45, 0xFD78, 0xFDAD, 0xFDEB,
  0xFE2C, 0xFE76, 0xFEBF, 0xFF11,  0xFF5F, 0xFFB6, 0x0006, 0x005E,
  0x00AB, 0x0102, 0x014A, 0x019B,  0x01DC, 0x021F, 0x025B, 0x028E,
  0x02BE, 0x02E4, 0x0302, 0x0319,  0x0328, 0x032C, 0x032B, 0x031F,
  0x030A, 0x02EF, 0x02CB, 0x02A0,  0x026D, 0x0234, 0x01F5, 0x01B1,
  0x0168, 0x011C, 0x00CD, 0x007B,  0x0028, 0xFFD6, 0xFF81, 0xFF32,
  0xFEE4, 0xFE94, 0xFE51, 0xFE08,  0xFDD0, 0xFD93, 0xFD64, 0xFD38,
  0xFD16, 0xFCFB, 0xFCE7, 0xFCDE,  0xFCDA, 0xFCE3, 0xFCEE, 0xFD0B,
  0xFD22, 0xFD52, 0xFD76, 0xFDB5,  0xFDE8, 0xFE2D, 0xFE70, 0xFEBC,
  0xFF07, 0xFF58, 0xFFA8, 0xFFFA,  0x004F, 0x009C, 0x00F0, 0x013A,
  0x0184, 0x01CC, 0x0208, 0x0248,  0x027A, 0x02A8, 0x02D2, 0x02ED,
  0x0309, 0x0314, 0x031E, 0x031A,  0x0313, 0x02FE, 0x02E5, 0x02C5,
  0x0297, 0x026B, 0x0231, 0x01F5,  0x01B5, 0x016B, 0x0122, 0x00D7,
  0x0082, 0x0038, 0xFFE0, 0xFF92,  0xFF43, 0xFEF2, 0xFEAB, 0xFE61,
  0xFE1F, 0xFDE0, 0xFDAA, 0xFD77,  0xFD4D, 0xFD2A, 0xFD0C, 0xFCFB,
  0xFCEC, 0xFCEE, 0xFCEC, 0xFD00,  0xFD11, 0xFD30, 0xFD55, 0xFD7F,
  0xFDB4, 0xFDEC, 0xFE2C, 0xFE6C,  0xFEB7, 0xFF00, 0xFF4E, 0xFF9F,
  0xFFED, 0x003F, 0x0091, 0x00DA,  0x012C, 0x0170, 0x01B8, 0x01F6,
  0x0233, 0x0264, 0x0299, 0x02B9,  0x02DD, 0x02F5, 0x0303, 0x030E,
  0x030C, 0x0303, 0x02F5, 0x02DA,  0x02BB, 0x0293, 0x0264, 0x0231,
  0x01F4, 0x01B6, 0x0170, 0x0127,  0x00DF, 0x008C, 0x0042, 0xFFEE,
  0xFFA1, 0xFF52, 0xFF04, 0xFEBC,  0xFE73, 0xFE34, 0xFDF4, 0xFDBD,
  0xFD8D, 0xFD5E, 0xFD3F, 0xFD1F,  0xFD0C, 0xFCFF, 0xFCFB, 0xFCFD,
  0xFD0B, 0xFD1C, 0xFD3C, 0xFD58,  0xFD8A, 0xFDB4, 0xFDF0, 0xFE29,
  0xFE6C, 0xFEB0, 0xFEFC, 0xFF44,  0xFF95, 0xFFE2, 0x0031, 0x0081,
  0x00CB, 0x0119, 0x015E, 0x01A7,  0x01E0, 0x0220, 0x0250, 0x0284,
  0x02A6, 0x02CB, 0x02DF, 0x02F6,  0x02F9, 0x0301, 0x02F1, 0x02EC,
  0x02CD, 0x02B3, 0x028C, 0x0261,  0x022B, 0x01F5, 0x01B7, 0x0172,
  0x0130, 0x00E1, 0x0099, 0x004B,  0xFFFB, 0xFFB0, 0xFF5F, 0xFF17,
  0xFECD, 0xFE86, 0xFE46, 0xFE09,  0xFDD0, 0xFDA1, 0xFD74, 0xFD4F,
  0xFD34, 0xFD1D, 0xFD11, 0xFD0A,  0xFD0D, 0xFD16, 0xFD2A, 0xFD44,
  0xFD62, 0xFD8F, 0xFDB7, 0xFDF4,  0xFE28, 0xFE6B, 0xFEAC, 0xFEF5,
  0xFF3C, 0xFF8D, 0xFFD4, 0x0027,  0x006F, 0x00BD, 0x0108, 0x014C,
  0x0193, 0x01CD, 0x020D, 0x023B,  0x0271, 0x0292, 0x02B6, 0x02D1,
  0x02DF, 0x02EE, 0x02EC, 0x02E7,  0x02DE, 0x02C1, 0x02AD, 0x0282,
  0x025C, 0x022A, 0x01F0, 0x01B9,  0x0176, 0x0132, 0x00EC, 0x009D,
  0x0058, 0x0006, 0xFFBE, 0xFF6E,  0xFF28, 0xFEDC, 0xFE9B, 0xFE58,
  0xFE1B, 0xFDE7, 0xFDB2, 0xFD87,  0xFD67, 0xFD42, 0xFD33, 0xFD20,
  0xFD1A, 0xFD1D, 0xFD24, 0xFD35,  0xFD4D, 0xFD6D, 0xFD93, 0xFDBE,
  0xFDF6, 0xFE26, 0xFE6C, 0xFEA8,  0xFEEF, 0xFF37, 0xFF80, 0xFFCC,
  0x0018, 0x0064, 0x00AC, 0x00F7,  0x013B, 0x0180, 0x01BC, 0x01F7,
  0x0229, 0x025B, 0x0280, 0x02A5,  0x02BA, 0x02D2, 0x02D8, 0x02E1,
  0x02D6, 0x02D2, 0x02B7, 0x02A2,  0x027A, 0x0257, 0x0224, 0x01F3,
  0x01B5, 0x017A, 0x0135, 0x00F1,  0x00A9, 0x005D, 0x0017, 0xFFC4,
  0xFF84, 0xFF31, 0xFEF2, 0xFEAB,  0xFE69, 0xFE33, 0xFDF3, 0xFDCD,
  0xFD97, 0xFD7A, 0xFD57, 0xFD43,  0xFD33, 0xFD29, 0xFD2D, 0xFD31,
  0xFD42, 0xFD58, 0xFD74, 0xFD9B,  0xFDC4, 0xFDF6, 0xFE2C, 0xFE67,
  0xFEA8, 0xFEE8, 0xFF31, 0xFF77,  0xFFC3, 0x000B, 0x0056, 0x009D,
  0x00E9, 0x0127, 0x0170, 0x01A6,  0x01E7, 0x0215, 0x0246, 0x026F,
  0x028E, 0x02AB, 0x02BD, 0x02C9,  0x02D0, 0x02CA, 0x02C1, 0x02AF,
  0x0294, 0x0275, 0x0251, 0x021E,  0x01F2, 0x01B4, 0x017B, 0x013B,
  0x00F5, 0x00B0, 0x0069, 0x001D,  0xFFD8, 0xFF8B, 0xFF45, 0xFF01,
  0xFEBB, 0xFE7F, 0xFE42, 0xFE0A,  0xFDDC, 0xFDAF, 0xFD8A, 0xFD6C,
  0xFD54, 0xFD44, 0xFD3C, 0xFD3A,  0xFD40, 0xFD4F, 0xFD60, 0xFD82,
  0xFD9E, 0xFDCD, 0xFDF7, 0xFE2F,  0xFE66, 0xFEA4, 0xFEE6, 0xFF2A,
  0xFF6F, 0xFFB9, 0xFFFE, 0x004A,  0x0090, 0x00D7, 0x0118, 0x015D,
  0x0194, 0x01D4, 0x0201, 0x0235,  0x0258, 0x027E, 0x0296, 0x02AD,
  0x02B7, 0x02C1, 0x02B9, 0x02B6,  0x02A1, 0x028A, 0x026F, 0x0246,
  0x021D, 0x01ED, 0x01B3, 0x017E,  0x013C, 0x00FB, 0x00B7, 0x0071,
  0x0028, 0xFFE5, 0xFF97, 0xFF55,  0xFF11, 0xFECB, 0xFE93, 0xFE52,
  0xFE20, 0xFDEE, 0xFDC2, 0xFD9E,  0xFD7E, 0xFD67, 0xFD56, 0xFD4B,
  0xFD4B, 0xFD4E, 0xFD5A, 0xFD70,  0xFD85, 0xFDAD, 0xFDCC, 0xFE01,
  0xFE2D, 0xFE68, 0xFEA4, 0xFEDE,  0xFF28, 0xFF65, 0xFFAF, 0xFFF7,
  0x0039, 0x0085, 0x00C4, 0x010B,  0x0148, 0x0187, 0x01BC, 0x01F1,
  0x0220, 0x0245, 0x026B, 0x0285,  0x0298, 0x02AA, 0x02AB, 0x02B0,
  0x02A4, 0x0296, 0x0282, 0x0261,  0x0244, 0x0215, 0x01E9, 0x01B5,
  0x017B, 0x0140, 0x0102, 0x00B8,  0x0080, 0x002C, 0xFFF3, 0xFFA4,
  0xFF64, 0xFF1F, 0xFEDE, 0xFEA2,  0xFE66, 0xFE34, 0xFDFD, 0xFDDA,
  0xFDAD, 0xFD94, 0xFD78, 0xFD67,  0xFD5E, 0xFD57, 0xFD61, 0xFD64,
  0xFD7C, 0xFD91, 0xFDB1, 0xFDD9,  0xFDFF, 0xFE34, 0xFE67, 0xFEA1,
  0xFEDF, 0xFF1E, 0xFF61, 0xFFA6,  0xFFEA, 0x0031, 0x0073, 0x00B9,
  0x00F8, 0x0139, 0x0174, 0x01AA,  0x01E0, 0x0208, 0x0238, 0x0252,
  0x0277, 0x0284, 0x0298, 0x029C,  0x02A0, 0x0295, 0x028D, 0x0272,
  0x025D, 0x0238, 0x0211, 0x01E6,  0x01B1, 0x017E, 0x0140, 0x0105,
  0x00C2, 0x0082, 0x003C, 0xFFF8,  0xFFB5, 0xFF70, 0xFF2E, 0xFEF0,
  0xFEB2, 0xFE7A, 0xFE44, 0xFE13,  0xFDEA, 0xFDC2, 0xFDA7, 0xFD89,
  0xFD7B, 0xFD6D, 0xFD68, 0xFD6E,  0xFD72, 0xFD8A, 0xFD97, 0xFDC0,
  0xFDD8, 0xFE0B, 0xFE32, 0xFE6C,  0xFE9D, 0xFEDF, 0xFF17, 0xFF5C,
  0xFF9E, 0xFFDF, 0x0025, 0x0067,  0x00A9, 0x00EA, 0x0128, 0x0161,
  0x0199, 0x01CC, 0x01F7, 0x0223,  0x0241, 0x0262, 0x0274, 0x0285,
  0x028F, 0x028B, 0x028D, 0x027A,  0x026C, 0x0250, 0x0231, 0x020C,
  0x01DF, 0x01B2, 0x017A, 0x0144,  0x0108, 0x00C8, 0x0087, 0x0048,
  0x0000, 0xFFC3, 0xFF7D, 0xFF3E,  0xFEFE, 0xFEC5, 0xFE89, 0xFE59,
  0xFE24, 0xFDFE, 0xFDD5, 0xFDB9,  0xFD9B, 0xFD8E, 0xFD7B, 0xFD7E,
  0xFD76, 0xFD86, 0xFD90, 0xFDA9,  0xFDC1, 0xFDE6, 0xFE0C, 0xFE38,
  0xFE6D, 0xFE9D, 0xFEDC, 0xFF13,  0xFF58, 0xFF92, 0xFFDA, 0x0016,
  0x005D, 0x009A, 0x00DC, 0x0115,  0x0152, 0x0186, 0x01BA, 0x01E6,
  0x020D, 0x0231, 0x024D, 0x0264,  0x0274, 0x027B, 0x0280, 0x027B,
  0x026F, 0x0260, 0x0246, 0x0227,  0x0207, 0x01DA, 0x01AF, 0x017A,
  0x0143, 0x010B, 0x00CD, 0x008F,  0x004F, 0x000C, 0xFFCC, 0xFF8C,
  0xFF4B, 0xFF10, 0xFED3, 0xFE9D,  0xFE68, 0xFE3A, 0xFE0D, 0xFDEC,
  0xFDC7, 0xFDB2, 0xFD9B, 0xFD91,  0xFD89, 0xFD8B, 0xFD8F, 0xFD9F,
  0xFDB2, 0xFDCC, 0xFDEE, 0xFE11,  0xFE3E, 0xFE6A, 0xFEA3, 0xFED5,
  0xFF16, 0xFF4B, 0xFF91, 0xFFCC,  0x000F, 0x004F, 0x008D, 0x00CB,
  0x0109, 0x013D, 0x0178, 0x01A6,  0x01D2, 0x01FE, 0x0219, 0x0241,
  0x024C, 0x0265, 0x026B, 0x026E,  0x026F, 0x0260, 0x0254, 0x023B,
  0x0221, 0x01FD, 0x01D7, 0x01AA,  0x0179, 0x0144, 0x010E, 0x00D0,
  0x0096, 0x0055, 0x0018, 0xFFD6,  0xFF98, 0xFF5A, 0xFF1F, 0xFEE2,
  0xFEB0, 0xFE78, 0xFE4D, 0xFE21,  0xFDFC, 0xFDDC, 0xFDC2, 0xFDB0,
  0xFD9F, 0xFD9C, 0xFD97, 0xFDA1,  0xFDA9, 0xFDC0, 0xFDD4, 0xFDF6,
  0xFE18, 0xFE41, 0xFE70, 0xFEA1,  0xFED6, 0xFF10, 0xFF49, 0xFF88,
  0xFFC6, 0x0002, 0x0045, 0x007F,  0x00BF, 0x00F5, 0x0132, 0x0161,
  0x0197, 0x01C1, 0x01E8, 0x020B,  0x0229, 0x023E, 0x0252, 0x025A,
  0x0260, 0x025C, 0x0257, 0x0244,  0x0234, 0x0214, 0x01F9, 0x01CF,
  0x01A7, 0x0178, 0x0143, 0x0110,  0x00D4, 0x009C, 0x005B, 0x0023,
  0xFFDF, 0xFFA5, 0xFF68, 0xFF2B,  0xFEF6, 0xFEBE, 0xFE8A, 0xFE5F,
  0xFE33, 0xFE0E, 0xFDF2, 0xFDCF,  0xFDC6, 0xFDAE, 0xFDAD, 0xFDA8,
  0xFDAC, 0xFDBA, 0xFDC7, 0xFDE3,  0xFDFB, 0xFE21, 0xFE45, 0xFE73,
  0xFEA1, 0xFED8, 0xFF0B, 0xFF47,  0xFF80, 0xFFBD, 0xFFFC, 0x0035,
  0x0078, 0x00AA, 0x00EE, 0x011A,  0x0157, 0x0180, 0x01B2, 0x01D3,
  0x01FC, 0x0213, 0x022F, 0x023E,  0x024B, 0x024E, 0x0250, 0x0245,
  0x023C, 0x0224, 0x0210, 0x01EC,  0x01CC, 0x01A1, 0x0176, 0x0143,
  0x0111, 0x00D8, 0x009E, 0x0067,  0x0025, 0xFFEF, 0xFFAD, 0xFF78,
  0xFF37, 0xFF08, 0xFECA, 0xFEA0,  0xFE6F, 0xFE44, 0xFE23, 0xFDFF,
  0xFDE9, 0xFDD1, 0xFDC4, 0xFDBA,  0xFDB9, 0xFDBB, 0xFDC7, 0xFDD3,
  0xFDED, 0xFE04, 0xFE29, 0xFE4A,  0xFE76, 0xFEA4, 0xFED5, 0xFF0D,
  0xFF3F, 0xFF7E, 0xFFB3, 0xFFF3,  0x002D, 0x0066, 0x00A5, 0x00D6,
  0x0112, 0x0141, 0x0172, 0x019E,  0x01C2, 0x01EA, 0x01FF, 0x0220,
  0x0229, 0x023B, 0x023F, 0x023F,  0x023A, 0x022B, 0x021B, 0x0204,
  0x01E6, 0x01C5, 0x019C, 0x0172,  0x0144, 0x010F, 0x00DD, 0x00A3,
  0x006B, 0x0030, 0xFFF6, 0xFFBA,  0xFF83, 0xFF48, 0xFF13, 0xFEDE,
  0xFEAF, 0xFE7F, 0xFE5A, 0xFE31,  0xFE16, 0xFDF7, 0xFDE5, 0xFDD5,
  0xFDCB, 0xFDC9, 0xFDC9, 0xFDD5,  0xFDE0, 0xFDF7, 0xFE0F, 0xFE2D,
  0xFE54, 0xFE77, 0xFEA9, 0xFED4,  0xFF0A, 0xFF3F, 0xFF74, 0xFFB3,
  0xFFE5, 0x0024, 0x005C, 0x0095,  0x00CA, 0x0103, 0x012F, 0x0163,
  0x018A, 0x01B3, 0x01D3, 0x01F3,  0x0208, 0x021C, 0x0228, 0x022E,
  0x0231, 0x0229, 0x0221, 0x020F,  0x01F9, 0x01DD, 0x01BE, 0x0196,
  0x0173, 0x013D, 0x0114, 0x00DB,  0x00A9, 0x0072, 0x0035, 0x0002,
  0xFFC3, 0xFF8F, 0xFF57, 0xFF1F,  0xFEF1, 0xFEBC, 0xFE94, 0xFE69,
  0xFE44, 0xFE27, 0xFE0A, 0xFDF7,  0xFDE5, 0xFDDE, 0xFDD7, 0xFDDA,
  0xFDE0, 0xFDEF, 0xFE01, 0xFE18,  0xFE37, 0xFE57, 0xFE80, 0xFEA8,
  0xFED6, 0xFF09, 0xFF3B, 0xFF72,  0xFFA9, 0xFFDE, 0x001D, 0x004C,
  0x008D, 0x00B8, 0x00F7, 0x011C,  0x0155, 0x0177, 0x01A2, 0x01C2,
  0x01DE, 0x01F8, 0x020A, 0x0218,  0x021C, 0x0223, 0x0219, 0x0215,
  0x0202, 0x01EF, 0x01D4, 0x01B8,  0x018F, 0x016E, 0x013D, 0x0112,
  0x00DF, 0x00AC, 0x0075, 0x003F,  0x0008, 0xFFCF, 0xFF9A, 0xFF65,
  0xFF2D, 0xFF00, 0xFECD, 0xFEA3,  0xFE7C, 0xFE56, 0xFE39, 0xFE1C,
  0xFE08, 0xFDF7, 0xFDEF, 0xFDE6,  0xFDEB, 0xFDEC, 0xFDFD, 0xFE0D,
  0xFE21, 0xFE41, 0xFE5B, 0xFE87,  0xFEAA, 0xFED9, 0xFF08, 0xFF38,
  0xFF6F, 0xFFA1, 0xFFDB, 0x000C,  0x004B, 0x0076, 0x00B5, 0x00DF,
  0x0114, 0x013F, 0x0169, 0x018F,  0x01B0, 0x01CD, 0x01E6, 0x01F8,
  0x0205, 0x0210, 0x020D, 0x0211,  0x0202, 0x01F9, 0x01E2, 0x01CC,
  0x01AE, 0x018B, 0x0168, 0x013C,  0x0111, 0x00E0, 0x00AD, 0x007C,
  0x0044, 0x0012, 0xFFD8, 0xFFA5,  0xFF71, 0xFF3C, 0xFF0E, 0xFEDD,
  0xFEB5, 0xFE8B, 0xFE6A, 0xFE48,  0xFE31, 0xFE17, 0xFE0B, 0xFDFC,
  0xFDFA, 0xFDF8, 0xFDFD, 0xFE07,  0xFE19, 0xFE2C, 0xFE49, 0xFE65,
  0xFE89, 0xFEAF, 0xFEDB, 0xFF06,  0xFF3A, 0xFF68, 0xFF9E, 0xFFD1,
  0x0009, 0x0038, 0x0074, 0x00A0,  0x00D6, 0x0103, 0x012F, 0x0158,
  0x017E, 0x019E, 0x01BB, 0x01D5,  0x01E6, 0x01F4, 0x01FF, 0x01FD,
  0x0202, 0x01F5, 0x01EB, 0x01D8,  0x01C1, 0x01A6, 0x0186, 0x0161,
  0x013B, 0x010D, 0x00E2, 0x00B1,  0x007E, 0x004D, 0x0015, 0xFFE5,
  0xFFAE, 0xFF7E, 0xFF49, 0xFF1D,  0xFEED, 0xFEC5, 0xFE9C, 0xFE7B,
  0xFE5A, 0xFE43, 0xFE2A, 0xFE1A,  0xFE10, 0xFE07, 0xFE0A, 0xFE0A,
  0xFE16, 0xFE24, 0xFE38, 0xFE51,  0xFE6D, 0xFE8E, 0xFEB6, 0xFEDA,
  0xFF0A, 0xFF36, 0xFF65, 0xFF9B,  0xFFC9, 0x0001, 0x002F, 0x0068,
  0x0094, 0x00C8, 0x00F4, 0x011E,  0x014A, 0x016A, 0x018F, 0x01A9,
  0x01C2, 0x01D5, 0x01E3, 0x01ED,  0x01EF, 0x01F3, 0x01E4, 0x01E3,
  0x01C8, 0x01BA, 0x019D, 0x017D,  0x015E, 0x0137, 0x010B, 0x00E4,
  0x00AF, 0x0086, 0x004E, 0x0021,  0xFFE9, 0xFFBC, 0xFF86, 0xFF5A,
  0xFF28, 0xFEFE, 0xFED3, 0xFEAF,  0xFE8B, 0xFE6C, 0xFE54, 0xFE3B,
  0xFE2E, 0xFE1E, 0xFE1A, 0xFE17,  0xFE1B, 0xFE22, 0xFE31, 0xFE44,
  0xFE58, 0xFE79, 0xFE91, 0xFEBC,  0xFEDC, 0xFF0C, 0xFF34, 0xFF65,
  0xFF93, 0xFFC7, 0xFFF4, 0x002C,  0x0058, 0x008A, 0x00BB, 0x00E4,
  0x0110, 0x0139, 0x0159, 0x017F,  0x0195, 0x01B2, 0x01C2, 0x01D3,
  0x01DD, 0x01DE, 0x01E3, 0x01D7,  0x01D4, 0x01BE, 0x01AF, 0x0192,
  0x0179, 0x0156, 0x0134, 0x0108,  0x00E4, 0x00B0, 0x008A, 0x0053,
  0x0026, 0xFFF4, 0xFFC4, 0xFF92,  0xFF67, 0xFF34, 0xFF0E, 0xFEE3,
  0xFEBF, 0xFE9C, 0xFE7E, 0xFE63,  0xFE50, 0xFE3B, 0xFE34, 0xFE26,
  0xFE2A, 0xFE27, 0xFE32, 0xFE3C,  0xFE51, 0xFE61, 0xFE81, 0xFE99,
  0xFEBF, 0xFEE2, 0xFF0B, 0xFF35,  0xFF63, 0xFF8E, 0xFFC3, 0xFFEC,
  0x0023, 0x004D, 0x0081, 0x00AA,  0x00DA, 0x00FF, 0x0129, 0x014A,
  0x016C, 0x0185, 0x01A0, 0x01B3,  0x01BE, 0x01CF, 0x01CC, 0x01D5,
  0x01C9, 0x01C5, 0x01B3, 0x01A3,  0x018A, 0x0171, 0x014F, 0x012F,
  0x0107, 0x00E2, 0x00B2, 0x008B,  0x0058, 0x002C, 0xFFFD, 0xFFCC,
  0xFF9E, 0xFF71, 0xFF44, 0xFF1B,  0xFEF4, 0xFECC, 0xFEB0, 0xFE8C,
  0xFE78, 0xFE5F, 0xFE4E, 0xFE43,  0xFE39, 0xFE37, 0xFE38, 0xFE40,
  0xFE49, 0xFE5C, 0xFE6C, 0xFE88,  0xFEA2, 0xFEC4, 0xFEE6, 0xFF0D,
  0xFF36, 0xFF60, 0xFF8C, 0xFFBC,  0xFFE8, 0x0018, 0x0047, 0x0070,
  0x00A3, 0x00C7, 0x00F5, 0x0115,  0x013D, 0x0158, 0x0177, 0x018D,
  0x01A0, 0x01B1, 0x01B8, 0x01C3,  0x01BF, 0x01BF, 0x01B5, 0x01A6,
  0x019A, 0x017E, 0x016B, 0x0147,  0x012B, 0x0103, 0x00E1, 0x00B3,
  0x008C, 0x005E, 0x0030, 0x0004,  0xFFD6, 0xFFA8, 0xFF7C, 0xFF52,
  0xFF29, 0xFF01, 0xFEE0, 0xFEBC,  0xFEA0, 0xFE89, 0xFE6E, 0xFE63,
  0xFE51, 0xFE4A, 0xFE49, 0xFE45,  0xFE4F, 0xFE57, 0xFE65, 0xFE7B,
  0xFE8D, 0xFEAD, 0xFEC8, 0xFEEA,  0xFF11, 0xFF34, 0xFF62, 0xFF88,
  0xFFB8, 0xFFE0, 0x0013, 0x003A,  0x006A, 0x0093, 0x00BC, 0x00E5,
  0x0108, 0x012B, 0x0149, 0x0164,  0x017D, 0x018F, 0x019F, 0x01A9,
  0x01B1, 0x01AE, 0x01B4, 0x01A1,  0x01A2, 0x0186, 0x017B, 0x015C,
  0x0146, 0x0121, 0x0103, 0x00DC,  0x00B5, 0x008D, 0x0061, 0x0036,
  0x000A, 0xFFDF, 0xFFB0, 0xFF8A,  0xFF5C, 0xFF38, 0xFF10, 0xFEED,
  0xFED0, 0xFEAD, 0xFE9C, 0xFE80,  0xFE72, 0xFE64, 0xFE5A, 0xFE58,
  0xFE56, 0xFE5E, 0xFE62, 0xFE74,  0xFE83, 0xFE9A, 0xFEB2, 0xFED1,
  0xFEED, 0xFF15, 0xFF35, 0xFF61,  0xFF87, 0xFFB2, 0xFFDE, 0x0006,
  0x0037, 0x005B, 0x008A, 0x00AE,  0x00D7, 0x00F9, 0x011B, 0x0139,
  0x0154, 0x016A, 0x0180, 0x018C,  0x0199, 0x01A0, 0x01A1, 0x01A0,
  0x0199, 0x018F, 0x017F, 0x016D,  0x0156, 0x013B, 0x011E, 0x00FE,
  0x00D9, 0x00B6, 0x008C, 0x0064,  0x003C, 0x000F, 0xFFE7, 0xFFBB,
  0xFF92, 0xFF6A, 0xFF45, 0xFF1D,  0xFEFF, 0xFEDC, 0xFEC2, 0xFEA9,
  0xFE94, 0xFE80, 0xFE77, 0xFE6A,  0xFE69, 0xFE65, 0xFE6C, 0xFE70,
  0xFE81, 0xFE8D, 0xFEA5, 0xFEBA,  0xFED8, 0xFEF3, 0xFF16, 0xFF3A,
  0xFF5E, 0xFF87, 0xFFAF, 0xFFD6,  0x0005, 0x0027, 0x0059, 0x0077,
  0x00A8, 0x00C5, 0x00ED, 0x010B,  0x0128, 0x0144, 0x0159, 0x016E,
  0x017C, 0x0189, 0x018D, 0x0193,  0x0190, 0x018B, 0x0183, 0x0171,
  0x0164, 0x014B, 0x0135, 0x0118,  0x00F8, 0x00D8, 0x00B3, 0x008E,
  0x0067, 0x003F, 0x0016, 0xFFED,  0xFFC5, 0xFF9C, 0xFF77, 0xFF4E,
  0xFF30, 0xFF0A, 0xFEEE, 0xFED2,  0xFEB8, 0xFEA6, 0xFE92, 0xFE87,
  0xFE7B, 0xFE79, 0xFE75, 0xFE7A,  0xFE7F, 0xFE8C, 0xFE9B, 0xFEAD,
  0xFEC5, 0xFEDB, 0xFEFD, 0xFF18,  0xFF3D, 0xFF5E, 0xFF86, 0xFFAA,
  0xFFD6, 0xFFF9, 0x0024, 0x004B,  0x0071, 0x0097, 0x00BD, 0x00D9,
  0x0100, 0x0116, 0x0135, 0x0148,  0x015D, 0x016B, 0x0177, 0x017F,
  0x0181, 0x0181, 0x017D, 0x0174,  0x0167, 0x0157, 0x0142, 0x012C,
  0x0112, 0x00F2, 0x00D5, 0x00B1,  0x008F, 0x0068, 0x0043, 0x001A,
  0xFFF6, 0xFFCB, 0xFFA8, 0xFF80,  0xFF5E, 0xFF3A, 0xFF1B, 0xFEFC,
  0xFEE2, 0xFECA, 0xFEB6, 0xFEA2,  0xFE9A, 0xFE89, 0xFE8B, 0xFE85,
  0xFE86, 0xFE92, 0xFE94, 0xFEAB,  0xFEB5, 0xFECE, 0xFEE5, 0xFF00,
  0xFF1F, 0xFF3E, 0xFF60, 0xFF85,  0xFFA8, 0xFFD1, 0xFFF3, 0x001F,
  0x003F, 0x006A, 0x0088, 0x00B2,  0x00CA, 0x00F3, 0x0105, 0x0125,
  0x0137, 0x014C, 0x015B, 0x0165,  0x0170, 0x016F, 0x0174, 0x016C,
  0x0168, 0x0159, 0x014D, 0x0137,  0x0123, 0x010C, 0x00EC, 0x00D2,
  0x00AE, 0x008E, 0x006B, 0x0044,  0x0021, 0xFFF9, 0xFFD7, 0xFFAD,
  0xFF8F, 0xFF66, 0xFF4A, 0xFF28,  0xFF0B, 0xFEF3, 0xFED8, 0xFEC9,
  0xFEB1, 0xFEAC, 0xFE9B, 0xFE98,  0xFE98, 0xFE94, 0xFE9F, 0xFEA6,
  0xFEB1, 0xFEC5, 0xFED5, 0xFEEF,  0xFF04, 0xFF27, 0xFF3E, 0xFF65,
  0xFF81, 0xFFAA, 0xFFC8, 0xFFF5,  0x0010, 0x003D, 0x005C, 0x0080,
  0x00A3, 0x00BF, 0x00E1, 0x00F9,  0x0113, 0x0128, 0x013B, 0x014A,
  0x0154, 0x015F, 0x0160, 0x0164,  0x015E, 0x0158, 0x014F, 0x013E,
  0x0130, 0x0119, 0x0103, 0x00E8,  0x00CD, 0x00AB, 0x008F, 0x0069,
  0x0049, 0x0025, 0xFFFE, 0xFFE0,  0xFFB4, 0xFF9B, 0xFF71, 0xFF57,
  0xFF35, 0xFF1C, 0xFEFF, 0xFEEC,  0xFED5, 0xFEC7, 0xFEB7, 0xFEB0,
  0xFEA6, 0xFEA9, 0xFEA2, 0xFEB0,  0xFEAF, 0xFEC3, 0xFECC, 0xFEE1,
  0xFEF6, 0xFF0E, 0xFF28, 0xFF45,  0xFF66, 0xFF81, 0xFFAA, 0xFFC4,
  0xFFEE, 0x000E, 0x0032, 0x0053,  0x0077, 0x0094, 0x00B6, 0x00CF,
  0x00EC, 0x0103, 0x0119, 0x0129,  0x0139, 0x0145, 0x014C, 0x0154,
  0x014F, 0x0153, 0x0148, 0x0141,  0x0135, 0x0121, 0x0113, 0x00F9,
  0x00E3, 0x00C6, 0x00AB, 0x0089,  0x006F, 0x0046, 0x002B, 0x0004,
  0xFFE4, 0xFFC1, 0xFFA0, 0xFF80,  0xFF61, 0xFF45, 0xFF27, 0xFF12,
  0xFEF8, 0xFEE9, 0xFED5, 0xFEC9,  0xFEBF, 0xFEB9, 0xFEB5, 0xFEB7,
  0xFEB9, 0xFEC2, 0xFECB, 0xFEDA,  0xFEEB, 0xFEFF, 0xFF14, 0xFF30,
  0xFF47, 0xFF6A, 0xFF81, 0xFFA8,  0xFFC4, 0xFFE8, 0x0009, 0x0029,
  0x004C, 0x0069, 0x008D, 0x00A4,  0x00C7, 0x00D8, 0x00F8, 0x0104,
  0x011C, 0x0129, 0x0132, 0x013F,  0x013F, 0x0144, 0x0140, 0x013C,
  0x0134, 0x0126, 0x011A, 0x0105,  0x00F4, 0x00D9, 0x00C3, 0x00A7,
  0x0088, 0x006D, 0x004A, 0x002B,  0x000B, 0xFFE9, 0xFFCA, 0xFFAA,
  0xFF8A, 0xFF6D, 0xFF51, 0xFF37,  0xFF1F, 0xFF0A, 0xFEF7, 0xFEE6,
  0xFEDA, 0xFECF, 0xFECA, 0xFEC5,  0xFEC5, 0xFECA, 0xFECD, 0xFEDC,
  0xFEE2, 0xFEF8, 0xFF06, 0xFF1E,  0xFF35, 0xFF4D, 0xFF6A, 0xFF86,
  0xFFA5, 0xFFC4, 0xFFE3, 0x0003,  0x0024, 0x0042, 0x0061, 0x0080,
  0x009A, 0x00B6, 0x00CE, 0x00E3,  0x00FB, 0x0108, 0x0118, 0x0124,
  0x012C, 0x0130, 0x0135, 0x012F,  0x0130, 0x0124, 0x011A, 0x010F,
  0x00FB, 0x00EB, 0x00D3, 0x00BC,  0x00A3, 0x0086, 0x006C, 0x004A,
  0x0030, 0x000E, 0xFFEF, 0xFFD3,  0xFFB0, 0xFF96, 0xFF79, 0xFF5D,
  0xFF46, 0xFF2C, 0xFF1B, 0xFF04,  0xFEFB, 0xFEE5, 0xFEE5, 0xFED4,
  0xFEDC, 0xFECD, 0xFEE4, 0xFEC7,  0xFF30, 0x0018, 0xFFF5, 0x0006,
  0xFFFE, 0x0000, 0x0001, 0xFFFE,  0x0002, 0xFFFE, 0x0002, 0xFFFF,
  0x0001, 0xFFFD, 0x0004, 0xFFFC,  0x0004, 0xFFFD, 0x0001, 0x0000,
  0x0000, 0x0000, 0x0001, 0xFFFE,  0x0003, 0xFFFC, 0x0004, 0xFFFD,
  0x0002, 0xFFFF, 0x0000, 0x0000,  0x0000, 0xFFFF, 0x0001, 0x0000,
  0x0000, 0x0000, 0xFFFF, 0x0001,  0x0000, 0x0000, 0x0001, 0xFFFE,
  0x0002, 0xFFFE, 0x0002, 0xFFFF,  0x0000, 0x0000, 0xFFFF, 0x0002,
  0xFFFF, 0x0000, 0x0000, 0x0000,  0x0000, 0x0001, 0xFFFF, 0x0000,
  0x0001, 0xFFFF, 0x0000, 0x0001,  0xFFFE, 0x0002, 0xFFFF, 0x0000,
  0x0000, 0x0000, 0x0000, 0x0000,  0x0001, 0xFFFE, 0x0003, 0xFFFD,
  0x0003, 0xFFFD, 0x0003, 0xFFFE,  0x0001, 0x0000, 0xFFFF, 0x0001,
  0xFFFF, 0x0001, 0x0000, 0xFFFF,  0x0001, 0xFFFF, 0x0000, 0x0002,
  0xFFFD, 0x0003, 0xFFFE, 0x0000,  0x0002, 0xFFFD, 0x0003, 0xFFFD,
  0x0003, 0xFFFE, 0x0001, 0xFFFF,  0x0001, 0x0000, 0x0000, 0xFFFF,
  0x0001, 0xFFFF, 0x0002, 0xFFFE,  0x0002, 0xFFFD, 0x0003, 0xFFFE,
  0x0002, 0xFFFE, 0x0001, 0xFFFF,  0x0001, 0x0001, 0xFFFD, 0x0003,
  0xFFFE, 0x0000, 0x0002, 0xFFFE,  0x0002, 0xFFFE, 0x0001, 0x0000,
  0x0000, 0x0001, 0xFFFE, 0x0002,  0xFFFE, 0x0002, 0xFFFE, 0x0002,
  0xFFFE, 0x0002, 0xFFFE, 0x0002,  0xFFFE, 0x0002, 0xFFFE, 0x0002,
  0xFFFE, 0x0002, 0xFFFE, 0x0001,  0x0000, 0x0000, 0xFFFF, 0x0001,
  0xFFFF, 0x0001, 0xFFFF, 0x0001,  0xFFFF, 0x0001, 0xFFFF, 0x0000,
  0x0001, 0x0000, 0xFFFF, 0x0001,  0xFFFF, 0x0001, 0x0000, 0xFFFF,
  0x0001, 0x0000, 0xFFFF, 0x0002,  0xFFFD, 0x0003, 0xFFFD, 0x0003,
  0xFFFE, 0x0001, 0xFFFF, 0x0000,  0x0001, 0xFFFF, 0x0001, 0xFFFE,
  0x0002, 0xFFFE, 0x0002, 0xFFFF,  0xFFFF, 0x0003, 0xFFFB, 0x0006,
  0xFFFB, 0x0003, 0xFFFF, 0x0000,  0x0001, 0xFFFE, 0x0002, 0xFFFE,
  0x0002, 0xFFFF, 0xFFFF, 0x0002,  0xFFFD, 0x0003, 0xFFFE, 0x0001,
  0x0000, 0xFFFF, 0x0001, 0xFFFF,  0x0001, 0x0000, 0xFFFF, 0x0001,
  0xFFFF, 0x0001, 0xFFFF, 0x0002,  0xFFFC, 0x0005, 0xFFFC, 0x0002,
  0x0000, 0xFFFF, 0x0001, 0x0000,  0x0000, 0xFFFF, 0x0001, 0xFFFF,
  0x0002, 0xFFFE, 0x0001, 0xFFFF,  0x0001, 0x0000, 0xFFFF, 0x0001,
  0xFFFF, 0x0001, 0x0000, 0xFFFE,  0x0002, 0xFFFF, 0x0000, 0x0001,
  0xFFFF, 0xFFFF, 0x0003, 0xFFFD,  0x0002, 0xFFFF, 0x0000, 0x0001,
  0x0000, 0xFFFE, 0x0004, 0xFFFB,  0x0005, 0xFFFC, 0x0002, 0x0000,
  0xFFFF, 0x0001, 0xFFFF, 0x0001,  0xFFFF, 0x0001, 0xFFFF, 0x0000,
  0x0001, 0xFFFF, 0x0001, 0x0000,  0xFFFE, 0x0003, 0xFFFD, 0x0003,
  0xFFFE, 0x0000, 0x0001, 0xFFFF,  0x0001, 0xFFFF, 0x0000, 0x0001,
  0xFFFF, 0x0001, 0xFFFE, 0x0002,  0xFFFF, 0x0000, 0x0000, 0x0000,
  0xFFFF, 0x0002, 0xFFFE, 0x0002,  0xFFFE, 0x0001, 0xFFFF, 0x0002,
  0xFFFE, 0x0002, 0xFFFE, 0x0001,  0x0000, 0xFFFF, 0x0002, 0xFFFD,
  0x0003, 0xFFFD, 0x0003, 0xFFFE,  0x0000, 0x0001, 0xFFFF, 0x0001,
  0x0000, 0xFFFF, 0x0000, 0x0002,  0xFFFD, 0x0003, 0xFFFD, 0x0002,
  0xFFFF, 0x0001, 0xFFFE, 0x0003,  0xFFFD, 0x0002, 0xFFFF, 0x0000,
  0x0001, 0xFFFF, 0x0001, 0xFFFF,  0x0001, 0xFFFF, 0x0000, 0x0001,
  0x0000, 0x0000, 0xFFFF, 0x0001,  0xFFFF, 0x0002, 0xFFFE, 0x0002,
  0xFFFE, 0x0002, 0xFFFE, 0x0002,  0xFFFE, 0x0002, 0xFFFE, 0x0001,
  0x0001, 0xFFFE, 0x0002, 0xFFFE,  0x0001, 0x0000, 0x0001, 0xFFFD,
  0x0005, 0xFFFA, 0x0005, 0xFFFD,  0x0001, 0x0000, 0x0000, 0x0000,
  0x0000, 0xFFFF, 0x0001, 0x0000,  0x0000, 0x0000, 0x0000, 0xFFFF,
  0x0002, 0xFFFE, 0x0002, 0xFFFE,  0x0003, 0xFFFC, 0x0004, 0xFFFC,
  0x0004, 0xFFFD, 0x0002, 0xFFFE,  0x0002, 0xFFFE, 0x0003, 0xFFFC,
  0x0003, 0xFFFF, 0xFFFF, 0x0003,  0xFFFC, 0x0003, 0xFFFE, 0x0001,
  0x0001, 0xFFFD, 0x0003, 0xFFFD,  0x0002, 0x0000, 0xFFFF, 0x0000,
  0x0000, 0x0000, 0x0000, 0x0001,  0xFFFE, 0x0001, 0x0000, 0x0000,
  0x0001, 0xFFFE, 0x0002, 0xFFFE,  0x0002, 0xFFFF, 0x0000, 0x0001,
  0xFFFE, 0x0002, 0xFFFF, 0x0000,  0x0001, 0xFFFF, 0x0001, 0xFFFE,
  0x0003, 0xFFFD, 0x0002, 0x0000,  0xFFFE, 0x0003, 0xFFFE, 0xFFFF,
  0x0003, 0xFFFD, 0x0002, 0x0000,  0xFFFE, 0x0003, 0xFFFE, 0xFFFF,
  0x0003, 0xFFFD, 0x0003, 0xFFFE,  0x0000, 0x0001, 0xFFFE, 0x0003,
  0xFFFD, 0x0003, 0xFFFE, 0x0000,  0x0000, 0x0000, 0x0001, 0xFFFF,
  0x0001, 0xFFFE, 0x0002, 0xFFFE,  0x0003, 0xFFFC, 0x0004, 0xFFFE,
  0xFFFF, 0x0003, 0xFFFC, 0x0004,  0xFFFE, 0x0001, 0xFFFF, 0x0000,
  0x0000, 0x0001, 0xFFFF, 0x0001,  0xFFFF, 0x0000, 0x0001, 0xFFFF,
  0x0000, 0x0001, 0xFFFF, 0x0001,  0xFFFF, 0x0001, 0xFFFE, 0x0003,
  0xFFFE, 0x0001, 0xFFFF, 0x0001,  0x0000, 0x0000, 0x0000, 0xFFFF,
  0x0002, 0xFFFE, 0x0002, 0xFFFE,  0x0001, 0x0000, 0xFFFF, 0x0002,
  0xFFFE, 0x0001, 0x0000, 0xFFFF,  0x0002, 0xFFFE, 0x0002, 0xFFFE,
  0x0002, 0xFFFE, 0x0002, 0xFFFE,  0x0003, 0xFFFC, 0x0003, 0xFFFF,
  0x0000, 0x0000, 0x0000, 0x0000,  0x0000, 0x0001, 0xFFFE, 0x0002,
  0xFFFF, 0x0000, 0x0000, 0x0000,  0x0001, 0xFFFE, 0x0003, 0xFFFC,
  0x0004, 0xFFFC, 0x0004, 0xFFFD,  0x0002, 0xFFFE, 0x0002, 0xFFFE,
  0x0003, 0xFFFD, 0x0001, 0x0001,  0xFFFE, 0x0002, 0xFFFF, 0x0000,
  0x0001, 0xFFFE, 0x0002, 0xFFFE,  0x0003, 0xFFFD, 0x0002, 0xFFFE,
  0x0003, 0xFFFC, 0x0004, 0xFFFD,  0x0001, 0x0001, 0xFFFE, 0x0001,
  0x0000, 0x0000, 0x0000, 0x0000,  0x0000, 0xFFFF, 0x0002, 0xFFFE,
  0x0002, 0xFFFE, 0x0002, 0xFFFF,  0xFFFF, 0x0002, 0xFFFE, 0x0002,
  0xFFFF, 0xFFFF, 0x0002, 0xFFFE,  0x0002, 0xFFFE, 0x0001, 0x0000,
  0x0000, 0x0000, 0x0000, 0x0000,  0xFFFF, 0x0002, 0xFFFE, 0x0001,
  0x0000, 0xFFFF, 0x0002, 0xFFFE,  0x0001, 0x0000, 0x0000, 0x0000,
  0x0000, 0x0000, 0xFFFF, 0x0002,  0xFFFF, 0x0000, 0x0001, 0xFFFE,
  0x0001, 0x0001, 0xFFFE, 0x0002,  0xFFFF, 0x0000, 0x0001, 0xFFFE,
  0x0002, 0xFFFE, 0x0002, 0xFFFF,  0x0000, 0x0000, 0x0000, 0x0000,
  0x0000, 0x0000, 0x0000, 0x0000,  0x0000, 0x0000, 0x0000, 0xFFFF,
  0x0003, 0xFFFD, 0x0002, 0xFFFE,  0x0002, 0xFFFF, 0x0001, 0xFFFE,
  0x0002, 0xFFFF, 0x0001, 0xFFFF,  0x0000, 0x0000, 0x0000, 0x0001,
  0xFFFE, 0x0003, 0xFFFC, 0x0003,  0xFFFE, 0x0002, 0xFFFE, 0x0002,
  0xFFFD, 0x0003, 0xFFFE, 0x0001,  0x0000, 0xFFFF, 0x0002, 0xFFFE,
  0x0002, 0xFFFD, 0x0003, 0xFFFE,  0x0002, 0xFFFE, 0x0001, 0xFFFF,
  0x0001, 0xFFFF, 0x0001, 0x0000,  0x0000, 0xFFFF, 0x0001, 0xFFFF,
  0x0002, 0xFFFE, 0x0001, 0x0000,  0xFFFF, 0x0001, 0xFFFF, 0x0001,
  0xFFFF, 0x0001, 0xFFFE, 0x0002,  0xFFFF, 0x0000, 0x0000, 0x0000,
  0x0001, 0xFFFE, 0x0003, 0xFFFC,  0x0004, 0xFFFE, 0x0000, 0x0001,
  0xFFFF, 0x0001, 0xFFFF, 0x0000,  0x0001, 0xFFFE, 0x0003, 0xFFFD,
  0x0002, 0xFFFF, 0x0000, 0x0000,  0x0000, 0x0000, 0x0000, 0x0001,
  0xFFFE, 0x0002, 0xFFFF, 0x0000,  0x0001, 0xFFFF, 0x0000, 0x0002,
  0xFFFD, 0x0003, 0xFFFD, 0x0003,  0xFFFC, 0x0004, 0xFFFD, 0x0003,
  0xFFFD, 0x0002, 0xFFFE, 0x0002,  0xFFFF, 0x0001, 0xFFFF, 0x0000,
  0x0001, 0xFFFF, 0x0001, 0xFFFF,  0x0000, 0x0001, 0x0000, 0xFFFE,
  0x0002, 0xFFFE, 0x0002, 0xFFFF,  0x0000, 0x0000, 0x0000, 0x0000,
  0x0000, 0x0001, 0xFFFF, 0x0000,  0x0001, 0xFFFE, 0x0004, 0xFFFB,
  0x0004, 0xFFFE, 0x0000, 0x0001,  0xFFFF, 0x0000, 0x0002, 0xFFFD,
  0x0003, 0xFFFD, 0x0002, 0x0000,  0xFFFF, 0x0002, 0xFFFC, 0x0005,
  0xFFFB, 0x0004, 0xFFFE, 0x0000,  0x0000, 0x0001, 0xFFFE, 0x0002,
  0xFFFF, 0x0000, 0x0001, 0xFFFF,  0x0000, 0x0000, 0x0001, 0xFFFF,
  0x0001, 0xFFFF, 0x0000, 0x0001,  0xFFFE, 0x0003, 0xFFFD, 0x0002,
  0xFFFF, 0x0000, 0x0000, 0x0001,  0xFFFE, 0x0002, 0xFFFE, 0x0002,
  0xFFFE, 0x0002, 0xFFFE, 0x0002,  0xFFFE, 0x0002, 0xFFFF, 0x0000,
  0x0000, 0x0000, 0x0000, 0x0001,  0xFFFE, 0x0002, 0xFFFE, 0x0002,
  0xFFFE, 0x0002, 0xFFFE, 0x0002,  0xFFFF, 0x0000, 0x0000, 0x0001,
  0xFFFE, 0x0002, 0xFFFE, 0x0002,  0xFFFF, 0x0000, 0x0001, 0xFFFE,
  0x0002, 0xFFFE, 0x0002, 0xFFFF,  0x0001, 0xFFFF, 0x0001, 0xFFFE,
  0x0003, 0xFFFD, 0x0004, 0xFFFB,  0x0005, 0xFFFC, 0x0003, 0xFFFE,
  0x0001, 0xFFFF, 0x0002, 0xFFFD,  0x0003, 0xFFFD, 0x0003, 0xFFFD,
  0x0002, 0xFFFF, 0x0000, 0x0001,  0xFFFE, 0x0002, 0xFFFE, 0x0002,
  0xFFFE, 0x0001, 0x0000, 0x0000,  0x0000, 0xFFFF, 0x0001, 0x0000,
  0x0000, 0xFFFF, 0x0001, 0x0000,  0xFFFF, 0x0001, 0xFFFF, 0x0000,
  0x0001, 0xFFFE, 0x0003, 0xFFFC,  0x0005, 0xFFFB, 0x0003, 0x0000,
  0xFFFE, 0x0003, 0xFFFD, 0x0002,  0x0000, 0xFFFF, 0x0000, 0x0001,
  0xFFFE, 0x0003, 0xFFFD, 0x0002,  0xFFFE, 0x0002, 0xFFFF, 0x0001,
  0xFFFE, 0x0002, 0xFFFE, 0x0002,  0x0000, 0xFFFE, 0x0002, 0xFFFF,
  0x0000, 0x0001, 0xFFFF, 0x0001,  0xFFFF, 0x0000, 0x0002, 0xFFFD,
  0x0003, 0xFFFD, 0x0002, 0x0000,  0xFFFF, 0x0000, 0x0001, 0xFFFE,
  0x0002, 0xFFFF, 0x0000, 0x0001,  0xFFFE, 0x0001, 0x0000, 0x0000,
  0x0000, 0xFFFF, 0x0002, 0xFFFD,  0x0004, 0xFFFC, 0x0003, 0xFFFE,
  0x0001, 0x0000, 0x0000, 0x0000,  0x0000, 0xFFFF, 0x0002, 0xFFFD,
  0x0004, 0xFFFC, 0x0003, 0xFFFE,  0x0001, 0x0000, 0x0000, 0x0000,
  0xFFFF, 0x0002, 0xFFFF, 0x0000,  0x0001, 0xFFFE, 0x0001, 0x0001,
  0xFFFD, 0x0005, 0xFFFA, 0x0006,  0xFFFA, 0x0004, 0xFFFF, 0xFFFF,
  0x0002, 0xFFFD, 0x0003, 0xFFFD,  0x0003, 0xFFFE, 0x0000, 0x0002,
  0xFFFD, 0x0003, 0xFFFD, 0x0003,  0xFFFD, 0x0003, 0xFFFE, 0x0001,
  0x0000, 0xFFFF, 0x0001, 0xFFFF,  0x0002, 0xFFFD, 0x0003, 0xFFFD,
  0x0003, 0xFFFE, 0x0000, 0x0001,  0xFFFF, 0x0001, 0xFFFF, 0x0001,
  0xFFFE, 0x0004, 0xFFFB, 0x0004,  0xFFFE, 0x0000, 0x0001, 0xFFFF,
  0x0001, 0xFFFF, 0x0000, 0x0001,  0xFFFE, 0x0002, 0xFFFF, 0x0001,
  0xFFFF, 0x0000, 0xFFFF, 0x0002,  0x0000, 0xFFFE, 0x0003, 0xFFFC,
  0x0004, 0xFFFD, 0x0002, 0xFFFE,  0x0002, 0xFFFE, 0x0002, 0xFFFE,
  0x0001, 0x0000, 0xFFFF, 0x0001,  0x0000, 0xFFFF, 0x0002, 0xFFFD,
  0x0003, 0xFFFD, 0x0003, 0xFFFE,  0x0001, 0xFFFF, 0x0001, 0xFFFF,
  0x0001, 0x0000, 0xFFFF, 0x0001,  0xFFFF, 0x0001, 0x0000, 0x0000,
  0xFFFF, 0x0002, 0xFFFD, 0x0004,  0xFFFC, 0x0003, 0xFFFE, 0x0001,
  0x0000, 0xFFFF, 0x0001, 0x0000,  0xFFFF, 0x0001, 0xFFFF, 0x0000,
  0x0002, 0xFFFE, 0x0000, 0x0002,  0xFFFC, 0x0006, 0xFFFA, 0x0004,
  0xFFFE, 0x0001, 0x0000, 0xFFFF,  0x0000, 0x0001, 0x0000, 0xFFFF,
  0x0001, 0xFFFE, 0x0003, 0xFFFD,  0x0003, 0xFFFD, 0x0003, 0xFFFE,
  0x0001, 0x0000, 0xFFFF, 0x0002,  0xFFFF, 0x0000, 0x0000, 0x0000,
  0x0000, 0x0001, 0xFFFF, 0x0000,  0x0000, 0x0001, 0xFFFD, 0x0005,
  0xFFFB, 0x0004, 0xFFFD, 0x0002,  0xFFFE, 0x0002, 0xFFFE, 0x0002,
  0xFFFF, 0x0000, 0x0000, 0x0000,  0x0000, 0x0000, 0x0001, 0xFFFD,
  0x0004, 0xFFFC, 0x0004, 0xFFFD,  0x0001, 0x0000, 0xFFFF, 0x0002,
  0xFFFE, 0x0002, 0xFFFF, 0x0000,  0xFFFF, 0x0002, 0xFFFE, 0x0003,
  0xFFFC, 0x0003, 0xFFFD, 0x0004,  0xFFFD, 0x0001, 0x0000, 0xFFFF,
  0x0002, 0xFFFE, 0x0001, 0x0000,  0x0000, 0x0000, 0x0000, 0xFFFF,
  0x0002, 0xFFFD, 0x0005, 0xFFFA,  0x0005, 0xFFFC, 0x0003, 0xFFFE,
  0x0001, 0xFFFF, 0x0001, 0xFFFF,  0x0001, 0xFFFE, 0x0002, 0x0000,
  0xFFFE, 0x0003, 0xFFFD, 0x0002,  0x0000, 0xFFFE, 0x0004, 0xFFFB,
  0x0005, 0xFFFB, 0x0004, 0xFFFE,  0x0000, 0x0001, 0xFFFE, 0x0003,
  0xFFFD, 0x0002, 0xFFFE, 0x0003,  0xFFFD, 0x0002, 0x0000, 0xFFFD,
  0x0005, 0xFFFB, 0x0005, 0xFFFC,  0x0002, 0xFFFF, 0x0001, 0xFFFF,
  0x0001, 0xFFFF, 0x0000, 0x0002,  0xFFFD, 0x0002, 0xFFFF, 0x0000,
  0x0001, 0xFFFF, 0x0000, 0x0001,  0xFFFE, 0x0002, 0xFFFF, 0x0000,
  0x0000, 0x0001, 0xFFFE, 0x0002,  0xFFFF, 0x0000, 0x0001, 0xFFFF,
  0x0000, 0x0001, 0xFFFF, 0x0001,  0xFFFE, 0x0002, 0xFFFF, 0x0001,
  0xFFFF, 0x0000, 0x0001, 0xFFFE,  0x0002, 0xFFFF, 0x0001, 0xFFFF,
  0x0001, 0xFFFE, 0x0003, 0xFFFD,  0x0002, 0xFFFF, 0x0001, 0xFFFF,
  0x0001, 0xFFFE, 0x0003, 0xFFFE,  0x0001, 0xFFFF, 0x0000, 0x0001,
  0xFFFF, 0x0002, 0xFFFD, 0x0002,  0xFFFF, 0x0001, 0xFFFF, 0x0001,
  0xFFFF, 0x0001, 0xFFFF, 0x0001,  0xFFFF, 0x0001, 0xFFFF, 0x0001,
  0xFFFF, 0x0001, 0x0000, 0xFFFF,  0x0001, 0xFFFF, 0x0001, 0xFFFF,
  0x0002, 0xFFFD, 0x0003, 0xFFFD,  0x0003, 0xFFFE, 0x0001, 0xFFFF,
  0x0001, 0xFFFF, 0x0001, 0x0000,  0xFFFF, 0x0001, 0xFFFF, 0x0001,
  0x0000, 0xFFFF, 0x0001, 0x0000,  0x0000, 0xFFFF, 0x0001, 0x0000,
  0x0000, 0x0001, 0xFFFD, 0x0003,  0xFFFF, 0x0000, 0x0000, 0x0000,
  0x0000, 0x0000, 0x0001, 0xFFFD,  0x0004, 0xFFFC, 0x0003, 0xFFFF,
  0x0000, 0xFFFF, 0x0001, 0xFFFF,  0x0001, 0x0000, 0xFFFF, 0x0000,
  0x0001, 0xFFFF, 0x0001, 0xFFFF,  0x0000, 0x0001, 0xFFFF, 0x0001,
  0xFFFF, 0x0001, 0xFFFE, 0x0003,  0xFFFD, 0x0003, 0xFFFE, 0x0001,
  0xFFFF, 0x0001, 0xFFFF, 0x0001,  0x0000, 0x0000, 0xFFFF, 0x0002,
  0xFFFE, 0x0002, 0xFFFE, 0x0002,  0xFFFE, 0x0003, 0xFFFE, 0x0000,
  0x0001, 0xFFFE, 0x0003, 0xFFFD,  0x0003, 0xFFFE, 0x0001, 0xFFFF,
  0x0001, 0xFFFF, 0x0001, 0x0000,  0xFFFF, 0x0001, 0xFFFF, 0x0001,
  0xFFFF, 0x0002, 0xFFFC, 0x0004,  0xFFFD, 0x0002, 0xFFFF, 0xFFFF,
  0x0002, 0xFFFE, 0x0002, 0xFFFE,  0x0000, 0x0003, 0xFFFC, 0x0004,
  0xFFFC, 0x0003, 0xFFFF, 0x0001,  0xFFFE, 0x0002, 0xFFFE, 0x0003,
  0xFFFD, 0x0002, 0xFFFE, 0x0002,  0xFFFF, 0x0000, 0x0000, 0x0000,
  0x0000, 0x0000, 0x0000, 0x0000,  0x0000, 0x0000, 0x0000, 0x0000,
  0x0000, 0xFFFF, 0x0002, 0xFFFE,  0x0002, 0xFFFE, 0x0001, 0x0000,
  0x0000, 0xFFFF, 0x0002, 0xFFFE,  0x0002, 0xFFFF, 0xFFFF, 0x0002,
  0xFFFF, 0x0000, 0x0001, 0xFFFE,  0x0002, 0xFFFF, 0x0001, 0xFFFF,
  0x0000, 0x0000, 0x0001, 0xFFFF,  0x0001, 0xFFFF, 0x0001, 0xFFFE,
  0x0003, 0xFFFD, 0x0002, 0x0000,  0xFFFE, 0x0003, 0xFFFD, 0x0002,
  0x0000, 0xFFFF, 0x0001, 0xFFFF,  0x0001, 0x0000, 0x0000, 0xFFFF,
  0x0001, 0xFFFF, 0x0001, 0x0000,  0xFFFF, 0x0002, 0xFFFD, 0x0002,
  0x0000, 0xFFFF, 0x0001, 0x0000,  0xFFFE, 0x0003, 0xFFFD, 0x0002,
  0xFFFF, 0x0001, 0xFFFF, 0x0001,  0xFFFF, 0x0000, 0x0001, 0xFFFF,
  0x0002, 0xFFFE, 0x0001, 0xFFFF,  0x0001, 0x0000, 0x0000, 0x0000,
  0xFFFF, 0x0002, 0xFFFE, 0x0002,  0xFFFF, 0x0000, 0x0000, 0x0000,
  0xFFFF, 0x0002, 0xFFFF, 0xFFFF,  0x0002, 0xFFFD, 0x0003, 0xFFFE,
  0x0001, 0xFFFF, 0x0001, 0x0000,  0xFFFF, 0x0002, 0xFFFD, 0x0003,
  0xFFFE, 0x0002, 0xFFFE, 0x0001,  0xFFFF, 0x0002, 0xFFFE, 0x0002,
  0xFFFE, 0x0001, 0xFFFF, 0x0002,  0xFFFE, 0x0002, 0xFFFE, 0x0001,
  0x0000, 0x0000, 0xFFFF, 0x0002,  0xFFFD, 0x0003, 0xFFFE, 0x0001,
  0xFFFF, 0x0001, 0xFFFF, 0x0000,  0x0002, 0xFFFC, 0x0005, 0xFFFC,
  0x0002, 0x0000, 0xFFFE, 0x0003,  0xFFFE, 0x0001, 0x0000, 0xFFFE,
  0x0003, 0xFFFE, 0x0001, 0xFFFF,  0x0001, 0xFFFF, 0x0001, 0xFFFF,
  0x0000, 0x0001, 0xFFFF, 0x0001,  0xFFFF, 0x0001, 0xFFFE, 0x0004,
  0xFFFB, 0x0005, 0xFFFC, 0x0002,  0xFFFF, 0x0000, 0x0002, 0xFFFC,
  0x0005, 0xFFFB, 0x0003, 0xFFFF,  0x0000, 0x0000, 0x0002, 0xFFFC,
  0x0004, 0xFFFD, 0x0001, 0x0001,  0xFFFF, 0x0000, 0x0001, 0xFFFD,
  0x0004, 0xFFFC, 0x0004, 0xFFFD,  0x0002, 0xFFFE, 0x0002, 0xFFFE,
  0x0003, 0xFFFD, 0x0002, 0xFFFF,  0x0001, 0xFFFF, 0x0001, 0xFFFE,
  0x0003, 0xFFFD, 0x0003, 0xFFFD,  0x0002, 0xFFFF, 0x0001, 0xFFFF,
  0x0001, 0xFFFF, 0x0001, 0x0000,  0xFFFE, 0x0003, 0xFFFE, 0x0001,
  0x0000, 0xFFFF, 0x0001, 0x0000,  0xFFFF, 0x0001, 0xFFFF, 0x0001,
  0xFFFF, 0x0000, 0x0001, 0xFFFE,  0x0003, 0xFFFC, 0x0004, 0xFFFD,
  0x0002, 0xFFFE, 0x0002, 0xFFFF,  0x0001, 0xFFFF, 0x0000, 0x0000,
  0x0000, 0x0001, 0xFFFF, 0x0000,  0x0001, 0xFFFD, 0x0004, 0xFFFE,
  0xFFFF, 0x0003, 0xFFFD, 0x0002,  0x0000, 0xFFFF, 0x0001, 0x0000,
  0xFFFF, 0x0001, 0xFFFF, 0x0001,  0x0000, 0xFFFF, 0x0001, 0xFFFF,
  0x0001, 0x0000, 0xFFFF, 0x0001,  0xFFFF, 0x0001, 0x0001, 0xFFFD,
  0x0003, 0xFFFD, 0x0003, 0xFFFE,  0x0001, 0xFFFF, 0x0001, 0xFFFF,
  0x0002, 0xFFFE, 0x0001, 0xFFFF,  0x0001, 0x0000, 0x0001, 0xFFFD,
  0x0004, 0xFFFC, 0x0004, 0xFFFD,  0x0001, 0x0001, 0xFFFE, 0x0002,
  0xFFFF, 0x0000, 0x0000, 0x0000,  0x0000, 0x0000, 0x0001, 0xFFFE,
  0x0002, 0xFFFF, 0xFFFF, 0x0002,  0xFFFF, 0x0001, 0xFFFF, 0x0000,
  0xFFFF, 0x0002, 0xFFFE, 0x0003,  0xFFFD, 0x0001, 0x0000, 0x0000,
  0x0001, 0xFFFE, 0x0002, 0xFFFE,  0x0002, 0x0000, 0xFFFE, 0x0003,
  0xFFFC, 0x0003, 0xFFFF, 0x0000,  0x0001, 0xFFFE, 0x0002, 0xFFFE,
  0x0002, 0xFFFE, 0x0002, 0xFFFF,  0x0000, 0x0000, 0x0000, 0x0000,
  0x0001, 0xFFFE, 0x0003, 0xFFFD,  0x0002, 0x0000, 0xFFFE, 0x0003,
  0xFFFD, 0x0002, 0x0000, 0xFFFF,  0x0000, 0x0001, 0xFFFF, 0x0000,
  0x0001, 0xFFFF, 0x0001, 0xFFFF,  0x0001, 0xFFFF, 0x0002, 0xFFFD,
  0x0002, 0xFFFF, 0x0001, 0x0000,  0xFFFF, 0x0000, 0x0001, 0xFFFF,
  0x0001, 0xFFFF, 0x0001, 0xFFFF,  0x0001, 0x0000, 0xFFFF, 0x0001,
  0x0000, 0xFFFF, 0x0002, 0xFFFD,  0x0003, 0xFFFE, 0x0002, 0xFFFE,
  0x0001, 0xFFFF, 0x0001, 0x0001,  0xFFFE, 0x0002, 0xFFFE, 0x0002,
  0xFFFE, 0x0001, 0x0001, 0xFFFF,  0x0001, 0xFFFE, 0x0001, 0x0000,
  0x0001, 0xFFFE, 0x0002, 0xFFFE,  0x0002, 0xFFFE, 0x0002, 0xFFFE,
  0x0002, 0xFFFE, 0x0002, 0xFFFF,  0xFFFF, 0x0003, 0xFFFC, 0x0004,
  0xFFFD, 0x0002, 0xFFFF, 0x0000,  0x0001, 0xFFFF, 0x0001, 0xFFFE,
  0x0002, 0xFFFF, 0x0001, 0x0000,  0xFFFE, 0x0003, 0xFFFD, 0x0003,
  0xFFFE, 0x0001, 0x0000, 0xFFFF,  0x0001, 0x0000, 0xFFFF, 0x0001,
  0xFFFF, 0x0001, 0xFFFF, 0x0001,  0xFFFE, 0x0003, 0xFFFD, 0x0003,
  0xFFFD, 0x0001, 0x0001, 0xFFFF,  0x0001, 0xFFFE, 0x0003, 0xFFFC,
  0x0004, 0xFFFE, 0x0000, 0x0002,  0xFFFD, 0x0002, 0x0000, 0xFFFE,
  0x0004, 0xFFFC, 0x0003, 0xFFFE,  0x0001, 0xFFFF, 0x0001, 0x0000,
  0xFFFF, 0x0002, 0xFFFD, 0x0003,  0xFFFE, 0x0001, 0xFFFF, 0x0001,
  0xFFFF, 0x0002, 0xFFFE, 0x0001,  0xFFFF, 0x0001, 0x0000, 0xFFFF,
  0x0002, 0xFFFD, 0x0003, 0xFFFE,  0x0001, 0x0000, 0xFFFF, 0x0002,
  0xFFFE, 0x0001, 0x0000, 0x0000,  0xFFFF, 0x0002, 0xFFFD, 0x0004,
  0xFFFC, 0x0003, 0xFFFD, 0x0003,  0xFFFE, 0x0001, 0xFFFF, 0x0001,
  0xFFFF, 0x0001, 0xFFFF, 0x0000,  0x0001, 0xFFFE, 0x0003, 0xFFFD,
  0x0002, 0xFFFF, 0x0000, 0x0001,  0xFFFF, 0x0000, 0x0000, 0x0001,
  0xFFFE, 0x0003, 0xFFFC, 0x0003,  0xFFFE, 0x0001, 0x0001, 0xFFFD,
  0x0003, 0xFFFD, 0x0002, 0x0000,  0xFFFE, 0x0003, 0xFFFE, 0x0000,
  0x0001, 0xFFFF, 0x0000, 0x0001,  0xFFFF, 0x0001, 0x0000, 0xFFFF,
  0x0000, 0x0001, 0x0000, 0x0000,  0x0000, 0x0000, 0xFFFF, 0x0002,
  0xFFFD, 0x0004, 0xFFFD, 0x0001,  0x0000, 0xFFFF, 0x0002, 0xFFFE,
  0x0001, 0xFFFF, 0x0002, 0xFFFE,  0x0002, 0xFFFD, 0x0003, 0xFFFE,
  0x0002, 0xFFFE, 0x0001, 0x0000,  0x0000, 0x0001, 0xFFFE, 0x0001,
  0x0000, 0x0000, 0x0000, 0x0001,  0xFFFE, 0x0001, 0x0000, 0x0000,
  0x0000, 0x0001, 0xFFFE, 0x0002,  0xFFFF, 0x0000, 0x0001, 0xFFFE,
  0x0003, 0xFFFD, 0x0003, 0xFFFD,  0x0001, 0x0001, 0xFFFE, 0x0003,
  0xFFFD, 0x0001, 0x0000, 0x0000,  0x0000, 0x0000, 0xFFFF, 0x0002,
  0xFFFD, 0x0003, 0xFFFE, 0x0000,  0x0002, 0xFFFD, 0x0003, 0xFFFD,
  0x0003, 0xFFFD, 0x0003, 0xFFFE,  0x0001, 0xFFFF, 0x0001, 0x0000,
  0xFFFF, 0x0002, 0xFFFD, 0x0004,  0xFFFC, 0x0003, 0xFFFE, 0x0001,
  0x0000, 0x0000, 0x0000, 0x0000,  0x0000, 0xFFFF, 0x0003, 0xFFFC,
  0x0004, 0xFFFD, 0x0002, 0xFFFE,  0x0002, 0xFFFE, 0x0003, 0xFFFD,
  0x0002, 0xFFFE, 0x0002, 0xFFFF,  0x0000, 0x0001, 0xFFFF, 0x0000,
  0x0001, 0xFFFF, 0x0000, 0x0001,  0xFFFF, 0x0001, 0x0000, 0xFFFE,
  0x0003, 0xFFFE, 0x0001, 0x0001,  0xFFFD, 0x0004, 0xFFFC, 0x0004,
  0xFFFD, 0x0002, 0xFFFF, 0xFFFF,  0x0002, 0xFFFE, 0x0001, 0x0001,
  0xFFFD, 0x0003, 0xFFFE, 0x0001,  0xFFFF, 0x0002, 0xFFFD, 0x0004,
  0xFFFC, 0x0003, 0xFFFE, 0x0001,  0x0000, 0x0000, 0xFFFF, 0x0002,
  0xFFFD, 0x0003, 0xFFFE, 0x0001,  0xFFFF, 0x0002, 0xFFFD, 0x0003,
  0xFFFE, 0x0000, 0x0002, 0xFFFD,  0x0003, 0xFFFE, 0x0001, 0x0000,
  0x0000, 0xFFFF, 0x0002, 0xFFFD,  0x0004, 0xFFFD, 0x0001, 0x0000,
  0xFFFF, 0x0001, 0x0001, 0xFFFD,  0x0003, 0xFFFD, 0x0002, 0x0000,
  0xFFFF, 0x0002, 0xFFFD, 0x0003,  0xFFFE, 0x0001, 0xFFFF, 0x0002,
  0xFFFC, 0x0007, 0xFFF8, 0x0006,  0xFFFC, 0x0003, 0xFFFE, 0x0001,
  0xFFFF, 0x0001, 0xFFFF, 0x0001,  0xFFFF, 0x0000, 0x0001, 0xFFFD,
  0x0004, 0xFFFC, 0x0005, 0xFFF8,  0x000D, 0xFFE9, 0x002B, 0xFF7A

};

#endif // End of _DALBY_TT32K16B1C_MAR26_H
