#ifndef _MUTED_GUITAR44K8BM_H
#define _MUTED_GUITAR44K8BM_H

#include <stdint.h>

#define MUTED_GUITAR44K8BM_PB_FMT Mode_mono_ADPCM
#define MUTED_GUITAR44K8BM_SZ 88200

const uint8_t muted_guitar44k8bm[ MUTED_GUITAR44K8BM_SZ ] =
{
  0x00, 0x00, 0x00, 0x00, 0x00, 0x00, 0x00, 0x00,
  0xFF, 0x5F, 0x3F, 0x80, 0x80, 0x08, 0x08, 0x80,
  0x08, 0x70, 0x8B, 0xB7, 0x80, 0x80, 0x80, 0x80,
  0xB7, 0x50, 0x08, 0x80, 0xE8, 0x03, 0xBC, 0x03,
  0x08, 0x08, 0x70, 0x3B, 0x80, 0xE0, 0xB3, 0x03,
  0xD0, 0x08, 0x08, 0x08, 0x08, 0x08, 0x08, 0xB7,
  0x08, 0x08, 0xB7, 0x84, 0xC0, 0x48, 0xC0, 0x80,
  0x80, 0x80, 0x0D, 0xC8, 0x03, 0x08, 0x0D, 0x08,
  0x0D, 0x0C, 0xBB, 0x08, 0xD8, 0x80, 0x80, 0x80,
  0xB6, 0x08, 0x08, 0xB5, 0x84, 0x8B, 0x80, 0x8D,
  0x80, 0x05, 0x08, 0x08, 0x08, 0xBF, 0xC0, 0x08,
  0x0C, 0xB8, 0x08, 0x8D, 0xCB, 0xB8, 0xC8, 0xAC,
  0x0C, 0xB8, 0x80, 0xCC, 0xBB, 0xDB, 0xAD, 0xCA,
  0xCA, 0x80, 0xA0, 0xA8, 0xB8, 0xFF, 0x7C, 0x77,
  0x22, 0x01, 0x08, 0x08, 0x08, 0x88, 0x88, 0x80,
  0x08, 0x10, 0x11, 0xA9, 0xCD, 0xBB, 0xAB, 0xBA,
  0xCB, 0xAB, 0xAC, 0xBA, 0xBA, 0xAA, 0xBA, 0x99,
  0xA9, 0xB9, 0x0A, 0xBB, 0x08, 0x3D, 0x08, 0x0C,
  0x08, 0xD8, 0x80, 0x40, 0x08, 0x8C, 0x0C, 0x08,
  0x08, 0x08, 0x88, 0x00, 0x08, 0x88, 0x00, 0x88,
  0x00, 0x88, 0x00, 0x08, 0x08, 0x78, 0x77, 0xB7,
  0x80, 0x40, 0x48, 0x0B, 0xC8, 0x43, 0x08, 0xB8,
  0xBD, 0x43, 0x83, 0x84, 0xC0, 0x0B, 0xDB, 0x80,
  0x30, 0x40, 0xC0, 0x08, 0x8C, 0x80, 0x50, 0x48,
  0x30, 0xC8, 0xC0, 0x80, 0x80, 0x58, 0x30, 0x80,
  0x80, 0x0E, 0x0C, 0x08, 0x84, 0x80, 0x80, 0x8D,
  0x80, 0x80, 0x06, 0x08, 0x0D, 0x0C, 0x08, 0x03,
  0x04, 0x08, 0xD8, 0x08, 0x3C, 0x40, 0x80, 0x8C,
  0x80, 0x05, 0x0C, 0x0C, 0x33, 0x07, 0xAA, 0x3A,
  0x32, 0x03, 0xFC, 0x19, 0x34, 0x83, 0xD0, 0x9B,
  0x12, 0x37, 0x01, 0xAA, 0x8E, 0x28, 0x53, 0x03,
  0xD8, 0xAC, 0x19, 0x61, 0x22, 0x01, 0xB9, 0xDB,
  0xA9, 0x21, 0x44, 0x33, 0x21, 0xB1, 0xFA, 0xCB,
  0xAB, 0x0A, 0x44, 0x45, 0x33, 0x13, 0x01, 0xBA,
  0xDC, 0xDB, 0xBB, 0xBC, 0xAB, 0x9B, 0xBB, 0xDB,
  0xBA, 0xAC, 0xAB, 0xAA, 0xA8, 0x88, 0x80, 0x90,
  0x08, 0x2A, 0x72, 0x46, 0x43, 0x44, 0x32, 0x22,
  0x12, 0x01, 0x89, 0x9A, 0x99, 0x18, 0x32, 0x37,
  0x34, 0x35, 0x34, 0x34, 0x43, 0x24, 0x33, 0x43,
  0x43, 0x32, 0x33, 0x33, 0x33, 0x23, 0x11, 0x91,
  0x9A, 0xDD, 0xBA, 0xCC, 0xBA, 0xBC, 0xBB, 0xBD,
  0xCA, 0xBA, 0xAB, 0xAC, 0xCA, 0x99, 0xBA, 0xBA,
  0xBA, 0xAC, 0xAB, 0xDA, 0x89, 0xAA, 0x3A, 0x8B,
  0xC0, 0x08, 0x08, 0xD8, 0x08, 0x08, 0x80, 0x08,
  0xF8, 0x88, 0x80, 0x60, 0x80, 0x80, 0xB6, 0x03,
  0xC8, 0x08, 0xD8, 0x03, 0x0C, 0x03, 0x08, 0x08,
  0x88, 0x00, 0x17, 0x08, 0x08, 0xF8, 0x08, 0x88,
  0x00, 0x88, 0x07, 0x80, 0x50, 0xC0, 0x48, 0x08,
  0x0C, 0x08, 0x08, 0x68, 0x08, 0xC8, 0x80, 0x80,
  0x05, 0x48, 0xC0, 0x83, 0x40, 0x08, 0xC8, 0xC0,
  0xB8, 0x08, 0x88, 0xBE, 0x80, 0xD0, 0x33, 0x00,
  0xC4, 0x80, 0xD0, 0x03, 0x03, 0x08, 0xE8, 0xC0,
  0x08, 0x80, 0x04, 0x84, 0x8B, 0xD0, 0x08, 0x58,
  0x08, 0x48, 0x80, 0xBC, 0xC0, 0x8B, 0x08, 0x85,
  0x34, 0x43, 0x08, 0xC8, 0x80, 0x80, 0x05, 0x43,
  0x87, 0x14, 0x28, 0xA8, 0xA0, 0x0E, 0x08, 0x28,
  0x15, 0x34, 0x23, 0x82, 0xB0, 0xBB, 0xCF, 0x99,
  0x89, 0x20, 0x62, 0x11, 0x14, 0x12, 0x04, 0x21,
  0x52, 0x30, 0x22, 0x02, 0x0B, 0xCF, 0xDC, 0xBB,
  0xBD, 0xBC, 0xAC, 0xCB, 0xBB, 0xCB, 0xBB, 0xCB,
  0xBB, 0xAB, 0xBB, 0xBA, 0x99, 0x80, 0x80, 0x25,
  0x41, 0x43, 0x33, 0x16, 0x22, 0x13, 0x23, 0x14,
  0x14, 0x43, 0x33, 0x34, 0x25, 0x34, 0x25, 0x43,
  0x24, 0x34, 0x53, 0x32, 0x43, 0x42, 0x23, 0x33,
  0x24, 0x24, 0x12, 0x22, 0x22, 0x10, 0x10, 0x0A,
  0xAA, 0xAC, 0xBC, 0xBC, 0xEB, 0xBA, 0xAC, 0xCB,
  0xBA, 0xBC, 0xBA, 0x8D, 0xAB, 0xAC, 0xAA, 0xBB,
  0xC9, 0x9B, 0xAA, 0xAC, 0xAA, 0x0A, 0xBB, 0x8C,
  0x0B, 0xBC, 0x08, 0xD8, 0x80, 0x80, 0x80, 0x80,
  0x70, 0x8B, 0x80, 0x80, 0x8E, 0x80, 0xE0, 0x80,
  0x80, 0x80, 0x86, 0x80, 0x40, 0x3B, 0x00, 0x08,
  0x06, 0x08, 0x08, 0x88, 0x3F, 0x80, 0xD0, 0x08,
  0x08, 0x08, 0x78, 0xC0, 0x80, 0x80, 0x80, 0x80,
  0x80, 0x80, 0x80, 0x00, 0x88, 0x00, 0x08, 0x78,
  0x07, 0x80, 0x80, 0x00, 0x88, 0x00, 0x88, 0x80,
  0xF0, 0x8F, 0x08, 0x3F, 0x0C, 0x08, 0x08, 0x08,
  0x0F, 0xB8, 0x80, 0xC8, 0x58, 0x8B, 0x80, 0x80,
  0x4D, 0x8B, 0x80, 0xD0, 0x08, 0x84, 0xB4, 0xB3,
  0x84, 0x8B, 0xD0, 0x08, 0x58, 0x3B, 0x84, 0x84,
  0x33, 0x80, 0x50, 0x08, 0x08, 0xB5, 0x43, 0x48,
  0x33, 0x40, 0x83, 0x34, 0x00, 0x84, 0x04, 0x08,
  0x08, 0x05, 0xC8, 0x08, 0x08, 0x08, 0x78, 0x30,
  0x44, 0x38, 0x43, 0x33, 0x43, 0x30, 0x44, 0xB8,
  0x30, 0x0C, 0xBC, 0xAE, 0xBC, 0xBE, 0xCB, 0xCC,
  0xBA, 0xBC, 0xDB, 0xBA, 0xBB, 0xCB, 0xCA, 0xAA,
  0x9B, 0x9C, 0x99, 0x8B, 0xA9, 0xC0, 0x91, 0x08,
  0x5A, 0x80, 0x38, 0x82, 0x26, 0x28, 0x24, 0x34,
  0x34, 0x63, 0x22, 0x44, 0x32, 0x34, 0x34, 0x25,
  0x52, 0x22, 0x33, 0x34, 0x24, 0x33, 0x24, 0x23,
  0x43, 0x22, 0x13, 0x23, 0x31, 0x11, 0x00, 0xA1,
  0xB0, 0xCB, 0xBB, 0xAF, 0xCB, 0xAC, 0x9D, 0xBA,
  0xBB, 0xCB, 0xAD, 0xBA, 0xD9, 0xAA, 0xBA, 0xB9,
  0xBC, 0xC9, 0xC9, 0x9A, 0x9A, 0xAA, 0xAB, 0xBB,
  0xC8, 0xC0, 0xC0, 0x80, 0x0B, 0x08, 0x08, 0x08,
  0x08, 0xF8, 0x59, 0x08, 0x80, 0x08, 0x80, 0x08,
  0xB7, 0x04, 0x08, 0x08, 0x08, 0x08, 0x17, 0x0D,
  0x88, 0x00, 0x88, 0x00, 0x08, 0x88, 0x00, 0x88,
  0x00, 0x08, 0x3F, 0xF8, 0x6A, 0xC0, 0xC3, 0x03,
  0x08, 0x08, 0xC5, 0x30, 0x3C, 0x80, 0x80, 0x80,
  0x80, 0x80, 0x80, 0x80, 0x80, 0x80, 0xF0, 0xF3,
  0x89, 0x08, 0x80, 0x9F, 0x00, 0xE8, 0x08, 0x08,
  0xE0, 0x80, 0x08, 0xD0, 0x08, 0x08, 0xD8, 0x08,
  0x08, 0x0E, 0x08, 0xC8, 0x48, 0x80, 0x80, 0x05,
  0x08, 0x08, 0xC5, 0xB3, 0x30, 0x4C, 0x08, 0x48,
  0x80, 0x70, 0x00, 0x32, 0x38, 0x40, 0x03, 0x84,
  0x84, 0x30, 0x00, 0x88, 0x87, 0x80, 0x40, 0x08,
  0x08, 0x85, 0x40, 0x08, 0x97, 0x22, 0x02, 0x42,
  0x38, 0x43, 0x08, 0x43, 0x80, 0x04, 0xC8, 0x0B,
  0x8C, 0xAF, 0xAB, 0xBD, 0xAD, 0xBC, 0xCB, 0xBB,
  0xBD, 0xEA, 0xA9, 0xBA, 0xBA, 0xBB, 0xBC, 0xCA,
  0xAA, 0xBA, 0xBB, 0xCA, 0xA9, 0xB9, 0xAA, 0xB8,
  0x80, 0x3C, 0x3C, 0x00, 0x34, 0x44, 0x62, 0x12,
  0x17, 0x33, 0x43, 0x24, 0x35, 0x42, 0x33, 0x34,
  0x53, 0x33, 0x43, 0x33, 0x25, 0x32, 0x33, 0x33,
  0x24, 0x23, 0x42, 0x22, 0x20, 0x11, 0x82, 0xB0,
  0xB3, 0xCB, 0xBB, 0xFB, 0xAA, 0xBD, 0xAB, 0xAE,
  0xBA, 0xBB, 0xBC, 0xCB, 0xBB, 0xCA, 0xCB, 0xB9,
  0xCA, 0xC9, 0x9B, 0xAA, 0xB9, 0xBA, 0xCB, 0xBB,
  0x0C, 0xB8, 0x8C, 0xC0, 0xB8, 0xB4, 0x08, 0x88,
  0xE0, 0xB3, 0x58, 0x08, 0x0C, 0x83, 0x80, 0x3D,
  0xC0, 0xB3, 0x84, 0x80, 0x80, 0x80, 0x80, 0x80,
  0x17, 0x08, 0xE8, 0x48, 0x0B, 0x08, 0x08, 0x0F,
  0x08, 0x08, 0x08, 0x68, 0x3B, 0x4B, 0x08, 0x08,
  0x05, 0x8C, 0xB4, 0x03, 0x08, 0x08, 0xE8, 0xC3,
  0x80, 0xB4, 0x80, 0x80, 0x80, 0x80, 0xF0, 0x09,
  0x08, 0x08, 0x08, 0x9F, 0x80, 0x80, 0xF0, 0x08,
  0x08, 0x08, 0x8E, 0x80, 0xD0, 0x80, 0x0C, 0x88,
  0x80, 0x4D, 0x8B, 0x80, 0x80, 0x80, 0x80, 0x80,
  0x80, 0x80, 0x37, 0x00, 0xB7, 0x04, 0x84, 0x40,
  0x48, 0x38, 0x40, 0x03, 0x84, 0x34, 0x08, 0x84,
  0x40, 0x08, 0x84, 0x80, 0x85, 0x80, 0x40, 0x80,
  0x85, 0xB3, 0x84, 0x84, 0x24, 0x80, 0x84, 0x84,
  0x03, 0x03, 0xC4, 0x30, 0x0C, 0xB8, 0xC8, 0xBC,
  0xBB, 0xAF, 0xCC, 0xBA, 0xAC, 0xCB, 0xBC, 0xBC,
  0xCA, 0xBB, 0xCB, 0xCB, 0xBA, 0xAC, 0xAB, 0xBB,
  0xEB, 0xB9, 0xA9, 0xAB, 0xAB, 0xBA, 0xBA, 0xCB,
  0xC0, 0x80, 0x0B, 0x34, 0x48, 0x24, 0x73, 0x31,
  0x16, 0x14, 0x24, 0x42, 0x33, 0x25, 0x24, 0x43,
  0x23, 0x34, 0x33, 0x25, 0x32, 0x24, 0x32, 0x23,
  0x43, 0x13, 0x32, 0x32, 0x12, 0x22, 0x02, 0x80,
  0x08, 0xC8, 0xBC, 0xBC, 0xCB, 0x9E, 0x9C, 0xAC,
  0xAB, 0x9D, 0xBB, 0xE9, 0xB8, 0x9A, 0xBB, 0xCA,
  0xA9, 0x9C, 0x9C, 0x9A, 0xAA, 0xBA, 0xBB, 0xF0,
  0xA8, 0x8A, 0x8A, 0x0B, 0xC8, 0xC8, 0x80, 0xD0,
  0x80, 0xC0, 0x48, 0xB8, 0x80, 0x85, 0x0B, 0xB4,
  0xC3, 0x03, 0x08, 0x08, 0x08, 0x08, 0x08, 0x08,
  0x08, 0xF8, 0x6D, 0xB8, 0x84, 0x4B, 0xB8, 0xB4,
  0x03, 0x88, 0x00, 0x88, 0x80, 0xB7, 0x85, 0x80,
  0x80, 0x80, 0x80, 0x80, 0x70, 0x81, 0x80, 0x80,
  0x00, 0x88, 0x00, 0xF8, 0x0C, 0x88, 0xF0, 0x03,
  0x8D, 0x80, 0x8C, 0x80, 0xE0, 0x80, 0xC0, 0xC3,
  0x80, 0x8B, 0x80, 0x80, 0x3E, 0x0C, 0x08, 0x08,
  0x08, 0x08, 0x8F, 0x08, 0x08, 0x78, 0x80, 0x80,
  0x08, 0x05, 0x08, 0x85, 0x80, 0x50, 0x08, 0x84,
  0x84, 0x84, 0x30, 0x48, 0x80, 0x04, 0x03, 0x58,
  0x80, 0x04, 0x08, 0x58, 0x80, 0x84, 0x80, 0x85,
  0x84, 0x03, 0x48, 0x30, 0x04, 0xC3, 0x87, 0x20,
  0x08, 0x08, 0x88, 0x00, 0x0F, 0xB9, 0xB0, 0x9F,
  0x9A, 0xCC, 0xB9, 0xBB, 0xAD, 0xCB, 0xAC, 0xCA,
  0xBA, 0xAC, 0xAC, 0xCB, 0xC8, 0x9A, 0x9C, 0xCA,
  0xA8, 0xBA, 0x9A, 0xAC, 0x9A, 0x9C, 0xA9, 0xA0,
  0x0B, 0x08, 0x0C, 0x83, 0x44, 0x32, 0x17, 0x43,
  0x33, 0x54, 0x33, 0x34, 0x53, 0x24, 0x33, 0x34,
  0x53, 0x32, 0x33, 0x24, 0x25, 0x22, 0x33, 0x22,
  0x15, 0x13, 0x22, 0x13, 0x13, 0x21, 0x20, 0x80,
  0x80, 0xC8, 0xC0, 0xF8, 0xB8, 0xAA, 0xAD, 0xC9,
  0xBA, 0xAC, 0xAB, 0xCC, 0xC9, 0xB9, 0xC9, 0x9B,
  0xD9, 0x99, 0x8B, 0x9C, 0xAA, 0x0A, 0x0E, 0x9A,
  0xA8, 0xB0, 0x0B, 0xC8, 0xC0, 0x80, 0x8B, 0xD0,
  0xC3, 0x80, 0x4B, 0x3B, 0x0C, 0x08, 0x08, 0x08,
  0xF8, 0x03, 0x08, 0x8D, 0x84, 0x80, 0x0C, 0xC3,
  0x30, 0x8B, 0x08, 0x80, 0x08, 0x80, 0x08, 0x80,
  0x78, 0x05, 0xF8, 0x83, 0x00, 0x88, 0x00, 0x78,
  0x4B, 0xB8, 0x03, 0xD0, 0x83, 0x4C, 0x08, 0x08,
  0x08, 0x3D, 0x08, 0xC8, 0x08, 0x08, 0x08, 0x08,
  0xF8, 0x09, 0x08, 0x8F, 0x80, 0x8B, 0x80, 0xE8,
  0x03, 0xD0, 0xB8, 0xC4, 0x80, 0x80, 0x80, 0x8C,
  0x80, 0x80, 0x80, 0x80, 0x80, 0x78, 0x83, 0x80,
  0x80, 0x27, 0x08, 0xB6, 0x03, 0x85, 0x40, 0x08,
  0x80, 0x78, 0x38, 0x08, 0x03, 0x58, 0x08, 0x80,
  0x85, 0x04, 0x38, 0x00, 0x04, 0x04, 0x58, 0x83,
  0x84, 0x03, 0x84, 0x04, 0x88, 0x04, 0x03, 0x08,
  0x80, 0x80, 0xF8, 0x0D, 0xB8, 0xF8, 0xA8, 0xAC,
  0x9A, 0xAE, 0xBA, 0xAB, 0xBD, 0xCB, 0xBB, 0x8E,
  0xBB, 0xBB, 0xCB, 0xAD, 0xAA, 0xDA, 0xA9, 0xBA,
  0xBB, 0xDB, 0xB9, 0xAB, 0x9C, 0x9A, 0xBA, 0xBA,
  0xB8, 0x08, 0x08, 0x78, 0x60, 0x10, 0x15, 0x24,
  0x53, 0x42, 0x23, 0x34, 0x25, 0x33, 0x24, 0x34,
  0x24, 0x33, 0x34, 0x33, 0x24, 0x24, 0x23, 0x43,
  0x41, 0x21, 0x31, 0x30, 0x21, 0x21, 0x20, 0x08,
  0x08, 0x08, 0xBD, 0xC8, 0xBB, 0xCC, 0xBA, 0x9F,
  0x8B, 0x9C, 0x9C, 0x9C, 0x9B, 0xCA, 0xC9, 0x99,
  0xCA, 0xA9, 0xAA, 0x0D, 0x8C, 0x99, 0xAA, 0xAB,
  0xB8, 0xC0, 0x8B, 0x8C, 0x8B, 0xF0, 0xA0, 0x80,
  0x4B, 0x8B, 0x80, 0xD0, 0xB3, 0x08, 0x88, 0x80,
  0x00, 0x88, 0x00, 0x88, 0x00, 0x08, 0x08, 0x08,
  0x78, 0x0B, 0x88, 0x00, 0x88, 0x70, 0x7B, 0x7B,
  0x01, 0x80, 0x80, 0x08, 0x78, 0x6B, 0x80, 0x80,
  0x80, 0x80, 0x80, 0x80, 0x80, 0x08, 0x80, 0x08,
  0x80, 0x08, 0xFF, 0x8A, 0x80, 0x80, 0x80, 0x3F,
  0x8F, 0x08, 0x0D, 0x88, 0x80, 0x0D, 0x08, 0x8D,
  0x80, 0xD0, 0xC3, 0x80, 0x80, 0x80, 0xE0, 0x08,
  0x08, 0x80, 0x08, 0x80, 0x08, 0x80, 0x37, 0x08,
  0x88, 0x17, 0x50, 0x80, 0x7C, 0x80, 0x80, 0x02,
  0x48, 0x08, 0x08, 0x84, 0x40, 0x08, 0x58, 0x08,
  0x48, 0x80, 0x04, 0x03, 0x58, 0x30, 0x40, 0x08,
  0x04, 0x34, 0x80, 0x04, 0x58, 0x08, 0x03, 0x08,
  0xF0, 0xB3, 0x08, 0x8C, 0x8B, 0xCC, 0xBB, 0xCB,
  0xFB, 0x9A, 0x9D, 0xBB, 0xF9, 0x9A, 0x9A, 0xBB,
  0xEB, 0xB9, 0x9A, 0x8F, 0x9A, 0x9A, 0xBA, 0xBA,
  0xAC, 0xBA, 0xAB, 0x9D, 0xC9, 0xA9, 0xA9, 0x8A,
  0x8A, 0x80, 0x80, 0x05, 0x43, 0x43, 0x73, 0x31,
  0x54, 0x40, 0x33, 0x52, 0x32, 0x33, 0x45, 0x32,
  0x42, 0x32, 0x24, 0x23, 0x44, 0x22, 0x32, 0x32,
  0x52, 0x21, 0x32, 0x31, 0x11, 0x02, 0x32, 0x08,
  0x08, 0x08, 0x0E, 0xC8, 0xCA, 0xBA, 0xF8, 0x9A,
  0xAA, 0x9D, 0xCA, 0xC0, 0xC9, 0x99, 0xAB, 0xAA,
  0xDA, 0xAA, 0xAA, 0xBA, 0xCB, 0xBB, 0x8F, 0xA9,
  0xA8, 0x0B, 0xCB, 0xB0, 0xC8, 0x08, 0x0C, 0x8C,
  0x00, 0xC8, 0xC3, 0x80, 0xD0, 0xB3, 0x08, 0x08,
  0x08, 0x08, 0x08, 0x80, 0x08, 0x80, 0xB7, 0x70,
  0x81, 0x80, 0x80, 0x80, 0x80, 0x80, 0x80, 0xB7,
  0x70, 0x81, 0x80, 0x80, 0x80, 0xB7, 0x05, 0x88,
  0x00, 0x88, 0x00, 0x88, 0x80, 0x00, 0x88, 0xF0,
  0x0E, 0x08, 0x08, 0x8F, 0x08, 0x08, 0x08, 0x8F,
  0x80, 0x3C, 0xC0, 0x08, 0x08, 0x0E, 0x08, 0x88,
  0x00, 0x3F, 0x08, 0xC8, 0x30, 0x3C, 0x8B, 0x00,
  0x88, 0x00, 0x88, 0x80, 0x00, 0x88, 0xB7, 0x17,
  0x08, 0x08, 0xB6, 0x03, 0x80, 0x80, 0x07, 0xC8,
  0x03, 0x84, 0x80, 0x85, 0x80, 0x04, 0x48, 0x30,
  0x80, 0x05, 0x03, 0x04, 0x58, 0x38, 0x40, 0x48,
  0x80, 0x84, 0x03, 0x58, 0x08, 0x08, 0x08, 0x08,
  0x80, 0xF8, 0xD8, 0xC0, 0xB0, 0xCB, 0xBB, 0xCB,
  0x9F, 0xBA, 0xDA, 0xB9, 0xCA, 0xCB, 0xB9, 0xBC,
  0xCB, 0x9B, 0xDC, 0x8A, 0x9C, 0xAA, 0xBB, 0x9B,
  0xAD, 0xBA, 0xC9, 0x9A, 0xDA, 0x99, 0xA8, 0x0A,
  0x0B, 0x08, 0x08, 0x85, 0x34, 0x43, 0x72, 0x41,
  0x32, 0x24, 0x35, 0x42, 0x33, 0x34, 0x25, 0x32,
  0x63, 0x31, 0x32, 0x33, 0x43, 0x33, 0x24, 0x14,
  0x23, 0x32, 0x13, 0x14, 0x12, 0x22, 0x02, 0x83,
  0x80, 0x80, 0x8D, 0xBC, 0x80, 0xCC, 0xBB, 0xAC,
  0xAC, 0xBB, 0xAF, 0xA9, 0xBA, 0xEA, 0x9A, 0xAC,
  0xC0, 0xA9, 0xAA, 0xBA, 0xCA, 0xBA, 0xCB, 0xC0,
  0xBA, 0x8B, 0x0C, 0x0C, 0x0C, 0x8B, 0x8B, 0xD0,
  0x08, 0x8C, 0x00, 0xD8, 0x80, 0x80, 0x3D, 0xC0,
  0x03, 0x3C, 0x3C, 0x80, 0xD0, 0x83, 0x40, 0x8B,
  0x04, 0x08, 0x08, 0x68, 0x80, 0x80, 0x08, 0x60,
  0xC0, 0x83, 0x80, 0x80, 0x80, 0x00, 0x88, 0x00,
  0x88, 0x00, 0x08, 0x08, 0x3F, 0x08, 0xF8, 0x0E,
  0x08, 0x08, 0x8F, 0x08, 0x08, 0xE8, 0x08, 0x08,
  0x0E, 0x08, 0x08, 0x08, 0xF8, 0xB3, 0x08, 0x3D,
  0x8B, 0x00, 0x88, 0x00, 0x88, 0x00, 0x88, 0x00,
  0x88, 0x80, 0x80, 0x80, 0x70, 0x37, 0x80, 0x80,
  0xB7, 0x87, 0x80, 0x00, 0xC4, 0x03, 0x40, 0x08,
  0x08, 0x60, 0x08, 0x84, 0x80, 0x85, 0x30, 0x40,
  0x80, 0x85, 0x03, 0x40, 0x48, 0x80, 0x04, 0x03,
  0x08, 0x05, 0x84, 0x80, 0xB5, 0x03, 0x3C, 0x0C,
  0x08, 0x8C, 0x8B, 0xCC, 0xB0, 0xBC, 0xCB, 0xBB,
  0xAF, 0xA9, 0xAC, 0x9C, 0xEA, 0xA9, 0xB9, 0x9C,
  0x9C, 0xCB, 0xB9, 0xBB, 0x9C, 0xCB, 0x9B, 0xBC,
  0xC9, 0x9B, 0xCA, 0xA9, 0xAA, 0xBA, 0x8A, 0xCB,
  0x08, 0xC8, 0x03, 0x04, 0x34, 0x78, 0x22, 0x35,
  0x43, 0x33, 0x26, 0x23, 0x44, 0x23, 0x34, 0x33,
  0x44, 0x32, 0x33, 0x34, 0x24, 0x43, 0x31, 0x23,
  0x24, 0x32, 0x41, 0x31, 0x21, 0x01, 0x85, 0x02,
  0x08, 0x88, 0x00, 0xC8, 0xC8, 0xC0, 0xBB, 0x0C,
  0x0F, 0x9C, 0xC0, 0x99, 0xA9, 0x9C, 0xAA, 0xAA,
  0xEB, 0xC0, 0xA9, 0xA9, 0xAA, 0xBB, 0xCB, 0xB0,
  0xBC, 0xC0, 0x0B, 0xBC, 0x80, 0xBC, 0xB4, 0xB8,
  0x08, 0x8D, 0x00, 0xD8, 0x80, 0x80, 0x08, 0x80,
  0x08, 0x80, 0x08, 0x80, 0x08, 0x80, 0x08, 0x77,
  0x4D, 0x80, 0x80, 0x80, 0xB6, 0x48, 0x4B, 0x08,
  0x08, 0x08, 0x08, 0x08, 0x08, 0x08, 0x08, 0x08,
  0x08, 0x08, 0x08, 0x08, 0x08, 0x80, 0xF0, 0x83,
  0x80, 0xFF, 0x0C, 0x88, 0x80, 0x00, 0xF8, 0x0C,
  0x88, 0x00, 0xF8, 0x89, 0x80, 0x08, 0xF0, 0x89,
  0x80, 0xF0, 0x83, 0x80, 0x4C, 0xB8, 0x58, 0x3B,
  0x3C, 0x80, 0x80, 0x80, 0x80, 0x80, 0x80, 0x27,
  0x88, 0x00, 0x88, 0x17, 0x80, 0x80, 0x07, 0x08,
  0x58, 0x80, 0x40, 0x08, 0x04, 0x58, 0x48, 0x08,
  0x83, 0x40, 0x40, 0x48, 0x38, 0x00, 0x84, 0x04,
  0x48, 0x80, 0x40, 0x80, 0x80, 0x80, 0x80, 0x8F,
  0xC8, 0xC0, 0xB8, 0x8C, 0xCB, 0xAC, 0xBB, 0x8F,
  0x9C, 0xAB, 0x9C, 0xCA, 0xC9, 0xD9, 0xA9, 0xB9,
  0xDA, 0xB9, 0x9B, 0xBC, 0xAB, 0x9C, 0x9C, 0x9D,
  0xA9, 0xBA, 0xA9, 0xBA, 0xBA, 0xCB, 0xC0, 0x8A,
  0x80, 0x80, 0x80, 0x06, 0x43, 0x43, 0x73, 0x31,
  0x34, 0x23, 0x26, 0x34, 0x42, 0x32, 0x34, 0x43,
  0x33, 0x34, 0x43, 0x43, 0x31, 0x14, 0x33, 0x22,
  0x15, 0x13, 0x13, 0x41, 0x11, 0x40, 0x10, 0xA2,
  0x02, 0x08, 0xC3, 0xC0, 0x80, 0x8B, 0xCC, 0xBB,
  0xD0, 0xBA, 0xCB, 0xBB, 0xDB, 0xBA, 0xCB, 0xBB,
  0xAC, 0xAC, 0xBB, 0xBC, 0xCB, 0xBB, 0xC0, 0xCB,
  0xC0, 0x8A, 0xBB, 0xC8, 0xC8, 0x80, 0x0C, 0x1F,
  0x98, 0x08, 0x0B, 0x08, 0x88, 0xD0, 0x08, 0x08,
  0x3E, 0x80, 0x08, 0x3D, 0x80, 0x80, 0x80, 0x80,
  0x80, 0x80, 0x80, 0x80, 0x80, 0x80, 0x00, 0xB7,
  0xB7, 0x07, 0x3C, 0x80, 0x80, 0xE0, 0x03, 0x08,
  0x88, 0x00, 0x88, 0x00, 0x88, 0x00, 0x88, 0x80,
  0x80, 0xFF, 0x09, 0x08, 0x08, 0x08, 0x08, 0xCF,
  0x08, 0x08, 0x08, 0x3F, 0x8D, 0x80, 0xE0, 0xB3,
  0xC3, 0x80, 0x80, 0x80, 0x80, 0x3F, 0x8B, 0x80,
  0x80, 0x80, 0x80, 0x80, 0x78, 0xF3, 0x30, 0x08,
  0x08, 0x68, 0x80, 0x80, 0x85, 0x00, 0x84, 0x40,
  0x80, 0x85, 0x84, 0x80, 0x84, 0x03, 0x84, 0x04,
  0x48, 0x38, 0x40, 0x3B, 0x04, 0x03, 0x08, 0x68,
  0x80, 0x80, 0x50, 0x3C, 0x0B, 0x88, 0x4C, 0x8B,
  0xC8, 0x80, 0xCC, 0xBB, 0xF0, 0xA8, 0xDA, 0x9A,
  0xAA, 0x9D, 0xCA, 0x8B, 0xBC, 0xCA, 0xC9, 0x9B,
  0x9C, 0xCB, 0x9B, 0xBC, 0xC9, 0xC9, 0x9A, 0xCA,
  0x9B, 0xD9, 0xB9, 0xA0, 0xAA, 0xAA, 0xF8, 0x80,
  0xA0, 0xA2, 0x02, 0x83, 0x04, 0x73, 0x22, 0x35,
  0x23, 0x34, 0x26, 0x32, 0x15, 0x33, 0x43, 0x24,
  0x43, 0x32, 0x43, 0x51, 0x31, 0x31, 0x23, 0x52,
  0x12, 0x32, 0x31, 0x42, 0x21, 0x82, 0x32, 0x08,
  0x48, 0x80, 0x80, 0x80, 0x0E, 0x0C, 0x0C, 0xBB,
  0xC8, 0xCB, 0xBB, 0xCB, 0x8B, 0xBC, 0xAF, 0xC0,
  0x98, 0xAA, 0xBA, 0xBB, 0xBC, 0xBB, 0x8C, 0x8B,
  0xCC, 0xB0, 0x8C, 0x0B, 0xBC, 0xC3, 0x0B, 0xC8,
  0x08, 0xD8, 0x80, 0x3C, 0x8B, 0x80, 0x80, 0x80,
  0xF0, 0xC3, 0xC3, 0x30, 0xD0, 0xB3, 0x08, 0x58,
  0x0B, 0x08, 0x58, 0x8B, 0x50, 0xB8, 0xC4, 0x80,
  0x80, 0x80, 0x00, 0x88, 0x00, 0x88, 0x00, 0x88,
  0x00, 0x08, 0x08, 0x78, 0x0B, 0xF7, 0x01, 0x08,
  0x08, 0x3F, 0x08, 0x08, 0x80, 0x08, 0x80, 0x08,
  0x08, 0xF0, 0x8B, 0x08, 0x08, 0x3F, 0x8E, 0x00,
  0x88, 0x00, 0x88, 0x00, 0xF8, 0x89, 0x08, 0x80,
  0x08, 0x80, 0x08, 0x80, 0x08, 0x80, 0x08, 0x80,
  0xB7, 0x77, 0x08, 0x08, 0x87, 0x30, 0x00, 0x58,
  0x80, 0x85, 0x03, 0x40, 0x48, 0x30, 0x40, 0x40,
  0x08, 0x84, 0x84, 0x40, 0x38, 0x80, 0x85, 0x80,
  0x40, 0x80, 0x80, 0x80, 0x80, 0xF0, 0x09, 0x3D,
  0x8F, 0xA0, 0xE0, 0x90, 0x0A, 0xAA, 0x8D, 0xAB,
  0xAA, 0xEB, 0x9A, 0x9C, 0x9C, 0x9C, 0xB9, 0xEA,
  0xA9, 0xA9, 0xBB, 0xAA, 0xDB, 0xCA, 0xC9, 0x99,
  0x8C, 0x0B, 0x8C, 0xA9, 0xA8, 0x0B, 0x80, 0x3C,
  0x80, 0x80, 0x86, 0x24, 0x60, 0x40, 0x21, 0x14,
  0x14, 0x43, 0x33, 0x34, 0x43, 0x33, 0x34, 0x15,
  0x33, 0x33, 0x62, 0x21, 0x33, 0x41, 0x13, 0x22,
  0x61, 0x11, 0x10, 0x22, 0x08, 0x48, 0x38, 0x08,
  0x80, 0xD8, 0x80, 0x08, 0x8D, 0x0C, 0x0C, 0x0C,
  0x8B, 0x8B, 0x0C, 0xCC, 0xB0, 0xC0, 0x0B, 0xC8,
  0x8B, 0x0C, 0x0C, 0xB8, 0xC8, 0x08, 0x0D, 0xB8,
  0x08, 0x8D, 0x80, 0x8C, 0x80, 0x00, 0x0F, 0x08,
  0x08, 0x0D, 0x08, 0x08, 0x08, 0x08, 0x88, 0x00,
  0xF8, 0x0A, 0x88, 0x00, 0x88, 0x00, 0x88, 0x00,
  0x88, 0x00, 0x88, 0x80, 0x80, 0x80, 0x00, 0x08,
  0x08, 0x08, 0x00, 0x00, 0x00, 0x00, 0x00, 0x00,
  0x00, 0x00, 0x00, 0x00, 0x00, 0x00, 0x00, 0x00,
  0x00, 0x00, 0x00, 0x00, 0x00, 0x00, 0x00, 0x00,
  0x00, 0xFF, 0xFF, 0x08, 0x08, 0x08, 0x08, 0x88,
  0x00, 0x08, 0x08, 0x08, 0x08, 0x88, 0x80, 0x80,
  0x80, 0x80, 0x80, 0x00, 0x00, 0x00, 0x00, 0x00,
  0x00, 0x00, 0x00, 0x77, 0x77, 0x80, 0x80, 0x80,
  0x00, 0x88, 0x00, 0x08, 0x08, 0x08, 0x08, 0x88,
  0x80, 0x77, 0x07, 0x80, 0x80, 0x80, 0x80, 0x80,
  0x80, 0x80, 0x00, 0x88, 0x80, 0x80, 0x80, 0xFF,
  0x9F, 0x80, 0x08, 0x80, 0x08, 0x80, 0x08, 0x80,
  0xFF, 0x09, 0x88, 0x00, 0x88, 0x00, 0xCF, 0x08,
  0x08, 0x08, 0x08, 0x80, 0x08, 0xEF, 0x80, 0x80,
  0x80, 0x80, 0x80, 0x80, 0x80, 0x80, 0x08, 0x80,
  0x08, 0x08, 0x08, 0x08, 0x80, 0x80, 0x80, 0x00,
  0x77, 0x77, 0x80, 0x80, 0x80, 0x70, 0x82, 0x00,
  0x88, 0x00, 0x78, 0x83, 0x80, 0x08, 0x08, 0x80,
  0x08, 0x80, 0x08, 0x70, 0x27, 0x08, 0x08, 0x88,
  0x00, 0x88, 0x80, 0x80, 0x80, 0xFF, 0x8A, 0x80,
  0x80, 0x80, 0x80, 0x80, 0x80, 0x08, 0x80, 0x80,
  0x80, 0x80, 0x08, 0x08, 0x08, 0x09, 0x00, 0x00,
  0x00, 0x00, 0x00, 0x00, 0x00, 0x00, 0x00, 0x00,
  0x00, 0x00, 0x00, 0x00, 0x00, 0x00, 0x00, 0x00,
  0x00, 0x00, 0x00, 0x00, 0x00, 0x00, 0x00, 0x00,
  0x00, 0x00, 0x00, 0x00, 0x00, 0x00, 0x00, 0x00,
  0x00, 0x00, 0x00, 0x00, 0x00, 0x00, 0x00, 0x00,
  0x00, 0x00, 0x00, 0x00, 0x00, 0x00, 0x00, 0x00,
  0x00, 0x00, 0x00, 0x00, 0x00, 0xF0, 0xF2, 0xF3,
  0xF3, 0xF3, 0xC3, 0xC3, 0xB3, 0x58, 0x3B, 0x8B,
  0xB5, 0xC3, 0x80, 0x80, 0x80, 0x60, 0x8B, 0x80,
  0x80, 0x80, 0x80, 0x80, 0x80, 0x80, 0x00, 0xB7,
  0xB7, 0xB5, 0x03, 0x08, 0x3E, 0x80, 0x08, 0x08,
  0x80, 0x08, 0x80, 0x80, 0x08, 0x80, 0x08, 0x80,
  0x08, 0x80, 0x80, 0x80, 0x80, 0x08, 0x08, 0x08,
  0x09, 0x00, 0x00, 0x00, 0x00, 0x00, 0x00, 0x00,
  0x00, 0x00, 0x00, 0x00, 0x00, 0x00, 0x00, 0x00,
  0xF0, 0x4F, 0xFF, 0x08, 0x08, 0x08, 0x08, 0x08,
  0x08, 0x08, 0x08, 0x08, 0x80, 0x08, 0x08, 0x08,
  0x08, 0x80, 0x80, 0x80, 0x00, 0x00, 0x00, 0x00,
  0x00, 0x00, 0x00, 0x00, 0x00, 0x00, 0x00, 0x00,
  0x00, 0x00, 0x00, 0x00, 0x00, 0x00, 0x00, 0x00,
  0x00, 0xA7, 0x78, 0x7B, 0x37, 0x80, 0x80, 0x80,
  0x80, 0x80, 0x80, 0x80, 0x80, 0x80, 0x80, 0x80,
  0x80, 0x80, 0x80, 0x00, 0x00, 0x00, 0x00, 0x00,
  0x00, 0x00, 0x00, 0x00, 0x00, 0x00, 0x00, 0x00,
  0x00, 0x00, 0x00, 0x00, 0x00, 0x00, 0x00, 0x00,
  0x00, 0x00, 0x00, 0x00, 0xF0, 0x02, 0xF0, 0xF3,
  0x83, 0xF0, 0xF3, 0x83, 0x80, 0x80, 0xF0, 0xE3,
  0x03, 0x08, 0x3D, 0xD0, 0xB3, 0xB3, 0xC4, 0x83,
  0x4B, 0x3B, 0x4B, 0x3B, 0x3C, 0x4B, 0x3B, 0x3C,
  0xC0, 0xC3, 0x03, 0x3C, 0xC0, 0xB3, 0xC3, 0x03,
  0x08, 0x3D, 0x80, 0x80, 0x3D, 0x80, 0x4C, 0x3C,
  0xB8, 0xB4, 0x03, 0x3C, 0x3C, 0x4B, 0x3B, 0xC0,
  0xC3, 0x03, 0xC8, 0xB3, 0xB4, 0x48, 0x3B, 0x3C,
  0xC0, 0xB3, 0x84, 0x4B, 0x3C, 0xB8, 0xB4, 0x03,
  0x3C, 0xB8, 0xC4, 0xB3, 0x84, 0x3B, 0x4B, 0x08,
  0x08, 0x3D, 0x3C, 0x4B, 0x08, 0x3C, 0xC0, 0xC3,
  0x03, 0x3C, 0x3B, 0x4C, 0x08, 0x3C, 0x3B, 0x4B,
  0x3C, 0x3B, 0x80, 0xD0, 0xB3, 0xC4, 0x83, 0x80,
  0x4C, 0x3B, 0xB8, 0xB4, 0x03, 0x3D, 0xC0, 0xB3,
  0x03, 0x3D, 0x3B, 0x4B, 0x3C, 0x80, 0xD0, 0x83,
  0x4B, 0x3B, 0xD0, 0xB3, 0xB3, 0xC4, 0xB3, 0x84,
  0x3B, 0xC0, 0xC3, 0x30, 0x4C, 0x0B, 0xC3, 0xB3,
  0xC3, 0x30, 0x4C, 0x3B, 0x3B, 0x0C, 0x48, 0x0B,
  0xC3, 0xB4, 0xC3, 0xB3, 0xB4, 0xC3, 0xB3, 0xB4,
  0x48, 0x0B, 0xC3, 0xB3, 0x84, 0x4B, 0x3B, 0x3C,
  0x8B, 0x85, 0x4B, 0x3B, 0xD0, 0xB3, 0x03, 0x3C,
  0xD0, 0xB3, 0x03, 0x08, 0xD8, 0x03, 0x3C, 0xD0,
  0xB3, 0xB3, 0xC4, 0xB3, 0x03, 0x80, 0xF0, 0xB3,
  0x48, 0x3B, 0x4B, 0x3B, 0x3C, 0x4B, 0x3B, 0x3C,
  0x4B, 0x08, 0xC8, 0xB3, 0x84, 0x4C, 0x3B, 0xB8,
  0xB4, 0x03, 0x3D, 0x3B, 0x4B, 0x3C, 0x8B, 0xB4,
  0xB4, 0x03, 0xC8, 0xC3, 0xB3, 0x84, 0xC0, 0xB3,
  0xB4, 0x03, 0x88, 0xE0, 0x03, 0x3C, 0x3C, 0xC0,
  0xB3, 0x03, 0x3D, 0x4B, 0x3B, 0xC8, 0xB4, 0xB3,
  0x03, 0x3D, 0x4B, 0xB8, 0xB3, 0x84, 0x4C, 0x3B,
  0x3B, 0xD0, 0xB3, 0xB4, 0xC3, 0xB3, 0xB4, 0x83,
  0x80, 0xD0, 0x03, 0x3D, 0x3B, 0x4B, 0x3C, 0x4B,
  0x3B, 0xB8, 0x84, 0x80, 0x80, 0x00, 0x08, 0x88,
  0x00, 0x88, 0x00, 0x08, 0x08, 0xF8, 0xF3, 0xF3,
  0xC3, 0xB3, 0x84, 0x80, 0x80, 0xE0, 0xC3, 0xB3,
  0xB4, 0x48, 0x3B, 0x4B, 0x0C, 0xB3, 0xC3, 0xB3,
  0x84, 0x80, 0x80, 0x3D, 0x4C, 0x3B, 0x3B, 0x3C,
  0xC0, 0xB3, 0xB4, 0xC3, 0x30, 0x3C, 0x4B, 0x3B,
  0x3C, 0x4B, 0x3B, 0x3C, 0x8B, 0x85, 0xC0, 0xB3,
  0xC3, 0xB4, 0xB3, 0xC3, 0xB3, 0x84, 0x4B, 0x3B,
  0xD0, 0xB3, 0x03, 0x3C, 0x3C, 0xC0, 0x03, 0xC8,
  0xB3, 0xC4, 0xB3, 0xB4, 0x83, 0x4C, 0xB8, 0xB4,
  0xB3, 0xC3, 0xB3, 0x84, 0x4B, 0xB8, 0x84, 0x4B,
  0x3B, 0x3C, 0x4B, 0x3B, 0xD0, 0xB3, 0x03, 0x3D,
  0x3B, 0x4B, 0x3C, 0x4B, 0xB8, 0xB3, 0x84, 0x00,
  0xE8, 0xB3, 0x03, 0x3C, 0x3C, 0x4B, 0xB8, 0xB4,
  0xC3, 0x03, 0xD0, 0xB3, 0x03, 0x3D, 0x3B, 0xC0,
  0xC3, 0xB3, 0xB4, 0xC3, 0xB3, 0xB4, 0x03, 0x3D,
  0x3B, 0x00, 0x88, 0xF0, 0xB3, 0xC3, 0xB4, 0xB3,
  0x03, 0x08, 0x3E, 0x80, 0x80, 0xD8, 0xB4, 0xC3,
  0xB3, 0xB4, 0xC3, 0x30, 0x3C, 0xC0, 0xB3, 0xC3,
  0xB4, 0xB3, 0xC3, 0xB3, 0x58, 0x3B, 0x4B, 0xB8,
  0x84, 0x80, 0x3C, 0x4C, 0x08, 0x08, 0x08, 0x08,
  0x3F, 0x3B, 0x3B, 0xD0, 0xB3, 0xB4, 0x03, 0x3D,
  0x3B, 0x3C, 0x4B, 0x08, 0x3C, 0x4B, 0xB8, 0xC3,
  0x84, 0x4B, 0xB8, 0xB4, 0xC3, 0xB3, 0x84, 0x3B,
  0x4B, 0x3C, 0xC0, 0xB3, 0xC3, 0xB3, 0xB4, 0x03,
  0x3D, 0x3B, 0x4B, 0x3C, 0x4B, 0x3B, 0x3C, 0x4B,
  0x08, 0x08, 0x08, 0x08, 0x3F, 0x3B, 0x3C, 0x4B,
  0xB8, 0xB4, 0xC3, 0xB3, 0x84, 0x4B, 0x3C, 0x3B,
  0x80, 0x3C, 0x4B, 0xB8, 0xC4, 0x03, 0x3C, 0x3B,
  0x3C, 0xC0, 0x03, 0x3C, 0x3C, 0xC0, 0xB3, 0x03,
  0x08, 0x3E, 0x3B, 0x4B, 0x3C, 0x4B, 0xB8, 0xB3,
  0xC4, 0x03, 0x3C, 0x3B, 0xD0, 0xB3, 0xB4, 0x83,
  0x4C, 0x3B, 0xB8, 0xB4, 0x03, 0x3D, 0x3B, 0x00,
  0x88, 0x3E, 0x4B, 0x3B, 0x0C, 0xC3, 0x03, 0x3C,
  0x4B, 0x3B, 0xD0, 0xB3, 0xC3, 0xB3, 0xB4, 0xC3,
  0x03, 0x3C, 0x4B, 0xB8, 0xC4, 0xB3, 0x03, 0x08,
  0x3D, 0x4B, 0x08, 0xC8, 0xC3, 0x03, 0x3C, 0x4B,
  0xB8, 0xC4, 0xB3, 0xB3, 0xB4, 0xC3, 0xB3, 0x58,
  0x3B, 0x80, 0x80, 0x3D, 0x80, 0x80, 0x3E, 0x4B,
  0x3B, 0x3C, 0x4B, 0x3B, 0xD0, 0xB3, 0xC3, 0xB4,
  0xB3, 0xC3, 0x03, 0x3C, 0x80, 0x80, 0x3D, 0x4B,
  0x0C, 0xC3, 0xB3, 0x84, 0xC0, 0xB3, 0xC3, 0xB3,
  0x84, 0x80, 0x4C, 0x3B, 0x0C, 0xB3, 0xC3, 0xB4,
  0x03, 0x3C, 0x3C, 0x3B, 0x4C, 0x08, 0x3C, 0x3B,
  0xC0, 0xB3, 0xC3, 0x30, 0x00, 0x08, 0x3F, 0x08,
  0x08, 0x3D, 0xC0, 0xC3, 0xB3, 0xB3, 0xC4, 0x03,
  0x3C, 0x3B, 0x3C, 0x4B, 0xB8, 0xB4, 0x03, 0x3D,
  0x3B, 0xC0, 0xC3, 0x03, 0x3C, 0x80, 0xD0, 0x03,
  0xC8, 0x03, 0x3D, 0x3B, 0xC0, 0xC3, 0x03, 0x3C,
  0x4B, 0x0C, 0xB3, 0xC3, 0x30, 0x3C, 0x80, 0xD0,
  0xB3, 0x84, 0xC0, 0xC3, 0xB3, 0x03, 0x80, 0x80,
  0xF8, 0xB3, 0xB4, 0x03, 0x3D, 0x3B, 0xD0, 0x03,
  0x3C, 0x3B, 0x3C, 0x80, 0xD0, 0xB3, 0xB4, 0x03,
  0x3D, 0x3B, 0x3C, 0xC0, 0xB3, 0xB4, 0xC3, 0xB3,
  0xB4, 0xC3, 0xB3, 0x58, 0x3B, 0x3C, 0x4B, 0x3B,
  0x80, 0x3C, 0x3C, 0xC0, 0xB3, 0x84, 0xC0, 0xC3,
  0xB3, 0xB4, 0x83, 0x80, 0x4C, 0x3B, 0x3C, 0x4B,
  0xB8, 0x84, 0x80, 0xD0, 0xC3, 0xB3, 0xB4, 0x83,
  0xC0, 0xC3, 0x03, 0xD0, 0xB3, 0xC3, 0xB3, 0xB4,
  0xC3, 0xB3, 0x84, 0x4B, 0xB8, 0x84, 0x4B, 0x3B,
  0xD0, 0xB3, 0xC3, 0xB3, 0xB4, 0xC3, 0xB3, 0xB4,
  0xC3, 0xB3, 0x84, 0x4B, 0xB8, 0xB4, 0x03, 0xD8,
  0xB3, 0xB4, 0xC3, 0xB3, 0xB4, 0x03, 0x3D, 0x3B,
  0x4C, 0x08, 0x08, 0xC8, 0x03, 0x08, 0x0E, 0xC3,
  0xB3, 0x48, 0x4B, 0x3B, 0x3B, 0x4C, 0x3B, 0x3B,
  0xD0, 0xB3, 0xB4, 0xC3, 0xB3, 0x84, 0x4B, 0x3C,
  0x3B, 0xC0, 0xB3, 0xC3, 0xB4, 0xC3, 0xB3, 0xB4,
  0x03, 0x3D, 0x3B, 0x4B, 0xB8, 0x84, 0x3B, 0x4C,
  0x3B, 0x3C, 0x4B, 0x3B, 0xC0, 0x83, 0x80, 0x3D,
  0x4B, 0xB8, 0xB4, 0x03, 0x08, 0x08, 0x08, 0x08,
  0x3F, 0x3D, 0x4B, 0x08, 0x08, 0xD8, 0xC3, 0x03,
  0x3C, 0x4B, 0x3B, 0xD0, 0xB3, 0x03, 0x3D, 0xC0,
  0xB3, 0x03, 0x3D, 0x3B, 0xC0, 0xC3, 0xB3, 0xB4,
  0xC3, 0x03, 0x3C, 0x4B, 0x3B, 0x3C, 0x4B, 0x3B,
  0xD0, 0xB3, 0xC3, 0x03, 0x08, 0x80, 0x08, 0x80,
  0x08, 0x80, 0x08, 0x3F, 0x08, 0x3F, 0x3D, 0x4B,
  0x3B, 0x3C, 0xC0, 0x03, 0x3C, 0x3C, 0x3B, 0x4C,
  0x3B, 0x3B, 0x3C, 0x4B, 0xB8, 0xB4, 0xC3, 0xB3,
  0xB4, 0xC3, 0x03, 0x3C, 0x80, 0xD0, 0xB3, 0xC3,
  0xB4, 0xC3, 0xB3, 0xB4, 0xC3, 0x03, 0x08, 0x08,
  0xE8, 0xB3, 0x84, 0xC0, 0xB3, 0x03, 0x3D, 0xC0,
  0xC3, 0xB3, 0x84, 0x4B, 0x3B, 0x3C, 0xC0, 0xB3,
  0xC3, 0xB3, 0x84, 0x4B, 0x3B, 0xD0, 0xB3, 0x03,
  0x3C, 0x3C, 0x4B, 0x3B, 0x3C, 0xC0, 0x03, 0x3C,
  0x80, 0x80, 0xE8, 0xB3, 0x84, 0x4B, 0x3B, 0xD0,
  0xB3, 0xC3, 0x84, 0xC0, 0xB3, 0xB3, 0xB4, 0xC3,
  0xB3, 0x84, 0x4B, 0x3C, 0x3B, 0x80, 0x3C, 0x4B,
  0xB8, 0xC4, 0xB3, 0xB3, 0xC4, 0x03, 0x3C, 0x3B,
  0x3C, 0x4B, 0x08, 0x08, 0x3D, 0x4B, 0x3B, 0x3C,
  0xC0, 0xB3, 0xC3, 0xB4, 0xC3, 0x03, 0x3C, 0x3B,
  0x4C, 0x3B, 0x3B, 0x3C, 0x4B, 0x08, 0x3C, 0x4B,
  0xB8, 0xC3, 0x40, 0x3C, 0x3B, 0x4B, 0xB8, 0xC4,
  0x83, 0x4B, 0x3B, 0x8B, 0x85, 0x4B, 0x3B, 0xB8,
  0x84, 0xC0, 0xC3, 0xB3, 0xB4, 0x48, 0x3B, 0x4B,
  0x08, 0x08, 0x3D, 0x3C, 0x00, 0x88, 0x00, 0x88,
  0x3F, 0x3C, 0xC0, 0xB3, 0xB4, 0xC3, 0xB3, 0x84,
  0x4B, 0x3C, 0x3B, 0x4B, 0x3B, 0x3C, 0xC0, 0x03,
  0x3C, 0x0C, 0xC3, 0xB3, 0xB3, 0xC4, 0x03, 0x3C,
  0x3B, 0x3C, 0x00, 0x08, 0x88, 0x3E, 0x4B, 0x3C,
  0x4B, 0x3B, 0x3C, 0x4B, 0x3B, 0x3C, 0x4B, 0x3B,
  0xC8, 0xB4, 0xB3, 0xC3, 0xB3, 0xB4, 0x03, 0x3D,
  0xC0, 0x83, 0x4B, 0x3B, 0xD0, 0x03, 0x3C, 0x3B,
  0x3C, 0x4B, 0xB8, 0xB4, 0x03, 0x3D, 0x08, 0x80,
  0x3D, 0xC0, 0xC3, 0xB3, 0xB4, 0xC3, 0xB3, 0xB4,
  0xC3, 0xB3, 0x84, 0x4B, 0x08, 0x3C, 0x3B, 0x3C,
  0x4B, 0xB8, 0x84, 0x4B, 0x3B, 0xD0, 0xB3, 0x03,
  0x3D, 0xC0, 0xB3, 0xC3, 0xB3, 0xB4, 0xC3, 0x03,
  0x3C, 0x4B, 0x3B, 0xD0, 0x83, 0x4B, 0x08, 0x3C,
  0x4B, 0x08, 0x3C, 0x08, 0x3D, 0x4B, 0x3B, 0x3C,
  0xC0, 0xB3, 0x03, 0x3D, 0xC0, 0x83, 0x4B, 0x3B,
  0xD0, 0xB3, 0x03, 0x3C, 0xD0, 0x03, 0x3C, 0x8B,
  0xB4, 0xC3, 0x84, 0x4B, 0x3B, 0xB8, 0x84, 0x80,
  0x4C, 0x3B, 0x3C, 0x4B, 0x08, 0x08, 0x08, 0x08,
  0xF8, 0xC3, 0x03, 0x08, 0xD8, 0xB3, 0xB4, 0x03,
  0x3D, 0x3B, 0x4B, 0xC8, 0xB4, 0x83, 0x4B, 0x3B,
  0x3C, 0x8B, 0xB5, 0xB3, 0x84, 0x4B, 0x3C, 0x3B,
  0x4B, 0x3B, 0x3C, 0xC0, 0xB3, 0xC3, 0x84, 0x80,
  0xD0, 0xB3, 0xC3, 0xB4, 0xB3, 0x03, 0x3D, 0x3B,
  0x00, 0x08, 0x3F, 0x3B, 0x3B, 0x4C, 0xB8, 0xB4,
  0x83, 0x80, 0x4C, 0x3B, 0x80, 0x80, 0xE8, 0xB3,
  0xC4, 0x03, 0x08, 0x3D, 0x3B, 0x4C, 0xB8, 0xB3,
  0xB4, 0xC3, 0x03, 0x3C, 0x4B, 0x08, 0x08, 0x8D,
  0xB4, 0xB3, 0xB4, 0xC3, 0x03, 0x08, 0xD8, 0x03,
  0x80, 0x80, 0x08, 0x3F, 0x08, 0xE0, 0x83, 0x80,
  0x4C, 0xB8, 0xB4, 0x83, 0x4C, 0x3B, 0x3B, 0x0C,
  0xC3, 0x84, 0xC0, 0xB3, 0x03, 0x3C, 0x3C, 0x4B,
  0xB8, 0xB4, 0xC3, 0xB3, 0x30, 0x4C, 0x3B, 0x3C,
  0x4B, 0x3B, 0x3C, 0x4B, 0xB8, 0x84, 0x3B, 0x4B,
  0xB8, 0xC4, 0x03, 0x3C, 0xB8, 0xB4, 0xC3, 0xB3,
  0xB4, 0x03, 0x3D, 0x3B, 0x4C, 0x3B, 0xB8, 0xB4,
  0x03, 0x3D, 0xC0, 0xB3, 0xC3, 0xB3, 0xB4, 0xC3,
  0x03, 0x3C, 0xC0, 0x83, 0x4B, 0xC8, 0x84, 0x4B,
  0x3B, 0x3B, 0xD0, 0x03, 0x3C, 0x3B, 0x3C, 0x4B,
  0x3B, 0x3C, 0x4B, 0x3B, 0xD0, 0x03, 0x3C, 0x3B,
  0x3C, 0x4B, 0xB8, 0xB4, 0xC3, 0x03, 0x3C, 0xC0,
  0xC3, 0xB3, 0x03, 0xD0, 0x83, 0x4C, 0x3B, 0x3B,
  0x3C, 0x4B, 0x08, 0x3C, 0x4B, 0x3B, 0x3C, 0xC0,
  0xC3, 0xB3, 0xB4, 0x03, 0x3C, 0xC8, 0xB3, 0xB4,
  0x03, 0x3D, 0x3B, 0x4B, 0x3C, 0x4B, 0x3B, 0x3C,
  0x4B, 0x3B, 0x3C, 0x4B, 0x3B, 0x3C, 0x4B, 0x3B,
  0x3C, 0x4B, 0x3B, 0x3C, 0xC0, 0xB3, 0x03, 0x3D,
  0x3B, 0xC0, 0xC3, 0xB3, 0xB4, 0x03, 0x3D, 0x4B,
  0x3B, 0xC8, 0x84, 0x4B, 0xB8, 0x03, 0x3C, 0xC0,
  0xC3, 0xB3, 0xB4, 0xC3, 0x03, 0x3C, 0x3B, 0xC0,
  0xC3, 0xB3, 0xB4, 0x03, 0xD8, 0xB3, 0x84, 0x4B,
  0x3B, 0x3C, 0xC0, 0x03, 0x3C, 0x3C, 0x4B, 0x3B,
  0xC8, 0x84, 0x4B, 0x3B, 0x3B, 0x3C, 0xC0, 0xB3,
  0x84, 0x4B, 0x3C, 0x3B, 0x4B, 0x3B, 0xD0, 0xB3,
  0xC3, 0xB3, 0xB4, 0xC3, 0xB3, 0xB4, 0xC3, 0xB3,
  0xB4, 0xC3, 0xB3, 0xB4, 0x03, 0x3D, 0x3B, 0xC0,
  0xC3, 0xB3, 0xB4, 0xC3, 0xB3, 0xB4, 0xC3, 0x03,
  0x3C, 0x4B, 0xB8, 0x84, 0x4B, 0x3C, 0x3B, 0x4B,
  0x3B, 0x3C, 0xC0, 0xC3, 0xB3, 0xB4, 0x03, 0x3C,
  0x3C, 0xC0, 0xB3, 0x03, 0x3D, 0x3B, 0x4C, 0xB8,
  0xB3, 0x84, 0x4B, 0xB8, 0xB4, 0x03, 0x3D, 0x3B,
  0x4C, 0x3B, 0xB8, 0xB4, 0xC3, 0xB3, 0xB4, 0xC3,
  0x03, 0x3C, 0x4B, 0x08, 0x3C, 0x3C, 0x4B, 0x3B,
  0x3C, 0x4B, 0x3B, 0xB8, 0xC4, 0x03, 0xC8, 0xB3,
  0x84, 0x4B, 0x3B, 0x3C, 0x4B, 0xB8, 0xC4, 0xB3,
  0xB3, 0x84, 0x80, 0x3C, 0x00, 0x3D, 0x08, 0xC8,
  0xC4, 0xB3, 0xB3, 0xB4, 0xC3, 0xB3, 0xB4, 0xC3,
  0xB3, 0xB4, 0xC3, 0xB3, 0xB4, 0x03, 0x3D, 0x3B,
  0x3C, 0x4B, 0x3B, 0xD0, 0x03, 0x3C, 0xB8, 0x84,
  0x4B, 0x3B, 0xD0, 0xB3, 0xC3, 0x84, 0x3B, 0xC0,
  0x03, 0x3C, 0xC0, 0xC3, 0x03, 0x3C, 0x3B, 0x3C,
  0x4B, 0xB8, 0xB4, 0xC3, 0xB3, 0x84, 0xC0, 0xC3,
  0xB3, 0x84, 0x80, 0x80, 0x3D, 0x4B, 0x3B, 0xD0,
  0xB3, 0xB3, 0xC4, 0xB3, 0xB3, 0xC4, 0xB3, 0xB4,
  0x83, 0xC0, 0xC3, 0xB3, 0x84, 0x4B, 0x3B, 0x3C,
  0x80, 0xD0, 0xB3, 0xC4, 0xB3, 0x03, 0x08, 0x08,
  0x08, 0xF8, 0xC3, 0x03, 0x3C, 0x4B, 0x3C, 0x3B,
  0xC0, 0xB3, 0xC3, 0xB4, 0xC3, 0xB3, 0xB4, 0xC3,
  0xB3, 0x84, 0x4B, 0x3B, 0xB8, 0xC4, 0xB3, 0xB3,
  0x84, 0x4B, 0xC8, 0xB4, 0xB3, 0x03, 0x3D, 0xC0,
  0xB3, 0xC3, 0xB3, 0xB4, 0x03, 0x3D, 0x3B, 0x4B,
  0x3C, 0x3B, 0xC0, 0xC3, 0x03, 0x3C, 0x80, 0xD0,
  0xB3, 0xC3, 0xB4, 0x03, 0x08, 0x3D, 0x3C, 0x4B,
  0x3B, 0x3C, 0x4B, 0x08, 0x3C, 0x3B, 0x3C, 0x8B,
  0xB5, 0x03, 0x3C, 0x3C, 0xC0, 0x83, 0x4B, 0x3B,
  0x3C, 0x4B, 0x08, 0x08, 0x80, 0x3E, 0x80, 0x80,
  0xE0, 0xC3, 0xB3, 0x84, 0x80, 0x80, 0x80, 0x3E,
  0x4B, 0xB8, 0xC3, 0xB4, 0xB3, 0xC3, 0xB4, 0xC3,
  0xB3, 0xB4, 0xC3, 0x03, 0x3C, 0x3B, 0x4C, 0xB8,
  0xB3, 0x84, 0x4B, 0xB8, 0xB4, 0x03, 0x3D, 0x8B,
  0xB4, 0xB4, 0x03, 0x3C, 0x3C, 0x3B, 0xC0, 0xC3,
  0x03, 0x3C, 0xC0, 0xC3, 0x03, 0x08, 0x08, 0x08,
  0x08, 0x3F, 0x3C, 0xC0, 0xC3, 0xB3, 0xB3, 0xC4,
  0x03, 0x3C, 0x8B, 0xB4, 0xB3, 0x84, 0x4B, 0x3C,
  0x3B, 0x4B, 0x3C, 0xC0, 0xB3, 0xC3, 0xB3, 0xB4,
  0xC3, 0x03, 0x3C, 0xC0, 0xB3, 0xC3, 0x84, 0x4B,
  0x3B, 0x3C, 0x4B, 0x3B, 0xB8, 0xC4, 0xB3, 0xB3,
  0xC4, 0xB3, 0x84, 0x3B, 0x4B, 0xB8, 0x84, 0x4C,
  0xB8, 0xB3, 0x84, 0x4B, 0x3B, 0x3C, 0xC0, 0xB3,
  0x84, 0x80, 0x3C, 0x4C, 0xB8, 0xB4, 0xB3, 0x03,
  0x3D, 0xC0, 0xB3, 0xC3, 0x03, 0x3C, 0x4B, 0xB8,
  0x03, 0x80, 0x80, 0x08, 0x80, 0xF0, 0xE3, 0xC3,
  0x03, 0xC8, 0xB3, 0xB4, 0xC3, 0xB3, 0xB4, 0x03,
  0x08, 0x08, 0x3F, 0x08, 0x3C, 0x4B, 0xB8, 0xC3,
  0xB4, 0x03, 0x3C, 0x3C, 0xC0, 0x83, 0x4B, 0x3B,
  0xD0, 0xB3, 0x03, 0x3D, 0xC0, 0xB3, 0x03, 0x08,
  0x3E, 0x3B, 0x4C, 0xB8, 0xB4, 0xB3, 0xC3, 0x03,
  0x80, 0x3D, 0x4B, 0x3B, 0xD0, 0x83, 0x4B, 0x3B,
  0x3C, 0x80, 0x4C, 0x3B, 0x3C, 0x4B, 0xB8, 0xB4,
  0xC3, 0xB3, 0x84, 0x3B, 0x4B, 0x3C, 0x4B, 0x3B,
  0x3C, 0x4B, 0x3B, 0x3C, 0x4B, 0x3B, 0x3C, 0xC0,
  0xB3, 0xC3, 0xB3, 0xB4, 0x48, 0x4B, 0x3B, 0x3C,
  0x80, 0x3C, 0x4B, 0x3B, 0x3C, 0xC0, 0xB3, 0xC3,
  0x84, 0xC0, 0x03, 0x3C, 0x3B, 0xD0, 0x83, 0x4B,
  0x3B, 0x3C, 0x8B, 0xB5, 0xB3, 0xB4, 0xC3, 0xB3,
  0x84, 0x4B, 0x3C, 0x3B, 0x4B, 0xB8, 0xB4, 0x03,
  0x3D, 0xB8, 0x84, 0x4B, 0x3B, 0x80, 0x80, 0xF0,
  0xB3, 0x03, 0xD8, 0xB3, 0x84, 0x4B, 0x3B, 0x80,
  0x3D, 0x4B, 0x3B, 0x3C, 0x4B, 0x3B, 0x80, 0x3D,
  0x4B, 0x3B, 0x80, 0x3D, 0x4B, 0x3B, 0xD0, 0xB3,
  0xC3, 0xB3, 0xB4, 0x03, 0x08, 0x08, 0x08, 0x08,
  0xF8, 0xD3, 0x03, 0xC8, 0xC4, 0xB3, 0x03, 0x3C,
  0x3B, 0xD0, 0xB3, 0xB4, 0xC3, 0xB3, 0x84, 0x4B,
  0x08, 0x3C, 0x3C, 0x3B, 0x4B, 0x08, 0x3C, 0x3C,
  0x4B, 0xB8, 0x84, 0x4B, 0x3B, 0x3C, 0x4B, 0xB8,
  0x84, 0x4B, 0x3C, 0x3B, 0x80, 0xD0, 0xB3, 0xC4,
  0xB3, 0xB3, 0xB4, 0xC3, 0xB3, 0xB4, 0x03, 0x3D,
  0xB8, 0x84, 0x4B, 0x3B, 0x3C, 0x4B, 0x08, 0xC8,
  0xB3, 0x84, 0x4C, 0xB8, 0xB4, 0xB3, 0xC3, 0xB3,
  0xB4, 0xC3, 0xB3, 0xB4, 0x03, 0x08, 0x3E, 0x3B,
  0x0C, 0xB3, 0x84, 0x4C, 0x3B, 0xB8, 0xB4, 0xC3,
  0xB3, 0xB4, 0xC3, 0xB3, 0xB4, 0xC3, 0x03, 0x3C,
  0x4B, 0x3B, 0x3C, 0x4B, 0x3B, 0x3C, 0x4B, 0xB8,
  0xC4, 0x83, 0x4B, 0x3B, 0x4B, 0x3C, 0x3B, 0xC0,
  0x03, 0x3C, 0x3C, 0x80, 0x80, 0x80, 0x3E, 0x4B,
  0xB8, 0x03, 0x80, 0x3E, 0x4B, 0x0C, 0xB3, 0xC3,
  0xB3, 0x84, 0x80, 0x3C, 0x80, 0x4C, 0x3B, 0x3C,
  0x4B, 0xB8, 0xC4, 0xB3, 0xB3, 0x84, 0x4B, 0xB8,
  0xC4, 0xB3, 0x03, 0x08, 0x3D, 0x3B, 0x4C, 0x3B,
  0xC0, 0xC3, 0xB3, 0xC3, 0xB4, 0xB3, 0x03, 0xD8,
  0xB3, 0xB4, 0xC3, 0x30, 0x4C, 0x08, 0x3C, 0x3B,
  0x4B, 0x3B, 0x3C, 0x4B, 0x3B, 0x80, 0x3D, 0x4B,
  0x3B, 0xD0, 0xB3, 0xC3, 0x03, 0x08, 0xE0, 0xB3,
  0xC3, 0xB3, 0x84, 0x80, 0xD0, 0xB3, 0x84, 0x4B,
  0x3C, 0x3B, 0x4B, 0xB8, 0xC4, 0xB3, 0xB3, 0x84,
  0x4B, 0x3C, 0x3B, 0xC0, 0xB3, 0x03, 0x3D, 0x4B,
  0x3B, 0x3C, 0x4B, 0x08, 0x08, 0x08, 0x08, 0x3F,
  0x3C, 0x3B, 0x4B, 0x3C, 0x3B, 0x4B, 0x3C, 0xC0,
  0xB3, 0xC3, 0xB3, 0xB4, 0xC3, 0xB3, 0xB4, 0x03,
  0x3D, 0x80, 0x3C, 0x4B, 0xB8, 0xB4, 0x03, 0x3D,
  0x3B, 0x3C, 0xC0, 0xB3, 0xB4, 0xC3, 0x03, 0x3C,
  0x3B, 0x80, 0x4D, 0x3B, 0x3C, 0x4B, 0x3B, 0xB8,
  0xC4, 0x03, 0x3C, 0xB8, 0xB4, 0xC3, 0xB3, 0x84,
  0x4B, 0x3B, 0x3C, 0x4B, 0x3B, 0x3C, 0x80, 0x80,
  0x4D, 0x3B, 0x08, 0x3C, 0x3C, 0xC0, 0xB3, 0x84,
  0x4B, 0xB8, 0xC3, 0x40, 0x3C, 0x3B, 0x8B, 0xB5,
  0x03, 0xC8, 0xC3, 0x03, 0x3C, 0x4B, 0xB8, 0xC4,
  0xB3, 0xB3, 0xB4, 0xC3, 0xB3, 0xB4, 0x03, 0x3D,
  0x3B, 0x3C, 0x4B, 0xB8, 0xB4, 0xC3, 0x03, 0xC8,
  0xB4, 0x03, 0x3C, 0x3C, 0x80, 0x3C, 0x4B, 0x3B,
  0xD0, 0xB3, 0xC3, 0x03, 0x3C, 0xC0, 0xC3, 0xB3,
  0x84, 0x4B, 0x3B, 0x0C, 0xC3, 0x03, 0x3C, 0x3B,
  0x4C, 0x3B, 0x3B, 0x0C, 0x03, 0x3D, 0x4B, 0x3B,
  0x3C, 0x4B, 0xB8, 0x03, 0x3C, 0x3C, 0x00, 0x08,
  0x3E, 0x3B, 0xD0, 0xB3, 0xB3, 0xC4, 0xB3, 0x03,
  0x3C, 0x3C, 0x00, 0x3D, 0x3B, 0xD0, 0xB3, 0xB3,
  0xC4, 0x03, 0x08, 0x3D, 0x80, 0xC8, 0xB4, 0xC3,
  0x30, 0x3B, 0x0C, 0xC4, 0xB3, 0x30, 0x3C, 0x4B,
  0x3B, 0x3C, 0x4B, 0x3B, 0x3C, 0x80, 0x80, 0xE0,
  0x03, 0x3C, 0x3C, 0x3B, 0x00, 0xD8, 0xC3, 0x03,
  0x3C, 0x80, 0x80, 0x80, 0x80, 0x80, 0x80, 0x80,
  0x3F, 0x8F, 0xB4, 0x03, 0x08, 0x08, 0x08, 0x08,
  0x80, 0x08, 0x80, 0x08, 0x80, 0x08, 0x80, 0x08,
  0x08, 0x08, 0x08, 0x80, 0x80, 0x80, 0x00, 0x2F,
  0x00, 0x08, 0x08, 0x08, 0x00, 0x00, 0x00, 0x00,
  0x00, 0x00, 0x00, 0x00, 0x00, 0x00, 0x00, 0x00,
  0x00, 0x00, 0x00, 0x00, 0x00, 0x00, 0x00, 0x00,
  0x00, 0x00, 0xF0, 0xFF, 0x8F, 0x80, 0x80, 0x80,
  0x80, 0x08, 0xDF, 0x80, 0x80, 0xF0, 0x83, 0x80,
  0x80, 0x80, 0x80, 0x80, 0x80, 0x80, 0x80, 0xF0,
  0x8F, 0x08, 0x88, 0x00, 0x88, 0x00, 0x88, 0x80,
  0xF0, 0x8F, 0x08, 0xF8, 0x88, 0x80, 0xE0, 0x08,
  0xD0, 0x80, 0x08, 0xD0, 0x08, 0xC8, 0xC8, 0xC0,
  0xB0, 0x88, 0x80, 0x00, 0x8F, 0xC0, 0x0E, 0x77,
  0x26, 0x12, 0x00, 0x80, 0x80, 0x80, 0x09, 0x09,
  0x08, 0x18, 0x21, 0x08, 0xCC, 0xBC, 0xAB, 0xBB,
  0xCA, 0xC9, 0xC9, 0x99, 0xAB, 0xAA, 0xB0, 0x8A,
  0xC0, 0x08, 0x8C, 0x80, 0x8C, 0x80, 0x00, 0x08,
  0x88, 0x00, 0x88, 0x00, 0x88, 0x80, 0x80, 0xFF,
  0x09, 0x78, 0x0B, 0xC4, 0x80, 0x80, 0x80, 0x80,
  0x70, 0x8B, 0x80, 0x00, 0x88, 0x80, 0x17, 0x08,
  0x08, 0x08, 0x08, 0x08, 0x08, 0x08, 0x08, 0x08,
  0x88, 0x00, 0x08, 0x77, 0x05, 0x8F, 0x80, 0xD0,
  0x48, 0x08, 0x08, 0x08, 0x08, 0x0F, 0x48, 0x08,
  0x08, 0x08, 0x08, 0x08, 0x08, 0x08, 0x08, 0x88,
  0xB7, 0x80, 0x80, 0x80, 0x80, 0x80, 0x80, 0x80,
  0x80, 0x80, 0x80, 0x80, 0x08, 0x08, 0xF8, 0x5F,
  0x08, 0x08, 0x08, 0x88, 0x80, 0x80, 0x80, 0x00,
  0x08, 0x08, 0x08, 0x00, 0x00, 0x70, 0xC7, 0x08,
  0x08, 0x77, 0x02, 0x9F, 0x50, 0x48, 0x80, 0x0C,
  0x3B, 0x40, 0x84, 0x80, 0xBC, 0x08, 0x04, 0x27,
  0xA0, 0xAB, 0xBB, 0x03, 0x37, 0x22, 0x08, 0xFB,
  0x0A, 0x8A, 0x23, 0x73, 0x21, 0x08, 0xA8, 0xEB,
  0xC9, 0xA9, 0x22, 0x72, 0x24, 0x22, 0x83, 0xA0,
  0xC9, 0xCC, 0xCB, 0xBB, 0xAC, 0xBB, 0xB9, 0xC9,
  0xBB, 0xDB, 0xB9, 0xA9, 0xA9, 0xA8, 0xB2, 0x80,
  0x80, 0x80, 0x70, 0x70, 0x41, 0x53, 0x42, 0x22,
  0x21, 0x10, 0x80, 0x0A, 0x0B, 0x08, 0x08, 0x35,
  0x34, 0x73, 0x32, 0x34, 0x34, 0x43, 0x33, 0x14,
  0x43, 0x33, 0x14, 0x23, 0x14, 0x22, 0x38, 0x08,
  0x08, 0x8C, 0xCB, 0xCB, 0xBB, 0xBC, 0xBB, 0xAF,
  0xAA, 0xAB, 0xBB, 0xBC, 0xBB, 0x8C, 0x8B, 0xCC,
  0xB0, 0xC8, 0xC0, 0xB8, 0x80, 0xD0, 0x08, 0x08,
  0x08, 0x8E, 0x00, 0x88, 0x00, 0x88, 0x00, 0x08,
  0x88, 0x00, 0x88, 0x00, 0x88, 0x00, 0x08, 0x08,
  0x08, 0x88, 0x80, 0x80, 0x90, 0x00, 0x00, 0x00,
  0x00, 0x00, 0x00, 0x00, 0x00, 0x00, 0x00, 0x00,
  0x00, 0x00, 0x00, 0x00, 0x00, 0x77, 0x8C, 0x77,
  0xE0, 0x80, 0x80, 0x80, 0x06, 0x08, 0x0D, 0x08,
  0x58, 0x08, 0x08, 0x08, 0x08, 0x08, 0x08, 0x08,
  0x88, 0xF0, 0x0C, 0x08, 0x88, 0x80, 0x3F, 0x80,
  0x80, 0x80, 0x80, 0x80, 0x80, 0x80, 0x80, 0x80,
  0x08, 0x08, 0x08, 0x08, 0x80, 0x80, 0x80, 0x00,
  0x00, 0x00, 0x00, 0x00, 0x00, 0xFF, 0xFF, 0x08,
  0x87, 0x00, 0x84, 0x80, 0x8C, 0x80, 0x60, 0x08,
  0x58, 0x08, 0x03, 0x08, 0x80, 0x0F, 0x08, 0x08,
  0x58, 0x40, 0x48, 0x08, 0xB3, 0x08, 0xE8, 0xB8,
  0x08, 0x3D, 0x80, 0x85, 0x30, 0x40, 0x80, 0x85,
  0x80, 0x04, 0x03, 0x08, 0xB5, 0x08, 0xBD, 0xBC,
  0x9F, 0xAB, 0xBC, 0xCA, 0xAB, 0xBC, 0xCA, 0xAB,
  0xD9, 0xA9, 0xA9, 0xAA, 0xB8, 0x80, 0x80, 0x80,
  0x06, 0x03, 0x44, 0x48, 0x02, 0x83, 0x04, 0x03,
  0x04, 0x84, 0x84, 0x24, 0x30, 0x43, 0x24, 0x33,
  0x64, 0x41, 0x41, 0x22, 0x33, 0x52, 0x33, 0x42,
  0x41, 0x31, 0x22, 0x22, 0x32, 0x30, 0x80, 0x80,
  0x80, 0x8F, 0x8B, 0xCC, 0xB0, 0x0C, 0xAC, 0xBB,
  0x0C, 0xAC, 0xBB, 0xC8, 0xCB, 0xB0, 0x8C, 0xBB,
  0xC8, 0xC8, 0x80, 0x0C, 0x0C, 0xB8, 0x08, 0x08,
  0xF8, 0x80, 0x80, 0xD0, 0x08, 0x08, 0x08, 0x08,
  0x08, 0xB7, 0x08, 0x08, 0x80, 0x08, 0x80, 0x08,
  0x80, 0x08, 0x08, 0x08, 0x08, 0x08, 0x80, 0x80,
  0x70, 0x77, 0x82, 0x80, 0xF0, 0x83, 0x80, 0x8F,
  0x80, 0x80, 0x08, 0x07, 0x0C, 0x08, 0x08, 0x88,
  0x80, 0x00, 0x88, 0x00, 0x88, 0x00, 0x08, 0x08,
  0x78, 0x27, 0x08, 0x08, 0x08, 0x08, 0x08, 0x08,
  0x08, 0xFF, 0x89, 0x80, 0x00, 0x88, 0x00, 0x88,
  0x80, 0x80, 0x3F, 0xBF, 0x08, 0x08, 0x08, 0x08,
  0x08, 0x08, 0x80, 0x08, 0x80, 0x80, 0x80, 0x80,
  0x08, 0x08, 0x08, 0x09, 0xF0, 0x02, 0x80, 0x80,
  0x77, 0x57, 0x80, 0x80, 0x80, 0x70, 0x7B, 0x80,
  0x40, 0x08, 0x80, 0x05, 0x08, 0x08, 0x78, 0x80,
  0x08, 0x08, 0x80, 0x80, 0x08, 0x80, 0x08, 0x80,
  0x08, 0x77, 0x58, 0x80, 0x40, 0x80, 0x80, 0x05,
  0x08, 0x08, 0x8E, 0xC0, 0xB8, 0xC8, 0xBC, 0xBB,
  0xBC, 0xAF, 0xD9, 0x99, 0xAB, 0xAA, 0x9D, 0x9A,
  0x8A, 0xAB, 0x0C, 0x0B, 0xC8, 0x80, 0x8C, 0x00,
  0x08, 0x88, 0x70, 0x80, 0x40, 0x80, 0x04, 0x58,
  0x83, 0x84, 0x43, 0x30, 0x43, 0x43, 0x26, 0x41,
  0x21, 0x24, 0x23, 0x24, 0x34, 0x42, 0x41, 0x21,
  0x41, 0x12, 0x22, 0x38, 0x83, 0x84, 0x80, 0x00,
  0x88, 0x00, 0xF8, 0xC8, 0xB8, 0xC8, 0xC0, 0x0C,
  0xBB, 0xC8, 0x0B, 0xCC, 0x8A, 0x0B, 0xBC, 0xC8,
  0xC0, 0xB8, 0xC0, 0xB8, 0x08, 0x8D, 0xC0, 0x08,
  0x80, 0x0D, 0x08, 0x88, 0xE0, 0x08, 0x80, 0x08,
  0x80, 0x08, 0x80, 0x80, 0x08, 0x80, 0x08, 0x80,
  0x78, 0x7B, 0x7B, 0x00, 0x08, 0x08, 0x08, 0x08,
  0x08, 0x08, 0x88, 0x00, 0x88, 0x00, 0x88, 0x80,
  0x80, 0x80, 0xF0, 0x83, 0xFF, 0x85, 0x3E, 0x3C,
  0x4B, 0x08, 0x80, 0x08, 0x80, 0x08, 0x80, 0x80,
  0x08, 0x80, 0x08, 0x80, 0x08, 0x80, 0x80, 0x80,
  0x80, 0x08, 0x08, 0xF8, 0xFF, 0x0F, 0x08, 0x08,
  0x08, 0x08, 0x08, 0x08, 0x08, 0xF8, 0xF3, 0x0B,
  0x08, 0x80, 0x08, 0x80, 0x08, 0x80, 0x08, 0x80,
  0x08, 0x08, 0x08, 0x08, 0x80, 0x80, 0x80, 0x70,
  0x77, 0x07, 0x08, 0x78, 0x81, 0x80, 0x06, 0x08,
  0x08, 0x68, 0x80, 0x80, 0x80, 0x08, 0x80, 0x08,
  0x08, 0x70, 0x03, 0x88, 0x00, 0x78, 0x83, 0x80,
  0x07, 0x00, 0x68, 0x80, 0x08, 0x80, 0x08, 0x80,
  0x08, 0x9F, 0xE8, 0xB8, 0xC8, 0xAC, 0x0C, 0xBB,
  0xBC, 0xCB, 0x0E, 0xAA, 0xAA, 0xAB, 0xAC, 0xBB,
  0xC8, 0x8B, 0xDB, 0x80, 0x0C, 0xB8, 0x08, 0x8D,
  0x80, 0x80, 0x00, 0x88, 0x00, 0x17, 0x68, 0x08,
  0x43, 0x30, 0x34, 0x40, 0x43, 0x73, 0x11, 0x14,
  0x32, 0x52, 0x31, 0x22, 0x24, 0x14, 0x42, 0x21,
  0x22, 0x22, 0x03, 0x43, 0x30, 0x80, 0x50, 0xC0,
  0x48, 0x8B, 0xC0, 0x80, 0x0C, 0xC8, 0x8B, 0x0C,
  0x0C, 0xAC, 0xB8, 0xC0, 0x8B, 0x0C, 0x8C, 0x0B,
  0x8C, 0x8B, 0x8C, 0xC0, 0xC8, 0x80, 0xD0, 0x80,
  0xC0, 0x08, 0x08, 0xD8, 0x08, 0x08, 0x08, 0x08,
  0x08, 0x08, 0x08, 0x08, 0x08, 0x08, 0x08, 0x08,
  0x08, 0x08, 0x08, 0x08, 0x08, 0x08, 0x08, 0x00,
  0x00, 0x00, 0x00, 0x00, 0x00, 0x00, 0x00, 0x00,
  0x00, 0x00, 0x00, 0x00, 0x00, 0x00, 0x00, 0x00,
  0x00, 0x00, 0x00, 0x00, 0x00, 0x00, 0x00, 0x00,
  0x00, 0x00, 0x00, 0x00, 0x00, 0x00, 0x00, 0x00,
  0x00, 0x00, 0x00, 0xFF, 0xFF, 0x08, 0x08, 0x08,
  0x08, 0x88, 0x00, 0x08, 0x08, 0xFF, 0x89, 0x80,
  0x80, 0x00, 0x88, 0x00, 0x08, 0x08, 0x08, 0x08,
  0x88, 0x80, 0x80, 0x80, 0x80, 0x80, 0x77, 0x77,
  0x80, 0x80, 0x17, 0x08, 0x08, 0x06, 0x08, 0x08,
  0x78, 0x08, 0x80, 0x08, 0x80, 0x08, 0x08, 0x17,
  0x08, 0x08, 0x80, 0x08, 0x17, 0x00, 0x88, 0x70,
  0x81, 0x08, 0x80, 0x08, 0xB7, 0x80, 0x08, 0x80,
  0x8F, 0x8C, 0xC0, 0xC0, 0x0B, 0xBC, 0xC0, 0xBB,
  0x0C, 0xCB, 0xBB, 0x0C, 0xCB, 0xBB, 0xC0, 0x0C,
  0xBB, 0xC8, 0xC0, 0xC0, 0xB0, 0xC0, 0x08, 0x0C,
  0x08, 0x08, 0xD8, 0x48, 0x80, 0x80, 0x05, 0x03,
  0x04, 0x34, 0x48, 0x24, 0x33, 0x34, 0x17, 0x21,
  0x14, 0x42, 0x21, 0x24, 0x41, 0x12, 0x22, 0x32,
  0x42, 0x32, 0x03, 0x84, 0x84, 0x84, 0x30, 0x08,
  0x80, 0x8D, 0x80, 0xE0, 0x80, 0x8B, 0x8C, 0x0C,
  0x0C, 0xC8, 0x0B, 0x8B, 0x8C, 0x0C, 0x0C, 0x0C,
  0x8B, 0x8B, 0xD0, 0xB8, 0x08, 0xD8, 0x08, 0x8C,
  0x80, 0x0D, 0x08, 0x08, 0xE8, 0x80, 0x80, 0x08,
  0x80, 0x08, 0xF0, 0x83, 0x8D, 0x40, 0xC0, 0x48,
  0x3B, 0x4B, 0x08, 0x08, 0x08, 0x08, 0x08, 0x08,
  0x08, 0x08, 0xCF, 0x86, 0x4B, 0xB8, 0xB4, 0x48,
  0x3B, 0x80, 0x00, 0x88, 0x00, 0x88, 0x00, 0x88,
  0x00, 0x08, 0x08, 0x08, 0x08, 0x88, 0x80, 0x80,
  0x80, 0x80, 0x80, 0x00, 0x00, 0x00, 0x00, 0x00,
  0x00, 0x00, 0x00, 0xFF, 0xFF, 0x08, 0x08, 0x08,
  0x08, 0x88, 0x00, 0xEF, 0x80, 0x80, 0x80, 0x08,
  0x08, 0x80, 0x08, 0x80, 0x08, 0x80, 0x08, 0x08,
  0x08, 0x08, 0x80, 0x77, 0x37, 0x80, 0x00, 0x88,
  0x70, 0x86, 0x80, 0x80, 0x70, 0x00, 0x08, 0x80,
  0x08, 0x17, 0x88, 0x00, 0x88, 0x00, 0x08, 0x78,
  0x83, 0x80, 0x08, 0x17, 0x80, 0x00, 0x78, 0x00,
  0x80, 0x80, 0x08, 0x80, 0x08, 0xF0, 0x8B, 0xF8,
  0x88, 0x0D, 0x0C, 0x0C, 0xBB, 0xC8, 0xC0, 0xBB,
  0xC0, 0x0C, 0xBB, 0xC8, 0xBB, 0xC8, 0x0C, 0xAC,
  0x8B, 0x8B, 0x8C, 0x0C, 0x0C, 0xB8, 0x08, 0x8D,
  0x80, 0xD0, 0x08, 0x58, 0x08, 0x80, 0x04, 0x84,
  0x84, 0x24, 0x03, 0x43, 0x43, 0x33, 0x53, 0x25,
  0x12, 0x16, 0x11, 0x42, 0x21, 0x22, 0x32, 0x33,
  0x43, 0x03, 0x34, 0x40, 0x48, 0x08, 0x03, 0x08,
  0x08, 0x08, 0x08, 0x9F, 0x80, 0x8E, 0xC0, 0xC0,
  0xB8, 0xC0, 0xB8, 0x08, 0x8D, 0x8B, 0x8C, 0x8B,
  0x0D, 0x8C, 0xC0, 0x80, 0x8B, 0x80, 0x8D, 0x80,
  0x8C, 0x80, 0xE0, 0x08, 0x08, 0x08, 0x08, 0x08,
  0x9F, 0x80, 0x80, 0x00, 0x88, 0x00, 0x88, 0x00,
  0x88, 0x00, 0x88, 0x00, 0x08, 0x08, 0x08, 0x88,
  0x80, 0x80, 0x90, 0x00, 0x00, 0x00, 0x00, 0x00,
  0x00, 0x00, 0x00, 0x00, 0x00, 0x00, 0x00, 0x00,
  0x00, 0x00, 0x00, 0x00, 0x00, 0x00, 0x00, 0x00,
  0x00, 0x00, 0x00, 0x00, 0x00, 0x00, 0x00, 0x00,
  0x00, 0x00, 0x00, 0xF0, 0xFF, 0x8F, 0x80, 0x80,
  0x80, 0x80, 0x08, 0x80, 0x3F, 0x9F, 0x88, 0x00,
  0x88, 0x00, 0x88, 0x00, 0x88, 0x00, 0x88, 0x00,
  0x78, 0x47, 0x80, 0x80, 0x08, 0x80, 0x08, 0x67,
  0x08, 0x08, 0x08, 0x08, 0x08, 0x78, 0x03, 0x80,
  0x80, 0x08, 0x37, 0x80, 0x80, 0x80, 0x80, 0x47,
  0x80, 0x80, 0x07, 0x00, 0x08, 0x88, 0x07, 0x80,
  0x80, 0x80, 0x80, 0x8F, 0x08, 0x08, 0x8F, 0xC0,
  0x80, 0x8B, 0x8C, 0xC0, 0xC8, 0x8B, 0x8B, 0xBD,
  0xC8, 0x0B, 0xBC, 0xC8, 0x8B, 0xBC, 0xC0, 0xB8,
  0xC8, 0x0C, 0x0C, 0x8B, 0xC0, 0xB8, 0x08, 0x0D,
  0x08, 0xD8, 0x80, 0x58, 0x08, 0x80, 0x04, 0x84,
  0x84, 0x24, 0x03, 0x43, 0x43, 0x33, 0x53, 0x62,
  0x12, 0x22, 0x32, 0x63, 0x22, 0x22, 0x32, 0x30,
  0x34, 0x04, 0x83, 0x04, 0x03, 0x04, 0x08, 0x88,
  0x87, 0xB0, 0x08, 0x08, 0x0E, 0x88, 0x8B, 0xE0,
  0xC0, 0x80, 0x0B, 0x8C, 0xC0, 0xB8, 0xC8, 0x08,
  0x0D, 0x8B, 0x08, 0x0D, 0xC8, 0x80, 0x0C, 0x88,
  0x0C, 0x08, 0x88, 0x0E, 0x08, 0x08, 0x3E, 0x8B,
  0x80, 0x80, 0x80, 0x80, 0x80, 0x80, 0x00, 0x88,
  0x80, 0x80, 0x80, 0x80, 0x00, 0x08, 0x08, 0x08,
  0x08, 0x08, 0x09, 0x00, 0x00, 0x00, 0x00, 0x00,
  0x00, 0x00, 0x00, 0x00, 0x00, 0x00, 0x00, 0x00,
  0x00, 0x00, 0x00, 0x00, 0x00, 0x00, 0x00, 0x00,
  0x00, 0x00, 0x00, 0x00, 0x00, 0x00, 0x00, 0x00,
  0x00, 0x00, 0xF0, 0xFF, 0x8F, 0x80, 0x80, 0x80,
  0x80, 0x08, 0x80, 0x80, 0xF0, 0x9F, 0x08, 0x08,
  0x08, 0x80, 0x08, 0x80, 0x80, 0x80, 0x80, 0x80,
  0x78, 0x67, 0x80, 0x80, 0x80, 0x08, 0x80, 0x78,
  0x05, 0x88, 0x80, 0x00, 0x88, 0x00, 0x47, 0x08,
  0x08, 0x08, 0x08, 0x78, 0x03, 0x08, 0x80, 0x27,
  0x08, 0x80, 0x08, 0x17, 0x80, 0x00, 0x88, 0x00,
  0x88, 0x00, 0x88, 0x00, 0x88, 0xFF, 0x0A, 0x8F,
  0xC8, 0x80, 0x8C, 0x0C, 0x0C, 0xAC, 0xB8, 0xD0,
  0xB0, 0x8B, 0x0C, 0xBC, 0xC0, 0x0B, 0x0C, 0xCB,
  0xB8, 0xC0, 0xB8, 0xC8, 0x08, 0x8C, 0xD0, 0x80,
  0xC0, 0x08, 0x08, 0x68, 0x08, 0x08, 0x04, 0x84,
  0x84, 0x03, 0x34, 0x34, 0x33, 0x44, 0x32, 0x43,
  0x33, 0x43, 0x24, 0x33, 0x34, 0x33, 0x44, 0x32,
  0x30, 0x04, 0x43, 0x30, 0x80, 0x05, 0x88, 0x50,
  0x08, 0x80, 0xD8, 0x80, 0x08, 0xF0, 0x80, 0x0B,
  0xC8, 0xC8, 0x80, 0x0C, 0xC8, 0x80, 0x0C, 0x0C,
  0xC8, 0x80, 0x8B, 0xD0, 0x08, 0x8C, 0xC0, 0x80,
  0x08, 0x0D, 0x08, 0xD8, 0x80, 0x08, 0x80, 0x8E,
  0x00, 0x88, 0x00, 0x88, 0x00, 0x88, 0x00, 0x88,
  0x00, 0x88, 0x00, 0x88, 0x80, 0x80, 0x80, 0x00,
  0x08, 0x08, 0x08, 0x00, 0x00, 0x00, 0x00, 0x00,
  0x00, 0x00, 0x00, 0x00, 0x00, 0x00, 0x70, 0x8A,
  0x80, 0x80, 0x80, 0x70, 0x8A, 0x80, 0x80, 0x80,
  0x00, 0x00, 0x00, 0x00, 0x00, 0x00, 0x00, 0x00,
  0x00, 0xF0, 0x02, 0xFF, 0xAF, 0x80, 0x80, 0x00,
  0x88, 0x00, 0x88, 0x00, 0x88, 0x80, 0x80, 0x80,
  0x00, 0x08, 0x08, 0x08, 0x00, 0x00, 0x00, 0x00,
  0x00, 0x00, 0x00, 0x00, 0x00, 0x00, 0x70, 0x77,
  0x7D, 0x00, 0x08, 0x80, 0x08, 0x80, 0x17, 0x00,
  0x88, 0x00, 0x78, 0x01, 0x08, 0x80, 0x07, 0x00,
  0x08, 0x78, 0x80, 0x80, 0x80, 0x80, 0x80, 0x80,
  0x08, 0x80, 0x08, 0xF0, 0x0F, 0x88, 0x0E, 0xC8,
  0x80, 0x0C, 0x0C, 0xB8, 0xC8, 0xC8, 0xC0, 0xC0,
  0xB0, 0x8B, 0x0C, 0xBC, 0xC0, 0xC0, 0xB0, 0x8B,
  0x0C, 0x0C, 0x0C, 0xB8, 0xC0, 0x08, 0xC8, 0x08,
  0x08, 0xE8, 0x30, 0x80, 0x80, 0x70, 0x08, 0x03,
  0x44, 0x48, 0x38, 0x43, 0x83, 0x34, 0x33, 0x34,
  0x34, 0x43, 0x33, 0x43, 0x43, 0x33, 0x84, 0x43,
  0x83, 0x34, 0x48, 0x48, 0x08, 0x83, 0x80, 0x50,
  0x80, 0x80, 0x80, 0x8E, 0x80, 0xE0, 0x80, 0xC0,
  0x08, 0x8C, 0xC0, 0x08, 0x8C, 0xC0, 0x80, 0x0C,
  0x8C, 0x00, 0x0D, 0xB8, 0x80, 0x8C, 0x80, 0x0D,
  0x08, 0x0D, 0x08, 0x08, 0x8D, 0x80, 0x80, 0x4D,
  0x8B, 0x80, 0x80, 0x80, 0x80, 0x80, 0xF0, 0x83,
  0x3E, 0x80, 0xD0, 0x03, 0x08, 0x3D, 0x80, 0x80,
  0x08, 0x80, 0x80, 0x08, 0x80, 0x08, 0x80, 0x80,
  0x80, 0x70, 0x8B, 0x70, 0x87, 0x80, 0x80, 0x80,
  0x3F, 0x80, 0x80, 0x80, 0x8F, 0xB4, 0x08, 0x08,
  0x08, 0x08, 0x08, 0x08, 0x08, 0x08, 0x08, 0x88,
  0xF0, 0x9F, 0x80, 0x80, 0x08, 0x80, 0x08, 0x80,
  0x80, 0x80, 0x80, 0x80, 0x08, 0x08, 0x08, 0x08,
  0x08, 0x08, 0x00, 0x00, 0x00, 0x00, 0x00, 0x00,
  0x00, 0x00, 0x00, 0x00, 0x70, 0x7A, 0x77, 0x81,
  0x00, 0x08, 0x88, 0x00, 0x78, 0x7B, 0x81, 0x80,
  0x80, 0x07, 0x80, 0x80, 0x80, 0x07, 0x08, 0x08,
  0x08, 0x70, 0x3B, 0x80, 0x80, 0x80, 0x80, 0x80,
  0x80, 0x00, 0xCF, 0x08, 0x08, 0x9F, 0xD0, 0x80,
  0x0C, 0xC8, 0xC0, 0x08, 0x0C, 0x8B, 0x0C, 0x0C,
  0x0C, 0x8B, 0x8B, 0xCC, 0xB0, 0xC8, 0xC0, 0xB8,
  0xC0, 0xB8, 0xC8, 0xB8, 0x08, 0xE8, 0x08, 0xC8,
  0x80, 0x80, 0x80, 0x08, 0x07, 0x80, 0x85, 0x40,
  0x48, 0x30, 0x43, 0x30, 0x34, 0x04, 0x33, 0x34,
  0x34, 0x43, 0x42, 0x32, 0x30, 0x34, 0x34, 0x48,
  0x83, 0x34, 0x48, 0x08, 0x03, 0x04, 0x08, 0x68,
  0x08, 0x08, 0x08, 0x08, 0xF0, 0x08, 0x08, 0x8D,
  0xC0, 0x08, 0xC8, 0x08, 0x8C, 0xD0, 0x80, 0x8B,
  0xC8, 0x08, 0x8D, 0xC0, 0x08, 0x8C, 0x00, 0x0D,
  0x08, 0x0D, 0x08, 0xC8, 0x80, 0x80, 0x80, 0x0E,
  0x08, 0x08, 0x08, 0x08, 0x08, 0x08, 0x08, 0x08,
  0x88, 0x00, 0x88, 0x00, 0x08, 0x08, 0x08, 0x88,
  0x80, 0x80, 0x90, 0x00, 0x00, 0x00, 0x00, 0x00,
  0x00, 0x00, 0x00, 0x00, 0x00, 0x00, 0x00, 0x00,
  0x00, 0x00, 0x00, 0x00, 0x00, 0x00, 0x00, 0x00,
  0x00, 0x00, 0x00, 0x00, 0x00, 0x00, 0x00, 0x00,
  0x00, 0x00, 0x00, 0xFF, 0xFF, 0x08, 0x08, 0x08,
  0x08, 0x88, 0x00, 0x08, 0x08, 0x08, 0x08, 0x88,
  0x80, 0x80, 0x80, 0x80, 0x80, 0x00, 0x00, 0x00,
  0x00, 0x00, 0x00, 0x77, 0x77, 0x80, 0x80, 0x80,
  0x00, 0x88, 0x00, 0x78, 0x87, 0x80, 0x80, 0x80,
  0x17, 0x08, 0x08, 0x08, 0x07, 0x08, 0x08, 0x08,
  0x70, 0x80, 0x80, 0x80, 0x80, 0x80, 0x80, 0x00,
  0x88, 0x3F, 0x8F, 0x08, 0xE8, 0x08, 0x0C, 0xC8,
  0x80, 0x0C, 0xC8, 0xC0, 0xB8, 0xC0, 0xB8, 0xC8,
  0xC8, 0xC0, 0xB0, 0xC8, 0xC0, 0xB8, 0xC0, 0xB8,
  0xC8, 0x08, 0x8C, 0x0C, 0xC8, 0x80, 0xD0, 0x80,
  0x80, 0x80, 0x80, 0x08, 0x08, 0x17, 0x68, 0x48,
  0x38, 0x30, 0x40, 0x34, 0x83, 0x34, 0x34, 0x48,
  0x33, 0x43, 0x24, 0x70, 0x28, 0x21, 0x20, 0x02,
  0x43, 0x38, 0x40, 0x48, 0x08, 0x84, 0x80, 0x04,
  0x08, 0x08, 0x08, 0x88, 0x00, 0xF8, 0x89, 0x08,
  0x8F, 0x80, 0x8C, 0xC0, 0x08, 0x0D, 0x08, 0x8C,
  0xC0, 0x08, 0x8C, 0x80, 0x0C, 0x88, 0x8C, 0xD0,
  0x08, 0x08, 0xD8, 0x08, 0x08, 0x8D, 0x80, 0x80,
  0x80, 0x80, 0x8F, 0x08, 0x08, 0x88, 0x00, 0x08,
  0x88, 0x00, 0x88, 0x00, 0x88, 0x00, 0x08, 0x08,
  0x08, 0x88, 0x80, 0x80, 0x90, 0x00, 0x00, 0x00,
  0x00, 0x00, 0x00, 0x00, 0x00, 0x00, 0x00, 0x00,
  0x00, 0x00, 0x00, 0x00, 0x00, 0x00, 0x00, 0x00,
  0x00, 0x00, 0x00, 0x00, 0x00, 0x00, 0x00, 0x00,
  0x00, 0x00, 0x00, 0xF0, 0xF2, 0xFF, 0x09, 0x88,
  0x00, 0x88, 0x00, 0x88, 0x00, 0x88, 0x00, 0x08,
  0x08, 0x08, 0x88, 0x80, 0x80, 0x90, 0x00, 0x00,
  0x00, 0x00, 0x00, 0x00, 0x70, 0x77, 0x07, 0x08,
  0x08, 0x08, 0x27, 0x08, 0x80, 0x08, 0x17, 0x00,
  0x88, 0x00, 0x17, 0x08, 0x08, 0x08, 0x78, 0x01,
  0x88, 0x00, 0x88, 0x80, 0x00, 0x88, 0x00, 0x88,
  0xFF, 0x88, 0x80, 0xF0, 0x09, 0xD8, 0x08, 0x8C,
  0xD0, 0x80, 0x8B, 0x8C, 0xD0, 0xC0, 0xB0, 0xC0,
  0xB8, 0xC0, 0xB8, 0xC8, 0xB8, 0xD8, 0xC0, 0x08,
  0x0C, 0x8B, 0x0C, 0x0C, 0x88, 0x8B, 0x08, 0x8E,
  0x00, 0x08, 0x88, 0x70, 0x80, 0x80, 0x05, 0x03,
  0x58, 0x03, 0x34, 0x48, 0x84, 0x33, 0x34, 0x48,
  0x33, 0x43, 0x03, 0x34, 0x34, 0x48, 0x33, 0x48,
  0x03, 0x84, 0x84, 0x84, 0x30, 0x08, 0x04, 0x08,
  0x08, 0x08, 0x08, 0x08, 0x08, 0x08, 0x80, 0xEF,
  0x80, 0xF0, 0x08, 0x0C, 0x08, 0x8C, 0xC0, 0x80,
  0x0C, 0x88, 0x0C, 0x08, 0x8D, 0x80, 0x8C, 0x80,
  0x0D, 0x08, 0xD8, 0x80, 0x80, 0x3D, 0x8B, 0x00,
  0x88, 0x00, 0xF8, 0xC3, 0x08, 0x08, 0x08, 0x08,
  0x08, 0x88, 0x00, 0x88, 0x00, 0x88, 0x00, 0x88,
  0x80, 0x80, 0x80, 0x00, 0x08, 0x08, 0x08, 0x00,
  0x00, 0x00, 0x00, 0x00, 0x00, 0x00, 0x00, 0x00,
  0x00, 0x00, 0x00, 0x00, 0x00, 0x00, 0x00, 0x00,
  0x00, 0x00, 0x00, 0x00, 0x00, 0x00, 0x00, 0x00,
  0x00, 0x00, 0x00, 0x00, 0x00, 0xF0, 0xF2, 0xFF,
  0x09, 0x88, 0x00, 0x88, 0x00, 0x88, 0x00, 0x88,
  0x00, 0x08, 0x08, 0x08, 0x88, 0x80, 0x80, 0x90,
  0x00, 0x00, 0x00, 0x00, 0x70, 0x77, 0x07, 0x08,
  0x08, 0x78, 0x82, 0x80, 0x80, 0x17, 0x88, 0x00,
  0x88, 0x70, 0x81, 0x08, 0x80, 0x78, 0x00, 0x08,
  0x08, 0x08, 0x08, 0x08, 0x80, 0x08, 0x80, 0x80,
  0xF0, 0x9F, 0x08, 0x8F, 0x08, 0xD8, 0x08, 0x8C,
  0xD0, 0x80, 0x8B, 0x8C, 0xD0, 0xB0, 0xC8, 0x08,
  0x0C, 0x8C, 0x0B, 0x8C, 0x8B, 0xD0, 0xB8, 0x08,
  0x8D, 0xC0, 0x80, 0x0C, 0x08, 0x0D, 0x88, 0x00,
  0x88, 0x00, 0x08, 0x07, 0x80, 0x86, 0x30, 0x00,
  0x04, 0x04, 0x84, 0x34, 0x48, 0x38, 0x04, 0x33,
  0x40, 0x40, 0x83, 0x04, 0x03, 0x04, 0x84, 0x84,
  0x84, 0x30, 0x08, 0x08, 0x05, 0x08, 0x08, 0x08,
  0x08, 0x88, 0x00, 0x88, 0x00, 0x08, 0xFF, 0x08,
  0x08, 0xF8, 0x88, 0x80, 0xE0, 0x08, 0x80, 0xD8,
  0x80, 0x08, 0xF0, 0x80, 0x80, 0x80, 0x80, 0x0E,
  0x08, 0x08, 0x88, 0x00, 0x88, 0xF0, 0x89, 0x08,
  0x80, 0x08, 0x80, 0x08, 0x80, 0x08, 0x80, 0x08,
  0x80, 0x80, 0x80, 0x80, 0x08, 0x08, 0x08, 0x09,
  0x00, 0x00, 0x00, 0x00, 0x00, 0x00, 0x00, 0x00,
  0x00, 0x00, 0x00, 0x00, 0x00, 0x00, 0x00, 0x00,
  0x00, 0x00, 0x00, 0x00, 0x00, 0x00, 0x00, 0x00,
  0x00, 0x00, 0x00, 0x00, 0x00, 0x00, 0x00, 0x00,
  0x00, 0x00, 0x00, 0x00, 0x00, 0x00, 0x00, 0x00,
  0x00, 0xF0, 0x02, 0x80, 0x80, 0x3F, 0xF0, 0xFF,
  0x88, 0x80, 0x80, 0x80, 0x80, 0xF0, 0x0D, 0x08,
  0x88, 0x8F, 0x08, 0x08, 0x78, 0x0B, 0x08, 0x58,
  0x4B, 0x08, 0xC8, 0x08, 0x08, 0x08, 0x08, 0x08,
  0x80, 0x08, 0x80, 0xDF, 0x80, 0x80, 0x80, 0x9F,
  0x80, 0xF0, 0x08, 0xB8, 0x88, 0x0D, 0x88, 0x00,
  0x0F, 0xB8, 0xD0, 0xB0, 0x8B, 0x0C, 0x08, 0x08,
  0x0E, 0xF8, 0x8B, 0x77, 0x47, 0x11, 0x80, 0x00,
  0x88, 0x80, 0x88, 0x90, 0x80, 0x00, 0x11, 0x80,
  0xCA, 0xCC, 0xAA, 0xAA, 0xBA, 0xBB, 0xCA, 0xC9,
  0x9B, 0xAA, 0x0A, 0xBB, 0x00, 0x8C, 0xC0, 0x08,
  0xC8, 0x08, 0x04, 0x08, 0x3D, 0x0C, 0x08, 0x08,
  0x85, 0x80, 0x0C, 0x08, 0x88, 0x00, 0x88, 0x00,
  0x88, 0x00, 0x88, 0x80, 0x70, 0x0B, 0x08, 0x88,
  0x00, 0x78, 0x17, 0x08, 0x08, 0x80, 0x08, 0x80,
  0x08, 0x08, 0x78, 0xD7, 0x80, 0x3D, 0x00, 0x84,
  0x00, 0x8D, 0x80, 0x8C, 0x80, 0x05, 0x08, 0x08,
  0x0E, 0x08, 0x08, 0x58, 0x80, 0x80, 0x80, 0x80,
  0x8F, 0x40, 0x08, 0x80, 0x08, 0x08, 0x80, 0x08,
  0x80, 0x08, 0x80, 0x80, 0xF0, 0x9F, 0x87, 0x80,
  0x80, 0xE0, 0x80, 0x80, 0x85, 0x80, 0x80, 0x80,
  0x0E, 0x48, 0x80, 0x80, 0x0D, 0x03, 0x08, 0xE8,
  0x30, 0x80, 0xB5, 0x08, 0x08, 0x05, 0xC8, 0x08,
  0x08, 0x45, 0x08, 0x0C, 0x0C, 0x33, 0x43, 0xC0,
  0xBB, 0x80, 0x35, 0x33, 0x80, 0xFC, 0xAA, 0x82,
  0x36, 0x21, 0xA8, 0xAA, 0x0F, 0x0A, 0x51, 0x11,
  0x23, 0x08, 0xA8, 0xFB, 0xBB, 0x9A, 0x28, 0x57,
  0x32, 0x23, 0x12, 0xA0, 0xCB, 0xCD, 0xDA, 0xBA,
  0xBA, 0xAB, 0xBA, 0xAA, 0xAE, 0xAA, 0xAB, 0x9C,
  0x99, 0xA8, 0xA2, 0x80, 0x08, 0x80, 0x50, 0x53,
  0x45, 0x35, 0x32, 0x15, 0x12, 0x11, 0x80, 0x9A,
  0xA8, 0x08, 0x30, 0x34, 0x34, 0x37, 0x41, 0x34,
  0x32, 0x63, 0x22, 0x24, 0x22, 0x43, 0x13, 0x42,
  0x31, 0x21, 0x82, 0x02, 0xB8, 0xC0, 0xAC, 0xBB,
  0xEC, 0xA9, 0x9C, 0xCA, 0x9A, 0x9C, 0xAA, 0xAA,
  0xBB, 0xBB, 0x8C, 0xCB, 0xB8, 0x8C, 0x8B, 0x8C,
  0x0C, 0x08, 0x0D, 0x08, 0x08, 0x8D, 0x80, 0x80,
  0x00, 0x88, 0x00, 0x08, 0x88, 0x00, 0x88, 0x00,
  0x88, 0x00, 0x08, 0x08, 0x08, 0x88, 0x80, 0x80,
  0x90, 0x00, 0x00, 0x00, 0x00, 0x00, 0x00, 0x00,
  0x00, 0x00, 0x00, 0x00, 0x00, 0x00, 0x00, 0x00,
  0x00, 0x77, 0x8C, 0x77, 0xE0, 0x80, 0x80, 0x80,
  0x06, 0x08, 0x0D, 0x08, 0x58, 0x08, 0x08, 0x08,
  0x08, 0x08, 0x08, 0x08, 0x88, 0xBF, 0x08, 0x80,
  0x08, 0xF0, 0x7B, 0x08, 0x08, 0x08, 0x80, 0x08,
  0x80, 0x80, 0x08, 0x80, 0x08, 0xF0, 0x83, 0x80,
  0x80, 0x80, 0x80, 0x80, 0x80, 0x80, 0x80, 0x80,
  0x80, 0xFF, 0xCF, 0x08, 0x78, 0x82, 0x06, 0xC8,
  0x80, 0x08, 0x68, 0x08, 0x30, 0x50, 0x08, 0xB4,
  0x08, 0xD8, 0x80, 0x80, 0x05, 0x03, 0x44, 0x08,
  0x08, 0x08, 0x0E, 0x0C, 0x8B, 0x00, 0x58, 0x48,
  0x30, 0x48, 0x80, 0x40, 0x48, 0x80, 0x34, 0x00,
  0x08, 0xE8, 0xCB, 0xFB, 0xB9, 0xBC, 0xCB, 0xBB,
  0xCA, 0xCB, 0xBB, 0xDB, 0xB9, 0xC9, 0x99, 0xAA,
  0xB0, 0x00, 0x88, 0x00, 0x04, 0x44, 0x38, 0x34,
  0x48, 0x83, 0x84, 0x84, 0x33, 0x40, 0x48, 0x33,
  0x48, 0x24, 0x73, 0x21, 0x23, 0x35, 0x13, 0x07,
  0x22, 0x14, 0x13, 0x33, 0x43, 0x13, 0x14, 0x21,
  0x22, 0x82, 0x03, 0xC8, 0x80, 0xD0, 0xB0, 0x8C,
  0xBB, 0xBC, 0xBC, 0xCB, 0xBB, 0xC0, 0x8F, 0x99,
  0xAA, 0xAB, 0xB8, 0x8B, 0xCC, 0xB0, 0xC8, 0xB8,
  0x08, 0x0D, 0xC8, 0x80, 0xC8, 0x80, 0x80, 0xE8,
  0x80, 0x80, 0x80, 0x80, 0x80, 0x17, 0x0D, 0x08,
  0x08, 0x88, 0x00, 0x08, 0x88, 0x00, 0x88, 0x00,
  0x08, 0x08, 0x08, 0x08, 0x78, 0x57, 0x80, 0x80,
  0xF8, 0x03, 0xE8, 0x08, 0x08, 0x08, 0x08, 0x07,
  0x0C, 0x88, 0x80, 0x00, 0x88, 0x00, 0x08, 0x88,
  0x00, 0x88, 0x00, 0x88, 0x77, 0x82, 0x80, 0x80,
  0x80, 0x80, 0x80, 0x80, 0x00, 0xFF, 0x0A, 0x08,
  0x08, 0x08, 0x08, 0x08, 0x08, 0x88, 0xFF, 0x0A,
  0x08, 0x08, 0x80, 0x08, 0x80, 0x80, 0x80, 0x3F,
  0xCF, 0x80, 0x78, 0x00, 0x08, 0x08, 0x0F, 0x08,
  0x08, 0x88, 0x87, 0x80, 0x40, 0x08, 0x08, 0x08,
  0x08, 0x78, 0x4B, 0x80, 0x40, 0x08, 0x40, 0x80,
  0x80, 0x06, 0x08, 0x08, 0x08, 0x08, 0xB7, 0x08,
  0x08, 0x08, 0x08, 0x70, 0x81, 0x60, 0x08, 0x84,
  0x40, 0x08, 0x58, 0x08, 0x08, 0x08, 0xF0, 0xB0,
  0xB8, 0x8C, 0xFB, 0xAA, 0xDA, 0xBA, 0xDA, 0xB9,
  0x9C, 0xAB, 0xAA, 0x9D, 0xAA, 0xAA, 0x8A, 0x0B,
  0x8C, 0x8B, 0x08, 0x80, 0x80, 0x08, 0x80, 0x27,
  0x08, 0x07, 0x48, 0x30, 0x04, 0x43, 0x43, 0x48,
  0x25, 0x22, 0x24, 0x15, 0x23, 0x34, 0x14, 0x43,
  0x33, 0x42, 0x43, 0x31, 0x22, 0x24, 0x22, 0x22,
  0x30, 0x84, 0x80, 0x40, 0x8B, 0x08, 0x8D, 0xD0,
  0x0B, 0x0C, 0xCB, 0xBB, 0xC8, 0xBB, 0xC8, 0xBC,
  0x0B, 0xBC, 0xC8, 0x8B, 0xBC, 0xC0, 0xB8, 0xC8,
  0xC8, 0xC0, 0x80, 0x0C, 0x08, 0x8C, 0x00, 0x88,
  0xE0, 0x08, 0x80, 0x80, 0x08, 0x80, 0x08, 0x08,
  0x80, 0x08, 0x80, 0x08, 0x70, 0x7B, 0x84, 0x80,
  0x80, 0x00, 0x88, 0x00, 0x88, 0x00, 0x88, 0x00,
  0x08, 0x08, 0x08, 0x88, 0x80, 0x80, 0x90, 0x00,
  0xFF, 0x04, 0x3F, 0x3F, 0x08, 0x08, 0x08, 0x08,
  0x80, 0x08, 0x08, 0x08, 0x08, 0x08, 0x80, 0x80,
  0x80, 0x80, 0x80, 0x90, 0x00, 0x00, 0x00, 0xF0,
  0xFF, 0x8F, 0x80, 0x80, 0x80, 0x80, 0xF8, 0x6C,
  0x8B, 0x00, 0x88, 0x80, 0x00, 0x88, 0x00, 0x88,
  0xCF, 0x06, 0x08, 0x08, 0x08, 0x08, 0x08, 0x88,
  0x00, 0x88, 0x00, 0x88, 0x77, 0x00, 0x80, 0x70,
  0x00, 0x68, 0x08, 0x08, 0x58, 0x80, 0x80, 0x80,
  0x80, 0x70, 0x8B, 0x85, 0x80, 0x80, 0x00, 0x88,
  0x07, 0x08, 0x58, 0x80, 0x40, 0x80, 0x40, 0x80,
  0x80, 0x70, 0x08, 0x0C, 0x08, 0x8C, 0xC0, 0x8B,
  0xBC, 0xBC, 0xBB, 0xBC, 0xBC, 0xCB, 0x9E, 0xAA,
  0xDA, 0xA9, 0xB9, 0xAA, 0xB8, 0xAC, 0xC8, 0x0B,
  0x0C, 0xB8, 0x08, 0x8D, 0x00, 0xD8, 0x03, 0x08,
  0x08, 0x86, 0x40, 0x48, 0x48, 0x32, 0x03, 0x74,
  0x21, 0x21, 0x24, 0x34, 0x42, 0x23, 0x34, 0x42,
  0x43, 0x31, 0x42, 0x21, 0x42, 0x12, 0x02, 0x23,
  0x84, 0x03, 0x88, 0x00, 0x88, 0x00, 0x8F, 0xC8,
  0xC8, 0xC0, 0x0B, 0x0C, 0xCB, 0x0B, 0xBC, 0xC0,
  0x0B, 0xBC, 0xC0, 0xC0, 0x8A, 0x0B, 0x8C, 0x8B,
  0xD0, 0xB8, 0x08, 0x8D, 0x80, 0x0C, 0x88, 0x00,
  0xF8, 0x80, 0x80, 0x80, 0x08, 0x80, 0x80, 0x08,
  0x80, 0x08, 0x80, 0x80, 0x80, 0x80, 0x80, 0x08,
  0x08, 0x08, 0x08, 0x08, 0x08, 0x00, 0x00, 0x00,
  0x00, 0x00, 0x00, 0x00, 0x00, 0x00, 0x00, 0x00,
  0x00, 0x00, 0x00, 0x00, 0x00, 0x00, 0x00, 0x00,
  0x00, 0x00, 0x00, 0x00, 0x00, 0x00, 0x00, 0x00,
  0x00, 0x00, 0x00, 0x00, 0x00, 0x00, 0x00, 0xF0,
  0xFF, 0x8F, 0x80, 0x80, 0x80, 0x80, 0x08, 0x80,
  0x3F, 0x9F, 0x88, 0x00, 0x88, 0x00, 0x88, 0x00,
  0x88, 0x00, 0x88, 0x00, 0x08, 0x08, 0x08, 0x88,
  0x80, 0x80, 0x90, 0x77, 0x77, 0x80, 0x07, 0x08,
  0x58, 0x80, 0x80, 0x50, 0x80, 0x80, 0x80, 0x70,
  0x08, 0x80, 0x08, 0x80, 0x08, 0x70, 0x81, 0x80,
  0x80, 0x07, 0x80, 0x80, 0x06, 0x08, 0x08, 0x08,
  0x88, 0x00, 0x88, 0xF0, 0x0B, 0xBF, 0x08, 0xBD,
  0xC0, 0xBB, 0xCB, 0x0C, 0xBB, 0xBC, 0xBB, 0xCC,
  0xBA, 0xCB, 0xBB, 0xC0, 0xCB, 0xB8, 0x8B, 0x8C,
  0xBC, 0x80, 0x8C, 0xD0, 0x80, 0x80, 0x8C, 0x40,
  0x80, 0x80, 0x86, 0x84, 0x33, 0x70, 0x20, 0x22,
  0x16, 0x21, 0x14, 0x14, 0x14, 0x13, 0x34, 0x41,
  0x31, 0x42, 0x21, 0x42, 0x12, 0x32, 0x38, 0x03,
  0x84, 0x84, 0x84, 0x80, 0x80, 0x80, 0x8D, 0xC0,
  0x08, 0x0D, 0x0C, 0x8B, 0xCB, 0xB8, 0xC8, 0x0C,
  0xCB, 0xC0, 0xB0, 0x8B, 0x0C, 0xC8, 0xC0, 0xC0,
  0x80, 0x0B, 0xC8, 0x08, 0x0D, 0xB8, 0x08, 0x08,
  0x08, 0x8F, 0x80, 0x80, 0x08, 0x80, 0xF8, 0x03,
  0x8D, 0x40, 0xB8, 0x58, 0x3B, 0x4B, 0x08, 0x08,
  0x08, 0x88, 0x00, 0x88, 0x00, 0x88, 0xF0, 0x83,
  0x3F, 0xE0, 0xB3, 0x48, 0x4B, 0x08, 0x08, 0x08,
  0x08, 0x08, 0x08, 0x08, 0x88, 0x00, 0x88, 0x00,
  0x88, 0x00, 0x08, 0x08, 0x08, 0x88, 0x80, 0x80,
  0x90, 0x00, 0x00, 0x00, 0x00, 0x00, 0xF0, 0xFF,
  0x8F, 0x80, 0x80, 0x80, 0x80, 0xF8, 0x0C, 0x08,
  0x08, 0x08, 0x08, 0x08, 0x08, 0x08, 0x88, 0x00,
  0x08, 0x08, 0x08, 0x88, 0x80, 0x80, 0x90, 0x00,
  0x77, 0x77, 0x80, 0x80, 0x70, 0x81, 0x80, 0x00,
  0x07, 0x08, 0x08, 0x78, 0x80, 0x08, 0x80, 0x08,
  0x70, 0x3B, 0x80, 0x80, 0x80, 0x07, 0x08, 0x08,
  0x05, 0x08, 0x68, 0x3B, 0x80, 0x80, 0x80, 0x80,
  0xF0, 0x09, 0x08, 0x8E, 0xC0, 0xB8, 0xC8, 0x0C,
  0xCB, 0xC0, 0xBA, 0x8B, 0xBC, 0xBC, 0xC0, 0xBB,
  0x8B, 0x8F, 0xAB, 0x8A, 0xBB, 0xC8, 0x0C, 0x0C,
  0xBB, 0x08, 0x0D, 0x0C, 0x08, 0xC8, 0xB4, 0x30,
  0x08, 0x58, 0x30, 0x40, 0x30, 0x35, 0x43, 0x42,
  0x32, 0x43, 0x16, 0x42, 0x32, 0x22, 0x15, 0x14,
  0x32, 0x22, 0x25, 0x21, 0x22, 0x23, 0x84, 0x33,
  0x40, 0x08, 0x84, 0x80, 0x80, 0x80, 0x80, 0x8F,
  0x80, 0x0D, 0x0C, 0x0C, 0x8B, 0x8B, 0x8C, 0x8B,
  0xBD, 0xC8, 0xC0, 0xB0, 0xC8, 0xB8, 0xC8, 0x80,
  0x8C, 0xD0, 0x80, 0x8B, 0x80, 0xE8, 0x80, 0x80,
  0x0D, 0x08, 0x08, 0x08, 0x08, 0x8F, 0x08, 0x08,
  0x08, 0x08, 0x08, 0x08, 0x08, 0x08, 0x08, 0x08,
  0x80, 0x08, 0x08, 0x08, 0x08, 0x80, 0x80, 0x80,
  0x00, 0x00, 0x00, 0x00, 0x00, 0x00, 0x00, 0x00,
  0x00, 0x00, 0x00, 0x00, 0x00, 0x00, 0x00, 0x00,
  0x00, 0x00, 0x00, 0x00, 0x00, 0x00, 0x00, 0x00,
  0x00, 0x00, 0x00, 0x00, 0x00, 0x00, 0x00, 0xF0,
  0xFF, 0x8F, 0x80, 0x80, 0x80, 0x80, 0xF8, 0x6C,
  0x8B, 0x00, 0x88, 0x80, 0x00, 0x88, 0x00, 0x88,
  0x00, 0x08, 0x08, 0x08, 0x08, 0x88, 0x77, 0x06,
  0x08, 0x08, 0x88, 0x27, 0x80, 0x80, 0x80, 0x80,
  0x70, 0x03, 0x08, 0x08, 0x08, 0x78, 0x84, 0x80,
  0x00, 0x17, 0x08, 0x08, 0x78, 0x00, 0x08, 0x05,
  0x08, 0x88, 0x00, 0xB7, 0x03, 0x08, 0xE8, 0x80,
  0x80, 0x0D, 0x08, 0x0D, 0xB8, 0xC8, 0x0C, 0x0C,
  0x8B, 0xCB, 0xB8, 0xBC, 0xC8, 0xCB, 0xB0, 0xBC,
  0xC0, 0xBB, 0xC0, 0x0C, 0xBB, 0xC8, 0x0B, 0xBC,
  0x88, 0x0C, 0x8C, 0xC0, 0x08, 0x08, 0x08, 0x08,
  0x08, 0x07, 0x50, 0x48, 0x48, 0x32, 0x43, 0x33,
  0x24, 0x24, 0x17, 0x31, 0x22, 0x24, 0x31, 0x15,
  0x12, 0x15, 0x12, 0x22, 0x32, 0x33, 0x48, 0x03,
  0x84, 0x40, 0x08, 0x08, 0x80, 0x08, 0x80, 0x08,
  0x9F, 0xE8, 0x08, 0x0C, 0x8C, 0x0B, 0x8C, 0x8B,
  0x8C, 0x8B, 0x0D, 0xC8, 0xC0, 0xB8, 0xC0, 0x08,
  0x8C, 0xC0, 0x08, 0x0C, 0x08, 0xD8, 0x80, 0xD0,
  0x80, 0x08, 0x80, 0x8D, 0x80, 0x80, 0x80, 0x80,
  0x80, 0x80, 0x80, 0x80, 0x08, 0x80, 0x08, 0x80,
  0x80, 0x80, 0x80, 0x08, 0x08, 0x08, 0x09, 0x00,
  0x00, 0x00, 0x00, 0x00, 0x00, 0x00, 0x00, 0x00,
  0x00, 0x00, 0x00, 0x00, 0x00, 0x00, 0x00, 0xA7,
  0x08, 0x08, 0x08, 0x08, 0x00, 0x00, 0x00, 0x00,
  0x00, 0x00, 0x00, 0x00, 0x00, 0x00, 0xF0, 0xFF,
  0x8F, 0x80, 0x80, 0x80, 0x80, 0x3F, 0x3F, 0x0C,
  0x08, 0x08, 0x08, 0x08, 0x08, 0x80, 0x80, 0x08,
  0x80, 0x08, 0x80, 0x08, 0x80, 0x70, 0x57, 0x80,
  0x08, 0x80, 0x08, 0x70, 0x84, 0x80, 0x80, 0x80,
  0x80, 0x37, 0x80, 0x00, 0x88, 0x00, 0x47, 0x08,
  0x08, 0x78, 0x01, 0x08, 0x08, 0x07, 0x08, 0x08,
  0x86, 0x80, 0x00, 0x88, 0x00, 0x88, 0x80, 0x00,
  0xF8, 0x0C, 0x8F, 0xC0, 0x80, 0x8B, 0x8C, 0x0C,
  0xBC, 0xC0, 0x0B, 0xAC, 0xC8, 0x0B, 0xAC, 0xF8,
  0x98, 0x8A, 0xAA, 0xB8, 0x0C, 0xAC, 0xB8, 0xC0,
  0xB8, 0x08, 0x8D, 0xC0, 0x08, 0x08, 0x08, 0x08,
  0x08, 0x17, 0x58, 0x48, 0x83, 0x34, 0x43, 0x42,
  0x32, 0x43, 0x33, 0x27, 0x21, 0x52, 0x21, 0x42,
  0x22, 0x22, 0x32, 0x24, 0x33, 0x34, 0x48, 0x38,
  0x40, 0x30, 0x80, 0x80, 0x78, 0x0B, 0x08, 0x08,
  0xE8, 0x80, 0x0C, 0xC8, 0x80, 0x0C, 0x0C, 0x0C,
  0x8B, 0xC0, 0xB8, 0x08, 0x8D, 0x8B, 0x0C, 0xC8,
  0xC8, 0x80, 0x0C, 0x08, 0x0D, 0x08, 0x8C, 0x80,
  0x8C, 0x80, 0x80, 0xF0, 0xB3, 0x08, 0x08, 0x08,
  0x08, 0x08, 0x08, 0x08, 0x08, 0x08, 0x88, 0x00,
  0x88, 0x80, 0x80, 0x80, 0x00, 0x08, 0x08, 0x08,
  0x00, 0x00, 0x00, 0x00, 0x00, 0x00, 0x70, 0x8A,
  0xB7, 0x70, 0x7B, 0x87, 0x80, 0x80, 0x80, 0x80,
  0x00, 0x88, 0x00, 0x08, 0xFF, 0x08, 0x08, 0x08,
  0x88, 0x00, 0x88, 0x00, 0x08, 0xF8, 0x83, 0xBF,
  0x08, 0x08, 0x80, 0x08, 0x80, 0x08, 0x80, 0x08,
  0x80, 0x80, 0x80, 0x80, 0x08, 0x08, 0x08, 0x09,
  0x00, 0x00, 0x00, 0x00, 0x00, 0x00, 0x00, 0x00,
  0x00, 0x00, 0x70, 0x77, 0x7D, 0x00, 0x08, 0x80,
  0x08, 0x17, 0x88, 0x00, 0x88, 0x07, 0x80, 0x80,
  0x70, 0x08, 0x08, 0x58, 0x80, 0x80, 0x80, 0x06,
  0x08, 0x08, 0x08, 0x08, 0x08, 0x88, 0xAF, 0x80,
  0x80, 0x8F, 0xD8, 0x80, 0x0C, 0xC8, 0x8B, 0x0C,
  0x0C, 0x8B, 0x0C, 0xBC, 0xC0, 0xBB, 0xB8, 0x0D,
  0xAC, 0xB8, 0x0C, 0xCB, 0xC0, 0xB0, 0xB8, 0xC8,
  0xB8, 0xD8, 0x80, 0x08, 0x0D, 0x08, 0x88, 0x00,
  0x78, 0x80, 0x04, 0x03, 0x44, 0x38, 0x34, 0x43,
  0x33, 0x43, 0x43, 0x33, 0x24, 0x17, 0x12, 0x22,
  0x53, 0x12, 0x32, 0x68, 0x10, 0x02, 0x22, 0x30,
  0x40, 0x08, 0x84, 0x80, 0x80, 0x80, 0x80, 0x80,
  0x9F, 0x80, 0xF0, 0x08, 0x0C, 0xB8, 0xC8, 0xC8,
  0x80, 0x0C, 0xC8, 0xC0, 0x80, 0x8B, 0x8C, 0xD0,
  0x80, 0x8B, 0xD0, 0x08, 0x8C, 0x80, 0xD0, 0x08,
  0xD0, 0x80, 0x80, 0x08, 0x8D, 0x80, 0x80, 0x80,
  0x80, 0x80, 0xF0, 0x83, 0x3E, 0xD0, 0xB3, 0x84,
  0x80, 0x3C, 0x80, 0x80, 0x80, 0x80, 0x00, 0x88,
  0x00, 0x88, 0x00, 0x78, 0x07, 0x3E, 0x80, 0x80,
  0x08, 0x80, 0x08, 0x80, 0x80, 0x08, 0x80, 0x08,
  0x80, 0x08, 0x80, 0xFF, 0x8C, 0x00, 0x88, 0x00,
  0x88, 0x00, 0x88, 0x00, 0xF8, 0xAF, 0x08, 0x08,
  0x08, 0x88, 0x00, 0x88, 0x00, 0x88, 0x80, 0x80,
  0x80, 0x00, 0x08, 0x08, 0x3F, 0x80, 0x08, 0x08,
  0x08, 0x09, 0x00, 0x00, 0x00, 0x00, 0x00, 0x00,
  0x70, 0x7A, 0x77, 0x81, 0x00, 0x08, 0x88, 0x70,
  0x84, 0x00, 0x88, 0x80, 0x27, 0x80, 0x80, 0x80,
  0x27, 0x88, 0x00, 0x07, 0x08, 0x08, 0x78, 0x80,
  0x08, 0x80, 0x08, 0x80, 0x08, 0x9F, 0x80, 0xF0,
  0x08, 0xB8, 0x88, 0x0D, 0xC8, 0xC8, 0xC0, 0xC0,
  0xB0, 0xB8, 0xC8, 0x0C, 0xCB, 0xC0, 0x8A, 0x8B,
  0xDB, 0xC0, 0xB0, 0x8B, 0x0C, 0xBC, 0x80, 0x0C,
  0x0C, 0x0C, 0xB8, 0x80, 0x80, 0x80, 0x80, 0x80,
  0x70, 0x01, 0x86, 0x40, 0x48, 0x33, 0x30, 0x35,
  0x43, 0x42, 0x32, 0x43, 0x33, 0x64, 0x21, 0x22,
  0x22, 0x43, 0x32, 0x03, 0x34, 0x84, 0x43, 0x48,
  0x08, 0x83, 0x40, 0x80, 0x80, 0x80, 0x80, 0x80,
  0x80, 0xF0, 0x0B, 0xF8, 0x08, 0x0D, 0xB8, 0xC8,
  0x08, 0x0D, 0xB8, 0xC8, 0x08, 0x0D, 0x0C, 0xB8,
  0xC0, 0x08, 0xC8, 0x08, 0x0D, 0x08, 0xC8, 0x08,
  0xD0, 0x08, 0x08, 0x08, 0xF8, 0x80, 0x80, 0x80,
  0x80, 0x80, 0x80, 0x80, 0x80, 0x08, 0x80, 0x80,
  0x80, 0x80, 0x80, 0x08, 0x08, 0x08, 0x08, 0x08,
  0x08, 0x00, 0x00, 0x00, 0x00, 0x00, 0x00, 0x00,
  0x00, 0x00, 0x00, 0x00, 0x00, 0x00, 0x00, 0x00,
  0x00, 0x00, 0x00, 0x00, 0x00, 0x00, 0x00, 0x00,
  0x00, 0x00, 0x00, 0x00, 0x00, 0x00, 0x00, 0xFF,
  0xFF, 0x08, 0x08, 0x08, 0x08, 0x88, 0x00, 0x08,
  0x08, 0x08, 0x08, 0x88, 0x80, 0x80, 0x80, 0x80,
  0x80, 0x00, 0x00, 0x00, 0x00, 0x00, 0x00, 0x70,
  0x77, 0x07, 0x08, 0x08, 0x08, 0x80, 0x78, 0x04,
  0x08, 0x08, 0x08, 0x27, 0x08, 0x08, 0x78, 0x01,
  0x08, 0x88, 0x07, 0x80, 0x80, 0x70, 0x3B, 0x80,
  0x80, 0x80, 0x80, 0x80, 0x3F, 0x0D, 0x08, 0x0D,
  0x08, 0x0D, 0xB8, 0xC0, 0x08, 0x8C, 0x8B, 0x8C,
  0x0C, 0x0C, 0xCB, 0xB8, 0xC0, 0x8B, 0x0C, 0x0C,
  0xAC, 0xB8, 0xB8, 0xD8, 0x8B, 0x0C, 0x0C, 0xB8,
  0xC8, 0x08, 0xD8, 0x80, 0x80, 0x80, 0x80, 0x80,
  0x80, 0x27, 0x85, 0x04, 0x03, 0x44, 0x48, 0x32,
  0x43, 0x83, 0x34, 0x73, 0x12, 0x22, 0x32, 0x33,
  0x43, 0x70, 0x10, 0x22, 0x02, 0x33, 0x48, 0x30,
  0x40, 0x80, 0x50, 0x08, 0x08, 0x08, 0x08, 0x08,
  0x08, 0x08, 0xBF, 0x80, 0x8F, 0xD0, 0x80, 0xC0,
  0x08, 0x8C, 0x8B, 0xD0, 0x08, 0x8C, 0xC0, 0x08,
  0x0C, 0xC8, 0x80, 0x8C, 0x00, 0x0D, 0x08, 0xC8,
  0x08, 0x08, 0xE8, 0x80, 0x08, 0x80, 0xE8, 0x08,
  0x08, 0x08, 0x80, 0x80, 0x08, 0x80, 0x08, 0x80,
  0x80, 0x80, 0x80, 0x80, 0x08, 0x08, 0x08, 0x08,
  0x08, 0x08, 0x00, 0x00, 0x00, 0x00, 0x00, 0x00,
  0x00, 0x00, 0x00, 0x00, 0x00, 0x00, 0x00, 0x00,
  0x00, 0x00, 0x00, 0x00, 0x00, 0x00, 0x00, 0x00,
  0x00, 0x00, 0x00, 0x00, 0x00, 0x00, 0x00, 0xF0,
  0xF2, 0xFF, 0x09, 0x88, 0x00, 0x88, 0x00, 0x88,
  0x00, 0x88, 0x00, 0x08, 0x08, 0x08, 0x88, 0x80,
  0x80, 0x90, 0x00, 0x00, 0x00, 0x00, 0x00, 0x00,
  0x70, 0x77, 0x07, 0x08, 0x08, 0x78, 0x82, 0x80,
  0x80, 0x17, 0x88, 0x00, 0x78, 0x80, 0x80, 0x80,
  0x60, 0x80, 0x80, 0x80, 0x70, 0x08, 0x80, 0x80,
  0x08, 0x8F, 0xB4, 0x80, 0x80, 0x08, 0xF0, 0x08,
  0x0C, 0x08, 0x8C, 0xC0, 0xB8, 0xC8, 0x80, 0xCC,
  0x80, 0x0C, 0xCB, 0xC0, 0xB0, 0xB8, 0x8C, 0x8B,
  0x8C, 0xDB, 0xC0, 0xB0, 0xB8, 0xC8, 0xB8, 0x88,
  0x0D, 0x8C, 0x80, 0x8C, 0x80, 0x80, 0x80, 0x80,
  0x17, 0x08, 0x05, 0x03, 0x35, 0x40, 0x48, 0x33,
  0x43, 0x43, 0x30, 0x43, 0x43, 0x33, 0x34, 0x33,
  0x34, 0x34, 0x43, 0x38, 0x34, 0x48, 0x48, 0x38,
  0x30, 0x80, 0x05, 0x88, 0x00, 0x85, 0x80, 0xD0,
  0xC3, 0x80, 0x80, 0x0D, 0x08, 0x0D, 0x08, 0x8C,
  0xC0, 0x08, 0x8C, 0xC0, 0x80, 0x0C, 0xC8, 0x80,
  0x8C, 0xC0, 0x80, 0xD0, 0x80, 0xD0, 0x80, 0x80,
  0x0C, 0x08, 0x08, 0x0E, 0x08, 0x08, 0x08, 0xF8,
  0xB3, 0x08, 0x08, 0x08, 0x80, 0x08, 0x80, 0x08,
  0x80, 0x08, 0x08, 0x08, 0x08, 0x08, 0x80, 0x80,
  0x80, 0x80, 0x80, 0x90, 0x00, 0x00, 0x00, 0x00,
  0x00, 0x00, 0x00, 0x00, 0x00, 0x00, 0x00, 0x00,
  0x00, 0x00, 0x00, 0x00, 0x00, 0x00, 0x00, 0x00,
  0x00, 0x00, 0x00, 0x00, 0x00, 0x00, 0x00, 0x00,
  0x00, 0xF0, 0xF2, 0xFF, 0x09, 0x88, 0x00, 0x88,
  0x00, 0x88, 0x00, 0x88, 0x00, 0x08, 0x08, 0x08,
  0x88, 0x80, 0x80, 0x90, 0x00, 0x00, 0x00, 0x00,
  0x70, 0x77, 0x07, 0x08, 0x08, 0x17, 0x08, 0x08,
  0x80, 0x07, 0x00, 0x88, 0x07, 0x08, 0x08, 0x04,
  0x08, 0x08, 0x78, 0x4B, 0x08, 0x08, 0x08, 0x08,
  0x08, 0x08, 0x08, 0xF8, 0x8A, 0x80, 0x9F, 0x00,
  0x0E, 0x88, 0x8B, 0xE0, 0xC0, 0x80, 0x0B, 0x8C,
  0xCB, 0x08, 0x8C, 0x8B, 0x8C, 0xBC, 0xC0, 0xB8,
  0xC8, 0xC8, 0xC0, 0xC0, 0x80, 0x0B, 0xC8, 0x08,
  0x0D, 0x08, 0xC8, 0x08, 0x08, 0x08, 0x87, 0x80,
  0x40, 0x80, 0x85, 0x03, 0x84, 0x34, 0x48, 0x30,
  0x43, 0x30, 0x34, 0x40, 0x03, 0x34, 0x03, 0x44,
  0x48, 0x38, 0x48, 0x83, 0x40, 0x48, 0x80, 0x48,
  0x80, 0x80, 0x50, 0x80, 0x80, 0x80, 0xF0, 0x08,
  0x08, 0x08, 0xF8, 0x80, 0x80, 0xD0, 0x08, 0x08,
  0x8D, 0x80, 0xD0, 0x80, 0x80, 0xD8, 0x80, 0x80,
  0xE8, 0x80, 0x80, 0x80, 0x0E, 0x08, 0x08, 0x08,
  0x88, 0x00, 0x88, 0xAF, 0x80, 0x80, 0x80, 0x80,
  0x80, 0x80, 0x80, 0x80, 0x80, 0x80, 0x80, 0x80,
  0x80, 0x08, 0x08, 0x08, 0x09, 0x00, 0x00, 0x00,
  0x00, 0x00, 0x70, 0x8A, 0xB7, 0x80, 0x80, 0x77,
  0x07, 0x8E, 0x40, 0x8B, 0x80, 0x80, 0x06, 0xC8,
  0x08, 0x80, 0x80, 0x08, 0x80, 0x08, 0x08, 0x80,
  0x08, 0x80, 0x08, 0x80, 0x08, 0x08, 0x08, 0x08,
  0x80, 0x80, 0xFF, 0xDF, 0x07, 0x8C, 0x00, 0xC8,
  0x08, 0x0D, 0x08, 0x8C, 0x80, 0x80, 0x80, 0x80,
  0x80, 0x80, 0xAF, 0xF0, 0x08, 0x08, 0x80, 0x08,
  0x80, 0x8F, 0x8C, 0x80, 0x00, 0x0E, 0x0C, 0x3B,
  0x8B, 0x8C, 0x0C, 0x0C, 0x88, 0x8B, 0x9F, 0x8D,
  0x8B, 0xAC, 0xA2, 0x8A, 0xB0, 0xFF, 0x07, 0x57,
  0x84, 0x81, 0x80, 0x08, 0x88, 0x88, 0x08, 0x80,
  0x01, 0x8B, 0x8F, 0x0B, 0x8B, 0x0B, 0x8D, 0x3B,
  0x73, 0x33, 0x01, 0x88, 0x08, 0x98, 0x89, 0x09,
  0x80, 0x19, 0x10, 0x12, 0xDA, 0xEB, 0xAC, 0xAB,
  0xAA, 0xBB, 0xC9, 0xC9, 0xAA, 0x9B, 0x8A, 0xAA,
  0xB8, 0x08, 0x0D, 0x8B, 0xB4, 0x03, 0x08, 0x08,
  0x08, 0x08, 0x08, 0x08, 0x37, 0x8F, 0x80, 0xB5,
  0x03, 0x8C, 0xC0, 0x08, 0x80, 0x85, 0x80, 0x0C,
  0x08, 0x88, 0x87, 0x03, 0x0C, 0x3C, 0x08, 0x48,
  0x80, 0x80, 0x80, 0x80, 0xF0, 0x83, 0x80, 0x00,
  0x8F, 0x80, 0x80, 0x05, 0x3C, 0x8B, 0x80, 0x80,
  0x80, 0x80, 0x80, 0x00, 0xB7, 0x0F, 0x83, 0x3C,
  0x4B, 0x83, 0x04, 0x8F, 0xA2, 0x04, 0x0A, 0x08,
  0x16, 0x80, 0x8C, 0x89, 0x17, 0x01, 0xAB, 0x89,
  0x07, 0x83, 0x0C, 0x0E, 0x00, 0x86, 0x01, 0x0A,
  0x8C, 0x88, 0x04, 0x84, 0x83, 0x09, 0x0E, 0x0D,
  0x8A, 0x03, 0x07, 0x04, 0x01, 0x88, 0x8B, 0x8F,
  0x8C, 0x0B, 0x0B, 0x8B, 0x8B, 0x0D, 0x8B, 0x9A,
  0x89, 0x08, 0x00, 0x80, 0x09, 0x08, 0x27, 0x27,
  0x07, 0x82, 0x81, 0x00, 0x18, 0x18, 0x08, 0x88,
  0x92, 0x85, 0x07, 0x05, 0x84, 0x04, 0x02, 0x82,
  0x82, 0x93, 0x84, 0x14, 0x23, 0x14, 0x11, 0x89,
  0xAC, 0x9D, 0x9D, 0x9C, 0x8C, 0x9B, 0x9B, 0x9B,
  0xAB, 0xAC, 0x9B, 0x8D, 0x9B, 0x99, 0x89, 0x09,
  0x89, 0x0A, 0x2A, 0x30, 0x73, 0x43, 0x35, 0x42,
  0x22, 0x20, 0x81, 0x89, 0xB0, 0x80, 0x80, 0x40,
  0x34, 0x73, 0x23, 0x34, 0x26, 0x22, 0x15, 0x23,
  0x23, 0x25, 0x22, 0x31, 0x24, 0x12, 0x12, 0x20,
  0x80, 0x80, 0x8F, 0xAA, 0x9D, 0xCA, 0xA9, 0xAA,
  0x9D, 0x9C, 0x9A, 0xAA, 0xBA, 0xBB, 0xC0, 0xB8,
  0xBC, 0xBC, 0xC0, 0x0B, 0x0C, 0x0C, 0xBB, 0x03,
  0x08, 0x08, 0x0F, 0x08, 0x03, 0x80, 0x8E, 0x80,
  0x00, 0x88, 0x00, 0x88, 0x3F, 0x80, 0x80, 0x07,
  0x08, 0x0D, 0x8B, 0xC8, 0x84, 0x03, 0x84, 0x00,
  0x88, 0x00, 0x06, 0x34, 0x03, 0x04, 0x8C, 0x8B,
  0x8C, 0x04, 0x03, 0x37, 0x04, 0x08, 0x0B, 0x8E,
  0xA9, 0x80, 0x20, 0x97, 0x03, 0x84, 0x82, 0x02,
  0x02, 0x17, 0x82, 0x0A, 0x8F, 0x0F, 0x8B, 0x0E,
  0x0C, 0x8B, 0x8B, 0x0C, 0x8C, 0x0B, 0x0B, 0x0B,
  0x0A, 0x89, 0x82, 0x01, 0x04, 0x05, 0x84, 0x83,
  0x93, 0x03, 0x24, 0x84, 0x04, 0x85, 0x04, 0x83,
  0x07, 0x04, 0x03, 0x86, 0x03, 0x84, 0x03, 0x04,
  0x03, 0x04, 0x83, 0x02, 0x00, 0x81, 0x09, 0x0A,
  0x8C, 0x89, 0x1F, 0x0C, 0x8B, 0x0D, 0x8C, 0x8A,
  0x0B, 0x8A, 0x2B, 0x1C, 0x8B, 0x0C, 0x9C, 0x8B,
  0x9C, 0x0A, 0x08, 0x88, 0x00, 0x03, 0x50, 0x08,
  0x04, 0x58, 0x48, 0x08, 0x83, 0x0C, 0xBC, 0xBB,
  0xDF, 0xA9, 0xBB, 0x9C, 0xAC, 0xAB, 0xCB, 0x9C,
  0xBB, 0xAB, 0x9D, 0xA9, 0x0A, 0x0B, 0x08, 0x08,
  0x04, 0x84, 0x34, 0x48, 0x83, 0x84, 0x43, 0x48,
  0x38, 0x03, 0x34, 0x40, 0x33, 0x34, 0x34, 0x43,
  0x16, 0x14, 0x14, 0x33, 0x53, 0x32, 0x24, 0x41,
  0x32, 0x32, 0x52, 0x21, 0x21, 0x82, 0x30, 0x3B,
  0x0C, 0xC8, 0xC0, 0xB8, 0xC0, 0xCB, 0xC0, 0xAD,
  0xAA, 0xAA, 0xBB, 0xC8, 0xC0, 0xC0, 0xB0, 0xB8,
  0x8C, 0x8B, 0xD0, 0xB3, 0xC4, 0xB3, 0x03, 0x08,
  0x08, 0x08, 0xF8, 0x03, 0x0D, 0x08, 0x08, 0x08,
  0x88, 0x47, 0x02, 0x83, 0x04, 0x08, 0x04, 0x08,
  0x08, 0x8E, 0x1F, 0x8D, 0x0C, 0x0E, 0x8B, 0x0D,
  0x0C, 0x8C, 0x8A, 0x0B, 0x0D, 0x0A, 0x0B, 0x0A,
  0x8A, 0x09, 0x08, 0x08, 0x08, 0x08, 0x03, 0x04,
  0x84, 0x97, 0x86, 0x02, 0x04, 0x85, 0x04, 0x83,
  0x86, 0x04, 0x03, 0x85, 0x03, 0x84, 0x84, 0x83,
  0x84, 0x02, 0x82, 0x82, 0x81, 0x01, 0x08, 0x0A,
  0x8A, 0x8D, 0x0C, 0x8E, 0x0A, 0x8C, 0x8B, 0x0D,
  0x0C, 0x8A, 0x8B, 0x0B, 0x0C, 0x0C, 0x8B, 0x89,
  0x8C, 0x89, 0x8A, 0x0B, 0x0C, 0x3B, 0x3C, 0x4B,
  0x08, 0x08, 0x85, 0x80, 0x80, 0x80, 0x00, 0x07,
  0x58, 0x08, 0x03, 0x08, 0x05, 0x08, 0x08, 0x86,
  0x80, 0x00, 0x88, 0xF0, 0x08, 0x08, 0x08, 0x08,
  0x07, 0x08, 0x84, 0x40, 0x80, 0x85, 0x84, 0x30,
  0xC8, 0x30, 0x0C, 0xC8, 0xC0, 0xB0, 0xBC, 0xCB,
  0xBB, 0xBF, 0xCA, 0xAB, 0x9C, 0xBC, 0xA9, 0x9C,
  0x9C, 0x9A, 0xAA, 0xA8, 0x8B, 0xC0, 0x8B, 0x80,
  0x0D, 0x08, 0x08, 0x05, 0x84, 0x40, 0x08, 0x84,
  0x34, 0x48, 0x33, 0x43, 0x43, 0x16, 0x14, 0x24,
  0x43, 0x32, 0x24, 0x33, 0x34, 0x43, 0x33, 0x14,
  0x23, 0x14, 0x14, 0x12, 0x22, 0x20, 0x03, 0x07,
  0xA1, 0x02, 0x08, 0x80, 0xC8, 0x80, 0xCC, 0xBB,
  0x8F, 0x9D, 0x9B, 0x8F, 0x0C, 0x9B, 0x0D, 0x8C,
  0x8B, 0x8C, 0x8B, 0x8B, 0x8C, 0x8B, 0x9B, 0xAA,
  0xA9, 0x89, 0x8D, 0x89, 0xA0, 0x08, 0x08, 0x84,
  0x84, 0x03, 0x07, 0x87, 0x03, 0x85, 0x04, 0x04,
  0x03, 0x85, 0x85, 0x03, 0x84, 0x84, 0x83, 0x84,
  0x02, 0x02, 0x02, 0x92, 0x02, 0x01, 0x8A, 0x00,
  0x8B, 0x0B, 0x8F, 0x8C, 0x8B, 0x1F, 0x0C, 0x9A,
  0x8A, 0x0B, 0x0C, 0x0C, 0x8B, 0x1B, 0x8C, 0x0C,
  0x0A, 0x8A, 0x8A, 0x0B, 0x8C, 0x80, 0x80, 0x8D,
  0x80, 0x0D, 0x08, 0x08, 0x08, 0xF8, 0x03, 0x08,
  0x08, 0x88, 0x0F, 0x88, 0x00, 0x88, 0x00, 0x88,
  0x00, 0x88, 0x00, 0xDF, 0x08, 0x80, 0x80, 0x08,
  0x80, 0x08, 0x80, 0xB7, 0x17, 0x00, 0x88, 0x00,
  0x17, 0x08, 0x08, 0x08, 0x07, 0x80, 0x80, 0x07,
  0x08, 0x88, 0x00, 0x88, 0x00, 0x88, 0x00, 0x88,
  0x00, 0x08, 0x08, 0x08, 0x08, 0x88, 0x80, 0x80,
  0x70, 0x77, 0x72, 0x81, 0x80, 0x06, 0x08, 0x08,
  0x08, 0x8F, 0xC0, 0x80, 0xC0, 0xB8, 0xC8, 0xBC,
  0xB0, 0xAD, 0xBB, 0xBC, 0xF0, 0x98, 0xAA, 0xAB,
  0xB8, 0x8B, 0xCC, 0x80, 0xC0, 0x08, 0x08, 0xD8,
  0x03, 0x08, 0x68, 0x80, 0x80, 0x05, 0x08, 0x3D,
  0x8B, 0x40, 0x1F, 0x1B, 0x3A, 0x1E, 0x4B, 0x1B,
  0x19, 0x3A, 0x6B, 0x3B, 0x29, 0x6B, 0x19, 0x10,
  0x3A, 0x38, 0x30, 0x3C, 0x40, 0x08, 0x58, 0x48,
  0x08, 0x87, 0x82, 0x94, 0x96, 0x95, 0x84, 0x83,
  0x94, 0x85, 0x93, 0x84, 0x84, 0x82, 0x83, 0x94,
  0x84, 0x92, 0x93, 0x92, 0x01, 0x91, 0x08, 0x8A,
  0x0B, 0x8F, 0x89, 0x0D, 0x8B, 0x9C, 0x8A, 0x0F,
  0x8A, 0x9B, 0x89, 0x0E, 0x0B, 0x0A, 0x0C, 0x0A,
  0x0A, 0x0B, 0x8B, 0x8B, 0x0C, 0x8C, 0x80, 0x8C,
  0x80, 0x80, 0x80, 0x8F, 0x80, 0x80, 0x00, 0x88,
  0x00, 0x08, 0x88, 0x00, 0x88, 0x00, 0x88, 0x00,
  0x08, 0x08, 0x08, 0x88, 0x80, 0x80, 0x77, 0x77,
  0x08, 0x08, 0x08, 0x08, 0x08, 0x08, 0x08, 0x08,
  0x08, 0x08, 0x08, 0x80, 0x80, 0xFF, 0x9F, 0x80,
  0x08, 0x9F, 0x88, 0x00, 0xF8, 0x09, 0x80, 0x08,
  0x8F, 0x80, 0x8C, 0x00, 0x88, 0x0E, 0x08, 0x08,
  0x08, 0x08, 0x08, 0x08, 0xB7, 0x86, 0x80, 0x85,
  0x00, 0x03, 0x68, 0x08, 0x84, 0x03, 0x84, 0x40,
  0x08, 0x84, 0x04, 0x88, 0x04, 0x08, 0x04, 0x58,
  0x08, 0x08, 0x04, 0x84, 0x80, 0x85, 0x03, 0x84,
  0x04, 0x83, 0x04, 0x08, 0x3D, 0x8B, 0x0C, 0x8F,
  0x0C, 0xAB, 0x8C, 0x9F, 0x99, 0x0D, 0x0C, 0x9B,
  0x9B, 0x8D, 0x8C, 0x9A, 0x9B, 0x8D, 0x0B, 0x8C,
  0x9A, 0x9A, 0x9B, 0x8B, 0x0C, 0x0A, 0x8A, 0xB0,
  0x83, 0x04, 0x07, 0x03, 0x17, 0x83, 0x16, 0x84,
  0x04, 0x04, 0x04, 0x04, 0x03, 0x04, 0x13, 0x04,
  0x13, 0x23, 0x14, 0x22, 0x13, 0x33, 0x13, 0x22,
  0x22, 0x20, 0x40, 0x08, 0x3C, 0x8B, 0x0C, 0x0C,
  0x8F, 0x9B, 0x0D, 0x8B, 0x8D, 0x8A, 0xAB, 0x0C,
  0x8C, 0x0B, 0xAC, 0xA9, 0xAA, 0x0E, 0x9A, 0x8A,
  0xBA, 0xB0, 0x0C, 0x8B, 0xC8, 0xC0, 0xB8, 0x88,
  0x8C, 0xD0, 0x08, 0x08, 0xD8, 0x08, 0x8C, 0xB4,
  0x08, 0x08, 0x80, 0x08, 0x08, 0x80, 0x08, 0x80,
  0x08, 0x08, 0x77, 0x4D, 0x3B, 0x4B, 0x08, 0x08,
  0x8D, 0xB4, 0xB3, 0x84, 0xC0, 0x83, 0x00, 0x88,
  0xF0, 0x80, 0x80, 0x80, 0x80, 0x0F, 0x83, 0xD0,
  0x80, 0x80, 0x80, 0x8D, 0x80, 0x80, 0x80, 0x80,
  0x80, 0x00, 0x88, 0x00, 0x08, 0x08, 0x08, 0x08,
  0x77, 0x84, 0x00, 0x08, 0x88, 0x37, 0x0F, 0x03,
  0x08, 0x08, 0x06, 0x08, 0x08, 0x86, 0x80, 0x80,
  0x86, 0x80, 0x80, 0x05, 0x03, 0x08, 0x05, 0x08,
  0x85, 0x80, 0x80, 0x80, 0x0F, 0x08, 0x8C, 0x8B,
  0x8C, 0x0C, 0x8F, 0x89, 0x1F, 0x1C, 0x8B, 0x8A,
  0x8C, 0x8A, 0x8B, 0x0E, 0x0B, 0x8B, 0x8B, 0x8C,
  0x0C, 0x8C, 0x09, 0x2A, 0x0B, 0x80, 0x08, 0x04,
  0x84, 0x84, 0x07, 0x83, 0x87, 0x03, 0x85, 0x03,
  0x85, 0x94, 0x03, 0x94, 0x94, 0x94, 0x02, 0x82,
  0x92, 0x93, 0x82, 0xA2, 0xA2, 0xB8, 0xC0, 0xC0,
  0xBA, 0xCB, 0xBB, 0xDB, 0x8D, 0x9C, 0x0C, 0x0C,
  0xAB, 0x8B, 0x0A, 0x0E, 0x0C, 0x89, 0x2A, 0x0A,
  0x08, 0x48, 0x48, 0x3B, 0x43, 0x78, 0x10, 0x42,
  0x48, 0x11, 0x42, 0x12, 0x14, 0x42, 0x12, 0x22,
  0x32, 0x42, 0x32, 0x30, 0x04, 0x03, 0x04, 0x08,
  0x04, 0x08, 0x0E, 0x08, 0xC8, 0x08, 0x8C, 0x0C,
  0xC8, 0xC0, 0xC0, 0xB0, 0xB8, 0xC8, 0x0C, 0xB8,
  0x8C, 0x8B, 0x8C, 0xD0, 0xB0, 0x08, 0x0D, 0xC8,
  0x80, 0x8B, 0x80, 0x8D, 0xC0, 0x08, 0x08, 0x0E,
  0x08, 0x08, 0x8D, 0x80, 0x80, 0x8D, 0x80, 0x80,
  0x80, 0x80, 0x80, 0x80, 0x80, 0x00, 0x08, 0x08,
  0x08, 0x77, 0x02, 0x08, 0xB7, 0x05, 0x08, 0x85,
  0x80, 0x80, 0x86, 0x80, 0x40, 0x80, 0x80, 0x86,
  0x80, 0x04, 0x08, 0x04, 0x84, 0x80, 0x40, 0x80,
  0xB5, 0x80, 0x08, 0x80, 0xF8, 0x80, 0x0C, 0x8C,
  0x8E, 0x89, 0x8D, 0x8B, 0xAC, 0x0C, 0x0C, 0x0E,
  0x9A, 0x8A, 0x9B, 0x0C, 0x8D, 0x8A, 0x8C, 0x8A,
  0x8B, 0x89, 0x0D, 0x8A, 0x0A, 0x08, 0x3B, 0x80,
  0x05, 0x03, 0x17, 0x87, 0x02, 0x86, 0x83, 0x04,
  0x84, 0x04, 0x83, 0x05, 0x02, 0x03, 0x04, 0x03,
  0x04, 0x83, 0x84, 0x83, 0x83, 0x01, 0x82, 0x83,
  0x80, 0x08, 0x80, 0x08, 0x0F, 0x0C, 0x8B, 0x8F,
  0x89, 0x8C, 0x89, 0x0D, 0x8C, 0x99, 0xAA, 0xAB,
  0xBB, 0xBC, 0x0F, 0x0C, 0x8B, 0x8B, 0xAA, 0xAB,
  0xAC, 0xBB, 0xBC, 0x0B, 0xCC, 0xBA, 0xCB, 0xBB,
  0x80, 0xCC, 0xC0, 0x8A, 0x0B, 0x8C, 0xC0, 0xB8,
  0x08, 0x08, 0x08, 0x08, 0x08, 0x78, 0x02, 0x46,
  0x83, 0x70, 0x20, 0x22, 0x32, 0x17, 0x12, 0x24,
  0x41, 0x12, 0x52, 0x11, 0x22, 0x24, 0x12, 0x23,
  0x33, 0x04, 0x33, 0x40, 0x40, 0x08, 0x58, 0x8B,
  0x80, 0x80, 0x80, 0x80, 0xF0, 0x09, 0x0D, 0x8C,
  0x0B, 0x8C, 0xC0, 0xB8, 0xC8, 0xC0, 0xB8, 0xC8,
  0x08, 0x0D, 0xB8, 0x88, 0x00, 0x0F, 0xB8, 0x80,
  0x08, 0x80, 0x08, 0x08, 0x80, 0x08, 0xB7, 0x07,
  0x08, 0x58, 0x80, 0x80, 0x85, 0x80, 0x00, 0x88,
  0x07, 0x0C, 0x08, 0x08, 0x08, 0x0E, 0x8B, 0x8C,
  0x1F, 0x8B, 0x8C, 0x9A, 0x0B, 0x9F, 0x0B, 0x0C,
  0x0C, 0x8B, 0x8D, 0x8A, 0x8B, 0x0C, 0x1E, 0x8A,
  0x0B, 0x0A, 0x8C, 0x89, 0x00, 0x8B, 0x80, 0x80,
  0x05, 0x03, 0x17, 0x04, 0x84, 0x86, 0x84, 0x03,
  0x05, 0x03, 0x03, 0x05, 0x84, 0x04, 0x93, 0x85,
  0x02, 0x93, 0x03, 0x02, 0x01, 0x82, 0x83, 0x08,
  0x80, 0x08, 0x80, 0x0F, 0x0C, 0x8B, 0x8B, 0x0C,
  0x8F, 0x8A, 0x8A, 0x2E, 0x8C, 0x09, 0x8A, 0x8A,
  0x8A, 0x8B, 0x8C, 0x0C, 0x3C, 0x8B, 0x0C, 0x08,
  0x0D, 0x08, 0x08, 0x08, 0x08, 0x08, 0x08, 0x88,
  0x00, 0x47, 0x08, 0x08, 0x78, 0x5B, 0x80, 0x40,
  0x08, 0x08, 0x80, 0x08, 0x08, 0xF0, 0x0A, 0x8E,
  0x80, 0x0C, 0xC8, 0x0C, 0x0C, 0xBB, 0xC8, 0xC0,
  0xC0, 0xBA, 0xCB, 0xC0, 0xBA, 0x8B, 0xBC, 0x0C,
  0xCB, 0x0B, 0xBC, 0x0B, 0x0D, 0x8B, 0xC0, 0xC0,
  0x08, 0x0C, 0x08, 0x08, 0x08, 0x78, 0x80, 0x84,
  0x03, 0x34, 0x84, 0x17, 0x12, 0x22, 0x15, 0x22,
  0x52, 0x21, 0x14, 0x22, 0x24, 0x42, 0x12, 0x32,
  0x05, 0x84, 0x84, 0x12, 0x02, 0x32, 0x02, 0x08,
  0x04, 0x84, 0x80, 0x80, 0xB6, 0xB3, 0x08, 0x8D,
  0xC0, 0xB8, 0xC8, 0xB8, 0xBD, 0x0B, 0x8F, 0x0D,
  0x8B, 0x8B, 0x0F, 0x0B, 0x9B, 0xAB, 0x9C, 0x0C,
  0x9C, 0x0B, 0x0E, 0x0C, 0x8A, 0x9A, 0x0B, 0x8C,
  0x0B, 0xAA, 0x0B, 0x0B, 0x0C, 0x0C, 0x08, 0x08,
  0x04, 0x84, 0x84, 0x07, 0x85, 0x04, 0x83, 0x85,
  0x04, 0x83, 0x85, 0x84, 0x03, 0x02, 0x85, 0x83,
  0x03, 0x03, 0x85, 0x02, 0x81, 0x84, 0x01, 0x82,
  0x08, 0x80, 0x8B, 0x80, 0x0D, 0x0C, 0x0C, 0x8B,
  0x8B, 0x8F, 0x8A, 0x0E, 0x0A, 0xAA, 0x8A, 0x8A,
  0x8F, 0x89, 0x0A, 0x0B, 0x0C, 0x8B, 0x8B, 0x8C,
  0x80, 0x8C, 0x80, 0x8D, 0x80, 0x80, 0x0E, 0x08,
  0x08, 0x08, 0x08, 0x08, 0x08, 0x88, 0x00, 0x88,
  0x00, 0x88, 0xB7, 0x47, 0x80, 0x80, 0x08, 0x17,
  0x80, 0x00, 0x88, 0x00, 0x27, 0x08, 0x08, 0x08,
  0x78, 0x02, 0x08, 0x88, 0x00, 0x88, 0x37, 0x00,
  0x08, 0x08, 0x27, 0x80, 0x80, 0x80, 0x00, 0x88,
  0x00, 0xFF, 0x80, 0x8D, 0x80, 0x0D, 0x08, 0xD8,
  0xC0, 0x80, 0x0C, 0x8B, 0x0C, 0x0C, 0xAC, 0xB8,
  0xC0, 0xB8, 0xC8, 0xC8, 0x8B, 0x8B, 0xBD, 0x08,
  0x0D, 0x8B, 0xD0, 0x80, 0xD0, 0x80, 0x80, 0x80,
  0x80, 0x80, 0x70, 0x00, 0x84, 0x40, 0x40, 0x48,
  0x48, 0x38, 0x03, 0x34, 0x30, 0x50, 0x48, 0x30,
  0x6C, 0x39, 0x49, 0x19, 0x3A, 0x38, 0x3B, 0x1F,
  0x2A, 0x0A, 0x3B, 0x1F, 0x2C, 0x1C, 0x2B, 0x0C,
  0x0A, 0x8C, 0x89, 0x8A, 0x8A, 0x0B, 0xC8, 0x08,
  0x80, 0xB5, 0x84, 0x84, 0x84, 0x96, 0x05, 0x02,
  0x95, 0x85, 0x83, 0x03, 0x04, 0x03, 0x83, 0x86,
  0x83, 0x94, 0x83, 0x03, 0x01, 0x82, 0x83, 0x80,
  0x80, 0x80, 0x0E, 0x08, 0x0D, 0x08, 0x8F, 0x2A,
  0x8A, 0x8E, 0x89, 0x0A, 0x0E, 0x0A, 0x8A, 0x0A,
  0x8B, 0x8B, 0x8C, 0x8B, 0x0D, 0x88, 0x0C, 0x8C,
  0x4B, 0x0C, 0x08, 0x08, 0x0D, 0x08, 0x08, 0x08,
  0x08, 0x08, 0x9F, 0x00, 0x88, 0x00, 0x88, 0x80,
  0x00, 0x88, 0x00, 0x88, 0x00, 0x88, 0x80, 0x80,
  0x80, 0xF0, 0x83, 0x00, 0x08, 0xFF, 0x8F, 0x08,
  0x08, 0x08, 0x08, 0x08, 0x08, 0x08, 0xFF, 0x04,
  0x8D, 0x00, 0x88, 0x00, 0x88, 0x00, 0x88, 0x00,
  0x88, 0x00, 0x88, 0x00, 0x88, 0xFF, 0x8B, 0x70,
  0x01, 0x08, 0x08, 0x80, 0x17, 0x80, 0x00, 0x78,
  0x00, 0x80, 0x06, 0x48, 0x08, 0x84, 0x00, 0x84,
  0x04, 0x08, 0x04, 0x84, 0x84, 0x80, 0x04, 0x08,
  0x04, 0x08, 0x08, 0x08, 0x08, 0x9F, 0xD0, 0x08,
  0x8C, 0x8B, 0xCC, 0xB0, 0xBC, 0xCB, 0xCA, 0xBA,
  0x8F, 0x0D, 0x9B, 0x9B, 0xAB, 0x9D, 0x8D, 0xAB,
  0xAA, 0x8B, 0x8F, 0x0B, 0x0D, 0x8B, 0x8A, 0x8A,
  0x0C, 0x8B, 0xAA, 0x80, 0x0B, 0x48, 0x80, 0x04,
  0x43, 0x43, 0x26, 0x15, 0x13, 0x15, 0x05, 0x14,
  0x04, 0x13, 0x14, 0x13, 0x05, 0x13, 0x04, 0x13,
  0x04, 0x13, 0x12, 0x13, 0x23, 0x22, 0x82, 0x87,
  0x80, 0x82, 0x80, 0x8A, 0x00, 0x0D, 0xBB, 0x0C,
  0x0C, 0x8E, 0x8B, 0x8C, 0x0C, 0x8C, 0x0B, 0x8C,
  0xA9, 0xAA, 0xBB, 0x8B, 0xBC, 0x8B, 0xCC, 0x0B,
  0x0C, 0x0C, 0x0B, 0x8C, 0x00, 0x8C, 0xC0, 0x08,
  0x08, 0x8D, 0x80, 0x80, 0xE0, 0x03, 0x08, 0x88,
  0x00, 0x08, 0x88, 0x00, 0x3F, 0x0F, 0x88, 0x04,
  0x08, 0x08, 0x08, 0x08, 0x80, 0x08, 0x80, 0x08,
  0x80, 0x80, 0x80, 0x80, 0x80, 0x08, 0x08, 0x08,
  0x08, 0x08, 0x08, 0x00, 0x00, 0x00, 0x00, 0x00,
  0xF0, 0xFF, 0x8F, 0x80, 0x80, 0xF0, 0x0A, 0x08,
  0x08, 0x08, 0x80, 0x08, 0xCF, 0x80, 0x80, 0x08,
  0x08, 0x37, 0x08, 0x88, 0x00, 0x27, 0x08, 0x07,
  0x08, 0x88, 0x86, 0x00, 0x03, 0x85, 0x80, 0x85,
  0x84, 0x80, 0x84, 0x80, 0x04, 0x0C, 0x83, 0x80,
  0x80, 0x80, 0x0F, 0x88, 0x00, 0x0E, 0x0C, 0x8B,
  0x8B, 0x8C, 0x0C, 0x0C, 0x1F, 0x8B, 0x2C, 0x0C,
  0x0C, 0x0A, 0x0E, 0x89, 0x8A, 0x8B, 0x0C, 0x0A,
  0x0D, 0x0C, 0x89, 0x0C, 0x0A, 0xA8, 0x0A, 0x08,
  0xC8, 0xB3, 0x84, 0x80, 0x85, 0x97, 0x93, 0x96,
  0x94, 0x94, 0x93, 0x94, 0x94, 0x83, 0x93, 0x03,
  0x03, 0xA5, 0x94, 0xA3, 0x94, 0x01, 0x08, 0x82,
  0x80, 0x80, 0x80, 0x60, 0x8B, 0x3C, 0x80, 0x80,
  0x80, 0x70, 0x80, 0x40, 0x3C, 0x30, 0x40, 0x40,
  0x48, 0x48, 0x38, 0x48, 0x30, 0x48, 0x43, 0x48,
  0x38, 0x30, 0x80, 0x05, 0x48, 0x08, 0x40, 0x08,
  0x08, 0x80, 0x08, 0x80, 0xF8, 0x89, 0x80, 0x8F,
  0xC0, 0xC0, 0x08, 0x08, 0x8C, 0x0C, 0xC8, 0xC0,
  0x80, 0x0C, 0xB8, 0x08, 0x8D, 0xC0, 0x80, 0xC8,
  0x80, 0xD0, 0x08, 0x8C, 0x80, 0xD0, 0x08, 0x08,
  0x0D, 0x08, 0x88, 0x00, 0x8F, 0x80, 0x80, 0x00,
  0x08, 0x8F, 0x80, 0x80, 0x08, 0x80, 0x08, 0x80,
  0x08, 0x80, 0x08, 0x08, 0x08, 0x08, 0x08, 0x80,
  0x77, 0x07, 0x08, 0x07, 0x88, 0x00, 0xC5, 0x03,
  0x03, 0xB4, 0x03, 0x85, 0x00, 0x84, 0x80, 0x05,
  0x08, 0x08, 0xB5, 0x84, 0x80, 0x80, 0x80, 0x08,
  0x08, 0x9F, 0xE0, 0x80, 0x0C, 0x8B, 0x0C, 0x0C,
  0xAC, 0x8B, 0x8B, 0x8F, 0x8D, 0x0B, 0x1C, 0x8B,
  0x0D, 0x8B, 0x8C, 0x8B, 0x0A, 0x0E, 0x0C, 0x8B,
  0x89, 0x0A, 0x0B, 0x0C, 0x3B, 0x8B, 0x80, 0x80,
  0x80, 0x07, 0x07, 0x04, 0x03, 0x04, 0x14, 0x06,
  0x83, 0x85, 0x13, 0x84, 0x84, 0x04, 0x83, 0x85,
  0x82, 0x03, 0x02, 0x02, 0x84, 0x82, 0x82, 0x83,
  0x80, 0x80, 0xB5, 0x08, 0x8C, 0xCB, 0xB8, 0x8C,
  0x8F, 0xA9, 0xAA, 0xBB, 0x8E, 0x9A, 0xAB, 0xBB,
  0x8F, 0x0C, 0x0C, 0x8B, 0xA9, 0xAA, 0x0B, 0x8F,
  0x99, 0x8A, 0xBA, 0xB0, 0xC8, 0xC0, 0xC0, 0x80,
  0x0B, 0x08, 0x08, 0x08, 0x08, 0x07, 0x80, 0x86,
  0x84, 0x03, 0x43, 0x03, 0x34, 0x24, 0x24, 0x33,
  0x34, 0x43, 0x33, 0x03, 0x37, 0x38, 0x32, 0x43,
  0x38, 0x84, 0x24, 0x80, 0x84, 0x40, 0x08, 0x48,
  0x80, 0x80, 0x08, 0x80, 0x08, 0x9F, 0xD0, 0x80,
  0xD0, 0x80, 0x0C, 0x8B, 0xD0, 0x80, 0x8B, 0x8C,
  0xD0, 0x80, 0xC0, 0x08, 0xC8, 0xC8, 0xB4, 0x80,
  0x80, 0x08, 0x8D, 0x80, 0x80, 0xB6, 0x08, 0x04,
  0x08, 0x08, 0xB6, 0x03, 0x08, 0x08, 0x87, 0x80,
  0x04, 0x08, 0x08, 0xB5, 0x48, 0x80, 0x80, 0x8D,
  0x80, 0x00, 0x08, 0x8F, 0x80, 0x8C, 0x0C, 0x0C,
  0x0C, 0x8E, 0x89, 0x0A, 0x0E, 0x9A, 0x8A, 0x0D,
  0x8C, 0x0B, 0x8C, 0xA9, 0x8A, 0x8D, 0x0C, 0x0C,
  0x0A, 0x8A, 0x0D, 0x0A, 0x08, 0x0B, 0x88, 0x00,
  0x88, 0x87, 0x03, 0x03, 0x07, 0x83, 0x07, 0x83,
  0x86, 0x03, 0x02, 0x04, 0x84, 0x04, 0x83, 0x85,
  0x02, 0x93, 0x05, 0x82, 0x01, 0x83, 0x02, 0x82,
  0x80, 0x84, 0x80, 0x80, 0x00, 0x88, 0x00, 0x9F,
  0x3C, 0x8B, 0x0D, 0x08, 0x0D, 0x3C, 0x8B, 0x80,
  0x0C, 0x8C, 0x80, 0x8C, 0x3C, 0x8B, 0x80, 0xE0,
  0x03, 0x8C, 0x80, 0x8C, 0x80, 0x00, 0xF8, 0x80,
  0x80, 0x8C, 0xD0, 0xB3, 0xC8, 0x80, 0x0C, 0x0C,
  0xB8, 0xC8, 0xC8, 0xC0, 0x80, 0x8B, 0xCC, 0xC0,
  0xB0, 0xB8, 0xC8, 0xB8, 0x0D, 0xC8, 0xB0, 0xC8,
  0xC0, 0x80, 0x0C, 0xB8, 0xC8, 0x08, 0x08, 0x8D,
  0x80, 0x80, 0x80, 0x80, 0x80, 0x17, 0x60, 0x80,
  0x84, 0x40, 0x30, 0x40, 0x53, 0x38, 0x30, 0x34,
  0x40, 0x83, 0x44, 0x02, 0x33, 0x04, 0x43, 0x80,
  0x34, 0x04, 0x83, 0x04, 0x03, 0x04, 0x08, 0x04,
  0x08, 0x05, 0x08, 0x08, 0x86, 0x80, 0x80, 0x80,
  0x80, 0x00, 0x08, 0x88, 0x00, 0xDF, 0xE8, 0x80,
  0x80, 0x0D, 0x0C, 0xB8, 0x88, 0x8C, 0x8F, 0x0B,
  0x0B, 0x0F, 0x0A, 0x8A, 0x0D, 0x0C, 0x0C, 0x8B,
  0x8B, 0x0A, 0x8E, 0x0B, 0x8C, 0x8B, 0x1C, 0x0C,
  0x8C, 0x09, 0x8A, 0x0A, 0x8B, 0x8B, 0x08, 0x08,
  0x80, 0x07, 0x04, 0x07, 0x01, 0x04, 0x84, 0x84,
  0x86, 0x03, 0x02, 0x04, 0x84, 0x04, 0x83, 0x03,
  0x85, 0x83, 0x03, 0x03, 0x04, 0x01, 0x02, 0x83,
  0x84, 0x80, 0x80, 0x80, 0x80, 0x80, 0x8F, 0x08,
  0x0E, 0x0C, 0x08, 0x0C, 0x0C, 0x8B, 0x8B, 0x0C,
  0x08, 0x8D, 0x8B, 0x8C, 0x80, 0x0D, 0x0C, 0x08,
  0x8C, 0x80, 0x8C, 0x80, 0x80, 0x80, 0x8F, 0x00,
  0x08, 0x88, 0x8E, 0x80, 0x80, 0x00, 0x88, 0x00,
  0x88, 0x37, 0x08, 0x8F, 0x08, 0x85, 0x80, 0x8C,
  0x04, 0x08, 0x08, 0x08, 0x80, 0x08, 0x80, 0x08,
  0x80, 0x08, 0x08, 0x3F, 0xBF, 0x80, 0x80, 0x80,
  0x00, 0xBF, 0x88, 0x80, 0x80, 0xAF, 0x08, 0x08,
  0x08, 0x88, 0xBF, 0x08, 0x80, 0x08, 0x80, 0xCF,
  0x80, 0x08, 0x17, 0x88, 0x00, 0x88, 0x00, 0x08,
  0x88, 0x00, 0x88, 0x77, 0x08, 0x05, 0x08, 0x85,
  0x80, 0x80, 0x86, 0x80, 0x04, 0x08, 0x04, 0x08,
  0x85, 0x80, 0x85, 0x80, 0x80, 0x80, 0x80, 0x80,
  0x80, 0x80, 0xAF, 0x88, 0x00, 0x9F, 0x8D, 0x8B,
  0x0C, 0x0D, 0x8B, 0x8F, 0x89, 0x0A, 0x0E, 0x0A,
  0x8C, 0x8B, 0x8C, 0x0C, 0x8C, 0x09, 0x8C, 0x89,
  0x0D, 0x0A, 0x0A, 0x0B, 0x0B, 0x0C, 0x88, 0x80,
  0x05, 0x08, 0x04, 0x84, 0x07, 0x84, 0x03, 0x84,
  0x06, 0x82, 0x04, 0x02, 0x04, 0x84, 0x04, 0x82,
  0x83, 0x05, 0x81, 0x85, 0x01, 0x81, 0x82, 0x82,
  0x83, 0x80, 0x08, 0x80, 0x08, 0x80, 0x08, 0x9F,
  0x80, 0x8E, 0x8B, 0x0C, 0x08, 0x8D, 0x8B, 0x8C,
  0x80, 0x0D, 0x08, 0x0D, 0x8B, 0x08, 0x0D, 0x8C,
  0x00, 0x88, 0x8C, 0x80, 0x80, 0x0F, 0x08, 0x08,
  0x8D, 0x80, 0x80, 0x80, 0x80, 0x80, 0x80, 0x80,
  0xBF, 0x08, 0x08, 0x08, 0x80, 0x08, 0x80, 0x08,
  0x77, 0x81, 0xF0, 0x88, 0x80, 0x80, 0x00, 0x88,
  0x00, 0x88, 0x00, 0x88, 0x00, 0x88, 0x00, 0x08,
  0xFF, 0x8D, 0x80, 0x80, 0x80, 0x00, 0x88, 0xDF,
  0x08, 0x08, 0x08, 0x08, 0x08, 0x08, 0xEF, 0x80,
  0x80, 0x80, 0x80, 0x08, 0x80, 0x47, 0x08, 0x08,
  0x80, 0x70, 0x82, 0x80, 0x80, 0x17, 0x80, 0x06,
  0x88, 0x00, 0x85, 0x00, 0x04, 0x08, 0x05, 0x08,
  0x85, 0x80, 0x80, 0x80, 0x87, 0x80, 0x00, 0x88,
  0x00, 0x8F, 0x80, 0x8C, 0x80, 0x0D, 0x0C, 0x0C,
  0x8B, 0x8B, 0x0C, 0x8F, 0x8A, 0x0D, 0x8C, 0x09,
  0x8C, 0x0C, 0x89, 0x8C, 0x89, 0x8C, 0x2C, 0x0C,
  0x0A, 0x0D, 0x89, 0x0A, 0x0A, 0x88, 0x00, 0x88,
  0x00, 0x86, 0x84, 0x84, 0x33, 0x84, 0x07, 0x83,
  0x87, 0x02, 0x03, 0x83, 0x06, 0x82, 0x04, 0x02,
  0x04, 0x81, 0x03, 0x04, 0x03, 0x82, 0x83, 0x03,
  0x84, 0x80, 0x85, 0x80, 0x0C, 0x08, 0x08, 0x8D,
  0x80, 0x0D, 0x08, 0x0D, 0x0C, 0x08, 0x0C, 0x8B,
  0x0C, 0x8C, 0x00, 0x0D, 0x8B, 0x00, 0x88, 0x0D,
  0x8C, 0x80, 0x3C, 0x0C, 0x08, 0x08, 0x0E, 0x08,
  0x08, 0x08, 0x08, 0x8F, 0x80, 0x80, 0x80, 0x80,
  0x80, 0x08, 0x80, 0x08, 0x80, 0x80, 0x80, 0x80,
  0x80, 0x08, 0x08, 0x08, 0x08, 0x08, 0x08, 0x00,
  0x00, 0x00, 0x00, 0x00, 0x00, 0x00, 0x00, 0xFF,
  0xFF, 0x08, 0x08, 0x08, 0xAF, 0x86, 0xC0, 0x80,
  0x80, 0x80, 0x80, 0x80, 0x80, 0x80, 0x80, 0xBF,
  0x07, 0x08, 0x0D, 0x83, 0x80, 0x80, 0x80, 0x80,
  0x80, 0x80, 0x37, 0x0F, 0x83, 0x80, 0x05, 0x08,
  0x84, 0x80, 0x05, 0x08, 0x08, 0x05, 0x08, 0x08,
  0x86, 0x80, 0x85, 0x80, 0x80, 0x80, 0x80, 0x07,
  0x0C, 0x08, 0x08, 0x8D, 0x80, 0x0C, 0x8C, 0x8B,
  0x8C, 0x0C, 0x0C, 0x8F, 0x89, 0x0C, 0x0C, 0x0A,
  0x8C, 0x89, 0x8C, 0x0C, 0x0A, 0x8D, 0x99, 0x8A,
  0x8A, 0x8A, 0x8B, 0x8C, 0x0C, 0x08, 0x0D, 0x08,
  0x84, 0x80, 0x85, 0x03, 0x07, 0x04, 0x01, 0x04,
  0x06, 0x82, 0x03, 0x05, 0x02, 0x05, 0x82, 0x05,
  0x82, 0x83, 0x03, 0x84, 0x02, 0x82, 0x83, 0x03,
  0x84, 0x84, 0x80, 0x80, 0x80, 0x00, 0x08, 0x9F,
  0x80, 0x8D, 0x80, 0x8C, 0x8C, 0x80, 0x0D, 0x0C,
  0x08, 0x8C, 0x8B, 0x8C, 0x80, 0x0D, 0x08, 0x0D,
  0x08, 0x8C, 0x80, 0x8C, 0x80, 0x00, 0x88, 0x0F,
  0x03, 0x0D, 0x08, 0x08, 0x88, 0x80, 0x00, 0x88,
  0x00, 0x88, 0x00, 0x08, 0x08, 0x08, 0x08, 0x88,
  0xFF, 0x85, 0x8F, 0x84, 0x00, 0x08, 0x88, 0x8E,
  0x80, 0x80, 0x00, 0x88, 0x00, 0x88, 0x00, 0x88,
  0x80, 0x80, 0xFF, 0x09, 0x08, 0x08, 0x08, 0x08,
  0xCF, 0x86, 0x80, 0x0C, 0x08, 0x08, 0x88, 0x80,
  0x00, 0x88, 0x00, 0x88, 0x80, 0x80, 0x80, 0x80,
  0x00, 0x77, 0x06, 0x88, 0x00, 0x17, 0x08, 0x86,
  0x80, 0x80, 0x86, 0x84, 0x80, 0x80, 0x85, 0x80,
  0x80, 0x05, 0x08, 0x08, 0x85, 0x00, 0x88, 0x0E,
  0x08, 0x08, 0x0E, 0x08, 0x8C, 0x80, 0x8C, 0x0C,
  0x0C, 0x8B, 0x8C, 0x8F, 0x89, 0x8C, 0x89, 0x0D,
  0x8C, 0x09, 0x0D, 0x89, 0x0C, 0x8B, 0x0A, 0x8D,
  0x89, 0x0A, 0x0B, 0x0C, 0x08, 0x0C, 0x08, 0x08,
  0x08, 0x86, 0x04, 0x83, 0x04, 0x07, 0x01, 0x04,
  0x86, 0x83, 0x03, 0x03, 0x87, 0x83, 0x83, 0x05,
  0x02, 0x02, 0x84, 0x03, 0x82, 0x83, 0x83, 0x84,
  0x84, 0x03, 0x08, 0x08, 0x05, 0x88, 0x8C, 0x80,
  0x80, 0x0F, 0x08, 0x8C, 0x80, 0x8C, 0x0C, 0x0C,
  0x8B, 0x8C, 0x00, 0x0D, 0x08, 0x8C, 0x80, 0x8C,
  0x0C, 0x08, 0x0D, 0x08, 0x08, 0x8D, 0x80, 0x80,
  0x80, 0x80, 0x80, 0x80, 0x80, 0x00, 0x88, 0x00,
  0x88, 0x00, 0x08, 0x08, 0x08, 0x88, 0x80, 0x80,
  0x90, 0x00, 0x00, 0x00, 0x00, 0x00, 0xFF, 0x04,
  0xFF, 0x88, 0x80, 0x08, 0x80, 0xAF, 0x80, 0x08,
  0x80, 0x08, 0x80, 0x08, 0x80, 0x08, 0xFF, 0x09,
  0x08, 0x88, 0x00, 0x88, 0x00, 0x08, 0x08, 0x08,
  0x08, 0x88, 0x80, 0x80, 0x80, 0x80, 0x80, 0x77,
  0x77, 0x80, 0x80, 0x17, 0x08, 0x08, 0x06, 0x08,
  0x08, 0x86, 0x80, 0x85, 0x80, 0x04, 0x08, 0x08,
  0x08, 0x87, 0x80, 0x80, 0x05, 0x08, 0x08, 0xE8,
  0x80, 0x80, 0x80, 0x8E, 0x8B, 0x4C, 0x8B, 0x8B,
  0x8C, 0x0C, 0x8F, 0x89, 0x0A, 0x8E, 0x09, 0x0D,
  0x89, 0x0C, 0x0A, 0x8C, 0x8B, 0x0A, 0x0B, 0x8F,
  0x09, 0x8C, 0x89, 0x80, 0x0B, 0x80, 0x8C, 0x00,
  0x84, 0x80, 0x05, 0x03, 0x04, 0x84, 0x07, 0x84,
  0x03, 0x04, 0x03, 0x87, 0x02, 0x83, 0x05, 0x82,
  0x03, 0x84, 0x03, 0x04, 0x01, 0x04, 0x01, 0x02,
  0x02, 0x08, 0x04, 0x08, 0x08, 0x08, 0x08, 0x08,
  0xAF, 0x00, 0x8F, 0x80, 0x8B, 0x0D, 0x88, 0x0C,
  0x8C, 0x80, 0x8C, 0x80, 0x0D, 0x0C, 0x0C, 0x08,
  0xC8, 0x80, 0x80, 0x00, 0x0F, 0x08, 0x08, 0x08,
  0x08, 0x8F, 0x00, 0x88, 0x00, 0x88, 0x80, 0x00,
  0x88, 0x00, 0x88, 0x80, 0x80, 0x80, 0x80, 0x00,
  0x08, 0x08, 0x08, 0x08, 0xFF, 0xDF, 0x08, 0x08,
  0x08, 0x08, 0x08, 0x08, 0x08, 0x08, 0x08, 0x08,
  0x08, 0xFF, 0x8F, 0x08, 0x08, 0x08, 0x08, 0x08,
  0x08, 0x08, 0x08, 0xF8, 0xAF, 0x08, 0x08, 0x08,
  0x88, 0x00, 0x88, 0x00, 0x88, 0x80, 0x80, 0x77,
  0x07, 0x08, 0x08, 0x07, 0x80, 0x86, 0x80, 0x00,
  0x88, 0x87, 0x80, 0x84, 0x80, 0x04, 0x03, 0x08,
  0x80, 0x87, 0x80, 0x80, 0x80, 0x00, 0x08, 0x88,
  0x9F, 0x08, 0x0F, 0x88, 0x8B, 0x08, 0x8E, 0x8B,
  0x0C, 0x8F, 0x8A, 0x0A, 0x0F, 0x0A, 0x0A, 0x0D,
  0x0C, 0x89, 0x89, 0x0D, 0x0A, 0x8C, 0x89, 0x8C,
  0x80, 0x0A, 0x8B, 0x8B, 0x8C, 0x80, 0xD0, 0x08,
  0x08, 0x05, 0x48, 0x80, 0x17, 0x82, 0x83, 0x07,
  0x83, 0x04, 0x03, 0x04, 0x06, 0x82, 0x03, 0x84,
  0x03, 0x14, 0x02, 0x04, 0x01, 0x85, 0x82, 0x83,
  0x83, 0x08, 0x04, 0x88, 0x80, 0x00, 0x88, 0x00,
  0x08, 0xAF, 0x08, 0x8F, 0x80, 0x8C, 0x0C, 0x08,
  0x0D, 0x08, 0x8C, 0x80, 0x8C, 0x8B, 0x80, 0x8E,
  0x80, 0x00, 0x0E, 0x88, 0x00, 0x88, 0x0E, 0x08,
  0x08, 0x08, 0x0F, 0x83, 0x80, 0x0D, 0x08, 0x08,
  0x08, 0x08, 0x88, 0x00, 0x88, 0x00, 0x88, 0x00,
  0x88, 0x00, 0x08, 0xF8, 0xEF, 0x08, 0x08, 0x80,
  0x80, 0x08, 0x80, 0x08, 0x80, 0x08, 0x80, 0x80,
  0x80, 0x80, 0xFF, 0xAF, 0x80, 0x80, 0x80, 0x00,
  0x3F, 0x9F, 0x80, 0x80, 0x80, 0x00, 0x88, 0x00,
  0x88, 0x00, 0x88, 0x00, 0x88, 0x80, 0x80, 0x80,
  0x77, 0x17, 0xB7, 0x84, 0x80, 0x04, 0x08, 0x08,
  0x85, 0x80, 0x05, 0x08, 0x04, 0x08, 0x68, 0x08,
  0x08, 0x04, 0x08, 0x08, 0x08, 0x08, 0x88, 0x00,
  0x3F, 0x0F, 0x88, 0x8B, 0x0D, 0xC8, 0x8B, 0x80,
  0x0D, 0x0C, 0x8F, 0x09, 0x8A, 0x0D, 0x0A, 0x8D,
  0x09, 0x8C, 0x89, 0x0D, 0x0A, 0x8C, 0x89, 0x0A,
  0x0E, 0x0A, 0x0A, 0x88, 0x8A, 0xC0, 0x08, 0x08,
  0x85, 0x80, 0x80, 0x86, 0x84, 0x83, 0x07, 0x82,
  0x85, 0x84, 0x03, 0x03, 0x87, 0x02, 0x83, 0x03,
  0x84, 0x04, 0x83, 0x04, 0x01, 0x04, 0x82, 0x02,
  0x83, 0x80, 0x85, 0x80, 0x80, 0x80, 0x80, 0x80,
  0x80, 0x00, 0xBF, 0x80, 0x8F, 0x0C, 0x88, 0x0C,
  0x08, 0x8D, 0x80, 0x8C, 0x80, 0x80, 0x0E, 0x0C,
  0x08, 0x08, 0x8D, 0x80, 0x80, 0x8D, 0x04, 0x0C,
  0x08, 0x08, 0x08, 0x08, 0x8F, 0x80, 0x80, 0x08,
  0x80, 0x80, 0x08, 0x80, 0x08, 0xDF, 0x80, 0x80,
  0x80, 0x80, 0x80, 0x80, 0x08, 0x08, 0x08, 0x08,
  0x08, 0x80, 0x80, 0x80, 0x80, 0x80, 0x90, 0x00,
  0x00, 0x00, 0x00, 0x00, 0xFF, 0xFF, 0x08, 0x08,
  0x08, 0x08, 0xBF, 0x80, 0x80, 0x80, 0x80, 0x80,
  0x80, 0x80, 0xFF, 0x85, 0x80, 0x80, 0x80, 0x80,
  0x17, 0x08, 0x08, 0x88, 0x07, 0x80, 0x05, 0x08,
  0x04, 0x08, 0x04, 0x08, 0x05, 0x08, 0x08, 0x86,
  0x80, 0x85, 0x80, 0x80, 0x80, 0x80, 0x00, 0x88,
  0x9F, 0x08, 0x08, 0x8F, 0x8C, 0x80, 0x0C, 0x0D,
  0x8B, 0x8B, 0x0C, 0xCC, 0x8A, 0x0B, 0x8F, 0x8A,
  0x0A, 0x0F, 0x8B, 0x89, 0x8C, 0x0A, 0x8A, 0x8E,
  0x89, 0x0A, 0x0B, 0x8B, 0x80, 0x0D, 0x08, 0x08,
  0x08, 0x08, 0x07, 0x84, 0x84, 0x84, 0x03, 0x07,
  0x03, 0x04, 0x84, 0x84, 0x84, 0x03, 0x03, 0x85,
  0x03, 0x04, 0x03, 0x82, 0x86, 0x82, 0x02, 0xA5,
  0x82, 0x02, 0x08, 0x03, 0x08, 0x08, 0x08, 0x8F,
  0x80, 0x80, 0x80, 0x0F, 0x08, 0x8C, 0x80, 0x80,
  0x8D, 0x80, 0x0D, 0x0C, 0x08, 0x08, 0x8D, 0x80,
  0x8C, 0x00, 0x88, 0x0E, 0x08, 0x08, 0x08, 0xF8,
  0x08, 0x84, 0x8B, 0x80, 0x80, 0x80, 0x00, 0x08,
  0xAF, 0x08, 0x08, 0x08, 0x08, 0x08, 0x08, 0x08,
  0x08, 0x80, 0x08, 0x08, 0xFF, 0x8E, 0x07, 0x08,
  0x8C, 0x80, 0x80, 0x80, 0x08, 0x08, 0x80, 0x08,
  0x80, 0x08, 0x08, 0xFF, 0x88, 0x80, 0x8F, 0x08,
  0x08, 0x08, 0x80, 0x08, 0x80, 0x08, 0x80, 0xEF,
  0x05, 0x8C, 0x84, 0x80, 0x80, 0x80, 0x80, 0xB7,
  0x03, 0x08, 0x08, 0x08, 0x07, 0x08, 0x04, 0x08,
  0x04, 0x04, 0x08, 0x08, 0x86, 0x80, 0x80, 0x86,
  0x80, 0x80, 0x80, 0x87, 0x80, 0x80, 0x80, 0x8D,
  0x80, 0x00, 0x08, 0x8F, 0x8B, 0x08, 0x8D, 0x0C,
  0x0C, 0x0C, 0x8B, 0x8B, 0x8F, 0x8A, 0x0B, 0x8B,
  0x8F, 0x8C, 0x89, 0x8C, 0x89, 0x0D, 0x8A, 0x0A,
  0x0B, 0x8B, 0x8F, 0x08, 0x8A, 0x80, 0x8B, 0x80,
  0x80, 0x80, 0x07, 0x04, 0x03, 0x04, 0x07, 0x82,
  0x05, 0x01, 0x24, 0x84, 0x04, 0x83, 0x04, 0x03,
  0x04, 0x82, 0x05, 0x03, 0x82, 0x86, 0x82, 0x02,
  0x08, 0x02, 0x03, 0x08, 0x80, 0x80, 0x08, 0x80,
  0x08, 0x80, 0xDF, 0x80, 0x80, 0x8F, 0x08, 0x0D,
  0x08, 0x0D, 0x88, 0x8B, 0x80, 0x8E, 0x80, 0x00,
  0x0E, 0x88, 0x8B, 0x08, 0x80, 0x08, 0x80, 0x80,
  0x08, 0xCF, 0x80, 0x80, 0x08, 0x08, 0x80, 0x08,
  0x80, 0x08, 0xFF, 0x09, 0x87, 0x8B, 0x80, 0x80,
  0x00, 0x88, 0x00, 0x88, 0x00, 0x88, 0x00, 0x88,
  0xFF, 0x0A, 0x08, 0x08, 0x80, 0x08, 0x80, 0x80,
  0x80, 0xFF, 0x0A, 0x08, 0x08, 0x08, 0x08, 0xDF,
  0x80, 0x80, 0x80, 0x80, 0x80, 0x08, 0x80, 0x80,
  0x80, 0x80, 0x80, 0x08, 0x08, 0x08, 0x77, 0x27,
  0x00, 0x88, 0x00, 0x47, 0x08, 0x78, 0x00, 0x08,
  0x05, 0x08, 0x04, 0x08, 0x08, 0x87, 0x80, 0x04,
  0x08, 0x08, 0xB5, 0x84, 0x80, 0x80, 0x80, 0x80,
  0x8F, 0x08, 0x08, 0x8E, 0x80, 0x0C, 0x8C, 0x80,
  0x8C, 0x0C, 0x8F, 0x89, 0x8A, 0x8A, 0x8E, 0x89,
  0x8D, 0x89, 0x8C, 0x89, 0x8A, 0x0E, 0x0A, 0xBA,
  0x8A, 0x8B, 0x0C, 0x08, 0x8C, 0x0C, 0x08, 0x08,
  0x08, 0x08, 0x07, 0x08, 0x85, 0x07, 0x82, 0x04,
  0x82, 0x05, 0x01, 0x04, 0x84, 0x84, 0x84, 0x03,
  0x03, 0x04, 0x82, 0x05, 0x01, 0x82, 0x83, 0x03,
  0x84, 0x84, 0x00, 0x03, 0x80, 0x08, 0x80, 0x07,
  0x0C, 0x08, 0x08, 0x0F, 0x08, 0x0C, 0x08, 0x88,
  0x8C, 0x80, 0x8D, 0x80, 0x0D, 0x08, 0x08, 0x0E,
  0x08, 0x08, 0x08, 0x8E, 0x80, 0x80, 0x80, 0x8E,
  0x80, 0x80, 0x80, 0x80, 0x80, 0x80, 0x80, 0x80,
  0x80, 0x80, 0x80, 0xFF, 0x8A, 0x80, 0x80, 0x37,
  0x08, 0xF8, 0x03, 0x8D, 0x80, 0x80, 0x80, 0x80,
  0x80, 0x80, 0x80, 0x80, 0xDF, 0x80, 0x80, 0x80,
  0x9F, 0x80, 0x80, 0x80, 0x9F, 0x00, 0x88, 0x00,
  0x88, 0x80, 0x3F, 0x80, 0x8F, 0x04, 0x88, 0x00,
  0x88, 0x80, 0x00, 0x88, 0x00, 0x88, 0x00, 0x08,
  0x77, 0x80, 0x06, 0x08, 0x08, 0x05, 0x88, 0x00,
  0x86, 0x80, 0x85, 0x80, 0x04, 0x08, 0x08, 0x05,
  0x08, 0x08, 0x88, 0x80, 0x17, 0x0D, 0x83, 0xD0,
  0x80, 0x80, 0x80, 0x8D, 0x00, 0x9F, 0x08, 0x8B,
  0x8B, 0x8C, 0x0C, 0x0C, 0x8B, 0x8F, 0x8A, 0x0A,
  0x8E, 0x89, 0x8C, 0x0A, 0x8D, 0x89, 0x0A, 0x0E,
  0x0A, 0x0A, 0x0B, 0x08, 0x0C, 0x08, 0xC8, 0x08,
  0x04, 0x08, 0x85, 0x80, 0x85, 0x03, 0x07, 0x82,
  0x83, 0x87, 0x03, 0x03, 0x04, 0x82, 0x05, 0x03,
  0x04, 0x01, 0x05, 0x01, 0x04, 0x01, 0x02, 0x02,
  0x03, 0x80, 0x05, 0x08, 0x08, 0x86, 0x80, 0x80,
  0x00, 0x8F, 0x80, 0x80, 0x8C, 0x80, 0x80, 0x0F,
  0x08, 0x08, 0x8D, 0x80, 0x8C, 0x80, 0x8C, 0x80,
  0x80, 0x0F, 0x83, 0x0C, 0x08, 0x08, 0x08, 0x08,
  0x8F, 0x08, 0x08, 0x08, 0x08, 0x80, 0x80, 0x08,
  0x80, 0x08, 0xFF, 0x08, 0x08, 0x08, 0x08, 0x08,
  0x08, 0x08, 0x08, 0x08, 0x08, 0x08, 0x08, 0x08,
  0x08, 0x08, 0x08, 0x08, 0x09, 0xFF, 0xFF, 0x08,
  0x08, 0x9F, 0x80, 0x80, 0x80, 0x80, 0x9F, 0x80,
  0x80, 0x80, 0x80, 0x80, 0xAF, 0x06, 0x08, 0x08,
  0x88, 0x80, 0x00, 0x88, 0x00, 0x88, 0x67, 0x08,
  0x08, 0x07, 0x08, 0x08, 0x08, 0x06, 0x08, 0x08,
  0x08, 0x87, 0x00, 0x84, 0x80, 0x05, 0x08, 0x08,
  0x05, 0x08, 0x08, 0x08, 0x87, 0x8B, 0x85, 0x80,
  0x00, 0x8D, 0x80, 0x8C, 0x80, 0x0D, 0x0C, 0x08,
  0x8C, 0x8B, 0x9F, 0x89, 0x0B, 0x8B, 0x8F, 0x0A,
  0x8D, 0x89, 0x0A, 0x0E, 0x0A, 0x8A, 0x0D, 0x0A,
  0x8A, 0x0B, 0x8B, 0x80, 0x0D, 0x08, 0x08, 0x08,
  0x08, 0x08, 0x08, 0x27, 0x86, 0x04, 0x83, 0x04,
  0x07, 0x01, 0x04, 0x84, 0x82, 0x85, 0x84, 0x01,
  0x84, 0x84, 0x01, 0x03, 0x02, 0x02, 0x83, 0x04,
  0x03, 0x08, 0x05, 0x08, 0x04, 0x08, 0x08, 0x08,
  0x80, 0x08, 0x80, 0xBF, 0x08, 0x08, 0x08, 0x3F,
  0x0F, 0x88, 0x00, 0x8D, 0x80, 0x80, 0x8D, 0x80,
  0x80, 0x0E, 0x08, 0x08, 0x08, 0x8F, 0x00, 0x88,
  0x00, 0x0F, 0x08, 0x08, 0x08, 0x08, 0x08, 0x08,
  0x08, 0x08, 0x08, 0x88, 0x00, 0x88, 0x00, 0x08,
  0x08, 0x08, 0x88, 0xFF, 0xAF, 0x88, 0x00, 0x88,
  0x00, 0x08, 0x08, 0x08, 0x08, 0xFF, 0x8C, 0x80,
  0x80, 0x80, 0xBF, 0x08, 0x80, 0x08, 0x80, 0x08,
  0x80, 0x08, 0x80, 0xFF, 0x8A, 0x80, 0x80, 0x80,
  0x08, 0x80, 0x08, 0x77, 0x81, 0x00, 0x88, 0x00,
  0x88, 0x00, 0x57, 0x80, 0x80, 0x17, 0x08, 0x08,
  0x06, 0x08, 0x04, 0x08, 0x08, 0x87, 0x80, 0x04,
  0x08, 0x08, 0x05, 0x08, 0x08, 0x08, 0x08, 0x08,
  0xAF, 0x80, 0x00, 0x8F, 0x08, 0x8D, 0x8B, 0x80,
  0xCD, 0x0B, 0x0C, 0x8F, 0x09, 0x8A, 0x0A, 0x8B,
  0x8B, 0x9F, 0x0A, 0x0E, 0x0A, 0x0A, 0x0B, 0x8E,
  0x89, 0x80, 0x8A, 0x8B, 0x0C, 0x08, 0x0D, 0x08,
  0x08, 0x85, 0x80, 0x85, 0x84, 0x03, 0x03, 0x84,
  0x04, 0x07, 0x01, 0x04, 0x84, 0x82, 0x85, 0x84,
  0x82, 0x84, 0x84, 0x01, 0x01, 0x85, 0x82, 0x82,
  0x80, 0x03, 0x03, 0x04, 0x08, 0x04, 0x0D, 0x08,
  0x08, 0x08, 0x08, 0x08, 0x9F, 0x00, 0x88, 0x8E,
  0x80, 0x8C, 0x80, 0x8D, 0x80, 0x80, 0x0E, 0x08,
  0x08, 0x08, 0x8F, 0x80, 0x4B, 0x0C, 0x08, 0x08,
  0x08, 0x08, 0x08, 0x08, 0xAF, 0x86, 0x00, 0x8C,
  0x80, 0x80, 0x80, 0x80, 0x07, 0x80, 0x80, 0x80,
  0x08, 0x80, 0x08, 0x80, 0x08, 0xEF, 0x05, 0x08,
  0x0D, 0x08, 0x88, 0x00, 0x0F, 0x08, 0x08, 0x08,
  0x3E, 0x08, 0x80, 0x0D, 0x08, 0x88, 0x00, 0x8F,
  0x80, 0x80, 0x00, 0x08, 0x87, 0x8B, 0x80, 0x80,
  0x00, 0x88, 0x80, 0x00, 0x78, 0x0B, 0x07, 0x80,
  0x80, 0x80, 0x80, 0x17, 0x80, 0x80, 0x07, 0x08,
  0x04, 0x08, 0x88, 0x87, 0x80, 0x84, 0x80, 0x04,
  0x08, 0x08, 0x05, 0x08, 0x08, 0x08, 0x08, 0x08,
  0xAF, 0x00, 0x88, 0x8F, 0x80, 0x0D, 0x0C, 0x08,
  0x8C, 0x8F, 0x89, 0x0A, 0x0B, 0x0C, 0x8E, 0x89,
  0x0A, 0x0E, 0x0A, 0x8A, 0x0A, 0x0F, 0x0A, 0x0A,
  0x8A, 0x8A, 0x0B, 0x08, 0x8D, 0x4B, 0x8B, 0x80,
  0x80, 0x80, 0x80, 0x07, 0x85, 0x84, 0x03, 0x03,
  0x04, 0x07, 0x82, 0x05, 0x03, 0x82, 0x86, 0x84,
  0x03, 0x01, 0x04, 0x82, 0x02, 0x06, 0x01, 0x08,
  0x05, 0x88, 0x83, 0x80, 0x80, 0x85, 0x80, 0x80,
  0x80, 0x80, 0x00, 0x9F, 0x80, 0x80, 0x8E, 0x80,
  0x80, 0x80, 0x8F, 0x80, 0x0C, 0x08, 0x08, 0x0F,
  0x08, 0x08, 0x08, 0x0E, 0x08, 0x08, 0x88, 0x00,
  0x88, 0x00, 0xAF, 0x80, 0x80, 0x80, 0x80, 0x00,
  0x88, 0x00, 0x88, 0x00, 0x88, 0x80, 0x80, 0x80,
  0x00, 0x08, 0x08, 0x08, 0xFF, 0xFF, 0x08, 0x08,
  0x08, 0x08, 0x88, 0xCF, 0x80, 0x80, 0x80, 0x80,
  0x80, 0xCF, 0x80, 0x80, 0x80, 0x08, 0x80, 0x08,
  0x80, 0x08, 0x80, 0x08, 0x08, 0x08, 0xFF, 0x8F,
  0x08, 0x08, 0x17, 0x8D, 0x04, 0x88, 0x80, 0x00,
  0x08, 0x88, 0x17, 0x08, 0x08, 0x06, 0x08, 0x85,
  0x80, 0x80, 0x86, 0x80, 0x04, 0x08, 0x04, 0x08,
  0x08, 0x86, 0x80, 0x80, 0x80, 0x80, 0x80, 0x80,
  0xAF, 0x80, 0x80, 0x8F, 0x0D, 0x08, 0x8C, 0x8B,
  0x8C, 0x0C, 0x0C, 0x0C, 0x8B, 0x8F, 0x89, 0x0A,
  0x0B, 0x8B, 0x8F, 0x0A, 0x8D, 0x80, 0x8C, 0x0A,
  0x8A, 0x0B, 0x08, 0x8C, 0x0C, 0x08, 0x08, 0x08,
  0x8F, 0x84, 0x80, 0x84, 0x80, 0x04, 0x03, 0x04,
  0x07, 0x82, 0x83, 0x06, 0x01, 0x04, 0x84, 0x84,
  0x82, 0x04, 0x01, 0x02, 0x05, 0x01, 0x02, 0x02,
  0x03, 0x80, 0x05, 0x84, 0x80, 0x80, 0x80, 0x80,
  0x80, 0x80, 0x80, 0x80, 0xDF, 0x80, 0x80, 0x80,
  0x9F, 0x80, 0x0E, 0x08, 0x08, 0x88, 0x8E, 0x80,
  0x80, 0x00, 0x08, 0x9F, 0x80, 0x80, 0x80, 0x80,
  0x9F, 0x80, 0x80, 0x80, 0x80, 0x80, 0x80, 0x80,
  0x80, 0x08, 0x80, 0x08, 0x08, 0x08, 0x08, 0x80,
  0x80, 0x80, 0x00, 0x00, 0xFF, 0xFF, 0x08, 0x08,
  0x08, 0x08, 0x88, 0x00, 0xEF, 0x80, 0x80, 0x80,
  0x08, 0x08, 0xBF, 0x80, 0x00, 0x08, 0x88, 0x00,
  0x88, 0x00, 0xFF, 0x09, 0x80, 0x80, 0x80, 0x08,
  0x80, 0x08, 0x08, 0x08, 0x08, 0x08, 0x80, 0x77,
  0x07, 0x08, 0x07, 0x88, 0x00, 0x85, 0x80, 0x00,
  0x86, 0x84, 0x80, 0x80, 0x05, 0x03, 0x08, 0x05,
  0x08, 0x08, 0x08, 0x08, 0x08, 0x08, 0x08, 0x08,
  0x08, 0xFF, 0x08, 0x8E, 0x80, 0x8C, 0x0C, 0x0C,
  0x8B, 0x8C, 0x8B, 0x0C, 0x8C, 0x8B, 0x8C, 0x0C,
  0x0C, 0x1F, 0x8B, 0x89, 0x8A, 0x0B, 0x08, 0x8C,
  0x0C, 0x0C, 0x88, 0x8B, 0x08, 0x80, 0x08, 0x80,
  0x80, 0x08, 0x47, 0x78, 0x80, 0x84, 0x03, 0x84,
  0x04, 0x83, 0x04, 0x03, 0x04, 0x07, 0x82, 0x02,
  0x80, 0x03, 0x04, 0x84, 0x84, 0x84, 0x80, 0x84,
  0x80, 0xB4, 0x84, 0x80, 0x80, 0x80, 0x80, 0x80,
  0x80, 0x80, 0x80, 0x80, 0x80, 0x80, 0xFF, 0x09,
  0x08, 0x08, 0x88, 0xF0, 0x8B, 0x80, 0x80, 0x80,
  0x80, 0x80, 0x80, 0xFF, 0x88, 0x80, 0x80, 0x80,
  0x80, 0x80, 0x08, 0x08, 0x08, 0x08, 0x08, 0x80,
  0x80, 0x80, 0x80, 0x80, 0x90, 0x00, 0x00, 0x00,
  0x00, 0x00, 0x00, 0x00, 0x2F, 0x3F, 0xFF, 0x8A,
  0x80, 0x80, 0x80, 0x80, 0x80, 0x08, 0x80, 0x08,
  0x08, 0x08, 0x08, 0x80, 0x80, 0x80, 0x00, 0x00,
  0x00, 0x00, 0x00, 0x00, 0x00, 0xFF, 0xFF, 0x08,
  0x08, 0x08, 0x08, 0xBF, 0x80, 0x80, 0x80, 0x80,
  0x80, 0x80, 0x70, 0x8B, 0x80, 0x80, 0x80, 0x80,
  0x80, 0x80, 0x00, 0xF8, 0xFF, 0x08, 0x0F, 0x08,
  0xC8, 0x08, 0x08, 0xE8, 0x80, 0x0C, 0xC8, 0x8B,
  0xD0, 0x80, 0x80, 0xFC, 0x71, 0x77, 0x11, 0x08,
  0x08, 0x88, 0x08, 0x88, 0x00, 0x00, 0xB9, 0xBB,
  0xBA, 0xBB, 0xCA, 0xAB, 0xD9, 0xA9, 0xA0, 0x0A,
  0x0B, 0x0C, 0x0B, 0x88, 0x80, 0x00, 0xF8, 0x8B,
  0x77, 0x24, 0x22, 0x88, 0x01, 0x08, 0x98, 0x08,
  0x08, 0x08, 0x08, 0x04, 0x08, 0xD8, 0x0C, 0xAC,
  0x8B, 0xC0, 0x8B, 0xD0, 0x80, 0xCB, 0x08, 0x08,
  0x08, 0x8E, 0xC0, 0x08, 0x08, 0x80, 0x08, 0x80,
  0x08, 0x08, 0x80, 0x08, 0x80, 0x08, 0x80, 0x08,
  0x08, 0x08, 0x08, 0x80, 0x80, 0x80, 0x00, 0x00,
  0x00, 0xFF, 0xFF, 0x86, 0x80, 0x80, 0xE0, 0x03,
  0x08, 0x88, 0x00, 0x08, 0x88, 0x00, 0x88, 0x70,
  0x85, 0x0E, 0x48, 0x30, 0x0C, 0x3C, 0x48, 0x80,
  0xBC, 0x84, 0x33, 0xB4, 0x9F, 0x28, 0x22, 0x02,
  0xB8, 0xBC, 0x30, 0x34, 0x34, 0x08, 0xFC, 0xB9,
  0x2A, 0x72, 0x14, 0x13, 0x80, 0xBB, 0xBE, 0xCB,
  0xBB, 0x9B, 0xBB, 0xBC, 0x9B, 0xAC, 0xA9, 0x08,
  0x08, 0x08, 0x08, 0x35, 0x74, 0x24, 0x14, 0x03,
  0x00, 0xA8, 0x80, 0x80, 0x30, 0x64, 0x23, 0x34,
  0x34, 0x43, 0x33, 0x34, 0x33, 0x52, 0x13, 0x22,
  0x08, 0xB8, 0xC0, 0x0B, 0xAF, 0xC9, 0x9A, 0xAA,
  0xBA, 0xBB, 0xBC, 0xBB, 0x8C, 0x80, 0xD0, 0xB8,
  0xC8, 0x0C, 0xB8, 0x84, 0x40, 0x08, 0x08, 0x08,
  0xE8, 0x0C, 0x0C, 0x48, 0x38, 0x43, 0x33, 0x48,
  0x0B, 0x8C, 0xCB, 0xAC, 0xBB, 0xBC, 0xC0, 0xB0,
  0xC8, 0xCB, 0xC0, 0x8A, 0xC0, 0x80, 0x80, 0x80,
  0x80, 0x80, 0x3F, 0x80, 0x50, 0x48, 0x30, 0x44,
  0x32, 0x30, 0x80, 0x80, 0x80, 0x8F, 0x80, 0x80,
  0x80, 0x70, 0x03, 0x84, 0x34, 0x48, 0x83, 0x34,
  0x48, 0x38, 0x04, 0x33, 0x40, 0x80, 0x85, 0x80,
  0x04, 0x08, 0x0D, 0x0C, 0xB8, 0x80, 0x80, 0xE0,
  0xB8, 0xC8, 0x08, 0x08, 0x08, 0x08, 0x8F, 0x8C,
  0x80, 0x80, 0x86, 0x00, 0x88, 0x8C, 0x8C, 0x0C,
  0x08, 0x04, 0x84, 0x84, 0x80, 0x04, 0x03, 0x58,
  0x8B, 0xC0, 0xAF, 0xC9, 0xAC, 0xBA, 0xAB, 0xBD,
  0xC9, 0xB9, 0xAA, 0xAA, 0x80, 0x3B, 0x80, 0x05,
  0x03, 0x44, 0x83, 0x84, 0x03, 0x84, 0x04, 0x83,
  0x34, 0x34, 0x73, 0x32, 0x52, 0x13, 0x34, 0x43,
  0x31, 0x14, 0x23, 0x22, 0x82, 0x03, 0x08, 0x0D,
  0xB8, 0x8C, 0xCB, 0xB8, 0xCC, 0xBA, 0xB8, 0xBC,
  0x0C, 0xAC, 0x8B, 0x8B, 0x0C, 0x8C, 0x8B, 0x08,
  0x8D, 0x80, 0xE0, 0x80, 0x80, 0x80, 0x80, 0x70,
  0x8B, 0x80, 0x80, 0x80, 0x80, 0x80, 0x80, 0x80,
  0x80, 0x80, 0x80, 0x80, 0x08, 0x08, 0x08, 0x08,
  0x80, 0x80, 0x80, 0x77, 0xD7, 0x08, 0x08, 0x08,
  0x08, 0x67, 0x08, 0x08, 0x08, 0x08, 0x08, 0x08,
  0x08, 0x80, 0x77, 0x80, 0x80, 0x80, 0x80, 0xF0,
  0x8A, 0x80, 0x8F, 0x80, 0x05, 0x08, 0x88, 0x00,
  0x88, 0x00, 0x17, 0x08, 0x08, 0xB7, 0x08, 0x0D,
  0x08, 0x8C, 0x8B, 0xD0, 0xB8, 0xC8, 0xB8, 0xD8,
  0x80, 0x0C, 0x88, 0x00, 0x0E, 0x88, 0x00, 0x88,
  0x00, 0x87, 0x80, 0x50, 0x08, 0x84, 0x04, 0x83,
  0x04, 0x48, 0x80, 0x40, 0x08, 0x8C, 0xD0, 0xC0,
  0xB0, 0xCB, 0xBB, 0x8B, 0xCC, 0x0B, 0x0C, 0xB8,
  0x08, 0x88, 0x87, 0x80, 0x84, 0x30, 0x00, 0x04,
  0x08, 0x05, 0x58, 0x38, 0x40, 0x30, 0x34, 0x34,
  0x33, 0x44, 0x25, 0x51, 0x21, 0x23, 0x22, 0x33,
  0x43, 0x38, 0x80, 0x80, 0x80, 0xF0, 0x08, 0xBC,
  0xC8, 0xC0, 0xBB, 0x0C, 0xCB, 0xC0, 0x8A, 0xCB,
  0xB0, 0xC8, 0xC0, 0xC0, 0x80, 0x0B, 0xC8, 0x08,
  0x08, 0x0E, 0x08, 0x08, 0x08, 0x88, 0x00, 0x88,
  0x00, 0x88, 0x00, 0x78, 0x87, 0x80, 0x80, 0x80,
  0x80, 0x00, 0x88, 0x00, 0x08, 0x08, 0x08, 0xF8,
  0xBF, 0x08, 0x08, 0x08, 0x08, 0x67, 0x08, 0x08,
  0x08, 0x08, 0x08, 0x08, 0x08, 0x08, 0x08, 0x08,
  0x80, 0x80, 0x80, 0xFF, 0x8F, 0x08, 0x08, 0x08,
  0x08, 0x08, 0xF8, 0x0E, 0x08, 0x08, 0x08, 0x08,
  0x08, 0x08, 0x08, 0x08, 0x08, 0x08, 0x08, 0x08,
  0x08, 0x78, 0x77, 0x82, 0x70, 0x81, 0x80, 0x87,
  0x00, 0x88, 0x00, 0x88, 0x07, 0x08, 0x08, 0x80,
  0x87, 0x80, 0x04, 0x48, 0x80, 0x40, 0x80, 0x80,
  0x80, 0x0F, 0xB8, 0xC8, 0xBC, 0xCB, 0xCA, 0xBA,
  0xCB, 0xBB, 0x0C, 0xCB, 0x0B, 0xBC, 0xC0, 0x80,
  0x8B, 0xC8, 0x08, 0x08, 0xF8, 0x80, 0x80, 0x85,
  0x80, 0x40, 0x80, 0x04, 0x34, 0x34, 0x33, 0x34,
  0x34, 0x73, 0x12, 0x22, 0x32, 0x33, 0x48, 0x84,
  0x83, 0x00, 0x88, 0x00, 0x88, 0x8F, 0x0C, 0x0C,
  0xC8, 0xB0, 0x08, 0x0D, 0x0C, 0x08, 0x08, 0x8C,
  0x80, 0x50, 0x80, 0x08, 0x05, 0x58, 0x08, 0x03,
  0x58, 0x30, 0x80, 0x05, 0x08, 0x04, 0x08, 0x88,
  0x00, 0x08, 0x88, 0x00, 0x88, 0xF0, 0x0D, 0x08,
  0x8F, 0x80, 0x8C, 0x80, 0x0D, 0x08, 0x0D, 0x08,
  0xC8, 0x08, 0x08, 0xE8, 0xB3, 0x08, 0x08, 0x08,
  0xF8, 0x08, 0x08, 0x08, 0x08, 0x08, 0x08, 0x88,
  0xBF, 0x08, 0x80, 0x08, 0x80, 0x08, 0x80, 0x08,
  0x80, 0x08, 0xFF, 0x8C, 0x80, 0x00, 0x88, 0x00,
  0x88, 0x00, 0x78, 0x17, 0x08, 0x08, 0x80, 0x78,
  0x83, 0x80, 0x70, 0x81, 0x80, 0x80, 0x80, 0x17,
  0x80, 0x80, 0x80, 0x80, 0x70, 0x82, 0x80, 0x70,
  0x00, 0x08, 0x08, 0x80, 0x08, 0x08, 0xF0, 0xFB,
  0xC8, 0xB0, 0xBC, 0xC0, 0xBB, 0xCB, 0x0C, 0xBB,
  0xBC, 0x0B, 0xBC, 0x8C, 0x0B, 0x8C, 0x8B, 0xD0,
  0x08, 0xC8, 0x80, 0x04, 0x08, 0x85, 0x84, 0x24,
  0x33, 0x34, 0x43, 0x63, 0x22, 0x24, 0x14, 0x14,
  0x21, 0x14, 0x22, 0x22, 0x20, 0x84, 0x03, 0x88,
  0x00, 0x88, 0x00, 0xF8, 0xC9, 0x80, 0xCC, 0xC0,
  0xB0, 0xB8, 0xC8, 0xC0, 0xB8, 0x08, 0x8D, 0xC0,
  0x08, 0x08, 0x8D, 0x80, 0x80, 0x80, 0x8E, 0x80,
  0x80, 0x00, 0x8F, 0x80, 0x80, 0x8D, 0x80, 0x0D,
  0x08, 0x0D, 0xB8, 0x08, 0x8D, 0x8B, 0x80, 0x8D,
  0xD0, 0x80, 0x80, 0x8C, 0x80, 0xE0, 0x80, 0x80,
  0x80, 0x80, 0x80, 0x80, 0x80, 0x80, 0x37, 0x80,
  0x80, 0x80, 0x37, 0x08, 0x07, 0x08, 0x85, 0x40,
  0x08, 0x84, 0x04, 0x83, 0x04, 0x48, 0x30, 0x40,
  0x80, 0x04, 0x58, 0x08, 0x48, 0x80, 0x80, 0x80,
  0x06, 0x08, 0x08, 0x08, 0x08, 0x08, 0x08, 0x88,
  0xF0, 0x0C, 0x08, 0x88, 0x80, 0xAF, 0x80, 0x80,
  0x80, 0x80, 0x80, 0x80, 0x80, 0x80, 0x80, 0x80,
  0x80, 0xFF, 0x8E, 0x8E, 0xD0, 0xB0, 0xC8, 0x8B,
  0xBC, 0xC0, 0xCB, 0xB8, 0x8B, 0xCC, 0x0B, 0xBC,
  0x0B, 0x8C, 0x8B, 0x8C, 0x8B, 0xD8, 0x80, 0x08,
  0x80, 0x80, 0x07, 0x40, 0x48, 0x24, 0x30, 0x43,
  0x54, 0x12, 0x53, 0x21, 0x51, 0x21, 0x21, 0x04,
  0x22, 0x22, 0x03, 0x03, 0x58, 0x80, 0x80, 0x80,
  0xF0, 0x80, 0x0C, 0xB8, 0xC8, 0xC8, 0xC0, 0xB0,
  0xC8, 0xB8, 0xC8, 0xC0, 0x08, 0x8C, 0xC0, 0x08,
  0xC8, 0x08, 0x08, 0xF0, 0x80, 0x80, 0x80, 0x80,
  0x80, 0x8F, 0x80, 0x80, 0x80, 0x00, 0x88, 0x80,
  0x00, 0x88, 0x00, 0x88, 0x00, 0x88, 0x80, 0x80,
  0x70, 0x77, 0x00, 0x08, 0x08, 0x08, 0x08, 0xB7,
  0x07, 0x80, 0x08, 0x80, 0x08, 0x80, 0x80, 0x08,
  0x80, 0x08, 0x80, 0x08, 0x80, 0x80, 0x80, 0x80,
  0x08, 0x08, 0x08, 0x09, 0x00, 0x00, 0x2F, 0xFF,
  0x9F, 0x80, 0x08, 0x80, 0xBF, 0x80, 0x00, 0x9F,
  0x08, 0x08, 0x8F, 0x80, 0xD0, 0x08, 0x08, 0xD8,
  0x08, 0x80, 0x08, 0x80, 0xF0, 0x09, 0x08, 0x86,
  0x80, 0x80, 0x80, 0x00, 0x88, 0x00, 0x88, 0x00,
  0x88, 0x00, 0xFF, 0x09, 0xF0, 0x08, 0x08, 0x8D,
  0x80, 0x8C, 0x80, 0xE0, 0x80, 0x80, 0x8C, 0x80,
  0xD0, 0x08, 0x08, 0x08, 0x08, 0x08, 0x78, 0x01,
  0x60, 0x40, 0x48, 0x33, 0x48, 0x43, 0x33, 0x34,
  0x33, 0x34, 0x34, 0x43, 0x38, 0x34, 0x48, 0x83,
  0x84, 0x80, 0x40, 0xC0, 0x08, 0x08, 0xD8, 0x08,
  0x8C, 0x0C, 0x0C, 0x0C, 0x8B, 0x8B, 0x8C, 0x8B,
  0xD8, 0xC0, 0x08, 0x8C, 0xC0, 0x08, 0x08, 0x8D,
  0x80, 0x80, 0x0D, 0x88, 0x00, 0x88, 0x80, 0x00,
  0x88, 0x00, 0x88, 0x80, 0x80, 0x80, 0x80, 0x00,
  0x08, 0x08, 0x08, 0x08, 0x08, 0x09, 0x00, 0x00,
  0x00, 0x00, 0x00, 0x00, 0x00, 0x00, 0x00, 0x00,
  0x00, 0x00, 0x00, 0x00, 0x00, 0x00, 0x00, 0x00,
  0x00, 0x00, 0xF0, 0xFF, 0x8F, 0x80, 0x80, 0x80,
  0x80, 0xBF, 0x08, 0x08, 0x08, 0x08, 0x08, 0x08,
  0x08, 0x08, 0x08, 0x08, 0x77, 0x06, 0x88, 0x00,
  0x08, 0x88, 0x70, 0x84, 0x00, 0x88, 0x70, 0x01,
  0x08, 0x80, 0x07, 0x00, 0x68, 0x80, 0x08, 0x50,
  0x08, 0x80, 0x08, 0x08, 0x80, 0xF8, 0x89, 0xF0,
  0x80, 0x0C, 0x8B, 0xD0, 0x0B, 0x0C, 0xAC, 0xB8,
  0xC0, 0xB8, 0x8C, 0xCB, 0xB8, 0xC8, 0xC8, 0xC0,
  0xC0, 0x80, 0x0B, 0x08, 0xD8, 0x08, 0x04, 0x08,
  0x85, 0x84, 0x84, 0x33, 0x84, 0x43, 0x33, 0x34,
  0x83, 0x34, 0x34, 0x48, 0x83, 0x84, 0x30, 0x00,
  0x58, 0x80, 0x80, 0xE0, 0x08, 0x08, 0xD8, 0x08,
  0x80, 0x8D, 0x80, 0x80, 0xF0, 0x08, 0x80, 0x08,
  0x60, 0x08, 0x08, 0x08, 0x86, 0x80, 0x50, 0x08,
  0x08, 0x68, 0x08, 0x30, 0x00, 0x88, 0x00, 0x88,
  0x80, 0x00, 0x88, 0x00, 0x88, 0x00, 0x88, 0xF0,
  0xCF, 0x08, 0x08, 0xF0, 0x8A, 0x80, 0x80, 0x9F,
  0x80, 0x80, 0x80, 0x8F, 0x08, 0x88, 0x00, 0xF8,
  0x09, 0x80, 0x08, 0x80, 0x9F, 0x00, 0x88, 0x00,
  0x88, 0x00, 0xF8, 0x0B, 0x08, 0x80, 0x08, 0x80,
  0x08, 0x80, 0x08, 0x80, 0x08, 0x08, 0x08, 0x08,
  0x80, 0x80, 0x80, 0x00, 0x70, 0xC7, 0x77, 0x80,
  0x80, 0x80, 0x70, 0x81, 0x80, 0x80, 0x07, 0x80,
  0x80, 0x60, 0x80, 0x80, 0x80, 0x80, 0x80, 0x80,
  0x80, 0x80, 0x80, 0xFF, 0x80, 0x8D, 0x0C, 0xC8,
  0xC0, 0xB0, 0xC8, 0x8B, 0x0C, 0xBC, 0xC0, 0x0B,
  0x0C, 0x8B, 0x0C, 0xBC, 0x80, 0x0C, 0xC8, 0x80,
  0x80, 0x08, 0x80, 0x08, 0x17, 0x84, 0x04, 0x43,
  0x24, 0x33, 0x34, 0x33, 0x44, 0x32, 0x43, 0x33,
  0x43, 0x84, 0x33, 0x84, 0x84, 0x30, 0x08, 0x58,
  0x80, 0x80, 0x0D, 0x08, 0xD8, 0x80, 0xD0, 0x80,
  0x0C, 0x08, 0x8C, 0x8B, 0x80, 0x0D, 0xC8, 0x08,
  0xD8, 0x80, 0xD0, 0x80, 0x80, 0x8C, 0x80, 0xE0,
  0x80, 0x80, 0x8C, 0x80, 0xE0, 0x80, 0x80, 0x8C,
  0x80, 0xE0, 0x80, 0x80, 0x8C, 0x80, 0x80, 0x0E,
  0x08, 0x08, 0x0E, 0x08, 0x08, 0xD8, 0x08, 0x08,
  0x08, 0x08, 0xF8, 0x88, 0x80, 0x08, 0x80, 0x07,
  0x00, 0x08, 0x78, 0x80, 0x40, 0x80, 0x58, 0x80,
  0x04, 0x48, 0x80, 0x04, 0x03, 0x58, 0x80, 0x84,
  0x40, 0x08, 0x40, 0x08, 0x08, 0x05, 0x08, 0x08,
  0x86, 0x80, 0x80, 0x00, 0x88, 0x00, 0x88, 0x00,
  0x88, 0x00, 0x88, 0x00, 0x88, 0x80, 0x80, 0x80,
  0x3F, 0x3F, 0xDF, 0x80, 0x80, 0xF0, 0x09, 0x08,
  0x8E, 0xC0, 0x08, 0x0C, 0x8C, 0x0B, 0xC8, 0x0C,
  0x8B, 0x0C, 0xBC, 0xC0, 0xC0, 0xB0, 0x8B, 0x0C,
  0x0C, 0x0C, 0x8B, 0x80, 0x0C, 0x08, 0x88, 0x80,
  0x00, 0x88, 0x27, 0x05, 0x53, 0x48, 0x32, 0x43,
  0x33, 0x30, 0x65, 0x10, 0x22, 0x32, 0x33, 0x48,
  0x03, 0x34, 0x80, 0x04, 0x08, 0x85, 0x80, 0x80,
  0x80, 0x8E, 0x80, 0x8C, 0xD0, 0x08, 0x8C, 0xC0,
  0xB8, 0x08, 0x8D, 0xC0, 0x80, 0x0C, 0xC8, 0x80,
  0xC8, 0x80, 0x80, 0x8D, 0x80, 0x80, 0xF0, 0xB3,
  0x08, 0x08, 0x88, 0x00, 0x88, 0x00, 0x88, 0x00,
  0x88, 0x00, 0xB7, 0x37, 0x88, 0x00, 0x88, 0x00,
  0x88, 0x00, 0x88, 0x00, 0x88, 0x80, 0x80, 0x80,
  0x77, 0x17, 0x80, 0x08, 0x80, 0x08, 0x80, 0x08,
  0x80, 0x08, 0x80, 0x80, 0x80, 0x80, 0x08, 0x08,
  0x08, 0x09, 0x00, 0x00, 0x00, 0xFF, 0xFF, 0x08,
  0x08, 0x08, 0x08, 0xF8, 0x8B, 0x80, 0x80, 0xAF,
  0x80, 0x80, 0xF0, 0x89, 0x80, 0x80, 0x80, 0x9F,
  0x80, 0x80, 0x80, 0x80, 0x80, 0x80, 0x80, 0x80,
  0x80, 0x80, 0xFF, 0x8A, 0x80, 0x80, 0x80, 0xCF,
  0x80, 0x08, 0x8F, 0x88, 0x0D, 0x88, 0x00, 0x0F,
  0x08, 0x08, 0x0D, 0x08, 0x08, 0x8D, 0x80, 0x80,
  0x80, 0x80, 0x80, 0x80, 0x80, 0x37, 0x00, 0x07,
  0x85, 0x30, 0x04, 0x43, 0x30, 0x44, 0x02, 0x33,
  0x34, 0x40, 0x43, 0x48, 0x02, 0x83, 0x04, 0x03,
  0x08, 0x05, 0x08, 0x08, 0x08, 0xF8, 0x08, 0x08,
  0x0E, 0xC8, 0x80, 0x8B, 0xD0, 0x08, 0x8C, 0x8B,
  0xD0, 0x80, 0x0C, 0xC8, 0x08, 0xD0, 0x80, 0x80,
  0x8C, 0x80, 0x80, 0x80, 0x8F, 0x80, 0x80, 0x80,
  0x80, 0x00, 0x88, 0x00, 0x88, 0x00, 0x88, 0x00,
  0x88, 0x80, 0x80, 0x80, 0x00, 0x08, 0x08, 0x08,
  0x00, 0x00, 0x00, 0x00, 0x00, 0x00, 0x00, 0x00,
  0x00, 0x00, 0x00, 0x00, 0x00, 0x00, 0x00, 0x00,
  0x00, 0xF0, 0xF2, 0xF3, 0xAF, 0x08, 0x08, 0x08,
  0x08, 0x08, 0x88, 0x00, 0x88, 0x80, 0x80, 0x80,
  0x00, 0x08, 0x08, 0x08, 0x00, 0x00, 0x77, 0x77,
  0x80, 0x80, 0x70, 0x81, 0x80, 0x70, 0x80, 0x80,
  0x80, 0x60, 0x80, 0x80, 0x80, 0x80, 0x80, 0x80,
  0x80, 0x80, 0x08, 0x08, 0xFF, 0x88, 0x0F, 0xB8,
  0x88, 0x8C, 0xD0, 0xB8, 0xC8, 0xC8, 0xC0, 0xB0,
  0xC8, 0xC0, 0xB8, 0xC0, 0xB8, 0xC8, 0x08, 0x8C,
  0xD0, 0x80, 0x80, 0x3C, 0x3C, 0x00, 0x08, 0x85,
  0x40, 0x40, 0x03, 0x03, 0x35, 0x40, 0x33, 0x40,
  0x84, 0x84, 0x03, 0x03, 0x04, 0x03, 0x80, 0x06,
  0x88, 0x80, 0x00, 0x88, 0x00, 0x08, 0x88, 0x3F,
  0x8F, 0x80, 0x00, 0x88, 0x00, 0x88, 0x80, 0x00,
  0x88, 0x00, 0x88, 0x00, 0x77, 0x82, 0x80, 0x17,
  0x08, 0x08, 0x80, 0x07, 0x00, 0x08, 0x88, 0x00,
  0x88, 0xB7, 0xB6, 0x08, 0x80, 0x08, 0x80, 0x08,
  0x80, 0xF8, 0x8A, 0x80, 0x80, 0x80, 0xBF, 0x80,
  0x00, 0xF8, 0x89, 0x08, 0x80, 0xF8, 0x03, 0x0E,
  0x08, 0x08, 0x08, 0x08, 0x88, 0x8F, 0x08, 0x08,
  0x08, 0x08, 0x08, 0x08, 0xF8, 0x0C, 0x08, 0x88,
  0x00, 0x88, 0x00, 0x88, 0x00, 0x88, 0x00, 0x08,
  0x08, 0x77, 0x07, 0x08, 0x08, 0x08, 0x17, 0x80,
  0x80, 0x80, 0x17, 0x80, 0x80, 0x07, 0x08, 0x08,
  0x08, 0x78, 0x0B, 0x03, 0xE0, 0x80, 0x08, 0x80,
  0xE8, 0x80, 0x80, 0x0D, 0x0C, 0xB8, 0xC8, 0x08,
  0x0D, 0x0C, 0x8B, 0x8B, 0x0C, 0xCC, 0x80, 0x0B,
  0x8C, 0x8B, 0x8C, 0x0C, 0xC8, 0x80, 0x80, 0x80,
  0x80, 0x80, 0x80, 0x27, 0x68, 0x30, 0x04, 0x03,
  0x44, 0x33, 0x48, 0x43, 0x33, 0x43, 0x30, 0x44,
  0x38, 0x03, 0x84, 0x84, 0x84, 0x80, 0x84, 0x80,
  0x80, 0x80, 0x80, 0x80, 0x80, 0xF0, 0x8A, 0x80,
  0x8F, 0xD0, 0x80, 0x80, 0x8C, 0x80, 0x0D, 0x08,
  0x0D, 0x08, 0xC8, 0x08, 0x08, 0x0E, 0x08, 0x08,
  0x8D, 0x80, 0xD0, 0x08, 0x80, 0x0D, 0x08, 0xD8,
  0x80, 0x80, 0xD8, 0x80, 0xC8, 0x08, 0x08, 0xF8,
  0x80, 0x80, 0x8C, 0x80, 0x80, 0xF0, 0x80, 0x80,
  0x08, 0x80, 0x08, 0x80, 0x08, 0x80, 0x08, 0x80,
  0x70, 0x07, 0x08, 0x06, 0x08, 0x68, 0x08, 0x03,
  0x08, 0x05, 0x58, 0x08, 0x48, 0x80, 0x04, 0x08,
  0x04, 0x88, 0x05, 0x08, 0x58, 0x80, 0x80, 0x50,
  0x80, 0x80, 0x08, 0x78, 0x80, 0x80, 0x00, 0x88,
  0x00, 0x88, 0x00, 0x27, 0x8E, 0x80, 0x80, 0x80,
  0x80, 0x80, 0xF0, 0x0A, 0x88, 0x8F, 0xD0, 0x80,
  0xC0, 0xB8, 0x08, 0x8D, 0x8B, 0x8C, 0xD0, 0x0B,
  0x0C, 0x8B, 0x0C, 0x0C, 0x0C, 0x8B, 0x8B, 0x8C,
  0xC0, 0x08, 0x0D, 0x08, 0x8C, 0x80, 0x80, 0x80,
  0x87, 0x80, 0x44, 0x38, 0x30, 0x40, 0x53, 0x38,
  0x43, 0x33, 0x48, 0x43, 0x83, 0x34, 0x03, 0x84,
  0x84, 0x03, 0x40, 0x08, 0x58, 0x80, 0x80, 0x80,
  0xF0, 0x80, 0x08, 0x8C, 0x80, 0x0D, 0x08, 0x0D,
  0xB8, 0x08, 0xD8, 0x08, 0xD8, 0x80, 0x80, 0x0D,
  0x08, 0x08, 0x0E, 0x08, 0x08, 0x88, 0x80, 0x0F,
  0x08, 0x88, 0x00, 0x88, 0x00, 0x88, 0x00, 0x88,
  0x00, 0x88, 0x00, 0x88, 0x80, 0x80, 0x80, 0x00,
  0x08, 0x08, 0x08, 0x00, 0x00, 0x00, 0x70, 0x7A,
  0x77, 0x81, 0x00, 0x08, 0x88, 0x00, 0x88, 0x00,
  0x88, 0x00, 0x08, 0x08, 0x08, 0x88, 0x80, 0xF0,
  0xF3, 0xFF, 0x08, 0x08, 0x08, 0x08, 0x08, 0x08,
  0xF0, 0x0E, 0x08, 0x08, 0x88, 0x80, 0xF0, 0x0B,
  0x08, 0x80, 0x80, 0x08, 0x80, 0x08, 0x80, 0xF8,
  0xAF, 0x80, 0x80, 0x00, 0x88, 0x00, 0x08, 0xF8,
  0x8F, 0x08, 0x08, 0x08, 0xAF, 0x80, 0x80, 0x8F,
  0x80, 0xE0, 0x80, 0x80, 0xC8, 0x08, 0x08, 0xF8,
  0x80, 0x80, 0x8C, 0x80, 0x80, 0x0E, 0x08, 0x08,
  0x08, 0x08, 0x08, 0x08, 0x27, 0x08, 0x07, 0x48,
  0x48, 0x30, 0x03, 0x04, 0x34, 0x03, 0x44, 0x48,
  0x02, 0x33, 0x04, 0x03, 0x04, 0x84, 0x40, 0x08,
  0x84, 0x80, 0x80, 0x80, 0x00, 0x88, 0x9F, 0x80,
  0xF0, 0x80, 0x0C, 0x08, 0x8C, 0xC0, 0x80, 0xC8,
  0x80, 0x8C, 0x80, 0x0D, 0x08, 0x08, 0x0E, 0x08,
  0x08, 0xD8, 0xC3, 0x80, 0x80, 0x80, 0x80, 0x80,
  0x80, 0x80, 0x80, 0xF0, 0x83, 0x3F, 0x0D, 0x08,
  0x08, 0x08, 0x08, 0x08, 0x08, 0x88, 0x00, 0x88,
  0x00, 0xB7, 0xB7, 0x08, 0x08, 0xB7, 0x80, 0x08,
  0x80, 0x08, 0x08, 0x80, 0x08, 0x80, 0x08, 0x80,
  0xFF, 0x8A, 0x80, 0x80, 0x80, 0x08, 0x80, 0x08,
  0x80, 0x08, 0x08, 0x08, 0x08, 0x80, 0x80, 0x80,
  0x00, 0x00, 0x70, 0x7A, 0x77, 0x81, 0x00, 0x78,
  0x01, 0x80, 0x08, 0x17, 0x88, 0x00, 0x88, 0x70,
  0x81, 0x08, 0x80, 0x08, 0x80, 0x08, 0x80, 0x08,
  0x80, 0x08, 0xF0, 0xAF, 0x80, 0x8F, 0x08, 0x0E,
  0xC8, 0xB0, 0x08, 0x0D, 0x0C, 0x8B, 0x8B, 0xD0,
  0x8B, 0xD0, 0xB0, 0xC8, 0xC0, 0x08, 0x0C, 0x08,
  0x8C, 0x80, 0x00, 0x88, 0x00, 0x88, 0x17, 0x50,
  0x30, 0x50, 0x48, 0x30, 0x48, 0x30, 0x04, 0x03,
  0x04, 0x84, 0x84, 0x30, 0x80, 0x05, 0x08, 0x08,
  0x08, 0x06, 0x08, 0x3D, 0xD0, 0x80, 0x80, 0x80,
  0x80, 0x80, 0x80, 0x00, 0x88, 0x00, 0x88, 0x80,
  0x70, 0x07, 0x80, 0x80, 0x80, 0x27, 0x08, 0x08,
  0x07, 0x08, 0x08, 0x08, 0x78, 0x00, 0x08, 0x08,
  0x08, 0x08, 0x08, 0x08, 0x80, 0x08, 0x08, 0x08,
  0x08, 0x08, 0xFF, 0x8D, 0x80, 0x00, 0x88, 0xF0,
  0x8B, 0x80, 0x80, 0x80, 0xBF, 0x08, 0x08, 0xF8,
  0x0A, 0x08, 0x08, 0x08, 0xAF, 0x08, 0x08, 0x08,
  0x08, 0xF8, 0x8B, 0x00, 0x88, 0x00, 0x88, 0x00,
  0x88, 0x00, 0x88, 0x80, 0x80, 0x80, 0x00, 0x77,
  0x27, 0x00, 0x88, 0x00, 0x78, 0x85, 0x80, 0x80,
  0x70, 0x81, 0x80, 0x80, 0x00, 0x78, 0x01, 0x08,
  0x80, 0x08, 0x80, 0x08, 0x80, 0xF8, 0x8E, 0x80,
  0x80, 0x8F, 0xD8, 0x80, 0xD0, 0x80, 0x0C, 0x8B,
  0xD0, 0xC0, 0xB0, 0xC0, 0x08, 0x0C, 0x8B, 0x0C,
  0x0C, 0xC8, 0x80, 0x8B, 0x80, 0x8D, 0x80, 0x80,
  0x00, 0x87, 0x80, 0x85, 0x40, 0x38, 0x84, 0x84,
  0x33, 0x40, 0x43, 0x38, 0x34, 0x48, 0x83, 0x84,
  0x84, 0x03, 0x03, 0x84, 0x40, 0x80, 0x80, 0x80,
  0x07, 0x88, 0xC0, 0xC3, 0x80, 0x80, 0x80, 0xF0,
  0x80, 0x08, 0xD0, 0x08, 0x08, 0xD8, 0x08, 0x08,
  0x0E, 0x08, 0xC8, 0x08, 0x08, 0xE8, 0x80, 0x80,
  0x0D, 0x08, 0x08, 0x0E, 0x08, 0xC8, 0x08, 0x08,
  0x0E, 0x08, 0x08, 0xD8, 0x08, 0x08, 0x08, 0x0F,
  0x88, 0x00, 0x88, 0x0E, 0x08, 0x08, 0x08, 0x08,
  0x08, 0x08, 0x08, 0x08, 0x08, 0x08, 0x88, 0x00,
  0x08, 0x77, 0x05, 0x88, 0x00, 0x17, 0x80, 0x70,
  0x80, 0x80, 0x68, 0x08, 0x80, 0x58, 0x80, 0x80,
  0x50, 0x80, 0x80, 0x80, 0x87, 0x80, 0x00, 0x88,
  0x87, 0x80, 0x80, 0x80, 0x80, 0x07, 0x88, 0x00,
  0x88, 0x80, 0x00, 0x88, 0x00, 0x88, 0x00, 0x08,
  0x08, 0x08, 0x08, 0xFF, 0x8C, 0xF0, 0x09, 0xD8,
  0x80, 0x8C, 0xD0, 0x80, 0x8B, 0x8C, 0x0C, 0xC8,
  0xC0, 0xC0, 0xB0, 0x08, 0x8C, 0x8B, 0xD0, 0xC0,
  0x08, 0x80, 0x8C, 0x80, 0x80, 0x80, 0x80, 0x70,
  0x81, 0x86, 0x30, 0x40, 0x40, 0x83, 0x44, 0x38,
  0x03, 0x34, 0x48, 0x30, 0x04, 0x03, 0x04, 0x84,
  0x84, 0x80, 0x40, 0x80, 0x80, 0x80, 0xB7, 0x80,
  0x80, 0x80, 0x80, 0xF0, 0x88, 0x80, 0xE0, 0x08,
  0x08, 0x8D, 0x80, 0xD0, 0x80, 0x80, 0x3D, 0x8B,
  0x80, 0x80, 0xF0, 0xC3, 0x80, 0x80, 0x80, 0x80,
  0x80, 0x8F, 0xB4, 0x08, 0x08, 0x08, 0x08, 0x08,
  0x08, 0x08, 0xF8, 0x03, 0x88, 0x00, 0x88, 0x00,
  0x08, 0x08, 0x08, 0x08, 0x88, 0x80, 0x80, 0x3F,
  0xFF, 0x8B, 0x80, 0x80, 0x80, 0x80, 0xFF, 0x80,
  0x80, 0x80, 0x80, 0xF0, 0x0A, 0x08, 0x08, 0x80,
  0xF0, 0x8A, 0x80, 0x80, 0x9F, 0x80, 0x80, 0x80,
  0x80, 0x9F, 0x08, 0x8F, 0x77, 0x33, 0x14, 0x00,
  0x08, 0x08, 0x08, 0x08, 0x08, 0x08, 0x08, 0x43,
  0x80, 0xBC, 0xAC, 0x0C, 0xBB, 0xC8, 0xC0, 0x0B,
  0xBC, 0xC0, 0xC0, 0xB0, 0x80, 0x0C, 0x8C, 0xC0,
  0xB0, 0xC8, 0x80, 0x0C, 0x0C, 0xC8, 0xB0, 0xC8,
  0xC0, 0x08, 0x0C, 0x8B, 0x0C, 0x08, 0x0D, 0xB8,
  0xC3, 0x80, 0x80, 0x80, 0x87, 0x80, 0x40, 0x80,
  0x85, 0x03, 0x34, 0x40, 0x83, 0x04, 0x43, 0x84,
  0x03, 0x03, 0x34, 0x40, 0x40, 0x08, 0x84, 0x40,
  0x08, 0x58, 0x08, 0x08, 0x8C, 0x80, 0x80, 0x80,
  0x80, 0x80, 0x9F, 0x08, 0x88, 0x8F, 0x80, 0x80,
  0x0E, 0x08, 0x0D, 0x08, 0x88, 0x00, 0x0F, 0x08,
  0x08, 0x08, 0x08, 0xF8, 0x08, 0x08, 0x08, 0x08,
  0x08, 0x80, 0x80, 0x08, 0x80, 0x08, 0x80, 0x08,
  0x80, 0x80, 0x80, 0x80, 0x08, 0x08, 0x08, 0x09,
  0x00, 0x00, 0x00, 0x00, 0x00, 0x00, 0x00, 0x00,
  0xF0, 0x02, 0x80, 0x80, 0x80, 0xFF, 0x04, 0x08,
  0x08, 0x08, 0xFF, 0x04, 0x78, 0xD1, 0xC0, 0x80,
  0x80, 0x04, 0x84, 0x80, 0x8C, 0xC0, 0x08, 0x04,
  0x03, 0x85, 0x40, 0x8B, 0xD0, 0xB0, 0x88, 0x80,
  0x36, 0x17, 0x21, 0x82, 0x80, 0x8A, 0xAC, 0xAC,
  0xFB, 0xA9, 0xA0, 0x0A, 0xBB, 0xCB, 0xB0, 0xBC,
  0xC0, 0x0B, 0xC8, 0x80, 0x0C, 0xC8, 0x80, 0x0C,
  0x08, 0x58, 0x30, 0x40, 0x80, 0x04, 0xC8, 0x08,
  0xCC, 0xC0, 0x80, 0x0B, 0x08, 0x04, 0x58, 0x30,
  0x34, 0x04, 0x33, 0x34, 0x34, 0x17, 0x21, 0x22,
  0x62, 0x11, 0x22, 0x22, 0x20, 0x84, 0x30, 0x08,
  0x58, 0x4B, 0x08, 0xC8, 0x80, 0x80, 0xE0, 0x80,
  0xC0, 0x08, 0xC8, 0x08, 0x0D, 0x08, 0x8C, 0x8B,
  0xD0, 0x08, 0xC8, 0x80, 0xD0, 0x08, 0xC8, 0x08,
  0x08, 0xE8, 0x80, 0x80, 0xE0, 0x80, 0x80, 0x80,
  0x08, 0x80, 0x80, 0x08, 0x80, 0x08, 0xDF, 0x80,
  0x80, 0x80, 0x80, 0x80, 0x80, 0x08, 0x08, 0x77,
  0x00, 0x08, 0x3F, 0x0C, 0x88, 0x80, 0x00, 0x88,
  0x00, 0x08, 0x88, 0x00, 0x88, 0x00, 0x88, 0x00,
  0x08, 0x08, 0x08, 0x88, 0x80, 0x3F, 0x3F, 0x80,
  0xFF, 0x7A, 0x80, 0x4C, 0x0B, 0x08, 0x88, 0x00,
  0x88, 0x80, 0x00, 0x88, 0x00, 0x88, 0xB7, 0x17,
  0x80, 0x08, 0x80, 0x08, 0x17, 0x00, 0x88, 0x00,
  0x17, 0x08, 0x08, 0x08, 0x08, 0x78, 0x6B, 0x80,
  0x80, 0x0D, 0x08, 0x88, 0x00, 0x88, 0xF0, 0x09,
  0x80, 0x8E, 0x00, 0x0D, 0xC8, 0x80, 0xC0, 0x08,
  0x0C, 0xC8, 0xB8, 0x8C, 0xC0, 0x80, 0x80, 0xD8,
  0x80, 0xD0, 0x08, 0xC8, 0x08, 0x0D, 0x08, 0x58,
  0x08, 0x03, 0x04, 0x84, 0x84, 0x84, 0x33, 0x84,
  0x24, 0x30, 0x03, 0x08, 0x60, 0xB8, 0x08, 0x08,
  0xF8, 0x80, 0x8B, 0xD0, 0x08, 0x8C, 0x8B, 0xD0,
  0x08, 0x8C, 0x80, 0x80, 0x00, 0x88, 0x00, 0x08,
  0x88, 0x00, 0x88, 0x00, 0x88, 0x77, 0x82, 0x80,
  0x80, 0x80, 0x37, 0x80, 0x17, 0x04, 0x84, 0x84,
  0x43, 0x30, 0x03, 0x04, 0x34, 0x48, 0x03, 0x84,
  0x40, 0x80, 0x84, 0x80, 0x00, 0x88, 0xF0, 0x08,
  0xC8, 0x08, 0xD0, 0xB8, 0x08, 0x8D, 0x80, 0x8C,
  0x0C, 0xC8, 0x80, 0xD0, 0x80, 0xC0, 0x08, 0x08,
  0x0D, 0x88, 0x80, 0x0D, 0x08, 0x88, 0x80, 0xF0,
  0x88, 0x80, 0x80, 0x00, 0x88, 0x00, 0x88, 0x00,
  0x88, 0x00, 0x88, 0x00, 0x78, 0x47, 0x80, 0x80,
  0x08, 0x70, 0x03, 0x88, 0x00, 0x27, 0x08, 0x08,
  0x08, 0x17, 0x80, 0x80, 0x80, 0x80, 0x80, 0x00,
  0x88, 0xEF, 0x08, 0x08, 0xF8, 0x88, 0xE0, 0x80,
  0x0C, 0x08, 0x8C, 0x8B, 0xD0, 0x08, 0x0C, 0xC8,
  0xC0, 0xB8, 0x80, 0xD0, 0xB8, 0x08, 0x0D, 0x88,
  0x0C, 0x08, 0x88, 0x00, 0x88, 0x00, 0x88, 0x70,
  0x03, 0x78, 0x41, 0x30, 0x50, 0x48, 0x30, 0x48,
  0x30, 0x04, 0x03, 0x04, 0x03, 0x85, 0x04, 0x48,
  0x08, 0x48, 0x80, 0x80, 0x85, 0x80, 0x00, 0x88,
  0x00, 0x88, 0x80, 0x00, 0xF8, 0x0C, 0x88, 0x00,
  0x08, 0x88, 0xF0, 0x0C, 0x08, 0x88, 0x80, 0xF0,
  0x0B, 0x08, 0x80, 0x80, 0x08, 0x80, 0x08, 0x80,
  0x08, 0x80, 0x80, 0x77, 0x06, 0x08, 0xF8, 0x09,
  0x80, 0xE8, 0x08, 0xC8, 0xC8, 0xC8, 0xC0, 0xC0,
  0xB0, 0xC0, 0xB8, 0x8B, 0xD0, 0x08, 0x8C, 0x80,
  0x0C, 0x08, 0x8D, 0x80, 0x80, 0x80, 0x80, 0x80,
  0x80, 0x80, 0x80, 0x70, 0x05, 0x08, 0x78, 0x81,
  0x05, 0x48, 0x48, 0x30, 0x48, 0x30, 0x40, 0x84,
  0x43, 0x48, 0x32, 0x30, 0x04, 0x03, 0x04, 0x84,
  0x84, 0x03, 0x80, 0x85, 0x00, 0x88, 0x00, 0x88,
  0x00, 0x88, 0xAF, 0xF0, 0x80, 0xB8, 0x88, 0x0D,
  0x8C, 0xC0, 0xB8, 0xC8, 0xC8, 0xC0, 0xC0, 0xB0,
  0xB8, 0xC8, 0xC0, 0xB8, 0xC8, 0xC8, 0xC0, 0xC0,
  0x80, 0x0B, 0xC8, 0x08, 0x0D, 0x08, 0x8C, 0x80,
  0x80, 0x80, 0x80, 0x80, 0x70, 0x01, 0x78, 0x80,
  0x84, 0x03, 0x84, 0x84, 0x24, 0x30, 0x30, 0x50,
  0x48, 0x83, 0x84, 0x40, 0x38, 0x80, 0x50, 0x08,
  0x58, 0x08, 0x08, 0x80, 0x08, 0x08, 0x80, 0x08,
  0x80, 0xF8, 0x0C, 0x08, 0x08, 0x9F, 0x08, 0x08,
  0xF8, 0x08, 0x08, 0x08, 0x8F, 0x00, 0x88, 0x00,
  0x88, 0xF0, 0x88, 0x80, 0x80, 0x00, 0x88, 0x00,
  0x88, 0xF0, 0x0C, 0x08, 0x88, 0x80, 0x00, 0x88,
  0x00, 0x88, 0x00, 0x88, 0x80, 0x80, 0x80, 0x00,
  0x08, 0x08, 0x08, 0x00, 0x00, 0x00, 0x00, 0x00,
  0x00, 0x00, 0x00, 0x70, 0x8A, 0x70, 0xD7, 0xB7,
  0x80, 0x80, 0x80, 0x80, 0x08, 0x80, 0x08, 0x80,
  0x08, 0x70, 0x37, 0x80, 0x80, 0x70, 0x03, 0x08,
  0x08, 0x27, 0x08, 0x08, 0x08, 0x08, 0x27, 0x8E,
  0x80, 0x80, 0xF0, 0x80, 0xC0, 0x08, 0x8C, 0xC0,
  0x08, 0x8C, 0x8B, 0xD0, 0xB8, 0xC8, 0x80, 0x8C,
  0x0C, 0xC8, 0x80, 0x0C, 0x0C, 0xC8, 0xB0, 0x08,
  0x0D, 0xB8, 0x88, 0xD0, 0x08, 0x08, 0xE8, 0x80,
  0x80, 0x85, 0x80, 0x50, 0x08, 0x84, 0x04, 0x33,
  0x40, 0x40, 0x33, 0x40, 0x34, 0x83, 0x44, 0x02,
  0x33, 0x04, 0x43, 0x03, 0x04, 0x03, 0x84, 0x40,
  0x80, 0x85, 0x80, 0x80, 0x80, 0x00, 0x88, 0x00,
  0x88, 0xAF, 0x08, 0xF8, 0x88, 0x0D, 0x88, 0x0C,
  0x08, 0x8D, 0xC0, 0x08, 0x08, 0x8D, 0x80, 0xD0,
  0x80, 0x80, 0x08, 0x8E, 0x00, 0x08, 0x88, 0x00,
  0x88, 0x80, 0xAF, 0x80, 0x80, 0x80, 0x80, 0x80,
  0x80, 0x80, 0x80, 0x80, 0x80, 0x80, 0x80, 0x80,
  0x08, 0x08, 0x08, 0x09, 0x00, 0x2F, 0xFF, 0x9F,
  0x80, 0x08, 0x80, 0x08, 0x80, 0x08, 0x80, 0x08,
  0x80, 0x80, 0x80, 0x80, 0x08, 0x08, 0x08, 0xFF,
  0xFF, 0x08, 0x08, 0x08, 0x88, 0x00, 0x88, 0x80,
  0x80, 0x80, 0x80, 0x00, 0x77, 0x06, 0x88, 0x00,
  0x08, 0x88, 0x00, 0x57, 0x08, 0x08, 0x08, 0x08,
  0x27, 0x08, 0x08, 0x08, 0x08, 0x08, 0x08, 0x08,
  0x80, 0x08, 0x80, 0x80, 0x80, 0xFF, 0x8F, 0x08,
  0xF8, 0x88, 0x80, 0x0E, 0xC8, 0x08, 0x0C, 0xC8,
  0x80, 0x0C, 0xC8, 0x80, 0x0C, 0xC8, 0x08, 0x0C,
  0x08, 0xD8, 0x80, 0x80, 0x08, 0x80, 0x07, 0x08,
  0x08, 0x05, 0x48, 0x80, 0x85, 0x30, 0x80, 0x05,
  0x48, 0x80, 0x40, 0x80, 0x80, 0x05, 0x08, 0x08,
  0x08, 0x08, 0x08, 0x08, 0xBF, 0x80, 0x80, 0xF0,
  0x89, 0xE8, 0x08, 0x08, 0x8D, 0x80, 0xE0, 0x80,
  0x80, 0x80, 0x80, 0x08, 0x08, 0x80, 0x78, 0x83,
  0x70, 0x80, 0x85, 0x40, 0x38, 0x40, 0x48, 0x48,
  0x38, 0x30, 0x40, 0x80, 0x04, 0x58, 0x08, 0x03,
  0x80, 0x05, 0x08, 0x08, 0x08, 0x08, 0x08, 0x08,
  0xF8, 0x8B, 0x80, 0x80, 0xAF, 0x80, 0x8F, 0x80,
  0x0C, 0x08, 0x8D, 0x80, 0x8C, 0x80, 0xE0, 0x80,
  0x80, 0x8C, 0x80, 0x80, 0x0E, 0x08, 0x08, 0x08,
  0x08, 0x3F, 0x8C, 0x80, 0x80, 0x00, 0x88, 0x00,
  0x78, 0x01, 0x08, 0x80, 0x08, 0x80, 0x78, 0x03,
  0x80, 0x80, 0x70, 0x02, 0x08, 0x08, 0x08, 0x80,
  0x47, 0x08, 0x08, 0x80, 0x80, 0x08, 0x80, 0x08,
  0x80, 0xF8, 0xAF, 0x80, 0xF0, 0x09, 0xE8, 0x08,
  0xD0, 0x80, 0x0C, 0xB8, 0xC8, 0x08, 0x8C, 0xD0,
  0xC0, 0x80, 0x0B, 0xC8, 0x08, 0x0D, 0xB8, 0x08,
  0x08, 0xF8, 0x80, 0x80, 0x50, 0x08, 0x08, 0x68,
  0x08, 0x03, 0x58, 0x30, 0x40, 0x40, 0x48, 0x38,
  0x40, 0x30, 0x80, 0x85, 0x04, 0x83, 0x40, 0x80,
  0x40, 0x80, 0x80, 0x06, 0x08, 0x08, 0x08, 0x08,
  0x08, 0x08, 0x08, 0x08, 0x08, 0x08, 0x08, 0xFF,
  0x0A, 0x08, 0x08, 0x08, 0x08, 0x08, 0x08, 0xFF,
  0x09, 0xB7, 0x30, 0x0C, 0xC3, 0xB3, 0x08, 0x08,
  0x08, 0x08, 0x08, 0x08, 0xF8, 0x8B, 0x00, 0xF8,
  0x89, 0xE8, 0x08, 0xC8, 0x08, 0xD8, 0x08, 0x0D,
  0xB8, 0x08, 0xD8, 0x08, 0x0D, 0x08, 0x8C, 0xC0,
  0x08, 0xC8, 0x80, 0x08, 0x8D, 0x80, 0x80, 0x80,
  0x80, 0x80, 0x80, 0x80, 0x80, 0x67, 0x08, 0x86,
  0x04, 0x48, 0x38, 0x40, 0x48, 0x48, 0x38, 0x03,
  0x84, 0x84, 0x84, 0x03, 0x03, 0x04, 0x03, 0x68,
  0x08, 0x84, 0x80, 0x04, 0x08, 0x08, 0x08, 0x88,
  0x00, 0x88, 0x00, 0xBF, 0x88, 0xF0, 0x09, 0x0E,
  0xC8, 0x80, 0x8B, 0x8C, 0xC0, 0xC8, 0xC0, 0xC0,
  0xB0, 0xB8, 0xC8, 0xC8, 0x80, 0x0C, 0x0C, 0x8B,
  0xD0, 0xC0, 0x80, 0xC0, 0x80, 0x80, 0x8C, 0x80,
  0x80, 0x80, 0x70, 0x80, 0x00, 0x85, 0x40, 0x80,
  0x85, 0x30, 0x40, 0x40, 0x48, 0x48, 0x38, 0x80,
  0x84, 0x04, 0x48, 0x08, 0x03, 0x08, 0x05, 0x08,
  0x08, 0x86, 0x80, 0x80, 0x80, 0x80, 0x80, 0x80,
  0x80, 0xBF, 0x08, 0x08, 0x08, 0x3F, 0x0F, 0x08,
  0x08, 0x88, 0x0E, 0x08, 0x08, 0x08, 0x08, 0x08,
  0xF8, 0x89, 0x80, 0x80, 0x80, 0x80, 0x08, 0x80,
  0x08, 0x80, 0xF8, 0xAF, 0x80, 0x80, 0x00, 0x88,
  0x00, 0x08, 0x08, 0x08, 0x08, 0x88, 0x80, 0x80,
  0x80, 0x80, 0x80, 0x00, 0x00, 0x00, 0x00, 0x00,
  0x00, 0x00, 0x00, 0x00, 0x00, 0x00, 0x00, 0x00,
  0x00, 0x00, 0x00, 0x00, 0x00, 0x77, 0x77, 0x80,
  0x80, 0x80, 0x70, 0x82, 0x00, 0x88, 0x00, 0x88,
  0x00, 0x88, 0x00, 0x88, 0x00, 0x08, 0x08, 0x08,
  0x88, 0xF0, 0xFF, 0x8B, 0xF0, 0x8A, 0x80, 0xF0,
  0x09, 0x0D, 0x88, 0x0C, 0xC8, 0x08, 0x0D, 0x0C,
  0x0B, 0xC8, 0xC0, 0x08, 0x0C, 0x8B, 0x0C, 0xC8,
  0x80, 0x0C, 0xC8, 0x80, 0x80, 0x80, 0x08, 0x80,
  0x08, 0x08, 0x70, 0x03, 0x78, 0x50, 0x48, 0x38,
  0x30, 0x04, 0x03, 0x44, 0x38, 0x04, 0x33, 0x40,
  0x84, 0x03, 0x34, 0x40, 0x48, 0x38, 0x00, 0x84,
  0x40, 0x80, 0x80, 0x80, 0x80, 0x80, 0x80, 0x00,
  0x88, 0x00, 0xFF, 0x80, 0x08, 0x0F, 0x08, 0xC8,
  0x08, 0xD8, 0x80, 0x80, 0xE0, 0x80, 0x80, 0xD0,
  0x08, 0x08, 0x08, 0x8E, 0x80, 0x80, 0x80, 0x80,
  0x80, 0x9F, 0x80, 0x80, 0x80, 0x80, 0x80, 0x80,
  0x80, 0x80, 0x80, 0x80, 0x80, 0x00, 0x08, 0x08,
  0x08, 0x08, 0x08, 0x09, 0x00, 0x00, 0x00, 0x00,
  0x00, 0x00, 0x00, 0xFF, 0xFF, 0x08, 0x08, 0x08,
  0x08, 0x88, 0x00, 0x08, 0x08, 0x08, 0x08, 0x88,
  0x80, 0x80, 0x80, 0x3F, 0xF0, 0xF3, 0xF3, 0xF3,
  0x83, 0x80, 0x00, 0x88, 0x00, 0x88, 0x80, 0x00,
  0x88, 0x70, 0x86, 0x80, 0x80, 0x80, 0x80, 0x27,
  0x80, 0x80, 0x80, 0x80, 0x80, 0x80, 0x08, 0x80,
  0x08, 0x80, 0x80, 0x80, 0x80, 0xFF, 0xAF, 0xF0,
  0x09, 0xD8, 0xC0, 0x08, 0xC8, 0x08, 0xD8, 0x80,
  0x0C, 0xC8, 0x80, 0xD0, 0x80, 0xC0, 0x08, 0x08,
  0xD8, 0x08, 0x08, 0x08, 0x08, 0x70, 0x00, 0x08,
  0x08, 0x07, 0x08, 0x58, 0x08, 0x40, 0x08, 0x04,
  0x08, 0x85, 0x80, 0x50, 0x08, 0x08, 0x08, 0x08,
  0xB7, 0x03, 0x80, 0x8D, 0x80, 0x80, 0x80, 0x8F,
  0x80, 0x80, 0x0D, 0x88, 0xD0, 0x08, 0x08, 0x08,
  0xF8, 0x08, 0x08, 0x08, 0x06, 0x88, 0x00, 0x68,
  0x80, 0x84, 0x40, 0x08, 0x84, 0x40, 0x08, 0x04,
  0x03, 0x58, 0x48, 0x80, 0x84, 0x80, 0x04, 0x48,
  0x08, 0x80, 0x08, 0x06, 0x08, 0x88, 0x00, 0x88,
  0x00, 0x9F, 0x08, 0x08, 0x08, 0x9F, 0x80, 0xE0,
  0x08, 0x80, 0x0D, 0x08, 0x0D, 0x88, 0x00, 0x8D,
  0x80, 0x80, 0x8D, 0x80, 0x80, 0x80, 0x0F, 0x88,
  0x00, 0x88, 0x00, 0x88, 0x80, 0x00, 0x88, 0x00,
  0x88, 0x00, 0x88, 0x80, 0x80, 0x70, 0x77, 0x00,
  0x08, 0x78, 0x01, 0x08, 0x88, 0x70, 0x81, 0x08,
  0x80, 0x08, 0x80, 0x08, 0x80, 0x08, 0x80, 0x08,
  0xF0, 0xAF, 0x80, 0x8F, 0x08, 0xE8, 0x08, 0x0C,
  0x08, 0x0D, 0x0C, 0x08, 0x0C, 0x0C, 0xB8, 0x80,
  0x8C, 0xD0, 0x80, 0xC0, 0x08, 0xC8, 0x80, 0x08,
  0x80, 0x3F, 0x3B, 0x3C, 0x00, 0x08, 0x68, 0x80,
  0x58, 0x08, 0x84, 0x03, 0x58, 0x48, 0x38, 0x30,
  0x40, 0x08, 0x04, 0x58, 0x48, 0x08, 0x48, 0x08,
  0x08, 0x04, 0x08, 0x08, 0x88, 0x80, 0x00, 0x78,
  0x8B, 0x00, 0x88, 0x00, 0x88, 0x00, 0x88, 0x00,
  0x88, 0x00, 0x08, 0x08, 0xFF, 0xF4, 0x09, 0x08,
  0x08, 0x08, 0x08, 0x08, 0x08, 0x08, 0x88, 0x00,
  0x88, 0x80, 0xF0, 0xEF, 0x08, 0xF8, 0xC3, 0x80,
  0x80, 0x0D, 0x08, 0x0D, 0x08, 0xC8, 0x08, 0x0D,
  0x08, 0x8C, 0x80, 0x8C, 0x00, 0x8D, 0x80, 0x8C,
  0x80, 0xE0, 0x80, 0x80, 0x80, 0xE0, 0x08, 0x08,
  0x08, 0x78, 0x80, 0x08, 0x80, 0x78, 0x08, 0x48,
  0x08, 0x03, 0x04, 0x58, 0x08, 0x03, 0x04, 0x84,
  0x84, 0x84, 0x03, 0x48, 0x30, 0x80, 0x05, 0x03,
  0x58, 0x08, 0x08, 0x85, 0x00, 0x88, 0x00, 0x88,
  0x00, 0x88, 0x00, 0xF8, 0x0C, 0xF8, 0x08, 0xC8,
  0x08, 0x8C, 0x0C, 0xC8, 0xC0, 0xC0, 0x80, 0x0B,
  0x8C, 0x8B, 0x8C, 0xD0, 0xC0, 0x80, 0x0B, 0x8C,
  0xC0, 0x08, 0xC8, 0x80, 0x08, 0x8D, 0x80, 0x80,
  0x80, 0x80, 0x80, 0x27, 0x88, 0x07, 0x08, 0x03,
  0x50, 0x48, 0x30, 0x00, 0x04, 0x04, 0x84, 0x40,
  0x08, 0x84, 0x84, 0x80, 0x04, 0x08, 0x58, 0x80,
  0x80, 0x80, 0x80, 0x80, 0x80, 0x08, 0x80, 0x08,
  0x80, 0x08, 0x80, 0xFF, 0x8A, 0x80, 0x80, 0x80,
  0xF8, 0x0D, 0x08, 0x08, 0x08, 0xF8, 0xE3, 0x80,
  0x80, 0x80, 0x08, 0x80, 0x08, 0x08, 0x80, 0x08,
  0x80, 0x08, 0x80, 0x08, 0x08, 0x08, 0x08, 0x80,
  0x80, 0x80, 0x00, 0x00, 0x00, 0x2F, 0xFF, 0x9F,
  0x80, 0x08, 0x80, 0x08, 0x80, 0x08, 0x80, 0x08,
  0x80, 0x80, 0x80, 0x80, 0x08, 0x08, 0x08, 0x09,
  0x00, 0x00, 0x77, 0x77, 0x80, 0x80, 0x80, 0x00,
  0x88, 0x00, 0x08, 0x08, 0x77, 0x81, 0x80, 0x80,
  0x80, 0x80, 0x00, 0x08, 0x08, 0x08, 0x08, 0x88,
  0x80, 0x80, 0xF0, 0xFF, 0x0B, 0xF0, 0x0A, 0xE8,
  0x08, 0xD8, 0x80, 0x0C, 0xC8, 0xC0, 0x80, 0x8B,
  0x8C, 0xD0, 0xC0, 0x80, 0x0B, 0x8C, 0xC0, 0x08,
  0x8C, 0x00, 0x0D, 0x88, 0x00, 0x8D, 0x80, 0x80,
  0x86, 0x80, 0x80, 0x05, 0x48, 0x80, 0x04, 0x03,
  0x84, 0x04, 0x43, 0x30, 0x40, 0x84, 0x84, 0x33,
  0x40, 0x03, 0x48, 0x84, 0x30, 0x40, 0x80, 0x85,
  0x80, 0x04, 0x08, 0x08, 0x08, 0x08, 0x08, 0x08,
  0x80, 0x08, 0x80, 0xF0, 0x8F, 0x80, 0x0F, 0x08,
  0x08, 0x8D, 0x80, 0x8C, 0x80, 0x80, 0x0E, 0x08,
  0x08, 0xE8, 0x80, 0x80, 0x80, 0x80, 0x08, 0x80,
  0x80, 0x08, 0x80, 0x08, 0x80, 0x08, 0xFF, 0x8A,
  0x80, 0x80, 0x80, 0x80, 0x08, 0x80, 0x08, 0x80,
  0x80, 0x80, 0x80, 0x08, 0x08, 0x08, 0x09, 0x00,
  0x00, 0x00, 0x00, 0x00, 0x00, 0xF0, 0xF2, 0xFF,
  0x09, 0x88, 0x00, 0x88, 0x00, 0x88, 0xF0, 0xF3,
  0xE3, 0x08, 0x80, 0x08, 0x80, 0x08, 0x17, 0x88,
  0x00, 0x88, 0x00, 0x88, 0x00, 0x37, 0x80, 0x08,
  0x80, 0x08, 0x47, 0x08, 0x80, 0x08, 0x08, 0x37,
  0x08, 0x88, 0x00, 0x88, 0x00, 0x88, 0x00, 0x88,
  0xF0, 0xAF, 0x08, 0x08, 0xAF, 0x08, 0x8F, 0x80,
  0x8C, 0x80, 0x8C, 0x80, 0x8D, 0x80, 0x0D, 0xC8,
  0x80, 0x80, 0x0D, 0x08, 0x0D, 0x08, 0x08, 0x8D,
  0x80, 0x80, 0x80, 0x80, 0x80, 0x80, 0x80, 0xB7,
  0x07, 0x08, 0x58, 0x80, 0x40, 0x80, 0x08, 0x05,
  0x08, 0x85, 0x80, 0x50, 0x08, 0x08, 0x08, 0x08,
  0x08, 0x08, 0x80, 0x08, 0x80, 0xF8, 0x8E, 0x80,
  0x80, 0x8F, 0x08, 0x08, 0x88, 0x8F, 0x80, 0x80,
  0x80, 0x80, 0x80, 0x80, 0x70, 0x03, 0x88, 0x70,
  0x01, 0x60, 0x80, 0x04, 0x58, 0x08, 0x03, 0x40,
  0x80, 0x05, 0x08, 0x04, 0x08, 0x04, 0x08, 0x68,
  0x80, 0x80, 0x80, 0x80, 0xB7, 0xB4, 0xC3, 0x80,
  0x80, 0x80, 0x80, 0x00, 0x88, 0x9F, 0x80, 0x80,
  0xF0, 0x88, 0x80, 0x80, 0x8E, 0x80, 0x80, 0x0E,
  0x08, 0x08, 0x0E, 0x08, 0x08, 0x88, 0x00, 0xF8,
  0x88, 0x80, 0x80, 0x00, 0x88, 0x00, 0x88, 0x00,
  0x57, 0x08, 0x08, 0x08, 0x08, 0x08, 0x37, 0x80,
  0x80, 0x80, 0x08, 0x70, 0x85, 0x80, 0x80, 0x80,
  0x80, 0x80, 0x80, 0x80, 0x08, 0x80, 0xF8, 0xBF,
  0x08, 0x08, 0xBF, 0x80, 0x8F, 0x80, 0x0D, 0x08,
  0x0D, 0xB8, 0x88, 0x8C, 0xD0, 0x08, 0x8C, 0xC0,
  0x08, 0xC8, 0x80, 0xD0, 0x08, 0x08, 0x08, 0x8E,
  0x80, 0x80, 0x80, 0x80, 0x07, 0x80, 0x80, 0x06,
  0x48, 0x80, 0x04, 0x48, 0x08, 0x04, 0x03, 0x58,
  0x08, 0x84, 0x04, 0x88, 0x04, 0x08, 0x04, 0x08,
  0x08, 0x86, 0x80, 0x80, 0x00, 0x88, 0x70, 0x4B,
  0x80, 0x80, 0x80, 0x80, 0x80, 0x00, 0x88, 0x00,
  0x88, 0x00, 0x88, 0x00, 0x08, 0x08, 0x08, 0x88,
  0xF0, 0xFF, 0x8B, 0x80, 0x08, 0x80, 0x08, 0xF0,
  0x9F, 0x00, 0x08, 0xF8, 0x09, 0x08, 0xF8, 0x08,
  0x08, 0xD8, 0x08, 0x08, 0xF0, 0x80, 0x80, 0x0C,
  0x08, 0x0D, 0x08, 0x8C, 0x80, 0xD0, 0x08, 0x08,
  0x8D, 0x00, 0x88, 0x00, 0x8F, 0x80, 0x80, 0x00,
  0x88, 0x00, 0x88, 0x70, 0x82, 0x00, 0x07, 0x08,
  0x85, 0x40, 0x08, 0x84, 0x40, 0x48, 0x08, 0x84,
  0x03, 0x84, 0x40, 0x48, 0x08, 0x84, 0x30, 0x80,
  0x05, 0x08, 0x84, 0x00, 0x88, 0x00, 0x87, 0x00,
  0x0D, 0xC3, 0x80, 0x80, 0xD0, 0x08, 0xC8, 0x08,
  0xD8, 0x80, 0x0C, 0x0C, 0xB8, 0xC8, 0x08, 0x0D,
  0x0C, 0x0B, 0xC8, 0xC0, 0xB8, 0x80, 0xD0, 0xB8,
  0x08, 0xD8, 0x08, 0xD0, 0x08, 0x08, 0x08, 0x08,
  0x08, 0x08, 0x08, 0x27, 0x80, 0x07, 0x80, 0x05,
  0x48, 0x30, 0x80, 0x05, 0x48, 0x80, 0x84, 0x40,
  0x08, 0x58, 0x08, 0x30, 0x80, 0x00, 0x78, 0x80,
  0x80, 0x80, 0x80, 0x80, 0x80, 0x80, 0x08, 0x80,
  0x08, 0x80, 0x08, 0x80, 0x80, 0x80, 0xF0, 0xFF,
  0x89, 0x00, 0x88, 0x00, 0x88, 0x00, 0x88, 0x00,
  0x88, 0xF0, 0xF3, 0x0F, 0x08, 0x08, 0x88, 0x00,
  0x88, 0x00, 0x88, 0x80, 0x80, 0x80, 0x80, 0x00,
  0x08, 0x08, 0x08, 0x08, 0x08, 0x2F, 0x80, 0xFF,
  0xF5, 0x8A, 0x80, 0x80, 0x00, 0x88, 0x00, 0x88,
  0x00, 0x88, 0x70, 0x7B, 0x85, 0x80, 0x80, 0x80,
  0x80, 0x00, 0x88, 0x80, 0x80, 0x80, 0x80, 0x70,
  0x7B, 0x07, 0x08, 0x08, 0x08, 0x08, 0x08, 0x08,
  0x08, 0x08, 0x08, 0x08, 0x08, 0x80, 0x80, 0x80,
  0x80, 0xFF, 0xCF, 0x08, 0x08, 0xAF, 0x08, 0xF8,
  0x08, 0xD8, 0x80, 0x0C, 0x08, 0x0D, 0xB8, 0x88,
  0x8C, 0xD0, 0x08, 0x8C, 0xC0, 0x08, 0xC8, 0x80,
  0xD0, 0x08, 0x08, 0x08, 0x08, 0x08, 0x08, 0x08,
  0x08, 0x78, 0x85, 0x80, 0x07, 0x48, 0x80, 0x04,
  0x48, 0x30, 0x80, 0x05, 0x03, 0x58, 0x30, 0x80,
  0x05, 0x48, 0x08, 0x58, 0x08, 0x30, 0x80, 0x00,
  0x88, 0x00, 0x17, 0x08, 0x08, 0x08, 0x08, 0xAF,
  0x80, 0x00, 0x88, 0x80, 0x00, 0x88, 0xF0, 0x0E,
  0x08, 0x08, 0x08, 0x08, 0xAF, 0x08, 0x08, 0x08,
  0x08, 0x08, 0x80, 0x08, 0x80, 0x08, 0xFF, 0x8A,
  0x80, 0x80, 0x80, 0xB7, 0x80, 0x70, 0x01, 0x8E,
  0x80, 0x80, 0x80, 0x80, 0x80, 0x80, 0x80, 0x00,
  0x88, 0x00, 0x88, 0x70, 0x0B, 0x08, 0x08, 0x08,
  0x08, 0x88, 0x80, 0x80, 0x80, 0x80, 0x80, 0x00,
  0x00, 0x00, 0x00, 0x00, 0x00, 0x00, 0x00, 0x00,
  0x00, 0x00, 0x00, 0x00, 0x00, 0x00, 0x00, 0x00,
  0x00, 0x00, 0x00, 0x00, 0x00, 0x00, 0x00, 0x00,
  0x00, 0xFF, 0xFF, 0x08, 0xF8, 0xC3, 0x80, 0x80,
  0x08, 0x80, 0x08, 0xF0, 0xD9, 0x08, 0x08, 0x80,
  0x08, 0x80, 0xF8, 0x09, 0x08, 0x08, 0x08, 0x9F,
  0x08, 0x8E, 0x00, 0x88, 0xE0, 0x08, 0x80, 0xBD,
  0xC8, 0x80, 0xBC, 0x80, 0x8C, 0x80, 0xBF, 0x07,
  0x67, 0x83, 0x00, 0x08, 0x88, 0x88, 0x98, 0x88,
  0x98, 0x91, 0x0C, 0x9F, 0x0A, 0x8B, 0x9A, 0x9F,
  0x7A, 0x55, 0x23, 0x11, 0x88, 0x00, 0x88, 0x88,
  0x88, 0x90, 0x80, 0x11, 0x12, 0xB9, 0xCF, 0xBB,
  0xBA, 0xBA, 0xBA, 0xBC, 0xBA, 0xCB, 0x9B, 0xAA,
  0xAA, 0x0B, 0x8B, 0x0C, 0x8C, 0x00, 0x88, 0x4C,
  0x08, 0x08, 0xD8, 0x08, 0x08, 0x68, 0x0B, 0x08,
  0x88, 0x00, 0x88, 0x00, 0x3F, 0x08, 0x08, 0x08,
  0x9F, 0x08, 0xB6, 0x03, 0x08, 0x08, 0x3F, 0x08,
  0x40, 0x08, 0x08, 0x3D, 0x80, 0x80, 0x0E, 0x03,
  0x08, 0xE8, 0x80, 0x80, 0x85, 0x00, 0x88, 0xE0,
  0x08, 0x80, 0x08, 0x80, 0x08, 0x80, 0xF0, 0x83,
  0x80, 0x80, 0x17, 0x80, 0xF0, 0x08, 0x03, 0x3C,
  0x80, 0x05, 0x08, 0x0D, 0x08, 0x84, 0x80, 0x80,
  0x8D, 0x04, 0x03, 0x0D, 0x8B, 0x08, 0x17, 0x80,
  0x0B, 0x0C, 0x08, 0x03, 0x17, 0x02, 0x8B, 0x8B,
  0x8F, 0xBA, 0x86, 0x07, 0x03, 0x00, 0x19, 0x8B,
  0x8F, 0x8C, 0x8A, 0x0A, 0x0C, 0x0C, 0x1A, 0x89,
  0x9B, 0x0C, 0x28, 0x21, 0xB3, 0xB0, 0xBC, 0x17,
  0x17, 0x85, 0x81, 0xA0, 0x80, 0x21, 0x13, 0x01,
  0xC8, 0xC8, 0x80, 0x24, 0x37, 0x23, 0x85, 0x83,
  0xA1, 0xC1, 0xA8, 0x11, 0x45, 0x25, 0x14, 0x12,
  0x08, 0x9A, 0xBD, 0xBC, 0x9E, 0x9C, 0x9A, 0xAA,
  0xA9, 0xAB, 0xBB, 0x9D, 0x9C, 0x99, 0x89, 0x88,
  0x89, 0xA0, 0x80, 0x80, 0x33, 0x47, 0x34, 0x26,
  0x23, 0x23, 0x02, 0x82, 0x98, 0x0A, 0x0B, 0x08,
  0x43, 0x24, 0x36, 0x26, 0x42, 0x33, 0x24, 0x43,
  0x33, 0x34, 0x43, 0x32, 0x43, 0x22, 0x31, 0x12,
  0x02, 0x82, 0x8A, 0xAF, 0xA9, 0xCC, 0xC9, 0x9A,
  0x9C, 0xBB, 0x9C, 0xAB, 0x9C, 0xCA, 0xA9, 0xAA,
  0xB0, 0x0E, 0xAA, 0xAA, 0xB8, 0x0B, 0x8C, 0x8B,
  0x80, 0x80, 0x8E, 0x80, 0x80, 0x80, 0x00, 0xF8,
  0x09, 0x08, 0x88, 0x00, 0x88, 0x00, 0x78, 0xE4,
  0x03, 0x08, 0xD8, 0x08, 0x08, 0x08, 0x08, 0x07,
  0x08, 0x80, 0x08, 0x80, 0x07, 0x50, 0x08, 0xD0,
  0x80, 0x08, 0x80, 0x08, 0x87, 0x84, 0x30, 0x0C,
  0x3B, 0x0C, 0xC8, 0x03, 0xB4, 0x03, 0x84, 0x00,
  0x88, 0x87, 0x03, 0x08, 0x08, 0x0E, 0x0C, 0x8E,
  0xAB, 0x0D, 0x8D, 0x8A, 0x9B, 0x0C, 0x8B, 0x0C,
  0x8A, 0x80, 0xB0, 0x03, 0x08, 0x85, 0x84, 0x84,
  0xB3, 0x03, 0x80, 0x05, 0x84, 0x84, 0x84, 0xB3,
  0x07, 0x21, 0x02, 0x07, 0x83, 0x03, 0x04, 0x03,
  0x04, 0x14, 0x84, 0x84, 0x03, 0x08, 0x08, 0x88,
  0x4B, 0x3B, 0x80, 0x80, 0x8D, 0x0C, 0xBC, 0xBB,
  0x8C, 0x4B, 0x08, 0x58, 0x08, 0x08, 0xD8, 0x0B,
  0x8F, 0xAA, 0x0B, 0x48, 0x08, 0x83, 0x44, 0x38,
  0x80, 0x84, 0x34, 0x48, 0x08, 0x84, 0xC0, 0xBB,
  0xEC, 0xCB, 0xBB, 0xAE, 0xAB, 0xDB, 0xBA, 0xCA,
  0xBA, 0xDA, 0xAA, 0x9A, 0xBA, 0x89, 0x8A, 0x8A,
  0x40, 0x38, 0x84, 0x24, 0x33, 0x34, 0x43, 0x38,
  0x84, 0x24, 0x03, 0x43, 0x43, 0x33, 0x34, 0x26,
  0x14, 0x34, 0x43, 0x33, 0x26, 0x23, 0x15, 0x43,
  0x31, 0x23, 0x43, 0x31, 0x33, 0x21, 0x22, 0x30,
  0x08, 0x08, 0x8D, 0xCB, 0x8B, 0xBC, 0xBC, 0xFB,
  0x9A, 0x9C, 0xAA, 0xDA, 0xA9, 0xAA, 0xAA, 0xCB,
  0xB0, 0xCB, 0xBB, 0xC0, 0xB8, 0x08, 0xD8, 0x08,
  0xD8, 0x80, 0x0C, 0x08, 0x08, 0x0E, 0x08, 0x08,
  0x08, 0x88, 0x07, 0x08, 0xB4, 0x84, 0x80, 0x80,
  0x80, 0x80, 0x8F, 0x80, 0x0D, 0x8C, 0x0B, 0x8C,
  0x8F, 0x8B, 0x0A, 0x0E, 0x0C, 0x89, 0x0A, 0x8A,
  0x8A, 0x0B, 0x08, 0x08, 0x08, 0x08, 0x08, 0x08,
  0x08, 0x47, 0x08, 0x07, 0x03, 0x04, 0x03, 0x35,
  0x84, 0x07, 0x83, 0x04, 0x03, 0x07, 0x82, 0x83,
  0x03, 0x82, 0x02, 0x83, 0x84, 0x80, 0x80, 0x00,
  0x88, 0xF0, 0x88, 0xCC, 0xB0, 0xC8, 0x4B, 0x0F,
  0x98, 0x2A, 0x2D, 0x0C, 0x98, 0x08, 0x8A, 0x8A,
  0x80, 0x80, 0x0D, 0x08, 0x0D, 0x08, 0x08, 0x08,
  0x08, 0x87, 0x80, 0x85, 0x00, 0x88, 0x00, 0x88,
  0x07, 0x48, 0x80, 0x04, 0x03, 0x08, 0x68, 0x80,
  0x80, 0x80, 0xB6, 0x84, 0x8B, 0x80, 0x00, 0x88,
  0x70, 0x00, 0x58, 0x48, 0x80, 0x84, 0x03, 0x84,
  0x40, 0xB8, 0x58, 0x8B, 0xC0, 0xC0, 0xBB, 0xBC,
  0xAE, 0xBC, 0xCA, 0xCB, 0xBB, 0xBC, 0x9D, 0xAA,
  0xBA, 0x9C, 0xAB, 0x9A, 0xB8, 0xCA, 0xB0, 0xB8,
  0x08, 0x08, 0x08, 0x80, 0x07, 0x85, 0x40, 0x38,
  0x40, 0x43, 0x38, 0x34, 0x17, 0x41, 0x41, 0x22,
  0x33, 0x45, 0x22, 0x15, 0x42, 0x21, 0x33, 0x24,
  0x32, 0x33, 0x14, 0x14, 0x13, 0x21, 0x02, 0x02,
  0x03, 0x08, 0x08, 0x08, 0x8F, 0xCB, 0xB8, 0xCC,
  0xBA, 0xCB, 0x9E, 0x8C, 0x0D, 0x9C, 0x9A, 0xAA,
  0x9B, 0xAC, 0xAB, 0x9D, 0xA9, 0x8C, 0xAB, 0x0A,
  0x8E, 0x09, 0x8A, 0x0A, 0x8B, 0x80, 0x80, 0xF0,
  0x83, 0x80, 0x40, 0x80, 0x85, 0x03, 0x84, 0x07,
  0x84, 0x82, 0x04, 0x95, 0x04, 0x11, 0x83, 0x82,
  0x85, 0x94, 0x83, 0x82, 0x80, 0x83, 0x80, 0x80,
  0x80, 0xF0, 0x08, 0x0C, 0x08, 0x8C, 0x8B, 0x8C,
  0x8B, 0x08, 0x8E, 0x8B, 0xD0, 0x80, 0x08, 0x0D,
  0x08, 0x0D, 0x08, 0x0D, 0x08, 0x08, 0x08, 0x08,
  0xF8, 0x80, 0x08, 0x80, 0x08, 0x80, 0x9F, 0x00,
  0x88, 0x00, 0x88, 0x00, 0xAF, 0xB6, 0x08, 0x08,
  0x08, 0x08, 0x08, 0x3F, 0x8D, 0x80, 0x80, 0x80,
  0x00, 0x88, 0x17, 0x3D, 0x80, 0x80, 0x80, 0x00,
  0x88, 0x17, 0x80, 0x80, 0x07, 0x08, 0x58, 0x80,
  0x04, 0x08, 0x84, 0x80, 0x00, 0x88, 0x80, 0x00,
  0x88, 0x00, 0x88, 0x67, 0x08, 0x08, 0x07, 0x08,
  0x58, 0x80, 0x40, 0x08, 0x04, 0x08, 0x85, 0x80,
  0x80, 0x8D, 0x80, 0xCC, 0xB8, 0xC8, 0xBC, 0xFB,
  0x9A, 0xCA, 0xAA, 0xCC, 0x99, 0x9C, 0xBA, 0xAA,
  0xDB, 0x9A, 0xBA, 0x8A, 0xCB, 0xB0, 0xC8, 0xC0,
  0x80, 0x08, 0xD0, 0x48, 0x08, 0x08, 0x58, 0x30,
  0x80, 0x05, 0x43, 0x30, 0x70, 0x50, 0x48, 0x58,
  0x20, 0x30, 0x41, 0x41, 0x31, 0x31, 0x42, 0x43,
  0x21, 0x41, 0x12, 0x22, 0x32, 0x02, 0x84, 0x03,
  0x84, 0x80, 0x80, 0x80, 0x00, 0xF8, 0x83, 0xD0,
  0xC3, 0xB3, 0xB4, 0xC3, 0xB3, 0x84, 0xC0, 0xB3,
  0xC4, 0xB3, 0xB3, 0xC8, 0xB3, 0x88, 0xE0, 0xB8,
  0xC8, 0xC0, 0xB8, 0x88, 0x8C, 0x8C, 0xBC, 0x80,
  0x8C, 0x0C, 0x0C, 0x08, 0x8C, 0x8B, 0x80, 0x8D,
  0x80, 0x0D, 0x08, 0x08, 0x0E, 0x08, 0x08, 0x08,
  0x88, 0x00, 0x88, 0x00, 0xBF, 0x80, 0x80, 0x80,
  0x80, 0x80, 0x80, 0x80, 0x80, 0x80, 0x80, 0x80,
  0x80, 0x80, 0x80, 0x80, 0x90, 0xA7, 0x77, 0x17,
  0x08, 0xF0, 0x59, 0x08, 0x8C, 0x80, 0x80, 0x80,
  0x00, 0x88, 0x00, 0x88, 0x00, 0x88, 0x00, 0x88,
  0xFF, 0x0A, 0x08, 0x08, 0xF0, 0x0B, 0x08, 0x08,
  0xF8, 0x0A, 0x08, 0x08, 0x3F, 0x8D, 0x80, 0x80,
  0x80, 0x80, 0x00, 0x08, 0x27, 0x08, 0x08, 0x08,
  0x17, 0x80, 0x07, 0x88, 0x04, 0x48, 0x80, 0x04,
  0x08, 0x04, 0x08, 0x04, 0x08, 0x05, 0x08, 0x08,
  0x78, 0x08, 0x80, 0x04, 0x08, 0x85, 0x40, 0x08,
  0x58, 0x08, 0x03, 0x08, 0xB5, 0x58, 0x8B, 0xC0,
  0xB8, 0xC8, 0xAC, 0x0C, 0xAE, 0x8B, 0xAC, 0x9C,
  0xBC, 0xAB, 0x9C, 0x9E, 0x9A, 0xBA, 0xAB, 0x9C,
  0x9C, 0x9C, 0x99, 0xAA, 0xAA, 0xBA, 0x8B, 0x8C,
  0x8B, 0x80, 0x80, 0x00, 0x07, 0x84, 0x07, 0x84,
  0x23, 0x14, 0x06, 0x04, 0x04, 0x23, 0x22, 0x15,
  0x23, 0x24, 0x33, 0x24, 0x24, 0x23, 0x33, 0x23,
  0x34, 0x12, 0x43, 0x20, 0x32, 0x38, 0x40, 0x3B,
  0x80, 0x0D, 0x0C, 0x0C, 0x0B, 0x8F, 0x9A, 0x8A,
  0x0E, 0x9A, 0x8C, 0xA9, 0xAA, 0xBB, 0xCB, 0x8A,
  0xBC, 0x0B, 0xBC, 0xC8, 0x8B, 0x8B, 0x0D, 0x8C,
  0x0B, 0xC8, 0xB8, 0x88, 0x00, 0x8F, 0x80, 0xC0,
  0x08, 0x08, 0x08, 0x08, 0x08, 0x88, 0xF0, 0x03,
  0x88, 0xF0, 0x83, 0x00, 0x88, 0x00, 0x08, 0x88,
  0x00, 0x88, 0x00, 0x88, 0x00, 0x08, 0x08, 0x08,
  0x88, 0x80, 0x80, 0x90, 0x00, 0x00, 0x00, 0x00,
  0x00, 0x00, 0x00, 0x00, 0x00, 0x00, 0x00, 0x00,
  0x00, 0x00, 0x00, 0x00, 0x00, 0x00, 0x00, 0x00,
  0xF0, 0x02, 0x3F, 0xFF, 0x8B, 0x80, 0x80, 0x80,
  0x80, 0x80, 0x80, 0x80, 0x80, 0x80, 0x80, 0x00,
  0x08, 0x08, 0x08, 0x00, 0x00, 0x77, 0x77, 0x80,
  0x80, 0x70, 0x81, 0x80, 0x00, 0x88, 0x80, 0x00,
  0x88, 0x00, 0xFF, 0x80, 0x08, 0x3F, 0x8B, 0x0C,
  0x08, 0x0D, 0x08, 0x8C, 0x8B, 0x80, 0x8D, 0x80,
  0x0D, 0x08, 0x3D, 0x80, 0x3C, 0x4B, 0x08, 0x08,
  0x85, 0x40, 0x08, 0x84, 0x84, 0x00, 0x03, 0x85,
  0xB4, 0x03, 0xB4, 0xC3, 0xB3, 0xB4, 0xC3, 0xC0,
  0xB3, 0xC8, 0xC0, 0xBB, 0xC0, 0xCB, 0xE8, 0x98,
  0xAB, 0xBA, 0xCB, 0xBB, 0xBC, 0xBB, 0xBC, 0x0C,
  0xAC, 0xB8, 0x0C, 0x8B, 0x80, 0x3D, 0x4B, 0x08,
  0x58, 0x48, 0x32, 0x70, 0x21, 0x42, 0x22, 0x24,
  0x34, 0x42, 0x43, 0x31, 0x34, 0x41, 0x33, 0x42,
  0x41, 0x11, 0x42, 0x21, 0x22, 0x38, 0x83, 0x84,
  0x30, 0x80, 0x00, 0xF8, 0x80, 0xC0, 0xB8, 0xC8,
  0x0C, 0x0C, 0xBB, 0x0C, 0xAC, 0xB8, 0x8B, 0xCC,
  0xC0, 0xBA, 0xB8, 0xC8, 0xB8, 0xD8, 0xC0, 0x08,
  0x0C, 0x8B, 0x80, 0x0D, 0x0C, 0x88, 0xC0, 0x08,
  0x08, 0x08, 0xF8, 0x08, 0x08, 0x08, 0x08, 0x80,
  0xF8, 0x09, 0x08, 0x08, 0x08, 0x08, 0x08, 0x08,
  0x08, 0xB7, 0x17, 0xE0, 0x03, 0x08, 0x08, 0x08,
  0x08, 0x08, 0x78, 0x02, 0x88, 0x00, 0x88, 0x00,
  0x37, 0x80, 0x08, 0x80, 0x37, 0x08, 0x88, 0x80,
  0x00, 0x88, 0x00, 0x88, 0x00, 0x88, 0x80, 0xFF,
  0x8D, 0x0F, 0x08, 0x0D, 0x0C, 0x8B, 0x8B, 0x8C,
  0x8B, 0x0D, 0x8C, 0x0B, 0x8C, 0x8B, 0x8C, 0x0C,
  0x08, 0x8C, 0x0C, 0x08, 0x0D, 0x08, 0x08, 0x88,
  0x00, 0xB7, 0x03, 0x04, 0x84, 0x84, 0x84, 0x06,
  0x01, 0x04, 0x01, 0x05, 0x03, 0x04, 0x01, 0x85,
  0x02, 0x04, 0x01, 0x02, 0x02, 0x03, 0x04, 0x58,
  0x08, 0x08, 0x04, 0x08, 0x08, 0x08, 0x08, 0x08,
  0x3F, 0x0E, 0x08, 0x8C, 0x8B, 0x8C, 0xD0, 0xB0,
  0x0C, 0xAC, 0x8B, 0xCB, 0xCB, 0x0B, 0x8F, 0x0C,
  0x9A, 0x8C, 0xAB, 0xD8, 0xA9, 0xB9, 0xAA, 0xBB,
  0x0C, 0xAC, 0xBB, 0x0C, 0xAC, 0x8B, 0x8B, 0xCC,
  0x80, 0x8B, 0x80, 0x80, 0x0F, 0x83, 0x40, 0x40,
  0x48, 0x33, 0x78, 0x40, 0x12, 0x24, 0x23, 0x15,
  0x23, 0x34, 0x42, 0x43, 0x31, 0x42, 0x23, 0x42,
  0x42, 0x21, 0x31, 0x22, 0x33, 0x40, 0x48, 0x30,
  0x08, 0x08, 0x08, 0x08, 0x8F, 0xC8, 0x08, 0x0D,
  0x8B, 0x0C, 0x8C, 0xBB, 0xC8, 0x0C, 0xCB, 0xB8,
  0x8B, 0x8C, 0x0C, 0x0C, 0x8B, 0x8C, 0x8B, 0xD0,
  0x80, 0xD0, 0x80, 0xB8, 0x08, 0x88, 0x00, 0xF8,
  0xC3, 0x08, 0x08, 0x08, 0x08, 0x88, 0x00, 0x88,
  0x00, 0x57, 0x0E, 0x08, 0x08, 0x08, 0x88, 0xF0,
  0x88, 0x80, 0x0D, 0x88, 0x8C, 0xD0, 0x08, 0x8C,
  0x8B, 0x8C, 0x00, 0x8D, 0x8B, 0x80, 0x8D, 0x0C,
  0x08, 0x0D, 0x08, 0x8C, 0x80, 0x80, 0x80, 0x3E,
  0x80, 0x80, 0x80, 0x07, 0x08, 0x04, 0x84, 0x84,
  0x84, 0x03, 0x03, 0x84, 0x07, 0x02, 0x82, 0x03,
  0x03, 0x04, 0x84, 0xB4, 0x03, 0x58, 0x08, 0x08,
  0x08, 0x08, 0x80, 0x08, 0xF0, 0x0A, 0x08, 0x8F,
  0x80, 0x80, 0x8D, 0x80, 0x80, 0x00, 0x3F, 0x0C,
  0x08, 0x08, 0x08, 0x0F, 0x08, 0x08, 0x08, 0x08,
  0x08, 0x08, 0x08, 0x78, 0x83, 0x80, 0x80, 0x17,
  0x80, 0x00, 0x07, 0x08, 0x68, 0x08, 0x08, 0x58,
  0x80, 0x80, 0x80, 0x80, 0x80, 0x8F, 0x08, 0x0E,
  0xC8, 0xB0, 0xC8, 0xC0, 0x0B, 0xBC, 0xBB, 0xC8,
  0xBC, 0xBB, 0xF8, 0xA9, 0xAA, 0x0F, 0x9A, 0xA9,
  0xBA, 0x8A, 0xBB, 0xBC, 0x8C, 0xBB, 0xC8, 0xC8,
  0x80, 0x0C, 0x0C, 0x08, 0x08, 0x68, 0x08, 0x03,
  0x04, 0x34, 0x43, 0x24, 0x73, 0x21, 0x23, 0x15,
  0x23, 0x14, 0x14, 0x43, 0x13, 0x42, 0x23, 0x14,
  0x42, 0x21, 0x22, 0x85, 0x22, 0x22, 0x20, 0x30,
  0x00, 0x04, 0x08, 0x08, 0x08, 0xF8, 0x88, 0x0D,
  0xC8, 0xC0, 0xC0, 0x8A, 0xCB, 0xB0, 0x0C, 0xAC,
  0x8B, 0xCB, 0x8B, 0xBC, 0x0C, 0x8F, 0x99, 0x8A,
  0xBA, 0x8A, 0xAC, 0x0C, 0x8B, 0x8B, 0x8C, 0x0C,
  0xBC, 0x80, 0x8B, 0xE0, 0x80, 0xB8, 0x88, 0x00,
  0x88, 0x00, 0xB7, 0x85, 0x84, 0x30, 0x04, 0x03,
  0x04, 0x84, 0x84, 0x07, 0x01, 0x01, 0x85, 0x82,
  0x83, 0x83, 0x03, 0x84, 0x84, 0x30, 0x80, 0x00,
  0x86, 0x80, 0x80, 0x80, 0x80, 0x8F, 0x80, 0x80,
  0x8E, 0x80, 0x0C, 0xC8, 0x08, 0x0D, 0x08, 0x8C,
  0x80, 0x8C, 0x4C, 0x0B, 0x08, 0x8C, 0x80, 0x8C,
  0x80, 0x80, 0xF0, 0x80, 0x08, 0x80, 0x08, 0x80,
  0x08, 0x80, 0x08, 0x80, 0x08, 0x3F, 0x08, 0x08,
  0x80, 0x08, 0x80, 0x08, 0x80, 0x80, 0x70, 0x77,
  0x80, 0x80, 0x80, 0x70, 0x01, 0x08, 0x08, 0x78,
  0x01, 0x08, 0x78, 0x80, 0x80, 0x50, 0x80, 0x80,
  0x05, 0x08, 0x08, 0x86, 0x80, 0x80, 0x80, 0x70,
  0x8B, 0x00, 0x88, 0x00, 0x8F, 0x80, 0x8C, 0xD0,
  0x80, 0x8B, 0xCC, 0xC0, 0xB0, 0x8B, 0xBC, 0xAC,
  0xC8, 0x8A, 0xBC, 0xBB, 0xBC, 0x0C, 0xAC, 0x8B,
  0xCB, 0x8B, 0xBC, 0xC8, 0x0B, 0x8C, 0x8B, 0xD0,
  0x08, 0x08, 0x8D, 0x80, 0x85, 0x80, 0x04, 0x03,
  0x04, 0x34, 0x34, 0x48, 0x16, 0x22, 0x22, 0x32,
  0x73, 0x12, 0x52, 0x21, 0x41, 0x12, 0x22, 0x32,
  0x38, 0x34, 0x48, 0x48, 0x38, 0x30, 0x80, 0x80,
  0x08, 0x80, 0x9F, 0x00, 0x0E, 0xC8, 0x80, 0x8B,
  0xD0, 0x08, 0xC8, 0xC0, 0x08, 0x08, 0x08, 0xF8,
  0xB3, 0xC3, 0x03, 0xB4, 0xC3, 0xB4, 0x83, 0xB4,
  0x03, 0x08, 0xB5, 0x08, 0xB4, 0xC3, 0x84, 0x80,
  0x0C, 0x08, 0x08, 0xE8, 0x80, 0x80, 0x08, 0x8E,
  0x00, 0x0D, 0x08, 0x3D, 0x0B, 0x88, 0x0C, 0x08,
  0x88, 0x0E, 0x08, 0x08, 0x08, 0x3F, 0x8B, 0x80,
  0x80, 0x80, 0xF0, 0x83, 0x80, 0x80, 0x80, 0x80,
  0x80, 0xF0, 0x0B, 0x08, 0x08, 0x08, 0x08, 0x80,
  0x08, 0x80, 0x08, 0x80, 0x80, 0xF0, 0xFF, 0x08,
  0x08, 0x08, 0x08, 0x08, 0x08, 0x08, 0xF8, 0x8F,
  0x80, 0x80, 0x80, 0x80, 0x80, 0x80, 0x80, 0x80,
  0x00, 0xF8, 0x83, 0x3F, 0x80, 0x80, 0x80, 0x80,
  0x80, 0x80, 0x00, 0x08, 0x08, 0x08, 0x88, 0x80,
  0x70, 0x77, 0x05, 0x08, 0x08, 0x27, 0x08, 0x08,
  0x78, 0x01, 0x08, 0x06, 0x08, 0x68, 0x08, 0x03,
  0x08, 0x05, 0x08, 0xB5, 0x03, 0x08, 0x85, 0x00,
  0x88, 0x00, 0x88, 0x00, 0xF8, 0x0A, 0x8F, 0xC0,
  0xB0, 0xC8, 0xC0, 0x0B, 0x0C, 0xAC, 0xBB, 0xBC,
  0xCB, 0xB0, 0xAF, 0xA9, 0xBA, 0xBA, 0x0F, 0x9C,
  0x99, 0xAA, 0xAA, 0x0E, 0x9A, 0xAA, 0xBA, 0xC0,
  0x8A, 0x8B, 0x8B, 0x08, 0xF0, 0x48, 0x38, 0x7B,
  0x80, 0x22, 0x32, 0x16, 0x22, 0x24, 0x34, 0x14,
  0x15, 0x32, 0x33, 0x16, 0x22, 0x22, 0x15, 0x32,
  0x13, 0x23, 0x15, 0x12, 0x04, 0x21, 0x22, 0x30,
  0x08, 0x03, 0x80, 0x80, 0x08, 0x80, 0x9F, 0xE8,
  0xB8, 0x8C, 0x8B, 0xCC, 0xB0, 0x0C, 0xAC, 0x8B,
  0xCB, 0x8B, 0x0C, 0xBC, 0xC0, 0x0B, 0x0C, 0x0C,
  0x0B, 0x8C, 0x0B, 0x8C, 0xC0, 0x08, 0x08, 0x0D,
  0xC8, 0x80, 0x80, 0x08, 0xF0, 0x08, 0x08, 0x08,
  0x80, 0x80, 0x08, 0x80, 0x08, 0x80, 0x08, 0x08,
  0x08, 0x08, 0x08, 0x80, 0x80, 0x70, 0xD7, 0x70,
  0x6B, 0x08, 0x80, 0x08, 0x80, 0x08, 0x80, 0x08,
  0x80, 0x08, 0x80, 0x08, 0x80, 0x08, 0x08, 0x08,
  0xF8, 0x03, 0xFF, 0x8B, 0x80, 0x80, 0x80, 0x80,
  0x80, 0x80, 0xFF, 0x0A, 0x08, 0x08, 0x08, 0x08,
  0x80, 0x80, 0x80, 0xF0, 0x83, 0x80, 0x80, 0x80,
  0x80, 0x80, 0x70, 0x77, 0x80, 0x80, 0x80, 0x17,
  0x08, 0x80, 0x07, 0x08, 0x08, 0x08, 0x08, 0x78,
  0x81, 0x08, 0x80, 0x08, 0x80, 0x08, 0x80, 0x08,
  0x80, 0x08, 0x80, 0x08, 0x3F, 0x3F, 0xAF, 0x00,
  0x08, 0x8F, 0x08, 0x8D, 0x80, 0x8C, 0x80, 0x8C,
  0x80, 0x8D, 0x0C, 0x0C, 0xB8, 0x08, 0xBD, 0x88,
  0x0C, 0x8C, 0xC0, 0xB8, 0xC8, 0x08, 0xD8, 0xC0,
  0xB3, 0xC8, 0xB3, 0x08, 0xE0, 0xB3, 0xC8, 0xB3,
  0x08, 0xD8, 0x08, 0xC8, 0x08, 0xD8, 0x08, 0xD8,
  0xB3, 0x08, 0x08, 0x80, 0x08, 0x80, 0x78, 0x62,
  0x30, 0x40, 0x40, 0x83, 0x34, 0x34, 0x43, 0x33,
  0x43, 0x73, 0x12, 0x22, 0x23, 0x26, 0x21, 0x22,
  0x33, 0x33, 0x04, 0x43, 0x03, 0x58, 0x83, 0x40,
  0x08, 0x08, 0x85, 0x80, 0xD0, 0x08, 0x08, 0x0D,
  0x08, 0x0D, 0x0C, 0x08, 0x0C, 0x0C, 0x0B, 0x8C,
  0x0B, 0x8C, 0x8B, 0x8C, 0xC0, 0xC8, 0x80, 0x0C,
  0xC8, 0xC0, 0x80, 0x0C, 0x08, 0x8C, 0xC0, 0x08,
  0x80, 0x3D, 0x8B, 0x80, 0x80, 0x80, 0x8F, 0x08,
  0x08, 0x80, 0x08, 0x80, 0x80, 0x08, 0x80, 0x08,
  0x80, 0x08, 0x80, 0x80, 0x80, 0x80, 0x08, 0x08,
  0x08, 0x09, 0x00, 0x00, 0x70, 0x77, 0x07, 0x08,
  0x08, 0x78, 0x82, 0x80, 0x80, 0x80, 0x80, 0x37,
  0x08, 0x88, 0x80, 0x00, 0x88, 0x00, 0x88, 0x00,
  0x88, 0x80, 0xFF, 0x8D, 0x00, 0x9F, 0x80, 0x80,
  0x8E, 0xD0, 0x80, 0x8B, 0x80, 0x8D, 0xD0, 0x4B,
  0x0B, 0x08, 0x8C, 0x8B, 0x80, 0x8D, 0x0C, 0x08,
  0x0D, 0x08, 0x08, 0x3D, 0x0C, 0x08, 0x08, 0x08,
  0x86, 0x00, 0x88, 0x86, 0x84, 0x03, 0x03, 0x04,
  0x84, 0x07, 0x01, 0x22, 0x83, 0x43, 0x83, 0x04,
  0x06, 0x01, 0x02, 0x83, 0x80, 0x04, 0x08, 0x85,
  0x80, 0x80, 0xE0, 0x08, 0xC8, 0x80, 0x8C, 0x0C,
  0xBC, 0xC0, 0x0B, 0xBC, 0x0B, 0x8F, 0xAA, 0x8A,
  0xBB, 0xBC, 0xBB, 0xBC, 0x0C, 0xAC, 0xBB, 0x0C,
  0xAC, 0x8B, 0xCB, 0x8B, 0xBC, 0x08, 0x0D, 0x8B,
  0xD0, 0x80, 0xC0, 0xC3, 0x30, 0x08, 0x58, 0x30,
  0x40, 0x40, 0x33, 0x04, 0x07, 0x23, 0x32, 0x32,
  0x17, 0x21, 0x24, 0x41, 0x12, 0x42, 0x22, 0x22,
  0x32, 0x43, 0x33, 0x40, 0x83, 0x04, 0x03, 0x04,
  0x58, 0x08, 0x08, 0x08, 0x08, 0x08, 0x08, 0x9F,
  0xD8, 0x08, 0x8C, 0xD0, 0xC0, 0x80, 0x0B, 0x8C,
  0x8B, 0x8C, 0xD0, 0xB0, 0x08, 0x0D, 0x0C, 0xB8,
  0x80, 0x8C, 0x80, 0x0D, 0x08, 0xD8, 0x80, 0x80,
  0x80, 0x80, 0x3F, 0xC0, 0x08, 0x08, 0x08, 0xB6,
  0x03, 0x08, 0x08, 0x08, 0x08, 0x08, 0x08, 0x08,
  0x88, 0x00, 0x88, 0x00, 0xFF, 0x8B, 0x80, 0x80,
  0xBF, 0x08, 0x9F, 0x80, 0x4D, 0x8B, 0x8B, 0x80,
  0x8D, 0x3C, 0x8B, 0x0C, 0xC8, 0x08, 0x0D, 0xB8,
  0x08, 0x88, 0x0E, 0x3C, 0x8B, 0x80, 0x80, 0x80,
  0x80, 0x80, 0x80, 0x80, 0x70, 0x85, 0x06, 0x48,
  0x80, 0x04, 0x03, 0x04, 0x03, 0x85, 0x04, 0x83,
  0x80, 0x05, 0x03, 0x84, 0x00, 0x04, 0x08, 0x05,
  0x08, 0xB5, 0x03, 0x08, 0x88, 0x00, 0x88, 0x80,
  0x00, 0x88, 0x00, 0x88, 0x70, 0x7B, 0x7B, 0x80,
  0x80, 0x80, 0x80, 0x80, 0x80, 0x80, 0x80, 0x08,
  0xB7, 0x17, 0x08, 0x08, 0x80, 0x3F, 0x8C, 0x80,
  0x80, 0x3E, 0x8B, 0xD0, 0x08, 0x8C, 0xC0, 0xB8,
  0xC8, 0xD0, 0xB0, 0xB8, 0xC8, 0x0C, 0x8B, 0xBC,
  0xB8, 0xBD, 0xC0, 0x0B, 0xBC, 0x0B, 0x8C, 0xCB,
  0xB8, 0xC8, 0xC8, 0xC0, 0xC0, 0x80, 0xC0, 0x80,
  0x8B, 0x80, 0x80, 0x80, 0x07, 0x80, 0x05, 0x03,
  0x84, 0x04, 0x43, 0x84, 0x33, 0x34, 0x78, 0x10,
  0x22, 0x23, 0x33, 0x34, 0x33, 0x40, 0x34, 0x83,
  0x34, 0x40, 0x30, 0x04, 0x48, 0x48, 0x80, 0x08,
  0x04, 0x08, 0x08, 0x08, 0x08, 0x08, 0x80, 0x08,
  0xF0, 0x8D, 0x00, 0xF8, 0x88, 0xD0, 0x80, 0xC8,
  0x80, 0xD0, 0x08, 0x8C, 0x80, 0x8C, 0xC0, 0x08,
  0x0D, 0xB8, 0x88, 0x8C, 0x80, 0x8D, 0x0C, 0x0C,
  0x08, 0x8C, 0x8B, 0x8C, 0x80, 0x0D, 0x0C, 0x08,
  0x8C, 0x80, 0x8C, 0x80, 0x8C, 0x80, 0x80, 0x80,
  0x08, 0x80, 0x08, 0x80, 0x57, 0x08, 0x87, 0x84,
  0x80, 0x84, 0x03, 0x84, 0x04, 0x83, 0x04, 0x03,
  0x04, 0x03, 0x85, 0x80, 0x85, 0x00, 0x03, 0x08,
  0x06, 0x08, 0x88, 0x00, 0x88, 0x00, 0x88, 0x00,
  0xBF, 0x88, 0x80, 0x80, 0xAF, 0x08, 0x08, 0x08,
  0xAF, 0x08, 0x08, 0x9F, 0x80, 0x80, 0x00, 0x8F,
  0x08, 0x08, 0x08, 0x08, 0x08, 0x88, 0xAF, 0x08,
  0x08, 0x08, 0x88, 0x00, 0x88, 0x00, 0x88, 0x00,
  0x08, 0x08, 0x08, 0x88, 0x80, 0x80, 0x90, 0x77,
  0x8C, 0x77, 0x00, 0x80, 0x08, 0x80, 0x08, 0x80,
  0x08, 0x08, 0x08, 0x08, 0x08, 0x80, 0xFF, 0x8F,
  0x80, 0x80, 0x80, 0x80, 0x80, 0x00, 0x08, 0xFF,
  0x08, 0x08, 0x08, 0x88, 0x00, 0x88, 0x00, 0x08,
  0xFF, 0x08, 0x08, 0x08, 0x88, 0x00, 0x88, 0x00,
  0x08, 0x08, 0x08, 0x08, 0x88, 0x77, 0x06, 0x08,
  0x08, 0x88, 0x00, 0x88, 0x57, 0x80, 0x08, 0x08,
  0x70, 0x01, 0x08, 0x08, 0x08, 0x08, 0x08, 0x08,
  0x78, 0x87, 0x80, 0x0E, 0x08, 0x08, 0x08, 0x08,
  0x08, 0x9F, 0x08, 0x08, 0x8F, 0x80, 0x8C, 0x80,
  0x8C, 0x8C, 0x80, 0x0D, 0x08, 0x0D, 0x08, 0x8C,
  0x8B, 0x80, 0x8D, 0x80, 0x80, 0x0E, 0x08, 0x08,
  0x08, 0x08, 0x08, 0x17, 0x08, 0x08, 0x07, 0x03,
  0x04, 0x08, 0x04, 0x04, 0x84, 0x84, 0x03, 0x04,
  0x03, 0x08, 0x85, 0x04, 0x03, 0x80, 0x08, 0x87,
  0x80, 0x80, 0x00, 0x86, 0x80, 0x80, 0x80, 0x0F,
  0x08, 0x08, 0x08, 0x8E, 0x80, 0x80, 0x80, 0x8E,
  0x80, 0x80, 0x80, 0x80, 0x8F, 0x08, 0x08, 0x08,
  0x8F, 0x08, 0x08, 0x08, 0x08, 0x08, 0x08, 0x88,
  0x00, 0xF8, 0x0F, 0x08, 0x08, 0x08, 0x08, 0x08,
  0x88, 0x00, 0x08, 0x08, 0x08, 0x08, 0x88, 0x80,
  0x80, 0x80, 0x80, 0x80, 0x00, 0x00, 0x00, 0x00,
  0x00, 0x00, 0x00, 0x00, 0x00, 0x00, 0x00, 0x00,
  0x00, 0x00, 0x00, 0x00, 0x00, 0x00, 0x00, 0x00,
  0xFF, 0xFF, 0x08, 0x08, 0x08, 0x08, 0x88, 0x00,
  0x08, 0x08, 0x08, 0x08, 0x88, 0x80, 0x80, 0x80,
  0x80, 0x80, 0x77, 0x77, 0x80, 0x80, 0x80, 0x00,
  0x88, 0x00, 0x08, 0x77, 0x80, 0x80, 0x80, 0x80,
  0x80, 0x37, 0x08, 0x08, 0x08, 0x88, 0x00, 0x88,
  0x00, 0x88, 0x00, 0x08, 0xFF, 0x8D, 0x80, 0x80,
  0x9F, 0x08, 0x08, 0x8F, 0x08, 0x8D, 0x80, 0x0C,
  0x8C, 0x80, 0x8C, 0x80, 0x0D, 0x08, 0x0D, 0x08,
  0x8C, 0x80, 0x8C, 0x80, 0x00, 0x0F, 0x08, 0x08,
  0x08, 0x08, 0x08, 0x07, 0x08, 0x85, 0x80, 0x85,
  0x84, 0x80, 0x84, 0x03, 0x04, 0x03, 0x84, 0x04,
  0x08, 0x04, 0x84, 0x84, 0x80, 0x04, 0x08, 0x04,
  0x08, 0x08, 0x08, 0x08, 0x08, 0x88, 0x00, 0x88,
  0x80, 0x80, 0x80, 0xFF, 0x8A, 0x80, 0x80, 0xBF,
  0x00, 0x08, 0x88, 0xAF, 0x80, 0x80, 0x80, 0x80,
  0xAF, 0x88, 0x00, 0x08, 0x88, 0x00, 0x88, 0xEF,
  0x08, 0x08, 0x08, 0x08, 0x08, 0x08, 0x08, 0x08,
  0x08, 0x88, 0x80, 0x80, 0x80, 0x00, 0x08, 0x08,
  0x08, 0x00, 0x00, 0x00, 0x00, 0x00, 0x00, 0x00,
  0x00, 0x00, 0x00, 0x00, 0x00, 0x00, 0x00, 0x00,
  0x00, 0x00, 0x00, 0x00, 0x00, 0xFF, 0x04, 0x3F,
  0xBF, 0x80, 0x80, 0x80, 0x80, 0x00, 0x88, 0x00,
  0x88, 0x00, 0x08, 0x08, 0x08, 0x88, 0x80, 0x80,
  0x90, 0x00, 0x00, 0x77, 0x8C, 0x77, 0x00, 0x80,
  0x08, 0x80, 0x08, 0x37, 0x80, 0x80, 0x80, 0x80,
  0x80, 0x80, 0x80, 0x77, 0x01, 0x08, 0x88, 0x00,
  0x88, 0x00, 0x08, 0x08, 0xFF, 0x89, 0x80, 0x80,
  0x9F, 0x08, 0x08, 0x8F, 0x08, 0x8D, 0x80, 0x0C,
  0x08, 0x8D, 0x8B, 0x80, 0x8D, 0x80, 0x0D, 0x08,
  0x0D, 0x08, 0x8C, 0x80, 0x80, 0x80, 0x8E, 0x80,
  0x80, 0x80, 0x80, 0x17, 0x08, 0x05, 0x88, 0x05,
  0x03, 0x08, 0x05, 0x84, 0x84, 0x84, 0x03, 0x88,
  0x85, 0x84, 0x03, 0x08, 0x84, 0x00, 0x04, 0x08,
  0x05, 0x08, 0x08, 0x08, 0x08, 0x08, 0x08, 0x88,
  0x00, 0x08, 0x3F, 0xAF, 0x08, 0x08, 0x08, 0x3F,
  0x8D, 0x80, 0x80, 0x0E, 0x08, 0x08, 0x88, 0x00,
  0x88, 0x9F, 0x80, 0x80, 0x80, 0x80, 0x80, 0x80,
  0xCF, 0x06, 0x08, 0x0D, 0x08, 0x08, 0x08, 0x88,
  0x80, 0x00, 0x88, 0x00, 0x88, 0x80, 0x80, 0x80,
  0x80, 0x00, 0x08, 0x08, 0x08, 0x08, 0x08, 0x09,
  0x00, 0x00, 0x00, 0x00, 0x00, 0x00, 0x00, 0x00,
  0x00, 0x00, 0x00, 0x00, 0x00, 0x00, 0x00, 0x00,
  0x00, 0xFF, 0x04, 0x08, 0xFF, 0x0A, 0x08, 0x08,
  0x08, 0x08, 0x08, 0x08, 0x08, 0x08, 0x08, 0x08,
  0x08, 0xB7, 0x77, 0x02, 0x08, 0x08, 0x08, 0x08,
  0x08, 0x80, 0x08, 0x77, 0x02, 0x08, 0x08, 0x08,
  0x80, 0x08, 0x77, 0x80, 0x80, 0x80, 0x80, 0x80,
  0x80, 0x80, 0x80, 0x80, 0xFF, 0x09, 0x08, 0x08,
  0xAF, 0x80, 0x80, 0x8F, 0x80, 0x0D, 0x08, 0x0D,
  0x08, 0x8C, 0x80, 0x8C, 0x0C, 0x08, 0x0D, 0x08,
  0x8C, 0x80, 0x8C, 0x00, 0x88, 0x00, 0x88, 0x00,
  0xAF, 0x86, 0x80, 0x80, 0x00, 0x86, 0x80, 0x85,
  0x03, 0x80, 0x85, 0x04, 0x83, 0x40, 0x80, 0x04,
  0x84, 0x84, 0x80, 0x04, 0x03, 0x80, 0xB5, 0x84,
  0x80, 0x80, 0x86, 0x80, 0x80, 0x80, 0x80, 0x80,
  0x80, 0x80, 0xAF, 0x08, 0x08, 0x88, 0x00, 0xBF,
  0x88, 0x80, 0x80, 0xAF, 0x08, 0x08, 0x08, 0x88,
  0xBF, 0x08, 0x80, 0x08, 0x80, 0x08, 0x80, 0xFF,
  0x08, 0x08, 0x08, 0x08, 0x08, 0x08, 0x08, 0x08,
  0x08, 0x08, 0x08, 0x88, 0x80, 0x80, 0x80, 0x80,
  0x80, 0x00, 0x00, 0x00, 0x00, 0x00, 0x00, 0x00,
  0x00, 0x00, 0x00, 0x00, 0x00, 0x00, 0x00, 0x00,
  0x00, 0x00, 0x00, 0x00, 0x00, 0x00, 0x00, 0xFF,
  0xFF, 0x08, 0x08, 0x08, 0x08, 0x88, 0x00, 0x08,
  0x08, 0x08, 0x08, 0x88, 0x80, 0x80, 0x80, 0x80,
  0x77, 0x57, 0x80, 0x80, 0x80, 0x80, 0x80, 0x80,
  0x80, 0x80, 0x77, 0x02, 0x08, 0x08, 0x08, 0x80,
  0x67, 0x08, 0x08, 0x08, 0x08, 0x08, 0x08, 0x08,
  0x08, 0x80, 0x08, 0x80, 0xFF, 0x8C, 0x00, 0x88,
  0xAF, 0x80, 0x80, 0x8F, 0x08, 0x0E, 0x08, 0x8C,
  0x80, 0x8C, 0x80, 0x0D, 0x08, 0x0D, 0x08, 0x8C,
  0x80, 0x8C, 0x80, 0x8C, 0x80, 0x80, 0x80, 0x80,
  0x9F, 0x85, 0x00, 0x88, 0x00, 0x06, 0x08, 0x04,
  0x08, 0x05, 0x84, 0x84, 0x80, 0x04, 0x03, 0x04,
  0x84, 0x80, 0x85, 0x03, 0x80, 0x85, 0x00, 0x84,
  0x80, 0x00, 0x86, 0x80, 0x80, 0x80, 0x80, 0x80,
  0x80, 0x80, 0xBF, 0x08, 0x08, 0x08, 0x08, 0xCF,
  0x80, 0x08, 0x80, 0x9F, 0x88, 0x00, 0x88, 0x00,
  0xAF, 0x08, 0x08, 0x08, 0x08, 0x08, 0x08, 0x08,
  0x08, 0x80, 0x3F, 0xDF, 0x80, 0x80, 0x80, 0x80,
  0x80, 0x08, 0x80, 0x80, 0x80, 0x80, 0x80, 0x08,
  0x08, 0x08, 0x08, 0x08, 0x08, 0x00, 0x00, 0x00,
  0x00, 0x00, 0x00, 0x00, 0x00, 0x00, 0x00, 0x00,
  0x00, 0x00, 0x00, 0x00, 0x00, 0x00, 0x00, 0x00,
  0x00, 0x00, 0x00, 0x00, 0xF0, 0xFF, 0x8F, 0x80,
  0x80, 0x80, 0x80, 0x08, 0x80, 0x80, 0x80, 0x80,
  0x77, 0x03, 0x08, 0x08, 0x08, 0x08, 0x08, 0x08,
  0x08, 0x77, 0x03, 0x08, 0x08, 0x08, 0x08, 0x67,
  0x80, 0x80, 0x80, 0x80, 0x80, 0x80, 0x80, 0x80,
  0x80, 0x00, 0x08, 0x08, 0xFF, 0x8F, 0x80, 0x80,
  0x8F, 0x08, 0x0E, 0x08, 0x88, 0x8C, 0x80, 0x8D,
  0x80, 0x0D, 0x08, 0x0D, 0x08, 0x8C, 0x80, 0x8C,
  0x00, 0x8D, 0x80, 0x80, 0x8D, 0x80, 0x80, 0x80,
  0x80, 0x80, 0x80, 0x00, 0x47, 0x08, 0x08, 0x07,
  0x85, 0x80, 0x04, 0x03, 0x08, 0x05, 0x84, 0x84,
  0x80, 0x04, 0x03, 0x80, 0x05, 0x84, 0x80, 0x50,
  0x08, 0x08, 0x08, 0x08, 0x08, 0x08, 0x17, 0x80,
  0x8E, 0x80, 0x80, 0x80, 0x00, 0x88, 0x3F, 0x8D,
  0x80, 0x80, 0x00, 0x8F, 0x80, 0x80, 0x08, 0x80,
  0x8F, 0x08, 0x08, 0x08, 0x80, 0x08, 0x08, 0x80,
  0x08, 0x80, 0x08, 0xF0, 0x83, 0x80, 0x80, 0x80,
  0xFF, 0x0A, 0x08, 0x08, 0x08, 0x80, 0x08, 0x08,
  0x08, 0x08, 0x08, 0x80, 0x80, 0x80, 0x80, 0x80,
  0x90, 0x00, 0x00, 0x00, 0x00, 0x00, 0x00, 0x00,
  0x00, 0x00, 0x00, 0x00, 0x00, 0x00, 0x00, 0x00,
  0x00, 0x00, 0xFF, 0xFF, 0x08, 0x08, 0x08, 0x08,
  0x88, 0x00, 0x08, 0x08, 0x08, 0x08, 0x88, 0x80,
  0x80, 0x77, 0x27, 0x08, 0x08, 0x08, 0x88, 0x00,
  0x88, 0x77, 0x00, 0x80, 0x80, 0x80, 0x08, 0x37,
  0x80, 0x80, 0x80, 0x80, 0x80, 0x80, 0x80, 0x80,
  0x80, 0x80, 0x80, 0x80, 0xFF, 0xAF, 0x80, 0x9F,
  0x80, 0x80, 0x80, 0x8F, 0x08, 0x0E, 0x08, 0x8C,
  0x80, 0x8C, 0x80, 0x0D, 0x08, 0x0D, 0x08, 0x8C,
  0x80, 0x8C, 0x80, 0x80, 0x0E, 0x08, 0x08, 0x08,
  0x08, 0x08, 0x08, 0x08, 0x08, 0x57, 0x08, 0x87,
  0x80, 0x04, 0x03, 0x08, 0x05, 0x84, 0x84, 0x80,
  0x04, 0x03, 0x08, 0x05, 0x84, 0x80, 0x85, 0x80,
  0x04, 0x08, 0x08, 0x08, 0x08, 0x08, 0x08, 0x08,
  0x08, 0x88, 0x00, 0x88, 0x00, 0xFF, 0x8B, 0x80,
  0x80, 0x80, 0x3F, 0x9F, 0x00, 0x88, 0x00, 0x88,
  0xF0, 0x89, 0x80, 0x08, 0x80, 0x08, 0x80, 0x08,
  0x80, 0x08, 0x80, 0x08, 0x08, 0xFF, 0x8E, 0x80,
  0x00, 0x88, 0x00, 0x88, 0x00, 0x88, 0x00, 0x88,
  0x80, 0x80, 0x80, 0x00, 0x08, 0x08, 0x08, 0x00,
  0x00, 0x00, 0x00, 0x00, 0x00, 0x00, 0x00, 0x00,
  0x00, 0x00, 0x00, 0x00, 0x00, 0x00, 0x00, 0x00,
  0x00, 0x00, 0x00, 0xFF, 0xFF, 0x08, 0x08, 0x08,
  0x08, 0x88, 0x00, 0x08, 0x08, 0x08, 0x08, 0x88,
  0x80, 0x77, 0x07, 0x80, 0x80, 0x80, 0x80, 0x80,
  0x80, 0x77, 0x08, 0x08, 0x80, 0x80, 0x08, 0x80,
  0x37, 0x80, 0x80, 0x80, 0x80, 0x80, 0x80, 0x80,
  0x80, 0x80, 0x80, 0x80, 0xFF, 0x8F, 0x08, 0x08,
  0x9F, 0x08, 0x08, 0x8F, 0x80, 0x8C, 0x00, 0x8D,
  0x80, 0x8C, 0x80, 0x0D, 0x08, 0x0D, 0x08, 0x8C,
  0x80, 0x80, 0x8D, 0x00, 0x88, 0x0E, 0x08, 0x08,
  0x08, 0x08, 0x08, 0x08, 0x27, 0x08, 0xB7, 0x03,
  0x04, 0x08, 0x85, 0x80, 0x85, 0x84, 0x03, 0x88,
  0x85, 0x84, 0x80, 0x84, 0x84, 0x80, 0x80, 0x04,
  0x08, 0x68, 0x08, 0x08, 0x80, 0x08, 0x80, 0x08,
  0x80, 0x08, 0x80, 0x08, 0x08, 0xFF, 0x88, 0x80,
  0x80, 0x08, 0x80, 0xBF, 0x08, 0x08, 0x08, 0x08,
  0x08, 0x08, 0xFF, 0x08, 0x08, 0x08, 0x08, 0x88,
  0x00, 0x88, 0x80, 0x80, 0x80, 0x80, 0x00, 0x08,
  0x08, 0x08, 0xFF, 0xBF, 0x08, 0x88, 0x00, 0x88,
  0x00, 0x88, 0x00, 0x08, 0x08, 0x08, 0x88, 0x80,
  0x80, 0x90, 0x00, 0x00, 0x00, 0x00, 0x00, 0x00,
  0x00, 0x00, 0x00, 0x00, 0x00, 0x00, 0x00, 0xFF,
  0xFF, 0x08, 0x08, 0x08, 0x08, 0x88, 0x00, 0x08,
  0x08, 0x08, 0x08, 0x88, 0x80, 0x80, 0x80, 0x80,
  0x77, 0x57, 0x80, 0x80, 0x80, 0x80, 0x80, 0x80,
  0x77, 0x80, 0x80, 0x80, 0x80, 0x80, 0x00, 0x88,
  0x67, 0x08, 0x08, 0x08, 0x80, 0x80, 0x08, 0x80,
  0x08, 0x80, 0x08, 0x80, 0xFF, 0x8C, 0x00, 0x88,
  0xAF, 0x80, 0x80, 0x8F, 0x08, 0x0E, 0x08, 0x88,
  0x8C, 0x80, 0x8D, 0x80, 0x0D, 0x0C, 0x08, 0x08,
  0x8D, 0x80, 0x8C, 0x80, 0x00, 0x88, 0x0F, 0x08,
  0x88, 0x00, 0x88, 0x00, 0x17, 0x08, 0x08, 0x07,
  0x48, 0x08, 0x84, 0x00, 0x84, 0x04, 0xC3, 0x84,
  0x03, 0x03, 0x08, 0x85, 0x80, 0x05, 0x08, 0x04,
  0x08, 0x08, 0x08, 0x87, 0x00, 0x08, 0x88, 0x00,
  0x88, 0x80, 0x00, 0xBF, 0x88, 0x80, 0x80, 0x00,
  0x88, 0x80, 0xF0, 0x8F, 0x08, 0x08, 0x88, 0x00,
  0x88, 0xCF, 0x80, 0x80, 0x80, 0x80, 0x80, 0x80,
  0x80, 0x80, 0x08, 0x80, 0x80, 0x80, 0x80, 0x08,
  0x08, 0x08, 0x09, 0x00, 0xFF, 0x04, 0x08, 0xFF,
  0x0A, 0x08, 0x08, 0x08, 0x08, 0x08, 0x08, 0x08,
  0x08, 0x08, 0x08, 0x08, 0x88, 0x80, 0x80, 0x90,
  0x00, 0x00, 0x00, 0x00, 0x00, 0x00, 0x00, 0x00,
  0xFF, 0xFF, 0x08, 0x08, 0x08, 0x08, 0x88, 0x00,
  0x08, 0x08, 0x08, 0x08, 0x88, 0x80, 0x80, 0xB7,
  0x77, 0x03, 0x08, 0x08, 0x08, 0x08, 0x08, 0x08,
  0x08, 0x77, 0x03, 0x08, 0x08, 0x08, 0x08, 0x08,
  0x77, 0x00, 0x08, 0x08, 0x08, 0x08, 0x08, 0x08,
  0x08, 0x08, 0x08, 0x08, 0xFF, 0x8D, 0x80, 0x80,
  0x00, 0xBF, 0x80, 0x3F, 0x0C, 0x08, 0x0D, 0x08,
  0x8C, 0x80, 0x8C, 0x80, 0x0D, 0x08, 0x0D, 0x08,
  0x8C, 0x80, 0x80, 0x8D, 0x80, 0x80, 0x00, 0x8F,
  0x80, 0x80, 0x08, 0x87, 0x80, 0x80, 0x05, 0x08,
  0x04, 0x08, 0x85, 0x80, 0x85, 0x03, 0x08, 0x85,
  0x04, 0x88, 0x04, 0x08, 0x04, 0x08, 0x85, 0x80,
  0x85, 0x80, 0x80, 0x80, 0x80, 0x80, 0x80, 0x80,
  0x37, 0x0F, 0x88, 0x00, 0x88, 0x00, 0x08, 0x88,
  0x00, 0xBF, 0x80, 0x80, 0x80, 0x80, 0x80, 0x80,
  0x3F, 0x9F, 0x08, 0x88, 0x00, 0x88, 0x00, 0x88,
  0x00, 0x88, 0x00, 0x88, 0x80, 0x80, 0x80, 0x00,
  0x08, 0x08, 0x08, 0x00, 0x00, 0x00, 0xFF, 0x04,
  0x08, 0x08, 0x08, 0x08, 0xF8, 0xFF, 0x88, 0x80,
  0x80, 0x80, 0x80, 0x80, 0x80, 0x80, 0x80, 0x80,
  0x80, 0x80, 0x80, 0x80, 0x80, 0xF0, 0xFF, 0x0F,
  0x08, 0x08, 0x08, 0x08, 0x08, 0x08, 0x08, 0x08,
  0x08, 0x08, 0x88, 0x80, 0x80, 0x80, 0x80, 0x80,
  0x00, 0x77, 0x77, 0x80, 0x80, 0x80, 0x00, 0x88,
  0x00, 0x57, 0x80, 0x80, 0x80, 0x80, 0x80, 0x80,
  0x67, 0x08, 0x08, 0x08, 0x08, 0x80, 0x08, 0x80,
  0x08, 0x80, 0x08, 0x80, 0xFF, 0x8C, 0x00, 0x88,
  0xAF, 0x80, 0x80, 0x8F, 0x08, 0x08, 0x8F, 0x80,
  0x8B, 0x08, 0x8E, 0x00, 0x0D, 0x08, 0x0D, 0x08,
  0x0C, 0x08, 0x08, 0x8D, 0x80, 0x80, 0x80, 0x80,
  0x00, 0x88, 0x00, 0x88, 0x00, 0x67, 0x80, 0x80,
  0x07, 0x80, 0x05, 0x03, 0x08, 0x05, 0x88, 0x05,
  0x03, 0x08, 0x05, 0x08, 0x85, 0x80, 0x85, 0x80,
  0x80, 0x05, 0x08, 0x08, 0x08, 0x08, 0x08, 0x08,
  0x08, 0x88, 0x00, 0x88, 0x00, 0x88, 0x80, 0x80,
  0xFF, 0x8F, 0x80, 0x80, 0x80, 0x80, 0x00, 0x3F,
  0x8F, 0x08, 0x08, 0x08, 0x08, 0x08, 0x08, 0x08,
  0x08, 0x08, 0x08, 0x80, 0x08, 0x08, 0x08, 0x08,
  0x80, 0x80, 0x80, 0xFF, 0xFF, 0x08, 0x08, 0x08,
  0x08, 0x88, 0x00, 0x08, 0x08, 0x08, 0x08, 0x88,
  0x80, 0x80, 0x80, 0x80, 0x80, 0x00, 0x00, 0x00,
  0x00, 0x00, 0x00, 0x00, 0x00, 0x00, 0x2F, 0xFF,
  0x9F, 0x80, 0x08, 0x80, 0x08, 0x80, 0x08, 0x80,
  0x08, 0x80, 0x80, 0x80, 0x80, 0x08, 0xB7, 0x77,
  0x05, 0x88, 0x00, 0x88, 0x00, 0x88, 0x80, 0x80,
  0x80, 0x80, 0x77, 0x04, 0x08, 0x08, 0x08, 0x88,
  0x57, 0x80, 0x08, 0x08, 0x80, 0x08, 0x80, 0x08,
  0x08, 0x08, 0x08, 0x08, 0x80, 0xFF, 0x8F, 0x80,
  0x80, 0x8F, 0x08, 0xE8, 0x80, 0x80, 0x0D, 0x88,
  0x0C, 0x08, 0x8D, 0x80, 0x8C, 0x80, 0x8C, 0x80,
  0x80, 0x0F, 0x08, 0x08, 0x8D, 0x80, 0x80, 0x80,
  0x80, 0x80, 0x80, 0x80, 0x70, 0x84, 0x80, 0x80,
  0x17, 0xB5, 0x03, 0x04, 0x08, 0x85, 0x80, 0x85,
  0x80, 0x04, 0x03, 0x08, 0x05, 0x08, 0x68, 0x08,
  0x08, 0x08, 0x05, 0x08, 0x08, 0x08, 0x08, 0x08,
  0x08, 0x08, 0x08, 0x08, 0x08, 0x08, 0x08, 0x88,
  0x80, 0xFF, 0x8F, 0x08, 0x08, 0x08, 0x08, 0x08,
  0x08, 0x08, 0xFF, 0x88, 0x80, 0x08, 0x80, 0x08,
  0x80, 0x08, 0x08, 0x08, 0x08, 0x08, 0x80, 0x80,
  0x80, 0x80, 0x80, 0x90, 0x00, 0x00, 0x00, 0x00,
  0x00, 0x00, 0x00, 0x00, 0x00, 0xFF, 0xFF, 0x08,
  0x08, 0x08, 0x08, 0x88, 0x00, 0x08, 0x08, 0x08,
  0x08, 0x88, 0x80, 0x80, 0x80, 0x80, 0x80, 0x00,
  0x00, 0x00, 0x00, 0x00, 0xFF, 0xFF, 0x08, 0x08,
  0x08, 0x08, 0x88, 0x00, 0x57, 0x80, 0x80, 0x80,
  0x80, 0x80, 0x80, 0x80, 0x80, 0x80, 0x80, 0x80,
  0x80, 0x77, 0x07, 0x80, 0x80, 0x80, 0x80, 0x80,
  0x57, 0x08, 0x08, 0x80, 0x08, 0x80, 0x08, 0x80,
  0x80, 0x80, 0x80, 0x80, 0xFF, 0x8D, 0x80, 0x80,
  0x00, 0xBF, 0x80, 0x8F, 0x80, 0x0D, 0x88, 0x00,
  0x0E, 0x88, 0x8B, 0x08, 0x8E, 0x00, 0x0D, 0x08,
  0x88, 0x8C, 0x80, 0x80, 0x80, 0x8F, 0x08, 0x80,
  0x08, 0x80, 0x08, 0x08, 0x80, 0x47, 0x08, 0x08,
  0x17, 0x88, 0x86, 0x00, 0x03, 0x80, 0x06, 0x03,
  0x08, 0x85, 0x00, 0x04, 0x08, 0x05, 0x08, 0x85,
  0x80, 0x80, 0x86, 0x80, 0x80, 0x80, 0x80, 0x80,
  0x80, 0x80, 0x80, 0x80, 0x80, 0x80, 0x80, 0x80,
  0xF0, 0xDF, 0x08, 0x08, 0x80, 0x08, 0x80, 0xDF,
  0x80, 0x80, 0x80, 0x80, 0x80, 0x08, 0x80, 0x80,
  0x80, 0x80, 0x80, 0x08, 0x08, 0x08, 0x08, 0x08,
  0xFF, 0xFF, 0x80, 0x80, 0x07, 0x80, 0x80, 0x80,
  0x80, 0x80, 0x80, 0x08, 0x80, 0x08, 0xFF, 0x85,
  0x80, 0x8C, 0x80, 0x80, 0x80, 0x00, 0x88, 0x00,
  0x88, 0x00, 0x08, 0x08, 0x08, 0x08, 0x88, 0x80,
  0xF0, 0xFF, 0x89, 0x00, 0x08, 0x27, 0xF8, 0x80,
  0x80, 0x80, 0x80, 0x80, 0x80, 0x17, 0x0D, 0x03,
  0x08, 0x08, 0x08, 0x88, 0x80, 0x00, 0x88, 0x00,
  0x88, 0x77, 0x00, 0x80, 0x80, 0x80, 0x08, 0x37,
  0x80, 0x80, 0x80, 0x80, 0x80, 0x80, 0x80, 0x80,
  0x80, 0x80, 0x80, 0x80, 0xFF, 0xAF, 0x80, 0x80,
  0x00, 0xBF, 0x88, 0x8F, 0x08, 0x08, 0x8F, 0x00,
  0x8C, 0x80, 0x8C, 0x80, 0x80, 0x0E, 0x08, 0x0D,
  0x08, 0x08, 0x8D, 0x80, 0x80, 0x80, 0x0F, 0x08,
  0x08, 0x08, 0x08, 0x08, 0x07, 0x80, 0x80, 0x80,
  0x07, 0x80, 0x05, 0x08, 0x84, 0x00, 0x04, 0x04,
  0x08, 0x85, 0x80, 0x85, 0x80, 0x04, 0x08, 0x04,
  0x88, 0x00, 0x86, 0x80, 0x80, 0x80, 0x80, 0x80,
  0x80, 0x80, 0x80, 0x80, 0x80, 0x00, 0x88, 0xFF,
  0x8B, 0x80, 0x80, 0x80, 0x80, 0x00, 0x88, 0x00,
  0xFF, 0x8B, 0x80, 0x80, 0x80, 0x80, 0x80, 0x80,
  0x80, 0x80, 0x08, 0x08, 0x08, 0x08, 0x08, 0x08,
  0x00, 0x00, 0x00, 0x00, 0x00, 0x00, 0x00, 0x00,
  0x00, 0x00, 0x00, 0x00, 0x00, 0xFF, 0xFF, 0x08,
  0x08, 0x08, 0x08, 0x88, 0x00, 0x08, 0x08, 0x08,
  0x08, 0x88, 0x80, 0x80, 0x80, 0x80, 0x80, 0x00,
  0x00, 0x00, 0x00, 0x00, 0x00, 0x00, 0x00, 0xF0,
  0xFF, 0x8F, 0x80, 0x07, 0x0C, 0x03, 0x08, 0x08,
  0x08, 0x08, 0x08, 0x08, 0x08, 0x88, 0x00, 0x88,
  0x77, 0x82, 0x80, 0x80, 0x80, 0x80, 0x80, 0x77,
  0x08, 0x08, 0x80, 0x80, 0x08, 0x80, 0x08, 0x80,
  0x80, 0x80, 0x80, 0x80, 0xFF, 0x8D, 0x80, 0x80,
  0x9F, 0x08, 0x08, 0x8F, 0x08, 0xD8, 0x08, 0x08,
  0x8D, 0x80, 0x0D, 0x08, 0x0D, 0x08, 0x08, 0x8D,
  0x80, 0x80, 0x8D, 0x80, 0x00, 0x88, 0x80, 0x8F,
  0x08, 0x08, 0x08, 0x07, 0x08, 0x08, 0x08, 0x07,
  0x08, 0x08, 0x05, 0x08, 0x04, 0x08, 0x05, 0x84,
  0x80, 0x85, 0x80, 0x04, 0x08, 0x04, 0x08, 0x88,
  0x87, 0x80, 0x80, 0x80, 0x86, 0x80, 0x80, 0x80,
  0x00, 0x08, 0x88, 0x00, 0x88, 0x00, 0xEF, 0x80,
  0x80, 0x80, 0x08, 0x08, 0x80, 0x08, 0x80, 0xFF,
  0x08, 0x08, 0x08, 0x08, 0x08, 0x08, 0x08, 0x08,
  0x08, 0x08, 0x08, 0x88, 0x80, 0x80, 0x80, 0x80,
  0x80, 0x00, 0x00, 0x00, 0x00, 0x00, 0x00, 0x00,
  0x00, 0x00, 0x00, 0x00, 0x00, 0xFF, 0xFF, 0x08,
  0x08, 0x08, 0x08, 0x88, 0x00, 0x08, 0x08, 0x08,
  0x08, 0x88, 0x80, 0x80, 0x80, 0x80, 0x80, 0x00,
  0x00, 0x00, 0x00, 0xFF, 0xFF, 0x08, 0x08, 0x08,
  0x08, 0x88, 0x00, 0x08, 0x08, 0x08, 0x08, 0x88,
  0x77, 0x06, 0x08, 0x08, 0x88, 0x00, 0x88, 0x57,
  0x8D, 0x04, 0x08, 0x08, 0x08, 0x08, 0x07, 0x08,
  0x08, 0x08, 0x08, 0x08, 0x08, 0x80, 0x08, 0x80,
  0x08, 0x80, 0x08, 0x08, 0xF8, 0xFF, 0x08, 0x08,
  0x8F, 0x08, 0x08, 0x8E, 0x80, 0x80, 0x0D, 0x08,
  0x88, 0x0E, 0x08, 0x0D, 0x08, 0x08, 0x8D, 0x80,
  0x80, 0x80, 0x8E, 0x80, 0x80, 0x80, 0x80, 0x80,
  0x80, 0x00, 0x88, 0x80, 0x80, 0x77, 0x01, 0x08,
  0x07, 0x80, 0x80, 0x07, 0x88, 0x00, 0x04, 0x08,
  0x68, 0x80, 0x80, 0x80, 0x06, 0x08, 0x08, 0x08,
  0x06, 0x08, 0x08, 0x08, 0x08, 0x88, 0x00, 0x88,
  0x00, 0x08, 0x08, 0x08, 0x08, 0x88, 0x80, 0x80,
  0x80, 0x80, 0x80, 0x00, 0x00, 0xFF, 0xFF, 0x08,
  0x08, 0x08, 0x08, 0x88, 0x00, 0x08, 0x08, 0x08,
  0x08, 0x88, 0x80, 0x80, 0x80, 0x80, 0x80, 0x00,
  0x00, 0x00, 0x00, 0x00, 0x00, 0x00, 0x00, 0x00,
  0x00, 0x00, 0x00, 0x00, 0x00, 0x00, 0x00, 0x00,
  0x00, 0x00, 0x00, 0x00, 0x00, 0x00, 0x00, 0x00,
  0x00, 0x00, 0x00, 0x00, 0x00, 0x00, 0x00, 0x00,
  0x00, 0x00, 0x00, 0x00, 0x00, 0x00, 0x00, 0x00,
  0xF0, 0x4F, 0xFF, 0x08, 0x08, 0x08, 0x08, 0x08,
  0x08, 0x08, 0x08, 0x08, 0x80, 0x08, 0x08, 0x08,
  0x08, 0x80, 0xF0, 0xFF, 0x8C, 0xF0, 0x89, 0x80,
  0x80, 0x00, 0x08, 0x88, 0x00, 0xDF, 0x08, 0x80,
  0xF0, 0x09, 0x08, 0x08, 0xF8, 0x78, 0x47, 0x02,
  0x88, 0x80, 0x80, 0x09, 0x08, 0x08, 0x08, 0xCB,
  0xBB, 0xBC, 0x0B, 0xBC, 0xC8, 0xC0, 0x0B, 0x0C,
  0xB8, 0xC8, 0xC8, 0x80, 0x80, 0x0D, 0x08, 0xD8,
  0x0F, 0x67, 0x34, 0x13, 0x81, 0x80, 0x00, 0x09,
  0x09, 0x89, 0x80, 0x20, 0x28, 0xB3, 0xCB, 0xCF,
  0xAA, 0x99, 0xCA, 0x99, 0xAA, 0xAA, 0x8D, 0xB9,
  0xB0, 0xB0, 0x08, 0xD8, 0x80, 0xD0, 0x80, 0x80,
  0x80, 0x80, 0x80, 0x80, 0x80, 0x80, 0x80, 0x80,
  0x00, 0xF8, 0xF3, 0x83, 0xF0, 0x03, 0x8D, 0x80,
  0x85, 0x4B, 0x8B, 0x80, 0x80, 0xB6, 0xB3, 0x08,
  0x04, 0x08, 0x08, 0x80, 0x08, 0x80, 0x08, 0x80,
  0x08, 0xB7, 0x80, 0x08, 0x70, 0x85, 0x80, 0x80,
  0x80, 0x9F, 0x08, 0x06, 0x08, 0x8D, 0x80, 0x50,
  0x08, 0x08, 0xD8, 0x03, 0x80, 0x05, 0x08, 0x8D,
  0xC0, 0x08, 0x34, 0x40, 0x83, 0x80, 0xD0, 0xBC,
  0xBB, 0xCC, 0x8A, 0xBB, 0xC8, 0xC8, 0x8B, 0xC0,
  0x08, 0x08, 0x08, 0x08, 0x07, 0x84, 0x34, 0x03,
  0x53, 0x08, 0x0C, 0x08, 0x08, 0x08, 0x86, 0x34,
  0x03, 0x84, 0x34, 0x33, 0x04, 0x48, 0x30, 0x34,
  0x84, 0x0B, 0x08, 0x08, 0x78, 0xBB, 0xD0, 0xBA,
  0x48, 0x48, 0x0B, 0xFB, 0x0A, 0x08, 0x22, 0x03,
  0xC8, 0xCB, 0x8A, 0x0C, 0x43, 0x33, 0x03, 0x04,
  0x8C, 0xCB, 0x9F, 0x9A, 0x31, 0x52, 0x54, 0x02,
  0x11, 0xA0, 0xC9, 0xBA, 0x9F, 0xBB, 0xAA, 0xCB,
  0x99, 0xC9, 0xC9, 0xB9, 0xA9, 0xA9, 0x0B, 0x8B,
  0x80, 0x80, 0x00, 0x88, 0x00, 0x67, 0x62, 0x31,
  0x34, 0x23, 0x14, 0x20, 0x88, 0x8A, 0x0B, 0x08,
  0x08, 0x86, 0x34, 0x73, 0x12, 0x24, 0x23, 0x15,
  0x23, 0x14, 0x14, 0x23, 0x24, 0x21, 0x04, 0x22,
  0x38, 0x88, 0x00, 0x0D, 0xAC, 0xB8, 0xAC, 0xC8,
  0xBB, 0xCB, 0xCB, 0xC0, 0xBA, 0xB8, 0xC8, 0x0C,
  0x8B, 0x0C, 0x8C, 0x80, 0x8B, 0xD8, 0x80, 0x8C,
  0xD0, 0x80, 0x40, 0x08, 0x08, 0x08, 0x08, 0x08,
  0x78, 0x0B, 0x88, 0x8E, 0x0C, 0x0C, 0x8B, 0xBC,
  0x08, 0xBD, 0xC0, 0x80, 0x8B, 0x80, 0xE0, 0x03,
  0x88, 0x50, 0x80, 0x50, 0x08, 0x08, 0x85, 0x80,
  0x80, 0x86, 0x40, 0x08, 0x43, 0x30, 0x04, 0x03,
  0x44, 0x38, 0x40, 0x48, 0x08, 0x84, 0x80, 0x80,
  0x80, 0xF0, 0x08, 0x80, 0xC8, 0x08, 0x8D, 0x80,
  0xD0, 0x08, 0x0C, 0x8C, 0x80, 0xC0, 0x08, 0xD8,
  0x80, 0x80, 0x80, 0x80, 0x80, 0x80, 0x80, 0x80,
  0x80, 0x08, 0x80, 0x08, 0x80, 0x80, 0x80, 0x80,
  0x08, 0x08, 0x08, 0x09, 0x00, 0x00, 0x00, 0x00,
  0xFF, 0x5F, 0x80, 0x80, 0x37, 0xF8, 0x08, 0x08,
  0x08, 0x86, 0x00, 0x84, 0x80, 0xB5, 0x80, 0x80,
  0x80, 0x08, 0x08, 0x17, 0x85, 0x80, 0x80, 0x00,
  0xF8, 0xB8, 0x08, 0x08, 0x08, 0x07, 0x48, 0x08,
  0x40, 0x08, 0x58, 0x80, 0x04, 0x08, 0x08, 0x08,
  0xBF, 0xCB, 0xBB, 0xCB, 0x9F, 0x9A, 0xAC, 0xC9,
  0x9A, 0xAA, 0xBA, 0xBB, 0xCB, 0xB8, 0xC8, 0x08,
  0x08, 0x68, 0x80, 0x04, 0x03, 0x44, 0x38, 0x40,
  0x48, 0x80, 0x84, 0x03, 0x84, 0x84, 0x40, 0x38,
  0x40, 0x48, 0x48, 0x02, 0x43, 0x42, 0x32, 0x43,
  0x33, 0x34, 0x33, 0x34, 0x34, 0x43, 0x38, 0x40,
  0x08, 0x08, 0x08, 0x80, 0x08, 0x9F, 0x00, 0x0E,
  0x88, 0xC0, 0x08, 0x08, 0x08, 0xF8, 0xB3, 0x88,
  0x00, 0x08, 0x8F, 0x80, 0xD0, 0x08, 0x8C, 0xC0,
  0x08, 0x8C, 0xC0, 0xB8, 0x08, 0x0D, 0x08, 0x0D,
  0x88, 0xC0, 0x08, 0x08, 0xE8, 0x80, 0x80, 0xE0,
  0x80, 0x08, 0x80, 0x08, 0x80, 0x08, 0x80, 0x08,
  0x80, 0x08, 0x08, 0x77, 0x00, 0x08, 0x08, 0x08,
  0x80, 0x08, 0xDF, 0x80, 0x80, 0x07, 0x80, 0xE0,
  0x80, 0x80, 0x80, 0x08, 0x08, 0x80, 0x08, 0x80,
  0x78, 0x04, 0x08, 0x08, 0x08, 0x88, 0x00, 0x88,
  0x00, 0x88, 0x00, 0xF8, 0xCF, 0x08, 0x80, 0x08,
  0x80, 0x08, 0x80, 0x08, 0xFF, 0x09, 0x08, 0x88,
  0x00, 0x88, 0x00, 0x08, 0x08, 0x08, 0x08, 0x88,
  0x80, 0x80, 0x80, 0x80, 0x80, 0x00, 0x00, 0xA7,
  0x77, 0x17, 0x78, 0x00, 0x08, 0x08, 0x08, 0x08,
  0x78, 0x82, 0x60, 0x80, 0x50, 0x08, 0x08, 0x68,
  0x08, 0x08, 0x08, 0x0E, 0x08, 0xC8, 0x08, 0x0D,
  0xB8, 0x08, 0xD8, 0x08, 0x08, 0x08, 0x08, 0x08,
  0x08, 0x08, 0xBF, 0x08, 0x08, 0xF8, 0x0A, 0x8F,
  0x0B, 0xBC, 0xC8, 0xCB, 0xB0, 0xBC, 0xC0, 0xC0,
  0x80, 0x0B, 0x08, 0x8D, 0x80, 0x80, 0x80, 0x70,
  0x80, 0x80, 0x08, 0x80, 0x08, 0x80, 0x78, 0x02,
  0x08, 0x08, 0x78, 0x82, 0x06, 0x48, 0x48, 0x83,
  0x34, 0x43, 0x42, 0x32, 0x43, 0x33, 0x27, 0x21,
  0x22, 0x33, 0x43, 0x42, 0x02, 0x83, 0x04, 0x03,
  0x80, 0x08, 0x80, 0x80, 0xF8, 0x89, 0x0E, 0xC8,
  0xC0, 0xC0, 0x8A, 0x8B, 0x8B, 0x0D, 0x8C, 0x0B,
  0x8C, 0x8B, 0x8C, 0xC0, 0xC8, 0x80, 0xD0, 0x80,
  0x8B, 0x80, 0xE8, 0x80, 0x80, 0x80, 0x80, 0xF0,
  0x88, 0x80, 0x80, 0x80, 0x80, 0x80, 0x80, 0x80,
  0x80, 0x00, 0x88, 0x00, 0x08, 0x08, 0x08, 0x88,
  0x80, 0x80, 0x90, 0x00, 0x00, 0x00, 0x00, 0x77,
  0x77, 0x80, 0x80, 0x80, 0x00, 0x88, 0x00, 0x08,
  0x08, 0x08, 0x08, 0x78, 0x57, 0x80, 0x80, 0x08,
  0x80, 0x08, 0x80, 0x80, 0x80, 0x80, 0x80, 0x08,
  0x08, 0xFF, 0x9F, 0xF8, 0x08, 0x0D, 0xB8, 0x08,
  0x8D, 0xC0, 0x08, 0x8C, 0x80, 0x8C, 0x00, 0x88,
  0x0E, 0x08, 0x08, 0x08, 0x08, 0x08, 0x08, 0x78,
  0x83, 0x70, 0x40, 0x08, 0x84, 0x04, 0x83, 0x04,
  0x03, 0x04, 0x03, 0x85, 0x04, 0x48, 0x08, 0x48,
  0x80, 0x08, 0x50, 0x0C, 0x08, 0x08, 0x08, 0x08,
  0xF8, 0x08, 0x08, 0x08, 0x8F, 0x80, 0x00, 0x88,
  0x00, 0x88, 0x70, 0x81, 0x80, 0x00, 0x88, 0x00,
  0x88, 0x00, 0xF8, 0x0E, 0xE8, 0xC0, 0xB8, 0xC0,
  0x8B, 0xBC, 0x0C, 0xCB, 0xBB, 0xD0, 0xBA, 0x8B,
  0xBC, 0xB8, 0xD8, 0x8B, 0xD0, 0xB0, 0x08, 0xD8,
  0x80, 0x80, 0x0D, 0x08, 0x88, 0x00, 0x06, 0x08,
  0x58, 0x80, 0x85, 0x84, 0x33, 0x40, 0x33, 0x40,
  0x34, 0x33, 0x25, 0x26, 0x21, 0x22, 0x63, 0x21,
  0x22, 0x32, 0x38, 0x34, 0x48, 0x38, 0x40, 0x80,
  0x08, 0xB5, 0x03, 0x0D, 0x08, 0xC8, 0x08, 0x8C,
  0xD0, 0x80, 0x8B, 0x8C, 0x0C, 0xC8, 0xC0, 0xC0,
  0x80, 0x0B, 0x8C, 0x80, 0x8C, 0xD0, 0x80, 0x80,
  0x8C, 0x80, 0xE0, 0x80, 0x80, 0x8C, 0x80, 0x8C,
  0x80, 0x8D, 0x80, 0x0D, 0xC8, 0x80, 0xD0, 0x80,
  0x80, 0x8C, 0x80, 0x0D, 0x08, 0x08, 0x08, 0xF8,
  0x03, 0x3C, 0x08, 0x80, 0x08, 0x70, 0x08, 0x58,
  0x08, 0x84, 0x30, 0x40, 0x40, 0x08, 0x84, 0x84,
  0x30, 0x80, 0x05, 0x08, 0x04, 0x08, 0x88, 0x80,
  0x00, 0x88, 0x00, 0x88, 0xCF, 0x80, 0xF0, 0x88,
  0x80, 0x8D, 0x80, 0x80, 0x0E, 0x08, 0x08, 0x0E,
  0x08, 0x08, 0x08, 0x08, 0x8F, 0x80, 0x80, 0x08,
  0x80, 0x80, 0x08, 0xAF, 0x80, 0x08, 0x80, 0x80,
  0x08, 0x80, 0x08, 0x80, 0x08, 0x77, 0x5D, 0x80,
  0x80, 0x80, 0x80, 0x70, 0x80, 0x80, 0x80, 0x07,
  0x88, 0x00, 0x88, 0x70, 0x08, 0x08, 0x08, 0x80,
  0x08, 0x80, 0x08, 0x80, 0x78, 0x04, 0x08, 0x08,
  0x08, 0x88, 0x37, 0x00, 0x08, 0x08, 0x88, 0x00,
  0x08, 0xFF, 0x08, 0x0F, 0xB8, 0xC0, 0xB8, 0xC8,
  0xC8, 0xC0, 0x0B, 0x0C, 0xAC, 0xB8, 0x8B, 0x8C,
  0xBC, 0x08, 0x8C, 0x0C, 0x0C, 0xC8, 0x80, 0x8B,
  0x80, 0xE0, 0x08, 0x08, 0x08, 0x08, 0x80, 0x78,
  0x01, 0x05, 0x48, 0x80, 0x85, 0x84, 0x33, 0x40,
  0x83, 0x44, 0x32, 0x03, 0x34, 0x24, 0x84, 0x33,
  0x40, 0x03, 0x53, 0x48, 0x38, 0x80, 0x04, 0x48,
  0x08, 0x80, 0x85, 0x80, 0x00, 0x88, 0x70, 0x80,
  0x80, 0x80, 0x80, 0x80, 0x80, 0x3F, 0x8D, 0x80,
  0x80, 0x0E, 0x08, 0xD8, 0x80, 0xD0, 0x80, 0x0C,
  0xB8, 0x08, 0x8D, 0xC0, 0x80, 0xC8, 0x80, 0xD0,
  0x08, 0x08, 0xD8, 0x08, 0x08, 0x08, 0x0F, 0x08,
  0x08, 0x88, 0x00, 0x88, 0x00, 0x88, 0x00, 0x88,
  0x80, 0x80, 0x80, 0x80, 0xF0, 0x03, 0x88, 0x00,
  0x08, 0x08, 0x08, 0x88, 0x80, 0x80, 0x90, 0x00,
  0x00, 0x00, 0x00, 0x00, 0x00, 0x00, 0x00, 0x00,
  0x00, 0x00, 0x00, 0x00, 0x00, 0x00, 0x00, 0x00,
  0x00, 0x00, 0x00, 0x00, 0xFF, 0xFF, 0x08, 0x08,
  0x08, 0x08, 0x88, 0xF0, 0x0D, 0x08, 0x08, 0x08,
  0x08, 0x08, 0x88, 0x80, 0x80, 0x80, 0x80, 0x00,
  0x08, 0x08, 0x77, 0x27, 0x08, 0x08, 0x88, 0x00,
  0x57, 0x08, 0x08, 0x08, 0x17, 0x08, 0x08, 0x07,
  0x08, 0x08, 0x88, 0x00, 0x07, 0xC8, 0x03, 0x3C,
  0x0C, 0x08, 0x08, 0x08, 0x08, 0x08, 0x08, 0xF8,
  0x8A, 0x80, 0x80, 0x9F, 0x88, 0xF0, 0x08, 0xC8,
  0x08, 0x8C, 0xD0, 0xC0, 0x80, 0x0B, 0x8C, 0xC0,
  0x08, 0x8C, 0xC0, 0x80, 0xC8, 0x80, 0x80, 0x8D,
  0x80, 0x80, 0x0E, 0x08, 0x08, 0xE8, 0x08, 0x08,
  0x80, 0x8E, 0x00, 0x88, 0x00, 0x88, 0x00, 0x88,
  0x70, 0x83, 0x70, 0x40, 0x48, 0x48, 0x38, 0x43,
  0x48, 0x32, 0x03, 0x34, 0x34, 0x33, 0x40, 0x34,
  0x33, 0x40, 0x84, 0x03, 0x34, 0x80, 0x85, 0x80,
  0x04, 0x08, 0x08, 0x08, 0x08, 0x3F, 0x8C, 0xC0,
  0x08, 0x0C, 0xC8, 0x80, 0x0C, 0xC8, 0x08, 0x0C,
  0x8C, 0xC0, 0x80, 0x8B, 0xD0, 0x08, 0xC8, 0x80,
  0x80, 0x8D, 0x80, 0x80, 0x0E, 0x08, 0x08, 0x88,
  0x8E, 0x80, 0x80, 0x00, 0x08, 0x88, 0x00, 0x88,
  0x00, 0x08, 0x08, 0x08, 0x08, 0x88, 0x3F, 0x80,
  0x80, 0x3F, 0x80, 0x08, 0x80, 0x08, 0x08, 0x08,
  0x08, 0x80, 0x80, 0x80, 0x00, 0x00, 0x00, 0x77,
  0x77, 0x80, 0x80, 0x80, 0x00, 0x88, 0x00, 0x08,
  0x08, 0x08, 0x08, 0x88, 0x80, 0x80, 0xF0, 0xFF,
  0x0B, 0x9F, 0x80, 0xF0, 0x08, 0xB8, 0x88, 0xE0,
  0x08, 0xD0, 0x80, 0x80, 0x8C, 0x80, 0xE0, 0x80,
  0x80, 0x08, 0x80, 0x80, 0x08, 0x80, 0x27, 0x08,
  0x70, 0x40, 0x08, 0x58, 0x48, 0x38, 0x08, 0x04,
  0x03, 0x58, 0x08, 0x84, 0x00, 0x84, 0x80, 0x50,
  0x80, 0x80, 0x80, 0x80, 0x80, 0x80, 0x80, 0x80,
  0x80, 0x00, 0x88, 0x00, 0x08, 0x08, 0x08, 0x88,
  0x80, 0x80, 0x90, 0xFF, 0xFF, 0x08, 0x08, 0x9F,
  0x80, 0x8D, 0xC0, 0x08, 0x0D, 0xB8, 0xC8, 0xC8,
  0xC0, 0xC0, 0xB0, 0xB8, 0xC8, 0xB8, 0xD8, 0xC0,
  0x08, 0x0C, 0x8B, 0x0C, 0x0C, 0xC8, 0xB0, 0x08,
  0xD8, 0x80, 0x80, 0x80, 0xF0, 0x48, 0x08, 0x08,
  0x58, 0x38, 0x80, 0x85, 0x24, 0x30, 0x24, 0x40,
  0x33, 0x43, 0x30, 0x34, 0x34, 0x43, 0x02, 0x34,
  0x83, 0x34, 0x84, 0x84, 0x03, 0x03, 0x58, 0x80,
  0x58, 0x08, 0x08, 0x80, 0x08, 0x0F, 0x08, 0x08,
  0x8D, 0x80, 0x8C, 0x80, 0x8C, 0xD0, 0x08, 0xC8,
  0x08, 0x8C, 0x80, 0x0D, 0xC8, 0x80, 0xD0, 0x80,
  0xC0, 0x08, 0xC8, 0x08, 0xD8, 0x80, 0xD0, 0x80,
  0x8B, 0x80, 0xF0, 0x80, 0xC0, 0x80, 0xC0, 0x08,
  0x08, 0x8D, 0x80, 0x80, 0xE0, 0x08, 0x08, 0x08,
  0x08, 0x08, 0xB7, 0x04, 0x08, 0x68, 0x08, 0x48,
  0x80, 0x04, 0x48, 0x80, 0x04, 0x48, 0x80, 0x04,
  0x48, 0x08, 0x08, 0x85, 0x80, 0x00, 0x88, 0x00,
  0x88, 0x00, 0x88, 0x00, 0xF8, 0x0E, 0x08, 0x08,
  0xF8, 0x88, 0x80, 0xE8, 0x08, 0x08, 0x08, 0x0F,
  0x08, 0x08, 0x08, 0x0F, 0x08, 0x08, 0x08, 0x08,
  0x08, 0x08, 0x08, 0x88, 0x00, 0xDF, 0x05, 0x08,
  0x08, 0x08, 0x08, 0x08, 0x08, 0x08, 0x08, 0x78,
  0x87, 0x00, 0x88, 0x80, 0x00, 0x88, 0x00, 0x78,
  0x85, 0x80, 0x80, 0x80, 0x80, 0x80, 0x00, 0x57,
  0x80, 0x80, 0x80, 0x80, 0x37, 0x08, 0x08, 0x08,
  0x08, 0x08, 0x08, 0x88, 0x00, 0x88, 0x80, 0xFF,
  0x8D, 0xF0, 0x88, 0xD0, 0x80, 0x0C, 0x8C, 0xC0,
  0xB0, 0xC8, 0x80, 0x0C, 0x0C, 0x0C, 0x8B, 0x8B,
  0x8C, 0xC0, 0xC8, 0x80, 0x0C, 0xC8, 0x80, 0x0C,
  0x08, 0x08, 0x0E, 0x88, 0x00, 0x88, 0x80, 0x70,
  0x00, 0x58, 0x08, 0x04, 0x48, 0x48, 0x30, 0x48,
  0x03, 0x34, 0x30, 0x85, 0x24, 0x30, 0x48, 0x84,
  0x33, 0x40, 0x48, 0x48, 0x08, 0x83, 0x04, 0x08,
  0x04, 0x48, 0x80, 0x80, 0x86, 0x80, 0x00, 0x88,
  0x70, 0x08, 0x08, 0x08, 0x80, 0x08, 0x3F, 0x0C,
  0x88, 0x00, 0x0E, 0x88, 0xC0, 0x08, 0xD8, 0x80,
  0xD0, 0x80, 0x8B, 0x80, 0x0E, 0x08, 0x8C, 0x80,
  0xD0, 0x08, 0x80, 0x08, 0x8E, 0x00, 0x88, 0x00,
  0x8F, 0x80, 0x80, 0x00, 0x08, 0x88, 0x00, 0x88,
  0x00, 0x88, 0x80, 0x80, 0x80, 0x80, 0x00, 0x08,
  0x08, 0x08, 0x08, 0x08, 0x09, 0x00, 0x00, 0x00,
  0x70, 0x8A, 0x80, 0xB7, 0x77, 0x0D, 0xB7, 0x08,
  0x08, 0x08, 0x80, 0x80, 0x08, 0x80, 0x08, 0x80,
  0x80, 0x80, 0x80, 0xF0, 0xF3, 0x0F, 0x08, 0x88,
  0x80, 0x00, 0x88, 0x00, 0x88, 0x80, 0x80, 0x80,
  0x80, 0x00, 0x08, 0x08, 0x08, 0x08, 0x08, 0x09,
  0x00, 0x00, 0x00, 0x70, 0x77, 0x07, 0x08, 0x08,
  0x08, 0x27, 0x3E, 0x80, 0x80, 0x80, 0x80, 0x80,
  0x70, 0x01, 0x08, 0x08, 0x08, 0x08, 0x08, 0x08,
  0x08, 0x08, 0x08, 0x80, 0x80, 0xF0, 0xFF, 0x08,
  0x08, 0x8F, 0x08, 0xD8, 0x08, 0xC8, 0x08, 0x8D,
  0x80, 0x8C, 0xC0, 0x08, 0x0D, 0x08, 0x8C, 0xC0,
  0x08, 0x08, 0x8D, 0x80, 0xD0, 0x80, 0x80, 0xD8,
  0x80, 0x08, 0x80, 0x0F, 0x08, 0x08, 0xD8, 0x08,
  0x08, 0x08, 0x08, 0xF8, 0x03, 0x08, 0x88, 0x80,
  0x70, 0x81, 0x60, 0x30, 0x40, 0x48, 0x30, 0x40,
  0x40, 0x43, 0x38, 0x84, 0x24, 0x03, 0x43, 0x30,
  0x04, 0x03, 0x04, 0x84, 0x84, 0x03, 0x80, 0x85,
  0x80, 0x00, 0x88, 0x00, 0x88, 0x00, 0x88, 0xF0,
  0x0C, 0x08, 0x8F, 0x08, 0x8D, 0xC0, 0x08, 0xC8,
  0x80, 0xC8, 0x08, 0x8D, 0x80, 0xD0, 0x08, 0xC8,
  0x80, 0xD0, 0x08, 0x08, 0xD8, 0x08, 0x08, 0x08,
  0xF8, 0x80, 0x08, 0x80, 0x08, 0x80, 0x08, 0x08,
  0xBF, 0x80, 0x00, 0x08, 0x88, 0x00, 0x78, 0x7B,
  0x81, 0x80, 0x80, 0x00, 0x08, 0x88, 0x00, 0x88,
  0x70, 0x07, 0x08, 0x08, 0x08, 0x08, 0x08, 0x08,
  0x08, 0x77, 0x3D, 0x80, 0x80, 0x80, 0x0E, 0xC3,
  0x80, 0x80, 0x80, 0x08, 0x8F, 0x80, 0x80, 0xE0,
  0x08, 0x08, 0x0D, 0x88, 0xD0, 0x80, 0x80, 0x0D,
  0x08, 0xD8, 0x80, 0x80, 0x08, 0x8E, 0x00, 0x88,
  0x00, 0x88, 0x00, 0x08, 0x88, 0x37, 0x00, 0x78,
  0x81, 0x60, 0x80, 0x84, 0x40, 0x08, 0x84, 0x00,
  0x84, 0x40, 0x80, 0x50, 0x08, 0x08, 0x68, 0x08,
  0x08, 0x08, 0x60, 0x08, 0x08, 0x08, 0x08, 0x08,
  0x08, 0x08, 0x08, 0x08, 0x08, 0x08, 0x08, 0x3F,
  0xDF, 0x80, 0x80, 0x80, 0x9F, 0x80, 0xF0, 0x08,
  0x08, 0x8C, 0xD0, 0x80, 0x8B, 0xD0, 0x08, 0x8C,
  0x8B, 0x8C, 0xD0, 0xB0, 0xC8, 0x80, 0x0C, 0x8C,
  0x0B, 0xC8, 0xB8, 0x88, 0x0D, 0xC8, 0x08, 0xD8,
  0x80, 0x80, 0xE0, 0x80, 0x30, 0x4C, 0x08, 0x08,
  0x04, 0x48, 0x80, 0x85, 0x84, 0x33, 0x40, 0x83,
  0x44, 0x38, 0x43, 0x48, 0x02, 0x33, 0x04, 0x43,
  0x30, 0x40, 0x84, 0x84, 0x03, 0x48, 0x08, 0x84,
  0x00, 0x58, 0x08, 0x08, 0x80, 0x08, 0x80, 0x08,
  0x9F, 0x08, 0x88, 0xF0, 0x09, 0xE0, 0x80, 0xB8,
  0x08, 0xE8, 0x08, 0xC8, 0x80, 0x8C, 0xD0, 0x80,
  0xC0, 0x08, 0x8C, 0x80, 0x8C, 0x00, 0x8D, 0x80,
  0x8C, 0x80, 0x0D, 0x08, 0x0D, 0x08, 0xC8, 0x08,
  0x08, 0xF0, 0x80, 0x80, 0x80, 0x80, 0x80, 0x80,
  0x80, 0x80, 0x08, 0x47, 0x08, 0x70, 0x80, 0x80,
  0x86, 0x30, 0x00, 0x04, 0x08, 0x05, 0x08, 0x85,
  0x80, 0x50, 0x08, 0x08, 0x08, 0x08, 0xB7, 0x03,
  0x3C, 0x0C, 0x08, 0x08, 0x08, 0x08, 0xF8, 0x88,
  0x80, 0x08, 0xF0, 0x88, 0x80, 0x80, 0x80, 0x8F,
  0x08, 0x08, 0x80, 0x08, 0x80, 0x08, 0xF0, 0x83,
  0x8F, 0x80, 0x80, 0x08, 0x80, 0x08, 0x08, 0x80,
  0x08, 0x80, 0x78, 0x07, 0x00, 0x08, 0x08, 0x88,
  0x00, 0x88, 0x80, 0x80, 0x80, 0x70, 0x37, 0x80,
  0x80, 0x80, 0x80, 0x70, 0x87, 0x80, 0x80, 0x80,
  0x80, 0x27, 0x08, 0x88, 0x00, 0x08, 0x88, 0x00,
  0x88, 0x00, 0x88, 0xFF, 0x0A, 0x08, 0x08, 0xAF,
  0x80, 0x8F, 0x80, 0x8C, 0xC0, 0x08, 0x0D, 0xB8,
  0x08, 0x8D, 0xC0, 0xB8, 0x08, 0x8D, 0xC0, 0x08,
  0x8C, 0xC0, 0x80, 0x0C, 0xC8, 0x80, 0xC8, 0x80,
  0x80, 0x8D, 0x80, 0x80, 0x80, 0x80, 0x80, 0x80,
  0x37, 0x08, 0x07, 0x58, 0x08, 0x03, 0x04, 0x84,
  0x84, 0x84, 0x03, 0x03, 0x04, 0x53, 0x08, 0x84,
  0x03, 0x84, 0x84, 0x40, 0x38, 0x80, 0x85, 0x30,
  0x00, 0x04, 0x08, 0x05, 0x08, 0x68, 0x08, 0x08,
  0x58, 0x80, 0x80, 0x80, 0x80, 0x80, 0x80, 0x08,
  0xBF, 0x80, 0x00, 0x9F, 0x08, 0xE8, 0x08, 0x08,
  0x0E, 0xB8, 0x08, 0x08, 0x0F, 0x08, 0xC8, 0x80,
  0x80, 0xE0, 0x80, 0x80, 0xD0, 0x08, 0x08, 0x08,
  0x08, 0x08, 0xF8, 0x09, 0x08, 0x08, 0x08, 0x08,
  0x88, 0x00, 0x88, 0x00, 0x88, 0x00, 0x08, 0x08,
  0x08, 0x88, 0x80, 0x80, 0x90, 0x00, 0x00, 0x00,
  0x00, 0x00, 0x00, 0x00, 0x00, 0x00, 0x00, 0x00,
  0x00, 0x00, 0x00, 0x00, 0x00, 0x00, 0x00, 0x00,
  0x00, 0x00, 0x00, 0x2F, 0xFF, 0x9F, 0x80, 0x08,
  0x80, 0x08, 0x80, 0x08, 0x80, 0x08, 0x80, 0x80,
  0x80, 0x80, 0x08, 0x08, 0x08, 0x09, 0x00, 0x00,
  0x00, 0x77, 0x77, 0x80, 0x80, 0x80, 0x00, 0x78,
  0x03, 0x08, 0x08, 0x08, 0x78, 0x04, 0x08, 0x88,
  0x80, 0x00, 0x88, 0x00, 0xB7, 0xB7, 0x68, 0x0B,
  0x08, 0x88, 0x00, 0x88, 0x00, 0xAF, 0x80, 0x80,
  0x8F, 0x80, 0x0D, 0x08, 0xD8, 0x80, 0x0C, 0x08,
  0x0D, 0xC8, 0x80, 0x8B, 0x80, 0x8D, 0x00, 0xE8,
  0x80, 0xC0, 0x08, 0x08, 0x08, 0x8E, 0x80, 0x80,
  0xE0, 0x08, 0x80, 0x08, 0xF0, 0x08, 0x08, 0x08,
  0x80, 0x0F, 0x08, 0x08, 0x08, 0x88, 0x70, 0x00,
  0x08, 0x85, 0x40, 0x80, 0x85, 0x84, 0x03, 0x03,
  0x84, 0x44, 0x38, 0x03, 0x84, 0x84, 0x24, 0x30,
  0x48, 0x30, 0x40, 0x40, 0x08, 0x84, 0x40, 0x08,
  0x08, 0x68, 0x08, 0x08, 0x08, 0x08, 0x08, 0x8F,
  0x08, 0x08, 0x08, 0x8F, 0x80, 0x8C, 0x80, 0xD0,
  0x08, 0xD8, 0x80, 0xD0, 0x80, 0x80, 0x8C, 0x80,
  0x0D, 0x08, 0x08, 0x0E, 0x08, 0x08, 0x8D, 0x80,
  0x80, 0x80, 0x8E, 0x80, 0x80, 0x80, 0x80, 0x80,
  0x00, 0x88, 0x00, 0x08, 0x08, 0x08, 0x08, 0x88,
  0x80, 0x80, 0x80, 0x80, 0x80, 0x00, 0x00, 0x00,
  0x70, 0x7A, 0x77, 0x81, 0x00, 0x08, 0x88, 0x00,
  0x88, 0x00, 0x88, 0x00, 0x08, 0x08, 0x08, 0x88,
  0x3F, 0x80, 0xFF, 0x8E, 0x00, 0x88, 0xF0, 0x89,
  0x08, 0x80, 0x9F, 0x00, 0xE8, 0x08, 0x80, 0xD8,
  0x80, 0x08, 0x80, 0x0F, 0x08, 0x08, 0x08, 0x88,
  0x80, 0x00, 0x88, 0x00, 0x88, 0x70, 0x87, 0x80,
  0x06, 0x08, 0x58, 0x80, 0x04, 0x48, 0x08, 0x40,
  0x08, 0x58, 0x80, 0x40, 0x80, 0x80, 0x60, 0x08,
  0x08, 0x08, 0x78, 0x80, 0x08, 0x08, 0x80, 0x80,
  0x08, 0x80, 0x08, 0x80, 0x08, 0x08, 0x08, 0xFF,
  0x0A, 0x08, 0x08, 0xAF, 0x08, 0x08, 0x8F, 0x88,
  0x0D, 0xC8, 0x08, 0xD8, 0x80, 0x0C, 0xC8, 0xC0,
  0x80, 0x0C, 0xB8, 0x08, 0x8D, 0x8B, 0x80, 0x8D,
  0x8B, 0x08, 0x8E, 0xC0, 0x80, 0x80, 0x0D, 0x88,
  0x00, 0x88, 0x00, 0x88, 0x00, 0x88, 0x70, 0x84,
  0x70, 0x80, 0x04, 0x48, 0x30, 0x80, 0x85, 0x04,
  0x83, 0x04, 0x03, 0x04, 0x84, 0x84, 0x30, 0x40,
  0x80, 0x85, 0x30, 0x80, 0x50, 0x80, 0x80, 0x80,
  0x87, 0x80, 0x00, 0x88, 0x80, 0x00, 0x88, 0x00,
  0x88, 0xF0, 0x0D, 0x08, 0x08, 0x08, 0xF8, 0x0A,
  0x08, 0x88, 0x9F, 0x80, 0x80, 0x80, 0x8F, 0x08,
  0x08, 0x8F, 0x80, 0xC0, 0x08, 0x08, 0xE8, 0x80,
  0x80, 0x0D, 0x08, 0x88, 0x0D, 0x08, 0xE8, 0x80,
  0x80, 0x80, 0x80, 0x80, 0xF0, 0xD3, 0x80, 0x80,
  0x80, 0x86, 0x80, 0x40, 0x80, 0x80, 0x60, 0x08,
  0x58, 0x08, 0x48, 0x80, 0x80, 0x05, 0x08, 0x08,
  0x05, 0x08, 0x08, 0x08, 0x88, 0x00, 0x88, 0xB7,
  0x70, 0xC0, 0xB3, 0x08, 0x08, 0x08, 0x88, 0x00,
  0x08, 0xAF, 0x08, 0x08, 0x08, 0x08, 0x08, 0x08,
  0x08, 0x08, 0x80, 0xFF, 0x85, 0x8D, 0x80, 0x80,
  0x80, 0x80, 0x3F, 0xD0, 0x08, 0x08, 0x08, 0x08,
  0x8F, 0x80, 0x80, 0xE0, 0x03, 0x08, 0x88, 0x00,
  0x88, 0x00, 0x88, 0x00, 0x88, 0x80, 0x80, 0x80,
  0x80, 0x00, 0xF8, 0xFF, 0x08, 0x08, 0xF8, 0x88,
  0x80, 0x0E, 0x08, 0xD8, 0x80, 0xC8, 0x80, 0x8C,
  0x80, 0x80, 0x0E, 0x0C, 0xC8, 0xB0, 0x0C, 0x0C,
  0x08, 0x08, 0xD8, 0xF0, 0x0C, 0x77, 0x35, 0x22,
  0x00, 0x88, 0x81, 0x88, 0x88, 0x08, 0x09, 0x18,
  0x31, 0x80, 0xDC, 0xCB, 0xAB, 0xAB, 0xBB, 0xBC,
  0xC9, 0xB9, 0xCA, 0x9A, 0xAA, 0xB0, 0xC0, 0xB0,
  0xB8, 0x08, 0x0D, 0x88, 0x00, 0xE8, 0x08, 0x08,
  0x0D, 0x08, 0x08, 0x88, 0x8E, 0xD0, 0xB3, 0x80,
  0x08, 0x80, 0x08, 0x80, 0x08, 0x80, 0x08, 0x70,
  0x05, 0x08, 0x08, 0x17, 0x68, 0x08, 0x48, 0x80,
  0x04, 0x08, 0x08, 0x05, 0x58, 0x08, 0xC8, 0x30,
  0x80, 0x05, 0x08, 0x08, 0x0E, 0x08, 0x88, 0x00,
  0x88, 0x80, 0x00, 0xAF, 0x80, 0x70, 0x80, 0x80,
  0xE0, 0x80, 0x80, 0x08, 0x80, 0x08, 0x80, 0x08,
  0xF0, 0x0B, 0x08, 0x78, 0xD1, 0x80, 0x80, 0x80,
  0x08, 0x80, 0x08, 0x08, 0xF0, 0x83, 0x80, 0x80,
  0x80, 0x80, 0x80, 0x80, 0x80, 0x00, 0x08, 0x08,
  0x08, 0x88, 0x80, 0x70, 0x77, 0x8D, 0x80, 0x17,
  0x80, 0x0E, 0x48, 0x03, 0x08, 0x8D, 0x4B, 0x48,
  0x33, 0xC8, 0xBB, 0x08, 0x04, 0x37, 0x08, 0x9E,
  0x9A, 0x38, 0x24, 0x15, 0xA0, 0xAA, 0x9D, 0x08,
  0x22, 0x25, 0x14, 0x80, 0xA0, 0xEB, 0xCB, 0xA9,
  0x22, 0x64, 0x53, 0x12, 0x82, 0x90, 0xB9, 0xBD,
  0xCC, 0xBB, 0xCB, 0xAA, 0xB9, 0xBA, 0xAC, 0xAD,
  0xAA, 0xB9, 0x0A, 0x0A, 0xA8, 0x08, 0xC8, 0x80,
  0x40, 0x70, 0x62, 0x42, 0x32, 0x23, 0x23, 0x01,
  0x88, 0x8A, 0xBB, 0x08, 0x08, 0x36, 0x34, 0x46,
  0x31, 0x34, 0x25, 0x43, 0x22, 0x24, 0x43, 0x22,
  0x33, 0x43, 0x13, 0x14, 0x21, 0x38, 0x88, 0x8A,
  0xCB, 0xAC, 0xBB, 0xBC, 0xBB, 0xAF, 0xAA, 0xAD,
  0xA9, 0xAA, 0xBB, 0x0B, 0xCC, 0x8A, 0xBB, 0xC8,
  0x0C, 0x0C, 0x8B, 0xC0, 0x80, 0xD0, 0x80, 0x08,
  0xD0, 0x08, 0x08, 0x08, 0x08, 0x08, 0x9F, 0x80,
  0x80, 0x80, 0x80, 0x00, 0x78, 0x83, 0x80, 0x9F,
  0x00, 0x88, 0x00, 0x88, 0x80, 0x00, 0x88, 0x57,
  0x80, 0x08, 0x08, 0x80, 0xAF, 0x80, 0x08, 0x80,
  0x08, 0x37, 0x08, 0x88, 0x00, 0x88, 0x00, 0xF8,
  0x5E, 0x3B, 0x80, 0x00, 0x0F, 0x08, 0x48, 0x80,
  0x80, 0x80, 0x80, 0x80, 0x08, 0x08, 0xF0, 0x8B,
  0x08, 0x08, 0xF8, 0xE3, 0x48, 0x80, 0x80, 0x80,
  0x80, 0x80, 0x70, 0x81, 0x80, 0x0F, 0x08, 0x08,
  0x68, 0x08, 0x08, 0x08, 0x08, 0x08, 0x08, 0x08,
  0x08, 0x08, 0x80, 0xFF, 0x80, 0x80, 0x70, 0x08,
  0x80, 0x80, 0x08, 0x8F, 0x80, 0x50, 0x08, 0x58,
  0x08, 0x08, 0xC8, 0xC8, 0x08, 0x3D, 0x80, 0x04,
  0x03, 0x58, 0xB8, 0x08, 0x0D, 0xBC, 0x80, 0x80,
  0x80, 0x36, 0x40, 0x48, 0x48, 0x38, 0x30, 0x04,
  0x03, 0x84, 0x04, 0xC8, 0xC0, 0xEB, 0xCA, 0xC9,
  0x9B, 0xBC, 0xAB, 0xBC, 0xBC, 0xC9, 0x9B, 0x9C,
  0xA9, 0xAA, 0xB0, 0x80, 0x4B, 0x08, 0x58, 0x83,
  0x24, 0x40, 0x83, 0x03, 0x04, 0x84, 0x84, 0x84,
  0x03, 0x43, 0x30, 0x34, 0x34, 0x17, 0x23, 0x14,
  0x34, 0x43, 0x33, 0x34, 0x43, 0x13, 0x34, 0x13,
  0x15, 0x11, 0x22, 0x82, 0x30, 0xC8, 0x80, 0xC0,
  0xB8, 0xBC, 0xC8, 0xCB, 0xBB, 0xCB, 0xCB, 0xC0,
  0x8D, 0xB9, 0xAA, 0x8B, 0xCB, 0x8B, 0xBC, 0xC8,
  0xC0, 0xB0, 0x88, 0x0C, 0xC8, 0x08, 0xD8, 0x80,
  0x80, 0xE0, 0x80, 0x80, 0x80, 0x08, 0x80, 0xB7,
  0x80, 0x08, 0x80, 0x08, 0x80, 0x08, 0x80, 0x08,
  0x80, 0x08, 0x70, 0x27, 0x08, 0x08, 0x88, 0x00,
  0x78, 0x85, 0x80, 0x80, 0x80, 0x80, 0xAF, 0x78,
  0xC0, 0x83, 0x4B, 0x8B, 0x80, 0x80, 0x80, 0xF0,
  0x88, 0x80, 0x80, 0x80, 0x80, 0xF0, 0x0A, 0x08,
  0x80, 0x08, 0xF0, 0x8A, 0x80, 0x80, 0x9F, 0x80,
  0x80, 0x8F, 0x80, 0x80, 0x00, 0x88, 0x00, 0x88,
  0x00, 0x88, 0x00, 0x88, 0x00, 0x77, 0x82, 0x80,
  0x70, 0x01, 0x08, 0x78, 0x00, 0x58, 0x80, 0x80,
  0x80, 0x08, 0x80, 0x07, 0x00, 0x68, 0x80, 0x08,
  0x80, 0x78, 0x80, 0x80, 0x80, 0x08, 0x78, 0x80,
  0x80, 0x50, 0x80, 0x80, 0x80, 0x80, 0x80, 0x80,
  0x80, 0x00, 0x88, 0x00, 0x88, 0x00, 0x78, 0x47,
  0x07, 0x08, 0x04, 0x08, 0x04, 0x08, 0x08, 0x08,
  0x08, 0x9F, 0xBD, 0xC8, 0xBB, 0xFC, 0xA9, 0xAB,
  0x9D, 0xCB, 0xB9, 0xAA, 0xAC, 0xCA, 0x98, 0xBA,
  0x8A, 0xCB, 0x80, 0x8B, 0x80, 0x3D, 0x0C, 0x03,
  0x80, 0x08, 0x70, 0x08, 0x84, 0x04, 0x33, 0x40,
  0x34, 0x33, 0x34, 0x34, 0x17, 0x23, 0x14, 0x34,
  0x23, 0x34, 0x34, 0x41, 0x33, 0x42, 0x21, 0x14,
  0x22, 0x22, 0x02, 0x03, 0x03, 0x80, 0x08, 0xF0,
  0x88, 0x8C, 0x0C, 0xBC, 0xC0, 0xBB, 0xC0, 0xCB,
  0x0B, 0xBC, 0xCB, 0x8A, 0xAC, 0x0C, 0xBB, 0xC8,
  0x8B, 0xBC, 0xC0, 0xB8, 0xC8, 0x08, 0x0D, 0x8B,
  0x80, 0x0D, 0xC8, 0x80, 0x80, 0x08, 0x80, 0xF8,
  0x08, 0x08, 0x08, 0x08, 0x78, 0x81, 0x08, 0x80,
  0x78, 0x00, 0x08, 0x68, 0x80, 0x80, 0x50, 0x80,
  0x40, 0x80, 0x80, 0x00, 0x87, 0x80, 0x00, 0x88,
  0x00, 0x07, 0x08, 0x08, 0x08, 0x08, 0x08, 0x08,
  0x80, 0x08, 0x80, 0x08, 0x80, 0x08, 0xF8, 0xDF,
  0x08, 0x80, 0x08, 0x80, 0x08, 0x80, 0x80, 0xF0,
  0x9F, 0x08, 0x08, 0x08, 0x80, 0x08, 0xF0, 0x0E,
  0x08, 0x08, 0x88, 0x80, 0x00, 0xBF, 0x88, 0x80,
  0x80, 0x00, 0x88, 0x80, 0x80, 0x80, 0x80, 0x00,
  0x08, 0x08, 0x08, 0x08, 0x77, 0x57, 0x80, 0x80,
  0x70, 0x82, 0x80, 0x07, 0x80, 0x80, 0x70, 0x08,
  0x08, 0x08, 0x08, 0x08, 0x08, 0x17, 0x08, 0x08,
  0x08, 0x80, 0x78, 0x02, 0x78, 0x80, 0x40, 0x80,
  0x50, 0x08, 0x08, 0x85, 0x80, 0xD0, 0x08, 0x08,
  0x8D, 0xCB, 0xB8, 0xBC, 0xBC, 0xBB, 0xCC, 0xBA,
  0x9F, 0x9A, 0xAA, 0xBA, 0xBB, 0xCB, 0xCB, 0xBB,
  0xC8, 0x0B, 0x8C, 0x8B, 0x8C, 0xD0, 0x80, 0xC0,
  0x08, 0x08, 0x08, 0x78, 0x80, 0x30, 0x50, 0x03,
  0x34, 0x43, 0x24, 0x33, 0x27, 0x23, 0x15, 0x23,
  0x34, 0x14, 0x43, 0x41, 0x31, 0x41, 0x31, 0x22,
  0x22, 0x32, 0x30, 0x04, 0x03, 0x08, 0x05, 0x08,
  0x8D, 0x80, 0x0C, 0xC8, 0xC8, 0xC0, 0x0B, 0xBC,
  0xC0, 0xC0, 0xBA, 0xB8, 0xC8, 0x0C, 0x8B, 0x0C,
  0xBC, 0x80, 0x0C, 0x0C, 0x0C, 0x08, 0x0C, 0x08,
  0x8C, 0x80, 0xD0, 0x08, 0x08, 0x08, 0x80, 0x08,
  0x80, 0x80, 0xF8, 0x8B, 0x00, 0x88, 0x00, 0x88,
  0x00, 0x88, 0x00, 0x77, 0x82, 0x80, 0x80, 0x08,
  0x80, 0xDF, 0xB6, 0x08, 0x08, 0x08, 0x08, 0x80,
  0x08, 0x80, 0x08, 0x80, 0x08, 0x80, 0x08, 0x80,
  0x80, 0x80, 0x80, 0x08, 0x08, 0x08, 0x09, 0x00,
  0x00, 0x00, 0x00, 0x00, 0x00, 0x00, 0x2F, 0xFF,
  0x9F, 0x80, 0x08, 0x80, 0x08, 0x80, 0x08, 0x80,
  0x08, 0x80, 0x80, 0x80, 0x80, 0x08, 0x08, 0x08,
  0xF9, 0x02, 0x80, 0x80, 0x80, 0x00, 0x00, 0x00,
  0x00, 0x00, 0x00, 0x00, 0x00, 0x77, 0x77, 0x80,
  0x80, 0x80, 0x27, 0x08, 0x08, 0x08, 0x08, 0x88,
  0x00, 0x88, 0x00, 0x88, 0xF0, 0xF3, 0x0D, 0x08,
  0x78, 0x0B, 0x84, 0x80, 0x00, 0x08, 0x87, 0x80,
  0x85, 0x00, 0x88, 0x00, 0x88, 0x80, 0x8F, 0xD8,
  0xB3, 0x8C, 0xC0, 0x8B, 0xBC, 0xC0, 0xAC, 0xB8,
  0xCB, 0xAC, 0x8B, 0xCB, 0xCB, 0xC0, 0x8A, 0xBB,
  0xC8, 0xC8, 0x8B, 0x8B, 0xE0, 0x80, 0x0C, 0x08,
  0xC8, 0x08, 0x04, 0x08, 0x85, 0x84, 0x84, 0x33,
  0x34, 0x33, 0x25, 0x73, 0x21, 0x23, 0x15, 0x23,
  0x14, 0x14, 0x23, 0x14, 0x42, 0x12, 0x22, 0x32,
  0x02, 0x34, 0x48, 0x08, 0x03, 0x08, 0x08, 0x08,
  0xF8, 0x88, 0x0D, 0xC8, 0x8B, 0x0C, 0xBC, 0xC0,
  0xB0, 0x8C, 0xBB, 0xC8, 0xC8, 0xC0, 0x0B, 0x0C,
  0xB8, 0xC8, 0xC8, 0x80, 0x0C, 0x08, 0x0D, 0x8B,
  0x80, 0x08, 0xF0, 0x08, 0x08, 0x08, 0x80, 0x08,
  0x8F, 0x84, 0x4B, 0x3B, 0x80, 0x80, 0x80, 0x80,
  0x80, 0x80, 0x80, 0x80, 0x08, 0x80, 0x08, 0x70,
  0x8B, 0x77, 0x08, 0x08, 0x80, 0x08, 0x80, 0x08,
  0x80, 0x08, 0x08, 0x08, 0x08, 0xF8, 0xCF, 0x80,
  0x08, 0x08, 0x80, 0x08, 0xEF, 0x80, 0x80, 0x80,
  0x8F, 0x08, 0x88, 0xF0, 0x08, 0x08, 0xD8, 0x08,
  0x80, 0x08, 0x08, 0x8F, 0x08, 0x08, 0x08, 0x80,
  0x08, 0x80, 0x08, 0x47, 0x08, 0x80, 0x08, 0x17,
  0x80, 0x00, 0x78, 0x00, 0x80, 0x06, 0x88, 0x00,
  0x68, 0x80, 0x08, 0x85, 0x80, 0x00, 0x68, 0x80,
  0x08, 0x80, 0x08, 0x07, 0x08, 0x08, 0x08, 0x08,
  0x08, 0x08, 0x78, 0x83, 0x80, 0x08, 0x80, 0x78,
  0x03, 0x80, 0x80, 0x27, 0x08, 0x80, 0x08, 0x70,
  0x8B, 0x80, 0x80, 0x80, 0xAF, 0xF0, 0xB8, 0x80,
  0xCC, 0xB0, 0x0C, 0xAC, 0xB8, 0xBC, 0x0B, 0xBC,
  0xBC, 0x0B, 0xCC, 0xBA, 0xB8, 0xBC, 0x0C, 0xAC,
  0xB8, 0xC0, 0x8B, 0xC8, 0xC0, 0x08, 0x8C, 0x80,
  0x80, 0x80, 0x80, 0x07, 0x40, 0x30, 0x50, 0x43,
  0x33, 0x43, 0x43, 0x33, 0x27, 0x41, 0x32, 0x22,
  0x25, 0x23, 0x52, 0x41, 0x21, 0x21, 0x22, 0x33,
  0x33, 0x40, 0x84, 0x84, 0x80, 0x84, 0x80, 0x80,
  0xE0, 0x80, 0xC0, 0x08, 0x8C, 0x8B, 0x8C, 0xDB,
  0xC0, 0xB0, 0x8B, 0x0C, 0xBC, 0xC0, 0x0B, 0x0C,
  0x0C, 0x0B, 0x8C, 0x0B, 0xC8, 0xB8, 0x88, 0x0D,
  0xC8, 0x08, 0x0D, 0x08, 0xC8, 0x08, 0x08, 0x08,
  0xF8, 0xB3, 0x84, 0x80, 0x80, 0x80, 0x08, 0x08,
  0x80, 0x27, 0x08, 0x80, 0x08, 0x17, 0x80, 0x00,
  0x07, 0x08, 0x08, 0x08, 0x07, 0x08, 0x08, 0x08,
  0x08, 0x78, 0x00, 0x80, 0x08, 0x80, 0x08, 0x80,
  0x08, 0x80, 0x08, 0x80, 0x08, 0x80, 0x80, 0xFF,
  0x8E, 0x80, 0x00, 0x08, 0x88, 0x00, 0x88, 0xF0,
  0x8F, 0x80, 0x80, 0x80, 0x80, 0xF0, 0x0B, 0x08,
  0x08, 0x08, 0x08, 0x08, 0x08, 0x08, 0xFF, 0xC5,
  0xC3, 0x80, 0x40, 0x8B, 0x04, 0x08, 0x08, 0x88,
  0x00, 0x88, 0x00, 0xB7, 0x86, 0x80, 0x80, 0x80,
  0x00, 0x78, 0x00, 0x80, 0x08, 0x80, 0x08, 0x80,
  0x37, 0x08, 0x88, 0x70, 0x01, 0x08, 0x70, 0x80,
  0x80, 0x60, 0x08, 0x08, 0x80, 0xB6, 0x03, 0x08,
  0x08, 0x0F, 0x08, 0x08, 0x8D, 0xC0, 0x08, 0x8C,
  0x8B, 0x8C, 0xDB, 0xC0, 0xB0, 0xCB, 0xC0, 0x8A,
  0xCB, 0x8A, 0xBC, 0xC0, 0xCA, 0xB0, 0xCB, 0xC0,
  0x8A, 0xCB, 0xB0, 0xC8, 0xC0, 0xC0, 0x80, 0xC0,
  0x80, 0x80, 0x80, 0x80, 0x87, 0x84, 0x30, 0x03,
  0x44, 0x33, 0x53, 0x32, 0x73, 0x12, 0x52, 0x11,
  0x14, 0x32, 0x22, 0x25, 0x21, 0x22, 0x33, 0x33,
  0x34, 0x04, 0x83, 0x04, 0x03, 0x04, 0x08, 0x88,
  0x80, 0x00, 0x88, 0x9F, 0x08, 0x0F, 0xC8, 0xB0,
  0xC8, 0xC0, 0xC0, 0xB0, 0xB8, 0x08, 0x8D, 0x8B,
  0x8C, 0x8B, 0xD8, 0x80, 0x8C, 0xD0, 0x80, 0xC0,
  0x08, 0xC8, 0x08, 0x08, 0x3E, 0x8B, 0x80, 0x00,
  0x88, 0x00, 0x9F, 0x80, 0x80, 0x80, 0x80, 0x80,
  0x80, 0x80, 0x80, 0x80, 0x00, 0x88, 0x80, 0x80,
  0x80, 0x00, 0x08, 0x08, 0x08, 0x00, 0x00, 0x00,
  0x00, 0x00, 0x00, 0x00, 0x00, 0x77, 0x7C, 0xD7,
  0x80, 0x04, 0x3C, 0x8B, 0x80, 0x80, 0x80, 0x80,
  0x80, 0x80, 0x80, 0x80, 0x08, 0x80, 0x08, 0x80,
  0xF0, 0xDF, 0x08, 0x08, 0x08, 0x08, 0x80, 0x08,
  0x08, 0x08, 0x08, 0x08, 0x80, 0x80, 0x80, 0x80,
  0x80, 0x90, 0x00, 0x00, 0x00, 0x00, 0x70, 0x77,
  0x07, 0x08, 0x08, 0x08, 0x80, 0x78, 0x0B, 0x08,
  0x08, 0x08, 0x08, 0x08, 0x08, 0x80, 0x08, 0x08,
  0x08, 0x08, 0x80, 0x80, 0x80, 0x00, 0x70, 0x77,
  0x07, 0x08, 0x08, 0x08, 0x70, 0x02, 0x08, 0x08,
  0x08, 0xF0, 0xF3, 0x08, 0x08, 0xD8, 0x08, 0x0D,
  0xB8, 0x08, 0x8D, 0x8B, 0x8C, 0x0C, 0x0C, 0xCB,
  0xB8, 0xC0, 0x8B, 0xBC, 0xC8, 0xC0, 0x0B, 0xBC,
  0xB0, 0xC8, 0xC8, 0x80, 0x0C, 0xC8, 0x80, 0x80,
  0x0D, 0x03, 0x08, 0x08, 0x06, 0x84, 0x34, 0x48,
  0x33, 0x43, 0x43, 0x33, 0x34, 0x33, 0x27, 0x22,
  0x53, 0x12, 0x32, 0x25, 0x12, 0x23, 0x30, 0x34,
  0x48, 0x02, 0x84, 0x03, 0x08, 0x68, 0x08, 0x80,
  0xC8, 0x08, 0x08, 0x8E, 0xC0, 0x08, 0x8C, 0x8B,
  0x8C, 0x8B, 0x0D, 0xC8, 0xC0, 0x08, 0x0C, 0x8B,
  0x0C, 0x0C, 0xC8, 0x80, 0x8B, 0xD0, 0x08, 0xC8,
  0x80, 0x08, 0x8D, 0x80, 0x80, 0xF0, 0xB3, 0x08,
  0x08, 0x08, 0x08, 0x88, 0x00, 0x88, 0x00, 0x88,
  0x00, 0x88, 0x00, 0x78, 0x47, 0x80, 0x80, 0x08,
  0x80, 0x08, 0x80, 0x08, 0x80, 0x08, 0x08, 0x08,
  0x08, 0x80, 0x80, 0x80, 0x00, 0x00, 0x00, 0x00,
  0xFF, 0xFF, 0x08, 0x08, 0xF8, 0x09, 0x08, 0x08,
  0x8F, 0x08, 0x08, 0x8E, 0x80, 0x80, 0xE0, 0xC3,
  0x80, 0x80, 0x80, 0x80, 0x80, 0x00, 0x08, 0x88,
  0x00, 0x88, 0x00, 0x77, 0x00, 0x08, 0x78, 0x81,
  0x80, 0x80, 0x07, 0x08, 0x08, 0x68, 0x80, 0x80,
  0x80, 0x60, 0x80, 0x80, 0x80, 0x80, 0x80, 0x78,
  0x82, 0x80, 0x80, 0x80, 0x80, 0x08, 0x47, 0x08,
  0x80, 0x08, 0x78, 0x02, 0x08, 0x08, 0x17, 0x08,
  0x08, 0x08, 0x08, 0x78, 0x02, 0xF8, 0xB3, 0x88,
  0x00, 0x88, 0x0F, 0x88, 0x0C, 0xC8, 0xC8, 0x80,
  0x0C, 0x0C, 0xAC, 0xB8, 0xC0, 0x0C, 0xBB, 0xC8,
  0x0B, 0xBC, 0xC8, 0x8B, 0xBC, 0xC0, 0x0C, 0x8B,
  0x8B, 0x0C, 0x8C, 0x8B, 0xD0, 0x08, 0x08, 0xD8,
  0x48, 0x80, 0x80, 0x50, 0x40, 0x48, 0x38, 0x04,
  0x33, 0x34, 0x34, 0x43, 0x33, 0x43, 0x43, 0x16,
  0x22, 0x52, 0x21, 0x22, 0x22, 0x43, 0x02, 0x33,
  0x85, 0x03, 0x03, 0x84, 0x04, 0x08, 0x08, 0x08,
  0x80, 0x80, 0x9F, 0x80, 0xF0, 0xB8, 0x80, 0x8C,
  0x0C, 0x0C, 0x8B, 0x8C, 0x8B, 0x0C, 0x8C, 0x8B,
  0xD0, 0xB8, 0x8C, 0xC0, 0xB8, 0x08, 0x8D, 0xC0,
  0x08, 0x8C, 0x00, 0x0D, 0x08, 0x3D, 0x0B, 0x88,
  0x00, 0x88, 0x00, 0x88, 0xF0, 0x83, 0x00, 0x08,
  0x88, 0x70, 0x82, 0x00, 0x78, 0x00, 0x80, 0x06,
  0x88, 0x00, 0x85, 0x00, 0x88, 0x70, 0x08, 0x08,
  0x08, 0x08, 0x80, 0x80, 0x08, 0x80, 0x08, 0x80,
  0x80, 0x80, 0x80, 0x80, 0x08, 0x08, 0xF8, 0xFF,
  0x0A, 0x08, 0x08, 0x80, 0x08, 0x3F, 0x9F, 0x80,
  0x80, 0x80, 0x08, 0x08, 0x80, 0xCF, 0x80, 0x08,
  0x80, 0x80, 0x08, 0x80, 0x08, 0x80, 0x08, 0x80,
  0x80, 0x80, 0x80, 0x08, 0x08, 0x78, 0x7B, 0x77,
  0x00, 0x08, 0x08, 0x08, 0x08, 0x08, 0x08, 0x08,
  0x08, 0x77, 0x02, 0x08, 0x08, 0x08, 0x47, 0x08,
  0x08, 0x80, 0x17, 0x00, 0x88, 0x70, 0x81, 0x08,
  0x80, 0xB7, 0x48, 0x80, 0x80, 0x80, 0x00, 0xF8,
  0x88, 0x80, 0xE0, 0x08, 0xC8, 0x80, 0x8C, 0xD0,
  0xB0, 0xC8, 0x08, 0xBC, 0xC8, 0xC0, 0xC0, 0x8A,
  0xBB, 0xC8, 0x0C, 0xAC, 0xB8, 0x8B, 0x8C, 0xBC,
  0xB8, 0xD8, 0xC0, 0xB8, 0xC0, 0x08, 0xC8, 0x80,
  0x08, 0x80, 0x80, 0x08, 0x17, 0x68, 0x48, 0x38,
  0x43, 0x48, 0x32, 0x43, 0x33, 0x24, 0x24, 0x73,
  0x30, 0x21, 0x22, 0x33, 0x43, 0x33, 0x43, 0x30,
  0x34, 0x04, 0x83, 0x04, 0x03, 0x58, 0x80, 0x08,
  0x50, 0x08, 0x8C, 0x80, 0x80, 0xF0, 0x08, 0x0C,
  0x08, 0x8C, 0x8B, 0xD0, 0xC0, 0x08, 0x0C, 0x8B,
  0x0C, 0xC8, 0x80, 0x0C, 0xC8, 0x80, 0x0C, 0x08,
  0x0D, 0x88, 0x8B, 0x80, 0x08, 0x8F, 0x80, 0x80,
  0x80, 0x80, 0x3F, 0x0C, 0x08, 0x08, 0x08, 0x08,
  0x08, 0x08, 0x08, 0x08, 0x88, 0x00, 0x88, 0x00,
  0x08, 0x08, 0x77, 0x0D, 0xB7, 0x04, 0x08, 0x08,
  0x08, 0x08, 0x08, 0x08, 0x08, 0x08, 0x08, 0x08,
  0xF0, 0x4F, 0xE0, 0xB3, 0x88, 0x00, 0x88, 0x00,
  0x88, 0x00, 0x88, 0x00, 0x08, 0x08, 0x08, 0x08,
  0x88, 0x80, 0x80, 0xFF, 0x85, 0xAF, 0x06, 0x08,
  0x3D, 0x08, 0xC8, 0x84, 0x80, 0x80, 0x80, 0x80,
  0x80, 0x80, 0x80, 0x80, 0x80, 0x80, 0x80, 0x08,
  0x80, 0x77, 0x04, 0x3F, 0x3C, 0xC0, 0xC3, 0x80,
  0x80, 0x80, 0x80, 0x80, 0x07, 0x80, 0x80, 0x80,
  0x80, 0x08, 0x80, 0x08, 0x80, 0x08, 0x80, 0x78,
  0x0B, 0x57, 0x08, 0x08, 0xF8, 0x88, 0x80, 0x80,
  0x80, 0xF8, 0x09, 0x08, 0xF8, 0x08, 0x0C, 0x08,
  0x0D, 0xC8, 0xB0, 0x08, 0x0D, 0x0C, 0x8B, 0x8B,
  0x0C, 0x8C, 0xCB, 0x08, 0xBC, 0xC8, 0x08, 0x0C,
  0x8C, 0x0B, 0xC8, 0x08, 0x8C, 0x80, 0x0D, 0x08,
  0x08, 0x68, 0x80, 0x40, 0x08, 0x04, 0x84, 0x34,
  0x48, 0x33, 0x03, 0x17, 0x22, 0x32, 0x43, 0x33,
  0x34, 0x33, 0x34, 0x34, 0x43, 0x02, 0x34, 0x48,
  0x38, 0x84, 0x40, 0x08, 0x03, 0x08, 0x08, 0x06,
  0x3C, 0x0C, 0x08, 0x08, 0xD8, 0x08, 0x8C, 0x80,
  0x0D, 0xC8, 0x80, 0x0C, 0x0C, 0xC8, 0x80, 0x8B,
  0x8C, 0xC0, 0x08, 0x0D, 0x08, 0x8C, 0x80, 0x8C,
  0x80, 0x0D, 0x08, 0x08, 0xE8, 0x80, 0x80, 0x80,
  0x80, 0x80, 0x80, 0x08, 0x80, 0x08, 0xF0, 0x83,
  0x80, 0x80, 0x80, 0x80, 0x80, 0x80, 0x80, 0x80,
  0x80, 0x00, 0x08, 0x08, 0x08, 0x00, 0x00, 0x00,
  0x00, 0x00, 0x00, 0x00, 0x00, 0x00, 0xFF, 0xFF,
  0x08, 0x08, 0x08, 0xAF, 0x80, 0x80, 0xF0, 0x09,
  0x80, 0x08, 0xF0, 0x88, 0x80, 0x80, 0x80, 0x80,
  0x9F, 0x80, 0x80, 0x80, 0x08, 0x08, 0x80, 0x08,
  0x80, 0x77, 0x80, 0x80, 0x80, 0x70, 0x81, 0x80,
  0x80, 0x80, 0x17, 0x80, 0x80, 0x70, 0x80, 0x80,
  0x80, 0x80, 0x07, 0x80, 0x80, 0x80, 0x70, 0x00,
  0x08, 0x88, 0x70, 0x80, 0x80, 0x80, 0x60, 0x80,
  0x80, 0x80, 0x70, 0x80, 0x08, 0x80, 0x08, 0x80,
  0x08, 0x08, 0x80, 0x08, 0x80, 0x08, 0x80, 0xFF,
  0x8A, 0xF0, 0x89, 0x8D, 0xC0, 0x08, 0x0D, 0x0C,
  0xB8, 0xC0, 0xB8, 0xC8, 0x0C, 0x8B, 0x8C, 0x8B,
  0xCC, 0xB0, 0xC8, 0xC0, 0x0B, 0x0C, 0x0C, 0x8B,
  0x8B, 0x0C, 0xC8, 0x08, 0x0D, 0x08, 0x08, 0x3D,
  0x0C, 0x03, 0x08, 0x58, 0x40, 0x48, 0x48, 0x38,
  0x43, 0x48, 0x32, 0x43, 0x78, 0x21, 0x21, 0x22,
  0x33, 0x03, 0x07, 0x04, 0x21, 0x82, 0x86, 0x12,
  0x20, 0x20, 0x30, 0x08, 0x04, 0x88, 0x00, 0x86,
  0x80, 0xD0, 0xB3, 0x88, 0xD0, 0x08, 0xD8, 0x80,
  0x0C, 0xC8, 0xC0, 0x80, 0x0C, 0x8B, 0x0C, 0xC8,
  0xC0, 0xC0, 0x80, 0x0B, 0x8C, 0xC0, 0x08, 0x8C,
  0xC0, 0x08, 0xC8, 0x80, 0x08, 0x8D, 0x80, 0x80,
  0x80, 0xF0, 0x83, 0x80, 0x4D, 0x08, 0x08, 0x08,
  0x08, 0x88, 0x07, 0x80, 0x80, 0x80, 0x07, 0x08,
  0x08, 0x08, 0x80, 0x07, 0x80, 0x80, 0x80, 0x08,
  0x80, 0x80, 0x08, 0x80, 0x08, 0x80, 0x08, 0x80,
  0x80, 0x80, 0x80, 0x08, 0x08, 0x08, 0x09, 0x00,
  0x00, 0x00, 0x00, 0x00, 0x00, 0x00, 0x00, 0x00,
  0xF0, 0xFF, 0x8F, 0x80, 0x80, 0x80, 0x80, 0x08,
  0x80, 0x80, 0x80, 0x80, 0x80, 0x08, 0xF8, 0xFF,
  0xC5, 0x80, 0x80, 0x80, 0xB6, 0x08, 0x40, 0x3C,
  0x00, 0x08, 0x88, 0x00, 0x88, 0x00, 0x27, 0x08,
  0x08, 0x08, 0x08, 0x27, 0x00, 0x88, 0x17, 0x80,
  0x80, 0x80, 0x17, 0x08, 0x88, 0x70, 0x4B, 0x08,
  0x08, 0x08, 0x08, 0x08, 0x88, 0xF0, 0xD3, 0x08,
  0x08, 0x0E, 0x08, 0xC8, 0x08, 0x0D, 0xB8, 0x08,
  0x8D, 0x8B, 0x8C, 0x0C, 0x0C, 0x0C, 0x0B, 0x8C,
  0x0B, 0xBC, 0x08, 0xBD, 0xC0, 0xB0, 0xC8, 0xB8,
  0x08, 0x0D, 0xC8, 0x80, 0xC8, 0x80, 0x80, 0x08,
  0x80, 0x08, 0x70, 0x01, 0x78, 0x48, 0x38, 0x30,
  0x40, 0x30, 0x85, 0x24, 0x30, 0x34, 0x38, 0x25,
  0x30, 0x03, 0x44, 0x48, 0x02, 0x83, 0x04, 0x03,
  0x04, 0x84, 0x80, 0x85, 0x80, 0x80, 0x05, 0x08,
  0x08, 0x3E, 0x8B, 0x80, 0x80, 0x80, 0x0F, 0x88,
  0xD0, 0x80, 0x80, 0x0D, 0x08, 0x88, 0x0D, 0x08,
  0xE8, 0x80, 0x80, 0xD0, 0x08, 0x08, 0x08, 0x08,
  0x8F, 0x80, 0x80, 0x80, 0x80, 0x80, 0x00, 0xF8,
  0x0B, 0x08, 0x80, 0x08, 0x80, 0x08, 0x80, 0x08,
  0x80, 0x08, 0x08, 0x08, 0x08, 0x80, 0x80, 0x80,
  0x00, 0x00, 0x00, 0x00, 0x00, 0x00, 0x00, 0x00,
  0x00, 0x00, 0x00, 0x00, 0x00, 0x00, 0x00, 0x00,
  0x00, 0x00, 0x00, 0x00, 0x00, 0x00, 0x00, 0x00,
  0x00, 0x00, 0x00, 0x00, 0x00, 0x00, 0x00, 0x00,
  0x00, 0x00, 0x00, 0x00, 0xFF, 0xFF, 0x08, 0x08,
  0x08, 0x08, 0xBF, 0x0F, 0x08, 0x8C, 0x80, 0x80,
  0x80, 0x87, 0x00, 0x08, 0x8D, 0x80, 0x80, 0x80,
  0x80, 0x80, 0x9F, 0x80, 0x0E, 0x88, 0x00, 0x0E,
  0x0C, 0x08, 0x0C, 0x0C, 0x8B, 0x00, 0x0D, 0x0C,
  0x8B, 0x8F, 0x8B, 0x8C, 0x80, 0xB0, 0x80, 0xFF,
  0x07, 0x47, 0x85, 0x00, 0x08, 0x08, 0x88, 0x88,
  0x80, 0x00, 0x81, 0x0A, 0x8F, 0x8A, 0x8A, 0x8A,
  0x9B, 0x1B, 0x50, 0x31, 0x18, 0x09, 0x1A, 0x0B,
  0x9A, 0x88, 0x80, 0x00, 0x08, 0x58, 0xCB, 0xBB,
  0xFB, 0xAA, 0xBA, 0x8A, 0xBB, 0xC8, 0x0C, 0xAC,
  0x08, 0xC8, 0x80, 0x80, 0xE0, 0x80, 0x80, 0x85,
  0x80, 0x80, 0x80, 0x80, 0x80, 0x17, 0x88, 0x0D,
  0x08, 0x04, 0x08, 0x08, 0x0F, 0x3C, 0x08, 0x03,
  0x8C, 0x80, 0x80, 0x80, 0x07, 0x08, 0x08, 0x0E,
  0x08, 0x84, 0x80, 0x04, 0x8C, 0x80, 0x00, 0x88,
  0x00, 0x88, 0x9F, 0x80, 0x06, 0x08, 0x0D, 0x08,
  0x08, 0xB5, 0x88, 0x80, 0x80, 0x00, 0x07, 0x8C,
  0x80, 0x80, 0x80, 0x07, 0x83, 0xBC, 0x84, 0x03,
  0x8C, 0x00, 0x07, 0x02, 0x0E, 0x08, 0x06, 0x18,
  0x0D, 0x89, 0x85, 0x03, 0x0C, 0x8D, 0x81, 0x86,
  0x02, 0x0B, 0x0C, 0x09, 0x84, 0x04, 0x02, 0x89,
  0x0D, 0x8E, 0x89, 0x03, 0x07, 0x85, 0x01, 0x88,
  0x0B, 0x8E, 0x8C, 0x0B, 0x0B, 0x8B, 0x0C, 0x0C,
  0x0B, 0x8B, 0x0A, 0x08, 0x08, 0x08, 0x89, 0x82,
  0x17, 0x17, 0x06, 0x02, 0x01, 0x00, 0x09, 0x08,
  0x88, 0x81, 0x83, 0x87, 0x05, 0x85, 0x04, 0x03,
  0x84, 0x03, 0x83, 0x84, 0x03, 0x04, 0x03, 0x12,
  0x81, 0x8A, 0x9C, 0x8F, 0x8C, 0x8C, 0x8C, 0x9A,
  0x9A, 0x8B, 0x8C, 0x8C, 0x8A, 0x8B, 0x8B, 0x9B,
  0x89, 0x89, 0x8A, 0x8A, 0x08, 0x80, 0x05, 0x34,
  0x24, 0x24, 0x33, 0x40, 0x08, 0x08, 0xD8, 0x80,
  0x04, 0x08, 0x68, 0x48, 0x38, 0x43, 0x33, 0x43,
  0x24, 0x33, 0x34, 0x33, 0x40, 0x84, 0x24, 0x30,
  0x48, 0x80, 0x04, 0xC8, 0xC0, 0xB3, 0xBC, 0xC0,
  0xB0, 0x08, 0xBD, 0x0B, 0xC8, 0x08, 0xD8, 0xC0,
  0x80, 0x80, 0x8C, 0x0C, 0x0C, 0xC8, 0x80, 0x8B,
  0x8C, 0x04, 0x08, 0x08, 0x0E, 0x83, 0x80, 0x00,
  0x0F, 0x08, 0x08, 0x04, 0x08, 0x3D, 0x0C, 0x08,
  0x08, 0x85, 0x80, 0x8C, 0x0C, 0x08, 0x04, 0x84,
  0x84, 0x0B, 0x08, 0x08, 0x86, 0x84, 0x07, 0x08,
  0x08, 0x0B, 0x8B, 0x04, 0x83, 0x07, 0x04, 0x08,
  0x8A, 0x1D, 0x0C, 0x0A, 0x82, 0x86, 0x12, 0x02,
  0x82, 0x03, 0x03, 0x17, 0x01, 0x0B, 0x0F, 0x8F,
  0x0D, 0x8C, 0x8B, 0x8C, 0x8B, 0x0D, 0x0C, 0x0B,
  0x0B, 0x8A, 0x0A, 0x88, 0x81, 0x01, 0x04, 0x05,
  0x02, 0x03, 0x84, 0x82, 0x85, 0x84, 0x03, 0x05,
  0x94, 0x05, 0x03, 0x86, 0x85, 0x03, 0x84, 0x84,
  0x84, 0x83, 0x84, 0x83, 0x83, 0x83, 0x81, 0x80,
  0x80, 0x1B, 0x0C, 0x0C, 0x1E, 0x8B, 0x0C, 0x8B,
  0x9C, 0x8A, 0x8C, 0x8A, 0x8B, 0x0C, 0x1C, 0x8B,
  0x0C, 0x0C, 0x0A, 0x8A, 0x0A, 0x08, 0x08, 0x08,
  0x08, 0x08, 0x08, 0x17, 0x08, 0x86, 0x4B, 0x8B,
  0xD0, 0x0B, 0x0C, 0xAC, 0xB8, 0xCB, 0xB8, 0xC8,
  0xBC, 0xC0, 0x0B, 0xBC, 0xC0, 0xB0, 0x08, 0x0D,
  0x08, 0x08, 0x04, 0x08, 0x68, 0x80, 0x40, 0x80,
  0x40, 0x80, 0x50, 0x80, 0x85, 0x30, 0x80, 0x05,
  0x03, 0x04, 0x84, 0x34, 0x48, 0x38, 0x04, 0x33,
  0x34, 0x40, 0x43, 0x38, 0x40, 0x48, 0x80, 0x48,
  0x80, 0x80, 0x8C, 0x80, 0xE0, 0x08, 0x08, 0xD8,
  0x08, 0xBD, 0x0B, 0xC8, 0x08, 0x80, 0x08, 0xF8,
  0xB3, 0x08, 0xD8, 0x08, 0x08, 0x05, 0x08, 0x85,
  0x80, 0x80, 0x86, 0x80, 0x80, 0x80, 0x0E, 0x08,
  0x08, 0xC5, 0x03, 0x03, 0x04, 0x84, 0x84, 0x84,
  0x80, 0x80, 0x80, 0x80, 0xBF, 0x0F, 0x8D, 0x0C,
  0x0E, 0x8B, 0x8C, 0x8B, 0x0D, 0x9A, 0x8B, 0x0B,
  0x0C, 0x89, 0x8A, 0x89, 0x80, 0x80, 0x80, 0x00,
  0x84, 0x04, 0x03, 0x04, 0x07, 0x06, 0x02, 0x86,
  0x03, 0x04, 0x05, 0x03, 0x86, 0x03, 0x04, 0x03,
  0x84, 0x84, 0x83, 0x03, 0x01, 0x02, 0x02, 0x08,
  0x01, 0x8A, 0x0B, 0x8F, 0x8B, 0x0D, 0x8B, 0x8E,
  0x8B, 0x0B, 0x8E, 0x0A, 0x0B, 0x8B, 0x8C, 0x8B,
  0x1C, 0x0C, 0x0A, 0x8A, 0x8A, 0x8B, 0x8B, 0x08,
  0x08, 0x80, 0x08, 0x80, 0x08, 0x80, 0x08, 0x80,
  0x08, 0x77, 0x02, 0x08, 0x17, 0x80, 0x00, 0x88,
  0x80, 0x27, 0x0E, 0x08, 0x08, 0x08, 0x88, 0x00,
  0x88, 0x00, 0x88, 0x00, 0x78, 0x07, 0x08, 0x87,
  0x80, 0x04, 0x08, 0x08, 0x0E, 0x08, 0x08, 0xD8,
  0xC8, 0x80, 0xBC, 0xC0, 0x0C, 0xBB, 0x0C, 0xAC,
  0xB8, 0x8B, 0x8C, 0x0C, 0x0C, 0xC8, 0x80, 0x8B,
  0xD0, 0x08, 0x80, 0x08, 0x80, 0x08, 0x17, 0x88,
  0x00, 0x78, 0x80, 0x04, 0x03, 0x58, 0x03, 0x84,
  0x07, 0x21, 0x32, 0x32, 0x43, 0x33, 0x43, 0x84,
  0x33, 0x34, 0x48, 0x33, 0x48, 0x30, 0x40, 0x80,
  0x85, 0x03, 0x84, 0xB4, 0x03, 0x08, 0xB5, 0x08,
  0x08, 0x0E, 0x8F, 0x0B, 0xAC, 0x8D, 0x0C, 0x0E,
  0x8B, 0x8C, 0x8B, 0x8C, 0x8B, 0x0D, 0x0B, 0x8B,
  0x8B, 0x0B, 0x0C, 0x0A, 0x8A, 0x0A, 0x8B, 0x80,
  0x80, 0x86, 0x03, 0x04, 0x97, 0x05, 0x84, 0x04,
  0x04, 0x05, 0x83, 0x85, 0x85, 0x83, 0x03, 0x84,
  0x84, 0x84, 0x82, 0x83, 0x82, 0x02, 0x81, 0x01,
  0x08, 0x8A, 0x80, 0xCB, 0x8A, 0x8F, 0x8B, 0x8C,
  0x0C, 0x8E, 0x0A, 0x0B, 0x0C, 0xA9, 0x89, 0x8C,
  0x0A, 0x8D, 0x89, 0x0A, 0x0B, 0x8B, 0x80, 0x0D,
  0x08, 0x08, 0x0E, 0x08, 0x08, 0x08, 0x08, 0x08,
  0x08, 0x88, 0x00, 0x88, 0x80, 0x80, 0x80, 0x80,
  0x00, 0x08, 0x08, 0x08, 0x08, 0x3F, 0xFF, 0x8F,
  0x80, 0x80, 0x80, 0x80, 0x80, 0x00, 0xB7, 0x17,
  0x08, 0x08, 0x08, 0x08, 0x08, 0x08, 0x47, 0x8E,
  0x04, 0x88, 0x00, 0x88, 0x80, 0x00, 0x88, 0x00,
  0x88, 0xCF, 0x80, 0x80, 0x80, 0x80, 0x80, 0x80,
  0x3F, 0x9F, 0x80, 0x06, 0x08, 0x08, 0x88, 0x00,
  0x88, 0x80, 0x27, 0x0E, 0x08, 0x08, 0x08, 0x88,
  0x00, 0x88, 0xF0, 0x0B, 0xF8, 0x08, 0xD8, 0x80,
  0x0C, 0x08, 0x0D, 0x08, 0xC8, 0x08, 0x08, 0x08,
  0x06, 0x08, 0x08, 0xB6, 0x03, 0x08, 0x05, 0x08,
  0x8D, 0x80, 0x8C, 0x0C, 0x1F, 0x0C, 0x1B, 0x1E,
  0x0B, 0x1B, 0x1D, 0x8B, 0x2B, 0x8C, 0x89, 0x1C,
  0x89, 0x8A, 0x0B, 0x3C, 0x8B, 0x00, 0x88, 0x80,
  0x00, 0x07, 0x80, 0x27, 0x02, 0x87, 0x85, 0x95,
  0x84, 0x03, 0x84, 0x85, 0x03, 0x03, 0x85, 0x94,
  0x03, 0x83, 0x84, 0x82, 0x02, 0x02, 0x01, 0xA2,
  0x08, 0x08, 0x0C, 0x0C, 0x8B, 0x8F, 0xA9, 0xAA,
  0x0B, 0x8F, 0x0B, 0xAC, 0x89, 0x8C, 0x0C, 0x0A,
  0x0D, 0x0A, 0x8A, 0x0A, 0x8B, 0x8B, 0x8C, 0x80,
  0x0D, 0x08, 0x08, 0x0E, 0x08, 0x08, 0x08, 0x88,
  0x00, 0x9F, 0x80, 0x80, 0x87, 0x00, 0x08, 0x88,
  0x80, 0x00, 0x88, 0x00, 0x88, 0x00, 0x08, 0x08,
  0x08, 0x08, 0x88, 0x80, 0x80, 0x80, 0x80, 0x80,
  0x00, 0x00, 0xA7, 0x77, 0x17, 0xF8, 0xC3, 0x80,
  0x80, 0x80, 0x80, 0x80, 0x80, 0x9F, 0x08, 0x08,
  0x8F, 0x08, 0x08, 0x08, 0x8F, 0x80, 0x80, 0x80,
  0x80, 0x80, 0x08, 0x3F, 0x8E, 0x04, 0x08, 0x88,
  0x00, 0x88, 0x07, 0x08, 0x04, 0x08, 0x85, 0x80,
  0x85, 0x80, 0x04, 0x08, 0x04, 0x08, 0x04, 0x08,
  0x08, 0x87, 0x80, 0x04, 0x08, 0x04, 0x08, 0x85,
  0x84, 0x80, 0x04, 0x08, 0x04, 0x08, 0x08, 0x0F,
  0x8B, 0x8B, 0x8F, 0x8D, 0x0B, 0x0F, 0x8A, 0x8B,
  0x0D, 0x8C, 0x8B, 0x8C, 0x0C, 0x8B, 0x8C, 0x0C,
  0x9A, 0x8A, 0x9B, 0x0C, 0x8B, 0x0A, 0xAB, 0x08,
  0x0C, 0xC3, 0x03, 0x03, 0x17, 0x84, 0x87, 0x03,
  0x05, 0x03, 0x05, 0x04, 0x84, 0x04, 0x12, 0x84,
  0x03, 0x85, 0x83, 0x13, 0x02, 0x13, 0x83, 0x23,
  0x82, 0x83, 0x03, 0x3C, 0x3B, 0x0C, 0x0C, 0x0C,
  0x8B, 0x8F, 0x89, 0x8C, 0x0C, 0x0C, 0x0C, 0x8B,
  0x8B, 0x0A, 0x0E, 0x0A, 0x8C, 0x89, 0x8A, 0xBA,
  0x80, 0x0C, 0x0C, 0xC8, 0x80, 0x8B, 0x80, 0xE0,
  0x08, 0x08, 0x8D, 0x80, 0x00, 0x88, 0x00, 0x88,
  0x9F, 0x80, 0x80, 0x80, 0x80, 0x80, 0x80, 0x80,
  0x80, 0x80, 0x80, 0x80, 0x80, 0x80, 0x80, 0x80,
  0x80, 0x77, 0x8C, 0x80, 0x80, 0x70, 0x8B, 0x67,
  0x08, 0x8E, 0x80, 0x00, 0x88, 0x00, 0x88, 0x9F,
  0x80, 0x80, 0x80, 0x80, 0x80, 0xAF, 0x08, 0x88,
  0x80, 0x00, 0x88, 0x00, 0x88, 0x00, 0x88, 0x80,
  0x80, 0x80, 0x77, 0x17, 0x80, 0x08, 0x70, 0x82,
  0x80, 0x80, 0x80, 0x27, 0x80, 0x80, 0x07, 0x00,
  0x08, 0x88, 0x07, 0x80, 0x05, 0x08, 0x04, 0x03,
  0x80, 0x06, 0x88, 0x00, 0x88, 0x00, 0x8F, 0x08,
  0x8D, 0x8B, 0x8C, 0x0C, 0x8F, 0x8B, 0x0D, 0x8B,
  0x8C, 0x8B, 0x0F, 0x8A, 0x0B, 0x8B, 0x0C, 0x8C,
  0x0B, 0x8C, 0x0C, 0x8B, 0x0A, 0x8A, 0x08, 0x3C,
  0x0B, 0x03, 0x85, 0x04, 0x06, 0x84, 0x84, 0x86,
  0x03, 0x05, 0x03, 0x03, 0x05, 0x84, 0x03, 0x84,
  0x94, 0x03, 0x83, 0x03, 0x81, 0x95, 0x81, 0xA2,
  0xA2, 0x08, 0x8B, 0x0C, 0xBC, 0x8B, 0xDB, 0x0B,
  0x8F, 0x0C, 0x0A, 0x8C, 0x8B, 0x0A, 0x0E, 0x0A,
  0x8A, 0x0A, 0x3B, 0x8B, 0x80, 0x08, 0x78, 0x4B,
  0x3B, 0x40, 0x08, 0x58, 0x38, 0x40, 0x48, 0x83,
  0x40, 0x48, 0x83, 0x80, 0x85, 0x30, 0x00, 0x04,
  0x08, 0x08, 0x08, 0x08, 0x08, 0x08, 0x08, 0x80,
  0xFF, 0x80, 0x80, 0xF0, 0x08, 0x08, 0x8D, 0x80,
  0x8C, 0x80, 0xD0, 0x08, 0x08, 0x0E, 0x08, 0x08,
  0x8D, 0x80, 0x80, 0x8D, 0x80, 0x80, 0x0E, 0x08,
  0x08, 0x0E, 0x08, 0x08, 0x08, 0x88, 0x0F, 0x88,
  0x00, 0x88, 0x00, 0x88, 0x00, 0x88, 0x00, 0x88,
  0x00, 0x88, 0x00, 0x77, 0x03, 0x08, 0x08, 0x37,
  0x80, 0x17, 0x88, 0x00, 0x88, 0x07, 0x80, 0x80,
  0x06, 0x08, 0x04, 0x08, 0x08, 0x86, 0x84, 0x80,
  0x40, 0x80, 0x80, 0x80, 0x80, 0x80, 0x9F, 0x80,
  0x0E, 0x0C, 0x0C, 0x8B, 0x8F, 0x8B, 0x8C, 0x8E,
  0x88, 0x0B, 0x8E, 0x0A, 0x0B, 0x8D, 0x8A, 0x8A,
  0x0C, 0x8B, 0x8C, 0x89, 0x8C, 0x89, 0x8A, 0x80,
  0x00, 0x88, 0x86, 0x84, 0x06, 0x03, 0x04, 0x06,
  0x13, 0x05, 0x04, 0x83, 0x05, 0x03, 0x86, 0x02,
  0x03, 0x83, 0x04, 0x83, 0x83, 0x84, 0x03, 0x01,
  0x82, 0x80, 0x80, 0x00, 0x88, 0x0E, 0x0C, 0x0C,
  0x8B, 0x1F, 0x8B, 0x0A, 0x0B, 0x8F, 0x09, 0x0D,
  0x89, 0x0C, 0x0A, 0xAA, 0x8A, 0xCA, 0x8A, 0x0B,
  0x8C, 0x8B, 0x8C, 0x0C, 0x0C, 0x0C, 0xB8, 0x8B,
  0xD0, 0xB8, 0x08, 0x08, 0x0F, 0x08, 0x0C, 0x08,
  0x08, 0xE8, 0x80, 0x80, 0x80, 0x80, 0x80, 0x07,
  0x80, 0x50, 0x80, 0x40, 0x80, 0x05, 0x03, 0x04,
  0x84, 0x34, 0x48, 0x38, 0x40, 0x48, 0x30, 0x08,
  0x04, 0x03, 0x85, 0x00, 0x84, 0x80, 0x50, 0x4B,
  0x08, 0x8C, 0x80, 0x80, 0x80, 0x80, 0x80, 0x80,
  0xAF, 0x80, 0xF0, 0x88, 0x80, 0x8D, 0x80, 0x80,
  0x0E, 0x08, 0xD8, 0x80, 0x80, 0x80, 0x80, 0x80,
  0x80, 0x80, 0x80, 0x80, 0x80, 0x80, 0x77, 0x81,
  0x00, 0x07, 0x80, 0x86, 0x80, 0x80, 0x05, 0x08,
  0x08, 0x05, 0x08, 0x8D, 0x80, 0x80, 0x80, 0x8E,
  0x0C, 0x0C, 0x0C, 0x8B, 0x8F, 0x89, 0x8C, 0x0C,
  0x0C, 0x0C, 0x8B, 0x8B, 0x8C, 0x0C, 0x8E, 0x0A,
  0x89, 0x0B, 0x8C, 0x89, 0xAA, 0x08, 0x8B, 0x08,
  0x08, 0x80, 0x07, 0x03, 0x04, 0x07, 0x04, 0x05,
  0x84, 0x04, 0x83, 0x85, 0x04, 0x83, 0x85, 0x84,
  0x02, 0x83, 0x03, 0x83, 0x03, 0x84, 0x04, 0x08,
  0x01, 0xB2, 0x03, 0x08, 0x8C, 0x80, 0x0D, 0x0C,
  0x8F, 0x89, 0x89, 0x8A, 0x8A, 0x1F, 0x8B, 0x8A,
  0x8A, 0x0B, 0x8C, 0x8B, 0x8C, 0x0C, 0x08, 0x8C,
  0x0C, 0x08, 0x0D, 0x08, 0x3C, 0x0C, 0x08, 0x08,
  0x08, 0x08, 0x08, 0x08, 0x08, 0x08, 0x47, 0x8E,
  0x84, 0x00, 0x88, 0xB5, 0x84, 0x80, 0x80, 0x80,
  0x80, 0x8F, 0x80, 0x80, 0xE0, 0x08, 0x80, 0x0D,
  0xC8, 0x80, 0x08, 0x0D, 0x8C, 0x0B, 0x08, 0x8D,
  0x8B, 0xD0, 0x80, 0x0C, 0xC8, 0xC0, 0x08, 0x08,
  0x8C, 0x80, 0x0D, 0x08, 0x08, 0x08, 0x08, 0x08,
  0x08, 0x27, 0x08, 0x78, 0x40, 0x30, 0x40, 0x40,
  0x48, 0x38, 0x40, 0x48, 0x83, 0x84, 0x84, 0x33,
  0x40, 0x48, 0x83, 0x84, 0x84, 0x03, 0x48, 0x08,
  0x04, 0x88, 0x85, 0x84, 0x80, 0x80, 0x85, 0x80,
  0xD0, 0x80, 0x80, 0x80, 0x8D, 0xD0, 0xB0, 0xC8,
  0x8B, 0x0C, 0x8F, 0xA9, 0x8A, 0x8D, 0x0C, 0x8C,
  0x9B, 0x8A, 0x9D, 0x0C, 0x0C, 0x8B, 0x8B, 0x8C,
  0x0C, 0x8C, 0x0B, 0x8A, 0x0A, 0x8E, 0x80, 0x0A,
  0x08, 0x08, 0x84, 0x84, 0x84, 0x06, 0x03, 0x87,
  0x84, 0x03, 0x84, 0x84, 0x84, 0x84, 0x83, 0x04,
  0x02, 0x03, 0x84, 0x83, 0x03, 0x03, 0x04, 0x82,
  0x02, 0x83, 0x80, 0x80, 0x8D, 0x80, 0x8C, 0x80,
  0x8D, 0x8F, 0x98, 0x0B, 0x8B, 0x8F, 0x89, 0x0A,
  0x0B, 0x8B, 0x8F, 0x0A, 0x0B, 0x8B, 0x8B, 0x80,
  0x8D, 0x8B, 0x08, 0x8E, 0x00, 0x0D, 0x88, 0x00,
  0x88, 0x00, 0x8F, 0x80, 0x80, 0x08, 0x80, 0x80,
  0x17, 0x08, 0x08, 0x80, 0x08, 0x08, 0x80, 0x08,
  0x80, 0x77, 0x80, 0x80, 0x80, 0x80, 0x80, 0x80,
  0x80, 0x80, 0x80, 0x80, 0x80, 0x80, 0x77, 0x8C,
  0x70, 0x01, 0x08, 0x08, 0x08, 0x08, 0x08, 0x08,
  0x08, 0xFF, 0x85, 0x8B, 0x80, 0xE0, 0x08, 0x08,
  0x08, 0x08, 0xF8, 0x08, 0x88, 0x0D, 0x08, 0xE8,
  0x80, 0x80, 0xD0, 0x08, 0x08, 0x0D, 0x88, 0xD0,
  0x80, 0x80, 0x08, 0x80, 0xF8, 0xC3, 0x03, 0x80,
  0x08, 0x80, 0xB7, 0x84, 0x80, 0x04, 0x88, 0x00,
  0x85, 0x40, 0x80, 0x50, 0x08, 0x08, 0x08, 0x08,
  0x08, 0x3F, 0x3C, 0x3C, 0x1F, 0x89, 0x3A, 0x1E,
  0x1B, 0x0C, 0x0A, 0x8A, 0x8A, 0x0F, 0x0A, 0x0A,
  0x0E, 0x89, 0x9A, 0x8A, 0x0B, 0x8B, 0x0C, 0x08,
  0xD8, 0xB3, 0x84, 0xB4, 0x97, 0x03, 0x01, 0x85,
  0x04, 0x85, 0x83, 0x85, 0x84, 0x03, 0x84, 0x84,
  0x03, 0x82, 0x05, 0x82, 0x83, 0x82, 0x04, 0x01,
  0x82, 0x80, 0x80, 0x08, 0x08, 0x8E, 0x00, 0x0D,
  0x0C, 0x08, 0x0C, 0x0C, 0x8E, 0x89, 0x0A, 0x0B,
  0x8B, 0x0C, 0x8C, 0x0B, 0x8C, 0x8B, 0x8C, 0x80,
  0x8C, 0x8C, 0x80, 0x0D, 0x08, 0x08, 0x08, 0x0F,
  0x08, 0x88, 0x00, 0x88, 0x00, 0x88, 0x9F, 0x08,
  0x08, 0x08, 0x08, 0x27, 0x8E, 0x80, 0x85, 0x80,
  0x80, 0x00, 0x08, 0x8F, 0x84, 0x80, 0x80, 0xE0,
  0x80, 0x80, 0x80, 0x80, 0x08, 0x08, 0x80, 0x08,
  0x80, 0x08, 0x08, 0x08, 0x08, 0x08, 0x80, 0x3F,
  0xFF, 0x09, 0x08, 0x88, 0x00, 0x88, 0x00, 0xF8,
  0x0F, 0x85, 0x80, 0x80, 0x80, 0x80, 0x80, 0x80,
  0x80, 0x80, 0x57, 0x08, 0x08, 0x07, 0x80, 0x85,
  0x80, 0x85, 0x80, 0x00, 0x04, 0x04, 0x08, 0x85,
  0x80, 0x85, 0x80, 0x04, 0x08, 0x08, 0x08, 0x8F,
  0x00, 0x88, 0x00, 0x0F, 0x8B, 0x80, 0xCC, 0x0B,
  0x0C, 0x8F, 0x09, 0x8C, 0x8B, 0x0D, 0x8B, 0x8C,
  0xAB, 0x0D, 0x8B, 0x8C, 0xAB, 0x8C, 0x0C, 0x8C,
  0x0B, 0x8C, 0x89, 0x0D, 0x0A, 0x0A, 0x3B, 0x80,
  0x08, 0x80, 0x05, 0x34, 0x24, 0x07, 0x13, 0x85,
  0x15, 0x83, 0x06, 0x12, 0x84, 0x13, 0x13, 0x84,
  0x86, 0x03, 0x83, 0x03, 0x13, 0x03, 0x21, 0x83,
  0x83, 0x84, 0x84, 0x80, 0x80, 0x80, 0x8D, 0x80,
  0x8C, 0x8C, 0x0C, 0x8F, 0x89, 0x8A, 0x8D, 0x89,
  0xBA, 0x8A, 0x0C, 0xCB, 0x0B, 0x0C, 0x0C, 0x8B,
  0x8B, 0x0C, 0x8C, 0x80, 0x8C, 0xD0, 0x80, 0x80,
  0x80, 0x8D, 0x80, 0x80, 0x3E, 0xC0, 0x08, 0x84,
  0x00, 0x08, 0xE8, 0x08, 0x08, 0x80, 0x08, 0x80,
  0x08, 0x80, 0x37, 0x8F, 0x80, 0x00, 0x88, 0x80,
  0x00, 0x88, 0x00, 0x27, 0x80, 0x8F, 0x04, 0x08,
  0x08, 0x88, 0x8E, 0x80, 0x80, 0x00, 0x88, 0x00,
  0x88, 0x00, 0x88, 0x80, 0x80, 0x3F, 0xBF, 0x08,
  0x08, 0x08, 0x08, 0x08, 0x08, 0x80, 0x08, 0x80,
  0xFF, 0x8C, 0x07, 0x80, 0x80, 0xB6, 0x84, 0x80,
  0x80, 0x05, 0x08, 0x84, 0x80, 0x00, 0x86, 0x84,
  0x80, 0x04, 0x08, 0x04, 0x08, 0x08, 0x86, 0x80,
  0x80, 0x80, 0x80, 0x80, 0x9F, 0x80, 0x0E, 0x08,
  0x0D, 0x0C, 0x8B, 0x8B, 0x0C, 0x8F, 0x8A, 0x0D,
  0x0A, 0x8D, 0x09, 0x8C, 0x8B, 0x8A, 0x8D, 0x0C,
  0x0C, 0x0A, 0x8C, 0x89, 0x0A, 0x0B, 0x0C, 0x8B,
  0x80, 0xD0, 0x03, 0x08, 0x85, 0x84, 0x84, 0x06,
  0x03, 0x04, 0x84, 0x04, 0x85, 0x83, 0x85, 0x02,
  0x94, 0x94, 0x84, 0x92, 0x83, 0x82, 0x84, 0x82,
  0x80, 0x02, 0x08, 0x08, 0x08, 0x05, 0x8C, 0x8B,
  0x80, 0x80, 0x3E, 0x0C, 0x08, 0x3D, 0x8B, 0x00,
  0x88, 0x3E, 0x4B, 0x8B, 0x40, 0x3C, 0x4B, 0x08,
  0x08, 0x08, 0x68, 0x3B, 0x00, 0x08, 0x88, 0x00,
  0x88, 0x00, 0x88, 0x00, 0x08, 0x08, 0x08, 0xF8,
  0xBF, 0x08, 0x08, 0xBF, 0x80, 0x80, 0xF0, 0x89,
  0x08, 0xF8, 0x08, 0x08, 0x08, 0x8F, 0x00, 0x88,
  0x00, 0x0F, 0x08, 0x08, 0x08, 0x0E, 0x08, 0x08,
  0x88, 0x00, 0x8F, 0x80, 0x80, 0x08, 0x80, 0x80,
  0x08, 0xAF, 0x80, 0x08, 0x80, 0x80, 0x08, 0x80,
  0x08, 0x80, 0x08, 0x80, 0xFF, 0x7C, 0x80, 0x80,
  0x80, 0x80, 0x80, 0x17, 0x88, 0x00, 0x06, 0x08,
  0x08, 0x86, 0x80, 0x85, 0x80, 0x04, 0x08, 0x04,
  0x08, 0x04, 0x08, 0x08, 0x08, 0x07, 0x80, 0x08,
  0x80, 0x08, 0x80, 0x9F, 0x08, 0x8F, 0x0B, 0x08,
  0x8D, 0x8B, 0xCC, 0x0B, 0x0C, 0x8F, 0x09, 0x8C,
  0x89, 0x8C, 0x0A, 0x8D, 0x8B, 0x0A, 0x0E, 0x0C,
  0x89, 0x0C, 0x0A, 0x0A, 0x0B, 0x8B, 0x8B, 0x80,
  0x8D, 0x04, 0x08, 0x04, 0x84, 0x84, 0x07, 0x83,
  0x04, 0x86, 0x84, 0x03, 0x02, 0x04, 0x84, 0x04,
  0x83, 0x85, 0x02, 0x03, 0x83, 0x22, 0x82, 0x83,
  0x03, 0x84, 0x84, 0x80, 0x80, 0x80, 0x0E, 0x0C,
  0x0C, 0x0B, 0x8C, 0x0B, 0x8C, 0xCB, 0x8B, 0x0C,
  0xBC, 0x8B, 0xDB, 0x0B, 0x0C, 0x0C, 0x8B, 0x8F,
  0x00, 0xAB, 0x80, 0x0B, 0x8C, 0xC0, 0x08, 0x8C,
  0x80, 0xD0, 0x08, 0x08, 0x08, 0x08, 0x80, 0x08,
  0x80, 0x08, 0x47, 0x08, 0x07, 0x48, 0x30, 0x80,
  0x05, 0x48, 0x48, 0x30, 0x08, 0x04, 0x48, 0x80,
  0x85, 0x84, 0x30, 0x08, 0x58, 0x4B, 0x08, 0x08,
  0x08, 0x08, 0x06, 0x8C, 0x84, 0x80, 0x0C, 0x08,
  0x08, 0x0E, 0x08, 0xC8, 0x08, 0x08, 0x0E, 0x08,
  0x08, 0xD8, 0x08, 0x08, 0x08, 0x08, 0x8F, 0x08,
  0x08, 0x08, 0x80, 0x08, 0x80, 0x08, 0x80, 0x67,
  0x08, 0x08, 0x07, 0x08, 0x08, 0x85, 0x00, 0x88,
  0x87, 0x80, 0x84, 0x80, 0x80, 0x00, 0x88, 0x07,
  0x0C, 0x08, 0x08, 0x08, 0x08, 0x8F, 0x80, 0x8C,
  0xD0, 0x80, 0x8F, 0x89, 0x0A, 0x0B, 0x8F, 0x09,
  0x8C, 0x0C, 0x89, 0x8C, 0xA9, 0x0A, 0x8E, 0x0B,
  0x8A, 0x0D, 0x0A, 0x8A, 0x1D, 0x89, 0x8A, 0x0B,
  0x08, 0x80, 0x05, 0x08, 0x85, 0x84, 0x07, 0x81,
  0x87, 0x02, 0x02, 0x04, 0x02, 0x05, 0x03, 0x83,
  0x86, 0x84, 0x02, 0x02, 0x02, 0x84, 0x82, 0x82,
  0x23, 0x80, 0x84, 0x80, 0x80, 0x80, 0x80, 0x80,
  0x80, 0x9F, 0x0E, 0x08, 0x8C, 0x80, 0x8C, 0x0C,
  0x0C, 0x08, 0x8C, 0x8B, 0x80, 0x8D, 0x3C, 0x8B,
  0x80, 0x0D, 0x88, 0x00, 0x0F, 0x08, 0x08, 0x0D,
  0x08, 0x08, 0x08, 0x0F, 0x08, 0x08, 0xD8, 0x80,
  0x80, 0x0D, 0x08, 0xD8, 0x80, 0x80, 0x0D, 0x08,
  0x0D, 0x08, 0x08, 0x8D, 0x80, 0xD0, 0x08, 0xC8,
  0x80, 0x08, 0x8D, 0x80, 0x80, 0x0E, 0x08, 0x08,
  0x0E, 0x88, 0x00, 0x88, 0x00, 0x08, 0x88, 0x00,
  0x88, 0x00, 0x57, 0x80, 0x80, 0x70, 0x81, 0x60,
  0x08, 0x84, 0x80, 0x85, 0x40, 0x08, 0x03, 0x58,
  0x80, 0x40, 0x08, 0x04, 0x84, 0x40, 0x08, 0x08,
  0x85, 0x80, 0x85, 0x80, 0x04, 0x08, 0x08, 0x08,
  0x87, 0x80, 0x80, 0x80, 0x80, 0x80, 0xB7, 0x80,
  0x80, 0x80, 0x80, 0x9F, 0x80, 0x0E, 0x0C, 0x88,
  0x8B, 0x0D, 0x8F, 0x0A, 0x8A, 0x8A, 0x8E, 0x0A,
  0x0D, 0x8A, 0x8C, 0x0C, 0x1C, 0x0B, 0x8C, 0x89,
  0x0D, 0x0A, 0x8C, 0x89, 0x0A, 0x0B, 0x8B, 0x80,
  0x80, 0x80, 0x80, 0x17, 0x84, 0x04, 0x03, 0x17,
  0x04, 0x84, 0x84, 0x86, 0x02, 0x03, 0x83, 0x86,
  0x84, 0x02, 0x02, 0x83, 0x84, 0x03, 0x82, 0x83,
  0x06, 0x08, 0x82, 0x80, 0x80, 0x84, 0x8B, 0x80,
  0x80, 0x8E, 0x80, 0x8C, 0x8C, 0x80, 0x0D, 0x0C,
  0x0C, 0x08, 0x0C, 0x8B, 0x0C, 0x08, 0x0D, 0x0C,
  0x08, 0x0C, 0x08, 0x8C, 0x80, 0x80, 0x80, 0x0F,
  0x08, 0x08, 0x08, 0x8E, 0x80, 0x80, 0x80, 0x80,
  0x80, 0x80, 0x80, 0x80, 0x80, 0x80, 0x80, 0x00,
  0x08, 0x08, 0x77, 0x0D, 0x08, 0x17, 0x80, 0x80,
  0x00, 0x9F, 0x08, 0x08, 0x08, 0x08, 0x08, 0x08,
  0x08, 0x80, 0xFF, 0x08, 0x08, 0x08, 0x9F, 0x80,
  0x80, 0x80, 0x80, 0x80, 0xAF, 0x80, 0x80, 0x80,
  0x80, 0x80, 0x80, 0x80, 0x80, 0x80, 0x80, 0x80,
  0x80, 0x80, 0x77, 0x27, 0x08, 0x08, 0x27, 0x08,
  0x78, 0x00, 0x08, 0x05, 0x08, 0x88, 0x87, 0x03,
  0x08, 0x08, 0x05, 0x08, 0x88, 0x00, 0x08, 0x07,
  0x80, 0x80, 0x80, 0x8F, 0x80, 0x80, 0x8E, 0x00,
  0x0D, 0x0C, 0x8B, 0x8B, 0x8C, 0xDB, 0x0B, 0x0C,
  0x0C, 0x8E, 0x8B, 0x0A, 0x0E, 0x1C, 0x0B, 0x1C,
  0x0B, 0x8A, 0x0D, 0x0A, 0x8A, 0x0B, 0x8B, 0x80,
  0x80, 0x80, 0x80, 0x17, 0x58, 0x03, 0x84, 0x07,
  0x84, 0x03, 0x04, 0x03, 0x87, 0x02, 0x83, 0x05,
  0x03, 0x83, 0x04, 0x83, 0x82, 0x86, 0x01, 0x84,
  0x82, 0x80, 0x02, 0x08, 0x84, 0x80, 0x80, 0xE0,
  0x80, 0x0C, 0x08, 0x08, 0x8D, 0x8B, 0x80, 0x0D,
  0x8C, 0x8B, 0x08, 0x8D, 0x80, 0x0D, 0x08, 0x0D,
  0x08, 0x8C, 0x80, 0x8C, 0x80, 0x80, 0x0E, 0x08,
  0x08, 0x0E, 0x08, 0x08, 0x08, 0x08, 0x08, 0x9F,
  0x80, 0x80, 0x80, 0x80, 0x80, 0x80, 0x80, 0x80,
  0x00, 0x88, 0x00, 0x08, 0x08, 0x08, 0x88, 0x80,
  0x80, 0x90, 0x00, 0x00, 0x00, 0x00, 0x00, 0x00,
  0x00, 0x00, 0xFF, 0xFF, 0x08, 0x08, 0x08, 0x08,
  0x88, 0xCF, 0x80, 0x80, 0x80, 0x80, 0x80, 0x80,
  0x80, 0x80, 0xFF, 0x79, 0x0B, 0x88, 0x85, 0x80,
  0x00, 0x88, 0x00, 0xB7, 0x03, 0x08, 0x08, 0x87,
  0x80, 0x80, 0x05, 0x08, 0x04, 0x08, 0x88, 0x87,
  0x80, 0x84, 0x80, 0x00, 0x04, 0x08, 0x08, 0x08,
  0x08, 0x08, 0x08, 0x08, 0xDF, 0x80, 0x0F, 0x08,
  0x8C, 0x8B, 0x8C, 0x0C, 0x0C, 0x8F, 0x09, 0x8A,
  0x0D, 0x0A, 0x8D, 0x99, 0x8A, 0x8A, 0x0E, 0x0A,
  0x8D, 0x09, 0x8A, 0xAA, 0xB8, 0x08, 0x0D, 0x08,
  0x8C, 0x84, 0x80, 0x00, 0x04, 0x04, 0x07, 0x82,
  0x05, 0x03, 0x04, 0x84, 0x04, 0x85, 0x83, 0x03,
  0x05, 0x02, 0x03, 0x84, 0x84, 0x82, 0x04, 0x01,
  0x82, 0x83, 0x80, 0x04, 0x08, 0x08, 0x08, 0x08,
  0x8F, 0x08, 0x8D, 0x00, 0x0D, 0x0C, 0x08, 0x0C,
  0x08, 0x8C, 0x8B, 0x80, 0x8D, 0x0C, 0x08, 0x0D,
  0x08, 0x8C, 0x80, 0x80, 0x8D, 0x80, 0x80, 0x0E,
  0x08, 0x08, 0x08, 0x08, 0x8F, 0x08, 0x08, 0x08,
  0x08, 0x08, 0x08, 0x08, 0x08, 0x80, 0x08, 0x80,
  0x08, 0x08, 0x08, 0x08, 0x80, 0x80, 0x80, 0x00,
  0x00, 0x00, 0x00, 0x00, 0x00, 0x00, 0x00, 0x00,
  0xFF, 0xFF, 0x08, 0x08, 0x08, 0x08, 0xBF, 0x87,
  0x4B, 0x0B, 0x08, 0x88, 0x00, 0x88, 0x00, 0x88,
  0x00, 0xBF, 0x87, 0x80, 0x0C, 0x03, 0x80, 0x80,
  0x08, 0x80, 0x80, 0x08, 0x47, 0x8E, 0x04, 0x88,
  0x04, 0x08, 0x08, 0x05, 0x84, 0x8B, 0x85, 0x80,
  0x80, 0x05, 0x08, 0x84, 0x00, 0x04, 0x08, 0x08,
  0x08, 0x08, 0x9F, 0x80, 0x08, 0x80, 0x9F, 0x00,
  0x0E, 0x0C, 0x8B, 0x8B, 0x8C, 0x0C, 0x8F, 0x89,
  0x8C, 0x0A, 0x8D, 0x89, 0x8C, 0x89, 0x0D, 0x8A,
  0x8C, 0x89, 0x8A, 0x8A, 0x0C, 0x8B, 0x80, 0x0D,
  0x08, 0x08, 0x08, 0x08, 0x07, 0x07, 0x82, 0x83,
  0x06, 0x03, 0x04, 0x84, 0x04, 0x83, 0x87, 0x02,
  0x02, 0x04, 0x02, 0xA3, 0x04, 0x84, 0x01, 0x82,
  0x83, 0x83, 0x04, 0x88, 0x04, 0x08, 0x08, 0x08,
  0x0F, 0x08, 0x8C, 0x80, 0x8C, 0x80, 0x0D, 0x08,
  0x0D, 0x8B, 0x80, 0x0D, 0x8C, 0x00, 0x0D, 0x08,
  0x0C, 0x08, 0x8C, 0x80, 0x80, 0x8D, 0x80, 0x8C,
  0x80, 0x80, 0x80, 0x80, 0x80, 0x80, 0x08, 0x80,
  0x80, 0x80, 0x80, 0x80, 0x08, 0x08, 0x08, 0x08,
  0x08, 0xFF, 0xFF, 0x80, 0x80, 0x80, 0x80, 0x80,
  0x80, 0x80, 0x80, 0x80, 0x80, 0x80, 0x08, 0xFF,
  0x04, 0x08, 0x08, 0x08, 0xEF, 0x80, 0x80, 0x80,
  0x80, 0x80, 0xBF, 0x07, 0x08, 0x8C, 0x80, 0x80,
  0x80, 0x80, 0x08, 0x80, 0x08, 0x80, 0x08, 0x08,
  0x08, 0x08, 0x08, 0x77, 0x05, 0x08, 0x08, 0x17,
  0x80, 0x80, 0x07, 0x80, 0x05, 0x08, 0x84, 0x80,
  0x00, 0x88, 0x07, 0x08, 0x08, 0x80, 0x87, 0x80,
  0x80, 0x80, 0x00, 0x8F, 0x80, 0x8C, 0x80, 0x0D,
  0x08, 0x0D, 0x0C, 0x0B, 0x8C, 0x8E, 0x89, 0x8A,
  0x0E, 0x8A, 0x8C, 0x89, 0x0D, 0x8A, 0x8C, 0x89,
  0x8A, 0x0E, 0x0A, 0x8A, 0x08, 0x8B, 0x0C, 0x08,
  0x08, 0x0E, 0x83, 0x80, 0x05, 0x03, 0x04, 0x07,
  0x82, 0x05, 0x03, 0x04, 0x84, 0x04, 0x83, 0x04,
  0x96, 0x03, 0x83, 0x03, 0x82, 0x05, 0x01, 0x82,
  0x83, 0x03, 0x84, 0x80, 0x85, 0x80, 0x80, 0x80,
  0x80, 0x80, 0x8F, 0x08, 0x0E, 0x08, 0x08, 0x8D,
  0x8B, 0x8C, 0x0C, 0x08, 0x0D, 0x8B, 0x08, 0x0D,
  0x08, 0x0D, 0x08, 0x8C, 0x80, 0x80, 0x8D, 0x80,
  0x80, 0x80, 0x80, 0x80, 0x80, 0x80, 0x80, 0x80,
  0x08, 0x80, 0x08, 0x08, 0x08, 0x08, 0x80, 0x80,
  0x80, 0x00, 0x00, 0x00, 0x00, 0x00, 0xFF, 0xFF,
  0x08, 0x08, 0x08, 0x08, 0x88, 0x00, 0xEF, 0x80,
  0x80, 0x80, 0x08, 0x08, 0x80, 0x08, 0x80, 0x08,
  0xFF, 0x09, 0x08, 0x88, 0x00, 0x88, 0x00, 0x08,
  0x08, 0x08, 0x08, 0x88, 0x80, 0x80, 0x80, 0x80,
  0x80, 0x77, 0x77, 0x80, 0x80, 0x80, 0x27, 0x08,
  0x08, 0x08, 0x17, 0x85, 0x80, 0x80, 0x86, 0x80,
  0x80, 0x05, 0x08, 0x08, 0x08, 0x06, 0x08, 0x08,
  0x08, 0x08, 0x08, 0xAF, 0x80, 0x80, 0x8F, 0x0C,
  0x0C, 0x08, 0x8C, 0x8B, 0x8C, 0x8F, 0x0A, 0x0B,
  0x8E, 0x89, 0x0A, 0x0E, 0x0A, 0x8C, 0x89, 0x0A,
  0x8E, 0x09, 0x8A, 0x0A, 0x8B, 0x8B, 0x8C, 0x80,
  0x80, 0x80, 0x80, 0x80, 0x17, 0x86, 0x84, 0x03,
  0x03, 0x07, 0x05, 0x83, 0x04, 0x03, 0x87, 0x83,
  0x83, 0x03, 0x84, 0x04, 0xA3, 0x04, 0x03, 0x02,
  0x02, 0x83, 0x80, 0x05, 0x08, 0x88, 0x86, 0x00,
  0x88, 0x8C, 0x80, 0x80, 0x0F, 0x0C, 0x08, 0x0C,
  0x08, 0x8C, 0x8B, 0x80, 0x8D, 0x80, 0x8C, 0x80,
  0x8D, 0x0C, 0x08, 0x08, 0x0E, 0x08, 0x08, 0x08,
  0x08, 0x8F, 0x80, 0x80, 0x80, 0x08, 0x80, 0x08,
  0x80, 0x08, 0x80, 0x80, 0x80, 0x80, 0x80, 0x08,
  0x08, 0x08, 0x08, 0x08, 0x08, 0xFF, 0xFF, 0x08,
  0x08, 0x08, 0x08, 0x88, 0x00, 0x08, 0x08, 0x08,
  0x08, 0x88, 0xFF, 0x8E, 0x00, 0x88, 0x80, 0x00,
  0x88, 0x00, 0x88, 0x00, 0x88, 0x3F, 0xEF, 0x80,
  0x80, 0x80, 0x80, 0x80, 0x80, 0x80, 0x80, 0x80,
  0x80, 0x77, 0x02, 0x08, 0x08, 0x37, 0x88, 0x07,
  0x0C, 0x03, 0x08, 0x05, 0x08, 0x08, 0x86, 0x80,
  0x85, 0x80, 0x04, 0x08, 0x08, 0x08, 0x80, 0x08,
  0x80, 0x08, 0x80, 0xDF, 0x80, 0x0F, 0x08, 0x8C,
  0x8B, 0x8C, 0x80, 0x9F, 0x8A, 0x0B, 0x8B, 0x8C,
  0x8F, 0x0A, 0x8D, 0x89, 0x0A, 0x8B, 0x8E, 0x89,
  0x8A, 0x0E, 0x88, 0x0A, 0x8A, 0x8B, 0x0C, 0x08,
  0x08, 0x08, 0x08, 0x08, 0x17, 0x08, 0x27, 0x83,
  0x84, 0x07, 0x83, 0x04, 0x01, 0x85, 0x03, 0x04,
  0x03, 0x04, 0x84, 0x84, 0x84, 0x82, 0x84, 0x82,
  0x82, 0x83, 0x80, 0x84, 0x80, 0x04, 0x0C, 0x83,
  0x80, 0x80, 0x0E, 0x08, 0x88, 0x0D, 0x8C, 0x80,
  0x8C, 0x80, 0x0D, 0x08, 0x0D, 0x08, 0x8C, 0x80,
  0x8C, 0x80, 0x8C, 0x80, 0x80, 0x80, 0x8F, 0x08,
  0x08, 0x80, 0x8F, 0x80, 0x80, 0x80, 0x80, 0x80,
  0x80, 0x80, 0x80, 0x00, 0x88, 0x00, 0xFF, 0x04,
  0x08, 0x08, 0x08, 0x08, 0xBF, 0x80, 0x00, 0x08,
  0x88, 0x00, 0x88, 0x00, 0x88, 0x00, 0x08, 0x08,
  0x08, 0x88, 0xFF, 0xAF, 0x88, 0x00, 0x88, 0x00,
  0x08, 0x08, 0x3F, 0xBF, 0x08, 0x08, 0x08, 0x88,
  0x00, 0x08, 0x08, 0x08, 0x08, 0x88, 0x80, 0x80,
  0x80, 0x80, 0x77, 0x57, 0x80, 0x17, 0x08, 0x08,
  0x06, 0x08, 0x08, 0x86, 0x80, 0x85, 0x80, 0x04,
  0x08, 0x08, 0x05, 0x08, 0x08, 0x08, 0x88, 0x00,
  0x88, 0x00, 0x88, 0x80, 0xFF, 0x8D, 0x80, 0x0C,
  0x8C, 0x80, 0x8C, 0x0C, 0x0C, 0x8F, 0x09, 0x8A,
  0x0D, 0x8A, 0x0C, 0x8A, 0x8A, 0x8A, 0x8F, 0x89,
  0x0A, 0x0B, 0x8F, 0x89, 0x00, 0x0B, 0x8B, 0x80,
  0x80, 0x8D, 0x04, 0x08, 0x08, 0x05, 0x84, 0x84,
  0x07, 0x81, 0x85, 0x03, 0x01, 0x04, 0x06, 0x82,
  0x82, 0x84, 0x03, 0x04, 0x03, 0x82, 0x86, 0x82,
  0x02, 0x82, 0x03, 0x08, 0x04, 0x08, 0x88, 0x80,
  0x00, 0x88, 0x00, 0xBF, 0x80, 0x3F, 0x0C, 0x0C,
  0x88, 0x8B, 0x08, 0x8E, 0x00, 0x88, 0x0D, 0x08,
  0x8D, 0x80, 0x8C, 0x80, 0x80, 0x80, 0x0F, 0x88,
  0x80, 0x00, 0x88, 0x00, 0x9F, 0x08, 0x08, 0x08,
  0x08, 0x08, 0x08, 0x80, 0xEF, 0x05, 0x08, 0x0D,
  0x08, 0x88, 0x00, 0x88, 0x00, 0x88, 0x00, 0x88,
  0x00, 0x08, 0x08, 0x08, 0x08, 0x88, 0x80, 0x80,
  0x80, 0x80, 0x80, 0xFF, 0x04, 0x08, 0xFF, 0x0A,
  0x08, 0x08, 0x08, 0x08, 0xDF, 0x80, 0x80, 0x80,
  0x08, 0x80, 0x08, 0x80, 0xF0, 0x83, 0x80, 0x80,
  0x80, 0x80, 0x77, 0x81, 0x00, 0x88, 0x27, 0x08,
  0x08, 0x07, 0x08, 0x85, 0x80, 0x85, 0x80, 0x04,
  0x08, 0x08, 0x05, 0x08, 0x08, 0x08, 0x08, 0x08,
  0x08, 0x08, 0x08, 0xEF, 0x80, 0x80, 0x8F, 0x8B,
  0x80, 0x8D, 0x0C, 0x0C, 0x8B, 0x0C, 0x8C, 0x8E,
  0x89, 0x8A, 0x8E, 0x89, 0x0A, 0x0E, 0x0A, 0x0A,
  0x8D, 0x89, 0x0A, 0x0B, 0x0C, 0x8B, 0x80, 0x8C,
  0x00, 0x88, 0x00, 0x87, 0x00, 0x84, 0x04, 0x03,
  0x04, 0x07, 0x82, 0x05, 0x03, 0x04, 0x84, 0x04,
  0x21, 0x01, 0x85, 0x04, 0x81, 0x04, 0x01, 0x02,
  0x05, 0x08, 0x82, 0x03, 0x08, 0x08, 0x85, 0x00,
  0x8D, 0x80, 0x80, 0x80, 0x0F, 0x08, 0x08, 0x8D,
  0x80, 0x80, 0x8D, 0x80, 0x8C, 0x80, 0x8D, 0x80,
  0x80, 0x0E, 0x08, 0x08, 0x0E, 0x08, 0x08, 0x88,
  0x0E, 0x08, 0x08, 0x08, 0x08, 0x08, 0x08, 0xF8,
  0x8A, 0x08, 0x80, 0x08, 0x80, 0x08, 0x80, 0x08,
  0x80, 0xFF, 0x8A, 0x80, 0x80, 0x80, 0x08, 0x80,
  0x08, 0x80, 0x08, 0x08, 0x08, 0x08, 0x80, 0x80,
  0x80, 0x00, 0x00, 0xFF, 0x04, 0xFF, 0x88, 0x80,
  0x8F, 0x08, 0x08, 0x08, 0x80, 0x08, 0x08, 0x80,
  0x08, 0x80, 0x08, 0xFF, 0x85, 0x80, 0x80, 0x80,
  0x80, 0xB7, 0x05, 0x88, 0x00, 0x88, 0x07, 0x08,
  0x03, 0x80, 0x06, 0x08, 0x88, 0x86, 0x00, 0x88,
  0x05, 0x08, 0x08, 0x05, 0x08, 0x08, 0x08, 0x08,
  0x08, 0x08, 0x88, 0x00, 0xEF, 0x80, 0x0E, 0x8C,
  0x80, 0x8B, 0x0D, 0x8C, 0x0B, 0x8C, 0x8B, 0x8C,
  0x8B, 0x9F, 0x8A, 0x8E, 0x89, 0x0A, 0x0E, 0x0A,
  0x0A, 0x0B, 0x8B, 0x8B, 0xCC, 0x80, 0x8B, 0x80,
  0x8D, 0x80, 0x00, 0x86, 0x80, 0x85, 0x03, 0x04,
  0x07, 0x01, 0x82, 0x86, 0x84, 0x03, 0x01, 0x04,
  0x84, 0x84, 0x84, 0x01, 0x84, 0x82, 0x82, 0x05,
  0x01, 0x82, 0x80, 0x84, 0x03, 0x08, 0x08, 0x08,
  0x88, 0x00, 0x88, 0x00, 0xBF, 0x88, 0x80, 0x9F,
  0x08, 0x0F, 0x88, 0x8B, 0x08, 0x80, 0x8F, 0x8B,
  0x80, 0x80, 0x80, 0x8F, 0x80, 0x08, 0x80, 0x08,
  0x9F, 0x85, 0x0B, 0x08, 0x08, 0x08, 0x8F, 0x80,
  0x80, 0x80, 0x80, 0x80, 0x80, 0x80, 0x80, 0x80,
  0x80, 0x00, 0x88, 0x80, 0x80, 0x80, 0x00, 0x08,
  0x08, 0xFF, 0xFF, 0x80, 0x80, 0x80, 0x80, 0x80,
  0x80, 0x80, 0x80, 0xFF, 0x88, 0x80, 0x80, 0x80,
  0x08, 0xBF, 0x08, 0x08, 0x08, 0x08, 0x08, 0x08,
  0x08, 0x08, 0x08, 0x08, 0x08, 0x08, 0x80, 0x80,
  0x77, 0x57, 0x80, 0x80, 0x80, 0x37, 0x08, 0x08,
  0x17, 0x08, 0x08, 0x07, 0x08, 0x84, 0x80, 0x00,
  0x86, 0x80, 0x80, 0x86, 0x80, 0x80, 0x80, 0x80,
  0x80, 0x00, 0x88, 0xAF, 0x08, 0x08, 0x9F, 0x08,
  0x8E, 0x8B, 0x8C, 0x8B, 0x0D, 0x8C, 0x0B, 0x8C,
  0x8B, 0x8C, 0x8F, 0x0A, 0x1D, 0x8B, 0x0A, 0x8B,
  0x8E, 0x0A, 0x8A, 0x0B, 0x0C, 0x08, 0x8C, 0xC0,
  0x08, 0x80, 0x80, 0x08, 0x07, 0x08, 0x04, 0x03,
  0x85, 0x07, 0x82, 0x85, 0x82, 0x04, 0x03, 0x04,
  0xA4, 0x04, 0x83, 0x04, 0x01, 0x04, 0x82, 0x02,
  0x83, 0x84, 0x80, 0x04, 0x08, 0x04, 0x08, 0x08,
  0x08, 0x08, 0x08, 0x08, 0x3F, 0x0F, 0x88, 0x80,
  0x8C, 0x80, 0x8D, 0x80, 0x80, 0x0E, 0x08, 0x0D,
  0x08, 0x08, 0x08, 0x0F, 0x08, 0x08, 0x08, 0x08,
  0x8F, 0x00, 0x08, 0x88, 0x80, 0x00, 0x88, 0x00,
  0xBF, 0x80, 0x80, 0x80, 0x80, 0x80, 0x80, 0x80,
  0x80, 0x80, 0x80, 0x80, 0x80, 0x80, 0x80, 0x80,
  0x90, 0x00, 0x00, 0x00, 0xFF, 0xFF, 0x08, 0x08,
  0x08, 0x08, 0xBF, 0x80, 0x80, 0x80, 0xAF, 0x80,
  0x80, 0x80, 0x08, 0x80, 0x08, 0x80, 0xFF, 0x85,
  0x80, 0x80, 0x80, 0x80, 0x80, 0x80, 0x80, 0x80,
  0x80, 0x80, 0x77, 0x00, 0x87, 0x80, 0x80, 0x05,
  0x08, 0x08, 0x08, 0x06, 0x08, 0x85, 0x80, 0x80,
  0x86, 0x80, 0x80, 0x80, 0x87, 0x80, 0x80, 0x80,
  0x80, 0x80, 0x80, 0x9F, 0x80, 0x80, 0x8F, 0x8B,
  0x0C, 0x88, 0x8C, 0x8C, 0x0C, 0x0C, 0x0C, 0x0B,
  0x8C, 0x8E, 0x89, 0x8A, 0x0E, 0x8A, 0x0A, 0x0E,
  0x0A, 0x0A, 0x0B, 0x8B, 0x8B, 0x80, 0x8D, 0x80,
  0x80, 0x00, 0x88, 0x00, 0x17, 0x80, 0x87, 0x84,
  0x03, 0x03, 0x07, 0x02, 0x86, 0x84, 0x01, 0x84,
  0x03, 0x82, 0x05, 0x01, 0x04, 0x01, 0x02, 0x83,
  0x84, 0x03, 0x84, 0x00, 0x84, 0x80, 0x00, 0x86,
  0x80, 0x80, 0x80, 0x8E, 0x80, 0x80, 0x0E, 0x08,
  0x08, 0x0E, 0x08, 0x88, 0x8C, 0x80, 0x80, 0x0F,
  0x08, 0x08, 0x8D, 0x80, 0x80, 0x80, 0x80, 0x80,
  0x9F, 0x80, 0x80, 0x80, 0x80, 0x80, 0x80, 0x80,
  0x80, 0x80, 0x08, 0xFF, 0x8A, 0x80, 0x80, 0x80,
  0x80, 0x08, 0x80, 0x08, 0x80, 0x80, 0x80, 0x80,
  0x3F, 0x08, 0x08, 0x08, 0x08, 0xFF, 0xBF, 0x00,
  0x08, 0x88, 0xCF, 0x80, 0x80, 0x80, 0x80, 0x80,
  0xCF, 0x80, 0x80, 0x80, 0x08, 0x80, 0x08, 0x80,
  0x08, 0x80, 0x08, 0x08, 0x08, 0x08, 0x80, 0x80,
  0x77, 0x57, 0x80, 0x80, 0x27, 0x08, 0x88, 0x00,
  0x17, 0x08, 0x08, 0x07, 0x88, 0x00, 0x85, 0x80,
  0x00, 0x86, 0x80, 0x80, 0xB6, 0x03, 0x08, 0x08,
  0x08, 0x08, 0x08, 0x08, 0xBF, 0x80, 0x8F, 0x80,
  0x0D, 0x8C, 0x00, 0x8C, 0x8F, 0x89, 0x0A, 0x0B,
  0x0C, 0x8E, 0x89, 0x0A, 0x0B, 0x8F, 0x09, 0x8A,
  0x8A, 0x8A, 0x8B, 0x8C, 0x0C, 0x08, 0x0D, 0x08,
  0x08, 0x08, 0x08, 0x08, 0x88, 0x27, 0x05, 0x03,
  0x80, 0x27, 0x83, 0x07, 0x82, 0x85, 0x82, 0x82,
  0x05, 0x03, 0x82, 0x06, 0x81, 0x02, 0x85, 0x82,
  0x02, 0x80, 0x03, 0x84, 0x80, 0x80, 0x86, 0x80,
  0x80, 0x80, 0x80, 0x80, 0x80, 0x9F, 0x08, 0x08,
  0x08, 0x08, 0xAF, 0x08, 0x08, 0xF8, 0x09, 0x08,
  0x08, 0x8F, 0x08, 0x08, 0x08, 0x8F, 0x80, 0x80,
  0x80, 0x8E, 0x80, 0x80, 0x80, 0x80, 0x80, 0x80,
  0x80, 0x80, 0xEF, 0x80, 0x80, 0x80, 0x80, 0x80,
  0x80, 0x80, 0x80, 0x80, 0x80, 0x08, 0x08, 0x08,
  0x08, 0x80, 0x80, 0x80, 0x00, 0x00, 0xFF, 0xFF,
  0x08, 0x08, 0x08, 0x08, 0xBF, 0x80, 0x80, 0x80,
  0x80, 0x80, 0x80, 0x80, 0x80, 0xFF, 0x0A, 0x08,
  0x08, 0x08, 0x08, 0x80, 0x80, 0x77, 0x00, 0x08,
  0x08, 0x80, 0x08, 0x80, 0x08, 0x77, 0x08, 0x08,
  0x87, 0x80, 0x80, 0x05, 0x08, 0x04, 0x08, 0x88,
  0x87, 0x80, 0x80, 0x85, 0x80, 0x80, 0x80, 0x80,
  0x00, 0x88, 0x00, 0xBF, 0x80, 0x80, 0x9F, 0x80,
  0x0E, 0x8C, 0x0B, 0x8C, 0x8B, 0x8C, 0x8B, 0x0D,
  0x8C, 0x8E, 0x89, 0x8A, 0x0B, 0x8F, 0x89, 0x0A,
  0x8B, 0x0B, 0x8C, 0x8B, 0x8C, 0x80, 0x8C, 0x80,
  0x80, 0x0F, 0x08, 0x84, 0x80, 0x85, 0x03, 0x08,
  0x85, 0x04, 0x06, 0x01, 0x02, 0x86, 0x02, 0x04,
  0x84, 0x82, 0x85, 0x82, 0x02, 0x85, 0x82, 0x02,
  0x02, 0x03, 0x84, 0x84, 0x80, 0x04, 0x08, 0x04,
  0x8C, 0x80, 0x80, 0x80, 0x80, 0x80, 0x08, 0xAF,
  0x80, 0x8F, 0x80, 0x80, 0x8D, 0x80, 0xD0, 0x08,
  0x08, 0x0E, 0x08, 0x08, 0x08, 0x0F, 0x08, 0x08,
  0x08, 0x08, 0x08, 0x08, 0x9F, 0x08, 0x08, 0x07,
  0x0C, 0x08, 0x88, 0x00, 0x88, 0x80, 0x00, 0x88,
  0x00, 0x88, 0x80, 0x80, 0x80, 0x80, 0x00, 0x08,
  0x08, 0x08, 0x08, 0x08, 0x09, 0xFF, 0xFF, 0x08,
  0x08, 0x08, 0xAF, 0x86, 0x0B, 0x08, 0x08, 0x08,
  0x08, 0x3F, 0x0D, 0x08, 0x08, 0x08, 0x86, 0x8B,
  0x80, 0x80, 0x80, 0x00, 0x88, 0x00, 0x37, 0x8F,
  0x84, 0x80, 0x00, 0x88, 0x00, 0x87, 0x80, 0x00,
  0x88, 0x07, 0x08, 0x03, 0x80, 0x80, 0x07, 0x08,
  0x04, 0x88, 0x05, 0x08, 0x08, 0x08, 0x08, 0x08,
  0x08, 0x08, 0x08, 0x80, 0x80, 0xFF, 0x8E, 0x80,
  0x0C, 0x0C, 0x8B, 0x8C, 0x8B, 0x0C, 0x8C, 0x8B,
  0x8C, 0x0C, 0x0C, 0x8F, 0x89, 0x89, 0x8A, 0x8A,
  0x8B, 0x8C, 0x0C, 0x0C, 0x0C, 0x8B, 0x80, 0x0C,
  0x08, 0x88, 0x00, 0x08, 0x88, 0x27, 0x05, 0x03,
  0x80, 0x06, 0x07, 0x01, 0x04, 0x01, 0x02, 0x86,
  0x04, 0x81, 0x04, 0x01, 0x85, 0x82, 0x82, 0x83,
  0x83, 0x84, 0x84, 0x03, 0x08, 0x08, 0x08, 0x06,
  0x08, 0x08, 0x08, 0x08, 0x08, 0xAF, 0x80, 0x80,
  0x8F, 0x80, 0x80, 0x80, 0x8F, 0x80, 0x80, 0x8D,
  0x00, 0x88, 0x80, 0x0F, 0x08, 0x88, 0x00, 0x88,
  0x00, 0x9F, 0x08, 0x08, 0x08, 0x08, 0x08, 0x08,
  0x08, 0x80, 0x08, 0x80, 0x08, 0x08, 0x08, 0xFF,
  0x85, 0x9F, 0x05, 0x08, 0x0D, 0x08, 0x88, 0x00,
  0x88, 0x80, 0x8F, 0x08, 0x08, 0x08, 0x08, 0x08,
  0x08, 0x08, 0x08, 0xFF, 0x80, 0x08, 0x80, 0x80,
  0x08, 0x80, 0x08, 0x80, 0x80, 0x80, 0x80, 0x80,
  0xFF, 0x8D, 0x80, 0x80, 0x27, 0x0E, 0x83, 0x80,
  0x80, 0x80, 0x80, 0x80, 0x27, 0xE8, 0x03, 0x08,
  0x85, 0x80, 0x85, 0x80, 0x80, 0x05, 0x08, 0x84,
  0x00, 0x88, 0x00, 0x87, 0x80, 0x00, 0x85, 0x8B,
  0x08, 0x80, 0x08, 0x9F, 0x00, 0x08, 0x8F, 0x0B,
  0x08, 0x8D, 0x8B, 0x8C, 0x0C, 0x0C, 0x8B, 0x0C,
  0x8C, 0x8E, 0x89, 0x8A, 0x0B, 0x0C, 0x8B, 0x0C,
  0x8F, 0x08, 0x0A, 0x8B, 0x80, 0x8B, 0x0D, 0x88,
  0x00, 0x88, 0x8E, 0x04, 0x08, 0x08, 0x05, 0x84,
  0x84, 0x84, 0x83, 0x04, 0x06, 0x01, 0x02, 0x86,
  0x02, 0x04, 0x01, 0x85, 0x02, 0x82, 0x83, 0x97,
  0x01, 0x01, 0x02, 0x02, 0x08, 0x04, 0x08, 0x08,
  0x08, 0x08, 0x08, 0x80, 0x08, 0x80, 0x08, 0xFF,
  0x08, 0x08, 0x08, 0x9F, 0x80, 0x80, 0x8E, 0x80,
  0x80, 0x80, 0x0F, 0x88, 0x00, 0x88, 0x00, 0xF8,
  0x09, 0x80, 0x08, 0x80, 0x08, 0x08, 0x80, 0x08,
  0x80, 0x08, 0x80, 0xFF, 0x8A, 0x17, 0x08, 0x88,
  0x00, 0x8F, 0x84, 0x8B, 0x80, 0x80, 0x08, 0x08,
  0x80, 0x3F, 0x08, 0x80, 0xF8, 0x09, 0x08, 0x08,
  0x08, 0x08, 0x08, 0xBF, 0x08, 0x08, 0x08, 0x08,
  0x08, 0x08, 0x08, 0x08, 0xFF, 0x8A, 0x80, 0x08,
  0x80, 0x08, 0x80, 0x08, 0x80, 0x08, 0x08, 0x08,
  0x08, 0x77, 0x27, 0x08, 0x17, 0x08, 0x08, 0x08,
  0x07, 0x80, 0x86, 0x80, 0x04, 0x08, 0x04, 0x08,
  0x85, 0x80, 0x80, 0x80, 0x80, 0x80, 0x17, 0x80,
  0x0E, 0x88, 0x00, 0x88, 0x8E, 0x80, 0x8C, 0x8C,
  0x80, 0x0D, 0x0C, 0x0C, 0x0B, 0x8C, 0x80, 0x8F,
  0x0A, 0x8A, 0x0B, 0x0C, 0x0C, 0x8B, 0x8B, 0x8C,
  0x80, 0x8C, 0x80, 0x8D, 0x0C, 0x0C, 0x08, 0x08,
  0x08, 0x08, 0x87, 0x00, 0x08, 0x85, 0x04, 0x08,
  0x04, 0x84, 0x84, 0x84, 0x03, 0x03, 0x84, 0x04,
  0x03, 0x04, 0x84, 0x84, 0x80, 0x04, 0x03, 0x08,
  0x05, 0x08, 0x85, 0x80, 0x80, 0x86, 0x80, 0x80,
  0x00, 0x08, 0x88, 0x00, 0x88, 0x00, 0xCF, 0x08,
  0x08, 0x08, 0x08, 0x80, 0xCF, 0x80, 0x08, 0x80,
  0x80, 0x08, 0x80, 0xEF, 0x80, 0x80, 0x80, 0x80,
  0x80, 0x80, 0x80, 0x08, 0x80, 0x08, 0x80, 0x80,
  0x80, 0x80, 0x08, 0x08, 0x08, 0x09, 0x00, 0x00,
  0x00, 0x00, 0x00, 0x00, 0x00, 0x00, 0x00, 0x00,
  0xF0, 0xFF, 0x8F, 0x80, 0x80, 0x80, 0xB7, 0xB6,
  0x08, 0x08, 0x08, 0x08, 0x08, 0x08, 0x08, 0x80,
  0x08, 0x08, 0x08, 0x08, 0x08, 0x80, 0x80, 0xFF,
  0x9F, 0x80, 0x08, 0x08, 0xF0, 0x8B, 0x3F, 0x8C,
  0x00, 0x58, 0x3B, 0x80, 0x80, 0x80, 0x8F, 0x00,
  0x08, 0xC5, 0x80, 0x80, 0x8C, 0x80, 0xD0, 0x08,
  0xD8, 0x80, 0xD0, 0xB0, 0x88, 0xD0, 0x80, 0xBC,
  0xC8, 0xBB, 0x88, 0xD0, 0x08, 0xFD, 0x70, 0x77,
  0x04, 0x08, 0x08, 0x88, 0x80, 0x08, 0x18, 0x80,
  0xA9, 0xBB, 0xAA, 0x9B, 0xAC, 0xBA, 0xBA, 0xB9,
  0xA9, 0xA8, 0x0B, 0x8B, 0x0C, 0x08, 0x08, 0x0E,
  0x08, 0x8C, 0x47, 0x34, 0x13, 0x81, 0x80, 0x80,
  0x80, 0x0B, 0x08, 0x08, 0x78, 0x08, 0xB3, 0x08,
  0x0E, 0xAC, 0x08, 0xC8, 0xC0, 0x80, 0xC0, 0xB8,
  0x88, 0x00, 0x88, 0xF0, 0xC8, 0x08, 0x84, 0xC0,
  0x80, 0x80, 0x08, 0x06, 0x88, 0x0C, 0x08, 0x58,
  0x80, 0x80, 0xE0, 0x08, 0x08, 0x85, 0xC0, 0x08,
  0x08, 0x80, 0x08, 0x80, 0x08, 0x80, 0x08, 0x80,
  0x08, 0x80, 0xB7, 0x08, 0x80, 0x80, 0x80, 0x77,
  0xF2, 0x83, 0x04, 0xBC, 0x24, 0x03, 0x8C, 0x4B,
  0x33, 0x08, 0xFC, 0x81, 0x25, 0xA0, 0xCB, 0x28,
  0x34, 0x82, 0xAA, 0x9E, 0x10, 0x34, 0x14, 0xA0,
  0xCA, 0xAE, 0x1A, 0x63, 0x34, 0x22, 0x80, 0xAC,
  0xBD, 0xDB, 0xAB, 0x9A, 0xAB, 0xCB, 0xAA, 0x9C,
  0x99, 0x80, 0xA0, 0x80, 0x80, 0x63, 0x35, 0x26,
  0x14, 0x21, 0x00, 0x99, 0x90, 0x08, 0x41, 0x32,
  0x27, 0x14, 0x33, 0x34, 0x33, 0x34, 0x43, 0x32,
  0x23, 0x12, 0x82, 0xB0, 0xBA, 0xFB, 0xBA, 0xAD,
  0xCB, 0xAA, 0x9B, 0xAC, 0xAB, 0x9D, 0xA9, 0xA8,
  0xA0, 0xB8, 0xBC, 0xC0, 0x80, 0x80, 0x80, 0x86,
  0x80, 0xD0, 0xB0, 0xC8, 0x80, 0x08, 0x35, 0x84,
  0x43, 0x80, 0x80, 0x8C, 0xBC, 0xB8, 0xBD, 0xC0,
  0xC0, 0xB0, 0x08, 0xBC, 0xC8, 0xC0, 0x80, 0x80,
  0x80, 0x80, 0x80, 0x80, 0x3F, 0x3D, 0x80, 0x85,
  0x03, 0x34, 0x84, 0x84, 0x30, 0x08, 0x0D, 0xB8,
  0x08, 0x08, 0x08, 0x08, 0x57, 0x38, 0x80, 0x34,
  0x40, 0x48, 0x80, 0x03, 0x44, 0x48, 0x08, 0x83,
  0x80, 0x50, 0x80, 0x80, 0x8D, 0x8B, 0x08, 0x08,
  0x80, 0xF8, 0xD9, 0x80, 0x80, 0x05, 0x08, 0x08,
  0xE8, 0x8B, 0x80, 0x50, 0x34, 0x08, 0x08, 0xBD,
  0x8C, 0x0B, 0x58, 0x48, 0x02, 0x83, 0x04, 0x03,
  0x44, 0x08, 0x08, 0xBD, 0xCE, 0xAD, 0xAB, 0xCC,
  0xB9, 0x9C, 0xBB, 0xCA, 0xA9, 0x99, 0x0A, 0x8A,
  0x83, 0x33, 0x34, 0x33, 0x34, 0x84, 0x24, 0x03,
  0x43, 0x43, 0x73, 0x31, 0x42, 0x25, 0x43, 0x23,
  0x25, 0x24, 0x32, 0x32, 0x33, 0x41, 0x21, 0x28,
  0xA8, 0xB0, 0xB8, 0xCC, 0xBA, 0xFB, 0x9A, 0xAC,
  0xC9, 0x9A, 0xAA, 0x8D, 0xAB, 0xA8, 0xBA, 0xB8,
  0x8C, 0xC0, 0x08, 0x0C, 0x88, 0x0C, 0x08, 0x88,
  0x00, 0x78, 0x8B, 0x00, 0x88, 0x00, 0x88, 0x00,
  0x88, 0x00, 0x88, 0x00, 0x88, 0x70, 0xD7, 0x80,
  0x80, 0x80, 0x80, 0x80, 0x80, 0x47, 0xF0, 0x08,
  0x08, 0x80, 0x08, 0x70, 0x08, 0x08, 0x80, 0x08,
  0x80, 0x08, 0x80, 0x08, 0x70, 0x85, 0x80, 0x8F,
  0x80, 0x80, 0x00, 0x8F, 0x80, 0x80, 0x00, 0x88,
  0x00, 0x88, 0x00, 0x88, 0x00, 0x78, 0x87, 0x80,
  0x80, 0x0F, 0xC8, 0x80, 0x08, 0xD8, 0x80, 0xD0,
  0x08, 0x8C, 0x80, 0x80, 0x80, 0x80, 0x80, 0x80,
  0x80, 0x80, 0x80, 0x80, 0x77, 0x00, 0x87, 0x30,
  0x85, 0x03, 0x03, 0x84, 0x04, 0x08, 0x08, 0x8D,
  0xBC, 0xAC, 0xDC, 0x9C, 0xCB, 0x9B, 0x9C, 0x9C,
  0x9B, 0xA0, 0x8A, 0x8A, 0x80, 0x80, 0x68, 0x08,
  0x30, 0x50, 0x08, 0x34, 0x40, 0x33, 0x44, 0x32,
  0x73, 0x14, 0x33, 0x34, 0x25, 0x42, 0x32, 0x32,
  0x24, 0x23, 0x23, 0x22, 0x30, 0x08, 0x08, 0xD8,
  0xC8, 0x0B, 0xBC, 0xEC, 0xB8, 0xAA, 0xBA, 0xBB,
  0xDB, 0xBA, 0xCB, 0x0B, 0xBC, 0x0B, 0x8C, 0x8B,
  0x8C, 0x0C, 0x08, 0xD8, 0x80, 0x80, 0x80, 0x80,
  0x80, 0x80, 0x80, 0x80, 0x80, 0x70, 0x87, 0x80,
  0x80, 0x80, 0x80, 0x80, 0x80, 0x80, 0x80, 0x80,
  0x80, 0x80, 0xFF, 0x8C, 0x70, 0x0B, 0x88, 0x87,
  0x80, 0x80, 0x80, 0x80, 0x80, 0x80, 0x80, 0x00,
  0x88, 0x00, 0x88, 0x00, 0x88, 0xFF, 0x8B, 0x80,
  0x80, 0x80, 0xDF, 0x80, 0x80, 0x80, 0x80, 0xF0,
  0x0B, 0x08, 0x08, 0x08, 0x08, 0x80, 0x08, 0xB7,
  0x27, 0x80, 0x08, 0x80, 0x17, 0x80, 0x07, 0x48,
  0x08, 0x08, 0x04, 0x08, 0x88, 0x70, 0x08, 0x08,
  0x08, 0x05, 0x08, 0x85, 0x84, 0x30, 0x40, 0x80,
  0x50, 0xB8, 0x08, 0xD8, 0x0C, 0xCB, 0x9E, 0xAA,
  0xCC, 0xC9, 0x9A, 0x9C, 0x9B, 0xCA, 0xA9, 0xAA,
  0xAA, 0xB8, 0xC0, 0xB8, 0x88, 0xD0, 0x08, 0x08,
  0x05, 0x58, 0x38, 0x40, 0x43, 0x33, 0x27, 0x43,
  0x23, 0x26, 0x23, 0x43, 0x32, 0x43, 0x41, 0x31,
  0x21, 0x01, 0x32, 0x08, 0x08, 0x08, 0x0E, 0x0C,
  0xBB, 0x0C, 0xAC, 0xBB, 0xC8, 0xCB, 0x0B, 0x8B,
  0x8C, 0x0C, 0x0C, 0x88, 0x00, 0x3D, 0x08, 0x08,
  0x08, 0x70, 0x08, 0x40, 0x08, 0x08, 0x05, 0x08,
  0x08, 0x08, 0x08, 0x08, 0x08, 0x08, 0x08, 0x08,
  0x80, 0xFF, 0x09, 0x88, 0x8F, 0x08, 0x0E, 0x08,
  0xC8, 0x08, 0x08, 0x08, 0x08, 0xF8, 0x88, 0x80,
  0x80, 0x08, 0x80, 0xF0, 0x8A, 0x80, 0x80, 0x80,
  0x80, 0x80, 0xDF, 0x80, 0x80, 0x80, 0x80, 0x80,
  0x80, 0xDF, 0x80, 0x80, 0x80, 0x80, 0x80, 0x80,
  0x80, 0x80, 0x80, 0x80, 0x80, 0x80, 0x80, 0x70,
  0x77, 0x72, 0x80, 0x50, 0x08, 0x58, 0x08, 0x08,
  0x08, 0x05, 0x08, 0x08, 0x78, 0x80, 0x08, 0x80,
  0x05, 0x58, 0x08, 0x08, 0x04, 0x08, 0xD8, 0x08,
  0xD8, 0x0B, 0xCC, 0xBA, 0xCB, 0xFB, 0x99, 0x9C,
  0xBA, 0xAA, 0xAD, 0xA9, 0xAA, 0xAB, 0xAC, 0x8B,
  0xCB, 0xB8, 0x08, 0x8D, 0x80, 0x50, 0x08, 0x34,
  0x70, 0x40, 0x41, 0x41, 0x22, 0x33, 0x64, 0x21,
  0x32, 0x32, 0x24, 0x33, 0x42, 0x32, 0x22, 0x02,
  0x83, 0x84, 0x80, 0x80, 0xE0, 0xC0, 0xB0, 0xCB,
  0xF0, 0x98, 0x9A, 0x8A, 0xBA, 0xAC, 0xB8, 0xC0,
  0x8B, 0x0C, 0x8C, 0xC0, 0x80, 0x8B, 0x80, 0xE0,
  0x08, 0x08, 0xD8, 0x08, 0x80, 0x08, 0x3F, 0x8B,
  0x80, 0x0D, 0x08, 0xD8, 0x80, 0x0C, 0x08, 0x0D,
  0x08, 0x8C, 0x80, 0xD0, 0x08, 0x08, 0x08, 0xE8,
  0x08, 0xB4, 0x08, 0x08, 0x08, 0x08, 0x07, 0x80,
  0x80, 0x80, 0x80, 0x80, 0x27, 0x80, 0x80, 0x70,
  0x81, 0x60, 0x08, 0x08, 0x85, 0x40, 0x08, 0x84,
  0x80, 0x85, 0x40, 0x08, 0x08, 0x84, 0x00, 0x58,
  0x80, 0x80, 0x80, 0x07, 0x88, 0x80, 0x00, 0x08,
  0x88, 0x17, 0x08, 0x08, 0x08, 0x08, 0xF8, 0x59,
  0x3C, 0x4B, 0x3B, 0x80, 0x08, 0x80, 0xB7, 0x03,
  0x08, 0x08, 0x08, 0xF8, 0x08, 0x0D, 0xAC, 0xB8,
  0xAC, 0xAC, 0xBB, 0xBC, 0xCB, 0xEB, 0xAA, 0xAA,
  0xBA, 0xCB, 0x8E, 0xA9, 0xAA, 0x0B, 0xCB, 0x08,
  0x0C, 0x08, 0x08, 0x08, 0x06, 0x43, 0x43, 0x33,
  0x73, 0x52, 0x22, 0x33, 0x25, 0x43, 0x32, 0x43,
  0x41, 0x22, 0x13, 0x22, 0x23, 0x33, 0x40, 0x08,
  0x08, 0x08, 0x0F, 0xB8, 0xD0, 0x8A, 0xBB, 0x8C,
  0xCB, 0x0C, 0xBB, 0x0C, 0xAC, 0xB8, 0xC0, 0x8B,
  0x8C, 0xC0, 0x80, 0x0C, 0x08, 0x0D, 0x88, 0x00,
  0x8D, 0x80, 0x80, 0x80, 0x80, 0xF0, 0x83, 0xE0,
  0xB3, 0x48, 0x80, 0x0C, 0x08, 0x08, 0x08, 0x08,
  0x08, 0x17, 0x08, 0x08, 0x08, 0x08, 0x80, 0x08,
  0x47, 0x08, 0x80, 0x08, 0x08, 0x80, 0x08, 0x80,
  0x08, 0x80, 0x08, 0x08, 0x08, 0x08, 0xF0, 0xFF,
  0x0B, 0x80, 0x80, 0x08, 0x80, 0x80, 0x80, 0x80,
  0x3F, 0x3F, 0x9F, 0x80, 0x80, 0x80, 0x08, 0x08,
  0xF0, 0x7B, 0x8B, 0x80, 0x80, 0x80, 0x80, 0x8F,
  0x08, 0x88, 0x00, 0x88, 0x80, 0x00, 0x88, 0x70,
  0x86, 0x80, 0x70, 0x80, 0x80, 0x80, 0x80, 0x08,
  0x80, 0x08, 0xF0, 0x8B, 0x8F, 0x8C, 0xCB, 0xB8,
  0xC8, 0x0C, 0xCB, 0xC0, 0x8A, 0xCB, 0xB0, 0x0C,
  0xAC, 0xB8, 0xC0, 0xB8, 0x88, 0x8C, 0x80, 0x80,
  0x80, 0x07, 0x04, 0x43, 0x70, 0x21, 0x42, 0x42,
  0x41, 0x41, 0x12, 0x24, 0x32, 0x14, 0x41, 0x21,
  0x23, 0x82, 0x33, 0x48, 0x80, 0x48, 0x0B, 0x08,
  0xD8, 0xC8, 0xC0, 0xC0, 0xBA, 0xB8, 0xBC, 0xC8,
  0x0B, 0xCC, 0xB0, 0xB8, 0x8C, 0x8B, 0x0C, 0xC8,
  0x08, 0x0D, 0xB8, 0x08, 0x88, 0xF0, 0x80, 0x80,
  0x80, 0x80, 0x08, 0x80, 0x08, 0x80, 0x08, 0x80,
  0x80, 0x80, 0x80, 0x80, 0x08, 0x08, 0x08, 0x08,
  0x08, 0x08, 0x00, 0x00, 0x00, 0x00, 0x77, 0xD7,
  0x07, 0x80, 0x00, 0x88, 0x8F, 0x80, 0x80, 0x80,
  0x80, 0x80, 0x80, 0x80, 0xF8, 0x0D, 0x08, 0x08,
  0xF8, 0x09, 0x08, 0x08, 0x08, 0x08, 0x08, 0x08,
  0xF8, 0x03, 0x08, 0x08, 0x88, 0x80, 0x70, 0x7B,
  0x83, 0x80, 0x70, 0x81, 0x80, 0x80, 0x70, 0x00,
  0x08, 0x78, 0x80, 0x80, 0x04, 0x08, 0x85, 0x80,
  0x85, 0x80, 0x40, 0x80, 0x80, 0x80, 0xF0, 0x08,
  0x8C, 0xC0, 0xB8, 0x8C, 0xCB, 0xB8, 0xBC, 0xBC,
  0xCB, 0xBB, 0xCB, 0xCB, 0xBB, 0xB8, 0xBD, 0xCB,
  0xB0, 0xBC, 0xC0, 0xC0, 0x80, 0x0B, 0x08, 0x68,
  0x38, 0x40, 0x30, 0x34, 0x64, 0x21, 0x14, 0x42,
  0x41, 0x41, 0x22, 0x41, 0x31, 0x12, 0x23, 0x32,
  0x30, 0x40, 0x40, 0x08, 0x08, 0xD8, 0x08, 0xD8,
  0x80, 0x0C, 0x0C, 0x0C, 0xB8, 0xC0, 0x08, 0x8C,
  0xC0, 0x08, 0xC8, 0x80, 0x08, 0x80, 0x80, 0x08,
  0x80, 0x08, 0x80, 0x08, 0x08, 0x08, 0x08, 0x77,
  0x03, 0x08, 0x08, 0x08, 0x08, 0x08, 0x08, 0x88,
  0xF0, 0xCF, 0x08, 0x08, 0x80, 0x08, 0xCF, 0x80,
  0x80, 0x08, 0x08, 0x80, 0xCF, 0x80, 0x08, 0x80,
  0x80, 0xF8, 0x8B, 0x00, 0x88, 0x00, 0x3F, 0x8F,
  0x80, 0x80, 0xE0, 0xC3, 0x80, 0x80, 0x80, 0x80,
  0x80, 0x80, 0x80, 0x00, 0x88, 0x00, 0x88, 0x00,
  0x88, 0x80, 0x80, 0x80, 0x00, 0x08, 0x78, 0xC7,
  0x57, 0x80, 0x80, 0x17, 0x08, 0x08, 0x06, 0x08,
  0x68, 0x08, 0x48, 0x80, 0x80, 0x05, 0x08, 0x08,
  0x88, 0x00, 0x88, 0x80, 0xAF, 0x80, 0x8F, 0x8B,
  0xCC, 0xB0, 0x0C, 0xAC, 0xBB, 0xBC, 0xCB, 0xB0,
  0x8F, 0x9A, 0xBA, 0xBA, 0x8B, 0xBC, 0xC0, 0x0C,
  0x0B, 0xC8, 0x80, 0x08, 0x80, 0x06, 0x03, 0x34,
  0x25, 0x33, 0x64, 0x41, 0x41, 0x31, 0x41, 0x13,
  0x34, 0x41, 0x11, 0x14, 0x12, 0x22, 0x38, 0x83,
  0x84, 0x00, 0x08, 0x88, 0xF0, 0xB3, 0xC8, 0xC0,
  0xC0, 0xB0, 0xB8, 0xC8, 0xC0, 0xB8, 0xC8, 0xC8,
  0xC0, 0xC0, 0x80, 0x0B, 0xC8, 0xC8, 0x80, 0xD0,
  0x80, 0xC0, 0x08, 0x08, 0x8D, 0x80, 0xD0, 0x80,
  0x08, 0xE0, 0x80, 0x08, 0x80, 0xE8, 0x80, 0x80,
  0x80, 0x80, 0x8F, 0x80, 0x00, 0x88, 0x00, 0xF8,
  0x09, 0x80, 0x08, 0x80, 0x08, 0x08, 0x80, 0x08,
  0xF0, 0x83, 0x80, 0x80, 0x80, 0x80, 0x70, 0x17,
  0x08, 0x07, 0x80, 0x50, 0x08, 0x04, 0x08, 0x85,
  0x80, 0x85, 0x80, 0x04, 0x08, 0x04, 0x08, 0x08,
  0x86, 0x80, 0x80, 0x80, 0x80, 0x07, 0x80, 0x80,
  0x80, 0x80, 0x80, 0x80, 0x70, 0x03, 0x08, 0x08,
  0x08, 0x08, 0x78, 0x7B, 0x81, 0x0D, 0x88, 0x00,
  0x88, 0x0F, 0xC8, 0xC0, 0xB8, 0xC0, 0x8B, 0xBC,
  0xB8, 0xBD, 0xCB, 0xB0, 0xBC, 0xCB, 0xCA, 0xB0,
  0xCB, 0xBB, 0xD0, 0x8A, 0x0B, 0x8C, 0x8B, 0xD0,
  0x08, 0x08, 0x68, 0x08, 0x43, 0x30, 0x44, 0x62,
  0x12, 0x42, 0x42, 0x41, 0x41, 0x31, 0x41, 0x11,
  0x14, 0x12, 0x22, 0x32, 0x38, 0x40, 0x48, 0x80,
  0x08, 0x80, 0x08, 0x0F, 0xB8, 0xC8, 0xC8, 0x80,
  0xBC, 0xC8, 0xC0, 0xB0, 0x8C, 0x0B, 0x8C, 0x8B,
  0xD0, 0xB8, 0x08, 0x0D, 0xC8, 0x08, 0xD0, 0x80,
  0x80, 0x08, 0x80, 0x0F, 0x08, 0x08, 0x88, 0x00,
  0x78, 0x0B, 0x58, 0x08, 0x08, 0x08, 0x80, 0x08,
  0x80, 0x80, 0x08, 0x80, 0x08, 0x77, 0x80, 0x80,
  0x80, 0x80, 0x80, 0x80, 0x80, 0x80, 0x80, 0x80,
  0x80, 0x00, 0x08, 0x08, 0x08, 0x08, 0x08, 0xFF,
  0xF4, 0x8F, 0x80, 0x80, 0x80, 0x80, 0x80, 0x80,
  0x80, 0x80, 0x80, 0xF0, 0xAF, 0x08, 0x08, 0x08,
  0x08, 0x88, 0x00, 0xF8, 0x9F, 0x80, 0x08, 0x80,
  0x08, 0x80, 0x08, 0x77, 0x08, 0x08, 0x08, 0x08,
  0x08, 0x08, 0x80, 0x08, 0x08, 0x08, 0xFF, 0x0A,
  0xF8, 0x88, 0x0D, 0x0C, 0xC8, 0xB0, 0xC8, 0xC0,
  0x0B, 0x0C, 0x0C, 0x8B, 0x8B, 0x0C, 0x0D, 0x8B,
  0x8B, 0xD0, 0x80, 0x0C, 0x88, 0x80, 0x00, 0x88,
  0x07, 0x04, 0x43, 0x30, 0x34, 0x34, 0x43, 0x16,
  0x42, 0x21, 0x14, 0x42, 0x21, 0x22, 0x62, 0x28,
  0x21, 0x02, 0x02, 0x83, 0x80, 0x00, 0xB6, 0x08,
  0x88, 0x0D, 0xC8, 0xC8, 0xC0, 0xC0, 0xB0, 0xB8,
  0xC8, 0xB8, 0xD8, 0xC0, 0xB8, 0xC0, 0x08, 0x8C,
  0xC0, 0x80, 0x0C, 0x88, 0x0C, 0x08, 0x88, 0x00,
  0x8F, 0x80, 0x80, 0x08, 0x80, 0x80, 0x08, 0x80,
  0x08, 0x80, 0x80, 0x80, 0x80, 0x80, 0x08, 0x78,
  0x7B, 0x7B, 0x84, 0xF0, 0x03, 0x88, 0x00, 0x08,
  0x88, 0x00, 0x88, 0xAF, 0x08, 0x08, 0x08, 0x88,
  0x00, 0x88, 0x00, 0xF8, 0xF3, 0x8B, 0x80, 0x80,
  0x80, 0x80, 0x80, 0x80, 0x80, 0x80, 0x80, 0x80,
  0x80, 0x80, 0x80, 0x80, 0x90, 0x00, 0x00, 0x77,
  0x77, 0x80, 0x70, 0x00, 0x08, 0x85, 0x00, 0x58,
  0x80, 0x80, 0x86, 0x80, 0x40, 0x80, 0x80, 0x80,
  0x80, 0x80, 0x80, 0x80, 0xBF, 0x08, 0x9F, 0x0C,
  0xC8, 0xC8, 0x8B, 0x8B, 0xBD, 0xC8, 0xBB, 0xC8,
  0xBC, 0x0B, 0xCC, 0x8A, 0xBB, 0x8C, 0xCB, 0xB8,
  0x8C, 0x8B, 0xD0, 0x08, 0xC8, 0x48, 0x80, 0x40,
  0x40, 0x48, 0x33, 0x03, 0x37, 0x22, 0x23, 0x54,
  0x22, 0x31, 0x25, 0x22, 0x22, 0x03, 0x43, 0x03,
  0x84, 0x04, 0x88, 0x00, 0x04, 0xD8, 0xB3, 0x08,
  0x80, 0x8E, 0x80, 0x0C, 0xC8, 0x08, 0x0D, 0x08,
  0xC8, 0x08, 0x08, 0x0E, 0x08, 0x08, 0x08, 0x08,
  0x08, 0x08, 0x08, 0x08, 0x08, 0x08, 0x08, 0x08,
  0x08, 0x08, 0xB7, 0xB7, 0x80, 0x80, 0x08, 0x80,
  0x08, 0x80, 0x80, 0xF0, 0xF3, 0x9F, 0x08, 0x80,
  0x08, 0xF0, 0x0B, 0x08, 0x08, 0x08, 0xF8, 0xF3,
  0x08, 0x08, 0x08, 0x08, 0x08, 0x80, 0x3F, 0x8D,
  0x80, 0x80, 0x80, 0x80, 0x80, 0x3F, 0x8D, 0x80,
  0x80, 0x80, 0x80, 0x80, 0x80, 0x80, 0x80, 0x80,
  0x80, 0x80, 0x08, 0x78, 0x57, 0x80, 0x80, 0x17,
  0x08, 0x80, 0x07, 0x08, 0x04, 0x88, 0x50, 0x80,
  0x80, 0x86, 0x80, 0x80, 0x00, 0x88, 0x80, 0x00,
  0x88, 0xF0, 0x8B, 0x8F, 0x0C, 0xC8, 0xC0, 0xB8,
  0xC0, 0x8B, 0xBC, 0x0C, 0xCB, 0x0B, 0xBC, 0xCB,
  0xB0, 0xBC, 0xC0, 0x0B, 0xBC, 0xC0, 0xB0, 0xC8,
  0x80, 0x08, 0x80, 0x08, 0x70, 0x40, 0x48, 0x33,
  0x24, 0x24, 0x33, 0x64, 0x21, 0x42, 0x42, 0x21,
  0x22, 0x15, 0x22, 0x22, 0x02, 0x43, 0x38, 0x40,
  0x08, 0x84, 0x80, 0x80, 0x80, 0x8E, 0xC0, 0x08,
  0xD8, 0xC0, 0x80, 0x0C, 0x8B, 0xD0, 0xC0, 0x80,
  0x0B, 0x8C, 0x80, 0x8C, 0xD0, 0x80, 0xC0, 0x08,
  0xC8, 0x80, 0x08, 0x8D, 0x80, 0x80, 0x0E, 0x08,
  0xD8, 0x80, 0x80, 0xE0, 0x80, 0x08, 0x80, 0x8D,
  0x80, 0xE0, 0xB3, 0x08, 0x08, 0x08, 0x0F, 0x88,
  0x00, 0x88, 0x00, 0x88, 0x00, 0x88, 0x00, 0x88,
  0x80, 0x80, 0x80, 0x80, 0x70, 0x57, 0x80, 0x80,
  0x17, 0x08, 0x78, 0x80, 0x80, 0x40, 0x80, 0x50,
  0x80, 0x50, 0x08, 0x08, 0x68, 0x08, 0x08, 0x04,
  0x08, 0x08, 0x86, 0x80, 0x80, 0x86, 0x80, 0x40,
  0x80, 0x80, 0x80, 0x07, 0x88, 0x80, 0x00, 0x08,
  0x78, 0x8B, 0x00, 0x88, 0x00, 0x8F, 0x08, 0x8D,
  0xC0, 0x08, 0x8C, 0x8B, 0xCC, 0xB0, 0xC8, 0x8B,
  0xDB, 0x0B, 0xBC, 0xC0, 0xBB, 0x8B, 0xCC, 0x0B,
  0xBC, 0xC0, 0x0B, 0x0C, 0x8B, 0x0C, 0x08, 0x0D,
  0x48, 0x08, 0x48, 0x80, 0x34, 0x34, 0x83, 0x27,
  0x22, 0x23, 0x26, 0x21, 0x24, 0x22, 0x15, 0x12,
  0x23, 0x32, 0x30, 0x04, 0x03, 0x04, 0x48, 0x80,
  0x80, 0x80, 0xF0, 0x08, 0x08, 0x8D, 0x8B, 0xD0,
  0xC0, 0xB8, 0x80, 0x8C, 0xC0, 0xC8, 0xC0, 0x80,
  0x0C, 0x08, 0x8C, 0x80, 0x0C, 0x08, 0x88, 0xF0,
  0x80, 0x80, 0x80, 0x80, 0x08, 0x08, 0x80, 0xAF,
  0xB6, 0xC3, 0x80, 0x80, 0x80, 0x00, 0x88, 0x00,
  0x78, 0x6B, 0x8B, 0x40, 0x80, 0x80, 0x80, 0x80,
  0x80, 0x80, 0x80, 0x08, 0x80, 0x80, 0x80, 0x80,
  0x80, 0x08, 0x08, 0x08, 0xF8, 0xF3, 0xDF, 0x08,
  0x80, 0x08, 0x80, 0x08, 0x80, 0x80, 0xFF, 0x88,
  0x80, 0x80, 0x80, 0x08, 0x80, 0x08, 0x08, 0x08,
  0x08, 0x08, 0x80, 0x80, 0x80, 0x80, 0x77, 0x47,
  0x80, 0x80, 0x80, 0x80, 0x80, 0x80, 0x00, 0x88,
  0x80, 0x80, 0xF0, 0xF3, 0xAF, 0x80, 0x8F, 0xD8,
  0x80, 0x0C, 0xC8, 0xC0, 0x80, 0x0C, 0x8B, 0x0C,
  0x0C, 0x0C, 0x8B, 0x8B, 0x8C, 0x0C, 0x0C, 0x8B,
  0xD0, 0x80, 0x0C, 0x08, 0x08, 0x08, 0x08, 0x07,
  0x48, 0x30, 0x04, 0x43, 0x43, 0x33, 0x53, 0x32,
  0x17, 0x12, 0x22, 0x32, 0x86, 0x22, 0x22, 0x83,
  0x43, 0x30, 0x08, 0x04, 0x88, 0x00, 0x88, 0x00,
  0x88, 0x9F, 0xE8, 0x80, 0x0C, 0xC8, 0xC0, 0xC0,
  0x80, 0x0B, 0x8C, 0x3B, 0x0C, 0x8C, 0xC0, 0x08,
  0x08, 0x8D, 0x80, 0xD0, 0x80, 0x08, 0x08, 0x80,
  0x3F, 0x0C, 0x08, 0x08, 0x08, 0x08, 0x08, 0x80,
  0x80, 0x08, 0x80, 0x08, 0x80, 0x08, 0x80, 0x80,
  0x80, 0x80, 0x08, 0x08, 0x08, 0x09, 0x00, 0x00,
  0x00, 0x00, 0xF0, 0xF2, 0xFF, 0x09, 0x88, 0x00,
  0x88, 0xBF, 0x08, 0x80, 0x08, 0x80, 0x08, 0x80,
  0xFF, 0x08, 0x08, 0x08, 0x08, 0x08, 0x08, 0x08,
  0x57, 0x80, 0x80, 0x80, 0x70, 0x6B, 0x08, 0x80,
  0x85, 0x80, 0x50, 0x08, 0x08, 0x85, 0x80, 0x00,
  0x68, 0x80, 0x08, 0x85, 0x80, 0x00, 0x88, 0x00,
  0x88, 0xF0, 0x89, 0x80, 0x8F, 0x80, 0x8C, 0xC0,
  0xC8, 0xC0, 0xC0, 0x8A, 0x0B, 0xCC, 0x8A, 0xBB,
  0x8C, 0xCB, 0xB8, 0x8C, 0xCB, 0xB8, 0x8C, 0x8B,
  0x8C, 0xD0, 0x80, 0x80, 0x80, 0x80, 0x80, 0x07,
  0x34, 0x40, 0x48, 0x33, 0x43, 0x24, 0x33, 0x34,
  0x33, 0x44, 0x68, 0x10, 0x22, 0x02, 0x83, 0x84,
  0x30, 0x80, 0x50, 0x80, 0x80, 0x80, 0xF0, 0x08,
  0x08, 0x08, 0x8E, 0x80, 0xD0, 0x08, 0x08, 0x80,
  0x8E, 0x80, 0x00, 0x88, 0x00, 0x88, 0x00, 0x88,
  0x00, 0x88, 0x00, 0x88, 0x00, 0x08, 0x08, 0x08,
  0x88, 0x80, 0x80, 0x90, 0x00, 0x00, 0x00, 0x00,
  0x00, 0x00, 0x00, 0x00, 0x00, 0x00, 0x00, 0x00,
  0xFF, 0xFF, 0x08, 0x08, 0x08, 0xF8, 0x0A, 0x88,
  0x00, 0xF8, 0x89, 0x80, 0x08, 0xF0, 0x89, 0x80,
  0x80, 0x80, 0x9F, 0x80, 0x80, 0x80, 0x80, 0x80,
  0xF0, 0x83, 0x80, 0x80, 0x80, 0x00, 0x88, 0x00,
  0x88, 0x70, 0x27, 0x80, 0x80, 0x70, 0x83, 0x80,
  0x07, 0x00, 0x68, 0x80, 0x08, 0x80, 0x06, 0x88,
  0x80, 0x00, 0x06, 0x08, 0x08, 0x3F, 0x8B, 0x80,
  0x80, 0x8D, 0x00, 0x8D, 0xC0, 0xB8, 0xC8, 0xC8,
  0xC0, 0x0B, 0xBC, 0xC0, 0x0B, 0xDB, 0x8A, 0xBB,
  0xC8, 0x0C, 0xAC, 0xB8, 0xC0, 0xB8, 0x88, 0xD0,
  0x08, 0x08, 0x08, 0x06, 0x58, 0x38, 0x04, 0x33,
  0x34, 0x34, 0x43, 0x33, 0x43, 0x73, 0x12, 0x22,
  0x23, 0x83, 0x34, 0x03, 0x34, 0x48, 0x80, 0x04,
  0x08, 0x04, 0x08, 0x88, 0xF0, 0xB3, 0x08, 0x08,
  0x0E, 0xB8, 0x08, 0x88, 0x0E, 0x0C, 0x08, 0xC8,
  0x08, 0x0D, 0x08, 0x8C, 0x80, 0x8C, 0x80, 0xD0,
  0x08, 0xD8, 0x80, 0x80, 0x0D, 0x08, 0x08, 0x0E,
  0x08, 0x08, 0x8D, 0x80, 0x80, 0x80, 0x0F, 0x08,
  0x08, 0x08, 0x08, 0x8F, 0x80, 0x80, 0x80, 0x80,
  0x80, 0xF8, 0xD3, 0xB3, 0x88, 0xB6, 0xB3, 0x08,
  0x08, 0x86, 0x80, 0x80, 0x80, 0x00, 0x88, 0x00,
  0x78, 0x83, 0x80, 0x08, 0x08, 0x37, 0x08, 0x88,
  0x00, 0x27, 0x08, 0x08, 0x78, 0x01, 0x08, 0x78,
  0x80, 0x80, 0x80, 0x06, 0x08, 0x08, 0x68, 0x80,
  0x08, 0x50, 0x08, 0x08, 0x80, 0x80, 0x07, 0x80,
  0x80, 0x80, 0x08, 0x9F, 0x00, 0xE8, 0x08, 0xD0,
  0x80, 0x0C, 0x8B, 0x0C, 0x0C, 0x0C, 0xBB, 0xC8,
  0xC0, 0x0B, 0xBC, 0x0B, 0x8C, 0xCB, 0xB8, 0xCC,
  0x80, 0xBB, 0x08, 0x8D, 0xC0, 0x08, 0x08, 0x08,
  0x08, 0x07, 0x03, 0x04, 0x34, 0x48, 0x43, 0x33,
  0x34, 0x33, 0x34, 0x34, 0x43, 0x33, 0x43, 0x30,
  0x34, 0x40, 0x03, 0x58, 0x38, 0x80, 0x80, 0xB6,
  0x03, 0x08, 0x8D, 0x00, 0x88, 0x0D, 0x88, 0x8C,
  0xD0, 0x08, 0x8C, 0xC0, 0x08, 0xD0, 0x80, 0x80,
  0x8C, 0x80, 0x0D, 0x08, 0xD8, 0xB3, 0x08, 0x08,
  0x08, 0x8F, 0x80, 0x80, 0x80, 0x80, 0x80, 0x80,
  0xAF, 0x80, 0x80, 0x08, 0x80, 0x08, 0x80, 0x08,
  0x80, 0x08, 0x80, 0x80, 0x80, 0xB7, 0x08, 0x08,
  0x80, 0x80, 0x80, 0x80, 0xF0, 0xFF, 0x8D, 0x80,
  0x80, 0xF0, 0x0B, 0x08, 0x08, 0xF8, 0xE3, 0x80,
  0x80, 0x80, 0x8E, 0x80, 0x00, 0x88, 0x8E, 0x80,
  0x80, 0x00, 0x08, 0xF8, 0xD3, 0x8B, 0x77, 0x25,
  0x13, 0x18, 0x08, 0x08, 0x81, 0x89, 0x80, 0x20,
  0x80, 0x84, 0x03, 0xBC, 0xC8, 0xBB, 0x8C, 0x8B,
  0xCC, 0xC0, 0x8A, 0x0B, 0x8C, 0x8B, 0xCC, 0xC0,
  0xB0, 0xB8, 0xC8, 0x0C, 0xCB, 0xC0, 0xB0, 0x8B,
  0xBC, 0x0C, 0xCB, 0xC0, 0xB0, 0x8B, 0xBC, 0x08,
  0x8C, 0xD0, 0x80, 0x80, 0x8C, 0x04, 0x08, 0x04,
  0x48, 0x40, 0x03, 0x53, 0x33, 0x24, 0x24, 0x03,
  0x27, 0x21, 0x22, 0x83, 0x43, 0x33, 0x84, 0x03,
  0x84, 0x84, 0x84, 0x30, 0x08, 0x08, 0x08, 0x3F,
  0x8B, 0x80, 0x80, 0x0E, 0x08, 0x0D, 0x08, 0x8C,
  0x80, 0x8C, 0xD0, 0x80, 0x8B, 0x80, 0x80, 0x0F,
  0x08, 0x8C, 0x80, 0x80, 0x80, 0x8E, 0x80, 0x80,
  0x80, 0x80, 0x80, 0x80, 0x80, 0xCF, 0x60, 0x80,
  0x80, 0x80, 0xF0, 0x08, 0x48, 0x4B, 0xB8, 0x08,
  0xB5, 0x08, 0x88, 0x00, 0x88, 0xB7, 0x80, 0x80,
  0x80, 0x80, 0x80, 0x80, 0x80, 0x80, 0x80, 0x80,
  0x80, 0x08, 0x08, 0x08, 0xFF, 0x85, 0x70, 0x8B,
  0xF0, 0x80, 0x80, 0x04, 0x58, 0x08, 0x0C, 0x8B,
  0x08, 0x68, 0x83, 0x84, 0x30, 0x4B, 0x0C, 0x8B,
  0x0C, 0x03, 0x44, 0x16, 0x22, 0x82, 0x80, 0xC0,
  0xBB, 0xF8, 0xAA, 0xAA, 0xA8, 0x0C, 0xBB, 0xBC,
  0xC0, 0xBB, 0x8B, 0xCC, 0xC0, 0x80, 0x0B, 0x8C,
  0x8B, 0x8C, 0xD0, 0x30, 0x80, 0x08, 0x05, 0xC8,
  0x08, 0xCC, 0xC0, 0xBA, 0xB8, 0x08, 0xD8, 0x03,
  0x40, 0x40, 0x40, 0x33, 0x44, 0x32, 0x73, 0x12,
  0x24, 0x41, 0x32, 0x22, 0x25, 0x21, 0x22, 0x33,
  0x83, 0x34, 0x80, 0x85, 0x30, 0x00, 0x88, 0x00,
  0x88, 0xF0, 0x09, 0x08, 0x8F, 0x80, 0x8B, 0xD8,
  0xC0, 0x08, 0x8C, 0x8B, 0xD0, 0xB8, 0x08, 0x8D,
  0x80, 0x8C, 0xC0, 0x08, 0xD8, 0x80, 0xD0, 0x80,
  0x80, 0x80, 0xF0, 0x80, 0x80, 0x80, 0x80, 0x80,
  0x80, 0x80, 0x80, 0x08, 0x80, 0x08, 0x80, 0x08,
  0x80, 0x80, 0x80, 0x80, 0x08, 0x08, 0x08, 0x09,
  0x00, 0x00, 0x00, 0x00, 0x00, 0x00, 0x2F, 0x3F,
  0xFF, 0x8A, 0x80, 0x80, 0x80, 0x80, 0x80, 0x3F,
  0x3F, 0x08, 0x8F, 0x80, 0x80, 0x80, 0x80, 0x80,
  0x80, 0x00, 0x88, 0x00, 0x88, 0x00, 0x88, 0xB7,
  0x67, 0x08, 0x08, 0x78, 0x00, 0x08, 0x08, 0x08,
  0x07, 0x40, 0x08, 0x08, 0x78, 0x3B, 0x80, 0x80,
  0x80, 0x80, 0x80, 0x08, 0x80, 0xF8, 0x8B, 0x00,
  0x88, 0xAF, 0xF0, 0xC0, 0x80, 0x0B, 0x8C, 0x8B,
  0x8C, 0xD0, 0x0B, 0xBC, 0x0B, 0x8C, 0xCB, 0xB8,
  0x08, 0x8D, 0xC0, 0xB8, 0x08, 0x8D, 0x8B, 0x80,
  0x00, 0x88, 0x07, 0x04, 0x03, 0x44, 0x83, 0x34,
  0x33, 0x34, 0x34, 0x43, 0x33, 0x48, 0x30, 0x80,
  0x05, 0x08, 0x08, 0x88, 0xF0, 0x08, 0xC8, 0x08,
  0x8C, 0x80, 0x0D, 0xC8, 0x80, 0x80, 0x80, 0x80,
  0xF0, 0xC3, 0xC3, 0x80, 0x80, 0x80, 0x00, 0x88,
  0x00, 0x88, 0x00, 0x88, 0x00, 0x78, 0x07, 0x05,
  0x84, 0x84, 0x03, 0x04, 0x43, 0x30, 0x04, 0x03,
  0x84, 0x04, 0x03, 0x40, 0x80, 0x80, 0x80, 0x80,
  0xF0, 0x89, 0xE0, 0x08, 0xD0, 0x80, 0x0C, 0xB8,
  0x08, 0x8D, 0xC0, 0x80, 0x8C, 0x00, 0x0D, 0xC8,
  0x80, 0x80, 0x0C, 0x88, 0x00, 0x0F, 0x08, 0x08,
  0x08, 0xE8, 0x80, 0x80, 0x08, 0x80, 0x08, 0x80,
  0x80, 0x08, 0x80, 0x08, 0x80, 0x78, 0x27, 0x08,
  0x08, 0x17, 0x80, 0x70, 0x80, 0x80, 0x50, 0x80,
  0x08, 0x05, 0x08, 0x08, 0x86, 0x80, 0x00, 0x88,
  0x00, 0xF8, 0x09, 0x80, 0x08, 0x8F, 0xC0, 0x08,
  0x8C, 0x8B, 0x0C, 0x8C, 0x8B, 0x8C, 0x0C, 0x0C,
  0xAC, 0xB8, 0xC0, 0xB8, 0x8C, 0x8B, 0x8C, 0x0C,
  0x0C, 0x0C, 0xB8, 0x80, 0x80, 0xF0, 0x83, 0x80,
  0x80, 0x05, 0x48, 0x30, 0x04, 0x43, 0x30, 0x34,
  0x34, 0x83, 0x34, 0x34, 0x78, 0x20, 0x21, 0x20,
  0x03, 0x03, 0x04, 0x58, 0x08, 0x03, 0x08, 0xB5,
  0x84, 0x80, 0x80, 0xE0, 0x08, 0x08, 0x08, 0x8E,
  0x80, 0x80, 0x0D, 0x88, 0xD0, 0x08, 0x08, 0xE8,
  0x80, 0xD0, 0x80, 0x80, 0x80, 0xE8, 0x03, 0x80,
  0x08, 0x80, 0x08, 0x80, 0x08, 0x80, 0x08, 0x80,
  0x08, 0x80, 0xF8, 0xBF, 0xF8, 0x09, 0x0E, 0x0C,
  0x0B, 0x8C, 0x0B, 0x8C, 0x8B, 0x8C, 0x0C, 0xC8,
  0x80, 0x0C, 0x08, 0xC8, 0x08, 0x08, 0x08, 0x88,
  0x00, 0xAF, 0x86, 0x80, 0x80, 0x00, 0x88, 0x00,
  0x07, 0x80, 0x86, 0x30, 0x40, 0x40, 0x48, 0x48,
  0x38, 0x03, 0x34, 0x84, 0x43, 0x48, 0x02, 0x43,
  0x38, 0x40, 0x48, 0x48, 0x08, 0x83, 0x80, 0x00,
  0x08, 0x88, 0x00, 0x88, 0x00, 0xCF, 0xE8, 0x08,
  0x0D, 0x8B, 0xD0, 0xC0, 0xB0, 0x8B, 0x0C, 0xBC,
  0xC0, 0x0B, 0xBC, 0xC0, 0xBB, 0xC0, 0x8B, 0xBC,
  0xC8, 0x0B, 0xBC, 0xC8, 0xC0, 0xB8, 0xC0, 0x08,
  0x8C, 0x80, 0xD0, 0xB3, 0x84, 0x80, 0x50, 0x48,
  0x08, 0x03, 0x44, 0x83, 0x34, 0x33, 0x40, 0x34,
  0x33, 0x85, 0x33, 0x34, 0x83, 0x34, 0x40, 0x30,
  0x40, 0x08, 0x04, 0x08, 0x08, 0x78, 0x3B, 0x4B,
  0x8B, 0x80, 0x80, 0xF0, 0x08, 0x08, 0x8C, 0x80,
  0x0D, 0x08, 0xD8, 0x80, 0x80, 0x0D, 0x08, 0x08,
  0x0E, 0x08, 0x08, 0xE8, 0xB3, 0x08, 0x08, 0x80,
  0x80, 0x8F, 0x08, 0x08, 0x08, 0x80, 0x08, 0x08,
  0xF0, 0x8B, 0x08, 0x08, 0x08, 0x80, 0x08, 0x08,
  0x08, 0x08, 0x08, 0x80, 0x80, 0x80, 0x80, 0x80,
  0x90, 0x00, 0x70, 0x77, 0x07, 0x08, 0x08, 0x08,
  0x80, 0xF8, 0x0C, 0x08, 0x08, 0x08, 0x08, 0x08,
  0x08, 0x08, 0x88, 0x00, 0x77, 0x03, 0x08, 0x08,
  0x37, 0x80, 0x80, 0x17, 0x00, 0x06, 0x08, 0x08,
  0x88, 0x80, 0x00, 0x88, 0x00, 0x88, 0xDF, 0x08,
  0x8F, 0xC0, 0x08, 0x8C, 0x8B, 0xD0, 0xB8, 0xC8,
  0xB8, 0xD8, 0x80, 0xBC, 0xC8, 0xC0, 0xC0, 0xB0,
  0xC0, 0xB8, 0x8B, 0x8C, 0x0C, 0x0C, 0x8B, 0x8C,
  0x00, 0x0D, 0x08, 0x88, 0x00, 0x88, 0x70, 0x00,
  0x84, 0x04, 0x43, 0x30, 0x44, 0x32, 0x43, 0x33,
  0x43, 0x84, 0x26, 0x21, 0x22, 0x30, 0x33, 0x34,
  0x40, 0x03, 0x84, 0x84, 0x03, 0x80, 0x85, 0x80,
  0x80, 0x00, 0x88, 0x8F, 0x80, 0xE0, 0x80, 0xC0,
  0xB8, 0x08, 0xD8, 0x08, 0x0D, 0xB8, 0x08, 0x8D,
  0x80, 0x8C, 0x80, 0xE0, 0x80, 0x80, 0xD0, 0x08,
  0x08, 0x08, 0x08, 0x3F, 0x0C, 0x08, 0x08, 0x08,
  0x08, 0x80, 0x08, 0x08, 0x80, 0x08, 0x80, 0xFF,
  0xB5, 0x88, 0x80, 0x00, 0x88, 0x00, 0x08, 0x88,
  0x00, 0x88, 0x00, 0x88, 0x00, 0x08, 0x08, 0x08,
  0xF8, 0xFF, 0x0A, 0x08, 0x08, 0x08, 0x80, 0xF8,
  0xF3, 0x89, 0x80, 0x80, 0x80, 0x08, 0x80, 0x08,
  0x80, 0x08, 0x80, 0x08, 0x08, 0x08, 0x77, 0x07,
  0x80, 0x80, 0x17, 0x80, 0x80, 0x78, 0x00, 0x08,
  0x68, 0x80, 0x80, 0x80, 0x60, 0x80, 0x80, 0x80,
  0x80, 0x80, 0x80, 0x80, 0xF0, 0x8C, 0x00, 0xF8,
  0x09, 0xE0, 0x80, 0x0C, 0xB8, 0x08, 0xBD, 0xC8,
  0xC0, 0xC0, 0xB0, 0x8B, 0x0C, 0x0C, 0x0C, 0x8B,
  0x8B, 0x8C, 0xC0, 0x08, 0xD8, 0x80, 0x80, 0x80,
  0x60, 0x80, 0x85, 0x30, 0x40, 0x40, 0x48, 0x38,
  0x04, 0x33, 0x40, 0x40, 0x48, 0x83, 0x84, 0x30,
  0x80, 0x05, 0x08, 0x08, 0x68, 0x80, 0x80, 0xE0,
  0x80, 0x80, 0xC8, 0x08, 0xD8, 0x08, 0x08, 0x0E,
  0xB8, 0x08, 0x08, 0xF8, 0x80, 0x80, 0x80, 0x80,
  0x78, 0x80, 0x80, 0x05, 0x48, 0x30, 0x80, 0x05,
  0x48, 0x30, 0x40, 0x80, 0x04, 0x58, 0x48, 0x08,
  0x83, 0x80, 0x05, 0x08, 0x08, 0x08, 0xB6, 0x08,
  0x88, 0x80, 0x00, 0x88, 0x9F, 0x08, 0x0F, 0x88,
  0xC0, 0x08, 0xD8, 0x80, 0x0C, 0x08, 0xD8, 0x80,
  0xD0, 0x80, 0x80, 0x8C, 0x80, 0xE0, 0x80, 0x80,
  0x80, 0x8D, 0x80, 0x80, 0x80, 0x80, 0x80, 0x80,
  0x80, 0x80, 0x70, 0x87, 0x80, 0x80, 0x80, 0x17,
  0x08, 0x08, 0x06, 0x08, 0x68, 0x08, 0x08, 0x58,
  0x80, 0x80, 0x80, 0x60, 0x80, 0x80, 0x80, 0x80,
  0x80, 0xF8, 0x89, 0x80, 0xF0, 0x88, 0xD0, 0x08,
  0x8C, 0x8B, 0x0C, 0x8C, 0x8B, 0x8C, 0x0C, 0xBC,
  0xC0, 0xC0, 0xB0, 0x8B, 0x0C, 0x0C, 0x0C, 0x0B,
  0xC8, 0x80, 0x8C, 0x00, 0x08, 0x88, 0x00, 0x88,
  0x17, 0x50, 0x30, 0x50, 0x48, 0x83, 0x34, 0x03,
  0x53, 0x83, 0x34, 0x83, 0x44, 0x02, 0x83, 0x34,
  0x40, 0x08, 0x04, 0x48, 0x08, 0x08, 0x85, 0x80,
  0x00, 0x88, 0x00, 0x88, 0x00, 0xF8, 0x0B, 0x08,
  0x80, 0x3F, 0x8D, 0x80, 0xE0, 0xB3, 0x08, 0x08,
  0x08, 0x08, 0x08, 0x08, 0x08, 0xBF, 0x08, 0x08,
  0x08, 0x08, 0x88, 0x80, 0x80, 0xFF, 0x09, 0x08,
  0xF8, 0x09, 0x08, 0x8F, 0x80, 0x8B, 0x08, 0x8E,
  0xC0, 0x80, 0xD0, 0x80, 0x0C, 0xB8, 0x08, 0x8D,
  0x80, 0x0C, 0x08, 0x8D, 0x80, 0x8C, 0x80, 0xE0,
  0x80, 0x80, 0x80, 0x80, 0x80, 0x80, 0x80, 0x27,
  0x80, 0x07, 0x03, 0x58, 0x30, 0x80, 0x35, 0x40,
  0x48, 0x83, 0x84, 0x84, 0x33, 0x40, 0x48, 0x48,
  0x38, 0x08, 0x04, 0x03, 0x08, 0x85, 0x80, 0x50,
  0x80, 0x80, 0x80, 0x8E, 0x80, 0x80, 0x0E, 0x08,
  0x0D, 0xB8, 0xC8, 0xC8, 0xC0, 0xC0, 0xB0, 0x8B,
  0x0C, 0xBC, 0xC0, 0x0B, 0xBC, 0xC0, 0x0B, 0xAC,
  0xC8, 0xB0, 0x0C, 0x0C, 0x8B, 0x8B, 0xD0, 0x08,
  0x08, 0x0D, 0x88, 0x50, 0x08, 0x40, 0x08, 0x04,
  0x84, 0x84, 0x24, 0x30, 0x03, 0x44, 0x48, 0x32,
  0x30, 0x04, 0x43, 0x30, 0x40, 0x40, 0x48, 0x08,
  0x03, 0x58, 0x80, 0x80, 0x05, 0x08, 0x88, 0x00,
  0xF8, 0x08, 0x08, 0x08, 0x8E, 0x80, 0x80, 0x4D,
  0x8B, 0x80, 0x8C, 0x80, 0x80, 0x00, 0xF8, 0x88,
  0x80, 0x80, 0x00, 0x8F, 0x08, 0x08, 0x08, 0x08,
  0x08, 0x88, 0x00, 0x3F, 0xF8, 0x88, 0x80, 0x80,
  0x08, 0x80, 0x08, 0x80, 0x08, 0x80, 0x08, 0x80,
  0x08, 0x08, 0x08, 0x08, 0x80, 0x80, 0x80, 0x00,
  0xF0, 0xF2, 0xFF, 0x09, 0x88, 0x00, 0x88, 0x00,
  0x88, 0x00, 0x88, 0x00, 0x08, 0x08, 0x08, 0x88,
  0x77, 0x27, 0x00, 0x08, 0x78, 0x03, 0x08, 0x08,
  0x08, 0x78, 0x7B, 0x00, 0x08, 0x08, 0x08, 0x08,
  0x08, 0x08, 0x88, 0x00, 0x88, 0x00, 0xFF, 0x0A,
  0x08, 0xF8, 0x89, 0x0E, 0xC8, 0x80, 0x0C, 0xC8,
  0xB8, 0xC8, 0xC0, 0xB8, 0x8C, 0x8B, 0xCC, 0xC0,
  0xB0, 0xB8, 0xC8, 0x0C, 0xB8, 0xC8, 0x08, 0x8C,
  0x80, 0x80, 0x0E, 0xC3, 0x03, 0x08, 0x68, 0x08,
  0x03, 0x44, 0x48, 0x38, 0x43, 0x48, 0x32, 0x03,
  0x34, 0x34, 0x33, 0x40, 0x34, 0x83, 0x34, 0x40,
  0x03, 0x84, 0x84, 0x03, 0x40, 0x08, 0x08, 0x60,
  0x08, 0x3C, 0x0C, 0x08, 0x08, 0xD8, 0x80, 0x08,
  0x8D, 0x80, 0x0D, 0x08, 0x0D, 0x08, 0x8C, 0x80,
  0xD0, 0x08, 0x08, 0x8D, 0x00, 0x08, 0xE8, 0x08,
  0x08, 0x80, 0x08, 0x8F, 0x80, 0x80, 0x80, 0x80,
  0x80, 0x00, 0x88, 0x00, 0x88, 0x00, 0x88, 0xF0,
  0x03, 0x08, 0x08, 0x08, 0x08, 0x88, 0xF0, 0xF3,
  0x9F, 0x80, 0x08, 0x80, 0x08, 0x80, 0x08, 0x08,
  0xF8, 0x9F, 0x80, 0x80, 0x80, 0x80, 0x80, 0x08,
  0x08, 0x08, 0x08, 0x3F, 0x3F, 0x3F, 0xD8, 0xB4,
  0xC3, 0xB3, 0x84, 0x80, 0x80, 0x80, 0x80, 0x80,
  0x80, 0x17, 0x00, 0x88, 0x70, 0x81, 0x08, 0x60,
  0x80, 0x80, 0x80, 0x87, 0x80, 0x80, 0x80, 0x00,
  0x08, 0x88, 0x00, 0x88, 0xF0, 0x0D, 0x08, 0x8F,
  0xC0, 0x08, 0x8C, 0xC0, 0x8B, 0xD0, 0xC0, 0x8A,
  0xC0, 0x0B, 0x0C, 0xB8, 0xC8, 0xC8, 0xC0, 0x80,
  0x8B, 0x80, 0xE8, 0x80, 0x80, 0x80, 0x80, 0x80,
  0x70, 0x81, 0x60, 0x08, 0x84, 0x04, 0x48, 0x38,
  0x40, 0x48, 0x48, 0x38, 0x30, 0x40, 0x80, 0x04,
  0x58, 0x08, 0x08, 0x04, 0x08, 0x08, 0x08, 0x08,
  0x08, 0xAF, 0x80, 0x80, 0x8F, 0x80, 0xE0, 0x80,
  0x80, 0x8C, 0x80, 0x80, 0xF0, 0x08, 0x84, 0x80,
  0x80, 0x80, 0x06, 0x08, 0x58, 0x08, 0x04, 0x48,
  0x08, 0x84, 0x40, 0x08, 0x84, 0x04, 0x08, 0x03,
  0x68, 0x08, 0x80, 0x04, 0x08, 0x08, 0x08, 0x08,
  0x08, 0x08, 0x08, 0x80, 0x08, 0xFF, 0x08, 0xF8,
  0x80, 0x80, 0x8C, 0x80, 0xE0, 0x80, 0x4B, 0x0C,
  0x08, 0x0C, 0x08, 0x08, 0x8D, 0x80, 0x80, 0x4D,
  0x8B, 0x80, 0x80, 0x80, 0x80, 0x80, 0x80, 0x80,
  0x00, 0x88, 0x00, 0x88, 0x00, 0x78, 0x47, 0x80,
  0x80, 0x17, 0x80, 0x70, 0x80, 0x80, 0x50, 0x80,
  0x80, 0x78, 0x08, 0x08, 0x08, 0x08, 0x08, 0x08,
  0x08, 0x9F, 0x88, 0xF0, 0x08, 0x8C, 0xC0, 0x08,
  0x0C, 0x8C, 0x0B, 0x8C, 0x8B, 0x8C, 0x8B, 0xBD,
  0xC8, 0xC0, 0xC0, 0x80, 0x0B, 0x8C, 0x8B, 0xD0,
  0x08, 0x08, 0x0D, 0x88, 0x80, 0x00, 0x78, 0x80,
  0x04, 0x48, 0x30, 0x40, 0x84, 0x03, 0x34, 0x30,
  0x35, 0x48, 0x48, 0x02, 0x33, 0x40, 0x40, 0x48,
  0x08, 0x84, 0x30, 0x80, 0x80, 0x60, 0x80, 0x80,
  0x80, 0x80, 0x80, 0x80, 0xF0, 0x0B, 0x08, 0x08,
  0x08, 0x08, 0x08, 0xEF, 0x80, 0x80, 0x80, 0x80,
  0x80, 0xF0, 0xF3, 0xC3, 0x80, 0x80, 0x80, 0x80,
  0x80, 0x80, 0x80, 0xF0, 0x0B, 0x08, 0x08, 0xF8,
  0x0A, 0x08, 0xF8, 0x88, 0xE0, 0x80, 0x08, 0x8C,
  0x80, 0x0D, 0xC8, 0x80, 0xD0, 0x80, 0x8B, 0x80,
  0x8D, 0x80, 0xE0, 0x80, 0x80, 0x8C, 0x80, 0x80,
  0x80, 0x80, 0x80, 0x80, 0x80, 0x80, 0x70, 0x06,
  0x08, 0x07, 0x48, 0x08, 0x04, 0x48, 0x48, 0x80,
  0x84, 0x43, 0x08, 0x84, 0x03, 0x84, 0x84, 0x84,
  0x03, 0x48, 0x30, 0x80, 0x50, 0x08, 0x80, 0x05,
  0x08, 0x08, 0x08, 0x08, 0x9F, 0x80, 0xE0, 0x08,
  0x0C, 0xC8, 0xB8, 0xC8, 0xC0, 0xB8, 0x8C, 0x8B,
  0x8C, 0xBC, 0xB8, 0x0D, 0x0C, 0xBB, 0xC8, 0xC0,
  0xC0, 0xB0, 0xB8, 0xC8, 0x08, 0x8C, 0xD0, 0x80,
  0x80, 0x80, 0x80, 0x80, 0x70, 0x00, 0x68, 0x08,
  0x03, 0x44, 0x48, 0x38, 0x30, 0x34, 0x40, 0x03,
  0x53, 0x48, 0x38, 0x30, 0x40, 0x30, 0x50, 0x08,
  0x40, 0x08, 0x08, 0x60, 0x08, 0x08, 0x08, 0x08,
  0x08, 0x9F, 0x80, 0x80, 0x80, 0x8F, 0x80, 0x80,
  0xF0, 0x08, 0x80, 0x08, 0xF0, 0x80, 0x80, 0x80,
  0x80, 0xF0, 0x08, 0x80, 0x08, 0x80, 0x08, 0x08,
  0x80, 0x08, 0x80, 0xF8, 0x03, 0x08, 0x08, 0x08,
  0xF8, 0x5F, 0xB8, 0x80, 0x80, 0x08, 0x80, 0x08,
  0x80, 0x08, 0x80, 0x08, 0x08, 0x3F, 0x08, 0x08,
  0xEF, 0x80, 0x60, 0x8B, 0x80, 0x80, 0x80, 0x08,
  0x80, 0x08, 0x80, 0x08, 0xB7, 0x70, 0x82, 0x80,
  0x80, 0x80, 0x80, 0x80, 0x80, 0xB7, 0x17, 0x00,
  0x08, 0x88, 0x70, 0x01, 0x80, 0x08, 0x80, 0xB7,
  0x05, 0x08, 0x08, 0x08, 0x8F, 0x80, 0x80, 0xE0,
  0x08, 0xC8, 0x08, 0xC8, 0xC8, 0x08, 0x0D, 0x8B,
  0x0C, 0x8C, 0x0B, 0x8C, 0xCB, 0xB8, 0xC8, 0xB8,
  0xD8, 0x8B, 0x0C, 0xC8, 0xC0, 0xC0, 0x80, 0x80,
  0x0C, 0x08, 0x08, 0x80, 0x08, 0x07, 0x80, 0x85,
  0x04, 0x83, 0x04, 0x43, 0x30, 0x34, 0x40, 0x43,
  0x83, 0x24, 0x84, 0x06, 0x21, 0x20, 0x02, 0x03,
  0x84, 0x84, 0x03, 0x04, 0x08, 0x84, 0x80, 0x80,
  0x00, 0x08, 0x88, 0x00, 0x88, 0xF0, 0x0D, 0x08,
  0xF8, 0x88, 0xD0, 0x80, 0xD0, 0x80, 0x80, 0x8C,
  0x80, 0xE0, 0x80, 0x80, 0x08, 0x8D, 0x80, 0x80,
  0x80, 0x80, 0x80, 0x80, 0x80, 0x80, 0x80, 0x80,
  0xFF, 0x09, 0x08, 0x88, 0x00, 0x88, 0x00, 0x08,
  0x08, 0x08, 0x08, 0x3F, 0xFF, 0x80, 0x80, 0x08,
  0x08, 0x80, 0x08, 0x80, 0x08, 0x08, 0x08, 0x08,
  0x08, 0x80, 0x3F, 0xFF, 0x09, 0x08, 0x88, 0x00,
  0xF8, 0xF3, 0x08, 0x08, 0x08, 0x08, 0x08, 0x08,
  0xB7, 0x05, 0x08, 0x08, 0x08, 0x07, 0x08, 0x08,
  0x85, 0x80, 0x00, 0x86, 0x80, 0x80, 0x60, 0x08,
  0x08, 0x08, 0x08, 0x07, 0x08, 0x08, 0x08, 0x08,
  0x8F, 0x08, 0x08, 0x08, 0x8F, 0x80, 0x8C, 0xD0,
  0xB0, 0x08, 0x0D, 0x0C, 0x8B, 0xC0, 0xB8, 0xC8,
  0x80, 0x8C, 0x0C, 0xC8, 0xC0, 0x80, 0x0C, 0x08,
  0x8C, 0x80, 0x0C, 0x08, 0x88, 0x00, 0x88, 0x00,
  0x78, 0x82, 0x70, 0x80, 0x04, 0x48, 0x30, 0x40,
  0x08, 0x04, 0x84, 0x84, 0x84, 0x30, 0x08, 0x58,
  0x80, 0x40, 0x80, 0x80, 0x80, 0x80, 0x80, 0x08,
  0x80, 0xF8, 0x0C, 0x08, 0xF8, 0x88, 0x80, 0x80,
  0x8F, 0x80, 0x80, 0x80, 0x80, 0x80, 0x80, 0x80,
  0x37, 0x00, 0x78, 0x81, 0x60, 0x80, 0x58, 0x08,
  0x84, 0x30, 0x80, 0x50, 0x80, 0x04, 0x08, 0x68,
  0x08, 0x08, 0x40, 0x80, 0x80, 0x80, 0x80, 0x80,
  0x80, 0x80, 0x80, 0xF0, 0x0F, 0x08, 0x08, 0xF8,
  0x88, 0x80, 0x00, 0x8F, 0x80, 0x80, 0x8C, 0x80,
  0xE0, 0x08, 0x08, 0x08, 0x8E, 0x80, 0x80, 0x80,
  0xF0, 0x08, 0x08, 0x08, 0x08, 0x08, 0x08, 0x78,
  0x6B, 0x80, 0x80, 0x80, 0x60, 0x80, 0x80, 0x80,
  0x70, 0x08, 0x08, 0x50, 0x08, 0x80, 0x08, 0xB7,
  0x03, 0x08, 0x08, 0x08, 0x08, 0x08, 0xF8, 0x0A,
  0x08, 0xF8, 0x09, 0x80, 0x8E, 0x8B, 0xD0, 0x80,
  0x0C, 0x8C, 0x0B, 0x8C, 0x8B, 0x8C, 0x0C, 0x0C,
  0x8B, 0x0C, 0xC8, 0xC0, 0x08, 0x0C, 0x08, 0x8C,
  0x80, 0x0C, 0x08, 0x88, 0x00, 0x87, 0x00, 0x58,
  0x08, 0x84, 0x04, 0x83, 0x04, 0x03, 0x04, 0x03,
  0x35, 0x84, 0x03, 0x04, 0x03, 0x84, 0x40, 0x80,
  0x85, 0x80, 0x04, 0x08, 0x58, 0x80, 0x80, 0x80,
  0x80, 0x80, 0x08, 0x70, 0x82, 0x80, 0x80, 0x3F,
  0xE0, 0xB3, 0xC3, 0x80, 0x80, 0x80, 0x80, 0x80,
  0x80, 0x80, 0x80, 0xF0, 0x0D, 0x08, 0x08, 0x88,
  0xF0, 0x0A, 0x88, 0x00, 0xF8, 0x89, 0x80, 0x08,
  0x9F, 0x00, 0xE8, 0x08, 0x80, 0xD8, 0x80, 0x80,
  0x0E, 0x08, 0xC8, 0x08, 0xC8, 0x08, 0xD8, 0x08,
  0xD8, 0x80, 0x80, 0xE0, 0x80, 0x80, 0x80, 0x80,
  0x80, 0x8F, 0x08, 0x85, 0x80, 0x80, 0x00, 0x78,
  0x80, 0x40, 0x80, 0x04, 0x58, 0x08, 0x03, 0x58,
  0x30, 0x40, 0x40, 0x48, 0x48, 0x38, 0x80, 0x84,
  0x04, 0x48, 0x08, 0x48, 0x80, 0x58, 0x08, 0x80,
  0x08, 0x80, 0x08, 0x08, 0xF0, 0x0A, 0x08, 0x8F,
  0xC0, 0x08, 0x8C, 0x8B, 0x8C, 0x8B, 0x0D, 0x8C,
  0x0B, 0xBC, 0xC8, 0xC0, 0x0B, 0x0C, 0xAC, 0xB8,
  0xC0, 0x08, 0x8C, 0x8B, 0xD0, 0x08, 0xC8, 0x08,
  0x80, 0x08, 0x08, 0x70, 0x00, 0x68, 0x08, 0x03,
  0x04, 0x84, 0x84, 0x84, 0x03, 0x43, 0x30, 0x40,
  0x30, 0x50, 0x48, 0x30, 0x08, 0x58, 0x80, 0x40,
  0x08, 0x58, 0x80, 0x80, 0x80, 0x80, 0x80, 0x80,
  0x80, 0x80, 0x80, 0x80, 0x80, 0xF0, 0xAF, 0x80,
  0x80, 0x80, 0x80, 0xF0, 0x5D, 0x8B, 0x80, 0x80,
  0x80, 0x80, 0x80, 0x80, 0xF0, 0x8C, 0x00, 0x88,
  0x80, 0x00, 0x88, 0x00, 0x88, 0x00, 0x88, 0x80,
  0xF0, 0xF3, 0xF3, 0x83, 0x0F, 0x88, 0x80, 0x00,
  0x88, 0x00, 0x08, 0x88, 0x00, 0x88, 0x00, 0x88,
  0x00, 0x08, 0x08, 0x3F, 0x08, 0x3F, 0x3F, 0x3F,
  0x3C, 0x80, 0x80, 0x80, 0x80, 0x80, 0x80, 0x80,
  0x80, 0x70, 0x7B, 0x01, 0x08, 0x08, 0x08, 0x80,
  0x37, 0x08, 0x88, 0x80, 0x00, 0x88, 0x00, 0x88,
  0x00, 0x88, 0x80, 0x80, 0x80, 0x00, 0xF8, 0xFF,
  0x8B, 0xF0, 0x8A, 0x8E, 0xD0, 0x80, 0x8B, 0xD0,
  0xB8, 0xC8, 0xC8, 0xC0, 0x80, 0x8B, 0x8C, 0x0C,
  0x0C, 0xB8, 0x88, 0x8C, 0x80, 0x8D, 0x80, 0x80,
  0x80, 0x80, 0x80, 0x80, 0x00, 0x47, 0x08, 0x07,
  0x03, 0x58, 0x30, 0x40, 0x48, 0x30, 0x40, 0x40,
  0x48, 0x48, 0x38, 0x30, 0x80, 0x05, 0x03, 0x08,
  0x85, 0x00, 0x04, 0x08, 0x08, 0x08, 0x08, 0x08,
  0x08, 0x08, 0x08, 0x08, 0x08, 0x08, 0x08, 0xF0,
  0xEF, 0x08, 0x08, 0x08, 0xF0, 0x8A, 0x80, 0x80,
  0x80, 0x80, 0xBF, 0x08, 0x08, 0x08, 0x08, 0x80,
  0x08, 0x80, 0x08, 0x80, 0x80, 0x80, 0x80, 0x08,
  0x08, 0xF8, 0x5F, 0xDF, 0x60, 0x3B, 0x3C, 0x80,
  0x80, 0x80, 0x80, 0x80, 0x80, 0x00, 0x88, 0x00,
  0x88, 0xF0, 0x03, 0x88, 0x80, 0x80, 0x80, 0x80,
  0xF0, 0xF3, 0x8F, 0x80, 0x80, 0x80, 0x80, 0x80,
  0x80, 0x80, 0xB7, 0x80, 0x80, 0x80, 0x3F, 0x80,
  0xAF, 0x80, 0xF8, 0x08, 0xD8, 0x80, 0xB4, 0x03,
  0x80, 0x08, 0xF8, 0x80, 0x0C, 0x48, 0x8B, 0x80,
  0xE0, 0x80, 0xC0, 0xB8, 0x08, 0x8D, 0xCB, 0xB8,
  0x8C, 0x80, 0x8C, 0xBC, 0xF0, 0xAA, 0x8A, 0x80,
  0x0B, 0xFF, 0x73, 0x77, 0x00, 0x80, 0x80, 0x08,
  0x88, 0x80, 0x00, 0x98, 0xBA, 0xAA, 0xAA, 0xAA,
  0xAD, 0x90, 0x07, 0x84, 0x88, 0x80, 0x98, 0x08,
  0x89, 0x98, 0x80, 0x90, 0x8C, 0x9D, 0x8B, 0x9B,
  0x0C, 0x9F, 0x7A, 0x55, 0x32, 0x01, 0x08, 0x08,
  0x08, 0x98, 0x08, 0x88, 0x00, 0x18, 0x13, 0xA9,
  0xCF, 0xBB, 0xA9, 0xBA, 0xAC, 0xAC, 0xB8, 0xB9,
  0xAB, 0x9C, 0x98, 0x08, 0xB8, 0xC0, 0x0B, 0x08,
  0x40, 0x80, 0x0D, 0x08, 0x08, 0x08, 0xF8, 0x48,
  0x80, 0xC0, 0x08, 0x08, 0x08, 0x88, 0x80, 0x00,
  0x88, 0x00, 0x88, 0x80, 0xF0, 0x83, 0x37, 0x0F,
  0x48, 0xB3, 0x08, 0x44, 0xB3, 0x8C, 0x70, 0x02,
  0xBA, 0x3A, 0x37, 0xC1, 0xBC, 0x30, 0x25, 0x92,
  0xCA, 0xAA, 0x32, 0x25, 0x23, 0xCA, 0xBD, 0xAB,
  0x71, 0x34, 0x33, 0x00, 0xCA, 0xCD, 0xBB, 0xCB,
  0xA9, 0xAA, 0x9C, 0xAB, 0x9A, 0x0B, 0x89, 0x82,
  0x80, 0x50, 0x64, 0x34, 0x15, 0x12, 0x08, 0x88,
  0x88, 0x10, 0x30, 0x71, 0x33, 0x25, 0x16, 0x13,
  0x22, 0x32, 0x22, 0x31, 0x24, 0x05, 0x82, 0x98,
  0xAB, 0x9F, 0x9D, 0x9C, 0x9B, 0xAA, 0xAB, 0x8C,
  0x0B, 0x0C, 0xBB, 0xAA, 0x08, 0x01, 0x08, 0xBB,
  0xC0, 0x33, 0x57, 0x85, 0x92, 0xA0, 0x18, 0x30,
  0x42, 0x01, 0xA8, 0xDA, 0x08, 0x24, 0x17, 0x24,
  0x12, 0x94, 0xA2, 0xA8, 0xB8, 0x21, 0x27, 0x35,
  0x43, 0x21, 0x08, 0xAB, 0xAE, 0xCB, 0xAC, 0x9D,
  0xAA, 0x9A, 0x9A, 0x9C, 0x9B, 0xCB, 0xAA, 0xBA,
  0x99, 0x89, 0x0A, 0x08, 0x08, 0x3C, 0x30, 0x47,
  0x35, 0x42, 0x33, 0x43, 0x12, 0x08, 0x98, 0x8A,
  0x0A, 0x38, 0x40, 0x48, 0x16, 0x26, 0x43, 0x32,
  0x23, 0x35, 0x43, 0x33, 0x34, 0x14, 0x21, 0x31,
  0x31, 0x34, 0x13, 0x02, 0xAB, 0xBE, 0x9C, 0x9C,
  0x09, 0x8A, 0xB9, 0xBA, 0x8B, 0xBC, 0x0C, 0x9F,
  0xCD, 0xBA, 0xBD, 0xAC, 0xDA, 0xB9, 0xAB, 0xBB,
  0xAB, 0xBA, 0x09, 0x0A, 0x38, 0x38, 0x73, 0x12,
  0x22, 0x02, 0x33, 0x53, 0x32, 0x17, 0x32, 0x44,
  0x34, 0x43, 0x34, 0x53, 0x22, 0x33, 0x33, 0x24,
  0x32, 0x83, 0x02, 0x88, 0xBA, 0xC0, 0xBB, 0xEC,
  0xC9, 0x9B, 0xBC, 0xC9, 0xB9, 0xAA, 0xB0, 0xB0,
  0x8B, 0x8F, 0x8C, 0x89, 0xAA, 0x80, 0xB3, 0x84,
  0x80, 0xB5, 0x48, 0x80, 0x84, 0x80, 0x80, 0x0D,
  0x1F, 0x0C, 0x0C, 0x8B, 0x8B, 0x8C, 0x0C, 0x9C,
  0x9A, 0x0A, 0x0B, 0x08, 0xC8, 0x03, 0x80, 0x85,
  0x04, 0x83, 0x80, 0x80, 0x06, 0x48, 0x03, 0x84,
  0x80, 0x85, 0x03, 0x07, 0x82, 0x86, 0x03, 0x93,
  0x04, 0xA4, 0x84, 0x84, 0x03, 0x03, 0x02, 0x88,
  0xC0, 0x30, 0x8B, 0x08, 0x05, 0x08, 0x8D, 0x8B,
  0x8F, 0x8A, 0x80, 0x3B, 0x40, 0x40, 0x3B, 0x80,
  0x08, 0x80, 0x8F, 0x8B, 0x80, 0x80, 0x87, 0x84,
  0x30, 0x48, 0x30, 0x40, 0x34, 0x33, 0x44, 0x38,
  0x80, 0xBC, 0xBC, 0xCF, 0xBC, 0xEB, 0xAB, 0xAD,
  0xCB, 0xBA, 0xCB, 0xBA, 0xAB, 0xBB, 0xAA, 0x9B,
  0x8B, 0x0A, 0x08, 0x33, 0x34, 0x33, 0x27, 0x44,
  0x31, 0x43, 0x53, 0x42, 0x23, 0x25, 0x43, 0x24,
  0x43, 0x42, 0x32, 0x33, 0x24, 0x33, 0x53, 0x31,
  0x31, 0x12, 0x33, 0x21, 0x21, 0x20, 0x00, 0x08,
  0x0D, 0xAC, 0xBB, 0xAF, 0xD9, 0xB9, 0xC9, 0xB9,
  0xCA, 0xC9, 0xB9, 0xCA, 0xA9, 0xCA, 0xAA, 0x0A,
  0xBB, 0xBB, 0xC8, 0xBC, 0xC0, 0xB0, 0x08, 0xD8,
  0x80, 0x80, 0x0D, 0x08, 0x0D, 0x08, 0x88, 0x8C,
  0x80, 0x80, 0x80, 0x80, 0x17, 0x08, 0x80, 0x07,
  0x08, 0x08, 0x08, 0x08, 0x3F, 0x8C, 0xC0, 0x08,
  0x8C, 0x8F, 0x89, 0x8C, 0x0C, 0x0A, 0x0D, 0x9A,
  0x8A, 0x0A, 0x8B, 0xC0, 0x08, 0x08, 0x3D, 0xC0,
  0x08, 0x84, 0x80, 0xB5, 0x03, 0x84, 0x84, 0x03,
  0x84, 0x07, 0x84, 0x14, 0x83, 0x84, 0x05, 0x02,
  0x02, 0x84, 0x84, 0x21, 0x01, 0x82, 0x83, 0x84,
  0x03, 0x03, 0x08, 0x68, 0x8B, 0xD0, 0x0B, 0xBC,
  0x8E, 0xBC, 0x9C, 0x9D, 0x8D, 0xAB, 0xBB, 0xBA,
  0x8E, 0xAA, 0xB9, 0x99, 0x8C, 0xA9, 0xA9, 0x0B,
  0x08, 0x08, 0x58, 0x03, 0x34, 0x64, 0x21, 0x34,
  0x62, 0x32, 0x34, 0x34, 0x43, 0x33, 0x34, 0x14,
  0x32, 0x23, 0x32, 0x12, 0x02, 0x02, 0x3B, 0x0C,
  0xBC, 0x0B, 0xBC, 0xBC, 0xC0, 0xBB, 0x0C, 0xCB,
  0xB8, 0x8B, 0x8C, 0xBC, 0x8B, 0xCC, 0xBB, 0xCB,
  0xAC, 0xFB, 0xB9, 0xCA, 0xBA, 0xBC, 0xCA, 0xCB,
  0x9B, 0x9C, 0x9C, 0x9B, 0x9A, 0xBA, 0xB0, 0xC0,
  0xC0, 0x80, 0xC0, 0x80, 0x80, 0x80, 0x60, 0x08,
  0x84, 0x40, 0x83, 0x44, 0x02, 0x33, 0x07, 0x15,
  0x31, 0x42, 0x41, 0x33, 0x62, 0x22, 0x42, 0x32,
  0x33, 0x14, 0x43, 0x13, 0x14, 0x32, 0x02, 0x32,
  0x38, 0x40, 0x08, 0x08, 0x08, 0xE8, 0x08, 0x0D,
  0xCB, 0xB8, 0xCB, 0xCB, 0x0B, 0x8F, 0x0C, 0x8B,
  0x8C, 0x8B, 0xAC, 0x9A, 0x0E, 0x8B, 0x8B, 0x8C,
  0xAA, 0xB0, 0x8A, 0x80, 0x8C, 0x80, 0x80, 0x80,
  0x80, 0x80, 0x80, 0xF0, 0x8B, 0x8F, 0x8C, 0xCB,
  0xF8, 0x98, 0xC8, 0xC8, 0xC2, 0xB1, 0xA0, 0x08,
  0xB8, 0xC0, 0xB3, 0xB3, 0x88, 0x80, 0x00, 0x07,
  0x84, 0x40, 0x43, 0x33, 0x73, 0x42, 0x32, 0x44,
  0x32, 0x44, 0x31, 0x33, 0x43, 0x33, 0x12, 0x15,
  0x12, 0x20, 0x08, 0x08, 0x0C, 0xC8, 0xB0, 0xBC,
  0x8B, 0xAF, 0xD0, 0xA9, 0xA9, 0x0D, 0x9A, 0xAA,
  0xBA, 0x0B, 0x0C, 0xCB, 0xC0, 0xB0, 0xB8, 0x08,
  0xD8, 0x08, 0xC8, 0xC4, 0x80, 0x80, 0x80, 0x8C,
  0x50, 0x08, 0x08, 0x08, 0x08, 0x08, 0x08, 0x08,
  0x08, 0x08, 0x57, 0x80, 0x80, 0x70, 0x81, 0x86,
  0x80, 0x40, 0x80, 0x80, 0x86, 0x80, 0x80, 0x80,
  0x70, 0xB8, 0x40, 0x8B, 0x08, 0x80, 0x08, 0x80,
  0x08, 0x78, 0x6B, 0x80, 0x80, 0x50, 0x80, 0x80,
  0x78, 0x08, 0xB8, 0x08, 0x08, 0x8E, 0x8B, 0xD0,
  0xCB, 0xC0, 0xBA, 0xCB, 0xBB, 0xBC, 0xBB, 0xBC,
  0xBC, 0xCB, 0xB0, 0xBC, 0x0B, 0x8C, 0x8B, 0xC8,
  0x08, 0x08, 0x08, 0x08, 0xB7, 0x58, 0x80, 0x3C,
  0x8B, 0x80, 0x8D, 0xBC, 0xC0, 0xB8, 0x8C, 0x8B,
  0x8C, 0x4C, 0x3B, 0x8B, 0x40, 0x3C, 0x30, 0x40,
  0x40, 0x33, 0x40, 0x34, 0x43, 0x42, 0x72, 0x31,
  0x41, 0x31, 0x34, 0x43, 0x05, 0x14, 0x22, 0x24,
  0x13, 0x05, 0x23, 0x13, 0x13, 0x84, 0x84, 0x93,
  0x01, 0xB2, 0xB3, 0xC0, 0xF0, 0x98, 0x9A, 0xDA,
  0xB8, 0xAA, 0xAD, 0xA9, 0xAC, 0xAA, 0x0D, 0x8C,
  0x0B, 0xAA, 0x8A, 0xBB, 0x8B, 0x8C, 0x0C, 0x0C,
  0x0C, 0xB8, 0x80, 0x3C, 0x0C, 0x08, 0x08, 0x0E,
  0x08, 0x08, 0x08, 0x08, 0x08, 0x08, 0xF8, 0x6A,
  0x8B, 0x80, 0x00, 0x88, 0x80, 0x17, 0x0D, 0x83,
  0x80, 0x80, 0x00, 0x88, 0x00, 0x88, 0x00, 0x88,
  0x80, 0x80, 0x80, 0xF0, 0xBF, 0x08, 0x08, 0xF8,
  0xF3, 0x08, 0x08, 0xD8, 0xB4, 0x08, 0x08, 0x08,
  0x08, 0x08, 0x08, 0x08, 0x08, 0x08, 0x08, 0x08,
  0xB7, 0x08, 0x70, 0x05, 0x08, 0x08, 0x08, 0x08,
  0x37, 0x80, 0x17, 0x08, 0x85, 0x00, 0x04, 0x58,
  0x80, 0x40, 0x80, 0x08, 0x80, 0xF0, 0x08, 0xC8,
  0x0C, 0x0C, 0xBB, 0xBC, 0xBB, 0xCC, 0xBA, 0xCB,
  0xFB, 0xA0, 0xA9, 0xAA, 0xBB, 0xC0, 0xC0, 0x80,
  0x80, 0x80, 0x50, 0x40, 0x33, 0x25, 0x26, 0x23,
  0x15, 0x43, 0x31, 0x42, 0x41, 0x41, 0x18, 0x12,
  0x20, 0x2A, 0x0B, 0xC8, 0x0B, 0xAF, 0xAA, 0xBD,
  0xCA, 0xAB, 0x9E, 0x9A, 0xCB, 0xBA, 0xBA, 0xDA,
  0xB9, 0xAA, 0xAA, 0xBA, 0xB8, 0xC8, 0x08, 0xC4,
  0x03, 0x03, 0x17, 0x84, 0x87, 0x03, 0x04, 0x23,
  0x23, 0x06, 0x23, 0x23, 0x43, 0x24, 0x32, 0x33,
  0x42, 0x23, 0x14, 0x42, 0x48, 0x10, 0x21, 0x20,
  0x80, 0x80, 0x80, 0x80, 0x8E, 0x8B, 0xD0, 0x8B,
  0xBC, 0x8B, 0xCC, 0xBB, 0x8B, 0x9F, 0xDA, 0xA0,
  0xAA, 0x0A, 0xBB, 0xBC, 0xC0, 0x0B, 0x0C, 0x0C,
  0x0B, 0x8C, 0x0B, 0x8C, 0xC0, 0x08, 0x08, 0x80,
  0xE8, 0x08, 0x58, 0x4B, 0x08, 0x08, 0x08, 0x08,
  0x08, 0x07, 0x08, 0x08, 0x06, 0x48, 0x08, 0x58,
  0x08, 0x48, 0x80, 0x40, 0x80, 0x80, 0x80, 0x80,
  0x80, 0x80, 0xAF, 0x0E, 0xBC, 0xC0, 0xBB, 0xAC,
  0xAC, 0xBB, 0xBC, 0x9F, 0xA9, 0xAA, 0x9D, 0xAA,
  0xAA, 0xBA, 0xAC, 0xB8, 0x8B, 0xC8, 0x08, 0x08,
  0x78, 0x48, 0x02, 0x17, 0x21, 0x34, 0x42, 0x43,
  0x33, 0x42, 0x15, 0x04, 0x04, 0x12, 0x12, 0x23,
  0x21, 0x02, 0x02, 0x83, 0x80, 0x80, 0x80, 0x0F,
  0xC8, 0x8B, 0xD0, 0xBB, 0xC0, 0xB8, 0xBC, 0xC8,
  0x8B, 0x0C, 0xBC, 0xC0, 0x0B, 0x8B, 0x8C, 0x0C,
  0x0C, 0x0C, 0x8B, 0x4B, 0x8B, 0x0C, 0x8C, 0x4B,
  0x0B, 0x3C, 0x8B, 0x80, 0x80, 0x80, 0x80, 0x08,
  0x08, 0xB7, 0x87, 0x84, 0x80, 0x84, 0x03, 0x04,
  0x88, 0x85, 0x84, 0x80, 0xB4, 0x03, 0x08, 0xD8,
  0xC3, 0xC0, 0xB0, 0x88, 0xCC, 0xB0, 0xC8, 0xCB,
  0xF0, 0x98, 0xA9, 0xBA, 0xBA, 0x8B, 0xBC, 0xCB,
  0x0C, 0xBB, 0xC8, 0x0B, 0x8C, 0x80, 0x8C, 0x80,
  0x50, 0x80, 0x85, 0x30, 0x34, 0x34, 0x43, 0x63,
  0x42, 0x41, 0x31, 0x14, 0x24, 0x43, 0x31, 0x13,
  0x44, 0x31, 0x41, 0x11, 0x22, 0x22, 0x38, 0x80,
  0x80, 0x00, 0x0F, 0xBB, 0x8C, 0xFB, 0x9A, 0xCA,
  0xCA, 0xC9, 0x9B, 0xBC, 0xC9, 0x9B, 0x9C, 0xBA,
  0xAA, 0x9D, 0x8A, 0x8C, 0x89, 0xB0, 0x30, 0x08,
  0x04, 0x34, 0x53, 0x62, 0x32, 0x52, 0x31, 0x14,
  0x43, 0x41, 0x31, 0x41, 0x11, 0x22, 0x58, 0x80,
  0x82, 0x80, 0x80, 0x80, 0x0C, 0x8C, 0xC0, 0x8B,
  0xBC, 0xC8, 0xC0, 0xC0, 0xBA, 0xB8, 0xC8, 0xB8,
  0xD8, 0xC0, 0x08, 0x0C, 0x8B, 0x80, 0xE0, 0x80,
  0x80, 0x80, 0x08, 0x80, 0x08, 0x80, 0x08, 0x80,
  0x57, 0x3E, 0x80, 0x80, 0x80, 0x08, 0x80, 0xB7,
  0x80, 0x08, 0x08, 0x8F, 0x08, 0x0D, 0xC8, 0x80,
  0x8C, 0x8B, 0x0C, 0x8C, 0x8B, 0x8C, 0x0C, 0x0C,
  0x0C, 0x8B, 0x8B, 0x0C, 0xC8, 0x08, 0x0D, 0x08,
  0x08, 0x08, 0x88, 0x80, 0x17, 0x08, 0x05, 0x84,
  0x07, 0x01, 0x82, 0x06, 0x11, 0x02, 0x85, 0x04,
  0x81, 0x85, 0x21, 0x01, 0x22, 0x83, 0x03, 0x34,
  0x40, 0x83, 0x40, 0x40, 0x08, 0x84, 0x80, 0x80,
  0x80, 0x80, 0x8F, 0x0C, 0x0C, 0x0C, 0x8E, 0x8B,
  0xAC, 0xAA, 0x9D, 0x9C, 0xCB, 0xBB, 0x9C, 0xCB,
  0x9B, 0xBC, 0xCB, 0x9B, 0xBC, 0xC9, 0xB9, 0xAA,
  0xDA, 0xC0, 0x98, 0x80, 0x2A, 0x3A, 0x88, 0x44,
  0x32, 0x43, 0x16, 0x42, 0x41, 0x13, 0x34, 0x23,
  0x34, 0x42, 0x43, 0x31, 0x42, 0x41, 0x41, 0x11,
  0x23, 0x22, 0x22, 0x73, 0x10, 0x21, 0x32, 0x02,
  0x33, 0x40, 0x40, 0x48, 0x08, 0x03, 0x40, 0x0C,
  0x08, 0x08, 0x08, 0x08, 0x8F, 0x8C, 0xC0, 0x08,
  0x0C, 0xC8, 0xC0, 0x0B, 0x0C, 0xC8, 0x0B, 0x0C,
  0x8B, 0x0C, 0x0C, 0x0C, 0xB8, 0xC0, 0x08, 0x8C,
  0x8B, 0x80, 0x8D, 0x80, 0xE0, 0x80, 0x80, 0x8C,
  0x80, 0x80, 0xF0, 0xB3, 0x48, 0x8B, 0x80, 0x00,
  0x08, 0x88, 0x00, 0x88, 0x00, 0xF8, 0x0D, 0x08,
  0x08, 0xF8, 0x09, 0x08, 0x3F, 0x8B, 0x0C, 0x88,
  0xD0, 0x80, 0x3C, 0x8B, 0x80, 0x8D, 0x80, 0x3D,
  0x8B, 0x00, 0x88, 0x00, 0x88, 0x80, 0x00, 0x78,
  0x84, 0x80, 0x07, 0x80, 0x50, 0x80, 0x80, 0xB6,
  0x03, 0x08, 0x08, 0x08, 0xF8, 0xC3, 0xC0, 0xB3,
  0xC8, 0xC0, 0xB8, 0xC0, 0xB8, 0xF8, 0xA8, 0xB8,
  0xCA, 0xB0, 0xCB, 0xC0, 0xB0, 0x80, 0xC8, 0x80,
  0x80, 0x05, 0x34, 0x48, 0x24, 0x33, 0x27, 0x23,
  0x52, 0x14, 0x33, 0x41, 0x32, 0x22, 0x53, 0x12,
  0x50, 0x28, 0x82, 0x83, 0x80, 0xB4, 0x03, 0x8C,
  0x80, 0xD0, 0x08, 0x8C, 0xC0, 0x08, 0x0C, 0x8C,
  0x0B, 0x8C, 0xC0, 0xB8, 0xC8, 0x08, 0x8C, 0x0C,
  0x0C, 0x0C, 0xBB, 0xC8, 0xC0, 0xC0, 0xBA, 0xB8,
  0xBC, 0xC8, 0x8B, 0xDB, 0xBB, 0xC0, 0xAC, 0x8B,
  0x8F, 0xA9, 0x0A, 0xBB, 0xC0, 0xBB, 0x80, 0xCC,
  0xC0, 0x80, 0x0B, 0x8C, 0x80, 0x80, 0x80, 0x80,
  0x80, 0x17, 0x85, 0x04, 0x33, 0x04, 0x27, 0x21,
  0x22, 0x23, 0x17, 0x32, 0x22, 0x25, 0x23, 0x22,
  0x16, 0x32, 0x22, 0x32, 0x33, 0x53, 0x32, 0x03,
  0x84, 0x34, 0x08, 0x84, 0x40, 0x08, 0x08, 0x85,
  0x80, 0x8C, 0x80, 0xD0, 0x08, 0xD8, 0xC0, 0x80,
  0xCB, 0xB8, 0xCC, 0xB0, 0xCB, 0x0B, 0x8F, 0x9C,
  0xA9, 0x9C, 0x0C, 0x9C, 0x9B, 0x9C, 0xAB, 0xCA,
  0x9A, 0x9D, 0x9C, 0x0B, 0x9C, 0xA9, 0xAA, 0xBA,
  0x8A, 0xCB, 0x08, 0x08, 0x08, 0x86, 0x84, 0x24,
  0x26, 0x23, 0x15, 0x15, 0x04, 0x14, 0x13, 0x14,
  0x23, 0x05, 0x22, 0x13, 0x13, 0x23, 0x85, 0x84,
  0x21, 0x08, 0x82, 0x00, 0x88, 0xC0, 0x08, 0xBD,
  0xC0, 0xB0, 0x8C, 0xBB, 0xBC, 0x8C, 0xBB, 0x8C,
  0xCB, 0xCB, 0xC0, 0xB0, 0x8B, 0x0C, 0x0C, 0x0C,
  0xB8, 0x80, 0x8C, 0x80, 0xE0, 0x80, 0x80, 0x80,
  0x80, 0x08, 0x3F, 0x0C, 0xC3, 0x80, 0x80, 0x80,
  0x08, 0x80, 0xB7, 0x04, 0x3C, 0x80, 0x80, 0x08,
  0x80, 0x80, 0x17, 0x0D, 0x03, 0x08, 0x88, 0x00,
  0xB7, 0x84, 0x80, 0x80, 0x80, 0x70, 0x3B, 0x80,
  0x00, 0x88, 0x07, 0x08, 0x08, 0x80, 0x08, 0x07,
  0x80, 0x80, 0x80, 0x3F, 0x80, 0x08, 0x80, 0xF8,
  0x80, 0x08, 0x80, 0xE8, 0x08, 0xC8, 0x08, 0x8D,
  0xC0, 0xB8, 0xC8, 0xC8, 0xC0, 0xB0, 0xBC, 0xC0,
  0xBB, 0xD0, 0xBA, 0xCB, 0xBB, 0xDB, 0xBA, 0xCB,
  0x9E, 0xAA, 0xAA, 0xE8, 0x89, 0x0C, 0xAA, 0xD0,
  0x08, 0x0A, 0x0B, 0x08, 0x08, 0x08, 0x05, 0x58,
  0x33, 0x43, 0x43, 0x73, 0x51, 0x21, 0x51, 0x22,
  0x32, 0x33, 0x44, 0x23, 0x33, 0x34, 0x43, 0x41,
  0x31, 0x41, 0x38, 0x20, 0x38, 0x08, 0x38, 0xC0,
  0x08, 0x0D, 0xB8, 0xC8, 0xC8, 0xCB, 0xB0, 0xC8,
  0xC0, 0xC0, 0xE0, 0xB1, 0xA1, 0xB0, 0x80, 0xC0,
  0xC3, 0xB0, 0xC3, 0xB3, 0x08, 0x08, 0xE8, 0xC3,
  0x80, 0x80, 0xD0, 0xC3, 0x80, 0x0C, 0x08, 0xD8,
  0xB3, 0x08, 0x3D, 0x8B, 0x80, 0xE0, 0x08, 0x08,
  0x8D, 0x80, 0x80, 0x4D, 0x8B, 0x80, 0x80, 0x80,
  0x8E, 0xB4, 0x08, 0x80, 0x08, 0x80, 0x08, 0x3F,
  0x0D, 0x08, 0x88, 0x00, 0x88, 0xF0, 0xC3, 0x08,
  0x08, 0x08, 0x08, 0x08, 0x08, 0x3F, 0x08, 0x08,
  0x08, 0x08, 0x08, 0x08, 0x08, 0x77, 0x80, 0x80,
  0x07, 0x08, 0x08, 0x05, 0x08, 0x68, 0x08, 0x08,
  0x58, 0x80, 0x80, 0x80, 0x80, 0x3F, 0x8B, 0x08,
  0x8D, 0x80, 0x0D, 0xBC, 0xC0, 0xC0, 0x8A, 0x0B,
  0xBC, 0xBC, 0x8B, 0xBC, 0x8B, 0xCC, 0xBB, 0xC0,
  0xAC, 0xB8, 0xC0, 0x08, 0xC8, 0x08, 0x08, 0x78,
  0x38, 0x30, 0x04, 0x27, 0x48, 0x21, 0x34, 0x42,
  0x41, 0x13, 0x14, 0x14, 0x13, 0x12, 0x32, 0x32,
  0x48, 0x30, 0x08, 0x08, 0x08, 0x8F, 0xBB, 0xC8,
  0xBC, 0xBB, 0xFC, 0xA9, 0xAB, 0x9D, 0xC9, 0xC9,
  0xB9, 0xC9, 0x99, 0x9C, 0xAB, 0xAA, 0xBA, 0x0E,
  0x8C, 0x99, 0x8A, 0xBA, 0x80, 0x8B, 0xD0, 0x48,
  0x80, 0x48, 0x30, 0x40, 0x34, 0x33, 0x25, 0x26,
  0x23, 0x52, 0x23, 0x14, 0x16, 0x12, 0x32, 0x14,
  0x13, 0x14, 0x23, 0x14, 0x22, 0x04, 0x21, 0x83,
  0x83, 0x84, 0x84, 0x80, 0x84, 0x4B, 0x8B, 0x80,
  0xBC, 0x88, 0x8C, 0x8C, 0x0C, 0xBC, 0xC0, 0x0B,
  0x0C, 0xCB, 0x0B, 0xC8, 0x8B, 0xC0, 0xC8, 0x80,
  0x0C, 0x0C, 0x08, 0x8C, 0x80, 0x80, 0xF0, 0x83,
  0xC0, 0xB3, 0x03, 0x08, 0x08, 0x08, 0x08, 0x80,
  0x08, 0x80, 0x08, 0xF8, 0x8F, 0x80, 0x8E, 0xD0,
  0xB0, 0x8C, 0xC0, 0x0B, 0xDB, 0x8A, 0xBB, 0x0D,
  0xBB, 0xBC, 0x0B, 0x8F, 0xAA, 0x0B, 0x8E, 0x89,
  0x0A, 0x0B, 0x8B, 0x80, 0x80, 0x80, 0x70, 0x40,
  0x48, 0x33, 0x34, 0x33, 0x74, 0x21, 0x41, 0x32,
  0x22, 0x15, 0x42, 0x30, 0x22, 0x02, 0x33, 0x48,
  0x30, 0x80, 0xB5, 0x84, 0x80, 0xD0, 0x80, 0xC0,
  0x08, 0xC8, 0xC8, 0x80, 0x0C, 0x0C, 0xB8, 0x08,
  0xD8, 0x08, 0xD8, 0x80, 0x80, 0x3D, 0x8B, 0x80,
  0x80, 0x80, 0x80, 0x80, 0x00, 0xF8, 0x0C, 0x88,
  0x00, 0x08, 0x88, 0x00, 0x88, 0x3F, 0x9F, 0x08,
  0x08, 0x08, 0x3F, 0x8D, 0x80, 0xD0, 0x08, 0x3C,
  0x8B, 0x3C, 0x0C, 0x0C, 0xB8, 0xC8, 0xC8, 0x80,
  0x0C, 0x0C, 0x0C, 0x0B, 0xC8, 0xC0, 0xB8, 0x80,
  0x8C, 0xC0, 0xC8, 0xB3, 0x08, 0xD8, 0xB3, 0x08,
  0xE8, 0xB3, 0xC4, 0xB3, 0x80, 0xB4, 0x08, 0x08,
  0x08, 0x08, 0x78, 0x81, 0x80, 0x60, 0x80, 0x85,
  0x80, 0x04, 0x43, 0x30, 0x40, 0x84, 0x43, 0x48,
  0x32, 0x30, 0x04, 0x43, 0x30, 0x40, 0x84, 0x03,
  0x40, 0x08, 0x08, 0x80, 0x08, 0x80, 0x9F, 0x0D,
  0xC8, 0xC0, 0xB8, 0xC0, 0x8B, 0xBC, 0xB8, 0xD8,
  0x80, 0x0C, 0x08, 0x88, 0x00, 0x78, 0x30, 0x40,
  0x40, 0x83, 0x34, 0x34, 0x43, 0x33, 0x43, 0x30,
  0x07, 0x22, 0x20, 0x30, 0x08, 0x04, 0x08, 0x08,
  0x08, 0x08, 0x3F, 0x0D, 0x8B, 0x0C, 0xC8, 0xC0,
  0xB8, 0xC0, 0x08, 0x8C, 0x8B, 0x0C, 0xC8, 0x08,
  0x0D, 0xB8, 0x88, 0xD0, 0x08, 0x08, 0x0E, 0x08,
  0x08, 0x08, 0x08, 0x88, 0x00, 0x88, 0x00, 0x88,
  0x80, 0x80, 0x70, 0x27, 0x08, 0x08, 0xB7, 0x08,
  0x87, 0x80, 0x80, 0x80, 0x80, 0x80, 0x80, 0x80,
  0x80, 0x00, 0xEF, 0x80, 0xF0, 0x08, 0x08, 0x8C,
  0x80, 0x0D, 0x0C, 0x08, 0x8C, 0x80, 0x8C, 0x0C,
  0x08, 0x0D, 0x8B, 0x08, 0x0D, 0x88, 0x4C, 0x8B,
  0x80, 0x80, 0x8D, 0x00, 0x88, 0x70, 0x3B, 0x80,
  0x50, 0x08, 0x84, 0x40, 0x48, 0x48, 0x38, 0x30,
  0x04, 0x03, 0x84, 0x97, 0x04, 0x01, 0x82, 0x30,
  0x08, 0x84, 0x80, 0xB5, 0xB3, 0xC8, 0x08, 0xD8,
  0xC0, 0x0B, 0xBC, 0xBB, 0xBC, 0xC8, 0x9F, 0x9A,
  0xAA, 0x9D, 0xAA, 0xAA, 0xAB, 0xAC, 0x8B, 0xCB,
  0xB8, 0x08, 0xD8, 0x80, 0x08, 0x05, 0x58, 0x48,
  0x38, 0x48, 0x30, 0x03, 0x04, 0x84, 0x84, 0x03,
  0x04, 0x48, 0x08, 0x40, 0x08, 0x08, 0x78, 0x08,
  0x08, 0x58, 0x08, 0x48, 0x80, 0x04, 0x03, 0x44,
  0x38, 0x40, 0x43, 0x83, 0x34, 0x33, 0x40, 0x34,
  0x83, 0x34, 0x04, 0x33, 0x40, 0x40, 0x48, 0x08,
  0x48, 0x30, 0x80, 0x80, 0x80, 0x80, 0x80, 0x80,
  0xAF, 0x08, 0xF8, 0x09, 0xE0, 0x80, 0x0C, 0x8B,
  0xD0, 0x80, 0x8B, 0x8C, 0xD0, 0xC0, 0x80, 0x0B,
  0x8C, 0xC0, 0x08, 0x8C, 0xC0, 0x08, 0xC8, 0x80,
  0xD0, 0x08, 0x08, 0xD8, 0x08, 0x08, 0x08, 0x08,
  0x08, 0x80, 0x08, 0x70, 0x84, 0x80, 0x80, 0x70,
  0x01, 0x08, 0x08, 0x78, 0x01, 0x08, 0x78, 0x4B,
  0x08, 0x08, 0x08, 0x08, 0x08, 0x08, 0x08, 0xAF,
  0x08, 0x3F, 0x0C, 0x8B, 0x0C, 0x8C, 0x0B, 0x8C,
  0x8F, 0xA9, 0xAA, 0xB8, 0xBB, 0x8F, 0xAA, 0x8A,
  0x8E, 0xA9, 0xAA, 0xB8, 0xF0, 0x98, 0x08, 0x0B,
  0xB8, 0xB4, 0x03, 0x08, 0x85, 0x84, 0x03, 0x07,
  0x04, 0x23, 0x32, 0x25, 0x14, 0x14, 0x23, 0x14,
  0x42, 0x41, 0x21, 0x21, 0x22, 0x33, 0x83, 0x04,
  0x43, 0x80, 0x40, 0x80, 0x80, 0x80, 0x80, 0x8F,
  0x80, 0x0D, 0x08, 0x0D, 0x08, 0x0D, 0x3B, 0x8B,
  0x8C, 0xD0, 0xB3, 0x08, 0x0D, 0x08, 0xC8, 0x08,
  0xD0, 0x08, 0x8C, 0x80, 0x8C, 0xC0, 0x08, 0x0D,
  0xB8, 0xC8, 0xC8, 0x80, 0x0C, 0x0C, 0x0C, 0x8B,
  0x8B, 0x8C, 0xBC, 0xC0, 0xB8, 0x8C, 0x8B, 0xCC,
  0xB0, 0xC8, 0xB8, 0x8C, 0x8B, 0x0C, 0xC8, 0xC8,
  0x80, 0x0C, 0x08, 0x08, 0xE8, 0x80, 0x40, 0x08,
  0x58, 0x30, 0x80, 0x05, 0x03, 0x44, 0x38, 0x34,
  0x48, 0x33, 0x34, 0x33, 0x40, 0x34, 0x33, 0x34,
  0x04, 0x33, 0x04, 0x43, 0x03, 0x34, 0x40, 0x83,
  0x40, 0x80, 0x85, 0x30, 0x80, 0x80, 0x80, 0x80,
  0xF0, 0xD3, 0xC0, 0xB8, 0xC0, 0xB8, 0x8C, 0xCB,
  0x8B, 0xBC, 0xBC, 0xBB, 0xBC, 0xBC, 0xCB, 0x0E,
  0x9C, 0x9A, 0xAA, 0xBA, 0x0B, 0xBC, 0x0B, 0xCC,
  0x80, 0x0B, 0x8C, 0x80, 0x50, 0x08, 0x58, 0x38,
  0x70, 0x20, 0x22, 0x60, 0x30, 0x40, 0x10, 0x32,
  0x05, 0x21, 0x23, 0x03, 0x43, 0x30, 0x04, 0x03,
  0x04, 0x84, 0x80, 0x85, 0xB3, 0x84, 0x80, 0xB5,
  0x03, 0x08, 0x08, 0x08, 0x08, 0x08, 0x08, 0x08,
  0xF8, 0xF3, 0xC3, 0x08, 0x08, 0x0E, 0x08, 0x08,
  0x3D, 0x0C, 0x08, 0x08, 0x8D, 0x80, 0x00, 0xE8,
  0x08, 0x08, 0x80, 0x8E, 0x00, 0x88, 0x00, 0x8F,
  0x80, 0x80, 0x00, 0x0F, 0x08, 0x08, 0x08, 0x08,
  0x08, 0xF8, 0x88, 0x08, 0x80, 0x08, 0x80, 0x80,
  0xBF, 0x80, 0x00, 0x88, 0x00, 0x88, 0x00, 0x88,
  0x00, 0x88, 0x80, 0x80, 0x80, 0x00, 0x08, 0x08,
  0x08, 0x77, 0x77, 0x80, 0x70, 0x4B, 0x08, 0x08,
  0x50, 0x08, 0x80, 0x05, 0x08, 0x08, 0x78, 0x08,
  0x80, 0x08, 0x80, 0x80, 0x08, 0x9F, 0x80, 0xF0,
  0x08, 0x0C, 0x8B, 0x0C, 0x8C, 0x0B, 0xBC, 0x0C,
  0xAC, 0xB8, 0xDB, 0x8A, 0xBB, 0xCC, 0xB0, 0xB8,
  0xC8, 0x0C, 0x8B, 0xD0, 0x80, 0x80, 0x80, 0x80,
  0x70, 0x48, 0x30, 0x03, 0x44, 0x33, 0x43, 0x43,
  0x33, 0x64, 0x21, 0x22, 0x62, 0x28, 0x21, 0x22,
  0x30, 0x48, 0x83, 0x48, 0x4B, 0x08, 0x08, 0x0D,
  0x08, 0x8C, 0x80, 0xCC, 0xB0, 0xC8, 0xC0, 0x0B,
  0x0C, 0xAC, 0xB8, 0x8B, 0x8C, 0xD0, 0xC0, 0x80,
  0x0B, 0xC8, 0x08, 0x08, 0x08, 0x08, 0x08, 0x08,
  0x27, 0x06, 0x88, 0x85, 0x84, 0x03, 0x08, 0x84,
  0x04, 0x03, 0x04, 0x08, 0x85, 0x80, 0x85, 0x80,
  0x04, 0x08, 0x08, 0x08, 0x08, 0x08, 0x08, 0x08,
  0x08, 0x3F, 0x9F, 0x00, 0x88, 0x8E, 0x80, 0x80,
  0x0E, 0x08, 0xD8, 0x80, 0x80, 0x80, 0x3E, 0x8B,
  0x80, 0x80, 0x80, 0x80, 0x80, 0x80, 0x80, 0x80,
  0x80, 0x70, 0x17, 0x08, 0x08, 0x70, 0x01, 0x08,
  0x07, 0x08, 0x58, 0x08, 0x08, 0x68, 0x3B, 0x80,
  0x80, 0x80, 0x8E, 0x80, 0xE0, 0x80, 0x8B, 0xD0,
  0xB8, 0xC8, 0xC8, 0x0B, 0x8C, 0xCB, 0xB8, 0xBC,
  0xC8, 0xCB, 0xC0, 0xBA, 0xB8, 0x8C, 0xCB, 0xB8,
  0xC8, 0x80, 0x8C, 0x80, 0x80, 0x80, 0x80, 0x17,
  0x84, 0x44, 0x68, 0x10, 0x22, 0x32, 0x33, 0x73,
  0x22, 0x32, 0x32, 0x43, 0x33, 0x43, 0x84, 0x03,
  0x43, 0x80, 0x84, 0x00, 0x84, 0x80, 0x80, 0x00,
  0xF8, 0x88, 0x80, 0x0D, 0x88, 0x8C, 0xD0, 0x08,
  0xC8, 0x08, 0xD0, 0xB8, 0x08, 0xD8, 0x08, 0xD8,
  0x80, 0x0C, 0x08, 0x3D, 0x8B, 0x0C, 0x08, 0xD8,
  0x80, 0x0C, 0x08, 0x0D, 0x08, 0x8C, 0x80, 0x8C,
  0x00, 0x8D, 0x80, 0x8C, 0x80, 0x0D, 0x08, 0x08,
  0x08, 0x0F, 0x08, 0x03, 0x80, 0x08, 0x80, 0x08,
  0x17, 0x80, 0x07, 0xC3, 0x03, 0x03, 0x08, 0x85,
  0x04, 0x08, 0x04, 0x84, 0x80, 0x85, 0x80, 0x04,
  0x08, 0x04, 0x08, 0x04, 0x08, 0x08, 0x87, 0x80,
  0x80, 0x50, 0x80, 0x80, 0x80, 0x87, 0x00, 0x88,
  0x00, 0x08, 0x88, 0x00, 0x88, 0x00, 0x88, 0xDF,
  0xF8, 0x80, 0x8B, 0xD0, 0xB8, 0xC8, 0xC8, 0x0B,
  0x8C, 0xCB, 0xB8, 0x8C, 0xCB, 0x8B, 0xBC, 0x0C,
  0xAC, 0xB8, 0x8B, 0xCC, 0x80, 0x0C, 0x8B, 0xD0,
  0x80, 0x80, 0x80, 0x86, 0x30, 0x40, 0x40, 0x48,
  0x33, 0x43, 0x03, 0x27, 0x22, 0x32, 0x33, 0x34,
  0x33, 0x40, 0x34, 0x48, 0x83, 0x03, 0x04, 0x08,
  0x85, 0x80, 0x80, 0x80, 0x00, 0xF8, 0x09, 0x80,
  0x8E, 0x00, 0x0D, 0xC8, 0x80, 0x8B, 0x80, 0x8D,
  0x80, 0x8C, 0x80, 0x80, 0x0F, 0x08, 0xC8, 0x03,
  0x08, 0x08, 0x08, 0x08, 0x08, 0x80, 0x08, 0x80,
  0x80, 0x80, 0x80, 0x80, 0x08, 0x08, 0x08, 0x08,
  0x08, 0x08, 0x00, 0x00, 0x00, 0x00, 0x00, 0x2F,
  0xFF, 0x9F, 0x8F, 0x80, 0xD0, 0x08, 0x0C, 0x88,
  0x0C, 0x08, 0x8D, 0x8B, 0x80, 0x8D, 0x0C, 0x08,
  0x0D, 0x08, 0x8C, 0x80, 0x80, 0x3D, 0x4B, 0x0C,
  0x48, 0x3B, 0x80, 0x80, 0x86, 0x30, 0xB4, 0x84,
  0x03, 0x04, 0x03, 0x84, 0x04, 0x03, 0x04, 0x84,
  0x34, 0x08, 0x84, 0xB4, 0x03, 0x08, 0x08, 0x08,
  0x08, 0xF8, 0x09, 0xE8, 0xC0, 0xB8, 0xC0, 0x8B,
  0xBC, 0x0C, 0xCB, 0xBB, 0xB8, 0xBD, 0x0B, 0xCC,
  0xB0, 0x8B, 0x0C, 0x0C, 0x0C, 0x8B, 0x00, 0x08,
  0x88, 0x00, 0x07, 0x58, 0x48, 0x02, 0x33, 0x44,
  0x32, 0x43, 0x33, 0x43, 0x24, 0x33, 0x34, 0x48,
  0x33, 0x48, 0x30, 0x04, 0x08, 0x04, 0x08, 0x88,
  0x70, 0x0B, 0x88, 0x00, 0x0E, 0x88, 0x8B, 0x08,
  0xF0, 0x08, 0x0C, 0xB8, 0x08, 0x08, 0x8E, 0x80,
  0x8C, 0x80, 0x00, 0xF8, 0x80, 0x80, 0x80, 0xF0,
  0xB3, 0x08, 0x08, 0x08, 0x08, 0x08, 0x9F, 0x00,
  0x08, 0x88, 0x00, 0x88, 0x00, 0x88, 0x00, 0x88,
  0x00, 0x88, 0x80, 0x80, 0x80, 0x00, 0x08, 0x08,
  0x08, 0x00, 0x00, 0x00, 0x00, 0x00, 0x00, 0x00,
  0x00, 0x00, 0x00, 0x00, 0x00, 0x00, 0x00, 0x00,
  0x00, 0x00, 0x00, 0x00, 0x00, 0x00, 0x00, 0x70,
  0x7A, 0x77, 0x81, 0x00, 0x08, 0x88, 0x00, 0x88,
  0x00, 0x88, 0x00, 0x08, 0xF8, 0xEF, 0x08, 0x8F,
  0x80, 0x8C, 0x80, 0x8C, 0x8C, 0x0C, 0xC8, 0xC0,
  0xC0, 0xB0, 0xC0, 0x0B, 0x0C, 0x0C, 0x8B, 0x8B,
  0x8C, 0x0C, 0xC8, 0xC0, 0x80, 0xC0, 0x08, 0xC8,
  0xB4, 0xC3, 0x03, 0x08, 0x04, 0x88, 0x05, 0x43,
  0x03, 0x34, 0x84, 0x24, 0x33, 0x34, 0x33, 0x44,
  0x32, 0x43, 0x33, 0x43, 0x30, 0x04, 0x03, 0x04,
  0x84, 0x80, 0x85, 0x80, 0x80, 0x8C, 0x50, 0x8B,
  0xC8, 0x80, 0xC8, 0x08, 0x8D, 0x80, 0x8C, 0x00,
  0x8D, 0x80, 0x8C, 0x80, 0x0D, 0x08, 0xD8, 0x80,
  0x80, 0x80, 0x80, 0x80, 0x8F, 0x08, 0x08, 0x08,
  0x08, 0x08, 0x88, 0x00, 0x88, 0xEF, 0x08, 0x08,
  0x08, 0x08, 0x08, 0x08, 0x08, 0x3F, 0x3F, 0x0E,
  0x08, 0x08, 0x08, 0x08, 0x08, 0x08, 0x08, 0xF8,
  0x8B, 0x80, 0x80, 0x80, 0xBF, 0x08, 0x08, 0x08,
  0x80, 0x08, 0x80, 0x08, 0x3F, 0xBF, 0x07, 0x08,
  0x88, 0x00, 0x88, 0x07, 0x80, 0x50, 0x80, 0x80,
  0x86, 0x30, 0x80, 0x50, 0x80, 0x85, 0x80, 0x04,
  0x08, 0x04, 0x08, 0x08, 0x88, 0x80, 0x00, 0x88,
  0xF0, 0xF3, 0x08, 0x8C, 0xC0, 0x8B, 0x0C, 0x0C,
  0xAC, 0xB8, 0xCB, 0xB8, 0xCC, 0xBA, 0xCB, 0x0B,
  0x8F, 0xA9, 0xBA, 0x8A, 0xBB, 0x8C, 0x8B, 0x8C,
  0x0C, 0xC8, 0x80, 0x80, 0x80, 0x60, 0x40, 0x83,
  0x04, 0x43, 0x24, 0x33, 0x34, 0x33, 0x44, 0x25,
  0x31, 0x22, 0x33, 0x34, 0x43, 0x02, 0x34, 0x83,
  0x04, 0x03, 0x04, 0x88, 0x05, 0x08, 0xB4, 0x84,
  0x80, 0xD0, 0xC3, 0x80, 0x80, 0x80, 0x8D, 0x80,
  0x8C, 0x80, 0x80, 0x0F, 0x08, 0x08, 0x8D, 0x80,
  0x3C, 0x8B, 0x80, 0x8E, 0x00, 0xD8, 0xB3, 0x08,
  0x08, 0x08, 0x8F, 0x80, 0x80, 0x80, 0x08, 0x80,
  0x08, 0x80, 0xBF, 0x08, 0x08, 0x08, 0x08, 0x08,
  0x3F, 0x9F, 0x08, 0x80, 0x08, 0x80, 0x80, 0x08,
  0xCF, 0x80, 0x80, 0x08, 0x08, 0x80, 0xCF, 0x80,
  0x08, 0x80, 0x70, 0x6B, 0x8B, 0x04, 0x08, 0x08,
  0x88, 0x00, 0x07, 0x08, 0x08, 0x86, 0x80, 0x00,
  0x85, 0x00, 0x58, 0x80, 0x80, 0x60, 0x08, 0x08,
  0x08, 0x08, 0x80, 0x08, 0x08, 0x80, 0xF8, 0x0D,
  0xE8, 0x08, 0x0D, 0xB8, 0xC8, 0xC8, 0xC0, 0xC0,
  0x8A, 0xBB, 0xC8, 0xC8, 0x0B, 0xAD, 0xB8, 0xC0,
  0xB8, 0xC8, 0x08, 0x0D, 0xB8, 0x08, 0x08, 0x88,
  0x00, 0x07, 0x50, 0x48, 0x08, 0x53, 0x38, 0x43,
  0x48, 0x32, 0x03, 0x34, 0x30, 0x35, 0x48, 0x48,
  0x38, 0x30, 0x3C, 0x80, 0x80, 0x60, 0x8B, 0x80,
  0x80, 0x0E, 0x08, 0x0D, 0x08, 0x8C, 0xC0, 0x08,
  0xC8, 0x08, 0xD8, 0x80, 0x80, 0x80, 0xF0, 0x83,
  0x80, 0x80, 0x00, 0x06, 0x08, 0x08, 0x86, 0xB4,
  0x03, 0xB4, 0x03, 0x84, 0x80, 0x05, 0x08, 0x04,
  0x08, 0xC4, 0x80, 0x04, 0x08, 0x08, 0x08, 0x08,
  0x08, 0x08, 0x08, 0x08, 0xDF, 0x80, 0x80, 0x8F,
  0x08, 0xD8, 0x80, 0x80, 0xE8, 0x80, 0x80, 0xE0,
  0x80, 0x80, 0x3C, 0x0C, 0x08, 0x08, 0x08, 0x08,
  0x08, 0x08, 0x08, 0x80, 0x78, 0x7B, 0x01, 0x88,
  0x70, 0x80, 0x80, 0x05, 0x08, 0x08, 0x85, 0x80,
  0x00, 0x86, 0x80, 0x80, 0x80, 0x87, 0x00, 0xC8,
  0xC3, 0xB3, 0x08, 0x08, 0x8E, 0x00, 0x0D, 0xC8,
  0xB0, 0xC8, 0xC0, 0xC0, 0xB0, 0xCB, 0xC0, 0xB0,
  0xCB, 0xC0, 0x8A, 0xCB, 0x8A, 0x0C, 0x8B, 0x0C,
  0x0C, 0x88, 0x8B, 0x80, 0x08, 0x80, 0x07, 0x50,
  0x48, 0x30, 0x03, 0x44, 0x83, 0x34, 0x33, 0x34,
  0x34, 0x43, 0x38, 0x34, 0x03, 0x53, 0x48, 0x02,
  0x83, 0x04, 0x48, 0x80, 0x80, 0x05, 0x08, 0xD8,
  0xB3, 0x08, 0x08, 0x8E, 0x80, 0xD0, 0x80, 0x8C,
  0xC0, 0x80, 0x0C, 0x08, 0x0D, 0xC8, 0x80, 0x8B,
  0x80, 0x8D, 0x0C, 0x08, 0x0D, 0x08, 0x8C, 0x80,
  0x0C, 0x08, 0x8D, 0x80, 0x8C, 0x80, 0x3D, 0x8B,
  0x00, 0x88, 0x00, 0x88, 0x00, 0x88, 0x00, 0x57,
  0x08, 0x08, 0x07, 0x08, 0x68, 0x08, 0x80, 0x04,
  0x08, 0x85, 0x80, 0x85, 0x80, 0x40, 0x80, 0x80,
  0x86, 0x80, 0x40, 0x80, 0x80, 0x80, 0x80, 0xB7,
  0x04, 0x88, 0x80, 0x00, 0x88, 0x00, 0x78, 0x01,
  0x80, 0x08, 0x80, 0x08, 0x70, 0x03, 0x88, 0x00,
  0x78, 0x7B, 0x08, 0x08, 0x08, 0x08, 0x80, 0xF0,
  0x09, 0x08, 0x8E, 0xC0, 0xB8, 0xC8, 0xB8, 0xD8,
  0xC0, 0xB8, 0x8B, 0xCC, 0xB0, 0xBC, 0xC0, 0xC0,
  0xBA, 0xB8, 0xC8, 0xC8, 0x80, 0x0C, 0xC8, 0x80,
  0x80, 0x80, 0x80, 0x80, 0x70, 0x51, 0x48, 0x48,
  0x38, 0x03, 0x34, 0x84, 0x43, 0x33, 0x30, 0x35,
  0x48, 0x83, 0x34, 0x48, 0x38, 0x40, 0x80, 0x58,
  0x08, 0x08, 0x40, 0x80, 0xE0, 0xB3, 0xB3, 0x88,
  0x00, 0x88, 0x00, 0xF8, 0x89, 0x08, 0x80, 0xF8,
  0xD3, 0x80, 0x80, 0x80, 0x80, 0x80, 0x80, 0x80,
  0x80, 0xCF, 0x80, 0x80, 0xB7, 0x80, 0x08, 0x08,
  0x80, 0x08, 0x80, 0x08, 0x80, 0x80, 0x3F, 0xBF,
  0x80, 0x80, 0xF0, 0x89, 0x80, 0x8F, 0x80, 0x8C,
  0x80, 0x8C, 0xD0, 0x08, 0x8C, 0x80, 0x0C, 0xC8,
  0x08, 0xD8, 0x80, 0x0C, 0x08, 0x08, 0x0E, 0x08,
  0x88, 0x00, 0x08, 0x88, 0x00, 0x88, 0x37, 0x08,
  0x07, 0x08, 0x85, 0x04, 0x83, 0x04, 0x03, 0x04,
  0x03, 0x85, 0x04, 0x83, 0x04, 0x03, 0x58, 0x80,
  0x04, 0x88, 0xB5, 0x03, 0x08, 0x08, 0x8E, 0x80,
  0x0C, 0xC8, 0xC8, 0xC0, 0xC0, 0xB0, 0x8B, 0x0C,
  0xBC, 0x0B, 0xCC, 0xB0, 0xCB, 0xC0, 0x8A, 0x0B,
  0xBC, 0xC8, 0xB8, 0x08, 0x0D, 0x08, 0xD8, 0x03,
  0x08, 0x08, 0x86, 0x40, 0x48, 0x48, 0x02, 0x03,
  0x53, 0x33, 0x48, 0x24, 0x03, 0x43, 0x30, 0x34,
  0x40, 0x48, 0x48, 0x08, 0x83, 0x04, 0x08, 0x58,
  0x80, 0x80, 0x80, 0x80, 0x8F, 0x80, 0x80, 0x8D,
  0x00, 0xD8, 0x08, 0xD8, 0x80, 0x80, 0x0D, 0x08,
  0x08, 0x0E, 0x08, 0x08, 0x8D, 0x80, 0x80, 0x80,
  0x80, 0x80, 0x80, 0x80, 0x80, 0x08, 0x08, 0x08,
  0x08, 0x08, 0x80, 0x80, 0x80, 0x80, 0x80, 0x70,
  0x0B, 0x77, 0x27, 0x08, 0x08, 0x08, 0xBF, 0x88,
  0x80, 0x00, 0x88, 0x00, 0x08, 0x08, 0x08, 0x08,
  0x88, 0x80, 0xFF, 0x8F, 0x08, 0x08, 0x08, 0x08,
  0x08, 0x08, 0xFF, 0x80, 0x80, 0x80, 0x3F, 0x0C,
  0x88, 0x00, 0x88, 0x00, 0x88, 0x00, 0x88, 0x00,
  0x88, 0x00, 0x88, 0x00, 0x08, 0x08, 0x3F, 0x3F,
  0xBF, 0x08, 0x08, 0xAF, 0x80, 0xF0, 0x08, 0x08,
  0x8D, 0xC0, 0x80, 0xC8, 0xC0, 0x08, 0xC8, 0xC8,
  0x80, 0xD0, 0x80, 0xC0, 0x08, 0xC8, 0x08, 0xC8,
  0x08, 0x08, 0x08, 0x08, 0x08, 0x08, 0x27, 0x80,
  0x07, 0x04, 0x03, 0x04, 0x34, 0x03, 0x44, 0x83,
  0x34, 0x48, 0x83, 0x34, 0x83, 0x04, 0x03, 0x58,
  0x30, 0x80, 0x50, 0x80, 0x08, 0x80, 0x80, 0x08,
  0x80, 0x08, 0xF0, 0x8C, 0x80, 0xF0, 0x09, 0xE0,
  0x80, 0x08, 0xD0, 0x08, 0x08, 0x08, 0xF8, 0x80,
  0x80, 0x80, 0x80, 0x80, 0x3F, 0x0C, 0x08, 0x88,
  0x00, 0x88, 0x00, 0x88, 0x00, 0x88, 0x00, 0x88,
  0xF0, 0xF3, 0xF3, 0x08, 0x08, 0x08, 0x08, 0x3F,
  0x0C, 0x08, 0x08, 0x08, 0xE8, 0xC3, 0x80, 0x80,
  0x80, 0x00, 0x88, 0x00, 0x88, 0x00, 0x88, 0x80,
  0x80, 0x80, 0x80, 0x00, 0x08, 0x08, 0x08, 0x08,
  0x08, 0x09, 0x77, 0x77, 0x70, 0x08, 0x08, 0x04,
  0x08, 0x85, 0x80, 0x85, 0x80, 0x04, 0x08, 0x04,
  0x08, 0x88, 0x00, 0x78, 0x0B, 0x88, 0x00, 0x8F,
  0x80, 0x0C, 0xC8, 0x0B, 0xC8, 0x0C, 0xCB, 0xB8,
  0x8B, 0xCC, 0xBB, 0x8B, 0xCC, 0x0B, 0x8F, 0xA9,
  0x8A, 0xBA, 0xB8, 0x8C, 0x8B, 0x8C, 0x0C, 0xC8,
  0x80, 0x80, 0x80, 0x80, 0x70, 0x40, 0x48, 0x83,
  0x34, 0x48, 0x33, 0x43, 0x24, 0x33, 0x34, 0x87,
  0x84, 0x03, 0x21, 0x22, 0x83, 0x24, 0x03, 0x03,
  0x58, 0x08, 0x84, 0x00, 0x08, 0x88, 0x00, 0x88,
  0x80, 0x00, 0x88, 0xDF, 0x80, 0x8E, 0x80, 0x80,
  0x0E, 0x08, 0xD8, 0x80, 0x80, 0x0D, 0x08, 0x08,
  0x08, 0x8F, 0x80, 0x80, 0x00, 0x08, 0x88, 0x00,
  0xF8, 0xE3, 0x08, 0x80, 0x08, 0x80, 0x08, 0x80,
  0x08, 0x80, 0xF8, 0xF3, 0xC3, 0x08, 0x08, 0x08,
  0x08, 0x3F, 0x08, 0xD8, 0x08, 0x80, 0x08, 0x80,
  0x08, 0xF0, 0x0A, 0x08, 0x08, 0x08, 0x08, 0x80,
  0x08, 0x80, 0xF8, 0x8F, 0x08, 0x78, 0x00, 0x08,
  0x08, 0x08, 0x08, 0x78, 0x01, 0x60, 0x80, 0x80,
  0x05, 0x08, 0x85, 0x80, 0x50, 0x08, 0x08, 0x08,
  0x78, 0x80, 0x80, 0x08, 0xF0, 0x80, 0x80, 0xD0,
  0x80, 0x8B, 0xD0, 0xB8, 0x08, 0x8D, 0x8B, 0x8C,
  0x0C, 0xBC, 0xC0, 0xB0, 0xC8, 0xC0, 0x0B, 0x8C,
  0x0B, 0x8C, 0xC0, 0x08, 0x0C, 0x08, 0x0D, 0x08,
  0x88, 0x50, 0x80, 0x50, 0x08, 0x84, 0x40, 0x48,
  0x48, 0x38, 0x03, 0x84, 0x84, 0x84, 0x30, 0x48,
  0x80, 0x04, 0x48, 0x80, 0x80, 0x80, 0x06, 0x08,
  0x08, 0x88, 0x00, 0x88, 0x00, 0x88, 0x00, 0x88,
  0x00, 0x88, 0x00, 0x08, 0x77, 0x05, 0x88, 0x00,
  0x17, 0x80, 0x87, 0x00, 0x48, 0x80, 0x80, 0x86,
  0x80, 0x80, 0x80, 0x87, 0xB0, 0x03, 0x08, 0x08,
  0x08, 0x08, 0x9F, 0x08, 0x08, 0x08, 0x08, 0x9F,
  0x88, 0x00, 0x88, 0x80, 0x00, 0xF8, 0x0C, 0x88,
  0x00, 0x08, 0xAF, 0x08, 0x08, 0x08, 0xF8, 0xE3,
  0x80, 0x80, 0x08, 0x8E, 0x00, 0x08, 0x88, 0x00,
  0x88, 0x80, 0x00, 0x37, 0x80, 0x08, 0x80, 0x37,
  0x08, 0x78, 0x00, 0x80, 0x06, 0x88, 0x00, 0x85,
  0x80, 0x00, 0x86, 0x80, 0x80, 0x80, 0x80, 0x80,
  0x80, 0x3F, 0x0E, 0x08, 0x0D, 0xC8, 0xB0, 0x08,
  0x0D, 0x0C, 0x8B, 0x8B, 0xCC, 0xB0, 0x0C, 0x0C,
  0x8B, 0x8B, 0xCC, 0xB0, 0xC8, 0x80, 0x0C, 0xC8,
  0x80, 0x0C, 0x08, 0x08, 0x88, 0x00, 0x88, 0x17,
  0x50, 0x40, 0x48, 0x38, 0x04, 0x33, 0x40, 0x34,
  0x83, 0x34, 0x34, 0x48, 0x83, 0x84, 0x24, 0x80,
  0x84, 0x03, 0x40, 0x08, 0x08, 0x80, 0x80, 0x08,
  0x80, 0xF8, 0x8A, 0x80, 0x8F, 0xD8, 0x80, 0x0C,
  0x88, 0x0C, 0x8C, 0x80, 0x8C, 0xD0, 0x80, 0x80,
  0x8C, 0xD0, 0x80, 0x80, 0x8C, 0x00, 0x88, 0x0E,
  0x08, 0x08, 0x08, 0x08, 0x08, 0x08, 0x08, 0x08,
  0x08, 0x77, 0x08, 0x08, 0x87, 0x80, 0x80, 0x05,
  0x08, 0xC4, 0x03, 0x08, 0x04, 0x08, 0x08, 0x86,
  0x80, 0x80, 0x80, 0x80, 0x80, 0x70, 0x8B, 0x80,
  0xB7, 0x80, 0x50, 0x8B, 0x08, 0xB5, 0x48, 0x4B,
  0x3B, 0x08, 0x08, 0x80, 0x78, 0x4B, 0x08, 0x08,
  0x58, 0x80, 0x80, 0x80, 0x60, 0x80, 0x80, 0x80,
  0x80, 0x80, 0x80, 0x80, 0x80, 0x80, 0x80, 0x80,
  0xFF, 0x0A, 0xF8, 0x88, 0x0D, 0xC8, 0xC0, 0xC0,
  0xB0, 0xB8, 0xC8, 0xB8, 0x0D, 0x0C, 0xBB, 0xC8,
  0xC0, 0xC0, 0x8A, 0xC0, 0xC0, 0x80, 0x0B, 0x08,
  0x8D, 0x80, 0x80, 0x80, 0x70, 0x80, 0x40, 0x48,
  0x30, 0x40, 0x40, 0x03, 0x53, 0x48, 0x02, 0x43,
  0x38, 0x84, 0x84, 0x03, 0x03, 0x04, 0x48, 0x80,
  0x85, 0x80, 0xB4, 0x84, 0x80, 0x80, 0x80, 0x80,
  0x80, 0x80, 0x80, 0x80, 0x80, 0x80, 0x08, 0x80,
  0x08, 0x08, 0x08, 0x08, 0x80, 0x80, 0x80, 0xFF,
  0xFF, 0x08, 0x08, 0x08, 0xAF, 0x80, 0x80, 0x80,
  0x9F, 0x80, 0x80, 0xF0, 0x88, 0x80, 0x8D, 0x80,
  0x00, 0x0F, 0x08, 0x0C, 0xB8, 0x88, 0xD0, 0x08,
  0x08, 0x0E, 0x08, 0x8C, 0x80, 0x8C, 0x80, 0x80,
  0xF0, 0x80, 0x80, 0x08, 0x80, 0x08, 0x80, 0x17,
  0x08, 0x08, 0x70, 0x80, 0x50, 0x08, 0x84, 0x80,
  0x85, 0x84, 0x03, 0x03, 0x58, 0x08, 0x84, 0x04,
  0x83, 0x04, 0x08, 0x84, 0x00, 0x04, 0x08, 0x05,
  0x08, 0x08, 0x08, 0x08, 0x9F, 0x80, 0xE0, 0x08,
  0xC8, 0xC0, 0xB8, 0x88, 0xCC, 0xB8, 0xC8, 0x0C,
  0x8B, 0x8C, 0xCB, 0xB8, 0x8C, 0xCB, 0xB8, 0xC8,
  0xC0, 0xB8, 0x88, 0x8C, 0xD0, 0x08, 0x08, 0x08,
  0x08, 0x08, 0x07, 0x00, 0x85, 0x04, 0x03, 0x44,
  0x48, 0x02, 0x43, 0x38, 0x84, 0x24, 0x30, 0x48,
  0x30, 0x04, 0x48, 0x80, 0x40, 0x80, 0x50, 0x08,
  0x08, 0x08, 0x08, 0x08, 0x08, 0x08, 0x88, 0x00,
  0xEF, 0x80, 0x80, 0x80, 0x9F, 0x00, 0x88, 0x00,
  0x88, 0x3F, 0x0D, 0x08, 0x08, 0x08, 0x08, 0x08,
  0x08, 0x08, 0x08, 0x88, 0x00, 0x88, 0x00, 0x08,
  0x08, 0x08, 0x88, 0x80, 0x80, 0x90, 0x00, 0x00,
  0x00, 0x00, 0x00, 0x00, 0x00, 0x00, 0x00, 0x00,
  0x00, 0x00, 0x00, 0xFF, 0xFF, 0x08, 0x3F, 0x0C,
  0x08, 0x08, 0x8D, 0x80, 0xD0, 0x08, 0x08, 0x3D,
  0x8B, 0x80, 0x80, 0x3F, 0x8B, 0x80, 0x80, 0x80,
  0x80, 0x00, 0x88, 0x00, 0x88, 0x80, 0x80, 0x70,
  0x27, 0x08, 0x08, 0x08, 0x27, 0x80, 0x00, 0x17,
  0x08, 0x08, 0x08, 0x08, 0x08, 0x08, 0x08, 0xF8,
  0xF3, 0xD3, 0xC8, 0xB3, 0x08, 0x8D, 0xC0, 0xC0,
  0xB8, 0xC0, 0x08, 0x8C, 0x8B, 0x0C, 0xC8, 0xC8,
  0x80, 0xD0, 0x80, 0x80, 0x80, 0x80, 0x08, 0x78,
  0x81, 0x50, 0x40, 0x48, 0x38, 0x40, 0x03, 0x84,
  0x84, 0x24, 0x30, 0x48, 0x30, 0x40, 0x40, 0x08,
  0x84, 0x40, 0x08, 0x58, 0x08, 0x08, 0x08, 0x08,
  0xB7, 0x03, 0x3C, 0x08, 0xC8, 0x08, 0x08, 0x08,
  0x08, 0xF8, 0x09, 0x08, 0x08, 0x88, 0x9F, 0x80,
  0x80, 0x80, 0x80, 0x9F, 0x08, 0x08, 0x08, 0x08,
  0x08, 0x08, 0x88, 0x00, 0x88, 0x00, 0xFF, 0x04,
  0x8F, 0x80, 0x80, 0x80, 0x80, 0x80, 0x80, 0x80,
  0xBF, 0x08, 0x08, 0x08, 0x08, 0x08, 0x80, 0x08,
  0x80, 0x08, 0xFF, 0x8C, 0x80, 0x00, 0x88, 0x00,
  0x88, 0x00, 0x88, 0x00, 0x78, 0x47, 0x80, 0x80,
  0x78, 0x02, 0x08, 0x78, 0x81, 0x50, 0x08, 0x80,
  0x78, 0x08, 0x08, 0x08, 0x68, 0x3B, 0x8B, 0x50,
  0x08, 0x08, 0x08, 0x8E, 0x80, 0x80, 0x80, 0x8E,
  0x80, 0x0D, 0x0C, 0x0C, 0xB8, 0x8B, 0x8C, 0xBC,
  0xC0, 0xAC, 0xB8, 0x8B, 0x9F, 0x0A, 0xAB, 0x0C,
  0x8B, 0x8B, 0xBC, 0x88, 0x8C, 0xD0, 0x08, 0x08,
  0x08, 0x08, 0x07, 0x08, 0x84, 0x04, 0x03, 0x04,
  0x34, 0x84, 0x07, 0x11, 0x02, 0x32, 0x42, 0x02,
  0x33, 0x85, 0x33, 0x40, 0x48, 0x48, 0x38, 0x80,
  0x84, 0x00, 0x58, 0x08, 0x08, 0x08, 0x80, 0x08,
  0x80, 0xF0, 0x8A, 0x80, 0x80, 0x9F, 0x80, 0x80,
  0x80, 0x8F, 0x08, 0x88, 0x00, 0x88, 0xF0, 0x89,
  0x80, 0x08, 0x80, 0x08, 0x80, 0x08, 0x80, 0x08,
  0x80, 0x08, 0x08, 0x08, 0xFF, 0x8F, 0x08, 0x08,
  0x08, 0x08, 0x08, 0x08, 0x08, 0x08, 0x88, 0xFF,
  0x8B, 0x80, 0x80, 0xBF, 0x08, 0x08, 0x08, 0xBF,
  0x80, 0x00, 0x08, 0x88, 0x00, 0x3F, 0x9F, 0x50,
  0x3B, 0x3C, 0x80, 0x80, 0x00, 0x88, 0x00, 0x08,
  0x88, 0x37, 0x00, 0x08, 0x78, 0x82, 0x00, 0x07,
  0x08, 0x68, 0x08, 0x08, 0x04, 0x08, 0x68, 0x08,
  0x08, 0x08, 0x08, 0xB7, 0xB3, 0x08, 0x08, 0x08,
  0xF8, 0x88, 0x0C, 0xC8, 0xC8, 0xC0, 0xC0, 0xB0,
  0xB8, 0x8C, 0x8B, 0x0C, 0x0D, 0xBB, 0xC8, 0xC0,
  0xC0, 0xB0, 0xB8, 0x08, 0x0D, 0xC8, 0x80, 0x08,
  0x80, 0x3E, 0x80, 0x80, 0x60, 0x08, 0x84, 0x40,
  0x48, 0x48, 0x08, 0x83, 0x04, 0x48, 0x30, 0x80,
  0x05, 0x48, 0x80, 0x04, 0x88, 0x85, 0x00, 0x03,
  0x08, 0x60, 0x80, 0x80, 0x80, 0x87, 0x80, 0x80,
  0x80, 0xB7, 0x03, 0x08, 0x08, 0x08, 0x08, 0x88,
  0x00, 0x88, 0x70, 0x7B, 0x00, 0x08, 0x08, 0x08,
  0x88, 0x80, 0x00, 0x88, 0x00, 0x3F, 0xAF, 0x80,
  0x00, 0x88, 0x00, 0x88, 0x00, 0x88, 0x00, 0xF8,
  0x9F, 0x80, 0x08, 0x80, 0x08, 0x80, 0x08, 0x08,
  0xFF, 0x88, 0x80, 0x80, 0x08, 0x80, 0x08, 0x80,
  0x80, 0x80, 0x80, 0x80, 0x08, 0x08, 0x08, 0x08,
  0x08, 0x08, 0x00, 0x00, 0x00, 0x00, 0x00, 0x70,
  0x77, 0x07, 0x08, 0x08, 0x08, 0x80, 0x08, 0x80,
  0x80, 0x80, 0x80, 0x80, 0x08, 0x08, 0x08, 0x08,
  0x08, 0x08, 0x00, 0x00, 0x00, 0x00, 0xFF, 0xFF,
  0x08, 0x3F, 0x0C, 0x08, 0xC8, 0x08, 0x0D, 0x08,
  0x8C, 0x80, 0x80, 0x80, 0x80, 0x80, 0x00, 0xAF,
  0x08, 0x08, 0x08, 0x08, 0x08, 0xCF, 0x08, 0x8F,
  0x80, 0x8C, 0x00, 0x8D, 0x80, 0x8C, 0x80, 0xE0,
  0xB0, 0xC8, 0xCB, 0x80, 0x80, 0x8C, 0xFC, 0x70,
  0x77, 0x14, 0x08, 0x08, 0x88, 0x08, 0x88, 0x00,
  0x10, 0xB9, 0xBB, 0xAB, 0xCB, 0xB9, 0xBA, 0xBA,
  0x9C, 0x99, 0x8A, 0xAA, 0xB0, 0x8B, 0x80, 0x80,
  0x80, 0x8F, 0x8B, 0x77, 0x26, 0x11, 0x81, 0x80,
  0x10, 0x89, 0xA0, 0x80, 0x80, 0x80, 0x03, 0xB4,
  0xC8, 0xCB, 0xBB, 0x8B, 0xD0, 0xCB, 0x80, 0x0C,
  0xCB, 0x0B, 0x03, 0x0D, 0xB8, 0xC8, 0x08, 0x08,
  0x08, 0x08, 0x08, 0x08, 0x27, 0xE8, 0x08, 0x08,
  0x08, 0x70, 0xB8, 0x08, 0x08, 0x08, 0x80, 0x08,
  0xF8, 0x03, 0x08, 0x08, 0x9F, 0x08, 0x06, 0x88,
  0x80, 0x00, 0x88, 0xB7, 0x80, 0x80, 0x80, 0x80,
  0x17, 0xD8, 0x30, 0xB4, 0xC8, 0x30, 0x44, 0x0B,
  0x0C, 0x16, 0x80, 0xAC, 0x20, 0x15, 0xC2, 0xC9,
  0x19, 0x26, 0x00, 0xB9, 0xC9, 0x21, 0x43, 0x12,
  0xA2, 0xFA, 0xDB, 0x08, 0x53, 0x43, 0x13, 0x90,
  0xCA, 0xCC, 0xBC, 0xBA, 0x9A, 0xBB, 0xCB, 0xAB,
  0xAC, 0x98, 0x08, 0x08, 0xA8, 0x20, 0x33, 0x77,
  0x43, 0x32, 0x21, 0x00, 0x99, 0x98, 0x08, 0x52,
  0x41, 0x35, 0x42, 0x33, 0x34, 0x34, 0x33, 0x24,
  0x33, 0x24, 0x11, 0x08, 0x98, 0x8A, 0xAD, 0x9C,
  0xAE, 0x9A, 0xAA, 0xAB, 0xD9, 0x9B, 0x9C, 0xA9,
  0x08, 0xA8, 0xBB, 0xC8, 0xBB, 0x88, 0x00, 0x86,
  0x40, 0x08, 0xC8, 0xC8, 0xBB, 0x08, 0x08, 0x36,
  0x27, 0x21, 0xA2, 0x08, 0x8B, 0xFC, 0xA9, 0xC9,
  0x0A, 0xAA, 0xB0, 0xBB, 0xC0, 0xCB, 0x0B, 0x0C,
  0x08, 0x0D, 0x08, 0x48, 0x0B, 0x08, 0x88, 0x87,
  0x33, 0x40, 0x17, 0x12, 0x20, 0x38, 0x88, 0x8B,
  0x0C, 0x08, 0x88, 0x3E, 0x40, 0x43, 0x38, 0x04,
  0x33, 0x34, 0x34, 0x48, 0x48, 0x32, 0x43, 0x80,
  0x03, 0x04, 0x58, 0x08, 0x08, 0xCC, 0xC0, 0x80,
  0x80, 0x80, 0xBD, 0xC0, 0x08, 0x8C, 0x84, 0x80,
  0xD0, 0xB0, 0x0C, 0x88, 0x40, 0x40, 0x48, 0x0B,
  0xBC, 0xC0, 0x0B, 0x08, 0x44, 0x38, 0x04, 0x83,
  0x40, 0x84, 0x03, 0x08, 0xFD, 0xBB, 0xBC, 0xBD,
  0xCB, 0xCA, 0xAB, 0xCA, 0xBA, 0xBA, 0x9A, 0x0A,
  0x08, 0x38, 0x40, 0x43, 0x42, 0x32, 0x43, 0x30,
  0x43, 0x03, 0x34, 0x27, 0x41, 0x24, 0x33, 0x54,
  0x23, 0x34, 0x23, 0x25, 0x22, 0x23, 0x23, 0x21,
  0x02, 0x08, 0xB8, 0x8C, 0xCB, 0xFB, 0x9A, 0xDA,
  0xA9, 0xC9, 0x9A, 0xAA, 0x9D, 0xAA, 0x0A, 0xAB,
  0x0C, 0x8B, 0x8B, 0x80, 0x8D, 0x80, 0x8C, 0x80,
  0x80, 0x80, 0x70, 0x8B, 0x80, 0x80, 0x80, 0x80,
  0x80, 0x3F, 0x80, 0x80, 0x80, 0x80, 0x80, 0x80,
  0x80, 0x00, 0x88, 0x80, 0x80, 0x80, 0x77, 0xD7,
  0x08, 0x08, 0x08, 0x08, 0x17, 0x08, 0x08, 0x07,
  0x08, 0x0D, 0x08, 0x08, 0x68, 0x08, 0x08, 0x08,
  0x08, 0x08, 0xF8, 0x88, 0xE0, 0x80, 0x80, 0x58,
  0x80, 0x80, 0x80, 0x80, 0x80, 0x80, 0x27, 0x08,
  0xB6, 0x88, 0x8C, 0x8C, 0xD0, 0x80, 0x8B, 0x8C,
  0x0C, 0xBC, 0xC0, 0x80, 0x8B, 0x80, 0x80, 0x0F,
  0x08, 0x08, 0x08, 0x86, 0x80, 0x80, 0x86, 0x30,
  0x04, 0x43, 0x30, 0x40, 0x40, 0x03, 0x08, 0x88,
  0xF0, 0xC0, 0xBA, 0xCB, 0x9E, 0x9C, 0x9C, 0x9B,
  0x9A, 0xBA, 0xB0, 0x3B, 0x0C, 0x48, 0x80, 0x40,
  0x40, 0x08, 0x84, 0x84, 0x30, 0x04, 0x43, 0x43,
  0x33, 0x34, 0x46, 0x31, 0x34, 0x43, 0x53, 0x22,
  0x33, 0x41, 0x13, 0x42, 0x10, 0x82, 0x83, 0xB0,
  0xC8, 0xC0, 0x0B, 0xBC, 0xFB, 0x9A, 0xAA, 0xBA,
  0xBB, 0xAC, 0xAC, 0xBB, 0xBC, 0xC0, 0x0B, 0x0C,
  0x0C, 0x0B, 0x8C, 0x80, 0x8B, 0x08, 0x80, 0x08,
  0x80, 0x80, 0x08, 0x80, 0x08, 0x80, 0x78, 0x27,
  0x08, 0x08, 0x08, 0x08, 0x08, 0x08, 0x08, 0x80,
  0x08, 0x08, 0xF8, 0xFF, 0x08, 0x08, 0x08, 0x08,
  0x27, 0x08, 0x80, 0x08, 0x08, 0x80, 0x08, 0x80,
  0x08, 0x80, 0x08, 0x08, 0x08, 0xF8, 0xFF, 0x09,
  0x88, 0x00, 0x88, 0xBF, 0x08, 0x80, 0x08, 0xF0,
  0x8B, 0x08, 0x08, 0x08, 0x80, 0x08, 0x08, 0x08,
  0x08, 0x08, 0x70, 0x67, 0x80, 0x07, 0x08, 0x58,
  0x80, 0x84, 0x00, 0x84, 0x80, 0x00, 0x88, 0x07,
  0x08, 0x08, 0x60, 0x08, 0x84, 0x84, 0x84, 0x03,
  0x88, 0x85, 0x80, 0x8B, 0x08, 0xBE, 0xBC, 0xBB,
  0xAF, 0x9D, 0x9B, 0x9C, 0xAB, 0x9C, 0xCA, 0xA9,
  0xAA, 0xB0, 0x0B, 0x0C, 0x8B, 0x0C, 0x08, 0x08,
  0xE8, 0x03, 0x08, 0x68, 0x83, 0x84, 0x17, 0x12,
  0x52, 0x13, 0x34, 0x43, 0x13, 0x53, 0x32, 0x32,
  0x22, 0x53, 0x10, 0x02, 0x02, 0x08, 0x8C, 0xC0,
  0xC0, 0xB8, 0x8B, 0xCC, 0xB0, 0xBC, 0xC0, 0x0B,
  0xC8, 0x80, 0x0C, 0x08, 0x08, 0x08, 0x78, 0x80,
  0x40, 0x40, 0x48, 0x08, 0x03, 0x04, 0x58, 0x08,
  0x48, 0x80, 0x80, 0x80, 0x80, 0x80, 0x08, 0xF0,
  0x8A, 0x80, 0x8F, 0x80, 0x0D, 0xC8, 0x80, 0x0C,
  0x08, 0x0D, 0xC8, 0x80, 0x80, 0x80, 0x8D, 0x00,
  0x88, 0x0E, 0x08, 0x08, 0x08, 0x0F, 0x88, 0x00,
  0x88, 0x80, 0x00, 0x9F, 0x80, 0x80, 0x80, 0x80,
  0x80, 0x80, 0xBF, 0x08, 0x08, 0x08, 0x08, 0x80,
  0x08, 0x80, 0x08, 0x80, 0x80, 0x80, 0x80, 0x08,
  0x78, 0x77, 0x74, 0x00, 0x58, 0x80, 0x40, 0x08,
  0x80, 0x08, 0x87, 0x80, 0x80, 0x50, 0x80, 0x80,
  0x80, 0x07, 0x38, 0x00, 0x08, 0x86, 0x80, 0xD0,
  0x08, 0xC8, 0x0C, 0xCB, 0xBB, 0xAC, 0xDC, 0xAA,
  0xDA, 0xC9, 0x99, 0xCA, 0xA9, 0xAA, 0xBA, 0xCA,
  0x8A, 0x0B, 0xCC, 0x80, 0xC0, 0x80, 0x84, 0x80,
  0x34, 0x70, 0x40, 0x32, 0x52, 0x13, 0x34, 0x33,
  0x27, 0x21, 0x23, 0x43, 0x32, 0x32, 0x22, 0x23,
  0x33, 0x84, 0x84, 0x80, 0x80, 0x8C, 0xD0, 0xB0,
  0xBC, 0xC0, 0xBB, 0xBC, 0xC0, 0x8A, 0x8F, 0x89,
  0x0A, 0xBB, 0xC0, 0x80, 0x0C, 0x08, 0x8C, 0x00,
  0xD8, 0x80, 0x08, 0xE0, 0x80, 0x08, 0xD0, 0x08,
  0xC8, 0x08, 0x0D, 0xB8, 0x08, 0x8D, 0x8B, 0x8C,
  0xC0, 0x08, 0x0D, 0x0C, 0x08, 0x0C, 0x08, 0x8C,
  0x80, 0x80, 0x80, 0x80, 0x80, 0x80, 0x80, 0x00,
  0x88, 0x00, 0x88, 0x77, 0x82, 0x70, 0x00, 0x85,
  0x80, 0x85, 0x84, 0x30, 0x48, 0x30, 0x40, 0x40,
  0x48, 0x48, 0x38, 0x30, 0x40, 0x08, 0x04, 0x08,
  0x85, 0x80, 0x85, 0x80, 0x80, 0x80, 0x80, 0x00,
  0x88, 0x00, 0x88, 0x00, 0x08, 0x08, 0x08, 0xF8,
  0xBF, 0x08, 0x08, 0x08, 0x08, 0x08, 0x08, 0x08,
  0x80, 0x80, 0x80, 0x80, 0xF8, 0xFF, 0x9F, 0xCC,
  0xB0, 0xCB, 0xBB, 0xCB, 0xAC, 0xBB, 0xBC, 0x9F,
  0xA9, 0xAA, 0xBA, 0xCA, 0xBA, 0xCB, 0xC0, 0x8A,
  0x0B, 0xC8, 0x08, 0x08, 0x68, 0x30, 0x40, 0x34,
  0x33, 0x27, 0x24, 0x43, 0x32, 0x25, 0x43, 0x32,
  0x52, 0x31, 0x13, 0x42, 0x21, 0x21, 0x83, 0x03,
  0x03, 0x08, 0x08, 0x8F, 0x0B, 0x8C, 0x8B, 0xCC,
  0x0B, 0xAC, 0x0C, 0xBB, 0x0C, 0xAC, 0x8B, 0x8B,
  0x8C, 0x0C, 0xC8, 0x80, 0x0C, 0x3C, 0x8B, 0x80,
  0x8C, 0x80, 0x80, 0x80, 0xF0, 0xD3, 0x80, 0x80,
  0x80, 0x80, 0x80, 0x80, 0x80, 0x80, 0x80, 0x80,
  0x80, 0x80, 0x80, 0x77, 0x03, 0x08, 0x08, 0x08,
  0x57, 0x08, 0x08, 0x08, 0x08, 0x08, 0x08, 0x08,
  0x08, 0x78, 0x0B, 0x08, 0x08, 0x08, 0x08, 0x08,
  0x08, 0x08, 0x08, 0x08, 0x08, 0x08, 0x09, 0x00,
  0xF0, 0xFF, 0x8F, 0x80, 0x80, 0x80, 0xAF, 0x80,
  0x08, 0xF0, 0x89, 0x80, 0x8E, 0x80, 0x0D, 0x08,
  0x08, 0x0E, 0x08, 0x08, 0x8D, 0x80, 0x80, 0x80,
  0x80, 0x80, 0x17, 0x80, 0x80, 0x80, 0x80, 0x80,
  0x37, 0x8F, 0x80, 0x00, 0xD8, 0x08, 0x0D, 0xB8,
  0xC8, 0xC8, 0xC0, 0xC0, 0xB0, 0xB8, 0x08, 0x8D,
  0x8B, 0x0C, 0xC8, 0xC8, 0x80, 0x80, 0x0D, 0x08,
  0x08, 0x68, 0x30, 0x40, 0x30, 0x35, 0x43, 0x72,
  0x41, 0x11, 0x43, 0x31, 0x42, 0x23, 0x14, 0x42,
  0x12, 0x22, 0x02, 0x42, 0x38, 0x80, 0x80, 0x80,
  0xE8, 0xC8, 0xC0, 0xB0, 0xC8, 0xCB, 0xC0, 0xBA,
  0xB8, 0x8C, 0xCB, 0xB8, 0xC8, 0x0C, 0x8B, 0x0C,
  0xC8, 0x80, 0x0C, 0xC8, 0x80, 0x80, 0xE0, 0x80,
  0x80, 0x08, 0x80, 0x08, 0x80, 0x08, 0x80, 0x08,
  0x80, 0x80, 0x80, 0x80, 0x80, 0x08, 0x08, 0x08,
  0x08, 0x08, 0x08, 0x00, 0x00, 0x00, 0x70, 0x77,
  0x07, 0x08, 0x08, 0x08, 0x80, 0x08, 0xF0, 0x0E,
  0x08, 0x08, 0x88, 0x80, 0x00, 0xF8, 0x0C, 0x88,
  0x00, 0xF8, 0x89, 0x80, 0x08, 0x80, 0x08, 0x80,
  0x08, 0xEF, 0xB5, 0x03, 0x80, 0x08, 0x08, 0x80,
  0x78, 0x82, 0x80, 0x80, 0x70, 0x81, 0x80, 0x80,
  0x07, 0x80, 0x50, 0x80, 0x80, 0x05, 0x08, 0x85,
  0x40, 0x08, 0x58, 0x08, 0x08, 0x08, 0x08, 0x08,
  0x8F, 0xC8, 0x80, 0xCC, 0xC0, 0xB0, 0xCB, 0xBB,
  0xC0, 0xAC, 0xBB, 0xBC, 0xBB, 0xCC, 0xB0, 0xCB,
  0xBB, 0xC0, 0xCB, 0xB8, 0xC0, 0xB8, 0x08, 0x08,
  0x08, 0x08, 0x07, 0x35, 0x48, 0x16, 0x22, 0x22,
  0x16, 0x23, 0x42, 0x42, 0x21, 0x14, 0x22, 0x22,
  0x38, 0x03, 0x84, 0x40, 0x08, 0x08, 0x08, 0x8E,
  0x00, 0x0D, 0xC8, 0x80, 0x8B, 0xD0, 0x08, 0x8C,
  0x00, 0x08, 0x0E, 0x88, 0x00, 0x88, 0x87, 0x80,
  0x80, 0x85, 0x80, 0x04, 0x08, 0x08, 0x05, 0x08,
  0x08, 0x08, 0x87, 0x00, 0x88, 0x00, 0x88, 0x3F,
  0x0C, 0x08, 0x08, 0x08, 0x0F, 0x88, 0xC0, 0x08,
  0x08, 0x08, 0x8F, 0x00, 0x88, 0x8C, 0x80, 0x80,
  0x80, 0x8F, 0x08, 0x08, 0x8E, 0x00, 0x08, 0x88,
  0x8E, 0x80, 0x80, 0x00, 0x88, 0x8F, 0x08, 0x08,
  0x08, 0x08, 0x08, 0x08, 0x08, 0x08, 0x88, 0x00,
  0x88, 0x80, 0x80, 0x80, 0x00, 0x08, 0x08, 0x78,
  0xC7, 0x77, 0x80, 0x80, 0x07, 0x08, 0x08, 0x05,
  0x08, 0x68, 0x08, 0x48, 0x80, 0x80, 0x05, 0x08,
  0x08, 0x88, 0x00, 0x88, 0x00, 0xAF, 0x08, 0x8F,
  0x8B, 0x8C, 0xBC, 0x0C, 0xCB, 0xBB, 0x8B, 0xCC,
  0xBB, 0x8F, 0xA9, 0xAA, 0xBB, 0xC0, 0xBB, 0xC8,
  0x0B, 0x8C, 0x80, 0x8C, 0x80, 0x00, 0x86, 0x84,
  0x24, 0x33, 0x34, 0x17, 0x41, 0x41, 0x31, 0x41,
  0x13, 0x14, 0x23, 0x14, 0x42, 0x21, 0x82, 0x32,
  0x83, 0x84, 0x80, 0x00, 0x88, 0xF0, 0xB3, 0xC8,
  0x80, 0x0C, 0xBC, 0x80, 0x0C, 0x0C, 0x0C, 0x0B,
  0x8C, 0x0B, 0xC8, 0xB8, 0x88, 0x0D, 0xC8, 0x08,
  0x0D, 0xB8, 0x88, 0xD0, 0x08, 0xD8, 0x80, 0xD0,
  0x80, 0xC0, 0x08, 0xC8, 0x08, 0x08, 0x8D, 0x80,
  0xE0, 0x80, 0x80, 0x8C, 0x80, 0x0D, 0x08, 0x08,
  0xE8, 0x80, 0x80, 0x80, 0xE8, 0x08, 0x08, 0x08,
  0x80, 0x80, 0x08, 0x27, 0x08, 0x80, 0x07, 0x50,
  0x08, 0x84, 0x40, 0x30, 0x80, 0x85, 0x04, 0x83,
  0x40, 0x30, 0x00, 0x85, 0x40, 0x80, 0x85, 0x80,
  0x04, 0x08, 0x58, 0x80, 0x80, 0x80, 0x80, 0x80,
  0x80, 0x08, 0x80, 0x78, 0x0B, 0x78, 0x82, 0x3E,
  0x80, 0x80, 0x80, 0x80, 0x3F, 0x80, 0x0D, 0x08,
  0x08, 0x0E, 0xC8, 0x80, 0x8B, 0x8C, 0xBC, 0xC0,
  0x8B, 0xBC, 0xBC, 0xC0, 0xBB, 0xCB, 0xCB, 0xB8,
  0xCB, 0xCB, 0xC0, 0xBA, 0xB8, 0x8C, 0x8B, 0x8C,
  0x80, 0x0D, 0x08, 0x04, 0xB4, 0x07, 0x21, 0x58,
  0x12, 0x22, 0x15, 0x42, 0x41, 0x41, 0x31, 0x41,
  0x11, 0x14, 0x12, 0x22, 0x32, 0x48, 0x38, 0x80,
  0x84, 0x00, 0x08, 0x88, 0x8E, 0xD0, 0xB0, 0xC8,
  0xC0, 0xC0, 0xB0, 0xB8, 0xC8, 0x0C, 0x8B, 0x0C,
  0x8C, 0x0B, 0xC8, 0x08, 0x8C, 0x0C, 0x08, 0x0D,
  0x08, 0x08, 0x08, 0x0F, 0x08, 0x08, 0x08, 0x08,
  0x08, 0x08, 0x08, 0x08, 0x08, 0x57, 0x08, 0x08,
  0x08, 0x08, 0x08, 0x08, 0x08, 0x67, 0x80, 0x80,
  0x80, 0x80, 0x80, 0x80, 0x80, 0x80, 0x80, 0x00,
  0x08, 0x08, 0x08, 0x88, 0x80, 0x80, 0x90, 0x00,
  0x00, 0x00, 0x00, 0x00, 0x00, 0x00, 0x00, 0x00,
  0xF0, 0xFF, 0x8F, 0x80, 0x80, 0x80, 0xAF, 0x80,
  0x08, 0xF0, 0x89, 0x80, 0x80, 0x8F, 0x80, 0x80,
  0x80, 0x8F, 0x80, 0x80, 0x80, 0x80, 0x80, 0x80,
  0x00, 0x88, 0x00, 0x88, 0x00, 0x88, 0x3F, 0xEF,
  0x80, 0x0E, 0x08, 0x0D, 0xB8, 0x88, 0x8C, 0x8C,
  0xD0, 0x80, 0x8B, 0x8C, 0xD0, 0x80, 0x8B, 0xD0,
  0x08, 0x8C, 0x80, 0x0C, 0x88, 0x00, 0x08, 0x88,
  0x17, 0x58, 0x30, 0x04, 0x43, 0x43, 0x33, 0x53,
  0x32, 0x17, 0x32, 0x22, 0x62, 0x21, 0x21, 0x22,
  0x33, 0x48, 0x83, 0x84, 0x03, 0x08, 0x08, 0x08,
  0xF8, 0x08, 0xD8, 0x80, 0x0C, 0x0C, 0x0C, 0x8B,
  0xCB, 0xB8, 0xC8, 0xB8, 0xD8, 0xC0, 0xB8, 0x80,
  0x8C, 0xC0, 0x08, 0x0D, 0x08, 0x8C, 0x80, 0x80,
  0x80, 0x0F, 0x08, 0x08, 0x08, 0x08, 0x08, 0x08,
  0x08, 0x88, 0x00, 0x08, 0x08, 0x08, 0x08, 0x78,
  0x7B, 0x7B, 0x82, 0x00, 0xF8, 0x83, 0x00, 0x88,
  0x00, 0x88, 0x00, 0x88, 0x00, 0xF8, 0x0F, 0x08,
  0x08, 0x08, 0x08, 0x08, 0xF8, 0xF3, 0xC3, 0x80,
  0x80, 0x80, 0x80, 0x80, 0x3F, 0xD0, 0xB3, 0x08,
  0x08, 0x08, 0x87, 0x4B, 0x08, 0x08, 0x08, 0x08,
  0x78, 0x80, 0x80, 0x00, 0x86, 0x80, 0x50, 0x08,
  0x58, 0x08, 0x08, 0x04, 0x08, 0x08, 0x86, 0x80,
  0x80, 0x80, 0x80, 0x80, 0x80, 0x80, 0xBF, 0x8F,
  0xC0, 0x08, 0x8C, 0x8B, 0xCC, 0xB0, 0x0C, 0xAC,
  0x8B, 0xCB, 0x8B, 0xBC, 0x0C, 0xCB, 0x0B, 0xBC,
  0x8B, 0x8B, 0x0D, 0x8C, 0x0B, 0x08, 0x08, 0x08,
  0x78, 0x00, 0x44, 0x38, 0x34, 0x43, 0x83, 0x27,
  0x21, 0x22, 0x33, 0x87, 0x84, 0x21, 0x21, 0x02,
  0x02, 0x03, 0x48, 0x80, 0x80, 0x80, 0x80, 0x00,
  0x08, 0xF8, 0x0B, 0x08, 0x9F, 0x00, 0x08, 0x8F,
  0x80, 0x80, 0x00, 0x88, 0x00, 0x88, 0x00, 0x88,
  0x00, 0x57, 0x80, 0x80, 0x80, 0x27, 0x08, 0x88,
  0x00, 0x17, 0x08, 0x08, 0x08, 0x08, 0x08, 0x08,
  0x08, 0xEF, 0x80, 0x80, 0xF0, 0x88, 0x80, 0x80,
  0x0F, 0x08, 0x08, 0xD8, 0x08, 0x08, 0x08, 0xF8,
  0x08, 0x08, 0x80, 0x8E, 0xB4, 0x80, 0x80, 0x80,
  0x80, 0xF0, 0x88, 0x80, 0x80, 0x80, 0x80, 0x9F,
  0x80, 0x80, 0x80, 0x80, 0x80, 0x08, 0x80, 0x08,
  0x80, 0x08, 0x80, 0x80, 0x70, 0x77, 0x80, 0x80,
  0x07, 0x80, 0x50, 0x80, 0x08, 0x05, 0x08, 0x85,
  0x80, 0x80, 0x86, 0x80, 0x80, 0x00, 0x88, 0x00,
  0x88, 0x00, 0xF8, 0x8B, 0x8F, 0x80, 0xBD, 0xC8,
  0xC0, 0xC0, 0x8A, 0xBB, 0x8C, 0xCB, 0x8B, 0xBC,
  0xBC, 0xC0, 0xBB, 0xC0, 0x8B, 0xBC, 0xC8, 0xC0,
  0x80, 0x8B, 0x80, 0x80, 0x08, 0x07, 0x40, 0x84,
  0x43, 0x33, 0x24, 0x24, 0x73, 0x21, 0x41, 0x32,
  0x22, 0x32, 0x16, 0x22, 0x22, 0x83, 0x43, 0x48,
  0x38, 0x80, 0x04, 0x88, 0x00, 0x88, 0x8E, 0x80,
  0xD0, 0x08, 0x0D, 0x0C, 0xB8, 0x80, 0x8C, 0x0C,
  0xC8, 0x80, 0x0C, 0x0C, 0x08, 0x8C, 0xC0, 0x08,
  0xC8, 0x08, 0xD0, 0x08, 0xC8, 0x08, 0x08, 0x0E,
  0x08, 0x8C, 0xC0, 0x08, 0xC8, 0x80, 0xC8, 0x08,
  0xD8, 0x08, 0xD8, 0x80, 0x80, 0xE0, 0x80, 0x80,
  0xD0, 0x08, 0x08, 0x08, 0x08, 0x08, 0x08, 0x08,
  0x08, 0x80, 0x08, 0x70, 0x07, 0x80, 0x07, 0x08,
  0x04, 0x08, 0x85, 0x40, 0x48, 0x08, 0x48, 0x30,
  0x80, 0x05, 0x48, 0x80, 0x40, 0x80, 0x04, 0x08,
  0x85, 0x80, 0x50, 0x08, 0x08, 0x85, 0x80, 0x80,
  0x60, 0x08, 0x80, 0x08, 0x06, 0x88, 0x00, 0x88,
  0x00, 0x88, 0x00, 0xF8, 0xF3, 0x80, 0x8B, 0x08,
  0x8D, 0x0C, 0xC8, 0xC0, 0xC0, 0x8A, 0x0B, 0xCC,
  0xB0, 0xCB, 0xC0, 0xBA, 0xB8, 0xBC, 0xC8, 0xBB,
  0xC8, 0x0C, 0xAC, 0xB8, 0xD0, 0xB0, 0xB8, 0x08,
  0x08, 0x08, 0x80, 0x07, 0x50, 0x03, 0x34, 0x43,
  0x24, 0x33, 0x34, 0x17, 0x41, 0x21, 0x21, 0x15,
  0x21, 0x22, 0x32, 0x38, 0x84, 0x03, 0x04, 0x48,
  0x08, 0x08, 0x80, 0xE8, 0x08, 0xC8, 0x08, 0x8D,
  0xC0, 0xB8, 0xC8, 0x08, 0x8C, 0xD0, 0xC0, 0xB0,
  0x08, 0x0C, 0xC8, 0x80, 0x80, 0x0D, 0x88, 0xD0,
  0x80, 0x80, 0x80, 0x08, 0x80, 0x08, 0x9F, 0x88,
  0x00, 0x88, 0x00, 0x88, 0x00, 0x88, 0x00, 0x88,
  0x00, 0x78, 0x7B, 0x87, 0x4C, 0x08, 0x08, 0x08,
  0x08, 0x08, 0x88, 0x00, 0x88, 0x00, 0x08, 0x08,
  0x08, 0x08, 0x88, 0x80, 0x80, 0x80, 0x80, 0x80,
  0x00, 0x00, 0x00, 0xF0, 0xFF, 0x8F, 0x80, 0x80,
  0x80, 0x3F, 0x8E, 0x00, 0x88, 0x00, 0x88, 0xF0,
  0x03, 0x8D, 0x80, 0x80, 0x80, 0x80, 0x80, 0x80,
  0x80, 0x80, 0x08, 0x08, 0x08, 0x08, 0x3F, 0xF8,
  0x8E, 0x80, 0x80, 0x80, 0xF0, 0x8A, 0x80, 0xF0,
  0x09, 0x0D, 0xC8, 0x80, 0xD0, 0x80, 0x0C, 0xB8,
  0xC8, 0x08, 0x8C, 0x0C, 0xC8, 0x80, 0x0C, 0x08,
  0x0D, 0x0C, 0x08, 0x08, 0x08, 0x08, 0x08, 0x08,
  0x17, 0x85, 0x84, 0x24, 0x03, 0x07, 0x21, 0x22,
  0x63, 0x21, 0x22, 0x32, 0x42, 0x32, 0x43, 0x33,
  0x48, 0x30, 0x40, 0x80, 0x85, 0x80, 0x80, 0x80,
  0x80, 0x0F, 0x08, 0x0D, 0xC8, 0xB0, 0xC8, 0x80,
  0x0C, 0x0C, 0x0C, 0xB8, 0x80, 0x8C, 0x0C, 0x08,
  0x0D, 0x08, 0x8C, 0x80, 0xD0, 0x08, 0x08, 0x08,
  0x08, 0x3F, 0x0C, 0x08, 0x08, 0x08, 0x08, 0x08,
  0x08, 0x08, 0x80, 0x08, 0x80, 0x08, 0x80, 0x08,
  0x08, 0x08, 0x08, 0x80, 0x80, 0x80, 0x00, 0x00,
  0x00, 0x00, 0x00, 0x00, 0xF0, 0xF2, 0xFF, 0x09,
  0x88, 0x00, 0x88, 0xBF, 0x08, 0x80, 0x08, 0x80,
  0x08, 0xEF, 0x80, 0x80, 0x80, 0x80, 0x80, 0x80,
  0x80, 0x80, 0x77, 0x80, 0x80, 0x70, 0x4B, 0x08,
  0x08, 0x85, 0x80, 0x50, 0x08, 0x08, 0x85, 0x80,
  0x00, 0x68, 0x80, 0x08, 0x85, 0x80, 0x00, 0x88,
  0x00, 0x88, 0x80, 0xF0, 0x0B, 0x08, 0x8F, 0xD8,
  0x80, 0x0C, 0x8C, 0x0B, 0xBC, 0xC8, 0x8B, 0xBC,
  0xC0, 0x8B, 0xBC, 0x0C, 0xCB, 0xB8, 0x8B, 0xCC,
  0xB0, 0x88, 0x0C, 0x8C, 0x80, 0x80, 0x80, 0x80,
  0x07, 0x40, 0x48, 0x24, 0x30, 0x43, 0x84, 0x06,
  0x21, 0x22, 0x33, 0x78, 0x10, 0x02, 0x02, 0x02,
  0x84, 0x03, 0x08, 0x68, 0x08, 0x08, 0x08, 0xF0,
  0x80, 0x80, 0x80, 0xE0, 0xB3, 0x08, 0x08, 0x08,
  0x08, 0x08, 0x08, 0x08, 0x08, 0x78, 0x86, 0x80,
  0x80, 0x70, 0x00, 0x80, 0x80, 0x78, 0x4B, 0x80,
  0x80, 0x80, 0x80, 0x80, 0x80, 0x80, 0x08, 0x70,
  0x8B, 0x80, 0x80, 0x80, 0x80, 0x80, 0xF0, 0x9F,
  0x80, 0x80, 0xF8, 0x89, 0x80, 0x80, 0xF0, 0x89,
  0x80, 0xF0, 0x08, 0x08, 0xD8, 0x08, 0x80, 0x08,
  0x0F, 0x08, 0x08, 0xD8, 0x08, 0x08, 0x08, 0x08,
  0x08, 0x08, 0x08, 0x08, 0x88, 0x00, 0x88, 0x00,
  0x08, 0x08, 0x77, 0x07, 0x08, 0x08, 0x07, 0x80,
  0x80, 0x07, 0x88, 0x40, 0x80, 0x80, 0x80, 0x07,
  0x08, 0x88, 0x00, 0x86, 0x80, 0x80, 0x3D, 0x0C,
  0x08, 0x08, 0x8D, 0x80, 0x0D, 0xC8, 0xC0, 0xC0,
  0xB0, 0xB8, 0x8C, 0x8B, 0xCC, 0x8A, 0xBC, 0xC0,
  0xCA, 0xB0, 0x8B, 0x0C, 0x0C, 0xAC, 0x08, 0x0C,
  0x08, 0x8C, 0x80, 0x85, 0x80, 0x04, 0x03, 0x44,
  0x38, 0x34, 0x43, 0x33, 0x43, 0x43, 0x73, 0x11,
  0x22, 0x22, 0x83, 0x43, 0x83, 0x34, 0x48, 0x08,
  0x03, 0xB4, 0x84, 0x80, 0x80, 0x80, 0x80, 0x8F,
  0x80, 0xE0, 0x80, 0xB8, 0x08, 0xE8, 0x08, 0xC8,
  0x80, 0x8C, 0x80, 0x0D, 0x08, 0x0D, 0x08, 0x8C,
  0x80, 0x8C, 0x80, 0x8C, 0x80, 0x8D, 0x80, 0x0D,
  0x08, 0xD8, 0x80, 0x3C, 0x8B, 0x80, 0x8D, 0x00,
  0x88, 0x0E, 0x08, 0x08, 0x0E, 0x08, 0x08, 0x08,
  0x8E, 0x80, 0x80, 0x80, 0x80, 0x80, 0x80, 0x80,
  0x80, 0x80, 0x80, 0x77, 0x00, 0x80, 0x08, 0x17,
  0x08, 0x78, 0x80, 0x80, 0x04, 0x08, 0x68, 0x08,
  0x48, 0x80, 0x80, 0x05, 0x08, 0x58, 0x80, 0x80,
  0x50, 0x08, 0x80, 0x78, 0x08, 0x08, 0x08, 0x85,
  0x80, 0x80, 0x80, 0x07, 0x88, 0x00, 0x88, 0x00,
  0x08, 0x88, 0x00, 0x88, 0x00, 0xEF, 0x80, 0x80,
  0x8F, 0xC0, 0xB8, 0xC8, 0xB8, 0xD8, 0xC0, 0x0B,
  0xBC, 0xC0, 0xC0, 0xBA, 0xB8, 0x8C, 0xCB, 0xB8,
  0xC8, 0x0C, 0x8B, 0x0C, 0xC8, 0x80, 0xD0, 0x80,
  0x08, 0x04, 0x08, 0x85, 0x34, 0x48, 0x83, 0x34,
  0x33, 0x44, 0x32, 0x43, 0x33, 0x43, 0x24, 0x33,
  0x40, 0x43, 0x38, 0x84, 0x40, 0x38, 0x80, 0x80,
  0x80, 0xB7, 0x80, 0x80, 0x80, 0xF0, 0x08, 0xC0,
  0x08, 0xC8, 0x08, 0x0D, 0xB8, 0x08, 0xD8, 0x08,
  0xD8, 0x80, 0x80, 0x0D, 0x08, 0xD8, 0xB3, 0x08,
  0x08, 0x08, 0x8F, 0x80, 0x80, 0x80, 0x80, 0x80,
  0x3F, 0x0D, 0x08, 0x08, 0x08, 0x08, 0x08, 0x08,
  0x88, 0x00, 0x88, 0x00, 0x88, 0x00, 0x08, 0x08,
  0x08, 0x88, 0x80, 0x80, 0xF0, 0xFF, 0x8F, 0x80,
  0x80, 0x9F, 0x80, 0x80, 0x08, 0x8F, 0x88, 0xE0,
  0x08, 0x80, 0x08, 0x80, 0x8F, 0x80, 0x80, 0x8D,
  0x80, 0x8C, 0x80, 0x80, 0x80, 0xF0, 0x09, 0x77,
  0x37, 0x13, 0x81, 0x80, 0x81, 0x80, 0x09, 0x08,
  0x08, 0x82, 0x03, 0x03, 0xCC, 0xBB, 0xAF, 0xA0,
  0xAA, 0xB8, 0xBB, 0x8C, 0xCB, 0x8B, 0x0C, 0xBC,
  0xC0, 0xC0, 0xB0, 0x8B, 0xBC, 0xD0, 0xB0, 0xB8,
  0xBC, 0xC8, 0x0B, 0xCC, 0xB0, 0xB8, 0x8C, 0xCB,
  0x08, 0x0C, 0xC8, 0x80, 0x80, 0x0D, 0x03, 0x08,
  0x85, 0x40, 0x40, 0x03, 0x53, 0x33, 0x24, 0x24,
  0x03, 0x07, 0x23, 0x02, 0x32, 0x43, 0x33, 0x48,
  0x30, 0x40, 0x40, 0x48, 0x08, 0x08, 0x08, 0x08,
  0x08, 0x08, 0x08, 0xF0, 0x0B, 0x8F, 0x80, 0x8C,
  0x80, 0xE0, 0x80, 0x8B, 0x80, 0x8D, 0x80, 0x0D,
  0x08, 0xD8, 0x80, 0x80, 0x3D, 0x8B, 0x80, 0x80,
  0x80, 0x3F, 0x80, 0x80, 0x80, 0x8F, 0x80, 0x80,
  0x00, 0xB6, 0x88, 0x00, 0x08, 0x88, 0x00, 0x88,
  0x00, 0x88, 0x80, 0x80, 0x80, 0x80, 0x00, 0x08,
  0x08, 0x08, 0x08, 0x08, 0x09, 0x00, 0xA7, 0x08,
  0xFF, 0x04, 0x78, 0xD5, 0x08, 0x0D, 0x83, 0x40,
  0x80, 0xCC, 0xB0, 0x03, 0x84, 0x04, 0x08, 0xD8,
  0xC0, 0x80, 0x40, 0x33, 0x40, 0x40, 0x8B, 0xD0,
  0x0B, 0x0C, 0x48, 0x63, 0x42, 0x21, 0x22, 0x08,
  0xBB, 0xBC, 0xFB, 0xBA, 0xAA, 0xAB, 0xBB, 0xC8,
  0xFB, 0xB8, 0xC8, 0xA8, 0xAA, 0xB0, 0xB8, 0x08,
  0x8D, 0xCB, 0xB8, 0x08, 0x85, 0x40, 0x03, 0x84,
  0x80, 0xD0, 0xB8, 0xBC, 0xC8, 0x8B, 0x0C, 0x08,
  0x04, 0x58, 0x83, 0x34, 0x33, 0x27, 0x52, 0x11,
  0x14, 0x14, 0x33, 0x51, 0x31, 0x41, 0x11, 0x22,
  0x22, 0x38, 0x30, 0x40, 0x80, 0x80, 0x80, 0x80,
  0x80, 0xF0, 0x0A, 0x8E, 0x00, 0x0D, 0xC8, 0xB0,
  0x08, 0x0D, 0x0C, 0x8B, 0x8B, 0xD0, 0xC0, 0x08,
  0x0C, 0xB8, 0x08, 0xD8, 0x08, 0xC8, 0x08, 0xD8,
  0x08, 0x08, 0xE8, 0x80, 0x80, 0x80, 0x80, 0x80,
  0x80, 0x80, 0x08, 0x80, 0x08, 0x80, 0x08, 0x80,
  0x80, 0x80, 0x80, 0x08, 0x08, 0x08, 0x09, 0x00,
  0x00, 0x00, 0x00, 0x00, 0x00, 0x00, 0x00, 0x2F,
  0x3F, 0xFF, 0x8A, 0x80, 0x80, 0x80, 0x80, 0x80,
  0x3F, 0x3F, 0x08, 0x8F, 0x80, 0x50, 0x3B, 0x0C,
  0x08, 0x08, 0x08, 0x08, 0x08, 0x08, 0x88, 0x00,
  0x88, 0x77, 0x08, 0x80, 0x78, 0x80, 0x80, 0x00,
  0x88, 0x07, 0x08, 0x04, 0x08, 0x08, 0x08, 0x07,
  0x08, 0x08, 0x88, 0x00, 0x88, 0x00, 0xAF, 0x08,
  0x08, 0xF8, 0x09, 0xE8, 0xC0, 0x80, 0x0C, 0x8B,
  0x0C, 0xC8, 0xC0, 0xB8, 0x8B, 0xCC, 0x0B, 0x0C,
  0x8B, 0xD0, 0x80, 0x8B, 0xC8, 0xC8, 0xC8, 0x80,
  0x0C, 0x08, 0x58, 0x30, 0x40, 0x84, 0x43, 0x30,
  0x43, 0x43, 0x33, 0x24, 0x24, 0x03, 0x03, 0x04,
  0x08, 0x08, 0x08, 0x08, 0xF8, 0x09, 0x0E, 0x0C,
  0x8B, 0x8B, 0xD0, 0xB8, 0x08, 0xD8, 0x08, 0x80,
  0x08, 0x80, 0x80, 0x08, 0x80, 0x08, 0x80, 0x80,
  0x80, 0x80, 0xB7, 0x70, 0x06, 0x78, 0x08, 0x84,
  0x03, 0x84, 0x34, 0x03, 0x53, 0x33, 0x48, 0x24,
  0x03, 0x43, 0x30, 0x40, 0x30, 0x00, 0x88, 0x00,
  0x88, 0x80, 0xAF, 0xF0, 0x80, 0x0C, 0x8B, 0xD0,
  0xC0, 0xB0, 0xB8, 0x08, 0x0D, 0x8C, 0xC0, 0x80,
  0x8B, 0x80, 0x8D, 0x80, 0x8C, 0x80, 0x80, 0x0F,
  0x08, 0x08, 0xD8, 0x08, 0x08, 0x08, 0x08, 0x08,
  0x08, 0x08, 0x08, 0x08, 0x08, 0x88, 0x70, 0x27,
  0x80, 0x80, 0x27, 0x80, 0x80, 0x70, 0x81, 0x80,
  0x87, 0x00, 0x03, 0x80, 0x80, 0x08, 0x17, 0x88,
  0x00, 0x88, 0xF0, 0x09, 0x80, 0xF0, 0x08, 0xC8,
  0x80, 0x0C, 0x0C, 0x8B, 0x0C, 0x8C, 0x0B, 0x8C,
  0x8B, 0x8C, 0xDB, 0xC0, 0xB0, 0xB8, 0x8C, 0x8B,
  0x8C, 0x0C, 0x0C, 0xB8, 0x08, 0x08, 0x08, 0x08,
  0x08, 0x08, 0x27, 0x07, 0x48, 0x83, 0x53, 0x38,
  0x43, 0x83, 0x34, 0x33, 0x34, 0x40, 0x43, 0x33,
  0x48, 0x30, 0x40, 0x40, 0x48, 0x08, 0x48, 0x80,
  0x80, 0x05, 0x08, 0x08, 0x0E, 0x08, 0x08, 0xD8,
  0x08, 0x08, 0x08, 0xF8, 0x08, 0x08, 0xD8, 0x80,
  0x08, 0x8D, 0x80, 0x80, 0x0E, 0x08, 0x08, 0x08,
  0x88, 0x00, 0x88, 0x00, 0x37, 0x80, 0x08, 0x80,
  0x08, 0x80, 0xF8, 0x8E, 0xF0, 0x80, 0x0C, 0x8B,
  0x0C, 0xBC, 0xC0, 0x0B, 0xBC, 0xC0, 0x0B, 0x0C,
  0x8B, 0x0C, 0x88, 0x0C, 0xC8, 0x08, 0x08, 0x08,
  0xF8, 0x03, 0x8C, 0x84, 0x80, 0x80, 0x80, 0x70,
  0x08, 0x48, 0x80, 0x40, 0x40, 0x48, 0x83, 0x34,
  0x48, 0x42, 0x02, 0x43, 0x33, 0x43, 0x03, 0x34,
  0x84, 0x43, 0x83, 0x84, 0x84, 0x03, 0x08, 0x84,
  0x00, 0x88, 0x00, 0x08, 0xF8, 0x09, 0xE8, 0xB8,
  0x08, 0x0D, 0x8C, 0x0B, 0xBC, 0xC8, 0x8B, 0x8B,
  0xBD, 0x0C, 0xAC, 0x8B, 0xCB, 0xB8, 0xBC, 0xC8,
  0xBB, 0xC8, 0x0C, 0x0C, 0xBB, 0xC8, 0xC0, 0x80,
  0x0C, 0xB8, 0x08, 0x08, 0x08, 0x08, 0x08, 0x78,
  0x62, 0x30, 0x40, 0x30, 0x85, 0x24, 0x33, 0x40,
  0x43, 0x33, 0x43, 0x30, 0x34, 0x04, 0x33, 0x40,
  0x40, 0x48, 0x08, 0x48, 0x80, 0x80, 0x80, 0x60,
  0x8B, 0x80, 0x80, 0x80, 0xF0, 0x09, 0xD8, 0x08,
  0x08, 0x8D, 0x80, 0xE0, 0x80, 0x80, 0x8C, 0x80,
  0x80, 0x0E, 0x08, 0x08, 0xE8, 0x08, 0x80, 0x08,
  0x80, 0x3F, 0x0C, 0x08, 0x08, 0x08, 0x08, 0x08,
  0x9F, 0x00, 0x08, 0x88, 0x00, 0x88, 0x00, 0x88,
  0x00, 0x88, 0x00, 0x88, 0x80, 0x80, 0x80, 0x00,
  0x08, 0x08, 0x08, 0x70, 0x77, 0x07, 0x08, 0x08,
  0x08, 0x80, 0x08, 0x80, 0x80, 0x80, 0x3F, 0xF8,
  0x6D, 0x3B, 0x4B, 0xB8, 0x03, 0x80, 0x80, 0x07,
  0x08, 0x08, 0x05, 0x08, 0x04, 0x08, 0x08, 0x87,
  0x80, 0x80, 0x80, 0x80, 0xF0, 0x88, 0x80, 0x8D,
  0xC0, 0xC8, 0xC0, 0xC0, 0xB0, 0xB8, 0xC8, 0xD0,
  0xB0, 0x8B, 0x0C, 0x0C, 0x0C, 0x8B, 0xCB, 0xB8,
  0xC8, 0xC0, 0xB8, 0xC8, 0xC8, 0xC0, 0xC0, 0xB0,
  0x08, 0xC8, 0x80, 0x80, 0x08, 0x80, 0x07, 0x04,
  0x48, 0x03, 0x34, 0x03, 0x44, 0x33, 0x53, 0x32,
  0x73, 0x12, 0x22, 0x23, 0x33, 0x34, 0x33, 0x34,
  0x40, 0x43, 0x38, 0x40, 0x80, 0x84, 0x00, 0x58,
  0x3B, 0x0C, 0x08, 0x08, 0xE8, 0x80, 0xD0, 0x80,
  0x8B, 0x8C, 0xD0, 0x80, 0x8B, 0xC8, 0x08, 0x8D,
  0xC0, 0x08, 0x8C, 0x00, 0xD8, 0x80, 0x80, 0xD8,
  0x80, 0x08, 0x80, 0x80, 0x3F, 0x0C, 0x88, 0x00,
  0x88, 0x00, 0x88, 0x80, 0x00, 0x88, 0x00, 0x88,
  0x3F, 0xF0, 0x8B, 0x08, 0x80, 0x08, 0x80, 0x08,
  0x08, 0x08, 0x08, 0x08, 0x80, 0x80, 0x80, 0x80,
  0x80, 0x90, 0xFF, 0xFF, 0x08, 0x08, 0x08, 0x08,
  0xF8, 0xF3, 0x08, 0x08, 0x08, 0x08, 0x08, 0x08,
  0x08, 0x08, 0x80, 0x08, 0x80, 0x08, 0x80, 0x77,
  0x04, 0x08, 0x88, 0x70, 0x83, 0x80, 0x08, 0x17,
  0x00, 0x88, 0x70, 0x81, 0x08, 0x80, 0x78, 0x00,
  0x08, 0x08, 0x08, 0x08, 0xF8, 0xD3, 0x08, 0x08,
  0xE8, 0x80, 0xD0, 0x80, 0x8B, 0xD0, 0x08, 0x8C,
  0x8B, 0x8C, 0x0C, 0xBC, 0xC0, 0xB0, 0xC8, 0xC0,
  0xB8, 0xC0, 0x08, 0x8C, 0xC0, 0x80, 0x80, 0x08,
  0x80, 0x08, 0x17, 0x88, 0x86, 0x84, 0x03, 0x03,
  0x44, 0x38, 0x40, 0x48, 0x30, 0x48, 0x30, 0x80,
  0x05, 0x08, 0x84, 0x80, 0x80, 0x00, 0x08, 0xF8,
  0x09, 0x08, 0xF8, 0x08, 0xC8, 0x08, 0xC8, 0x08,
  0x8D, 0x80, 0x8C, 0x00, 0x88, 0xF0, 0x83, 0xC0,
  0x03, 0x08, 0x68, 0x08, 0x03, 0x04, 0x84, 0x84,
  0x84, 0x33, 0x40, 0x48, 0x83, 0x84, 0x84, 0x83,
  0x04, 0x48, 0x08, 0x03, 0x08, 0x68, 0x80, 0x80,
  0x80, 0x80, 0xF0, 0x88, 0x80, 0xE0, 0x08, 0x8C,
  0x80, 0x8C, 0xC0, 0x08, 0x0D, 0xB8, 0x08, 0xD8,
  0x08, 0x0D, 0xB8, 0x08, 0x88, 0x0E, 0x08, 0xD8,
  0x80, 0x80, 0x80, 0x80, 0x8F, 0x80, 0x00, 0x88,
  0x00, 0x88, 0x80, 0x70, 0x83, 0x80, 0x08, 0x80,
  0x37, 0x08, 0x88, 0x17, 0x80, 0x60, 0x80, 0x80,
  0x60, 0x08, 0x08, 0x08, 0x08, 0x07, 0x08, 0x08,
  0x08, 0x08, 0x8F, 0x08, 0x08, 0xF8, 0x80, 0xC0,
  0x08, 0x8C, 0x8B, 0xD0, 0xB8, 0xC8, 0x0C, 0x8B,
  0x0C, 0xBC, 0xC0, 0xC0, 0xB0, 0x8B, 0x0C, 0x0C,
  0xC8, 0xB0, 0x08, 0x0D, 0x08, 0x08, 0x88, 0x00,
  0x88, 0x17, 0x58, 0x30, 0x40, 0x30, 0x85, 0x24,
  0x30, 0x24, 0x40, 0x33, 0x03, 0x44, 0x38, 0x04,
  0x83, 0x04, 0x03, 0x58, 0x80, 0x84, 0x00, 0x58,
  0x08, 0x08, 0x80, 0x08, 0x80, 0x08, 0x08, 0xBF,
  0x80, 0x00, 0x08, 0xF8, 0x0B, 0x08, 0x80, 0xF8,
  0x0A, 0x08, 0x08, 0x08, 0x08, 0x08, 0x08, 0x08,
  0x08, 0x08, 0x08, 0x08, 0xF8, 0xFF, 0x88, 0x80,
  0x8F, 0x08, 0x0E, 0x08, 0x8C, 0xC0, 0x08, 0x8C,
  0xC0, 0xB8, 0x08, 0x8D, 0xC0, 0x08, 0x0C, 0x8C,
  0xC0, 0x80, 0x8B, 0xD0, 0x08, 0x8C, 0x00, 0x0D,
  0x08, 0xC8, 0x08, 0x08, 0x08, 0x08, 0x07, 0x08,
  0x85, 0x80, 0x85, 0x84, 0x03, 0x03, 0x34, 0x40,
  0x84, 0x24, 0x03, 0x43, 0x30, 0x04, 0x43, 0x30,
  0x04, 0x03, 0x04, 0x84, 0x84, 0x80, 0x04, 0x08,
  0x04, 0x08, 0x88, 0x80, 0xF0, 0x88, 0x80, 0x0D,
  0xC8, 0xC8, 0x80, 0x0C, 0x0C, 0xAC, 0xB8, 0xD0,
  0x8A, 0xBB, 0xC8, 0xC8, 0xCB, 0xB0, 0x0C, 0xAC,
  0x8B, 0x8B, 0xCC, 0xB0, 0xC8, 0xB8, 0xC8, 0x80,
  0xD0, 0x08, 0x08, 0x08, 0x08, 0x08, 0x78, 0x81,
  0x86, 0x84, 0x33, 0x40, 0x48, 0x83, 0x34, 0x48,
  0x33, 0x48, 0x03, 0x34, 0x40, 0x48, 0x48, 0x38,
  0x08, 0x04, 0x48, 0x08, 0x08, 0x50, 0x08, 0x08,
  0x80, 0xF0, 0x08, 0x08, 0x88, 0x0E, 0x08, 0x08,
  0x3E, 0x8B, 0x80, 0x0D, 0x08, 0x08, 0x08, 0x0F,
  0x08, 0x88, 0x00, 0x88, 0x0F, 0x08, 0x88, 0x00,
  0x88, 0x00, 0x88, 0x3F, 0x0E, 0x08, 0x08, 0x08,
  0x88, 0x00, 0x08, 0x88, 0x00, 0x88, 0x00, 0x88,
  0x00, 0x08, 0x08, 0x08, 0x88, 0x80, 0x80, 0x90,
  0x00, 0xF0, 0x02, 0xF0, 0xFF, 0x0B, 0x80, 0x80,
  0x08, 0x80, 0x80, 0x80, 0x80, 0x80, 0x08, 0x77,
  0x07, 0x08, 0x08, 0x78, 0x81, 0x00, 0x88, 0x00,
  0x17, 0x08, 0x08, 0x08, 0x08, 0x08, 0x08, 0x08,
  0x08, 0x08, 0x08, 0x08, 0x08, 0xFF, 0x8E, 0x80,
  0x8F, 0x80, 0x0D, 0xC8, 0x80, 0x0C, 0xC8, 0xC0,
  0xC0, 0xB0, 0xB8, 0x8C, 0x8B, 0x8C, 0xBC, 0xC0,
  0x8B, 0x0C, 0xBC, 0xC0, 0xC0, 0x80, 0x0B, 0xC8,
  0x08, 0x08, 0x08, 0x08, 0x08, 0x17, 0x68, 0x08,
  0x03, 0x04, 0x34, 0x48, 0x24, 0x33, 0x40, 0x43,
  0x33, 0x43, 0x43, 0x33, 0x48, 0x24, 0x03, 0x43,
  0x30, 0x04, 0x03, 0x04, 0x48, 0x80, 0x50, 0x08,
  0x08, 0x08, 0x08, 0x08, 0x9F, 0x80, 0xE0, 0x08,
  0xD0, 0x80, 0x0C, 0x08, 0x8C, 0x80, 0x0C, 0xC8,
  0x08, 0x08, 0x0E, 0x08, 0x8C, 0x80, 0x80, 0xE0,
  0x08, 0x08, 0x08, 0x08, 0x8F, 0x80, 0x80, 0x80,
  0x80, 0x80, 0x80, 0x80, 0x80, 0x80, 0x80, 0x80,
  0xF0, 0x83, 0x80, 0x80, 0x80, 0x80, 0x80, 0xF0,
  0xF3, 0x9F, 0x80, 0x08, 0x80, 0x08, 0x80, 0x08,
  0x08, 0x08, 0xFF, 0xD5, 0x80, 0x80, 0x80, 0x80,
  0x80, 0x80, 0x80, 0x08, 0x80, 0x3F, 0x3F, 0xC8,
  0xB4, 0xC3, 0xB3, 0x84, 0x80, 0x80, 0x80, 0x80,
  0x80, 0x80, 0x27, 0x80, 0x08, 0x80, 0x17, 0x80,
  0x00, 0x07, 0x08, 0x08, 0x78, 0x3B, 0x80, 0x80,
  0x00, 0x88, 0x00, 0x08, 0x88, 0xF0, 0x0C, 0x08,
  0x8F, 0xC8, 0x08, 0x0D, 0xB8, 0x8C, 0xC0, 0xB8,
  0xC8, 0xC8, 0xC0, 0xB0, 0xC8, 0xC0, 0x08, 0x0C,
  0xB8, 0x08, 0x8D, 0x80, 0x80, 0xE0, 0xB3, 0x84,
  0x80, 0x80, 0x60, 0x08, 0x84, 0x40, 0x08, 0x84,
  0x84, 0x84, 0x03, 0x48, 0x48, 0x80, 0x84, 0x30,
  0x80, 0x50, 0x80, 0x80, 0x80, 0x08, 0x08, 0x80,
  0x08, 0x80, 0xDF, 0x80, 0x0F, 0x08, 0x8C, 0x80,
  0xD0, 0x08, 0x08, 0x8D, 0x00, 0x88, 0x00, 0x88,
  0x70, 0x81, 0x08, 0x06, 0x48, 0x48, 0x80, 0x84,
  0x03, 0x84, 0x84, 0x84, 0x30, 0x03, 0x40, 0x40,
  0x80, 0x85, 0x30, 0x80, 0x50, 0x80, 0x80, 0x80,
  0x80, 0x80, 0x80, 0x80, 0x80, 0xF0, 0x0E, 0x08,
  0x8F, 0xC0, 0x80, 0x80, 0x8C, 0xC0, 0x08, 0x0D,
  0x08, 0xC8, 0x08, 0x08, 0x0E, 0x08, 0xC8, 0x08,
  0x08, 0x08, 0xF8, 0x80, 0x08, 0x08, 0x80, 0x08,
  0x80, 0x80, 0x08, 0x80, 0x08, 0x80, 0x78, 0x27,
  0x08, 0x08, 0x17, 0x80, 0x70, 0x80, 0x80, 0x50,
  0x80, 0x08, 0x60, 0x08, 0x08, 0x08, 0x08, 0x08,
  0x08, 0x08, 0xBF, 0x80, 0xF0, 0x09, 0x0D, 0xC8,
  0x80, 0x0C, 0x8C, 0x0B, 0x8C, 0x8B, 0x8C, 0x0C,
  0x0C, 0x8B, 0x0C, 0x8C, 0x0B, 0x8C, 0x8B, 0xD0,
  0x08, 0x0C, 0x88, 0x80, 0x4D, 0x8B, 0x40, 0x08,
  0x08, 0x85, 0x40, 0x48, 0x48, 0x02, 0x83, 0x44,
  0x38, 0x03, 0x34, 0x48, 0x84, 0x33, 0x40, 0x48,
  0x08, 0x03, 0x04, 0x08, 0x85, 0x80, 0x50, 0x08,
  0x08, 0x08, 0x08, 0x08, 0x08, 0xF8, 0x0A, 0x08,
  0x08, 0x08, 0x08, 0x08, 0x3F, 0x3F, 0x0D, 0x08,
  0x08, 0x08, 0x08, 0x08, 0x08, 0x80, 0x08, 0x80,
  0xF8, 0x8E, 0x80, 0x80, 0x80, 0xF0, 0xE3, 0x08,
  0xC8, 0x80, 0x08, 0x8D, 0x80, 0x0D, 0x08, 0x0D,
  0xB8, 0x08, 0x8D, 0xC0, 0xB8, 0x08, 0xD8, 0xC8,
  0x80, 0xD0, 0x80, 0x8B, 0x80, 0xE0, 0x08, 0x08,
  0x08, 0xE8, 0x48, 0x4B, 0x3B, 0x08, 0x80, 0x78,
  0x08, 0x48, 0x08, 0x84, 0x03, 0x84, 0x40, 0x03,
  0x03, 0x85, 0x34, 0x48, 0x48, 0x02, 0x03, 0x03,
  0x85, 0x04, 0x83, 0x04, 0x48, 0x80, 0x84, 0x00,
  0x88, 0x86, 0x00, 0xC8, 0x08, 0x08, 0xE8, 0x80,
  0x0C, 0xC8, 0xC0, 0x08, 0xBC, 0xB0, 0xC8, 0x0C,
  0x0C, 0xBB, 0xC8, 0x8B, 0xDB, 0xC0, 0xB0, 0x8B,
  0x0C, 0xBC, 0xC0, 0x80, 0xDB, 0x80, 0xC0, 0x80,
  0xC0, 0x08, 0x08, 0x08, 0x08, 0x78, 0x00, 0x04,
  0x48, 0x40, 0x48, 0x48, 0x38, 0x30, 0x34, 0x40,
  0x03, 0x34, 0x48, 0x30, 0x04, 0x03, 0x58, 0x30,
  0x80, 0x50, 0x80, 0x80, 0x05, 0x08, 0x08, 0x08,
  0x08, 0x08, 0x9F, 0x88, 0x00, 0x88, 0x9F, 0x80,
  0x80, 0xF0, 0x88, 0x80, 0x80, 0xF0, 0x08, 0x08,
  0x08, 0x08, 0xF8, 0x08, 0x08, 0x88, 0x00, 0x88,
  0x80, 0x00, 0x88, 0x00, 0xF8, 0xF3, 0x83, 0xF0,
  0x08, 0xB4, 0x08, 0x08, 0x08, 0x88, 0x00, 0x08,
  0x88, 0x00, 0x88, 0x00, 0x88, 0x00, 0x08, 0x08,
  0x08, 0xF8, 0xF3, 0x83, 0xFF, 0x50, 0x3B, 0x0C,
  0x08, 0xC4, 0x03, 0x08, 0x08, 0x08, 0x08, 0x08,
  0x08, 0x08, 0x88, 0x00, 0x67, 0x80, 0x80, 0x80,
  0x80, 0x27, 0x80, 0x80, 0x80, 0x08, 0x80, 0x08,
  0xB7, 0xB7, 0xB5, 0x08, 0x08, 0x08, 0x08, 0x8F,
  0x08, 0x8D, 0xC0, 0x08, 0x0C, 0x8C, 0x0B, 0x8C,
  0x8B, 0x8C, 0x8B, 0x0D, 0xBC, 0xC0, 0xC0, 0x8A,
  0x8B, 0x8B, 0x0D, 0x8C, 0x0B, 0xC8, 0x08, 0x8C,
  0x80, 0x80, 0x80, 0x80, 0x80, 0x70, 0x82, 0x87,
  0x40, 0x83, 0x03, 0x44, 0x83, 0x34, 0x33, 0x85,
  0x33, 0x34, 0x83, 0x34, 0x34, 0x48, 0x83, 0x34,
  0x03, 0x03, 0x85, 0x04, 0x48, 0x08, 0x08, 0x58,
  0x08, 0x80, 0x08, 0xF0, 0x08, 0x08, 0xC8, 0x08,
  0x08, 0x8E, 0x80, 0x8C, 0xC0, 0x08, 0xD8, 0x80,
  0xD0, 0x80, 0xC0, 0x08, 0x08, 0x08, 0x8E, 0x80,
  0x80, 0x80, 0x80, 0x80, 0x3F, 0x80, 0x80, 0x80,
  0x08, 0x9F, 0x88, 0x00, 0x88, 0x00, 0x88, 0x00,
  0x88, 0x00, 0x88, 0x00, 0x3F, 0xEF, 0x80, 0x80,
  0x80, 0x80, 0x80, 0x08, 0x80, 0x08, 0x80, 0x08,
  0x80, 0x80, 0x80, 0x80, 0xF8, 0xF3, 0xCF, 0x08,
  0x80, 0xF0, 0xE3, 0x08, 0x08, 0x08, 0x08, 0x08,
  0x08, 0x17, 0x80, 0x00, 0x88, 0x00, 0x27, 0x08,
  0x08, 0x07, 0x80, 0x80, 0x70, 0x80, 0x80, 0x80,
  0x06, 0x08, 0x08, 0x08, 0x88, 0x07, 0x80, 0x80,
  0x80, 0x0F, 0x88, 0x80, 0x00, 0x8F, 0x80, 0x8B,
  0xD8, 0xC0, 0x08, 0x8C, 0xC0, 0xB8, 0xC8, 0x08,
  0x0D, 0x8B, 0xD0, 0xC0, 0x80, 0x0B, 0xC8, 0x08,
  0x0D, 0x08, 0x8C, 0x80, 0x80, 0x80, 0xF0, 0x83,
  0x80, 0x80, 0x80, 0x07, 0x03, 0x80, 0x05, 0x84,
  0x40, 0x08, 0x84, 0x84, 0x40, 0x08, 0x48, 0x30,
  0x80, 0x80, 0x60, 0x3B, 0x00, 0x88, 0xF0, 0x08,
  0x08, 0x08, 0xE8, 0x08, 0x08, 0x0E, 0x08, 0x08,
  0x8D, 0x80, 0x80, 0x80, 0x80, 0x00, 0x08, 0x88,
  0x70, 0x84, 0x70, 0x80, 0x04, 0x48, 0x80, 0x84,
  0x04, 0x48, 0x38, 0x80, 0x85, 0x30, 0x40, 0x80,
  0x50, 0x08, 0x58, 0x08, 0x08, 0x08, 0x80, 0x87,
  0x80, 0x80, 0x4C, 0x0C, 0x08, 0x08, 0x08, 0x8D,
  0x80, 0x80, 0x0E, 0x08, 0xD8, 0x80, 0x80, 0x0D,
  0x08, 0xD8, 0x80, 0xD0, 0x80, 0x80, 0x08, 0x8D,
  0x80, 0x80, 0x80, 0xF0, 0xC3, 0x48, 0x0B, 0x08,
  0x58, 0x80, 0x08, 0x08, 0x80, 0x78, 0x00, 0x08,
  0x08, 0x78, 0x80, 0x80, 0x50, 0x80, 0x80, 0x80,
  0x80, 0xB7, 0x04, 0x08, 0x08, 0x08, 0x88, 0xF0,
  0x09, 0x80, 0x80, 0x8F, 0x80, 0x8C, 0xC0, 0x08,
  0x0D, 0x0C, 0x8B, 0x8B, 0xD0, 0x8B, 0xD0, 0xB0,
  0x8C, 0xC0, 0xB0, 0xC8, 0x80, 0x0C, 0xC8, 0x80,
  0x0C, 0x08, 0x08, 0xE8, 0x80, 0x84, 0x80, 0x00,
  0x68, 0x80, 0x84, 0x04, 0x83, 0x04, 0x03, 0x04,
  0x03, 0x35, 0x40, 0x48, 0x83, 0x84, 0x30, 0x40,
  0x80, 0x85, 0x80, 0x04, 0x08, 0x58, 0x80, 0x08,
  0x80, 0x08, 0x70, 0x80, 0x80, 0x80, 0x80, 0x80,
  0x80, 0x80, 0x00, 0x88, 0x00, 0x88, 0x00, 0x08,
  0xF8, 0xEF, 0x08, 0x08, 0x80, 0x80, 0xF8, 0x8B,
  0x00, 0x88, 0x00, 0xBF, 0x88, 0x80, 0x9F, 0x08,
  0x08, 0x8F, 0x08, 0xD8, 0x08, 0xC8, 0x08, 0xD8,
  0x08, 0x0D, 0xB8, 0x08, 0x08, 0x8E, 0xC0, 0x08,
  0xC8, 0x08, 0xC8, 0x08, 0xD8, 0x08, 0x08, 0x0E,
  0x08, 0x08, 0x08, 0x08, 0x08, 0x78, 0x01, 0x88,
  0x07, 0x08, 0x03, 0x50, 0x48, 0x30, 0x40, 0x40,
  0x48, 0x48, 0x38, 0x30, 0x04, 0x03, 0x04, 0x03,
  0x85, 0x04, 0x48, 0x38, 0x80, 0x50, 0x08, 0x58,
  0x3B, 0x80, 0x80, 0x80, 0xF0, 0x08, 0x08, 0x8D,
  0xC0, 0x08, 0x8C, 0x8B, 0xD0, 0xC0, 0xB8, 0x8B,
  0x8C, 0xBC, 0xC0, 0xB8, 0x8C, 0x8B, 0xCC, 0xC0,
  0xB0, 0xC0, 0xB8, 0xC0, 0xB8, 0x08, 0x8D, 0x80,
  0xD0, 0x80, 0x80, 0x08, 0x06, 0x88, 0x50, 0x48,
  0x80, 0x84, 0x03, 0x84, 0x84, 0x84, 0x33, 0x40,
  0x48, 0x48, 0x38, 0x30, 0x40, 0x80, 0x58, 0x80,
  0x40, 0x80, 0x50, 0x08, 0x08, 0x08, 0x08, 0x08,
  0x08, 0x08, 0x08, 0x88, 0x80, 0x80, 0xF0, 0xAF,
  0x80, 0x80, 0x80, 0x80, 0xF0, 0x6D, 0x8B, 0x80,
  0x80, 0x80, 0x00, 0x88, 0xF0, 0xD3, 0x08, 0x08,
  0x08, 0x08, 0x08, 0x08, 0x08, 0x08, 0x88, 0x00,
  0x88, 0xFF, 0xD5, 0x80, 0x80, 0x80, 0x80, 0x80,
  0x80, 0x80, 0x80, 0x80, 0x80, 0x80, 0x80, 0x80,
  0x80, 0x80, 0x80, 0x80, 0x80, 0x80, 0x90, 0x00,
  0x00, 0x00, 0x00, 0x00, 0x00, 0x00, 0x70, 0x7A,
  0x77, 0x81, 0x00, 0x08, 0x88, 0x00, 0x78, 0x86,
  0x80, 0x80, 0x80, 0x80, 0x80, 0x80, 0x80, 0x00,
  0x88, 0x00, 0x08, 0x08, 0x08, 0xF8, 0xFF, 0x0A,
  0x9F, 0x80, 0xE0, 0xB8, 0x08, 0xD8, 0xC0, 0xB8,
  0x08, 0x8D, 0x8B, 0x8C, 0x0C, 0x0C, 0x0C, 0x8B,
  0xC0, 0xC0, 0x08, 0x0C, 0x08, 0x8C, 0x80, 0xD0,
  0x80, 0x80, 0x50, 0x08, 0x08, 0x60, 0x08, 0x84,
  0x40, 0x48, 0x48, 0x38, 0x30, 0x04, 0x03, 0x84,
  0x44, 0x38, 0x30, 0x40, 0x48, 0x80, 0x04, 0x48,
  0x80, 0x04, 0x08, 0x58, 0x80, 0x08, 0x80, 0x08,
  0x80, 0x08, 0x08, 0x80, 0x08, 0xEF, 0x80, 0x80,
  0x80, 0xF0, 0x89, 0x80, 0x80, 0x00, 0xF8, 0x89,
  0x08, 0x80, 0x08, 0x80, 0xBF, 0x80, 0x00, 0x88,
  0x00, 0x88, 0x00, 0x88, 0x00, 0x88, 0x80, 0x80,
  0x80, 0x00, 0xF8, 0x03, 0xFF, 0x6E, 0x08, 0x80,
  0x08, 0x80, 0x08, 0x8F, 0x84, 0x80, 0x80, 0x00,
  0x08, 0x88, 0xF0, 0x03, 0x88, 0x8F, 0x80, 0x80,
  0x80, 0x80, 0x80, 0x17, 0x0D, 0x88, 0x00, 0x08,
  0x88, 0x00, 0x88, 0x00, 0x88, 0x80, 0x80, 0x80,
  0x80, 0x00, 0x08, 0xFF, 0x8F, 0x08, 0x8F, 0x08,
  0x85, 0x80, 0x8C, 0x80, 0x8C, 0x8C, 0x80, 0x0D,
  0x08, 0x08, 0x08, 0x08, 0x08, 0x08, 0x08, 0xBF,
  0x08, 0x9F, 0x80, 0x80, 0x8E, 0x0C, 0xBC, 0x80,
  0x0C, 0x0C, 0xCB, 0x78, 0x77, 0x01, 0x08, 0x88,
  0x88, 0x09, 0x1A, 0x09, 0x9B, 0x9E, 0xA9, 0xA9,
  0x99, 0xBF, 0x07, 0x77, 0x83, 0x81, 0x80, 0x08,
  0x09, 0x08, 0x88, 0x81, 0x02, 0x8B, 0x8F, 0x8B,
  0x8A, 0x0B, 0x0D, 0x0B, 0x0B, 0x0A, 0x0A, 0x0A,
  0x89, 0x1A, 0x89, 0x0A, 0x08, 0x83, 0x8B, 0x08,
  0x80, 0x08, 0x3F, 0x0C, 0x8C, 0x80, 0x00, 0x88,
  0x00, 0x08, 0x88, 0x00, 0x88, 0x00, 0x08, 0xFF,
  0x04, 0x04, 0x08, 0x08, 0x08, 0x08, 0x08, 0x17,
  0x80, 0x8E, 0x80, 0x05, 0x08, 0x08, 0x0E, 0x0C,
  0x83, 0x80, 0x80, 0x8D, 0x80, 0x80, 0x36, 0x80,
  0xD0, 0x80, 0x08, 0x80, 0x36, 0x80, 0x8C, 0x4C,
  0x08, 0xC3, 0x80, 0x40, 0xB8, 0xC8, 0x48, 0x03,
  0x08, 0xBD, 0x08, 0x44, 0x38, 0x40, 0xCB, 0xC0,
  0xB0, 0x30, 0x47, 0x12, 0x08, 0xA8, 0xFA, 0xAC,
  0xB9, 0xA2, 0x8E, 0x8B, 0x92, 0xA0, 0x8E, 0x80,
  0x87, 0x80, 0x09, 0x28, 0x16, 0x14, 0x1A, 0x8D,
  0x81, 0x86, 0x82, 0x09, 0x0B, 0x00, 0x06, 0x05,
  0x12, 0x10, 0x0B, 0x0E, 0x09, 0x04, 0x07, 0x84,
  0x81, 0x88, 0x0C, 0x8E, 0x8B, 0x0C, 0x8B, 0x8A,
  0x0B, 0x8C, 0x8B, 0x0B, 0x0B, 0x09, 0x88, 0x08,
  0x0A, 0x03, 0x17, 0x17, 0x86, 0x03, 0x02, 0x00,
  0x09, 0x0A, 0x09, 0x82, 0x04, 0x05, 0x06, 0x84,
  0x85, 0x03, 0x84, 0x03, 0x84, 0x03, 0x03, 0x03,
  0x82, 0x82, 0x80, 0x0C, 0x0E, 0x8B, 0x0D, 0x0C,
  0x8B, 0x0C, 0x8B, 0x0C, 0x0C, 0x8A, 0x09, 0x8B,
  0x0C, 0x8A, 0x0B, 0x8B, 0x2A, 0x0A, 0x08, 0x0C,
  0x08, 0x08, 0x08, 0x0F, 0x83, 0x08, 0x80, 0x08,
  0x08, 0x80, 0x17, 0xD8, 0x80, 0x3C, 0x80, 0x80,
  0x06, 0x08, 0x08, 0x68, 0x80, 0x04, 0x88, 0x0C,
  0x08, 0x88, 0x87, 0x03, 0x03, 0x08, 0xBE, 0x84,
  0x0B, 0x08, 0x58, 0x03, 0x08, 0x08, 0x78, 0x80,
  0xB4, 0xB8, 0xC8, 0xBC, 0xAE, 0xAA, 0x9D, 0x9A,
  0x0D, 0x9C, 0x89, 0x80, 0x83, 0x0B, 0x48, 0x30,
  0x03, 0x04, 0x08, 0x08, 0x86, 0x84, 0x84, 0x83,
  0x40, 0x43, 0x33, 0x27, 0x21, 0x38, 0x38, 0x43,
  0x16, 0x04, 0x21, 0x8A, 0x80, 0x80, 0x80, 0x85,
  0xB3, 0xB4, 0x0C, 0x9F, 0x9A, 0xA1, 0x83, 0x96,
  0x03, 0xB0, 0x8A, 0x9F, 0x8B, 0xA0, 0x82, 0x06,
  0x03, 0x82, 0x03, 0x06, 0x01, 0x05, 0x01, 0x0B,
  0x8F, 0x8F, 0x8C, 0x8C, 0x0C, 0x0C, 0x8C, 0x8A,
  0x8B, 0x0C, 0x0B, 0x0B, 0x0B, 0x80, 0x08, 0x83,
  0x04, 0x85, 0x04, 0x82, 0x83, 0x03, 0x06, 0x82,
  0x03, 0x86, 0x84, 0x86, 0x03, 0x84, 0x86, 0x03,
  0x03, 0x05, 0x03, 0x84, 0x03, 0x84, 0x03, 0x01,
  0x00, 0x81, 0x09, 0x8B, 0x0C, 0x8B, 0x8F, 0x8B,
  0x0C, 0x0D, 0x1C, 0x0C, 0x8A, 0x0A, 0x8A, 0x0C,
  0x8A, 0x8A, 0x89, 0x0C, 0x0A, 0x2A, 0x0B, 0x8B,
  0x80, 0x0D, 0x88, 0x00, 0x88, 0x00, 0x07, 0x08,
  0x08, 0x08, 0x08, 0x08, 0x9F, 0xE8, 0xB8, 0xC8,
  0xC0, 0xAC, 0xB8, 0xCB, 0x0C, 0xBB, 0xC8, 0xC0,
  0x80, 0x8B, 0x80, 0x08, 0x80, 0x07, 0x80, 0x80,
  0x60, 0x80, 0x04, 0x84, 0x34, 0x43, 0x02, 0x64,
  0x21, 0x22, 0x22, 0x43, 0x32, 0x30, 0x40, 0x08,
  0x80, 0x08, 0x80, 0x80, 0x9F, 0x0D, 0x0C, 0x0C,
  0x8B, 0x8B, 0x8C, 0x0C, 0x0C, 0x8B, 0x0C, 0x88,
  0x00, 0xE8, 0x08, 0x0C, 0xC8, 0x80, 0xB4, 0x03,
  0x04, 0x84, 0x80, 0x80, 0x80, 0x87, 0x80, 0x04,
  0x03, 0x04, 0x84, 0x84, 0x80, 0x04, 0x08, 0x08,
  0x8D, 0x80, 0x80, 0x60, 0x80, 0x85, 0x03, 0x07,
  0x82, 0x83, 0x03, 0x0C, 0x83, 0x0C, 0x8F, 0x0C,
  0x8F, 0x0B, 0x0E, 0x8C, 0x0B, 0x8C, 0x0C, 0x0B,
  0x0C, 0x8A, 0x0B, 0x0A, 0x99, 0x89, 0x80, 0xA0,
  0x02, 0x08, 0x03, 0x04, 0x84, 0x07, 0x86, 0x02,
  0x86, 0x83, 0x86, 0x03, 0x04, 0x04, 0x84, 0x85,
  0x84, 0x02, 0x03, 0x02, 0x04, 0x02, 0x82, 0x83,
  0x83, 0x01, 0x08, 0x8A, 0x2A, 0x0E, 0x0C, 0x0E,
  0x8B, 0x8C, 0x0C, 0x0D, 0x9B, 0x8A, 0x9B, 0x9C,
  0x0C, 0x8C, 0x9A, 0x8A, 0x9B, 0xAA, 0x0A, 0xAB,
  0x08, 0x8C, 0x80, 0x3C, 0x80, 0x80, 0x06, 0x48,
  0x30, 0x04, 0x43, 0x43, 0x33, 0x34, 0x33, 0x34,
  0x34, 0x48, 0x83, 0x84, 0x84, 0x80, 0x80, 0x80,
  0x08, 0xF0, 0x08, 0x8C, 0x80, 0x8C, 0x0C, 0x0C,
  0xB8, 0x08, 0x88, 0xF0, 0x80, 0xC0, 0x08, 0xC8,
  0x08, 0x08, 0x08, 0x08, 0x08, 0x9F, 0x80, 0x08,
  0xF0, 0x88, 0x80, 0x80, 0x0F, 0x08, 0xC8, 0x03,
  0x0D, 0x08, 0x08, 0x8D, 0x80, 0x80, 0x00, 0x88,
  0x00, 0x08, 0x78, 0x8B, 0x07, 0x08, 0x08, 0x80,
  0x87, 0x80, 0x04, 0x03, 0x58, 0x80, 0x04, 0x08,
  0x04, 0x08, 0x04, 0x08, 0x08, 0x87, 0x80, 0x80,
  0x05, 0x08, 0x04, 0x03, 0x80, 0x06, 0x03, 0x84,
  0x00, 0x04, 0x08, 0x0E, 0x8B, 0x1F, 0x1E, 0x0E,
  0x8A, 0x0B, 0x0D, 0x0C, 0x8C, 0x8A, 0x8B, 0x8C,
  0x8B, 0x8B, 0x8A, 0x0D, 0x89, 0x89, 0x2B, 0x8A,
  0x80, 0x08, 0x08, 0x80, 0x06, 0x97, 0x03, 0x04,
  0x96, 0x05, 0x94, 0x85, 0x83, 0x84, 0x84, 0x84,
  0x84, 0x83, 0x03, 0x84, 0x83, 0x03, 0x83, 0x02,
  0x01, 0x01, 0x08, 0x38, 0x4B, 0x8B, 0x4B, 0x1F,
  0x89, 0x2C, 0x1C, 0x1B, 0x29, 0x8D, 0x19, 0x2C,
  0x1D, 0x1A, 0x0C, 0x0A, 0x8C, 0x89, 0x0A, 0x0E,
  0xA8, 0x89, 0xB0, 0xC0, 0xB0, 0x8B, 0xD0, 0x80,
  0xC0, 0xB8, 0x08, 0x08, 0x08, 0xF8, 0x88, 0x80,
  0x80, 0x00, 0x88, 0x80, 0x00, 0xBF, 0x87, 0x8B,
  0x80, 0x80, 0x80, 0x00, 0x88, 0x00, 0x88, 0x00,
  0x88, 0x77, 0x00, 0x80, 0x80, 0x80, 0x08, 0xF0,
  0x83, 0x8F, 0x84, 0x00, 0x88, 0x0E, 0x08, 0x08,
  0x08, 0x08, 0x08, 0x9F, 0x08, 0x08, 0xF8, 0x08,
  0x08, 0x08, 0x8F, 0x00, 0x8C, 0x80, 0x80, 0x80,
  0x08, 0x08, 0x80, 0x08, 0x37, 0x8F, 0x04, 0x88,
  0x04, 0x03, 0x04, 0x08, 0x85, 0x84, 0x84, 0x80,
  0x84, 0x80, 0x04, 0x08, 0x04, 0x08, 0x08, 0x86,
  0x84, 0x80, 0x04, 0x03, 0x08, 0x05, 0x84, 0x80,
  0x80, 0x80, 0x8E, 0x8F, 0x8C, 0xAB, 0x8F, 0x9B,
  0x0C, 0x8E, 0x9A, 0x8B, 0x8D, 0x8B, 0x9B, 0x8C,
  0x0C, 0x8C, 0x0B, 0x8A, 0x0C, 0x0B, 0x89, 0x19,
  0x0A, 0x38, 0x80, 0x07, 0x04, 0x15, 0x13, 0x15,
  0x15, 0x04, 0x05, 0x13, 0x04, 0x04, 0x04, 0x03,
  0x85, 0x83, 0x03, 0x84, 0x03, 0x82, 0x83, 0x02,
  0x81, 0x82, 0x0A, 0xB8, 0x0B, 0x8C, 0x8F, 0xAB,
  0x0D, 0x8B, 0x8E, 0x0A, 0x8D, 0x0B, 0x8B, 0x0B,
  0x0F, 0x89, 0x0A, 0x8B, 0x89, 0x0A, 0x8B, 0x0B,
  0x8C, 0x8B, 0x80, 0x8D, 0x80, 0x8C, 0x80, 0x80,
  0x80, 0x80, 0x08, 0xAF, 0x80, 0x78, 0x00, 0x08,
  0x08, 0x08, 0x08, 0x08, 0x80, 0x08, 0x80, 0x80,
  0x80, 0x80, 0x80, 0x08, 0x08, 0x08, 0x08, 0x08,
  0x08, 0x00, 0x00, 0x00, 0x00, 0x00, 0x00, 0x00,
  0x00, 0x00, 0x00, 0x00, 0x00, 0x00, 0x00, 0xFF,
  0xFF, 0x08, 0x08, 0x08, 0x08, 0x88, 0xCF, 0x80,
  0x80, 0x80, 0x80, 0x80, 0x80, 0x70, 0x06, 0x08,
  0x08, 0x08, 0x17, 0x80, 0x80, 0x80, 0x00, 0x88,
  0x00, 0x88, 0x00, 0x88, 0xF0, 0xF3, 0x0D, 0xF8,
  0x80, 0x80, 0x8C, 0x80, 0xE0, 0x80, 0x80, 0x80,
  0x80, 0xB7, 0x03, 0x58, 0x83, 0x84, 0x30, 0x40,
  0x40, 0x3B, 0x80, 0x80, 0x08, 0x3F, 0x1F, 0x2C,
  0x0C, 0x1B, 0x1E, 0x8B, 0x0B, 0x8D, 0x1B, 0x0F,
  0x8A, 0x0B, 0x9A, 0x8B, 0x9B, 0x8C, 0x8B, 0x0D,
  0x9A, 0xA8, 0x80, 0x00, 0xC3, 0x87, 0x82, 0x87,
  0x83, 0x85, 0x04, 0x83, 0x86, 0x84, 0x83, 0x85,
  0x83, 0x84, 0x02, 0x03, 0x03, 0x83, 0x84, 0x84,
  0x01, 0x82, 0x80, 0xA2, 0x80, 0x8A, 0x8B, 0x8B,
  0x9F, 0x8A, 0x8E, 0x8B, 0x8C, 0x0C, 0x0C, 0x0C,
  0x0D, 0x89, 0x8A, 0x89, 0x0A, 0x8D, 0x89, 0x0A,
  0x0B, 0x8B, 0x80, 0x0D, 0x08, 0x0D, 0x08, 0x08,
  0x3D, 0x0C, 0x08, 0x08, 0x8D, 0x00, 0x58, 0x3B,
  0x80, 0x80, 0x0E, 0x03, 0x08, 0x08, 0x08, 0x08,
  0x08, 0x08, 0x08, 0x57, 0x08, 0x08, 0x08, 0x78,
  0x82, 0x08, 0x80, 0x08, 0x80, 0x78, 0x03, 0x80,
  0x80, 0x80, 0x08, 0xDF, 0x80, 0x0F, 0xB8, 0x08,
  0x8D, 0x8B, 0x8C, 0x0C, 0x0C, 0x0C, 0x0B, 0xBC,
  0xC0, 0x08, 0x0C, 0xB8, 0x08, 0x08, 0x8E, 0x80,
  0x80, 0x00, 0x06, 0x84, 0x84, 0x03, 0x34, 0x84,
  0x43, 0x33, 0x40, 0x33, 0x44, 0x02, 0x33, 0x04,
  0x43, 0x84, 0x30, 0x08, 0x04, 0x08, 0x85, 0x84,
  0x80, 0x04, 0x08, 0x08, 0xE8, 0x80, 0xD0, 0x80,
  0xAC, 0xC8, 0x8A, 0xBC, 0x0B, 0xAF, 0x8C, 0x8B,
  0x8F, 0x0B, 0x0D, 0x8B, 0x8A, 0x8C, 0x0C, 0x8C,
  0x0A, 0x8C, 0x1B, 0x8D, 0x0A, 0x0B, 0x89, 0x8C,
  0x80, 0x0A, 0x80, 0x03, 0x08, 0x17, 0x85, 0x04,
  0x85, 0x05, 0x84, 0x84, 0x04, 0x83, 0x85, 0x84,
  0x02, 0x03, 0x03, 0x84, 0x04, 0x82, 0x02, 0x02,
  0x83, 0x82, 0x02, 0x08, 0x8B, 0x80, 0x0D, 0x1F,
  0x0C, 0x0A, 0x8C, 0x8B, 0x8C, 0x0A, 0x8D, 0x8B,
  0x8C, 0xB9, 0x0A, 0x8B, 0x8F, 0x29, 0x8A, 0x8A,
  0x8B, 0x3C, 0x8B, 0x80, 0x0D, 0x88, 0x00, 0x08,
  0x88, 0x00, 0x88, 0x00, 0x47, 0x8E, 0x80, 0x80,
  0x80, 0x80, 0xF0, 0x09, 0xE0, 0x80, 0x0C, 0xB8,
  0x08, 0x8D, 0xC0, 0x08, 0x0C, 0xC8, 0x80, 0x0C,
  0x88, 0xD0, 0x80, 0x80, 0x0D, 0x88, 0x00, 0x85,
  0x00, 0x04, 0x58, 0x30, 0x80, 0x05, 0x43, 0x80,
  0x04, 0x43, 0x30, 0x80, 0x85, 0x40, 0x08, 0x40,
  0x08, 0x08, 0x80, 0x08, 0xF0, 0x09, 0x08, 0x08,
  0x8F, 0x80, 0xD0, 0xC3, 0x80, 0xB4, 0x80, 0x80,
  0x80, 0x80, 0x80, 0x08, 0x08, 0x80, 0x08, 0x80,
  0x77, 0x80, 0x80, 0x07, 0x08, 0x04, 0x08, 0x85,
  0x84, 0x80, 0x40, 0x80, 0x80, 0x80, 0x80, 0x80,
  0x80, 0xAF, 0x0E, 0x8C, 0x0B, 0x8F, 0x8C, 0x8B,
  0x8C, 0x8E, 0x0A, 0x8D, 0x0A, 0x8C, 0x8B, 0x0D,
  0x0C, 0x8A, 0x8B, 0x0B, 0x0C, 0x0A, 0x8C, 0x89,
  0x0A, 0x0B, 0x08, 0x08, 0x04, 0x04, 0x07, 0x06,
  0x02, 0x86, 0x04, 0x83, 0x85, 0x03, 0x85, 0x84,
  0x84, 0x02, 0x02, 0x03, 0x04, 0x02, 0x03, 0x02,
  0x83, 0x04, 0x01, 0x08, 0x80, 0x80, 0x08, 0x0D,
  0x8C, 0x8E, 0x89, 0x8D, 0x8B, 0x8C, 0x0C, 0x0C,
  0x9A, 0xAA, 0x8D, 0x8B, 0x8C, 0x0C, 0x8C, 0x0B,
  0x8A, 0x0D, 0x0A, 0xBA, 0xB0, 0x8B, 0x80, 0x0D,
  0x0C, 0xB8, 0x08, 0x08, 0x78, 0x08, 0x08, 0x04,
  0x84, 0x84, 0x84, 0x03, 0x43, 0x30, 0x04, 0x03,
  0x44, 0x38, 0x80, 0x35, 0x08, 0x84, 0x80, 0x50,
  0x08, 0x08, 0x08, 0x08, 0x08, 0x9F, 0x80, 0x80,
  0x8E, 0x0C, 0x08, 0xD8, 0x80, 0xD0, 0x80, 0x8B,
  0x80, 0x8D, 0x80, 0x0D, 0x08, 0x08, 0x0E, 0x08,
  0x08, 0x08, 0x08, 0x08, 0x08, 0x08, 0x88, 0x00,
  0x08, 0x08, 0x08, 0x08, 0x88, 0x80, 0x80, 0x77,
  0x27, 0x08, 0x08, 0x27, 0x08, 0x08, 0x07, 0x80,
  0x86, 0x80, 0x04, 0x08, 0x04, 0x08, 0x85, 0x80,
  0x85, 0x80, 0x04, 0x08, 0x08, 0x0E, 0x08, 0x08,
  0x08, 0x8E, 0x8B, 0x8C, 0x8F, 0x0A, 0x8D, 0x8B,
  0x8C, 0x8E, 0x0A, 0x8B, 0x0E, 0x8A, 0x0B, 0x8D,
  0x0A, 0x1D, 0x0C, 0x89, 0x0A, 0x8B, 0x89, 0x0A,
  0x08, 0x0C, 0x08, 0x03, 0x40, 0x04, 0x07, 0x03,
  0x04, 0x06, 0x03, 0x86, 0x03, 0x04, 0x84, 0x84,
  0x03, 0x84, 0x03, 0x03, 0x84, 0x94, 0x02, 0xA3,
  0x84, 0x80, 0xA2, 0x02, 0xB8, 0x80, 0x0C, 0x08,
  0x0D, 0x8F, 0x09, 0x2A, 0x8D, 0x19, 0x0A, 0x3B,
  0x0B, 0x08, 0x3D, 0x3B, 0x0C, 0x08, 0x88, 0x3E,
  0x4B, 0x3B, 0x0C, 0x08, 0x0D, 0x08, 0x08, 0x8D,
  0x80, 0x8C, 0x00, 0xD8, 0x08, 0x08, 0x0E, 0x08,
  0xC8, 0x08, 0x08, 0x08, 0xF8, 0xB3, 0x88, 0xB5,
  0x80, 0x80, 0x80, 0xF8, 0x03, 0x08, 0x08, 0x08,
  0x08, 0x9F, 0x85, 0x80, 0x80, 0x8C, 0x80, 0x80,
  0x80, 0x3F, 0x0C, 0x08, 0x08, 0x88, 0x00, 0x8F,
  0x08, 0x08, 0x08, 0x08, 0x08, 0xAF, 0x80, 0x80,
  0x80, 0x80, 0x00, 0x88, 0xDF, 0x86, 0x80, 0x80,
  0x80, 0x00, 0x87, 0x80, 0x00, 0x88, 0x00, 0x88,
  0x00, 0x27, 0x08, 0x07, 0x08, 0x88, 0x86, 0x84,
  0x80, 0x84, 0x30, 0x00, 0x88, 0x87, 0x03, 0x48,
  0x80, 0x04, 0x88, 0x00, 0x88, 0x00, 0x88, 0x00,
  0xAF, 0x08, 0x8F, 0x8F, 0x89, 0x8C, 0x0C, 0x0C,
  0x0C, 0x8D, 0x8A, 0x8B, 0x0D, 0x8C, 0x0B, 0x0D,
  0x8B, 0x9A, 0x9B, 0x8C, 0x0B, 0xAC, 0xA9, 0xAA,
  0xB8, 0x0B, 0x88, 0x00, 0x86, 0x80, 0x17, 0x04,
  0x16, 0x03, 0x06, 0x13, 0x85, 0x85, 0x84, 0x03,
  0x03, 0x84, 0x04, 0x12, 0x83, 0x13, 0x04, 0x83,
  0x03, 0x11, 0x02, 0x02, 0x88, 0x00, 0x0D, 0x08,
  0x8C, 0xCB, 0x0C, 0x8E, 0x89, 0x8C, 0x0C, 0x0C,
  0x0C, 0x8B, 0x89, 0x8C, 0x0C, 0x8A, 0xAA, 0x8A,
  0x0B, 0x0D, 0x8B, 0x8B, 0x80, 0x0D, 0x88, 0x8C,
  0x80, 0x3D, 0x0C, 0x08, 0x08, 0x08, 0x08, 0x80,
  0x08, 0x80, 0x08, 0x80, 0x80, 0x80, 0x80, 0x77,
  0x0D, 0x86, 0x80, 0x00, 0x88, 0x00, 0x88, 0x80,
  0x00, 0x88, 0x00, 0x88, 0x00, 0x88, 0x80, 0x80,
  0x80, 0xFF, 0x9F, 0x80, 0x08, 0x80, 0x08, 0x80,
  0x08, 0xFF, 0x08, 0x08, 0x08, 0x08, 0x08, 0xBF,
  0x70, 0x80, 0x80, 0x80, 0x08, 0x80, 0x78, 0x01,
  0x08, 0x08, 0x08, 0x17, 0x08, 0x08, 0x07, 0x08,
  0x88, 0x00, 0x88, 0x00, 0x88, 0x00, 0xB7, 0x07,
  0x08, 0x88, 0x00, 0x88, 0x00, 0x08, 0x88, 0xF0,
  0xF3, 0x88, 0xD0, 0x80, 0x08, 0x0D, 0xC8, 0x8B,
  0x0C, 0x0C, 0x0C, 0x0B, 0x1F, 0x1C, 0x2B, 0x8C,
  0x89, 0x0A, 0x1E, 0x0B, 0x8A, 0x8A, 0x8A, 0x1F,
  0x2C, 0x1C, 0x2B, 0x0C, 0x0A, 0x8A, 0x0A, 0x8B,
  0x80, 0x8C, 0x80, 0x00, 0x86, 0x84, 0x84, 0x96,
  0x86, 0x92, 0x85, 0x03, 0x85, 0x03, 0x84, 0x84,
  0x04, 0x02, 0x83, 0x85, 0x83, 0x03, 0x94, 0x94,
  0x02, 0x81, 0x82, 0x82, 0x80, 0x80, 0x80, 0x80,
  0x8D, 0x0C, 0x0C, 0x8B, 0x8C, 0x8B, 0x0C, 0x8F,
  0x8A, 0x0D, 0x0A, 0x8A, 0x0B, 0x0F, 0x0A, 0x8A,
  0x0A, 0x8B, 0xC0, 0x08, 0x8C, 0x8B, 0x80, 0x80,
  0x0F, 0x08, 0x08, 0x08, 0x8E, 0x80, 0x80, 0x80,
  0x80, 0x80, 0x80, 0x80, 0x80, 0x80, 0x80, 0x80,
  0x00, 0x08, 0x77, 0x05, 0x88, 0x00, 0x88, 0x70,
  0x7B, 0x80, 0x80, 0x80, 0x80, 0x80, 0x80, 0x80,
  0x80, 0x78, 0x05, 0x88, 0x0F, 0x88, 0x00, 0x88,
  0x00, 0x8F, 0x08, 0xD8, 0x08, 0xD8, 0x80, 0x0C,
  0xC8, 0x80, 0x0C, 0xC8, 0x80, 0x0C, 0x08, 0x0D,
  0xB8, 0x08, 0x88, 0x0E, 0x08, 0x08, 0x08, 0x08,
  0x07, 0x08, 0x85, 0x04, 0x83, 0x40, 0x84, 0x43,
  0x83, 0x34, 0x33, 0x85, 0x33, 0x84, 0x84, 0x03,
  0x03, 0x58, 0x08, 0x84, 0x00, 0x08, 0x0E, 0x88,
  0x8B, 0xBD, 0x08, 0x9F, 0xAA, 0x8A, 0x0F, 0x9C,
  0x99, 0x8C, 0x0B, 0x0F, 0x9A, 0x8A, 0x0B, 0x9C,
  0x0C, 0x8B, 0x8B, 0x8C, 0x0C, 0x0A, 0x0D, 0x0A,
  0x8A, 0x80, 0x80, 0x00, 0x08, 0x85, 0x07, 0x04,
  0x84, 0x03, 0x06, 0x03, 0x06, 0x03, 0x03, 0x86,
  0x84, 0x02, 0x84, 0x83, 0x03, 0x03, 0x83, 0x84,
  0x84, 0x03, 0x01, 0x82, 0x80, 0x80, 0x80, 0x80,
  0x0E, 0xC8, 0x80, 0x0C, 0x0C, 0x8F, 0x89, 0x89,
  0x0D, 0x8A, 0x89, 0x0B, 0x8B, 0x8F, 0x0A, 0x08,
  0x8B, 0x8B, 0x8C, 0x3C, 0x8B, 0x0C, 0x08, 0x88,
  0x00, 0x08, 0x88, 0x00, 0xBF, 0x80, 0x80, 0x80,
  0x80, 0x37, 0x80, 0x80, 0xF0, 0x8A, 0x00, 0x88,
  0x00, 0xAF, 0x08, 0xF8, 0x08, 0xD8, 0x80, 0x0C,
  0x08, 0x0D, 0xC8, 0x80, 0x8B, 0x80, 0x80, 0x8E,
  0xD0, 0x80, 0x80, 0x8C, 0x80, 0x80, 0x00, 0x88,
  0x70, 0x5B, 0x48, 0x80, 0x84, 0x30, 0x80, 0x05,
  0x03, 0x58, 0x30, 0x80, 0x85, 0x40, 0x08, 0x84,
  0x00, 0x58, 0x8B, 0x04, 0x08, 0x08, 0x05, 0x88,
  0x00, 0x08, 0x88, 0xB7, 0x85, 0x80, 0x80, 0x80,
  0xB6, 0x84, 0xB3, 0x84, 0x80, 0xB5, 0x03, 0x08,
  0x08, 0x08, 0x08, 0x08, 0x08, 0xBF, 0x80, 0x8F,
  0x0C, 0x8C, 0x0B, 0x8C, 0x8B, 0x8F, 0x8A, 0x0E,
  0x0C, 0x8B, 0x8B, 0x8C, 0x0C, 0x0C, 0x0C, 0x8B,
  0x8B, 0x8C, 0x0C, 0x8C, 0x0B, 0x8A, 0x0D, 0x0A,
  0xA8, 0x08, 0x08, 0x08, 0x08, 0x86, 0x04, 0x06,
  0x84, 0x84, 0x86, 0x03, 0x84, 0x84, 0x04, 0x02,
  0x85, 0x83, 0x04, 0x02, 0x03, 0x02, 0x05, 0x82,
  0x03, 0x84, 0x80, 0x04, 0x01, 0x08, 0x08, 0x08,
  0x08, 0x8D, 0x8B, 0x80, 0x8D, 0x0C, 0x0C, 0x8B,
  0x8F, 0x0A, 0x0B, 0x8B, 0xCB, 0x8B, 0x0C, 0x0C,
  0x0C, 0x8B, 0xCB, 0xB8, 0x08, 0xBD, 0xC8, 0x80,
  0xBC, 0x08, 0x8C, 0xD0, 0x80, 0x8B, 0x80, 0x0E,
  0x08, 0xC8, 0x08, 0x08, 0x08, 0x80, 0x07, 0x40,
  0x08, 0x40, 0x40, 0x80, 0x85, 0x03, 0x58, 0x48,
  0x38, 0x80, 0x04, 0x48, 0x08, 0x84, 0x00, 0x88,
  0x00, 0x88, 0x00, 0x08, 0x88, 0x00, 0xDF, 0x08,
  0x80, 0x8F, 0x08, 0xD8, 0x80, 0x8C, 0x80, 0x80,
  0x80, 0x8F, 0x80, 0x80, 0x80, 0x8E, 0x80, 0x80,
  0x80, 0x80, 0x00, 0x88, 0x37, 0x08, 0x08, 0x08,
  0x27, 0x08, 0x08, 0x07, 0x85, 0x00, 0x03, 0xB5,
  0x03, 0x04, 0x08, 0x85, 0x80, 0x80, 0x86, 0x80,
  0x80, 0x05, 0x08, 0x0D, 0x08, 0xC8, 0x08, 0x0D,
  0x8B, 0x8C, 0x8B, 0x0C, 0x8C, 0x8F, 0x89, 0x8C,
  0x0C, 0x8C, 0x0B, 0x8C, 0x89, 0x8C, 0x0C, 0x8C,
  0x0B, 0x8C, 0x8B, 0x8C, 0x0A, 0x8D, 0x89, 0x0A,
  0x08, 0x8B, 0x80, 0x80, 0x80, 0x37, 0x04, 0x06,
  0x84, 0x84, 0x86, 0x03, 0x84, 0x84, 0x03, 0x85,
  0x03, 0x83, 0x85, 0x84, 0x93, 0x03, 0x02, 0x93,
  0x84, 0x82, 0x02, 0x08, 0x08, 0x08, 0x08, 0x8E,
  0x8B, 0x8C, 0xDB, 0x0B, 0x0C, 0x0C, 0x8E, 0x89,
  0x0A, 0x0B, 0x0C, 0x08, 0x0C, 0x8B, 0x80, 0x3D,
  0x80, 0x3C, 0x40, 0x4B, 0x3B, 0x80, 0x80, 0x06,
  0x08, 0x08, 0x88, 0x70, 0x4B, 0x08, 0x08, 0x08,
  0x08, 0x8F, 0x80, 0x00, 0x88, 0x0E, 0x08, 0x08,
  0x08, 0x0F, 0x83, 0x80, 0x0D, 0x08, 0x08, 0x08,
  0x08, 0x8F, 0x08, 0x08, 0x08, 0x08, 0x08, 0x08,
  0xBF, 0x80, 0x80, 0x80, 0x80, 0x80, 0x80, 0x80,
  0x80, 0xFF, 0x0A, 0x08, 0x08, 0xAF, 0x08, 0x80,
  0x08, 0x80, 0x08, 0x80, 0x08, 0x80, 0x08, 0x80,
  0x80, 0x80, 0x80, 0x08, 0x77, 0x37, 0x80, 0x80,
  0x00, 0x57, 0x08, 0x06, 0x08, 0x85, 0x80, 0x85,
  0x80, 0x80, 0x05, 0x03, 0x08, 0x05, 0x08, 0x08,
  0x88, 0x07, 0x08, 0x08, 0x80, 0x3F, 0x8B, 0x80,
  0x80, 0x0E, 0x0C, 0x0C, 0x8B, 0x1F, 0x8B, 0x0A,
  0x0E, 0x0A, 0x0F, 0x0A, 0x9A, 0x0B, 0x0C, 0x0C,
  0x8B, 0x8D, 0x8A, 0xAB, 0x0A, 0x8D, 0x8B, 0xAA,
  0x8A, 0x8B, 0x0C, 0x08, 0x08, 0x08, 0xB6, 0x07,
  0x82, 0x05, 0x03, 0x87, 0x83, 0x04, 0x13, 0x05,
  0x13, 0x04, 0x13, 0x85, 0x04, 0x84, 0x83, 0x84,
  0x12, 0x02, 0x83, 0x12, 0x83, 0x83, 0x03, 0x08,
  0x08, 0x08, 0x08, 0x9F, 0x80, 0x8D, 0x8B, 0x0D,
  0x8C, 0x0B, 0x8F, 0x08, 0x8D, 0x89, 0x0A, 0x0B,
  0x0C, 0x0B, 0x8C, 0x0B, 0x08, 0x8D, 0x8B, 0x80,
  0x8D, 0x00, 0x3D, 0x0C, 0x08, 0x08, 0x8D, 0x84,
  0x0B, 0x08, 0x08, 0x08, 0x8F, 0x80, 0x80, 0x80,
  0x80, 0x80, 0x80, 0x80, 0x80, 0x80, 0x80, 0x00,
  0x88, 0x80, 0x80, 0x80, 0x00, 0x08, 0x08, 0x08,
  0xFF, 0xFF, 0x08, 0x08, 0x08, 0xAF, 0x80, 0x80,
  0x80, 0x3F, 0x0D, 0x08, 0x08, 0x08, 0x8F, 0x00,
  0x08, 0x88, 0x80, 0x00, 0x78, 0x81, 0x80, 0x00,
  0x88, 0x17, 0x80, 0x80, 0x07, 0x08, 0x04, 0x84,
  0x80, 0x85, 0x80, 0x04, 0x48, 0x80, 0x84, 0x00,
  0x88, 0x86, 0x00, 0x88, 0x05, 0x08, 0x08, 0xE8,
  0xB3, 0x08, 0xD8, 0x08, 0x8C, 0xD0, 0xC0, 0x8A,
  0x0B, 0x8C, 0x8F, 0x89, 0x8C, 0x0C, 0x0A, 0x0D,
  0x0C, 0x8B, 0x8B, 0x0D, 0x0A, 0x8C, 0x8B, 0x0A,
  0x0E, 0x2A, 0x1C, 0x8B, 0x2A, 0x8A, 0x4B, 0x8B,
  0x80, 0x80, 0x86, 0x30, 0x00, 0x17, 0x02, 0x42,
  0x02, 0x87, 0x05, 0x02, 0x04, 0x84, 0x04, 0x83,
  0x03, 0x87, 0x82, 0x83, 0x03, 0x83, 0x84, 0x84,
  0x03, 0x01, 0x82, 0x83, 0x80, 0x04, 0x08, 0x08,
  0x08, 0x8F, 0x0B, 0x08, 0x8D, 0x8B, 0x80, 0x0D,
  0x8C, 0x8B, 0x8C, 0x0C, 0x0C, 0x0C, 0x8B, 0x80,
  0x0C, 0x8C, 0x8B, 0x08, 0x8D, 0x80, 0x0D, 0x08,
  0x08, 0x0E, 0x08, 0x08, 0x8D, 0x80, 0x80, 0x80,
  0x80, 0x8F, 0x80, 0x85, 0xC0, 0x03, 0xC8, 0x08,
  0x08, 0x08, 0x87, 0x0B, 0x84, 0x8B, 0xB5, 0x03,
  0x88, 0x00, 0x88, 0x00, 0x88, 0x00, 0x88, 0x00,
  0x08, 0xFF, 0x04, 0x08, 0x08, 0x3F, 0x8B, 0x80,
  0x80, 0x80, 0x80, 0x80, 0x80, 0xAF, 0x08, 0x88,
  0x9F, 0x80, 0x80, 0x8F, 0x00, 0x88, 0x00, 0xF8,
  0x08, 0x08, 0xD8, 0x08, 0xC8, 0xB4, 0x88, 0x80,
  0x80, 0x00, 0x88, 0x00, 0x88, 0x37, 0x00, 0x08,
  0x17, 0x86, 0x30, 0x80, 0x05, 0x03, 0x04, 0x58,
  0x08, 0x03, 0x04, 0x58, 0x08, 0x03, 0x08, 0x08,
  0x08, 0x08, 0x3F, 0x0D, 0x8C, 0x0B, 0x8C, 0x8F,
  0x8B, 0x0A, 0x0B, 0x8F, 0x0D, 0x0B, 0x8B, 0x8B,
  0x8C, 0x0C, 0x0C, 0x0C, 0x8B, 0x8B, 0x0A, 0x0B,
  0x0C, 0x8B, 0x80, 0x80, 0x80, 0x07, 0x83, 0x04,
  0x03, 0x37, 0x04, 0x84, 0x06, 0x83, 0x85, 0x03,
  0x02, 0x86, 0x02, 0x83, 0x03, 0x85, 0x83, 0x03,
  0x01, 0x04, 0x01, 0x02, 0x38, 0x8B, 0x85, 0x80,
  0x80, 0x80, 0x0E, 0x8C, 0x00, 0x8C, 0x8B, 0x8C,
  0x80, 0x0D, 0x0C, 0x0C, 0x8B, 0x80, 0x0C, 0x3C,
  0x0C, 0x8B, 0xC8, 0x80, 0x8C, 0x80, 0x80, 0x0E,
  0x08, 0x88, 0x0D, 0x08, 0x88, 0x80, 0x00, 0x88,
  0x00, 0x88, 0x00, 0x08, 0x08, 0x08, 0x08, 0x88,
  0x80, 0x77, 0x0D, 0x08, 0xB7, 0x08, 0x08, 0xF0,
  0x89, 0x80, 0x80, 0xF0, 0xC9, 0x80, 0x80, 0x0E,
  0x08, 0xC8, 0xC8, 0x80, 0x0C, 0xC8, 0x80, 0x0C,
  0x08, 0x0D, 0x08, 0x8C, 0x80, 0x80, 0x80, 0x80,
  0x00, 0x08, 0x27, 0x08, 0x78, 0x40, 0x80, 0x04,
  0x48, 0x48, 0x30, 0x48, 0x30, 0x80, 0x05, 0x03,
  0x04, 0x88, 0x05, 0x03, 0x08, 0x05, 0x08, 0x85,
  0x80, 0x85, 0x80, 0x80, 0x80, 0xB6, 0x84, 0xC0,
  0x83, 0x80, 0x00, 0x0E, 0x88, 0x8B, 0x08, 0x8E,
  0x8B, 0x0C, 0x8C, 0x8B, 0x8C, 0x0C, 0x8F, 0x0A,
  0x8C, 0xAA, 0x0A, 0x0F, 0x8B, 0x8B, 0x0D, 0x0A,
  0x8C, 0x8B, 0x0A, 0x0E, 0x0A, 0x8C, 0x89, 0x0A,
  0x0B, 0x08, 0x8C, 0x80, 0x85, 0x80, 0x04, 0x07,
  0x01, 0x04, 0x84, 0x84, 0x86, 0x02, 0x03, 0x85,
  0x02, 0x84, 0x04, 0x82, 0x04, 0x02, 0x83, 0x84,
  0x84, 0x01, 0x01, 0x82, 0x03, 0x83, 0x80, 0x80,
  0x80, 0x80, 0x80, 0x9F, 0x08, 0x8F, 0x00, 0x0D,
  0x08, 0x0C, 0x8B, 0x08, 0x0D, 0x8C, 0x0B, 0x08,
  0x8D, 0x8B, 0x80, 0x0D, 0x0D, 0x8B, 0x8B, 0x80,
  0x0D, 0x8C, 0xC0, 0x08, 0xC8, 0x08, 0x0D, 0x8B,
  0x80, 0x0D, 0xC8, 0x80, 0x0C, 0x88, 0x80, 0x00,
  0x88, 0x00, 0x9F, 0x85, 0x80, 0x80, 0x60, 0x08,
  0x08, 0x85, 0x40, 0x08, 0x84, 0x00, 0x84, 0x40,
  0x80, 0x50, 0x08, 0x58, 0x08, 0x08, 0x08, 0x68,
  0x0B, 0x08, 0x58, 0x8B, 0x80, 0x80, 0x80, 0x80,
  0x9F, 0x80, 0x80, 0x8F, 0xB4, 0x80, 0x80, 0x80,
  0x08, 0x80, 0x08, 0x80, 0x08, 0x80, 0x08, 0xF0,
  0x83, 0x37, 0x80, 0x80, 0x27, 0x08, 0x06, 0x08,
  0x08, 0x86, 0x80, 0x80, 0x86, 0x80, 0x04, 0x08,
  0x08, 0x68, 0x80, 0x80, 0x0D, 0x08, 0x08, 0x0E,
  0x08, 0x8C, 0x8B, 0x8C, 0x0C, 0x8F, 0x89, 0x0D,
  0x0A, 0x8C, 0x8B, 0x8C, 0xB9, 0x0A, 0x8E, 0x8B,
  0x8C, 0x0C, 0x8A, 0x0C, 0x8A, 0x8A, 0x8A, 0x0C,
  0x8B, 0x80, 0x0D, 0x08, 0x84, 0x00, 0x17, 0x02,
  0x86, 0x04, 0x83, 0x04, 0x05, 0x84, 0x83, 0x85,
  0x84, 0x03, 0x02, 0x85, 0x02, 0x94, 0x83, 0x83,
  0x02, 0xA4, 0x95, 0x81, 0x82, 0x80, 0x80, 0x80,
  0xC0, 0xC8, 0x80, 0x0C, 0x0C, 0x0C, 0xBB, 0xC8,
  0x8B, 0xC0, 0x0C, 0x0C, 0x8B, 0x8B, 0x0C, 0x0D,
  0x08, 0x0C, 0x08, 0x3C, 0x0C, 0x08, 0x08, 0x08,
  0x78, 0x80, 0x30, 0x00, 0x85, 0x40, 0x80, 0x80,
  0x86, 0x80, 0x04, 0x08, 0x08, 0x68, 0x80, 0x80,
  0x80, 0x80, 0x80, 0x8F, 0x08, 0x08, 0x08, 0x88,
  0x80, 0xF0, 0x0B, 0x08, 0x80, 0x9F, 0x08, 0x88,
  0x00, 0x9F, 0x08, 0x08, 0x08, 0x08, 0x08, 0xBF,
  0x80, 0x80, 0x00, 0x88, 0xBF, 0x08, 0x80, 0x08,
  0x80, 0x08, 0xEF, 0x80, 0x80, 0x80, 0x80, 0x80,
  0x80, 0x47, 0x08, 0x80, 0x08, 0x80, 0x08, 0x80,
  0x67, 0x08, 0x86, 0x80, 0x85, 0x80, 0xB4, 0x84,
  0x80, 0x04, 0x08, 0x08, 0x05, 0x08, 0x08, 0x08,
  0x87, 0x80, 0x00, 0x88, 0x00, 0x8F, 0x08, 0x8D,
  0x80, 0x8C, 0x80, 0x8C, 0x8C, 0x1F, 0x0C, 0x8A,
  0x1C, 0x0C, 0x0A, 0x0D, 0x1C, 0x8A, 0x0C, 0x0C,
  0x8B, 0x89, 0x8C, 0x89, 0x0D, 0x8A, 0x89, 0x0B,
  0x8B, 0x0C, 0xC8, 0x80, 0x80, 0x80, 0xB6, 0x03,
  0x04, 0x97, 0x94, 0x95, 0x03, 0x83, 0x04, 0x03,
  0x04, 0x06, 0x82, 0x95, 0x84, 0x02, 0x02, 0x02,
  0x84, 0x82, 0x04, 0x21, 0x82, 0x83, 0x84, 0x03,
  0x03, 0x58, 0x80, 0x58, 0x3B, 0x8B, 0x50, 0x8B,
  0x08, 0x80, 0x8E, 0x8B, 0x0C, 0x88, 0x8C, 0x8C,
  0x80, 0x0D, 0x0C, 0x08, 0x8C, 0x8B, 0xD0, 0x08,
  0x8C, 0x80, 0x80, 0x0D, 0x88, 0x00, 0x88, 0xF0,
  0xC3, 0x80, 0x08, 0x80, 0x08, 0x80, 0x08, 0x80,
  0x08, 0x80, 0x08, 0x80, 0x08, 0x80, 0x80, 0x80,
  0x80, 0xFF, 0xAF, 0x80, 0x80, 0x80, 0x00, 0x88,
  0xEF, 0x08, 0x08, 0x08, 0x08, 0x08, 0xBF, 0x08,
  0x08, 0x88, 0x00, 0xCF, 0x08, 0x08, 0x08, 0x08,
  0x80, 0x08, 0x80, 0x08, 0x80, 0x08, 0x08, 0x08,
  0x08, 0x80, 0x80, 0x77, 0x57, 0x80, 0x17, 0x08,
  0x08, 0x06, 0x84, 0x80, 0x85, 0x80, 0x04, 0x48,
  0x80, 0x84, 0x00, 0x84, 0x80, 0x00, 0x88, 0x07,
  0x08, 0x08, 0x80, 0x0F, 0x08, 0x8C, 0x80, 0x8C,
  0xBC, 0xC0, 0x0C, 0x0B, 0xBC, 0xCB, 0x0B, 0x8F,
  0x8B, 0x0D, 0x8B, 0x9C, 0x8A, 0x8C, 0x0C, 0x0C,
  0x0C, 0x8B, 0x89, 0x8C, 0x89, 0x1D, 0x89, 0x0A,
  0x08, 0x08, 0x08, 0x85, 0x04, 0x48, 0x02, 0x07,
  0x21, 0x85, 0x84, 0x85, 0x12, 0x13, 0x84, 0x85,
  0x84, 0x02, 0x03, 0x83, 0x06, 0x82, 0x83, 0x84,
  0x01, 0x03, 0x02, 0x02, 0x08, 0x03, 0x80, 0x08,
  0x80, 0x08, 0x80, 0xBF, 0x80, 0x8F, 0x80, 0x0D,
  0x0C, 0x0C, 0x08, 0x0C, 0x0C, 0x0B, 0xC8, 0x80,
  0x0C, 0x88, 0x0C, 0x8C, 0x80, 0x8C, 0x80, 0x80,
  0x0E, 0x08, 0x08, 0x08, 0x8F, 0x80, 0x00, 0x88,
  0x00, 0x88, 0x8F, 0x08, 0x08, 0x08, 0x08, 0x08,
  0x08, 0x08, 0x08, 0x88, 0x00, 0x88, 0x80, 0xFF,
  0x8D, 0x00, 0x88, 0x00, 0x88, 0x00, 0x08, 0x08,
  0x08, 0x08, 0x88, 0x80, 0x80, 0x80, 0x80, 0x80,
  0x00, 0x00, 0x00, 0x00, 0x00, 0x00, 0x00, 0x00,
  0x00, 0x00, 0x00, 0x00, 0x00, 0x00, 0x00, 0x00,
  0x00, 0x00, 0xFF, 0x04, 0xF8, 0xF3, 0x8B, 0x80,
  0x80, 0xB7, 0x80, 0x80, 0x80, 0x80, 0x80, 0x08,
  0x80, 0x08, 0x77, 0x81, 0x00, 0x88, 0x00, 0x88,
  0x00, 0x08, 0x08, 0x08, 0x08, 0x88, 0x80, 0x80,
  0x80, 0x80, 0x3F, 0xFF, 0x8F, 0x0E, 0x0C, 0x0C,
  0x8B, 0x8B, 0x0C, 0x0D, 0x8E, 0x89, 0x0A, 0x1E,
  0x0B, 0x0D, 0x89, 0x0C, 0x0A, 0x0A, 0x0B, 0x0B,
  0x0C, 0x0C, 0x08, 0x08, 0x08, 0x08, 0x06, 0x08,
  0x17, 0x02, 0x83, 0x07, 0x03, 0x87, 0x83, 0x83,
  0x03, 0x04, 0x05, 0x02, 0x85, 0x83, 0x03, 0x01,
  0x04, 0x82, 0x05, 0x88, 0x83, 0x83, 0x03, 0x08,
  0x08, 0x08, 0x08, 0x08, 0x3F, 0x0E, 0x0C, 0x08,
  0x0C, 0x8B, 0x0C, 0x88, 0x0C, 0x08, 0x8D, 0x8B,
  0x8C, 0x80, 0x0D, 0x08, 0x0D, 0x08, 0x8C, 0x80,
  0x80, 0x80, 0xF0, 0x08, 0x08, 0x08, 0x08, 0x08,
  0x08, 0x08, 0x08, 0x08, 0x08, 0x08, 0x08, 0x80,
  0x80, 0x80, 0x77, 0x07, 0x80, 0x80, 0x80, 0x80,
  0xBF, 0x08, 0x08, 0x08, 0x08, 0x08, 0x80, 0x08,
  0xFF, 0x09, 0x8F, 0x80, 0x8C, 0x80, 0x0D, 0xC8,
  0x80, 0x0C, 0xC8, 0x80, 0xD0, 0x80, 0x8B, 0x08,
  0x8D, 0x80, 0x80, 0x80, 0x8F, 0x80, 0x00, 0x85,
  0x80, 0x50, 0x80, 0x50, 0x48, 0x48, 0x38, 0x30,
  0x40, 0x30, 0x50, 0x08, 0x84, 0x34, 0x08, 0x84,
  0x84, 0x84, 0x30, 0x08, 0x04, 0x08, 0x08, 0x86,
  0x8B, 0xB5, 0x80, 0x80, 0x08, 0x8E, 0xC0, 0x80,
  0x0C, 0x8C, 0x8E, 0x80, 0x0A, 0x0F, 0x0A, 0x0C,
  0x0A, 0x8C, 0x8B, 0x0A, 0x0E, 0x0C, 0x0A, 0x0C,
  0x0A, 0x8C, 0x8B, 0x0A, 0x0B, 0x8B, 0x1F, 0x1C,
  0x89, 0x0A, 0x08, 0x08, 0x08, 0x04, 0x08, 0x05,
  0x84, 0x84, 0x07, 0x83, 0x04, 0x03, 0x85, 0x03,
  0x06, 0x02, 0x02, 0x84, 0x03, 0x04, 0x03, 0x04,
  0x84, 0x82, 0x02, 0x05, 0x82, 0x80, 0x83, 0x80,
  0x80, 0xB6, 0x03, 0x8C, 0x84, 0x0B, 0x8C, 0x80,
  0x0C, 0x88, 0x8C, 0x80, 0x80, 0x0F, 0x08, 0x8C,
  0x80, 0x80, 0x8D, 0x80, 0x8C, 0x80, 0x80, 0x0F,
  0x08, 0x08, 0x08, 0x0F, 0x08, 0x0C, 0x08, 0x8C,
  0x80, 0x8C, 0x80, 0x0D, 0xC8, 0x80, 0x0C, 0x08,
  0xD8, 0xC0, 0x80, 0x80, 0x8C, 0x80, 0x80, 0x80,
  0x8F, 0x84, 0x00, 0x88, 0x00, 0x0F, 0x83, 0x08,
  0x40, 0x80, 0x80, 0x06, 0x08, 0x58, 0x80, 0x04,
  0x88, 0x50, 0x3B, 0x80, 0x80, 0x80, 0x80, 0x70,
  0x81, 0x8D, 0x00, 0x88, 0x00, 0x08, 0x88, 0x00,
  0xB7, 0x06, 0x08, 0x08, 0x08, 0x08, 0x08, 0x08,
  0x27, 0x00, 0x07, 0x08, 0x08, 0x86, 0x80, 0x85,
  0x80, 0x04, 0x08, 0x08, 0x05, 0x08, 0x08, 0x08,
  0x08, 0x08, 0x08, 0x08, 0x08, 0xEF, 0x80, 0x0E,
  0x08, 0x0D, 0x0C, 0x8B, 0x8B, 0x8F, 0x8A, 0x0B,
  0x8B, 0x8F, 0x1C, 0x8B, 0x8C, 0x0A, 0x8D, 0x8B,
  0x0A, 0x0E, 0x0C, 0x89, 0x0A, 0x0D, 0x0A, 0x0A,
  0x08, 0x8B, 0x80, 0x80, 0x80, 0xB7, 0x03, 0x84,
  0x04, 0x06, 0x01, 0x05, 0x03, 0x04, 0x86, 0x83,
  0x03, 0x05, 0x02, 0x23, 0x84, 0x04, 0x83, 0x04,
  0x01, 0x04, 0x82, 0x02, 0x83, 0x84, 0x80, 0x80,
  0x80, 0x00, 0x08, 0x9F, 0x80, 0x8D, 0x0C, 0xC8,
  0x80, 0x0C, 0x0C, 0x8B, 0x8C, 0x8B, 0x0C, 0x8C,
  0x8B, 0xD0, 0x08, 0x8C, 0x8B, 0x80, 0x8D, 0x80,
  0x80, 0x3E, 0x8B, 0x80, 0x60, 0x08, 0x08, 0x50,
  0x08, 0x80, 0x78, 0x08, 0x08, 0x84, 0x80, 0x50,
  0x08, 0x08, 0x08, 0x78, 0x80, 0x08, 0x80, 0x08,
  0x80, 0xB7, 0x84, 0x00, 0x0D, 0x08, 0x88, 0x00,
  0x88, 0x0F, 0x88, 0x00, 0x88, 0x8E, 0xB4, 0x80,
  0xD0, 0x08, 0x08, 0x8D, 0x80, 0x80, 0x80, 0x00,
  0x88, 0x9F, 0x80, 0x80, 0x80, 0x80, 0x80, 0x37,
  0x08, 0x08, 0x08, 0x08, 0x37, 0x80, 0x80, 0x80,
  0x37, 0x08, 0x07, 0x08, 0x85, 0x84, 0x80, 0x00,
  0xC4, 0x03, 0x80, 0x80, 0x06, 0x88, 0x00, 0x88,
  0x00, 0x88, 0x00, 0x88, 0x00, 0x88, 0xEF, 0x08,
  0x0F, 0x0C, 0x8B, 0x8B, 0x8C, 0x0C, 0x0C, 0x8B,
  0x8F, 0x0A, 0x0B, 0x8B, 0x8F, 0x8B, 0x0A, 0x0B,
  0x8F, 0x0B, 0x8A, 0x0A, 0x8B, 0x8B, 0x8C, 0x0C,
  0x0C, 0x08, 0x8C, 0x80, 0x80, 0x80, 0x87, 0x00,
  0x03, 0x85, 0x07, 0xA2, 0x04, 0x01, 0x05, 0x03,
  0x04, 0x84, 0x82, 0x85, 0x84, 0x93, 0x03, 0x02,
  0x02, 0x06, 0x01, 0x02, 0xC3, 0x83, 0x84, 0x03,
  0x3C, 0x08, 0x08, 0x68, 0x08, 0x08, 0x80, 0x08,
  0x80, 0x08, 0x80, 0x08, 0x70, 0x7B, 0x8B, 0x80,
  0x80, 0x3E, 0x80, 0x4C, 0x8B, 0x08, 0x08, 0x8E,
  0x00, 0x08, 0x88, 0x00, 0x8F, 0x08, 0x08, 0xF8,
  0x80, 0x80, 0x80, 0x80, 0x0F, 0x08, 0x08, 0x08,
  0x88, 0x80, 0x00, 0x88, 0xAF, 0x08, 0x08, 0x08,
  0x88, 0x00, 0x88, 0x00, 0x88, 0xFF, 0x0A, 0x08,
  0x08, 0x80, 0x08, 0x80, 0x80, 0xFF, 0x88, 0x80,
  0x80, 0x9F, 0x80, 0x80, 0x08, 0xF0, 0x89, 0x80,
  0x80, 0x80, 0x80, 0x80, 0x00, 0x88, 0x00, 0x88,
  0x00, 0x08, 0x77, 0x05, 0x88, 0x00, 0x17, 0x80,
  0x80, 0x07, 0x80, 0x05, 0x08, 0x84, 0x80, 0x05,
  0x08, 0x04, 0x58, 0x08, 0x03, 0x08, 0x68, 0x80,
  0x80, 0x80, 0x80, 0x80, 0x80, 0x80, 0xBF, 0x00,
  0x8F, 0x8C, 0x8B, 0x8C, 0x0C, 0xBC, 0x0B, 0xBC,
  0x8C, 0x8E, 0x0C, 0x0C, 0x0C, 0x8B, 0x8B, 0x0D,
  0x8B, 0x8C, 0xA9, 0x0A, 0x0E, 0x0A, 0x8A, 0x0D,
  0x08, 0x8A, 0x0B, 0x30, 0x0C, 0x08, 0x07, 0x02,
  0x83, 0x87, 0x12, 0x85, 0x03, 0x03, 0x24, 0x84,
  0x06, 0x02, 0x03, 0x13, 0x85, 0x03, 0x03, 0x24,
  0x82, 0x02, 0x33, 0x03, 0x40, 0x80, 0x05, 0x08,
  0x08, 0x08, 0x08, 0x07, 0x8C, 0x00, 0x0D, 0x88,
  0x8B, 0x80, 0x8E, 0x80, 0x0C, 0x08, 0x8D, 0x8B,
  0x80, 0x80, 0x0F, 0x08, 0xC8, 0x08, 0x08, 0x08,
  0x0F, 0x83, 0x0C, 0x08, 0x08, 0x0E, 0x08, 0x08,
  0x88, 0x80, 0x00, 0x88, 0x00, 0xF8, 0x8B, 0x80,
  0x80, 0x80, 0x80, 0x80, 0x80, 0x80, 0x80, 0x80,
  0x80, 0x80, 0xFF, 0x9F, 0x80, 0x08, 0x08, 0x80,
  0xCF, 0x80, 0x08, 0x80, 0x9F, 0x08, 0x88, 0x00,
  0x88, 0x3F, 0x0E, 0x08, 0x08, 0x08, 0x88, 0x00,
  0x08, 0x27, 0x08, 0x08, 0x08, 0x78, 0x6B, 0x80,
  0x80, 0x80, 0x08, 0x80, 0x07, 0x00, 0xC5, 0x03,
  0x08, 0x08, 0x08, 0x08, 0x08, 0x17, 0x08, 0x08,
  0x08, 0x08, 0x08, 0x08, 0x08, 0xF8, 0x0F, 0x08,
  0x08, 0x8F, 0x80, 0x80, 0x8D, 0x80, 0x80, 0x0E,
  0x0C, 0x0C, 0x3B, 0x8B, 0x8C, 0x3C, 0x8B, 0x8C,
  0x8B, 0x0D, 0x8C, 0x0B, 0x8C, 0x8B, 0x8C, 0x0C,
  0x0C, 0x1F, 0x1B, 0x2C, 0x0A, 0x8A, 0x8A, 0x8B,
  0x80, 0x0D, 0x08, 0x08, 0x08, 0x87, 0x80, 0x04,
  0x03, 0x04, 0x84, 0x07, 0x01, 0x85, 0x03, 0x04,
  0x03, 0x82, 0x86, 0x84, 0x03, 0x03, 0x82, 0x86,
  0x82, 0x02, 0x85, 0x82, 0x80, 0x03, 0x83, 0x80,
  0x80, 0x80, 0xB7, 0x80, 0x08, 0x80, 0x3F, 0x8B,
  0x80, 0x0D, 0x08, 0x0D, 0x08, 0x08, 0x8D, 0x80,
  0x8C, 0x00, 0x8D, 0x80, 0x80, 0x8D, 0x80, 0x80,
  0x80, 0x80, 0x8F, 0x08, 0x08, 0x08, 0x8F, 0x08,
  0x08, 0x08, 0x08, 0x08, 0x08, 0x08, 0x08, 0x08,
  0x08, 0x08, 0x08, 0x08, 0x08, 0x77, 0x0D, 0x08,
  0x27, 0x08, 0x08, 0x08, 0x08, 0x08, 0x80, 0x08,
  0x80, 0xFF, 0x09, 0x88, 0x8F, 0x08, 0x08, 0x8F,
  0x00, 0x8C, 0x8B, 0x80, 0xE8, 0x80, 0x0C, 0x08,
  0x0D, 0x08, 0x08, 0xD8, 0x08, 0x08, 0x08, 0xF8,
  0x08, 0xB4, 0xC3, 0x80, 0x04, 0x08, 0x08, 0x05,
  0x08, 0x04, 0x08, 0x05, 0x84, 0x40, 0x08, 0x34,
  0x30, 0x50, 0x08, 0x84, 0x04, 0x48, 0x08, 0x03,
  0x08, 0x68, 0x80, 0x80, 0x80, 0x80, 0x08, 0x8F,
  0x88, 0x0D, 0x8C, 0x8B, 0x8C, 0x0C, 0x0C, 0x8F,
  0x89, 0x0C, 0x0A, 0x0D, 0x0C, 0x89, 0x0C, 0x0A,
  0x0A, 0x8D, 0x89, 0x8C, 0x0A, 0x8A, 0x0B, 0x08,
  0x8C, 0x0C, 0x08, 0x08, 0x08, 0x06, 0x08, 0x08,
  0x86, 0x84, 0x84, 0x06, 0x03, 0x82, 0x86, 0x84,
  0x82, 0x84, 0x84, 0x03, 0x01, 0x04, 0x01, 0x85,
  0x04, 0x81, 0x02, 0x02, 0x88, 0x04, 0x83, 0x80,
  0x05, 0x08, 0x08, 0x88, 0x00, 0x8F, 0xC4, 0x80,
  0x80, 0x80, 0x00, 0x0F, 0x08, 0x08, 0x08, 0x08,
  0x8F, 0x00, 0x88, 0x00, 0x0F, 0x08, 0x08, 0x08,
  0x08, 0x08, 0x8F, 0x08, 0x08, 0x08, 0x8F, 0x80,
  0x80, 0x80, 0x80, 0x80, 0x9F, 0x80, 0xF0, 0x08,
  0x08, 0x8C, 0x80, 0x80, 0xF0, 0x08, 0xC0, 0x08,
  0xC8, 0x08, 0x08, 0x0E, 0x08, 0x8C, 0x80, 0x80,
  0x80, 0x0F, 0x08, 0x08, 0x08, 0x08, 0x3F, 0x3C,
  0x80, 0x80, 0x08, 0x60, 0x80, 0x80, 0x60, 0x08,
  0x08, 0x85, 0x80, 0x50, 0x08, 0x08, 0x68, 0x08,
  0x08, 0x08, 0x05, 0x08, 0x08, 0xB6, 0x03, 0x08,
  0x08, 0x06, 0x08, 0x85, 0x80, 0x80, 0x86, 0x80,
  0x80, 0x05, 0x08, 0x04, 0x08, 0x08, 0x88, 0x07,
  0xC8, 0xB4, 0x80, 0x80, 0x80, 0xE8, 0x80, 0xD0,
  0x80, 0x8B, 0x8C, 0x80, 0x9F, 0x8A, 0x0B, 0x8F,
  0x89, 0x0A, 0x0B, 0x8F, 0x09, 0x0D, 0x8B, 0x89,
  0x8C, 0x0A, 0x8A, 0x0B, 0x8F, 0x89, 0x0A, 0x08,
  0x0C, 0x8B, 0x80, 0x00, 0x88, 0x00, 0x07, 0x08,
  0x85, 0x84, 0x84, 0x06, 0x01, 0x04, 0x82, 0x05,
  0x03, 0x04, 0x84, 0x84, 0x84, 0x03, 0x21, 0x02,
  0x05, 0x01, 0x85, 0x02, 0x82, 0x83, 0x03, 0x08,
  0x85, 0x80, 0x80, 0x80, 0x80, 0x80, 0x80, 0xAF,
  0x80, 0x8F, 0x80, 0x8C, 0x8B, 0x0D, 0xC8, 0x80,
  0x0C, 0x8C, 0x0B, 0xC8, 0x08, 0x8C, 0x0C, 0xC8,
  0x80, 0xD0, 0x80, 0x80, 0x8C, 0x80, 0x80, 0x80,
  0x8F, 0x84, 0x00, 0x88, 0x00, 0x08, 0x88, 0x17,
  0x08, 0x05, 0x08, 0x04, 0x58, 0x80, 0x80, 0x50,
  0x80, 0x80, 0x05, 0x08, 0x08, 0x08, 0x08, 0x08,
  0x9F, 0x88, 0x80, 0x00, 0x08, 0x88, 0x00, 0xDF,
  0x08, 0x80, 0x8F, 0x08, 0x08, 0x08, 0x80, 0x08,
  0x80, 0x08, 0x80, 0x08, 0x80, 0xFF, 0x09, 0xB7,
  0x03, 0x0D, 0x83, 0x00, 0x88, 0x70, 0xB8, 0x84,
  0x80, 0x80, 0x05, 0x08, 0x04, 0x08, 0x88, 0x87,
  0x80, 0x84, 0x84, 0x80, 0x80, 0x80, 0x86, 0x80,
  0x80, 0x80, 0x80, 0x80, 0x8F, 0x08, 0x08, 0x8F,
  0x0B, 0x8C, 0x8B, 0x80, 0x8D, 0x8F, 0x0A, 0x0B,
  0x0B, 0x8F, 0x0A, 0x0A, 0x1E, 0x8B, 0x0C, 0x0A,
  0x8A, 0x8A, 0x8B, 0x0C, 0x0C, 0x8B, 0x0C, 0x8C,
  0x80, 0x4B, 0x0C, 0x08, 0x08, 0x08, 0x86, 0x04,
  0x88, 0x04, 0x03, 0x17, 0x82, 0x96, 0x83, 0x02,
  0x85, 0x84, 0x82, 0x04, 0x93, 0x04, 0x01, 0x02,
  0x83, 0x84, 0xB3, 0x84, 0x84, 0x80, 0x80, 0x00,
  0xB6, 0xC3, 0xB3, 0x08, 0x08, 0x08, 0x08, 0x08,
  0x08, 0xBF, 0x80, 0x80, 0x80, 0x70, 0x83, 0x08,
  0x3F, 0x3C, 0x80, 0x80, 0x80, 0x80, 0x80, 0x80,
  0x80, 0x80, 0x67, 0x8D, 0x40, 0x08, 0x0C, 0x88,
  0x00, 0x85, 0x8B, 0x85, 0x80, 0x0C, 0x08, 0x88,
  0x00, 0x88, 0x00, 0x88, 0x00, 0x88, 0xDF, 0x08,
  0x08, 0x08, 0xAF, 0x80, 0x00, 0x88, 0x00, 0xAF,
  0x86, 0xC0, 0x08, 0x80, 0x08, 0x8E, 0x00, 0x88,
  0x00, 0x88, 0x00, 0x08, 0x88, 0x00, 0x88, 0x00,
  0x88, 0xFF, 0x0A, 0x08, 0x08, 0x80, 0x08, 0x80,
  0x77, 0x0D, 0x08, 0x84, 0x80, 0x80, 0x80, 0x80,
  0x80, 0x17, 0x80, 0x06, 0x08, 0x84, 0x00, 0x04,
  0x08, 0x05, 0x08, 0x85, 0x80, 0x85, 0x80, 0x80,
  0x05, 0x0C, 0x88, 0x00, 0x88, 0x80, 0x0F, 0x08,
  0x0D, 0x88, 0x8B, 0x0D, 0x8C, 0x0B, 0x8C, 0x1F,
  0x8B, 0x0A, 0x0E, 0x0A, 0x8C, 0x89, 0x0D, 0x8B,
  0x0A, 0xAB, 0xBB, 0x0C, 0x8B, 0x8F, 0x08, 0x8D,
  0x89, 0x0A, 0xB8, 0x00, 0xC8, 0xC3, 0x03, 0x08,
  0x85, 0x04, 0x83, 0x04, 0x03, 0x07, 0x85, 0x84,
  0x12, 0x84, 0x03, 0x04, 0x03, 0x04, 0x84, 0x84,
  0x84, 0x21, 0x01, 0x02, 0x32, 0x48, 0x48, 0x08,
  0x83, 0x00, 0x58, 0x80, 0x80, 0x80, 0x8E, 0x80,
  0x80, 0x80, 0xF0, 0x88, 0x80, 0x8D, 0x80, 0x8C,
  0x80, 0x80, 0x0F, 0x08, 0xC8, 0x08, 0x08, 0x08,
  0x08, 0x8F, 0x08, 0x08, 0x08, 0x08, 0x08, 0x3F,
  0x0E, 0x08, 0x08, 0x08, 0x86, 0x8B, 0x80, 0x80,
  0x80, 0x80, 0x80, 0x00, 0x88, 0x00, 0x88, 0xF0,
  0x9F, 0x80, 0xF0, 0x09, 0x08, 0x08, 0x08, 0x08,
  0xAF, 0x00, 0x88, 0x00, 0x08, 0x88, 0xBF, 0x08,
  0x80, 0x08, 0x80, 0x08, 0x80, 0x08, 0x3F, 0x3F,
  0x8F, 0x80, 0x80, 0x86, 0x80, 0x80, 0x00, 0x88,
  0x00, 0x78, 0x81, 0x80, 0x00, 0x07, 0x84, 0x80,
  0x50, 0x08, 0x84, 0xC0, 0x03, 0x84, 0x80, 0x85,
  0x80, 0x04, 0x08, 0x08, 0x08, 0x88, 0x00, 0x9F,
  0x08, 0x08, 0x8F, 0x80, 0x8C, 0x0C, 0xC8, 0x0B,
  0x8C, 0x8B, 0x8C, 0x0C, 0x0C, 0x0C, 0x0B, 0x8F,
  0x0A, 0x8A, 0x8A, 0x0B, 0x8C, 0x8B, 0x8C, 0x0C,
  0x3C, 0x8B, 0x0C, 0x08, 0x08, 0x8D, 0x80, 0x0D,
  0x48, 0x3B, 0x00, 0x88, 0x87, 0x80, 0x84, 0x30,
  0x00, 0x04, 0x04, 0x84, 0x84, 0x07, 0x81, 0x02,
  0x02, 0x02, 0x03, 0x04, 0x84, 0x84, 0x84, 0x03,
  0x03, 0x04, 0x08, 0x04, 0x08, 0x08, 0x87, 0x80,
  0x80, 0x80, 0x80, 0x80, 0x80, 0x80, 0x00, 0x88,
  0x80, 0xFF, 0x08, 0x08, 0x08, 0x08, 0xAF, 0x00,
  0x08, 0x88, 0x9F, 0x80, 0x80, 0x80, 0x80, 0x80,
  0x80, 0x80, 0x80, 0xFF, 0x08, 0x08, 0x08, 0x08,
  0x08, 0x08, 0x08, 0x08, 0x08, 0x80, 0x08, 0x08,
  0x08, 0x08, 0x80, 0x80, 0x80, 0x00, 0x00, 0x00,
  0x00, 0x00, 0x00, 0x00, 0x00, 0x00, 0x00, 0x00,
  0x00, 0x00, 0x00, 0x00, 0x2F, 0xF0, 0x83, 0x00,
  0x08, 0x08, 0x08, 0x08, 0x08, 0x2F, 0xF0, 0xFF,
  0x0A, 0x08, 0x08, 0xF8, 0x7B, 0x8B, 0x00, 0x88,
  0x3E, 0xC0, 0x80, 0x84, 0x8B, 0x80, 0x80, 0x00,
  0x88, 0x3F, 0x80, 0x80, 0x8F, 0x80, 0x0C, 0xC8,
  0x08, 0xD8, 0x80, 0xD0, 0x80, 0x80, 0x80, 0x80,
  0xF0, 0x08, 0x8C, 0x8B, 0xD0, 0x08, 0x08, 0xBD,
  0x78, 0x77, 0x07, 0x08, 0x80, 0x88, 0x08, 0x88,
  0x80, 0x81, 0x99, 0xBB, 0xBA, 0x9A, 0x9C, 0x9B,
  0x9C, 0xA9, 0xAC, 0xA9, 0xAA, 0xAB, 0x0C, 0x08,
  0x0C, 0xB8, 0xF8, 0x9F, 0x77, 0x26, 0x12, 0x00,
  0x08, 0x08, 0x88, 0x88, 0x80, 0x88, 0x00, 0x12,
  0xA2, 0xEA, 0xCA, 0xAB, 0xAB, 0xBA, 0xCB, 0xAA,
  0xAA, 0xAD, 0x9A, 0x99, 0x98, 0xAA, 0xA8, 0x0B,
  0xC8, 0x80, 0x0C, 0xC3, 0x03, 0x08, 0xD8, 0x08,
  0x08, 0x80, 0x08, 0x08, 0x9F, 0x80, 0x80, 0x08,
  0xB7, 0x80, 0x08, 0x80, 0x80, 0x08, 0x80, 0x08,
  0x80, 0x80, 0x80, 0x77, 0x82, 0x80, 0x80, 0x80,
  0x80, 0xB7, 0x80, 0x17, 0xB6, 0xC0, 0x80, 0x24,
  0x00, 0x88, 0x00, 0x08, 0xCF, 0x80, 0x17, 0xA0,
  0x9A, 0x88, 0x43, 0x02, 0xB8, 0xC8, 0x48, 0x43,
  0x30, 0xC8, 0xF0, 0x9A, 0x28, 0x62, 0x33, 0x22,
  0xA1, 0xBA, 0xDF, 0xAB, 0x9C, 0x8B, 0x9B, 0xBA,
  0xDA, 0x99, 0xAA, 0xB0, 0x83, 0x80, 0x80, 0x35,
  0x64, 0x23, 0x16, 0x12, 0xA2, 0xA0, 0x08, 0x80,
  0x48, 0x60, 0x34, 0x23, 0x21, 0x26, 0x25, 0x11,
  0x11, 0x43, 0x33, 0x01, 0xA8, 0x8A, 0x30, 0x04,
  0xEC, 0xCB, 0x9B, 0x28, 0x82, 0xE0, 0xEB, 0x9B,
  0x10, 0x33, 0x21, 0xB0, 0xCD, 0x9C, 0x89, 0x41,
  0x25, 0x30, 0x28, 0x9A, 0xCD, 0xCB, 0x9A, 0x31,
  0x45, 0x44, 0x22, 0x11, 0x98, 0xCA, 0xEB, 0xCA,
  0xCA, 0x9A, 0x9B, 0xAA, 0xAA, 0xAD, 0xAA, 0xBB,
  0x9B, 0xA9, 0x99, 0xA1, 0x80, 0x80, 0x8B, 0x50,
  0x37, 0x35, 0x45, 0x42, 0x22, 0x12, 0x12, 0x08,
  0x99, 0x9A, 0x8A, 0x02, 0x73, 0x31, 0x36, 0x42,
  0x33, 0x35, 0x52, 0x32, 0x32, 0x43, 0x33, 0x43,
  0x32, 0x23, 0x13, 0x22, 0x82, 0xB0, 0xCB, 0x9E,
  0x9C, 0x9C, 0xBB, 0xDB, 0xBA, 0xAC, 0xBA, 0xC9,
  0xBA, 0xAA, 0xAD, 0xA9, 0x8C, 0x0A, 0x8A, 0xBB,
  0xC0, 0xCB, 0x0B, 0xBC, 0x80, 0x04, 0x08, 0x84,
  0x00, 0x58, 0x80, 0x80, 0x80, 0x8E, 0xBC, 0xAF,
  0xC9, 0x9A, 0xAC, 0xA9, 0xAC, 0xAA, 0xAA, 0xCB,
  0x80, 0x0B, 0x84, 0x40, 0x48, 0x83, 0x84, 0x03,
  0x04, 0x03, 0x58, 0x08, 0x34, 0x84, 0x43, 0x26,
  0x41, 0x23, 0x14, 0x42, 0x23, 0x22, 0x32, 0x42,
  0x38, 0x30, 0x80, 0x0D, 0x8C, 0xC0, 0xB0, 0xC8,
  0x8B, 0x8B, 0x0D, 0xBC, 0x8B, 0x8F, 0x0A, 0x0B,
  0x0B, 0xBC, 0xC0, 0x80, 0x80, 0x80, 0x80, 0xF0,
  0x48, 0x08, 0x08, 0x08, 0x08, 0x8F, 0x00, 0x48,
  0x80, 0x80, 0x8D, 0x80, 0x00, 0x88, 0x70, 0x00,
  0x08, 0x0E, 0xC8, 0x80, 0x80, 0x85, 0x84, 0x03,
  0xC8, 0x80, 0x08, 0x80, 0x06, 0x43, 0x30, 0x40,
  0x08, 0xC8, 0xC8, 0x08, 0x08, 0x05, 0x34, 0x43,
  0x30, 0x00, 0xD8, 0xBC, 0x0B, 0x8C, 0x8B, 0x04,
  0x34, 0x30, 0x35, 0x48, 0x08, 0x84, 0x03, 0x34,
  0x30, 0x00, 0xBE, 0xFB, 0xAC, 0xBB, 0xAE, 0xCB,
  0xAB, 0xBC, 0xCB, 0xBA, 0xCB, 0xAA, 0xBB, 0xAB,
  0x9C, 0x98, 0xA8, 0x02, 0x48, 0x30, 0x43, 0x43,
  0x73, 0x11, 0x22, 0x22, 0x33, 0x73, 0x10, 0x22,
  0x32, 0x33, 0x43, 0x43, 0x33, 0x34, 0x73, 0x32,
  0x34, 0x62, 0x32, 0x32, 0x25, 0x23, 0x25, 0x22,
  0x31, 0x32, 0x02, 0x82, 0x03, 0x08, 0xD8, 0x80,
  0x0C, 0x0C, 0x0C, 0xB8, 0x80, 0x8C, 0x80, 0x80,
  0x80, 0x80, 0x80, 0x3F, 0x8D, 0x0C, 0xC8, 0xC0,
  0xC0, 0xBA, 0x8B, 0xBC, 0x0C, 0xCB, 0xBB, 0x8B,
  0xCC, 0xC0, 0x8A, 0x0B, 0x0D, 0xB8, 0xC0, 0x08,
  0x8C, 0xC0, 0xB8, 0x08, 0xD8, 0x08, 0x08, 0x80,
  0x78, 0x4B, 0x08, 0x08, 0x08, 0x08, 0x87, 0x80,
  0x80, 0x80, 0x00, 0x08, 0x88, 0x9F, 0x08, 0x08,
  0x07, 0x08, 0xE0, 0x80, 0x08, 0x80, 0x08, 0x08,
  0x80, 0x08, 0x80, 0x78, 0x04, 0x08, 0x08, 0x08,
  0x88, 0x00, 0x88, 0x00, 0x88, 0x00, 0xF8, 0xCF,
  0x08, 0x80, 0x08, 0xBF, 0x80, 0x00, 0xF8, 0x89,
  0x80, 0x8F, 0x80, 0x80, 0x80, 0x80, 0x80, 0x80,
  0x80, 0xBF, 0x07, 0x08, 0x08, 0x05, 0x88, 0x00,
  0x88, 0x00, 0x88, 0x27, 0x05, 0x48, 0x80, 0x50,
  0x08, 0x08, 0x68, 0x08, 0x03, 0x04, 0x84, 0x84,
  0x84, 0x03, 0x48, 0x80, 0x80, 0x80, 0x8E, 0xC0,
  0x8B, 0xBC, 0xCB, 0xB8, 0xCC, 0xB0, 0x08, 0xD0,
  0x80, 0x80, 0x08, 0x80, 0x08, 0x8F, 0x08, 0x0D,
  0xBC, 0xC0, 0xBB, 0xEC, 0xA9, 0x9C, 0x9C, 0x9C,
  0x9B, 0x9A, 0xBA, 0x8A, 0xBB, 0x08, 0x8D, 0x40,
  0x08, 0x08, 0x68, 0x08, 0x08, 0xB4, 0x84, 0x80,
  0x80, 0x60, 0x08, 0x08, 0x68, 0x48, 0x38, 0x30,
  0x34, 0x34, 0x17, 0x43, 0x41, 0x14, 0x33, 0x53,
  0x42, 0x32, 0x52, 0x31, 0x32, 0x32, 0x24, 0x32,
  0x21, 0x32, 0x02, 0x83, 0x80, 0x80, 0x0E, 0xC8,
  0x0B, 0xCC, 0xBA, 0xFB, 0x98, 0x9D, 0x99, 0xAA,
  0xAC, 0xAA, 0xAA, 0xBB, 0xBC, 0xCB, 0x0B, 0xAC,
  0xAC, 0xB8, 0xC0, 0xB8, 0xC8, 0x08, 0x0D, 0xB8,
  0x88, 0x00, 0xF8, 0x80, 0x80, 0x80, 0x80, 0x08,
  0x08, 0x80, 0x08, 0x80, 0x08, 0x08, 0x3F, 0x08,
  0x08, 0x08, 0x80, 0x08, 0x80, 0x80, 0x80, 0x80,
  0x08, 0x08, 0xB7, 0x77, 0x07, 0x08, 0x78, 0x4B,
  0x80, 0x08, 0x08, 0x80, 0x08, 0x70, 0x81, 0x80,
  0x80, 0x07, 0x80, 0x80, 0x60, 0x80, 0x80, 0x80,
  0x80, 0x80, 0xF0, 0xDA, 0xB8, 0xD8, 0xC0, 0xBB,
  0xC8, 0xBB, 0x8C, 0xCB, 0x8B, 0xBC, 0xC8, 0x0B,
  0x8C, 0x8B, 0x8C, 0xD0, 0x80, 0xC0, 0x08, 0x08,
  0x08, 0x86, 0x84, 0x24, 0x30, 0x24, 0x24, 0x33,
  0x64, 0x30, 0x22, 0x32, 0x16, 0x22, 0x22, 0x23,
  0x24, 0x30, 0x84, 0x03, 0x08, 0x68, 0x08, 0xB8,
  0x88, 0xE0, 0x08, 0x0C, 0xC8, 0xC0, 0x08, 0x0C,
  0x08, 0x08, 0x08, 0x08, 0x08, 0x80, 0x17, 0x80,
  0x00, 0x07, 0x08, 0xD8, 0x08, 0xC8, 0xC8, 0x0C,
  0xCB, 0xFB, 0xA9, 0xAB, 0xAC, 0xBC, 0xCA, 0xCB,
  0xB9, 0x9C, 0xAC, 0xBA, 0xA9, 0x9D, 0xA9, 0xAA,
  0x0A, 0xCB, 0xB0, 0xB8, 0x08, 0x0D, 0x88, 0x00,
  0x88, 0x07, 0x48, 0x38, 0x34, 0x78, 0x12, 0x22,
  0x25, 0x43, 0x14, 0x34, 0x32, 0x25, 0x43, 0x42,
  0x41, 0x22, 0x23, 0x23, 0x24, 0x43, 0x31, 0x21,
  0x84, 0x22, 0x82, 0x83, 0x08, 0x80, 0x08, 0x8E,
  0x8B, 0x0C, 0xCC, 0xBA, 0xB8, 0xBC, 0xBC, 0xBB,
  0xCC, 0xBA, 0x8B, 0xBC, 0xAC, 0xC8, 0x0B, 0xAC,
  0xC8, 0x80, 0x8B, 0x8C, 0x0C, 0x0C, 0x8B, 0xD0,
  0xC0, 0xB0, 0x8B, 0x0C, 0xBC, 0xC0, 0x0B, 0x0C,
  0x0C, 0xBB, 0xC8, 0xC0, 0x0B, 0x0C, 0x8B, 0xD0,
  0x80, 0xB8, 0x08, 0x88, 0x00, 0x78, 0x00, 0x85,
  0x40, 0x48, 0x83, 0x34, 0x43, 0x38, 0x64, 0x01,
  0x42, 0x22, 0x82, 0x23, 0x24, 0x70, 0x08, 0x01,
  0x38, 0x08, 0x08, 0x08, 0x8D, 0x80, 0xD0, 0xC0,
  0x08, 0x0C, 0x8B, 0x0C, 0x0C, 0x0C, 0xB8, 0x80,
  0x8C, 0x0C, 0x08, 0x0D, 0x08, 0x8C, 0x80, 0xD0,
  0x08, 0x08, 0x8D, 0x80, 0x00, 0x0E, 0x88, 0x00,
  0x88, 0x00, 0x88, 0x00, 0x88, 0x00, 0x88, 0x80,
  0x80, 0x70, 0x27, 0x08, 0x78, 0x01, 0x68, 0x80,
  0x84, 0x80, 0x85, 0x40, 0x08, 0x48, 0x80, 0x80,
  0x08, 0x60, 0x80, 0x80, 0x80, 0x08, 0x70, 0x00,
  0x08, 0x08, 0x07, 0x08, 0x84, 0x80, 0x50, 0x80,
  0x80, 0x80, 0x80, 0x8F, 0x0C, 0xC8, 0x8B, 0xBC,
  0xCB, 0xCB, 0xBB, 0xBC, 0xAE, 0xCA, 0x9A, 0x9D,
  0x9A, 0xAC, 0xC9, 0x9A, 0xAA, 0xBA, 0xCA, 0xBA,
  0xB8, 0xBC, 0x08, 0x0D, 0x0C, 0x8B, 0x80, 0x00,
  0x88, 0x07, 0x08, 0x53, 0x48, 0x38, 0x43, 0x33,
  0x24, 0x17, 0x32, 0x52, 0x31, 0x14, 0x24, 0x23,
  0x43, 0x14, 0x33, 0x41, 0x12, 0x52, 0x11, 0x22,
  0x82, 0x33, 0x48, 0x38, 0x40, 0x48, 0x80, 0x30,
  0x00, 0x68, 0x80, 0x58, 0x08, 0xB8, 0x84, 0x80,
  0x00, 0x0F, 0x08, 0xC8, 0x80, 0x0C, 0x0C, 0xAC,
  0xB8, 0xC0, 0x0C, 0xBB, 0xC8, 0x0B, 0xCC, 0x8A,
  0x0B, 0x8C, 0xCB, 0x08, 0x8C, 0x8B, 0x8C, 0xD0,
  0x80, 0xC0, 0x08, 0x08, 0x08, 0x3E, 0x8B, 0x80,
  0x08, 0x80, 0x80, 0x08, 0x80, 0x08, 0x80, 0xF0,
  0x83, 0x80, 0x80, 0x80, 0x80, 0x80, 0x08, 0x08,
  0x08, 0x08, 0x80, 0x80, 0x80, 0x77, 0x77, 0x80,
  0x80, 0x80, 0x00, 0x88, 0x00, 0x08, 0x08, 0x08,
  0x08, 0x88, 0x80, 0xF0, 0xFF, 0x89, 0x00, 0x9F,
  0x08, 0x08, 0xF8, 0x08, 0x08, 0x3E, 0x8B, 0x80,
  0x80, 0x80, 0xF0, 0xC3, 0x08, 0x08, 0x08, 0x08,
  0x07, 0x08, 0x08, 0x08, 0x08, 0x78, 0x81, 0x80,
  0x78, 0x80, 0x80, 0x04, 0x58, 0x08, 0x48, 0x80,
  0x04, 0x48, 0x80, 0x04, 0x08, 0x84, 0x80, 0x00,
  0x88, 0x00, 0x88, 0x00, 0x88, 0xCF, 0x80, 0xF0,
  0x88, 0x80, 0x8D, 0x80, 0x8C, 0xD0, 0xB8, 0xC8,
  0xC8, 0xC0, 0x0B, 0xBC, 0xC0, 0xBB, 0xCB, 0x8B,
  0xBC, 0xBC, 0xC0, 0xBB, 0x8B, 0x8C, 0x0C, 0x0C,
  0xB8, 0x3C, 0x0C, 0xB8, 0x08, 0x3D, 0x8B, 0x08,
  0x8D, 0xD0, 0x80, 0x80, 0x8C, 0x80, 0xE0, 0x80,
  0x80, 0x80, 0x86, 0x30, 0x40, 0x40, 0x83, 0x27,
  0x22, 0x53, 0x42, 0x23, 0x34, 0x42, 0x43, 0x33,
  0x53, 0x31, 0x43, 0x31, 0x14, 0x41, 0x21, 0x23,
  0x20, 0x32, 0x30, 0x00, 0x04, 0x08, 0x08, 0xF8,
  0x08, 0x0C, 0xBC, 0xC0, 0x0B, 0xBC, 0xBB, 0xC8,
  0xBC, 0xC0, 0xBB, 0x8B, 0xCC, 0x0B, 0xBC, 0xC0,
  0xC0, 0x8A, 0xC0, 0xB0, 0xC8, 0x80, 0x8C, 0xC0,
  0x80, 0x0C, 0x08, 0xD8, 0x80, 0x08, 0x80, 0x8E,
  0xB4, 0x80, 0x80, 0x80, 0x80, 0x80, 0x80, 0x80,
  0x80, 0x3F, 0x08, 0x80, 0x3F, 0x08, 0x80, 0x08,
  0x80, 0x08, 0x80, 0x08, 0x80, 0x78, 0x27, 0x08,
  0x08, 0x17, 0x80, 0x80, 0x80, 0x17, 0x80, 0x80,
  0x80, 0x80, 0xB7, 0x05, 0x08, 0x8D, 0x80, 0x00,
  0x0E, 0x88, 0x8B, 0x0D, 0x8C, 0xC0, 0xB0, 0x0C,
  0x0C, 0xBB, 0xC8, 0xC0, 0x0B, 0x0C, 0xB8, 0xC8,
  0x0C, 0xC8, 0x80, 0xC0, 0x08, 0x80, 0x08, 0x06,
  0x88, 0x85, 0x84, 0x33, 0x40, 0x43, 0x33, 0x48,
  0x43, 0x33, 0x53, 0x32, 0x43, 0x83, 0x84, 0x24,
  0x30, 0x48, 0x80, 0x04, 0x08, 0x58, 0x8B, 0xB4,
  0x80, 0x80, 0x80, 0x80, 0x08, 0x80, 0x08, 0x80,
  0x08, 0x08, 0xFF, 0x88, 0x80, 0x80, 0x9F, 0x80,
  0x8E, 0xC0, 0xC0, 0xB8, 0xC0, 0x8B, 0xBC, 0xBC,
  0xF0, 0x98, 0xAA, 0xBA, 0xFB, 0xC0, 0x99, 0xA9,
  0xAA, 0xBA, 0xCA, 0x8D, 0xB9, 0xAA, 0xBB, 0xBC,
  0xCB, 0xB0, 0xC8, 0x8B, 0x8B, 0xD8, 0x80, 0x08,
  0x80, 0x80, 0x07, 0x34, 0x40, 0x43, 0x42, 0x25,
  0x42, 0x42, 0x43, 0x31, 0x34, 0x43, 0x13, 0x16,
  0x22, 0x32, 0x14, 0x13, 0x14, 0x23, 0x42, 0x12,
  0x83, 0x23, 0x30, 0x40, 0x80, 0x80, 0x80, 0x80,
  0xF0, 0x09, 0x0D, 0x8C, 0x0B, 0xBC, 0x08, 0xBD,
  0x0B, 0x8C, 0xCB, 0xB8, 0xC8, 0x0C, 0x0C, 0x0B,
  0xBC, 0xC0, 0xC0, 0xB0, 0xB8, 0x8C, 0x8B, 0xCC,
  0xB0, 0xC8, 0xC0, 0x0B, 0x0C, 0xAC, 0xB8, 0xB8,
  0xD8, 0xC0, 0xB8, 0xC0, 0x08, 0x8C, 0x8B, 0x80,
  0x0D, 0x88, 0x00, 0x88, 0x00, 0xB7, 0x04, 0x84,
  0x84, 0x43, 0x30, 0x03, 0x44, 0x33, 0x48, 0x43,
  0x83, 0x34, 0x83, 0x44, 0x38, 0x30, 0x80, 0x50,
  0x08, 0x40, 0x0C, 0xC3, 0x80, 0x80, 0xE0, 0x80,
  0xC0, 0x08, 0x8C, 0xC0, 0xB8, 0xB4, 0x0C, 0xC8,
  0x80, 0x8B, 0xD0, 0x08, 0xC8, 0x80, 0x8C, 0x80,
  0xE0, 0xB3, 0x08, 0x08, 0x08, 0x0F, 0x08, 0x88,
  0x00, 0x88, 0x70, 0x00, 0x08, 0x08, 0x88, 0x00,
  0x17, 0x08, 0x78, 0x08, 0x80, 0x08, 0x60, 0x08,
  0x08, 0x08, 0x86, 0x80, 0x80, 0x80, 0x07, 0x08,
  0x88, 0x50, 0x80, 0x50, 0x08, 0x08, 0x85, 0x80,
  0x50, 0x08, 0x08, 0x08, 0xB6, 0x48, 0x0B, 0x88,
  0xD0, 0x08, 0xD8, 0x80, 0x0C, 0xBC, 0xC0, 0xBB,
  0xC0, 0xCB, 0xBB, 0xBC, 0xC0, 0xBB, 0xCB, 0xCB,
  0xFB, 0xA0, 0xA9, 0xAA, 0xBB, 0xC0, 0xBB, 0x0C,
  0xCB, 0xC0, 0x8A, 0xC0, 0xC0, 0x80, 0x80, 0x3C,
  0x8B, 0x85, 0x80, 0x04, 0x03, 0x44, 0x83, 0x34,
  0x33, 0x44, 0x25, 0x51, 0x21, 0x23, 0x52, 0x32,
  0x22, 0x62, 0x13, 0x22, 0x31, 0x32, 0x43, 0x33,
  0x34, 0x83, 0x04, 0x43, 0x30, 0x40, 0x40, 0x08,
  0x84, 0x84, 0x30, 0x80, 0x80, 0x06, 0x08, 0x08,
  0x08, 0x08, 0x8F, 0x08, 0x8D, 0xC0, 0xB8, 0xC8,
  0xC0, 0xB8, 0xC8, 0xC8, 0x8B, 0x8B, 0xBD, 0xC8,
  0xC0, 0xB0, 0xC8, 0xB8, 0xC8, 0x80, 0x8C, 0x3C,
  0x8B, 0xD0, 0x08, 0x0C, 0xC3, 0x80, 0x80, 0x08,
  0xF0, 0x08, 0x08, 0x08, 0x80, 0x80, 0x08, 0x80,
  0x08, 0xB7, 0x07, 0x08, 0x08, 0x08, 0x08, 0x08,
  0x08, 0x08, 0x88, 0x70, 0x86, 0xE0, 0x03, 0x08,
  0x88, 0x00, 0x88, 0x00, 0x3F, 0x0E, 0x08, 0x08,
  0x08, 0x08, 0x88, 0x8F, 0x08, 0x08, 0xF8, 0xB3,
  0x88, 0x00, 0x08, 0x88, 0x3F, 0x8C, 0x80, 0x80,
  0x80, 0x00, 0x88, 0x00, 0x88, 0x00, 0x08, 0x08,
  0x08, 0x78, 0x37, 0x80, 0x80, 0x80, 0x47, 0x80,
  0x80, 0x07, 0x00, 0x68, 0x80, 0x08, 0x50, 0x08,
  0x08, 0x60, 0x08, 0x08, 0x08, 0x86, 0x80, 0x80,
  0x80, 0x00, 0x88, 0x00, 0x88, 0xF0, 0x0C, 0x08,
  0xF8, 0x09, 0x0D, 0xC8, 0xC0, 0x08, 0x0C, 0xCB,
  0xC0, 0x8A, 0x0B, 0xCC, 0xB0, 0xCB, 0xC0, 0x8A,
  0x0B, 0xBC, 0xC8, 0x80, 0x8C, 0x8B, 0x0C, 0xC8,
  0x08, 0xD8, 0x80, 0xD0, 0x80, 0xC0, 0x08, 0xC8,
  0x08, 0xD8, 0x80, 0xD0, 0x80, 0xC0, 0xB3, 0x88,
  0x05, 0x08, 0x58, 0x30, 0x40, 0x30, 0x35, 0x43,
  0x33, 0x43, 0x17, 0x32, 0x52, 0x11, 0x14, 0x24,
  0x41, 0x31, 0x21, 0x14, 0x42, 0x21, 0x22, 0x82,
  0x33, 0x04, 0x83, 0x04, 0x08, 0x08, 0x88, 0x00,
  0x88, 0x9F, 0xE0, 0xC0, 0xB0, 0xC0, 0xB8, 0xC0,
  0x8B, 0x0C, 0x0C, 0xAC, 0xB8, 0x0C, 0x8B, 0x0C,
  0x0C, 0x0C, 0x8B, 0x8B, 0x8C, 0xC0, 0xC8, 0x80,
  0x0C, 0x08, 0x0D, 0x08, 0x8C, 0x80, 0xD0, 0x08,
  0x08, 0x08, 0x08, 0x8F, 0x80, 0x80, 0x80, 0x80,
  0x80, 0x70, 0x5B, 0x80, 0x80, 0x80, 0x80, 0x70,
  0x00, 0x08, 0x78, 0x80, 0x80, 0x08, 0x60, 0x08,
  0x08, 0xB5, 0x03, 0x08, 0x08, 0x08, 0x88, 0x80,
  0x00, 0x88, 0x00, 0xF8, 0x8F, 0x80, 0x0F, 0xB8,
  0x08, 0x8D, 0xC0, 0xB8, 0x08, 0xBD, 0x08, 0x0D,
  0x0C, 0x8B, 0x8B, 0x0C, 0x8C, 0xC0, 0xB8, 0x08,
  0x8D, 0x80, 0xD0, 0x08, 0x08, 0x68, 0x08, 0x30,
  0x80, 0x86, 0x84, 0x03, 0x43, 0x30, 0x34, 0x84,
  0x24, 0x03, 0x43, 0x03, 0x84, 0x34, 0x48, 0x48,
  0x38, 0x80, 0x40, 0x08, 0x04, 0x08, 0x08, 0xB6,
  0xC3, 0x03, 0x80, 0x80, 0x08, 0xF0, 0x48, 0x0C,
  0x08, 0x08, 0x3C, 0x0C, 0x08, 0x0D, 0xB8, 0x08,
  0x8D, 0xC0, 0xB8, 0x8C, 0x8B, 0xCC, 0xB0, 0xBC,
  0xC0, 0x0B, 0xAF, 0xA0, 0xAA, 0xBB, 0xCB, 0xBB,
  0x8B, 0xCC, 0xBB, 0xCB, 0xCB, 0x0B, 0xBC, 0x8B,
  0xDB, 0xC0, 0xB0, 0xB8, 0x08, 0x8D, 0x80, 0x00,
  0x88, 0x07, 0x83, 0x04, 0x43, 0x70, 0x10, 0x24,
  0x21, 0x24, 0x42, 0x42, 0x41, 0x13, 0x34, 0x21,
  0x34, 0x42, 0x21, 0x14, 0x42, 0x21, 0x22, 0x22,
  0x03, 0x43, 0x30, 0x40, 0x40, 0x08, 0x08, 0x08,
  0x08, 0x08, 0x08, 0x9F, 0xE8, 0x08, 0x0C, 0x8C,
  0xC0, 0xB0, 0xC8, 0xC0, 0xC0, 0x8A, 0x0B, 0xAD,
  0x8B, 0xCB, 0xB8, 0xC8, 0x0C, 0x8B, 0xBC, 0xC8,
  0x0B, 0x8C, 0x8B, 0xCC, 0x0B, 0xC8, 0xC0, 0xB0,
  0x8C, 0xC0, 0xB0, 0x08, 0x0D, 0xB8, 0x88, 0xD0,
  0x08, 0x08, 0x08, 0x08, 0x07, 0x08, 0x85, 0x04,
  0x83, 0x34, 0x40, 0x03, 0x53, 0x48, 0x02, 0x43,
  0x38, 0x40, 0x03, 0x03, 0x50, 0x48, 0x80, 0x80,
  0x50, 0x80, 0x80, 0x80, 0x3E, 0x0C, 0x08, 0x0D,
  0x08, 0xC8, 0x08, 0xC8, 0x08, 0x8D, 0x80, 0x8C,
  0x80, 0x8C, 0x80, 0xE0, 0x08, 0x08, 0x8D, 0x80,
  0x80, 0xE0, 0x03, 0x8C, 0x80, 0x80, 0x80, 0x80,
  0x80, 0x80, 0x80, 0x80, 0x80, 0x77, 0x08, 0x08,
  0x80, 0x80, 0x08, 0x70, 0x02, 0x08, 0x08, 0x78,
  0x02, 0x08, 0x08, 0x17, 0x08, 0x78, 0x80, 0x08,
  0x58, 0x80, 0x80, 0x05, 0x08, 0x08, 0x05, 0x08,
  0x88, 0x80, 0x00, 0x88, 0xF0, 0x0A, 0x88, 0x8F,
  0xD0, 0x80, 0x8B, 0x8C, 0xD0, 0x0B, 0xBC, 0xC0,
  0xBB, 0xC0, 0x8B, 0xBC, 0x0C, 0xCB, 0xBB, 0xB8,
  0xBD, 0xC0, 0xBB, 0xC0, 0xAC, 0xB8, 0x8B, 0x8C,
  0xBC, 0x80, 0x8C, 0x0C, 0xC8, 0x80, 0x80, 0x0D,
  0x03, 0x08, 0x08, 0x06, 0x84, 0x84, 0x24, 0x30,
  0x43, 0x24, 0x33, 0x34, 0x33, 0x44, 0x25, 0x31,
  0x22, 0x33, 0x34, 0x43, 0x42, 0x32, 0x43, 0x33,
  0x30, 0x85, 0x24, 0x30, 0x84, 0x43, 0x48, 0x38,
  0x30, 0x40, 0x80, 0x04, 0x08, 0x85, 0x80, 0x80,
  0x80, 0x80, 0x00, 0x9F, 0x08, 0x8E, 0x8B, 0xD0,
  0xB8, 0xC8, 0xB8, 0xD8, 0xC0, 0xB8, 0xC0, 0xB8,
  0x8C, 0xC0, 0xB8, 0xC8, 0xC0, 0x08, 0xC8, 0x08,
  0xD8, 0x80, 0x80, 0x0D, 0x08, 0xD8, 0x03, 0x0C,
  0x88, 0x80, 0x00, 0x88, 0x00, 0x08, 0x88, 0x00,
  0x88, 0x00, 0x88, 0x00, 0x08, 0x08, 0x08, 0x88,
  0x80, 0x80, 0x90, 0x00, 0x00, 0xA7, 0x08, 0x08,
  0x08, 0x08, 0x00, 0x00, 0x00, 0x00, 0x00, 0x00,
  0x00, 0xFF, 0xFF, 0x08, 0x08, 0x08, 0x3F, 0x0E,
  0x08, 0x08, 0x08, 0xF8, 0x30, 0x0C, 0x08, 0x08,
  0x08, 0x08, 0x08, 0x08, 0x08, 0x88, 0x00, 0x78,
  0x87, 0x80, 0x80, 0x80, 0x17, 0x08, 0x08, 0x06,
  0x08, 0x85, 0x80, 0x50, 0x08, 0x08, 0x68, 0x08,
  0x08, 0x58, 0x80, 0x80, 0x50, 0x80, 0x80, 0x80,
  0x08, 0x08, 0x80, 0x08, 0xBF, 0x08, 0xF8, 0x09,
  0x0E, 0xB8, 0x0D, 0xB8, 0xC0, 0xB8, 0xC8, 0xC8,
  0xBB, 0xC8, 0xC8, 0x8B, 0x0C, 0xBC, 0xC0, 0xB0,
  0x0C, 0xC8, 0xB0, 0x08, 0x0D, 0x0C, 0x08, 0x0C,
  0x08, 0x8C, 0x80, 0xD0, 0x08, 0x8C, 0x00, 0x0D,
  0x08, 0x8C, 0x80, 0x8C, 0x80, 0x80, 0x80, 0x3F,
  0x80, 0x40, 0x80, 0x05, 0x03, 0x44, 0x38, 0x34,
  0x43, 0x33, 0x27, 0x48, 0x41, 0x21, 0x23, 0x52,
  0x12, 0x24, 0x21, 0x22, 0x33, 0x06, 0x31, 0x22,
  0x30, 0x03, 0x04, 0x58, 0x08, 0x08, 0x04, 0x08,
  0x08, 0xE8, 0x08, 0xD8, 0x80, 0x0C, 0xC8, 0xC0,
  0xC0, 0xB0, 0x08, 0xBC, 0xC8, 0xC0, 0xB0, 0xC8,
  0xB8, 0x08, 0xBD, 0xC8, 0x80, 0x0C, 0xC8, 0xC0,
  0x80, 0xC0, 0x08, 0x8C, 0x80, 0xD0, 0x08, 0x08,
  0xD8, 0xB4, 0x08, 0x08, 0x08, 0x08, 0x08, 0x08,
  0x08, 0x08, 0x80, 0x08, 0x80, 0x77, 0x81, 0x80,
  0x00, 0x88, 0x37, 0x3F, 0x08, 0x08, 0x08, 0x08,
  0x07, 0x3C, 0x08, 0x80, 0x08, 0x80, 0x08, 0x80,
  0x08, 0x80, 0x3F, 0x8F, 0x08, 0xD8, 0xB4, 0x08,
  0x8C, 0xC0, 0x08, 0x8C, 0xC0, 0x80, 0x0C, 0x8C,
  0x0B, 0xC8, 0xC8, 0x80, 0x0C, 0x0C, 0x08, 0x8C,
  0x80, 0xD0, 0x08, 0x80, 0x08, 0x60, 0x80, 0x80,
  0x05, 0x84, 0x84, 0x84, 0x03, 0x43, 0x30, 0x40,
  0x24, 0x40, 0x38, 0x84, 0x84, 0x03, 0x03, 0x04,
  0x84, 0x40, 0xC3, 0x03, 0x08, 0x84, 0x80, 0x00,
  0xB6, 0x03, 0x08, 0x88, 0x00, 0x88, 0x00, 0xAF,
  0x08, 0x08, 0x9F, 0x80, 0xE0, 0xB8, 0x08, 0x0D,
  0x8C, 0x0B, 0xC8, 0xC8, 0x0B, 0x8C, 0xCB, 0x8B,
  0xBC, 0xF8, 0xA8, 0x0A, 0x0E, 0x9A, 0x8A, 0xBA,
  0xCA, 0x8A, 0xBB, 0xCC, 0xB0, 0xCB, 0xC0, 0x8A,
  0x0B, 0x8C, 0x8B, 0x8C, 0xD0, 0xB3, 0x08, 0x08,
  0x60, 0x08, 0x84, 0x84, 0x24, 0x30, 0x43, 0x24,
  0x33, 0x34, 0x17, 0x41, 0x21, 0x23, 0x52, 0x12,
  0x24, 0x41, 0x21, 0x42, 0x22, 0x22, 0x32, 0x84,
  0x33, 0x84, 0x84, 0x30, 0x48, 0x80, 0x40, 0x80,
  0x80, 0x08, 0x80, 0x8F, 0x08, 0xD8, 0x80, 0x8C,
  0xD0, 0xC0, 0xB0, 0xB8, 0x08, 0x0D, 0xBC, 0x80,
  0x0C, 0xBC, 0xC0, 0xC0, 0xB0, 0x8B, 0x0C, 0x0C,
  0x0C, 0x8B, 0xCB, 0xB8, 0xC8, 0x08, 0xCC, 0xC0,
  0x80, 0x0B, 0x8C, 0xC0, 0x08, 0x8C, 0x80, 0xD0,
  0xB3, 0xC4, 0x83, 0x80, 0x00, 0x04, 0x08, 0x05,
  0x84, 0x40, 0x83, 0x04, 0x03, 0x04, 0x84, 0x84,
  0x84, 0x03, 0x03, 0x58, 0x80, 0x58, 0x08, 0x08,
  0x04, 0x08, 0xD8, 0x84, 0xC0, 0x80, 0x08, 0x80,
  0x0E, 0x08, 0x08, 0x8D, 0x80, 0xD0, 0x80, 0xC8,
  0x80, 0x80, 0x8D, 0x80, 0x80, 0x0E, 0xC3, 0x80,
  0x80, 0xE0, 0xB3, 0x08, 0x08, 0x08, 0x08, 0x08,
  0x08, 0x08, 0x08, 0x88, 0x00, 0x78, 0x17, 0x08,
  0x08, 0x70, 0x5B, 0x80, 0x40, 0x80, 0x80, 0x06,
  0x08, 0x58, 0x80, 0x80, 0x05, 0x88, 0x00, 0x68,
  0x80, 0x08, 0x85, 0x80, 0x00, 0x88, 0x00, 0x88,
  0xB7, 0x80, 0x80, 0x8F, 0x80, 0xD0, 0x80, 0x0C,
  0xC8, 0x80, 0x0C, 0x8C, 0xBB, 0x08, 0xBD, 0xC8,
  0xC0, 0x80, 0x0C, 0xCB, 0x0B, 0xBC, 0xC0, 0x0B,
  0xBC, 0x0B, 0xBC, 0xC8, 0x8B, 0xBC, 0xC0, 0x8B,
  0x8C, 0x8B, 0x0C, 0x8C, 0xC0, 0x08, 0x8C, 0x80,
  0x80, 0x80, 0x07, 0x88, 0x44, 0x08, 0x33, 0x40,
  0x40, 0x43, 0x42, 0x32, 0x30, 0x07, 0x24, 0x21,
  0x20, 0x25, 0x22, 0x38, 0x86, 0x22, 0x22, 0x32,
  0x30, 0x85, 0x33, 0x84, 0x24, 0x03, 0x03, 0x04,
  0x48, 0x40, 0x08, 0x84, 0x40, 0x08, 0x08, 0x08,
  0x08, 0xF8, 0xC3, 0x80, 0x0C, 0x08, 0x0D, 0xB8,
  0xC8, 0x08, 0x0D, 0x0C, 0x0B, 0xC8, 0xC0, 0x08,
  0x0C, 0x8B, 0x80, 0x0D, 0x0C, 0x88, 0x8B, 0x08,
  0x8E, 0x00, 0x08, 0x0E, 0x88, 0x00, 0xE8, 0x80,
  0x80, 0x80, 0x80, 0x80, 0x80, 0x80, 0x80, 0x80,
  0x80, 0x80, 0xF0, 0x5F, 0xC8, 0xB3, 0x84, 0x80,
  0x4C, 0xB8, 0x84, 0x80, 0x3C, 0x0C, 0x08, 0x08,
  0x08, 0x08, 0x08, 0x08, 0x08, 0x08, 0x08, 0xF8,
  0x8F, 0x80, 0x80, 0x80, 0x80, 0x80, 0xF0, 0xF3,
  0x88, 0x80, 0x80, 0x80, 0x00, 0x3F, 0x8D, 0x80,
  0x80, 0x80, 0x80, 0x00, 0x08, 0x88, 0x70, 0x7B,
  0x00, 0x08, 0x08, 0x06, 0x08, 0x58, 0x80, 0xB5,
  0x03, 0x58, 0x08, 0x08, 0x08, 0x05, 0x08, 0x08,
  0x86, 0x80, 0x80, 0x80, 0x80, 0x80, 0x80, 0x80,
  0x80, 0x80, 0x80, 0xFF, 0x88, 0x80, 0x8F, 0xC8,
  0x80, 0x8C, 0xD0, 0xB0, 0xC8, 0xB8, 0xC8, 0xC0,
  0xB8, 0xC8, 0x08, 0xBD, 0x80, 0x0C, 0x0C, 0x8B,
  0xC8, 0x80, 0x8C, 0x0C, 0x08, 0x0D, 0xB8, 0x88,
  0xD0, 0x08, 0x0D, 0x08, 0x8C, 0xC0, 0x08, 0x8C,
  0xC0, 0x08, 0xD0, 0x80, 0x80, 0x8C, 0x80, 0x50,
  0x80, 0x08, 0x05, 0x58, 0x48, 0x38, 0x43, 0x48,
  0x32, 0x43, 0x33, 0x43, 0x24, 0x33, 0x27, 0x21,
  0x22, 0x63, 0x12, 0x22, 0x02, 0x42, 0x32, 0x30,
  0x04, 0x43, 0x80, 0x04, 0x48, 0x80, 0x08, 0x80,
  0x08, 0x80, 0x08, 0xF0, 0x8A, 0xF0, 0x08, 0x8C,
  0x8B, 0xD0, 0x08, 0x8C, 0x8B, 0x8C, 0x8B, 0xD8,
  0xC0, 0x08, 0x8C, 0x80, 0x8C, 0xD0, 0x80, 0x8B,
  0x80, 0xE0, 0x08, 0xC8, 0x08, 0x08, 0x80, 0x0F,
  0xC3, 0x80, 0x80, 0x80, 0x80, 0xF0, 0x83, 0x0C,
  0x08, 0x58, 0x3B, 0x8B, 0xB5, 0xC3, 0x03, 0x80,
  0x80, 0x80, 0x08, 0xB7, 0x04, 0x08, 0x08, 0x08,
  0x08, 0xB7, 0xB4, 0x84, 0x80, 0x3C, 0x8B, 0x08,
  0xB6, 0x08, 0xD8, 0x80, 0x80, 0x0D, 0xC8, 0x80,
  0xD0, 0x80, 0x8B, 0x8C, 0xD0, 0xB0, 0x08, 0x0D,
  0x0C, 0x8B, 0xC0, 0x08, 0x0C, 0xC8, 0x80, 0x08,
  0x0D, 0x08, 0x88, 0x00, 0x78, 0x80, 0x80, 0x05,
  0x03, 0x84, 0x04, 0x03, 0x04, 0x34, 0x30, 0x85,
  0x84, 0x03, 0x43, 0x30, 0x40, 0x30, 0x00, 0x85,
  0x04, 0x08, 0x04, 0x08, 0x68, 0x08, 0x08, 0x08,
  0x08, 0x08, 0x80, 0x08, 0x80, 0x08, 0x80, 0x80,
  0xFF, 0x88, 0xF0, 0x08, 0xC8, 0x08, 0x0D, 0xB8,
  0xC8, 0x08, 0x0D, 0xB8, 0xC8, 0x0C, 0x0C, 0xBB,
  0xC8, 0xC0, 0x0B, 0xBC, 0xC0, 0xBB, 0xC0, 0xCB,
  0x0B, 0xBC, 0x0B, 0xBC, 0xC8, 0xCB, 0xC0, 0xB0,
  0x8B, 0x0C, 0x0C, 0x08, 0x8C, 0x80, 0x80, 0x80,
  0x80, 0x07, 0x40, 0x30, 0x50, 0x03, 0x34, 0x43,
  0x24, 0x33, 0x34, 0x33, 0x74, 0x21, 0x21, 0x15,
  0x21, 0x22, 0x62, 0x11, 0x40, 0x28, 0x22, 0x02,
  0x33, 0x48, 0x30, 0x40, 0x80, 0x04, 0x08, 0x85,
  0x80, 0x80, 0x80, 0x80, 0xF0, 0x09, 0x08, 0x8E,
  0x00, 0x0D, 0x0C, 0xB8, 0xC0, 0x08, 0x8C, 0x8B,
  0x8C, 0x0C, 0x0C, 0xAC, 0x08, 0xBC, 0xC0, 0xB0,
  0xC8, 0xC0, 0xB8, 0xC0, 0xB8, 0xC8, 0xB8, 0x88,
  0x0D, 0x8C, 0x80, 0x8C, 0x80, 0x0D, 0x08, 0x08,
  0x08, 0x08, 0x08, 0x17, 0x08, 0x78, 0x30, 0x08,
  0x04, 0x03, 0x85, 0x04, 0x83, 0x40, 0x30, 0x50,
  0x08, 0x84, 0x40, 0x08, 0x04, 0x88, 0x80, 0x60,
  0x80, 0x80, 0x08, 0x8E, 0x00, 0x88, 0x00, 0x8F,
  0x80, 0xC0, 0x08, 0x08, 0x0E, 0x08, 0xC8, 0x08,
  0x08, 0x0E, 0x08, 0x08, 0xD8, 0x08, 0x08, 0x08,
  0x08, 0xF8, 0xC3, 0x08, 0x08, 0x08, 0x08, 0x08,
  0x08, 0x08, 0xB7, 0x07, 0x08, 0x08, 0x08, 0x88,
  0x70, 0x81, 0x08, 0x80, 0x08, 0x70, 0x81, 0x60,
  0x08, 0x08, 0x68, 0x08, 0x08, 0x58, 0x80, 0x80,
  0x80, 0x70, 0x08, 0x08, 0x08, 0x08, 0x08, 0x08,
  0x08, 0x80, 0xBF, 0x08, 0x08, 0xF8, 0x0A, 0x08,
  0x8F, 0xC8, 0xC8, 0x80, 0x0C, 0xC8, 0xC0, 0xC0,
  0x8A, 0xC0, 0xB0, 0x8C, 0xBB, 0xC8, 0xC8, 0x0B,
  0xBC, 0xC8, 0x8B, 0xBC, 0xC0, 0xB8, 0x8C, 0xCB,
  0xB8, 0x08, 0x8D, 0x8B, 0xD0, 0x08, 0x08, 0x3D,
  0x8B, 0x04, 0x08, 0x68, 0x08, 0x03, 0x04, 0x84,
  0x34, 0x48, 0x33, 0x48, 0x43, 0x33, 0x70, 0x22,
  0x38, 0x32, 0x43, 0x48, 0x32, 0x03, 0x34, 0x84,
  0x43, 0x48, 0x32, 0x30, 0x40, 0x84, 0x03, 0x84,
  0x04, 0x48, 0x08, 0x03, 0x08, 0x05, 0x08, 0x08,
  0x88, 0x00, 0x88, 0x00, 0x88, 0xCF, 0x80, 0x8F,
  0x80, 0x0C, 0x8C, 0xC0, 0x08, 0xC8, 0xC8, 0x80,
  0x0C, 0x08, 0x0D, 0xB8, 0x08, 0x8D, 0x80, 0xD0,
  0x08, 0x80, 0x0D, 0x88, 0x00, 0xE8, 0xB3, 0x08,
  0x08, 0x88, 0x3F, 0x80, 0x80, 0x8D, 0x80, 0x80,
  0x80, 0x00, 0x88, 0x00, 0x88, 0x00, 0x08, 0x08,
  0x08, 0x08, 0x88, 0x80, 0x80, 0x80, 0x80, 0x80,
  0x00, 0x00, 0x00, 0x00, 0xF0, 0xF2, 0xFF, 0x09,
  0x88, 0x00, 0x88, 0xBF, 0x08, 0x80, 0x08, 0x3F,
  0x0F, 0x08, 0x08, 0x08, 0x88, 0x3F, 0x8B, 0xB5,
  0x08, 0x08, 0x85, 0x80, 0x80, 0x80, 0x80, 0x00,
  0x17, 0x08, 0x08, 0x78, 0x00, 0x08, 0x05, 0x08,
  0x58, 0x80, 0x80, 0x80, 0x87, 0x00, 0x88, 0x00,
  0x86, 0x80, 0x80, 0x80, 0x80, 0x80, 0x80, 0x80,
  0x80, 0xF0, 0x0E, 0x08, 0xF8, 0x08, 0xC8, 0x80,
  0x8C, 0x0C, 0xC8, 0xC0, 0xC0, 0x80, 0x0B, 0x8C,
  0x8B, 0x8C, 0xD0, 0xC0, 0xB0, 0x80, 0x0C, 0x8C,
  0xC0, 0x80, 0x8B, 0x80, 0x8D, 0xC0, 0x08, 0xD8,
  0x80, 0xD0, 0x80, 0x8B, 0xC8, 0x08, 0xD8, 0x08,
  0x08, 0x0E, 0x08, 0x3C, 0x0C, 0x08, 0x08, 0x08,
  0x78, 0x80, 0x84, 0x30, 0x40, 0x30, 0x85, 0x24,
  0x33, 0x84, 0x24, 0x33, 0x34, 0x43, 0x33, 0x43,
  0x43, 0x33, 0x34, 0x33, 0x40, 0x34, 0x48, 0x83,
  0x03, 0x40, 0x04, 0x08, 0x04, 0x08, 0x68, 0x8B,
  0x80, 0x80, 0x80, 0x80, 0xF0, 0x88, 0xD8, 0x80,
  0x8C, 0x80, 0x0D, 0x0C, 0x08, 0x8C, 0x3B, 0x0C,
  0x8C, 0xC0, 0x08, 0x8C, 0x80, 0x8C, 0x80, 0x8C,
  0x80, 0x8D, 0x80, 0x3D, 0x8B, 0x00, 0xE8, 0x08,
  0x80, 0x08, 0x80, 0x08, 0xF0, 0xD3, 0x48, 0x3B,
  0x4B, 0xB8, 0xB4, 0x03, 0x88, 0x00, 0xB6, 0x03,
  0x80, 0x08, 0x80, 0x78, 0x5B, 0x80, 0x80, 0x80,
  0x80, 0x80, 0x08, 0x08, 0x80, 0x08, 0x80, 0x08,
  0xFF, 0x09, 0xF8, 0x88, 0xD0, 0x80, 0x0C, 0x88,
  0x0C, 0xC8, 0x08, 0x0D, 0x0C, 0x0B, 0xC8, 0x80,
  0x0C, 0xC8, 0x08, 0x0C, 0xC8, 0x80, 0x80, 0x08,
  0x80, 0x08, 0x9F, 0x85, 0x00, 0x03, 0x80, 0x06,
  0x48, 0x08, 0x34, 0x40, 0x08, 0x84, 0x84, 0x03,
  0x04, 0x03, 0x84, 0x04, 0x03, 0x40, 0x80, 0x05,
  0x48, 0x80, 0x80, 0x85, 0x00, 0xC4, 0xB3, 0x84,
  0x80, 0x80, 0x80, 0x80, 0x08, 0x80, 0x08, 0x80,
  0x08, 0xEF, 0x80, 0x80, 0xF0, 0x88, 0x8C, 0x80,
  0x8C, 0x8C, 0x0C, 0xC8, 0x0B, 0x8C, 0x8B, 0xCC,
  0xC0, 0x8A, 0x0B, 0xCC, 0x8A, 0xBB, 0xC8, 0xBC,
  0xC0, 0x0B, 0xBC, 0x0B, 0x8C, 0xCB, 0xB8, 0xC8,
  0x08, 0x0D, 0x8B, 0xD0, 0x80, 0x80, 0x80, 0x08,
  0xB7, 0x03, 0x84, 0x84, 0x30, 0x44, 0x38, 0x43,
  0x83, 0x07, 0x03, 0x22, 0x86, 0x14, 0x11, 0x22,
  0x22, 0x33, 0x33, 0x34, 0x04, 0x33, 0x04, 0x43,
  0x03, 0x84, 0x84, 0x84, 0x30, 0x08, 0x58, 0x80,
  0x80, 0x80, 0x80, 0x80, 0x80, 0xF0, 0xE3, 0x08,
  0x0C, 0x88, 0x0C, 0xC8, 0x08, 0x0D, 0x0C, 0xB8,
  0x8B, 0xD0, 0xB8, 0xC8, 0xC8, 0x0B, 0xC8, 0xC8,
  0x0B, 0x8C, 0xC0, 0xB8, 0x8C, 0xC0, 0xB8, 0x08,
  0xD8, 0x08, 0xD8, 0x80, 0x80, 0x0D, 0x08, 0x08,
  0x08, 0x78, 0x80, 0x80, 0x05, 0x48, 0x80, 0x40,
  0x80, 0x04, 0x84, 0x84, 0x40, 0x38, 0x80, 0x80,
  0x86, 0x84, 0x80, 0x84, 0x80, 0x80, 0x80, 0xB6,
  0x84, 0x4B, 0x3B, 0xC8, 0x80, 0x80, 0x80, 0xF0,
  0xB3, 0x08, 0x08, 0x3E, 0x8B, 0x80, 0x80, 0xF0,
  0x80, 0x80, 0x80, 0xE8, 0xB3, 0x08, 0x08, 0x80,
  0xF8, 0x03, 0x3D, 0x8B, 0x80, 0x80, 0x00, 0x88,
  0x00, 0x88, 0x00, 0x88, 0x70, 0x87, 0x80, 0x80,
  0x80, 0x80, 0x27, 0x08, 0x08, 0x08, 0x17, 0x08,
  0x08, 0x78, 0x00, 0x08, 0xC5, 0x30, 0x80, 0x80,
  0x80, 0x08, 0x07, 0x3C, 0x80, 0x80, 0x80, 0x80,
  0xF0, 0xC3, 0x08, 0x08, 0xE8, 0x80, 0x08, 0x0D,
  0xC8, 0x80, 0x0C, 0xC8, 0xC0, 0x08, 0xBC, 0x00,
  0xCC, 0xB0, 0xC0, 0x0B, 0xC8, 0x8B, 0x0C, 0xBC,
  0xC0, 0x0B, 0x0C, 0x8B, 0xBC, 0xC8, 0xC0, 0xB0,
  0xC8, 0x80, 0x0C, 0xC8, 0x80, 0x08, 0x3D, 0x8B,
  0x80, 0x86, 0x80, 0x80, 0x05, 0x03, 0x58, 0x30,
  0x40, 0x84, 0x03, 0x34, 0x84, 0x43, 0x83, 0x34,
  0x43, 0x83, 0x24, 0x24, 0x30, 0x24, 0x84, 0x33,
  0x40, 0x03, 0x34, 0x03, 0x04, 0x84, 0x84, 0x84,
  0x03, 0x03, 0x58, 0x08, 0x08, 0x85, 0x00, 0x88,
  0x00, 0x88, 0xF0, 0x09, 0x80, 0x8E, 0x00, 0x0D,
  0x08, 0x0D, 0xB8, 0x80, 0x8C, 0x0C, 0xC8, 0x80,
  0xD0, 0x80, 0x8B, 0x80, 0xF0, 0x80, 0x80, 0xD0,
  0x80, 0x80, 0x80, 0x80, 0x80, 0xF0, 0x09, 0x08,
  0x08, 0x08, 0x08, 0x08, 0x08, 0x08, 0x80, 0x08,
  0x80, 0x08, 0x08, 0x08, 0x08, 0x80, 0xF0, 0x03,
  0x08, 0x88, 0xF0, 0xFF, 0x8B, 0x80, 0x08, 0x80,
  0x08, 0x80, 0x08, 0xFF, 0x8A, 0x80, 0x80, 0xF0,
  0x8B, 0x08, 0x08, 0x80, 0x08, 0x80, 0x3F, 0x9F,
  0x88, 0x00, 0x88, 0x00, 0x88, 0x00, 0x88, 0x00,
  0x88, 0x00, 0x08, 0xB7, 0x77, 0x80, 0x80, 0x80,
  0x80, 0x27, 0x08, 0x88, 0x70, 0x81, 0x08, 0x80,
  0x07, 0x08, 0x58, 0x80, 0x08, 0x50, 0x08, 0x80,
  0x08, 0x08, 0x70, 0x8B, 0xB5, 0x08, 0x08, 0x80,
  0x08, 0xF0, 0x09, 0x08, 0x8E, 0xC0, 0x08, 0xC8,
  0xC0, 0x08, 0x8C, 0xC0, 0xB8, 0x08, 0x8D, 0x8B,
  0x8C, 0xC0, 0x08, 0x0D, 0x0C, 0xB8, 0xC0, 0x08,
  0x8C, 0x8B, 0x80, 0x8D, 0xD0, 0x80, 0xC0, 0x08,
  0x8C, 0x80, 0xD0, 0xC0, 0x08, 0x0C, 0x08, 0x8C,
  0x00, 0x0D, 0x08, 0x88, 0x00, 0x0F, 0x38, 0x80,
  0x80, 0x60, 0x30, 0x80, 0x35, 0x40, 0x48, 0x83,
  0x34, 0x33, 0x40, 0x34, 0x33, 0x34, 0x34, 0x03,
  0x34, 0x43, 0x24, 0x03, 0x43, 0x30, 0x04, 0x43,
  0x80, 0x84, 0x04, 0x48, 0x08, 0x48, 0x80, 0x80,
  0x08, 0x80, 0x08, 0x80, 0xF0, 0x8A, 0x80, 0x8F,
  0x80, 0x0D, 0xC8, 0x80, 0xD0, 0x80, 0x0C, 0xB8,
  0x08, 0x8D, 0xC0, 0x08, 0x80, 0x0D, 0xC8, 0x80,
  0x80, 0x0D, 0x88, 0x00, 0x0E, 0x88, 0x00, 0x88,
  0x00, 0x8F, 0x80, 0x80, 0x08, 0x80, 0x08, 0xB7,
  0x80, 0x78, 0x80, 0x80, 0x80, 0x08, 0x80, 0x08,
  0xB7, 0x85, 0x00, 0x88, 0x00, 0x88, 0x00, 0x88,
  0x00, 0x88, 0x00, 0x88, 0x00, 0x88, 0xFF, 0x8B,
  0x80, 0xAF, 0x80, 0xF0, 0x88, 0xD0, 0x08, 0x8C,
  0xC0, 0x80, 0xC8, 0xC0, 0x08, 0xC8, 0x08, 0x0D,
  0xB8, 0x08, 0x08, 0x8E, 0x80, 0xD0, 0x08, 0x08,
  0x08, 0x08, 0x80, 0x78, 0x01, 0x08, 0x06, 0x58,
  0x08, 0x03, 0x58, 0x80, 0x04, 0x03, 0x04, 0x03,
  0x85, 0x04, 0x83, 0x40, 0x80, 0x04, 0x58, 0x48,
  0x08, 0x48, 0x08, 0x03, 0x08, 0x08, 0xB7, 0x03,
  0x08, 0x08, 0x08, 0x08, 0x08, 0xAF, 0x80, 0x80,
  0xF0, 0x09, 0x80, 0x8E, 0xC0, 0x80, 0x0C, 0xC8,
  0xB8, 0x08, 0x0D, 0x8C, 0xBB, 0xC8, 0x08, 0xBD,
  0xC0, 0xB0, 0x0C, 0xAC, 0xB8, 0xC0, 0x0C, 0x0B,
  0xBC, 0xC0, 0xC0, 0x8A, 0x8B, 0x8B, 0x0D, 0x8C,
  0x0B, 0xC8, 0x08, 0x08, 0x8D, 0x80, 0x80, 0x60,
  0x4B, 0x08, 0x84, 0x40, 0x48, 0x48, 0x32, 0x30,
  0x34, 0x70, 0x20, 0x22, 0x23, 0x24, 0x30, 0x24,
  0x24, 0x33, 0x34, 0x03, 0x53, 0x83, 0x34, 0x48,
  0x83, 0x84, 0x03, 0x04, 0x48, 0x08, 0x84, 0x00,
  0x58, 0x08, 0x08, 0x80, 0x08, 0x8F, 0x80, 0x80,
  0x8D, 0xC0, 0x08, 0xD8, 0x8B, 0x00, 0x8D, 0x8B,
  0x8C, 0x0C, 0xC8, 0xC0, 0xC0, 0xB0, 0xB8, 0xC8,
  0x80, 0x8C, 0x0C, 0x0C, 0xC8, 0x80, 0x8B, 0x80,
  0x8D, 0xC0, 0x08, 0x08, 0x08, 0x8F, 0x80, 0x40,
  0x4B, 0x3B, 0x80, 0x50, 0x80, 0x08, 0x05, 0xB4,
  0x03, 0x04, 0x03, 0x80, 0x06, 0x48, 0x08, 0x84,
  0x00, 0x58, 0x08, 0x08, 0xB5, 0x03, 0x08, 0x08,
  0x08, 0x08, 0x08, 0x08, 0x08, 0x3F, 0x9F, 0x00,
  0x88, 0x00, 0x8F, 0x08, 0x08, 0x8E, 0x80, 0x80,
  0xE0, 0xC3, 0x80, 0x80, 0x80, 0xE0, 0x48, 0x0B,
  0x08, 0x08, 0x08, 0x08, 0x08, 0x08, 0x88, 0x00,
  0x88, 0x77, 0x08, 0x80, 0x08, 0x08, 0x70, 0x01,
  0x08, 0x08, 0xB7, 0x04, 0x08, 0x08, 0x86, 0x80,
  0x80, 0x86, 0x80, 0x00, 0x58, 0x4B, 0x08, 0x08,
  0x08, 0x08, 0x78, 0x00, 0x3D, 0xC0, 0xB3, 0x08,
  0x88, 0x00, 0x8F, 0x80, 0x80, 0x8C, 0xD0, 0xB8,
  0x08, 0xD8, 0xC8, 0x80, 0x0C, 0x0C, 0x8B, 0xC8,
  0x0C, 0x8B, 0x0C, 0xC8, 0xC0, 0x0B, 0xBC, 0xC0,
  0xC0, 0xB0, 0xC0, 0xB8, 0xC0, 0xB8, 0xC8, 0xB8,
  0xD8, 0x80, 0x0C, 0xC8, 0x80, 0x8C, 0x00, 0x08,
  0x88, 0x00, 0x88, 0x70, 0x01, 0x06, 0x48, 0x48,
  0x30, 0x48, 0x03, 0x84, 0x34, 0x83, 0x44, 0x32,
  0x30, 0x04, 0x07, 0x21, 0x58, 0x10, 0x02, 0x32,
  0x02, 0x43, 0x30, 0x40, 0x40, 0x03, 0x03, 0x85,
  0x40, 0x08, 0x84, 0x00, 0x84, 0x80, 0x80, 0x00,
  0x08, 0x88, 0x00, 0x88, 0xCF, 0x80, 0x80, 0x8F,
  0xD8, 0x80, 0xD0, 0x80, 0x80, 0x8C, 0xD0, 0x80,
  0x80, 0x8C, 0x80, 0x80, 0x0E, 0x08, 0x08, 0xE8,
  0x80, 0x08, 0x08, 0xF0, 0xB3, 0x88, 0x00, 0x88,
  0x00, 0xF8, 0xC3, 0x08, 0x08, 0x08, 0x08, 0x88,
  0xF0, 0x03, 0x88, 0x3F, 0x8B, 0x80, 0x80, 0x80,
  0x80, 0x80, 0x80, 0x08, 0x80, 0x80, 0x80, 0x3F,
  0x08, 0x80, 0xF8, 0xF3, 0x0B, 0x80, 0x08, 0x80,
  0x08, 0x80, 0x08, 0xF0, 0x9F, 0x00, 0x08, 0x08,
  0x88, 0xF0, 0x8B, 0x80, 0x80, 0x80, 0x80, 0x80,
  0x80, 0x80, 0x80, 0xB7, 0xB7, 0x17, 0x08, 0x60,
  0x80, 0x80, 0x80, 0x87, 0x80, 0x40, 0x80, 0x80,
  0xB6, 0x03, 0x08, 0x68, 0x08, 0x08, 0x08, 0x08,
  0x78, 0x80, 0x80, 0x80, 0xF0, 0x83, 0x8B, 0x80,
  0x80, 0xF0, 0x08, 0xC8, 0x08, 0xD0, 0x08, 0x8C,
  0xC0, 0x08, 0x8C, 0xC0, 0xB8, 0x08, 0x0D, 0x8C,
  0x0B, 0xC8, 0x08, 0x8C, 0x0C, 0x08, 0x0D, 0x0C,
  0xB8, 0x80, 0xD0, 0x08, 0x8C, 0xC0, 0x08, 0xD0,
  0x80, 0x0C, 0xB8, 0x08, 0x8D, 0x80, 0x0C, 0x08,
  0x8D, 0x80, 0x80, 0xE0, 0x08, 0x08, 0x85, 0x80,
  0x80, 0x86, 0x30, 0x00, 0x04, 0x04, 0x34, 0x48,
  0x03, 0x34, 0x84, 0x24, 0x33, 0x34, 0x48, 0x33,
  0x43, 0x30, 0x34, 0x40, 0x43, 0x48, 0x38, 0x30,
  0x40, 0x48, 0x80, 0x04, 0x08, 0x58, 0x80, 0x80,
  0x80, 0x80, 0x80, 0xF8, 0x09, 0x08, 0x08, 0x8F,
  0x08, 0x08, 0x8E, 0x80, 0x0C, 0x88, 0xD0, 0x08,
  0x08, 0x0E, 0x08, 0x8C, 0x80, 0xD0, 0x08, 0x08,
  0xD8, 0x08, 0x80, 0x8D, 0x80, 0x80, 0xF0, 0xB3,
  0x03, 0x0D, 0xC3, 0x80, 0x80, 0x80, 0x80, 0x70,
  0x3B, 0x80, 0x80, 0x80, 0x80, 0x00, 0x88, 0x00,
  0x88, 0x80, 0x80, 0x70, 0x7B, 0x0B, 0x08, 0x88,
  0x00, 0x88, 0x80, 0x80, 0x80, 0x3F, 0xDF, 0x80,
  0x0F, 0x08, 0xC8, 0x08, 0x0D, 0x08, 0x8C, 0xC0,
  0x08, 0xC8, 0x80, 0x8C, 0xD0, 0x80, 0x8B, 0xD0,
  0x08, 0x08, 0x8D, 0x80, 0xD0, 0x08, 0x80, 0x08,
  0x80, 0x08, 0x70, 0x81, 0x80, 0x70, 0x80, 0x84,
  0x04, 0x48, 0x08, 0x48, 0x03, 0x84, 0x40, 0x48,
  0x48, 0x08, 0x83, 0x40, 0x40, 0x08, 0x84, 0x40,
  0x08, 0x08, 0x85, 0x80, 0x80, 0x86, 0x80, 0x80,
  0x80, 0x00, 0x08, 0x88, 0x00, 0x88, 0x00, 0xEF,
  0x80, 0x80, 0x8F, 0x80, 0x8C, 0x00, 0x8D, 0xC0,
  0x08, 0x8C, 0xC0, 0xB8, 0x8C, 0xC0, 0xB8, 0xC8,
  0x0C, 0xCB, 0xC0, 0xB0, 0x8B, 0xBC, 0xD0, 0x8A,
  0x0B, 0xCC, 0xB0, 0xC0, 0xB8, 0x8B, 0x8C, 0x0C,
  0xC8, 0x80, 0x0C, 0x08, 0x08, 0x08, 0x08, 0x08,
  0x08, 0x27, 0x78, 0x30, 0x48, 0x03, 0x58, 0x83,
  0x34, 0x33, 0x40, 0x34, 0x33, 0x85, 0x06, 0x21,
  0x22, 0x33, 0x48, 0x33, 0x03, 0x44, 0x48, 0x02,
  0x83, 0x40, 0x84, 0x84, 0x80, 0x84, 0x80, 0x80,
  0x05, 0x08, 0x08, 0x08, 0xF8, 0x48, 0x0B, 0x08,
  0x0D, 0x08, 0x8C, 0x80, 0x8C, 0x0C, 0xC8, 0xC0,
  0x80, 0x8B, 0x8C, 0xD0, 0x80, 0x8B, 0x8C, 0x0C,
  0xC8, 0xC0, 0x80, 0x80, 0x8C, 0xD0, 0xC0, 0x80,
  0x80, 0x0C, 0x08, 0x08, 0x08, 0x0F, 0xC3, 0x03,
  0x08, 0x88, 0x00, 0x78, 0x80, 0x80, 0x05, 0xC3,
  0x03, 0x58, 0x08, 0x03, 0x08, 0x05, 0x08, 0x85,
  0x80, 0x50, 0x08, 0x08, 0x08, 0x08, 0x08, 0x08,
  0x80, 0x08, 0x80, 0x08, 0x80, 0x3F, 0xBF, 0x08,
  0x08, 0x08, 0x08, 0xCF, 0x08, 0x08, 0x80, 0x08,
  0xBF, 0x80, 0x00, 0x08, 0xF8, 0xF3, 0xB3, 0x08,
  0x08, 0x08, 0x08, 0x08, 0x08, 0x08, 0x08, 0x08,
  0x08, 0xB7, 0x37, 0x08, 0x88, 0x80, 0x70, 0x83,
  0x80, 0x08, 0x17, 0x00, 0x88, 0x70, 0x81, 0x08,
  0x80, 0x07, 0x08, 0x08, 0x68, 0x80, 0x80, 0x80,
  0x08, 0x70, 0x80, 0x4C, 0x08, 0xC8, 0xB3, 0x08,
  0x08, 0x08, 0xF8, 0x08, 0x88, 0xE0, 0x08, 0x0C,
  0x08, 0x0D, 0xC8, 0xB0, 0x08, 0x0D, 0x0C, 0x8B,
  0x8B, 0x0C, 0xC8, 0x0C, 0x0C, 0x8B, 0x8B, 0x0C,
  0x0D, 0xBB, 0xC8, 0xC0, 0xC0, 0xB0, 0xB8, 0xC8,
  0xC0, 0xC3, 0x0B, 0x08, 0x8C, 0x80, 0x80, 0x0E,
  0x03, 0x08, 0x88, 0x00, 0x07, 0x58, 0x08, 0x03,
  0x04, 0x84, 0x84, 0x24, 0x30, 0x48, 0x84, 0x33,
  0x40, 0x33, 0x40, 0x84, 0x24, 0x30, 0x84, 0x43,
  0x48, 0x02, 0x83, 0x04, 0x03, 0x44, 0x08, 0x03,
  0x40, 0x80, 0x05, 0x08, 0x58, 0x80, 0x80, 0x80,
  0x08, 0x80, 0x08, 0x80, 0xF8, 0x8B, 0x00, 0xF8,
  0x89, 0x08, 0x8F, 0x80, 0x80, 0xE0, 0x08, 0x08,
  0x0D, 0x88, 0x00, 0xE8, 0x08, 0x80, 0x3D, 0xC0,
  0xC3, 0x80, 0x80, 0x80, 0x80, 0xF0, 0x08, 0x08,
  0x08, 0x08, 0x08, 0x08, 0x08, 0x80, 0x08, 0x80,
  0x08, 0x80, 0x08, 0x3F, 0xFF, 0xB5, 0xC3, 0xB3,
  0x80, 0x08, 0x80, 0x80, 0x08, 0x80, 0xF8, 0x8A,
  0x80, 0x80, 0x80, 0xBF, 0x80, 0x00, 0x88, 0xF0,
  0x0B, 0x08, 0x80, 0xF0, 0x8A, 0x80, 0x80, 0x80,
  0x80, 0x80, 0x80, 0x80, 0x00, 0x88, 0x80, 0x80,
  0x80, 0x00, 0x78, 0x77, 0x03, 0x08, 0x80, 0x47,
  0x08, 0x78, 0x00, 0x08, 0x05, 0x08, 0x08, 0x86,
  0x80, 0x80, 0x60, 0x08, 0x80, 0x08, 0x80, 0xB7,
  0xB4, 0x08, 0x08, 0x08, 0x08, 0x08, 0x08, 0xAF,
  0x80, 0xF0, 0x08, 0x08, 0x8D, 0x00, 0x0D, 0x88,
  0x8B, 0xE0, 0x80, 0x0C, 0x08, 0x8C, 0xC0, 0x08,
  0xD0, 0x80, 0x08, 0x8C, 0x80, 0x0D, 0x08, 0x08,
  0x0E, 0x08, 0x08, 0xD8, 0x08, 0x08, 0xE8, 0x80,
  0x80, 0x80, 0xE8, 0x08, 0x08, 0x08, 0x80, 0x80,
  0x08, 0x80, 0x08, 0x80, 0x80, 0x80, 0x70, 0x27,
  0x80, 0x17, 0x80, 0x06, 0x08, 0x84, 0x40, 0x80,
  0x50, 0x48, 0x08, 0x48, 0x80, 0x04, 0x48, 0x80,
  0x40, 0x80, 0x40, 0x80, 0x50, 0x80, 0x80, 0x86,
  0x80, 0x80, 0x80, 0x80, 0x80, 0x80, 0x70, 0x6B,
  0x08, 0x0C, 0x03, 0x0D, 0x08, 0x08, 0x88, 0x00,
  0x08, 0x88, 0x00, 0xF8, 0x8B, 0x80, 0x80, 0x80,
  0x80, 0x80, 0x80, 0xF0, 0x9F, 0x08, 0x08, 0x80,
  0x08, 0x80, 0x08, 0x08, 0x08, 0x08, 0x08, 0xFF,
  0x8D, 0x80, 0x00, 0x88, 0xAF, 0xF8, 0xB3, 0x88,
  0x80, 0xB7, 0x80, 0x80, 0x80, 0x80, 0x8E, 0x80,
  0x80, 0x80, 0x80, 0x8F, 0x08, 0xE8, 0x80, 0x8C,
  0xC0, 0xC0, 0x08, 0x0C, 0xB8, 0xC8, 0xB8, 0xBD,
  0x0B, 0x88, 0x8C, 0xFC, 0x73, 0x77, 0x85, 0x00,
  0x88, 0x08, 0x08, 0x88, 0x00, 0xA0, 0xAA, 0xAA,
  0xAA, 0xAA, 0x9D, 0xA0, 0x17, 0x83, 0x08, 0x88,
  0x88, 0x89, 0x90, 0x08, 0x88, 0x00, 0x8B, 0xAF,
  0xAB, 0x8A, 0x8D, 0x9C, 0x4A, 0x56, 0x32, 0x10,
  0x08, 0x08, 0x2A, 0x0A, 0x08, 0x08, 0x08, 0x80,
  0x04, 0x08, 0xCF, 0x8B, 0xAA, 0xB8, 0xBB, 0xBC,
  0xC8, 0xC0, 0xC0, 0xB0, 0x08, 0x08, 0x08, 0xE8,
  0x08, 0x08, 0x08, 0x08, 0x80, 0x08, 0x80, 0x08,
  0x80, 0x80, 0x3F, 0xF8, 0xF3, 0x08, 0x08, 0x08,
  0x80, 0x08, 0x80, 0x80, 0x08, 0x80, 0xF8, 0x03,
  0x27, 0x8E, 0x40, 0x08, 0x8C, 0x34, 0x08, 0x8C,
  0x70, 0x02, 0xBA, 0x3A, 0x73, 0xA0, 0xBC, 0x21,
  0x35, 0x01, 0xCC, 0x99, 0x41, 0x13, 0x04, 0x9A,
  0xEC, 0x99, 0x31, 0x46, 0x22, 0x90, 0xB8, 0xBD,
  0xAD, 0xAB, 0xAA, 0xBA, 0xCB, 0xAA, 0x9A, 0x0B,
  0xA8, 0x02, 0x08, 0x48, 0x56, 0x35, 0x43, 0x20,
  0x08, 0x98, 0x00, 0x81, 0x40, 0x42, 0x63, 0x34,
  0x33, 0x24, 0x43, 0x32, 0x30, 0x31, 0x15, 0x03,
  0x94, 0x90, 0x9C, 0x8E, 0x9D, 0x8C, 0x9A, 0x9B,
  0xAB, 0x9B, 0xAA, 0x9B, 0x9D, 0x0B, 0x0A, 0x08,
  0x0B, 0xB8, 0x08, 0x85, 0x27, 0x05, 0x92, 0xA2,
  0x82, 0x20, 0x80, 0x04, 0xC8, 0xB3, 0xB4, 0x87,
  0x86, 0x03, 0x12, 0x03, 0x01, 0xB2, 0xB3, 0x87,
  0x12, 0x15, 0x13, 0x12, 0x0A, 0xAB, 0xAC, 0xAF,
  0xAB, 0x9D, 0x9B, 0x8B, 0x9C, 0xAA, 0xAA, 0xBA,
  0x9F, 0x0A, 0x8A, 0xAA, 0x08, 0x08, 0x08, 0x08,
  0x08, 0x47, 0x33, 0x48, 0x24, 0x33, 0x84, 0x80,
  0xC0, 0x08, 0x08, 0x08, 0x08, 0x88, 0x17, 0x47,
  0x21, 0x22, 0x30, 0x43, 0x42, 0x25, 0x14, 0x82,
  0x20, 0x80, 0x43, 0x33, 0x24, 0x84, 0xBB, 0xCB,
  0x8B, 0x0C, 0x88, 0x00, 0x85, 0x80, 0x4C, 0x08,
  0x08, 0xBD, 0xEC, 0xCB, 0xBD, 0xAB, 0xAD, 0xAC,
  0xBA, 0xBA, 0x9B, 0x9C, 0x99, 0x08, 0x38, 0x38,
  0x43, 0x33, 0x43, 0x30, 0x34, 0x40, 0x43, 0x33,
  0x73, 0x42, 0x24, 0x53, 0x42, 0x23, 0x24, 0x33,
  0x52, 0x22, 0x21, 0x21, 0x08, 0x08, 0x0B, 0xCB,
  0xC0, 0xBA, 0x9F, 0xBA, 0xAA, 0x9D, 0xAA, 0xAA,
  0xA8, 0xC8, 0x0B, 0xDB, 0x8A, 0xC0, 0x0B, 0x08,
  0x08, 0x08, 0x87, 0x80, 0x80, 0x05, 0x08, 0x08,
  0x08, 0x0F, 0x0C, 0x1E, 0x0C, 0xA9, 0x0A, 0x8D,
  0x89, 0x8C, 0x0A, 0x8A, 0x0B, 0x0C, 0x08, 0xC4,
  0x83, 0x80, 0x04, 0xB3, 0x84, 0x80, 0x05, 0x48,
  0x80, 0x04, 0x08, 0x84, 0x04, 0x03, 0x04, 0x07,
  0x82, 0x05, 0x01, 0x94, 0x84, 0x82, 0x02, 0x86,
  0x80, 0xA2, 0xA2, 0x08, 0x08, 0x3C, 0x3C, 0x8B,
  0x8C, 0x8B, 0x0D, 0x3C, 0x8B, 0x80, 0x80, 0x80,
  0x08, 0x80, 0x78, 0x0B, 0x08, 0x08, 0x08, 0x08,
  0x78, 0x04, 0x88, 0x00, 0x78, 0x01, 0x06, 0x43,
  0x30, 0x40, 0x08, 0xD0, 0xB8, 0xBC, 0xEC, 0xCB,
  0xBB, 0xAE, 0xCB, 0xAB, 0xBC, 0xAA, 0xAC, 0xB9,
  0xA9, 0xA9, 0x8A, 0x8A, 0x80, 0x04, 0x48, 0x03,
  0x34, 0x34, 0x33, 0x74, 0x41, 0x31, 0x43, 0x34,
  0x52, 0x23, 0x34, 0x23, 0x15, 0x33, 0x33, 0x13,
  0x14, 0x41, 0x10, 0x82, 0x82, 0x00, 0xC8, 0xB0,
  0xC8, 0xC0, 0x0B, 0x8F, 0x9A, 0xBA, 0xBA, 0xCB,
  0xBB, 0xC0, 0xCB, 0x0B, 0xBC, 0x0B, 0x0D, 0x8B,
  0xC0, 0x80, 0xC8, 0x80, 0xD0, 0x08, 0x08, 0x08,
  0xF8, 0xB3, 0x03, 0x80, 0xE8, 0x80, 0x80, 0x80,
  0x80, 0x80, 0x80, 0x80, 0x80, 0x80, 0x80, 0xB7,
  0x27, 0x80, 0x08, 0x17, 0x88, 0x00, 0x8F, 0x80,
  0xC0, 0x08, 0x0D, 0x0C, 0x8E, 0x89, 0x0A, 0x0E,
  0x0A, 0x8A, 0x0A, 0x8B, 0x8B, 0x80, 0x8D, 0x80,
  0x80, 0x80, 0x80, 0x80, 0x80, 0x37, 0x08, 0x07,
  0x58, 0x08, 0x24, 0x84, 0x33, 0x84, 0x07, 0x83,
  0x04, 0x84, 0x03, 0x82, 0x32, 0x83, 0x04, 0x83,
  0x04, 0x48, 0x30, 0x80, 0x50, 0x08, 0x80, 0x0E,
  0x8B, 0x0C, 0x8F, 0x9C, 0xAB, 0x9C, 0xBC, 0xCB,
  0x9B, 0xBC, 0xAB, 0x9C, 0x9A, 0x9D, 0x0A, 0xAA,
  0x8A, 0x8A, 0x80, 0x80, 0x08, 0x87, 0x24, 0x70,
  0x48, 0x11, 0x23, 0x34, 0x34, 0x25, 0x52, 0x21,
  0x14, 0x22, 0x13, 0x22, 0x14, 0x21, 0x28, 0x80,
  0x80, 0xC0, 0xB8, 0x8C, 0xCB, 0xB8, 0xBC, 0xBC,
  0xC0, 0xBB, 0xC0, 0xB8, 0x8C, 0xCB, 0xB8, 0xC8,
  0xC8, 0xC0, 0xC0, 0x8A, 0x0B, 0x8C, 0xCB, 0xB8,
  0x8C, 0x8B, 0x8C, 0xBC, 0xC0, 0x08, 0x8C, 0x8B,
  0x80, 0x80, 0x0F, 0x08, 0x08, 0x08, 0x8E, 0x80,
  0x85, 0x80, 0x80, 0x80, 0x06, 0x48, 0x80, 0x04,
  0x48, 0x08, 0x04, 0x03, 0x34, 0x40, 0x84, 0x24,
  0x30, 0x84, 0x43, 0x48, 0x02, 0x83, 0x04, 0x48,
  0x80, 0x04, 0x08, 0x08, 0x05, 0x08, 0xD8, 0x03,
  0xD8, 0x80, 0x80, 0xE0, 0x80, 0x8B, 0x80, 0x8D,
  0x0C, 0x0C, 0x0C, 0x3B, 0x8F, 0x89, 0x0A, 0x0B,
  0x8B, 0x8C, 0x8B, 0x80, 0x0D, 0x88, 0x00, 0x88,
  0x00, 0x88, 0xB7, 0x80, 0xB7, 0x80, 0xD0, 0x80,
  0xCB, 0xB8, 0xC8, 0xF8, 0xA8, 0xB0, 0xE0, 0xB1,
  0xA1, 0xB0, 0xB3, 0x08, 0xC8, 0xB4, 0x88, 0x80,
  0x00, 0x06, 0x48, 0x40, 0x48, 0x33, 0x34, 0x33,
  0x74, 0x13, 0x34, 0x41, 0x33, 0x42, 0x23, 0x14,
  0x22, 0x31, 0x32, 0x30, 0x80, 0x80, 0x0E, 0x08,
  0xBD, 0xC0, 0x0B, 0xBC, 0xBB, 0xBC, 0x0C, 0xAC,
  0x8B, 0xCB, 0x8B, 0x0C, 0x8C, 0x0B, 0xC8, 0xB8,
  0x88, 0xE0, 0x08, 0x80, 0xE0, 0x80, 0x08, 0x80,
  0x08, 0x08, 0x80, 0x08, 0x80, 0x08, 0x80, 0x80,
  0x80, 0x80, 0x80, 0x08, 0x08, 0x78, 0x7B, 0x37,
  0x80, 0x80, 0x80, 0x47, 0x80, 0x80, 0x08, 0x80,
  0x08, 0x80, 0x08, 0x80, 0x08, 0x80, 0x80, 0x80,
  0x80, 0xF8, 0xFF, 0x8A, 0x08, 0x80, 0x08, 0x80,
  0x80, 0x80, 0x80, 0x80, 0x08, 0x08, 0x08, 0x08,
  0x08, 0x08, 0xFF, 0xFF, 0x08, 0xF8, 0x88, 0x80,
  0xE0, 0x08, 0xD0, 0x80, 0x80, 0x8C, 0x80, 0x80,
  0x80, 0x80, 0x80, 0x17, 0x80, 0x00, 0xB7, 0x84,
  0x80, 0x8C, 0x80, 0x8C, 0x8C, 0xBC, 0x8B, 0xCC,
  0xBB, 0xAC, 0xAC, 0xBB, 0xBC, 0xCB, 0x0B, 0x0C,
  0xCB, 0xC0, 0x80, 0x0B, 0x08, 0x08, 0x78, 0x48,
  0x38, 0x30, 0x34, 0x64, 0x41, 0x41, 0x32, 0x14,
  0x34, 0x32, 0x43, 0x33, 0x34, 0x23, 0x14, 0x14,
  0x03, 0x84, 0x02, 0x82, 0xB3, 0x08, 0xC8, 0xC8,
  0xC0, 0xC0, 0xE0, 0x98, 0xAA, 0xBA, 0x0B, 0xBC,
  0xBB, 0x0D, 0x8B, 0xCB, 0x8B, 0x0C, 0x0C, 0x0C,
  0xB8, 0x80, 0x8C, 0xD0, 0x80, 0x80, 0x80, 0x8D,
  0x80, 0x80, 0x3E, 0x4B, 0x8B, 0x80, 0x80, 0x80,
  0x80, 0x80, 0x80, 0x80, 0x08, 0x80, 0x08, 0x80,
  0x08, 0x08, 0x08, 0x08, 0x70, 0x7B, 0x0B, 0x08,
  0x08, 0x08, 0x88, 0x80, 0x80, 0x80, 0x80, 0xF0,
  0xFF, 0x0F, 0x08, 0x08, 0x08, 0x08, 0x08, 0x3F,
  0x8F, 0x08, 0x08, 0x08, 0x08, 0x07, 0x80, 0x00,
  0x88, 0x00, 0x88, 0x00, 0x78, 0x84, 0x80, 0x00,
  0x08, 0x88, 0x37, 0x00, 0x08, 0x17, 0x80, 0x87,
  0x00, 0x48, 0x80, 0x80, 0x80, 0x80, 0x80, 0xF0,
  0x89, 0x8E, 0x8B, 0xCC, 0xB0, 0xBC, 0x0B, 0xCC,
  0xBA, 0xCB, 0xBB, 0x8B, 0xCC, 0x0B, 0xBC, 0xC0,
  0xC0, 0xB0, 0x80, 0x80, 0x68, 0x48, 0x38, 0x43,
  0x33, 0x64, 0x21, 0x14, 0x42, 0x41, 0x21, 0x41,
  0x12, 0x22, 0x32, 0x48, 0x08, 0x08, 0x08, 0x8D,
  0x8B, 0xCC, 0x0B, 0xBC, 0xBB, 0xBC, 0xBC, 0xCB,
  0x9E, 0x0A, 0xBA, 0xBA, 0xB8, 0xC8, 0xC8, 0x80,
  0xD0, 0x03, 0x08, 0x84, 0x04, 0x03, 0x04, 0x07,
  0x22, 0x32, 0x33, 0x03, 0x37, 0x82, 0x86, 0x84,
  0x21, 0x01, 0x22, 0x30, 0x83, 0x40, 0x80, 0x50,
  0x08, 0x08, 0x08, 0x08, 0x08, 0x9F, 0x80, 0x0D,
  0x88, 0x8C, 0x8C, 0xD0, 0x80, 0x8B, 0x8C, 0x0C,
  0xC8, 0x80, 0x0C, 0x0C, 0x08, 0x8C, 0xC0, 0x08,
  0x8C, 0x80, 0x0C, 0x88, 0x00, 0x0F, 0x08, 0x08,
  0x08, 0x08, 0x08, 0x08, 0x08, 0x08, 0x78, 0x84,
  0x80, 0x00, 0x08, 0x27, 0x08, 0x08, 0x78, 0x01,
  0x08, 0x78, 0x80, 0x40, 0x80, 0x08, 0x60, 0x08,
  0x08, 0x08, 0x08, 0x8F, 0x80, 0x8C, 0x0C, 0x0C,
  0xAC, 0x8B, 0xFB, 0xA8, 0xAA, 0xBB, 0xBB, 0xCC,
  0xBA, 0xB8, 0xBC, 0x0C, 0xAC, 0x8B, 0x8B, 0x80,
  0x8D, 0x00, 0x04, 0x58, 0x03, 0x34, 0x34, 0x26,
  0x42, 0x42, 0x23, 0x14, 0x34, 0x41, 0x13, 0x42,
  0x21, 0x21, 0x23, 0x30, 0x84, 0x30, 0x80, 0x80,
  0x0E, 0x08, 0x0D, 0xC8, 0xB0, 0xC8, 0xC0, 0x0B,
  0x0C, 0xAC, 0xB8, 0xC0, 0x8B, 0x8C, 0x8B, 0x0C,
  0x8C, 0x8B, 0x8C, 0x0C, 0x0C, 0x08, 0x8C, 0x8B,
  0x08, 0x8D, 0xD0, 0x80, 0x4B, 0x0C, 0x08, 0x08,
  0x08, 0x3D, 0x80, 0x80, 0x80, 0x80, 0x17, 0x08,
  0x05, 0x03, 0x80, 0x06, 0x03, 0x84, 0xB4, 0x84,
  0x03, 0x80, 0x85, 0x00, 0x08, 0x88, 0x00, 0x88,
  0x80, 0xF0, 0x0B, 0xF8, 0x08, 0x0D, 0x0C, 0x08,
  0x0C, 0x8B, 0x0C, 0x08, 0x0D, 0xC8, 0x80, 0x4B,
  0x8B, 0x80, 0x80, 0x08, 0x80, 0x78, 0x01, 0x68,
  0x30, 0x40, 0x30, 0x50, 0x48, 0x83, 0x34, 0x48,
  0x33, 0x48, 0x30, 0x04, 0x03, 0x04, 0x58, 0x08,
  0x08, 0x08, 0xE8, 0x80, 0x0C, 0x0C, 0xAC, 0xBB,
  0xC8, 0xCB, 0xBB, 0xCB, 0xFB, 0xC8, 0x99, 0xAA,
  0xA0, 0xBB, 0xCB, 0xB0, 0xC8, 0xC0, 0x80, 0x08,
  0x58, 0x30, 0x40, 0x84, 0x17, 0x12, 0x22, 0x25,
  0x23, 0x24, 0x42, 0x42, 0x21, 0x22, 0x22, 0x33,
  0x40, 0x03, 0x08, 0x04, 0x08, 0x0E, 0x08, 0x8C,
  0xC0, 0xB8, 0xC8, 0xB8, 0xD8, 0xC0, 0xB8, 0xC0,
  0xB8, 0xC8, 0x08, 0x8C, 0xD0, 0x80, 0xC0, 0x08,
  0x08, 0x8D, 0x80, 0x80, 0x80, 0x80, 0x00, 0x88,
  0x00, 0x88, 0x57, 0x3D, 0x80, 0x80, 0x80, 0x80,
  0x80, 0x80, 0x80, 0x80, 0x80, 0x80, 0xFF, 0x09,
  0x8F, 0x80, 0x8C, 0xD0, 0x80, 0x8B, 0x8C, 0xD0,
  0x80, 0x8B, 0x8C, 0x80, 0x0D, 0x0C, 0x08, 0x8C,
  0x80, 0x3C, 0x0C, 0x08, 0x08, 0x80, 0x87, 0x80,
  0x04, 0x03, 0x04, 0x84, 0x40, 0x83, 0x04, 0x03,
  0x04, 0x07, 0x82, 0x83, 0x03, 0x03, 0x44, 0x38,
  0x40, 0x08, 0x84, 0x84, 0x00, 0x03, 0x08, 0x60,
  0x80, 0x80, 0x8D, 0x80, 0x0D, 0x08, 0x0D, 0xAC,
  0xB8, 0x8B, 0xCC, 0xBB, 0xCB, 0xAC, 0xBB, 0xAF,
  0xA9, 0xBA, 0xAD, 0xA9, 0xAB, 0xBB, 0xBC, 0xCB,
  0x8A, 0xBC, 0xB0, 0xC8, 0x08, 0x58, 0x3B, 0x40,
  0x84, 0x24, 0x33, 0x34, 0x73, 0x12, 0x24, 0x41,
  0x32, 0x22, 0x15, 0x22, 0x22, 0x23, 0x24, 0x03,
  0x43, 0x30, 0x40, 0x80, 0x58, 0x80, 0x80, 0x80,
  0x80, 0x80, 0x80, 0x80, 0xAF, 0x08, 0x88, 0x9F,
  0x80, 0xF0, 0x80, 0xB8, 0x08, 0x88, 0x8E, 0x80,
  0xD0, 0x08, 0x08, 0xE8, 0x80, 0x80, 0x0D, 0x08,
  0x88, 0x0D, 0x88, 0x00, 0xF8, 0x80, 0x80, 0x80,
  0x80, 0x08, 0x8F, 0x08, 0x08, 0x08, 0x80, 0x08,
  0x08, 0x80, 0x08, 0x80, 0xF8, 0x8F, 0x86, 0x80,
  0xD0, 0x03, 0x08, 0x8D, 0x80, 0x80, 0x80, 0x80,
  0x80, 0x80, 0x3F, 0x0E, 0x08, 0x08, 0x0E, 0x08,
  0x88, 0x8C, 0x80, 0x8D, 0x80, 0x80, 0x0E, 0x08,
  0x08, 0x0E, 0x08, 0x08, 0x88, 0x80, 0x00, 0x3F,
  0x08, 0x08, 0x08, 0x07, 0x08, 0x08, 0x06, 0x88,
  0x00, 0x85, 0x00, 0x88, 0xB7, 0x80, 0x80, 0xD0,
  0xB3, 0x88, 0xD0, 0xC8, 0x80, 0xD0, 0xC0, 0xB0,
  0xC0, 0x0B, 0xBC, 0xC0, 0xC0, 0x80, 0x0B, 0x8C,
  0x80, 0x80, 0x80, 0x70, 0x48, 0x30, 0x48, 0x43,
  0x33, 0x64, 0x21, 0x42, 0x12, 0x23, 0x62, 0x12,
  0x22, 0x38, 0x33, 0x40, 0x08, 0x84, 0x80, 0x80,
  0x80, 0x80, 0xF0, 0x09, 0x8D, 0xC0, 0x80, 0x8C,
  0x8B, 0xD0, 0xC0, 0xB8, 0x80, 0x8C, 0xC0, 0x08,
  0x0D, 0xB8, 0x08, 0x8D, 0xC0, 0x08, 0xC8, 0x08,
  0xC8, 0x08, 0xD8, 0x08, 0xD8, 0x80, 0xD0, 0x80,
  0x8B, 0x80, 0x8D, 0x80, 0x0D, 0x08, 0x0D, 0x08,
  0x8C, 0x80, 0x8C, 0x80, 0x00, 0x88, 0x00, 0xF8,
  0x83, 0x0D, 0x48, 0x80, 0x80, 0x80, 0x07, 0x88,
  0x04, 0x48, 0x30, 0x80, 0x05, 0x03, 0x58, 0x30,
  0x40, 0x80, 0x85, 0x03, 0x84, 0x04, 0x88, 0x04,
  0x03, 0x04, 0x08, 0x85, 0x80, 0x85, 0x80, 0x04,
  0x08, 0x08, 0x05, 0x08, 0x08, 0x08, 0x08, 0x08,
  0x08, 0x88, 0xCF, 0x80, 0x8F, 0x8B, 0x8C, 0x8B,
  0x0D, 0xBC, 0x8B, 0xBC, 0xCB, 0xCB, 0xBB, 0xBC,
  0xBB, 0xBC, 0xBC, 0xCB, 0x0E, 0x8C, 0xA9, 0xA9,
  0xAB, 0xB8, 0xC0, 0xB8, 0x08, 0x08, 0x08, 0x78,
  0x40, 0x03, 0x07, 0x24, 0x41, 0x41, 0x13, 0x14,
  0x06, 0x12, 0x04, 0x03, 0x13, 0x14, 0x13, 0x12,
  0x32, 0x38, 0x03, 0x84, 0x80, 0x80, 0x80, 0xF0,
  0x08, 0x8C, 0xC0, 0x8B, 0x0C, 0x0C, 0xAC, 0xB8,
  0x0C, 0x8B, 0x0C, 0xBC, 0xC0, 0xC0, 0x80, 0x0B,
  0x8C, 0xC0, 0x08, 0x08, 0x8D, 0x80, 0xD0, 0x80,
  0x08, 0x80, 0x08, 0x80, 0x08, 0x80, 0x08, 0x80,
  0x08, 0x80, 0x08, 0x80, 0x80, 0x80, 0x80, 0x08,
  0x08, 0x08, 0x09, 0x00, 0x00, 0x00, 0xA7, 0xB7,
  0x78, 0x37, 0x80, 0x80, 0x80, 0x80, 0x80, 0x80,
  0x80, 0x80, 0x00, 0x08, 0x08, 0x08, 0x08, 0x08,
  0x09, 0x00, 0x00, 0x00, 0x00, 0x00, 0x00, 0x00,
  0x00, 0x00, 0x00, 0x00, 0x70, 0x77, 0x07, 0x08,
  0x08, 0x08, 0x80, 0x08, 0x80, 0xF0, 0x8F, 0x80,
  0xF0, 0x08, 0xC8, 0x08, 0x0D, 0x0C, 0x0B, 0x8C,
  0x0B, 0xBC, 0xC8, 0x8B, 0xDB, 0xC0, 0x8A, 0xCB,
  0x8A, 0xBC, 0xC0, 0xB0, 0xC8, 0xC0, 0x80, 0xC0,
  0x08, 0x08, 0x08, 0x88, 0x07, 0x03, 0x44, 0x78,
  0x10, 0x12, 0x15, 0x12, 0x42, 0x42, 0x21, 0x42,
  0x22, 0x31, 0x32, 0x43, 0x30, 0x48, 0x30, 0x80,
  0x50, 0xC0, 0xC3, 0x80, 0x80, 0x8C, 0x80, 0x0D,
  0xC8, 0x80, 0xD0, 0x80, 0xC0, 0x08, 0x08, 0xD8,
  0xB4, 0xC3, 0xB3, 0xB4, 0x83, 0x80, 0x00, 0x88,
  0x00, 0x88, 0x00, 0x88, 0x00, 0x08, 0x08, 0xFF,
  0x89, 0x80, 0x80, 0x9F, 0x08, 0x08, 0xF8, 0x88,
  0x80, 0x80, 0x8F, 0x80, 0x80, 0x80, 0x8E, 0x80,
  0x80, 0x80, 0x0F, 0x88, 0x80, 0x00, 0x88, 0x00,
  0x08, 0xAF, 0x08, 0x08, 0x08, 0x08, 0x08, 0x08,
  0xF8, 0xF3, 0x89, 0x80, 0x80, 0x08, 0x80, 0x08,
  0x80, 0x08, 0x80, 0x77, 0x81, 0x80, 0x00, 0x88,
  0x37, 0x08, 0x08, 0x17, 0x08, 0x08, 0x07, 0x08,
  0x84, 0x00, 0x88, 0x00, 0x08, 0x88, 0x00, 0x88,
  0x00, 0xF8, 0x0F, 0x8D, 0xC0, 0x08, 0xBC, 0x08,
  0xBD, 0xC0, 0xB0, 0x8C, 0xBB, 0xC8, 0x0C, 0xCB,
  0x0B, 0x0C, 0xAC, 0xB8, 0xB8, 0x88, 0x0D, 0x08,
  0x88, 0x80, 0x70, 0x00, 0x44, 0x02, 0x34, 0x33,
  0x34, 0x27, 0x21, 0x15, 0x21, 0x24, 0x21, 0x22,
  0x23, 0x24, 0x30, 0x30, 0x80, 0x86, 0x00, 0x88,
  0x8C, 0xD0, 0xB8, 0xC8, 0xC8, 0x0B, 0xBC, 0xBC,
  0xCB, 0xB0, 0xBC, 0xCB, 0x0B, 0xAC, 0x0C, 0x8B,
  0x8F, 0x89, 0x0A, 0x0B, 0x8B, 0x0C, 0xC8, 0x80,
  0x80, 0x0D, 0x48, 0x3B, 0x80, 0x80, 0x87, 0x03,
  0x03, 0x04, 0x84, 0x34, 0x83, 0x34, 0x84, 0x07,
  0x21, 0x01, 0x85, 0x02, 0x22, 0x02, 0x03, 0x03,
  0x85, 0x40, 0x08, 0x80, 0x85, 0x80, 0x00, 0x88,
  0x00, 0x8F, 0x08, 0xD8, 0x08, 0xD8, 0x80, 0x0C,
  0xC8, 0x80, 0x0C, 0x08, 0x0D, 0x08, 0x8C, 0x80,
  0x80, 0x8D, 0x80, 0x80, 0x80, 0x00, 0x88, 0x00,
  0x88, 0x00, 0x08, 0x77, 0x80, 0x80, 0x80, 0x80,
  0x80, 0x70, 0x03, 0x08, 0xF8, 0xD3, 0x08, 0xD8,
  0x80, 0xD0, 0x80, 0x8B, 0x8C, 0x0C, 0x0C, 0xAC,
  0xB8, 0x8B, 0xCC, 0x0B, 0xBC, 0xC0, 0x0B, 0x0C,
  0x8F, 0xA0, 0xA0, 0xA8, 0x08, 0x08, 0x08, 0x80,
  0x08, 0x07, 0x04, 0x43, 0x43, 0x48, 0x32, 0x73,
  0x12, 0x22, 0x23, 0x33, 0x34, 0x33, 0x34, 0x04,
  0x83, 0x04, 0x03, 0x08, 0x05, 0x88, 0x00, 0x88,
  0xF0, 0x88, 0x80, 0x0D, 0xC8, 0x08, 0x0D, 0x08,
  0x8C, 0xC0, 0x08, 0x08, 0xD8, 0x08, 0x08, 0x3D,
  0x0C, 0x08, 0x08, 0x08, 0x3F, 0x8B, 0x80, 0x80,
  0x80, 0x80, 0x3F, 0x8C, 0x80, 0x80, 0x3E, 0x8B,
  0x80, 0x80, 0x0F, 0x08, 0x08, 0x8D, 0x80, 0xD0,
  0x08, 0x08, 0x0D, 0x88, 0x0C, 0x08, 0x8D, 0x80,
  0x8C, 0x80, 0xE0, 0x80, 0x80, 0x8C, 0x80, 0x80,
  0x00, 0x08, 0x88, 0xF0, 0x03, 0x88, 0xB7, 0x04,
  0x08, 0xC4, 0x03, 0x08, 0x04, 0x08, 0x04, 0x08,
  0xB5, 0x84, 0x80, 0x85, 0x80, 0x04, 0x08, 0x08,
  0x05, 0x08, 0x88, 0x70, 0x08, 0x08, 0x58, 0x80,
  0x80, 0x50, 0x80, 0x80, 0x80, 0x80, 0x80, 0x08,
  0x80, 0xBF, 0x08, 0xF8, 0xD9, 0x80, 0x0C, 0x0C,
  0x0C, 0x8B, 0xCB, 0xB8, 0xC8, 0xB8, 0x0D, 0x0C,
  0xB8, 0x80, 0x8C, 0x80, 0x80, 0x80, 0x70, 0x80,
  0x35, 0x48, 0x48, 0x32, 0x43, 0x78, 0x10, 0x12,
  0x32, 0x32, 0x43, 0x48, 0x02, 0x83, 0x04, 0x48,
  0x80, 0x80, 0x80, 0x80, 0x80, 0x80, 0x9F, 0x08,
  0x8F, 0xC0, 0x80, 0x8B, 0xD0, 0x08, 0x8C, 0xC0,
  0x80, 0x8C, 0x00, 0xD8, 0x80, 0x80, 0x0D, 0x08,
  0x88, 0x0D, 0x88, 0x00, 0x08, 0x88, 0x00, 0x88,
  0x00, 0x88, 0x80, 0x80, 0x80, 0x77, 0x02, 0x08,
  0x80, 0x08, 0x80, 0x08, 0x77, 0x80, 0x80, 0x80,
  0x80, 0x80, 0x80, 0x80, 0xDF, 0x08, 0x08, 0x08,
  0xAF, 0x80, 0x8E, 0x80, 0x80, 0x0E, 0x08, 0x0D,
  0x08, 0x8C, 0x80, 0x8C, 0x80, 0x8C, 0x80, 0x80,
  0x0F, 0x08, 0x08, 0x3D, 0x0C, 0x08, 0x08, 0x08,
  0x08, 0x07, 0x08, 0x08, 0x05, 0x88, 0x05, 0x48,
  0x80, 0x04, 0x03, 0x04, 0xC4, 0x83, 0x84, 0x03,
  0xC3, 0x03, 0x08, 0x85, 0x80, 0xD0, 0xB3, 0xC4,
  0xB0, 0x80, 0xC8, 0xC0, 0x0C, 0xBB, 0xC8, 0x0B,
  0xCC, 0x8A, 0xBB, 0x8C, 0xCB, 0x8B, 0x8C, 0x8B,
  0x0C, 0x8C, 0x80, 0x80, 0x60, 0x08, 0x58, 0x38,
  0x40, 0x03, 0x34, 0x03, 0x44, 0x83, 0x34, 0x48,
  0x83, 0x84, 0x03, 0x04, 0x03, 0x08, 0x85, 0x00,
  0x88, 0x80, 0x00, 0x88, 0x00, 0x88, 0x00, 0x08,
  0x08, 0x08, 0x08, 0x88, 0x80, 0x77, 0x07, 0x80,
  0x80, 0x17, 0x80, 0x80, 0x07, 0x08, 0x08, 0x08,
  0x78, 0x80, 0x80, 0x80, 0x80, 0x80, 0x80, 0x80,
  0x80, 0x80, 0xF0, 0x0F, 0x08, 0x88, 0x00, 0x3F,
  0x0D, 0x08, 0x08, 0xD8, 0x08, 0x08, 0x08, 0x0F,
  0x08, 0x88, 0x8C, 0x80, 0x80, 0x80, 0xF0, 0x09,
  0x08, 0x08, 0x08, 0xF8, 0x09, 0x08, 0x08, 0x08,
  0x08, 0x08, 0x08, 0x08, 0x77, 0x08, 0x08, 0x08,
  0x08, 0x78, 0x82, 0x80, 0x80, 0x08, 0x17, 0x80,
  0x00, 0x78, 0x4B, 0x80, 0x80, 0x80, 0x80, 0x3F,
  0x80, 0x0D, 0x08, 0x3D, 0x8B, 0x0C, 0xC8, 0x80,
  0x0C, 0x0C, 0xAC, 0xB8, 0xCB, 0xB8, 0x8C, 0xCB,
  0x0C, 0xBB, 0xC8, 0x0B, 0xBC, 0xC8, 0xB8, 0xC8,
  0x80, 0x8C, 0x80, 0x80, 0x80, 0x80, 0x17, 0x84,
  0x04, 0x03, 0x17, 0x22, 0x32, 0x17, 0x12, 0x22,
  0x15, 0x22, 0x22, 0x16, 0x01, 0x04, 0x21, 0x82,
  0x83, 0x84, 0x03, 0x48, 0x3B, 0x80, 0x80, 0xF0,
  0x80, 0x80, 0x8C, 0x80, 0x0D, 0xC8, 0x80, 0x0C,
  0x08, 0x0D, 0x0C, 0xB8, 0x80, 0x80, 0x8D, 0x80,
  0xE0, 0x80, 0x80, 0x8C, 0x80, 0xE0, 0xB3, 0x08,
  0x08, 0x8D, 0x80, 0x80, 0xF0, 0x08, 0x80, 0xC8,
  0x08, 0x08, 0x3E, 0x0C, 0x08, 0xC8, 0x08, 0x80,
  0x8D, 0x80, 0xE0, 0x80, 0xC0, 0x08, 0x08, 0x8D,
  0x80, 0x80, 0x8D, 0x80, 0x00, 0x88, 0xF0, 0x88,
  0x50, 0x8B, 0x40, 0x80, 0x08, 0x80, 0x70, 0x08,
  0x08, 0x85, 0x40, 0x08, 0x84, 0x40, 0x80, 0x84,
  0x40, 0x08, 0x84, 0x40, 0x48, 0x80, 0x84, 0x30,
  0x80, 0x05, 0x48, 0x80, 0x08, 0x85, 0x80, 0x00,
  0x88, 0x00, 0x88, 0x00, 0xF8, 0x0B, 0xF8, 0xC8,
  0xC0, 0xC0, 0xB0, 0xB8, 0x8C, 0xCB, 0xB8, 0xBC,
  0xC8, 0xCB, 0x0B, 0xAC, 0x0C, 0xBB, 0x0C, 0x0C,
  0x8B, 0x8B, 0x8C, 0x00, 0x8D, 0x80, 0x50, 0x08,
  0x58, 0x38, 0x40, 0x30, 0x34, 0x40, 0x33, 0x40,
  0x34, 0x43, 0x38, 0x34, 0x48, 0x48, 0x02, 0x83,
  0x04, 0x03, 0x58, 0x80, 0x04, 0x08, 0x04, 0x08,
  0xC4, 0xB3, 0x84, 0x80, 0x00, 0x88, 0x00, 0x88,
  0x80, 0x00, 0xF8, 0xF3, 0x88, 0x80, 0x80, 0xF0,
  0xC3, 0x80, 0x80, 0x80, 0x4D, 0x8B, 0x80, 0x80,
  0x80, 0x8E, 0x80, 0x80, 0x80, 0x3F, 0x8B, 0x80,
  0x08, 0x80, 0x8F, 0x08, 0x08, 0x08, 0x80, 0xF8,
  0xD3, 0x80, 0x80, 0x80, 0x80, 0x80, 0x80, 0x80,
  0xBF, 0x00, 0x88, 0x80, 0x00, 0x88, 0x00, 0x88,
  0x00, 0x88, 0x80, 0x80, 0x80, 0x00, 0x08, 0x08,
  0x08, 0x00, 0x00, 0x00, 0x00, 0x70, 0x77, 0x07,
  0x08, 0x78, 0x81, 0x80, 0x80, 0x07, 0x08, 0x08,
  0x08, 0x78, 0x80, 0x80, 0x80, 0x80, 0x80, 0xF0,
  0x09, 0xE8, 0x08, 0xD0, 0x80, 0x0C, 0xB8, 0xC8,
  0xC8, 0x0B, 0x8C, 0x8B, 0xCC, 0xB0, 0xC8, 0x8B,
  0x0C, 0x0C, 0x0C, 0x0B, 0xC8, 0x08, 0x0C, 0x08,
  0x88, 0x00, 0x06, 0x48, 0x40, 0x48, 0x48, 0x32,
  0x30, 0x34, 0x34, 0x43, 0x38, 0x34, 0x43, 0x83,
  0x24, 0x84, 0x03, 0x48, 0x30, 0x80, 0x80, 0x80,
  0x08, 0x80, 0x80, 0xBF, 0xF0, 0xB8, 0x08, 0x8D,
  0x8B, 0x8C, 0x0C, 0x0C, 0x8B, 0x0C, 0x8C, 0x00,
  0x0D, 0x8B, 0x00, 0xD8, 0x80, 0x08, 0x80, 0x08,
  0x80, 0x08, 0x17, 0x00, 0x06, 0x08, 0x04, 0x04,
  0x08, 0x85, 0x84, 0x80, 0x04, 0x08, 0x04, 0x08,
  0x04, 0x08, 0x08, 0xB7, 0x03, 0x08, 0x08, 0x08,
  0xF8, 0x03, 0x3D, 0x8B, 0x80, 0x80, 0xF0, 0x80,
  0x08, 0x80, 0x8D, 0x80, 0x80, 0x80, 0xF0, 0x88,
  0x80, 0x80, 0x80, 0x80, 0x80, 0x80, 0x80, 0x80,
  0x80, 0x80, 0x80, 0x80, 0x80, 0x70, 0x7B, 0x27,
  0x78, 0x4B, 0x80, 0x08, 0x85, 0x80, 0x00, 0x88,
  0x00, 0x88, 0x17, 0x0D, 0x08, 0x08, 0x08, 0x8F,
  0xC0, 0x80, 0x8B, 0xD0, 0xB8, 0xC8, 0xB8, 0xD8,
  0xC0, 0x0B, 0x0C, 0xAC, 0xB8, 0x0C, 0x8B, 0x0C,
  0x0C, 0x0C, 0x8B, 0xC0, 0x08, 0x08, 0x80, 0x08,
  0x80, 0x07, 0x50, 0x48, 0x30, 0x43, 0x30, 0x34,
  0x34, 0x43, 0x33, 0x48, 0x43, 0x33, 0x48, 0x84,
  0x33, 0x40, 0x08, 0x84, 0x80, 0x85, 0x80, 0x80,
  0x80, 0x80, 0x80, 0x80, 0x9F, 0x08, 0xF8, 0x08,
  0xC8, 0x80, 0x08, 0x8D, 0x80, 0xE0, 0x80, 0xC0,
  0x08, 0xC8, 0x08, 0x08, 0x0E, 0x08, 0xC8, 0x08,
  0x08, 0x8D, 0x80, 0x0D, 0x08, 0x08, 0x0E, 0x08,
  0x8C, 0x80, 0x80, 0x8D, 0x80, 0x0D, 0x08, 0x08,
  0x0E, 0x08, 0x08, 0x08, 0x08, 0x08, 0x88, 0x00,
  0x88, 0x47, 0x80, 0x80, 0x17, 0x88, 0x86, 0x00,
  0x03, 0x80, 0x06, 0x88, 0x85, 0x80, 0x04, 0x08,
  0x04, 0x08, 0x85, 0x80, 0x80, 0x60, 0x08, 0x08,
  0x08, 0x06, 0x08, 0x88, 0x00, 0x06, 0x08, 0x08,
  0x88, 0x80, 0x17, 0x3D, 0x80, 0x80, 0x0D, 0x08,
  0x88, 0x00, 0x8F, 0x80, 0x8B, 0xD8, 0x80, 0x8C,
  0x0C, 0x0C, 0x0C, 0x8B, 0x8B, 0x8C, 0xDB, 0xC0,
  0x8A, 0x0B, 0x0D, 0x8B, 0x8B, 0x0C, 0x8C, 0x8B,
  0x08, 0x8D, 0x80, 0x80, 0x80, 0x80, 0x17, 0x58,
  0x30, 0x40, 0x03, 0x44, 0x83, 0x34, 0x33, 0x40,
  0x34, 0x43, 0x38, 0x84, 0x24, 0x30, 0x48, 0x80,
  0x04, 0x08, 0x04, 0x08, 0x08, 0x08, 0x08, 0xF8,
  0x09, 0x08, 0x8F, 0x80, 0x8B, 0x08, 0xF0, 0x08,
  0xC8, 0x80, 0x80, 0x8C, 0x80, 0x80, 0x80, 0x8F,
  0x08, 0x08, 0x80, 0x08, 0x80, 0x80, 0x08, 0x80,
  0x08, 0x80, 0x08, 0x80, 0x80, 0x80, 0x80, 0xB7,
  0xB7, 0xB7, 0x08, 0x80, 0x08, 0x80, 0x80, 0x80,
  0x80, 0x80, 0x08, 0xFF, 0x8F, 0x80, 0x8F, 0x00,
  0x0D, 0x08, 0xC8, 0x08, 0xD8, 0x80, 0xD0, 0x80,
  0xC0, 0x08, 0xC8, 0x08, 0x08, 0xE8, 0x80, 0x80,
  0x80, 0x80, 0x80, 0x80, 0x78, 0x02, 0x08, 0x07,
  0xB4, 0x03, 0x04, 0x84, 0x40, 0x08, 0x84, 0x84,
  0x03, 0x04, 0x48, 0x08, 0x84, 0x00, 0xC4, 0x03,
  0x08, 0x08, 0xE8, 0x80, 0x80, 0x0D, 0xC8, 0xC0,
  0xB8, 0xC0, 0xB8, 0xC8, 0x0C, 0xCB, 0xB8, 0x8B,
  0x8C, 0xBC, 0xC0, 0xB8, 0xC8, 0x08, 0x0D, 0x08,
  0x8C, 0x80, 0x80, 0x60, 0x08, 0x40, 0x48, 0x84,
  0x83, 0x34, 0x48, 0x33, 0x34, 0x48, 0x42, 0x32,
  0x30, 0x40, 0x84, 0x03, 0x84, 0x04, 0x08, 0x03,
  0x08, 0x80, 0x08, 0x80, 0x80, 0xF8, 0x8B, 0x00,
  0x9F, 0x08, 0xE8, 0x08, 0x08, 0x0E, 0x08, 0xC8,
  0x08, 0x08, 0x0E, 0x08, 0x08, 0x08, 0xF8, 0x80,
  0x80, 0x80, 0x80, 0x80, 0x80, 0x9F, 0x80, 0x80,
  0x80, 0x08, 0x80, 0xF8, 0xF3, 0xB3, 0x08, 0x88,
  0x00, 0x88, 0x70, 0x81, 0x80, 0xF0, 0x03, 0x88,
  0x00, 0x08, 0x88, 0x00, 0x88, 0x00, 0x88, 0x80,
  0x80, 0x80, 0x80, 0x00, 0x08, 0x08, 0x08, 0x08,
  0x08, 0x09, 0x00, 0x00, 0x00, 0x00, 0x00, 0x00,
  0x00, 0x00, 0x00, 0x00, 0x00, 0x00, 0x70, 0x7A,
  0x7B, 0x27, 0x3F, 0x0C, 0x48, 0x8B, 0x80, 0x80,
  0x00, 0x8F, 0x80, 0x8C, 0x80, 0x0D, 0xC8, 0x80,
  0x0C, 0xC8, 0xC0, 0xC0, 0x80, 0x0B, 0x8C, 0xC0,
  0xB8, 0xC8, 0x08, 0x0D, 0xB8, 0x08, 0xD8, 0x08,
  0xD8, 0x80, 0x80, 0x80, 0x80, 0x07, 0x08, 0x04,
  0x08, 0x35, 0x48, 0x30, 0x04, 0x43, 0x84, 0x33,
  0x34, 0x83, 0x34, 0x04, 0x33, 0x04, 0x03, 0x04,
  0x84, 0x84, 0x80, 0x04, 0x08, 0x08, 0x08, 0x08,
  0x08, 0x9F, 0x08, 0x08, 0xF8, 0x08, 0xD8, 0x80,
  0xD0, 0x80, 0x80, 0x8C, 0x80, 0xE0, 0x80, 0x80,
  0xD0, 0xC3, 0x80, 0x80, 0x80, 0x80, 0xF0, 0x83,
  0x8B, 0x08, 0x08, 0x80, 0x08, 0x80, 0x08, 0x80,
  0x08, 0x80, 0xF8, 0xF3, 0x0C, 0x08, 0x08, 0x88,
  0x00, 0x88, 0x00, 0x88, 0x00, 0x88, 0xF0, 0xF3,
  0x0F, 0x08, 0x08, 0x88, 0x00, 0x88, 0xAF, 0x08,
  0x08, 0x08, 0x88, 0x00, 0x88, 0x00, 0x88, 0x00,
  0x08, 0x08, 0x08, 0x88, 0x80, 0x77, 0x47, 0x80,
  0x17, 0x80, 0x60, 0x80, 0x80, 0x05, 0x08, 0x85,
  0x80, 0x50, 0x08, 0x08, 0x08, 0x08, 0x07, 0x08,
  0xD8, 0xB3, 0x08, 0x08, 0xE8, 0x08, 0xD8, 0xC0,
  0x80, 0xCB, 0xB8, 0xC8, 0xC8, 0x8B, 0xDB, 0x0B,
  0xBC, 0xC0, 0x0B, 0xBC, 0x0B, 0xBC, 0xC8, 0x8B,
  0xC0, 0xC8, 0x80, 0x0C, 0x08, 0x08, 0x08, 0x78,
  0x80, 0x34, 0x40, 0x48, 0x83, 0x34, 0x33, 0x44,
  0x38, 0x43, 0x33, 0x03, 0x44, 0x33, 0x03, 0x04,
  0x34, 0x80, 0x04, 0x84, 0x84, 0x80, 0x04, 0x08,
  0x08, 0x08, 0x80, 0x08, 0x80, 0x08, 0x80, 0xF8,
  0x8D, 0x80, 0x3F, 0x0C, 0x08, 0x08, 0x0E, 0x08,
  0x88, 0x8C, 0x80, 0x80, 0x0F, 0x08, 0x08, 0x08,
  0xF8, 0x80, 0x80, 0x80, 0x80, 0x3F, 0x8B, 0x80,
  0x80, 0x80, 0x80, 0x80, 0x80, 0x80, 0x80, 0xF0,
  0xF3, 0x0A, 0x80, 0x80, 0x08, 0x08, 0x80, 0xF8,
  0x0D, 0x08, 0x08, 0x08, 0x08, 0x08, 0x08, 0x08,
  0xFF, 0x08, 0x08, 0x08, 0x78, 0x0B, 0x08, 0x06,
  0x08, 0x08, 0x08, 0x08, 0x88, 0x27, 0x08, 0x08,
  0x78, 0x81, 0x08, 0x60, 0x80, 0x80, 0x80, 0x78,
  0x80, 0x80, 0x00, 0x88, 0x00, 0x88, 0x00, 0x88,
  0xF0, 0x0D, 0x08, 0x8F, 0xC0, 0x08, 0x8C, 0xC0,
  0xB8, 0xC8, 0xC8, 0xC0, 0xB0, 0xC8, 0xC0, 0xB8,
  0xC0, 0xB8, 0x08, 0x8D, 0xC0, 0x80, 0xC8, 0x80,
  0x80, 0x08, 0x80, 0x07, 0x80, 0x85, 0x04, 0x83,
  0x40, 0x34, 0x48, 0x38, 0x84, 0x84, 0x33, 0x40,
  0x08, 0x34, 0x80, 0x40, 0x80, 0x80, 0x80, 0x70,
  0x4B, 0x8B, 0x80, 0x80, 0x0E, 0x08, 0x0D, 0x08,
  0x0D, 0x08, 0xC8, 0x80, 0x80, 0x0D, 0x08, 0x08,
  0x08, 0x08, 0x08, 0x08, 0x27, 0x08, 0x80, 0x78,
  0x01, 0x08, 0x06, 0x08, 0x85, 0x80, 0x80, 0x86,
  0x80, 0x04, 0x08, 0x08, 0x08, 0x08, 0xB7, 0x84,
  0x80, 0x80, 0x80, 0x80, 0x00, 0x9F, 0x08, 0x08,
  0x08, 0x9F, 0x80, 0x00, 0xF8, 0x08, 0x08, 0xD8,
  0x08, 0x08, 0x80, 0x0F, 0x08, 0x08, 0x88, 0x00,
  0x88, 0x00, 0x88, 0x00, 0x88, 0x80, 0x80, 0x80,
  0x77, 0x02, 0x08, 0x80, 0x37, 0x08, 0x88, 0x70,
  0x01, 0x08, 0x80, 0x07, 0x00, 0x08, 0x88, 0x00,
  0x88, 0x00, 0x88, 0x00, 0x88, 0x00, 0xFF, 0x0A,
  0x08, 0x9F, 0x8D, 0xC0, 0xC0, 0xB8, 0xC0, 0xB8,
  0xC8, 0xB8, 0x0D, 0x0C, 0x8B, 0x8B, 0x8C, 0x8B,
  0x0D, 0x8C, 0xC0, 0x80, 0x80, 0x80, 0x80, 0x80,
  0x00, 0x17, 0x68, 0x38, 0x40, 0x03, 0x84, 0x34,
  0x83, 0x34, 0x04, 0x33, 0x40, 0x84, 0x24, 0x30,
  0x48, 0x30, 0x80, 0x05, 0x48, 0x80, 0x80, 0x80,
  0xB6, 0x08, 0x08, 0x08, 0x08, 0x8F, 0x08, 0xD8,
  0x08, 0x80, 0x8D, 0xD0, 0x80, 0x80, 0x8C, 0x80,
  0x0D, 0x08, 0x0D, 0x08, 0x8C, 0x80, 0x8C, 0x80,
  0x00, 0x0F, 0x08, 0x0C, 0x08, 0x8C, 0x80, 0x80,
  0x3D, 0x0C, 0x08, 0x08, 0x08, 0x08, 0x08, 0x08,
  0xB7, 0x06, 0x88, 0x00, 0xC5, 0x03, 0x08, 0x04,
  0x08, 0x88, 0x87, 0x80, 0x80, 0x85, 0x80, 0x80,
  0x05, 0x08, 0x08, 0x68, 0x80, 0x80, 0x80, 0x80,
  0x07, 0x08, 0x08, 0x08, 0x08, 0x08, 0x08, 0x08,
  0x78, 0x84, 0x80, 0x00, 0x08, 0x88, 0x00, 0x57,
  0x08, 0x08, 0x08, 0x08, 0x08, 0x08, 0x08, 0x88,
  0x00, 0x88, 0x80, 0xF0, 0xEF, 0xE8, 0x08, 0x0D,
  0xB8, 0xC8, 0xC8, 0xC0, 0xB0, 0xC8, 0xB8, 0x8C,
  0x8B, 0x0C, 0x8C, 0x8B, 0x8C, 0x0C, 0x08, 0x0D,
  0xB8, 0x08, 0x88, 0x00, 0x88, 0x00, 0x17, 0x80,
  0x87, 0x40, 0x83, 0x03, 0x44, 0x48, 0x38, 0x03,
  0x34, 0x30, 0x50, 0x48, 0x83, 0x04, 0x38, 0x00,
  0x04, 0x08, 0x05, 0x08, 0x08, 0x08, 0x08, 0x08,
  0x08, 0x08, 0x08, 0xF8, 0x0F, 0x08, 0x08, 0x08,
  0xF8, 0x09, 0x08, 0x08, 0x08, 0x88, 0x00, 0x88,
  0x00, 0x88, 0x00, 0xF8, 0xF3, 0x0D, 0xB6, 0x08,
  0x08, 0x88, 0x00, 0x88, 0x00, 0x88, 0x00, 0x88,
  0x00, 0x88, 0xFF, 0x0A, 0x08, 0x08, 0xAF, 0x80,
  0xF8, 0x08, 0x08, 0x0E, 0x08, 0x8C, 0x80, 0x8C,
  0x80, 0x0D, 0x08, 0xD8, 0x80, 0x80, 0x0D, 0x08,
  0x08, 0x08, 0x3F, 0x8B, 0xB4, 0xB3, 0x84, 0x80,
  0x80, 0x70, 0x08, 0x08, 0x04, 0x84, 0x40, 0x08,
  0x84, 0x84, 0x84, 0x30, 0x08, 0x04, 0x84, 0x40,
  0x08, 0x84, 0x80, 0x80, 0x86, 0x80, 0x80, 0x80,
  0xF0, 0x80, 0x80, 0x8C, 0x0C, 0xC8, 0x80, 0xBC,
  0xD0, 0x80, 0xBB, 0xC8, 0xC8, 0x0B, 0x0D, 0x8B,
  0x8B, 0x0C, 0x8C, 0x8B, 0x8C, 0x80, 0x0D, 0x08,
  0x08, 0x08, 0x08, 0x08, 0x78, 0x01, 0x06, 0x03,
  0x84, 0x04, 0x03, 0x44, 0x48, 0x02, 0x33, 0x40,
  0x40, 0x48, 0x48, 0x38, 0x80, 0x04, 0x48, 0x08,
  0xB4, 0x03, 0x08, 0x08, 0x08, 0x80, 0x08, 0xAF,
  0x80, 0x08, 0x8F, 0x88, 0x00, 0x8F, 0x80, 0x80,
  0x8C, 0x80, 0x80, 0xF0, 0x08, 0x08, 0x08, 0x08,
  0x88, 0xF0, 0x09, 0x08, 0x88, 0x00, 0x08, 0x88,
  0x00, 0x88, 0x00, 0x88, 0x70, 0x27, 0x80, 0x80,
  0x80, 0x00, 0x88, 0x00, 0x88, 0x00, 0x08, 0x08,
  0x08, 0x88, 0x80, 0x80, 0xF0, 0xF2, 0x03, 0xFF,
  0x8B, 0x80, 0x80, 0x80, 0x80, 0x80, 0x80, 0x80,
  0x80, 0x08, 0xF8, 0xFF, 0x88, 0x80, 0x80, 0x80,
  0x3F, 0x0F, 0x08, 0x08, 0x08, 0x08, 0x08, 0x08,
  0x08, 0x08, 0x88, 0x80, 0x80, 0x80, 0x80, 0x00,
  0x08, 0x08, 0x3F, 0xFF, 0x8B, 0x80, 0xAF, 0x80,
  0x80, 0x9F, 0x00, 0xE8, 0x08, 0xD0, 0x80, 0xD0,
  0x80, 0xC0, 0x80, 0xC0, 0x08, 0xC8, 0x08, 0xC8,
  0xB4, 0x88, 0x80, 0xE0, 0xB3, 0x08, 0xC4, 0x84,
  0x80, 0x30, 0x00, 0x85, 0x04, 0x48, 0x84, 0x83,
  0x04, 0x33, 0x40, 0x40, 0x83, 0x04, 0x03, 0x04,
  0x84, 0x40, 0x08, 0x58, 0x3B, 0x80, 0x80, 0x80,
  0x08, 0x08, 0x80, 0x08, 0x80, 0xF8, 0x8D, 0x80,
  0xF0, 0x09, 0x08, 0x08, 0xF8, 0x08, 0x08, 0x08,
  0x08, 0x8F, 0x08, 0x08, 0x08, 0x08, 0x08, 0x08,
  0x08, 0xCF, 0xB6, 0x08, 0x08, 0x08, 0x08, 0x08,
  0x08, 0x08, 0x08, 0x08, 0x08, 0x08, 0x88, 0xF0,
  0xCF, 0x08, 0x08, 0x80, 0x08, 0xF0, 0xF3, 0x09,
  0x08, 0x08, 0x08, 0x80, 0x08, 0x80, 0x08, 0x80,
  0x08, 0x80, 0x08, 0x08, 0x08, 0x08, 0x80, 0x80,
  0x80, 0x00, 0x00, 0x00, 0x77, 0x77, 0x80, 0x80,
  0x17, 0x08, 0x68, 0x80, 0x80, 0x05, 0x88, 0x85,
  0x80, 0x00, 0x04, 0x08, 0x08, 0x08, 0x08, 0x08,
  0x3F, 0x8E, 0x00, 0x0D, 0xC8, 0xB0, 0x08, 0x0D,
  0xAC, 0xB8, 0xC0, 0x0C, 0x0B, 0xBC, 0x8B, 0x0C,
  0xBC, 0x0B, 0x8C, 0x8B, 0x8C, 0x0C, 0x0C, 0x8B,
  0x0C, 0x88, 0x00, 0x0E, 0x88, 0x04, 0x08, 0x04,
  0x58, 0x38, 0x40, 0x03, 0x34, 0x84, 0x43, 0x33,
  0x53, 0x38, 0x43, 0x83, 0x34, 0x83, 0x04, 0x03,
  0x44, 0x08, 0x03, 0x08, 0x05, 0x08, 0x08, 0x08,
  0x08, 0x08, 0x08, 0x08, 0x08, 0xEF, 0x80, 0x80,
  0x8F, 0x80, 0x80, 0x0D, 0x88, 0x00, 0x88, 0x0F,
  0x08, 0x88, 0x00, 0x8F, 0x80, 0x80, 0x00, 0x88,
  0x00, 0x88, 0x00, 0x88, 0x00, 0x08, 0x08, 0xFF,
  0x89, 0x80, 0x80, 0x00, 0x88, 0x00, 0x08, 0x08,
  0x08, 0xFF, 0x8A, 0x80, 0x08, 0x80, 0x08, 0x80,
  0x08, 0xF0, 0xF3, 0x8C, 0x80, 0x00, 0x08, 0x88,
  0x00, 0x88, 0x00, 0x88, 0xF0, 0xAF, 0x08, 0x78,
  0x01, 0x80, 0x80, 0x08, 0x08, 0x70, 0x03, 0x88,
  0x70, 0x01, 0x80, 0x07, 0x08, 0x08, 0x68, 0x80,
  0x80, 0x80, 0x08, 0x80, 0x08, 0x80, 0x08, 0x80,
  0x08, 0xF0, 0x9F, 0xF0, 0x80, 0x8B, 0xD0, 0x08,
  0x8C, 0x8B, 0xD0, 0xB8, 0xC8, 0xC8, 0xC0, 0x80,
  0x8B, 0x8C, 0x0C, 0xC8, 0x80, 0x0C, 0x08, 0x08,
  0x0E, 0x08, 0x08, 0x08, 0x86, 0x80, 0x85, 0x30,
  0x80, 0x05, 0x48, 0x30, 0x40, 0x80, 0x85, 0x03,
  0x58, 0x08, 0x48, 0x80, 0x40, 0x80, 0x80, 0x60,
  0x08, 0x08, 0x08, 0x08, 0x08, 0x80, 0x80, 0x08,
  0x80, 0x08, 0x80, 0x08, 0x80, 0x80, 0xB7, 0x77,
  0x00, 0x08, 0x80, 0x17, 0x08, 0x08, 0x07, 0x08,
  0x08, 0x05, 0x08, 0x88, 0x00, 0x88, 0xB7, 0xB5,
  0xB3, 0xC3, 0x80, 0x80, 0x80, 0x08, 0x80, 0x08,
  0x80, 0xBF, 0x08, 0x08, 0x08, 0x08, 0x08, 0x08,
  0x3F, 0xAF, 0x08, 0x08, 0x80, 0x08, 0xF0, 0x8B,
  0x08, 0x08, 0x08, 0x80, 0xDF, 0x80, 0x80, 0x80,
  0x80, 0x80, 0x08, 0x80, 0x80, 0x80, 0xB7, 0x47,
  0x08, 0x80, 0x07, 0x00, 0x08, 0x06, 0x08, 0x08,
  0x78, 0x08, 0x08, 0x08, 0x78, 0x08, 0x08, 0x08,
  0x08, 0x08, 0x08, 0x9F, 0x80, 0x00, 0x8F, 0x80,
  0x8B, 0xD8, 0xC0, 0x08, 0x8C, 0x8B, 0x8C, 0x0C,
  0x0C, 0xB8, 0xC8, 0xC8, 0xC0, 0x80, 0x0C, 0x8B,
  0xD0, 0x80, 0xC0, 0x08, 0x08, 0x08, 0x08, 0x08,
  0x08, 0x17, 0x80, 0x87, 0x84, 0x30, 0x03, 0x04,
  0x34, 0x40, 0x48, 0x83, 0x84, 0x03, 0x34, 0x40,
  0x48, 0x08, 0x03, 0x58, 0x80, 0x80, 0x80, 0x60,
  0x80, 0x8C, 0x80, 0x80, 0x80, 0x0F, 0x88, 0x0C,
  0x08, 0xD8, 0x08, 0x0D, 0x08, 0x8C, 0x80, 0x8C,
  0x80, 0x80, 0x0E, 0x08, 0x0D, 0x08, 0x08, 0x3D,
  0x0C, 0x08, 0x08, 0x08, 0x08, 0x80, 0x08, 0x08,
  0x80, 0x08, 0x80, 0x08, 0x77, 0x81, 0x00, 0x88,
  0x27, 0x08, 0x08, 0xB7, 0x84, 0x80, 0xB5, 0x03,
  0x08, 0x08, 0x78, 0x08, 0x08, 0x08, 0x80, 0x80,
  0x08, 0x80, 0x08, 0x80, 0x08, 0x08, 0x08, 0x08,
  0x08, 0x80, 0x80, 0x80, 0x80, 0x70, 0x77, 0x05,
  0x08, 0x08, 0x78, 0x83, 0x80, 0x80, 0x80, 0x70,
  0x03, 0x08, 0x88, 0x00, 0x88, 0x00, 0x88, 0x00,
  0x88, 0x80, 0xFF, 0x8D, 0xF0, 0x88, 0xD0, 0x80,
  0x0C, 0x8C, 0xC0, 0xB0, 0x08, 0x0D, 0x0C, 0x8B,
  0x8B, 0x0C, 0x8C, 0x8B, 0xC8, 0x08, 0x8D, 0xC0,
  0x08, 0x08, 0x0D, 0x88, 0x00, 0x88, 0x00, 0x07,
  0x08, 0x85, 0x84, 0x40, 0x38, 0x40, 0x48, 0x48,
  0x02, 0x83, 0x04, 0x03, 0x04, 0x84, 0x40, 0x08,
  0x84, 0x80, 0x85, 0x80, 0x80, 0x00, 0x86, 0x80,
  0x80, 0x80, 0x80, 0x80, 0x80, 0x80, 0x80, 0x80,
  0x80, 0x80, 0x80, 0x80, 0x80, 0x80, 0x00, 0x3F,
  0xFF, 0x8C, 0x00, 0x88, 0x00, 0x88, 0xDF, 0x80,
  0x80, 0x80, 0x80, 0xAF, 0x80, 0x80, 0x80, 0x9F,
  0x08, 0x3F, 0x8B, 0x80, 0x08, 0x8E, 0x00, 0x0D,
  0x08, 0xC8, 0x08, 0x08, 0x0E, 0x08, 0x88, 0xD0,
  0x08, 0x08, 0x08, 0x08, 0xF8, 0x88, 0x80, 0x06,
  0x08, 0x88, 0x00, 0x88, 0x70, 0x81, 0x08, 0x06,
  0x88, 0x85, 0x00, 0x03, 0x85, 0x80, 0x85, 0x84,
  0x30, 0x08, 0x04, 0x08, 0x85, 0x80, 0x85, 0x80,
  0x04, 0x08, 0x08, 0x08, 0x08, 0x08, 0x08, 0xAF,
  0x08, 0xF8, 0x08, 0xD8, 0x80, 0x0C, 0x0C, 0x0C,
  0x8B, 0x8B, 0xD0, 0x8B, 0xD0, 0x0B, 0xC8, 0x0B,
  0xC8, 0xC8, 0xC0, 0x80, 0x8B, 0x80, 0x8D, 0x80,
  0x80, 0x80, 0x80, 0x80, 0x80, 0x37, 0x78, 0x80,
  0x04, 0x03, 0x04, 0x34, 0x48, 0x30, 0x40, 0x40,
  0x48, 0x38, 0x00, 0x84, 0x04, 0x08, 0x04, 0x08,
  0x08, 0x78, 0x08, 0x80, 0x80, 0x08, 0x08, 0x80,
  0xF8, 0x89, 0x80, 0x80, 0x80, 0x80, 0xAF, 0x88,
  0x00, 0x08, 0x88, 0x00, 0x88, 0x00, 0xFF, 0x09,
  0x80, 0x80, 0x80, 0x08, 0x80, 0x08, 0x08, 0x08,
  0x08, 0x08, 0x80, 0x80, 0x80, 0x80, 0x80, 0x90,
  0x77, 0x8C, 0x70, 0x17, 0x08, 0x08, 0x08, 0xF0,
  0xF3, 0x80, 0x08, 0x08, 0x80, 0x80, 0x08, 0x3F,
  0x0D, 0x08, 0x88, 0x0D, 0x88, 0x00, 0x08, 0x8F,
  0x80, 0x80, 0x3D, 0x0C, 0x08, 0x08, 0x08, 0x08,
  0x3F, 0x3C, 0x8B, 0x80, 0x08, 0x87, 0x80, 0x80,
  0x80, 0x00, 0x08, 0x88, 0x00, 0x78, 0x03, 0x08,
  0x08, 0x27, 0x08, 0x08, 0x08, 0x08, 0x80, 0x08,
  0x80, 0xF8, 0xF3, 0xF3, 0x80, 0xC0, 0x08, 0xC8,
  0x08, 0x0D, 0xB8, 0x08, 0x8D, 0xC0, 0x08, 0x8C,
  0x8B, 0x80, 0x0D, 0x08, 0xE8, 0x80, 0x80, 0x80,
  0x80, 0x70, 0x80, 0x40, 0x08, 0x04, 0x84, 0x84,
  0x84, 0x30, 0x48, 0x30, 0x40, 0x40, 0x48, 0x08,
  0x48, 0x30, 0x80, 0x50, 0x80, 0x80, 0x86, 0x80,
  0x80, 0x80, 0x80, 0x00, 0x88, 0x00, 0x88, 0x00,
  0x08, 0x08, 0xF8, 0xAF, 0x80, 0x80, 0x80, 0x80,
  0xCF, 0x80, 0x80, 0x80, 0x80, 0x80, 0x80, 0x80,
  0xFF, 0xB5, 0x88, 0x80, 0x00, 0x88, 0x00, 0x08,
  0x88, 0x00, 0x88, 0x00, 0x88, 0x00, 0xF8, 0xCF,
  0x08, 0x80, 0x08, 0x80, 0x08, 0x80, 0x08, 0x80,
  0xF8, 0x03, 0xFF, 0x80, 0x80, 0x08, 0x80, 0x08,
  0x80, 0x08, 0x80, 0x80, 0x80, 0x80, 0x80, 0x08,
  0x77, 0x07, 0x08, 0x08, 0x07, 0x80, 0x80, 0x07,
  0x88, 0x00, 0x58, 0x80, 0x80, 0x80, 0x80, 0x80,
  0x80, 0x80, 0xB7, 0xB7, 0x80, 0x80, 0x08, 0x80,
  0x80, 0x9F, 0x80, 0x8E, 0x00, 0x0D, 0x0C, 0x8B,
  0x8B, 0x8C, 0x8B, 0x0D, 0x8C, 0xBB, 0x8C, 0xC0,
  0x8B, 0x0C, 0x0C, 0x0C, 0x8B, 0xC0, 0x08, 0xD0,
  0x80, 0x08, 0x80, 0x08, 0x70, 0x08, 0x40, 0x08,
  0x04, 0x84, 0x34, 0x48, 0x83, 0x84, 0x43, 0x83,
  0x84, 0x24, 0x03, 0x03, 0x04, 0x84, 0x84, 0x30,
  0x80, 0x05, 0x08, 0x04, 0x08, 0x08, 0x88, 0x00,
  0x88, 0x00, 0x88, 0x00, 0x08, 0x08, 0xFF, 0x89,
  0x80, 0x80, 0x9F, 0x08, 0x08, 0x08, 0x08, 0x08,
  0xF8, 0xF3, 0x88, 0x00, 0x88, 0x00, 0x88, 0x80,
  0x00, 0x88, 0x00, 0x88, 0x00, 0x88, 0x80, 0x80,
  0x80, 0x00, 0x08, 0x08, 0xFF, 0xF4, 0x0F, 0x08,
  0x08, 0x08, 0xF8, 0x09, 0x08, 0x08, 0x08, 0xF8,
  0x89, 0x80, 0x08, 0x80, 0x80, 0x08, 0x80, 0x3F,
  0x9F, 0x50, 0x3C, 0x4B, 0x3B, 0x08, 0x80, 0x08,
  0x80, 0x80, 0x08, 0x80, 0x37, 0x80, 0x80, 0x70,
  0x82, 0x80, 0x80, 0x17, 0x80, 0x80, 0x07, 0x08,
  0x08, 0x05, 0x08, 0x08, 0x08, 0x88, 0x00, 0x88,
  0x00, 0x88, 0xDF, 0x08, 0xF8, 0x08, 0x0D, 0xC8,
  0xB0, 0xC8, 0xC0, 0xC0, 0x80, 0x0B, 0x8C, 0x8B,
  0x8C, 0x0C, 0x0C, 0xC8, 0x80, 0x8B, 0x80, 0x8D,
  0x00, 0x88, 0x80, 0x3F, 0x80, 0x80, 0x80, 0x87,
  0x00, 0x03, 0x50, 0x08, 0x04, 0x58, 0x48, 0x08,
  0x48, 0x38, 0x00, 0x58, 0x08, 0x58, 0x08, 0x08,
  0x04, 0x08, 0x08, 0x86, 0x00, 0x88, 0x00, 0x88,
  0x07, 0x80, 0x80, 0x80, 0x80, 0x80, 0x80, 0x37,
  0x08, 0x08, 0x08, 0x08, 0x08, 0x08, 0x08, 0x08,
  0x08, 0x08, 0x08, 0x08, 0x08, 0x08, 0x08, 0x08,
  0x00, 0x00, 0x00, 0x00, 0x00, 0xFF, 0xFF, 0x08,
  0x08, 0x08, 0x08, 0x88, 0x00, 0x08, 0x08, 0x08,
  0xFF, 0x8A, 0x80, 0x08, 0x80, 0x08, 0x80, 0x08,
  0x80, 0x08, 0x08, 0x08, 0x08, 0x80, 0x80, 0xF0,
  0x03, 0x88, 0x80, 0x80, 0x90, 0x00, 0x00, 0x00,
  0xA7, 0x78, 0x7B, 0x37, 0x80, 0x80, 0x80, 0x80,
  0x80, 0x80, 0x80, 0x80, 0x80, 0x80, 0x80, 0x80,
  0x80, 0x80, 0x00, 0x00, 0x00, 0x00, 0x00, 0x00,
  0xFF, 0xFF, 0x08, 0x08, 0x08, 0x08, 0xF8, 0x8B,
  0x70, 0x8B, 0x80, 0x80, 0x80, 0x80, 0xF0, 0x0A,
  0x88, 0x00, 0x3F, 0xD8, 0x08, 0x08, 0xE8, 0x80,
  0xD0, 0xB0, 0x88, 0x80, 0x80, 0x00, 0x78, 0x0B,
  0x04, 0x08, 0x08, 0x08, 0xF8, 0x88, 0x80, 0x80,
  0x80, 0x70, 0x26, 0x83, 0x8B, 0x80, 0xE0, 0x0B,
  0x08, 0x8C, 0x80, 0xBD, 0xB8, 0xBD, 0x0B, 0x8C,
  0x8B, 0xC8, 0xBC, 0xC8, 0xCB, 0xBB, 0xCB, 0xCB,
  0x83, 0x8B, 0x8C, 0xFC, 0x8F, 0x77, 0x35, 0x12,
  0x00, 0x08, 0x80, 0x88, 0x88, 0x08, 0x08, 0x08,
  0x12, 0xA2, 0xEB, 0xBC, 0xBB, 0xBA, 0xCA, 0xBA,
  0xBB, 0xBB, 0xBC, 0xAB, 0xA9, 0xA9, 0xAA, 0xB8,
  0xCB, 0xB0, 0x08, 0x08, 0x88, 0x00, 0x88, 0x9F,
  0x80, 0x80, 0x80, 0x80, 0xF0, 0x8A, 0x80, 0x00,
  0x08, 0x88, 0x00, 0x88, 0x00, 0x88, 0x00, 0x08,
  0x08, 0x08, 0x88, 0x80, 0x77, 0x47, 0x80, 0x80,
  0x70, 0x02, 0x8F, 0x80, 0x85, 0x80, 0x0C, 0x3C,
  0x30, 0x04, 0x08, 0x0D, 0x0C, 0x8B, 0x00, 0x84,
  0xB4, 0x80, 0x8C, 0x80, 0x05, 0x08, 0x84, 0x00,
  0x88, 0x0E, 0x08, 0x08, 0x08, 0x06, 0x08, 0x08,
  0x08, 0x08, 0x08, 0x08, 0xBF, 0x8E, 0x0C, 0x08,
  0x08, 0x08, 0x0F, 0xC8, 0x80, 0x80, 0x85, 0x80,
  0x80, 0x00, 0x78, 0x08, 0x43, 0xC0, 0x80, 0x80,
  0x80, 0xE0, 0x48, 0x33, 0xB3, 0xD8, 0x43, 0x33,
  0xC8, 0xC0, 0x33, 0x27, 0x08, 0xAA, 0x8B, 0x54,
  0x14, 0x89, 0xBC, 0x0A, 0x52, 0x43, 0xB1, 0xDC,
  0x8A, 0x38, 0x44, 0x12, 0xB1, 0xBB, 0x9E, 0x88,
  0x51, 0x33, 0x23, 0x01, 0xCA, 0xFB, 0xCB, 0x99,
  0x30, 0x64, 0x33, 0x43, 0x02, 0x98, 0xBB, 0xBE,
  0xEB, 0xBA, 0xBB, 0xBA, 0xAA, 0xBB, 0xDC, 0xAA,
  0xBA, 0x9B, 0x9A, 0x99, 0xA2, 0x80, 0xB0, 0x80,
  0x70, 0x52, 0x54, 0x53, 0x32, 0x23, 0x33, 0x10,
  0x91, 0xA9, 0xA9, 0xA0, 0x32, 0x72, 0x53, 0x24,
  0x53, 0x33, 0x34, 0x34, 0x43, 0x32, 0x25, 0x32,
  0x42, 0x22, 0x22, 0x03, 0x13, 0x01, 0xA8, 0xDA,
  0xC9, 0xBB, 0xAE, 0xCA, 0xB9, 0xBB, 0xAD, 0xAB,
  0xBB, 0xCB, 0x9B, 0xBC, 0x99, 0xDA, 0xA9, 0xA9,
  0xAA, 0xBB, 0x0B, 0x8C, 0xCB, 0x08, 0x08, 0x08,
  0x80, 0xF8, 0x08, 0x08, 0x08, 0x08, 0x08, 0x9F,
  0x08, 0xE8, 0x03, 0xC8, 0x58, 0x8B, 0x80, 0x8C,
  0x00, 0x88, 0xF0, 0x83, 0x00, 0x88, 0x00, 0x06,
  0x08, 0xC4, 0xB4, 0x80, 0x80, 0x08, 0x80, 0x87,
  0x80, 0x04, 0x08, 0x04, 0x08, 0x85, 0x80, 0x80,
  0x60, 0x3B, 0x80, 0x80, 0xF0, 0xB3, 0x03, 0x08,
  0x08, 0x08, 0x88, 0x00, 0x88, 0xBF, 0xF8, 0x08,
  0x08, 0x0E, 0x0C, 0x08, 0x3C, 0x30, 0x80, 0x0D,
  0x08, 0x08, 0x68, 0x80, 0x80, 0x0D, 0x08, 0x88,
  0x60, 0x80, 0x80, 0x08, 0x8E, 0x00, 0x88, 0x60,
  0x80, 0x80, 0x0D, 0x8C, 0x00, 0x88, 0x50, 0x84,
  0x84, 0x80, 0x8B, 0x80, 0x78, 0x38, 0x30, 0x34,
  0x40, 0x08, 0xC8, 0xC0, 0x0C, 0x48, 0x38, 0x73,
  0x12, 0x02, 0x08, 0xB8, 0xBC, 0xBB, 0x8C, 0x80,
  0x50, 0x43, 0x33, 0x03, 0x44, 0x38, 0x04, 0x33,
  0x34, 0x40, 0x08, 0xBC, 0xCF, 0xDA, 0xBB, 0xCC,
  0xBB, 0xDB, 0xBB, 0xBB, 0xAD, 0xBA, 0xBC, 0xB9,
  0xAB, 0xAA, 0xA9, 0x89, 0x80, 0x83, 0x34, 0x73,
  0x12, 0x24, 0x23, 0x22, 0x33, 0x43, 0x63, 0x10,
  0x15, 0x32, 0x52, 0x31, 0x34, 0x63, 0x32, 0x34,
  0x53, 0x33, 0x53, 0x33, 0x33, 0x25, 0x33, 0x43,
  0x31, 0x32, 0x22, 0x21, 0x01, 0x08, 0xB8, 0xC0,
  0xCB, 0xFB, 0x99, 0x9C, 0xAC, 0xBA, 0xAB, 0x9D,
  0xCB, 0xC9, 0xB9, 0x99, 0x0D, 0xAB, 0xA9, 0xAA,
  0xBB, 0x0B, 0xBC, 0x0C, 0x0C, 0x8B, 0x8B, 0x8C,
  0x8B, 0x08, 0x8E, 0x00, 0x08, 0x88, 0x00, 0x88,
  0x80, 0xAF, 0x80, 0x80, 0x8F, 0x08, 0x08, 0x08,
  0x88, 0x80, 0x70, 0x83, 0x80, 0x08, 0x70, 0x82,
  0x80, 0x80, 0x80, 0x80, 0x80, 0xDF, 0x80, 0x80,
  0x80, 0x17, 0x0D, 0x08, 0x08, 0x88, 0x00, 0x88,
  0x80, 0x00, 0x88, 0x00, 0x88, 0xB7, 0x37, 0x08,
  0x08, 0x08, 0x08, 0x08, 0x08, 0x08, 0x88, 0xFF,
  0x0A, 0x08, 0x08, 0x80, 0x08, 0x3F, 0x9F, 0x00,
  0x0E, 0x88, 0x00, 0x88, 0x00, 0x3F, 0xC8, 0x80,
  0x80, 0x80, 0x0E, 0x48, 0x80, 0x80, 0x08, 0x80,
  0x08, 0x9F, 0xB5, 0x03, 0x08, 0x85, 0x84, 0x40,
  0x08, 0x48, 0xC0, 0x83, 0x80, 0x85, 0x84, 0x83,
  0x04, 0x48, 0x08, 0x03, 0x58, 0x80, 0x80, 0x80,
  0x80, 0x08, 0x9F, 0x00, 0x08, 0x88, 0x70, 0x41,
  0x48, 0x30, 0x40, 0x40, 0x08, 0x84, 0x80, 0x80,
  0x8D, 0xBC, 0xCB, 0xFB, 0xAC, 0xCB, 0xAC, 0xAC,
  0xCB, 0xBB, 0xDA, 0xB9, 0xAB, 0xAC, 0xB9, 0x9B,
  0xA9, 0xBA, 0x8A, 0x0B, 0x8C, 0x80, 0x80, 0x86,
  0x80, 0x40, 0x40, 0x83, 0x34, 0x70, 0x22, 0x22,
  0x36, 0x41, 0x33, 0x34, 0x63, 0x33, 0x24, 0x34,
  0x33, 0x26, 0x23, 0x33, 0x43, 0x33, 0x24, 0x33,
  0x32, 0x41, 0x21, 0x21, 0x20, 0x08, 0xB8, 0xC8,
  0xC0, 0xAC, 0xBB, 0xBC, 0xBF, 0xC0, 0xB9, 0xCA,
  0xC9, 0xA9, 0xAB, 0x9D, 0xA9, 0x9C, 0xAA, 0xAA,
  0xBB, 0xBB, 0x8C, 0xCB, 0x8B, 0x0C, 0x8C, 0x0B,
  0xC8, 0x08, 0xD0, 0x08, 0x08, 0x08, 0x08, 0x08,
  0x08, 0x08, 0x08, 0x88, 0x80, 0x80, 0x80, 0x70,
  0x7B, 0x86, 0x80, 0x80, 0x80, 0x80, 0x80, 0x80,
  0x80, 0x00, 0x88, 0x00, 0x08, 0x08, 0x08, 0x88,
  0x80, 0x80, 0xF0, 0x02, 0x08, 0x08, 0x08, 0x09,
  0x70, 0x8A, 0xB7, 0x77, 0x03, 0x08, 0x08, 0x08,
  0x08, 0x08, 0x08, 0x08, 0x08, 0xFF, 0x8D, 0x80,
  0xF0, 0x09, 0x08, 0x8F, 0x80, 0xC0, 0x08, 0x08,
  0x0E, 0x08, 0x08, 0xE8, 0x80, 0x80, 0xD0, 0x08,
  0x08, 0x08, 0x08, 0x80, 0x78, 0x01, 0x08, 0xB6,
  0x84, 0x40, 0x08, 0x08, 0x68, 0x08, 0x03, 0x08,
  0x05, 0x84, 0x84, 0x84, 0x83, 0x00, 0x84, 0x80,
  0x05, 0x08, 0x08, 0x08, 0x08, 0x08, 0x78, 0x6B,
  0x08, 0x08, 0x58, 0x80, 0x04, 0x03, 0x04, 0x03,
  0x50, 0x48, 0x80, 0x80, 0x80, 0xF0, 0x80, 0x8B,
  0xCC, 0xFB, 0xB9, 0xCA, 0xCB, 0xD9, 0xBA, 0xBA,
  0x9D, 0xAC, 0xAA, 0xBB, 0xBB, 0xAC, 0xAB, 0x9D,
  0xC9, 0x89, 0xA9, 0x8A, 0xBA, 0xB8, 0x08, 0xD8,
  0x03, 0x08, 0x68, 0x30, 0x04, 0x43, 0x73, 0x42,
  0x31, 0x34, 0x43, 0x34, 0x24, 0x34, 0x43, 0x33,
  0x35, 0x32, 0x24, 0x43, 0x13, 0x14, 0x42, 0x21,
  0x11, 0x13, 0x21, 0x22, 0x38, 0x08, 0x08, 0x0D,
  0xAC, 0xB8, 0xDB, 0xBA, 0xCB, 0xFB, 0x99, 0xCA,
  0xA9, 0xCA, 0xAA, 0x8C, 0x9C, 0x9A, 0xAB, 0xBA,
  0xCB, 0xC0, 0xBA, 0xB8, 0x8C, 0x8B, 0x8C, 0x0C,
  0xC8, 0x80, 0xD0, 0x80, 0xC0, 0x08, 0x08, 0x08,
  0x8E, 0x80, 0x80, 0x00, 0x88, 0x00, 0x08, 0x3F,
  0x3E, 0x3C, 0xC0, 0x03, 0x88, 0x00, 0x88, 0x00,
  0x88, 0x80, 0x00, 0x88, 0x00, 0x88, 0x00, 0x77,
  0x82, 0x80, 0xB7, 0x85, 0x00, 0x58, 0x08, 0x08,
  0x08, 0x60, 0x8B, 0x08, 0x80, 0x80, 0x08, 0x80,
  0x08, 0x80, 0x08, 0xF8, 0x8F, 0x80, 0x80, 0x8F,
  0x80, 0x80, 0x80, 0x08, 0x9F, 0x00, 0x08, 0x3F,
  0x8B, 0x08, 0x08, 0x8E, 0x00, 0x08, 0x3E, 0x8B,
  0x80, 0x80, 0x80, 0x80, 0x08, 0x80, 0x08, 0x80,
  0x08, 0x77, 0x80, 0x80, 0x70, 0x00, 0x84, 0x80,
  0x05, 0x03, 0x58, 0x30, 0x80, 0x80, 0x06, 0x08,
  0x04, 0x08, 0x88, 0x70, 0x08, 0x08, 0x58, 0x80,
  0x40, 0x80, 0x80, 0x86, 0x30, 0x80, 0x05, 0x48,
  0x80, 0x80, 0x80, 0x80, 0x8F, 0x8B, 0x8C, 0xBC,
  0xCB, 0xAC, 0xAE, 0xAB, 0xDA, 0xCB, 0xB9, 0xBC,
  0xAB, 0x9C, 0x9E, 0xAA, 0xB9, 0xBA, 0xAA, 0x9D,
  0xAA, 0xAA, 0xAB, 0x0C, 0xBB, 0x0C, 0x0C, 0x08,
  0xC8, 0x30, 0x80, 0x05, 0x43, 0x43, 0x73, 0x68,
  0x20, 0x12, 0x24, 0x23, 0x35, 0x42, 0x32, 0x34,
  0x33, 0x34, 0x24, 0x43, 0x22, 0x32, 0x14, 0x33,
  0x41, 0x11, 0x22, 0x82, 0x33, 0x08, 0x08, 0xD8,
  0x08, 0x0D, 0x8B, 0xBC, 0xBC, 0xBB, 0xCC, 0xE0,
  0x9A, 0xAA, 0xBA, 0xBB, 0xCB, 0xCB, 0xBB, 0xB8,
  0xBD, 0x0B, 0xCC, 0xB0, 0x8B, 0x0C, 0x0C, 0xAC,
  0xB8, 0x80, 0xD0, 0x08, 0x8C, 0x80, 0xD0, 0x08,
  0x80, 0x08, 0x80, 0x3F, 0x80, 0x08, 0x3D, 0x80,
  0x80, 0x80, 0x80, 0x80, 0x80, 0x80, 0x80, 0x80,
  0xF0, 0x83, 0x3F, 0xF0, 0x83, 0x4C, 0x3B, 0x08,
  0x08, 0x80, 0x08, 0x08, 0x80, 0x08, 0x80, 0x78,
  0x86, 0x80, 0x80, 0x00, 0x08, 0x88, 0x00, 0x88,
  0x00, 0x88, 0x00, 0x08, 0xF8, 0xEF, 0x08, 0x08,
  0xF0, 0x89, 0x80, 0xF0, 0x48, 0x8B, 0x00, 0xD8,
  0x80, 0x80, 0x08, 0x80, 0x08, 0x80, 0x9F, 0x08,
  0x88, 0x00, 0x88, 0x00, 0x88, 0x70, 0x86, 0x80,
  0x80, 0x07, 0x80, 0x80, 0x06, 0x08, 0x58, 0x80,
  0x84, 0x00, 0x84, 0x40, 0x80, 0x50, 0x08, 0x08,
  0x85, 0x80, 0x80, 0x60, 0x08, 0x08, 0x50, 0x08,
  0x80, 0x05, 0x84, 0x80, 0x50, 0x08, 0x08, 0x08,
  0x08, 0x08, 0xF8, 0xD9, 0xC0, 0xC0, 0xBA, 0xCB,
  0xBB, 0xDB, 0xEA, 0x9A, 0xCA, 0xCA, 0xC9, 0xA9,
  0xAB, 0x9D, 0xAB, 0xCA, 0x9A, 0xDB, 0xA9, 0xD9,
  0xA9, 0xA9, 0xAA, 0xB8, 0x0B, 0x8C, 0x8B, 0xD0,
  0x08, 0x40, 0x08, 0x04, 0x34, 0x24, 0x24, 0x17,
  0x33, 0x42, 0x63, 0x22, 0x33, 0x53, 0x42, 0x23,
  0x24, 0x43, 0x22, 0x33, 0x53, 0x12, 0x33, 0x13,
  0x24, 0x23, 0x32, 0x38, 0x48, 0x08, 0x80, 0x08,
  0xF0, 0x80, 0xCB, 0xB0, 0xBC, 0xCB, 0xBB, 0xCB,
  0xF8, 0xA9, 0xAA, 0xBA, 0xBB, 0xCB, 0x8B, 0xBC,
  0xBC, 0xC0, 0x0B, 0xBC, 0xB0, 0xC8, 0xC8, 0x80,
  0x0C, 0xC8, 0x80, 0x0C, 0x08, 0x08, 0x0E, 0x88,
  0x00, 0x88, 0x80, 0x3F, 0x4B, 0x8B, 0x08, 0x08,
  0x80, 0x08, 0x80, 0x08, 0x80, 0x08, 0x80, 0x08,
  0x80, 0x08, 0x08, 0x08, 0x08, 0x80, 0x80, 0x80,
  0x00, 0x00, 0xA7, 0x77, 0x17, 0x08, 0x80, 0x80,
  0x08, 0x80, 0x08, 0xB7, 0xB7, 0x80, 0x08, 0x80,
  0x80, 0x08, 0x80, 0x08, 0xF0, 0x9F, 0x00, 0xF8,
  0x88, 0x80, 0x0D, 0x88, 0x00, 0x0F, 0x08, 0x08,
  0xD8, 0x80, 0x80, 0xE0, 0x80, 0x80, 0x80, 0x08,
  0x80, 0x80, 0x08, 0x80, 0x37, 0x80, 0x70, 0x81,
  0x60, 0x08, 0x58, 0x08, 0x84, 0x80, 0x04, 0x08,
  0x84, 0x80, 0x50, 0x80, 0x50, 0x08, 0x08, 0x68,
  0x08, 0x08, 0x04, 0x08, 0x85, 0x80, 0x85, 0x30,
  0x80, 0x50, 0x80, 0x50, 0x08, 0x08, 0x08, 0x08,
  0x08, 0x9F, 0xD0, 0x80, 0xBC, 0xC8, 0xBB, 0xF8,
  0xAB, 0xE0, 0xA9, 0xA9, 0xAC, 0xCA, 0xAA, 0xAC,
  0x9C, 0xCA, 0xA9, 0x9C, 0x9C, 0xA9, 0xCA, 0xAA,
  0xAA, 0xAD, 0xA0, 0xAB, 0x8B, 0x8B, 0x8C, 0xD0,
  0x80, 0x40, 0x08, 0x84, 0x34, 0x43, 0x42, 0x45,
  0x31, 0x34, 0x43, 0x33, 0x44, 0x43, 0x22, 0x15,
  0x23, 0x24, 0x22, 0x15, 0x22, 0x23, 0x32, 0x41,
  0x12, 0x24, 0x28, 0x22, 0x80, 0x84, 0x80, 0x80,
  0xD0, 0xB8, 0x08, 0xBD, 0xC8, 0xCB, 0xF0, 0x98,
  0xA9, 0xBA, 0x8A, 0xBB, 0xCC, 0xBA, 0xB8, 0xBC,
  0x0C, 0xAC, 0xB8, 0xC0, 0x0C, 0xBB, 0x08, 0x0D,
  0x8B, 0xD0, 0xC0, 0x80, 0x4B, 0x8B, 0xC0, 0x08,
  0x08, 0x0D, 0x08, 0x88, 0x00, 0x88, 0xF0, 0x09,
  0x80, 0x80, 0x08, 0x80, 0x08, 0x80, 0xB7, 0xB7,
  0x40, 0x3C, 0x80, 0x80, 0x80, 0x06, 0x08, 0x08,
  0x68, 0x80, 0x08, 0x08, 0x06, 0x08, 0x88, 0x00,
  0x88, 0xB7, 0x80, 0x80, 0x80, 0x80, 0x80, 0x80,
  0x80, 0x80, 0x80, 0xFF, 0x08, 0x08, 0x08, 0x9F,
  0x80, 0x80, 0x80, 0x8F, 0x80, 0xE0, 0x80, 0x80,
  0x80, 0xE8, 0xB3, 0x08, 0x08, 0x08, 0x80, 0x08,
  0x80, 0xF8, 0x03, 0x08, 0x08, 0x08, 0x78, 0x7B,
  0x00, 0x58, 0xC0, 0x83, 0x80, 0x50, 0x08, 0x08,
  0x68, 0x08, 0x08, 0x04, 0x08, 0x08, 0x86, 0x80,
  0x50, 0x08, 0x58, 0x08, 0x48, 0x80, 0x40, 0x80,
  0x85, 0x30, 0x80, 0x80, 0x70, 0x08, 0x08, 0x08,
  0xF0, 0x80, 0xC0, 0xC0, 0xB0, 0xB8, 0xBC, 0xC8,
  0xCB, 0xCA, 0xBA, 0x9F, 0x9A, 0xDA, 0x99, 0x9C,
  0xBA, 0xF8, 0xA0, 0xA9, 0xAA, 0xA9, 0x9D, 0xA9,
  0xAA, 0xBA, 0x0B, 0x8F, 0x89, 0xAA, 0x08, 0x08,
  0x3C, 0x80, 0x40, 0x40, 0x40, 0x43, 0x72, 0x21,
  0x53, 0x31, 0x43, 0x33, 0x53, 0x32, 0x25, 0x23,
  0x53, 0x32, 0x32, 0x15, 0x32, 0x13, 0x34, 0x41,
  0x21, 0x21, 0x22, 0x30, 0x03, 0x48, 0x80, 0x80,
  0x80, 0x8E, 0xD0, 0x80, 0x8B, 0xCC, 0xB0, 0xF8,
  0xA8, 0x8A, 0xBA, 0xC0, 0xBB, 0x0C, 0xCB, 0xC0,
  0xBA, 0xB8, 0x8C, 0xCB, 0xB8, 0xC8, 0x0C, 0x8B,
  0xD0, 0xC0, 0x80, 0x0B, 0x08, 0x8D, 0x80, 0x8C,
  0x80, 0x80, 0x80, 0x3F, 0x8B, 0x80, 0x80, 0x80,
  0x80, 0x80, 0x08, 0x80, 0x08, 0x08, 0x08, 0x08,
  0x08, 0x80, 0xB7, 0x77, 0x81, 0x00, 0x88, 0x00,
  0x88, 0x00, 0x08, 0x78, 0x7B, 0x83, 0x80, 0x80,
  0x80, 0x08, 0x80, 0x08, 0x80, 0x3F, 0xBF, 0x08,
  0x08, 0x08, 0x08, 0x08, 0xEF, 0x80, 0x80, 0xF0,
  0x83, 0x8C, 0x80, 0x80, 0x00, 0x3F, 0x3C, 0x8B,
  0x80, 0x80, 0x80, 0x80, 0x80, 0x80, 0x80, 0x00,
  0x08, 0x08, 0x08, 0x08, 0x88, 0x80, 0x80, 0x77,
  0x27, 0x08, 0x08, 0x08, 0x37, 0x80, 0x08, 0x70,
  0x82, 0x80, 0x70, 0x00, 0x08, 0x86, 0x00, 0x84,
  0x80, 0x05, 0x08, 0x04, 0x08, 0x85, 0x80, 0x50,
  0x08, 0x08, 0x85, 0x80, 0x80, 0xE0, 0xC3, 0x80,
  0x8B, 0x80, 0x8D, 0x0C, 0xBC, 0xC0, 0xBB, 0xC0,
  0xCB, 0xBB, 0xAC, 0xAC, 0xBB, 0xBC, 0xFB, 0x9A,
  0xAA, 0x9D, 0xAA, 0xAA, 0xAB, 0xAC, 0xFB, 0x98,
  0xA9, 0xBA, 0x8A, 0xBB, 0xC8, 0x08, 0x0D, 0x08,
  0x08, 0x08, 0x78, 0x48, 0x32, 0x43, 0x33, 0x24,
  0x37, 0x32, 0x24, 0x43, 0x43, 0x33, 0x34, 0x25,
  0x32, 0x33, 0x34, 0x43, 0x13, 0x34, 0x41, 0x21,
  0x23, 0x22, 0x83, 0x03, 0x04, 0x03, 0x08, 0x88,
  0x00, 0xF8, 0x3D, 0xCB, 0xB0, 0xC0, 0x0B, 0xBC,
  0xC0, 0xBB, 0xC0, 0x0C, 0xBB, 0xBC, 0x0B, 0x8C,
  0xCB, 0xB8, 0x8C, 0xCB, 0xB8, 0xC8, 0xC8, 0xC0,
  0xC0, 0x80, 0x0B, 0x08, 0x8D, 0x80, 0x8C, 0x00,
  0xD8, 0x08, 0x08, 0x08, 0xF8, 0xB3, 0x48, 0xC0,
  0xC3, 0x03, 0x08, 0x3D, 0x80, 0x80, 0x80, 0x80,
  0x07, 0xC8, 0x03, 0x08, 0x08, 0x78, 0x80, 0x3B,
  0x80, 0x00, 0x88, 0x00, 0x88, 0x00, 0x88, 0x00,
  0x88, 0x00, 0x88, 0x80, 0x80, 0x80, 0xFF, 0x9F,
  0x80, 0x08, 0x9F, 0x08, 0x88, 0x00, 0x9F, 0x08,
  0x08, 0xF8, 0x08, 0x08, 0x0E, 0x08, 0x88, 0x00,
  0x88, 0x3F, 0x8B, 0x80, 0x80, 0x80, 0x80, 0x80,
  0x27, 0x08, 0x80, 0x08, 0x80, 0x37, 0x08, 0x78,
  0x00, 0x80, 0x06, 0x88, 0x00, 0x85, 0x80, 0x00,
  0x86, 0x80, 0x85, 0x80, 0x40, 0x80, 0x50, 0x08,
  0x84, 0x80, 0x85, 0x80, 0x40, 0x80, 0x80, 0x60,
  0x08, 0xB4, 0x48, 0x3B, 0x0C, 0x08, 0x08, 0x08,
  0x0F, 0xC8, 0xB0, 0xC8, 0x8B, 0xDB, 0xC0, 0xBA,
  0xCB, 0x0B, 0xBC, 0xFB, 0x9A, 0xAA, 0xBA, 0xBB,
  0xAF, 0xA9, 0xDA, 0xA9, 0xAA, 0xBA, 0xCA, 0xBA,
  0xCB, 0xBB, 0xC0, 0xAC, 0xB8, 0x80, 0x8C, 0x80,
  0x80, 0x80, 0x07, 0x03, 0x44, 0x33, 0x53, 0x62,
  0x32, 0x52, 0x33, 0x51, 0x32, 0x24, 0x43, 0x32,
  0x43, 0x33, 0x34, 0x41, 0x13, 0x34, 0x41, 0x21,
  0x21, 0x04, 0x22, 0x82, 0x03, 0x48, 0x80, 0x80,
  0x80, 0x80, 0x80, 0x8F, 0x0D, 0x0C, 0x8B, 0xCB,
  0xB8, 0x8C, 0xCB, 0x8B, 0xBC, 0xB8, 0xBD, 0x0B,
  0x0D, 0xBB, 0xC8, 0x0B, 0xCC, 0xB0, 0xB8, 0xC8,
  0xC0, 0x08, 0x8C, 0xC0, 0x3B, 0x0C, 0xC8, 0x80,
  0x80, 0x0D, 0x08, 0x08, 0x08, 0x88, 0xF0, 0x09,
  0x80, 0x80, 0x08, 0x80, 0xB7, 0x05, 0x08, 0x08,
  0x08, 0x78, 0x00, 0x08, 0x08, 0x08, 0x07, 0x08,
  0x08, 0x80, 0x78, 0x00, 0x08, 0x08, 0x08, 0x08,
  0x08, 0x80, 0x08, 0x80, 0x80, 0x80, 0x80, 0xF0,
  0xF3, 0x0F, 0x08, 0x88, 0x80, 0x00, 0xF8, 0x0A,
  0x88, 0x00, 0x88, 0xAF, 0x60, 0x8B, 0x80, 0x80,
  0x3F, 0xC0, 0xB3, 0x03, 0x0D, 0x08, 0xC4, 0x80,
  0x80, 0x80, 0x05, 0x08, 0x08, 0x08, 0x08, 0x08,
  0x08, 0x27, 0x08, 0x08, 0x08, 0x08, 0x37, 0x08,
  0x88, 0x17, 0x80, 0x60, 0x80, 0x50, 0x08, 0x58,
  0x08, 0x48, 0x80, 0x04, 0x08, 0x84, 0x00, 0x04,
  0x08, 0x08, 0x08, 0x08, 0x08, 0x08, 0x3F, 0x8F,
  0x8B, 0xD0, 0x08, 0xBC, 0xC8, 0xF0, 0xA8, 0xA9,
  0xD8, 0xC8, 0xA0, 0xAA, 0x9D, 0xAA, 0xAA, 0xBA,
  0xCB, 0xBB, 0xEC, 0x89, 0x9C, 0xC8, 0x89, 0xAA,
  0xAA, 0x8B, 0xCB, 0xB8, 0xC8, 0xB8, 0x88, 0x80,
  0x00, 0x78, 0x00, 0x35, 0x40, 0x33, 0x44, 0x62,
  0x30, 0x52, 0x13, 0x34, 0x41, 0x33, 0x14, 0x43,
  0x33, 0x34, 0x41, 0x31, 0x14, 0x23, 0x42, 0x22,
  0x22, 0x32, 0x43, 0x30, 0x48, 0x30, 0x80, 0xB5,
  0x48, 0x4B, 0x8B, 0x80, 0x8C, 0xC0, 0x08, 0xBD,
  0xC0, 0xB0, 0xC8, 0x8B, 0x0C, 0xBC, 0xC0, 0x0B,
  0x0C, 0xCB, 0xB8, 0xC0, 0xB8, 0xC8, 0x0C, 0xB8,
  0xC8, 0x08, 0x8C, 0x0C, 0xC8, 0xF3, 0x01, 0x8A,
  0x00, 0xB8, 0x08, 0x08, 0x08, 0x08, 0xF8, 0x03,
  0x3D, 0xB8, 0xC4, 0x80, 0x40, 0x8B, 0x80, 0x85,
  0xC0, 0x03, 0x08, 0x08, 0x08, 0x08, 0x08, 0x08,
  0x08, 0x08, 0x08, 0x08, 0x08, 0x08, 0x08, 0x08,
  0x08, 0x80, 0x80, 0x80, 0x00, 0x00, 0x00, 0x00,
  0x00, 0x00, 0xF0, 0xFF, 0x8F, 0x80, 0x80, 0x80,
  0x80, 0xF8, 0xF3, 0x08, 0x88, 0x00, 0x88, 0x00,
  0x9F, 0x85, 0x8B, 0x80, 0x80, 0x80, 0x80, 0x80,
  0x80, 0x80, 0x80, 0x80, 0x80, 0x77, 0x82, 0x80,
  0x80, 0x27, 0x80, 0x80, 0x70, 0x81, 0x80, 0x87,
  0x00, 0x03, 0x08, 0x06, 0x08, 0x58, 0x08, 0x84,
  0x80, 0x85, 0x80, 0x40, 0x80, 0x80, 0x80, 0x07,
  0x0C, 0xC3, 0xB3, 0x80, 0x08, 0xE0, 0x80, 0xB8,
  0xD8, 0xC0, 0xB8, 0xC0, 0x8B, 0xBC, 0x0C, 0xCB,
  0x0B, 0xEC, 0x98, 0xAA, 0xBA, 0xBB, 0xCB, 0x8B,
  0xAF, 0xAA, 0xBA, 0xC0, 0xBA, 0x0F, 0x9A, 0xAA,
  0xA8, 0x8B, 0xCB, 0xB8, 0x08, 0xBD, 0x88, 0x80,
  0x80, 0x07, 0x48, 0x08, 0x43, 0x43, 0x33, 0x34,
  0x26, 0x42, 0x14, 0x43, 0x31, 0x34, 0x23, 0x34,
  0x34, 0x41, 0x13, 0x34, 0x41, 0x11, 0x14, 0x32,
  0x02, 0x32, 0x42, 0x38, 0x30, 0x40, 0x08, 0x80,
  0x08, 0x80, 0xF0, 0x09, 0xD8, 0x08, 0x0D, 0x8B,
  0x0C, 0xBC, 0xC0, 0xC0, 0xE0, 0x08, 0xAA, 0xA8,
  0x0B, 0x0C, 0xAC, 0xB8, 0xC0, 0xB8, 0xC8, 0x08,
  0x0D, 0x0C, 0xB8, 0x80, 0x8C, 0x80, 0x0D, 0x08,
  0x08, 0xE8, 0x80, 0x80, 0x80, 0x80, 0x80, 0x80,
  0x80, 0x08, 0x80, 0x08, 0x80, 0x08, 0x80, 0x80,
  0x80, 0x80, 0x3F, 0x08, 0x08, 0x08, 0x08, 0x08,
  0x08, 0x08, 0x00, 0x00, 0x00, 0x00, 0x00, 0x00,
  0x00, 0x2F, 0x00, 0x08, 0xFF, 0x04, 0x08, 0xF0,
  0x4F, 0xD0, 0xB3, 0x08, 0x08, 0x88, 0x80, 0x00,
  0xF8, 0x0A, 0x88, 0x00, 0xF8, 0x89, 0x08, 0x80,
  0x08, 0x80, 0xBF, 0x80, 0x00, 0x88, 0x00, 0x88,
  0x00, 0x88, 0x00, 0x88, 0x77, 0x03, 0x08, 0x78,
  0x83, 0x80, 0x17, 0x08, 0x05, 0x88, 0x05, 0x08,
  0x58, 0x80, 0x04, 0x03, 0x08, 0x68, 0x80, 0x04,
  0x88, 0x85, 0x80, 0x04, 0x08, 0x58, 0x4B, 0x08,
  0x08, 0x08, 0x08, 0x08, 0x8F, 0x08, 0xD8, 0xC8,
  0x80, 0x0C, 0x0C, 0x8B, 0xBC, 0xC8, 0xCB, 0xB0,
  0xBC, 0xCB, 0xF0, 0xA0, 0xA9, 0x0D, 0x0C, 0xAB,
  0xA0, 0xAC, 0xA0, 0x9E, 0x99, 0xAA, 0xB0, 0xBA,
  0xCB, 0xB0, 0x8C, 0x0B, 0x8C, 0xC0, 0x08, 0x80,
  0x08, 0x60, 0x40, 0x48, 0x83, 0x34, 0x33, 0x74,
  0x21, 0x41, 0x32, 0x52, 0x13, 0x34, 0x41, 0x13,
  0x34, 0x41, 0x13, 0x14, 0x41, 0x21, 0x23, 0x22,
  0x33, 0x33, 0x04, 0x03, 0x58, 0x30, 0x80, 0x80,
  0x80, 0x80, 0x00, 0xF8, 0x0A, 0x8F, 0xC0, 0xB0,
  0xC8, 0xC0, 0xB8, 0xC0, 0x8B, 0x0C, 0x0C, 0xAC,
  0x08, 0x0C, 0xAC, 0xB8, 0x80, 0x8C, 0x0C, 0xC8,
  0x80, 0x0C, 0xC8, 0x80, 0xD0, 0x80, 0x80, 0x8C,
  0x80, 0x0D, 0x08, 0x08, 0xE8, 0x30, 0x0C, 0x08,
  0x08, 0x08, 0x08, 0x3F, 0x3C, 0x80, 0x80, 0x3D,
  0x80, 0x80, 0x3E, 0x80, 0x80, 0x80, 0x80, 0x00,
  0x17, 0x08, 0x08, 0x08, 0x08, 0x08, 0x08, 0x08,
  0x08, 0x08, 0x08, 0x08, 0x08, 0xB7, 0x08, 0x08,
  0x08, 0x80, 0x80, 0x80, 0xFF, 0xAF, 0x88, 0x00,
  0x88, 0x00, 0xEF, 0x80, 0x80, 0x80, 0x08, 0x08,
  0x3F, 0x0F, 0x08, 0x08, 0x08, 0x88, 0x80, 0x00,
  0x88, 0x00, 0x88, 0x80, 0x80, 0x80, 0x80, 0x00,
  0x77, 0x06, 0x88, 0x70, 0x81, 0x08, 0x60, 0x80,
  0x40, 0x80, 0x50, 0x80, 0x80, 0x86, 0x30, 0x80,
  0x00, 0x86, 0x80, 0x80, 0x80, 0x70, 0x80, 0x3C,
  0xC0, 0xC3, 0x80, 0x4B, 0x8B, 0xD0, 0x80, 0x0C,
  0x8B, 0x0C, 0xBC, 0xC0, 0xC0, 0xBA, 0xB8, 0xBC,
  0xBC, 0x73, 0x37, 0x12, 0x88, 0x99, 0x99, 0xC8,
  0xA9, 0xAA, 0xAA, 0x8B, 0x8B, 0x8C, 0xCF, 0xAB,
  0xAB, 0xAC, 0xAA, 0xBA, 0x0E, 0xAA, 0xA0, 0xB8,
  0x80, 0x80, 0x80, 0x06, 0x08, 0x07, 0x32, 0x32,
  0x43, 0x33, 0x27, 0x21, 0x15, 0x41, 0x13, 0x14,
  0x32, 0x22, 0x15, 0x14, 0x12, 0x24, 0x21, 0x02,
  0x32, 0x43, 0x83, 0x84, 0x03, 0x84, 0x04, 0x88,
  0x40, 0x4B, 0x8B, 0x80, 0x08, 0x8E, 0xC0, 0x80,
  0x0C, 0xC8, 0xC0, 0xB8, 0xC0, 0x08, 0x8C, 0x8B,
  0xCC, 0xB0, 0x08, 0x0D, 0xB8, 0xC8, 0x08, 0x0D,
  0xB8, 0x08, 0xE8, 0x80, 0x80, 0x8C, 0x80, 0x8C,
  0x80, 0x80, 0x80, 0x80, 0x9F, 0x80, 0x80, 0x08,
  0x80, 0x80, 0x08, 0x3F, 0xF8, 0xC3, 0xB3, 0x88,
  0x80, 0x00, 0x78, 0x0B, 0x88, 0x80, 0x00, 0x88,
  0xB7, 0x80, 0x80, 0x07, 0x80, 0x0D, 0x08, 0x58,
  0x3B, 0x8B, 0x08, 0xB6, 0x08, 0x08, 0x08, 0x08,
  0xB7, 0x08, 0x08, 0x80, 0x78, 0x0B, 0xD8, 0x80,
  0x04, 0x08, 0x08, 0x0E, 0xB8, 0x48, 0x40, 0x08,
  0x08, 0x8D, 0x8B, 0x80, 0x60, 0x48, 0x80, 0x48,
  0x0B, 0xC8, 0xC8, 0x80, 0x80, 0x35, 0x64, 0x21,
  0x80, 0x02, 0x0B, 0xBC, 0x8B, 0xAF, 0xA8, 0x0A,
  0xB8, 0xC0, 0xB8, 0xC8, 0xC8, 0x80, 0x80, 0x80,
  0x80, 0x70, 0x80, 0x80, 0x00, 0x06, 0x34, 0x43,
  0x30, 0x34, 0x40, 0x80, 0xC8, 0x80, 0x8C, 0x0C,
  0xC8, 0x80, 0x80, 0x50, 0x8B, 0x04, 0x08, 0x08,
  0x08, 0x08, 0x08, 0x08, 0x08, 0xCF, 0x80, 0x8F,
  0x8B, 0xCC, 0xBB, 0xCB, 0xCB, 0xBB, 0xEC, 0xA9,
  0xAA, 0xBA, 0xCA, 0x8A, 0xBB, 0xC8, 0xC8, 0x80,
  0x0C, 0x08, 0x58, 0x80, 0x04, 0x03, 0x34, 0x40,
  0x34, 0x73, 0x12, 0x22, 0x15, 0x42, 0x41, 0x21,
  0x23, 0x52, 0x32, 0x40, 0x22, 0x22, 0x05, 0x31,
  0x22, 0x30, 0x24, 0x00, 0x03, 0x85, 0x00, 0x58,
  0x08, 0x08, 0x0D, 0x08, 0x88, 0xE0, 0x08, 0x0C,
  0x8C, 0x0B, 0x8C, 0xC0, 0xB8, 0x08, 0x0D, 0x8C,
  0x0B, 0xC8, 0xC8, 0x80, 0x0C, 0xC8, 0x80, 0xD0,
  0x80, 0x8B, 0x80, 0xE0, 0x08, 0x08, 0x08, 0x3E,
  0x8B, 0x08, 0x80, 0xF0, 0x08, 0x08, 0x88, 0x00,
  0x8F, 0xB4, 0x48, 0x3B, 0x8B, 0x80, 0x80, 0x80,
  0x80, 0x80, 0x80, 0x80, 0x80, 0x80, 0x80, 0x80,
  0x80, 0x08, 0x08, 0x08, 0x08, 0x78, 0x8B, 0x80,
  0x80, 0x80, 0x80, 0x00, 0x00, 0x00, 0x00, 0xF0,
  0xF2, 0xFF, 0x79, 0x0B, 0x88, 0x00, 0x88, 0x0F,
  0x88, 0x00, 0xE8, 0x03, 0x08, 0x08, 0x08, 0x8F,
  0x80, 0xD0, 0x08, 0x08, 0x08, 0x86, 0x80, 0x50,
  0x08, 0x08, 0x85, 0x80, 0x85, 0x40, 0x08, 0x08,
  0x08, 0xE8, 0xB3, 0xC8, 0x08, 0x0D, 0xB8, 0xC8,
  0x08, 0x0D, 0xB8, 0x08, 0x08, 0x08, 0x3F, 0x08,
  0x08, 0x08, 0x87, 0x03, 0x80, 0x85, 0x40, 0x08,
  0x80, 0x80, 0x78, 0xC0, 0x83, 0x80, 0x80, 0x80,
  0x00, 0x88, 0x00, 0x88, 0x00, 0xB7, 0x78, 0xD1,
  0xB3, 0x08, 0x08, 0x08, 0x0F, 0x0C, 0x8B, 0xCB,
  0xB8, 0xBC, 0xBC, 0x0B, 0xAF, 0xAA, 0x0B, 0xFB,
  0xA0, 0xA9, 0x8A, 0x8D, 0x0A, 0xBA, 0x80, 0xC0,
  0x08, 0x08, 0x08, 0x86, 0x40, 0x48, 0x83, 0x34,
  0x33, 0x25, 0x33, 0x27, 0x21, 0x52, 0x12, 0x24,
  0x23, 0x52, 0x21, 0x42, 0x20, 0x61, 0x81, 0x84,
  0x21, 0x28, 0x20, 0x02, 0x03, 0x48, 0x80, 0x80,
  0x60, 0xB8, 0x58, 0x0B, 0x08, 0x0D, 0x08, 0xC8,
  0xC8, 0x80, 0x0C, 0x0C, 0xC8, 0xB0, 0x08, 0x0D,
  0x0C, 0xB8, 0x80, 0x8C, 0x0C, 0xC8, 0x80, 0xD0,
  0x80, 0x8B, 0xD0, 0x08, 0xC8, 0xB3, 0x88, 0xE0,
  0x08, 0x80, 0x3D, 0x8B, 0x80, 0x80, 0x0F, 0x08,
  0x08, 0x08, 0x08, 0x08, 0x08, 0x08, 0x88, 0x00,
  0x08, 0x08, 0x08, 0xB7, 0x57, 0xE8, 0x03, 0x08,
  0x08, 0x08, 0x08, 0x70, 0x5B, 0x8B, 0xB4, 0xC3,
  0x84, 0x80, 0x80, 0x80, 0x08, 0x80, 0x8F, 0x08,
  0x08, 0x08, 0x80, 0x08, 0x80, 0x08, 0x80, 0x08,
  0x80, 0xFF, 0x09, 0x88, 0x00, 0x88, 0x00, 0x3F,
  0x3F, 0x8C, 0xB4, 0xB3, 0x84, 0x80, 0x80, 0x80,
  0x07, 0x88, 0x00, 0x88, 0x00, 0x88, 0x00, 0x88,
  0xF0, 0x8B, 0x8F, 0xD0, 0x80, 0xD0, 0x80, 0x0B,
  0x08, 0xD8, 0x08, 0x08, 0x08, 0x08, 0x08, 0xB7,
  0x85, 0x80, 0x80, 0x86, 0x00, 0x48, 0x4B, 0x08,
  0x08, 0x08, 0x86, 0x80, 0x80, 0x80, 0x07, 0x08,
  0x88, 0x00, 0xB6, 0x03, 0x08, 0x08, 0x88, 0x00,
  0x88, 0xAF, 0x80, 0x8F, 0xC0, 0x8B, 0xD0, 0x0B,
  0xBC, 0x0B, 0xBC, 0xBC, 0xBB, 0xAD, 0xB8, 0xCB,
  0xAC, 0x8B, 0xCB, 0xB8, 0x8C, 0x8B, 0x8C, 0x00,
  0x88, 0x0E, 0x03, 0x08, 0x05, 0x84, 0x34, 0x48,
  0x33, 0x43, 0x43, 0x33, 0x34, 0x26, 0x22, 0x52,
  0x22, 0x52, 0x48, 0x11, 0x22, 0x22, 0x33, 0x33,
  0x40, 0x84, 0x03, 0x04, 0x03, 0x84, 0x80, 0x05,
  0x08, 0x08, 0x08, 0x08, 0x3F, 0x8C, 0x00, 0xD8,
  0x80, 0x0C, 0xC8, 0x80, 0xC8, 0x80, 0x8C, 0xD0,
  0x80, 0x8B, 0x80, 0xCD, 0xB3, 0x08, 0x0D, 0x08,
  0x8C, 0x80, 0x8C, 0x80, 0xD0, 0x08, 0x3D, 0x8B,
  0x80, 0x80, 0x0E, 0x08, 0x08, 0x08, 0x0F, 0x88,
  0x80, 0x00, 0x08, 0x3F, 0xC8, 0x30, 0x0C, 0x08,
  0x08, 0x08, 0x08, 0x08, 0x08, 0x08, 0x08, 0x80,
  0x80, 0x80, 0x80, 0x80, 0x08, 0x08, 0x08, 0x08,
  0x08, 0x08, 0x00, 0x00, 0x00, 0x00, 0xA7, 0x08,
  0x08, 0x08, 0x08, 0x00, 0x00, 0x00, 0x00, 0x00,
  0x00, 0xF0, 0xFF, 0x8F, 0x80, 0x80, 0x80, 0x80,
  0x08, 0x80, 0x80, 0x80, 0x70, 0x27, 0x80, 0x80,
  0x80, 0x80, 0x80, 0x80, 0x00, 0x88, 0xF0, 0xCF,
  0x08, 0xF8, 0x09, 0xE8, 0x80, 0x80, 0x0D, 0x08,
  0x08, 0xE8, 0x80, 0xB4, 0x08, 0x08, 0x08, 0x08,
  0xB7, 0x84, 0x80, 0x80, 0x80, 0x80, 0x00, 0x17,
  0x08, 0x08, 0x78, 0x4B, 0x80, 0x08, 0x80, 0x08,
  0x70, 0x4B, 0x08, 0xC8, 0x03, 0x80, 0x3D, 0x0C,
  0x08, 0xD8, 0x80, 0xD0, 0x0B, 0xC8, 0xC0, 0x0B,
  0xBC, 0xC0, 0x8A, 0x8F, 0x89, 0xAA, 0xBB, 0xC0,
  0xCA, 0xB0, 0xB8, 0x8C, 0x8B, 0xD0, 0x08, 0x8C,
  0x00, 0x08, 0x85, 0x80, 0x05, 0x03, 0x44, 0x48,
  0x32, 0x43, 0x33, 0x43, 0x24, 0x33, 0x27, 0x21,
  0x32, 0x25, 0x21, 0x23, 0x33, 0x34, 0x83, 0x44,
  0x32, 0x30, 0x40, 0x80, 0x04, 0x84, 0x40, 0x3B,
  0x3C, 0x80, 0x80, 0x0D, 0x88, 0xD0, 0x08, 0x08,
  0x0E, 0x0C, 0xB8, 0x80, 0x8C, 0xD0, 0x80, 0x8B,
  0xD0, 0x08, 0xC8, 0x08, 0x8C, 0x80, 0x0D, 0xC8,
  0x80, 0xD0, 0x80, 0x80, 0x8C, 0x80, 0xE0, 0xB3,
  0x08, 0x08, 0x3E, 0xC0, 0x80, 0x08, 0x80, 0x08,
  0x3F, 0x3B, 0xD0, 0xB3, 0x08, 0x80, 0x78, 0x0B,
  0x08, 0x08, 0x08, 0x08, 0x78, 0x4B, 0x8B, 0xB4,
  0xB4, 0x03, 0x08, 0x3D, 0x08, 0xC8, 0x58, 0x08,
  0x08, 0x3D, 0x3B, 0x0C, 0xB3, 0x88, 0x00, 0x88,
  0x00, 0x08, 0x88, 0x00, 0x88, 0xEF, 0x08, 0x08,
  0x08, 0x3F, 0xD8, 0x03, 0x8C, 0x80, 0x80, 0x80,
  0x80, 0x80, 0x80, 0x80, 0x47, 0x3E, 0xC0, 0x83,
  0x00, 0x88, 0x00, 0x88, 0x00, 0xAF, 0x80, 0x80,
  0x80, 0x9F, 0x80, 0x80, 0x80, 0xF0, 0x89, 0x00,
  0x88, 0x00, 0x88, 0x00, 0x88, 0x00, 0x88, 0x00,
  0x88, 0x70, 0x0B, 0x77, 0x80, 0x80, 0x80, 0x17,
  0x08, 0x08, 0x88, 0x07, 0x80, 0x50, 0x4B, 0x08,
  0x08, 0x08, 0x08, 0x08, 0x08, 0x88, 0x00, 0xF8,
  0x0D, 0xF8, 0x80, 0x8B, 0xCC, 0xC0, 0xB0, 0x8B,
  0xBC, 0x0C, 0xCB, 0x0B, 0xBC, 0xBB, 0xC8, 0xBC,
  0xC0, 0x0B, 0xBC, 0x0B, 0xC8, 0x08, 0x0D, 0x08,
  0x08, 0x08, 0x78, 0x80, 0x84, 0x03, 0x34, 0x30,
  0x35, 0x43, 0x42, 0x32, 0x43, 0x33, 0x27, 0x21,
  0x22, 0x33, 0x43, 0x72, 0x30, 0x28, 0x32, 0x02,
  0x33, 0x04, 0x03, 0x04, 0x58, 0x38, 0x80, 0x80,
  0x60, 0x8B, 0x80, 0x80, 0x80, 0xF0, 0x88, 0xD0,
  0x08, 0x80, 0x0D, 0x8C, 0x00, 0x8C, 0x8B, 0xC8,
  0x08, 0x8D, 0xC0, 0x08, 0x8C, 0x00, 0x0D, 0xC8,
  0x80, 0x8B, 0x80, 0x8D, 0x80, 0x4C, 0x0C, 0xB8,
  0xB4, 0x08, 0x80, 0x80, 0xE8, 0x08, 0x08, 0x08,
  0x80, 0x08, 0x80, 0x08, 0x80, 0x08, 0x08, 0x08,
  0x08, 0x08, 0x80, 0x80, 0x80, 0x70, 0x7B, 0x8B,
  0x80, 0x77, 0x82, 0x80, 0x80, 0x80, 0x80, 0x80,
  0x80, 0x00, 0x88, 0x80, 0x80, 0x80, 0x00, 0x08,
  0x08, 0x08, 0x00, 0x2F, 0x00, 0xF8, 0xFF, 0x8B,
  0x80, 0x80, 0x08, 0x80, 0x08, 0x80, 0x08, 0x08,
  0x08, 0x08, 0x80, 0x80, 0x80, 0x00, 0x00, 0x00,
  0x00, 0xFF, 0xF4, 0x8F, 0x80, 0x80, 0x8F, 0x80,
  0x80, 0x3E, 0xC0, 0x08, 0x08, 0x08, 0x08, 0x08,
  0x9F, 0x80, 0x80, 0x80, 0x00, 0xB7, 0x08, 0x08,
  0xB7, 0x03, 0x80, 0x08, 0x08, 0x80, 0x78, 0x6B,
  0x08, 0x08, 0x08, 0x78, 0x08, 0x08, 0x08, 0x68,
  0x0B, 0x03, 0x08, 0x88, 0xF0, 0x08, 0x08, 0xD8,
  0x08, 0xC8, 0xC8, 0x08, 0xBD, 0xC0, 0xB0, 0x0C,
  0x0C, 0xBB, 0x0C, 0xAC, 0xB8, 0xAC, 0xC8, 0x8A,
  0xBC, 0xC0, 0xB0, 0x0C, 0xC8, 0x80, 0xC0, 0x08,
  0x80, 0x08, 0x06, 0x88, 0x85, 0x84, 0x03, 0x03,
  0x44, 0x33, 0x43, 0x03, 0x27, 0x22, 0x32, 0x33,
  0x43, 0x24, 0x33, 0x34, 0x33, 0x44, 0x38, 0x43,
  0x83, 0x84, 0x03, 0x04, 0x03, 0x58, 0x08, 0x84,
  0x00, 0x88, 0x00, 0x88, 0x00, 0x08, 0x88, 0xBF,
  0x08, 0x9F, 0x00, 0xE8, 0xB8, 0x08, 0x0D, 0xC8,
  0x80, 0x0C, 0xC8, 0x08, 0xD0, 0xC0, 0x80, 0xC0,
  0x80, 0xC0, 0x08, 0x08, 0x8D, 0x80, 0x80, 0x8D,
  0x00, 0x88, 0x00, 0x08, 0x3F, 0x0D, 0x08, 0x08,
  0x08, 0x08, 0x08, 0x08, 0x08, 0x08, 0x88, 0x80,
  0x80, 0x80, 0x80, 0x00, 0x08, 0x08, 0x08, 0xF8,
  0x03, 0x08, 0x08, 0x08, 0x08, 0x3F, 0x80, 0x08,
  0xF8, 0xF3, 0x5F, 0x3F, 0x0C, 0x08, 0x08, 0x08,
  0x08, 0x08, 0x08, 0x08, 0x08, 0x08, 0x08, 0x08,
  0x3F, 0x08, 0x08, 0xF8, 0x03, 0x08, 0x08, 0x08,
  0x08, 0x08, 0x3F, 0x08, 0x08, 0x08, 0x08, 0x3F,
  0xF8, 0x0F, 0x08, 0x08, 0x08, 0x08, 0x3F, 0x0E,
  0x08, 0x08, 0x08, 0x08, 0x08, 0xF8, 0x09, 0x08,
  0x08, 0x08, 0x88, 0x00, 0x88, 0x00, 0x88, 0x00,
  0x88, 0x80, 0x80, 0x80, 0x00, 0x08, 0x77, 0x47,
  0x80, 0x80, 0x80, 0x80, 0x80, 0x80, 0x80, 0x00,
  0x08, 0x08, 0x08, 0x88, 0x80, 0x80, 0xF0, 0xFF,
  0xEF, 0x08, 0x8C, 0xC0, 0x8B, 0xD0, 0xC0, 0x8A,
  0x0B, 0xBC, 0xC8, 0xF8, 0x98, 0xA8, 0x0A, 0xBB,
  0xC8, 0xC0, 0xC0, 0xB0, 0x08, 0xC8, 0x08, 0x80,
  0xE8, 0x30, 0x80, 0x05, 0x08, 0x44, 0x38, 0x70,
  0x20, 0x22, 0x60, 0x28, 0x22, 0x85, 0x42, 0x21,
  0x22, 0x32, 0x33, 0x43, 0x43, 0x48, 0x32, 0x03,
  0x34, 0x40, 0x48, 0x38, 0x40, 0x80, 0x08, 0x85,
  0x80, 0x00, 0x88, 0x00, 0x88, 0x9F, 0x80, 0xF0,
  0x80, 0x0C, 0x08, 0x8C, 0x80, 0x0C, 0xC8, 0x08,
  0x0D, 0xB8, 0x08, 0xD8, 0x08, 0x3D, 0x8B, 0x0C,
  0x08, 0x0D, 0x08, 0xC8, 0x08, 0x08, 0x80, 0xF8,
  0xB3, 0x08, 0x08, 0x08, 0x08, 0xF8, 0x59, 0x8B,
  0xB4, 0x80, 0x08, 0x80, 0x80, 0x08, 0x80, 0x08,
  0x80, 0x08, 0x08, 0x08, 0x08, 0x08, 0x80, 0x80,
  0x80, 0x80, 0x80, 0x90, 0x00, 0x00, 0x00, 0x00,
  0xFF, 0x04, 0xFF, 0x88, 0x80, 0x08, 0x80, 0x08,
  0x80, 0x08, 0x08, 0x08, 0xFF, 0xD5, 0x30, 0x0C,
  0x08, 0x08, 0x08, 0x08, 0x08, 0x08, 0x08, 0x08,
  0x08, 0x08, 0x08, 0x08, 0x08, 0x08, 0x08, 0x08,
  0x08, 0x3F, 0xF0, 0xEF, 0xB6, 0x08, 0x08, 0x08,
  0x08, 0x08, 0x08, 0x08, 0x08, 0x08, 0x08, 0x08,
  0x88, 0x80, 0x80, 0x80, 0x00, 0x08, 0x08, 0xB7,
  0x77, 0x07, 0x80, 0x80, 0x80, 0x80, 0x80, 0x80,
  0x80, 0x80, 0x70, 0x7B, 0x7B, 0xC0, 0x84, 0x80,
  0xD0, 0xB3, 0x08, 0x08, 0x08, 0xF0, 0x08, 0xC8,
  0x08, 0x0D, 0xB8, 0xC8, 0xC8, 0xC0, 0xC0, 0xB0,
  0x8B, 0x0C, 0xBC, 0xC0, 0x0B, 0xBC, 0xC0, 0x0B,
  0x0C, 0x8B, 0x0C, 0x0C, 0xC8, 0x80, 0x8B, 0xB5,
  0x48, 0x3B, 0x80, 0x80, 0x36, 0x08, 0x34, 0x30,
  0x85, 0x24, 0x33, 0x70, 0x22, 0x22, 0x60, 0x28,
  0x24, 0x01, 0x22, 0x32, 0x43, 0x33, 0x30, 0x35,
  0x48, 0x48, 0x02, 0x48, 0x08, 0x03, 0x58, 0x80,
  0x80, 0x80, 0x80, 0x80, 0x80, 0x80, 0xF0, 0xF3,
  0x08, 0xC8, 0x08, 0xC8, 0x08, 0x8D, 0xC0, 0x08,
  0x8C, 0x00, 0x0D, 0xC8, 0x80, 0x8B, 0x80, 0xE0,
  0x08, 0x8C, 0x80, 0xD0, 0x80, 0x80, 0x0D, 0x08,
  0x88, 0x00, 0xF8, 0x08, 0x08, 0x08, 0x08, 0x08,
  0x08, 0x3F, 0x0E, 0x08, 0x08, 0x08, 0x08, 0x08,
  0x08, 0x08, 0x08, 0xB7, 0x08, 0x78, 0x6B, 0x3B,
  0x80, 0x80, 0x80, 0x80, 0x80, 0x80, 0x80, 0x80,
  0x08, 0x08, 0x08, 0x08, 0x08, 0x80, 0x80, 0x80,
  0x80, 0x80, 0x90, 0xFF, 0xFF, 0xB6, 0x08, 0x08,
  0x88, 0x00, 0x88, 0x00, 0x88, 0x00, 0xF8, 0x03,
  0xF8, 0xE3, 0xB3, 0x48, 0x8B, 0x80, 0x80, 0x80,
  0x80, 0x80, 0x80, 0x80, 0x3F, 0xF0, 0xD3, 0x08,
  0x58, 0x0B, 0x08, 0x08, 0x88, 0x00, 0x88, 0x00,
  0x88, 0x00, 0x88, 0x00, 0x88, 0x00, 0x08, 0x08,
  0x77, 0x07, 0x08, 0x08, 0x08, 0x08, 0x88, 0x00,
  0x08, 0x78, 0x7B, 0x0B, 0x87, 0x00, 0x88, 0x00,
  0xF8, 0x08, 0x08, 0x08, 0xE8, 0x08, 0x08, 0x0E,
  0xB8, 0x08, 0x8D, 0x8B, 0xD0, 0xB8, 0x8C, 0xCB,
  0xB8, 0xC8, 0x0C, 0xCB, 0xB8, 0xC0, 0x8B, 0x0C,
  0xBC, 0xC0, 0x80, 0x8B, 0x8C, 0x80, 0x0D, 0x08,
  0x08, 0x08, 0x78, 0x80, 0x04, 0x03, 0x04, 0x03,
  0x35, 0x40, 0x33, 0x04, 0x07, 0x21, 0x22, 0x33,
  0x43, 0x33, 0x43, 0x43, 0x48, 0x32, 0x03, 0x34,
  0x84, 0x03, 0x04, 0x03, 0x84, 0x40, 0x80, 0x85,
  0x80, 0x80, 0x80, 0x80, 0x80, 0x80, 0x00, 0x88,
  0xCF, 0x80, 0xF0, 0x88, 0xD0, 0x08, 0x3C, 0x8B,
  0xD0, 0x08, 0xC8, 0x08, 0x0D, 0x08, 0xC8, 0x08,
  0xD0, 0x08, 0x08, 0x3D, 0x0C, 0x08, 0xC8, 0x84,
  0x8B, 0x00, 0x88, 0x80, 0xF0, 0xC3, 0x80, 0x08,
  0x80, 0x08, 0xF0, 0xC3, 0x08, 0x08, 0x08, 0x08,
  0x08, 0xF8, 0x03, 0x3E, 0x3B, 0x0C, 0x08, 0x08,
  0x08, 0x08, 0x08, 0xB7, 0x50, 0x3C, 0x4B, 0x8B,
  0x40, 0xB8, 0x58, 0xB8, 0x84, 0x80, 0x3C, 0x4B,
  0x08, 0xC8, 0x48, 0x0B, 0xB4, 0x88, 0x80, 0x00,
  0x88, 0x00, 0x08, 0x88, 0x00, 0x88, 0x00, 0x88,
  0x00, 0x3F, 0xEF, 0x80, 0x80, 0x80, 0x80, 0x80,
  0x08, 0x80, 0x08, 0x80, 0xF8, 0xAF, 0x80, 0x80,
  0x00, 0x88, 0x00, 0x08, 0x08, 0x08, 0x08, 0x88,
  0x80, 0x80, 0x80, 0x80, 0x77, 0x8C, 0x77, 0x08,
  0x08, 0xF8, 0x03, 0x08, 0x08, 0x08, 0x08, 0x08,
  0x08, 0x08, 0x08, 0x08, 0x08, 0x80, 0x08, 0x08,
  0x08, 0xFF, 0x8F, 0x08, 0x3F, 0x8C, 0x80, 0x0C,
  0xC8, 0x08, 0x0D, 0xB8, 0xC8, 0xC8, 0xC0, 0xC0,
  0x8A, 0x0B, 0xCC, 0xB0, 0xC0, 0x0B, 0x0C, 0x0C,
  0x8B, 0x8B, 0x8C, 0xC0, 0x08, 0x08, 0x0E, 0x08,
  0x88, 0x50, 0x80, 0x50, 0x48, 0x08, 0x24, 0x40,
  0x83, 0x53, 0x32, 0x30, 0x34, 0x34, 0x43, 0x42,
  0x02, 0x43, 0x42, 0x32, 0x03, 0x34, 0x84, 0x43,
  0x80, 0x34, 0x38, 0x00, 0x04, 0x08, 0x05, 0x08,
  0x68, 0x8B, 0xB4, 0x30, 0x0C, 0x08, 0x08, 0xE8,
  0x80, 0x80, 0x80, 0x8E, 0x00, 0x0D, 0x08, 0xC8,
  0x08, 0x0D, 0x08, 0xC8, 0x08, 0x08, 0x0E, 0x08,
  0xC8, 0x08, 0x08, 0xE8, 0x80, 0x80, 0x80, 0xF0,
  0xB3, 0x08, 0x88, 0x00, 0x88, 0x3F, 0x0C, 0x08,
  0x08, 0x08, 0x08, 0x08, 0x08, 0x08, 0x08, 0x08,
  0xF8, 0x8F, 0xB6, 0x08, 0x08, 0x80, 0x08, 0x80,
  0x08, 0x08, 0x80, 0x08, 0x80, 0x08, 0x3F, 0x80,
  0x08, 0x08, 0x08, 0x08, 0xF8, 0xCF, 0x80, 0x08,
  0x08, 0x80, 0x08, 0x3F, 0x9F, 0x80, 0x80, 0x80,
  0x08, 0x08, 0x80, 0x08, 0xF0, 0x0F, 0x88, 0x00,
  0x08, 0x88, 0x00, 0x88, 0x00, 0x08, 0x08, 0x08,
  0x08, 0x88, 0x80, 0x80, 0x80, 0x80, 0x80, 0x00,
  0x00, 0x00, 0x00, 0x00, 0x00, 0x00, 0x00, 0x77,
  0x77, 0x80, 0x80, 0x80, 0x00, 0x88, 0x00, 0x08,
  0x08, 0x08, 0x08, 0x77, 0x84, 0x00, 0x08, 0x88,
  0x00, 0x88, 0x00, 0x88, 0x00, 0x08, 0x08, 0x08,
  0x88, 0x80, 0xF0, 0xFF, 0x8D, 0x8F, 0x80, 0xD8,
  0xC0, 0x08, 0x8C, 0x8B, 0x8C, 0x0C, 0xBC, 0xC0,
  0xB0, 0x8C, 0x0B, 0xBC, 0xC8, 0xC0, 0x0B, 0x0C,
  0xAC, 0x08, 0x0C, 0x0C, 0x08, 0xC8, 0x80, 0x80,
  0x80, 0xB6, 0x84, 0x30, 0x80, 0x05, 0x43, 0x30,
  0x40, 0x34, 0x78, 0x10, 0x22, 0x23, 0x33, 0x84,
  0x43, 0x33, 0x34, 0x83, 0x34, 0x34, 0x48, 0x48,
  0x02, 0x83, 0x04, 0x03, 0x58, 0x80, 0x04, 0x08,
  0x08, 0x08, 0x08, 0x88, 0x00, 0x88, 0x00, 0xDF,
  0x08, 0xF0, 0x08, 0x08, 0x8D, 0xC0, 0x08, 0x08,
  0x8D, 0x80, 0xD0, 0x80, 0xD0, 0x80, 0x08, 0x8C,
  0x80, 0xE0, 0x80, 0x80, 0x80, 0x8D, 0x80, 0xE0,
  0x03, 0x8C, 0x80, 0x00, 0x88, 0xF0, 0x80, 0x80,
  0x80, 0x80, 0x08, 0x80, 0x08, 0x80, 0x08, 0x80,
  0x80, 0x80, 0x80, 0x80, 0x08, 0x08, 0x08, 0x08,
  0x08, 0x08, 0x00, 0x00, 0x00, 0x00, 0x00, 0x00,
  0x00, 0x00, 0x00, 0x00, 0x00, 0x00, 0x00, 0x00,
  0x00, 0xF0, 0xFF, 0x8F, 0x80, 0x80, 0x80, 0x80,
  0x08, 0x80, 0x80, 0x80, 0x80, 0xF0, 0xF3, 0x0F,
  0x08, 0x88, 0x80, 0x00, 0x88, 0x00, 0x88, 0x80,
  0x80, 0x80, 0xF0, 0xF3, 0x5E, 0x8B, 0x80, 0x80,
  0x80, 0x00, 0x88, 0x00, 0x88, 0x00, 0x08, 0x08,
  0x08, 0x78, 0x37, 0x80, 0x80, 0x80, 0x80, 0x80,
  0x80, 0x80, 0x80, 0x70, 0x7B, 0x07, 0x08, 0x08,
  0x08, 0x08, 0x08, 0x08, 0x08, 0x08, 0x08, 0x08,
  0x08, 0x08, 0xF8, 0xFF, 0x88, 0xF0, 0x88, 0x8C,
  0xC0, 0x08, 0x0D, 0x0C, 0x8B, 0x8B, 0x0C, 0x8C,
  0xCB, 0xB8, 0xC8, 0x0C, 0x0C, 0xBB, 0xC8, 0xC0,
  0xC0, 0xB0, 0x08, 0x0C, 0xC8, 0x80, 0x08, 0x80,
  0x08, 0x80, 0x78, 0x01, 0x05, 0x48, 0x40, 0x03,
  0x03, 0x35, 0x84, 0x43, 0x60, 0x20, 0x31, 0x02,
  0x43, 0x33, 0x78, 0x20, 0x02, 0x32, 0x48, 0x83,
  0x34, 0x48, 0x08, 0x03, 0x04, 0x08, 0x85, 0x80,
  0x50, 0x08, 0x08, 0x08, 0x80, 0x08, 0x3F, 0x8C,
  0x80, 0x80, 0xF0, 0x08, 0x80, 0xC8, 0x08, 0x08,
  0x8E, 0xC0, 0x08, 0x08, 0xD8, 0xB3, 0x08, 0x08,
  0x8F, 0x80, 0x80, 0xD0, 0x08, 0x08, 0x08, 0x3F,
  0xB8, 0xB4, 0x08, 0x08, 0x88, 0x00, 0x88, 0x9F,
  0x80, 0x80, 0x80, 0x80, 0x80, 0x80, 0x80, 0x80,
  0x80, 0x80, 0x80, 0x80, 0x80, 0x3F, 0x80, 0xF0,
  0xF3, 0x83, 0x3F, 0x0E, 0x08, 0x08, 0x88, 0x00,
  0x88, 0x80, 0x00, 0x88, 0x00, 0x88, 0xF0, 0x9F,
  0x80, 0x80, 0x08, 0x80, 0x08, 0x80, 0xFF, 0x85,
  0x4B, 0x8B, 0x80, 0x80, 0x80, 0x80, 0x80, 0x80,
  0x80, 0x80, 0x80, 0x00, 0x88, 0x00, 0x08, 0x08,
  0x08, 0x88, 0x80, 0x3F, 0x80, 0x80, 0x80, 0x80,
  0x80, 0x00, 0x00, 0x00, 0x00, 0x00, 0x00, 0x00,
  0x00, 0x00, 0x00, 0x00, 0x00, 0x00, 0x00, 0x00,
  0x00, 0x00, 0x00, 0x00, 0x00, 0x00, 0x00, 0x00,
  0x00, 0x00, 0x00, 0x00, 0x00, 0x00, 0xF0, 0xF2,
  0xFF, 0x09, 0x88, 0x00, 0xF8, 0x0B, 0x08, 0xF0,
  0x89, 0xE0, 0x08, 0xC8, 0x80, 0xC8, 0x08, 0x8D,
  0xC0, 0x08, 0xC8, 0x80, 0xC8, 0x08, 0xD8, 0x08,
  0x08, 0x08, 0xF8, 0x08, 0x80, 0x80, 0x08, 0x07,
  0x08, 0x08, 0x68, 0x80, 0x04, 0x08, 0x84, 0x40,
  0x80, 0x85, 0x30, 0x80, 0x05, 0x48, 0x80, 0x04,
  0x48, 0x80, 0x84, 0x00, 0x84, 0x80, 0x05, 0x08,
  0x04, 0x08, 0x08, 0x08, 0x88, 0x00, 0x88, 0x70,
  0x03, 0x08, 0x08, 0x08, 0x08, 0xDF, 0xB6, 0x03,
  0x8C, 0x80, 0x80, 0x80, 0x80, 0x80, 0x80, 0xAF,
  0x80, 0x08, 0xF0, 0x83, 0x80, 0x80, 0x80, 0xF0,
  0xE3, 0x80, 0x80, 0x80, 0x80, 0x80, 0x80, 0x80,
  0x80, 0x80, 0x80, 0x80, 0x80, 0xFF, 0x0A, 0x08,
  0x9F, 0x08, 0x80, 0x08, 0x80, 0x9F, 0x0E, 0x0C,
  0x08, 0xC8, 0xB3, 0x08, 0x08, 0xB6, 0xC3, 0xB4,
  0x80, 0xC0, 0x08, 0x08, 0x08, 0xF8, 0x80, 0x8B,
  0xCC, 0x80, 0x0C, 0x8B, 0xBC, 0x73, 0x77, 0x00,
  0x88, 0x80, 0x08, 0x0A, 0x09, 0x89, 0x9B, 0xAE,
  0x89, 0x8B, 0x9B, 0xCF, 0x07, 0x67, 0x84, 0x80,
  0x80, 0x00, 0x09, 0x08, 0x88, 0x00, 0x01, 0x8A,
  0x0F, 0x8B, 0x0A, 0x0B, 0x0C, 0x0B, 0x0B, 0x8A,
  0x99, 0x88, 0x0A, 0x89, 0x89, 0x80, 0x80, 0x80,
  0xC0, 0x08, 0x08, 0x08, 0x08, 0x08, 0x9F, 0x80,
  0x80, 0x70, 0x8B, 0x80, 0x80, 0x00, 0x88, 0x00,
  0x88, 0x00, 0x88, 0x67, 0x08, 0x08, 0x07, 0x0C,
  0x08, 0x03, 0x80, 0x8E, 0x00, 0x84, 0x80, 0x80,
  0x0E, 0x0C, 0x08, 0x84, 0x80, 0x8C, 0x80, 0x80,
  0x06, 0x03, 0x0D, 0x08, 0xC8, 0x03, 0x04, 0x08,
  0x8D, 0x80, 0x85, 0x80, 0x8B, 0x50, 0xB8, 0x88,
  0x80, 0x37, 0x8B, 0x0C, 0x08, 0x04, 0x84, 0x40,
  0xAC, 0xB8, 0xB4, 0x48, 0x73, 0x11, 0x89, 0x80,
  0xBA, 0xBF, 0xA9, 0x80, 0x8F, 0x9A, 0xA3, 0x80,
  0x0F, 0x08, 0x84, 0x01, 0x8B, 0x20, 0x27, 0x06,
  0x89, 0x0C, 0x81, 0x86, 0x02, 0x0A, 0x0C, 0x08,
  0x05, 0x05, 0x02, 0x00, 0x1B, 0x8E, 0x09, 0x04,
  0x07, 0x84, 0x01, 0x89, 0x8B, 0x8F, 0x0C, 0x8B,
  0x8B, 0x8A, 0x8B, 0x0D, 0x8B, 0x0B, 0x8A, 0x90,
  0x80, 0x88, 0x80, 0x01, 0x17, 0x07, 0x86, 0x03,
  0x82, 0x81, 0x88, 0x09, 0x09, 0x00, 0x85, 0x85,
  0x85, 0x04, 0x84, 0x03, 0x04, 0x03, 0x84, 0x04,
  0x02, 0x02, 0x02, 0x00, 0x08, 0x0C, 0x9B, 0x8D,
  0x0D, 0x0B, 0x0E, 0x8A, 0x0B, 0x0C, 0x0B, 0x0B,
  0x8A, 0x8B, 0x8C, 0x8A, 0x8B, 0x0C, 0x2A, 0x8A,
  0x8A, 0x80, 0x80, 0x80, 0x80, 0x8F, 0x80, 0x80,
  0x80, 0x80, 0x00, 0x17, 0x08, 0x08, 0x8F, 0x80,
  0x80, 0x80, 0x87, 0x80, 0x80, 0x00, 0x08, 0x87,
  0x80, 0x0C, 0x08, 0x08, 0x86, 0x40, 0x08, 0xB4,
  0xC8, 0x03, 0x8C, 0x80, 0x50, 0x48, 0x08, 0x08,
  0x80, 0x05, 0x08, 0xD8, 0xC8, 0xC0, 0xBB, 0x8F,
  0x8B, 0xAA, 0xAB, 0xAC, 0x8B, 0x80, 0x85, 0x4B,
  0x3B, 0x40, 0x48, 0x38, 0x8B, 0x00, 0x85, 0x04,
  0x03, 0x40, 0x80, 0x35, 0x40, 0x87, 0x12, 0x20,
  0x38, 0x48, 0x05, 0x14, 0x82, 0x0A, 0x08, 0x08,
  0xB4, 0x97, 0x01, 0xB2, 0x8A, 0x8E, 0xB9, 0x00,
  0x02, 0x07, 0x01, 0x08, 0x0B, 0x9F, 0x0C, 0x89,
  0x82, 0x85, 0x84, 0x01, 0x84, 0x82, 0x04, 0x01,
  0x82, 0x0B, 0x9F, 0x8F, 0x0E, 0x8C, 0x0B, 0x8D,
  0x0B, 0x0C, 0x8B, 0x8B, 0x0B, 0x0C, 0x0A, 0x09,
  0x81, 0x01, 0x85, 0x83, 0x85, 0x84, 0x02, 0x82,
  0x03, 0x84, 0x05, 0x03, 0x85, 0x85, 0x85, 0x04,
  0x84, 0x04, 0x83, 0x05, 0x83, 0x84, 0x84, 0x83,
  0x02, 0x01, 0x81, 0x80, 0x80, 0x8A, 0x0B, 0x0F,
  0x8B, 0x8C, 0x0C, 0x0D, 0x8A, 0x0B, 0x1D, 0x0B,
  0x8B, 0x0C, 0x8A, 0x8A, 0x1B, 0x0C, 0x0A, 0x8A,
  0x80, 0x8B, 0x0C, 0x08, 0x0D, 0x08, 0x84, 0x80,
  0x80, 0x60, 0x3B, 0x0C, 0x08, 0x08, 0x0E, 0x08,
  0xC8, 0xC8, 0xC0, 0xC0, 0xB0, 0xC0, 0xB8, 0x8B,
  0x8C, 0xD0, 0x80, 0xC0, 0x08, 0xB4, 0x03, 0x08,
  0x08, 0x08, 0x78, 0x81, 0x50, 0x48, 0x30, 0x04,
  0x43, 0x84, 0x33, 0x34, 0x83, 0x34, 0x40, 0x30,
  0x80, 0x50, 0x3C, 0x80, 0xD0, 0x80, 0xC0, 0x08,
  0xBC, 0x08, 0x0D, 0x0C, 0x8B, 0x8B, 0xD0, 0x08,
  0x0C, 0x08, 0x88, 0x00, 0xF8, 0x08, 0x8C, 0x80,
  0x80, 0x86, 0x84, 0x80, 0x84, 0x80, 0x80, 0x80,
  0x06, 0x03, 0x04, 0x84, 0x84, 0x84, 0x80, 0x84,
  0x80, 0x80, 0xE0, 0x80, 0x80, 0x04, 0x08, 0x85,
  0x97, 0x84, 0x82, 0x82, 0x83, 0x4B, 0x08, 0x8B,
  0x8F, 0x8C, 0x8F, 0x8B, 0x0E, 0x0D, 0x0C, 0x0B,
  0x8B, 0x8B, 0x8C, 0x8A, 0x0B, 0x8A, 0x8A, 0x89,
  0x0A, 0x08, 0x08, 0x08, 0x17, 0x82, 0x83, 0x87,
  0x84, 0x85, 0x84, 0x85, 0x13, 0x03, 0x07, 0x03,
  0x85, 0x84, 0x84, 0x03, 0x83, 0x04, 0x03, 0x02,
  0x02, 0x83, 0x83, 0x82, 0x80, 0x0A, 0x8B, 0x0B,
  0xAF, 0x8C, 0x0E, 0x8C, 0x8B, 0x0D, 0x8C, 0x9A,
  0x0B, 0x9C, 0x9A, 0x9A, 0x9C, 0x0B, 0x0C, 0x0C,
  0x8B, 0x89, 0x0A, 0x08, 0x8B, 0x80, 0x80, 0x60,
  0x80, 0x50, 0x48, 0x38, 0x40, 0x43, 0x83, 0x34,
  0x33, 0x40, 0x84, 0x24, 0x80, 0x84, 0x30, 0x80,
  0x80, 0x00, 0x88, 0x8F, 0x08, 0x0E, 0x08, 0x8C,
  0xC0, 0x08, 0x8C, 0x80, 0x80, 0x80, 0x8E, 0x80,
  0x0D, 0x08, 0x08, 0x08, 0x0F, 0x83, 0x80, 0x0D,
  0x08, 0x08, 0x08, 0x8F, 0x00, 0x08, 0x88, 0x0E,
  0x08, 0x08, 0x08, 0x08, 0x8F, 0x08, 0x08, 0x8E,
  0x80, 0x85, 0x80, 0x80, 0x80, 0x00, 0x88, 0x00,
  0x88, 0x37, 0x08, 0x07, 0x08, 0x85, 0x04, 0x88,
  0x04, 0x08, 0x04, 0x08, 0x85, 0x80, 0x80, 0x86,
  0x80, 0x80, 0x80, 0x00, 0x87, 0x04, 0x83, 0x04,
  0x03, 0x08, 0x05, 0x03, 0x80, 0x8E, 0x8B, 0x8F,
  0x0D, 0x0E, 0x8B, 0x8D, 0x8B, 0x8C, 0x0C, 0x8D,
  0x8A, 0x8B, 0x0B, 0x8C, 0x0B, 0x1D, 0x0A, 0x89,
  0x89, 0x89, 0x80, 0x80, 0x80, 0x80, 0x85, 0x07,
  0x82, 0x97, 0x85, 0x83, 0x85, 0x03, 0x85, 0x84,
  0x84, 0x84, 0x83, 0x84, 0x03, 0x03, 0x03, 0x94,
  0x03, 0x82, 0x83, 0x82, 0x80, 0x80, 0x80, 0x4B,
  0x1F, 0x2B, 0x0D, 0x1B, 0x1B, 0x8C, 0x89, 0x0D,
  0x2A, 0x0D, 0x0A, 0x1C, 0x0C, 0x0A, 0x8C, 0x89,
  0x0A, 0x0E, 0x98, 0xA8, 0x80, 0x0B, 0x0C, 0x0C,
  0xB8, 0x80, 0x80, 0x8D, 0x80, 0x80, 0x0E, 0x08,
  0x08, 0x08, 0x08, 0x88, 0x80, 0x00, 0x88, 0x3F,
  0x80, 0x9F, 0x08, 0x08, 0x08, 0x88, 0x00, 0x88,
  0x00, 0x88, 0x00, 0x77, 0x82, 0x80, 0x80, 0x08,
  0x80, 0x08, 0x08, 0xFF, 0x88, 0x87, 0x0B, 0x08,
  0x08, 0x08, 0x08, 0x08, 0xAF, 0x80, 0x00, 0xF8,
  0x09, 0x80, 0x08, 0x3F, 0x0C, 0x3B, 0x0C, 0x08,
  0x08, 0x08, 0x08, 0x08, 0x08, 0x08, 0x37, 0x8F,
  0x84, 0x00, 0x03, 0x85, 0x04, 0x88, 0x04, 0x03,
  0x04, 0x08, 0x85, 0x84, 0x80, 0x00, 0x04, 0x08,
  0x05, 0x08, 0x85, 0x80, 0x85, 0x03, 0x40, 0x08,
  0x04, 0x08, 0x08, 0x08, 0x8F, 0xCB, 0xCB, 0x8E,
  0x8D, 0x9C, 0x8B, 0x8E, 0x9B, 0x9B, 0x8E, 0x0B,
  0x0D, 0x8B, 0x8B, 0x0C, 0x8B, 0x8B, 0x0B, 0x0C,
  0x0A, 0x8A, 0x3A, 0x3B, 0x08, 0x44, 0x33, 0x27,
  0x23, 0x07, 0x14, 0x85, 0x14, 0x03, 0x86, 0x13,
  0x84, 0x84, 0x84, 0x83, 0x83, 0x84, 0x83, 0x83,
  0x83, 0x02, 0x81, 0x82, 0x89, 0x80, 0x0B, 0x8F,
  0x9A, 0x0D, 0x0C, 0xAB, 0x8B, 0x8C, 0x8E, 0x8B,
  0x0B, 0x0C, 0x8D, 0x09, 0x8B, 0x8B, 0x0A, 0x0B,
  0x0C, 0x8B, 0x8B, 0x0C, 0x08, 0x8D, 0x80, 0x8C,
  0x80, 0x80, 0x80, 0x80, 0x80, 0x9F, 0x08, 0x08,
  0x07, 0x08, 0x80, 0x08, 0x80, 0x08, 0x08, 0x80,
  0x08, 0x80, 0x08, 0x80, 0x08, 0x08, 0x08, 0x08,
  0x80, 0x80, 0x80, 0x00, 0x00, 0x00, 0x00, 0x00,
  0x00, 0x00, 0x00, 0x00, 0x00, 0x00, 0x00, 0x00,
  0x00, 0x00, 0xFF, 0xFF, 0x08, 0x08, 0x08, 0x08,
  0xBF, 0x80, 0x80, 0x80, 0x80, 0x80, 0x80, 0x80,
  0x80, 0x80, 0x77, 0x03, 0x08, 0x08, 0x08, 0x57,
  0x08, 0x08, 0x08, 0x08, 0x08, 0x08, 0x08, 0x08,
  0x08, 0xF8, 0xAF, 0x08, 0xF8, 0xD3, 0x08, 0x08,
  0x08, 0x08, 0x08, 0x17, 0xB5, 0x03, 0x04, 0x03,
  0x50, 0x08, 0x04, 0x08, 0x08, 0x08, 0x8F, 0x4B,
  0x1F, 0x1D, 0x2B, 0x1D, 0x0C, 0x8A, 0x8B, 0x0D,
  0x8A, 0x8C, 0x8B, 0x8E, 0x89, 0x8B, 0x8A, 0x0B,
  0xAC, 0x89, 0xAA, 0x08, 0x8B, 0xB4, 0x84, 0x03,
  0x07, 0x96, 0x86, 0x02, 0x84, 0x84, 0x04, 0x03,
  0x85, 0x84, 0x83, 0x04, 0x83, 0x03, 0x03, 0x03,
  0x14, 0x02, 0x81, 0x84, 0xA2, 0xA2, 0x08, 0x0B,
  0x0C, 0x0C, 0x8E, 0x8B, 0x8C, 0x0A, 0x8F, 0x8A,
  0x0B, 0x0C, 0x0C, 0x8B, 0x89, 0x8C, 0x89, 0x8A,
  0x0B, 0x0C, 0x8B, 0x0C, 0x8C, 0x00, 0xC8, 0x08,
  0x08, 0x0E, 0x83, 0x0C, 0x08, 0x08, 0x3E, 0xC0,
  0x83, 0x80, 0x80, 0x80, 0x8E, 0x04, 0x08, 0x08,
  0x08, 0x08, 0x08, 0x08, 0x08, 0x88, 0x57, 0x80,
  0x08, 0x08, 0x80, 0x27, 0x08, 0x80, 0x08, 0x08,
  0x80, 0x08, 0x80, 0x77, 0x0D, 0x08, 0x08, 0x0E,
  0x0C, 0x08, 0x0C, 0x8B, 0xD0, 0x80, 0xAC, 0x88,
  0x8B, 0x0D, 0x8C, 0xC0, 0x80, 0x8B, 0x80, 0x80,
  0x8E, 0x80, 0x80, 0x70, 0x08, 0x03, 0x04, 0x58,
  0x83, 0x34, 0x48, 0x83, 0x84, 0x43, 0x83, 0x34,
  0x83, 0x04, 0x43, 0x80, 0x04, 0x03, 0x04, 0x08,
  0x85, 0x80, 0x85, 0x80, 0x80, 0xB5, 0xB3, 0x88,
  0x00, 0x8F, 0x0B, 0x8C, 0x8B, 0x8F, 0x8D, 0x0B,
  0x8C, 0x8B, 0x0F, 0x0C, 0x8B, 0x0C, 0x0C, 0x8A,
  0x8B, 0x8C, 0x8C, 0x0A, 0x0D, 0x0B, 0x8C, 0x09,
  0x0B, 0x8A, 0x0A, 0x08, 0x8B, 0x04, 0x03, 0x04,
  0x07, 0x14, 0x06, 0x84, 0x84, 0x05, 0x03, 0x84,
  0x04, 0x02, 0x04, 0x84, 0x83, 0x84, 0x03, 0x83,
  0x83, 0x84, 0x83, 0x01, 0x08, 0x08, 0x08, 0x8B,
  0x0C, 0x0C, 0x0C, 0x8E, 0x89, 0x8C, 0x0C, 0x8C,
  0x0B, 0x8A, 0x0D, 0x0C, 0x0A, 0x8C, 0x89, 0x0A,
  0x0B, 0x0C, 0x08, 0x0C, 0x0C, 0x08, 0x0C, 0x08,
  0x8C, 0x80, 0x80, 0x60, 0x3B, 0x3C, 0x00, 0x0D,
  0x08, 0x88, 0x00, 0x88, 0x80, 0xF0, 0x09, 0x08,
  0x8F, 0xC0, 0x80, 0xC0, 0x08, 0xC8, 0x80, 0xC8,
  0x08, 0x08, 0x8E, 0x80, 0x80, 0x80, 0x8E, 0x80,
  0x80, 0x06, 0x08, 0x58, 0x80, 0x40, 0x08, 0x04,
  0x84, 0x40, 0x08, 0x84, 0x84, 0x80, 0x04, 0x48,
  0x80, 0x80, 0x80, 0x80, 0x80, 0x80, 0x80, 0x80,
  0xCF, 0x80, 0x80, 0x80, 0xF0, 0xE3, 0x08, 0xB4,
  0x08, 0xC4, 0x80, 0xB4, 0x03, 0x08, 0x08, 0x08,
  0x08, 0x80, 0x78, 0x02, 0x08, 0x07, 0x08, 0x85,
  0x80, 0x85, 0x84, 0x80, 0x40, 0x08, 0x58, 0x8B,
  0x80, 0x80, 0x80, 0x8E, 0x0C, 0x0C, 0x8B, 0x8F,
  0x8C, 0x8B, 0x8C, 0x8E, 0x0A, 0x8D, 0x0B, 0x0B,
  0x0E, 0x8B, 0x0C, 0x8A, 0x0C, 0x0B, 0x8B, 0x8B,
  0x8A, 0x8D, 0x89, 0x80, 0x80, 0x80, 0x85, 0x03,
  0x07, 0x04, 0x05, 0x05, 0x84, 0x13, 0x85, 0x84,
  0x04, 0x03, 0x84, 0x03, 0x84, 0x84, 0x03, 0x02,
  0x03, 0x02, 0x03, 0x84, 0x82, 0x80, 0x00, 0x88,
  0x4B, 0x0C, 0x8F, 0x09, 0x8C, 0x0C, 0x89, 0x8C,
  0x8B, 0x8C, 0xB9, 0xAA, 0x8E, 0xA9, 0xAA, 0x8B,
  0x8E, 0x0C, 0x0A, 0xBA, 0x8A, 0x0B, 0x8C, 0x8B,
  0x08, 0x8D, 0x80, 0x0D, 0x08, 0x0D, 0x83, 0x80,
  0x50, 0x80, 0x85, 0x30, 0x40, 0x40, 0x48, 0x48,
  0x38, 0x30, 0x40, 0x08, 0x04, 0x84, 0x84, 0x80,
  0x00, 0x88, 0x87, 0x80, 0x80, 0xD0, 0x08, 0x08,
  0x08, 0xF0, 0x08, 0x0C, 0x08, 0xC8, 0x08, 0xC8,
  0x08, 0x08, 0x8E, 0xC0, 0x08, 0x8C, 0x80, 0x80,
  0xE0, 0x03, 0x08, 0x08, 0x08, 0x8F, 0x80, 0x80,
  0x80, 0x80, 0x80, 0x17, 0x08, 0x08, 0x80, 0x08,
  0x08, 0x80, 0x47, 0x08, 0x08, 0x17, 0x88, 0x00,
  0x06, 0x08, 0x04, 0x08, 0x05, 0x08, 0x85, 0x80,
  0x85, 0x80, 0x04, 0x03, 0x08, 0x08, 0x08, 0x08,
  0x9F, 0x08, 0x80, 0x8F, 0x8B, 0x8C, 0x8F, 0x0A,
  0x8D, 0x8B, 0x8C, 0x8E, 0x0A, 0x8B, 0x0E, 0x8A,
  0x8C, 0x0A, 0x0D, 0x0B, 0x0B, 0x8B, 0x8C, 0x89,
  0x8C, 0x29, 0x0B, 0x3B, 0x80, 0x80, 0x86, 0x84,
  0x06, 0x03, 0x97, 0x85, 0x83, 0x03, 0x05, 0x03,
  0x03, 0x87, 0x83, 0x03, 0x84, 0x03, 0x83, 0x95,
  0x83, 0x82, 0x93, 0x01, 0xA2, 0x02, 0x08, 0x8C,
  0xC0, 0x08, 0x8C, 0x8B, 0x1F, 0x1D, 0x0B, 0x8A,
  0x00, 0x8B, 0x8B, 0x3C, 0x0C, 0x3C, 0x8B, 0x3C,
  0x8B, 0x80, 0x4D, 0x3B, 0x0C, 0x8B, 0x80, 0x0D,
  0x08, 0x08, 0x0E, 0x08, 0x88, 0x8C, 0x80, 0xE0,
  0x08, 0x08, 0x08, 0x8E, 0x80, 0x80, 0x80, 0x80,
  0x80, 0x80, 0x00, 0x88, 0x00, 0xFF, 0x04, 0x08,
  0x08, 0x08, 0x08, 0x9F, 0x85, 0x00, 0x88, 0x00,
  0x0F, 0x08, 0x08, 0x08, 0x08, 0x3F, 0x8B, 0x80,
  0x80, 0x8E, 0x04, 0x3C, 0x8B, 0x80, 0x00, 0x88,
  0x00, 0x88, 0x9F, 0x80, 0x80, 0x80, 0x80, 0x80,
  0x80, 0x80, 0x67, 0x08, 0x08, 0x08, 0x80, 0x08,
  0x80, 0x08, 0x80, 0x77, 0x80, 0x80, 0x07, 0x08,
  0x04, 0x08, 0x85, 0x80, 0x85, 0x80, 0x04, 0x03,
  0x58, 0x80, 0x04, 0x48, 0x8B, 0x04, 0x08, 0x08,
  0x08, 0x8F, 0x00, 0x8C, 0x8B, 0x8C, 0x8F, 0x8C,
  0x89, 0x8C, 0x9C, 0x0C, 0x0E, 0x8A, 0x8B, 0x8C,
  0xAA, 0xAB, 0x9C, 0x0C, 0x8D, 0x9A, 0xA9, 0xA9,
  0xBA, 0x8A, 0x0B, 0x8C, 0x8B, 0x80, 0x86, 0x84,
  0x06, 0x03, 0x87, 0x04, 0x13, 0x14, 0x04, 0x05,
  0x03, 0x85, 0x13, 0x83, 0x86, 0x83, 0x03, 0x84,
  0x83, 0x83, 0x83, 0x12, 0x82, 0x82, 0x00, 0x88,
  0x8B, 0x08, 0x8E, 0xCB, 0x8B, 0xBC, 0x8B, 0x9F,
  0x8C, 0xA9, 0x0B, 0x8E, 0x8B, 0x0A, 0x0E, 0x0A,
  0x8C, 0x89, 0x8A, 0x8A, 0x0B, 0x8C, 0x80, 0x0C,
  0x88, 0x8C, 0x80, 0x8D, 0x80, 0x80, 0x80, 0x80,
  0x80, 0x80, 0x00, 0x88, 0x80, 0x80, 0x80, 0x80,
  0x00, 0x77, 0x0D, 0x78, 0x81, 0x80, 0x80, 0x80,
  0x08, 0x80, 0x08, 0x80, 0x08, 0x80, 0x08, 0x80,
  0x80, 0x80, 0x80, 0xFF, 0xAF, 0x80, 0x80, 0x80,
  0x00, 0x88, 0x00, 0xFF, 0x09, 0x80, 0x80, 0x80,
  0x08, 0xBF, 0x08, 0x08, 0x17, 0x80, 0x80, 0x80,
  0x80, 0x80, 0x37, 0x00, 0x08, 0x08, 0x27, 0x80,
  0x80, 0x80, 0x27, 0x80, 0x80, 0x80, 0x80, 0xB7,
  0x87, 0x80, 0x00, 0x88, 0xB7, 0x03, 0x08, 0x08,
  0x08, 0x88, 0x00, 0xF8, 0x89, 0x80, 0x08, 0x9F,
  0xD0, 0xC0, 0x0B, 0x3C, 0x0F, 0x0A, 0x8C, 0x19,
  0x8C, 0x2C, 0x8C, 0x09, 0x0D, 0x1B, 0x8B, 0x0A,
  0x1E, 0x8B, 0x89, 0x2D, 0x8C, 0x89, 0x2C, 0x0C,
  0x0A, 0x8A, 0x80, 0x8A, 0x08, 0x80, 0x05, 0x84,
  0x84, 0x07, 0x83, 0x04, 0x86, 0x84, 0x84, 0x84,
  0x84, 0x02, 0x84, 0x84, 0x02, 0x02, 0x03, 0x04,
  0x82, 0x03, 0x03, 0x82, 0x06, 0x08, 0x88, 0x00,
  0x88, 0x00, 0x0D, 0x0C, 0x8B, 0x4B, 0x8F, 0x09,
  0x8A, 0x0D, 0x0A, 0x0D, 0x0A, 0x8A, 0x0A, 0x0F,
  0x0A, 0x0A, 0x8A, 0x8A, 0xC0, 0x80, 0x8B, 0x8C,
  0x80, 0x80, 0x0E, 0x08, 0x08, 0x08, 0x8F, 0x80,
  0x00, 0x88, 0x00, 0x08, 0x88, 0x00, 0x88, 0x00,
  0x08, 0x08, 0x08, 0x77, 0x02, 0x08, 0x08, 0x08,
  0x08, 0x78, 0x0B, 0x08, 0x78, 0x04, 0x88, 0x00,
  0x08, 0x88, 0x00, 0x88, 0x00, 0x88, 0x00, 0x08,
  0x08, 0x08, 0xFF, 0x9F, 0x08, 0x9F, 0x00, 0x0E,
  0x88, 0x8B, 0x80, 0x8E, 0x8B, 0x80, 0x80, 0x8E,
  0x80, 0x8C, 0x80, 0xF0, 0x80, 0x80, 0x80, 0x80,
  0x80, 0x80, 0x80, 0x17, 0x60, 0x80, 0x04, 0x03,
  0x84, 0x44, 0x02, 0x83, 0x07, 0x02, 0x22, 0x30,
  0x40, 0x48, 0x08, 0x48, 0x80, 0x40, 0x80, 0x80,
  0x8D, 0x80, 0x0D, 0x8F, 0xA0, 0x8A, 0x8A, 0x0F,
  0x0C, 0x8B, 0x8B, 0x8C, 0x8E, 0x9A, 0x0B, 0x0C,
  0x0C, 0x8D, 0x0A, 0x0B, 0x8B, 0x0C, 0x8C, 0x09,
  0x0D, 0x89, 0x0A, 0x08, 0x80, 0x80, 0x08, 0x85,
  0x07, 0x84, 0x03, 0x04, 0x05, 0x84, 0x86, 0x83,
  0x84, 0x84, 0x03, 0x02, 0x04, 0x83, 0x04, 0x83,
  0x03, 0x83, 0x04, 0xA4, 0x84, 0x01, 0x80, 0x80,
  0x08, 0x80, 0x0C, 0x8C, 0x80, 0x8B, 0x0D, 0x8F,
  0x0A, 0x8A, 0x8D, 0x89, 0x8A, 0x8A, 0x0C, 0x8F,
  0x09, 0x2A, 0x8A, 0x0B, 0x0C, 0x0C, 0x8B, 0x80,
  0x00, 0x3E, 0x08, 0x8C, 0x80, 0x00, 0x88, 0x00,
  0x88, 0x80, 0x00, 0x88, 0x00, 0x88, 0x00, 0x88,
  0x80, 0x80, 0xFF, 0x8F, 0xF0, 0x80, 0x80, 0x08,
  0x8D, 0x80, 0x0D, 0x08, 0xD8, 0x80, 0x0C, 0x08,
  0x08, 0x0E, 0x08, 0x08, 0x8D, 0x80, 0x80, 0x80,
  0x80, 0x80, 0x80, 0x80, 0x37, 0x80, 0x17, 0x08,
  0x05, 0x48, 0x80, 0x85, 0x80, 0x04, 0x48, 0x80,
  0x40, 0x80, 0x80, 0x80, 0x08, 0x70, 0x00, 0x08,
  0xB6, 0x03, 0x08, 0x08, 0x08, 0x07, 0x08, 0x80,
  0x06, 0x88, 0x80, 0x86, 0x00, 0xC3, 0x84, 0x80,
  0x40, 0x80, 0x80, 0x80, 0x08, 0x08, 0x80, 0xAF,
  0x80, 0x8F, 0x8B, 0x8C, 0x0C, 0x0C, 0x8F, 0x09,
  0x0D, 0x89, 0x0C, 0x8B, 0x8C, 0x8B, 0x8C, 0x0C,
  0x0E, 0x89, 0x8C, 0x0A, 0x8B, 0x89, 0x8C, 0x0C,
  0x0A, 0x0B, 0x0B, 0x80, 0x0C, 0x88, 0x85, 0x84,
  0x03, 0x07, 0x03, 0x04, 0x06, 0x03, 0x04, 0x84,
  0x86, 0x02, 0x84, 0x84, 0x02, 0x83, 0x13, 0x03,
  0x83, 0x24, 0x01, 0x04, 0x82, 0x02, 0x83, 0x40,
  0x08, 0x08, 0x8D, 0x8B, 0x80, 0x8D, 0x0C, 0x0C,
  0x0C, 0x0B, 0x8F, 0x0A, 0x8A, 0x8A, 0x8E, 0x0A,
  0x8A, 0x0B, 0x0C, 0x8B, 0x0C, 0x0C, 0x0C, 0x8B,
  0x8B, 0xD0, 0x8B, 0xD0, 0x80, 0x8B, 0x80, 0x0E,
  0x08, 0xC8, 0x08, 0x08, 0x08, 0x80, 0x80, 0x9F,
  0x85, 0x04, 0x08, 0x48, 0x80, 0x85, 0x80, 0x04,
  0x03, 0x58, 0x80, 0x04, 0x48, 0x80, 0x80, 0x85,
  0x80, 0x80, 0x00, 0x88, 0x00, 0x08, 0x88, 0x00,
  0xDF, 0x08, 0x80, 0x8F, 0x08, 0x08, 0xE8, 0x08,
  0x8C, 0x04, 0x8C, 0x00, 0x88, 0xD0, 0x08, 0x08,
  0x08, 0x08, 0x08, 0x08, 0x08, 0x08, 0x08, 0x77,
  0x08, 0x08, 0x87, 0x80, 0x80, 0x05, 0x03, 0x08,
  0x05, 0x08, 0x04, 0x58, 0x80, 0x04, 0x08, 0x08,
  0x05, 0x88, 0x00, 0x86, 0x80, 0x8C, 0x80, 0x80,
  0x0E, 0x0C, 0x0C, 0x0B, 0x8C, 0x0B, 0x8C, 0x8F,
  0x89, 0x8C, 0x0C, 0x0C, 0x0C, 0x8B, 0x89, 0x8C,
  0x0C, 0x1E, 0x0B, 0x0B, 0x8B, 0x0C, 0x8C, 0x09,
  0x8A, 0x0A, 0x8B, 0x80, 0x3C, 0x80, 0x80, 0x06,
  0x07, 0x01, 0x04, 0x86, 0x83, 0x05, 0x83, 0x06,
  0x82, 0x03, 0x84, 0x85, 0x83, 0x03, 0x02, 0x04,
  0x83, 0x03, 0x82, 0x02, 0x83, 0x84, 0x80, 0x80,
  0x80, 0x0E, 0xC8, 0x8B, 0x0C, 0x0C, 0x0C, 0xBB,
  0x0C, 0x8B, 0x8C, 0x8B, 0x0C, 0x8C, 0x8B, 0x08,
  0x8D, 0x80, 0x80, 0x3E, 0x80, 0x80, 0x80, 0x80,
  0x80, 0x17, 0x80, 0x80, 0x80, 0x80, 0x80, 0x80,
  0x80, 0x08, 0x80, 0x08, 0xFF, 0x8A, 0x80, 0x80,
  0x80, 0x80, 0x08, 0xFF, 0x08, 0x08, 0x08, 0x08,
  0xF8, 0x0A, 0x08, 0x08, 0x88, 0x00, 0x88, 0x00,
  0x88, 0xFF, 0x88, 0x80, 0x80, 0x80, 0x80, 0xBF,
  0x08, 0x08, 0x08, 0x08, 0x08, 0x08, 0xFF, 0x08,
  0x08, 0x08, 0x08, 0x08, 0xBF, 0x80, 0x80, 0x80,
  0x27, 0x80, 0x80, 0x9F, 0x85, 0x00, 0x88, 0x05,
  0x08, 0x08, 0x08, 0x87, 0x80, 0x04, 0x08, 0x04,
  0x08, 0x04, 0x08, 0x05, 0x08, 0x85, 0x80, 0x85,
  0x80, 0x80, 0x50, 0x80, 0x80, 0x80, 0x3F, 0x8B,
  0x80, 0x3D, 0x4B, 0x8B, 0x0C, 0x0C, 0x8F, 0x09,
  0x8A, 0x8A, 0x8F, 0x0A, 0x0C, 0x0C, 0x8B, 0x8B,
  0x8C, 0x0C, 0x8E, 0x0A, 0x0B, 0x8D, 0x09, 0x8B,
  0x8B, 0x0A, 0xBB, 0xB0, 0x88, 0xD0, 0xC3, 0x03,
  0xB4, 0x07, 0x01, 0x04, 0x06, 0x82, 0x85, 0x84,
  0x03, 0x84, 0x85, 0x03, 0x84, 0x03, 0x84, 0x03,
  0x84, 0x12, 0x83, 0x84, 0x03, 0x21, 0x02, 0x02,
  0x08, 0x84, 0x80, 0x4C, 0x8B, 0x8B, 0x80, 0x8D,
  0x0C, 0x0C, 0x0C, 0x0B, 0x8C, 0x0B, 0x8C, 0x8F,
  0x89, 0x0A, 0x0B, 0x8B, 0x0C, 0xC8, 0x80, 0x80,
  0x0D, 0x0C, 0x88, 0x8B, 0x08, 0x08, 0x80, 0xF8,
  0x09, 0x08, 0x08, 0x08, 0x08, 0xAF, 0x08, 0x80,
  0x08, 0x08, 0x80, 0x08, 0x80, 0x08, 0x80, 0x08,
  0x08, 0x08, 0x08, 0x80, 0x80, 0x80, 0x00, 0x00,
  0x00, 0x00, 0x00, 0x00, 0xFF, 0xFF, 0x08, 0x08,
  0x08, 0xAF, 0x80, 0x80, 0x80, 0x9F, 0x05, 0x0C,
  0x08, 0x88, 0x00, 0x88, 0x00, 0x88, 0x00, 0x88,
  0x00, 0x08, 0x08, 0x78, 0x27, 0x08, 0x07, 0x80,
  0x86, 0x80, 0x04, 0x08, 0x04, 0x08, 0x85, 0x84,
  0x80, 0x80, 0x05, 0x08, 0x04, 0x08, 0x08, 0xB6,
  0xC3, 0x80, 0xB4, 0x08, 0xD8, 0x80, 0xD0, 0x80,
  0x8B, 0x8C, 0x0C, 0x0C, 0x8F, 0x09, 0x0D, 0x8B,
  0x89, 0x8C, 0x89, 0x0D, 0x8C, 0x0B, 0x8C, 0x0C,
  0x1B, 0x1C, 0x8D, 0x09, 0x0A, 0x0A, 0x0B, 0x0B,
  0x0C, 0x08, 0x88, 0x00, 0x88, 0x70, 0x00, 0x07,
  0x02, 0x83, 0x87, 0x84, 0x23, 0x03, 0x87, 0x84,
  0x03, 0x84, 0x84, 0x03, 0x03, 0x83, 0x06, 0x82,
  0x83, 0x03, 0x82, 0x05, 0x01, 0x82, 0x80, 0xB3,
  0x84, 0x00, 0x0D, 0x08, 0x0D, 0x08, 0x0C, 0x8B,
  0x08, 0x0D, 0x8C, 0x0B, 0x8C, 0x8B, 0x8C, 0x8B,
  0x0D, 0x88, 0x0C, 0x8C, 0x8B, 0x80, 0x8D, 0x80,
  0x0D, 0x08, 0xD8, 0x80, 0x80, 0x80, 0x0E, 0x08,
  0x88, 0x00, 0x88, 0x8F, 0x80, 0x05, 0xC8, 0x03,
  0xC8, 0x08, 0x08, 0x08, 0x87, 0x0B, 0x84, 0x8B,
  0x85, 0x80, 0x80, 0x80, 0x80, 0x80, 0x80, 0x80,
  0x80, 0x80, 0x80, 0xFF, 0x85, 0x80, 0x8C, 0x80,
  0x80, 0x80, 0x80, 0x00, 0xAF, 0x80, 0x80, 0x80,
  0x80, 0xAF, 0x80, 0x80, 0x80, 0x9F, 0x08, 0x08,
  0x08, 0xF8, 0x89, 0x80, 0x08, 0xF0, 0x89, 0x80,
  0x80, 0x80, 0x80, 0x80, 0x00, 0x57, 0x08, 0x08,
  0x07, 0x08, 0x08, 0x06, 0x03, 0x84, 0x80, 0x05,
  0x03, 0x58, 0x80, 0x04, 0x48, 0x80, 0x40, 0x08,
  0x3C, 0x80, 0x80, 0x3E, 0x8B, 0x8C, 0x0C, 0x0C,
  0x8B, 0x8F, 0x1C, 0x8B, 0x8A, 0x8D, 0x9C, 0x0C,
  0x0C, 0x8B, 0x8B, 0x8C, 0x0C, 0x0A, 0x8F, 0x88,
  0x89, 0x09, 0x8C, 0x80, 0x0A, 0x08, 0x83, 0xB4,
  0x84, 0x87, 0x82, 0x85, 0x85, 0x02, 0x04, 0x03,
  0x83, 0x06, 0x83, 0x06, 0x81, 0x84, 0x82, 0x84,
  0x02, 0x82, 0x82, 0x84, 0x82, 0x82, 0x83, 0xC0,
  0x83, 0x80, 0x80, 0x00, 0x0F, 0x8B, 0x80, 0x8C,
  0x0C, 0x3C, 0x8B, 0x8B, 0x0D, 0x8C, 0x00, 0x0D,
  0x8B, 0x4B, 0x8B, 0x0C, 0x08, 0x0D, 0x0C, 0x08,
  0x08, 0x8C, 0x80, 0x80, 0x0E, 0x88, 0x80, 0x00,
  0x88, 0x00, 0x08, 0x88, 0x00, 0x88, 0x00, 0x88,
  0x00, 0x3F, 0x08, 0x08, 0x08, 0x80, 0x80, 0x80,
  0x80, 0xFF, 0xAF, 0x80, 0x80, 0xF0, 0x0B, 0xF8,
  0x08, 0x08, 0x08, 0x8F, 0x0B, 0x08, 0x8D, 0xC0,
  0x80, 0xC8, 0x80, 0x80, 0x8D, 0x80, 0x80, 0x80,
  0x80, 0x8F, 0x58, 0x08, 0x08, 0x80, 0x78, 0x80,
  0x84, 0x80, 0x04, 0x03, 0x58, 0x80, 0x84, 0x04,
  0x83, 0x80, 0x05, 0x03, 0x08, 0x05, 0x88, 0x05,
  0x08, 0x04, 0x08, 0x85, 0x80, 0x80, 0x86, 0x80,
  0x80, 0x80, 0x80, 0x80, 0x80, 0x80, 0x80, 0xCF,
  0x80, 0x8F, 0x8B, 0x8C, 0x8B, 0x0D, 0x8C, 0x0B,
  0x8F, 0x8A, 0x0D, 0x0C, 0x0C, 0x89, 0x0C, 0x0C,
  0x8B, 0x8B, 0x0A, 0x0E, 0x0C, 0x89, 0x2C, 0x0C,
  0x8B, 0x89, 0x80, 0x0B, 0x80, 0x80, 0x08, 0x06,
  0x03, 0x84, 0x07, 0x85, 0x03, 0x03, 0x04, 0x06,
  0x03, 0x94, 0x85, 0x03, 0x84, 0x02, 0x84, 0x83,
  0x03, 0x03, 0x04, 0x82, 0x05, 0x01, 0x08, 0x02,
  0x88, 0x80, 0x00, 0x08, 0x88, 0x8F, 0x08, 0x0E,
  0x08, 0x8C, 0x80, 0x8C, 0x0C, 0x0C, 0x0C, 0x08,
  0x0C, 0x8B, 0x80, 0x0D, 0x8C, 0x00, 0x8C, 0x8B,
  0x8C, 0x80, 0x0D, 0xC8, 0x80, 0x0C, 0x08, 0x0D,
  0xB8, 0x88, 0xD0, 0x08, 0x08, 0x0E, 0x08, 0x8C,
  0x84, 0x0B, 0x08, 0x08, 0x08, 0x08, 0x88, 0x70,
  0x82, 0x00, 0x78, 0x00, 0x50, 0x08, 0x80, 0x05,
  0x08, 0x68, 0x08, 0x08, 0x04, 0x08, 0x08, 0x78,
  0x08, 0x80, 0x8C, 0x04, 0x08, 0x0D, 0x08, 0x88,
  0x00, 0x08, 0xF8, 0x88, 0x80, 0x0D, 0x03, 0x08,
  0x8E, 0x00, 0x08, 0x88, 0x00, 0x88, 0x80, 0x00,
  0xB7, 0x08, 0x07, 0x80, 0x86, 0x80, 0x00, 0x04,
  0x04, 0x08, 0x08, 0x86, 0x80, 0x80, 0x86, 0x80,
  0x04, 0x08, 0x08, 0x08, 0x08, 0x07, 0x0C, 0x08,
  0x3D, 0x8B, 0x80, 0x0D, 0x0C, 0x0C, 0x8B, 0x8F,
  0x89, 0x8C, 0x89, 0x0D, 0x8C, 0x0B, 0x8C, 0x89,
  0x8C, 0x0C, 0x8C, 0x0B, 0x8A, 0x0D, 0x0C, 0x0A,
  0x8A, 0x80, 0x8A, 0x0C, 0x08, 0x08, 0x85, 0x80,
  0x85, 0x07, 0x81, 0x87, 0x02, 0x02, 0x83, 0x86,
  0x84, 0x02, 0x03, 0x85, 0x84, 0x03, 0x02, 0x02,
  0x84, 0x03, 0x82, 0x83, 0x83, 0x84, 0x84, 0x80,
  0x80, 0x80, 0x80, 0x0F, 0x8B, 0x08, 0x0D, 0x8C,
  0x0B, 0x8C, 0xCB, 0x08, 0x8C, 0xCB, 0xB8, 0x8C,
  0xC0, 0x80, 0x0C, 0x8C, 0x80, 0x00, 0x3D, 0x0C,
  0x08, 0x08, 0x08, 0x78, 0x08, 0x80, 0x04, 0x58,
  0x08, 0x08, 0x58, 0x80, 0x80, 0x80, 0x06, 0x08,
  0x08, 0x08, 0x08, 0x08, 0x88, 0x00, 0xBF, 0xB7,
  0x08, 0x08, 0x08, 0x08, 0x08, 0x08, 0xAF, 0x08,
  0x08, 0x9F, 0x80, 0x00, 0x88, 0x00, 0x88, 0x00,
  0xBF, 0x88, 0x80, 0x80, 0xF0, 0x8B, 0x80, 0x80,
  0x80, 0xBF, 0x07, 0x08, 0x0D, 0x08, 0x88, 0x00,
  0x08, 0x88, 0x00, 0x78, 0x82, 0x00, 0x88, 0x80,
  0x00, 0x88, 0x57, 0x80, 0x87, 0x80, 0x04, 0x08,
  0xB4, 0x84, 0x80, 0x04, 0x08, 0x08, 0x06, 0x88,
  0xB5, 0x80, 0x04, 0x88, 0x80, 0x00, 0x88, 0x8F,
  0x80, 0x0D, 0x08, 0x0D, 0x08, 0x8C, 0x8B, 0x9F,
  0x0A, 0x8A, 0x0F, 0x0A, 0x8C, 0x0C, 0x89, 0x8C,
  0x89, 0x8C, 0x0C, 0x0C, 0x0A, 0x8C, 0x89, 0x8C,
  0x0A, 0x8A, 0x0B, 0xC8, 0x80, 0x80, 0x80, 0x80,
  0xB7, 0x97, 0xA4, 0x84, 0x82, 0x84, 0x84, 0x03,
  0x03, 0x04, 0x86, 0x83, 0x03, 0x86, 0x02, 0x02,
  0x03, 0x84, 0x04, 0x83, 0x02, 0x85, 0x82, 0x02,
  0x02, 0x03, 0x58, 0x08, 0x08, 0x58, 0x3B, 0x0C,
  0x08, 0x08, 0x08, 0x0F, 0x0C, 0x08, 0x0C, 0x8B,
  0x0C, 0x88, 0x0C, 0x8C, 0x80, 0x8C, 0x0C, 0xC8,
  0x80, 0x0C, 0x08, 0xD8, 0x80, 0x80, 0x80, 0x0E,
  0x08, 0x08, 0x08, 0x88, 0x00, 0x88, 0x00, 0x88,
  0x00, 0x88, 0x00, 0x88, 0x80, 0x80, 0x80, 0x00,
  0x08, 0x08, 0xFF, 0xFF, 0x80, 0x80, 0x80, 0x80,
  0xAF, 0x06, 0x8C, 0x00, 0x08, 0x88, 0x80, 0x00,
  0x9F, 0x80, 0x80, 0x80, 0x80, 0x9F, 0x80, 0x80,
  0x80, 0x80, 0x80, 0x80, 0x80, 0x80, 0x08, 0x80,
  0x08, 0x08, 0x08, 0x08, 0x80, 0x77, 0x37, 0x80,
  0x27, 0x80, 0x80, 0x17, 0x08, 0x68, 0x30, 0x80,
  0x85, 0x00, 0x84, 0x04, 0x08, 0x08, 0x08, 0x87,
  0x80, 0x80, 0x05, 0x08, 0xD8, 0x80, 0x80, 0x0D,
  0x08, 0x0D, 0xAC, 0xB8, 0xC0, 0x8B, 0x0C, 0x8F,
  0x0C, 0x9A, 0x0A, 0x0E, 0x8B, 0x8D, 0x09, 0x0C,
  0x8B, 0x8B, 0x8C, 0x0A, 0x0D, 0x8C, 0x89, 0x89,
  0x8A, 0x8A, 0x80, 0x80, 0x80, 0x80, 0x07, 0x04,
  0x43, 0x03, 0x34, 0x24, 0x07, 0x83, 0x87, 0x03,
  0x12, 0x03, 0x86, 0x02, 0x04, 0x03, 0x83, 0x84,
  0x84, 0x03, 0x03, 0x82, 0x03, 0x83, 0x04, 0x08,
  0x84, 0x80, 0x00, 0x88, 0x00, 0x9F, 0x80, 0x8D,
  0x80, 0x8C, 0x8C, 0x0C, 0x0C, 0x08, 0x8C, 0x8B,
  0x8C, 0x80, 0x0D, 0x08, 0x0D, 0x8B, 0x3C, 0x8B,
  0x80, 0x80, 0x0F, 0x08, 0x08, 0x88, 0x0E, 0x08,
  0x08, 0x08, 0x08, 0x3F, 0x8C, 0x80, 0x00, 0x88,
  0x00, 0x88, 0x80, 0x00, 0x88, 0x00, 0x88, 0x00,
  0x88, 0x80, 0xFF, 0x8D, 0x00, 0x88, 0x00, 0x88,
  0x00, 0x08, 0x08, 0x08, 0x08, 0x88, 0x80, 0x80,
  0x80, 0x80, 0x80, 0x00, 0x00, 0x00, 0x00, 0x00,
  0x00, 0x00, 0x00, 0x00, 0x00, 0x00, 0x00, 0xF0,
  0xF2, 0xFF, 0x09, 0x88, 0x00, 0x88, 0xB7, 0x80,
  0x80, 0x80, 0x80, 0x47, 0x8E, 0xB4, 0xB3, 0x84,
  0x80, 0x80, 0x80, 0x00, 0x07, 0x08, 0x08, 0x08,
  0x08, 0x08, 0xB7, 0x05, 0x08, 0x08, 0x08, 0x8F,
  0x80, 0x80, 0x80, 0x3F, 0x8B, 0x4C, 0x0B, 0x0C,
  0x8B, 0x8B, 0x8C, 0x8B, 0x0F, 0x0D, 0x0A, 0x8A,
  0x8D, 0x0A, 0x8D, 0x8B, 0x0A, 0x0E, 0x0A, 0x0A,
  0x0B, 0x8B, 0x8B, 0x8C, 0x80, 0x80, 0x00, 0x08,
  0x07, 0x85, 0x03, 0x04, 0x07, 0x03, 0x04, 0x84,
  0x84, 0x86, 0x02, 0x82, 0x05, 0x82, 0x83, 0x05,
  0x02, 0x81, 0x84, 0x82, 0x04, 0x08, 0x82, 0x83,
  0x80, 0x04, 0x08, 0x08, 0x08, 0x08, 0xF8, 0x88,
  0x0D, 0x08, 0x0D, 0x0C, 0x0B, 0x88, 0x0C, 0x08,
  0x8D, 0x8B, 0xD0, 0x08, 0x8C, 0x80, 0x8C, 0x00,
  0x8D, 0x80, 0x80, 0x80, 0x80, 0x8F, 0x80, 0x08,
  0x80, 0x08, 0x80, 0x08, 0x80, 0x08, 0x80, 0x08,
  0x80, 0x08, 0x08, 0x08, 0x08, 0x80, 0x80, 0x80,
  0x00, 0x00, 0x00, 0x00, 0x00, 0xF0, 0x02, 0x80,
  0x80, 0xFF, 0xDF, 0xF8, 0x08, 0x08, 0x0E, 0x88,
  0x8B, 0x08, 0x80, 0xBF, 0x08, 0x08, 0x0E, 0x88,
  0x8B, 0x08, 0x8E, 0x00, 0x88, 0x00, 0x88, 0x00,
  0x08, 0x88, 0x00, 0x57, 0x08, 0x78, 0x80, 0x04,
  0x03, 0x04, 0x84, 0x84, 0x30, 0x80, 0x05, 0x03,
  0x04, 0x84, 0x84, 0x80, 0x04, 0x48, 0x80, 0x80,
  0x05, 0x08, 0x88, 0x00, 0x88, 0x00, 0x9F, 0x08,
  0x8E, 0x8B, 0x8C, 0x0C, 0x0C, 0x8B, 0x0C, 0x8C,
  0x8E, 0x89, 0x8A, 0x0E, 0x8C, 0x0B, 0x8A, 0x0D,
  0x0A, 0x0D, 0x0C, 0x0A, 0x0C, 0x0A, 0x8C, 0x89,
  0x0A, 0x0B, 0x8B, 0x80, 0x80, 0x8E, 0x04, 0x88,
  0x04, 0x03, 0x04, 0x84, 0x07, 0x82, 0x85, 0x03,
  0x06, 0x82, 0x05, 0x82, 0x83, 0x84, 0x03, 0x03,
  0x04, 0x84, 0x84, 0x82, 0x04, 0x01, 0x82, 0x80,
  0x84, 0x80, 0x84, 0x80, 0x80, 0x8C, 0x85, 0x0B,
  0x3C, 0x0C, 0x0C, 0x08, 0x0C, 0x08, 0x8C, 0x80,
  0x0C, 0x88, 0x8C, 0x80, 0x80, 0x0F, 0x08, 0x08,
  0x8D, 0x80, 0x80, 0x8D, 0x80, 0x80, 0x0E, 0x08,
  0xD8, 0x80, 0x80, 0x0D, 0x08, 0xD8, 0x80, 0xD0,
  0x80, 0x80, 0x8C, 0x0C, 0x08, 0x08, 0x0E, 0x08,
  0x08, 0x08, 0x08, 0x08, 0x08, 0x08, 0x08, 0x88,
  0x80, 0x80, 0x70, 0x27, 0x08, 0x78, 0x01, 0x88,
  0x07, 0x08, 0x08, 0x88, 0x70, 0x08, 0x08, 0x08,
  0x08, 0x80, 0x80, 0x08, 0x80, 0x08, 0x80, 0x80,
  0xF0, 0x83, 0x80, 0x80, 0x80, 0x80, 0x80, 0x77,
  0x04, 0x08, 0x88, 0x27, 0x80, 0x07, 0x08, 0xB4,
  0x84, 0x84, 0x80, 0x04, 0xC8, 0x03, 0x84, 0x80,
  0x80, 0x80, 0x00, 0x88, 0x80, 0x00, 0x3F, 0x8F,
  0x80, 0x8C, 0x0C, 0x08, 0x0D, 0x8B, 0x0C, 0x8F,
  0x0A, 0x8A, 0xBA, 0x8B, 0x8F, 0x0A, 0x8D, 0x8B,
  0x0A, 0x0E, 0x0C, 0x0A, 0x0C, 0x0A, 0x8C, 0x89,
  0x0A, 0x0B, 0x08, 0x8C, 0x80, 0x80, 0x80, 0x80,
  0x07, 0x04, 0x03, 0x04, 0x07, 0x04, 0x03, 0x04,
  0x84, 0x86, 0x83, 0x13, 0x03, 0x84, 0x84, 0x86,
  0x02, 0x81, 0x83, 0x02, 0x04, 0x01, 0x02, 0x08,
  0x03, 0x08, 0x88, 0x00, 0x88, 0x9F, 0x80, 0x0E,
  0xC8, 0x80, 0x0C, 0x0C, 0x88, 0x8B, 0x0D, 0x8C,
  0x0B, 0x8C, 0x8B, 0xD0, 0x08, 0x0C, 0x88, 0x0C,
  0x08, 0x8D, 0x80, 0x80, 0x3D, 0x80, 0x00, 0x88,
  0x00, 0x88, 0x70, 0x82, 0x00, 0x88, 0x17, 0x80,
  0x80, 0x70, 0x80, 0x80, 0x80, 0x00, 0x88, 0x17,
  0x80, 0x80, 0x80, 0x80, 0x80, 0x80, 0x08, 0x80,
  0xFF, 0x08, 0x08, 0x08, 0x08, 0xAF, 0x80, 0x80,
  0x00, 0x08, 0xAF, 0x08, 0x8F, 0x80, 0x80, 0x80,
  0x80, 0xF0, 0x09, 0x08, 0x08, 0x08, 0x08, 0x08,
  0x80, 0x08, 0x67, 0x08, 0x08, 0x08, 0x08, 0x17,
  0x80, 0x80, 0x07, 0x80, 0x05, 0x08, 0x04, 0x03,
  0x80, 0x80, 0x08, 0xB7, 0x04, 0x08, 0x85, 0x80,
  0x80, 0x80, 0x80, 0x00, 0x08, 0x88, 0x00, 0x88,
  0xEF, 0x08, 0x0F, 0x0C, 0x8B, 0x8B, 0x8C, 0x0C,
  0x0C, 0x8B, 0x8F, 0x0A, 0x0B, 0x8E, 0x89, 0x8C,
  0x0A, 0x8D, 0x8B, 0x0A, 0x0B, 0x8B, 0x8F, 0x0A,
  0x0B, 0x08, 0x0C, 0x0C, 0x08, 0x08, 0x8C, 0xB4,
  0x03, 0x04, 0x84, 0xB4, 0x87, 0x82, 0x04, 0xA4,
  0x96, 0x93, 0x83, 0x03, 0x03, 0x85, 0x03, 0x82,
  0x05, 0x93, 0x04, 0x01, 0x02, 0x02, 0x84, 0x80,
  0x04, 0x03, 0x08, 0x08, 0x78, 0x80, 0x80, 0x80,
  0x80, 0x80, 0x80, 0x80, 0x80, 0xCF, 0x60, 0x3B,
  0x0C, 0x08, 0x08, 0x0F, 0x08, 0x08, 0x08, 0x08,
  0x8F, 0x00, 0x88, 0x00, 0x0F, 0x08, 0x08, 0xD8,
  0x80, 0x80, 0xE0, 0x80, 0x80, 0x80, 0x08, 0x08,
  0x80, 0x08, 0x80, 0x08, 0xF0, 0x0E, 0x08, 0x08,
  0x88, 0x80, 0x00, 0x88, 0x00, 0x88, 0xFF, 0x88,
  0x80, 0x80, 0x80, 0x80, 0x80, 0x80, 0xFF, 0x80,
  0x80, 0x80, 0x8F, 0x08, 0x80, 0x08, 0xF0, 0x88,
  0x80, 0x80, 0x80, 0x80, 0x80, 0x08, 0x80, 0x08,
  0x08, 0x08, 0x08, 0x08, 0x77, 0x05, 0x08, 0x08,
  0x17, 0x80, 0x80, 0x07, 0x80, 0x05, 0x08, 0x84,
  0x80, 0x05, 0x08, 0x04, 0x08, 0x85, 0x80, 0x85,
  0x80, 0x04, 0x08, 0x08, 0x08, 0x08, 0x88, 0x9F,
  0x80, 0x0E, 0x08, 0x0D, 0x0C, 0x8B, 0x8B, 0x8F,
  0x8A, 0x0E, 0x0A, 0x8C, 0x8B, 0x8C, 0x0C, 0xAA,
  0xAA, 0x8A, 0x0F, 0x0C, 0x8B, 0x89, 0x8C, 0x0A,
  0x8A, 0x8E, 0x00, 0x0B, 0x8A, 0x48, 0x0B, 0x08,
  0x07, 0x02, 0x83, 0x43, 0x83, 0x27, 0x01, 0x24,
  0x84, 0x04, 0x85, 0x13, 0x83, 0x84, 0x05, 0x02,
  0x83, 0x84, 0x12, 0x82, 0x83, 0x03, 0x03, 0x04,
  0x88, 0x05, 0x08, 0x08, 0x08, 0x08, 0x08, 0x9F,
  0x08, 0x8E, 0x00, 0x08, 0x0E, 0x88, 0x8B, 0x08,
  0x8E, 0x8B, 0x80, 0x0D, 0x88, 0x00, 0x0F, 0x08,
  0x08, 0x08, 0x0E, 0x08, 0x08, 0xD8, 0x08, 0x08,
  0x08, 0x08, 0x08, 0x08, 0x08, 0x08, 0xDF, 0x80,
  0x08, 0x08, 0x80, 0x08, 0x80, 0x08, 0x08, 0x08,
  0x08, 0x08, 0x80, 0x80, 0xFF, 0x9F, 0x80, 0x08,
  0x08, 0x80, 0xCF, 0x80, 0x08, 0x80, 0x9F, 0x08,
  0x88, 0x00, 0x88, 0xAF, 0x80, 0x80, 0x80, 0x80,
  0x80, 0x80, 0x80, 0x70, 0x07, 0x80, 0x80, 0x80,
  0x80, 0x80, 0x00, 0x57, 0x80, 0x80, 0x17, 0x08,
  0x08, 0x08, 0x07, 0x08, 0x08, 0x08, 0x08, 0x07,
  0x00, 0x88, 0x00, 0x88, 0x00, 0x88, 0x00, 0x88,
  0x00, 0x88, 0x00, 0xFF, 0x8B, 0x80, 0x80, 0xBF,
  0x08, 0x9F, 0x0C, 0x0D, 0x08, 0x0C, 0x8B, 0x08,
  0x0D, 0x8C, 0x0B, 0x8C, 0x8B, 0x8C, 0x8F, 0x0A,
  0x8A, 0x0B, 0x1F, 0x0C, 0x0A, 0x0A, 0x0B, 0x8B,
  0x8B, 0x80, 0x8D, 0x80, 0x4C, 0x0C, 0x83, 0x80,
  0x85, 0x80, 0x04, 0x03, 0x07, 0x83, 0x86, 0x82,
  0x04, 0x03, 0x04, 0x84, 0x04, 0x83, 0x04, 0x01,
  0x04, 0x84, 0x82, 0x83, 0x02, 0x03, 0x84, 0x84,
  0x80, 0x04, 0x08, 0x08, 0x08, 0x08, 0x08, 0x08,
  0xAF, 0x80, 0x08, 0x8F, 0x88, 0x0D, 0x88, 0x00,
  0x0F, 0x08, 0x0C, 0x08, 0x8C, 0x80, 0x80, 0x8D,
  0x80, 0x80, 0x80, 0x80, 0x8F, 0x08, 0x08, 0x08,
  0x8F, 0x84, 0x80, 0x8C, 0x80, 0x80, 0x80, 0x80,
  0x80, 0x80, 0x80, 0x00, 0x08, 0x08, 0x08, 0x08,
  0x88, 0x80, 0x80, 0x80, 0x80, 0x77, 0x57, 0x80,
  0x8F, 0x08, 0x08, 0x08, 0x8F, 0x08, 0x08, 0x8E,
  0x80, 0x80, 0x8D, 0x80, 0x0D, 0x08, 0x08, 0x0E,
  0xB8, 0x08, 0x08, 0x08, 0x08, 0x9F, 0x80, 0x80,
  0x80, 0xF0, 0x09, 0xB5, 0x03, 0x08, 0x08, 0x08,
  0x07, 0x08, 0x80, 0x06, 0x88, 0x85, 0x40, 0x08,
  0x03, 0x04, 0x03, 0x85, 0x40, 0x08, 0x04, 0x48,
  0x08, 0x84, 0x80, 0x00, 0x85, 0x00, 0x88, 0x80,
  0x0F, 0x08, 0x0D, 0x88, 0x8F, 0x80, 0x8A, 0xBB,
  0x8B, 0x8C, 0x8F, 0x0A, 0x8D, 0x8B, 0x0A, 0x0E,
  0x0A, 0x0D, 0x89, 0x0A, 0x8C, 0x0A, 0x8A, 0x8E,
  0x80, 0x0A, 0x0B, 0x80, 0x80, 0x08, 0x80, 0x08,
  0x80, 0x17, 0x86, 0x84, 0x03, 0x07, 0x01, 0x04,
  0x01, 0x85, 0x04, 0x83, 0x94, 0x96, 0x02, 0x02,
  0x01, 0x84, 0x04, 0x81, 0x02, 0x82, 0x03, 0x08,
  0x04, 0x08, 0x85, 0x80, 0x80, 0x80, 0x80, 0x80,
  0x80, 0xAF, 0x80, 0x80, 0x80, 0x9F, 0x08, 0x08,
  0x08, 0x9F, 0x08, 0x08, 0x08, 0x9F, 0x80, 0x00,
  0x88, 0x00, 0x9F, 0x08, 0x08, 0x08, 0x08, 0x9F,
  0x88, 0x00, 0x88, 0x80, 0xAF, 0x80, 0x80, 0x80,
  0xF0, 0x8A, 0x80, 0xF0, 0x09, 0x80, 0x80, 0xF8,
  0x08, 0x08, 0x0E, 0x08, 0xC8, 0x08, 0x08, 0x0E,
  0x08, 0x08, 0x08, 0x0F, 0x08, 0x08, 0x08, 0x08,
  0x08, 0x08, 0x08, 0x88, 0x00, 0x88, 0x70, 0x07,
  0x08, 0x08, 0x78, 0x81, 0x80, 0x80, 0x07, 0x08,
  0x08, 0x05, 0x08, 0x08, 0x88, 0x07, 0x08, 0x08,
  0x80, 0xB7, 0x03, 0x08, 0x85, 0x80, 0x85, 0x80,
  0x80, 0x05, 0x08, 0x08, 0x05, 0x88, 0x05, 0x08,
  0x08, 0x08, 0x08, 0x08, 0x08, 0x08, 0x08, 0xDF,
  0x80, 0x0F, 0x08, 0x8C, 0x8B, 0x8C, 0x0C, 0x0C,
  0x0C, 0x8E, 0x89, 0x0A, 0x0E, 0x0A, 0x8A, 0x0D,
  0x0C, 0x0A, 0x8C, 0x89, 0x0A, 0x8E, 0x09, 0x8A,
  0x0A, 0x08, 0x8C, 0x0B, 0x08, 0x08, 0x08, 0x08,
  0x07, 0x80, 0x86, 0x84, 0x03, 0x43, 0x03, 0x07,
  0x82, 0x05, 0x03, 0x85, 0x03, 0x04, 0x03, 0x04,
  0x01, 0x85, 0x22, 0x82, 0x83, 0x24, 0x80, 0x97,
  0x12, 0x80, 0x03, 0x88, 0x80, 0x00, 0x08, 0x88,
  0x8F, 0x08, 0xE8, 0x80, 0x0C, 0x08, 0x0D, 0x0C,
  0x08, 0x0C, 0x0C, 0x0B, 0x88, 0x0C, 0x8C, 0x80,
  0x8C, 0x0C, 0x08, 0x0D, 0x08, 0x08, 0x8D, 0x80,
  0x80, 0x80, 0x00, 0x88, 0x80, 0x00, 0x88, 0x00,
  0x88, 0x77, 0x00, 0x70, 0x08, 0x80, 0x85, 0x80,
  0x00, 0x68, 0x80, 0x08, 0x08, 0x06, 0x08, 0x88,
  0x0D, 0x88, 0x00, 0x08, 0x88, 0x00, 0xAF, 0x80,
  0x80, 0x80, 0x80, 0xAF, 0x80, 0x80, 0x80, 0x80,
  0xAF, 0x06, 0x08, 0x08, 0x0F, 0x08, 0x08, 0x08,
  0x08, 0x08, 0x08, 0x08, 0x27, 0x08, 0x08, 0x08,
  0x08, 0xB7, 0x87, 0x80, 0x04, 0x08, 0x04, 0x08,
  0x08, 0x86, 0x80, 0x85, 0xB3, 0x84, 0x00, 0x88,
  0x86, 0x00, 0x88, 0x00, 0x88, 0x00, 0x9F, 0x80,
  0x80, 0x8E, 0x0C, 0x0C, 0x0C, 0x08, 0x0C, 0x8F,
  0x09, 0x8A, 0x0A, 0x0F, 0x0A, 0x0A, 0x0D, 0x0A,
  0x8C, 0x89, 0x0A, 0x0B, 0x8B, 0x8F, 0x08, 0x8A,
  0x0B, 0x0C, 0x08, 0x0D, 0x08, 0x0C, 0x08, 0x84,
  0x80, 0x85, 0x03, 0x04, 0x03, 0x84, 0x07, 0x02,
  0x85, 0x82, 0x95, 0x03, 0x84, 0x84, 0x94, 0x83,
  0x82, 0x82, 0x03, 0x83, 0x04, 0x03, 0x04, 0x08,
  0x08, 0x88, 0xB7, 0x84, 0x80, 0x80, 0x8C, 0x85,
  0x8B, 0x00, 0x88, 0x00, 0x8F, 0x80, 0x80, 0x08,
  0x80, 0x08, 0x80, 0x08, 0x80, 0x08, 0x08, 0x08,
  0x08, 0x08, 0x80, 0x80, 0x80, 0x80, 0x80, 0x90,
  0x00, 0x00, 0x00, 0x00, 0x00, 0x00, 0x00, 0x00,
  0x00, 0x00, 0xF0, 0xFF, 0x8F, 0x80, 0x07, 0x0C,
  0x08, 0x08, 0x08, 0x08, 0x8F, 0x08, 0x08, 0x08,
  0x08, 0x9F, 0x80, 0x80, 0x80, 0x80, 0x80, 0xAF,
  0x80, 0x80, 0x80, 0x80, 0x80, 0x80, 0x80, 0x08,
  0x80, 0xFF, 0x8A, 0x80, 0x80, 0x80, 0x08, 0x80,
  0x08, 0x80, 0x08, 0x08, 0x08, 0x77, 0xD7, 0x84,
  0x80, 0x80, 0x80, 0x87, 0x00, 0x03, 0x80, 0x06,
  0x88, 0x85, 0x00, 0x03, 0x08, 0x06, 0x08, 0x84,
  0x80, 0x80, 0x87, 0x0B, 0x80, 0x08, 0x80, 0x3F,
  0x8B, 0x80, 0x0D, 0x0C, 0x08, 0x8C, 0x8F, 0x89,
  0x0A, 0x0B, 0x8B, 0x8F, 0x8A, 0xAA, 0x8B, 0x8B,
  0x8F, 0x0D, 0x0A, 0x0D, 0x8B, 0x89, 0x0A, 0x0E,
  0x08, 0x8A, 0xAA, 0x88, 0x8B, 0x80, 0x0D, 0x88,
  0x05, 0x08, 0x04, 0x84, 0x84, 0x03, 0x04, 0x07,
  0x03, 0x22, 0x02, 0x87, 0x14, 0x83, 0x84, 0x84,
  0x03, 0x01, 0x04, 0x84, 0x82, 0x83, 0x83, 0x43,
  0x08, 0x03, 0x04, 0x08, 0x08, 0x08, 0x08, 0x08,
  0x08, 0x08, 0x08, 0xF8, 0x0F, 0x08, 0x8E, 0x80,
  0x8C, 0x80, 0x00, 0x0F, 0x08, 0x08, 0x0D, 0x08,
  0x08, 0x8D, 0x80, 0x80, 0x80, 0x80, 0x80, 0x9F,
  0x80, 0x80, 0x80, 0x80, 0x80, 0x80, 0x47, 0x8E,
  0x00, 0x08, 0x88, 0x00, 0x88, 0x80, 0x00, 0x88,
  0xDF, 0x80, 0x80, 0x80, 0x9F, 0x80, 0x80, 0x80,
  0x80, 0x80, 0xBF, 0x00, 0x08, 0x88, 0x00, 0x88,
  0xDF, 0x80, 0x80, 0x80, 0x80, 0x80, 0x80, 0x80,
  0x3F, 0x9F, 0x08, 0x08, 0x08, 0x17, 0x08, 0x08,
  0x08, 0x08, 0x08, 0x08, 0x78, 0x85, 0x80, 0x07,
  0x08, 0x04, 0x08, 0x08, 0x86, 0x80, 0x85, 0x80,
  0x04, 0x08, 0x04, 0x08, 0x85, 0x80, 0x80, 0x80,
  0x80, 0x8F, 0x80, 0x08, 0x80, 0x8F, 0xC0, 0x08,
  0x8C, 0x8B, 0x0C, 0x8C, 0x8B, 0x8C, 0x0C, 0x0C,
  0x0C, 0x8E, 0x89, 0x0A, 0x0B, 0x0C, 0x8B, 0x8B,
  0x0C, 0x8C, 0x8B, 0x8C, 0x80, 0x0D, 0x08, 0x0D,
  0x08, 0x8C, 0x80, 0x50, 0x08, 0x08, 0x08, 0x86,
  0x80, 0x85, 0x84, 0x03, 0x03, 0x84, 0x04, 0x03,
  0x17, 0x82, 0x83, 0x03, 0x84, 0x84, 0x84, 0x83,
  0x04, 0x83, 0x04, 0x08, 0x84, 0x04, 0x08, 0x08,
  0x05, 0x08, 0x08, 0x08, 0x08, 0x08, 0x08, 0x08,
  0x08, 0x80, 0x08, 0xFF, 0x09, 0x08, 0x88, 0xF0,
  0x0A, 0x88, 0x00, 0x08, 0xAF, 0x08, 0x08, 0x08,
  0x08, 0x08, 0x08, 0x08, 0x08, 0xFF, 0x09, 0x08,
  0x88, 0x00, 0x88, 0x00, 0x08, 0x08, 0x08, 0x08,
  0x88, 0x80, 0x80, 0x80, 0x80, 0x80, 0x00, 0x00,
  0x00, 0x00, 0x00, 0x00, 0x00, 0x00, 0x00, 0x00,
  0x00, 0x00, 0x00, 0x00, 0x00, 0x00, 0x00, 0xF0,
  0x02, 0xF0, 0x4F, 0xF0, 0xF3, 0x83, 0x80, 0x4D,
  0xB8, 0x08, 0x80, 0x3D, 0x0C, 0x08, 0x08, 0x0E,
  0x08, 0x8C, 0x8B, 0x80, 0x80, 0x70, 0x8B, 0x80,
  0x50, 0x8B, 0x80, 0x08, 0x80, 0x08, 0x80, 0xAF,
  0x8E, 0xC0, 0x80, 0x0C, 0xC8, 0x80, 0xBC, 0xC8,
  0x80, 0xD0, 0xB0, 0xBC, 0xCB, 0xBB, 0x8B, 0xD0,
  0x08, 0xFF, 0x70, 0x77, 0x03, 0x08, 0x08, 0x88,
  0x08, 0x08, 0x08, 0x81, 0xB8, 0xAC, 0xAB, 0xAA,
  0xAB, 0xBA, 0xAC, 0xAA, 0xA9, 0xA9, 0xA9, 0x89,
  0xBA, 0x30, 0x0C, 0x08, 0xBC, 0x0C, 0x77, 0x27,
  0x11, 0x80, 0x80, 0x00, 0x88, 0x90, 0x08, 0x08,
  0x28, 0x28, 0xB3, 0xBB, 0xCB, 0x9F, 0x9A, 0xA8,
  0xBA, 0x8A, 0xAC, 0xAC, 0x8B, 0x84, 0xC0, 0x0B,
  0xAC, 0x88, 0x04, 0x0C, 0x08, 0x08, 0x08, 0x86,
  0x80, 0x0C, 0x88, 0x00, 0x86, 0x80, 0x8C, 0x80,
  0x80, 0x00, 0x08, 0xF8, 0x59, 0x08, 0x80, 0x0D,
  0x08, 0x84, 0x80, 0xD0, 0x08, 0x04, 0xC3, 0x80,
  0x80, 0x80, 0x80, 0x07, 0xD0, 0x30, 0x03, 0xBD,
  0x70, 0x12, 0xAA, 0x3A, 0x16, 0xA2, 0xAC, 0x20,
  0x55, 0xA8, 0xDA, 0x18, 0x34, 0x02, 0xD9, 0xAA,
  0x38, 0x35, 0x22, 0x90, 0xCC, 0xAD, 0x09, 0x73,
  0x43, 0x12, 0x91, 0xBA, 0xAF, 0xAC, 0xBA, 0xA9,
  0xAA, 0xAC, 0xBA, 0x9B, 0xAA, 0x09, 0x08, 0x08,
  0x08, 0x35, 0x57, 0x33, 0x34, 0x21, 0x81, 0x98,
  0x99, 0x10, 0x32, 0x54, 0x35, 0x43, 0x24, 0x24,
  0x43, 0x22, 0x33, 0x33, 0x34, 0x11, 0x81, 0x99,
  0xA9, 0xBC, 0xAE, 0xCB, 0xBB, 0xAB, 0xCB, 0xBA,
  0xAD, 0x9C, 0xB8, 0x80, 0xA9, 0xD0, 0xA9, 0xC9,
  0x08, 0x08, 0x32, 0x08, 0x03, 0x0D, 0xCB, 0xBB,
  0x0C, 0x48, 0x73, 0x31, 0x14, 0x82, 0xA0, 0xAB,
  0xFB, 0xC9, 0xBA, 0xBA, 0xAA, 0xA8, 0xBB, 0xAF,
  0xA9, 0xAA, 0x0B, 0x0C, 0x08, 0x08, 0x08, 0x08,
  0x3F, 0x3B, 0x04, 0x43, 0x73, 0x14, 0x31, 0x40,
  0x28, 0x80, 0x8A, 0xBB, 0x80, 0x80, 0x3D, 0x04,
  0x27, 0x21, 0x22, 0x33, 0x73, 0x12, 0x22, 0x38,
  0x16, 0x42, 0x10, 0x82, 0x30, 0x02, 0x03, 0xC8,
  0xBC, 0xC8, 0x8B, 0x80, 0x80, 0xBE, 0xD0, 0x8A,
  0x0B, 0x84, 0x80, 0xD0, 0xB8, 0x8F, 0x2A, 0x38,
  0x33, 0x03, 0xD0, 0xCB, 0xAE, 0x89, 0x20, 0x33,
  0x33, 0x40, 0x34, 0x48, 0x33, 0x48, 0xC0, 0xFB,
  0xCC, 0xDB, 0xBA, 0xBC, 0xBB, 0xCC, 0xBA, 0xBA,
  0xAB, 0xBA, 0x09, 0x2A, 0x38, 0x32, 0x17, 0x23,
  0x42, 0x22, 0x22, 0x05, 0x14, 0x42, 0x23, 0x54,
  0x42, 0x43, 0x43, 0x24, 0x43, 0x33, 0x33, 0x24,
  0x33, 0x42, 0x10, 0x11, 0xA0, 0xA0, 0xAA, 0xEB,
  0xC9, 0xBB, 0xBC, 0xC9, 0xBB, 0xBC, 0xAB, 0x9C,
  0x9C, 0xA9, 0x9C, 0xAA, 0xB0, 0x8A, 0x0B, 0xC8,
  0x08, 0x0D, 0x08, 0x08, 0x08, 0x78, 0x0B, 0x08,
  0x0D, 0x08, 0x08, 0x08, 0x08, 0x08, 0x78, 0x81,
  0x80, 0x00, 0x88, 0x00, 0x88, 0x00, 0x88, 0x00,
  0x88, 0x77, 0xF2, 0x08, 0x08, 0x08, 0x08, 0x78,
  0x00, 0x04, 0x88, 0x00, 0x08, 0x88, 0x00, 0x88,
  0x70, 0x03, 0x08, 0x08, 0x08, 0xBF, 0xF8, 0xC8,
  0x80, 0x08, 0x08, 0x06, 0x08, 0x88, 0x00, 0x88,
  0x70, 0x41, 0x08, 0x08, 0xE8, 0x0B, 0x8C, 0x8B,
  0x8C, 0x0C, 0xBC, 0xBB, 0x0D, 0xBB, 0xC8, 0x80,
  0x0C, 0x08, 0x08, 0x08, 0x08, 0x08, 0x08, 0x08,
  0x37, 0x07, 0x03, 0x44, 0x33, 0x43, 0x43, 0x30,
  0x03, 0x58, 0x80, 0xBC, 0xB8, 0xBF, 0xBD, 0xCB,
  0xBC, 0xBA, 0xCB, 0x9B, 0x9C, 0x9A, 0x08, 0x0B,
  0x30, 0x48, 0x30, 0x40, 0x80, 0x44, 0x83, 0x34,
  0x33, 0x44, 0x32, 0x37, 0x41, 0x53, 0x42, 0x33,
  0x34, 0x43, 0x43, 0x32, 0x14, 0x33, 0x12, 0x13,
  0x82, 0x02, 0xA8, 0xC8, 0xBB, 0xCB, 0xFB, 0xBA,
  0xDA, 0xBB, 0xCA, 0xC9, 0xB9, 0xAA, 0xAC, 0xAA,
  0xAA, 0x8E, 0xA9, 0xAA, 0xB8, 0xC0, 0x80, 0x0C,
  0x08, 0x08, 0x08, 0x08, 0x80, 0x08, 0x80, 0x08,
  0x80, 0x78, 0x87, 0x00, 0x88, 0x80, 0x00, 0x88,
  0x00, 0x88, 0x80, 0x80, 0x80, 0xF0, 0xBF, 0x08,
  0x08, 0x08, 0x08, 0x57, 0x80, 0x80, 0x80, 0x80,
  0x80, 0x80, 0x80, 0x80, 0xB7, 0x80, 0x80, 0x80,
  0x80, 0xFF, 0x0A, 0x08, 0xF8, 0x89, 0x80, 0xF0,
  0xC3, 0x08, 0xC8, 0x80, 0x80, 0x08, 0x80, 0x08,
  0x80, 0x08, 0x80, 0x08, 0x08, 0x77, 0x00, 0x87,
  0x80, 0x04, 0x03, 0x58, 0x80, 0x04, 0x48, 0x80,
  0x40, 0x08, 0x08, 0x60, 0x08, 0x58, 0x38, 0x40,
  0x03, 0x34, 0x48, 0x80, 0x04, 0x08, 0xD8, 0xC0,
  0xBB, 0xFB, 0x9D, 0xBA, 0xAD, 0xAB, 0xAD, 0xAA,
  0x9C, 0xBA, 0x9B, 0x9C, 0x9A, 0xAA, 0xB0, 0xBB,
  0x08, 0x0D, 0x08, 0x08, 0x08, 0x78, 0x30, 0x43,
  0x43, 0x73, 0x31, 0x54, 0x22, 0x53, 0x22, 0x24,
  0x33, 0x53, 0x21, 0x32, 0x31, 0x11, 0x22, 0x80,
  0x30, 0x0C, 0x8B, 0xBC, 0xBC, 0xBB, 0xBC, 0xBC,
  0xCB, 0xCA, 0x8A, 0xCB, 0xB0, 0x08, 0x0D, 0x08,
  0x08, 0x58, 0x40, 0x48, 0x48, 0x38, 0x30, 0x04,
  0x03, 0x84, 0x04, 0x03, 0x80, 0x08, 0x78, 0x0B,
  0x08, 0x08, 0x08, 0x8F, 0xC0, 0x08, 0xC8, 0x0C,
  0xB8, 0xC8, 0xC8, 0x80, 0x0C, 0xC8, 0xC0, 0x80,
  0x80, 0xD0, 0x08, 0xC8, 0x08, 0x08, 0xE8, 0x80,
  0x80, 0xE0, 0x80, 0x80, 0x80, 0x80, 0x0F, 0x08,
  0x08, 0x08, 0x08, 0x3F, 0x0C, 0x08, 0x3C, 0x0C,
  0x08, 0x08, 0x08, 0x08, 0x08, 0x08, 0x08, 0x08,
  0x08, 0x08, 0x78, 0x07, 0x87, 0x30, 0x80, 0x04,
  0x58, 0x08, 0x03, 0x08, 0x05, 0x08, 0x68, 0x3B,
  0x80, 0x50, 0x08, 0x84, 0x84, 0x80, 0x04, 0x48,
  0x80, 0x80, 0x80, 0x0E, 0xBC, 0xC0, 0x9E, 0xCA,
  0xC9, 0xE9, 0xA8, 0xBA, 0xBA, 0xCB, 0x9B, 0xBC,
  0xAB, 0x9C, 0xAA, 0xAA, 0xAB, 0xAC, 0xB8, 0x80,
  0xD0, 0x83, 0x04, 0x43, 0x54, 0x42, 0x43, 0x53,
  0x42, 0x33, 0x34, 0x43, 0x33, 0x34, 0x24, 0x23,
  0x23, 0x15, 0x22, 0x11, 0x82, 0x22, 0x80, 0x0B,
  0xC8, 0xC0, 0xBB, 0xCB, 0xDC, 0xC8, 0xA9, 0xD9,
  0xA9, 0xA9, 0xAA, 0x0B, 0x8F, 0x09, 0xAA, 0x08,
  0x8B, 0x8B, 0x8C, 0x80, 0xE0, 0x80, 0x80, 0xD0,
  0x08, 0x8C, 0x80, 0x0C, 0x8C, 0x8B, 0x8C, 0x0C,
  0x0C, 0xAC, 0xB8, 0xC0, 0x0C, 0x0B, 0x8C, 0xC0,
  0x80, 0x8B, 0x3C, 0x8B, 0x80, 0x80, 0x3F, 0x0C,
  0x08, 0x84, 0x80, 0x80, 0x80, 0x07, 0x08, 0x48,
  0x80, 0x85, 0x84, 0x30, 0x48, 0x03, 0x84, 0x34,
  0x48, 0x83, 0x34, 0x83, 0x44, 0x02, 0x83, 0x04,
  0x03, 0x04, 0x84, 0x40, 0x08, 0x84, 0x80, 0x50,
  0x08, 0x08, 0x08, 0x08, 0x08, 0x08, 0x08, 0x08,
  0xF8, 0x0D, 0x08, 0x3F, 0x0C, 0x08, 0x08, 0x08,
  0x08, 0x08, 0xB7, 0x04, 0x08, 0x08, 0xF8, 0xB0,
  0x88, 0xCC, 0xCA, 0xBA, 0xCB, 0x9E, 0x9C, 0x9C,
  0xBB, 0xCA, 0x9B, 0x9D, 0xBB, 0xD9, 0xB9, 0xA9,
  0xA9, 0xAD, 0xA0, 0xAA, 0x08, 0x8B, 0x08, 0x85,
  0x34, 0x43, 0x33, 0x37, 0x34, 0x43, 0x25, 0x52,
  0x31, 0x33, 0x43, 0x43, 0x32, 0x23, 0x33, 0x34,
  0x21, 0x14, 0x20, 0x28, 0x80, 0xC0, 0xB0, 0x0C,
  0xAC, 0xBB, 0xBC, 0xCB, 0xCA, 0xFA, 0x99, 0xA9,
  0xAA, 0xBA, 0xB0, 0xBC, 0x0B, 0x8C, 0x8B, 0xD0,
  0x3B, 0x0C, 0x8C, 0x00, 0x0D, 0x08, 0x08, 0x08,
  0xE8, 0x80, 0x80, 0x80, 0x80, 0x80, 0x80, 0x80,
  0x80, 0x80, 0x80, 0x08, 0x80, 0x08, 0x77, 0x04,
  0x88, 0x00, 0x27, 0x08, 0x08, 0xB7, 0x04, 0x08,
  0x08, 0x08, 0x08, 0x08, 0x08, 0x08, 0x08, 0x08,
  0x08, 0x08, 0x08, 0x3F, 0x3F, 0xAF, 0x60, 0xC0,
  0x08, 0x80, 0x08, 0x80, 0x08, 0x3F, 0x0C, 0x88,
  0x4C, 0x8B, 0x80, 0x8C, 0x00, 0x3D, 0x0C, 0x8B,
  0x80, 0x0D, 0x08, 0x0D, 0xC8, 0x80, 0x80, 0x8C,
  0x00, 0x88, 0x00, 0x08, 0x88, 0x27, 0x08, 0x08,
  0x07, 0x08, 0x08, 0x08, 0x08, 0xF0, 0xD3, 0xB8,
  0x08, 0xBD, 0xC8, 0xC0, 0xBB, 0xC0, 0xAC, 0xB8,
  0xCB, 0xB8, 0x8C, 0xCB, 0xB8, 0xC8, 0xC8, 0xC0,
  0x80, 0x8B, 0x08, 0x08, 0x70, 0x48, 0x33, 0x34,
  0x33, 0x47, 0x32, 0x73, 0x12, 0x32, 0x24, 0x52,
  0x21, 0x32, 0x32, 0x24, 0x41, 0x11, 0x12, 0x20,
  0x38, 0x88, 0x00, 0x0D, 0xAC, 0xB8, 0xAC, 0xAC,
  0xBB, 0xBC, 0xCB, 0xBB, 0xCB, 0xCB, 0xBB, 0xBC,
  0xC0, 0xCA, 0xB0, 0x8B, 0x0C, 0xC8, 0xC0, 0x80,
  0xD0, 0x80, 0x80, 0x4C, 0x0B, 0x08, 0x88, 0x00,
  0x88, 0x80, 0x00, 0x88, 0x00, 0x88, 0x80, 0x80,
  0x80, 0x80, 0x00, 0x08, 0x08, 0x78, 0x77, 0x02,
  0x80, 0x80, 0x08, 0x80, 0x80, 0x80, 0x80, 0x80,
  0x08, 0x08, 0x08, 0xF8, 0xF3, 0xDF, 0x08, 0x80,
  0xF8, 0x89, 0x80, 0xF0, 0x88, 0x80, 0x80, 0x8E,
  0x80, 0x80, 0x80, 0x80, 0xF0, 0x83, 0x80, 0x80,
  0x00, 0x08, 0x27, 0x08, 0x08, 0x78, 0x01, 0x68,
  0x80, 0x58, 0x08, 0x80, 0x04, 0x08, 0x85, 0x40,
  0x08, 0x84, 0x84, 0x84, 0x30, 0x08, 0x58, 0x80,
  0x80, 0x80, 0xF0, 0x80, 0x0C, 0xCB, 0x0B, 0xBC,
  0xCB, 0xFA, 0xA9, 0xA9, 0x9D, 0xC9, 0xC9, 0x99,
  0xAB, 0xCA, 0x9A, 0xDA, 0x9A, 0xAA, 0xBA, 0xC0,
  0x8A, 0x0B, 0x88, 0x00, 0x78, 0x33, 0x78, 0x22,
  0x15, 0x43, 0x13, 0x34, 0x63, 0x31, 0x32, 0x51,
  0x21, 0x13, 0x14, 0x11, 0x22, 0x82, 0x83, 0x80,
  0x08, 0x80, 0x8E, 0xC0, 0xC0, 0xB8, 0xC0, 0x8B,
  0xD0, 0xC0, 0xB0, 0x08, 0x80, 0x0D, 0x08, 0x88,
  0x00, 0xB6, 0x03, 0x50, 0x08, 0x58, 0x80, 0x40,
  0x80, 0x50, 0x08, 0x84, 0x80, 0x80, 0x80, 0x80,
  0x80, 0x80, 0x80, 0x80, 0xDF, 0x80, 0xF0, 0x08,
  0xC8, 0xC3, 0x80, 0x0C, 0x08, 0x0D, 0x08, 0x08,
  0x8D, 0x80, 0xD0, 0x80, 0xC8, 0x80, 0x80, 0x8D,
  0x80, 0x80, 0x0E, 0x08, 0x3D, 0x8B, 0x80, 0x80,
  0x0E, 0x08, 0x08, 0x88, 0x00, 0x88, 0xF0, 0xD3,
  0x03, 0x3D, 0x8B, 0x04, 0x3C, 0x80, 0x80, 0x80,
  0x08, 0x80, 0x78, 0xD1, 0x03, 0x08, 0x85, 0x80,
  0x85, 0x80, 0x40, 0x80, 0x85, 0x30, 0x00, 0x04,
  0x58, 0x80, 0x40, 0x80, 0x08, 0x80, 0x08, 0x8F,
  0xC8, 0xC0, 0xB8, 0x8C, 0xCB, 0xAC, 0xBB, 0xEC,
  0xA9, 0xCA, 0xCA, 0xA9, 0x9C, 0xCA, 0xA9, 0x9C,
  0xAA, 0xAA, 0xBB, 0xBB, 0xC8, 0x0C, 0x08, 0x3C,
  0x80, 0x04, 0x34, 0x34, 0x26, 0x14, 0x34, 0x43,
  0x53, 0x22, 0x15, 0x42, 0x21, 0x42, 0x12, 0x22,
  0x23, 0x14, 0x21, 0x82, 0x02, 0x83, 0x80, 0x80,
  0xF0, 0xB0, 0xB8, 0xC8, 0xC8, 0xBB, 0xC8, 0x0C,
  0xAC, 0xBB, 0xC8, 0xC0, 0x0B, 0xBC, 0xC0, 0xB0,
  0xC8, 0xB8, 0xC8, 0x80, 0x8C, 0xD0, 0xC0, 0xB0,
  0x80, 0x0C, 0xC8, 0x08, 0x0C, 0xC8, 0x80, 0x0C,
  0x88, 0x0C, 0x8C, 0x80, 0x8C, 0x80, 0x0D, 0xC8,
  0x80, 0xD0, 0x80, 0xC0, 0x08, 0xC8, 0xB3, 0x08,
  0x08, 0x88, 0x00, 0x88, 0x00, 0x88, 0x00, 0x67,
  0x60, 0x08, 0x58, 0x48, 0x38, 0x30, 0x40, 0x84,
  0x03, 0x34, 0x30, 0x85, 0x84, 0x03, 0x03, 0x04,
  0x03, 0x85, 0x04, 0x08, 0x03, 0x80, 0x06, 0x88,
  0x80, 0x00, 0x88, 0x70, 0x81, 0x3D, 0x80, 0x80,
  0x80, 0x80, 0x80, 0x80, 0x80, 0x80, 0x80, 0x70,
  0x0B, 0x88, 0xCF, 0x80, 0x8F, 0x8B, 0x8C, 0xDB,
  0xC0, 0xBA, 0xCB, 0xBB, 0xAC, 0xAC, 0x9F, 0x99,
  0x9C, 0xBA, 0xAA, 0xDB, 0x9A, 0xBA, 0xAD, 0xA0,
  0x8D, 0xA9, 0xA8, 0x80, 0x8B, 0x40, 0x80, 0x85,
  0x07, 0x21, 0x14, 0x34, 0x41, 0x33, 0x34, 0x53,
  0x23, 0x33, 0x54, 0x02, 0x23, 0x23, 0x23, 0x52,
  0x10, 0x22, 0x20, 0x80, 0x80, 0x80, 0x80, 0x0F,
  0x0C, 0x0B, 0xBC, 0xC0, 0xBB, 0x0C, 0xCB, 0xBB,
  0x0C, 0xCB, 0x0B, 0xBC, 0xC0, 0x0B, 0x0C, 0x8B,
  0x8C, 0xC0, 0x80, 0xD0, 0x80, 0xB8, 0x08, 0x88,
  0x00, 0x88, 0x80, 0x00, 0x88, 0x00, 0x88, 0x00,
  0x77, 0x82, 0x80, 0x80, 0x78, 0x7B, 0x08, 0x80,
  0x80, 0x08, 0x08, 0x80, 0x78, 0x0B, 0x86, 0x80,
  0xD0, 0x03, 0xC8, 0x03, 0x08, 0x80, 0x80, 0x08,
  0x80, 0x08, 0x80, 0x08, 0x08, 0x08, 0xF8, 0xAF,
  0x08, 0x08, 0x08, 0x08, 0x08, 0xF8, 0x8F, 0x80,
  0x80, 0x8F, 0x80, 0xD8, 0x80, 0x08, 0x8D, 0x80,
  0x0D, 0x08, 0xD8, 0xB3, 0x08, 0x08, 0x08, 0x08,
  0x80, 0x80, 0x08, 0x80, 0x08, 0x80, 0x08, 0x80,
  0xF0, 0xDF, 0x3F, 0x8B, 0x0C, 0xC8, 0x80, 0x0C,
  0xBC, 0xC0, 0x0B, 0xC8, 0x0B, 0x8C, 0x8B, 0xCC,
  0xC0, 0xB0, 0xB8, 0xC8, 0xC0, 0x08, 0x8C, 0x80,
  0x80, 0x80, 0x80, 0x07, 0x04, 0x43, 0x43, 0x33,
  0x27, 0x23, 0x15, 0x43, 0x33, 0x42, 0x43, 0x33,
  0x14, 0x23, 0x14, 0x42, 0x21, 0x82, 0x32, 0x08,
  0x03, 0x80, 0x08, 0xF8, 0x80, 0xBC, 0xC8, 0x0B,
  0x8C, 0xCB, 0x8B, 0x8F, 0xAA, 0x8A, 0xBB, 0x8B,
  0xCC, 0xC0, 0xB0, 0x8B, 0x0C, 0x0C, 0x08, 0x8C,
  0x8B, 0x80, 0xF0, 0x80, 0x80, 0x80, 0x80, 0xF0,
  0x08, 0x80, 0x08, 0x80, 0xB7, 0x80, 0x84, 0x4B,
  0x08, 0x08, 0x08, 0x08, 0x80, 0x08, 0x08, 0xB7,
  0x80, 0x08, 0x80, 0x08, 0x80, 0x08, 0x08, 0x08,
  0x08, 0x08, 0xF0, 0xF3, 0x8F, 0x88, 0x00, 0xF8,
  0xD3, 0xB3, 0x08, 0x08, 0xF8, 0x30, 0x0C, 0x08,
  0x08, 0x08, 0x08, 0x08, 0x08, 0x08, 0x08, 0x78,
  0x7B, 0x81, 0x08, 0x60, 0x80, 0x80, 0x05, 0x08,
  0x85, 0x40, 0x08, 0x84, 0x40, 0x08, 0x58, 0x08,
  0x03, 0x80, 0x08, 0x87, 0x80, 0x4C, 0x0B, 0x08,
  0x08, 0x8D, 0x8B, 0x8C, 0x0C, 0xBC, 0xBB, 0xF8,
  0xA9, 0xAA, 0xBB, 0xBC, 0xFB, 0x9A, 0xAA, 0xBA,
  0x9E, 0xAA, 0xAA, 0xAB, 0xAC, 0xB8, 0xB8, 0x0D,
  0xC8, 0x30, 0x3B, 0x50, 0x48, 0x33, 0x70, 0x22,
  0x24, 0x14, 0x14, 0x23, 0x34, 0x42, 0x23, 0x42,
  0x22, 0x24, 0x21, 0x20, 0x03, 0x03, 0x04, 0x08,
  0x08, 0x08, 0x08, 0xF8, 0x09, 0x3E, 0x8B, 0x0C,
  0x08, 0x0D, 0x3B, 0x0C, 0x08, 0x08, 0x08, 0xF8,
  0x03, 0x88, 0x00, 0x78, 0x08, 0x08, 0x58, 0x80,
  0x80, 0x05, 0x08, 0x08, 0xC5, 0x03, 0x08, 0x08,
  0x08, 0x08, 0xF8, 0x88, 0x80, 0x80, 0x8F, 0xB4,
  0x80, 0x0C, 0x08, 0x88, 0x0D, 0x88, 0x8C, 0x80,
  0x8D, 0x80, 0xE0, 0xB3, 0x08, 0x08, 0x8D, 0x80,
  0x80, 0x80, 0x8F, 0x80, 0x80, 0x0D, 0x88, 0x00,
  0x88, 0x00, 0x9F, 0x80, 0x80, 0x80, 0x80, 0x80,
  0x3F, 0x80, 0x80, 0x80, 0x3F, 0x80, 0x08, 0x70,
  0x00, 0x08, 0x86, 0x80, 0x85, 0x40, 0x08, 0x03,
  0x08, 0x05, 0x48, 0x80, 0x85, 0x80, 0x40, 0x4B,
  0x08, 0x08, 0x08, 0xF8, 0xB3, 0x08, 0x0D, 0x8B,
  0x0C, 0xBC, 0xC0, 0xBB, 0xBC, 0xBB, 0xBC, 0xBC,
  0xCB, 0xCA, 0xBA, 0x9F, 0x9A, 0xAA, 0x9D, 0x8A,
  0x8C, 0xA9, 0x0B, 0x0B, 0x8C, 0x00, 0x08, 0x88,
  0x87, 0x33, 0x70, 0x22, 0x22, 0x36, 0x41, 0x33,
  0x62, 0x21, 0x33, 0x43, 0x13, 0x34, 0x41, 0x11,
  0x14, 0x21, 0x82, 0x83, 0x03, 0x03, 0x08, 0x08,
  0x08, 0xF8, 0x09, 0x0D, 0x0C, 0x0C, 0x8B, 0xCB,
  0x08, 0x8C, 0xCB, 0xB8, 0x8C, 0x8B, 0xD0, 0xB8,
  0xC8, 0x80, 0x8C, 0xD0, 0xC0, 0x80, 0x0B, 0xC8,
  0x08, 0x0D, 0x8B, 0x80, 0x0D, 0xC8, 0xC0, 0x08,
  0x0C, 0xB8, 0x08, 0x8D, 0xC0, 0xC0, 0x08, 0xB8,
  0x88, 0xE0, 0x08, 0x80, 0x0D, 0x08, 0x88, 0x00,
  0xF8, 0x08, 0xB4, 0x03, 0x08, 0x08, 0x78, 0x80,
  0x40, 0x80, 0x04, 0x58, 0x48, 0x38, 0x30, 0x40,
  0x48, 0x30, 0x40, 0x40, 0x08, 0x84, 0x84, 0x40,
  0x38, 0x40, 0x08, 0x84, 0x40, 0x08, 0x58, 0x08,
  0x48, 0x80, 0x04, 0x08, 0x58, 0x80, 0x80, 0xB5,
  0x03, 0x08, 0x08, 0x80, 0x80, 0x08, 0xF0, 0xF3,
  0xC0, 0x80, 0x0B, 0x8C, 0xCB, 0xB8, 0x8C, 0xCB,
  0xAC, 0xB8, 0xCB, 0xAC, 0xBB, 0x8F, 0x9C, 0xA9,
  0xAA, 0xAA, 0x9F, 0x99, 0xAA, 0xAA, 0x0B, 0xCB,
  0xC0, 0x8A, 0x0B, 0x88, 0x00, 0x88, 0x47, 0x08,
  0x17, 0x21, 0x14, 0x42, 0x23, 0x34, 0x34, 0x41,
  0x33, 0x42, 0x43, 0x31, 0x14, 0x12, 0x22, 0x32,
  0x33, 0x48, 0x30, 0x80, 0x80, 0x80, 0xF0, 0x88,
  0x8C, 0x0C, 0x0C, 0xCB, 0xB8, 0xC0, 0x8B, 0xBC,
  0xB8, 0xD8, 0xC0, 0xB8, 0xC0, 0xB8, 0x08, 0x8D,
  0xC0, 0x80, 0xC8, 0x80, 0x80, 0x08, 0x0F, 0x08,
  0x08, 0x08, 0x88, 0x00, 0x88, 0x00, 0x88, 0x00,
  0x08, 0x08, 0x08, 0x08, 0x88, 0x80, 0x80, 0x80,
  0x80, 0x80, 0x00, 0x00, 0x70, 0x7A, 0x77, 0x81,
  0x00, 0x08, 0x88, 0x00, 0x88, 0x00, 0x88, 0x00,
  0x08, 0x08, 0xF8, 0xF3, 0xAF, 0x80, 0x80, 0x80,
  0xAF, 0x08, 0x08, 0x88, 0x3F, 0x0E, 0x08, 0x08,
  0xE8, 0xB3, 0x08, 0x08, 0x08, 0x88, 0x00, 0x88,
  0xF0, 0xF3, 0xC3, 0xB3, 0x80, 0x80, 0x08, 0x80,
  0x08, 0x80, 0x08, 0x80, 0xDF, 0x80, 0x80, 0xF0,
  0x09, 0x8D, 0xC0, 0x08, 0x0C, 0x8C, 0xC0, 0xB0,
  0xC8, 0x8B, 0xC0, 0x0C, 0x0C, 0x8B, 0x8B, 0xCC,
  0xB0, 0xC8, 0x80, 0x8F, 0x08, 0x8A, 0x80, 0x80,
  0x80, 0x08, 0x78, 0x30, 0x85, 0x33, 0x34, 0x73,
  0x12, 0x24, 0x23, 0x35, 0x41, 0x31, 0x14, 0x23,
  0x14, 0x42, 0x21, 0x22, 0x38, 0x33, 0x48, 0x80,
  0x40, 0x80, 0xD0, 0x08, 0xC8, 0xB8, 0xD8, 0xC0,
  0xB8, 0x8B, 0x8C, 0xBC, 0xC0, 0x8B, 0x0C, 0x8C,
  0x0B, 0x8C, 0x8B, 0x8C, 0xC0, 0x08, 0xD8, 0x80,
  0xD0, 0x80, 0x80, 0x80, 0x3D, 0x0C, 0x08, 0x08,
  0x08, 0x08, 0x08, 0x3F, 0x3D, 0x8B, 0x80, 0x80,
  0x08, 0x80, 0x08, 0x80, 0x08, 0x70, 0x8B, 0xB7,
  0xB6, 0xB3, 0x48, 0xC0, 0x08, 0x08, 0x08, 0x08,
  0xF8, 0xC3, 0x80, 0x80, 0x80, 0x80, 0x8F, 0x80,
  0x00, 0xE8, 0x08, 0x08, 0x80, 0x08, 0x80, 0x08,
  0x80, 0x08, 0x80, 0x08, 0x80, 0x08, 0x70, 0x37,
  0x70, 0x5B, 0x08, 0x84, 0x80, 0x85, 0x30, 0x00,
  0x88, 0x87, 0x03, 0x08, 0x58, 0x80, 0x84, 0x00,
  0x08, 0x88, 0xB7, 0x80, 0x80, 0x80, 0x80, 0x8F,
  0x80, 0x0C, 0x8C, 0x8B, 0xCC, 0xC0, 0xBA, 0xCB,
  0x0B, 0x8F, 0xA9, 0xBA, 0xAD, 0xD0, 0x99, 0xAA,
  0xAA, 0xAB, 0xF8, 0x98, 0x8A, 0x0A, 0x8B, 0xC0,
  0x08, 0x84, 0x80, 0x85, 0x43, 0x60, 0x10, 0x53,
  0x21, 0x14, 0x12, 0x15, 0x14, 0x11, 0x42, 0x21,
  0x22, 0x22, 0x03, 0x03, 0x04, 0x58, 0x08, 0x08,
  0x58, 0x8B, 0x00, 0x88, 0xF0, 0x80, 0x80, 0xD0,
  0x08, 0x08, 0x08, 0x08, 0x08, 0x08, 0x08, 0x08,
  0x08, 0x67, 0x08, 0x08, 0x07, 0x08, 0x88, 0x86,
  0x00, 0x88, 0x50, 0x80, 0x80, 0x80, 0x80, 0x80,
  0x80, 0x00, 0x88, 0x00, 0x88, 0x00, 0x88, 0x80,
  0xFF, 0x8D, 0x00, 0x9F, 0x80, 0x80, 0xF0, 0x08,
  0xC8, 0x08, 0x08, 0x0E, 0xB8, 0x08, 0x08, 0xF8,
  0x80, 0xC0, 0x08, 0x08, 0x8D, 0x80, 0xD0, 0x08,
  0x80, 0x08, 0xF0, 0xB3, 0xC3, 0x80, 0x80, 0x08,
  0x06, 0x3C, 0x08, 0x08, 0x08, 0x86, 0x80, 0x00,
  0x85, 0x80, 0x50, 0x80, 0x85, 0x80, 0x04, 0x08,
  0x04, 0x08, 0x85, 0x80, 0x50, 0x3B, 0x80, 0x08,
  0x80, 0x08, 0x3F, 0x8C, 0x80, 0x0D, 0x0C, 0x0C,
  0xF8, 0x80, 0xA9, 0xBA, 0xB0, 0xCB, 0xBB, 0xCB,
  0xCB, 0xBB, 0xBC, 0xBB, 0xBC, 0xBC, 0xCB, 0x8A,
  0xBC, 0xC0, 0xB0, 0xC8, 0x80, 0x80, 0x50, 0x80,
  0x44, 0x83, 0x34, 0x73, 0x12, 0x24, 0x23, 0x52,
  0x43, 0x31, 0x42, 0x32, 0x22, 0x15, 0x22, 0x24,
  0x28, 0x23, 0x30, 0x48, 0xB3, 0x84, 0x80, 0x80,
  0x80, 0x80, 0x8F, 0x80, 0x0D, 0xC8, 0xC0, 0x80,
  0x0C, 0x8B, 0xD0, 0x80, 0x8B, 0x8C, 0xD0, 0xC0,
  0x80, 0x0B, 0xC8, 0x08, 0x0D, 0x8B, 0xD0, 0x80,
  0x0C, 0x8B, 0x80, 0x0D, 0xC8, 0x80, 0x0C, 0xC8,
  0x80, 0xD0, 0x3B, 0x8B, 0x80, 0x0D, 0x88, 0x8C,
  0x80, 0x8D, 0x80, 0x0D, 0x08, 0xD8, 0xB3, 0xB4,
  0x08, 0x08, 0xB5, 0x88, 0x00, 0x86, 0x80, 0x80,
  0x60, 0x08, 0x84, 0x80, 0x85, 0x30, 0x40, 0x80,
  0x85, 0x84, 0x03, 0x48, 0x48, 0x30, 0x08, 0x04,
  0x03, 0x50, 0x48, 0x80, 0x04, 0x48, 0x80, 0x40,
  0x80, 0x40, 0x80, 0x80, 0x87, 0x80, 0x40, 0x08,
  0x08, 0x08, 0x08, 0x08, 0x08, 0x08, 0x3F, 0x0F,
  0x0C, 0xB8, 0x80, 0xCC, 0xC0, 0xB0, 0x8B, 0x8F,
  0xAA, 0xBA, 0xCA, 0xE0, 0xB8, 0xA8, 0x9D, 0x0A,
  0x9D, 0x9A, 0xC8, 0xC8, 0xA0, 0xAA, 0xB0, 0xB0,
  0xC8, 0x80, 0x80, 0x80, 0x80, 0x07, 0x43, 0x30,
  0x34, 0x34, 0x17, 0x32, 0x22, 0x15, 0x14, 0x14,
  0x13, 0x14, 0x41, 0x21, 0x21, 0x22, 0x83, 0x43,
  0x30, 0x08, 0x04, 0x88, 0x00, 0x88, 0xF0, 0x88,
  0xD0, 0x80, 0x8C, 0x8B, 0xD0, 0xC0, 0xB8, 0xC0,
  0xB8, 0x08, 0xD8, 0x08, 0x8C, 0x0C, 0xC8, 0x80,
  0xD0, 0x80, 0x80, 0x8C, 0x80, 0x80, 0x80, 0x8F,
  0x80, 0x80, 0x00, 0x88, 0x00, 0x08, 0x88, 0x00,
  0x88, 0xB7, 0xB7, 0x86, 0x80, 0x80, 0x80, 0x80,
  0x80, 0xB7, 0x50, 0x08, 0x08, 0x3D, 0x3C, 0x80,
  0x80, 0x80, 0xF0, 0x83, 0x8B, 0x80, 0x60, 0x8B,
  0x80, 0x80, 0x80, 0xF0, 0x88, 0x80, 0x80, 0x80,
  0x3F, 0x0C, 0x08, 0x08, 0x08, 0xF8, 0x08, 0x08,
  0x08, 0xE8, 0xC3, 0xB4, 0x80, 0x80, 0x80, 0x08,
  0x80, 0x80, 0x08, 0x80, 0x08, 0x80, 0x80, 0x3F,
  0x3F, 0x0F, 0x08, 0x08, 0xD8, 0x08, 0x08, 0x0E,
  0x0C, 0x08, 0x0C, 0x8B, 0x8C, 0x8B, 0x0C, 0xCC,
  0x80, 0xBB, 0xC8, 0xC8, 0xC0, 0xC0, 0x8A, 0xC0,
  0xB0, 0x88, 0x0C, 0xC8, 0x08, 0xD8, 0x03, 0x08,
  0x68, 0x48, 0x08, 0x33, 0x25, 0x03, 0x17, 0x22,
  0x24, 0x42, 0x12, 0x15, 0x14, 0x31, 0x12, 0x05,
  0x13, 0x22, 0x32, 0x30, 0x03, 0x04, 0x48, 0x80,
  0x80, 0x80, 0x00, 0xF8, 0x09, 0xE0, 0x80, 0x0C,
  0x8B, 0x0C, 0x0C, 0x0C, 0x8B, 0x8B, 0x8C, 0x0C,
  0xC8, 0xC0, 0x80, 0x8B, 0x80, 0x8D, 0xD0, 0x80,
  0x80, 0x8C, 0x80, 0x80, 0x80, 0x00, 0x88, 0x00,
  0x3F, 0x0F, 0x88, 0x80, 0x00, 0x08, 0x88, 0x00,
  0x88, 0x00, 0x88, 0x80, 0x80, 0x80, 0x80, 0x00,
  0xF8, 0x03, 0x88, 0xF0, 0xF3, 0x0F, 0x08, 0x08,
  0x88, 0xF0, 0xD3, 0x80, 0x80, 0x08, 0x80, 0x3F,
  0xB8, 0xC4, 0x80, 0x80, 0x80, 0x80, 0x80, 0x3F,
  0x0C, 0xC3, 0x30, 0x80, 0x80, 0x80, 0x80, 0x80,
  0x27, 0x08, 0x78, 0x80, 0x40, 0x80, 0x40, 0x80,
  0x05, 0xC3, 0x03, 0x58, 0x08, 0x30, 0x80, 0x00,
  0x88, 0xB7, 0x04, 0x0C, 0x08, 0xC8, 0x08, 0xD8,
  0xC0, 0xC0, 0xB0, 0xB8, 0x8C, 0x8F, 0xA9, 0xB0,
  0xBA, 0xCB, 0xBB, 0xAC, 0xAC, 0xBB, 0xF8, 0xA8,
  0xAA, 0x0B, 0xCB, 0x08, 0x0C, 0x8B, 0x80, 0x80,
  0x80, 0x78, 0x40, 0x30, 0x04, 0x43, 0x43, 0x33,
  0x34, 0x33, 0x74, 0x21, 0x21, 0x22, 0x33, 0x48,
  0x33, 0x48, 0x30, 0x40, 0x40, 0x08, 0x08, 0x68,
  0x08, 0xC8, 0x80, 0x80, 0x80, 0x80, 0x0F, 0x88,
  0x80, 0x00, 0x88, 0x3F, 0x3C, 0x00, 0x88, 0x00,
  0x88, 0x00, 0x78, 0x01, 0x08, 0x70, 0x80, 0x80,
  0x86, 0x80, 0x40, 0x80, 0x80, 0x80, 0x70, 0x80,
  0x80, 0x80, 0x80, 0x08, 0x80, 0x08, 0xBF, 0x80,
  0x00, 0xF8, 0x89, 0x80, 0xF8, 0x08, 0x08, 0x0E,
  0x08, 0x08, 0x8D, 0x80, 0x3C, 0x0C, 0x08, 0xC8,
  0x08, 0x08, 0x3E, 0x0C, 0x08, 0x08, 0xD8, 0x08,
  0x08, 0x80, 0xF8, 0xB3, 0x84, 0x80, 0x80, 0x80,
  0x80, 0x80, 0x80, 0x80, 0x37, 0x80, 0x80, 0x70,
  0x82, 0x80, 0x07, 0x80, 0x05, 0x08, 0x04, 0x88,
  0x05, 0x08, 0x58, 0x80, 0x80, 0x80, 0x80, 0x80,
  0x80, 0xF0, 0x8A, 0xF0, 0xB8, 0xC8, 0xC8, 0xC0,
  0x0B, 0xBC, 0xC0, 0xBB, 0xCB, 0xB8, 0xBC, 0xBC,
  0xCB, 0xBB, 0xCB, 0xF8, 0x98, 0xAA, 0xB0, 0x0B,
  0x8C, 0xC0, 0xB0, 0x08, 0x58, 0x8B, 0x04, 0x43,
  0x30, 0x04, 0x07, 0x23, 0x22, 0x16, 0x12, 0x24,
  0x23, 0x15, 0x21, 0x14, 0x22, 0x24, 0x12, 0x83,
  0x33, 0x04, 0x83, 0x04, 0x48, 0x80, 0x08, 0x08,
  0x80, 0x3F, 0x0C, 0xB8, 0x08, 0xD8, 0xC8, 0x80,
  0x0C, 0xC8, 0xC0, 0x80, 0x8B, 0xD0, 0x08, 0x8C,
  0x8B, 0xD0, 0x08, 0xC8, 0x80, 0xD0, 0x08, 0x8C,
  0x80, 0x8C, 0x80, 0xD0, 0x08, 0x0D, 0x08, 0x8C,
  0xC0, 0x08, 0x3C, 0x8B, 0xC8, 0x08, 0xD8, 0x08,
  0xD8, 0x80, 0xD0, 0x80, 0x80, 0x8C, 0x80, 0x80,
  0x00, 0x88, 0x00, 0x88, 0x00, 0x88, 0x70, 0x87,
  0x50, 0x80, 0x50, 0x08, 0x84, 0x40, 0x08, 0x84,
  0x40, 0x48, 0x08, 0x03, 0x40, 0x40, 0x80, 0x85,
  0x03, 0x58, 0x48, 0x3B, 0x30, 0x80, 0x05, 0x48,
  0x08, 0x84, 0x80, 0x85, 0x00, 0x03, 0x08, 0x80,
  0x08, 0x80, 0x80, 0x08, 0x80, 0xF8, 0x8E, 0x0E,
  0x0C, 0x0C, 0xB8, 0x0C, 0xCB, 0xC0, 0x8A, 0x0F,
  0x9A, 0xAA, 0x8A, 0xBB, 0xAC, 0xAC, 0xBB, 0xBC,
  0xC0, 0xBB, 0xAC, 0xC8, 0x8A, 0x0C, 0x8B, 0x0C,
  0x08, 0xD8, 0xB3, 0x84, 0x84, 0x30, 0x04, 0x43,
  0x24, 0x33, 0x34, 0x73, 0x12, 0x42, 0x22, 0x24,
  0x22, 0x52, 0x22, 0x22, 0x38, 0x43, 0x83, 0x40,
  0x48, 0x48, 0x08, 0x08, 0x08, 0x08, 0x88, 0xF0,
  0x88, 0x0C, 0xC8, 0x08, 0x0D, 0xB8, 0xC8, 0x08,
  0x0D, 0xB8, 0xC8, 0x08, 0xD8, 0xC0, 0xB3, 0x08,
  0xD8, 0x80, 0x80, 0x80, 0xF0, 0x08, 0x80, 0x08,
  0x80, 0x80, 0x08, 0x80, 0x08, 0x80, 0x08, 0x08,
  0x08, 0xF8, 0x03, 0x08, 0x08, 0x08, 0x08, 0x08,
  0x08, 0x08, 0x80, 0x80, 0x77, 0x7C, 0x7B, 0x81,
  0x80, 0x8E, 0x04, 0x0C, 0x48, 0x8B, 0x80, 0x80,
  0x80, 0xF0, 0x08, 0x08, 0x08, 0x08, 0x08, 0x3F,
  0x3C, 0x0C, 0x08, 0x08, 0x08, 0x08, 0x08, 0x08,
  0x08, 0x88, 0x00, 0x88, 0x00, 0x88, 0x80, 0x80,
  0x80, 0x00, 0x08, 0x08, 0x08, 0x00, 0xF0, 0xFF,
  0x8F, 0xF0, 0x08, 0xC8, 0x08, 0x0D, 0xB8, 0xC8,
  0x08, 0x0D, 0x8B, 0x8C, 0x8B, 0x0C, 0xCC, 0xB0,
  0xC0, 0xB8, 0x8B, 0x8C, 0xD0, 0x0B, 0xC0, 0x08,
  0x8C, 0xC0, 0x08, 0x08, 0x8D, 0x40, 0x08, 0x08,
  0x85, 0x40, 0x48, 0x33, 0x30, 0x35, 0x43, 0x42,
  0x25, 0x22, 0x52, 0x22, 0x22, 0x25, 0x22, 0x22,
  0x33, 0x34, 0x48, 0x33, 0x48, 0x80, 0x04, 0x08,
  0xB4, 0xC4, 0x80, 0x80, 0x4C, 0x0B, 0xC8, 0xB0,
  0x08, 0x0D, 0x0C, 0x08, 0x0C, 0x8B, 0x0C, 0xC8,
  0x80, 0xC8, 0x80, 0x8C, 0x80, 0xE0, 0x80, 0xC0,
  0xC3, 0x80, 0x80, 0x80, 0x3D, 0x0C, 0x08, 0x08,
  0x80, 0x08, 0x08, 0x3F, 0xD8, 0x80, 0x80, 0x08,
  0x08, 0x80, 0x08, 0x80, 0x08, 0x80, 0x80, 0x80,
  0xF0, 0x83, 0x80, 0x80, 0x80, 0x3F, 0xDF, 0xB6,
  0x08, 0x08, 0x08, 0xF0, 0x08, 0x08, 0x08, 0x80,
  0xF8, 0x80, 0x80, 0x08, 0x80, 0x08, 0x9F, 0x00,
  0x85, 0x00, 0x88, 0x00, 0x88, 0x70, 0x81, 0x80,
  0x07, 0x08, 0x03, 0x50, 0x08, 0x40, 0x80, 0x05,
  0x08, 0x04, 0x48, 0x80, 0x80, 0x60, 0x08, 0x08,
  0x80, 0xE8, 0x08, 0x08, 0xE8, 0x80, 0x0C, 0x0C,
  0x0C, 0xB8, 0xF0, 0xA8, 0xA8, 0xBA, 0xB8, 0xCC,
  0xBA, 0x8B, 0xBC, 0xAC, 0xAC, 0xB8, 0xAC, 0xC8,
  0xBB, 0xC0, 0xB8, 0xC8, 0x08, 0x80, 0x08, 0x80,
  0x08, 0x17, 0x85, 0x84, 0x24, 0x30, 0x34, 0x33,
  0x34, 0x34, 0x43, 0x42, 0x38, 0x43, 0x83, 0x34,
  0x83, 0x40, 0x40, 0x48, 0x08, 0x08, 0xB4, 0xB4,
  0x03, 0xD8, 0x80, 0xB4, 0x08, 0x08, 0x08, 0x08,
  0x08, 0x08, 0x08, 0x08, 0x80, 0x70, 0x07, 0x08,
  0x08, 0x07, 0x08, 0x68, 0x08, 0x30, 0x4C, 0x08,
  0x08, 0x58, 0x80, 0x80, 0x80, 0x08, 0x80, 0x08,
  0x08, 0x80, 0x08, 0x80, 0x08, 0xF0, 0xAF, 0x80,
  0x80, 0xF0, 0x8A, 0x80, 0x80, 0x9F, 0x80, 0x80,
  0x80, 0xF0, 0x89, 0xE0, 0xB3, 0x08, 0x08, 0xF8,
  0x80, 0xC0, 0x08, 0x08, 0x08, 0x8E, 0x80, 0x80,
  0x80, 0x80, 0x3F, 0x0C, 0x08, 0x08, 0xC5, 0x03,
  0x08, 0x08, 0x68, 0x80, 0x80, 0x05, 0x88, 0x50,
  0x08, 0x84, 0x00, 0x84, 0x80, 0x50, 0x80, 0x50,
  0x08, 0x08, 0x08, 0x78, 0x3B, 0x4B, 0x8B, 0x80,
  0xE0, 0x80, 0xC0, 0x08, 0x8C, 0x8B, 0xCC, 0xC0,
  0x8A, 0x0B, 0xBC, 0xBC, 0x8B, 0x8F, 0xAA, 0xBA,
  0xCA, 0x8A, 0xBB, 0x0D, 0xBB, 0x0C, 0xAC, 0x08,
  0x0C, 0xB8, 0x08, 0x08, 0x88, 0x07, 0x03, 0x04,
  0x34, 0x34, 0x83, 0x27, 0x22, 0x32, 0x73, 0x21,
  0x21, 0x24, 0x22, 0x22, 0x33, 0x34, 0x03, 0x34,
  0x48, 0x30, 0x40, 0x80, 0xB5, 0x03, 0x08, 0x88,
  0x00, 0x08, 0x9F, 0x80, 0xE0, 0x08, 0xC8, 0x08,
  0xD0, 0x08, 0xC8, 0x08, 0xD8, 0x80, 0xD0, 0x80,
  0x80, 0x8C, 0xC0, 0x08, 0x08, 0x0E, 0xC8, 0x80,
  0xC0, 0x08, 0x0C, 0x88, 0x0C, 0x08, 0x8D, 0xC0,
  0x08, 0xC8, 0x08, 0xC8, 0x08, 0xD8, 0x08, 0xD8,
  0x80, 0x80, 0x0D, 0x08, 0x0D, 0x08, 0x08, 0x08,
  0xE8, 0x08, 0xB4, 0x88, 0x50, 0x80, 0x80, 0x80,
  0x70, 0x80, 0x80, 0x05, 0x48, 0x08, 0x84, 0x40,
  0x08, 0x84, 0x04, 0x83, 0x40, 0x30, 0x00, 0x85,
  0x04, 0x48, 0x80, 0x04, 0x03, 0x58, 0x80, 0x40,
  0x80, 0x04, 0x58, 0x08, 0x08, 0x58, 0x80, 0x80,
  0x80, 0x80, 0x80, 0x80, 0x9F, 0x08, 0x8F, 0xC0,
  0xB0, 0xC8, 0xC0, 0xC0, 0x8A, 0xCB, 0xB0, 0xBC,
  0xCB, 0xB0, 0xBC, 0xCB, 0xCA, 0xBA, 0xB8, 0xBC,
  0xBC, 0xC0, 0xBB, 0xC0, 0xB8, 0xC8, 0x08, 0xD8,
  0x80, 0x80, 0x50, 0x80, 0x04, 0x34, 0x30, 0x35,
  0x48, 0x73, 0x11, 0x22, 0x22, 0x23, 0x24, 0x73,
  0x21, 0x01, 0x04, 0x21, 0x30, 0x38, 0x84, 0x84,
  0x80, 0x84, 0x80, 0x80, 0x80, 0x80, 0x80, 0xF0,
  0x89, 0xE0, 0x08, 0x08, 0x0D, 0x08, 0x0D, 0xC8,
  0x80, 0xC0, 0x08, 0x08, 0x0D, 0x08, 0xD8, 0x80,
  0x80, 0x08, 0xF0, 0x08, 0x08, 0x08, 0x80, 0x80,
  0x08, 0x3F, 0x0D, 0xC3, 0x80, 0x80, 0x50, 0x0C,
  0x48, 0x3B, 0x4B, 0x08, 0x08, 0x08, 0x08, 0x08,
  0x08, 0x08, 0x08, 0x08, 0x08, 0x08, 0xF8, 0xAF,
  0x80, 0x80, 0x80, 0x00, 0xF8, 0x0D, 0x08, 0x08,
  0x08, 0x08, 0x88, 0x00, 0xF8, 0xF3, 0xD3, 0x08,
  0x08, 0x08, 0x08, 0x08, 0x08, 0x08, 0x08, 0x88,
  0x00, 0x88, 0x00, 0xB7, 0x08, 0x08, 0xB7, 0x08,
  0x80, 0x80, 0x80, 0x80, 0x80, 0x08, 0xF8, 0xFF,
  0x88, 0x8F, 0x00, 0x0D, 0x88, 0x8B, 0xE0, 0x0B,
  0xC8, 0xC0, 0xC0, 0xB0, 0xB8, 0xC8, 0xB8, 0xD8,
  0x8B, 0x0C, 0x0C, 0x8B, 0x8C, 0x8B, 0x0C, 0xC8,
  0x08, 0x08, 0x0E, 0xC3, 0x03, 0x88, 0x50, 0x08,
  0x84, 0x04, 0x33, 0x04, 0x07, 0x21, 0x22, 0x33,
  0x33, 0x44, 0x62, 0x12, 0x22, 0x32, 0x38, 0x34,
  0x03, 0x34, 0x48, 0x80, 0x04, 0x48, 0x80, 0x80,
  0x80, 0x08, 0x80, 0x08, 0xF8, 0x0A, 0x0F, 0x88,
  0x8B, 0xD8, 0x80, 0x8C, 0x80, 0x0D, 0xC8, 0x80,
  0x80, 0x0D, 0x08, 0x08, 0x0E, 0x08, 0x88, 0x00,
  0x3F, 0x8B, 0x80, 0x80, 0x80, 0x00, 0x88, 0x80,
  0xF0, 0x03, 0x8F, 0x80, 0x80, 0x08, 0x80, 0x08,
  0x80, 0x08, 0x80, 0x08, 0xF8, 0x03, 0x08, 0xF8,
  0x0D, 0x08, 0x08, 0x08, 0xF8, 0x0A, 0x08, 0xF8,
  0xC3, 0x08, 0x08, 0x0E, 0x08, 0xC3, 0x80, 0x80,
  0x80, 0x08, 0x80, 0x08, 0x80, 0x08, 0x80, 0x80,
  0x80, 0x77, 0x82, 0x80, 0x80, 0x70, 0x02, 0x08,
  0x17, 0x88, 0x60, 0x80, 0x40, 0x08, 0x58, 0x80,
  0x04, 0x08, 0x58, 0x80, 0x80, 0xB5, 0x03, 0x08,
  0xE8, 0xB3, 0x08, 0x08, 0x8E, 0xC0, 0xB8, 0xC8,
  0xC0, 0xB8, 0xCC, 0xB0, 0x8B, 0xBC, 0xF0, 0xA8,
  0xBA, 0xE0, 0x98, 0xA8, 0xAA, 0xB8, 0xBC, 0xC0,
  0x80, 0x8B, 0x8C, 0x80, 0x80, 0x3E, 0x4B, 0x08,
  0x58, 0x48, 0x08, 0x33, 0x40, 0x40, 0x43, 0x38,
  0x34, 0x48, 0x33, 0x48, 0x03, 0x34, 0x40, 0x48,
  0x48, 0x38, 0x80, 0x58, 0x08, 0x80, 0x08, 0x80,
  0x78, 0x0B, 0x08, 0x08, 0x08, 0x08, 0x78, 0x5B,
  0x80, 0x08, 0x80, 0x08, 0x70, 0x80, 0x80, 0x60,
  0x08, 0x08, 0xB5, 0x03, 0x08, 0x68, 0x80, 0x80,
  0x80, 0x06, 0x08, 0x08, 0x08, 0x78, 0x80, 0x80,
  0x80, 0x80, 0x80, 0x80, 0x80, 0x80, 0x80, 0xEF,
  0x80, 0x80, 0x80, 0xF0, 0x89, 0x80, 0x8E, 0x80,
  0x80, 0x0E, 0x08, 0xD8, 0x80, 0x80, 0x80, 0x0E,
  0x08, 0x08, 0x0E, 0x88, 0x00, 0x88, 0x80, 0x3F,
  0x8B, 0x80, 0x80, 0x80, 0xB7, 0xB4, 0x03, 0x08,
  0x08, 0x80, 0x78, 0x81, 0x80, 0x06, 0x08, 0x58,
  0x80, 0x08, 0x85, 0x40, 0x08, 0x80, 0x68, 0x08,
  0x80, 0x58, 0x4B, 0xB8, 0xB4, 0x08, 0x08, 0xD8,
  0x08, 0x8C, 0xD0, 0xC0, 0xB0, 0xB8, 0xC8, 0xF0,
  0xA8, 0x8A, 0xBA, 0xCB, 0xC0, 0xBA, 0xB8, 0xBC,
  0xC8, 0xCB, 0xB0, 0xC8, 0x8B, 0x0C, 0xC8, 0xC0,
  0x80, 0x80, 0x80, 0x80, 0x87, 0x30, 0x40, 0x40,
  0x03, 0x53, 0x33, 0x48, 0x24, 0x33, 0x34, 0x33,
  0x25, 0x33, 0x34, 0x33, 0x85, 0x33, 0x84, 0x24,
  0x30, 0x48, 0x80, 0x40, 0x80, 0x50, 0x3B, 0x80,
  0xD8, 0x80, 0x80, 0x08, 0xF8, 0x80, 0x0C, 0x88,
  0xD0, 0x80, 0xD0, 0x80, 0x0C, 0x08, 0xC8, 0x80,
  0x8C, 0x80, 0xE0, 0x80, 0xC0, 0x08, 0xC8, 0x08,
  0x08, 0x0E, 0x08, 0xC8, 0x08, 0xD8, 0x80, 0x80,
  0x0D, 0x08, 0x08, 0x0E, 0x08, 0x8C, 0x80, 0x8C,
  0x80, 0x80, 0x0E, 0x08, 0xD8, 0x80, 0x80, 0x0D,
  0x08, 0x08, 0x08, 0x08, 0x08, 0x08, 0x78, 0x83,
  0x80, 0x17, 0x88, 0x60, 0x80, 0x84, 0x00, 0x84,
  0x04, 0x48, 0x80, 0x04, 0x48, 0x80, 0x04, 0x03,
  0x58, 0x08, 0x84, 0x40, 0x30, 0x80, 0x50, 0x48,
  0x80, 0x04, 0x48, 0x4B, 0x08, 0x48, 0x80, 0x80,
  0x80, 0x08, 0xF0, 0x88, 0x80, 0x8D, 0x0C, 0x0C,
  0xB8, 0x8C, 0x8B, 0xCC, 0xC0, 0xBA, 0x8B, 0xBC,
  0x0C, 0xCB, 0xBB, 0xB8, 0xBD, 0x0B, 0xCC, 0x8A,
  0xBB, 0xC8, 0xC8, 0xC0, 0x80, 0x0C, 0x08, 0x3C,
  0x4B, 0x08, 0x08, 0x04, 0x04, 0x84, 0x34, 0x83,
  0x34, 0x34, 0x43, 0x33, 0x43, 0x43, 0x33, 0x34,
  0x48, 0x42, 0x38, 0x03, 0x84, 0x84, 0x84, 0x30,
  0x08, 0x80, 0x78, 0x08, 0xB8, 0x58, 0x8B, 0x80,
  0xD0, 0x80, 0x08, 0xD8, 0x80, 0xD0, 0x08, 0xC8,
  0x08, 0x08, 0x0E, 0x08, 0x08, 0x8D, 0x80, 0x80,
  0x80, 0x8E, 0x80, 0x80, 0x80, 0x80, 0x00, 0x88,
  0x00, 0x88, 0x80, 0x80, 0x80, 0x80, 0x00, 0x08,
  0x08, 0x08, 0x08, 0x08, 0x09, 0x00, 0x00, 0x00,
  0x00, 0x00, 0x00, 0x00, 0x00, 0x00, 0x00, 0x00,
  0x00, 0x00, 0x00, 0x00, 0xF0, 0x4F, 0x3F, 0xAF,
  0x80, 0x80, 0x08, 0x80, 0x08, 0xF0, 0x8D, 0x00,
  0x08, 0x88, 0x00, 0x88, 0x00, 0x08, 0xF8, 0x83,
  0x80, 0x00, 0x88, 0x00, 0x88, 0x80, 0x80, 0x80,
  0x00, 0x08, 0x08, 0x08, 0x00, 0x2F, 0xFF, 0x9F,
  0xF0, 0x88, 0x8C, 0x0C, 0xC8, 0xC0, 0x80, 0xCB,
  0xB8, 0xC8, 0x0C, 0x0C, 0x8B, 0x8B, 0xCC, 0xB0,
  0x08, 0x0D, 0x0C, 0x8B, 0xC0, 0x80, 0x0C, 0x08,
  0x88, 0x0D, 0x88, 0x05, 0x08, 0x58, 0x80, 0x04,
  0x03, 0x04, 0x03, 0x17, 0x32, 0x33, 0x48, 0x24,
  0x33, 0x34, 0x33, 0x44, 0x32, 0x03, 0x34, 0x84,
  0x43, 0x48, 0x08, 0x83, 0x04, 0x08, 0x08, 0x68,
  0x4B, 0x8B, 0x80, 0x80, 0x80, 0x8E, 0x80, 0x0D,
  0x08, 0x0D, 0x08, 0x8C, 0x80, 0x80, 0x8D, 0x80,
  0xD0, 0x08, 0x08, 0xE8, 0x80, 0x80, 0x80, 0x80,
  0xF8, 0x08, 0x08, 0x08, 0x08, 0x08, 0x08, 0x08,
  0x88, 0x00, 0x88, 0x00, 0xF8, 0xAF, 0x08, 0x08,
  0x08, 0x88, 0x00, 0x88, 0xFF, 0x88, 0x80, 0x80,
  0x80, 0x3F, 0x80, 0x8F, 0x80, 0x80, 0x80, 0x80,
  0x3F, 0x0C, 0x08, 0x08, 0x08, 0x08, 0xF8, 0x88,
  0xB5, 0x08, 0x08, 0x08, 0x08, 0x08, 0x08, 0x08,
  0x08, 0x57, 0x08, 0x08, 0x07, 0x08, 0x50, 0x08,
  0x04, 0x08, 0x85, 0x84, 0x80, 0x04, 0x08, 0x04,
  0x08, 0x85, 0x80, 0x80, 0x80, 0x80, 0x80, 0x80,
  0xAF, 0x80, 0xF0, 0xC8, 0x08, 0x8C, 0x8B, 0x8C,
  0x8B, 0x0D, 0xBC, 0xC0, 0xBB, 0x0C, 0xCB, 0xC0,
  0xBA, 0xB8, 0xBC, 0xC8, 0xC0, 0x0B, 0x0C, 0x0C,
  0x8B, 0xC0, 0x08, 0x08, 0x80, 0x08, 0x80, 0x07,
  0x50, 0x08, 0x84, 0x34, 0x48, 0x30, 0x03, 0x44,
  0x83, 0x84, 0x43, 0x48, 0x38, 0x30, 0x40, 0x30,
  0x00, 0x85, 0x00, 0x58, 0x80, 0x80, 0x80, 0x80,
  0x07, 0x80, 0x80, 0x80, 0x80, 0x80, 0x80, 0x80,
  0x80, 0x80, 0x80, 0x08, 0x70, 0x37, 0x80, 0x17,
  0x00, 0x78, 0x80, 0x40, 0x80, 0x80, 0x05, 0x08,
  0x68, 0x08, 0x08, 0x08, 0x78, 0x3B, 0x80, 0x80,
  0x3D, 0x8B, 0x80, 0x80, 0x80, 0x80, 0x80, 0xAF,
  0x80, 0x80, 0x80, 0x80, 0xBF, 0x80, 0x00, 0x08,
  0x88, 0xBF, 0x08, 0xF0, 0xD3, 0x08, 0x08, 0xD8,
  0xB4, 0x08, 0xC8, 0x08, 0x08, 0x08, 0x80, 0xF8,
  0xC3, 0x08, 0x04, 0xC8, 0x03, 0x08, 0x80, 0x87,
  0x80, 0x40, 0x80, 0x50, 0x08, 0x58, 0x08, 0x08,
  0x04, 0x08, 0x68, 0x08, 0x08, 0x04, 0x08, 0x08,
  0x08, 0x08, 0x08, 0x08, 0xBF, 0x80, 0x80, 0x9F,
  0x0D, 0x0C, 0xC8, 0xB0, 0x0C, 0xC8, 0xCA, 0xB0,
  0x8B, 0xBC, 0x0C, 0xCB, 0xB8, 0xCB, 0xB8, 0xC8,
  0xBC, 0xC0, 0xB0, 0xC8, 0x80, 0x0C, 0x0C, 0x88,
  0x00, 0xE8, 0x03, 0x08, 0x04, 0x88, 0x35, 0x40,
  0x03, 0x34, 0x53, 0x38, 0x43, 0x33, 0x43, 0x24,
  0x30, 0x43, 0x24, 0x30, 0x03, 0x44, 0x48, 0x38,
  0x80, 0x84, 0x00, 0x84, 0x80, 0x50, 0x4B, 0x3B,
  0x0C, 0x08, 0x08, 0x88, 0x00, 0x8F, 0x08, 0x08,
  0xF8, 0x80, 0x80, 0xD0, 0x08, 0x08, 0x3D, 0x8B,
  0x08, 0xF0, 0x80, 0x80, 0x0C, 0x08, 0xD8, 0x80,
  0x80, 0x0D, 0x08, 0x0D, 0xB8, 0x88, 0xD0, 0x08,
  0xD8, 0x80, 0xD0, 0x80, 0x8B, 0x80, 0xF0, 0x80,
  0xC0, 0x80, 0x80, 0x8C, 0x80, 0x80, 0xF0, 0x08,
  0x80, 0x08, 0x80, 0x08, 0x08, 0x80, 0x27, 0x08,
  0x80, 0x78, 0x01, 0x05, 0x08, 0x04, 0x08, 0x05,
  0x84, 0x40, 0x48, 0x48, 0x08, 0x48, 0x83, 0xB4,
  0x43, 0x08, 0x03, 0x58, 0x80, 0x84, 0x40, 0x08,
  0x40, 0x08, 0xB4, 0x84, 0x80, 0x80, 0x80, 0x80,
  0x80, 0xF0, 0x0A, 0x08, 0xF0, 0xC8, 0xB8, 0x08,
  0xBD, 0xC8, 0xC0, 0x0B, 0x0C, 0xAC, 0x8B, 0xCB,
  0x8B, 0xBC, 0xBC, 0xC0, 0x0B, 0xAC, 0xC8, 0xB0,
  0x0C, 0x0C, 0xB8, 0xC0, 0x08, 0x3C, 0x0C, 0x08,
  0x08, 0x85, 0x40, 0x08, 0x84, 0x34, 0x48, 0x48,
  0x32, 0x03, 0x34, 0x24, 0x84, 0x33, 0x34, 0x48,
  0x83, 0x84, 0x24, 0x30, 0x48, 0x80, 0x40, 0x80,
  0x40, 0x80, 0x80, 0x00, 0x88, 0x00, 0x88, 0x00,
  0x88, 0xDF, 0x08, 0x08, 0x08, 0xF8, 0x0A, 0x08,
  0x08, 0x08, 0xAF, 0x08, 0x08, 0xF8, 0x09, 0x08,
  0x08, 0x3F, 0x8C, 0x80, 0x80, 0x80, 0x00, 0x88,
  0x3F, 0x0D, 0xC3, 0x03, 0x0C, 0xC3, 0x03, 0x08,
  0x08, 0x08, 0x08, 0x08, 0x80, 0x08, 0x80, 0x08,
  0x80, 0x08, 0x80, 0x80, 0x80, 0x80, 0x08, 0x08,
  0x08, 0x09, 0x2F, 0x00, 0xFF, 0xBF, 0x00, 0x08,
  0x88, 0x00, 0x08, 0x08, 0x08, 0x08, 0xF8, 0xF3,
  0x8F, 0x60, 0x3B, 0x0C, 0x08, 0x58, 0x80, 0x80,
  0x08, 0x80, 0x08, 0x80, 0x08, 0x80, 0x78, 0x0B,
  0x08, 0x08, 0x08, 0x08, 0xF8, 0x8F, 0xE0, 0xC3,
  0xB0, 0x08, 0xD8, 0xC0, 0x80, 0xAC, 0x88, 0x8B,
  0x0D, 0x8C, 0x0B, 0xBC, 0xC8, 0xC0, 0xC0, 0xB0,
  0xB8, 0xC8, 0xB8, 0x88, 0x0D, 0xC8, 0x08, 0x08,
  0xE8, 0x80, 0x80, 0x68, 0x08, 0x80, 0x04, 0x84,
  0x84, 0x24, 0x30, 0x03, 0x44, 0x33, 0x48, 0x24,
  0x33, 0x84, 0x24, 0x33, 0x40, 0x03, 0x53, 0x48,
  0x38, 0x30, 0x80, 0x05, 0x48, 0x80, 0x08, 0x08,
  0x80, 0x08, 0x80, 0x80, 0x08, 0xF0, 0x8D, 0x00,
  0xF8, 0xC3, 0x80, 0x08, 0xE0, 0x80, 0x08, 0xD0,
  0x48, 0x8B, 0x80, 0x00, 0x88, 0x8E, 0x80, 0x80,
  0x00, 0x08, 0x88, 0xF0, 0xE3, 0xB3, 0x08, 0x08,
  0x88, 0x00, 0x88, 0x00, 0x88, 0x00, 0x08, 0x08,
  0xFF, 0xD4, 0x80, 0x80, 0x80, 0x80, 0xF0, 0x88,
  0x80, 0x80, 0x80, 0x00, 0x9F, 0x08, 0x08, 0x3F,
  0x0C, 0x08, 0x08, 0x08, 0x3E, 0x8B, 0x08, 0x80,
  0x08, 0x08, 0x80, 0x08, 0x80, 0x78, 0x7B, 0x01,
  0x88, 0x70, 0x80, 0x80, 0x05, 0x08, 0x58, 0x08,
  0x58, 0x08, 0x30, 0x80, 0x60, 0x80, 0x80, 0x85,
  0x80, 0x80, 0x86, 0x00, 0x88, 0x00, 0x08, 0x8F,
  0x80, 0xD0, 0x08, 0xC8, 0xC8, 0xC0, 0xB0, 0xC8,
  0xB8, 0xC8, 0xC0, 0x0C, 0x8B, 0xCB, 0xB8, 0xC8,
  0x8B, 0x8C, 0x0C, 0x0C, 0xC8, 0xB0, 0x08, 0xD8,
  0x80, 0x80, 0x80, 0x80, 0x08, 0x70, 0x81, 0x60,
  0x08, 0x84, 0x84, 0x40, 0x38, 0x40, 0x08, 0x84,
  0x84, 0x40, 0x08, 0x03, 0x58, 0x80, 0x40, 0x08,
  0x80, 0x08, 0x87, 0x80, 0x80, 0x80, 0x00, 0x08,
  0x88, 0x27, 0xE8, 0x03, 0x08, 0x08, 0x08, 0x08,
  0x08, 0x08, 0x08, 0x08, 0x08, 0x08, 0x77, 0x81,
  0x00, 0x88, 0x00, 0x88, 0x00, 0x08, 0x08, 0x77

};

#endif // End of _MUTED_GUITAR44K8BM_H
