#ifndef _MUTED_GUITAR22K16BM_H
#define _MUTED_GUITAR22K16BM_H

#include <stdint.h>

#define MUTED_GUITAR22K16BM_PB_FMT Mode_mono_ADPCM
#define MUTED_GUITAR22K16BM_SZ 44100

const uint8_t muted_guitar22k16bm[ MUTED_GUITAR22K16BM_SZ ] =
{
  0x37, 0x73, 0x7C, 0x01, 0xE9, 0x02, 0x41, 0x88,
  0xA5, 0x2A, 0x08, 0x11, 0x10, 0x60, 0xD0, 0xCC,
  0x31, 0x02, 0x2A, 0x90, 0x0B, 0xC0, 0x89, 0xB7,
  0x91, 0x23, 0xAC, 0x7B, 0x99, 0xAD, 0x81, 0xCA,
  0xCC, 0xDB, 0x9A, 0x01, 0x19, 0x01, 0x89, 0xCA,
  0xA3, 0x11, 0xAF, 0xF9, 0xAB, 0x9C, 0xAC, 0xBE,
  0xAA, 0x8B, 0xCD, 0xBC, 0xCA, 0x09, 0x9F, 0xD7,
  0x77, 0x38, 0x08, 0x88, 0x00, 0x08, 0x9A, 0xA9,
  0xAA, 0x9A, 0xAA, 0x89, 0x98, 0x98, 0x88, 0x08,
  0x88, 0x80, 0x08, 0x99, 0x00, 0x81, 0x98, 0x00,
  0x08, 0x80, 0xA3, 0x72, 0xA1, 0x48, 0xB1, 0x78,
  0xD8, 0x33, 0x8B, 0xCA, 0x12, 0x09, 0xB9, 0x16,
  0x30, 0xBB, 0x92, 0x62, 0x0C, 0xA0, 0x12, 0x9B,
  0xB1, 0x50, 0xAC, 0xB3, 0x78, 0x89, 0x91, 0x6A,
  0x92, 0x8C, 0x27, 0x8B, 0x33, 0xAC, 0x37, 0x0B,
  0x96, 0x28, 0xC8, 0x35, 0x8C, 0xB2, 0x61, 0x8A,
  0xB8, 0x35, 0x21, 0xAC, 0xD9, 0x15, 0x43, 0x18,
  0xBC, 0xDB, 0xBB, 0xAA, 0xBB, 0xCA, 0x98, 0x80,
  0x88, 0x14, 0x55, 0x33, 0x21, 0x09, 0x98, 0x12,
  0x45, 0x34, 0x43, 0x34, 0x32, 0x42, 0x21, 0x10,
  0x89, 0xBB, 0xCB, 0xCB, 0xBC, 0xAB, 0xBA, 0xAB,
  0xAB, 0xBA, 0xAA, 0xA8, 0x98, 0x89, 0x88, 0x90,
  0x99, 0x81, 0x31, 0x23, 0x8F, 0x98, 0x91, 0x18,
  0x31, 0x51, 0x0D, 0xA0, 0x80, 0x35, 0x12, 0xA6,
  0xC9, 0x18, 0x39, 0xB1, 0x51, 0x10, 0x35, 0x9D,
  0xBA, 0x8B, 0xE9, 0x05, 0x09, 0x80, 0x30, 0x8E,
  0x98, 0x42, 0x9A, 0xA0, 0x13, 0x3D, 0xDA, 0xA2,
  0x63, 0x29, 0x90, 0x15, 0x54, 0x28, 0x9B, 0xA2,
  0x55, 0x41, 0x0A, 0xBC, 0xA0, 0x24, 0x34, 0x12,
  0x33, 0x42, 0x8C, 0xFD, 0xBD, 0xBC, 0xBB, 0xBC,
  0xAB, 0xAA, 0x98, 0x00, 0x22, 0x34, 0x32, 0x23,
  0x42, 0x43, 0x44, 0x43, 0x53, 0x53, 0x34, 0x33,
  0x33, 0x33, 0x22, 0x08, 0x8A, 0xBB, 0xDB, 0xCC,
  0xBB, 0xBC, 0xAB, 0xBB, 0xBB, 0xBA, 0xBA, 0xAB,
  0xAA, 0x9A, 0x88, 0x08, 0x20, 0xAA, 0xAB, 0xBA,
  0x92, 0x32, 0x53, 0x25, 0x21, 0x80, 0x88, 0x9E,
  0x90, 0x42, 0xB9, 0xAA, 0xA8, 0x00, 0x33, 0x71,
  0x37, 0x80, 0x80, 0x89, 0x9F, 0xAB, 0x08, 0x98,
  0xED, 0x9A, 0x90, 0x90, 0xCA, 0x9A, 0xC2, 0x60,
  0x1A, 0xBB, 0x03, 0x74, 0x33, 0x12, 0x01, 0x45,
  0x43, 0x42, 0x22, 0x12, 0x01, 0x8A, 0x08, 0x24,
  0x75, 0x33, 0x42, 0x31, 0x80, 0xDC, 0xEC, 0xCC,
  0xCB, 0xCB, 0xCB, 0xAB, 0xAB, 0x9A, 0x99, 0x88,
  0x81, 0x02, 0x23, 0x45, 0x35, 0x34, 0x53, 0x35,
  0x34, 0x43, 0x24, 0x23, 0x23, 0x22, 0x11, 0x10,
  0x98, 0xAB, 0xBC, 0xCB, 0xCB, 0xCB, 0xBB, 0xBB,
  0xCB, 0xAC, 0x9A, 0xAA, 0xA9, 0x99, 0x89, 0x88,
  0x08, 0x81, 0x80, 0x11, 0x81, 0x32, 0x00, 0x2A,
  0x82, 0xC1, 0x8A, 0x8C, 0x9B, 0x88, 0xE4, 0x90,
  0x43, 0x01, 0x70, 0x08, 0x80, 0x39, 0x83, 0xDC,
  0xAB, 0xAB, 0xDB, 0xAC, 0xBB, 0xF8, 0x99, 0xBC,
  0x9D, 0x89, 0x82, 0x12, 0x28, 0x31, 0x03, 0x47,
  0x42, 0x72, 0x33, 0x42, 0x22, 0x12, 0x12, 0x83,
  0x14, 0x43, 0x62, 0x44, 0x24, 0x22, 0x21, 0x8B,
  0xCE, 0xCD, 0xCB, 0xDB, 0xCC, 0xAB, 0xBB, 0xCA,
  0xBA, 0xAA, 0xAA, 0x99, 0x98, 0x00, 0x23, 0x54,
  0x45, 0x35, 0x34, 0x43, 0x43, 0x34, 0x34, 0x22,
  0x32, 0x22, 0x11, 0x18, 0x09, 0xAA, 0xBC, 0xCB,
  0xCB, 0xCA, 0xBB, 0xCA, 0xBB, 0xAB, 0xBB, 0xBA,
  0xBA, 0xA9, 0xAA, 0x0A, 0x88, 0x00, 0x90, 0x09,
  0x10, 0x12, 0x03, 0x14, 0x84, 0xBB, 0x0F, 0xA9,
  0xA1, 0xB1, 0x30, 0x32, 0x71, 0x14, 0x90, 0x09,
  0x91, 0xF8, 0x8B, 0xAB, 0xAB, 0xBC, 0xAB, 0xEB,
  0xE0, 0xBB, 0xDB, 0x8B, 0xBA, 0x9A, 0x19, 0x10,
  0x29, 0x73, 0x27, 0x43, 0x44, 0x34, 0x24, 0x22,
  0x22, 0x21, 0x31, 0x33, 0x35, 0x42, 0x45, 0x13,
  0x24, 0x28, 0x09, 0xDC, 0xDC, 0xCC, 0xCB, 0xCB,
  0xCB, 0xCB, 0xBB, 0xCA, 0xBA, 0xBB, 0xBA, 0xAB,
  0x99, 0x80, 0x32, 0x74, 0x36, 0x34, 0x35, 0x34,
  0x34, 0x33, 0x34, 0x23, 0x32, 0x22, 0x21, 0x10,
  0x88, 0x9A, 0xBD, 0xBB, 0xDB, 0xBC, 0xBB, 0xCA,
  0xBB, 0xBA, 0xBB, 0xBB, 0xCB, 0x99, 0x9B, 0x99,
  0x99, 0x90, 0xA1, 0x09, 0x11, 0x18, 0x18, 0x09,
  0x19, 0xE1, 0x09, 0x01, 0x21, 0x07, 0x92, 0x70,
  0x00, 0x21, 0x10, 0x10, 0x09, 0x98, 0xF0, 0xCB,
  0xAD, 0xB9, 0xCE, 0x8A, 0xA9, 0xB9, 0xAA, 0x99,
  0xA9, 0xB0, 0x81, 0x25, 0x45, 0x36, 0x23, 0x26,
  0x33, 0x34, 0x42, 0x33, 0x23, 0x21, 0x52, 0x33,
  0x55, 0x22, 0x42, 0x33, 0x11, 0x09, 0xEA, 0xDD,
  0xCB, 0xDC, 0xBB, 0xCC, 0xBB, 0xCB, 0xBC, 0xBB,
  0xBB, 0xCA, 0xBA, 0xA9, 0xA8, 0x80, 0x24, 0x45,
  0x43, 0x53, 0x53, 0x43, 0x34, 0x42, 0x33, 0x33,
  0x24, 0x21, 0x21, 0x01, 0x88, 0x99, 0xAB, 0xCC,
  0xBB, 0xCC, 0xAB, 0xBC, 0xAB, 0xBB, 0xAB, 0xBA,
  0xBA, 0xBA, 0xAB, 0x9A, 0x9B, 0xA0, 0xA8, 0x8B,
  0x08, 0x0D, 0x12, 0xD0, 0x08, 0x90, 0x88, 0x10,
  0x06, 0x80, 0x51, 0x01, 0x10, 0x3A, 0x95, 0x92,
  0x8D, 0x19, 0xA0, 0xFB, 0x8E, 0x8C, 0xA9, 0xBB,
  0x00, 0xFA, 0x89, 0x8A, 0xA1, 0x90, 0x09, 0x61,
  0x33, 0x52, 0x27, 0x03, 0x12, 0x42, 0x22, 0x50,
  0x34, 0x22, 0x43, 0x26, 0x23, 0x24, 0x12, 0x21,
  0x08, 0xAD, 0xBE, 0xCC, 0xBD, 0xCB, 0xCB, 0xCB,
  0xCB, 0xBC, 0xBB, 0xCA, 0xBB, 0xCA, 0xAB, 0xA9,
  0xA8, 0x80, 0x33, 0x64, 0x44, 0x43, 0x53, 0x34,
  0x34, 0x33, 0x42, 0x33, 0x23, 0x23, 0x12, 0x10,
  0x08, 0x9A, 0xAC, 0xBC, 0xCB, 0xBD, 0xAB, 0xBC,
  0xAB, 0xAC, 0xAA, 0xAB, 0x9B, 0xAB, 0x9A, 0xAA,
  0xA8, 0xA9, 0x89, 0x91, 0x8A, 0x03, 0x9A, 0x18,
  0x19, 0x28, 0x22, 0x79, 0x33, 0x42, 0x31, 0x41,
  0x4A, 0x51, 0xB1, 0xA0, 0xD0, 0xBA, 0xC9, 0xE8,
  0x8F, 0x9B, 0x8D, 0xA8, 0xB9, 0xA9, 0xB9, 0x9A,
  0xA8, 0x2F, 0x38, 0x40, 0x42, 0x37, 0x03, 0x05,
  0x11, 0x22, 0x23, 0x33, 0x52, 0x43, 0x43, 0x52,
  0x34, 0x23, 0x31, 0x31, 0x89, 0xBE, 0xCD, 0xBE,
  0xBC, 0xCB, 0xCC, 0xBB, 0xCB, 0xBD, 0xAB, 0xBB,
  0xCB, 0xAB, 0xBA, 0xAA, 0xA8, 0x81, 0x34, 0x55,
  0x43, 0x44, 0x43, 0x43, 0x34, 0x33, 0x43, 0x23,
  0x33, 0x23, 0x21, 0x20, 0x00, 0x9A, 0xAB, 0xDB,
  0xCC, 0xAB, 0xCB, 0xBC, 0xAB, 0xBC, 0xAA, 0xC9,
  0xAA, 0xAA, 0xA9, 0xAA, 0x8A, 0x8A, 0x89, 0xA2,
  0xA8, 0x00, 0x82, 0x10, 0x21, 0x22, 0x13, 0x70,
  0x95, 0x40, 0x82, 0x21, 0x00, 0x00, 0x9B, 0x89,
  0xFB, 0xCC, 0x9B, 0x9E, 0xB8, 0xBD, 0x8A, 0xC0,
  0xA9, 0x88, 0xA8, 0x98, 0x88, 0x90, 0x3D, 0x52,
  0x23, 0x52, 0x40, 0x71, 0x05, 0x12, 0x24, 0x33,
  0x44, 0x34, 0x24, 0x24, 0x13, 0x31, 0x21, 0x1A,
  0x1C, 0xCD, 0xBE, 0xBD, 0xBC, 0xCB, 0xBD, 0xBB,
  0xCB, 0xCB, 0xBC, 0xBB, 0xBB, 0xCA, 0xBA, 0xA9,
  0x99, 0x01, 0x34, 0x63, 0x53, 0x54, 0x33, 0x44,
  0x24, 0x23, 0x33, 0x34, 0x22, 0x32, 0x11, 0x20,
  0x08, 0x0A, 0xAA, 0xCB, 0xCB, 0xCB, 0xBC, 0xCB,
  0xAB, 0xBC, 0xAB, 0xBA, 0xBC, 0xAA, 0xAA, 0xBA,
  0x9A, 0xAA, 0x89, 0xB0, 0x88, 0x83, 0x91, 0x70,
  0x12, 0x38, 0x42, 0x13, 0x84, 0x01, 0x39, 0x3A,
  0xA2, 0x8B, 0xF9, 0xAA, 0xCD, 0xAA, 0xBC, 0xAA,
  0xF9, 0x9A, 0x9A, 0xBA, 0x8E, 0x19, 0x99, 0x3A,
  0x82, 0x21, 0x45, 0x83, 0x42, 0x26, 0x01, 0x42,
  0x33, 0x54, 0x14, 0x42, 0x34, 0x32, 0x52, 0x33,
  0x13, 0x42, 0x00, 0x88, 0xBD, 0xDB, 0xEB, 0xDB,
  0xCC, 0xBB, 0xCC, 0xBC, 0xBB, 0xCB, 0xCB, 0xAB,
  0xCA, 0xBB, 0xAA, 0xB9, 0x98, 0x82, 0x43, 0x55,
  0x43, 0x53, 0x43, 0x43, 0x43, 0x34, 0x33, 0x24,
  0x22, 0x22, 0x21, 0x11, 0x18, 0x09, 0x9A, 0xBC,
  0xBD, 0xAC, 0xBB, 0xBC, 0xBB, 0xCB, 0xBB, 0xBB,
  0xCA, 0xBB, 0x9B, 0xBA, 0x9A, 0xA9, 0x98, 0xA0,
  0x90, 0x92, 0x89, 0x51, 0x12, 0x86, 0x3C, 0x31,
  0x18, 0x11, 0x81, 0x02, 0xA3, 0xF1, 0x0A, 0x99,
  0xBF, 0xA1, 0xAA, 0xAB, 0xCA, 0xCA, 0xCB, 0x0F,
  0x0B, 0x88, 0xA3, 0xD0, 0x00, 0x01, 0x12, 0x42,
  0x42, 0x26, 0x21, 0x42, 0x43, 0x35, 0x34, 0x43,
  0x34, 0x42, 0x42, 0x23, 0x33, 0x03, 0x00, 0x9C,
  0xBE, 0xDB, 0xCE, 0xAC, 0xBB, 0xDB, 0xBC, 0xCB,
  0xBB, 0xCB, 0xCB, 0xAC, 0xAB, 0xAB, 0xAB, 0xA9,
  0x98, 0x02, 0x36, 0x44, 0x44, 0x34, 0x43, 0x43,
  0x34, 0x34, 0x23, 0x32, 0x33, 0x32, 0x31, 0x30,
  0x10, 0x09, 0x9A, 0xBD, 0xBC, 0xBC, 0xCB, 0xBB,
  0xCB, 0xBC, 0xAB, 0xBB, 0xCA, 0xAA, 0xAC, 0x9A,
  0x99, 0xB8, 0x99, 0x98, 0xB1, 0x08, 0x89, 0x18,
  0x12, 0xB5, 0x10, 0x28, 0x21, 0x07, 0x2C, 0x13,
  0x09, 0x09, 0x1A, 0x9D, 0xAB, 0x98, 0xFB, 0x8B,
  0xAB, 0xDB, 0xB8, 0xFA, 0x0C, 0x91, 0xBB, 0x1A,
  0x8A, 0x10, 0x41, 0xA7, 0x42, 0x14, 0x42, 0x43,
  0x43, 0x51, 0x35, 0x23, 0x24, 0x32, 0x34, 0x21,
  0x30, 0x02, 0xAB, 0x9D, 0xBC, 0xFD, 0xAB, 0xCC,
  0xBC, 0xBD, 0xAB, 0xCB, 0xBC, 0xBB, 0xCB, 0xCA,
  0xBA, 0xBB, 0xBA, 0xBA, 0x88, 0x03, 0x35, 0x64,
  0x35, 0x34, 0x43, 0x34, 0x34, 0x33, 0x42, 0x33,
  0x32, 0x33, 0x22, 0x21, 0x00, 0x09, 0x9A, 0xAC,
  0xCB, 0xBD, 0xBB, 0xDB, 0xAC, 0xAB, 0xAC, 0xAA,
  0xBA, 0xBA, 0xCA, 0x9A, 0xA8, 0xAA, 0x8A, 0x80,
  0xA0, 0x99, 0x29, 0x0A, 0x2C, 0x3B, 0xB7, 0xB2,
  0xB1, 0x08, 0x89, 0x09, 0x5D, 0x11, 0x4D, 0x95,
  0x8B, 0x11, 0x98, 0x98, 0x90, 0xF8, 0x8A, 0x8B,
  0x8A, 0xA9, 0xBA, 0xB8, 0xEA, 0x29, 0xA6, 0x19,
  0x34, 0x52, 0x43, 0x36, 0x32, 0x53, 0x43, 0x24,
  0x33, 0x34, 0x32, 0x32, 0x32, 0x81, 0x9A, 0xDD,
  0xBE, 0xBD, 0xAC, 0xCB, 0xCC, 0xBB, 0xCB, 0xCB,
  0xCA, 0xBC, 0xAC, 0xAA, 0xAA, 0xBA, 0xA9, 0x99,
  0x01, 0x14, 0x44, 0x44, 0x35, 0x34, 0x33, 0x43,
  0x43, 0x33, 0x33, 0x42, 0x32, 0x22, 0x20, 0x10,
  0x08, 0x98, 0xAC, 0xAB, 0xCB, 0xCB, 0xBC, 0xBB,
  0xCB, 0xAB, 0xBB, 0xBB, 0xBB, 0xBB, 0xBB, 0xBC,
  0x9B, 0xA8, 0xB9, 0xB8, 0xB9, 0x99, 0xAB, 0x00,
  0xF9, 0x2A, 0x89, 0x00, 0xA0, 0x90, 0x00, 0x19,
  0x1B, 0xC4, 0x9F, 0x29, 0xA8, 0x9A, 0x9B, 0xA9,
  0xE8, 0xC9, 0xA8, 0xCB, 0x3C, 0x99, 0x80, 0x2B,
  0x03, 0x21, 0x33, 0x71, 0x51, 0x41, 0x24, 0x32,
  0x45, 0x13, 0x23, 0x33, 0x50, 0x41, 0x12, 0x02,
  0x91, 0x99, 0xDA, 0xCA, 0xEA, 0xBB, 0xEA, 0xCA,
  0xBB, 0xCB, 0xCB, 0xBC, 0xAC, 0xAB, 0xAB, 0xBB,
  0xBC, 0x9B, 0x8B, 0x80, 0x03, 0x33, 0x74, 0x35,
  0x34, 0x34, 0x34, 0x33, 0x43, 0x23, 0x42, 0x23,
  0x13, 0x21, 0x21, 0x01, 0x80, 0xA0, 0xC9, 0xBA,
  0xDB, 0xAB, 0xCB, 0xBB, 0xCB, 0xBB, 0xBB, 0xE0,
  0xC0, 0xA8, 0xB1, 0xC0, 0x90, 0x9A, 0x1B, 0x0A,
  0x1A, 0x1B, 0x3B, 0x2B, 0x10, 0x91, 0x09, 0x19,
  0x91, 0x1B, 0x4B, 0x3B, 0x91, 0xA3, 0xB2, 0xB2,
  0xB1, 0x91, 0x09, 0x1A, 0x2B, 0x10, 0x1B, 0x3B,
  0x11, 0xA2, 0x90, 0x92, 0xB3, 0xA1, 0x10, 0x92,
  0x91, 0x93, 0xB3, 0x91, 0x11, 0x93, 0x90, 0x3B,
  0x3B, 0x39, 0x10, 0x2B, 0x3B, 0x39, 0xA2, 0xB2,
  0xB2, 0xC3, 0xC1, 0x90, 0xB0, 0x99, 0xB0, 0xA9,
  0x99, 0xB0, 0x9A, 0x1B, 0x1A, 0x19, 0x09, 0x93,
  0xC3, 0xA3, 0x10, 0x29, 0x3A, 0x69, 0x11, 0x93,
  0x95, 0xA4, 0xA2, 0x80, 0x2B, 0x20, 0x91, 0x01,
  0x92, 0xB1, 0x1A, 0x3B, 0x2B, 0x10, 0x09, 0x1B,
  0x3B, 0x19, 0x01, 0xB3, 0xB3, 0xB2, 0xB3, 0xB3,
  0xB2, 0x91, 0x91, 0xA3, 0xB3, 0xC3, 0xB3, 0x91,
  0x01, 0x90, 0x1A, 0x3A, 0x11, 0xB4, 0xB4, 0xC2,
  0x91, 0x89, 0x3B, 0x3B, 0x3B, 0x3A, 0x19, 0x3C,
  0x4C, 0x3A, 0x11, 0xB4, 0xC3, 0xB2, 0x90, 0x01,
  0xA3, 0xB3, 0xB3, 0xA1, 0x91, 0x19, 0x19, 0x19,
  0x19, 0x01, 0xB3, 0xB3, 0xB3, 0xB3, 0xA2, 0x91,
  0x91, 0x99, 0x3D, 0x3A, 0x29, 0x2B, 0x3B, 0x3B,
  0x29, 0x91, 0x91, 0x92, 0xB3, 0xB2, 0xA1, 0x19,
  0x19, 0x1A, 0x3B, 0x3B, 0x3B, 0x29, 0x19, 0x09,
  0x2B, 0x39, 0x01, 0x91, 0x91, 0xA3, 0xB3, 0xB1,
  0x3B, 0x3B, 0x10, 0x01, 0x91, 0x90, 0x19, 0x19,
  0x19, 0x19, 0x19, 0x19, 0x01, 0xB3, 0xB3, 0xB3,
  0xA1, 0x19, 0x19, 0x11, 0xA3, 0xB3, 0xA1, 0x01,
  0xA3, 0xB3, 0xA0, 0x2A, 0x19, 0x10, 0x01, 0x91,
  0xA3, 0xB3, 0xA1, 0x00, 0x00, 0x00, 0x00, 0x1A,
  0x3B, 0x3B, 0x3B, 0x3B, 0x3B, 0x20, 0xB5, 0xC3,
  0xA2, 0x90, 0x09, 0x1A, 0x3B, 0x4D, 0x4B, 0x3A,
  0x18, 0x00, 0xA3, 0xA2, 0x0B, 0x3A, 0x29, 0x09,
  0x2B, 0x3B, 0x3B, 0x3B, 0x20, 0xB4, 0xB3, 0xB1,
  0x91, 0x99, 0x19, 0x11, 0x91, 0x91, 0xA3, 0xB2,
  0x99, 0x19, 0x2B, 0x3B, 0x11, 0x00, 0x92, 0xB3,
  0xB3, 0xB3, 0xB2, 0x0A, 0x3A, 0x10, 0x00, 0x1A,
  0x3B, 0x3B, 0x3B, 0x3A, 0x03, 0xB1, 0x00, 0x01,
  0xA2, 0x91, 0xA3, 0xB2, 0x92, 0xB1, 0x09, 0x29,
  0xB4, 0xB3, 0xB9, 0x10, 0x92, 0xB1, 0x19, 0x19,
  0x19, 0x19, 0x10, 0x19, 0x19, 0x01, 0x90, 0x19,
  0x19, 0x00, 0x01, 0xA3, 0xB3, 0xB3, 0xB3, 0xB3,
  0xB3, 0xA1, 0x01, 0xA3, 0xA0, 0x3B, 0x2B, 0x3A,
  0x19, 0x2A, 0x11, 0xB3, 0x99, 0x3D, 0x3A, 0x10,
  0x91, 0x91, 0xA3, 0xB2, 0x91, 0xA3, 0xB2, 0x91,
  0x91, 0xB3, 0xA2, 0x99, 0x10, 0x91, 0x09, 0x10,
  0x92, 0xB2, 0x90, 0x00, 0x00, 0x1A, 0x3B, 0x3B,
  0x3B, 0x20, 0xB4, 0xB3, 0xB1, 0x0A, 0x29, 0x00,
  0x1A, 0x20, 0xA3, 0xA1, 0x1A, 0x3B, 0x39, 0xA3,
  0xB1, 0x2B, 0x3B, 0x39, 0x91, 0x99, 0x10, 0x93,
  0xB1, 0x09, 0x2A, 0x10, 0x00, 0x1A, 0x20, 0xB4,
  0xB2, 0xA0, 0x2B, 0x3B, 0x3B, 0x3B, 0x3B, 0x3B,
  0x3A, 0x10, 0x00, 0x00, 0x1A, 0x3A, 0x02, 0xB2,
  0x0B, 0x3A, 0x29, 0x19, 0x1B, 0x3B, 0x3A, 0x29,
  0x1B, 0x3A, 0x29, 0x91, 0x91, 0x91, 0x93, 0xB2,
  0xA1, 0x19, 0x01, 0xA3, 0xA1, 0x19, 0x00, 0x01,
  0x91, 0xB3, 0x90, 0x1A, 0x29, 0x93, 0xD4, 0xC3,
  0xB2, 0x91, 0x90, 0x09, 0x19, 0x92, 0xB3, 0xB2,
  0x91, 0x91, 0x99, 0x3B, 0x3B, 0x10, 0x19, 0x19,
  0x00, 0x1A, 0x3B, 0x3B, 0x3A, 0x10, 0x00, 0x1A,
  0x3B, 0x3A, 0x10, 0x01, 0xA3, 0xB3, 0xA1, 0x1A,
  0x3B, 0x3A, 0x19, 0x19, 0x19, 0x19, 0x19, 0x19,
  0x19, 0x2B, 0x3B, 0x3B, 0x3A, 0x93, 0xB3, 0xB1,
  0x19, 0x11, 0xB5, 0xB2, 0x99, 0x39, 0x01, 0xA2,
  0x0A, 0x3B, 0x29, 0x09, 0x2B, 0x29, 0x09, 0x2B,
  0x3B, 0x3B, 0x3B, 0x39, 0x91, 0x90, 0x19, 0x19,
  0x01, 0xA3, 0xB3, 0xB3, 0xB3, 0x99, 0x19, 0x01,
  0xB3, 0xA2, 0x90, 0x91, 0x09, 0x2B, 0x29, 0x19,
  0x00, 0x91, 0x00, 0x92, 0xB2, 0x99, 0x10, 0x91,
  0x91, 0x91, 0x09, 0x10, 0x92, 0xB3, 0xB3, 0xB3,
  0xB3, 0xA1, 0x19, 0x19, 0x01, 0x91, 0xB3, 0xB5,
  0xB2, 0x99, 0x3B, 0x3A, 0x12, 0xB3, 0xB1, 0x2B,
  0x3B, 0x29, 0x1B, 0x3A, 0x29, 0x1B, 0x3A, 0x12,
  0xB2, 0x99, 0x3C, 0x3A, 0x29, 0x91, 0x09, 0x3D,
  0x3A, 0x11, 0xC3, 0xB3, 0x01, 0x90, 0x1A, 0x3B,
  0x3A, 0x19, 0x2A, 0x11, 0xA3, 0xA1, 0x92, 0x9A,
  0x3B, 0x3A, 0x11, 0xA3, 0xB2, 0x90, 0x1A, 0x3B,
  0x3B, 0x3B, 0x3B, 0x20, 0xA2, 0x0B, 0x4B, 0x29,
  0xB4, 0xB3, 0xB1, 0x99, 0x19, 0x10, 0x91, 0x09,
  0x2B, 0x3B, 0x29, 0x00, 0x1A, 0x20, 0xA3, 0xB3,
  0xA1, 0x1A, 0x3B, 0x39, 0xA3, 0xB3, 0xA1, 0x93,
  0xB2, 0xA1, 0x19, 0x1A, 0x3B, 0x3A, 0x11, 0xA2,
  0x91, 0x99, 0x2B, 0x29, 0x91, 0x91, 0x92, 0xB3,
  0x99, 0x1A, 0x12, 0xB3, 0xB2, 0x99, 0x2B, 0x4C,
  0x39, 0x81, 0x99, 0x1A, 0x29, 0x91, 0x91, 0x91,
  0x91, 0x91, 0x93, 0xB3, 0xB3, 0xB1, 0x1B, 0x5C,
  0x39, 0x19, 0x00, 0x91, 0xA2, 0x91, 0xA2, 0x99,
  0x2A, 0x01, 0x00, 0x1A, 0x29, 0x00, 0x00, 0x00,
  0x00, 0x1A, 0x3B, 0x39, 0x91, 0x91, 0x91, 0x90,
  0x19, 0x01, 0x91, 0x99, 0x3B, 0x2B, 0x29, 0x1A,
  0x29, 0x92, 0xB3, 0xB2, 0x90, 0x1A, 0x29, 0x01,
  0x91, 0xB3, 0xB3, 0x91, 0x90, 0x1B, 0x5B, 0x2A,
  0x10, 0x91, 0x99, 0x3C, 0x3B, 0x39, 0x2B, 0x3B,
  0x3B, 0x3A, 0x10, 0x91, 0x19, 0x1B, 0x4B, 0x29,
  0xA3, 0xB3, 0xB3, 0xB2, 0x0A, 0x3B, 0x3A, 0x03,
  0xD3, 0xB3, 0xA3, 0xA2, 0x99, 0x2B, 0x3B, 0x3B,
  0x3B, 0x3B, 0x3B, 0x3B, 0x3B, 0x29, 0x00, 0x09,
  0x10, 0x00, 0x09, 0x10, 0x00, 0x09, 0x10, 0x91,
  0x09, 0x2B, 0x3B, 0x29, 0x92, 0xB2, 0x99, 0x2A,
  0x02, 0xB3, 0xB3, 0xB3, 0xB3, 0xB3, 0xA1, 0x01,
  0x90, 0x1A, 0x3B, 0x3B, 0x3A, 0x19, 0x11, 0xA3,
  0xC4, 0xB3, 0xB0, 0x3B, 0x29, 0xB5, 0xB2, 0x98,
  0x10, 0x91, 0x92, 0xB3, 0xB3, 0xB3, 0xA1, 0x92,
  0xB3, 0xB3, 0xA1, 0x1B, 0x3A, 0x3B, 0x29, 0x00,
  0x00, 0x01, 0xA3, 0xB2, 0x0A, 0x3B, 0x3C, 0x5B,
  0x2A, 0x01, 0x91, 0x00, 0x00, 0x00, 0x00, 0x1A,
  0x3B, 0x3A, 0x11, 0x90, 0x1A, 0x3B, 0x3B, 0x3B,
  0x3B, 0x3A, 0x03, 0xC3, 0xB3, 0x19, 0x1A, 0x3A,
  0x10, 0x93, 0xB1, 0x1A, 0x3B, 0x3B, 0x3B, 0x3B,
  0x3A, 0x10, 0x00, 0x19, 0x01, 0xA3, 0xA1, 0x1A,
  0x3A, 0x19, 0x3B, 0x3B, 0x29, 0x91, 0xA3, 0xB2,
  0xA3, 0xB3, 0xB3, 0xB1, 0x2B, 0x4C, 0x3A, 0x29,
  0x10, 0x91, 0x00, 0x09, 0x2B, 0x3B, 0x3A, 0x10,
  0x93, 0xC3, 0xB5, 0xB3, 0xB3, 0xD3, 0xA0, 0x2D,
  0x3B, 0x3B, 0x39, 0x11, 0xA3, 0xB3, 0xA1, 0x19,
  0x19, 0x19, 0x91, 0x91, 0x09, 0x19, 0x19, 0x19,
  0x19, 0x19, 0x19, 0x19, 0x19, 0x19, 0x19, 0x19,
  0x19, 0x19, 0x19, 0x19, 0x2B, 0x3B, 0x3B, 0x3B,
  0x39, 0x99, 0x2B, 0x4C, 0x39, 0x81, 0xA1, 0x19,
  0x1B, 0x3B, 0x39, 0x92, 0xB1, 0x19, 0x19, 0x19,
  0x3B, 0x2B, 0x3A, 0x19, 0x2B, 0x39, 0x90, 0x00,
  0x19, 0x00, 0x00, 0x00, 0x00, 0x00, 0x92, 0xB3,
  0xB1, 0x19, 0x19, 0x19, 0x19, 0x10, 0x91, 0x92,
  0xB2, 0x91, 0x91, 0x91, 0x91, 0xA3, 0xB1, 0x2B,
  0x3B, 0x3A, 0x11, 0x91, 0x91, 0x91, 0xA2, 0x99,
  0x2B, 0x3C, 0x5C, 0x3B, 0x29, 0x19, 0x08, 0x3C,
  0x3A, 0x12, 0xB3, 0xB3, 0xB3, 0xB3, 0xB3, 0xA1,
  0x1A, 0x3A, 0x19, 0x2B, 0x3B, 0x3C, 0x5B, 0x2B,
  0x29, 0x1B, 0x3B, 0x3B, 0x3A, 0x11, 0xA3, 0xB3,
  0xB3, 0xB3, 0xB2, 0x1B, 0x3B, 0x3B, 0x3B, 0x3B,
  0x20, 0x90, 0x00, 0x01, 0xA3, 0xB3, 0xB3, 0xB3,
  0xB3, 0xB2, 0x99, 0x11, 0xB4, 0xB3, 0xB9, 0x2B,
  0x3A, 0x10, 0x01, 0xA3, 0xB3, 0xA1, 0x19, 0x1B,
  0x5B, 0x3C, 0x3A, 0x3B, 0x39, 0x91, 0x09, 0x19,
  0x10, 0x91, 0x93, 0xC3, 0x99, 0x3C, 0x3B, 0x4B,
  0x4C, 0x3B, 0x3B, 0x3B, 0x19, 0x00, 0x00, 0x92,
  0xB3, 0xB1, 0x19, 0x10, 0x93, 0xB2, 0x9A, 0x3C,
  0x4B, 0x3C, 0x3B, 0x39, 0x01, 0x1B, 0x3B, 0x3A,
  0x3B, 0x3B, 0x29, 0x91, 0x09, 0x3C, 0x3A, 0x12,
  0xB3, 0xB3, 0x99, 0x01, 0xB5, 0xB2, 0xA1, 0x0A,
  0x3B, 0x3B, 0x20, 0xA3, 0xB2, 0x90, 0x92, 0xB3,
  0xB2, 0x90, 0x01, 0xB4, 0xC4, 0xB2, 0xA1, 0x08,
  0x00, 0x09, 0x2A, 0x11, 0x90, 0x1A, 0x3A, 0x11,
  0xA2, 0x90, 0x00, 0x91, 0x01, 0xA2, 0x99, 0x3B,
  0x2B, 0x3B, 0x3A, 0x10, 0x00, 0x00, 0x00, 0x00,
  0x92, 0xB3, 0xB2, 0x99, 0x3C, 0x3B, 0x31, 0x90,
  0x1B, 0x4B, 0x11, 0xA3, 0xB3, 0xB3, 0xA1, 0x93,
  0xC3, 0xA1, 0x3B, 0x2B, 0x3B, 0x3B, 0x39, 0xA3,
  0xA1, 0x91, 0x19, 0x19, 0x00, 0x19, 0x00, 0x92,
  0xA1, 0x91, 0x92, 0xA0, 0x2B, 0x29, 0x1A, 0x3C,
  0x5B, 0x2B, 0x29, 0x01, 0x90, 0x1A, 0x3B, 0x11,
  0x93, 0xB3, 0xB2, 0x9A, 0x3B, 0x4C, 0x39, 0x08,
  0x09, 0x10, 0x1B, 0x4C, 0x4B, 0x3B, 0x2B, 0x3B,
  0x10, 0x99, 0x3C, 0x3B, 0x31, 0xA3, 0xB3, 0xA1,
  0x92, 0xB3, 0xB3, 0xB1, 0x10, 0x01, 0x90, 0x19,
  0x19, 0x1A, 0x3B, 0x29, 0x00, 0x1A, 0x3A, 0x11,
  0xB4, 0xB1, 0x1A, 0x3A, 0x10, 0x00, 0x01, 0xB4,
  0xB3, 0xB9, 0x2B, 0x29, 0x92, 0xB3, 0xB3, 0xB3,
  0xA1, 0x1A, 0x3A, 0x11, 0x90, 0x1A, 0x3A, 0x10,
  0x09, 0x2B, 0x29, 0x91, 0x00, 0x92, 0xB3, 0xB2,
  0x91, 0xB3, 0xA1, 0x2B, 0x3A, 0x01, 0x09, 0x3C,
  0x3B, 0x5B, 0x3B, 0x3C, 0x29, 0x10, 0x00, 0x01,
  0x90, 0x01, 0xA3, 0xB3, 0xB6, 0x21, 0x51, 0xF2,
  0xBB, 0x82, 0x37, 0x80, 0x90, 0x58, 0x90, 0x82,
  0x01, 0x25, 0xBB, 0x9F, 0x93, 0x11, 0x30, 0xB8,
  0x09, 0xD9, 0x80, 0xD3, 0x2B, 0x42, 0x3F, 0x28,
  0xD0, 0xAB, 0xC1, 0x9C, 0xBD, 0xCE, 0x99, 0x80,
  0x18, 0x92, 0x80, 0xBA, 0xB1, 0x10, 0xAD, 0xFD,
  0x8C, 0x9A, 0xAB, 0xCC, 0xCA, 0x9A, 0xCC, 0xCB,
  0xDB, 0x90, 0xA9, 0xF7, 0x77, 0x70, 0x80, 0x80,
  0x88, 0x00, 0x89, 0x9A, 0x8A, 0x99, 0x99, 0x98,
  0x98, 0x88, 0x88, 0x08, 0x88, 0x08, 0x00, 0x99,
  0x81, 0x88, 0x08, 0x80, 0x00, 0x90, 0x88, 0x62,
  0x98, 0x32, 0xBA, 0x63, 0xDB, 0x25, 0x1A, 0xBB,
  0x93, 0x3A, 0xAB, 0x04, 0x61, 0x9A, 0xA0, 0x35,
  0x2A, 0xC9, 0x12, 0x0A, 0xC9, 0x33, 0x9D, 0xC0,
  0x51, 0x89, 0xA8, 0x51, 0xC1, 0x1B, 0xA7, 0x3B,
  0x96, 0x0B, 0x87, 0x19, 0xB2, 0x70, 0xAA, 0x15,
  0x2B, 0xD8, 0x43, 0x09, 0xCA, 0x15, 0x22, 0x8B,
  0xEA, 0x83, 0x73, 0x20, 0xAB, 0xDC, 0xBB, 0xAA,
  0xBB, 0xBB, 0xA9, 0x88, 0x09, 0x03, 0x75, 0x43,
  0x21, 0x08, 0x98, 0x01, 0x34, 0x53, 0x43, 0x43,
  0x34, 0x23, 0x22, 0x21, 0x89, 0xAB, 0xDB, 0xBC,
  0xBB, 0xCA, 0xBA, 0xAB, 0xAB, 0xAB, 0xA9, 0xA9,
  0x98, 0x89, 0x88, 0x90, 0x8A, 0x08, 0x31, 0x22,
  0x2D, 0xC0, 0x98, 0x28, 0x14, 0x14, 0x88, 0xF0,
  0x80, 0x03, 0x13, 0x82, 0x0F, 0x88, 0x21, 0xAA,
  0x52, 0x11, 0x16, 0x1C, 0xBB, 0x99, 0xFA, 0x83,
  0x39, 0x99, 0x42, 0x0C, 0xC9, 0x26, 0x0A, 0x99,
  0x11, 0x38, 0xFA, 0xA8, 0x53, 0x48, 0x98, 0x03,
  0x55, 0x31, 0x8B, 0xC0, 0x26, 0x43, 0x08, 0xBC,
  0xB9, 0x14, 0x34, 0x31, 0x33, 0x52, 0x1A, 0xEE,
  0xCC, 0xBC, 0xBB, 0xCB, 0xBB, 0xBA, 0x99, 0x80,
  0x13, 0x34, 0x33, 0x32, 0x43, 0x34, 0x44, 0x43,
  0x54, 0x34, 0x33, 0x43, 0x42, 0x23, 0x11, 0x10,
  0x89, 0xAA, 0xBC, 0xBC, 0xCA, 0xBC, 0xAA, 0xBB,
  0xAB, 0xAB, 0xAB, 0x9B, 0x9B, 0x9A, 0x88, 0x80,
  0x01, 0x99, 0xAB, 0x9C, 0x88, 0x22, 0x15, 0x13,
  0x32, 0x80, 0x09, 0x9C, 0xBA, 0x37, 0x0A, 0xA9,
  0xB8, 0x91, 0x22, 0x53, 0x27, 0x3A, 0x19, 0x29,
  0xAD, 0xEB, 0x90, 0x90, 0xBF, 0xC9, 0xB0, 0x88,
  0x8E, 0x8A, 0x99, 0x51, 0x18, 0xCA, 0x92, 0x37,
  0x43, 0x11, 0x10, 0x23, 0x73, 0x42, 0x22, 0x22,
  0x10, 0x1A, 0x98, 0x13, 0x76, 0x34, 0x23, 0x24,
  0x80, 0x9E, 0xCC, 0xDC, 0xCB, 0xCC, 0xAB, 0xBB,
  0xBA, 0xB9, 0xA9, 0x98, 0x80, 0x11, 0x23, 0x44,
  0x44, 0x43, 0x53, 0x44, 0x34, 0x43, 0x33, 0x43,
  0x23, 0x32, 0x21, 0x10, 0x09, 0x9A, 0xCB, 0xCB,
  0xCB, 0xCB, 0xBC, 0xAB, 0xBB, 0xAC, 0xAA, 0xAA,
  0xAA, 0x99, 0x99, 0x88, 0x80, 0x91, 0x09, 0x12,
  0x81, 0x22, 0x38, 0x20, 0xB2, 0x9A, 0x2B, 0xB8,
  0xF9, 0xA1, 0xC0, 0x3A, 0x46, 0x29, 0x60, 0x18,
  0x80, 0x12, 0xB3, 0x9F, 0xAB, 0x9B, 0xBD, 0xBA,
  0xD9, 0xD9, 0x98, 0xBD, 0x9B, 0xA9, 0xA1, 0x32,
  0x51, 0x83, 0x02, 0x36, 0x62, 0x45, 0x33, 0x42,
  0x24, 0x11, 0x02, 0x01, 0x21, 0x52, 0x44, 0x26,
  0x23, 0x32, 0x31, 0x0A, 0xBF, 0xDC, 0xDB, 0xDB,
  0xCB, 0xCB, 0xBC, 0xBA, 0xBA, 0xBB, 0x9A, 0xAA,
  0x89, 0x80, 0x13, 0x45, 0x44, 0x44, 0x43, 0x43,
  0x53, 0x33, 0x44, 0x22, 0x32, 0x22, 0x11, 0x10,
  0x09, 0x9A, 0xAC, 0xBC, 0xBD, 0xAB, 0xBC, 0xAB,
  0xBA, 0xCA, 0xAA, 0xB9, 0xB9, 0xA9, 0x9B, 0x09,
  0x89, 0x00, 0x89, 0x29, 0x08, 0x11, 0x20, 0x22,
  0x12, 0x1F, 0x89, 0xD9, 0xA0, 0x8B, 0x58, 0x20,
  0x62, 0xA3, 0x08, 0x09, 0x88, 0xAF, 0x2B, 0x9B,
  0xBA, 0xAD, 0x9B, 0xAD, 0xCA, 0x8F, 0x9B, 0x9A,
  0xB9, 0xA9, 0x88, 0x00, 0x11, 0x17, 0x23, 0x74,
  0x43, 0x34, 0x34, 0x41, 0x22, 0x12, 0x12, 0x13,
  0x34, 0x34, 0x44, 0x24, 0x32, 0x40, 0x80, 0xBE,
  0xDC, 0xBD, 0xCC, 0xBC, 0xBC, 0xBB, 0xBC, 0xBB,
  0xCA, 0xAB, 0xAA, 0xAB, 0x99, 0x90, 0x21, 0x54,
  0x45, 0x34, 0x44, 0x34, 0x34, 0x33, 0x34, 0x33,
  0x32, 0x33, 0x21, 0x11, 0x80, 0x9B, 0xAC, 0xCB,
  0xDA, 0xBC, 0xBB, 0xBC, 0xAB, 0xAC, 0x9B, 0x9B,
  0xAB, 0xA8, 0xAA, 0x9A, 0x98, 0xA8, 0x88, 0x19,
  0x01, 0x01, 0x82, 0x98, 0x81, 0xCB, 0x49, 0xA4,
  0x96, 0xA5, 0x0A, 0x50, 0x01, 0x02, 0x83, 0x81,
  0x00, 0xA0, 0xCA, 0x9F, 0xAB, 0xE9, 0x9E, 0xA8,
  0xB8, 0xB9, 0xAA, 0xA0, 0xB9, 0xB8, 0x91, 0x05,
  0x36, 0x35, 0x34, 0x25, 0x33, 0x52, 0x42, 0x32,
  0x32, 0x40, 0x23, 0x42, 0x37, 0x22, 0x42, 0x23,
  0x21, 0x18, 0xBE, 0xBF, 0xBD, 0xCB, 0xDB, 0xBC,
  0xBC, 0xBC, 0xBB, 0xBB, 0xCB, 0xBB, 0xBB, 0xAB,
  0x9A, 0x88, 0x23, 0x64, 0x53, 0x53, 0x44, 0x34,
  0x42, 0x34, 0x23, 0x33, 0x32, 0x33, 0x22, 0x11,
  0x08, 0x8A, 0xAC, 0xCB, 0xBD, 0xBC, 0xAC, 0xAA,
  0xBB, 0xBB, 0xBB, 0xBB, 0xBA, 0xCA, 0x9A, 0x9A,
  0x99, 0xA9, 0x89, 0x0A, 0x88, 0x09, 0xB5, 0x9B,
  0x10, 0x99, 0x08, 0x82, 0x83, 0x7A, 0x43, 0x12,
  0x11, 0x22, 0xF2, 0x00, 0x2C, 0x81, 0xC0, 0xCD,
  0x8B, 0xBB, 0xFA, 0x9C, 0x91, 0xCB, 0x8A, 0x99,
  0xC0, 0x88, 0x19, 0x26, 0x13, 0x43, 0x36, 0x31,
  0x40, 0x52, 0x21, 0x42, 0x05, 0x13, 0x25, 0x13,
  0x42, 0x34, 0x21, 0x40, 0x18, 0x8C, 0xBB, 0xFC,
  0xBD, 0xCB, 0xBD, 0xBC, 0xBB, 0xCB, 0xCA, 0xCA,
  0xAB, 0xBB, 0xAB, 0xBA, 0xA9, 0x88, 0x23, 0x56,
  0x35, 0x43, 0x44, 0x34, 0x33, 0x43, 0x34, 0x23,
  0x23, 0x23, 0x21, 0x20, 0x00, 0x99, 0xAB, 0xCC,
  0xBC, 0xBC, 0xBB, 0xCB, 0xBB, 0xBC, 0xAB, 0xBB,
  0xBA, 0xBB, 0xB9, 0xBA, 0xB9, 0xA9, 0x99, 0x98,
  0x2B, 0x91, 0x4C, 0x18, 0x19, 0x01, 0x82, 0x23,
  0x07, 0x22, 0x31, 0x31, 0x50, 0x87, 0x99, 0x09,
  0x9A, 0x8C, 0xAB, 0xAF, 0x1D, 0xBA, 0xAB, 0xF8,
  0xA9, 0xA9, 0xAB, 0x8B, 0x0C, 0x3B, 0x04, 0x05,
  0x06, 0x05, 0x11, 0x22, 0x40, 0x31, 0x42, 0x32,
  0x43, 0x35, 0x33, 0x62, 0x24, 0x23, 0x31, 0x32,
  0x08, 0xAD, 0xCD, 0xCC, 0xCB, 0xCD, 0xAC, 0xBB,
  0xCC, 0xAB, 0xCA, 0xBB, 0xBC, 0xBA, 0xBB, 0xAA,
  0xA9, 0x80, 0x23, 0x64, 0x53, 0x44, 0x43, 0x34,
  0x43, 0x33, 0x43, 0x33, 0x33, 0x33, 0x32, 0x11,
  0x18, 0x8A, 0x9B, 0xDB, 0xCC, 0xBA, 0xCB, 0xCA,
  0xBB, 0xBC, 0xBA, 0xBB, 0xBB, 0xBB, 0xBB, 0x9D,
  0x89, 0x99, 0x90, 0xB1, 0x89, 0x08, 0x00, 0x20,
  0x12, 0x13, 0x03, 0x36, 0x91, 0x72, 0x81, 0x22,
  0x82, 0x81, 0xA8, 0xD3, 0xFA, 0x9A, 0xBA, 0xBB,
  0xFA, 0x9C, 0x98, 0xD9, 0x0B, 0x80, 0xA9, 0x0A,
  0x0A, 0x1B, 0x6A, 0x14, 0x13, 0x35, 0x23, 0x37,
  0x05, 0x21, 0x34, 0x35, 0x24, 0x24, 0x24, 0x23,
  0x32, 0x42, 0x21, 0x29, 0x89, 0xDC, 0xCC, 0xDB,
  0xDB, 0xCB, 0xCC, 0xBB, 0xCC, 0xAC, 0xAB, 0xBB,
  0xBC, 0xAB, 0xBB, 0xAA, 0x99, 0x80, 0x24, 0x54,
  0x44, 0x35, 0x34, 0x35, 0x23, 0x42, 0x33, 0x33,
  0x42, 0x22, 0x21, 0x11, 0x18, 0x88, 0xAA, 0xBB,
  0xDB, 0xDB, 0xAB, 0xCB, 0xCA, 0xBA, 0xCA, 0xAB,
  0xAC, 0xA9, 0xAA, 0xAA, 0x9A, 0xA9, 0x99, 0xA9,
  0x00, 0x80, 0x2A, 0x62, 0x81, 0x41, 0x13, 0x14,
  0x01, 0x39, 0x40, 0x02, 0xD2, 0x88, 0xBC, 0x0B,
  0xBD, 0xC9, 0xBA, 0xD8, 0xCB, 0x8B, 0xAB, 0xAE,
  0x0B, 0x90, 0x9A, 0x11, 0xD2, 0x12, 0x16, 0x01,
  0x42, 0x23, 0x41, 0x27, 0x13, 0x24, 0x32, 0x72,
  0x23, 0x51, 0x24, 0x13, 0x22, 0x34, 0x00, 0x08,
  0x9C, 0xCC, 0xDB, 0xDB, 0xDB, 0xCB, 0xCC, 0xBB,
  0xBD, 0xBB, 0xBD, 0xAB, 0xAC, 0xAA, 0xAB, 0xA9,
  0x99, 0x00, 0x24, 0x37, 0x34, 0x44, 0x34, 0x33,
  0x44, 0x32, 0x42, 0x33, 0x23, 0x32, 0x22, 0x21,
  0x10, 0x08, 0x9B, 0xBC, 0xBD, 0xBC, 0xBC, 0xBB,
  0xCA, 0xBC, 0xAB, 0xBB, 0xBA, 0xCB, 0x9A, 0xAA,
  0xA9, 0xA9, 0xA8, 0x90, 0x90, 0x90, 0x1A, 0x33,
  0x31, 0x30, 0x71, 0x86, 0x82, 0x93, 0xA3, 0x92,
  0x92, 0xBA, 0x5A, 0xAA, 0x0F, 0xE1, 0x89, 0xA9,
  0xAA, 0xAD, 0x8D, 0x1B, 0x9A, 0xB0, 0xB3, 0xBA,
  0x29, 0x49, 0x41, 0x52, 0x34, 0x24, 0x41, 0x35,
  0x15, 0x14, 0x24, 0x33, 0x43, 0x44, 0x23, 0x33,
  0x42, 0x12, 0x28, 0x0B, 0xCB, 0xFD, 0xAC, 0xCB,
  0xCC, 0xBC, 0xBC, 0xBC, 0xAC, 0xAB, 0xCA, 0xBB,
  0xBC, 0xAB, 0xAB, 0xAA, 0x98, 0x81, 0x25, 0x45,
  0x35, 0x34, 0x43, 0x43, 0x34, 0x34, 0x32, 0x34,
  0x22, 0x22, 0x22, 0x11, 0x10, 0x08, 0x99, 0xAB,
  0xDA, 0xBD, 0xBB, 0xBC, 0xCA, 0xBB, 0xBB, 0xCB,
  0xBA, 0xBB, 0xAC, 0xAA, 0xB8, 0xB9, 0xA9, 0xA1,
  0xBA, 0x29, 0x09, 0x00, 0x03, 0x99, 0x78, 0x38,
  0x12, 0x02, 0x79, 0x93, 0x18, 0x88, 0x08, 0xBB,
  0xCD, 0x99, 0xBF, 0x0B, 0x9B, 0xBD, 0xA9, 0xBF,
  0x0A, 0xA0, 0x8E, 0x08, 0x98, 0x00, 0x03, 0xA3,
  0x71, 0x32, 0x53, 0x34, 0x43, 0x53, 0x15, 0x32,
  0x33, 0x52, 0x24, 0x12, 0x21, 0x01, 0x0B, 0x9B,
  0xDB, 0xDF, 0xBB, 0xDB, 0xCC, 0xBB, 0xDA, 0xCA,
  0xCA, 0xBB, 0xCA, 0xCA, 0xAB, 0xBB, 0xBA, 0xAB,
  0x98, 0x81, 0x42, 0x64, 0x43, 0x45, 0x33, 0x35,
  0x34, 0x32, 0x42, 0x32, 0x33, 0x32, 0x23, 0x12,
  0x10, 0x08, 0x99, 0xBB, 0xCC, 0xBC, 0xCB, 0xBC,
  0xBB, 0xCB, 0xBB, 0xCA, 0xBA, 0xBB, 0xBC, 0x9A,
  0xB9, 0x9B, 0x89, 0xA0, 0x99, 0x0A, 0x01, 0xA1,
  0xA2, 0xC5, 0xE2, 0x0A, 0x1B, 0x39, 0x0A, 0x09,
  0x3A, 0xB4, 0x58, 0xF2, 0x2B, 0xA3, 0x89, 0x99,
  0x90, 0xFB, 0x1B, 0x8D, 0x89, 0xAA, 0x9B, 0xAA,
  0xAE, 0x01, 0xB1, 0x69, 0x23, 0x53, 0x36, 0x23,
  0x62, 0x34, 0x35, 0x13, 0x33, 0x42, 0x33, 0x42,
  0x13, 0x00, 0x0A, 0xAE, 0xBE, 0xAD, 0xBB, 0xEB,
  0xBC, 0xCB, 0xCB, 0xBC, 0xBC, 0xAC, 0xBA, 0xBB,
  0xBB, 0xCA, 0xAA, 0x99, 0x00, 0x13, 0x45, 0x43,
  0x54, 0x33, 0x53, 0x34, 0x33, 0x34, 0x33, 0x33,
  0x33, 0x23, 0x21, 0x11, 0x00, 0x99, 0x9C, 0xBB,
  0xCC, 0xBB, 0xCB, 0xCB, 0xAC, 0xAA, 0xBB, 0xAB,
  0xBB, 0xAB, 0xAB, 0xBB, 0xAB, 0xC8, 0xB0, 0x89,
  0x3A, 0xF0, 0xAE, 0x81, 0x22, 0x08, 0xB1, 0x78,
  0x90, 0x81, 0x02, 0x16, 0xB9, 0xAF, 0x82, 0x11,
  0x10, 0xB1, 0x98, 0xE8, 0x80, 0xD2, 0x09, 0x20,
  0x4E, 0x28, 0xD0, 0x9A, 0xB1, 0x9C, 0xBE, 0xBF,
  0x8A, 0x80, 0x10, 0x81, 0x00, 0xAA, 0x90, 0x20,
  0x9C, 0xFE, 0x8C, 0x8A, 0xAC, 0xAC, 0xCA, 0x9A,
  0xBE, 0xCB, 0xCB, 0x98, 0xAA, 0xF7, 0x77, 0x70,
  0x08, 0x80, 0x80, 0x00, 0x99, 0x9A, 0x99, 0x99,
  0xA9, 0x98, 0x88, 0x98, 0x88, 0x08, 0x08, 0x80,
  0x00, 0x99, 0x01, 0x80, 0x09, 0x18, 0x00, 0x80,
  0x88, 0x54, 0xA8, 0x32, 0xBA, 0x62, 0xDB, 0x25,
  0x09, 0xBB, 0x93, 0x29, 0xBB, 0x04, 0x61, 0x9A,
  0xB1, 0x35, 0x1A, 0xBA, 0x13, 0x0B, 0xD9, 0x42,
  0x9B, 0xD8, 0x52, 0x98, 0xA9, 0x61, 0xC1, 0x1B,
  0x97, 0x2B, 0x85, 0x0B, 0x86, 0x2A, 0xB3, 0x71,
  0xBA, 0x17, 0x1A, 0xC8, 0x35, 0x09, 0xBA, 0x15,
  0x32, 0x8C, 0xDA, 0x83, 0x74, 0x10, 0x9B, 0xCC,
  0xBA, 0xAA, 0xBB, 0xBB, 0x9A, 0x08, 0x88, 0x03,
  0x75, 0x34, 0x21, 0x19, 0x89, 0x01, 0x34, 0x44,
  0x34, 0x34, 0x33, 0x33, 0x32, 0x21, 0x89, 0xAC,
  0xCB, 0xCB, 0xBB, 0xCB, 0xAB, 0xAB, 0xAB, 0xBA,
  0xB9, 0xB9, 0x89, 0x88, 0x89, 0x88, 0x89, 0x88,
  0x32, 0x13, 0x3E, 0xB8, 0x89, 0x39, 0x33, 0x35,
  0x1B, 0xF8, 0x81, 0x04, 0x13, 0x93, 0x0F, 0x88,
  0x21, 0xAA, 0x52, 0x10, 0x16, 0x1B, 0xDA, 0x99,
  0xDA, 0x83, 0x49, 0x99, 0x34, 0x8B, 0xD9, 0x26,
  0x0A, 0x99, 0x11, 0x38, 0xFA, 0xA0, 0x36, 0x38,
  0x98, 0x03, 0x64, 0x31, 0x8B, 0xC0, 0x27, 0x33,
  0x29, 0xCC, 0xA9, 0x14, 0x24, 0x21, 0x24, 0x22,
  0x19, 0xFD, 0xCC, 0xCB, 0xBC, 0xBA, 0xCA, 0xAA,
  0x98, 0x80, 0x12, 0x23, 0x33, 0x33, 0x43, 0x43,
  0x45, 0x34, 0x44, 0x34, 0x34, 0x34, 0x23, 0x22,
  0x22, 0x00, 0x89, 0x9B, 0xBC, 0xCB, 0xCB, 0xBB,
  0xCA, 0xBB, 0xBB, 0xAB, 0xAB, 0xAA, 0xAA, 0xAA,
  0x88, 0x80, 0x01, 0x99, 0xAB, 0xBA, 0xA0, 0x23,
  0x37, 0x12, 0x32, 0x08, 0x19, 0x8D, 0xA9, 0x26,
  0x8A, 0x9B, 0x8A, 0x00, 0x22, 0x53, 0x17, 0x39,
  0x09, 0x2A, 0x9D, 0xEA, 0xA1, 0x98, 0xAF, 0xC9,
  0xA8, 0x88, 0x8D, 0x99, 0xAA, 0x71, 0x00, 0xBB,
  0x81, 0x46, 0x34, 0x11, 0x10, 0x14, 0x53, 0x43,
  0x22, 0x22, 0x01, 0x1A, 0x98, 0x04, 0x57, 0x33,
  0x43, 0x23, 0x80, 0xAF, 0xCD, 0xCC, 0xCC, 0xBB,
  0xCB, 0xBC, 0xAA, 0x9A, 0x99, 0x88, 0x80, 0x01,
  0x22, 0x34, 0x53, 0x44, 0x44, 0x34, 0x35, 0x33,
  0x43, 0x33, 0x42, 0x22, 0x21, 0x10, 0x88, 0x9A,
  0xBC, 0xCB, 0xBC, 0xBB, 0xCB, 0xBB, 0xBC, 0xAB,
  0xBA, 0xBA, 0xBA, 0x9A, 0x99, 0x88, 0x80, 0x91,
  0x08, 0x12, 0x80, 0x33, 0x38, 0x39, 0xA2, 0x9A,
  0x3D, 0x8B, 0xAC, 0xA0, 0xD0, 0x4B, 0x44, 0x28,
  0x52, 0x00, 0x91, 0x13, 0xC3, 0x8F, 0xAB, 0xAB,
  0xBE, 0xAA, 0xBB, 0xF9, 0x98, 0xAD, 0x9B, 0xA9,
  0xA2, 0x22, 0x41, 0x03, 0x03, 0x37, 0x61, 0x53,
  0x43, 0x43, 0x14, 0x02, 0x01, 0x10, 0x21, 0x52,
  0x36, 0x25, 0x23, 0x32, 0x32, 0x0A, 0xCC, 0xFC,
  0xDB, 0xCC, 0xCA, 0xCA, 0xBB, 0xBB, 0xCA, 0xAA,
  0xA9, 0xA9, 0x98, 0x80, 0x12, 0x44, 0x45, 0x35,
  0x34, 0x44, 0x33, 0x43, 0x34, 0x33, 0x23, 0x32,
  0x21, 0x10, 0x88, 0x9A, 0xCB, 0xCB, 0xCC, 0xAB,
  0xCB, 0xAB, 0xBB, 0xBB, 0xCA, 0xB9, 0xBA, 0x9A,
  0x9B, 0x09, 0x98, 0x82, 0x99, 0x29, 0x81, 0x83,
  0x02, 0x21, 0x38, 0x5F, 0x09, 0xB8, 0xB0, 0x8B,
  0x58, 0x28, 0x71, 0x93, 0x80, 0x91, 0xB2, 0xCB,
  0x1B, 0xBC, 0xCA, 0x9C, 0x9B, 0xBC, 0xE9, 0x9D,
  0x9D, 0x99, 0x9A, 0x99, 0x88, 0x00, 0x10, 0x17,
  0x13, 0x55, 0x34, 0x35, 0x23, 0x41, 0x22, 0x21,
  0x22, 0x22, 0x34, 0x43, 0x37, 0x22, 0x33, 0x40,
  0x08, 0xBE, 0xDC, 0xCC, 0xCB, 0xCC, 0xBB, 0xCB,
  0xCB, 0xAB, 0xBC, 0xAA, 0xAB, 0x9B, 0x99, 0x88,
  0x21, 0x46, 0x34, 0x53, 0x44, 0x34, 0x43, 0x33,
  0x43, 0x33, 0x33, 0x32, 0x31, 0x20, 0x08, 0x9A,
  0xBC, 0xDA, 0xCB, 0xBC, 0xBB, 0xCA, 0xBB, 0xBB,
  0xBB, 0xBB, 0xBD, 0x99, 0xA9, 0x99, 0x98, 0xA8,
  0x88, 0x08, 0x01, 0x00, 0x00, 0x08, 0x92, 0xD9,
  0x28, 0x91, 0x13, 0x87, 0x2C, 0x70, 0x00, 0x11,
  0x01, 0x01, 0x80, 0x90, 0xD8, 0x9F, 0x9A, 0xBB,
  0x9F, 0xB8, 0xB9, 0xC9, 0x9A, 0xA0, 0xA9, 0xB8,
  0x81, 0x03, 0x73, 0x44, 0x34, 0x34, 0x43, 0x43,
  0x52, 0x32, 0x32, 0x30, 0x35, 0x23, 0x27, 0x32,
  0x43, 0x14, 0x11, 0x08, 0xAC, 0xCE, 0xCB, 0xDC,
  0xBC, 0xBC, 0xBC, 0xBB, 0xCB, 0xBB, 0xCB, 0xAB,
  0xBB, 0xAB, 0x9A, 0x88, 0x23, 0x64, 0x44, 0x44,
  0x34, 0x42, 0x43, 0x34, 0x23, 0x34, 0x22, 0x22,
  0x21, 0x10, 0x00, 0x99, 0x9B, 0xCC, 0xAC, 0xBB,
  0xCB, 0xBB, 0xCB, 0xAB, 0xBB, 0xBA, 0xC9, 0xB9,
  0x9B, 0x99, 0x9A, 0x99, 0x89, 0x0A, 0x80, 0x89,
  0xB5, 0x9B, 0x28, 0xA0, 0x0A, 0x11, 0x84, 0x4A,
  0x54, 0x01, 0x10, 0x38, 0xA2, 0x3A, 0x5D, 0x81,
  0xC8, 0xAF, 0x8B, 0xBA, 0xF9, 0x9B, 0x91, 0xDB,
  0x8A, 0x98, 0xD0, 0x09, 0x2A, 0x24, 0x23, 0x53,
  0x26, 0x31, 0x40, 0x43, 0x22, 0x42, 0x15, 0x23,
  0x26, 0x13, 0x42, 0x33, 0x41, 0x31, 0x08, 0x8C,
  0xCC, 0xDC, 0xBD, 0xCB, 0xCC, 0xBB, 0xCB, 0xCB,
  0xBC, 0xBB, 0xBC, 0xAB, 0xBA, 0xBA, 0xA9, 0x90,
  0x23, 0x55, 0x44, 0x44, 0x34, 0x34, 0x34, 0x33,
  0x34, 0x33, 0x23, 0x32, 0x22, 0x11, 0x08, 0x89,
  0xBB, 0xCC, 0xBC, 0xBD, 0xAB, 0xBC, 0xAB, 0xBB,
  0xBB, 0xBC, 0xB9, 0xBB, 0xA9, 0xBA, 0xA9, 0x99,
  0x99, 0x98, 0x2B, 0x81, 0x3D, 0x00, 0x08, 0x01,
  0x01, 0x32, 0x05, 0x41, 0x41, 0x14, 0x02, 0x97,
  0xA0, 0x88, 0x9A, 0x8C, 0xAA, 0xBF, 0x1D, 0xAA,
  0xBA, 0xF8, 0xA9, 0x9A, 0x9B, 0x8B, 0x8A, 0x2C,
  0x04, 0x05, 0x06, 0x86, 0x01, 0x21, 0x48, 0x30,
  0x32, 0x33, 0x43, 0x43, 0x44, 0x34, 0x15, 0x22,
  0x31, 0x22, 0x80, 0xAC, 0xDC, 0xCC, 0xCC, 0xBD,
  0xBC, 0xBB, 0xCC, 0xBB, 0xBC, 0xBB, 0xCB, 0xBA,
  0xBB, 0xBA, 0xA9, 0x00, 0x14, 0x45, 0x44, 0x35,
  0x43, 0x34, 0x34, 0x34, 0x23, 0x33, 0x33, 0x23,
  0x22, 0x21, 0x00, 0x8A, 0xAB, 0xCC, 0xBC, 0xCA,
  0xCA, 0xBB, 0xBC, 0xBB, 0xBB, 0xCA, 0xAB, 0xBA,
  0xBA, 0xAB, 0x9A, 0xA8, 0xB1, 0xC1, 0x98, 0x80,
  0x00, 0x20, 0x21, 0x13, 0x12, 0x44, 0x90, 0x73,
  0x01, 0x23, 0x80, 0x29, 0x0B, 0xB2, 0xFF, 0x8B,
  0x8B, 0xA9, 0xF9, 0x9A, 0xA9, 0xD8, 0x8B, 0x80,
  0xA9, 0x0A, 0x09, 0x8A, 0x4A, 0x07, 0x12, 0x41,
  0x41, 0x46, 0x93, 0x22, 0x43, 0x43, 0x53, 0x34,
  0x34, 0x33, 0x41, 0x42, 0x11, 0x29, 0x89, 0xDB,
  0xDC, 0xCC, 0xCB, 0xCC, 0xBC, 0xBC, 0xBC, 0xAC,
  0xBA, 0xBC, 0xBA, 0xBB, 0xBB, 0xAA, 0xA9, 0x81,
  0x25, 0x44, 0x44, 0x44, 0x33, 0x53, 0x34, 0x34,
  0x32, 0x33, 0x42, 0x22, 0x21, 0x11, 0x08, 0x09,
  0xA9, 0xBC, 0xBC, 0xCB, 0xBB, 0xBE, 0xAA, 0xBA,
  0xCA, 0xAB, 0xAB, 0xAA, 0xBA, 0xBB, 0xAA, 0xBA,
  0xA0, 0xC8, 0x08, 0x80, 0x2B, 0x71, 0x01, 0x22,
  0x04, 0x03, 0x18, 0x59, 0x30, 0x01, 0xB1, 0x08,
  0xDA, 0x8C, 0x9E, 0xAA, 0x9C, 0xA9, 0xDB, 0x0B,
  0xAA, 0xBD, 0x0C, 0x90, 0x99, 0x01, 0xC3, 0x12,
  0x16, 0x01, 0x43, 0x14, 0x30, 0x44, 0x24, 0x25,
  0x31, 0x62, 0x33, 0x42, 0x35, 0x14, 0x11, 0x33,
  0x81, 0x08, 0xAB, 0xFB, 0xDC, 0xCB, 0xCC, 0xBC,
  0xBC, 0xCA, 0xBD, 0xAB, 0xBB, 0xCB, 0xBB, 0xBC,
  0xAA, 0xB9, 0x99, 0x80, 0x34, 0x44, 0x54, 0x34,
  0x43, 0x43, 0x43, 0x33, 0x43, 0x33, 0x42, 0x22,
  0x22, 0x11, 0x10, 0x08, 0x9A, 0xBB, 0xDB, 0xCB,
  0xCB, 0xBC, 0xBC, 0xAB, 0xBB, 0xCA, 0xBA, 0xBB,
  0xAA, 0xBB, 0x9B, 0x9A, 0x99, 0x89, 0x88, 0x89,
  0x3B, 0x36, 0x01, 0x28, 0x78, 0x83, 0x01, 0x83,
  0x92, 0x93, 0x92, 0xCA, 0x5A, 0x9B, 0x0F, 0xC1,
  0x8B, 0x9A, 0xAC, 0x9C, 0x9D, 0x0B, 0xA9, 0xD2,
  0xC2, 0xA8, 0x00, 0x01, 0x03, 0x43, 0x35, 0x23,
  0x60, 0x34, 0x34, 0x24, 0x43, 0x43, 0x43, 0x35,
  0x33, 0x33, 0x43, 0x12, 0x10, 0x0B, 0xDB, 0xED,
  0xAD, 0xBB, 0xEA, 0xCB, 0xBC, 0xCA, 0xBC, 0xBB,
  0xBC, 0xBB, 0xCB, 0xAB, 0xAB, 0xAA, 0x99, 0x81,
  0x35, 0x53, 0x54, 0x35, 0x34, 0x34, 0x33, 0x43,
  0x33, 0x43, 0x23, 0x32, 0x31, 0x21, 0x11, 0x88,
  0x99, 0xBB, 0xEA, 0xBC, 0xCA, 0xCA, 0xBB, 0xBC,
  0xAB, 0xBB, 0xCA, 0xBB, 0x9B, 0xBA, 0xB9, 0xBA,
  0xA9, 0xA0, 0xBA, 0x2A, 0x1A, 0x18, 0x05, 0x90,
  0x48, 0x30, 0x13, 0x83, 0x78, 0xA5, 0x19, 0x80,
  0x88, 0xAA, 0xBC, 0xC1, 0xEB, 0x1B, 0xBA, 0xCB,
  0xC9, 0xBF, 0x0B, 0xA0, 0x8D, 0x80, 0xA8, 0x80,
  0x14, 0x92, 0x71, 0x23, 0x52, 0x42, 0x43, 0x43,
  0x27, 0x21, 0x32, 0x42, 0x23, 0x23, 0x22, 0x82,
  0x1D, 0x9A, 0xCA, 0xDF, 0xBB, 0xCC, 0xCB, 0xBC,
  0xCB, 0xBC, 0xCA, 0xBC, 0xBA, 0xCA, 0xBB, 0xBB,
  0xAB, 0xBA, 0xA0, 0x92, 0x42, 0x65, 0x34, 0x43,
  0x44, 0x33, 0x52, 0x33, 0x43, 0x23, 0x33, 0x32,
  0x32, 0x22, 0x01, 0x08, 0x9A, 0xAB, 0xDB, 0xCC,
  0xBB, 0xCC, 0xAB, 0xBB, 0xCB, 0xBB, 0xBB, 0xCA,
  0xAC, 0x9A, 0xA8, 0x9B, 0x89, 0x98, 0x89, 0x0A,
  0x01, 0x98, 0x81, 0xC5, 0xE2, 0x89, 0x09, 0x29,
  0x0A, 0x1A, 0x39, 0xB3, 0x60, 0xF2, 0x1B, 0x93,
  0x89, 0x99, 0x98, 0xEB, 0x1C, 0x9B, 0x99, 0xBB,
  0xBB, 0xC9, 0x9F, 0x00, 0xA2, 0x30, 0x16, 0x43,
  0x44, 0x34, 0x43, 0x44, 0x25, 0x22, 0x33, 0x42,
  0x33, 0x32, 0x23, 0x10, 0x0A, 0xCD, 0xBF, 0xBB,
  0xEA, 0xDB, 0xBC, 0xBC, 0xCB, 0xBC, 0xBC, 0xAC,
  0xAA, 0xBB, 0xBB, 0xBB, 0xBA, 0xA9, 0x81, 0x14,
  0x45, 0x35, 0x43, 0x44, 0x33, 0x43, 0x43, 0x33,
  0x34, 0x23, 0x23, 0x22, 0x21, 0x11, 0x08, 0x89,
  0x9B, 0xCB, 0xBC, 0xCB, 0xBC, 0xCA, 0xAB, 0xBA,
  0xCA, 0xAB, 0xAA, 0xAB, 0xAA, 0xAB, 0xAA, 0xB9,
  0xB1, 0x78, 0x13, 0xFA, 0x0B, 0x83, 0x30, 0x1B,
  0x44, 0x21, 0xB2, 0xB5, 0x3F, 0x00, 0xB9, 0x42,
  0xB0, 0x01, 0xB8, 0xAA, 0xC1, 0x25, 0x1B, 0x2F,
  0xA9, 0xFC, 0x38, 0xB9, 0xFD, 0x8A, 0xA1, 0x81,
  0x88, 0xAE, 0xA8, 0x90, 0x8B, 0xDA, 0x9B, 0xCE,
  0xAC, 0xA9, 0x9C, 0xDC, 0xBD, 0x89, 0x9F, 0x17,
  0x77, 0x28, 0x80, 0x88, 0x08, 0x9A, 0xA9, 0xAA,
  0x37, 0x30, 0x88, 0x88, 0x88, 0x00, 0x0A, 0xBC,
  0xA9, 0xAA, 0xAA, 0xA9, 0x98, 0x98, 0x80, 0x08,
  0x18, 0x91, 0x2A, 0xA3, 0x28, 0xDC, 0x12, 0x89,
  0xA1, 0x53, 0xAB, 0x85, 0x21, 0xA8, 0x90, 0x20,
  0xDC, 0x23, 0x8C, 0x81, 0xB8, 0x01, 0x7C, 0x91,
  0x95, 0x4A, 0x95, 0x99, 0x62, 0xBA, 0x53, 0xAB,
  0x27, 0x8D, 0x84, 0x29, 0xB9, 0x26, 0x10, 0xAD,
  0xA1, 0x64, 0x28, 0xAC, 0xCB, 0xAB, 0xAB, 0xAB,
  0xA8, 0x01, 0x98, 0x37, 0x72, 0x18, 0x00, 0x00,
  0x81, 0x36, 0x34, 0x22, 0x21, 0x13, 0x53, 0x28,
  0xAC, 0xCC, 0xCA, 0xAB, 0xAA, 0xBB, 0xAA, 0x98,
  0x98, 0x80, 0x24, 0x53, 0x41, 0x18, 0x88, 0x81,
  0x13, 0x44, 0x52, 0x42, 0x33, 0x42, 0x22, 0x21,
  0x00, 0xAA, 0xCC, 0xAB, 0xAD, 0xAA, 0x9B, 0x99,
  0xBC, 0xAA, 0xAA, 0xB0, 0x19, 0xA0, 0x10, 0xBB,
  0x02, 0x19, 0xB1, 0x25, 0x3F, 0xCA, 0x25, 0x28,
  0x91, 0x37, 0x32, 0x8B, 0xB0, 0x56, 0x30, 0x8B,
  0xC9, 0x04, 0x23, 0x22, 0x44, 0x28, 0xDD, 0xDD,
  0xBB, 0xCA, 0xCA, 0xA9, 0x98, 0x00, 0x12, 0x32,
  0x21, 0x34, 0x33, 0x45, 0x43, 0x54, 0x33, 0x34,
  0x33, 0x32, 0x10, 0x89, 0x99, 0xBB, 0xDC, 0xBC,
  0xA9, 0x99, 0xAA, 0xBC, 0xB9, 0x98, 0x01, 0x12,
  0x12, 0x42, 0x08, 0xDE, 0xCB, 0xDB, 0xBC, 0xBB,
  0xCB, 0xAA, 0xAA, 0x80, 0x12, 0x23, 0x33, 0x42,
  0x34, 0x34, 0x43, 0x44, 0x43, 0x43, 0x53, 0x34,
  0x23, 0x32, 0x22, 0x10, 0x98, 0xAA, 0xAC, 0xCC,
  0xCA, 0xAA, 0x9A, 0xAA, 0xCA, 0x90, 0x80, 0x00,
  0x80, 0x90, 0xBB, 0x81, 0x56, 0x42, 0x41, 0x28,
  0x89, 0xEC, 0xEC, 0xBD, 0xBC, 0xBB, 0xBB, 0xAA,
  0xA9, 0x88, 0x08, 0x22, 0x14, 0x44, 0x44, 0x35,
  0x43, 0x43, 0x43, 0x33, 0x33, 0x22, 0x10, 0x08,
  0xAA, 0xCB, 0xCB, 0xCB, 0xCB, 0xAB, 0xBB, 0xBB,
  0xAB, 0xBB, 0xA9, 0x90, 0x11, 0x38, 0x02, 0x85,
  0x43, 0x42, 0x22, 0x12, 0x19, 0x1A, 0x99, 0x91,
  0x54, 0x46, 0x24, 0x33, 0x19, 0x0C, 0xCC, 0xEC,
  0xBD, 0xCB, 0xBC, 0xBA, 0xBB, 0xBA, 0x9A, 0xA9,
  0x89, 0x01, 0x32, 0x42, 0x54, 0x43, 0x53, 0x54,
  0x33, 0x53, 0x24, 0x32, 0x33, 0x23, 0x22, 0x22,
  0x21, 0x08, 0x8A, 0xCD, 0xDC, 0xBD, 0xCB, 0xBD,
  0xBB, 0xBB, 0xBC, 0xAA, 0xA9, 0xA9, 0x88, 0x80,
  0x13, 0x44, 0x54, 0x35, 0x34, 0x34, 0x33, 0x43,
  0x22, 0x21, 0x11, 0x88, 0x89, 0xBB, 0xCC, 0xBB,
  0xBD, 0xAA, 0xBA, 0xAB, 0xBB, 0xAA, 0xA9, 0x99,
  0xAA, 0x98, 0x0A, 0x81, 0x99, 0x99, 0x08, 0x0B,
  0xAD, 0xAA, 0xFA, 0x81, 0x81, 0x13, 0x53, 0x41,
  0x12, 0x35, 0x50, 0x35, 0x11, 0x08, 0x08, 0x0A,
  0x0B, 0x03, 0x84, 0x90, 0x73, 0x53, 0x33, 0x28,
  0x0D, 0xEA, 0xBF, 0xBB, 0xEA, 0xCC, 0xAB, 0xAB,
  0xBB, 0xBB, 0x9A, 0x09, 0x82, 0x22, 0x24, 0x08,
  0xB9, 0xDD, 0xAB, 0xA9, 0x98, 0x22, 0x35, 0x43,
  0x42, 0x42, 0x33, 0x37, 0x24, 0x35, 0x44, 0x44,
  0x34, 0x42, 0x42, 0x22, 0x32, 0x12, 0x00, 0x89,
  0x9B, 0xBD, 0xCB, 0xBB, 0xDB, 0xAB, 0xCA, 0xAA,
  0xAA, 0xAA, 0xBA, 0x8A, 0x99, 0x9A, 0x08, 0x9A,
  0xA1, 0x10, 0x02, 0x81, 0x21, 0xE3, 0x12, 0x10,
  0x82, 0x69, 0x88, 0x81, 0x89, 0x2C, 0x8B, 0xBF,
  0xBF, 0xAB, 0xC9, 0xE8, 0xA9, 0xCB, 0x89, 0x88,
  0x88, 0x81, 0x22, 0x73, 0x44, 0x43, 0x35, 0x33,
  0x34, 0x32, 0x32, 0x24, 0x32, 0x37, 0x22, 0x51,
  0x42, 0x11, 0x8A, 0xBF, 0xCD, 0xBC, 0xCB, 0xCC,
  0xBB, 0xCB, 0xBC, 0xAB, 0xAB, 0xBA, 0xAA, 0x98,
  0x01, 0x35, 0x53, 0x54, 0x43, 0x43, 0x43, 0x34,
  0x32, 0x42, 0x22, 0x21, 0x20, 0x01, 0x88, 0xA9,
  0xAC, 0xBB, 0xDA, 0xBC, 0xAB, 0xBB, 0xBC, 0xBA,
  0xBA, 0xAB, 0xAA, 0xBA, 0xCA, 0xA9, 0x88, 0xC9,
  0x09, 0x0A, 0x08, 0x00, 0x84, 0x28, 0x00, 0x84,
  0xB8, 0x18, 0x03, 0x1E, 0x0D, 0xAA, 0x1E, 0x80,
  0xBA, 0x0E, 0xA0, 0x09, 0x00, 0xA0, 0xB8, 0x61,
  0x31, 0x52, 0x03, 0xC3, 0x42, 0x40, 0x43, 0x12,
  0x61, 0x35, 0x34, 0x13, 0x30, 0x00, 0xBD, 0xBE,
  0xBE, 0xBC, 0xDA, 0xCB, 0xBB, 0xCC, 0xAA, 0xCA,
  0xAA, 0x9A, 0x88, 0x01, 0x33, 0x73, 0x44, 0x43,
  0x43, 0x34, 0x23, 0x32, 0x22, 0x11, 0x88, 0xAB,
  0xDB, 0xCC, 0xBC, 0xBB, 0xBC, 0xAB, 0xB9, 0xA9,
  0x81, 0x22, 0x63, 0x35, 0x43, 0x43, 0x43, 0x33,
  0x33, 0x33, 0x32, 0x22, 0x18, 0x8A, 0x9C, 0xBC,
  0xBC, 0xCB, 0xBC, 0xBA, 0xDB, 0xAA, 0xAB, 0xBA,
  0xBC, 0x9C, 0xAA, 0x9C, 0x98, 0xAA, 0x8A, 0xA9,
  0xA0, 0xA3, 0x90, 0x31, 0x27, 0x34, 0x41, 0x52,
  0x21, 0x41, 0x24, 0x24, 0x24, 0x26, 0x12, 0x20,
  0x38, 0x98, 0xBD, 0xCD, 0xCB, 0xEB, 0xCC, 0xAB,
  0xBC, 0xBC, 0xBB, 0xBC, 0xAA, 0xAA, 0x99, 0x80,
  0x24, 0x45, 0x36, 0x33, 0x53, 0x34, 0x33, 0x43,
  0x23, 0x23, 0x21, 0x11, 0x18, 0x88, 0xAB, 0xBC,
  0xCB, 0xCB, 0xCB, 0xCB, 0xCB, 0xCB, 0xAC, 0xAB,
  0xBC, 0xAB, 0xBC, 0xBB, 0xAB, 0xBB, 0xBB, 0xBB,
  0xAA, 0x88, 0x14, 0x37, 0x52, 0x35, 0x43, 0x43,
  0x34, 0x34, 0x23, 0x33, 0x34, 0x12, 0x21, 0x18,
  0x08, 0x98, 0x9A, 0xBC, 0xCC, 0xAC, 0xB9, 0xBC,
  0xAB, 0xAA, 0x9C, 0x98, 0xA0, 0x88, 0x82, 0x22,
  0x43, 0x43, 0x43, 0x11, 0x2B, 0xBA, 0xCF, 0xDC,
  0xCB, 0xCD, 0xAC, 0xBB, 0xCB, 0xBC, 0xBB, 0xCA,
  0xBA, 0xBA, 0x8A, 0x81, 0x14, 0x45, 0x43, 0x53,
  0x44, 0x33, 0x43, 0x33, 0x33, 0x23, 0x22, 0x11,
  0x80, 0x99, 0xBC, 0xCA, 0xDA, 0xAA, 0xBC, 0x9B,
  0xCA, 0xA9, 0xAA, 0xAA, 0x9B, 0x90, 0x80, 0x11,
  0x13, 0x32, 0x70, 0x25, 0x02, 0x01, 0xAB, 0xBF,
  0xBB, 0xCE, 0xAD, 0xAB, 0xAC, 0xCB, 0xBC, 0xBB,
  0xBB, 0xCB, 0xBA, 0xBA, 0xBA, 0x90, 0x81, 0x37,
  0x35, 0x44, 0x43, 0x35, 0x23, 0x43, 0x34, 0x23,
  0x33, 0x42, 0x22, 0x22, 0x11, 0x11, 0x00, 0xBB,
  0xBC, 0xDB, 0xDB, 0xDB, 0xCC, 0xBB, 0xCB, 0xCB,
  0xBC, 0xBB, 0xCA, 0xBB, 0xBA, 0xBB, 0x9A, 0x90,
  0x23, 0x55, 0x53, 0x44, 0x34, 0x34, 0x32, 0x43,
  0x22, 0x32, 0x22, 0x21, 0x08, 0x09, 0x9B, 0xBD,
  0xAD, 0xBA, 0xBC, 0xBA, 0xCB, 0xAB, 0xAA, 0xCB,
  0x89, 0xAA, 0x99, 0x99, 0x88, 0x89, 0x00, 0x13,
  0x82, 0x17, 0x92, 0x52, 0x10, 0x30, 0x32, 0x33,
  0x61, 0x11, 0x50, 0x24, 0x21, 0x13, 0x18, 0x0B,
  0x9B, 0xFF, 0xBA, 0xAA, 0xFB, 0xBB, 0xDB, 0xBC,
  0xBC, 0xBB, 0xDA, 0xAB, 0xAB, 0xAA, 0xAA, 0x90,
  0x01, 0x24, 0x62, 0x36, 0x33, 0x43, 0x34, 0x23,
  0x33, 0x42, 0x10, 0x09, 0x9A, 0xBF, 0xBB, 0xDB,
  0xCC, 0xAA, 0xBA, 0xA9, 0x92, 0x23, 0x74, 0x44,
  0x34, 0x35, 0x23, 0x33, 0x34, 0x22, 0x21, 0x10,
  0x08, 0x98, 0xAA, 0xDA, 0xAC, 0xCB, 0xAC, 0xBA,
  0xAC, 0xAA, 0xAA, 0xBA, 0xBB, 0xA8, 0x8A, 0x99,
  0x9A, 0x0A, 0xAB, 0x00, 0x93, 0xF9, 0x38, 0x0A,
  0x1F, 0x11, 0xBA, 0xBA, 0x80, 0xC0, 0xB9, 0xD3,
  0xF9, 0x18, 0x09, 0x8A, 0x90, 0x0F, 0x19, 0xD3,
  0x21, 0x02, 0x42, 0x34, 0x44, 0x44, 0x24, 0x33,
  0x42, 0x36, 0x12, 0x22, 0x12, 0x88, 0x8C, 0xBC,
  0xCC, 0xDB, 0xDC, 0xBB, 0xDB, 0xCB, 0xCB, 0xBD,
  0xAB, 0xBB, 0xCB, 0xBA, 0xBA, 0xB9, 0x90, 0x12,
  0x45, 0x54, 0x34, 0x44, 0x33, 0x43, 0x42, 0x34,
  0x22, 0x22, 0x22, 0x21, 0x00, 0x08, 0x8A, 0xAA,
  0xCC, 0xBB, 0xDA, 0xBB, 0xBC, 0xBB, 0xBC, 0xAB,
  0xBA, 0xAB, 0x99, 0xB9, 0xAB, 0xA8, 0xA1, 0x19,
  0x0A, 0x80, 0x99, 0xB5, 0x48, 0x99, 0x12, 0x80,
  0xA7, 0x6A, 0x02, 0xA8, 0x89, 0x0A, 0x2E, 0x81,
  0xB9, 0xE9, 0x8A, 0x99, 0xAC, 0x09, 0xC8, 0xA8,
  0x17, 0x03, 0x24, 0x41, 0x43, 0x52, 0x15, 0x23,
  0x33, 0x31, 0x40, 0x02, 0x88, 0xAC, 0xBF, 0xAE,
  0xAB, 0xCB, 0xCB, 0xCC, 0xBB, 0xDA, 0xBC, 0xAB,
  0xBB, 0xCA, 0xB9, 0xBA, 0x80, 0x02, 0x36, 0x35,
  0x43, 0x35, 0x32, 0x42, 0x32, 0x22, 0x22, 0x82,
  0x28, 0x80, 0x8B, 0x01, 0x02, 0x42, 0x37, 0x43,
  0x24, 0x43, 0x43, 0x33, 0x42, 0x33, 0x12, 0x21,
  0x10, 0x89, 0x9B, 0xDA, 0xDD, 0x8A, 0xBB, 0xCB,
  0xBC, 0xBA, 0xBB, 0xCB, 0xAA, 0xDA, 0xAB, 0x99,
  0xB9, 0xAB, 0xAA, 0xCA, 0x0F, 0x91, 0x09, 0x99,
  0x88, 0x89, 0x32, 0x43, 0x44, 0x34, 0x61, 0x15,
  0x33, 0x33, 0x35, 0x24, 0x01, 0x32, 0x00, 0x29,
  0xCC, 0xCC, 0xCB, 0xDC, 0xBB, 0xCD, 0xAC, 0xAB,
  0xBC, 0xBB, 0xCB, 0xBC, 0xAA, 0xAA, 0x99, 0x80,
  0x04, 0x54, 0x35, 0x35, 0x34, 0x33, 0x43, 0x43,
  0x23, 0x32, 0x22, 0x12, 0x18, 0x09, 0xAC, 0xCB,
  0xCB, 0xCC, 0xBB, 0xBD, 0xBB, 0xCB, 0xAB, 0xBB,
  0xCA, 0xBA, 0xBB, 0xAA, 0xA9, 0x89, 0x21, 0x26,
  0x44, 0x35, 0x34, 0x34, 0x42, 0x33, 0x42, 0x33,
  0x33, 0x32, 0x23, 0x12, 0x29, 0x10, 0x9B, 0xDA,
  0xCC, 0xAC, 0xAB, 0xBB, 0xDA, 0x9B, 0xAC, 0x99,
  0x98, 0xA9, 0x93, 0x81, 0x34, 0x41, 0x05, 0x42,
  0x32, 0x02, 0x23, 0x9A, 0xAB, 0xBF, 0xEB, 0xCD,
  0xCB, 0xCA, 0xDA, 0xBC, 0xBB, 0xCB, 0xBC, 0xBC,
  0xA9, 0xB9, 0xA9, 0x90, 0x02, 0x43, 0x64, 0x43,
  0x43, 0x43, 0x43, 0x33, 0x42, 0x33, 0x22, 0x31,
  0x11, 0x10, 0x88, 0x9A, 0xB9, 0xCB, 0xBB, 0xCB,
  0xAD, 0xAB, 0xAB, 0xAB, 0x89, 0xCB, 0xBB, 0xBC,
  0xCB, 0xE9, 0xBD, 0xAD, 0xAB, 0xBC, 0xAC, 0xBB,
  0xBD, 0xBB, 0xCA, 0xBA, 0xC9, 0xBB, 0xBA, 0xAA,
  0xA0, 0x91, 0x23, 0x63, 0x72, 0x25, 0x33, 0x52,
  0x42, 0x33, 0x42, 0x41, 0x32, 0x33, 0x23, 0x13,
  0x23, 0x11, 0x21, 0x19, 0x21, 0x9C, 0x8E, 0xBB,
  0xBD, 0xDB, 0xCB, 0xDB, 0xCC, 0xAB, 0xCC, 0xBB,
  0xCB, 0xCA, 0xBC, 0xAB, 0xBA, 0xBA, 0xAA, 0x88,
  0x04, 0x34, 0x54, 0x43, 0x44, 0x34, 0x33, 0x42,
  0x33, 0x23, 0x23, 0x22, 0x21, 0x08, 0x0A, 0xA9,
  0xBD, 0xAB, 0xCC, 0xAC, 0xAB, 0xAB, 0xBB, 0xCB,
  0xA9, 0xC9, 0x99, 0x98, 0xAB, 0x99, 0x0C, 0x03,
  0x02, 0x0A, 0x08, 0x6C, 0x31, 0x94, 0x91, 0x90,
  0xB0, 0xBA, 0xBF, 0xA1, 0xE9, 0xC9, 0xAB, 0xAA,
  0xAB, 0xCC, 0xA9, 0x0D, 0x82, 0x82, 0x83, 0x10,
  0x17, 0x04, 0x52, 0x34, 0x32, 0x41, 0x36, 0x32,
  0x21, 0x40, 0x01, 0x00, 0x88, 0xDA, 0xAE, 0xCB,
  0xDB, 0xDB, 0xBC, 0xBC, 0xBD, 0xAB, 0xCA, 0xAB,
  0xBC, 0x9A, 0xAA, 0x08, 0x12, 0x35, 0x37, 0x34,
  0x34, 0x34, 0x33, 0x43, 0x24, 0x22, 0x21, 0x30,
  0x20, 0x01, 0x88, 0x9B, 0xA9, 0xDB, 0xAA, 0xEA,
  0x99, 0xBA, 0xBB, 0xBC, 0xA9, 0xAA, 0xAB, 0xCA,
  0x9B, 0x90, 0x99, 0x90, 0xBD, 0x1C, 0x14, 0x91,
  0x10, 0x9B, 0x90, 0x95, 0xD8, 0x2A, 0x21, 0xFA,
  0xA9, 0x9A, 0x9B, 0xAF, 0x81, 0xB9, 0xB9, 0xA8,
  0x90, 0x88, 0x25, 0x35, 0x43, 0x35, 0x34, 0x35,
  0x23, 0x45, 0x22, 0x23, 0x32, 0x31, 0x22, 0x28,
  0xBC, 0xEC, 0xDA, 0xCB, 0xDC, 0xBC, 0xBC, 0xBC,
  0xBB, 0xCB, 0xBB, 0xCB, 0xAC, 0xAA, 0xA9, 0x88,
  0x12, 0x44, 0x44, 0x43, 0x44, 0x33, 0x44, 0x23,
  0x32, 0x33, 0x33, 0x22, 0x21, 0x18, 0x09, 0xAA,
  0xAC, 0xBD, 0xAA, 0xDA, 0xBB, 0xBB, 0xBC, 0x9A,
  0xCA, 0xB9, 0xAA, 0xAA, 0x89, 0xBA, 0xAA, 0x88,
  0xC9, 0x71, 0x98, 0x08, 0x11, 0x18, 0x00, 0x01,
  0xDC, 0xAB, 0x8B, 0xAC, 0xAB, 0xD8, 0xFA, 0x1B,
  0xBA, 0x18, 0xAE, 0x0D, 0x32, 0xD1, 0x11, 0x11,
  0x20, 0x29, 0x75, 0x13, 0x21, 0x70, 0x12, 0x02,
  0x42, 0x32, 0x01, 0x81, 0xBC, 0x9D, 0xAB, 0xFC,
  0xBC, 0xBC, 0xCB, 0xBD, 0xAB, 0xBC, 0xBB, 0xCA,
  0xBB, 0xAA, 0x9A, 0x99, 0x21, 0x46, 0x35, 0x42,
  0x43, 0x34, 0x43, 0x33, 0x42, 0x32, 0x22, 0x32,
  0x20, 0x21, 0x88, 0xA8, 0xBC, 0xBA, 0xD9, 0xBC,
  0xAC, 0xBA, 0xBB, 0xAA, 0xCA, 0xAC, 0xA9, 0x99,
  0x00, 0xA9, 0x99, 0x80, 0x88, 0x09, 0x00, 0xBE,
  0xA2, 0xF1, 0x29, 0x09, 0x0C, 0xBA, 0x1F, 0x81,
  0x90, 0xAB, 0xBD, 0x90, 0xF1, 0x1D, 0x01, 0xC8,
  0x08, 0x01, 0x93, 0x28, 0x22, 0x50, 0x35, 0x71,
  0x21, 0x35, 0x12, 0x11, 0x23, 0x30, 0x42, 0x98,
  0x9D, 0xCB, 0xBE, 0xBB, 0xFB, 0xBB, 0xEB, 0xBB,
  0xCB, 0xCA, 0xCB, 0xAB, 0xAC, 0x99, 0xA9, 0x88,
  0x02, 0x36, 0x35, 0x34, 0x44, 0x23, 0x43, 0x34,
  0x23, 0x32, 0x33, 0x22, 0x22, 0x11, 0x18, 0x99,
  0x9D, 0xAA, 0xAB, 0xFA, 0xBB, 0xBA, 0xBC, 0x9A,
  0xBB, 0xBA, 0xBA, 0xA9, 0xA8, 0x98, 0x08, 0x18,
  0x1A, 0x31, 0x8A, 0xAA, 0x77, 0xA9, 0xB8, 0xC1,
  0x9C, 0xC1, 0xCB, 0x88, 0x99, 0x0E, 0x2C, 0xB9,
  0x0A, 0xA2, 0x88, 0x93, 0x98, 0xB4, 0xC3, 0x64,
  0x22, 0x34, 0x42, 0x60, 0x44, 0x21, 0x42, 0x03,
  0x11, 0x13, 0x22, 0x89, 0xBC, 0xEB, 0xEB, 0xBD,
  0xBD, 0xBC, 0xBC, 0xBD, 0xAA, 0xCA, 0xBB, 0xBC,
  0xBA, 0xBA, 0xA9, 0x89, 0x11, 0x37, 0x24, 0x44,
  0x35, 0x24, 0x23, 0x33, 0x43, 0x33, 0x32, 0x32,
  0x22, 0x10, 0x10, 0x8A, 0x9A, 0xDB, 0xBC, 0xBB,
  0xE9, 0xB9, 0xAB, 0xCB, 0xAA, 0x9A, 0xA8, 0x8C,
  0x8B, 0x0A, 0xA8, 0x89, 0x10, 0x1D, 0x24, 0x90,
  0xC1, 0xBA, 0xD8, 0x98, 0x0E, 0x02, 0x80, 0xD9,
  0x99, 0x0E, 0x01, 0xA8, 0xA9, 0x9B, 0xAA, 0xA9,
  0x99, 0x80, 0x62, 0xA7, 0x61, 0x22, 0x17, 0x10,
  0x34, 0x21, 0x51, 0x33, 0x21, 0x11, 0x08, 0x09,
  0xBF, 0xBD, 0xAB, 0xEB, 0xBD, 0xCB, 0xBB, 0xDA,
  0xCA, 0xBB, 0xCB, 0xBC, 0xA9, 0xBA, 0x9A, 0x98,
  0x01, 0x34, 0x73, 0x35, 0x43, 0x34, 0x34, 0x33,
  0x35, 0x22, 0x22, 0x31, 0x12, 0x01, 0x00, 0x08,
  0x99, 0xBD, 0xAA, 0xDA, 0x9A, 0xBB, 0xBD, 0xAA,
  0xBA, 0x8A, 0x9B, 0x9A, 0xC9, 0xA8, 0x2A, 0x8A,
  0xCA, 0xB2, 0xE0, 0x39, 0x98, 0x8C, 0xAA, 0x4E,
  0x12, 0x91, 0xAC, 0xAA, 0xA0, 0xF0, 0x1E, 0x90,
  0x98, 0xB8, 0xC0, 0x18, 0x0A, 0x80, 0x22, 0x70,
  0x27, 0x13, 0x23, 0x21, 0x45, 0x32, 0x33, 0x33,
  0x34, 0x12, 0x80, 0x2A, 0xDB, 0xDE, 0xBB, 0xEA,
  0xAD, 0xBB, 0xCC, 0xBB, 0xCB, 0xBB, 0xCB, 0xCA,
  0xBB, 0xAA, 0xB9, 0x99, 0x21, 0x25, 0x45, 0x35,
  0x34, 0x34, 0x42, 0x33, 0x42, 0x33, 0x33, 0x23,
  0x21, 0x21, 0x00, 0x0A, 0x0A, 0xCA, 0xDA, 0xAB,
  0xBC, 0xBA, 0xD8, 0xAB, 0xAB, 0x9B, 0x9C, 0x1A,
  0xBA, 0xA9, 0xA8, 0xAA, 0xBA, 0xE2, 0x0F, 0xA8,
  0x81, 0x08, 0xA5, 0x09, 0x1F, 0x10, 0x90, 0x98,
  0x1C, 0x01, 0xC9, 0xBA, 0xB9, 0xC9, 0x9C, 0xAA,
  0x80, 0xD3, 0x40, 0x23, 0x42, 0x71, 0x24, 0x34,
  0x33, 0x43, 0x35, 0x04, 0x22, 0x18, 0x08, 0x8A,
  0xAA, 0xDD, 0xBD, 0xBC, 0xDB, 0xBC, 0xBC, 0xBC,
  0xBC, 0xBB, 0xCB, 0xBB, 0xBC, 0xAA, 0xA9, 0x99,
  0x02, 0x34, 0x54, 0x43, 0x53, 0x35, 0x33, 0x34,
  0x33, 0x33, 0x42, 0x23, 0x12, 0x11, 0x00, 0x8A,
  0x09, 0xBA, 0xAD, 0x9A, 0xDA, 0xBB, 0xBB, 0xBC,
  0xAB, 0x9C, 0xB9, 0xBA, 0x81, 0x0F, 0x99, 0x89,
  0x99, 0x8A, 0x0A, 0xDA, 0x90, 0x00, 0xE0, 0x20,
  0x8C, 0xAA, 0x0D, 0x3B, 0xA0, 0x89, 0xFB, 0xE9,
  0x98, 0x89, 0x98, 0x98, 0x0B, 0x37, 0x11, 0x13,
  0x23, 0x37, 0x42, 0x45, 0x13, 0x21, 0x31, 0x24,
  0x32, 0x21, 0x10, 0x8D, 0x88, 0xEB, 0xDB, 0xCB,
  0xEB, 0xBB, 0xDB, 0xBC, 0xCB, 0xCA, 0xCA, 0xAA,
  0xBA, 0xBA, 0xAB, 0x98, 0x80, 0x43, 0x72, 0x52,
  0x34, 0x43, 0x34, 0x33, 0x43, 0x23, 0x33, 0x33,
  0x21, 0x32, 0x80, 0x08, 0x98, 0xCA, 0xAE, 0x9C,
  0x98, 0xAB, 0xBC, 0x99, 0xB9, 0xC9, 0x91, 0xD8,
  0x0B, 0x98, 0xBB, 0x19, 0x19, 0x0C, 0x20, 0xAA,
  0xA9, 0xA8, 0xC1, 0xBF, 0xA9, 0xAB, 0xA2, 0xBC,
  0xCD, 0xBB, 0xAC, 0xAD, 0x98, 0x89, 0xA8, 0x90,
  0xA1, 0x71, 0x22, 0x24, 0x43, 0x44, 0x34, 0x43,
  0x43, 0x34, 0x32, 0x42, 0x32, 0x23, 0x84, 0x8B,
  0xAD, 0xBC, 0xDB, 0xDB, 0xDB, 0xCB, 0xDB, 0xBC,
  0xBB, 0xCB, 0xCB, 0xBB, 0xBB, 0xAC, 0x9A, 0xB0,
  0x89, 0x44, 0x35, 0x35, 0x33, 0x53, 0x34, 0x34,
  0x33, 0x24, 0x22, 0x22, 0x21, 0x21, 0x10, 0x81,
  0x8B, 0x9A, 0xBB, 0xCA, 0xD8, 0xCC, 0x9A, 0x9A,
  0x9A, 0xA9, 0xB1, 0xDB, 0x0A, 0x89, 0x8A, 0x8A,
  0x8A, 0x98, 0x8C, 0x05, 0x09, 0x88, 0xBA, 0xE8,
  0x9B, 0xDA, 0xCB, 0xBC, 0xCA, 0xCA, 0xBA, 0xCC,
  0xA9, 0x81, 0xC2, 0x29, 0x01, 0x0A, 0x51, 0x70,
  0x54, 0x02, 0x23, 0x22, 0x44, 0x33, 0x33, 0x34,
  0x22, 0x21, 0x2A, 0x21, 0xDD, 0x9D, 0xCD, 0xBB,
  0xBC, 0xDB, 0xBC, 0xCB, 0xCA, 0xCA, 0xBB, 0xBC,
  0xAB, 0xAA, 0x9A, 0x90, 0x01, 0x43, 0x44, 0x53,
  0x44, 0x34, 0x33, 0x43, 0x33, 0x34, 0x23, 0x23,
  0x22, 0x22, 0x10, 0x00, 0x98, 0xBB, 0xBD, 0x9D,
  0x98, 0xC9, 0xBB, 0xBA, 0x9C, 0x80, 0xB8, 0xBC,
  0xA0, 0xB1, 0x1B, 0xAC, 0x0D, 0xB0, 0xD1, 0x19,
  0x88, 0xAC, 0x81, 0xA3, 0x3C, 0xAD, 0x8D, 0xCA,
  0x9B, 0x91, 0xEA, 0xB8, 0x9B, 0xC0, 0x92, 0x49,
  0x11, 0x08, 0x42, 0x70, 0x35, 0x11, 0x23, 0x32,
  0x37, 0x14, 0x42, 0x12, 0x21, 0x21, 0x38, 0x32,
  0xAD, 0xDB, 0xDA, 0xEA, 0xAD, 0xBC, 0xBB, 0xCC,
  0xBB, 0xBC, 0xAB, 0xCB, 0xAB, 0xA9, 0xAB, 0x80,
  0x82, 0x23, 0x64, 0x44, 0x43, 0x34, 0x34, 0x34,
  0x23, 0x33, 0x43, 0x21, 0x22, 0x20, 0x22, 0x81,
  0x8B, 0x0C, 0x98, 0xA9, 0xBB, 0xCB, 0xCA, 0xBB,
  0xCC, 0x99, 0xAA, 0xBB, 0xBC, 0xB9, 0xB8, 0x80,
  0xAA, 0x89, 0xC9, 0x34, 0x09, 0xBB, 0xE8, 0xAA,
  0xFA, 0x80, 0x9D, 0xC9, 0xAB, 0xAC, 0xA8, 0x9A,
  0xB9, 0xC9, 0xC8, 0x08, 0x98, 0x27, 0x21, 0x13,
  0x36, 0x32, 0x74, 0x22, 0x33, 0x43, 0x34, 0x43,
  0x31, 0x21, 0x01, 0x99, 0xBC, 0xFA, 0xBD, 0xDA,
  0xBE, 0xAD, 0xAA, 0xAC, 0xAB, 0xCA, 0xBB, 0xBC,
  0xAA, 0xBA, 0xAB, 0x98, 0x01, 0x34, 0x45, 0x34,
  0x44, 0x33, 0x44, 0x33, 0x33, 0x43, 0x33, 0x33,
  0x32, 0x41, 0x22, 0x98, 0x08, 0x8A, 0xAB, 0xBD,
  0xBC, 0xAC, 0xAA, 0xBA, 0xC0, 0xBC, 0x9A, 0x8A,
  0x98, 0xA8, 0xB5, 0x9B, 0x09, 0x10, 0x38, 0x18,
  0x48, 0xC9, 0x2D, 0x13, 0xD8, 0xEB, 0xAB, 0x99,
  0xF8, 0x0A, 0x8B, 0xC9, 0x91, 0xB2, 0x29, 0x90,
  0x8B, 0x81, 0x7A, 0x54, 0x03, 0x11, 0x31, 0x76,
  0x21, 0x13, 0x33, 0x62, 0x11, 0x13, 0x90, 0x08,
  0xB9, 0x9F, 0xF9, 0xBA, 0xCC, 0xBB, 0xCB, 0xCB,
  0xBD, 0xAB, 0xBB, 0xBC, 0xAB, 0xBB, 0x9B, 0xAB,
  0x83, 0x15, 0x36, 0x34, 0x52, 0x42, 0x35, 0x32,
  0x42, 0x22, 0x33, 0x22, 0x33, 0x11, 0x21, 0x01,
  0x91, 0x0D, 0x8B, 0xC9, 0xB8, 0x9B, 0xEB, 0x8A,
  0x8A, 0xAD, 0x90, 0x8B, 0xA3, 0xC9, 0x91, 0xA1,
  0x2A, 0x1F, 0x98, 0x08, 0x20, 0xC9, 0xC0, 0xDA,
  0x99, 0x0B, 0x08, 0xCC, 0x9C, 0xB9, 0x80, 0x0B,
  0x04, 0xC9, 0x9B, 0xC9, 0x82, 0x3F, 0x78, 0x94,
  0x00, 0x10, 0x25, 0x23, 0x34, 0x24, 0x23, 0x24,
  0x03, 0x48, 0x29, 0xA9, 0xBB, 0xDC, 0xCD, 0xAC,
  0xDA, 0xBB, 0xBD, 0xBB, 0xCA, 0xCB, 0xBB, 0xBD,
  0x9A, 0x9A, 0xAA, 0x98, 0x88, 0x33, 0x54, 0x44,
  0x34, 0x34, 0x42, 0x43, 0x33, 0x33, 0x34, 0x23,
  0x22, 0x32, 0x10, 0x10, 0x89, 0x99, 0x9A, 0xBC,
  0xBD, 0xBA, 0xBB, 0xCA, 0xBA, 0x0E, 0x98, 0xB9,
  0xA9, 0x88, 0x99, 0x1C, 0x7C, 0x92, 0x80, 0x8A,
  0x11, 0xD0, 0xCA, 0xA9, 0x00, 0x8A, 0xFA, 0x09,
  0xAA, 0x9C, 0x88, 0x8D, 0x99, 0xA9, 0x9A, 0x92,
  0x18, 0xA2, 0xA5, 0x46, 0x87, 0x32, 0x31, 0x70,
  0x24, 0x13, 0x25, 0x12, 0x10, 0x18, 0x01, 0x89,
  0xBC, 0xCC, 0xDB, 0xCB, 0xCB, 0xCB, 0xCB, 0xDA,
  0xBB, 0xBB, 0xBD, 0xAA, 0xAB, 0xAB, 0xA0, 0x81,
  0x03, 0x36, 0x35, 0x43, 0x35, 0x33, 0x35, 0x23,
  0x23, 0x42, 0x32, 0x22, 0x22, 0x12, 0x01, 0x29,
  0x88, 0xA8, 0xBB, 0xCB, 0xAC, 0xAB, 0xCA, 0xC9,
  0x9A, 0x9A, 0x9B, 0x8A, 0xBA, 0xA8, 0x69, 0x9B,
  0xBD, 0x91, 0xC9, 0x30, 0xAB, 0x01, 0xE0, 0x0F,
  0x99, 0x30, 0x39, 0xC9, 0xC9, 0x99, 0x02, 0xB4,
  0xC9, 0x1F, 0xAA, 0xA8, 0x9C, 0xCF, 0xA8, 0x82,
  0x80, 0x28, 0xB9, 0x21, 0x8F, 0xDA, 0xCA, 0xAD,
  0xAC, 0x9A, 0xAF, 0xAD, 0xA9, 0x8D, 0x97, 0x77,
  0x68, 0x08, 0x80, 0x0A, 0x99, 0x99, 0x98, 0x98,
  0x89, 0x88, 0x08, 0x89, 0x27, 0x70, 0x00, 0x88,
  0x08, 0x00, 0x08, 0x9A, 0x99, 0x99, 0x8A, 0xA8,
  0x0A, 0x99, 0x08, 0x98, 0x02, 0x0B, 0x91, 0x31,
  0xDA, 0x11, 0x8B, 0x94, 0x8C, 0xA5, 0x08, 0xA2,
  0x5B, 0x18, 0x97, 0x98, 0x6A, 0x96, 0x0A, 0x24,
  0xBB, 0x62, 0xCA, 0x43, 0x9C, 0x83, 0x50, 0x9D,
  0xA2, 0x73, 0x09, 0xBE, 0xBA, 0xAA, 0xBA, 0xA8,
  0x80, 0x81, 0x46, 0x42, 0x08, 0x88, 0x11, 0x43,
  0x44, 0x33, 0x33, 0x33, 0x08, 0x99, 0xCC, 0xCA,
  0x9A, 0xBC, 0x99, 0x09, 0xAB, 0xA0, 0x22, 0x19,
  0xBD, 0xB8, 0x46, 0x32, 0x0A, 0xBE, 0xBB, 0xBA,
  0xAB, 0xCA, 0xB9, 0x88, 0x08, 0x88, 0x44, 0x54,
  0x42, 0x10, 0x8A, 0x88, 0x01, 0x45, 0x23, 0x43,
  0x32, 0x53, 0x21, 0x21, 0x28, 0xAC, 0xA9, 0x8B,
  0xDB, 0xA0, 0x88, 0xDC, 0x90, 0x32, 0x8C, 0xDB,
  0x83, 0x34, 0x13, 0x33, 0x1D, 0xFE, 0xCB, 0xBB,
  0xCB, 0xAA, 0x98, 0x82, 0x13, 0x33, 0x23, 0x35,
  0x35, 0x44, 0x44, 0x33, 0x43, 0x22, 0x21, 0x08,
  0xA9, 0xBB, 0xDB, 0xAC, 0xAB, 0xBA, 0xBA, 0xAA,
  0x99, 0x99, 0x90, 0x10, 0x8B, 0x98, 0x08, 0x88,
  0x22, 0x35, 0x0A, 0xBA, 0xA2, 0x73, 0x8A, 0x98,
  0x16, 0x35, 0x10, 0x8B, 0x02, 0x53, 0x39, 0x9E,
  0xBD, 0xA8, 0x13, 0x22, 0x82, 0x17, 0x31, 0xAF,
  0xBC, 0xBB, 0xDC, 0xBB, 0xB9, 0xAA, 0x99, 0x00,
  0x11, 0x25, 0x46, 0x33, 0x34, 0x21, 0x19, 0xAE,
  0xCD, 0xBC, 0xAB, 0x9A, 0x80, 0x01, 0x22, 0x23,
  0x34, 0x35, 0x35, 0x44, 0x43, 0x53, 0x34, 0x23,
  0x22, 0x10, 0x88, 0xAA, 0xCB, 0xCC, 0xAB, 0xBB,
  0xBB, 0xBC, 0xAA, 0xB9, 0xA8, 0x98, 0x80, 0x00,
  0x00, 0x18, 0x21, 0x00, 0x98, 0x09, 0x3B, 0x9C,
  0x8A, 0x91, 0x14, 0x50, 0x50, 0x11, 0x18, 0x81,
  0xEB, 0xBC, 0xCB, 0x9C, 0xBB, 0xBD, 0xCB, 0x9A,
  0x82, 0x01, 0x00, 0x87, 0x43, 0x53, 0x44, 0x33,
  0x33, 0x32, 0x23, 0x37, 0x44, 0x43, 0x33, 0x30,
  0x9B, 0xFE, 0xCC, 0xBD, 0xBA, 0xBC, 0xAA, 0x9A,
  0x99, 0x99, 0x88, 0x80, 0x12, 0x45, 0x44, 0x44,
  0x43, 0x33, 0x42, 0x22, 0x11, 0x08, 0x99, 0xAB,
  0xCB, 0xBA, 0xC9, 0x99, 0x81, 0x13, 0x43, 0x53,
  0x43, 0x32, 0x33, 0x12, 0x08, 0x8A, 0xAB, 0xCD,
  0xBD, 0xBB, 0xCB, 0xAB, 0xBB, 0xA9, 0xD9, 0xAA,
  0xA9, 0xB9, 0xAA, 0xAA, 0x9B, 0x8C, 0xBA, 0xAD,
  0xBB, 0xAB, 0x89, 0x10, 0x18, 0x47, 0x17, 0x33,
  0x53, 0x34, 0x22, 0x22, 0x13, 0x34, 0x35, 0x34,
  0x34, 0x20, 0x8C, 0xDD, 0xDC, 0xCB, 0xCC, 0xBB,
  0xBC, 0xAB, 0xAB, 0xAA, 0xA9, 0x80, 0x23, 0x65,
  0x35, 0x43, 0x52, 0x42, 0x32, 0x33, 0x22, 0x11,
  0x00, 0x99, 0xAB, 0xCC, 0xAC, 0xAB, 0xAB, 0xAA,
  0xAA, 0xAA, 0x98, 0xA9, 0xAA, 0xBB, 0xDC, 0xCB,
  0xCC, 0xBC, 0xBB, 0xCA, 0xBB, 0xAA, 0xA9, 0xB8,
  0xA8, 0x08, 0x12, 0x34, 0x44, 0x53, 0x44, 0x35,
  0x34, 0x34, 0x34, 0x32, 0x42, 0x22, 0x12, 0x21,
  0x11, 0x18, 0x08, 0x89, 0xA9, 0xCB, 0xCB, 0xBB,
  0xB0, 0x88, 0x18, 0x2E, 0x9F, 0xCC, 0xDC, 0xCC,
  0xBC, 0xBB, 0xDA, 0xBB, 0xCA, 0xAB, 0xA9, 0xA8,
  0x81, 0x24, 0x54, 0x44, 0x35, 0x33, 0x43, 0x34,
  0x22, 0x22, 0x10, 0x00, 0x99, 0xAB, 0xCB, 0xBD,
  0xAB, 0xBB, 0xBB, 0xBB, 0xAB, 0xBA, 0xAA, 0xAA,
  0x99, 0x99, 0x90, 0x8A, 0x3C, 0x10, 0x00, 0x13,
  0x55, 0x23, 0x61, 0x23, 0x20, 0x31, 0x28, 0x20,
  0x0B, 0x0B, 0x8F, 0x0A, 0x14, 0xD1, 0xA9, 0xBB,
  0xFA, 0xDA, 0xCB, 0xCB, 0xCC, 0xBC, 0x9C, 0xAA,
  0xB9, 0xA9, 0x98, 0x01, 0x12, 0x23, 0x12, 0x9B,
  0x9F, 0xEC, 0xBC, 0xCB, 0xBB, 0xCB, 0xBB, 0xCA,
  0xBB, 0x9A, 0x81, 0x37, 0x64, 0x36, 0x35, 0x33,
  0x52, 0x33, 0x42, 0x22, 0x11, 0x10, 0x89, 0xAA,
  0xBD, 0xBB, 0xCB, 0xCA, 0xBB, 0xBB, 0xBA, 0xBA,
  0xBA, 0xA9, 0xA9, 0x89, 0x98, 0x1A, 0x01, 0xA1,
  0x81, 0x82, 0x23, 0x97, 0x32, 0x22, 0x49, 0x58,
  0x90, 0xA9, 0xAC, 0xBB, 0xEB, 0xF9, 0xC9, 0xAB,
  0x9B, 0x9B, 0xA8, 0xB0, 0x31, 0x44, 0x54, 0x14,
  0x32, 0x43, 0x42, 0x43, 0x44, 0x33, 0x53, 0x33,
  0x23, 0x00, 0xBC, 0xEB, 0xFB, 0xBD, 0xCA, 0xCB,
  0xBB, 0xDA, 0xBB, 0xBB, 0xCA, 0xA9, 0x98, 0x03,
  0x37, 0x35, 0x34, 0x43, 0x33, 0x42, 0x32, 0x12,
  0x10, 0x08, 0xA8, 0xAA, 0xBB, 0xAB, 0xA9, 0x80,
  0x04, 0x24, 0x44, 0x33, 0x52, 0x23, 0x23, 0x12,
  0x10, 0x0A, 0x9A, 0xDB, 0xCC, 0xBB, 0xDA, 0xAC,
  0xAB, 0xAB, 0xBD, 0x9B, 0xBA, 0xBC, 0xAA, 0xC9,
  0xB9, 0xBB, 0x9A, 0x8A, 0x8A, 0x88, 0x98, 0x14,
  0x24, 0x61, 0x43, 0x07, 0x13, 0x43, 0x35, 0x43,
  0x24, 0x23, 0x21, 0x28, 0x8B, 0xFC, 0xBE, 0xCB,
  0xCC, 0xBC, 0xBC, 0xBB, 0xCB, 0xAB, 0xBB, 0xB9,
  0xA8, 0x03, 0x46, 0x43, 0x54, 0x34, 0x34, 0x23,
  0x42, 0x22, 0x21, 0x10, 0x00, 0x89, 0x9A, 0xBB,
  0xCA, 0xBD, 0xAA, 0xBA, 0xCA, 0xAB, 0xAB, 0xBC,
  0xAC, 0xAB, 0xBB, 0xCB, 0xBC, 0xBB, 0xCA, 0xBC,
  0xAB, 0xBB, 0xBC, 0xAB, 0xB9, 0xA9, 0x91, 0x03,
  0x73, 0x54, 0x35, 0x43, 0x34, 0x34, 0x42, 0x32,
  0x33, 0x34, 0x22, 0x21, 0x20, 0x10, 0x80, 0x09,
  0x09, 0x00, 0xB0, 0x99, 0xD8, 0x9F, 0xBC, 0xCD,
  0xCB, 0xDB, 0xDB, 0xBC, 0xCB, 0xBC, 0xBC, 0xAB,
  0xBB, 0xBA, 0xB9, 0x98, 0x13, 0x55, 0x44, 0x44,
  0x33, 0x43, 0x43, 0x23, 0x32, 0x22, 0x11, 0x00,
  0x8A, 0xAB, 0xCB, 0xCC, 0xAC, 0xAB, 0xBB, 0xBB,
  0xBC, 0xAA, 0xAA, 0x99, 0x99, 0x88, 0x88, 0x18,
  0x22, 0x30, 0x70, 0x13, 0x03, 0x03, 0x12, 0x30,
  0x24, 0x83, 0xA8, 0x61, 0x18, 0x31, 0x81, 0x8B,
  0x1F, 0x9A, 0xEB, 0xBD, 0xBD, 0xBB, 0xEB, 0xBD,
  0xAA, 0xCA, 0xBA, 0xAB, 0xA9, 0xB8, 0xA9, 0x9B,
  0x9D, 0xBD, 0xBD, 0xBD, 0xBC, 0xBD, 0xAB, 0xCA,
  0xAB, 0xCA, 0xAB, 0xAA, 0x99, 0x01, 0x45, 0x63,
  0x63, 0x54, 0x34, 0x33, 0x44, 0x22, 0x32, 0x32,
  0x11, 0x10, 0x89, 0xAA, 0xCB, 0xCB, 0xCB, 0xCB,
  0xBB, 0xBB, 0xCB, 0xAB, 0xAA, 0xAA, 0xAA, 0x89,
  0x89, 0x90, 0x08, 0x01, 0x18, 0x33, 0x30, 0x32,
  0x78, 0x85, 0x90, 0x98, 0x9B, 0xE0, 0xCA, 0x9B,
  0xBC, 0xC8, 0xE8, 0xAA, 0x0B, 0x98, 0x98, 0x01,
  0x05, 0x42, 0x44, 0x34, 0x53, 0x35, 0x32, 0x52,
  0x32, 0x32, 0x21, 0x29, 0x0B, 0xAF, 0xEB, 0xCC,
  0xBD, 0xBB, 0xDB, 0xBD, 0xBA, 0xCA, 0xBB, 0xBB,
  0xBA, 0x99, 0x81, 0x35, 0x53, 0x63, 0x34, 0x42,
  0x33, 0x33, 0x32, 0x31, 0x20, 0x08, 0x89, 0x9A,
  0x9A, 0xAA, 0x99, 0x08, 0x33, 0x47, 0x23, 0x43,
  0x33, 0x52, 0x23, 0x12, 0x10, 0x80, 0xAB, 0xCB,
  0xEA, 0xBE, 0xAA, 0xAC, 0xAB, 0xBA, 0xAD, 0xA9,
  0xC8, 0xBA, 0xAA, 0xAD, 0x9A, 0x9B, 0x9A, 0x9B,
  0xA8, 0xC2, 0xA4, 0x82, 0x71, 0x34, 0x34, 0x43,
  0x53, 0x24, 0x23, 0x33, 0x22, 0x20, 0x0C, 0xAE,
  0xBE, 0xCB, 0xCC, 0xBD, 0xAC, 0xBB, 0xCB, 0xBC,
  0xBB, 0xBB, 0xBA, 0xA9, 0x00, 0x25, 0x54, 0x35,
  0x43, 0x43, 0x34, 0x33, 0x33, 0x33, 0x32, 0x21,
  0x01, 0x89, 0xAA, 0xBD, 0xAC, 0xBB, 0xCA, 0xBC,
  0xAB, 0xAB, 0xBC, 0xBA, 0xCB, 0xBC, 0xBA, 0xCB,
  0xBC, 0xBC, 0xBA, 0xCB, 0xAB, 0xBB, 0xBB, 0xBA,
  0xC8, 0x99, 0x11, 0x42, 0x54, 0x44, 0x34, 0x35,
  0x24, 0x32, 0x43, 0x33, 0x34, 0x23, 0x23, 0x33,
  0x34, 0x12, 0x32, 0x22, 0x12, 0x11, 0x0A, 0x8D,
  0xCC, 0xDB, 0xEB, 0xCB, 0xDA, 0xCC, 0xAC, 0xAC,
  0xAB, 0xBC, 0xBB, 0xBC, 0xBA, 0xAB, 0x99, 0x81,
  0x34, 0x54, 0x44, 0x43, 0x34, 0x42, 0x33, 0x33,
  0x23, 0x22, 0x11, 0x00, 0x99, 0xAC, 0xBB, 0xDB,
  0xBB, 0xDA, 0xAB, 0xBA, 0xBB, 0xBA, 0xB9, 0xAA,
  0x9A, 0x99, 0x89, 0xA2, 0xB2, 0x82, 0x01, 0x23,
  0x30, 0x77, 0x80, 0x21, 0x11, 0x31, 0x23, 0x3A,
  0x48, 0x09, 0xEB, 0x9D, 0xBD, 0xAC, 0xBA, 0xF9,
  0xAB, 0x9B, 0xCA, 0xAC, 0x9A, 0xAC, 0x8A, 0xC0,
  0xBB, 0xBA, 0xCA, 0xEA, 0xAC, 0xBD, 0xBB, 0xDB,
  0xBD, 0xAB, 0xDA, 0xAB, 0xCA, 0xBB, 0xAC, 0xA8,
  0x98, 0x13, 0x55, 0x45, 0x35, 0x43, 0x34, 0x43,
  0x33, 0x34, 0x23, 0x21, 0x21, 0x08, 0x88, 0xAB,
  0xBD, 0xBC, 0xBB, 0xCB, 0xBC, 0xAA, 0xBA, 0xBA,
  0xAB, 0x9A, 0x9A, 0x9A, 0xA9, 0x9A, 0x98, 0xA8,
  0x99, 0x08, 0x38, 0x1B, 0x79, 0x3A, 0x10, 0xDA,
  0xBC, 0xEA, 0xBC, 0xBC, 0xAC, 0xC0, 0xD9, 0x89,
  0xA0, 0x89, 0x20, 0x24, 0x42, 0x72, 0x24, 0x33,
  0x44, 0x24, 0x23, 0x13, 0x41, 0x22, 0x18, 0x88,
  0xCB, 0xEB, 0xDC, 0xCC, 0xBC, 0xBC, 0xBD, 0xBA,
  0xCB, 0xBB, 0xBC, 0xAA, 0xA9, 0x90, 0x02, 0x44,
  0x44, 0x43, 0x34, 0x42, 0x33, 0x33, 0x22, 0x12,
  0x10, 0x08, 0x89, 0x98, 0x99, 0x89, 0x10, 0x41,
  0x52, 0x37, 0x12, 0x33, 0x33, 0x41, 0x33, 0x12,
  0x28, 0x20, 0xA8, 0xAC, 0xAC, 0xBE, 0xAC, 0xBC,
  0xBB, 0xCB, 0xCB, 0xBD, 0xAB, 0xAC, 0x9B, 0xBA,
  0xBC, 0x8B, 0xA8, 0xA9, 0x18, 0x11, 0x26, 0x34,
  0x16, 0x23, 0x34, 0x43, 0x42, 0x33, 0x33, 0x41,
  0x11, 0x89, 0x9C, 0xEC, 0xBD, 0xCB, 0xCC, 0xCB,
  0xBD, 0xBB, 0xCB, 0xBB, 0xCB, 0xBA, 0xAA, 0x89,
  0x12, 0x44, 0x54, 0x43, 0x43, 0x43, 0x42, 0x33,
  0x33, 0x33, 0x22, 0x21, 0x00, 0x88, 0xA9, 0xBB,
  0xCB, 0xBE, 0xAA, 0xCA, 0xBB, 0xCA, 0xBC, 0xBB,
  0xBC, 0xBC, 0xAB, 0xCA, 0xBB, 0xCA, 0xCA, 0xAB,
  0x9C, 0x9A, 0xAA, 0xA9, 0xA0, 0x91, 0x01, 0x62,
  0x34, 0x52, 0x52, 0x34, 0x24, 0x24, 0x23, 0x33,
  0x34, 0x24, 0x13, 0x22, 0x41, 0x23, 0x13, 0x33,
  0x23, 0x31, 0x30, 0xAB, 0xCF, 0xCC, 0xBE, 0xBD,
  0xBC, 0xBC, 0xBD, 0xAC, 0xAB, 0xBC, 0xAC, 0x9B,
  0xA9, 0xA9, 0x88, 0x12, 0x44, 0x53, 0x44, 0x42,
  0x42, 0x33, 0x42, 0x22, 0x31, 0x21, 0x10, 0x00,
  0x98, 0xAB, 0xBC, 0xBC, 0xBB, 0xCB, 0xAB, 0xBB,
  0xC9, 0xC9, 0x9A, 0xAA, 0xAB, 0x8A, 0xAA, 0xBF,
  0x90, 0xA8, 0x11, 0x18, 0x28, 0x2B, 0xD9, 0x8B,
  0x9D, 0xBF, 0xBA, 0xCB, 0xBA, 0xFA, 0x9D, 0x99,
  0x8B, 0xBB, 0xEB, 0xA9, 0x1A, 0x9F, 0x77, 0x77,
  0x00, 0x08, 0x80, 0x08, 0x18, 0x9A, 0x99, 0x99,
  0xA9, 0xA9, 0xA9, 0xAA, 0xAB, 0xBB, 0xBD, 0xBB,
  0xBC, 0xBB, 0xCA, 0x9B, 0x98, 0x90, 0x22, 0x54,
  0x44, 0x35, 0x34, 0x24, 0x23, 0x23, 0x41, 0x12,
  0x22, 0x08, 0x88, 0x08, 0xAB, 0xBB, 0xBA, 0xBF,
  0xBB, 0xB9, 0xA9, 0xDA, 0xAA, 0x89, 0xAB, 0x91,
  0x09, 0xBB, 0x97, 0x08, 0x8A, 0x82, 0x2F, 0x01,
  0xB9, 0x41, 0xBB, 0x70, 0xC9, 0x51, 0xAB, 0x16,
  0x0B, 0xB1, 0x53, 0xDB, 0x95, 0x31, 0xAC, 0x91,
  0x53, 0x20, 0xAD, 0xB0, 0x56, 0x33, 0x09, 0xBD,
  0xBC, 0xAA, 0xAB, 0xBC, 0xAB, 0x99, 0xA9, 0xBA,
  0x92, 0x44, 0x32, 0x8A, 0xDC, 0xAA, 0x81, 0x35,
  0x44, 0x43, 0x43, 0x43, 0x42, 0x33, 0x22, 0x21,
  0x00, 0x08, 0x89, 0xAA, 0xAB, 0xBC, 0xBC, 0xCB,
  0xBB, 0xBC, 0xAB, 0xAB, 0xBB, 0xCA, 0xAA, 0xBA,
  0xA8, 0x88, 0x81, 0xB9, 0x91, 0x81, 0x11, 0x04,
  0x02, 0xBF, 0x9A, 0x98, 0x3A, 0x0B, 0x9C, 0xFB,
  0x98, 0xAC, 0xB8, 0x81, 0xC9, 0x21, 0xED, 0x98,
  0x8A, 0xB2, 0x73, 0x12, 0x17, 0x32, 0x02, 0x26,
  0x41, 0x11, 0x12, 0x13, 0x8A, 0xEA, 0xB8, 0xAB,
  0xFD, 0xBB, 0xCA, 0xBB, 0xDC, 0xCB, 0xBA, 0xA9,
  0x9A, 0xCC, 0xAB, 0x81, 0x36, 0x35, 0x34, 0x34,
  0x42, 0x31, 0x10, 0x98, 0xAA, 0xBC, 0xBC, 0xBB,
  0xCA, 0x99, 0x80, 0x01, 0x12, 0x80, 0x01, 0x11,
  0x36, 0x44, 0x54, 0x44, 0x34, 0x33, 0x43, 0x33,
  0x32, 0x21, 0x88, 0x9A, 0xCB, 0xBD, 0xBC, 0xBC,
  0xAB, 0xBA, 0xBB, 0xCA, 0xAA, 0xB9, 0xAB, 0xA9,
  0xB9, 0x88, 0x80, 0x10, 0x88, 0x22, 0x37, 0x45,
  0x24, 0x34, 0x33, 0x33, 0x42, 0x21, 0x18, 0x89,
  0xAD, 0xDD, 0xBC, 0xDA, 0xCA, 0xCB, 0xBC, 0xBC,
  0xBB, 0xCA, 0xBC, 0xAA, 0xAA, 0x99, 0x00, 0x13,
  0x63, 0x63, 0x43, 0x43, 0x43, 0x34, 0x32, 0x32,
  0x22, 0x21, 0x31, 0x11, 0x89, 0xA9, 0xA9, 0xAC,
  0x9C, 0x9C, 0xAB, 0xAC, 0xBB, 0xAA, 0x94, 0x02,
  0x34, 0x22, 0x3B, 0x1D, 0xED, 0xCC, 0xCC, 0xCB,
  0xBC, 0xBB, 0xBC, 0xAA, 0x99, 0x9A, 0x09, 0x88,
  0x02, 0x83, 0x35, 0x44, 0x35, 0x44, 0x34, 0x43,
  0x43, 0x34, 0x32, 0x42, 0x12, 0x21, 0x10, 0x08,
  0x8A, 0xAB, 0xCC, 0xCB, 0xCB, 0xCB, 0xCB, 0xCA,
  0xCB, 0xBB, 0xBC, 0xBB, 0xCA, 0xBA, 0xBA, 0xAA,
  0x89, 0x02, 0x25, 0x44, 0x44, 0x34, 0x34, 0x33,
  0x43, 0x23, 0x32, 0x32, 0x22, 0x10, 0x08, 0x89,
  0xAA, 0xCB, 0xBD, 0xAB, 0xBC, 0xAA, 0xCA, 0xAA,
  0xAC, 0x99, 0xB9, 0xAB, 0xB9, 0xBB, 0xDB, 0x8E,
  0x98, 0x80, 0x01, 0x90, 0x38, 0xA4, 0x12, 0x58,
  0x52, 0x13, 0x10, 0x19, 0x8A, 0x0E, 0x81, 0xA6,
  0x93, 0x72, 0x52, 0x35, 0x23, 0x32, 0x21, 0x19,
  0xAC, 0xFB, 0xDB, 0xDB, 0xCB, 0xBC, 0xBC, 0xBB,
  0xBC, 0xBB, 0xCB, 0xBC, 0xAB, 0xBB, 0xAB, 0x99,
  0x01, 0x35, 0x63, 0x54, 0x34, 0x43, 0x34, 0x33,
  0x43, 0x33, 0x33, 0x33, 0x32, 0x11, 0x00, 0x99,
  0xAC, 0xCA, 0xCA, 0xCB, 0xBB, 0xCB, 0xAB, 0xCA,
  0xAA, 0xAA, 0xAA, 0x9A, 0x8B, 0xA8, 0xAA, 0x99,
  0x9A, 0x8A, 0x9C, 0x8A, 0xCA, 0xAC, 0xC8, 0x9B,
  0x90, 0xC2, 0xD8, 0x1E, 0x0C, 0x9B, 0xBA, 0xCA,
  0xBA, 0xAB, 0x9B, 0x83, 0x23, 0x73, 0x46, 0x16,
  0x03, 0x22, 0x51, 0x31, 0x33, 0x33, 0x13, 0x00,
  0xAA, 0xDB, 0xEB, 0xDC, 0xBD, 0xBC, 0xCC, 0xBB,
  0xDB, 0xBB, 0xCA, 0xBA, 0xBB, 0x8A, 0x00, 0x25,
  0x24, 0x53, 0x34, 0x34, 0x23, 0x33, 0x22, 0x20,
  0x08, 0x99, 0xCB, 0xCC, 0xBC, 0xBC, 0xBB, 0xBA,
  0xB9, 0x90, 0x13, 0x56, 0x35, 0x44, 0x33, 0x44,
  0x33, 0x33, 0x42, 0x32, 0x21, 0x21, 0x08, 0x89,
  0xAB, 0xBF, 0xAB, 0xCB, 0xCB, 0xBB, 0xCA, 0xBB,
  0xCA, 0xAB, 0xBA, 0xBA, 0x99, 0x9A, 0x80, 0x01,
  0x24, 0x36, 0x23, 0x53, 0x42, 0x43, 0x23, 0x32,
  0x33, 0x30, 0x39, 0x9C, 0xBF, 0xDA, 0xDB, 0xCC,
  0xBC, 0xBD, 0xAC, 0xAB, 0xCA, 0xBB, 0xCA, 0xAA,
  0x9A, 0x90, 0x82, 0x34, 0x54, 0x43, 0x43, 0x44,
  0x23, 0x33, 0x34, 0x22, 0x22, 0x22, 0x11, 0x01,
  0x80, 0x98, 0xA9, 0xBB, 0xAF, 0x98, 0xA9, 0x89,
  0x09, 0x2A, 0x18, 0x9A, 0xAF, 0xBC, 0xDC, 0xBD,
  0xBC, 0xCA, 0xCB, 0xBC, 0xBC, 0xAC, 0xAB, 0xBB,
  0xBB, 0xCA, 0xAB, 0x9A, 0x80, 0x13, 0x46, 0x35,
  0x43, 0x44, 0x34, 0x34, 0x33, 0x42, 0x33, 0x33,
  0x33, 0x32, 0x21, 0x00, 0x99, 0xBC, 0xCC, 0xCB,
  0xCD, 0xAB, 0xCB, 0xCB, 0xBC, 0xBC, 0xAB, 0xBC,
  0xAB, 0xAB, 0xAA, 0x99, 0x80, 0x13, 0x45, 0x35,
  0x34, 0x43, 0x34, 0x33, 0x33, 0x43, 0x22, 0x32,
  0x12, 0x10, 0x08, 0x8A, 0x9B, 0xBB, 0xE9, 0xC9,
  0xBA, 0xBA, 0xBB, 0xBB, 0xAE, 0x99, 0xAA, 0x8B,
  0xC8, 0xBB, 0x0C, 0xB1, 0xC2, 0xA8, 0x38, 0x18,
  0x58, 0x02, 0xA9, 0xAB, 0xAF, 0x8B, 0x9C, 0x24,
  0x90, 0x61, 0x52, 0x42, 0x43, 0x24, 0x13, 0x22,
  0x12, 0x81, 0x9B, 0xDC, 0xBE, 0xBD, 0xBD, 0xAC,
  0xCA, 0xCC, 0xAC, 0xAC, 0xBB, 0xCB, 0xBC, 0xBB,
  0xBB, 0xBA, 0xAA, 0x80, 0x13, 0x54, 0x44, 0x44,
  0x34, 0x34, 0x33, 0x43, 0x42, 0x33, 0x33, 0x32,
  0x32, 0x12, 0x00, 0x89, 0x9B, 0xBD, 0xBC, 0xBB,
  0xDA, 0xAC, 0xAA, 0xAB, 0xBB, 0x9D, 0x9A, 0x9A,
  0x9A, 0xA9, 0x89, 0xA8, 0x80, 0xA0, 0x09, 0x81,
  0x8A, 0x99, 0x9F, 0xA8, 0xE0, 0xBB, 0xAB, 0xBF,
  0x8B, 0xBA, 0xB9, 0xBA, 0xC9, 0x9A, 0x18, 0x90,
  0x94, 0x40, 0x74, 0x34, 0x43, 0x53, 0x25, 0x23,
  0x32, 0x41, 0x20, 0x2A, 0x1C, 0xCC, 0xCC, 0xCC,
  0xBC, 0xDA, 0xAC, 0xAB, 0xBC, 0xAB, 0xBB, 0xAB,
  0x9A, 0xA0, 0x01, 0x35, 0x43, 0x53, 0x43, 0x43,
  0x34, 0x23, 0x23, 0x02, 0x00, 0x89, 0x9D, 0xBC,
  0xBC, 0xCA, 0xCA, 0xAA, 0xA8, 0x90, 0x23, 0x63,
  0x72, 0x34, 0x43, 0x34, 0x33, 0x34, 0x33, 0x32,
  0x33, 0x21, 0x28, 0x08, 0x9B, 0xCB, 0xEB, 0xBC,
  0xCA, 0xCB, 0xAB, 0xBB, 0xCA, 0xBA, 0xC9, 0x9A,
  0x9A, 0x8A, 0x89, 0x08, 0x20, 0x36, 0x23, 0x72,
  0x24, 0x33, 0x34, 0x32, 0x31, 0x12, 0x8B, 0xCA,
  0xFB, 0xCD, 0xBC, 0xBC, 0xCB, 0xBC, 0xBC, 0xBB,
  0xCB, 0xAB, 0xBB, 0xBA, 0xA9, 0x80, 0x24, 0x54,
  0x35, 0x43, 0x35, 0x33, 0x34, 0x33, 0x33, 0x23,
  0x32, 0x12, 0x11, 0x00, 0x09, 0x9A, 0x8A, 0xB9,
  0xAD, 0x88, 0xB0, 0xA8, 0xA0, 0xC8, 0xBC, 0xAE,
  0xBC, 0xDB, 0xCC, 0xCB, 0xCB, 0xCB, 0xDA, 0xCA,
  0xCA, 0xBB, 0xBB, 0xCB, 0xBA, 0xBB, 0xAA, 0x99,
  0x10, 0x35, 0x37, 0x34, 0x43, 0x53, 0x35, 0x33,
  0x34, 0x42, 0x33, 0x23, 0x34, 0x12, 0x11, 0x10,
  0x8A, 0x9B, 0xDC, 0xBD, 0xBB, 0xDB, 0xCB, 0xBC,
  0xBC, 0xBB, 0xBC, 0xAB, 0xBB, 0xAB, 0xB9, 0xA8,
  0x80, 0x24, 0x36, 0x43, 0x53, 0x35, 0x33, 0x34,
  0x23, 0x33, 0x23, 0x22, 0x21, 0x00, 0x09, 0x89,
  0xBA, 0xDA, 0xBB, 0xBD, 0xAB, 0x9D, 0x9A, 0xB8,
  0xA9, 0xB9, 0xA9, 0x9B, 0x2A, 0xF2, 0xA8, 0x98,
  0x1C, 0x2D, 0x80, 0x9A, 0x90, 0xDB, 0x28, 0xB8,
  0x20, 0xE4, 0x91, 0x13, 0x12, 0x71, 0x21, 0x24,
  0x33, 0x51, 0x43, 0x23, 0x32, 0x02, 0x20, 0xBB,
  0xFD, 0xBF, 0xBC, 0xCC, 0xAC, 0xCA, 0xCB, 0xBC,
  0xBB, 0xCB, 0xCA, 0xBB, 0xBB, 0xAB, 0xA9, 0x90,
  0x13, 0x54, 0x45, 0x34, 0x43, 0x43, 0x34, 0x42,
  0x33, 0x33, 0x42, 0x22, 0x22, 0x21, 0x00, 0x80,
  0x9A, 0xAB, 0xCC, 0xBB, 0xDB, 0xBB, 0xCA, 0xBA,
  0xBB, 0xAA, 0xAB, 0x99, 0x9B, 0x09, 0xA8, 0xD8,
  0xA9, 0xE8, 0x8A, 0x0C, 0x08, 0x9A, 0x01, 0xA9,
  0x0C, 0x1D, 0x0C, 0xAB, 0xCB, 0xBF, 0x9A, 0xCA,
  0x09, 0x89, 0x02, 0x16, 0x15, 0x15, 0x13, 0x41,
  0x41, 0x41, 0x23, 0x13, 0x21, 0x20, 0x09, 0x9E,
  0x9D, 0xCC, 0xBC, 0xCB, 0xCB, 0xCB, 0xCB, 0xBB,
  0xBC, 0xBB, 0xAB, 0xBC, 0x99, 0x98, 0x82, 0x23,
  0x47, 0x23, 0x43, 0x43, 0x33, 0x33, 0x33, 0x21,
  0x18, 0xA9, 0xCD, 0xAC, 0xBC, 0xBA, 0xCA, 0xA9,
  0x98, 0x13, 0x36, 0x53, 0x53, 0x44, 0x33, 0x43,
  0x34, 0x33, 0x23, 0x33, 0x23, 0x21, 0x10, 0x09,
  0x9B, 0xCA, 0xDC, 0xAC, 0xBC, 0xBB, 0xBC, 0xCA,
  0xBA, 0xBB, 0xC9, 0xB9, 0xA9, 0x98, 0x88, 0x30,
  0x71, 0x25, 0x13, 0x25, 0x13, 0x14, 0x11, 0x20,
  0x11, 0x90, 0xAB, 0xED, 0xBC, 0xDC, 0xAC, 0xBB,
  0xDB, 0xCA, 0xBC, 0xAB, 0xBB, 0xBB, 0xBB, 0xBA,
  0xA0, 0x82, 0x37, 0x34, 0x53, 0x44, 0x24, 0x23,
  0x34, 0x22, 0x33, 0x22, 0x31, 0x32, 0x02, 0x11,
  0x10, 0x11, 0x19, 0x38, 0x80, 0x00, 0xC8, 0xCA,
  0xCB, 0xFA, 0xBA, 0xCA, 0xFA, 0xAB, 0xCA, 0xCB,
  0xBD, 0xAB, 0xCB, 0xCB, 0xCA, 0xBB, 0xDA, 0xAB,
  0xAC, 0x9A, 0xA9, 0x88, 0x92, 0x15, 0x35, 0x43,
  0x44, 0x43, 0x43, 0x35, 0x23, 0x42, 0x33, 0x32,
  0x33, 0x32, 0x21, 0x10, 0x98, 0xBE, 0xAC, 0xBD,
  0xCB, 0xBD, 0xBB, 0xCB, 0xCB, 0xBC, 0xBB, 0xBB,
  0xCA, 0xAA, 0xAA, 0x88, 0x01, 0x33, 0x63, 0x45,
  0x24, 0x33, 0x34, 0x33, 0x33, 0x42, 0x22, 0x12,
  0x12, 0x00, 0x00, 0x89, 0x90, 0xBC, 0x99, 0xCB,
  0x8C, 0xA9, 0xAB, 0x9B, 0xD8, 0xAA, 0x9B, 0xAB,
  0x9E, 0x9A, 0xA0, 0xF8, 0x92, 0xAB, 0x0B, 0x0A,
  0x91, 0xB1, 0xC0, 0x3C, 0x4B, 0x60, 0x83, 0x06,
  0x02, 0x33, 0x35, 0x32, 0x44, 0x12, 0x33, 0x02,
  0x30, 0x2A, 0xD8, 0xCD, 0xCD, 0xAC, 0xCB, 0xDA,
  0xEA, 0xAC, 0xBB, 0xCB, 0xBD, 0xAB, 0xBA, 0xBB,
  0xC9, 0xA9, 0x89, 0x02, 0x24, 0x44, 0x35, 0x43,
  0x35, 0x24, 0x32, 0x33, 0x42, 0x32, 0x23, 0x12,
  0x21, 0x18, 0x18, 0x99, 0x9A, 0xBB, 0xDA, 0xBC,
  0xAB, 0xCA, 0xC9, 0xAB, 0xAA, 0xAA, 0xB9, 0xBB,
  0x8B, 0x87, 0x92, 0x3F, 0xA1, 0xD9, 0x11, 0x21,
  0xA1, 0x94, 0x1B, 0x1A, 0x22, 0xD2, 0x19, 0xF0,
  0xAE, 0x11, 0x00, 0x1A, 0x99, 0x2B, 0x10, 0x90,
  0xF4, 0xAA, 0x87, 0x8B, 0x3F, 0xB8, 0xBB, 0x00,
  0x9A, 0xCC, 0xFB, 0x99, 0x80, 0x8B, 0xA8, 0xAD,
  0xDB, 0xBA, 0x99, 0xEC, 0xEA, 0xB9, 0x9B, 0xF0,
  0x77, 0x70, 0x88, 0x88, 0x08, 0x8A, 0x9A, 0x9B,
  0xB7, 0x77, 0x00, 0x80, 0x88, 0x08, 0x00, 0x9A,
  0x99, 0x9A, 0x99, 0xA8, 0x99, 0x88, 0x88, 0x88,
  0x08, 0x08, 0x80, 0x88, 0x80, 0x88, 0x90, 0x08,
  0x09, 0x11, 0x18, 0xB0, 0x72, 0x80, 0x18, 0xA2,
  0x5A, 0xF0, 0x31, 0x9A, 0xBB, 0x13, 0x01, 0xF8,
  0x02, 0x51, 0xAB, 0x38, 0x17, 0x3D, 0x92, 0x39,
  0xB1, 0x58, 0xD8, 0x42, 0xAB, 0x83, 0x62, 0x8B,
  0xCC, 0x07, 0x41, 0x09, 0xCC, 0xAA, 0xAB, 0x99,
  0xAB, 0x93, 0x39, 0xC1, 0x77, 0x18, 0x80, 0x21,
  0x0A, 0x91, 0x73, 0x33, 0x09, 0xA8, 0x47, 0x42,
  0x09, 0xAC, 0xDB, 0xAA, 0xAB, 0xBB, 0xBA, 0xA8,
  0x88, 0x89, 0x14, 0x64, 0x33, 0x30, 0x09, 0x98,
  0x13, 0x44, 0x44, 0x34, 0x34, 0x23, 0x33, 0x22,
  0x11, 0x8A, 0xBC, 0xCB, 0xBC, 0xCA, 0xAB, 0xAA,
  0xAA, 0xBB, 0xAB, 0xAA, 0x98, 0x98, 0x88, 0x0A,
  0x98, 0x08, 0x90, 0x31, 0x34, 0xBF, 0xA1, 0x13,
  0x0A, 0x42, 0x73, 0x1A, 0xB9, 0x03, 0x74, 0x18,
  0xB8, 0xC0, 0x32, 0x50, 0x12, 0x51, 0x0B, 0xDD,
  0xDC, 0xBB, 0xBC, 0xBA, 0x98, 0x88, 0x01, 0x42,
  0x28, 0x12, 0x53, 0x12, 0x36, 0x44, 0x33, 0x33,
  0x44, 0x42, 0x20, 0x08, 0x80, 0x00, 0x9A, 0xEC,
  0xA9, 0x01, 0x10, 0x9C, 0xDB, 0xA8, 0x22, 0x33,
  0x32, 0x53, 0x32, 0x8D, 0xFD, 0xBD, 0xBC, 0xAB,
  0xCA, 0xBA, 0xAA, 0x98, 0x81, 0x13, 0x33, 0x42,
  0x32, 0x42, 0x43, 0x44, 0x43, 0x53, 0x44, 0x24,
  0x23, 0x33, 0x23, 0x12, 0x80, 0x99, 0xBA, 0xCC,
  0xBD, 0xAB, 0xBA, 0xBB, 0xBC, 0xB9, 0xAA, 0x99,
  0x9A, 0x9A, 0x8A, 0x98, 0x01, 0x43, 0x11, 0x02,
  0xB8, 0xAF, 0xBF, 0xCB, 0xDB, 0xCB, 0xBC, 0xAA,
  0xA9, 0x98, 0x00, 0x81, 0x01, 0x35, 0x35, 0x44,
  0x35, 0x34, 0x34, 0x33, 0x33, 0x22, 0x11, 0x00,
  0x99, 0xBD, 0xBC, 0xBB, 0xCB, 0xBC, 0xAB, 0xBA,
  0x8A, 0xAB, 0xCA, 0x88, 0x34, 0x33, 0x12, 0x01,
  0x55, 0x43, 0x33, 0x22, 0x32, 0x81, 0x8A, 0x89,
  0x27, 0x45, 0x43, 0x42, 0x21, 0x80, 0xCD, 0xDC,
  0xDB, 0xDB, 0xCB, 0xBC, 0xAB, 0xAB, 0x9A, 0x9A,
  0x88, 0x81, 0x02, 0x23, 0x44, 0x44, 0x43, 0x53,
  0x53, 0x43, 0x43, 0x34, 0x23, 0x33, 0x22, 0x21,
  0x11, 0x88, 0x9B, 0xBC, 0xDB, 0xCC, 0xBC, 0xBC,
  0xBB, 0xBC, 0xAB, 0xAB, 0xAA, 0xAA, 0x99, 0x98,
  0x01, 0x22, 0x37, 0x33, 0x63, 0x34, 0x43, 0x24,
  0x22, 0x21, 0x20, 0x18, 0x89, 0x9A, 0xBB, 0xDB,
  0xBC, 0xAA, 0xBB, 0xAB, 0xBC, 0xAA, 0x9A, 0x98,
  0xAB, 0xBB, 0x99, 0xCA, 0x8C, 0x9B, 0xD8, 0x89,
  0xCB, 0xAC, 0x9C, 0x91, 0x21, 0x38, 0x43, 0x24,
  0x26, 0x33, 0x73, 0x34, 0x51, 0x12, 0x01, 0x01,
  0x81, 0x02, 0x41, 0x62, 0x35, 0x25, 0x22, 0x11,
  0x8A, 0xBF, 0xCC, 0xDB, 0xCC, 0xCB, 0xBB, 0xCB,
  0xBB, 0xBB, 0xBA, 0xAA, 0xA9, 0x08, 0x10, 0x33,
  0x53, 0x54, 0x36, 0x33, 0x63, 0x34, 0x42, 0x34,
  0x23, 0x22, 0x22, 0x21, 0x10, 0x18, 0x80, 0x88,
  0x80, 0x80, 0x82, 0x98, 0x0A, 0x9D, 0xCC, 0xAE,
  0xBA, 0xDA, 0xBA, 0xCB, 0xAB, 0xCA, 0xAB, 0xAB,
  0xAA, 0xAB, 0xAA, 0x98, 0xA8, 0x90, 0xBB, 0x1D,
  0xAB, 0x81, 0x91, 0x48, 0x30, 0x79, 0x13, 0x81,
  0x09, 0x84, 0xE0, 0x89, 0x9A, 0x99, 0xBB, 0xBC,
  0xEA, 0xF8, 0xBA, 0xBE, 0x8A, 0xAA, 0xAA, 0x09,
  0x19, 0x19, 0x43, 0x27, 0x53, 0x44, 0x34, 0x24,
  0x22, 0x33, 0x31, 0x32, 0x42, 0x33, 0x72, 0x25,
  0x14, 0x22, 0x18, 0x8B, 0xDE, 0xCB, 0xEB, 0xCB,
  0xCB, 0xCB, 0xCB, 0xBB, 0xBC, 0xAB, 0xAA, 0xAA,
  0x99, 0x80, 0x23, 0x63, 0x63, 0x44, 0x43, 0x35,
  0x24, 0x23, 0x33, 0x34, 0x22, 0x22, 0x11, 0x10,
  0x09, 0x9A, 0xAC, 0xBC, 0xBC, 0xBB, 0xCB, 0xCA,
  0xBB, 0xAB, 0xBB, 0xAC, 0x9B, 0xAB, 0x99, 0x9B,
  0x99, 0x99, 0xA1, 0xA1, 0x09, 0x31, 0x18, 0x18,
  0x3C, 0x00, 0xB0, 0x49, 0xA2, 0xBB, 0xA7, 0xD1,
  0x4B, 0x00, 0x99, 0x11, 0x91, 0x1C, 0x0C, 0xB4,
  0xA9, 0x0B, 0x8C, 0x9F, 0xB9, 0x80, 0xC1, 0x19,
  0x15, 0x02, 0x54, 0x34, 0x34, 0x13, 0x11, 0x09,
  0xAA, 0xEC, 0xCC, 0xCC, 0xBB, 0xCC, 0xBC, 0x9B,
  0xBB, 0x90, 0x81, 0x32, 0x64, 0x35, 0x24, 0x23,
  0x33, 0x21, 0x19, 0xBA, 0xFC, 0xCC, 0xBC, 0xCB,
  0xCB, 0xCB, 0xBB, 0xCB, 0xAB, 0xAA, 0xA9, 0x01,
  0x24, 0x55, 0x35, 0x34, 0x43, 0x34, 0x42, 0x33,
  0x34, 0x22, 0x22, 0x11, 0x11, 0x88, 0x99, 0xAC,
  0xBB, 0xCC, 0xBB, 0xCB, 0xBC, 0xBB, 0xAB, 0xBB,
  0xBB, 0xBB, 0xCA, 0xAA, 0xAA, 0x9A, 0xB0, 0xB9,
  0x8C, 0x19, 0x1A, 0x03, 0xB2, 0x78, 0x03, 0x04,
  0x13, 0x15, 0x02, 0x52, 0x32, 0x41, 0x61, 0x03,
  0x03, 0x8B, 0x0B, 0xDB, 0xFC, 0xAE, 0xAC, 0xBA,
  0xBD, 0xAA, 0xDA, 0xAA, 0xAA, 0xB9, 0xA9, 0x98,
  0x12, 0x45, 0x44, 0x43, 0x44, 0x24, 0x33, 0x34,
  0x32, 0x33, 0x23, 0x23, 0x13, 0x02, 0x01, 0x99,
  0xAC, 0xBD, 0xCC, 0xBE, 0xBC, 0xBC, 0xCA, 0xCB,
  0xBC, 0xBB, 0xCB, 0xBC, 0xBA, 0xBB, 0xCA, 0xBA,
  0xAA, 0x99, 0x81, 0x24, 0x54, 0x44, 0x35, 0x34,
  0x34, 0x34, 0x23, 0x42, 0x32, 0x32, 0x22, 0x12,
  0x00, 0x08, 0x9A, 0xAB, 0xDB, 0xCB, 0xCB, 0xBC,
  0xBB, 0xBB, 0xCA, 0xBB, 0xAB, 0x9B, 0xAA, 0x99,
  0x99, 0x81, 0x81, 0x10, 0x95, 0xAA, 0x98, 0xDD,
  0xBD, 0xBC, 0xCB, 0xDB, 0xAC, 0xBA, 0xCB, 0xBB,
  0xBB, 0xBC, 0x99, 0x98, 0x82, 0x26, 0x44, 0x43,
  0x44, 0x33, 0x43, 0x43, 0x23, 0x23, 0x21, 0x11,
  0x00, 0x89, 0x9D, 0x9B, 0xAB, 0xBA, 0xB9, 0xF8,
  0xA8, 0xB9, 0x88, 0x88, 0x88, 0x12, 0x62, 0x52,
  0x51, 0x42, 0x33, 0x22, 0x60, 0x08, 0x8B, 0xDB,
  0xEB, 0xDB, 0xDB, 0xCB, 0xCB, 0xBD, 0xBB, 0xBC,
  0xBB, 0xBC, 0xBA, 0xBB, 0xAA, 0xA8, 0x81, 0x24,
  0x54, 0x44, 0x44, 0x33, 0x53, 0x33, 0x52, 0x33,
  0x33, 0x42, 0x22, 0x21, 0x11, 0x00, 0x88, 0x9B,
  0xBC, 0xCC, 0xAC, 0xBB, 0xDB, 0xAC, 0xBB, 0xBC,
  0xBB, 0xCB, 0xAB, 0xBB, 0xCA, 0xAA, 0xA9, 0x99,
  0x82, 0x12, 0x63, 0x54, 0x33, 0x52, 0x42, 0x33,
  0x34, 0x22, 0x31, 0x21, 0x20, 0x08, 0x8A, 0xAB,
  0xCB, 0xFA, 0xAB, 0xAC, 0xAB, 0xCA, 0xAB, 0xAB,
  0xC8, 0xA9, 0x99, 0xA9, 0x89, 0x88, 0x91, 0x19,
  0x50, 0x32, 0x78, 0x31, 0x61, 0x03, 0x13, 0x43,
  0x44, 0x23, 0x35, 0x24, 0x33, 0x22, 0x51, 0x11,
  0x89, 0x8C, 0xDB, 0xDB, 0xCD, 0xCB, 0xBD, 0xBC,
  0xAC, 0xBB, 0xCB, 0xBC, 0xBA, 0xCA, 0xAA, 0xAA,
  0xA9, 0x88, 0x12, 0x36, 0x43, 0x62, 0x43, 0x43,
  0x43, 0x34, 0x33, 0x33, 0x33, 0x33, 0x23, 0x10,
  0x09, 0x9B, 0xAD, 0xBB, 0xCB, 0xAB, 0xC9, 0x88,
  0x88, 0x22, 0x32, 0x43, 0x25, 0x11, 0x11, 0x88,
  0xBB, 0xCD, 0xAC, 0xAD, 0xB9, 0xCA, 0xBB, 0xCB,
  0x8B, 0xC9, 0x9A, 0x9A, 0x9A, 0xC8, 0x08, 0x0A,
  0x1B, 0xA2, 0xC9, 0xD8, 0x8A, 0x9F, 0x90, 0xA9,
  0xA9, 0xF8, 0x0B, 0x9B, 0xAA, 0x0E, 0x1A, 0x99,
  0x2C, 0x93, 0x00, 0x12, 0xA3, 0x36, 0xA7, 0x89,
  0x43, 0x13, 0x36, 0x14, 0x33, 0x45, 0x32, 0x43,
  0x34, 0x13, 0x42, 0x12, 0x11, 0x8A, 0xCC, 0xDC,
  0xCB, 0xDB, 0xCC, 0xBC, 0xCA, 0xCB, 0xBC, 0xBB,
  0xCB, 0xBB, 0xCA, 0xBB, 0xAA, 0xAA, 0x90, 0x22,
  0x54, 0x54, 0x43, 0x43, 0x53, 0x34, 0x33, 0x34,
  0x33, 0x32, 0x32, 0x32, 0x11, 0x18, 0x09, 0xAB,
  0xBD, 0xCB, 0xBD, 0xBA, 0xCB, 0xAC, 0xAB, 0xBB,
  0xAB, 0xC9, 0xBA, 0x9B, 0xA9, 0xAA, 0x99, 0x80,
  0x98, 0x88, 0x80, 0x89, 0x43, 0x81, 0xA6, 0x2B,
  0x30, 0x52, 0xA0, 0x3A, 0x08, 0x92, 0xF1, 0x99,
  0x8A, 0xBF, 0xA0, 0xAA, 0xBB, 0xC8, 0xBC, 0xAC,
  0x0B, 0x3C, 0x22, 0x16, 0x83, 0x36, 0x12, 0x44,
  0x23, 0x33, 0x35, 0x10, 0x32, 0x11, 0x01, 0x80,
  0xAC, 0x9B, 0xBF, 0xAD, 0xBD, 0xAD, 0xBA, 0xEA,
  0xBC, 0xCA, 0xCA, 0xBC, 0xBB, 0xBB, 0xCB, 0xAB,
  0xBA, 0xBB, 0xBB, 0xDA, 0xBB, 0xCC, 0xBB, 0x9E,
  0x89, 0x98, 0x11, 0x16, 0x44, 0x44, 0x35, 0x34,
  0x34, 0x33, 0x43, 0x42, 0x33, 0x23, 0x32, 0x21,
  0x21, 0x10, 0x89, 0x9B, 0xBE, 0xBA, 0xDB, 0xBB,
  0xDA, 0xCA, 0xAB, 0xBA, 0xCA, 0xAB, 0xBB, 0xAB,
  0xAC, 0x99, 0xB9, 0xA9, 0x98, 0xE0, 0x08, 0x88,
  0x88, 0x18, 0x92, 0x31, 0x41, 0x42, 0x37, 0x29,
  0x43, 0x32, 0x32, 0x41, 0x30, 0x03, 0x11, 0xD2,
  0xAE, 0xBB, 0xEC, 0xAB, 0xEB, 0xAC, 0xBB, 0xDB,
  0xBB, 0xCB, 0xBC, 0xAB, 0xC9, 0x9A, 0x98, 0x80,
  0x32, 0x65, 0x42, 0x53, 0x43, 0x43, 0x34, 0x34,
  0x22, 0x33, 0x12, 0x11, 0x18, 0x98, 0xBF, 0xBB,
  0xDC, 0xAC, 0xBC, 0xAC, 0xBB, 0xCA, 0xCA, 0xBB,
  0xBB, 0xCB, 0xAB, 0xAB, 0xAA, 0x98, 0x02, 0x33,
  0x75, 0x35, 0x34, 0x34, 0x34, 0x34, 0x24, 0x22,
  0x32, 0x33, 0x22, 0x22, 0x21, 0x81, 0x09, 0x9B,
  0xBC, 0xCB, 0xCB, 0xCB, 0xCB, 0xAB, 0xCB, 0xBB,
  0xBA, 0xBB, 0xCA, 0xA9, 0x9A, 0x91, 0xAA, 0x21,
  0x13, 0x08, 0x20, 0x59, 0x9A, 0x8D, 0xBD, 0xC9,
  0xFB, 0xBC, 0xAC, 0xBD, 0xAB, 0xBC, 0xBB, 0xBD,
  0xB9, 0xAC, 0x99, 0x99, 0x00, 0x13, 0x17, 0x34,
  0x43, 0x43, 0x35, 0x23, 0x34, 0x22, 0x32, 0x23,
  0x21, 0x21, 0x11, 0x00, 0x00, 0x18, 0x10, 0x42,
  0x84, 0x03, 0x03, 0x25, 0x12, 0x38, 0xC9, 0xCE,
  0xBD, 0xCD, 0xAC, 0xCB, 0xDA, 0xCA, 0xCB, 0xBC,
  0xBC, 0xBB, 0xBD, 0xAB, 0xBB, 0xBB, 0xBB, 0xBA,
  0xA9, 0x18, 0x25, 0x36, 0x36, 0x24, 0x34, 0x34,
  0x33, 0x43, 0x33, 0x43, 0x23, 0x33, 0x32, 0x21,
  0x21, 0x10, 0x88, 0x99, 0xC9, 0xBB, 0xDB, 0xCC,
  0xAB, 0xBD, 0xAB, 0xCB, 0xBC, 0xCA, 0xBB, 0xCB,
  0xBD, 0xAB, 0xAC, 0xBA, 0xBB, 0xBB, 0xAA, 0xA9,
  0x00, 0x33, 0x73, 0x53, 0x53, 0x44, 0x24, 0x23,
  0x33, 0x33, 0x33, 0x23, 0x21, 0x10, 0x00, 0xAB,
  0xAB, 0xDB, 0xBD, 0xBC, 0xBB, 0xBB, 0xCA, 0xBC,
  0xAA, 0xAA, 0xA8, 0xA8, 0x9B, 0xAA, 0x00, 0xC1,
  0x60, 0x20, 0x81, 0x05, 0xA4, 0x10, 0x20, 0x18,
  0x0A, 0x8B, 0x9D, 0xE9, 0x0D, 0xAC, 0xAB, 0xBB,
  0xCA, 0xCA, 0xDA, 0x99, 0xC8, 0x89, 0x09, 0x08,
  0x98, 0x49, 0x37, 0x32, 0x53, 0x14, 0x22, 0x72,
  0x22, 0x23, 0x02, 0x22, 0x21, 0x1B, 0xA8, 0xFD,
  0xBD, 0xBD, 0xAD, 0xAA, 0xCB, 0xCA, 0xCA, 0xBA,
  0xCA, 0xBA, 0xAB, 0x98, 0x81, 0x23, 0x54, 0x54,
  0x34, 0x34, 0x34, 0x33, 0x34, 0x23, 0x32, 0x23,
  0x12, 0x81, 0x18, 0x89, 0xCA, 0x9C, 0xBB, 0xAD,
  0xBA, 0xAB, 0xBC, 0xBA, 0xD9, 0x9A, 0x9A, 0xAB,
  0xB9, 0xC9, 0x19, 0x99, 0x1C, 0xA1, 0xD1, 0x39,
  0x21, 0x09, 0xC8, 0x88, 0x3E, 0x93, 0xA3, 0x1F,
  0xBA, 0x99, 0xAA, 0xC8, 0xF0, 0x89, 0x9A, 0x9A,
  0x0A, 0x2B, 0x39, 0x61, 0x43, 0x35, 0x24, 0x34,
  0x33, 0x45, 0x42, 0x13, 0x32, 0x23, 0x12, 0x23,
  0x9B, 0xDC, 0xDC, 0xCB, 0xCC, 0xCC, 0xBB, 0xCC,
  0xBB, 0xCA, 0xCA, 0xBB, 0xBB, 0xCA, 0xAB, 0x89,
  0x01, 0x24, 0x45, 0x35, 0x34, 0x43, 0x34, 0x33,
  0x43, 0x32, 0x33, 0x32, 0x31, 0x20, 0x80, 0x9A,
  0xAA, 0xCB, 0xDA, 0xAD, 0xAB, 0xBA, 0xBC, 0xAA,
  0x9C, 0xAB, 0x9B, 0x8B, 0xA8, 0x8D, 0x99, 0x88,
  0x8C, 0x05, 0x09, 0x80, 0x82, 0x01, 0x92, 0x80,
  0x2E, 0xBA, 0xA8, 0xC9, 0xC9, 0xAC, 0x8F, 0x90,
  0xAA, 0xB1, 0x0A, 0xD0, 0xE3, 0x1C, 0x11, 0x20,
  0x30, 0x22, 0x97, 0x52, 0x23, 0x26, 0x11, 0x48,
  0x24, 0x23, 0x20, 0x18, 0x1B, 0xC9, 0xCB, 0xCF,
  0xBC, 0xBC, 0xBD, 0xBC, 0xBA, 0xCB, 0xBC, 0xBB,
  0xBB, 0xC9, 0xAA, 0x99, 0x81, 0x13, 0x73, 0x54,
  0x24, 0x33, 0x43, 0x43, 0x42, 0x32, 0x23, 0x22,
  0x22, 0x02, 0x18, 0x8A, 0x8B, 0xCB, 0xAD, 0xA9,
  0xDA, 0xBB, 0xAB, 0xBA, 0xBC, 0xBA, 0xCA, 0x9A,
  0x89, 0x1B, 0x98, 0xA8, 0x19, 0x08, 0xB1, 0x1D,
  0x9E, 0x2D, 0x12, 0x91, 0xA1, 0xE9, 0xA2, 0xE0,
  0x08, 0x0A, 0xBB, 0xBA, 0x1F, 0x01, 0xE0, 0x1C,
  0x88, 0x19, 0x18, 0x33, 0x93, 0x17, 0x02, 0x37,
  0x22, 0x24, 0x41, 0x22, 0x13, 0x24, 0x03, 0x28,
  0x99, 0xDC, 0xCB, 0xCC, 0xBD, 0xCB, 0xCC, 0xBB,
  0xCB, 0xBC, 0xBC, 0xBB, 0xAB, 0xC9, 0xA9, 0xA8,
  0x80, 0x24, 0x44, 0x43, 0x54, 0x33, 0x35, 0x33,
  0x34, 0x32, 0x33, 0x22, 0x31, 0x21, 0x11, 0x89,
  0x99, 0xD9, 0xB9, 0xCD, 0xAC, 0xAA, 0xAA, 0xBA,
  0x9C, 0xAB, 0x9B, 0x99, 0x9A, 0x89, 0x08, 0x08,
  0x29, 0x00, 0x39, 0xB0, 0xD7, 0x2A, 0xAC, 0x8C,
  0x29, 0xDA, 0x0B, 0xD0, 0x98, 0xA1, 0xD1, 0xBC,
  0x98, 0x9B, 0x38, 0xA0, 0x28, 0x9B, 0x4C, 0x36,
  0x42, 0x24, 0x24, 0x26, 0x04, 0x42, 0x14, 0x21,
  0x21, 0x03, 0x22, 0x10, 0x9B, 0xCE, 0xBE, 0xBB,
  0xDB, 0xDB, 0xCB, 0xCB, 0xCB, 0xBC, 0xBB, 0xCA,
  0xCA, 0xBA, 0xA9, 0x99, 0x81, 0x03, 0x72, 0x35,
  0x36, 0x23, 0x43, 0x24, 0x23, 0x42, 0x22, 0x23,
  0x12, 0x11, 0x00, 0x00, 0x99, 0xBB, 0xCB, 0xCB,
  0xBD, 0xAB, 0xAA, 0xCB, 0xCA, 0x9A, 0x9A, 0x90,
  0xB9, 0xB8, 0x9D, 0x09, 0x00, 0x00, 0xB3, 0x49,
  0x9A, 0x0C, 0xBD, 0x9A, 0x01, 0xF8, 0x28, 0x0D,
  0x9A, 0x80, 0xE8, 0x2A, 0x99, 0x9A, 0xAB, 0x9B,
  0x0B, 0x0A, 0x24, 0x3A, 0x77, 0x33, 0x23, 0x71,
  0x14, 0x32, 0x25, 0x24, 0x21, 0x21, 0x10, 0x88,
  0x8C, 0xDA, 0xDA, 0xBD, 0xCB, 0xCC, 0xBC, 0xBB,
  0xBE, 0xAA, 0xBB, 0xCA, 0xC9, 0xAA, 0xA9, 0xA8,
  0x88, 0x13, 0x46, 0x33, 0x63, 0x43, 0x34, 0x34,
  0x24, 0x23, 0x22, 0x23, 0x21, 0x21, 0x18, 0x10,
  0x89, 0xAB, 0xDB, 0xAD, 0xA9, 0xAC, 0xAB, 0xBC,
  0x9C, 0x98, 0x99, 0x9A, 0x9B, 0x8B, 0x01, 0xA8,
  0xBB, 0xCB, 0x2D, 0x12, 0x89, 0x90, 0xDB, 0x93,
  0xF1, 0x29, 0x2C, 0xBA, 0xAB, 0x0F, 0x82, 0xF8,
  0x09, 0x9A, 0x9B, 0x10, 0x19, 0x99, 0x02, 0x37,
  0x04, 0x53, 0x33, 0x42, 0x24, 0x44, 0x23, 0x23,
  0x23, 0x32, 0x3A, 0x13, 0xBD, 0xDB, 0xFB, 0xBE,
  0xAA, 0xCC, 0xBB, 0xDB, 0xBC, 0xBB, 0xBC, 0xBC,
  0xAB, 0xAB, 0xAA, 0x99, 0x92, 0x11, 0x55, 0x35,
  0x35, 0x34, 0x34, 0x32, 0x42, 0x33, 0x42, 0x22,
  0x22, 0x11, 0x10, 0x08, 0x90, 0xAB, 0xBC, 0xBC,
  0xAC, 0xAB, 0xAD, 0x8A, 0xBA, 0xAA, 0xB9, 0xC1,
  0xAB, 0xAA, 0x9B, 0x0A, 0xAB, 0x9F, 0x28, 0xF9,
  0x80, 0x00, 0x0A, 0x31, 0x91, 0xF1, 0x89, 0x0A,
  0x00, 0xC8, 0x3F, 0x8B, 0x9A, 0x9B, 0x8A, 0xCB,
  0xA0, 0x1E, 0x32, 0x13, 0x34, 0x37, 0x21, 0x53,
  0x34, 0x33, 0x43, 0x40, 0x42, 0x31, 0x80, 0x88,
  0xAA, 0xBD, 0xEB, 0xCB, 0xDC, 0xBC, 0xBB, 0xCC,
  0xBC, 0xBB, 0xCA, 0xCA, 0xBA, 0xBA, 0xAB, 0x99,
  0x88, 0x23, 0x63, 0x53, 0x62, 0x43, 0x34, 0x33,
  0x43, 0x33, 0x33, 0x33, 0x41, 0x21, 0x10, 0x08,
  0x98, 0x9B, 0x9B, 0xCB, 0xAD, 0xBC, 0xAB, 0xAB,
  0xBC, 0xAA, 0xAD, 0x8B, 0x8A, 0x28, 0xC9, 0xA9,
  0x99, 0xA9, 0xB1, 0xBF, 0xA9, 0x1A, 0x3E, 0x01,
  0x1A, 0x9D, 0x88, 0xB3, 0xC8, 0xA1, 0xBF, 0x9D,
  0xA8, 0x98, 0xA8, 0x99, 0x92, 0xC3, 0x51, 0x12,
  0x33, 0x52, 0x55, 0x23, 0x61, 0x32, 0x13, 0x12,
  0x43, 0x22, 0x11, 0x00, 0xE0, 0x9C, 0xCC, 0xCB,
  0xCC, 0xBC, 0xBD, 0xAB, 0xCB, 0xCB, 0xBC, 0xBB,
  0xAB, 0xBC, 0xA9, 0xB8, 0x98, 0x13, 0x37, 0x44,
  0x23, 0x53, 0x43, 0x33, 0x53, 0x22, 0x41, 0x23,
  0x21, 0x12, 0x18, 0x01, 0x98, 0x8B, 0xB9, 0xE9,
  0xC8, 0x9A, 0xAC, 0xB9, 0x9B, 0x9B, 0xAA, 0x2F,
  0x08, 0xB8, 0x8B, 0xB2, 0x90, 0x90, 0xC3, 0x0B,
  0xA9, 0x9A, 0x9A, 0x1C, 0xDD, 0x8A, 0x9B, 0x3D,
  0x9C, 0xAC, 0xAA, 0xBB, 0xCB, 0x09, 0xAA, 0x99,
  0x8A, 0x27, 0x24, 0x04, 0x25, 0x15, 0x23, 0x36,
  0x23, 0x34, 0x33, 0x34, 0x33, 0x23, 0x30, 0x30,
  0xE9, 0xBD, 0xBC, 0xCC, 0xCB, 0xDB, 0xCB, 0xCB,
  0xCB, 0xBC, 0xBC, 0xBB, 0xAC, 0xA9, 0xB9, 0xAA,
  0x88, 0x94, 0x43, 0x44, 0x43, 0x43, 0x53, 0x33,
  0x43, 0x33, 0x51, 0x22, 0x12, 0x12, 0x10, 0x00,
  0x19, 0xA9, 0xAA, 0xBB, 0xCC, 0x8C, 0xCA, 0x9A,
  0xAA, 0x9B, 0x9C, 0x1C, 0xB0, 0x98, 0x99, 0xA8,
  0xA8, 0xA9, 0x0A, 0xA9, 0x71, 0xA1, 0xAB, 0x9E,
  0x89, 0xBC, 0xAD, 0x9D, 0x9C, 0x9B, 0xAB, 0xBC,
  0xBC, 0x89, 0x2E, 0x21, 0x80, 0x00, 0x93, 0x27,
  0x06, 0x31, 0x22, 0x51, 0x22, 0x43, 0x33, 0x33,
  0x42, 0x22, 0x12, 0xA1, 0x3F, 0xB9, 0xEB, 0xEB,
  0xBB, 0xDB, 0xCB, 0xCC, 0xBB, 0xCB, 0xCB, 0xBB,
  0xBB, 0xCA, 0xA9, 0xA9, 0x08, 0x23, 0x53, 0x54,
  0x43, 0x44, 0x24, 0x23, 0x34, 0x23, 0x33, 0x23,
  0x32, 0x22, 0x21, 0x10, 0x09, 0x8C, 0xAB, 0xBA,
  0xE9, 0x9C, 0x9C, 0xAA, 0xA8, 0xC0, 0x8A, 0x8B,
  0xBA, 0x0C, 0x11, 0xC0, 0xB0, 0xDA, 0x0C, 0x12,
  0xA8, 0x0C, 0x99, 0x1B, 0x35, 0xC8, 0xC0, 0xCB,
  0xAB, 0xBA, 0x1F, 0xAC, 0x09, 0x9C, 0x09, 0x23,
  0x91, 0x11, 0xA5, 0x25, 0x86, 0x21, 0x21, 0x33,
  0x23, 0x72, 0x43, 0x31, 0x41, 0x21, 0x32, 0x82,
  0x3B, 0xCF, 0xAC, 0xAE, 0xAA, 0xDB, 0xCB, 0xBB,
  0xEB, 0xAB, 0xBB, 0xCB, 0xBB, 0xCA, 0x99, 0xB8,
  0x08, 0x21, 0x43, 0x63, 0x54, 0x33, 0x43, 0x42,
  0x43, 0x32, 0x42, 0x32, 0x12, 0x22, 0x02, 0x28,
  0x19, 0xA0, 0xC9, 0x8A, 0x9B, 0xBC, 0xBB, 0xCB,
  0xBD, 0xAA, 0x9A, 0xAC, 0xBA, 0xBB, 0xAB, 0xA1,
  0xA1, 0xD0, 0xA0, 0xB4, 0x03, 0xAB, 0xBC, 0x9A,
  0xBF, 0xB9, 0x1C, 0xBF, 0x9B, 0x9B, 0xBC, 0x1A,
  0xAA, 0xAB, 0xB9, 0xC3, 0xC2, 0xC3, 0x43, 0x11,
  0x43, 0x53, 0x37, 0x43, 0x24, 0x23, 0x42, 0x34,
  0x42, 0x12, 0x10, 0x09, 0x9A, 0xBF, 0xBB, 0xDE,
  0xAB, 0xDA, 0xDB, 0x9B, 0xCA, 0xCB, 0xAC, 0xAA,
  0xBB, 0xAB, 0xAA, 0xC8, 0x91, 0x03, 0x35, 0x43,
  0x53, 0x53, 0x34, 0x34, 0x34, 0x23, 0x32, 0x33,
  0x33, 0x33, 0x22, 0x39, 0x91, 0x89, 0xBA, 0xCB,
  0xDB, 0xCA, 0xCA, 0xAB, 0xAC, 0x0B, 0xCA, 0x98,
  0xA8, 0xA8, 0x9B, 0x49, 0xC0, 0x91, 0x02, 0x01,
  0x95, 0x9A, 0x92, 0xE2, 0x2D, 0x0D, 0xBB, 0xA9,
  0x9F, 0x80, 0xB0, 0xCB, 0x98, 0x0B, 0x23, 0x99,
  0x80, 0xC0, 0x15, 0xA5, 0x41, 0x23, 0x85, 0x07,
  0x32, 0x22, 0x36, 0x14, 0x21, 0x20, 0x39, 0x08,
  0x0B, 0x99, 0xFF, 0x9B, 0xAB, 0xEA, 0xBC, 0xBB,
  0xCA, 0xCB, 0xBB, 0xCA, 0xBB, 0xBB, 0xBA, 0xBA,
  0xB8, 0x23, 0x53, 0x72, 0x44, 0x34, 0x24, 0x34,
  0x33, 0x33, 0x33, 0x42, 0x32, 0x40, 0x11, 0x01,
  0x09, 0x10, 0xB9, 0xBD, 0x9B, 0x8A, 0xAE, 0xB8,
  0xA8, 0x9B, 0xCB, 0x19, 0xAB, 0x4C, 0x8A, 0x2A,
  0x12, 0xA8, 0xCB, 0x81, 0xA5, 0x0C, 0x9C, 0x0E,
  0x99, 0x90, 0xA0, 0x0C, 0xB9, 0xDB, 0x89, 0x00,
  0xB0, 0x3C, 0xB0, 0xE9, 0xA0, 0x13, 0xD7, 0x0A,
  0x68, 0x01, 0x01, 0x51, 0x32, 0x32, 0x51, 0x32,
  0x40, 0x33, 0x83, 0x9C, 0x99, 0xBD, 0xCC, 0xCA,
  0xDC, 0xAB, 0xBD, 0xAC, 0xAB, 0xBC, 0xCA, 0xAB,
  0xB9, 0xC8, 0xBA, 0x9A, 0x09, 0x83, 0x35, 0x44,
  0x35, 0x34, 0x33, 0x53, 0x34, 0x32, 0x33, 0x33,
  0x41, 0x23, 0x11, 0x10, 0x08, 0x8A, 0x99, 0x9B,
  0xCB, 0xBE, 0x9A, 0xBA, 0xBB, 0x90, 0xEA, 0x0B,
  0x9A, 0xA1, 0xA8, 0x90, 0xB7, 0xCA, 0x38, 0x09,
  0xA2, 0x1E, 0x0C, 0xBA, 0x90, 0x08, 0xBF, 0xA0,
  0x9B, 0x9B, 0xBA, 0x09, 0xF9, 0x9A, 0x9B, 0x99,
  0x31, 0x99, 0x1A, 0x54, 0x51, 0x74, 0x14, 0x06,
  0x82, 0x22, 0x24, 0x32, 0x31, 0x12, 0x90, 0x29,
  0x9C, 0xCC, 0xBF, 0xBB, 0xCC, 0xBB, 0xCB, 0xCC,
  0xAC, 0xAA, 0xBB, 0xBB, 0xBA, 0xCB, 0xAA, 0x08,
  0x10, 0x33, 0x63, 0x53, 0x52, 0x43, 0x33, 0x52,
  0x32, 0x34, 0x22, 0x23, 0x21, 0x21, 0x20, 0x21,
  0x90, 0x9A, 0x8C, 0x9C, 0x9A, 0xAB, 0xBD, 0x9B,
  0xB8, 0xAA, 0x9B, 0xB1, 0xCA, 0x99, 0x51, 0x49,
  0xF0, 0xBC, 0x19, 0x24, 0x09, 0xA0, 0x5A, 0x08,
  0xA9, 0x03, 0x53, 0xAE, 0x9F, 0x81, 0x00, 0x39,
  0x89, 0x88, 0xEA, 0x89, 0xB2, 0xAB, 0xD9, 0x0E,
  0x30, 0xB1, 0xAD, 0xC2, 0x9A, 0xDE, 0xBD, 0x9A,
  0xA8, 0x99, 0x99, 0xDA, 0xFA, 0x98, 0xBA, 0x77,
  0x77, 0x08, 0x88, 0x08, 0x9A, 0x99, 0x9A, 0x99,
  0x9A, 0xA9, 0x90, 0x99, 0xF6, 0x77, 0x30, 0x80,
  0x88, 0x80, 0x00, 0x8A, 0xBA, 0x9A, 0xAA, 0xBA,
  0x99, 0x98, 0x98, 0x98, 0x80, 0x08, 0x98, 0x10,
  0x8B, 0x80, 0x00, 0x99, 0x28, 0x99, 0x12, 0xAA,
  0x76, 0x98, 0x11, 0x0A, 0x37, 0xCA, 0x51, 0x80,
  0x0C, 0xA5, 0x2B, 0xB3, 0x48, 0xA8, 0x43, 0x1B,
  0xF9, 0x27, 0x30, 0x9B, 0xEC, 0xA9, 0x9A, 0xAA,
  0x88, 0x00, 0x04, 0x44, 0x31, 0x89, 0x00, 0x16,
  0x41, 0x25, 0x21, 0x24, 0x28, 0x90, 0x19, 0xDB,
  0x92, 0x1E, 0xC9, 0x23, 0x0B, 0xD9, 0x13, 0x41,
  0x8B, 0xEB, 0x84, 0x63, 0x28, 0x9B, 0xEB, 0xBB,
  0xAA, 0xBB, 0xCA, 0xA8, 0x88, 0x09, 0x03, 0x56,
  0x42, 0x31, 0x08, 0x99, 0x01, 0x34, 0x44, 0x34,
  0x42, 0x33, 0x33, 0x32, 0x21, 0x0A, 0xBC, 0xBC,
  0xBD, 0xAB, 0xBA, 0xBB, 0xBB, 0xA9, 0xAB, 0xBC,
  0xB9, 0x01, 0x11, 0x11, 0x10, 0xBF, 0xFC, 0xAA,
  0xBB, 0xBC, 0xA9, 0x88, 0x21, 0x33, 0x33, 0x32,
  0x25, 0x45, 0x44, 0x34, 0x33, 0x41, 0x22, 0x10,
  0x99, 0x99, 0xBB, 0xCA, 0xCB, 0xDA, 0xAA, 0xBA,
  0x90, 0x09, 0xA9, 0x22, 0x1B, 0xE9, 0x14, 0x89,
  0xA8, 0x21, 0x40, 0xEA, 0xA8, 0x44, 0x30, 0xA8,
  0x03, 0x65, 0x31, 0x8B, 0xB0, 0x37, 0x52, 0x08,
  0xBC, 0xA9, 0x03, 0x43, 0x32, 0x33, 0x62, 0x19,
  0xFC, 0xDB, 0xDB, 0xBB, 0xCB, 0xBB, 0xAB, 0x99,
  0x00, 0x13, 0x35, 0x33, 0x33, 0x42, 0x34, 0x24,
  0x24, 0x33, 0x54, 0x34, 0x43, 0x33, 0x42, 0x31,
  0x10, 0x08, 0x99, 0x99, 0xAA, 0xA8, 0xA9, 0x8A,
  0x9A, 0xDA, 0xDB, 0xCC, 0xAC, 0xBB, 0xBC, 0xAB,
  0xAA, 0xA9, 0xBB, 0xBB, 0xBA, 0xA9, 0x10, 0x22,
  0x12, 0x42, 0x00, 0x10, 0x9A, 0xC8, 0x16, 0x99,
  0xBA, 0x9A, 0x18, 0x42, 0x43, 0x37, 0x18, 0x08,
  0x1B, 0xBE, 0xCC, 0x98, 0xA9, 0xAF, 0xBA, 0xB9,
  0x89, 0x0B, 0xA8, 0xC9, 0x73, 0x12, 0x98, 0x25,
  0x54, 0x42, 0x21, 0x20, 0x35, 0x54, 0x23, 0x32,
  0x20, 0x8A, 0xCF, 0xBB, 0xCB, 0xAA, 0x98, 0x88,
  0x81, 0xC8, 0xBE, 0xCD, 0xBE, 0xBB, 0xCB, 0xBB,
  0xAB, 0x99, 0x80, 0x81, 0x01, 0x10, 0x10, 0x20,
  0x35, 0x45, 0x43, 0x64, 0x35, 0x34, 0x43, 0x43,
  0x33, 0x33, 0x33, 0x22, 0x10, 0x09, 0xAA, 0xCC,
  0xBC, 0xCB, 0xBB, 0xCB, 0xBB, 0xBC, 0xAB, 0xBA,
  0xBA, 0xAA, 0xAA, 0xA8, 0x99, 0x80, 0x98, 0x0A,
  0x00, 0x98, 0x21, 0x20, 0x21, 0xC4, 0x00, 0x62,
  0x24, 0x14, 0x13, 0x13, 0x40, 0x43, 0x50, 0x61,
  0x22, 0x21, 0x10, 0xCB, 0xEE, 0xCB, 0xCC, 0xBC,
  0xAB, 0xCA, 0xBA, 0xAA, 0xAB, 0x99, 0x80, 0x26,
  0x44, 0x43, 0x44, 0x34, 0x33, 0x42, 0x32, 0x32,
  0x21, 0x10, 0x89, 0x9B, 0xBB, 0xCB, 0x9B, 0x88,
  0x02, 0x34, 0x23, 0x50, 0x0D, 0xBE, 0xDC, 0xCC,
  0xCB, 0xDB, 0xBB, 0xCB, 0xBB, 0xCA, 0xAA, 0xA9,
  0xA9, 0x98, 0x81, 0x03, 0x44, 0x44, 0x44, 0x43,
  0x44, 0x34, 0x33, 0x43, 0x33, 0x33, 0x33, 0x22,
  0x10, 0x08, 0xAA, 0xBC, 0xCB, 0xCC, 0xBB, 0xBC,
  0xBA, 0xBB, 0xBB, 0xBB, 0xCA, 0xBC, 0xAB, 0xBD,
  0xBB, 0xBD, 0xAB, 0xCA, 0xAC, 0xAA, 0x9A, 0x99,
  0x88, 0x12, 0x43, 0x64, 0x35, 0x34, 0x34, 0x33,
  0x42, 0x32, 0x12, 0x00, 0x88, 0xA9, 0xCB, 0xBC,
  0xBC, 0xBB, 0xBB, 0xC9, 0xBA, 0xBB, 0x9C, 0xAB,
  0xAA, 0xAA, 0x9A, 0x08, 0x81, 0x81, 0x07, 0x13,
  0x64, 0x34, 0x35, 0x33, 0x41, 0x22, 0x21, 0x22,
  0x13, 0x23, 0x43, 0x37, 0x24, 0x31, 0x48, 0x80,
  0xCC, 0xDD, 0xBD, 0xCB, 0xCB, 0xCB, 0xCB, 0xCA,
  0xBB, 0xAB, 0xBB, 0xBA, 0xAA, 0xA8, 0x90, 0x22,
  0x46, 0x35, 0x35, 0x43, 0x43, 0x43, 0x43, 0x34,
  0x23, 0x23, 0x23, 0x22, 0x21, 0x12, 0x11, 0x02,
  0x81, 0x90, 0x8B, 0xBC, 0xBE, 0xCA, 0xDB, 0xBB,
  0xDB, 0xBC, 0xBA, 0xBB, 0xBB, 0xBB, 0xCA, 0x9A,
  0x8B, 0x88, 0x99, 0x09, 0x09, 0x80, 0xB9, 0x3A,
  0x00, 0x15, 0xA7, 0x1B, 0x70, 0x18, 0x11, 0x02,
  0x80, 0x09, 0x89, 0xBC, 0xAF, 0x9C, 0xAC, 0x9D,
  0xA8, 0xB9, 0xBB, 0x9A, 0x90, 0x90, 0x81, 0x41,
  0x53, 0x44, 0x43, 0x61, 0x33, 0x53, 0x42, 0x43,
  0x32, 0x31, 0x28, 0x00, 0xAA, 0xC8, 0xCD, 0x9B,
  0xDA, 0xCB, 0xCC, 0xCC, 0xBC, 0xBC, 0xBC, 0xCA,
  0xAB, 0xBA, 0xAB, 0xBA, 0xAA, 0xC9, 0xB9, 0xCA,
  0xAA, 0xBA, 0xA9, 0x22, 0x74, 0x54, 0x44, 0x35,
  0x34, 0x42, 0x42, 0x33, 0x33, 0x42, 0x22, 0x22,
  0x10, 0x00, 0x99, 0xAB, 0xCC, 0xBC, 0xBC, 0xBB,
  0xBC, 0xBA, 0xCA, 0xB9, 0xBA, 0xBA, 0xBA, 0xAB,
  0x9B, 0x9A, 0xB9, 0x99, 0x8A, 0x90, 0x89, 0xB5,
  0x99, 0x14, 0xA3, 0x10, 0x43, 0x44, 0x60, 0x43,
  0x23, 0x32, 0x42, 0x83, 0x80, 0xAE, 0xCA, 0xFB,
  0xBE, 0xAC, 0xBB, 0xDA, 0xBB, 0xBB, 0xCB, 0xAB,
  0x99, 0xA1, 0x13, 0x64, 0x37, 0x23, 0x43, 0x43,
  0x33, 0x42, 0x22, 0x22, 0x11, 0x01, 0x08, 0x80,
  0x98, 0x00, 0xA1, 0x8A, 0x9A, 0xEB, 0xDC, 0xDA,
  0xDB, 0xCC, 0xCB, 0xBD, 0xBB, 0xCB, 0xCB, 0xBC,
  0xBA, 0xBC, 0xBA, 0xBB, 0xAA, 0xA9, 0x98, 0x23,
  0x47, 0x34, 0x53, 0x43, 0x43, 0x44, 0x23, 0x33,
  0x42, 0x32, 0x32, 0x22, 0x11, 0x08, 0x89, 0x9B,
  0xBC, 0xCB, 0xBD, 0xAC, 0xAB, 0xAB, 0xCB, 0xBB,
  0xBD, 0xAB, 0xBC, 0xBB, 0xCB, 0xAC, 0xBA, 0xCA,
  0xAB, 0x9B, 0xB9, 0x99, 0x81, 0x33, 0x74, 0x43,
  0x53, 0x35, 0x23, 0x34, 0x22, 0x22, 0x12, 0x00,
  0x88, 0x9A, 0xAD, 0xAB, 0xBD, 0xAC, 0xBA, 0xBB,
  0xD9, 0xB9, 0xAA, 0x9B, 0x8A, 0x98, 0x0A, 0x83,
  0x05, 0x16, 0x05, 0x11, 0x21, 0x58, 0x31, 0x22,
  0x32, 0x34, 0x33, 0x53, 0x52, 0x25, 0x22, 0x22,
  0x12, 0x90, 0xBC, 0xEB, 0xDC, 0xCB, 0xDC, 0xAC,
  0xCA, 0xAC, 0xBA, 0xCA, 0xBB, 0xBC, 0xAA, 0xBA,
  0xBA, 0x99, 0x90, 0x02, 0x44, 0x54, 0x35, 0x35,
  0x33, 0x43, 0x43, 0x24, 0x23, 0x33, 0x23, 0x32,
  0x33, 0x22, 0x31, 0x32, 0x21, 0x28, 0x88, 0xBB,
  0xEC, 0xBD, 0xCB, 0xBC, 0xBD, 0xAB, 0xAC, 0xAA,
  0xAC, 0x9A, 0xA9, 0xB9, 0xA9, 0x9A, 0x89, 0x89,
  0x00, 0x80, 0x10, 0x10, 0x33, 0x93, 0x73, 0x00,
  0x42, 0x80, 0x20, 0x99, 0xB0, 0xFD, 0x8B, 0xBA,
  0xBC, 0xE9, 0x9C, 0x99, 0xC8, 0x9A, 0x90, 0xA0,
  0x0A, 0x30, 0x12, 0x71, 0x26, 0x32, 0x61, 0x32,
  0x44, 0x04, 0x12, 0x23, 0x14, 0x13, 0x02, 0x00,
  0x98, 0xAF, 0x9C, 0xCB, 0xCD, 0xBC, 0xCB, 0xCB,
  0xCB, 0xCB, 0xBB, 0xCB, 0xBA, 0xBB, 0xBC, 0xB9,
  0xBB, 0xBC, 0xAC, 0xAB, 0xB9, 0xBA, 0x81, 0x27,
  0x44, 0x53, 0x54, 0x34, 0x34, 0x34, 0x34, 0x23,
  0x33, 0x42, 0x22, 0x22, 0x11, 0x08, 0x09, 0xAA,
  0xBC, 0xCB, 0xCB, 0xBC, 0xBD, 0xAA, 0xAB, 0xCA,
  0xAB, 0xAA, 0xBB, 0xAB, 0xBB, 0xAB, 0xBA, 0xB8,
  0xC9, 0x09, 0x08, 0x4A, 0x44, 0x02, 0x51, 0x24,
  0x15, 0x11, 0x32, 0x32, 0x23, 0x93, 0x80, 0xE9,
  0xBD, 0xCC, 0xBD, 0xBC, 0xBB, 0xDC, 0xAB, 0xBB,
  0xCB, 0xBB, 0xBB, 0xAB, 0x09, 0x03, 0x54, 0x54,
  0x34, 0x43, 0x43, 0x42, 0x33, 0x24, 0x22, 0x21,
  0x31, 0x12, 0x10, 0x01, 0x81, 0x99, 0x88, 0xCC,
  0xAD, 0xAD, 0xBC, 0xCC, 0xBD, 0xBB, 0xDB, 0xBC,
  0xCB, 0xBC, 0xBB, 0xCB, 0xCA, 0xBB, 0xBB, 0xBB,
  0xAA, 0xA9, 0x81, 0x34, 0x54, 0x53, 0x53, 0x44,
  0x33, 0x43, 0x43, 0x33, 0x34, 0x32, 0x32, 0x23,
  0x12, 0x11, 0x08, 0x89, 0xAB, 0xBE, 0xAB, 0xDA,
  0xCA, 0xBC, 0xBB, 0xCB, 0xBC, 0xBB, 0xBD, 0xAA,
  0xCA, 0xAB, 0xBA, 0xBB, 0xCA, 0xAA, 0x9A, 0x88,
  0x13, 0x45, 0x43, 0x62, 0x34, 0x33, 0x43, 0x24,
  0x22, 0x12, 0x11, 0x18, 0x88, 0xAA, 0xCA, 0xAD,
  0xAB, 0xBC, 0xBA, 0xCA, 0xAB, 0xAB, 0xB9, 0xB0,
  0xBB, 0x1A, 0x00, 0x81, 0x42, 0x33, 0x53, 0x52,
  0x35, 0x25, 0x32, 0x35, 0x43, 0x33, 0x53, 0x34,
  0x22, 0x33, 0x20, 0x28, 0x9C, 0xDB, 0xEC, 0xAE,
  0xAC, 0xBB, 0xDB, 0xCA, 0xCA, 0xCA, 0xBB, 0xBD,
  0xAA, 0xBB, 0xBB, 0xBB, 0xBA, 0xB9, 0x91, 0x84,
  0x45, 0x36, 0x33, 0x54, 0x24, 0x33, 0x34, 0x33,
  0x42, 0x33, 0x33, 0x42, 0x23, 0x33, 0x23, 0x32,
  0x32, 0x12, 0x09, 0x9B, 0xDC, 0xBD, 0xBC, 0xCA,
  0xCA, 0xCA, 0xAB, 0xBB, 0xBB, 0xCA, 0xBA, 0xA9,
  0xB8, 0xBA, 0x0A, 0x8A, 0x0A, 0x00, 0x99, 0x3A,
  0x38, 0x12, 0x96, 0x5A, 0x94, 0x01, 0xA1, 0x89,
  0xBC, 0xDA, 0xC8, 0xDB, 0x9B, 0xCB, 0xAC, 0xC8,
  0xBC, 0x0A, 0xA0, 0x0B, 0x12, 0x13, 0x53, 0x65,
  0x03, 0x43, 0x43, 0x42, 0x43, 0x33, 0x52, 0x13,
  0x32, 0x22, 0x38, 0x88, 0xAE, 0xCB, 0xFB, 0xBE,
  0xAB, 0xCB, 0xBE, 0xBB, 0xBC, 0xBB, 0xBC, 0xBA,
  0xBA, 0xC9, 0xBA, 0xBA, 0xBC, 0xAC, 0xAC, 0x9A,
  0xAB, 0x98, 0x82, 0x42, 0x75, 0x34, 0x43, 0x53,
  0x43, 0x43, 0x33, 0x43, 0x42, 0x23, 0x22, 0x31,
  0x21, 0x10, 0x08, 0x8A, 0xAB, 0xCC, 0xAD, 0xAB,
  0xCB, 0xBC, 0xBB, 0xCA, 0xCA, 0xAA, 0xBA, 0xAC,
  0x9A, 0xA9, 0x9B, 0x89, 0xA0, 0x88, 0x09, 0x21,
  0x38, 0x51, 0x15, 0x97, 0x01, 0x01, 0x31, 0x11,
  0x00, 0x3A, 0x99, 0x3F, 0xE8, 0x9D, 0xB9, 0xCB,
  0xDA, 0xCA, 0xCB, 0xAC, 0xAB, 0xBA, 0xBA, 0xAA,
  0x80, 0x12, 0x64, 0x35, 0x43, 0x44, 0x33, 0x34,
  0x33, 0x42, 0x32, 0x33, 0x12, 0x31, 0x30, 0x38,
  0x28, 0x80, 0xCA, 0xAF, 0xBB, 0xDC, 0xBC, 0xCA,
  0xDB, 0xBC, 0xBC, 0xBC, 0xBC, 0xAC, 0xAB, 0xBB,
  0xCA, 0xBA, 0xBB, 0xAA, 0xA9, 0x81, 0x03, 0x55,
  0x35, 0x35, 0x34, 0x34, 0x33, 0x43, 0x34, 0x32,
  0x33, 0x33, 0x32, 0x31, 0x13, 0x01, 0x80, 0x99,
  0xBB, 0xBC, 0xDB, 0xBC, 0xCA, 0xCB, 0xBB, 0xDB,
  0xCA, 0xCA, 0xBC, 0xBB, 0xBC, 0xBB, 0xCB, 0xBA,
  0xAB, 0x9B, 0xC0, 0x99, 0x24, 0x63, 0x35, 0x24,
  0x42, 0x33, 0x34, 0x33, 0x33, 0x11, 0x09, 0x03,
  0x01, 0x89, 0xE9, 0xAB, 0xDA, 0xAA, 0xD0, 0x9B,
  0x0A, 0x1F, 0x19, 0xC0, 0xAA, 0xB1, 0xAB, 0xCC,
  0xDD, 0x8A, 0x81, 0x00, 0x81, 0x10, 0xBA, 0xB1,
  0x01, 0xBD, 0xFE, 0x8B, 0x9B, 0xBD, 0xAC, 0xCB,
  0x8A, 0xCC, 0xCB, 0xDB, 0x88, 0xA9, 0xF7, 0x77,
  0x70, 0x80, 0x88, 0x08, 0x00, 0x89, 0xA9, 0x99,
  0x99, 0x99, 0x89, 0x89, 0x88, 0x98, 0x88, 0x88,
  0x88, 0x88, 0x9A, 0x88, 0x88, 0x09, 0x00, 0x12,
  0x13, 0x24, 0x74, 0x02, 0x33, 0x01, 0x53, 0x99,
  0x35, 0x18, 0xBB, 0x82, 0x19, 0xCA, 0x91, 0x41,
  0xCB, 0xB9, 0x24, 0x1C, 0xC9, 0x82, 0x89, 0xD8,
  0x21, 0x8C, 0xB8, 0x70, 0x09, 0x98, 0x32, 0xE1,
  0x0A, 0x96, 0x2B, 0x97, 0x0B, 0x86, 0x19, 0xB2,
  0x61, 0xBB, 0x26, 0x2B, 0xD8, 0x35, 0x09, 0xBA,
  0x15, 0x32, 0x8B, 0xFA, 0x83, 0x73, 0x20, 0xAB,
  0xDC, 0xBA, 0xAA, 0xAB, 0xCA, 0x99, 0x80, 0x89,
  0x01, 0x55, 0x42, 0x31, 0x09, 0x99, 0x01, 0x34,
  0x45, 0x33, 0x43, 0x43, 0x33, 0x32, 0x22, 0x09,
  0x9B, 0xCB, 0xCB, 0xCB, 0xBB, 0xBB, 0xBB, 0xBC,
  0xBA, 0xB9, 0xB9, 0x99, 0x99, 0x99, 0x99, 0x8A,
  0x98, 0x22, 0x02, 0x2D, 0xB8, 0x98, 0x38, 0x15,
  0x14, 0x09, 0xF8, 0x80, 0x03, 0x13, 0x92, 0x0F,
  0x98, 0x12, 0xC9, 0x32, 0x28, 0x17, 0x1C, 0xBB,
  0x9A, 0xEA, 0x84, 0x39, 0x88, 0x43, 0x1B, 0xD8,
  0x37, 0x19, 0x98, 0x11, 0x38, 0xEB, 0xA8, 0x35,
  0x39, 0xBA, 0x91, 0x55, 0x20, 0xAF, 0xB8, 0x13,
  0x52, 0x1A, 0xCD, 0xA9, 0x13, 0x52, 0x33, 0x34,
  0x43, 0x10, 0xBF, 0xDC, 0xBB, 0xCC, 0xAB, 0xBB,
  0xBA, 0xA9, 0x80, 0x12, 0x42, 0x33, 0x32, 0x34,
  0x34, 0x44, 0x43, 0x54, 0x34, 0x34, 0x33, 0x42,
  0x32, 0x21, 0x00, 0x89, 0x9B, 0xBC, 0xCB, 0xBC,
  0xBC, 0xAB, 0xBA, 0xBB, 0xBA, 0xBB, 0xAA, 0xAA,
  0xA9, 0x99, 0x08, 0x11, 0x99, 0x9B, 0x9B, 0x00,
  0x62, 0x34, 0x33, 0x43, 0x11, 0x11, 0x89, 0xB8,
  0x14, 0xAF, 0xBC, 0xBC, 0x9C, 0xAA, 0xAB, 0xC9,
  0xBE, 0xAC, 0x9B, 0xBC, 0xCA, 0xA8, 0x90, 0x9B,
  0xA1, 0x06, 0x43, 0x32, 0x43, 0x42, 0x73, 0x22,
  0x80, 0x03, 0x36, 0x33, 0x11, 0x19, 0x13, 0x63,
  0x34, 0x12, 0x12, 0x08, 0x0C, 0x9A, 0x12, 0x74,
  0x53, 0x33, 0x24, 0x80, 0xAE, 0xCE, 0xBE, 0xBC,
  0xBC, 0xBC, 0xAB, 0xAA, 0xA9, 0xA9, 0x90, 0x90,
  0x01, 0x22, 0x35, 0x44, 0x34, 0x44, 0x43, 0x43,
  0x52, 0x34, 0x23, 0x32, 0x32, 0x22, 0x01, 0x88,
  0x9A, 0xBC, 0xCB, 0xCB, 0xCB, 0xBB, 0xCB, 0xBB,
  0xCB, 0xAB, 0xBB, 0xBA, 0xBA, 0xBA, 0x9A, 0x99,
  0x98, 0x08, 0x13, 0x25, 0x44, 0x34, 0x33, 0x35,
  0x23, 0x32, 0x33, 0x22, 0x23, 0x01, 0x28, 0x13,
  0x0B, 0x28, 0xCD, 0xAB, 0x9A, 0xF8, 0xAD, 0xAB,
  0xAB, 0xCA, 0xCA, 0xAB, 0xDA, 0x99, 0xBE, 0x9A,
  0xC8, 0x90, 0x12, 0x38, 0x13, 0x18, 0x53, 0x72,
  0x53, 0x44, 0x23, 0x23, 0x11, 0x12, 0x00, 0x40,
  0x52, 0x45, 0x25, 0x23, 0x42, 0x22, 0x19, 0xAC,
  0xFB, 0xEC, 0xBC, 0xBD, 0xBB, 0xBC, 0xBA, 0xBB,
  0xBC, 0x9A, 0xAA, 0x8A, 0x88, 0x81, 0x23, 0x55,
  0x44, 0x43, 0x44, 0x43, 0x34, 0x33, 0x43, 0x23,
  0x32, 0x32, 0x11, 0x00, 0x89, 0xAA, 0xDA, 0xCB,
  0xCA, 0xCA, 0xBB, 0xBB, 0xBC, 0xAB, 0xBA, 0xBA,
  0xAB, 0x9B, 0x89, 0xA8, 0x91, 0x9A, 0x18, 0x90,
  0x81, 0x02, 0x01, 0x11, 0x1F, 0x99, 0xF8, 0xA0,
  0x99, 0x39, 0x39, 0x62, 0xC4, 0x98, 0x89, 0x98,
  0xBC, 0x1B, 0xBB, 0xBB, 0xAB, 0xA8, 0xDA, 0xE8,
  0x1E, 0x8C, 0x08, 0xA8, 0x80, 0x12, 0x21, 0x30,
  0x27, 0x13, 0x55, 0x33, 0x44, 0x22, 0x49, 0x18,
  0x0B, 0x9A, 0xBA, 0x98, 0x11, 0x47, 0x54, 0x33,
  0x60, 0x11, 0x0A, 0xBE, 0xCC, 0xDB, 0xCC, 0xCA,
  0xCA, 0xBC, 0xAB, 0xBB, 0xBB, 0xBB, 0xBB, 0xB9,
  0x99, 0x22, 0x55, 0x44, 0x44, 0x43, 0x44, 0x24,
  0x33, 0x34, 0x23, 0x32, 0x32, 0x21, 0x11, 0x88,
  0x8A, 0xBB, 0xEB, 0xBC, 0xBC, 0xBC, 0xAB, 0xBA,
  0xBC, 0xAA, 0xAB, 0xAB, 0xA9, 0xA9, 0xAA, 0x90,
  0xB0, 0x08, 0x20, 0x13, 0x33, 0x15, 0x12, 0x12,
  0x08, 0x50, 0x00, 0x21, 0xB4, 0x9F, 0x1A, 0xBB,
  0xDA, 0xDA, 0xCB, 0xCB, 0xCB, 0xCB, 0xBD, 0xAA,
  0xC9, 0x9C, 0x98, 0x91, 0x81, 0x23, 0x45, 0x24,
  0x23, 0x43, 0x34, 0x34, 0x33, 0x33, 0x34, 0x34,
  0x32, 0x42, 0x22, 0x22, 0x20, 0x05, 0x13, 0x27,
  0x32, 0x43, 0x14, 0x20, 0x00, 0xCC, 0xCD, 0xCC,
  0xCB, 0xDB, 0xBD, 0xBB, 0xCB, 0xBB, 0xCB, 0xCA,
  0xBA, 0xBA, 0xBA, 0xA9, 0x88, 0x22, 0x54, 0x53,
  0x54, 0x34, 0x42, 0x43, 0x34, 0x23, 0x42, 0x22,
  0x32, 0x12, 0x11, 0x80, 0x8A, 0x9B, 0xCB, 0xCC,
  0xBB, 0xDA, 0xBB, 0xCB, 0xAB, 0xCA, 0xAB, 0xAB,
  0xBB, 0x9B, 0xBA, 0xA9, 0xA9, 0x08, 0x10, 0x34,
  0x35, 0x17, 0x11, 0x23, 0x22, 0x33, 0x23, 0x34,
  0x21, 0x32, 0x11, 0x00, 0x90, 0xF0, 0x99, 0x8C,
  0xA8, 0xC9, 0xBD, 0x9B, 0xBB, 0xF9, 0xAA, 0xA1,
  0xCC, 0x8A, 0x89, 0xC0, 0x89, 0x2A, 0x15, 0x13,
  0x35, 0x05, 0x22, 0x21, 0x43, 0x22, 0x52, 0x06,
  0x13, 0x15, 0x14, 0x33, 0x25, 0x21, 0x31, 0x10,
  0x0B, 0xCC, 0xDC, 0xCC, 0xCB, 0xCC, 0xBC, 0xBB,
  0xCB, 0xCB, 0xBB, 0xCB, 0xCA, 0xBA, 0xBB, 0xA9,
  0xA9, 0x02, 0x25, 0x45, 0x43, 0x53, 0x43, 0x43,
  0x43, 0x34, 0x23, 0x33, 0x23, 0x32, 0x21, 0x11,
  0x88, 0x99, 0xBC, 0xBD, 0xBC, 0xBB, 0xCB, 0xBC,
  0xAC, 0xAA, 0xAB, 0xAA, 0xAB, 0xB9, 0xBA, 0xA9,
  0xAA, 0x99, 0x98, 0x0A, 0x91, 0x2B, 0x81, 0x89,
  0x11, 0x81, 0x41, 0xA5, 0x31, 0x31, 0x84, 0x92,
  0xF6, 0xB8, 0x99, 0xAA, 0x8D, 0x9B, 0x9D, 0x1D,
  0xBA, 0xB9, 0xF8, 0x99, 0x89, 0x09, 0x19, 0x10,
  0x68, 0x15, 0x04, 0x04, 0x05, 0x01, 0x01, 0x3B,
  0x19, 0x1B, 0x09, 0xB0, 0x90, 0x12, 0x73, 0x27,
  0x34, 0x31, 0x35, 0x81, 0x89, 0xBE, 0xBE, 0xCB,
  0xDC, 0xBC, 0xCB, 0xBD, 0xBB, 0xCA, 0xCB, 0xAC,
  0xAA, 0xBB, 0xAA, 0xA9, 0x90, 0x12, 0x55, 0x43,
  0x54, 0x34, 0x34, 0x34, 0x33, 0x35, 0x22, 0x32,
  0x22, 0x21, 0x11, 0x00, 0x89, 0xAA, 0xBD, 0xBC,
  0xBB, 0xCB, 0xCB, 0xBB, 0xCB, 0xBA, 0xCA, 0xAA,
  0xBA, 0xAA, 0x9B, 0x99, 0x98, 0xA0, 0x91, 0x01,
  0x12, 0x33, 0x62, 0x32, 0x32, 0x31, 0x41, 0x9B,
  0x78, 0xBA, 0xAA, 0xEB, 0xCB, 0xCD, 0xAB, 0xCB,
  0xBC, 0xBB, 0xBB, 0xE9, 0x9B, 0x98, 0xA0, 0x10,
  0x34, 0x43, 0x52, 0x43, 0x34, 0x33, 0x35, 0x23,
  0x23, 0x31, 0x44, 0x82, 0x22, 0x23, 0x35, 0x24,
  0x34, 0x34, 0x33, 0x33, 0x52, 0x21, 0x19, 0x99,
  0xEC, 0xCC, 0xCC, 0xCB, 0xCC, 0xBC, 0xBC, 0xBC,
  0xAC, 0xBA, 0xBC, 0xBA, 0xBB, 0xBB, 0xAA, 0xA9,
  0x80, 0x24, 0x54, 0x53, 0x44, 0x34, 0x43, 0x34,
  0x34, 0x32, 0x34, 0x22, 0x22, 0x31, 0x11, 0x00,
  0x09, 0xA9, 0xBC, 0xCB, 0xCC, 0xAB, 0xBD, 0xBA,
  0xBC, 0xAB, 0xBB, 0xBC, 0xAA, 0xBA, 0xBB, 0x9A,
  0x9A, 0x80, 0x91, 0x34, 0x24, 0x51, 0x52, 0x23,
  0x33, 0x35, 0x13, 0x11, 0x21, 0x20, 0x00, 0xA0,
  0x8A, 0xCB, 0xAC, 0xBC, 0xD9, 0xBA, 0xBA, 0xDC,
  0x8A, 0x9A, 0xAC, 0x0B, 0x90, 0xA9, 0x01, 0xD1,
  0x12, 0x86, 0x81, 0x23, 0x04, 0x38, 0x37, 0x22,
  0x26, 0x21, 0x61, 0x32, 0x51, 0x24, 0x23, 0x12,
  0x43, 0x01, 0x00, 0x8A, 0xDC, 0xCD, 0xBC, 0xCC,
  0xBC, 0xBC, 0xCB, 0xBD, 0xBB, 0xBC, 0xBB, 0xCB,
  0xBB, 0xCA, 0xAA, 0xAA, 0x89, 0x12, 0x25, 0x54,
  0x35, 0x34, 0x43, 0x35, 0x23, 0x42, 0x33, 0x33,
  0x33, 0x23, 0x32, 0x21, 0x00, 0x89, 0x9C, 0xAC,
  0xBC, 0xCB, 0xBC, 0xBC, 0xBB, 0xBB, 0xCB, 0xAB,
  0xBB, 0xBA, 0xBB, 0xAA, 0xA9, 0xA9, 0x98, 0x99,
  0x0A, 0x3E, 0x12, 0x81, 0x00, 0x79, 0x83, 0x81,
  0x82, 0x91, 0x91, 0xA0, 0xCC, 0x2B, 0xE9, 0x9E,
  0xB0, 0x8A, 0xA9, 0xA9, 0x9B, 0x1D, 0x3A, 0x93,
  0xF5, 0x93, 0x80, 0x31, 0x22, 0x24, 0x23, 0x23,
  0x03, 0x5D, 0x18, 0x88, 0xA1, 0x92, 0x15, 0x13,
  0x54, 0x34, 0x14, 0x33, 0x81, 0x4A, 0x8D, 0xBC,
  0xDD, 0xAD, 0xBC, 0xDA, 0xCB, 0xCB, 0xCB, 0xCB,
  0xBC, 0xCB, 0xAC, 0xAB, 0xBB, 0xBB, 0xAB, 0x99,
  0x81, 0x16, 0x44, 0x36, 0x33, 0x53, 0x43, 0x43,
  0x34, 0x33, 0x33, 0x33, 0x42, 0x21, 0x21, 0x01,
  0x88, 0x99, 0xAC, 0xBB, 0xDB, 0xCB, 0xCB, 0xBC,
  0xAB, 0xBB, 0xBC, 0xBA, 0xBB, 0xAB, 0xBA, 0xC0,
  0xB8, 0x90, 0x81, 0x98, 0x48, 0x11, 0x12, 0x05,
  0x91, 0x28, 0x29, 0x88, 0xD9, 0x0F, 0xD8, 0xAA,
  0xCB, 0xBC, 0xBC, 0xCA, 0xBA, 0xCB, 0xAA, 0xBA,
  0xBB, 0xA0, 0x9B, 0x50, 0x07, 0x30, 0x43, 0x33,
  0x53, 0x34, 0x22, 0x52, 0x22, 0x33, 0x42, 0x42,
  0x42, 0x15, 0x22, 0x33, 0x41, 0x33, 0x32, 0x22,
  0x81, 0x8D, 0xBA, 0xFA, 0xBF, 0xCA, 0xCB, 0xCB,
  0xCB, 0xCB, 0xCB, 0xCB, 0xBC, 0xBC, 0xAB, 0xBB,
  0xCA, 0xBA, 0xAA, 0x98, 0x81, 0x33, 0x65, 0x35,
  0x34, 0x43, 0x43, 0x43, 0x34, 0x33, 0x33, 0x34,
  0x23, 0x22, 0x12, 0x01, 0x09, 0x8A, 0xAB, 0xDB,
  0xBE, 0xAC, 0xAC, 0xAB, 0xBB, 0xCA, 0xCA, 0xAB,
  0xAB, 0xAC, 0x99, 0xA9, 0x99, 0x80, 0x83, 0x02,
  0x41, 0x43, 0x33, 0x42, 0x34, 0x05, 0x10, 0x10,
  0x28, 0x29, 0x18, 0x19, 0x98, 0x5A, 0xF1, 0x1B,
  0x91, 0x99, 0xA0, 0xC1, 0xE9, 0x8A, 0x99, 0xA9,
  0xBA, 0xBB, 0xAB, 0x9F, 0x90, 0x90, 0x39, 0x06,
  0x24, 0x35, 0x33, 0x63, 0x34, 0x37, 0x11, 0x33,
  0x32, 0x42, 0x32, 0x24, 0x01, 0x08, 0xAB, 0xCD,
  0xCC, 0xCB, 0xDB, 0xCC, 0xBC, 0xBC, 0xBC, 0xBB,
  0xBE, 0xAA, 0xBB, 0xBB, 0xBC, 0xAA, 0xAA, 0x98,
  0x81, 0x34, 0x44, 0x44, 0x43, 0x43, 0x43, 0x43,
  0x33, 0x43, 0x33, 0x33, 0x33, 0x22, 0x13, 0x10,
  0x80, 0x8B, 0xBB, 0xCC, 0xBC, 0xBC, 0xBB, 0xCB,
  0xBB, 0xBC, 0xAB, 0xAB, 0xBA, 0xBA, 0xBB, 0xA9,
  0xD8, 0xA0, 0x4A, 0x11, 0xFA, 0x1B, 0x02, 0x29,
  0x0C, 0x43, 0x08, 0x91, 0xA4, 0x3F, 0x88, 0xD1,
  0x14, 0x98, 0x91, 0xC8, 0x98, 0xA1, 0x33, 0x4D,
  0x2D, 0x90, 0xFB, 0x20, 0xBA, 0xFD, 0x8A, 0x90,
  0x01, 0x00, 0xAB, 0xC8, 0x88, 0x9E, 0xCA, 0x9B,
  0xCD, 0xBC, 0xBA, 0x9D, 0xCD, 0xBC, 0x89, 0x9F,
  0x17, 0x77, 0x48, 0x80, 0x80, 0x08, 0xAA, 0x99,
  0x9A, 0x03, 0x10, 0x98, 0x89, 0x08, 0x00, 0x8A,
  0xBC, 0xAA, 0x9A, 0xAA, 0xA9, 0x89, 0x89, 0x02,
  0x08, 0x20, 0xA3, 0x5C, 0x94, 0x29, 0xCA, 0x12,
  0x8A, 0xA1, 0x63, 0x9B, 0x93, 0x41, 0xAB, 0x81,
  0x29, 0xE9, 0x22, 0xAE, 0x03, 0x99, 0x91, 0x7B,
  0x81, 0xC4, 0x5A, 0x84, 0x9A, 0x63, 0xC9, 0x43,
  0xBA, 0x37, 0x8E, 0x84, 0x29, 0xB9, 0x24, 0x20,
  0xBE, 0xA1, 0x64, 0x28, 0xAC, 0xCB, 0xAB, 0xAB,
  0xAB, 0xA8, 0x08, 0x80, 0x37, 0x63, 0x10, 0x08,
  0x80, 0x02, 0x44, 0x43, 0x42, 0x22, 0x22, 0x33,
  0x18, 0xBC, 0xDC, 0xBB, 0xBB, 0xBB, 0xBC, 0xAA,
  0x99, 0x89, 0x80, 0x12, 0x43, 0x32, 0x18, 0x88,
  0x81, 0x23, 0x55, 0x43, 0x35, 0x23, 0x32, 0x32,
  0x22, 0x20, 0xBA, 0xDC, 0xBA, 0x9E, 0xA8, 0x9A,
  0x98, 0xBC, 0xA9, 0xBB, 0xB0, 0x4A, 0x90, 0x21,
  0xCB, 0x03, 0x19, 0xC1, 0x03, 0x3F, 0xD9, 0x24,
  0x38, 0xA2, 0x27, 0x42, 0x8A, 0xA0, 0x46, 0x31,
  0x9C, 0xB9, 0x04, 0x33, 0x32, 0x45, 0x18, 0xCF,
  0xCB, 0xDB, 0xBB, 0xCB, 0xAA, 0x99, 0x01, 0x13,
  0x33, 0x23, 0x34, 0x34, 0x53, 0x54, 0x35, 0x24,
  0x23, 0x33, 0x31, 0x28, 0x09, 0xAA, 0xBC, 0xBD,
  0xBB, 0xBA, 0xBA, 0xBB, 0xCB, 0xBA, 0x98, 0x88,
  0x00, 0x12, 0x21, 0x09, 0xDD, 0xCC, 0xBC, 0xAB,
  0xBC, 0xBB, 0xCA, 0x9A, 0x80, 0x12, 0x22, 0x23,
  0x33, 0x44, 0x33, 0x63, 0x34, 0x44, 0x24, 0x33,
  0x53, 0x23, 0x23, 0x22, 0x08, 0x98, 0xBB, 0x8B,
  0xDF, 0xBA, 0xA8, 0x80, 0x99, 0xBA, 0x03, 0x35,
  0x22, 0x12, 0x92, 0xBC, 0x81, 0x57, 0x43, 0x32,
  0x48, 0x89, 0xEC, 0xEC, 0xCB, 0xCC, 0xAB, 0xBA,
  0xAA, 0x99, 0x88, 0x08, 0x12, 0x13, 0x63, 0x53,
  0x53, 0x44, 0x43, 0x34, 0x23, 0x32, 0x22, 0x11,
  0x09, 0x9A, 0xBC, 0xBD, 0xBB, 0xBC, 0xAB, 0xBB,
  0xBA, 0xBB, 0xBB, 0x9A, 0x88, 0x08, 0x29, 0x01,
  0x84, 0x33, 0x34, 0x11, 0x03, 0x89, 0x0A, 0x9B,
  0x89, 0x70, 0x35, 0x36, 0x33, 0x19, 0x8B, 0xBD,
  0xFB, 0xCD, 0xBC, 0xBC, 0xBA, 0xBB, 0xB9, 0xAA,
  0xBA, 0x98, 0x82, 0x32, 0x51, 0x36, 0x35, 0x35,
  0x43, 0x44, 0x33, 0x34, 0x33, 0x33, 0x33, 0x32,
  0x34, 0x32, 0x20, 0x10, 0xBF, 0xCD, 0xCD, 0xBB,
  0xDB, 0xCB, 0xBB, 0xCA, 0xAA, 0xA9, 0x99, 0x90,
  0x80, 0x14, 0x35, 0x44, 0x44, 0x34, 0x34, 0x33,
  0x42, 0x32, 0x21, 0x10, 0x08, 0x8A, 0xAB, 0xCC,
  0xBB, 0xCB, 0xBA, 0xBB, 0xCA, 0xBA, 0xAB, 0x99,
  0x8A, 0x99, 0x90, 0x0A, 0x01, 0x80, 0x90, 0x00,
  0x09, 0x0C, 0x0A, 0xFA, 0x91, 0x90, 0x14, 0x25,
  0x30, 0x00, 0x11, 0x6A, 0x25, 0x80, 0x88, 0xA8,
  0x9A, 0xAE, 0x80, 0xA8, 0xDA, 0x82, 0x24, 0x32,
  0x39, 0x4A, 0xD1, 0x8A, 0xAB, 0xFA, 0xFC, 0xAA,
  0xBB, 0xBB, 0xB9, 0x88, 0x48, 0x35, 0x42, 0x13,
  0xBC, 0xFA, 0xEC, 0xAC, 0xBB, 0xBC, 0xAB, 0xBB,
  0xAA, 0xBA, 0x99, 0x90, 0x85, 0x36, 0x36, 0x44,
  0x35, 0x34, 0x34, 0x33, 0x34, 0x22, 0x21, 0x11,
  0x88, 0x8A, 0xAC, 0xBC, 0xBB, 0xCC, 0xAB, 0xBB,
  0xBA, 0xAB, 0xBA, 0xC9, 0x99, 0x9A, 0x8A, 0x08,
  0x0A, 0xA1, 0x10, 0x02, 0x80, 0x1A, 0xB4, 0x12,
  0x30, 0x83, 0x70, 0x89, 0x12, 0x10, 0x2A, 0x8A,
  0xBF, 0xBF, 0xD9, 0xA9, 0xE8, 0x9A, 0xCB, 0x99,
  0x88, 0x88, 0x91, 0x11, 0x63, 0x54, 0x33, 0x53,
  0x42, 0x42, 0x33, 0x23, 0x15, 0x21, 0x36, 0x22,
  0x42, 0x42, 0x21, 0x9A, 0xEC, 0xDC, 0xBD, 0xCA,
  0xCB, 0xBC, 0xBC, 0xBB, 0xBA, 0xBB, 0xBB, 0xAA,
  0x90, 0x13, 0x63, 0x63, 0x54, 0x33, 0x53, 0x42,
  0x33, 0x33, 0x42, 0x22, 0x11, 0x18, 0x08, 0xA9,
  0xBA, 0xDB, 0xBC, 0xBC, 0xAB, 0xAB, 0xBC, 0xAB,
  0xAA, 0xAA, 0xAB, 0x99, 0xB9, 0xC9, 0x98, 0x80,
  0xD8, 0x19, 0x88, 0x88, 0x01, 0x95, 0x28, 0x80,
  0x84, 0xB8, 0x10, 0x03, 0x2F, 0x0D, 0xA9, 0x0D,
  0x88, 0xBA, 0x0F, 0xA0, 0x88, 0x81, 0xA1, 0xB0,
  0x52, 0x32, 0x63, 0x03, 0x93, 0x62, 0x31, 0x53,
  0x12, 0x51, 0x36, 0x23, 0x23, 0x30, 0x88, 0xDB,
  0xCE, 0xBD, 0xCB, 0xDB, 0xCB, 0xBC, 0xBB, 0xBC,
  0xBB, 0xCA, 0xA9, 0x99, 0x81, 0x33, 0x64, 0x44,
  0x35, 0x33, 0x43, 0x34, 0x23, 0x23, 0x12, 0x10,
  0x09, 0x9A, 0xCB, 0xCB, 0xCB, 0xCA, 0xBC, 0xAA,
  0xAA, 0x99, 0x88, 0x11, 0x03, 0x24, 0x45, 0x23,
  0x42, 0x32, 0x23, 0x22, 0x22, 0x08, 0x0A, 0x9A,
  0xCB, 0xBB, 0xDB, 0xCB, 0xC9, 0xDB, 0x9A, 0xAB,
  0xAB, 0xBD, 0x8D, 0xAA, 0x9C, 0x89, 0x9A, 0xAA,
  0xA9, 0xA8, 0x92, 0x00, 0x25, 0x27, 0x14, 0x31,
  0x61, 0x30, 0x31, 0x34, 0x34, 0x35, 0x25, 0x22,
  0x21, 0x30, 0xA8, 0xCC, 0xCD, 0xDB, 0xDB, 0xCC,
  0xAB, 0xCB, 0xCB, 0xBB, 0xCA, 0xAB, 0xAA, 0xA9,
  0x80, 0x23, 0x74, 0x35, 0x43, 0x35, 0x33, 0x43,
  0x33, 0x34, 0x22, 0x11, 0x11, 0x08, 0x89, 0xAB,
  0xBD, 0xBB, 0xBC, 0xCA, 0xCB, 0xBA, 0xDA, 0xAA,
  0xAB, 0xAC, 0xAA, 0xAB, 0xBB, 0xAA, 0xAB, 0xBB,
  0xAA, 0xA9, 0x08, 0x15, 0x26, 0x61, 0x23, 0x54,
  0x23, 0x43, 0x33, 0x33, 0x43, 0x33, 0x22, 0x28,
  0x29, 0xA0, 0xB8, 0x8C, 0xBC, 0xDB, 0xBB, 0xD9,
  0xAB, 0xBA, 0xAA, 0x2E, 0x82, 0x93, 0x03, 0x35,
  0x35, 0x34, 0x33, 0x52, 0x10, 0x2A, 0xAA, 0xBF,
  0xDC, 0xCB, 0xCC, 0xCB, 0xCB, 0xBC, 0xBB, 0xCB,
  0xBB, 0xBB, 0xCA, 0x89, 0x80, 0x13, 0x64, 0x43,
  0x53, 0x53, 0x33, 0x52, 0x33, 0x33, 0x23, 0x21,
  0x11, 0x08, 0x99, 0xAC, 0xBC, 0xCA, 0xBB, 0xBC,
  0xAC, 0xBB, 0xAA, 0xAB, 0xAB, 0xAC, 0x98, 0x90,
  0x88, 0x00, 0x00, 0x38, 0x37, 0x12, 0x03, 0x99,
  0x9E, 0xA0, 0xCB, 0xCD, 0xBA, 0xBC, 0xEA, 0xAB,
  0xCA, 0xAC, 0x9C, 0xA9, 0x99, 0xA9, 0xA0, 0x08,
  0x05, 0x14, 0x53, 0x53, 0x35, 0x23, 0x34, 0x25,
  0x22, 0x32, 0x42, 0x22, 0x21, 0x23, 0x21, 0x23,
  0xBA, 0xAB, 0xDD, 0xCC, 0xCC, 0xBC, 0xCB, 0xBD,
  0xBB, 0xBC, 0xCA, 0xBB, 0xBC, 0xAA, 0xBA, 0x99,
  0x90, 0x23, 0x46, 0x44, 0x34, 0x43, 0x35, 0x23,
  0x33, 0x33, 0x33, 0x23, 0x12, 0x08, 0x88, 0xAB,
  0xCC, 0xBD, 0xBB, 0xBB, 0xDA, 0xBB, 0xBB, 0xCA,
  0xBB, 0x89, 0xB9, 0xA9, 0xA8, 0x98, 0x0A, 0x18,
  0x31, 0x01, 0x87, 0x92, 0x60, 0x10, 0x28, 0x20,
  0x20, 0x40, 0x90, 0x28, 0x86, 0x18, 0x81, 0x0A,
  0x9E, 0x0B, 0xFC, 0xA9, 0x89, 0xCC, 0xBB, 0xCA,
  0xCA, 0xAC, 0xAC, 0xAA, 0xAB, 0xA9, 0x98, 0x01,
  0x35, 0x43, 0x44, 0x51, 0x24, 0x23, 0x22, 0x82,
  0xB9, 0xCA, 0xAF, 0xCC, 0xBD, 0xBC, 0xAD, 0xAA,
  0xBC, 0xAB, 0xBA, 0xB9, 0x98, 0x03, 0x53, 0x73,
  0x45, 0x33, 0x43, 0x43, 0x33, 0x42, 0x22, 0x22,
  0x11, 0x08, 0x88, 0xAA, 0xBC, 0xAD, 0xBB, 0xCB,
  0xBC, 0xAB, 0xBB, 0xBA, 0xCA, 0xBB, 0xA8, 0x8A,
  0x99, 0x99, 0x8A, 0x9A, 0x10, 0x83, 0xE1, 0x21,
  0x19, 0x1D, 0x33, 0xCA, 0xA9, 0x08, 0x9A, 0xAB,
  0xD3, 0xFB, 0x18, 0x9A, 0xAB, 0xD8, 0x8F, 0x0A,
  0xD2, 0x20, 0x00, 0x22, 0x23, 0x45, 0x44, 0x35,
  0x23, 0x51, 0x25, 0x22, 0x22, 0x23, 0x00, 0x1B,
  0x9A, 0xCE, 0xDA, 0xDC, 0xBC, 0xBD, 0xBC, 0xBB,
  0xCC, 0xBA, 0xCA, 0xBC, 0xAA, 0xAA, 0xBA, 0x98,
  0x10, 0x25, 0x45, 0x34, 0x44, 0x34, 0x33, 0x43,
  0x33, 0x42, 0x32, 0x21, 0x21, 0x10, 0x08, 0x9A,
  0xAB, 0xCC, 0xBB, 0xDB, 0xAC, 0xAB, 0xBB, 0xBC,
  0xBA, 0xBA, 0xAA, 0x9A, 0xA9, 0xAA, 0xA8, 0xA2,
  0x29, 0x8A, 0x80, 0x9B, 0xB5, 0x48, 0xB9, 0x11,
  0x0A, 0xB7, 0x79, 0x82, 0x99, 0x98, 0x09, 0x1F,
  0x00, 0x9A, 0xBA, 0xA9, 0xBA, 0xBD, 0x19, 0xE1,
  0xB0, 0x36, 0x14, 0x23, 0x52, 0x43, 0x51, 0x24,
  0x33, 0x34, 0x21, 0x30, 0x82, 0x89, 0xCD, 0xBE,
  0xBD, 0xBC, 0xBC, 0xCB, 0xCB, 0xCA, 0xDA, 0xAB,
  0xBB, 0xBB, 0xCA, 0xA9, 0xA9, 0x11, 0x34, 0x54,
  0x44, 0x34, 0x34, 0x33, 0x42, 0x33, 0x23, 0x23,
  0x02, 0x20, 0x80, 0x8C, 0x98, 0xAA, 0x9B, 0xB8,
  0x8B, 0xA9, 0x01, 0x32, 0x43, 0x43, 0x06, 0x90,
  0x20, 0x00, 0x9B, 0xCB, 0xD9, 0xED, 0x08, 0xBA,
  0xAC, 0xAA, 0xBA, 0xAB, 0xBC, 0x9A, 0xE9, 0xBB,
  0x88, 0xA9, 0xAC, 0xAA, 0xBA, 0x8F, 0xC2, 0x0A,
  0x98, 0x89, 0x98, 0x23, 0x44, 0x35, 0x33, 0x71,
  0x25, 0x33, 0x43, 0x24, 0x24, 0x01, 0x33, 0x01,
  0x2A, 0xAE, 0xBD, 0xBD, 0xBD, 0xBC, 0xBD, 0xBB,
  0xDA, 0xBB, 0xCB, 0xBC, 0xAC, 0xAA, 0xAA, 0x99,
  0x90, 0x03, 0x63, 0x53, 0x53, 0x53, 0x33, 0x43,
  0x43, 0x33, 0x32, 0x23, 0x21, 0x10, 0x18, 0xAB,
  0xCB, 0xDB, 0xCB, 0xCA, 0xBC, 0xBC, 0xAB, 0xAC,
  0x9B, 0xAA, 0xBA, 0xAA, 0xB9, 0xB8, 0x99, 0x28,
  0x04, 0x43, 0x54, 0x42, 0x35, 0x23, 0x33, 0x52,
  0x13, 0x41, 0x21, 0x11, 0x01, 0x19, 0x10, 0xAA,
  0xDA, 0xCB, 0xCB, 0xAA, 0xBC, 0xBA, 0x8B, 0x9F,
  0x00, 0x00, 0x80, 0x06, 0x11, 0x42, 0x41, 0x04,
  0x41, 0x32, 0x82, 0x22, 0x8A, 0x9B, 0xAF, 0xCC,
  0xCC, 0xCC, 0xBA, 0xDB, 0xBD, 0xAB, 0xBC, 0xBC,
  0xAC, 0x9A, 0xA9, 0xA9, 0x88, 0x02, 0x43, 0x63,
  0x53, 0x44, 0x24, 0x23, 0x42, 0x32, 0x32, 0x32,
  0x22, 0x11, 0x00, 0x89, 0x9B, 0xBA, 0xDB, 0xBB,
  0xDA, 0xAC, 0xBB, 0xAB, 0xAC, 0x89, 0xBA, 0xAB,
  0xAA, 0xBB, 0xE8, 0xAC, 0xAD, 0xAA, 0xBB, 0xCB,
  0xBA, 0xBF, 0xAA, 0xBA, 0xAB, 0xC8, 0xAC, 0xBA,
  0xAB, 0x99, 0x99, 0x01, 0x31, 0x73, 0x17, 0x33,
  0x43, 0x43, 0x43, 0x34, 0x41, 0x33, 0x52, 0x22,
  0x13, 0x23, 0x22, 0x32, 0x48, 0x33, 0x18, 0x1C,
  0xBA, 0xBE, 0xDC, 0xBD, 0xBC, 0xCD, 0x9B, 0xBC,
  0xCB, 0xBC, 0xBB, 0xCB, 0xAC, 0xAB, 0xAA, 0xA9,
  0x90, 0x03, 0x44, 0x44, 0x44, 0x43, 0x34, 0x34,
  0x32, 0x42, 0x22, 0x22, 0x22, 0x10, 0x00, 0x09,
  0xA9, 0xAC, 0xAB, 0xDA, 0xBC, 0xBA, 0xBB, 0xCA,
  0xCA, 0xA9, 0xB9, 0x8A, 0x99, 0xAB, 0x99, 0x0D,
  0x02, 0x01, 0x0A, 0x80, 0x5C, 0x31, 0xA4, 0x91,
  0x98, 0xA9, 0xAB, 0xAF, 0xA0, 0xDA, 0xCA, 0xBB,
  0xAC, 0x9A, 0xCC, 0x9A, 0x1D, 0x02, 0x02, 0x03,
  0x20, 0x17, 0x14, 0x52, 0x34, 0x32, 0x33, 0x37,
  0x41, 0x21, 0x20, 0x00, 0x00, 0x89, 0xDB, 0xAF,
  0xCB, 0xCC, 0xBC, 0xCB, 0xBC, 0xBD, 0xAB, 0xBB,
  0xCB, 0xBB, 0xBA, 0xBA, 0x08, 0x13, 0x45, 0x44,
  0x53, 0x35, 0x33, 0x35, 0x32, 0x33, 0x33, 0x32,
  0x32, 0x20, 0x01, 0x09, 0x9C, 0xA9, 0xDB, 0xAA,
  0xDB, 0xA9, 0xBB, 0xCB, 0xAC, 0x99, 0xAA, 0xAA,
  0xCA, 0x8C, 0x80, 0x98, 0x90, 0xAB, 0x1C, 0x14,
  0x81, 0x01, 0x9B, 0xA1, 0x94, 0xE8, 0x2A, 0x21,
  0xFB, 0xA9, 0x9B, 0x9C, 0x8F, 0x00, 0xAA, 0x99,
  0xA8, 0x90, 0x09, 0x33, 0x54, 0x42, 0x43, 0x44,
  0x34, 0x23, 0x63, 0x32, 0x33, 0x42, 0x30, 0x22,
  0x28, 0xBB, 0xFC, 0xDA, 0xCB, 0xDC, 0xBC, 0xBC,
  0xBC, 0xBB, 0xCB, 0xBB, 0xCB, 0xAC, 0xAA, 0xA9,
  0x88, 0x12, 0x44, 0x44, 0x43, 0x44, 0x33, 0x44,
  0x23, 0x23, 0x33, 0x33, 0x22, 0x21, 0x10, 0x89,
  0xAA, 0xBB, 0xDC, 0xAA, 0xDA, 0xBB, 0xAB, 0xBD,
  0x99, 0xBB, 0xAA, 0xB9, 0xAC, 0x08, 0xC9, 0x98,
  0x88, 0xB0, 0x70, 0x98, 0x08, 0x10, 0x18, 0x00,
  0x00, 0xBE, 0xAA, 0x9A, 0xBA, 0xC9, 0xE0, 0xF8,
  0x0A, 0xAA, 0x18, 0x9D, 0x0D, 0x32, 0xD1, 0x11,
  0x01, 0x21, 0x18, 0x65, 0x22, 0x31, 0x71, 0x03,
  0x02, 0x42, 0x42, 0x00, 0x00, 0xAC, 0x8D, 0x9B,
  0xEB, 0xDB, 0xCB, 0xCC, 0xAC, 0xAB, 0xBC, 0xBB,
  0xCA, 0xBB, 0x9B, 0x9A, 0x99, 0x21, 0x46, 0x35,
  0x42, 0x43, 0x34, 0x43, 0x33, 0x42, 0x32, 0x22,
  0x32, 0x20, 0x21, 0x89, 0x98, 0xBC, 0xBB, 0xCA,
  0xBD, 0xBB, 0xCB, 0xAB, 0xAA, 0xCA, 0xAC, 0xA9,
  0x99, 0x00, 0xA9, 0x99, 0x88, 0x08, 0x88, 0x81,
  0xCB, 0xC3, 0xF0, 0x39, 0x1B, 0x1D, 0xBA, 0x1F,
  0x00, 0x80, 0xAA, 0xD9, 0xA1, 0xF1, 0x1D, 0x01,
  0xB9, 0x08, 0x01, 0x83, 0x38, 0x22, 0x61, 0x25,
  0x71, 0x21, 0x35, 0x12, 0x11, 0x23, 0x31, 0x33,
  0x99, 0x9E, 0xDB, 0xBD, 0xBC, 0xDB, 0xDA, 0xCB,
  0xBD, 0xAB, 0xBC, 0xBB, 0xBC, 0xAB, 0x9A, 0xAA,
  0x88, 0x02, 0x45, 0x44, 0x34, 0x44, 0x23, 0x43,
  0x33, 0x43, 0x32, 0x32, 0x32, 0x22, 0x11, 0x00,
  0x99, 0x9D, 0xAA, 0xAB, 0xFA, 0xBB, 0xBA, 0xBC,
  0x9A, 0xBB, 0xBB, 0xBA, 0x9A, 0x99, 0x89, 0x19,
  0x28, 0x1A, 0x22, 0x9B, 0x0D, 0x74, 0xB9, 0xB9,
  0xC1, 0x9D, 0xB1, 0xDB, 0x88, 0x98, 0x9C, 0x1D,
  0xBA, 0x0B, 0xA3, 0x90, 0xA4, 0x98, 0xB4, 0xB3,
  0x74, 0x22, 0x42, 0x43, 0x51, 0x45, 0x21, 0x42,
  0x12, 0x11, 0x22, 0x21, 0x09, 0xBC, 0xDC, 0xEB,
  0xAD, 0xBC, 0xBD, 0xBC, 0xAC, 0xBA, 0xCB, 0xBB,
  0xBD, 0xAB, 0xAA, 0x99, 0x98, 0x10, 0x37, 0x23,
  0x54, 0x35, 0x24, 0x23, 0x33, 0x43, 0x33, 0x23,
  0x32, 0x22, 0x10, 0x10, 0x8A, 0x9A, 0xDB, 0xBC,
  0xBB, 0xE9, 0xAA, 0xAB, 0xCB, 0xAA, 0x9A, 0xA9,
  0x0C, 0x8A, 0x8A, 0xA9, 0x09, 0x10, 0x1D, 0x24,
  0x90, 0xB0, 0xCA, 0xC9, 0x99, 0x2F, 0x82, 0x80,
  0xCA, 0xA9, 0x0F, 0x01, 0xA8, 0x9A, 0x9B, 0xAA,
  0xA9, 0x99, 0x92, 0x45, 0xB7, 0x60, 0x22, 0x26,
  0x01, 0x43, 0x21, 0x52, 0x33, 0x21, 0x12, 0x08,
  0x09, 0xCE, 0xAE, 0xAA, 0xCC, 0xBC, 0xDA, 0xBB,
  0xCB, 0xCB, 0xAC, 0xBB, 0xCB, 0xAA, 0xAB, 0xAA,
  0x88, 0x81, 0x44, 0x54, 0x25, 0x34, 0x33, 0x43,
  0x43, 0x34, 0x23, 0x22, 0x32, 0x12, 0x11, 0x80,
  0x19, 0x8A, 0xBD, 0xBA, 0xDA, 0x9B, 0xBC, 0xAC,
  0xAA, 0xC8, 0x99, 0x99, 0x9A, 0xB8, 0xB0, 0x1A,
  0x0B, 0xBC, 0xB3, 0xF1, 0x18, 0x98, 0x8A, 0xBA,
  0x3F, 0x12, 0x91, 0xAD, 0xA9, 0xB0, 0xF8, 0x2E,
  0x90, 0x99, 0xA8, 0xD1, 0x00, 0x89, 0x80, 0x12,
  0x68, 0x36, 0x23, 0x33, 0x32, 0x55, 0x32, 0x33,
  0x32, 0x42, 0x22, 0x91, 0x2A, 0xDB, 0xEC, 0xCB,
  0xDB, 0xAD, 0xBC, 0xBC, 0xBC, 0xBC, 0xAA, 0xCA,
  0xBB, 0xBB, 0xBA, 0xBA, 0x99, 0x31, 0x26, 0x36,
  0x35, 0x34, 0x34, 0x43, 0x23, 0x42, 0x33, 0x33,
  0x23, 0x21, 0x21, 0x00, 0x0A, 0x0A, 0xDA, 0xBB,
  0xBC, 0xBB, 0xDA, 0xB9, 0xBC, 0xAB, 0x9A, 0xAC,
  0x1A, 0xB9, 0xAA, 0xA9, 0x9A, 0xAB, 0xE2, 0x0F,
  0xA8, 0x81, 0x00, 0xA3, 0x3B, 0x2F, 0x00, 0xB1,
  0xA8, 0x1F, 0x01, 0xC8, 0xBA, 0xAA, 0xBA, 0x8D,
  0xB9, 0x80, 0xD2, 0x50, 0x22, 0x23, 0x72, 0x15,
  0x33, 0x43, 0x35, 0x23, 0x14, 0x33, 0x19, 0x18,
  0x8B, 0xAC, 0xCE, 0xBC, 0xBD, 0xCB, 0xCB, 0xBD,
  0xBB, 0xDA, 0xBC, 0xAB, 0xBB, 0xCA, 0xAB, 0x9A,
  0x98, 0x02, 0x25, 0x44, 0x43, 0x44, 0x34, 0x34,
  0x33, 0x33, 0x42, 0x32, 0x33, 0x22, 0x11, 0x00,
  0x8A, 0x09, 0xC9, 0x9D, 0x99, 0xCB, 0xBB, 0xAB,
  0xBC, 0xAB, 0x9C, 0xB9, 0xBA, 0x92, 0x8D, 0xAA,
  0x99, 0x9A, 0x9A, 0x8B, 0xFA, 0x90, 0x81, 0xE0,
  0x20, 0x9B, 0xBB, 0x0F, 0x3B, 0x99, 0x1A, 0xFA,
  0xDA, 0x89, 0x89, 0x98, 0x99, 0x1B, 0x37, 0x11,
  0x23, 0x24, 0x25, 0x61, 0x43, 0x25, 0x11, 0x21,
  0x23, 0x33, 0x12, 0x10, 0x8D, 0x89, 0xEB, 0xDC,
  0xBC, 0xCC, 0xBB, 0xCC, 0xAB, 0xCC, 0xBA, 0xCB,
  0xAB, 0xAB, 0xC9, 0xA9, 0x98, 0x91, 0x33, 0x73,
  0x53, 0x34, 0x44, 0x23, 0x34, 0x41, 0x32, 0x22,
  0x32, 0x21, 0x22, 0x88, 0x18, 0x98, 0xBB, 0xAE,
  0x9D, 0x89, 0xAA, 0xBC, 0x89, 0xB9, 0xC9, 0x80,
  0xC0, 0x8C, 0x88, 0xBA, 0x18, 0x09, 0x0B, 0x20,
  0xBA, 0xA9, 0xB0, 0xD2, 0xCC, 0xBA, 0x9D, 0x92,
  0xBB, 0xCD, 0xBA, 0xBC, 0xAD, 0x98, 0x89, 0xA8,
  0x90, 0xA2, 0x61, 0x32, 0x36, 0x33, 0x53, 0x44,
  0x42, 0x42, 0x34, 0x23, 0x24, 0x22, 0x22, 0x03,
  0x8D, 0x8C, 0xBC, 0xBE, 0xBD, 0xBC, 0xBD, 0xBB,
  0xDA, 0xBC, 0xBB, 0xCA, 0xCA, 0xAA, 0xAB, 0x8B,
  0xA0, 0x89, 0x44, 0x35, 0x35, 0x33, 0x44, 0x34,
  0x33, 0x34, 0x24, 0x21, 0x22, 0x12, 0x11, 0x01,
  0x81, 0x8B, 0x9A, 0xAB, 0xBB, 0xE8, 0xCC, 0x99,
  0xAA, 0x9A, 0xA9, 0xB1, 0xDB, 0x0A, 0x89, 0x8A,
  0x99, 0x99, 0x8A, 0x0C, 0x05, 0x09, 0x09, 0xAC,
  0xAB, 0x8E, 0xBC, 0xAC, 0xBC, 0xBB, 0xCB, 0xCA,
  0xCB, 0xAA, 0x81, 0xE2, 0x29, 0x00, 0x1A, 0x34,
  0x70, 0x53, 0x22, 0x25, 0x12, 0x35, 0x32, 0x23,
  0x34, 0x21, 0x21, 0x2A, 0x11, 0xCE, 0x9C, 0xDC,
  0xCA, 0xBB, 0xDB, 0xCB, 0xDA, 0xBC, 0xBB, 0xCA,
  0xBB, 0xBB, 0xBB, 0xA9, 0xA8, 0x12, 0x44, 0x44,
  0x44, 0x34, 0x43, 0x33, 0x52, 0x33, 0x33, 0x33,
  0x34, 0x22, 0x11, 0x11, 0x08, 0x88, 0xAC, 0xAB,
  0x9D, 0x99, 0xC9, 0xCA, 0xAA, 0x8C, 0x80, 0xA8,
  0xBB, 0x99, 0xA0, 0x2C, 0x9B, 0x0E, 0xA8, 0xC1,
  0x2A, 0x88, 0xBB, 0x91, 0xB5, 0x2B, 0xBF, 0x0D,
  0xAB, 0x9D, 0x08, 0xBB, 0xC8, 0xAA, 0xC0, 0x92,
  0x48, 0x01, 0x08, 0x34, 0x78, 0x52, 0x12, 0x13,
  0x32, 0x44, 0x26, 0x33, 0x13, 0x21, 0x32, 0x49,
  0x32, 0xAD, 0xDA, 0xCB, 0xEA, 0xBD, 0xCB, 0xBB,
  0xDC, 0xAB, 0xBB, 0xBC, 0xBB, 0xBC, 0xA9, 0xAB,
  0x81, 0x82, 0x13, 0x55, 0x35, 0x43, 0x34, 0x34,
  0x34, 0x24, 0x13, 0x32, 0x21, 0x22, 0x21, 0x21,
  0x82, 0x9A, 0x8C, 0x98, 0xA9, 0xAB, 0xDA, 0xBB,
  0xBB, 0xDB, 0x9A, 0xAB, 0xCB, 0xAC, 0xA9, 0xB8,
  0x80, 0x9B, 0x0A, 0xAB, 0x52, 0x19, 0xBC, 0xBA,
  0xAC, 0xFB, 0x00, 0xAD, 0xCA, 0xAB, 0xBC, 0xB0,
  0x9B, 0xAB, 0xBC, 0xB9, 0x19, 0x99, 0x27, 0x51,
  0x13, 0x34, 0x51, 0x64, 0x22, 0x33, 0x43, 0x34,
  0x43, 0x22, 0x22, 0x81, 0x99, 0xBC, 0xFA, 0xBD,
  0xDA, 0xBE, 0xAD, 0xAA, 0xAC, 0xAB, 0xCA, 0xBB,
  0xBC, 0xAA, 0xB9, 0xBB, 0x98, 0x01, 0x34, 0x45,
  0x34, 0x44, 0x33, 0x44, 0x24, 0x23, 0x23, 0x33,
  0x33, 0x33, 0x32, 0x23, 0x98, 0x08, 0x9B, 0xAD,
  0xAC, 0xBC, 0xAB, 0xCA, 0xAB, 0xC0, 0xBC, 0x9A,
  0x8A, 0x98, 0xA8, 0xB4, 0x9B, 0x89, 0x20, 0x30,
  0x00, 0x59, 0xBA, 0x3F, 0x13, 0xD9, 0xCC, 0xBA,
  0x99, 0xF8, 0x0A, 0x8C, 0xB8, 0x90, 0xA1, 0x39,
  0x89, 0x1D, 0x00, 0x5A, 0x45, 0x02, 0x11, 0x31,
  0x75, 0x21, 0x23, 0x42, 0x43, 0x12, 0x13, 0x88,
  0x08, 0xB9, 0xAF, 0xFB, 0xBB, 0xCD, 0xBB, 0xCB,
  0xCB, 0xBD, 0xBA, 0xBB, 0xBC, 0xAB, 0xBB, 0x9B,
  0xAB, 0x83, 0x15, 0x36, 0x34, 0x52, 0x42, 0x35,
  0x23, 0x42, 0x22, 0x33, 0x22, 0x33, 0x11, 0x21,
  0x01, 0x91, 0x0D, 0x8B, 0xC9, 0xB8, 0x9B, 0xEB,
  0x8A, 0x8A, 0xAD, 0x90, 0x8B, 0x92, 0xC9, 0x91,
  0xA1, 0x3A, 0x0E, 0xA0, 0x09, 0x21, 0xD9, 0xC0,
  0xDA, 0x99, 0x0B, 0x08, 0xCC, 0x9B, 0xE8, 0x80,
  0x89, 0x02, 0xBA, 0x9C, 0xBA, 0x01, 0x4D, 0x70,
  0x95, 0x00, 0x10, 0x26, 0x23, 0x23, 0x35, 0x23,
  0x24, 0x03, 0x48, 0x29, 0xA9, 0xAC, 0xBE, 0xBE,
  0x9C, 0xCB, 0xBB, 0xCC, 0xBB, 0xCA, 0xCB, 0xBA,
  0xCB, 0xAB, 0x8B, 0xBA, 0xA0, 0x98, 0x42, 0x45,
  0x43, 0x43, 0x53, 0x34, 0x42, 0x33, 0x34, 0x23,
  0x23, 0x22, 0x22, 0x20, 0x00, 0x80, 0xA9, 0x9A,
  0xBC, 0xBD, 0xBA, 0xBB, 0xCA, 0xB9, 0x8E, 0x98,
  0xB9, 0xA9, 0x89, 0x89, 0x1C, 0x7C, 0x92, 0x91,
  0x8A, 0x11, 0xD0, 0xCA, 0xA9, 0x00, 0x8A, 0xEB,
  0x09, 0xBA, 0xAC, 0x89, 0x8E, 0x99, 0xA9, 0x9A,
  0x91, 0x3A, 0x92, 0xA5, 0x45, 0x07, 0x51, 0x21,
  0x68, 0x23, 0x23, 0x44, 0x13, 0x10, 0x19, 0x11,
  0x99, 0xBD, 0xBD, 0xDB, 0xCB, 0xCB, 0xCB, 0xCB,
  0xDA, 0xBB, 0xBB, 0xBD, 0xAA, 0xAA, 0xBB, 0xA0,
  0x81, 0x03, 0x36, 0x35, 0x43, 0x35, 0x33, 0x35,
  0x23, 0x23, 0x42, 0x32, 0x22, 0x22, 0x11, 0x11,
  0x18, 0x89, 0x98, 0xBC, 0xAB, 0xBB, 0xCB, 0xBB,
  0xE9, 0x99, 0x9A, 0x9B, 0x0B, 0x9B, 0x90, 0x79,
  0x9A, 0xCA, 0x02, 0xBB, 0x43, 0xC9, 0x82, 0xC3,
  0xAF, 0xBA, 0x50, 0x28, 0xB0, 0xD9, 0x98, 0x93,
  0xB5, 0x9A, 0x2F, 0xAB, 0xB0, 0xBC, 0xEE, 0xA8,
  0x92, 0x80, 0x28, 0xB9, 0x10, 0x0F, 0xDA, 0xBB,
  0xBF, 0x9D, 0x99, 0xAD, 0xBD, 0xA9, 0x8D, 0xA7,
  0x77, 0x70, 0x88, 0x00, 0x89, 0x99, 0x99, 0x89,
  0x89, 0x88, 0x80, 0x88, 0x09, 0x16, 0x21, 0x80,
  0x80, 0x88, 0x00, 0x08, 0x8B, 0xA8, 0xAA, 0x8B,
  0xC1, 0x0A, 0xC9, 0x10, 0xA9, 0x14, 0x0A, 0xA0,
  0x41, 0xBB, 0x12, 0x8D, 0x83, 0x8C, 0xA5, 0x19,
  0xA2, 0x5C, 0x18, 0x97, 0x98, 0x5A, 0x96, 0x0B,
  0x34, 0xBA, 0x62, 0xCB, 0x53, 0x9C, 0x83, 0x40,
  0x9E, 0xA2, 0x63, 0x19, 0xCD, 0xAB, 0x9A, 0xBA,
  0x99, 0x80, 0x81, 0x46, 0x33, 0x18, 0x98, 0x12,
  0x53, 0x53, 0x34, 0x23, 0x32, 0x00, 0xA9, 0xCB,
  0xCA, 0xBA, 0xCA, 0xA9, 0x8A, 0xA9, 0xA0, 0x01,
  0x08, 0xAB, 0xB8, 0x46, 0x32, 0x8A, 0xBC, 0xDA,
  0xAA, 0x9B, 0xCA, 0xA8, 0x08, 0x08, 0xA0, 0x35,
  0x46, 0x32, 0x11, 0x9A, 0x99, 0x80, 0x64, 0x12,
  0x43, 0x21, 0x44, 0x20, 0x11, 0x10, 0xBD, 0x90,
  0x19, 0xCA, 0x92, 0x31, 0xDD, 0x92, 0x43, 0x0B,
  0xEB, 0x02, 0x43, 0x22, 0x42, 0x0B, 0xFF, 0xDA,
  0xBB, 0xBB, 0xBB, 0x98, 0x01, 0x33, 0x33, 0x33,
  0x44, 0x43, 0x63, 0x53, 0x43, 0x42, 0x32, 0x20,
  0x08, 0x9A, 0xAB, 0xCC, 0xAB, 0xBB, 0xBB, 0xBA,
  0xBA, 0x99, 0xA9, 0x90, 0x00, 0x89, 0xA9, 0x09,
  0x00, 0x23, 0x25, 0x0A, 0x8A, 0xA0, 0x37, 0x89,
  0xA8, 0x13, 0x44, 0x22, 0x0B, 0x83, 0x53, 0x8B,
  0x9F, 0xAE, 0xB9, 0x02, 0x28, 0x91, 0x97, 0x31,
  0xAF, 0xAA, 0x99, 0xBD, 0xBC, 0x98, 0x80, 0x00,
  0x11, 0x10, 0x16, 0x46, 0x43, 0x33, 0x22, 0x8B,
  0xEE, 0xDB, 0xDB, 0xBB, 0xAB, 0xA8, 0x90, 0x01,
  0x12, 0x23, 0x54, 0x43, 0x54, 0x43, 0x44, 0x33,
  0x33, 0x22, 0x20, 0x08, 0xAA, 0xBD, 0xBC, 0xBB,
  0xCA, 0xBA, 0xBB, 0xAB, 0xAA, 0xA9, 0x98, 0x00,
  0x88, 0x01, 0x18, 0x21, 0x00, 0x88, 0x88, 0x09,
  0xAA, 0xA9, 0xB4, 0x86, 0x21, 0x60, 0x00, 0x10,
  0x80, 0xEB, 0xAC, 0xBC, 0x9C, 0xBB, 0x9D, 0xBC,
  0xA9, 0x82, 0x21, 0x01, 0x06, 0x53, 0x54, 0x34,
  0x33, 0x31, 0x31, 0x22, 0x44, 0x54, 0x43, 0x33,
  0x30, 0x9D, 0xDE, 0xCC, 0xCB, 0xCB, 0xBB, 0xBA,
  0xBA, 0xAA, 0x99, 0x80, 0x02, 0x37, 0x35, 0x44,
  0x43, 0x43, 0x42, 0x32, 0x22, 0x20, 0x08, 0x99,
  0xBB, 0xCB, 0xCB, 0xBA, 0xAB, 0xA9, 0x98, 0x81,
  0x12, 0x24, 0x32, 0x32, 0x21, 0x00, 0x89, 0x9B,
  0xDB, 0xDC, 0xBC, 0xBC, 0xAA, 0x9A, 0x98, 0xC8,
  0xA9, 0xB9, 0xBA, 0xAC, 0xAA, 0xAB, 0x9D, 0xBB,
  0xBD, 0xD9, 0xAA, 0x99, 0x18, 0x18, 0x36, 0x27,
  0x35, 0x34, 0x33, 0x23, 0x22, 0x22, 0x43, 0x35,
  0x44, 0x23, 0x30, 0x8C, 0xED, 0xCD, 0xCB, 0xCB,
  0xCB, 0xBB, 0xBC, 0xAA, 0xAA, 0xA9, 0x80, 0x23,
  0x64, 0x44, 0x44, 0x34, 0x33, 0x34, 0x23, 0x12,
  0x11, 0x00, 0x99, 0xAB, 0xCC, 0xAB, 0xCA, 0xBA,
  0xBA, 0xAA, 0xAB, 0x99, 0x99, 0xA9, 0xAA, 0xAB,
  0xCB, 0xBE, 0xBB, 0xCB, 0xCA, 0xAB, 0xAA, 0x99,
  0xA0, 0x98, 0x01, 0x20, 0x42, 0x52, 0x52, 0x35,
  0x35, 0x24, 0x34, 0x33, 0x43, 0x33, 0x33, 0x42,
  0x23, 0x23, 0x21, 0x32, 0x31, 0x32, 0x88, 0xBC,
  0x80, 0x87, 0x53, 0x32, 0x48, 0x8E, 0xDC, 0xEB,
  0xDC, 0xBC, 0xCA, 0xBC, 0xBA, 0xCA, 0xAA, 0xAA,
  0x98, 0x80, 0x24, 0x54, 0x43, 0x53, 0x44, 0x23,
  0x33, 0x33, 0x32, 0x11, 0x08, 0x8A, 0xBB, 0xDB,
  0xCB, 0xCA, 0xBB, 0xAB, 0xBB, 0xAA, 0xB9, 0xAA,
  0x9A, 0x98, 0x98, 0xA1, 0x8A, 0x2A, 0x00, 0x92,
  0x94, 0x16, 0x04, 0x32, 0x23, 0x20, 0x33, 0x08,
  0x29, 0x9F, 0x9B, 0xCD, 0x9A, 0x92, 0xF8, 0xA8,
  0xAA, 0x9B, 0xD8, 0xAA, 0xAC, 0x9C, 0xBD, 0x8B,
  0x9A, 0xB1, 0x81, 0x43, 0x74, 0x24, 0x13, 0x00,
  0xAC, 0xBF, 0xDC, 0xBC, 0xCB, 0xCB, 0xBC, 0xBB,
  0xBB, 0xCA, 0xAA, 0x98, 0x03, 0x46, 0x45, 0x34,
  0x43, 0x43, 0x42, 0x33, 0x23, 0x21, 0x10, 0x09,
  0x9A, 0xBC, 0xBC, 0xCB, 0xBB, 0xBC, 0xBA, 0xBB,
  0xAA, 0xB9, 0xAA, 0x99, 0x98, 0x98, 0x1B, 0x28,
  0x90, 0x00, 0x01, 0x13, 0x87, 0x21, 0x12, 0x20,
  0x30, 0xB1, 0xD9, 0xCA, 0xBD, 0xBD, 0xDA, 0xCA,
  0xAB, 0xAB, 0xB9, 0xC0, 0xA0, 0x31, 0x62, 0x62,
  0x23, 0x51, 0x33, 0x43, 0x43, 0x43, 0x53, 0x35,
  0x23, 0x13, 0x80, 0xBD, 0xCD, 0xCC, 0xCB, 0xDB,
  0xBC, 0xBB, 0xCB, 0xBC, 0xAB, 0xAB, 0x99, 0x80,
  0x24, 0x45, 0x44, 0x34, 0x43, 0x33, 0x33, 0x42,
  0x21, 0x11, 0x80, 0x99, 0xAA, 0xCA, 0xBB, 0xBB,
  0xBB, 0xAA, 0xB9, 0x88, 0x01, 0x11, 0x24, 0x13,
  0x11, 0x29, 0x2B, 0x99, 0xEA, 0xCB, 0xCA, 0xD9,
  0x9D, 0x9A, 0x9B, 0xAC, 0xAB, 0xCB, 0xBC, 0xAB,
  0xD9, 0xB9, 0xBB, 0x9A, 0x0C, 0x0B, 0x2A, 0x08,
  0x13, 0x52, 0x70, 0x42, 0x15, 0x24, 0x25, 0x24,
  0x34, 0x33, 0x33, 0x40, 0x28, 0x8B, 0xEC, 0xDC,
  0xCB, 0xCC, 0xBC, 0xCA, 0xCA, 0xBB, 0xAC, 0xAA,
  0xA9, 0x89, 0x11, 0x44, 0x53, 0x53, 0x44, 0x33,
  0x42, 0x33, 0x32, 0x32, 0x11, 0x08, 0x8A, 0x9C,
  0xAC, 0xBA, 0xBD, 0xAA, 0xBB, 0xBA, 0xCA, 0xAB,
  0xAB, 0xAB, 0xAB, 0xBC, 0xAB, 0xAB, 0xAA, 0xD9,
  0xAB, 0x9B, 0xCB, 0xAB, 0xAC, 0xB8, 0xBB, 0x98,
  0x80, 0x43, 0x74, 0x16, 0x33, 0x35, 0x33, 0x52,
  0x42, 0x23, 0x33, 0x32, 0x41, 0x30, 0x12, 0x11,
  0x21, 0x42, 0x25, 0x04, 0x13, 0x83, 0x1B, 0xAE,
  0xDC, 0xDC, 0xCB, 0xDB, 0xCC, 0xBB, 0xCB, 0xCB,
  0xBB, 0xBB, 0xCA, 0xA9, 0x98, 0x13, 0x45, 0x45,
  0x34, 0x43, 0x34, 0x33, 0x33, 0x33, 0x32, 0x12,
  0x08, 0x8A, 0xAC, 0xBC, 0xBD, 0xAB, 0xBC, 0xBA,
  0xBB, 0xBB, 0xBA, 0xAB, 0x9A, 0x99, 0x88, 0x89,
  0x29, 0x22, 0x30, 0x70, 0x13, 0x02, 0x01, 0x21,
  0x29, 0x23, 0xB3, 0xFA, 0x49, 0x89, 0x89, 0xAA,
  0xAC, 0xBC, 0xA8, 0xEB, 0x9B, 0xBC, 0xAB, 0xEA,
  0xBD, 0xA9, 0xB9, 0xA8, 0x12, 0x26, 0x34, 0x24,
  0x20, 0x1A, 0xBF, 0xCE, 0xBC, 0xCC, 0xBD, 0xBB,
  0xCB, 0xCB, 0xBB, 0xBD, 0xAA, 0xAA, 0x98, 0x01,
  0x36, 0x53, 0x54, 0x34, 0x43, 0x34, 0x23, 0x33,
  0x32, 0x31, 0x11, 0x88, 0x9A, 0xAD, 0xAC, 0xBB,
  0xCB, 0xCA, 0xBB, 0xAC, 0xAA, 0x9A, 0xAA, 0x9A,
  0x98, 0x98, 0x91, 0x90, 0x01, 0x08, 0x21, 0x20,
  0x22, 0x68, 0x95, 0x90, 0x90, 0xAA, 0xC8, 0xDA,
  0x9B, 0xBE, 0xA9, 0xD9, 0x9B, 0x0C, 0x89, 0x88,
  0x02, 0x86, 0x23, 0x54, 0x34, 0x43, 0x36, 0x32,
  0x35, 0x13, 0x22, 0x20, 0x1A, 0x0C, 0xAE, 0xEA,
  0xCC, 0xBC, 0xCA, 0xCB, 0xBC, 0xBC, 0xBA, 0xBC,
  0xAA, 0xA9, 0x98, 0x11, 0x45, 0x35, 0x43, 0x43,
  0x43, 0x33, 0x34, 0x22, 0x21, 0x11, 0x08, 0x89,
  0x9A, 0xAA, 0xCA, 0xCA, 0x9B, 0x9B, 0x99, 0x98,
  0x80, 0x00, 0x28, 0x31, 0x22, 0x00, 0x81, 0xCB,
  0xCC, 0xE8, 0xBD, 0xA9, 0xBB, 0xCA, 0xAC, 0x0D,
  0x90, 0xD0, 0xA9, 0x99, 0xAB, 0xAB, 0xAB, 0xBB,
  0xAD, 0x99, 0xB1, 0xA5, 0x10, 0x72, 0x35, 0x34,
  0x43, 0x44, 0x24, 0x22, 0x33, 0x22, 0x28, 0x0A,
  0xCD, 0xCD, 0xBC, 0xDB, 0xCB, 0xDB, 0xBC, 0xBB,
  0xCB, 0xBC, 0xAB, 0xAA, 0xA9, 0x00, 0x24, 0x54,
  0x43, 0x53, 0x43, 0x43, 0x33, 0x34, 0x22, 0x21,
  0x11, 0x00, 0x89, 0x9A, 0xBB, 0xCC, 0xBB, 0xCA,
  0xBB, 0xBB, 0xCA, 0xBA, 0xBB, 0xBC, 0xAB, 0xBB,
  0xBD, 0xAB, 0xAD, 0xB9, 0xBB, 0xAB, 0xCA, 0xAA,
  0xA9, 0xB9, 0x8B, 0x49, 0x31, 0x44, 0x44, 0x35,
  0x34, 0x24, 0x42, 0x33, 0x42, 0x42, 0x32, 0x34,
  0x33, 0x25, 0x13, 0x41, 0x32, 0x33, 0x24, 0x11,
  0x29, 0x99, 0xFB, 0xDB, 0xEB, 0xCB, 0xDB, 0xBD,
  0xBB, 0xCB, 0xCB, 0xCA, 0xBB, 0xBB, 0xBA, 0xA9,
  0x81, 0x35, 0x54, 0x36, 0x33, 0x53, 0x33, 0x42,
  0x33, 0x23, 0x21, 0x20, 0x00, 0x99, 0xAB, 0xBD,
  0xBC, 0xBB, 0xCB, 0xBB, 0xBA, 0xCA, 0xAA, 0xA9,
  0x9A, 0x99, 0x99, 0x99, 0x88, 0x90, 0x80, 0x08,
  0x21, 0x19, 0x75, 0xA8, 0x11, 0x80, 0x19, 0x00,
  0x0D, 0x1C, 0x8B, 0xDB, 0x9C, 0xCA, 0xBA, 0xD0,
  0xE0, 0x99, 0x08, 0x90, 0x28, 0x23, 0x40, 0x71,
  0x04, 0x01, 0x01, 0x81, 0xD9, 0xAE, 0xBE, 0xAD,
  0xBC, 0xBD, 0xBB, 0xDB, 0xBB, 0xDA, 0xBC, 0xAB,
  0xAA, 0xA9, 0x91, 0x13, 0x55, 0x44, 0x52, 0x43,
  0x34, 0x33, 0x43, 0x22, 0x32, 0x12, 0x01, 0x88,
  0x9A, 0xAC, 0xBC, 0xBB, 0xDA, 0xBB, 0xBB, 0xBB,
  0xBB, 0xBB, 0xAA, 0xB9, 0xAA, 0xB9, 0x9C, 0x0A,
  0x99, 0x99, 0x80, 0x18, 0x00, 0x39, 0x30, 0xC6,
  0xE8, 0xBA, 0xCC, 0xAC, 0xBC, 0xAB, 0xE0, 0xC9,
  0x89, 0x98, 0x80, 0x11, 0x35, 0x34, 0x72, 0x23,
  0x43, 0x42, 0x43, 0x23, 0x24, 0x31, 0x22, 0x08,
  0x9B, 0xDD, 0xBF, 0xAC, 0xCB, 0xBE, 0xAC, 0xAB,
  0xCB, 0xBB, 0xCB, 0xBA, 0xBA, 0xA9, 0x81, 0x14,
  0x54, 0x43, 0x53, 0x43, 0x34, 0x23, 0x33, 0x22,
  0x22, 0x10, 0x00, 0x8A, 0x9A, 0xAB, 0xBC, 0x9B,
  0xAA, 0x9A, 0x90, 0x98, 0x28, 0x22, 0x20, 0x34,
  0x84, 0x1B, 0x40, 0xC1, 0x9A, 0xC1, 0xE9, 0xBB,
  0xCC, 0xBB, 0xDA, 0xCB, 0xBD, 0xAB, 0xBB, 0xCB,
  0xBB, 0xBD, 0x99, 0xB0, 0xB8, 0x18, 0x20, 0x54,
  0x35, 0x16, 0x22, 0x35, 0x33, 0x42, 0x34, 0x22,
  0x30, 0x21, 0x88, 0xBC, 0xEC, 0xBD, 0xCC, 0xBC,
  0xCB, 0xCB, 0xCB, 0xBC, 0xBB, 0xCA, 0xBA, 0xAA,
  0x88, 0x02, 0x44, 0x45, 0x35, 0x33, 0x44, 0x32,
  0x33, 0x33, 0x32, 0x22, 0x20, 0x18, 0x88, 0xB9,
  0xCA, 0xCA, 0xCB, 0xAB, 0xCB, 0xAC, 0xAB, 0xAC,
  0xAB, 0xAB, 0xBD, 0x9B, 0xAB, 0xBA, 0xBA, 0xE8,
  0xAA, 0x9B, 0x9A, 0xAA, 0xAA, 0xB0, 0xA0, 0x90,
  0x41, 0x32, 0x72, 0x51, 0x35, 0x14, 0x24, 0x23,
  0x34, 0x34, 0x33, 0x35, 0x32, 0x42, 0x42, 0x33,
  0x42, 0x33, 0x32, 0x33, 0x80, 0xAD, 0xCE, 0xBD,
  0xCB, 0xDB, 0xDB, 0xBC, 0xCB, 0xBC, 0xBB, 0xBC,
  0xBA, 0xBA, 0xAA, 0x90, 0x13, 0x55, 0x35, 0x43,
  0x43, 0x43, 0x42, 0x33, 0x23, 0x23, 0x12, 0x10,
  0x00, 0x99, 0xAA, 0xCB, 0xBD, 0xBB, 0xBC, 0xAB,
  0xBB, 0xBB, 0xBB, 0xBC, 0xAA, 0xAC, 0x89, 0xA9,
  0xAE, 0x81, 0xA0, 0x02, 0x00, 0x10, 0x09, 0xE8,
  0x9A, 0xAB, 0xCF, 0xBA, 0xBB, 0xD9, 0xD9, 0xAC,
  0xA9, 0x9B, 0xCA, 0xCC, 0x99, 0x2A, 0x8F, 0x77,
  0x77, 0x08, 0x08, 0x08, 0x00, 0x00, 0x99, 0x99,
  0x99, 0x9A, 0x9A, 0xA9, 0xAB, 0xBC, 0xBB, 0xCB,
  0xCB, 0xBC, 0xAB, 0xCA, 0x9A, 0xA8, 0x90, 0x22,
  0x53, 0x55, 0x25, 0x23, 0x34, 0x33, 0x34, 0x22,
  0x22, 0x22, 0x00, 0x88, 0x88, 0xAB, 0xBC, 0xAB,
  0xBE, 0xBA, 0xBA, 0xAA, 0xCB, 0xBA, 0x8B, 0x9C,
  0x80, 0x89, 0x9A, 0x83, 0x19, 0x9B, 0x83, 0x2F,
  0x91, 0xD8, 0x13, 0xDA, 0x59, 0xBA, 0x61, 0xBB,
  0x07, 0x0C, 0x98, 0x43, 0xDB, 0x83, 0x51, 0xAB,
  0xA2, 0x72, 0x20, 0x9B, 0xB0, 0x76, 0x32, 0x08,
  0xBB, 0xDB, 0xBA, 0xBB, 0xCC, 0xAA, 0xAA, 0xAA,
  0xBC, 0xA0, 0x02, 0x10, 0xAE, 0xCC, 0xAA, 0x90,
  0x14, 0x35, 0x43, 0x53, 0x35, 0x33, 0x33, 0x42,
  0x21, 0x21, 0x10, 0x00, 0x89, 0x99, 0xAA, 0xBC,
  0xCB, 0xBC, 0xBB, 0xBC, 0xAB, 0xBC, 0xAA, 0xBA,
  0xAA, 0xA8, 0x98, 0x90, 0x99, 0x08, 0x00, 0x02,
  0x95, 0x91, 0x9F, 0x0B, 0x88, 0x09, 0x99, 0xBB,
  0xFA, 0xA9, 0xBB, 0xD8, 0xA1, 0xC9, 0x19, 0xAF,
  0x89, 0x09, 0xA2, 0x73, 0x22, 0x37, 0x33, 0x23,
  0x37, 0x41, 0x11, 0x22, 0x11, 0x0A, 0xBD, 0xBA,
  0xCC, 0xDD, 0xBC, 0xAC, 0xAB, 0xCC, 0xBC, 0xBA,
  0xAA, 0xAA, 0xCB, 0xAB, 0x00, 0x37, 0x34, 0x35,
  0x34, 0x42, 0x32, 0x21, 0x10, 0x08, 0x99, 0x9B,
  0xBB, 0xBC, 0xAA, 0x89, 0x90, 0x80, 0xAA, 0xB9,
  0x9A, 0x04, 0x54, 0x64, 0x44, 0x43, 0x43, 0x33,
  0x42, 0x32, 0x10, 0x08, 0x9A, 0xBC, 0xBD, 0xAC,
  0xAC, 0xAA, 0xBA, 0xBB, 0xAB, 0xC9, 0xB9, 0xB9,
  0xBA, 0xA9, 0x99, 0x08, 0x28, 0x29, 0x52, 0x44,
  0x47, 0x13, 0x34, 0x23, 0x42, 0x32, 0x21, 0x28,
  0x89, 0xBE, 0xCD, 0xBD, 0xBC, 0xCA, 0xCB, 0xCB,
  0xBC, 0xBC, 0xBA, 0xBC, 0xAB, 0x9A, 0x99, 0x81,
  0x23, 0x64, 0x44, 0x34, 0x34, 0x34, 0x24, 0x22,
  0x22, 0x22, 0x12, 0x11, 0x00, 0x88, 0xA9, 0xB9,
  0xBC, 0x9C, 0xAC, 0xAA, 0xBB, 0xBB, 0xBA, 0xA4,
  0xA1, 0x22, 0x12, 0x1B, 0x0E, 0xCE, 0xCC, 0xDB,
  0xCB, 0xCB, 0xBB, 0xCA, 0xAB, 0x9A, 0x9A, 0x0A,
  0x89, 0x01, 0x82, 0x35, 0x36, 0x35, 0x43, 0x53,
  0x44, 0x33, 0x43, 0x34, 0x32, 0x23, 0x22, 0x11,
  0x01, 0x99, 0xAB, 0xDC, 0xBD, 0xBC, 0xBD, 0xAC,
  0xBB, 0xCB, 0xBC, 0xBB, 0xCB, 0xBB, 0xBB, 0xBB,
  0xBA, 0x99, 0x02, 0x36, 0x45, 0x34, 0x43, 0x43,
  0x43, 0x24, 0x22, 0x32, 0x22, 0x12, 0x10, 0x08,
  0x89, 0xAA, 0xBB, 0xDB, 0xBB, 0xCB, 0xAB, 0xD9,
  0xAA, 0xAA, 0xAA, 0xAA, 0xAB, 0xBA, 0xBC, 0xCA,
  0x8E, 0x98, 0x88, 0x00, 0x91, 0x12, 0xE3, 0x81,
  0x28, 0x40, 0x02, 0x0A, 0x0C, 0xAA, 0xAF, 0x88,
  0x92, 0x92, 0x75, 0x35, 0x24, 0x33, 0x42, 0x32,
  0x20, 0x08, 0xCC, 0xBE, 0xCC, 0xAC, 0xBC, 0xBB,
  0xDB, 0xBB, 0xCB, 0xDA, 0xBB, 0xCB, 0xBB, 0xBB,
  0xBA, 0xA9, 0x81, 0x36, 0x44, 0x44, 0x35, 0x33,
  0x44, 0x23, 0x42, 0x32, 0x32, 0x32, 0x21, 0x11,
  0x08, 0x8A, 0xB9, 0xDA, 0xBC, 0xBC, 0xAB, 0xBB,
  0xCA, 0xBA, 0xBA, 0xB9, 0xBA, 0x9A, 0xB9, 0xAB,
  0x9A, 0xA9, 0xAB, 0x9F, 0x0A, 0xA9, 0xAB, 0xD0,
  0x9C, 0x09, 0x98, 0xC9, 0x8F, 0x8B, 0xBB, 0xCB,
  0xBB, 0xCA, 0xBA, 0x89, 0x94, 0x23, 0x72, 0x44,
  0x35, 0x24, 0x23, 0x52, 0x31, 0x42, 0x22, 0x12,
  0x80, 0x9B, 0xBE, 0xCC, 0xBE, 0xBC, 0xCB, 0xCC,
  0xBB, 0xCB, 0xCB, 0xBC, 0xAA, 0xBA, 0x99, 0x80,
  0x04, 0x34, 0x45, 0x24, 0x33, 0x43, 0x32, 0x41,
  0x31, 0x21, 0x00, 0x88, 0x9A, 0xAC, 0xBC, 0xCA,
  0xBA, 0xBA, 0xA9, 0x08, 0x34, 0x53, 0x55, 0x33,
  0x44, 0x24, 0x22, 0x32, 0x32, 0x22, 0x11, 0x18,
  0x99, 0xAB, 0xDC, 0xBC, 0xCA, 0xCA, 0xBB, 0xCB,
  0xBB, 0xBB, 0xBC, 0xBA, 0xBA, 0x99, 0x8A, 0x00,
  0x21, 0x52, 0x53, 0x44, 0x34, 0x33, 0x53, 0x23,
  0x33, 0x33, 0x31, 0x29, 0x9B, 0xFC, 0xDA, 0xDB,
  0xDB, 0xCC, 0xAC, 0xBB, 0xCB, 0xCA, 0xBB, 0xCA,
  0xAB, 0x99, 0x90, 0x82, 0x36, 0x35, 0x35, 0x33,
  0x52, 0x42, 0x32, 0x32, 0x33, 0x22, 0x22, 0x11,
  0x01, 0x98, 0x99, 0xAB, 0xBC, 0xBE, 0x99, 0xAA,
  0x99, 0x99, 0x0A, 0x91, 0xBA, 0xBE, 0xBB, 0xEB,
  0xDB, 0xBE, 0xBA, 0xDA, 0xBB, 0xCB, 0xCA, 0xCA,
  0xBB, 0xBC, 0xAB, 0xAA, 0xB9, 0x90, 0x83, 0x36,
  0x53, 0x53, 0x44, 0x34, 0x34, 0x34, 0x23, 0x34,
  0x23, 0x22, 0x31, 0x22, 0x00, 0x88, 0xAB, 0xDB,
  0xDC, 0xBD, 0xBC, 0xBC, 0xBC, 0xBC, 0xAC, 0xAB,
  0xBC, 0xAA, 0xBA, 0xB9, 0xA9, 0x80, 0x23, 0x45,
  0x43, 0x53, 0x35, 0x24, 0x23, 0x33, 0x33, 0x23,
  0x32, 0x22, 0x11, 0x09, 0x0B, 0xAB, 0xCB, 0xCA,
  0xDA, 0xAA, 0xBA, 0xBB, 0xAB, 0xAD, 0x99, 0xAB,
  0x8B, 0xBA, 0xBE, 0x0B, 0xA0, 0xC2, 0xA9, 0x20,
  0x89, 0x49, 0x80, 0xBE, 0xAA, 0xDA, 0xBB, 0xBD,
  0x02, 0xA9, 0x41, 0x61, 0x60, 0x33, 0x25, 0x13,
  0x22, 0x23, 0x13, 0x11, 0x90, 0x0C, 0xCD, 0xAF,
  0xAC, 0xBC, 0xDB, 0xCB, 0xCC, 0xCA, 0xCB, 0xBB,
  0xCB, 0xBC, 0xAB, 0xAA, 0x99, 0x90, 0x12, 0x36,
  0x35, 0x43, 0x53, 0x34, 0x42, 0x42, 0x32, 0x33,
  0x33, 0x33, 0x13, 0x11, 0x08, 0x8A, 0x9B, 0xCB,
  0xDA, 0xBB, 0xCB, 0xBB, 0xCA, 0xBC, 0x9B, 0xAB,
  0xAA, 0xAB, 0xB9, 0x9B, 0xA8, 0x88, 0x9A, 0x3C,
  0x10, 0x8B, 0x9A, 0x9F, 0xBA, 0xD9, 0xBE, 0x9B,
  0xAD, 0x8A, 0xC9, 0xA9, 0xA8, 0xB9, 0x99, 0x3A,
  0x30, 0x16, 0x33, 0x75, 0x24, 0x34, 0x34, 0x34,
  0x33, 0x42, 0x22, 0x20, 0x09, 0x9C, 0xDD, 0xBD,
  0xCB, 0xCB, 0xEA, 0xAC, 0xAB, 0xBC, 0xBA, 0xBB,
  0xBA, 0xAA, 0xA8, 0x01, 0x34, 0x54, 0x35, 0x34,
  0x34, 0x24, 0x23, 0x23, 0x22, 0x12, 0x10, 0x19,
  0x9A, 0xCB, 0xBD, 0xBB, 0xBC, 0xAA, 0xA9, 0x10,
  0x34, 0x63, 0x44, 0x34, 0x34, 0x33, 0x43, 0x24,
  0x22, 0x22, 0x12, 0x10, 0x08, 0xAA, 0xCA, 0xDB,
  0xCB, 0xDA, 0xBC, 0xAA, 0xBB, 0xBB, 0xBB, 0xC9,
  0xA9, 0xAA, 0x0A, 0x89, 0x03, 0x22, 0x65, 0x33,
  0x63, 0x35, 0x33, 0x35, 0x21, 0x31, 0x10, 0x0A,
  0xCA, 0xEC, 0xBD, 0xBC, 0xCB, 0xCB, 0xCB, 0xBC,
  0xBB, 0xCB, 0xAB, 0xBC, 0x9A, 0x99, 0x00, 0x13,
  0x54, 0x44, 0x34, 0x43, 0x34, 0x33, 0x33, 0x42,
  0x23, 0x21, 0x21, 0x10, 0x00, 0x89, 0x9B, 0x8B,
  0xAA, 0xBD, 0x99, 0xBA, 0x9B, 0x99, 0xBB, 0xAC,
  0xAC, 0xCB, 0xF9, 0xBD, 0xBB, 0xDB, 0xCA, 0xCB,
  0xCB, 0xCB, 0xBB, 0xCB, 0xBB, 0xCA, 0xBA, 0xA9,
  0x9A, 0x10, 0x23, 0x55, 0x35, 0x43, 0x53, 0x35,
  0x24, 0x33, 0x34, 0x33, 0x34, 0x32, 0x23, 0x12,
  0x10, 0x0B, 0x9C, 0xCC, 0xCC, 0xBC, 0xCB, 0xCB,
  0xBC, 0xCA, 0xBB, 0xCB, 0xAB, 0xBB, 0xBB, 0xBA,
  0xA8, 0x81, 0x35, 0x36, 0x35, 0x34, 0x35, 0x23,
  0x34, 0x23, 0x23, 0x23, 0x21, 0x21, 0x00, 0x09,
  0x89, 0xBA, 0xBC, 0xBC, 0xAB, 0xBD, 0x8C, 0x9A,
  0xA8, 0xB9, 0xA8, 0xB8, 0x99, 0x88, 0xE2, 0xA8,
  0xB0, 0x0C, 0x1D, 0xA0, 0xAB, 0x99, 0xED, 0x18,
  0x99, 0x09, 0xB1, 0xB2, 0x93, 0x92, 0x70, 0x38,
  0x42, 0x52, 0x52, 0x35, 0x24, 0x23, 0x13, 0x34,
  0x03, 0x98, 0xAE, 0xBE, 0xBE, 0xBB, 0xEB, 0xAD,
  0xBB, 0xBD, 0xBB, 0xBC, 0xBC, 0xBA, 0xBB, 0xAA,
  0x9A, 0x80, 0x13, 0x45, 0x44, 0x43, 0x44, 0x33,
  0x43, 0x43, 0x32, 0x42, 0x23, 0x22, 0x12, 0x11,
  0x08, 0x09, 0x9A, 0xBC, 0xBB, 0xDB, 0xCA, 0xBB,
  0xBB, 0xBB, 0xBA, 0xAB, 0x99, 0xAB, 0x09, 0xB0,
  0xF8, 0xA8, 0xE8, 0x99, 0x8B, 0x0A, 0x9A, 0x92,
  0xC0, 0x9B, 0x0D, 0x8D, 0xAA, 0xDA, 0xCB, 0xBA,
  0xE9, 0x89, 0x89, 0x21, 0x26, 0x24, 0x43, 0x43,
  0x42, 0x43, 0x33, 0x34, 0x23, 0x21, 0x21, 0x98,
  0xBF, 0x9D, 0xDA, 0xCB, 0xDB, 0xBC, 0xCA, 0xCA,
  0xBB, 0xBC, 0xAB, 0xAB, 0xBA, 0xB9, 0x99, 0x02,
  0x35, 0x45, 0x34, 0x43, 0x34, 0x34, 0x23, 0x23,
  0x22, 0x11, 0x10, 0x8A, 0x8B, 0xCA, 0xCA, 0xCA,
  0xAA, 0x9A, 0x01, 0x22, 0x72, 0x62, 0x34, 0x34,
  0x34, 0x33, 0x33, 0x33, 0x34, 0x12, 0x20, 0x18,
  0x0A, 0x9B, 0xDA, 0xCC, 0xAC, 0xBC, 0xBB, 0xBC,
  0xBC, 0xBA, 0xBB, 0xAB, 0xBB, 0x8A, 0x00, 0x82,
  0x70, 0x70, 0x33, 0x24, 0x24, 0x22, 0x33, 0x32,
  0x31, 0x11, 0x90, 0xCD, 0xBF, 0xBC, 0xDB, 0xCB,
  0xCC, 0xBB, 0xCB, 0xCB, 0xBB, 0xBC, 0xAB, 0xAB,
  0xA9, 0x99, 0x02, 0x36, 0x34, 0x62, 0x43, 0x34,
  0x34, 0x23, 0x32, 0x33, 0x33, 0x22, 0x31, 0x12,
  0x01, 0x01, 0x00, 0x89, 0x2A, 0xA0, 0xA9, 0xD9,
  0xDA, 0xBC, 0xBC, 0xCA, 0xBB, 0xEB, 0xAC, 0xBA,
  0xDB, 0xAC, 0xBB, 0xCC, 0xAC, 0xBB, 0xCB, 0xBC,
  0xAB, 0xAC, 0xA9, 0xB9, 0x89, 0x81, 0x13, 0x54,
  0x53, 0x53, 0x43, 0x53, 0x34, 0x34, 0x33, 0x42,
  0x33, 0x32, 0x32, 0x22, 0x01, 0xA0, 0xCC, 0xBD,
  0xBD, 0xCB, 0xBD, 0xBB, 0xDA, 0xBC, 0xBB, 0xBC,
  0xAB, 0xBB, 0xBA, 0xAA, 0x88, 0x02, 0x35, 0x53,
  0x44, 0x35, 0x23, 0x42, 0x33, 0x32, 0x42, 0x21,
  0x22, 0x02, 0x00, 0x18, 0x88, 0x98, 0xBB, 0x9B,
  0xCC, 0x8B, 0xB9, 0xBB, 0xAB, 0xE8, 0xAA, 0x8B,
  0xAA, 0x9C, 0xB9, 0xC0, 0xF8, 0x92, 0xBB, 0x0C,
  0x0C, 0x09, 0xA8, 0xC8, 0x0D, 0x1B, 0x29, 0x98,
  0x05, 0x93, 0x41, 0x35, 0x41, 0x43, 0x33, 0x52,
  0x22, 0x51, 0x31, 0x83, 0x08, 0x9D, 0x9D, 0xDB,
  0xCB, 0xFA, 0xBD, 0xBB, 0xCC, 0xBB, 0xCA, 0xCA,
  0xBA, 0xBB, 0xAB, 0x9A, 0x90, 0x02, 0x26, 0x35,
  0x35, 0x34, 0x34, 0x33, 0x43, 0x33, 0x42, 0x23,
  0x21, 0x22, 0x11, 0x00, 0x88, 0x89, 0xA9, 0xC9,
  0xCA, 0xBB, 0xBB, 0xCB, 0xBC, 0xAA, 0xAB, 0xAB,
  0x8C, 0x8A, 0x05, 0x11, 0x8F, 0xB8, 0x92, 0x00,
  0x52, 0xB0, 0x03, 0x5A, 0x8F, 0xA3, 0x83, 0x0B,
  0xAA, 0xDB, 0x82, 0x10, 0x7B, 0x0A, 0xAA, 0xF1,
  0xBB, 0xFB, 0xBA, 0x04, 0x90, 0x0E, 0xB8, 0x9B,
  0x9E, 0xAC, 0xAD, 0xCC, 0xAA, 0x9C, 0xBF, 0xA8,
  0x8D, 0x17, 0x77, 0x38, 0x80, 0x80, 0xAA, 0xAA,
  0xA9, 0x33, 0x08, 0x99, 0x89, 0x88, 0x9C, 0xBB,
  0xAE, 0xA7, 0x76, 0x08, 0x08, 0x80, 0x80, 0x00,
  0x9A, 0xA9, 0x9A, 0x99, 0xA9, 0x98, 0x88, 0x98,
  0x00, 0x88, 0x80, 0x88, 0x08, 0x99, 0x01, 0x98,
  0x83, 0xB0, 0x09, 0x78, 0x06, 0xA5, 0x3C, 0x16,
  0x9B, 0x52, 0xD9, 0x42, 0x9C, 0x03, 0x38, 0xCE,
  0x04, 0x51, 0x9A, 0xDB, 0xAA, 0xAB, 0xA9, 0x80,
  0x80, 0x37, 0x42, 0x00, 0x80, 0x01, 0x44, 0x43,
  0x23, 0x22, 0x33, 0x28, 0xAD, 0xDC, 0xAA, 0xBB,
  0x9A, 0xAB, 0x90, 0x09, 0x90, 0x55, 0x29, 0x91,
  0x32, 0x8A, 0xA2, 0x75, 0x31, 0x19, 0xA8, 0x37,
  0x43, 0x09, 0xAD, 0xCB, 0xBA, 0xAA, 0xBB, 0xBC,
  0x99, 0x88, 0x08, 0x03, 0x73, 0x34, 0x30, 0x88,
  0x90, 0x01, 0x36, 0x43, 0x42, 0x43, 0x43, 0x12,
  0x13, 0x31, 0x8C, 0xBA, 0xA9, 0x9B, 0xB9, 0xBC,
  0xFD, 0xCB, 0xCB, 0xBB, 0xC9, 0x99, 0x00, 0x21,
  0x21, 0x12, 0x33, 0x53, 0x64, 0x34, 0x33, 0x34,
  0x21, 0x18, 0x89, 0x9A, 0xBC, 0xCB, 0xAA, 0xA9,
  0xAA, 0xC9, 0xA9, 0x00, 0x10, 0x02, 0x11, 0x9C,
  0xCB, 0xFB, 0xCB, 0xAC, 0xBA, 0xA8, 0x80, 0x01,
  0x33, 0x20, 0x14, 0x44, 0x21, 0x35, 0x44, 0x33,
  0x24, 0x33, 0x53, 0x20, 0x89, 0x88, 0x20, 0x9D,
  0xCC, 0x88, 0x12, 0x11, 0x19, 0xBD, 0x90, 0x34,
  0x33, 0x34, 0x65, 0x22, 0x19, 0xCF, 0xCC, 0xCC,
  0xBC, 0xBB, 0xBB, 0xAA, 0x98, 0x80, 0x22, 0x24,
  0x34, 0x35, 0x43, 0x43, 0x53, 0x33, 0x43, 0x23,
  0x32, 0x22, 0x11, 0x08, 0x8A, 0xAC, 0xBC, 0xCA,
  0xBC, 0xBB, 0xBA, 0xBB, 0xBB, 0xBB, 0xBA, 0xB9,
  0xA9, 0x9A, 0xAA, 0x9B, 0xA9, 0x01, 0x45, 0x13,
  0x83, 0x89, 0xAC, 0xDE, 0xCC, 0xDB, 0xBC, 0xAC,
  0xAA, 0x99, 0xA9, 0x80, 0x81, 0x12, 0x25, 0x35,
  0x44, 0x44, 0x34, 0x33, 0x33, 0x42, 0x22, 0x22,
  0x22, 0x21, 0x8B, 0xDD, 0xDC, 0xCB, 0xDB, 0xCB,
  0xBB, 0xAB, 0xAA, 0xAA, 0x88, 0x12, 0x44, 0x36,
  0x35, 0x43, 0x43, 0x42, 0x32, 0x22, 0x10, 0x09,
  0x8A, 0xAB, 0xAB, 0xBC, 0xAA, 0xBB, 0xCB, 0xCC,
  0xCB, 0xCC, 0xBC, 0xBC, 0xBB, 0xBB, 0xBB, 0x9A,
  0x99, 0x99, 0x80, 0x03, 0x24, 0x36, 0x43, 0x44,
  0x35, 0x34, 0x43, 0x34, 0x33, 0x42, 0x32, 0x22,
  0x11, 0x00, 0x88, 0x9A, 0xBC, 0xCB, 0xDA, 0xCA,
  0xCA, 0xBB, 0xCB, 0xBB, 0xBA, 0xB9, 0x98, 0x80,
  0x08, 0x89, 0xBF, 0xBD, 0xBC, 0xBC, 0xAB, 0xA9,
  0xA8, 0x99, 0x90, 0x02, 0x44, 0x73, 0x54, 0x43,
  0x44, 0x33, 0x42, 0x32, 0x21, 0x00, 0x89, 0xAB,
  0xBD, 0xBC, 0xBB, 0xBC, 0xAB, 0xAA, 0xAB, 0xB9,
  0x9A, 0x9A, 0x99, 0x89, 0x92, 0x01, 0x18, 0x20,
  0x14, 0x06, 0x23, 0x53, 0x52, 0x41, 0x22, 0x10,
  0x01, 0x98, 0x98, 0x00, 0x00, 0x45, 0x36, 0x23,
  0x20, 0x9B, 0xCF, 0xCB, 0xEC, 0xBC, 0xBD, 0xBA,
  0xCA, 0xBB, 0xAA, 0xB8, 0x98, 0x80, 0x10, 0x19,
  0x9B, 0xEC, 0xBC, 0xCA, 0xBA, 0x98, 0x01, 0x43,
  0x54, 0x43, 0x53, 0x44, 0x34, 0x43, 0x44, 0x24,
  0x23, 0x32, 0x32, 0x22, 0x10, 0x89, 0x9C, 0xBC,
  0xBD, 0xBB, 0xBC, 0xAB, 0xBB, 0xBB, 0xBA, 0xBB,
  0xAB, 0x9A, 0x9A, 0xA9, 0xA0, 0xA8, 0x88, 0xA9,
  0x0A, 0x9B, 0x34, 0x02, 0x48, 0x23, 0x5A, 0x03,
  0xCA, 0xCB, 0xF9, 0xC9, 0x8C, 0xAA, 0xAA, 0x99,
  0x89, 0x01, 0x94, 0x22, 0x2C, 0x71, 0x11, 0x06,
  0x25, 0x24, 0x42, 0x42, 0x22, 0x31, 0x98, 0xDC,
  0xEB, 0xCD, 0xBB, 0xDB, 0xBC, 0xAB, 0xAB, 0xA9,
  0x80, 0x05, 0x36, 0x35, 0x34, 0x33, 0x34, 0x21,
  0x20, 0x89, 0xAC, 0xCC, 0xCB, 0xCB, 0xBC, 0xBA,
  0xBB, 0xBA, 0xA9, 0x90, 0x12, 0x54, 0x36, 0x34,
  0x34, 0x34, 0x33, 0x43, 0x23, 0x32, 0x32, 0x12,
  0x10, 0x08, 0x9B, 0xAD, 0xBC, 0xBC, 0xBB, 0xDA,
  0xBB, 0xBC, 0xBA, 0xBA, 0xBB, 0xAB, 0xAB, 0x98,
  0x8A, 0x02, 0x82, 0x13, 0x25, 0x32, 0x63, 0x34,
  0x34, 0x33, 0x33, 0x10, 0x9D, 0xDC, 0xEB, 0xDB,
  0xDB, 0xAD, 0xAB, 0xCA, 0xAB, 0xAB, 0xAA, 0x88,
  0x03, 0x46, 0x43, 0x53, 0x43, 0x43, 0x34, 0x22,
  0x22, 0x10, 0x18, 0x89, 0x9A, 0xAC, 0xAC, 0xAB,
  0xBC, 0xBB, 0xBB, 0xCA, 0xBB, 0xCA, 0xAA, 0xBB,
  0xAB, 0xAB, 0x90, 0x01, 0x42, 0x54, 0x26, 0x22,
  0x34, 0x22, 0x11, 0x09, 0xBB, 0xEC, 0xBE, 0xBC,
  0xBC, 0xBC, 0xBB, 0xBC, 0xBA, 0xBB, 0xB9, 0xA8,
  0x11, 0x44, 0x54, 0x44, 0x34, 0x43, 0x34, 0x42,
  0x33, 0x33, 0x23, 0x12, 0x09, 0x9B, 0xCC, 0xDB,
  0xCB, 0xDA, 0xBC, 0xAB, 0xAB, 0xAB, 0xA9, 0x00,
  0x14, 0x44, 0x43, 0x44, 0x32, 0x42, 0x22, 0x21,
  0x10, 0x88, 0x8A, 0xAB, 0xCB, 0xBC, 0xBB, 0xBC,
  0xBA, 0xBA, 0xB9, 0xAA, 0x98, 0x90, 0x00, 0x31,
  0x23, 0x37, 0x00, 0x18, 0x99, 0xDC, 0xBE, 0xBD,
  0xBB, 0xCC, 0xAB, 0xDA, 0xBA, 0xCA, 0xA9, 0xAA,
  0x89, 0x11, 0x34, 0x63, 0x45, 0x24, 0x24, 0x24,
  0x22, 0x42, 0x23, 0x23, 0x23, 0x33, 0x22, 0x21,
  0x98, 0xBF, 0xBD, 0xCC, 0xCB, 0xCC, 0xBC, 0xCA,
  0xCA, 0xBB, 0xBB, 0xCA, 0xAB, 0x99, 0x90, 0x11,
  0x53, 0x44, 0x35, 0x24, 0x23, 0x34, 0x23, 0x33,
  0x33, 0x42, 0x33, 0x32, 0x32, 0x32, 0x31, 0x21,
  0x90, 0xA9, 0xBD, 0xBC, 0xBC, 0xCB, 0xCB, 0xBD,
  0xAA, 0xBB, 0xBB, 0xBC, 0xBA, 0xAB, 0xAA, 0xBA,
  0xA9, 0xC9, 0x88, 0x98, 0x89, 0xC0, 0xBD, 0xA9,
  0xBD, 0xCB, 0xCB, 0xCB, 0xCB, 0xBC, 0xBA, 0xBC,
  0xA9, 0x98, 0x80, 0x36, 0x14, 0x23, 0x43, 0x33,
  0x32, 0x08, 0x8F, 0xCB, 0xCE, 0xBB, 0xCC, 0xCA,
  0xCA, 0xBA, 0xBA, 0x99, 0x01, 0x54, 0x53, 0x54,
  0x33, 0x44, 0x22, 0x32, 0x32, 0x12, 0x01, 0x08,
  0x8A, 0x9A, 0xBB, 0xDA, 0xCA, 0xAC, 0xAB, 0xBC,
  0xBC, 0xCA, 0xBC, 0xBC, 0xBC, 0xBB, 0xCB, 0xCB,
  0xBB, 0xCB, 0xBB, 0xCA, 0xBA, 0xAA, 0x99, 0x80,
  0x14, 0x44, 0x54, 0x35, 0x33, 0x53, 0x34, 0x33,
  0x34, 0x33, 0x34, 0x22, 0x22, 0x21, 0x21, 0x00,
  0x19, 0x99, 0xAC, 0xBD, 0xCB, 0xEA, 0xCA, 0xCC,
  0xAC, 0xBB, 0xCB, 0xBD, 0xAB, 0xBB, 0xCA, 0xBA,
  0xAA, 0xA8, 0x01, 0x35, 0x54, 0x43, 0x44, 0x33,
  0x43, 0x33, 0x33, 0x32, 0x21, 0x10, 0x88, 0xAA,
  0xBC, 0xCB, 0xDA, 0xBB, 0xBC, 0xBA, 0xBB, 0xBB,
  0xAB, 0xB9, 0xAA, 0x89, 0xA8, 0x88, 0x90, 0xA0,
  0x19, 0x22, 0x20, 0x70, 0x23, 0x78, 0x22, 0x05,
  0x02, 0x23, 0x03, 0x25, 0x23, 0x35, 0x12, 0x32,
  0x12, 0x3C, 0x4A, 0xAA, 0xCA, 0xCE, 0xBC, 0xDB,
  0xBE, 0xAC, 0xCA, 0xCB, 0xCB, 0xDA, 0xCA, 0xBC,
  0xBB, 0xBC, 0xBB, 0xAB, 0xBB, 0x99, 0x80, 0x24,
  0x55, 0x35, 0x43, 0x53, 0x35, 0x23, 0x42, 0x32,
  0x32, 0x22, 0x11, 0x08, 0x89, 0x9B, 0xBB, 0xEA,
  0xAA, 0xAB, 0xAA, 0xAA, 0xA9, 0xA8, 0x9A, 0x8B,
  0xA9, 0xDA, 0xBC, 0xAC, 0x9C, 0xC8, 0xBA, 0xBA,
  0xCA, 0x8B, 0xB9, 0xB9, 0xBA, 0xAC, 0xCA, 0x89,
  0x9D, 0x9B, 0xC9, 0x9B, 0xD0, 0x9A, 0x1B, 0x82,
  0x03, 0x36, 0x87, 0x33, 0x35, 0x24, 0x32, 0x51,
  0x22, 0x18, 0x98, 0xBD, 0xDC, 0xCC, 0xBC, 0xCB,
  0xCC, 0xBB, 0xBC, 0xBB, 0xCB, 0x9A, 0xA9, 0x00,
  0x43, 0x64, 0x35, 0x43, 0x34, 0x34, 0x32, 0x22,
  0x21, 0x10, 0x8A, 0xAC, 0xCC, 0xBD, 0xBB, 0xCC,
  0xAB, 0xCA, 0xBA, 0xBB, 0xBB, 0xAB, 0xAA, 0x89,
  0x12, 0x35, 0x54, 0x43, 0x44, 0x34, 0x34, 0x24,
  0x23, 0x23, 0x32, 0x32, 0x22, 0x11, 0x08, 0x89,
  0xBC, 0xAC, 0xCB, 0xBC, 0xBB, 0xCA, 0xBB, 0xAB,
  0xBB, 0xAB, 0x99, 0xB1, 0x88, 0x10, 0x01, 0x11,
  0x18, 0x9F, 0xCD, 0xBD, 0xDC, 0xAC, 0xBC, 0xCA,
  0xBD, 0xAB, 0xBA, 0xCB, 0xAA, 0xA9, 0x81, 0x13,
  0x64, 0x43, 0x53, 0x35, 0x32, 0x42, 0x22, 0x22,
  0x11, 0x00, 0x08, 0x99, 0xAA, 0xCA, 0xBB, 0xBC,
  0xAA, 0xAA, 0xAA, 0x99, 0x9A, 0x89, 0x99, 0xB0,
  0xD8, 0xBB, 0xAC, 0xAC, 0xAB, 0xEB, 0xAE, 0xBA,
  0xEA, 0xBD, 0xAC, 0xBC, 0xAC, 0xAC, 0xAA, 0xBA,
  0xBB, 0xBA, 0xAA, 0xAA, 0xB8, 0x9A, 0x98, 0x99,
  0x4A, 0x44, 0x34, 0x63, 0x36, 0x53, 0x35, 0x33,
  0x43, 0x42, 0x33, 0x33, 0x12, 0x10, 0x89, 0xBD,
  0xBE, 0xAC, 0xBB, 0xBB, 0xBB, 0x99, 0x84, 0x35,
  0x45, 0x34, 0x35, 0x23, 0x23, 0x32, 0x21, 0x10,
  0x89, 0x9B, 0xCB, 0xCC, 0xAC, 0xAB, 0xCA, 0xAA,
  0xBA, 0xBA, 0xAB, 0xAA, 0x99, 0x89, 0x00, 0x97,
  0x09, 0x33, 0x23, 0x21, 0x42, 0x10, 0x81, 0x09,
  0xE8, 0xCD, 0xBC, 0xCC, 0xAC, 0xBC, 0xAC, 0xBA,
  0xCB, 0xAB, 0xBB, 0xC9, 0xA9, 0xB8, 0x01, 0x15,
  0x43, 0x62, 0x54, 0x23, 0x44, 0x23, 0x34, 0x22,
  0x22, 0x10, 0x89, 0xBD, 0xCC, 0xCC, 0xBB, 0xDC,
  0xBB, 0xBC, 0xAB, 0xBB, 0x9A, 0x99, 0x02, 0x13,
  0x45, 0x33, 0x34, 0x32, 0x32, 0x21, 0x31, 0x03,
  0x21, 0x45, 0x35, 0x35, 0x34, 0x43, 0x34, 0x34,
  0x33, 0x33, 0x42, 0x22, 0x12, 0x20, 0x00, 0x88,
  0xAB, 0xBE, 0xAC, 0xAC, 0xBB, 0xCC, 0xAA, 0xCA,
  0xBA, 0xBB, 0xBC, 0xBA, 0xBA, 0x9B, 0x99, 0x9A,
  0x11, 0x15, 0x12, 0x34, 0x52, 0x22, 0x52, 0x12,
  0x33, 0x00, 0xB9, 0x1F, 0xDB, 0xDC, 0xBD, 0xBD,
  0xBC, 0xBC, 0xBC, 0xBB, 0xBC, 0xBB, 0xBB, 0xAB,
  0x99, 0x01, 0x36, 0x44, 0x44, 0x34, 0x43, 0x34,
  0x33, 0x33, 0x33, 0x32, 0x31, 0x20, 0x00, 0x99,
  0x9A, 0xCA, 0xBC, 0xBB, 0xCA, 0xBA, 0xBB, 0xDA,
  0xBB, 0xBD, 0xAC, 0xBC, 0xBB, 0xEB, 0xAB, 0xDA,
  0xBC, 0xBB, 0xCB, 0xBD, 0xAB, 0xBB, 0xBB, 0xCB,
  0xAA, 0xB9, 0x0A, 0x22, 0x27, 0x35, 0x25, 0x33,
  0x53, 0x34, 0x34, 0x33, 0x34, 0x33, 0x33, 0x42,
  0x22, 0x21, 0x20, 0x08, 0xA9, 0xDC, 0xBD, 0xBD,
  0xBC, 0xBC, 0xBC, 0xBC, 0xBB, 0xBC, 0xBA, 0xAB,
  0xAA, 0x99, 0x01, 0x34, 0x45, 0x34, 0x43, 0x33,
  0x52, 0x32, 0x32, 0x32, 0x23, 0x22, 0x21, 0x22,
  0x11, 0x01, 0x89, 0x09, 0xAC, 0x9C, 0xAD, 0x9A,
  0xCA, 0xAA, 0xCA, 0xAB, 0xBB, 0xDA, 0xC9, 0xBA,
  0xAE, 0x8A, 0x9A, 0xA8, 0xA9, 0xB9, 0xC9, 0xB9,
  0xCA, 0x2D, 0x0A, 0xA1, 0xD1, 0x90, 0x20, 0x33,
  0x37, 0x32, 0x55, 0x31, 0x24, 0x42, 0x22, 0x31,
  0x20, 0x08, 0xAE, 0xDB, 0xDC, 0xCB, 0xCC, 0xBD,
  0xAC, 0xAC, 0xAB, 0xAB, 0xBB, 0xBA, 0xA9, 0x80,
  0x43, 0x55, 0x34, 0x44, 0x33, 0x43, 0x42, 0x32,
  0x22, 0x21, 0x10, 0x88, 0xAA, 0xBD, 0xBC, 0xBD,
  0xAB, 0xBB, 0xCB, 0xAB, 0xA9, 0xA9, 0x80, 0x02,
  0x36, 0x34, 0x34, 0x33, 0x52, 0x32, 0x33, 0x23,
  0x12, 0x11, 0x80, 0x8A, 0x8D, 0xBB, 0xBE, 0xBA,
  0xBB, 0xE9, 0x9A, 0xAA, 0x9A, 0x89, 0x01, 0x02,
  0x33, 0x65, 0x16, 0x23, 0x33, 0x42, 0x23, 0x11,
  0x2A, 0xAD, 0xDC, 0xDB, 0xDB, 0xBE, 0xBB, 0xBD,
  0xBB, 0xCB, 0xBB, 0xCA, 0xBA, 0x99, 0x80, 0x04,
  0x44, 0x44, 0x34, 0x43, 0x34, 0x33, 0x33, 0x33,
  0x32, 0x22, 0x10, 0x08, 0x9A, 0xAB, 0xCB, 0xDB,
  0xAB, 0xCB, 0xBC, 0xBB, 0xBC, 0xAB, 0xCB, 0xBC,
  0xBB, 0xCB, 0xBC, 0xBB, 0xBC, 0xBB, 0xCB, 0xAB,
  0x8A, 0x91, 0x12, 0x44, 0x53, 0x36, 0x33, 0x43,
  0x43, 0x24, 0x23, 0x32, 0x42, 0x22, 0x33, 0x15,
  0x12, 0x13, 0x32, 0x31, 0x58, 0x08, 0x9B, 0xBF,
  0xDA, 0xDB, 0xCB, 0xDB, 0xBD, 0xBB, 0xCB, 0xCB,
  0xBB, 0xBD, 0xA9, 0xA9, 0x98, 0x82, 0x24, 0x45,
  0x35, 0x33, 0x52, 0x42, 0x23, 0x32, 0x23, 0x12,
  0x11, 0x80, 0x98, 0xAA, 0xCB, 0xCA, 0xBC, 0xAB,
  0xAB, 0xBA, 0xBA, 0xB9, 0x3B, 0x90, 0x83, 0x0B,
  0x49, 0x14, 0x06, 0x80, 0x80, 0x8B, 0xBC, 0xAD,
  0xAF, 0xCA, 0xDA, 0xBC, 0xBC, 0xBB, 0xCB, 0xBC,
  0xAB, 0xAA, 0xB9, 0x88, 0x82, 0x37, 0x34, 0x53,
  0x44, 0x33, 0x43, 0x34, 0x32, 0x33, 0x12, 0x08,
  0x9A, 0xDB, 0xEB, 0xCC, 0xBC, 0xBD, 0xAB, 0xBB,
  0xCA, 0xBA, 0xB9, 0xA8, 0x00, 0x43, 0x45, 0x43,
  0x44, 0x33, 0x43, 0x33, 0x32, 0x33, 0x21, 0x20,
  0x09, 0x8A, 0xAC, 0xAC, 0xAB, 0xCB, 0xBB, 0xBC,
  0xAA, 0xAA, 0xAA, 0xBB, 0x9C, 0x9C, 0x89, 0xD8,
  0x0C, 0x98, 0x89, 0x19, 0x02, 0x19, 0x13, 0x93,
  0xA7, 0x1A, 0x28, 0x2B, 0x1D, 0x0A, 0x82, 0xB5,
  0x9B, 0x70, 0x81, 0x04, 0x03, 0x50, 0x20, 0x29,
  0x08, 0xF0, 0xAE, 0xBD, 0xCB, 0xDA, 0xDA, 0xBC,
  0xCA, 0xBC, 0xBB, 0xBC, 0xAC, 0xA9, 0xAB, 0x99,
  0x98, 0x13, 0x36, 0x44, 0x43, 0x53, 0x43, 0x43,
  0x34, 0x23, 0x32, 0x32, 0x21, 0x10, 0x09, 0x0A,
  0xB9, 0xDA, 0xBC, 0xAB, 0xBB, 0xCA, 0xBA, 0xBA,
  0xAA, 0x9B, 0xB9, 0x9D, 0x8A, 0x98, 0x9A, 0xCB,
  0x9C, 0x89, 0xBD, 0x09, 0xE0, 0x99, 0x0D, 0x98,
  0xBC, 0xB9, 0xD9, 0xA9, 0xAA, 0x89, 0x88, 0x04,
  0x27, 0x34, 0x43, 0x44, 0x34, 0x24, 0x33, 0x35,
  0x21, 0x21, 0x01, 0x99, 0x9D, 0xCC, 0xCC, 0xBE,
  0xBB, 0xCB, 0xDB, 0xBB, 0xDA, 0xBB, 0xBB, 0xBB,
  0xB9, 0xA8, 0x11, 0x45, 0x44, 0x35, 0x33, 0x43,
  0x43, 0x33, 0x42, 0x32, 0x22, 0x22, 0x20, 0x10,
  0x08, 0x8A, 0x99, 0xBB, 0xCA, 0xCB, 0xBA, 0xCC,
  0xAA, 0xBB, 0xBB, 0xAB, 0xCB, 0xBB, 0xAA, 0xAB,
  0x99, 0xD9, 0xC8, 0xCA, 0xAB, 0xAC, 0xAC, 0xC9,
  0xAA, 0xAE, 0x8A, 0x9A, 0x90, 0x00, 0x04, 0x44,
  0x33, 0x44, 0x44, 0x24, 0x34, 0x23, 0x33, 0x22,
  0x31, 0x1A, 0xAC, 0xEC, 0xBF, 0xAB, 0xDB, 0xCB,
  0xCB, 0xCB, 0xBC, 0xBB, 0xBB, 0xAB, 0xBA, 0x80,
  0x84, 0x36, 0x35, 0x43, 0x43, 0x34, 0x32, 0x33,
  0x32, 0x31, 0x10, 0x88, 0xBA, 0xDA, 0xBC, 0xBB,
  0xCB, 0xAC, 0x90, 0x90, 0x01, 0x34, 0x42, 0x43,
  0x43, 0x34, 0x33, 0x42, 0x23, 0x12, 0x20, 0x29,
  0x88, 0x9B, 0xDD, 0xBC, 0xAD, 0xAA, 0xBC, 0xB9,
  0xBC, 0x9A, 0xA1, 0xA0, 0x91, 0x12, 0x41, 0x73,
  0x15, 0x13, 0x33, 0x43, 0x34, 0x32, 0x22, 0x08,
  0x88, 0xFA, 0xAF, 0xBC, 0xCB, 0xCC, 0xBC, 0xBC,
  0xBC, 0xAB, 0xBC, 0xAA, 0xA9, 0xA8, 0x80, 0x23,
  0x73, 0x35, 0x43, 0x34, 0x42, 0x33, 0x34, 0x22,
  0x22, 0x21, 0x11, 0x08, 0x89, 0x9B, 0xBC, 0xCB,
  0xCB, 0xBB, 0xCB, 0xCB, 0xBB, 0xDA, 0xBA, 0xBB,
  0xCB, 0xBC, 0xAA, 0xB9, 0xA8, 0xA0, 0x20, 0x33,
  0x73, 0x43, 0x35, 0x33, 0x34, 0x33, 0x34, 0x51,
  0x21, 0x32, 0x23, 0x13, 0x13, 0x04, 0x28, 0x41,
  0x13, 0x51, 0x34, 0x31, 0x43, 0x11, 0x1A, 0x1F,
  0xCA, 0xEB, 0xDB, 0xCC, 0xBD, 0xAC, 0xAC, 0xAA,
  0xBB, 0xBB, 0xBA, 0xAB, 0x90, 0x82, 0x27, 0x33,
  0x63, 0x44, 0x24, 0x32, 0x33, 0x33, 0x33, 0x22,
  0x21, 0x10, 0x1A, 0x09, 0xA9, 0xBA, 0xBA, 0xE9,
  0xA9, 0xB8, 0xAB, 0x0B, 0x0D, 0x88, 0x3B, 0xC1,
  0xA8, 0xC9, 0x9E, 0x9C, 0xBC, 0xCB, 0xEB, 0xBC,
  0xBC, 0xBC, 0xBC, 0xBA, 0xCB, 0xAB, 0xBA, 0xAA,
  0xA9, 0x18, 0x34, 0x44, 0x53, 0x62, 0x43, 0x34,
  0x42, 0x34, 0x22, 0x32, 0x22, 0x20, 0x08, 0x9C,
  0xBD, 0xDA, 0xCB, 0xDB, 0xBC, 0xAC, 0xBB, 0xBB,
  0xCA, 0xBA, 0xAA, 0x89, 0x12, 0x34, 0x63, 0x43,
  0x44, 0x34, 0x24, 0x22, 0x32, 0x22, 0x23, 0x11,
  0x18, 0x08, 0x9B, 0xAB, 0xCB, 0xCB, 0xBB, 0xBE,
  0x9A, 0xB9, 0xA9, 0xAA, 0x9A, 0x80, 0xB2, 0x11,
  0x22, 0x24, 0x13, 0x27, 0x82, 0x39, 0x18, 0xBD,
  0x9E, 0x88, 0x9A, 0xA8, 0xB9, 0xF0, 0xA9, 0xCB,
  0x9E, 0x9C, 0x9B, 0xAB, 0x99, 0xB0, 0xC9, 0x1A,
  0x08, 0x59, 0x0A, 0xC9, 0xEC, 0xCB, 0xDA, 0xBC,
  0xCB, 0xBD, 0xBB, 0xBC, 0xCA, 0xBA, 0xCA, 0xAB,
  0xA9, 0x99, 0x04, 0x34, 0x64, 0x43, 0x53, 0x34,
  0x34, 0x33, 0x33, 0x32, 0x32, 0x21, 0x28, 0x08,
  0x0A, 0xAB, 0xDA, 0xCA, 0xBB, 0xC9, 0xBB, 0x9C,
  0x9A, 0xAA, 0x8A, 0x99, 0x8A, 0xB0, 0xCA, 0x8B,
  0x9C, 0xAD, 0xCB, 0xD9, 0xCA, 0xAC, 0x9A, 0xAB,
  0xAA, 0xA9, 0xA9, 0x09, 0x8A, 0x05, 0xA7, 0x05,
  0x31, 0x72, 0x33, 0x53, 0x43, 0x43, 0x34, 0x23,
  0x22, 0x10, 0x8A, 0xAE, 0xCC, 0xDB, 0xCC, 0xCB,
  0xBC, 0xCB, 0xBC, 0xAC, 0xAB, 0xBA, 0xBA, 0xBA,
  0x99, 0x00, 0x16, 0x34, 0x53, 0x43, 0x44, 0x24,
  0x23, 0x32, 0x33, 0x32, 0x22, 0x12, 0x00, 0x08,
  0x99, 0x9B, 0xBD, 0xAA, 0xBC, 0x9C, 0x9A, 0xC8,
  0xA9, 0xA8, 0xA8, 0xA8, 0x8D, 0x89, 0x8A, 0x8A,
  0xBA, 0xD9, 0xAC, 0xA9, 0xDB, 0x09, 0xCA, 0x8D,
  0x9B, 0x9A, 0xB9, 0xC8, 0xBA, 0xAA, 0x1A, 0x61,
  0x36, 0x35, 0x44, 0x23, 0x53, 0x33, 0x33, 0x22,
  0x12, 0x88, 0x8E, 0xCB, 0xDC, 0xCB, 0xCB, 0xCC,
  0xBB, 0xDA, 0xCA, 0xBA, 0xBB, 0xBB, 0xAA, 0x99,
  0x80, 0x35, 0x44, 0x25, 0x33, 0x43, 0x33, 0x42,
  0x32, 0x23, 0x12, 0x10, 0x28, 0x18, 0x08, 0x18,
  0x01, 0x23, 0x55, 0x34, 0x34, 0x43, 0x35, 0x22,
  0x23, 0x22, 0x01, 0x18, 0xA9, 0xAD, 0x9D, 0x9C,
  0x9A, 0xB0, 0xC9, 0xBA, 0xCB, 0xAC, 0xBB, 0xBD,
  0xAC, 0xBB, 0x8B, 0x81, 0xA4, 0x06, 0x12, 0x62,
  0x35, 0x22, 0x42, 0x22, 0x42, 0x22, 0x10, 0x09,
  0xAD, 0xC9, 0xFB, 0xBD, 0xBC, 0xBD, 0xAC, 0xAB,
  0xBA, 0xCB, 0xBB, 0xBA, 0xBA, 0xA8, 0x80, 0x34,
  0x45, 0x43, 0x54, 0x33, 0x43, 0x34, 0x23, 0x33,
  0x23, 0x12, 0x10, 0x08, 0x9A, 0xAC, 0xCB, 0xCB,
  0xCB, 0xCB, 0xAB, 0xC9, 0xBB, 0xBB, 0xBB, 0xAA,
  0xBA, 0x0B, 0x10, 0x02, 0x71, 0x53, 0x34, 0x33,
  0x44, 0x24, 0x22, 0x23, 0x22, 0x82, 0x02, 0x08,
  0x29, 0x2C, 0x08, 0x84, 0x15, 0x33, 0x70, 0x61,
  0x12, 0x32, 0x15, 0x21, 0x02, 0x91, 0x99, 0xAD,
  0xBE, 0xCC, 0xBD, 0xCB, 0xBC, 0xCB, 0xBC, 0xBC,
  0xAB, 0xBB, 0xBB, 0xAB, 0x9A, 0x80, 0x23, 0x64,
  0x44, 0x35, 0x33, 0x35, 0x23, 0x32, 0x24, 0x21,
  0x12, 0x10, 0x11, 0x00, 0x00, 0x08, 0x81, 0xA0,
  0x89, 0x0A, 0xAD, 0x8D, 0xAA, 0xCA, 0xCA, 0xBB,
  0xCC, 0xBB, 0xE9, 0xCC, 0x8A, 0xCA, 0xAC, 0xAC,
  0xAA, 0xBB, 0xAB, 0xB9, 0xD9, 0x90, 0x91, 0x12,
  0x25, 0x43, 0x62, 0x44, 0x24, 0x33, 0x43, 0x33,
  0x43, 0x33, 0x33, 0x23, 0x28, 0x88, 0xAE, 0xAD,
  0xBD, 0xBC, 0xCB, 0xBD, 0xBB, 0xCB, 0xBC, 0xBB,
  0xBA, 0xBB, 0xBA, 0x98, 0x11, 0x35, 0x54, 0x35,
  0x33, 0x43, 0x42, 0x34, 0x13, 0x22, 0x21, 0x11,
  0x10, 0x00, 0x88, 0xA8, 0xBC, 0x9A, 0xAC, 0x8A,
  0xA9, 0xC8, 0xB9, 0xA1, 0xC1, 0x88, 0x80, 0x99,
  0x93, 0x78, 0x01, 0x78, 0x02, 0x80, 0xA1, 0xAA,
  0xF9, 0x9D, 0x9B, 0xCC, 0xAC, 0x9B, 0xD9, 0xBB,
  0x9B, 0xAB, 0xAB, 0xA8, 0x98, 0x94, 0x14, 0x06,
  0x22, 0x22, 0x72, 0x23, 0x32, 0x13, 0x1A, 0xAD,
  0xBC, 0xFA, 0xCB, 0xDB, 0xCB, 0xBC, 0xBB, 0xCB,
  0xAA, 0xAA, 0x80, 0x03, 0x43, 0x73, 0x53, 0x34,
  0x34, 0x33, 0x33, 0x24, 0x22, 0x21, 0x30, 0x11,
  0x01, 0x80, 0x99, 0xAC, 0xAA, 0xBA, 0xBF, 0x9B,
  0x9B, 0x9A, 0x99, 0xA0, 0x9A, 0xC9, 0xBB, 0xD1,
  0xBA, 0xBB, 0xAD, 0xAC, 0xBE, 0x0B, 0x98, 0xD0,
  0xAA, 0x9A, 0xBB, 0xB9, 0x20, 0x45, 0x35, 0x61,
  0x43, 0x33, 0x63, 0x14, 0x03, 0x20, 0x22, 0x81,
  0x39, 0x0E, 0x9A, 0xCD, 0xBD, 0xCC, 0xBD, 0xBC,
  0xBC, 0xBC, 0xBB, 0xBC, 0xBA, 0xBB, 0xAA, 0xA8,
  0x80, 0x24, 0x44, 0x43, 0x53, 0x43, 0x43, 0x34,
  0x32, 0x33, 0x33, 0x33, 0x22, 0x11, 0x00, 0x09,
  0x89, 0xAC, 0xAB, 0xBB, 0xCA, 0xC9, 0xA8, 0xB9,
  0xB9, 0xAD, 0x0A, 0x89, 0x1B, 0xA4, 0xDA, 0x1A,
  0x1B, 0xAA, 0xEB, 0xCB, 0xEB, 0xAB, 0xAB, 0xDB,
  0xAB, 0xAA, 0xAB, 0x88, 0x93, 0x04, 0x87, 0x23,
  0x42, 0x63, 0x33, 0x62, 0x42, 0x33, 0x36, 0x12,
  0x12, 0x81, 0x09, 0xAB, 0xDD, 0xCC, 0xCB, 0xCC,
  0xAC, 0xAC, 0xAB, 0xBB, 0xCA, 0xAB, 0xAB, 0x99,
  0x98, 0x11, 0x35, 0x35, 0x35, 0x24, 0x23, 0x23,
  0x42, 0x32, 0x32, 0x23, 0x33, 0x22, 0x42, 0x21,
  0x32, 0x03, 0x25, 0x83, 0x02, 0x10, 0x21, 0x08,
  0x39, 0x98, 0xAF, 0x0C, 0x9B, 0xB9, 0xDB, 0xAC,
  0xAC, 0xAA, 0xBA, 0xD8, 0xBA, 0xAB, 0xC0, 0x92,
  0x9C, 0x9E, 0x92, 0x20, 0x83, 0x78, 0x01, 0x40,
  0x40, 0x99, 0x87, 0x13, 0x19, 0x09, 0xA1, 0x89,
  0x4C, 0x2B, 0xC8, 0xFC, 0xAC, 0x9A, 0xCC, 0xCB,
  0xAA, 0x19, 0x90, 0xAC, 0xB1, 0x89, 0xDE, 0xAB,
  0xAA, 0xDA, 0xD9, 0x99, 0xEB, 0xDA, 0x90, 0xE9,
  0x77, 0x77, 0x88, 0x08, 0x00, 0x99, 0x99, 0x89,
  0x98, 0x88, 0x89, 0x08, 0x08, 0x91, 0x74, 0x00,
  0x80, 0x88, 0x08, 0x00, 0x89, 0xAA, 0x8B, 0x99,
  0xAB, 0x08, 0x9B, 0xA1, 0x8A, 0x80, 0x40, 0xBA,
  0x15, 0x0A, 0xB1, 0x29, 0xB8, 0x48, 0xCA, 0x51,
  0x99, 0x25, 0xB1, 0x8A, 0x78, 0x87, 0xA9, 0x68,
  0xA3, 0x3C, 0xA6, 0x2C, 0xA3, 0x59, 0xB8, 0x35,
  0x1A, 0xDA, 0x17, 0x31, 0x9C, 0xCC, 0x9A, 0xAA,
  0xA9, 0x88, 0x08, 0x04, 0x54, 0x21, 0x89, 0x81,
  0x23, 0x53, 0x44, 0x23, 0x23, 0x21, 0x89, 0xAB,
  0xCC, 0xAA, 0xBB, 0xCA, 0x89, 0x9A, 0xAA, 0x01,
  0x11, 0x8B, 0xCC, 0x84, 0x53, 0x28, 0x9C, 0xCB,
  0xCA, 0x99, 0xBB, 0xC9, 0x98, 0x80, 0x88, 0x02,
  0x54, 0x53, 0x22, 0x19, 0xA9, 0x88, 0x26, 0x42,
  0x25, 0x31, 0x23, 0x52, 0x11, 0x11, 0x0B, 0xBB,
  0x80, 0xBE, 0xB9, 0x01, 0x8C, 0xE9, 0x12, 0x30,
  0xCD, 0xA8, 0x24, 0x22, 0x23, 0x30, 0xDF, 0xEB,
  0xCB, 0xBB, 0xCA, 0xA9, 0x80, 0x11, 0x32, 0x32,
  0x33, 0x44, 0x44, 0x53, 0x44, 0x24, 0x22, 0x21,
  0x10, 0x98, 0xAA, 0xBB, 0xCB, 0xCB, 0xAB, 0xBA,
  0xAB, 0x99, 0xA9, 0x98, 0x80, 0x18, 0xA9, 0x90,
  0x90, 0x01, 0x32, 0x50, 0xAA, 0x9A, 0x15, 0x58,
  0xA9, 0x81, 0x44, 0x32, 0x18, 0xC0, 0x25, 0x32,
  0x9A, 0xDC, 0xDA, 0x80, 0x32, 0x00, 0x10, 0x73,
  0x1A, 0xFB, 0xBB, 0xCC, 0xBD, 0xBA, 0x99, 0x89,
  0x88, 0x10, 0x12, 0x54, 0x54, 0x33, 0x42, 0x01,
  0x9C, 0xDC, 0xDB, 0xCB, 0xBA, 0xA9, 0x08, 0x11,
  0x12, 0x23, 0x35, 0x43, 0x54, 0x44, 0x35, 0x33,
  0x34, 0x23, 0x11, 0x18, 0x99, 0xAB, 0xCC, 0xBB,
  0xCB, 0xAB, 0xBB, 0xBB, 0xBB, 0xAA, 0x99, 0x88,
  0x18, 0x00, 0x02, 0x82, 0x10, 0x19, 0x90, 0x82,
  0xB9, 0xD8, 0xA9, 0x28, 0x62, 0x15, 0x10, 0x02,
  0x80, 0x0F, 0xAB, 0xBE, 0x9A, 0xBB, 0xBB, 0xEB,
  0xC9, 0xA0, 0x11, 0x18, 0x29, 0x73, 0x53, 0x53,
  0x42, 0x42, 0x22, 0x11, 0x23, 0x46, 0x35, 0x33,
  0x32, 0x19, 0xCE, 0xDD, 0xBD, 0xBC, 0xBA, 0xBB,
  0xBA, 0xAA, 0xA9, 0x98, 0x80, 0x11, 0x54, 0x45,
  0x35, 0x43, 0x42, 0x34, 0x21, 0x21, 0x00, 0x09,
  0x9A, 0xBB, 0xCA, 0xBB, 0xAB, 0x99, 0x80, 0x13,
  0x35, 0x42, 0x43, 0x22, 0x22, 0x10, 0x09, 0x99,
  0xBC, 0xCC, 0xBD, 0xBB, 0xBB, 0xBA, 0xC9, 0x9C,
  0x9A, 0x9B, 0x9B, 0x9A, 0xBA, 0xB9, 0xB9, 0xCC,
  0xAA, 0xDB, 0xAA, 0xB9, 0x91, 0x01, 0x84, 0x53,
  0x75, 0x34, 0x33, 0x42, 0x22, 0x31, 0x32, 0x52,
  0x44, 0x33, 0x34, 0x80, 0xCD, 0xEC, 0xCC, 0xBD,
  0xBB, 0xCA, 0xBB, 0xBB, 0xBB, 0xAA, 0x99, 0x11,
  0x46, 0x36, 0x35, 0x34, 0x33, 0x52, 0x32, 0x22,
  0x21, 0x10, 0x09, 0x9A, 0xBB, 0xDB, 0xBC, 0xAB,
  0xBA, 0xBA, 0xAA, 0xB9, 0x8A, 0x9A, 0xAA, 0xBC,
  0xCC, 0xBC, 0xCB, 0xCB, 0xBC, 0xAB, 0xAA, 0xBA,
  0x9A, 0x89, 0x88, 0x02, 0x04, 0x25, 0x35, 0x35,
  0x34, 0x43, 0x44, 0x33, 0x43, 0x33, 0x33, 0x33,
  0x33, 0x32, 0x12, 0x00, 0x18, 0x88, 0xAC, 0xBD,
  0xCA, 0x9A, 0x20, 0x22, 0x22, 0xBA, 0xFF, 0xFC,
  0xBD, 0xBC, 0xBD, 0xAC, 0xAB, 0xAC, 0xAA, 0xAA,
  0x9A, 0x88, 0x11, 0x53, 0x54, 0x44, 0x34, 0x34,
  0x33, 0x33, 0x32, 0x22, 0x01, 0x89, 0xAA, 0xCB,
  0xCC, 0xAB, 0xCA, 0xBA, 0xBA, 0xAA, 0xBA, 0x9A,
  0x9A, 0x99, 0x99, 0x89, 0x08, 0x92, 0xA0, 0x08,
  0x10, 0x42, 0x70, 0x43, 0x21, 0x41, 0x03, 0x11,
  0x82, 0x88, 0xA9, 0xBA, 0xF9, 0xB1, 0x2F, 0x0A,
  0x9A, 0xBC, 0xBF, 0x9B, 0xCB, 0xBC, 0xCB, 0xD9,
  0xBA, 0xBB, 0x9A, 0x98, 0x02, 0x34, 0x33, 0x50,
  0x2A, 0xBB, 0xFF, 0xBB, 0xDB, 0xCB, 0xCA, 0xBC,
  0xAB, 0xAB, 0xBA, 0xA9, 0x01, 0x64, 0x54, 0x44,
  0x43, 0x43, 0x43, 0x33, 0x23, 0x32, 0x21, 0x08,
  0x99, 0xBC, 0xCB, 0xCB, 0xCB, 0xBB, 0xBB, 0xCA,
  0xAB, 0x9B, 0x99, 0xA9, 0x98, 0x98, 0x91, 0xA1,
  0x09, 0x00, 0x00, 0x03, 0x18, 0x71, 0x21, 0x22,
  0x04, 0x89, 0x8A, 0x9D, 0xAB, 0xDA, 0xFA, 0xBC,
  0xAB, 0xBA, 0xC9, 0xAB, 0x0B, 0x03, 0x15, 0x37,
  0x22, 0x35, 0x14, 0x23, 0x34, 0x34, 0x44, 0x33,
  0x43, 0x32, 0x30, 0x8A, 0xEB, 0xEC, 0xCB, 0xDB,
  0xCB, 0xCB, 0xBC, 0xBB, 0xCA, 0xBB, 0xAA, 0x99,
  0x01, 0x35, 0x54, 0x43, 0x43, 0x43, 0x42, 0x32,
  0x22, 0x20, 0x18, 0x09, 0x9A, 0xBA, 0xCA, 0xAA,
  0xA9, 0x98, 0x80, 0x23, 0x25, 0x34, 0x23, 0x41,
  0x31, 0x20, 0x00, 0x9A, 0x9D, 0xBC, 0xBC, 0xBD,
  0xAA, 0xBB, 0xCA, 0xBB, 0xD9, 0xBB, 0xBB, 0xCB,
  0xAD, 0x8C, 0x8A, 0xA9, 0x90, 0xA8, 0x90, 0x90,
  0x92, 0x31, 0x63, 0x25, 0x40, 0x52, 0x43, 0x43,
  0x53, 0x42, 0x42, 0x23, 0x02, 0x88, 0xBE, 0xCD,
  0xCB, 0xDC, 0xBB, 0xDB, 0xBC, 0xBB, 0xCB, 0xAB,
  0xBA, 0x99, 0x91, 0x24, 0x54, 0x45, 0x33, 0x53,
  0x34, 0x23, 0x33, 0x23, 0x21, 0x10, 0x88, 0x9A,
  0xBB, 0xDB, 0xAC, 0xBB, 0xBC, 0xAB, 0xBB, 0xCA,
  0xAB, 0xBB, 0xCA, 0xBC, 0xAA, 0xCA, 0xBA, 0xBC,
  0xAB, 0xBA, 0xCB, 0xBC, 0xAA, 0xBB, 0x9A, 0xA8,
  0x01, 0x17, 0x25, 0x42, 0x62, 0x42, 0x34, 0x33,
  0x43, 0x33, 0x42, 0x32, 0x32, 0x22, 0x01, 0x10,
  0x01, 0x81, 0x01, 0x19, 0x31, 0x1C, 0x29, 0xFC,
  0xDB, 0xFB, 0xDB, 0xCC, 0xBC, 0xBD, 0xAC, 0xAB,
  0xBC, 0xAB, 0xBA, 0xBA, 0x99, 0x81, 0x34, 0x64,
  0x43, 0x53, 0x43, 0x34, 0x23, 0x33, 0x32, 0x21,
  0x10, 0x88, 0x9A, 0xBD, 0xAC, 0xBB, 0xCB, 0xBB,
  0xCA, 0xBA, 0xBB, 0x9B, 0xA9, 0xA9, 0x98, 0x88,
  0x81, 0x82, 0x23, 0x07, 0x10, 0x30, 0x30, 0x22,
  0x22, 0x01, 0x48, 0x2B, 0xA7, 0x00, 0x80, 0x19,
  0x09, 0xB9, 0xF9, 0x9B, 0xF9, 0xBB, 0xCB, 0xCD,
  0xBB, 0xDA, 0xAC, 0xA9, 0xB9, 0x9A, 0x88, 0x08,
  0x08, 0x9A, 0xBF, 0xCC, 0xDB, 0xCC, 0xBD, 0xBC,
  0xBC, 0xAB, 0xBC, 0xAB, 0xC9, 0xAA, 0x99, 0x01,
  0x36, 0x54, 0x44, 0x35, 0x34, 0x33, 0x43, 0x33,
  0x33, 0x23, 0x11, 0x08, 0x8A, 0xAC, 0xCB, 0xBD,
  0xBB, 0xBC, 0xBB, 0xBB, 0xCA, 0xAA, 0xAB, 0xA9,
  0x99, 0x98, 0x99, 0x18, 0x08, 0x10, 0x01, 0x32,
  0x12, 0x17, 0x80, 0x39, 0x09, 0x8B, 0xCE, 0x0C,
  0xA9, 0xBB, 0xEA, 0x9C, 0xA9, 0xC0, 0xB9, 0x98,
  0x80, 0x29, 0x72, 0x34, 0x44, 0x34, 0x43, 0x43,
  0x43, 0x34, 0x23, 0x22, 0x12, 0xA0, 0xC9, 0xFC,
  0xCB, 0xDB, 0xDB, 0xBC, 0xCB, 0xBC, 0xBB, 0xCB,
  0xBB, 0xAB, 0xB9, 0x80, 0x14, 0x53, 0x63, 0x43,
  0x53, 0x24, 0x22, 0x32, 0x22, 0x11, 0x00, 0x08,
  0x99, 0xA9, 0xAB, 0xAB, 0x9A, 0xA0, 0x91, 0x32,
  0x44, 0x34, 0x34, 0x23, 0x23, 0x21, 0x08, 0x1C,
  0xBC, 0xBF, 0x9B, 0xCB, 0xAB, 0xCC, 0xAA, 0xB8,
  0xE9, 0x8C, 0x8A, 0x99, 0xAA, 0xBA, 0xAB, 0xBA,
  0xC8, 0xC9, 0x8B, 0x19, 0x48, 0x26, 0x33, 0x54,
  0x35, 0x25, 0x22, 0x42, 0x32, 0x32, 0x22, 0x00,
  0xBC, 0xDC, 0xCD, 0xBD, 0xBC, 0xBC, 0xCB, 0xBC,
  0xBB, 0xCB, 0xBB, 0xCA, 0x9A, 0x88, 0x02, 0x36,
  0x44, 0x43, 0x43, 0x44, 0x23, 0x33, 0x23, 0x32,
  0x21, 0x20, 0x08, 0x9A, 0x9C, 0xBB, 0xDA, 0xBC,
  0xAB, 0xBB, 0xBC, 0xAB, 0xBC, 0xAB, 0xBB, 0xCB,
  0xBC, 0xBB, 0xCB, 0xCB, 0xAD, 0x9B, 0xAA, 0xBA,
  0xAA, 0xAB, 0x89, 0x91, 0x04, 0x35, 0x44, 0x44,
  0x24, 0x42, 0x34, 0x33, 0x43, 0x24, 0x32, 0x33,
  0x33, 0x33, 0x42, 0x34, 0x13, 0x22, 0x22, 0x21,
  0x81, 0xCB, 0xDD, 0xCC, 0xCC, 0xBC, 0xCB, 0xCC,
  0xBB, 0xCB, 0xCB, 0xBC, 0xBB, 0xBC, 0xAA, 0xA9,
  0x98, 0x12, 0x45, 0x43, 0x63, 0x34, 0x43, 0x24,
  0x23, 0x22, 0x22, 0x21, 0x00, 0x09, 0x9A, 0xBB,
  0xCC, 0xBB, 0xBD, 0xAB, 0xBA, 0xBB, 0xAB, 0xAB,
  0xA9, 0xB9, 0x9A, 0x89, 0x9A, 0x1A, 0x19, 0x38,
  0x03, 0x14, 0x87, 0x59, 0x82, 0x10, 0x12, 0x18,
  0x31, 0x91, 0x8B, 0x0F, 0xE8, 0xBC, 0xAB, 0xBE,
  0x9C, 0x9A, 0xC8, 0xBA, 0xA9, 0xB9, 0x99, 0xC1,
  0x9D, 0x2A, 0xAA, 0xAB, 0xBF, 0xCB, 0xDB, 0xEA,
  0xCB, 0xDA, 0xCB, 0xBC, 0xBC, 0xBB, 0xCA, 0xC9,
  0xBB, 0x9A, 0x80, 0x13, 0x64, 0x45, 0x35, 0x34,
  0x33, 0x52, 0x33, 0x33, 0x32, 0x32, 0x10, 0x00,
  0x9A, 0xBB, 0xDC, 0xBB, 0xBD, 0xAB, 0xC9, 0xBA,
  0xAB, 0xA9, 0xB9, 0x9A, 0x9A, 0x9A, 0x8A, 0xA8,
  0x99, 0x8A, 0x80, 0x93, 0x09, 0x12, 0x04, 0x99,
  0x3F, 0xBB, 0xFA, 0xC9, 0xDA, 0xAB, 0xBF, 0x0B,
  0x99, 0xA9, 0x80, 0x93, 0x03, 0x54, 0x37, 0x22,
  0x43, 0x35, 0x23, 0x42, 0x32, 0x43, 0x12, 0x21,
  0x90, 0xAB, 0xFC, 0xBD, 0xCC, 0xBC, 0xCB, 0xCB,
  0xCB, 0xBD, 0xAB, 0xBB, 0xBA, 0xBA, 0xA8, 0x01,
  0x36, 0x43, 0x54, 0x34, 0x33, 0x42, 0x33, 0x32,
  0x22, 0x11, 0x10, 0x88, 0x99, 0x9A, 0xA9, 0xA9,
  0x80, 0x83, 0x13, 0x71, 0x42, 0x23, 0x43, 0x13,
  0x22, 0x31, 0x93, 0x0C, 0x1A, 0xBD, 0x9C, 0xCB,
  0xBD, 0xBC, 0xBC, 0xAD, 0x9B, 0xCA, 0xBA, 0xCA,
  0xBB, 0x9B, 0xC9, 0xAA, 0x8A, 0x91, 0x93, 0x84,
  0x52, 0x51, 0x52, 0x33, 0x45, 0x23, 0x24, 0x32,
  0x33, 0x11, 0x29, 0x8B, 0xCF, 0xBD, 0xBD, 0xCB,
  0xCC, 0xBB, 0xDB, 0xBC, 0xBC, 0xAB, 0xBB, 0xAA,
  0xA9, 0x81, 0x15, 0x44, 0x44, 0x34, 0x43, 0x34,
  0x23, 0x33, 0x33, 0x32, 0x22, 0x01, 0x08, 0x99,
  0xAB, 0xBD, 0xBB, 0xDA, 0xAC, 0xAB, 0xBB, 0xCB,
  0xBB, 0xCB, 0xCA, 0xCA, 0xBA, 0xBC, 0xAB, 0xAD,
  0x9A, 0xB9, 0xBA, 0xBA, 0xAA, 0xAA, 0x89, 0x00,
  0x26, 0x23, 0x54, 0x34, 0x34, 0x43, 0x42, 0x42,
  0x33, 0x43, 0x33, 0x42, 0x33, 0x34, 0x33, 0x33,
  0x43, 0x33, 0x42, 0x22, 0x19, 0x8B, 0xED, 0xCB,
  0xDC, 0xCB, 0xDB, 0xCB, 0xCB, 0xBC, 0xCA, 0xBB,
  0xCA, 0xAB, 0xAA, 0x99, 0x01, 0x25, 0x44, 0x44,
  0x34, 0x34, 0x33, 0x42, 0x33, 0x23, 0x22, 0x11,
  0x00, 0x08, 0x9A, 0xBC, 0xBB, 0xDB, 0xBB, 0xCA,
  0xBB, 0xAC, 0x9B, 0xAA, 0xBA, 0xAA, 0xC8, 0xA9,
  0xAA, 0xF8, 0x0A, 0x01, 0x01, 0x82, 0x81, 0x9D,
  0x98, 0xB8, 0xDA, 0xFA, 0xAB, 0xBC, 0x9E, 0x9A,
  0xCA, 0x8A, 0xBC, 0xAD, 0xBA, 0x91, 0xA8, 0xF7,
  0x77, 0x71, 0x80, 0x80, 0x80, 0x00, 0x89, 0x9A,
  0x8A, 0x99, 0xAA, 0xA9, 0xAA, 0xBA, 0xCB, 0xAB,
  0xCC, 0xAB, 0xBB, 0xCB, 0xBA, 0xAA, 0x98, 0x02,
  0x36, 0x35, 0x44, 0x34, 0x34, 0x34, 0x22, 0x33,
  0x21, 0x33, 0x11, 0x88, 0x80, 0x9A, 0xBC, 0xBB,
  0xAB, 0xFB, 0xAA, 0xAA, 0x9C, 0xBA, 0xA8, 0xAA,
  0xB8, 0x08, 0x9A, 0xB8, 0x50, 0x89, 0xA8, 0x31,
  0xF8, 0x2D, 0x82, 0x2C, 0xA5, 0x8C, 0x95, 0x2C,
  0xA0, 0x60, 0xBA, 0x05, 0x3D, 0xC0, 0x24, 0x09,
  0xB9, 0x16, 0x32, 0x89, 0xCB, 0x06, 0x63, 0x20,
  0x8B, 0xCC, 0xBB, 0xAA, 0xCA, 0xCA, 0xA9, 0x9A,
  0x9B, 0xA9, 0x02, 0x52, 0x19, 0xBD, 0xCB, 0xA0,
  0x02, 0x53, 0x63, 0x43, 0x44, 0x33, 0x34, 0x23,
  0x22, 0x11, 0x01, 0x08, 0x98, 0x9A, 0xBA, 0xBC,
  0xBD, 0xBB, 0xBC, 0xBA, 0xC9, 0xBA, 0xBA, 0xBB,
  0xAB, 0xAA, 0x89, 0x88, 0x0A, 0xA0, 0x80, 0x10,
  0x11, 0x31, 0x2D, 0xF8, 0xA8, 0x92, 0xB1, 0xB8,
  0xEC, 0xAA, 0x8B, 0xBD, 0x89, 0x1C, 0x92, 0x9A,
  0xFA, 0x89, 0x9A, 0x27, 0x41, 0x12, 0x63, 0x22,
  0x13, 0x65, 0x11, 0x02, 0x21, 0x28, 0xAC, 0xBC,
  0x9A, 0xDC, 0xDC, 0xBA, 0xBC, 0xBC, 0xCC, 0xBB,
  0xBA, 0x9A, 0xAC, 0xCA, 0xA8, 0x03, 0x63, 0x44,
  0x35, 0x33, 0x42, 0x21, 0x10, 0x89, 0x9A, 0xAB,
  0xDA, 0xBB, 0xAA, 0xA8, 0x80, 0x01, 0x18, 0x89,
  0x00, 0x03, 0x65, 0x45, 0x43, 0x63, 0x34, 0x34,
  0x32, 0x33, 0x21, 0x18, 0x0A, 0x9C, 0xBB, 0xDB,
  0xCA, 0xCA, 0xAB, 0xBB, 0xBA, 0xBC, 0xAA, 0xA9,
  0xBA, 0xAA, 0x98, 0x90, 0x82, 0x81, 0x94, 0x22,
  0x72, 0x71, 0x33, 0x43, 0x34, 0x23, 0x13, 0x11,
  0x88, 0x9B, 0xDD, 0xDB, 0xDB, 0xCC, 0xAC, 0xBC,
  0xAC, 0xBA, 0xCB, 0xAC, 0xAA, 0xBA, 0xA9, 0x88,
  0x11, 0x36, 0x36, 0x34, 0x43, 0x34, 0x33, 0x43,
  0x32, 0x32, 0x22, 0x22, 0x11, 0x08, 0x8B, 0x9B,
  0x9B, 0xC9, 0xDA, 0xBA, 0xBC, 0xBB, 0xBB, 0xA9,
  0x38, 0x24, 0x33, 0x23, 0xB1, 0xFD, 0xDC, 0xCD,
  0xBD, 0xAC, 0xAB, 0xBB, 0xBA, 0xBA, 0xA9, 0xA8,
  0x98, 0x88, 0x20, 0x34, 0x44, 0x53, 0x45, 0x35,
  0x34, 0x34, 0x34, 0x33, 0x24, 0x22, 0x22, 0x12,
  0x00, 0x09, 0x9A, 0xCB, 0xCC, 0xCB, 0xBD, 0xBB,
  0xCC, 0xAC, 0xAB, 0xCA, 0xBB, 0xBC, 0xAB, 0xAB,
  0xAA, 0xA9, 0x80, 0x13, 0x54, 0x44, 0x43, 0x44,
  0x23, 0x43, 0x32, 0x33, 0x32, 0x32, 0x11, 0x10,
  0x88, 0x9B, 0xAB, 0xCD, 0xAB, 0xBB, 0xCA, 0xAC,
  0xAA, 0xB9, 0xC8, 0xAA, 0xAA, 0xAB, 0x9C, 0x9C,
  0xA8, 0xD9, 0x88, 0x80, 0x19, 0x02, 0x1C, 0x40,
  0x23, 0x97, 0x01, 0x20, 0x08, 0x8A, 0x99, 0xD8,
  0x0A, 0x59, 0x37, 0x43, 0x44, 0x33, 0x44, 0x21,
  0x21, 0x89, 0x9E, 0xBD, 0xCB, 0xDB, 0xBC, 0xCA,
  0xBC, 0xBB, 0xBC, 0xBC, 0xBB, 0xCB, 0xBB, 0xBB,
  0xBA, 0xA9, 0x10, 0x45, 0x44, 0x44, 0x35, 0x33,
  0x44, 0x23, 0x34, 0x23, 0x23, 0x22, 0x22, 0x01,
  0x00, 0x99, 0xBB, 0xAE, 0xAB, 0xCA, 0xCA, 0xBA,
  0xBB, 0xBB, 0xBB, 0xBB, 0xAB, 0xA9, 0xBB, 0x9A,
  0xC8, 0xA9, 0x99, 0xA9, 0xC8, 0x9E, 0x8A, 0xAB,
  0xA0, 0xD0, 0x8B, 0x1D, 0x88, 0xD8, 0xCA, 0xBC,
  0xAB, 0xBC, 0x9B, 0xA8, 0xA8, 0x23, 0x37, 0x35,
  0x42, 0x61, 0x32, 0x35, 0x23, 0x24, 0x23, 0x21,
  0x10, 0x1A, 0xAC, 0xCC, 0xDB, 0xDB, 0xDC, 0xAC,
  0xCB, 0xBC, 0xBC, 0xBB, 0xBB, 0xBB, 0xB9, 0xA8,
  0x02, 0x53, 0x54, 0x42, 0x43, 0x34, 0x23, 0x33,
  0x13, 0x20, 0x18, 0x89, 0xAB, 0xEA, 0xCB, 0xBB,
  0xCB, 0xBA, 0xA9, 0x91, 0x14, 0x63, 0x53, 0x62,
  0x34, 0x34, 0x33, 0x33, 0x33, 0x32, 0x31, 0x20,
  0x88, 0xAA, 0xCC, 0xCB, 0xDA, 0xCA, 0xCA, 0xAB,
  0xBC, 0xAB, 0xAA, 0xCA, 0x9B, 0x99, 0x98, 0xA8,
  0x10, 0x12, 0x43, 0x52, 0x52, 0x43, 0x34, 0x33,
  0x34, 0x22, 0x32, 0x02, 0x99, 0xAD, 0xDD, 0xAD,
  0xBD, 0xBC, 0xBC, 0xBC, 0xCA, 0xCA, 0xBB, 0xBB,
  0xBB, 0xBA, 0xB9, 0x08, 0x35, 0x36, 0x43, 0x44,
  0x34, 0x33, 0x43, 0x33, 0x32, 0x33, 0x32, 0x21,
  0x11, 0x19, 0x09, 0x9B, 0x9C, 0xBB, 0xF9, 0x8A,
  0x98, 0x98, 0x91, 0xA8, 0x1B, 0x8C, 0xBE, 0xAD,
  0xCB, 0xCC, 0xBC, 0xBD, 0xAB, 0xCB, 0xBC, 0xBB,
  0xCA, 0xBB, 0xCA, 0xBA, 0xAA, 0xA0, 0x80, 0x34,
  0x54, 0x44, 0x35, 0x34, 0x34, 0x34, 0x23, 0x42,
  0x32, 0x33, 0x22, 0x22, 0x11, 0x08, 0x9B, 0xBD,
  0xCC, 0xBD, 0xBC, 0xCA, 0xCB, 0xBB, 0xDA, 0xCA,
  0xBA, 0xBC, 0xAA, 0xAA, 0xA9, 0x98, 0x02, 0x24,
  0x44, 0x44, 0x24, 0x33, 0x44, 0x22, 0x32, 0x33,
  0x23, 0x21, 0x21, 0x00, 0x80, 0xB9, 0xBB, 0xCC,
  0xAC, 0xAB, 0xAB, 0xAC, 0xAA, 0xAA, 0xD8, 0xA9,
  0xA8, 0xBC, 0x8B, 0xA8, 0xCA, 0x0B, 0x3C, 0x01,
  0x18, 0x85, 0x90, 0x1B, 0x9B, 0xCB, 0xD9, 0xC9,
  0xC1, 0x3A, 0x85, 0x25, 0x26, 0x14, 0x21, 0x41,
  0x22, 0x22, 0x11, 0x10, 0x9B, 0xBB, 0xFD, 0xBB,
  0xEB, 0xCC, 0xBD, 0xBB, 0xDB, 0xDB, 0xAC, 0xBB,
  0xCB, 0xBB, 0xBB, 0xBB, 0xA9, 0x80, 0x13, 0x63,
  0x54, 0x43, 0x44, 0x33, 0x53, 0x24, 0x23, 0x33,
  0x33, 0x23, 0x31, 0x21, 0x00, 0x99, 0xAA, 0xCC,
  0xAC, 0xAC, 0xAB, 0xBC, 0xAA, 0xBB, 0xBA, 0xCA,
  0xAB, 0xAA, 0xAB, 0x98, 0xB9, 0x98, 0x0B, 0x01,
  0xA9, 0x3B, 0x0D, 0x89, 0xF9, 0x9B, 0x9D, 0xC9,
  0xBA, 0xD8, 0xAD, 0x99, 0xA9, 0x9B, 0x89, 0x91,
  0x80, 0x81, 0x27, 0x17, 0x23, 0x52, 0x43, 0x43,
  0x43, 0x33, 0x33, 0x33, 0x02, 0xB0, 0xDD, 0xDB,
  0xDC, 0xCB, 0xBF, 0x9B, 0xBA, 0xCB, 0xBB, 0xBB,
  0xCA, 0xAA, 0x9A, 0x00, 0x12, 0x44, 0x44, 0x34,
  0x34, 0x34, 0x32, 0x33, 0x23, 0x21, 0x10, 0x88,
  0xBA, 0xDC, 0xBC, 0xBB, 0xCA, 0xBA, 0x9A, 0x01,
  0x35, 0x37, 0x34, 0x43, 0x34, 0x42, 0x34, 0x23,
  0x32, 0x32, 0x22, 0x21, 0x00, 0x8A, 0xAC, 0xBE,
  0xBB, 0xCB, 0xCB, 0xCB, 0xAB, 0xCA, 0xAB, 0xAC,
  0x8A, 0x9A, 0x98, 0xA8, 0x88, 0x11, 0x13, 0x72,
  0x36, 0x23, 0x44, 0x23, 0x34, 0x13, 0x10, 0x10,
  0xAD, 0x9D, 0xBC, 0xDB, 0xCC, 0xBC, 0xBB, 0xCC,
  0xBA, 0xCB, 0xAB, 0xBB, 0xBA, 0xBA, 0x98, 0x11,
  0x54, 0x44, 0x35, 0x34, 0x34, 0x33, 0x42, 0x32,
  0x33, 0x23, 0x12, 0x21, 0x00, 0x00, 0xA8, 0xB8,
  0xAC, 0x8B, 0x9B, 0x8D, 0x09, 0xA9, 0x8A, 0xA9,
  0xCA, 0xCB, 0xDD, 0xBB, 0xFA, 0xBC, 0xBC, 0xBB,
  0xDB, 0xCB, 0xBC, 0xAC, 0xAA, 0xBB, 0xBA, 0xB9,
  0xA9, 0xA1, 0x03, 0x44, 0x63, 0x44, 0x35, 0x34,
  0x34, 0x33, 0x43, 0x42, 0x33, 0x33, 0x33, 0x22,
  0x21, 0x08, 0xAA, 0xDC, 0xBD, 0xCB, 0xCC, 0xBB,
  0xDA, 0xBC, 0xBB, 0xBC, 0xBA, 0xCA, 0xAA, 0xAA,
  0xA9, 0x88, 0x12, 0x34, 0x54, 0x35, 0x34, 0x34,
  0x24, 0x22, 0x33, 0x23, 0x22, 0x12, 0x11, 0x08,
  0x98, 0x9B, 0x9C, 0xAC, 0xAB, 0xBB, 0xD9, 0xBA,
  0xBB, 0x9B, 0xAB, 0x9B, 0xA9, 0xC2, 0xAE, 0x2A,
  0x8A, 0x81, 0xD2, 0xCA, 0x09, 0xB8, 0x9E, 0xC2,
  0x99, 0x91, 0x9B, 0x3B, 0x31, 0x41, 0x17, 0x14,
  0x03, 0x35, 0x24, 0x24, 0x34, 0x23, 0x31, 0x32,
  0x38, 0x0C, 0xCD, 0xDC, 0xCC, 0xCB, 0xCC, 0xBC,
  0xBC, 0xBC, 0xBB, 0xCB, 0xBC, 0xBA, 0xBA, 0xBB,
  0x99, 0x80, 0x04, 0x36, 0x35, 0x43, 0x43, 0x44,
  0x24, 0x23, 0x33, 0x33, 0x33, 0x42, 0x21, 0x11,
  0x18, 0x88, 0x9A, 0xAB, 0xDB, 0xBD, 0xBB, 0xBC,
  0xAB, 0xBB, 0xBA, 0xAB, 0xA9, 0x99, 0xB0, 0xA9,
  0x9D, 0x8A, 0x9F, 0x0A, 0x89, 0xB0, 0x8A, 0xA8,
  0x2B, 0x90, 0xE1, 0xC8, 0xC9, 0xBD, 0xAC, 0xBB,
  0x9F, 0x98, 0x90, 0x90, 0x21, 0x51, 0x52, 0x42,
  0x43, 0x25, 0x23, 0x32, 0x42, 0x22, 0x21, 0x19,
  0x8A, 0xE9, 0xDD, 0xBC, 0xBD, 0xBC, 0xBC, 0xBB,
  0xBD, 0xAB, 0xBB, 0xC9, 0xBA, 0xAA, 0x99, 0x88,
  0x23, 0x35, 0x62, 0x43, 0x43, 0x34, 0x33, 0x24,
  0x21, 0x11, 0x08, 0x0A, 0xAA, 0xBE, 0xAB, 0xBB,
  0xBB, 0xAA, 0x91, 0x34, 0x55, 0x36, 0x33, 0x53,
  0x34, 0x34, 0x23, 0x33, 0x33, 0x32, 0x22, 0x11,
  0x00, 0xA9, 0xBD, 0xAC, 0xDA, 0xBC, 0xBC, 0xAB,
  0xCB, 0xBB, 0xBC, 0xBA, 0xAB, 0xB8, 0xA8, 0x90,
  0x05, 0x06, 0x12, 0x61, 0x22, 0x33, 0x33, 0x51,
  0x13, 0x01, 0x19, 0x0B, 0xDB, 0xFB, 0xCC, 0xDA,
  0xCA, 0xCB, 0xBC, 0xBC, 0xBB, 0xBB, 0xCA, 0xBA,
  0xBA, 0x99, 0x80, 0x13, 0x54, 0x45, 0x33, 0x53,
  0x34, 0x33, 0x42, 0x23, 0x32, 0x23, 0x22, 0x20,
  0x21, 0x10, 0x01, 0x00, 0x93, 0x99, 0x08, 0x8C,
  0x9D, 0xAA, 0xEA, 0xBC, 0xBB, 0xBF, 0xBA, 0xCB,
  0xBD, 0xBA, 0xDA, 0xBB, 0xDA, 0xBD, 0xAB, 0xAC,
  0xAB, 0xBA, 0xCA, 0x9B, 0x89, 0x88, 0x11, 0x53,
  0x54, 0x35, 0x34, 0x43, 0x43, 0x42, 0x43, 0x23,
  0x34, 0x22, 0x23, 0x21, 0x10, 0x19, 0x8B, 0xCB,
  0xEB, 0xCC, 0xBC, 0xBC, 0xCB, 0xBB, 0xCC, 0xAB,
  0xBB, 0xBB, 0xCA, 0xAA, 0x99, 0x80, 0x22, 0x45,
  0x34, 0x43, 0x43, 0x43, 0x33, 0x42, 0x33, 0x23,
  0x22, 0x21, 0x20, 0x01, 0x09, 0x98, 0x8C, 0xB8,
  0xBC, 0xB9, 0xBC, 0x9A, 0xBA, 0xBD, 0x8B, 0xA8,
  0xC9, 0xA9, 0xCA, 0x9C, 0x0E, 0x88, 0x1B, 0xA0,
  0xD1, 0xB0, 0x99, 0x8C, 0x00, 0xB4, 0xC3, 0x88,
  0x11, 0x68, 0x42, 0x23, 0x44, 0x23, 0x43, 0x25,
  0x21, 0x14, 0x02, 0x09, 0x1A, 0xBC, 0xFA, 0xDC,
  0xAD, 0xAD, 0xBB, 0xCC, 0xBC, 0xBB, 0xCB, 0xBC,
  0xBA, 0xBB, 0xAB, 0xA9, 0xA0, 0x02, 0x36, 0x35,
  0x43, 0x53, 0x34, 0x42, 0x34, 0x23, 0x23, 0x32,
  0x32, 0x22, 0x21, 0x00, 0x08, 0x99, 0xAA, 0xBC,
  0xBC, 0xBB, 0xCB, 0xCA, 0xBA, 0xBB, 0xBB, 0xBB,
  0xB9, 0xD8, 0xA1, 0x69, 0x18, 0xF9, 0x88, 0x12,
  0x09, 0x8D, 0x34, 0x88, 0x90, 0xC0, 0x3F, 0x09,
  0xC1, 0x13, 0x8B, 0x88, 0xC9, 0x98, 0xB0, 0x42,
  0x5C, 0x1F, 0xB0, 0xEA, 0x20, 0x9B, 0xDD, 0x99,
  0x90, 0x91, 0x80, 0xCA, 0xE9, 0x89, 0xBF, 0xCA,
  0x9A, 0xD8, 0x77, 0x58, 0x88, 0x88, 0x9B, 0xA9,
  0xAE, 0x07, 0x76, 0x80, 0x80, 0x80, 0x08, 0x9A,
  0x99, 0x99, 0x98, 0x98, 0x88, 0x88, 0x80, 0x80,
  0x80, 0x88, 0x90, 0x80, 0x88, 0x88, 0x00, 0x88,
  0x04, 0x08, 0x10, 0x92, 0x3E, 0x94, 0x29, 0xBC,
  0x03, 0x0B, 0xA0, 0x64, 0x9A, 0x08, 0x44, 0xBA,
  0x30, 0xA2, 0x2F, 0x84, 0x1B, 0xB3, 0x52, 0x9C,
  0xAA, 0x76, 0x08, 0x9D, 0xA9, 0xAB, 0x88, 0xB9,
  0x42, 0xA8, 0x76, 0x0A, 0x02, 0x38, 0xB8, 0x55,
  0x31, 0x9A, 0xA3, 0x75, 0x10, 0xBC, 0xCB, 0xBA,
  0xAB, 0xBA, 0xA8, 0x88, 0x80, 0x37, 0x43, 0x31,
  0x89, 0x80, 0x23, 0x54, 0x43, 0x34, 0x32, 0x33,
  0x21, 0x89, 0xAC, 0xBC, 0xBC, 0xAB, 0xBA, 0xAB,
  0xBA, 0xBA, 0x98, 0x98, 0x88, 0x89, 0x01, 0x89,
  0x02, 0x20, 0xBC, 0x02, 0x41, 0x04, 0x43, 0x2B,
  0x98, 0x47, 0x31, 0xC8, 0x99, 0x24, 0x39, 0x24,
  0x2C, 0xDC, 0xEB, 0xCA, 0xBB, 0xB8, 0x18, 0x82,
  0x42, 0x08, 0x24, 0x32, 0x35, 0x54, 0x32, 0x23,
  0x63, 0x20, 0x90, 0x81, 0x28, 0xBE, 0xBA, 0x13,
  0x30, 0xCE, 0xB9, 0x03, 0x33, 0x34, 0x35, 0x29,
  0xDF, 0xCB, 0xDA, 0xBC, 0xAB, 0xAA, 0x99, 0x01,
  0x13, 0x23, 0x33, 0x33, 0x53, 0x54, 0x35, 0x43,
  0x43, 0x43, 0x23, 0x22, 0x10, 0x0A, 0x9B, 0xBC,
  0xCB, 0xBB, 0xCA, 0xBB, 0xBA, 0xAA, 0xAA, 0x99,
  0xA9, 0x90, 0x01, 0x22, 0x08, 0x9B, 0xBE, 0xBF,
  0xCB, 0xCB, 0xBC, 0xB9, 0xAA, 0x80, 0x01, 0x11,
  0x14, 0x44, 0x45, 0x34, 0x43, 0x33, 0x33, 0x21,
  0x01, 0x89, 0xAC, 0xBD, 0xAB, 0xBD, 0xAA, 0xB9,
  0x89, 0x9C, 0xB9, 0x03, 0x44, 0x12, 0x80, 0x45,
  0x34, 0x22, 0x21, 0x02, 0xAA, 0x81, 0x46, 0x53,
  0x32, 0x58, 0x09, 0xDC, 0xEC, 0xCB, 0xCC, 0xAB,
  0xBA, 0xAA, 0x99, 0x88, 0x08, 0x12, 0x14, 0x44,
  0x35, 0x35, 0x43, 0x43, 0x43, 0x33, 0x33, 0x22,
  0x11, 0x08, 0x99, 0xBC, 0xCC, 0xCA, 0xCB, 0xAC,
  0xAB, 0xAA, 0xBA, 0xAA, 0x99, 0x88, 0x00, 0x22,
  0x25, 0x36, 0x33, 0x43, 0x33, 0x23, 0x20, 0x18,
  0x99, 0xAC, 0xAC, 0xBA, 0xBA, 0x9A, 0xBD, 0xAA,
  0xA8, 0xB8, 0x0C, 0xAA, 0xAC, 0xAA, 0xBB, 0xE0,
  0x98, 0xEA, 0x9A, 0x92, 0x28, 0x3A, 0x24, 0x25,
  0x35, 0x53, 0x34, 0x41, 0x22, 0x13, 0x02, 0x21,
  0x41, 0x37, 0x52, 0x22, 0x23, 0x89, 0xDE, 0xCD,
  0xBD, 0xBC, 0xBC, 0xBB, 0xBB, 0xAB, 0xA9, 0xA9,
  0x80, 0x81, 0x14, 0x36, 0x44, 0x35, 0x34, 0x43,
  0x34, 0x33, 0x32, 0x22, 0x21, 0x00, 0x88, 0x99,
  0x9B, 0xAB, 0xAC, 0xBA, 0xBC, 0xCC, 0xBB, 0xBD,
  0xAA, 0xAB, 0xBB, 0xBA, 0xAC, 0x99, 0x99, 0xA9,
  0x89, 0x09, 0x0B, 0x19, 0xDA, 0x91, 0xA9, 0x23,
  0x37, 0x30, 0x98, 0x09, 0x3F, 0x83, 0x99, 0xB9,
  0xC9, 0xBB, 0xDD, 0xA9, 0xBC, 0xDB, 0xB8, 0x98,
  0x08, 0x18, 0x60, 0x07, 0x34, 0x34, 0x34, 0x22,
  0x32, 0x23, 0x22, 0x35, 0x42, 0x52, 0x24, 0x21,
  0x00, 0xEC, 0xDC, 0xCC, 0xCB, 0xCB, 0xBC, 0xAB,
  0xCA, 0xAA, 0xAA, 0xA8, 0x90, 0x13, 0x45, 0x35,
  0x44, 0x34, 0x43, 0x33, 0x42, 0x33, 0x22, 0x22,
  0x01, 0x89, 0x9A, 0xBC, 0xCB, 0xBC, 0xBC, 0xAB,
  0xBB, 0xBB, 0xAB, 0xAB, 0xC9, 0x99, 0xA9, 0x8A,
  0x18, 0x89, 0x91, 0x11, 0x10, 0x08, 0x1C, 0xA3,
  0x01, 0x18, 0x90, 0x40, 0xB9, 0x01, 0x20, 0x4B,
  0x3B, 0x8F, 0x2F, 0xC0, 0xA1, 0xF0, 0x89, 0xCB,
  0x08, 0x10, 0x12, 0x14, 0x23, 0x53, 0x22, 0x28,
  0x08, 0xBC, 0xCD, 0xBD, 0xCB, 0xD9, 0x9B, 0xA1,
  0x10, 0x72, 0x54, 0x23, 0x33, 0x18, 0x8A, 0xCF,
  0xBC, 0xCC, 0xCB, 0xCB, 0xCB, 0xBB, 0xCB, 0xAB,
  0xAA, 0x90, 0x12, 0x45, 0x44, 0x44, 0x34, 0x34,
  0x33, 0x34, 0x23, 0x22, 0x12, 0x00, 0x89, 0x9A,
  0xBC, 0xBC, 0xBC, 0xBC, 0xBA, 0xBA, 0xBA, 0xBB,
  0xAB, 0xBA, 0x9A, 0x9B, 0x88, 0xB8, 0xC9, 0x18,
  0x22, 0xD8, 0x48, 0x10, 0x02, 0x03, 0x17, 0x30,
  0x12, 0x16, 0x80, 0x22, 0x81, 0x9E, 0xAF, 0xBB,
  0xBE, 0xBA, 0xDA, 0xAC, 0xB9, 0xAB, 0x99, 0xA8,
  0x91, 0x36, 0x52, 0x53, 0x34, 0x34, 0x34, 0x32,
  0x32, 0x22, 0x31, 0x13, 0x12, 0x01, 0x8B, 0xCC,
  0xFB, 0xBC, 0xDB, 0xCC, 0xBC, 0xBC, 0xBB, 0xBC,
  0xBB, 0xCA, 0xBB, 0xAA, 0x99, 0x81, 0x23, 0x73,
  0x54, 0x43, 0x43, 0x43, 0x42, 0x32, 0x33, 0x22,
  0x21, 0x10, 0x89, 0x9B, 0xBC, 0xCB, 0xCB, 0xBC,
  0xAB, 0xBB, 0xC9, 0xAA, 0x9A, 0xA9, 0xA9, 0x80,
  0x01, 0x00, 0x3A, 0xA0, 0xBA, 0xBD, 0xEC, 0xBD,
  0xAB, 0xCA, 0xBB, 0xBB, 0xCA, 0xB0, 0xBA, 0x12,
  0x45, 0x36, 0x33, 0x62, 0x23, 0x42, 0x23, 0x21,
  0x10, 0x09, 0x99, 0xAA, 0xAD, 0xB8, 0xB1, 0xD0,
  0x89, 0x38, 0x28, 0x28, 0x43, 0x54, 0x43, 0x45,
  0x32, 0x31, 0x40, 0x98, 0xAC, 0xDC, 0xEA, 0xDB,
  0xCC, 0xAB, 0xCA, 0xCB, 0xBC, 0xAA, 0xBA, 0xAA,
  0xA9, 0x80, 0x13, 0x65, 0x35, 0x34, 0x43, 0x42,
  0x42, 0x33, 0x32, 0x32, 0x31, 0x11, 0x08, 0x89,
  0xBC, 0xBD, 0xBB, 0xCB, 0xBC, 0xCB, 0xBB, 0xCB,
  0xAB, 0xAB, 0xBB, 0xAA, 0xAB, 0xA9, 0x13, 0x35,
  0x36, 0x34, 0x34, 0x33, 0x34, 0x23, 0x41, 0x01,
  0x11, 0x08, 0x99, 0xB9, 0xEB, 0x9B, 0xAB, 0xDA,
  0xAC, 0x9C, 0xA8, 0xB0, 0x09, 0x88, 0x99, 0x80,
  0x94, 0x08, 0x22, 0x33, 0x71, 0x27, 0x14, 0x13,
  0x24, 0x24, 0x33, 0x42, 0x42, 0x01, 0x1A, 0xAA,
  0xDC, 0xDC, 0xCC, 0xBD, 0xBC, 0xBB, 0xCB, 0xCB,
  0xBC, 0xAB, 0xAB, 0xAA, 0x99, 0x01, 0x24, 0x54,
  0x44, 0x43, 0x34, 0x42, 0x42, 0x32, 0x32, 0x22,
  0x20, 0x00, 0x88, 0xA9, 0xBC, 0xBA, 0xCA, 0x99,
  0xA8, 0x99, 0xA9, 0x09, 0x89, 0xAD, 0xAD, 0x99,
  0xBA, 0xCB, 0xAC, 0xBC, 0x9B, 0xA0, 0xA0, 0xA1,
  0xAB, 0x0F, 0x82, 0x98, 0x0C, 0x11, 0x0A, 0xE9,
  0x9B, 0xA9, 0xBB, 0x9F, 0xA8, 0x99, 0xBA, 0xB0,
  0xBD, 0xB2, 0xD0, 0x32, 0x41, 0x33, 0x10, 0x79,
  0x35, 0x33, 0x43, 0x63, 0x13, 0x52, 0x25, 0x23,
  0x25, 0x80, 0x10, 0x0A, 0xBD, 0xCD, 0xBD, 0xBD,
  0xAC, 0xCA, 0xBC, 0xBB, 0xCB, 0xBC, 0xAA, 0xBA,
  0xA9, 0x98, 0x12, 0x37, 0x44, 0x43, 0x43, 0x44,
  0x23, 0x33, 0x42, 0x22, 0x21, 0x11, 0x00, 0x89,
  0x9B, 0xBC, 0xBC, 0xCA, 0xBB, 0xCB, 0xBB, 0xBB,
  0xBA, 0xCB, 0x99, 0xA9, 0xA9, 0x98, 0x89, 0x09,
  0x19, 0x22, 0x91, 0x97, 0xA1, 0x41, 0x81, 0x19,
  0x18, 0x09, 0x3C, 0xDA, 0x8B, 0xB1, 0xBB, 0xBC,
  0xAC, 0xBC, 0x0A, 0xDC, 0x92, 0x44, 0x01, 0x12,
  0x35, 0x25, 0x21, 0x40, 0x22, 0x11, 0x11, 0x22,
  0x11, 0x28, 0x2A, 0xDC, 0x8F, 0xF9, 0xBB, 0xCD,
  0xCB, 0xCB, 0xCA, 0xBC, 0xBB, 0xBD, 0xAB, 0xBC,
  0xAA, 0xCA, 0xBB, 0xCA, 0x99, 0x90, 0x15, 0x43,
  0x63, 0x54, 0x34, 0x34, 0x33, 0x34, 0x33, 0x22,
  0x31, 0x21, 0x00, 0x98, 0x9A, 0xCA, 0xBD, 0xBC,
  0xBC, 0xAB, 0xBB, 0xBC, 0xAA, 0xBA, 0xCA, 0xA9,
  0x89, 0x9A, 0x98, 0x99, 0xA8, 0x81, 0x84, 0xB2,
  0x42, 0x30, 0x49, 0x63, 0x80, 0x11, 0x33, 0x22,
  0x11, 0x83, 0xFB, 0x0B, 0xBF, 0xDB, 0xCA, 0xBF,
  0x9B, 0xC9, 0x9A, 0xBB, 0xBA, 0xBB, 0xA8, 0x02,
  0x45, 0x44, 0x52, 0x45, 0x23, 0x43, 0x33, 0x33,
  0x31, 0x22, 0x10, 0xAA, 0xDF, 0xAA, 0xDB, 0xBC,
  0xCB, 0xBD, 0xBA, 0xCA, 0xBC, 0xAA, 0xAA, 0xBA,
  0xA9, 0x08, 0x13, 0x55, 0x34, 0x53, 0x43, 0x43,
  0x42, 0x34, 0x22, 0x31, 0x22, 0x12, 0x81, 0x09,
  0x8A, 0xBA, 0xCC, 0xBB, 0xDB, 0xAB, 0xAC, 0xAB,
  0xAB, 0xBA, 0xBA, 0x8B, 0x18, 0xA1, 0xA9, 0x91,
  0x94, 0x39, 0x9B, 0xD9, 0xDC, 0xC9, 0x9D, 0xCA,
  0xBB, 0xBD, 0xB8, 0x9E, 0x98, 0xAA, 0x98, 0x01,
  0x20, 0x55, 0x23, 0x35, 0x24, 0x23, 0x32, 0x42,
  0x12, 0x00, 0x32, 0x21, 0x20, 0x31, 0x33, 0x70,
  0x15, 0x23, 0x23, 0x22, 0x28, 0xB1, 0xAF, 0xBF,
  0xBD, 0xBD, 0xCA, 0xCA, 0xCB, 0xCB, 0xBB, 0xEA,
  0xAB, 0xBB, 0xBB, 0xBB, 0xA9, 0x99, 0x24, 0x45,
  0x43, 0x54, 0x33, 0x53, 0x34, 0x32, 0x42, 0x22,
  0x22, 0x12, 0x11, 0x08, 0x8A, 0xA9, 0xBC, 0xBC,
  0xCB, 0xAC, 0xCA, 0xBA, 0xBC, 0xAB, 0xBB, 0xCA,
  0xBC, 0x9B, 0xAA, 0xAB, 0x9A, 0x90, 0x8A, 0x64,
  0x13, 0x43, 0x43, 0x44, 0x23, 0x22, 0x32, 0x02,
  0x88, 0x10, 0x9A, 0xBD, 0xBB, 0xDB, 0xAE, 0xA0,
  0x9B, 0xAA, 0x9A, 0xB9, 0x80, 0x22, 0x43, 0x52,
  0x71, 0x15, 0x33, 0x43, 0x24, 0x24, 0x02, 0x23,
  0x01, 0x2A, 0xBE, 0xBD, 0xBD, 0xCB, 0xCB, 0xCC,
  0xBC, 0xCA, 0xBB, 0xBC, 0xBC, 0xAC, 0xA9, 0xA9,
  0x99, 0x90, 0x03, 0x63, 0x45, 0x34, 0x35, 0x23,
  0x42, 0x33, 0x33, 0x32, 0x22, 0x11, 0x08, 0x99,
  0xBD, 0xCA, 0xCA, 0xBA, 0xCA, 0x9A, 0xB9, 0x99,
  0x08, 0x30, 0x12, 0x25, 0x20, 0x02, 0x01, 0x89,
  0x1C, 0xC9, 0xA9, 0xAA, 0x9F, 0x91, 0xB9, 0xBB,
  0x0A, 0xF0, 0x0A, 0x8B, 0xBB, 0x9A, 0x0F, 0x00,
  0xAB, 0xB9, 0xEA, 0xBA, 0x89, 0x98, 0xB8, 0x68,
  0x2D, 0x34, 0x13, 0x12, 0x27, 0x32, 0x62, 0x32,
  0x14, 0x51, 0x22, 0x11, 0x32, 0x09, 0x09, 0x8F,
  0xAA, 0xFA, 0xDB, 0xCA, 0xDB, 0xBC, 0xBC, 0xBC,
  0xBC, 0xAC, 0xAA, 0xAA, 0xB9, 0xA9, 0x80, 0x13,
  0x54, 0x53, 0x44, 0x34, 0x34, 0x33, 0x42, 0x33,
  0x33, 0x32, 0x32, 0x11, 0x08, 0x8A, 0xAB, 0xCB,
  0xDB, 0xBB, 0xCC, 0xBB, 0xBB, 0xBC, 0x9A, 0xBA,
  0xAA, 0xA9, 0xB9, 0xB0, 0x9C, 0x8B, 0xA9, 0x0A,
  0x81, 0xB5, 0x1A, 0x99, 0x99, 0x1A, 0xD4, 0x8E,
  0xBA, 0xBC, 0xAA, 0xD9, 0xBB, 0xAD, 0x0B, 0xD8,
  0x08, 0x81, 0x11, 0x33, 0x55, 0x50, 0x36, 0x33,
  0x23, 0x42, 0x35, 0x22, 0x21, 0x48, 0x22, 0x89,
  0x8D, 0xCA, 0xCB, 0xDC, 0xCB, 0xCB, 0xCC, 0xAB,
  0xCB, 0xCA, 0xBB, 0xC9, 0xC9, 0x9B, 0x99, 0x98,
  0x80, 0x12, 0x37, 0x33, 0x54, 0x34, 0x43, 0x43,
  0x34, 0x32, 0x33, 0x33, 0x33, 0x22, 0x11, 0x80,
  0x8A, 0xBA, 0xBF, 0x9A, 0xCB, 0xBB, 0xCB, 0xAB,
  0xBC, 0xBB, 0xBA, 0xCA, 0x89, 0x9A, 0xAC, 0x99,
  0x8B, 0x83, 0xA2, 0x9A, 0x99, 0x5D, 0x30, 0x93,
  0x82, 0x80, 0x91, 0x18, 0x0F, 0x13, 0xBB, 0xC8,
  0xDA, 0xAB, 0xAB, 0xFE, 0x9A, 0x9D, 0x98, 0xAA,
  0xC9, 0xAD, 0xA8, 0xC8, 0x08, 0x10, 0x38, 0x52,
  0x27, 0x52, 0x23, 0x42, 0x33, 0x34, 0x23, 0x02,
  0x1A, 0xBD, 0xCD, 0xBD, 0xCA, 0xBC, 0xCB, 0xCB,
  0xBB, 0xBC, 0xBC, 0xA9, 0xB9, 0x88, 0x11, 0x25,
  0x35, 0x53, 0x34, 0x43, 0x34, 0x32, 0x42, 0x23,
  0x21, 0x31, 0x10, 0x01, 0x88, 0x9C, 0xA9, 0xCB,
  0xAA, 0xDB, 0xAA, 0xAB, 0xCA, 0xBB, 0xB8, 0xBA,
  0xAA, 0xCA, 0x0C, 0x01, 0x00, 0x02, 0x9A, 0x4C,
  0x24, 0x90, 0x09, 0xCE, 0xAA, 0xBA, 0xFA, 0x9C,
  0xA9, 0xEB, 0xAA, 0xBA, 0xBB, 0xAD, 0x80, 0x99,
  0x11, 0x25, 0x35, 0x34, 0x43, 0x43, 0x33, 0x43,
  0x33, 0x33, 0x33, 0x53, 0x21, 0x31, 0x20, 0x28,
  0x80, 0x8B, 0xFB, 0xDC, 0xCB, 0xCC, 0xBD, 0xBC,
  0xBC, 0xBC, 0xBB, 0xBD, 0xAB, 0xBB, 0xBB, 0xD9,
  0xA8, 0x98, 0x12, 0x35, 0x36, 0x34, 0x43, 0x43,
  0x34, 0x33, 0x33, 0x43, 0x22, 0x32, 0x12, 0x18,
  0x08, 0x99, 0xAA, 0xBC, 0xAB, 0xEB, 0xBB, 0xBC,
  0xBC, 0xAB, 0xCB, 0xCA, 0xBA, 0xCB, 0xAA, 0xDA,
  0xBA, 0xAA, 0xCA, 0x1A, 0xA8, 0x90, 0x23, 0x43,
  0x54, 0x35, 0x22, 0x34, 0x23, 0x33, 0x23, 0x12,
  0xB2, 0x2B, 0xCB, 0x0A, 0xDD, 0x9D, 0x00, 0xD0,
  0x88, 0x08, 0x18, 0x0A, 0x47, 0x02, 0x21, 0x51,
  0x04, 0x82, 0x41, 0x32, 0x10, 0x00, 0xBC, 0x9D,
  0xAB, 0xFC, 0xBC, 0xBC, 0xCB, 0xCB, 0xBB, 0xDA,
  0xBB, 0xCA, 0xBB, 0x9B, 0x99, 0x98, 0x22, 0x47,
  0x25, 0x33, 0x44, 0x33, 0x43, 0x34, 0x32, 0x33,
  0x21, 0x22, 0x10, 0x00, 0xAA, 0xCA, 0xDB, 0xBC,
  0xBB, 0xBC, 0xBC, 0xBA, 0xAA, 0x98, 0x99, 0x00,
  0x12, 0x53, 0x44, 0x22, 0x23, 0x23, 0x22, 0x20,
  0x10, 0xAB, 0xC8, 0xF8, 0x0A, 0xAA, 0xAE, 0xAA,
  0x9C, 0x88, 0x98, 0xBB, 0xDA, 0xA0, 0xF0, 0x1D,
  0x00, 0xB9, 0x08, 0x01, 0x93, 0x30, 0x13, 0x60,
  0x34, 0x72, 0x12, 0x35, 0x13, 0x02, 0x22, 0x40,
  0x32, 0x88, 0x9D, 0xCB, 0xCD, 0xAB, 0xEB, 0xCB,
  0xDB, 0xBC, 0xBB, 0xDA, 0xCB, 0xAB, 0xAC, 0xA9,
  0xAB, 0x8A, 0x80, 0x13, 0x45, 0x35, 0x43, 0x42,
  0x43, 0x43, 0x33, 0x34, 0x32, 0x33, 0x34, 0x22,
  0x21, 0x11, 0x19, 0x08, 0x89, 0xE9, 0xDA, 0xA9,
  0xBB, 0xAB, 0xCB, 0xBB, 0xBB, 0xAB, 0xAA, 0xA9,
  0x89, 0x90, 0x9B, 0x10, 0xAB, 0x9D, 0x71, 0xBA,
  0xC9, 0xC1, 0x9C, 0xB0, 0xCD, 0x09, 0x89, 0x9B,
  0x1F, 0xA9, 0x8B, 0x90, 0x89, 0xA2, 0x89, 0xA3,
  0x93, 0x77, 0x23, 0x33, 0x53, 0x51, 0x44, 0x31,
  0x43, 0x03, 0x11, 0x12, 0x11, 0x9B, 0xDC, 0xDB,
  0xEB, 0xBD, 0xBC, 0xCB, 0xBD, 0xAC, 0xAB, 0xBB,
  0xCA, 0xAB, 0xBB, 0x9A, 0x88, 0x02, 0x43, 0x64,
  0x34, 0x43, 0x53, 0x33, 0x43, 0x33, 0x43, 0x23,
  0x32, 0x22, 0x11, 0x28, 0x80, 0x8A, 0xAB, 0xDB,
  0xCB, 0xBB, 0xEA, 0xA9, 0xBB, 0xCB, 0xA9, 0xAA,
  0xA9, 0x0C, 0x9A, 0x0B, 0xA9, 0x98, 0x88, 0x8E,
  0x12, 0xA8, 0xD0, 0xBA, 0xC9, 0x88, 0x0E, 0x12,
  0x01, 0xB9, 0x88, 0x4D, 0x24, 0x80, 0x08, 0x09,
  0x98, 0x98, 0xAB, 0xCA, 0x98, 0xFA, 0x3B, 0xAA,
  0xF4, 0xBB, 0x12, 0x8B, 0x50, 0x52, 0x01, 0x01,
  0x28, 0x24, 0x8C, 0x1F, 0x00, 0xCB, 0xDC, 0xDB,
  0xCA, 0xDA, 0xDA, 0xAB, 0xCB, 0xBD, 0x9A, 0xAA,
  0xAA, 0x99, 0x81, 0x23, 0x73, 0x44, 0x43, 0x43,
  0x34, 0x33, 0x43, 0x33, 0x32, 0x41, 0x12, 0x11,
  0x80, 0x08, 0x9A, 0xBC, 0xC9, 0xDA, 0x9A, 0xBC,
  0x9C, 0xA9, 0xB9, 0x8A, 0x8A, 0x99, 0xB0, 0xA1,
  0x39, 0x29, 0x99, 0x97, 0xA3, 0x40, 0x00, 0x1B,
  0xBA, 0x3F, 0x91, 0xC9, 0xEC, 0xAB, 0xCA, 0xDA,
  0x9E, 0xA9, 0xAA, 0xBA, 0xC8, 0x88, 0x98, 0x81,
  0x35, 0x42, 0x54, 0x34, 0x24, 0x22, 0x35, 0x22,
  0x32, 0x22, 0x32, 0x11, 0x80, 0x0A, 0xCC, 0xCD,
  0xBB, 0xEA, 0xBB, 0xDB, 0xCB, 0xCB, 0xCA, 0xBB,
  0xCA, 0xCA, 0xAB, 0xAA, 0xA9, 0x99, 0x21, 0x15,
  0x36, 0x34, 0x43, 0x44, 0x33, 0x34, 0x24, 0x23,
  0x22, 0x23, 0x21, 0x11, 0x00, 0x08, 0x09, 0xCA,
  0xAB, 0xBB, 0xCB, 0xBB, 0xD8, 0xAC, 0xAA, 0xAA,
  0xBC, 0x0C, 0xCA, 0xBC, 0xBA, 0xCB, 0xCB, 0xC9,
  0xAE, 0xA9, 0x98, 0x99, 0xA1, 0x19, 0x1B, 0x52,
  0x14, 0x24, 0x40, 0x43, 0x12, 0x12, 0x12, 0x01,
  0x29, 0xA0, 0x01, 0xF2, 0x29, 0x21, 0x21, 0x71,
  0x14, 0x34, 0x42, 0x34, 0x34, 0x03, 0x35, 0x08,
  0x08, 0x99, 0xB9, 0xEC, 0xBD, 0xBC, 0xCC, 0xBB,
  0xCC, 0xBB, 0xDA, 0xBC, 0xAB, 0xCA, 0xAA, 0xBA,
  0xA9, 0x98, 0x02, 0x25, 0x44, 0x43, 0x53, 0x43,
  0x43, 0x33, 0x43, 0x33, 0x33, 0x33, 0x22, 0x01,
  0x08, 0xAB, 0x9C, 0xDA, 0xBC, 0xBB, 0xDB, 0xBC,
  0xAB, 0xAB, 0xBA, 0xAB, 0xA9, 0x90, 0x15, 0x20,
  0x23, 0x44, 0x33, 0x42, 0x42, 0x01, 0x23, 0x22,
  0xB3, 0x21, 0xAE, 0xBB, 0x9F, 0x0A, 0xAA, 0x8B,
  0xF9, 0xCA, 0x98, 0x99, 0x99, 0x98, 0x1C, 0x24,
  0x12, 0x14, 0x23, 0x35, 0x61, 0x44, 0x04, 0x11,
  0x11, 0x13, 0x22, 0x11, 0x18, 0x0E, 0x89, 0xCC,
  0xDB, 0xBD, 0xCC, 0xAB, 0xCB, 0xBC, 0xCB, 0xCA,
  0xBC, 0xAA, 0xAB, 0xAA, 0xAB, 0xA8, 0x98, 0x33,
  0x73, 0x53, 0x35, 0x35, 0x23, 0x34, 0x32, 0x33,
  0x33, 0x51, 0x11, 0x22, 0x01, 0x11, 0x12, 0x80,
  0x2A, 0x1A, 0x22, 0x98, 0xCE, 0x08, 0xB9, 0xD9,
  0x91, 0xF8, 0x8B, 0x99, 0xBB, 0x0A, 0x8A, 0x8C,
  0x08, 0xBA, 0xB8, 0xB9, 0xB1, 0xDC, 0xAB, 0xAC,
  0xA2, 0xCB, 0xCD, 0xBB, 0xBC, 0xAD, 0xA8, 0x99,
  0xA9, 0xA0, 0xB1, 0x43, 0x32, 0x36, 0x43, 0x53,
  0x53, 0x44, 0x24, 0x33, 0x34, 0x34, 0x32, 0x23,
  0x14, 0x89, 0x9B, 0xCC, 0xDC, 0xBD, 0xCB, 0xCB,
  0xCC, 0xBB, 0xCC, 0xAB, 0xBC, 0xBA, 0xC9, 0xAA,
  0x9A, 0x98, 0x80, 0x36, 0x24, 0x36, 0x23, 0x43,
  0x43, 0x33, 0x43, 0x23, 0x32, 0x32, 0x31, 0x21,
  0x18, 0x81, 0x9B, 0xBB, 0xCB, 0xBC, 0xC9, 0xCC,
  0x9A, 0x9A, 0xAA, 0x9A, 0xB1, 0xEA, 0x89, 0x89,
  0x8A, 0x8A, 0x9A, 0x9A, 0x0E, 0x82, 0x89, 0x98,
  0xDA, 0xBA, 0x9D, 0xBB, 0xCB, 0xCB, 0xD9, 0xBA,
  0xBA, 0xBC, 0x88, 0x23, 0xA7, 0x60, 0x11, 0x18,
  0x31, 0x68, 0x43, 0x11, 0x13, 0x00, 0x22, 0x33,
  0xA2, 0xA8, 0xCB, 0xDD, 0xAF, 0x98, 0xCC, 0x9B,
  0xCC, 0xBA, 0xBC, 0xBC, 0xBC, 0xCA, 0xCB, 0xBC,
  0xBB, 0xBC, 0xBA, 0xBB, 0x9A, 0x98, 0x03, 0x44,
  0x44, 0x53, 0x44, 0x34, 0x34, 0x24, 0x22, 0x33,
  0x23, 0x32, 0x32, 0x21, 0x11, 0x08, 0x99, 0xBC,
  0xBB, 0xBE, 0x99, 0xBB, 0xCC, 0xAA, 0x9C, 0x88,
  0xA9, 0xBC, 0x99, 0xA0, 0x2B, 0x8B, 0x2C, 0xA2,
  0xC4, 0x48, 0x12, 0x98, 0x14, 0x83, 0x69, 0x9A,
  0x8F, 0xAB, 0x9E, 0x99, 0xCB, 0xCA, 0xAB, 0xD9,
  0xA9, 0x9A, 0xAA, 0xAB, 0x98, 0x29, 0x63, 0x23,
  0x46, 0x24, 0x34, 0x36, 0x33, 0x23, 0x33, 0x33,
  0x41, 0x32, 0x89, 0xCA, 0xCB, 0xFA, 0xAE, 0xBB,
  0xBB, 0xDC, 0xBA, 0xBB, 0xBC, 0xCA, 0xAB, 0xA9,
  0x9B, 0x80, 0x81, 0x22, 0x55, 0x25, 0x43, 0x34,
  0x33, 0x44, 0x23, 0x33, 0x34, 0x21, 0x21, 0x20,
  0x22, 0x80, 0x8A, 0x8B, 0x98, 0x9A, 0xA9, 0xE9,
  0xAA, 0xAA, 0xBC, 0x89, 0x9B, 0xDA, 0xBC, 0xAA,
  0xC9, 0xAA, 0xCC, 0xBC, 0xCB, 0xAA, 0xCC, 0xBC,
  0xBB, 0xBC, 0xCA, 0xA9, 0xAA, 0xC9, 0x98, 0x88,
  0x14, 0x42, 0x34, 0x34, 0x34, 0x41, 0x22, 0x43,
  0x22, 0x23, 0x23, 0x42, 0x55, 0x22, 0x23, 0x34,
  0x23, 0x53, 0x22, 0x02, 0x88, 0x9B, 0xCB, 0xFC,
  0xAC, 0xDA, 0xBE, 0xAD, 0xA9, 0xBB, 0xBD, 0xBB,
  0xBB, 0xCA, 0xBB, 0xBA, 0xAC, 0x89, 0x00, 0x33,
  0x45, 0x43, 0x44, 0x34, 0x42, 0x42, 0x33, 0x34,
  0x23, 0x32, 0x32, 0x32, 0x31, 0x88, 0x09, 0x9B,
  0xBE, 0xAC, 0xCA, 0xBC, 0xBB, 0xBC, 0xBA, 0xBD,
  0xAA, 0xAA, 0xA9, 0x99, 0xA3, 0x88, 0x22, 0x63,
  0x43, 0x42, 0x52, 0x12, 0x30, 0x43, 0x81, 0x99,
  0xA9, 0x89, 0xF8, 0x0B, 0x8C, 0xD8, 0x98, 0xA1,
  0x1A, 0x89, 0x8B, 0x88, 0x5B, 0x54, 0x83, 0x01,
  0x31, 0x76, 0x11, 0x13, 0x33, 0x52, 0x20, 0x22,
  0x98, 0x88, 0xC9, 0xAF, 0xEA, 0xBA, 0xCC, 0xBC,
  0xBC, 0xBB, 0xBD, 0xBA, 0xBB, 0xBC, 0xAA, 0xBB,
  0x9A, 0xAA, 0x84, 0x24, 0x36, 0x33, 0x63, 0x33,
  0x44, 0x33, 0x42, 0x22, 0x23, 0x21, 0x32, 0x00,
  0x00, 0x88, 0xA2, 0x8C, 0x8B, 0xB0, 0xA5, 0x10,
  0x9A, 0x41, 0x41, 0x1C, 0x04, 0x2B, 0x05, 0xA8,
  0x92, 0x91, 0x2B, 0x8F, 0xA8, 0x99, 0x18, 0xE9,
  0xC0, 0xD9, 0x99, 0x0B, 0x00, 0xCA, 0xAB, 0xD9,
  0x88, 0x8A, 0x01, 0xCA, 0x9C, 0xC9, 0x80, 0x2E,
  0x68, 0x94, 0x80, 0x10, 0x25, 0x24, 0x24, 0x24,
  0x22, 0x34, 0x13, 0x40, 0x28, 0x98, 0x9A, 0xBE,
  0xBE, 0xAC, 0xDA, 0xBB, 0xCC, 0xBB, 0xDA, 0xCB,
  0xAB, 0xCB, 0xAC, 0x9A, 0xBA, 0xA8, 0xA8, 0x01,
  0x34, 0x53, 0x53, 0x44, 0x34, 0x34, 0x33, 0x33,
  0x43, 0x23, 0x32, 0x32, 0x21, 0x10, 0x08, 0x98,
  0x9A, 0xAC, 0xBC, 0xCA, 0xAB, 0xAB, 0xC9, 0x8C,
  0x99, 0xB9, 0xB9, 0x98, 0xA8, 0x8C, 0x7C, 0x92,
  0x91, 0x9A, 0x18, 0xD8, 0xDB, 0xA9, 0x88, 0xAA,
  0xFA, 0x89, 0xAA, 0x9B, 0x98, 0x8C, 0x9A, 0x98,
  0x98, 0x86, 0x31, 0x14, 0x16, 0x35, 0x16, 0x32,
  0x41, 0x50, 0x14, 0x02, 0x23, 0x12, 0x0A, 0x8D,
  0x99, 0xCB, 0xDC, 0xBC, 0xCB, 0xCA, 0xCA, 0xCA,
  0xAC, 0xBA, 0xAB, 0xBA, 0xBC, 0x9A, 0x8B, 0xAA,
  0x92, 0x14, 0x25, 0x25, 0x34, 0x35, 0x24, 0x33,
  0x34, 0x33, 0x24, 0x33, 0x32, 0x23, 0x22, 0x21,
  0x11, 0x18, 0x89, 0xA9, 0xBD, 0xBB, 0xAC, 0xBB,
  0xCA, 0xD9, 0x99, 0xAA, 0x9A, 0x9A, 0xBB, 0x80,
  0x32, 0xAF, 0xAD, 0xB0, 0xA2, 0x60, 0x99, 0x04,
  0xA0, 0x8A, 0x00, 0x52, 0x6A, 0xA9, 0xF8, 0x10,
  0x01, 0x89, 0xA8, 0x9F, 0xAA, 0x9A, 0x0A, 0xE9,
  0xB1, 0xE2, 0x0B, 0x19, 0xCB, 0x29, 0xAE, 0xDB,
  0xE9, 0x9A, 0x89, 0x8A, 0x8C, 0xBF, 0xAA, 0x0C,
  0xA7, 0x77, 0x60, 0x88, 0x80, 0x8A, 0x9A, 0x99,
  0xA9, 0xA9, 0x9A, 0xA8, 0x89, 0x9F, 0x67, 0x73,
  0x08, 0x08, 0x88, 0x00, 0x08, 0xAB, 0xA9, 0xAA,
  0xAA, 0xAA, 0x89, 0x99, 0x89, 0x80, 0x80, 0x88,
  0x91, 0x08, 0xB8, 0x18, 0x09, 0x92, 0x89, 0x91,
  0x2A, 0xA7, 0x6A, 0x01, 0x11, 0xA2, 0x7B, 0xC5,
  0x29, 0x18, 0xCA, 0x53, 0xCB, 0x34, 0x8A, 0x83,
  0x40, 0xAE, 0x92, 0x73, 0x09, 0xBF, 0xAB, 0x9A,
  0xAA, 0xA9, 0x00, 0x00, 0x45, 0x42, 0x18, 0x88,
  0x01, 0x63, 0x23, 0x53, 0x13, 0x42, 0x0A, 0x02,
  0x9E, 0xB9, 0x10, 0xDD, 0x81, 0x38, 0xAC, 0xA1,
  0x43, 0x29, 0xBF, 0xA8, 0x37, 0x32, 0x0A, 0xBD,
  0xCB, 0xAA, 0xAB, 0xBB, 0xBA, 0x98, 0x08, 0x80,
  0x27, 0x54, 0x23, 0x10, 0x89, 0x90, 0x13, 0x44,
  0x43, 0x44, 0x23, 0x33, 0x33, 0x22, 0x10, 0xAB,
  0xCB, 0xCB, 0xDA, 0xBB, 0xAA, 0xCA, 0xA9, 0x99,
  0xAB, 0xBB, 0x91, 0x11, 0x02, 0x12, 0x0C, 0xFE,
  0xBB, 0xCB, 0xAC, 0xAA, 0x99, 0x01, 0x23, 0x32,
  0x33, 0x22, 0x63, 0x54, 0x53, 0x34, 0x33, 0x23,
  0x12, 0x09, 0x9A, 0xAB, 0xCC, 0xAB, 0xCC, 0xAA,
  0xAC, 0xA8, 0x00, 0xA8, 0x91, 0x20, 0xAD, 0x80,
  0x30, 0xAA, 0x82, 0x25, 0x0D, 0xBB, 0x85, 0x43,
  0x09, 0x90, 0x36, 0x53, 0x18, 0xBB, 0x03, 0x75,
  0x20, 0x8B, 0xCA, 0xA1, 0x34, 0x33, 0x22, 0x44,
  0x31, 0xAF, 0xDC, 0xCB, 0xCB, 0xCB, 0xBB, 0xAB,
  0xAA, 0x88, 0x01, 0x33, 0x53, 0x33, 0x42, 0x33,
  0x42, 0x34, 0x33, 0x54, 0x35, 0x34, 0x33, 0x43,
  0x32, 0x21, 0x18, 0x88, 0x99, 0xAA, 0x99, 0x89,
  0x88, 0x89, 0x9C, 0xCB, 0xEC, 0xBB, 0xBD, 0xBC,
  0xAA, 0xBA, 0xAA, 0x9B, 0xBB, 0xBA, 0xB9, 0x90,
  0x02, 0x11, 0x32, 0x30, 0x11, 0x08, 0xCB, 0x81,
  0x78, 0xB9, 0xB9, 0xA1, 0x03, 0x52, 0x50, 0x61,
  0x88, 0x00, 0xAA, 0xDC, 0xC9, 0x99, 0x9B, 0xFB,
  0xAB, 0x8A, 0x08, 0xB9, 0x9B, 0xB7, 0x61, 0x18,
  0x82, 0x35, 0x53, 0x41, 0x12, 0x02, 0x64, 0x34,
  0x23, 0x21, 0x08, 0xAC, 0xFB, 0xBC, 0xBA, 0xA9,
  0x99, 0x88, 0x0B, 0x9B, 0xFD, 0xBD, 0xCC, 0xBB,
  0xCA, 0xB9, 0xA9, 0x88, 0x18, 0x11, 0x11, 0x00,
  0x11, 0x01, 0x44, 0x54, 0x44, 0x53, 0x53, 0x44,
  0x33, 0x43, 0x42, 0x22, 0x22, 0x11, 0x08, 0x89,
  0xAB, 0xBD, 0xCA, 0xBC, 0xBB, 0xBB, 0xCB, 0xAB,
  0xBB, 0xBB, 0xAB, 0xAA, 0xAA, 0x99, 0x90, 0x8A,
  0x08, 0x98, 0x09, 0x93, 0x12, 0x01, 0x2D, 0x40,
  0x15, 0x23, 0x43, 0x43, 0x22, 0x26, 0x02, 0x43,
  0x25, 0x42, 0x12, 0x30, 0x1D, 0xBF, 0xCD, 0xBC,
  0xCB, 0xBC, 0xBB, 0xBC, 0xAA, 0xB9, 0xB9, 0x98,
  0x11, 0x64, 0x44, 0x34, 0x43, 0x43, 0x33, 0x34,
  0x32, 0x22, 0x11, 0x08, 0x9A, 0xAC, 0xAB, 0xBA,
  0xB8, 0x90, 0x21, 0x33, 0x35, 0x18, 0xDD, 0xCD,
  0xDC, 0xCB, 0xCC, 0xBC, 0xBB, 0xBC, 0xAB, 0xAA,
  0xBA, 0x9A, 0xA8, 0x88, 0x01, 0x34, 0x53, 0x63,
  0x45, 0x33, 0x53, 0x43, 0x34, 0x33, 0x33, 0x33,
  0x32, 0x21, 0x00, 0x8A, 0xAB, 0xBE, 0xBB, 0xDB,
  0xBB, 0xCA, 0xBB, 0xBB, 0xBB, 0xBB, 0xBD, 0xAB,
  0xCB, 0xCB, 0xBC, 0xBC, 0xBB, 0xCA, 0xBB, 0xBB,
  0xA9, 0xA8, 0x82, 0x35, 0x44, 0x53, 0x53, 0x44,
  0x24, 0x22, 0x23, 0x21, 0x20, 0x00, 0x99, 0xAB,
  0xDA, 0xBC, 0xBB, 0xCA, 0xAB, 0xAB, 0xAC, 0x9A,
  0xAA, 0xC9, 0x9A, 0x99, 0x98, 0x80, 0x08, 0x01,
  0x51, 0x36, 0x44, 0x34, 0x42, 0x42, 0x22, 0x22,
  0x12, 0x21, 0x22, 0x34, 0x41, 0x61, 0x34, 0x13,
  0x08, 0x8D, 0xCD, 0xDB, 0xDB, 0xDB, 0xCB, 0xCB,
  0xBC, 0xAC, 0xAA, 0xAA, 0xBA, 0xA9, 0xA9, 0x88,
  0x82, 0x14, 0x53, 0x44, 0x44, 0x34, 0x43, 0x35,
  0x23, 0x33, 0x34, 0x22, 0x22, 0x12, 0x21, 0x12,
  0x02, 0x10, 0x28, 0x10, 0x9A, 0xAB, 0xFB, 0xCC,
  0xCA, 0xCB, 0xBC, 0xBB, 0xBC, 0xAB, 0xBB, 0xAB,
  0xAA, 0xB8, 0xB9, 0x89, 0x89, 0x89, 0x09, 0x1C,
  0x00, 0x88, 0x10, 0x39, 0x72, 0xB7, 0x10, 0x11,
  0x10, 0x38, 0x00, 0x99, 0xAC, 0xAC, 0xFA, 0xBC,
  0xBA, 0xEA, 0x9C, 0x8B, 0x99, 0xA9, 0x19, 0x08,
  0x13, 0x25, 0x43, 0x54, 0x34, 0x33, 0x63, 0x34,
  0x43, 0x33, 0x33, 0x21, 0x08, 0x8A, 0xBD, 0xAB,
  0xFA, 0xAD, 0xAC, 0xBC, 0xBD, 0xBC, 0xCB, 0xCB,
  0xBC, 0xBB, 0xBB, 0xBA, 0xBB, 0x9A, 0xAC, 0x9A,
  0x9C, 0xAA, 0xBB, 0xB9, 0xB2, 0x37, 0x55, 0x36,
  0x35, 0x34, 0x35, 0x24, 0x23, 0x33, 0x33, 0x42,
  0x22, 0x11, 0x10, 0x09, 0xA9, 0xCA, 0xCB, 0xCB,
  0xCB, 0xBB, 0xCB, 0xAC, 0xAB, 0x9B, 0xAB, 0xAB,
  0xAA, 0xB9, 0xB9, 0xAB, 0x99, 0x98, 0xA9, 0x08,
  0x9C, 0x59, 0x82, 0x18, 0x13, 0x85, 0x23, 0x64,
  0x05, 0x23, 0x23, 0x33, 0x49, 0x48, 0x89, 0xDB,
  0xBF, 0xCB, 0xDB, 0xCB, 0xBD, 0xBB, 0xBC, 0xAB,
  0xBB, 0xAA, 0x99, 0x02, 0x37, 0x34, 0x62, 0x43,
  0x34, 0x42, 0x32, 0x23, 0x31, 0x22, 0x10, 0x00,
  0x88, 0x0A, 0x80, 0x99, 0x90, 0xD0, 0xAB, 0xEA,
  0xDC, 0xAD, 0xBD, 0xBC, 0xBC, 0xCB, 0xBC, 0xBC,
  0xBB, 0xBC, 0xBB, 0xCA, 0xBB, 0xAB, 0xAA, 0x99,
  0x01, 0x35, 0x53, 0x64, 0x33, 0x53, 0x43, 0x43,
  0x33, 0x43, 0x32, 0x33, 0x32, 0x12, 0x10, 0x88,
  0x99, 0xBC, 0xBC, 0xBC, 0xCA, 0xBB, 0xCB, 0xBB,
  0xCB, 0xBC, 0xBB, 0xBD, 0xBB, 0xBC, 0xBB, 0xCB,
  0xBC, 0xAB, 0xAB, 0xBA, 0xA9, 0x98, 0x13, 0x45,
  0x54, 0x35, 0x33, 0x44, 0x23, 0x33, 0x23, 0x22,
  0x20, 0x00, 0x8A, 0xBB, 0xDB, 0xBD, 0xBA, 0xDB,
  0xAB, 0xBC, 0xAB, 0xAA, 0xAA, 0xB9, 0xA8, 0xA2,
  0xB8, 0x48, 0x41, 0x60, 0x51, 0x12, 0x15, 0x02,
  0x12, 0x23, 0x23, 0x35, 0x24, 0x34, 0x33, 0x53,
  0x23, 0x13, 0x28, 0x9A, 0xEC, 0xDB, 0xDC, 0xBD,
  0xCA, 0xCC, 0xAA, 0xCA, 0xBC, 0xAB, 0xBB, 0xBB,
  0xBC, 0xAB, 0xA9, 0xA8, 0x00, 0x23, 0x64, 0x44,
  0x43, 0x43, 0x44, 0x24, 0x23, 0x33, 0x33, 0x42,
  0x23, 0x22, 0x32, 0x33, 0x13, 0x32, 0x22, 0x00,
  0x0A, 0x9E, 0xBC, 0xCC, 0xBC, 0xBC, 0xBB, 0xCB,
  0xCA, 0xBA, 0xBB, 0xAB, 0xAC, 0x9B, 0x8A, 0xA9,
  0x89, 0x80, 0x88, 0x01, 0x01, 0x03, 0x39, 0x27,
  0x38, 0x13, 0x40, 0x82, 0x88, 0xA9, 0x8F, 0xD8,
  0xBA, 0xBB, 0xBF, 0xA9, 0xD9, 0x9B, 0x8A, 0xA9,
  0x89, 0x91, 0xA3, 0x03, 0x27, 0x33, 0x73, 0x35,
  0x24, 0x24, 0x31, 0x42, 0x23, 0x32, 0x42, 0x22,
  0x81, 0x89, 0xBB, 0xFC, 0xCC, 0xBD, 0xCB, 0xBE,
  0xAC, 0xAC, 0xAC, 0xAA, 0xBB, 0xBB, 0xAB, 0xBA,
  0xCA, 0x9B, 0xBA, 0xCA, 0xBB, 0xCB, 0x9B, 0xA8,
  0x12, 0x65, 0x54, 0x43, 0x53, 0x53, 0x34, 0x42,
  0x42, 0x32, 0x33, 0x32, 0x32, 0x22, 0x10, 0x08,
  0x9B, 0xAC, 0xCB, 0xCC, 0xBA, 0xCA, 0xCB, 0xAB,
  0xBC, 0xAA, 0xC9, 0xBA, 0x9B, 0xAA, 0xB9, 0xAB,
  0x9B, 0x8B, 0x90, 0x98, 0x03, 0xA7, 0x30, 0x34,
  0x33, 0x52, 0x52, 0x14, 0x12, 0x22, 0x28, 0x28,
  0x0C, 0xAC, 0xDB, 0xEB, 0xCB, 0xCC, 0xAC, 0xCA,
  0xAC, 0xAB, 0xBA, 0xCA, 0xA9, 0xA8, 0x09, 0x33,
  0x63, 0x63, 0x35, 0x34, 0x34, 0x23, 0x32, 0x33,
  0x33, 0x23, 0x12, 0x22, 0x81, 0x19, 0x0A, 0xA8,
  0x9D, 0xCB, 0xCC, 0xCC, 0xBD, 0xCB, 0xBD, 0xBC,
  0xCA, 0xCB, 0xBB, 0xDB, 0xBB, 0xCB, 0xBB, 0xCB,
  0xAB, 0xAB, 0xA9, 0x98, 0x13, 0x36, 0x53, 0x54,
  0x34, 0x43, 0x34, 0x34, 0x33, 0x33, 0x42, 0x33,
  0x22, 0x22, 0x21, 0x10, 0x09, 0x99, 0xCA, 0xCA,
  0xCB, 0xCB, 0xCB, 0xBC, 0xCA, 0xBC, 0xAC, 0xAB,
  0xBB, 0xBC, 0xBB, 0xCA, 0xBB, 0xBB, 0xBB, 0xBA,
  0xA8, 0x92, 0x43, 0x73, 0x45, 0x33, 0x44, 0x23,
  0x42, 0x22, 0x23, 0x11, 0x11, 0x08, 0x99, 0xBC,
  0xAB, 0xCB, 0xCB, 0xCB, 0xAB, 0xC9, 0xBB, 0xAB,
  0x9B, 0x0B, 0x98, 0x98, 0x08, 0x14, 0x12, 0x42,
  0x36, 0x13, 0x43, 0x53, 0x24, 0x44, 0x23, 0x43,
  0x35, 0x22, 0x33, 0x30, 0x21, 0x98, 0xDB, 0xDD,
  0xCA, 0xEA, 0xBD, 0xBB, 0xCC, 0xAC, 0xBA, 0xCB,
  0xBB, 0xCB, 0xBB, 0xCA, 0xBB, 0xBA, 0xAA, 0x99,
  0x00, 0x35, 0x44, 0x53, 0x44, 0x34, 0x34, 0x33,
  0x43, 0x33, 0x42, 0x33, 0x34, 0x22, 0x41, 0x32,
  0x22, 0x32, 0x21, 0x11, 0x88, 0xAA, 0xDB, 0xCC,
  0xCB, 0xBC, 0xCB, 0xBB, 0xCA, 0xBB, 0xBC, 0x9B,
  0xAA, 0x9A, 0x9B, 0x98, 0x98, 0xA8, 0x98, 0x1A,
  0x82, 0x91, 0x08, 0x39, 0x56, 0x99, 0x31, 0x88,
  0x80, 0xAC, 0xAF, 0xAB, 0x8E, 0xB8, 0xBB, 0xCA,
  0xD9, 0xAA, 0xC0, 0xAB, 0x28, 0xB1, 0x30, 0x52,
  0x44, 0x60, 0x34, 0x33, 0x44, 0x23, 0x43, 0x25,
  0x20, 0x41, 0x11, 0x12, 0x89, 0x8A, 0xCD, 0xBF,
  0xAB, 0xDB, 0xBC, 0xBC, 0xCB, 0xCA, 0xCA, 0xBA,
  0xBB, 0xAB, 0xBB, 0x9C, 0xAA, 0xAB, 0xC9, 0xCA,
  0xBB, 0xBA, 0xCA, 0x08, 0x15, 0x26, 0x53, 0x53,
  0x44, 0x42, 0x43, 0x34, 0x33, 0x34, 0x23, 0x32,
  0x32, 0x22, 0x20, 0x10, 0x98, 0xAA, 0xBD, 0xBC,
  0xBD, 0xAC, 0xBA, 0xCA, 0xBB, 0xBD, 0xAA, 0xAB,
  0xAB, 0xBA, 0xAC, 0x8A, 0xA9, 0x99, 0x09, 0x81,
  0x92, 0x12, 0x13, 0x41, 0x78, 0x51, 0x02, 0x04,
  0x11, 0x02, 0x83, 0xA9, 0x80, 0xEF, 0x89, 0xDB,
  0x9C, 0xBD, 0xAB, 0xCB, 0xCB, 0xBB, 0xCB, 0xBA,
  0xAA, 0xA8, 0x01, 0x26, 0x43, 0x54, 0x34, 0x43,
  0x33, 0x43, 0x33, 0x33, 0x42, 0x32, 0x13, 0x12,
  0x02, 0x00, 0x88, 0x0C, 0xAB, 0xEB, 0xCC, 0xCB,
  0xCC, 0xBC, 0xCB, 0xBC, 0xCB, 0xBC, 0xBC, 0xBB,
  0xCB, 0xBC, 0xAB, 0xBC, 0xAA, 0xAA, 0xA9, 0x88,
  0x12, 0x45, 0x35, 0x43, 0x53, 0x43, 0x35, 0x24,
  0x23, 0x23, 0x33, 0x42, 0x23, 0x11, 0x31, 0x01,
  0x00, 0x99, 0xAA, 0xBD, 0xBB, 0xDC, 0xAB, 0xCB,
  0xBC, 0xBC, 0xBB, 0xBC, 0xCA, 0xBB, 0xCA, 0xBB,
  0xBC, 0xAB, 0xAA, 0xA9, 0x98, 0x01, 0x43, 0x37,
  0x43, 0x34, 0x43, 0x24, 0x23, 0x23, 0x23, 0x11,
  0x21, 0x90, 0x8B, 0xAB, 0xDB, 0xBC, 0xCA, 0xCA,
  0xBB, 0xAB, 0xE8, 0x9B, 0x99, 0xA8, 0x8C, 0x18,
  0x08, 0x00, 0x34, 0x25, 0x33, 0x46, 0x13, 0x43,
  0x24, 0x23, 0x42, 0x32, 0x60, 0x21, 0x11, 0x92,
  0x8B, 0xBC, 0xCC, 0xCC, 0xCB, 0xCC, 0xBC, 0xBC,
  0xBA, 0xBC, 0xCC, 0xAB, 0xCA, 0xCA, 0xAB, 0xCA,
  0xAB, 0xAB, 0xAA, 0xA8, 0x90, 0x31, 0x73, 0x36,
  0x34, 0x34, 0x43, 0x34, 0x33, 0x42, 0x42, 0x23,
  0x33, 0x42, 0x24, 0x12, 0x22, 0x21, 0x21, 0x18,
  0x09, 0x9B, 0xBD, 0xBD, 0xBB, 0xCC, 0xAB, 0xCA,
  0xBA, 0xBB, 0xD9, 0xAA, 0xAA, 0x9B, 0x9A, 0xA9,
  0xAB, 0x1A, 0x99, 0x88, 0x91, 0xAB, 0x6B, 0x10,
  0xB1, 0x43, 0xF9, 0x90, 0x99, 0x9D, 0x1B, 0xAA,
  0xC8, 0xDA, 0x0E, 0x9A, 0x89, 0xF8, 0x89, 0x88,
  0x99, 0x00, 0x13, 0x38, 0x74, 0x84, 0x34, 0x42,
  0x25, 0x11, 0x21, 0x41, 0x12, 0x21, 0x93, 0x88,
  0x9D, 0x8E, 0xAA, 0xBE, 0xBA, 0xDB, 0xCC, 0xBB,
  0xCB, 0xBB, 0xD9, 0xC9, 0xAA, 0xAB, 0x9B, 0xAC,
  0x9B, 0xBC, 0xAC, 0xC9, 0xBA, 0xAA, 0xAA, 0x80,
  0x14, 0x45, 0x44, 0x44, 0x43, 0x34, 0x43, 0x34,
  0x34, 0x23, 0x33, 0x23, 0x33, 0x32, 0x12, 0x10,
  0x09, 0x9B, 0xAC, 0xDB, 0xBD, 0xAB, 0xDA, 0xAB,
  0xBB, 0xCA, 0xBB, 0xBB, 0xC9, 0xBA, 0xAA, 0xAB,
  0x9B, 0x9A, 0xAA, 0x0A, 0xA1, 0x00, 0x05, 0x22,
  0x44, 0x33, 0x72, 0x13, 0x23, 0x11, 0x00, 0xBC,
  0xAF, 0xEA, 0xBC, 0xDB, 0xBC, 0xBD, 0xAC, 0xAB,
  0xBC, 0xB9, 0xCA, 0xA9, 0xA9, 0x08, 0x14, 0x34,
  0x53, 0x53, 0x43, 0x43, 0x33, 0x43, 0x33, 0x33,
  0x32, 0x42, 0x11, 0x10, 0x11, 0x08, 0xA0, 0xCA,
  0xCC, 0xBC, 0xBD, 0xBC, 0xCB, 0xCA, 0xDB, 0xBB,
  0xDB, 0xCB, 0xBC, 0xBC, 0xAC, 0xBA, 0xCA, 0xBB,
  0xAB, 0xAA, 0xA9, 0x88, 0x14, 0x25, 0x44, 0x43,
  0x53, 0x34, 0x43, 0x34, 0x32, 0x43, 0x22, 0x33,
  0x32, 0x32, 0x22, 0x12, 0x00, 0x09, 0x9A, 0xAE,
  0xAC, 0xBB, 0xDB, 0xBD, 0xAC, 0xAB, 0xCA, 0xBC,
  0xBB, 0xBC, 0xAB, 0xCA, 0xAB, 0xAA, 0xBA, 0x98,
  0x90, 0x24, 0x24, 0x63, 0x35, 0x25, 0x22, 0x32,
  0x33, 0x32, 0x32, 0x11, 0x11, 0x98, 0x9D, 0xAA,
  0xDA, 0xBC, 0xAC, 0xBA, 0xBB, 0xBD, 0x9A, 0xA9,
  0xA1, 0xC9, 0x19, 0x00, 0x1A, 0x60, 0x21, 0x51,
  0x05, 0x04, 0x12, 0x42, 0x24, 0x32, 0x25, 0x22,
  0x21, 0x48, 0x12, 0x98, 0x8A, 0xD8, 0xFA, 0xAB,
  0xDB, 0xBE, 0xAC, 0xBB, 0xCC, 0xAC, 0xBB, 0xBD,
  0xBB, 0xCA, 0xBC, 0xAB, 0xBB, 0xAC, 0x9A, 0x98,
  0x91, 0x13, 0x36, 0x44, 0x34, 0x43, 0x43, 0x35,
  0x23, 0x33, 0x43, 0x33, 0x42, 0x33, 0x42, 0x23,
  0x32, 0x32, 0x30, 0x30, 0x00, 0x99, 0x9D, 0xCA,
  0xCA, 0xDB, 0xAB, 0xCB, 0xBB, 0xBD, 0xAB, 0x9B,
  0xBB, 0x9C, 0xA9, 0x9A, 0xA9, 0xB8, 0x9A, 0x0D,
  0x81, 0x9A, 0x83, 0xE2, 0x0A, 0x00, 0x81, 0xBC,
  0x2B, 0x9D, 0x0F, 0xA0, 0xBA, 0xCB, 0xBB, 0xDA,
  0xAD, 0x8A, 0xAA, 0x09, 0x80, 0x12, 0x36, 0x33,
  0x64, 0x24, 0x33, 0x43, 0x34, 0x24, 0x13, 0x30,
  0x40, 0x21, 0x19, 0x09, 0xAF, 0xAA, 0xEB, 0xCB,
  0xCC, 0xBC, 0xCA, 0xBD, 0xAB, 0xAC, 0xAB, 0xBB,
  0xBB, 0xBC, 0xAB, 0xBC, 0xB9, 0xDA, 0xBA, 0xBD,
  0x9A, 0xA9, 0xAA, 0x11, 0x25, 0x53, 0x63, 0x44,
  0x43, 0x43, 0x34, 0x42, 0x33, 0x43, 0x22, 0x33,
  0x32, 0x22, 0x13, 0x81, 0x88, 0x9A, 0xBB, 0xDB,
  0xCC, 0xAC, 0xBB, 0xBB, 0xDB, 0xAB, 0xBD, 0x9B,
  0xBA, 0xAB, 0xBB, 0xAA, 0xBB, 0x99, 0xB8, 0x88,
  0x14, 0x28, 0x07, 0x70, 0x21, 0x21, 0x22, 0x22,
  0x02, 0x91, 0xAF, 0x8B, 0xCD, 0xAD, 0xAB, 0xDB,
  0xBC, 0xCA, 0xCB, 0x9D, 0xAA, 0x9A, 0xBB, 0x99,
  0x90, 0x93, 0x32, 0x65, 0x34, 0x35, 0x23, 0x43,
  0x33, 0x43, 0x32, 0x41, 0x33, 0x12, 0x32, 0x02,
  0x20, 0x03, 0xA0, 0xA8, 0xCE, 0xAB, 0xBF, 0xBB,
  0xDC, 0xBB, 0xDB, 0xCB, 0xCB, 0xCB, 0xBC, 0xBB,
  0xCB, 0xBC, 0xBB, 0xBB, 0xBB, 0xBA, 0x99, 0x91,
  0x32, 0x74, 0x34, 0x53, 0x43, 0x43, 0x43, 0x43,
  0x33, 0x43, 0x23, 0x41, 0x32, 0x22, 0x21, 0x12,
  0x01, 0x88, 0x8A, 0x9C, 0xBC, 0xBD, 0xBC, 0xBC,
  0xBB, 0xDB, 0xBC, 0xBB, 0xCB, 0xAC, 0xBA, 0xBB,
  0xBB, 0xAA, 0xAB, 0x80, 0x82, 0x35, 0x44, 0x35,
  0x33, 0x53, 0x33, 0x42, 0x23, 0x23, 0x22, 0x83,
  0x80, 0x80, 0xD9, 0x8D, 0x8A, 0xC9, 0xAC, 0xA9,
  0xAC, 0xA0, 0xCB, 0x1A, 0xC8, 0x0A, 0x98, 0x91,
  0xA3, 0x18, 0x52, 0x43, 0x07, 0x25, 0x20, 0x31,
  0x34, 0x24, 0x20, 0x41, 0x21, 0x28, 0x21, 0x88,
  0xAB, 0xFA, 0xCC, 0xBF, 0xAA, 0xDA, 0xBC, 0xBD,
  0xAB, 0xCB, 0xBC, 0xCA, 0xBB, 0xBD, 0xAB, 0xAC,
  0x9A, 0xAA, 0xA9, 0x98, 0x81, 0x14, 0x26, 0x24,
  0x35, 0x33, 0x53, 0x34, 0x34, 0x33, 0x42, 0x42,
  0x23, 0x33, 0x42, 0x23, 0x32, 0x22, 0x21, 0x01,
  0x88, 0x8C, 0xAB, 0xDC, 0xAB, 0xCB, 0xCB, 0xAC,
  0xAB, 0xBA, 0xBB, 0xBA, 0xAA, 0xAA, 0x99, 0x98,
  0xA0, 0x88, 0xB0, 0x8B, 0xBC, 0x5F, 0x00, 0xA9,
  0x89, 0xAB, 0xA2, 0xFA, 0xBB, 0x0F, 0xAB, 0x8C,
  0xA9, 0xBA, 0xC8, 0xC0, 0xB0, 0x0D, 0x00, 0x80,
  0x5B, 0x22, 0x32, 0x27, 0x14, 0x23, 0x34, 0x35,
  0x23, 0x35, 0x12, 0x31, 0x30, 0x30, 0x90, 0xAD,
  0xAD, 0xBE, 0xBC, 0xBC, 0xBD, 0xBB, 0xCB, 0xCB,
  0xBC, 0xBB, 0xBB, 0xDA, 0xBB, 0xAC, 0xAB, 0xBB,
  0xCB, 0xBD, 0xAB, 0xAC, 0xAA, 0x9B, 0x89, 0x01,
  0x07, 0x52, 0x44, 0x34, 0x43, 0x43, 0x34, 0x43,
  0x33, 0x34, 0x32, 0x33, 0x32, 0x32, 0x22, 0x20,
  0x00, 0x99, 0xB9, 0xDB, 0xDA, 0xCA, 0xCA, 0xCA,
  0xAC, 0x9B, 0xAB, 0xBA, 0xCA, 0xAA, 0xAB, 0x8A,
  0x9A, 0x90, 0xA8, 0x38, 0x02, 0x17, 0x13, 0x23,
  0x52, 0x33, 0x05, 0x91, 0x2A, 0xAC, 0xAC, 0xBF,
  0xBC, 0xBE, 0xAA, 0xE9, 0xBA, 0xBC, 0xAB, 0xCA,
  0xBA, 0xBB, 0xAB, 0xA9, 0x91, 0x13, 0x54, 0x44,
  0x43, 0x44, 0x33, 0x44, 0x23, 0x41, 0x33, 0x24,
  0x21, 0x32, 0x12, 0x20, 0x10, 0x08, 0x9A, 0xBB,
  0xFB, 0xCB, 0xDC, 0xAC, 0xBC, 0xBC, 0xBC, 0xBC,
  0xBB, 0xCB, 0xCB, 0xBC, 0xBB, 0xBC, 0xBB, 0xBB,
  0xBC, 0x9A, 0x9A, 0x01, 0x14, 0x35, 0x44, 0x44,
  0x24, 0x34, 0x33, 0x43, 0x42, 0x33, 0x34, 0x23,
  0x23, 0x23, 0x22, 0x22, 0x02, 0x19, 0x1B, 0x9C,
  0xBD, 0xCA, 0xE9, 0xBB, 0xCA, 0xCB, 0xAC, 0xBA,
  0xCA, 0xBB, 0xAC, 0xA9, 0xAB, 0xA9, 0xB8, 0x90,
  0x10, 0x43, 0x44, 0x52, 0x35, 0x32, 0x34, 0x23,
  0x32, 0x23, 0x20, 0x30, 0x01, 0xAA, 0x8D, 0x9D,
  0xA8, 0xE9, 0x9C, 0x98, 0xBB, 0x8C, 0x8A, 0xA9,
  0x89, 0xA1, 0x00, 0x93, 0x35, 0x21, 0x63, 0x43,
  0x51, 0x25, 0x22, 0x24, 0x22, 0x34, 0x22, 0x33,
  0x31, 0x31, 0x90, 0x9D, 0xD9, 0xFA, 0xAD, 0xAC,
  0xCA, 0xBC, 0xCA, 0xCB, 0xBC, 0xBA, 0xCC, 0xAB,
  0xBC, 0xBB, 0xBC, 0xAB, 0xCA, 0xAB, 0x9B, 0x89,
  0x90, 0x13, 0x36, 0x44, 0x43, 0x43, 0x53, 0x34,
  0x33, 0x43, 0x42, 0x34, 0x23, 0x32, 0x33, 0x42,
  0x22, 0x31, 0x21, 0x01, 0x80, 0xAA, 0xAC, 0xBC,
  0xDA, 0xBB, 0xBC, 0xBC, 0xAA, 0xBB, 0xAC, 0x9A,
  0xC8, 0xA9, 0xB9, 0xA9, 0xBA, 0xAB, 0xBB, 0xA8,
  0xFA, 0x8B, 0x8B, 0x1D, 0x8B, 0x00, 0xC3, 0xF9,
  0x2C, 0x08, 0xAA, 0xB1, 0xF9, 0x8A, 0xAA, 0x9B,
  0xAB, 0xB9, 0xCA, 0x2A, 0x21, 0x54, 0x96, 0x52,
  0x24, 0x24, 0x24, 0x31, 0x42, 0x22, 0x33, 0x22,
  0x12, 0x03, 0xD8, 0x9C, 0xAF, 0xBB, 0xCC, 0xCB,
  0xCB, 0xBC, 0xCB, 0xBB, 0xCB, 0xBB, 0xCB, 0xBC,
  0xAC, 0xAA, 0xBB, 0xBD, 0xAB, 0xBC, 0xBA, 0xCA,
  0xAA, 0xA9, 0x88, 0x03, 0x44, 0x63, 0x44, 0x43,
  0x44, 0x33, 0x53, 0x24, 0x32, 0x42, 0x23, 0x32,
  0x23, 0x22, 0x12, 0x01, 0x88, 0x1A, 0xB0, 0xDA,
  0xB9, 0xEA, 0xAB, 0xBC, 0xAC, 0xAA, 0xCA, 0xBA,
  0xAC, 0xA9, 0xBA, 0x8C, 0x89, 0x81, 0xA0, 0x11,
  0x11, 0x41, 0x31, 0x25, 0x95, 0x81, 0x01, 0xA2,
  0xCC, 0x8D, 0x0F, 0x9B, 0xBD, 0xAB, 0xEA, 0xBA,
  0xDA, 0xAC, 0xAB, 0xBA, 0xBC, 0xAA, 0x9A, 0x99,
  0x00, 0x32, 0x56, 0x24, 0x34, 0x42, 0x43, 0x33,
  0x43, 0x34, 0x22, 0x33, 0x24, 0x11, 0x31, 0x11,
  0x01, 0x80, 0xA9, 0xAF, 0x9B, 0xBD, 0xBD, 0xAC,
  0xCA, 0xCB, 0xCB, 0xCB, 0xDA, 0xBB, 0xCB, 0xBD,
  0xAB, 0xBA, 0xBC, 0xAB, 0xAB, 0xA9, 0x98, 0x92,
  0x33, 0x56, 0x26, 0x22, 0x43, 0x43, 0x34, 0x34,
  0x33, 0x33, 0x52, 0x23, 0x22, 0x23, 0x12, 0x21,
  0x10, 0x00, 0xA9, 0xBA, 0xDC, 0xAC, 0xBE, 0x9B,
  0xBB, 0xDA, 0xBB, 0xBD, 0xAB, 0xAA, 0xCA, 0xBA,
  0x9C, 0x99, 0x8A, 0x00, 0x02, 0x24, 0x53, 0x26,
  0x23, 0x24, 0x23, 0x32, 0x24, 0x11, 0x20, 0x08,
  0x19, 0xA8, 0xBB, 0xBB, 0xEC, 0x9B, 0xBC, 0x8B,
  0xDA, 0x9A, 0xAB, 0x9A, 0xB2, 0xC8, 0x08, 0x22,
  0x44, 0x25, 0x43, 0x35, 0x32, 0x53, 0x24, 0x24,
  0x23, 0x32, 0x42, 0x32, 0x13, 0x28, 0x3B, 0xB9,
  0xEC, 0xCC, 0xCA, 0xDB, 0xCB, 0xDA, 0xCB, 0xBC,
  0xBC, 0xBC, 0xBC, 0xAC, 0xAB, 0xBC, 0xBA, 0xBC,
  0xAA, 0xBA, 0xA9, 0x9A, 0x81, 0x04, 0x34, 0x53,
  0x45, 0x24, 0x33, 0x43, 0x43, 0x42, 0x42, 0x23,
  0x34, 0x23, 0x23, 0x33, 0x32, 0x33, 0x12, 0x10,
  0x08, 0x8A, 0xAD, 0x9B, 0xFA, 0x99, 0xBB, 0xBB,
  0xBC, 0xAC, 0x9A, 0xD8, 0x9A, 0x99, 0xAA, 0x8B,
  0x8B, 0x9A, 0x8B, 0xC3, 0xBB, 0x89, 0xD1, 0x9C,
  0x8E, 0x8B, 0x9A, 0xEA, 0xBB, 0xCC, 0xAC, 0xBA,
  0xCB, 0xAB, 0xBD, 0x98, 0xA9, 0x91, 0x89, 0x60,
  0x21, 0x60, 0x43, 0x24, 0x25, 0x14, 0x22, 0x32,
  0x42, 0x24, 0x02, 0x11, 0x08, 0x99, 0xAC, 0xBE,
  0xBC, 0xCA, 0xDA, 0xBC, 0xAC, 0xAB, 0xBC, 0xBB,
  0xCA, 0xBA, 0xBB, 0xBB, 0xCA, 0xBB, 0xCB, 0xAB,
  0xCA, 0xBA, 0xBA, 0xA9, 0x90, 0x02, 0x45, 0x54,
  0x34, 0x52, 0x43, 0x34, 0x34, 0x33, 0x43, 0x33,
  0x43, 0x23, 0x33, 0x34, 0x22, 0x10, 0x81, 0x11,
  0x08, 0x19, 0xBB, 0xA9, 0x9F, 0xAF, 0xB0, 0x90,
  0x9C, 0x9A, 0xAB, 0x99, 0x99, 0x3E, 0x0B, 0xBA,
  0xF0, 0xBB, 0xFC, 0xA9, 0x82, 0x98, 0x0D, 0xB9,
  0x8B, 0xAF, 0x9C, 0x9D, 0xAD, 0xAA, 0x9C, 0xCD,
  0xA9, 0x8F, 0x17, 0x77, 0x18, 0x08, 0x08, 0x9A,
  0x99, 0xA8, 0x23, 0x88, 0x88, 0x88, 0x80, 0x8B,
  0xCA, 0x9B, 0xA7, 0x72, 0x80, 0x88, 0x08, 0x80,
  0x00, 0x9B, 0x9A, 0xAB, 0xA9, 0xAB, 0x90, 0x0A,
  0xA8, 0x12, 0xA9, 0x08, 0x8A, 0x81, 0xBD, 0x12,
  0xC9, 0x04, 0xC0, 0x98, 0x78, 0x84, 0xB5, 0x4C,
  0x06, 0x8B, 0x34, 0xD9, 0x42, 0x9C, 0x04, 0x28,
  0xBE, 0x05, 0x41, 0x9B, 0xDB, 0xAA, 0xBB, 0xA9,
  0x80, 0x80, 0x37, 0x52, 0x08, 0x80, 0x02, 0x25,
  0x43, 0x32, 0x22, 0x24, 0x10, 0xAC, 0xCC, 0xBB,
  0xAB, 0xAA, 0xBA, 0x98, 0x89, 0x81, 0x44, 0x30,
  0x81, 0x11, 0x09, 0x03, 0x76, 0x22, 0x11, 0x81,
  0x25, 0x42, 0x0A, 0xBC, 0xCC, 0xAA, 0xAA, 0xAB,
  0xBB, 0xAA, 0x98, 0x08, 0x84, 0x53, 0x34, 0x31,
  0x99, 0x81, 0x80, 0x27, 0x53, 0x22, 0x44, 0x33,
  0x11, 0x24, 0x33, 0x9C, 0xC9, 0x80, 0x00, 0x80,
  0x09, 0xFF, 0xCC, 0xBB, 0xBC, 0xAA, 0xA8, 0x01,
  0x12, 0x31, 0x22, 0x34, 0x44, 0x45, 0x34, 0x33,
  0x33, 0x32, 0x10, 0x99, 0xAB, 0xDB, 0xCB, 0xBA,
  0xA9, 0xAB, 0xBB, 0xAA, 0x00, 0x11, 0x12, 0x21,
  0xAE, 0xCC, 0xDB, 0xBC, 0xBB, 0xCA, 0xA9, 0x80,
  0x01, 0x32, 0x22, 0x24, 0x43, 0x33, 0x54, 0x44,
  0x33, 0x43, 0x34, 0x33, 0x20, 0x88, 0x99, 0x89,
  0xBF, 0xBB, 0x88, 0x80, 0x88, 0x18, 0x89, 0x92,
  0x34, 0x21, 0x45, 0x74, 0x33, 0x18, 0xBF, 0xDD,
  0xCC, 0xBC, 0xBB, 0xBB, 0xB9, 0xA8, 0x80, 0x12,
  0x24, 0x43, 0x44, 0x44, 0x34, 0x43, 0x33, 0x33,
  0x23, 0x21, 0x00, 0x09, 0xAA, 0xBD, 0xBB, 0xCB,
  0xCA, 0xAB, 0xBB, 0xBA, 0xAA, 0x9A, 0x9B, 0x99,
  0x80, 0x80, 0x89, 0x8A, 0x8B, 0xAA, 0x10, 0x74,
  0x24, 0x13, 0x08, 0x9C, 0xDE, 0xBF, 0xBB, 0xCB,
  0xBB, 0xBB, 0xAA, 0xA9, 0x98, 0x82, 0x32, 0x53,
  0x54, 0x44, 0x53, 0x43, 0x42, 0x33, 0x32, 0x33,
  0x23, 0x33, 0x12, 0x8A, 0xDE, 0xCD, 0xCB, 0xDB,
  0xBC, 0xBB, 0xAB, 0xAA, 0xA9, 0x98, 0x11, 0x35,
  0x44, 0x44, 0x43, 0x43, 0x42, 0x33, 0x21, 0x11,
  0x88, 0x99, 0xBB, 0xBC, 0xBC, 0xAB, 0xAB, 0xCA,
  0xAB, 0xBC, 0xBB, 0xCB, 0xCB, 0xBB, 0xBC, 0xAA,
  0x99, 0xA8, 0xA8, 0x98, 0x02, 0x24, 0x26, 0x34,
  0x43, 0x43, 0x53, 0x44, 0x23, 0x34, 0x23, 0x23,
  0x21, 0x11, 0x10, 0x08, 0x99, 0xAC, 0xCC, 0xBC,
  0xCB, 0xCB, 0xCC, 0xBB, 0xCA, 0xB9, 0xA9, 0x80,
  0x01, 0x10, 0x8A, 0xCE, 0xCC, 0xBD, 0xBB, 0xCA,
  0xA9, 0xA8, 0x99, 0x88, 0x02, 0x44, 0x55, 0x44,
  0x35, 0x34, 0x42, 0x33, 0x22, 0x21, 0x10, 0x89,
  0xAB, 0xCC, 0xBB, 0xCB, 0xBB, 0xCA, 0xAA, 0xAA,
  0xB8, 0xA9, 0x99, 0x98, 0x88, 0x80, 0x18, 0x18,
  0x18, 0x13, 0x94, 0x23, 0x53, 0x52, 0x32, 0x32,
  0x18, 0x09, 0xAC, 0xCB, 0xAB, 0xFA, 0x89, 0x92,
  0x03, 0x18, 0xA9, 0xBF, 0xAB, 0xCF, 0xAC, 0xAC,
  0xBB, 0xCB, 0xCB, 0xA9, 0xA2, 0x25, 0x23, 0x41,
  0x1B, 0xBF, 0xFC, 0xCB, 0xCB, 0xCB, 0xBB, 0xBB,
  0xBB, 0xA9, 0x90, 0x03, 0x64, 0x53, 0x63, 0x43,
  0x53, 0x33, 0x43, 0x23, 0x22, 0x21, 0x00, 0x8A,
  0xAB, 0xCB, 0xDB, 0xBB, 0xCB, 0xAB, 0xBB, 0xBB,
  0xBB, 0xAB, 0xAA, 0x9A, 0xAA, 0xA0, 0xB8, 0x89,
  0xA8, 0x80, 0x8A, 0x52, 0x01, 0x49, 0x13, 0x99,
  0x82, 0xCC, 0xBD, 0xE9, 0xBB, 0x0D, 0xAA, 0x9A,
  0x98, 0x88, 0x33, 0x25, 0x36, 0x20, 0x52, 0x22,
  0x07, 0x23, 0x36, 0x32, 0x43, 0x22, 0x18, 0xAB,
  0xFD, 0xDB, 0xCC, 0xBC, 0xBC, 0xBB, 0xBC, 0xAB,
  0xA9, 0x98, 0x03, 0x54, 0x45, 0x34, 0x33, 0x43,
  0x33, 0x22, 0x10, 0x0A, 0xAC, 0xCC, 0xBB, 0xDB,
  0xBB, 0xBB, 0xBB, 0xAA, 0x88, 0x12, 0x37, 0x34,
  0x43, 0x43, 0x43, 0x33, 0x42, 0x32, 0x22, 0x11,
  0x11, 0x08, 0x8A, 0xBB, 0xCC, 0xCB, 0xBB, 0xDA,
  0xCA, 0xBA, 0xBC, 0xAA, 0xBA, 0xAB, 0xAB, 0xAA,
  0x08, 0x18, 0x25, 0x03, 0x23, 0x44, 0x23, 0x54,
  0x23, 0x43, 0x52, 0x21, 0x28, 0x8B, 0xFB, 0xFB,
  0xCB, 0xEA, 0xBC, 0xAC, 0xAB, 0xBA, 0xBB, 0xAA,
  0x98, 0x13, 0x55, 0x44, 0x43, 0x43, 0x52, 0x32,
  0x23, 0x22, 0x11, 0x00, 0x89, 0x9A, 0xBC, 0xBC,
  0xBB, 0xCB, 0xCA, 0xBB, 0xCA, 0xBB, 0xBA, 0xBC,
  0xAB, 0xAB, 0xAB, 0xA9, 0x88, 0x00, 0x44, 0x27,
  0x23, 0x43, 0x43, 0x33, 0x42, 0x12, 0x11, 0x89,
  0xAB, 0xDC, 0xBD, 0xBB, 0xCB, 0xCB, 0xAB, 0xBA,
  0xAA, 0x80, 0x21, 0x64, 0x36, 0x34, 0x35, 0x33,
  0x43, 0x34, 0x22, 0x12, 0x08, 0x9A, 0xCC, 0xDB,
  0xDB, 0xBC, 0xCB, 0xBB, 0xBC, 0xAB, 0xAA, 0x98,
  0x12, 0x44, 0x54, 0x34, 0x43, 0x33, 0x42, 0x32,
  0x21, 0x11, 0x80, 0x9A, 0xAC, 0xBB, 0xBC, 0xCA,
  0xBB, 0xBA, 0xBB, 0xAA, 0xBA, 0x99, 0x90, 0x80,
  0x31, 0x32, 0x53, 0x11, 0x10, 0x8B, 0xEC, 0xCD,
  0xCB, 0xCB, 0xCB, 0xCB, 0xCB, 0xCA, 0xBA, 0xAB,
  0xAA, 0x9A, 0x11, 0x43, 0x63, 0x63, 0x43, 0x43,
  0x43, 0x34, 0x32, 0x34, 0x23, 0x23, 0x22, 0x12,
  0x18, 0x9A, 0xCE, 0xBD, 0xBD, 0xCB, 0xCB, 0xCC,
  0xBB, 0xBC, 0xBB, 0xBC, 0xAA, 0xAA, 0x90, 0x11,
  0x44, 0x44, 0x43, 0x43, 0x34, 0x33, 0x33, 0x32,
  0x33, 0x12, 0x21, 0x00, 0x09, 0x89, 0x9A, 0xBB,
  0xCA, 0xDA, 0xC9, 0xAC, 0x9A, 0xAA, 0xBB, 0xCA,
  0xBC, 0x9A, 0xC9, 0x9B, 0x9A, 0xAA, 0x9B, 0x89,
  0xC0, 0x89, 0x9B, 0x31, 0xA1, 0x8B, 0xF8, 0xDB,
  0xBC, 0xAD, 0xDB, 0xAC, 0xCA, 0xCB, 0xAC, 0xAB,
  0xBB, 0xBA, 0x99, 0x00, 0x36, 0x24, 0x34, 0x43,
  0x23, 0x32, 0x18, 0x8E, 0xBC, 0xCD, 0xCB, 0xCB,
  0xDB, 0xBC, 0xBA, 0xBA, 0x99, 0x01, 0x54, 0x54,
  0x35, 0x34, 0x33, 0x42, 0x32, 0x32, 0x11, 0x10,
  0x08, 0x9A, 0xBB, 0xCC, 0xBB, 0xCB, 0xAC, 0xAB,
  0xAB, 0xBC, 0xBB, 0xAC, 0xBA, 0xCB, 0xBA, 0xCC,
  0xAB, 0xBC, 0xAB, 0xBB, 0xBB, 0xD9, 0xA9, 0xA9,
  0x08, 0x83, 0x35, 0x63, 0x44, 0x42, 0x43, 0x34,
  0x33, 0x43, 0x43, 0x23, 0x33, 0x34, 0x22, 0x33,
  0x23, 0x31, 0x11, 0x08, 0xAB, 0xFD, 0xCC, 0xBC,
  0xCD, 0xBC, 0xBB, 0xDB, 0xBC, 0xBC, 0xBA, 0xCA,
  0xAB, 0xA9, 0xA8, 0x01, 0x43, 0x64, 0x35, 0x34,
  0x34, 0x33, 0x33, 0x42, 0x22, 0x11, 0x18, 0x09,
  0x99, 0xBB, 0xCB, 0xDB, 0xAC, 0xAB, 0xAB, 0xBB,
  0xBB, 0xAB, 0xB9, 0x9A, 0x99, 0x98, 0x88, 0x90,
  0x90, 0x09, 0x11, 0x19, 0x79, 0x13, 0x6A, 0x30,
  0x84, 0x81, 0x02, 0xA0, 0x81, 0x92, 0x05, 0xA3,
  0x91, 0x10, 0x5A, 0x61, 0x81, 0x43, 0x51, 0x21,
  0x11, 0x0A, 0xAC, 0xFE, 0xCC, 0xBD, 0xCB, 0xDB,
  0xBD, 0xBC, 0xAC, 0xAC, 0xAA, 0xBB, 0xBA, 0xAA,
  0xA8, 0x82, 0x36, 0x54, 0x35, 0x34, 0x43, 0x33,
  0x43, 0x23, 0x22, 0x21, 0x01, 0x98, 0x9A, 0xAA,
  0xCA, 0xBA, 0xAB, 0x99, 0x88, 0x08, 0x03, 0x18,
  0x39, 0x08, 0xBC, 0xCE, 0x9C, 0x9C, 0xB9, 0xDA,
  0xBA, 0xCA, 0xAA, 0xAB, 0xBA, 0xCA, 0xAC, 0xAB,
  0x99, 0xBC, 0xAB, 0xCA, 0x8D, 0x98, 0x8A, 0x29,
  0x03, 0x37, 0x23, 0x37, 0x34, 0x24, 0x33, 0x52,
  0x32, 0x23, 0x18, 0x8A, 0xCD, 0xDB, 0xEB, 0xCB,
  0xDB, 0xCB, 0xBC, 0xCA, 0xBB, 0xCA, 0xAB, 0x99,
  0x88, 0x23, 0x64, 0x44, 0x43, 0x43, 0x34, 0x33,
  0x32, 0x32, 0x11, 0x18, 0x9A, 0xCC, 0xBC, 0xCB,
  0xCB, 0xBC, 0xBB, 0xBC, 0xAB, 0xBB, 0xAB, 0xAB,
  0x99, 0x00, 0x13, 0x54, 0x44, 0x43, 0x43, 0x44,
  0x23, 0x33, 0x42, 0x32, 0x22, 0x22, 0x10, 0x80,
  0x99, 0xBC, 0xAC, 0xCB, 0xBC, 0xAB, 0xBB, 0xBB,
  0xBA, 0xB9, 0x9A, 0x02, 0x05, 0x22, 0x51, 0x21,
  0x32, 0x02, 0x9D, 0xDD, 0xBD, 0xCD, 0xAC, 0xBC,
  0xCB, 0xBC, 0xBB, 0xCA, 0xCA, 0xAA, 0x99, 0x80,
  0x23, 0x45, 0x53, 0x43, 0x44, 0x23, 0x33, 0x42,
  0x21, 0x21, 0x00, 0x08, 0x89, 0xAA, 0xCA, 0xAC,
  0xAB, 0xAA, 0xAB, 0xAA, 0xAA, 0xAA, 0xA9, 0xBA,
  0xE8, 0xC9, 0xCB, 0x9C, 0xAB, 0xCA, 0xDA, 0xAC,
  0xBA, 0xDA, 0xBB, 0xCB, 0xBD, 0x9B, 0xBA, 0x9A,
  0xA0, 0x91, 0x04, 0x35, 0x35, 0x24, 0x33, 0x34,
  0x33, 0x41, 0x42, 0x32, 0x34, 0x03, 0x52, 0x23,
  0x22, 0x23, 0x10, 0x8A, 0xAF, 0xDB, 0xCD, 0xBC,
  0xCB, 0xCB, 0xBC, 0xAB, 0xBB, 0xA9, 0x80, 0x15,
  0x44, 0x44, 0x35, 0x24, 0x23, 0x23, 0x32, 0x22,
  0x11, 0x08, 0x89, 0xAB, 0xCB, 0xCC, 0xAB, 0xCA,
  0xAB, 0xBA, 0xBB, 0xAB, 0xAA, 0xAA, 0x0A, 0x00,
  0xA6, 0x09, 0x43, 0x04, 0x11, 0x32, 0x20, 0x01,
  0x19, 0xA9, 0xFD, 0xAD, 0xBB, 0xCC, 0xBC, 0xBC,
  0xBB, 0xCC, 0xAA, 0xAB, 0xBA, 0xAA, 0xB9, 0x00,
  0x04, 0x52, 0x71, 0x44, 0x24, 0x32, 0x43, 0x33,
  0x33, 0x23, 0x18, 0x9A, 0xEC, 0xCB, 0xEB, 0xBC,
  0xCB, 0xBC, 0xBB, 0xBB, 0xAA, 0x98, 0x11, 0x36,
  0x35, 0x35, 0x24, 0x22, 0x32, 0x32, 0x21, 0x11,
  0x01, 0x88, 0x88, 0x80, 0x81, 0x00, 0x51, 0x23,
  0x42, 0x51, 0x33, 0x24, 0x02, 0x01, 0x10, 0xA1,
  0x8A, 0xCC, 0x9E, 0x9C, 0x9B, 0xAC, 0xBC, 0xAA,
  0xCA, 0xCA, 0xAA, 0xBB, 0xBB, 0xBB, 0xAA, 0x90,
  0x9A, 0x62, 0x34, 0x42, 0x43, 0x52, 0x33, 0x43,
  0x15, 0x21, 0x10, 0x99, 0x0F, 0xBC, 0xDB, 0xDC,
  0xBC, 0xCB, 0xCB, 0xCB, 0xCB, 0xBB, 0xCA, 0xBA,
  0xAB, 0x89, 0x01, 0x35, 0x45, 0x35, 0x34, 0x43,
  0x33, 0x43, 0x34, 0x22, 0x21, 0x11, 0x10, 0x88,
  0x99, 0xAA, 0xBB, 0xDB, 0xBB, 0xCA, 0xBB, 0xAC,
  0xAA, 0xBA, 0xAC, 0xAB, 0xAB, 0xCA, 0xCC, 0xA9,
  0xBB, 0xCB, 0xAC, 0xBC, 0xBC, 0xAB, 0xDA, 0xAB,
  0xBB, 0xBB, 0xBA, 0x8D, 0x10, 0x83, 0x27, 0x14,
  0x34, 0x42, 0x43, 0x43, 0x34, 0x34, 0x23, 0x51,
  0x32, 0x23, 0x22, 0x21, 0x00, 0x99, 0xDC, 0xBE,
  0xBC, 0xCC, 0xBB, 0xDB, 0xBC, 0xBB, 0xCB, 0xBB,
  0xBB, 0xAA, 0x98, 0x02, 0x35, 0x54, 0x34, 0x34,
  0x42, 0x33, 0x33, 0x34, 0x22, 0x22, 0x21, 0x21,
  0x21, 0x11, 0x00, 0x88, 0x88, 0xAB, 0xAD, 0xAC,
  0xAA, 0xCB, 0xBA, 0xD9, 0xAB, 0xBB, 0xDA, 0xBA,
  0xBB, 0xBF, 0x8B, 0x8B, 0xA8, 0xAA, 0xBA, 0xCA,
  0xB9, 0xCB, 0x1D, 0x0A, 0xC1, 0xC1, 0x98, 0x10,
  0x23, 0x36, 0x42, 0x45, 0x32, 0x25, 0x34, 0x12,
  0x22, 0x20, 0x18, 0x9D, 0xDB, 0xDC, 0xCB, 0xDB,
  0xCC, 0xAC, 0xBB, 0xCB, 0xBA, 0xCA, 0xAA, 0x99,
  0x80, 0x33, 0x63, 0x63, 0x35, 0x34, 0x33, 0x42,
  0x33, 0x22, 0x21, 0x10, 0x88, 0xAA, 0xBE, 0xBB,
  0xCC, 0xAB, 0xCA, 0xBB, 0xBA, 0xB9, 0xA9, 0x80,
  0x02, 0x44, 0x43, 0x44, 0x23, 0x43, 0x23, 0x33,
  0x23, 0x13, 0x11, 0x91, 0x8A, 0xAB, 0xEB, 0xBD,
  0xBB, 0xAC, 0xCA, 0x9A, 0xBA, 0x9A, 0xA9, 0x10,
  0x21, 0x52, 0x46, 0x15, 0x23, 0x42, 0x32, 0x33,
  0x02, 0x29, 0xBC, 0xFC, 0xCC, 0xBC, 0xCB, 0xDB,
  0xBC, 0xBB, 0xDA, 0xBB, 0xBB, 0xBA, 0xB9, 0x80,
  0x15, 0x36, 0x35, 0x35, 0x33, 0x42, 0x42, 0x23,
  0x23, 0x12, 0x21, 0x10, 0x08, 0x99, 0xAA, 0xCA,
  0xCA, 0xBB, 0xCB, 0xBB, 0xCB, 0xBC, 0xAB, 0xCA,
  0xCA, 0xBB, 0xCB, 0xBC, 0xAB, 0xBC, 0xBB, 0xCB,
  0xAB, 0x8A, 0x81, 0x02, 0x53, 0x53, 0x44, 0x43,
  0x33, 0x52, 0x33, 0x42, 0x33, 0x33, 0x33, 0x34,
  0x15, 0x12, 0x22, 0x32, 0x22, 0x40, 0x08, 0xAB,
  0xCF, 0xCA, 0xDB, 0xDB, 0xCB, 0xCC, 0xBB, 0xBD,
  0xBB, 0xBC, 0xAB, 0xBA, 0xBA, 0x99, 0x02, 0x36,
  0x44, 0x43, 0x44, 0x33, 0x42, 0x42, 0x22, 0x22,
  0x21, 0x11, 0x80, 0x98, 0xAA, 0xBB, 0xEA, 0x9C,
  0xAA, 0x9A, 0xB9, 0xAA, 0xB8, 0x2A, 0x88, 0x82,
  0x0A, 0x39, 0x15, 0x85, 0x08, 0x80, 0x0C, 0xAB,
  0xBC, 0xDD, 0xDA, 0xCA, 0xCC, 0xBB, 0xBD, 0xAB,
  0xBC, 0x9C, 0x9A, 0x99, 0x80, 0x92, 0x25, 0x34,
  0x62, 0x43, 0x43, 0x34, 0x33, 0x33, 0x34, 0x11,
  0x00, 0xA9, 0xCC, 0xCC, 0xBD, 0xBD, 0xAB, 0xCA,
  0xBC, 0xAA, 0xBA, 0xB9, 0xA8, 0x00, 0x42, 0x54,
  0x35, 0x34, 0x34, 0x33, 0x34, 0x22, 0x22, 0x21,
  0x10, 0x08, 0x99, 0xAA, 0xBB, 0xDB, 0xBB, 0xCA,
  0xBB, 0xC9, 0xAA, 0x99, 0xC9, 0x9A, 0x9B, 0xA8,
  0xE8, 0x0C, 0x98, 0x89, 0x19, 0x02, 0x08, 0x13,
  0xA5, 0xA6, 0x88, 0x19, 0x2A, 0x1B, 0x8A, 0x94,
  0xC3, 0x9B, 0x70, 0x01, 0x05, 0x84, 0x20, 0x21,
  0x28, 0x09, 0xE8, 0xAF, 0xCC, 0xBD, 0xBC, 0xCB,
  0xBD, 0xCA, 0xBC, 0xAB, 0xCA, 0xBB, 0xBB, 0xAB,
  0xB9, 0x98, 0x13, 0x46, 0x44, 0x43, 0x53, 0x43,
  0x35, 0x23, 0x33, 0x23, 0x33, 0x21, 0x10, 0x09,
  0x0B, 0xAA, 0xCB, 0xDA, 0xBC, 0xAB, 0xAB, 0xBA,
  0xBA, 0xAB, 0x9B, 0xC8, 0xAA, 0x9B, 0xA0, 0xAB,
  0xDB, 0xAB, 0xA9, 0xDB, 0x99, 0xF0, 0xA9, 0x0E,
  0x99, 0xAC, 0xB9, 0xD9, 0xA9, 0xA9, 0x99, 0x09,
  0x13, 0x55, 0x42, 0x62, 0x42, 0x43, 0x34, 0x34,
  0x23, 0x32, 0x21, 0x11, 0x8A, 0xAE, 0xCD, 0xBD,
  0xCB, 0xCC, 0xBC, 0xBC, 0xBC, 0xBB, 0xBC, 0xAB,
  0xBA, 0xAA, 0x98, 0x02, 0x36, 0x43, 0x54, 0x24,
  0x33, 0x42, 0x42, 0x23, 0x22, 0x22, 0x22, 0x11,
  0x01, 0x80, 0x99, 0x99, 0xCA, 0xBA, 0xBC, 0xBA,
  0xCC, 0xAA, 0xAB, 0xBC, 0x9A, 0xBA, 0xCA, 0x8B,
  0x8B, 0x8A, 0xAB, 0xB9, 0xF9, 0xBA, 0xAC, 0x9C,
  0xBA, 0xAB, 0xAF, 0x8A, 0xA9, 0x90, 0x01, 0x84,
  0x44, 0x33, 0x36, 0x35, 0x24, 0x34, 0x23, 0x32,
  0x32, 0x21, 0x2B, 0x9C, 0xEC, 0xBE, 0xBC, 0xCB,
  0xCC, 0xBB, 0xDA, 0xBB, 0xCB, 0xAB, 0xAB, 0xA9,
  0x90, 0x03, 0x45, 0x36, 0x34, 0x34, 0x33, 0x34,
  0x23, 0x32, 0x20, 0x10, 0x09, 0xA9, 0xDA, 0xAC,
  0xBA, 0xBC, 0x9C, 0x90, 0x90, 0x01, 0x23, 0x52,
  0x43, 0x35, 0x23, 0x42, 0x32, 0x24, 0x02, 0x10,
  0x2A, 0x19, 0x9A, 0xCC, 0xCB, 0xBE, 0xAA, 0xBB,
  0xCA, 0xBB, 0x9C, 0x90, 0xA1, 0x91, 0x11, 0x42,
  0x63, 0x34, 0x34, 0x33, 0x61, 0x33, 0x31, 0x22,
  0x08, 0x88, 0xFA, 0xAF, 0xAC, 0xCB, 0xCC, 0xBC,
  0xBB, 0xDB, 0xAC, 0xAB, 0xAB, 0xA9, 0xA8, 0x80,
  0x33, 0x64, 0x36, 0x24, 0x33, 0x34, 0x34, 0x23,
  0x22, 0x32, 0x21, 0x11, 0x08, 0x0A, 0x9B, 0xBD,
  0xCA, 0xBC, 0xBA, 0xCA, 0xCA, 0xBB, 0xCA, 0xBB,
  0xBC, 0xBB, 0xBC, 0xAA, 0xC9, 0x98, 0x90, 0x10,
  0x22, 0x63, 0x35, 0x24, 0x24, 0x23, 0x23, 0x34,
  0x50, 0x22, 0x32, 0x13, 0x13, 0x14, 0x83, 0x28,
  0x40, 0x23, 0x43, 0x26, 0x21, 0x33, 0x21, 0x09,
  0x0F, 0xD9, 0xDC, 0xCB, 0xCC, 0xBC, 0xBC, 0xBC,
  0xBB, 0xBC, 0xAB, 0xAB, 0xA9, 0x98, 0x01, 0x26,
  0x34, 0x44, 0x43, 0x34, 0x34, 0x23, 0x23, 0x23,
  0x22, 0x20, 0x10, 0x08, 0x89, 0x99, 0xBA, 0xBA,
  0xCB, 0xAA, 0xA9, 0xC9, 0x9A, 0x9A, 0xB1, 0x3B,
  0xF1, 0xB8, 0xAB, 0x8F, 0xAB, 0xCC, 0xCB, 0xEB,
  0xAC, 0xBC, 0xBC, 0xBC, 0xBA, 0xBC, 0xBA, 0xAB,
  0xAA, 0x99, 0x00, 0x24, 0x44, 0x53, 0x53, 0x44,
  0x33, 0x43, 0x43, 0x33, 0x32, 0x32, 0x21, 0x09,
  0x9D, 0xAE, 0xBC, 0xCB, 0xDA, 0xBC, 0xBB, 0xCB,
  0xBB, 0xCA, 0xBA, 0xA9, 0x98, 0x11, 0x35, 0x44,
  0x34, 0x43, 0x43, 0x34, 0x33, 0x32, 0x33, 0x23,
  0x21, 0x10, 0x08, 0xAB, 0xBB, 0xDB, 0xCB, 0xBB,
  0xBD, 0xAA, 0xC9, 0x99, 0xA9, 0xA9, 0x80, 0xA1,
  0x10, 0x22, 0x23, 0x23, 0x54, 0x82, 0x49, 0x01,
  0xE9, 0x9D, 0x88, 0x8B, 0xA8, 0xB9, 0xF0, 0xA9,
  0xCA, 0xAD, 0xAD, 0x9A, 0xAB, 0x99, 0xB0, 0xBA,
  0x2B, 0x19, 0x79, 0x1B, 0x9C, 0xCE, 0xBC, 0xCA,
  0xCB, 0xCB, 0xCC, 0xBB, 0xBC, 0xBC, 0xAB, 0xBC,
  0xAB, 0xA8, 0xA8, 0x84, 0x42, 0x64, 0x43, 0x44,
  0x34, 0x24, 0x23, 0x23, 0x32, 0x13, 0x21, 0x18,
  0x08, 0x0A, 0xAA, 0xCB, 0xBD, 0xAB, 0xAA, 0xCA,
  0xAA, 0xAB, 0x9B, 0x9B, 0x8A, 0x8A, 0xB8, 0xCB,
  0x9A, 0xBC, 0xBE, 0xBD, 0xC9, 0xC9, 0xBB, 0xAB,
  0xBC, 0xAA, 0xAA, 0x99, 0x09, 0x99, 0x06, 0xA7,
  0x84, 0x31, 0x72, 0x33, 0x53, 0x35, 0x33, 0x35,
  0x22, 0x22, 0x00, 0x0A, 0xBD, 0xCD, 0xCC, 0xBC,
  0xCB, 0xCB, 0xCB, 0xCA, 0xCA, 0xBA, 0xCA, 0xA9,
  0xB9, 0x99, 0x00, 0x14, 0x44, 0x43, 0x53, 0x34,
  0x34, 0x34, 0x22, 0x32, 0x32, 0x12, 0x11, 0x10,
  0x80, 0xA9, 0x8B, 0xBB, 0xBC, 0xBC, 0xAC, 0x9A,
  0xC9, 0x9A, 0xA8, 0xA8, 0xA8, 0x9D, 0x89, 0x99,
  0x99, 0xBB, 0xE8, 0xAB, 0xB9, 0xFA, 0x09, 0xBA,
  0x9D, 0xAA, 0xB8, 0xC9, 0xB8, 0xC8, 0xAA, 0x1A,
  0x60, 0x35, 0x34, 0x54, 0x23, 0x53, 0x24, 0x22,
  0x12, 0x02, 0x98, 0x0D, 0xBC, 0xCD, 0xBC, 0xBC,
  0xCB, 0xCB, 0xCB, 0xBB, 0xDA, 0xBA, 0xAB, 0xAA,
  0x98, 0x80, 0x34, 0x44, 0x35, 0x33, 0x53, 0x23,
  0x42, 0x22, 0x22, 0x11, 0x11, 0x10, 0x80, 0x00,
  0x80, 0x81, 0x22, 0x54, 0x34, 0x43, 0x44, 0x23,
  0x34, 0x13, 0x22, 0x00, 0x29, 0x9A, 0x9D, 0x9E,
  0x9A, 0x9B, 0xB0, 0xC9, 0xBB, 0xDA, 0xAB, 0xCA,
  0xBD, 0xAB, 0xCA, 0x99, 0x91, 0xA4, 0x86, 0x12,
  0x52, 0x43, 0x34, 0x33, 0x33, 0x52, 0x23, 0x01,
  0x0A, 0xAD, 0xCA, 0xFB, 0xBE, 0xBB, 0xCC, 0xBB,
  0xCB, 0xBB, 0xCB, 0xBC, 0xAA, 0xAA, 0x98, 0x80,
  0x23, 0x54, 0x53, 0x44, 0x34, 0x33, 0x42, 0x33,
  0x33, 0x33, 0x22, 0x10, 0x09, 0x8B, 0xAC, 0xCC,
  0xBB, 0xCB, 0xCB, 0xBC, 0xAA, 0xBB, 0xCA, 0xAA,
  0xA9, 0xB9, 0x89, 0x81, 0x82, 0x60, 0x62, 0x23,
  0x42, 0x34, 0x33, 0x41, 0x33, 0x23, 0x82, 0x02,
  0x08, 0x2A, 0x3D, 0x08, 0x84, 0x06, 0x13, 0x60,
  0x42, 0x14, 0x22, 0x14, 0x31, 0x21, 0x91, 0xA8,
  0xBF, 0xAD, 0xBE, 0xBC, 0xCB, 0xCB, 0xCB, 0xCB,
  0xCB, 0xAB, 0xBC, 0xAA, 0xAA, 0x99, 0x88, 0x22,
  0x62, 0x54, 0x24, 0x42, 0x33, 0x42, 0x32, 0x33,
  0x22, 0x31, 0x21, 0x10, 0x10, 0x18, 0x18, 0x92,
  0xB8, 0x0A, 0x1B, 0xBF, 0x8D, 0x9B, 0xBA, 0xDA,
  0xBB, 0xCC, 0xBA, 0xE9, 0xCB, 0x9B, 0xDA, 0xBC,
  0xAC, 0xAB, 0xAC, 0x9B, 0xA9, 0xC9, 0x88, 0x91,
  0x12, 0x35, 0x43, 0x53, 0x44, 0x42, 0x43, 0x34,
  0x24, 0x23, 0x23, 0x23, 0x22, 0x28, 0x88, 0xAD,
  0xAD, 0xCB, 0xDB, 0xCB, 0xCC, 0xBB, 0xBD, 0xAB,
  0xBB, 0xCA, 0xAB, 0x9A, 0x98, 0x11, 0x24, 0x53,
  0x53, 0x44, 0x24, 0x23, 0x33, 0x24, 0x22, 0x12,
  0x10, 0x20, 0x80, 0x88, 0x99, 0xAC, 0x9B, 0xAB,
  0x9A, 0xBA, 0xCA, 0xB9, 0xB1, 0xE1, 0x09, 0x08,
  0x98, 0x93, 0x68, 0x01, 0x78, 0x83, 0x80, 0xA1,
  0xB9, 0xFA, 0xAC, 0xAB, 0xEC, 0x9C, 0x9A, 0xCA,
  0xBA, 0xBA, 0xBA, 0xAC, 0x98, 0x98, 0x94, 0x12,
  0x25, 0x33, 0x33, 0x74, 0x22, 0x41, 0x02, 0x1A,
  0x9C, 0xAC, 0xEA, 0xCC, 0xCB, 0xBD, 0xAC, 0xAA,
  0xCA, 0x9A, 0x9A, 0x80, 0x02, 0x34, 0x63, 0x44,
  0x33, 0x43, 0x42, 0x33, 0x23, 0x32, 0x22, 0x31,
  0x11, 0x10, 0x08, 0x99, 0xCA, 0xAB, 0xD9, 0xAD,
  0xAA, 0x9B, 0xAA, 0x9A, 0x99, 0x0B, 0xC9, 0xBC,
  0xB0, 0xBC, 0xAC, 0x8C, 0xAB, 0xCD, 0x0B, 0xA8,
  0xD0, 0xAB, 0x8A, 0xCA, 0xB9, 0x28, 0x43, 0x62,
  0x71, 0x34, 0x33, 0x44, 0x23, 0x13, 0x22, 0x23,
  0x92, 0x49, 0x0D, 0x9B, 0xDD, 0xBD, 0xCC, 0xBC,
  0xCC, 0xAC, 0xBA, 0xD9, 0xBB, 0xAB, 0xBA, 0xAA,
  0xA9, 0x00, 0x23, 0x63, 0x53, 0x53, 0x43, 0x43,
  0x33, 0x42, 0x33, 0x33, 0x32, 0x31, 0x21, 0x00,
  0x09, 0x89, 0xAC, 0xAB, 0xAC, 0xAB, 0xBA, 0xAA,
  0xBA, 0xBB, 0xAE, 0x0A, 0x8A, 0x1B, 0x94, 0xE9,
  0x09, 0x1C, 0x8A, 0xBB, 0xFA, 0xCC, 0x9A, 0xAB,
  0xBC, 0xBA, 0xAA, 0xAB, 0x80, 0xA3, 0x12, 0x27,
  0x34, 0x51, 0x53, 0x33, 0x61, 0x51, 0x32, 0x34,
  0x13, 0x13, 0x81, 0x09, 0xCA, 0xDC, 0xCC, 0xDB,
  0xBD, 0xAC, 0xAB, 0xCA, 0xCA, 0xAA, 0xBB, 0x9B,
  0x99, 0x98, 0x11, 0x43, 0x44, 0x44, 0x23, 0x34,
  0x23, 0x42, 0x32, 0x32, 0x23, 0x23, 0x22, 0x41,
  0x21, 0x33, 0x02, 0x24, 0x03, 0x11, 0x38, 0x22,
  0x09, 0x59, 0x89, 0x9D, 0x0C, 0x9C, 0xA9, 0xCA,
  0xBB, 0xBE, 0xA9, 0xBA, 0xC9, 0xBA, 0x9D, 0x98,
  0x2A, 0x68, 0xF1, 0xAA, 0x81, 0x43, 0x18, 0x92,
  0x78, 0x10, 0x02, 0x21, 0x53, 0x9A, 0x8F, 0x93,
  0x11, 0x28, 0xC9, 0x9A, 0xF9, 0xA9, 0xC0, 0x8C,
  0x09, 0x1F, 0x19, 0xC0, 0xAB, 0xB1, 0xAB, 0xCD,
  0xCE, 0x89, 0x91, 0x10, 0x82, 0x80, 0xAB, 0xA2,
  0x80, 0x77, 0x69, 0x8A, 0x99, 0x9B, 0xDC, 0xBB,
  0x9A, 0xCC, 0xCB, 0xCA, 0x98, 0xA9, 0xF7, 0x77,
  0x70, 0x80, 0x80, 0x88, 0x00, 0x89, 0x9A, 0x8A,
  0x99, 0x99, 0x98, 0x89, 0x88, 0x88, 0x08, 0x80,
  0x88, 0x00, 0x99, 0x80, 0x08, 0x08, 0x08, 0x00,
  0x90, 0x88, 0x63, 0xA8, 0x32, 0xB9, 0x63, 0xEA,
  0x24, 0x09, 0xAC, 0x93, 0x2A, 0xA9, 0x12, 0x51,
  0x99, 0xA8, 0x14, 0x40, 0x98, 0x88, 0xDE, 0xBA,
  0x00, 0xBC, 0xB8, 0x61, 0x80, 0x01, 0x70, 0xA1,
  0x09, 0x97, 0x29, 0x06, 0x1A, 0x05, 0x2A, 0xA2,
  0x61, 0xBC, 0x14, 0x3C, 0xD8, 0x34, 0x09, 0xC9,
  0x13, 0x42, 0x8C, 0xCB, 0x84, 0x64, 0x10, 0x9B,
  0xCC, 0xBB, 0xAA, 0xAC, 0xAA, 0xA8, 0x88, 0x08,
  0x82, 0x64, 0x43, 0x32, 0x09, 0x98, 0x01, 0x35,
  0x44, 0x33, 0x52, 0x33, 0x42, 0x22, 0x11, 0x09,
  0xAB, 0xCB, 0xCB, 0xCA, 0xBB, 0xAB, 0xBA, 0xBA,
  0xBB, 0xB9, 0xB9, 0x89, 0x08, 0x88, 0x90, 0x9B,
  0xAB, 0x08, 0xA9, 0x8F, 0xD8, 0x88, 0x28, 0x23,
  0x24, 0x19, 0xB1, 0x13, 0x57, 0x23, 0x13, 0x3B,
  0x30, 0x32, 0xBB, 0x33, 0x0A, 0x07, 0x0F, 0xCA,
  0xA9, 0xDA, 0x82, 0x39, 0x99, 0x33, 0x1E, 0xC8,
  0x15, 0x0A, 0xA8, 0x11, 0x30, 0xFB, 0xA8, 0x54,
  0x38, 0x98, 0x03, 0x64, 0x32, 0x9B, 0xC0, 0x36,
  0x52, 0x19, 0xBB, 0xC9, 0x14, 0x33, 0x32, 0x35,
  0x32, 0x2A, 0xFE, 0xCC, 0xBC, 0xBB, 0xCB, 0xBB,
  0xAB, 0x99, 0x80, 0x22, 0x34, 0x33, 0x33, 0x42,
  0x43, 0x44, 0x35, 0x35, 0x34, 0x42, 0x34, 0x23,
  0x32, 0x21, 0x10, 0x89, 0x9B, 0xBC, 0xCB, 0xBB,
  0xDA, 0xBB, 0xAB, 0xCA, 0xAA, 0xAB, 0x9A, 0xAA,
  0xAA, 0x98, 0x90, 0x81, 0xAA, 0xAB, 0xAB, 0x98,
  0x22, 0x26, 0x12, 0x41, 0x08, 0x08, 0x9A, 0xC8,
  0x26, 0x8A, 0xA9, 0xA9, 0x00, 0x22, 0x44, 0x07,
  0x29, 0x08, 0x19, 0x9D, 0xDB, 0x90, 0x98, 0xAF,
  0xCA, 0xA0, 0x98, 0x8D, 0x99, 0xA9, 0x71, 0x00,
  0xBA, 0x82, 0x37, 0x52, 0x20, 0x28, 0x24, 0x53,
  0x34, 0x22, 0x22, 0x00, 0x0B, 0xAA, 0x81, 0x47,
  0x52, 0x33, 0x33, 0x91, 0xBF, 0xEC, 0xCC, 0xCC,
  0xBC, 0xAB, 0xBC, 0xA9, 0xA9, 0x99, 0x88, 0x80,
  0x01, 0x22, 0x25, 0x43, 0x44, 0x43, 0x53, 0x44,
  0x33, 0x43, 0x42, 0x32, 0x22, 0x21, 0x10, 0x09,
  0x9A, 0xBC, 0xCB, 0xBC, 0xBC, 0xBB, 0xBB, 0xBC,
  0xBB, 0xAB, 0xBA, 0xB9, 0xAA, 0x99, 0x89, 0x00,
  0x90, 0x08, 0x11, 0x00, 0x33, 0x20, 0x11, 0xC2,
  0x8A, 0x3A, 0x89, 0xB9, 0xC3, 0xE1, 0x4A, 0x45,
  0x28, 0x52, 0x00, 0x00, 0x22, 0xC1, 0xAF, 0xCB,
  0xBB, 0xDB, 0xBB, 0xDA, 0xCA, 0x9A, 0xAD, 0x9A,
  0xA8, 0x93, 0x34, 0x61, 0x23, 0x33, 0x44, 0x52,
  0x44, 0x24, 0x22, 0x13, 0x10, 0x11, 0x80, 0x28,
  0x42, 0x45, 0x35, 0x33, 0x42, 0x31, 0x0A, 0xCC,
  0xFC, 0xCC, 0xBD, 0xBC, 0xBB, 0xCB, 0xBA, 0xBB,
  0xBB, 0xAA, 0xAA, 0x99, 0x00, 0x13, 0x54, 0x45,
  0x43, 0x44, 0x43, 0x43, 0x43, 0x33, 0x42, 0x33,
  0x22, 0x21, 0x10, 0x88, 0x9A, 0xBC, 0xCB, 0xCB,
  0xBC, 0xBC, 0xAB, 0xAB, 0xBB, 0xBB, 0xC9, 0xBA,
  0x9A, 0x9B, 0x89, 0xA8, 0xA0, 0xA9, 0x89, 0xA8,
  0x91, 0x81, 0x02, 0x22, 0x5A, 0x22, 0xA5, 0x15,
  0x41, 0x61, 0x32, 0x52, 0x82, 0x00, 0x80, 0xB0,
  0xCB, 0x8C, 0xBC, 0xBB, 0xAC, 0xAA, 0xCB, 0xDA,
  0x8E, 0x9B, 0x9A, 0xBA, 0x99, 0x80, 0x80, 0x01,
  0x17, 0x24, 0x54, 0x43, 0x44, 0x23, 0x41, 0x23,
  0x21, 0x22, 0x13, 0x34, 0x43, 0x37, 0x23, 0x32,
  0x58, 0x08, 0xAD, 0xDD, 0xBC, 0xDB, 0xBD, 0xBC,
  0xBB, 0xCB, 0xBB, 0xBB, 0xBB, 0xCA, 0xAA, 0x99,
  0x90, 0x21, 0x46, 0x35, 0x35, 0x35, 0x33, 0x53,
  0x33, 0x43, 0x33, 0x33, 0x33, 0x22, 0x20, 0x08,
  0x8A, 0xBB, 0xEA, 0xCB, 0xBC, 0xCA, 0xAB, 0xBB,
  0xCB, 0xAB, 0xAB, 0xBB, 0xBA, 0xAB, 0xB9, 0xB8,
  0xC8, 0x8A, 0x2A, 0x00, 0x18, 0x01, 0x90, 0x91,
  0xCA, 0x39, 0x92, 0x15, 0xA7, 0x1B, 0x70, 0x00,
  0x12, 0x82, 0x01, 0x91, 0xA0, 0xD9, 0x9F, 0x9A,
  0xBC, 0x8F, 0x99, 0xA9, 0xAA, 0x9A, 0xA0, 0xA9,
  0xA8, 0x00, 0x23, 0x73, 0x53, 0x52, 0x34, 0x44,
  0x23, 0x52, 0x32, 0x22, 0x31, 0x23, 0x34, 0x27,
  0x22, 0x42, 0x14, 0x01, 0x88, 0xCD, 0xBD, 0xDB,
  0xDB, 0xCC, 0xBB, 0xCB, 0xCB, 0xBB, 0xCB, 0xBB,
  0xBC, 0xAA, 0xBA, 0x99, 0x88, 0x13, 0x54, 0x53,
  0x54, 0x35, 0x33, 0x43, 0x43, 0x33, 0x42, 0x33,
  0x22, 0x22, 0x10, 0x00, 0x99, 0xAC, 0xBC, 0xBC,
  0xBC, 0xBC, 0xAB, 0xBB, 0xBC, 0xB9, 0xBA, 0xB9,
  0xBB, 0x9A, 0xAA, 0x99, 0xB8, 0x8A, 0x0A, 0x90,
  0x0A, 0xB6, 0x9A, 0x10, 0x98, 0x08, 0x02, 0x85,
  0x4A, 0x53, 0x11, 0x21, 0x23, 0xD3, 0x00, 0x1D,
  0x90, 0xE8, 0xCD, 0x8C, 0xAA, 0xDA, 0xAA, 0xB0,
  0xDB, 0x9A, 0x99, 0xB8, 0x18, 0x40, 0x37, 0x33,
  0x44, 0x25, 0x22, 0x40, 0x33, 0x32, 0x33, 0x16,
  0x22, 0x15, 0x13, 0x42, 0x33, 0x40, 0x31, 0x19,
  0x9D, 0xCB, 0xFB, 0xDB, 0xDB, 0xBD, 0xBC, 0xBB,
  0xCB, 0xBC, 0xBB, 0xBC, 0xBB, 0xBA, 0xBA, 0xA9,
  0x98, 0x24, 0x44, 0x54, 0x43, 0x44, 0x33, 0x44,
  0x32, 0x42, 0x32, 0x33, 0x22, 0x22, 0x11, 0x08,
  0x89, 0xBA, 0xCC, 0xBB, 0xDB, 0xBC, 0xBB, 0xBB,
  0xCB, 0xBB, 0xBB, 0xC9, 0xBB, 0xAA, 0xBB, 0xAA,
  0xA9, 0xB9, 0xA9, 0x0B, 0xA0, 0x2D, 0x00, 0x10,
  0x23, 0x52, 0x62, 0x24, 0x33, 0x34, 0x22, 0x32,
  0x05, 0x88, 0x88, 0xAB, 0x8F, 0x9A, 0xAC, 0x8C,
  0xCB, 0xAB, 0xE9, 0xA9, 0xAA, 0xAA, 0x9A, 0x9A,
  0x2C, 0x04, 0x05, 0x06, 0x05, 0x11, 0x22, 0x58,
  0x31, 0x31, 0x42, 0x24, 0x33, 0x43, 0x53, 0x25,
  0x32, 0x31, 0x32, 0x88, 0xAC, 0xDD, 0xCB, 0xEB,
  0xCC, 0xBC, 0xBC, 0xBC, 0xAC, 0xAB, 0xBC, 0xAB,
  0xBB, 0xBB, 0xAB, 0xA9, 0x80, 0x23, 0x73, 0x63,
  0x44, 0x34, 0x43, 0x34, 0x33, 0x43, 0x33, 0x33,
  0x23, 0x32, 0x12, 0x00, 0x89, 0x9A, 0xCB, 0xCC,
  0xBB, 0xDA, 0xBC, 0xAB, 0xCA, 0xBA, 0xCA, 0xAA,
  0xAB, 0xAA, 0xAB, 0x9A, 0xA8, 0xB0, 0xB0, 0x99,
  0x80, 0x80, 0x20, 0x20, 0x31, 0x40, 0x52, 0x90,
  0x73, 0x81, 0x32, 0x81, 0x18, 0x8B, 0xA1, 0xFE,
  0x8B, 0x9A, 0xC9, 0xE9, 0x8C, 0x98, 0xC8, 0x8B,
  0x80, 0xA8, 0x89, 0x89, 0x19, 0x4A, 0x17, 0x22,
  0x41, 0x42, 0x37, 0x84, 0x12, 0x24, 0x33, 0x43,
  0x44, 0x24, 0x22, 0x32, 0x41, 0x20, 0x1A, 0x9A,
  0xFB, 0xDC, 0xCB, 0xDB, 0xCB, 0xCC, 0xBA, 0xCB,
  0xCB, 0xBB, 0xCB, 0xBB, 0xBC, 0xAB, 0xAA, 0x99,
  0x81, 0x14, 0x54, 0x43, 0x54, 0x34, 0x34, 0x34,
  0x33, 0x34, 0x32, 0x33, 0x32, 0x31, 0x21, 0x00,
  0x88, 0xBA, 0xCB, 0xDA, 0xCB, 0xBC, 0xBB, 0xCB,
  0xAC, 0xBA, 0xAB, 0xBB, 0xC9, 0xB9, 0xBA, 0xAA,
  0xA9, 0xA8, 0xA9, 0x08, 0x80, 0x2A, 0x72, 0x81,
  0x32, 0x15, 0x04, 0x00, 0x38, 0x31, 0x02, 0xB2,
  0x80, 0xFA, 0x8B, 0xBD, 0xCA, 0xCA, 0xC9, 0xCC,
  0x8B, 0xAA, 0xBD, 0x8B, 0x98, 0xA9, 0x82, 0xC3,
  0x14, 0x17, 0x02, 0x42, 0x24, 0x31, 0x35, 0x22,
  0x34, 0x32, 0x62, 0x23, 0x41, 0x34, 0x23, 0x22,
  0x34, 0x80, 0x09, 0xAC, 0xEB, 0xEB, 0xCC, 0xCB,
  0xCB, 0xCB, 0xCB, 0xCB, 0xCB, 0xBB, 0xCB, 0xBC,
  0xAB, 0xAA, 0xB9, 0xA9, 0x00, 0x34, 0x45, 0x43,
  0x54, 0x34, 0x33, 0x44, 0x32, 0x42, 0x32, 0x33,
  0x23, 0x22, 0x21, 0x10, 0x08, 0x9A, 0xBC, 0xBD,
  0xBC, 0xBB, 0xCB, 0xCB, 0xBB, 0xCB, 0xAB, 0xCA,
  0xAB, 0xAA, 0xBB, 0xAA, 0xAA, 0xA9, 0xA9, 0x99,
  0x89, 0x2B, 0x35, 0x13, 0x32, 0x72, 0x16, 0x03,
  0x03, 0x03, 0x03, 0x02, 0x89, 0x49, 0x9A, 0x9F,
  0xC0, 0x8B, 0x9B, 0xBB, 0xCB, 0xBE, 0x0C, 0x99,
  0xC1, 0xB2, 0xA9, 0x19, 0x28, 0x22, 0x52, 0x34,
  0x24, 0x41, 0x43, 0x43, 0x44, 0x34, 0x35, 0x33,
  0x35, 0x33, 0x33, 0x43, 0x12, 0x28, 0x0C, 0xAD,
  0xDC, 0xAE, 0xBB, 0xDB, 0xCB, 0xDA, 0xBC, 0xBB,
  0xBC, 0xBC, 0xBB, 0xBB, 0xCA, 0xBA, 0xAA, 0x98,
  0x81, 0x24, 0x54, 0x44, 0x35, 0x34, 0x34, 0x33,
  0x43, 0x34, 0x23, 0x33, 0x23, 0x22, 0x22, 0x11,
  0x80, 0x89, 0xAB, 0xCB, 0xDB, 0xCB, 0xCB, 0xBC,
  0xBB, 0xCB, 0xAB, 0xCA, 0xAB, 0xAB, 0xBA, 0xC8,
  0xAA, 0x99, 0x98, 0xAA, 0x29, 0x88, 0x80, 0x83,
  0x98, 0x69, 0x38, 0x11, 0x02, 0x79, 0x93, 0x29,
  0x80, 0x88, 0xBA, 0xF9, 0xB1, 0xEB, 0x0B, 0xB9,
  0xCC, 0xA9, 0xBF, 0x0A, 0xA0, 0x8D, 0x08, 0x88,
  0x81, 0x05, 0x92, 0x61, 0x32, 0x52, 0x42, 0x43,
  0x42, 0x26, 0x22, 0x23, 0x42, 0x23, 0x31, 0x22,
  0x91, 0x0F, 0x9B, 0xBC, 0xCF, 0xBB, 0xCC, 0xBC,
  0xBC, 0xBC, 0xBB, 0xDA, 0xBB, 0xCA, 0xCA, 0xBA,
  0xBC, 0x9A, 0xAA, 0x90, 0x81, 0x23, 0x64, 0x44,
  0x35, 0x34, 0x33, 0x52, 0x42, 0x23, 0x33, 0x33,
  0x33, 0x23, 0x12, 0x10, 0x08, 0x8A, 0xBB, 0xDB,
  0xCC, 0xBB, 0xDB, 0xBB, 0xCA, 0xBB, 0xDA, 0xAA,
  0xAA, 0xBA, 0xAA, 0xB9, 0xAB, 0x8A, 0xA0, 0x99,
  0x1B, 0x11, 0x89, 0x10, 0xB7, 0xD3, 0x0A, 0x1A,
  0x49, 0x1A, 0x1A, 0x39, 0xB2, 0x78, 0xF1, 0x2C,
  0x91, 0x99, 0x99, 0xB9, 0xDC, 0x0C, 0x9A, 0xA9,
  0xB9, 0xAA, 0xA9, 0x0E, 0x20, 0x13, 0x70, 0x33,
  0x62, 0x34, 0x34, 0x34, 0x34, 0x25, 0x21, 0x42,
  0x22, 0x23, 0x22, 0x23, 0x80, 0x0B, 0xCD, 0xCC,
  0xCC, 0xCA, 0xDB, 0xBC, 0xCB, 0xCB, 0xBC, 0xBD,
  0xAB, 0xBB, 0xCA, 0xCA, 0xAA, 0xBA, 0x9A, 0x90,
  0x92, 0x34, 0x54, 0x43, 0x53, 0x44, 0x33, 0x43,
  0x42, 0x33, 0x42, 0x32, 0x23, 0x22, 0x03, 0x01,
  0x80, 0x8A, 0xAB, 0xBD, 0xCB, 0xBC, 0xCA, 0xAC,
  0xBA, 0xBB, 0xBC, 0xAB, 0xBA, 0xBB, 0xBC, 0x9B,
  0xB9, 0xBA, 0xB9, 0xAA, 0xB9, 0x9B, 0x94, 0x8B,
  0x42, 0x83, 0x43, 0x22, 0x52, 0x32, 0x52, 0x01,
  0xB2, 0x2D, 0x11, 0xC9, 0xAA, 0xCB, 0xCB, 0xBC,
  0xCB, 0xBA, 0xBF, 0x89, 0xAA, 0xA9, 0x8A, 0xE2,
  0x08, 0x88, 0x09, 0x43, 0x54, 0x52, 0x52, 0x34,
  0x33, 0x43, 0x43, 0x42, 0x23, 0x13, 0x23, 0x09,
  0x0A, 0xFB, 0xBD, 0xCC, 0xCC, 0xCB, 0xBC, 0xBC,
  0xE0, 0x75, 0x09, 0x89, 0x99, 0x99, 0x98, 0xBD,
  0xAB, 0xAB, 0xAA, 0xAA, 0x88, 0x02, 0x04, 0x43,
  0x53, 0x52, 0x43, 0x34, 0x32, 0x43, 0x23, 0x41,
  0x23, 0x22, 0x12, 0x10, 0x10, 0x0A, 0x89, 0xCA,
  0xBB, 0xFA, 0xAA, 0xBB, 0xDB, 0xAB, 0xAB, 0xBD,
  0x9A, 0x99, 0xAC, 0xA8, 0x98, 0x99, 0xB9, 0x98,
  0x8A, 0xC0, 0x80, 0x9A, 0xA9, 0x58, 0x92, 0xB8,
  0x5A, 0x85, 0x2D, 0xA2, 0x3C, 0x82, 0x9B, 0xA6,
  0x2D, 0xA0, 0x41, 0xDB, 0x04, 0x2E, 0xC8, 0x23,
  0x0A, 0xD9, 0x04, 0x32, 0x9A, 0xDB, 0x86, 0x54,
  0x10, 0x89, 0xBC, 0xBA, 0xA9, 0xAB, 0xBA, 0x88,
  0x11, 0x02, 0x05, 0x65, 0x33, 0x31, 0x8A, 0xAC,
  0x99, 0x80, 0x00, 0x28, 0x20, 0x90, 0xC9, 0xEB,
  0xFB, 0xDB, 0xDB, 0xBC, 0xAC, 0xAA, 0xAA, 0xA9,
  0x90, 0x81, 0x33, 0x54, 0x53, 0x43, 0x43, 0x43,
  0x42, 0x33, 0x42, 0x32, 0x32, 0x22, 0x21, 0x20,
  0x00, 0x89, 0xA9, 0xCC, 0xBB, 0xDA, 0xBC, 0xBA,
  0xBC, 0xAC, 0xAB, 0xAA, 0xAB, 0x9B, 0xBA, 0x9A,
  0xAC, 0xAB, 0xAA, 0xE8, 0x98, 0x09, 0xA8, 0x00,
  0x8A, 0xB8, 0x07, 0x1A, 0x09, 0x48, 0x20, 0xBC,
  0xB2, 0x10, 0x4C, 0xCC, 0xB9, 0x10, 0x9A, 0xFE,
  0xC8, 0x98, 0x48, 0x8A, 0xBD, 0xA9, 0x12, 0x35,
  0x23, 0x35, 0x42, 0x31, 0x0A, 0xCD, 0xBB, 0xCB,
  0xCA, 0xC9, 0x99, 0x00, 0x02, 0x62, 0x32, 0x41,
  0x20, 0x11, 0x00, 0x00, 0x81, 0x02, 0x50, 0x92,
  0x1B, 0xDD, 0xDC, 0xCD, 0xCA, 0xDB, 0xAC, 0xBC,
  0xAB, 0xAB, 0xBA, 0xA9, 0x98, 0x01, 0x36, 0x35,
  0x35, 0x34, 0x34, 0x34, 0x34, 0x23, 0x32, 0x33,
  0x32, 0x33, 0x22, 0x11, 0x10, 0x88, 0xB9, 0xCB,
  0xDB, 0xCB, 0xBC, 0xBB, 0xCB, 0xCA, 0xBC, 0x9B,
  0xAB, 0xBA, 0xCA, 0x9B, 0xAB, 0xC8, 0xBA, 0x99,
  0x8B, 0x80, 0x8A, 0xA6, 0x11, 0x28, 0x60, 0x84,
  0x04, 0x81, 0x88, 0x00, 0x02, 0x20, 0x98, 0xFA,
  0x8A, 0x99, 0x89, 0xAF, 0x8B, 0x8C, 0xBB, 0xAD,
  0x88, 0x28, 0x37, 0x22, 0x34, 0x94, 0x19, 0x9A,
  0xED, 0xAD, 0xAB, 0xC9, 0xAB, 0x89, 0x90, 0x21,
  0x23, 0x37, 0x12, 0x31, 0x32, 0x41, 0x40, 0x23,
  0x32, 0x34, 0x13, 0x09, 0xAF, 0xEA, 0xDC, 0xCB,
  0xCC, 0xBD, 0xAB, 0xBC, 0xBB, 0xAB, 0xBB, 0xAA,
  0x89, 0x12, 0x43, 0x64, 0x43, 0x44, 0x33, 0x52,
  0x42, 0x23, 0x33, 0x33, 0x33, 0x32, 0x32, 0x21,
  0x28, 0x08, 0x99, 0xD9, 0xBC, 0xBB, 0xD9, 0xCC,
  0x9A, 0xAC, 0x9A, 0xAA, 0xBC, 0x9B, 0xAA, 0xC9,
  0x9B, 0xAA, 0xBA, 0xAA, 0xBA, 0x9C, 0x98, 0xB2,
  0xE8, 0x19, 0xA0, 0x2C, 0x50, 0x88, 0x18, 0x08,
  0xC3, 0x89, 0x14, 0xB8, 0x79, 0x89, 0xAB, 0xAB,
  0xD9, 0xF0, 0x8A, 0x80, 0x11, 0x04, 0x22, 0x41,
  0x10, 0x29, 0xBB, 0xFE, 0xAC, 0xBC, 0xBB, 0xBA,
  0xD9, 0xA0, 0x88, 0x02, 0x02, 0x22, 0x70, 0x21,
  0x32, 0x23, 0x50, 0x43, 0x13, 0x12, 0x18, 0xBD,
  0xEC, 0xCD, 0xCA, 0xDB, 0xCB, 0xCC, 0xAC, 0xAA,
  0xCA, 0xAA, 0xAA, 0xA8, 0x90, 0x12, 0x36, 0x43,
  0x44, 0x43, 0x43, 0x34, 0x34, 0x23, 0x42, 0x22,
  0x23, 0x22, 0x12, 0x11, 0x00, 0x88, 0xAA, 0xBB,
  0xDC, 0xBA, 0xCC, 0xAA, 0xBB, 0xBB, 0xDA, 0xB9,
  0xCA, 0xAA, 0xBA, 0xBA, 0xAC, 0xA8, 0xBA, 0x9A,
  0x99, 0x98, 0xEA, 0x23, 0xB0, 0x00, 0x11, 0x21,
  0x39, 0x28, 0x32, 0xF0, 0x99, 0xB9, 0xCA, 0x8E,
  0x9E, 0x8C, 0x9D, 0xB2, 0xDB, 0x80, 0x9C, 0x92,
  0x88, 0x3B, 0x71, 0x91, 0x10, 0x99, 0x0F, 0x8B,
  0x9D, 0x99, 0xC9, 0xA8, 0xC1, 0x8C, 0x02, 0x19,
  0x33, 0x13, 0x70, 0x41, 0x33, 0x14, 0x35, 0x02,
  0x30, 0x10, 0x09, 0xCC, 0xFB, 0xCC, 0xCB, 0xDB,
  0xCB, 0xCB, 0xCA, 0xCA, 0xAB, 0xBB, 0xAA, 0xA9,
  0x81, 0x03, 0x53, 0x64, 0x34, 0x43, 0x34, 0x42,
  0x42, 0x32, 0x33, 0x42, 0x22, 0x23, 0x12, 0x10,
  0x28, 0x09, 0x99, 0xBA, 0xCC, 0xBC, 0xBB, 0xCC,
  0xAC, 0x9B, 0xBA, 0xD9, 0xAB, 0xAA, 0xBB, 0x9C,
  0x9A, 0xB9, 0x9A, 0x99, 0x98, 0x99, 0x19, 0x28,
  0x24, 0xB7, 0x01, 0x83, 0xA2, 0x59, 0x11, 0x2B,
  0x69, 0x18, 0x1A, 0x94, 0xC1, 0x8D, 0x09, 0xAA,
  0x91, 0xF0, 0x2B, 0xB6, 0x8A, 0x02, 0x99, 0xAA,
  0x0F, 0x9B, 0xC9, 0xCA, 0xAE, 0x8A, 0x09, 0xD8,
  0x99, 0x08, 0x00, 0xB4, 0x11, 0x14, 0x01, 0x61,
  0x32, 0x40, 0x42, 0x22, 0x01, 0x3A, 0x8D, 0xAE,
  0xF9, 0xBC, 0xDA, 0xBD, 0xBB, 0xCB, 0xCB, 0xBB,
  0xCA, 0xBA, 0xB9, 0xAA, 0x00, 0x12, 0x63, 0x53,
  0x44, 0x43, 0x35, 0x24, 0x23, 0x33, 0x34, 0x33,
  0x23, 0x32, 0x32, 0x22, 0x11, 0x08, 0x89, 0x9E,
  0x9A, 0xBB, 0xEA, 0xAC, 0xBA, 0xBC, 0xAB, 0xCA,
  0xAB, 0xAB, 0xAB, 0xBA, 0xAA, 0xAA, 0xA9, 0xA8,
  0x9A, 0x01, 0x9D, 0x19, 0x1D, 0x94, 0xE1, 0x09,
  0x90, 0x99, 0x0B, 0x5B, 0x0A, 0x82, 0xF8, 0x88,
  0xA9, 0x8A, 0xBA, 0x2F, 0x1B, 0x32, 0xD0, 0x18,
  0x07, 0xC1, 0x80, 0x99, 0x2E, 0x89, 0xAA, 0xAB,
  0xAD, 0x9A, 0x8B, 0xC0, 0xB0, 0xB2, 0x0C, 0x22,
  0xB5, 0x01, 0x11, 0x34, 0x13, 0x26, 0x11, 0x79,
  0x00, 0x99, 0xBE, 0xBE, 0xBD, 0xBD, 0xCB, 0xBD,
  0xBC, 0xBB, 0xDA, 0xBB, 0xBC, 0xAA, 0xB9, 0xA8,
  0x98, 0x34, 0x35, 0x44, 0x43, 0x43, 0x52, 0x34,
  0x33, 0x34, 0x23, 0x33, 0x33, 0x33, 0x22, 0x22,
  0x00, 0x09, 0x9A, 0xAC, 0xCC, 0xAC, 0xBB, 0xBD,
  0xAB, 0xC9, 0xC9, 0xBA, 0x9B, 0xBB, 0x9B, 0xC8,
  0xAA, 0x9A, 0x9A, 0xA0, 0xBA, 0x9B, 0x2B, 0x0B,
  0x93, 0xA0, 0x0F, 0x2D, 0x94, 0xA8, 0xB1, 0xA2,
  0xF8, 0x09, 0xBB, 0x3F, 0x0B, 0x89, 0xD9, 0x0A,
  0x99, 0xA9, 0x89, 0xAA, 0xA2, 0xD0, 0xA9, 0xBA,
  0xA9, 0xCF, 0x1C, 0x9A, 0xB9, 0x25, 0xF0, 0x2B,
  0x31, 0xA3, 0x28, 0x26, 0x83, 0x12, 0x31, 0x32,
  0x7A, 0x40, 0x39, 0x82, 0xAD, 0x9C, 0xF9, 0xDA,
  0xDA, 0xCB, 0xCC, 0xBC, 0xBC, 0xBB, 0xCB, 0xCA,
  0xBB, 0xAB, 0xB9, 0xB8, 0x08, 0x33, 0x64, 0x36,
  0x33, 0x62, 0x34, 0x33, 0x43, 0x33, 0x43, 0x23,
  0x33, 0x32, 0x31, 0x31, 0x28, 0x10, 0x98, 0xC9,
  0xBC, 0xCB, 0xBE, 0xAA, 0xBB, 0xCB, 0xBA, 0xCB,
  0xAC, 0xAA, 0xAA, 0xC9, 0x0A, 0xD8, 0x9A, 0x0A,
  0x90, 0xB0, 0x09, 0x93, 0x8A, 0x40, 0x00, 0x4A,
  0x33, 0x00, 0x68, 0xA5, 0x80, 0x0A, 0xA1, 0xB1,
  0xF9, 0x3F, 0x81, 0xC8, 0x1A, 0x90, 0xA0, 0xBA,
  0x1A, 0x9E, 0x19, 0x9D, 0x89, 0x8B, 0xD8, 0x89,
  0x80, 0xBD, 0x20, 0xC1, 0x88, 0x82, 0x13, 0x04,
  0x37, 0x83, 0x28, 0x42, 0x20, 0x79, 0x02, 0x92,
  0xD9, 0xAB, 0xFB, 0xCD, 0xBC, 0xCC, 0xAC, 0xCA,
  0xBC, 0xBB, 0xCB, 0xBC, 0xAB, 0xBB, 0xAA, 0xA8,
  0x09, 0x24, 0x44, 0x36, 0x34, 0x35, 0x24, 0x33,
  0x34, 0x34, 0x23, 0x32, 0x33, 0x33, 0x23, 0x22,
  0x21, 0x00, 0x91, 0xAC, 0x9C, 0xAC, 0xBC, 0xAC,
  0xAC, 0xAB, 0xAA, 0xCA, 0xBA, 0xBA, 0xBB, 0xC9,
  0xAC, 0x9A, 0x9A, 0xBA, 0xAC, 0xAA, 0xBB, 0xC0,
  0xAE, 0x91, 0xA8, 0x91, 0x91, 0xC2, 0x3A, 0x7C,
  0x14, 0xC2, 0x08, 0x89, 0x3B, 0xA3, 0x9A, 0x9A,
  0x9B, 0xAB, 0xAA, 0xF9, 0xC8, 0xBA, 0xAF, 0xB1,
  0x8D, 0x89, 0x8B, 0x19, 0xD1, 0x09, 0x81, 0x81,
  0x82, 0x49, 0x79, 0x03, 0x86, 0xA1, 0x81, 0x10,
  0xA9, 0x50, 0x98, 0xA9, 0x9F, 0xE8, 0xCC, 0xBB,
  0xEB, 0xCC, 0xBC, 0xBC, 0xBC, 0xBC, 0xBB, 0xBB,
  0xCB, 0xAB, 0xA9, 0xA8, 0x00, 0x25, 0x44, 0x43,
  0x53, 0x43, 0x43, 0x43, 0x42, 0x33, 0x42, 0x32,
  0x32, 0x32, 0x22, 0x21, 0x10, 0x81, 0x9B, 0x1D,
  0xAA, 0xAD, 0xB9, 0xCA, 0xBB, 0xCB, 0xBB, 0xBC,
  0xAB, 0xCA, 0xAB, 0x99, 0xD8, 0xC8, 0x8A, 0x9A,
  0x0A, 0xA9, 0x99, 0xB8, 0xAF, 0x1A, 0x89, 0x0A,
  0x1B, 0xB1, 0x93, 0xF0, 0xB1, 0xF1, 0x9C, 0x0B,
  0x1C, 0x8A, 0xC8, 0xAC, 0x8A, 0xB9, 0xBA, 0xBB,
  0xAA, 0xD2, 0xD9, 0x19, 0x08, 0x11, 0xF3, 0x10,
  0x03, 0x20, 0x78, 0x13, 0x39, 0x78, 0x02, 0x11,
  0x11, 0x03, 0x13, 0x14, 0xA7, 0x01, 0x80, 0x91,
  0xAF, 0xAD, 0xBE, 0xAC, 0xCD, 0xAB, 0xCC, 0xBB,
  0xCC, 0xAB, 0xBB, 0xDA, 0xBA, 0xAB, 0xA9, 0x99,
  0x11, 0x23, 0x72, 0x71, 0x33, 0x44, 0x23, 0x43,
  0x34, 0x33, 0x34, 0x22, 0x33, 0x22, 0x31, 0x22,
  0x01, 0x08, 0x0B, 0x9C, 0x9C, 0xBB, 0xCB, 0xD9,
  0xC9, 0xBB, 0xAC, 0xAA, 0xBA, 0xCA, 0x8C, 0x9B,
  0x99, 0xC8, 0xB0, 0xD8, 0x89, 0x88, 0x91, 0x0B,
  0x30, 0x08, 0x11, 0x12, 0x1A, 0x7A, 0x21, 0x99,
  0xD4, 0xBA, 0x8A, 0xD0, 0x9B, 0xBA, 0x9B, 0xF2,
  0xBD, 0x89, 0x9A, 0x9B, 0x9D, 0x3C, 0x9A, 0xB8,
  0xAA, 0xBB, 0x8C, 0xA9, 0xA8, 0xD4, 0x88, 0x11,
  0x43, 0x51, 0x10, 0x71, 0x21, 0x35, 0x85, 0x00,
  0x23, 0x00, 0x01, 0x0A, 0xEA, 0xDD, 0xBC, 0xCC,
  0xCC, 0xBC, 0xBD, 0xAC, 0xAC, 0xAB, 0xBC, 0xAB,
  0xBB, 0xAB, 0xBA, 0x89, 0x91, 0x42, 0x63, 0x45,
  0x24, 0x34, 0x34, 0x33, 0x43, 0x33, 0x43, 0x32,
  0x42, 0x22, 0x22, 0x12, 0x11, 0x00, 0x09, 0x98,
  0xBB, 0xBD, 0xBB, 0xDA, 0xAF, 0x99, 0x9A, 0x9A,
  0xB9, 0xAA, 0xC9, 0x8E, 0x09, 0x99, 0x99, 0x99,
  0xA8, 0xA8, 0x9A, 0x9B, 0x4B, 0xA0, 0x8B, 0x82,
  0x99, 0xF8, 0x98, 0x8D, 0x9B, 0xAC, 0xAC, 0xBB,
  0xBD, 0xAC, 0xAB, 0xD8, 0x1C, 0x99, 0x0A, 0xC3,
  0xAA, 0xA3, 0xD8, 0x18, 0x90, 0x0F, 0x21, 0x90,
  0xA4, 0x9B, 0x79, 0x01, 0x80, 0x91, 0x92, 0x81,
  0xA0, 0x1A, 0x3F, 0x21, 0xA9, 0xA7, 0xC1, 0xCA,
  0x9E, 0x9B, 0xBD, 0xBC, 0xCB, 0xDB, 0xBD, 0xAC,
  0xAB, 0xBA, 0xCA, 0xAB, 0xA9, 0x9A, 0x88, 0x12,
  0x53, 0x44, 0x44, 0x24, 0x34, 0x33, 0x43, 0x34,
  0x32, 0x42, 0x22, 0x23, 0x41, 0x21, 0x80, 0x10,
  0x11, 0x08, 0xAC, 0x11, 0xAB, 0xC9, 0xCB, 0x1F,
  0xA9, 0xD8, 0x12, 0x9A, 0x9A, 0xBA, 0xA0, 0xE8,
  0x21, 0x1C, 0x0F, 0xC8, 0xCB, 0x20, 0xBC, 0xDD,
  0x99, 0x90, 0x91, 0x81, 0xBB, 0xE9, 0x88, 0xCD,
  0xDA, 0x9A, 0xD8, 0x77, 0x38, 0x89, 0x89, 0x9D,
  0xA9, 0xAE, 0x17, 0x77, 0x08, 0x80, 0x80, 0x08,
  0x9A, 0x89, 0x99, 0x99, 0x88, 0x88, 0x88, 0x80,
  0x88, 0x08, 0x08, 0x88, 0x00, 0x88, 0x80, 0x00,
  0x88, 0x04, 0x88, 0x10, 0x92, 0x2E, 0x94, 0x18,
  0xCA, 0x02, 0x8A, 0xA0, 0x55, 0xA9, 0x88, 0x43,
  0xBA, 0x21, 0xA1, 0x1E, 0x85, 0x1C, 0x92, 0x42,
  0x9B, 0xAA, 0x77, 0x08, 0x8D, 0xA8, 0xBB, 0x00,
  0xC9, 0x42, 0xA9, 0x75, 0x0B, 0x84, 0x28, 0xB8,
  0x37, 0x21, 0x9A, 0xA2, 0x75, 0x18, 0xAB, 0xEA,
  0xAA, 0xAA, 0xAA, 0x98, 0x88, 0x80, 0x35, 0x53,
  0x31, 0x89, 0x80, 0x23, 0x54, 0x43, 0x34, 0x33,
  0x32, 0x21, 0x0A, 0xAC, 0xBC, 0xBC, 0xAB, 0xAB,
  0xAA, 0xBB, 0xAA, 0x99, 0x89, 0x88, 0x89, 0x81,
  0x89, 0x12, 0x20, 0xBD, 0x81, 0x21, 0x84, 0x24,
  0x1C, 0x89, 0x27, 0x31, 0xC0, 0x9A, 0x33, 0x59,
  0x14, 0x2A, 0xDB, 0xFC, 0xBA, 0xCA, 0xA8, 0x00,
  0x81, 0x33, 0x88, 0x25, 0x31, 0x25, 0x45, 0x22,
  0x12, 0x54, 0x28, 0x80, 0x82, 0x20, 0xBD, 0xC8,
  0x04, 0x20, 0xAD, 0xC9, 0x03, 0x32, 0x33, 0x43,
  0x39, 0xFE, 0xCC, 0xCA, 0xCA, 0xBA, 0xAA, 0xA8,
  0x00, 0x23, 0x23, 0x32, 0x42, 0x43, 0x44, 0x44,
  0x43, 0x43, 0x43, 0x23, 0x31, 0x20, 0x89, 0xAA,
  0xCB, 0xCB, 0xBB, 0xCB, 0xBA, 0xBB, 0xAA, 0xAA,
  0x99, 0xA9, 0x98, 0x01, 0x21, 0x09, 0x9A, 0xBB,
  0xDF, 0xAB, 0xDB, 0xCA, 0xBA, 0x9A, 0x90, 0x11,
  0x01, 0x13, 0x64, 0x44, 0x43, 0x53, 0x32, 0x32,
  0x21, 0x80, 0x09, 0xBC, 0xDB, 0xAB, 0xBD, 0xAA,
  0xB9, 0x08, 0x9C, 0xC8, 0x03, 0x44, 0x12, 0x80,
  0x37, 0x33, 0x22, 0x22, 0x02, 0xAA, 0x81, 0x55,
  0x62, 0x41, 0x38, 0x09, 0xEC, 0xDC, 0xDB, 0xCB,
  0xBB, 0xCA, 0xA9, 0x99, 0x88, 0x80, 0x12, 0x13,
  0x54, 0x35, 0x35, 0x43, 0x43, 0x43, 0x33, 0x33,
  0x22, 0x20, 0x08, 0x99, 0xBD, 0xBC, 0xCB, 0xCA,
  0xBB, 0xCA, 0xBB, 0xAA, 0xAA, 0x99, 0x98, 0x00,
  0x11, 0x34, 0x44, 0x43, 0x33, 0x42, 0x22, 0x20,
  0x08, 0x89, 0xAB, 0xAD, 0xBA, 0xBA, 0x89, 0xCB,
  0xBA, 0x98, 0xC0, 0x0B, 0xAB, 0xAD, 0xAA, 0xBB,
  0xF0, 0x89, 0xDB, 0x9A, 0x91, 0x38, 0x4A, 0x13,
  0x25, 0x43, 0x73, 0x34, 0x32, 0x13, 0x23, 0x03,
  0x22, 0x42, 0x47, 0x52, 0x31, 0x32, 0x09, 0xED,
  0xCD, 0xBD, 0xBC, 0xBC, 0xBB, 0xBB, 0xBA, 0xAA,
  0x9A, 0x80, 0x81, 0x24, 0x36, 0x44, 0x44, 0x34,
  0x34, 0x34, 0x32, 0x32, 0x31, 0x20, 0x00, 0x88,
  0x9A, 0xAB, 0xBC, 0xAC, 0xAA, 0xBC, 0xBB, 0xCB,
  0xAC, 0xAA, 0xBA, 0xBB, 0xBA, 0x9B, 0xA8, 0xA9,
  0xA9, 0x88, 0x88, 0x0C, 0x18, 0xF9, 0x90, 0x98,
  0x12, 0x35, 0x30, 0x98, 0x0A, 0x3F, 0x82, 0x99,
  0xBB, 0xCA, 0xAB, 0xED, 0x99, 0xBC, 0xCC, 0x99,
  0x88, 0x08, 0x18, 0x41, 0x07, 0x44, 0x34, 0x25,
  0x11, 0x22, 0x21, 0x22, 0x23, 0x52, 0x52, 0x24,
  0x21, 0x00, 0xDD, 0xDC, 0xCC, 0xBC, 0xCB, 0xBC,
  0xAB, 0xBC, 0xAA, 0xAA, 0x99, 0x90, 0x02, 0x44,
  0x44, 0x44, 0x43, 0x43, 0x34, 0x33, 0x33, 0x23,
  0x22, 0x10, 0x09, 0x9A, 0xBC, 0xCB, 0xBD, 0xBB,
  0xBC, 0xBA, 0xBA, 0xAA, 0xAB, 0xBA, 0x9A, 0xA9,
  0x9A, 0x08, 0x0A, 0xA3, 0x11, 0x02, 0x90, 0x1D,
  0x92, 0x01, 0x28, 0x91, 0x41, 0xAA, 0x13, 0x21,
  0x4A, 0x2B, 0x0F, 0x1F, 0xC8, 0xA1, 0xF0, 0x99,
  0xCB, 0x88, 0x01, 0x00, 0x13, 0x33, 0x63, 0x33,
  0x31, 0x21, 0x09, 0x0B, 0xEB, 0xFA, 0xE8, 0x8B,
  0x93, 0x12, 0x73, 0x73, 0x22, 0x31, 0x09, 0xBD,
  0xCE, 0xBC, 0xCB, 0xDB, 0xBC, 0xCB, 0xAB, 0xBB,
  0xBB, 0xB9, 0xA0, 0x23, 0x64, 0x44, 0x44, 0x34,
  0x42, 0x34, 0x22, 0x32, 0x22, 0x21, 0x18, 0x89,
  0x9A, 0xBC, 0xCA, 0xCB, 0xBB, 0xCB, 0xAB, 0xAA,
  0xBB, 0xAC, 0x99, 0x99, 0x9A, 0x88, 0x98, 0xB9,
  0x10, 0x22, 0xE8, 0x38, 0x10, 0x01, 0x12, 0x17,
  0x30, 0x11, 0x16, 0x80, 0x12, 0x81, 0x0F, 0x9E,
  0xBB, 0xBD, 0xAB, 0xEA, 0xAC, 0xA9, 0xAA, 0x99,
  0xA8, 0x91, 0x44, 0x44, 0x44, 0x24, 0x23, 0x42,
  0x41, 0x32, 0x21, 0x31, 0x22, 0x23, 0x01, 0x0A,
  0xBD, 0xFB, 0xBD, 0xCC, 0xBC, 0xBD, 0xBB, 0xBC,
  0xBC, 0xBA, 0xCA, 0xBA, 0xA9, 0xA8, 0x80, 0x23,
  0x63, 0x64, 0x34, 0x43, 0x34, 0x33, 0x42, 0x32,
  0x22, 0x21, 0x10, 0x89, 0x9A, 0xBB, 0xDB, 0xCB,
  0xBC, 0xBB, 0xBB, 0xBB, 0xAC, 0x9A, 0xB8, 0xBA,
  0x88, 0x00, 0x09, 0x3B, 0xA0, 0xA9, 0xAC, 0xDD,
  0xBC, 0xBB, 0xCB, 0xBB, 0xBC, 0xAA, 0xC0, 0xAA,
  0x12, 0x36, 0x35, 0x42, 0x61, 0x13, 0x32, 0x24,
  0x11, 0x00, 0x88, 0xA8, 0xB8, 0xAC, 0xB8, 0xA3,
  0xE1, 0x08, 0x40, 0x28, 0x30, 0x43, 0x44, 0x44,
  0x26, 0x22, 0x21, 0x30, 0x98, 0xBC, 0xEC, 0xDB,
  0xDC, 0xBC, 0xBB, 0xCB, 0xCB, 0xCA, 0xBB, 0xAB,
  0xBA, 0xA9, 0x80, 0x14, 0x54, 0x45, 0x33, 0x53,
  0x43, 0x33, 0x43, 0x33, 0x22, 0x31, 0x11, 0x08,
  0x99, 0xBC, 0xBD, 0xBB, 0xBC, 0xCA, 0xCB, 0xAB,
  0xCA, 0xAB, 0xAA, 0xBB, 0x9A, 0x9B, 0x99, 0x13,
  0x15, 0x25, 0x33, 0x44, 0x33, 0x34, 0x23, 0x40,
  0x01, 0x20, 0x09, 0x8A, 0xB9, 0xFB, 0x9A, 0xAB,
  0xCA, 0xAD, 0x9C, 0xA0, 0xB0, 0x08, 0x89, 0x88,
  0x90, 0x85, 0x08, 0x21, 0x33, 0x70, 0x27, 0x12,
  0x23, 0x34, 0x34, 0x34, 0x33, 0x42, 0x11, 0x1A,
  0xAA, 0xDD, 0xCD, 0xCB, 0xCC, 0xCB, 0xBC, 0xCA,
  0xBC, 0xAB, 0xBB, 0xBB, 0xBA, 0x99, 0x00, 0x34,
  0x64, 0x36, 0x33, 0x44, 0x33, 0x43, 0x32, 0x42,
  0x12, 0x11, 0x00, 0x88, 0x99, 0xAB, 0xBB, 0xDB,
  0x9A, 0xB9, 0x9A, 0xCA, 0x89, 0xA9, 0xAC, 0xAD,
  0x98, 0xAA, 0xBB, 0xAB, 0xCB, 0x9D, 0x91, 0xA1,
  0x92, 0x9A, 0x0D, 0x84, 0x88, 0x0B, 0x13, 0x89,
  0xFA, 0x9A, 0xA9, 0xAC, 0x8F, 0x90, 0x98, 0xBA,
  0xA0, 0xAC, 0xB1, 0xD8, 0x41, 0x20, 0x41, 0x00,
  0x4A, 0x27, 0x23, 0x41, 0x53, 0x23, 0x52, 0x25,
  0x32, 0x35, 0x80, 0x10, 0x0A, 0xBE, 0xCC, 0xCC,
  0xBC, 0xBD, 0xBB, 0xDB, 0xBB, 0xCB, 0xCA, 0xBA,
  0xBA, 0xA9, 0xA0, 0x12, 0x46, 0x44, 0x35, 0x33,
  0x53, 0x33, 0x34, 0x33, 0x23, 0x22, 0x11, 0x08,
  0x09, 0xAB, 0xBD, 0xBC, 0xCA, 0xBB, 0xBC, 0xBB,
  0xBB, 0xBA, 0xCB, 0x89, 0xAA, 0x99, 0x99, 0x88,
  0x89, 0x18, 0x21, 0x80, 0x97, 0xA1, 0x50, 0x00,
  0x08, 0x18, 0x88, 0x2B, 0xDA, 0x8D, 0xA1, 0x9B,
  0xAA, 0x9D, 0x9C, 0x0A, 0xBE, 0x91, 0x35, 0x82,
  0x02, 0x24, 0x34, 0x32, 0x51, 0x23, 0x22, 0x33,
  0x43, 0x33, 0x43, 0x31, 0x08, 0x3F, 0xF9, 0xAD,
  0xAD, 0xDA, 0xCB, 0xCA, 0xBC, 0xBC, 0xBB, 0xCB,
  0xAC, 0xAB, 0xBC, 0xBA, 0xBB, 0xA9, 0x80, 0x15,
  0x53, 0x63, 0x53, 0x44, 0x33, 0x43, 0x34, 0x23,
  0x22, 0x22, 0x20, 0x18, 0x88, 0x9A, 0xCA, 0xAD,
  0xBB, 0xCB, 0xBC, 0xAB, 0xBC, 0x9B, 0xB9, 0xCA,
  0x99, 0x89, 0x99, 0x98, 0x99, 0x98, 0x00, 0x02,
  0xA1, 0x61, 0x38, 0x39, 0x63, 0x88, 0x11, 0x23,
  0x21, 0x00, 0x83, 0xFC, 0x0A, 0xAF, 0xAC, 0xBB,
  0xCD, 0xAB, 0xE8, 0x9A, 0xAA, 0xA9, 0xAB, 0x89,
  0x13, 0x44, 0x53, 0x71, 0x43, 0x35, 0x23, 0x42,
  0x22, 0x21, 0x21, 0x18, 0xA9, 0xDD, 0xBB, 0xEB,
  0xCB, 0xCB, 0xCC, 0xAB, 0xBB, 0xCC, 0xAA, 0xAA,
  0xBA, 0xA8, 0x88, 0x12, 0x64, 0x34, 0x53, 0x43,
  0x43, 0x42, 0x33, 0x42, 0x22, 0x22, 0x11, 0x00,
  0x08, 0x8A, 0xAB, 0xCC, 0xBB, 0xDA, 0xBB, 0xAC,
  0xAA, 0xBB, 0xBA, 0xBB, 0x8B, 0x19, 0x90, 0xA9,
  0xA2, 0xB5, 0x28, 0x9A, 0xB9, 0xDD, 0xBA, 0x9D,
  0xDA, 0xBB, 0xAD, 0xB8, 0x8F, 0x90, 0xA9, 0x98,
  0x00, 0x28, 0x45, 0x22, 0x34, 0x34, 0x33, 0x32,
  0x51, 0x12, 0x00, 0x33, 0x32, 0x22, 0x42, 0x34,
  0x61, 0x05, 0x23, 0x13, 0x31, 0x39, 0x90, 0x9D,
  0xDD, 0xBE, 0xAD, 0xBB, 0xDB, 0xBC, 0xCB, 0xCA,
  0xCA, 0xBB, 0xBC, 0xAB, 0xAA, 0xA9, 0x98, 0x23,
  0x54, 0x53, 0x53, 0x43, 0x43, 0x43, 0x34, 0x23,
  0x22, 0x32, 0x12, 0x20, 0x00, 0x8B, 0xAA, 0xBD,
  0xBC, 0xCA, 0xAC, 0xBB, 0xCA, 0xAB, 0xBB, 0xBC,
  0xBA, 0xCB, 0xAA, 0xAA, 0xBA, 0xAA, 0x90, 0x8B,
  0x64, 0x22, 0x43, 0x35, 0x33, 0x43, 0x23, 0x32,
  0x02, 0x98, 0x10, 0x9A, 0xBD, 0xCB, 0xCB, 0xAE,
  0xB1, 0x9B, 0xAB, 0x8B, 0xB9, 0x01, 0x14, 0x35,
  0x33, 0x72, 0x26, 0x33, 0x43, 0x24, 0x24, 0x02,
  0x32, 0x01, 0x2A, 0xAE, 0xBD, 0xBD, 0xCB, 0xCB,
  0xCC, 0xBC, 0xCA, 0xBB, 0xBC, 0xCA, 0xBB, 0xBA,
  0xBA, 0xA9, 0x90, 0x04, 0x63, 0x45, 0x25, 0x33,
  0x43, 0x34, 0x33, 0x33, 0x32, 0x22, 0x21, 0x18,
  0x89, 0xBC, 0xCB, 0xCA, 0xCA, 0xBA, 0xBA, 0xCA,
  0x99, 0x89, 0x28, 0x01, 0x03, 0x28, 0x01, 0x00,
  0x0A, 0x0E, 0xBA, 0xB9, 0xAB, 0x9F, 0xA1, 0xC8,
  0xCA, 0x0A, 0xE1, 0x0A, 0x8B, 0xBA, 0xA9, 0x0E,
  0x01, 0xBB, 0xC9, 0xCB, 0xBA, 0x99, 0x90, 0xC0,
  0x60, 0x1C, 0x43, 0x23, 0x22, 0x37, 0x51, 0x42,
  0x32, 0x14, 0x51, 0x32, 0x82, 0x32, 0x89, 0x0A,
  0x8F, 0xAB, 0xFA, 0xEA, 0xC9, 0xCB, 0xBD, 0xAB,
  0xBD, 0xBB, 0xBC, 0xAB, 0xBA, 0xBA, 0x99, 0x80,
  0x25, 0x43, 0x73, 0x34, 0x35, 0x33, 0x42, 0x42,
  0x23, 0x23, 0x22, 0x21, 0x10, 0x08, 0x8A, 0xAA,
  0xCB, 0xCB, 0xCA, 0xBD, 0xAB, 0xAB, 0xBB, 0x9A,
  0xC9, 0xB9, 0xA9, 0x99, 0xB0, 0x8C, 0x8B, 0x98,
  0x89, 0x00, 0x94, 0x2A, 0x98, 0x90, 0x18, 0xF5,
  0x8B, 0xBB, 0xBE, 0x9A, 0xBA, 0xCB, 0xAD, 0x0C,
  0xC8, 0x80, 0x90, 0x01, 0x21, 0x44, 0x60, 0x36,
  0x34, 0x12, 0x33, 0x35, 0x22, 0x22, 0x40, 0x23,
  0x09, 0x0C, 0xCA, 0xCC, 0xDB, 0xCC, 0xCB, 0xCC,
  0xAA, 0xCB, 0xCA, 0xBB, 0xCA, 0xCA, 0x9A, 0xAA,
  0x99, 0x90, 0x02, 0x27, 0x33, 0x53, 0x53, 0x53,
  0x34, 0x33, 0x42, 0x33, 0x23, 0x32, 0x31, 0x20,
  0x00, 0x8A, 0xAA, 0xBE, 0x9B, 0xCB, 0xBC, 0xBB,
  0xBC, 0xAB, 0xCA, 0xB9, 0xBA, 0x8A, 0x9A, 0xAC,
  0xA9, 0x0C, 0x83, 0x91, 0x99, 0x99, 0x5D, 0x30,
  0x93, 0x81, 0x91, 0xA1, 0x88, 0x8F, 0x02, 0xBB,
  0xBA, 0xEA, 0xAB, 0xAB, 0xEE, 0x9A, 0x8D, 0x98,
  0x99, 0xB9, 0xAD, 0xA0, 0xD0, 0x10, 0x13, 0x31,
  0x62, 0x37, 0x51, 0x23, 0x32, 0x34, 0x23, 0x23,
  0x81, 0x1B, 0xFB, 0xCD, 0xBC, 0xCB, 0xBD, 0xBD,
  0xAB, 0xBB, 0xBC, 0xBC, 0x9A, 0xAA, 0x08, 0x01,
  0x34, 0x45, 0x43, 0x44, 0x33, 0x35, 0x32, 0x33,
  0x24, 0x21, 0x21, 0x10, 0x10, 0x88, 0x9B, 0xAA,
  0xCC, 0xAA, 0xDA, 0xA9, 0xBB, 0xBB, 0xBD, 0x99,
  0xA9, 0x9A, 0xBB, 0x0C, 0x82, 0x88, 0x02, 0xAA,
  0x3D, 0x25, 0x90, 0x09, 0xBE, 0xAA, 0xB8, 0xFB,
  0x8D, 0x8A, 0xDA, 0xBA, 0xBB, 0xAB, 0xAE, 0x80,
  0x99, 0x01, 0x13, 0x45, 0x34, 0x35, 0x33, 0x43,
  0x33, 0x42, 0x33, 0x33, 0x44, 0x22, 0x22, 0x11,
  0x20, 0x81, 0x0B, 0xDC, 0xDC, 0xCB, 0xCB, 0xDC,
  0xBC, 0xBC, 0xBC, 0xBB, 0xBD, 0xAB, 0xBB, 0xBC,
  0xBA, 0xA8, 0x98, 0x12, 0x44, 0x53, 0x53, 0x44,
  0x33, 0x43, 0x34, 0x32, 0x33, 0x33, 0x22, 0x22,
  0x18, 0x09, 0x8A, 0xAB, 0xBE, 0x9B, 0xCB, 0xCA,
  0xBB, 0xCB, 0xAB, 0xCB, 0xCA, 0xBA, 0xCB, 0x9B,
  0xCB, 0xAB, 0xAB, 0xCA, 0x2A, 0xB8, 0x80, 0x23,
  0x44, 0x43, 0x53, 0x33, 0x34, 0x34, 0x23, 0x21,
  0x12, 0xC1, 0x1B, 0xBB, 0x0A, 0xDE, 0x9D, 0x11,
  0xE0, 0x08, 0x00, 0x00, 0x09, 0x37, 0x12, 0x21,
  0x61, 0x03, 0x02, 0x51, 0x33, 0x00, 0x00, 0xBB,
  0xBE, 0xAC, 0xEC, 0xBC, 0xBC, 0xCB, 0xCB, 0xBB,
  0xCC, 0xAB, 0xBB, 0xCA, 0xAA, 0x99, 0x98, 0x21,
  0x46, 0x35, 0x34, 0x34, 0x34, 0x34, 0x23, 0x42,
  0x22, 0x12, 0x21, 0x10, 0x00, 0x99, 0xBA, 0xDB,
  0xBB, 0xDA, 0xBC, 0xAC, 0xAA, 0x9A, 0x99, 0x99,
  0x88, 0x01, 0x24, 0x35, 0x12, 0x22, 0x32, 0x31,
  0x11, 0x01, 0xBC, 0xB0, 0xF8, 0x0A, 0x9B, 0xAE,
  0xBA, 0x8D, 0x91, 0xA0, 0xBB, 0xDA, 0xA0, 0xF1,
  0x1E, 0x00, 0xA9, 0x08, 0x01, 0x92, 0x38, 0x21,
  0x60, 0x23, 0x73, 0x21, 0x45, 0x03, 0x01, 0x22,
  0x30, 0x42, 0x98, 0x9C, 0xCB, 0xCD, 0xAC, 0xCC,
  0xBC, 0xCB, 0xBD, 0xAB, 0xBC, 0xCA, 0xBB, 0xAB,
  0xBA, 0xBB, 0x99, 0x91, 0x26, 0x35, 0x35, 0x43,
  0x34, 0x34, 0x34, 0x33, 0x33, 0x42, 0x23, 0x23,
  0x22, 0x21, 0x11, 0x09, 0x89, 0x9A, 0xFA, 0xCB,
  0xAB, 0xAD, 0x9A, 0xBB, 0xBA, 0xBB, 0xAA, 0xAA,
  0x99, 0x89, 0x80, 0x9A, 0x10, 0x9C, 0x0C, 0x71,
  0xB9, 0xC8, 0xC1, 0x9C, 0xB0, 0xBE, 0x09, 0x89,
  0x8C, 0x1D, 0xAA, 0x0B, 0xA1, 0x8A, 0x82, 0xA0,
  0xC3, 0xA4, 0x73, 0x33, 0x52, 0x52, 0x50, 0x44,
  0x21, 0x42, 0x03, 0x01, 0x12, 0x11, 0x9A, 0xCC,
  0xDB, 0xFA, 0xBC, 0xBD, 0xBB, 0xCC, 0xBB, 0xCA,
  0xCA, 0xBB, 0xBB, 0xBB, 0xAA, 0x98, 0x00, 0x52,
  0x46, 0x23, 0x53, 0x52, 0x34, 0x32, 0x34, 0x32,
  0x33, 0x32, 0x22, 0x21, 0x10, 0x08, 0x8A, 0xAB,
  0xCC, 0xBC, 0xBB, 0xDA, 0xAA, 0xAC, 0xBC, 0x99,
  0xA9, 0xA8, 0x8A, 0xAA, 0x8A, 0xAA, 0x89, 0x80,
  0x8D, 0x13, 0xA8, 0xE0, 0xBB, 0xC9, 0x98, 0x1F,
  0x02, 0x00, 0xA9, 0x98, 0x2E, 0x14, 0x90, 0x88,
  0x89, 0x99, 0x99, 0x9C, 0x9A, 0x81, 0xF8, 0x59,
  0x08, 0xA7, 0x99, 0x23, 0x19, 0x71, 0x33, 0x02,
  0x02, 0x00, 0x13, 0xAF, 0x8E, 0x89, 0xCC, 0xBE,
  0xCA, 0xCB, 0xBC, 0xDA, 0xAB, 0xCC, 0xAB, 0xAA,
  0xBB, 0xAA, 0x99, 0x81, 0x34, 0x73, 0x36, 0x33,
  0x44, 0x23, 0x43, 0x34, 0x22, 0x32, 0x31, 0x12,
  0x11, 0x81, 0x09, 0x9A, 0xBD, 0xBA, 0xEA, 0x9A,
  0xBB, 0xBC, 0xBA, 0xC9, 0x8A, 0x8A, 0x99, 0xB0,
  0xB1, 0x3A, 0x2A, 0x8B, 0x95, 0xB3, 0x78, 0x00,
  0x0A, 0xBA, 0x3F, 0x82, 0xB9, 0xDD, 0xBA, 0xCA,
  0xCA, 0x9F, 0xA8, 0xAA, 0xBA, 0xC8, 0x88, 0x89,
  0x00, 0x34, 0x61, 0x44, 0x33, 0x43, 0x33, 0x44,
  0x33, 0x33, 0x32, 0x33, 0x22, 0x90, 0x1A, 0xEB,
  0xCE, 0xBC, 0xCA, 0xBC, 0xCB, 0xBD, 0xBC, 0xBB,
  0xAB, 0xDA, 0xBB, 0xBB, 0xBB, 0xAA, 0x8A, 0x22,
  0x25, 0x54, 0x35, 0x43, 0x34, 0x43, 0x33, 0x43,
  0x33, 0x33, 0x24, 0x11, 0x20, 0x18, 0x09, 0x1A,
  0xBA, 0xCA, 0xBB, 0xCB, 0xBB, 0xD8, 0xAC, 0x9B,
  0x9A, 0xAD, 0x0A, 0xCA, 0xAB, 0xC9, 0xCA, 0xBB,
  0xE8, 0x9D, 0xA8, 0xA8, 0x89, 0xA1, 0x19, 0x2D,
  0x32, 0x04, 0x14, 0x30, 0x44, 0x02, 0x01, 0x11,
  0x81, 0x19, 0xB8, 0x00, 0xE2, 0x38, 0x32, 0x33,
  0x73, 0x26, 0x34, 0x34, 0x33, 0x43, 0x14, 0x34,
  0x08, 0x08, 0x8A, 0xBA, 0xED, 0xAD, 0xAC, 0xCC,
  0xAB, 0xCB, 0xCB, 0xCB, 0xBC, 0xBB, 0xCA, 0xBA,
  0xBA, 0xB9, 0x98, 0x02, 0x35, 0x45, 0x35, 0x34,
  0x34, 0x34, 0x33, 0x34, 0x32, 0x32, 0x33, 0x21,
  0x11, 0x08, 0x9A, 0xAA, 0xDB, 0xBD, 0xAB, 0xCC,
  0xAB, 0xBB, 0xAC, 0xAA, 0x9B, 0xA9, 0x98, 0x14,
  0x28, 0x12, 0x24, 0x42, 0x33, 0x41, 0x10, 0x23,
  0x33, 0xD2, 0x21, 0xAD, 0xBB, 0x9F, 0x1B, 0xA9,
  0x9A, 0xFA, 0xCA, 0x98, 0x99, 0x99, 0x98, 0x1C,
  0x25, 0x11, 0x14, 0x22, 0x34, 0x71, 0x35, 0x14,
  0x11, 0x11, 0x13, 0x23, 0x11, 0x18, 0x0F, 0x09,
  0xBD, 0xCC, 0xBC, 0xCB, 0xCB, 0xCB, 0xBD, 0xBB,
  0xCB, 0xCA, 0xBA, 0xBB, 0xC9, 0xAA, 0x98, 0x90,
  0x31, 0x72, 0x53, 0x24, 0x43, 0x34, 0x34, 0x32,
  0x33, 0x24, 0x31, 0x21, 0x22, 0x00, 0x20, 0x11,
  0x90, 0x0A, 0x0D, 0x10, 0xA9, 0xBF, 0x08, 0xB8,
  0xC9, 0x90, 0xD8, 0x8C, 0x99, 0xBB, 0x09, 0x8A,
  0x8B, 0x19, 0xBC, 0xA9, 0xA8, 0xC1, 0xBF, 0x9A,
  0x8B, 0x91, 0xCA, 0xCC, 0xBC, 0xAB, 0xAE, 0x98,
  0x99, 0xA9, 0x89, 0x91, 0x34, 0x23, 0x27, 0x32,
  0x62, 0x43, 0x44, 0x24, 0x33, 0x34, 0x24, 0x32,
  0x22, 0x13, 0x0B, 0x9C, 0xCC, 0xCD, 0xBD, 0xBD,
  0xBB, 0xDB, 0xCB, 0xBC, 0xBC, 0xAB, 0xCA, 0xBA,
  0xAA, 0xAA, 0xA0, 0x88, 0x53, 0x44, 0x36, 0x33,
  0x43, 0x43, 0x34, 0x33, 0x33, 0x33, 0x32, 0x22,
  0x22, 0x18, 0x00, 0x9B, 0xAC, 0xBB, 0xCB, 0xD8,
  0xBE, 0x99, 0x9A, 0x99, 0xA9, 0xA0, 0xCB, 0x09,
  0x99, 0x9A, 0x8B, 0x8A, 0xAA, 0x8D, 0x94, 0x8A,
  0x89, 0xBD, 0xBA, 0x9D, 0xCA, 0xBC, 0xBC, 0xBB,
  0xBB, 0xE9, 0xAB, 0x98, 0x22, 0xB7, 0x40, 0x02,
  0x18, 0x41, 0x50, 0x53, 0x12, 0x13, 0x11, 0x24,
  0x33, 0x02, 0x01, 0x8A, 0xAF, 0x8F, 0x89, 0xBE,
  0x9B, 0xBF, 0xAA, 0xAB, 0xCB, 0xCB, 0xCB, 0xCB,
  0xCB, 0xBC, 0xAB, 0xBB, 0xBB, 0xAA, 0x98, 0x03,
  0x45, 0x35, 0x44, 0x35, 0x33, 0x43, 0x43, 0x33,
  0x33, 0x42, 0x32, 0x22, 0x21, 0x11, 0x08, 0x99,
  0xBB, 0xCB, 0xAE, 0x98, 0xBB, 0xCB, 0xBA, 0x9D,
  0x88, 0xA9, 0xBB, 0xA9, 0xB1, 0x2D, 0x0B, 0x1B,
  0xC2, 0xC3, 0x30, 0x03, 0xA9, 0x05, 0x95, 0x3A,
  0x9C, 0x8F, 0xBB, 0x9E, 0x89, 0xCB, 0xCA, 0xAB,
  0xD9, 0xA8, 0x8A, 0x99, 0xBA, 0x88, 0x49, 0x53,
  0x23, 0x46, 0x23, 0x36, 0x25, 0x32, 0x33, 0x32,
  0x42, 0x21, 0x23, 0x8A, 0xCB, 0xCC, 0xDB, 0xBE,
  0xBC, 0xBB, 0xDB, 0xCA, 0xBA, 0xBC, 0xBB, 0xAC,
  0xA8, 0xAA, 0x80, 0x81, 0x13, 0x45, 0x36, 0x42,
  0x34, 0x23, 0x43, 0x34, 0x23, 0x42, 0x12, 0x12,
  0x11, 0x11, 0x00, 0x8A, 0x0B, 0xA0, 0xA9, 0xAA,
  0xDA, 0xAB, 0xAB, 0xCC, 0x89, 0x9B, 0xCA, 0xBC,
  0xAA, 0xBA, 0xAA, 0xDC, 0xAC, 0xCA, 0x9B, 0xAD,
  0xBC, 0xC9, 0xBA, 0xDA, 0x98, 0xAB, 0xBA, 0x99,
  0x99, 0x14, 0x33, 0x44, 0x33, 0x44, 0x42, 0x22,
  0x36, 0x12, 0x13, 0x13, 0x41, 0x54, 0x23, 0x24,
  0x32, 0x42, 0x43, 0x22, 0x12, 0x88, 0x9A, 0xCB,
  0xFB, 0xCC, 0xDA, 0xBE, 0xAD, 0xA9, 0xBC, 0xAB,
  0xCA, 0xBB, 0xBC, 0xAA, 0xBA, 0xAB, 0x99, 0x01,
  0x34, 0x44, 0x44, 0x43, 0x35, 0x33, 0x43, 0x43,
  0x24, 0x22, 0x23, 0x22, 0x31, 0x22, 0x98, 0x08,
  0x9A, 0xBD, 0xAC, 0xCB, 0xAC, 0xBB, 0xBC, 0xB9,
  0xCC, 0x9A, 0x9A, 0xA9, 0x98, 0xA3, 0x89, 0x12,
  0x44, 0x42, 0x42, 0x42, 0x12, 0x30, 0x43, 0x81,
  0xAB, 0xB9, 0xA8, 0xFA, 0x0B, 0x9E, 0xB9, 0xA0,
  0xC1, 0x19, 0x89, 0x8B, 0x88, 0x5B, 0x63, 0x03,
  0x11, 0x41, 0x75, 0x12, 0x13, 0x34, 0x43, 0x11,
  0x12, 0x88, 0x88, 0xD8, 0xAF, 0xCA, 0xCA, 0xCC,
  0xBB, 0xCB, 0xBD, 0xAB, 0xCA, 0xBB, 0xBB, 0xBB,
  0xCA, 0xAA, 0x9A, 0x83, 0x25, 0x36, 0x34, 0x43,
  0x42, 0x43, 0x42, 0x33, 0x33, 0x23, 0x32, 0x34,
  0x00, 0x00, 0x08, 0x91, 0x0D, 0x0B, 0xA8, 0x92,
  0x08, 0xCA, 0x28, 0x40, 0x8D, 0x83, 0x2B, 0x96,
  0xA9, 0x81, 0x91, 0x2B, 0x0F, 0xA8, 0x8A, 0x28,
  0xDA, 0xC8, 0xCB, 0x99, 0x8B, 0x08, 0xEA, 0xAB,
  0xD9, 0x80, 0x8B, 0x02, 0xCA, 0x9C, 0xC8, 0x90,
  0x3E, 0x68, 0x94, 0x08, 0x28, 0x26, 0x23, 0x33,
  0x44, 0x23, 0x34, 0x13, 0x58, 0x39, 0x98, 0x9A,
  0xBE, 0xBD, 0xAD, 0xCB, 0xBC, 0xBC, 0xCA, 0xCA,
  0xBD, 0xAA, 0xBB, 0xAC, 0x9A, 0xBA, 0xA9, 0x98,
  0x02, 0x35, 0x44, 0x43, 0x44, 0x33, 0x53, 0x33,
  0x42, 0x33, 0x32, 0x33, 0x32, 0x21, 0x10, 0x08,
  0x99, 0x9A, 0xBC, 0xBC, 0xCA, 0xBB, 0xBB, 0xBA,
  0x8F, 0x98, 0xB9, 0xA9, 0x88, 0x98, 0x8B, 0x7C,
  0xA3, 0x90, 0x8B, 0x20, 0xE8, 0xCB, 0xAA, 0x09,
  0x9A, 0xFB, 0x0A, 0xAA, 0xAA, 0x98, 0x9D, 0x99,
  0xA8, 0x98, 0x95, 0x21, 0x05, 0x05, 0x35, 0x17,
  0x31, 0x31, 0x78, 0x23, 0x12, 0x24, 0x12, 0x09,
  0x8B, 0x98, 0xEA, 0xCB, 0xCC, 0xDA, 0xBC, 0xBB,
  0xCB, 0xBC, 0xCA, 0xAB, 0xAB, 0xBC, 0x9A, 0x9A,
  0xBA, 0x91, 0x13, 0x25, 0x35, 0x44, 0x34, 0x34,
  0x33, 0x43, 0x42, 0x23, 0x42, 0x22, 0x22, 0x21,
  0x21, 0x02, 0x19, 0x88, 0xA9, 0xAC, 0xAB, 0xBB,
  0xDA, 0xBB, 0xDA, 0x8A, 0x9B, 0x9A, 0x9A, 0xC9,
  0x90, 0x58, 0xBA, 0xF8, 0x82, 0x9A, 0x42, 0xA9,
  0x03, 0xA4, 0x9D, 0xCA, 0x60, 0x38, 0xA8, 0xCA,
  0x09, 0x83, 0xA3, 0xAD, 0x2F, 0xBB, 0xD0, 0xAC,
  0xCE, 0xA9, 0x81, 0x08, 0x19, 0xAB, 0x10, 0x8F,
  0xDA, 0xCA, 0xAD, 0x9D, 0x99, 0xAD, 0xBE, 0xA8,
  0x8D, 0xA7, 0x77, 0x60, 0x88, 0x00, 0x8A, 0x99,
  0x98, 0x99, 0x98, 0x88, 0x90, 0x88, 0x0A, 0x27,
  0x50, 0x00, 0x88, 0x80, 0x00, 0x09, 0x9A, 0x98,
  0xAA, 0x8B, 0xA0, 0x8A, 0xAA, 0x18, 0xA8, 0x04,
  0x0A, 0xA1, 0x40, 0xBB, 0x21, 0x8D, 0x83, 0x8C,
  0xA5, 0x19, 0xA2, 0x6B, 0x18, 0x97, 0x98, 0x6A,
  0x96, 0x8A, 0x33, 0xCA, 0x62, 0xCA, 0x43, 0x9C,
  0x83, 0x41, 0xAE, 0xA2, 0x72, 0x19, 0xBE, 0xBA,
  0x9A, 0xBA, 0x99, 0x08, 0x00, 0x54, 0x42, 0x10,
  0x98, 0x12, 0x36, 0x33, 0x52, 0x32, 0x32, 0x18,
  0x9A, 0xBC, 0xCB, 0x9B, 0xBC, 0xA8, 0x99, 0xAA,
  0xA0, 0x11, 0x18, 0xBC, 0xB8, 0x47, 0x31, 0x89,
  0xBC, 0xCB, 0xB9, 0xAC, 0xAB, 0xA9, 0x80, 0x09,
  0x90, 0x36, 0x45, 0x32, 0x21, 0x9A, 0x98, 0x81,
  0x63, 0x34, 0x43, 0x32, 0x44, 0x21, 0x11, 0x10,
  0xBB, 0xB8, 0x0C, 0xDA, 0x90, 0x18, 0xCE, 0x91,
  0x33, 0x8C, 0xCB, 0x83, 0x42, 0x32, 0x43, 0x0C,
  0xFF, 0xBB, 0xCB, 0xBB, 0xBA, 0x98, 0x82, 0x23,
  0x42, 0x22, 0x33, 0x54, 0x53, 0x53, 0x43, 0x34,
  0x22, 0x21, 0x09, 0x99, 0xBB, 0xCB, 0xBC, 0xBB,
  0xBB, 0xBA, 0xBA, 0x99, 0xA9, 0x90, 0x01, 0x8A,
  0xA9, 0x08, 0x08, 0x22, 0x35, 0x0A, 0x9A, 0xA0,
  0x64, 0x8A, 0x98, 0x14, 0x44, 0x11, 0x8A, 0x83,
  0x53, 0x2A, 0x9E, 0xBE, 0xA9, 0x12, 0x21, 0x81,
  0x17, 0x31, 0xBE, 0xCA, 0xBB, 0xCD, 0xBB, 0xAA,
  0x99, 0x98, 0x00, 0x20, 0x26, 0x45, 0x43, 0x33,
  0x31, 0x1A, 0xDD, 0xDD, 0xBB, 0xCA, 0xAA, 0x98,
  0x00, 0x12, 0x12, 0x23, 0x53, 0x53, 0x54, 0x43,
  0x53, 0x33, 0x42, 0x31, 0x11, 0x88, 0xAA, 0xBC,
  0xCB, 0xBC, 0xAB, 0xBB, 0xBB, 0xBB, 0xAA, 0xAA,
  0x88, 0x80, 0x80, 0x01, 0x18, 0x21, 0x10, 0x98,
  0x88, 0x2A, 0xBB, 0xAA, 0xB4, 0x87, 0x21, 0x50,
  0x10, 0x29, 0x01, 0xFA, 0xBB, 0xDB, 0x9C, 0xBB,
  0xAD, 0xBC, 0xA9, 0x81, 0x11, 0x01, 0x06, 0x53,
  0x53, 0x53, 0x33, 0x42, 0x21, 0x22, 0x35, 0x54,
  0x34, 0x41, 0x20, 0x8B, 0xED, 0xDB, 0xDB, 0xCA,
  0xBB, 0xBB, 0xAA, 0xAA, 0x98, 0x98, 0x01, 0x25,
  0x37, 0x35, 0x35, 0x34, 0x32, 0x42, 0x12, 0x10,
  0x08, 0x89, 0xAB, 0xBC, 0xAB, 0xBB, 0xAA, 0x98,
  0x01, 0x33, 0x53, 0x35, 0x32, 0x32, 0x21, 0x00,
  0x98, 0xAC, 0xAD, 0xBC, 0xCB, 0xBC, 0xAA, 0xAB,
  0x9A, 0xBA, 0xAB, 0xBB, 0xCA, 0x9C, 0xA9, 0xA9,
  0x9B, 0xD9, 0xAD, 0xAB, 0x9B, 0x89, 0x18, 0x18,
  0x45, 0x27, 0x43, 0x52, 0x42, 0x22, 0x13, 0x12,
  0x24, 0x34, 0x44, 0x23, 0x20, 0x0C, 0xED, 0xCD,
  0xBD, 0xBB, 0xDA, 0xBB, 0xBB, 0xBB, 0xAA, 0xAA,
  0x80, 0x24, 0x55, 0x43, 0x54, 0x33, 0x43, 0x42,
  0x32, 0x22, 0x11, 0x08, 0x89, 0xAB, 0xCB, 0xCB,
  0xBB, 0xCA, 0xAB, 0x9A, 0xAA, 0xA8, 0x9A, 0x9A,
  0xAA, 0xCB, 0xDB, 0xBD, 0xBD, 0xAB, 0xBB, 0xBC,
  0x9A, 0xA9, 0xA8, 0x98, 0x00, 0x02, 0x23, 0x62,
  0x62, 0x43, 0x36, 0x24, 0x34, 0x23, 0x43, 0x32,
  0x32, 0x32, 0x32, 0x21, 0x11, 0x01, 0x08, 0x89,
  0xBC, 0xDB, 0xA9, 0xA2, 0x03, 0x23, 0x4B, 0xAF,
  0xFE, 0xCC, 0xBD, 0xBC, 0xBC, 0xBB, 0xCB, 0xBB,
  0xBB, 0xAB, 0x99, 0x81, 0x35, 0x54, 0x44, 0x43,
  0x43, 0x43, 0x33, 0x23, 0x32, 0x11, 0x08, 0x8A,
  0xAC, 0xBD, 0xAB, 0xCA, 0xBB, 0xBA, 0xBB, 0xAA,
  0xB9, 0xAA, 0x9A, 0x99, 0x98, 0x90, 0x89, 0x1A,
  0x01, 0x81, 0x85, 0x25, 0x14, 0x42, 0x23, 0x20,
  0x41, 0x18, 0x18, 0x0B, 0x8C, 0x9F, 0x0B, 0x11,
  0xE0, 0x99, 0xAA, 0xBD, 0xD9, 0xBC, 0xBC, 0xBC,
  0xBD, 0x9B, 0xBA, 0xC8, 0xA8, 0x80, 0x22, 0x42,
  0x33, 0x12, 0xBD, 0xAF, 0xDC, 0xBC, 0xCB, 0xCB,
  0xBB, 0xCA, 0xBC, 0xAA, 0xAA, 0x80, 0x05, 0x45,
  0x44, 0x44, 0x34, 0x34, 0x24, 0x22, 0x22, 0x11,
  0x10, 0x88, 0x9A, 0xBC, 0xBC, 0xBC, 0xBA, 0xCA,
  0xAB, 0xAA, 0xAA, 0xAA, 0x9A, 0x99, 0x89, 0x88,
  0x1A, 0x00, 0x80, 0x80, 0x18, 0x32, 0x97, 0x12,
  0x12, 0x28, 0x48, 0x88, 0xB9, 0xCA, 0xCC, 0xBE,
  0xCA, 0xCA, 0xBB, 0xBB, 0xAB, 0xB0, 0xC0, 0x31,
  0x53, 0x63, 0x34, 0x41, 0x42, 0x42, 0x34, 0x35,
  0x33, 0x44, 0x32, 0x22, 0x00, 0xAD, 0xCD, 0xCB,
  0xEA, 0xDA, 0xBB, 0xCB, 0xBC, 0xBB, 0xBB, 0xBB,
  0xB9, 0x98, 0x24, 0x54, 0x44, 0x43, 0x43, 0x42,
  0x33, 0x32, 0x22, 0x10, 0x08, 0x99, 0xAB, 0xBB,
  0xCA, 0xBA, 0xA9, 0x90, 0x01, 0x32, 0x53, 0x42,
  0x42, 0x23, 0x12, 0x18, 0x1A, 0x9A, 0xDB, 0xCB,
  0xDA, 0xD9, 0xAB, 0xBA, 0xBC, 0xAD, 0x9A, 0xBA,
  0xBC, 0xAA, 0xC9, 0xB9, 0xBB, 0x9A, 0x8A, 0x8A,
  0x0A, 0x09, 0x25, 0x15, 0x41, 0x52, 0x15, 0x24,
  0x43, 0x43, 0x53, 0x24, 0x23, 0x31, 0x29, 0x8B,
  0xED, 0xCC, 0xCC, 0xBD, 0xBB, 0xCB, 0xDA, 0xBB,
  0xAB, 0xBB, 0xBA, 0x98, 0x03, 0x54, 0x54, 0x43,
  0x43, 0x44, 0x23, 0x33, 0x23, 0x22, 0x11, 0x00,
  0x99, 0x9B, 0xCB, 0xCA, 0xBC, 0xBA, 0xCA, 0xAB,
  0xBB, 0xAB, 0xCA, 0xBB, 0xBC, 0xBB, 0xAC, 0xBB,
  0xBB, 0xDA, 0xAC, 0x9B, 0xBB, 0xBB, 0xBC, 0xA9,
  0xB9, 0x90, 0x11, 0x63, 0x64, 0x25, 0x34, 0x33,
  0x53, 0x33, 0x43, 0x34, 0x23, 0x22, 0x31, 0x21,
  0x11, 0x81, 0x00, 0x10, 0x12, 0x93, 0x02, 0xB2,
  0x8F, 0xFB, 0xCE, 0xBD, 0xBD, 0xCB, 0xBC, 0xCB,
  0xBC, 0xBC, 0xBA, 0xBB, 0xBB, 0xB9, 0x98, 0x13,
  0x55, 0x53, 0x53, 0x43, 0x43, 0x33, 0x42, 0x32,
  0x22, 0x11, 0x08, 0x89, 0xAB, 0xBC, 0xCB, 0xCB,
  0xBB, 0xCB, 0xBB, 0xAB, 0xBA, 0xBA, 0xAA, 0x99,
  0x90, 0x98, 0x28, 0x13, 0x31, 0x71, 0x03, 0x13,
  0x02, 0x13, 0x20, 0x15, 0x93, 0xBA, 0x60, 0x09,
  0x28, 0x90, 0xAA, 0xAE, 0xA8, 0xEC, 0x9C, 0xAC,
  0xAC, 0xBC, 0xCC, 0xAA, 0xBB, 0xAB, 0x9A, 0xA0,
  0xA2, 0x91, 0x0A, 0x9E, 0xBF, 0xBF, 0xAC, 0xBC,
  0xCB, 0xCB, 0xCA, 0xBB, 0xCB, 0xBB, 0xBB, 0xAA,
  0x90, 0x15, 0x46, 0x44, 0x43, 0x53, 0x43, 0x34,
  0x33, 0x33, 0x32, 0x31, 0x10, 0x88, 0xAA, 0xCB,
  0xCC, 0xBC, 0xBA, 0xCA, 0xBB, 0xBB, 0xAC, 0x9A,
  0xAA, 0x99, 0x99, 0x88, 0x90, 0x80, 0x81, 0x18,
  0x22, 0x20, 0x12, 0x78, 0x83, 0x90, 0x98, 0xBB,
  0xE8, 0xCB, 0x9C, 0xBC, 0xB9, 0xF9, 0x9A, 0x0C,
  0x89, 0x88, 0x11, 0x85, 0x23, 0x45, 0x34, 0x43,
  0x44, 0x32, 0x43, 0x34, 0x22, 0x20, 0x2A, 0x0B,
  0xAF, 0xEB, 0xCC, 0xBC, 0xCB, 0xCB, 0xBD, 0xBA,
  0xCA, 0xBB, 0xBB, 0xBA, 0x98, 0x01, 0x45, 0x43,
  0x63, 0x34, 0x42, 0x33, 0x33, 0x32, 0x22, 0x20,
  0x00, 0x99, 0x9A, 0xAB, 0xBB, 0xC9, 0xAA, 0x09,
  0x83, 0x23, 0x43, 0x52, 0x51, 0x22, 0x21, 0x10,
  0x08, 0xAB, 0xBE, 0xD9, 0xBD, 0xAA, 0xBB, 0xCB,
  0xBB, 0x9E, 0x99, 0xC8, 0xAA, 0x9B, 0x9D, 0x9A,
  0x9A, 0xAA, 0x9B, 0xA8, 0xC1, 0x94, 0x82, 0x71,
  0x34, 0x43, 0x52, 0x44, 0x14, 0x22, 0x22, 0x31,
  0x28, 0x0A, 0xBF, 0xBD, 0xCB, 0xEA, 0xCB, 0xCB,
  0xBD, 0xAC, 0xAB, 0xBB, 0xBB, 0xBA, 0xA9, 0x80,
  0x35, 0x54, 0x43, 0x53, 0x43, 0x43, 0x24, 0x22,
  0x32, 0x20, 0x21, 0x00, 0x89, 0x9A, 0xAC, 0xAC,
  0xAB, 0xCA, 0xBB, 0xBB, 0xCA, 0xBB, 0xBB, 0xCC,
  0xAB, 0xAB, 0xCB, 0xBC, 0xBC, 0xBA, 0xBC, 0xAB,
  0xBB, 0xBA, 0xBA, 0xB9, 0x9A, 0x30, 0x43, 0x64,
  0x44, 0x34, 0x35, 0x24, 0x33, 0x34, 0x33, 0x43,
  0x32, 0x42, 0x23, 0x24, 0x12, 0x41, 0x21, 0x22,
  0x12, 0x18, 0x1B, 0xBD, 0xEB, 0xDC, 0xCB, 0xCC,
  0xBC, 0xBC, 0xBD, 0xAB, 0xCA, 0xBC, 0xAB, 0xAB,
  0xAB, 0x99, 0x00, 0x34, 0x55, 0x35, 0x34, 0x34,
  0x33, 0x42, 0x33, 0x23, 0x22, 0x11, 0x80, 0x99,
  0xAB, 0xCB, 0xCB, 0xCB, 0xBC, 0xAB, 0xAB, 0xBB,
  0xAA, 0xBA, 0x9B, 0x99, 0xA9, 0x8A, 0x80, 0x90,
  0x81, 0x00, 0x31, 0x20, 0x77, 0x90, 0x11, 0x01,
  0x11, 0x02, 0x09, 0x29, 0xB9, 0xFC, 0x9C, 0xBC,
  0xBB, 0xD9, 0xD9, 0xAB, 0x9B, 0xAB, 0x8D, 0x98,
  0x8B, 0x1A, 0xB3, 0xBA, 0xD9, 0xD9, 0xEA, 0xBE,
  0xBD, 0xBC, 0xBD, 0xBC, 0xBC, 0xBC, 0xBB, 0xCB,
  0xBC, 0xAB, 0xB9, 0xA9, 0x01, 0x37, 0x36, 0x35,
  0x43, 0x35, 0x33, 0x43, 0x33, 0x23, 0x32, 0x21,
  0x10, 0x89, 0xAA, 0xBE, 0xAC, 0xBA, 0xCA, 0xBB,
  0xBB, 0xBB, 0xBB, 0xBB, 0xAA, 0xB9, 0xB9, 0xB9,
  0x9B, 0x9A, 0x99, 0x9A, 0x19, 0x49, 0x19, 0x58,
  0x29, 0x01, 0xFA, 0xAC, 0xCC, 0xAD, 0xAB, 0xAC,
  0xD0, 0xC9, 0x8A, 0x98, 0x80, 0x11, 0x34, 0x43,
  0x73, 0x24, 0x42, 0x42, 0x34, 0x23, 0x24, 0x31,
  0x22, 0x08, 0x8A, 0xBF, 0xBE, 0xBC, 0xCC, 0xBC,
  0xCB, 0xBD, 0xBA, 0xCB, 0xBB, 0xBB, 0xCA, 0x99,
  0x90, 0x12, 0x54, 0x43, 0x53, 0x43, 0x34, 0x23,
  0x33, 0x22, 0x22, 0x01, 0x08, 0x89, 0x9A, 0xA9,
  0xAA, 0x89, 0x09, 0x30, 0x37, 0x12, 0x42, 0x33,
  0x32, 0x42, 0x13, 0x19, 0x40, 0xB0, 0xAA, 0xC9,
  0xDC, 0xBB, 0xCC, 0xCA, 0xBC, 0xBB, 0xCC, 0xAB,
  0xBB, 0xCB, 0xBA, 0xBC, 0x9B, 0xA8, 0xAA, 0x29,
  0x38, 0x54, 0x35, 0x15, 0x24, 0x24, 0x34, 0x32,
  0x35, 0x12, 0x31, 0x11, 0x89, 0xAB, 0xFC, 0xCB,
  0xDC, 0xBC, 0xBD, 0xBB, 0xCC, 0xAB, 0xCA, 0xBB,
  0xBA, 0xAA, 0x98, 0x11, 0x54, 0x36, 0x35, 0x33,
  0x43, 0x43, 0x33, 0x23, 0x33, 0x22, 0x21, 0x00,
  0x89, 0x9A, 0xBB, 0xDB, 0xBD, 0x9B, 0xCA, 0xBB,
  0xBC, 0xAC, 0xAB, 0xBB, 0xBD, 0xAB, 0xBC, 0xBA,
  0xC9, 0xC9, 0xBB, 0x9C, 0x9B, 0xAA, 0xAB, 0xB8,
  0xA8, 0x88, 0x41, 0x43, 0x63, 0x52, 0x53, 0x24,
  0x34, 0x34, 0x23, 0x42, 0x33, 0x34, 0x31, 0x42,
  0x22, 0x23, 0x22, 0x33, 0x11, 0x10, 0xBA, 0xDD,
  0xDC, 0xBD, 0xCB, 0xCC, 0xBC, 0xCA, 0xCA, 0xBC,
  0xAB, 0xCA, 0xAB, 0xB9, 0xAA, 0x91, 0x03, 0x45,
  0x44, 0x35, 0x33, 0x52, 0x33, 0x42, 0x23, 0x22,
  0x12, 0x10, 0x08, 0x89, 0xAA, 0xCA, 0xBD, 0xAB,
  0xBB, 0xCA, 0xBA, 0xCA, 0xAA, 0xA9, 0xAA, 0x9B,
  0x8A, 0x88, 0x8C, 0x33, 0x93, 0x14, 0x14, 0x12,
  0x42, 0x93, 0x19, 0x2A, 0x3C, 0x2D, 0x1D, 0x80,
  0xF8, 0x0C, 0xA8, 0xAB, 0xB8, 0xEA, 0x8B, 0xAC,
  0x9A, 0xB9, 0x8B, 0x9A, 0x19, 0xF2, 0x9A, 0x1A,
  0xA9, 0xEB, 0xCF, 0xAB, 0xEA, 0xBD, 0xBC, 0xAC,
  0xBB, 0xCA, 0xCA, 0xBB, 0xBA, 0xC9, 0x9A, 0x01,
  0x23, 0x74, 0x43, 0x54, 0x33, 0x44, 0x33, 0x33,
  0x42, 0x32, 0x21, 0x20, 0x18, 0x89, 0x9A, 0xBC,
  0xCB, 0xBC, 0xBB, 0xCB, 0xBB, 0xBB, 0xCA, 0xAB,
  0x9B, 0x9A, 0x89, 0xA8, 0x88, 0x92, 0xB0, 0x0B,
  0x1A, 0xAA, 0x94, 0xF9, 0xB9, 0x8C, 0x9D, 0x9A,
  0xBB, 0xD8, 0xD9, 0x9D, 0x0C, 0x90, 0xD8, 0x09,
  0x80, 0x81, 0x21, 0x62, 0x33, 0x74, 0x12, 0x35,
  0x23, 0x24, 0x23, 0x20, 0x30, 0x1A, 0x9C, 0xDC,
  0xDB, 0xCD, 0xAC, 0xBC, 0xBC, 0xBB, 0xDA, 0xBA,
  0xBB, 0xBB, 0xAA, 0x98, 0x02, 0x44, 0x44, 0x44,
  0x33, 0x52, 0x33, 0x34, 0x22, 0x13, 0x11, 0x01,
  0x08, 0x88, 0x99, 0x99, 0xA9, 0x8B, 0x18, 0x11,
  0x25, 0x24, 0x43, 0x34, 0x34, 0x32, 0x41, 0x22,
  0x10, 0x08, 0xB8, 0xCA, 0xDD, 0x9C, 0xAA, 0xBD,
  0xAA, 0xBB, 0xBC, 0xBB, 0xCA, 0xBB, 0xC9, 0xBA,
  0xAA, 0x8D, 0x18, 0x81, 0x02, 0x33, 0x64, 0x34,
  0x52, 0x43, 0x34, 0x42, 0x32, 0x33, 0x12, 0x08,
  0xBC, 0xEC, 0xCC, 0xBD, 0xBD, 0xBB, 0xDA, 0xCA,
  0xBC, 0xBA, 0xCA, 0xAB, 0xA9, 0x99, 0x80, 0x15,
  0x35, 0x35, 0x43, 0x34, 0x43, 0x33, 0x34, 0x23,
  0x22, 0x21, 0x21, 0x08, 0x88, 0x9A, 0xBC, 0xBA,
  0xDB, 0xBB, 0xBC, 0xBB, 0xCB, 0xAC, 0xAA, 0xBB,
  0xBC, 0xAB, 0xDA, 0xBB, 0xBC, 0xBB, 0xD9, 0xCA,
  0xAB, 0xAB, 0xAB, 0x99, 0xA8, 0x01, 0x15, 0x26,
  0x33, 0x53, 0x44, 0x33, 0x43, 0x43, 0x34, 0x33,
  0x43, 0x33, 0x43, 0x25, 0x13, 0x22, 0x31, 0x31,
  0x10, 0x0B, 0xAD, 0xEB, 0xBF, 0xAC, 0xBC, 0xBC,
  0xBC, 0xBC, 0xBB, 0xCB, 0xBB, 0xCB, 0xAB, 0xAA,
  0x99, 0x82, 0x24, 0x54, 0x44, 0x34, 0x34, 0x34,
  0x32, 0x42, 0x22, 0x21, 0x21, 0x10, 0x80, 0x8A,
  0x9A, 0xCA, 0xCB, 0xAC, 0xAC, 0xA9, 0xBA, 0xAA,
  0xAA, 0xB1, 0xC9, 0x99, 0x88, 0x9A, 0x1A, 0x19,
  0x02, 0xB5, 0xA5, 0x00, 0x38, 0x32, 0x49, 0x01,
  0x1D, 0x3D, 0x0C, 0xB1, 0xE8, 0xB9, 0xC0, 0xBB,
  0x89, 0xC9, 0x0B, 0x90, 0x01, 0x0B, 0x78, 0x00,
  0x08, 0x0A, 0xC8, 0xEB, 0xFA, 0xCC, 0xBD, 0xBB,
  0xDB, 0xCB, 0xCB, 0xCB, 0xBC, 0xAC, 0xAA, 0xBA,
  0xB9, 0xAA, 0x98, 0x21, 0x63, 0x55, 0x34, 0x44,
  0x33, 0x53, 0x24, 0x23, 0x32, 0x32, 0x22, 0x11,
  0x00, 0x09, 0xAA, 0xCB, 0xBC, 0xCA, 0xBC, 0xAC,
  0x9A, 0xAA, 0xAA, 0xAA, 0x9A, 0xB9, 0xAA, 0xAA,
  0xAB, 0xBB, 0x0F, 0x90, 0xA9, 0x19, 0xA1, 0x02,
  0xF1, 0x89, 0x0D, 0x0C, 0xB8, 0xBC, 0xBC, 0xBA,
  0xCB, 0x9C, 0x98, 0xC9, 0x40, 0x13, 0x27, 0x23,
  0x53, 0x43, 0x43, 0x35, 0x22, 0x33, 0x12, 0x20,
  0x0B, 0x8D, 0xCC, 0xCC, 0xCB, 0xDB, 0xBD, 0xBC,
  0xBB, 0xCB, 0xCA, 0xBB, 0xBB, 0xBB, 0x9A, 0x80,
  0x14, 0x36, 0x43, 0x44, 0x34, 0x24, 0x22, 0x32,
  0x32, 0x21, 0x21, 0x18, 0x00, 0x90, 0x98, 0x0A,
  0x00, 0x82, 0x13, 0x43, 0x54, 0x25, 0x14, 0x21,
  0x21, 0x30, 0x30, 0x11, 0x99, 0x9C, 0x9C, 0xBB,
  0xDB, 0xCB, 0xAD, 0xAB, 0xBB, 0xDC, 0x9C, 0x9C,
  0x9B, 0xBA, 0xCA, 0x9B, 0x9A, 0x99, 0x01, 0x12,
  0x62, 0x45, 0x24, 0x34, 0x42, 0x41, 0x41, 0x22,
  0x22, 0x11, 0x00, 0xBB, 0xBF, 0xCC, 0xCB, 0xDB,
  0xCB, 0xCC, 0xBB, 0xCB, 0xCB, 0xBB, 0xBB, 0xCA,
  0x9A, 0x89, 0x03, 0x35, 0x45, 0x34, 0x43, 0x43,
  0x33, 0x43, 0x33, 0x33, 0x23, 0x22, 0x11, 0x18,
  0x89, 0x9A, 0xC9, 0xCB, 0xAB, 0xCC, 0x9B, 0xAC,
  0xB9, 0xBD, 0xAA, 0xCA, 0xAD, 0x9B, 0xAB, 0xBB,
  0xDA, 0xBB, 0xBB, 0xCB, 0xBB, 0xBC, 0xC8, 0xB9,
  0x99, 0x88, 0x03, 0x14, 0x72, 0x34, 0x43, 0x43,
  0x52, 0x34, 0x24, 0x23, 0x33, 0x43, 0x34, 0x23,
  0x24, 0x22, 0x12, 0x21, 0x00, 0x8B, 0xCB, 0xFB,
  0xCC, 0xCB, 0xDB, 0xBD, 0xBB, 0xCB, 0xCB, 0xBC,
  0xAB, 0xBB, 0xAB, 0xAA, 0x80, 0x03, 0x45, 0x44,
  0x34, 0x43, 0x43, 0x34, 0x32, 0x42, 0x12, 0x21,
  0x12, 0x00, 0x80, 0x98, 0xAA, 0xAC, 0xAC, 0x9D,
  0x99, 0xAA, 0xAA, 0xAA, 0x9B, 0xB8, 0xB9, 0xBA,
  0x99, 0xB0, 0x0B, 0x40, 0x03, 0xB7, 0x12, 0x88,
  0x18, 0xA8, 0xAB, 0xDF, 0x9A, 0xBB, 0xCB, 0x9B,
  0xC8, 0xBC, 0x0C, 0x0A, 0x98, 0x91, 0xB1, 0x21,
  0xA2, 0xD7, 0x09, 0x28, 0xA8, 0xBB, 0xDD, 0xCD,
  0xBC, 0xCC, 0xBC, 0xCC, 0xBB, 0xDA, 0xCB, 0xBB,
  0xDB, 0xAB, 0xCA, 0xAA, 0xA9, 0xA0, 0x01, 0x25,
  0x54, 0x35, 0x34, 0x43, 0x34, 0x34, 0x23, 0x33,
  0x33, 0x32, 0x22, 0x11, 0x00, 0x99, 0xAC, 0xBC,
  0xBB, 0xDA, 0xBB, 0xBB, 0xBB, 0xBC, 0x9A, 0x9B,
  0x89, 0xB9, 0x9A, 0xAA, 0xAF, 0x0A, 0xA8, 0xB2,
  0xC9, 0x09, 0xAD, 0x09, 0xD9, 0xDA, 0xAD, 0xBB,
  0xAD, 0xAA, 0xA0, 0xC9, 0xA0, 0x80, 0x4A, 0x41,
  0x33, 0x42, 0x52, 0x52, 0x35, 0x33, 0x35, 0x33,
  0x34, 0x32, 0x33, 0x02, 0x9A, 0xBF, 0xBE, 0xCB,
  0xCC, 0xCB, 0xBD, 0xAC, 0xAB, 0xBB, 0xCB, 0xAB,
  0xBA, 0xB9, 0x98, 0x02, 0x25, 0x35, 0x44, 0x33,
  0x53, 0x33, 0x33, 0x43, 0x13, 0x12, 0x20, 0x10,
  0x00, 0x91, 0x81, 0x81, 0x13, 0x15, 0x25, 0x22,
  0x61, 0x22, 0x33, 0x23, 0x25, 0x21, 0x22, 0x12,
  0x11, 0x1B, 0x1A, 0xBD, 0xCC, 0xBD, 0xCA, 0xC9,
  0xCB, 0xBA, 0xBD, 0xAA, 0xC9, 0xA9, 0xAA, 0xA9,
  0x89, 0x1A, 0x21, 0x14, 0x53, 0x53, 0x44, 0x35,
  0x33, 0x43, 0x42, 0x23, 0x12, 0x28, 0x8A, 0xCB,
  0xFC, 0xBE, 0xBB, 0xDB, 0xCB, 0xBD, 0xAC, 0xAB,
  0xBB, 0xBC, 0xAB, 0x9A, 0xA8, 0x81, 0x23, 0x63,
  0x54, 0x34, 0x34, 0x34, 0x33, 0x42, 0x33, 0x24,
  0x12, 0x21, 0x11, 0x08, 0x08, 0x9A, 0xAA, 0xCA,
  0xCA, 0xCA, 0xAB, 0xBC, 0xBA, 0xCA, 0xCA, 0xBB,
  0xBA, 0xCB, 0xBC, 0xBA, 0xCB, 0xAC, 0xBA, 0xCB,
  0xBC, 0xAC, 0xAA, 0xBA, 0x9B, 0x88, 0x10, 0x52,
  0x63, 0x26, 0x24, 0x32, 0x43, 0x42, 0x33, 0x43,
  0x34, 0x33, 0x43, 0x34, 0x33, 0x24, 0x21, 0x20,
  0x08, 0x9C, 0xCB, 0xFA, 0xCB, 0xCB, 0xDB, 0xBC,
  0xBB, 0xDA, 0xBB, 0xBC, 0xAB, 0xAB, 0xAA, 0xA9,
  0x00, 0x23, 0x73, 0x44, 0x43, 0x43, 0x43, 0x33,
  0x42, 0x33, 0x22, 0x22, 0x11, 0x10, 0x88, 0x8A,
  0xAC, 0x9B, 0xD9, 0xBC, 0x9A, 0xBB, 0x9C, 0x9A,
  0xAA, 0x89, 0xA0, 0x90, 0xB2, 0x08, 0x08, 0x18,
  0x23, 0x99, 0x0D, 0x08, 0xF1, 0xC0, 0x99, 0x9A,
  0x91, 0x9B, 0x1F, 0x9A, 0xAD, 0xD8, 0xCB, 0x9D,
  0x0B, 0xB1, 0xC0, 0xA0, 0x00, 0x30, 0x35, 0x28,
  0x14, 0xD8, 0xAF, 0xAD, 0xAD, 0xBD, 0xBC, 0xBC,
  0xCA, 0xCA, 0xBC, 0xAB, 0xBB, 0xBC, 0x9B, 0xA9,
  0xA8, 0x91, 0x15, 0x34, 0x54, 0x34, 0x43, 0x44,
  0x33, 0x34, 0x33, 0x34, 0x22, 0x22, 0x11, 0x01,
  0x08, 0x99, 0xAA, 0xBB, 0xCC, 0xAB, 0xBB, 0xBE,
  0x8B, 0x9A, 0xA9, 0xA9, 0xAA, 0x9A, 0x8A, 0x89,
  0xE2, 0xC8, 0x9A, 0x0C, 0x8C, 0xA9, 0xAB, 0xB9,
  0xFD, 0x1A, 0x9A, 0x8B, 0xC8, 0xC9, 0x99, 0xAA,
  0x8B, 0x8B, 0x80, 0x12, 0x73, 0x73, 0x43, 0x44,
  0x34, 0x34, 0x24, 0x22, 0x22, 0x20, 0x18, 0x89,
  0xDB, 0xCD, 0xCA, 0xDB, 0xCA, 0xDA, 0xBC, 0xBB,
  0xCB, 0xBB, 0xCA, 0xBB, 0xAA, 0xA8, 0x80, 0x13,
  0x44, 0x44, 0x43, 0x35, 0x23, 0x33, 0x34, 0x22,
  0x32, 0x12, 0x11, 0x20, 0x00, 0x19, 0x10, 0x81,
  0x02, 0x16, 0x23, 0x54, 0x34, 0x33, 0x52, 0x32,
  0x41, 0x22, 0x01, 0x00, 0xA0, 0xBA, 0x8F, 0x99,
  0xAB, 0xB0, 0xF9, 0x9A, 0x9C, 0x9C, 0xAB, 0xBC,
  0xBC, 0xAA, 0xC9, 0xA9, 0x89, 0x02, 0x17, 0x14,
  0x24, 0x33, 0x52, 0x42, 0x23, 0x24, 0x12, 0x21,
  0x10, 0x9A, 0xBF, 0x9E, 0xBC, 0xCB, 0xCB, 0xDB,
  0xBC, 0xBB, 0xCB, 0xCA, 0xBB, 0xBB, 0xBA, 0xB9,
  0x99, 0x03, 0x36, 0x44, 0x43, 0x53, 0x35, 0x23,
  0x42, 0x32, 0x33, 0x23, 0x23, 0x12, 0x11, 0x00,
  0x88, 0xA8, 0xBA, 0xCB, 0xAC, 0xBB, 0xCC, 0x9B,
  0xBC, 0xBB, 0xDA, 0xCA, 0xBC, 0xBC, 0xBB, 0xCB,
  0xBD, 0xAA, 0xCA, 0xAB, 0xBB, 0xAC, 0xA9, 0xAA,
  0x98, 0x08, 0x13, 0x17, 0x41, 0x53, 0x34, 0x43,
  0x43, 0x43, 0x42, 0x51, 0x24, 0x12, 0x23, 0x22,
  0x32, 0x12, 0x11, 0x88, 0x9A, 0xBF, 0xBD, 0xBE,
  0xAC, 0xBC, 0xBC, 0xBC, 0xBB, 0xCB, 0xBB, 0xCA,
  0xBA, 0xBA, 0xAA, 0x89, 0x02, 0x35, 0x53, 0x53,
  0x44, 0x33, 0x43, 0x33, 0x42, 0x23, 0x22, 0x21,
  0x21, 0x00, 0x08, 0x88, 0x99, 0xAB, 0x9C, 0xBB,
  0xAC, 0xCA, 0xCA, 0xAC, 0x9B, 0xB9, 0xB9, 0xBA,
  0x89, 0x81, 0x89, 0x70, 0x03, 0x00, 0x12, 0xB4,
  0xC2, 0xAB, 0x3F, 0x3C, 0x00, 0xC0, 0x89, 0xBA,
  0xA9, 0xE9, 0x9C, 0x09, 0xA8, 0x2A, 0x24, 0x15,
  0x28, 0x61, 0x10, 0x10, 0x99, 0xF9, 0xDB, 0xDA,
  0xDC, 0xAC, 0xBC, 0xBC, 0xBC, 0xBB, 0xCB, 0xCA,
  0xBB, 0xCA, 0xAA, 0xAA, 0x98, 0x81, 0x23, 0x73,
  0x53, 0x53, 0x35, 0x33, 0x43, 0x42, 0x33, 0x23,
  0x32, 0x31, 0x31, 0x11, 0x08, 0x89, 0x8A, 0xBA,
  0xCC, 0x9C, 0xAB, 0xAB, 0xC8, 0xBA, 0xAA, 0xBA,
  0x9D, 0x0B, 0x9A, 0x8C, 0xA0, 0xC8, 0xC9, 0x92,
  0xCD, 0x0C, 0x8B, 0xA9, 0xD9, 0xCA, 0xAB, 0xBD,
  0xAA, 0xBC, 0x99, 0xB9, 0x09, 0x83, 0x14, 0x53,
  0x52, 0x62, 0x33, 0x62, 0x33, 0x35, 0x23, 0x32,
  0x41, 0x11, 0x10, 0xAB, 0xAF, 0xCB, 0xDB, 0xCC,
  0xBC, 0xBB, 0xCB, 0xCB, 0xBB, 0xBC, 0xAA, 0xAA,
  0xA9, 0x80, 0x11, 0x43, 0x54, 0x33, 0x53, 0x33,
  0x42, 0x33, 0x22, 0x33, 0x22, 0x22, 0x02, 0x11,
  0x21, 0x11, 0x21, 0x21, 0x33, 0x24, 0x78, 0x31,
  0x33, 0x33, 0x52, 0x17
};

#endif // End of _MUTED_GUITAR22K16BM_H
