#ifndef _DC16K16B1C_H
#define _DC16K16B1C_H

#define DC16K16B1C_LITTLE_ENDIAN
#include <stdint.h>

#define DC16K16B1C_PB_FMT Mode_mono
#define DC16K16B1C_SZ 22174

const uint16_t dc16k16b1c[ DC16K16B1C_SZ ] =
{
  0x0002, 0x0001, 0xFFFE, 0x0001,  0x0000, 0x0001, 0x0000, 0x0005,
  0xFFFF, 0x0005, 0xFFFF, 0x0004,  0xFFFF, 0x0006, 0xFFFF, 0x0003,
  0xFFFD, 0x0004, 0xFFFE, 0x0004,  0xFFFF, 0x0000, 0x0001, 0xFFFF,
  0x0005, 0xFFFF, 0x0006, 0xFFFC,  0x0007, 0xFFFD, 0x0004, 0x0001,
  0xFFFF, 0x0004, 0xFFFD, 0x0003,  0xFFFD, 0x0002, 0x0002, 0x0001,
  0x0003, 0x0000, 0x0000, 0x0000,  0x0000, 0xFFFE, 0xFFFF, 0x0002,
  0xFFFF, 0xFFFE, 0x0002, 0xFFFC,  0x0002, 0xFFFE, 0x0000, 0x0002,
  0xFFFE, 0x0003, 0xFFFC, 0x0005,  0xFFFC, 0x0004, 0xFFFE, 0x0001,
  0x0001, 0xFFFE, 0x0003, 0xFFFD,  0x0004, 0xFFFD, 0x0001, 0x0000,
  0x0000, 0xFFFF, 0x0001, 0x0000,  0x0004, 0x0000, 0x0002, 0x0001,
  0x0002, 0x0001, 0x0004, 0x0002,  0x0005, 0x0004, 0x0002, 0xFFFE,
  0x0002, 0xFFFD, 0x0005, 0xFFFE,  0x0000, 0x0003, 0xFFFE, 0x0003,
  0xFFFF, 0x0004, 0xFFFF, 0x0004,  0x0001, 0x0002, 0x0003, 0xFFFE,
  0x0002, 0x0000, 0x0002, 0x0002,  0xFFFF, 0x0003, 0xFFFF, 0x0001,
  0x0001, 0x0001, 0x0001, 0xFFFE,  0x0003, 0x0000, 0x0004, 0xFFFC,
  0x0001, 0xFFFE, 0x0004, 0x0002,  0x0000, 0x0007, 0xFFFE, 0x0003,
  0x0001, 0x0002, 0x0001, 0x0003,  0x0003, 0x0001, 0x0004, 0x0003,
  0x0003, 0x0003, 0x0002, 0x0003,  0x0002, 0x0003, 0x0001, 0x0003,
  0x0001, 0x0000, 0x0002, 0xFFFF,  0x0000, 0x0001, 0xFFFF, 0x0002,
  0xFFFE, 0x0003, 0xFFFF, 0xFFFE,  0x0002, 0xFFFB, 0x0006, 0xFFF7,
  0x0002, 0xFFFB, 0x0001, 0xFFFF,  0xFFFF, 0x0002, 0xFFFC, 0x0000,
  0xFFFF, 0x0000, 0xFFFE, 0x0003,  0xFFFC, 0x0003, 0x0000, 0xFFFF,
  0x0003, 0xFFFF, 0x0000, 0x0002,  0xFFFF, 0x0003, 0xFFFE, 0x0001,
  0xFFFF, 0x0000, 0x0001, 0xFFFE,  0x0000, 0x0002, 0xFFFE, 0x0001,
  0xFFFF, 0x0001, 0x0001, 0xFFFF,  0x0002, 0xFFFF, 0x0005, 0xFFFE,
  0x0000, 0x0001, 0xFFFF, 0x0003,  0xFFFD, 0x0002, 0x0000, 0x0001,
  0x0006, 0xFFFE, 0x0000, 0x0001,  0xFFFE, 0x0002, 0xFFFE, 0x0004,
  0xFFFD, 0x0000, 0xFFFF, 0xFFFF,  0xFFFD, 0x0001, 0xFFFB, 0x0002,
  0xFFF9, 0x0001, 0xFFFC, 0x0000,  0xFFFC, 0xFFFE, 0xFFFD, 0xFFFC,
  0xFFFE, 0xFFFA, 0xFFFF, 0xFFFC,  0xFFFC, 0xFFFC, 0xFFFA, 0x0001,
  0xFFFA, 0x0001, 0xFFFD, 0x0000,  0x0000, 0x0000, 0x0000, 0xFFFD,
  0xFFFE, 0xFFFE, 0x0002, 0xFFFF,  0xFFFF, 0x0002, 0xFFFE, 0x0003,
  0x0000, 0x0002, 0xFFFF, 0x0001,  0x0000, 0x0000, 0x0000, 0x0001,
  0xFFFF, 0x0002, 0xFFFE, 0x0001,  0xFFFD, 0x0004, 0xFFFB, 0x0003,
  0xFFFD, 0x0000, 0xFFFF, 0x0000,  0xFFFE, 0xFFFF, 0xFFFF, 0x0004,
  0x0002, 0xFFFE, 0x0000, 0xFFFE,  0xFFFF, 0xFFFE, 0x0000, 0x0002,
  0x0003, 0xFFFF, 0x0002, 0x0001,  0x0003, 0x0003, 0x0001, 0x0002,
  0xFFFE, 0x0003, 0x0000, 0x0004,  0xFFFE, 0x0001, 0x0003, 0x0001,
  0x0007, 0x0004, 0x0001, 0x0004,  0x0003, 0x0001, 0x0000, 0x0002,
  0xFFFB, 0x0004, 0xFFFC, 0x0001,  0xFFFD, 0x0001, 0xFFFF, 0xFFFE,
  0x0000, 0xFFFF, 0x0001, 0x0002,  0xFFFF, 0x0003, 0xFFFD, 0x0006,
  0xFFFE, 0x0002, 0x0000, 0xFFFF,  0x0002, 0xFFFE, 0x0002, 0xFFFF,
  0x0001, 0x0002, 0xFFFE, 0x0002,  0x0000, 0xFFFE, 0x0004, 0xFFFD,
  0x0003, 0xFFFF, 0x0002, 0x0001,  0x0005, 0x0001, 0x0003, 0xFFFF,
  0x0000, 0x0001, 0x0000, 0x0002,  0x0000, 0x0002, 0xFFFE, 0x0005,
  0x0001, 0x0002, 0x0001, 0xFFFE,  0x0005, 0xFFFE, 0x0001, 0x0002,
  0xFFFC, 0x0003, 0xFFFC, 0xFFFF,  0xFFFB, 0x0001, 0xFFFC, 0xFFFB,
  0xFFFF, 0xFFFA, 0xFFFF, 0xFFFB,  0xFFFC, 0xFFFE, 0xFFF8, 0xFFFF,
  0xFFF7, 0xFFFF, 0xFFF9, 0xFFFD,  0xFFFC, 0xFFFD, 0xFFFC, 0xFFFC,
  0xFFFB, 0xFFFF, 0xFFFA, 0xFFFE,  0xFFFA, 0xFFFA, 0xFFFD, 0x0001,
  0xFFFE, 0xFFFE, 0x0000, 0xFFFC,  0x0001, 0xFFFD, 0x0000, 0x0001,
  0xFFFE, 0x0002, 0x0001, 0xFFFF,  0x0003, 0x0000, 0x0003, 0xFFFF,
  0x0003, 0xFFFF, 0x0003, 0x0002,  0xFFFF, 0x0004, 0xFFFF, 0x0007,
  0x0003, 0x0005, 0x0003, 0x0005,  0x0005, 0x0002, 0x0006, 0x0006,
  0x0003, 0x0004, 0x0006, 0x0002,  0x0007, 0x0001, 0x0007, 0x0001,
  0x0009, 0xFFFF, 0x0005, 0x0001,  0x0005, 0xFFFD, 0x0007, 0x0003,
  0x0004, 0x0002, 0x0001, 0xFFFF,  0x0005, 0xFFFF, 0x0003, 0x0002,
  0x0000, 0x0001, 0x0003, 0xFFFF,  0x0003, 0x0003, 0xFFFF, 0x0001,
  0x0000, 0x0001, 0x0001, 0x0003,  0xFFFE, 0x0003, 0xFFFE, 0x0002,
  0xFFFF, 0xFFFF, 0x0000, 0xFFFE,  0x0002, 0xFFFE, 0xFFFE, 0xFFFE,
  0x0002, 0xFFFE, 0x0002, 0xFFFE,  0x0002, 0x0001, 0xFFFF, 0xFFFF,
  0xFFFC, 0xFFFF, 0x0001, 0xFFFE,  0x0000, 0xFFFF, 0xFFFE, 0x0001,
  0x0002, 0xFFFF, 0x0001, 0x0002,  0x0002, 0x0005, 0x0002, 0x0005,
  0xFFFD, 0x0005, 0x0000, 0x0002,  0xFFFD, 0x0005, 0xFFFD, 0x0004,
  0xFFFD, 0x0002, 0xFFFC, 0x0003,  0x0001, 0xFFFF, 0xFFFE, 0x0002,
  0xFFFD, 0x0002, 0xFFFF, 0x0004,  0xFFFC, 0x0006, 0x0000, 0xFFFE,
  0x0002, 0xFFFE, 0x0003, 0xFFFE,  0x0000, 0x0002, 0xFFFE, 0x0002,
  0x0007, 0x0000, 0x0001, 0x0003,  0x0001, 0xFFFF, 0x0004, 0x0009,
  0xFFFF, 0x0003, 0x0006, 0x0004,  0xFFFF, 0x0002, 0x0002, 0x0008,
  0xFFFA, 0xFFFE, 0xFFFB, 0x0003,  0x000A, 0xFFF8, 0x0003, 0xFFFA,
  0xFFF8, 0xFFFF, 0x0006, 0xFFFA,  0x0002, 0x0008, 0x0000, 0xFFF8,
  0x0001, 0x0001, 0xFFFD, 0x0000,  0x0004, 0xFFF7, 0x0000, 0x0001,
  0x0009, 0xFFFA, 0x0001, 0xFFFD,  0xFFF7, 0x0008, 0x000A, 0xFFF4,
  0xFFF6, 0x0011, 0xFFF7, 0xFFFC,  0x0004, 0x000D, 0xFFE5, 0x0008,
  0x000E, 0xFFF5, 0xFFEC, 0xFFF1,  0x0005, 0xFFF6, 0x0000, 0xFFF4,
  0x0006, 0x0009, 0xFFEF, 0xFFF5,  0x002C, 0xFFDD, 0xFFF6, 0xFFFB,
  0x0017, 0xFFEA, 0x0006, 0xFFFC,  0xFFDD, 0x0009, 0xFFFC, 0x0003,
  0xFFE5, 0x0022, 0xFFEF, 0xFFF6,  0xFFEC, 0x002D, 0x0004, 0xFFE5,
  0x0010, 0x0008, 0xFFF1, 0x0007,  0x0016, 0xFFE2, 0xFFFC, 0x0001,
  0x0022, 0xFFEF, 0xFFEC, 0xFFE5,  0x002F, 0x0002, 0xFFD7, 0x002E,
  0x000F, 0x0004, 0xFFD8, 0x0017,  0x000A, 0x000F, 0xFFDB, 0xFFFF,
  0x000B, 0xFFDF, 0x0000, 0x0022,  0xFFE3, 0xFFC6, 0x0024, 0x001E,
  0x000E, 0xFFC5, 0x003B, 0x000E,  0x000A, 0xFFE4, 0x003D, 0xFFF6,
  0xFFC4, 0x0014, 0xFFE5, 0x001D,  0xFFE3, 0x0025, 0xFFAC, 0x0021,
  0x0042, 0xFFEB, 0xFFFE, 0x0021,  0x001F, 0xFFFF, 0xFFEB, 0x000F,
  0x0018, 0xFFF6, 0xFF9C, 0xFFDD,  0x0076, 0xFFE9, 0xFFD4, 0xFFF2,
  0x0041, 0xFFE1, 0x0021, 0x0008,  0xFF9A, 0x0011, 0x0046, 0x0024,
  0xFFB0, 0x0004, 0x003D, 0xFFBE,  0x0008, 0x001B, 0x0009, 0xFFCE,
  0x0007, 0x004E, 0xFFA6, 0xFFEB,  0x000B, 0x0033, 0xFFB4, 0x0007,
  0xFF6D, 0x0059, 0x002E, 0x0005,  0xFFFA, 0xFFAE, 0x00FD, 0xFFEC,
  0x0018, 0xFF8A, 0x0022, 0x0027,  0xFFB5, 0x0092, 0xFF8F, 0x00AB,
  0x0028, 0x000E, 0x0088, 0xFF8B,  0x00E6, 0x006A, 0x008C, 0xFECA,
  0x008C, 0x0001, 0x001D, 0xFF63,  0xFFCD, 0x00B4, 0x0010, 0x008A,
  0xFF8C, 0xFF3B, 0xFF78, 0x0194,  0xFF5D, 0x0173, 0xFF91, 0xFFA2,
  0x0083, 0xFF41, 0x0055, 0x0086,  0x00E8, 0xFF21, 0x0141, 0x00C2,
  0xFFB9, 0x01C8, 0xFB6A, 0x017D,  0x00AC, 0xFE11, 0x0368, 0xFDE3,
  0x02B1, 0xFD72, 0x0154, 0x00EC,  0xFC6F, 0x078C, 0xFD3C, 0xFCD3,
  0x05D6, 0xFFEE, 0xFD84, 0x03AE,  0x03BD, 0x0117, 0x00AD, 0x0859,
  0xFB49, 0xFCEE, 0x05D0, 0xFB1B,  0x06F5, 0xFAFE, 0xFA83, 0x08B3,
  0xFEB2, 0xFE3A, 0x0908, 0x07D1,  0xE864, 0xF2D0, 0x0D2D, 0xFFFD,
  0xF6E3, 0xEFC3, 0x08E4, 0x092E,  0x0C1C, 0xF560, 0xFCDF, 0x079F,
  0xFC52, 0x027A, 0xFBA0, 0x0E37,  0xFACB, 0x0036, 0xFCC9, 0x00E6,
  0x08DB, 0x0168, 0xFAA0, 0x0C1F,  0xFC49, 0xF960, 0x06A7, 0x02CD,
  0x0A22, 0xF7EF, 0xFD1B, 0xFD52,  0x075B, 0x0066, 0xFE69, 0x08AF,
  0x07DE, 0x015B, 0xF8F6, 0xFB78,  0xFCD0, 0x05D0, 0x0638, 0x047F,
  0x1255, 0x0A48, 0x0CB6, 0x0E7C,  0x0AD9, 0x133A, 0x0CA4, 0x130B,
  0x0598, 0xF3ED, 0x0096, 0xF0FB,  0xF455, 0xFBE5, 0xF7D4, 0xF71B,
  0xF90B, 0xF9E1, 0xF550, 0xEC32,  0xE94A, 0xF5F2, 0xF2D4, 0xF60A,
  0xF7F6, 0xF524, 0xF010, 0xF59D,  0xFAA7, 0xF083, 0xF9EB, 0x0CA0,
  0xF7C8, 0x0BFB, 0xF358, 0x01FF,  0x0AC4, 0xEFD8, 0x03F6, 0x04FB,
  0x0A0E, 0xFB72, 0x0369, 0x02BD,  0x03A7, 0xFA79, 0x03EA, 0xFE68,
  0x0222, 0x0569, 0xFB1F, 0xF749,  0x01BD, 0xFB17, 0xF4B0, 0xFC25,
  0x026A, 0xFEAE, 0xF77C, 0x040F,  0xF834, 0xFC71, 0x0059, 0xF720,
  0xFFF3, 0x092F, 0xF5AD, 0x0C53,  0xFA19, 0x0286, 0x00F8, 0xFB6C,
  0x09CA, 0xFD27, 0x09EC, 0x0229,  0x08D8, 0xFBDD, 0x07DD, 0x0158,
  0x0069, 0x07E6, 0x036D, 0x0731,  0xFF22, 0x01C7, 0x03F9, 0xFCF8,
  0xFE7D, 0x0524, 0xFEEA, 0x0159,  0xFD6B, 0x0238, 0xFB3B, 0x0086,
  0x0158, 0xFAB4, 0xFF2E, 0x01DD,  0xFF47, 0x020F, 0xFE1E, 0xFD5A,
  0x069C, 0xFBA8, 0x0638, 0x0329,  0x0046, 0x0388, 0x03AC, 0x0240,
  0x0033, 0x03E2, 0x05BB, 0x051A,  0x02E9, 0x0586, 0x0281, 0x0193,
  0x084D, 0xFEDB, 0x0895, 0x028C,  0x044C, 0x037F, 0xFCA6, 0x082A,
  0xF8B7, 0x0B3E, 0xFED9, 0x0508,  0x0426, 0xFFDA, 0xFFBF, 0xFCAE,
  0xFEB9, 0xF4EB, 0x0496, 0xFD58,  0x08C3, 0xFE85, 0xF901, 0xFC77,
  0xF5DA, 0xF5E5, 0x02E6, 0x026E,  0xF858, 0xFBA6, 0xFB16, 0x0019,
  0xF049, 0xF8C9, 0xF366, 0xFA96,  0x02B0, 0xF419, 0xFE89, 0xF5CA,
  0xF95C, 0xFC0C, 0xF617, 0x057C,  0xFF5B, 0xFB2D, 0x0021, 0xFD28,
  0x02B5, 0xF8A8, 0x029B, 0xFF62,  0x036F, 0x0589, 0x0327, 0x028D,
  0xFCC2, 0x03E0, 0x0698, 0x0CD8,  0x03E8, 0x0C07, 0x065F, 0x08AD,
  0x08D8, 0x07F9, 0x09B9, 0x0B42,  0x0C93, 0x0CC3, 0x0CD6, 0x07F0,
  0x0D52, 0x0552, 0x091E, 0x0958,  0x0B28, 0x0E66, 0x0B40, 0x0B87,
  0x0A72, 0x0489, 0x0029, 0xFC1E,  0xFC4B, 0xFCFE, 0xFEBF, 0xFD99,
  0xFAA1, 0xF6E2, 0xF279, 0xED00,  0xE85F, 0xEA28, 0xE9F3, 0xED48,
  0xE9E9, 0xEA68, 0xE523, 0xE25E,  0xDE80, 0xE145, 0xE391, 0xE47C,
  0xE9DE, 0xE840, 0xEE0E, 0xED59,  0xF152, 0xF44A, 0xF7B9, 0xFB44,
  0x0402, 0x07A5, 0x0EBA, 0x125D,  0x1312, 0x1B8A, 0x1BC8, 0x2168,
  0x2305, 0x263D, 0x2855, 0x2A1F,  0x2BD7, 0x2E8F, 0x2CC1, 0x2BBF,
  0x295E, 0x2554, 0x25DD, 0x214C,  0x208D, 0x1CF5, 0x1A2F, 0x17A0,
  0x1332, 0x1174, 0x0956, 0x0329,  0xFCF5, 0xF92E, 0xF8FC, 0xF6F3,
  0xF510, 0xEEB1, 0xE922, 0xE36A,  0xDFD0, 0xDCB8, 0xDA4B, 0xD9FC,
  0xD94F, 0xD76C, 0xD526, 0xCFED,  0xCD9B, 0xCDD1, 0xCCB4, 0xD001,
  0xD073, 0xD584, 0xD8A9, 0xDCEA,  0xE128, 0xE401, 0xEA3B, 0xEFF9,
  0xF848, 0xFD21, 0x03E2, 0x0912,  0x1006, 0x134A, 0x1974, 0x1E43,
  0x214D, 0x260A, 0x28D4, 0x2CDC,  0x2E58, 0x2FF3, 0x3200, 0x32DD,
  0x319C, 0x32B3, 0x2E7A, 0x2CAF,  0x2793, 0x2415, 0x1FDD, 0x1B7F,
  0x1906, 0x1376, 0x0F00, 0x0AB9,  0x03E4, 0xFEF7, 0xFC8F, 0xFCA6,
  0xFA6C, 0xF494, 0xF305, 0xED73,  0xEDEA, 0xEC02, 0xEA85, 0xE912,
  0xE5FB, 0xE5B4, 0xE4CB, 0xE1EB,  0xE177, 0xDBE5, 0xD8E0, 0xD6E9,
  0xD4F9, 0xD54E, 0xCF88, 0xCD71,  0xCBAD, 0xCD6C, 0xD296, 0xD6A5,
  0xDEA5, 0xE687, 0xE90C, 0xEFD7,  0xF1B3, 0xF971, 0xFDA9, 0x0421,
  0x0DF0, 0x14EA, 0x1DEA, 0x2382,  0x27E7, 0x2936, 0x2997, 0x2A88,
  0x2C1A, 0x2CA8, 0x3100, 0x317F,  0x32E2, 0x306E, 0x2EE4, 0x295C,
  0x2205, 0x1D71, 0x18CE, 0x15B1,  0x12A9, 0x0F3D, 0x0B3D, 0x074F,
  0x02FA, 0xFE6B, 0xF950, 0xF951,  0xF71B, 0xF7B6, 0xF87F, 0xF8F3,
  0xF741, 0xF474, 0xF148, 0xEF49,  0xED9B, 0xED25, 0xEADD, 0xE84D,
  0xE661, 0xE184, 0xDCE7, 0xD7AD,  0xD3C4, 0xD037, 0xCE70, 0xCD3F,
  0xCDCD, 0xCE66, 0xD330, 0xD5D7,  0xDE26, 0xE451, 0xE977, 0xED65,
  0xF2AA, 0xFCFB, 0x023D, 0x09DE,  0x1086, 0x196C, 0x20FC, 0x2643,
  0x2A30, 0x2B2C, 0x2C0E, 0x2C91,  0x2C3D, 0x2E3E, 0x2E1B, 0x2E85,
  0x2CAD, 0x2C01, 0x29A2, 0x23A0,  0x1DD3, 0x1778, 0x12E5, 0x0D6E,
  0x0A60, 0x0785, 0x05BC, 0x0405,  0x01AA, 0xFEAD, 0xFB11, 0xF882,
  0xF626, 0xF610, 0xF711, 0xF8AA,  0xFA90, 0xFC5F, 0xFC6C, 0xF914,
  0xF3F4, 0xEE72, 0xEA47, 0xE582,  0xE29A, 0xDDC8, 0xD991, 0xD7B6,
  0xD44E, 0xD120, 0xCC58, 0xCB5B,  0xCAF1, 0xCA6B, 0xD1C3, 0xD7BB,
  0xE1FA, 0xE6A7, 0xEAAC, 0xF372,  0xF8F0, 0x04CF, 0x05EC, 0x0C8A,
  0x163E, 0x1DDC, 0x275F, 0x2890,  0x2F02, 0x2FAD, 0x2FD4, 0x3086,
  0x2C8C, 0x2D4A, 0x2A8C, 0x2964,  0x267F, 0x24B1, 0x242D, 0x1D6A,
  0x1970, 0x1324, 0x0E17, 0x0929,  0x025B, 0xFF29, 0xFCD8, 0xFCDA,
  0xFC98, 0xFB2B, 0xFC33, 0xFB5E,  0xFC22, 0xFD69, 0xFD2F, 0xFE37,
  0xFCF7, 0xFDC2, 0xFEC7, 0xFDD5,  0xF9DC, 0xF3EF, 0xEF3D, 0xEA72,
  0xE4CA, 0xDE91, 0xD8E1, 0xD3BF,  0xD16C, 0xD04F, 0xCE7A, 0xCE7B,
  0xCD1C, 0xCE94, 0xD290, 0xD851,  0xDEAA, 0xE202, 0xE89F, 0xF09A,
  0xF9DC, 0x0389, 0x0A70, 0x11F6,  0x18D2, 0x202D, 0x277E, 0x2A87,
  0x2DB6, 0x2C5B, 0x2DD7, 0x2E73,  0x2E09, 0x2DF8, 0x2A0B, 0x27C1,
  0x248D, 0x2279, 0x1E6C, 0x18E5,  0x1313, 0x0E22, 0x0A32, 0x07BC,
  0x0322, 0xFEE9, 0xFC56, 0xFC5D,  0xFCC7, 0xFCA0, 0xFBB6, 0xFB01,
  0xFB8D, 0xFBFD, 0xFE43, 0xFD42,  0xFCC6, 0xFB65, 0xFC1A, 0xFC4A,
  0xF95E, 0xF447, 0xEE59, 0xE8F3,  0xE5F5, 0xE1E5, 0xDC7F, 0xD731,
  0xD39C, 0xD340, 0xD1FB, 0xD130,  0xCFF0, 0xD1D8, 0xD6F8, 0xDD2B,
  0xE29B, 0xE868, 0xEC79, 0xF5D4,  0xFCEB, 0x0606, 0x0C49, 0x10FC,
  0x18E5, 0x1E27, 0x25BD, 0x289B,  0x2B65, 0x2CA5, 0x2D88, 0x2E6D,
  0x2D14, 0x2ABA, 0x28C8, 0x24AB,  0x2374, 0x1F00, 0x1B7D, 0x15F1,
  0x10AC, 0x0DAD, 0x086A, 0x0541,  0x003F, 0xFED7, 0xFCBA, 0xFD05,
  0xFD79, 0xFC36, 0xFC4F, 0xFBA9,  0xFCBA, 0xFD82, 0xFCA4, 0xFC7A,
  0xFC85, 0xFD25, 0xFCE6, 0xFBC4,  0xF8D4, 0xF537, 0xF1F6, 0xEDC3,
  0xE95F, 0xE3CA, 0xDD84, 0xD93B,  0xD5FA, 0xD53B, 0xD35F, 0xD338,
  0xD293, 0xD50F, 0xD8DB, 0xDD72,  0xE2B6, 0xE4CE, 0xEC3C, 0xF2E8,
  0xFB53, 0x01C9, 0x0872, 0x0E78,  0x1645, 0x1D35, 0x237F, 0x26B7,
  0x29E0, 0x2AD9, 0x2C41, 0x2C75,  0x2AE0, 0x2A55, 0x2607, 0x2576,
  0x2297, 0x2159, 0x1C9A, 0x191E,  0x134D, 0x0F67, 0x09B7, 0x0524,
  0xFFD5, 0xFC5E, 0xFA8E, 0xFA96,  0xFB2A, 0xFAD3, 0xFC29, 0xFBBA,
  0xFD2B, 0xFB9D, 0xFBEF, 0xF886,  0xF7EF, 0xF52F, 0xF794, 0xF7A4,
  0xF862, 0xF6D6, 0xF4A6, 0xF1E2,  0xEFA6, 0xEB70, 0xE5BE, 0xDF7F,
  0xDA13, 0xD7C7, 0xD43D, 0xD422,  0xD176, 0xD510, 0xD726, 0xDF83,
  0xE50D, 0xEC2B, 0xF088, 0xF8C5,  0xFEBF, 0x062A, 0x0A3D, 0x0DEF,
  0x139B, 0x178F, 0x1F4D, 0x22AC,  0x2837, 0x28CB, 0x2C4C, 0x2C4E,
  0x2DB7, 0x28BA, 0x266E, 0x20C6,  0x1EB7, 0x1A6A, 0x188B, 0x14F5,
  0x0FEB, 0x0F48, 0x0B6D, 0x0AA2,  0x0411, 0xFFFC, 0xFA44, 0xF8AF,
  0xF621, 0xF559, 0xF38B, 0xF4BD,  0xF62E, 0xF9DA, 0xFB8F, 0xFCA5,
  0xFBC2, 0xFB8B, 0xFBD7, 0xFBBE,  0xF9E7, 0xF5E9, 0xF37D, 0xF089,
  0xEF1A, 0xEA55, 0xE6EC, 0xE18E,  0xDEF4, 0xDAAF, 0xD871, 0xD51D,
  0xD635, 0xD5F6, 0xDB65, 0xDFD9,  0xE808, 0xEFB7, 0xF580, 0xFDCD,
  0x0354, 0x0BB5, 0x0D27, 0x11FF,  0x1283, 0x16CB, 0x190D, 0x1C3B,
  0x1F8E, 0x22CD, 0x25F3, 0x2880,  0x2B08, 0x2AB0, 0x27D0, 0x2353,
  0x1FAE, 0x1AF0, 0x16A1, 0x105A,  0x0C57, 0x08DC, 0x07A8, 0x057F,
  0x03CA, 0x01AD, 0xFEF7, 0xFC24,  0xFA77, 0xF6EB, 0xF3B2, 0xF0E4,
  0xF1CA, 0xF484, 0xF64E, 0xF9C4,  0xFB9B, 0x00EE, 0x016B, 0x02E8,
  0xFFC4, 0xFC97, 0xF782, 0xF24B,  0xEE1A, 0xE7FB, 0xE3DD, 0xDED2,
  0xDE21, 0xDB7A, 0xDB21, 0xD8D0,  0xD9EF, 0xDA3A, 0xDE2A, 0xDF79,
  0xE5AB, 0xECD4, 0xF20F, 0xFA4A,  0x004D, 0x0BF3, 0x0E2C, 0x1500,
  0x1704, 0x1AB2, 0x1CA5, 0x1B62,  0x1CDC, 0x1CA1, 0x1DF0, 0x1EEC,
  0x21D8, 0x23EE, 0x2420, 0x23D0,  0x255F, 0x22A4, 0x1E99, 0x160C,
  0x105D, 0x097D, 0x03AB, 0xFE16,  0xF92A, 0xF7E3, 0xF788, 0xFA2D,
  0xFCAF, 0xFD0F, 0xFCA2, 0xFC24,  0xFD09, 0xFC76, 0xF949, 0xF6E1,
  0xF508, 0xF801, 0xF7F3, 0xFAF4,  0xFA9B, 0xFC69, 0xFBCA, 0xFAB4,
  0xF747, 0xF086, 0xEA7E, 0xE29A,  0xDE63, 0xD872, 0xD511, 0xD1B5,
  0xD41D, 0xD779, 0xDEEE, 0xE350,  0xEC9D, 0xF48E, 0xFC49, 0x01DD,
  0x05DA, 0x0B0E, 0x0AA0, 0x0E71,  0x0E18, 0x1259, 0x1285, 0x15FB,
  0x1934, 0x1D70, 0x217E, 0x228A,  0x2634, 0x2627, 0x257E, 0x2166,
  0x1F86, 0x1C2C, 0x1758, 0x128F,  0x0E9C, 0x0BCA, 0x07F1, 0x05D3,
  0x034D, 0x0279, 0x000C, 0xFE5A,  0xFD2D, 0xFB9C, 0xF9B6, 0xF7FC,
  0xF856, 0xF756, 0xF76C, 0xF7A3,  0xF979, 0xFADF, 0xFBB0, 0xFC80,
  0xFD1B, 0xFC20, 0xFA4B, 0xF619,  0xF26A, 0xED11, 0xE8C9, 0xE431,
  0xDF72, 0xDAB9, 0xD706, 0xD51C,  0xD412, 0xD5C9, 0xD86F, 0xDE7F,
  0xE4FE, 0xF091, 0xF63D, 0xFFE1,  0x0533, 0x0C7E, 0x0F38, 0x10D7,
  0x11AF, 0x0F18, 0x115F, 0x0FA4,  0x1380, 0x12AA, 0x18BF, 0x1B4C,
  0x217A, 0x245B, 0x2747, 0x2835,  0x2704, 0x262E, 0x20DE, 0x1DDB,
  0x15BB, 0x11D6, 0x0B45, 0x0810,  0x0406, 0x01BC, 0x0004, 0xFF13,
  0xFFBA, 0xFE06, 0xFDC1, 0xFB2C,  0xFA5D, 0xF835, 0xF6EC, 0xF5EB,
  0xF465, 0xF4CF, 0xF505, 0xF67F,  0xF743, 0xF7F2, 0xF7CA, 0xF602,
  0xF44A, 0xF003, 0xEB8D, 0xE5E9,  0xE141, 0xDD23, 0xDA13, 0xD8A3,
  0xD6EE, 0xD9B4, 0xDC26, 0xE1F2,  0xE727, 0xEE46, 0xF4F3, 0xFB7C,
  0x0178, 0x05C8, 0x0991, 0x0AD0,  0x0D0F, 0x0C67, 0x0E56, 0x0EAF,
  0x10CB, 0x132F, 0x16F5, 0x1BCA,  0x1F9F, 0x23A8, 0x2666, 0x28CE,
  0x28AB, 0x267B, 0x2384, 0x1F0A,  0x19C5, 0x13AA, 0x0F13, 0x0AF0,
  0x06F4, 0x0567, 0x03E0, 0x03B9,  0x0260, 0x01BA, 0x0036, 0xFD9B,
  0xFADE, 0xF7D9, 0xF4FB, 0xF26E,  0xF0A5, 0xEF6D, 0xEFDF, 0xF021,
  0xF125, 0xF292, 0xF274, 0xF24E,  0xF014, 0xEE4D, 0xE9F2, 0xE534,
  0xE1B6, 0xDD9F, 0xDBBC, 0xD93C,  0xDAF6, 0xDC3F, 0xE13E, 0xE56D,
  0xED14, 0xF50B, 0xFA44, 0x012A,  0x04B9, 0x0BF9, 0x0BE5, 0x0E29,
  0x0E7B, 0x0E95, 0x0F9E, 0x0EA0,  0x1145, 0x10AE, 0x146C, 0x16EF,
  0x1B85, 0x1EB5, 0x2045, 0x23F0,  0x2467, 0x260D, 0x226D, 0x1FE1,
  0x1BE1, 0x16E8, 0x1339, 0x0CF9,  0x092F, 0x0360, 0x0212, 0xFFDB,
  0xFE4D, 0xFC24, 0xFA6D, 0xFB08,  0xF942, 0xF9E0, 0xF7CA, 0xF80C,
  0xF66F, 0xF674, 0xF583, 0xF29D,  0xF108, 0xEDBB, 0xED47, 0xE954,
  0xE729, 0xE3D7, 0xE27C, 0xE129,  0xE021, 0xE0B6, 0xDFE4, 0xE28B,
  0xE31B, 0xE77E, 0xE883, 0xEC41,  0xEF96, 0xF452, 0xF8F2, 0xFC4A,
  0x01FC, 0x05C2, 0x0B97, 0x0EB8,  0x1391, 0x14BB, 0x17B8, 0x1937,
  0x19EA, 0x1A00, 0x18FE, 0x1970,  0x18C5, 0x1919, 0x1823, 0x18AC,
  0x18A5, 0x18F0, 0x18CE, 0x1868,  0x175E, 0x1523, 0x137F, 0x10BB,
  0x0CEA, 0x08D7, 0x0525, 0x016F,  0xFD7C, 0xFA06, 0xF7A6, 0xF5DE,
  0xF58B, 0xF667, 0xF762, 0xF8FD,  0xFA28, 0xFB3D, 0xFAEB, 0xF891,
  0xF583, 0xF192, 0xEC1C, 0xE736,  0xE196, 0xDE4C, 0xDA49, 0xD8FD,
  0xD901, 0xDA34, 0xDD96, 0xE019,  0xE661, 0xE9BF, 0xF07D, 0xF395,
  0xF9DB, 0xFE98, 0x0070, 0x0498,  0x061E, 0x0C74, 0x0C27, 0x0FF7,
  0x1225, 0x143C, 0x174E, 0x1751,  0x1A4A, 0x178B, 0x18F3, 0x17F5,
  0x176E, 0x15F7, 0x1266, 0x1384,  0x1179, 0x129D, 0x0FF3, 0x0FD9,
  0x0F87, 0x0E79, 0x0F09, 0x0BD4,  0x0A84, 0x066E, 0x0607, 0x031D,
  0x0044, 0xFD8C, 0xFBCD, 0xFC57,  0xFBB4, 0xFD96, 0xFD7F, 0xFFBB,
  0x00E8, 0x02B0, 0x02B2, 0x002D,  0xFDC3, 0xF94A, 0xF5AE, 0xEE48,
  0xE7B2, 0xE17A, 0xDCC0, 0xD9AD,  0xD625, 0xD6B9, 0xD6BD, 0xDAB1,
  0xDE67, 0xE42F, 0xEA57, 0xEE86,  0xF519, 0xF97E, 0x0047, 0x0233,
  0x0548, 0x08D3, 0x0B84, 0x0EF8,  0x0FAD, 0x1376, 0x1404, 0x164B,
  0x1814, 0x1832, 0x18B8, 0x160C,  0x164F, 0x13F9, 0x120D, 0x0E6E,
  0x0B8A, 0x0B1F, 0x0839, 0x0852,  0x06BA, 0x0797, 0x0721, 0x0808,
  0x0981, 0x07DF, 0x083C, 0x0674,  0x06A8, 0x0446, 0x02D8, 0x01B6,
  0x009A, 0x01ED, 0x01A5, 0x0402,  0x0465, 0x066C, 0x0774, 0x07DC,
  0x07EA, 0x04DA, 0x03A8, 0xFF72,  0xFB7B, 0xF5C3, 0xF02C, 0xEAF5,
  0xE4BB, 0xE1A6, 0xDD48, 0xDBB7,  0xD9C8, 0xDB07, 0xDD16, 0xDEBF,
  0xE274, 0xE53D, 0xEAC4, 0xED12,  0xF21D, 0xF661, 0xFA75, 0xFE06,
  0x013F, 0x071F, 0x0952, 0x0D5F,  0x0FDA, 0x12D8, 0x147F, 0x1530,
  0x1697, 0x1509, 0x14EE, 0x12E0,  0x11B1, 0x102B, 0x0DAF, 0x0C9B,
  0x0B25, 0x0BB5, 0x09FC, 0x0A55,  0x0AF0, 0x0B10, 0x0BBE, 0x0B3C,
  0x0C08, 0x0A38, 0x0A51, 0x088C,  0x072E, 0x0581, 0x0361, 0x0307,
  0x016A, 0x02D2, 0x0244, 0x04A8,  0x0624, 0x0832, 0x09E5, 0x0A88,
  0x0B96, 0x0934, 0x08BA, 0x047C,  0x0079, 0xFAA3, 0xF4CF, 0xEF17,
  0xE810, 0xE470, 0xDEE0, 0xDC6D,  0xD98E, 0xD939, 0xD97D, 0xD92E,
  0xDC64, 0xDD72, 0xE1F5, 0xE30E,  0xE780, 0xEBE8, 0xEF95, 0xF3D2,
  0xF7C7, 0xFEB0, 0x0192, 0x075B,  0x0B41, 0x0FEB, 0x12A9, 0x14F2,
  0x17D3, 0x176D, 0x1820, 0x1703,  0x1732, 0x1620, 0x145A, 0x1393,
  0x1320, 0x1353, 0x11EA, 0x11FE,  0x122A, 0x11D7, 0x119E, 0x10A4,
  0x0FA4, 0x0D9D, 0x0C59, 0x0A94,  0x07FC, 0x058C, 0x0366, 0x0281,
  0x018D, 0x0104, 0x01B7, 0x0317,  0x0527, 0x075A, 0x0A29, 0x0B58,
  0x0BD3, 0x0B78, 0x09A5, 0x065C,  0x0152, 0xFC68, 0xF690, 0xF0AB,
  0xEB29, 0xE532, 0xE092, 0xDBC8,  0xD8C4, 0xD5F3, 0xD498, 0xD404,
  0xD343, 0xD564, 0xD5EF, 0xD93B,  0xDB0C, 0xE013, 0xE46A, 0xE922,
  0xEF1F, 0xF42E, 0xFBFF, 0x0169,  0x0915, 0x0DEF, 0x1429, 0x1913,
  0x1CE5, 0x2067, 0x213D, 0x22B7,  0x2294, 0x221B, 0x2079, 0x1E78,
  0x1D3A, 0x1B34, 0x1A48, 0x1875,  0x16BB, 0x15A5, 0x143E, 0x133A,
  0x1070, 0x0EE3, 0x0C57, 0x0A68,  0x07BF, 0x04D8, 0x0231, 0x0036,
  0xFEF9, 0xFD91, 0xFDAD, 0xFEAF,  0x0038, 0x02C7, 0x052C, 0x06A6,
  0x07FC, 0x084F, 0x07FB, 0x057D,  0x02A5, 0xFE0D, 0xFA09, 0xF4D0,
  0xEFC5, 0xEA2B, 0xE4CC, 0xE031,  0xDBDA, 0xD8DA, 0xD4F6, 0xD2D9,
  0xD0AB, 0xD086, 0xCFB1, 0xD0C6,  0xD29D, 0xD539, 0xDA23, 0xE016,
  0xE686, 0xED0E, 0xF4F4, 0xFE0F,  0x05E7, 0x0DDE, 0x14DD, 0x1ACC,
  0x2053, 0x2447, 0x2787, 0x27F8,  0x28E9, 0x2818, 0x2798, 0x2549,
  0x230A, 0x2044, 0x1E40, 0x1C0F,  0x197A, 0x1733, 0x1567, 0x1444,
  0x1212, 0x10AA, 0x0D81, 0x0B53,  0x0823, 0x056B, 0x01DB, 0xFEB0,
  0xFC74, 0xFA55, 0xF9E2, 0xF968,  0xFA3F, 0xFC28, 0xFE96, 0x01E0,
  0x042B, 0x0714, 0x082E, 0x0911,  0x0870, 0x05BE, 0x01E4, 0xFCDB,
  0xF7CA, 0xF12C, 0xEB2B, 0xE513,  0xDFA3, 0xDB0B, 0xD6E8, 0xD3CD,
  0xD0FD, 0xCFA3, 0xCF29, 0xCEB5,  0xD086, 0xD1F5, 0xD6B8, 0xD9F3,
  0xE0C3, 0xE7AE, 0xEF28, 0xF6CA,  0xFDE7, 0x0842, 0x0E65, 0x1671,
  0x1C1B, 0x220A, 0x25A3, 0x283A,  0x2A6F, 0x298B, 0x290D, 0x26DF,
  0x24F1, 0x2220, 0x1E87, 0x1C16,  0x1918, 0x1780, 0x1464, 0x1246,
  0x10B0, 0x0EB9, 0x0D63, 0x0AEA,  0x094E, 0x0687, 0x04EE, 0x02F9,
  0x009B, 0xFEB9, 0xFDB8, 0xFD8B,  0xFDA0, 0xFDF2, 0xFF39, 0x012A,
  0x03A7, 0x05E5, 0x0770, 0x08FF,  0x09BA, 0x09C9, 0x0885, 0x04FE,
  0x00E1, 0xFB63, 0xF56E, 0xEE98,  0xE789, 0xE1F2, 0xDC1A, 0xD7C2,
  0xD3D3, 0xD0FE, 0xCF95, 0xCE72,  0xCFAC, 0xD043, 0xD2B9, 0xD57D,
  0xD90F, 0xDF0E, 0xE2BE, 0xE9FC,  0xEFBC, 0xF8EE, 0xFEC4, 0x060C,
  0x0E9B, 0x14BF, 0x1CC8, 0x203A,  0x2685, 0x27DB, 0x2A60, 0x2A97,
  0x28D5, 0x2739, 0x22CA, 0x200C,  0x1B69, 0x1756, 0x12E4, 0x0F56,
  0x0DAF, 0x0A9F, 0x0967, 0x07F3,  0x0849, 0x080A, 0x07BA, 0x07D5,
  0x06AB, 0x0715, 0x05C2, 0x05A9,  0x03F4, 0x0394, 0x0347, 0x03D6,
  0x0451, 0x04B3, 0x0680, 0x07EE,  0x0A37, 0x0AAF, 0x0B94, 0x0B52,
  0x0A5E, 0x08C2, 0x050C, 0x010B,  0xFB1E, 0xF5C1, 0xEF5B, 0xE8DB,
  0xE29C, 0xDD80, 0xD9B9, 0xD61C,  0xD387, 0xD1FB, 0xD18C, 0xD1EC,
  0xD292, 0xD389, 0xD5AA, 0xD700,  0xDB3B, 0xDDDF, 0xE441, 0xE83C,
  0xEFA4, 0xF769, 0xFFAE, 0x0840,  0x0E5C, 0x1919, 0x1E45, 0x2550,
  0x27A4, 0x2B4A, 0x2B7F, 0x2977,  0x2783, 0x2247, 0x1E44, 0x1814,
  0x13E2, 0x0F79, 0x0B9C, 0x0958,  0x07EA, 0x093D, 0x09A6, 0x0A65,
  0x0C30, 0x0D34, 0x0EA2, 0x0D7A,  0x0D44, 0x0B12, 0x08F9, 0x0687,
  0x03F3, 0x01A6, 0xFF94, 0xFF9F,  0x007A, 0x0236, 0x048F, 0x07B1,
  0x0B1D, 0x0EEF, 0x10AA, 0x1201,  0x1147, 0x100B, 0x0BF3, 0x06F2,
  0x00E3, 0xF8EE, 0xF1E8, 0xEA83,  0xE437, 0xDD21, 0xD8B0, 0xD54C,
  0xD2D4, 0xD255, 0xD198, 0xD30E,  0xD43E, 0xD6F7, 0xD84C, 0xDA1E,
  0xDC9E, 0xDE26, 0xE0C9, 0xE29B,  0xE7B0, 0xEACC, 0xF173, 0xF710,
  0x006D, 0x0853, 0x0F3D, 0x184E,  0x1EAF, 0x267B, 0x280E, 0x2BCD,
  0x2B83, 0x2A1E, 0x2625, 0x2107,  0x1C7B, 0x15EF, 0x1146, 0x0CC3,
  0x0A64, 0x0839, 0x07F6, 0x09CC,  0x0BB1, 0x0DBE, 0x0FAD, 0x1194,
  0x1329, 0x12A4, 0x113E, 0x0EE4,  0x0C03, 0x07FD, 0x0441, 0x00D1,
  0xFE17, 0xFC30, 0xFC79, 0xFDD4,  0xFFD7, 0x02E5, 0x06E2, 0x0B12,
  0x0DBB, 0x0F96, 0x0F97, 0x0F40,  0x0BF1, 0x07B1, 0x01B9, 0xFB86,
  0xF401, 0xECE9, 0xE669, 0xE06F,  0xDB5A, 0xD72A, 0xD544, 0xD36C,
  0xD34A, 0xD38F, 0xD4DA, 0xD6D6,  0xD8DC, 0xDB3C, 0xDD22, 0xDF6A,
  0xE24A, 0xE3DF, 0xE694, 0xE93C,  0xEEA4, 0xF1ED, 0xF88C, 0xFF19,
  0x074D, 0x0EC6, 0x14D5, 0x1DA6,  0x22A4, 0x28E0, 0x2A3B, 0x2CD6,
  0x2C56, 0x29E6, 0x2643, 0x217A,  0x1D2C, 0x1747, 0x1319, 0x0FAA,
  0x0D2B, 0x0BE1, 0x0B61, 0x0D1C,  0x0E18, 0x0F3D, 0x107B, 0x1121,
  0x11FB, 0x0F65, 0x0DA2, 0x09FD,  0x06B5, 0x01E1, 0xFDC3, 0xFA6E,
  0xF748, 0xF6CB, 0xF6EA, 0xF974,  0xFB74, 0xFFA0, 0x03CF, 0x085D,
  0x0B5F, 0x0CE2, 0x0E02, 0x0DB1,  0x0B75, 0x06FC, 0x020C, 0xFB83,
  0xF4A3, 0xED79, 0xE6AE, 0xDFCD,  0xDA67, 0xD67F, 0xD433, 0xD26B,
  0xD280, 0xD2D8, 0xD54D, 0xD6C4,  0xD976, 0xDC2A, 0xDEF1, 0xE243,
  0xE3F4, 0xE7D1, 0xE8B8, 0xEC3C,  0xEE72, 0xF3A5, 0xF801, 0xFD98,
  0x0502, 0x0CCE, 0x15AB, 0x1BF7,  0x2420, 0x2ABA, 0x2FCB, 0x32D3,
  0x33BF, 0x33BC, 0x30A1, 0x2C2B,  0x2715, 0x1F9D, 0x198F, 0x1233,
  0x0DFF, 0x08F9, 0x064F, 0x04FF,  0x055A, 0x0731, 0x07E2, 0x097A,
  0x0A06, 0x0AFA, 0x09D3, 0x07B3,  0x048F, 0x00F7, 0xFCFA, 0xF943,
  0xF5F1, 0xF36A, 0xF2A0, 0xF37D,  0xF609, 0xF93B, 0xFDC0, 0x02B1,
  0x083B, 0x0CA9, 0x0FB3, 0x1160,  0x111C, 0x0F56, 0x0AB1, 0x0538,
  0xFDCF, 0xF63C, 0xEE33, 0xE735,  0xE067, 0xDB48, 0xD69C, 0xD481,
  0xD33E, 0xD33D, 0xD4F5, 0xD700,  0xDA99, 0xDD04, 0xE049, 0xE297,
  0xE548, 0xE70D, 0xE8E5, 0xEAB2,  0xED77, 0xEFCE, 0xF392, 0xF797,
  0xFE4E, 0x0398, 0x0B08, 0x1256,  0x1A7C, 0x21D0, 0x2661, 0x2CEE,
  0x2FBC, 0x3277, 0x308C, 0x2EF7,  0x2A96, 0x256B, 0x1ED2, 0x181E,
  0x11B9, 0x0B78, 0x0706, 0x037E,  0x01C7, 0x00DB, 0x00FE, 0x02E1,
  0x0488, 0x05D0, 0x06CC, 0x0738,  0x078B, 0x05C4, 0x040D, 0x0129,
  0xFEE7, 0xFBED, 0xF9FE, 0xF852,  0xF7F0, 0xF8C1, 0xFADD, 0xFE19,
  0x01E5, 0x05D3, 0x0A62, 0x0DE5,  0x10DC, 0x1187, 0x115E, 0x0FB8,
  0x0BD8, 0x06E5, 0x0031, 0xF9CD,  0xF1F6, 0xEBDC, 0xE574, 0xE0C6,
  0xDCC6, 0xDAD4, 0xD9FF, 0xDA63,  0xDB74, 0xDD82, 0xDF89, 0xE1A4,
  0xE37D, 0xE54B, 0xE6D4, 0xE7DB,  0xE85E, 0xE963, 0xE9EE, 0xEA9F,
  0xEC44, 0xEDE4, 0xF176, 0xF3F3,  0xFA40, 0xFE9D, 0x0652, 0x0B45,
  0x139F, 0x1A98, 0x2061, 0x25DC,  0x283D, 0x2D76, 0x2C2C, 0x2CB9,
  0x28CB, 0x25B9, 0x2037, 0x1993,  0x13D3, 0x0C6D, 0x0718, 0x01C5,
  0xFEE0, 0xFCFB, 0xFBBD, 0xFD21,  0xFF1D, 0x029C, 0x0512, 0x0776,
  0x0A42, 0x0B94, 0x0C87, 0x0AC7,  0x09D8, 0x0749, 0x04E2, 0x01A6,
  0xFF2F, 0xFDBF, 0xFCCC, 0xFD94,  0xFF0C, 0x019E, 0x0445, 0x07C6,
  0x0BD9, 0x0E49, 0x0FAC, 0x0FC1,  0x0F3C, 0x0C97, 0x07D9, 0x0247,
  0xFB84, 0xF534, 0xEDEE, 0xE83C,  0xE292, 0xDEE7, 0xDC7B, 0xDBA3,
  0xDBEE, 0xDC9E, 0xDEE7, 0xE164,  0xE480, 0xE678, 0xE8F9, 0xEA31,
  0xEBFF, 0xEC87, 0xECC3, 0xEC5C,  0xEC61, 0xED12, 0xED23, 0xEE76,
  0xEF94, 0xF1F3, 0xF4FB, 0xF87E,  0xFDD8, 0x0208, 0x0866, 0x0E56,
  0x1484, 0x1AFE, 0x1D9A, 0x22DD,  0x2424, 0x265C, 0x2511, 0x2327,
  0x20BA, 0x1BA8, 0x184B, 0x1257,  0x0E41, 0x0981, 0x069B, 0x04C1,
  0x0380, 0x03A1, 0x040D, 0x0601,  0x0878, 0x0A09, 0x0BE7, 0x0C95,
  0x0DE2, 0x0D90, 0x0C81, 0x0A7A,  0x07E7, 0x05E0, 0x02FF, 0x0115,
  0xFEA0, 0xFDEB, 0xFD7B, 0xFED1,  0xFFC1, 0x01A0, 0x036C, 0x0609,
  0x0861, 0x0915, 0x09C4, 0x08CE,  0x07F0, 0x04B1, 0x016E, 0xFC8D,
  0xF7B7, 0xF2C6, 0xEE58, 0xEA25,  0xE679, 0xE448, 0xE324, 0xE341,
  0xE377, 0xE51F, 0xE6AE, 0xE928,  0xEA7A, 0xEC1C, 0xEC9F, 0xED27,
  0xED06, 0xECC0, 0xEC2F, 0xEB65,  0xEAEC, 0xEAFA, 0xEB25, 0xEBFD,
  0xED0E, 0xEEEA, 0xF20A, 0xF46E,  0xF8DA, 0xFB90, 0x020A, 0x0550,
  0x0ADB, 0x0F76, 0x144B, 0x18F2,  0x1A89, 0x1F3E, 0x1F67, 0x2157,
  0x2056, 0x1FEB, 0x1E02, 0x1B14,  0x18FE, 0x158E, 0x127C, 0x0FB4,
  0x0D25, 0x0B9D, 0x09DB, 0x0949,  0x08D7, 0x08F5, 0x0A0C, 0x0975,
  0x0A21, 0x0946, 0x098D, 0x0807,  0x069F, 0x0530, 0x0320, 0x01A2,
  0xFFA7, 0xFEA9, 0xFD67, 0xFD27,  0xFD49, 0xFE49, 0xFF2F, 0x00C6,
  0x0273, 0x047C, 0x05EC, 0x06FC,  0x077A, 0x0765, 0x0697, 0x04A7,
  0x020C, 0xFE90, 0xFB17, 0xF6EB,  0xF34A, 0xEF4C, 0xEC72, 0xE9EA,
  0xE842, 0xE726, 0xE6B0, 0xE733,  0xE820, 0xE9A9, 0xEB53, 0xECC5,
  0xEE40, 0xEEE8, 0xEF7D, 0xEF28,  0xEEC2, 0xEDD1, 0xECC9, 0xEC77,
  0xEB8E, 0xEBCF, 0xEBAB, 0xECA6,  0xEDC6, 0xEFAA, 0xF236, 0xF4F0,
  0xF7F6, 0xFB6C, 0xFEB1, 0x0325,  0x06F1, 0x0B18, 0x0EFE, 0x1370,
  0x17BC, 0x1A7E, 0x1DE5, 0x2005,  0x227B, 0x2336, 0x237C, 0x2301,
  0x2108, 0x1F41, 0x1C12, 0x183B,  0x14BD, 0x1027, 0x0D46, 0x0947,
  0x06FF, 0x04A5, 0x0302, 0x0306,  0x0230, 0x02A6, 0x0228, 0x031B,
  0x0313, 0x0302, 0x0262, 0x01D5,  0x00C1, 0xFFA5, 0xFE53, 0xFD3D,
  0xFC1F, 0xFB7C, 0xFB98, 0xFBD7,  0xFCF3, 0xFE0A, 0x0021, 0x0213,
  0x0444, 0x05CB, 0x074C, 0x07F5,  0x0809, 0x06F2, 0x0545, 0x0282,
  0xFF2A, 0xFB46, 0xF708, 0xF2C2,  0xEE7F, 0xEAD7, 0xE7E0, 0xE5C8,
  0xE493, 0xE444, 0xE4C4, 0xE641,  0xE7E6, 0xEA25, 0xEBA6, 0xEDE4,
  0xEEEA, 0xF0B3, 0xF0E5, 0xF147,  0xF0FA, 0xF0BD, 0xF072, 0xEF68,
  0xEF79, 0xEF74, 0xF06B, 0xF1AA,  0xF3DC, 0xF690, 0xF9F1, 0xFD36,
  0x022A, 0x060A, 0x0BA0, 0x0EE2,  0x13E9, 0x17F8, 0x1BA2, 0x1DBE,
  0x1ED6, 0x20A8, 0x1FCC, 0x1F6C,  0x1C48, 0x1AFE, 0x16F4, 0x1463,
  0x10C7, 0x0D65, 0x0ABA, 0x0808,  0x06D2, 0x0575, 0x0528, 0x056D,
  0x05B4, 0x070D, 0x0781, 0x0838,  0x0848, 0x085F, 0x08A1, 0x066F,
  0x05C6, 0x0318, 0x026D, 0xFF94,  0xFE46, 0xFCEB, 0xFBE2, 0xFC3E,
  0xFC1C, 0xFDC2, 0xFE1C, 0x0075,  0x01A3, 0x03C1, 0x0479, 0x0531,
  0x0549, 0x0505, 0x03D5, 0x01EA,  0xFF42, 0xFCDA, 0xFA3B, 0xF721,
  0xF493, 0xF1CE, 0xF0D5, 0xEEF9,  0xEEE4, 0xEE2C, 0xEF08, 0xEFC1,
  0xF0C4, 0xF246, 0xF321, 0xF480,  0xF513, 0xF5D0, 0xF560, 0xF4BC,
  0xF38C, 0xF297, 0xF0F3, 0xEFC2,  0xEE36, 0xED90, 0xED28, 0xECE0,
  0xED66, 0xEDF3, 0xEFA4, 0xF101,  0xF295, 0xF45A, 0xF694, 0xF88F,
  0xFA7D, 0xFCDC, 0xFFB9, 0x02CB,  0x05CD, 0x0990, 0x0E0E, 0x11ED,
  0x1588, 0x18BC, 0x1C27, 0x1E80,  0x1F3B, 0x1FB6, 0x1ED0, 0x1DAB,
  0x1AB4, 0x17D5, 0x1435, 0x110A,  0x0DB7, 0x0A83, 0x0896, 0x06AB,
  0x0614, 0x0573, 0x05D6, 0x0662,  0x06A0, 0x06DA, 0x0745, 0x06F1,
  0x064E, 0x047B, 0x0365, 0x01A6,  0xFFA4, 0xFDC1, 0xFC0E, 0xFB64,
  0xFA75, 0xFAB5, 0xFAF2, 0xFC6F,  0xFDD7, 0x001D, 0x0235, 0x043C,
  0x05FA, 0x0763, 0x084D, 0x0854,  0x07A7, 0x05FD, 0x0404, 0x018F,
  0xFEB3, 0xFB25, 0xF7F8, 0xF50A,  0xF2A1, 0xF01A, 0xEE92, 0xED80,
  0xED99, 0xEDA5, 0xEEB0, 0xEFE0,  0xF182, 0xF30A, 0xF491, 0xF59C,
  0xF61B, 0xF692, 0xF545, 0xF4D6,  0xF2E4, 0xF17C, 0xEF13, 0xED7C,
  0xEB93, 0xEAA8, 0xE9A8, 0xE99C,  0xEA6E, 0xEB69, 0xEDAD, 0xEF6E,
  0xF2CF, 0xF534, 0xF87F, 0xFBB1,  0xFFC2, 0x027A, 0x070A, 0x09EE,
  0x0EF7, 0x1247, 0x1562, 0x18F4,  0x1A90, 0x1E26, 0x1D7F, 0x1E88,
  0x1D81, 0x1C8E, 0x1ABD, 0x179D,  0x153E, 0x1207, 0x0F7F, 0x0CF4,
  0x0A6B, 0x092B, 0x077B, 0x0750,  0x06C6, 0x06C0, 0x06C9, 0x0617,
  0x069F, 0x05B2, 0x0507, 0x033A,  0x0243, 0x00D8, 0xFF80, 0xFDA9,
  0xFCE4, 0xFC41, 0xFC9E, 0xFD20,  0xFDBD, 0xFF97, 0x0124, 0x037F,
  0x04F1, 0x06D7, 0x07AC, 0x0879,  0x08A7, 0x07F1, 0x067D, 0x04B5,
  0x0253, 0xFFF8, 0xFD13, 0xFA31,  0xF7A5, 0xF566, 0xF420, 0xF289,
  0xF1C7, 0xF14B, 0xF1CE, 0xF27C,  0xF2E4, 0xF41D, 0xF4F9, 0xF5FD,
  0xF6F4, 0xF782, 0xF7FD, 0xF793,  0xF78F, 0xF6E8, 0xF610, 0xF4F2,
  0xF2F7, 0xF124, 0xEF67, 0xED61,  0xEB9C, 0xE9C0, 0xE95E, 0xE95A,
  0xE9C8, 0xEA7D, 0xEBAF, 0xEDD2,  0xEFC3, 0xF2A4, 0xF524, 0xF832,
  0xFADB, 0xFE2A, 0x00DF, 0x0450,  0x06FF, 0x0A8E, 0x0DAF, 0x1135,
  0x13F5, 0x167E, 0x19B2, 0x1B81,  0x1DCA, 0x1DD4, 0x1E83, 0x1DFB,
  0x1CC6, 0x1AE0, 0x180D, 0x14E1,  0x1229, 0x0E0A, 0x0B8E, 0x07CC,
  0x05B5, 0x03B2, 0x0202, 0x0179,  0x001F, 0x00DC, 0x0043, 0x0120,
  0x00F3, 0x015C, 0x0156, 0x01B5,  0x0180, 0x0173, 0x00CC, 0x00E1,
  0x0094, 0x006C, 0x00BD, 0x00D0,  0x01E4, 0x0215, 0x038B, 0x03FE,
  0x04F9, 0x0526, 0x0577, 0x0533,  0x04BF, 0x03A1, 0x02C3, 0x0113,
  0xFF75, 0xFDAF, 0xFB98, 0xFA0F,  0xF836, 0xF76A, 0xF625, 0xF5B3,
  0xF59C, 0xF5E5, 0xF681, 0xF6FA,  0xF7D9, 0xF89B, 0xF956, 0xF9F1,
  0xF9E4, 0xFA4C, 0xFA00, 0xF9AB,  0xF8CA, 0xF77C, 0xF637, 0xF472,
  0xF2DD, 0xF148, 0xEF85, 0xEE89,  0xED3B, 0xEC8E, 0xEC20, 0xEC21,
  0xEC94, 0xED11, 0xEE43, 0xEF64,  0xF0DB, 0xF23B, 0xF3FB, 0xF5AB,
  0xF79F, 0xF930, 0xFC15, 0xFE95,  0x0200, 0x0464, 0x08FE, 0x0CE1,
  0x10EB, 0x1417, 0x16D0, 0x1AA9,  0x1B7D, 0x1D51, 0x1BAD, 0x1B77,
  0x191B, 0x165F, 0x12A7, 0x0E8B,  0x0B79, 0x07B6, 0x0512, 0x027F,
  0x013D, 0x00A9, 0x0069, 0x012B,  0x0238, 0x0331, 0x048D, 0x053C,
  0x067B, 0x067C, 0x0632, 0x0578,  0x04BB, 0x03E5, 0x0230, 0x00FB,
  0x0069, 0xFFD4, 0xFFE4, 0xFFFF,  0x00DC, 0x0269, 0x03A5, 0x0576,
  0x0675, 0x07EC, 0x0854, 0x086E,  0x07F9, 0x06BF, 0x0522, 0x02E4,
  0x0083, 0xFE3D, 0xFB9D, 0xF948,  0xF78E, 0xF69C, 0xF690, 0xF657,
  0xF779, 0xF8A4, 0xFADF, 0xFC41,  0xFDE5, 0xFF4D, 0x0077, 0x00DC,
  0x00AB, 0x0047, 0xFF4B, 0xFDDB,  0xFBBB, 0xF9EF, 0xF784, 0xF5AE,
  0xF351, 0xF227, 0xF08D, 0xF035,  0xEF47, 0xEF58, 0xEEF2, 0xEF77,
  0xEF53, 0xF00E, 0xF047, 0xF0D2,  0xF15B, 0xF11F, 0xF221, 0xF131,
  0xF2AE, 0xF1B3, 0xF338, 0xF2C5,  0xF529, 0xF6DC, 0xFA07, 0xFCA1,
  0x00DD, 0x062B, 0x0A0E, 0x0F16,  0x1153, 0x172D, 0x17FA, 0x1A81,
  0x1953, 0x18B3, 0x1739, 0x136F,  0x102C, 0x0B19, 0x082E, 0x04D6,
  0x0204, 0xFFF7, 0xFF10, 0xFFD6,  0x00E7, 0x025B, 0x0496, 0x0651,
  0x08C3, 0x09E6, 0x0B45, 0x0B20,  0x0A7A, 0x096E, 0x07EE, 0x05FB,
  0x03A4, 0x0152, 0x001D, 0xFF8E,  0xFEE8, 0xFF71, 0x0027, 0x02AE,
  0x0499, 0x06BA, 0x08A1, 0x0A2C,  0x0C0F, 0x0C0D, 0x0BB8, 0x0A34,
  0x0883, 0x0643, 0x0307, 0x008C,  0xFD3D, 0xFB34, 0xF8F1, 0xF7CE,
  0xF761, 0xF729, 0xF85D, 0xF9B3,  0xFBA3, 0xFD9F, 0xFF42, 0x0101,
  0x022C, 0x02E2, 0x02D8, 0x01E6,  0x0107, 0xFEFB, 0xFD4C, 0xFACA,
  0xF8C9, 0xF6C9, 0xF4EE, 0xF391,  0xF232, 0xF1E0, 0xF107, 0xF0ED,
  0xF0AB, 0xF126, 0xF14B, 0xF1C5,  0xF19C, 0xF21A, 0xF220, 0xF229,
  0xF181, 0xF114, 0xF074, 0xEFBE,  0xEEF6, 0xEE3D, 0xEE57, 0xEDDE,
  0xEEA0, 0xEF81, 0xF29E, 0xF4B2,  0xF89E, 0xFC78, 0x0315, 0x07E2,
  0x0CD2, 0x1133, 0x1593, 0x19A1,  0x19F0, 0x1B10, 0x1903, 0x184A,
  0x144D, 0x1075, 0x0BBD, 0x0836,  0x053C, 0x024E, 0x011D, 0x00B7,
  0x0223, 0x03CC, 0x0667, 0x0913,  0x0BC4, 0x0D98, 0x0F6A, 0x0FE2,
  0x0FB6, 0x0DE7, 0x0B85, 0x08F8,  0x05EE, 0x0297, 0xFF70, 0xFD2B,
  0xFC85, 0xFC29, 0xFCD0, 0xFE70,  0x00D3, 0x0440, 0x06D0, 0x09A0,
  0x0B49, 0x0D0D, 0x0D37, 0x0C97,  0x0B07, 0x084A, 0x057B, 0x0205,
  0xFF28, 0xFC33, 0xF9A1, 0xF7F8,  0xF743, 0xF7D6, 0xF8B9, 0xFA11,
  0xFC2E, 0xFE9D, 0x0133, 0x0291,  0x03A2, 0x0423, 0x044B, 0x02FD,
  0x0158, 0xFF3E, 0xFD07, 0xFA7A,  0xF7D0, 0xF5F9, 0xF3E0, 0xF2CB,
  0xF1A8, 0xF18B, 0xF1BF, 0xF236,  0xF289, 0xF2FA, 0xF359, 0xF429,
  0xF3E4, 0xF3C9, 0xF364, 0xF352,  0xF2DD, 0xF237, 0xF1AC, 0xF0D6,
  0xF086, 0xEF9B, 0xEF79, 0xEEE9,  0xEEF0, 0xEEB5, 0xEFD6, 0xF0E7,
  0xF366, 0xF4CC, 0xF8B0, 0xFC77,  0x0109, 0x0567, 0x0860, 0x0D99,
  0x10B4, 0x142F, 0x1511, 0x15D3,  0x15C3, 0x14CD, 0x1237, 0x0F8E,
  0x0C90, 0x0A5C, 0x082C, 0x06B6,  0x060D, 0x065B, 0x07BA, 0x090C,
  0x0B49, 0x0CA9, 0x0E8E, 0x0EED,  0x0F85, 0x0F28, 0x0D9A, 0x0B53,
  0x089D, 0x05FF, 0x0364, 0x0052,  0xFE37, 0xFCF9, 0xFCEC, 0xFD82,
  0xFE10, 0x0008, 0x01FE, 0x04AF,  0x067C, 0x080C, 0x0921, 0x099F,
  0x09B1, 0x0863, 0x06F9, 0x04E8,  0x02F4, 0x0103, 0xFF9B, 0xFE88,
  0xFD62, 0xFD1B, 0xFD57, 0xFE2B,  0xFEB8, 0xFF5A, 0x002A, 0x013F,
  0x01F5, 0x020B, 0x01A0, 0x00F7,  0x00B8, 0xFF88, 0xFE60, 0xFCC5,
  0xFBBD, 0xFB18, 0xFA16, 0xF93E,  0xF84F, 0xF7EB, 0xF759, 0xF6F1,
  0xF674, 0xF5F3, 0xF566, 0xF52D,  0xF4D9, 0xF402, 0xF393, 0xF320,
  0xF2D7, 0xF2BC, 0xF294, 0xF2BF,  0xF27C, 0xF2E4, 0xF290, 0xF24F,
  0xF184, 0xF0F6, 0xF01C, 0xEF4C,  0xEE85, 0xED98, 0xEE50, 0xEEF0,
  0xF127, 0xF275, 0xF6E4, 0xFB0E,  0x0021, 0x0461, 0x0890, 0x0DEA,
  0x112B, 0x145D, 0x14B9, 0x158C,  0x14DD, 0x1395, 0x10C9, 0x0DAC,
  0x0B61, 0x0925, 0x07C6, 0x068D,  0x06A6, 0x0784, 0x0928, 0x0B0C,
  0x0CA5, 0x0E47, 0x0F16, 0x0F7F,  0x0EEF, 0x0DA6, 0x0B56, 0x086E,
  0x05F3, 0x0323, 0x00EF, 0xFE76,  0xFD7E, 0xFD72, 0xFE4C, 0xFF62,
  0x00B8, 0x02E6, 0x0507, 0x06F4,  0x07FB, 0x0896, 0x08D9, 0x08DB,
  0x07CD, 0x068D, 0x04B8, 0x032A,  0x017F, 0x0045, 0xFF1C, 0xFE6C,
  0xFDFB, 0xFE1B, 0xFE9C, 0xFF31,  0xFFF9, 0x0056, 0x014D, 0x01D7,
  0x01FC, 0x013F, 0x00F2, 0xFFE6,  0xFF88, 0xFDE4, 0xFD8E, 0xFCB6,
  0xFC14, 0xFBD5, 0xFB10, 0xFABC,  0xFA28, 0xFA02, 0xF95C, 0xF8EB,
  0xF857, 0xF827, 0xF744, 0xF6D9,  0xF603, 0xF58A, 0xF478, 0xF411,
  0xF340, 0xF35F, 0xF2ED, 0xF35E,  0xF346, 0xF3C1, 0xF40A, 0xF449,
  0xF437, 0xF419, 0xF43D, 0xF3C2,  0xF3B8, 0xF2B2, 0xF2C5, 0xF1BE,
  0xF250, 0xF229, 0xF3A9, 0xF419,  0xF6F2, 0xFA12, 0xFE63, 0x01B3,
  0x052E, 0x09E5, 0x0D93, 0x110C,  0x11D1, 0x138D, 0x1357, 0x1391,
  0x1187, 0x0F7A, 0x0D12, 0x0B64,  0x09F1, 0x0884, 0x07FF, 0x07F5,
  0x089B, 0x09A0, 0x0AB5, 0x0BB1,  0x0BF7, 0x0C13, 0x0C5D, 0x0B54,
  0x0A11, 0x076B, 0x05B7, 0x0390,  0x01C9, 0xFFA4, 0xFE34, 0xFDB8,
  0xFE52, 0xFF69, 0x002D, 0x0201,  0x0376, 0x05EB, 0x06BC, 0x07AC,
  0x078C, 0x0756, 0x06D6, 0x05C1,  0x04B1, 0x029B, 0x0186, 0x0012,
  0xFFB0, 0xFEA7, 0xFE1E, 0xFE01,  0xFE60, 0xFF5E, 0xFFE2, 0x0093,
  0x00D6, 0x01C0, 0x0233, 0x0201,  0x018A, 0x00DB, 0x00B4, 0xFFB7,
  0xFF1B, 0xFE20, 0xFD4E, 0xFCC1,  0xFC0A, 0xFBCA, 0xFADE, 0xFABE,
  0xF9E5, 0xF9E6, 0xF942, 0xF8B1,  0xF803, 0xF751, 0xF75F, 0xF6AB,
  0xF6CA, 0xF606, 0xF658, 0xF629,  0xF66A, 0xF60B, 0xF58B, 0xF555,
  0xF43E, 0xF486, 0xF320, 0xF2DA,  0xF1ED, 0xF242, 0xF276, 0xF28B,
  0xF31E, 0xF324, 0xF468, 0xF4F0,  0xF6CE, 0xF6BA, 0xF8FE, 0xFA07,
  0xFD8A, 0xFFAB, 0x0163, 0x043C,  0x0603, 0x0A51, 0x0A95, 0x0C77,
  0x0C91, 0x0DC0, 0x0E85, 0x0D2C,  0x0C9E, 0x0B0A, 0x0B0C, 0x0A60,
  0x0947, 0x08FF, 0x085C, 0x0919,  0x0921, 0x0939, 0x095E, 0x08DF,
  0x0934, 0x08BA, 0x0862, 0x0741,  0x063A, 0x0575, 0x0513, 0x042C,
  0x03A0, 0x028E, 0x02EE, 0x0303,  0x02F8, 0x032B, 0x02DC, 0x041E,
  0x03AC, 0x0486, 0x0405, 0x042D,  0x044A, 0x038F, 0x0413, 0x030B,
  0x033A, 0x022F, 0x01E5, 0x01E1,  0x0134, 0x0108, 0xFFFF, 0x000A,
  0xFFF8, 0xFFD9, 0xFFA2, 0xFF4A,  0xFF6E, 0xFFB8, 0xFFAE, 0xFFB9,
  0xFF81, 0xFFC6, 0x0047, 0x0066,  0x00BC, 0x0017, 0x0012, 0xFFF2,
  0xFF9E, 0xFF12, 0xFDAC, 0xFD27,  0xFC49, 0xFBA5, 0xFA71, 0xF931,
  0xF8AA, 0xF817, 0xF7F2, 0xF76C,  0xF720, 0xF746, 0xF79A, 0xF7A8,
  0xF7DB, 0xF7B4, 0xF814, 0xF805,  0xF848, 0xF80A, 0xF7AD, 0xF7D5,
  0xF741, 0xF7BB, 0xF702, 0xF70C,  0xF6B3, 0xF69E, 0xF69D, 0xF614,
  0xF5D7, 0xF521, 0xF514, 0xF52E,  0xF5B4, 0xF543, 0xF6D4, 0xF80F,
  0xFB67, 0xFD87, 0xFF8C, 0x033F,  0x05A1, 0x0A40, 0x0AAC, 0x0CB1,
  0x0D6C, 0x0E27, 0x0E8C, 0x0C8D,  0x0C54, 0x0A9D, 0x0ABC, 0x09AB,
  0x091A, 0x0946, 0x0923, 0x09FB,  0x09C1, 0x0A76, 0x0A09, 0x099A,
  0x090E, 0x084A, 0x0756, 0x0588,  0x0432, 0x02DE, 0x0282, 0x0137,
  0x00C8, 0xFFE0, 0x00DA, 0x0143,  0x01B7, 0x026D, 0x02A1, 0x0463,
  0x041B, 0x0553, 0x0473, 0x04C2,  0x0459, 0x03F2, 0x03E2, 0x02A2,
  0x029C, 0x0140, 0x01A6, 0x00E4,  0x008D, 0xFFA2, 0xFF4E, 0xFF76,
  0xFF0E, 0xFF2A, 0xFE6D, 0xFEF0,  0xFEED, 0xFF9E, 0xFF71, 0xFF61,
  0xFFCB, 0xFFE8, 0x00AF, 0x003E,  0x0035, 0xFFC8, 0xFF9F, 0xFF57,
  0xFE95, 0xFDF0, 0xFD02, 0xFCCE,  0xFCB1, 0xFC40, 0xFBB4, 0xFBAB,
  0xFBAC, 0xFC02, 0xFBAA, 0xFB4F,  0xFAC9, 0xFA6D, 0xFA00, 0xF89A,
  0xF7F2, 0xF6C4, 0xF6A7, 0xF666,  0xF62B, 0xF62A, 0xF629, 0xF6E9,
  0xF6DF, 0xF760, 0xF6F7, 0xF6C3,  0xF61B, 0xF587, 0xF4BF, 0xF3CD,
  0xF30E, 0xF288, 0xF2F3, 0xF3B1,  0xF559, 0xF625, 0xF951, 0xFBD3,
  0xFFC0, 0x0225, 0x04D8, 0x082A,  0x09D6, 0x0CB0, 0x0C3D, 0x0DAE,
  0x0D3F, 0x0D4F, 0x0CAC, 0x0B42,  0x0B67, 0x09F7, 0x0A43, 0x097E,
  0x098E, 0x098E, 0x0931, 0x094A,  0x08E0, 0x0874, 0x07B1, 0x0697,
  0x05D5, 0x051E, 0x0401, 0x033F,  0x0268, 0x028D, 0x0261, 0x0217,
  0x0283, 0x0269, 0x0384, 0x0383,  0x03D7, 0x040C, 0x0412, 0x0490,
  0x03E0, 0x03EF, 0x034F, 0x0303,  0x02B1, 0x0223, 0x022A, 0x0174,
  0x0115, 0x00B4, 0x003E, 0xFFF8,  0xFEE0, 0xFEBD, 0xFE21, 0xFE2F,
  0xFDE5, 0xFDBA, 0xFE84, 0xFEB6,  0xFFEB, 0x0056, 0x0155, 0x01F4,
  0x0278, 0x0233, 0x01F3, 0x0178,  0x00EC, 0xFFED, 0xFFAC, 0xFF7A,
  0xFED4, 0xFED3, 0xFE06, 0xFE28,  0xFD95, 0xFD8A, 0xFCB6, 0xFBE5,
  0xFB54, 0xFA65, 0xF9C0, 0xF8B8,  0xF83C, 0xF7EA, 0xF7DF, 0xF829,
  0xF8BF, 0xF9AB, 0xFA7B, 0xFB3D,  0xFC2B, 0xFCC3, 0xFC72, 0xFC10,
  0xFB7D, 0xFAA4, 0xF936, 0xF7CD,  0xF6B1, 0xF5C1, 0xF5F1, 0xF5B7,
  0xF633, 0xF690, 0xF7DA, 0xF8A7,  0xF971, 0xF9BB, 0xF9D4, 0xFA00,
  0xF965, 0xF915, 0xF814, 0xF82A,  0xF886, 0xF991, 0xFB26, 0xFD4C,
  0x0018, 0x02F5, 0x05ED, 0x08B3,  0x0B1E, 0x0CBC, 0x0E07, 0x0E77,
  0x0E89, 0x0E07, 0x0CF3, 0x0C3D,  0x0B0D, 0x0AC1, 0x09FA, 0x09C1,
  0x09E0, 0x09E3, 0x0A44, 0x09D9,  0x0991, 0x08C5, 0x07E5, 0x06B5,
  0x052C, 0x03A3, 0x0278, 0x0194,  0x0102, 0x00AC, 0x012B, 0x01E9,
  0x028C, 0x0326, 0x03BC, 0x0411,  0x0449, 0x03DD, 0x0368, 0x02E7,
  0x0232, 0x01F2, 0x0103, 0x0134,  0x00BD, 0x012E, 0x00E4, 0x0101,
  0x0143, 0x00F4, 0x012B, 0x0076,  0x0039, 0xFF47, 0xFECC, 0xFE2D,
  0xFDC1, 0xFD82, 0xFD9B, 0xFE0F,  0xFEA9, 0xFF5D, 0x0005, 0x00B8,
  0x011D, 0x0147, 0x0114, 0x0083,  0xFFCC, 0xFEF2, 0xFE36, 0xFD8D,
  0xFCB4, 0xFC52, 0xFC08, 0xFC0D,  0xFBD7, 0xFBC9, 0xFBA8, 0xFB90,
  0xFB65, 0xFAF6, 0xFA40, 0xF99E,  0xF933, 0xF8B7, 0xF833, 0xF7AA,
  0xF7CB, 0xF7C8, 0xF880, 0xF86E,  0xF8DE, 0xF88E, 0xF85F, 0xF827,
  0xF6AD, 0xF692, 0xF523, 0xF565,  0xF4AC, 0xF4EC, 0xF554, 0xF5C1,
  0xF752, 0xF80A, 0xF972, 0xF9D9,  0xFB13, 0xFB9B, 0xFD02, 0xFCEC,
  0xFE1F, 0xFF21, 0x015B, 0x02FD,  0x03F5, 0x0714, 0x082A, 0x0B38,
  0x0B7B, 0x0CEC, 0x0D04, 0x0CEE,  0x0D19, 0x0B7A, 0x0B19, 0x0A25,
  0x0998, 0x091F, 0x088B, 0x08BF,  0x088C, 0x0877, 0x08D4, 0x07EE,
  0x07F8, 0x06AD, 0x0653, 0x056C,  0x0494, 0x03DD, 0x02FA, 0x030D,
  0x02D2, 0x02EC, 0x02E7, 0x02E6,  0x0328, 0x0325, 0x029E, 0x022C,
  0x0146, 0x011D, 0x0057, 0x002C,  0xFFD1, 0xFFC2, 0x004E, 0x0097,
  0x0157, 0x00EE, 0x0166, 0x00D5,  0x00A5, 0xFFF9, 0xFEF5, 0xFE74,
  0xFD72, 0xFD6A, 0xFD26, 0xFDB0,  0xFDC7, 0xFF27, 0x003B, 0x01B5,
  0x0233, 0x0318, 0x035A, 0x034C,  0x0301, 0x01C8, 0x012C, 0xFF87,
  0xFEF8, 0xFCF2, 0xFD14, 0xFC2A,  0xFC39, 0xFBC4, 0xFD41, 0xFEB3,
  0xFEC6, 0xFF8D, 0xFE9F, 0xFEFA,  0xFDE3, 0xFD4E, 0xFAEA, 0xF993,
  0xF8C2, 0xF87A, 0xF859, 0xF7F2,  0xF88F, 0xF979, 0xFAAC, 0xFB44,
  0xFB96, 0xFC02, 0xFBAB, 0xFB61,  0xFAEF, 0xFA2C, 0xF8DD, 0xF7DA,
  0xF7AD, 0xF763, 0xF736, 0xF77A,  0xF7F0, 0xF8C3, 0xFA7F, 0xFB2B,
  0xFBDF, 0xFB91, 0xFBE3, 0xFB20,  0xFA58, 0xF90E, 0xF7EB, 0xF7F4,
  0xF7C5, 0xF945, 0xFA4E, 0xFD06,  0xFF39, 0x01DA, 0x04A4, 0x06C9,
  0x0899, 0x0986, 0x0A57, 0x0A97,  0x0A92, 0x0A37, 0x09E8, 0x09B8,
  0x0A72, 0x0A7B, 0x0AFF, 0x0B56,  0x0B76, 0x0BFB, 0x0B58, 0x0B36,
  0x09E7, 0x0922, 0x080E, 0x073B,  0x0694, 0x05EC, 0x05CA, 0x05A1,
  0x05B5, 0x0521, 0x04F9, 0x0435,  0x03A5, 0x0247, 0x01CB, 0x0102,
  0x0060, 0x0033, 0x0050, 0x00CF,  0x0122, 0x01B8, 0x01EE, 0x0236,
  0x021C, 0x01E5, 0x010A, 0x00A4,  0xFFD3, 0xFF53, 0xFE82, 0xFE4F,
  0xFE2B, 0xFE3C, 0xFEBB, 0xFECD,  0xFF3C, 0xFF3A, 0xFF6D, 0xFF20,
  0xFEE1, 0xFE93, 0xFE79, 0xFEB0,  0xFF09, 0xFF57, 0xFF9C, 0xFFEA,
  0x0022, 0x0003, 0xFF5F, 0xFE8F,  0xFD7F, 0xFCD3, 0xFBCE, 0xFB14,
  0xFA79, 0xFA57, 0xFB21, 0xFB3E,  0xFBE6, 0xFC1A, 0xFCB4, 0xFCE9,
  0xFCD3, 0xFC7A, 0xFB2E, 0xFA63,  0xF984, 0xF82D, 0xF716, 0xF5B1,
  0xF57F, 0xF5CC, 0xF6B9, 0xF823,  0xF8BC, 0xFAAA, 0xFB49, 0xFC98,
  0xFBDE, 0xFC07, 0xFA7D, 0xFA1D,  0xF921, 0xF811, 0xF79B, 0xF6DC,
  0xF7CA, 0xF713, 0xF8B0, 0xF8B0,  0xFB29, 0xFA34, 0xFD71, 0xFE46,
  0x0203, 0x0262, 0x0363, 0x06B8,  0x0708, 0x0B28, 0x084F, 0x0B32,
  0x09EE, 0x0B4C, 0x0A4D, 0x09E1,  0x0A21, 0x096F, 0x0A26, 0x0A6F,
  0x0AC2, 0x0A1E, 0x0A3D, 0x09DB,  0x0AA8, 0x08BD, 0x08D4, 0x0650,
  0x07CB, 0x0650, 0x062B, 0x051D,  0x04AE, 0x04F9, 0x0422, 0x047E,
  0x02B4, 0x02F6, 0x022E, 0x02E7,  0x01E6, 0x0269, 0x0133, 0x01BD,
  0x01A5, 0x01AC, 0x00F0, 0x009A,  0x010D, 0x0097, 0x011B, 0x0064,
  0x00A8, 0xFFAB, 0x000A, 0xFF53,  0xFEC1, 0xFE43, 0xFDCC, 0xFD54,
  0xFCE4, 0xFCFE, 0xFD5D, 0xFD6B,  0xFDDC, 0xFEC5, 0xFFFB, 0x0144,
  0x01CA, 0x0223, 0x020A, 0x01FB,  0x0133, 0x0015, 0xFE33, 0xFD08,
  0xFBD9, 0xFBB2, 0xFB32, 0xFB43,  0xFB87, 0xFC4F, 0xFD11, 0xFD33,
  0xFDAB, 0xFD2A, 0xFD68, 0xFCDE,  0xFC83, 0xFB22, 0xFA3C, 0xF94E,
  0xF8E0, 0xF7FE, 0xF78E, 0xF750,  0xF7A3, 0xF86D, 0xF905, 0xFA31,
  0xFA10, 0xFB75, 0xFB67, 0xFC07,  0xFAFE, 0xFAA1, 0xF9F2, 0xF92F,
  0xF8D9, 0xF7C6, 0xF7E6, 0xF788,  0xF7FC, 0xF789, 0xF82B, 0xF892,
  0xFA00, 0xFA06, 0xFCFF, 0xFE7D,  0x0037, 0x019F, 0x0298, 0x0583,
  0x053A, 0x0709, 0x05FC, 0x06DF,  0x06C6, 0x06E9, 0x06F8, 0x06FC,
  0x078B, 0x079E, 0x0840, 0x0868,  0x082C, 0x07AB, 0x07C8, 0x074E,
  0x0767, 0x066C, 0x06B8, 0x0601,  0x0724, 0x06C8, 0x06C7, 0x06F4,
  0x0657, 0x06B1, 0x05B0, 0x0578,  0x03EF, 0x0382, 0x0370, 0x0322,
  0x02D7, 0x02F5, 0x0322, 0x03B0,  0x0372, 0x03B5, 0x031F, 0x02C6,
  0x02CE, 0x021E, 0x0207, 0x0135,  0x0198, 0x016E, 0x013D, 0x00C8,
  0x000C, 0xFFCF, 0xFF0B, 0xFEAB,  0xFE18, 0xFDD8, 0xFE4A, 0xFEC5,
  0xFFC3, 0x0084, 0x012C, 0x0240,  0x02D0, 0x02F6, 0x0250, 0x01A1,
  0x00F6, 0xFFBD, 0xFEED, 0xFD61,  0xFC82, 0xFBE3, 0xFBD9, 0xFBC2,
  0xFBA7, 0xFC74, 0xFCB3, 0xFDBA,  0xFDF3, 0xFDF7, 0xFD01, 0xFC24,
  0xFBC3, 0xFADF, 0xFA6F, 0xF9B7,  0xF96B, 0xF993, 0xFA62, 0xFAC9,
  0xFA76, 0xFA47, 0xFA35, 0xFA2D,  0xF9CB, 0xF931, 0xF946, 0xF9E9,
  0xFAAA, 0xFB0F, 0xFB5C, 0xFB6C,  0xFB85, 0xFB5A, 0xFB6E, 0xFABF,
  0xF9CF, 0xF990, 0xF8C6, 0xF95F,  0xF8CB, 0xF94E, 0xF941, 0xFA4B,
  0xFBD9, 0xFBE7, 0xFD59, 0xFDB7,  0xFFA9, 0x0088, 0x0195, 0x02CA,
  0x02EC, 0x0453, 0x0480, 0x0560,  0x05A8, 0x0570, 0x0603, 0x062F,
  0x06D6, 0x069B, 0x06A8, 0x070E,  0x06E5, 0x0761, 0x0747, 0x0767,
  0x0727, 0x0787, 0x07D6, 0x075B,  0x074F, 0x0695, 0x0660, 0x062E,
  0x05A2, 0x0515, 0x04E0, 0x04A7,  0x04A4, 0x0451, 0x044C, 0x0393,
  0x0367, 0x0375, 0x02CE, 0x0380,  0x02B9, 0x034E, 0x0236, 0x0260,
  0x0237, 0x00EC, 0x00DD, 0xFF2D,  0xFFC2, 0xFF23, 0xFF3C, 0xFEE9,
  0xFE8D, 0xFF5B, 0xFEF8, 0xFFD1,  0xFF27, 0xFEE7, 0xFF31, 0xFF35,
  0xFFF1, 0xFF35, 0x0015, 0xFFCC,  0x0037, 0x0056, 0x0027, 0x000D,
  0xFED9, 0xFF79, 0xFEC6, 0xFF10,  0xFEC7, 0xFEC5, 0xFEE9, 0xFF2C,
  0xFF95, 0xFEEB, 0xFE87, 0xFDE0,  0xFDBD, 0xFD6E, 0xFD83, 0xFCC2,
  0xFC83, 0xFCDE, 0xFCE6, 0xFCD6,  0xFCAB, 0xFBF1, 0xFB1C, 0xFB60,
  0xFB0E, 0xFA53, 0xFA7C, 0xFAC4,  0xFB86, 0xFC46, 0xFCE1, 0xFCDA,
  0xFC2B, 0xFCE6, 0xFBC2, 0xFB0E,  0xF9BB, 0xF88A, 0xF7BA, 0xF6D9,
  0xF6BE, 0xF5D8, 0xF6C3, 0xF675,  0xF797, 0xF904, 0xF9EA, 0xFA21,
  0xFB02, 0xFCC7, 0xFD3C, 0xFE2D,  0xFED9, 0xFFCB, 0x0054, 0x01F0,
  0x0313, 0x039E, 0x0469, 0x0506,  0x0612, 0x064A, 0x0677, 0x069F,
  0x06B8, 0x0783, 0x0769, 0x0820,  0x0827, 0x0814, 0x0866, 0x084B,
  0x0875, 0x0763, 0x0732, 0x0690,  0x065E, 0x0619, 0x0592, 0x0543,
  0x04AD, 0x04F1, 0x0473, 0x0414,  0x0373, 0x02C8, 0x02D9, 0x0283,
  0x029C, 0x027F, 0x029D, 0x030B,  0x031B, 0x0381, 0x029A, 0x01CF,
  0x0101, 0x001B, 0xFFF2, 0xFECF,  0xFE92, 0xFE4F, 0xFEC4, 0xFF77,
  0xFF85, 0x0037, 0xFFF0, 0x0042,  0x0041, 0x0024, 0xFF9C, 0xFEF0,
  0xFF3E, 0xFFA8, 0x0037, 0x0036,  0x003E, 0xFFE8, 0xFF6F, 0xFF76,
  0xFF55, 0xFE03, 0xFE67, 0xFEC4,  0xFF1D, 0xFFA8, 0x00C9, 0x00B4,
  0x0043, 0x0116, 0xFF30, 0xFF51,  0xFE5D, 0xFDE1, 0xFD46, 0xFCF5,
  0xFDB0, 0xFC79, 0xFCEE, 0xFCD3,  0xFCAC, 0xFCA1, 0xFCF3, 0xFC35,
  0xFBC5, 0xFD00, 0xFBC3, 0xFC91,  0xFC56, 0xFBF0, 0xFD57, 0xFD5F,
  0xFEAB, 0xFE5C, 0xFEDB, 0xFEC1,  0xFECF, 0xFEE7, 0xFEC9, 0xFEBB,
  0xFDA2, 0xFD91, 0xFC87, 0xFC31,  0xFB43, 0xFAD9, 0xFA8A, 0xFAB4,
  0xFBDA, 0xFC0A, 0xFCDA, 0xFCF1,  0xFD95, 0xFE16, 0xFDBA, 0xFE07,
  0xFD93, 0xFDFB, 0xFE22, 0xFE99,  0xFF82, 0xFF4E, 0x0000, 0x00CF,
  0x0181, 0x01BE, 0x024D, 0x02BE,  0x0323, 0x03E7, 0x044B, 0x04A4,
  0x0509, 0x0569, 0x05DB, 0x0615,  0x0610, 0x059D, 0x054F, 0x04D3,
  0x0457, 0x03D5, 0x03E3, 0x03F8,  0x03EE, 0x048A, 0x04B1, 0x0456,
  0x040F, 0x0397, 0x02BF, 0x0275,  0x0271, 0x02A2, 0x029A, 0x030E,
  0x0360, 0x02A5, 0x02EC, 0x020E,  0x00B1, 0x014B, 0xFF1E, 0xFE3D,
  0xFEA5, 0xFEA2, 0xFF69, 0xFFAA,  0x0112, 0x012A, 0x00C5, 0x0125,
  0xFFD1, 0xFF65, 0x005A, 0xFEFF,  0xFF4E, 0x0128, 0xFFB8, 0x0058,
  0x01A5, 0xFF81, 0xFFDC, 0xFFA4,  0xFEB5, 0xFD67, 0xFEA1, 0xFE44,
  0xFD5D, 0xFFBA, 0xFECD, 0xFF7C,  0xFF80, 0xFFE2, 0xFE3F, 0xFDFD,
  0xFE5C, 0xFC55, 0xFEC6, 0xFD8D,  0xFD93, 0xFEFD, 0xFF1A, 0xFDF9,
  0xFD66, 0xFF15, 0xFC98, 0xFDD2,  0xFE98, 0xFDE6, 0xFD94, 0xFEA4,
  0xFCD5, 0xFC1F, 0xFE87, 0xFC01,  0xFD24, 0xFD74, 0xFD7F, 0xFD77,
  0xFDCB, 0xFE47, 0xFEB5, 0xFEB3,  0xFD90, 0xFDDC, 0xFC89, 0xFC96,
  0xFC0B, 0xFC64, 0xFDCB, 0xFE0D,  0xFE5C, 0xFF02, 0xFF9D, 0xFF0A,
  0xFEFC, 0xFE3A, 0xFD4A, 0xFDD4,  0xFDC6, 0xFE60, 0xFEE1, 0xFF83,
  0x0077, 0x00A2, 0x00B1, 0x0133,  0x00C2, 0x008B, 0x019E, 0x01C0,
  0x0290, 0x0304, 0x0304, 0x03D7,  0x03DB, 0x0362, 0x0342, 0x0344,
  0x0327, 0x034D, 0x035C, 0x0328,  0x0305, 0x0325, 0x02FF, 0x02D2,
  0x0391, 0x0295, 0x0303, 0x02A2,  0x0241, 0x0289, 0x01B0, 0x0260,
  0x02A9, 0x02B8, 0x035F, 0x028B,  0x0319, 0x0318, 0x01F3, 0x02B5,
  0x015D, 0x013D, 0x018E, 0x0019,  0xFFD7, 0x0083, 0xFFEB, 0x004C,
  0x0059, 0x025E, 0x009B, 0x0013,  0x01F1, 0x0087, 0xFFBB, 0x00E3,
  0x0115, 0x0081, 0xFFA2, 0x0032,  0xFF27, 0xFF6F, 0xFF1B, 0xFECC,
  0x02A3, 0xFD46, 0xFF83, 0xFE8D,  0xFF70, 0xFCE9, 0xFE82, 0x00E6,
  0xFCE4, 0x005B, 0xFDEC, 0xFF6F,  0xFCD7, 0xFE6F, 0xFE84, 0xFCA2,
  0xFD8E, 0xFE1A, 0xFEF9, 0xFCB8,  0xFE6D, 0xFFD0, 0xFC8F, 0xFED6,
  0xFE3F, 0xFB46, 0x009A, 0xFD17,  0xFCB7, 0x00B4, 0xFD3F, 0xFE2F,
  0xFDFC, 0xFD95, 0xFF23, 0xFDC3,  0xFE6A, 0xFEE4, 0xFE28, 0xFE82,
  0xFE86, 0xFE5C, 0xFE76, 0xFE81,  0xFFCC, 0xFE0F, 0xFDE0, 0x006B,
  0xFD5A, 0xFF4A, 0xFF64, 0xFDD1,  0x005B, 0xFEDA, 0xFEEE, 0xFF7C,
  0xFF96, 0xFF31, 0xFFD4, 0xFF46,  0xFF73, 0x01AD, 0xFF12, 0xFF4E,
  0x0226, 0xFF7A, 0xFFD5, 0x0235,  0xFFA0, 0x00B3, 0x0237, 0xFF93,
  0x00F7, 0x0108, 0x017C, 0x016A,  0x015E, 0x0346, 0x019A, 0x01D6,
  0x0297, 0x023B, 0x011D, 0x0312,  0x0196, 0x01BF, 0x0328, 0x019A,
  0x02EC, 0x024F, 0x022A, 0x0332,  0x00F3, 0x02C8, 0x02FA, 0x009C,
  0x045A, 0x014A, 0x02B0, 0x0293,  0x0233, 0x021A, 0x0130, 0x02EE,
  0x0235, 0x00F7, 0x0122, 0x01BB,  0x009E, 0x018A, 0x018A, 0x0335,
  0xFEEE, 0x0532, 0xFEB1, 0xFF10,  0x0474, 0xFB92, 0x020B, 0x0019,
  0xFFAD, 0xFF8D, 0xFD5A, 0x00CC,  0xFF36, 0xFCA6, 0x0034, 0xFFAC,
  0xFCD7, 0xFF0B, 0xFDED, 0xFE65,  0xFF29, 0xFD58, 0xFE79, 0xFEDB,
  0xFD96, 0xFCA5, 0xFED4, 0xFE43,  0xFDA1, 0xFEC1, 0xFF4C, 0xFE1A,
  0xFF2A, 0xFE19, 0xFEA4, 0x003D,  0xFB3D, 0x0195, 0xFEED, 0xFC18,
  0x01EA, 0xFD07, 0xFE03, 0x0152,  0xFD4B, 0xFEEE, 0x0051, 0xFD6F,
  0xFEDB, 0x00F9, 0xFE82, 0xFEFC,  0x00D5, 0x00AA, 0xFE6E, 0x01A4,
  0xFF52, 0xFE49, 0x02A1, 0xFC63,  0x02BA, 0xFF96, 0xFE0B, 0x04FA,
  0xFC3C, 0x0128, 0x0208, 0xFCF4,  0x0013, 0x0044, 0xFFD3, 0xFE91,
  0x0329, 0xFD97, 0x0090, 0x02A5,  0xFDCF, 0xFF38, 0x05FD, 0xFC02,
  0x0001, 0x07DF, 0xF847, 0x05CC,  0xFD2F, 0x024F, 0x017A, 0xFE60,
  0x04CE, 0xFDE4, 0x0343, 0xFC70,  0x0499, 0xFD54, 0x00AA, 0x02AB,
  0xFCAC, 0x0551, 0xFE01, 0x022F,  0x00D3, 0xFFB5, 0xFE91, 0x0208,
  0x0193, 0xFDF6, 0x0158, 0x0010,  0x0282, 0xFCD5, 0x018E, 0x008F,
  0xFF15, 0x0075, 0xFEA6, 0x025F,  0xFC8A, 0x039C, 0xFD30, 0xFF21,
  0x0609, 0xF833, 0x062D, 0xFE2A,  0xFE02, 0x01BE, 0xFFFF, 0xFEBE,
  0xFFD3, 0x0267, 0xFBAC, 0x05F7,  0xFCD5, 0x0030, 0x0083, 0x0028,
  0xFECB, 0xFFE1, 0x011B, 0xFDF0,  0x0276, 0xFD19, 0x0134, 0x01A7,
  0xFEB7, 0x0099, 0xFFFB, 0xFF4C,  0x01AA, 0xFE95, 0x01BE, 0x0071,
  0xFF49, 0x0297, 0xFE1A, 0x007B,  0x00CC, 0xFD4D, 0x018D, 0x0061,
  0xFE4A, 0x010F, 0x013F, 0xFFE4,  0x0031, 0x0263, 0xFF1D, 0x0020,
  0xFF82, 0xFEB4, 0x009D, 0x012E,  0xFD38, 0x0287, 0x0040, 0xFD89,
  0x0354, 0xFE13, 0x0131, 0xFF05,  0x0274, 0xFE72, 0xFE97, 0x0287,
  0xFEF6, 0xFF9B, 0x0046, 0x01F1,  0xFD5E, 0x01D7, 0xFF12, 0x007D,
  0x000A, 0xFDA8, 0x02BB, 0xFEC3,  0xFE00, 0x01CE, 0xFCDC, 0xFF92,
  0x01D8, 0xFA55, 0x0244, 0xFF77,  0xFCA5, 0x0300, 0xFE89, 0xFC69,
  0x017A, 0xFDB5, 0x01C1, 0xFCAC,  0x024E, 0x0021, 0xFE73, 0x01C2,
  0xFD9D, 0x0381, 0xFC6E, 0x0522,  0xFB10, 0x043C, 0xFE89, 0xFF3C,
  0x030E, 0xFDE0, 0x0073, 0xFFD7,  0x03F5, 0xFB0A, 0x04E4, 0x001C,
  0xFCB4, 0x01A6, 0x027D, 0xFC97,  0x003B, 0x0457, 0xFBB2, 0x0043,
  0x04A8, 0xF867, 0x0433, 0xFF33,  0xFDD1, 0x034D, 0xFF21, 0x00FF,
  0xFEBE, 0x02C8, 0xFE9C, 0x0068,  0x012A, 0x0196, 0xFFB9, 0x01DD,
  0xFEBD, 0x010F, 0xFE72, 0x03C0,  0xFF74, 0xFD2F, 0x0583, 0xFD7A,
  0xFE34, 0x02AD, 0xFF48, 0xFEA9,  0x037A, 0xFD63, 0x0289, 0xFDF3,
  0x003F, 0xFFCA, 0xFF55, 0x032C,  0xFC0F, 0x0377, 0xFC8C, 0x011E,
  0x00C8, 0xFAD3, 0x04EB, 0xFEFD,  0xFD2B, 0x0353, 0xFD8E, 0x0077,
  0x010C, 0xFB33, 0x0583, 0xFC4C,  0xFE38, 0x047E, 0xFCE1, 0xFEBF,
  0x022C, 0xFE3B, 0xFF1C, 0x0136,  0xFDDE, 0x007A, 0xFEF7, 0xFFBD,
  0x0216, 0xFD71, 0xFFF6, 0x0268,  0xFB41, 0x02DE, 0xFD27, 0x006E,
  0x018B, 0xFF6D, 0x007E, 0xFF0D,  0x0137, 0xFD46, 0x016D, 0xFEE3,
  0x00C0, 0x00F8, 0xFF21, 0xFFEB,  0x0104, 0xFE1A, 0x0099, 0xFFEB,
  0x0024, 0x0111, 0xFD44, 0x0547,  0xFE55, 0xFF21, 0x044B, 0xFC65,
  0x04D4, 0xFB16, 0x0440, 0xFED6,  0x0003, 0x0120, 0xFDE3, 0x041E,
  0xFA56, 0x07B5, 0xF9BF, 0x042F,  0xFEC0, 0x0032, 0x01F0, 0xFF56,
  0x00A5, 0x0239, 0xFE4E, 0xFFB6,  0x0466, 0xF7A7, 0x0613, 0xFE2F,
  0xFD46, 0x039B, 0x00FD, 0xFBE5,  0x06FC, 0xFC57, 0x0028, 0x0349,
  0xFCE8, 0xFF63, 0x008F, 0x029A,  0xF988, 0x059B, 0xFE4E, 0xFDA0,
  0x055B, 0xFC9C, 0x00D0, 0x0155,  0xFEC3, 0x002A, 0xFEED, 0x00F1,
  0xFFE5, 0xFF8E, 0xFE79, 0x0310,  0xFBA5, 0x0203, 0x00ED, 0xFBAE,
  0x03BB, 0xFDC3, 0x00E8, 0xFF7A,  0x002F, 0xFE6D, 0x0039, 0xFE28,
  0x0271, 0xFF83, 0xFC0C, 0x068C,  0xF7AF, 0x0599, 0xFCCA, 0xFF0F,
  0x04AB, 0xFAFA, 0x0660, 0xF911,  0x085E, 0xF7A9, 0x02D5, 0x000C,
  0xFBE7, 0x06CD, 0xF7B3, 0x080B,  0xF9B2, 0x0254, 0x0112, 0xFDFA,
  0xFFF1, 0x012F, 0xFCFC, 0x0100,  0x01AD, 0xFDDA, 0x02D3, 0xFDD5,
  0x00D3, 0xFD48, 0x03BA, 0xF9DF,  0x0431, 0x0022, 0xFD4A, 0x02CC,
  0xFF39, 0x003E, 0xFF34, 0x0148,  0xFC14, 0x0480, 0xFBF3, 0x00F5,
  0x01F8, 0xFD74, 0x00AC, 0xFD9C,  0x05AB, 0xFA24, 0x0465, 0x0052,
  0xFD71, 0x05AF, 0xF96D, 0x07A3,  0xFB2D, 0x00B8, 0x0419, 0xFC2D,
  0x005A, 0x0296, 0xFF8F, 0xFCB0,  0x0762, 0xFAB7, 0x0308, 0xFF94,
  0xFE52, 0x02EA, 0xFBD8, 0x062E,  0xFC59, 0x018F, 0xFFCE, 0x0022,
  0x0056, 0xFCF6, 0x03A7, 0xFE20,  0x0260, 0xFEA5, 0xFFFD, 0x035C,
  0xFEC8, 0xFC54, 0x07CE, 0xFAAD,  0xFCB6, 0x0895, 0xF800, 0x01A9,
  0x0380, 0xFB3E, 0x02F9, 0x0086,  0xFD87, 0x0063, 0x0051, 0xFF1F,
  0x0147, 0xFE36, 0xFFFB, 0x046D,  0xF802, 0x060B, 0xFC66, 0xFFBA,
  0x01E7, 0xFCBE, 0x043E, 0xFA5A,  0x0705, 0xFA22, 0x018E, 0x031B,
  0xFB66, 0x034F, 0xFF11, 0x004F,  0xFFB3, 0xFF4C, 0x0030, 0x00BA,
  0xFBFD, 0x042C, 0xFD00, 0x01B9,  0x01AE, 0xFD5A, 0x047A, 0xFBE2,
  0x023C, 0xFE80, 0xFD03, 0x0429,  0xFE3E, 0xFF4D, 0x0315, 0xFE56,
  0x0250, 0xFCF2, 0x020F, 0x0040,  0xFBF0, 0x042A, 0xFD21, 0x012D,
  0x01B4, 0xFD53, 0x03F8, 0xFDAD,  0xFF39, 0x019A, 0xFF3F, 0xFFE0,
  0xFF8B, 0x0130, 0x0095, 0x002D,  0xFDB0, 0x06CA, 0xF807, 0x03EE,
  0x0110, 0xFAC3, 0x03BB, 0xFD97,  0x036A, 0xFA86, 0x0706, 0xFCCC,
  0xFE96, 0x044E, 0xFBF1, 0x050E,  0xFBFE, 0x02BD, 0x002B, 0xFE57,
  0x0083, 0xFE04, 0x02CA, 0xFE2F,  0x00DA, 0xFF68, 0x036E, 0xFDD0,
  0xFE24, 0x0752, 0xF88A, 0x0281,  0x0247, 0xFA8F, 0x0550, 0xFCA9,
  0x01A5, 0xFF3F, 0xFE98, 0x0151,  0x0009, 0xFCEB, 0x03A6, 0xFFF7,
  0xFF0A, 0x0155, 0xFF37, 0x0130,  0xFDFD, 0x024B, 0xFC5A, 0x039D,
  0xFDA7, 0x0062, 0xFE64, 0x02E9,  0xFDF3, 0xFE2C, 0x0311, 0xFFAA,
  0xFE4C, 0x0153, 0x00BA, 0xFD15,  0x01DA, 0x0013, 0x010E, 0xFBA1,
  0x03D4, 0xFDFD, 0xFFE2, 0xFFD7,  0x0377, 0xFCA8, 0x01F2, 0xFFE2,
  0xFE70, 0x0206, 0xFDD1, 0x014C,  0xFE8E, 0x0479, 0xF7D8, 0x0754,
  0xFEBA, 0xFBC5, 0x04DE, 0xFC8E,  0x045F, 0xFAFA, 0x0579, 0x005C,
  0xFA39, 0x0823, 0xF97F, 0x0195,  0x024D, 0xFAC3, 0x05ED, 0xFBB7,
  0x00FA, 0x01C8, 0xFE13, 0x01E7,  0xFE29, 0x02D1, 0xFD0C, 0xFF04,
  0x072E, 0xF9B2, 0xFF13, 0x08B1,  0xF517, 0x071C, 0xFD25, 0xFFE1,
  0x0145, 0xFD82, 0x059F, 0xF80D,  0x0AA2, 0xF6B9, 0x0399, 0x04A1,
  0xF95E, 0x0534, 0x020B, 0xFA80,  0x024F, 0x0294, 0xF9D1, 0x0223,
  0x0022, 0x006A, 0xFEC3, 0x0180,  0x00C4, 0xFD0E, 0x025B, 0xFEBA,
  0xFF36, 0x030B, 0xFBB7, 0x03EC,  0xFEDE, 0xFFAF, 0xFEA6, 0x0433,
  0xFA71, 0x01E3, 0x03FF, 0xF740,  0x0B37, 0xF790, 0x0157, 0x07A1,
  0xF6F7, 0x031A, 0x02FF, 0xFD35,  0xFD5B, 0x06F2, 0xFB58, 0xFE19,
  0x0725, 0xF60C, 0x08E0, 0xFAFE,  0xFDE7, 0x09B4, 0xF8D6, 0x0077,
  0x01FA, 0xFDB2, 0xFCAD, 0x0512,  0xF8EB, 0x0935, 0xFC81, 0xFD19,
  0x0A16, 0xF3DA, 0x0981, 0xFA20,  0x019D, 0xFF8F, 0xFE5C, 0x02C8,
  0xFD0C, 0x02BB, 0xFF2F, 0x0280,  0xFC14, 0x03FF, 0xFDF6, 0xFE85,
  0x03F6, 0xFAD5, 0x02C4, 0x0414,  0xF6AB, 0x0A52, 0xF9CE, 0xFEE9,
  0x07E3, 0xF787, 0x0554, 0xFF11,  0x0008, 0xFF7A, 0x0059, 0x0135,
  0xFD62, 0x03B4, 0xFB48, 0x04CF,  0xFEE3, 0xFC0B, 0x0657, 0xF983,
  0x04B4, 0xFBF7, 0x0032, 0x04B8,  0xF899, 0x0669, 0x0095, 0xFA8A,
  0x04DF, 0xFDBA, 0x00B1, 0xFDF3,  0x027C, 0xFF60, 0xFDD5, 0x05DF,
  0xFA7B, 0x0207, 0x01BF, 0xFA72,  0x0589, 0xFDC3, 0xFD9E, 0x0490,
  0xFE0B, 0xFFE3, 0x0092, 0x0126,  0xFAE9, 0x070F, 0xF918, 0x026B,
  0x03F6, 0xF703, 0x0971, 0xFB80,  0x009D, 0xFE8E, 0x027E, 0xFD6E,
  0xFED5, 0x06B9, 0xF967, 0x0326,  0xFF64, 0xFF3B, 0x0186, 0xFE1D,
  0x006B, 0x02F2, 0xF926, 0x06B5,  0xFFE1, 0xF917, 0x0846, 0xFA91,
  0x0072, 0x02EF, 0xFBF6, 0x02C3,  0x007E, 0xFF34, 0xFD54, 0x0346,
  0xFF74, 0xFA0C, 0x081A, 0xFD7A,  0xFED2, 0x01C5, 0x00C0, 0xFE7F,
  0xFFB9, 0x0199, 0xFEDC, 0xFDDF,  0x0418, 0xFCCA, 0x0149, 0xFEAC,
  0x0322, 0xFB77, 0x01FF, 0x04F0,  0xF408, 0x0E67, 0xF658, 0x01EA,
  0x05F5, 0xF706, 0x051A, 0x041D,  0xF317, 0x0D29, 0xF9F6, 0xFCBA,
  0x0996, 0xF68C, 0x0651, 0xFCFE,  0x04AB, 0xF6E3, 0x0BA1, 0xF8B6,
  0xFD2E, 0x0C0A, 0xF3DE, 0x075F,  0x0058, 0xFA67, 0x06BD, 0xF9D4,
  0x0297, 0x03B4, 0xF8E1, 0x05F4,  0xFEF9, 0xFDCB, 0x0197, 0x006E,
  0xFB27, 0x05A6, 0xFCA5, 0xFEC8,  0x00B3, 0x0390, 0xF8BC, 0x0499,
  0x028D, 0xF922, 0x08F5, 0xFB1F,  0x0113, 0x0116, 0x0269, 0xF7E9,
  0x0B0E, 0xF75D, 0x0086, 0x0515,  0xF90A, 0x045C, 0xFFDC, 0xFE03,
  0x0298, 0x0046, 0xFA4F, 0x0822,  0xF71A, 0x05CD, 0xFB58, 0x0326,
  0x014E, 0xFB85, 0x05B5, 0xFC97,  0x0087, 0xFF75, 0xFEB6, 0x01AC,
  0xFF14, 0xFFE9, 0xFFDA, 0xFFFF,  0x033C, 0xFB71, 0x04A5, 0xFEA3,
  0xFFB6, 0x049F, 0xF904, 0x0459,  0xFF67, 0xF973, 0x0945, 0xF88C,
  0x00D0, 0x0492, 0xFA2A, 0x0193,  0x043D, 0xF9D7, 0x03D2, 0x0317,
  0xF6FA, 0x06DF, 0xFF43, 0xFC3C,  0x0412, 0xFE57, 0x002C, 0xFFC2,
  0x01DB, 0xFD55, 0x0079, 0x0395,  0xFB93, 0x05A9, 0xFCA7, 0x0306,
  0xFDEE, 0x04DE, 0xF782, 0x0680,  0xFD75, 0xFA42, 0x096C, 0xF5F1,
  0x0A3D, 0xF796, 0x03C1, 0xFFAD,  0xFFBF, 0xFCCB, 0x055E, 0xFB2A,
  0x0002, 0x06C2, 0xF5F2, 0x09FA,  0xF7B2, 0x04C9, 0xFF72, 0xFDB0,
  0x03F1, 0xFD71, 0x03C2, 0xFA35,  0x0599, 0xFDCB, 0xFD84, 0x062C,
  0xF8B6, 0x0626, 0xFD47, 0x011F,  0x0004, 0xFD5A, 0x0350, 0xFB4A,
  0x01C4, 0x0382, 0xF9CD, 0x0492,  0x0138, 0xFDA3, 0x008B, 0xFE9A,
  0x031C, 0xF84B, 0x0A0F, 0xF83A,  0x0442, 0x00A9, 0xFDFE, 0x01F2,
  0xFF45, 0xFFEA, 0xFE63, 0x04E7,  0xF6AD, 0x09F2, 0xFA2F, 0x002D,
  0x0329, 0xFD82, 0xFEB6, 0x0138,  0x038F, 0xF839, 0x0975, 0xFA2D,
  0x013F, 0x0410, 0xF760, 0x0C04,  0xF2FF, 0x08EF, 0xFCC1, 0xFD3C,
  0x0590, 0xF884, 0x09BC, 0xF5DA,  0x0877, 0xFBAB, 0x0103, 0x0201,
  0xFCF0, 0x0300, 0xFE7E, 0x00C0,  0xFD6C, 0x061C, 0xF6AC, 0x084A,
  0xFE14, 0xFCD7, 0x053B, 0xFB54,  0x0773, 0xF5BB, 0x0890, 0xFD1B,
  0xFFCD, 0xFD1D, 0x02B1, 0x02E6,  0xF414, 0x0E68, 0xF5EF, 0x001C,
  0x08EB, 0xF390, 0x0A3E, 0xFFE4,  0xF5EE, 0x0F5D, 0xF444, 0x011E,
  0x0857, 0xF3EB, 0x092D, 0xFFA3,  0xF7D9, 0x0E5D, 0xF492, 0x04F4,
  0x007C, 0xFC5A, 0x04B3, 0xFA99,  0x081A, 0xF5DA, 0x0B2D, 0xF651,
  0x0497, 0x0008, 0xF925, 0x0D17,  0xF056, 0x0B41, 0xFE2D, 0xFAA5,
  0x0837, 0xFB5F, 0xFDA5, 0x05E7,  0xFC45, 0xFC50, 0x0B40, 0xF5F8,
  0x03A5, 0x00DD, 0xFE63, 0xFD3F,  0x0361, 0x010A, 0xF9AE, 0x08A6,
  0xF985, 0x0262, 0x0311, 0xFC77,  0xFF22, 0x053D, 0xF746, 0x0448,
  0x0030, 0xFCCF, 0x04AC, 0xFDA3,  0x02B4, 0xFB44, 0x0688, 0xFAE6,
  0x0184, 0x0047, 0xFECF, 0x0382,  0xF9EC, 0x06CE, 0xFA49, 0x003F,
  0x0735, 0xF5CB, 0x0841, 0xFE3E,  0xFDE0, 0x0347, 0xFC12, 0x04F1,
  0xFAF6, 0x0479, 0xFBE2, 0x03E6,  0xFC35, 0x01D3, 0xFFBF, 0xFE46,
  0x0336, 0xF9F6, 0x06ED, 0xF940,  0x051D, 0xFDDC, 0x00BE, 0x00B3,
  0xFCD2, 0x0272, 0xFC96, 0x0004,  0x013D, 0xFF58, 0x039C, 0xFECA,
  0x01B1, 0xFF56, 0xFF04, 0x02BF,  0xFA4E, 0x04DE, 0xFF3D, 0xFDCB,
  0x0466, 0xFD0F, 0x01E9, 0xFEEC,  0xFF8D, 0x0574, 0xF6A2, 0x08BB,
  0xFBDC, 0xFD23, 0x06AC, 0xF7B4,  0x0638, 0xFDE5, 0xFF02, 0x013C,
  0xFEBC, 0x0067, 0xFBC8, 0x0609,  0xFAF7, 0xFFCB, 0x08E8, 0xF6F4,
  0x027A, 0x03E8, 0xF739, 0x07C3,  0xFD43, 0xFF00, 0x01F2, 0xFFBE,
  0xFFA1, 0xFDAB, 0x0711, 0xF6A9,  0x05B2, 0xFF49, 0xFF09, 0x0078,
  0x0335, 0xFA93, 0x0808, 0xF844,  0x028F, 0x01F7, 0xF842, 0x0A35,
  0xF785, 0x06A7, 0xF923, 0x079F,  0xF97E, 0x03E8, 0xFDF4, 0x0445,
  0xFBE3, 0x0018, 0x02CC, 0xFB9E,  0x0333, 0xFEC6, 0x0088, 0xFE9A,
  0x048B, 0xF809, 0x0639, 0xFCDC,  0x011B, 0xFFE9, 0x00EE, 0xFDE1,
  0x0353, 0xF991, 0x05F0, 0xFC61,  0xFFAC, 0x0504, 0xFC5B, 0xFE80,
  0x0713, 0xFB71, 0x004A, 0x04C6,  0xF786, 0x0903, 0xF7DC, 0x05BC,
  0xFA4E, 0x041B, 0xFD05, 0x021A,  0x0034, 0xFD32, 0x008E, 0x0355,
  0xF868, 0x05BF, 0x0053, 0xFE5C,  0x01CC, 0xFCE3, 0x0338, 0xFAC2,
  0x0532, 0xFAB4, 0x04C1, 0xFED3,  0x017F, 0xFB62, 0x0AEB, 0xF37E,
  0x0A8D, 0xF8EA, 0x0286, 0x02C4,  0xFA67, 0x039A, 0xFD2E, 0x037C,
  0xFAF2, 0x06C7, 0xF9F5, 0x0541,  0xF992, 0x074F, 0xF9D5, 0x0541,
  0xF993, 0x08A2, 0xF7A0, 0x02F4,  0x0578, 0xF4EE, 0x09F4, 0xFC1C,
  0xFF37, 0x01A5, 0x00A0, 0xFDB7,  0x005A, 0x0147, 0xFE2B, 0xFD4B,
  0x073A, 0xF926, 0x0664, 0xFC9E,  0x0287, 0xFB93, 0x02DA, 0xFE09,
  0x0005, 0x0143, 0x0146, 0xFE3D,  0x02D7, 0x01F0, 0xF835, 0x09B4,
  0xF66B, 0x024F, 0x034A, 0xF887,  0x05AD, 0xFF63, 0xFB74, 0x0701,
  0xFD9D, 0xFDD9, 0x0519, 0xFDFC,  0xFC21, 0x07FB, 0xF881, 0x0515,
  0xFC83, 0x022E, 0xFF0F, 0xFFD3,  0x00A6, 0xFD5A, 0x0534, 0xFAAD,
  0x0201, 0x0328, 0xFB0A, 0x02B8,  0x011B, 0xF9AD, 0x0760, 0xFD5A,
  0xFF54, 0x0203, 0x0266, 0xF6D7,  0x0AD5, 0xF829, 0x0075, 0x03A7,
  0xFCCA, 0x0290, 0xFE54, 0x019E,  0xFD3F, 0x03CC, 0xFD4B, 0x0002,
  0x020D, 0x0002, 0xFB5F, 0x060E,  0xFCD7, 0xFF2E, 0x023B, 0xFF2D,
  0x0066, 0xFEA8, 0x033F, 0x00C7,  0xF96D, 0x09D7, 0xF984, 0xFFDD,
  0x0333, 0xFC16, 0x02D0, 0xFE09,  0xFF72, 0x0175, 0x00F3, 0xFC6E,
  0x047D, 0xFEEF, 0xFF76, 0xFF83,  0x0305, 0xFC58, 0x0339, 0xFCEE,
  0x0039, 0x0206, 0xFC36, 0x03C0,  0xFE4C, 0x0076, 0x0241, 0xFA3F,
  0x07F2, 0xF96F, 0x0015, 0x0471,  0xFA7B, 0x0546, 0xFDD3, 0x0109,
  0xFD2B, 0x03F2, 0xFC35, 0x01F2,  0xFE8D, 0x00CD, 0xFEE0, 0x0134,
  0xFF3B, 0xFEC7, 0x0169, 0xFE83,  0x02F6, 0xFD83, 0x0138, 0x0211,
  0xFA88, 0x077B, 0xFBBB, 0xFFA1,  0x0626, 0xF775, 0x09E7, 0xF530,
  0x057C, 0x0057, 0xFA1B, 0x0723,  0xFDD0, 0x021E, 0xFC70, 0x0338,
  0xFFC6, 0xFAE6, 0x0669, 0xFC1D,  0xFEF0, 0x0485, 0xFA8A, 0x02D1,
  0x02A3, 0xFAD0, 0x04A6, 0xFE13,  0xFE9A, 0x01DC, 0xFEBB, 0x0291,
  0xFBF1, 0x0320, 0x0008, 0xFA12,  0x06A8, 0xFDFC, 0xFDA8, 0x049C,
  0xFD6F, 0x001F, 0x0118, 0x006B,  0xFCFC, 0x04EF, 0xF799, 0x0AD4,
  0xF873, 0x012A, 0x07FD, 0xF50A,  0x09D3, 0xF6BA, 0x063E, 0xFA90,
  0x017A, 0x0174, 0xF959, 0x0A18,  0xF8EA, 0x01E4, 0x0422, 0xF8E3,
  0x062C, 0xFD45, 0xFE90, 0x04FE,  0xF8F6, 0x045A, 0x01DB, 0xF95A,
  0x03B3, 0x00B6, 0xFAAE, 0x06AA,  0xFC58, 0x0071, 0x01EA, 0xFF4A,
  0xFE29, 0x0274, 0x026C, 0xFB12,  0x06A7, 0xFBDE, 0x02A6, 0xFCBA,
  0x00D6, 0xFE7C, 0x017B, 0xFE38,  0x00B0, 0x0016, 0xFFDB, 0xFF5D,
  0x0099, 0x0192, 0xFAC0, 0x0628,  0xFA1D, 0x03C1, 0x0020, 0xFE87,
  0x0106, 0xFF8A, 0xFC63, 0x045C,  0xFB8B, 0x039B, 0xFEB2, 0xFE57,
  0x04B1, 0xFBC3, 0xFFA7, 0x03CD,  0xFC39, 0x02FF, 0x0044, 0x00F9,
  0xFF5F, 0xFE29, 0x057D, 0xF83F,  0x07BE, 0xF7D9, 0x0678, 0xFB65,
  0x0336, 0xFDB2, 0x01B9, 0x02C4,  0xFA35, 0x0514, 0xFCDC, 0xFFE9,
  0x00A1, 0x0249, 0xFA2E, 0x09F8,  0xF532, 0x0862, 0xFD71, 0xFBE8,
  0x0688, 0xF6A0, 0x0855, 0xFA52,  0x013F, 0x0109, 0x00EB, 0xFDE2,
  0x0061, 0x05DB, 0xF8AC, 0x04BC,  0xFE04, 0x0020, 0x0168, 0xFCC9,
  0x060E, 0xFCA5, 0xFE54, 0x0265,  0xFF5C, 0xFF8B, 0xFEB1, 0x03CA,
  0xFCF2, 0x0188, 0xFD5B, 0xFFD3,  0x0452, 0xF5A9, 0x0907, 0xFC4D,
  0xFE09, 0x071E, 0xF985, 0x034C,  0xFFCD, 0xFE68, 0x0291, 0xFEA0,
  0xFFEB, 0x01A6, 0x0169, 0xFE3C,  0xFF18, 0x0674, 0xF748, 0x02E0,
  0x0491, 0xF84A, 0x06A4, 0xFDCB,  0xFF9D, 0x02CA, 0xFB72, 0xFEBC,
  0x0367, 0xF9AC, 0x0425, 0x0094,  0xFC48, 0x06C0, 0xF826, 0x0255,
  0x0421, 0xF786, 0x05CE, 0x00CE,  0xFBCF, 0x03C6, 0xFDFB, 0x0567,
  0xF8B0, 0x05A4, 0x00F6, 0xFC43,  0x01F4, 0xFE92, 0x047D, 0xF868,
  0x0707, 0xFE0D, 0xFEE8, 0x01F7,  0xFD42, 0x029D, 0xFFE0, 0xFDBF,
  0x0362, 0xFD8A, 0xFD50, 0x03C2,  0xFB94, 0x0163, 0x0044, 0xFFDA,
  0xFE31, 0x0304, 0xFBC3, 0x02A1,  0x0000, 0xFF7D, 0x029A, 0xFD3A,
  0x0671, 0xF8E6, 0x04DF, 0xFEDE,  0xFD14, 0x034D, 0xFD89, 0x000B,
  0x02AB, 0xFC36, 0x034C, 0xFFE6,  0xFCF4, 0x0334, 0x01CE, 0xFD8D,
  0xFE06, 0x0865, 0xF83B, 0x02C8,  0xFDDD, 0x0272, 0xFB47, 0x045B,
  0xFEB4, 0xFD46, 0x066A, 0xF9C3,  0x054C, 0xFC7C, 0x0245, 0xFC77,
  0x05F0, 0xF9F3, 0x02FD, 0x006D,  0xFB9D, 0x066D, 0xFBD4, 0xFFD3,
  0x0157, 0xFB61, 0x0211, 0x03E2,  0xF9C3, 0x0794, 0xFC6F, 0x01C9,
  0xFF53, 0xFEF5, 0x0294, 0xFCC2,  0x0070, 0x01F3, 0xFC54, 0x02EE,
  0xFE8F, 0xFF47, 0x012D, 0xFBD8,  0x0638, 0xF95F, 0x0640, 0xFEF7,
  0xFDDE, 0x0388, 0xFC51, 0x012E,  0x0129, 0xFD19, 0xFF70, 0x0336,
  0xFDCA, 0xFFF3, 0xFFE0, 0x0270,  0xFC2A, 0x0248, 0x0243, 0xFD6E,
  0x0304, 0xFB98, 0x0358, 0xFF00,  0xFF35, 0x00E4, 0xFFED, 0x01B3,
  0x0006, 0xFE63, 0xFE33, 0x02F6,  0xFD9E, 0x0164, 0xFF0D, 0x01C9,
  0xFD6E, 0x0360, 0xFB89, 0x022D,  0xFFEE, 0xFE40, 0x041F, 0xFC40,
  0x05C8, 0xFB43, 0x03EE, 0xFC41,  0x0100, 0x0031, 0xFC35, 0x054F,
  0xFE21, 0xFE52, 0x02F5, 0x0112,  0xFCF4, 0x013F, 0x014F, 0xFCD1,
  0x034A, 0xFF31, 0xFABE, 0x06B5,  0xFD2E, 0xFCFD, 0x0583, 0xFA77,
  0x025A, 0x007B, 0xFE6E, 0x0435,  0xFAFA, 0x0393, 0xFE64, 0xFF2F,
  0x03BC, 0x0080, 0xFEE4, 0x0197,  0xFECE, 0xFD3F, 0x0126, 0x0176,
  0xF9FD, 0x0791, 0xFE67, 0xFACD,  0x0724, 0xF9A1, 0x052A, 0xFA6B,
  0x028B, 0x01E8, 0xFCFC, 0x0348,  0xFCEF, 0x00A6, 0x01FA, 0xFCDD,
  0x0240, 0xFFCB, 0xFD1F, 0x024D,  0xFF27, 0xFF0E, 0x01F6, 0xFDBB,
  0x00CD, 0x0226, 0xFDDE, 0x0310,  0xFD7F, 0x02E4, 0xFDA6, 0x0112,
  0x00D1, 0xFDA8, 0x00A3, 0xFF81,  0x000A, 0x012E, 0xFF68, 0xFED0,
  0x0076, 0x005A, 0xFE8C, 0xFF38,  0xFF33, 0x0256, 0x0040, 0xFDFC,
  0x0436, 0xFA9E, 0x0425, 0xFCD9,  0xFEDA, 0x00F3, 0x008C, 0xFDDA,
  0x033C, 0x0076, 0xFACF, 0x0927,  0xF5B2, 0x04D5, 0x00CA, 0xFD18,
  0x05C2, 0xFE55, 0x003E, 0x0164,  0xFDB0, 0x0088, 0x010B, 0xFD2C,
  0x02A1, 0xFE74, 0x0081, 0xFE32,  0x007A, 0xFF59, 0xFFA5, 0xFDF0,
  0x035C, 0xFF7A, 0xFDE1, 0x04D8,  0xFEA2, 0xFFF6, 0x005D, 0xFDC9,
  0x031D, 0xFD25, 0xFE87, 0x06E6,  0xF9F9, 0x0350, 0xFF86, 0xFFA9,
  0x019F, 0xFE73, 0x00CF, 0xFDC5,  0x02B6, 0xFF7A, 0xFFD2, 0x0224,
  0xFC1F, 0x01F8, 0xFDFE, 0xFF45,  0x04B5, 0xF9F2, 0x0607, 0xFED2,
  0xFA17, 0x068F, 0xF9ED, 0xFD7B,  0x0868, 0xFB8F, 0x0218, 0x04B2,
  0xFDC3, 0xFF6C, 0x0188, 0xFDE0,  0xFF11, 0x0485, 0xF8E5, 0x05A8,
  0x01AC, 0xFA37, 0x05EA, 0xFD16,  0xFC37, 0x03CD, 0xFF8F, 0xFC96,
  0x08B9, 0xFA9F, 0x01B8, 0x0149,  0xFB2B, 0x0321, 0xFC6E, 0x0267,
  0xFDB3, 0x02DF, 0xFF41, 0x02B2,  0xFD15, 0x00C6, 0x00D1, 0xF99A,
  0x050F, 0xFD07, 0x01E9, 0x0266,  0xFD92, 0x03CA, 0xFC8C, 0xFFDE,
  0xFF1A, 0xFEFB, 0x03F9, 0xFEBD,  0x01C0, 0x0067, 0xFFB9, 0xFD6B,
  0x00E9, 0xFCB9, 0x01BF, 0xFFD4,  0x0130, 0x0215, 0x005D, 0xFEA9,
  0xFF02, 0x00AE, 0xFD51, 0xFEAF,  0x0123, 0x0367, 0xFB0E, 0x06A6,
  0xFC46, 0xFD55, 0x0405, 0xF976,  0x011C, 0x01EB, 0x00B6, 0x00B6,
  0x0070, 0x01A9, 0xFACD, 0x0394,  0xFF37, 0xFA93, 0x0463, 0x0115,
  0xFE00, 0x0499, 0xFE18, 0xFE72,  0x02A3, 0xFA31, 0x04AD, 0x0163,
  0x00D2, 0x0157, 0x010C, 0x0007,  0xFEC6, 0xFE14, 0xFDD6, 0x0048,
  0x0143, 0xFE5C, 0x024B, 0x01A6,  0xFDBD, 0x00A0, 0xFD1D, 0xFE02,
  0x0069, 0x0186, 0xFEEB, 0x0361,  0x0001, 0x0071, 0xFE5A, 0xFED6,
  0x003C, 0xFCA1, 0x043D, 0x0070,  0xFF0E, 0x025C, 0xFEE6, 0x00FD,
  0xFE0E, 0xFED5, 0x01F2, 0xFE58,  0x0096, 0x0302, 0xFEB5, 0xFEE6,
  0x04FD, 0xF906, 0x0120, 0x0151,  0xFCD9, 0x01EA, 0x026A, 0xFE60,
  0xFE02, 0x0774, 0xF70E, 0x01EB,  0x04C3, 0xF995, 0x040D, 0x0504,
  0xFBFF, 0x0180, 0x00DC, 0xFA70,  0x010C, 0x0036, 0xFE4F, 0x01E2,
  0x037F, 0xFDD2, 0x0260, 0x022C,  0xFA51, 0x03C1, 0xFE30, 0xFBF8,
  0x061F, 0xFBDD, 0x037B, 0xFEC8,  0xFED5, 0x0113, 0xFDA5, 0xFEC3,
  0x0260, 0xFFC2, 0xFF0D, 0x0400,  0xFCC4, 0x00B9, 0xFE7D, 0x0016,
  0xFCD8, 0x0363, 0xFE58, 0xFFA3,  0x03AC, 0xFD5E, 0x0013, 0x0385,
  0xFCB7, 0x000F, 0x02D1, 0xFF2B,  0x01DD, 0xFF99, 0x0260, 0xFCDF,
  0x010D, 0xFE4D, 0xFF54, 0xFD7C,  0x04B5, 0xFEAF, 0x0090, 0x00AA,
  0xFB2C, 0x035C, 0xFB5B, 0x00B2,  0x01FB, 0xFFD7, 0xFDF0, 0x02E3,
  0xFFBA, 0xFD97, 0x0133, 0xFFF3,  0xFFB3, 0x02AB, 0xFEF9, 0x004A,
  0x0410, 0xFCDE, 0x0194, 0x01C3,  0xFDB0, 0x006C, 0x019E, 0xFE06,
  0x005C, 0x0045, 0xFEC9, 0x013B,  0xFE14, 0x003D, 0xFF6A, 0x0076,
  0x0146, 0xFE75, 0x0243, 0xFF77,  0xFDB8, 0x0382, 0xFD8D, 0x0004,
  0x02A6, 0xFCE1, 0xFFE1, 0x025D,  0xFC00, 0x0063, 0x01F2, 0xFD15,
  0x00C0, 0x00A8, 0x0147, 0xFFC6,  0x00B7, 0xFCF3, 0x026D, 0xFD56,
  0xFED5, 0x02E1, 0xFE5F, 0x0189,  0x0156, 0xFF61, 0xFFD7, 0x0186,
  0xFD1B, 0x0127, 0x01F2, 0xFDEC,  0x00EC, 0x0082, 0xFC97, 0x006E,
  0xFF4E, 0xFDD2, 0x0109, 0x008F,  0x0034, 0x00C7, 0x01D0, 0xFF54,
  0xFE01, 0x01D8, 0xFECA, 0x00D0,  0xFF46, 0x0187, 0x0104, 0xFE60,
  0x016D, 0xFF87, 0xFFD1, 0xFFEA,  0x017D, 0xFF7A, 0x0212, 0xFFAF,
  0x0050, 0xFE99, 0xFF75, 0x003E,  0xFC68, 0x041A, 0xFE7A, 0xFE2E,
  0x047E, 0xFC29, 0x00D8, 0x0058,  0xFD44, 0xFFDE, 0xFEEF, 0x0208,
  0xFEA2, 0x0178, 0x00A2, 0xFF0E,  0xFEF6, 0x011E, 0xFDF9, 0x0187,
  0x0212, 0xFFD4, 0x04A5, 0xFE5B,  0x02BB, 0xFD93, 0x005E, 0x00B9,
  0xFF04, 0x0065, 0x0155, 0xFF46,  0xFDEC, 0x0233, 0xFB69, 0xFF86,
  0x00F3, 0xFF1A, 0xFEDA, 0x0238,  0xFF29, 0x0052, 0x00E6, 0xFCCA,
  0x01F8, 0xFF5F, 0xFEEF, 0x02DA,  0xFEE8, 0x020E, 0x0182, 0xFF06,
  0x0169, 0xFF55, 0xFEC6, 0x00E1,  0x00A6, 0xFF82, 0x0103, 0xFF9C,
  0x0138, 0xFD9A, 0x0008, 0xFECA,  0xFFC4, 0xFEE4, 0xFEFF, 0x026D,
  0xFE68, 0x00BE, 0xFF30, 0x0024,  0xFE1D, 0x0020, 0xFE6A, 0x0208,
  0x0142, 0xFE76, 0x02E7, 0xFE3C,  0xFFF4, 0xFDB4, 0x009F, 0x006C,
  0xFFEF, 0x025E, 0xFFD2, 0x00C5,  0x01A9, 0xFEAE, 0x003C, 0x009F,
  0xFDF4, 0x015D, 0x007A, 0x00ED,  0xFEF3, 0x0161, 0xFEE4, 0xFE51,
  0x0118, 0xFF58, 0xFF5B, 0x0140,  0x0054, 0x00A8, 0x0094, 0xFD68,
  0x0182, 0xFF2E, 0xFDEB, 0x008A,  0xFFBD, 0xFDE8, 0x01C6, 0xFF64,
  0x001D, 0x01EA, 0xFF01, 0xFFF7,  0x01F2, 0xFEC9, 0x0144, 0x02B3,
  0xFEA1, 0x0278, 0xFF53, 0xFE93,  0xFFEA, 0xFF34, 0xFEF1, 0x0040,
  0x008E, 0x0030, 0x0033, 0xFFC0,  0xFF31, 0xFED4, 0xFF88, 0xFEDA,
  0xFEA4, 0x0197, 0xFEB8, 0x00C7,  0x0171, 0xFF06, 0x0038, 0xFF8B,
  0xFFF0, 0x0181, 0x01A7, 0x000B,  0x02C8, 0xFEA2, 0x0166, 0xFF15,
  0xFFBA, 0x006F, 0xFF1B, 0x01BD,  0xFEB4, 0x0150, 0xFE98, 0xFD7C,
  0xFFE1, 0xFDDC, 0xFDE3, 0x01A5,  0xFE8D, 0x0109, 0x00EF, 0xFF24,
  0x00AA, 0xFF85, 0xFDF1, 0x0073,  0x0126, 0xFEFD, 0x01A0, 0x00D8,
  0x0055, 0xFF59, 0x009C, 0xFEAD,  0xFFB9, 0xFFB0, 0x0144, 0x02DE,
  0x00D6, 0x01F9, 0xFF5A, 0x002C,  0xFECB, 0xFF21, 0xFFDF, 0x0146,
  0x00B7, 0x0086, 0x019B, 0xFF3E,  0xFF3A, 0xFEC1, 0xFE6D, 0xFF38,
  0x0025, 0x0041, 0x00F3, 0x006C,  0xFFEC, 0xFF11, 0xFEE5, 0xFEED,
  0xFF33, 0x015F, 0x00F9, 0x020D,  0x01F7, 0xFFDF, 0xFFEB, 0xFFF1,
  0xFFE8, 0xFF6E, 0x018B, 0x0047,  0x01F2, 0xFFD0, 0xFFBE, 0x0038,
  0xFD72, 0xFF5B, 0xFEB4, 0x0025,  0xFFC8, 0x0173, 0xFFE1, 0x004D,
  0xFEFF, 0xFF1F, 0xFF42, 0xFE3E,  0x006C, 0xFFCE, 0x015B, 0x00DD,
  0xFFEB, 0xFF37, 0xFFAC, 0xFF06,  0x0033, 0x008A, 0x00F3, 0x01AB,
  0x00C3, 0x00EB, 0xFFC6, 0xFFDE,  0xFEB7, 0x0008, 0xFF84, 0xFF37,
  0x00E5, 0xFF48, 0x0047, 0xFF7A,  0xFF32, 0xFFB1, 0xFF37, 0xFF77,
  0xFFF3, 0xFF8D, 0x00E2, 0xFFE4,  0xFF5E, 0x007B, 0xFED8, 0xFF6A,
  0xFFFB, 0x002B, 0x00D1, 0x00B3,  0xFFF2, 0x0146, 0xFF7F, 0x0024,
  0x00AD, 0xFF7C, 0x0097, 0xFFE8,  0xFFD5, 0x003E, 0xFFB5, 0xFFEE,
  0x0034, 0xFF4A, 0xFFFC, 0xFFD7,  0xFF89, 0xFFE0, 0x0019, 0xFF33,
  0xFF63, 0xFFFA, 0x0006, 0xFFD6,  0x005E, 0x0055, 0x005E, 0x0092,
  0xFF6E, 0x011F, 0xFFCC, 0xFFD2,  0x00F4, 0xFFE5, 0xFFCC, 0x0043,
  0x0030, 0xFF17, 0x0022, 0xFFCB,  0xFFB9, 0x0067, 0xFFAE, 0x002D,
  0x0100, 0xFFBD, 0xFFC5, 0x005A,  0xFF91, 0x0042, 0xFFF1, 0x003B,
  0x0032, 0xFF94, 0x0032, 0x0044,  0xFFB5, 0xFFF8, 0x00B9, 0x000F,
  0x0051, 0x0013, 0xFFAE, 0xFFEB,  0xFFB0, 0xFF5B, 0x0025, 0xFF8D,
  0xFFF9, 0x00C1, 0xFF45, 0x001B,  0xFFB8, 0xFFDB, 0xFF75, 0x0044,
  0x0037, 0x0008, 0x0055, 0xFFF5,  0x00C7, 0xFFA6, 0x001C, 0x00BD,
  0x0031, 0xFFEF, 0x00D2, 0xFF9A,  0x0056, 0x002A, 0xFF39, 0xFFB7,
  0xFF06, 0xFF72, 0xFFB2, 0xFF9A,  0xFFC8, 0x004E, 0xFFF2, 0x0034,
  0x006D, 0x0000, 0x000B, 0x00B7,  0xFFC6, 0x0053, 0x0045, 0xFF4D,
  0x004B, 0x001E, 0x0009, 0x003B,  0x003C, 0x0079, 0x0041, 0x005C,
  0x0041, 0xFFA0, 0xFFC0, 0xFFDC,  0xFFCB, 0xFFAD, 0x0029, 0x001F,
  0xFFC8, 0x0004, 0x0008, 0xFFBD,  0xFFD4, 0x0033, 0xFFFE, 0xFFE4,
  0x001F, 0x000A, 0xFFF4, 0xFFCF,  0xFFF3, 0x0045, 0xFFB3, 0x004D,
  0x0025, 0xFFEC, 0x0045, 0xFFE5,  0x0013, 0xFFC7, 0xFFD1, 0xFFE5,
  0x0009, 0xFFEE, 0xFFCD, 0x006C,  0xFFFA, 0xFFA9, 0x0070, 0xFFFA,
  0x0009, 0x0035, 0xFFFC, 0x0051,  0xFFD2, 0xFFCF, 0xFFFE, 0xFFCA,
  0xFF91, 0xFFE5, 0xFFD8, 0xFFA9,  0x0000, 0xFFDC, 0x0024, 0x002F,
  0xFFF0, 0x003E, 0x002D, 0x0022,  0x000F, 0x0011, 0x0007, 0x0019,
  0xFFFC, 0xFFFD, 0x0032, 0xFFF5,  0x0016, 0xFFD4, 0xFFEE, 0xFFF7,
  0xFFA9, 0xFFD3, 0xFFE0, 0xFFD0,  0xFFDE, 0xFFE7, 0xFFDC, 0xFFF8,
  0xFFC4, 0x0006, 0x0035, 0x000B,  0x001E, 0x003F, 0xFFFC, 0x0006,
  0x000F, 0x0001, 0x0026, 0x0007,  0x0002, 0x0022, 0xFFF3, 0xFFEA,
  0x001C, 0xFFE2, 0x0014, 0x000F,  0x000B, 0x0028, 0x0001, 0xFFE6,
  0xFFCE, 0xFFDA, 0xFFC2, 0xFFA6,  0xFFC5, 0xFFE7, 0xFFDD, 0x0021,
  0x001C, 0x0019, 0x003A, 0x0024,  0x0030, 0x004B, 0x003C, 0x0029,
  0x0030, 0x0014, 0xFFFA, 0x0011,  0xFFE2, 0xFFE8, 0xFFF0, 0xFFC3,
  0x0007, 0xFFF2, 0xFFEF, 0x0012,  0x0002, 0x000B, 0x0025, 0x000C,
  0x0014, 0x000F, 0x0008, 0x0006,  0x0016, 0x0028, 0x0027, 0x003C,
  0x0028, 0x0030, 0x0015, 0x0000,  0x0005, 0xFFE5, 0xFFDE, 0xFFF1,
  0xFFF8, 0xFFD5, 0xFFF3, 0xFFD2,  0xFFBE, 0xFFD3, 0xFFC0, 0xFFCF,
  0xFFEE, 0xFFDB, 0xFFFE, 0x0011,  0xFFF5, 0x002C, 0x001D, 0xFFFC,
  0x0024, 0x0010, 0x0018, 0x0019,  0x001D, 0x000D, 0x000B, 0x0000,
  0xFFFB, 0x0005, 0xFFFC, 0x000A,  0x0008, 0xFFFA, 0x0001, 0xFFF2,
  0xFFDF, 0xFFF3, 0xFFED, 0xFFF0,  0xFFF3, 0xFFEF, 0xFFFB, 0xFFFA,
  0xFFF4, 0x0008, 0xFFF1, 0x0007,  0x000E, 0x0010, 0x002A, 0x0018,
  0x000F, 0xFFFE, 0x000E, 0x000E,  0xFFFD, 0x0009, 0x0013, 0x001E,
  0x000C, 0xFFF5, 0x0004, 0xFFF0,  0xFFF6, 0x0015, 0x0005, 0xFFEE,
  0x0005, 0x0000, 0xFFF7, 0xFFFF,  0xFFDE, 0xFFE0, 0xFFF8, 0xFFEB,
  0xFFED, 0xFFFC, 0xFFED, 0xFFEE,  0xFFF7, 0xFFED, 0xFFF2, 0x0003,
  0x0005, 0x0011, 0x0012, 0xFFF9,  0x0004, 0xFFF7, 0xFFF3, 0xFFFF,
  0xFFFC, 0xFFFE, 0x0002, 0x0004,  0x0005, 0x0002, 0xFFFC, 0xFFFE,
  0xFFF0, 0xFFFD, 0xFFFE, 0xFFEF,  0xFFFC, 0x000B, 0xFFF5, 0xFFE8,
  0x0000, 0xFFEF, 0xFFF6, 0x0009,  0xFFFB, 0x0002, 0x000A, 0x0002,
  0x0010, 0x0004, 0x000A, 0xFFFD,  0x0002, 0x000B, 0x0012, 0xFFFE,
  0x0005, 0x0002, 0xFFF4, 0x0004,  0xFFF6, 0x0019, 0x0019, 0x0014,
  0x000F, 0x0011, 0xFFF4, 0xFFF4,  0x0003, 0xFFEA, 0x0004, 0x0013,
  0x0009, 0x001F, 0x0000, 0x0004,  0x0008, 0x0005, 0x0005, 0x0004,
  0x0005, 0xFFFE, 0x000B, 0x0009,  0x0001, 0xFFF8, 0x0006, 0x0008,
  0x0008, 0x0005, 0x0008, 0x0001,  0x0000, 0xFFFF, 0xFFF6, 0xFFF9,
  0xFFF8, 0xFFFF, 0xFFF5, 0xFFF2,  0xFFF6, 0xFFEE, 0x0001, 0xFFE4,
  0xFFF4, 0xFFFB, 0xFFF9, 0xFFFF,  0x0002, 0x0005, 0xFFF6, 0xFFFC,
  0xFFFF, 0x0004, 0x0003, 0xFFF4,  0x000A, 0xFFF9, 0xFFFB, 0xFFFA,
  0x0008, 0xFFF9, 0x0003, 0xFFF3,  0xFFFE, 0xFFF9, 0xFFF5, 0xFFFD,
  0xFFF8, 0xFFF7, 0xFFFC, 0xFFFE,  0xFFFE, 0x0009, 0xFFFC, 0xFFF8,
  0x0002, 0x0007, 0x0007, 0x0007,  0x0006, 0x0005, 0x000B, 0x0005,
  0x0011, 0x000A, 0x000D, 0x000C,  0x0000, 0x0008, 0xFFFF, 0xFFFC,
  0xFFFF, 0x0001, 0xFFF7, 0xFFF8,  0xFFED, 0x0000, 0xFFF4, 0xFFF8,
  0xFFFE, 0xFFFF, 0xFFFE, 0x0001,  0x0002, 0xFFFA, 0x0005, 0x0002,
  0xFFFD, 0x0004, 0xFFF9, 0x0001,  0x0002, 0x0003, 0xFFFF, 0x0004,
  0x0000, 0x0006, 0xFFFF, 0x0008,  0x0006, 0xFFFB, 0x0005, 0x0005,
  0x0005, 0x0000, 0x0004, 0x0002,  0x0006, 0xFFF9, 0x0004, 0x0006,
  0x0002, 0x0006, 0x0004, 0x0001,  0x0008, 0xFFFB, 0x0005, 0x0005,
  0x0000, 0x0004, 0x0003, 0x0004,  0x0005, 0x0003, 0x0005, 0x0003,
  0x000A, 0x0000, 0x0006, 0x0004,  0x0009, 0x0003, 0x000A, 0x0000,
  0x0007, 0x0000, 0x0004, 0x0004,  0x0005, 0x0004, 0xFFFD, 0x0006,
  0x0001, 0xFFFE, 0x0002, 0xFFFF,  0x0001, 0xFFFC, 0x0000, 0x0004,
  0xFFFC, 0x0001, 0xFFFC, 0xFFF9,  0xFFFF, 0xFFFA, 0xFFFE, 0xFFFD,
  0xFFFD, 0xFFFC, 0x0000, 0xFFFD,  0xFFF8, 0x0003, 0xFFF9, 0x0000,
  0xFFFA, 0xFFFE, 0xFFFB, 0xFFFE,  0xFFFD, 0x0001, 0xFFFC, 0xFFFC,
  0xFFFC, 0xFFFF, 0xFFFD, 0xFFFF,  0xFFFF, 0xFFFE, 0xFFFD, 0x0002,
  0xFFFC, 0x0003, 0xFFFE, 0x0003,  0xFFFC, 0x0004, 0xFFFC, 0x0003,
  0xFFFC, 0x0007, 0xFFFC, 0x0004,  0xFFFC, 0x0007, 0xFFFB, 0x0000,
  0x0003, 0xFFFF, 0x0003, 0xFFFC,  0x0005, 0xFFFE, 0x0004, 0x0001,
  0x0001, 0x0002, 0x0003, 0x0002,  0xFFFF, 0x0002, 0x0000, 0x0004,
  0x0000, 0x0001, 0x0000, 0x0000,  0x0004, 0xFFFF, 0x0003, 0xFFFD,
  0x0007, 0xFFF9, 0x0005, 0xFFFC,  0xFFFE, 0x0005, 0xFFFB, 0x0007,
  0xFFFB, 0x0007, 0xFFFD, 0x0003,  0xFFFD, 0x0005, 0xFFFD, 0x0005,
  0x0001, 0x0002, 0xFFFF, 0x0002,  0xFFFF, 0x0002, 0xFFFE, 0x0006,
  0x0000, 0x0004, 0x0000, 0x0001,  0x0003, 0xFFFF, 0x0002, 0x0001,
  0xFFFD, 0x0002, 0xFFFF, 0x0000,  0xFFFF, 0xFFFB, 0xFFFF, 0xFFFF,
  0x0004, 0xFFFC, 0x0003, 0xFFFC,  0x000B, 0xFFFA, 0x0004, 0x0002,
  0xFFFC, 0x0004, 0xFFFE, 0xFFFF,  0x0000, 0xFFFE, 0x0001, 0xFFFE,
  0xFFFF, 0x0002, 0xFFFC, 0x0003,  0xFFF8, 0x0005, 0xFFFB, 0x0000,
  0xFFFD, 0x0000, 0xFFFE, 0x0001,  0x0000, 0x0000, 0x0000, 0xFFFD,
  0x0001, 0x0000, 0x0001, 0x0002,  0x0001, 0x0000, 0x0002, 0x0007,
  0x0007, 0x0000, 0x0003, 0xFFFF,  0x0002, 0x0001, 0xFFFF, 0x0007,
  0xFFFF, 0x0002, 0x0002, 0x0000,  0x0003, 0x0004, 0xFFFF, 0x0001,
  0xFFFF, 0x0006, 0x0000, 0x0004,  0xFFFE, 0x0002, 0x0000, 0x0002,
  0x0003, 0x0002, 0x0002, 0x0003,  0x0001, 0x0004, 0x0001, 0x0003,
  0x0000, 0x0005, 0x0000, 0x0002,  0x0002, 0x0001, 0x0003, 0x0003,
  0x0003, 0x0001, 0x0001, 0x0001,  0x0003, 0xFFFC, 0x0003, 0x0001,
  0x0000, 0x0001, 0xFFFF, 0xFFFF,  0x0003, 0xFFFC, 0x0003, 0xFFFE,
  0x0001, 0xFFFF, 0xFFFF, 0x0002,  0xFFFC, 0x0004, 0xFFFC, 0x0002,
  0xFFFE, 0x0000, 0x0003, 0xFFFE,  0x0002, 0xFFFE, 0x0001, 0xFFFE,
  0x0002, 0xFFFF, 0x0000, 0x0004,  0xFFFC, 0x0006, 0xFFFC, 0x0005,
  0xFFFE, 0x0006, 0x0000, 0x0005,  0x0001, 0x0006, 0x0002, 0xFFFF,
  0x0001, 0x0001, 0x0000, 0x0000,  0x0001, 0xFFFF, 0x0003, 0xFFFE,
  0x0008, 0xFFFF, 0x0007, 0x0000,  0x0007, 0x0000, 0x0007, 0xFFFC,
  0x0003, 0xFFFF, 0xFFFF, 0x0002,  0xFFFD, 0x0002, 0xFFFE, 0xFFFE,
  0x0004, 0xFFFC, 0x0004, 0xFFFA,  0x0006, 0xFFFD, 0x0004, 0xFFFB,
  0x0001, 0x0000, 0x0002, 0x0000,  0xFFFE, 0x0006, 0xFFFD, 0x0000,
  0xFFFE, 0x0000, 0x0000, 0x0000,  0x0002, 0x0001, 0x0002, 0x0003,
  0x0005, 0x0001, 0x0004, 0x0000,  0x0004, 0x0002, 0x0001, 0x0005,
  0xFFFF, 0xFFFF, 0x0002, 0xFFFA,  0x0002, 0xFFFB, 0x0001, 0xFFFC,
  0x0000, 0xFFFF, 0xFFFD, 0x0000,  0xFFFC, 0x0001, 0xFFFC, 0xFFFE,
  0xFFFB, 0x0000, 0xFFFE, 0x0002,  0xFFFE, 0x0004, 0x0000, 0xFFFF,
  0x0000, 0x0001, 0x0000, 0x0000,  0x0000, 0xFFFF, 0x0002, 0xFFFE,
  0x0001, 0x0000, 0x0000, 0x0000,  0x0002, 0xFFFE, 0x0003, 0xFFFC,
  0xFFFF, 0x0004, 0xFFFC, 0x0004,  0xFFFB, 0x0004, 0xFFFD, 0x0000,
  0x0000, 0xFFFE, 0x0002, 0xFFFF,  0x0000, 0x0002, 0x0001, 0x0000,
  0x0005, 0xFFFD, 0x0005, 0xFFFE,  0x0004, 0xFFFE, 0x0005, 0x0001,
  0x0007, 0x0000, 0xFFFF, 0x0003,  0xFFFF, 0x0002, 0x0000, 0x0003,
  0xFFFE, 0x0002, 0xFFFE, 0xFFFF,  0x0000, 0xFFFD, 0x0002, 0xFFFF,
  0x0001, 0x0002, 0xFFFE, 0x0002,  0xFFFF, 0x0001, 0xFFFE, 0x0003,
  0xFFFC, 0x0000, 0x0000, 0xFFFE,  0xFFFE, 0xFFFC, 0xFFFF, 0x0000,
  0x0000, 0x0000, 0xFFFF, 0x0001,  0x0001, 0xFFFE, 0x0002, 0xFFFF,
  0x0001, 0xFFFF, 0x0004, 0xFFFD,  0x0003, 0x0001, 0x0000, 0x0002,
  0xFFFF, 0x0003, 0xFFFE, 0x0003,  0xFFFD, 0x0002, 0xFFFE, 0x0003,
  0xFFFE, 0x0003, 0xFFFD, 0x0004,  0xFFFD, 0x0001, 0x0002, 0xFFFE,
  0x0005, 0xFFFD, 0x0002, 0x0001,  0x0001, 0xFFFF, 0x0003, 0x0006,
  0x0004, 0x0001, 0x0000, 0x0001,  0x0000, 0xFFFD, 0x0004, 0x0000,
  0x0004, 0xFFFE, 0x0003, 0x0000,  0x0002, 0x0003, 0xFFFF, 0x0002,
  0x0000, 0xFFFE, 0x0005, 0xFFFE,  0x0003, 0xFFFE, 0x0003, 0xFFFF,
  0x0003, 0x0002, 0xFFFE, 0x0005,  0xFFFE, 0x0002, 0xFFFF, 0xFFFC,
  0xFFFF, 0xFFFC, 0xFFFE, 0xFFFE,  0xFFFA, 0x0002, 0xFFFB, 0xFFFE,
  0x0001, 0xFFFC, 0x0001, 0xFFFD,  0x0001, 0x0000, 0x0000, 0xFFFF,
  0xFFFF, 0xFFFF, 0xFFFE, 0x0001,  0xFFFA, 0x0004, 0xFFFB, 0x0000,
  0x0000, 0xFFFC, 0x0002, 0xFFFC,  0x0002, 0xFFFA, 0x0000, 0xFFFB,
  0xFFFF, 0x0000, 0xFFFE, 0x0002,  0xFFFD, 0x0004, 0xFFFD, 0x0002,
  0xFFFD, 0x0002, 0xFFFD, 0x0003,  0xFFFE, 0x0002, 0x0000, 0x0003,
  0x0000, 0x0002, 0xFFFF, 0x0001,  0xFFFF, 0x0002, 0xFFFF, 0x0000,
  0xFFFE, 0xFFFF, 0x0000, 0xFFFE,  0xFFFE, 0xFFFF, 0x0000, 0xFFFC,
  0x0003, 0xFFFB, 0x0003, 0xFFFB,  0x0003, 0xFFFC, 0x0002, 0xFFFD,
  0xFFFE, 0x0000, 0xFFFD, 0x0002,  0xFFFE, 0x0001, 0xFFFF, 0x0001,
  0x0000, 0x0003, 0xFFFF, 0x0002,  0x0001, 0x0000, 0x0003, 0x0003,
  0x0002, 0x0004, 0xFFFF, 0x0002,  0x0000, 0xFFFF, 0x0004, 0xFFFE,
  0x0007, 0xFFFC, 0x0005, 0x0001,  0x0002, 0x0004, 0x0001, 0x0001,
  0x0003, 0xFFFE, 0x0005, 0x0001,  0x0003, 0x0000, 0x0003, 0x0004,
  0x0004, 0x0002, 0x0002, 0x0001,  0x0005, 0xFFFE, 0x0005, 0xFFFF,
  0x0005, 0xFFFE, 0x0003, 0x0001,  0xFFFF, 0x0006, 0xFFFF, 0x0002,
  0x0002, 0xFFFF, 0x0002, 0x0000,  0xFFFF, 0x0000, 0xFFFF, 0x0001,
  0x0000, 0xFFFD, 0x0000, 0xFFFD,  0xFFFE, 0xFFFD, 0xFFFF, 0xFFFD,
  0x0000, 0xFFFB, 0x0000, 0xFFFC,  0x0000, 0xFFFE, 0x0000, 0xFFFB,
  0x0000, 0xFFFB, 0x0000, 0xFFFC,  0x0000, 0xFFFD, 0xFFFE, 0xFFFE,
  0xFFFE, 0xFFFD, 0xFFFF, 0xFFFF,  0x0000, 0xFFFE, 0x0000, 0xFFFF,
  0xFFFF, 0x0001, 0xFFFF, 0x0002,  0x0000, 0x0003, 0xFFFF, 0x0000,
  0xFFFE, 0xFFFF, 0x0001, 0xFFFE,  0xFFFF, 0x0000, 0xFFFE, 0x0001,
  0xFFFF, 0x0002, 0x0000, 0xFFFF,  0x0002, 0xFFFE, 0x0004, 0xFFFC,
  0x0001, 0xFFFF, 0x0001, 0x0002,  0xFFFC, 0x0005, 0xFFFB, 0x0004,
  0xFFFF, 0x0001, 0x0000, 0x0000,  0x0001, 0xFFFF, 0x0000, 0x0002,
  0x0000, 0x0001, 0xFFFF, 0x0000,  0xFFFE, 0x0002, 0x0001, 0xFFFE,
  0x0002, 0x0001, 0x0001, 0x0003,  0xFFFE, 0x0003, 0x0001, 0x0001,
  0x0003, 0x0000, 0x0002, 0x0000,  0x0001, 0x0000, 0x0001, 0x0003,
  0x0002, 0x0002, 0x0002, 0x0001,  0x0000, 0x0001, 0x0001, 0x0001,
  0xFFFF, 0xFFFF, 0xFFFE, 0xFFFE,  0x0000, 0xFFFA, 0x0001, 0xFFF9,
  0x0001, 0xFFFD, 0xFFFE, 0x0000,  0x0000, 0xFFFD, 0x0002, 0xFFFF,
  0x0002, 0xFFFE, 0x0001, 0xFFFD,  0x0003, 0xFFFD, 0x0003, 0xFFFE,
  0x0004, 0xFFFC, 0x0005, 0xFFFE,  0x0001, 0x0000, 0x0000, 0xFFFE,
  0x0001, 0x0000, 0x0000, 0x0001,  0xFFFE, 0x0005, 0xFFFB, 0x0003,
  0xFFFC, 0x0004, 0xFFFD, 0x0002,  0x0001, 0xFFFC, 0x0008, 0xFFFB,
  0x0009, 0xFFFD, 0x0001, 0x0000,  0x0000, 0x0000, 0x0003, 0x0002,
  0x0002, 0x0002, 0x0000, 0x0003,  0x0001, 0x0003, 0x0001, 0xFFFF,
  0x0002, 0xFFFF, 0x0002, 0x0000,  0x0002, 0xFFFF, 0x0001, 0x0001,
  0xFFFF, 0x0005, 0xFFFC, 0x0005,  0xFFFE, 0x0002, 0x0002, 0xFFFF,
  0x0001, 0x0001, 0xFFFF, 0x0002,  0xFFFE, 0x0002, 0xFFFF, 0x0003,
  0x0001, 0x0000, 0x0001, 0xFFFE,  0x0004, 0xFFFC, 0x0001, 0x0000,
  0xFFFF, 0x0000, 0xFFFF, 0x0000,  0x0001, 0xFFFE, 0x0004, 0xFFFF,
  0x0003, 0xFFFF, 0x0001, 0x0000,  0x0001, 0x0002, 0xFFFF, 0x0003,
  0x0000, 0x0001, 0xFFFF, 0x0002,  0xFFFD, 0x0004, 0xFFFC, 0x0003,
  0xFFFE, 0x0003, 0xFFFE, 0x0003,  0x0001, 0x0002, 0x0003, 0xFFFF,
  0x0003, 0x0001, 0x0002, 0x0004,  0x0000, 0x0007, 0x0000, 0xFFFF,
  0xFFFF, 0xFFFF, 0x0001, 0xFFFF,  0x0000, 0x0000, 0x0002, 0xFFFD,
  0x0005, 0xFFFE, 0x0003, 0x0004,  0xFFFD, 0x0007, 0xFFFD, 0x0003,
  0xFFFE, 0x0002, 0xFFFE, 0x0005,  0xFFFB, 0x0005, 0xFFFC, 0x0003,
  0xFFFF, 0x0001, 0xFFFF, 0x0001,  0x0000, 0x0003, 0x0001, 0xFFFF,
  0xFFFF, 0x0004, 0xFFFF, 0x0005,  0xFFFE, 0x0004, 0x0001, 0xFFFF,
  0x0003, 0x0000, 0x0000, 0x0003,  0x0000, 0x0002, 0x0002, 0x0000,
  0x0004, 0x0000, 0x0002, 0x0001,  0x0003, 0x0000, 0x0005, 0x0000,
  0x0002, 0x0000, 0x0001, 0xFFFF,  0x0002, 0xFFFD, 0x0003, 0xFFFF,
  0x0002, 0xFFFF, 0x0001, 0x0000,  0xFFFF, 0x0001, 0xFFFF, 0xFFFF,
  0xFFFD, 0x0000, 0xFFFF, 0x0000,  0x0000, 0xFFFF, 0x0001, 0xFFFB,
  0x0003, 0xFFFD, 0x0001, 0x0000,  0xFFFF, 0x0002, 0xFFFE, 0x0002,
  0xFFFF, 0x0001, 0xFFFF, 0x0002,  0xFFFF, 0x0002, 0xFFFF, 0x0001,
  0xFFFE, 0x0002, 0xFFFF, 0x0000,  0xFFFF, 0x0001, 0xFFFE, 0x0000,
  0x0001, 0x0000, 0x0002, 0xFFFE,  0x0002, 0x0003, 0x0001, 0x0001,
  0x0002, 0xFFFE, 0x0005, 0xFFFE,  0x0004, 0xFFFE, 0x0002, 0x0002,
  0x0003, 0x0001, 0xFFFE, 0xFFFF,  0x0002, 0xFFFE, 0x0003, 0x0000,
  0x0000, 0x0000, 0x0000, 0x0000,  0xFFFF, 0x0002, 0xFFFD, 0x0003,
  0xFFFD, 0x0002, 0xFFFE, 0x0002,  0xFFFD, 0x0000, 0x0000, 0xFFFE,
  0xFFFE, 0x0001, 0xFFFB, 0x0001,  0xFFFD, 0xFFFD, 0xFFFE, 0x0000,
  0xFFFE, 0x0003, 0xFFFC, 0x0003,  0xFFFE, 0x0001, 0x0000, 0xFFFF,
  0xFFFF, 0x0000, 0x0001, 0xFFFF,  0x0001, 0x0000, 0x0001, 0x0000,
  0x0004, 0xFFFE, 0x0004, 0xFFFE,  0x0003, 0xFFFE, 0x0002, 0xFFFE,
  0x0004, 0xFFFD, 0x0002, 0xFFFF,  0x0000, 0x0000, 0x0001, 0xFFFF,
  0x0001, 0x0001, 0xFFFE, 0x0004,  0xFFFC, 0x0002, 0x0000, 0x0003,
  0x0002, 0x0000, 0xFFFD, 0x0002,  0xFFFE, 0x0000, 0x0000, 0x0001,
  0x0002, 0xFFFF, 0x0003, 0xFFFF,  0x0005, 0xFFFF, 0x0002, 0x0000,
  0xFFFF, 0x0002, 0x0000, 0x0003,  0xFFFE, 0x0002, 0x0000, 0x0001,
  0x0004, 0x0000, 0x0003, 0x0001,  0x0002, 0x0001, 0x0000, 0x0000,
  0x0000, 0xFFFF, 0x0000, 0x0000,  0xFFFF, 0x0001, 0xFFFF, 0x0000,
  0xFFFF, 0x0000, 0xFFFF, 0x0001,  0x0000, 0x0000, 0x0000, 0x0001,
  0x0000, 0x0000, 0x0000, 0xFFFF,  0x0002, 0xFFFD, 0x0003, 0xFFFE,
  0x0001, 0xFFFF, 0x0001, 0xFFFF,  0x0001, 0xFFFF, 0x0002, 0xFFFD,
  0x0003, 0xFFFD, 0x0004, 0xFFFF,  0x0003, 0x0000, 0x0002, 0xFFFF,
  0x0000, 0x0000, 0x0001, 0x0000,  0x0000, 0x0000, 0xFFFF, 0x0004,
  0xFFFF, 0x0001, 0xFFFF, 0x0000,  0x0002, 0xFFFE, 0x0002, 0xFFFF,
  0x0000, 0x0000, 0x0001, 0xFFFE,  0x0001, 0xFFFD, 0x0002, 0xFFFE,
  0x0001, 0xFFFE, 0x0000, 0x0000,  0xFFFE, 0x0001, 0xFFFC, 0x0002,
  0xFFFE, 0xFFFE, 0x0002, 0xFFFB,  0x0003, 0xFFFD, 0x0001, 0xFFFE,
  0x0000, 0x0000, 0xFFFE, 0x0000,  0xFFFF, 0xFFFE, 0x0001, 0x0000,
  0xFFFF, 0x0001, 0x0000, 0xFFFF,  0x0002, 0xFFFD, 0x0002, 0x0000,
  0x0000, 0x0001, 0xFFFF, 0x0001,  0xFFFF, 0x0003, 0xFFFE, 0x0002,
  0xFFFE, 0x0001, 0x0000, 0x0003,  0xFFFF, 0x0002, 0x0000, 0x0002,
  0x0002, 0x0001, 0x0002, 0x0002,  0x0001, 0x0003, 0x0001, 0x0004,
  0x0002, 0x0001, 0x0004, 0x0000,  0x0005, 0x0001, 0x0004, 0x0003,
  0x0003, 0x0000, 0x0003, 0x0001,  0x0002, 0xFFFF, 0x0003, 0x0003,
  0x0002, 0x0003, 0xFFFF, 0x0005,  0xFFFD, 0x0006, 0xFFFB, 0x0008,
  0xFFFB, 0x0004, 0xFFFE, 0x0002,  0x0001, 0x0001, 0x0000, 0x0000,
  0x0001, 0xFFFF, 0x0002, 0xFFFD,  0x0004, 0xFFFE, 0x0003, 0xFFFE,
  0x0000, 0x0000, 0x0001, 0xFFFE,  0x0003, 0xFFFD, 0x0001, 0xFFFF,
  0x0000, 0x0000, 0x0001, 0xFFFF,  0x0003, 0xFFFE, 0x0001, 0xFFFE,
  0xFFFF, 0x0000, 0xFFFF, 0x0000,  0xFFFF, 0xFFFF, 0x0001, 0xFFFE,
  0x0001, 0x0001, 0xFFFF, 0x0001,  0x0000, 0x0000, 0x0000, 0x0001,
  0xFFFD, 0x0001, 0x0000, 0x0000,  0x0001, 0x0000, 0x0001, 0xFFFD,
  0x0005, 0xFFFC, 0x0004, 0xFFFE,  0x0001, 0xFFFF, 0x0002, 0x0001,
  0x0001, 0xFFFF, 0x0001, 0xFFFF,  0xFFFF, 0x0001, 0xFFFE, 0x0003,
  0xFFFD, 0x0002, 0xFFFD, 0x0002,  0xFFFE, 0x0001, 0x0000, 0x0001,
  0x0000, 0x0002, 0xFFFD, 0x0002,  0x0000, 0x0000, 0x0001, 0x0004,
  0x0000, 0x0003, 0x0002, 0x0001,  0x0005, 0xFFFE, 0x0006, 0xFFFF,
  0x0005, 0xFFFD, 0x0004, 0xFFFD,  0x0004, 0xFFFC, 0x0004, 0xFFFC,
  0x0004, 0xFFFE, 0x0003, 0xFFFF,  0x0002, 0xFFFF, 0x0003, 0x0001,
  0x0002, 0xFFFE, 0x0001, 0x0001,  0xFFFF, 0x0002, 0x0000, 0x0000,
  0x0001, 0x0002, 0x0001, 0x0001,  0x0000, 0x0002, 0xFFFF, 0x0001,
  0xFFFE, 0x0002, 0xFFFF, 0x0000,  0x0001, 0xFFFF, 0x0002, 0xFFFC,
  0x0004, 0xFFFC, 0x0003, 0xFFFF,  0x0000, 0x0000, 0x0000, 0x0002,
  0x0002, 0x0000, 0xFFFD, 0x0000,  0xFFFF, 0xFFFF, 0x0002, 0xFFFF,
  0x0002, 0x0000, 0xFFFF, 0x0004,  0xFFFE, 0x0003, 0x0000, 0x0000,
  0xFFFF, 0x0003, 0xFFFD, 0x0004,  0xFFFE, 0x0002, 0xFFFF, 0x0001,
  0x0002, 0x0000, 0x0002, 0x0000,  0x0001, 0x0002, 0x0001, 0xFFFF,
  0x0003, 0xFFFE, 0x0002, 0x0001,  0xFFFF, 0x0004, 0x0001, 0x0001,
  0x0003, 0x0001, 0xFFFE, 0x0005,  0xFFFD, 0x0002, 0xFFFF, 0x0002,
  0x0002, 0xFFFD, 0x0004, 0xFFFC,  0x0003, 0xFFFF, 0x0001, 0x0000,
  0x0001, 0x0000, 0x0000, 0x0001,  0x0000, 0x0001, 0x0001, 0xFFFF,
  0x0001, 0x0000, 0xFFFF, 0x0002,  0xFFFD, 0x0004, 0xFFFC, 0x0004,
  0xFFFC, 0x0004, 0xFFFC, 0x0003,  0xFFFE, 0x0003, 0xFFFE, 0x0000,
  0x0001, 0xFFFF, 0x0005, 0xFFFF,  0x0003, 0x0003, 0x0000, 0x0002,
  0xFFFE, 0x0001, 0x0000, 0x0000,  0x0002, 0xFFFE, 0x0002, 0xFFFF,
  0x0001, 0x0003, 0xFFFD, 0x0005,  0xFFFE, 0x0003, 0x0000, 0x0001,
  0xFFFE, 0x0002, 0xFFFE, 0x0002,  0xFFFE, 0x0002, 0xFFFD, 0x0002,
  0xFFFF, 0x0001, 0x0001, 0xFFFE,  0x0002, 0x0000, 0x0003, 0xFFFE,
  0x0000, 0x0001, 0x0002, 0x0002,  0x0000, 0x0003, 0xFFFF, 0x0000,
  0x0001, 0xFFFF, 0x0002, 0xFFFE,  0x0002, 0x0001, 0xFFFF, 0x0005,
  0xFFFF, 0x0001, 0x0004, 0xFFFC,  0x0007, 0xFFFB, 0x0005, 0xFFFC,
  0x0003, 0xFFFE, 0x0001, 0x0000,  0xFFFF, 0x0002, 0xFFFE, 0x0002,
  0xFFFE, 0x0001, 0x0000, 0xFFFF,  0x0003, 0xFFFB, 0x0005, 0xFFFC,
  0x0003, 0xFFFE, 0x0001, 0x0000,  0x0000, 0x0000, 0xFFFF, 0x0002,
  0xFFFE, 0x0002, 0xFFFE, 0x0001,  0x0000, 0x0000, 0x0000, 0x0000,
  0x0000, 0x0000, 0x0000, 0x0000,  0x0000, 0x0001, 0xFFFE, 0x0002,
  0xFFFE, 0x0001, 0x0000, 0x0000,  0x0000, 0x0000, 0xFFFF, 0x0002,
  0xFFFE, 0x0002, 0xFFFF, 0xFFFF,  0x0002, 0xFFFF, 0x0000, 0x0001,
  0xFFFE, 0x0002, 0xFFFF, 0x0000,  0x0000, 0x0001, 0xFFFE, 0x0002,
  0xFFFF, 0x0000, 0x0001, 0xFFFF,  0x0000, 0x0001, 0xFFFF, 0x0001,
  0xFFFF, 0x0001, 0xFFFF, 0x0001,  0xFFFF, 0x0001, 0xFFFF, 0x0002,
  0xFFFD, 0x0003, 0xFFFD, 0x0002,  0xFFFF, 0x0001, 0xFFFF, 0x0002,
  0xFFFC, 0x0004, 0xFFFC, 0x0004,  0xFFFE, 0x0000, 0x0000, 0x0000,
  0x0000, 0x0000, 0x0000, 0x0000,  0x0000, 0x0000, 0x0000, 0x0000,
  0x0000, 0x0000, 0x0001, 0xFFFE,  0x0002, 0xFFFE, 0x0002, 0xFFFF,
  0x0001, 0xFFFE, 0x0002, 0xFFFE,  0x0002, 0x0000, 0xFFFE, 0x0003,
  0xFFFC, 0x0003, 0x0000, 0xFFFE,  0x0003, 0xFFFC, 0x0004, 0xFFFD,
  0x0002, 0xFFFE, 0x0002, 0xFFFE,  0x0002, 0xFFFE, 0x0002, 0xFFFE,
  0x0001, 0x0000, 0xFFFF, 0x0002,  0xFFFE, 0x0000, 0x0001, 0x0000,
  0xFFFE, 0x0004, 0xFFFB, 0x0003,  0xFFFF, 0x0000, 0x0001, 0xFFFF,
  0x0000, 0x0000, 0x0000, 0x0001,  0xFFFE, 0x0002, 0xFFFE, 0x0002,
  0xFFFF, 0x0000, 0x0000, 0x0000,  0x0000, 0x0001, 0xFFFE, 0x0003,
  0xFFFC, 0x0004, 0xFFFD, 0x0001,  0x0002, 0xFFFC, 0x0004, 0xFFFD,
  0x0002, 0xFFFE, 0x0003, 0xFFFC,  0x0004, 0xFFFD, 0x0002, 0xFFFF,
  0x0001, 0xFFFE, 0x0002, 0xFFFF,  0x0001, 0x0000, 0xFFFF, 0x0000,
  0x0001, 0xFFFF, 0x0001, 0x0000,  0xFFFF, 0x0001, 0xFFFF, 0x0000,
  0x0001, 0x0000, 0xFFFF, 0x0001,  0xFFFE, 0x0003, 0xFFFD, 0x0003,
  0xFFFD, 0x0001, 0x0002, 0xFFFD,  0x0003, 0xFFFE, 0x0000, 0x0001,
  0x0000, 0xFFFF, 0x0002, 0xFFFE,  0x0001, 0x0000, 0x0000, 0xFFFF,
  0x0002, 0xFFFE, 0x0001, 0x0001,  0xFFFD, 0x0004, 0xFFFC, 0x0003,
  0xFFFF, 0x0000, 0x0000, 0x0001,  0xFFFD, 0x0004, 0xFFFD, 0x0002,
  0xFFFE, 0x0002, 0xFFFD, 0x0004,  0xFFFD, 0x0001, 0x0000, 0xFFFF,
  0x0002, 0xFFFE, 0x0002, 0xFFFE,  0x0002, 0xFFFE, 0x0002, 0xFFFF,
  0x0000, 0x0001, 0xFFFE, 0x0002,  0xFFFF, 0x0000, 0x0000, 0x0000,
  0x0001, 0xFFFE, 0x0003, 0xFFFC,  0x0003, 0xFFFF, 0xFFFF, 0x0003,
  0xFFFD, 0x0002, 0xFFFF, 0x0000,  0x0000, 0x0001, 0xFFFF, 0x0001,
  0xFFFF, 0x0000, 0x0001, 0xFFFF,  0x0001, 0xFFFF, 0x0001, 0xFFFF,
  0x0001, 0xFFFE, 0x0003, 0xFFFE,  0x0001, 0xFFFF, 0x0000, 0x0001,
  0xFFFF, 0x0002, 0xFFFD, 0x0002,  0xFFFF, 0x0001, 0xFFFF, 0x0001,
  0xFFFF, 0x0000, 0x0001, 0xFFFE,  0x0002, 0xFFFF, 0x0000, 0x0000,
  0x0000, 0x0001, 0xFFFF, 0x0000,  0x0000, 0x0000, 0x0000, 0x0001,
  0xFFFE, 0x0002, 0xFFFF, 0x0000,  0x0000, 0x0001, 0xFFFE, 0x0003,
  0xFFFD, 0x0002, 0xFFFF, 0x0000,  0x0000, 0x0001, 0xFFFE, 0x0002,
  0xFFFD, 0x0003, 0xFFFF, 0x0000,  0x0000, 0x0000, 0x0000, 0x0001,
  0xFFFE, 0x0002, 0xFFFF, 0x0000,  0x0002, 0xFFFC, 0x0004, 0xFFFD,
  0x0002, 0xFFFF, 0x0000, 0x0000,  0x0000, 0x0000, 0xFFFF, 0x0002,
  0xFFFD, 0x0004, 0xFFFC, 0x0003,  0xFFFE, 0x0001, 0x0000, 0xFFFF,
  0x0002, 0xFFFD, 0x0003, 0xFFFE,  0x0000, 0x0001, 0xFFFF, 0x0001,
  0xFFFF, 0x0001, 0xFFFE, 0x0002,  0x0000, 0xFFFE, 0x0003, 0xFFFC,
  0x0004, 0xFFFD, 0x0002, 0xFFFE,  0x0002, 0xFFFF, 0x0001, 0xFFFF,
  0x0001, 0xFFFF, 0x0001, 0x0000,  0xFFFF, 0x0001, 0x0000, 0x0000,
  0xFFFF, 0x0002, 0xFFFD, 0x0002,  0x0000, 0xFFFF, 0x0002, 0xFFFE,
  0x0000, 0x0000, 0x0001, 0xFFFF,  0x0002, 0xFFFD, 0x0003, 0xFFFD,
  0x0003, 0xFFFE, 0x0001, 0x0000,  0x0000, 0x0003, 0x0001, 0x0003,
  0xFFFF, 0xFFFE, 0x0002, 0xFFFD,  0x0004, 0xFFFD, 0x0002, 0x0000,
  0x0000, 0xFFFF, 0x0002, 0xFFFD,  0x0003, 0x0000, 0x0000, 0x0001,
  0xFFFF, 0x0001, 0x0001, 0x0000,  0x0001, 0xFFFE, 0x0002, 0xFFFF,
  0x0000, 0x0001, 0xFFFE, 0x0003,  0xFFFD, 0x0002, 0xFFFF, 0x0001,
  0xFFFE, 0x0003, 0xFFFC, 0x0004,  0xFFFD, 0x0001, 0x0000, 0x0001,
  0xFFFE, 0x0002, 0xFFFD, 0x0004,  0xFFFD, 0x0002, 0xFFFE, 0xFFFE,
  0x0002, 0xFFFC, 0x0003, 0xFFFD,  0x0002, 0xFFFF, 0x0000, 0x0000,
  0xFFFE, 0xFFFF, 0x0000, 0xFFFF,  0x0000, 0xFFFF, 0x0001, 0xFFFF,
  0x0001, 0xFFFF, 0x0001, 0x0001,  0x0000, 0x0001, 0xFFFE, 0x0002,
  0x0000, 0x0002, 0x0001, 0x0000,  0x0003, 0xFFFF, 0x0001, 0x0000,
  0x0001, 0xFFFF, 0x0002, 0xFFFF,  0x0002, 0xFFFD, 0x0003, 0xFFFE,
  0x0001, 0x0001, 0xFFFC, 0x0003,  0xFFFE, 0x0003, 0xFFFE, 0x0003,
  0xFFFE, 0x0002, 0xFFFF, 0x0001,  0x0001, 0x0001, 0xFFFF, 0x0002,
  0xFFFE, 0x0002, 0x0000, 0x0002,  0x0003, 0x0000, 0x0002, 0x0001,
  0x0001, 0x0002, 0x0003, 0xFFFF,  0x0005, 0x0000, 0x0007, 0x0000,
  0x0002, 0x0002, 0xFFFF, 0x0002,  0xFFFF, 0x0002, 0x0004, 0x0000,
  0x0002, 0x0002, 0xFFFF, 0x0005,  0xFFFF, 0x0002, 0x0000, 0xFFFF,
  0x0001, 0xFFFF, 0x0000, 0xFFFF,  0x0001, 0x0000, 0x0003, 0x0003,
  0x0001, 0x0003, 0x0001, 0x0002,  0x0000, 0x0002, 0xFFFF, 0x0000,
  0xFFFF, 0x0002, 0xFFFE, 0x0002,  0xFFFF, 0x0003, 0xFFFF, 0x0004,
  0xFFFD, 0x0003, 0x0000, 0x0000,  0x0000, 0x0002, 0x0000, 0x0002,
  0xFFFC, 0x0004, 0xFFFB, 0x0003,  0xFFFD, 0x0002, 0xFFFD, 0x0002,
  0xFFFB, 0x0005, 0xFFFA, 0x0002,  0xFFFF, 0xFFFE, 0x0000, 0xFFFE,
  0xFFFF, 0x0000, 0x0000, 0x0000,  0x0000, 0xFFFF, 0x0001, 0xFFFF,
  0x0000, 0x0002, 0x0002, 0x0000,  0x0003, 0xFFFF, 0x0004, 0x0000,
  0x0003, 0x0000, 0x0005, 0x0000,  0x0006, 0xFFFF, 0x0004, 0x0000,
  0x0004, 0x0003, 0x0002, 0x0003,  0x0004, 0x0000, 0x0005, 0x0001,
  0x0006, 0x0002, 0x0006, 0x0001,  0x0005, 0x0001, 0x0002, 0xFFFF,
  0x0004, 0xFFFE, 0x0003, 0xFFFD,  0x0003, 0xFFFC, 0x0003, 0xFFFE,
  0x0001, 0xFFFD, 0xFFFF, 0x0000,  0x0000, 0xFFFF, 0xFFFD, 0x0000,
  0xFFFD, 0x0002, 0xFFFC, 0xFFFF,  0x0000, 0xFFFF, 0xFFFD, 0x0002,
  0xFFFC, 0x0003, 0xFFFE, 0x0002,  0xFFFE, 0x0002, 0x0001, 0x0002,
  0x0001, 0xFFFF, 0x0004, 0xFFFE,  0x0004, 0x0000, 0x0004, 0x0000,
  0x0000, 0x0000, 0x0000, 0xFFFE,  0x0001, 0xFFFC, 0x0001, 0xFFFE,
  0xFFFF, 0x0001, 0xFFFD, 0x0001,  0xFFFD, 0x0000, 0xFFFD, 0xFFFE,
  0x0001, 0xFFFF, 0x0000, 0x0002,  0x0001, 0xFFFF, 0xFFFF, 0xFFFF,
  0xFFFF, 0x0001, 0xFFFF, 0x0000,  0xFFFF, 0x0000, 0x0001, 0x0002,
  0xFFFE, 0x0003, 0xFFFC, 0x0003,  0xFFFE, 0x0002, 0xFFFF, 0x0001,
  0x0000, 0x0001, 0x0001, 0x0000,  0x0002, 0x0000, 0xFFFF, 0x0002,
  0x0001, 0x0001, 0x0003, 0x0000,  0x0003, 0x0003, 0x0003, 0x0002,
  0x0003, 0x0003, 0x0000, 0x0005,  0x0000, 0x0004, 0x0004, 0x0002,
  0x0001, 0x0001, 0x0001, 0x0002,  0xFFFF, 0x0004, 0x0000, 0x0001,
  0xFFFF, 0x0002, 0xFFFD, 0x0003,  0xFFFF, 0xFFFE, 0x0004, 0xFFFD,
  0x0005, 0xFFFC, 0x0004, 0xFFFE,  0x0001, 0x0001, 0xFFFF, 0x0001,
  0x0000, 0xFFFF, 0x0001, 0xFFFF,  0xFFFE, 0x0003, 0xFFFE, 0x0003,
  0x0000, 0x0000, 0x0002, 0x0000,  0xFFFF, 0x0003, 0xFFFF, 0x0003,
  0x0000, 0x0002, 0x0000, 0x0003,  0x0002, 0x0001, 0x0001, 0x0002,
  0x0001, 0x0004, 0xFFFE, 0x0003,  0xFFFF, 0x0001, 0x0001, 0x0002,
  0x0001, 0x0002, 0xFFFD, 0x0004,  0x0000, 0x0003, 0x0001, 0x0001,
  0x0001, 0x0003, 0x0001, 0x0002,  0x0000, 0x0006, 0x0006, 0x0004,
  0xFFFF, 0x0002, 0xFFFF, 0x0002,  0xFFFD, 0x0005, 0x0003, 0x0000,
  0x0004, 0xFFFD, 0x0004, 0x0001,  0x0001, 0x0001, 0x0001, 0xFFFE,
  0x0003, 0xFFFD, 0x0005, 0xFFFA,  0x0006, 0xFFFC, 0x0003, 0x0001,
  0xFFFF, 0x0001, 0x0000, 0x0002,  0xFFFE, 0x0001, 0xFFFB, 0xFFFF,
  0xFFFD, 0xFFFF, 0xFFFC, 0xFFFF,  0xFFFC, 0x0000, 0xFFFC, 0x0001,
  0xFFFD, 0x0001, 0xFFFF, 0x0001,  0xFFFF, 0xFFFF, 0x0000, 0x0000,
  0xFFFD, 0x0002, 0xFFFA, 0x0003,  0xFFFD, 0x0001, 0xFFFD, 0x0001,
  0xFFFF, 0xFFFF, 0xFFFE, 0xFFFF,  0xFFFD, 0x0001, 0xFFFA, 0x0000,
  0xFFFF, 0xFFFF, 0x0002, 0xFFFF,  0x0000, 0x0000, 0xFFFF, 0x0000,
  0x0000, 0xFFFF, 0x0001, 0x0000,  0x0000, 0x0001, 0x0001, 0x0001,
  0x0002, 0x0000, 0x0002, 0x0001,  0x0000, 0x0003, 0xFFFC, 0x0003,
  0x0000, 0xFFFF, 0x0002, 0xFFFD,  0x0003, 0xFFFF, 0xFFFF, 0x0002,
  0xFFFE, 0x0002, 0xFFFE, 0x0002,  0xFFFE, 0x0003, 0xFFFC, 0x0004,
  0xFFFB, 0x0005, 0xFFFC, 0x0003,  0xFFFF, 0xFFFF, 0x0003, 0x0000,
  0x0001, 0x0002, 0x0000, 0x0001,  0x0001, 0x0004, 0x0002, 0x0003,
  0x0002, 0x0002, 0x0003, 0x0000,  0x0002, 0x0002, 0x0004, 0x0001,
  0x0004, 0xFFFF, 0x0006, 0x0000,  0x0006, 0xFFFE, 0x0006, 0xFFFD,
  0x0006, 0xFFFF, 0x0006, 0x0000,  0x0005, 0x0002, 0x0004, 0x0003,
  0x0005, 0xFFFF, 0x0005, 0x0001,  0xFFFF, 0x0007, 0xFFFF, 0x0003,
  0x0002, 0x0000, 0x0004, 0x0002,  0x0003, 0x0002, 0x0002, 0x0000,
  0x0001, 0x0000, 0x0001, 0xFFFE,  0x0000, 0x0000, 0x0001, 0xFFFF,
  0xFFFF, 0xFFFF, 0xFFFE, 0x0001,  0xFFFB, 0x0001, 0xFFFF, 0xFFFC,
  0x0000, 0xFFFC, 0xFFFF, 0xFFFD,  0x0000, 0xFFFC, 0xFFFF, 0xFFFB,
  0xFFFF, 0xFFFB, 0x0000, 0xFFFA,  0x0002, 0xFFFB, 0xFFFD, 0xFFFE,
  0xFFFB, 0x0000, 0xFFFC, 0x0000,  0xFFFA, 0x0000, 0xFFFD, 0x0000,
  0x0001, 0xFFFF, 0x0002, 0x0001,  0x0000, 0x0001, 0xFFFE, 0x0001,
  0x0000, 0x0001, 0xFFFD, 0x0002,  0xFFFF, 0x0002, 0x0001, 0x0003,
  0x0001, 0x0000, 0x0003, 0x0001,  0x0003, 0x0000, 0x0001, 0xFFFE,
  0x0004, 0xFFFF, 0x0001, 0x0000,  0x0000, 0x0001, 0x0000, 0x0001,
  0xFFFF, 0xFFFF, 0x0001, 0x0000,  0xFFFE, 0x0003, 0xFFFE, 0x0002,
  0xFFFF, 0xFFFF, 0x0001, 0xFFFF,  0x0002, 0xFFFE, 0x0002, 0xFFFF,
  0x0002, 0x0001, 0x0001, 0x0002,  0x0002, 0x0002, 0x0001, 0x0004,
  0x0000, 0x0002, 0x0001, 0x0001,  0xFFFE, 0x0005, 0xFFFF, 0x0006,
  0xFFFF, 0x0002, 0x0000, 0x0001,  0xFFFF, 0x0002, 0xFFFE, 0x0000,
  0xFFFE, 0xFFFD, 0x0000, 0xFFFC,  0xFFFE, 0xFFFB, 0x0000, 0xFFFC,
  0xFFFD, 0x0000, 0xFFFD, 0x0002,  0xFFFC, 0x0001, 0x0002, 0xFFFE,
  0x0001, 0xFFFD, 0x0000, 0x0001,  0xFFFE, 0x0003, 0xFFFE, 0x0002,
  0xFFFF, 0x0003, 0xFFFE, 0x0001,  0x0001, 0xFFFD, 0x0002, 0xFFFD,
  0x0004, 0xFFFE, 0x0000, 0x0002,  0xFFFE, 0x0001, 0xFFFF, 0xFFFE,
  0x0002, 0xFFFF, 0x0001, 0xFFFE,  0x0001, 0x0000, 0x0004, 0x0002,
  0xFFFF, 0x0001, 0xFFFF, 0x0002,  0xFFFF, 0x0003, 0x0002, 0x0003,
  0x0000, 0x0003, 0xFFFF, 0x0004,  0x0001, 0x0001, 0x0000, 0x0000,
  0x0001, 0x0000, 0x0002, 0x0000,  0x0001, 0xFFFF, 0x0002, 0x0001,
  0x0003, 0x0000, 0x0001, 0x0003,  0xFFFF, 0x0004, 0x0001, 0x0000,
  0x0001, 0x0000, 0xFFFF, 0x0002,  0xFFFF, 0x0003, 0x0002, 0x0001,
  0x0002, 0xFFFD, 0x0004, 0xFFFD,  0xFFFF, 0x0001, 0xFFFF, 0x0001,
  0xFFFE, 0x0002, 0xFFFD, 0x0002,  0xFFFE, 0x0002, 0x0001, 0xFFFE,
  0x0002, 0xFFFE, 0x0002, 0x0000,  0xFFFF, 0x0002, 0xFFFE, 0x0001,
  0x0002, 0xFFFC, 0x0006, 0xFFFA,  0x0005, 0xFFFE, 0x0000, 0x0001,
  0xFFFE, 0x0002, 0x0001, 0x0002,  0x0001, 0x0002, 0x0000, 0x0001,
  0x0002, 0x0003, 0x0004, 0x0001,  0x0007, 0xFFFE, 0x0002, 0xFFFF,
  0x0001, 0xFFFF, 0x0003, 0xFFFC,  0x0006, 0xFFFC, 0x0003, 0x0000,
  0x0002, 0x0002, 0x0003, 0x0001,  0x0002, 0x0001, 0xFFFE, 0x0005,
  0xFFFE, 0x0005, 0xFFFC, 0x0004,  0xFFFF, 0x0004, 0xFFFE, 0x0001,
  0x0003, 0xFFFC, 0x0005, 0xFFFE,  0x0003, 0x0001, 0xFFFD, 0x0001,
  0x0001, 0x0002, 0x0002, 0x0000,  0x0006, 0xFFFD, 0x0003, 0x0001,
  0x0000, 0x0005, 0xFFFF, 0x0003,  0x0001, 0x0002, 0x0005, 0x0001,
  0x0002, 0x0002, 0x0002, 0x0003,  0x0001, 0x0003, 0x0002, 0xFFFF,
  0x0003, 0xFFFF, 0x0001, 0x0000,  0x0000, 0x0000, 0x0003, 0xFFFE,
  0x0002, 0xFFFF, 0x0000, 0x0000,  0x0001, 0xFFFE, 0xFFFF, 0xFFFD,
  0x0000, 0x0000, 0xFFFF, 0x0000,  0x0000, 0xFFFF, 0xFFFD, 0x0001,
  0xFFFF, 0x0000, 0x0002, 0xFFFD,  0x0003, 0xFFFD, 0x0004, 0xFFFC,
  0x0005, 0xFFFC, 0x0005, 0xFFFD,  0x0002, 0x0000, 0x0000, 0x0000,
  0x0001, 0xFFFE, 0x0001, 0xFFFF,  0x0001, 0xFFFF, 0xFFFF, 0x0002,
  0xFFFF, 0x0000, 0x0001, 0x0000,  0x0003, 0xFFFF, 0x0002, 0xFFFE,
  0x0001, 0x0001, 0xFFFE, 0x0003,  0xFFFE, 0x0003, 0x0000, 0x0004,
  0x0000, 0xFFFE, 0x0003, 0xFFFC,  0x0003, 0xFFFE, 0x0004, 0xFFFD,
  0x0000, 0x0001, 0xFFFC, 0x0003,  0xFFFB, 0x0003, 0xFFFB, 0x0001,
  0xFFFC, 0x0002, 0xFFFA, 0x0003,  0xFFFA, 0x0000, 0xFFFC, 0xFFFE,
  0xFFFD, 0xFFFE, 0xFFFD, 0xFFFC,  0xFFFC, 0xFFFB, 0x0000, 0xFFFD,
  0xFFFF, 0xFFFF, 0xFFFF, 0x0000,  0x0001, 0xFFFE, 0xFFFE, 0xFFFD,
  0xFFFF, 0x0001, 0xFFFE, 0x0000,  0x0000, 0x0001, 0xFFFF, 0x0005,
  0xFFFE, 0x0000, 0x0002, 0xFFFD,  0x0003, 0xFFFF, 0x0001, 0x0000,
  0x0001, 0xFFFF, 0x0000, 0x0000,  0x0000, 0xFFFF, 0xFFFF, 0x0001,
  0xFFFF, 0x0000, 0xFFFF, 0x0000,  0xFFFF, 0x0001, 0x0006, 0xFFFF,
  0x0001, 0xFFFE, 0x0000, 0xFFFF,  0xFFFD, 0x0002, 0x0002, 0x0002,
  0x0000, 0x0002, 0x0002, 0x0004,  0x0000, 0x0003, 0x0000, 0xFFFF,
  0x0003, 0x0001, 0x0001, 0x0002,  0xFFFD, 0x0006, 0x0000, 0x0007,
  0x0000, 0x0005, 0x0002, 0x0004,  0x0001, 0x0000, 0x0001, 0xFFFF,
  0xFFFF, 0x0001, 0xFFFE, 0x0001,  0xFFFE, 0x0002, 0xFFFE, 0x0001,
  0xFFFF, 0x0001, 0x0001, 0x0000,  0x0000, 0x0002, 0x0003, 0xFFFF,
  0x0002, 0xFFFF, 0x0001, 0x0000,  0x0000, 0x0001, 0x0001, 0x0000,
  0x0000, 0x0001, 0x0000, 0x0000,  0xFFFF, 0x0001, 0x0000, 0x0001,
  0x0000, 0x0002, 0x0001, 0x0004,  0x0001, 0x0001, 0x0002, 0xFFFC,
  0x0004, 0xFFFE, 0x0001, 0x0001,  0xFFFF, 0x0001, 0x0002, 0x0003,
  0xFFFF, 0x0002, 0xFFFF, 0x0001,  0xFFFF, 0x0001, 0x0001, 0xFFFE,
  0x0001, 0xFFFE, 0xFFFD, 0xFFFF,  0xFFFF, 0xFFFC, 0xFFFF, 0xFFFB,
  0x0001, 0xFFFC, 0xFFFE, 0xFFFC,  0xFFFB, 0xFFFF, 0xFFF9, 0x0000,
  0xFFFA, 0x0000, 0xFFF9, 0x0001,  0xFFFB, 0xFFFD, 0xFFFD, 0xFFFC,
  0xFFFD, 0xFFFC, 0xFFFE, 0xFFF9,  0xFFFE, 0xFFFD, 0xFFFF, 0x0001,
  0xFFFC, 0x0000, 0x0000, 0xFFFD,  0x0002, 0xFFFC, 0x0005, 0xFFFA,
  0x0006, 0xFFFC, 0x0001, 0x0003,  0xFFFE, 0x0005, 0xFFFD, 0x0002,
  0x0001, 0x0000, 0x0004, 0xFFFE,  0x0002, 0x0002, 0x0002, 0x0006,
  0x0002, 0x0004, 0x0003, 0x0004,  0x0002, 0x0006, 0x0004, 0x0002,
  0x0005, 0x0000, 0x0006, 0x0001,  0x0006, 0x0002, 0x0005, 0x0004,
  0x0001, 0x0005, 0x0002, 0x0003,  0x0000, 0x0005, 0x0003, 0x0004,
  0x0001, 0x0004, 0xFFFF, 0x0004,  0x0000, 0x0002, 0x0004, 0xFFFE,
  0x0006, 0xFFFD, 0x0006, 0xFFFE,  0x0004, 0xFFFF, 0x0000, 0x0000,
  0x0002, 0xFFFF, 0x0001, 0x0000,  0xFFFF, 0x0001, 0xFFFE, 0x0000,
  0x0000, 0xFFFF, 0x0001, 0xFFFE,  0x0001, 0xFFFE, 0xFFFF, 0x0001,
  0xFFFD, 0x0003, 0xFFFF, 0x0000,  0x0001, 0xFFFD, 0xFFFE, 0xFFFF,
  0xFFFE, 0x0000, 0xFFFE, 0x0000,  0x0000, 0xFFFE, 0x0001, 0xFFFF,
  0x0002, 0xFFFE, 0x0004, 0xFFFE,  0x0006, 0xFFFF, 0x0002, 0xFFFF,
  0x0001, 0x0002, 0xFFFF, 0x0002,  0x0000, 0xFFFF, 0x0001, 0x0000,
  0xFFFF, 0x0002, 0xFFFE, 0x0000,  0x0002, 0xFFFD, 0x0003, 0xFFFD,
  0x0001, 0x0001, 0xFFFE, 0x0003,  0xFFFE, 0x0003, 0xFFFD, 0x0005,
  0xFFFD, 0x0003, 0xFFFD, 0x0003,  0xFFFF, 0x0002, 0x0002, 0x0005,
  0xFFFF, 0x0005, 0x0001, 0x0004,  0x0003, 0x0004, 0x0007, 0x0003,
  0x0005, 0x0003, 0x0005, 0x0002,  0x0005, 0x0003, 0x0002, 0x0000,
  0x0000, 0xFFFF, 0xFFFF, 0x0001,  0xFFFB, 0x0000, 0xFFFD, 0xFFFF,
  0xFFFF, 0x0001, 0xFFFF, 0x0000,  0x0000, 0x0000, 0xFFFC, 0x0001,
  0xFFFC, 0x0000, 0xFFFD, 0xFFFE,  0xFFFE, 0x0000, 0x0002, 0xFFFD,
  0x0004, 0xFFFD, 0x0000, 0xFFFF,  0xFFFE, 0xFFFE, 0xFFFB, 0x0000,
  0xFFFA, 0x0001, 0xFFFD, 0xFFFF,  0xFFFC, 0xFFFF, 0xFFFA, 0xFFFC,
  0xFFFC, 0xFFFB, 0xFFFF, 0xFFFB,  0xFFFC, 0xFFFD, 0xFFFD, 0xFFFE,
  0xFFFB, 0xFFFC, 0xFFFB, 0xFFF8,  0xFFFC, 0xFFFB, 0xFFFC, 0xFFFE,
  0xFFFF, 0xFFFA, 0x0002, 0xFFFA,  0x0001, 0xFFFD, 0x0002, 0xFFFE,
  0xFFFE, 0xFFFF, 0xFFFD, 0xFFFE,  0x0000, 0x0000, 0xFFFE, 0x0001,
  0xFFFE, 0x0002, 0x0002, 0x0001,  0xFFFE, 0x0001, 0xFFFB, 0xFFFB,
  0xFFFE, 0xFFFB, 0x0000, 0x0000,  0x0001, 0xFFFD, 0x0000, 0xFFFE,
  0xFFFD, 0x0002, 0xFFFA, 0xFFFE,  0xFFF6, 0xFFFF, 0xFFFB, 0x0001,
  0x0000, 0x0000, 0x0002, 0xFFFE,  0xFFF9, 0x0000, 0xFFF6, 0xFFFD,
  0xFFFF, 0x0001, 0xFFFC, 0xFFFC,  0x0009, 0xFFFD, 0x0008, 0x0004,
  0x0003, 0x0004, 0xFFF4, 0x0008,  0xFFFD, 0xFFF8, 0x0004, 0x0009,
  0xFFFD, 0x0003, 0x0001, 0x0004,  0x0000, 0x000F, 0x0005, 0x0003,
  0x000A, 0xFFFD, 0x0000, 0xFFFF,  0xFFFB, 0x0001, 0x0008, 0x0004,
  0x000C, 0x000C, 0xFFF7, 0xFFFA,  0xFFFC, 0x0000, 0xFFEC, 0xFFFB,
  0x0009, 0xFFFB, 0x0005, 0x0005,  0x0012, 0xFFFD, 0xFFF8, 0x0001,
  0xFFEF, 0xFFFD, 0xFFFB, 0xFFF9,  0xFFFF, 0x0009, 0xFFF9, 0xFFFF,
  0x0013, 0x0008, 0x0005, 0x0008,  0x0007, 0x000C, 0xFFEE, 0xFFFB,
  0xFFF4, 0x0009, 0x0009, 0xFFF7,  0x000E, 0x000C, 0xFFFE, 0x0020,
  0x0011, 0x000D, 0xFFF8, 0xFFF2,  0xFFF7, 0xFFED, 0xFFFB, 0xFFEF,
  0x0017, 0x0030, 0x0016, 0x000A,  0x001A, 0x0008, 0x0004, 0xFFFE,
  0xFFF7, 0xFFEE, 0xFFF7, 0xFFDD,  0xFFF5, 0x000E, 0x0012, 0x000A,
  0x0026, 0x0028, 0x000B, 0xFFEF,  0xFFE7, 0xFFFA, 0xFFC4, 0xFFDB,
  0xFFFC, 0xFFFD, 0x000C, 0x0015,  0x0003, 0xFFEC, 0x0000, 0xFFD2,
  0xFFE1, 0xFFFB, 0xFFEA, 0xFFFE,  0x000D, 0x0008, 0xFFF9, 0xFFF3,
  0xFFFB, 0xFFE5, 0x0006, 0x0025,  0x0011, 0x0044, 0x0036, 0xFFF0,
  0x0025, 0xFFE4, 0x000B, 0xFFFA,  0x000D, 0x0010, 0xFFEE, 0x0000,
  0x0011, 0x0077, 0x0013, 0x0034,  0x0038, 0xFFEF, 0xFF78, 0xFFB9,
  0xFFEE, 0xFFB2, 0xFFD7, 0x004D,  0xFFD1, 0xFFD8, 0x0034, 0xFF97,
  0xFFFB, 0x0003, 0x001B, 0x000B,  0xFFCB, 0xFFB6, 0x001E, 0x00D5,
  0x0069, 0xFF69, 0xFF8F, 0xFEEB,  0xFF92, 0x0094, 0x009B, 0xFFD5,
  0x00DA, 0x00C3, 0xFFDA, 0x0036,  0xFE8D, 0x0007, 0x0060, 0x005B,
  0x00BF, 0xFFFC, 0xFE61, 0xFE48,  0x0179, 0x00FC, 0x0000, 0x00D0,
  0x009E, 0x0140, 0x013F, 0x0195,  0x0164, 0x0054, 0x0050, 0xFEBE,
  0xFD1E, 0xFE05, 0xFEB0, 0xFF55,  0x004D, 0x0077, 0x00CF, 0x01BA,
  0x0119, 0x010B, 0x00E3, 0xFFF8,  0xFEB5, 0xFE6C, 0xFDE9, 0xFDE2,
  0xFEF3, 0xFEE1, 0xFFDB, 0xFFCF,  0x00D8, 0x0039, 0xFF74, 0xFE63,
  0xFC9A, 0xFA70, 0xFEA8, 0xFDBC,  0x029B, 0x0C70, 0x1085, 0x0A3F,
  0xFD09, 0xF917, 0xF03D, 0xE55D,  0xE841, 0xFC47, 0x013C, 0x0482,
  0x1226, 0x16B6, 0x1256, 0x1147,  0x09E6, 0xF8C1, 0xF488, 0xF870,
  0xF9CF, 0x01A4, 0x0505, 0x058D,  0x0695, 0x0732, 0x041B, 0xFB9C,
  0xF6B4, 0xF14F, 0xF4E4, 0xF75B,  0xFC80, 0x0261, 0x0A06, 0x08A8,
  0x03D8, 0x016B, 0xF9B6, 0xF2DE,  0xF11C, 0xF53F, 0xF93A, 0xFE00,
  0x03C3, 0x08BF, 0x09AA, 0x0856,  0x040C, 0x0026, 0xFAC5, 0xFC7D,
  0xFFE2, 0x02EA, 0x0678, 0x08AB,  0x074D, 0x0501, 0x034F, 0xFF07,
  0xFB0E, 0xF982, 0xFBDF, 0xFEAD,  0x02CB, 0x0498, 0x05B9, 0x04A3,
  0x022E, 0x0104, 0xFFAC, 0xFC88,  0xFA7C, 0xF9ED, 0xF992, 0xFA27,
  0xFC55, 0xFCF3, 0xFEA3, 0xFE82,  0xFF71, 0xFCE1, 0xFA35, 0xFD8C,
  0xFE4C, 0xFFEC, 0x0351, 0x0AA9,  0x0B8C, 0x0B2D, 0x0A61, 0x0943,
  0x067F, 0x04F1, 0x0271, 0x034A,  0x05BE, 0x054F, 0x069B, 0x02A6,
  0x01B5, 0x00B9, 0x010D, 0x0366,  0x0232, 0xFE49, 0xFAF7, 0xF7BA,
  0xF5B6, 0xEEA8, 0xE93D, 0xE473,  0xE433, 0xEC1D, 0xF560, 0xFDAD,
  0x099F, 0x0E41, 0x11B6, 0x0E89,  0x040C, 0x02B4, 0xFDB7, 0xFEF1,
  0x01A9, 0x07B4, 0x096D, 0x0550,  0x032C, 0x0448, 0x005C, 0xFEB9,
  0x001B, 0xFE91, 0xFFBA, 0x0370,  0x032B, 0xFF5E, 0xFC50, 0xF90E,
  0xF922, 0xFB82, 0xFB2F, 0x03D5,  0x082F, 0x0242, 0x06DA, 0x0461,
  0x0208, 0x0299, 0x0479, 0xFF16,  0xFCBE, 0xFF53, 0x0BAB, 0x030B,
  0xF914, 0x0088, 0x014B, 0x09B5,  0x0238, 0x03CA, 0x0173, 0xFD47,
  0xFD2D, 0xFB58, 0xFE14, 0xFB45,  0xFEF3, 0xFF9F, 0xFC80, 0x0123,
  0x008D, 0xFDC6, 0xFF41, 0xFFC6,  0x00A8, 0xFF24, 0xFE35, 0xFF17,
  0xFDE1, 0xFC6B, 0xF9CA, 0xFB34,  0xFFFB, 0x00EB, 0xFDE6, 0x000D,
  0x0229, 0x026C, 0x04AA, 0xFF4E,  0x016B, 0xFF85, 0x002A, 0xFD90,
  0xFD14, 0xFC9F, 0xF671, 0xFE45,  0xFCE0, 0xFB9C, 0xFD82, 0xFD7C,
  0xFFAA, 0x025F, 0x02AB, 0x0056,  0xFB46, 0xFB24, 0xFF2D, 0x012C,
  0x0528, 0x070B, 0x043A, 0x0328,  0x00B9, 0xFF07, 0xFCC5, 0xFCF0,
  0x038E, 0x04FA, 0x05A9, 0x04B2,  0xFFD6, 0xFFA7, 0x028A, 0xFE57,
  0xF996, 0xF7C7, 0xFCE4, 0xFDD4,  0xFEFF, 0xFFC3, 0x03A4, 0x09CE,
  0x0299, 0xFED8, 0x0367, 0x000C,  0xFA8D, 0x04C0, 0x0907, 0x0598,
  0x0056, 0x05D7, 0x027F, 0xFAB1,  0xFDCB, 0xFC64, 0x0313, 0x07A3,
  0x0335, 0xFFD5, 0xFE8C, 0x0228,  0xFDE4, 0xF73E, 0xFA98, 0xFAB3,
  0xFCDE, 0xFE8B, 0x0469, 0x03BA,  0x01C3, 0x00CB, 0xFE83, 0xFFDA,
  0x009F, 0xFFF3, 0x018E, 0x01A7,  0x0174, 0xFEB2, 0x01E3, 0x04E3,
  0xFE45, 0xFF18, 0xFDC5, 0x00D0,  0x0019, 0x0359, 0xFC07, 0xFE60,
  0x0138, 0xFE6B, 0x007B, 0xFC41,  0x016F, 0xFC95, 0xFED4, 0xFE91,
  0xFF04, 0xFCF9, 0xFD76, 0x0277,  0x0058, 0x00AE, 0xFD79, 0xFF91,
  0xFFAB, 0xFDB7, 0xFCD6, 0xFE36,  0xFDA2, 0xFDC1, 0xFFF5, 0x003E,
  0x00DB, 0xFFEF, 0x038D, 0x0128,  0x0332, 0x03D7, 0x0267, 0x02EF,
  0xFF98, 0x00A5, 0xFCF2, 0xFF59,  0xFDCA, 0xFBD6, 0x032B, 0x038F,
  0xFE9E, 0xFD57, 0xFD8D, 0xFE1E,  0xFE04, 0xFDE1, 0x0073, 0x008D,
  0xFDF2, 0xFEB6, 0x02CF, 0x0128,  0xFF06, 0xFD48, 0x0335, 0x03CC,
  0x0132, 0x032B, 0x02C9, 0x045B,  0xFEB8, 0xFE9D, 0x038A, 0x02D4,
  0x0083, 0xFC62, 0xFFCE, 0x064E,  0x01C8, 0x01CE, 0xFF9D, 0x01BD,
  0xFCD1, 0xFCB3, 0x01C9, 0x0099,  0xFE4E, 0xFA89, 0x01D4, 0x00B5,
  0x032B, 0xFA48, 0xFCED, 0x01B3,  0x005B, 0x03AC, 0x0180, 0x025D,
  0xFD1F, 0xFFB9, 0x0292, 0x0066,  0x02BD, 0x01FD, 0x00AF, 0xFDC6,
  0xFAB5, 0x0067, 0xFD1F, 0xFE76,  0xFF99, 0xFF1A, 0xFEF9, 0xFEA0,
  0xFEC5, 0xFB90, 0xFC9D, 0xFFF6,  0x034E, 0x038D, 0xFECF, 0xFBF0,
  0xFF8D, 0x040C, 0x063A, 0xFEF6,  0x006E, 0xFD94, 0xFF22, 0x03D9,
  0x02A1, 0x0213, 0xFDAA, 0xFE71,  0xFB97, 0xFDDA, 0x013F, 0x029C,
  0x0204, 0xFCBE, 0xFB4B, 0xFC16,  0xFCA8, 0xFEDB, 0x00EE, 0x02C2,
  0x032C, 0x038C, 0x018F, 0xFD49,  0xFC52, 0xFC89, 0xFE34, 0xFF94,
  0x02FB, 0x04CD, 0x01E3, 0xFF7E,  0x019B, 0x01FA, 0xFCCF, 0x0006,
  0x02FC, 0xFF62, 0xFD4A, 0x008B,  0x004D, 0xF90D, 0xFC51, 0xFF0E,
  0x0028, 0x017D, 0xFE28, 0x028D,  0x0277, 0xFE9B, 0x0061, 0xFEBE,
  0xFD5D, 0xFEF7, 0x03FA, 0x02C9,  0xFCE1, 0xFC82, 0xFEAD, 0x03D3,
  0x036D, 0x0060, 0x0015, 0x0033,  0xFFEE, 0x00B7, 0x0201, 0x0421,
  0x04F5, 0x01EF, 0xFE8F, 0xFC7C,  0xFEF2, 0xFF5C, 0xFEA1, 0xFD4D,
  0xFF07, 0x0103, 0x011F, 0x0311,  0xFF11, 0xFC9A, 0x00F3, 0x04C9,
  0x0285, 0xFF08, 0xFDAB, 0x0083,  0x043B, 0x03EB, 0x002D, 0x0182,
  0x00F7, 0x0139, 0x03B7, 0x01EF,  0x010A, 0xFD42, 0xFD45, 0xFD20,
  0x020D, 0x026A, 0xFDA8, 0xFC95,  0xFCBE, 0xFFBD, 0x00D4, 0xFDDC,
  0xFEA5, 0x01B5, 0xFF67, 0x01E6,  0xFE5A, 0xFC68, 0xFD3B, 0xFF45,
  0x0208, 0x0224, 0x0098, 0xFEF1,  0x03DE, 0x0243, 0x01E4, 0x0153,
  0xFEB6, 0xFEDF, 0xFF25, 0x00BE,  0x00CE, 0x0388, 0x0350, 0xFBE1,
  0xFD22, 0x006D, 0x015D, 0x025C,  0xFE82, 0xFFBA, 0xFDA8, 0xFD3A,
  0xFB8A, 0xFC32, 0x0320, 0x0150,  0xFC9D, 0xFE21, 0x05A7, 0xFFFC,
  0xFD7F, 0x00CD, 0xFDF8, 0xFC9E,  0x02B6, 0x071C, 0xFE39, 0xFEE3,
  0x009F, 0xFDB4, 0x001D, 0x00EE,  0x03C7, 0x01DA, 0xFF6F, 0x00F1,
  0x00B5, 0x03CB, 0xFDB9, 0xFB57,  0xFC22, 0xFC7A, 0x0308, 0xFD1D,
  0xFF44, 0xFEFF, 0xFBD5, 0x0247,  0x011F, 0x03C6, 0x010C, 0xFED4,
  0x0104, 0x038B, 0x04BF, 0x013D,  0x032C, 0xFFFF, 0xFF6B, 0x008C,
  0xFF8A, 0x00AC, 0xFD04, 0xFFDC,  0x0117, 0xFF1D, 0xFF2A, 0xFC36,
  0xFED4, 0x0038, 0x0155, 0xFF45,  0xFCBA, 0xFE0C, 0xFD97, 0xFFB8,
  0xFF72, 0xFE55, 0x00E1, 0x037C,  0x0508, 0xFF18, 0xFCFA, 0x011B,
  0x0112, 0x03EE, 0x017E, 0x0083,  0xFFDD, 0x00DE, 0x02FC, 0xFFD7,
  0xFFDB, 0xFDBC, 0xFE88, 0x017C,  0x0077, 0xFF55, 0xFB7C, 0xFC38,
  0xFF8E, 0xFF8A, 0xFF94, 0xFCB2,  0xFAC5, 0xFB65, 0x00D4, 0x0327,
  0x031D, 0x009D, 0x0068, 0x063D,  0x0563, 0x0359, 0xFFA6, 0xFBB3,
  0xFFBD, 0x026A, 0xFF9E, 0xFDA5,  0xFDE6, 0x005C, 0x02FC, 0x016F,
  0xFD57, 0xFFF7, 0x01E1, 0x0031,  0x008B, 0x0184, 0x036D, 0x013D,
  0xFE2C, 0xFE75, 0xFD7D, 0xFC07,  0xFB6F, 0xFDA8, 0x002A, 0x0153,
  0x00E6, 0xFD0E, 0xFE58, 0x0029,  0xFFE7, 0x0045, 0xFF68, 0xFF25,
  0x011B, 0x0359, 0x0316, 0x03D8,  0x00AC, 0xFD48, 0xFE7A, 0xFE87,
  0xFF96, 0x025E, 0x0310, 0x025C,  0x025A, 0x0108, 0x0082, 0xFEA7,
  0xFBD3, 0xFC5F, 0xFC79, 0xFC2B,  0xFE6C, 0x000B, 0xFE7E, 0xFE98,
  0xFE44, 0xFF53, 0x00CE, 0xFCE6,  0xFD93, 0x0306, 0x020E, 0x01C7,
  0x02AE, 0x002E, 0x024C, 0x011F,  0x002B, 0x017C, 0x01C1, 0x03F6,
  0x04ED, 0x022F, 0xFEC3, 0x0036,  0x02C8, 0x015C, 0xFE11, 0xFCAB,
  0xFA96, 0xFDF4, 0xFF9B, 0xFFA2,  0x001E, 0xFB84, 0xFC83, 0xFFD4,
  0x0014, 0x009C, 0xFF1C, 0xFFB2,  0x0213, 0x0235, 0x0553, 0x02B6,
  0xFF67, 0x0056, 0x01F7, 0x0369,  0x001F, 0xFEB7, 0x0016, 0x00B6,
  0xFFCC, 0xFDC6, 0xFC73, 0xFE16,  0x0090, 0xFFFF, 0x012F, 0x02EC,
  0x018F, 0x000A, 0xFE84, 0xFD7D,  0xFD04, 0xFE81, 0xFFB3, 0x004F,
  0x0137, 0x00CC, 0x00AC, 0x0230,  0x0184, 0xFF8D, 0x00AE, 0x0366,
  0x0339, 0x01C7, 0x0160, 0xFF0B,  0xFE6B, 0xFEC2, 0x00C2, 0x016C,
  0xFF46, 0xFE12, 0xFE20, 0x0012,  0xFEA5, 0xFE45, 0x002A, 0xFF46,
  0xFDB9, 0xFE80, 0x010C, 0x030C,  0x01D4, 0xFEB9, 0xFEE3, 0xFFA4,
  0xFF8E, 0x001F, 0xFE2A, 0xFBCF,  0xFC75, 0xFF49, 0x02FA, 0x0470,
  0x02A5, 0xFF72, 0xFF63, 0x00D9,  0xFFC3, 0xFF7E, 0x01C9, 0x0254,
  0x018E, 0x00D8, 0x034F, 0x032D,  0xFF5E, 0xFDE3, 0xFD51, 0xFF59,
  0xFF6C, 0xFDFB, 0x002A, 0x030A,  0x0013, 0xFE0C, 0xFE7A, 0xFE2E,
  0xFE24, 0xFFF9, 0x0262, 0x00D0,  0xFFEC, 0xFDD1, 0xFDE7, 0x01F4,
  0x0029, 0xFB98, 0xFD67, 0x0233,  0x0325, 0x0200, 0x013A, 0xFF07,
  0xFE2B, 0x0050, 0x0269, 0x03FF,  0xFFA7, 0xFC77, 0xFEF8, 0x0288,
  0x035A, 0xFE60, 0xFCB3, 0xFE72,  0x0033, 0xFFC2, 0xFF98, 0xFF87,
  0xFC8E, 0xFC12, 0xFF66, 0x0183,  0xFEEE, 0xFD18, 0xFEDF, 0x008C,
  0x034A, 0x02D6, 0x01A5, 0x00DA,  0x0060, 0x0335, 0x02EA, 0x0213,
  0x0028, 0xFF72, 0x0371, 0x03CB,  0x0116, 0xFD79, 0xFECB, 0x05AE,
  0x019C, 0xFEE1, 0xFE92, 0x013E,  0x0247, 0xFCB9, 0xFF3B, 0xFE77,
  0xFEDF, 0xFCE2, 0xFC2F, 0x0075,  0x003A, 0x00D3, 0xFFD0, 0xFF5C,
  0xFEDF, 0xFE39, 0xFF33, 0xFE3F,  0xFD08, 0xFE72, 0x002A, 0x0084,
  0xFEEE, 0xFD60, 0xFD80, 0x000D,  0x0069, 0x00AD, 0x001A, 0xFF85,
  0xFFCB, 0xFEE2, 0xFD88, 0xFA32,  0xFAE1, 0xFC65, 0xFE69, 0xFE6B,
  0xFE9C, 0xFF1C, 0x0104, 0x00A5,  0xFEA4, 0x0033, 0x0025, 0x0074,
  0x016A, 0x0358, 0x0535, 0x0574,  0x0397, 0x02A8, 0x0277, 0x0297,
  0x005C, 0x01CF, 0x0506, 0x04A7,  0x03B2, 0x03EA, 0x0646, 0x0413,
  0x01BA, 0x0203, 0x02F5, 0x0252,  0x01C6, 0x034E, 0x0553, 0x0414,
  0xFF1C, 0xFE32, 0x00A5, 0x036F,  0x019E, 0xFD72, 0xFDE1, 0x0187,
  0x022F, 0xFF57, 0xFDE5, 0xFD33,  0xFCD6, 0xFD59, 0xFE74, 0xFCF7,
  0xF9D9, 0xF8B0, 0xF9CC, 0xFA5C,  0xFA3C, 0xF85F, 0xF885, 0xFABA,
  0xF9F2, 0xFA6D, 0xFA50, 0xFA32,  0xFA0A, 0xFA35, 0xFAE3, 0xFBD0,
  0xFCB3, 0xFDD8, 0xFEDC, 0xFF11,  0x0038, 0xFF6F, 0xFFCB, 0x00E3,
  0x01AA, 0x03A0, 0x044D, 0x03F4,  0x056F, 0x06F2, 0x0869, 0x07A1,
  0x065A, 0x05F3, 0x058C, 0x07BA,  0x083E, 0x084A, 0x076B, 0x0742,
  0x0920, 0x0A2A, 0x08F8, 0x08FD,  0x0877, 0x0673, 0x077D, 0x06BF,
  0x0482, 0x0300, 0x0372, 0x048F,  0x038F, 0x01E8, 0x00C4, 0xFED2,
  0xFD59, 0xFD04, 0xFCD5, 0xFA68,  0xF7E1, 0xF802, 0xF7F1, 0xF6B6,
  0xF4CA, 0xF4EA, 0xF6C2, 0xF582,  0xF2C0, 0xF197, 0xF1DA, 0xF229,
  0xF0C2, 0xF04A, 0xF1A3, 0xF37F,  0xF56A, 0xF656, 0xF7BD, 0xF925,
  0xF91D, 0xFB90, 0xFE4D, 0xFF21,  0x007A, 0x02D7, 0x056E, 0x06A7,
  0x0781, 0x0960, 0x0A68, 0x0AAD,  0x0B77, 0x0CA1, 0x0E1B, 0x0E69,
  0x0DC1, 0x0CFD, 0x0D89, 0x0DBC,  0x0C83, 0x0B1E, 0x0B6E, 0x0CFC,
  0x0CEC, 0x0BEB, 0x09DF, 0x0840,  0x073D, 0x064D, 0x06D1, 0x06E2,
  0x0647, 0x0507, 0x045B, 0x0401,  0x023D, 0xFF50, 0xFC64, 0xFA6E,
  0xFA46, 0xFB66, 0xFA63, 0xF8CA,  0xF726, 0xF5A5, 0xF3A8, 0xEFFF,
  0xED2C, 0xE9E8, 0xE973, 0xEA99,  0xEA98, 0xE9DF, 0xEA03, 0xEC8B,
  0xED8F, 0xEDA5, 0xEE5C, 0xF0C9,  0xF39D, 0xF4AB, 0xF757, 0xFB5F,
  0xFF10, 0x01C4, 0x0401, 0x062D,  0x07AC, 0x084F, 0x089C, 0x09CD,
  0x0A77, 0x0AA4, 0x0BB2, 0x0E33,  0x1060, 0x100F, 0x1027, 0x10DE,
  0x1136, 0x10CF, 0x0FB4, 0x0EE9,  0x0DB8, 0x0DAD, 0x0E7B, 0x0F05,
  0x0DB8, 0x0C42, 0x0C81, 0x0DA8,  0x0D9D, 0x0A93, 0x071F, 0x05DE,
  0x0722, 0x0721, 0x0520, 0x0347,  0x021F, 0x00A7, 0xFE45, 0xFAFA,
  0xF740, 0xF4E4, 0xF386, 0xF1CB,  0xEE56, 0xEB5A, 0xE9CE, 0xE804,
  0xE4C4, 0xE16D, 0xE19B, 0xE274,  0xE236, 0xE2A5, 0xE690, 0xEB93,
  0xEC31, 0xECE8, 0xF006, 0xF4AA,  0xF7C4, 0xF9CA, 0xFE2C, 0x02F3,
  0x0768, 0x0A39, 0x0C0D, 0x0D56,  0x0DF2, 0x0E6E, 0x0EDA, 0x0F86,
  0x0F8F, 0x1003, 0x11B3, 0x12BB,  0x1163, 0x0F49, 0x0F30, 0x0FDF,
  0x0F2C, 0x0E03, 0x0E2D, 0x0EFB,  0x0EE2, 0x0DEF, 0x0CDB, 0x0C76,
  0x0CC2, 0x0D17, 0x0E07, 0x0F6E,  0x103A, 0x0F10, 0x0C3B, 0x08CB,
  0x0590, 0x03A1, 0x0109, 0xFE59,  0xFC7A, 0xF9F6, 0xF654, 0xF2A3,
  0xEF77, 0xEAD5, 0xE5FC, 0xE300,  0xE172, 0xDEE5, 0xDCB8, 0xDD7A,
  0xDF85, 0xDF13, 0xDE00, 0xE352,  0xE954, 0xE977, 0xE976, 0xF02C,
  0xF7C9, 0xFA7D, 0xFC29, 0x0119,  0x07AA, 0x0B6C, 0x0D61, 0x0E07,
  0x0F8A, 0x112B, 0x11EF, 0x1320,  0x131E, 0x1289, 0x1271, 0x1399,
  0x1360, 0x1147, 0x0F4E, 0x0DED,  0x0E2C, 0x0F8D, 0x0FE0, 0x0F6B,
  0x0F95, 0x1061, 0x1070, 0x0ECA,  0x0C8B, 0x0A9B, 0x0A50, 0x0B1F,
  0x0C4B, 0x0CD6, 0x0DE2, 0x0D74,  0x0C82, 0x0A1C, 0x058A, 0x0058,
  0xFC5B, 0xF965, 0xF42D, 0xEEAA,  0xEBCA, 0xEB50, 0xE902, 0xE689,
  0xE30C, 0xE056, 0xDE2C, 0xDC58,  0xDC25, 0xDC37, 0xDD0F, 0xDF6A,
  0xE4BE, 0xE9DC, 0xEAF5, 0xEC76,  0xF0BA, 0xF4E6, 0xF8AC, 0xFD30,
  0x02D9, 0x07FF, 0x0E75, 0x1400,  0x1611, 0x150A, 0x1541, 0x15E2,
  0x14C1, 0x1418, 0x143B, 0x14F1,  0x14F8, 0x148A, 0x1369, 0x0FE0,
  0x0D5C, 0x0CB9, 0x0C44, 0x0CEB,  0x0E00, 0x0E01, 0x0E31, 0x0EC2,
  0x0EA4, 0x0D0B, 0x09D2, 0x083C,  0x0924, 0x0C60, 0x0EB3, 0x0E9C,
  0x0BE0, 0x083C, 0x04C1, 0x0072,  0xFA53, 0xF4CA, 0xEFC5, 0xECBB,
  0xEB11, 0xE7C3, 0xE38C, 0xE0AE,  0xDF15, 0xDD4D, 0xDA8F, 0xDA1E,
  0xDA5B, 0xDA39, 0xDE69, 0xE35F,  0xEB8B, 0xEF6D, 0xEF0F, 0xF0FB,
  0xF51B, 0xF9AF, 0xFFA7, 0x0495,  0x0A4F, 0x112C, 0x17A8, 0x1C61,
  0x1AAE, 0x18E8, 0x15DA, 0x1378,  0x1102, 0x0FAC, 0x1074, 0x1179,
  0x12E4, 0x128A, 0x0FB2, 0x0B7D,  0x07AE, 0x07CC, 0x08EA, 0x0A6D,
  0x0E19, 0x117A, 0x1449, 0x1415,  0x1318, 0x10A4, 0x0DC4, 0x0C63,
  0x0CD8, 0x0ED8, 0x10F5, 0x1014,  0x0CF7, 0x077D, 0x00E1, 0xF966,
  0xF141, 0xEA1B, 0xE458, 0xE210,  0xDFAE, 0xDE05, 0xDA1A, 0xD7C6,
  0xD7D4, 0xD618, 0xD55C, 0xD594,  0xDB62, 0xDF42, 0xE3B1, 0xEF95,
  0xF82D, 0xFA85, 0xF704, 0xFC94,  0x03F9, 0x0671, 0x0BAB, 0x0FD6,
  0x1753, 0x1C81, 0x20EA, 0x2120,  0x1A58, 0x147D, 0x1002, 0x0E91,
  0x0B35, 0x086D, 0x0914, 0x095C,  0x0995, 0x0862, 0x0760, 0x061C,
  0x0669, 0x0B1A, 0x0F97, 0x1347,  0x152D, 0x1580, 0x1800, 0x1817,
  0x15DC, 0x1317, 0x127C, 0x1494,  0x156E, 0x14C0, 0x0E70, 0x0576,
  0xFE97, 0xF972, 0xF20A, 0xE9B1,  0xE2EC, 0xE05C, 0xDE51, 0xDCA6,
  0xD98F, 0xD40B, 0xD0F6, 0xCE7E,  0xD07A, 0xCE24, 0xCF13, 0xD2F4,
  0xD8BD, 0xE373, 0xF016, 0x00F1,  0x0132, 0x00A3, 0x0A62, 0x13C1,
  0x1B17, 0x1A41, 0x1F30, 0x2227,  0x2479, 0x2630, 0x1F8C, 0x1804,
  0x0D18, 0x07E0, 0x037F, 0x0083,  0xFDE5, 0xFCB3, 0x0153, 0x029F,
  0x0421, 0x04CD, 0x04C2, 0x0909,  0x0E4C, 0x155D, 0x19D9, 0x1B2A,
  0x1DF9, 0x1F40, 0x2016, 0x1BAD,  0x16BD, 0x1468, 0x1152, 0x0F85,
  0x09F5, 0x02A0, 0xF9EA, 0xF405,  0xF07A, 0xEA0A, 0xE3A4, 0xDC53,
  0xD9BE, 0xD760, 0xD374, 0xD052,  0xCE77, 0xCE3A, 0xCE31, 0xCD32,
  0xD27D, 0xD65D, 0xDD33, 0xE839,  0xF95D, 0x08D6, 0x0814, 0x0E83,
  0x14DB, 0x1FC5, 0x2379, 0x2503,  0x2831, 0x251C, 0x2579, 0x1EA7,
  0x16DA, 0x0AC3, 0x0023, 0xFA81,  0xF785, 0xF6AE, 0xF546, 0xF918,
  0xFE51, 0x0209, 0x04F6, 0x0965,  0x0E44, 0x14C2, 0x1CD7, 0x2503,
  0x28D3, 0x2776, 0x25EF, 0x2229,  0x1F3F, 0x185E, 0x111A, 0x0D0A,
  0x075B, 0x05B6, 0xFFEE, 0xFA4F,  0xF2B0, 0xEC06, 0xE6A0, 0xDEF0,
  0xDC01, 0xD809, 0xD984, 0xD5B1,  0xD51E, 0xD3C4, 0xD0EE, 0xCB28,
  0xCBFD, 0xD291, 0xDC5C, 0xDFBB,  0xE727, 0x0016, 0x0D98, 0x17CD,
  0x0C74, 0x143F, 0x1ABD, 0x1F25,  0x2567, 0x1C38, 0x1F1D, 0x1A23,
  0x198D, 0x0EDA, 0x0147, 0xF63F,  0xED2A, 0xF1FE, 0xF513, 0xF55D,
  0xF7BE, 0xFFF4, 0x0A14, 0x0EE4,  0x12F2, 0x14D8, 0x199C, 0x24B6,
  0x2C07, 0x2E66, 0x2A0C, 0x22F9,  0x20C9, 0x1D46, 0x15E2, 0x0C9C,
  0x036F, 0x0141, 0xFE1F, 0xFC38,  0xF4BE, 0xEC67, 0xE95D, 0xE72C,
  0xE8DC, 0xE2F2, 0xE0F2, 0xDD24,  0xDDEC, 0xDB3E, 0xD5BD, 0xD36A,
  0xD12F, 0xD438, 0xDAC8, 0xDFB4,  0xE31F, 0xE593, 0xEF4F, 0x0478,
  0x09E3, 0x0D7F, 0x0921, 0x1592,  0x1E76, 0x1D32, 0x1D3A, 0x1454,
  0x1656, 0x12A2, 0x0FA7, 0x06D5,  0xFCD2, 0xF756, 0xF65F, 0xFB41,
  0xFBDC, 0xFA79, 0x00D8, 0x09F0,  0x1274, 0x15DC, 0x18D6, 0x1E9F,
  0x2331, 0x28F7, 0x298F, 0x2691,  0x21CF, 0x1C09, 0x184A, 0x131B,
  0x0BA9, 0x058C, 0xFF41, 0xFE56,  0xFB23, 0xF6BA, 0xEDEC, 0xEA53,
  0xEAEE, 0xEBA9, 0xEACE, 0xE57B,  0xE5CB, 0xE1CE, 0xE237, 0xDAEC,
  0xD724, 0xD3E3, 0xD4B5, 0xD3DD,  0xD630, 0xD836, 0xDE32, 0xE65D,
  0xF076, 0x06EA, 0x081E, 0x115A,  0x0E45, 0x17BC, 0x1960, 0x1A44,
  0x1DC8, 0x1591, 0x17B9, 0x13B0,  0x11DE, 0x0691, 0xFF90, 0xF919,
  0xF6AB, 0xF857, 0xFCCC, 0xFFA8,  0x09FD, 0x1094, 0x1757, 0x18AE,
  0x199D, 0x1BE2, 0x1D57, 0x2409,  0x213A, 0x2163, 0x1E81, 0x1D3E,
  0x18A3, 0x107A, 0x0826, 0x0180,  0x00A1, 0xFF76, 0xFDE2, 0xF79E,
  0xF2AB, 0xEF79, 0xE945, 0xE6D9,  0xE028, 0xE004, 0xE104, 0xE505,
  0xE396, 0xDDD3, 0xD796, 0xD528,  0xD811, 0xDA02, 0xD853, 0xD93D,
  0xE01B, 0xE7DE, 0xF87C, 0x011B,  0x07FA, 0x0783, 0x0F1F, 0x12A1,
  0x16A1, 0x19E2, 0x1834, 0x1819,  0x14A1, 0x1617, 0x104C, 0x0B72,
  0x064C, 0x0196, 0xFF4C, 0xFEEC,  0xFF1A, 0x0265, 0x071E, 0x0D20,
  0x1277, 0x1778, 0x1A07, 0x1B8C,  0x1DF7, 0x2095, 0x2187, 0x1DC4,
  0x1BDB, 0x1B1C, 0x1890, 0x13CB,  0x0C2A, 0x082D, 0x032A, 0xFDF1,
  0xF7A5, 0xF1FE, 0xEF2B, 0xEC16,  0xECF9, 0xE93C, 0xE675, 0xE23B,
  0xDFD6, 0xDF15, 0xDBD4, 0xDA1F,  0xD54B, 0xD6A8, 0xD7B9, 0xD8E1,
  0xD936, 0xDABF, 0xE2ED, 0xEAA5,  0xFD7D, 0x0941, 0x0B3A, 0x0E64,
  0x124E, 0x1832, 0x1ABB, 0x1BD9,  0x16CE, 0x13D6, 0x15DA, 0x13A2,
  0x0DF1, 0x0683, 0xFFB8, 0xFC42,  0xFB06, 0xFFAC, 0x005F, 0x053D,
  0x0AF0, 0x1166, 0x1782, 0x161A,  0x1974, 0x19B8, 0x1EF3, 0x1FFB,
  0x20EB, 0x1E79, 0x1A00, 0x172F,  0x11AC, 0x1192, 0x0C3D, 0x06FE,
  0x02ED, 0xFF0D, 0xFB89, 0xF383,  0xEB89, 0xE814, 0xE794, 0xE820,
  0xE60F, 0xE2D8, 0xDE68, 0xDF7E,  0xDDAF, 0xDA46, 0xD6D4, 0xD4DE,
  0xD66C, 0xD7E1, 0xD665, 0xD971,  0xDE80, 0xEB91, 0xFE53, 0x0B80,
  0x0FE4, 0x0A13, 0x155B, 0x1496,  0x1D74, 0x1DE3, 0x17AC, 0x16E9,
  0x14B6, 0x196F, 0x1134, 0x09EB,  0xFC0B, 0xF7EE, 0xF6D1, 0xFC50,
  0x009F, 0x05AE, 0x0C38, 0x1354,  0x1924, 0x178C, 0x176A, 0x1502,
  0x19B5, 0x1E4B, 0x2345, 0x2042,  0x1C30, 0x1AD9, 0x169D, 0x1006,
  0x0890, 0x057B, 0x01D6, 0xFEE0,  0xFA67, 0xF471, 0xED44, 0xE7E3,
  0xE60B, 0xE409, 0xE2FF, 0xDEF4,  0xDDA4, 0xDD8B, 0xDD14, 0xD8DE,
  0xD893, 0xD669, 0xD8AD, 0xDB83,  0xDC36, 0xE477, 0xE7D7, 0xF634,
  0x0053, 0x0D13, 0x0AE0, 0x0D2F,  0x13B5, 0x1486, 0x1C1A, 0x1971,
  0x1878, 0x13E3, 0x17FB, 0x14A1,  0x0E78, 0x064D, 0xFE65, 0xFA99,
  0xFB23, 0xFEC0, 0xFFE8, 0x05FC,  0x0B68, 0x136B, 0x1794, 0x182C,
  0x1710, 0x1A85, 0x1D2D, 0x1F58,  0x2076, 0x1D19, 0x1A4C, 0x1728,
  0x143C, 0x0D7A, 0x07CF, 0x0348,  0xFF7E, 0xFD0F, 0xF6C2, 0xF04D,
  0xEABB, 0xE86D, 0xE68D, 0xE316,  0xDFB8, 0xDCC5, 0xDC7F, 0xDAA1,
  0xDB62, 0xD848, 0xD962, 0xD79A,  0xDB22, 0xDB91, 0xDC71, 0xE455,
  0xE7AB, 0xF957, 0x05E0, 0x1281,  0x0AF7, 0x0E34, 0x14BD, 0x1481,
  0x1F8F, 0x180B, 0x166E, 0x1505,  0x189C, 0x14E9, 0x0D4A, 0x04C8,
  0xFA18, 0xF8D6, 0xFA27, 0xFE9B,  0x0032, 0x05E2, 0x0C6C, 0x1334,
  0x17DA, 0x15CF, 0x15B3, 0x19DE,  0x1EE0, 0x2369, 0x2585, 0x1F9A,
  0x1A54, 0x1906, 0x133D, 0x0CD2,  0x0588, 0xFFB1, 0xFD82, 0xFB6C,
  0xF754, 0xEF4C, 0xE727, 0xE357,  0xE127, 0xE21E, 0xDFA1, 0xDEF4,
  0xDD7C, 0xDF95, 0xDD75, 0xDC99,  0xDB79, 0xDABB, 0xDE3D, 0xDF3F,
  0xE544, 0xE686, 0xF134, 0xF72E,  0x0413, 0x098E, 0x0AC5, 0x0CBC,
  0x1162, 0x177A, 0x1A2F, 0x1ABC,  0x1453, 0x178C, 0x15E6, 0x1410,
  0x0D66, 0x0694, 0x00EF, 0xFE9C,  0xFE72, 0xFEFE, 0x00E8, 0x056E,
  0x0B21, 0x12E3, 0x16EF, 0x186C,  0x1829, 0x1BCA, 0x1EBE, 0x1F8C,
  0x2075, 0x1C99, 0x1B5D, 0x157B,  0x1357, 0x0CB7, 0x062B, 0xFF61,
  0xF818, 0xF54D, 0xEFAB, 0xEBF0,  0xE572, 0xE47D, 0xE1CE, 0xE070,
  0xDF94, 0xDBF4, 0xDDC2, 0xD9D5,  0xDB40, 0xD914, 0xD912, 0xD61F,
  0xD9F9, 0xDB86, 0xE5E4, 0xEB61,  0xF1A5, 0x04C2, 0x0C8C, 0x15EF,
  0x0C29, 0x177A, 0x15C4, 0x1ACD,  0x1F97, 0x1536, 0x1A13, 0x1380,
  0x1548, 0x0C72, 0x0680, 0xFEAE,  0xF56B, 0xFC4C, 0xFC59, 0x0293,
  0x05C6, 0x0BC9, 0x13BD, 0x1767,  0x1C93, 0x16A3, 0x18EE, 0x1CD9,
  0x21CD, 0x244D, 0x215F, 0x18F1,  0x14BC, 0x146A, 0x0E12, 0x07FF,
  0xFE06, 0xF959, 0xF54B, 0xF6DE,  0xF24D, 0xEC1D, 0xE54A, 0xE139,
  0xE233, 0xDF93, 0xDF8D, 0xD7F3,  0xD8BE, 0xD590, 0xD930, 0xD86E,
  0xD888, 0xDC56, 0xE0D3, 0xE786,  0xECC1, 0xF284, 0xF8D4, 0x0B70,
  0x0932, 0x0FD8, 0x0F4E, 0x16BE,  0x1B70, 0x1981, 0x1BBB, 0x12D5,
  0x176A, 0x1166, 0x0E03, 0x0900,  0x02F7, 0xFE7F, 0xFE30, 0x036B,
  0x0315, 0x042D, 0x07AB, 0x0B9C,  0x1147, 0x14D5, 0x1689, 0x1B1F,
  0x1E01, 0x1F0F, 0x20E1, 0x209D,  0x1CAC, 0x169A, 0x11EE, 0x0E5C,
  0x0A14, 0x0688, 0x002E, 0xFB07,  0xF540, 0xEF3E, 0xE9AE, 0xE62C,
  0xE337, 0xDF73, 0xDFE7, 0xDCB0,  0xDD0A, 0xD5B2, 0xD3ED, 0xD241,
  0xD420, 0xD897, 0xDB00, 0xDF70,  0xE410, 0xED2C, 0xEFFA, 0x00A5,
  0x04CD, 0x0C26, 0x07C1, 0x11FD,  0x1948, 0x1853, 0x2056, 0x154A,
  0x1DC5, 0x17CC, 0x1613, 0x0EBE,  0x0946, 0x0491, 0xFEF1, 0x02BB,
  0x02EB, 0x03A6, 0x042D, 0x09EF,  0x0C86, 0x122C, 0x10D9, 0x15B0,
  0x182D, 0x1F9F, 0x22A7, 0x2318,  0x2487, 0x1A5D, 0x16D0, 0x1062,
  0x0E10, 0x09EA, 0x0440, 0x028E,  0xFC5F, 0xF94F, 0xF19D, 0xEA3F,
  0xE605, 0xE026, 0xDFEF, 0xDC34,  0xDC09, 0xD770, 0xD582, 0xD299,
  0xD280, 0xD472, 0xD6F8, 0xD9AA,  0xDE3E, 0xE276, 0xEA5A, 0xF20B,
  0xF331, 0x06ED, 0x0682, 0x0DA1,  0x0D5A, 0x1612, 0x1BFF, 0x1B25,
  0x2391, 0x18EC, 0x1CBB, 0x187B,  0x13FD, 0x0D95, 0x0A47, 0x0295,
  0xFF50, 0x0366, 0x02F5, 0x034C,  0x05FA, 0x0910, 0x0AC3, 0x10BF,
  0x1004, 0x1407, 0x18E9, 0x1DB0,  0x2008, 0x224C, 0x20A3, 0x196B,
  0x187E, 0x1339, 0x0CF9, 0x07F3,  0x01F4, 0xFE1E, 0xFAB3, 0xF58C,
  0xEDFE, 0xE6FB, 0xE1CA, 0xDBCA,  0xD9EB, 0xD7ED, 0xD5BF, 0xD550,
  0xD67F, 0xD60C, 0xD6DB, 0xD878,  0xDADD, 0xDC34, 0xDF4D, 0xE870,
  0xEB08, 0xF88D, 0x0438, 0x0EF2,  0x0C2B, 0x0FAC, 0x172F, 0x166C,
  0x20EF, 0x1E36, 0x1EA6, 0x1DDC,  0x1D4C, 0x16E2, 0x1065, 0x0BFE,
  0x0332, 0x00DC, 0x017E, 0x02EB,  0x03DC, 0x05F3, 0x07EA, 0x09CB,
  0x0C75, 0x0D38, 0x10C8, 0x15F6,  0x1A12, 0x1ED6, 0x20B8, 0x1E92,
  0x1B38, 0x1756, 0x121A, 0x0DB0,  0x0897, 0x0467, 0xFFBF, 0xFB08,
  0xF5CE, 0xEDD6, 0xE4F1, 0xDE45,  0xD93E, 0xD8BF, 0xD877, 0xD851,
  0xD61F, 0xD4BE, 0xD10D, 0xD24E,  0xD302, 0xD7EE, 0xD807, 0xDCB1,
  0xE7C6, 0xED61, 0xFDEE, 0x0625,  0x0C6D, 0x0A09, 0x124B, 0x1671,
  0x1CD4, 0x22DD, 0x230E, 0x22BD,  0x2150, 0x2038, 0x17F5, 0x13F2,
  0x0A45, 0x068C, 0x0337, 0x049E,  0x0320, 0x04E9, 0x04C8, 0x05A1,
  0x09F2, 0x0B56, 0x0DC0, 0x0FD2,  0x139F, 0x182A, 0x1C0C, 0x1ADA,
  0x1936, 0x16A0, 0x1700, 0x140D,  0x1227, 0x0E3F, 0x08A9, 0x01E6,
  0xFB14, 0xF5C4, 0xEDA0, 0xE74A,  0xDFEB, 0xDCBB, 0xDA1A, 0xD628,
  0xD2CA, 0xCE8E, 0xCC41, 0xCD0E,  0xD09D, 0xD2A1, 0xD739, 0xD7D9,
  0xE0E1, 0xE9A3, 0xF129, 0xFC72,  0x03A4, 0x0CC8, 0x0E3C, 0x1793,
  0x1C1D, 0x2058, 0x24E2, 0x23AB,  0x241B, 0x21AD, 0x1FF3, 0x1910,
  0x14F4, 0x0ED5, 0x0A02, 0x07D6,  0x058C, 0x0487, 0x040D, 0x05E8,
  0x05ED, 0x075E, 0x0812, 0x0A4F,  0x0D17, 0x1116, 0x14B8, 0x1784,
  0x1A18, 0x17D9, 0x177E, 0x14DA,  0x1219, 0x0F30, 0x0956, 0x0698,
  0xFF0B, 0xFB7E, 0xF4B3, 0xEF5F,  0xEA55, 0xE316, 0xDDB1, 0xD545,
  0xD4E4, 0xCF1D, 0xCF05, 0xCC49,  0xCEBF, 0xCCFA, 0xCF6A, 0xD156,
  0xD745, 0xE1DF, 0xE5B2, 0xF574,  0xFF13, 0x0C20, 0x08B3, 0x142E,
  0x1939, 0x1D18, 0x24D4, 0x239C,  0x2963, 0x253D, 0x2797, 0x1DAF,
  0x1AA6, 0x1464, 0x0B2F, 0x0B53,  0x08E8, 0x098C, 0x062B, 0x08C3,
  0x079F, 0x07D7, 0x089E, 0x078C,  0x09D3, 0x0B32, 0x102B, 0x13BA,
  0x176C, 0x151A, 0x14AA, 0x1327,  0x126E, 0x10EC, 0x0DAD, 0x0BC1,
  0x04BC, 0x0110, 0xF9EF, 0xF481,  0xEE2F, 0xE7B9, 0xE1E9, 0xDBA8,
  0xD7F8, 0xD201, 0xCDBD, 0xCB7C,  0xCBE1, 0xCD0C, 0xCF59, 0xD032,
  0xD489, 0xDB10, 0xE22D, 0xEBD1,  0xF850, 0xFFCC, 0x021A, 0x0A85,
  0x11AB, 0x1A5E, 0x20BD, 0x259A,  0x2605, 0x26FC, 0x263B, 0x21A6,
  0x2081, 0x1B30, 0x15FF, 0x1258,  0x11D6, 0x0E89, 0x0B8B, 0x0C22,
  0x08F6, 0x07FE, 0x0610, 0x05CF,  0x0773, 0x0A5E, 0x0E78, 0x1042,
  0x13B3, 0x115C, 0x0FD2, 0x1015,  0x0F19, 0x0D19, 0x0A67, 0x09CC,
  0x068F, 0x0378, 0xFEFE, 0xF9DE,  0xF427, 0xED88, 0xE4F3, 0xDE6E,
  0xDA32, 0xD3E3, 0xD2CA, 0xCFB2,  0xD05F, 0xCB64, 0xCB9E, 0xCBD3,
  0xD01F, 0xD972, 0xDC3D, 0xE960,  0xF1C1, 0xFC90, 0xFE4A, 0x0936,
  0x0F84, 0x1551, 0x1DB3, 0x1FCD,  0x26E3, 0x264B, 0x291C, 0x2363,
  0x2399, 0x1E7A, 0x182D, 0x177C,  0x14ED, 0x1209, 0x0FC0, 0x10E8,
  0x0D8D, 0x0B9F, 0x082D, 0x06C2,  0x0763, 0x09D0, 0x0B43, 0x0E9B,
  0x1087, 0x0E27, 0x0ED6, 0x0F74,  0x0F65, 0x0AA0, 0x08D8, 0x06EC,
  0x0418, 0x051A, 0xFFF1, 0xFD0E,  0xF679, 0xF00B, 0xE88A, 0xE145,
  0xDD54, 0xD5DF, 0xD340, 0xCFF7,  0xD098, 0xCD27, 0xCC33, 0xCA7E,
  0xCDB4, 0xD4FF, 0xD98C, 0xE2CE,  0xED78, 0xF85C, 0xFA17, 0x0318,
  0x0A30, 0x10FE, 0x1755, 0x1D3E,  0x23DA, 0x255C, 0x290E, 0x2551,
  0x25BB, 0x22E1, 0x1C3B, 0x1AD5,  0x1A6E, 0x17D1, 0x136D, 0x14DB,
  0x117D, 0x0E12, 0x0AA2, 0x0732,  0x06E8, 0x08B7, 0x0AF0, 0x0C1F,
  0x0E02, 0x0BB3, 0x0A1A, 0x0AE5,  0x0B94, 0x08F3, 0x089F, 0x0816,
  0x063C, 0x050A, 0x0037, 0xFC42,  0xF5E6, 0xF09D, 0xEA80, 0xE4C1,
  0xE0C3, 0xDB11, 0xD837, 0xD3FB,  0xD22F, 0xCF5F, 0xCE5C, 0xCDD3,
  0xD058, 0xD60F, 0xDA49, 0xE1AB,  0xEACF, 0xF510, 0xF5B7, 0xFE07,
  0x0487, 0x0BBB, 0x146E, 0x1A39,  0x2258, 0x2244, 0x27C7, 0x262A,
  0x2623, 0x2522, 0x1F3D, 0x1F40,  0x1E53, 0x1C8E, 0x1897, 0x1810,
  0x1501, 0x0FF4, 0x0D6B, 0x0A29,  0x083B, 0x08B1, 0x0AAB, 0x0C00,
  0x0D1C, 0x09D7, 0x06F2, 0x0746,  0x071D, 0x06EA, 0x061F, 0x0654,
  0x02F9, 0x024C, 0xFE8B, 0xFABC,  0xF57A, 0xEF9A, 0xED28, 0xE820,
  0xE5BE, 0xDF8B, 0xDA33, 0xD65E,  0xD348, 0xD276, 0xD0AE, 0xCE54,
  0xCEF5, 0xD172, 0xD8CB, 0xDF57,  0xE910, 0xF311, 0xF32F, 0xFA09,
  0xFFC9, 0x0686, 0x1091, 0x1709,  0x1D9A, 0x1FE9, 0x2622, 0x2739,
  0x2588, 0x25BC, 0x2097, 0x2022,  0x2050, 0x2063, 0x1E67, 0x1C2F,
  0x19EA, 0x153D, 0x1187, 0x0C9E,  0x07CE, 0x06FC, 0x08CC, 0x0AD3,
  0x0BB0, 0x0A0E, 0x069E, 0x04E5,  0x0537, 0x0490, 0x0484, 0x02FD,
  0x01F9, 0x0100, 0xFF66, 0xFAEA,  0xF467, 0xF03A, 0xED3F, 0xEC49,
  0xE8C5, 0xE3F1, 0xDE62, 0xDA5A,  0xD7B5, 0xD5CE, 0xD28B, 0xD024,
  0xCF1C, 0xD2A8, 0xD8C5, 0xDEC2,  0xE84C, 0xEC14, 0xF06F, 0xF318,
  0xFB35, 0x0203, 0x097C, 0x13D4,  0x1797, 0x1E97, 0x22CA, 0x257D,
  0x25DD, 0x23C0, 0x2319, 0x21ED,  0x2375, 0x237C, 0x2257, 0x206F,
  0x1BB9, 0x1946, 0x1466, 0x1075,  0x0BDA, 0x0A43, 0x0B3E, 0x0B2F,
  0x0AF9, 0x08B9, 0x0602, 0x045F,  0x037A, 0x0368, 0x02AD, 0x01CF,
  0x006A, 0xFE6C, 0xFC8F, 0xF7E1,  0xF48F, 0xF22D, 0xEFD1, 0xED80,
  0xEA9C, 0xE613, 0xE1D5, 0xDE18,  0xDB8B, 0xD731, 0xD4F4, 0xD0F2,
  0xD1DA, 0xD471, 0xD87D, 0xDE2E,  0xE429, 0xEC1A, 0xEC15, 0xF2A3,
  0xF74A, 0xFE60, 0x05E5, 0x0E47,  0x1533, 0x182F, 0x1EE2, 0x2098,
  0x2308, 0x2310, 0x2108, 0x2193,  0x2355, 0x2450, 0x23A4, 0x2369,
  0x20B3, 0x1C24, 0x193F, 0x156A,  0x100B, 0x0DBD, 0x0D0D, 0x0D10,
  0x0C42, 0x0902, 0x067E, 0x03EA,  0x0424, 0x0227, 0x00DD, 0x0060,
  0xFDDC, 0xFDB0, 0xFAB8, 0xF8EE,  0xF428, 0xF232, 0xF013, 0xED11,
  0xEB55, 0xE6C4, 0xE3D9, 0xDEDF,  0xDD5F, 0xDA59, 0xD833, 0xD566,
  0xD454, 0xD54D, 0xD90B, 0xDD3A,  0xE266, 0xEAA0, 0xEADF, 0xEEE5,
  0xF431, 0xFA5A, 0x019E, 0x0936,  0x1009, 0x132E, 0x19EE, 0x1EF6,
  0x2004, 0x2286, 0x2113, 0x20AD,  0x2418, 0x2528, 0x24CD, 0x24ED,
  0x2353, 0x1F9D, 0x1C8F, 0x19DB,  0x1474, 0x10AF, 0x1066, 0x0E97,
  0x0DA3, 0x0AE8, 0x07BA, 0x04C6,  0x0309, 0x0219, 0x00B9, 0xFF09,
  0xFC3C, 0xFA73, 0xF8F8, 0xF699,  0xF373, 0xF16F, 0xEF0D, 0xEC63,
  0xEA92, 0xE801, 0xE54E, 0xE137,  0xDEFF, 0xDCCF, 0xDA48, 0xD90A,
  0xD858, 0xD967, 0xDB83, 0xDE55,  0xE39C, 0xEA5C, 0xEB25, 0xEDFC,
  0xF29A, 0xF8AD, 0xFE76, 0x054F,  0x0C63, 0x0F17, 0x1623, 0x19F5,
  0x1D30, 0x1F69, 0x1EEF, 0x1FD3,  0x2236, 0x24D2, 0x2440, 0x250E,
  0x2399, 0x2008, 0x1DDF, 0x1B7C,  0x16B2, 0x1364, 0x1201, 0x1106,
  0x1033, 0x0DC6, 0x0A4B, 0x05DC,  0x0476, 0x0325, 0x022A, 0x007C,
  0xFCD9, 0xFAC6, 0xF829, 0xF66D,  0xF40C, 0xF1A4, 0xEEFB, 0xEC34,
  0xEB68, 0xE90F, 0xE741, 0xE35A,  0xE0A8, 0xDDF3, 0xDBD8, 0xD9FF,
  0xD84E, 0xD7D6, 0xD9C5, 0xDC79,  0xE067, 0xE895, 0xEA56, 0xECB0,
  0xEE8F, 0xF5A7, 0xFA15, 0x009D,  0x08AE, 0x0ACE, 0x1202, 0x1644,
  0x1AB0, 0x1C0E, 0x1D43, 0x1DAF,  0x1F6C, 0x248A, 0x24B0, 0x2537,
  0x2561, 0x2389, 0x2104, 0x1EF5,  0x1BEA, 0x157C, 0x1394, 0x1368,
  0x120F, 0x0F37, 0x0AE8, 0x0732,  0x048C, 0x0394, 0x0289, 0x00CF,
  0xFDC3, 0xFB5C, 0xF920, 0xF7B6,  0xF48D, 0xF1F9, 0xF11A, 0xF0DA,
  0xEF69, 0xEC37, 0xE8AD, 0xE54C,  0xE34B, 0xE332, 0xE15D, 0xDF82,
  0xDC72, 0xDAA5, 0xDA27, 0xDC2D,  0xDED0, 0xE190, 0xE82A, 0xE96F,
  0xED28, 0xEF98, 0xF487, 0xF8B4,  0xFE40, 0x05B6, 0x0A45, 0x1059,
  0x1480, 0x1864, 0x1AD4, 0x1BC5,  0x1D3D, 0x1FC1, 0x2297, 0x24CC,
  0x25E3, 0x2626, 0x2383, 0x2181,  0x1EB1, 0x1B64, 0x1844, 0x15D9,
  0x148A, 0x12ED, 0x109B, 0x0C85,  0x087A, 0x05E0, 0x0353, 0x014F,
  0xFFC6, 0xFDF1, 0xFBE8, 0xF9E6,  0xF77E, 0xF4AB, 0xF1A2, 0xEF4F,
  0xEDEA, 0xED7F, 0xEC7D, 0xEB06,  0xE7D1, 0xE460, 0xE1C0, 0xE047,
  0xDF40, 0xDC74, 0xDBE2, 0xDBAD,  0xDE19, 0xE10A, 0xE5D0, 0xE97F,
  0xE980, 0xEAFB, 0xEFA0, 0xF421,  0xF8EC, 0xFECF, 0x03D2, 0x0883,
  0x0E01, 0x12BE, 0x14FF, 0x170F,  0x18D1, 0x1C53, 0x1FD5, 0x2375,
  0x2452, 0x2596, 0x2528, 0x2340,  0x217D, 0x1F70, 0x1D0D, 0x19EB,
  0x18A3, 0x15F6, 0x132B, 0x0F47,  0x0C7C, 0x09AD, 0x067F, 0x03ED,
  0x029E, 0x011E, 0xFEC0, 0xFBE3,  0xF84E, 0xF593, 0xF38C, 0xF240,
  0xF0A7, 0xEEF3, 0xEDD7, 0xEBB7,  0xEA04, 0xE6D9, 0xE445, 0xE21D,
  0xE0BD, 0xE006, 0xDE99, 0xDD63,  0xDCAA, 0xDE52, 0xDF85, 0xE49B,
  0xE7CF, 0xE9A9, 0xEA75, 0xEE71,  0xF2F7, 0xF657, 0xFC77, 0x0069,
  0x05EE, 0x0B54, 0x1056, 0x139B,  0x14E9, 0x173D, 0x19D5, 0x1E74,
  0x221D, 0x240A, 0x25B5, 0x2546,  0x2475, 0x2369, 0x21C0, 0x1E7F,
  0x1BE3, 0x1A24, 0x18CD, 0x16C6,  0x13C4, 0x0EAC, 0x0AE3, 0x083B,
  0x0642, 0x0436, 0x01BD, 0xFEEE,  0xFC91, 0xFA05, 0xF676, 0xF35F,
  0xF1D9, 0xF0F9, 0xEFEA, 0xEE41,  0xEBFE, 0xEA78, 0xE7A3, 0xE650,
  0xE49C, 0xE319, 0xE1E7, 0xE052,  0xDF7A, 0xDE71, 0xDE7C, 0xDF3D,
  0xE12A, 0xE6F1, 0xE86A, 0xEA9B,  0xEC80, 0xEF2C, 0xF367, 0xF77F,
  0xFE1F, 0x0121, 0x0670, 0x0B79,  0x0FED, 0x1253, 0x14B8, 0x17C3,
  0x1B20, 0x1EE3, 0x21D9, 0x2433,  0x253D, 0x24A0, 0x233D, 0x21D3,
  0x203C, 0x1E8D, 0x1CCA, 0x1AE2,  0x1856, 0x1511, 0x1186, 0x0EC1,
  0x0BE4, 0x092E, 0x05BF, 0x03A9,  0x00BD, 0xFE33, 0xFBE1, 0xF8C9,
  0xF5DB, 0xF326, 0xF151, 0xEFAB,  0xEE1C, 0xED54, 0xEC6A, 0xEB2E,
  0xE94D, 0xE708, 0xE4B8, 0xE2A6,  0xE21A, 0xE238, 0xE085, 0xDF9D,
  0xDFA2, 0xDFB4, 0xE2FE, 0xE659,  0xE90B, 0xE9AB, 0xEBD1, 0xEEB6,
  0xF29C, 0xF71C, 0xFC13, 0x0038,  0x0457, 0x09C1, 0x0D7F, 0x112F,
  0x1279, 0x15DA, 0x1977, 0x1DAB,  0x21F2, 0x24B6, 0x2573, 0x2449,
  0x24A5, 0x2415, 0x2258, 0x20E9,  0x1F13, 0x1D3F, 0x1B80, 0x1824,
  0x13B2, 0x0F8D, 0x0CC0, 0x09E6,  0x07FA, 0x05A6, 0x0273, 0xFE7B,
  0xFB4A, 0xF8F6, 0xF634, 0xF2F9,  0xF02F, 0xEE85, 0xEDDB, 0xED10,
  0xEAE6, 0xE88B, 0xE628, 0xE62F,  0xE5C6, 0xE4A3, 0xE291, 0xE10B,
  0xE06D, 0xDF9D, 0xE115, 0xE16D,  0xE347, 0xE6F5, 0xE9BD, 0xEB15,
  0xEBF2, 0xEECC, 0xF230, 0xF694,  0xFC3C, 0x00CC, 0x0460, 0x0779,
  0x0B46, 0x0EDF, 0x11E2, 0x14FE,  0x18B2, 0x1CA9, 0x2047, 0x22DB,
  0x2397, 0x22BD, 0x21ED, 0x2267,  0x21C8, 0x20D8, 0x1F05, 0x1D2E,
  0x1AEE, 0x184A, 0x1562, 0x10AE,  0x0D70, 0x0AEC, 0x099A, 0x07B1,
  0x04B4, 0x015A, 0xFD14, 0xF9B4,  0xF6CC, 0xF574, 0xF44C, 0xF25B,
  0xF06E, 0xEDBE, 0xEC06, 0xEA61,  0xE93D, 0xE85B, 0xE725, 0xE648,
  0xE506, 0xE2E4, 0xE0F9, 0xDEB1,  0xDEB4, 0xE07F, 0xE1FE, 0xE610,
  0xE8E7, 0xEA38, 0xE96A, 0xEB93,  0xEF12, 0xF1DD, 0xF7F8, 0xFC38,
  0x011C, 0x045C, 0x081C, 0x0B8F,  0x0CE3, 0x10CF, 0x13B3, 0x191C,
  0x1D72, 0x20F9, 0x2347, 0x22B4,  0x226B, 0x2215, 0x233F, 0x225B,
  0x21F7, 0x2122, 0x1EA0, 0x1B71,  0x17A3, 0x13F9, 0x1068, 0x0DDA,
  0x0BB3, 0x09A8, 0x068D, 0x02B1,  0xFF00, 0xFBD4, 0xF910, 0xF6D9,
  0xF54A, 0xF381, 0xF1A9, 0xEF35,  0xECFD, 0xEB15, 0xE943, 0xE89C,
  0xE7F0, 0xE67D, 0xE4D9, 0xE3AD,  0xE2B0, 0xE134, 0xE060, 0xE04A,
  0xE238, 0xE3FA, 0xE71C, 0xEA8D,  0xEA12, 0xEA5F, 0xED3A, 0xF10B,
  0xF4FF, 0xF979, 0xFDFA, 0x012F,  0x047F, 0x0820, 0x0AD8, 0x0E20,
  0x1103, 0x14F8, 0x1A03, 0x1E7B,  0x205D, 0x2142, 0x21AE, 0x21AD,
  0x22CA, 0x23C5, 0x2317, 0x2161,  0x1FD6, 0x1D47, 0x1A11, 0x1659,
  0x1386, 0x116D, 0x0FBE, 0x0CF7,  0x0960, 0x0569, 0x00CE, 0xFE47,
  0xFC8C, 0xFA5A, 0xF840, 0xF72D,  0xF579, 0xF1E1, 0xEEDE, 0xEC54,
  0xEA88, 0xEA28, 0xEA3B, 0xE832,  0xE650, 0xE3EC, 0xE1F2, 0xE020,
  0xDF88, 0xE046, 0xE194, 0xE25C,  0xE2B4, 0xE6FC, 0xE8CE, 0xE8A3,
  0xE809, 0xECF6, 0xF1B1, 0xF53F,  0xFA30, 0xFBD6, 0xFFFA, 0x0322,
  0x0616, 0x0999, 0x0CFF, 0x10C7,  0x1468, 0x19DE, 0x1CB3, 0x1DDA,
  0x1F65, 0x20F2, 0x220D, 0x233C,  0x246B, 0x21DE, 0x2028, 0x1EDF,
  0x1D62, 0x1AF8, 0x16F2, 0x13B6,  0x1225, 0x108D, 0x0D5A, 0x0AB2,
  0x059E, 0x0181, 0xFFBB, 0xFFA1,  0xFE67, 0xF9E8, 0xF73E, 0xF445,
  0xF315, 0xF212, 0xF03F, 0xEE12,  0xEB90, 0xEA74, 0xE959, 0xE7FE,
  0xE5C6, 0xE3D5, 0xE357, 0xE2DD,  0xE210, 0xE1C8, 0xE26C, 0xE232,
  0xE41B, 0xE8C2, 0xEA1C, 0xEA77,  0xEB7C, 0xEF12, 0xF22B, 0xF586,
  0xF98A, 0xFCC9, 0x006E, 0x038A,  0x06F0, 0x09D6, 0x0D06, 0x101B,
  0x14C4, 0x199D, 0x1CAE, 0x1EC2,  0x202F, 0x1FE0, 0x1FFF, 0x21E4,
  0x22E1, 0x21F8, 0x20B5, 0x1F53,  0x1C8B, 0x187B, 0x15AB, 0x13BE,
  0x123F, 0x1055, 0x0CC9, 0x08D7,  0x04DF, 0x022E, 0x0058, 0xFE58,
  0xFBB0, 0xF996, 0xF6FB, 0xF4E2,  0xF327, 0xF0C9, 0xEE85, 0xED06,
  0xEC42, 0xEBF7, 0xEB50, 0xE8C5,  0xE6AD, 0xE493, 0xE3EA, 0xE258,
  0xE1C3, 0xE257, 0xE389, 0xE330,  0xE5A7, 0xEA95, 0xE98B, 0xE92A,
  0xEA90, 0xEF14, 0xF265, 0xF5BD,  0xFA58, 0xFBC6, 0xFF2A, 0x0291,
  0x058E, 0x08B7, 0x0B5E, 0x0F9B,  0x13EE, 0x1943, 0x1B22, 0x1C43,
  0x1D3C, 0x1E78, 0x1FF8, 0x21B7,  0x22B1, 0x2102, 0x2016, 0x1E7B,
  0x1C7F, 0x192E, 0x1674, 0x14D1,  0x1409, 0x1169, 0x0DB2, 0x0922,
  0x04AF, 0x02C6, 0x01BF, 0x00A0,  0xFD44, 0xFA47, 0xF89E, 0xF60B,
  0xF43B, 0xF21A, 0xEF95, 0xEDDE,  0xED76, 0xEDF2, 0xECBA, 0xEB00,
  0xE82C, 0xE5D5, 0xE55C, 0xE659,  0xE508, 0xE490, 0xE401, 0xE471,
  0xE6C5, 0xE8A5, 0xEB20, 0xE9F4,  0xEAAA, 0xEDAF, 0xF0C8, 0xF357,
  0xF6B4, 0xF980, 0xFC34, 0xFFB9,  0x02D7, 0x06AA, 0x08DF, 0x0B7F,
  0x0F6A, 0x1388, 0x16B1, 0x18E7,  0x1AD0, 0x1BB7, 0x1D4C, 0x1EC6,
  0x1FD9, 0x1FBC, 0x1EE5, 0x1E9D,  0x1CB0, 0x1AEA, 0x186D, 0x15E0,
  0x13A7, 0x12BB, 0x106B, 0x0CAA,  0x0941, 0x0647, 0x0442, 0x028C,
  0x00B5, 0xFE7F, 0xFC37, 0xF917,  0xF6D1, 0xF4E0, 0xF3A3, 0xF2AA,
  0xF12B, 0xEF36, 0xEE3E, 0xED10,  0xEC81, 0xEAC0, 0xE910, 0xE844,
  0xE7B3, 0xE67E, 0xE50A, 0xE406,  0xE496, 0xE607, 0xE76F, 0xEBA1,
  0xEB02, 0xE940, 0xEAD3, 0xEE86,  0xF24E, 0xF438, 0xF772, 0xFA1C,
  0xFCA0, 0x0033, 0x0387, 0x056F,  0x07A2, 0x0C78, 0x10C4, 0x1458,
  0x15A9, 0x176C, 0x1940, 0x1A43,  0x1D71, 0x1F88, 0x1F2D, 0x1E6D,
  0x1E6D, 0x1D45, 0x1ACF, 0x18D5,  0x1763, 0x154F, 0x145C, 0x1285,
  0x0DEA, 0x09CF, 0x0738, 0x05E5,  0x0541, 0x03E4, 0x01A4, 0xFE2F,
  0xFC1E, 0xFA38, 0xF87E, 0xF5B4,  0xF51B, 0xF5A2, 0xF415, 0xF293,
  0xF093, 0xEEB7, 0xEDC3, 0xEE91,  0xEE73, 0xECFC, 0xEAAF, 0xE845,
  0xE6B6, 0xE6EA, 0xE8A3, 0xE814,  0xE9AF, 0xEC71, 0xEB00, 0xE90B,
  0xE9F5, 0xEDD5, 0xEF71, 0xF239,  0xF623, 0xF7B3, 0xF919, 0xFBE6,
  0xFF4C, 0x01C0, 0x0517, 0x09B5,  0x0D00, 0x0F0A, 0x1193, 0x1476,
  0x163D, 0x17D4, 0x1B5B, 0x1DE8,  0x1E03, 0x1CEA, 0x1C56, 0x1B51,
  0x1999, 0x19D0, 0x1802, 0x1645,  0x141C, 0x1179, 0x0DEC, 0x0A06,
  0x0825, 0x06DA, 0x0621, 0x04F2,  0x039D, 0x0045, 0xFEE0, 0xFBD5,
  0xF9CB, 0xF9BE, 0xF959, 0xF925,  0xF728, 0xF4B4, 0xF32E, 0xF238,
  0xF310, 0xF2C6, 0xF1ED, 0xEF71,  0xEDE2, 0xECCF, 0xEAF5, 0xE7B6,
  0xE9D6, 0xEB2A, 0xE923, 0xED61,  0xECA9, 0xEB92, 0xE702, 0xEAF6,
  0xEE9D, 0xEE7B, 0xF2B7, 0xF342,  0xF431, 0xF5F5, 0xF9B5, 0xFC96,
  0xFF68, 0x0279, 0x05AA, 0x0A91,  0x0CAE, 0x0EE3, 0x11F4, 0x13F8,
  0x16D2, 0x1963, 0x1C84, 0x1C46,  0x1A3E, 0x1A9E, 0x1BB9, 0x18DB,
  0x190C, 0x1776, 0x1495, 0x13E7,  0x1117, 0x0E7B, 0x0A81, 0x088A,
  0x07F0, 0x06A1, 0x063E, 0x0373,  0x005E, 0xFE4B, 0xFE5C, 0xFC88,
  0xFA92, 0xFBD3, 0xFA09, 0xFA73,  0xF9BD, 0xF70F, 0xF406, 0xF4B7,
  0xF6A6, 0xF58E, 0xF546, 0xF31F,  0xF102, 0xEDB3, 0xED6C, 0xEC34,
  0xEC87, 0xEEDC, 0xEA89, 0xEB7E,  0xEE25, 0xEC45, 0xE832, 0xEC7A,
  0xEF51, 0xEF03, 0xF0B0, 0xF3A8,  0xF6A1, 0xF2D0, 0xF867, 0xFCCA,
  0xFDE8, 0x0100, 0x04A2, 0x08E6,  0x098A, 0x0A6E, 0x0FB0, 0x1289,
  0x11BE, 0x16DA, 0x19B1, 0x173C,  0x1756, 0x186C, 0x17E8, 0x171E,
  0x15C9, 0x15A9, 0x131D, 0x1208,  0x1019, 0x0BC7, 0x0987, 0x0981,
  0x068F, 0x07F9, 0x05BA, 0x01DD,  0x02A1, 0xFE88, 0x0059, 0x0155,
  0xFFFC, 0xFD7F, 0xFF64, 0xFCA4,  0xF961, 0xFC91, 0xFC9B, 0xF9EC,
  0xFA4E, 0xF983, 0xF7DF, 0xF7D1,  0xF30C, 0xF4DD, 0xF6DF, 0xEFD4,
  0xEF58, 0xF272, 0xED18, 0xEC3D,  0xEE1E, 0xEF17, 0xEEA6, 0xEECE,
  0xEDAF, 0xEFB7, 0xEDDA, 0xEF53,  0xF30A, 0xF09C, 0xF519, 0xF866,
  0xF72A, 0xF86F, 0xFED4, 0xFEC4,  0x0006, 0x0566, 0x06F6, 0x0970,
  0x0B44, 0x0DE9, 0x121D, 0x0F5F,  0x1284, 0x1372, 0x12B8, 0x1279,
  0x13EF, 0x136F, 0x1069, 0x1246,  0x0FFD, 0x0DF7, 0x0F69, 0x0D95,
  0x0867, 0x0C63, 0x0901, 0x07DE,  0x0928, 0x05A8, 0x077E, 0x0583,
  0x015A, 0x0605, 0x012C, 0x0297,  0x02E6, 0x0153, 0xFFC5, 0xFEF0,
  0xFBC5, 0xFFAC, 0xFB26, 0xF96F,  0x01B6, 0xF4EA, 0xF873, 0xF4B5,
  0xF901, 0xF227, 0xF515, 0xF667,  0xEE9A, 0xEFB3, 0xF739, 0xE6BE,
  0xF030, 0xF884, 0xE503, 0xF70C,  0xF05A, 0xEB9D, 0xF43A, 0xF2E8,
  0xEADE, 0xFCDE, 0xF3DF, 0xF25A,  0xFBB5, 0xF790, 0xF928, 0xFEA0,
  0x008D, 0xFD5F, 0x062D, 0x0594,  0x0474, 0x07D6, 0x0A8E, 0x0968,
  0x0AFE, 0x0DEE, 0x0E7F, 0x0B7C,  0x113E, 0x0A88, 0x0C60, 0x108D,
  0x0BFC, 0x0D3D, 0x0E58, 0x0DDC,  0x0B1E, 0x0D49, 0x0AD4, 0x09E7,
  0x0B80, 0x0BE8, 0x0AE8, 0x07AF,  0x0C07, 0x080C, 0x04BD, 0x08EC,
  0x0777, 0x04B3, 0x04F0, 0x062E,  0x0187, 0x01BC, 0x006B, 0xFF98,
  0xFF69, 0xFEC6, 0xFCA9, 0xFC38,  0xF884, 0xF5DF, 0xF9EA, 0xF769,
  0xF35E, 0xF75C, 0xF2B8, 0xEFC9,  0xF28C, 0xEFDB, 0xF129, 0xEF80,
  0xF022, 0xF01A, 0xF109, 0xED58,  0xF26D, 0xEF2F, 0xF2C5, 0xF61A,
  0xEE2C, 0xF821, 0xF2DD, 0xF954,  0xF6E7, 0xFAA3, 0xFE43, 0xF995,
  0x0395, 0xF9C9, 0x0306, 0x03FF,  0x0177, 0x056A, 0x07A1, 0x0CE8,
  0x00FC, 0x0A2C, 0x0D5A, 0x05F6,  0x0C18, 0x0C31, 0x0F2D, 0x0B95,
  0x08B7, 0x1048, 0x0BDA, 0x09E0,  0x11A3, 0x09D1, 0x0DC1, 0x0D7F,
  0x064A, 0x0F62, 0x0807, 0x0A31,  0x0E4F, 0x0785, 0x08BD, 0x0C51,
  0x0204, 0x0938, 0x09C6, 0x0063,  0x0D37, 0x000A, 0x0146, 0x0748,
  0xFA62, 0xFE6D, 0x0415, 0xF918,  0xFCB9, 0xFF0E, 0xF442, 0xFAC9,
  0xF92D, 0xF41C, 0xF691, 0xF8CC,  0xF25F, 0xF1C4, 0xF620, 0xEDF3,
  0xF4B6, 0xF376, 0xED1C, 0xF7C1,  0xEE45, 0xF24D, 0xF685, 0xEC0A,
  0xF8AA, 0xF185, 0xF01F, 0xF950,  0xF1D9, 0xF680, 0xF838, 0xF86F,
  0xF6AE, 0xFC14, 0xFB79, 0xFA01,  0x017E, 0xFF2F, 0xFDA1, 0x05FF,
  0x0176, 0x03AA, 0x07EC, 0x028B,  0x0FAC, 0xFFFC, 0x1210, 0x0A90,
  0x06C2, 0x11C1, 0x07D3, 0x1464,  0x048C, 0x1420, 0x0DC1, 0x0BB1,
  0x104B, 0x0C9A, 0x1021, 0x08E4,  0x0EAB, 0x0A10, 0x0CBC, 0x09F2,
  0x09AD, 0x0938, 0x047C, 0x0BCC,  0x0288, 0x0529, 0x07C7, 0x0283,
  0x006E, 0x0211, 0x025B, 0xFD83,  0x0046, 0xFB2B, 0x017B, 0xF8B4,
  0xF8A0, 0xFF2F, 0xF547, 0xF6D6,  0xFE03, 0xF4D8, 0xF139, 0xFD6B,
  0xEE4E, 0xF5A2, 0xF7A1, 0xF037,  0xF81E, 0xF214, 0xF17A, 0xF481,
  0xF652, 0xEBCB, 0xFCA3, 0xF045,  0xF702, 0xF745, 0xF1C8, 0xFC8F,
  0xF11D, 0xFE51, 0xF6D6, 0xFF1F,  0xF887, 0xFB47, 0x01C9, 0xFC28,
  0xFCD0, 0x08D3, 0xFD73, 0x010C,  0x09D6, 0x0276, 0x0418, 0x0A69,
  0x01AD, 0x0F69, 0x07D4, 0x02B4,  0x18F1, 0x016F, 0x0C69, 0x0E00,
  0x1027, 0x0132, 0x15AD, 0x0B60,  0x04BC, 0x15DD, 0x0629, 0x0889,
  0x0E3D, 0x0824, 0x057A, 0x0E07,  0x0542, 0xFF9B, 0x0FEE, 0xFD21,
  0xFC4B, 0x1299, 0xF3BC, 0x015F,  0x0811, 0xF609, 0xFBD4, 0x053F,
  0xEFA8, 0xFDF2, 0x01F0, 0xEAB6,  0x02C5, 0xF97A, 0xEAEC, 0x00DF,
  0xF57A, 0xEDB2, 0xFF20, 0xF7FF,  0xEB22, 0x05A6, 0xEC7A, 0xF425,
  0x006E, 0xED90, 0xFB75, 0xFA9D,  0xF7E7, 0xF0F4, 0x0768, 0xEB59,
  0xFFAC, 0x01B3, 0xF098, 0x050F,  0xFE28, 0xF61F, 0x073A, 0xFC76,
  0xFBAB, 0x0BB1, 0xF90D, 0x0855,  0x04A5, 0x040C, 0x006C, 0x0FB8,
  0xFDB9, 0x07B5, 0x11F5, 0xF6E6,  0x181B, 0x007C, 0x03D2, 0x13D8,
  0xFCED, 0x0A56, 0x0F57, 0x03C4,  0x0294, 0x1243, 0xFB7B, 0x0918,
  0x0E7A, 0xFBFD, 0x0D85, 0x0180,  0x03FD, 0x03A8, 0x05ED, 0xFAF1,
  0x0997, 0xFC2C, 0xFE5F, 0x07E1,  0xF2FE, 0x071E, 0xF76D, 0x022B,
  0xF5F5, 0x037F, 0xFA95, 0xF38C,  0x07F6, 0xE92D, 0x0778, 0xF5C0,
  0xF26E, 0x06D5, 0xEE8F, 0xF974,  0x03D0, 0xEA18, 0x011C, 0xFE62,
  0xEC37, 0x099E, 0xF469, 0xF8FF,  0xFFF0, 0xFA12, 0xFA65, 0x0395,
  0xFACB, 0xFED6, 0x050B, 0xF5FC,  0x0929, 0x002B, 0xF781, 0x10A3,
  0xFAB4, 0xFE3F, 0x0F18, 0xF881,  0x07A8, 0x04AC, 0x003E, 0x07BB,
  0x0370, 0x0242, 0x0487, 0x0560,  0x015C, 0x0332, 0x086C, 0xFFCC,
  0x058B, 0x0262, 0x04CD, 0xFEDC,  0x06A3, 0xFF89, 0xFF03, 0x09DB,
  0xF92E, 0x0587, 0xFFD7, 0xFE87,  0x01F1, 0x0259, 0xF9E8, 0x073F,
  0xF916, 0x0172, 0x011C, 0xFB0C,  0x011C, 0xFD6C, 0x00D8, 0xFCA0,
  0x0062, 0xFC08, 0x002E, 0xFC6B,  0xFDCA, 0xFF31, 0xFF07, 0xFAB5,
  0x04BC, 0xF7F7, 0x0424, 0x001D,  0xF927, 0x071A, 0xFC1C, 0x002A,
  0x0249, 0xFABC, 0x047D, 0xFCD7,  0xFEF2, 0x041A, 0xFB47, 0x04AE,
  0xFEC2, 0x0010, 0x0171, 0x0139,  0xFEFD, 0x059C, 0xFB75, 0x0340,
  0xFEB7, 0xFF38, 0x033D, 0xFB61,  0x03E1, 0xFE04, 0xFFD9, 0x0228,
  0xFC11, 0x02E8, 0xFF53, 0xFF27,  0xFF48, 0x00E4, 0xFDEF, 0xFE73,
  0x02DF, 0xF68F, 0x09DA, 0xF43E,  0x05C3, 0xFBE2, 0xFE0F, 0x0205,
  0xF7BF, 0x05F8, 0xF9DD, 0x0209,  0xF950, 0x05BB, 0xF6AA, 0x04B6,
  0xFE42, 0xFC0B, 0x0537, 0xFA45,  0x05D4, 0xFB96, 0x039F, 0x00DF,
  0x0110, 0x03C9, 0xFE81, 0x075D,  0xFDFD, 0x0603, 0x0033, 0x0533,
  0x03C5, 0x004B, 0x0922, 0xFA72,  0x09F4, 0x0087, 0x017E, 0x061B,
  0x02A7, 0xFE23, 0x06A8, 0xFF9D,  0x0152, 0x0102, 0x01B9, 0x00ED,
  0xFDC2, 0x05FB, 0xF972, 0x03EE,  0xFE1F, 0xFE8A, 0x0083, 0xFF40,
  0xFB77, 0x0112, 0xFB01, 0xFCA0,  0x0174, 0xF95C, 0xFF3A, 0xFD60,
  0xFBB5, 0xFB82, 0xFE7B, 0xFFE9,  0xF633, 0x047A, 0xF6DD, 0x003C,
  0xFB7C, 0xFC2A, 0x0263, 0xF41A,  0x08BD, 0xF331, 0x052C, 0xF92E,
  0x0225, 0xFFA8, 0xFA11, 0x06C9,  0xFAF1, 0x0360, 0xFDF6, 0x0399,
  0xFF96, 0x02B5, 0x01A3, 0x018D,  0x0474, 0xFDCA, 0x0864, 0xFEC0,
  0x056A, 0xFE5E, 0x0A39, 0x0107,  0xFAD8, 0x100C, 0xF755, 0x09C8,
  0xFB4E, 0x0C29, 0xFCDD, 0xFF28,  0x0B72, 0xF70D, 0x0817, 0x0139,
  0xFAD0, 0x0AF3, 0xF9A4, 0xFE1E,  0x0B65, 0xF120, 0x0A4E, 0xFDA9,
  0xF925, 0x093C, 0xF67D, 0x010B,  0x0265, 0xF86F, 0x0393, 0xF8AD,
  0x03BA, 0xF892, 0x0110, 0xFFA5,  0xF76E, 0x083D, 0xF3DC, 0x0482,
  0xFA6A, 0xFE6F, 0x0208, 0xF903,  0x05E3, 0xF7C5, 0x03A0, 0xFCDF,
  0xFEE6, 0xFF55, 0x0351, 0xF9EA,  0x0466, 0x014D, 0xFAC3, 0x07A3,
  0xF676, 0x0AD9, 0xF67A, 0x0A46,  0xFB4F, 0x04BA, 0x00AC, 0xFE8A,
  0x05F2, 0xFCAD, 0x06C5, 0xF97F,  0x0B27, 0xF652, 0x0869, 0xFC97,
  0x043E, 0x010A, 0xFEB5, 0x0674,  0xF8AF, 0x0A46, 0xF87F, 0x0201,
  0x03F2, 0xFCCA, 0x012F, 0xFE23,  0x03D6, 0xF8D8, 0x055C, 0xFF9B,
  0xF9A3, 0x08BF, 0xF5F2, 0x04E2,  0xFB8D, 0x0103, 0xFFD4, 0xFD02,
  0x033C, 0xFB11, 0x0177, 0xFAC4,  0x03B2, 0xFA30, 0x043C, 0xFB31,
  0x0023, 0x0178, 0xFA38, 0x04E3,  0xFCD7, 0x0210, 0xFC67, 0x00C8,
  0x00BE, 0xFB37, 0x034F, 0xFEAC,  0x01F5, 0x023D, 0xFEC5, 0x03DB,
  0xFC05, 0x03E4, 0xFE62, 0x0001,  0x03B4, 0xFFB4, 0x0144, 0x015C,
  0xFF01, 0x01E4, 0xFEE2, 0x02FE,  0x01C8, 0xFBBB, 0x079C, 0xF85B,
  0x0351, 0x0060, 0xFCBA, 0x0705,  0xF9EB, 0x03BB, 0xFDBF, 0xFDCE,
  0x012C, 0xFB5B, 0x05C9, 0xF8A0,  0x07C6, 0x005A, 0xF849, 0x0770,
  0xF88F, 0x0041, 0x031E, 0xFD9C,  0x006B, 0xFD66, 0x01F3, 0xFA50,
  0x029C, 0x00CF, 0xFBDA, 0x0341,  0x005A, 0xFD54, 0x034A, 0xFF60,
  0xFCDD, 0x075B, 0xF40F, 0x0D41,  0xF3B4, 0x0804, 0xFDF3, 0x001C,
  0x01E2, 0xFC35, 0x090F, 0xF51C,  0x0BD1, 0xF6F6, 0x0AAA, 0xF754,
  0x052B, 0xFFAD, 0xFE0E, 0x02A9,  0x005B, 0xFDFD, 0x02AA, 0x0023,
  0xFCDD, 0x0323, 0xFE65, 0x012F,  0xFF7F, 0x02AE, 0xFD10, 0x00AC,
  0xFCF8, 0x040E, 0xFB53, 0x0592,  0xFED7, 0x005A, 0xFB84, 0x0742,
  0xF828, 0x0595, 0xFD5E, 0x0065,  0x00CC, 0xFBD4, 0x057F, 0xF715,
  0x0750, 0xFA4E, 0x043B, 0xFE06,  0xFCA4, 0x06C7, 0xF84F, 0xFFBE,
  0x0768, 0xF76E, 0x09AC, 0xF516,  0x0939, 0xF84A, 0x03BB, 0xFD58,
  0x0330, 0xFEF1, 0x0079, 0x0010,  0xFE59, 0x0670, 0xF54C, 0x0DCA,
  0xEFF0, 0x1049, 0xF5C0, 0x04E3,  0xFA41, 0x0436, 0xFC36, 0x03DE,
  0xFE38, 0x02B1, 0xFD3B, 0xFF71,  0x0740, 0xF561, 0x092F, 0xF9F8,
  0x0495, 0xF8B5, 0x0C33, 0xF669,  0x03FD, 0x0078, 0xFF02, 0xFF9D,
  0x0464, 0xFC98, 0x028C, 0xF9F9,  0x0870, 0xF67B, 0x0575, 0x0067,
  0xFD11, 0x0489, 0xFA96, 0x082F,  0xF345, 0x0A34, 0xF935, 0x0535,
  0xFCC8, 0x04AE, 0xFAE3, 0x0598,  0xFC01, 0xFF06, 0x052F, 0xF8DA,
  0x024C, 0x0320, 0xF74A, 0x0B5C,  0xF536, 0x0603, 0x015F, 0xFB1B,
  0x06F5, 0xFC90, 0x02D7, 0xFD0B,  0x04AC, 0xFB6C, 0x02B6, 0xFBD1,
  0x09C8, 0xF5C6, 0x0877, 0xFA31,  0x0190, 0x01CE, 0xFC79, 0x019E,
  0x0520, 0xF88D, 0x075B, 0xF948,  0x0531, 0xFE0E, 0xFE71, 0x049B,
  0xFE79, 0xFF43, 0xFD6F, 0x08D8,  0xF0DD, 0x1217, 0xECFE, 0x110C,
  0xF353, 0x0445, 0x0257, 0xFB87,  0x047E, 0xFCA5, 0x02E1, 0x0113,
  0xFDEC, 0xFDD3, 0x06CC, 0xF4F8,  0x05E3, 0xFF45, 0xFF25, 0xFE9E,
  0x03F8, 0xFFE3, 0x00AC, 0xFC91,  0x09A2, 0xF4D5, 0x08A0, 0xF7C3,
  0x0488, 0x001F, 0xFA98, 0x054B,  0xFE9B, 0x00E7, 0xFFA3, 0x03CC,
  0xFE45, 0x005E, 0xFEAA, 0x0311,  0xF89F, 0x07EA, 0xF856, 0x079C,
  0xFC4F, 0xFC04, 0x0885, 0xF801,  0x023D, 0x0407, 0xF597, 0x0CDB,
  0xF328, 0x06E8, 0x0012, 0xFA07,  0x07A7, 0xFA27, 0x031C, 0xFEFC,
  0x0169, 0xFCC7, 0x03FE, 0xF93C,  0x0869, 0xF8A9, 0x048A, 0xFEA2,
  0xFFBB, 0xFF08, 0x00AA, 0x04A1,  0xF841, 0x08B4, 0xFE1A, 0xFB59,
  0x0EB2, 0xEF55, 0x090A, 0x0178,  0xF700, 0x0CD7, 0xF17A, 0x0C0F,
  0xF661, 0x04E3, 0x0144, 0xFED9,  0x04E9, 0xF74A, 0x08E1, 0xFC82,
  0xFE7D, 0x0430, 0xFE1C, 0xFD89,  0x0565, 0xFAB1, 0x0162, 0x044D,
  0xFBE5, 0x043B, 0xFEC9, 0xFE4B,  0x0335, 0xFA4C, 0x032B, 0xFFE6,
  0xFE46, 0x0552, 0xF418, 0x0D5A,  0xF861, 0x002B, 0x01AA, 0xFF88,
  0xFF12, 0xFF0B, 0x038F, 0xFC4B,  0x01D6, 0xFE77, 0x05BE, 0xF485,
  0x0F33, 0xF29F, 0x0504, 0x0017,  0xF47E, 0x105F, 0xEDF9, 0x0BC2,
  0xF975, 0xFCCF, 0x0AF4, 0xF114,  0x0F87, 0xF776, 0x00E8, 0x058E,
  0xF70C, 0x067B, 0xFDA1, 0xFC30,  0x065F, 0xFCF1, 0xFCEB, 0x040A,
  0xFEA3, 0xFE9B, 0x02C4, 0xFFEE,  0xFF30, 0x0610, 0xFC64, 0xFFE3,
  0x025A, 0xFFD7, 0x01C8, 0xFE9B,  0x01AE, 0x0093, 0xF926, 0x07D6,
  0xF68F, 0x0A13, 0xF9CF, 0x0120,  0x0100, 0xFCBF, 0x02C1, 0xFB66,
  0x05B7, 0xFA7E, 0x019C, 0xFC1D,  0x037F, 0x00A6, 0xFD0C, 0x02CA,
  0x00DB, 0xFAE6, 0x05CC, 0xFC19,  0x03F7, 0xF960, 0x02DC, 0x0151,
  0xFC0E, 0x01B2, 0x02B1, 0xFD56,  0x0124, 0x01CE, 0xFCEA, 0x055D,
  0xFC9D, 0x045B, 0xFE0E, 0xFE74,  0x01B3, 0x0223, 0xFCD1, 0x0697,
  0xF7B4, 0x0A27, 0xFAF1, 0xFE1A,  0x0510, 0xF8AE, 0x06FD, 0xFB47,
  0x0681, 0xFA49, 0x0523, 0xF9CE,  0x08E4, 0xF71C, 0x07F0, 0xFD11,
  0xFCD7, 0x0506, 0xF540, 0x0FC0,  0xEFE5, 0x0CA8, 0xF596, 0x0ACD,
  0xFDB5, 0xFCD2, 0x0347, 0xFF35,  0x00FE, 0xFCC6, 0x08C6, 0xF807,
  0x04C7, 0xF785, 0x05BC, 0xFCAD,  0xFE28, 0x00C2, 0x001E, 0xFAC2,
  0x0507, 0xF556, 0x0589, 0x01ED,  0xF52D, 0x0FF7, 0xF295, 0x0A2F,
  0xF83C, 0x0095, 0x03E1, 0xFDEE,  0x0856, 0xFC51, 0x00E3, 0xFFF2,
  0x04CE, 0xFCD4, 0x0620, 0xFC18,  0x07FE, 0xF6F5, 0x054A, 0x0056,
  0xFCBE, 0x052A, 0xFC48, 0x03FA,  0xFB54, 0xFF9E, 0xFAC2, 0x03D6,
  0xF582, 0x0BD9, 0xF5F0, 0x0235,  0xFE57, 0xFC07, 0x0386, 0xFB22,
  0x0448, 0x0044, 0x02E9, 0xFB21,  0x0653, 0xFD32, 0x03DC, 0xFC17,
  0x0A2D, 0x0172, 0x0027, 0x0093,  0x01C7, 0x0150, 0xFDDA, 0x0A33,
  0xFC80, 0x00B9, 0x0209, 0xFF5F,  0x005A, 0xFA70, 0x03B3, 0x015F,
  0xF710, 0x02F4, 0xF833, 0xFFDB,  0xFD27, 0xFC80, 0x0139, 0xFD15,
  0xFB16, 0xFBA4, 0x01FD, 0xFA35,  0x02AA, 0xFD79, 0x0102, 0x0125,
  0xFB47, 0x0548, 0xFBCF, 0xFE78,  0x04D1, 0xFCED, 0x02DA, 0xFE28,
  0xFD4B, 0x0624, 0xFC13, 0x08B8,  0x0206, 0x0006, 0x04D9, 0x017A,
  0x0349, 0x02BA, 0x0065, 0x01AE,  0x0A0B, 0xFA5B, 0x07D6, 0xFA64,
  0x0096, 0x030C, 0xFC0D, 0x07B9,  0xFA06, 0x0115, 0x0073, 0xFE1C,
  0xFDE3, 0x04C8, 0xFBC4, 0x0217,  0x029F, 0xFCBC, 0x017E, 0xFBFE,
  0xFEA0, 0x0192, 0x021C, 0xFF3A,  0x0145, 0xFBAD, 0xFE8D, 0xFEEA,
  0x0135, 0x00B1, 0xFC93, 0x034E,  0xFD28, 0xFD15, 0xFF9B, 0xFA2F,
  0x0068, 0xFEA7, 0x0171, 0x0118,  0xFBE2, 0xFFA2, 0xFDFB, 0xFE78,
  0xFFE8, 0x0022, 0xFD87, 0x01DF,  0xF7F0, 0xFF8A, 0xFEDF, 0xFC3E,
  0x031F, 0xFF5D, 0x0240, 0x008A,  0x010C, 0xFEDE, 0x0476, 0xFF56,
  0x00B7, 0x010C, 0x0482, 0x0146,  0xFBE2, 0x0603, 0x00D0, 0x023D,
  0xFEDB, 0x0264, 0x02B4, 0x0217,  0xFF99, 0x0084, 0x04C4, 0xFBD3,
  0x0023, 0xFD39, 0x0344, 0xFAB2,  0x0164, 0xFF3A, 0xFC61, 0x0511,
  0xF8EC, 0x02A0, 0xFE7D, 0xFDB6,  0x0424, 0xFFEE, 0xFE1F, 0x019E,
  0xFFC8, 0x0118, 0x016D, 0x0182,  0x00CD, 0x022D, 0xFD1E, 0x00A7,
  0x00EC, 0xFE8E, 0x026D, 0x023B,  0x01FC, 0xFF40, 0xFEC3, 0xFECA,
  0x03F8, 0xFE0F, 0x02D8, 0xFEAD,  0xFFCD, 0xFE4D, 0x01FB, 0xFD60,
  0x00F5, 0x0573, 0xFC4C, 0x05C6,  0xFC34, 0x028D, 0xFF7A, 0x0020,
  0x0290, 0x00F2, 0x012F, 0xFE10,  0x0250, 0x00F9, 0x0160, 0x04B2,
  0x014F, 0x00DE, 0x0067, 0xFBA8,  0x0464, 0xFC86, 0xFFE1, 0x0274,
  0xFA25, 0xFB3B, 0xFF36, 0xFBE2,  0xFD36, 0xFF88, 0xFBA3, 0x00AA,
  0xFAC1, 0xFC91, 0xFCCB, 0xFAE1,  0xFBFF, 0xFE64, 0xFBDB, 0xFB10,
  0xF9FB, 0xF829, 0xFBB6, 0xF9AC,  0xFAA6, 0xFA4B, 0xFACA, 0xFAF6,
  0xFA2F, 0xF9D5, 0xF98A, 0xF97E,  0xFC36, 0xFA33, 0xFBC2, 0xFBC4,
  0xFB3A, 0xFE3D, 0xFC6A, 0x0060,  0xFFB0, 0x00B6, 0x027F, 0x0359,
  0x04D5, 0x058D, 0x062D, 0x078C,  0x0AB9, 0x0A44, 0x0CA0, 0x0D1D,
  0x0D6C, 0x0E97, 0x0F15, 0x0EEA,  0x0F02, 0x0F68, 0x0F28, 0x0ECA,
  0x0D7D, 0x0BF2, 0x0BB4, 0x0A46,  0x0A00, 0x0B54, 0x0A31, 0x08E8,
  0x053D, 0x0398, 0x0409, 0x02C9,  0x040F, 0x0326, 0x0088, 0x0117,
  0xFDC2, 0xFF24, 0xFD03, 0xFBCB,  0xFC99, 0xFAE5, 0xFD35, 0xFC58,
  0xFA76, 0xF7D3, 0xF846, 0xF8DF,  0xFB0B, 0xF9A7, 0xF7FB, 0xF490,
  0xF4EB, 0xF680, 0xF5D6, 0xF745,  0xF220, 0xF394, 0xF0BE, 0xF06F,
  0xF032, 0xED06, 0xF049, 0xEEED,  0xEFBA, 0xED8F, 0xEB4A, 0xEB09,
  0xEC69, 0xEFD2, 0xF11B, 0xF0E7,  0xF13D, 0xF3EA, 0xF6D1, 0xFA33,
  0xFAF4, 0xFCE4, 0xFEA6, 0x01AB,  0x0543, 0x064B, 0x0758, 0x0925,
  0x0AD9, 0x0D03, 0x0EE8, 0x0E22,  0x0EBB, 0x0EB2, 0x0FE5, 0x1221,
  0x0FC7, 0x0F3B, 0x0DAB, 0x0CC6,  0x0DB2, 0x0C51, 0x0AC1, 0x087D,
  0x078B, 0x06C9, 0x06B7, 0x0462,  0x03F8, 0x033B, 0x0316, 0x0414,
  0x036A, 0x02D9, 0x0180, 0x0275,  0x03E3, 0x055D, 0x0696, 0x0636,
  0x0672, 0x0770, 0x085C, 0x099C,  0x09CE, 0x0A5E, 0x0A83, 0x0B53,
  0x0AAF, 0x0ABB, 0x09C5, 0x0A33,  0x0AC5, 0x0914, 0x07F6, 0x074F,
  0x0658, 0x05D3, 0x046E, 0x028C,  0x0143, 0x0059, 0x008D, 0xFF57,
  0xFCE7, 0xF9D4, 0xFA5E, 0xF8C8,  0xF9EF, 0xF8B4, 0xF559, 0xF3C1,
  0xF1AF, 0xF263, 0xF222, 0xF1C0,  0xEF45, 0xEE83, 0xEE14, 0xECA2,
  0xEB6A, 0xEBCE, 0xEA02, 0xE9AB,  0xE9B1, 0xE6E1, 0xE698, 0xE4BC,
  0xE641, 0xE52B, 0xE75E, 0xE825,  0xE8C7, 0xEDBD, 0xEEA5, 0xF536,
  0xF517, 0xF8CF, 0xFA9F, 0xFF2F,  0x050E, 0x03DD, 0x0AB4, 0x0B82,
  0x0E36, 0x1073, 0x116A, 0x1302,  0x1363, 0x1582, 0x162D, 0x17D2,
  0x14BE, 0x1301, 0x1311, 0x10E3,  0x1202, 0x0FEF, 0x0DC7, 0x0BA9,
  0x08CB, 0x07A0, 0x0618, 0x04D5,  0x03AB, 0x042B, 0x01EB, 0x0220,
  0xFF79, 0x0043, 0x00D2, 0x00E8,  0x04D7, 0x0355, 0x0457, 0x0521,
  0x06AE, 0x075E, 0x0A4F, 0x0AE8,  0x0C39, 0x0C6D, 0x0BA2, 0x0CD7,
  0x0C15, 0x0E6B, 0x0D3E, 0x0D88,  0x0BE7, 0x0AB5, 0x0A42, 0x093D,
  0x0956, 0x0766, 0x061D, 0x0543,  0x036B, 0x021D, 0x00CC, 0x0098,
  0xFF65, 0xFEBD, 0xFEB0, 0xFB96,  0xFB34, 0xFA36, 0xF9E1, 0xF942,
  0xF776, 0xF519, 0xF40A, 0xF2B9,  0xF114, 0xF0D0, 0xEDE8, 0xEA76,
  0xEA0E, 0xEA66, 0xE7FA, 0xE6D7,  0xE394, 0xE351, 0xE393, 0xE285,
  0xE1F4, 0xDEE4, 0xDFAF, 0xDE9C,  0xE0EF, 0xE19B, 0xE3D1, 0xE6AB,
  0xEA91, 0xF486, 0xF69B, 0xFBEE,  0xFBDC, 0x009B, 0x08DF, 0x0C11,
  0x144A, 0x145D, 0x177D, 0x1774,  0x193F, 0x1BE4, 0x1A35, 0x1B66,
  0x1929, 0x1A2A, 0x1627, 0x13A3,  0x109B, 0x0D8D, 0x0C47, 0x0A06,
  0x090A, 0x04F6, 0x0204, 0xFFA0,  0x002D, 0xFEA1, 0xFF39, 0xFEC7,
  0xFDC8, 0xFF4C, 0xFF1D, 0x00F8,  0x020C, 0x033A, 0x0561, 0x0834,
  0x0A2F, 0x0AED, 0x0C88, 0x0D2D,  0x0EC9, 0x10A0, 0x122B, 0x111E,
  0x0FA9, 0x0E2E, 0x0D73, 0x0D61,  0x0BB4, 0x0B9D, 0x093C, 0x0802,
  0x0685, 0x051A, 0x043F, 0x02B1,  0x01F8, 0x0327, 0x027F, 0x0255,
  0x0212, 0x00E4, 0x0166, 0x006A,  0x014C, 0x0220, 0x0375, 0x02F1,
  0x0008, 0xFD89, 0xFDAC, 0xFDD7,  0xFE39, 0xFCA5, 0xF700, 0xF2A7,
  0xEF7E, 0xEE2B, 0xEDFF, 0xEBBD,  0xE7DC, 0xE53E, 0xE25F, 0xE013,
  0xDFCF, 0xDEEB, 0xDE52, 0xDEB3,  0xDDB3, 0xDC69, 0xDCA2, 0xDD63,
  0xE043, 0xE22E, 0xE699, 0xE970,  0xEC9E, 0xF21E, 0xF767, 0xFFF5,
  0x00C8, 0x064E, 0x0A3D, 0x0FA8,  0x1536, 0x13E0, 0x196B, 0x1874,
  0x1839, 0x17F5, 0x16DB, 0x164D,  0x1226, 0x10C4, 0x0E11, 0x0C27,
  0x081C, 0x0580, 0x0558, 0x02F7,  0x02A9, 0x0172, 0x0029, 0x00AC,
  0x0138, 0x02F8, 0x0401, 0x03A8,  0x05E7, 0x0798, 0x094D, 0x0A7B,
  0x0AC4, 0x0C1F, 0x0C50, 0x0E87,  0x1036, 0x0F40, 0x0E7C, 0x0DE0,
  0x0EEA, 0x0E97, 0x0D9A, 0x0C49,  0x0A76, 0x0A18, 0x08DE, 0x088A,
  0x05EF, 0x0471, 0x0384, 0x03B2,  0x0488, 0x034E, 0x04CB, 0x0522,
  0x0659, 0x0725, 0x06D0, 0x0700,  0x0793, 0x0933, 0x0AD1, 0x0AD4,
  0x0A01, 0x0949, 0x098B, 0x08D7,  0x068A, 0x0492, 0x00F7, 0xFF0D,
  0xFCBA, 0xF9ED, 0xF6A5, 0xF2E5,  0xEF22, 0xEB19, 0xE722, 0xE385,
  0xE149, 0xE102, 0xDF98, 0xDF14,  0xDEAB, 0xDE5D, 0xDDD3, 0xDC31,
  0xDD5F, 0xDE1B, 0xE0A3, 0xDF5C,  0xE0D8, 0xE152, 0xE367, 0xE523,
  0xE7C6, 0xEBA4, 0xEDBE, 0xF1E4,  0xF899, 0x016B, 0x018E, 0x0452,
  0x0473, 0x0CC1, 0x10AA, 0x1240,  0x16EE, 0x138D, 0x1529, 0x1215,
  0x1315, 0x1387, 0x10F8, 0x105F,  0x0E5A, 0x0CE9, 0x09A3, 0x08B1,
  0x08A9, 0x087D, 0x08E4, 0x0806,  0x07E0, 0x071E, 0x076D, 0x0A3C,
  0x0BA3, 0x0BD5, 0x0B95, 0x0BF7,  0x0CEB, 0x0C8C, 0x0D0C, 0x0D3E,
  0x0CB1, 0x0CE2, 0x0CA2, 0x0C97,  0x0AF6, 0x0935, 0x0A23, 0x0A55,
  0x0A8C, 0x08C4, 0x078D, 0x0726,  0x0716, 0x0838, 0x064F, 0x05A6,
  0x03C4, 0x04BC, 0x0782, 0x083E,  0x0801, 0x0456, 0x0515, 0x0790,
  0x0A56, 0x0C6A, 0x0903, 0x0706,  0x0739, 0x0A80, 0x0CA6, 0x0AAB,
  0x066C, 0x0239, 0x02F3, 0x0387,  0x0353, 0xFFE4, 0xF9B2, 0xF767,
  0xF604, 0xF5E9, 0xF3DA, 0xEF5B,  0xEC9B, 0xEA0C, 0xE976, 0xE7A4,
  0xE3A1, 0xE213, 0xE0AF, 0xE112,  0xE20E, 0xE1CF, 0xE107, 0xDF7B,
  0xE151, 0xE2CC, 0xE3DF, 0xE417,  0xE2DF, 0xE25D, 0xE38E, 0xE3F3,
  0xE4FF, 0xE5A1, 0xE941, 0xE9E1,  0xEDF9, 0xF4F8, 0xFB17, 0x027E,
  0xFEE7, 0x06EF, 0x0A69, 0x107C,  0x1664, 0x14EE, 0x191C, 0x15CD,
  0x1758, 0x16AC, 0x17D0, 0x165C,  0x1386, 0x132A, 0x0FDA, 0x0EF7,
  0x0C14, 0x0BC0, 0x0BD6, 0x0ADA,  0x0A51, 0x09DF, 0x07A3, 0x07FF,
  0x09CA, 0x0B3C, 0x0BA9, 0x0A07,  0x0B5B, 0x0AD9, 0x0B63, 0x0B45,
  0x0B62, 0x0B64, 0x0998, 0x0AA7,  0x0AB6, 0x0A68, 0x09FF, 0x0991,
  0x0A3C, 0x09F4, 0x0941, 0x073F,  0x0676, 0x066E, 0x0661, 0x06F7,
  0x0542, 0x047D, 0x034A, 0x039B,  0x04AB, 0x0565, 0x0822, 0x0805,
  0x089B, 0x084A, 0x086B, 0x08C0,  0x09DC, 0x0C0E, 0x0C7A, 0x0AC5,
  0x087C, 0x0815, 0x06F8, 0x03B0,  0x0076, 0x01A1, 0x00E6, 0xFEFE,
  0xFAB9, 0xF5EB, 0xF380, 0xF25C,  0xF2B3, 0xEF35, 0xEC59, 0xEABF,
  0xEC48, 0xEAE4, 0xE60C, 0xE1F6,  0xDFEE, 0xE1C3, 0xE4BC, 0xE6C5,
  0xE39D, 0xDFEF, 0xDE2C, 0xE1ED,  0xE645, 0xE9D6, 0xE92E, 0xE683,
  0xE552, 0xE54D, 0xE6C3, 0xE9DC,  0xE973, 0xEA49, 0xEDAA, 0xEFF4,
  0xF6FA, 0xF87C, 0xFDD3, 0x009B,  0x0512, 0x0D30, 0x107C, 0x118C,
  0x1317, 0x13F1, 0x18EA, 0x1A66,  0x1874, 0x16AC, 0x12C5, 0x140D,
  0x131F, 0x135C, 0x1044, 0x0E61,  0x0CC6, 0x0BF4, 0x0B74, 0x0A1C,
  0x097C, 0x09C0, 0x0A7D, 0x0A0E,  0x090C, 0x07CB, 0x088E, 0x093B,
  0x0B5A, 0x0BB1, 0x0AF9, 0x091A,  0x0898, 0x0881, 0x08F8, 0x08DE,
  0x08AA, 0x0959, 0x07DE, 0x072A,  0x062A, 0x07E7, 0x0834, 0x0713,
  0x05C6, 0x03F8, 0x0525, 0x05F3,  0x06EA, 0x05D5, 0x04C8, 0x04D1,
  0x0569, 0x07DA, 0x0927, 0x09F8,  0x09BE, 0x09CA, 0x0AE6, 0x0B40,
  0x0B97, 0x0ABF, 0x0ABD, 0x0A9E,  0x0967, 0x078E, 0x03CD, 0x01D0,
  0x008F, 0xFFD5, 0xFE1C, 0xFA9C,  0xF6CB, 0xF60C, 0xF524, 0xF428,
  0xF20A, 0xEE9F, 0xEDBE, 0xEBE3,  0xEB27, 0xE8F9, 0xE6A9, 0xE5F5,
  0xE553, 0xE5E0, 0xE287, 0xE26F,  0xE2E2, 0xE490, 0xE5BC, 0xE591,
  0xE6B1, 0xE4FF, 0xE656, 0xE407,  0xE626, 0xE636, 0xE86E, 0xE787,
  0xE7E2, 0xE8DE, 0xEB17, 0xF21E,  0xFAE5, 0x03C0, 0xFD9D, 0xFF72,
  0x013A, 0x0CF5, 0x12DF, 0x1367,  0x1512, 0x0EDD, 0x1328, 0x12A6,
  0x1457, 0x14D7, 0x1198, 0x13C8,  0x1136, 0x0E6A, 0x0CBF, 0x0CE1,
  0x107C, 0x1007, 0x0F2F, 0x0C0F,  0x098A, 0x0AB3, 0x0C9B, 0x0FD8,
  0x0F45, 0x0CBA, 0x0B72, 0x0A39,  0x0AEC, 0x0AA8, 0x0B1C, 0x0B35,
  0x090E, 0x0838, 0x065C, 0x0602,  0x0599, 0x06B5, 0x08E2, 0x074D,
  0x05CF, 0x0205, 0x02A5, 0x0410,  0x0653, 0x07CA, 0x053C, 0x043C,
  0x0324, 0x055D, 0x06D2, 0x071F,  0x06A4, 0x080C, 0x088C, 0x08BE,
  0x0916, 0x09D1, 0x0A8D, 0x0AD2,  0x0A60, 0x08AF, 0x082D, 0x069C,
  0x0679, 0x0515, 0x0478, 0x02B8,  0x0017, 0xFD9E, 0xFB30, 0xFB00,
  0xFA27, 0xF9C4, 0xF8DB, 0xF784,  0xF478, 0xF1B5, 0xF0E2, 0xF04E,
  0xEFE5, 0xED06, 0xEA48, 0xE803,  0xE736, 0xE925, 0xE7DC, 0xE662,
  0xE4FD, 0xE4D7, 0xE685, 0xE6B3,  0xE85D, 0xE6A5, 0xE5CC, 0xE5F9,
  0xE571, 0xE5CC, 0xE5DF, 0xE4C0,  0xE5E0, 0xE5E8, 0xE9C5, 0xEB23,
  0xEEFD, 0xFC93, 0xFC33, 0x00F2,  0xFF42, 0x0423, 0x0CF6, 0x0E3A,
  0x15E2, 0x1270, 0x13D8, 0x11E7,  0x11A9, 0x1342, 0x1347, 0x149E,
  0x1225, 0x105C, 0x0E83, 0x0E14,  0x0F96, 0x11E0, 0x108D, 0x0F96,
  0x0C95, 0x0D37, 0x0D87, 0x0EFA,  0x10B5, 0x0E47, 0x0DFD, 0x0C5D,
  0x0CE7, 0x0C3F, 0x0B2C, 0x0AE1,  0x09D2, 0x0869, 0x06FC, 0x0611,
  0x04EB, 0x03C0, 0x0464, 0x04FD,  0x044F, 0x0278, 0x01BA, 0x02E3,
  0x03CB, 0x044A, 0x039E, 0x01D7,  0x01DD, 0x0402, 0x06DE, 0x06A5,
  0x042D, 0x0396, 0x0478, 0x0824,  0x0AE2, 0x0C3B, 0x08E4, 0x07B9,
  0x09CF, 0x0BBD, 0x0CFF, 0x0A32,  0x06D1, 0x0326, 0x030C, 0x03C0,
  0x049A, 0x0379, 0xFED5, 0xFB11,  0xF84B, 0xF93F, 0xFB4E, 0xFC31,
  0xF8C4, 0xF47D, 0xF2C2, 0xF20F,  0xF282, 0xF220, 0xEFCD, 0xECD2,
  0xEAE2, 0xE947, 0xE9CF, 0xE952,  0xE8EC, 0xE9F7, 0xE860, 0xE76A,
  0xE704, 0xE613, 0xE793, 0xE7A0,  0xE933, 0xE743, 0xE51B, 0xE5D5,
  0xE6F3, 0xE981, 0xEB17, 0xEB64,  0xECA3, 0xEDEE, 0xF284, 0xFDDA,
  0x0059, 0x0247, 0xFDEC, 0x040F,  0x0C48, 0x0D0A, 0x1329, 0x0F22,
  0x1028, 0x0D63, 0x0E2C, 0x119A,  0x10A5, 0x11DE, 0x0EFB, 0x0E45,
  0x0C45, 0x0BA6, 0x0FA2, 0x1073,  0x104A, 0x0EE8, 0x0BFE, 0x0CAC,
  0x0CC3, 0x0F87, 0x1186, 0x0EC3,  0x0DCD, 0x0BB6, 0x0CBA, 0x0DC9,
  0x0BB1, 0x0BB8, 0x0896, 0x0825,  0x078B, 0x0551, 0x053F, 0x0385,
  0x0558, 0x04AE, 0x034F, 0x0075,  0xFF4C, 0x02C5, 0x050E, 0x0632,
  0x0249, 0xFFC4, 0xFF4A, 0x0394,  0x08C5, 0x0904, 0x0641, 0x0373,
  0x0597, 0x08E3, 0x0B30, 0x0ADD,  0x093D, 0x07E1, 0x08F2, 0x0911,
  0x0808, 0x0662, 0x0508, 0x0573,  0x03A1, 0x01EC, 0xFF1C, 0xFE39,
  0xFE86, 0xFDB2, 0xFE1B, 0xFC57,  0xF9AC, 0xF60A, 0xF6E5, 0xF906,
  0xF97D, 0xF86C, 0xF435, 0xF1A3,  0xF1B3, 0xF40E, 0xF2F7, 0xF125,
  0xEE41, 0xECAF, 0xEC71, 0xE998,  0xE985, 0xEA36, 0xEB38, 0xEC55,
  0xE94E, 0xE827, 0xE77B, 0xE9A3,  0xED9B, 0xEDC6, 0xEC46, 0xE8F2,
  0xE7FF, 0xEA7E, 0xECD0, 0xEE5C,  0xEE72, 0xEC73, 0xF29D, 0xF67D,
  0xFBBF, 0xFD35, 0xFCAD, 0x0260,  0x0458, 0x0C43, 0x0CB3, 0x0C69,
  0x0DB9, 0x0C99, 0x1224, 0x1142,  0x10E0, 0x10CF, 0x0F5E, 0x1186,
  0x0F4F, 0x1068, 0x1048, 0x0FF5,  0x1170, 0x0FFF, 0x0F4D, 0x0DED,
  0x0E65, 0x1036, 0x105F, 0x0F76,  0x0CEC, 0x0B3C, 0x0D07, 0x0D9F,
  0x0E21, 0x0BF4, 0x08B1, 0x0745,  0x0711, 0x0915, 0x07D7, 0x05E5,
  0x040C, 0x0343, 0x0360, 0x0211,  0x0166, 0x0114, 0x018F, 0x0202,
  0x0088, 0xFE56, 0xFDD2, 0xFF68,  0x0295, 0x034A, 0x02CB, 0x00FD,
  0x017B, 0x053B, 0x0866, 0x098A,  0x070E, 0x04E9, 0x0602, 0x08EA,
  0x0B20, 0x09C5, 0x063D, 0x039E,  0x0297, 0x04D8, 0x0500, 0x03DA,
  0x01F2, 0xFFB1, 0xFE37, 0xFC58,  0xFB64, 0xFBC4, 0xFC98, 0xFAA9,
  0xF80C, 0xF4BB, 0xF3CC, 0xF50C,  0xF5E5, 0xF5E4, 0xF1E2, 0xEE0A,
  0xED51, 0xEE4E, 0xF0FF, 0xEF56,  0xEB29, 0xEA13, 0xE819, 0xEA4F,
  0xEBB6, 0xEB3C, 0xEAF1, 0xE835,  0xE9F0, 0xE918, 0xEA25, 0xEA55,
  0xE9F5, 0xEAB5, 0xEB33, 0xEA9C,  0xEB92, 0xEECF, 0xF2A5, 0xF990,
  0xF96B, 0xFB97, 0xF9F9, 0x0020,  0x08D8, 0x09C3, 0x0D56, 0x087C,
  0x0A19, 0x0C89, 0x0FC1, 0x144A,  0x1063, 0x0F80, 0x0D21, 0x0F5B,
  0x11A6, 0x1182, 0x12A1, 0x0FC7,  0x0FC1, 0x0F32, 0x0FC7, 0x10EC,
  0x108A, 0x1066, 0x0FB2, 0x0E48,  0x0D96, 0x0D2C, 0x0E5F, 0x0EAB,
  0x0CEC, 0x0AD2, 0x07DC, 0x07C1,  0x089F, 0x08C6, 0x06D1, 0x02D0,
  0x0172, 0x016A, 0x0296, 0x0295,  0x009B, 0xFF4C, 0xFD85, 0xFEEA,
  0xFFF2, 0x0027, 0xFF65, 0xFD84,  0xFE74, 0x00A3, 0x02E5, 0x0349,
  0x02D5, 0x03FF, 0x0475, 0x0612,  0x077E, 0x0843, 0x0939, 0x0821,
  0x0720, 0x06C7, 0x06E7, 0x07A2,  0x0677, 0x0410, 0x031A, 0x02A2,
  0x03C4, 0x02ED, 0x0118, 0xFFAD,  0xFE31, 0xFDA1, 0xFD5F, 0xFC39,
  0xFB3F, 0xFA2A, 0xF879, 0xF6E0,  0xF688, 0xF676, 0xF680, 0xF5A4,
  0xF4D4, 0xF3E0, 0xF1A8, 0xEF84,  0xEF00, 0xF141, 0xF073, 0xECD1,
  0xE983, 0xE8DE, 0xE996, 0xEB7E,  0xEAF3, 0xE9DF, 0xE989, 0xEBEA,
  0xEE87, 0xEE3F, 0xED70, 0xED59,  0xEDA7, 0xEE79, 0xF039, 0xF0CA,
  0xF0A1, 0xF061, 0xF4AA, 0xF95D,  0xFD1B, 0x005F, 0x0025, 0x01D6,
  0x05BB, 0x08DF, 0x0EE1, 0x0DEF,  0x0C83, 0x0B78, 0x0C2D, 0x1063,
  0x1106, 0x12C8, 0x0FB1, 0x0DD2,  0x0E98, 0x1012, 0x12E0, 0x1285,
  0x119E, 0x102E, 0x0DFD, 0x0F20,  0x0FAE, 0x1064, 0x0F24, 0x0C8C,
  0x0B19, 0x0A29, 0x0BB3, 0x0B9D,  0x0AE5, 0x0810, 0x056A, 0x04AD,
  0x0449, 0x0576, 0x0419, 0x019F,  0xFFAD, 0xFE24, 0xFFEE, 0x0054,
  0x006E, 0xFFA6, 0xFF14, 0xFF5F,  0xFF7B, 0xFFFC, 0x00B5, 0x004E,
  0x0170, 0x029E, 0x0135, 0x0096,  0x001C, 0x05C8, 0x07B8, 0x06E0,
  0x04AC, 0x01BE, 0x0561, 0x0812,  0x0A8C, 0x0888, 0x050E, 0x03DA,
  0x03B4, 0x06C0, 0x06FF, 0x0572,  0x021B, 0xFFC9, 0x00C8, 0x01C8,
  0x0338, 0x0106, 0xFE70, 0xFD23,  0xFB07, 0xFB44, 0xFAC9, 0xFA4D,
  0xF872, 0xF563, 0xF3E5, 0xF29D,  0xF31C, 0xF3C3, 0xF293, 0xF07B,
  0xEE63, 0xED13, 0xEE40, 0xEF2F,  0xEEF6, 0xED8C, 0xEA01, 0xE96C,
  0xEB7C, 0xEE03, 0xEFE8, 0xED5A,  0xECE2, 0xECB0, 0xEFD9, 0xF26E,
  0xF1CD, 0xF1BC, 0xF07C, 0xF0FA,  0xF314, 0xF55F, 0xF6CC, 0xF7B9,
  0xF855, 0xFE34, 0xFF93, 0x03DC,  0x04C3, 0x066E, 0x0A62, 0x09CA,
  0x0E04, 0x0C44, 0x0DB9, 0x0DCA,  0x0DEF, 0x1025, 0x0F2D, 0x1088,
  0x0F76, 0x0FCC, 0x10D1, 0x106D,  0x114B, 0x0FB8, 0x0F21, 0x0ED3,
  0x0E28, 0x0DA4, 0x0CDF, 0x0C0E,  0x0BF8, 0x0B13, 0x0A02, 0x09B9,
  0x085C, 0x090D, 0x0775, 0x06F8,  0x04B2, 0x028B, 0x025A, 0x019E,
  0x02B1, 0x0077, 0xFF0A, 0xFD6D,  0xFD85, 0xFFA8, 0x00A6, 0x00D6,
  0xFF2A, 0xFE4F, 0xFEF4, 0x016C,  0x031B, 0x034F, 0x015D, 0x0095,
  0x00F6, 0x0340, 0x060A, 0x060C,  0x05A3, 0x0360, 0x0428, 0x05C1,
  0x07C0, 0x095E, 0x0665, 0x0413,  0x02F5, 0x050C, 0x0757, 0x0635,
  0x0390, 0xFFD0, 0xFF38, 0x0170,  0x037C, 0x0315, 0xFEF9, 0xFC27,
  0xFC30, 0xFD79, 0xFE7B, 0xFC4E,  0xF8C9, 0xF654, 0xF60B, 0xF6EF,
  0xF63D, 0xF498, 0xF22D, 0xF042,  0xF07A, 0xF182, 0xF170, 0xEFEF,
  0xEF00, 0xEE87, 0xEECD, 0xEEE8,  0xEEAE, 0xEE97, 0xEE6D, 0xEEEB,
  0xEF7E, 0xEFC8, 0xF0AB, 0xF1E7,  0xF2DE, 0xF392, 0xF330, 0xF3EB,
  0xF4B5, 0xF558, 0xF62E, 0xF547,  0xF66B, 0xF799, 0xF9F5, 0xFE20,
  0xFFD2, 0x0109, 0x00F6, 0x0422,  0x08BB, 0x0AD4, 0x0BB6, 0x0989,
  0x0984, 0x0AC0, 0x0DC4, 0x0FF3,  0x0E38, 0x0CA1, 0x0C35, 0x0E66,
  0x112B, 0x122A, 0x10F8, 0x0E33,  0x0D59, 0x0ED3, 0x0FF8, 0x0F4D,
  0x0CFA, 0x0AE8, 0x0A37, 0x0B1B,  0x0BEB, 0x0AF9, 0x0966, 0x081D,
  0x073F, 0x074D, 0x06DB, 0x05EB,  0x043D, 0x0249, 0x0151, 0x00DB,
  0x0199, 0x0174, 0x0083, 0xFF30,  0xFE4A, 0xFF8F, 0x0115, 0x022E,
  0x0170, 0xFF7B, 0xFFC2, 0x00FB,  0x037E, 0x03D0, 0x01E5, 0x00E9,
  0x00C0, 0x03FF, 0x0590, 0x055F,  0x03A0, 0x022C, 0x03CF, 0x0554,
  0x0633, 0x0441, 0x021F, 0x0146,  0x020B, 0x0385, 0x0321, 0x0114,
  0xFF1F, 0xFE99, 0xFF73, 0x0003,  0xFF54, 0xFDE9, 0xFC1B, 0xFB95,
  0xFBB6, 0xFB8C, 0xFAF9, 0xF993,  0xF7E6, 0xF6A1, 0xF60C, 0xF601,
  0xF54B, 0xF472, 0xF35A, 0xF1AE,  0xF187, 0xF1D4, 0xF271, 0xF230,
  0xF145, 0xF0CF, 0xF099, 0xF218,  0xF2A0, 0xF333, 0xF1FE, 0xF204,
  0xF2EE, 0xF42C, 0xF638, 0xF575,  0xF588, 0xF3DB, 0xF55C, 0xF60E,
  0xF6B7, 0xF65E, 0xF569, 0xF5E5,  0xF75A, 0xFB34, 0xFC63, 0xFF55,
  0xFE25, 0x0079, 0x02B9, 0x060F,  0x0925, 0x06E5, 0x08EA, 0x074B,
  0x09C4, 0x0B8D, 0x0C16, 0x0CDD,  0x0A70, 0x0D11, 0x0D63, 0x0FC0,
  0x1012, 0x0F6D, 0x0FC2, 0x0E00,  0x0FB0, 0x0E9E, 0x0EB2, 0x0D5E,
  0x0CA4, 0x0C33, 0x0BCA, 0x0BDA,  0x0B8D, 0x0B77, 0x09E3, 0x09F6,
  0x079D, 0x0794, 0x05E4, 0x055C,  0x04A5, 0x0208, 0x01CB, 0x0060,
  0x01A9, 0x0108, 0x0095, 0xFFD0,  0xFE86, 0xFF77, 0xFFF9, 0x00B2,
  0xFFBD, 0xFE36, 0xFDED, 0xFEB1,  0x0067, 0x0146, 0x002B, 0xFFB1,
  0xFF97, 0x013F, 0x033C, 0x035F,  0x02CA, 0x0068, 0x00E0, 0x01BB,
  0x0284, 0x02EB, 0x00D9, 0xFFEA,  0xFEF1, 0x0097, 0x01C9, 0x010A,
  0xFFFB, 0xFE17, 0xFE44, 0xFE9B,  0xFF09, 0xFEC9, 0xFC83, 0xFB73,
  0xFAF4, 0xFAF9, 0xFB3C, 0xFA01,  0xF8A4, 0xF721, 0xF6A2, 0xF6AA,
  0xF60A, 0xF556, 0xF457, 0xF3B7,  0xF3E8, 0xF441, 0xF460, 0xF40C,
  0xF3D8, 0xF459, 0xF4C4, 0xF58E,  0xF592, 0xF555, 0xF505, 0xF550,
  0xF5CD, 0xF5AC, 0xF5AB, 0xF4DF,  0xF52B, 0xF4D2, 0xF5DF, 0xF5FA,
  0xF665, 0xF789, 0xF7EF, 0xFAA6,  0xFBB1, 0xFD93, 0xFDEE, 0xFF93,
  0x016E, 0x0271, 0x0416, 0x041C,  0x0542, 0x0586, 0x0754, 0x0860,
  0x08B7, 0x0980, 0x0A15, 0x0B56,  0x0BE3, 0x0CF1, 0x0CC9, 0x0CE7,
  0x0D1A, 0x0D84, 0x0DC2, 0x0D1F,  0x0CF0, 0x0C08, 0x0C52, 0x0C10,
  0x0C14, 0x0B98, 0x0AE4, 0x0A97,  0x09EE, 0x09B4, 0x08A2, 0x07AE,
  0x0662, 0x05B7, 0x0507, 0x048B,  0x0407, 0x033C, 0x02CF, 0x0259,
  0x0276, 0x01D0, 0x0186, 0x00E2,  0x007A, 0x003A, 0x003B, 0x0027,
  0xFFD0, 0xFFE8, 0xFFBD, 0x0081,  0x00CE, 0x014B, 0x0104, 0x0139,
  0x01B4, 0x01F1, 0x028F, 0x0248,  0x0209, 0x00B4, 0x00A5, 0x0091,
  0x0060, 0x0043, 0xFF6E, 0xFF39,  0xFED5, 0xFF55, 0xFF71, 0xFEF1,
  0xFEAA, 0xFDD5, 0xFD96, 0xFD4B,  0xFD14, 0xFCF4, 0xFC09, 0xFB91,
  0xFB20, 0xFAA6, 0xFA78, 0xF9CA,  0xF969, 0xF8C6, 0xF844, 0xF7CA,
  0xF739, 0xF6FB, 0xF693, 0xF617,  0xF5CC, 0xF56F, 0xF513, 0xF4E7,
  0xF4DF, 0xF52F, 0xF4E1, 0xF538,  0xF562, 0xF605, 0xF649, 0xF69E,
  0xF67F, 0xF5B4, 0xF564, 0xF521,  0xF503, 0xF469, 0xF4D4, 0xF52B,
  0xF64D, 0xF776, 0xF90E, 0xFA5D,  0xFB59, 0xFCEA, 0xFE15, 0xFF54,
  0x0018, 0x012E, 0x020A, 0x0346,  0x04AA, 0x0604, 0x0729, 0x0830,
  0x0997, 0x0AC8, 0x0BD4, 0x0C87,  0x0D2D, 0x0D37, 0x0DC9, 0x0DEE,
  0x0DFA, 0x0DE9, 0x0D79, 0x0D6A,  0x0D02, 0x0D21, 0x0CD3, 0x0C8A,
  0x0C19, 0x0B83, 0x0B2F, 0x0A5D,  0x09BD, 0x08A1, 0x07AA, 0x069E,
  0x05CA, 0x0526, 0x0464, 0x03E1,  0x034A, 0x02C2, 0x024F, 0x01F0,
  0x0166, 0x00EA, 0x003B, 0xFFD0,  0xFF60, 0xFF2C, 0xFF24, 0xFF28,
  0xFF47, 0xFF58, 0xFFEB, 0x0016,  0x0091, 0x009B, 0x0111, 0x00FD,
  0x0104, 0x010D, 0x00A4, 0x007E,  0x000E, 0x00B5, 0x0079, 0x0078,
  0x0028, 0xFFD1, 0xFFCB, 0xFFCC,  0xFFF5, 0xFFAA, 0xFF6A, 0xFF3D,
  0xFF11, 0xFEE7, 0xFEE0, 0xFE8F,  0xFE1A, 0xFD7E, 0xFD03, 0xFC5E,
  0xFBF4, 0xFB75, 0xFAF6, 0xFA65,  0xF9CE, 0xF93F, 0xF8DB, 0xF87A,
  0xF80A, 0xF7BD, 0xF72A, 0xF6C3,  0xF64A, 0xF615, 0xF588, 0xF53E,
  0xF50E, 0xF513, 0xF521, 0xF545,  0xF557, 0xF530, 0xF500, 0xF4CA,
  0xF486, 0xF401, 0xF3C6, 0xF379,  0xF3B0, 0xF41C, 0xF536, 0xF68D,
  0xF7EF, 0xF94D, 0xFA69, 0xFB80,  0xFCA3, 0xFE10, 0xFF10, 0x002D,
  0x0100, 0x0235, 0x037E, 0x04FE,  0x0689, 0x0798, 0x08BB, 0x099F,
  0x0ABD, 0x0B8D, 0x0C44, 0x0CD2,  0x0D21, 0x0D64, 0x0D8B, 0x0D9A,
  0x0D4C, 0x0D0B, 0x0CC8, 0x0CAC,  0x0C5D, 0x0C27, 0x0BB4, 0x0B56,
  0x0AFE, 0x0A7C, 0x09E4, 0x08EE,  0x081E, 0x074A, 0x069D, 0x05E1,
  0x052A, 0x0475, 0x0404, 0x0396,  0x0343, 0x0292, 0x01E3, 0x0158,
  0x00B3, 0x0080, 0xFFDE, 0xFF8C,  0xFF1D, 0xFF0A, 0xFF1A, 0xFF3F,
  0xFF91, 0xFF8E, 0x000B, 0x002F,  0x00A9, 0x00A4, 0x00EF, 0x00E8,
  0x00D9, 0x00E2, 0x005E, 0x002C,  0xFFAC, 0x0048, 0x001A, 0x0018,
  0xFFAA, 0xFF28, 0xFF0C, 0xFEF6,  0xFF2C, 0xFEB2, 0xFE6B, 0xFE12,
  0xFE0F, 0xFE1B, 0xFE10, 0xFDDA,  0xFD5C, 0xFCE3, 0xFC91, 0xFC3C,
  0xFC0A, 0xFBB0, 0xFB46, 0xFB04,  0xFA89, 0xFA50, 0xF9DB, 0xF9AD,
  0xF953, 0xF8F9, 0xF8C9, 0xF840,  0xF803, 0xF7A4, 0xF76D, 0xF72B,
  0xF703, 0xF716, 0xF70C, 0xF755,  0xF75D, 0xF72E, 0xF6DF, 0xF673,
  0xF615, 0xF58C, 0xF535, 0xF4CF,  0xF4CD, 0xF52F, 0xF61E, 0xF760,
  0xF88F, 0xF9F8, 0xFAB5, 0xFBCB,  0xFCC2, 0xFDD8, 0xFED7, 0xFF94,
  0x009E, 0x015D, 0x02DC, 0x040E,  0x0561, 0x0660, 0x0778, 0x0874,
  0x095A, 0x0A43, 0x0AC7, 0x0B65,  0x0BAB, 0x0C21, 0x0C32, 0x0C3A,
  0x0C2E, 0x0C14, 0x0C0B, 0x0BEE,  0x0BBA, 0x0B55, 0x0B0A, 0x0AC0,
  0x0A68, 0x09E9, 0x0927, 0x0868,  0x07C2, 0x074C, 0x06C8, 0x061B,
  0x0553, 0x0498, 0x0438, 0x03D0,  0x037A, 0x02C1, 0x021C, 0x0194,
  0x012D, 0x00FA, 0x0084, 0x0024,  0xFFC1, 0xFFAE, 0xFFC0, 0xFFCF,
  0xFFD3, 0xFFDC, 0x0002, 0x003B,  0x005E, 0x0053, 0x0033, 0x0037,
  0x0048, 0x0053, 0x0030, 0xFFE7,  0xFFBE, 0xFFAE, 0xFFBA, 0xFF91,
  0xFF31, 0xFEBC, 0xFE7D, 0xFE7D,  0xFE85, 0xFE79, 0xFE42, 0xFE10,
  0xFDE3, 0xFDE7, 0xFDC5, 0xFD81,  0xFD07, 0xFC9D, 0xFC2E, 0xFBD1,
  0xFB9F, 0xFB43, 0xFB21, 0xFADE,  0xFAB5, 0xFA67, 0xFA0D, 0xF9BB,
  0xF963, 0xF921, 0xF8DA, 0xF896,  0xF852, 0xF84C, 0xF83B, 0xF851,
  0xF848, 0xF844, 0xF832, 0xF814,  0xF810, 0xF78C, 0xF75C, 0xF6C7,
  0xF698, 0xF635, 0xF605, 0xF607,  0xF603, 0xF6B7, 0xF743, 0xF88D,
  0xF94A, 0xFA7A, 0xFB25, 0xFC2B,  0xFD31, 0xFDF9, 0xFF0C, 0xFFB1,
  0x00DE, 0x0197, 0x02FA, 0x03E2,  0x04FE, 0x05D8, 0x06D3, 0x07B7,
  0x087A, 0x0959, 0x09D4, 0x0A83,  0x0AD7, 0x0B6A, 0x0B64, 0x0B94,
  0x0B88, 0x0B8C, 0x0B83, 0x0B4E,  0x0B20, 0x0AB2, 0x0A8D, 0x0A3F,
  0x0A01, 0x098F, 0x0906, 0x087D,  0x07FF, 0x0787, 0x06E2, 0x061F,
  0x0537, 0x0477, 0x03ED, 0x036C,  0x030A, 0x0285, 0x0227, 0x01BB,
  0x017C, 0x010C, 0x0096, 0x0018,  0xFFB3, 0xFF7E, 0xFF6A, 0xFF82,
  0xFF8B, 0xFFD3, 0xFFF0, 0x0046,  0x003B, 0x0049, 0x0010, 0x000E,
  0x0024, 0x0027, 0x0050, 0x0028,  0x001C, 0xFFA6, 0xFF81, 0xFF3E,
  0xFF0E, 0xFEDA, 0xFEA6, 0xFE88,  0xFE83, 0xFE99, 0xFE9D, 0xFE7B,
  0xFE28, 0xFDD5, 0xFD78, 0xFD3C,  0xFCEC, 0xFCB0, 0xFC52, 0xFC19,
  0xFBF2, 0xFBC3, 0xFBA3, 0xFB6A,  0xFB1E, 0xFABB, 0xFA61, 0xFA13,
  0xF9C8, 0xF98F, 0xF94F, 0xF91D,  0xF8EB, 0xF8D7, 0xF8D4, 0xF8D5,
  0xF8E1, 0xF8D7, 0xF8B0, 0xF87F,  0xF84B, 0xF7F0, 0xF7A1, 0xF73C,
  0xF6F6, 0xF6C2, 0xF6C1, 0xF6D0,  0xF6E2, 0xF742, 0xF7BC, 0xF89D,
  0xF961, 0xFA56, 0xFAE3, 0xFBA2,  0xFC79, 0xFD5D, 0xFE67, 0xFF2B,
  0x0029, 0x00E0, 0x0210, 0x031B,  0x0434, 0x0514, 0x05F4, 0x06DC,
  0x07A7, 0x0898, 0x0927, 0x09CC,  0x0A29, 0x0AC0, 0x0AF9, 0x0B42,
  0x0B51, 0x0B6C, 0x0B64, 0x0B58,  0x0B43, 0x0ADC, 0x0AA0, 0x0A29,
  0x09CF, 0x095B, 0x08ED, 0x085B,  0x07E0, 0x0766, 0x06DA, 0x061C,
  0x053F, 0x0465, 0x03A8, 0x0305,  0x0285, 0x0218, 0x01BA, 0x0189,
  0x0157, 0x011A, 0x00C1, 0x0063,  0xFFFF, 0xFFB0, 0xFF67, 0xFF2D,
  0xFF13, 0xFF26, 0xFF7F, 0xFFD0,  0x001E, 0x0031, 0x0055, 0x004E,
  0x004B, 0x0010, 0xFFBF, 0xFF77,  0xFF54, 0xFFA0, 0xFFBC, 0xFFE1,
  0xFFB7, 0xFF85, 0xFF6E, 0xFF6B,  0xFF59, 0xFF1B, 0xFED4, 0xFEAC,
  0xFE98, 0xFEA0, 0xFE71, 0xFE1C,  0xFDBC, 0xFD67, 0xFD34, 0xFCEF,
  0xFCAF, 0xFC57, 0xFC19, 0xFBE0,  0xFBA7, 0xFB5C, 0xFB10, 0xFADD,
  0xFAB2, 0xFA83, 0xFA58, 0xFA12,  0xF9ED, 0xF9BE, 0xF99F, 0xF959,
  0xF905, 0xF8B4, 0xF84E, 0xF82D,  0xF816, 0xF84B, 0xF866, 0xF88D,
  0xF890, 0xF84D, 0xF80A, 0xF7C2,  0xF77E, 0xF739, 0xF717, 0xF722,
  0xF785, 0xF837, 0xF93C, 0xFA42,  0xFB48, 0xFC33, 0xFD1B, 0xFDFF,
  0xFED8, 0xFFBC, 0x0074, 0x0130,  0x0203, 0x02FC, 0x03FF, 0x04FC,
  0x05F1, 0x06CA, 0x07A5, 0x085F,  0x0926, 0x099C, 0x0A27, 0x0A8D,
  0x0AC8, 0x0AFC, 0x0AFD, 0x0B13,  0x0B09, 0x0B19, 0x0AFE, 0x0AD0,
  0x0A80, 0x0A1F, 0x09CB, 0x0967,  0x08E8, 0x0852, 0x0799, 0x06F3,
  0x064D, 0x05C3, 0x0522, 0x0482,  0x03DB, 0x0332, 0x02A9, 0x0223,
  0x01AA, 0x0130, 0x00C8, 0x0068,  0x002D, 0xFFD3, 0xFF97, 0xFF55,
  0xFF32, 0xFF00, 0xFEFE, 0xFEE2,  0xFEDA, 0xFEE0, 0xFEF7, 0xFF19,
  0xFF06, 0xFF06, 0xFEDD, 0xFEF1,  0xFF06, 0xFF77, 0xFF97, 0xFFAA,
  0xFF87, 0xFF4C, 0xFF1E, 0xFEF0,  0xFEC1, 0xFE8C, 0xFE60, 0xFE64,
  0xFE82, 0xFEA1, 0xFEAC, 0xFE8F,  0xFE5A, 0xFE05, 0xFDC2, 0xFD7A,
  0xFD69, 0xFD54, 0xFD6B, 0xFD59,  0xFD31, 0xFCFA, 0xFCBA, 0xFC7E,
  0xFC39, 0xFBEA, 0xFB8B, 0xFB38,  0xFAF0, 0xFAD3, 0xFA92, 0xFA79,
  0xFA45, 0xFA42, 0xFA4D, 0xFA69,  0xFA63, 0xFA1C, 0xF9CF, 0xF988,
  0xF96B, 0xF938, 0xF91A, 0xF8D4,  0xF8BC, 0xF89B, 0xF8D8, 0xF8FC,
  0xF91F, 0xF931, 0xF939, 0xF997,  0xF9FF, 0xFACD, 0xFB51, 0xFC0F,
  0xFC8E, 0xFD61, 0xFE2E, 0xFF11,  0xFFE4, 0x0083, 0x0156, 0x020B,
  0x0306, 0x03BD, 0x047D, 0x0511,  0x05C7, 0x0688, 0x074F, 0x080D,
  0x08B4, 0x094C, 0x09D1, 0x0A34,  0x0A5F, 0x0A44, 0x0A14, 0x09F8,
  0x09D8, 0x09CE, 0x0996, 0x0966,  0x0926, 0x0904, 0x08D0, 0x085E,
  0x07AA, 0x06E6, 0x0640, 0x05B4,  0x0539, 0x04A1, 0x0407, 0x0375,
  0x0312, 0x02AB, 0x0241, 0x01A3,  0x0119, 0x00B8, 0x0078, 0x0059,
  0x0008, 0xFFCA, 0xFF6E, 0xFF4F,  0xFF1E, 0xFEEE, 0xFE94, 0xFE72,
  0xFE6E, 0xFEB1, 0xFEEC, 0xFF0D,  0xFF17, 0xFEEF, 0xFF00, 0xFEF3,
  0xFEF7, 0xFECE, 0xFEDC, 0xFED3,  0xFEE4, 0xFEDC, 0xFEC3, 0xFE96,
  0xFE72, 0xFE6B, 0xFE4C, 0xFE35,  0xFDFF, 0xFDF3, 0xFDDE, 0xFDE0,
  0xFDC1, 0xFD85, 0xFD3E, 0xFD0A,  0xFCE4, 0xFCB6, 0xFC7D, 0xFC30,
  0xFBF0, 0xFBC4, 0xFBA6, 0xFB7A,  0xFB4A, 0xFB11, 0xFAFF, 0xFB02,
  0xFB2B, 0xFB3A, 0xFB3F, 0xFB25,  0xFB07, 0xFAD5, 0xFAAA, 0xFA88,
  0xFA65, 0xFA58, 0xFA4E, 0xFA5C,  0xFA6A, 0xFA6F, 0xFA84, 0xFA88,
  0xFA87, 0xFA85, 0xFA85, 0xFA7E,  0xFA8E, 0xFAD1, 0xFB3B, 0xFBDB,
  0xFC8F, 0xFD38, 0xFDAE, 0xFE29,  0xFEB1, 0xFF58, 0xFFFB, 0x008C,
  0x0126, 0x01B0, 0x026B, 0x0340,  0x03F5, 0x04A2, 0x0535, 0x05E5,
  0x069A, 0x074E, 0x07D4, 0x0830,  0x0883, 0x08C1, 0x0906, 0x091D,
  0x0920, 0x090C, 0x0910, 0x091B,  0x0907, 0x08DC, 0x0880, 0x0819,
  0x07A6, 0x0746, 0x06DC, 0x0667,  0x05FF, 0x0594, 0x053D, 0x04CF,
  0x045A, 0x03A9, 0x0313, 0x026C,  0x0201, 0x019E, 0x0155, 0x0116,
  0x00CF, 0x00A6, 0x006C, 0x003C,  0xFFED, 0xFFAA, 0xFF4A, 0xFF2A,
  0xFF25, 0xFF46, 0xFF7D, 0xFFA1,  0xFF9E, 0xFF5C, 0xFF29, 0xFF03,
  0xFEE1, 0xFEC1, 0xFEA3, 0xFE81,  0xFE7E, 0xFE9D, 0xFEAD, 0xFE90,
  0xFE4D, 0xFE06, 0xFDD1, 0xFDA9,  0xFD83, 0xFD51, 0xFD14, 0xFD02,
  0xFD07, 0xFD0D, 0xFD05, 0xFCF3,  0xFCD0, 0xFCAD, 0xFC8E, 0xFC6A,
  0xFC30, 0xFBF1, 0xFBBF, 0xFB8C,  0xFB6E, 0xFB58, 0xFB4E, 0xFB63,
  0xFB7F, 0xFBA0, 0xFBAA, 0xFBA4,  0xFB80, 0xFB48, 0xFB19, 0xFAF6,
  0xFB01, 0xFB16, 0xFB46, 0xFB59,  0xFB77, 0xFB73, 0xFB8B, 0xFB8A,
  0xFB8E, 0xFB81, 0xFB89, 0xFB92,  0xFBB2, 0xFBEB, 0xFC0E, 0xFC5F,
  0xFC9C, 0xFD1F, 0xFD83, 0xFE17,  0xFE7B, 0xFF05, 0xFF7E, 0x0011,
  0x0094, 0x0106, 0x0162, 0x01C3,  0x023C, 0x02CC, 0x0366, 0x03FD,
  0x04A1, 0x0545, 0x05EA, 0x0665,  0x06CF, 0x06FF, 0x0720, 0x0730,
  0x073A, 0x073F, 0x0748, 0x0758,  0x0787, 0x07A5, 0x07B2, 0x0799,
  0x0769, 0x072B, 0x06CE, 0x066A,  0x05FD, 0x05AC, 0x0562, 0x0521,
  0x04CB, 0x045B, 0x03ED, 0x038D,  0x033A, 0x02FF, 0x02A9, 0x0257,
  0x01ED, 0x01B1, 0x0172, 0x0132,  0x00FF, 0x00BD, 0x00A0, 0x0094,
  0x00AA, 0x00A4, 0x00A0, 0x007C,  0x0056, 0xFFF0, 0xFFA1, 0xFF55,
  0xFF23, 0xFF28, 0xFF42, 0xFF60,  0xFF5C, 0xFF4E, 0xFF1F, 0xFEDE,
  0xFE91, 0xFE3D, 0xFDE4, 0xFD90,  0xFD5D, 0xFD3B, 0xFD2D, 0xFD2A,
  0xFD25, 0xFD0B, 0xFCEA, 0xFCBA,  0xFC7C, 0xFC2A, 0xFBDA, 0xFB86,
  0xFB45, 0xFB20, 0xFB16, 0xFB20,  0xFB1E, 0xFB28, 0xFB18, 0xFB25,
  0xFB3A, 0xFB44, 0xFB4B, 0xFB30,  0xFB1A, 0xFADE, 0xFAC1, 0xFAA7,
  0xFAA9, 0xFAA6, 0xFAB2, 0xFAB6,  0xFACA, 0xFAE0, 0xFB09, 0xFB29,
  0xFB3E, 0xFB5C, 0xFB8E, 0xFBBC,  0xFC05, 0xFC5E, 0xFCBB, 0xFD35,
  0xFDCD, 0xFE73, 0xFEEC, 0xFF6B,  0xFFD6, 0x0049, 0x00D5, 0x0166,
  0x01EA, 0x0242, 0x0297, 0x02F8,  0x0369, 0x03E7, 0x046C, 0x04E7,
  0x0560, 0x05D6, 0x063D, 0x067D,  0x06AC, 0x06B6, 0x06CA, 0x06D8,
  0x06D8, 0x06CC, 0x06C2, 0x06B5,  0x06B4, 0x06BA, 0x06A5, 0x066F,
  0x061E, 0x05CC, 0x0571, 0x051E,  0x04CB, 0x0479, 0x0423, 0x03DC,
  0x03AC, 0x0363, 0x0314, 0x02B3,  0x0260, 0x0217, 0x01D1, 0x0189,
  0x0132, 0x00F9, 0x00C6, 0x00B7,  0x0093, 0x006E, 0x003C, 0x0022,
  0x0028, 0x002D, 0x002A, 0xFFFE,  0xFFC9, 0xFF61, 0xFF2A, 0xFEE7,
  0xFEBD, 0xFE9B, 0xFEA2, 0xFEA4,  0xFEB2, 0xFEBA, 0xFEAE, 0xFE81,
  0xFE3F, 0xFDF2, 0xFD85, 0xFD25,  0xFCDB, 0xFCD9, 0xFCE9, 0xFCFA,
  0xFD0A, 0xFCF6, 0xFCE8, 0xFCD7,  0xFCC8, 0xFCAE, 0xFC77, 0xFC45,
  0xFC25, 0xFC0F, 0xFC0A, 0xFC03,  0xFC13, 0xFC14, 0xFC2D, 0xFC38,
  0xFC1F, 0xFBFE, 0xFBD2, 0xFBCB,  0xFBE3, 0xFC23, 0xFC52, 0xFC82,
  0xFCB5, 0xFCE8, 0xFD2C, 0xFD50,  0xFD69, 0xFD62, 0xFD58, 0xFD61,
  0xFD6A, 0xFD6B, 0xFD6B, 0xFD8B,  0xFDCE, 0xFE25, 0xFE81, 0xFEC6,
  0xFEFA, 0xFF21, 0xFF64, 0xFFA6,  0xFFD3, 0x0002, 0x0048, 0x00A4,
  0x010D, 0x017A, 0x01DA, 0x0219,  0x025D, 0x029D, 0x02CF, 0x02F5,
  0x02F9, 0x0313, 0x0329, 0x0363,  0x03A4, 0x0403, 0x0457, 0x049F,
  0x04DB, 0x04F6, 0x0519, 0x0529,  0x0531, 0x052F, 0x0511, 0x04F5,
  0x04D8, 0x04CA, 0x04B3, 0x049C,  0x047E, 0x045E, 0x0444, 0x043A,
  0x0419, 0x03EE, 0x03AB, 0x035F,  0x0303, 0x02A4, 0x025C, 0x0213,
  0x01E3, 0x01A8, 0x0193, 0x0174,  0x0174, 0x0159, 0x013E, 0x00C7,
  0x002B, 0xFF98, 0xFF1C, 0xFEDF,  0xFECF, 0xFF18, 0xFF2C, 0xFF45,
  0xFF55, 0xFF44, 0xFF17, 0xFEE1,  0xFE93, 0xFE28, 0xFDDB, 0xFDB1,
  0xFDAB, 0xFD9F, 0xFDBF, 0xFDCE,  0xFDD7, 0xFDE2, 0xFDE7, 0xFDD1,
  0xFDB0, 0xFD9D, 0xFD7C, 0xFD59,  0xFD33, 0xFD0F, 0xFCF9, 0xFD07,
  0xFD2D, 0xFD57, 0xFD6C, 0xFD76,  0xFD5E, 0xFD3F, 0xFD24, 0xFD30,
  0xFD57, 0xFD80, 0xFDBE, 0xFDF1,  0xFE07, 0xFE03, 0xFDF5, 0xFDDA,
  0xFDA9, 0xFD8C, 0xFD7D, 0xFD78,  0xFD6D, 0xFD61, 0xFD4C, 0xFD47,
  0xFD63, 0xFD9B, 0xFDD8, 0xFDE9,  0xFDEB, 0xFDCC, 0xFDAD, 0xFDA5,
  0xFDD0, 0xFE0F, 0xFE55, 0xFEA2,  0xFF00, 0xFF5D, 0xFFA3, 0xFFF0,
  0x002F, 0x005B, 0x0069, 0x008C,  0x00C6, 0x0106, 0x0160, 0x01CC,
  0x022F, 0x0263, 0x0293, 0x02C9,  0x02FF, 0x0324, 0x034A, 0x0374,
  0x038F, 0x0396, 0x038F, 0x037F,  0x0380, 0x03AA, 0x03FE, 0x0435,
  0x0435, 0x040A, 0x03D6, 0x03BE,  0x03A0, 0x038B, 0x034E, 0x030C,
  0x02F0, 0x02F4, 0x02E4, 0x02C0,  0x027F, 0x024F, 0x021E, 0x01FF,
  0x01CF, 0x01AA, 0x0179, 0x0163,  0x0155, 0x0147, 0x011C, 0x0100,
  0x010F, 0x0129, 0x0151, 0x0144,  0x00FA, 0x0087, 0x002C, 0xFFFE,
  0xFFD2, 0xFFA2, 0xFF5B, 0xFF25,  0xFF17, 0xFF34, 0xFF53, 0xFF32,
  0xFEE1, 0xFE6F, 0xFE25, 0xFE11,  0xFE2A, 0xFE52, 0xFE61, 0xFE4F,
  0xFE31, 0xFE1E, 0xFE23, 0xFE1C,  0xFE07, 0xFDD9, 0xFDBB, 0xFDA4,
  0xFDA1, 0xFD92, 0xFD79, 0xFD47,  0xFD45, 0xFD5F, 0xFD9B, 0xFDB1,
  0xFDAE, 0xFDA8, 0xFDA6, 0xFDB2,  0xFDC7, 0xFDE3, 0xFDE6, 0xFDED,
  0xFE1D, 0xFE57, 0xFE8B, 0xFE9C,  0xFE97, 0xFE7D, 0xFE57, 0xFE52,
  0xFE54, 0xFE4A, 0xFE42, 0xFE5B,  0xFE82, 0xFEB3, 0xFEE2, 0xFF12,
  0xFF32, 0xFF4C, 0xFF73, 0xFF90,  0xFFA7, 0xFFC1, 0xFFF4, 0x0022,
  0x0050, 0x007C, 0x00A1, 0x00C0,  0x00C3, 0x00C6, 0x00AE, 0x00BA,
  0x00C6, 0x00E3, 0x00E3, 0x00E7,  0x00F4, 0x013A, 0x0196, 0x01F4,
  0x0203, 0x01EC, 0x01E0, 0x01FE,  0x0225, 0x0222, 0x01FA, 0x01C3,
  0x01AF, 0x01D1, 0x0201, 0x0202,  0x01E2, 0x01D5, 0x01FC, 0x021E,
  0x022D, 0x01FF, 0x01D4, 0x01BB,  0x01BC, 0x01CD, 0x01C6, 0x01AE,
  0x01AC, 0x01C1, 0x01C2, 0x01AB,  0x018B, 0x0181, 0x018D, 0x0178,
  0x013C, 0x00E0, 0x008C, 0x007F,  0x0092, 0x00D1, 0x00D7, 0x00C1,
  0x00A5, 0x0091, 0x008A, 0x0071,  0x003F, 0xFFEF, 0xFF92, 0xFF44,
  0xFF20, 0xFF1A, 0xFF17, 0xFF17,  0xFF08, 0xFF02, 0xFEFC, 0xFF02,
  0xFEFE, 0xFEEF, 0xFEDC, 0xFEB1,  0xFE6D, 0xFE30, 0xFE03, 0xFDFC,
  0xFE14, 0xFE23, 0xFE4A, 0xFE4C,  0xFE64, 0xFE8D, 0xFECD, 0xFEC4,
  0xFE86, 0xFE55, 0xFE37, 0xFE4F,  0xFE8C, 0xFEED, 0xFEF3, 0xFEDF,
  0xFEEE, 0xFF2B, 0xFF66, 0xFF67,  0xFF3F, 0xFEFD, 0xFEB7, 0xFE9A,
  0xFEA0, 0xFEAD, 0xFE97, 0xFE9D,  0xFEC3, 0xFEF5, 0xFF1B, 0xFF5B,
  0xFF92, 0xFFAA, 0xFF91, 0xFF77,  0xFF5C, 0xFF4F, 0xFF79, 0xFFAE,
  0xFFC9, 0xFFC1, 0xFFD9, 0x0003,  0x0045, 0x0074, 0x0097, 0x0099,
  0x0096, 0x00A5, 0x00C8, 0x00EA,  0x00F7, 0x0108, 0x0126, 0x0151,
  0x0179, 0x018A, 0x0193, 0x018D,  0x018A, 0x0177, 0x0167, 0x013C,
  0x011E, 0x010C, 0x0115, 0x0116,  0x010B, 0x0113, 0x0124, 0x0148,
  0x0160, 0x016E, 0x015C, 0x012A,  0x010F, 0x010A, 0x0122, 0x010D,
  0x00FB, 0x00DE, 0x00C4, 0x00AB,  0x00CB, 0x00F6, 0x00F3, 0x00A9,
  0x007F, 0x005D, 0x0041, 0x002E,  0x0016, 0xFFFB, 0xFFCF, 0xFFC0,
  0xFFDF, 0xFFF0, 0xFFE8, 0xFFD9,  0xFFCC, 0xFFC7, 0xFFAD, 0xFFA0,
  0xFF96, 0xFF92, 0xFF8C, 0xFF78,  0xFF65, 0xFF55, 0xFF50, 0xFF73,
  0xFF93, 0xFFA9, 0xFFAE, 0xFFA9,  0xFF99, 0xFF7E, 0xFF6D, 0xFF74,
  0xFF6A, 0xFF69, 0xFF6D, 0xFF71,  0xFF6E, 0xFF5A, 0xFF66, 0xFF66,
  0xFF7D, 0xFF8B, 0xFF94, 0xFF84,  0xFF6A, 0xFF6C, 0xFF55, 0xFF4A,
  0xFF42, 0xFF47, 0xFF3D, 0xFF2C,  0xFF1D, 0xFF13, 0xFF0D, 0xFF19,
  0xFF3B, 0xFF4C, 0xFF45, 0xFF3B,  0xFF47, 0xFF6A, 0xFF9D, 0xFFB4,
  0xFFA5, 0xFF79, 0xFF64, 0xFF7A,  0xFFA9, 0xFFC3, 0xFFBB, 0xFFAA,
  0xFFAE, 0xFFE7, 0x0014, 0x0043,  0x0049, 0x0048, 0x004E, 0x0070,
  0x0091, 0x00A9, 0x00B5, 0x00C3,  0x00D1, 0x00CE, 0x00E0, 0x00DF,
  0x00EB, 0x00E8, 0x00EC, 0x00D7,  0x00C6, 0x00CD, 0x00E2, 0x00E9,
  0x00E7, 0x00E2, 0x00DC, 0x00D9,  0x00EC, 0x00F1, 0x00E8, 0x00C4,
  0x009E, 0x0068, 0x0036, 0x001E,  0xFFF7, 0xFFEB, 0xFFCC, 0xFFCE,
  0xFFCD, 0xFFE4, 0xFFEF, 0xFFF5,  0xFFEC, 0xFFF7, 0xFFFF, 0xFFFA,
  0x0000, 0x0005, 0xFFFA, 0xFFDE,  0xFFDB, 0xFFDB, 0xFFDA, 0xFFE4,
  0xFFFF, 0x000C, 0x000D, 0x000C,  0x0014, 0x001A, 0x0016, 0x0021,
  0x001F, 0x0026, 0x0021, 0x003C,  0x0040, 0x0021, 0xFFE3, 0xFFAB,
  0xFF86, 0xFF7A, 0xFF77, 0xFF7B,  0xFF74, 0xFF55, 0xFF43, 0xFF52,
  0xFF69, 0xFF8F, 0xFF9E, 0xFFA6,  0xFFAE, 0xFF94, 0xFF7A, 0xFF81,
  0xFFBA, 0xFFDA, 0xFFE8, 0xFFF6,  0xFFE2, 0xFFB5, 0xFF93, 0xFFB0,
  0xFFC4, 0xFFDD, 0xFFCD, 0xFFBC,  0xFFBB, 0xFFBF, 0xFFE6, 0x0013,
  0x002B, 0x001C, 0x0024, 0x0025,  0x001F, 0x0014, 0x001E, 0x001F,
  0x0010, 0xFFE9, 0xFFC9, 0xFFB1,  0xFF9E, 0xFFBF, 0xFFE9, 0xFFFE,
  0xFFE5, 0xFFD5, 0xFFE7, 0x001E,  0x0046, 0x0040, 0x000E, 0xFFF1,
  0x000B, 0x0037, 0x004D, 0x003C,  0x0036, 0x0043, 0x0073, 0x0095,
  0x0093, 0x008C, 0x0077, 0x007A,  0x0088, 0x008C, 0x0078, 0x0062,
  0x004C, 0x003C, 0x0020, 0x0013,  0x000A, 0x0014, 0x001C, 0x0009,
  0xFFF2, 0xFFEE, 0x0001, 0x001A,  0x002D, 0x0030, 0x0026, 0x0019,
  0x001E, 0x0013, 0xFFFC, 0xFFD7,  0xFFC2, 0xFFCF, 0xFFDD, 0xFFEB,
  0x0002, 0x0013, 0x0031, 0x0039,  0x0042, 0x0045, 0x0046, 0x0043,
  0x0039, 0x0026, 0x000B, 0x0002,  0xFFF3, 0xFFE8, 0xFFE1, 0xFFE4,
  0xFFE8, 0xFFE0, 0xFFDA, 0xFFCD,  0xFFD4, 0xFFE5, 0xFFEA, 0xFFE8,
  0xFFC6, 0xFFAB, 0xFF91, 0xFF91,  0xFF95, 0xFFA9, 0xFFCC, 0xFFE8,
  0xFFF8, 0xFFF5, 0xFFE9, 0xFFD7,  0xFFDF, 0xFFFE, 0x0014, 0xFFF5,
  0xFFB8, 0xFF93, 0xFF93, 0xFFA4,  0xFFC2, 0xFFE8, 0xFFE3, 0xFFCD,
  0xFFCB, 0xFFE2, 0x000A, 0x0016,  0x000E, 0x0004, 0xFFF3, 0xFFEC,
  0xFFFF, 0x0012, 0x0018, 0x001C,  0x002E, 0x004B, 0x0051, 0x0056,
  0x003F, 0x002F, 0x0028, 0x0015,  0xFFFD, 0xFFEE, 0xFFE6, 0xFFDE,
  0xFFE2, 0xFFEA, 0x0007, 0x0024,  0x002C, 0x0017, 0x0005, 0x0011,
  0x0031, 0x0052, 0x003D, 0x0018,  0x0007, 0x0016, 0x0029, 0x003B,
  0x0032, 0x000C, 0x0005, 0xFFFF,  0x0006, 0xFFFD, 0xFFF9, 0xFFFC,
  0x0005, 0x000F, 0x0009, 0xFFFB,  0xFFF0, 0x0002, 0x0005, 0x000D,
  0x0001, 0x0011, 0x0017, 0x0018,  0x0013, 0x0004, 0x0002, 0x0000,
  0x000A, 0x0006, 0x0006, 0x0004,  0x0008, 0x0011, 0x001B, 0x0028,
  0x003C, 0x002C, 0x000E, 0x000A,  0x0008, 0xFFFE, 0xFFE3, 0xFFD4,
  0xFFD0, 0xFFC3, 0xFFCB, 0xFFE7,  0x0000, 0xFFF1, 0xFFDF, 0xFFD7,
  0xFFE7, 0xFFF6, 0x0005, 0x000A,  0xFFF7, 0xFFBE, 0xFF9C, 0xFF9F,
  0xFFCB, 0xFFF1, 0xFFE9, 0xFFD6,  0xFFCD, 0xFFE6, 0x0007, 0x0004,
  0xFFFB, 0xFFEE, 0xFFDE, 0xFFE9,  0xFFF6, 0x0000, 0xFFE7, 0xFFE1,
  0xFFFC, 0x0015, 0x0001, 0xFFE5,  0xFFE5, 0x0002, 0x000A, 0x000D,
  0x0003, 0x0002, 0xFFFB, 0xFFF3,  0xFFDF, 0xFFE1, 0xFFDE, 0xFFEC,
  0xFFFD, 0xFFFC, 0xFFF2, 0xFFE0,  0xFFEC, 0x0013, 0x002E, 0x0027,
  0x0011, 0x0001, 0x000B, 0x000C,  0x0008, 0x000F, 0x0014, 0x0021,
  0x0021, 0x0036, 0x004C, 0x0065,  0x0074, 0x007F, 0x0083, 0x006F,
  0x004C, 0x0036, 0x001D, 0x000B,  0x0013, 0x0026, 0x0023, 0x0013,
  0x000C, 0x000A, 0x000F, 0x0008,  0xFFF9, 0x0005, 0xFFFD, 0xFFFE,
  0xFFEF, 0xFFEF, 0xFFDF, 0xFFE9,  0xFFEA, 0xFFF0, 0xFFE8, 0xFFDF,
  0xFFE6, 0xFFEE, 0x0000, 0xFFF2,  0xFFEE, 0xFFD0, 0xFFC7, 0xFFC5,
  0xFFCC, 0xFFE2, 0xFFE5, 0xFFED,  0xFFF0, 0xFFEC, 0xFFED, 0xFFF7,
  0x0013, 0x0018, 0x000D, 0x0001,  0xFFED, 0xFFE2, 0xFFE3, 0xFFF6,
  0xFFFE, 0xFFF4, 0xFFE6, 0xFFEA,  0x0004, 0x0011, 0x001F, 0x001D,
  0x000F, 0xFFFE, 0xFFF2, 0xFFFE,  0x000A, 0x0009, 0xFFEF, 0xFFEC,
  0xFFE9, 0xFFE8, 0xFFEA, 0xFFEF,  0x0002, 0xFFF7, 0xFFFA, 0xFFF7,
  0xFFF7, 0xFFFF, 0x0000, 0x0002,  0xFFF7, 0xFFE8, 0xFFD9, 0xFFDA,
  0xFFE5, 0xFFEF, 0xFFF2, 0xFFE6,  0xFFED, 0xFFEC, 0xFFEF, 0xFFF6,
  0xFFFA, 0x0003, 0x0007, 0x0008,  0x0012, 0x001A, 0x0016, 0x000C,
  0x0017, 0x0024, 0x0020, 0x0011,  0x0011, 0x001E, 0x0032, 0x0035,
  0x0030, 0x001C, 0x0016, 0x0009,  0x000D, 0x0016, 0x0012, 0x000E,
  0x000C, 0x000F, 0x0013, 0x0008,  0x0000, 0xFFFF, 0x0013, 0x0015,
  0x0016, 0x000F, 0x0009, 0x000C,  0x001B, 0x0039, 0x002D, 0x000E,
  0xFFFC, 0xFFF8, 0x0002, 0xFFF5,  0xFFE4, 0xFFD5, 0xFFCD, 0xFFD4,
  0xFFE3, 0xFFE5, 0xFFED, 0xFFF3,  0xFFFB, 0x0006, 0x0006, 0x0007,
  0x000C, 0x0013, 0x000D, 0x0003,  0xFFEE, 0xFFE4, 0xFFDF, 0xFFF1,
  0xFFF2, 0xFFF9, 0xFFEF, 0xFFFA,  0x0008, 0x0014, 0x0014, 0x0003,
  0xFFF7, 0xFFF3, 0xFFF7, 0xFFFC,  0x0000, 0x000F, 0x000E, 0x000E,
  0x000B, 0x000A, 0x000C, 0x000C,  0x0011, 0xFFFE, 0xFFF8, 0xFFF5,
  0xFFF7, 0xFFFA, 0xFFF5, 0xFFEF,  0xFFEE, 0xFFF1, 0xFFF9, 0xFFF9,
  0xFFF0, 0xFFF1, 0xFFEE, 0xFFF2,  0xFFEE, 0xFFF8, 0xFFF7, 0xFFFF,
  0xFFF9, 0xFFF8, 0xFFFF, 0x0002,  0x0008, 0x0012, 0x001D, 0x0019,
  0x0014, 0x000A, 0x0000, 0xFFFD,  0xFFF7, 0x000E, 0x0005, 0x0000,
  0xFFF9, 0xFFF6, 0x0001, 0xFFFF,  0x0009, 0x0009, 0x000B, 0x0007,
  0x0002, 0x0000, 0x0003, 0xFFFD,  0x0006, 0x0001, 0x0005, 0xFFFF,
  0xFFFC, 0x0004, 0x0004, 0x000E,  0x0003, 0x0003, 0xFFF9, 0xFFF4,
  0xFFF5, 0xFFF5, 0xFFFF, 0x0001,  0x0006, 0x0005, 0x0003, 0x0008,
  0x0010, 0x0015, 0x0010, 0x0014,  0x0012, 0x0007
};

#endif // End of _DC16K16B1C_H
