#ifndef _DOOR_CLOSING16K16B1C_H
#define _DOOR_CLOSING16K16B1C_H

#define DOOR_CLOSING16K16B1C_LITTLE_ENDIAN
#include <stdint.h>

#define DOOR_CLOSING16K16B1C_PB_FMT Mode_mono
#define DOOR_CLOSING16K16B1C_SZ 20909

const uint16_t door_closing16k16b1c[ DOOR_CLOSING16K16B1C_SZ ] =
{
  0xFFFB, 0xFFF8, 0x0006, 0x0007,  0x0007, 0xFFED, 0x000A, 0xFFEB,
  0x0019, 0x000B, 0xFFEC, 0xFFEC,  0x000C, 0x0017, 0xFFF3, 0xFFF8,
  0xFFEC, 0x0011, 0x0011, 0xFFFC,  0xFFD9, 0x0002, 0x0018, 0x0000,
  0xFFFD, 0x0001, 0xFFF7, 0xFFFC,  0x0002, 0xFFF7, 0xFFFD, 0xFFF2,
  0xFFEE, 0x001B, 0x001C, 0xFFE0,  0xFFE8, 0xFFF6, 0x001D, 0xFFF3,
  0xFFF6, 0xFFE2, 0xFFFC, 0x0017,  0xFFF0, 0xFFD7, 0xFFEB, 0x0021,
  0xFFE7, 0xFFFA, 0xFFEF, 0xFFED,  0x0001, 0x0007, 0xFFF1, 0xFFEB,
  0x0001, 0x0019, 0xFFDB, 0x000F,  0xFFEC, 0xFFDA, 0x0025, 0xFFC3,
  0x0023, 0xFFEB, 0xFFC8, 0x000E,  0xFFE2, 0xFFFE, 0xFFFC, 0xFFE2,
  0xFFE8, 0x0005, 0xFFC4, 0x0018,  0x0000, 0xFFDB, 0xFFF0, 0xFFEB,
  0xFFF5, 0xFFC9, 0xFFEE, 0xFFEF,  0xFFF2, 0xFFF9, 0xFFA5, 0xFFCB,
  0x002F, 0xFFDD, 0xFFE1, 0xFF9A,  0xFFA7, 0xFFC1, 0x0023, 0xFFF6,
  0x0015, 0x0036, 0xFFB5, 0xFFF7,  0x001C, 0x000C, 0xFFC2, 0x0001,
  0xFF98, 0xFFA3, 0x003E, 0x0076,  0xFF74, 0x000C, 0x0048, 0x004F,
  0x00AE, 0x004A, 0xFFFF, 0x004D,  0x0046, 0xFFCF, 0x0041, 0x0083,
  0xFFF8, 0x0008, 0x0092, 0x001A,  0x005C, 0x002A, 0x007C, 0xFFB3,
  0x004F, 0x000F, 0x005A, 0x00BB,  0xFFEE, 0x0035, 0xFFDC, 0x0090,
  0x001D, 0x004D, 0x0006, 0x0034,  0x0090, 0x0013, 0x0069, 0x0055,
  0x0003, 0x003B, 0x0002, 0x0070,  0xFF45, 0x003A, 0x00CC, 0x00BD,
  0x0135, 0x0158, 0x0075, 0xFFA7,  0x0216, 0x0585, 0x04E6, 0x028C,
  0x00BD, 0xFF72, 0xF9E6, 0xF1FC,  0xFC7E, 0x0356, 0xFD7F, 0xF6BD,
  0xFDBA, 0x051D, 0x07D2, 0x04AA,  0xFF3B, 0xFE53, 0x0B3D, 0x066E,
  0xF870, 0xFA13, 0xFE7B, 0x0ADA,  0x09B1, 0x08EB, 0x02A4, 0x06BE,
  0x05CF, 0x00A8, 0x041A, 0xFC00,  0xFAC7, 0x0E6F, 0x009A, 0xFE93,
  0xFA26, 0x009B, 0xEF18, 0xF436,  0x12DF, 0xF4B2, 0x02AC, 0xF3A1,
  0xF24C, 0x0362, 0xFD24, 0xF183,  0x0F85, 0x0D3E, 0xF9AA, 0xF218,
  0x080D, 0x05EE, 0xF7F1, 0x156F,  0xF447, 0x1171, 0x17AC, 0xFD1A,
  0xFC08, 0x06BB, 0x0CE1, 0x0410,  0x05D5, 0x0A4D, 0xFB90, 0xEFF4,
  0xF9B8, 0xF305, 0xFAFF, 0xF8B8,  0xFC05, 0x0967, 0xF892, 0xFE43,
  0xFE73, 0xFDA1, 0xF5C8, 0xEE6C,  0x02C7, 0x09BA, 0xFE88, 0xECD5,
  0x06EB, 0x07EF, 0x0887, 0x0374,  0x03B9, 0xFF0F, 0x0B71, 0x0ED8,
  0x05CF, 0x029C, 0xFBED, 0xFFC7,  0xF4B5, 0x0759, 0x07C4, 0x0A01,
  0xFCA7, 0x069F, 0xF08B, 0x069E,  0x0851, 0xFDC9, 0x0D9A, 0xFAEF,
  0xFE04, 0xF48C, 0x04F3, 0xF2E5,  0xFB6E, 0x06CC, 0x035B, 0xFD33,
  0xFC5E, 0xFB61, 0xF6C2, 0x01FD,  0xF595, 0x0358, 0x0A96, 0x075C,
  0x0999, 0x009B, 0x0795, 0x09B3,  0x00CA, 0x0C4D, 0x05BB, 0x0245,
  0x0C40, 0xF155, 0xFB4B, 0xFA60,  0xF006, 0xFC2B, 0xFE4A, 0x002F,
  0xFAFE, 0xF085, 0xF285, 0xF6F8,  0xFB20, 0xF6DA, 0xF8A2, 0xFE9D,
  0xF3AE, 0xF9A4, 0xF1FD, 0xEB82,  0xF6A6, 0x0133, 0xF31D, 0x0BD0,
  0xED9B, 0xF36B, 0x03D6, 0xEFC3,  0x0038, 0xFC7B, 0x0514, 0xFA92,
  0x00F1, 0xFCEB, 0x03B5, 0xF86A,  0x01E1, 0x02CC, 0xFF9C, 0x09DC,
  0xF913, 0xFD76, 0x02AC, 0x00CB,  0xFD28, 0x0243, 0x04C6, 0xFBFC,
  0x0014, 0x028C, 0xFD21, 0x01EE,  0xFE9C, 0xFBD7, 0x03F4, 0x01C0,
  0xFCDC, 0x0B1D, 0xF734, 0x03AB,  0xFFFC, 0xF9BF, 0x09A3, 0xFC97,
  0x0252, 0x0163, 0x02F1, 0xFCD1,  0x08E9, 0xFE4E, 0xFED1, 0x06F5,
  0x0177, 0x07EB, 0x01AC, 0x00C5,  0x0435, 0x02D3, 0x0123, 0x037C,
  0x021F, 0x01D6, 0xFF53, 0x09B2,  0xFFE4, 0x0794, 0x006C, 0xFBF5,
  0x00B2, 0x0094, 0x0984, 0x0473,  0x0205, 0xFE2F, 0x04E3, 0xFD79,
  0x05F7, 0x03C7, 0x01F3, 0x02EB,  0x0468, 0x027D, 0x02F1, 0x00F3,
  0x054E, 0x0833, 0x024C, 0x08A3,  0x0240, 0x05A3, 0x06B3, 0x02BC,
  0x063C, 0x094D, 0x08AA, 0x0740,  0xFEAA, 0x0825, 0xFC65, 0x09D9,
  0x0448, 0x026B, 0x0670, 0x004A,  0x0288, 0xF7AF, 0xFC3E, 0xF2ED,
  0x03F3, 0xF8A3, 0xFF68, 0xFAD2,  0xF525, 0xF869, 0xF1A2, 0xEED4,
  0xF990, 0xFBAC, 0xF573, 0xF8ED,  0xF40B, 0xF91B, 0xEE94, 0xF55A,
  0xF07B, 0xFAF3, 0xF727, 0xF5EE,  0xFAE0, 0xF333, 0xF74B, 0xF972,
  0xF3FE, 0xF9EB, 0xFF93, 0xFBAF,  0xFF8A, 0xFB80, 0xFFAF, 0xFF56,
  0x04D0, 0x0161, 0x0852, 0x0A7C,  0x0BB0, 0x0C8A, 0x0812, 0x1280,
  0x1089, 0x13C9, 0x1349, 0x1906,  0x1769, 0x16C0, 0x1AFA, 0x1696,
  0x181C, 0x1844, 0x19D3, 0x1933,  0x1689, 0x0F0C, 0x11AC, 0x0C32,
  0x09E0, 0x0983, 0x0752, 0x065A,  0x00C8, 0xFCD1, 0xF819, 0xF573,
  0xF090, 0xF094, 0xED85, 0xEF55,  0xEB7A, 0xE668, 0xDD71, 0xDDA3,
  0xDCDB, 0xD840, 0xD7E6, 0xD7DF,  0xD7E7, 0xD8A2, 0xD7D9, 0xD6C2,
  0xD9E7, 0xDA74, 0xDF6C, 0xE21B,  0xE9BB, 0xEA01, 0xF105, 0xF2C4,
  0xFBC4, 0x020D, 0x0807, 0x10B0,  0x13E9, 0x19D0, 0x1F95, 0x2464,
  0x28C7, 0x2E83, 0x3052, 0x36C5,  0x35B7, 0x3910, 0x3547, 0x38BD,
  0x33EB, 0x3404, 0x335F, 0x31E0,  0x302F, 0x27D5, 0x26C8, 0x1C97,
  0x1B4D, 0x1583, 0x1170, 0x0C99,  0x07C8, 0x04A3, 0x00E1, 0xFC8B,
  0xF649, 0xEDB7, 0xE7BE, 0xE527,  0xE3E3, 0xE481, 0xE218, 0xDBA7,
  0xD588, 0xCF96, 0xC9ED, 0xC9CD,  0xC6D8, 0xC7E4, 0xC6BB, 0xC601,
  0xC599, 0xC359, 0xC766, 0xCA48,  0xCE00, 0xD539, 0xDB59, 0xE3E5,
  0xE8F8, 0xEF1A, 0xF54F, 0xFA27,  0x039B, 0x0B64, 0x148D, 0x1C05,
  0x222A, 0x2896, 0x2E3E, 0x2F72,  0x3461, 0x388C, 0x3B8D, 0x3E51,
  0x3F81, 0x3F29, 0x3D02, 0x3B20,  0x38FC, 0x345E, 0x2E85, 0x2B5A,
  0x23E3, 0x1EC4, 0x18A0, 0x11E7,  0x0BF3, 0x077B, 0x058B, 0x00CF,
  0xFAE1, 0xF792, 0xF322, 0xF131,  0xF1DF, 0xF2FB, 0xF081, 0xE9C6,
  0xE741, 0xE2D6, 0xE27D, 0xE264,  0xE279, 0xE141, 0xDC4B, 0xDC37,
  0xD6AC, 0xD37D, 0xCF0F, 0xCAC7,  0xC597, 0xC2DB, 0xC1E4, 0xC38F,
  0xC5C7, 0xC7C3, 0xCE7F, 0xD1BE,  0xDFB1, 0xE313, 0xEA26, 0xEE5C,
  0xF479, 0xFF5E, 0x054B, 0x11B5,  0x18E0, 0x2166, 0x2940, 0x2EA4,
  0x33C4, 0x3749, 0x39BE, 0x3DAE,  0x3E39, 0x4276, 0x417C, 0x3F4B,
  0x3D23, 0x3810, 0x338D, 0x2B9F,  0x282A, 0x22FF, 0x1BE4, 0x1673,
  0x0F4B, 0x08D1, 0x032E, 0xFE71,  0xFB38, 0xF673, 0xF5B3, 0xF3E0,
  0xF4C4, 0xF635, 0xF506, 0xF2EA,  0xF0A0, 0xF1C3, 0xF0C2, 0xF105,
  0xED2E, 0xEBAC, 0xE8E1, 0xE858,  0xE58A, 0xDF9B, 0xDA9E, 0xD35A,
  0xCE4B, 0xCA2A, 0xC6B1, 0xC3A5,  0xC1A7, 0xC291, 0xC567, 0xC86B,
  0xD161, 0xD60A, 0xDD7A, 0xE1F2,  0xE7B5, 0xF05D, 0xF78C, 0x03DF,
  0x0C2D, 0x16EB, 0x210F, 0x2812,  0x2FC5, 0x329E, 0x36D9, 0x36E7,
  0x39CE, 0x3D97, 0x3F71, 0x41F8,  0x4012, 0x3DA8, 0x37D4, 0x32A5,
  0x2B54, 0x2363, 0x1DD0, 0x1852,  0x11C8, 0x0C84, 0x08A4, 0x0477,
  0xFE34, 0xFAC1, 0xF69C, 0xF3EF,  0xF237, 0xF2AF, 0xF32F, 0xF5D3,
  0xF6D4, 0xF88C, 0xF926, 0xFA9C,  0xF95C, 0xF49C, 0xF1E9, 0xEE72,
  0xECD3, 0xE81B, 0xE54A, 0xDF45,  0xD8D7, 0xD2AB, 0xCD0E, 0xC77F,
  0xC39D, 0xC0D1, 0xC26D, 0xC1BC,  0xC9B3, 0xCD1A, 0xD5F5, 0xDAC1,
  0xDDC3, 0xE627, 0xEA92, 0xFA04,  0xFDA4, 0x097B, 0x14B0, 0x1EDE,
  0x28EF, 0x2CBB, 0x340E, 0x3536,  0x36F2, 0x3984, 0x3879, 0x3C5A,
  0x3ACB, 0x3B30, 0x38AF, 0x358A,  0x3125, 0x263E, 0x2235, 0x192B,
  0x12BD, 0x0B6D, 0x06A8, 0x036E,  0xFF7D, 0xFE66, 0xFB3D, 0xF898,
  0xF649, 0xF4D4, 0xF5A7, 0xF895,  0xFAA8, 0xFD8A, 0xFED6, 0x0308,
  0x0472, 0x04F9, 0x0206, 0xFE7D,  0xFAA4, 0xF45C, 0xEF6D, 0xE948,
  0xE421, 0xDE93, 0xD99F, 0xD48A,  0xCF81, 0xCB02, 0xC55E, 0xC229,
  0xC2DA, 0xC2EB, 0xC6F3, 0xCB17,  0xD498, 0xD8D3, 0xDFD9, 0xE89C,
  0xEF59, 0xF939, 0xFF06, 0x09BD,  0x11A3, 0x1C43, 0x25EA, 0x2B5A,
  0x3441, 0x36A4, 0x39AB, 0x3A71,  0x3A48, 0x39FF, 0x35C6, 0x358A,
  0x310A, 0x2E3B, 0x2A33, 0x2470,  0x1F38, 0x16A3, 0x10E4, 0x09F2,
  0x0364, 0xFEEB, 0xF95F, 0xF8D7,  0xF632, 0xF6EE, 0xF625, 0xF72F,
  0xF87D, 0xFA12, 0xFB5E, 0xFCFF,  0xFE3A, 0xFF17, 0xFF3E, 0xFFC6,
  0x01D0, 0xFF66, 0xFEC3, 0xF8A4,  0xF467, 0xECF1, 0xE859, 0xE14C,
  0xDB14, 0xD618, 0xD266, 0xCE4A,  0xCCF9, 0xCA62, 0xCAC2, 0xCAD0,
  0xCF0E, 0xD42D, 0xD5D5, 0xDDE2,  0xE07F, 0xEAFD, 0xF0F6, 0xFB69,
  0x0207, 0x09FA, 0x1465, 0x1C0A,  0x243A, 0x29C5, 0x2DA7, 0x303D,
  0x3303, 0x3559, 0x3528, 0x34E9,  0x33DC, 0x2FC6, 0x2E8F, 0x29BD,
  0x2591, 0x1D4C, 0x18CB, 0x1275,  0x0D78, 0x0939, 0x03C1, 0xFE74,
  0xFBEB, 0xFA46, 0xF832, 0xF7A9,  0xF696, 0xF783, 0xF77D, 0xFCA3,
  0xFC4C, 0xFF3B, 0xFE90, 0x003E,  0x0175, 0x0223, 0x01BD, 0xFD12,
  0xFAAB, 0xF5B5, 0xF389, 0xEE34,  0xE9DF, 0xE434, 0xDF09, 0xDBB5,
  0xD7B0, 0xD32F, 0xD002, 0xCC74,  0xCDAE, 0xD014, 0xD43B, 0xD80A,
  0xDB8B, 0xE0EE, 0xE7BF, 0xEE8F,  0xF5C2, 0xFAA3, 0x0208, 0x0913,
  0x1204, 0x1AEB, 0x2084, 0x2765,  0x2996, 0x3038, 0x316C, 0x33E0,
  0x31EE, 0x31FA, 0x2ED2, 0x2E2E,  0x2B7E, 0x2764, 0x21EE, 0x1C50,
  0x177D, 0x11E0, 0x0C5A, 0x04F1,  0x004A, 0xFB56, 0xFB14, 0xF782,
  0xF906, 0xF5B3, 0xF768, 0xF684,  0xFA7D, 0xFC5F, 0xFBFD, 0xFB99,
  0xFAE1, 0xFB38, 0xFCBA, 0xFC68,  0xFB4F, 0xF976, 0xF84C, 0xF824,
  0xF463, 0xEF8E, 0xE7A6, 0xE444,  0xDECC, 0xDD08, 0xD762, 0xD678,
  0xD1E2, 0xD4B6, 0xD67D, 0xDB28,  0xDC9B, 0xDF17, 0xE2B1, 0xE7D8,
  0xEDAC, 0xF295, 0xF882, 0xFCBF,  0x06D4, 0x0D27, 0x1822, 0x1A7C,
  0x21C1, 0x23AF, 0x291F, 0x2A1A,  0x2D10, 0x2CE9, 0x2C4E, 0x2DDB,
  0x2E51, 0x2DBA, 0x2942, 0x249C,  0x1D5B, 0x18BE, 0x11A2, 0x0C51,
  0x0418, 0x017B, 0xFDD2, 0xFEAF,  0xFD17, 0xFCB5, 0xF9A4, 0xF898,
  0xF764, 0xF6EE, 0xF43E, 0xF29C,  0xF1E7, 0xF432, 0xF6DE, 0xF9C4,
  0xFC4D, 0xFBCC, 0xFC8C, 0xF94E,  0xF826, 0xF05A, 0xEC7B, 0xE417,
  0xE1C4, 0xDDF2, 0xDDF8, 0xDAD2,  0xDC80, 0xDC50, 0xDF69, 0xE151,
  0xE514, 0xE7B2, 0xE5FC, 0xEC61,  0xED69, 0xF589, 0xF695, 0x005D,
  0x0361, 0x0D36, 0x129B, 0x1971,  0x1D74, 0x207C, 0x230E, 0x2353,
  0x2613, 0x24A2, 0x251E, 0x235A,  0x2503, 0x2212, 0x22D7, 0x1E30,
  0x1D17, 0x16C8, 0x147B, 0x0E4F,  0x0A70, 0x0514, 0x00E7, 0x0030,
  0xFD5B, 0xFD87, 0xFBFE, 0xFD4A,  0xFC06, 0xFC91, 0xFB7E, 0xFB1D,
  0xF966, 0xFAFF, 0xF87A, 0xFB67,  0xF97C, 0xFB3D, 0xF8E1, 0xF7DC,
  0xF516, 0xF0EF, 0xEDD9, 0xE788,  0xE482, 0xDF05, 0xDD69, 0xD883,
  0xDAC1, 0xD88E, 0xDB1E, 0xDAFD,  0xE2C7, 0xE505, 0xE979, 0xEDBE,
  0xF29F, 0xF945, 0xFADA, 0x02CE,  0x03A9, 0x0B25, 0x0D97, 0x1405,
  0x1815, 0x1CDD, 0x1E8F, 0x21A8,  0x2456, 0x241E, 0x231A, 0x20BA,
  0x1F53, 0x1B23, 0x1A13, 0x15A9,  0x13F8, 0x0FB9, 0x0EE2, 0x0C3E,
  0x0AD0, 0x0872, 0x04BC, 0x0401,  0x0141, 0xFFB5, 0xFD29, 0xFCFE,
  0xFC1F, 0xFD0C, 0xFEC9, 0x00D8,  0x0125, 0x02B9, 0x03DC, 0x047D,
  0x03A4, 0x0213, 0xFFF2, 0xFCDD,  0xF9CE, 0xF524, 0xF217, 0xED7B,
  0xE9BB, 0xE5B2, 0xE331, 0xE059,  0xDD74, 0xDB05, 0xDA54, 0xDA2D,
  0xDBF3, 0xDC9D, 0xE0D1, 0xE548,  0xE90E, 0xEF12, 0xF418, 0xFB9D,
  0xFE7B, 0x0475, 0x0869, 0x0CB5,  0x104A, 0x1288, 0x167E, 0x1849,
  0x1B51, 0x1CC0, 0x1FBA, 0x1F63,  0x1E74, 0x1D99, 0x1C4B, 0x1A02,
  0x1671, 0x13A8, 0x1055, 0x0E63,  0x0BF4, 0x0AE5, 0x087D, 0x0815,
  0x06F5, 0x0749, 0x0618, 0x0481,  0x0310, 0x016B, 0x0150, 0xFFC4,
  0x006D, 0x002B, 0x012C, 0x0309,  0x057E, 0x0779, 0x07B0, 0x078C,
  0x06E3, 0x02AD, 0xFF20, 0xF8B8,  0xF4C1, 0xEE9D, 0xEB00, 0xE5BB,
  0xE143, 0xDD59, 0xDAC9, 0xD8F6,  0xD700, 0xD822, 0xD659, 0xDA17,
  0xDA35, 0xE086, 0xE0CE, 0xE60C,  0xE964, 0xEF34, 0xF436, 0xF8FD,
  0xFFD7, 0x0315, 0x0A15, 0x0D9E,  0x14B4, 0x1757, 0x1BB2, 0x1D7D,
  0x20C1, 0x2164, 0x21F0, 0x2185,  0x2031, 0x1F2A, 0x1CF7, 0x1CE4,
  0x1A82, 0x1967, 0x1842, 0x1722,  0x1643, 0x1345, 0x10BF, 0x0D98,
  0x0ABA, 0x0774, 0x03F6, 0x014F,  0xFE39, 0xFDA7, 0xFD4E, 0xFEB6,
  0xFF5F, 0x0218, 0x04FA, 0x06DC,  0x08A8, 0x07DD, 0x06E8, 0x0391,
  0xFFF1, 0xFB3F, 0xF56A, 0xF04E,  0xEAC5, 0xE6D5, 0xE2DC, 0xDFBB,
  0xDCA7, 0xDA43, 0xD7F5, 0xD5D9,  0xD589, 0xD417, 0xD37C, 0xD3AE,
  0xD740, 0xDA1F, 0xDD60, 0xE296,  0xE870, 0xEFC7, 0xF554, 0xFDAA,
  0x031F, 0x099D, 0x0EAA, 0x1443,  0x18A2, 0x1C1A, 0x1F4E, 0x2135,
  0x2473, 0x2504, 0x2646, 0x25D6,  0x26CD, 0x253C, 0x2499, 0x221A,
  0x208D, 0x1D88, 0x1BA2, 0x1809,  0x156D, 0x1252, 0x0ECA, 0x0C6C,
  0x0803, 0x05A0, 0x0140, 0x0073,  0xFD79, 0xFD0D, 0xFC72, 0xFCBE,
  0xFE22, 0xFF37, 0x014E, 0x027F,  0x0403, 0x0486, 0x04A2, 0x0260,
  0xFF35, 0xFAB9, 0xF627, 0xF0DC,  0xEC1A, 0xE72E, 0xE1F5, 0xDF04,
  0xDB0E, 0xD8F3, 0xD5F3, 0xD597,  0xD36F, 0xD362, 0xD28A, 0xD27C,
  0xD362, 0xD538, 0xD9F0, 0xDD23,  0xE43B, 0xEB4C, 0xF42D, 0xFCA6,
  0x05D1, 0x0D73, 0x1594, 0x1A7B,  0x20A4, 0x237D, 0x26AE, 0x27E1,
  0x28A8, 0x298F, 0x292B, 0x2A13,  0x2899, 0x28AD, 0x261A, 0x24F1,
  0x21F4, 0x1EC2, 0x1A7A, 0x15AA,  0x115F, 0x0CCD, 0x08E0, 0x0516,
  0x01D9, 0xFFD8, 0xFDD6, 0xFCEE,  0xFBA4, 0xFAED, 0xFAC7, 0xFB8B,
  0xFC2A, 0xFD18, 0xFE8B, 0xFF92,  0x01FC, 0x0350, 0x04FE, 0x0529,
  0x04E3, 0x0420, 0x01EB, 0xFF27,  0xF9C7, 0xF477, 0xEDA2, 0xE7EF,
  0xE11F, 0xDBCB, 0xD713, 0xD2E6,  0xD04A, 0xCDD2, 0xCD71, 0xCB57,
  0xCD73, 0xCDB2, 0xD1E3, 0xD3B7,  0xDBCB, 0xE1EF, 0xE84D, 0xF1D6,
  0xF961, 0x050E, 0x0AC2, 0x15C0,  0x1A97, 0x2170, 0x264A, 0x298B,
  0x2D18, 0x2CF0, 0x2F1E, 0x2E35,  0x2EC9, 0x2CB4, 0x2AF6, 0x2947,
  0x2583, 0x2203, 0x1CC1, 0x1870,  0x124F, 0x0CF6, 0x0861, 0x0384,
  0xFFF4, 0xFC25, 0xFAD1, 0xF893,  0xF85F, 0xF76A, 0xF857, 0xF905,
  0xFA29, 0xFC65, 0xFD36, 0x0094,  0x0103, 0x0496, 0x05DF, 0x08AD,
  0x09D4, 0x0AEF, 0x0C16, 0x0A2B,  0x0992, 0x062A, 0x034A, 0xFD81,
  0xF855, 0xF27D, 0xEB51, 0xE543,  0xDEA3, 0xD996, 0xD464, 0xD114,
  0xCE1E, 0xCC37, 0xCC11, 0xCB70,  0xCE7A, 0xD07C, 0xD588, 0xD8DC,
  0xE0BE, 0xE7CE, 0xEEFA, 0xF72D,  0xFE70, 0x0871, 0x0E1F, 0x174F,
  0x1C79, 0x22B5, 0x261A, 0x2977,  0x2C03, 0x2C3F, 0x2CB0, 0x2AC0,
  0x2A3F, 0x2718, 0x2430, 0x205F,  0x1CC8, 0x183C, 0x1395, 0x0F9D,
  0x0B3E, 0x070D, 0x0328, 0x0063,  0xFD64, 0xFAF4, 0xF932, 0xF7D0,
  0xF75C, 0xF73E, 0xF81D, 0xF984,  0xFC02, 0xFEAF, 0x0229, 0x0612,
  0x08AA, 0x0C52, 0x0E68, 0x1127,  0x115D, 0x11C9, 0x1168, 0x100C,
  0x0E15, 0x0AEC, 0x07F6, 0x02D7,  0xFE83, 0xF938, 0xF3AE, 0xEDE7,
  0xE8E0, 0xE438, 0xDF19, 0xDB0C,  0xD78A, 0xD46F, 0xD25F, 0xD00D,
  0xD05D, 0xCFBC, 0xD122, 0xD193,  0xD592, 0xD93F, 0xDDDB, 0xE387,
  0xEA95, 0xF2ED, 0xF852, 0x01B9,  0x0867, 0x117A, 0x1693, 0x1DA9,
  0x2287, 0x25D7, 0x2882, 0x290D,  0x29DA, 0x2768, 0x25E5, 0x230A,
  0x2033, 0x1CB1, 0x18DA, 0x1623,  0x1301, 0x0FF5, 0x0DB6, 0x0AE3,
  0x090B, 0x05D0, 0x03F1, 0x019C,  0xFF24, 0xFDA4, 0xFBE9, 0xFBD0,
  0xFB38, 0xFC49, 0xFDA3, 0x002D,  0x02AF, 0x05B7, 0x0931, 0x0BC3,
  0x0ED4, 0x107A, 0x12BC, 0x12FA,  0x13E3, 0x12B7, 0x11AD, 0x0E90,
  0x0B6F, 0x0818, 0x041F, 0x0041,  0xFB4B, 0xF79A, 0xF207, 0xED37,
  0xE749, 0xE18B, 0xDBFB, 0xD73C,  0xD2DB, 0xCFED, 0xCCA3, 0xCBFB,
  0xCAA1, 0xCC42, 0xCCC9, 0xCF4B,  0xD1EB, 0xD5C2, 0xDAAE, 0xDECD,
  0xE6CB, 0xEC0B, 0xF419, 0xFABB,  0x03C1, 0x0B9A, 0x1281, 0x1A52,
  0x201E, 0x2553, 0x294A, 0x2B38,  0x2CFD, 0x2BDB, 0x2BCE, 0x28CB,
  0x26E0, 0x23B8, 0x200E, 0x1D23,  0x19E6, 0x1826, 0x1499, 0x13CA,
  0x1136, 0x100B, 0x0DF7, 0x0C4C,  0x09DE, 0x075D, 0x0574, 0x02F0,
  0x011F, 0xFF34, 0xFE82, 0xFE0B,  0xFF26, 0x00DB, 0x02F0, 0x06BC,
  0x092F, 0x0D2C, 0x0EB8, 0x10EE,  0x1081, 0x1018, 0x0E79, 0x0AF1,
  0x0802, 0x037D, 0x0047, 0xFAF3,  0xF68A, 0xF0ED, 0xEB5D, 0xE5EE,
  0xE0B1, 0xDC12, 0xD6C5, 0xD22B,  0xCE4B, 0xCAE9, 0xC911, 0xC6B1,
  0xC713, 0xC65D, 0xC94C, 0xCA1D,  0xCF26, 0xD26A, 0xD847, 0xDE93,
  0xE474, 0xEE18, 0xF31B, 0xFD81,  0x025B, 0x0D25, 0x12DB, 0x1AF3,
  0x2200, 0x2761, 0x2DBE, 0x3031,  0x34CF, 0x3501, 0x3648, 0x34F4,
  0x33AC, 0x311A, 0x2D64, 0x296F,  0x2539, 0x211F, 0x1D37, 0x18CC,
  0x15D8, 0x1243, 0x0F4E, 0x0CCF,  0x09B8, 0x073A, 0x0330, 0x0125,
  0xFE4D, 0xFC33, 0xFA79, 0xF9B2,  0xFA3E, 0xFB4F, 0xFDC4, 0x0097,
  0x03AC, 0x067A, 0x09B9, 0x0BA0,  0x0D2B, 0x0D22, 0x0C80, 0x0ADA,
  0x0812, 0x0485, 0x0090, 0xFB64,  0xF6B7, 0xF113, 0xEBB7, 0xE53B,
  0xDF72, 0xD9E1, 0xD4AE, 0xD0C9,  0xCCB6, 0xCA9E, 0xC7DF, 0xC801,
  0xC696, 0xC7CC, 0xC730, 0xC910,  0xC9AE, 0xCBEE, 0xCE91, 0xD19C,
  0xD83E, 0xDD5B, 0xE7B7, 0xF017,  0xFDA5, 0x07B8, 0x1312, 0x1FAF,
  0x28F8, 0x335F, 0x38A7, 0x3EAB,  0x4082, 0x4118, 0x415F, 0x3DA0,
  0x3AFB, 0x3522, 0x30F2, 0x2C05,  0x275F, 0x23D1, 0x1FDF, 0x1DF1,
  0x1AB7, 0x1879, 0x14E4, 0x1147,  0x0CC9, 0x07B2, 0x0274, 0xFC9F,
  0xF6F9, 0xF1FD, 0xEE77, 0xEBC3,  0xEB31, 0xEBA5, 0xEEAF, 0xF332,
  0xF8BA, 0xFF97, 0x05D0, 0x0C78,  0x110F, 0x153C, 0x16FE, 0x1601,
  0x143F, 0x0FAF, 0x0AB6, 0x03E1,  0xFD0C, 0xF601, 0xEEED, 0xE94E,
  0xE2EB, 0xDEE2, 0xD9E0, 0xD6BC,  0xD308, 0xD099, 0xCDFE, 0xCC10,
  0xC9FF, 0xC849, 0xC799, 0xC6F7,  0xC764, 0xC748, 0xC96F, 0xCB5C,
  0xD065, 0xD485, 0xDD6E, 0xE4EC,  0xF139, 0xFB3F, 0x0961, 0x16C6,
  0x2228, 0x2E44, 0x356C, 0x4049,  0x4189, 0x45FE, 0x44F2, 0x43B2,
  0x4079, 0x3A6B, 0x3620, 0x2D6A,  0x2813, 0x216F, 0x1CBB, 0x1918,
  0x145F, 0x1318, 0x1033, 0x0F4E,  0x0CBB, 0x09C8, 0x070A, 0x01B1,
  0xFDA0, 0xF798, 0xF2A6, 0xED19,  0xE97B, 0xE763, 0xE720, 0xE845,
  0xEC47, 0xF1D1, 0xF9A0, 0x0273,  0x0AB8, 0x1383, 0x19CD, 0x1F5E,
  0x217B, 0x219E, 0x1EA2, 0x18B6,  0x1228, 0x0912, 0xFFC0, 0xF59C,
  0xECEB, 0xE55A, 0xDF2D, 0xDB11,  0xD7B2, 0xD63C, 0xD554, 0xD546,
  0xD58D, 0xD51D, 0xD419, 0xD315,  0xD183, 0xD04F, 0xCDE0, 0xCD57,
  0xCC09, 0xCD26, 0xCE97, 0xD21C,  0xD6AC, 0xDC9F, 0xE504, 0xEE1F,
  0xFA54, 0x0466, 0x119D, 0x1BFA,  0x295D, 0x311A, 0x389C, 0x3E33,
  0x402E, 0x4208, 0x3E5B, 0x3D26,  0x35E8, 0x3093, 0x29AA, 0x223B,
  0x1CE1, 0x1596, 0x127F, 0x0E1E,  0x0CB0, 0x0B4F, 0x0A29, 0x0B65,
  0x09C6, 0x0A5F, 0x075D, 0x063A,  0x027F, 0xFEC3, 0xFB70, 0xF694,
  0xF3A0, 0xEFC2, 0xEF45, 0xEF37,  0xF16B, 0xF496, 0xFA11, 0x0113,
  0x08DA, 0x108D, 0x17A6, 0x1DBF,  0x2101, 0x230C, 0x21F9, 0x1E7A,
  0x17D2, 0x0F97, 0x063D, 0xFBC5,  0xF1DD, 0xE810, 0xE0C0, 0xDA70,
  0xD731, 0xD4B5, 0xD53D, 0xD5D1,  0xD7A1, 0xD9D5, 0xDB44, 0xDBD4,
  0xDB2C, 0xDA5D, 0xD83E, 0xD64E,  0xD3D3, 0xD23D, 0xD10F, 0xD15E,
  0xD2A3, 0xD5D1, 0xD962, 0xDFE5,  0xE5F4, 0xEF20, 0xF735, 0x023D,
  0x0BB5, 0x15C6, 0x201D, 0x2871,  0x302C, 0x3419, 0x38BA, 0x39A7,
  0x39BC, 0x3730, 0x3435, 0x2F03,  0x29F4, 0x2434, 0x1F5D, 0x1971,
  0x15A2, 0x1255, 0x10AE, 0x0F77,  0x0EDA, 0x0FB3, 0x0F99, 0x1009,
  0x0F1D, 0x0E15, 0x0B55, 0x088B,  0x048F, 0x00D9, 0xFBCB, 0xF87A,
  0xF495, 0xF2C0, 0xF1E6, 0xF2B8,  0xF503, 0xF840, 0xFE0F, 0x036C,
  0x09B7, 0x0EF5, 0x13C4, 0x16BA,  0x17D0, 0x174C, 0x1427, 0x0F2E,
  0x0888, 0x00B6, 0xF8B7, 0xF072,  0xE939, 0xE304, 0xDE3D, 0xDB23,
  0xD97A, 0xD943, 0xD9B2, 0xDA70,  0xDBC6, 0xDC60, 0xDC04, 0xDB80,
  0xDA51, 0xD903, 0xD722, 0xD5DB,  0xD4BA, 0xD496, 0xD55E, 0xD7A7,
  0xD9C2, 0xDE32, 0xE2D6, 0xE8D4,  0xEF86, 0xF691, 0x000D, 0x06F2,
  0x1121, 0x18A9, 0x2252, 0x289C,  0x2E40, 0x33AD, 0x3624, 0x38EF,
  0x3751, 0x3701, 0x3376, 0x3009,  0x2B30, 0x25EB, 0x20F2, 0x1B48,
  0x1768, 0x1378, 0x112A, 0x0F1B,  0x0E43, 0x0DF1, 0x0DB7, 0x0DC8,
  0x0C37, 0x0B02, 0x087B, 0x062D,  0x0236, 0xFE60, 0xFA6A, 0xF69C,
  0xF3F6, 0xF236, 0xF1E9, 0xF29F,  0xF541, 0xF97D, 0xFE79, 0x0399,
  0x0916, 0x0DD1, 0x1229, 0x13E1,  0x14A9, 0x131D, 0x0FDA, 0x0ACB,
  0x0453, 0xFD1A, 0xF516, 0xEDC1,  0xE733, 0xE1B9, 0xDD5B, 0xDA6C,
  0xD986, 0xD932, 0xDA21, 0xDAD8,  0xDC4F, 0xDCE2, 0xDD26, 0xDD39,
  0xDB94, 0xDAD6, 0xD91F, 0xD8B9,  0xD79B, 0xD7BA, 0xD8EA, 0xDB42,
  0xDE5E, 0xE2AE, 0xE785, 0xEDD9,  0xF3ED, 0xFB83, 0x0301, 0x0AE6,
  0x1302, 0x1A38, 0x22F3, 0x291C,  0x2F6A, 0x32D2, 0x36B0, 0x38C2,
  0x38E5, 0x37B4, 0x34F7, 0x317C,  0x2C8A, 0x26EB, 0x214A, 0x1AFB,
  0x1597, 0x10CB, 0x0D08, 0x0A35,  0x080B, 0x0743, 0x0690, 0x06B2,
  0x062C, 0x05A2, 0x042F, 0x037F,  0x013E, 0xFEEA, 0xFB8D, 0xF979,
  0xF6F0, 0xF4A7, 0xF3DA, 0xF376,  0xF4D4, 0xF68A, 0xFAD0, 0xFEB7,
  0x037A, 0x0819, 0x0D3A, 0x109C,  0x12D8, 0x1368, 0x1291, 0x1001,
  0x0B92, 0x05D3, 0xFE8D, 0xF724,  0xEF8A, 0xE8BC, 0xE250, 0xDD54,
  0xD9CD, 0xD79A, 0xD6DA, 0xD756,  0xD876, 0xDA18, 0xDB8D, 0xDE38,
  0xDF03, 0xE022, 0xDFE2, 0xE01A,  0xDFD0, 0xDECA, 0xDE54, 0xDE11,
  0xDEF9, 0xE0E7, 0xE38B, 0xE78F,  0xEC91, 0xF2A6, 0xFA06, 0x011E,
  0x0AC3, 0x11F5, 0x1B25, 0x21D9,  0x2B27, 0x2FD9, 0x3404, 0x3772,
  0x381E, 0x3970, 0x3551, 0x349E,  0x2DE0, 0x29ED, 0x23BF, 0x1D13,
  0x180A, 0x1107, 0x0DFA, 0x086E,  0x06EC, 0x0500, 0x0342, 0x03D1,
  0x0283, 0x0432, 0x0270, 0x02B9,  0x01A9, 0x0013, 0xFF53, 0xFBFD,
  0xFB56, 0xF894, 0xF7D8, 0xF6E4,  0xF72B, 0xF899, 0xFA0F, 0xFD34,
  0x00CF, 0x04E4, 0x08DB, 0x0C74,  0x0FB7, 0x11DE, 0x128F, 0x11E5,
  0x0FBD, 0x0C6B, 0x076A, 0x0167,  0xFB2E, 0xF4BD, 0xEEC9, 0xE8E8,
  0xE4A5, 0xE0F3, 0xDE78, 0xDD15,  0xDCD7, 0xDDBF, 0xDEC2, 0xE0B2,
  0xE259, 0xE3E0, 0xE4AA, 0xE528,  0xE4AB, 0xE417, 0xE2A1, 0xE1C0,
  0xE05D, 0xE054, 0xE088, 0xE1C0,  0xE39E, 0xE6A4, 0xEAE3, 0xEF3D,
  0xF500, 0xFA80, 0x0144, 0x06A7,  0x0E2A, 0x132B, 0x19C0, 0x1E39,
  0x23DF, 0x2849, 0x2A87, 0x2E0C,  0x2D9B, 0x2FA4, 0x2D8F, 0x2C63,
  0x2944, 0x24B6, 0x21EC, 0x1BC3,  0x17F2, 0x123D, 0x0E03, 0x0A9D,
  0x066B, 0x055C, 0x0247, 0x0234,  0x0120, 0x0126, 0x01A2, 0x0079,
  0x011F, 0xFFEA, 0x0053, 0xFF1A,  0xFE3E, 0xFDD9, 0xFCEB, 0xFD4F,
  0xFCC0, 0xFDC2, 0xFE7B, 0x001B,  0x0207, 0x0439, 0x0634, 0x082A,
  0x0A14, 0x0B6F, 0x0C15, 0x0B63,  0x0AAB, 0x0800, 0x05BC, 0x016D,
  0xFD8C, 0xF864, 0xF3FE, 0xEF9E,  0xEB3F, 0xE7EF, 0xE4A3, 0xE35C,
  0xE1F1, 0xE275, 0xE285, 0xE40C,  0xE55B, 0xE75D, 0xE8DB, 0xE981,
  0xE9F8, 0xE99E, 0xE979, 0xE811,  0xE6D7, 0xE52C, 0xE41B, 0xE35D,
  0xE34C, 0xE391, 0xE4E3, 0xE74D,  0xEA97, 0xEEFE, 0xF33E, 0xF824,
  0xFD87, 0x02D4, 0x0913, 0x0E04,  0x13D2, 0x18E1, 0x1D8E, 0x22EC,
  0x24DE, 0x28B8, 0x292D, 0x2B2E,  0x2AB9, 0x2979, 0x287F, 0x249C,
  0x2325, 0x1EC6, 0x1C23, 0x17FD,  0x14C6, 0x122A, 0x0EF4, 0x0D0D,
  0x0A64, 0x08B9, 0x0738, 0x054D,  0x0485, 0x023B, 0x0137, 0xFF78,
  0xFE17, 0xFD10, 0xFB4F, 0xFAFE,  0xF9C7, 0xFA2F, 0xFA29, 0xFB21,
  0xFBDF, 0xFDE6, 0xFF59, 0x01B8,  0x033D, 0x0540, 0x069F, 0x07C6,
  0x08BF, 0x084B, 0x0811, 0x0632,  0x04DB, 0x01CD, 0xFF2D, 0xFB35,
  0xF7E6, 0xF41C, 0xF0E7, 0xED61,  0xEAC6, 0xE8BC, 0xE728, 0xE68D,
  0xE5F8, 0xE695, 0xE6DF, 0xE87F,  0xE99D, 0xEACC, 0xEB72, 0xEB9C,
  0xEB7D, 0xEA65, 0xE93F, 0xE751,  0xE52F, 0xE3E3, 0xE2AF, 0xE236,
  0xE21D, 0xE338, 0xE56E, 0xE8A7,  0xED51, 0xF1D8, 0xF6D5, 0xFC76,
  0x01B5, 0x07A0, 0x0BF1, 0x1132,  0x14F2, 0x195A, 0x1D19, 0x1FDA,
  0x2327, 0x24C6, 0x2765, 0x2823,  0x2987, 0x29CC, 0x293B, 0x287B,
  0x2682, 0x244A, 0x215E, 0x1D22,  0x19D9, 0x14BB, 0x115E, 0x0C6C,
  0x08CA, 0x0576, 0x0228, 0x0083,  0xFDDA, 0xFD75, 0xFBE7, 0xFBFD,
  0xFB63, 0xFBCA, 0xFB53, 0xFBF6,  0xFBEE, 0xFC72, 0xFCB1, 0xFD81,
  0xFE14, 0xFF15, 0xFFD8, 0x00AB,  0x01B4, 0x0270, 0x03C9, 0x0397,
  0x04FF, 0x03FF, 0x04DB, 0x0311,  0x02CB, 0x0119, 0xFED9, 0xFD3C,
  0xF9DB, 0xF806, 0xF4A4, 0xF240,  0xEF9E, 0xED07, 0xEBCB, 0xE9C9,
  0xE926, 0xE894, 0xE82D, 0xE8F1,  0xE8A4, 0xE9F9, 0xE9BF, 0xEAFE,
  0xEAE8, 0xEB52, 0xEAE4, 0xEA1F,  0xE978, 0xE82C, 0xE71C, 0xE5F0,
  0xE56D, 0xE56B, 0xE677, 0xE79D,  0xEA5C, 0xECF2, 0xF11B, 0xF45C,
  0xF8DB, 0xFCCF, 0x013D, 0x0521,  0x098A, 0x0D69, 0x12A1, 0x1641,
  0x1BCE, 0x2031, 0x24CC, 0x29A2,  0x2B6C, 0x2F7B, 0x2F74, 0x315A,
  0x2EE9, 0x2CD2, 0x2945, 0x2412,  0x1F18, 0x1899, 0x12D5, 0x0CE2,
  0x0767, 0x037C, 0xFFD8, 0xFD97,  0xFCE6, 0xFBBF, 0xFC9E, 0xFC31,
  0xFD64, 0xFD23, 0xFD63, 0xFDB9,  0xFD0F, 0xFCA5, 0xFBBF, 0xFBA9,
  0xFAF4, 0xFAC6, 0xFB13, 0xFC59,  0xFD37, 0xFF46, 0x0124, 0x03B2,
  0x0576, 0x07A9, 0x0941, 0x09DF,  0x0A67, 0x096F, 0x08DF, 0x062A,
  0x0431, 0x005D, 0xFD45, 0xF972,  0xF5E8, 0xF2A2, 0xEF36, 0xED2F,
  0xEB01, 0xE9DF, 0xE912, 0xE8AF,  0xE91B, 0xE959, 0xEA14, 0xEABD,
  0xEB49, 0xEC12, 0xEBFE, 0xEC61,  0xEBA0, 0xEB82, 0xEA3B, 0xE9D5,
  0xE878, 0xE80A, 0xE6FF, 0xE70B,  0xE6F9, 0xE7E8, 0xE8E8, 0xEAE8,
  0xED26, 0xEFFB, 0xF344, 0xF64C,  0xFA73, 0xFDB9, 0x0273, 0x05AE,
  0x0B93, 0x0F3A, 0x1586, 0x18DA,  0x2029, 0x23EE, 0x28D9, 0x2BF6,
  0x2DF9, 0x310D, 0x2E8F, 0x2FD4,  0x2A1A, 0x2818, 0x21E6, 0x1C14,
  0x1631, 0x0ED7, 0x0A34, 0x040B,  0x00A5, 0xFDCC, 0xFBC8, 0xFBEA,
  0xFB55, 0xFD2A, 0xFDF2, 0xFF01,  0x005E, 0x0087, 0x016A, 0x006C,
  0xFFE5, 0xFEBC, 0xFDE9, 0xFCB0,  0xFC2A, 0xFB94, 0xFCC4, 0xFD2D,
  0xFF91, 0x01A1, 0x0444, 0x0757,  0x095D, 0x0C79, 0x0D3A, 0x0E8B,
  0x0DC3, 0x0CC9, 0x0AAE, 0x072B,  0x03DF, 0xFF48, 0xFBB8, 0xF718,
  0xF3DB, 0xF069, 0xEE54, 0xECE2,  0xEC0E, 0xEC25, 0xECC5, 0xEE5D,
  0xEF52, 0xF10F, 0xF1C3, 0xF344,  0xF328, 0xF323, 0xF277, 0xF196,
  0xEFF9, 0xEDE3, 0xEBE3, 0xE9B8,  0xE736, 0xE542, 0xE2D3, 0xE1BE,
  0xE081, 0xE046, 0xE0DD, 0xE1B2,  0xE3F1, 0xE591, 0xE947, 0xEB8D,
  0xEF94, 0xF230, 0xF6C1, 0xFA00,  0xFEC7, 0x02AB, 0x0809, 0x0D3B,
  0x129A, 0x1928, 0x1DDC, 0x2564,  0x2828, 0x2DC6, 0x302F, 0x3211,
  0x32EC, 0x3067, 0x2ED4, 0x29D7,  0x24DC, 0x1F18, 0x17A1, 0x123F,
  0x0B29, 0x06B9, 0x025B, 0xFEEF,  0xFE63, 0xFCB3, 0xFE12, 0xFE49,
  0xFFC5, 0x00BC, 0x016E, 0x02AA,  0x0239, 0x01ED, 0x0102, 0xFFCF,
  0xFEEC, 0xFD73, 0xFCE9, 0xFCF3,  0xFD2F, 0xFEEC, 0x00AF, 0x036A,
  0x0685, 0x093C, 0x0D04, 0x0E92,  0x10CB, 0x115F, 0x10D5, 0x1030,
  0x0CCC, 0x0A4B, 0x0582, 0x0179,  0xFCF4, 0xF80C, 0xF4B3, 0xF04F,
  0xEE99, 0xEC60, 0xEB36, 0xEAEB,  0xEAD0, 0xEBE1, 0xEC18, 0xED28,
  0xED85, 0xED98, 0xEDA6, 0xED00,  0xEC1E, 0xEAE3, 0xE8BB, 0xE7EC,
  0xE571, 0xE431, 0xE23E, 0xE0E4,  0xE02A, 0xDF2A, 0xDF31, 0xDF45,
  0xE055, 0xE21A, 0xE3E9, 0xE683,  0xE9A7, 0xECED, 0xF125, 0xF47A,
  0xF9AA, 0xFD8F, 0x02F7, 0x0768,  0x0DD9, 0x12AE, 0x18D1, 0x1E04,
  0x243F, 0x2968, 0x2C22, 0x309A,  0x30BC, 0x3304, 0x3057, 0x2EBE,
  0x2AC3, 0x2571, 0x2085, 0x195F,  0x138F, 0x0D66, 0x081C, 0x0452,
  0x00A8, 0xFF7F, 0xFEC8, 0xFEF3,  0x00D6, 0x01B1, 0x0412, 0x0472,
  0x060C, 0x0659, 0x0605, 0x0518,  0x0368, 0x0229, 0x0062, 0xFEAC,
  0xFD8C, 0xFD48, 0xFD7B, 0xFF24,  0x006C, 0x03B2, 0x060D, 0x0991,
  0x0C33, 0x0E61, 0x102C, 0x0FE7,  0x0FC9, 0x0D54, 0x0B10, 0x06CA,
  0x0299, 0xFDD9, 0xF977, 0xF532,  0xF19A, 0xEEFC, 0xED3A, 0xEC74,
  0xEC48, 0xECF7, 0xEDDC, 0xEF33,  0xF071, 0xF15B, 0xF1F5, 0xF1D6,
  0xF15F, 0xF072, 0xEEA0, 0xED20,  0xEA41, 0xE8A6, 0xE639, 0xE4EE,
  0xE2FA, 0xE1DF, 0xE107, 0xE0A4,  0xE04C, 0xE09E, 0xE0DC, 0xE221,
  0xE3AB, 0xE52B, 0xE79A, 0xE96D,  0xECF2, 0xEF59, 0xF2CF, 0xF5DC,
  0xF9A9, 0xFD65, 0x01A3, 0x05C3,  0x0BC4, 0x0FC1, 0x1625, 0x1B42,
  0x21A3, 0x26D3, 0x2A05, 0x2FA4,  0x304C, 0x3377, 0x31B0, 0x30B6,
  0x2DC6, 0x28AB, 0x24A4, 0x1CF4,  0x1789, 0x1112, 0x0B56, 0x06F7,
  0x020A, 0x00A3, 0xFE5B, 0xFE76,  0xFEF5, 0xFFAC, 0x0165, 0x01EB,
  0x03A4, 0x03F0, 0x0406, 0x0369,  0x0299, 0x0152, 0x0011, 0xFE3D,
  0xFD88, 0xFCCF, 0xFCFF, 0xFE03,  0xFEF9, 0x01B4, 0x0399, 0x0716,
  0x0959, 0x0BFF, 0x0DFA, 0x0EF1,  0x0F7F, 0x0E34, 0x0CF8, 0x099C,
  0x06B1, 0x024D, 0xFE98, 0xF9FB,  0xF63D, 0xF2F9, 0xF044, 0xEF0D,
  0xED87, 0xEE09, 0xEDFB, 0xEF72,  0xF01B, 0xF10D, 0xF29E, 0xF2B5,
  0xF398, 0xF29F, 0xF238, 0xF0E5,  0xEEF8, 0xED9F, 0xEABF, 0xE9B3,
  0xE721, 0xE61F, 0xE4A4, 0xE3B4,  0xE373, 0xE310, 0xE33F, 0xE3AE,
  0xE44F, 0xE54E, 0xE647, 0xE7EB,  0xE983, 0xEB04, 0xED53, 0xEFA2,
  0xF266, 0xF599, 0xF8F7, 0xFD48,  0x0164, 0x0625, 0x0C03, 0x1072,
  0x171D, 0x1B0D, 0x21B4, 0x25A2,  0x2974, 0x2C7E, 0x2D8A, 0x2F95,
  0x2D55, 0x2C1F, 0x2828, 0x2432,  0x1F5B, 0x1968, 0x13F7, 0x0E31,
  0x098A, 0x055E, 0x01DC, 0xFFE3,  0xFE5E, 0xFE24, 0xFE47, 0xFF45,
  0x0009, 0x0100, 0x01D6, 0x02FD,  0x0379, 0x032E, 0x0302, 0x0265,
  0x0254, 0x013A, 0x00E6, 0x0083,  0x0125, 0x01CC, 0x02B1, 0x0480,
  0x05FF, 0x0851, 0x0A2E, 0x0BF4,  0x0D04, 0x0D68, 0x0D89, 0x0C63,
  0x0AD5, 0x0842, 0x0510, 0x01A7,  0xFE5A, 0xFAC8, 0xF787, 0xF460,
  0xF2B3, 0xF14A, 0xF0D9, 0xF0CA,  0xF180, 0xF2DE, 0xF405, 0xF5C1,
  0xF67C, 0xF72F, 0xF782, 0xF724,  0xF69F, 0xF4E0, 0xF33B, 0xF141,
  0xEF2A, 0xEDB1, 0xEB4E, 0xEA37,  0xE897, 0xE81F, 0xE787, 0xE6FE,
  0xE6B8, 0xE674, 0xE691, 0xE66C,  0xE605, 0xE638, 0xE5DC, 0xE69E,
  0xE6E8, 0xE7D0, 0xE93E, 0xEA90,  0xED7C, 0xEFAC, 0xF382, 0xF697,
  0xFB21, 0xFFCA, 0x055B, 0x09D5,  0x1011, 0x1508, 0x1B7C, 0x2009,
  0x240A, 0x2864, 0x2A2B, 0x2D96,  0x2C1C, 0x2C54, 0x29B4, 0x26C2,
  0x2355, 0x1DAC, 0x197F, 0x13BD,  0x0F92, 0x0B61, 0x0748, 0x0560,
  0x0297, 0x0260, 0x017B, 0x01AF,  0x0203, 0x01F8, 0x02FD, 0x02E9,
  0x02FE, 0x0255, 0x01F2, 0x016F,  0x00FD, 0xFFEA, 0x000F, 0xFFA8,
  0x00A9, 0x014E, 0x0284, 0x046D,  0x05EA, 0x0879, 0x09C5, 0x0BC9,
  0x0C95, 0x0D25, 0x0D3C, 0x0C25,  0x0AE0, 0x086D, 0x060E, 0x02BE,
  0x0024, 0xFCC5, 0xFA21, 0xF795,  0xF628, 0xF50C, 0xF45C, 0xF4FF,
  0xF52B, 0xF6BF, 0xF73B, 0xF8D1,  0xF93E, 0xF99D, 0xF9C8, 0xF8FB,
  0xF88A, 0xF6BD, 0xF54E, 0xF36A,  0xF176, 0xF033, 0xEE2E, 0xED37,
  0xEBEC, 0xEB8D, 0xEB2F, 0xEA90,  0xEA6D, 0xE9B4, 0xE912, 0xE853,
  0xE6F8, 0xE612, 0xE499, 0xE3BC,  0xE32F, 0xE292, 0xE2E9, 0xE350,
  0xE4F4, 0xE6EA, 0xE979, 0xECDF,  0xF08A, 0xF4F5, 0xF9B3, 0xFE9A,
  0x0446, 0x08E9, 0x0ECA, 0x135D,  0x192D, 0x1D17, 0x20EA, 0x2426,
  0x265F, 0x28A5, 0x284B, 0x28C7,  0x26C6, 0x2580, 0x2279, 0x1EFB,
  0x1B40, 0x1714, 0x1365, 0x0F8F,  0x0BD9, 0x091E, 0x0626, 0x04F0,
  0x0312, 0x0291, 0x021E, 0x01B4,  0x0273, 0x0242, 0x0339, 0x02F7,
  0x03A4, 0x03BA, 0x041C, 0x0407,  0x0434, 0x0429, 0x047A, 0x0470,
  0x04DA, 0x0503, 0x0581, 0x061A,  0x069A, 0x0774, 0x0778, 0x080F,
  0x07B2, 0x07E2, 0x0730, 0x066C,  0x0558, 0x03CC, 0x026D, 0x00A1,
  0xFEE9, 0xFD27, 0xFB9A, 0xFAB9,  0xF992, 0xF930, 0xF895, 0xF8C9,
  0xF8E6, 0xF927, 0xF962, 0xF981,  0xF9A2, 0xF97A, 0xF90D, 0xF87F,
  0xF75B, 0xF64B, 0xF501, 0xF3A5,  0xF284, 0xF10C, 0xF041, 0xEEBE,
  0xEE83, 0xEDAF, 0xED32, 0xEC54,  0xEC38, 0xEBD1, 0xEAF1, 0xE9A1,
  0xE849, 0xE6D6, 0xE5D3, 0xE4D5,  0xE3F3, 0xE3A0, 0xE3CC, 0xE50C,
  0xE5F4, 0xE794, 0xE958, 0xEC1D,  0xEEA5, 0xF1C0, 0xF481, 0xF826,
  0xFB6A, 0xFF9D, 0x03D2, 0x084C,  0x0CDF, 0x11D8, 0x16A9, 0x1B70,
  0x1F81, 0x2341, 0x2660, 0x2816,  0x29A5, 0x28E9, 0x2857, 0x25BA,
  0x233D, 0x1F97, 0x1B79, 0x177A,  0x1348, 0x0FB6, 0x0C57, 0x0955,
  0x0712, 0x0503, 0x03DA, 0x02AB,  0x01DD, 0x0177, 0x00D1, 0x00F2,
  0x0090, 0x00B9, 0x007C, 0x0091,  0x00D7, 0x00FD, 0x0191, 0x01E4,
  0x0281, 0x0389, 0x0412, 0x0548,  0x05E8, 0x0717, 0x07C1, 0x086C,
  0x08DF, 0x08D0, 0x08D0, 0x0846,  0x076F, 0x066E, 0x0533, 0x036B,
  0x0233, 0x0010, 0xFEE3, 0xFCA7,  0xFBDD, 0xFA78, 0xF95E, 0xF8D9,
  0xF7F6, 0xF835, 0xF7D6, 0xF842,  0xF858, 0xF89C, 0xF919, 0xF91D,
  0xF92D, 0xF8CF, 0xF87C, 0xF818,  0xF715, 0xF676, 0xF52E, 0xF48D,
  0xF393, 0xF2A6, 0xF1E7, 0xF0CF,  0xF035, 0xEF30, 0xEE61, 0xED72,
  0xEC23, 0xEB54, 0xE9FE, 0xE8F6,  0xE7D4, 0xE6CF, 0xE620, 0xE60B,
  0xE5EF, 0xE690, 0xE751, 0xE8C1,  0xEA4C, 0xEBD4, 0xEE42, 0xEFE2,
  0xF2C0, 0xF4D4, 0xF88D, 0xFB5D,  0xFFB4, 0x0342, 0x08A0, 0x0D76,
  0x1269, 0x175C, 0x1B9E, 0x211A,  0x234F, 0x26CA, 0x273E, 0x287D,
  0x2732, 0x253C, 0x2285, 0x1E6B,  0x1AE6, 0x164D, 0x1255, 0x0E5E,
  0x0B04, 0x0855, 0x062C, 0x0498,  0x03D3, 0x02FD, 0x0305, 0x02FD,
  0x0334, 0x031D, 0x02ED, 0x0322,  0x02D7, 0x028E, 0x0259, 0x01E6,
  0x0232, 0x023E, 0x0280, 0x030F,  0x0396, 0x04E2, 0x057B, 0x06AE,
  0x0746, 0x0829, 0x08E4, 0x08DF,  0x08FD, 0x085F, 0x0789, 0x0665,
  0x04EE, 0x035D, 0x0169, 0xFF99,  0xFDE6, 0xFC43, 0xFB11, 0xF9B0,
  0xF92F, 0xF8BD, 0xF8E8, 0xF92E,  0xF98C, 0xFA52, 0xFAE5, 0xFB97,
  0xFBF7, 0xFC03, 0xFC1C, 0xFB78,  0xFB13, 0xFA06, 0xF8FA, 0xF7A7,
  0xF631, 0xF50C, 0xF36D, 0xF27C,  0xF14B, 0xF089, 0xEFE5, 0xEF60,
  0xEF06, 0xEE5D, 0xEDDF, 0xED5E,  0xEC81, 0xEBEF, 0xEAF5, 0xEA36,
  0xE942, 0xE8BC, 0xE873, 0xE864,  0xE917, 0xE9A8, 0xEADC, 0xEBD8,
  0xED50, 0xEEA4, 0xEFE6, 0xF1EC,  0xF388, 0xF641, 0xF887, 0xFBE5,
  0xFFB1, 0x03C8, 0x08FF, 0x0D79,  0x1308, 0x17CF, 0x1C90, 0x20A9,
  0x23B1, 0x25CD, 0x26C3, 0x260C,  0x24FB, 0x221E, 0x1EF9, 0x1AC5,
  0x1688, 0x1285, 0x0E3D, 0x0B32,  0x07D8, 0x060B, 0x0456, 0x03BD,
  0x0325, 0x0377, 0x0395, 0x044E,  0x0485, 0x04F2, 0x04E2, 0x04E6,
  0x04AF, 0x042E, 0x03DF, 0x02E7,  0x02F9, 0x0251, 0x02A7, 0x023C,
  0x0303, 0x037C, 0x048D, 0x0564,  0x0675, 0x0797, 0x0838, 0x08ED,
  0x08D7, 0x0889, 0x07C5, 0x0697,  0x050C, 0x032C, 0x012C, 0xFF51,
  0xFD32, 0xFBD3, 0xFA2D, 0xF977,  0xF890, 0xF8A9, 0xF8CB, 0xF955,
  0xFA22, 0xFAB7, 0xFBB7, 0xFC35,  0xFCCF, 0xFCF3, 0xFCEF, 0xFCA7,
  0xFC0A, 0xFB16, 0xFA2A, 0xF89B,  0xF791, 0xF5E0, 0xF4CD, 0xF346,
  0xF269, 0xF16B, 0xF08B, 0xF007,  0xEF71, 0xEF40, 0xEEBC, 0xEECD,
  0xEE5A, 0xEE45, 0xEDCB, 0xEDC7,  0xED06, 0xED07, 0xEC2C, 0xEC9C,
  0xEC37, 0xEC9F, 0xECE3, 0xED56,  0xEE43, 0xEEAE, 0xF010, 0xF0CE,
  0xF27C, 0xF3CB, 0xF670, 0xF81C,  0xFC2C, 0xFE23, 0x0340, 0x06BE,
  0x0BEB, 0x1069, 0x13FA, 0x19DE,  0x1C07, 0x2091, 0x2128, 0x22D7,
  0x2276, 0x20F1, 0x1F01, 0x1B47,  0x17F7, 0x144F, 0x104E, 0x0D52,
  0x09B7, 0x080F, 0x0644, 0x0544,  0x0557, 0x04C0, 0x05FD, 0x05BD,
  0x0704, 0x06F0, 0x0739, 0x0701,  0x0691, 0x060C, 0x051B, 0x03ED,
  0x0346, 0x027A, 0x021A, 0x021B,  0x0204, 0x0305, 0x0376, 0x04EC,
  0x05C9, 0x06E5, 0x080C, 0x0845,  0x08DC, 0x0854, 0x07D3, 0x06CC,
  0x04F5, 0x03B6, 0x0150, 0xFFD9,  0xFD57, 0xFB99, 0xFA76, 0xF934,
  0xF91F, 0xF8A8, 0xF932, 0xF9D1,  0xFA7E, 0xFB83, 0xFC09, 0xFCE0,
  0xFD45, 0xFD80, 0xFDC9, 0xFD2D,  0xFD05, 0xFC0C, 0xFB4E, 0xFA4D,
  0xF91D, 0xF804, 0xF6EA, 0xF5FD,  0xF534, 0xF434, 0xF392, 0xF2DC,
  0xF24D, 0xF1F6, 0xF100, 0xF115,  0xF04F, 0xF055, 0xEFB1, 0xEF63,
  0xEF15, 0xEEB1, 0xEE81, 0xEE38,  0xEE12, 0xEE51, 0xEE3B, 0xEED2,
  0xEF25, 0xEF87, 0xF07C, 0xF092,  0xF1A6, 0xF1D5, 0xF2BF, 0xF356,
  0xF470, 0xF61C, 0xF88D, 0xFABB,  0xFEEE, 0x02B7, 0x0812, 0x0CDF,
  0x1159, 0x173B, 0x1AA4, 0x1FA1,  0x20BE, 0x22E1, 0x22B1, 0x218E,
  0x1FB2, 0x1BA4, 0x18AB, 0x142A,  0x10BC, 0x0CFC, 0x09D9, 0x07E7,
  0x0633, 0x05AD, 0x0555, 0x0597,  0x065D, 0x06AF, 0x0795, 0x07AB,
  0x07B8, 0x0737, 0x0680, 0x059C,  0x046F, 0x02E6, 0x01EA, 0x00DC,
  0x0084, 0x0034, 0x0049, 0x014D,  0x0221, 0x03EB, 0x04CA, 0x0693,
  0x078C, 0x088F, 0x0904, 0x08BD,  0x0856, 0x070C, 0x05AF, 0x03BF,
  0x01BC, 0xFFB6, 0xFDAD, 0xFBFB,  0xFAD2, 0xF9FC, 0xF9C1, 0xF990,
  0xFA51, 0xFAEE, 0xFC1B, 0xFCDC,  0xFDEE, 0xFECE, 0xFF1E, 0xFF61,
  0xFEE3, 0xFE51, 0xFD55, 0xFC31,  0xFAFE, 0xF9B0, 0xF88B, 0xF772,
  0xF680, 0xF5CF, 0xF526, 0xF4A1,  0xF3F4, 0xF393, 0xF318, 0xF2B8,
  0xF232, 0xF191, 0xF108, 0xF052,  0xEF9B, 0xEEEC, 0xEE5E, 0xEE2D,
  0xEDEF, 0xEE4E, 0xEE5C, 0xEEE5,  0xEF61, 0xF008, 0xF080, 0xF127,
  0xF181, 0xF23D, 0xF2A7, 0xF322,  0xF3D7, 0xF46B, 0xF5B2, 0xF65A,
  0xF89E, 0xFA67, 0xFDD1, 0x0009,  0x04CF, 0x0895, 0x0D8C, 0x1162,
  0x152D, 0x1A0A, 0x1BFA, 0x1FA5,  0x1F15, 0x209D, 0x1F0C, 0x1D75,
  0x1A92, 0x16B5, 0x13FF, 0x0F95,  0x0CA8, 0x0910, 0x06F1, 0x0558,
  0x040B, 0x03C3, 0x03C9, 0x0451,  0x0542, 0x05A6, 0x06DB, 0x071F,
  0x0773, 0x0719, 0x066D, 0x05E4,  0x0477, 0x0337, 0x0227, 0x0126,
  0x00C0, 0x0051, 0x0098, 0x0170,  0x0232, 0x03C5, 0x04A4, 0x0663,
  0x0729, 0x081A, 0x0883, 0x0841,  0x0801, 0x0684, 0x0530, 0x0341,
  0x015A, 0xFF50, 0xFD3A, 0xFBEA,  0xFAE3, 0xFA2F, 0xFA40, 0xFA43,
  0xFB93, 0xFC3A, 0xFD7C, 0xFE65,  0xFF3A, 0xFFFD, 0xFFC1, 0xFFDC,
  0xFEEC, 0xFE31, 0xFCB4, 0xFB47,  0xF9A7, 0xF828, 0xF6E3, 0xF58A,
  0xF4B0, 0xF40E, 0xF391, 0xF322,  0xF2B1, 0xF2A3, 0xF257, 0xF218,
  0xF1A8, 0xF168, 0xF11C, 0xF0BA,  0xF074, 0xF037, 0xEFD7, 0xEFDD,
  0xEFC1, 0xEFFC, 0xF05F, 0xF0C7,  0xF193, 0xF229, 0xF2E9, 0xF3C6,
  0xF45E, 0xF500, 0xF597, 0xF629,  0xF6FE, 0xF76E, 0xF888, 0xF930,
  0xFA71, 0xFBCC, 0xFDF7, 0xFFF0,  0x0307, 0x060D, 0x0A68, 0x0E3B,
  0x11B7, 0x15C2, 0x1898, 0x1C5D,  0x1D00, 0x1E66, 0x1D88, 0x1CB9,
  0x1AA7, 0x1754, 0x143C, 0x103D,  0x0D21, 0x09B7, 0x06C1, 0x04EA,
  0x035B, 0x0314, 0x02F4, 0x0368,  0x048D, 0x0509, 0x068D, 0x06DB,
  0x07CA, 0x074B, 0x071F, 0x064C,  0x0598, 0x0444, 0x02EF, 0x01BE,
  0x00ED, 0x007E, 0xFFDE, 0x0058,  0x006E, 0x01F5, 0x026E, 0x042B,
  0x04D5, 0x0633, 0x06EB, 0x071F,  0x0750, 0x065D, 0x05C3, 0x0408,
  0x02C9, 0x0110, 0xFF6A, 0xFDC1,  0xFC9A, 0xFBE5, 0xFB8B, 0xFB37,
  0xFB84, 0xFC15, 0xFCC0, 0xFD7A,  0xFDE5, 0xFE5F, 0xFE66, 0xFE5C,
  0xFDD5, 0xFCF8, 0xFC04, 0xFAB4,  0xF9A4, 0xF862, 0xF753, 0xF65C,
  0xF56F, 0xF4E8, 0xF460, 0xF3E8,  0xF368, 0xF301, 0xF2F4, 0xF292,
  0xF26F, 0xF237, 0xF1F7, 0xF1F1,  0xF188, 0xF19A, 0xF129, 0xF169,
  0xF12E, 0xF195, 0xF1CE, 0xF250,  0xF2CB, 0xF370, 0xF3FE, 0xF4FB,
  0xF5A0, 0xF693, 0xF776, 0xF851,  0xF978, 0xFA07, 0xFB72, 0xFBE9,
  0xFD2C, 0xFE0E, 0xFFCB, 0x00E3,  0x02ED, 0x044D, 0x07B2, 0x09F3,
  0x0CEB, 0x0F62, 0x11D1, 0x1572,  0x1640, 0x189F, 0x17F8, 0x190E,
  0x1792, 0x1636, 0x13DE, 0x10EF,  0x0EA2, 0x0B72, 0x0904, 0x0685,
  0x04DA, 0x03E3, 0x0330, 0x0346,  0x03C8, 0x042F, 0x0552, 0x05BE,
  0x0710, 0x0705, 0x074D, 0x06D8,  0x0681, 0x05C1, 0x0498, 0x0344,
  0x0246, 0x0164, 0x00DD, 0x0052,  0x003D, 0x00EC, 0x0157, 0x02D6,
  0x0336, 0x04C3, 0x054A, 0x062D,  0x0658, 0x0609, 0x05EA, 0x04AB,
  0x03E2, 0x0287, 0x0150, 0x0004,  0xFE84, 0xFDB1, 0xFCFF, 0xFC92,
  0xFC60, 0xFC52, 0xFCE0, 0xFD1F,  0xFDAC, 0xFDD7, 0xFDEE, 0xFE19,
  0xFDCE, 0xFD61, 0xFC9A, 0xFBC3,  0xFAE1, 0xF9B4, 0xF8DA, 0xF7A3,
  0xF6C7, 0xF5C4, 0xF50B, 0xF48C,  0xF3FC, 0xF3D1, 0xF35C, 0xF387,
  0xF35D, 0xF377, 0xF351, 0xF35E,  0xF352, 0xF331, 0xF340, 0xF31D,
  0xF346, 0xF341, 0xF369, 0xF39C,  0xF3D2, 0xF42D, 0xF450, 0xF508,
  0xF552, 0xF5E3, 0xF643, 0xF6BD,  0xF780, 0xF7E3, 0xF8CE, 0xF908,
  0xFA39, 0xFACD, 0xFCAC, 0xFDAC,  0x000B, 0x01BD, 0x04A7, 0x07AC,
  0x09DB, 0x0D30, 0x0EC7, 0x1281,  0x1373, 0x1580, 0x15C7, 0x15D8,
  0x15CE, 0x141C, 0x12F3, 0x1039,  0x0E60, 0x0C3E, 0x0A01, 0x084F,
  0x0681, 0x05CF, 0x0550, 0x0502,  0x057C, 0x0583, 0x0667, 0x06B2,
  0x075A, 0x077E, 0x0754, 0x0723,  0x068B, 0x0602, 0x04F8, 0x040B,
  0x031F, 0x029D, 0x0216, 0x01E4,  0x01B4, 0x0228, 0x0262, 0x034E,
  0x0390, 0x042B, 0x0478, 0x0499,  0x04C0, 0x0441, 0x03E5, 0x02D1,
  0x025F, 0x014F, 0x00C0, 0xFFB0,  0xFF6C, 0xFF49, 0xFF10, 0xFF1D,
  0xFEEA, 0xFF3F, 0xFF32, 0xFF57,  0xFF1E, 0xFEDD, 0xFE8E, 0xFE18,
  0xFD72, 0xFCB7, 0xFBF4, 0xFB60,  0xFA98, 0xFA2C, 0xF98F, 0xF959,
  0xF911, 0xF8B9, 0xF89D, 0xF847,  0xF822, 0xF7AE, 0xF75C, 0xF6F2,
  0xF678, 0xF60F, 0xF5A6, 0xF53A,  0xF4F9, 0xF4A6, 0xF499, 0xF474,
  0xF4A7, 0xF4A4, 0xF4E6, 0xF514,  0xF573, 0xF5B6, 0xF5DA, 0xF637,
  0xF65E, 0xF6A4, 0xF6BA, 0xF6F5,  0xF728, 0xF778, 0xF78E, 0xF81E,
  0xF821, 0xF8DE, 0xF8F5, 0xF995,  0xF9CC, 0xFA40, 0xFB00, 0xFBA3,
  0xFD0D, 0xFE30, 0x003C, 0x01F4,  0x0548, 0x0782, 0x0ABC, 0x0D1D,
  0x1039, 0x12D4, 0x1473, 0x1645,  0x1645, 0x16FB, 0x15C0, 0x14C8,
  0x1266, 0x1048, 0x0E04, 0x0B97,  0x0951, 0x074F, 0x05EF, 0x0503,
  0x0463, 0x0441, 0x0452, 0x049E,  0x0535, 0x057B, 0x0610, 0x05FA,
  0x060E, 0x059E, 0x0542, 0x049D,  0x03C2, 0x02F6, 0x0225, 0x01A5,
  0x0135, 0x00EC, 0x00EA, 0x011A,  0x01AE, 0x0247, 0x02B3, 0x0358,
  0x03A9, 0x0417, 0x040E, 0x03E7,  0x036B, 0x02C4, 0x0222, 0x011B,
  0x0043, 0xFF3E, 0xFE98, 0xFDF0,  0xFDE6, 0xFDD4, 0xFDCD, 0xFDF2,
  0xFE3F, 0xFE89, 0xFE9E, 0xFE99,  0xFE76, 0xFE4B, 0xFDEB, 0xFD56,
  0xFC87, 0xFBC9, 0xFB1D, 0xFAC2,  0xFA24, 0xF9E6, 0xF98C, 0xF9B6,
  0xF9AB, 0xF999, 0xF962, 0xF906,  0xF8D0, 0xF844, 0xF7CA, 0xF6F5,
  0xF670, 0xF5EA, 0xF58B, 0xF519,  0xF4ED, 0xF4DC, 0xF520, 0xF552,
  0xF5DF, 0xF605, 0xF692, 0xF6F3,  0xF742, 0xF7B3, 0xF768, 0xF7EC,
  0xF7A4, 0xF812, 0xF7D6, 0xF801,  0xF7EE, 0xF80A, 0xF842, 0xF881,
  0xF8C9, 0xF948, 0xF9D6, 0xFA49,  0xFB6E, 0xFBFB, 0xFDCC, 0xFE68,
  0x00D4, 0x0282, 0x050D, 0x076A,  0x0966, 0x0C41, 0x0E2B, 0x10A1,
  0x11AA, 0x12BF, 0x132E, 0x1304,  0x1274, 0x1136, 0x0F9F, 0x0E18,
  0x0C1C, 0x0AB7, 0x08B0, 0x07B2,  0x0681, 0x05DF, 0x0597, 0x054E,
  0x05A2, 0x0593, 0x05F0, 0x061F,  0x0647, 0x0629, 0x05E5, 0x0577,
  0x0513, 0x0453, 0x03C8, 0x02ED,  0x0288, 0x022A, 0x01B9, 0x01A2,
  0x0171, 0x01C9, 0x0201, 0x0250,  0x02B3, 0x02F6, 0x0352, 0x035E,
  0x036E, 0x0325, 0x02D0, 0x023D,  0x019C, 0x00F6, 0x0015, 0xFF78,
  0xFEE7, 0xFEB6, 0xFE74, 0xFE57,  0xFE67, 0xFE9D, 0xFEF0, 0xFF17,
  0xFF1F, 0xFF48, 0xFF51, 0xFF38,  0xFED9, 0xFE59, 0xFDAD, 0xFCE3,
  0xFC22, 0xFB39, 0xFA50, 0xF9C5,  0xF925, 0xF905, 0xF89E, 0xF8B5,
  0xF89E, 0xF8B1, 0xF8CB, 0xF8C5,  0xF8DD, 0xF8C2, 0xF8A3, 0xF860,
  0xF806, 0xF7B5, 0xF740, 0xF714,  0xF6DD, 0xF6A5, 0xF695, 0xF63D,
  0xF697, 0xF66D, 0xF6F5, 0xF6C6,  0xF776, 0xF7DA, 0xF83D, 0xF887,
  0xF895, 0xF8F9, 0xF94B, 0xF9D8,  0xFA31, 0xFAB1, 0xFB19, 0xFBA0,
  0xFBBE, 0xFBE5, 0xFBD5, 0xFC0F,  0xFC07, 0xFC80, 0xFCBB, 0xFDCD,
  0xFEC5, 0x00B0, 0x0294, 0x04E5,  0x075F, 0x09C8, 0x0C86, 0x0E9E,
  0x10A8, 0x11D5, 0x12CB, 0x12D5,  0x129D, 0x115E, 0x1011, 0x0E1B,
  0x0C62, 0x0A51, 0x086D, 0x06DD,  0x0599, 0x0501, 0x0470, 0x0476,
  0x046C, 0x04B0, 0x04EA, 0x051D,  0x051B, 0x0509, 0x04D1, 0x0492,
  0x0420, 0x03BC, 0x0316, 0x02AA,  0x0221, 0x01BD, 0x0178, 0x013B,
  0x0147, 0x016A, 0x0190, 0x01FC,  0x0234, 0x02BC, 0x02E6, 0x0376,
  0x0380, 0x03AB, 0x0375, 0x030B,  0x02BA, 0x01FA, 0x017D, 0x0034,
  0x0003, 0xFF03, 0xFED5, 0xFE21,  0xFE52, 0xFE8A, 0xFE6B, 0xFEDE,
  0xFEC1, 0xFF50, 0xFF30, 0xFF53,  0xFEEE, 0xFE8E, 0xFE0C, 0xFD30,
  0xFC72, 0xFB79, 0xFAD9, 0xFA35,  0xF9B3, 0xF970, 0xF93C, 0xF95D,
  0xF98E, 0xF9B8, 0xF9EE, 0xF9F4,  0xF9FF, 0xF9C6, 0xF97F, 0xF90E,
  0xF87D, 0xF7FF, 0xF774, 0xF706,  0xF68A, 0xF636, 0xF616, 0xF633,
  0xF651, 0xF683, 0xF6C0, 0xF702,  0xF742, 0xF763, 0xF7A2, 0xF791,
  0xF7D6, 0xF7BE, 0xF802, 0xF815,  0xF894, 0xF8F8, 0xF96F, 0xF9F3,
  0xFA5E, 0xFB06, 0xFB61, 0xFC3B,  0xFCBF, 0xFDE5, 0xFEA4, 0xFFC4,
  0x00E4, 0x0265, 0x042F, 0x05D2,  0x07E2, 0x098E, 0x0B92, 0x0D17,
  0x0E78, 0x0F6A, 0x1001, 0x1021,  0x0FC8, 0x0F03, 0x0E0E, 0x0CCB,
  0x0B7A, 0x0A23, 0x08EB, 0x0807,  0x073D, 0x06E7, 0x06B0, 0x06B0,
  0x06D3, 0x06F4, 0x070A, 0x06EA,  0x06B8, 0x066D, 0x05D9, 0x0565,
  0x04A9, 0x0420, 0x0379, 0x02FF,  0x028A, 0x0212, 0x01D6, 0x0177,
  0x0170, 0x014D, 0x012D, 0x0114,  0x0117, 0x013B, 0x014D, 0x016F,
  0x0188, 0x0193, 0x019F, 0x0178,  0x013C, 0x00D8, 0x0087, 0x0004,
  0xFFC7, 0xFF3E, 0xFF1C, 0xFED9,  0xFEC5, 0xFEE7, 0xFEAC, 0xFF0F,
  0xFEDC, 0xFF4E, 0xFF11, 0xFF4E,  0xFEED, 0xFEAF, 0xFE47, 0xFD86,
  0xFCFD, 0xFC12, 0xFB94, 0xFAC5,  0xFA67, 0xF9F4, 0xF9B9, 0xF99E,
  0xF9A6, 0xF986, 0xF9A7, 0xF989,  0xF99D, 0xF968, 0xF959, 0xF909,
  0xF89D, 0xF843, 0xF7BF, 0xF74C,  0xF6D8, 0xF664, 0xF623, 0xF5F8,
  0xF5F3, 0xF62D, 0xF64C, 0xF704,  0xF738, 0xF82B, 0xF88D, 0xF965,
  0xFA0B, 0xFA9E, 0xFB07, 0xFB2E,  0xFB2C, 0xFB10, 0xFAE0, 0xFA94,
  0xFA81, 0xFA43, 0xFAA7, 0xFA80,  0xFBA8, 0xFC2E, 0xFDF5, 0xFF1D,
  0x017B, 0x03C1, 0x05C6, 0x084A,  0x09B4, 0x0C28, 0x0D2A, 0x0E75,
  0x0EC3, 0x0EB8, 0x0E88, 0x0D85,  0x0C93, 0x0B3A, 0x0A13, 0x090C,
  0x07DE, 0x073E, 0x0695, 0x068F,  0x066B, 0x068C, 0x06DA, 0x0727,
  0x077E, 0x07A5, 0x07BC, 0x07B2,  0x075D, 0x06E9, 0x064B, 0x0587,
  0x04CC, 0x03DA, 0x0319, 0x0262,  0x0204, 0x0197, 0x014D, 0x014F,
  0x016E, 0x019B, 0x01E6, 0x020C,  0x0282, 0x02A1, 0x02E7, 0x02A6,
  0x0291, 0x0211, 0x01B1, 0x0128,  0x009A, 0x0025, 0xFF90, 0xFF76,
  0xFF25, 0xFF49, 0xFF32, 0xFF83,  0xFF79, 0xFFBC, 0xFFCD, 0xFFDD,
  0xFFCE, 0xFFBA, 0xFF64, 0xFEDD,  0xFE34, 0xFD7B, 0xFCC0, 0xFBB4,
  0xFB0D, 0xFA12, 0xF999, 0xF90B,  0xF8BF, 0xF89F, 0xF895, 0xF8D7,
  0xF903, 0xF940, 0xF9A0, 0xF9AA,  0xF9E8, 0xF9C0, 0xF9AC, 0xF933,
  0xF8D5, 0xF862, 0xF7CD, 0xF772,  0xF6F6, 0xF6BA, 0xF697, 0xF6B5,
  0xF6F5, 0xF76D, 0xF7EF, 0xF8D1,  0xF96B, 0xFA74, 0xFB03, 0xFBD7,
  0xFC70, 0xFCDE, 0xFD22, 0xFD1C,  0xFCF6, 0xFCA8, 0xFC4D, 0xFBC7,
  0xFB65, 0xFADC, 0xFAB7, 0xFA32,  0xFAD0, 0xFAC4, 0xFBD9, 0xFC89,
  0xFE5F, 0x002B, 0x01C5, 0x0432,  0x0599, 0x0854, 0x097E, 0x0B46,
  0x0C1D, 0x0CA7, 0x0D32, 0x0C85,  0x0C52, 0x0B5C, 0x0AB8, 0x09F5,
  0x0905, 0x08AF, 0x0804, 0x0843,  0x07F9, 0x0859, 0x08BF, 0x0935,
  0x09CB, 0x09DE, 0x0A51, 0x0A0D,  0x09F1, 0x0930, 0x0890, 0x077D,
  0x06A7, 0x0586, 0x04A2, 0x03BD,  0x031C, 0x02A8, 0x021E, 0x023B,
  0x01F1, 0x0236, 0x021F, 0x0258,  0x0262, 0x0245, 0x0245, 0x01B9,
  0x0191, 0x00D4, 0x0060, 0xFF91,  0xFF04, 0xFE6A, 0xFDE0, 0xFDB4,
  0xFD5A, 0xFD92, 0xFD8C, 0xFE04,  0xFE1A, 0xFE6E, 0xFEA5, 0xFEC8,
  0xFEED, 0xFEC3, 0xFE87, 0xFE0C,  0xFD83, 0xFCD0, 0xFC06, 0xFB33,
  0xFA71, 0xF9DA, 0xF968, 0xF909,  0xF8EE, 0xF8D7, 0xF905, 0xF91D,
  0xF955, 0xF956, 0xF952, 0xF936,  0xF8C9, 0xF870, 0xF7C0, 0xF72F,
  0xF68D, 0xF61C, 0xF5B4, 0xF576,  0xF57D, 0xF5BB, 0xF641, 0xF6D2,
  0xF7AB, 0xF875, 0xF942, 0xFA0E,  0xFA63, 0xFAAD, 0xFA7E, 0xFA86,
  0xF9FF, 0xF9D1, 0xF970, 0xF927,  0xF936, 0xF949, 0xFA62, 0xFADC,
  0xFCAD, 0xFE05, 0x0080, 0x0291,  0x04A3, 0x06DD, 0x089D, 0x0ACE,
  0x0B95, 0x0CB5, 0x0CAF, 0x0CEA,  0x0C30, 0x0B54, 0x0A3D, 0x08F3,
  0x0819, 0x06E0, 0x0650, 0x059C,  0x05C7, 0x05E1, 0x0669, 0x0725,
  0x07EA, 0x08CD, 0x094C, 0x09DF,  0x09FC, 0x09E4, 0x096E, 0x0895,
  0x07C8, 0x068D, 0x0577, 0x0419,  0x032F, 0x024F, 0x01A7, 0x0148,
  0x00FB, 0x014A, 0x0162, 0x01E1,  0x022F, 0x029D, 0x02E7, 0x0306,
  0x0308, 0x02C1, 0x0267, 0x01CC,  0x012B, 0x007A, 0xFFE8, 0xFF39,
  0xFEE8, 0xFEA7, 0xFEC9, 0xFEC8,  0xFF33, 0xFF90, 0x0008, 0x009A,
  0x00C7, 0x0119, 0x00ED, 0x00E8,  0x002F, 0xFF77, 0xFEA1, 0xFDBB,
  0xFD02, 0xFC24, 0xFB6E, 0xFADC,  0xFA6C, 0xFA45, 0xFA36, 0xFA58,
  0xFA7B, 0xFABE, 0xFB25, 0xFB45,  0xFB94, 0xFB98, 0xFBC3, 0xFBA1,
  0xFBB6, 0xFB68, 0xFB46, 0xFAF8,  0xFA9D, 0xFA39, 0xF9C1, 0xF97E,
  0xF911, 0xF8FE, 0xF8CB, 0xF907,  0xF92C, 0xF995, 0xFA08, 0xFA7D,
  0xFB10, 0xFB50, 0xFBB7, 0xFBCC,  0xFBEA, 0xFBDC, 0xFBB3, 0xFB9C,
  0xFB34, 0xFB24, 0xFAFD, 0xFB14,  0xFB28, 0xFB51, 0xFBA5, 0xFBD5,
  0xFC3E, 0xFC7D, 0xFD01, 0xFD71,  0xFE4B, 0xFF09, 0xFFA8, 0x00A6,
  0x014D, 0x0260, 0x0318, 0x03E2,  0x04AA, 0x054C, 0x05E8, 0x05FB,
  0x064F, 0x0633, 0x0667, 0x063A,  0x065D, 0x0671, 0x0696, 0x06F9,
  0x0739, 0x07CD, 0x084F, 0x090A,  0x09B5, 0x0A5E, 0x0AF8, 0x0B41,
  0x0B7E, 0x0B38, 0x0AD6, 0x0A02,  0x091F, 0x07F9, 0x06BD, 0x059D,
  0x0493, 0x03CA, 0x0318, 0x02C0,  0x0290, 0x02AC, 0x02D2, 0x031B,
  0x0355, 0x0387, 0x039F, 0x0394,  0x0370, 0x0323, 0x02B3, 0x022F,
  0x0192, 0x00F5, 0x003F, 0xFF6A,  0xFED9, 0xFE10, 0xFD76, 0xFC9B,
  0xFC47, 0xFC04, 0xFBFC, 0xFC07,  0xFC8D, 0xFD27, 0xFD7B, 0xFDF5,
  0xFE13, 0xFE4E, 0xFE2F, 0xFDF4,  0xFD66, 0xFCF0, 0xFC72, 0xFBDF,
  0xFB55, 0xFAEA, 0xFAD4, 0xFAAE,  0xFAD9, 0xFAF4, 0xFB67, 0xFBC3,
  0xFC24, 0xFC30, 0xFC30, 0xFBFD,  0xFB7A, 0xFADF, 0xFA1C, 0xF98D,
  0xF8CD, 0xF878, 0xF813, 0xF81A,  0xF812, 0xF852, 0xF89A, 0xF90D,
  0xF96C, 0xF9A6, 0xF9A4, 0xF9A6,  0xF94D, 0xF8E4, 0xF85E, 0xF7E8,
  0xF785, 0xF6F6, 0xF6F1, 0xF6C7,  0xF786, 0xF804, 0xF98B, 0xFAF9,
  0xFD36, 0xFF10, 0x00F6, 0x0330,  0x04A8, 0x0682, 0x0723, 0x0823,
  0x0817, 0x0815, 0x076F, 0x06A8,  0x0605, 0x0552, 0x0536, 0x04DD,
  0x0564, 0x0602, 0x0712, 0x084D,  0x09A0, 0x0B2C, 0x0C5C, 0x0D61,
  0x0DDD, 0x0DF5, 0x0DBB, 0x0CD4,  0x0B97, 0x09F8, 0x0867, 0x06B9,
  0x0541, 0x0414, 0x0347, 0x0308,  0x02E5, 0x0343, 0x0399, 0x0436,
  0x046A, 0x04C5, 0x04E1, 0x04A8,  0x0464, 0x03AA, 0x02F7, 0x01D7,
  0x00F6, 0xFFDE, 0xFF10, 0xFE69,  0xFE2A, 0xFE25, 0xFE24, 0xFE66,
  0xFEB1, 0xFF28, 0xFF6A, 0xFFAD,  0xFFBA, 0xFFAE, 0xFF4D, 0xFEBD,
  0xFE1E, 0xFD74, 0xFCF0, 0xFC68,  0xFC45, 0xFC3A, 0xFC21, 0xFC42,
  0xFC50, 0xFC94, 0xFC90, 0xFC71,  0xFC27, 0xFBC6, 0xFB5F, 0xFAB9,
  0xFA2E, 0xF97B, 0xF90C, 0xF8AD,  0xF85A, 0xF837, 0xF816, 0xF884,
  0xF8C4, 0xF93A, 0xF9B6, 0xFA03,  0xFA87, 0xFAB6, 0xFB1D, 0xFB0A,
  0xFB34, 0xFB1B, 0xFB04, 0xFB00,  0xFADB, 0xFADB, 0xFAC5, 0xFAF1,
  0xFB05, 0xFB41, 0xFB58, 0xFB9D,  0xFBDC, 0xFC4E, 0xFCD1, 0xFD55,
  0xFE09, 0xFE9F, 0xFF78, 0x0009,  0x00B2, 0x0125, 0x019D, 0x0239,
  0x028B, 0x0310, 0x030B, 0x0350,  0x0329, 0x0349, 0x034A, 0x0344,
  0x037B, 0x03A9, 0x0426, 0x047D,  0x050D, 0x05AF, 0x0637, 0x0709,
  0x0793, 0x0837, 0x0888, 0x08B5,  0x08DC, 0x0894, 0x083E, 0x076E,
  0x06E7, 0x0640, 0x05D1, 0x0553,  0x0528, 0x050C, 0x051D, 0x0567,
  0x058B, 0x05E8, 0x05E9, 0x062B,  0x05F6, 0x05E1, 0x058C, 0x050D,
  0x0477, 0x03C6, 0x033B, 0x028C,  0x020D, 0x01B3, 0x0177, 0x013A,
  0x00CF, 0x0076, 0xFFFB, 0xFFB6,  0xFF28, 0xFE8D, 0xFE1E, 0xFD7C,
  0xFD2B, 0xFCA7, 0xFC74, 0xFC3F,  0xFC63, 0xFC98, 0xFCD2, 0xFD58,
  0xFD67, 0xFD93, 0xFD5F, 0xFD2D,  0xFC81, 0xFBB6, 0xFB20, 0xFA4A,
  0xFA15, 0xF982, 0xF990, 0xF993,  0xF9FB, 0xFA6A, 0xFAC7, 0xFB80,
  0xFBAB, 0xFC52, 0xFC39, 0xFC60,  0xFBD1, 0xFB42, 0xFA9B, 0xF9F8,
  0xF9F0, 0xF99F, 0xF9E9, 0xFA2B,  0xFAD6, 0xFB6A, 0xFBF2, 0xFC95,
  0xFD03, 0xFD68, 0xFD25, 0xFD1A,  0xFC8C, 0xFC13, 0xFB81, 0xFB01,
  0xFADF, 0xFAA1, 0xFAE4, 0xFB3F,  0xFC47, 0xFD3A, 0xFE92, 0xFFB4,
  0x011A, 0x0234, 0x02E9, 0x0396,  0x03C1, 0x0438, 0x0417, 0x040F,
  0x039B, 0x0352, 0x02FD, 0x02A9,  0x02BA, 0x02FD, 0x0380, 0x0414,
  0x04C6, 0x058A, 0x063E, 0x06D0,  0x0728, 0x0761, 0x0767, 0x072A,
  0x06F2, 0x066F, 0x0633, 0x05B9,  0x059A, 0x0578, 0x0570, 0x05C2,
  0x05E7, 0x0641, 0x0642, 0x063E,  0x05D1, 0x0555, 0x04CC, 0x0403,
  0x0371, 0x02CD, 0x027D, 0x023F,  0x022A, 0x023B, 0x0237, 0x0249,
  0x0219, 0x01EB, 0x0183, 0x00E8,  0x006A, 0xFFC7, 0xFF2A, 0xFE84,
  0xFDEE, 0xFDA3, 0xFD9F, 0xFDDC,  0xFE3E, 0xFEBE, 0xFF22, 0xFF7E,
  0xFF7A, 0xFF1F, 0xFE89, 0xFD97,  0xFCBB, 0xFBB2, 0xFAC3, 0xF9CB,
  0xF91B, 0xF8E6, 0xF8F9, 0xF981,  0xFA38, 0xFB3B, 0xFC3E, 0xFD1F,
  0xFDC5, 0xFE32, 0xFE5F, 0xFE16,  0xFD84, 0xFC90, 0xFB9A, 0xFAB7,
  0xF9EC, 0xF95C, 0xF908, 0xF935,  0xF98B, 0xFA43, 0xFB23, 0xFC47,
  0xFD3E, 0xFE1B, 0xFEBD, 0xFF3A,  0xFF35, 0xFEFC, 0xFE99, 0xFE17,
  0xFD92, 0xFD05, 0xFCBE, 0xFC96,  0xFCD9, 0xFD30, 0xFDEF, 0xFEBB,
  0xFFC0, 0x00AA, 0x017B, 0x0228,  0x0299, 0x02DF, 0x02EB, 0x02E3,
  0x0280, 0x022F, 0x01B5, 0x01A0,  0x0189, 0x01AB, 0x01ED, 0x0231,
  0x02BD, 0x033E, 0x03C0, 0x0415,  0x0467, 0x0491, 0x049A, 0x0462,
  0x0402, 0x03B5, 0x0379, 0x0344,  0x035E, 0x0373, 0x03A0, 0x03E1,
  0x044E, 0x0498, 0x04C7, 0x04DE,  0x04CB, 0x0486, 0x03FE, 0x035C,
  0x02B1, 0x023F, 0x01E9, 0x01CC,  0x020A, 0x0274, 0x02C6, 0x0338,
  0x0349, 0x0353, 0x02F0, 0x0277,  0x01A4, 0x00E6, 0x0004, 0xFF2B,
  0xFEBF, 0xFE57, 0xFE6F, 0xFE84,  0xFED3, 0xFF33, 0xFF9F, 0xFFE0,
  0xFFC7, 0xFF89, 0xFF07, 0xFE79,  0xFD9E, 0xFD0C, 0xFC3B, 0xFC02,
  0xFBB9, 0xFBDA, 0xFC42, 0xFCAE,  0xFD7E, 0xFDE3, 0xFE6C, 0xFE12,
  0xFE1C, 0xFDAB, 0xFD38, 0xFC94,  0xFC94, 0xFCA7, 0xFC67, 0xFCB8,
  0xFCA6, 0xFD70, 0xFDCA, 0xFE1C,  0xFE32, 0xFE64, 0xFE71, 0xFE21,
  0xFDFC, 0xFDA0, 0xFD8D, 0xFD57,  0xFD51, 0xFD3B, 0xFD73, 0xFDB8,
  0xFDF0, 0xFE26, 0xFE3B, 0xFE5F,  0xFE61, 0xFE96, 0xFEB0, 0xFED2,
  0xFEEB, 0xFF16, 0xFF3F, 0xFF66,  0xFF81, 0xFFBE, 0x000C, 0x0045,
  0x008E, 0x00DA, 0x0102, 0x011A,  0x0156, 0x0182, 0x01AF, 0x0203,
  0x0221, 0x026F, 0x02A3, 0x02CC,  0x02DE, 0x0303, 0x02E7, 0x02B2,
  0x027A, 0x0226, 0x01F3, 0x01D3,  0x01DB, 0x0205, 0x025B, 0x02AE,
  0x0314, 0x035C, 0x0360, 0x034B,  0x0349, 0x0310, 0x02B9, 0x0254,
  0x01DC, 0x01B5, 0x0160, 0x013F,  0x013F, 0x0150, 0x014E, 0x014C,
  0x0166, 0x015F, 0x0185, 0x0131,  0x011C, 0x00F9, 0x00C6, 0x00A4,
  0x0073, 0x0077, 0x0045, 0x002A,  0xFFFE, 0xFFDD, 0xFFB0, 0xFF42,
  0xFF09, 0xFEE5, 0xFEB6, 0xFEA8,  0xFECF, 0xFF2A, 0xFF7D, 0xFFC5,
  0xFFFB, 0x0029, 0x003F, 0xFFED,  0xFF6B, 0xFEF5, 0xFE6D, 0xFDC2,
  0xFD2A, 0xFCF5, 0xFCE0, 0xFD1A,  0xFD4B, 0xFDBD, 0xFE5E, 0xFEF1,
  0xFF34, 0xFF77, 0xFF91, 0xFF4D,  0xFF2B, 0xFEDF, 0xFE9C, 0xFE62,
  0xFE40, 0xFE1D, 0xFE2A, 0xFE39,  0xFE4D, 0xFE9D, 0xFEC4, 0xFEE7,
  0xFEF5, 0xFEF6, 0xFED0, 0xFEDC,  0xFECE, 0xFEE6, 0xFF1C, 0xFF40,
  0xFF62, 0xFF7D, 0xFF98, 0xFF99,  0xFF9C, 0xFF80, 0xFF6E, 0xFF58,
  0xFF71, 0xFF9D, 0xFFCF, 0x0028,  0x0051, 0x009E, 0x00CC, 0x0110,
  0x013C, 0x0128, 0x0118, 0x00DD,  0x00AC, 0x0067, 0x0024, 0xFFFD,
  0x0004, 0x0028, 0x005E, 0x00A1,  0x00FD, 0x0138, 0x0179, 0x019C,
  0x01B9, 0x01BE, 0x01B7, 0x01AC,  0x0183, 0x016D, 0x012A, 0x012D,
  0x0117, 0x010D, 0x00F2, 0x00DD,  0x00E5, 0x00EF, 0x00F8, 0x00EC,
  0x00F8, 0x0102, 0x0104, 0x00E7,  0x00F7, 0x0103, 0x0122, 0x0134,
  0x0136, 0x012B, 0x00F7, 0x00BB,  0x0078, 0x0017, 0xFFBF, 0xFF8B,
  0xFF80, 0xFF75, 0xFF7B, 0xFFA0,  0xFFCD, 0x0014, 0x003C, 0x0057,
  0x0051, 0x0039, 0x0006, 0xFFD4,  0xFF6B, 0xFEFC, 0xFE8C, 0xFE56,
  0xFE28, 0xFE2B, 0xFE3F, 0xFE8E,  0xFEE6, 0xFF16, 0xFF6C, 0xFF86,
  0xFFCD, 0xFFB6, 0xFF9B, 0xFF5B,  0xFF19, 0xFEF5, 0xFECE, 0xFF24,
  0xFF71, 0xFFD5, 0x000E, 0x0046,  0x0045, 0x000D, 0xFFDF, 0xFF97,
  0xFF88, 0xFF4C, 0xFF22, 0xFF0B,  0xFF13, 0xFF54, 0xFF7F, 0xFFE0,
  0x0011, 0x004F, 0x006E, 0x007D,  0x0053, 0x0014, 0xFFD1, 0xFF8E,
  0xFF4E, 0xFF20, 0xFF12, 0xFF33,  0xFF6C, 0xFFA3, 0xFFE8, 0x0015,
  0x0027, 0x0011, 0xFFF9, 0xFFE8,  0xFFE4, 0xFFC9, 0xFFCA, 0x0003,
  0x0048, 0x0094, 0x00D7, 0x0136,  0x017C, 0x01AA, 0x01B5, 0x0187,
  0x0168, 0x011C, 0x00C5, 0x005E,  0x0019, 0xFFF5, 0xFFC5, 0xFFC6,
  0xFFC1, 0xFFCE, 0xFFE5, 0xFFF2,  0xFFFB, 0x0012, 0x000F, 0x001D,
  0x0049, 0x0080, 0x00C6, 0x00FB,  0x012E, 0x0133, 0x0116, 0x00BA,
  0x0059, 0xFFE3, 0xFF77, 0xFF14,  0xFEFA, 0xFF17, 0xFF40, 0xFF91,
  0xFFC9, 0x0020, 0x005D, 0x005E,  0x0066, 0x0046, 0x0026, 0xFFF6,
  0xFFC6, 0xFFA3, 0xFF90, 0xFF94,  0xFFA6, 0xFFC3, 0xFFF3, 0xFFFD,
  0x0016, 0x0011, 0x0014, 0xFFF7,  0xFFEE, 0xFFE6, 0xFFE6, 0xFFE8,
  0xFFDD, 0xFFE5, 0xFFEE, 0xFFFB,  0xFFEF, 0xFFF3, 0xFFE9, 0xFFD1,
  0xFFC4, 0xFFBB, 0xFFBA, 0xFFB8,  0xFFCC, 0xFFEE, 0xFFFC, 0xFFDB,
  0xFFC6, 0xFFA8, 0xFFA6, 0xFF89,  0xFF9D, 0xFFBC, 0xFFCA, 0xFFD5,
  0xFFDD, 0x0004, 0x002A, 0x0028,  0x002D, 0x002E, 0x002F, 0x0025,
  0x0021, 0x001B, 0x000A, 0x000D,  0x001D, 0x003E, 0x0060, 0x0077,
  0x0074, 0x0077, 0x005A, 0x0025,  0xFFEB, 0xFFB9, 0xFF9B, 0xFF78,
  0xFF70, 0xFF6B, 0xFF86, 0xFFA3,  0xFFBD, 0xFFD8, 0xFFFF, 0x0029,
  0x0053, 0x007F, 0x0086, 0x0096,  0x009E, 0x008F, 0x0075, 0x005F,
  0x002C, 0x0008, 0xFFE8, 0xFFC2,  0xFFAB, 0xFF95, 0xFF87, 0xFF8D,
  0xFFA8, 0xFFB5, 0xFFCC, 0xFFE0,  0x0006, 0x002A, 0x0034, 0x0045,
  0x004A, 0x0053, 0x003C, 0x0021,  0x000B, 0xFFF3, 0xFFE5, 0xFFD8,
  0xFFE1, 0xFFEF, 0x0005, 0x0016,  0x0024, 0x0036, 0x0032, 0x0028,
  0x0012, 0xFFFC, 0xFFEA, 0xFFE4,  0xFFE4, 0xFFE5, 0xFFF0, 0x0013,
  0x0022, 0x0026, 0x0028, 0x001F,  0x0008, 0xFFE6, 0xFFC4, 0xFFC0,
  0xFFB5, 0xFFBB, 0xFFC3, 0xFFCE,  0xFFC3, 0xFFAD, 0xFFB1, 0xFFC3,
  0xFFF4, 0x0011, 0x0031, 0x004D,  0x005E, 0x0056, 0x0040, 0x0018,
  0x0006, 0xFFF4, 0xFFE8, 0xFFF3,  0x0003, 0x000F, 0x0003, 0x000B,
  0x0016, 0x0004, 0xFFE9, 0xFFE7,  0xFFF7, 0x0003, 0x0005, 0x0009,
  0x0011, 0x0015, 0x0002, 0x0001,  0x0004, 0x000C, 0x0011, 0x000D,
  0x000E, 0x0008, 0xFFF7, 0xFFEA,  0xFFF8, 0x000C, 0x0020, 0x0024,
  0x0034, 0x0032, 0x002E, 0x0012,  0xFFF7, 0xFFED, 0xFFE0, 0xFFE1,
  0xFFE6, 0x0006, 0x001D, 0x003F,  0x0040, 0x004C, 0x004C, 0x0045,
  0x003B, 0x002A, 0x0014, 0x0009,  0x0001, 0x0003, 0xFFF8, 0x0000,
  0x0000, 0x000F, 0x000C, 0x0002,  0xFFF6, 0xFFED, 0xFFD9, 0xFFC8,
  0xFFC9, 0xFFD0, 0xFFE1, 0xFFF4,  0x0000, 0x000A, 0x0001, 0xFFFD,
  0xFFF2, 0xFFEC, 0xFFDD, 0xFFCA,  0xFFC5, 0xFFBF, 0xFFC3, 0xFFCA,
  0xFFC9, 0xFFCF, 0xFFD1, 0xFFD4,  0xFFE8, 0xFFFC, 0x0010, 0x0019,
  0x0024, 0x0020, 0x001C, 0x0009,  0x0001, 0xFFF9, 0xFFED, 0xFFE3,
  0xFFD4, 0xFFD0, 0xFFC9, 0xFFD6,  0xFFE6, 0x0007, 0x001D, 0x0030,
  0x0032, 0x0039, 0x002F, 0x0028,  0x000F, 0xFFF8, 0xFFDB, 0xFFC2,
  0xFFB2, 0xFF9E, 0xFF9C, 0xFFA2,  0xFFC8, 0xFFE3, 0x0011, 0x002C,
  0x0046, 0x0053, 0x004C, 0x0040,  0x002D, 0x0015, 0xFFFA, 0xFFE1,
  0xFFD3, 0xFFD0, 0xFFCA, 0xFFDB,  0xFFEC, 0x000E, 0x0022, 0x003E,
  0x0047, 0x0054, 0x004D, 0x0038,  0x002B, 0x0019, 0x0002, 0xFFEE,
  0xFFE8, 0xFFED, 0xFFF7, 0xFFFD,  0x000F, 0x002B, 0x0036, 0x0043,
  0x0049, 0x0048, 0x0044, 0x0031,  0x001E, 0x000A, 0xFFEF, 0xFFDB,
  0xFFC5, 0xFFC0, 0xFFBC, 0xFFC1,  0xFFC2, 0xFFD8, 0xFFE5, 0xFFF4,
  0x0002, 0x000E, 0x000E, 0x000F,  0x000F, 0x0010, 0x0004, 0xFFFD,
  0xFFF4, 0xFFED, 0xFFEC, 0xFFE5,  0xFFE5, 0xFFEA, 0xFFEE, 0xFFF8,
  0xFFFB, 0x0001, 0x0002, 0x000A,  0x000B, 0x0007, 0x000E, 0x0004,
  0x0005, 0x0002, 0xFFFF, 0x0005,  0xFFFE, 0x0005, 0x0007, 0x000D,
  0x000D, 0x0009, 0x0008, 0x000A,  0x000C, 0x000A, 0x0009, 0xFFFE,
  0x0001, 0xFFFF, 0x0005, 0x0007,  0x000E, 0x0016, 0x000B, 0x0012,
  0x000B, 0x0010, 0x000D, 0x000E,  0x0003, 0xFFFE, 0xFFFB, 0xFFF8,
  0xFFFB, 0xFFFB, 0xFFFE, 0xFFFE,  0x0001, 0x0003, 0x0009, 0xFFFE,
  0xFFFC, 0xFFF1, 0xFFF5, 0xFFE4,  0xFFEC, 0xFFEC, 0xFFF3, 0xFFFA,
  0xFFFB, 0x0000, 0x0002, 0x0001,  0x0001, 0x0006, 0x0007, 0x0005,
  0xFFFF, 0xFFFF, 0xFFFB, 0xFFEE,  0xFFF4, 0xFFEA, 0xFFEA, 0xFFE8,
  0xFFE9, 0xFFF4, 0xFFFA, 0xFFFF,  0x0008, 0x000F, 0x000F, 0x0011,
  0x000D, 0x000E, 0x000C, 0x0004,  0xFFFF, 0x0000, 0xFFFA, 0xFFFA,
  0xFFF1, 0xFFFC, 0xFFF7, 0xFFFB,  0xFFF7, 0xFFFA, 0xFFFE, 0xFFFF,
  0x0004, 0x0004, 0x0010, 0x0009,  0x000E, 0x0009, 0x0009, 0x000F,
  0x000E, 0x0011, 0x0011, 0x0015,  0x0012, 0x0007, 0x0009, 0x0007,
  0x0007, 0x0009, 0x0005, 0x000D,  0x000A, 0x000B, 0x000D, 0x000A,
  0x0006, 0x0004, 0xFFFE, 0x0001,  0xFFF9, 0xFFF7, 0xFFF3, 0xFFF5,
  0xFFF2, 0xFFF0, 0xFFF2, 0xFFEF,  0xFFF2, 0xFFF1, 0xFFF9, 0xFFFA,
  0x0003, 0xFFFD, 0x000C, 0x0004,  0x0009, 0xFFFF, 0xFFFC, 0x0001,
  0x0003, 0xFFFE, 0xFFFE, 0xFFFE,  0xFFFB, 0xFFF7, 0xFFFA, 0xFFFD,
  0xFFFE, 0x0002, 0x0001, 0x0004,  0x0008, 0x0004, 0x0007, 0x0002,
  0x0003, 0xFFFE, 0x0004, 0xFFFD,  0x0002, 0xFFFD, 0xFFFC, 0xFFFB,
  0xFFFD, 0xFFFA, 0x0000, 0xFFFD,  0x0002, 0x0001, 0x0001, 0x0003,
  0x0003, 0x0001, 0xFFFF, 0x0002,  0xFFFD, 0x0000, 0xFFFD, 0x0000,
  0xFFFD, 0x0000, 0xFFFA, 0x0006,  0xFFFF, 0xFFFE, 0x0001, 0x0000,
  0xFFFD, 0x0005, 0xFFFB, 0x0006,  0x0003, 0x0006, 0x000A, 0x0009,
  0x000C, 0x0007, 0x000D, 0x0003,  0x0005, 0xFFFF, 0xFFFC, 0xFFFD,
  0xFFFB, 0xFFFB, 0xFFFC, 0xFFFC,  0xFFFF, 0xFFFA, 0x0003, 0xFFFD,
  0x0002, 0xFFFF, 0x0005, 0x0007,  0x000C, 0x0005, 0x0007, 0x0006,
  0x0005, 0x0005, 0xFFFE, 0x0003,  0xFFFC, 0x0008, 0x0004, 0x0000,
  0x0002, 0xFFFC, 0x0009, 0xFFFE,  0x000A, 0x0003, 0x0004, 0x0002,
  0x0003, 0x0000, 0x0000, 0xFFFE,  0xFFFF, 0xFFFB, 0xFFFE, 0xFFFA,
  0x0001, 0xFFF9, 0xFFFD, 0xFFFA,  0xFFF9, 0xFFFA, 0xFFFC, 0xFFF7,
  0xFFFE, 0xFFF9, 0xFFFC, 0xFFFA,  0xFFFD, 0xFFFB, 0x0001, 0xFFFF,
  0xFFFF, 0xFFFF, 0x0001, 0xFFFF,  0xFFFE, 0xFFFA, 0xFFFB, 0xFFFD,
  0xFFFF, 0xFFFE, 0xFFFD, 0xFFFF,  0xFFFE, 0x0000, 0x0003, 0x0000,
  0x0001, 0x0000, 0xFFFF, 0xFFFB,  0xFFFF, 0xFFFD, 0xFFFD, 0xFFFE,
  0xFFFC, 0xFFFD, 0xFFFE, 0x0000,  0xFFFF, 0x0002, 0x0002, 0x0001,
  0x0001, 0x0003, 0xFFFF, 0x0004,  0x0005, 0x000F, 0x0005, 0x0006,
  0xFFFE, 0x0001, 0xFFFD, 0xFFF9,  0x0001, 0x0006, 0x0007, 0x000A,
  0x0005, 0x0008, 0x000A, 0x0008,  0x0006, 0x0007, 0x0003, 0x0005,
  0x0007, 0x0003, 0x0003, 0x0001,  0x0006, 0x0005, 0x0008, 0x000A,
  0x0005, 0x0008, 0x0005, 0x0002,  0x0003, 0x0001, 0xFFFE, 0x0001,
  0xFFFA, 0x0000, 0xFFFC, 0xFFFC,  0x0000, 0xFFF9, 0xFFFE, 0xFFFE,
  0xFFFF, 0x0000, 0x0000, 0xFFFE,  0xFFFF, 0x0001, 0xFFFD, 0x0002,
  0xFFFE, 0x0001, 0xFFFF, 0x0000,  0x0000, 0xFFFF, 0x0000, 0xFFFE,
  0xFFFF, 0x0000, 0x0001, 0xFFFE,  0xFFFF, 0x0000, 0xFFFE, 0x0003,
  0xFFFE, 0x0006, 0xFFFD, 0x0005,  0xFFFE, 0x0000, 0xFFFD, 0x0000,
  0x0000, 0x0001, 0x0000, 0x0002,  0x0000, 0x0006, 0x0002, 0x0002,
  0x0003, 0x0001, 0x0000, 0x0001,  0xFFFE, 0x0001, 0xFFFD, 0xFFFE,
  0xFFFE, 0xFFF9, 0xFFFB, 0xFFFD,  0xFFFC, 0xFFF9, 0xFFFF, 0xFFFA,
  0xFFFF, 0xFFFB, 0xFFFC, 0xFFFD,  0xFFFB, 0xFFFD, 0xFFFB, 0xFFFD,
  0xFFFB, 0xFFFD, 0xFFFB, 0xFFFF,  0xFFFC, 0x0001, 0xFFFD, 0xFFFF,
  0xFFFE, 0xFFFF, 0xFFFE, 0xFFFF,  0xFFFF, 0x0003, 0x0000, 0x0003,
  0xFFFF, 0x0003, 0xFFFF, 0x0001,  0xFFFF, 0x0004, 0x0002, 0x0002,
  0x0004, 0xFFFF, 0x0004, 0x0003,  0x0002, 0x0002, 0x0001, 0x0004,
  0x0004, 0x0002, 0x0006, 0x0001,  0x0006, 0x0005, 0x0004, 0x0006,
  0x0006, 0x0004, 0x0009, 0x0005,  0x0007, 0x000B, 0x0005, 0x0007,
  0x0008, 0x0005, 0x0009, 0x0004,  0x0007, 0x000A, 0x0005, 0x0006,
  0x0003, 0x0002, 0x0006, 0xFFFA,  0x0007, 0x0003, 0x0003, 0x0003,
  0x0002, 0xFFFD, 0x0009, 0xFFFC,  0x0005, 0xFFFE, 0x0001, 0xFFFD,
  0x0003, 0xFFFD, 0x0000, 0xFFFF,  0xFFFD, 0x0000, 0xFFFD, 0x0000,
  0xFFFD, 0xFFFE, 0x0000, 0xFFFC,  0x0000, 0xFFFC, 0xFFFC, 0xFFFC,
  0xFFFF, 0xFFFC, 0xFFFE, 0xFFFC,  0xFFFC, 0xFFFB, 0xFFFE, 0xFFFC,
  0xFFFD, 0xFFFF, 0xFFFB, 0x0000,  0xFFFC, 0xFFFC, 0xFFFB, 0xFFFE,
  0xFFFC, 0xFFFC, 0xFFFF, 0xFFF8,  0x0002, 0xFFF8, 0x0003, 0xFFFD,
  0xFFFF, 0xFFFE, 0x0002, 0xFFFF,  0x0001, 0x0000, 0xFFFF, 0x0001,
  0x0003, 0xFFFE, 0x0003, 0xFFFF,  0x0003, 0x0001, 0xFFFF, 0x0004,
  0xFFFD, 0x0007, 0xFFFF, 0x0004,  0xFFFF, 0x0008, 0xFFFF, 0x0005,
  0x0000, 0x0000, 0x0001, 0x0001,  0xFFFF, 0x0004, 0xFFFE, 0x0003,
  0xFFFF, 0xFFFF, 0x0001, 0x0001,  0x0000, 0x0004, 0x0002, 0x0004,
  0x0001, 0x0002, 0x0001, 0x0003,  0x0001, 0x0008, 0x0000, 0x0007,
  0x0000, 0x0007, 0x0001, 0x0004,  0x0002, 0x0002, 0x0001, 0x0002,
  0xFFFF, 0x0003, 0xFFFD, 0x0000,  0xFFFF, 0x0000, 0x0003, 0xFFFD,
  0x0002, 0x0000, 0x0005, 0x0000,  0x0000, 0x0004, 0xFFFB, 0x0004,
  0xFFFC, 0x0001, 0xFFFC, 0x0001,  0xFFFE, 0x0000, 0xFFFE, 0x0003,
  0xFFFC, 0x0004, 0xFFFD, 0x0001,  0x0000, 0xFFFB, 0x0004, 0xFFFA,
  0x0002, 0xFFFF, 0xFFFD, 0x0005,  0xFFFA, 0x0003, 0xFFFD, 0x0003,
  0x0000, 0x0003, 0xFFFE, 0x0000,  0x0000, 0x0005, 0x0001, 0x0002,
  0xFFFB, 0x0002, 0xFFFE, 0xFFFE,  0xFFFE, 0x0003, 0xFFFD, 0x0002,
  0x0000, 0xFFFF, 0x0001, 0x0003,  0xFFFF, 0x0002, 0xFFFC, 0x0005,
  0x0000, 0x0004, 0x0000, 0x0002,  0x0001, 0x0002, 0x0005, 0x0001,
  0x0005, 0x0001, 0x0004, 0x0002,  0x0002, 0x0002, 0x0001, 0x0002,
  0x0001, 0x0004, 0xFFFD, 0x000A,  0x0000, 0x0003, 0x0006, 0x0000,
  0x0005, 0x0003, 0x0002, 0x0000,  0x0001, 0x0004, 0x0001, 0x0002,
  0xFFFF, 0x0001, 0x0002, 0xFFFE,  0x0001, 0x0000, 0xFFFF, 0x0001,
  0xFFFF, 0x0000, 0x0000, 0x0001,  0xFFFF, 0x0001, 0xFFFE, 0x0001,
  0x0000, 0xFFFF, 0xFFFE, 0xFFFE,  0x0000, 0xFFFC, 0x0001, 0xFFFC,
  0x0002, 0xFFFE, 0x0001, 0xFFFF,  0xFFFF, 0xFFFF, 0xFFFE, 0x0001,
  0x0002, 0x0001, 0x0004, 0x0002,  0x0005, 0xFFFB, 0x0005, 0xFFF9,
  0x0005, 0xFFFA, 0x0001, 0xFFFD,  0x0001, 0x0002, 0x0004, 0x0002,
  0x0002, 0x0003, 0x0003, 0x0003,  0x0000, 0x0003, 0xFFFC, 0x0002,
  0xFFFF, 0xFFFE, 0xFFFF, 0xFFFF,  0xFFFE, 0x0001, 0xFFFF, 0x0001,
  0x0002, 0xFFFD, 0x0006, 0xFFFC,  0x0007, 0xFFFC, 0x0003, 0x0001,
  0x0001, 0x0004, 0xFFFD, 0x0006,  0xFFFD, 0x0000, 0x0001, 0xFFFF,
  0x0002, 0xFFFF, 0x0002, 0x0000,  0x0003, 0x0002, 0x0004, 0x0002,
  0x0001, 0x0003, 0x0000, 0x0004,  0x0002, 0x0000, 0x0004, 0xFFFE,
  0x0000, 0x0000, 0xFFFE, 0xFFFF,  0x0000, 0xFFFF, 0x0000, 0xFFFE,
  0x0000, 0xFFFF, 0xFFFF, 0xFFFF,  0xFFFE, 0x0000, 0xFFFB, 0x0002,
  0xFFFD, 0x0002, 0xFFFF, 0x0002,  0x0001, 0x0000, 0x0000, 0x0001,
  0x0001, 0xFFFF, 0x0003, 0xFFFC,  0x0004, 0xFFFC, 0x0003, 0xFFFD,
  0x0002, 0xFFFE, 0x0001, 0x0000,  0xFFFF, 0x0000, 0xFFFF, 0x0000,
  0x0002, 0xFFFD, 0x0001, 0x0001,  0xFFFE, 0x0000, 0xFFFF, 0x0002,
  0xFFFC, 0x0002, 0xFFFC, 0x0002,  0x0001, 0xFFFF, 0x0001, 0x0001,
  0xFFFF, 0x0002, 0xFFFE, 0x0002,  0x0000, 0x0006, 0x0001, 0x0003,
  0xFFFE, 0x0002, 0x0001, 0xFFFF,  0x0004, 0xFFFF, 0x0000, 0x0001,
  0xFFFE, 0x0002, 0xFFFC, 0xFFFF,  0xFFFE, 0x0002, 0xFFFF, 0x0002,
  0xFFFE, 0x0002, 0xFFFE, 0x0003,  0xFFFC, 0x0003, 0xFFFB, 0x0000,
  0xFFFE, 0xFFFF, 0xFFFC, 0xFFFE,  0xFFFC, 0x0004, 0xFFFC, 0x0003,
  0xFFFC, 0xFFFF, 0x0002, 0xFFFD,  0x0003, 0xFFFD, 0x0000, 0x0001,
  0xFFFF, 0x0001, 0xFFFE, 0x0003,  0xFFFE, 0x0000, 0x0001, 0xFFFF,
  0x0002, 0xFFFE, 0x0000, 0x0001,  0xFFFE, 0x0004, 0x0000, 0x0002,
  0x0001, 0x0001, 0x0000, 0x0003,  0x0000, 0x0005, 0xFFFF, 0x0006,
  0xFFFC, 0x0009, 0xFFFE, 0x0003,  0x0005, 0x0005, 0x0008, 0x0000,
  0x0001, 0x0001, 0x0001, 0xFFFE,  0x0004, 0x0003, 0x0003, 0x0000,
  0x0003, 0xFFFD, 0x0009, 0xFFFC,  0x0004, 0xFFFF, 0x0000, 0xFFFF,
  0x0003, 0xFFFE, 0x0002, 0xFFFF,  0x0000, 0x0001, 0x0001, 0x0002,
  0x0000, 0x0001, 0x0003, 0xFFFD,  0x0003, 0xFFFC, 0xFFFD, 0xFFFE,
  0xFFFE, 0xFFFC, 0x0000, 0xFFFE,  0xFFFF, 0xFFFF, 0xFFFD, 0x0002,
  0xFFFF, 0x0000, 0x0002, 0x0000,  0x0001, 0x0000, 0x0000, 0xFFFE,
  0x0003, 0xFFFB, 0x0003, 0xFFFA,  0x0004, 0xFFFD, 0x0000, 0xFFFF,
  0xFFFE, 0x0002, 0xFFFC, 0x0001,  0xFFFC, 0xFFFF, 0xFFFB, 0x0002,
  0xFFFC, 0x0002, 0xFFFD, 0x0003,  0xFFFD, 0x0000, 0xFFFE, 0xFFFE,
  0x0002, 0xFFFD, 0x0003, 0xFFFD,  0x0001, 0x0000, 0xFFFE, 0x0002,
  0xFFFE, 0xFFFF, 0x0001, 0xFFFD,  0x0002, 0xFFFE, 0xFFFE, 0x0000,
  0xFFFD, 0xFFFF, 0xFFFC, 0x0001,  0xFFFC, 0x0000, 0xFFFE, 0xFFFF,
  0xFFFF, 0xFFFE, 0xFFFF, 0xFFFF,  0x0001, 0xFFFB, 0x0000, 0xFFFD,
  0x0001, 0x0000, 0x0000, 0x0001,  0x0000, 0x0001, 0x0004, 0xFFFF,
  0x0003, 0xFFFF, 0x0003, 0xFFFF,  0x0003, 0x0004, 0x0002, 0x0002,
  0x0002, 0x0000, 0x0001, 0x0000,  0x0001, 0x0002, 0x0001, 0x0002,
  0x0002, 0x0000, 0x0005, 0x0001,  0x0002, 0x0004, 0xFFFC, 0x0007,
  0xFFFC, 0x0008, 0xFFFA, 0x0007,  0xFFFC, 0x0008, 0x0000, 0x0005,
  0x0001, 0x0001, 0x0003, 0x0000,  0x0002, 0x0004, 0xFFFE, 0x0005,
  0xFFFE, 0x0004, 0xFFFF, 0x0003,  0x0002, 0x0000, 0x0005, 0xFFFE,
  0x0004, 0xFFFD, 0x0005, 0xFFFB,  0x0004, 0xFFFF, 0x0004, 0xFFFD,
  0x0001, 0xFFFD, 0x0002, 0xFFFA,  0x0001, 0xFFFE, 0xFFFF, 0xFFFC,
  0xFFFF, 0xFFFB, 0x0000, 0xFFFC,  0xFFFF, 0xFFFC, 0xFFFF, 0xFFFD,
  0xFFFD, 0xFFFE, 0xFFFF, 0xFFFE,  0x0001, 0xFFFB, 0x0001, 0xFFFE,
  0xFFFF, 0x0000, 0x0002, 0xFFFD,  0x0003, 0xFFFC, 0x0004, 0xFFFE,
  0x0001, 0x0002, 0xFFFF, 0x0004,  0xFFFD, 0x0002, 0xFFFC, 0x0003,
  0xFFFD, 0x0003, 0xFFFC, 0x0004,  0xFFFF, 0x0001, 0x0003, 0xFFFE,
  0x0005, 0xFFFE, 0x0004, 0x0000,  0x0001, 0x0001, 0xFFFC, 0x0002,
  0xFFFF, 0x0002, 0xFFFF, 0xFFFF,  0x0001, 0xFFFD, 0x0002, 0xFFFE,
  0x0001, 0xFFFE, 0x0001, 0xFFFE,  0x0000, 0x0002, 0xFFFE, 0x0003,
  0xFFFD, 0x0002, 0xFFFD, 0x0003,  0xFFFD, 0x0003, 0xFFFE, 0x0003,
  0x0002, 0xFFFF, 0x0002, 0x0002,  0x0001, 0x0004, 0x0000, 0x0004,
  0xFFFF, 0x0001, 0x0002, 0xFFFE,  0x0002, 0x0004, 0x0001, 0x0003,
  0x0000, 0xFFFF, 0x0001, 0x0000,  0xFFFE, 0x0003, 0xFFFB, 0x0001,
  0xFFFB, 0x0001, 0xFFFB, 0xFFFF,  0xFFFA, 0x0000, 0xFFFA, 0x0002,
  0xFFF9, 0x0005, 0xFFFC, 0x0001,  0xFFFF, 0xFFFF, 0x0000, 0xFFFD,
  0xFFFF, 0xFFFC, 0x0001, 0xFFFC,  0x0002, 0xFFFE, 0x0000, 0x0000,
  0x0000, 0x0002, 0xFFFE, 0x0003,  0xFFFD, 0x0001, 0xFFFD, 0x0005,
  0xFFFC, 0x0004, 0xFFFE, 0x0004,  0xFFFF, 0xFFFF, 0x0001, 0xFFFF,
  0x0001, 0x0003, 0xFFFE, 0x0002,  0x0001, 0x0003, 0x0006, 0xFFFF,
  0x0002, 0xFFFE, 0x0004, 0xFFFE,  0x0002, 0x0006, 0xFFFF, 0x0005,
  0x0001, 0x0001, 0x0004, 0x0003,  0x0002, 0x0000, 0x0000, 0x0000,
  0x0001, 0x0000, 0x0000, 0xFFFF,  0x0002, 0xFFFF, 0x0004, 0x0000,
  0x0003, 0x0000, 0x0001, 0x0003,  0xFFFE, 0x0004, 0xFFFD, 0x0002,
  0xFFFF, 0x0001, 0xFFFF, 0x0000,  0x0001, 0x0000, 0x0006, 0xFFFE,
  0x0003, 0xFFFF, 0x0002, 0xFFFE,  0x0001, 0x0003, 0xFFFD, 0x0003,
  0xFFFD, 0x0003, 0xFFFF, 0xFFFF,  0x0004, 0xFFFE, 0x0004, 0xFFFD,
  0x0003, 0xFFFF, 0x0002, 0x0000,  0x0001, 0x0002, 0xFFFE, 0x0003,
  0xFFFE, 0x0004, 0xFFFD, 0x0002,  0xFFFF, 0x0001, 0xFFFF, 0x0000,
  0x0000, 0x0001, 0x0003, 0xFFFE,  0x0004, 0xFFFF, 0x0002, 0x0002,
  0x0003, 0x0000, 0x0005, 0x0000,  0x0002, 0xFFFE, 0xFFFE, 0xFFFF,
  0x0001, 0xFFFC, 0x0002, 0xFFFD,  0x0003, 0xFFFD, 0x0004, 0x0001,
  0x0003, 0x0003, 0x0001, 0x0004,  0x0001, 0x0001, 0x0000, 0x0000,
  0x0001, 0xFFFE, 0x0000, 0x0000,  0xFFFE, 0x0000, 0x0000, 0x0000,
  0x0000, 0xFFFE, 0x0001, 0x0001,  0x0002, 0xFFFC, 0x0001, 0xFFFE,
  0x0003, 0x0001, 0xFFFF, 0x0003,  0xFFFF, 0xFFFE, 0x0001, 0xFFFF,
  0x0002, 0xFFFF, 0x0004, 0xFFFD,  0x0007, 0xFFFF, 0x0006, 0xFFFF,
  0x0004, 0x0000, 0x0002, 0x0002,  0x0001, 0x0004, 0xFFFF, 0x0001,
  0x0000, 0xFFFF, 0x0000, 0x0000,  0xFFFE, 0x0000, 0xFFFF, 0x0002,
  0xFFFD, 0x0003, 0xFFFC, 0x0002,  0xFFFE, 0xFFFE, 0xFFFD, 0x0001,
  0xFFFD, 0x0002, 0x0000, 0x0002,  0x0000, 0xFFFE, 0xFFFF, 0x0001,
  0xFFFE, 0x0002, 0xFFFE, 0x0001,  0x0000, 0x0000, 0xFFFF, 0x0003,
  0xFFFC, 0x0005, 0xFFFD, 0x0003,  0xFFFD, 0x0002, 0xFFFD, 0x0003,
  0xFFFE, 0x0000, 0x0000, 0x0000,  0xFFFF, 0xFFFE, 0x0002, 0xFFFF,
  0x0001, 0xFFFF, 0x0000, 0x0001,  0x0001, 0x0001, 0xFFFF, 0x0002,
  0x0000, 0x0000, 0x0001, 0xFFFE,  0x0001, 0x0003, 0x0000, 0x0004,
  0xFFFC, 0x0003, 0xFFFF, 0x0000,  0x0001, 0x0002, 0xFFFE, 0x0003,
  0xFFFC, 0x0002, 0xFFFE, 0xFFFF,  0x0000, 0x0000, 0xFFFF, 0x0001,
  0xFFFC, 0x0005, 0xFFFB, 0x0004,  0xFFFD, 0x0002, 0xFFFE, 0x0000,
  0xFFFE, 0x0001, 0x0000, 0xFFFE,  0x0001, 0x0000, 0x0002, 0x0000,
  0x0001, 0x0000, 0x0002, 0x0002,  0xFFFF, 0x0002, 0xFFFF, 0x0002,
  0x0001, 0x0001, 0x0000, 0x0002,  0x0002, 0x0000, 0x0001, 0x0004,
  0xFFFC, 0x0006, 0xFFFB, 0x0005,  0xFFFB, 0x0004, 0xFFFE, 0x0002,
  0xFFFF, 0x0001, 0xFFFE, 0x0002,  0xFFFF, 0x0001, 0xFFFF, 0xFFFF,
  0x0001, 0x0000, 0x0002, 0xFFFC,  0x0003, 0x0003, 0x0004, 0xFFFF,
  0xFFFF, 0x0001, 0xFFFE, 0xFFFF,  0x0001, 0x0002, 0x0002, 0xFFFF,
  0x0002, 0xFFFF, 0x0005, 0xFFFF,  0x0003, 0xFFFF, 0x0002, 0xFFFE,
  0x0004, 0xFFFE, 0x0003, 0xFFFF,  0x0000, 0x0003, 0x0001, 0x0003,
  0x0000, 0x0004, 0xFFFE, 0x0005,  0xFFFC, 0x0003, 0xFFFC, 0xFFFF,
  0x0001, 0xFFFD, 0x0000, 0xFFFD,  0x0001, 0xFFFD, 0x0000, 0xFFFF,
  0xFFFF, 0x0002, 0xFFFF, 0x0002,  0xFFFE, 0x0003, 0xFFFF, 0x0000,
  0xFFFF, 0x0001, 0xFFFD, 0x0003,  0xFFFD, 0x0002, 0xFFFF, 0x0000,
  0x0002, 0xFFFD, 0x0001, 0x0000,  0x0000, 0x0000, 0xFFFF, 0x0002,
  0x0000, 0x0004, 0xFFFF, 0x0005,  0xFFFF, 0x0000, 0x0001, 0xFFFF,
  0x0002, 0xFFFF, 0x0002, 0x0001,  0x0000, 0x0003, 0x0000, 0x0001,
  0x0000, 0x0000, 0x0000, 0xFFFF,  0x0002, 0xFFFD, 0x0001, 0xFFFE,
  0xFFFE, 0x0000, 0xFFFB, 0x0002,  0xFFFD, 0xFFFD, 0x0000, 0xFFFE,
  0xFFFE, 0x0001, 0xFFFB, 0x0004,  0xFFFA, 0x0001, 0xFFFB, 0x0001,
  0xFFFD, 0x0000, 0xFFFE, 0x0000,  0x0001, 0xFFFE, 0x0002, 0xFFFD,
  0x0003, 0xFFFE, 0x0001, 0x0001,  0xFFFE, 0x0004, 0x0002, 0xFFFF,
  0x0003, 0xFFFD, 0x0003, 0xFFFE,  0x0003, 0x0000, 0x0001, 0x0001,
  0x0002, 0x0001, 0x0002, 0x0004,  0x0000, 0x0002, 0x0001, 0x0002,
  0x0001, 0x0003, 0x0001, 0x0002,  0x0004, 0x0001, 0x0006, 0x0001,
  0x0003, 0x0002, 0x0002, 0x0002,  0x0004, 0x0000, 0x0004, 0x0000,
  0x0002, 0x0002, 0x0002, 0x0002,  0x0003, 0x0000, 0x0004, 0x0000,
  0x0002, 0x0000, 0x0000, 0x0002,  0xFFFE, 0x0004, 0xFFFB, 0x0003,
  0xFFFD, 0x0000, 0xFFFF, 0xFFFE,  0xFFFE, 0x0001, 0xFFFD, 0xFFFF,
  0xFFFF, 0x0000, 0xFFFD, 0x0004,  0xFFFC, 0x0001, 0xFFFF, 0xFFFC,
  0x0003, 0xFFFA, 0x0003, 0xFFFD,  0xFFFF, 0xFFFD, 0xFFFD, 0xFFFE,
  0xFFFE, 0x0002, 0xFFFC, 0x0002,  0xFFFC, 0x0001, 0x0000, 0xFFFF,
  0x0002, 0xFFFE, 0x0003, 0x0000,  0x0001, 0xFFFD, 0xFFFF, 0xFFFE,
  0xFFFF, 0xFFFE, 0xFFFE, 0xFFFD,  0x0002, 0xFFFD, 0x0001, 0x0000,
  0xFFFF, 0x0001, 0xFFFF, 0x0002,  0x0000, 0x0000, 0xFFFE, 0x0000,
  0xFFFF, 0x0001, 0xFFFE, 0x0001,  0xFFFF, 0x0000, 0x0000, 0xFFFF,
  0x0002, 0xFFFD, 0x0007, 0xFFF9,  0x0007, 0xFFFD, 0x0003, 0x0000,
  0x0003, 0xFFFE, 0x0004, 0xFFFE,  0x0004, 0xFFFF, 0x0000, 0x0002,
  0x0000, 0x0001, 0x0002, 0xFFFE,  0x0005, 0x0001, 0x0003, 0x0003,
  0xFFFF, 0x0001, 0x0003, 0xFFFD,  0x0006, 0x0000, 0x0002, 0x0002,
  0xFFFF, 0x0003, 0xFFFF, 0x0001,  0x0000, 0x0000, 0xFFFF, 0x0000,
  0x0000, 0xFFFD, 0x0002, 0xFFFD,  0x0001, 0xFFFD, 0x0000, 0xFFFF,
  0x0001, 0xFFFE, 0x0003, 0x0000,  0x0001, 0xFFFF, 0xFFFF, 0x0001,
  0xFFFF, 0xFFFE, 0x0001, 0xFFFD,  0x0004, 0xFFFD, 0x0003, 0xFFFD,
  0x0001, 0xFFFF, 0xFFFF, 0x0001,  0xFFFF, 0xFFFE, 0x0000, 0xFFFE,
  0x0002, 0x0000, 0xFFFF, 0x0003,  0xFFFE, 0x0000, 0x0001, 0x0001,
  0xFFFE, 0x0004, 0xFFFE, 0x0002,  0x0000, 0x0003, 0x0001, 0x0003,
  0xFFFE, 0x0002, 0x0000, 0x0000,  0x0003, 0x0000, 0x0003, 0xFFFF,
  0x0001, 0x0000, 0x0000, 0x0000,  0x0001, 0x0000, 0x0001, 0x0000,
  0x0001, 0xFFFF, 0x0000, 0x0001,  0xFFFE, 0x0003, 0xFFFD, 0x0002,
  0xFFFE, 0x0003, 0xFFFE, 0x0001,  0x0000, 0xFFFF, 0x0001, 0xFFFF,
  0x0003, 0xFFFF, 0x0000, 0xFFFF,  0x0001, 0x0001, 0x0001, 0x0003,
  0xFFFD, 0x0005, 0xFFFD, 0x0002,  0x0000, 0x0002, 0xFFFF, 0x0000,
  0x0001, 0x0001, 0xFFFF, 0x0003,  0xFFFD, 0x0002, 0xFFFF, 0x0001,
  0xFFFF, 0x0000, 0x0001, 0xFFFE,  0x0002, 0xFFFF, 0x0001, 0x0001,
  0x0001, 0x0000, 0x0003, 0x0002,  0x0000, 0xFFFF, 0x0000, 0x0001,
  0xFFFD, 0x0004, 0xFFFF, 0x0001,  0x0000, 0xFFFF, 0x0002, 0xFFFE,
  0x0002, 0xFFFE, 0x0001, 0x0001,  0xFFFE, 0x0002, 0xFFFF, 0x0000,
  0x0001, 0xFFFE, 0x0002, 0xFFFF,  0x0000, 0x0002, 0xFFFC, 0x0003,
  0xFFFE, 0x0001, 0x0000, 0x0000,  0xFFFF, 0x0002, 0xFFFE, 0x0001,
  0x0000, 0xFFFF, 0x0002, 0xFFFF,  0x0000, 0x0000, 0x0000, 0x0000,
  0xFFFF, 0x0002, 0xFFFD, 0x0004,  0xFFFC, 0x0002, 0x0000, 0xFFFF,
  0x0002, 0xFFFD, 0x0004, 0xFFFB,  0x0005, 0xFFFD, 0x0001, 0x0000,
  0x0000, 0x0000, 0x0000, 0x0001,  0xFFFE, 0x0002, 0xFFFF, 0x0001,
  0xFFFF, 0x0001, 0xFFFE, 0x0003,  0xFFFE, 0x0001, 0xFFFF, 0x0001,
  0x0000, 0x0000, 0xFFFF, 0x0001,  0xFFFF, 0x0001, 0x0000, 0xFFFF,
  0x0001, 0xFFFF, 0x0000, 0x0001,  0xFFFF, 0x0001, 0xFFFF, 0x0001,
  0xFFFF, 0x0001, 0xFFFF, 0x0001,  0xFFFF, 0x0001, 0xFFFE, 0x0003,
  0xFFFD, 0x0002, 0xFFFF, 0xFFFF,  0x0002, 0xFFFF, 0xFFFF, 0x0002,
  0xFFFD, 0x0003, 0xFFFE, 0x0002,  0xFFFD, 0x0004, 0xFFFC, 0x0004,
  0xFFFC, 0x0003, 0xFFFE, 0x0002,  0xFFFE, 0x0002, 0xFFFD, 0x0004,
  0xFFFB, 0x0005, 0xFFFC, 0x0003,  0xFFFE, 0x0001, 0xFFFF, 0x0001,
  0x0000, 0xFFFF, 0x0001, 0x0000,  0xFFFF, 0x0002, 0xFFFD, 0x0002,
  0x0000, 0xFFFE, 0x0004, 0xFFFB,  0x0004, 0xFFFE, 0x0000, 0x0001,
  0xFFFF, 0x0001, 0xFFFF, 0x0001,  0xFFFF, 0x0001, 0xFFFF, 0x0001,
  0xFFFF, 0x0001, 0x0000, 0xFFFF,  0x0002, 0xFFFE, 0x0000, 0x0002,
  0xFFFD, 0x0004, 0xFFFD, 0x0001,  0xFFFF, 0x0001, 0x0000, 0xFFFF,
  0x0002, 0xFFFE, 0x0000, 0x0002,  0xFFFD, 0x0003, 0xFFFE, 0x0000,
  0x0001, 0x0000, 0xFFFF, 0x0001,  0xFFFF, 0x0000, 0x0002, 0xFFFD,
  0x0003, 0xFFFE, 0x0001, 0x0000,  0xFFFF, 0x0000, 0x0001, 0xFFFF,
  0x0002, 0xFFFD, 0x0002, 0xFFFF,  0x0001, 0x0000, 0xFFFF, 0x0001,
  0x0000, 0xFFFF, 0x0002, 0xFFFD,  0x0003, 0xFFFE, 0x0001, 0x0000,
  0xFFFE, 0x0003, 0xFFFD, 0x0003,  0xFFFE, 0x0000, 0x0001, 0xFFFF,
  0x0001, 0xFFFF, 0x0001, 0xFFFF,  0x0001, 0xFFFF, 0x0001, 0xFFFE,
  0x0003, 0xFFFD, 0x0002, 0xFFFF,  0xFFFF, 0x0003, 0xFFFC, 0x0004,
  0xFFFC, 0x0004, 0xFFFC, 0x0003,  0xFFFE, 0x0002, 0xFFFF, 0x0000,
  0x0000, 0x0000, 0x0001, 0xFFFE,  0x0002, 0xFFFF, 0x0000, 0x0000,
  0x0000, 0x0000, 0x0001, 0xFFFF,  0xFFFF, 0x0002, 0xFFFE, 0x0002,
  0xFFFF, 0x0000, 0x0000, 0x0000,  0xFFFF, 0x0003, 0xFFFC, 0x0004,
  0xFFFC, 0x0003, 0xFFFE, 0x0001,  0x0000, 0xFFFE, 0x0004, 0xFFFB,
  0x0005, 0xFFFC, 0x0001, 0x0002,  0xFFFD, 0x0003, 0xFFFE, 0x0000,
  0x0001, 0xFFFF, 0x0001, 0xFFFF,  0x0001, 0xFFFE, 0x0002, 0xFFFF,
  0x0001, 0xFFFF, 0xFFFF, 0x0002,  0xFFFF, 0x0000, 0x0000, 0x0000,
  0x0000, 0x0001, 0xFFFE, 0x0001,  0x0000, 0x0000, 0x0000, 0x0000,
  0x0000, 0x0000, 0x0000, 0x0000,  0x0000, 0x0000, 0x0000, 0x0001,
  0xFFFE, 0x0002, 0xFFFE, 0x0001,  0x0001, 0xFFFE, 0x0002, 0xFFFF,
  0x0000, 0x0000, 0x0000, 0x0000,  0x0000, 0x0001, 0xFFFE, 0x0001,
  0x0000, 0xFFFF, 0x0002, 0xFFFE,  0x0001, 0x0000, 0xFFFF, 0x0002,
  0xFFFE, 0x0001, 0x0000, 0x0000,  0x0000, 0x0000, 0x0000, 0x0000,
  0x0001, 0xFFFE, 0x0002, 0xFFFF,  0x0000, 0x0001, 0xFFFE, 0x0002,
  0xFFFF, 0x0000, 0x0001, 0xFFFE,  0x0001, 0x0000, 0x0000, 0x0000,
  0x0000, 0xFFFF, 0x0001, 0xFFFF,  0x0002, 0xFFFE, 0x0001, 0x0000,
  0xFFFE, 0x0004, 0xFFFC, 0x0003,  0xFFFF, 0xFFFF, 0x0002, 0xFFFE,
  0x0002, 0xFFFE, 0x0001, 0x0000,  0xFFFF, 0x0002, 0xFFFE, 0x0002,
  0xFFFE, 0x0002, 0xFFFE, 0x0002,  0xFFFE, 0x0002, 0xFFFF, 0x0000,
  0x0001, 0xFFFE, 0x0002, 0xFFFF,  0x0001, 0xFFFF, 0x0001, 0xFFFF,
  0x0001, 0xFFFF, 0x0001, 0xFFFF,  0x0001, 0xFFFF, 0x0001, 0xFFFF,
  0x0000, 0x0002, 0xFFFD, 0x0003,  0xFFFD, 0x0003, 0xFFFE, 0x0001,
  0xFFFF, 0x0001, 0x0000, 0x0000,  0xFFFF, 0x0001, 0xFFFF, 0x0002,
  0xFFFE, 0x0001, 0x0000, 0xFFFF,  0x0001, 0xFFFF, 0x0001, 0x0000,
  0xFFFF, 0x0001, 0xFFFF, 0x0001,  0x0000, 0xFFFF, 0x0001, 0x0000,
  0xFFFF, 0x0002, 0xFFFD, 0x0003,  0xFFFE, 0x0001, 0x0000, 0xFFFE,
  0x0003, 0xFFFD, 0x0003, 0xFFFE,  0x0001, 0xFFFE, 0x0003, 0xFFFD,
  0x0003, 0xFFFE, 0x0000, 0x0001,  0x0000, 0xFFFF, 0x0001, 0xFFFF,
  0x0000, 0x0001, 0xFFFF, 0x0000,  0x0000, 0x0000, 0x0000, 0x0000,
  0x0000, 0xFFFF, 0x0002, 0xFFFE,  0x0001, 0xFFFF, 0x0002, 0xFFFE,
  0x0002, 0xFFFE, 0x0001, 0x0001,  0xFFFD, 0x0004, 0xFFFD, 0x0002,
  0xFFFE, 0x0002, 0xFFFE, 0x0002,  0xFFFF, 0xFFFF, 0x0003, 0xFFFC,
  0x0004, 0xFFFD, 0x0002, 0xFFFE,  0x0002, 0xFFFE, 0x0002, 0xFFFE,
  0x0002, 0xFFFD, 0x0004, 0xFFFC,  0x0003, 0xFFFE, 0x0001, 0x0000,
  0x0000, 0x0000, 0xFFFF, 0x0002,  0xFFFE, 0x0002, 0xFFFE, 0x0002,
  0xFFFF, 0x0000, 0x0000, 0x0000,  0x0000, 0x0001, 0xFFFE, 0x0002,
  0xFFFE, 0x0001, 0x0000, 0x0000,  0x0001, 0xFFFE, 0x0002, 0xFFFE,
  0x0002, 0xFFFF, 0x0000, 0x0001,  0xFFFF, 0x0000, 0x0001, 0xFFFF,
  0x0000, 0x0002, 0xFFFD, 0x0003,  0xFFFE, 0x0001, 0x0000, 0x0000,
  0x0000, 0xFFFF, 0x0001, 0x0000,  0xFFFF, 0x0002, 0xFFFD, 0x0002,
  0x0000, 0xFFFE, 0x0003, 0xFFFD,  0x0002, 0xFFFF, 0x0000, 0x0000,
  0x0000, 0x0000, 0xFFFF, 0x0002,  0xFFFD, 0x0004, 0xFFFC, 0x0002,
  0x0000, 0xFFFF, 0x0001, 0x0000,  0xFFFF, 0x0002, 0xFFFD, 0x0003,
  0xFFFD, 0x0003, 0xFFFD, 0x0003,  0xFFFD, 0x0002, 0xFFFF, 0x0000,
  0x0001, 0xFFFE, 0x0002, 0xFFFE,  0x0002, 0xFFFF, 0xFFFF, 0x0002,
  0xFFFE, 0x0002, 0xFFFE, 0x0002,  0xFFFE, 0x0002, 0xFFFE, 0x0002,
  0xFFFE, 0x0002, 0xFFFE, 0x0001,  0x0000, 0x0000, 0x0000, 0x0000,
  0xFFFF, 0x0002, 0xFFFE, 0x0002,  0xFFFE, 0x0001, 0x0000, 0x0001,
  0xFFFE, 0x0002, 0xFFFE, 0x0002,  0xFFFE, 0x0003, 0xFFFC, 0x0004,
  0xFFFC, 0x0003, 0xFFFF, 0x0000,  0x0000, 0x0000, 0x0000, 0x0000,
  0x0000, 0xFFFF, 0x0003, 0xFFFD,  0x0002, 0xFFFE, 0x0002, 0xFFFF,
  0x0001, 0xFFFF, 0x0000, 0x0001,  0xFFFF, 0x0001, 0xFFFF, 0x0001,
  0xFFFF, 0x0001, 0xFFFF, 0x0000,  0x0001, 0x0000, 0xFFFF, 0x0001,
  0xFFFE, 0x0003, 0xFFFE, 0x0001,  0xFFFF, 0x0001, 0x0000, 0xFFFF,
  0x0001, 0xFFFF, 0x0002, 0xFFFE,  0x0001, 0x0000, 0xFFFF, 0x0002,
  0xFFFD, 0x0003, 0xFFFD, 0x0003,  0xFFFE, 0x0000, 0x0002, 0xFFFD,
  0x0003, 0xFFFD, 0x0002, 0x0000,  0xFFFF, 0x0002, 0xFFFE, 0x0000,
  0x0001, 0xFFFE, 0x0003, 0xFFFD,  0x0003, 0xFFFC, 0x0003, 0xFFFF,
  0xFFFF, 0x0002, 0xFFFE, 0x0002,  0xFFFE, 0x0002, 0xFFFF, 0xFFFF,
  0x0002, 0xFFFE, 0x0002, 0xFFFF,  0x0000, 0x0000, 0xFFFF, 0x0002,
  0xFFFE, 0x0003, 0xFFFC, 0x0004,  0xFFFC, 0x0004, 0xFFFD, 0x0002,
  0xFFFF, 0x0000, 0x0000, 0x0000,  0x0000, 0x0001, 0xFFFE, 0x0002,
  0xFFFE, 0x0001, 0x0001, 0xFFFF,  0x0000, 0x0000, 0xFFFF, 0x0001,
  0x0001, 0xFFFD, 0x0004, 0xFFFC,  0x0002, 0x0000, 0xFFFF, 0x0002,
  0xFFFE, 0x0002, 0xFFFD, 0x0004,  0xFFFC, 0x0003, 0xFFFF, 0x0000,
  0x0000, 0x0000, 0xFFFF, 0x0002,  0xFFFF, 0x0000, 0x0000, 0x0000,
  0xFFFF, 0x0002, 0xFFFE, 0x0002,  0xFFFE, 0x0002, 0xFFFD, 0x0003,
  0xFFFE, 0x0002, 0xFFFE, 0x0001,  0xFFFF, 0x0001, 0x0001, 0xFFFE,
  0x0002, 0xFFFE, 0x0002, 0xFFFF,  0x0001, 0xFFFE, 0x0003, 0xFFFD,
  0x0003, 0xFFFE, 0x0001, 0xFFFE,  0x0003, 0xFFFD, 0x0003, 0xFFFE,
  0x0001, 0xFFFF, 0x0001, 0xFFFF,  0x0001, 0x0000, 0xFFFF, 0x0002,
  0xFFFD, 0x0004, 0xFFFC, 0x0003,  0xFFFE, 0x0001, 0xFFFF, 0x0003,
  0xFFFC, 0x0003, 0xFFFE, 0x0001,  0x0000, 0x0001, 0xFFFD, 0x0004,
  0xFFFC, 0x0004, 0xFFFC, 0x0003,  0xFFFE, 0x0001, 0x0000, 0x0000,
  0x0000, 0xFFFF, 0x0001, 0x0000,  0x0000, 0x0001, 0xFFFE, 0x0001,
  0x0000, 0x0000, 0x0000, 0x0001,  0xFFFE, 0x0001, 0x0000, 0x0000,
  0x0001, 0xFFFE, 0x0002, 0xFFFD,  0x0003, 0xFFFF, 0x0000, 0x0000,
  0x0000, 0xFFFF, 0x0002, 0xFFFE,  0x0002, 0xFFFE, 0x0002, 0xFFFE,
  0x0002, 0xFFFF, 0x0000, 0x0001,  0xFFFE, 0x0002, 0xFFFF, 0x0000,
  0x0001, 0xFFFF, 0x0000, 0x0001,  0xFFFE, 0x0003, 0xFFFE, 0x0000,
  0x0001, 0xFFFF, 0x0001, 0x0000,  0xFFFE, 0x0004, 0xFFFB, 0x0006,
  0xFFFA, 0x0005, 0xFFFC, 0x0003,  0xFFFF, 0x0000, 0x0000, 0x0001,
  0xFFFE, 0x0002, 0xFFFF, 0xFFFF,  0x0003, 0xFFFD, 0x0001, 0x0001,
  0xFFFD, 0x0005, 0xFFFB, 0x0003,  0xFFFF, 0x0000, 0x0001, 0xFFFF,
  0x0000, 0x0000, 0x0000, 0x0000,  0x0000, 0x0000, 0x0000, 0xFFFF,
  0x0001, 0x0000, 0x0000, 0x0000,  0x0000, 0x0000, 0xFFFF, 0x0003,
  0xFFFC, 0x0004, 0xFFFC, 0x0004,  0xFFFD, 0x0001, 0x0000, 0x0000,
  0x0000, 0x0001, 0xFFFE, 0x0002,  0xFFFF, 0x0000, 0x0001, 0xFFFE,
  0x0003, 0xFFFD, 0x0002, 0xFFFF,  0x0000, 0x0001, 0xFFFF, 0x0000,
  0x0000, 0x0000, 0x0000, 0x0001,  0xFFFE, 0x0002, 0xFFFE, 0x0001,
  0x0001, 0xFFFF, 0x0000, 0x0001,  0xFFFE, 0x0002, 0xFFFF, 0x0000,
  0x0001, 0xFFFE, 0x0002, 0xFFFE,  0x0001, 0x0000, 0x0000, 0xFFFF,
  0x0001, 0xFFFF, 0x0001, 0x0000,  0xFFFF, 0x0000, 0x0001, 0xFFFF,
  0x0001, 0xFFFF, 0x0001, 0xFFFF,  0x0001, 0xFFFF, 0x0001, 0xFFFF,
  0x0001, 0xFFFF, 0x0001, 0xFFFF,  0x0000, 0x0001, 0xFFFF, 0x0001,
  0xFFFF, 0x0000, 0x0000, 0x0002,  0xFFFD, 0x0003, 0xFFFD, 0x0002,
  0x0000, 0xFFFF, 0x0002, 0xFFFE,  0x0001, 0x0000, 0xFFFF, 0x0002,
  0xFFFE, 0x0001, 0xFFFF, 0x0002,  0xFFFD, 0x0003, 0xFFFD, 0x0002,
  0x0000, 0xFFFE, 0x0003, 0xFFFC,  0x0005, 0xFFFB, 0x0005, 0xFFFA,
  0x0006, 0xFFFB, 0x0004, 0xFFFE,  0x0000, 0x0001, 0xFFFF, 0x0001,
  0x0000, 0xFFFE, 0x0004, 0xFFFB,  0x0005, 0xFFFC, 0x0002, 0xFFFF,
  0x0001, 0xFFFE, 0x0003, 0xFFFD,  0x0002, 0xFFFF, 0x0000, 0x0001,
  0xFFFF, 0x0001, 0xFFFF, 0x0001,  0xFFFF, 0x0000, 0x0001, 0xFFFF,
  0x0000, 0x0001, 0xFFFD, 0x0005,  0xFFFB, 0x0004, 0xFFFC, 0x0004,
  0xFFFD, 0x0003, 0xFFFD, 0x0002,  0xFFFF, 0x0001, 0xFFFF, 0x0000,
  0x0001, 0xFFFF, 0x0001, 0xFFFF,  0x0001, 0xFFFF, 0x0001, 0xFFFF,
  0x0001, 0xFFFF, 0x0002, 0xFFFD,  0x0003, 0xFFFE, 0x0000, 0x0002,
  0xFFFE, 0x0001, 0x0000, 0xFFFF,  0x0001, 0xFFFF, 0x0002, 0xFFFD,
  0x0003, 0xFFFD, 0x0002, 0x0000,  0xFFFF, 0x0001, 0x0000, 0xFFFF,
  0x0001, 0xFFFF, 0x0002, 0xFFFE,  0x0002, 0xFFFD, 0x0003, 0xFFFE,
  0x0001, 0x0000, 0xFFFF, 0x0002,  0xFFFE, 0x0002, 0xFFFE, 0x0001,
  0x0001, 0xFFFD, 0x0005, 0xFFFA,  0x0006, 0xFFFA, 0x0005, 0xFFFD,
  0x0001, 0x0001, 0xFFFE, 0x0001,  0x0001, 0xFFFE, 0x0002, 0xFFFF,
  0x0000, 0x0000, 0x0001, 0xFFFE,  0x0003, 0xFFFD, 0x0003, 0xFFFD,
  0x0002, 0xFFFE, 0x0003, 0xFFFC,  0x0004, 0xFFFC, 0x0003, 0xFFFE,
  0x0001, 0x0000, 0xFFFF, 0x0002,  0xFFFD, 0x0004, 0xFFFD, 0x0001,
  0x0000, 0xFFFF, 0x0001, 0x0001,  0xFFFE, 0x0002, 0xFFFE, 0x0001,
  0x0000, 0x0000, 0x0001, 0xFFFF,  0x0000, 0x0001, 0xFFFE, 0x0003,
  0xFFFE, 0x0001, 0xFFFF, 0x0000,  0x0001, 0x0000, 0xFFFF, 0x0001,
  0xFFFE, 0x0003, 0xFFFD, 0x0002,  0xFFFE, 0x0002, 0xFFFF, 0x0000,
  0xFFFF, 0x0002, 0xFFFE, 0x0002,  0xFFFE, 0x0002, 0xFFFE, 0x0002,
  0xFFFE, 0x0002, 0xFFFF, 0x0000,  0x0000, 0x0000, 0x0000, 0x0001,
  0xFFFE, 0x0003, 0xFFFC, 0x0003,  0xFFFF, 0x0001, 0xFFFE, 0x0002,
  0xFFFD, 0x0004, 0xFFFC, 0x0003,  0xFFFE, 0x0000, 0x0002, 0xFFFD,
  0x0003, 0xFFFD, 0x0002, 0xFFFF,  0x0000, 0x0001, 0xFFFF, 0x0001,
  0xFFFF, 0x0001, 0xFFFF, 0x0000,  0x0002, 0xFFFD, 0x0003, 0xFFFD,
  0x0002, 0xFFFF, 0x0001, 0xFFFF,  0x0001, 0xFFFE, 0x0003, 0xFFFD,
  0x0003, 0xFFFE, 0x0000, 0x0000,  0x0001, 0xFFFF, 0x0002, 0xFFFC,
  0x0004, 0xFFFD, 0x0002, 0xFFFF,  0x0000, 0x0001, 0xFFFF, 0x0000,
  0x0001, 0xFFFE, 0x0003, 0xFFFE,  0x0001, 0x0000, 0xFFFF, 0x0002,
  0xFFFE, 0x0002, 0xFFFF, 0x0000,  0x0000, 0x0000, 0x0000, 0x0001,
  0xFFFE, 0x0002, 0xFFFE, 0x0001,  0x0000, 0x0000, 0x0000, 0x0000,
  0x0000, 0x0000, 0x0000, 0x0000,  0x0000, 0x0000, 0x0001, 0xFFFF,
  0x0000, 0x0000, 0x0000, 0x0001,  0xFFFF, 0x0001, 0xFFFF, 0x0000,
  0x0000, 0x0001, 0xFFFE, 0x0004,  0xFFFB, 0x0004, 0xFFFD, 0x0002,
  0x0000, 0xFFFF, 0x0001, 0xFFFF,  0x0000, 0x0002, 0xFFFD, 0x0002,
  0x0000, 0xFFFD, 0x0006, 0xFFFA,  0x0004, 0xFFFD, 0x0002, 0xFFFE,
  0x0004, 0xFFFB, 0x0004, 0xFFFD,  0x0002, 0xFFFF, 0x0001, 0xFFFF,
  0x0001, 0xFFFF, 0x0001, 0xFFFF,  0x0001, 0xFFFF, 0x0001, 0xFFFF,
  0x0001, 0xFFFF, 0x0001, 0x0000,  0xFFFF, 0x0001, 0xFFFF, 0x0001,
  0xFFFF, 0x0001, 0xFFFF, 0x0001,  0xFFFF, 0x0001, 0xFFFF, 0x0001,
  0x0000, 0xFFFF, 0x0001, 0xFFFF,  0x0001, 0xFFFF, 0x0001, 0xFFFF,
  0x0000, 0x0001, 0xFFFF, 0x0001,  0xFFFF, 0x0000, 0x0001, 0xFFFE,
  0x0003, 0xFFFD, 0x0002, 0x0000,  0xFFFE, 0x0003, 0xFFFD, 0x0002,
  0x0000, 0xFFFF, 0x0002, 0xFFFD,  0x0003, 0xFFFD, 0x0003, 0xFFFF,
  0xFFFF, 0x0001, 0xFFFF, 0x0001,  0x0000, 0x0001, 0xFFFD, 0x0003,
  0xFFFE, 0x0001, 0x0001, 0xFFFF,  0x0000, 0x0001, 0x0001, 0x0003,
  0x0002, 0x0000, 0x0000, 0xFFFF,  0x0000, 0x0001, 0xFFFF, 0x0002,
  0x0000, 0xFFFE, 0x0003, 0xFFFD,  0x0002, 0xFFFF, 0x0001, 0xFFFF,
  0x0003, 0xFFFD, 0x0004, 0xFFFD,  0x0003, 0xFFFE, 0x0002, 0xFFFE,
  0x0002, 0xFFFE, 0x0002, 0xFFFE,  0x0002, 0xFFFE, 0x0002, 0xFFFE,
  0x0001, 0x0000, 0x0000, 0x0000,  0x0000, 0xFFFF, 0x0002, 0xFFFE,
  0x0002, 0xFFFE, 0x0002, 0xFFFE,  0x0002, 0xFFFE, 0x0001, 0x0000,
  0xFFFE, 0xFFFF, 0x0000, 0x0000,  0xFFFF, 0x0001, 0xFFFE, 0x0001,
  0x0001, 0xFFFD, 0x0001, 0xFFFD,  0x0001, 0xFFFF, 0xFFFF, 0x0001,
  0xFFFF, 0x0001, 0x0000, 0x0000,  0x0000, 0x0002, 0x0000, 0xFFFF,
  0x0000, 0x0000, 0x0004, 0xFFFF,  0x0002, 0xFFFF, 0x0003, 0xFFFE,
  0x0002, 0x0000, 0x0000, 0x0001,  0x0000, 0x0000, 0x0001, 0xFFFF,
  0x0000, 0x0000, 0x0001, 0xFFFE,  0x0001, 0xFFFF, 0x0000, 0x0001,
  0x0001, 0x0001, 0xFFFF, 0x0001,  0xFFFF, 0x0002, 0x0002, 0xFFFE,
  0x0002, 0xFFFF, 0x0000, 0x0002,  0x0001, 0x0001, 0x0004, 0xFFFE,
  0x0004, 0x0000, 0x0002, 0x0001,  0x0003, 0x0001, 0x0002, 0x0006,
  0x0001, 0x0002, 0x0002, 0xFFFE,  0x0004, 0xFFFE, 0x0003, 0x0001,
  0x0003, 0x0000, 0x0003, 0x0001,  0x0001, 0x0003, 0x0000, 0x0001,
  0xFFFF, 0x0000, 0x0000, 0xFFFF,  0x0001, 0xFFFE, 0x0002, 0x0000,
  0x0005, 0x0001, 0x0002, 0x0002,  0x0003, 0xFFFE, 0x0004, 0xFFFE,
  0x0000, 0x0001, 0xFFFE, 0x0003,  0xFFFD, 0x0004, 0xFFFE, 0x0004,
  0xFFFE, 0x0004, 0xFFFE, 0x0002,  0x0000, 0x0000, 0x0001, 0x0001,
  0x0001, 0xFFFE, 0x0001, 0x0000,  0xFFFD, 0x0003, 0xFFFB, 0x0004,
  0xFFFD, 0x0000, 0xFFFF, 0x0000,  0xFFFD, 0x0003, 0xFFFC, 0x0000,
  0xFFFD, 0x0003, 0xFFFA, 0x0006,  0xFFFB, 0x0003, 0xFFFF, 0xFFFF,
  0x0000, 0x0000, 0x0002, 0x0000,  0x0004, 0xFFFD, 0x0005, 0xFFFF,
  0x0003, 0x0001, 0x0003, 0x0001,  0x0004, 0x0002, 0x0003, 0x0001,
  0x0002, 0x0003, 0x0002, 0x0004,  0x0000, 0x0006, 0x0000, 0x0003,
  0x0004, 0x0002, 0x0006, 0x0002,  0x0004, 0x0004, 0x0001, 0x0003,
  0xFFFF, 0x0002, 0x0001, 0x0000,  0x0001, 0xFFFE, 0x0002, 0xFFFC,
  0x0006, 0xFFFA, 0x0003, 0xFFFB,  0x0002, 0xFFFE, 0x0002, 0xFFFB,
  0x0002, 0xFFFC, 0xFFFF, 0x0001,  0xFFFB, 0x0002, 0xFFFE, 0xFFFE,
  0xFFFF, 0x0000, 0xFFFF, 0x0001,  0x0000, 0xFFFF, 0x0001, 0x0001,
  0x0002, 0x0001, 0x0001, 0x0000,  0x0002, 0x0000, 0x0003, 0x0002,
  0x0002, 0xFFFE, 0x0003, 0xFFFD,  0x0002, 0xFFFC, 0x0000, 0xFFFF,
  0xFFFE, 0x0000, 0xFFFE, 0x0000,  0xFFFF, 0xFFFF, 0xFFFE, 0xFFFE,
  0xFFFE, 0xFFFF, 0x0001, 0xFFFE,  0x0003, 0x0000, 0x0000, 0xFFFF,
  0xFFFF, 0x0000, 0xFFFF, 0x0000,  0xFFFF, 0x0001, 0x0000, 0x0000,
  0x0002, 0xFFFF, 0x0001, 0xFFFF,  0x0001, 0xFFFF, 0x0002, 0xFFFF,
  0x0000, 0x0000, 0x0002, 0x0000,  0xFFFF, 0x0004, 0xFFFD, 0x0003,
  0xFFFF, 0x0001, 0x0002, 0x0000,  0x0003, 0x0002, 0x0003, 0x0003,
  0x0003, 0x0000, 0x0007, 0xFFFF,  0x0004, 0x0002, 0x0001, 0x0005,
  0x0004, 0xFFFF, 0x0004, 0xFFFD,  0x0005, 0xFFFF, 0x0002, 0x0003,
  0xFFFE, 0x0003, 0xFFFE, 0x0002,  0xFFFE, 0x0002, 0xFFFE, 0x0002,
  0x0001, 0x0000, 0x0002, 0xFFFE,  0x0002, 0x0000, 0x0000, 0x0001,
  0x0000, 0xFFFF, 0x0001, 0x0000,  0xFFFE, 0x0000, 0x0000, 0x0001,
  0x0001, 0x0001, 0xFFFF, 0x0002,  0x0002, 0xFFFE, 0x0003, 0xFFFF,
  0x0002, 0x0002, 0xFFFF, 0x0004,  0xFFFF, 0x0004, 0x0001, 0x0001,
  0x0001, 0x0002, 0x0001, 0x0003,  0xFFFD, 0x0005, 0xFFFB, 0x0006,
  0xFFFE, 0x0004, 0xFFFE, 0x0002,  0x0001, 0x0001, 0x0003, 0xFFFF,
  0x0005, 0xFFFE, 0x0003, 0x0002,  0x0000, 0x0003, 0x0001, 0x0009,
  0x0003, 0x0001, 0x0001, 0xFFFE,  0x0004, 0xFFFC, 0x0003, 0x0005,
  0xFFFF, 0x0005, 0xFFFD, 0x0003,  0x0001, 0x0002, 0x0001, 0x0001,
  0xFFFF, 0x0000, 0x0001, 0x0001,  0xFFFF, 0x0001, 0xFFFF, 0x0002,
  0x0000, 0x0002, 0xFFFF, 0x0001,  0x0000, 0x0001, 0xFFFE, 0x0000,
  0xFFFC, 0xFFFD, 0xFFFF, 0xFFFE,  0xFFFC, 0x0000, 0xFFFC, 0xFFFF,
  0xFFFE, 0xFFFF, 0x0001, 0xFFFD,  0x0003, 0xFFFE, 0x0001, 0xFFFF,
  0x0000, 0xFFFD, 0x0001, 0xFFFE,  0xFFFE, 0x0001, 0xFFFE, 0x0000,
  0xFFFF, 0xFFFF, 0x0000, 0xFFFD,  0x0001, 0xFFFC, 0x0000, 0xFFFC,
  0xFFFF, 0xFFFE, 0x0001, 0xFFFF,  0x0001, 0x0001, 0xFFFF, 0xFFFE,
  0x0000, 0x0001, 0xFFFF, 0x0000,  0x0000, 0xFFFE, 0x0003, 0x0001,
  0x0001, 0x0001, 0x0001, 0x0001,  0x0001, 0x0001, 0x0000, 0x0001,
  0xFFFF, 0x0001, 0x0001, 0xFFFE,  0x0002, 0xFFFF, 0x0002, 0xFFFE,
  0x0001, 0xFFFE, 0x0003, 0xFFFD,  0x0003, 0xFFFD, 0x0002, 0xFFFF,
  0x0000, 0x0000, 0x0000, 0xFFFF,  0x0003, 0xFFFC, 0x0004, 0xFFFD,
  0x0004, 0xFFFE, 0x0003, 0x0001,  0xFFFE, 0x0005, 0xFFFE, 0x0006,
  0x0002, 0x0002, 0x0001, 0x0005,  0xFFFE, 0x0004, 0x0001, 0x0003,
  0x0003, 0x0002, 0x0001, 0x0003,  0x0003, 0x0003, 0x0002, 0x0001,
  0x0001, 0x0003, 0x0001, 0x0004,  0x0002, 0x0003, 0x0002, 0x0005,
  0x0002, 0x0004, 0x0002, 0x0002,  0x0003, 0x0002, 0x0000, 0x0006,
  0xFFFE, 0x0004, 0x0001, 0x0002,  0x0002, 0x0005, 0xFFFF, 0x0005,
  0x0000, 0x0000, 0x0001, 0x0000,  0xFFFF, 0x0002, 0xFFFC, 0x0005,
  0xFFFA, 0x0006, 0xFFF9, 0x0004,  0xFFFB, 0x0001, 0xFFFD, 0x0000,
  0xFFFE, 0xFFFE, 0xFFFE, 0xFFFE,  0xFFFD, 0x0000, 0xFFFD, 0xFFFE,
  0xFFFB, 0x0000, 0xFFFA, 0x0000,  0xFFFC, 0xFFFF, 0xFFFD, 0xFFFD,
  0xFFFC, 0x0000, 0xFFFB, 0x0001,  0xFFFB, 0xFFFF, 0xFFFB, 0x0002,
  0xFFFB, 0x0004, 0xFFFD, 0x0002,  0x0003, 0xFFFD, 0x0005, 0xFFFA,
  0x0004, 0xFFFE, 0x0001, 0xFFFF,  0xFFFF, 0x0001, 0x0002, 0xFFFF,
  0x0004, 0x0000, 0x0002, 0x0000,  0x0004, 0x0000, 0x0003, 0xFFFF,
  0xFFFF, 0x0002, 0x0000, 0x0002,  0xFFFF, 0x0000, 0x0000, 0x0001,
  0x0000, 0x0002, 0xFFFD, 0x0002,  0xFFFF, 0x0000, 0xFFFF, 0x0003,
  0xFFFE, 0x0002, 0xFFFE, 0x0001,  0xFFFF, 0x0000, 0x0002, 0xFFFD,
  0x0003, 0x0001, 0x0000, 0x0002,  0x0000, 0x0002, 0x0004, 0x0000,
  0x0004, 0x0000, 0x0003, 0x0000,  0x0001, 0x0001, 0xFFFF, 0x0006,
  0x0000, 0x0002, 0x0002, 0xFFFF,  0x0002, 0x0000, 0xFFFF, 0x0002,
  0xFFFC, 0x0002, 0xFFFC, 0xFFFF,  0xFFFE, 0xFFFB, 0xFFFE, 0xFFFE,
  0xFFFD, 0xFFFE, 0xFFFC, 0x0000,  0x0001, 0xFFFD, 0x0000, 0x0002,
  0xFFFE, 0x0001, 0xFFFE, 0xFFFE,  0x0002, 0xFFFE, 0x0002, 0xFFFE,
  0x0003, 0xFFFE, 0x0004, 0xFFFE,  0x0001, 0x0000, 0x0000, 0xFFFE,
  0x0001, 0xFFFF, 0x0002, 0xFFFF,  0x0000, 0x0001, 0xFFFF, 0xFFFF,
  0xFFFF, 0xFFFF, 0x0002, 0xFFFE,  0x0000, 0xFFFF, 0x0000, 0x0003,
  0x0002, 0x0001, 0x0000, 0xFFFE,  0x0003, 0xFFFD, 0x0004, 0x0003,
  0x0000, 0x0004, 0x0000, 0x0001,  0x0002, 0x0003, 0x0001, 0x0001,
  0xFFFE, 0x0002, 0x0000, 0x0003,  0xFFFD, 0x0004, 0xFFFD, 0x0002,
  0x0002, 0x0001, 0x0002, 0x0000,  0x0003, 0x0000, 0x0003, 0x0000,
  0x0002, 0x0000, 0x0000, 0x0001,  0xFFFE, 0x0003, 0xFFFF, 0x0004,
  0x0001, 0x0001, 0x0000, 0x0000,  0x0001, 0xFFFE, 0xFFFE, 0x0005,
  0xFFFA, 0x0006, 0xFFFA, 0x0003,  0x0000, 0xFFFD, 0x0004, 0xFFFD,
  0x0003, 0xFFFF, 0x0000, 0x0000,  0x0001, 0xFFFE, 0x0003, 0xFFFF,
  0x0001, 0x0000, 0xFFFF, 0x0002,  0xFFFF, 0x0001, 0xFFFF, 0x0000,
  0x0001, 0xFFFF, 0x0002, 0xFFFF,  0x0003, 0x0001, 0x0001, 0x0002,
  0x0000, 0x0000, 0x0006, 0xFFFF,  0x0006, 0x0004, 0x0001, 0x0000,
  0x0000, 0x0000, 0x0001, 0x0000,  0x0000, 0x0001, 0x0000, 0x0001,
  0x0000, 0x0002, 0x0002, 0x0002,  0x0002, 0x0003, 0xFFFF, 0x0002,
  0xFFFF, 0x0003, 0x0001, 0x0001,  0xFFFF, 0x0003, 0x0000, 0x0000,
  0x0002, 0x0000, 0x0001, 0x0000,  0x0001, 0x0001, 0x0003, 0xFFFC,
  0x0003, 0xFFFD, 0x0005, 0x0000,  0x0001, 0x0005, 0xFFFF, 0x0001,
  0x0002, 0x0002, 0x0000, 0x0005,  0xFFFE, 0x0005, 0xFFFF, 0x0006,
  0x0000, 0x0004, 0x0000, 0x0003,  0x0003, 0x0000, 0x0005, 0x0000,
  0x0001, 0x0003, 0xFFFE, 0x0002,  0xFFFF, 0x0000, 0x0001, 0x0001,
  0x0000, 0x0000, 0x0001, 0xFFFE,  0x0002, 0xFFFE, 0x0003, 0xFFFA,
  0x0001, 0xFFFD, 0x0001, 0x0000,  0xFFFD, 0x0003, 0xFFFE, 0xFFFE,
  0x0000, 0xFFFE, 0x0003, 0xFFFC,  0x0005, 0xFFFA, 0x0006, 0xFFFC,
  0x0003, 0xFFFF, 0x0001, 0x0000,  0x0001, 0x0000, 0x0001, 0xFFFF,
  0x0000, 0x0001, 0xFFFF, 0x0001,  0xFFFE, 0x0001, 0x0001, 0xFFFE,
  0x0001, 0x0001, 0xFFFE, 0x0003,  0xFFFE, 0x0003, 0x0002, 0xFFFF,
  0x0001, 0xFFFF, 0x0001, 0x0002,  0xFFFE, 0x0002, 0x0000, 0x0000,
  0x0006, 0xFFFE, 0x0000, 0x0000,  0x0001, 0xFFFE, 0x0003, 0xFFFF,
  0x0001, 0x0000, 0xFFFF, 0x0000,  0xFFFD, 0x0001, 0xFFFF, 0xFFFE,
  0x0000, 0xFFFC, 0x0001, 0xFFFD,  0xFFFF, 0xFFFE, 0xFFFD, 0xFFFF,
  0xFFFB, 0x0000, 0xFFFB, 0xFFFE,  0xFFFE, 0xFFF8, 0x0000, 0xFFFB,
  0x0000, 0xFFFE, 0xFFFE, 0x0001,  0xFFFE, 0x0002, 0xFFFE, 0xFFFE,
  0xFFFE, 0xFFFF, 0xFFFF, 0x0000,  0xFFFE, 0x0002, 0xFFFE, 0x0003,
  0xFFFF, 0x0003, 0x0000, 0xFFFF,  0x0002, 0xFFFD, 0x0003, 0xFFFE,
  0x0002, 0xFFFF, 0x0001, 0xFFFD,  0x0002, 0xFFFF, 0x0000, 0xFFFF,
  0x0000, 0xFFFF, 0x0000, 0x0000,  0x0000, 0xFFFD, 0x0003, 0x0002,
  0x0004, 0x0000, 0xFFFD, 0x0002,  0xFFFD, 0x0000, 0xFFFD, 0x0006,
  0xFFFE, 0x0006, 0xFFFB, 0x0008,  0xFFFF, 0x0004, 0x0001, 0x0001,
  0x0000, 0x0003, 0xFFFF, 0x0004,  0xFFFF, 0x0001, 0x0002, 0x0001,
  0x0006, 0x0002, 0x0003, 0x0003,  0x0003, 0x0002, 0x0000, 0x0002,
  0xFFFD, 0x0001, 0xFFFF, 0x0000,  0x0000, 0x0000, 0xFFFF, 0x0000,
  0x0000, 0x0001, 0xFFFF, 0x0003,  0xFFFE, 0x0002, 0x0000, 0x0004,
  0x0000, 0x0003, 0xFFFE, 0x0002,  0xFFFF, 0x0003, 0xFFFE, 0x0003,
  0x0000, 0xFFFE, 0x0005, 0xFFFB,  0x0004, 0xFFFE, 0x0001, 0x0000,
  0x0001, 0xFFFF, 0x0003, 0x0001,  0x0002, 0x0002, 0x0001, 0x0001,
  0xFFFE, 0x0002, 0xFFFE, 0x0002,  0x0000, 0x0000, 0x0000, 0x0002,
  0x0003, 0x0000, 0x0001, 0xFFFF,  0x0001, 0x0000, 0x0000, 0x0001,
  0xFFFE, 0x0002, 0xFFFC, 0x0002,  0xFFFB, 0xFFFF, 0x0000, 0xFFF7,
  0x0003, 0xFFFA, 0x0001, 0xFFFB,  0xFFFE, 0xFFF9, 0x0000, 0xFFFB,
  0xFFFC, 0xFFFE, 0xFFFA, 0xFFFE,  0xFFFE, 0xFFFB, 0xFFFF, 0xFFF8,
  0x0001, 0xFFF7, 0x0000, 0xFFFA,  0xFFFC, 0xFFFC, 0xFFFC, 0xFFFE,
  0x0002, 0xFFFB, 0x0001, 0xFFFD,  0x0000, 0xFFFF, 0xFFFF, 0x0001,
  0xFFFE, 0x0003, 0xFFFE, 0x0001,  0x0000, 0x0001, 0x0000, 0x0003,
  0xFFFE, 0x0003, 0xFFFF, 0x0003,  0x0001, 0x0001, 0x0002, 0x0003,
  0x0004, 0x0005, 0x0001, 0x0007,  0x0000, 0x0006, 0x0002, 0x0007,
  0x0002, 0x0004, 0x0002, 0x0004,  0x0004, 0x0004, 0x0003, 0x0005,
  0x0003, 0x0005, 0x0000, 0x0007,  0xFFFF, 0x0003, 0x0001, 0x0006,
  0x0003, 0x0001, 0x0005, 0xFFFF,  0x0005, 0xFFFE, 0x0002, 0x0004,
  0x0000, 0x0003, 0x0000, 0x0003,  0x0000, 0x0003, 0xFFFE, 0x0001,
  0xFFFF, 0x0001, 0x0001, 0xFFFE,  0x0001, 0x0001, 0xFFFD, 0x0002,
  0xFFFD, 0x0000, 0x0002, 0xFFFC,  0x0003, 0xFFFC, 0x0002, 0xFFFC,
  0x0002, 0xFFFD, 0x0003, 0xFFFF,  0xFFFF, 0x0001, 0xFFFD, 0xFFFE,
  0xFFFC, 0x0001, 0xFFFD, 0x0000,  0xFFFF, 0xFFFE, 0x0001, 0xFFFF,
  0xFFFF, 0x0001, 0x0000, 0x0001,  0x0002, 0x0000, 0x0004, 0xFFFF,
  0x0002, 0xFFFE, 0x0004, 0xFFFE,  0x0004, 0xFFFD, 0x0003, 0xFFFC,
  0x0002, 0xFFFF, 0x0001, 0xFFFD,  0x0003, 0xFFFC, 0x0003, 0xFFFF,
  0xFFFF, 0x0001, 0xFFFF, 0x0000,  0x0001, 0x0001, 0xFFFF, 0x0002,
  0xFFFE, 0x0002, 0x0000, 0xFFFF,  0x0002, 0xFFFF, 0xFFFE, 0x0004,
  0x0001, 0x0004, 0xFFFF, 0x0004,  0x0002, 0x0002, 0x0007, 0x0002,
  0x0007, 0x0000, 0x0006, 0x0000,  0x0006, 0xFFFE, 0x0004, 0x0002,
  0x0001, 0xFFFF, 0x0001, 0xFFFF,  0x0000, 0xFFFF, 0xFFFB, 0x0000,
  0xFFF9, 0x0000, 0xFFFF, 0xFFFF,  0x0001, 0x0000, 0x0000, 0xFFFE,
  0x0000, 0xFFFE, 0xFFFD, 0xFFFE,  0xFFFD, 0xFFFE, 0x0001, 0xFFFF,
  0x0002, 0x0001, 0x0000, 0xFFFF,  0x0000, 0xFFFF, 0xFFFF, 0xFFFC,
  0xFFFE, 0xFFFF, 0xFFFE, 0xFFFD,  0xFFFF, 0xFFFE, 0xFFFF, 0xFFFD,
  0x0000, 0xFFFB, 0xFFFE, 0xFFFC,  0xFFFF, 0xFFF9, 0xFFFF, 0xFFFA,
  0xFFFC, 0xFFFD, 0xFFFA, 0xFFFB,  0x0000, 0xFFF6, 0x0002, 0xFFFA,
  0x0001, 0xFFFC, 0x0000, 0xFFFE,  0xFFFF, 0x0001, 0x0000, 0x0000,
  0x0002, 0xFFFC, 0x0004, 0xFFFB,  0x0004, 0xFFFD, 0x0004, 0xFFFD,
  0x0008, 0xFFFD, 0x0006, 0x0001,  0x0005, 0x0003, 0x0002, 0x0002,
  0x0000, 0xFFFF, 0xFFFF, 0x0000,  0xFFFF, 0x0003, 0xFFFF, 0x0001,
  0x0001, 0x0003, 0x0001, 0x0001,  0x0002, 0xFFFE, 0x0001, 0x0001,
  0xFFFE, 0xFFFF, 0xFFFF, 0xFFFC,  0xFFFF, 0xFFFD, 0x0000, 0xFFFD,
  0x0005, 0xFFFB, 0x0001, 0xFFFE,  0x0003, 0xFFFB, 0xFFFF, 0x0003,
  0xFFFF, 0x0003, 0xFFFF, 0x0002,  0xFFFE, 0xFFFE, 0x0007, 0xFFFC,
  0x0001, 0x0000, 0x0004, 0x0002,  0xFFF8, 0x0004, 0xFFFE, 0x0001,
  0x0002, 0xFFFB, 0x0001, 0xFFF6,  0x0001, 0x0000, 0x000A, 0x0008,
  0x000A, 0x0009, 0x0006, 0xFFFD,  0xFFF5, 0xFFF3, 0xFFF6, 0xFFF9,
  0x0008, 0x0000, 0x0017, 0x000E,  0x000C, 0x0000, 0xFFF7, 0xFFFF,
  0xFFEF, 0xFFFA, 0x000E, 0x000A,  0xFFFE, 0x0003, 0xFFFC, 0xFFE1,
  0xFFF9, 0x0016, 0xFFEF, 0x0002,  0x0021, 0x001A, 0xFFEB, 0xFFFE,
  0x0021, 0xFFFE, 0x0013, 0x0020,  0xFFFA, 0xFFC4, 0x0002, 0xFFF9,
  0xFFE5, 0x0001, 0x002E, 0x0032,  0xFFF4, 0xFFFC, 0x002D, 0xFFEE,
  0xFFD4, 0xFFF2, 0x000C, 0x0001,  0x000F, 0x0038, 0x0006, 0x0028,
  0x0001, 0xFFFB, 0xFFD5, 0xFFC4,  0xFFCF, 0xFFE6, 0x002F, 0x001F,
  0x0024, 0x0024, 0x0027, 0x0002,  0x0007, 0xFFDF, 0xFFC4, 0xFFE0,
  0xFFC9, 0xFFEF, 0x000C, 0x0011,  0x0021, 0x005E, 0x0022, 0xFFE7,
  0xFFED, 0xFFAE, 0xFFCE, 0xFFD4,  0x001A, 0xFFED, 0x001C, 0x002D,
  0x0003, 0x001A, 0x0001, 0xFFEE,  0xFFBC, 0x0028, 0x0010, 0xFFED,
  0xFFEA, 0x007F, 0x0044, 0xFFDC,  0xFFEA, 0x0031, 0xFFAD, 0xFF74,
  0x0039, 0x0007, 0x000F, 0x0038,  0x002F, 0xFFB6, 0xFFEE, 0xFFF2,
  0xFFEA, 0xFFFF, 0xFFFD, 0x001F,  0x0039, 0x0005, 0xFFD7, 0x003A,
  0xFFFC, 0x002E, 0x0028, 0xFFE8,  0xFFFA, 0xFF88, 0xFF6C, 0xFFC0,
  0x007D, 0x00F6, 0xFFA6, 0x0034,  0xFFBE, 0xFF37, 0x009B, 0x00BC,
  0xFF3D, 0xFF7D, 0x0094, 0xFF88,  0xFFC2, 0xFEC2, 0xFFBA, 0x0116,
  0x008C, 0x013C, 0x010A, 0xFF10,  0xFD9E, 0x0067, 0x01BE, 0xFF9C,
  0x0069, 0x00F3, 0x012F, 0x0162,  0x0155, 0x01D2, 0x005A, 0xFFDA,
  0xFECD, 0xFDCA, 0xFE3D, 0xFE60,  0xFF24, 0xFF77, 0x001D, 0x00B6,
  0x0192, 0x0221, 0x0162, 0x00AC,  0x0023, 0xFEE4, 0xFE11, 0xFE40,
  0xFDC6, 0xFEB0, 0xFF3A, 0xFFA0,  0xFFEE, 0x014E, 0x0044, 0xFF81,
  0xFE2C, 0xFCB3, 0xF997, 0xFD71,  0xFF54, 0x009B, 0x0AAB, 0x10B4,
  0x0E20, 0xFF86, 0xF8CD, 0xF24B,  0xE78F, 0xE44D, 0xF659, 0x0357,
  0x0325, 0x0E27, 0x16E2, 0x1338,  0x10FF, 0x0DC6, 0xFE86, 0xF48B,
  0xF78A, 0xF893, 0xFDC6, 0x04A8,  0x04DD, 0x05F8, 0x071A, 0x05CD,
  0xFE24, 0xF97E, 0xF1E3, 0xF2B4,  0xF77B, 0xFBB1, 0x0036, 0x0855,
  0x0B6C, 0x03BC, 0x01BC, 0xFD29,  0xF5ED, 0xF23C, 0xF403, 0xF8A3,
  0xFCA3, 0x014B, 0x076A, 0x0933,  0x085C, 0x03DC, 0x00E4, 0xFBFD,
  0xFB11, 0xFF88, 0x021E, 0x04DA,  0x06BA, 0x06A8, 0x052F, 0x02F5,
  0x0084, 0xFB80, 0xF9BA, 0xFC0F,  0xFD39, 0x023C, 0x03D0, 0x04F6,
  0x05C7, 0x0335, 0x022B, 0x00FF,  0xFF2B, 0xFCE7, 0xFAAD, 0xFADE,
  0xF9C3, 0xFB15, 0xFBED, 0xFE19,  0xFEDC, 0xFFE3, 0x0034, 0xFBD0,
  0xFDDA, 0xFD1D, 0xFE3D, 0x0018,  0x0655, 0x0ABA, 0x0AB2, 0x0B2F,
  0x0930, 0x083C, 0x05CD, 0x050D,  0x040D, 0x057C, 0x066F, 0x060D,
  0x034E, 0x0047, 0xFF76, 0xFF5D,  0x02B1, 0x0332, 0xFF86, 0xFC34,
  0xF7EF, 0xF579, 0xF06B, 0xEAC7,  0xE656, 0xE3E8, 0xE868, 0xF27A,
  0xFBD6, 0x054D, 0x0C9F, 0x110B,  0x10E8, 0x090F, 0x050F, 0xFFA5,
  0xFF6D, 0x019F, 0x0502, 0x0846,  0x0840, 0x0450, 0x0381, 0x01DB,
  0xFE49, 0xFEFF, 0xFF67, 0xFFE2,  0x0208, 0x028F, 0x00E0, 0xFEAB,
  0xF8E2, 0xF97E, 0xFBC1, 0xFC76,  0xFE6F, 0x07EA, 0x04CD, 0x033A,
  0x05B0, 0x0157, 0x0265, 0x03D5,  0x00A3, 0xFC91, 0xFC2D, 0x07EF,
  0x07C3, 0xF9B0, 0x0041, 0x00FD,  0x0806, 0x04A0, 0x00EF, 0x029C,
  0xFDD9, 0xFD83, 0xFAE4, 0xFF24,  0xFD14, 0x0003, 0x0244, 0xFEFD,
  0x014F, 0x00CE, 0xFDD8, 0xFF23,  0xFEE4, 0x0055, 0x0076, 0xFE7F,
  0xFE11, 0xFDEF, 0xFE03, 0xFB5B,  0xFAA0, 0xFD03, 0x00B2, 0xFD25,
  0xFD54, 0x02C7, 0x017A, 0x0424,  0x0203, 0x00A3, 0x0012, 0xFFA4,
  0xFE08, 0xFB61, 0xFECD, 0xF68C,  0xFB18, 0xFE76, 0xF987, 0xFD12,
  0xFBA2, 0xFFA0, 0x0279, 0x0353,  0x01D5, 0xFABE, 0xFB46, 0xFE0D,
  0x025C, 0x03F5, 0x060A, 0x0513,  0x0317, 0x035C, 0xFEEB, 0x0009,
  0xFD22, 0x00E3, 0x04F6, 0x054C,  0x051E, 0x0020, 0x003B, 0x0363,
  0x00B4, 0xFB41, 0xF84A, 0xFB6F,  0xFD57, 0xFD2A, 0xFE72, 0x00C7,
  0x07D0, 0x04F1, 0x0036, 0x0146,  0x025A, 0xFB95, 0x0185, 0x0743,
  0x063C, 0x0137, 0x0115, 0x05F8,  0xFD17, 0xFE37, 0xFE37, 0x00D6,
  0x07C4, 0x03EC, 0x00D2, 0xFE8B,  0xFFEE, 0x00A5, 0xF824, 0xFAFB,
  0xFB40, 0xFE2E, 0xFEB5, 0x00E4,  0x04A3, 0x003F, 0xFEB2, 0xFC17,
  0xFE5C, 0xFF7D, 0x00D6, 0x0345,  0x01DE, 0x0115, 0x0013, 0xFF64,
  0x0485, 0xFE19, 0xFE66, 0xFE66,  0x018F, 0x01B4, 0x0314, 0x003A,
  0xFBDF, 0x0251, 0xFE22, 0x007F,  0xFBDE, 0x008C, 0xFEAB, 0xFC11,
  0x0004, 0xFFF0, 0xFED5, 0xFBFC,  0x0064, 0xFFF4, 0xFFA5, 0xFDA9,
  0xFEA4, 0x008F, 0xFF19, 0xFE3F,  0xFE9E, 0xFEB1, 0xFE54, 0xFF96,
  0x0014, 0x000D, 0xFE06, 0x0130,  0x01FC, 0x019A, 0x0444, 0x0267,
  0x020B, 0x006F, 0x01C0, 0xFFDF,  0xFE70, 0xFE2F, 0xFC4E, 0x00CD,
  0x039F, 0x0016, 0xFD8C, 0xFD0A,  0xFF70, 0xFF87, 0xFE54, 0x01A5,
  0x0246, 0xFF53, 0xFD3F, 0x02EC,  0x0028, 0xFE86, 0xFB71, 0xFED0,
  0x0262, 0xFF8D, 0x02B0, 0x02C6,  0x04AB, 0x003A, 0xFF0E, 0x0241,
  0x03B8, 0x01E6, 0xFDCE, 0xFCC9,  0x05BF, 0x02EE, 0x00C6, 0xFFBA,
  0x00A2, 0x0138, 0xFD9D, 0x0283,  0x00ED, 0x0018, 0xFA53, 0xFF5C,
  0x0015, 0x016E, 0xFDAB, 0xFB36,  0x0215, 0x0015, 0x022C, 0x00E3,
  0x0171, 0xFD18, 0xFC2C, 0x0300,  0x0188, 0x024A, 0x033D, 0x01F5,
  0x015C, 0xFA43, 0xFED5, 0xFE23,  0xFC26, 0xFF80, 0xFE8B, 0xFF9C,
  0xFF39, 0x0169, 0xFE06, 0xFC36,  0xFFAB, 0x02BA, 0x043F, 0xFF51,
  0xFB4B, 0xFF6A, 0x01BE, 0x058F,  0x01F9, 0x0080, 0x0002, 0xFC5B,
  0x0135, 0x028C, 0x028E, 0xFE28,  0xFEFF, 0xFCE5, 0xFC0D, 0x01A0,
  0x027E, 0x0388, 0xFE28, 0xFAC4,  0xFBA8, 0xFC83, 0xFE77, 0xFFA1,
  0x020E, 0x0258, 0x0374, 0x0208,  0xFCD4, 0xFE2C, 0xFCB4, 0xFDA6,
  0xFFD8, 0x0184, 0x045A, 0x015C,  0x000F, 0x00CC, 0x025E, 0xFDD8,
  0xFDC4, 0x0392, 0x0135, 0xFDDB,  0xFF20, 0x0027, 0xFB26, 0xFAA6,
  0xFF27, 0xFFDF, 0x01AD, 0xFEBF,  0x0087, 0x04D9, 0xFF3D, 0x0007,
  0xFF4C, 0xFD46, 0xFD84, 0x0119,  0x03B4, 0xFDE6, 0xFD63, 0xFD99,
  0x01F8, 0x04BB, 0x00B1, 0xFF48,  0x004E, 0x0048, 0x0109, 0x01D2,
  0x024B, 0x046B, 0x02DE, 0x0016,  0xFDE5, 0xFF1B, 0xFFCE, 0xFFA5,
  0xFDEA, 0xFD91, 0xFFFF, 0x0140,  0x0301, 0x006D, 0xFB06, 0xFDB2,
  0x0487, 0x02F8, 0xFF7C, 0xFE31,  0xFF6C, 0x0182, 0x04C2, 0x0220,
  0x0092, 0x020E, 0x01AE, 0x02FC,  0x0208, 0x0247, 0xFE3D, 0xFCF3,
  0xFCEF, 0x0196, 0x03E2, 0x0000,  0xFDFF, 0xFD33, 0xFF55, 0x0021,
  0xFF82, 0xFCE1, 0x0011, 0xFFC6,  0x017F, 0x00C3, 0xFC81, 0xFBF0,
  0xFDCF, 0x02D8, 0x0261, 0x0143,  0xFF11, 0x022F, 0x0261, 0x0137,
  0x02BD, 0xFFB5, 0xFEEA, 0xFEDD,  0x007E, 0x0109, 0x01D4, 0x046A,
  0xFD96, 0xFB36, 0xFF2D, 0x0075,  0x0323, 0xFF57, 0xFE99, 0xFE98,
  0xFD65, 0xFBBF, 0xFA05, 0x0142,  0x01FD, 0xFDB8, 0xFC6E, 0x0436,
  0x03FD, 0xFD4D, 0x004B, 0xFE39,  0xFD1E, 0x00D7, 0x0766, 0x008D,
  0xFC03, 0x0116, 0xFDD3, 0x0087,  0x011E, 0x02A5, 0x0474, 0xFF98,
  0x01C7, 0x00BE, 0x0301, 0xFFB9,  0xFAA4, 0xFEDA, 0xFBB8, 0x020A,
  0xFF16, 0xFC73, 0xFF9F, 0xFB79,  0x0158, 0x0134, 0x01D9, 0x0216,
  0xFF03, 0x00DD, 0x028F, 0x0593,  0x01D2, 0x0234, 0x018A, 0xFDE0,
  0x0195, 0xFF3A, 0x003E, 0xFCDF,  0xFBED, 0x00EC, 0x0092, 0x0169,
  0xFC86, 0xFD29, 0x0036, 0x0216,  0x0148, 0xFCDD, 0xFD89, 0xFD1E,
  0xFE00, 0xFF8E, 0xFF1A, 0x0010,  0x02E8, 0x0521, 0x00B9, 0xFD4D,
  0x0029, 0x01A8, 0x03F6, 0x00F9,  0xFF93, 0x0189, 0x0067, 0x0355,
  0x00EB, 0xFF6C, 0xFEC2, 0xFCF9,  0x01A0, 0x01C3, 0x0022, 0xFBAE,
  0xFA40, 0xFF55, 0x0019, 0x0076,  0xFD06, 0xF9FE, 0xFC1E, 0xFFBF,
  0x01CC, 0x01F3, 0x01BE, 0x000B,  0x0452, 0x0672, 0x02FA, 0x00DD,
  0xFC57, 0xFD3F, 0x02F0, 0x022D,  0xFE19, 0xFCC4, 0xFF07, 0x0234,
  0x02F2, 0xFEB0, 0xFED0, 0x0258,  0x0017, 0xFF9D, 0x01A4, 0x02BF,
  0x020F, 0xFDB7, 0xFD55, 0xFECE,  0xFC70, 0xFAC9, 0xFC17, 0x0047,
  0x0128, 0x017C, 0xFE18, 0xFCD4,  0x0063, 0xFF56, 0xFFE1, 0x003C,
  0xFE97, 0xFF3D, 0x0345, 0x0379,  0x03D3, 0x026F, 0xFDA2, 0xFDD0,
  0xFEA2, 0xFF1F, 0x01CF, 0x03D8,  0x0341, 0x0313, 0x014C, 0xFFB4,
  0xFF8F, 0xFCC2, 0xFB9B, 0xFC91,  0xFBCB, 0xFDB6, 0x0152, 0x002D,
  0xFE17, 0xFE73, 0xFF92, 0x010C,  0xFE67, 0xFCCA, 0x00E9, 0x02FC,
  0x01D3, 0x0282, 0x00D3, 0x016F,  0x024B, 0x00B4, 0x0254, 0x0133,
  0x021D, 0x0396, 0x0296, 0x001D,  0xFF93, 0x01DF, 0x02BE, 0x0032,
  0xFDDB, 0xFB22, 0xFB93, 0xFF40,  0xFEB7, 0xFF7A, 0xFD40, 0xFBF5,
  0xFF70, 0xFFF7, 0x0006, 0xFFCA,  0xFEED, 0x004E, 0x0161, 0x04CB,
  0x048E, 0xFF4B, 0xFF07, 0x010D,  0x03BD, 0x01A0, 0xFEE9, 0x003D,
  0x002E, 0xFFCE, 0xFDCB, 0xFCFD,  0xFE04, 0x0074, 0x0002, 0xFFC9,
  0x0201, 0x01C4, 0x010E, 0xFE1F,  0xFD18, 0xFC43, 0xFDFC, 0xFF97,
  0xFF3F, 0x00E6, 0x00B5, 0x0102,  0x00E3, 0x014A, 0x00F3, 0x007A,
  0x01D9, 0x02E3, 0x01F1, 0x0209,  0x009F, 0xFF06, 0xFF52, 0x0029,
  0x0147, 0x005C, 0xFF47, 0xFE25,  0xFFBD, 0xFFAB, 0xFF21, 0x0022,
  0xFFC9, 0xFEC8, 0xFE08, 0x015B,  0x0376, 0x026C, 0x0036, 0xFF11,
  0x004D, 0x0068, 0xFF10, 0xFD41,  0xFC55, 0xFC0E, 0xFEBA, 0x0271,
  0x04B8, 0x038C, 0x0022, 0xFFA3,  0xFFB7, 0xFEF2, 0xFE68, 0x00A4,
  0x0209, 0x0206, 0x01BA, 0x02B8,  0x034E, 0x003A, 0xFDE6, 0xFCD1,
  0xFF24, 0xFF67, 0xFD18, 0xFF45,  0x03F9, 0x01AA, 0xFDE6, 0xFE9E,
  0xFEEF, 0xFE24, 0xFE54, 0x0141,  0x0118, 0xFEFA, 0xFD9B, 0xFD06,
  0x0076, 0x00CE, 0xFB9A, 0xFB08,  0xFFFD, 0x033F, 0x0204, 0x00E1,
  0x007E, 0xFEBE, 0xFFD6, 0x0218,  0x03C4, 0x01D5, 0xFE23, 0xFF38,
  0x0287, 0x04F7, 0x00DB, 0xFD6D,  0xFEA3, 0x0051, 0x017F, 0x010F,
  0x00F3, 0xFE9C, 0xFD15, 0xFF87,  0x016C, 0xFFE7, 0xFCAD, 0xFDAF,
  0xFF9F, 0x01EB, 0x036A, 0x01C3,  0x016F, 0xFF87, 0x01D2, 0x026F,
  0x00A8, 0x002E, 0xFE07, 0x014D,  0x03DF, 0x01CC, 0xFE87, 0xFD51,
  0x0438, 0x02BF, 0xFD90, 0xFDD6,  0xFE7C, 0x018E, 0xFC59, 0xFCDE,
  0xFE4C, 0xFD90, 0xFCC0, 0xF979,  0xFE03, 0xFED7, 0xFEA8, 0xFF08,
  0xFDF8, 0xFE4A, 0xFD46, 0xFD62,  0xFEA2, 0xFD86, 0xFDDA, 0x0039,
  0x014C, 0x00B1, 0xFF31, 0xFEF6,  0x00CD, 0x0212, 0x02F1, 0x035E,
  0x02F1, 0x039E, 0x0324, 0x01E2,  0xFE0C, 0xFDCC, 0xFF1F, 0xFF1B,
  0xFF72, 0x00A0, 0x011A, 0x0147,  0x0289, 0x00DB, 0x0134, 0x01B6,
  0x0131, 0x0140, 0x030D, 0x0556,  0x05DB, 0x049E, 0x0455, 0x03BA,
  0x02A2, 0x00DB, 0x008B, 0x0373,  0x02FF, 0x0141, 0x00A4, 0x0347,
  0x0360, 0xFFDA, 0xFF2B, 0x0020,  0xFFD4, 0xFDF7, 0xFEF5, 0x0138,
  0x0062, 0xFCB0, 0xFA19, 0xFB78,  0xFE97, 0xFDB8, 0xFA0F, 0xF997,
  0xFD1A, 0xFE96, 0xFC9C, 0xFBFC,  0xFB87, 0xFA97, 0xFAC5, 0xFCED,
  0xFD7B, 0xFAD4, 0xFA58, 0xFC37,  0xFD71, 0xFCEB, 0xFC32, 0xFCAE,
  0xFF40, 0xFF56, 0xFF51, 0x00D2,  0x0148, 0x011B, 0x007A, 0x011A,
  0x023A, 0x0287, 0x01D1, 0x033A,  0x0468, 0x0536, 0x04CE, 0x0354,
  0x0435, 0x04FE, 0x05AC, 0x06FE,  0x068C, 0x06F6, 0x0769, 0x0849,
  0x0993, 0x082D, 0x06E0, 0x04E1,  0x050E, 0x061B, 0x059D, 0x03CF,
  0x01B1, 0x026F, 0x03C1, 0x0250,  0x0146, 0x014B, 0xFE5C, 0xFCF4,
  0xFC4E, 0xFADD, 0xF9B4, 0xF847,  0xF878, 0xF932, 0xF80E, 0xF754,
  0xF558, 0xF3BF, 0xF3FD, 0xF416,  0xF39F, 0xF1EB, 0xF21F, 0xF399,
  0xF4E5, 0xF55D, 0xF62D, 0xF80F,  0xF95A, 0xF9CF, 0xFA92, 0xFB71,
  0xFD9F, 0xFF09, 0xFF94, 0x0118,  0x03BC, 0x0714, 0x0711, 0x06AC,
  0x088E, 0x0974, 0x099D, 0x0A7A,  0x0AE7, 0x0B64, 0x0C43, 0x0D19,
  0x0D76, 0x0DDD, 0x0E03, 0x0D8A,  0x0C94, 0x0CD0, 0x0CEA, 0x0CBF,
  0x0CBF, 0x0B45, 0x099B, 0x0947,  0x0974, 0x07D6, 0x0551, 0x03CA,
  0x04F8, 0x053F, 0x02C3, 0xFF1B,  0xFCC6, 0xFC9A, 0xFBB7, 0xFAC2,
  0xFA0C, 0xF9A6, 0xF912, 0xF755,  0xF546, 0xF2E9, 0xF0DB, 0xEF80,
  0xECFA, 0xEAB1, 0xEB95, 0xED22,  0xED24, 0xEBC8, 0xEC0A, 0xED82,
  0xEDF5, 0xEEBD, 0xEFB8, 0xF1D6,  0xF5C4, 0xF999, 0xFB8C, 0xFCE0,
  0x0070, 0x033C, 0x035C, 0x0449,  0x05EB, 0x077C, 0x0704, 0x0753,
  0x0A0F, 0x0B9F, 0x0CDC, 0x0E37,  0x0F54, 0x1053, 0x10C0, 0x1065,
  0x1005, 0x0F5D, 0x0E47, 0x0E62,  0x0F9F, 0x105F, 0x0E80, 0x0C71,
  0x0C97, 0x0CBC, 0x0BF2, 0x0B1D,  0x0AF1, 0x09CB, 0x0791, 0x064B,
  0x0489, 0x01E6, 0xFF58, 0xFD2E,  0xFB6C, 0xFAC9, 0xF9CA, 0xF781,
  0xF3F7, 0xF0A2, 0xEE9E, 0xEB74,  0xE730, 0xE3FD, 0xE389, 0xE424,
  0xE542, 0xE55F, 0xE6B8, 0xE900,  0xEBF7, 0xED6B, 0xECDE, 0xEF8A,
  0xF426, 0xF835, 0xF8FF, 0xFBB6,  0x00B0, 0x046C, 0x0588, 0x05F1,
  0x0789, 0x0858, 0x0A2C, 0x0BEB,  0x0CED, 0x0DB8, 0x0FB1, 0x1269,
  0x134D, 0x12BA, 0x10AF, 0x0FE0,  0x111A, 0x1153, 0x0FBA, 0x0E28,
  0x0EC4, 0x0FE9, 0x0FF0, 0x0EE5,  0x0DE8, 0x0D6F, 0x0D2A, 0x0DBE,
  0x0D65, 0x0CB1, 0x0C86, 0x0C2E,  0x0B3E, 0x097E, 0x05E8, 0x010A,
  0xFEB2, 0xFDCF, 0xFAF5, 0xF66C,  0xF39D, 0xF2F0, 0xF11F, 0xECC2,
  0xE7E4, 0xE425, 0xE0D6, 0xDEFB,  0xDE81, 0xDE15, 0xDE2B, 0xDF58,
  0xE5BD, 0xEA63, 0xEA45, 0xE947,  0xED79, 0xF4C0, 0xF5EE, 0xF809,
  0xFD84, 0x04AF, 0x08FE, 0x0C23,  0x0F37, 0x0EE9, 0x0DDD, 0x0DF5,
  0x0EE9, 0x0F51, 0x0F93, 0x116F,  0x12F5, 0x1446, 0x13E4, 0x1091,
  0x0DFC, 0x0DE8, 0x0DCD, 0x0D20,  0x0E69, 0x0F8D, 0x0EA3, 0x0DC7,
  0x0DE3, 0x0BE9, 0x0987, 0x08B7,  0x0A5F, 0x0CA6, 0x0EEB, 0x1025,
  0x0EC3, 0x0DCE, 0x0D0F, 0x093C,  0x0209, 0xFCF2, 0xFC3E, 0xFAF8,
  0xF883, 0xF4B6, 0xF01F, 0xECB4,  0xE886, 0xE59A, 0xE331, 0xE010,
  0xDD5A, 0xDD96, 0xDEAA, 0xDF53,  0xE0BD, 0xE4B4, 0xE70A, 0xE69A,
  0xE80C, 0xEB66, 0xEF9F, 0xF2EF,  0xF808, 0xFC31, 0x0166, 0x085E,
  0x0D06, 0x0FB7, 0x10D5, 0x120E,  0x12D9, 0x1292, 0x1343, 0x1330,
  0x13C7, 0x1478, 0x1441, 0x13AE,  0x1222, 0x106B, 0x0E0B, 0x0E07,
  0x0D94, 0x0D85, 0x0ECA, 0x0F92,  0x0F36, 0x0DBE, 0x0D4D, 0x0BB2,
  0x099F, 0x096F, 0x0B1A, 0x0D55,  0x0E5D, 0x0F31, 0x0F8C, 0x0D29,
  0x092B, 0x03B3, 0xFDA6, 0xF73D,  0xF23C, 0xEF0F, 0xEBDF, 0xE92A,
  0xE71B, 0xE5AC, 0xE312, 0xDFF3,  0xDCAA, 0xDA16, 0xDB03, 0xDD68,
  0xDDE2, 0xE312, 0xEB9D, 0xED8C,  0xEC31, 0xED9B, 0xF1FF, 0xF596,
  0xF9FC, 0x00CB, 0x05E0, 0x0C33,  0x1420, 0x16FA, 0x1625, 0x13FD,
  0x1226, 0x10B6, 0x109E, 0x1108,  0x120C, 0x1347, 0x13A4, 0x1374,
  0x10CD, 0x0D43, 0x098D, 0x0979,  0x0BA9, 0x0E0C, 0x101C, 0x1070,
  0x10E0, 0x1128, 0x0F80, 0x0CB7,  0x0A88, 0x0B11, 0x0F28, 0x1252,
  0x12F2, 0x10EC, 0x0D56, 0x0922,  0x03F8, 0xFDC2, 0xF62A, 0xEECF,
  0xE9A1, 0xE7B4, 0xE502, 0xE0A8,  0xDB0E, 0xD8E4, 0xD97F, 0xD65B,
  0xD361, 0xD587, 0xDBAE, 0xDDC1,  0xE04B, 0xEADE, 0xF392, 0xF078,
  0xEF42, 0xF697, 0xFE59, 0x01C8,  0x06C5, 0x106F, 0x1507, 0x1B58,
  0x1F5B, 0x1E29, 0x1A36, 0x147C,  0x12A3, 0x108B, 0x0E1F, 0x0BE3,
  0x0B65, 0x0C99, 0x0B32, 0x09C0,  0x0712, 0x0508, 0x0636, 0x095B,
  0x0E17, 0x116F, 0x12DB, 0x1402,  0x16AF, 0x172C, 0x13D2, 0x112F,
  0x10E4, 0x11B2, 0x1314, 0x1383,  0x1064, 0x0A46, 0x04D7, 0xFFCC,
  0xF9AF, 0xF2F4, 0xEC1B, 0xE792,  0xE54C, 0xE260, 0xDE29, 0xD7C5,
  0xD2FF, 0xD299, 0xD26D, 0xD16D,  0xD089, 0xD575, 0xDB6D, 0xDDBB,
  0xE953, 0xF660, 0xFC23, 0xFB4F,  0xFFF3, 0x0CF8, 0x10F6, 0x14C4,
  0x19E6, 0x1EFD, 0x228A, 0x2330,  0x23B6, 0x1C7C, 0x12A3, 0x0B9C,
  0x0821, 0x0590, 0x00D5, 0xFF8D,  0x00D4, 0x0347, 0x0491, 0x0548,
  0x0596, 0x0684, 0x0BCF, 0x12DD,  0x177C, 0x1A05, 0x19D5, 0x1B4A,
  0x1BAF, 0x1855, 0x169F, 0x1263,  0x1131, 0x0F3D, 0x0CE5, 0x082C,
  0xFF45, 0xF865, 0xF48E, 0xED8B,  0xE77F, 0xDFAE, 0xDE18, 0xDD6C,
  0xDB3F, 0xD7C1, 0xD088, 0xCCFE,  0xCA13, 0xCB65, 0xCA96, 0xCF2D,
  0xD39D, 0xDE49, 0xEC6A, 0x0088,  0x092A, 0x0B3A, 0x0EF3, 0x17F0,
  0x2083, 0x20B8, 0x25F0, 0x2288,  0x25F8, 0x2339, 0x1D81, 0x1327,
  0x05AD, 0xFF71, 0xFABF, 0xF9F7,  0xF8BF, 0xF7CF, 0xFB0B, 0xFF2A,
  0x0211, 0x04EF, 0x0753, 0x0CE9,  0x13A4, 0x1C50, 0x22E0, 0x2502,
  0x2599, 0x241D, 0x24A2, 0x2117,  0x1C54, 0x1654, 0x11D5, 0x0EC8,
  0x08BE, 0x02CA, 0xF806, 0xF259,  0xEEBE, 0xEDB8, 0xE746, 0xDFFD,
  0xDAF1, 0xD8DF, 0xD510, 0xD06D,  0xCC32, 0xCB68, 0xCCC7, 0xCC4E,
  0xD32B, 0xD636, 0xE11E, 0xE61A,  0xF88B, 0x080C, 0x0E5E, 0x0FB5,
  0x1477, 0x237C, 0x2340, 0x24BE,  0x2098, 0x2118, 0x1B22, 0x1542,
  0x0D9C, 0x01AF, 0xF899, 0xF1EB,  0xF32A, 0xF425, 0xF36B, 0xF4CE,
  0xFE3F, 0x0597, 0x0B50, 0x0EC7,  0x1513, 0x1B6A, 0x2219, 0x286F,
  0x2B06, 0x2B18, 0x26CE, 0x2483,  0x1FFA, 0x198A, 0x1145, 0x0842,
  0x0464, 0xFF03, 0xFCE3, 0xF679,  0xEFCF, 0xEE2E, 0xEB1C, 0xE925,
  0xDEBC, 0xDC97, 0xD9B6, 0xD958,  0xD578, 0xD358, 0xD576, 0xD4CF,
  0xD312, 0xD336, 0xDA22, 0xDEE4,  0xE51F, 0xEDB6, 0x073A, 0x0D30,
  0x0FF6, 0x0DDC, 0x1447, 0x1DE7,  0x193E, 0x1D7C, 0x148A, 0x169E,
  0x140C, 0x0ECD, 0x07AD, 0xFC3C,  0xF62F, 0xF257, 0xF60B, 0xF7EE,
  0xFA75, 0x0026, 0x0986, 0x0FD5,  0x1429, 0x17AE, 0x1BE1, 0x2231,
  0x279C, 0x2AAD, 0x2962, 0x27E2,  0x2204, 0x1E36, 0x1850, 0x0E30,
  0x06C7, 0x0164, 0xFF5A, 0xFB5E,  0xF6C8, 0xF1DE, 0xEC29, 0xEC1A,
  0xE96E, 0xE85C, 0xE3AE, 0xE153,  0xE21B, 0xE0D2, 0xDF6F, 0xD909,
  0xD86D, 0xD7DD, 0xDA7B, 0xDC4D,  0xDF64, 0xDFA0, 0xE6A2, 0xEDB5,
  0x002A, 0x091E, 0x07AC, 0x0B6C,  0x0E45, 0x1B34, 0x15A9, 0x1835,
  0x12FE, 0x11CE, 0x15A3, 0x1144,  0x0D5B, 0x0227, 0xFD8A, 0xF8DD,
  0xFA1F, 0xFD61, 0xFCE3, 0x0209,  0x0AA9, 0x1293, 0x16EB, 0x17B2,
  0x1BBF, 0x1E7B, 0x21EE, 0x253E,  0x23F7, 0x20DE, 0x1BA1, 0x1A33,
  0x15B8, 0x0D84, 0x06D7, 0x0022,  0xFD38, 0xFAED, 0xF660, 0xF1AE,
  0xECA7, 0xEBB5, 0xECCE, 0xE702,  0xE3EC, 0xDEC5, 0xE186, 0xE352,
  0xE0C2, 0xDC5E, 0xD7FB, 0xD350,  0xD488, 0xD50E, 0xD5BC, 0xDBBE,
  0xE24C, 0xF837, 0x0165, 0x1125,  0x0B47, 0x0DF8, 0x14B7, 0x1627,
  0x1EF4, 0x18F0, 0x1823, 0x150C,  0x179C, 0x136C, 0x0B58, 0xFFBB,
  0xFAF1, 0xF74A, 0xFBFB, 0xFD64,  0x023D, 0x0694, 0x0E1F, 0x16C9,
  0x1570, 0x1BD3, 0x1996, 0x1F33,  0x2198, 0x2415, 0x2139, 0x1DE9,
  0x1BB7, 0x1613, 0x143E, 0x0D96,  0x072A, 0x008E, 0xFD27, 0xF972,
  0xF6AD, 0xEEA6, 0xED93, 0xEA98,  0xE9FA, 0xE824, 0xE39C, 0xE1B9,
  0xDE67, 0xDF7A, 0xDA43, 0xD95B,  0xD5DD, 0xDA1C, 0xDB3E, 0xDE92,
  0xDE04, 0xE1A7, 0xE929, 0xF2A0,  0xFF53, 0x0010, 0x079D, 0x0D1F,
  0x13BF, 0x17A5, 0x19D6, 0x18A1,  0x1851, 0x16DE, 0x1553, 0x1304,
  0x0D3F, 0x07CC, 0x026E, 0xFF18,  0xFF59, 0xFFD9, 0x0251, 0x05AE,
  0x0A3A, 0x0F11, 0x133E, 0x1654,  0x1874, 0x1B27, 0x1EB9, 0x20EF,
  0x1FEE, 0x1EE2, 0x1A92, 0x1931,  0x12E8, 0x0E9C, 0x08A6, 0x037A,
  0x003D, 0xF934, 0xF3F9, 0xEE8A,  0xEBAD, 0xE87E, 0xE7CB, 0xE5DA,
  0xE16A, 0xE1BD, 0xDF31, 0xDFE5,  0xDBB4, 0xD91A, 0xD661, 0xD634,
  0xD5FF, 0xD482, 0xD8E9, 0xDE9F,  0xEB26, 0xF6EE, 0x0D95, 0x0DF5,
  0x0FEE, 0x1219, 0x1618, 0x1B28,  0x1C18, 0x1D3A, 0x13D7, 0x19A4,
  0x17A1, 0x13BC, 0x0A94, 0x0129,  0xF886, 0xF7ED, 0xFB52, 0xFE41,
  0x0229, 0x078F, 0x0F8D, 0x13D5,  0x1959, 0x1641, 0x16B3, 0x196C,
  0x1E8A, 0x23B1, 0x2163, 0x1E1F,  0x174D, 0x1637, 0x14C1, 0x0F32,
  0x0A1C, 0x01F3, 0xFF7F, 0xF971,  0xF647, 0xEC27, 0xE4F0, 0xE481,
  0xE5BC, 0xE7A1, 0xE2E8, 0xDD4C,  0xDAA7, 0xDBFC, 0xDD74, 0xDAF2,
  0xD7CB, 0xD808, 0xD8A6, 0xDDA9,  0xDD24, 0xE4F1, 0xE6C4, 0xF9DB,
  0x0536, 0x09CA, 0x0CEB, 0x0BF0,  0x160A, 0x15A8, 0x1F06, 0x1A70,
  0x15F7, 0x16E5, 0x16DC, 0x1610,  0x0F12, 0x01B0, 0xFBB3, 0xF907,
  0xFCCD, 0xFF51, 0x02A0, 0x08EC,  0x0D55, 0x15C8, 0x1662, 0x16AE,
  0x14C0, 0x18C8, 0x1DFF, 0x2315,  0x22CB, 0x1CB1, 0x1B1E, 0x1742,
  0x1289, 0x0BFD, 0x04FD, 0x0205,  0xFEA9, 0xFD69, 0xF79A, 0xF0B8,
  0xE9C1, 0xE715, 0xE58B, 0xE44C,  0xE186, 0xDE5D, 0xDB7C, 0xD85C,
  0xD5C8, 0xD231, 0xD24A, 0xD2F0,  0xD5A4, 0xD839, 0xE3B9, 0xE779,
  0xFC09, 0x08F6, 0x0E05, 0x0C95,  0x0D55, 0x184C, 0x14F5, 0x1DEE,
  0x1778, 0x1846, 0x18EB, 0x163B,  0x123D, 0x094B, 0x00EF, 0xF87E,
  0xF8AA, 0xFAB7, 0xFC7F, 0x0193,  0x0874, 0x0EF2, 0x15BA, 0x15E1,
  0x154A, 0x16A7, 0x1A87, 0x1E82,  0x23A1, 0x22E7, 0x1D2F, 0x1A03,
  0x1928, 0x1523, 0x0CCC, 0x0623,  0x027A, 0xFF53, 0xFEE3, 0xFA54,
  0xF2F8, 0xEB75, 0xE9CE, 0xE686,  0xE39F, 0xDDA8, 0xDB04, 0xDDE8,
  0xDF16, 0xDF00, 0xD8DD, 0xD47B,  0xD434, 0xD8A6, 0xDB01, 0xDE09,
  0xDF6B, 0xEAB3, 0xF45C, 0x0A13,  0x0D96, 0x0BDB, 0x0D5D, 0x1045,
  0x1A45, 0x1996, 0x1E2C, 0x1518,  0x186E, 0x1749, 0x1465, 0x0D85,
  0x02A8, 0xFDA3, 0xFB3C, 0xFE92,  0x0028, 0x0242, 0x0450, 0x0B0E,
  0x0F4A, 0x1316, 0x1482, 0x15E0,  0x193F, 0x1E3D, 0x2411, 0x24BF,
  0x2104, 0x1AEB, 0x1914, 0x1577,  0x1054, 0x0801, 0x026F, 0xFF57,
  0xFB3E, 0xF674, 0xEE5A, 0xE8BE,  0xE2BF, 0xE39A, 0xE1C2, 0xE312,
  0xDFAC, 0xDFA0, 0xDE55, 0xDD6C,  0xDB92, 0xD801, 0xD872, 0xD833,
  0xDBB9, 0xDD93, 0xE784, 0xEAEB,  0xF72C, 0x01D1, 0x0B58, 0x0B58,
  0x0DE7, 0x147E, 0x15B2, 0x1DE2,  0x1C9C, 0x1B2E, 0x171A, 0x173E,
  0x10E4, 0x0B68, 0x0579, 0xFC67,  0xFAFD, 0xFBB4, 0xFEA0, 0x01C0,
  0x06AB, 0x0A85, 0x10C0, 0x14FB,  0x1775, 0x1822, 0x1BF4, 0x1ED4,
  0x2164, 0x243A, 0x1E58, 0x196B,  0x158E, 0x11AC, 0x0D1F, 0x0563,
  0xFFB0, 0xF9BF, 0xF7A4, 0xF39C,  0xEDA7, 0xE9D0, 0xE4E2, 0xE4C7,
  0xE066, 0xE0DE, 0xDAE9, 0xDCE4,  0xD990, 0xDB06, 0xDC38, 0xD96C,
  0xD9C1, 0xD8DF, 0xDF2B, 0xE2E0,  0xEDEA, 0xEC8F, 0x01DF, 0x081E,
  0x0DF3, 0x0CFA, 0x0FFC, 0x16C2,  0x14BB, 0x217E, 0x1714, 0x1A0B,
  0x179C, 0x13E5, 0x0EF7, 0x099E,  0x01E7, 0xFAC0, 0xFD21, 0xFDE1,
  0x017E, 0x0549, 0x0AC9, 0x0CAC,  0x114E, 0x1341, 0x1527, 0x1984,
  0x1CAB, 0x20A8, 0x21FA, 0x2270,  0x1DC0, 0x1A62, 0x16C7, 0x0E52,
  0x095D, 0x0281, 0xFE56, 0xFA15,  0xF5EF, 0xF100, 0xEA34, 0xE66C,
  0xE0CC, 0xE035, 0xDC51, 0xDAB5,  0xD90A, 0xD891, 0xD889, 0xD6C7,
  0xD970, 0xDB82, 0xE145, 0xE46B,  0xEC46, 0xED82, 0xF4B3, 0xFAB4,
  0x08F3, 0x0978, 0x0779, 0x1178,  0x0F35, 0x1B00, 0x16FD, 0x195A,
  0x1492, 0x1622, 0x1614, 0x0E1B,  0x0E20, 0x0404, 0x023A, 0x00CA,
  0x0465, 0x022A, 0x032F, 0x05B4,  0x0904, 0x0EF4, 0x119C, 0x1393,
  0x17B1, 0x1D89, 0x1EDE, 0x21E7,  0x201D, 0x19EE, 0x172A, 0x130E,
  0x1079, 0x0B64, 0x06BF, 0x00F0,  0xFC6C, 0xFACE, 0xF077, 0xE9F3,
  0xE209, 0xE163, 0xE066, 0xE110,  0xDC5E, 0xD90D, 0xD749, 0xD5AE,
  0xD696, 0xD4D4, 0xD6A9, 0xD9C0,  0xE0CD, 0xE321, 0xEEFF, 0xECDB,
  0xFA8F, 0x0447, 0x0B8B, 0x0E1C,  0x0DBC, 0x1AB2, 0x13AC, 0x1FA1,
  0x1B48, 0x1BDD, 0x1C92, 0x1439,  0x1328, 0x09E7, 0x0A78, 0x003D,
  0xFE3E, 0x014E, 0x00AF, 0x0779,  0x0869, 0x0DA0, 0x0C05, 0x0D8F,
  0x115B, 0x1392, 0x1AF3, 0x1B3E,  0x1EE9, 0x1F42, 0x1F0E, 0x1DA0,
  0x18C6, 0x1316, 0x0BE9, 0x067E,  0x01F2, 0xFF65, 0xFADD, 0xF3FC,
  0xEE3B, 0xE9CD, 0xE56F, 0xDF96,  0xDA11, 0xD5D2, 0xD47D, 0xD5B0,
  0xD62B, 0xD4CE, 0xD5C0, 0xD733,  0xD9C5, 0xE1D2, 0xE194, 0xE997,
  0xEDE9, 0xF3EF, 0x0246, 0x07D3,  0x0D35, 0x0CF1, 0x145D, 0x1883,
  0x1AF1, 0x1F06, 0x1C10, 0x1BBF,  0x1AC4, 0x15A2, 0x1056, 0x0C83,
  0x07A9, 0x03FC, 0x04B4, 0x03AE,  0x039D, 0x041F, 0x0600, 0x08F5,
  0x0BDD, 0x0EF8, 0x11D4, 0x179B,  0x1AB0, 0x1D7E, 0x1F17, 0x1D39,
  0x1906, 0x1726, 0x1507, 0x1156,  0x0C9D, 0x062D, 0x00D2, 0xFB5D,
  0xF58E, 0xEDF4, 0xE86B, 0xE621,  0xE0B3, 0xDF52, 0xD8DF, 0xD524,
  0xD04F, 0xCEE8, 0xD128, 0xD1B4,  0xD4CB, 0xD6C7, 0xDAEB, 0xE007,
  0xEB29, 0xEB3C, 0xF821, 0x019E,  0x0AE7, 0x0B42, 0x0FAD, 0x19F6,
  0x18CD, 0x2451, 0x207A, 0x2089,  0x1E98, 0x1C69, 0x154C, 0x113D,
  0x0E40, 0x0609, 0x05F5, 0x04D3,  0x0614, 0x03B7, 0x0567, 0x05C4,
  0x079C, 0x0AF7, 0x0D50, 0x11C0,  0x171B, 0x1A6E, 0x1BBF, 0x1D10,
  0x184E, 0x176C, 0x1657, 0x1438,  0x110E, 0x0CE3, 0x08F9, 0x022E,
  0xFD3E, 0xF4CB, 0xEDC1, 0xE7DE,  0xE3A8, 0xE0CC, 0xDB2B, 0xD85F,
  0xD173, 0xD03C, 0xCD0E, 0xCD9D,  0xCE1C, 0xD0A6, 0xD4C1, 0xD6BC,
  0xE1B1, 0xE4F0, 0xEF13, 0xF49A,  0x04D6, 0x0843, 0x0A6B, 0x1502,
  0x180F, 0x224B, 0x2301, 0x2559,  0x21BA, 0x242A, 0x1F4E, 0x184B,
  0x1514, 0x0F10, 0x0A29, 0x0758,  0x0883, 0x0424, 0x04ED, 0x0415,
  0x060F, 0x07A2, 0x08F6, 0x0AD8,  0x0DBD, 0x154A, 0x1615, 0x1AB7,
  0x19E1, 0x186B, 0x16D1, 0x151F,  0x1367, 0x0E85, 0x0D06, 0x07CC,
  0x03CF, 0xFDCF, 0xF7E5, 0xF0C0,  0xE9E8, 0xE565, 0xDF67, 0xD9BA,
  0xD4DB, 0xD22C, 0xCF28, 0xCEF0,  0xCE32, 0xCEFA, 0xD00B, 0xD08B,
  0xD6F4, 0xDC03, 0xE6A0, 0xEB77,  0xFBF3, 0x0495, 0x0636, 0x0EBF,
  0x137F, 0x1E7A, 0x1FAE, 0x26D9,  0x2458, 0x26BF, 0x2592, 0x1F24,
  0x1CAC, 0x16A3, 0x10F1, 0x0ABA,  0x0C21, 0x086A, 0x0666, 0x05DE,
  0x05FF, 0x05C8, 0x0626, 0x0675,  0x0879, 0x0CCE, 0x106A, 0x14EC,
  0x1761, 0x182F, 0x1566, 0x14F2,  0x1423, 0x1096, 0x0EF7, 0x0AC8,
  0x07B1, 0x02D6, 0xFE4B, 0xF63B,  0xEE5E, 0xE766, 0xE25A, 0xDFC3,
  0xDC0D, 0xD6F5, 0xD1EF, 0xCD57,  0xCAE4, 0xCBBB, 0xCDDB, 0xD0E8,
  0xCF7C, 0xD739, 0xDD12, 0xE662,  0xF1A4, 0xFDB0, 0x0236, 0x06E0,
  0x1016, 0x1662, 0x1DA2, 0x234D,  0x26FF, 0x2421, 0x2833, 0x241A,
  0x220E, 0x1E01, 0x18AF, 0x12D3,  0x0F6B, 0x0F2E, 0x0B0C, 0x0A7A,
  0x07EF, 0x07CB, 0x0819, 0x0823,  0x072F, 0x083A, 0x0A51, 0x0E64,
  0x1002, 0x1163, 0x10A3, 0x10F5,  0x11AE, 0x10F0, 0x10B0, 0x0CBC,
  0x0A34, 0x0586, 0x0192, 0xFD2F,  0xF6D7, 0xF0A0, 0xE8B4, 0xE47F,
  0xDDE2, 0xD8CB, 0xD2DE, 0xCE32,  0xCC77, 0xCCD6, 0xCE48, 0xCD8E,
  0xD00D, 0xD333, 0xDCB3, 0xE01C,  0xECC5, 0xF4EB, 0xFC6C, 0x0221,
  0x0894, 0x1467, 0x16D8, 0x212B,  0x21E5, 0x25F7, 0x26EA, 0x2683,
  0x24A7, 0x21AC, 0x1F49, 0x191D,  0x1896, 0x1490, 0x119A, 0x0DD9,
  0x0D35, 0x0990, 0x0843, 0x06B7,  0x0502, 0x069B, 0x081F, 0x0BCC,
  0x0CC8, 0x0F11, 0x0DAA, 0x0DB9,  0x0DEA, 0x0CE3, 0x0C9D, 0x09CC,
  0x08A5, 0x0588, 0x029E, 0xFF9C,  0xFAD0, 0xF720, 0xEF33, 0xE934,
  0xE00B, 0xDBB1, 0xD744, 0xD3B4,  0xD0D1, 0xCE99, 0xCD46, 0xCB48,
  0xCD8D, 0xCECE, 0xD910, 0xDA11,  0xE636, 0xEFE1, 0xF9A4, 0xFD6E,
  0x02D3, 0x0FBB, 0x10C3, 0x1CA3,  0x1E00, 0x24AF, 0x26B2, 0x26DC,
  0x26FC, 0x234D, 0x22C3, 0x1A28,  0x1A7B, 0x18C7, 0x15E6, 0x1325,
  0x120C, 0x107E, 0x0C7D, 0x0B9C,  0x07E9, 0x07DE, 0x0615, 0x0849,
  0x0A06, 0x0CB9, 0x0C21, 0x0A7D,  0x0C13, 0x09E1, 0x0B53, 0x0958,
  0x09E4, 0x0629, 0x02FB, 0x007B,  0xFA6F, 0xF754, 0xF057, 0xEC21,
  0xE614, 0xE13B, 0xDC48, 0xD739,  0xD3E4, 0xD0E9, 0xD01D, 0xCF08,
  0xCEEA, 0xCFAE, 0xD578, 0xD93C,  0xE1BE, 0xEB04, 0xF351, 0xF533,
  0xFBC0, 0x056D, 0x0B65, 0x15CE,  0x1ACC, 0x2097, 0x2342, 0x266F,
  0x2566, 0x2515, 0x248D, 0x1ECB,  0x1E2E, 0x1DD4, 0x1B8A, 0x17E8,
  0x1738, 0x1350, 0x0FB1, 0x0CE3,  0x0914, 0x08CA, 0x086D, 0x0A7A,
  0x0A7F, 0x0C66, 0x0A21, 0x0822,  0x08D0, 0x088E, 0x088A, 0x0796,
  0x0805, 0x058D, 0x03F8, 0x00CC,  0xFD42, 0xF845, 0xF3E8, 0xEE92,
  0xE8CC, 0xE4F0, 0xDFB4, 0xDCBF,  0xD910, 0xD772, 0xD318, 0xCF80,
  0xCE52, 0xCEA9, 0xD4CF, 0xD783,  0xDE8F, 0xE641, 0xF00C, 0xF2A8,
  0xF6E7, 0x001E, 0x0411, 0x0DEE,  0x1321, 0x1C26, 0x1EBD, 0x2348,
  0x24FA, 0x2385, 0x253A, 0x1EC3,  0x1EA6, 0x1E8C, 0x1E46, 0x1BCF,
  0x1B9E, 0x19A2, 0x1437, 0x112A,  0x0D52, 0x0A16, 0x0943, 0x0A53,
  0x0AF4, 0x0C4D, 0x0A60, 0x0820,  0x07C3, 0x087D, 0x06BA, 0x04F0,
  0x04FF, 0x0284, 0x027B, 0x013D,  0xFDB2, 0xF944, 0xF436, 0xF0D4,
  0xEAA7, 0xE78D, 0xE255, 0xDE7E,  0xDB3D, 0xD8CB, 0xD5EC, 0xD15A,
  0xCF22, 0xCDB3, 0xD31E, 0xD685,  0xDC69, 0xE393, 0xEC60, 0xEE8E,
  0xF2B2, 0xFB44, 0x0046, 0x0880,  0x0FE3, 0x17E3, 0x1BC8, 0x215B,
  0x2307, 0x22BC, 0x2491, 0x2180,  0x1FC9, 0x223F, 0x2236, 0x1F75,
  0x1F6C, 0x1CEA, 0x1743, 0x130A,  0x1075, 0x0C83, 0x0B57, 0x0C2C,
  0x0B5F, 0x0B36, 0x099F, 0x06B4,  0x0571, 0x05C5, 0x0466, 0x0570,
  0x061D, 0x03FE, 0x022F, 0xFFE2,  0xFCBA, 0xF810, 0xF574, 0xF266,
  0xEF6A, 0xEC5C, 0xE857, 0xE421,  0xE013, 0xDB7A, 0xD8A3, 0xD6FC,
  0xD3DD, 0xD34B, 0xD1F8, 0xD5F3,  0xD88E, 0xDEEC, 0xE6F2, 0xEA4D,
  0xEDFF, 0xF24F, 0xFBB1, 0x01A5,  0x0A41, 0x1069, 0x14D3, 0x1B05,
  0x1FCE, 0x221E, 0x22E3, 0x2330,  0x214B, 0x21AF, 0x239B, 0x2298,
  0x21B0, 0x20D3, 0x1D89, 0x1972,  0x16BD, 0x1260, 0x0E2B, 0x0D0C,
  0x0C10, 0x0BFC, 0x0AEF, 0x0929,  0x05FB, 0x04BC, 0x0408, 0x0312,
  0x028B, 0x00B8, 0xFEB2, 0xFDBD,  0xFBE5, 0xF9EA, 0xF6AB, 0xF3F7,
  0xEFC3, 0xED11, 0xEA74, 0xE72C,  0xE337, 0xDF65, 0xDCAF, 0xD985,
  0xD6B4, 0xD4E4, 0xD38D, 0xD45E,  0xD966, 0xDB76, 0xE5FB, 0xE954,
  0xEC11, 0xEF20, 0xF494, 0xFCDF,  0x0092, 0x0C58, 0x0EE1, 0x14E9,
  0x1BBD, 0x1E04, 0x2138, 0x2073,  0x20B6, 0x206B, 0x24C3, 0x257F,
  0x2427, 0x2519, 0x21FD, 0x1EB7,  0x1BFE, 0x1975, 0x1299, 0x1025,
  0x0F4C, 0x0ECF, 0x0DDE, 0x0A2A,  0x0698, 0x040D, 0x0414, 0x02B9,
  0x02C7, 0x0048, 0xFD5B, 0xFC34,  0xFB57, 0xF89A, 0xF4FB, 0xF350,
  0xF11C, 0xEFCD, 0xECF6, 0xEA69,  0xE5E8, 0xE188, 0xE011, 0xDD37,
  0xDB5F, 0xD8CD, 0xD720, 0xD7A0,  0xD96A, 0xDB54, 0xE0C5, 0xE6AC,
  0xE9FC, 0xEA85, 0xF07F, 0xF612,  0xF9F3, 0x02FB, 0x07E9, 0x0E25,
  0x135C, 0x18E8, 0x1C44, 0x1D64,  0x1F12, 0x1EC0, 0x221C, 0x2458,
  0x24B4, 0x2587, 0x24A7, 0x21D6,  0x1E72, 0x1C30, 0x17DB, 0x13CE,
  0x125D, 0x117A, 0x0FF5, 0x0DBF,  0x0ABF, 0x077C, 0x051A, 0x033F,
  0x0206, 0x013D, 0xFF8F, 0xFD8D,  0xFBD0, 0xF8D4, 0xF6AF, 0xF3F0,
  0xF1E8, 0xEFE3, 0xED28, 0xEC4B,  0xE992, 0xE7C1, 0xE4BC, 0xE14A,
  0xDE86, 0xDC4C, 0xDA37, 0xD8C4,  0xD8BC, 0xDA0B, 0xDD6F, 0xE1EA,
  0xE9E0, 0xEA10, 0xECA5, 0xF01A,  0xF52A, 0xFB7D, 0x0065, 0x0819,
  0x0B16, 0x12D4, 0x17AE, 0x1A73,  0x1C3C, 0x1BEC, 0x1DB9, 0x2070,
  0x2373, 0x2487, 0x2530, 0x25B7,  0x22F1, 0x2095, 0x1D80, 0x18CC,
  0x15CC, 0x1421, 0x13AB, 0x110D,  0x0E38, 0x0A87, 0x0703, 0x05A1,
  0x042B, 0x0335, 0x0133, 0xFDA4,  0xFBBC, 0xFA30, 0xF84A, 0xF5F2,
  0xF3ED, 0xF258, 0xF03D, 0xED72,  0xEADB, 0xE893, 0xE746, 0xE55A,
  0xE38A, 0xE0CD, 0xDDAC, 0xDA95,  0xD90D, 0xD947, 0xDAB9, 0xDE06,
  0xE14C, 0xE8AC, 0xE8E3, 0xEB32,  0xEE16, 0xF179, 0xF80B, 0xFDA4,
  0x05F9, 0x08B9, 0x0F0A, 0x1405,  0x16C2, 0x1960, 0x1ADB, 0x1C6D,
  0x1EEB, 0x2296, 0x25A3, 0x26F7,  0x25F9, 0x2413, 0x214B, 0x200A,
  0x1BD0, 0x1909, 0x1729, 0x15BC,  0x13E9, 0x10DD, 0x0D98, 0x08CC,
  0x0561, 0x0337, 0x033A, 0x0204,  0x0060, 0xFD2C, 0xF9E6, 0xF79E,
  0xF4F6, 0xF33A, 0xF13A, 0xF042,  0xEFEA, 0xEE5F, 0xEC77, 0xE8E2,
  0xE5AE, 0xE3B5, 0xE205, 0xE076,  0xDFAA, 0xDDF2, 0xDDAC, 0xDDEC,
  0xDFD9, 0xE2E2, 0xE666, 0xE953,  0xE8EF, 0xEE0F, 0xF144, 0xF60C,
  0xFADF, 0x0096, 0x0587, 0x0952,  0x0FB9, 0x12CA, 0x1573, 0x1771,
  0x19E1, 0x1D44, 0x20A6, 0x2276,  0x23FE, 0x23B0, 0x23C5, 0x2216,
  0x2039, 0x1DB6, 0x1ABF, 0x1928,  0x16A9, 0x14B8, 0x118C, 0x0F00,
  0x0C1F, 0x0954, 0x062D, 0x0363,  0x0178, 0xFFA7, 0xFE41, 0xFBB0,
  0xF7D7, 0xF522, 0xF3FD, 0xF330,  0xF0B1, 0xEDED, 0xEC0D, 0xEAE5,
  0xEA1F, 0xE838, 0xE511, 0xE2FD,  0xE0B5, 0xE00C, 0xDEA1, 0xDC79,
  0xDD65, 0xDCE4, 0xE196, 0xE554,  0xEA2B, 0xE9EA, 0xE95E, 0xEEDA,
  0xF223, 0xF940, 0xFD63, 0x01CA,  0x0682, 0x0B8B, 0x10BD, 0x1280,
  0x1520, 0x164D, 0x1984, 0x1F5E,  0x225F, 0x248F, 0x2458, 0x2423,
  0x2242, 0x21F2, 0x2141, 0x1D7B,  0x1B90, 0x19DE, 0x1894, 0x15EF,
  0x122F, 0x0DB8, 0x0A08, 0x0838,  0x06D3, 0x0512, 0x0216, 0xFED0,
  0xFC63, 0xFAAB, 0xF83A, 0xF4F6,  0xF2AB, 0xF129, 0xF0E9, 0xEFD1,
  0xED7B, 0xEA86, 0xE885, 0xE7B8,  0xE6D3, 0xE56B, 0xE2E8, 0xE0DC,
  0xDF22, 0xDF03, 0xDF48, 0xDFDC,  0xE0FE, 0xE4E7, 0xE96B, 0xE9F2,
  0xEB5B, 0xEDA4, 0xF155, 0xF651,  0xFB96, 0x00DD, 0x0502, 0x09BC,
  0x0D82, 0x10B9, 0x13CC, 0x1663,  0x19CE, 0x1DD8, 0x217F, 0x23FE,
  0x254E, 0x24E7, 0x2332, 0x220D,  0x213C, 0x1F6C, 0x1D93, 0x1B6B,
  0x1907, 0x168F, 0x1331, 0x0F79,  0x0BD1, 0x08ED, 0x06E4, 0x04F3,
  0x02D0, 0xFF55, 0xFC86, 0xF929,  0xF604, 0xF3B2, 0xF19D, 0xF0F8,
  0xEFAB, 0xEEAD, 0xEC25, 0xE9CD,  0xE8F9, 0xE7EB, 0xE6AF, 0xE558,
  0xE37A, 0xE26B, 0xE0CB, 0xDF81,  0xDF1F, 0xDF7B, 0xE2EF, 0xE6BF,
  0xEA44, 0xEAC8, 0xE9FE, 0xEE08,  0xF0F2, 0xF5F4, 0xFB23, 0xFEC3,
  0x0435, 0x07AB, 0x0D0D, 0x0F03,  0x1171, 0x13A1, 0x1743, 0x1C72,
  0x2047, 0x230C, 0x2415, 0x245F,  0x22D4, 0x229E, 0x21CF, 0x2050,
  0x1ECF, 0x1E8D, 0x1C50, 0x18F9,  0x1500, 0x10E7, 0x0D3D, 0x0B79,
  0x0947, 0x0688, 0x0447, 0x009F,  0xFCE4, 0xF96F, 0xF61F, 0xF40F,
  0xF397, 0xF221, 0xF091, 0xEDE7,  0xEB7A, 0xE913, 0xE886, 0xE846,
  0xE7A0, 0xE6EE, 0xE4E9, 0xE30E,  0xE1B1, 0xE0F4, 0xDFB6, 0xE0C8,
  0xE1EE, 0xE55C, 0xE891, 0xEA8C,  0xEAB4, 0xEAA2, 0xEE6D, 0xF2D8,
  0xF7D3, 0xFC7F, 0x0095, 0x044D,  0x0888, 0x0C01, 0x0F16, 0x1190,
  0x148E, 0x1913, 0x1DA6, 0x212B,  0x2320, 0x2368, 0x22DE, 0x2284,
  0x2277, 0x21CB, 0x20C1, 0x1F20,  0x1DAC, 0x1B1E, 0x17DC, 0x1405,
  0x0FBF, 0x0D53, 0x0B54, 0x09B3,  0x068A, 0x02A5, 0xFF4F, 0xFC61,
  0xFA38, 0xF729, 0xF436, 0xF214,  0xF050, 0xEFBE, 0xEDE3, 0xEC45,
  0xEA1A, 0xE938, 0xE8CE, 0xE7E6,  0xE61D, 0xE489, 0xE2E0, 0xE222,
  0xE043, 0xE025, 0xE127, 0xE21E,  0xE58B, 0xE7FE, 0xEB75, 0xEA4E,
  0xEC62, 0xEF5D, 0xF2AC, 0xF847,  0xFC8D, 0x013B, 0x0444, 0x07FE,
  0x0BF4, 0x0DFE, 0x117A, 0x146C,  0x1922, 0x1E2B, 0x2134, 0x23A7,
  0x2317, 0x22CF, 0x225A, 0x23B6,  0x22E7, 0x2115, 0x1FCD, 0x1DE0,
  0x1AC6, 0x17B5, 0x144A, 0x1075,  0x0DDF, 0x0BDA, 0x099E, 0x0627,
  0x0243, 0xFEB1, 0xFC88, 0xFADA,  0xF79C, 0xF494, 0xF268, 0xF15B,
  0xF1C1, 0xEFBB, 0xEC7A, 0xE8B2,  0xE81E, 0xE8FB, 0xE913, 0xE737,
  0xE404, 0xE264, 0xE107, 0xE10A,  0xE116, 0xE1CB, 0xE1CB, 0xE554,
  0xE8DD, 0xEA5A, 0xE9E8, 0xEA8D,  0xEEC7, 0xF1F9, 0xF816, 0xFC8C,
  0xFF56, 0x0219, 0x0592, 0x09A6,  0x0C63, 0x0F06, 0x1346, 0x180A,
  0x1C2E, 0x1F8F, 0x20F5, 0x217B,  0x21AA, 0x22A6, 0x2426, 0x23D2,
  0x22BA, 0x20A8, 0x1E6D, 0x1C1E,  0x1921, 0x15E9, 0x1284, 0x0FED,
  0x0CD6, 0x0A86, 0x0754, 0x03F2,  0x00D4, 0xFE82, 0xFC03, 0xF8B9,
  0xF691, 0xF408, 0xF23D, 0xF182,  0xF074, 0xEEFD, 0xEB4F, 0xE8CC,
  0xE790, 0xE674, 0xE586, 0xE41F,  0xE2D3, 0xE108, 0xE032, 0xE049,
  0xE225, 0xE12B, 0xE37E, 0xE69C,  0xEA40, 0xEADD, 0xEA7F, 0xEE8E,
  0xF134, 0xF62F, 0xF99B, 0xFE23,  0x0154, 0x0426, 0x06BC, 0x09F5,
  0x0ED4, 0x113E, 0x15BA, 0x1A52,  0x1D7D, 0x1F54, 0x208B, 0x2112,
  0x20AF, 0x226A, 0x239D, 0x2329,  0x21B8, 0x1FF6, 0x1C27, 0x17DB,
  0x1541, 0x132A, 0x12C1, 0x0FA1,  0x0BE1, 0x0806, 0x04B7, 0x0203,
  0x0051, 0xFF66, 0xFC25, 0xF9A7,  0xF79F, 0xF666, 0xF3DB, 0xF173,
  0xEF16, 0xED53, 0xED48, 0xECAF,  0xEB4B, 0xE83B, 0xE58E, 0xE374,
  0xE314, 0xE26F, 0xE1AC, 0xE266,  0xE245, 0xE1E7, 0xE4BB, 0xE7EE,
  0xE91F, 0xE815, 0xEA6A, 0xEF24,  0xF1E5, 0xF5BA, 0xF8AA, 0xFC3F,
  0xFFD1, 0x025B, 0x05C8, 0x095A,  0x0CAA, 0x1003, 0x152C, 0x19BC,
  0x1B81, 0x1D77, 0x1F78, 0x209C,  0x2139, 0x22C6, 0x2324, 0x220D,
  0x20A2, 0x1F23, 0x1C89, 0x1995,  0x16E6, 0x14FE, 0x1339, 0x1041,
  0x0CBC, 0x08F1, 0x055B, 0x026A,  0x0176, 0x0038, 0xFD51, 0xFA34,
  0xF780, 0xF4E6, 0xF3A7, 0xF229,  0xF064, 0xEF47, 0xED62, 0xEC0D,
  0xEAB6, 0xE904, 0xE6B1, 0xE4DD,  0xE48A, 0xE3BA, 0xE1E5, 0xE1F1,
  0xE23B, 0xE1E5, 0xE495, 0xE7D5,  0xEA66, 0xE995, 0xEA44, 0xED94,
  0xEFA4, 0xF3F1, 0xF729, 0xFACD,  0xFE44, 0x016A, 0x0453, 0x06C7,
  0x0B01, 0x0D94, 0x124F, 0x16F6,  0x1A54, 0x1C47, 0x1DD6, 0x1F00,
  0x1ED6, 0x2091, 0x228D, 0x221F,  0x2025, 0x1F08, 0x1C0F, 0x1993,
  0x174C, 0x1631, 0x1489, 0x11B9,  0x0E71, 0x0B3F, 0x0753, 0x03DF,
  0x0278, 0x0151, 0x003C, 0xFDED,  0xFACA, 0xF650, 0xF3CB, 0xF373,
  0xF3B4, 0xF234, 0xF018, 0xED40,  0xEC2F, 0xEB9B, 0xEB40, 0xE992,
  0xE770, 0xE6BC, 0xE584, 0xE4A0,  0xE3D1, 0xE3C2, 0xE3E7, 0xE681,
  0xE93B, 0xEB96, 0xE96C, 0xE982,  0xEC55, 0xEECD, 0xF3AA, 0xF801,
  0xFA50, 0xFC3B, 0xFF9E, 0x02EB,  0x05AD, 0x084B, 0x0C8D, 0x112F,
  0x14FB, 0x17AD, 0x1932, 0x1A34,  0x1B9C, 0x1D74, 0x202E, 0x20FB,
  0x2020, 0x1EA5, 0x1D10, 0x1B55,  0x1A6E, 0x186A, 0x167B, 0x1500,
  0x126E, 0x0F30, 0x0B62, 0x0856,  0x0597, 0x046C, 0x0471, 0x029A,
  0xFF7E, 0xFC1D, 0xF88D, 0xF653,  0xF4DC, 0xF490, 0xF2F7, 0xF166,
  0xF044, 0xEF36, 0xEC72, 0xEAC6,  0xEA07, 0xE9E8, 0xE991, 0xE8A1,
  0xE690, 0xE3C7, 0xE408, 0xE588,  0xE5FD, 0xE766, 0xEB87, 0xEA14,
  0xE894, 0xEAF0, 0xEDD8, 0xF07B,  0xF30F, 0xF821, 0xFA96, 0xFBE7,
  0xFFD2, 0x026B, 0x050C, 0x0842,  0x0D2F, 0x10E4, 0x13C2, 0x165E,
  0x181D, 0x18FE, 0x1A7A, 0x1DA9,  0x1F4C, 0x1F58, 0x1EB7, 0x1D72,
  0x1BA8, 0x1A2C, 0x18E9, 0x174C,  0x14CF, 0x1431, 0x1204, 0x0D88,
  0x0A0E, 0x0784, 0x056B, 0x051D,  0x04A1, 0x0239, 0xFEE2, 0xFD77,
  0xFABB, 0xF7DF, 0xF6F5, 0xF73F,  0xF614, 0xF35B, 0xF2F0, 0xF233,
  0xF06C, 0xEF4B, 0xEF6B, 0xEDB8,  0xED4A, 0xEB73, 0xE9C0, 0xE7CF,
  0xE513, 0xE7E9, 0xE8D7, 0xE94B,  0xEC07, 0xEB1A, 0xE7D1, 0xE8F1,
  0xEC5B, 0xEEFF, 0xF189, 0xF3E3,  0xF6A8, 0xF707, 0xFA5A, 0xFE6B,
  0x0058, 0x0325, 0x07DE, 0x0C17,  0x0F17, 0x1169, 0x133E, 0x15C7,
  0x177B, 0x1B0C, 0x1E3D, 0x1E5C,  0x1D7D, 0x1CF5, 0x1C99, 0x1AB6,
  0x198D, 0x1802, 0x16C6, 0x151A,  0x1373, 0x104E, 0x0B93, 0x08CB,
  0x0679, 0x073F, 0x05CF, 0x0490,  0x0183, 0xFF4A, 0xFD2B, 0xFB9C,
  0xFA63, 0xF935, 0xF8D1, 0xF80C,  0xF6AE, 0xF54F, 0xF274, 0xF1FF,
  0xF2B3, 0xF22F, 0xF24F, 0xEF74,  0xEDAD, 0xEA81, 0xE973, 0xE907,
  0xEA21, 0xE93A, 0xEB49, 0xEAF4,  0xEE3A, 0xEA15, 0xE6B3, 0xECD7,
  0xEDB0, 0xF173, 0xF1F6, 0xF3D6,  0xF513, 0xF600, 0xF915, 0xFE1C,
  0x008C, 0x023A, 0x07A3, 0x0AE5,  0x0CA9, 0x0F82, 0x1228, 0x160E,
  0x16E0, 0x1A7F, 0x1D76, 0x1B9C,  0x1AB2, 0x1B07, 0x1A3F, 0x19B1,
  0x1905, 0x16F5, 0x1554, 0x11E2,  0x10DC, 0x0EA5, 0x0AE5, 0x08DB,
  0x0758, 0x0736, 0x0480, 0x0261,  0x011C, 0xFEC3, 0xFDC8, 0xFD28,
  0xFC3F, 0xF938, 0xFA68, 0xF8E9,  0xF85C, 0xF88C, 0xF616, 0xF504,
  0xF438, 0xF615, 0xF45A, 0xF26B,  0xF197, 0xEF9D, 0xED33, 0xECEB,
  0xEC83, 0xEB24, 0xEDF8, 0xEB2A,  0xEC31, 0xEE1D, 0xEA3A, 0xEA7D,
  0xED8B, 0xF0DA, 0xEFA2, 0xF2D8,  0xF58C, 0xF6BA, 0xF6B4, 0xFAC3,
  0xFF51, 0xFEB0, 0x03E6, 0x0715,  0x0AEC, 0x0CAC, 0x0C4F, 0x1171,
  0x1403, 0x1416, 0x17F1, 0x1A83,  0x17CD, 0x16F7, 0x18E1, 0x1763,
  0x15E3, 0x1547, 0x1570, 0x11AE,  0x104F, 0x1015, 0x0AF3, 0x0898,
  0x07FC, 0x05F2, 0x05FF, 0x0604,  0x0093, 0x012F, 0xFECF, 0xFF7D,
  0x00B0, 0xFF68, 0xFD0F, 0xFC7A,  0xFD53, 0xF8FC, 0xFAA0, 0xFC98,
  0xF9A5, 0xF950, 0xF9CB, 0xF63C,  0xF6C9, 0xF2D1, 0xF1A6, 0xF630,
  0xF15B, 0xEB7E, 0xF0B1, 0xEE16,  0xEA5F, 0xED0D, 0xF07F, 0xEE47,
  0xEB87, 0xEEB8, 0xEFDE, 0xEE74,  0xEF40, 0xF3B5, 0xF221, 0xF449,
  0xF8D3, 0xF94B, 0xF8FE, 0xFF42,  0x0141, 0x0207, 0x063B, 0x0A52,
  0x0AA7, 0x0D13, 0x0EDC, 0x1242,  0x1286, 0x12B1, 0x1468, 0x13FA,
  0x1327, 0x132C, 0x148D, 0x0F45,  0x1292, 0x1060, 0x0DEC, 0x0DA8,
  0x0E02, 0x0866, 0x0AA5, 0x0A28,  0x06C3, 0x08D1, 0x05C8, 0x0648,
  0x065F, 0x019C, 0x0461, 0x0332,  0x0134, 0x0356, 0x007F, 0x004F,
  0xFEE8, 0xFC34, 0xFCF6, 0xFF73,  0xF5F2, 0x00E4, 0xF759, 0xF5A3,
  0xF60F, 0xF616, 0xF48C, 0xF174,  0xF6EF, 0xEF69, 0xECF4, 0xF508,
  0xECFC, 0xE774, 0xFBDD, 0xE6DD,  0xF048, 0xF593, 0xEA0C, 0xF114,
  0xF670, 0xEB2C, 0xF6DE, 0xFA32,  0xEF0F, 0xFB8D, 0xF92E, 0xF8C1,
  0xFCC7, 0x0207, 0xFE58, 0x0411,  0x075A, 0x0543, 0x06B5, 0x0C05,
  0x0A0B, 0x0AF4, 0x0E1A, 0x0F74,  0x0C3B, 0x0F83, 0x0E22, 0x0A18,
  0x10DC, 0x0DCE, 0x0D25, 0x0DC2,  0x0E4D, 0x0C25, 0x0CDE, 0x0C7B,
  0x0987, 0x0C09, 0x0AED, 0x0B5F,  0x08E5, 0x0A48, 0x0B0E, 0x04CD,
  0x0877, 0x07C8, 0x0549, 0x047A,  0x0600, 0x02A7, 0x012B, 0x01A4,
  0xFEA4, 0xFFC0, 0xFE8D, 0xFC1A,  0xFC6B, 0xF9D3, 0xF5CA, 0xF84E,
  0xF96E, 0xF33F, 0xF61A, 0xF567,  0xEF10, 0xF21C, 0xF056, 0xF030,
  0xEF97, 0xF087, 0xEF27, 0xF119,  0xEDF7, 0xEF7A, 0xF0CD, 0xEF12,
  0xF703, 0xEEC9, 0xF54C, 0xF4C8,  0xF571, 0xF822, 0xF5BF, 0x007D,
  0xF7E8, 0x00EB, 0xFDCB, 0xFD66,  0x05EE, 0x0058, 0x04A3, 0x056A,
  0x0DC2, 0x03BD, 0x0515, 0x0F44,  0x05FD, 0x0A39, 0x0C44, 0x0D75,
  0x0F1A, 0x07C2, 0x0E5E, 0x0F11,  0x0842, 0x1012, 0x0D87, 0x0B80,
  0x1032, 0x0713, 0x0D2B, 0x0CB3,  0x07FC, 0x0F53, 0x0A56, 0x0818,
  0x0CF1, 0x06A9, 0x04E9, 0x0D1A,  0x0107, 0x0ADB, 0x06FA, 0xFE03,
  0x096C, 0xFDD2, 0xFC0D, 0x0593,  0xFCB6, 0xFA38, 0x02A1, 0xF6C4,
  0xF900, 0xFC77, 0xF577, 0xF5D1,  0xF8E7, 0xF605, 0xF12C, 0xF60A,
  0xF043, 0xF133, 0xF687, 0xEBFD,  0xF4DA, 0xF223, 0xED77, 0xF839,
  0xEB8E, 0xF3D8, 0xF588, 0xEBB5,  0xF7C5, 0xF37D, 0xF308, 0xF71A,
  0xF6AD, 0xF588, 0xF8FF, 0xFADD,  0xF7A7, 0xFF05, 0xFF63, 0xFBA1,
  0x01E6, 0x0440, 0xFE4C, 0x07EF,  0x00ED, 0x0CE7, 0x03F7, 0x0876,
  0x1276, 0x012D, 0x1334, 0x071F,  0x12FF, 0x0943, 0x0D26, 0x1437,
  0x082B, 0x122D, 0x0CE3, 0x1145,  0x0AA1, 0x0E27, 0x0C6A, 0x0BB9,
  0x0D5E, 0x08D3, 0x0C1B, 0x0565,  0x0B09, 0x07B7, 0x033E, 0x09F8,
  0x044B, 0x0284, 0x020F, 0x0488,  0xFF1E, 0x0109, 0xFDF5, 0x007A,
  0xFDFF, 0xF72B, 0x000E, 0xF8B6,  0xF5BD, 0xFCD4, 0xFAB2, 0xEFE4,
  0xFC40, 0xF434, 0xEFF5, 0xFB80,  0xEF0F, 0xF68F, 0xF3FA, 0xF103,
  0xF297, 0xF819, 0xEBA6, 0xF709,  0xF66E, 0xEE54, 0xFC62, 0xED63,
  0xFD01, 0xF06B, 0xFB4F, 0xF842,  0xF97A, 0xFC89, 0xF55E, 0x00F9,
  0xFD15, 0xF980, 0x0581, 0x0151,  0xFAE4, 0x0911, 0x0384, 0x0157,
  0x0905, 0x03FB, 0x0695, 0x10B4,  0xFB4C, 0x1775, 0x06C6, 0x0708,
  0x0E75, 0x0FC2, 0x052B, 0x0C1D,  0x14F6, 0xFF20, 0x1606, 0x0A72,
  0x0672, 0x0D4A, 0x0C05, 0x050B,  0x0BC6, 0x0ADC, 0xFF68, 0x0C00,
  0x08AD, 0xF4E1, 0x12AF, 0xFE32,  0xF8C3, 0x0C89, 0xFC36, 0xF7AB,
  0x0655, 0xF90C, 0xF3F8, 0x098D,  0xEF53, 0xF942, 0x0439, 0xEAEB,
  0xFC4A, 0xFD25, 0xED1F, 0xF980,  0x008C, 0xEA2C, 0xFF25, 0xFA5E,
  0xE7F6, 0x0553, 0xEF7F, 0xF793,  0xFA82, 0xFCA4, 0xEE16, 0x033B,
  0xF580, 0xF18C, 0x095F, 0xEF23,  0xFF3E, 0x02D1, 0xF555, 0xFFE4,
  0x03A3, 0xF455, 0x0A77, 0xFBBC,  0x0208, 0x05E3, 0x02DC, 0x0026,
  0x0828, 0x05C6, 0xFBCB, 0x16C3,  0xF866, 0x0CC6, 0x0D24, 0xF8F6,
  0x1569, 0x00F8, 0x0416, 0x0FBF,  0x07AB, 0x006C, 0x0FB9, 0x04B6,
  0xFE62, 0x1522, 0xFCFC, 0x09EC,  0x062D, 0x0332, 0x04CE, 0x063B,
  0xFF22, 0x0454, 0x05D2, 0xF6D6,  0x0E0F, 0xF448, 0x039A, 0xFE56,
  0xFD26, 0xFCCC, 0xFB48, 0x066C,  0xECE9, 0x09DB, 0xF00F, 0xFBEF,
  0x0308, 0xEA63, 0x074C, 0xF6FD,  0xF0F9, 0x0634, 0xF1E8, 0xF503,
  0x07E5, 0xEA8B, 0x0292, 0xFE26,  0xF2A8, 0x00EC, 0xFBF9, 0xF87F,
  0x00A2, 0xFEFF, 0xF93A, 0x06C7,  0xF7B9, 0x0147, 0x073A, 0xF440,
  0x0967, 0x0537, 0xF52E, 0x0F04,  0xFDD3, 0x004A, 0x07DD, 0xFE4F,
  0x059F, 0x052D, 0x0124, 0x030F,  0x04FE, 0x028F, 0x004F, 0x0891,
  0x0080, 0x0384, 0x04B3, 0x01EE,  0x023A, 0x022C, 0x05A9, 0xFA46,
  0x0B74, 0xFC03, 0x01CC, 0x035A,  0xFDF3, 0x0140, 0x0417, 0xFB18,
  0x046A, 0xFF5A, 0xFBC2, 0x06C5,  0xF99E, 0x027E, 0xFD1F, 0x01B7,
  0xFCDE, 0x00CF, 0xFCB2, 0xFED7,  0xFEBE, 0xFD52, 0xFEAE, 0x00D0,
  0xF9AD, 0x03A1, 0xFC0B, 0xFCC9,  0x06E0, 0xF6A1, 0x04C0, 0x0009,
  0xFCFA, 0x03EE, 0xFB41, 0x00EA,  0x01BE, 0xFA46, 0x066A, 0xFB82,
  0x02A7, 0x003C, 0xFF03, 0x00ED,  0x01E7, 0xFE52, 0x03E5, 0xFF1A,
  0xFE24, 0x032F, 0xFB2A, 0x04C3,  0xFBA1, 0x01B5, 0x00C5, 0xFD1C,
  0x0259, 0xFD7D, 0xFF91, 0x01DD,  0xFE41, 0xFFD9, 0xFF4C, 0x015E,
  0xF9CA, 0x0664, 0xF701, 0x04F3,  0xFCDE, 0xFC4C, 0x04B7, 0xF72E,
  0x079C, 0xF521, 0x066A, 0xFAE9,  0x0102, 0xFB8A, 0x01FF, 0xFD27,
  0xFD0F, 0x0670, 0xF6C1, 0x0768,  0xF9FB, 0x0483, 0xFFAB, 0xFF2D,
  0x0421, 0xFDD9, 0x0624, 0xFDA5,  0x0647, 0x0096, 0x0203, 0x040B,
  0x00AC, 0x0800, 0xFCD9, 0x0ADD,  0xFC1B, 0x04AA, 0x0565, 0xFE4D,
  0x0675, 0x033C, 0xFF68, 0x0356,  0x035E, 0xFF05, 0x035B, 0xFEF1,
  0x03B4, 0xFC3B, 0x0673, 0xFB8C,  0x00CE, 0x00F1, 0xFD7E, 0xFF9C,
  0x0054, 0xFCD9, 0xFE5B, 0xFF57,  0xF8E1, 0x033E, 0xFA96, 0xFC66,
  0xFFF8, 0xFBBF, 0xFC5B, 0xFBFB,  0x0210, 0xF738, 0x0099, 0xFD04,
  0xF9DB, 0x025D, 0xF554, 0x077A,  0xF2AE, 0x0645, 0xF8B7, 0xFE9C,
  0x00D8, 0xF9C2, 0x0772, 0xF51D,  0x0742, 0xFC5F, 0x01AA, 0xFF35,
  0x0160, 0x0125, 0x000D, 0x0312,  0x0041, 0x0579, 0xFD2F, 0x069A,
  0x00C2, 0x026E, 0x01C5, 0x0336,  0x0A27, 0xF497, 0x106F, 0xFBB6,
  0x0413, 0x0114, 0x0343, 0x0733,  0xF706, 0x0FE0, 0xF9A4, 0x0241,
  0x06D0, 0xF8F5, 0x06DD, 0x03B4,  0xF5C3, 0x0E58, 0xF6F7, 0x0028,
  0x084B, 0xF3EF, 0x081E, 0xFD63,  0xFAA0, 0x06E9, 0xF82C, 0x011B,
  0xFD53, 0xFFC9, 0xFE98, 0xFAF5,  0x05BD, 0xF3C1, 0x071E, 0xF949,
  0xFCF1, 0x01F2, 0xF828, 0x066D,  0xF722, 0x0409, 0xFB1F, 0xFE8E,
  0x00E7, 0xFCC3, 0x006A, 0x0072,  0xFF02, 0xFC66, 0x07D9, 0xF5CD,
  0x093E, 0xF6F5, 0x06BA, 0xFCD4,  0x00D0, 0x03EF, 0xFB30, 0x0906,
  0xF81F, 0x090A, 0xF9F6, 0x08CD,  0xF8BD, 0x083A, 0xFC66, 0x0086,
  0x04B3, 0xFBFC, 0x08C5, 0xF969,  0x09B2, 0xF8B4, 0x06D2, 0x0028,
  0xFB29, 0x0790, 0xFC8C, 0x0264,  0xFD96, 0x03F6, 0xFC45, 0xFF2D,
  0x07AD, 0xF533, 0x0963, 0xFABB,  0xFF01, 0x013E, 0xFB52, 0x051E,
  0xF953, 0x056B, 0xFABE, 0x01E1,  0xFB84, 0x00B3, 0xFD7E, 0xFFBD,
  0x0139, 0xF9FC, 0x05B7, 0xF976,  0x0289, 0xFF2C, 0xFFDC, 0xFF17,
  0xFE5D, 0x02CA, 0xFBB5, 0x0086,  0x00FC, 0xFF55, 0x0336, 0xFEB5,
  0x03B0, 0xFCE7, 0x016D, 0x00FC,  0xFCC2, 0x054C, 0xFF5C, 0x0127,
  0x011D, 0x0007, 0x007A, 0x0014,  0x00D2, 0x03E6, 0xFA2B, 0x05F5,
  0xFDD7, 0xFDA3, 0x051F, 0xF9D3,  0x0700, 0xFC73, 0xFF86, 0x032D,
  0xFA0E, 0x035E, 0xFAD6, 0x0418,  0xFD0A, 0x009B, 0x07F8, 0xF5A9,
  0x0567, 0xFE21, 0xFBF7, 0x0494,  0xFDF0, 0x017C, 0xFD29, 0x01E5,
  0xFD48, 0xFE7D, 0x055A, 0xFA39,  0x02C7, 0x0141, 0xFE3D, 0xFF1F,
  0x04C2, 0xF8CD, 0x096E, 0xF5F3,  0x06EB, 0xFD65, 0xFC1F, 0x08F6,
  0xF69D, 0x0A82, 0xF43A, 0x0CDF,  0xF552, 0x07E2, 0xFB9F, 0x043F,
  0xFF5C, 0xFBCF, 0x06FF, 0xF930,  0x047A, 0xFF91, 0x0018, 0xFE0B,
  0x0566, 0xF90A, 0x04A9, 0xFDF6,  0x01D1, 0xFEBE, 0x021D, 0xFE7E,
  0x00AD, 0xFC42, 0x046D, 0xFD29,  0x023A, 0x01C9, 0xFF6C, 0xFC98,
  0x04A8, 0xFD8B, 0xFEF3, 0x0428,  0xFA27, 0x071D, 0xF772, 0x078C,
  0xF79C, 0x040F, 0xFEA0, 0x004E,  0x027C, 0xF9FF, 0x04DC, 0xFF1C,
  0xF7F2, 0x0B88, 0xF7EF, 0x068A,  0xFAC5, 0x0077, 0x0099, 0xFC5C,
  0x03A9, 0xFBFF, 0x06EE, 0xF853,  0x080E, 0xF66A, 0x0C55, 0xF254,
  0x0D68, 0xF4F2, 0x06E8, 0x0088,  0xFBE5, 0x0156, 0xFC7C, 0x038F,
  0xFC25, 0x05CD, 0xFB83, 0x055A,  0xF511, 0x0EF7, 0xF368, 0x07D2,
  0xFB83, 0x0470, 0xF97C, 0x0725,  0xFF2B, 0xFB62, 0x060E, 0xFDD1,
  0x0022, 0x02D7, 0xFFA7, 0xFFED,  0xFCF6, 0x0359, 0xFF9D, 0xFA74,
  0x0A80, 0xF5D8, 0x09DB, 0xF6A8,  0x0AF8, 0xF445, 0x0690, 0xFDC4,
  0xFFDB, 0x012B, 0x0123, 0xFF86,  0xFF1D, 0x0326, 0xF8A3, 0x072A,
  0xFB1C, 0xFDA5, 0x0680, 0xF6E0,  0x059C, 0xFF72, 0xFA33, 0x0B85,
  0xF494, 0x0878, 0xFD3D, 0x0330,  0xFA75, 0x0637, 0xFC0C, 0x027F,
  0xFAE6, 0x0783, 0xFA14, 0x0148,  0x0205, 0xFB47, 0x060F, 0xFB29,
  0x0001, 0x0523, 0xFBDD, 0x009E,  0x023F, 0xFCEF, 0x0658, 0xF75B,
  0x0916, 0xFAE8, 0x0458, 0xF68A,  0x0F0E, 0xEF63, 0x0D70, 0xF6BB,
  0x03AC, 0x03D5, 0xF490, 0x0DF2,  0xF555, 0x0770, 0xFB59, 0x03A7,
  0xFF13, 0x01ED, 0xF8E6, 0x0A2A,  0xF647, 0x0204, 0x024F, 0xFF00,
  0xFD2D, 0x040E, 0x0073, 0x0193,  0xFAED, 0x093D, 0xFA92, 0x0103,
  0x00CB, 0xFA77, 0x085D, 0xF665,  0x06A3, 0xFEAC, 0x0207, 0xFDAC,
  0x0501, 0xFE36, 0x021A, 0xFBBF,  0x0659, 0xF82C, 0x04F7, 0xFCEB,
  0x0193, 0x033B, 0xF6D3, 0x08DA,  0xFD19, 0xFB81, 0x07F4, 0xF5AD,
  0x074E, 0xFDCE, 0xF9BF, 0x0BAF,  0xF388, 0x0861, 0xFB2A, 0x0154,
  0xFF18, 0x026C, 0xFB29, 0x0587,  0xF8EC, 0x0523, 0xFE9F, 0xFD54,
  0x0522, 0xFB8E, 0x0363, 0xFBDE,  0x072F, 0xF9BA, 0x0245, 0x0672,
  0xF59A, 0x0E4A, 0xF95E, 0xFA35,  0x0F8F, 0xEE01, 0x0F46, 0xF518,
  0x03FF, 0x00E6, 0xFAC2, 0x0940,  0xF94E, 0x0855, 0xF74F, 0x04D6,
  0x01FF, 0xFBAB, 0x02D1, 0x0190,  0xFB10, 0x03CC, 0xFF81, 0xFB8D,
  0x06D1, 0xFC7F, 0x01FB, 0x0224,  0xFB5B, 0x02E7, 0xFE56, 0xFD0B,
  0x052E, 0xFA20, 0x083E, 0xF563,  0x0626, 0x02F3, 0xF83B, 0x05ED,
  0xFD72, 0x02A9, 0xFB0C, 0x06F3,  0xFAF8, 0x02B8, 0xFCD9, 0x0796,
  0xF5EE, 0x08BF, 0xFEF8, 0xF768,  0x0D01, 0xECC3, 0x0FF3, 0xF69B,
  0xFEED, 0x079A, 0xF14F, 0x10F4,  0xF1DA, 0x07D0, 0x02FB, 0xF6CD,
  0x0B32, 0xF63D, 0x0386, 0x018B,  0xFA56, 0x040A, 0x01BB, 0xFA03,
  0x039C, 0x0049, 0xFE01, 0x015D,  0x0214, 0xFD2E, 0x05EF, 0xFF1D,
  0xFDC8, 0x0356, 0x0084, 0x0032,  0x0086, 0xFEE7, 0x05C2, 0xF6AD,
  0x06FE, 0xFA9E, 0x0257, 0x02D8,  0xF959, 0x0741, 0xF8CA, 0x0638,
  0xF925, 0x05AB, 0xFCB4, 0x005F,  0xFDF7, 0x008B, 0x02E3, 0xFC9E,
  0x007A, 0x03CE, 0xF932, 0x049A,  0xFE2D, 0x01A2, 0xFD90, 0xFD39,
  0x0515, 0xFA31, 0x01D2, 0x015C,  0x0104, 0xFC1F, 0x0618, 0xF963,
  0x0509, 0xFE10, 0x01D9, 0x008F,  0xFC6C, 0x011B, 0x023B, 0xFC93,
  0x04BE, 0xFB67, 0x030C, 0x04D2,  0xF5B2, 0x0A44, 0xF712, 0x0685,
  0xFCBC, 0x03DB, 0xFD1F, 0x0241,  0xFDCC, 0x0256, 0xFF7B, 0xFD71,
  0x0894, 0xF361, 0x0C5C, 0xF09D,  0x0FA3, 0xF66D, 0x033A, 0xFF5E,
  0xFE7C, 0x0A35, 0xF4F9, 0x0838,  0xFA85, 0x059F, 0xF858, 0x0A0C,
  0xFABC, 0x025B, 0xFB55, 0xFFDE,  0x0263, 0xFA7B, 0x0164, 0x00B6,
  0xFC12, 0x018B, 0xFBC9, 0xFAD3,  0x0C87, 0xEF7E, 0x0E18, 0xF9B6,
  0x00BA, 0x0291, 0xF7FA, 0x092D,  0xFA05, 0x0A79, 0xFE22, 0xFFB4,
  0xFE8E, 0x0682, 0xFDD9, 0x048C,  0xFDD3, 0x04B3, 0xFEDC, 0xFB52,
  0x098E, 0xF74D, 0x07FE, 0xFB50,  0x0438, 0xFCA6, 0xFFC1, 0xF9AF,
  0x03B1, 0xF820, 0x054C, 0x000F,  0xF84A, 0x0661, 0xF6BB, 0x062B,
  0xF9D4, 0x036E, 0xFF43, 0x03D7,  0xFAFB, 0x03CE, 0x0024, 0x013F,
  0xFD0B, 0x0484, 0x07AB, 0xFC28,  0x02DE, 0xFEF0, 0x026D, 0xFB28,
  0x089C, 0x001F, 0xFD3E, 0x02CB,  0xFEE6, 0x0015, 0xFBA2, 0xFF1C,
  0x0579, 0xF6A0, 0x00D5, 0xFB9D,  0xFA84, 0x0064, 0xF944, 0x0221,
  0xFD8C, 0xFC99, 0xF9BD, 0x021F,  0xFC00, 0xFF59, 0x0235, 0xFD4A,
  0x04B3, 0xFB2F, 0x030A, 0x0073,  0xFBCE, 0x0572, 0xFFB6, 0x0135,
  0x02F5, 0xFAEE, 0x066F, 0xFF01,  0x0336, 0x087C, 0xFD89, 0x064B,
  0x0194, 0x0406, 0x0252, 0x02EB,  0xFE24, 0x0AF2, 0xFED8, 0x02E5,
  0x023A, 0xF904, 0x077A, 0xFA20,  0x06F3, 0xFD5B, 0xFD8B, 0x0158,
  0xFEB5, 0xFC65, 0x0317, 0xFF1F,  0xFDC4, 0x05E2, 0xFB99, 0x0139,
  0xFCE2, 0xFC9C, 0x00CE, 0x0285,  0xFF30, 0x0118, 0xFCB2, 0xFC77,
  0xFF91, 0xFF65, 0x01CF, 0xFBA0,  0x01B0, 0xFFF5, 0xFAF9, 0x00C1,
  0xFA5E, 0xFDFC, 0x0063, 0xFEF5,  0x026F, 0xFC06, 0xFEA3, 0xFEC5,
  0xFE5B, 0xFE67, 0x014E, 0xFCC5,  0x013B, 0xFBC5, 0xFB87, 0x0203,
  0xFB06, 0x01AD, 0x0037, 0x01ED,  0x0073, 0x0217, 0xFE07, 0x037C,
  0x0177, 0xFF09, 0x0243, 0x0202,  0x04EB, 0xFAB0, 0x045D, 0x027D,
  0x014D, 0x0065, 0xFF42, 0x0442,  0x01B1, 0x01EB, 0xFDE6, 0x057A,
  0xFD61, 0xFF39, 0xFE76, 0x01D7,  0xFEAE, 0xFCFE, 0x03B4, 0xF99C,
  0x0542, 0xFBDE, 0xFF73, 0x01F0,  0xFBE0, 0x02D5, 0x01CB, 0xFD78,
  0x008C, 0x00D7, 0x00A6, 0x018F,  0x0111, 0x00DA, 0x01FA, 0xFF0F,
  0xFEDC, 0x02ED, 0xFD95, 0x01AF,  0x022C, 0x02B4, 0xFFF1, 0xFF89,
  0xFDDD, 0x03AF, 0xFF33, 0x00F9,  0x0107, 0xFEE3, 0xFFD4, 0xFFD8,
  0x0074, 0xFD08, 0x06EF, 0xFCBE,  0x03C3, 0xFF53, 0xFEFD, 0x01E9,
  0xFDA4, 0x0323, 0x007F, 0x015C,  0xFE33, 0x0109, 0x00C5, 0xFFD1,
  0x0390, 0x028F, 0xFEC6, 0x019E,  0xFA6C, 0x0206, 0xFEFD, 0xFBD9,
  0x03D6, 0xFB21, 0xF9B3, 0xFD5A,  0xFD1A, 0xFACB, 0x0032, 0xFA86,
  0xFF56, 0xFC4F, 0xFA6F, 0xFD9F,  0xFA03, 0xFAE3, 0xFCBB, 0xFD43,
  0xFA28, 0xFACD, 0xF733, 0xFA5B,  0xF9D9, 0xF9AC, 0xFA65, 0xFA17,
  0xFAEB, 0xFB20, 0xFA4C, 0xFA4F,  0xFA1E, 0xFD2F, 0xFD26, 0xFD29,
  0xFF28, 0xFCB9, 0x0099, 0xFF9A,  0x02A0, 0x03FE, 0x0361, 0x05C2,
  0x0622, 0x07E6, 0x08EF, 0x0952,  0x0995, 0x0CD7, 0x0CE5, 0x0E25,
  0x0F0B, 0x0DD1, 0x0F65, 0x0EF5,  0x0EB6, 0x0EAD, 0x0DCC, 0x0DAC,
  0x0CF1, 0x0BE3, 0x09A2, 0x08DA,  0x081D, 0x06ED, 0x07DE, 0x07D8,
  0x06C0, 0x0378, 0x00C6, 0x015D,  0x00D7, 0x0140, 0x022F, 0xFECD,
  0xFF5E, 0xFD27, 0xFCE7, 0xFD00,  0xFA66, 0xFC01, 0xFA28, 0xFB87,
  0xFB6D, 0xFA37, 0xF704, 0xF6C6,  0xF7B4, 0xF918, 0xF8EA, 0xF713,
  0xF41D, 0xF1EC, 0xF556, 0xF310,  0xF520, 0xF165, 0xF00D, 0xF005,
  0xED10, 0xEF73, 0xEBA3, 0xEDED,  0xEE40, 0xEEEB, 0xEE8B, 0xEBC9,
  0xECA2, 0xEE13, 0xF34D, 0xF4A6,  0xF6CD, 0xF669, 0xF8BF, 0xFC19,
  0xFEAA, 0x00E8, 0x021E, 0x0499,  0x06DA, 0x0A97, 0x0AF0, 0x0AE5,
  0x0C2D, 0x0D06, 0x0EFE, 0x1051,  0x0F17, 0x0FD0, 0x0E68, 0x0DD0,
  0x0F69, 0x0D28, 0x0BBB, 0x0B58,  0x0A17, 0x0A15, 0x08F8, 0x06DC,
  0x04C0, 0x0484, 0x040A, 0x04E5,  0x03A2, 0x02AA, 0x030D, 0x01FC,
  0x0391, 0x042B, 0x0430, 0x038F,  0x04F9, 0x05F9, 0x0778, 0x0890,
  0x0890, 0x08A9, 0x099B, 0x0A34,  0x0B18, 0x0B70, 0x0B35, 0x0ADD,
  0x0AA7, 0x0A24, 0x0961, 0x0979,  0x08A8, 0x0966, 0x0746, 0x04FE,
  0x0491, 0x032C, 0x03C8, 0x024B,  0x005D, 0xFEAB, 0xFD58, 0xFDA8,
  0xFC44, 0xFBAF, 0xF79F, 0xF7FB,  0xF744, 0xF74B, 0xF7F6, 0xF44F,
  0xF38F, 0xF0C9, 0xF16E, 0xF101,  0xF018, 0xEF6D, 0xECD5, 0xED5B,
  0xEBD7, 0xE966, 0xEA4C, 0xE882,  0xE6FE, 0xE7FF, 0xE4EA, 0xE574,
  0xE3D6, 0xE596, 0xE8AE, 0xE904,  0xEDBC, 0xED38, 0xF450, 0xF3FB,
  0xF602, 0xFB29, 0xFDB0, 0x0412,  0x0457, 0x0AA4, 0x0975, 0x0CDD,
  0x1001, 0x1056, 0x1511, 0x13AC,  0x14EB, 0x157A, 0x159F, 0x14D9,
  0x14E0, 0x13B7, 0x10B8, 0x10FC,  0x0ED0, 0x0DA9, 0x0AF3, 0x08C4,
  0x08BA, 0x0699, 0x050D, 0x036F,  0x0307, 0x016E, 0x0227, 0x00CE,
  0x0179, 0x00E1, 0x00C4, 0x03D4,  0x0258, 0x05B4, 0x0623, 0x06D8,
  0x08B2, 0x09A6, 0x0A3E, 0x0B80,  0x0C6E, 0x0D60, 0x0E4D, 0x0C5C,
  0x0CCC, 0x0BDE, 0x0D80, 0x0CCC,  0x0BAD, 0x0A96, 0x0878, 0x0825,
  0x0749, 0x07B7, 0x0576, 0x0356,  0x0254, 0x00E8, 0x0046, 0xFEC4,
  0xFED6, 0xFE9C, 0xFCC7, 0xFCE9,  0xF990, 0xF85F, 0xF8DD, 0xF8D7,
  0xF887, 0xF5A4, 0xF2C1, 0xF0FC,  0xF09F, 0xEF0E, 0xEEE7, 0xECB5,
  0xE88B, 0xE77B, 0xE79A, 0xE606,  0xE5A4, 0xE463, 0xE1FC, 0xE237,
  0xDFF4, 0xE0CD, 0xDF16, 0xDF47,  0xE180, 0xE23B, 0xE781, 0xE793,
  0xEFFC, 0xF444, 0xF884, 0xFB91,  0xFD78, 0x071A, 0x07FB, 0x10E6,
  0x13A3, 0x15A8, 0x17AA, 0x170B,  0x1BAD, 0x1A4B, 0x1BD8, 0x19F2,
  0x1941, 0x173A, 0x1468, 0x1322,  0x0FA1, 0x0DB3, 0x0B53, 0x093C,
  0x067B, 0x03B9, 0x0116, 0x0145,  0xFF7A, 0xFFCE, 0xFF38, 0xFE56,
  0xFFA9, 0xFE2C, 0x0121, 0x01AA,  0x0237, 0x04FC, 0x0649, 0x08A5,
  0x096B, 0x0C2D, 0x0D44, 0x0ECE,  0x0FE6, 0x0FB8, 0x10C9, 0x100B,
  0x0F8E, 0x0EDE, 0x0D7D, 0x0C22,  0x0B75, 0x0992, 0x0893, 0x0662,
  0x0568, 0x0467, 0x0428, 0x03A5,  0x029B, 0x0112, 0x00B2, 0x0156,
  0x0144, 0x02D1, 0x01FB, 0x01F9,  0x0117, 0x00DF, 0x0133, 0x01EB,
  0x0202, 0x0031, 0xFCF2, 0xFB60,  0xFA68, 0xF90C, 0xF811, 0xF470,
  0xF09C, 0xECC6, 0xE9CA, 0xE890,  0xE68D, 0xE4E8, 0xE3A9, 0xE21E,
  0xDF45, 0xDDE1, 0xDDF1, 0xDD20,  0xDDF4, 0xDE81, 0xDE55, 0xDF96,
  0xDF75, 0xE2A1, 0xE72A, 0xEA63,  0xEFE1, 0xF46B, 0xFC2F, 0xFE44,
  0x01C8, 0x0668, 0x0BF2, 0x12DB,  0x1408, 0x18FF, 0x176B, 0x170C,
  0x174A, 0x1631, 0x1806, 0x14B2,  0x1303, 0x109C, 0x0C7B, 0x08D0,
  0x068E, 0x05D8, 0x03C3, 0x0399,  0x02B9, 0x0141, 0xFFFE, 0xFF54,
  0x01DC, 0x0414, 0x04E7, 0x0698,  0x069D, 0x070E, 0x0906, 0x0A8C,
  0x0CD3, 0x0D14, 0x0E16, 0x0EC3,  0x0EC1, 0x0FC7, 0x0E9E, 0x0EB4,
  0x0E35, 0x0E03, 0x0DCC, 0x0BCA,  0x0A0F, 0x0890, 0x0899, 0x0773,
  0x06FA, 0x051A, 0x03D5, 0x031A,  0x0288, 0x03DD, 0x0384, 0x0525,
  0x06B9, 0x088F, 0x093B, 0x089E,  0x0894, 0x093A, 0x0AAF, 0x0B6D,
  0x0B74, 0x0A43, 0x095D, 0x07C6,  0x05BF, 0x031B, 0x010E, 0xFE06,
  0xFADB, 0xF7CA, 0xF35D, 0xF074,  0xEE3C, 0xEB85, 0xE804, 0xE395,
  0xDFBA, 0xDE04, 0xDE97, 0xDF4E,  0xDE4B, 0xDED2, 0xDD52, 0xDD3A,
  0xDD83, 0xDE7C, 0xDF8A, 0xE0A9,  0xE0AB, 0xE309, 0xE3F9, 0xE59B,
  0xE95D, 0xE9F8, 0xF11B, 0xF1A6,  0xFABC, 0x0135, 0x02CA, 0x0425,
  0x058F, 0x0E37, 0x10E4, 0x1486,  0x147C, 0x1594, 0x1479, 0x129C,
  0x13AD, 0x1271, 0x118B, 0x0FD8,  0x0F51, 0x0D05, 0x08C8, 0x0700,
  0x0785, 0x08C3, 0x08C4, 0x0860,  0x06EA, 0x05E0, 0x06E7, 0x0984,
  0x0C8C, 0x0C71, 0x0BD7, 0x0C07,  0x0C5E, 0x0CA3, 0x0CFC, 0x0D77,
  0x0D68, 0x0D45, 0x0CAD, 0x0C69,  0x0A99, 0x0985, 0x096F, 0x0A71,
  0x0AAB, 0x08BB, 0x07FE, 0x05E9,  0x06A2, 0x0791, 0x0835, 0x06B5,
  0x046D, 0x0495, 0x04D9, 0x07CE,  0x08D1, 0x08A8, 0x06D0, 0x0579,
  0x07D3, 0x0A17, 0x0CA9, 0x0B39,  0x08A1, 0x07DE, 0x0818, 0x09F5,
  0x0949, 0x06C7, 0x020E, 0xFFFB,  0x007D, 0xFFD6, 0xFEB2, 0xF81E,
  0xF41C, 0xF2C2, 0xF1F4, 0xF251,  0xEE43, 0xEA15, 0xE6D2, 0xE59F,
  0xE5B2, 0xE31B, 0xE130, 0xE032,  0xDEEE, 0xE146, 0xE250, 0xE24C,
  0xE08D, 0xE15F, 0xE426, 0xE465,  0xE413, 0xE2C9, 0xE305, 0xE499,
  0xE4CA, 0xE67F, 0xE935, 0xEAC8,  0xEE8A, 0xF3E2, 0xFD97, 0xFEDC,
  0x01CF, 0x03B5, 0x0A3F, 0x11CC,  0x127C, 0x18CC, 0x1667, 0x1768,
  0x1649, 0x1634, 0x168E, 0x1491,  0x1540, 0x133D, 0x1155, 0x0C61,
  0x0B4A, 0x0B7F, 0x0B73, 0x0BAE,  0x0A21, 0x081E, 0x0742, 0x07BB,
  0x0A01, 0x0C04, 0x0A7D, 0x0AE9,  0x0AA7, 0x0B60, 0x0BA4, 0x0B2E,
  0x0C43, 0x0B27, 0x0B6E, 0x0A78,  0x0A60, 0x09BE, 0x0926, 0x0AC9,
  0x0A79, 0x09DF, 0x08D5, 0x07EE,  0x06D3, 0x063C, 0x071E, 0x06E8,
  0x0645, 0x055B, 0x0531, 0x04A6,  0x040C, 0x04F2, 0x05DA, 0x0942,
  0x0A46, 0x09D2, 0x0944, 0x085B,  0x08FA, 0x0AB3, 0x0CFA, 0x0CB8,
  0x0A31, 0x065E, 0x0546, 0x04FD,  0x02BE, 0xFEED, 0xFDFA, 0xFDFF,
  0xFBC8, 0xF842, 0xF34E, 0xF096,  0xEFCD, 0xF087, 0xEE33, 0xEA52,
  0xE7AC, 0xE87D, 0xE9A5, 0xE6DF,  0xE2D8, 0xDF24, 0xDFD3, 0xE247,
  0xE624, 0xE552, 0xE201, 0xDF48,  0xE1BD, 0xE6B6, 0xE9A8, 0xEA10,
  0xE6C1, 0xE62E, 0xE6A3, 0xE8E0,  0xEAE0, 0xEB56, 0xEB26, 0xF16B,
  0xF6A7, 0xFD2C, 0xFD63, 0xFD91,  0x0307, 0x07FE, 0x12AE, 0x168C,
  0x1482, 0x131C, 0x1298, 0x17D5,  0x1B57, 0x18E9, 0x1636, 0x116C,
  0x11B4, 0x10B7, 0x10B8, 0x0E94,  0x0C95, 0x0CC6, 0x0BC8, 0x0A64,
  0x07E3, 0x0702, 0x089B, 0x0B85,  0x0BA3, 0x09FE, 0x06A7, 0x0741,
  0x0919, 0x0BCC, 0x0C6E, 0x0B83,  0x098B, 0x081F, 0x084B, 0x0892,
  0x0886, 0x0848, 0x0A39, 0x0937,  0x076E, 0x0494, 0x0562, 0x0735,
  0x077A, 0x0743, 0x0487, 0x046E,  0x04C4, 0x063D, 0x0649, 0x05AC,
  0x0687, 0x0685, 0x0825, 0x096C,  0x09FB, 0x0A47, 0x09EE, 0x0B60,
  0x0B95, 0x0C31, 0x0AE0, 0x0922,  0x08DA, 0x06E9, 0x063A, 0x0333,
  0x0098, 0xFEBF, 0xFD19, 0xFBDE,  0xF970, 0xF651, 0xF4FD, 0xF37D,
  0xF1FD, 0xF070, 0xED5D, 0xEC06,  0xEB40, 0xEA0C, 0xE83C, 0xE5BE,
  0xE4AF, 0xE3C4, 0xE4C9, 0xE4D8,  0xE38C, 0xE48B, 0xE391, 0xE54F,
  0xE56F, 0xE7A8, 0xE6E3, 0xE643,  0xE41B, 0xE5E4, 0xE76D, 0xE856,
  0xEA7A, 0xE814, 0xED72, 0xED1D,  0xF8E4, 0x006F, 0x02B2, 0x0014,
  0x000E, 0x0A1E, 0x0F80, 0x14D0,  0x1349, 0x1370, 0x110F, 0x1193,
  0x13BC, 0x131F, 0x132D, 0x1195,  0x1174, 0x10A1, 0x0C96, 0x0C73,
  0x0E13, 0x0FE1, 0x1071, 0x0DEC,  0x0BB1, 0x0961, 0x0AAE, 0x0DE8,
  0x0FE8, 0x0F0D, 0x0C0E, 0x0AAF,  0x0A8B, 0x0AC1, 0x0B3A, 0x0AF9,
  0x0A6B, 0x087D, 0x0713, 0x0647,  0x04E6, 0x0573, 0x0678, 0x08A2,
  0x0732, 0x0480, 0x023E, 0x028C,  0x04EE, 0x06DA, 0x081F, 0x056A,
  0x0424, 0x042C, 0x06B7, 0x07CC,  0x07A5, 0x0700, 0x08A6, 0x09CA,
  0x08CD, 0x0936, 0x0942, 0x0A9E,  0x0A5B, 0x088F, 0x0632, 0x0655,
  0x06F4, 0x0638, 0x03C3, 0x00F5,  0x002D, 0xFF17, 0xFD79, 0xFADF,
  0xF8F2, 0xF83F, 0xF7B0, 0xF80A,  0xF679, 0xF40C, 0xF0EB, 0xEF70,
  0xEE87, 0xEDFA, 0xED00, 0xEA79,  0xE7F2, 0xE505, 0xE6BD, 0xE729,
  0xE657, 0xE684, 0xE51C, 0xE61E,  0xE5C8, 0xE737, 0xE859, 0xE68F,
  0xE68F, 0xE5C6, 0xE60D, 0xE5FB,  0xE520, 0xE6F0, 0xE924, 0xE9E0,
  0xF0EF, 0xF5F3, 0xFFBC, 0xFED5,  0xFDF9, 0x0728, 0x092D, 0x126B,
  0x1016, 0x1369, 0x1359, 0x1120,  0x1490, 0x1242, 0x1446, 0x11C3,
  0x12A4, 0x11B6, 0x0F03, 0x0E7B,  0x0EE1, 0x0FF4, 0x10B1, 0x0E70,
  0x0DF0, 0x0C59, 0x0C08, 0x0F11,  0x0F6C, 0x10AE, 0x0D24, 0x0C13,
  0x0CB8, 0x0CD5, 0x0D22, 0x0B20,  0x0996, 0x07D8, 0x06DB, 0x070B,
  0x066C, 0x054A, 0x0357, 0x0378,  0x03B4, 0x0329, 0x031A, 0x02DD,
  0x0380, 0x0366, 0x0378, 0x0395,  0x023C, 0x030E, 0x04B4, 0x0699,
  0x06B7, 0x04AD, 0x061C, 0x05F0,  0x08E0, 0x0A2E, 0x0BBB, 0x0AD3,
  0x081A, 0x0974, 0x0970, 0x0AB4,  0x097C, 0x075F, 0x0360, 0x0098,
  0x00AF, 0x021A, 0x02A4, 0xFEED,  0xFB08, 0xF7A0, 0xF703, 0xF94D,
  0xFA8F, 0xF8B8, 0xF43B, 0xF1DB,  0xF0B2, 0xF009, 0xF026, 0xEED7,
  0xEC95, 0xEA5E, 0xE871, 0xE7FC,  0xE85B, 0xE8AF, 0xEAC7, 0xEA64,
  0xE7A7, 0xE675, 0xE55A, 0xE7D5,  0xE8A8, 0xE93E, 0xE7C1, 0xE551,
  0xE6B5, 0xE7F8, 0xEAA1, 0xECCA,  0xEE0C, 0xED59, 0xF25B, 0xF7FE,
  0x01BF, 0x015B, 0xFFB9, 0x027F,  0x0611, 0x111F, 0x0EB4, 0x1198,
  0x1013, 0x0D06, 0x0F0F, 0x0F4B,  0x13A9, 0x10A2, 0x1013, 0x0E89,
  0x0C76, 0x0DD6, 0x0D76, 0x1131,  0x109C, 0x0DAF, 0x0DB1, 0x0BA6,
  0x0D47, 0x0F79, 0x107A, 0x10AB,  0x0C3B, 0x0B4B, 0x0C6A, 0x0CAA,
  0x0E20, 0x0B12, 0x09EB, 0x0746,  0x05A6, 0x082E, 0x056B, 0x04EC,
  0x0324, 0x0407, 0x03A1, 0x017D,  0x012A, 0x0088, 0x0370, 0x044A,
  0x04CF, 0x0204, 0xFFE5, 0x0076,  0x048E, 0x0885, 0x0805, 0x05DE,
  0x0492, 0x0684, 0x09A0, 0x0B7F,  0x0A66, 0x08BC, 0x0785, 0x0905,
  0x098B, 0x07D0, 0x05FB, 0x03EB,  0x03EC, 0x02CA, 0x01CE, 0xFF94,
  0xFD14, 0xFD87, 0xFBE8, 0xFC3F,  0xFBBB, 0xFA7B, 0xF75F, 0xF518,
  0xF666, 0xF741, 0xF802, 0xF4C0,  0xF1A5, 0xEFFC, 0xF1CD, 0xF1D4,
  0xF036, 0xEEBE, 0xEC07, 0xEC03,  0xE9B5, 0xE8AD, 0xEA06, 0xEAD9,
  0xEC6F, 0xEAA9, 0xE960, 0xE908,  0xE957, 0xEC60, 0xED3D, 0xECA8,
  0xEABB, 0xE912, 0xE9F7, 0xEC59,  0xED76, 0xF110, 0xF0C5, 0xF611,
  0xF9A0, 0xF9C7, 0xFE7A, 0xFF16,  0x06FE, 0x08BD, 0x0C54, 0x0DEE,
  0x0AB0, 0x0E41, 0x0DF2, 0x1298,  0x1367, 0x1009, 0x0FF5, 0x0D59,
  0x0FF0, 0x10FA, 0x1174, 0x11A5,  0x0EA6, 0x0F81, 0x0ECE, 0x0F04,
  0x0F04, 0x0F40, 0x0FD4, 0x0EA8,  0x0D8D, 0x0CCD, 0x0C63, 0x0D9C,
  0x0DAE, 0x0BD9, 0x0A79, 0x0769,  0x06E0, 0x06C9, 0x0854, 0x0783,
  0x0484, 0x0306, 0x01CE, 0x0331,  0x02BB, 0x020E, 0x00E2, 0x0021,
  0x00BA, 0x0016, 0x0017, 0xFFD1,  0xFFC2, 0x017F, 0x01F0, 0x02D8,
  0x02DD, 0x035E, 0x05E1, 0x0798,  0x087A, 0x074F, 0x062D, 0x0706,
  0x08E4, 0x09AE, 0x087A, 0x058C,  0x0410, 0x02D9, 0x0400, 0x041C,
  0x02BA, 0x0122, 0xFEC0, 0xFD8D,  0xFC3A, 0xFB71, 0xFA5F, 0xFAF3,
  0xF9B4, 0xF7AE, 0xF574, 0xF371,  0xF40D, 0xF460, 0xF42D, 0xF22B,
  0xEE7F, 0xED27, 0xED4D, 0xEE94,  0xEEE8, 0xEAF0, 0xEA5E, 0xE952,
  0xE922, 0xEB15, 0xEA3E, 0xEC03,  0xEA02, 0xEA1C, 0xE95F, 0xE85F,
  0xEA18, 0xEAC9, 0xEBFC, 0xEC07,  0xEB63, 0xEB5E, 0xF0C2, 0xF5A7,
  0xFC9B, 0xFB3D, 0xFAD5, 0xFD54,  0x016B, 0x0BB2, 0x0BB7, 0x0D0F,
  0x0A6E, 0x0942, 0x0E9C, 0x10B0,  0x14A5, 0x113A, 0x0E9A, 0x0DD0,
  0x0E56, 0x124D, 0x11D7, 0x1286,  0x0FB8, 0x0EB4, 0x0EB8, 0x0F44,
  0x10F7, 0x1135, 0x1071, 0x0EC7,  0x0D33, 0x0CFB, 0x0DEA, 0x0E88,
  0x0F0E, 0x0C08, 0x0945, 0x071F,  0x0701, 0x086E, 0x0814, 0x059C,
  0x0221, 0x006F, 0x00C7, 0x0206,  0x02A4, 0x00AC, 0xFF1F, 0xFD79,
  0xFE20, 0x0042, 0x0082, 0x0087,  0xFE38, 0xFE0A, 0x0027, 0x02F6,
  0x0534, 0x0467, 0x049A, 0x04BB,  0x056B, 0x0779, 0x0876, 0x0968,
  0x08D8, 0x065A, 0x054B, 0x05E2,  0x06DD, 0x06B0, 0x03BC, 0x022D,
  0x012A, 0x021D, 0x02EA, 0x0123,  0xFF71, 0xFD35, 0xFC6E, 0xFCAB,
  0xFBE9, 0xFB22, 0xF9C7, 0xF81C,  0xF625, 0xF56A, 0xF5E6, 0xF600,
  0xF591, 0xF43E, 0xF330, 0xF171,  0xEF7E, 0xEE75, 0xF093, 0xF089,
  0xED64, 0xE9BA, 0xE8FF, 0xE9A0,  0xEB9B, 0xEC59, 0xEACA, 0xEA37,
  0xEBA5, 0xEF11, 0xEF81, 0xEE6A,  0xEDD1, 0xEE08, 0xEE68, 0xF053,
  0xF181, 0xF215, 0xF1B9, 0xF53F,  0xFB23, 0xFE3F, 0x0085, 0x0157,
  0x029E, 0x077F, 0x0A6D, 0x0E4F,  0x0E88, 0x0C0D, 0x0CA9, 0x0CE4,
  0x10EF, 0x110C, 0x116B, 0x0F70,  0x0DA7, 0x0F70, 0x10A6, 0x12D8,
  0x120A, 0x1084, 0x0FF4, 0x0E86,  0x0F97, 0x0FFA, 0x0F7C, 0x0E81,
  0x0BE8, 0x0B34, 0x0A31, 0x0BA1,  0x0BB5, 0x0A20, 0x07AF, 0x04AA,
  0x048A, 0x0464, 0x04EC, 0x0425,  0x0119, 0xFF69, 0xFDFC, 0xFFB4,
  0x00A8, 0x0010, 0xFF82, 0xFEAE,  0xFF6A, 0x0022, 0x0058, 0x00A9,
  0x0066, 0x00BE, 0x0345, 0x0219,  0x014D, 0xFF84, 0x03C7, 0x0886,
  0x07A8, 0x06AA, 0x0217, 0x0434,  0x0756, 0x09E0, 0x09C9, 0x0545,
  0x0385, 0x02B0, 0x050F, 0x06AB,  0x0554, 0x02A1, 0xFF30, 0xFFCC,
  0x00E9, 0x01E3, 0x017B, 0xFE88,  0xFD24, 0xFB07, 0xFA11, 0xFA1E,
  0xF9A5, 0xF8AE, 0xF599, 0xF39B,  0xF252, 0xF24A, 0xF30A, 0xF2B0,
  0xF095, 0xEE50, 0xECE4, 0xED3F,  0xEEED, 0xEED9, 0xEE0E, 0xEB2B,
  0xE953, 0xEBB4, 0xED83, 0xF01C,  0xEE7A, 0xECFE, 0xEDD6, 0xEF48,
  0xF291, 0xF20E, 0xF263, 0xF193,  0xF14D, 0xF2F3, 0xF63B, 0xF6FF,
  0xF8DB, 0xFA09, 0xFF33, 0x0149,  0x01ED, 0x06B1, 0x0766, 0x0C4A,
  0x0AA3, 0x0C89, 0x0CF2, 0x0C85,  0x0FA1, 0x0ECF, 0x104D, 0x0E9E,
  0x0F17, 0x1015, 0x1036, 0x1186,  0x108B, 0x1087, 0x0F87, 0x0EDD,
  0x0F0E, 0x0E3C, 0x0D5F, 0x0CA1,  0x0BE0, 0x0B4E, 0x0A88, 0x09AC,
  0x09D1, 0x085B, 0x0805, 0x06BD,  0x0593, 0x04DC, 0x02A3, 0x025B,
  0x00E2, 0x010A, 0x0071, 0xFF60,  0xFEAE, 0xFD92, 0xFEBA, 0xFF8D,
  0x00DC, 0x00C1, 0xFF4E, 0xFED7,  0x0004, 0x025D, 0x03D9, 0x02B5,
  0x0165, 0x011D, 0x0280, 0x0560,  0x0671, 0x06B8, 0x045B, 0x0374,
  0x0575, 0x06FC, 0x08EF, 0x0724,  0x0439, 0x02FD, 0x039A, 0x0679,
  0x05FD, 0x038A, 0x0050, 0xFED6,  0x008A, 0x0217, 0x0298, 0xFF95,
  0xFC10, 0xFBA2, 0xFC36, 0xFD98,  0xFC58, 0xF92B, 0xF668, 0xF581,
  0xF688, 0xF5CB, 0xF48D, 0xF2A8,  0xF06F, 0xF046, 0xF0EB, 0xF12E,
  0xEFEB, 0xEEF9, 0xEED6, 0xEE75,  0xEEB2, 0xEE61, 0xEEBB, 0xEED8,
  0xEF11, 0xEFB6, 0xEFC5, 0xF0AC,  0xF243, 0xF354, 0xF3E5, 0xF392,
  0xF3A9, 0xF4FD, 0xF57F, 0xF6A8,  0xF5EF, 0xF61B, 0xF820, 0xFA13,
  0xFEE8, 0x00B3, 0x0106, 0x0163,  0x0410, 0x0988, 0x0B2A, 0x0BCC,
  0x09FF, 0x08F3, 0x0B25, 0x0DDB,  0x10A5, 0x0E98, 0x0C7E, 0x0C4C,
  0x0E55, 0x1193, 0x126B, 0x1141,  0x0E19, 0x0CDA, 0x0E58, 0x0FCF,
  0x0F80, 0x0D12, 0x0A68, 0x09D3,  0x0A92, 0x0BF6, 0x0B7A, 0x0977,
  0x07DA, 0x068D, 0x06C0, 0x06B1,  0x05F3, 0x04AC, 0x0232, 0x00D3,
  0x0071, 0x0143, 0x0209, 0x00D4,  0xFF83, 0xFE16, 0xFEDC, 0x00D6,
  0x022D, 0x025E, 0xFFA0, 0xFF11,  0x007B, 0x0322, 0x04A3, 0x0292,
  0x0116, 0x0078, 0x0319, 0x05B2,  0x05DB, 0x0466, 0x0238, 0x0308,
  0x04CE, 0x0605, 0x04ED, 0x027C,  0x00F9, 0x00F6, 0x02BA, 0x032C,
  0x01C9, 0xFFA2, 0xFE21, 0xFEA0,  0xFF4E, 0xFF3F, 0xFE40, 0xFC25,
  0xFAF6, 0xFA86, 0xFAA5, 0xFAAA,  0xF9C9, 0xF843, 0xF65F, 0xF57E,
  0xF569, 0xF54F, 0xF4BB, 0xF3AA,  0xF1A8, 0xF0BC, 0xF150, 0xF20D,
  0xF268, 0xF15E, 0xF0C0, 0xF076,  0xF1E3, 0xF310, 0xF3AB, 0xF303,
  0xF215, 0xF32F, 0xF40C, 0xF68A,  0xF5E8, 0xF587, 0xF440, 0xF4C8,
  0xF672, 0xF624, 0xF706, 0xF5B4,  0xF667, 0xF727, 0xFB67, 0xFD44,
  0xFF27, 0xFF52, 0x0004, 0x03E3,  0x056A, 0x099A, 0x0772, 0x083C,
  0x083C, 0x0911, 0x0C82, 0x0BB5,  0x0D52, 0x0AF2, 0x0CAF, 0x0E2D,
  0x0F2C, 0x10D8, 0x0F09, 0x0F99,  0x0E03, 0x0F68, 0x0ED3, 0x0E1E,
  0x0D95, 0x0C83, 0x0C98, 0x0BB5,  0x0BFE, 0x0B05, 0x0B60, 0x0A07,
  0x09D0, 0x07D1, 0x06A6, 0x05FA,  0x0491, 0x04DB, 0x020B, 0x01A0,
  0x003A, 0x009D, 0x0183, 0x0097,  0x0068, 0xFE7D, 0xFF03, 0xFFD2,
  0x008C, 0x0066, 0xFEA9, 0xFDD8,  0xFE35, 0xFFF4, 0x015E, 0x00AE,
  0xFFBA, 0xFF98, 0x00AA, 0x030D,  0x037F, 0x0328, 0x0115, 0x0039,
  0x018A, 0x0204, 0x02F0, 0x0159,  0xFF9A, 0xFF00, 0xFF92, 0x01A0,
  0x012A, 0x001B, 0xFE85, 0xFDC1,  0xFE6D, 0xFEB8, 0xFEAC, 0xFD0E,
  0xFB38, 0xFAC9, 0xFA8B, 0xFAC6,  0xFA09, 0xF8A9, 0xF75F, 0xF65D,
  0xF685, 0xF605, 0xF583, 0xF48E,  0xF3CC, 0xF3BA, 0xF40B, 0xF43D,
  0xF418, 0xF3F6, 0xF458, 0xF4E7,  0xF560, 0xF5BE, 0xF597, 0xF57C,
  0xF568, 0xF5EA, 0xF59F, 0xF58D,  0xF4F1, 0xF50B, 0xF50B, 0xF573,
  0xF650, 0xF62F, 0xF804, 0xF855,  0xFAC7, 0xFC27, 0xFD77, 0xFEAD,
  0xFF2E, 0x01E1, 0x0263, 0x0412,  0x0454, 0x04F5, 0x05D3, 0x072A,
  0x08F0, 0x090B, 0x09B0, 0x0A35,  0x0B4A, 0x0C0E, 0x0CF2, 0x0D0F,
  0x0CE5, 0x0D09, 0x0D56, 0x0DB3,  0x0D1A, 0x0CFC, 0x0C3D, 0x0C32,
  0x0C33, 0x0BF9, 0x0BBA, 0x0AC2,  0x0A8B, 0x09AA, 0x0980, 0x0894,
  0x077D, 0x0670, 0x056F, 0x04FC,  0x0446, 0x03F9, 0x0340, 0x02DF,
  0x025A, 0x0242, 0x01DE, 0x0171,  0x00FE, 0x0074, 0x0030, 0x0004,
  0x0030, 0xFFC0, 0xFFE8, 0xFFB9,  0x005F, 0x00A2, 0x012B, 0x015F,
  0x0115, 0x0190, 0x017B, 0x0262,  0x0238, 0x021F, 0x00FC, 0x0059,
  0x0073, 0x0018, 0x0051, 0xFF71,  0xFEF6, 0xFE8F, 0xFED0, 0xFF3D,
  0xFEFD, 0xFE9F, 0xFDE5, 0xFD58,  0xFD27, 0xFCDD, 0xFCC8, 0xFC35,
  0xFB84, 0xFB21, 0xFA70, 0xFA38,  0xF9A6, 0xF94F, 0xF8E7, 0xF85D,
  0xF7CA, 0xF71B, 0xF6F1, 0xF6B4,  0xF667, 0xF5FD, 0xF5A1, 0xF522,
  0xF4D8, 0xF4E9, 0xF543, 0xF521,  0xF53D, 0xF575, 0xF5EC, 0xF650,
  0xF67F, 0xF694, 0xF5CC, 0xF589,  0xF52E, 0xF52B, 0xF4AE, 0xF4EB,
  0xF579, 0xF670, 0xF7C6, 0xF927,  0xFA80, 0xFB73, 0xFCF7, 0xFE4E,
  0xFF72, 0x004A, 0x0126, 0x0205,  0x0348, 0x04CB, 0x0627, 0x074C,
  0x0831, 0x097C, 0x0ABA, 0x0BDB,  0x0CA6, 0x0D1D, 0x0D5D, 0x0DA6,
  0x0E04, 0x0E07, 0x0DFB, 0x0D7C,  0x0D6D, 0x0D0F, 0x0D01, 0x0CC1,
  0x0C4E, 0x0C24, 0x0B47, 0x0B21,  0x0A40, 0x09A6, 0x0899, 0x079F,
  0x06BF, 0x05C8, 0x0517, 0x0445,  0x03DA, 0x034D, 0x02CD, 0x022E,
  0x01D0, 0x014E, 0x00E0, 0x0049,  0xFFC3, 0xFF73, 0xFF03, 0xFF14,
  0xFF13, 0xFF62, 0xFF5C, 0xFFCF,  0x001A, 0x0074, 0x00B3, 0x00E3,
  0x011B, 0x00D1, 0x0109, 0x00A7,  0x008C, 0x0014, 0x0066, 0x008B,
  0x0049, 0x0045, 0xFFBF, 0xFFBB,  0xFFB3, 0xFFE4, 0xFFB7, 0xFF57,
  0xFF24, 0xFF07, 0xFECF, 0xFEB4,  0xFE6F, 0xFE24, 0xFD7E, 0xFD06,
  0xFC55, 0xFBEC, 0xFB6D, 0xFAE2,  0xFA8C, 0xF9DE, 0xF95E, 0xF8CD,
  0xF884, 0xF820, 0xF7BF, 0xF74F,  0xF6EB, 0xF654, 0xF617, 0xF59F,
  0xF540, 0xF50A, 0xF508, 0xF52D,  0xF532, 0xF564, 0xF543, 0xF519,
  0xF4E4, 0xF4B4, 0xF427, 0xF3F6,  0xF3A4, 0xF3D8, 0xF430, 0xF52B,
  0xF693, 0xF7F0, 0xF95B, 0xFA6C,  0xFB89, 0xFC8C, 0xFDFB, 0xFF1B,
  0x002A, 0x0117, 0x0216, 0x0374,  0x04E7, 0x068D, 0x07B7, 0x08CD,
  0x09AD, 0x0AB0, 0x0B96, 0x0C45,  0x0CE9, 0x0D2B, 0x0D63, 0x0D82,
  0x0D98, 0x0D57, 0x0D22, 0x0CDF,  0x0CA0, 0x0C4C, 0x0C08, 0x0BB6,
  0x0B40, 0x0AEB, 0x0A65, 0x09D7,  0x08E3, 0x0809, 0x0739, 0x0688,
  0x05D9, 0x0530, 0x047B, 0x03EF,  0x039D, 0x0323, 0x02A3, 0x01DB,
  0x016A, 0x00BE, 0x0074, 0x0006,  0xFF82, 0xFF37, 0xFEE5, 0xFF0F,
  0xFF11, 0xFF80, 0xFF7C, 0xFFEB,  0x0029, 0x0088, 0x00C0, 0x00CA,
  0x0112, 0x00C5, 0x0106, 0x006D,  0x003E, 0xFFA0, 0xFFFB, 0x0023,
  0xFFEF, 0xFFDC, 0xFF31, 0xFF1B,  0xFEEB, 0xFF30, 0xFEDB, 0xFE71,
  0xFE11, 0xFDF5, 0xFDFD, 0xFE03,  0xFDDF, 0xFD6E, 0xFCF5, 0xFC9D,
  0xFC4F, 0xFBFE, 0xFBBA, 0xFB3E,  0xFB03, 0xFA87, 0xFA4D, 0xF9E6,
  0xF99C, 0xF95B, 0xF8F3, 0xF8CB,  0xF84C, 0xF7F5, 0xF79C, 0xF763,
  0xF726, 0xF704, 0xF709, 0xF70F,  0xF734, 0xF75F, 0xF73C, 0xF6F2,
  0xF67F, 0xF624, 0xF5B0, 0xF549,  0xF504, 0xF4DA, 0xF54F, 0xF60B,
  0xF775, 0xF89D, 0xF9FA, 0xFAE2,  0xFBCA, 0xFCE7, 0xFDD2, 0xFEF2,
  0xFF9E, 0x00B0, 0x0174, 0x02DA,  0x0430, 0x0564, 0x0688, 0x076E,
  0x088C, 0x0948, 0x0A47, 0x0AC9,  0x0B60, 0x0BAA, 0x0C18, 0x0C2E,
  0x0C30, 0x0C27, 0x0C05, 0x0C01,  0x0BDC, 0x0BC9, 0x0B58, 0x0B08,
  0x0AAB, 0x0A5E, 0x09E7, 0x0936,  0x086F, 0x07B5, 0x072B, 0x06B4,
  0x060D, 0x0564, 0x049C, 0x042D,  0x03C6, 0x0361, 0x02D4, 0x0219,
  0x019F, 0x0125, 0x00ED, 0x0081,  0x0020, 0xFFB5, 0xFF90, 0xFF91,
  0xFFA7, 0xFFAE, 0xFFC6, 0xFFE4,  0x001F, 0x0050, 0x004E, 0x0035,
  0x0024, 0x002C, 0x0031, 0x001D,  0xFFE4, 0xFFBA, 0xFF9B, 0xFFAB,
  0xFF8C, 0xFF35, 0xFECE, 0xFE84,  0xFE73, 0xFE81, 0xFE71, 0xFE4A,
  0xFE08, 0xFDE2, 0xFDD9, 0xFDBF,  0xFD8A, 0xFD13, 0xFCA4, 0xFC39,
  0xFBD7, 0xFB9D, 0xFB4F, 0xFB1A,  0xFAF1, 0xFAB2, 0xFA79, 0xFA0F,
  0xF9C3, 0xF965, 0xF928, 0xF8E9,  0xF8A1, 0xF85B, 0xF83C, 0xF838,
  0xF83D, 0xF84B, 0xF845, 0xF83F,  0xF80E, 0xF81C, 0xF7B7, 0xF76C,
  0xF6FD, 0xF696, 0xF66A, 0xF605,  0xF62E, 0xF60E, 0xF6B7, 0xF751,
  0xF872, 0xF960, 0xFA50, 0xFB44,  0xFBF1, 0xFD3D, 0xFDD4, 0xFF09,
  0xFFAB, 0x00D2, 0x01B2, 0x02E8,  0x040E, 0x04EC, 0x05F9, 0x06BC,
  0x07CE, 0x0876, 0x095E, 0x09CD,  0x0A6D, 0x0AC3, 0x0B4A, 0x0B6B,
  0x0B7D, 0x0B8F, 0x0B7C, 0x0B91,  0x0B57, 0x0B3F, 0x0AD2, 0x0A96,
  0x0A52, 0x0A06, 0x0991, 0x090C,  0x0879, 0x07EF, 0x0769, 0x06CD,
  0x0616, 0x0543, 0x0483, 0x03EF,  0x037F, 0x030C, 0x02A5, 0x0232,
  0x01D0, 0x017A, 0x0112, 0x0099,  0x0024, 0xFFAE, 0xFF7E, 0xFF50,
  0xFF72, 0xFF70, 0xFFBD, 0xFFE1,  0x0022, 0x0038, 0x0034, 0x0028,
  0x0001, 0x001B, 0x0006, 0x002F,  0x000C, 0x0010, 0xFFB6, 0xFF73,
  0xFF48, 0xFF08, 0xFEEC, 0xFEAC,  0xFE9B, 0xFE79, 0xFE8D, 0xFE87,
  0xFE77, 0xFE29, 0xFDCD, 0xFD75,  0xFD31, 0xFCEA, 0xFCAD, 0xFC5F,
  0xFC0E, 0xFBDD, 0xFBAC, 0xFB8E,  0xFB5C, 0xFB24, 0xFAC6, 0xFA6C,
  0xFA14, 0xF9D1, 0xF98D, 0xF95C,  0xF922, 0xF8F2, 0xF8DB, 0xF8D5,
  0xF8DF, 0xF8F5, 0xF8EC, 0xF8D6,  0xF893, 0xF86B, 0xF80B, 0xF7BF,
  0xF761, 0xF711, 0xF6E0, 0xF6C5,  0xF6E0, 0xF6E8, 0xF74C, 0xF7B9,
  0xF894, 0xF969, 0xFA4E, 0xFB10,  0xFBA2, 0xFC9F, 0xFD64, 0xFE78,
  0xFF3B, 0x0029, 0x00F1, 0x01F3,  0x0327, 0x0414, 0x051F, 0x05CE,
  0x06CC, 0x0786, 0x0879, 0x0915,  0x09BB, 0x0A27, 0x0AAD, 0x0AFD,
  0x0B26, 0x0B4B, 0x0B51, 0x0B67,  0x0B51, 0x0B4C, 0x0AF0, 0x0AA7,
  0x0A43, 0x09D7, 0x0968, 0x08DD,  0x085C, 0x07D0, 0x0753, 0x06C8,
  0x0612, 0x0547, 0x0476, 0x03BE,  0x0321, 0x0281, 0x0217, 0x01A3,
  0x0178, 0x0140, 0x0117, 0x00BA,  0x0064, 0xFFFF, 0xFFB0, 0xFF73,
  0xFF30, 0xFF16, 0xFF11, 0xFF55,  0xFFAE, 0x0002, 0x002D, 0x0049,
  0x0056, 0x0046, 0x0026, 0xFFCB,  0xFF88, 0xFF4E, 0xFF85, 0xFFB3,
  0xFFCF, 0xFFC2, 0xFF8A, 0xFF73,  0xFF68, 0xFF5C, 0xFF23, 0xFEDC,
  0xFEAC, 0xFE9C, 0xFEA1, 0xFE83,  0xFE32, 0xFDD4, 0xFD78, 0xFD3D,
  0xFCFC, 0xFCB4, 0xFC54, 0xFC10,  0xFBDC, 0xFBAC, 0xFB75, 0xFB25,
  0xFAEB, 0xFAB1, 0xFA8C, 0xFA59,  0xFA2A, 0xF9F0, 0xF9D2, 0xF9A5,
  0xF984, 0xF924, 0xF8E9, 0xF874,  0xF850, 0xF826, 0xF856, 0xF881,
  0xF89B, 0xF8B6, 0xF86B, 0xF83B,  0xF7E1, 0xF7A9, 0xF754, 0xF72C,
  0xF731, 0xF77F, 0xF82C, 0xF91F,  0xFA34, 0xFB2C, 0xFC24, 0xFD0C,
  0xFDEF, 0xFECB, 0xFF9E, 0x006B,  0x0125, 0x01F5, 0x02E1, 0x03DE,
  0x04D3, 0x05D3, 0x06B2, 0x078D,  0x0851, 0x090D, 0x099F, 0x0A11,
  0x0A89, 0x0AC3, 0x0AF7, 0x0AFC,  0x0B0F, 0x0B06, 0x0B00, 0x0AEF,
  0x0ABE, 0x0A7C, 0x0A1D, 0x09BD,  0x095D, 0x08E3, 0x084E, 0x07A4,
  0x06F2, 0x0653, 0x05C1, 0x0523,  0x0481, 0x03D6, 0x0338, 0x02AD,
  0x022C, 0x01BA, 0x013A, 0x00D4,  0x006A, 0x0033, 0xFFD5, 0xFF97,
  0xFF4E, 0xFF28, 0xFEF6, 0xFEE8,  0xFED9, 0xFED7, 0xFEE3, 0xFEF8,
  0xFF27, 0xFF11, 0xFF1C, 0xFEEA,  0xFEEF, 0xFEF5, 0xFF4B, 0xFF8B,
  0xFF90, 0xFF8D, 0xFF49, 0xFF20,  0xFEEC, 0xFEC3, 0xFE87, 0xFE5E,
  0xFE4E, 0xFE70, 0xFE84, 0xFE98,  0xFE84, 0xFE60, 0xFE14, 0xFDD1,
  0xFD93, 0xFD68, 0xFD5B, 0xFD59,  0xFD5C, 0xFD2F, 0xFD04, 0xFCB9,
  0xFC89, 0xFC41, 0xFC05, 0xFBA5,  0xFB50, 0xFB05, 0xFADD, 0xFAB5,
  0xFA8B, 0xFA69, 0xFA47, 0xFA59,  0xFA68, 0xFA81, 0xFA46, 0xF9FC,
  0xF9A0, 0xF980, 0xF94F, 0xF937,  0xF8F7, 0xF8C9, 0xF8B2, 0xF8C8,
  0xF90B, 0xF91E, 0xF948, 0xF943,  0xF9A1, 0xF9F1, 0xFABD, 0xFB53,
  0xFBFB, 0xFC99, 0xFD3C, 0xFE2B,  0xFEE8, 0xFFDF, 0x0072, 0x013E,
  0x01F6, 0x02DE, 0x03B1, 0x0464,  0x0507, 0x05AA, 0x066E, 0x0731,
  0x07ED, 0x0895, 0x092B, 0x09B6,  0x0A24, 0x0A59, 0x0A4E, 0x0A12,
  0x09F3, 0x09D2, 0x09C9, 0x0996,  0x095D, 0x0916, 0x08F0, 0x08C8,
  0x0867, 0x07CC, 0x06FF, 0x0654,  0x05B8, 0x0541, 0x04A9, 0x0418,
  0x037C, 0x0319, 0x02B8, 0x024E,  0x01CA, 0x0127, 0x00C5, 0x0072,
  0x0059, 0x000B, 0xFFCE, 0xFF72,  0xFF4B, 0xFF29, 0xFEF5, 0xFEAE,
  0xFE69, 0xFE6B, 0xFE8C, 0xFEDB,  0xFEF5, 0xFF15, 0xFEF5, 0xFEF8,
  0xFEF7, 0xFEF3, 0xFED5, 0xFED3,  0xFED0, 0xFED6, 0xFEDD, 0xFEC1,
  0xFEA7, 0xFE75, 0xFE6E, 0xFE56,  0xFE3A, 0xFE10, 0xFDF6, 0xFDDE,
  0xFDE0, 0xFDCF, 0xFD95, 0xFD54,  0xFD18, 0xFCF0, 0xFCCA, 0xFC90,
  0xFC4A, 0xFC00, 0xFBD1, 0xFBB2,  0xFB90, 0xFB5E, 0xFB26, 0xFB02,
  0xFB00, 0xFB1D, 0xFB34, 0xFB3B,  0xFB2E, 0xFB10, 0xFAEB, 0xFAB4,
  0xFA91, 0xFA6B, 0xFA5F, 0xFA55,  0xFA5F, 0xFA6D, 0xFA72, 0xFA81,
  0xFA8F, 0xFA89, 0xFA93, 0xFA8D,  0xFA93, 0xFA8E, 0xFACB, 0xFB26,
  0xFBBE, 0xFC6D, 0xFD1B, 0xFD9F,  0xFE11, 0xFE9F, 0xFF39, 0xFFE2,
  0x0079, 0x0106, 0x019C, 0x0242,  0x031B, 0x03D7, 0x0483, 0x0521,
  0x05BF, 0x0679, 0x0725, 0x07C1,  0x0821, 0x0871, 0x08AF, 0x08F4,
  0x0916, 0x0921, 0x090C, 0x0907,  0x090D, 0x0901, 0x08E0, 0x088A,
  0x082D, 0x07B2, 0x0752, 0x06E5,  0x0675, 0x0605, 0x05A2, 0x0540,
  0x04DE, 0x046A, 0x03D0, 0x032F,  0x028A, 0x0210, 0x01A8, 0x0155,
  0x011C, 0x00D1, 0x00A7, 0x006D,  0x0044, 0xFFFE, 0xFFB7, 0xFF61,
  0xFF1E, 0xFF21, 0xFF29, 0xFF71,  0xFF8A, 0xFFA9, 0xFF67, 0xFF39,
  0xFF06, 0xFEE6, 0xFEC6, 0xFEA8,  0xFE82, 0xFE76, 0xFE85, 0xFEA4,
  0xFE94, 0xFE5B, 0xFE1B, 0xFDD7,  0xFDBC, 0xFD85, 0xFD66, 0xFD1E,
  0xFD03, 0xFCFB, 0xFD0F, 0xFD0C,  0xFCFD, 0xFCDF, 0xFCBB, 0xFC9A,
  0xFC7C, 0xFC47, 0xFC0A, 0xFBCF,  0xFB9D, 0xFB75, 0xFB65, 0xFB59,
  0xFB5F, 0xFB7A, 0xFB93, 0xFBB2,  0xFBAA, 0xFBA1, 0xFB5A, 0xFB31,
  0xFB01, 0xFAFF, 0xFB15, 0xFB43,  0xFB5A, 0xFB7B, 0xFB77, 0xFB8D,
  0xFB93, 0xFB97, 0xFB93, 0xFB8D,  0xFB9C, 0xFBB1, 0xFBE7, 0xFC0F,
  0xFC54, 0xFC95, 0xFD0A, 0xFD76,  0xFDFA, 0xFE71, 0xFEE6, 0xFF6A,
  0xFFEF, 0x0083, 0x00EE, 0x015C,  0x01B4, 0x0226, 0x02AF, 0x0342,
  0x03DB, 0x047B, 0x051D, 0x05CB,  0x0649, 0x06C1, 0x06F8, 0x071B,
  0x0735, 0x0735, 0x0741, 0x073F,  0x0751, 0x076B, 0x0799, 0x07A2,
  0x079E, 0x0769, 0x0731, 0x06DA,  0x0678, 0x0609, 0x05AB, 0x055B,
  0x051E, 0x04CF, 0x046E, 0x03F9,  0x0395, 0x033F, 0x02FC, 0x02B6,
  0x025D, 0x01FA, 0x01AE, 0x0170,  0x0131, 0x00FC, 0x00BF, 0x009C,
  0x0085, 0x009E, 0x009A, 0x009D,  0x007E, 0x005C, 0x0006, 0xFFAE,
  0xFF67, 0xFF24, 0xFF20, 0xFF29,  0xFF54, 0xFF53, 0xFF4C, 0xFF2E,
  0xFEEF, 0xFEA9, 0xFE57, 0xFDFC,  0xFDA9, 0xFD66, 0xFD42, 0xFD31,
  0xFD25, 0xFD29, 0xFD13, 0xFCF3,  0xFCCC, 0xFC93, 0xFC4A, 0xFBF7,
  0xFBA8, 0xFB5C, 0xFB2B, 0xFB1E,  0xFB1C, 0xFB26, 0xFB26, 0xFB26,
  0xFB26, 0xFB3A, 0xFB48, 0xFB54,  0xFB44, 0xFB30, 0xFAFB, 0xFAD2,
  0xFAB4, 0xFAAB, 0xFAB4, 0xFAB3,  0xFAC4, 0xFAC7, 0xFAE7, 0xFB05,
  0xFB33, 0xFB44, 0xFB65, 0xFB87,  0xFBC0, 0xFBF6, 0xFC55, 0xFCA8,
  0xFD1C, 0xFDAC, 0xFE52, 0xFEDD,  0xFF50, 0xFFC6, 0x002C, 0x00B4,
  0x0145, 0x01D4, 0x0234, 0x028A,  0x02E3, 0x0353, 0x03C9, 0x044E,
  0x04CA, 0x0547, 0x05BF, 0x062A,  0x0678, 0x06A3, 0x06BB, 0x06C4,
  0x06D8, 0x06D4, 0x06CA, 0x06BE,  0x06B0, 0x06AB, 0x06B2, 0x06A2,
  0x0674, 0x062B, 0x05D7, 0x0582,  0x052D, 0x04D5, 0x0485, 0x042F,
  0x03DF, 0x03AF, 0x0369, 0x031F,  0x02BF, 0x0268, 0x0220, 0x01D5,
  0x0196, 0x0137, 0x00FC, 0x00C6,  0x00AC, 0x0095, 0x006D, 0x0040,
  0x0018, 0x0019, 0x0020, 0x0021,  0x0002, 0xFFD3, 0xFF79, 0xFF34,
  0xFEFB, 0xFEC7, 0xFEA2, 0xFE95,  0xFEA2, 0xFEA5, 0xFEB7, 0xFEAB,
  0xFE8E, 0xFE4F, 0xFE0F, 0xFDA7,  0xFD47, 0xFCEB, 0xFCD7, 0xFCDF,
  0xFCF5, 0xFD08, 0xFCFE, 0xFCEC,  0xFCDE, 0xFCD2, 0xFCB6, 0xFC8E,
  0xFC55, 0xFC30, 0xFC1D, 0xFC13,  0xFC0B, 0xFC14, 0xFC1B, 0xFC2C,
  0xFC46, 0xFC35, 0xFC15, 0xFBE7,  0xFBD2, 0xFBDF, 0xFC15, 0xFC50,
  0xFC7C, 0xFCB2, 0xFCE5, 0xFD24,  0xFD56, 0xFD71, 0xFD72, 0xFD6A,
  0xFD6A, 0xFD72, 0xFD7A, 0xFD76,  0xFD87, 0xFDBD, 0xFE0F, 0xFE6D,
  0xFEB8, 0xFEF2, 0xFF16, 0xFF55,  0xFF94, 0xFFD0, 0xFFF5, 0x0035,
  0x0085, 0x00EE, 0x0159, 0x01C0,  0x020A, 0x0245, 0x028A, 0x02BF,
  0x02ED, 0x02F9, 0x0308, 0x031F,  0x034B, 0x038D, 0x03E1, 0x0439,
  0x0487, 0x04CA, 0x04ED, 0x0512,  0x0521, 0x052C, 0x052D, 0x0515,
  0x04F9, 0x04DC, 0x04CF, 0x04BC,  0x049D, 0x0489, 0x045E, 0x044C,
  0x0433, 0x0427, 0x03F8, 0x03BB,  0x0372, 0x0319, 0x02BB, 0x0266,
  0x0223, 0x01E6, 0x01B0, 0x0189,  0x0177, 0x0161, 0x015E, 0x013F,
  0x00F2, 0x0057, 0xFFC0, 0xFF3C,  0xFEE3, 0xFEC2, 0xFEF2, 0xFF23,
  0xFF32, 0xFF49, 0xFF4A, 0xFF1C,  0xFEEB, 0xFEAB, 0xFE45, 0xFDED,
  0xFDB7, 0xFDB0, 0xFDA3, 0xFDB3,  0xFDCA, 0xFDCE, 0xFDE0, 0xFDE6,
  0xFDDE, 0xFDBF, 0xFDA3, 0xFD88,  0xFD65, 0xFD42, 0xFD1D, 0xFCFA,
  0xFD03, 0xFD1E, 0xFD4E, 0xFD6F,  0xFD79, 0xFD6E, 0xFD4C, 0xFD2C,
  0xFD2C, 0xFD52, 0xFD77, 0xFDB4,  0xFDEB, 0xFE0C, 0xFE0C, 0xFDFB,
  0xFDEB, 0xFDB4, 0xFD99, 0xFD84,  0xFD84, 0xFD72, 0xFD69, 0xFD52,
  0xFD46, 0xFD5A, 0xFD86, 0xFDCB,  0xFDE6, 0xFDF8, 0xFDDA, 0xFDBF,
  0xFDA7, 0xFDBD, 0xFE05, 0xFE41,  0xFE8E, 0xFEE0, 0xFF43, 0xFF93,
  0xFFD7, 0x0022, 0x0053, 0x0069,  0x0081, 0x00BA, 0x00F6, 0x0140,
  0x01AE, 0x0210, 0x025A, 0x0283,  0x02BA, 0x02F5, 0x031E, 0x033F,
  0x036F, 0x0388, 0x0398, 0x0394,  0x0388, 0x037A, 0x0395, 0x03DC,
  0x042A, 0x0439, 0x0419, 0x03E1,  0x03C1, 0x03A3, 0x0394, 0x035C,
  0x031A, 0x02EC, 0x02EF, 0x02E6,  0x02C5, 0x028B, 0x0256, 0x021E,
  0x0204, 0x01D0, 0x01AC, 0x017B,  0x015F, 0x0152, 0x0148, 0x0125,
  0x00FE, 0x0102, 0x011B, 0x0142,  0x014C, 0x0116, 0x00A8, 0x0043,
  0x000A, 0xFFE1, 0xFFB1, 0xFF6E,  0xFF2C, 0xFF16, 0xFF23, 0xFF4C,
  0xFF42, 0xFEFD, 0xFE92, 0xFE37,  0xFE15, 0xFE1E, 0xFE44, 0xFE60,
  0xFE55, 0xFE3D, 0xFE20, 0xFE22,  0xFE21, 0xFE12, 0xFDEA, 0xFDC6,
  0xFDAA, 0xFDA8, 0xFD9F, 0xFD86,  0xFD5E, 0xFD3C, 0xFD57, 0xFD88,
  0xFDB2, 0xFDB2, 0xFDAB, 0xFDA8,  0xFDAF, 0xFDC3, 0xFDDF, 0xFDEB,
  0xFDE8, 0xFE0A, 0xFE45, 0xFE76,  0xFEA2, 0xFE9B, 0xFE8E, 0xFE61,
  0xFE56, 0xFE55, 0xFE55, 0xFE42,  0xFE56, 0xFE79, 0xFEA3, 0xFEDA,
  0xFF04, 0xFF2E, 0xFF41, 0xFF69,  0xFF88, 0xFFA7, 0xFFB3, 0xFFE9,
  0x0015, 0x0046, 0x0073, 0x0097,  0x00C0, 0x00C1, 0x00CE, 0x00B3,
  0x00B9, 0x00BE, 0x00E1, 0x00E6,  0x00EA, 0x00EE, 0x0120, 0x0174,
  0x01DB, 0x0204, 0x01F7, 0x01E0,  0x01F0, 0x0218, 0x0221, 0x0209,
  0x01D4, 0x01B2, 0x01BF, 0x01F2,  0x0208, 0x01E9, 0x01D1, 0x01E6,
  0x0210, 0x0229, 0x020D, 0x01DB,  0x01BC, 0x01B7, 0x01C3, 0x01CA,
  0x01B0, 0x01AA, 0x01B3, 0x01C3,  0x01AE, 0x018F, 0x0182, 0x0185,
  0x0184, 0x0151, 0x00FE, 0x00A6,  0x007B, 0x008C, 0x00BB, 0x00DD,
  0x00C1, 0x00B0, 0x0092, 0x008D,  0x0078, 0x0054, 0x000B, 0xFFB3,
  0xFF5D, 0xFF28, 0xFF1B, 0xFF15,  0xFF15, 0xFF0C, 0xFF01, 0xFEF9,
  0xFEFA, 0xFF04, 0xFEF1, 0xFEEB,  0xFEBE, 0xFE8D, 0xFE40, 0xFE16,
  0xFDFD, 0xFE0E, 0xFE22, 0xFE3D,  0xFE57, 0xFE57, 0xFE84, 0xFEB9,
  0xFED5, 0xFE9E, 0xFE65, 0xFE44,  0xFE46, 0xFE73, 0xFED3, 0xFEFE,
  0xFEE4, 0xFEEA, 0xFF19, 0xFF5F,  0xFF6D, 0xFF57, 0xFF16, 0xFED4,
  0xFEA1, 0xFE9C, 0xFEA9, 0xFEA0,  0xFE96, 0xFEB9, 0xFEE9, 0xFF0D,
  0xFF47, 0xFF80, 0xFFA9, 0xFF9C,  0xFF83, 0xFF63, 0xFF4C, 0xFF62,
  0xFF9E, 0xFFBC, 0xFFC8, 0xFFC9,  0xFFF9, 0x002E, 0x0069, 0x0090,
  0x0098, 0x009A, 0x00A0, 0x00BF,  0x00E1, 0x00EE, 0x0105, 0x0119,
  0x0145, 0x016A, 0x0189, 0x018E,  0x018C, 0x018A, 0x017C, 0x016A,
  0x014B, 0x0129, 0x0112, 0x0114,  0x0115, 0x0110, 0x010C, 0x011E,
  0x013F, 0x0159, 0x0169, 0x015E,  0x0136, 0x010C, 0x0106, 0x0114,
  0x0117, 0x00FD, 0x00EA, 0x00CB,  0x00B3, 0x00BB, 0x00E9, 0x00FC,
  0x00C4, 0x008B, 0x0065, 0x0048,  0x0031, 0x0018, 0x0006, 0xFFDF,
  0xFFC0, 0xFFDE, 0xFFEF, 0xFFF1,  0xFFDD, 0xFFD1, 0xFFCD, 0xFFBA,
  0xFFA5, 0xFF9A, 0xFF8F, 0xFF8F,  0xFF7E, 0xFF6B, 0xFF5C, 0xFF50,
  0xFF66, 0xFF88, 0xFFA4, 0xFFAE,  0xFFB1, 0xFF9F, 0xFF86, 0xFF71,
  0xFF72, 0xFF75, 0xFF6C, 0xFF73,  0xFF74, 0xFF72, 0xFF64, 0xFF60,
  0xFF68, 0xFF71, 0xFF84, 0xFF91,  0xFF8B, 0xFF6D, 0xFF6F, 0xFF5A,
  0xFF50, 0xFF43, 0xFF48, 0xFF42,  0xFF2F, 0xFF26, 0xFF1A, 0xFF13,
  0xFF11, 0xFF35, 0xFF48, 0xFF51,  0xFF3F, 0xFF44, 0xFF5C, 0xFF8F,
  0xFFAE, 0xFFAD, 0xFF84, 0xFF67,  0xFF71, 0xFF9A, 0xFFBE, 0xFFC0,
  0xFFAE, 0xFFB2, 0xFFD4, 0x000B,  0x0032, 0x004A, 0x0044, 0x004E,
  0x0060, 0x0088, 0x00A1, 0x00B1,  0x00BF, 0x00CB, 0x00D0, 0x00D4,
  0x00E2, 0x00E4, 0x00E9, 0x00ED,  0x00E3, 0x00C8, 0x00C4, 0x00DC,
  0x00E4, 0x00E8, 0x00E2, 0x00E0,  0x00DE, 0x00E8, 0x00F4, 0x00EC,
  0x00D2, 0x00AB, 0x007C, 0x0047,  0x0021, 0x0004, 0xFFE9, 0xFFD2,
  0xFFC6, 0xFFC8, 0xFFDC, 0xFFE8,  0xFFF5, 0xFFED, 0xFFEA, 0x0001,
  0xFFF6, 0xFFFF, 0x0000, 0x0002,  0xFFE1, 0xFFD8, 0xFFDC, 0xFFD7,
  0xFFE4, 0xFFF8, 0x000B, 0x000D,  0x000B, 0x0010, 0x0017, 0x0017,
  0x001B, 0x001F, 0x001E, 0x0020,  0x002E, 0x0043, 0x002D, 0xFFFA,
  0xFFBA, 0xFF91, 0xFF7F, 0xFF7B,  0xFF79, 0xFF76, 0xFF63, 0xFF42,
  0xFF4C, 0xFF59, 0xFF85, 0xFF98,  0xFFA6, 0xFFAC, 0xFF9E, 0xFF84,
  0xFF73, 0xFFAD, 0xFFD4, 0xFFEB,  0xFFF6, 0xFFF2, 0xFFC3, 0xFF9B,
  0xFFAA, 0xFFBE, 0xFFDF, 0xFFD4,  0xFFC5, 0xFFBD, 0xFFBA, 0xFFD6,
  0x0008, 0x0022, 0x0023, 0x001B,  0x002A, 0x0021, 0x0018, 0x0018,
  0x0023, 0x0016, 0xFFF7, 0xFFD4,  0xFFBA, 0xFFA4, 0xFFAC, 0xFFE1,
  0xFFFB, 0xFFF3, 0xFFD7, 0xFFDC,  0x0009, 0x003F, 0x004C, 0x0022,
  0xFFF9, 0xFFFD, 0x0029, 0x004A,  0x0042, 0x0039, 0x0039, 0x0060,
  0x008A, 0x0097, 0x0091, 0x007B,  0x0075, 0x0082, 0x008A, 0x0081,
  0x0064, 0x0052, 0x003B, 0x0028,  0x0017, 0x000C, 0x000F, 0x001C,
  0x000D, 0xFFF8, 0xFFED, 0xFFF2,  0x0012, 0x0022, 0x0030, 0x0029,
  0x001E, 0x001A, 0x0017, 0x0003,  0xFFE9, 0xFFC6, 0xFFC8, 0xFFD9,
  0xFFE7, 0x0000, 0x000A, 0x0025,  0x0034, 0x003D, 0x0040, 0x0043,
  0x003E, 0x003D, 0x0029, 0x0016,  0x0002, 0xFFFE, 0xFFE8, 0xFFE1,
  0xFFE0, 0xFFE7, 0xFFE4, 0xFFD8,  0xFFCD, 0xFFCC, 0xFFDC, 0xFFE7,
  0xFFE5, 0xFFD4, 0xFFB1, 0xFF98,  0xFF8E, 0xFF95, 0xFFA1, 0xFFC0,
  0xFFE2, 0xFFF3, 0xFFF8, 0xFFEC,  0xFFDB, 0xFFDA, 0xFFF5, 0x0013,
  0x0008, 0xFFD1, 0xFF9A, 0xFF8E,  0xFF9A, 0xFFB4, 0xFFDD, 0xFFEA,
  0xFFD5, 0xFFCB, 0xFFD9, 0xFFFE,  0x001C, 0x0010, 0x000C, 0xFFF7,
  0xFFEF, 0xFFFA, 0x000D, 0x001C,  0x0018, 0x002C, 0x003C, 0x0057,
  0x0050, 0x0050, 0x0027, 0x0028,  0x0016, 0x0006, 0xFFF6, 0xFFE7,
  0xFFE0, 0xFFDC, 0xFFE6, 0xFFF8,  0x001C, 0x002E, 0x0022, 0x0005,
  0x000A, 0x0023, 0x004B, 0x004B,  0x001D, 0x0008, 0x0009, 0x001B,
  0x0032, 0x0036, 0x001C, 0x0002,  0x0004, 0x0004, 0x0002, 0xFFF9,
  0xFFFD, 0x0003, 0x0011, 0x000B,  0xFFFB, 0xFFEB, 0xFFF8, 0x0003,
  0x000C, 0x0005, 0x000E, 0x0018,  0x001C, 0x0017, 0x000F, 0x0000,
  0x0003, 0x0005, 0x000E, 0x0001,  0x000B, 0x0003, 0x000D, 0x0017,
  0x0020, 0x0039, 0x0032, 0x0019,  0x000B, 0x000B, 0x0000, 0xFFE8,
  0xFFD6, 0xFFD0, 0xFFC8, 0xFFC2,  0xFFDE, 0xFFF8, 0xFFF9, 0xFFE2,
  0xFFDD, 0xFFDE, 0xFFF2, 0xFFFD,  0x000F, 0x0004, 0xFFD1, 0xFF9E,
  0xFF98, 0xFFB8, 0xFFE8, 0xFFEE,  0xFFDE, 0xFFCE, 0xFFE2, 0xFFFD,
  0x000F, 0xFFFD, 0xFFF3, 0xFFE1,  0xFFE3, 0xFFF0, 0xFFFD, 0xFFF2,
  0xFFE1, 0xFFF1, 0x0014, 0x000C,  0xFFEF, 0xFFE9, 0xFFF8, 0x000E,
  0x000C, 0x000C, 0x0000, 0x0001,  0xFFF4, 0xFFE6, 0xFFE2, 0xFFD9,
  0xFFE9, 0xFFF5, 0x0001, 0xFFF4,  0xFFE4, 0xFFE1, 0x0005, 0x0029,
  0x002C, 0x0019, 0xFFFE, 0x0004,  0x0009, 0x0009, 0x000A, 0x0019,
  0x0014, 0x0026, 0x0027, 0x0049,  0x005C, 0x0070, 0x007E, 0x0081,
  0x0079, 0x0053, 0x003D, 0x001D,  0x000C, 0x000C, 0x0021, 0x0022,
  0x0016, 0x000B, 0x000A, 0x000F,  0x000A, 0xFFFD, 0xFFFE, 0xFFFE,
  0xFFFE, 0xFFF5, 0xFFEC, 0xFFE7,  0xFFE0
};

#endif // End of _DOOR_CLOSING16K16B1C_H
