#ifndef _DO16K16B1C_H
#define _DO16K16B1C_H

#define DO16K16B1C_LITTLE_ENDIAN
#include <stdint.h>

#define DO16K16B1C_PB_FMT Mode_mono
#define DO16K16B1C_SZ 21429

const uint16_t do16k16b1c[ DO16K16B1C_SZ ] =
{
  0x0000, 0x0004, 0xFFFE, 0x0005,  0xFFFB, 0x0004, 0xFFFE, 0x0000,
  0x0003, 0xFFFF, 0x0004, 0x0001,  0x0000, 0x0000, 0x0001, 0xFFFF,
  0xFFFE, 0x0001, 0x0001, 0xFFFE,  0x0001, 0xFFFE, 0x0000, 0x0000,
  0xFFFE, 0x0003, 0xFFFD, 0x0005,  0xFFFB, 0x0005, 0xFFFD, 0x0003,
  0xFFFF, 0x0001, 0xFFFF, 0x0002,  0xFFFF, 0x0001, 0x0000, 0x0001,
  0xFFFE, 0x0003, 0xFFFD, 0x0002,  0x0000, 0xFFFF, 0x0003, 0x0002,
  0x0001, 0x0002, 0x0000, 0x0001,  0x0004, 0x0003, 0x0002, 0x0004,
  0x0004, 0x0001, 0xFFFF, 0x0000,  0xFFFF, 0x0003, 0x0000, 0xFFFF,
  0x0004, 0xFFFE, 0x0002, 0x0002,  0x0000, 0x0003, 0x0003, 0x0000,
  0x0005, 0xFFFE, 0x0002, 0xFFFF,  0x0005, 0xFFFE, 0x0004, 0xFFFF,
  0x0002, 0x0001, 0x0000, 0x0001,  0x0002, 0xFFFE, 0x0001, 0x0001,
  0x0003, 0x0000, 0xFFFD, 0x0002,  0xFFFD, 0x0008, 0xFFFC, 0x0007,
  0x0001, 0x0002, 0x0001, 0x0002,  0x0001, 0x0002, 0x0004, 0x0002,
  0x0001, 0x0005, 0x0002, 0x0004,  0x0002, 0x0001, 0x0005, 0x0000,
  0x0005, 0xFFFF, 0x0006, 0xFFFD,  0x0004, 0xFFFF, 0x0000, 0x0000,
  0x0000, 0x0000, 0x0002, 0xFFFF,  0x0001, 0xFFFF, 0x0000, 0xFFFF,
  0x0002, 0xFFFB, 0x0000, 0xFFFB,  0x0000, 0xFFFF, 0xFFFF, 0x0001,
  0xFFFE, 0x0002, 0xFFFB, 0x0003,  0xFFFD, 0x0001, 0xFFFF, 0x0002,
  0xFFFD, 0x0004, 0xFFFC, 0x0005,  0xFFFC, 0x0004, 0xFFFD, 0x0003,
  0xFFFF, 0x0001, 0xFFFF, 0x0001,  0xFFFF, 0x0000, 0x0000, 0xFFFF,
  0x0002, 0xFFFE, 0x0000, 0x0001,  0x0000, 0x0000, 0x0002, 0xFFFE,
  0x0005, 0xFFFE, 0x0002, 0x0000,  0x0000, 0x0003, 0xFFFD, 0x0002,
  0x0000, 0x0000, 0x0005, 0x0001,  0x0000, 0x0000, 0xFFFF, 0x0001,
  0xFFFE, 0x0002, 0x0001, 0xFFFF,  0x0000, 0xFFFF, 0xFFFD, 0x0000,
  0xFFFB, 0x0003, 0xFFF9, 0x0001,  0xFFFC, 0xFFFF, 0xFFFE, 0xFFFB,
  0x0000, 0xFFFB, 0xFFFD, 0xFFFE,  0xFFF9, 0x0002, 0xFFF8, 0xFFFF,
  0xFFF9, 0xFFFD, 0xFFFE, 0xFFFD,  0x0000, 0xFFFD, 0x0000, 0xFFFF,
  0x0000, 0xFFFF, 0xFFFD, 0xFFFF,  0xFFFF, 0x0001, 0xFFFD, 0x0002,
  0xFFFF, 0x0001, 0x0001, 0x0001,  0x0001, 0xFFFF, 0x0001, 0xFFFF,
  0x0001, 0xFFFE, 0x0002, 0xFFFF,  0x0001, 0x0000, 0xFFFD, 0x0002,
  0xFFFF, 0x0000, 0xFFFF, 0xFFFF,  0x0000, 0xFFFE, 0x0001, 0xFFFD,
  0xFFFE, 0x0003, 0x0002, 0x0001,  0xFFFF, 0xFFFE, 0xFFFF, 0x0000,
  0xFFFA, 0x0005, 0x0000, 0x0001,  0x0002, 0xFFFF, 0x0005, 0x0001,
  0x0003, 0x0000, 0x0002, 0xFFFE,  0x0004, 0x0000, 0x0002, 0xFFFE,
  0x0003, 0x0000, 0x0005, 0x0005,  0x0001, 0x0006, 0x0001, 0x0004,
  0xFFFF, 0x0002, 0xFFFE, 0x0001,  0xFFFC, 0x0003, 0xFFFC, 0x0001,
  0xFFFF, 0x0000, 0xFFFD, 0x0003,  0xFFFC, 0x0004, 0xFFFF, 0x0003,
  0xFFFD, 0x0006, 0xFFFD, 0x0005,  0xFFFE, 0x0000, 0x0002, 0xFFFC,
  0x0004, 0xFFFD, 0x0005, 0xFFFD,  0x0003, 0xFFFE, 0x0002, 0xFFFF,
  0x0002, 0xFFFF, 0x0000, 0x0002,  0xFFFE, 0x0005, 0x0001, 0x0002,
  0x0005, 0xFFFE, 0x0002, 0xFFFF,  0x0002, 0xFFFE, 0x0005, 0xFFFC,
  0x0003, 0xFFFF, 0x0004, 0x0002,  0x0000, 0x0000, 0x0001, 0x0001,
  0xFFFF, 0x0002, 0x0000, 0xFFFE,  0x0001, 0xFFFD, 0xFFFD, 0xFFFE,
  0xFFFF, 0xFFFC, 0xFFFD, 0xFFFD,  0xFFFD, 0xFFFC, 0xFFFE, 0xFFFA,
  0xFFFE, 0xFFFA, 0xFFFB, 0xFFFB,  0xFFFC, 0xFFFC, 0xFFFB, 0xFFFF,
  0xFFFA, 0xFFFE, 0xFFFA, 0xFFFE,  0xFFFC, 0xFFFB, 0xFFFE, 0xFFF8,
  0xFFFC, 0xFFFE, 0xFFFE, 0x0001,  0xFFFC, 0x0000, 0xFFFE, 0xFFFE,
  0xFFFF, 0xFFFF, 0x0002, 0xFFFE,  0x0003, 0xFFFE, 0x0003, 0xFFFF,
  0x0005, 0xFFFE, 0x0003, 0xFFFF,  0x0002, 0x0002, 0x0002, 0x0002,
  0x0000, 0x0002, 0x0006, 0x0003,  0x0005, 0x0004, 0x0003, 0x0008,
  0xFFFF, 0x0009, 0x0004, 0x0003,  0x0007, 0x0002, 0x0003, 0x0007,
  0x0001, 0x0006, 0x0004, 0x0004,  0x0003, 0x0002, 0x0003, 0x0001,
  0x0002, 0x0003, 0x0008, 0x0001,  0x0001, 0x0002, 0xFFFF, 0x0006,
  0xFFFF, 0x0002, 0x0004, 0xFFFE,  0x0004, 0x0001, 0x0000, 0x0003,
  0x0003, 0xFFFF, 0x0002, 0xFFFF,  0x0002, 0xFFFF, 0x0005, 0xFFFD,
  0x0003, 0x0000, 0xFFFE, 0x0000,  0xFFFE, 0x0000, 0x0001, 0xFFFE,
  0x0000, 0xFFFA, 0x0003, 0xFFFD,  0x0003, 0xFFFE, 0x0001, 0x0002,
  0xFFFD, 0x0003, 0xFFFA, 0x0000,  0x0000, 0xFFFE, 0x0000, 0xFFFE,
  0x0000, 0x0000, 0xFFFE, 0x0004,  0xFFFC, 0x0005, 0xFFFD, 0x0007,
  0x0001, 0x0007, 0xFFFF, 0x0000,  0x0004, 0x0000, 0x0003, 0xFFFD,
  0x0004, 0xFFFF, 0x0001, 0x0000,  0x0000, 0xFFFB, 0x0008, 0xFFFB,
  0x0002, 0xFFFD, 0x0001, 0xFFFD,  0x0004, 0x0000, 0xFFFE, 0x0004,
  0x0001, 0x0002, 0xFFFF, 0xFFFE,  0x0001, 0x0003, 0x0000, 0xFFFD,
  0x0003, 0x0000, 0x0003, 0x0005,  0x0001, 0x0000, 0x0003, 0x0002,
  0x0002, 0x0004, 0x0007, 0x0000,  0x0005, 0x0002, 0x0004, 0x0000,
  0xFFFF, 0x0008, 0x0005, 0xFFFF,  0x0001, 0xFFF9, 0x0005, 0x0006,
  0xFFFB, 0xFFFE, 0xFFF7, 0xFFFD,  0x0001, 0xFFFF, 0xFFFD, 0x0003,
  0x0005, 0x0002, 0xFFFE, 0xFFFC,  0xFFFF, 0x0000, 0xFFFE, 0xFFFE,
  0xFFFF, 0x0003, 0x0001, 0x0002,  0x0002, 0xFFFD, 0x0001, 0x0001,
  0x0004, 0xFFF9, 0x0005, 0xFFF8,  0x0003, 0xFFFD, 0xFFFE, 0x0002,
  0xFFF8, 0xFFFB, 0x0000, 0xFFFF,  0xFFFC, 0xFFFB, 0xFFFF, 0xFFFB,
  0xFFFE, 0xFFFC, 0xFFF7, 0xFFFC,  0xFFFE, 0xFFFA, 0xFFFE, 0xFFF9,
  0xFFFB, 0xFFFD, 0x0002, 0xFFFE,  0xFFFB, 0x0004, 0xFFFB, 0x0001,
  0xFFFF, 0xFFFF, 0xFFF9, 0x0003,  0xFFFD, 0xFFF8, 0x0000, 0xFFFB,
  0x0000, 0x0000, 0x0008, 0xFFFE,  0xFFFF, 0xFFFC, 0x0002, 0xFFFE,
  0x0014, 0xFFFE, 0x000A, 0xFFF1,  0xFFFD, 0x0001, 0x000A, 0x0009,
  0x0002, 0x0003, 0x0002, 0x0002,  0xFFFA, 0x0006, 0xFFEE, 0xFFFF,
  0xFFF2, 0x0000, 0xFFFB, 0x0007,  0xFFF6, 0x0018, 0x0011, 0x0000,
  0xFFE4, 0xFFED, 0x0001, 0x0005,  0xFFED, 0xFFF2, 0x0006, 0xFFF4,
  0xFFFD, 0x0010, 0x0025, 0xFFFF,  0x0006, 0xFFEA, 0x002E, 0xFFEF,
  0xFFEA, 0x0018, 0xFFFF, 0x0016,  0xFFFE, 0xFFF2, 0x0008, 0x000E,
  0xFFDB, 0xFFFE, 0x0013, 0x002C,  0x0007, 0x0004, 0xFFE5, 0xFFF4,
  0x002B, 0x0019, 0x000D, 0xFFCD,  0xFFFF, 0xFFFC, 0x0002, 0xFFFC,
  0xFFFD, 0xFFFA, 0xFFEE, 0x0009,  0x0011, 0xFFF8, 0xFFB9, 0x000C,
  0x000A, 0x002D, 0xFFEA, 0xFFF2,  0xFFF3, 0x000C, 0x0022, 0x000A,
  0xFFFE, 0xFFF8, 0x0027, 0xFFE9,  0xFFDC, 0xFFC8, 0x0039, 0x002B,
  0x0027, 0xFFB8, 0x002B, 0x0017,  0xFFD4, 0xFFEB, 0x0015, 0x003A,
  0x0016, 0x0024, 0x000B, 0x004C,  0xFFDC, 0xFFF7, 0x001C, 0x005D,
  0xFFD4, 0xFFE5, 0xFFCA, 0x0064,  0x0015, 0x0026, 0x0046, 0x0021,
  0x0060, 0x0006, 0x002A, 0x0001,  0x0034, 0xFFF4, 0x0022, 0xFFFA,
  0x006C, 0xFF3F, 0x007F, 0xFF8F,  0x0071, 0xFFE7, 0xFFB8, 0x0090,
  0xFF2B, 0x010B, 0xFF95, 0x003F,  0x0049, 0xFEDB, 0x0097, 0x0018,
  0xFFF2, 0x01AC, 0xFE30, 0x02C4,  0xFE50, 0x0261, 0xFF63, 0x002F,
  0x0370, 0xFCB5, 0x0158, 0x017A,  0x004F, 0xFF8C, 0x02B5, 0x0252,
  0x013B, 0x0092, 0x0509, 0xF8FB,  0x0310, 0xFFAD, 0x00CE, 0x063C,
  0xF745, 0xFF8A, 0x0493, 0xFEA3,  0x0379, 0x0D2E, 0xFE91, 0xE8D6,
  0x00E1, 0x0B48, 0xFD8E, 0xF544,  0xF6CA, 0x0DAD, 0x0AB7, 0x07F3,
  0xEFA3, 0x0387, 0x04D6, 0x021C,  0xFCCA, 0x0305, 0x0CB9, 0xF78C,
  0x0051, 0xFB04, 0x0298, 0x09AF,  0xFAD9, 0xFC37, 0x0ACD, 0xF405,
  0x01E6, 0x0210, 0x0573, 0x00BA,  0xF5ED, 0xFE41, 0xFF25, 0x077D,
  0xFA57, 0xFFB8, 0x0964, 0x05F6,  0xFCA9, 0xF8D2, 0xFDAE, 0xFEE4,
  0x0B8D, 0x02D3, 0x09B1, 0x14AF,  0x0773, 0x0F5E, 0x0C44, 0x11EF,
  0x1144, 0x0F12, 0x1546, 0xFB1F,  0xF572, 0xFDDC, 0xEFEE, 0xFB40,
  0xF87C, 0xF7A6, 0xF643, 0xF9D6,  0xF861, 0xF2F4, 0xEA81, 0xED8D,
  0xF9AB, 0xF3E4, 0xFA26, 0xF6D7,  0xF428, 0xF16C, 0xF744, 0xFBB7,
  0xECA8, 0x04CC, 0x044D, 0xFB66,  0x0914, 0xEC39, 0x0DF8, 0xF928,
  0xF330, 0x04F2, 0x0541, 0x0654,  0xF8E0, 0x0193, 0x0554, 0xFED4,
  0xFB5A, 0x0603, 0xFF3A, 0x083D,  0x029D, 0xF856, 0xF955, 0x053F,
  0xF705, 0xF7A6, 0xFFA6, 0x038C,  0xF9C8, 0xFE2D, 0xFEC8, 0xF790,
  0xFFAC, 0xFCBA, 0xF766, 0x08CC,  0x0030, 0xFBA5, 0x09EB, 0xF72A,
  0x08A0, 0xF95E, 0x077F, 0x03B7,  0x01DF, 0x08CA, 0x05A2, 0x051B,
  0xFEF3, 0x0992, 0xFE9B, 0x0721,  0x04FE, 0x0825, 0x03F4, 0x0277,
  0x0107, 0x0388, 0xFD07, 0x0260,  0x04BC, 0xFC7C, 0x0123, 0xFCA1,
  0x032F, 0xF8EC, 0x00C1, 0xFD9A,  0xFA2B, 0xFEC9, 0xFF83, 0x0121,
  0x0011, 0xFB64, 0xFFA2, 0x0055,  0xFC4E, 0x07C3, 0xFC8A, 0x00BD,
  0x01CE, 0xFFAB, 0xFF06, 0xFEAE,  0x02DB, 0x008A, 0x02A8, 0x00AF,
  0x02E5, 0xFEF8, 0x008F, 0x0302,  0xFE45, 0x050B, 0xFE93, 0x04E9,
  0xFC83, 0x006D, 0x01D5, 0xFAB1,  0x0942, 0xFBD3, 0x05F9, 0x00E8,
  0x01BB, 0xFCB0, 0x034A, 0xFC19,  0xFA8B, 0x0762, 0x0241, 0x0E2A,
  0xFD1B, 0x0186, 0xFDEE, 0xFBD8,  0xFE5E, 0x0CDB, 0x05DB, 0xFF80,
  0x026C, 0x03C7, 0x02D7, 0xF7F0,  0x005B, 0xF92A, 0x0B00, 0x0612,
  0xFDFF, 0x025C, 0xF7A8, 0xFCCD,  0xFD84, 0xF976, 0x088A, 0xFCEB,
  0xFC16, 0xFE2F, 0xF7F3, 0xF98D,  0xF316, 0xFA9B, 0xF6B0, 0xFF1C,
  0xFD00, 0xFA80, 0xF49E, 0xF23A,  0xF52D, 0xFCD9, 0xFA63, 0xF7B0,
  0xFFC8, 0xF832, 0xFAEE, 0xF7A6,  0xF907, 0xFD81, 0xFD8A, 0xFFBA,
  0x032A, 0x0093, 0x038A, 0x00AB,  0xFF13, 0x03E1, 0x0714, 0x0AA9,
  0x0E31, 0x0E46, 0x0FE4, 0x0FD5,  0x0B44, 0x0C35, 0x0A1B, 0x0E75,
  0x119F, 0x14FA, 0x173D, 0x151E,  0x1216, 0x0F6D, 0x0977, 0x0CAF,
  0x0E8C, 0x1154, 0x1463, 0x1217,  0x0E6D, 0x05BD, 0x0221, 0xFDC1,
  0xFF13, 0xFEFC, 0x0118, 0xFCA5,  0xF949, 0xF5B8, 0xF14E, 0xEE52,
  0xEAE0, 0xE97F, 0xE820, 0xE9BC,  0xE6C7, 0xE8C4, 0xE235, 0xE1DF,
  0xE1AA, 0xDF90, 0xE15A, 0xE14C,  0xE490, 0xE4E9, 0xE62B, 0xE71F,
  0xE9C7, 0xEA5F, 0xEF16, 0xF2D1,  0xF573, 0xFB57, 0xFCC7, 0x0375,
  0x080E, 0x0BF8, 0x11B7, 0x1508,  0x1C76, 0x1FAF, 0x22F9, 0x24DF,
  0x27E4, 0x2A29, 0x2BC8, 0x2D3D,  0x2C68, 0x2D3C, 0x2CD4, 0x2B7D,
  0x2A03, 0x25A3, 0x21DA, 0x20FA,  0x1B27, 0x16C3, 0x1099, 0x0D5C,
  0x0B22, 0x0792, 0x05B6, 0xFF07,  0xFA32, 0xF4E3, 0xF003, 0xEF67,
  0xEC44, 0xE9E1, 0xE7D4, 0xE4A3,  0xE356, 0xDD20, 0xD96F, 0xD66D,
  0xD323, 0xD588, 0xD569, 0xD4FB,  0xD28E, 0xCD8D, 0xCD86, 0xCD21,
  0xCE6D, 0xD5AA, 0xD9B2, 0xE399,  0xE990, 0xEBFA, 0xF122, 0xF258,
  0xF8BA, 0xFDB1, 0x0508, 0x0EB4,  0x146A, 0x1B17, 0x2025, 0x2181,
  0x23DA, 0x255E, 0x2947, 0x2ADD,  0x2C8C, 0x3009, 0x3070, 0x3069,
  0x2DEB, 0x2CB7, 0x2928, 0x2459,  0x233E, 0x213C, 0x1E5E, 0x1B14,
  0x1471, 0x0F0C, 0x09BE, 0x0618,  0x01A6, 0xFDFB, 0xFC5C, 0xF8D5,
  0xF847, 0xF878, 0xF6B2, 0xF444,  0xEE63, 0xEBBD, 0xE809, 0xE573,
  0xE694, 0xE4D1, 0xE449, 0xE106,  0xDCED, 0xD82A, 0xD42A, 0xD22D,
  0xD10F, 0xCF25, 0xCF30, 0xCEB2,  0xD23B, 0xD58E, 0xDA33, 0xE062,
  0xE53D, 0xEBDD, 0xEE7D, 0xF4CB,  0xFB51, 0x01FE, 0x090A, 0x0F1F,
  0x17B0, 0x1D60, 0x229C, 0x2582,  0x279D, 0x2A66, 0x2A10, 0x2D55,
  0x2E69, 0x318A, 0x3079, 0x2F4B,  0x2F07, 0x2A57, 0x2644, 0x21C8,
  0x1DD9, 0x1854, 0x13DA, 0x12EF,  0x0F2D, 0x0C0A, 0x08C3, 0x030B,
  0xFF1E, 0xFB1C, 0xF8FE, 0xF73B,  0xF7B3, 0xF813, 0xF897, 0xF883,
  0xF94F, 0xF434, 0xEE5E, 0xEA12,  0xE8AD, 0xE77E, 0xE5C7, 0xE34B,
  0xDE73, 0xDA9C, 0xD733, 0xD2A7,  0xCDC0, 0xC947, 0xC9F6, 0xCB64,
  0xCDD6, 0xD459, 0xD744, 0xE2CE,  0xE551, 0xEA9D, 0xEB76, 0xF397,
  0xFF53, 0x0082, 0x0BF3, 0x1221,  0x1EE3, 0x2500, 0x2731, 0x2D33,
  0x2C11, 0x2F59, 0x2D7E, 0x2C8B,  0x2FD6, 0x2F4D, 0x31AA, 0x2F65,
  0x2F65, 0x2AD7, 0x23D0, 0x1E18,  0x1693, 0x133D, 0x0CE5, 0x0835,
  0x047C, 0x02AD, 0x01ED, 0x0014,  0xFC27, 0xF83B, 0xF5C1, 0xF575,
  0xF64A, 0xF6AD, 0xF86B, 0xF6F6,  0xFA71, 0xFB8C, 0xFAE1, 0xF5A8,
  0xEE98, 0xE948, 0xE291, 0xDEB6,  0xD8DB, 0xD6A1, 0xD4CB, 0xD290,
  0xD100, 0xCDD5, 0xCE3D, 0xCBF6,  0xCBE0, 0xD13D, 0xD6A9, 0xE152,
  0xE60F, 0xECE4, 0xF2D4, 0xFC47,  0x05A4, 0x08FB, 0x1100, 0x16CA,
  0x2116, 0x281F, 0x2D74, 0x3138,  0x3157, 0x3458, 0x32C5, 0x3271,
  0x3065, 0x2ED2, 0x2C6F, 0x2879,  0x28C4, 0x24DF, 0x20E5, 0x1A09,
  0x1512, 0x0FB8, 0x0AB1, 0x054A,  0xFEC5, 0xFAD1, 0xF9BA, 0xF8DE,
  0xF7DF, 0xF6B9, 0xF637, 0xF5A6,  0xF66A, 0xF7A6, 0xF5DE, 0xF4F0,
  0xF426, 0xF59C, 0xF4BE, 0xF28F,  0xED49, 0xE85D, 0xE2F1, 0xE02F,
  0xDAA3, 0xD714, 0xD2ED, 0xD085,  0xD04A, 0xCE81, 0xCEAE, 0xCF61,
  0xD28F, 0xD886, 0xDF48, 0xE6D0,  0xECCC, 0xF1CD, 0xFC84, 0x0195,
  0x0D7B, 0x1279, 0x1955, 0x20D3,  0x26E2, 0x2E2E, 0x3043, 0x32A9,
  0x3152, 0x30F4, 0x3147, 0x2FBB,  0x2D3F, 0x2A52, 0x2545, 0x2303,
  0x1EC3, 0x1D6C, 0x15CB, 0x1049,  0x0B16, 0x0613, 0x036B, 0xFE64,
  0xFC22, 0xF846, 0xF8A8, 0xF889,  0xF85D, 0xF7F1, 0xF6A4, 0xF7B0,
  0xF8DB, 0xF9E1, 0xFBAD, 0xFBA9,  0xFA4C, 0xF973, 0xF6B5, 0xF49D,
  0xEF93, 0xEA4D, 0xE4D3, 0xE0EE,  0xDD12, 0xD826, 0xD456, 0xD23A,
  0xD200, 0xD1CB, 0xD33B, 0xD3B1,  0xD824, 0xDBC3, 0xE2E0, 0xE746,
  0xED52, 0xF4BB, 0xFCAB, 0x054E,  0x0D1F, 0x1500, 0x1BD6, 0x2202,
  0x27A8, 0x2C8A, 0x2E35, 0x3024,  0x2EAD, 0x2FBA, 0x2D57, 0x2C5C,
  0x2901, 0x25AD, 0x22AD, 0x1F2A,  0x1C6A, 0x17CC, 0x12B3, 0x0C9B,
  0x07C3, 0x0351, 0xFF00, 0xFA58,  0xF8C1, 0xF805, 0xF9EA, 0xFA27,
  0xFA12, 0xF9A5, 0xFA51, 0xF9D9,  0xF7E9, 0xF803, 0xF602, 0xF675,
  0xF61F, 0xF616, 0xF507, 0xF23D,  0xEFFF, 0xEA6B, 0xE6A7, 0xE279,
  0xDCFE, 0xD888, 0xD554, 0xD41C,  0xD3E3, 0xD5B6, 0xD780, 0xDA6B,
  0xE06F, 0xE77C, 0xEB6E, 0xF1D1,  0xF6ED, 0xFD8F, 0x0544, 0x0AD4,
  0x119D, 0x15BF, 0x1D5E, 0x225A,  0x26BC, 0x29E3, 0x2B7E, 0x2BE9,
  0x2C58, 0x2BCB, 0x2AB4, 0x264E,  0x23E0, 0x20A6, 0x1C9A, 0x1991,
  0x1222, 0x1033, 0x09D9, 0x0797,  0x0369, 0xFEF3, 0xFB98, 0xF8CF,
  0xF9DB, 0xF8C3, 0xF927, 0xF892,  0xF90B, 0xFB26, 0xFB7A, 0xFC4B,
  0xFBA0, 0xF9E4, 0xFBEC, 0xFCA5,  0xFC5F, 0xF9F5, 0xF69E, 0xF4BB,
  0xF1F4, 0xEF80, 0xE9E9, 0xE4C2,  0xDF9D, 0xDBD5, 0xD964, 0xD6BF,
  0xD553, 0xD363, 0xD6A1, 0xD9B1,  0xDFE4, 0xE3E4, 0xEAE5, 0xF02F,
  0xF6F8, 0xFF23, 0x051C, 0x0AF3,  0x0FBA, 0x15DF, 0x1AF2, 0x1FF1,
  0x22C2, 0x265F, 0x271F, 0x29AC,  0x2903, 0x2A08, 0x271B, 0x254E,
  0x22B4, 0x1EEA, 0x1BAA, 0x1692,  0x1312, 0x0DB5, 0x0B03, 0x063D,
  0x02B1, 0xFEE8, 0xFCAB, 0xFA25,  0xF989, 0xF929, 0xF8AF, 0xF862,
  0xF893, 0xF94F, 0xF8A6, 0xF98F,  0xF7B4, 0xF990, 0xF92C, 0xFAC9,
  0xFB86, 0xFA8E, 0xF9AF, 0xF6DA,  0xF564, 0xF019, 0xEBF6, 0xE680,
  0xE1FC, 0xDDAD, 0xDB99, 0xD86B,  0xD83B, 0xD968, 0xDC8E, 0xDFB1,
  0xE5F9, 0xEDA3, 0xF0BE, 0xF883,  0xFD3F, 0x0475, 0x080C, 0x0C83,
  0x0FFB, 0x12AC, 0x17EC, 0x1AB3,  0x1E26, 0x20B9, 0x23B8, 0x24E5,
  0x26DF, 0x26AD, 0x2550, 0x2138,  0x1EB0, 0x1A84, 0x16DC, 0x1238,
  0x0C7C, 0x0AD5, 0x06D4, 0x059D,  0x0252, 0x0066, 0xFC73, 0xFAB6,
  0xFA68, 0xF804, 0xF6FE, 0xF571,  0xF590, 0xF757, 0xF8CB, 0xFABE,
  0xFBB3, 0xFD5E, 0xFFD5, 0x003A,  0xFFAD, 0xFC79, 0xF948, 0xF56B,
  0xF26A, 0xEF2B, 0xEB54, 0xE80E,  0xE4DA, 0xE35A, 0xE21F, 0xDFEE,
  0xDE7A, 0xDD33, 0xDF63, 0xE02C,  0xE52E, 0xE92D, 0xEE3F, 0xF5AB,
  0xFB9A, 0x048D, 0x0976, 0x0F4D,  0x134D, 0x1622, 0x1962, 0x1A6D,
  0x1AAA, 0x1B6B, 0x1BE1, 0x1DE1,  0x1EE1, 0x2040, 0x207C, 0x201E,
  0x1F5D, 0x1C52, 0x18FE, 0x13B9,  0x0EC6, 0x09CF, 0x05F6, 0x027B,
  0xFF75, 0xFE16, 0xFCE6, 0xFC5A,  0xFD30, 0xFC3E, 0xFBA2, 0xFA0C,
  0xF8AE, 0xF81A, 0xF516, 0xF6BE,  0xF551, 0xF848, 0xFA40, 0xFC83,
  0xFF92, 0xFE8E, 0xFF32, 0xFAC4,  0xF951, 0xF24C, 0xEDA8, 0xE6D0,
  0xE27E, 0xDD77, 0xDA96, 0xD99E,  0xDA2F, 0xDE51, 0xDFBF, 0xE6EA,
  0xEBFF, 0xF622, 0xF768, 0xFF82,  0x032C, 0x06DA, 0x0A08, 0x0A12,
  0x0F73, 0x0C7D, 0x12DF, 0x11F7,  0x16A7, 0x194B, 0x1A5F, 0x1E44,
  0x1F6D, 0x238B, 0x200A, 0x2130,  0x1F06, 0x1CDC, 0x19E2, 0x1586,
  0x1198, 0x0C14, 0x0920, 0x047C,  0x0304, 0xFF4C, 0xFC9C, 0xFB0D,
  0xFB70, 0xFA92, 0xF955, 0xFA46,  0xF8C1, 0xF9D2, 0xF8AB, 0xF98B,
  0xF8F8, 0xF9DB, 0xFB36, 0xFB31,  0xFD2F, 0xFB1A, 0xFA60, 0xF731,
  0xF511, 0xF025, 0xEB3A, 0xE5CB,  0xE07C, 0xDCB0, 0xD93D, 0xD7BA,
  0xD717, 0xDA8E, 0xDD84, 0xE640,  0xEDAD, 0xF6E2, 0xFC0A, 0x0364,
  0x09CE, 0x0B24, 0x0D2B, 0x0AF8,  0x0C80, 0x0A25, 0x0B88, 0x0C36,
  0x0F70, 0x1361, 0x1865, 0x1EEF,  0x243E, 0x287F, 0x2935, 0x2B52,
  0x2888, 0x258F, 0x1E57, 0x1956,  0x1251, 0x0C74, 0x07F3, 0x0365,
  0x01BF, 0xFED1, 0x0055, 0xFF61,  0xFF97, 0xFD2A, 0xFC09, 0xFAC2,
  0xF7B7, 0xF631, 0xF292, 0xF343,  0xF221, 0xF45F, 0xF583, 0xF720,
  0xF935, 0xF76E, 0xF794, 0xF330,  0xF077, 0xE935, 0xE4F3, 0xDEE7,
  0xDB51, 0xD75A, 0xD651, 0xD896,  0xDAAE, 0xE1FA, 0xE521, 0xF0B2,
  0xF5B3, 0xFDFA, 0x00FB, 0x0748,  0x0A8D, 0x08F7, 0x0B70, 0x08A5,
  0x0B6F, 0x0802, 0x0D2C, 0x0E78,  0x127B, 0x1793, 0x1C16, 0x2403,
  0x2510, 0x29E2, 0x28CB, 0x2AE1,  0x2729, 0x225B, 0x1DAD, 0x16AD,
  0x1238, 0x0AA2, 0x0862, 0x02B8,  0x00C6, 0xFEBC, 0xFE8B, 0xFD4C,
  0xFAB8, 0xFB17, 0xF8FD, 0xF8D5,  0xF544, 0xF42B, 0xF214, 0xF113,
  0xF08A, 0xF023, 0xF0FA, 0xEFE1,  0xF0CD, 0xF05D, 0xF01D, 0xED2F,
  0xEB5F, 0xE88A, 0xE51B, 0xE232,  0xDEA6, 0xDD63, 0xDC4D, 0xDE47,
  0xE052, 0xE5C6, 0xEBC6, 0xF48F,  0xFB8F, 0x0385, 0x0A87, 0x0F39,
  0x140F, 0x13BB, 0x1561, 0x1276,  0x116F, 0x0F3B, 0x0E50, 0x0E97,
  0x0EDA, 0x12FC, 0x1710, 0x1CA8,  0x1FED, 0x24DF, 0x27F9, 0x290B,
  0x27DA, 0x2496, 0x202D, 0x193F,  0x12DB, 0x0B52, 0x044E, 0xFD2D,
  0xF919, 0xF644, 0xF490, 0xF3B3,  0xF3ED, 0xF5E2, 0xF6BC, 0xF8C0,
  0xF8FF, 0xF94D, 0xF821, 0xF720,  0xF4A2, 0xF239, 0xEDFA, 0xEAB0,
  0xE817, 0xE545, 0xE2EA, 0xE07B,  0xE077, 0xDEF4, 0xE01B, 0xDF85,
  0xE1C6, 0xE25E, 0xE6D9, 0xE9DD,  0xEE19, 0xF42A, 0xF8FE, 0x003C,
  0x02C8, 0x0A02, 0x0C50, 0x107F,  0x121D, 0x12FA, 0x1433, 0x12B6,
  0x13DB, 0x11CB, 0x12D1, 0x123B,  0x13B6, 0x164C, 0x17A3, 0x19FB,
  0x1B16, 0x1EB8, 0x1F74, 0x1E6F,  0x1DC8, 0x1B0B, 0x17C9, 0x1293,
  0x0DF9, 0x082B, 0x0201, 0xFDBB,  0xFA0F, 0xF724, 0xF456, 0xF35D,
  0xF491, 0xF60D, 0xF7B0, 0xF93D,  0xFB6B, 0xFBF2, 0xFC79, 0xFB34,
  0xF829, 0xF431, 0xEF3D, 0xEB88,  0xE4C8, 0xE044, 0xDB6E, 0xDA36,
  0xD8B6, 0xD97C, 0xDB55, 0xDEA4,  0xE479, 0xE954, 0xF0DC, 0xF4B4,
  0xFBB4, 0x0028, 0x05ED, 0x080E,  0x0A51, 0x0D23, 0x0E16, 0x101C,
  0x0FB1, 0x11CD, 0x1140, 0x12F0,  0x1422, 0x1481, 0x14DE, 0x149B,
  0x1648, 0x155E, 0x149F, 0x1388,  0x135A, 0x12D5, 0x1154, 0x107C,
  0x0E6C, 0x0DA1, 0x0BAE, 0x0AD6,  0x0845, 0x05E9, 0x0389, 0x01BB,
  0x0070, 0xFDDF, 0xFCC8, 0xFBBA,  0xFCCA, 0xFD67, 0xFED0, 0xFFBC,
  0x0018, 0x0143, 0x00B0, 0xFFAB,  0xFBBD, 0xF845, 0xF3F5, 0xEEAD,
  0xE9A4, 0xE333, 0xDF70, 0xDBA0,  0xDABC, 0xD92C, 0xDB0C, 0xDD38,
  0xE161, 0xE5FE, 0xEB64, 0xF250,  0xF64B, 0xFD21, 0x0066, 0x06E4,
  0x07FA, 0x0B29, 0x0D4F, 0x0F53,  0x113B, 0x0FD9, 0x12A4, 0x110B,
  0x1312, 0x119A, 0x1295, 0x1193,  0x1018, 0x10CA, 0x0E42, 0x0E62,
  0x0AE7, 0x0B9B, 0x0A51, 0x0982,  0x0981, 0x07D8, 0x090D, 0x072A,
  0x082E, 0x05F5, 0x0524, 0x037E,  0x0249, 0x0298, 0x0023, 0x0041,
  0xFF70, 0x020E, 0x02A3, 0x04AC,  0x0662, 0x0732, 0x08BD, 0x08AC,
  0x08A8, 0x0521, 0x0249, 0xFE36,  0xF9CF, 0xF496, 0xEE49, 0xE9CD,
  0xE554, 0xE2B2, 0xE026, 0xDF16,  0xDF79, 0xE03E, 0xE3AB, 0xE5D9,
  0xE93A, 0xEBFC, 0xF037, 0xF3E5,  0xF63A, 0xFAE0, 0xFCC9, 0x0024,
  0x0219, 0x05A8, 0x0819, 0x0964,  0x0C8F, 0x0D70, 0x0FE8, 0x1015,
  0x1137, 0x10F0, 0x1057, 0x1019,  0x0E24, 0x0E34, 0x0B50, 0x0AF4,
  0x097F, 0x09B2, 0x0966, 0x08BA,  0x0A44, 0x0976, 0x0B17, 0x0A4B,
  0x0AC7, 0x0964, 0x085E, 0x07A3,  0x05BB, 0x04F9, 0x0270, 0x0289,
  0x01AE, 0x0257, 0x02ED, 0x043E,  0x06AA, 0x07A9, 0x0A89, 0x0AB2,
  0x0B11, 0x0972, 0x0751, 0x0450,  0xFEDC, 0xFA93, 0xF411, 0xEF90,
  0xEA33, 0xE5F3, 0xE326, 0xDFE0,  0xDF5D, 0xDE5E, 0xDFBC, 0xE010,
  0xE196, 0xE4BA, 0xE5BC, 0xE8AE,  0xEA87, 0xEEC6, 0xF0E9, 0xF358,
  0xF7FC, 0xFB09, 0x0015, 0x02F0,  0x081F, 0x0AC1, 0x0E2F, 0x11CA,
  0x12EE, 0x1510, 0x149A, 0x15F7,  0x14F2, 0x14F9, 0x13A9, 0x12B5,
  0x12CB, 0x11E4, 0x1243, 0x11AA,  0x11F6, 0x111A, 0x10DE, 0x1026,
  0x0EAF, 0x0D16, 0x0AED, 0x08B0,  0x0657, 0x049A, 0x0267, 0x00CD,
  0x0037, 0x0069, 0x01A5, 0x02E3,  0x0512, 0x0697, 0x095D, 0x0A38,
  0x0A91, 0x0995, 0x073E, 0x0470,  0xFF6D, 0xFB2D, 0xF4B2, 0xEFBE,
  0xEA4C, 0xE65E, 0xE208, 0xDE2A,  0xDBFC, 0xD9AB, 0xD933, 0xD89B,
  0xD932, 0xDAAA, 0xDC73, 0xDF34,  0xE288, 0xE667, 0xEA7C, 0xEE3A,
  0xF3EB, 0xF8BD, 0xFE43, 0x033E,  0x084A, 0x0D24, 0x1157, 0x15FF,
  0x1822, 0x1AE4, 0x1C6B, 0x1DEA,  0x1E5F, 0x1E12, 0x1DE1, 0x1D35,
  0x1CF6, 0x1BF8, 0x1B09, 0x1972,  0x1856, 0x1656, 0x149F, 0x11B7,
  0x0F5B, 0x0C19, 0x0939, 0x05CF,  0x02AF, 0x00A0, 0xFE01, 0xFD05,
  0xFBB0, 0xFD46, 0xFE2E, 0x004A,  0x0214, 0x03DE, 0x0648, 0x0736,
  0x07FE, 0x0693, 0x04C5, 0x01AD,  0xFDD9, 0xF958, 0xF378, 0xEECB,
  0xE9F0, 0xE642, 0xE27B, 0xDF19,  0xDC31, 0xD99E, 0xD7E7, 0xD69F,
  0xD5B0, 0xD5FB, 0xD6A6, 0xD909,  0xDC9F, 0xE098, 0xE5E8, 0xE9FB,
  0xF17D, 0xF751, 0xFEAE, 0x048E,  0x0AFC, 0x1143, 0x161E, 0x1BC3,
  0x1E3F, 0x21CF, 0x230F, 0x24B9,  0x2522, 0x2462, 0x23B9, 0x2217,
  0x2156, 0x1F44, 0x1D96, 0x1B43,  0x1928, 0x1749, 0x1487, 0x1246,
  0x0E5F, 0x0BCC, 0x0837, 0x0528,  0x01A5, 0xFED7, 0xFC96, 0xFA53,
  0xF972, 0xF886, 0xF96E, 0xFAA4,  0xFCA6, 0xFF27, 0x0197, 0x03E7,
  0x050C, 0x0553, 0x0494, 0x0284,  0xFFA8, 0xFBD3, 0xF795, 0xF2CB,
  0xEE4F, 0xE933, 0xE47D, 0xDFCE,  0xDC3F, 0xD83D, 0xD5FC, 0xD382,
  0xD29E, 0xD223, 0xD33A, 0xD5EC,  0xD7D7, 0xDD7D, 0xE247, 0xEA3E,
  0xEFB3, 0xF800, 0x001A, 0x07F9,  0x0FFD, 0x15A9, 0x1CBE, 0x2034,
  0x24E8, 0x266F, 0x278D, 0x2750,  0x25EF, 0x2533, 0x2256, 0x2045,
  0x1D77, 0x1BD7, 0x1A0C, 0x17B3,  0x1620, 0x13E6, 0x128D, 0x1075,
  0x0E3D, 0x0B6D, 0x0823, 0x05E3,  0x02D0, 0x001A, 0xFCA6, 0xFAC2,
  0xF9BB, 0xF921, 0xF92E, 0xFA21,  0xFC1A, 0xFE81, 0x010D, 0x03DF,
  0x0604, 0x07B1, 0x08ED, 0x086D,  0x06A4, 0x032F, 0xFF48, 0xF9C6,
  0xF3E5, 0xEDDB, 0xE789, 0xE202,  0xDC8E, 0xD85B, 0xD4B9, 0xD23D,
  0xD108, 0xCFDE, 0xD0DF, 0xD0DE,  0xD44E, 0xD6FE, 0xDBC4, 0xE074,
  0xE6D1, 0xF005, 0xF611, 0xFF61,  0x0678, 0x10BC, 0x1759, 0x1E59,
  0x2412, 0x273D, 0x2AD9, 0x2B1F,  0x2B3F, 0x287D, 0x25A8, 0x22D6,
  0x1E9C, 0x1B42, 0x1646, 0x1388,  0x1179, 0x0F25, 0x0DE6, 0x0B99,
  0x0C44, 0x0A95, 0x0AB7, 0x0900,  0x079E, 0x0644, 0x0411, 0x0302,
  0xFF8B, 0xFE99, 0xFCA9, 0xFD16,  0xFD19, 0xFDB3, 0xFF97, 0x0205,
  0x059F, 0x0762, 0x09D3, 0x0AB7,  0x0BB2, 0x0AC0, 0x08D0, 0x04DE,
  0xFFC1, 0xFA7B, 0xF3ED, 0xED4E,  0xE64B, 0xE020, 0xDB30, 0xD616,
  0xD370, 0xCFE4, 0xCF60, 0xCE1D,  0xCEF5, 0xD02E, 0xD0DF, 0xD59B,
  0xD7D2, 0xE03C, 0xE2C8, 0xECF1,  0xF43F, 0xFD8D, 0x05D4, 0x0D09,
  0x1887, 0x1C59, 0x2503, 0x269C,  0x2B39, 0x2B02, 0x2A30, 0x28C4,
  0x23A4, 0x20E5, 0x1B4F, 0x181B,  0x13D2, 0x0FE4, 0x0E45, 0x0CCC,
  0x0D8F, 0x0C7B, 0x0D2B, 0x0E03,  0x0E49, 0x0EC7, 0x0D33, 0x0C6B,
  0x0957, 0x07E5, 0x04B4, 0x01FA,  0xFEEC, 0xFD72, 0xFD4B, 0xFD6B,
  0xFE85, 0x0019, 0x0397, 0x06E5,  0x0A6A, 0x0C9A, 0x0E54, 0x0EF4,
  0x0E06, 0x0B90, 0x070D, 0x0156,  0xFA53, 0xF387, 0xEC1B, 0xE441,
  0xDDDD, 0xD898, 0xD47F, 0xD097,  0xCED4, 0xCDB1, 0xCE7A, 0xCF03,
  0xD188, 0xD325, 0xD69A, 0xD96C,  0xDDCF, 0xE2F7, 0xE823, 0xEEA5,
  0xF44F, 0xFEA0, 0x0462, 0x0D30,  0x1313, 0x1BC2, 0x214D, 0x24B9,
  0x2915, 0x28F5, 0x2A85, 0x275F,  0x2570, 0x2119, 0x1C85, 0x18AF,
  0x1471, 0x1207, 0x0EB4, 0x0DA5,  0x0E09, 0x0E7D, 0x0FB2, 0x0FA3,
  0x11EE, 0x11C3, 0x11B5, 0x1046,  0x0DEE, 0x0B47, 0x070F, 0x0451,
  0x0012, 0xFD6C, 0xFA9B, 0xFAD4,  0xFB75, 0xFCFD, 0xFF2B, 0x02C3,
  0x0729, 0x09EC, 0x0C8A, 0x0DC9,  0x0E58, 0x0C2B, 0x0949, 0x0413,
  0xFDB1, 0xF5A1, 0xEE48, 0xE6A8,  0xDEFE, 0xD901, 0xD41C, 0xD187,
  0xCF41, 0xCE9F, 0xCF01, 0xD0FC,  0xD371, 0xD590, 0xD834, 0xDB7B,
  0xDEE0, 0xE215, 0xE573, 0xEAA7,  0xEECA, 0xF47C, 0xF9C4, 0x020F,
  0x086C, 0x0E98, 0x163F, 0x1CB9,  0x2358, 0x2610, 0x2A9D, 0x2BF9,
  0x2C82, 0x2A8A, 0x284E, 0x24E9,  0x201B, 0x1BD0, 0x1764, 0x13EF,
  0x1077, 0x0E32, 0x0DC7, 0x0DA2,  0x0DA9, 0x0DE0, 0x0E7D, 0x0F42,
  0x0E39, 0x0D19, 0x0AD8, 0x0842,  0x04E2, 0x018A, 0xFE55, 0xFAEF,
  0xF8D0, 0xF800, 0xF8B3, 0xF9D2,  0xFBD1, 0xFF98, 0x0343, 0x070F,
  0x0914, 0x0B3F, 0x0BFD, 0x0AF5,  0x0813, 0x03BD, 0xFDD2, 0xF710,
  0xF025, 0xE8DA, 0xE1D1, 0xDAE9,  0xD668, 0xD23E, 0xD007, 0xCE59,
  0xCF19, 0xD090, 0xD2E5, 0xD596,  0xD8F9, 0xDC8A, 0xE041, 0xE3F6,
  0xE803, 0xEAF5, 0xEF0D, 0xF365,  0xF8E1, 0xFE55, 0x039A, 0x0C51,
  0x1303, 0x1B33, 0x208A, 0x286D,  0x2DCF, 0x311D, 0x3348, 0x330F,
  0x31CA, 0x2D99, 0x2941, 0x2369,  0x1CAF, 0x169F, 0x10DC, 0x0CD4,
  0x094F, 0x06C9, 0x0675, 0x06B9,  0x085E, 0x07E4, 0x0960, 0x0942,
  0x0996, 0x0756, 0x051B, 0x0257,  0xFECC, 0xFBB8, 0xF7F6, 0xF5DB,
  0xF3B0, 0xF43B, 0xF54B, 0xF85F,  0xFB2A, 0x001E, 0x049F, 0x094F,
  0x0C0A, 0x0D75, 0x0DAC, 0x0C24,  0x08CB, 0x034B, 0xFCC4, 0xF558,
  0xEE31, 0xE6A9, 0xE069, 0xD9F8,  0xD5EA, 0xD29E, 0xD194, 0xD0F5,
  0xD23D, 0xD45E, 0xD6DD, 0xD9CF,  0xDCE3, 0xE04A, 0xE333, 0xE66B,
  0xEA67, 0xEDD4, 0xF1B7, 0xF5D1,  0xFB8F, 0x014B, 0x0705, 0x0DBC,
  0x144F, 0x1C9D, 0x2118, 0x27CD,  0x2B22, 0x2FD8, 0x30AD, 0x308F,
  0x2F92, 0x2B4A, 0x2835, 0x21B0,  0x1D07, 0x15AC, 0x10AA, 0x0B98,
  0x07D3, 0x04D4, 0x0289, 0x01E4,  0x0245, 0x0282, 0x030A, 0x02ED,
  0x0420, 0x03CF, 0x02F6, 0x017D,  0xFF8A, 0xFE32, 0xFBA1, 0xFA6C,
  0xF8CC, 0xF891, 0xF8E5, 0xFB27,  0xFD72, 0x0061, 0x0331, 0x077F,
  0x0A1F, 0x0CA2, 0x0CE8, 0x0D31,  0x0BBA, 0x086D, 0x0476, 0xFE5C,
  0xF8CA, 0xF186, 0xEBFA, 0xE5C8,  0xE0B7, 0xDC75, 0xD9D0, 0xD7D7,
  0xD6C0, 0xD6A2, 0xD796, 0xD913,  0xDB3E, 0xDD9B, 0xE062, 0xE2E8,
  0xE671, 0xE8AC, 0xEBB8, 0xEE43,  0xF1E5, 0xF53A, 0xF88F, 0xFDF0,
  0x027B, 0x0929, 0x0CFF, 0x1537,  0x1A3D, 0x20DD, 0x2432, 0x289A,
  0x2C7C, 0x2C96, 0x2D91, 0x2A5B,  0x28D5, 0x232E, 0x1E20, 0x17BA,
  0x1121, 0x0B6E, 0x05A2, 0x01F2,  0xFED9, 0xFD16, 0xFD12, 0xFDE1,
  0x007C, 0x0190, 0x03EB, 0x0591,  0x0736, 0x0796, 0x068A, 0x05E0,
  0x03DB, 0x0263, 0xFFAC, 0xFE36,  0xFCCE, 0xFCA8, 0xFD79, 0xFF15,
  0x0172, 0x0410, 0x077D, 0x0ACB,  0x0CB9, 0x0DD7, 0x0D9F, 0x0D11,
  0x0974, 0x056E, 0xFF8E, 0xF9E6,  0xF38F, 0xED1D, 0xE809, 0xE267,
  0xDF78, 0xDC37, 0xDBBC, 0xDA60,  0xDB45, 0xDC6D, 0xDE69, 0xE04D,
  0xE204, 0xE4A0, 0xE655, 0xE8C7,  0xEA1A, 0xEBD6, 0xED8C, 0xEF3C,
  0xF18E, 0xF30C, 0xF608, 0xF838,  0xFC2C, 0x003B, 0x04C0, 0x0A61,
  0x0E39, 0x160A, 0x19BD, 0x1FC4,  0x21D3, 0x2526, 0x274C, 0x265F,
  0x2634, 0x21E9, 0x1FE8, 0x1A9E,  0x1644, 0x1106, 0x0C08, 0x084A,
  0x04E9, 0x0341, 0x020F, 0x01A8,  0x02C8, 0x041D, 0x0672, 0x076B,
  0x08A0, 0x09D1, 0x0A33, 0x0A12,  0x07FC, 0x06AC, 0x048E, 0x02FE,
  0x00F3, 0xFF62, 0xFE6B, 0xFE60,  0xFF68, 0x0082, 0x01F5, 0x034F,
  0x0566, 0x06FA, 0x0815, 0x076C,  0x065F, 0x04C1, 0x01DD, 0xFE11,
  0xF8DD, 0xF4A3, 0xEF93, 0xEBDD,  0xE7FF, 0xE503, 0xE2FD, 0xE20E,
  0xE258, 0xE2B3, 0xE3B3, 0xE50A,  0xE6E9, 0xE842, 0xE987, 0xEA27,
  0xEB0A, 0xEB59, 0xEBDA, 0xEBE0,  0xEC72, 0xECDB, 0xEE74, 0xEF2C,
  0xF151, 0xF32C, 0xF64F, 0xF93A,  0xFD64, 0x0232, 0x064D, 0x0C09,
  0x1070, 0x173E, 0x19AE, 0x1E6C,  0x207E, 0x2354, 0x240D, 0x2341,
  0x2307, 0x1FE0, 0x1E3A, 0x1A21,  0x16A7, 0x1265, 0x0F0B, 0x0C1D,
  0x0983, 0x079A, 0x06A6, 0x060B,  0x069D, 0x06E5, 0x0772, 0x0770,
  0x07E9, 0x0848, 0x0729, 0x0610,  0x042D, 0x02E5, 0x0082, 0xFEBD,
  0xFCE6, 0xFB87, 0xFB3A, 0xFB21,  0xFC22, 0xFD06, 0xFEE2, 0x00FE,
  0x0359, 0x053C, 0x0654, 0x0707,  0x070E, 0x061A, 0x03C1, 0x00C2,
  0xFCF0, 0xF8F1, 0xF4B3, 0xF058,  0xEC32, 0xE8BC, 0xE694, 0xE4EC,
  0xE41B, 0xE490, 0xE5B1, 0xE730,  0xE8BF, 0xEA84, 0xEC06, 0xED28,
  0xEE50, 0xEED0, 0xEEEC, 0xEEFD,  0xEEDA, 0xEF0C, 0xEE65, 0xEF20,
  0xEF6C, 0xF0A3, 0xF1D6, 0xF330,  0xF587, 0xF793, 0xFAEC, 0xFE9C,
  0x028D, 0x075B, 0x0C56, 0x120A,  0x1736, 0x1AFF, 0x1FF4, 0x2270,
  0x25B1, 0x25F0, 0x265C, 0x24D4,  0x2237, 0x1FEA, 0x1AFA, 0x1753,
  0x121A, 0x0EE2, 0x0B16, 0x0819,  0x0630, 0x0439, 0x044B, 0x0443,
  0x0430, 0x046E, 0x041C, 0x04E8,  0x040F, 0x0345, 0x019A, 0xFFE3,
  0xFE48, 0xFC30, 0xFA8F, 0xF89C,  0xF7EC, 0xF7E7, 0xF90A, 0xF9E5,
  0xFC2D, 0xFE53, 0x01FA, 0x04A4,  0x0793, 0x0986, 0x0B18, 0x0BFB,
  0x0B5A, 0x09D2, 0x06A5, 0x033A,  0xFEA9, 0xFA43, 0xF479, 0xF022,
  0xEAE2, 0xE81F, 0xE4BB, 0xE2FA,  0xE1E5, 0xE1CD, 0xE342, 0xE42D,
  0xE648, 0xE7CE, 0xE9D7, 0xEB90,  0xED1A, 0xEDBD, 0xEEA5, 0xEE88,
  0xEF9B, 0xEE8C, 0xEF6B, 0xEEF7,  0xF0E2, 0xF18D, 0xF42E, 0xF6BF,
  0xFA17, 0xFEA5, 0x0236, 0x087C,  0x0C60, 0x1294, 0x1616, 0x1C0A,
  0x1F4D, 0x21FD, 0x22F5, 0x2458,  0x2401, 0x220D, 0x1EB3, 0x1B7E,
  0x17D0, 0x12CE, 0x0EE4, 0x09E6,  0x0736, 0x0352, 0x0213, 0x0051,
  0x007E, 0x00C4, 0x0205, 0x0376,  0x051E, 0x05DA, 0x06C7, 0x0748,
  0x07D8, 0x070D, 0x0577, 0x04A6,  0x0321, 0x01D6, 0xFF94, 0xFEF0,
  0xFE46, 0xFE28, 0xFE84, 0xFF4C,  0x007D, 0x021A, 0x036B, 0x05A0,
  0x05DE, 0x073A, 0x0696, 0x0657,  0x0519, 0x021D, 0x0025, 0xFBC9,
  0xF960, 0xF4EA, 0xF1E0, 0xEED3,  0xEBE6, 0xEAD0, 0xE8F3, 0xE920,
  0xE921, 0xEA4C, 0xEBC7, 0xED5C,  0xEF43, 0xF0C4, 0xF211, 0xF33B,
  0xF387, 0xF395, 0xF2F4, 0xF1E7,  0xF148, 0xEF80, 0xEF25, 0xEE13,
  0xEEB0, 0xEEAD, 0xEFFA, 0xF181,  0xF379, 0xF597, 0xF848, 0xFAD0,
  0xFD78, 0x001E, 0x035B, 0x06CA,  0x09A7, 0x0DDF, 0x1092, 0x15D2,
  0x1800, 0x1BCD, 0x1D74, 0x1FB6,  0x2097, 0x1F93, 0x1EB9, 0x1C18,
  0x19A6, 0x1551, 0x11F2, 0x0DD0,  0x0A50, 0x073C, 0x04F1, 0x03A8,
  0x02FA, 0x0341, 0x0441, 0x0510,  0x06D2, 0x0705, 0x0821, 0x07DC,
  0x07CF, 0x062E, 0x043A, 0x02B7,  0x005A, 0xFE69, 0xFB8C, 0xFAFD,
  0xF9C3, 0xF9FE, 0xFA36, 0xFBA2,  0xFD51, 0xFFB0, 0x0251, 0x04A8,
  0x064F, 0x07BF, 0x08AC, 0x0850,  0x072E, 0x04AB, 0x020B, 0xFE65,
  0xFB05, 0xF6E5, 0xF30A, 0xEFF8,  0xED70, 0xEC0B, 0xEA53, 0xEABC,
  0xEAEE, 0xEC68, 0xED84, 0xEF14,  0xF152, 0xF20B, 0xF3BE, 0xF372,
  0xF3BD, 0xF266, 0xF15D, 0xEF91,  0xEDED, 0xEC34, 0xEB53, 0xEA8C,
  0xEAD0, 0xEB2C, 0xEC8C, 0xEEBB,  0xF080, 0xF3A6, 0xF63E, 0xF9FD,
  0xFCDE, 0x00D8, 0x0460, 0x0908,  0x0C19, 0x1128, 0x1421, 0x18EA,
  0x1B63, 0x1D74, 0x2020, 0x2059,  0x2124, 0x1EB3, 0x1DD9, 0x1AB0,
  0x17DB, 0x1422, 0x10D0, 0x0D5F,  0x0AF0, 0x0864, 0x0765, 0x0636,
  0x0681, 0x06C6, 0x075E, 0x0870,  0x084E, 0x08E5, 0x07DB, 0x07D9,
  0x05AC, 0x03DD, 0x015E, 0xFF85,  0xFD12, 0xFB35, 0xF9B7, 0xF96B,
  0xF9AE, 0xFA49, 0xFBE9, 0xFD7B,  0x001D, 0x01F8, 0x04A0, 0x05CB,
  0x0736, 0x076B, 0x078C, 0x065C,  0x044C, 0x0204, 0xFEF8, 0xFC77,
  0xF915, 0xF67D, 0xF3D2, 0xF249,  0xF0F8, 0xEFE9, 0xEF78, 0xEFDE,
  0xF050, 0xF15E, 0xF1CF, 0xF2F0,  0xF3B5, 0xF48A, 0xF508, 0xF4E8,
  0xF4D1, 0xF409, 0xF34C, 0xF1C2,  0xF050, 0xEEA8, 0xED66, 0xEC03,
  0xEB65, 0xEABE, 0xEB04, 0xEB3A,  0xECBD, 0xEDD3, 0xEFF6, 0xF1B9,
  0xF486, 0xF73B, 0xFA00, 0xFCDA,  0x0023, 0x03E3, 0x0759, 0x0AD7,
  0x0E1F, 0x1384, 0x15EA, 0x1A15,  0x1B98, 0x1F65, 0x207F, 0x20E4,
  0x2135, 0x1F34, 0x1E9F, 0x1B1C,  0x1853, 0x14BE, 0x1141, 0x0E6E,
  0x0B05, 0x08F0, 0x0703, 0x058A,  0x0556, 0x0448, 0x052F, 0x03F0,
  0x0492, 0x0411, 0x0394, 0x02A8,  0x00B7, 0xFFFF, 0xFE40, 0xFD28,
  0xFB58, 0xFAAB, 0xFA5F, 0xFAC2,  0xFAF1, 0xFC77, 0xFD8E, 0xFFD8,
  0x01B5, 0x03B1, 0x0589, 0x0652,  0x07B7, 0x076C, 0x0724, 0x05AB,
  0x03BC, 0x0182, 0xFF33, 0xFC73,  0xF950, 0xF6B8, 0xF475, 0xF2FD,
  0xF13F, 0xF084, 0xF013, 0xF0B5,  0xF17B, 0xF28D, 0xF39C, 0xF49E,
  0xF641, 0xF700, 0xF81B, 0xF873,  0xF8C2, 0xF886, 0xF7FC, 0xF740,
  0xF564, 0xF3D8, 0xF215, 0xF024,  0xEE8A, 0xECA8, 0xEBE6, 0xEB59,
  0xEB5A, 0xEC3B, 0xED56, 0xEF03,  0xF0C8, 0xF316, 0xF56A, 0xF80B,
  0xFAC0, 0xFDEF, 0x00BF, 0x0453,  0x0742, 0x0AE9, 0x0E46, 0x116F,
  0x14F8, 0x1680, 0x1A17, 0x1B0B,  0x1CD7, 0x1D3B, 0x1C7D, 0x1C94,
  0x19C5, 0x18C2, 0x1562, 0x125B,  0x0FE0, 0x0C21, 0x0A37, 0x06FF,
  0x0538, 0x03C0, 0x0222, 0x0241,  0x00FA, 0x015F, 0x00B2, 0x011B,
  0x017B, 0x00A3, 0x00A4, 0xFFF3,  0x0008, 0xFF57, 0xFEB7, 0xFE7A,
  0xFE92, 0xFED4, 0xFFA3, 0x0005,  0x016D, 0x02A9, 0x0447, 0x05D2,
  0x067D, 0x07C6, 0x07A8, 0x0806,  0x072D, 0x0588, 0x041C, 0x0190,
  0xFFEC, 0xFCD2, 0xFA82, 0xF854,  0xF64D, 0xF5B4, 0xF426, 0xF433,
  0xF45E, 0xF54C, 0xF6A1, 0xF77A,  0xF947, 0xFA5E, 0xFB70, 0xFC9C,
  0xFC63, 0xFCDB, 0xFBBE, 0xFB4C,  0xFA27, 0xF86C, 0xF6F2, 0xF4C2,
  0xF369, 0xF155, 0xEFC8, 0xEE52,  0xED68, 0xECDA, 0xECC5, 0xEC99,
  0xED7D, 0xEDA1, 0xEEDA, 0xEF81,  0xF0CE, 0xF1C8, 0xF2F8, 0xF482,
  0xF5FE, 0xF79C, 0xF97C, 0xFC8B,  0xFF54, 0x034B, 0x05E2, 0x0B78,
  0x0F6D, 0x13F5, 0x16C4, 0x1A64,  0x1D23, 0x1DF8, 0x1DFF, 0x1C61,
  0x1B19, 0x1747, 0x1417, 0x0F2C,  0x0B88, 0x0753, 0x043F, 0x018A,
  0xFFDC, 0xFF38, 0xFF1D, 0x0018,  0x012B, 0x02BC, 0x03E9, 0x051E,
  0x0645, 0x06F7, 0x068C, 0x05F7,  0x0530, 0x0497, 0x02F9, 0x01A7,
  0x0107, 0x00B9, 0x00BB, 0x00FF,  0x01DA, 0x0379, 0x0532, 0x06DA,
  0x0876, 0x097A, 0x0A91, 0x0A9A,  0x0A3E, 0x08E4, 0x0706, 0x04B5,
  0x01E4, 0xFF80, 0xFCAF, 0xFA26,  0xF80C, 0xF6C0, 0xF63D, 0xF5BE,
  0xF665, 0xF77B, 0xF8F6, 0xFAA0,  0xFBEE, 0xFD99, 0xFE6F, 0xFF39,
  0xFF16, 0xFE96, 0xFDAA, 0xFC78,  0xFAD7, 0xF933, 0xF72F, 0xF587,
  0xF34D, 0xF1BA, 0xF02E, 0xEEC3,  0xEDE8, 0xECCE, 0xECDA, 0xEC22,
  0xEC68, 0xEC30, 0xECAA, 0xECB2,  0xED8E, 0xED7C, 0xEEC1, 0xEED8,
  0xF030, 0xF0F9, 0xF1EE, 0xF3A5,  0xF53B, 0xF8B0, 0xFACE, 0xFEFB,
  0x0261, 0x08BD, 0x0C17, 0x112B,  0x1430, 0x189C, 0x1B09, 0x1BBD,
  0x1C6D, 0x1A66, 0x199F, 0x15B8,  0x1296, 0x0DFF, 0x0A91, 0x0756,
  0x0474, 0x0289, 0x01C9, 0x01C1,  0x02D2, 0x041F, 0x0636, 0x07AC,
  0x0941, 0x0AA5, 0x0B82, 0x0BAB,  0x0A64, 0x0949, 0x07AB, 0x060A,
  0x03D5, 0x01C1, 0x0074, 0x000E,  0xFFC2, 0x005D, 0x011A, 0x0304,
  0x04F9, 0x06E8, 0x08D6, 0x09FA,  0x0B29, 0x0B44, 0x0AD0, 0x09A8,
  0x072E, 0x04E4, 0x0182, 0xFF03,  0xFBF8, 0xF903, 0xF742, 0xF5D7,
  0xF62B, 0xF5C4, 0xF6DE, 0xF8BC,  0xFAF4, 0xFD9C, 0xFF02, 0x00E7,
  0x0219, 0x02D1, 0x0286, 0x0137,  0xFFEC, 0xFD88, 0xFB6D, 0xF8B7,
  0xF63E, 0xF42F, 0xF235, 0xF105,  0xF06A, 0xF01B, 0xF05A, 0xF070,
  0xF0F6, 0xF144, 0xF179, 0xF137,  0xF0C7, 0xF056, 0xF00C, 0xEF42,
  0xEECC, 0xEE33, 0xEDF7, 0xEE14,  0xEDBE, 0xEE73, 0xEE9B, 0xEFF6,
  0xF108, 0xF35E, 0xF5F4, 0xF947,  0xFC7C, 0x0143, 0x05A0, 0x0AAC,
  0x0E50, 0x11DE, 0x15EF, 0x17D8,  0x19E2, 0x1922, 0x18E1, 0x172B,
  0x14CA, 0x11D9, 0x0E50, 0x0B40,  0x0903, 0x06BF, 0x05E9, 0x04FF,
  0x0609, 0x0726, 0x08C4, 0x0AC5,  0x0C23, 0x0DEB, 0x0E2D, 0x0EDF,
  0x0DE8, 0x0C96, 0x0A49, 0x081C,  0x05AE, 0x0314, 0x00C6, 0xFF33,
  0xFE93, 0xFE87, 0xFF2D, 0x001A,  0x01ED, 0x03E4, 0x0627, 0x07A3,
  0x08A5, 0x0997, 0x0963, 0x08EB,  0x06F5, 0x04F7, 0x0280, 0xFFE1,
  0xFDCA, 0xFB74, 0xF9EE, 0xF8A3,  0xF882, 0xF911, 0xF9A6, 0xFADD,
  0xFC6B, 0xFE54, 0x000D, 0x00FD,  0x01E2, 0x01C3, 0x01FA, 0x00CF,
  0xFF76, 0xFDB4, 0xFBFB, 0xFA16,  0xF7EC, 0xF66C, 0xF4FD, 0xF426,
  0xF3AA, 0xF3D4, 0xF45C, 0xF4DF,  0xF554, 0xF599, 0xF5AD, 0xF5EF,
  0xF546, 0xF4C8, 0xF38D, 0xF2B0,  0xF1A9, 0xF053, 0xEF20, 0xEE57,
  0xEDA7, 0xEDAA, 0xED47, 0xED67,  0xED69, 0xEDCD, 0xEE20, 0xEEB2,
  0xF00B, 0xF1D0, 0xF46E, 0xF74B,  0xFB96, 0xFFDE, 0x0542, 0x095A,
  0x0E82, 0x1266, 0x1657, 0x1890,  0x19FA, 0x1A75, 0x192A, 0x1817,
  0x14EF, 0x1233, 0x0EE8, 0x0C81,  0x0A60, 0x088F, 0x07EE, 0x0807,
  0x08B3, 0x0A21, 0x0B43, 0x0CBA,  0x0D7C, 0x0E52, 0x0E1F, 0x0D33,
  0x0B76, 0x093C, 0x069B, 0x040E,  0x0140, 0xFF04, 0xFD6C, 0xFC8B,
  0xFCE3, 0xFD15, 0xFF08, 0x0049,  0x0344, 0x0536, 0x079C, 0x091D,
  0x09E4, 0x0A69, 0x09AE, 0x08A0,  0x063E, 0x0418, 0x0160, 0xFF55,
  0xFCBF, 0xFB6E, 0xF9CE, 0xF99A,  0xF9AE, 0xFA46, 0xFB48, 0xFC39,
  0xFDFC, 0xFEED, 0x0082, 0x00DA,  0x013D, 0x00F6, 0x008F, 0x000C,
  0xFE7D, 0xFD6A, 0xFC01, 0xFB4F,  0xFA6D, 0xF9B4, 0xF8F8, 0xF888,
  0xF84D, 0xF7E1, 0xF765, 0xF6D4,  0xF67A, 0xF5E3, 0xF579, 0xF493,
  0xF3C0, 0xF300, 0xF276, 0xF211,  0xF1C0, 0xF1D4, 0xF1D5, 0xF247,
  0xF2D4, 0xF2C4, 0xF309, 0xF29D,  0xF2A7, 0xF207, 0xF1E7, 0xF0DD,
  0xF063, 0xF079, 0xF166, 0xF2EE,  0xF3F0, 0xF7A5, 0xFB33, 0x00D7,
  0x0442, 0x08F9, 0x0DBC, 0x124D,  0x155E, 0x164F, 0x1772, 0x171F,
  0x167B, 0x1346, 0x109C, 0x0D60,  0x0B56, 0x08C8, 0x072D, 0x065E,
  0x0682, 0x07C4, 0x08EF, 0x0AEB,  0x0C3C, 0x0D84, 0x0DCE, 0x0DFA,
  0x0D4A, 0x0B2A, 0x08B5, 0x0608,  0x03D9, 0x014E, 0xFECA, 0xFD5D,
  0xFD10, 0xFDCC, 0xFE97, 0xFFF3,  0x01E8, 0x044E, 0x0689, 0x0818,
  0x0911, 0x0994, 0x099F, 0x08ED,  0x07A3, 0x05BD, 0x03A5, 0x01A4,
  0x002C, 0xFE9B, 0xFD36, 0xFC4C,  0xFC00, 0xFCBC, 0xFD04, 0xFD8A,
  0xFE1F, 0xFF66, 0x0060, 0x00E6,  0x0159, 0x0160, 0x0192, 0x010A,
  0x008F, 0xFF2B, 0xFE42, 0xFD06,  0xFBE3, 0xFAE3, 0xF9D2, 0xF930,
  0xF87D, 0xF870, 0xF81C, 0xF80E,  0xF7E3, 0xF809, 0xF7F2, 0xF7C2,
  0xF781, 0xF744, 0xF6F8, 0xF637,  0xF57F, 0xF45D, 0xF3B9, 0xF30E,
  0xF2A6, 0xF29C, 0xF23D, 0xF29C,  0xF266, 0xF2D5, 0xF267, 0xF28C,
  0xF24E, 0xF1FA, 0xF1CD, 0xF123,  0xF1B4, 0xF18A, 0xF341, 0xF4A9,
  0xF7CA, 0xFB4B, 0xFF42, 0x033D,  0x0776, 0x0BD1, 0x0F4E, 0x120C,
  0x133D, 0x149D, 0x1442, 0x13B0,  0x1192, 0x0F8F, 0x0D61, 0x0BA0,
  0x09ED, 0x08A3, 0x07F8, 0x081D,  0x0905, 0x09E9, 0x0B02, 0x0BA2,
  0x0C66, 0x0CEC, 0x0CC9, 0x0BB2,  0x0A42, 0x089D, 0x06E9, 0x04CC,
  0x02C1, 0x00DC, 0xFFB9, 0xFED6,  0xFE93, 0xFECC, 0xFF4C, 0x0050,
  0x019B, 0x036E, 0x0475, 0x0562,  0x061F, 0x0678, 0x067B, 0x05CA,
  0x04D3, 0x0357, 0x01FD, 0x00C6,  0xFF8D, 0xFE73, 0xFDA3, 0xFD43,
  0xFD8D, 0xFDD9, 0xFE6C, 0xFEEA,  0xFFED, 0x0104, 0x0181, 0x020D,
  0x01D2, 0x0220, 0x01B2, 0x0135,  0x005E, 0xFEE4, 0xFE0F, 0xFCD1,
  0xFC0A, 0xFB1E, 0xFA29, 0xF9A5,  0xF953, 0xF97A, 0xF935, 0xF8DC,
  0xF8E1, 0xF8E5, 0xF8FB, 0xF8B4,  0xF82C, 0xF7D9, 0xF752, 0xF745,
  0xF67E, 0xF5AA, 0xF517, 0xF464,  0xF4DC, 0xF400, 0xF45F, 0xF3A5,
  0xF40D, 0xF37E, 0xF358, 0xF2B2,  0xF1C4, 0xF111, 0xF05F, 0xF074,
  0xF060, 0xF198, 0xF1FC, 0xF5EC,  0xF84E, 0xFD14, 0xFF4A, 0x03DC,
  0x08A1, 0x0B98, 0x0F1D, 0x0F78,  0x11D4, 0x11B3, 0x1186, 0x0FED,
  0x0DD7, 0x0CD0, 0x0B99, 0x0A62,  0x09B8, 0x095B, 0x0A7E, 0x0AEE,
  0x0C4D, 0x0D34, 0x0DA6, 0x0E2A,  0x0D8F, 0x0D2E, 0x0B55, 0x0926,
  0x06CA, 0x0454, 0x0270, 0x006D,  0xFE3F, 0xFDE3, 0xFD53, 0xFE99,
  0xFEE7, 0x0067, 0x0228, 0x0398,  0x05BF, 0x05F6, 0x0742, 0x06D4,
  0x06C0, 0x0608, 0x0490, 0x0385,  0x0149, 0x005C, 0xFF10, 0xFE5C,
  0xFDCC, 0xFD95, 0xFE2C, 0xFEFE,  0xFFD7, 0x0057, 0x00BD, 0x0134,
  0x018F, 0x00EF, 0x003C, 0xFF49,  0xFF1F, 0xFE9E, 0xFE3F, 0xFE00,
  0xFDEC, 0xFEAF, 0xFEFD, 0xFF9A,  0xFFE0, 0x0025, 0x007D, 0x0034,
  0xFF83, 0xFE37, 0xFD00, 0xFBC3,  0xFA40, 0xF885, 0xF74A, 0xF643,
  0xF5EE, 0xF576, 0xF545, 0xF5AD,  0xF628, 0xF739, 0xF741, 0xF7D7,
  0xF7C5, 0xF7D9, 0xF730, 0xF63E,  0xF569, 0xF432, 0xF39F, 0xF261,
  0xF220, 0xF17F, 0xF1CE, 0xF1E6,  0xF2FD, 0xF473, 0xF641, 0xF7F6,
  0xF9F5, 0xFDA8, 0xFF85, 0x02A6,  0x037B, 0x06AB, 0x0874, 0x098D,
  0x0AB7, 0x09BF, 0x0BB5, 0x0A99,  0x0AC5, 0x098E, 0x0926, 0x0988,
  0x0896, 0x0977, 0x08C7, 0x09C5,  0x09C2, 0x0A3D, 0x0A98, 0x0A27,
  0x0A18, 0x08F9, 0x08DB, 0x07E0,  0x06C6, 0x0520, 0x0482, 0x03F4,
  0x038E, 0x02B9, 0x0260, 0x030D,  0x030C, 0x03ED, 0x0356, 0x0458,
  0x0452, 0x04E4, 0x04E0, 0x045A,  0x0497, 0x039A, 0x03B9, 0x02AC,
  0x0283, 0x019B, 0x0118, 0x011D,  0x0087, 0x0082, 0xFF96, 0xFFC2,
  0xFF97, 0xFFB4, 0xFF68, 0xFF69,  0xFFD9, 0x0027, 0x008B, 0x0096,
  0x00FE, 0x00B0, 0x010D, 0x00F5,  0x00FA, 0x00E7, 0x0052, 0x0018,
  0xFF52, 0xFED4, 0xFDDE, 0xFCED,  0xFC34, 0xFB93, 0xFB39, 0xFAD1,
  0xFA61, 0xFA81, 0xFA71, 0xFAA6,  0xFACB, 0xFAB0, 0xFAA4, 0xFA27,
  0xFA38, 0xF93B, 0xF892, 0xF7A5,  0xF6F8, 0xF69A, 0xF5FD, 0xF5F3,
  0xF5DB, 0xF688, 0xF70A, 0xF7CD,  0xF89A, 0xF980, 0xF9EC, 0xFA71,
  0xFA89, 0xFA3E, 0xF9C2, 0xF904,  0xF85C, 0xF713, 0xF655, 0xF516,
  0xF54E, 0xF53F, 0xF5E7, 0xF6EE,  0xF8A2, 0xFC37, 0xFDE4, 0x012E,
  0x03A6, 0x0722, 0x09D5, 0x0B3F,  0x0D01, 0x0D6F, 0x0E76, 0x0DEE,
  0x0D2B, 0x0C54, 0x0BAE, 0x0AF3,  0x0A32, 0x09E6, 0x09E7, 0x09ED,
  0x0A3D, 0x0A94, 0x0AAE, 0x0AB7,  0x0A33, 0x09E1, 0x08DF, 0x07C2,
  0x0625, 0x0460, 0x036F, 0x0221,  0x016F, 0x007A, 0x006D, 0x00D4,
  0x0115, 0x019D, 0x01B9, 0x0260,  0x0287, 0x02D5, 0x02C9, 0x0279,
  0x022A, 0x0207, 0x01EA, 0x01C9,  0x0183, 0x0148, 0x0146, 0x0136,
  0x0149, 0x0059, 0x004A, 0xFF85,  0xFF65, 0xFEF3, 0xFE22, 0xFE4F,
  0xFD89, 0xFE9A, 0xFE34, 0xFF29,  0xFFB8, 0x002C, 0x0180, 0x0180,
  0x02BC, 0x01C3, 0x0207, 0x0124,  0x008A, 0xFFC9, 0xFDEC, 0xFD2F,
  0xFBAF, 0xFB84, 0xFA8F, 0xFA31,  0xFA0C, 0xFA3C, 0xFABE, 0xFAFF,
  0xFB31, 0xFB3E, 0xFB55, 0xFB2C,  0xFB0D, 0xFA1B, 0xF9AB, 0xF881,
  0xF7E2, 0xF6D2, 0xF5DA, 0xF55D,  0xF49B, 0xF4ED, 0xF496, 0xF4D8,
  0xF4D9, 0xF4D0, 0xF530, 0xF4D6,  0xF529, 0xF4AA, 0xF527, 0xF4FF,
  0xF573, 0xF63D, 0xF753, 0xF958,  0xFA83, 0xFD95, 0xFFB4, 0x03A1,
  0x05B4, 0x080D, 0x0A80, 0x0C61,  0x0E07, 0x0DC1, 0x0E20, 0x0D83,
  0x0D47, 0x0C0F, 0x0B35, 0x0A23,  0x09E7, 0x096E, 0x0951, 0x092E,
  0x08FF, 0x0914, 0x0873, 0x084F,  0x0737, 0x0655, 0x04F6, 0x0415,
  0x0369, 0x02AA, 0x0202, 0x01B1,  0x021C, 0x02A9, 0x02F6, 0x0317,
  0x0362, 0x03BE, 0x03C6, 0x0378,  0x02E7, 0x0271, 0x0230, 0x01C8,
  0x019F, 0x0163, 0x019F, 0x01BB,  0x01EA, 0x0244, 0x0207, 0x01CF,
  0x013C, 0x00F9, 0x0056, 0xFF69,  0xFEC3, 0xFE4E, 0xFE55, 0xFE46,
  0xFEC1, 0xFF3E, 0x0061, 0x013A,  0x025D, 0x02E9, 0x0374, 0x03B2,
  0x036A, 0x02FE, 0x01C3, 0x0070,  0xFEA0, 0xFDC4, 0xFC6A, 0xFB9F,
  0xFABA, 0xFB8A, 0xFBFC, 0xFC93,  0xFCE7, 0xFCB6, 0xFD3A, 0xFCEB,
  0xFCC3, 0xFB48, 0xFA44, 0xF957,  0xF8A1, 0xF81D, 0xF764, 0xF78D,
  0xF815, 0xF914, 0xFA25, 0xFB28,  0xFC4E, 0xFCCF, 0xFD78, 0xFD8E,
  0xFD1C, 0xFB9D, 0xFA6B, 0xF909,  0xF797, 0xF5F8, 0xF4DB, 0xF452,
  0xF4A3, 0xF592, 0xF65A, 0xF787,  0xF844, 0xF9B2, 0xF9D7, 0xFA52,
  0xF9A7, 0xF99C, 0xF972, 0xF962,  0xFA08, 0xFA76, 0xFC87, 0xFE7B,
  0x015E, 0x0432, 0x0718, 0x09FC,  0x0C4F, 0x0E38, 0x0F6E, 0x0FD6,
  0x0F97, 0x0EF8, 0x0DF2, 0x0D05,  0x0B9A, 0x0ABC, 0x09DC, 0x096B,
  0x0968, 0x08D4, 0x0907, 0x0897,  0x088E, 0x07C5, 0x06DD, 0x05B2,
  0x0470, 0x0361, 0x023A, 0x0142,  0x0079, 0x00AA, 0x00C1, 0x0156,
  0x0190, 0x02B6, 0x0327, 0x03B8,  0x03B0, 0x0396, 0x0366, 0x0305,
  0x029A, 0x01E7, 0x01A7, 0x0135,  0x013F, 0x00EC, 0x00FF, 0x00DA,
  0x00CD, 0x0060, 0x000B, 0xFFB4,  0xFEFD, 0xFEB5, 0xFDE7, 0xFDDD,
  0xFD8D, 0xFDA9, 0xFDD3, 0xFE45,  0xFF12, 0xFF7A, 0x0066, 0x0053,
  0x011C, 0x0080, 0x00CC, 0xFFD1,  0xFEE4, 0xFE3C, 0xFD09, 0xFC99,
  0xFB6F, 0xFC41, 0xFBFA, 0xFC80,  0xFC7C, 0xFD22, 0xFD44, 0xFD48,
  0xFCCD, 0xFBE0, 0xFB10, 0xF9ED,  0xF935, 0xF7B7, 0xF778, 0xF6AF,
  0xF732, 0xF725, 0xF7CC, 0xF86A,  0xF90F, 0xFA1C, 0xFA0B, 0xFA30,
  0xF935, 0xF897, 0xF777, 0xF61F,  0xF56C, 0xF472, 0xF4A8, 0xF4C6,
  0xF5AC, 0xF6B9, 0xF80C, 0xF99F,  0xFABB, 0xFBDC, 0xFC7A, 0xFD5B,
  0xFDE3, 0xFEFD, 0xFF35, 0x015E,  0x02D7, 0x05A4, 0x070E, 0x0942,
  0x0C25, 0x0CF2, 0x0F05, 0x0E02,  0x0EC5, 0x0D4E, 0x0C87, 0x0B47,
  0x0930, 0x08E5, 0x07A7, 0x07D0,  0x078D, 0x077B, 0x07FD, 0x07B3,
  0x0800, 0x0780, 0x065F, 0x0597,  0x0408, 0x0392, 0x0251, 0x018D,
  0x0145, 0x0158, 0x023F, 0x02CD,  0x036E, 0x03DB, 0x044B, 0x04B9,
  0x0461, 0x036A, 0x0298, 0x0180,  0x0140, 0x00A3, 0x008E, 0x0058,
  0x00AA, 0x0199, 0x0218, 0x02C3,  0x01EF, 0x0208, 0x0116, 0x00DC,
  0xFF7D, 0xFDF8, 0xFD69, 0xFCFD,  0xFDD2, 0xFDCA, 0xFEB3, 0xFF96,
  0x014D, 0x0231, 0x02ED, 0x02E5,  0x02D5, 0x0298, 0x01DA, 0x012C,
  0xFF44, 0xFE6A, 0xFD6E, 0xFDB1,  0xFD67, 0xFD97, 0xFD63, 0xFDEC,
  0xFE5D, 0xFDDD, 0xFD26, 0xFBE6,  0xFB93, 0xFA83, 0xF9CE, 0xF8C3,
  0xF8B8, 0xF873, 0xF98D, 0xF93D,  0xFA17, 0xFA86, 0xFB08, 0xFB59,
  0xFAFA, 0xFB93, 0xFA8F, 0xFA77,  0xF99E, 0xF91C, 0xF8C1, 0xF8A2,
  0xF883, 0xF905, 0xF90B, 0xF9CD,  0xF93A, 0xF9CC, 0xF994, 0xF9D0,
  0xFA27, 0xFA14, 0xFAC7, 0xFABB,  0xFBF7, 0xFBC5, 0xFC6E, 0xFCA0,
  0xFCF6, 0xFCB5, 0xFD37, 0xFCB8,  0xFD78, 0xFD38, 0xFE91, 0xFFD7,
  0x00FF, 0x02EA, 0x03B6, 0x061E,  0x06F7, 0x089D, 0x089E, 0x092D,
  0x08E3, 0x0911, 0x0905, 0x08B2,  0x08A9, 0x08F2, 0x0966, 0x09DF,
  0x0A5D, 0x0A1E, 0x0A64, 0x09A2,  0x09C7, 0x089F, 0x07EE, 0x06D3,
  0x0639, 0x05EA, 0x054E, 0x050E,  0x0495, 0x04E9, 0x04BA, 0x04AF,
  0x03FB, 0x0353, 0x0263, 0x01B8,  0x00F0, 0xFFC8, 0xFF2D, 0xFEDE,
  0xFF46, 0xFFC6, 0x005F, 0x014C,  0x01E8, 0x02B0, 0x033B, 0x02A2,
  0x01DB, 0x00B0, 0xFFE7, 0xFF06,  0xFE16, 0xFD7C, 0xFD1C, 0xFDBB,
  0xFE6C, 0xFF0D, 0xFF67, 0xFFD7,  0x0046, 0x0089, 0x005C, 0xFFFC,
  0xFF44, 0xFF12, 0xFEBE, 0xFEE8,  0xFE93, 0xFE4B, 0xFE75, 0xFE13,
  0xFE6B, 0xFD0D, 0xFCFC, 0xFBF4,  0xFBB4, 0xFBA5, 0xFAE6, 0xFB49,
  0xFA89, 0xFB4F, 0xFB1F, 0xFB83,  0xFB64, 0xFA77, 0xFA4F, 0xF965,
  0xF88F, 0xF76E, 0xF618, 0xF61E,  0xF5A3, 0xF6A2, 0xF735, 0xF836,
  0xF990, 0xFA49, 0xFB87, 0xFB74,  0xFC53, 0xFB0C, 0xFAFD, 0xF9E7,
  0xFA0F, 0xF8CB, 0xF90A, 0xF8DC,  0xF956, 0xF93B, 0xF920, 0xFA20,
  0xF9D9, 0xFBB1, 0xFA5B, 0xFEE8,  0xFF1F, 0x0318, 0x0273, 0x0568,
  0x08E1, 0x088E, 0x0B2C, 0x08CA,  0x0B72, 0x098D, 0x0AAA, 0x0963,
  0x0947, 0x097A, 0x0A43, 0x0A94,  0x0B3F, 0x0AEC, 0x0AD5, 0x0B29,
  0x0AD8, 0x0AAB, 0x083F, 0x0877,  0x06A0, 0x0797, 0x0598, 0x058F,
  0x0479, 0x04BA, 0x04D1, 0x03F7,  0x038F, 0x022B, 0x020E, 0x019B,
  0x01C7, 0x008D, 0x0082, 0x002A,  0x0189, 0x0143, 0x01BF, 0x0180,
  0x0175, 0x01AC, 0x0189, 0x012E,  0xFFAD, 0xFF56, 0xFEEE, 0xFF04,
  0xFEAD, 0xFE24, 0xFE00, 0xFE04,  0xFE38, 0xFE4F, 0xFDD4, 0xFDE0,
  0xFE16, 0xFEC1, 0xFF4C, 0xFF5E,  0xFFF5, 0x00A8, 0x0140, 0x01C1,
  0x0117, 0x0093, 0xFF57, 0xFEBF,  0xFDFD, 0xFC7F, 0xFC00, 0xFB41,
  0xFBB2, 0xFAF1, 0xFBBE, 0xFBAC,  0xFC11, 0xFCE9, 0xFCE2, 0xFD45,
  0xFC46, 0xFBC9, 0xFA9B, 0xF9E9,  0xF8E3, 0xF7B9, 0xF739, 0xF76F,
  0xF756, 0xF88D, 0xF8DE, 0xF9E6,  0xFA4B, 0xFB54, 0xFB6F, 0xFB0B,
  0xFB15, 0xF986, 0xF937, 0xF7CF,  0xF821, 0xF6BE, 0xF728, 0xF6C0,
  0xF77F, 0xF73F, 0xF824, 0xF94C,  0xF9ED, 0xFBD8, 0xFBC4, 0xFF97,
  0x001D, 0x0241, 0x0284, 0x04F3,  0x0653, 0x067F, 0x072C, 0x06EA,
  0x07B8, 0x0700, 0x0845, 0x07B9,  0x0832, 0x0808, 0x08A1, 0x0926,
  0x08CA, 0x0851, 0x0833, 0x0807,  0x0836, 0x0752, 0x0713, 0x06F8,
  0x0698, 0x06FD, 0x0667, 0x06B6,  0x05BE, 0x05D7, 0x056D, 0x04F4,
  0x03B3, 0x035B, 0x02E9, 0x02F4,  0x0331, 0x0325, 0x03C0, 0x036F,
  0x0437, 0x0355, 0x0358, 0x0251,  0x019F, 0x014B, 0x00F2, 0x0133,
  0x00B0, 0x0115, 0x0104, 0x0111,  0x00B9, 0xFFD4, 0xFEF2, 0xFDFD,
  0xFDC8, 0xFDB0, 0xFD9D, 0xFE71,  0xFF4C, 0x00A0, 0x01B1, 0x0280,
  0x02C7, 0x0240, 0x0241, 0x0154,  0x008E, 0xFF78, 0xFE1F, 0xFD99,
  0xFD17, 0xFD3F, 0xFCEC, 0xFD1E,  0xFDB0, 0xFDE0, 0xFE75, 0xFE3A,
  0xFDD5, 0xFCC7, 0xFC5E, 0xFBBA,  0xFB15, 0xFAA9, 0xFA47, 0xFA27,
  0xFA4B, 0xFAD3, 0xFAA0, 0xFA9E,  0xFA09, 0xFA08, 0xF9BA, 0xF989,
  0xF945, 0xF983, 0xFA8C, 0xFB3F,  0xFC5E, 0xFC88, 0xFCDE, 0xFCE1,
  0xFCC2, 0xFCD5, 0xFBF7, 0xFB46,  0xFA86, 0xF9E7, 0xF9A9, 0xF8A3,
  0xF8C9, 0xF831, 0xF87F, 0xF8FA,  0xF9DA, 0xFB7D, 0xFAFF, 0xFCE6,
  0xFDDF, 0xFFD0, 0x00AF, 0x0121,  0x0261, 0x0208, 0x03A1, 0x037D,
  0x03B3, 0x03CB, 0x0438, 0x0574,  0x05A5, 0x067C, 0x06AF, 0x06EF,
  0x079A, 0x07A2, 0x07E4, 0x07B2,  0x0790, 0x07E4, 0x07F1, 0x0853,
  0x0793, 0x078D, 0x0713, 0x06DA,  0x0696, 0x0575, 0x051C, 0x0412,
  0x0446, 0x03FD, 0x0369, 0x0347,  0x02B7, 0x0316, 0x0306, 0x02ED,
  0x02EF, 0x02D5, 0x03F2, 0x036F,  0x0374, 0x02DD, 0x0288, 0x0253,
  0x0153, 0x0122, 0xFF9B, 0xFF6D,  0xFF07, 0xFED3, 0xFEBC, 0xFED3,
  0xFF60, 0xFF97, 0x0059, 0x007C,  0x009E, 0x007A, 0x005F, 0x0048,
  0xFFDE, 0xFF73, 0xFF02, 0xFED7,  0xFF09, 0xFEE9, 0xFEFF, 0xFEEE,
  0xFEEE, 0xFF1B, 0xFEED, 0xFE8D,  0xFE0C, 0xFDE8, 0xFDFC, 0xFE21,
  0xFDD3, 0xFDDB, 0xFD96, 0xFDC9,  0xFDBC, 0xFD2C, 0xFCF3, 0xFC5D,
  0xFC18, 0xFBCD, 0xFBB4, 0xFB95,  0xFB18, 0xFB06, 0xFB05, 0xFB49,
  0xFB00, 0xFAEF, 0xFA58, 0xFA40,  0xFAC3, 0xFA21, 0xFAA2, 0xFA0D,
  0xFA87, 0xFA13, 0xFA1D, 0xF99C,  0xF871, 0xF8B3, 0xF833, 0xF803,
  0xF856, 0xF9D1, 0xFA81, 0xFB90,  0xFC90, 0xFE59, 0xFEC2, 0xFF80,
  0x0021, 0x0001, 0x00EF, 0x0118,  0x0203, 0x0256, 0x0328, 0x044A,
  0x0489, 0x0553, 0x0572, 0x05D1,  0x05D7, 0x0557, 0x05CD, 0x05B4,
  0x05F0, 0x05CC, 0x065A, 0x06B7,  0x0683, 0x0676, 0x0610, 0x05BD,
  0x04F9, 0x04E4, 0x0457, 0x0437,  0x0479, 0x0458, 0x046F, 0x0427,
  0x040B, 0x03FA, 0x034C, 0x0307,  0x02D7, 0x02C0, 0x02C6, 0x02DA,
  0x02F7, 0x0291, 0x0252, 0x01C1,  0x0129, 0x00AF, 0xFFBC, 0xFFB2,
  0xFF8E, 0xFFAB, 0xFFDC, 0xFFE2,  0x003C, 0xFFF4, 0x002B, 0xFFA1,
  0xFF34, 0xFF05, 0xFECF, 0xFECC,  0xFF30, 0xFF9A, 0xFFEA, 0x004C,
  0xFFF9, 0x00F0, 0x0093, 0x0061,  0x004F, 0xFF66, 0x0043, 0xFFAF,
  0x00CB, 0x009A, 0x00A5, 0x01C0,  0xFF69, 0xFEEA, 0xFEC4, 0xFD41,
  0xFCB6, 0xFE05, 0xFDBB, 0xFE25,  0xFEB1, 0xFE88, 0xFF1A, 0xFEAF,
  0xFE60, 0xFD55, 0xFC3C, 0xFC66,  0xFC51, 0xFC3C, 0xFC60, 0xFC7D,
  0xFD3A, 0xFDAB, 0xFDD3, 0xFE1F,  0xFE17, 0xFDC5, 0xFDF7, 0xFDCD,
  0xFDEF, 0xFDE9, 0xFDE8, 0xFDCE,  0xFD9A, 0xFD67, 0xFD07, 0xFC9B,
  0xFBDF, 0xFBC0, 0xFBBC, 0xFBC7,  0xFBDF, 0xFC5D, 0xFCA6, 0xFD2B,
  0xFD3F, 0xFD31, 0xFD43, 0xFD37,  0xFD80, 0xFD82, 0xFDEF, 0xFE3F,
  0xFE6C, 0xFF15, 0xFF7F, 0x0025,  0x0067, 0x00EF, 0x0182, 0x01D8,
  0x0284, 0x0265, 0x02C6, 0x0350,  0x03B5, 0x0438, 0x047E, 0x04EC,
  0x04C5, 0x051B, 0x04E3, 0x046E,  0x0438, 0x045F, 0x0475, 0x0439,
  0x0537, 0x04F0, 0x0544, 0x054B,  0x0423, 0x0392, 0x0350, 0x0305,
  0x026F, 0x031B, 0x0385, 0x02ED,  0x02E4, 0x0369, 0x01EF, 0x0209,
  0x01E4, 0xFFA1, 0xFFF8, 0x002F,  0x0012, 0x006E, 0x008C, 0x01A9,
  0x009D, 0x0070, 0x0132, 0xFEED,  0x0027, 0x007D, 0xFEEA, 0x0057,
  0x00FA, 0xFF38, 0x0062, 0x00EF,  0xFF1F, 0x0017, 0x0026, 0xFF3C,
  0xFE89, 0x0034, 0xFEA6, 0xFEE8,  0x008F, 0xFF0A, 0xFFC4, 0xFFF7,
  0xFF9E, 0xFE71, 0xFF2F, 0xFE76,  0xFDE3, 0xFFB1, 0xFE10, 0xFEA8,
  0xFFEC, 0xFF23, 0xFDC0, 0xFF27,  0xFEF3, 0xFCDC, 0xFEE2, 0xFEDC,
  0xFDF0, 0xFE4E, 0xFDFC, 0xFC25,  0xFD27, 0xFDE4, 0xFCAE, 0xFE29,
  0xFEA0, 0xFE09, 0xFE4F, 0xFE58,  0xFE34, 0xFE6B, 0xFD3B, 0xFC7E,
  0xFC67, 0xFB79, 0xFB22, 0xFAA5,  0xFB74, 0xFC5E, 0xFC2A, 0xFCC1,
  0xFDB6, 0xFD7E, 0xFCDD, 0xFD0E,  0xFC41, 0xFCB1, 0xFC69, 0xFCD9,
  0xFD97, 0xFDE5, 0xFF05, 0xFF5E,  0xFFC8, 0x0039, 0x009B, 0x0059,
  0x00D4, 0x017E, 0x01FD, 0x02A2,  0x02CF, 0x032C, 0x0418, 0x03BA,
  0x039F, 0x03AF, 0x0375, 0x037A,  0x038C, 0x0358, 0x0379, 0x03B3,
  0x03C7, 0x0369, 0x03B0, 0x03B4,  0x0313, 0x036B, 0x0298, 0x02F0,
  0x02A5, 0x0240, 0x02C4, 0x02DA,  0x0307, 0x033F, 0x0242, 0x0350,
  0x026A, 0x01FA, 0x02C9, 0x0173,  0x01D7, 0x01A7, 0x004D, 0x009D,
  0x008E, 0x0075, 0x009A, 0x0129,  0x0242, 0xFF7F, 0x015D, 0x017D,
  0xFFC7, 0x013D, 0x00EE, 0x018C,  0x0137, 0xFEBE, 0x0111, 0xFE41,
  0x008A, 0xFD84, 0x0111, 0x01BD,  0xFC7A, 0x01BC, 0xFDF4, 0x0043,
  0xFC78, 0x0151, 0xFF00, 0xFEB8,  0xFFDA, 0xFE73, 0x002A, 0xFD34,
  0xFF89, 0xFE83, 0xFDC4, 0xFD57,  0xFF48, 0xFDA5, 0xFD9E, 0xFF53,
  0xFEB5, 0xFCD5, 0x0018, 0xFC96,  0xFCF7, 0x012A, 0xFB9D, 0xFE85,
  0x00E7, 0xFC3E, 0xFEEC, 0xFDDF,  0xFDA6, 0xFF7D, 0xFCA3, 0xFF8F,
  0xFDC2, 0xFDEC, 0xFE8D, 0xFDE4,  0xFE17, 0xFE06, 0xFEBA, 0xFED2,
  0xFDA8, 0xFEB9, 0xFED8, 0xFD31,  0xFFED, 0xFD82, 0xFF03, 0xFF07,
  0xFE8F, 0xFEF7, 0xFE72, 0xFF8B,  0xFE8A, 0xFF45, 0xFEB4, 0xFFC0,
  0xFFB8, 0xFEF4, 0xFF7E, 0x00C4,  0xFEEB, 0x0013, 0x00FB, 0xFEEF,
  0x011B, 0x00AF, 0xFFA2, 0x00AF,  0x00F7, 0x015F, 0x0076, 0x0205,
  0x02B8, 0x00D9, 0x020C, 0x022C,  0x01B2, 0x0102, 0x0309, 0x00BD,
  0x0245, 0x023B, 0x01F0, 0x02C9,  0x01C4, 0x02C6, 0x01EB, 0x0165,
  0x0338, 0x00DD, 0x02B2, 0x03C3,  0xFFF7, 0x0594, 0x0044, 0x0390,
  0x0260, 0x0015, 0x0447, 0x02C2,  0xFEDB, 0x038E, 0x0185, 0xFF92,
  0x0312, 0x02CF, 0x004D, 0x0139,  0x0696, 0xF96C, 0x06D5, 0xFFDF,
  0xFD18, 0x04E5, 0xFDD9, 0x00C0,  0x003D, 0xFDDF, 0x0077, 0x022C,
  0xFA13, 0x0518, 0xFD90, 0xFCE5,  0x0271, 0xFC22, 0x0069, 0xFF00,
  0xFF49, 0xFCD2, 0x0227, 0xFC85,  0xFD09, 0x0285, 0xFB8C, 0x0049,
  0xFEAE, 0xFF52, 0xFE19, 0x0071,  0xFC6E, 0x012F, 0xFFF7, 0xF972,
  0x0664, 0xFA08, 0xFE85, 0x0354,  0xF91F, 0x0175, 0x0064, 0xFC28,
  0xFFEA, 0x00EE, 0xFB3E, 0x010C,  0x0088, 0xFCAB, 0x00BF, 0x001B,
  0x0029, 0xFDCA, 0x02F9, 0xFBAF,  0x0143, 0x001E, 0xFC3E, 0x04EF,
  0xFA32, 0x031C, 0x0111, 0xFAD4,  0x044B, 0xFD96, 0xFEC4, 0x0008,
  0xFFD6, 0xFDB5, 0x00A3, 0x0141,  0xFBDF, 0x034E, 0xFF19, 0xFE74,
  0x0005, 0x0382, 0xFABC, 0x0395,  0x0078, 0xFCCE, 0x04AD, 0xFA77,
  0x05C3, 0xFD9F, 0x008C, 0x018F,  0x0047, 0xFFD5, 0xFE7F, 0x0382,
  0xFC34, 0x03A2, 0xFDAD, 0x0150,  0x0200, 0xFCD5, 0x0415, 0xFE4D,
  0xFF64, 0xFFAC, 0x0252, 0xFF30,  0xFFF2, 0x00A6, 0x0042, 0x016B,
  0xFCC0, 0x02D0, 0xFF33, 0xFFD2,  0x00B0, 0xFF78, 0x0126, 0xFEAB,
  0x0245, 0xFCA4, 0x038F, 0x0074,  0xFC68, 0x067D, 0xFBF4, 0x016F,
  0x017B, 0x0087, 0xFFAC, 0x0233,  0xFFA1, 0x0077, 0x042F, 0xFCBD,
  0x02AF, 0xFFE4, 0x017B, 0xFEA4,  0x0220, 0x0058, 0xFF46, 0x0316,
  0xFCAA, 0x0314, 0x0180, 0xFE44,  0x0259, 0xFF1F, 0x014D, 0x00AE,
  0xFF6F, 0x0327, 0xFE9E, 0x01DC,  0x0154, 0xFDDA, 0x02F6, 0xFE4B,
  0xFF16, 0x027A, 0xFEBE, 0xFF38,  0x0190, 0x012F, 0xFEA7, 0x0257,
  0x0027, 0xFFF5, 0xFF75, 0xFEC2,  0xFF24, 0x01A2, 0xFF4C, 0xFD42,
  0x04B5, 0xFBD5, 0x0144, 0x0142,  0xFDD9, 0x01A2, 0xFE69, 0x0233,
  0xFD40, 0x0010, 0x0144, 0xFF0D,  0xFE47, 0x0170, 0x0033, 0xFD2B,
  0x035A, 0xFCBD, 0x0171, 0xFE49,  0xFDC2, 0x0333, 0xFC75, 0xFED1,
  0x019A, 0xFB62, 0x0124, 0xFFAE,  0xFA34, 0x0413, 0xFC88, 0xFE3B,
  0x0392, 0xFADE, 0xFFEC, 0x0009,  0xFDC8, 0x0282, 0xFB0F, 0x0453,
  0xFCE3, 0x0084, 0xFEFA, 0x0102,  0xFFCD, 0xFFE0, 0x0341, 0xFA4C,
  0x06C6, 0xFAEE, 0x02B7, 0xFFB8,  0x0083, 0xFE4D, 0x0311, 0x0122,
  0xFCB5, 0x056A, 0xFDFC, 0xFDD9,  0x0365, 0xFFED, 0xFD18, 0x02E6,
  0x0174, 0xFC69, 0x0301, 0x012C,  0xF98D, 0x06D8, 0xFA48, 0x021D,
  0x0163, 0xFEFA, 0x012E, 0xFEED,  0x021F, 0xFE41, 0x0144, 0x010C,
  0x00CF, 0x00F9, 0xFF8C, 0x0162,  0xFF02, 0x0019, 0x04E2, 0xFB17,
  0x03EA, 0x014B, 0xFE19, 0x0040,  0x02A2, 0xFE67, 0x0042, 0x0322,
  0xFDA6, 0x02AF, 0xFDD3, 0x01F7,  0xFF26, 0x0127, 0x0126, 0xFE4A,
  0x017D, 0xFDAE, 0x0212, 0xFDDF,  0xFE3E, 0x0379, 0xFDAB, 0xFE95,
  0x02E8, 0xFC39, 0x028A, 0xFE09,  0xFDC0, 0x05BD, 0xF8FC, 0x02B5,
  0x0252, 0xFBD5, 0x010B, 0x00E1,  0xFD99, 0x0156, 0xFFA5, 0xFEB2,
  0x005D, 0xFE1E, 0x00EB, 0x00C4,  0xFBFE, 0x0375, 0xFE6E, 0xFBFF,
  0x046C, 0xFA35, 0x034A, 0xFF2E,  0x00AE, 0xFF03, 0x004F, 0x001D,
  0xFEB0, 0x014D, 0xFD9F, 0x0349,  0xFE96, 0xFFF8, 0x003F, 0xFFE2,
  0xFE80, 0x0175, 0xFE51, 0x024F,  0xFE81, 0xFEB5, 0x0632, 0xF9E9,
  0x04EC, 0xFF33, 0x0053, 0x0333,  0xF9F6, 0x07CA, 0xF947, 0x0423,
  0xFD73, 0x01B0, 0xFF6A, 0xFF70,  0x042D, 0xF995, 0x069F, 0xFAF6,
  0x03A5, 0xFF3F, 0x0171, 0xFF35,  0x03B0, 0xFABD, 0x0431, 0xFFC3,
  0xF973, 0x090A, 0xF888, 0x024C,  0x04F6, 0xFA1B, 0x0367, 0x041B,
  0xF98A, 0x05C8, 0xFE3C, 0xFF14,  0xFF09, 0x018E, 0xFFB0, 0xFC13,
  0x0577, 0xFB5F, 0x027F, 0x00E9,  0xFE2D, 0x01EE, 0xFEA9, 0x01EB,
  0xFC64, 0x02ED, 0xFE8E, 0xFFD5,  0xFFC5, 0x0014, 0x0097, 0xFCA3,
  0x0437, 0xFCA1, 0x0056, 0x010F,  0xFFD2, 0xFF0A, 0x0155, 0xFF62,
  0xFE05, 0x01B2, 0xFCE8, 0x0471,  0xFC3A, 0xFFB8, 0x03E8, 0xF899,
  0x06B6, 0xFA2B, 0x03E9, 0xFEAC,  0x015E, 0x00D6, 0xFC40, 0x08B0,
  0xF2FF, 0x0B1E, 0xF875, 0x034A,  0x00B7, 0xFBED, 0x068C, 0xF7E4,
  0x0754, 0xFC03, 0x0082, 0xFF95,  0x00E6, 0xFCD7, 0x02A9, 0xFED1,
  0x0132, 0xFF42, 0xFF26, 0x0043,  0xFEAC, 0x020C, 0xFADE, 0x075F,
  0xFABB, 0x034A, 0xFEF4, 0xFF47,  0x0169, 0xFE46, 0x0059, 0xFED9,
  0x0353, 0xFAD0, 0x04E7, 0xFD34,  0x00A4, 0xFE7B, 0x0093, 0x0438,
  0xF881, 0x094C, 0xFA1E, 0x0279,  0x0172, 0xFBEA, 0x0719, 0xF957,
  0x0446, 0x0031, 0xFD73, 0x009E,  0x038F, 0xFB76, 0x01CA, 0x03C6,
  0xFA01, 0x0570, 0xFBCE, 0x02A6,  0xFE14, 0xFFC5, 0x0479, 0xFB49,
  0x039B, 0xFCA1, 0x046F, 0xFB9C,  0x013D, 0x029C, 0xFD04, 0x041C,
  0xFC59, 0x0208, 0x035C, 0xFC45,  0x001B, 0x0718, 0xF5BF, 0x04C6,
  0x0301, 0xF6C2, 0x0697, 0xFE8A,  0xFCB1, 0x046D, 0xFE3D, 0xFE7F,
  0x003C, 0x0014, 0xFE7A, 0x0293,  0xFC2E, 0x036D, 0x000E, 0xFAEA,
  0x06A1, 0xF886, 0x058D, 0xFB47,  0x037D, 0xFE6A, 0xFDA9, 0x07EA,
  0xF482, 0x0991, 0xFDA1, 0xFCC5,  0x03F8, 0xFF21, 0xFF4F, 0xFEBD,
  0x0390, 0xFC2C, 0x0291, 0xFD8B,  0x00CD, 0x011F, 0xFD90, 0x030A,
  0x0051, 0xFFC1, 0xFE98, 0x022B,  0xFBC9, 0xFFC4, 0x03B0, 0xFBBD,
  0x05B3, 0xFCA8, 0x0282, 0x00CC,  0xFAF0, 0x0697, 0xF98F, 0x0333,
  0xFEAF, 0xFFD9, 0x00F3, 0xFF36,  0x00A6, 0x01A3, 0xFE6E, 0x0015,
  0x026B, 0xFCBF, 0x02A6, 0xFF82,  0xFD8E, 0x056C, 0xFBED, 0xFF61,
  0x0755, 0xF54A, 0x087B, 0xFC5B,  0xFE47, 0x03B5, 0xFC9C, 0x035A,
  0xFC3D, 0x0581, 0xFB50, 0x026D,  0xFFB9, 0xFEB8, 0x0510, 0xF897,
  0x077B, 0xFB44, 0x001B, 0x0141,  0xFCC4, 0x04AA, 0xFBF5, 0x00A4,
  0x0247, 0x00A7, 0xFC1A, 0x0468,  0x0085, 0xFACC, 0x03F9, 0xFF13,
  0xFDCF, 0x02F3, 0xFEA0, 0x002D,  0x004C, 0xFE5A, 0xFFE7, 0x01FC,
  0xFC2C, 0x031B, 0xFFDA, 0x0068,  0xFE38, 0x0328, 0xFE27, 0xFE76,
  0x03D5, 0xF918, 0x05DA, 0xFCA1,  0xFEBD, 0x02B4, 0xFF94, 0xFDB7,
  0x0085, 0x0323, 0xFC43, 0x00E9,  0x03E6, 0xFAB1, 0x02F3, 0xFDA9,
  0x0296, 0xFED0, 0xFDB0, 0x0468,  0xFC83, 0x0017, 0x0271, 0xFF99,
  0xFD95, 0x03E9, 0xFBA1, 0x0356,  0xFE27, 0x00AF, 0xFEF1, 0x02A3,
  0xFE97, 0xFB2B, 0x097B, 0xF7A3,  0x0209, 0x0386, 0xFD8F, 0x0232,
  0xFD39, 0x05B0, 0xFC10, 0xFEFD,  0x068D, 0xF624, 0x06A6, 0xFF73,
  0xFB62, 0x069E, 0xF976, 0x050F,  0xFCB4, 0x034D, 0xFED2, 0xFD29,
  0x0737, 0xF677, 0x069D, 0x0336,  0xF5FE, 0x0960, 0xFE88, 0xF766,
  0x0B58, 0xF77F, 0x0340, 0xFF72,  0x0238, 0xFDB8, 0x0154, 0x0541,
  0xF45E, 0x0CB7, 0xF891, 0x0011,  0x07C1, 0xF96A, 0x0157, 0x044F,
  0xF9CA, 0x0282, 0xFE06, 0x0042,  0x023C, 0xFB42, 0x04DF, 0xFED6,
  0xFCA5, 0x0410, 0xFD09, 0x0077,  0x024D, 0xFBDE, 0x038F, 0xFF61,
  0xFF11, 0xFF63, 0x03E4, 0xF852,  0x06B6, 0xFE1C, 0xFC3C, 0x08CC,
  0xF66C, 0x05C8, 0x025A, 0xF93C,  0x03EC, 0x0320, 0xFA1E, 0x01A0,
  0x0613, 0xF7A2, 0x0546, 0x00A4,  0xF7DF, 0x0AFF, 0xF5A7, 0x0472,
  0x0620, 0xF6BD, 0x04B6, 0xFF7E,  0xFC12, 0x01D4, 0x0078, 0xFB55,
  0x0AA8, 0xF5AD, 0x06F3, 0x00B3,  0xF9AA, 0x0843, 0xF799, 0x05EF,
  0xFB1A, 0x0301, 0xFD75, 0x0157,  0x0067, 0x00B5, 0x007D, 0xFD88,
  0x046C, 0xFB60, 0x0307, 0x00AD,  0xFAAC, 0x06C4, 0xFC8C, 0xFCAD,
  0x08EC, 0xF536, 0x0759, 0x000C,  0xFB5D, 0x05BB, 0xFD83, 0x00D5,
  0xFEAE, 0x0222, 0xFE99, 0x004B,  0x00F8, 0xFCA0, 0x06D0, 0xF981,
  0x028E, 0x0164, 0xFBF1, 0x0460,  0xF9E8, 0x058B, 0xFED1, 0xFBD2,
  0x0804, 0xFB73, 0xFECA, 0x0356,  0xFE01, 0x0071, 0xFD67, 0x04B4,
  0xFB62, 0x027E, 0x01F2, 0xFB5D,  0x0481, 0xFE39, 0xFD92, 0x04C7,
  0xFC3F, 0x0046, 0x02CA, 0xFE18,  0xFFFD, 0x01AC, 0xFDED, 0xFF35,
  0x0488, 0xF7D4, 0x083A, 0xFBAE,  0xFF28, 0x0578, 0xFA66, 0x0240,
  0xFD7F, 0x0415, 0xF9C5, 0x052D,  0x0104, 0xFBAB, 0x03E6, 0xFC8E,
  0x01A1, 0x004B, 0xFD11, 0x0393,  0xFF03, 0xFB86, 0x0997, 0xF864,
  0x0094, 0x046A, 0xF9CD, 0x0414,  0xFEA9, 0xFE5F, 0x030C, 0xFF81,
  0xFE9E, 0xFE69, 0x04EE, 0xFA65,  0xFFEB, 0x05FB, 0xFB49, 0x00EB,
  0x020D, 0xFF4D, 0xFF34, 0x003C,  0x00F3, 0xFE40, 0xFF4D, 0x0330,
  0xFCBE, 0x02AD, 0xFCD5, 0x056A,  0xF70F, 0x09F0, 0xFA5F, 0xFD0F,
  0x0AE6, 0xF32F, 0x09BF, 0xFD88,  0xFAA8, 0x07E0, 0xFCB4, 0xF87D,
  0x0F12, 0xF167, 0x084D, 0xFFF5,  0xFB97, 0x041D, 0xFF7D, 0x00C6,
  0xFAA5, 0x0C43, 0xF158, 0x09DC,  0x00AB, 0xF84C, 0x0A0A, 0xFA12,
  0x005F, 0x0391, 0xF957, 0x0751,  0xFCE4, 0xFDC8, 0x04F3, 0xFCF9,
  0xFF7E, 0x0256, 0xFD5C, 0xFF50,  0x03D3, 0xFB9F, 0x007E, 0x00AA,
  0x0204, 0xF764, 0x0AB5, 0xFA52,  0x0096, 0x0423, 0xFC52, 0x00BB,
  0x02DA, 0xFE0D, 0xFCA6, 0x09B9,  0xF339, 0x0856, 0xFD9B, 0xFD64,
  0x03A3, 0xFFC2, 0xFCD1, 0x063C,  0xF9C2, 0x0114, 0x031D, 0xF944,
  0x065A, 0xF93F, 0x071E, 0xFC68,  0x0023, 0x038F, 0xFC9F, 0x01EC,
  0xFD92, 0x0014, 0x0222, 0xFBDC,  0x032E, 0xFC90, 0x038B, 0xFFB6,
  0xFDD8, 0x0429, 0xFD14, 0x0348,  0xFFEA, 0xFB7E, 0x0619, 0xF97A,
  0x00A8, 0x05B6, 0xF666, 0x0711,  0xFED7, 0xFB7E, 0x04B1, 0x0024,
  0xFA74, 0x08CB, 0xFA5E, 0xFD3C,  0x062B, 0xFBDA, 0x005C, 0x0214,
  0xFE61, 0x0082, 0x004F, 0x00F6,  0xFC3B, 0x0428, 0xFED3, 0xFFB6,
  0x028F, 0xFDFD, 0x02F7, 0xFE54,  0x0403, 0xF6E0, 0x0B6F, 0xF423,
  0x059D, 0xFFC5, 0xFCB3, 0x0720,  0xF6EC, 0x0770, 0xFC34, 0x00AF,
  0xFCE7, 0x061C, 0xF617, 0x099D,  0xFBF4, 0xFDFF, 0x0603, 0xF7C8,
  0x0903, 0xF942, 0x0410, 0xFF13,  0x00E1, 0x00DF, 0xFA8D, 0x086B,
  0xF826, 0x0426, 0x0135, 0xFB7E,  0x0656, 0xFAC4, 0x0482, 0xFBAF,
  0x01EA, 0xFFEC, 0xFC15, 0x048A,  0xFF48, 0xFB8D, 0x06CF, 0xFCAB,
  0x00C5, 0xFE5F, 0x0130, 0xFF78,  0xFC68, 0x07E7, 0xF752, 0x07DB,
  0xFBE4, 0x01A6, 0xFF34, 0x0166,  0xFD53, 0x02C8, 0xFF34, 0xFB97,
  0x0838, 0xF7DC, 0x0516, 0xFF08,  0xFF29, 0xFD99, 0x04D6, 0xFE81,
  0xFC00, 0x0979, 0xF5B0, 0x08AA,  0xFAC9, 0xFFC3, 0x06BB, 0xF489,
  0x0CA4, 0xF467, 0x0866, 0xFB83,  0x006A, 0x03DB, 0xF813, 0x09B1,
  0xF763, 0x06A0, 0xFCBA, 0x0169,  0x0098, 0xFFF0, 0xFE25, 0x010D,
  0x0236, 0xF90C, 0x0A22, 0xF79E,  0x058F, 0xFD0B, 0x021D, 0x01E3,
  0xF7DE, 0x0AC3, 0xF8CA, 0x02AE,  0xFADD, 0x08BA, 0xF87F, 0xFECE,
  0x09CC, 0xF240, 0x0971, 0xFF36,  0xF7E3, 0x0E52, 0xF50A, 0x016C,
  0x0A1C, 0xF02B, 0x0B86, 0xFEE5,  0xF79B, 0x0D08, 0xF632, 0x0291,
  0x082C, 0xF29D, 0x0C69, 0xF801,  0x047D, 0xFCFE, 0x023D, 0x00CC,
  0xFB06, 0x0A0D, 0xF226, 0x0CCE,  0xF4CE, 0x05F7, 0x029E, 0xF4A1,
  0x0FA4, 0xF4FD, 0x0363, 0x0359,  0xFB09, 0x00DB, 0x052F, 0xF7F0,
  0x0484, 0x04BB, 0xF633, 0x07F2,  0xFC44, 0x00D3, 0xFBF1, 0x06E7,
  0xFA93, 0x008F, 0x046D, 0xF9B3,  0x04F4, 0x00EE, 0xFB96, 0x021F,
  0x0241, 0xF72F, 0x0893, 0xFA21,  0x02A2, 0x015C, 0x000E, 0xFF6C,
  0xFE8F, 0x055C, 0xF8C5, 0x0475,  0xFDA1, 0x02E7, 0xFD92, 0xFE2E,
  0x0679, 0xF652, 0x07CF, 0xFFED,  0xF97A, 0x0AD6, 0xF837, 0x03DB,
  0xFF04, 0xFF1F, 0x0129, 0xFDCB,  0x02A8, 0xFCAC, 0x03C0, 0xFAEB,
  0x0502, 0xFB74, 0x0389, 0xFCCB,  0x0056, 0x0281, 0xFB3A, 0x0621,
  0xFB6C, 0x0323, 0xFDAB, 0xFF85,  0x0196, 0xFBB4, 0x01D6, 0xFFDE,
  0xFFA9, 0x046F, 0xFD72, 0x033D,  0xFCE4, 0x0209, 0xFECF, 0xFD6A,
  0x056D, 0xFC29, 0x017D, 0x0240,  0xFD10, 0x0324, 0xFC3B, 0x03A6,
  0xFFA6, 0xFAA4, 0x099F, 0xF647,  0x050F, 0x0083, 0xFAFC, 0x0651,
  0xFAD6, 0x0210, 0xFE98, 0x00F1,  0xFDAB, 0xFEC2, 0x0576, 0xF7CB,
  0x0751, 0x01A3, 0xF80A, 0x07B6,  0xFC77, 0xFBE5, 0x074A, 0xFA60,
  0x0290, 0xFF48, 0x02C4, 0xFB84,  0x03E2, 0x013C, 0xF904, 0x0789,
  0xFBEF, 0x008F, 0x011D, 0x0145,  0xFC45, 0x0806, 0xF451, 0x0AF3,
  0xF772, 0x02E5, 0x02AB, 0xFBBA,  0x0333, 0xFBF5, 0x06AB, 0xF800,
  0x068D, 0xFBD9, 0x05EF, 0xF7F6,  0x06B1, 0xFC58, 0x002D, 0x0068,
  0x0163, 0xFCFD, 0x0336, 0xFF0E,  0xFCFC, 0x04EF, 0xFC05, 0x0230,
  0xFF19, 0xFFFE, 0xFFFF, 0x00B3,  0xFABC, 0x0808, 0xF825, 0x052B,
  0x00DF, 0xFE21, 0xFE94, 0x07FC,  0xF5C9, 0x089A, 0xFCA1, 0xFDF9,
  0x051E, 0xF9CB, 0x04AB, 0xFA55,  0x04E4, 0xFB1C, 0x045D, 0xFD59,
  0xFECC, 0x01B0, 0x012E, 0xF8E2,  0x0A07, 0xFA12, 0x0533, 0xFB2A,
  0x0355, 0xFCF6, 0x000F, 0x011B,  0xFCF6, 0x04B0, 0xFE75, 0xFF0E,
  0x010A, 0x048A, 0xF5E8, 0x0C9D,  0xF306, 0x0BE2, 0xF95F, 0x0216,
  0xFDA6, 0x029A, 0xFCD1, 0x01CC,  0x012A, 0xFDA7, 0x01F4, 0xFCF0,
  0x04C3, 0xFB03, 0x0446, 0xFA9D,  0x097F, 0xF27F, 0x0D8F, 0xF943,
  0xFD3D, 0x0767, 0xFA8D, 0x00BA,  0x02DE, 0xFD9E, 0x0083, 0xFF43,
  0x029D, 0xFAC9, 0x02F3, 0x01BE,  0xFBDB, 0x0548, 0xFCE1, 0x0370,
  0xF9F1, 0x0556, 0xFBB0, 0x01B2,  0x0040, 0x029B, 0xFBC1, 0x0722,
  0xFA1A, 0xFFEA, 0x0511, 0xF5FB,  0x071B, 0xFDE1, 0xFB24, 0x0863,
  0xF9B2, 0x0103, 0x047D, 0xFC48,  0x001D, 0x04D5, 0xFAFC, 0x0164,
  0x03B0, 0xF969, 0x0687, 0xF96D,  0x0594, 0xFBAB, 0x035C, 0xFCDF,
  0x01CE, 0x00E8, 0xFCF0, 0x042E,  0x0011, 0xFB2A, 0x05E4, 0xFB63,
  0xFF71, 0x04ED, 0xFC74, 0xFF8F,  0x04A5, 0xFC93, 0xFBE4, 0x098B,
  0xF43A, 0x0859, 0xFBDF, 0x02D7,  0xFEC0, 0x00B7, 0xFFFF, 0xFED5,
  0x0271, 0xFD18, 0x0125, 0x0321,  0xFC04, 0x0003, 0x0462, 0xF9FF,
  0x0299, 0xFFB1, 0x0113, 0xFFA6,  0xFECA, 0x055A, 0xFB3E, 0xFFBA,
  0x0744, 0xF5B3, 0x0707, 0xFD86,  0xFF9A, 0x014D, 0xFEAE, 0xFE47,
  0x035D, 0xFDD1, 0xFF11, 0x040E,  0xFE1B, 0xFFA4, 0x011A, 0x0106,
  0xFD28, 0x0355, 0xFB71, 0x03F4,  0xFD39, 0xFFEE, 0x0266, 0xFC7F,
  0x0456, 0xFDEE, 0xFD53, 0x07D2,  0xF5A8, 0x06A7, 0xFECA, 0xFE6F,
  0x02C0, 0xFEEB, 0xFF82, 0xFF3D,  0x02C7, 0xFBDD, 0x034F, 0xFE11,
  0x01BB, 0xFCE0, 0x0363, 0xFC76,  0x017E, 0xFF55, 0x00A8, 0x024E,
  0xFC5F, 0x038B, 0xFE60, 0xFDB1,  0x0769, 0xF7F8, 0x06D8, 0xFCC9,
  0xFEC4, 0x0596, 0xF45A, 0x0ACA,  0xF8A9, 0x0157, 0x047D, 0xFE6A,
  0x01D5, 0xFC90, 0x04EA, 0xFB6F,  0xFE8F, 0x056E, 0xF940, 0x0424,
  0x001B, 0xFBC7, 0x0608, 0xFE3E,  0xFD33, 0x0486, 0xFC02, 0x00EE,
  0x009F, 0xFFEB, 0x012E, 0xFD0A,  0x04EE, 0xFB6C, 0xFDD5, 0x0764,
  0xF96D, 0x02BD, 0x01B1, 0xFE3B,  0xFF37, 0x0256, 0xFD20, 0x011E,
  0x0104, 0xFA68, 0x0B7F, 0xF2E9,  0x0B79, 0xFC59, 0xFE03, 0x04B0,
  0xF7D3, 0x06ED, 0xF858, 0x06A7,  0xFA43, 0x009F, 0x0694, 0xF7B2,
  0x06F8, 0xFEE5, 0xFBE6, 0x0622,  0xF9C4, 0x03D2, 0x0019, 0xFB1B,
  0x067B, 0xFCB2, 0xFC19, 0x0588,  0xFC92, 0xFEE0, 0x050F, 0xFA7A,
  0x033A, 0x004E, 0xFF70, 0xFE0F,  0x05AB, 0xFC86, 0x004D, 0x03F6,
  0xFC82, 0x018F, 0xFD92, 0x011D,  0xFD99, 0x029C, 0xFD7E, 0x02EC,
  0xFCFC, 0x0294, 0xFD26, 0x03EF,  0xFB57, 0x01E5, 0x0162, 0xFB3C,
  0x0599, 0xFD6D, 0xFF9F, 0x00C2,  0xFEC7, 0xFE4B, 0x0291, 0xFBA8,
  0x06A9, 0xFAA1, 0x0227, 0x0277,  0xFA82, 0x0233, 0x0278, 0xFC20,
  0x0642, 0xFBC9, 0x049B, 0xF9FB,  0x04F6, 0xFE95, 0xFD5A, 0x041B,
  0xF9CA, 0x081C, 0xF7FE, 0x07A8,  0xF99A, 0x0646, 0xFC7A, 0x00C6,
  0x0030, 0xFF5C, 0xFE95, 0x0343,  0xFDF3, 0xFF54, 0x0551, 0xF630,
  0x0D25, 0xF488, 0x04FC, 0xFE47,  0xFCDD, 0x055D, 0xF859, 0x0566,
  0xFED4, 0x016A, 0xFB44, 0x0627,  0x00BD, 0xFAF3, 0x054F, 0xFBBE,
  0x03A6, 0xFD7E, 0x004C, 0x04BF,  0xFAC7, 0x00B0, 0x0149, 0x0053,
  0xFDC7, 0x0151, 0x0229, 0xFC39,  0x02F7, 0xFA73, 0x05B8, 0xFDA2,
  0xFB10, 0x08F2, 0xF73E, 0x04C7,  0x00FC, 0xFBD7, 0x03D5, 0xFE45,
  0x0004, 0x0211, 0xFDF5, 0x00AD,  0x0251, 0x0150, 0xFB9A, 0x03FA,
  0x022A, 0xF63D, 0x097B, 0xFC94,  0xFDEC, 0x0595, 0xFB5E, 0x02B7,
  0x0085, 0xF9AC, 0x030B, 0x0094,  0xF99C, 0x077F, 0xFB81, 0x01A5,
  0x02C0, 0xF82A, 0x069C, 0xFE22,  0xFAC4, 0x0895, 0xFAAC, 0x0081,
  0x0151, 0x0111, 0x01E6, 0xF8E2,  0x0A23, 0xFA7E, 0x00EF, 0xFF1E,
  0x0271, 0x005C, 0xFB34, 0x07AD,  0xFA64, 0x01D4, 0xFF54, 0x0006,
  0x0229, 0xFE78, 0xFFBA, 0x02A9,  0xFB0E, 0x001B, 0x0122, 0xFCA1,
  0x0256, 0xFFDD, 0xFF5E, 0x0014,  0x010C, 0xFC29, 0x04C0, 0xFC6D,
  0x03BE, 0xFE45, 0x01AD, 0x02F3,  0xF99F, 0x06FD, 0xFAA2, 0x010C,
  0x00F6, 0xFD71, 0x028D, 0xFF85,  0xFC9A, 0x05D5, 0xFB40, 0x0130,
  0x0165, 0x027D, 0xFADB, 0x03F3,  0x0386, 0xF7C5, 0x05C1, 0xFC64,
  0x01A6, 0xFA6E, 0x099F, 0xF773,  0x0547, 0x010F, 0xFC7B, 0x040A,
  0xFD34, 0x00E1, 0xFE49, 0x04E5,  0xF8C7, 0x06E7, 0xFA43, 0x0297,
  0x017C, 0xFCCD, 0x0081, 0xFFF6,  0xFB37, 0x058A, 0xFEA1, 0xFE3F,
  0x06B6, 0xFA6C, 0x03FD, 0xFD2B,  0x02B2, 0xFE98, 0xFE06, 0x0205,
  0xFEEC, 0xFDAC, 0x0446, 0xFB22,  0x0405, 0xFCAE, 0x0055, 0x0303,
  0xFA6E, 0x07C0, 0xFAC6, 0x02E1,  0xFF99, 0xFDC1, 0x0285, 0x001A,
  0xFBD2, 0x01E7, 0x0159, 0xFDFA,  0xFF62, 0x012C, 0x016F, 0xFBBD,
  0x0444, 0xFF15, 0x0123, 0x0030,  0xFCF7, 0x042D, 0xFDB3, 0x00B5,
  0xFF82, 0x0164, 0x003A, 0x00BB,  0xFCE6, 0xFFC7, 0x01D6, 0xFE83,
  0x006B, 0x007B, 0x0089, 0xFE08,  0x0357, 0xFACB, 0x04EF, 0xFC34,
  0x0303, 0xFF9B, 0xFFDD, 0x02F3,  0xFB73, 0x046B, 0xFA64, 0x0407,
  0xFCC1, 0x0034, 0x03EB, 0xFBBF,  0x00F6, 0x0362, 0xFE40, 0xFE75,
  0x02B3, 0xFF49, 0xFE19, 0x0419,  0xFB50, 0xFF29, 0x05A6, 0xF8D3,
  0x037E, 0x00ED, 0xFB87, 0x0511,  0xFBF1, 0x031F, 0x0019, 0xFCF4,
  0x035B, 0xFDDE, 0x016C, 0x0277,  0xFFB3, 0xFF7F, 0x01FF, 0xFCA8,
  0xFE18, 0x02C6, 0xFE45, 0xFC78,  0x09AD, 0xF820, 0x02C2, 0x00D6,
  0xFC52, 0x04C6, 0xF8AD, 0x0655,  0xFD02, 0x00F7, 0x01BC, 0xFC4F,
  0x0354, 0xFFCD, 0xFD59, 0x035F,  0xFD57, 0xFEAD, 0x022D, 0xFEBA,
  0xFFF4, 0x0229, 0xFC39, 0x0379,  0xFF03, 0xFF7D, 0x0180, 0xFEB3,
  0x01C7, 0xFCFC, 0x036C, 0xFDB5,  0xFF74, 0x0044, 0x002C, 0xFFF9,
  0x0131, 0xFEEC, 0x001E, 0xFF6A,  0xFFFD, 0xFEC2, 0xFE62, 0xFF60,
  0x042B, 0xFD16, 0x0293, 0x00FB,  0xFBD7, 0x0477, 0xFB24, 0x01AE,
  0xFF2C, 0x0140, 0xFC7B, 0x06BA,  0xFA74, 0x01E9, 0x0294, 0xF637,
  0x09D7, 0xF9F4, 0x024E, 0x03C6,  0xFECF, 0x00F8, 0x0086, 0xFDB2,
  0x0109, 0xFF76, 0xFE76, 0x0165,  0xFF6C, 0x0088, 0xFE29, 0x003B,
  0xFF73, 0xFEC5, 0xFF2A, 0x03EC,  0xFCF5, 0x0138, 0x0345, 0xFDF8,
  0x01B6, 0xFF0F, 0xFE69, 0x03E5,  0xF9D2, 0x03AA, 0x02DA, 0xFB3A,
  0x050C, 0xFCEC, 0x0263, 0xFF75,  0xFF1D, 0xFFB6, 0xFEEB, 0x022E,
  0xFE74, 0x0145, 0x011A, 0xFC41,  0x02EB, 0xFBF6, 0x033B, 0x00FB,
  0xFB4C, 0x0818, 0xF99D, 0xFF7A,  0x044F, 0xF726, 0x03D1, 0x0431,
  0xFB01, 0x0663, 0x0145, 0xFE61,  0xFF6A, 0x0212, 0xFBCA, 0x0210,
  0x0117, 0xFA35, 0x0969, 0xFB54,  0xFF6E, 0x04D9, 0xFA57, 0xFF1C,
  0x041B, 0xFBA6, 0x0228, 0x0513,  0xF987, 0x05F3, 0xFBAC, 0xFFC1,
  0x0010, 0xFE24, 0x00FB, 0xFF38,  0x02B8, 0xFE35, 0x03F2, 0xFB77,
  0x0344, 0xFCAD, 0xFD87, 0x0420,  0xFC13, 0x04F6, 0xFF98, 0xFF8B,
  0x0277, 0xFBA2, 0x01A3, 0xFCD0,  0x0267, 0x012F, 0xFF5F, 0x027D,
  0xFF4B, 0xFF32, 0xFE4B, 0xFFCC,  0xFD29, 0x0410, 0xFD93, 0x02E9,
  0x0170, 0xFF9C, 0xFE7A, 0xFFB5,  0xFF30, 0xFD16, 0xFF0C, 0x03E1,
  0xFE7F, 0xFEBC, 0x0686, 0xF82C,  0x02E2, 0x004B, 0xFA9E, 0x0403,
  0xFFDC, 0x01D0, 0xFF47, 0x017C,  0xFF35, 0xFBB7, 0x04F5, 0xFABE,
  0xFE28, 0x0464, 0xFEED, 0x0045,  0x04A1, 0xFB17, 0x021C, 0xFEFF,
  0xFCCA, 0x05FD, 0x001A, 0x0221,  0x007E, 0x012B, 0xFEF0, 0xFE6E,
  0xFD96, 0xFEB2, 0x012E, 0x00C1,  0xFEAF, 0x03F6, 0xFEFE, 0xFE79,
  0xFFE0, 0xFD01, 0xFE87, 0x0165,  0x0029, 0x006F, 0x0373, 0xFECA,
  0x007C, 0xFD00, 0x0020, 0xFEB0,  0xFE28, 0x059C, 0xFEDD, 0x0041,
  0x01D0, 0xFEF3, 0x006C, 0xFD1F,  0x0135, 0x0064, 0xFEFC, 0x0224,
  0x0293, 0xFC7E, 0x02B4, 0x013E,  0xF914, 0x03E3, 0xFDDC, 0xFFB6,
  0x01CA, 0x02A3, 0xFBBC, 0x0294,  0x02BD, 0xF69E, 0x071D, 0xFF65,
  0xFCB9, 0x0683, 0x0138, 0xFB97,  0x03AC, 0xFDA8, 0xFBAA, 0x023F,
  0xFF46, 0xFF2A, 0x0302, 0x01E8,  0xFDD9, 0x0446, 0xFE4F, 0xFD0C,
  0x04BE, 0xFA1C, 0x01D6, 0x0254,  0xFC81, 0x045F, 0xFC1F, 0x018D,
  0xFF27, 0xFDED, 0x0037, 0x0303,  0xFD21, 0x028F, 0x014A, 0xFD38,
  0x00A1, 0xFE1D, 0xFFA8, 0xFEB9,  0x03C4, 0xFC60, 0x02D2, 0x017D,
  0xFCE7, 0x0139, 0x01AF, 0xFC1B,  0x032D, 0x001F, 0x00D6, 0x00F4,
  0x00D9, 0x00A4, 0xFD5E, 0x00BC,  0xFE1E, 0xFED0, 0xFFB5, 0x04F2,
  0xFC9B, 0x0345, 0xFC74, 0xFE96,  0x0056, 0xFC3E, 0x025B, 0x00B8,
  0xFF99, 0xFF3F, 0x033C, 0xFE29,  0xFE8D, 0x013C, 0xFEF4, 0x0131,
  0x02A6, 0xFD49, 0x034C, 0x00DA,  0xFD39, 0x02FC, 0xFFAC, 0xFECD,
  0x00FC, 0x010C, 0xFE1D, 0x00D8,  0xFFE4, 0xFF1E, 0x00AA, 0xFED0,
  0x005F, 0xFF48, 0x0137, 0x001B,  0xFEBA, 0x0251, 0xFDBD, 0xFFF7,
  0x0223, 0xFCEA, 0x0240, 0x009F,  0xFD32, 0x00FF, 0x00E4, 0xFB22,
  0x0314, 0xFFDB, 0xFD99, 0x014E,  0x0133, 0x00DB, 0xFF89, 0xFFAB,
  0xFE4A, 0x01C4, 0xFC1A, 0x01A9,  0x00D2, 0xFF63, 0x024E, 0x00AC,
  0xFEBA, 0x0192, 0xFFB7, 0xFD9D,  0x02F8, 0x008F, 0xFDEF, 0x02B2,
  0xFEF4, 0xFC90, 0x0165, 0xFD3B,  0xFE93, 0x01D5, 0xFFD2, 0x006D,
  0x0187, 0x013E, 0xFE67, 0xFF5A,  0x0115, 0xFEE2, 0x00A9, 0xFF3E,
  0x0266, 0xFED9, 0xFFCA, 0x010A,  0xFF4B, 0x0013, 0x010B, 0x0098,
  0x0091, 0x0210, 0xFEC4, 0x00EA,  0xFD21, 0x00D7, 0xFECB, 0xFDB3,
  0x0521, 0xFBDF, 0x0189, 0x02F4,  0xFB20, 0x0206, 0xFE81, 0xFE79,
  0xFF14, 0x00AF, 0x0053, 0xFF29,  0x01DD, 0xFF5A, 0xFEB8, 0xFFE5,
  0x00E1, 0xFCEE, 0x043C, 0xFF52,  0x027E, 0x0340, 0xFF17, 0x0267,
  0xFCEE, 0x024D, 0xFF10, 0x0039,  0x0020, 0x019E, 0xFD5F, 0x005B,
  0x00A6, 0xFB37, 0x0155, 0x0048,  0xFE71, 0xFF8C, 0x022E, 0xFDF4,
  0x019B, 0xFEB9, 0xFE2E, 0x026B,  0xFD1F, 0x0121, 0x0197, 0xFEAB,
  0x033E, 0xFFBC, 0x003F, 0x00CE,  0xFF02, 0xFF64, 0x01C9, 0xFF94,
  0x001F, 0x0080, 0x0066, 0x0047,  0xFD3E, 0x0154, 0xFDE2, 0x00A1,
  0xFDD5, 0x0105, 0x00B6, 0xFF03,  0x00B4, 0xFF9F, 0x0000, 0xFDCB,
  0x0055, 0xFE80, 0x0304, 0xFE9A,  0x0101, 0x0160, 0xFE0E, 0x001E,
  0xFD63, 0x0181, 0xFF8A, 0x00FD,  0x01DD, 0xFF70, 0x0151, 0x0151,
  0xFE4A, 0x0131, 0xFFA8, 0xFECA,  0x011C, 0x0143, 0x0047, 0xFF1C,
  0x01CC, 0xFD4A, 0xFFF0, 0x00C1,  0xFE80, 0x003A, 0x014D, 0xFFCD,
  0x01DF, 0xFE9D, 0xFE95, 0x01B2,  0xFD7E, 0xFE8B, 0x0182, 0xFE2F,
  0xFF27, 0x01DD, 0xFDF2, 0x01B7,  0x00FE, 0xFE2B, 0x0159, 0x01B0,
  0xFE0F, 0x03A8, 0x00C9, 0x003B,  0x029B, 0xFE28, 0xFFA9, 0xFFB2,
  0xFEC0, 0xFEF2, 0x00F3, 0x0060,  0x002A, 0xFFB7, 0xFF80, 0xFE99,
  0xFEC2, 0xFF00, 0xFE18, 0x0014,  0x0157, 0xFE86, 0x0210, 0x005E,
  0xFF34, 0x0093, 0xFF29, 0xFFAB,  0x02DD, 0x0045, 0x0159, 0x0290,
  0xFE84, 0x0214, 0xFDE2, 0x0100,  0xFECA, 0x00B0, 0x007E, 0xFED9,
  0x024C, 0xFCE0, 0xFE42, 0xFF38,  0xFCB2, 0xFF7D, 0x0083, 0xFE5B,
  0x026A, 0xFF65, 0xFFCD, 0x0086,  0xFEB2, 0xFEBE, 0x0127, 0x0069,
  0x000C, 0x0207, 0x010F, 0x0034,  0xFF82, 0x00AB, 0xFECA, 0x005D,
  0xFF4E, 0x02E8, 0x018C, 0x011B,  0x0147, 0xFE34, 0x004A, 0xFE0E,
  0xFF85, 0x000B, 0x01A9, 0x005B,  0x00AA, 0x00C0, 0xFED2, 0xFF3E,
  0xFEA1, 0xFEFC, 0xFFE1, 0x0069,  0x00BE, 0x0100, 0x0047, 0xFFDB,
  0xFF05, 0xFF83, 0xFF6A, 0x002D,  0x01B2, 0x0141, 0x026D, 0x00A6,
  0xFF37, 0xFF96, 0xFFB7, 0xFF72,  0x0041, 0x0163, 0x004D, 0x01BE,
  0xFE8B, 0x005C, 0xFEC2, 0xFE01,  0xFF4D, 0xFEFA, 0x0068, 0x002B,
  0x010C, 0xFFA6, 0x0059, 0xFE73,  0xFFCA, 0xFEA4, 0xFF97, 0x004B,
  0x00B7, 0x019E, 0x0041, 0xFFBD,  0xFEF8, 0xFF9C, 0xFF28, 0x010A,
  0x0063, 0x0149, 0x013D, 0x008B,  0x0028, 0xFFCD, 0xFF5F, 0xFEEF,
  0xFFD8, 0xFEE7, 0x0053, 0xFFF8,  0xFF86, 0x000E, 0xFF3A, 0xFF78,
  0xFFA0, 0xFF30, 0x0015, 0xFFAF,  0x0058, 0x014C, 0xFF05, 0xFFEB,
  0xFFD2, 0xFEC7, 0xFF90, 0x007D,  0x0046, 0x0136, 0x004C, 0x0050,
  0x00E4, 0xFEF5, 0x0086, 0x0021,  0x0027, 0x0041, 0xFFB0, 0x0051,
  0xFFB6, 0xFFE2, 0x0022, 0xFF9E,  0xFF3F, 0x0026, 0xFFC2, 0xFF2C,
  0x008C, 0xFF85, 0xFF53, 0xFFA5,  0xFFD3, 0xFFC2, 0xFFF9, 0x0061,
  0x0007, 0x0162, 0xFFAD, 0x009D,  0x0160, 0xFF41, 0x00AD, 0x00C7,
  0xFFF2, 0xFFCB, 0x00CA, 0xFF95,  0xFF30, 0x0039, 0xFEF9, 0xFFF4,
  0xFFA6, 0xFF9D, 0x00C5, 0x00D1,  0xFFB6, 0x008B, 0x0030, 0xFFB6,
  0x006C, 0xFFAE, 0x00AB, 0xFFB9,  0xFFA2, 0x0068, 0x0042, 0xFF26,
  0x0050, 0x00A4, 0xFFC6, 0x00C4,  0xFFD8, 0xFFD9, 0x002C, 0xFFB9,
  0xFFAD, 0x0086, 0xFF06, 0x00A7,  0x0032, 0xFF41, 0x0057, 0xFF71,
  0xFFA9, 0xFF1C, 0x009B, 0xFF91,  0x0018, 0x0014, 0x000E, 0x006B,
  0xFF46, 0x0035, 0x0076, 0x0000,  0xFFE4, 0x00AA, 0xFFD5, 0x0020,
  0xFFFE, 0xFF67, 0xFFB4, 0xFF7C,  0xFFA2, 0x0027, 0xFFF7, 0x0061,
  0x0066, 0x0004, 0x002E, 0x003D,  0xFFC6, 0x001E, 0x0053, 0xFF8E,
  0x0063, 0xFFCA, 0xFF98, 0x001B,  0xFFED, 0x004B, 0x0053, 0x0043,
  0x0069, 0x006C, 0x0032, 0xFFEC,  0xFF95, 0xFFCF, 0x0009, 0xFFF1,
  0x0016, 0x0050, 0x0008, 0xFFD0,  0x000B, 0xFFEA, 0xFFC9, 0x000A,
  0x0036, 0x000A, 0x0016, 0x002B,  0xFFA4, 0xFFE6, 0xFFC7, 0xFFD1,
  0xFFE9, 0xFFEE, 0x0041, 0x002A,  0x0038, 0xFFCA, 0xFFEE, 0xFFEA,
  0xFF75, 0xFFEF, 0xFFEB, 0x0000,  0x0037, 0xFFC8, 0x0026, 0xFFB5,
  0xFFB6, 0x004B, 0x0012, 0x0042,  0x003C, 0x0083, 0x0044, 0xFFCE,
  0xFFC6, 0xFFBF, 0xFF9A, 0xFF6D,  0xFFD2, 0xFFDF, 0x0004, 0x0032,
  0x0003, 0x0038, 0x0016, 0xFFDE,  0x001D, 0x0065, 0x0049, 0x0041,
  0x0041, 0xFFFE, 0x001A, 0xFFDD,  0xFFEB, 0x0007, 0x0021, 0x0006,
  0xFFB8, 0xFFE9, 0xFFA6, 0xFF7E,  0xFFD4, 0xFFD5, 0xFFF5, 0x0005,
  0x001F, 0x0028, 0xFFD8, 0xFFD6,  0x001D, 0x0014, 0xFFE3, 0x0059,
  0x003C, 0x002C, 0x004E, 0x0007,  0x001F, 0x0030, 0xFFDC, 0x0001,
  0x0012, 0xFFD5, 0xFFFA, 0xFFF5,  0xFFE2, 0xFFFD, 0x0002, 0xFFE7,
  0x000A, 0xFFDD, 0xFFDF, 0xFFC7,  0xFFD5, 0xFFC5, 0xFFBE, 0xFFFF,
  0xFFE4, 0xFFEE, 0x003F, 0x001B,  0x0023, 0x0056, 0x0014, 0x0059,
  0x0045, 0x0029, 0x004B, 0x000B,  0xFFFF, 0x001B, 0x0000, 0xFFF4,
  0xFFFF, 0xFFD2, 0xFFD4, 0xFFEE,  0xFFAA, 0xFFD9, 0x0000, 0xFFC1,
  0xFFED, 0x0013, 0xFFF8, 0x0010,  0x0012, 0xFFFA, 0x001B, 0x000E,
  0x002C, 0x003E, 0x0026, 0x0020,  0x0048, 0xFFF8, 0x0005, 0x000B,
  0xFFDC, 0xFFF0, 0xFFF4, 0xFFE5,  0xFFDD, 0x0000, 0xFFCA, 0xFFD9,
  0xFFF3, 0xFFCD, 0xFFE5, 0x0000,  0xFFEC, 0x0005, 0x001E, 0xFFF5,
  0x0028, 0x0004, 0xFFFD, 0x0025,  0x000A, 0x0006, 0x002C, 0x0019,
  0x0008, 0x000C, 0x0005, 0x0000,  0x0007, 0x0004, 0xFFFB, 0x0016,
  0xFFF8, 0x0004, 0xFFF1, 0xFFE2,  0xFFE6, 0xFFE6, 0xFFE7, 0xFFF4,
  0xFFF7, 0xFFED, 0xFFFB, 0xFFF5,  0xFFEE, 0x0000, 0x0003, 0x0015,
  0x001D, 0x002D, 0x0023, 0x0011,  0x0005, 0x0015, 0x0006, 0x0005,
  0x0008, 0x000B, 0x001C, 0x0000,  0xFFF5, 0x0003, 0xFFE8, 0xFFF6,
  0x000F, 0xFFFF, 0xFFFB, 0x0003,  0xFFF3, 0xFFF9, 0xFFEA, 0xFFE5,
  0xFFEC, 0xFFF8, 0xFFFC, 0xFFF7,  0x0006, 0xFFF3, 0x0003, 0xFFFA,
  0xFFFA, 0xFFFD, 0x0007, 0x0001,  0x0012, 0x0006, 0x0008, 0xFFF8,
  0xFFFA, 0xFFF8, 0xFFF2, 0xFFFA,  0xFFF2, 0x0004, 0xFFFB, 0x0002,
  0xFFF4, 0xFFFB, 0xFFEA, 0xFFFD,  0xFFF3, 0xFFFC, 0x0003, 0xFFFF,
  0x0003, 0xFFF6, 0xFFFC, 0x0000,  0xFFFC, 0xFFF3, 0x0007, 0xFFF6,
  0x0002, 0x0003, 0xFFFF, 0x0005,  0x0009, 0xFFF5, 0x0006, 0x0011,
  0x0009, 0x000F, 0x0008, 0xFFFF,  0xFFFB, 0xFFFC, 0xFFFE, 0x0004,
  0x0001, 0x0019, 0x000E, 0x000B,  0x0003, 0xFFEF, 0xFFFA, 0xFFF3,
  0xFFF2, 0x000D, 0x0013, 0x000E,  0x0010, 0x0000, 0x0010, 0x000D,
  0xFFF6, 0x0003, 0x0004, 0xFFFA,  0x000B, 0x000E, 0x0001, 0x0007,
  0x0002, 0x0007, 0x000D, 0x000A,  0xFFFF, 0x0009, 0x0003, 0xFFFD,
  0xFFFD, 0xFFFC, 0xFFF9, 0xFFF7,  0xFFFC, 0xFFF8, 0xFFF6, 0xFFF5,
  0xFFFA, 0xFFEE, 0xFFF5, 0xFFFC,  0x0000, 0xFFFD, 0x000B, 0xFFFD,
  0xFFFC, 0x0007, 0xFFFC, 0x0008,  0x0002, 0x0003, 0x0004, 0xFFFF,
  0xFFFC, 0x0004, 0xFFFB, 0xFFFD,  0xFFF9, 0xFFFA, 0xFFF5, 0xFFFF,
  0x0001, 0xFFF5, 0x0004, 0xFFF9,  0x0002, 0x0001, 0xFFFF, 0xFFFF,
  0x000B, 0x0001, 0xFFFB, 0xFFFF,  0x0001, 0xFFFE, 0x0007, 0x0004,
  0x000D, 0x0009, 0x0008, 0x0005,  0x0005, 0x0005, 0x0004, 0x0005,
  0x0005, 0x0001, 0xFFFB, 0xFFF9,  0xFFFC, 0xFFF2, 0xFFF3, 0xFFF5,
  0xFFFC, 0xFFF7, 0xFFF7, 0xFFFC,  0xFFF9, 0xFFFA, 0xFFF7, 0xFFFD,
  0xFFF9, 0xFFFF, 0x0002, 0x0004,  0x0000, 0xFFFD, 0x0002, 0xFFFE,
  0xFFFD, 0x0002, 0x0004, 0x0000,  0x0003, 0x0004, 0x0006, 0x0000,
  0x0003, 0x0001, 0x000A, 0x0009,  0x0005, 0x0009, 0x0001, 0x0007,
  0xFFF8, 0x0009, 0xFFFF, 0x0002,  0x0008, 0x0000, 0x0007, 0x0001,
  0x000A, 0xFFFD, 0x0002, 0x0002,  0x0003, 0x0005, 0x0005, 0x0003,
  0x000A, 0x0003, 0x0007, 0x0009,  0x0000, 0x0008, 0xFFFE, 0x000E,
  0x0002, 0x000B, 0x0003, 0x0002,  0x0008, 0x0002, 0x0008, 0x0005,
  0x0006, 0x0005, 0x000C, 0x0000,  0x0004, 0x0005, 0xFFFD, 0x0003,
  0xFFF8, 0x0007, 0xFFFD, 0xFFFF,  0x0003, 0xFFF7, 0x0002, 0x0000,
  0xFFF9, 0x0001, 0xFFF9, 0x0000,  0xFFFF, 0xFFFE, 0x0002, 0xFFF9,
  0x0007, 0xFFF6, 0xFFFF, 0xFFFA,  0xFFFB, 0xFFFC, 0xFFFF, 0x0001,
  0xFFFF, 0xFFFC, 0xFFFA, 0xFFFC,  0xFFFC, 0xFFFE, 0xFFFC, 0x0000,
  0xFFFC, 0xFFFB, 0xFFFC, 0x0003,  0xFFFA, 0x0004, 0xFFF9, 0xFFFE,
  0x0000, 0xFFF7, 0xFFFE, 0xFFFD,  0x0003, 0x0000, 0x0000, 0xFFFC,
  0x0004, 0xFFFC, 0x0004, 0x0000,  0x0001, 0xFFFE, 0x0001, 0x0001,
  0xFFFD, 0x0007, 0xFFFE, 0x0003,  0xFFFC, 0x0007, 0xFFFB, 0x0005,
  0x0000, 0x0004, 0x0001, 0x0005,  0x0001, 0x0001, 0x0004, 0x0002,
  0x0001, 0x0000, 0x0003, 0x0001,  0x0001, 0x0005, 0x0001, 0x0002,
  0x0001, 0x0004, 0xFFFE, 0x0004,  0xFFFF, 0xFFFD, 0x0003, 0xFFFA,
  0x0007, 0x0000, 0x0003, 0x0003,  0xFFFA, 0x0007, 0xFFFA, 0x0004,
  0xFFFC, 0x0003, 0x0004, 0xFFFE,  0x0004, 0xFFFF, 0x0001, 0x0002,
  0xFFFD, 0x0006, 0xFFFB, 0x0002,  0xFFFE, 0x0004, 0xFFF9, 0x0002,
  0xFFF8, 0xFFFF, 0x0000, 0x0001,  0x0000, 0xFFFF, 0x0001, 0x0007,
  0xFFFC, 0x0005, 0xFFFE, 0xFFFF,  0x0004, 0xFFFC, 0x0003, 0xFFFB,
  0x0002, 0xFFFB, 0x0003, 0xFFFC,  0x0004, 0xFFFE, 0x0000, 0xFFFE,
  0x0001, 0x0000, 0xFFFF, 0x0000,  0x0001, 0xFFFF, 0x0003, 0x0001,
  0x0002, 0xFFFF, 0x0000, 0x0002,  0x0000, 0x0004, 0x0002, 0x0001,
  0x0002, 0x0002, 0x0009, 0x0002,  0x0002, 0xFFFF, 0x0002, 0x0002,
  0xFFFE, 0x0004, 0x0003, 0xFFFF,  0x0005, 0x0000, 0x0001, 0x0007,
  0xFFFF, 0x0004, 0xFFFC, 0x0004,  0x0000, 0x0007, 0x0000, 0x0003,
  0x0001, 0x0002, 0x0003, 0x0006,  0x0000, 0x0004, 0x0001, 0x0004,
  0x0002, 0x0004, 0xFFFE, 0x0005,  0x0001, 0x0004, 0x0000, 0x0002,
  0x0003, 0x0002, 0x0003, 0x0003,  0x0002, 0x0002, 0x0003, 0x0001,
  0xFFFD, 0x0005, 0xFFFF, 0x0002,  0xFFFF, 0xFFFE, 0x0002, 0xFFFD,
  0x0001, 0xFFFD, 0x0001, 0xFFFD,  0x0001, 0xFFFF, 0xFFFE, 0x0002,
  0xFFFD, 0x0003, 0xFFFE, 0x0001,  0x0000, 0x0001, 0xFFFC, 0x0002,
  0xFFFC, 0x0001, 0xFFFD, 0x0000,  0x0002, 0xFFFF, 0x0001, 0x0000,
  0xFFFF, 0x0001, 0xFFFE, 0x0002,  0x0004, 0x0001, 0x0004, 0x0003,
  0x0005, 0x0002, 0xFFFF, 0x0000,  0x0001, 0xFFFF, 0x0000, 0x0000,
  0x0000, 0x0001, 0x0004, 0x0001,  0x0006, 0x0000, 0x0003, 0x0005,
  0xFFFE, 0x0006, 0xFFFB, 0x0000,  0x0000, 0xFFFE, 0x0002, 0xFFFC,
  0x0001, 0x0000, 0xFFFE, 0x0003,  0xFFFF, 0x0000, 0x0002, 0x0002,
  0x0001, 0x0005, 0xFFFA, 0x0006,  0xFFFE, 0x0006, 0xFFFD, 0x0004,
  0x0000, 0x0001, 0xFFFB, 0x0004,  0xFFFB, 0x0002, 0x0000, 0xFFFE,
  0x0003, 0xFFFF, 0x0004, 0x0001,  0x0003, 0x0000, 0x0003, 0x0001,
  0x0003, 0x0002, 0x0000, 0x0001,  0x0000, 0xFFFE, 0x0000, 0xFFFD,
  0x0000, 0xFFFD, 0xFFFF, 0xFFFE,  0xFFFE, 0xFFFE, 0xFFFF, 0xFFFC,
  0x0000, 0xFFFC, 0xFFFE, 0xFFFB,  0x0002, 0xFFFD, 0x0003, 0xFFFE,
  0x0004, 0xFFFF, 0xFFFF, 0x0002,  0xFFFF, 0x0002, 0x0000, 0x0000,
  0x0000, 0x0000, 0xFFFF, 0x0000,  0x0000, 0xFFFF, 0x0002, 0xFFFD,
  0x0000, 0x0000, 0xFFF9, 0x0004,  0xFFFB, 0x0003, 0xFFFB, 0x0001,
  0x0000, 0xFFFE, 0xFFFE, 0x0002,  0xFFFD, 0x0001, 0xFFFE, 0xFFFF,
  0x0003, 0xFFFF, 0x0001, 0x0000,  0x0001, 0x0000, 0x0002, 0xFFFF,
  0x0002, 0xFFFF, 0x0007, 0x0002,  0x0000, 0x0003, 0xFFFE, 0x0002,
  0x0000, 0x0002, 0x0000, 0x0001,  0xFFFE, 0x0001, 0xFFFD, 0xFFFE,
  0x0001, 0xFFFB, 0x0006, 0xFFFE,  0x0001, 0x0000, 0xFFFF, 0x0001,
  0xFFFF, 0x0001, 0xFFFE, 0xFFFF,  0xFFFF, 0xFFFE, 0x0000, 0xFFFB,
  0xFFFE, 0xFFFF, 0x0001, 0x0000,  0xFFFE, 0x0000, 0x0000, 0x0003,
  0xFFFD, 0x0003, 0xFFFD, 0x0001,  0x0002, 0xFFFF, 0x0000, 0x0001,
  0x0001, 0x0000, 0x0000, 0x0000,  0x0003, 0xFFFE, 0x0002, 0x0000,
  0xFFFF, 0x0002, 0x0000, 0x0002,  0x0001, 0x0001, 0x0000, 0x0001,
  0x0001, 0x0000, 0x0005, 0xFFFF,  0x0004, 0xFFFF, 0x0005, 0xFFFE,
  0x0004, 0x0003, 0x0007, 0x0004,  0xFFFF, 0x0003, 0x0000, 0x0001,
  0xFFFC, 0x0007, 0x0001, 0x0002,  0x0002, 0xFFFF, 0x0003, 0x0003,
  0xFFFE, 0x0004, 0xFFFE, 0x0002,  0xFFFF, 0x0003, 0x0000, 0x0000,
  0x0001, 0xFFFF, 0x0004, 0xFFFF,  0x0006, 0xFFFC, 0x0007, 0xFFFD,
  0x0001, 0x0000, 0xFFFC, 0xFFFF,  0xFFFD, 0xFFFC, 0xFFFF, 0xFFFC,
  0x0000, 0xFFFC, 0xFFFD, 0xFFFF,  0x0001, 0xFFFE, 0x0002, 0xFFFE,
  0x0000, 0x0001, 0xFFFF, 0x0001,  0xFFFE, 0x0001, 0xFFFC, 0x0002,
  0xFFFB, 0x0003, 0xFFFE, 0xFFFF,  0x0000, 0xFFFC, 0x0003, 0xFFFB,
  0x0002, 0xFFFB, 0x0000, 0xFFFD,  0xFFFF, 0x0000, 0xFFFF, 0x0000,
  0xFFFF, 0x0001, 0xFFFB, 0x0004,  0xFFFC, 0x0002, 0xFFFF, 0x0002,
  0xFFFE, 0x0001, 0x0000, 0x0000,  0x0002, 0xFFFF, 0x0000, 0x0001,
  0xFFFF, 0x0002, 0xFFFD, 0x0001,  0xFFFE, 0x0000, 0xFFFC, 0x0001,
  0xFFFD, 0xFFFE, 0x0000, 0xFFFE,  0x0001, 0xFFFC, 0x0001, 0xFFFE,
  0xFFFF, 0x0001, 0xFFFB, 0x0002,  0xFFFD, 0x0001, 0xFFFE, 0x0002,
  0xFFFF, 0x0002, 0x0000, 0x0002,  0x0000, 0x0003, 0x0000, 0x0002,
  0xFFFF, 0x0004, 0x0002, 0x0003,  0x0000, 0x0004, 0xFFFD, 0x0003,
  0xFFFF, 0x0000, 0x0005, 0xFFFD,  0x0003, 0x0000, 0x0003, 0x0001,
  0x0005, 0xFFFF, 0x0002, 0x0002,  0xFFFF, 0x0005, 0x0000, 0x0002,
  0x0001, 0x0002, 0x0005, 0x0002,  0x0004, 0xFFFF, 0x0004, 0x0002,
  0xFFFF, 0x0007, 0xFFFD, 0x0004,  0xFFFF, 0x0003, 0x0000, 0x0001,
  0x0002, 0x0001, 0x0003, 0x0001,  0x0000, 0xFFFF, 0x0003, 0xFFFE,
  0xFFFF, 0x0001, 0x0001, 0x0000,  0x0001, 0xFFFB, 0x0001, 0xFFFF,
  0xFFFC, 0x0003, 0xFFFA, 0x0001,  0xFFFB, 0x0001, 0xFFFA, 0x0002,
  0xFFFA, 0x0003, 0xFFFB, 0x0000,  0xFFFE, 0xFFFD, 0x0000, 0xFFFF,
  0xFFFF, 0xFFFE, 0xFFFE, 0xFFFF,  0xFFFF, 0xFFFF, 0x0001, 0xFFFF,
  0x0001, 0xFFFE, 0x0001, 0xFFFF,  0x0002, 0xFFFE, 0x0003, 0x0000,
  0xFFFE, 0x0003, 0xFFFB, 0x0003,  0xFFFE, 0x0000, 0x0000, 0xFFFF,
  0x0000, 0x0001, 0xFFFE, 0x0004,  0xFFFD, 0x0004, 0xFFFE, 0x0004,
  0xFFFE, 0x0004, 0xFFFC, 0x0002,  0xFFFF, 0x0000, 0x0002, 0xFFFE,
  0x0001, 0xFFFF, 0xFFFE, 0x0002,  0xFFFE, 0x0000, 0xFFFF, 0x0000,
  0xFFFF, 0x0001, 0x0000, 0x0000,  0xFFFF, 0x0001, 0xFFFE, 0x0001,
  0xFFFF, 0x0001, 0x0000, 0xFFFF,  0x0004, 0xFFFD, 0x0003, 0xFFFC,
  0x0007, 0xFFFD, 0x0005, 0xFFFF,  0x0002, 0x0000, 0x0002, 0xFFFF,
  0x0001, 0x0002, 0x0002, 0x0004,  0xFFFE, 0x0004, 0xFFFE, 0x0002,
  0xFFFF, 0x0001, 0x0000, 0xFFFF,  0x0001, 0xFFFC, 0x0002, 0xFFFC,
  0xFFFE, 0xFFFF, 0xFFFF, 0x0000,  0xFFFD, 0x0001, 0xFFFF, 0x0002,
  0xFFFD, 0x0002, 0x0000, 0xFFFE,  0x0001, 0xFFFC, 0x0002, 0xFFFE,
  0xFFFF, 0x0000, 0xFFFE, 0x0000,  0x0000, 0xFFFF, 0x0001, 0xFFFD,
  0x0003, 0xFFFC, 0x0000, 0xFFFF,  0xFFFF, 0x0001, 0x0000, 0xFFFF,
  0x0003, 0xFFFC, 0x0004, 0xFFFE,  0x0000, 0x0003, 0xFFFE, 0x0003,
  0x0000, 0x0002, 0x0005, 0x0002,  0x0000, 0x0002, 0xFFFF, 0x0002,
  0x0000, 0x0003, 0x0002, 0x0002,  0x0003, 0x0000, 0x0004, 0x0000,
  0x0006, 0xFFFF, 0x0001, 0xFFFF,  0x0003, 0xFFFE, 0x0004, 0xFFFD,
  0x0002, 0xFFFF, 0x0003, 0x0002,  0x0001, 0x0001, 0x0003, 0xFFFF,
  0x0004, 0xFFFF, 0x0002, 0x0000,  0x0000, 0x0001, 0xFFFF, 0x0002,
  0xFFFF, 0x0002, 0x0000, 0x0003,  0x0000, 0x0000, 0x0002, 0xFFFE,
  0x0000, 0x0002, 0x0000, 0x0001,  0xFFFF, 0x0001, 0xFFFF, 0x0000,
  0x0001, 0x0000, 0x0003, 0xFFFD,  0x0003, 0xFFFE, 0x0002, 0x0001,
  0x0000, 0x0001, 0x0000, 0x0002,  0xFFFF, 0x0002, 0xFFFF, 0x0002,
  0xFFFE, 0x0003, 0xFFFD, 0x0004,  0xFFFD, 0x0002, 0x0001, 0x0002,
  0x0001, 0x0001, 0x0002, 0xFFFF,  0x0004, 0x0001, 0x0002, 0x0003,
  0x0003, 0xFFFF, 0x0001, 0xFFFE,  0x0001, 0x0000, 0xFFFF, 0x0001,
  0x0000, 0x0002, 0xFFFF, 0x0003,  0x0002, 0x0001, 0x0003, 0x0003,
  0x0002, 0x0003, 0xFFFE, 0x0002,  0xFFFF, 0x0002, 0x0000, 0x0000,
  0xFFFF, 0x0000, 0x0001, 0xFFFE,  0x0003, 0xFFFD, 0x0002, 0xFFFF,
  0x0004, 0xFFFE, 0x0001, 0xFFFE,  0x0003, 0x0000, 0x0003, 0xFFFE,
  0x0006, 0xFFFC, 0x0001, 0x0002,  0xFFFE, 0x0003, 0x0000, 0x0000,
  0x0003, 0x0000, 0x0003, 0x0002,  0x0002, 0x0001, 0x0003, 0x0000,
  0x0002, 0x0002, 0x0003, 0x0000,  0x0000, 0x0000, 0x0001, 0xFFFF,
  0x0000, 0x0001, 0xFFFE, 0x0002,  0xFFFF, 0x0000, 0xFFFF, 0x0002,
  0xFFFD, 0x0001, 0xFFFD, 0xFFFF,  0x0000, 0x0000, 0xFFFF, 0x0002,
  0x0001, 0xFFFF, 0x0001, 0xFFFD,  0x0003, 0xFFFE, 0x0001, 0x0000,
  0xFFFF, 0x0001, 0x0000, 0x0001,  0xFFFF, 0x0002, 0xFFFE, 0x0003,
  0xFFFD, 0x0003, 0xFFFC, 0x0002,  0x0000, 0xFFFF, 0x0000, 0x0000,
  0x0001, 0xFFFE, 0x0002, 0xFFFC,  0x0005, 0xFFFD, 0x0002, 0xFFFE,
  0x0003, 0x0001, 0x0001, 0x0001,  0x0000, 0x0001, 0x0003, 0xFFFE,
  0x0002, 0x0000, 0x0002, 0x0006,  0xFFFC, 0x0006, 0xFFFA, 0x0007,
  0xFFFA, 0x0006, 0xFFFE, 0x0001,  0x0001, 0xFFFF, 0x0000, 0x0001,
  0xFFFD, 0x0002, 0x0000, 0x0000,  0x0000, 0x0001, 0xFFFF, 0x0002,
  0xFFFF, 0x0000, 0x0000, 0x0001,  0xFFFF, 0x0001, 0xFFFF, 0xFFFE,
  0x0000, 0x0000, 0xFFFF, 0x0005,  0xFFFD, 0x0002, 0x0000, 0x0001,
  0x0000, 0x0002, 0xFFFE, 0x0003,  0xFFFE, 0x0003, 0xFFFF, 0x0001,
  0x0003, 0xFFFF, 0x0002, 0x0000,  0x0001, 0x0000, 0x0002, 0xFFFD,
  0x0004, 0xFFFC, 0x0004, 0xFFFF,  0x0000, 0x0000, 0x0000, 0x0001,
  0xFFFD, 0x0004, 0xFFFE, 0x0001,  0x0001, 0xFFFE, 0x0002, 0xFFFF,
  0x0002, 0x0000, 0x0007, 0xFFFD,  0x0004, 0xFFFC, 0x0002, 0xFFFE,
  0xFFFE, 0x0004, 0x0001, 0x0001,  0x0000, 0x0001, 0x0000, 0x0003,
  0x0000, 0x0001, 0x0000, 0x0001,  0xFFFE, 0x0004, 0xFFFF, 0x0002,
  0x0000, 0x0000, 0x0002, 0x0002,  0x0000, 0x0002, 0x0000, 0x0002,
  0x0001, 0xFFFF, 0xFFFF, 0xFFFF,  0xFFFF, 0x0000, 0xFFFE, 0xFFFF,
  0x0000, 0xFFFE, 0x0001, 0xFFFD,  0x0003, 0xFFFD, 0x0002, 0xFFFF,
  0x0001, 0x0000, 0x0002, 0xFFFE,  0x0001, 0xFFFF, 0xFFFF, 0x0000,
  0x0000, 0x0000, 0xFFFF, 0x0003,  0xFFFB, 0x0005, 0xFFFA, 0x0003,
  0xFFFD, 0x0001, 0xFFFD, 0x0001,  0xFFFF, 0x0001, 0x0002, 0xFFFF,
  0x0002, 0xFFFF, 0x0001, 0xFFFF,  0x0000, 0xFFFF, 0x0003, 0xFFFE,
  0x0001, 0x0002, 0xFFFF, 0x0004,  0xFFFD, 0x0002, 0xFFFE, 0x0004,
  0xFFFD, 0x0003, 0xFFFC, 0x0001,  0xFFFE, 0x0001, 0xFFFE, 0xFFFF,
  0xFFFF, 0xFFFF, 0xFFFE, 0x0001,  0x0000, 0xFFFE, 0x0002, 0xFFFD,
  0x0001, 0xFFFF, 0xFFFF, 0xFFFE,  0x0001, 0xFFFF, 0x0000, 0x0001,
  0xFFFE, 0x0003, 0xFFFD, 0x0003,  0xFFFE, 0x0002, 0x0000, 0xFFFF,
  0x0003, 0xFFFE, 0x0004, 0x0000,  0x0001, 0x0000, 0x0001, 0xFFFE,
  0x0003, 0xFFFE, 0x0005, 0xFFFD,  0x0004, 0xFFFF, 0x0002, 0x0002,
  0x0002, 0x0001, 0x0002, 0xFFFF,  0x0004, 0xFFFF, 0x0005, 0xFFFE,
  0x0005, 0xFFFF, 0x0006, 0x0002,  0x0001, 0x0003, 0x0000, 0x0003,
  0x0000, 0x0002, 0x0002, 0x0002,  0x0000, 0x0003, 0x0002, 0x0001,
  0x0003, 0x0002, 0xFFFF, 0x0004,  0xFFFE, 0x0003, 0xFFFE, 0x0003,
  0xFFFD, 0x0004, 0x0001, 0x0000,  0x0000, 0x0000, 0x0000, 0x0001,
  0xFFFD, 0x0002, 0xFFFF, 0xFFFF,  0x0001, 0xFFFE, 0x0001, 0xFFFF,
  0x0001, 0xFFFE, 0x0002, 0xFFFD,  0xFFFF, 0x0000, 0xFFFF, 0xFFFF,
  0x0002, 0xFFFC, 0x0001, 0xFFFE,  0xFFFF, 0xFFFF, 0x0002, 0xFFFC,
  0x0002, 0xFFFD, 0x0001, 0xFFFE,  0x0001, 0x0000, 0x0000, 0x0003,
  0xFFFE, 0x0002, 0xFFFE, 0xFFFF,  0xFFFF, 0x0001, 0xFFFE, 0xFFFE,
  0x0003, 0xFFFB, 0x0004, 0xFFFE,  0x0000, 0x0001, 0xFFFE, 0x0002,
  0xFFFF, 0x0001, 0xFFFD, 0x0000,  0x0000, 0x0001, 0x0000, 0xFFFE,
  0x0003, 0xFFFE, 0x0002, 0x0000,  0x0001, 0xFFFE, 0x0004, 0xFFFC,
  0x0002, 0x0001, 0x0001, 0x0000,  0x0000, 0x0000, 0xFFFF, 0xFFFF,
  0x0002, 0xFFFD, 0x0003, 0xFFFF,  0x0002, 0x0000, 0x0000, 0x0001,
  0x0002, 0x0000, 0x0003, 0xFFFF,  0x0004, 0xFFFD, 0x0003, 0x0000,
  0x0000, 0x0002, 0x0002, 0x0004,  0xFFFF, 0x0002, 0x0000, 0x0000,
  0x0001, 0x0001, 0x0001, 0xFFFF,  0x0001, 0xFFFF, 0x0000, 0xFFFF,
  0x0000, 0xFFFC, 0x0004, 0xFFFA,  0x0002, 0xFFFE, 0x0001, 0x0001,
  0xFFFE, 0x0002, 0x0001, 0x0000,  0x0000, 0xFFFE, 0x0002, 0x0000,
  0x0000, 0x0001, 0xFFFF, 0x0003,  0xFFFE, 0x0005, 0xFFFC, 0x0004,
  0xFFFE, 0x0001, 0xFFFF, 0x0000,  0x0001, 0xFFFF, 0x0003, 0xFFFE,
  0x0004, 0xFFFD, 0x0001, 0x0000,  0x0000, 0x0000, 0x0001, 0x0001,
  0xFFFE, 0x0004, 0x0000, 0x0002,  0x0001, 0xFFFE, 0x0001, 0x0000,
  0x0001, 0x0002, 0x0001, 0x0000,  0x0001, 0x0001, 0x0001, 0x0002,
  0x0001, 0x0003, 0xFFFC, 0x0004,  0xFFFD, 0x0003, 0x0000, 0xFFFF,
  0x0004, 0xFFFC, 0x0003, 0x0000,  0x0001, 0x0001, 0x0001, 0x0000,
  0x0003, 0xFFFF, 0x0002, 0xFFFF,  0x0003, 0xFFFE, 0x0001, 0x0002,
  0xFFFE, 0x0005, 0xFFFD, 0x0004,  0x0000, 0xFFFF, 0x0002, 0x0000,
  0xFFFF, 0x0002, 0x0001, 0x0000,  0x0001, 0x0000, 0x0000, 0x0000,
  0x0001, 0x0000, 0x0003, 0x0000,  0x0000, 0x0002, 0xFFFF, 0x0002,
  0x0002, 0xFFFF, 0x0003, 0xFFFE,  0x0002, 0x0001, 0x0001, 0x0000,
  0x0001, 0x0000, 0x0000, 0x0000,  0x0000, 0xFFFF, 0x0005, 0xFFFD,
  0x0004, 0x0000, 0x0000, 0x0002,  0x0001, 0x0002, 0x0002, 0x0003,
  0x0002, 0x0001, 0x0000, 0xFFFD,  0x0004, 0xFFFD, 0x0003, 0xFFFF,
  0x0000, 0x0002, 0xFFFE, 0x0003,  0x0000, 0x0003, 0x0000, 0x0002,
  0x0003, 0xFFFE, 0x0004, 0xFFFC,  0x0004, 0xFFFE, 0x0002, 0xFFFF,
  0x0001, 0x0000, 0x0002, 0xFFFE,  0x0002, 0x0000, 0xFFFF, 0x0003,
  0x0001, 0x0000, 0x0001, 0xFFFF,  0x0003, 0x0001, 0x0002, 0x0000,
  0x0003, 0xFFFE, 0x0002, 0xFFFF,  0x0003, 0xFFFE, 0x0005, 0xFFFE,
  0x0001, 0x0002, 0x0002, 0x0000,  0x0003, 0x0000, 0x0001, 0x0004,
  0xFFFD, 0x0005, 0x0000, 0x0000,  0x0002, 0xFFFE, 0x0002, 0xFFFE,
  0x0000, 0x0002, 0xFFFF, 0x0001,  0x0001, 0xFFFE, 0x0003, 0xFFFE,
  0x0002, 0xFFFE, 0x0000, 0xFFFE,  0x0001, 0x0000, 0x0000, 0x0001,
  0x0001, 0xFFFF, 0x0000, 0xFFFF,  0x0001, 0x0000, 0xFFFF, 0x0002,
  0xFFFD, 0x0004, 0xFFFD, 0x0003,  0xFFFE, 0x0002, 0x0000, 0x0001,
  0xFFFF, 0x0001, 0xFFFF, 0x0001,  0x0001, 0x0000, 0xFFFF, 0x0001,
  0x0000, 0xFFFF, 0x0003, 0xFFFC,  0x0004, 0xFFFE, 0x0000, 0x0002,
  0x0000, 0x0001, 0x0000, 0x0000,  0x0001, 0x0002, 0xFFFE, 0x0002,
  0xFFFE, 0x0003, 0x0003, 0xFFFE,  0x0004, 0xFFFB, 0x0004, 0x0000,
  0xFFFF, 0x0003, 0x0000, 0x0000,  0x0001, 0xFFFF, 0x0002, 0xFFFE,
  0x0002, 0xFFFF, 0x0001, 0xFFFF,  0x0002, 0xFFFE, 0x0001, 0xFFFF,
  0x0000, 0x0000, 0x0001, 0xFFFD,  0x0003, 0xFFFC, 0x0002, 0xFFFC,
  0x0000, 0xFFFF, 0xFFFF, 0x0001,  0xFFFF, 0x0001, 0xFFFF, 0x0002,
  0xFFFE, 0x0003, 0xFFFB, 0x0003,  0xFFFD, 0x0003, 0xFFFF, 0xFFFF,
  0x0004, 0xFFFE, 0x0002, 0x0002,  0xFFFD, 0x0004, 0xFFFE, 0x0001,
  0x0001, 0xFFFE, 0x0003, 0xFFFE,  0x0002, 0xFFFE, 0x0002, 0xFFFF,
  0xFFFF, 0x0004, 0xFFFC, 0x0005,  0xFFFE, 0x0000, 0x0003, 0xFFFF,
  0xFFFF, 0x0003, 0x0000, 0x0003,  0xFFFE, 0x0002, 0xFFFC, 0x0002,
  0xFFFE, 0x0001, 0x0002, 0xFFFE,  0x0002, 0xFFFF, 0x0002, 0x0001,
  0x0000, 0x0002, 0xFFFE, 0x0002,  0xFFFE, 0x0003, 0xFFFE, 0x0002,
  0xFFFF, 0x0001, 0x0001, 0x0002,  0x0000, 0x0001, 0x0002, 0x0000,
  0x0002, 0xFFFF, 0x0000, 0x0000,  0x0001, 0xFFFF, 0x0002, 0xFFFE,
  0x0001, 0x0000, 0xFFFE, 0x0002,  0xFFFE, 0x0001, 0x0001, 0xFFFF,
  0x0001, 0xFFFF, 0x0004, 0xFFFF,  0x0001, 0xFFFF, 0x0000, 0xFFFF,
  0x0002, 0x0000, 0x0002, 0xFFFF,  0x0000, 0x0001, 0x0000, 0x0000,
  0x0000, 0xFFFF, 0x0002, 0xFFFF,  0x0002, 0x0001, 0x0002, 0x0000,
  0x0005, 0xFFFD, 0x0003, 0xFFFE,  0x0001, 0x0001, 0x0002, 0xFFFF,
  0x0002, 0x0000, 0x0003, 0xFFFF,  0x0003, 0xFFFB, 0x0006, 0xFFFD,
  0x0003, 0xFFFF, 0x0001, 0xFFFF,  0x0001, 0x0001, 0xFFFD, 0x0001,
  0x0000, 0xFFFF, 0x0001, 0xFFFE,  0x0002, 0xFFFD, 0x0004, 0xFFFC,
  0x0003, 0xFFFE, 0x0000, 0x0002,  0xFFFD, 0x0003, 0xFFFD, 0x0003,
  0xFFFD, 0x0002, 0xFFFF, 0x0000,  0xFFFF, 0x0002, 0xFFFD, 0x0002,
  0xFFFC, 0x0002, 0x0000, 0x0001,  0xFFFF, 0xFFFF, 0x0001, 0xFFFF,
  0xFFFF, 0x0001, 0xFFFF, 0x0001,  0xFFFF, 0x0001, 0x0001, 0xFFFE,
  0x0003, 0xFFFD, 0x0003, 0xFFFD,  0x0003, 0xFFFD, 0x0004, 0xFFFE,
  0x0001, 0x0000, 0x0001, 0x0002,  0x0000, 0x0001, 0x0001, 0x0002,
  0x0000, 0x0005, 0xFFFD, 0x0006,  0xFFFE, 0x0005, 0xFFFE, 0x0004,
  0xFFFE, 0x0001, 0x0001, 0xFFFF,  0x0002, 0x0002, 0xFFFF, 0x0002,
  0x0001, 0xFFFE, 0x0006, 0xFFFD,  0x0005, 0xFFFF, 0x0005, 0x0000,
  0x0005, 0xFFFC, 0x0006, 0xFFFE,  0x0004, 0x0001, 0x0002, 0x0004,
  0xFFFF, 0x0003, 0x0003, 0x0002,  0x0004, 0x0003, 0x0002, 0x0003,
  0x0001, 0x0001, 0x0001, 0x0002,  0xFFFE, 0x0003, 0xFFFE, 0x0001,
  0xFFFF, 0x0000, 0x0001, 0x0000,  0xFFFD, 0x0002, 0xFFFE, 0x0002,
  0xFFFE, 0x0000, 0xFFFE, 0x0000,  0xFFFF, 0x0000, 0xFFFE, 0x0001,
  0xFFFE, 0xFFFF, 0x0002, 0xFFFC,  0x0005, 0xFFFC, 0x0002, 0x0000,
  0xFFFF, 0x0005, 0xFFFE, 0x0003,  0xFFFE, 0x0004, 0xFFFF, 0x0002,
  0x0004, 0xFFFF, 0x0003, 0xFFFF,  0x0000, 0x0000, 0x0000, 0xFFFF,
  0xFFFF, 0x0000, 0xFFFF, 0x0001,  0xFFFF, 0xFFFF, 0x0000, 0x0002,
  0xFFFD, 0xFFFF, 0xFFFE, 0x0002,  0xFFFF, 0x0003, 0x0000, 0x0002,
  0xFFFF, 0xFFFF, 0x0000, 0x0000,  0x0001, 0xFFFE, 0x0001, 0x0000,
  0x0000, 0x0003, 0xFFFF, 0x0002,  0xFFFE, 0x0002, 0x0000, 0xFFFF,
  0x0002, 0xFFFE, 0x0002, 0x0000,  0x0001, 0xFFFF, 0x0002, 0x0000,
  0x0001, 0xFFFF, 0x0003, 0xFFFE,  0x0003, 0x0000, 0x0002, 0x0003,
  0x0002, 0x0002, 0x0003, 0x0002,  0x0002, 0x0001, 0x0001, 0x0001,
  0x0003, 0x0005, 0x0000, 0x0002,  0x0000, 0x0001, 0x0002, 0x0000,
  0x0004, 0xFFFF, 0x0002, 0xFFFF,  0x0003, 0xFFFD, 0x0002, 0xFFFF,
  0x0001, 0x0001, 0x0002, 0xFFFF,  0x0002, 0x0000, 0x0000, 0x0002,
  0xFFFE, 0x0004, 0xFFFD, 0x0002,  0xFFFF, 0xFFFF, 0x0001, 0xFFFF,
  0x0002, 0x0000, 0x0002, 0xFFFF,  0x0001, 0x0002, 0xFFFF, 0x0000,
  0x0002, 0x0000, 0x0001, 0x0002,  0xFFFF, 0x0004, 0xFFFF, 0x0004,
  0xFFFD, 0x0005, 0xFFFF, 0x0002,  0x0000, 0x0001, 0x0002, 0xFFFF,
  0x0003, 0xFFFE, 0x0004, 0x0000,  0x0001, 0x0001, 0x0001, 0x0000,
  0x0003, 0x0000, 0x0003, 0xFFFF,  0x0003, 0x0001, 0x0001, 0x0001,
  0x0005, 0x0005, 0x0002, 0x0000,  0x0001, 0x0000, 0xFFFF, 0x0001,
  0x0003, 0x0002, 0x0003, 0xFFFF,  0x0001, 0x0002, 0x0002, 0x0001,
  0x0001, 0x0000, 0xFFFE, 0x0005,  0xFFFD, 0x0004, 0xFFFD, 0x0002,
  0xFFFF, 0x0004, 0x0000, 0x0001,  0x0000, 0x0002, 0x0000, 0x0002,
  0xFFFD, 0x0000, 0xFFFD, 0x0001,  0xFFFE, 0xFFFF, 0xFFFF, 0x0001,
  0xFFFC, 0x0002, 0xFFFD, 0x0001,  0x0000, 0x0001, 0x0000, 0xFFFF,
  0x0003, 0xFFFE, 0x0002, 0xFFFF,  0xFFFE, 0x0002, 0xFFFE, 0x0001,
  0x0001, 0xFFFD, 0x0003, 0xFFFD,  0x0002, 0xFFFE, 0xFFFF, 0x0000,
  0xFFFE, 0xFFFF, 0x0000, 0x0000,  0x0002, 0x0000, 0x0001, 0x0001,
  0xFFFF, 0x0000, 0x0000, 0xFFFF,  0x0001, 0x0000, 0x0001, 0xFFFF,
  0x0002, 0x0002, 0x0000, 0x0002,  0x0000, 0xFFFF, 0x0003, 0x0000,
  0x0001, 0x0000, 0x0000, 0x0000,  0x0001, 0xFFFE, 0x0000, 0x0001,
  0xFFFE, 0x0002, 0xFFFE, 0x0001,  0xFFFF, 0x0001, 0xFFFF, 0x0001,
  0xFFFF, 0xFFFF, 0x0001, 0xFFFD,  0x0003, 0xFFFD, 0x0003, 0xFFFE,
  0x0001, 0x0000, 0x0001, 0x0001,  0x0000, 0xFFFF, 0x0003, 0xFFFC,
  0x0008, 0xFFFD, 0x0006, 0xFFFE,  0x0004, 0xFFFC, 0x0004, 0xFFFC,
  0x0005, 0xFFFF, 0x0001, 0x0002,  0x0000, 0x0002, 0x0003, 0x0001,
  0x0001, 0x0001, 0x0000, 0x0001,  0x0004, 0xFFFF, 0x0003, 0x0001,
  0x0003, 0x0003, 0x0004, 0xFFFF,  0x0004, 0x0000, 0x0002, 0x0000,
  0x0003, 0x0000, 0x0002, 0x0000,  0x0004, 0xFFFF, 0x0004, 0x0003,
  0x0000, 0x0003, 0x0000, 0xFFFF,  0x0001, 0x0001, 0xFFFC, 0x0003,
  0xFFFE, 0x0002, 0x0001, 0xFFFC,  0x0003, 0xFFFC, 0x0002, 0xFFFD,
  0x0001, 0xFFFE, 0x0001, 0xFFFD,  0x0000, 0xFFFD, 0x0001, 0xFFFF,
  0xFFFE, 0xFFFF, 0xFFFE, 0xFFFF,  0xFFFE, 0x0000, 0xFFFD, 0x0002,
  0xFFFB, 0x0000, 0xFFFD, 0x0000,  0xFFFC, 0x0004, 0xFFF9, 0x0004,
  0xFFFB, 0x0002, 0x0000, 0x0000,  0x0002, 0x0001, 0x0003, 0x0002,
  0xFFFF, 0x0000, 0x0001, 0xFFFF,  0x0002, 0xFFFD, 0x0002, 0xFFFF,
  0x0001, 0x0000, 0x0003, 0xFFFF,  0x0001, 0x0002, 0x0001, 0x0003,
  0x0000, 0xFFFE, 0x0001, 0xFFFE,  0x0004, 0xFFFC, 0x0003, 0xFFFF,
  0x0000, 0x0002, 0x0000, 0x0000,  0x0001, 0x0000, 0x0000, 0x0001,
  0x0001, 0x0002, 0xFFFE, 0x0003,  0xFFFD, 0x0000, 0xFFFF, 0x0000,
  0x0001, 0xFFFF, 0x0003, 0xFFFD,  0x0004, 0xFFFE, 0x0004, 0xFFFF,
  0x0003, 0x0001, 0x0002, 0x0001,  0xFFFF, 0x0003, 0xFFFE, 0x0002,
  0x0002, 0x0002, 0x0003, 0xFFFF,  0x0003, 0xFFFE, 0x0002, 0xFFFF,
  0x0002, 0xFFFF, 0x0000, 0xFFFF,  0xFFFE, 0x0000, 0xFFFB, 0xFFFF,
  0xFFFC, 0x0000, 0xFFFC, 0x0001,  0xFFFD, 0x0003, 0xFFFD, 0x0001,
  0x0001, 0x0000, 0x0001, 0xFFFC,  0x0003, 0xFFFD, 0x0003, 0x0000,
  0xFFFF, 0x0000, 0x0001, 0x0001,  0x0002, 0xFFFE, 0x0002, 0xFFFE,
  0x0001, 0xFFFE, 0x0002, 0x0000,  0x0000, 0x0001, 0xFFFF, 0x0004,
  0xFFFB, 0x0002, 0xFFFC, 0x0003,  0xFFFE, 0x0003, 0xFFFC, 0x0002,
  0x0000, 0x0003, 0x0002, 0xFFFD,  0x0001, 0xFFFF, 0x0001, 0x0000,
  0x0005, 0xFFFF, 0x0005, 0xFFFD,  0x0007, 0xFFFC, 0x0007, 0x0000,
  0xFFFF, 0x0001, 0x0000, 0xFFFF,  0x0005, 0xFFFD, 0x0002, 0xFFFE,
  0x0001, 0x0001, 0x0002, 0x0001,  0x0000, 0x0003, 0x0000, 0x0003,
  0x0002, 0x0001, 0x0000, 0x0000,  0x0001, 0xFFFF, 0x0002, 0x0000,
  0x0002, 0x0002, 0x0004, 0xFFFD,  0x0004, 0xFFFD, 0x0001, 0xFFFE,
  0x0002, 0x0000, 0x0000, 0x0000,  0xFFFF, 0x0000, 0x0000, 0x0000,
  0x0003, 0x0000, 0x0001, 0x0000,  0x0002, 0x0000, 0x0003, 0xFFFD,
  0x0003, 0xFFFE, 0x0004, 0xFFFD,  0x0002, 0x0000, 0x0002, 0xFFFF,
  0x0003, 0xFFFC, 0x0004, 0xFFFE,  0x0000, 0x0005, 0xFFFE, 0x0004,
  0x0000, 0x0001, 0x0002, 0x0004,  0x0000, 0x0006, 0x0000, 0x0005,
  0xFFFE, 0xFFFF, 0x0001, 0xFFFE,  0x0003, 0xFFFE, 0x0001, 0x0001,
  0x0000, 0x0000, 0x0005, 0xFFFF,  0x0006, 0x0000, 0x0004, 0x0002,
  0x0000, 0x0001, 0x0000, 0x0002,  0x0000, 0x0001, 0x0001, 0x0000,
  0x0002, 0xFFFF, 0x0001, 0x0001,  0xFFFF, 0x0002, 0x0002, 0x0002,
  0xFFFE, 0xFFFF, 0xFFFD, 0x0004,  0xFFFF, 0x0003, 0x0002, 0x0004,
  0xFFFC, 0x0002, 0xFFFE, 0x0003,  0xFFFF, 0x0005, 0x0000, 0x0003,
  0x0004, 0x0005, 0xFFFF, 0x0003,  0x0000, 0x0002, 0x0003, 0x0000,
  0x0007, 0xFFFF, 0x0004, 0xFFFF,  0x0001, 0xFFFE, 0x0002, 0xFFFE,
  0x0003, 0xFFFF, 0x0001, 0x0002,  0xFFFD, 0x0003, 0xFFFD, 0x0003,
  0xFFFB, 0xFFFE, 0xFFFC, 0x0003,  0xFFFE, 0x0001, 0x0004, 0x0002,
  0xFFFD, 0x0002, 0xFFFC, 0x0004,  0xFFFE, 0x0002, 0x0000, 0x0001,
  0x0001, 0x0002, 0xFFFE, 0x0003,  0xFFFF, 0x0001, 0x0002, 0xFFFF,
  0x0000, 0xFFFD, 0xFFFF, 0xFFFE,  0x0002, 0xFFFB, 0x0005, 0xFFFE,
  0x0001, 0x0000, 0x0000, 0xFFFF,  0x0000, 0xFFFF, 0x0005, 0x0001,
  0x0006, 0xFFFD, 0x0005, 0x0000,  0x0001, 0xFFFF, 0x0000, 0x0000,
  0x0003, 0x0007, 0xFFFF, 0x0000,  0xFFFE, 0x0000, 0xFFFF, 0x0000,
  0xFFFE, 0xFFFF, 0xFFFE, 0xFFFE,  0x0002, 0xFFFA, 0x0001, 0xFFFC,
  0xFFFF, 0xFFFE, 0xFFFE, 0xFFFF,  0xFFFD, 0xFFFE, 0xFFFC, 0x0000,
  0xFFFC, 0xFFFF, 0xFFFC, 0xFFFE,  0xFFFE, 0xFFFB, 0xFFFC, 0xFFF9,
  0xFFFA, 0x0003, 0xFFFC, 0x0003,  0x0000, 0xFFFF, 0x0003, 0xFFFE,
  0x0001, 0xFFFD, 0x0000, 0x0002,  0xFFFF, 0x0004, 0xFFFE, 0x0004,
  0xFFFE, 0x0004, 0x0003, 0xFFFD,  0x0003, 0xFFFB, 0x0005, 0xFFFC,
  0x0001, 0xFFFF, 0x0001, 0xFFFE,  0x0004, 0xFFF8, 0x0006, 0xFFFD,
  0x0002, 0x0002, 0xFFFE, 0xFFFE,  0x0000, 0xFFFA, 0x0000, 0xFFFA,
  0x0004, 0x0003, 0xFFFF, 0x0000,  0xFFF9, 0x0000, 0xFFF8, 0xFFFD,
  0x0002, 0xFFFF, 0x0001, 0xFFFE,  0x0001, 0x0001, 0x0001, 0x0001,
  0x0001, 0xFFFC, 0x0001, 0x0001,  0x0003, 0x0001, 0xFFFE, 0x0002,
  0xFFFD, 0x0008, 0xFFFF, 0x0003,  0x0005, 0x0004, 0x0005, 0xFFFD,
  0x0005, 0xFFF7, 0x0004, 0xFFF9,  0xFFFF, 0xFFFD, 0x0000, 0x0003,
  0xFFFC, 0x0003, 0x0001, 0xFFFF,  0x0003, 0xFFFE, 0x0001, 0x0003,
  0x0008, 0x0006, 0x0002, 0x0002,  0x0001, 0xFFFB, 0x0000, 0xFFFF,
  0xFFFD, 0x0002, 0xFFFF, 0x0001,  0x0004, 0x0002, 0x0000, 0xFFF9,
  0x0004, 0x0000, 0xFFFE, 0x0006,  0xFFFF, 0x0009, 0x0003, 0x0004,
  0x0005, 0xFFFC, 0x0001, 0x0003,  0xFFFF, 0x0006, 0xFFFC, 0x0005,
  0x0000, 0x0006, 0x0001, 0xFFFE,  0x0003, 0xFFFF, 0x0004, 0xFFFD,
  0x0003, 0xFFFA, 0xFFFF, 0xFFFD,  0xFFFE, 0xFFFD, 0xFFFA, 0xFFFE,
  0xFFF9, 0xFFFE, 0x0000, 0xFFFA,  0x0001, 0xFFF5, 0x0004, 0xFFF9,
  0x0000, 0xFFFA, 0xFFFE, 0xFFFF,  0xFFFD, 0xFFFE, 0xFFFD, 0xFFF8,
  0x0009, 0xFFFD, 0x0000, 0xFFFC,  0xFFFB, 0x0006, 0xFFF3, 0xFFEF,
  0xFFFA, 0xFFFA, 0xFFFB, 0xFFF8,  0xFFFC, 0xFFFA, 0xFFF9, 0xFFFA,
  0xFFFA, 0xFFFC, 0xFFFA, 0x0000,  0xFFFC, 0x0003, 0x0008, 0x0005,
  0x0005, 0x0000, 0x0002, 0x0002,  0x0001, 0xFFFF, 0xFFFD, 0x0000,
  0xFFFE, 0x0003, 0x0001, 0x0008,  0x0008, 0x000E, 0x000A, 0x0008,
  0x0004, 0xFFFE, 0xFFFD, 0xFFFC,  0xFFF9, 0x000E, 0x0015, 0x0013,
  0x0009, 0x000B, 0x0001, 0xFFFF,  0xFFF7, 0x0001, 0xFFF7, 0xFFFF,
  0x000E, 0x000A, 0x0007, 0x0005,  0xFFFF, 0xFFFA, 0xFFF4, 0xFFFB,
  0x0002, 0x000A, 0x000C, 0x000A,  0x000D, 0x0011, 0x0005, 0xFFFF,
  0xFFFF, 0x0003, 0x0003, 0x0000,  0x0009, 0x0006, 0x000D, 0x000F,
  0xFFFE, 0xFFFF, 0x0002, 0x0007,  0xFFEC, 0xFFFA, 0xFFEA, 0xFFF3,
  0xFFF6, 0xFFFE, 0x0003, 0xFFF8,  0x0002, 0x0003, 0x0000, 0xFFF7,
  0x000A, 0xFFFD, 0x000A, 0xFFFB,  0x0003, 0xFFED, 0xFFF3, 0xFFFA,
  0x0000, 0x0016, 0x0005, 0x0016,  0x003B, 0x0024, 0xFFFC, 0x0006,
  0x0018, 0x0003, 0xFFE1, 0xFFF7,  0xFFFD, 0xFFFD, 0xFFF2, 0xFFEE,
  0xFFF2, 0xFFED, 0xFFE9, 0xFFF6,  0xFFFB, 0x0001, 0x0008, 0x0007,
  0x0023, 0x0001, 0x000F, 0x0004,  0xFFF5, 0xFFFD, 0x000A, 0xFFEF,
  0xFFE9, 0x0000, 0xFFD9, 0x0007,  0x0007, 0xFFF9, 0xFFF1, 0x0003,
  0xFFF2, 0xFFDD, 0xFFFB, 0xFFDC,  0xFFF8, 0x002D, 0x0038, 0x0019,
  0x0032, 0x0038, 0x0013, 0xFFFB,  0x000B, 0xFFE1, 0xFFE9, 0xFFF2,
  0x001C, 0xFFDB, 0xFFDB, 0x002B,  0xFF96, 0x0056, 0x002C, 0xFFD8,
  0x0017, 0xFFEA, 0xFFD5, 0xFFDF,  0x0021, 0xFFDB, 0x0016, 0x0041,
  0x0041, 0x0024, 0x0051, 0x0012,  0x001E, 0xFFFE, 0xFFF4, 0xFFE8,
  0xFFBA, 0xFFF3, 0xFFF0, 0xFFF6,  0xFFB8, 0xFFF2, 0xFFE2, 0xFFFA,
  0xFFB8, 0xFFD5, 0x0031, 0x0029,  0x0032, 0x003C, 0x004E, 0x0059,
  0x001E, 0xFFC9, 0xFFCE, 0xFF9C,  0xFFE4, 0xFFE2, 0x000D, 0xFFE8,
  0x001D, 0x005C, 0x0055, 0x008F,  0x002E, 0x0026, 0x003C, 0x0050,
  0xFFB8, 0xFFC4, 0xFF9A, 0xFFBE,  0x0005, 0xFFBF, 0xFFAF, 0xFFBC,
  0xFFFA, 0xFFAA, 0xFFF8, 0xFFB5,  0xFF55, 0xFFAF, 0xFFE2, 0x005E,
  0x00AC, 0x00B6, 0x010D, 0x0129,  0x0142, 0x0123, 0x016B, 0x01AC,
  0x01C5, 0x0245, 0x02DF, 0x0333,  0x0375, 0x041B, 0x0534, 0x060A,
  0x0694, 0x0708, 0x0787, 0x082A,  0x08FF, 0x0A0A, 0x0A43, 0x098A,
  0x07CB, 0x0641, 0x022F, 0x0029,  0xFD0E, 0xFB71, 0xFAB1, 0xFAC3,
  0xFB6C, 0xFAF5, 0xFA47, 0xF737,  0xF541, 0xF0A5, 0xEEE4, 0xE9D5,
  0xEA7A, 0xEB77, 0xED8D, 0xF107,  0xF4E4, 0xFA9E, 0x010A, 0x078A,
  0x0B04, 0x089E, 0x047D, 0xFFA1,  0xFDF0, 0xFB3A, 0xF14B, 0xF8D6,
  0xFA7F, 0xFE79, 0xF283, 0xE465,  0xDF2D, 0xD82A, 0xD54B, 0xE148,
  0xFA28, 0x038D, 0x0DBF, 0x192E,  0x2380, 0x2241, 0x19AA, 0x0AF1,
  0x0682, 0x0867, 0x0A47, 0x11B7,  0x130B, 0x0FA0, 0x0E32, 0x0B02,
  0x04EC, 0xF97F, 0xF13A, 0xF30B,  0xFD2F, 0x069B, 0x075A, 0x0983,
  0x0AF1, 0x0DCC, 0x0D54, 0x0E4B,  0x0EFC, 0x1033, 0x1574, 0x18E9,
  0x17EE, 0x1023, 0x0616, 0x0223,  0xFFEB, 0xFCE0, 0xF8D3, 0xF720,
  0xF862, 0xF946, 0xFAA0, 0xF725,  0xF4A1, 0xF345, 0xF49F, 0xF9BF,
  0xFD35, 0xFE7E, 0xFDCB, 0xFFCB,  0x0141, 0x001B, 0xFFCD, 0xFE63,
  0x0070, 0x03C9, 0x0601, 0x04FC,  0xFFF8, 0xFC39, 0xF81B, 0xF747,
  0xF425, 0xF202, 0xF273, 0xF390,  0xF85F, 0xFC19, 0xFFA7, 0xFEEA,
  0xFF21, 0x00D3, 0x04CB, 0x068E,  0x060F, 0x0650, 0x0789, 0x06E3,
  0x04F4, 0x05B0, 0x034F, 0x01E7,  0x0273, 0x02FB, 0x0424, 0x02E5,
  0xFFD5, 0x00C8, 0x02CE, 0x0348,  0x02E3, 0x0700, 0x0782, 0x08F6,
  0x095C, 0x07F9, 0x053B, 0x02CB,  0x00F6, 0x00BB, 0x0255, 0x0082,
  0xFF12, 0xFECF, 0x015A, 0xFFC3,  0xFEF3, 0xFAD6, 0xFCC9, 0xFCDB,
  0xFE4B, 0xFEC3, 0xFCD2, 0xF929,  0xF6D2, 0xF79C, 0xF738, 0xF4B5,
  0xEE7C, 0xEC3E, 0xED6A, 0xED82,  0xE573, 0xE06B, 0xDA1F, 0xD90C,
  0xD66C, 0xD8DE, 0xDCF4, 0xEACC,  0xF8B8, 0x07D9, 0x19D0, 0x1D31,
  0x1C09, 0x196E, 0x1EA3, 0x1B2A,  0x173A, 0x171B, 0x19C8, 0x194E,
  0x1486, 0x12BE, 0x095C, 0x009B,  0xFE6A, 0xFB83, 0xFE6A, 0xFEB4,
  0x02E0, 0x064B, 0x0C7A, 0x0E52,  0x0CAE, 0x0E01, 0x0C0B, 0x0D50,
  0x0BB0, 0x1056, 0x0F67, 0x110C,  0x1194, 0x102A, 0x0EBB, 0x0A2A,
  0x07C2, 0x0501, 0x02B4, 0xFE9A,  0xFA1D, 0xFA23, 0xF75C, 0xF8F9,
  0xFCCC, 0xFEB3, 0xFDAA, 0xF8D9,  0xF35E, 0xEB81, 0xE7D3, 0xE671,
  0xE44D, 0xDF8F, 0xDD82, 0xDCA8,  0xDD25, 0xDB36, 0xD8E1, 0xD6A3,
  0xDC63, 0xE694, 0xF4E0, 0x0528,  0x0FFF, 0x15D3, 0x19AA, 0x1B0E,
  0x1A85, 0x14FD, 0x0F70, 0x0E50,  0x0EE6, 0x116E, 0x0DD2, 0x0A1E,
  0x048C, 0xFFEA, 0xFBD1, 0xFA49,  0xFAFF, 0x0026, 0x0848, 0x11EA,
  0x17E6, 0x1C55, 0x19FD, 0x1806,  0x158B, 0x141E, 0x1269, 0x1137,
  0x11E9, 0x1194, 0x12DD, 0x0E41,  0x08EF, 0x00F1, 0x00DC, 0xFF05,
  0x00E9, 0xFF7B, 0x0094, 0xFA74,  0xF870, 0xF70C, 0xF3C2, 0xF1A0,
  0xECD4, 0xED0E, 0xE943, 0xEA13,  0xE7D5, 0xE68D, 0xE31E, 0xE201,
  0xDF0D, 0xDD36, 0xD90B, 0xD96B,  0xDA1F, 0xE1AE, 0xE374, 0xEEFE,
  0xFF74, 0x0A57, 0x126B, 0x12ED,  0x1A53, 0x1793, 0x18BF, 0x12A4,
  0x1054, 0x0F24, 0x0D90, 0x0D57,  0x0DFD, 0x0A0D, 0x037B, 0xFEFF,
  0xFF1D, 0x000D, 0xFFE6, 0x042C,  0x09AD, 0x13A1, 0x1981, 0x1C7A,
  0x1959, 0x18A4, 0x1400, 0x12EC,  0x12B8, 0x10AD, 0x0D45, 0x0EB6,
  0x105E, 0x1002, 0x0A02, 0x03C6,  0xFF7E, 0xFB6C, 0xFBE3, 0xF7C2,
  0xF8EB, 0xF51A, 0xF6D0, 0xF4DF,  0xF2B7, 0xEBA5, 0xE37E, 0xE307,
  0xE54B, 0xE803, 0xE69D, 0xE5B3,  0xE41C, 0xE3A3, 0xE347, 0xE13B,
  0xDF7F, 0xE202, 0xE744, 0xF1E3,  0xF9FF, 0x04FB, 0x08B5, 0x0B2D,
  0x0FCF, 0x11E8, 0x122F, 0x120E,  0x13E4, 0x1410, 0x12FF, 0x1155,
  0x0E88, 0x09B5, 0x05CC, 0x015A,  0x009D, 0x01EC, 0x064F, 0x07FD,
  0x0BD2, 0x1044, 0x12DD, 0x1397,  0x1182, 0x128C, 0x1242, 0x1355,
  0x1065, 0x1250, 0x14D6, 0x1427,  0x1345, 0x0F72, 0x0BBB, 0x033D,
  0xFF77, 0xF899, 0xF912, 0xF5E5,  0xF2BE, 0xF514, 0xF6F5, 0xF3ED,
  0xE99B, 0xE180, 0xDC5F, 0xDE31,  0xDEB5, 0xDBF2, 0xDEA9, 0xE371,
  0xE1C5, 0xE2EB, 0xDE79, 0xE367,  0xE1D7, 0xEA2B, 0xF08E, 0x035F,
  0x1220, 0x0EE2, 0x16FB, 0x132D,  0x1516, 0x0A29, 0x0EBE, 0x0C04,
  0x0A9B, 0x1239, 0x0E7C, 0x1370,  0x0D77, 0x0499, 0xFE8E, 0x011C,
  0x0349, 0x0040, 0x092C, 0x0E20,  0x13BD, 0x18AA, 0x16DF, 0x1467,
  0x0C86, 0x0BAF, 0x0C93, 0x100C,  0x0F98, 0x0D6D, 0x0F5A, 0x1313,
  0x1220, 0x0FB1, 0x0AAB, 0x0491,  0x0283, 0xFFE1, 0xFB95, 0xF275,
  0xEF60, 0xEB44, 0xEAAF, 0xE68D,  0xE0E3, 0xDE3A, 0xDE26, 0xE3B0,
  0xE7CD, 0xE736, 0xE4E1, 0xE22A,  0xE4CE, 0xE595, 0xE2FF, 0xE492,
  0xE872, 0xF77A, 0x004C, 0x0D64,  0x0F8C, 0x0EFE, 0x1012, 0x0FBB,
  0x16F4, 0x126F, 0x11E3, 0x1056,  0x14BF, 0x1A55, 0x1352, 0x0AAD,
  0x00C6, 0xFE01, 0xFE1C, 0x002E,  0x0499, 0x053C, 0x0C99, 0x118E,
  0x152A, 0x13B5, 0x0D2A, 0x0ADA,  0x0C91, 0x1351, 0x149C, 0x153B,
  0x13EE, 0x141B, 0x14B7, 0x1117,  0x0BC0, 0x0201, 0xFB77, 0xF99D,
  0xF901, 0xF474, 0xED29, 0xE5BD,  0xE19A, 0xDD18, 0xDB6E, 0xD912,
  0xDB8C, 0xDDEA, 0xE12C, 0xE586,  0xE580, 0xE46D, 0xDDD7, 0xDE00,
  0xDC04, 0xE48E, 0xE99A, 0xF946,  0x0925, 0x1139, 0x159F, 0x13AC,
  0x1791, 0x1275, 0x156E, 0x14B5,  0x17B5, 0x1C29, 0x1E84, 0x1C11,
  0x16C7, 0x0E60, 0x0346, 0xFEC6,  0xFCD1, 0xFB4C, 0x01EF, 0x087D,
  0x0CEE, 0x1239, 0x0E93, 0x0DC7,  0x09E5, 0x0C8D, 0x0D8D, 0x11C0,
  0x170E, 0x1B14, 0x202B, 0x1C9D,  0x17D2, 0x0F86, 0x0AD9, 0x080B,
  0xFFD9, 0xFAA5, 0xF35D, 0xEF2C,  0xE948, 0xDF3C, 0xD7D6, 0xD02B,
  0xD2E3, 0xD6EC, 0xDC4B, 0xDAAA,  0xD9CD, 0xD906, 0xDBC7, 0xDDE2,
  0xE01C, 0xE02C, 0xE94B, 0xF2B9,  0xFEF5, 0x0C18, 0x0AEA, 0x0FB2,
  0x0E0F, 0x150A, 0x11F1, 0x15A6,  0x13BF, 0x172F, 0x1B04, 0x17ED,
  0x1C3F, 0x10FB, 0x0F81, 0x0A09,  0x0893, 0x07A3, 0x0464, 0x05D8,
  0x0611, 0x0A80, 0x0B9C, 0x0D4D,  0x1037, 0x10C7, 0x1280, 0x15A5,
  0x193B, 0x1765, 0x17AB, 0x19AE,  0x19BA, 0x1927, 0x1447, 0x0C87,
  0x0509, 0xFDBC, 0xF516, 0xEE31,  0xE84C, 0xE2AA, 0xDF8D, 0xDC90,
  0xD79D, 0xD4F3, 0xD45D, 0xD1F7,  0xD0B6, 0xD364, 0xD473, 0xD885,
  0xDA39, 0xE1AA, 0xE79E, 0xEFC6,  0xF5FC, 0xFD2A, 0x08F6, 0x0722,
  0x0E60, 0x11FE, 0x19FB, 0x1918,  0x1A2D, 0x1E55, 0x1F11, 0x2169,
  0x194F, 0x1893, 0x1160, 0x0B30,  0x038D, 0x01E7, 0x018B, 0xFF5B,
  0x03A1, 0x0910, 0x0E0D, 0x0FC6,  0x1245, 0x1254, 0x13BD, 0x1445,
  0x1576, 0x18EC, 0x1CF9, 0x1D9B,  0x1D91, 0x1E72, 0x1BA9, 0x1542,
  0x093D, 0xFDAA, 0xF3AA, 0xEF4C,  0xEE05, 0xE7BF, 0xE3CB, 0xDC46,
  0xD964, 0xD798, 0xD376, 0xCFC0,  0xCADC, 0xCDC4, 0xCE99, 0xD581,
  0xD489, 0xD890, 0xDCC1, 0xE327,  0xEC35, 0xF6B6, 0x0663, 0x0395,
  0x0DF5, 0x1733, 0x1F62, 0x21B7,  0x20F3, 0x21A8, 0x2026, 0x21D0,
  0x1CCD, 0x1917, 0x133F, 0x0C71,  0x07BA, 0x090F, 0x05E8, 0x021B,
  0x044F, 0x0770, 0x08D2, 0x0A9E,  0x0A23, 0x0A2C, 0x0C5E, 0x117A,
  0x17CA, 0x1BA6, 0x1D84, 0x1D4E,  0x1E7A, 0x1BF2, 0x14C0, 0x0E50,
  0x078C, 0x0188, 0xFEB8, 0xF9EE,  0xF20B, 0xE7B1, 0xE0E0, 0xDB9C,
  0xD824, 0xD407, 0xCE05, 0xCBC4,  0xCD7E, 0xCE24, 0xD057, 0xCEF3,
  0xD0C8, 0xD65F, 0xDBF7, 0xE72A,  0xEEF1, 0xFE1E, 0x02A2, 0x09DA,
  0x14A9, 0x19F6, 0x1F72, 0x2227,  0x2654, 0x2787, 0x285E, 0x2540,
  0x2240, 0x1C53, 0x15A5, 0x0F7C,  0x0A46, 0x067C, 0x046A, 0x04A8,
  0x070A, 0x0714, 0x07CA, 0x0896,  0x0904, 0x0C17, 0x0DA9, 0x10D8,
  0x130C, 0x15B0, 0x19EC, 0x1D93,  0x1C9D, 0x18B6, 0x11C3, 0x0A77,
  0x03F1, 0xFCE1, 0xF737, 0xEEDF,  0xEB3F, 0xE7E4, 0xE340, 0xDE4F,
  0xD4FE, 0xCCC0, 0xC719, 0xC897,  0xC70C, 0xC7EC, 0xC764, 0xD017,
  0xD792, 0xDFE1, 0xE9FD, 0xF302,  0xFDC4, 0xFD9D, 0x0D58, 0x11F7,
  0x1A4B, 0x1FBA, 0x2614, 0x2B49,  0x2ACF, 0x2CD5, 0x263C, 0x2734,
  0x1C5B, 0x17B1, 0x137A, 0x0F73,  0x0BE7, 0x0A9E, 0x0BDB, 0x0722,
  0x06D1, 0x03CF, 0x038C, 0x022D,  0x04ED, 0x0A0D, 0x102E, 0x143F,
  0x140B, 0x1807, 0x14FD, 0x12A1,  0x0DC1, 0x07BB, 0x0100, 0xFAE0,
  0xFAF8, 0xF50B, 0xF177, 0xE912,  0xE4B5, 0xDFDE, 0xD866, 0xD4DD,
  0xCFEE, 0xCEA2, 0xCBAD, 0xCE07,  0xCB3B, 0xCFCC, 0xD1DE, 0xDA7A,
  0xE579, 0xF1A7, 0xFE2A, 0xFB02,  0x090B, 0x0D8B, 0x1668, 0x1D2C,
  0x1FE5, 0x25BE, 0x27F9, 0x2EC2,  0x2E30, 0x2C29, 0x23C5, 0x1BD5,
  0x172F, 0x13E4, 0x113B, 0x0EBD,  0x0DF9, 0x0DAC, 0x0B06, 0x08DC,
  0x046F, 0x011B, 0xFE5E, 0x02BD,  0x0850, 0x097A, 0x0F58, 0x133D,
  0x147E, 0x1180, 0x0C2D, 0x0448,  0xFC38, 0xF592, 0xF291, 0xEF67,
  0xEB87, 0xE972, 0xE7D0, 0xE440,  0xDE80, 0xD88E, 0xD4CB, 0xD07A,
  0xD189, 0xCFEA, 0xCFE5, 0xD359,  0xD789, 0xE036, 0xE7DB, 0xF480,
  0xF6AE, 0xFD30, 0x0565, 0x0D04,  0x1444, 0x1B87, 0x2253, 0x255A,
  0x2DA6, 0x2F4E, 0x2ECB, 0x29D4,  0x22DB, 0x1EC5, 0x19E1, 0x16B2,
  0x159E, 0x1262, 0x1125, 0x118D,  0x0E32, 0x0A09, 0x0459, 0x021A,
  0x0166, 0x03ED, 0x0924, 0x0B52,  0x0EE3, 0x0DA1, 0x0A03, 0x0674,
  0xFF4D, 0xF766, 0xF0C5, 0xECE5,  0xEB5E, 0xE895, 0xE793, 0xE440,
  0xE33C, 0xDF59, 0xDB64, 0xD7D3,  0xD277, 0xD312, 0xD284, 0xD533,
  0xD835, 0xDFF3, 0xE4BB, 0xF09B,  0xF8EA, 0xFB16, 0xFF50, 0x029D,
  0x0A86, 0x0E8E, 0x1894, 0x1CE6,  0x22DF, 0x2B37, 0x2D0D, 0x2E11,
  0x2771, 0x2120, 0x1AF4, 0x187D,  0x177E, 0x1619, 0x178C, 0x15F3,
  0x1785, 0x138A, 0x0E15, 0x0758,  0x011A, 0x0132, 0x03E2, 0x08DA,
  0x0A6E, 0x0D0C, 0x0C74, 0x0A29,  0x03BE, 0xFAE8, 0xF208, 0xEB19,
  0xEA58, 0xE7AE, 0xE804, 0xE593,  0xE690, 0xE4C5, 0xE015, 0xDC8F,
  0xD4C7, 0xD222, 0xD082, 0xD372,  0xD55E, 0xDD9D, 0xE07B, 0xEBD5,
  0xF659, 0xF9F7, 0xFD9D, 0xFEEE,  0x0930, 0x0A17, 0x1529, 0x19DF,
  0x1F57, 0x26E9, 0x2A03, 0x2D33,  0x283D, 0x2447, 0x1CB6, 0x1A7F,
  0x1833, 0x157E, 0x171E, 0x172E,  0x16CE, 0x1410, 0x1191, 0x0B40,
  0x043E, 0x028F, 0x02A2, 0x030D,  0x03EC, 0x06FB, 0x07AD, 0x0813,
  0x03A3, 0xFDDF, 0xF713, 0xF03B,  0xEDD2, 0xEB8A, 0xEB00, 0xE8DD,
  0xE77B, 0xE65C, 0xE257, 0xDEE8,  0xD934, 0xD525, 0xD24C, 0xD237,
  0xD4BC, 0xDB55, 0xE057, 0xE875,  0xF461, 0xF7DD, 0xFBFD, 0xFDAC,
  0x0529, 0x080D, 0x0F2E, 0x177D,  0x1AC9, 0x239E, 0x2727, 0x2B5C,
  0x28C3, 0x2557, 0x20EC, 0x1C83,  0x1B2E, 0x18CB, 0x199C, 0x1927,
  0x19B0, 0x1724, 0x13AF, 0x0E6C,  0x0788, 0x0311, 0x0260, 0x0369,
  0x01AD, 0x0468, 0x059A, 0x0442,  0xFFE6, 0xFB14, 0xF3FE, 0xED2A,
  0xEA4C, 0xE6DF, 0xE72C, 0xE6DD,  0xEA35, 0xEAEF, 0xE94F, 0xE5B7,
  0xDEB3, 0xDA1F, 0xD687, 0xD668,  0xD685, 0xDD8E, 0xE108, 0xECD3,
  0xF65A, 0xF94C, 0xFC9F, 0xFDB4,  0x04A0, 0x0300, 0x0D7F, 0x11E0,
  0x17AF, 0x21B5, 0x26AC, 0x2BD2,  0x2964, 0x24EC, 0x1E4F, 0x1C25,
  0x190B, 0x1624, 0x16F8, 0x173C,  0x1854, 0x18CC, 0x1599, 0x0F80,
  0x077B, 0x042A, 0x0182, 0x01A8,  0x00BE, 0x0277, 0x02E6, 0x03F0,
  0x02A8, 0xFD23, 0xF4FB, 0xED5B,  0xE7A7, 0xE42D, 0xE52D, 0xE344,
  0xE864, 0xE916, 0xE9BF, 0xE802,  0xE1C1, 0xDCFB, 0xD959, 0xD657,
  0xD910, 0xDCB5, 0xE5A7, 0xEE36,  0xF8E0, 0xFCF5, 0xFC5E, 0x013C,
  0xFEDE, 0x042F, 0x08A1, 0x0EE1,  0x169B, 0x2184, 0x2962, 0x2D94,
  0x2C70, 0x2748, 0x208F, 0x1ADA,  0x1635, 0x1452, 0x14F2, 0x1683,
  0x1B8A, 0x1BDD, 0x1A41, 0x13FF,  0x0C5B, 0x04FF, 0x028B, 0xFF94,
  0xFEC5, 0x00A2, 0x0038, 0x01AA,  0xFE9D, 0xF75F, 0xEDCA, 0xE43C,
  0xDF50, 0xDD34, 0xDE75, 0xDF80,  0xE3E5, 0xE63D, 0xE7B5, 0xE723,
  0xE2F8, 0xDD17, 0xDA74, 0xD9BD,  0xDDF5, 0xE4CE, 0xED8E, 0xF8E1,
  0xFD0C, 0x0398, 0x0460, 0x0686,  0x0468, 0x0851, 0x0AE7, 0x10AF,
  0x1B9F, 0x2212, 0x2A0A, 0x2C25,  0x2B4F, 0x2768, 0x2186, 0x1A0A,
  0x164E, 0x13E2, 0x1470, 0x170D,  0x1A38, 0x1867, 0x173B, 0x107C,
  0x0B3A, 0x0461, 0xFEE5, 0xFB0D,  0xFAFB, 0xFC35, 0xFB95, 0xFCB8,
  0xF75A, 0xF340, 0xEB78, 0xE5A8,  0xDF4D, 0xDD13, 0xDCFC, 0xE135,
  0xE4BE, 0xE750, 0xE7B6, 0xE660,  0xE1EE, 0xDFD8, 0xDD59, 0xDDAF,
  0xE433, 0xE9F6, 0xF5D7, 0xF989,  0xFFF2, 0x02D3, 0x04DA, 0x05CE,
  0x06C0, 0x0A62, 0x0D24, 0x15F8,  0x1DDC, 0x2420, 0x2897, 0x2885,
  0x262B, 0x22C2, 0x1D5F, 0x193C,  0x16E6, 0x16E2, 0x18A3, 0x1A64,
  0x1B54, 0x1842, 0x1562, 0x0FB4,  0x0A08, 0x0465, 0xFF01, 0xFD57,
  0xFBBD, 0xFADA, 0xF7B9, 0xF4A5,  0xEF4C, 0xEA45, 0xE377, 0xDED8,
  0xDC0B, 0xDBA9, 0xDE95, 0xE1B3,  0xE398, 0xE4CC, 0xE3C3, 0xE338,
  0xE00D, 0xE04F, 0xE1BA, 0xE448,  0xECB2, 0xF2E5, 0xFA71, 0xFC1D,
  0x02C1, 0x049A, 0x06E3, 0x09FA,  0x0B8E, 0x0F95, 0x1504, 0x1CDC,
  0x20B4, 0x257D, 0x26E2, 0x2658,  0x248A, 0x20D6, 0x1DF7, 0x1986,
  0x1828, 0x1799, 0x17B1, 0x1828,  0x1602, 0x14CB, 0x101F, 0x0DA5,
  0x07B0, 0x0339, 0xFCBB, 0xF91D,  0xF579, 0xF302, 0xF0B9, 0xECA4,
  0xEA75, 0xE5A1, 0xE3FC, 0xDFF1,  0xDEBC, 0xDC74, 0xDE29, 0xDE96,
  0xE1AE, 0xE202, 0xE262, 0xE375,  0xE4A1, 0xE757, 0xE9AE, 0xEFF5,
  0xF357, 0xF666, 0xFB08, 0x000A,  0x0305, 0x08F8, 0x0B58, 0x1000,
  0x13BA, 0x1A8D, 0x1DA8, 0x208C,  0x226C, 0x219D, 0x2220, 0x2142,
  0x205B, 0x1DB1, 0x1D7D, 0x1B65,  0x1C4A, 0x1A30, 0x1871, 0x1437,
  0x127C, 0x0F1F, 0x0BD5, 0x069E,  0x01B6, 0xFD33, 0xF9A8, 0xF707,
  0xF39D, 0xEFD1, 0xEB5D, 0xE825,  0xE3E3, 0xE131, 0xDCE6, 0xDC3C,
  0xDA89, 0xDC81, 0xDC3A, 0xDF40,  0xDFB7, 0xE1F0, 0xE27C, 0xE3F0,
  0xE4A9, 0xE8B5, 0xEE19, 0xF0C7,  0xF60E, 0xFA0D, 0x0233, 0x059F,
  0x0D17, 0x0F72, 0x13B3, 0x17E2,  0x1C1C, 0x1F4C, 0x215E, 0x2318,
  0x2460, 0x25BF, 0x2674, 0x23E8,  0x2230, 0x1FB6, 0x1D0C, 0x1B43,
  0x17E6, 0x14E4, 0x11CE, 0x11DC,  0x0ED2, 0x0CC0, 0x075F, 0x029F,
  0xFB84, 0xF74F, 0xF214, 0xEE40,  0xEACB, 0xE908, 0xE7C1, 0xE5B6,
  0xE394, 0xDFE8, 0xDE0E, 0xDBA3,  0xDB55, 0xDA74, 0xDABA, 0xDBF4,
  0xDDBC, 0xE15F, 0xE397, 0xE65E,  0xEB92, 0xEE32, 0xF291, 0xF47D,
  0xFB9D, 0xFF00, 0x055B, 0x0B61,  0x0FE7, 0x1683, 0x1B0F, 0x212C,
  0x22AE, 0x2671, 0x2568, 0x25C9,  0x25C9, 0x247F, 0x22E9, 0x219E,
  0x20F3, 0x1E65, 0x1D7F, 0x1B31,  0x17C2, 0x13F2, 0x1040, 0x0C0F,
  0x0759, 0x0327, 0xFF28, 0xFB6D,  0xF7EF, 0xF442, 0xF121, 0xED42,
  0xE922, 0xE479, 0xE15D, 0xDEC0,  0xDD35, 0xDCBC, 0xDC17, 0xDC7E,
  0xDC78, 0xDDDD, 0xDCA9, 0xDEEB,  0xDED3, 0xE0E2, 0xE399, 0xE973,
  0xEE3B, 0xEFAD, 0xF6DA, 0xF9F5,  0x0080, 0x0404, 0x0A14, 0x0E5A,
  0x12B3, 0x1949, 0x1CA5, 0x21B6,  0x22F7, 0x249F, 0x2669, 0x26FA,
  0x26D9, 0x254A, 0x25E2, 0x240D,  0x2383, 0x223F, 0x1ECE, 0x1A78,
  0x1579, 0x123B, 0x0CAF, 0x08B3,  0x02DB, 0xFE77, 0xFA43, 0xF6C3,
  0xF2F8, 0xEE7D, 0xEA5F, 0xE63D,  0xE369, 0xE0F2, 0xDEA3, 0xDD64,
  0xDCB0, 0xDCA5, 0xDC55, 0xDCD1,  0xDCDB, 0xDD8B, 0xDEE0, 0xE0F0,
  0xE35F, 0xE72E, 0xED27, 0xEFF4,  0xF3EB, 0xF69B, 0xFC24, 0xFF0E,
  0x037A, 0x077C, 0x0BB6, 0x11AC,  0x1684, 0x1C04, 0x1F41, 0x21ED,
  0x2389, 0x25A3, 0x265A, 0x25D2,  0x253C, 0x2536, 0x23E6, 0x2368,
  0x219F, 0x1F6D, 0x1B5D, 0x1850,  0x13D3, 0x0EAC, 0x0935, 0x03C9,
  0xFEE6, 0xF9C0, 0xF577, 0xF070,  0xECDA, 0xE92F, 0xE6C1, 0xE409,
  0xE191, 0xDF2D, 0xDDD4, 0xDD39,  0xDCE7, 0xDCB7, 0xDD15, 0xDDB9,
  0xDECF, 0xE0FE, 0xE2EC, 0xE62C,  0xEA91, 0xEF18, 0xF2A6, 0xF541,
  0xF875, 0xFBBE, 0xFF9B, 0x031A,  0x063A, 0x09EB, 0x0E35, 0x1286,
  0x1652, 0x19B5, 0x1B87, 0x1DE3,  0x1FD6, 0x20F4, 0x21DB, 0x21FB,
  0x2239, 0x21C6, 0x200F, 0x1EFD,  0x1B84, 0x18AB, 0x14F7, 0x112C,
  0x0E66, 0x0979, 0x05FF, 0x015A,  0xFD73, 0xF8FA, 0xF414, 0xF1E7,
  0xEEF2, 0xEE38, 0xED17, 0xE9E8,  0xE8D7, 0xE6E2, 0xE677, 0xE710,
  0xE6F5, 0xE5F6, 0xE590, 0xE487,  0xE4A2, 0xE66E, 0xE765, 0xEA12,
  0xEC53, 0xF00A, 0xF291, 0xF543,  0xF6C6, 0xF872, 0xFA6B, 0xFC8F,
  0xFFB9, 0x022B, 0x066F, 0x09DC,  0x0E2B, 0x11B6, 0x1462, 0x1682,
  0x1867, 0x1A4C, 0x1BC6, 0x1D0B,  0x1E12, 0x1E95, 0x1E30, 0x1D22,
  0x1AC3, 0x17F7, 0x1498, 0x11C2,  0x0E56, 0x0B45, 0x0899, 0x061F,
  0x040F, 0x0167, 0xFED0, 0xFB88,  0xF828, 0xF564, 0xF381, 0xF1B8,
  0xF08D, 0xEFBA, 0xEEBB, 0xEDE7,  0xECCA, 0xEBE2, 0xEB29, 0xEAAF,
  0xEB33, 0xEC1A, 0xED04, 0xEE70,  0xEFB5, 0xF1B9, 0xF394, 0xF4C2,
  0xF6F5, 0xF795, 0xF98E, 0xFB6F,  0xFD00, 0xFF7F, 0x015A, 0x0473,
  0x0614, 0x0885, 0x0902, 0x0939,  0x0A1A, 0x0A92, 0x0AD6, 0x0C50,
  0x0EBE, 0x0F42, 0x1060, 0x1038,  0x0F5E, 0x0E4D, 0x0C97, 0x0A29,
  0x07C3, 0x0599, 0x03E0, 0x0344,  0x0328, 0x02E9, 0x02AE, 0x0210,
  0x0103, 0xFFE9, 0xFE9B, 0xFE03,  0xFCF4, 0xFC59, 0xFB97, 0xFA7F,
  0xFA3C, 0xF9CE, 0xF9A4, 0xFA01,  0xFA6A, 0xFAEB, 0xFB40, 0xFB70,
  0xFB43, 0xFADE, 0xFA92, 0xFA44,  0xFA14, 0xF9D3, 0xFA28, 0xFAD7,
  0xFBE0, 0xFCC6, 0xFD9C, 0xFE8D,  0xFEBD, 0xFEAB, 0xFEC8, 0xFEDB,
  0xFEAF, 0xFF08, 0xFFD4, 0x008B,  0x0191, 0x0272, 0x0299, 0x029C,
  0x025E, 0x020A, 0x01A3, 0x0206,  0x023C, 0x026C, 0x028C, 0x0270,
  0x0269, 0x023C, 0x0285, 0x02EA,  0x0363, 0x039E, 0x041B, 0x03CF,
  0x037F, 0x0312, 0x0234, 0x01E3,  0x019B, 0x01B5, 0x01F0, 0x029C,
  0x02F4, 0x0301, 0x02EC, 0x01ED,  0x00D3, 0xFFA3, 0xFF11, 0xFEE4,
  0xFEBD, 0xFEEC, 0xFF17, 0xFF02,  0xFEB0, 0xFE7F, 0xFE3B, 0xFDAF,
  0xFD76, 0xFCFB, 0xFCAC, 0xFCA9,  0xFC9D, 0xFCC9, 0xFCE1, 0xFD06,
  0xFD49, 0xFD4E, 0xFD3C, 0xFCED,  0xFC74, 0xFC60, 0xFC0F, 0xFC53,
  0xFC86, 0xFCEA, 0xFCFB, 0xFD5E,  0xFDFB, 0xFE47, 0xFEDF, 0xFF79,
  0x005F, 0x00D1, 0x015F, 0x01DC,  0x0262, 0x031D, 0x034F, 0x03A8,
  0x0428, 0x0474, 0x04C6, 0x04E6,  0x051E, 0x0558, 0x0558, 0x0590,
  0x0550, 0x0517, 0x04C3, 0x044E,  0x03ED, 0x0352, 0x02E4, 0x0283,
  0x020D, 0x01AB, 0x011B, 0x008E,  0xFFF4, 0xFF7E, 0xFF28, 0xFE9F,
  0xFE1C, 0xFDB6, 0xFD8D, 0xFD6B,  0xFD50, 0xFD16, 0xFCC8, 0xFC7E,
  0xFC2E, 0xFC08, 0xFC01, 0xFC16,  0xFC2E, 0xFC28, 0xFC5D, 0xFC7D,
  0xFCBD, 0xFCFA, 0xFD3F, 0xFDA0,  0xFDF8, 0xFE58, 0xFEBD, 0xFF2E,
  0xFF9A, 0xFFED, 0x004F, 0x0097,  0x00FA, 0x0151, 0x0186, 0x01BF,
  0x01ED, 0x0218, 0x023D, 0x025F,  0x025F, 0x0258, 0x024B, 0x0226,
  0x0209, 0x01E0, 0x01B6, 0x019B,  0x0170, 0x0151, 0x0145, 0x0116,
  0x00D0, 0x009A, 0x0067, 0x0035,  0xFFFC, 0xFFD0, 0xFFA6, 0xFF8C,
  0xFF4E, 0xFF28, 0xFF0F, 0xFEE9,  0xFEB5, 0xFE89, 0xFE6A, 0xFE5B,
  0xFE5A, 0xFE57, 0xFE5D, 0xFE6F,  0xFE86, 0xFE89, 0xFEAA, 0xFEBF,
  0xFECF, 0xFEE3, 0xFEF9, 0xFF1D,  0xFF4E, 0xFF81, 0xFFA5, 0xFFCC,
  0xFFFE, 0x0026, 0x0046, 0x007F,  0x00AA, 0x00DC, 0x0103, 0x0104,
  0x010F, 0x011B, 0x011B, 0x012D,  0x0124, 0x0128, 0x0129, 0x0127,
  0x010B, 0x0101, 0x00E2, 0x00C4,  0x00A3, 0x007E, 0x0064, 0x0044,
  0x001A, 0x0006, 0xFFED, 0xFFC1,  0xFFA4, 0xFF6D, 0xFF4D, 0xFF26,
  0xFF07, 0xFEFD, 0xFEDE, 0xFEE7,  0xFEDD, 0xFEDD, 0xFEE7, 0xFEF4,
  0xFEF9, 0xFEF7, 0xFF06, 0xFF0A,  0xFF0E, 0xFF22, 0xFF2F, 0xFF5A,
  0xFF94, 0xFFB7, 0xFFC9, 0xFFE4,  0xFFFA, 0x0014, 0x0025, 0x0039,
  0x0057, 0x007B, 0x0088, 0x00A1,  0x00AD, 0x00B1, 0x00C0, 0x00C7,
  0x00E7, 0x00E7, 0x00FC, 0x00E6,  0x00D8, 0x00DA, 0x00C5, 0x00B7,
  0x009E, 0x0096, 0x007B, 0x0067,  0x0045, 0x0029, 0x000D, 0xFFEF,
  0xFFEF, 0xFFD7, 0xFFDD, 0xFFE9,  0xFFDA, 0xFFCC, 0xFFC9, 0xFFB8,
  0xFFCB, 0xFFB3, 0xFFB4, 0xFFB5,  0xFFAF, 0xFFC0, 0xFFD2, 0xFFD6,
  0xFFE4, 0xFFEF, 0xFFF3, 0xFFF0,  0xFFFE, 0xFFFB, 0x000F, 0x001C,
  0x0025, 0x002B, 0x002A, 0x0029,  0x0035, 0x003A, 0x004B, 0x0051,
  0x0048, 0x005A, 0x0059, 0x005F,  0x006B, 0x0064, 0x0070, 0x0073,
  0x006C, 0x0073, 0x0064, 0x005C,  0x0045, 0x003A, 0x001C, 0x000A,
  0x000C, 0xFFE7, 0xFFD8, 0xFFD8,  0xFFC6, 0xFFCE, 0xFFC1, 0xFFB9,
  0xFFAA, 0xFFA6, 0xFFA2, 0xFFB0,  0xFFAC, 0xFFB7, 0xFFBE, 0xFFD1,
  0xFFE1, 0xFFE9, 0xFFFB, 0x000A,  0x000F, 0x0012, 0x0016, 0x001D,
  0x001B, 0x0025, 0x002D, 0x0030,  0x002B, 0x0034, 0x002A, 0x0041,
  0x0040, 0x0041, 0x0040, 0x0043,  0x0048, 0x0043, 0x0042, 0x0041,
  0x0048, 0x004B, 0x0046, 0x0042,  0x0034, 0x0036, 0x0029, 0x001A,
  0x0001, 0x0002, 0xFFEA, 0xFFE0,  0xFFD1, 0xFFCE, 0xFFBD, 0xFFCB,
  0xFFDD, 0xFFDB, 0xFFDD, 0xFFCF,  0xFFD1, 0xFFCC, 0xFFD1, 0xFFC3,
  0xFFC2, 0xFFCA, 0xFFE6, 0xFFEE,  0xFFF4, 0x0005, 0x0005, 0x000A,
  0x0006, 0x000B, 0x000F, 0x001D,  0x0020, 0x002C, 0x0026, 0x0033,
  0x003C, 0x0032, 0x003B, 0x0035,  0x003B, 0x003A, 0x0039, 0x003E,
  0x003B, 0x0038, 0x003F, 0x0034,  0x003A, 0x0038, 0x003C, 0x003C,
  0x0027, 0x001C, 0x0013, 0x000D,  0xFFF8, 0xFFE4, 0xFFE5, 0xFFD7,
  0xFFD5, 0xFFCD, 0xFFD3, 0xFFDC,  0xFFDF, 0xFFD2, 0xFFD8, 0xFFD6,
  0xFFD6, 0xFFD5, 0xFFE1, 0xFFDF,  0xFFEB, 0xFFE5, 0xFFF9, 0xFFFB,
  0xFFF7, 0xFFF6, 0xFFF9, 0xFFF5,  0xFFF0, 0xFFFD, 0xFFFB, 0x0003,
  0x0003, 0x0008, 0x000A, 0x0002,  0x0000, 0x0005, 0x000A, 0x0006,
  0x000A, 0x000C, 0x0010, 0x0012,  0x0014, 0x0016, 0x001A, 0x001A,
  0x0019, 0x001A, 0x001B, 0x0015,  0x0012, 0x0013, 0x0008, 0x0003,
  0xFFF4, 0xFFE5, 0xFFDE, 0xFFDA,  0xFFDA, 0xFFD7, 0xFFDA, 0xFFE4,
  0xFFE7, 0xFFE7, 0xFFEF, 0xFFF3,  0xFFFC, 0xFFFC, 0x000B, 0x000F,
  0x001B, 0x0025, 0x002B, 0x002B,  0x0036, 0x0038, 0x0038, 0x003E,
  0x0038, 0x003E, 0x0036, 0x003D,  0x002E, 0x002C, 0x0019, 0x0012,
  0x0004, 0xFFFF, 0xFFFD, 0xFFF2,  0xFFF2, 0xFFEA, 0xFFEB, 0xFFEB,
  0xFFE5, 0xFFE8, 0xFFEA, 0xFFEB,  0xFFF2, 0xFFF0, 0xFFF4, 0xFFF2,
  0xFFEB, 0xFFE6, 0xFFDE, 0xFFD2,  0xFFC8, 0xFFC0, 0xFFB8, 0xFFB4,
  0xFFB8, 0xFFB9, 0xFFBB, 0xFFC1,  0xFFC1, 0xFFC8, 0xFFC7, 0xFFCC,
  0xFFD7, 0xFFD4, 0xFFE7, 0xFFF0,  0xFFF8, 0x000A, 0x0014, 0x001D,
  0x0022, 0x0027, 0x0030, 0x0033,  0x0039, 0x003C, 0x0044, 0x004B,
  0x004F, 0x004C, 0x004A, 0x0043,  0x0042, 0x0034, 0x0039, 0x002B,
  0x002E, 0x0026, 0x001E, 0x001F,  0x000B, 0x0008, 0xFFFE, 0xFFF6,
  0xFFEE, 0xFFEB, 0xFFE4, 0xFFE4,  0xFFD5, 0xFFD6, 0xFFC7, 0xFFC2,
  0xFFB7, 0xFFB2, 0xFFAC, 0xFFA5,  0xFFA3, 0xFFA2, 0xFFA2, 0xFFA3,
  0xFFAC, 0xFFA3, 0xFFB4, 0xFFB2,  0xFFC0, 0xFFC2, 0xFFCD, 0xFFD9,
  0xFFE8, 0xFFF9, 0xFFFF, 0x000D,  0x0014, 0x0027, 0x002B, 0x003D,
  0x0042, 0x0050, 0x0057, 0x0067,  0x0067, 0x006D, 0x0073, 0x006F,
  0x006E, 0x006B, 0x0069, 0x0063,  0x005C, 0x004F, 0x0049, 0x0041,
  0x003B, 0x0030, 0x002B, 0x001D,  0x0013, 0x0003, 0xFFFF, 0xFFF3,
  0xFFE0, 0xFFD6, 0xFFC6, 0xFFBE,  0xFFB1, 0xFFAA, 0xFFA0, 0xFFA4,
  0xFFA4, 0xFFA2, 0xFF95, 0xFF8C,  0xFF89, 0xFF89, 0xFF80, 0xFF91,
  0xFFB0, 0xFFB2, 0xFFC2, 0xFFC7,  0xFFD6, 0xFFE2, 0xFFEE, 0xFFEC,
  0xFFFE, 0xFFFB, 0x000C, 0x001F,  0x0025, 0x0037, 0x0038, 0x004C,
  0x0053, 0x0062, 0x0063, 0x0066,  0x0062, 0x0064, 0x005D, 0x0058,
  0x0051, 0x0048, 0x0048, 0x0040,  0x003D, 0x0036, 0x0032, 0x002D,
  0x001E, 0x001C, 0x0014, 0x0013,  0x0005, 0x0006, 0xFFF8, 0xFFED,
  0xFFDF, 0xFFCF, 0xFFCA, 0xFFB8,  0xFFB5, 0xFFAA, 0xFFA9, 0xFFA3,
  0xFFA2, 0xFFA1, 0xFF9E, 0xFFA2,  0xFF9E, 0xFFA5, 0xFFA4, 0xFFAC,
  0xFFB3, 0xFFB8, 0xFFC2, 0xFFCB,  0xFFD5, 0xFFDB, 0xFFE7, 0xFFF3,
  0xFFF4, 0x0003, 0x0011, 0x0015,  0x0021, 0x0029, 0x0036, 0x003B,
  0x003D, 0x0044, 0x0042, 0x0044,  0x0044, 0x003F, 0x003B, 0x003D,
  0x003C, 0x0035, 0x0039, 0x002D,  0x002E, 0x0028, 0x0027, 0x0022,
  0x0016, 0x0013, 0x000C, 0x0009,  0x0001, 0xFFF8, 0xFFF3, 0xFFE5,
  0xFFE1, 0xFFCE, 0xFFCF, 0xFFC7,  0xFFC1, 0xFFBF, 0xFFB6, 0xFFB9,
  0xFFAE, 0xFFB7, 0xFFB1, 0xFFB5,  0xFFB2, 0xFFB9, 0xFFB8, 0xFFBF,
  0xFFC7, 0xFFC4, 0xFFCD, 0xFFCE,  0xFFD4, 0xFFD4, 0xFFDA, 0xFFDD,
  0xFFE0, 0xFFE9, 0xFFE9, 0xFFF1,  0xFFEF, 0xFFF8, 0xFFFE, 0xFFFD,
  0x000A, 0x0005, 0x000E, 0x0011,  0x0018, 0x0019, 0x0025, 0x0024,
  0x0034, 0x0033, 0x003D, 0x0039,  0x003F, 0x003D, 0x0043, 0x003E,
  0x003F, 0x0037, 0x0039, 0x0038,  0x0034, 0x002F, 0x0028, 0x0023,
  0x0018, 0x0017, 0x000B, 0x0008,  0x0001, 0xFFFC, 0xFFF1, 0xFFF3,
  0xFFF0, 0xFFEC, 0xFFE2, 0xFFE3,  0xFFD7, 0xFFDF, 0xFFDC, 0xFFD3,
  0xFFDD, 0xFFD3, 0xFFD8, 0xFFD4,  0xFFD7, 0xFFD5, 0xFFD4, 0xFFD7,
  0xFFCA, 0xFFCA, 0xFFCD, 0xFFCA,  0xFFD1, 0xFFCE, 0xFFD2, 0xFFD9,
  0xFFD0, 0xFFE3, 0xFFDF, 0xFFED,  0xFFF2, 0xFFF9, 0x0000, 0x0005,
  0x000D, 0x0013, 0x001E, 0x0023,  0x0025, 0x002D, 0x002D, 0x0030,
  0x0035, 0x0035, 0x0035, 0x0035,  0x0031, 0x0031, 0x002F, 0x002C,
  0x0029, 0x0021, 0x001E, 0x0015,  0x0012, 0x0008, 0x000A, 0x0004,
  0xFFF6, 0xFFF3, 0xFFEA, 0xFFEE,  0xFFE2, 0xFFDF, 0xFFD7, 0xFFD1,
  0xFFCC, 0xFFCD, 0xFFCA, 0xFFC7,  0xFFC8, 0xFFC8, 0xFFC6, 0xFFC3,
  0xFFC3, 0xFFBD, 0xFFC5, 0xFFC4,  0xFFC8, 0xFFC7, 0xFFCB, 0xFFCE,
  0xFFCD, 0xFFD1, 0xFFD3, 0xFFDA,  0xFFE0, 0xFFE7, 0xFFEC, 0xFFFB,
  0xFFFE, 0x0008, 0x0004, 0x0010,  0x0012, 0x001E, 0x001B, 0x001F,
  0x0029, 0x0027, 0x002D, 0x002B,  0x0030, 0x002F, 0x0033, 0x0037,
  0x0038, 0x0033, 0x003C, 0x0032,  0x0036, 0x0035, 0x0031, 0x002B,
  0x0024, 0x001F, 0x001A, 0x001F,  0x0017, 0x001A, 0x000C, 0x000C,
  0xFFFE, 0xFFF8, 0xFFEC, 0xFFDF,  0xFFDE, 0xFFD4, 0xFFCD, 0xFFC4,
  0xFFBC, 0xFFAF, 0xFFAA, 0xFFA0,  0xFF9E, 0xFF99, 0xFF94, 0xFF94,
  0xFF91, 0xFF99, 0xFFA0, 0xFFA5,  0xFFA7, 0xFFB4, 0xFFB4, 0xFFBF,
  0xFFC0, 0xFFD0, 0xFFD7, 0xFFE3,  0xFFF1, 0xFFF7, 0x0005, 0x0012,
  0x0014, 0x0026, 0x0030, 0x003F,  0x0048, 0x0055, 0x0058, 0x0060,
  0x0061, 0x0068, 0x006B, 0x006C,  0x006C, 0x0069, 0x0075, 0x006B,
  0x005E, 0x004D, 0x0046, 0x003A,  0x003C, 0x0035, 0x0041, 0x0038,
  0x0024, 0x001D, 0x0015, 0x0019,  0x0014, 0x0005, 0xFFFE, 0xFFE9,
  0xFFF3, 0xFFE6, 0xFFE4, 0xFFDF,  0xFFE1, 0xFFE0, 0xFFEA, 0xFFDC,
  0xFFD6, 0xFFD7, 0xFFDF, 0xFFE7,  0xFFE7, 0xFFE5, 0xFFE4, 0xFFE1,
  0xFFE7, 0xFFFC, 0x0001, 0x000E,  0x0017, 0x0011, 0x0020, 0x0021,
  0x0031, 0x0031, 0x0031, 0x002B,  0x002D, 0x0027, 0x002C, 0x002D,
  0x0025, 0x0029, 0x0020, 0x001D,  0x0017, 0x0010, 0x0012, 0x0003,
  0x0003, 0xFFF3, 0xFFF9, 0xFFF3,  0xFFEA, 0xFFED, 0xFFEA, 0xFFEB,
  0xFFE6, 0xFFE5, 0xFFDA, 0xFFE1,  0xFFE9, 0xFFE7, 0xFFEF, 0xFFE3,
  0xFFF4, 0xFFEC, 0xFFEE, 0xFFF6,  0xFFF1, 0xFFF3, 0xFFFB, 0xFFFD,
  0xFFFA, 0xFFFC, 0xFFF2, 0xFFFD,  0xFFFD, 0xFFFD, 0xFFFD, 0x0002,
  0x0002, 0x000E, 0x0007, 0xFFFF,  0x0011, 0xFFF4, 0x0008, 0x0008,
  0x000F, 0x0002, 0x001A, 0x0002,  0xFFE4, 0x0032, 0xFFCD, 0x0046,
  0xFFDC, 0x002C, 0x000E, 0xFFED,  0x0054, 0xFFCE, 0x0072, 0xFFC0,
  0x009A, 0xFFB2, 0x0081, 0xFFE4,  0x006B, 0x0044, 0x0009, 0x009A,
  0xFFCE, 0x00C0, 0xFFE8, 0x0048,  0x0065, 0x0012, 0x0026, 0x0056,
  0xFFF8, 0x00A6, 0xFFBE, 0x00CA,  0xFFE1, 0x0035, 0x0032, 0xFF8D,
  0x0057, 0x005A, 0xFF81, 0x00A2,  0xFFC2, 0xFFF0, 0x0077, 0xFF30,
  0x00B5, 0xFF3A, 0x0081, 0xFF7E,  0x007F, 0xFF75, 0x0017, 0x001E,
  0xFF97, 0x0073, 0xFF6F, 0x002B,  0xFFB4, 0xFFC5, 0x0007, 0xFFFF,
  0xFFF6, 0x001A, 0xFFDB, 0xFFCD,  0xFF62, 0xFFC7, 0x002A, 0xFF54,
  0x0102, 0xFFBF, 0xFF4D, 0x013A,  0xFF37, 0x0072, 0x014E, 0xFDE9,
  0xFFB8, 0x00B9, 0xFCE1, 0x01B3,  0x02B6, 0x00EE, 0xFCB8, 0x02AB,
  0x0399, 0xFD3D, 0xFEF3, 0x00D5,  0x06C6, 0x0543, 0x0270, 0xFF63,
  0xFC91, 0xFA40, 0xFA8D, 0xFE03,  0x02F0, 0x0250, 0x004D, 0xFF73,
  0x01BD, 0x032C, 0x021D, 0xFE90,  0xFA77, 0xFA47, 0xFABC, 0x01C1,
  0x03C4, 0x03BC, 0x01C0, 0xFEA3,  0xFFF3, 0xFD2A, 0xF9E0, 0xFA32,
  0x0035, 0x0511, 0x04A9, 0x0065,  0xFEDA, 0xFE63, 0x0185, 0x0915,
  0x061D, 0x0821, 0x05F4, 0x07F3,  0x0CAC, 0x0B74, 0x0CF3, 0x0D34,
  0x0CAC, 0x0507, 0xFF57, 0xFC1E,  0xFAA0, 0xFAEA, 0xFE8C, 0x0275,
  0x068A, 0x051E, 0x01D0, 0xFF2F,  0xFABA, 0xF4E0, 0xF3D0, 0xF539,
  0xF7C8, 0xFAED, 0xFC9A, 0xFF1A,  0xFCB6, 0xFACF, 0xF71D, 0xF6B4,
  0xF9A5, 0xFD33, 0xFE78, 0x007D,  0x02CD, 0x04E7, 0x035E, 0x0170,
  0x00B4, 0xFEBA, 0xFDA9, 0xFDE0,  0xFEEB, 0xFF4C, 0xFE2C, 0xFD2E,
  0x0009, 0xFF26, 0x0070, 0xFFDD,  0xFFC4, 0x01BE, 0xFFF3, 0xFD88,
  0xFC23, 0xFCF7, 0xFDD6, 0x0001,  0x029E, 0x00D8, 0xFF42, 0xFDF2,
  0xFE53, 0xFD25, 0xFAC1, 0xFAE0,  0xFDB6, 0x009F, 0x0098, 0x02BA,
  0x014B, 0x0089, 0xFB7A, 0xFC92,  0xFF0D, 0xFD89, 0xFC37, 0xFCE9,
  0x02A9, 0x029F, 0x0171, 0xFE14,  0xFE6D, 0xFDD5, 0xFA00, 0xFC21,
  0xFFF4, 0x00FB, 0x01EE, 0x038B,  0x0443, 0x0344, 0xFEE2, 0xFAE9,
  0xFCD6, 0xFDBE, 0xFD48, 0xFD96,  0x010A, 0x04D7, 0x025A, 0xFFEE,
  0xFB4D, 0xFA7E, 0xFA01, 0xFC8C,  0x0421, 0x03EC, 0x01A1, 0xFCB6,
  0xFA1D, 0xF945, 0xF656, 0xF501,  0xF754, 0x001A, 0x031E, 0x04C9,
  0x05EA, 0x0499, 0x03BA, 0xFF9A,  0xFF2B, 0x00D9, 0x03FA, 0x049B,
  0x0304, 0x0382, 0x01A2, 0xFFE0,  0xFE76, 0xFDF2, 0x0021, 0x0052,
  0x00FE, 0x0132, 0xFEF0, 0xFC9C,  0xFB02, 0xFBEA, 0xFCC2, 0xFD72,
  0xFE81, 0xFEF4, 0x0086, 0xFF83,  0xFE17, 0xFBCE, 0xFAE4, 0xFDD9,
  0xFF98, 0x023D, 0x0350, 0x0520,  0x05B6, 0x05EF, 0x0411, 0x01B0,
  0x01B0, 0x00B2, 0x0370, 0x046F,  0x0583, 0x04BA, 0x0228, 0x0109,
  0xFE92, 0xFE1D, 0xFDA7, 0xFFDD,  0x0177, 0x0254, 0x0357, 0x0114,
  0x00DA, 0xFE62, 0xFC5A, 0xFEC5,  0x00F5, 0x020A, 0x01CF, 0x0114,
  0x015A, 0xFFCA, 0x005F, 0x0191,  0x02CE, 0x02B7, 0x0207, 0x0250,
  0x0340, 0x052E, 0x007C, 0x022D,  0x01D3, 0x0159, 0x0269, 0xFF56,
  0x01A7, 0x00A7, 0xFF96, 0xFF0F,  0xFF67, 0x0001, 0xFF7C, 0x0195,
  0x01D9, 0x02AD, 0x0334, 0x0023,  0xFF36, 0x006A, 0x0015, 0x0052,
  0xFF8A, 0xFE51, 0xFD37, 0xFDAB,  0xFDF4, 0xFD6C, 0x0047, 0x021E,
  0x01A6, 0x0049, 0x0028, 0x0051,  0x01BD, 0x024E, 0x0091, 0xFF7B,
  0x0066, 0xFFCF, 0xFF5D, 0x00B8,  0xFEB5, 0xFDD5, 0xFE55, 0xFEDB,
  0xFF5D, 0xFF5D, 0xFF80, 0x0132,  0x016A, 0x0045, 0xFE5A, 0xFC9D,
  0xFD45, 0xFF67, 0x0111, 0x022F,  0x0291, 0x00A8, 0xFEC6, 0xFC6E,
  0xFC56, 0xFD85, 0xFEEC, 0x0082,  0x01CE, 0x019E, 0x0078, 0xFEE8,
  0xFF08, 0xFF54, 0xFF78, 0xFF4E,  0xFF6B, 0x0057, 0x0002, 0xFFFB,
  0xFEDE, 0x00DF, 0x016B, 0x00EA,  0xFF51, 0xFED5, 0xFEE1, 0xFEBE,
  0x0076, 0x0126, 0x00A1, 0x001B,  0x00BD, 0xFEFC, 0xFF1F, 0xFF23,
  0xFF03, 0x0104, 0x01F9, 0x0160,  0x00E2, 0xFFC6, 0xFEC0, 0xFD4E,
  0xFE5B, 0xFE6D, 0xFF7D, 0xFFB1,  0xFEE8, 0x027F, 0x004F, 0xFE21,
  0xFDC0, 0xFCE7, 0xFFEE, 0x026E,  0x030D, 0x0156, 0xFE99, 0xFF9D,
  0xFE30, 0xFEFE, 0xFE26, 0xFE45,  0xFFC0, 0xFF80, 0x0084, 0x007F,
  0x00C8, 0xFF78, 0x0028, 0xFF57,  0x011B, 0x023A, 0x02AD, 0x01F7,
  0x0100, 0x0159, 0x0209, 0x0133,  0xFFF0, 0x00E4, 0xFFC1, 0x008F,
  0x0077, 0x01BB, 0x01A0, 0x00B8,  0xFDD3, 0xFBB4, 0xFBE1, 0xFE7E,
  0x01A3, 0x03FB, 0x042A, 0xFFE3,  0xFEAF, 0xFDDB, 0xFF45, 0x0139,
  0x02B1, 0x0438, 0x05A7, 0x0361,  0xFF49, 0xFE0B, 0xFDB3, 0xFDC6,
  0xFFB3, 0x0301, 0x05AB, 0x048E,  0x00E2, 0xFFA8, 0x000A, 0x0081,
  0xFEF0, 0x00C9, 0x0074, 0xFFD9,  0xFFEF, 0xFF77, 0xFF42, 0xFCE9,
  0xFCB4, 0xFE0E, 0xFEDB, 0xFEF3,  0x0101, 0x02DF, 0x029F, 0xFFC0,
  0xFDD5, 0xFD6F, 0xFDFA, 0xFE10,  0xFE33, 0x0160, 0x0343, 0x00DE,
  0xFE5E, 0xFD14, 0xFBEE, 0xFC00,  0xFF17, 0x0196, 0x023D, 0x0216,
  0x00D2, 0x0030, 0xFE17, 0xFD41,  0xFBF2, 0xFD65, 0x00D8, 0x01AC,
  0x0169, 0x01B3, 0x00A9, 0xFE6A,  0xFFEE, 0x00E8, 0x01E5, 0x0362,
  0x0485, 0x0469, 0x02C8, 0x015D,  0x0134, 0x023E, 0x03D5, 0x0361,
  0x01E6, 0x00B7, 0x010F, 0x01E8,  0x022F, 0x0231, 0x014D, 0x00B3,
  0x0052, 0x00A2, 0xFFC8, 0x00F4,  0x01D0, 0x02F6, 0x0473, 0x0404,
  0x020C, 0x0072, 0x00A0, 0x019A,  0x0172, 0x00E6, 0x0011, 0xFF67,
  0xFFCE, 0xFD66, 0xFB38, 0xF915,  0xF91C, 0xFBE9, 0xFFB1, 0x03D2,
  0x0347, 0x024B, 0x007E, 0xFDB7,  0xFC92, 0xFC20, 0xFD2E, 0xFD53,
  0xFF3C, 0xFEB0, 0xFC93, 0xFB4E,  0xF959, 0xF929, 0xF9BB, 0xFA91,
  0xFD01, 0xFE5C, 0xFFFC, 0xFEBA,  0xFD0F, 0xFB01, 0xF918, 0xFC42,
  0xFEB1, 0x0264, 0x0005, 0xFDFA,  0xFC16, 0xF9E5, 0xF929, 0xFB7B,
  0x0146, 0x04FA, 0x05AA, 0x0442,  0x04FF, 0x0764, 0x053D, 0x03B2,
  0x0711, 0x0934, 0x0B8E, 0x0A1D,  0x0AD5, 0x0A57, 0x0958, 0x07CE,
  0x0A87, 0x0CDC, 0x0C47, 0x0B48,  0x08EF, 0x0750, 0x03E9, 0x0260,
  0x0292, 0x028D, 0x0254, 0x0177,  0x015A, 0x0169, 0xFE15, 0xFB3D,
  0xFBC6, 0xFDB1, 0xFE6F, 0x0054,  0x019C, 0x0412, 0x0266, 0xFFCA,
  0xFC19, 0xFA1B, 0xF828, 0xF969,  0xFB83, 0xFB07, 0xF8FA, 0xF4F6,
  0xF2CB, 0xF0AB, 0xF175, 0xF0E0,  0xF0B3, 0xEF61, 0xED20, 0xECEC,
  0xEDC8, 0xEE24, 0xEEB4, 0xED36,  0xED3D, 0xED18, 0xEE83, 0xEE04,
  0xEDC2, 0xF091, 0xF3E9, 0xF85C,  0xFD04, 0x000C, 0x0282, 0x056E,
  0x048C, 0x0689, 0x087C, 0x0ACF,  0x0F19, 0x13A5, 0x1875, 0x194C,
  0x17AF, 0x1655, 0x15CD, 0x17AC,  0x1883, 0x193A, 0x1AE3, 0x19EE,
  0x179C, 0x1529, 0x11AE, 0x0E63,  0x0D37, 0x0EB9, 0x103F, 0x0E6A,
  0x0C75, 0x0B57, 0x0889, 0x0945,  0x06EF, 0x082F, 0x0940, 0x0947,
  0x06C3, 0x03ED, 0x011B, 0xFC9E,  0xFCF6, 0xFE0B, 0x016C, 0xFF76,
  0xFC7F, 0xF6CC, 0xF6F1, 0xF3CF,  0xF137, 0xF026, 0xF0C4, 0xEFDB,
  0xED5F, 0xEC41, 0xE802, 0xE6DD,  0xE463, 0xE209, 0xE415, 0xE47E,
  0xE3E0, 0xE497, 0xE44D, 0xE380,  0xE06B, 0xE279, 0xDFCC, 0xE516,
  0xE551, 0xEA3E, 0xED12, 0xF1F7,  0xF50C, 0xF605, 0xFDB5, 0xFDB9,
  0x02CF, 0x0634, 0x0C4B, 0x10A6,  0x13AC, 0x1440, 0x16CD, 0x15B6,
  0x1677, 0x1674, 0x19CA, 0x1959,  0x18D8, 0x1840, 0x1885, 0x18EB,
  0x153C, 0x13E3, 0x1117, 0x14E0,  0x14C2, 0x14EB, 0x1313, 0x0EBC,
  0x0EBD, 0x0F30, 0x110D, 0x10AF,  0x0DF5, 0x0E99, 0x0E0C, 0x1025,
  0x0E69, 0x0C85, 0x0A54, 0x0A40,  0x0AE4, 0x0B54, 0x09EE, 0x065C,
  0x039D, 0x014B, 0xFF72, 0xFC5F,  0xFA60, 0xF866, 0xF876, 0xF543,
  0xF119, 0xEBEF, 0xE8B4, 0xE818,  0xE66E, 0xE609, 0xE3F6, 0xE34F,
  0xE3EF, 0xE3D3, 0xE427, 0xE03C,  0xDE65, 0xDD0C, 0xDEAC, 0xDEAB,
  0xDEA8, 0xDA21, 0xD84D, 0xD972,  0xDAD8, 0xDE46, 0xE43F, 0xF10E,
  0xF6D7, 0xF865, 0xF981, 0xFB37,  0x01AF, 0x0C1A, 0x1139, 0x17D0,
  0x1CCA, 0x1E95, 0x1DC6, 0x1BAA,  0x18B4, 0x1735, 0x184F, 0x1AD4,
  0x1D86, 0x201A, 0x1C01, 0x1633,  0x1391, 0x10AB, 0x0DF2, 0x0F92,
  0x13FB, 0x1232, 0x10A1, 0x0FD2,  0x10D1, 0x1018, 0x0CC7, 0x0964,
  0x0851, 0x093F, 0x09E9, 0x0B2A,  0x0F5F, 0x1200, 0x128E, 0x10F0,
  0x0EC8, 0x0DBF, 0x0DA9, 0x0CB7,  0x0B4B, 0x0A00, 0x08AA, 0x05C0,
  0x01A4, 0xFB0A, 0xF41A, 0xEFAC,  0xEFA3, 0xEF2A, 0xECC6, 0xE9EA,
  0xE5CA, 0xE415, 0xE28B, 0xE210,  0xE1E6, 0xE12B, 0xE10B, 0xE055,
  0xDC9D, 0xD9E9, 0xD748, 0xD8A6,  0xD8C3, 0xD873, 0xD59B, 0xD664,
  0xD5FD, 0xD9F3, 0xDC6B, 0xE605,  0xEF3C, 0xF037, 0xF614, 0xF877,
  0x01E8, 0x05FE, 0x0C9B, 0x12AD,  0x1A0F, 0x1BB3, 0x1C51, 0x1CB3,
  0x1AF5, 0x1DA4, 0x1C13, 0x1CAF,  0x1E11, 0x1D09, 0x1B90, 0x195C,
  0x1948, 0x1503, 0x12B0, 0x1276,  0x1430, 0x1717, 0x14B4, 0x1276,
  0x0E4C, 0x0E51, 0x0D4D, 0x1155,  0x1220, 0x0EC4, 0x0CA4, 0x0DE7,
  0x1140, 0x13D4, 0x1509, 0x12D6,  0x11C4, 0x11A9, 0x1129, 0x10CC,
  0x106F, 0x0E5A, 0x0C15, 0x090C,  0x06D0, 0x025E, 0xFF63, 0xFB13,
  0xF702, 0xF49F, 0xF328, 0xF064,  0xEE0C, 0xEAB1, 0xE755, 0xE555,
  0xE556, 0xE40D, 0xE4F0, 0xE3F0,  0xE095, 0xDD87, 0xDBBC, 0xDBB7,
  0xD80E, 0xD6CC, 0xD3BA, 0xD6B4,  0xD4DE, 0xD4FF, 0xD2B1, 0xD4F3,
  0xD5C4, 0xDAAF, 0xE558, 0xEA72,  0xEE8E, 0xEDEC, 0xFCDB, 0x03C9,
  0x09CD, 0x0D07, 0x12D5, 0x1CD2,  0x1E7D, 0x1FDE, 0x1FBC, 0x2169,
  0x1F3C, 0x20CB, 0x22C1, 0x2113,  0x1ED5, 0x1CC2, 0x1CC1, 0x1B7D,
  0x17A8, 0x140A, 0x139D, 0x1423,  0x1499, 0x1506, 0x14E6, 0x1060,
  0x0D14, 0x0E39, 0x102A, 0x111E,  0x1026, 0x0EB3, 0x1076, 0x11F3,
  0x161D, 0x179C, 0x15EB, 0x151F,  0x1442, 0x1592, 0x13B4, 0x1295,
  0x0F93, 0x0B93, 0x06FF, 0x0538,  0x0313, 0xFF24, 0xF765, 0xF58C,
  0xF64C, 0xF729, 0xF335, 0xEE01,  0xE92C, 0xE4FE, 0xE4FE, 0xE450,
  0xE471, 0xE353, 0xE3CE, 0xE064,  0xDAAF, 0xD4A7, 0xD533, 0xD880,
  0xDDBA, 0xDCB1, 0xDA96, 0xD4E1,  0xD05E, 0xCFD8, 0xD164, 0xD37C,
  0xD601, 0xDB11, 0xE464, 0xEE38,  0xEFAB, 0xF212, 0xF4E9, 0xFDFC,
  0x0895, 0x0F27, 0x1550, 0x16AA,  0x1AD7, 0x1F28, 0x2141, 0x218A,
  0x1F29, 0x2152, 0x20F9, 0x22C8,  0x2032, 0x1F53, 0x1DD0, 0x1CED,
  0x1C98, 0x1B49, 0x1757, 0x1478,  0x1309, 0x124C, 0x11D6, 0x1286,
  0x154B, 0x12A0, 0x13DB, 0x11C8,  0x126F, 0x1145, 0x115A, 0x129A,
  0x11E4, 0x12E3, 0x143E, 0x145E,  0x1469, 0x1322, 0x118A, 0x0FAB,
  0x0CD3, 0x0BFE, 0x091A, 0x08B1,  0x0624, 0x03CF, 0x0198, 0xFDA9,
  0xFB34, 0xF6E8, 0xF3F2, 0xEF3A,  0xEC88, 0xEAEC, 0xEA79, 0xE9D3,
  0xE6B3, 0xE12B, 0xDD2D, 0xDC3B,  0xDC82, 0xDA46, 0xD6A5, 0xD618,
  0xD86B, 0xD9A3, 0xD784, 0xD541,  0xD276, 0xD5FC, 0xD47D, 0xD66A,
  0xD614, 0xDA1E, 0xDBA6, 0xE4A4,  0xF02C, 0xF3D3, 0xF4F8, 0xF2C3,
  0xFE08, 0x05DE, 0x0E04, 0x12BC,  0x15F2, 0x18AD, 0x1A9F, 0x1A84,
  0x1B67, 0x1BE0, 0x1DD2, 0x1EE0,  0x2051, 0x1F21, 0x1C21, 0x1B68,
  0x1BB2, 0x1B70, 0x1938, 0x1846,  0x1761, 0x178F, 0x1825, 0x17D9,
  0x156E, 0x14F2, 0x15A8, 0x1708,  0x1532, 0x133A, 0x107D, 0x114E,
  0x12A6, 0x1451, 0x1425, 0x11F8,  0x1037, 0x0FD0, 0x1037, 0x0F8F,
  0x0D24, 0x0BB9, 0x0B76, 0x0A78,  0x0925, 0x06D0, 0x045C, 0x031D,
  0x01A6, 0xFFBA, 0xFCEF, 0xF995,  0xF999, 0xF75A, 0xF590, 0xF25C,
  0xEFEB, 0xEC5E, 0xEA20, 0xE777,  0xE5E1, 0xE3A1, 0xE18C, 0xDFB3,
  0xDEE0, 0xDC6A, 0xDA83, 0xDA6C,  0xDA7E, 0xDC26, 0xD92A, 0xD703,
  0xD51D, 0xD5A7, 0xD45F, 0xD4A5,  0xD707, 0xD95D, 0xD85B, 0xE35C,
  0xF004, 0xF75C, 0xF2CA, 0xF038,  0xFD02, 0x0793, 0x113E, 0x0FEE,
  0x10F5, 0x152B, 0x16D6, 0x190B,  0x19B8, 0x1A9E, 0x1B8D, 0x1CB7,
  0x1FCB, 0x1D76, 0x1A97, 0x1917,  0x1C4E, 0x1E93, 0x1BE9, 0x1A3F,
  0x1796, 0x1769, 0x17B5, 0x180A,  0x16DC, 0x142B, 0x13CF, 0x1584,
  0x1647, 0x14EF, 0x1135, 0x0F7A,  0x1072, 0x1287, 0x1433, 0x1291,
  0x102F, 0x0F25, 0x0FE3, 0x110A,  0x0E4F, 0x0C2A, 0x0AB1, 0x0BBF,
  0x0B33, 0x0897, 0x05BC, 0x03AE,  0x037C, 0x029B, 0x004E, 0xFC69,
  0xF8F1, 0xF682, 0xF661, 0xF4EA,  0xF2D5, 0xF0CF, 0xEF50, 0xED05,
  0xE965, 0xE593, 0xE466, 0xE3F4,  0xE469, 0xE281, 0xDF5B, 0xDB93,
  0xD8AD, 0xD833, 0xD79E, 0xD691,  0xD524, 0xD4EF, 0xD59F, 0xD784,
  0xD7AE, 0xD859, 0xD9A3, 0xDEE9,  0xE486, 0xEA2C, 0xEE7D, 0xEFE9,
  0xF3A9, 0xF942, 0x009E, 0x056F,  0x078E, 0x0A33, 0x0E71, 0x1284,
  0x1407, 0x1452, 0x1590, 0x17B0,  0x19E5, 0x1B38, 0x1BAD, 0x1AA8,
  0x1AAB, 0x1AF6, 0x1BCF, 0x1BD6,  0x1AE5, 0x1AA7, 0x1AAF, 0x1ACD,
  0x19BC, 0x1867, 0x16C9, 0x1687,  0x15FE, 0x1539, 0x142C, 0x12F7,
  0x1265, 0x1153, 0x1105, 0x1099,  0x1009, 0x0F60, 0x0E32, 0x0CEE,
  0x0C1D, 0x0B5E, 0x0A2D, 0x0912,  0x07DC, 0x06F2, 0x0604, 0x045A,
  0x0336, 0x0196, 0x00B0, 0xFFF9,  0xFF26, 0xFEA6, 0xFD7F, 0xFC81,
  0xFBFD, 0xFBE5, 0xFBB2, 0xFAD3,  0xF9B3, 0xF8AE, 0xF7E7, 0xF749,
  0xF6A4, 0xF599, 0xF3E3, 0xF2E5,  0xF0D0, 0xEE23, 0xEBF1, 0xEB30,
  0xEB15, 0xEA88, 0xEA71, 0xE8C3,  0xE788, 0xE707, 0xE6D8, 0xE705,
  0xE845, 0xE8BF, 0xE92C, 0xE8E5,  0xE7F2, 0xE7BD, 0xE720, 0xE746,
  0xE7BD, 0xE91A, 0xE941, 0xE951,  0xEA12, 0xEB14, 0xECAC, 0xEFB0,
  0xF34E, 0xF65D, 0xF908, 0xFBF9,  0xFF1B, 0x026A, 0x05A0, 0x0853,
  0x0B9B, 0x0E65, 0x1219, 0x1514,  0x17C7, 0x1A7C, 0x1D12, 0x1F64,
  0x2101, 0x2270, 0x236C, 0x2424,  0x24C2, 0x24D9, 0x2464, 0x23B3,
  0x22CA, 0x221F, 0x202B, 0x1F1D,  0x1DE4, 0x1C93, 0x1AE9, 0x197E,
  0x17C8, 0x1510, 0x12C5, 0x10A8,  0x0F49, 0x0D6D, 0x0BCB, 0x0A01,
  0x0821, 0x065A, 0x052C, 0x0378,  0x0229, 0x0126, 0x0034, 0xFF3C,
  0xFDF2, 0xFD05, 0xFBE6, 0xFB57,  0xFB09, 0xFAC5, 0xF9E5, 0xF8E0,
  0xF7B2, 0xF663, 0xF501, 0xF342,  0xF148, 0xEFE5, 0xEDDA, 0xEBD1,
  0xE9FF, 0xE7F7, 0xE661, 0xE4EB,  0xE396, 0xE1F7, 0xE096, 0xE02B,
  0xDFA7, 0xDEBC, 0xDE16, 0xDDC8,  0xDD66, 0xDD21, 0xDDB7, 0xDE9A,
  0xDF4A, 0xE09D, 0xE2AF, 0xE538,  0xE680, 0xE7B7, 0xEA9D, 0xECD9,
  0xEF72, 0xF26F, 0xF63B, 0xF960,  0xFC84, 0x0057, 0x0422, 0x071F,
  0x0AAC, 0x0F3D, 0x129A, 0x156E,  0x1817, 0x1B60, 0x1D18, 0x1E7C,
  0x2004, 0x214A, 0x223D, 0x2304,  0x2393, 0x23B8, 0x22DD, 0x226E,
  0x21CC, 0x2086, 0x1FBC, 0x1E6C,  0x1D5D, 0x1B8D, 0x1A01, 0x17A3,
  0x1524, 0x12F1, 0x1124, 0x0F6F,  0x0D7C, 0x0BC4, 0x0991, 0x07CA,
  0x062C, 0x0500, 0x03C8, 0x029A,  0x0216, 0x0164, 0x0135, 0x007F,
  0xFF74, 0xFF35, 0xFEB3, 0xFF0A,  0xFEEA, 0xFEF9, 0xFECA, 0xFE0F,
  0xFDD9, 0xFCE8, 0xFBFB, 0xFB0C,  0xFA86, 0xF9C3, 0xF87E, 0xF6FF,
  0xF519, 0xF32E, 0xF142, 0xEF94,  0xEE1A, 0xEC54, 0xEA82, 0xE8E0,
  0xE6FC, 0xE4DC, 0xE317, 0xE191,  0xE03D, 0xDEB5, 0xDD75, 0xDCC0,
  0xDB7B, 0xDB22, 0xDAF3, 0xDBEC,  0xDCC9, 0xDE78, 0xE0E6, 0xE2B9,
  0xE48C, 0xE6C9, 0xEA48, 0xED30,  0xF04F, 0xF3F9, 0xF815, 0xFB50,
  0xFED6, 0x036F, 0x0731, 0x0AC8,  0x0EB4, 0x12B5, 0x15F0, 0x1826,
  0x1AB4, 0x1C96, 0x1DEC, 0x1EED,  0x2028, 0x2167, 0x217D, 0x221B,
  0x21D7, 0x2128, 0x1FF8, 0x1F41,  0x1EFE, 0x1D9B, 0x1C5A, 0x1B57,
  0x19BB, 0x17B2, 0x1584, 0x1373,  0x115C, 0x0F55, 0x0E1E, 0x0C7F,
  0x0AE3, 0x0913, 0x079C, 0x0654,  0x04F5, 0x043B, 0x03A2, 0x0339,
  0x02D2, 0x0282, 0x01E8, 0x0114,  0x008B, 0x0078, 0x009A, 0x00CC,
  0x0106, 0x00F1, 0x00AB, 0x001E,  0xFFB5, 0xFEC8, 0xFDD4, 0xFD64,
  0xFCF8, 0xFC68, 0xFB27, 0xF9EB,  0xF877, 0xF694, 0xF50B, 0xF36F,
  0xF22C, 0xF0DE, 0xEF9E, 0xEE16,  0xEB69, 0xE8C2, 0xE6B9, 0xE4E8,
  0xE34B, 0xE1DD, 0xE029, 0xDD6E,  0xDB16, 0xD9A8, 0xD93B, 0xD926,
  0xDA27, 0xDBB9, 0xDD62, 0xDF00,  0xE0F5, 0xE3B9, 0xE5B7, 0xE8DB,
  0xEC6B, 0xF033, 0xF3AD, 0xF796,  0xFB77, 0xFEBE, 0x0281, 0x068E,
  0x0AFA, 0x0E87, 0x1201, 0x155C,  0x1796, 0x196D, 0x1AA3, 0x1BF9,
  0x1CD6, 0x1D75, 0x1E7A, 0x1F37,  0x1F94, 0x1EE8, 0x1E71, 0x1D3C,
  0x1BCA, 0x1B2B, 0x1AEC, 0x1A7F,  0x19B7, 0x183F, 0x1696, 0x1464,
  0x12B2, 0x11C6, 0x1042, 0x0F5B,  0x0E2E, 0x0CFF, 0x0B49, 0x099E,
  0x0852, 0x0725, 0x0615, 0x05F2,  0x05A0, 0x0529, 0x0487, 0x043F,
  0x0404, 0x0335, 0x0312, 0x02D0,  0x02E9, 0x02E2, 0x02F3, 0x02EE,
  0x0267, 0x0187, 0x00F1, 0xFFEB,  0xFF21, 0xFE67, 0xFD76, 0xFC09,
  0xFA15, 0xF818, 0xF5F7, 0xF3FA,  0xF254, 0xF16D, 0xEF8A, 0xEDAB,
  0xEBCD, 0xE9E6, 0xE841, 0xE6C9,  0xE557, 0xE3E2, 0xE209, 0xE0A0,
  0xDF29, 0xDDCC, 0xDC4E, 0xDB4B,  0xDB0B, 0xDAE8, 0xDBA8, 0xDD48,
  0xDF5C, 0xE19C, 0xE353, 0xE559,  0xE81B, 0xEA9E, 0xEE55, 0xF1B0,
  0xF594, 0xF95F, 0xFC60, 0x000E,  0x03B2, 0x0767, 0x0B27, 0x0EE0,
  0x12A2, 0x15A4, 0x1849, 0x1A4D,  0x1B9F, 0x1CC7, 0x1D0F, 0x1E08,
  0x1EC3, 0x1F00, 0x1F26, 0x1E8D,  0x1D95, 0x1C3D, 0x1AF1, 0x1A6D,
  0x19DF, 0x18EF, 0x1823, 0x16AA,  0x1520, 0x1311, 0x1198, 0x1020,
  0x0EA5, 0x0DAB, 0x0CA2, 0x0BA7,  0x0A79, 0x093B, 0x0811, 0x070B,
  0x063D, 0x0609, 0x05AB, 0x057A,  0x04F3, 0x045C, 0x03B1, 0x0314,
  0x02FB, 0x02DD, 0x02F0, 0x02DF,  0x02B6, 0x0244, 0x01A2, 0x011A,
  0x005E, 0xFF85, 0xFEC2, 0xFDD7,  0xFCEC, 0xFBEA, 0xFAB7, 0xF911,
  0xF767, 0xF5C2, 0xF427, 0xF2EC,  0xF18F, 0xF07D, 0xEECC, 0xED42,
  0xEBDE, 0xEA16, 0xE902, 0xE7C0,  0xE678, 0xE54C, 0xE3C2, 0xE26C,
  0xE0DF, 0xDFA5, 0xDE3B, 0xDD13,  0xDD1C, 0xDD67, 0xDE16, 0xDFFA,
  0xE1F0, 0xE3C6, 0xE54D, 0xE77C,  0xEA76, 0xED08, 0xF0B1, 0xF3CA,
  0xF738, 0xFA9D, 0xFD71, 0x0139,  0x0505, 0x08C3, 0x0C59, 0x0FF3,
  0x136E, 0x1605, 0x184C, 0x1A50,  0x1B98, 0x1C74, 0x1CCB, 0x1D77,
  0x1DFD, 0x1DE9, 0x1DEE, 0x1D65,  0x1C7E, 0x1B34, 0x19FA, 0x1986,
  0x18EC, 0x1816, 0x171F, 0x15C0,  0x1431, 0x1230, 0x10C2, 0x0F6D,
  0x0E30, 0x0D12, 0x0C2C, 0x0B1C,  0x09DC, 0x0898, 0x0759, 0x065A,
  0x05C0, 0x0559, 0x04E3, 0x049F,  0x0415, 0x03C6, 0x033C, 0x02B7,
  0x0299, 0x020B, 0x0237, 0x0276,  0x0284, 0x0255, 0x01FA, 0x013C,
  0x0026, 0xFFCA, 0xFF65, 0xFEAA,  0xFE04, 0xFCEA, 0xFB85, 0xFA23,
  0xF8AA, 0xF778, 0xF629, 0xF4D7,  0xF32D, 0xF144, 0xEF82, 0xEE0B,
  0xECCC, 0xEBDC, 0xEA99, 0xE8F0,  0xE734, 0xE5A2, 0xE4B6, 0xE3FC,
  0xE347, 0xE214, 0xE0AE, 0xDF73,  0xDE4D, 0xDDF8, 0xDE70, 0xDEF5,
  0xE06C, 0xE290, 0xE457, 0xE5F4,  0xE7D6, 0xEA62, 0xECE4, 0xEFF0,
  0xF3D7, 0xF734, 0xFAAE, 0xFDDE,  0x016D, 0x0554, 0x0887, 0x0C5D,
  0x105E, 0x139D, 0x16B0, 0x1936,  0x1B42, 0x1C85, 0x1D43, 0x1DD9,
  0x1E28, 0x1E5B, 0x1E39, 0x1E38,  0x1DFC, 0x1CDB, 0x1B98, 0x1A1A,
  0x18D9, 0x1811, 0x172C, 0x16C2,  0x15EA, 0x1430, 0x128A, 0x110A,
  0x0FA2, 0x0E15, 0x0D33, 0x0CA8,  0x0B8C, 0x0A6D, 0x0968, 0x082D,
  0x0691, 0x058F, 0x0534, 0x04C9,  0x044A, 0x03F4, 0x035E, 0x0268,
  0x0165, 0x00F4, 0x00D0, 0x0082,  0x00BC, 0x015A, 0x014A, 0x00D6,
  0x00A3, 0x0047, 0xFFB6, 0xFF46,  0xFF36, 0xFEA8, 0xFDB2, 0xFD10,
  0xFC2A, 0xFAC9, 0xF940, 0xF7DB,  0xF669, 0xF4DD, 0xF375, 0xF259,
  0xF0CA, 0xEED8, 0xECF1, 0xEB98,  0xEA07, 0xE863, 0xE7D5, 0xE6D9,
  0xE5BF, 0xE50C, 0xE437, 0xE2EA,  0xE164, 0xE07E, 0xDF86, 0xDE90,
  0xDEC1, 0xDFCB, 0xE088, 0xE244,  0xE499, 0xE67B, 0xE74E, 0xE942,
  0xEC66, 0xEED0, 0xF1C3, 0xF519,  0xF87B, 0xFB7C, 0xFE28, 0x022A,
  0x063A, 0x099D, 0x0DA4, 0x122E,  0x15D8, 0x18A7, 0x1B9A, 0x1DBA,
  0x1E63, 0x1EDC, 0x1F37, 0x1FCE,  0x201B, 0x2007, 0x2079, 0x1F96,
  0x1D8D, 0x1C3F, 0x1AEE, 0x19BF,  0x18B0, 0x17A7, 0x16A0, 0x14D0,
  0x12DB, 0x10E0, 0x0EF9, 0x0D86,  0x0C4C, 0x0B81, 0x0ADD, 0x09FB,
  0x08EC, 0x079E, 0x0672, 0x056C,  0x0490, 0x0461, 0x0435, 0x03ED,
  0x03B0, 0x034D, 0x0282, 0x01A8,  0x0162, 0x017C, 0x014B, 0x010D,
  0x010E, 0x0125, 0xFFDF, 0xFE84,  0xFF34, 0xFEF3, 0xFDF5, 0xFEFC,
  0x0026, 0xFF40, 0xFDAC, 0xFC60,  0xFABD, 0xF98E, 0xF89F, 0xF76B,
  0xF5E8, 0xF3EC, 0xF27A, 0xF06F,  0xEE39, 0xEC56, 0xEB5F, 0xEA6C,
  0xE975, 0xE878, 0xE70D, 0xE5B5,  0xE2FF, 0xE152, 0xDFCF, 0xDF0F,
  0xDEDB, 0xDDD9, 0xDD62, 0xDE2E,  0xDEAE, 0xDFCC, 0xE2CC, 0xE587,
  0xE69F, 0xE733, 0xE9F4, 0xEDAD,  0xF109, 0xF40F, 0xF83A, 0xFC98,
  0x0026, 0x030C, 0x0661, 0x0A4F,  0x0E76, 0x127E, 0x15EE, 0x18A2,
  0x1A4E, 0x1B45, 0x1BD3, 0x1BB0,  0x1B08, 0x1AD6, 0x1B30, 0x1B41,
  0x1A64, 0x198F, 0x188A, 0x16ED,  0x154D, 0x14F3, 0x158F, 0x1564,
  0x1472, 0x13F5, 0x1309, 0x1123,  0x0F86, 0x0EB7, 0x0E4D, 0x0E15,
  0x0E88, 0x0E9C, 0x0D78, 0x0B1E,  0x0959, 0x093F, 0x0936, 0x08D8,
  0x0843, 0x07FB, 0x0772, 0x061D,  0x0562, 0x044E, 0x03D9, 0x03F4,
  0x042F, 0x0508, 0x0590, 0x0516,  0x0433, 0x039B, 0x0322, 0x02E1,
  0x0277, 0x01CB, 0x00EB, 0x0049,  0xFEF7, 0xFD15, 0xFB4D, 0xF92E,
  0xF6C7, 0xF4FE, 0xF40F, 0xF24A,  0xEF4F, 0xEAAF, 0xE6E8, 0xE588,
  0xE52D, 0xE42B, 0xE2EE, 0xE1D9,  0xE05B, 0xDE36, 0xDD19, 0xDD59,
  0xDDE6, 0xDD65, 0xDB3D, 0xDA3E,  0xD9CB, 0xD965, 0xDA92, 0xDD5F,
  0xDFFD, 0xE310, 0xE918, 0xF1C0,  0xF6BB, 0xF76A, 0xFBDB, 0x0247,
  0x08B4, 0x0BAF, 0x0E51, 0x12CC,  0x1387, 0x14BC, 0x1525, 0x1584,
  0x1736, 0x18D5, 0x1AF0, 0x19F9,  0x171F, 0x15F4, 0x157F, 0x15B6,
  0x153B, 0x1585, 0x1354, 0x1176,  0x1343, 0x122B, 0x0F84, 0x1024,
  0x139A, 0x145F, 0x1213, 0x0EED,  0x0E50, 0x0F6F, 0x0F93, 0x0E6C,
  0x0D62, 0x0B66, 0x0B30, 0x0B9F,  0x09DB, 0x06FB, 0x05E7, 0x0835,
  0x07EE, 0x05A5, 0x0358, 0x0207,  0x0242, 0x0351, 0x0434, 0x03BC,
  0x023C, 0x02FD, 0x04AE, 0x04E9,  0x0466, 0x0566, 0x07E4, 0x08CF,
  0x07E9, 0x05D6, 0x048C, 0x050E,  0x060A, 0x060E, 0x03AC, 0xFFA1,
  0xFD71, 0xFD26, 0xFBC2, 0xFA09,  0xF7E7, 0xF5D7, 0xF350, 0xF060,
  0xED26, 0xEA48, 0xE973, 0xE921,  0xE707, 0xE2A4, 0xDE6E, 0xDD53,
  0xDEF5, 0xE0FA, 0xE121, 0xDEE1,  0xDD69, 0xDD51, 0xDFB5, 0xE15C,
  0xE1B6, 0xE254, 0xE25F, 0xE28E,  0xE395, 0xE551, 0xE8F6, 0xEEC4,
  0xF691, 0xFA8C, 0xF94F, 0xF9B0,  0xFF33, 0x07A0, 0x0C54, 0x0E8F,
  0x0F14, 0x0E29, 0x0F1D, 0x1189,  0x137D, 0x1510, 0x14E7, 0x15F5,
  0x157B, 0x12EB, 0x129B, 0x151D,  0x1825, 0x18EA, 0x16ED, 0x145C,
  0x1344, 0x13C2, 0x159E, 0x15F4,  0x14D4, 0x129C, 0x11B1, 0x1097,
  0x0EC9, 0x0E11, 0x0D4F, 0x0CBD,  0x0B53, 0x09C3, 0x07A5, 0x071F,
  0x0875, 0x0949, 0x08A7, 0x07BE,  0x0715, 0x06C9, 0x060A, 0x06B5,
  0x084A, 0x07F0, 0x07B8, 0x06AD,  0x0698, 0x066C, 0x06F3, 0x0786,
  0x076E, 0x07CE, 0x076B, 0x07CB,  0x086A, 0x08F9, 0x08B3, 0x072C,
  0x056F, 0x0485, 0x0390, 0x0297,  0x0175, 0xFF35, 0xFBEC, 0xF91C,
  0xF7BB, 0xF712, 0xF69C, 0xF40A,  0xF054, 0xECDE, 0xEA46, 0xE96D,
  0xE9FB, 0xE7CA, 0xE311, 0xDFC7,  0xDE1F, 0xDDB2, 0xDE98, 0xDF6B,
  0xDF78, 0xDDDE, 0xDE05, 0xDF9F,  0xE0C0, 0xE279, 0xE2AA, 0xE37D,
  0xE2B4, 0xE1D4, 0xE2E2, 0xE746,  0xEB41, 0xEE65, 0xF2BD, 0xFA18,
  0xFD7E, 0xFD13, 0x00C8, 0x0751,  0x0DDC, 0x0F17, 0x109A, 0x1106,
  0x110D, 0x12D8, 0x13A9, 0x145A,  0x13DC, 0x142D, 0x1585, 0x13AC,
  0x11F9, 0x132B, 0x172A, 0x18F9,  0x164A, 0x13A3, 0x12CF, 0x1423,
  0x1533, 0x1519, 0x1467, 0x1219,  0x10BE, 0x1066, 0x0E6F, 0x0CB7,
  0x0BAE, 0x0CB5, 0x0ABA, 0x069C,  0x049F, 0x054F, 0x0806, 0x0867,
  0x077F, 0x05EF, 0x04EC, 0x0695,  0x0829, 0x0849, 0x072C, 0x0773,
  0x08B6, 0x083B, 0x0644, 0x05A7,  0x0754, 0x09CF, 0x09CC, 0x073C,
  0x05F9, 0x0692, 0x09A1, 0x0B2F,  0x0916, 0x083D, 0x082B, 0x06D9,
  0x03CB, 0x00A9, 0x0027, 0x0192,  0x0167, 0xFC15, 0xF5D0, 0xF34F,
  0xF5AA, 0xF757, 0xF577, 0xEEA9,  0xEA37, 0xE8F3, 0xE976, 0xEA6F,
  0xE739, 0xE3F5, 0xE11E, 0xDF17,  0xDDFC, 0xDD37, 0xDF57, 0xE163,
  0xE133, 0xDEBD, 0xDC54, 0xDE99,  0xE223, 0xE515, 0xE43C, 0xE280,
  0xE1BE, 0xE435, 0xE830, 0xED71,  0xEE9A, 0xF153, 0xF762, 0xFEAE,
  0x01EA, 0x00EC, 0x051A, 0x0BB2,  0x1217, 0x1219, 0x1325, 0x120A,
  0x121D, 0x143D, 0x1469, 0x1452,  0x12F9, 0x1295, 0x1389, 0x1287,
  0x10EE, 0x127D, 0x163C, 0x167D,  0x1434, 0x1258, 0x11C4, 0x144A,
  0x157B, 0x158C, 0x14A9, 0x1183,  0x0FF3, 0x101B, 0x0E8D, 0x0D78,
  0x0C1B, 0x0B71, 0x08BB, 0x057B,  0x042A, 0x0520, 0x07CC, 0x06CF,
  0x04C9, 0x0443, 0x0371, 0x056B,  0x0758, 0x07D9, 0x0777, 0x078E,
  0x0869, 0x0819, 0x07E8, 0x0830,  0x0A72, 0x0B02, 0x09FB, 0x07F2,
  0x08D5, 0x0ACE, 0x0C32, 0x0C0C,  0x090A, 0x0651, 0x0554, 0x061D,
  0x0594, 0x0292, 0xFE6E, 0xFC54,  0xFADC, 0xF895, 0xF746, 0xF65F,
  0xF4C6, 0xF3DF, 0xF235, 0xF0AF,  0xEEE4, 0xECE8, 0xEB52, 0xEA30,
  0xE84E, 0xE5EB, 0xE20B, 0xE0EA,  0xDF54, 0xDDF6, 0xDD44, 0xDB4A,
  0xDC62, 0xDD9C, 0xE1B5, 0xE2F9,  0xE1A0, 0xE00E, 0xE084, 0xE33C,
  0xE6BE, 0xE880, 0xE9D1, 0xE6AD,  0xE7F0, 0xEF2D, 0xF75A, 0xFFDF,
  0x02DE, 0x02DC, 0x0400, 0x087D,  0x0F2A, 0x1694, 0x1615, 0x16B5,
  0x13FE, 0x12B9, 0x1288, 0x138F,  0x1640, 0x14DF, 0x13D1, 0x0F1F,
  0x0E2D, 0x1086, 0x145F, 0x1709,  0x15DA, 0x129F, 0x119D, 0x115D,
  0x13A4, 0x151B, 0x150F, 0x13CD,  0x1177, 0x0F40, 0x0CE5, 0x0CFD,
  0x0C2A, 0x0BB2, 0x08EC, 0x052E,  0x0404, 0x0350, 0x0560, 0x0569,
  0x05A6, 0x0520, 0x0371, 0x045C,  0x055C, 0x070D, 0x07E4, 0x0870,
  0x0805, 0x0776, 0x0638, 0x09B4,  0x0AEF, 0x0A39, 0x0621, 0x05E6,
  0x0BE4, 0x0D61, 0x0D98, 0x08A6,  0x06F2, 0x07DF, 0x0877, 0x084C,
  0x05C6, 0x0380, 0x0183, 0xFE8F,  0xFC7A, 0xFA7C, 0xF9A4, 0xF88B,
  0xF6ED, 0xF453, 0xF1B6, 0xF1E2,  0xF155, 0xF199, 0xEE79, 0xEB22,
  0xE8CB, 0xE664, 0xE5F5, 0xE398,  0xE1D2, 0xDEBD, 0xDDCB, 0xDE96,
  0xDF30, 0xDD87, 0xDD8C, 0xDE7C,  0xE093, 0xE3DA, 0xE3B5, 0xE528,
  0xE377, 0xE56C, 0xE626, 0xEA28,  0xECF2, 0xEDF2, 0xEDBA, 0xF3A6,
  0xFD20, 0x046D, 0x0505, 0x0286,  0x0978, 0x0C34, 0x14CC, 0x143C,
  0x13C5, 0x153A, 0x1412, 0x14D5,  0x1213, 0x1302, 0x12C7, 0x14C0,
  0x129F, 0x0ED5, 0x0F1E, 0x10EC,  0x14E4, 0x15EF, 0x126A, 0x1042,
  0x103B, 0x11DF, 0x158C, 0x13BC,  0x11C6, 0x0FDE, 0x1017, 0x0FBA,
  0x0C7B, 0x0BE7, 0x09C3, 0x09EA,  0x0769, 0x03EE, 0x02E2, 0x0252,
  0x042E, 0x0568, 0x049E, 0x0309,  0x01A2, 0x03E8, 0x05D4, 0x073C,
  0x06CD, 0x05D1, 0x0720, 0x07E9,  0x090C, 0x084C, 0x097F, 0x0A7B,
  0x0CF6, 0x0E02, 0x0B88, 0x0A97,  0x0A3D, 0x0B1D, 0x0B22, 0x0990,
  0x076A, 0x04C2, 0x0271, 0x02A6,  0x0196, 0xFDAF, 0xF75E, 0xF69F,
  0xFABF, 0xFA94, 0xF9A1, 0xF494,  0xF292, 0xF2D0, 0xF397, 0xF2BA,
  0xEE2B, 0xEC69, 0xECB6, 0xEEBA,  0xEA8D, 0xE445, 0xE001, 0xDEA3,
  0xDFB7, 0xE217, 0xE08C, 0xDD44,  0xDAEC, 0xDB57, 0xE016, 0xE33C,
  0xE546, 0xE61B, 0xE67E, 0xE5B4,  0xE76F, 0xE9B8, 0xED9D, 0xEDDC,
  0xF030, 0xF11A, 0xF624, 0xFC6A,  0x01F8, 0x07DD, 0x06FE, 0x0AB5,
  0x0F89, 0x12DC, 0x14F2, 0x1596,  0x156D, 0x17FA, 0x15B4, 0x14B7,
  0x121A, 0x11CF, 0x12D4, 0x11F2,  0x105C, 0x0E54, 0x0FD1, 0x10FF,
  0x124A, 0x10C8, 0x0F1E, 0x0EF1,  0x1147, 0x11C4, 0x125E, 0x0FBB,
  0x0E42, 0x0E7B, 0x0E01, 0x0DA2,  0x0C3D, 0x0AB2, 0x08C3, 0x068F,
  0x03F8, 0x0302, 0x024A, 0x0421,  0x045C, 0x02F2, 0x005B, 0x0140,
  0x05FF, 0x083E, 0x082A, 0x04FE,  0x0466, 0x078C, 0x0B84, 0x0D04,
  0x0AF6, 0x08DA, 0x0825, 0x09F2,  0x0C73, 0x0C74, 0x0AB7, 0x08CF,
  0x0919, 0x09F0, 0x08D3, 0x07A5,  0x059D, 0x0561, 0x03B5, 0x0118,
  0xFE4E, 0xFB7A, 0xFAFB, 0xFB0A,  0xF9DB, 0xF686, 0xF31A, 0xF203,
  0xF3BE, 0xF3D1, 0xF208, 0xED6A,  0xEA02, 0xEA93, 0xEBC2, 0xEACA,
  0xE6F0, 0xE1EB, 0xE15B, 0xE1F6,  0xE347, 0xE1D1, 0xE168, 0xE2AF,
  0xE2A6, 0xE352, 0xE2BE, 0xE32B,  0xE4C2, 0xE730, 0xE716, 0xE7D5,
  0xE5E5, 0xEAA5, 0xED76, 0xF166,  0xF431, 0xF7CC, 0x0372, 0x03D7,
  0x02F7, 0x0384, 0x0BC6, 0x14E5,  0x13F0, 0x116E, 0x1061, 0x106A,
  0x11B2, 0x11CB, 0x121E, 0x10FC,  0x0F62, 0x0FC4, 0x0ECC, 0x0E07,
  0x0D84, 0x10AA, 0x13C9, 0x115E,  0x0F0C, 0x0D91, 0x0F14, 0x1200,
  0x1302, 0x12E0, 0x0FD0, 0x0DCC,  0x0DFE, 0x0DFE, 0x0DE7, 0x0B2C,
  0x0AAA, 0x0896, 0x06A9, 0x053E,  0x0303, 0x052F, 0x0542, 0x0619,
  0x03E8, 0x033A, 0x02E8, 0x0557,  0x0866, 0x08EE, 0x07B5, 0x0723,
  0x085D, 0x084A, 0x0A1B, 0x08BF,  0x0A7B, 0x0C4B, 0x0DA5, 0x0BA8,
  0x071E, 0x0721, 0x0966, 0x0E7A,  0x0DF4, 0x06FE, 0x0152, 0x0055,
  0x054A, 0x0828, 0x04C4, 0xFCEF,  0xF743, 0xF81C, 0xFB47, 0xFC90,
  0xF9D7, 0xF517, 0xF3DE, 0xF332,  0xF33F, 0xF399, 0xF17C, 0xF109,
  0xEE16, 0xEAE8, 0xE781, 0xE674,  0xE866, 0xE7B7, 0xE4B3, 0xE085,
  0xDF2A, 0xE0DF, 0xE50C, 0xE642,  0xE487, 0xE2EF, 0xE35C, 0xE6D3,
  0xE7B2, 0xE8B0, 0xE81B, 0xE7AF,  0xE829, 0xEA47, 0xEB82, 0xECEE,
  0xF084, 0xFADE, 0x00FB, 0xFFBE,  0xFFB2, 0x0066, 0x0E08, 0x120C,
  0x12ED, 0x10AA, 0x0E36, 0x10D5,  0x1166, 0x1548, 0x11C4, 0x11B5,
  0x10FD, 0x101E, 0x104B, 0x0E91,  0x1099, 0x13C3, 0x1376, 0x11AC,
  0x0E44, 0x0D1D, 0x110E, 0x12D8,  0x13C6, 0x0FE5, 0x0D6E, 0x0CF3,
  0x0DCD, 0x10BE, 0x0D47, 0x0B58,  0x087A, 0x064F, 0x07D4, 0x06B3,
  0x0734, 0x04FC, 0x044E, 0x049D,  0x048B, 0x04E7, 0x03D5, 0x0619,
  0x07C6, 0x0773, 0x067E, 0x05A2,  0x0727, 0x0934, 0x0A17, 0x0982,
  0x08B2, 0x092B, 0x08C5, 0x0A71,  0x0A5C, 0x0965, 0x08CA, 0x0812,
  0x093D, 0x088A, 0x07AA, 0x06DA,  0x0558, 0x033C, 0xFF2B, 0xFF18,
  0x00E4, 0xFFC2, 0xFDDC, 0xF8BB,  0xF635, 0xF5E1, 0xF643, 0xF5BB,
  0xF1FF, 0xF038, 0xEF4B, 0xF06C,  0xEF8C, 0xEB70, 0xE8AD, 0xE6BE,
  0xE7B7, 0xE8E4, 0xE656, 0xE445,  0xE23F, 0xE248, 0xE42D, 0xE446,
  0xE434, 0xE417, 0xE636, 0xE781,  0xE7CF, 0xE648, 0xE6C3, 0xE78E,
  0xEBFC, 0xECB1, 0xEBC0, 0xEBC3,  0xED57, 0xF6DA, 0xFD2C, 0x01D7,
  0x02BB, 0x00A0, 0x040C, 0x0B4A,  0x111B, 0x1698, 0x123F, 0x101E,
  0x0E6E, 0x104D, 0x1445, 0x1462,  0x14D5, 0x1128, 0x0F59, 0x0E82,
  0x0F71, 0x1325, 0x1398, 0x12C5,  0x110B, 0x0D1C, 0x0DCC, 0x0DF4,
  0x119A, 0x11DB, 0x0FB0, 0x0C85,  0x0A76, 0x0C3C, 0x0D96, 0x0EF7,
  0x0C5D, 0x08D8, 0x0596, 0x0564,  0x0685, 0x0781, 0x06D3, 0x056B,
  0x0429, 0x02C9, 0x0332, 0x04AF,  0x0670, 0x078A, 0x0629, 0x04A8,
  0x04AA, 0x06BE, 0x084D, 0x07C3,  0x07EB, 0x07C9, 0x08A5, 0x0861,
  0x0867, 0x095A, 0x0B53, 0x0C77,  0x09EF, 0x076E, 0x060D, 0x070D,
  0x0836, 0x0663, 0x0278, 0xFFF7,  0xFE7F, 0xFDD8, 0xFC3E, 0xFA5E,
  0xFA2E, 0xF84D, 0xF749, 0xF400,  0xF32D, 0xF42C, 0xF489, 0xF26F,
  0xEC69, 0xE968, 0xE979, 0xEBDA,  0xEC66, 0xE9BC, 0xE4FD, 0xE31F,
  0xE534, 0xE5D8, 0xE826, 0xE677,  0xE481, 0xE47D, 0xE319, 0xE88B,
  0xE874, 0xE9C8, 0xE862, 0xE664,  0xE8B6, 0xEA67, 0xECF7, 0xEEF5,
  0xEF4E, 0xF40F, 0xFBA6, 0xFE53,  0x00BD, 0xFBB8, 0x05D3, 0x0B2D,
  0x0DE6, 0x1053, 0x0A24, 0x0F89,  0x0EBD, 0x1278, 0x133F, 0x0FD1,
  0x1121, 0x0FFA, 0x1248, 0x10D9,  0x0FC9, 0x12E9, 0x1248, 0x130F,
  0x105E, 0x0D33, 0x0EF1, 0x0F50,  0x1284, 0x106B, 0x0D64, 0x0B95,
  0x0B83, 0x0F59, 0x0ECC, 0x0D5F,  0x0981, 0x06D3, 0x0807, 0x083E,
  0x0870, 0x0746, 0x04AE, 0x04B9,  0x0342, 0x0486, 0x037B, 0x053D,
  0x06A7, 0x0475, 0x04B3, 0x00F7,  0x0341, 0x0641, 0x09FB, 0x095B,
  0x035A, 0x024B, 0x0466, 0x0A75,  0x0D56, 0x09AF, 0x0631, 0x050F,
  0x0827, 0x0BCC, 0x0B35, 0x07EB,  0x0476, 0x03DD, 0x03F3, 0x0397,
  0x0296, 0x007B, 0xFF51, 0xFD4E,  0xFAC3, 0xF97D, 0xF896, 0xF8D2,
  0xF811, 0xF54C, 0xF23D, 0xF058,  0xF08D, 0xF064, 0xEF5A, 0xEC35,
  0xE969, 0xE997, 0xE917, 0xE9C8,  0xE90B, 0xE764, 0xE5A4, 0xE664,
  0xE889, 0xE6B8, 0xE819, 0xE707,  0xE860, 0xEA8E, 0xE985, 0xEAA1,
  0xE948, 0xEB5D, 0xEB49, 0xEB9D,  0xEE6A, 0xEF82, 0xEF87, 0xF4FB,
  0xFBD0, 0x0112, 0x0045, 0xFDC8,  0x0527, 0x0979, 0x1246, 0x108B,
  0x0CC8, 0x0F0F, 0x0CF1, 0x129C,  0x12CB, 0x13A3, 0x117B, 0x0EF2,
  0x10C9, 0x0F04, 0x1224, 0x12FB,  0x1346, 0x125A, 0x0D31, 0x0C84,
  0x0D7A, 0x0F65, 0x1183, 0x0E1B,  0x0B24, 0x085E, 0x09D0, 0x0DE9,
  0x0DAD, 0x0D12, 0x0768, 0x05DE,  0x06C8, 0x065E, 0x09BD, 0x05B0,
  0x03DD, 0x01E7, 0x0225, 0x04B9,  0x032D, 0x0547, 0x0350, 0x04EC,
  0x04A4, 0x03D7, 0x04E9, 0x0590,  0x0755, 0x06F7, 0x05E6, 0x04D1,
  0x060A, 0x084A, 0x0A34, 0x0964,  0x085D, 0x076D, 0x095B, 0x0A00,
  0x091D, 0x07DB, 0x055F, 0x0682,  0x05B8, 0x033D, 0xFFBC, 0xFD77,
  0xFE9A, 0xFF50, 0xFD81, 0xF93A,  0xF676, 0xF6D7, 0xF7A1, 0xF76A,
  0xF506, 0xF084, 0xEFDC, 0xEFE3,  0xEFB6, 0xEFD3, 0xEC52, 0xEB5B,
  0xE9DE, 0xE8EB, 0xE8A3, 0xE752,  0xE8BB, 0xE7B0, 0xE854, 0xE980,
  0xE8AA, 0xE8B3, 0xE970, 0xEB08,  0xEBC1, 0xEA15, 0xE9D2, 0xEB9F,
  0xEC68, 0xEE80, 0xEE40, 0xF118,  0xF13B, 0xF2B1, 0xF983, 0xFF35,
  0x00F5, 0xFEAF, 0x0106, 0x072B,  0x0D0A, 0x0DED, 0x0F01, 0x0C88,
  0x0BE2, 0x0EC6, 0x1171, 0x13F2,  0x11A0, 0x10E9, 0x0F05, 0x0FBA,
  0x112E, 0x121A, 0x1414, 0x10CD,  0x0E21, 0x0C3F, 0x0C71, 0x0EA1,
  0x0F28, 0x0EB3, 0x0C3E, 0x08F7,  0x0925, 0x0BEE, 0x0E2F, 0x0CE6,
  0x0870, 0x06C2, 0x0586, 0x076B,  0x089E, 0x0735, 0x057A, 0x0195,
  0x0200, 0x0433, 0x0584, 0x05C6,  0x03E0, 0x02F0, 0x0261, 0x03BB,
  0x05FD, 0x06B6, 0x065E, 0x0464,  0x0367, 0x04A2, 0x071B, 0x09C8,
  0x09CF, 0x076C, 0x0500, 0x0684,  0x09C7, 0x0B04, 0x0923, 0x05F4,
  0x0435, 0x038F, 0x04FA, 0x0550,  0x02FA, 0xFFB1, 0xFD96, 0xFD8D,
  0xFDA9, 0xFD4C, 0xFB51, 0xF90A,  0xF724, 0xF540, 0xF495, 0xF3E8,
  0xF2A5, 0xF1DB, 0xF011, 0xEF17,  0xEE08, 0xEC7A, 0xECAC, 0xEC99,
  0xEBD9, 0xEC46, 0xEA68, 0xE910,  0xE8E2, 0xE908, 0xEA8B, 0xEA5A,
  0xEA98, 0xE9F8, 0xEB71, 0xED81,  0xEDFC, 0xEE76, 0xEDD1, 0xED40,
  0xEF67, 0xF050, 0xF15C, 0xF0C9,  0xF0AC, 0xF53F, 0xF8C0, 0xFE8F,
  0x00F4, 0x0057, 0x01F9, 0x0659,  0x0D17, 0x1118, 0x0FA0, 0x0D43,
  0x0C4C, 0x0F48, 0x13C2, 0x1488,  0x1341, 0x0F67, 0x0EAC, 0x1028,
  0x1230, 0x13F7, 0x11FF, 0x0FBD,  0x0E2D, 0x0D35, 0x0E79, 0x0E85,
  0x0EC9, 0x0D5F, 0x0AFB, 0x09AA,  0x0992, 0x0BCA, 0x0C26, 0x0BA1,
  0x0866, 0x0614, 0x04DA, 0x0726,  0x08FD, 0x074D, 0x0386, 0x0025,
  0x0281, 0x048B, 0x06C4, 0x051B,  0x014C, 0x0073, 0x01AA, 0x04F4,
  0x0586, 0x03C5, 0x017B, 0x007D,  0x0328, 0x0529, 0x06A2, 0x059E,
  0x044F, 0x0543, 0x059F, 0x07C6,  0x0840, 0x07B4, 0x06E0, 0x052A,
  0x048D, 0x0414, 0x0472, 0x0483,  0x0235, 0xFF4B, 0xFCD3, 0xFCC8,
  0xFEA0, 0xFE61, 0xFAC8, 0xF718,  0xF570, 0xF5F8, 0xF580, 0xF4DF,
  0xF3CC, 0xEFCA, 0xEFA7, 0xEF2D,  0xEF4F, 0xEF9F, 0xEE35, 0xECB6,
  0xEB75, 0xEB6E, 0xEC34, 0xEBDA,  0xEC42, 0xEBC8, 0xEB29, 0xEB44,
  0xEB5A, 0xED24, 0xEE60, 0xEEF2,  0xEE5A, 0xEE1E, 0xEDF4, 0xF153,
  0xF2D8, 0xF45D, 0xF313, 0xF340,  0xF5E6, 0xF9E5, 0xFFFB, 0x006B,
  0xFF76, 0xFF97, 0x03B8, 0x0AA7,  0x0D2F, 0x0C0E, 0x0A9B, 0x0936,
  0x0D35, 0x105E, 0x1238, 0x1036,  0x0D88, 0x0E47, 0x0F2A, 0x11D1,
  0x11F9, 0x1104, 0x0F78, 0x0DA8,  0x0E15, 0x0E31, 0x0EAF, 0x0E57,
  0x0C7B, 0x0B76, 0x09EE, 0x0A59,  0x0B35, 0x0BF6, 0x0ACC, 0x07F6,
  0x0622, 0x064E, 0x07C7, 0x0899,  0x061C, 0x0386, 0x014B, 0x02D7,
  0x05A8, 0x057E, 0x04EA, 0x0177,  0x0147, 0x031D, 0x0615, 0x0691,
  0x028E, 0x0129, 0x0171, 0x03F1,  0x0539, 0x0410, 0x03B6, 0x03A2,
  0x0541, 0x069F, 0x05E4, 0x0596,  0x058E, 0x0677, 0x068E, 0x04BF,
  0x038F, 0x02D6, 0x03DC, 0x0340,  0x012F, 0xFF2B, 0xFDBE, 0xFED2,
  0xFEEF, 0xFD60, 0xFAC9, 0xF885,  0xF880, 0xF850, 0xF78F, 0xF5F4,
  0xF3C2, 0xF2C8, 0xF246, 0xF2B9,  0xF20B, 0xF08B, 0xEF18, 0xEF3A,
  0xEFA0, 0xEF9B, 0xED8B, 0xECF0,  0xECB2, 0xEC69, 0xECC9, 0xEBC4,
  0xECAD, 0xECAA, 0xEE9B, 0xF04D,  0xF022, 0xF044, 0xF061, 0xF1AD,
  0xF339, 0xF431, 0xF4A7, 0xF330,  0xF381, 0xF603, 0xF8BB, 0xFBC2,
  0xFDF4, 0xFF2F, 0x0109, 0x025F,  0x065F, 0x0AB6, 0x0AF0, 0x0B89,
  0x09E0, 0x0B38, 0x0CE3, 0x0F6D,  0x1111, 0x0EBC, 0x0DC0, 0x0D91,
  0x104D, 0x128B, 0x129B, 0x1191,  0x0EAA, 0x0E3D, 0x0FA0, 0x104C,
  0x0FBA, 0x0CC5, 0x0B12, 0x0A09,  0x0B00, 0x0C0E, 0x0AC2, 0x0951,
  0x0704, 0x06FB, 0x0781, 0x0765,  0x0710, 0x0447, 0x033B, 0x0266,
  0x02C0, 0x03BB, 0x026C, 0x0224,  0x0166, 0x0265, 0x02FD, 0x02B6,
  0x029D, 0x024E, 0x0234, 0x037D,  0x035F, 0x0256, 0x00FC, 0x0195,
  0x04FA, 0x052A, 0x04D4, 0x02DC,  0x02D4, 0x04F9, 0x067D, 0x0740,
  0x04F6, 0x02BC, 0x0245, 0x033F,  0x04A4, 0x03B6, 0x014A, 0xFE9D,
  0xFDFB, 0xFF39, 0xFF8E, 0xFEC3,  0xFC4D, 0xFA91, 0xF9AC, 0xF984,
  0xF92D, 0xF7A4, 0xF5E9, 0xF406,  0xF303, 0xF289, 0xF231, 0xF1B8,
  0xF0B3, 0xEFC4, 0xEF10, 0xEEB3,  0xEEBE, 0xEF20, 0xEF41, 0xEEB1,
  0xEE47, 0xED68, 0xEEFB, 0xEFCF,  0xF0A9, 0xF09E, 0xEFBD, 0xF107,
  0xF18E, 0xF371, 0xF2F3, 0xF2E8,  0xF37A, 0xF42D, 0xF542, 0xF775,
  0xF87D, 0xF9CD, 0xFBE3, 0xFEBF,  0x0272, 0x01F0, 0x0551, 0x061E,
  0x08B8, 0x0A45, 0x09B1, 0x0C1B,  0x0ABF, 0x0D10, 0x0D80, 0x0E83,
  0x0F9F, 0x0E93, 0x100E, 0x0F99,  0x111F, 0x115E, 0x10DE, 0x103F,
  0x0E87, 0x0E9C, 0x0E3D, 0x0DBF,  0x0C97, 0x0B99, 0x0A45, 0x0A29,
  0x097F, 0x09EF, 0x091A, 0x0783,  0x070E, 0x056F, 0x0604, 0x04AB,
  0x042E, 0x0299, 0x018D, 0x01F7,  0x019D, 0x022E, 0x011E, 0x0103,
  0x0149, 0x01E0, 0x02B4, 0x029D,  0x01F7, 0x01A7, 0x0223, 0x0378,
  0x03A4, 0x02A3, 0x02C2, 0x023C,  0x03CF, 0x04E4, 0x056D, 0x04C6,
  0x02DE, 0x03EB, 0x0408, 0x0569,  0x04F2, 0x02DF, 0x0174, 0x0079,
  0x01C3, 0x01CB, 0x00C5, 0xFED2,  0xFCCC, 0xFCA1, 0xFCE4, 0xFD22,
  0xFC12, 0xFA10, 0xF8B4, 0xF7DA,  0xF7BC, 0xF7A7, 0xF635, 0xF4C9,
  0xF38B, 0xF2FA, 0xF2DF, 0xF241,  0xF1E0, 0xF0F0, 0xF05E, 0xF09D,
  0xF0A0, 0xF13D, 0xF0F7, 0xF161,  0xF1AC, 0xF20B, 0xF2F8, 0xF30F,
  0xF351, 0xF327, 0xF3E5, 0xF428,  0xF4E6, 0xF520, 0xF51D, 0xF576,
  0xF5D2, 0xF756, 0xF744, 0xF8D7,  0xF912, 0xFA80, 0xFC46, 0xFE7D,
  0x008F, 0x0070, 0x028A, 0x0338,  0x05A0, 0x0665, 0x079B, 0x0847,
  0x0806, 0x0A48, 0x0A9B, 0x0C5D,  0x0C82, 0x0D29, 0x0DB3, 0x0E04,
  0x0F2B, 0x0F0F, 0x0F5D, 0x0E9E,  0x0EAB, 0x0E01, 0x0D89, 0x0CFC,
  0x0C10, 0x0BE5, 0x0B47, 0x0B21,  0x0A32, 0x09EB, 0x090D, 0x08DE,
  0x085C, 0x074E, 0x065F, 0x0513,  0x04F0, 0x0435, 0x0457, 0x03B4,
  0x0322, 0x02DC, 0x02C2, 0x0379,  0x033F, 0x0325, 0x0247, 0x022E,
  0x024F, 0x02C0, 0x02B6, 0x0222,  0x01DC, 0x01E8, 0x02B9, 0x0317,
  0x0347, 0x027A, 0x0299, 0x02B7,  0x0365, 0x0393, 0x02D3, 0x01E2,
  0x009A, 0x00F1, 0x009F, 0x0069,  0xFF66, 0xFE2A, 0xFD89, 0xFD2B,
  0xFD41, 0xFCA5, 0xFBD2, 0xFAA1,  0xF9FF, 0xF956, 0xF8D1, 0xF832,
  0xF744, 0xF671, 0xF58B, 0xF4FE,  0xF44A, 0xF3FB, 0xF379, 0xF2FB,
  0xF29E, 0xF241, 0xF201, 0xF1F0,  0xF218, 0xF240, 0xF25E, 0xF28E,
  0xF2DD, 0xF305, 0xF3C8, 0xF407,  0xF48F, 0xF486, 0xF4CA, 0xF4F0,
  0xF4A9, 0xF524, 0xF4CD, 0xF567,  0xF5AB, 0xF69E, 0xF78C, 0xF919,
  0xFAD6, 0xFC57, 0xFDF3, 0xFF16,  0x00FF, 0x0198, 0x037B, 0x044D,
  0x0547, 0x0666, 0x071C, 0x08E5,  0x0986, 0x0B4C, 0x0BD2, 0x0CC0,
  0x0D82, 0x0E3A, 0x0EF2, 0x0EF2,  0x0EFA, 0x0EC3, 0x0E68, 0x0E2A,
  0x0E15, 0x0D5C, 0x0D51, 0x0C99,  0x0C87, 0x0BCD, 0x0B4F, 0x0ADF,
  0x09DF, 0x0974, 0x085D, 0x079F,  0x06A1, 0x05B6, 0x0547, 0x04C2,
  0x0434, 0x0401, 0x0349, 0x0339,  0x02ED, 0x02D0, 0x02CF, 0x0235,
  0x0240, 0x017E, 0x01AE, 0x016A,  0x0129, 0x0138, 0x00E2, 0x0148,
  0x013C, 0x01CC, 0x01B9, 0x01FD,  0x021B, 0x021F, 0x021F, 0x01E1,
  0x01DD, 0x010C, 0x010C, 0x0066,  0x0067, 0xFFE9, 0xFFBB, 0xFF6A,
  0xFE3D, 0xFE5A, 0xFD75, 0xFD7A,  0xFCCD, 0xFC31, 0xFB7C, 0xFA7E,
  0xFA3F, 0xF974, 0xF8F5, 0xF7CB,  0xF71B, 0xF657, 0xF5CA, 0xF58C,
  0xF547, 0xF4F2, 0xF480, 0xF45B,  0xF429, 0xF44A, 0xF413, 0xF3F4,
  0xF3E6, 0xF37E, 0xF3D6, 0xF3B0,  0xF402, 0xF420, 0xF40D, 0xF441,
  0xF395, 0xF3D4, 0xF380, 0xF3D3,  0xF3F9, 0xF422, 0xF4C3, 0xF5B2,
  0xF739, 0xF8B6, 0xFAAA, 0xFBB3,  0xFD61, 0xFE4B, 0x0037, 0x0161,
  0x0281, 0x03E1, 0x045F, 0x060C,  0x06FD, 0x0893, 0x0987, 0x0A6B,
  0x0B69, 0x0C03, 0x0CCC, 0x0D4A,  0x0D8E, 0x0DC6, 0x0DBB, 0x0DAF,
  0x0D7B, 0x0D05, 0x0CD8, 0x0C84,  0x0C53, 0x0C00, 0x0B96, 0x0B42,
  0x0AD7, 0x0A70, 0x09F1, 0x0920,  0x0857, 0x075E, 0x06B5, 0x062B,
  0x059A, 0x0541, 0x04C2, 0x0472,  0x0437, 0x03FD, 0x03B6, 0x0364,
  0x0313, 0x02AC, 0x022A, 0x01BF,  0x0168, 0x0141, 0x014E, 0x015F,
  0x017C, 0x018C, 0x01C9, 0x01E9,  0x01F5, 0x01CD, 0x01A4, 0x0170,
  0x0134, 0x00FA, 0x00AA, 0x003D,  0xFFC4, 0xFF96, 0xFF4A, 0xFF31,
  0xFECD, 0xFE97, 0xFE01, 0xFDC8,  0xFD4E, 0xFD09, 0xFC38, 0xFBC0,
  0xFB82, 0xFAAD, 0xFA63, 0xF96C,  0xF8FD, 0xF845, 0xF7E0, 0xF791,
  0xF6F9, 0xF6D3, 0xF6AB, 0xF6C0,  0xF683, 0xF608, 0xF5A8, 0xF547,
  0xF523, 0xF559, 0xF531, 0xF4F5,  0xF4C2, 0xF4CF, 0xF52D, 0xF571,
  0xF5AA, 0xF561, 0xF508, 0xF4AD,  0xF490, 0xF491, 0xF48C, 0xF4B3,
  0xF511, 0xF5F1, 0xF727, 0xF893,  0xF9DC, 0xFB39, 0xFC74, 0xFDC0,
  0xFF2F, 0x0031, 0x0166, 0x0276,  0x03A0, 0x04F1, 0x05EA, 0x071A,
  0x0813, 0x091C, 0x0A10, 0x0ACC,  0x0B95, 0x0C03, 0x0C8C, 0x0CE4,
  0x0CD1, 0x0D08, 0x0CC6, 0x0CD8,  0x0CBA, 0x0C8A, 0x0C6A, 0x0BF2,
  0x0BD6, 0x0B76, 0x0B50, 0x0AF9,  0x0A6B, 0x09D7, 0x090B, 0x0889,
  0x07C4, 0x0744, 0x0670, 0x05D4,  0x0553, 0x04C8, 0x0471, 0x03F3,
  0x039E, 0x0309, 0x028A, 0x01E6,  0x0153, 0x00F3, 0x00B5, 0x009B,
  0x0076, 0x0066, 0x005D, 0x0080,  0x00AD, 0x00D4, 0x00D5, 0x00B4,
  0x0087, 0x007D, 0x0071, 0x005C,  0x0037, 0xFFF0, 0xFFB2, 0xFF83,
  0xFF5F, 0xFF1B, 0xFEF8, 0xFEB2,  0xFE6F, 0xFE16, 0xFDC2, 0xFD70,
  0xFD1B, 0xFCD2, 0xFC2F, 0xFBA4,  0xFAED, 0xFA7A, 0xF9F0, 0xF982,
  0xF92C, 0xF89B, 0xF86E, 0xF81A,  0xF7FF, 0xF7C2, 0xF778, 0xF71A,
  0xF6C7, 0xF65C, 0xF62D, 0xF5ED,  0xF5E3, 0xF5BA, 0xF5D4, 0xF5B9,
  0xF588, 0xF584, 0xF543, 0xF543,  0xF4ED, 0xF51A, 0xF4A5, 0xF4CE,
  0xF4CA, 0xF54A, 0xF5F2, 0xF6B2,  0xF7E1, 0xF884, 0xF9C6, 0xFA8A,
  0xFBBD, 0xFCD4, 0xFE05, 0xFF40,  0x004D, 0x0153, 0x02A0, 0x03AD,
  0x04EE, 0x0603, 0x06ED, 0x07D9,  0x088A, 0x097F, 0x0A32, 0x0B13,
  0x0B83, 0x0BF1, 0x0C11, 0x0C25,  0x0C2A, 0x0C10, 0x0C0C, 0x0BD7,
  0x0BC3, 0x0B82, 0x0B76, 0x0B45,  0x0B10, 0x0ABC, 0x0A44, 0x09B9,
  0x0909, 0x0861, 0x07C7, 0x0729,  0x0692, 0x060A, 0x0573, 0x04F5,
  0x048A, 0x040F, 0x03A7, 0x0322,  0x02D0, 0x0271, 0x0225, 0x01E6,
  0x0161, 0x0122, 0x00C5, 0x00B2,  0x00AA, 0x00AD, 0x00CE, 0x00D7,
  0x0109, 0x011C, 0x0126, 0x010D,  0x00E9, 0x00D3, 0x00A9, 0x0084,
  0x0050, 0x0010, 0xFFDC, 0xFFA1,  0xFF72, 0xFF34, 0xFEF0, 0xFEC8,
  0xFE7A, 0xFE3D, 0xFDD7, 0xFD6D,  0xFCE6, 0xFC8B, 0xFC1D, 0xFBB4,
  0xFB2E, 0xFACB, 0xFA50, 0xFA0A,  0xF9A0, 0xF932, 0xF8C3, 0xF85C,
  0xF842, 0xF801, 0xF7CF, 0xF759,  0xF6F9, 0xF67E, 0xF620, 0xF5D5,
  0xF598, 0xF599, 0xF59B, 0xF5D1,  0xF5CD, 0xF5B2, 0xF5D5, 0xF5FF,
  0xF64E, 0xF669, 0xF64C, 0xF5F9,  0xF5D9, 0xF60A, 0xF682, 0xF715,
  0xF7C5, 0xF894, 0xF9B2, 0xFADE,  0xFC1F, 0xFD69, 0xFE36, 0xFF51,
  0x0010, 0x0116, 0x01FB, 0x0307,  0x0422, 0x0520, 0x065B, 0x075E,
  0x0880, 0x096D, 0x0A62, 0x0B1E,  0x0BAF, 0x0C20, 0x0C58, 0x0C63,
  0x0C5B, 0x0C46, 0x0C15, 0x0BED,  0x0BCF, 0x0B9E, 0x0B76, 0x0B18,
  0x0AA5, 0x0A2B, 0x09B8, 0x0952,  0x08EA, 0x0848, 0x07A8, 0x06E6,
  0x064F, 0x05C5, 0x0541, 0x04C9,  0x0430, 0x03C7, 0x0358, 0x0318,
  0x02AF, 0x0274, 0x01EA, 0x0182,  0x00EA, 0x0074, 0x0012, 0xFFFD,
  0x0058, 0x0042, 0x0071, 0x0043,  0x004B, 0x0057, 0x007B, 0x0060,
  0x003F, 0xFFEF, 0xFFE5, 0xFFEF,  0x000F, 0x0027, 0x0005, 0xFFB7,
  0xFF5E, 0xFF2E, 0xFEF2, 0xFEE2,  0xFE97, 0xFE60, 0xFE0D, 0xFDD6,
  0xFD95, 0xFD49, 0xFCE6, 0xFC6E,  0xFBE2, 0xFB77, 0xFAF6, 0xFAA4,
  0xFA31, 0xF9D3, 0xF975, 0xF90D,  0xF8CF, 0xF871, 0xF851, 0xF7DA,
  0xF783, 0xF70C, 0xF6CB, 0xF691,  0xF681, 0xF68A, 0xF69B, 0xF69A,
  0xF6A5, 0xF6A6, 0xF6BB, 0xF6BF,  0xF6B0, 0xF6A0, 0xF66E, 0xF680,
  0xF66D, 0xF6E7, 0xF717, 0xF7BE,  0xF831, 0xF918, 0xF9ED, 0xFB07,
  0xFC07, 0xFCC2, 0xFDD6, 0xFE88,  0xFFB9, 0x0060, 0x0181, 0x0241,
  0x0335, 0x044C, 0x056F, 0x069B,  0x0799, 0x0891, 0x0961, 0x0A26,
  0x0AA7, 0x0B3D, 0x0B81, 0x0BC8,  0x0BD3, 0x0BF0, 0x0BD6, 0x0BDF,
  0x0BD3, 0x0BC8, 0x0B9D, 0x0B38,  0x0ACB, 0x0A48, 0x09DF, 0x096C,
  0x08F4, 0x0858, 0x07C9, 0x0743,  0x06AC, 0x0606, 0x0542, 0x047B,
  0x03D0, 0x0353, 0x02CF, 0x0276,  0x0201, 0x01B6, 0x0177, 0x014F,
  0x0116, 0x00B9, 0x008D, 0x0053,  0x0069, 0x0062, 0x0058, 0x0008,
  0xFFA0, 0xFF86, 0xFF94, 0xFFD3,  0x0011, 0x003A, 0x0046, 0x0062,
  0x006B, 0x0073, 0x0021, 0xFFD6,  0xFF71, 0xFF3A, 0xFF1A, 0xFEFF,
  0xFED7, 0xFE83, 0xFE57, 0xFE03,  0xFDC7, 0xFD81, 0xFD31, 0xFCDD,
  0xFC6E, 0xFC15, 0xFB96, 0xFB09,  0xFA81, 0xF9E9, 0xF965, 0xF8E3,
  0xF886, 0xF83B, 0xF821, 0xF813,  0xF805, 0xF7ED, 0xF7BA, 0xF76F,
  0xF71F, 0xF6F8, 0xF6EB, 0xF718,  0xF740, 0xF76E, 0xF79C, 0xF7B1,
  0xF7D2, 0xF7F4, 0xF816, 0xF82F,  0xF836, 0xF874, 0xF894, 0xF901,
  0xF94B, 0xF9DB, 0xFA5B, 0xFB37,  0xFC2F, 0xFD0F, 0xFE1F, 0xFEB1,
  0xFFA7, 0x005E, 0x0147, 0x0211,  0x029E, 0x034B, 0x03E9, 0x04DD,
  0x05E8, 0x06D9, 0x07CA, 0x0870,  0x0931, 0x09B5, 0x0A48, 0x0A99,
  0x0A9F, 0x0AAF, 0x0A90, 0x0AB0,  0x0A91, 0x0A8B, 0x0A69, 0x0A4E,
  0x0A30, 0x09F1, 0x09A5, 0x0933,  0x08B8, 0x0821, 0x079F, 0x0701,
  0x0689, 0x0609, 0x05A3, 0x052E,  0x048C, 0x03F5, 0x0348, 0x02D8,
  0x0271, 0x0230, 0x01C5, 0x0178,  0x013D, 0x0128, 0x012D, 0x011A,
  0x00EB, 0x0088, 0x0070, 0x004E,  0x007C, 0x0067, 0x0068, 0x0015,
  0xFFD0, 0xFFC8, 0xFFC1, 0xFFDD,  0xFFCA, 0xFFBD, 0xFF8D, 0xFF86,
  0xFF82, 0xFF6A, 0xFF1D, 0xFEB6,  0xFE32, 0xFDD4, 0xFD7F, 0xFD4D,
  0xFD0D, 0xFCC9, 0xFC98, 0xFC51,  0xFC26, 0xFBEE, 0xFBC7, 0xFB71,
  0xFB15, 0xFAA5, 0xFA32, 0xF9BF,  0xF962, 0xF904, 0xF8A5, 0xF84F,
  0xF815, 0xF804, 0xF816, 0xF84D,  0xF86E, 0xF88F, 0xF8A0, 0xF8A0,
  0xF8A2, 0xF89D, 0xF8AD, 0xF8C7,  0xF8DF, 0xF8F9, 0xF8FA, 0xF918,
  0xF90F, 0xF963, 0xF98F, 0xF9FA,  0xFA2C, 0xFA84, 0xFAD7, 0xFB67,
  0xFC28, 0xFCAE, 0xFD8B, 0xFDEC,  0xFEB4, 0xFF2D, 0x002C, 0x00DB,
  0x0192, 0x0260, 0x02EA, 0x03B8,  0x0439, 0x050F, 0x0587, 0x0639,
  0x06E1, 0x0779, 0x0831, 0x08A9,  0x093B, 0x0970, 0x099E, 0x09A8,
  0x0973, 0x0953, 0x091B, 0x0908,  0x08F0, 0x08E0, 0x08C6, 0x08A5,
  0x0890, 0x0851, 0x07FB, 0x076D,  0x06F6, 0x066A, 0x05FF, 0x058D,
  0x050E, 0x0489, 0x0407, 0x03A8,  0x0332, 0x02DA, 0x0266, 0x0220,
  0x01EC, 0x01D3, 0x01B5, 0x016B,  0x013E, 0x00F3, 0x00DA, 0x00A0,
  0x0071, 0x0021, 0x000E, 0x000C,  0x0038, 0x005A, 0x004E, 0x001F,
  0xFFAE, 0xFF8F, 0xFF56, 0xFF49,  0xFF24, 0xFEE3, 0xFEA4, 0xFE5F,
  0xFE36, 0xFDEF, 0xFD8E, 0xFD32,  0xFCBE, 0xFC85, 0xFC2C, 0xFC13,
  0xFBC7, 0xFB98, 0xFB5F, 0xFB1B,  0xFAD9, 0xFA81, 0xFA3F, 0xF9D1,
  0xF96F, 0xF903, 0xF8B2, 0xF871,  0xF862, 0xF85D, 0xF870, 0xF88E,
  0xF8BB, 0xF902, 0xF951, 0xF9A7,  0xF9C4, 0xF9AF, 0xF990, 0xF964,
  0xF934, 0xF93A, 0xF931, 0xF96C,  0xF98C, 0xFA08, 0xFA41, 0xFAA5,
  0xFAFF, 0xFB78, 0xFC0C, 0xFCBB,  0xFD85, 0xFDDA, 0xFE63, 0xFEC3,
  0xFF7E, 0x001D, 0x00E3, 0x018D,  0x0210, 0x02B1, 0x036B, 0x042C,
  0x04CE, 0x0580, 0x05FC, 0x0670,  0x06D6, 0x0744, 0x079E, 0x07EE,
  0x0839, 0x0863, 0x088F, 0x08A4,  0x08B1, 0x08BF, 0x08B5, 0x089A,
  0x085A, 0x0823, 0x07EF, 0x07A5,  0x0768, 0x06F5, 0x06A3, 0x065C,
  0x062E, 0x05F5, 0x058E, 0x0505,  0x046E, 0x03FB, 0x0391, 0x0339,
  0x02BC, 0x0251, 0x0202, 0x01EB,  0x01C3, 0x01B2, 0x0168, 0x0120,
  0x00D5, 0x009F, 0x004D, 0xFFFC,  0xFFAB, 0xFF72, 0xFF6D, 0xFF64,
  0xFF6E, 0xFF4E, 0xFF61, 0xFF6A,  0xFF84, 0xFF79, 0xFF3B, 0xFEC9,
  0xFE2F, 0xFDDA, 0xFD7D, 0xFD47,  0xFD1A, 0xFCFE, 0xFCE1, 0xFCDC,
  0xFCD2, 0xFCB2, 0xFC6A, 0xFC21,  0xFBB7, 0xFB5A, 0xFAE0, 0xFAB2,
  0xFA9A, 0xFA9E, 0xFA95, 0xFA7F,  0xFA5C, 0xFA43, 0xFA47, 0xFA41,
  0xFA37, 0xFA0E, 0xF9DE, 0xF9D1,  0xF9C2, 0xF9C9, 0xF9D2, 0xF9E2,
  0xF9FD, 0xFA2F, 0xFA69, 0xFA99,  0xFAB6, 0xFAD1, 0xFB0C, 0xFB61,
  0xFBBB, 0xFC01, 0xFC32, 0xFC5E,  0xFCA2, 0xFD17, 0xFD92, 0xFE16,
  0xFE89, 0xFEF5, 0xFF58, 0xFFBE,  0x0027, 0x008C, 0x00FE, 0x0174,
  0x0205, 0x029B, 0x033C, 0x03D5,  0x0461, 0x04E1, 0x0531, 0x057C,
  0x05BA, 0x060E, 0x0668, 0x06CD,  0x0736, 0x0795, 0x07E5, 0x0819,
  0x082D, 0x082A, 0x0800, 0x07C6,  0x077D, 0x072B, 0x06E4, 0x06BA,
  0x06A8, 0x069C, 0x0686, 0x0648,  0x0601, 0x05AE, 0x0561, 0x0502,
  0x0489, 0x03FC, 0x036F, 0x0314,  0x02BC, 0x0272, 0x020D, 0x01AB,
  0x0143, 0x00F1, 0x00BA, 0x0064,  0x0004, 0xFF9C, 0xFF3D, 0xFEEC,
  0xFEA6, 0xFE70, 0xFE3F, 0xFE1F,  0xFE0F, 0xFE1D, 0xFE1F, 0xFE47,
  0xFE46, 0xFE3D, 0xFDD1, 0xFD4C,  0xFCCC, 0xFC7B, 0xFC5D, 0xFC8A,
  0xFCCC, 0xFCCE, 0xFCD7, 0xFCE4,  0xFCE1, 0xFCCD, 0xFC88, 0xFC30,
  0xFBD4, 0xFB9F, 0xFBA8, 0xFBB7,  0xFBCA, 0xFBEA, 0xFBFF, 0xFC1A,
  0xFC19, 0xFC01, 0xFBD2, 0xFBBA,  0xFBA5, 0xFB97, 0xFB7F, 0xFB61,
  0xFB43, 0xFB42, 0xFB56, 0xFB74,  0xFB84, 0xFB70, 0xFB5E, 0xFB4C,
  0xFB4B, 0xFB6D, 0xFBB3, 0xFC1F,  0xFC90, 0xFD11, 0xFD75, 0xFDAE,
  0xFDE0, 0xFE1D, 0xFE7B, 0xFED5,  0xFF24, 0xFF5C, 0xFFB3, 0x0025,
  0x00BD, 0x0157, 0x01DD, 0x0241,  0x0298, 0x0303, 0x0363, 0x03B3,
  0x03E1, 0x040F, 0x043D, 0x048F,  0x04D7, 0x0530, 0x0574, 0x05BE,
  0x05F2, 0x061A, 0x0632, 0x0624,  0x0611, 0x05D9, 0x05AB, 0x057C,
  0x0566, 0x0547, 0x0549, 0x054F,  0x055B, 0x054B, 0x053A, 0x04E5,
  0x045E, 0x03EE, 0x0381, 0x0335,  0x02E7, 0x02A3, 0x0258, 0x025C,
  0x0260, 0x0287, 0x024B, 0x01E2,  0x015C, 0x010B, 0x00D9, 0x00B4,
  0x006C, 0x000A, 0xFFCF, 0xFFC1,  0xFFCF, 0xFFC4, 0xFF91, 0xFF48,
  0xFF0C, 0xFECF, 0xFE98, 0xFE45,  0xFDFC, 0xFDB7, 0xFD98, 0xFD77,
  0xFD6D, 0xFD62, 0xFD93, 0xFDCF,  0xFE04, 0xFE0B, 0xFDD1, 0xFD6E,
  0xFCFD, 0xFCBA, 0xFC89, 0xFC5E,  0xFC49, 0xFC4A, 0xFC64, 0xFC88,
  0xFCBE, 0xFCDF, 0xFCE0, 0xFCC6,  0xFC82, 0xFC47, 0xFC12, 0xFC34,
  0xFC70, 0xFC85, 0xFC7F, 0xFC4C,  0xFC37, 0xFC50, 0xFC85, 0xFCAC,
  0xFCB1, 0xFCA3, 0xFCAC, 0xFCD4,  0xFCF9, 0xFD0D, 0xFD1C, 0xFD43,
  0xFD85, 0xFDD3, 0xFE17, 0xFE27,  0xFE29, 0xFE2A, 0xFE4B, 0xFE8C,
  0xFEE4, 0xFF49, 0xFF9C, 0xFFEF,  0x004C, 0x00BB, 0x0116, 0x0152,
  0x0181, 0x017E, 0x01A0, 0x01CF,  0x021B, 0x026D, 0x02AF, 0x02D5,
  0x0312, 0x0359, 0x03C1, 0x0414,  0x0458, 0x0477, 0x0461, 0x044E,
  0x045F, 0x0483, 0x04AD, 0x04D8,  0x04F1, 0x050A, 0x0510, 0x0518,
  0x0507, 0x04C7, 0x045C, 0x03F3,  0x038A, 0x0341, 0x0322, 0x0334,
  0x035D, 0x0367, 0x035F, 0x0319,  0x02A9, 0x0247, 0x0204, 0x01CD,
  0x0170, 0x0120, 0x00BE, 0x008E,  0x007B, 0x0083, 0x0064, 0x0021,
  0xFFE7, 0xFFBE, 0xFFB0, 0xFF9B,  0xFF78, 0xFF30, 0xFEFC, 0xFECE,
  0xFEAA, 0xFE82, 0xFE5F, 0xFE43,  0xFE3B, 0xFE2A, 0xFE0D, 0xFDCA,
  0xFDA6, 0xFD9A, 0xFDB1, 0xFDB3,  0xFDAB, 0xFD9B, 0xFDA2, 0xFDA4,
  0xFDA0, 0xFD7F, 0xFD52, 0xFD42,  0xFD52, 0xFD79, 0xFD83, 0xFD63,
  0xFD31, 0xFD18, 0xFD38, 0xFD65,  0xFD8C, 0xFD7F, 0xFD57, 0xFD3A,
  0xFD4F, 0xFD71, 0xFD71, 0xFD5F,  0xFD4F, 0xFD59, 0xFD80, 0xFDA0,
  0xFDB1, 0xFD8C, 0xFD85, 0xFD88,  0xFD94, 0xFD9D, 0xFD86, 0xFDCD,
  0xFE1D, 0xFE86, 0xFE7B, 0xFE4F,  0xFE34, 0xFE45, 0xFEC9, 0xFF88,
  0x0016, 0xFFF5, 0x000F, 0x0052,  0x00F0, 0x0172, 0x01B9, 0x0198,
  0x016A, 0x0175, 0x01D5, 0x023E,  0x027A, 0x028D, 0x0299, 0x02D5,
  0x032D, 0x038A, 0x03D7, 0x03D9,  0x03BB, 0x0384, 0x0343, 0x0314,
  0x0307, 0x0325, 0x0323, 0x030B,  0x0302, 0x0302, 0x0320, 0x032D,
  0x030F, 0x02B7, 0x024C, 0x0209,  0x01E8, 0x01E0, 0x01CA, 0x01AE,
  0x01A8, 0x01B9, 0x01F0, 0x0211,  0x0209, 0x01D9, 0x018C, 0x0135,
  0x00E7, 0x009A, 0x0043, 0xFFFB,  0xFFB3, 0xFF8D, 0xFF84, 0xFFA1,
  0xFFCA, 0xFFE1, 0xFFE9, 0xFFC5,  0xFF9A, 0xFF71, 0xFF4A, 0xFF0B,
  0xFECF, 0xFEAC, 0xFEA1, 0xFEA2,  0xFEA5, 0xFE8E, 0xFE66, 0xFE6D,
  0xFE91, 0xFEA8, 0xFE72, 0xFE43,  0xFE11, 0xFE16, 0xFE27, 0xFE46,
  0xFE53, 0xFE3F, 0xFE4D, 0xFE7F,  0xFEB0, 0xFED8, 0xFECE, 0xFEBE,
  0xFE94, 0xFE5C, 0xFE4B, 0xFE3C,  0xFE44, 0xFE39, 0xFE37, 0xFE2F,
  0xFE22, 0xFE3E, 0xFE6B, 0xFEA2,  0xFE9B, 0xFE74, 0xFE44, 0xFE2D,
  0xFE3D, 0xFE5B, 0xFE77, 0xFE73,  0xFE76, 0xFEA4, 0xFEFD, 0xFF3C,
  0xFF4E, 0xFF5C, 0xFF71, 0xFF94,  0xFFC0, 0xFFE2, 0xFFF1, 0x0018,
  0x005F, 0x00B1, 0x00E3, 0x00F8,  0x010E, 0x0127, 0x0154, 0x0169,
  0x0165, 0x014E, 0x014A, 0x0162,  0x0178, 0x018A, 0x0185, 0x0190,
  0x01B5, 0x01E4, 0x01F2, 0x01CE,  0x01A5, 0x0199, 0x01A5, 0x01B6,
  0x0197, 0x0158, 0x0121, 0x0139,  0x0187, 0x01C5, 0x01C2, 0x0189,
  0x0159, 0x0163, 0x0190, 0x01B1,  0x0192, 0x0153, 0x0114, 0x0101,
  0x0103, 0x011E, 0x010D, 0x00E7,  0x00AA, 0x008D, 0x007C, 0x007B,
  0x0081, 0x006B, 0x003F, 0x0025,  0x0016, 0x0024, 0x0028, 0x002B,
  0x0020, 0xFFF4, 0xFFBF, 0xFF80,  0xFF60, 0xFF50, 0xFF3B, 0xFF0D,
  0xFED9, 0xFEA6, 0xFE9E, 0xFEBA,  0xFEE3, 0xFEEC, 0xFECB, 0xFED4,
  0xFF03, 0xFF2B, 0xFF29, 0xFF16,  0xFF05, 0xFEE5, 0xFEE8, 0xFF13,
  0xFF24, 0xFEF1, 0xFED8, 0xFEF5,  0xFF20, 0xFF3F, 0xFF3D, 0xFF23,
  0xFF0D, 0xFF17, 0xFF45, 0xFF67,  0xFF60, 0xFF44, 0xFF44, 0xFF5A,
  0xFF55, 0xFF42, 0xFF29, 0xFF22,  0xFF20, 0xFF22, 0xFF2C, 0xFF33,
  0xFF1E, 0xFF2D, 0xFF3A, 0xFF55,  0xFF5F, 0xFF73, 0xFF94, 0xFFBB,
  0xFFBC, 0xFFC2, 0xFFE0, 0x0018,  0x0046, 0x007A, 0x008F, 0x0074,
  0x0051, 0x0061, 0x0094, 0x00B8,  0x00BA, 0x009B, 0x0093, 0x0091,
  0x00B8, 0x00E9, 0x0101, 0x00E2,  0x00B8, 0x00B0, 0x00AC, 0x00B7,
  0x00CA, 0x00D6, 0x00CC, 0x0096,  0x0084, 0x0088, 0x00A1, 0x00BE,
  0x00DA, 0x00E7, 0x00D1, 0x00CA,  0x00DD, 0x00FC, 0x010C, 0x00FE,
  0x00D1, 0x008D, 0x0083, 0x00AE,  0x00DF, 0x00E1, 0x00B6, 0x007D,
  0x0073, 0x0087, 0x00B1, 0x00AC,  0x0076, 0x0023, 0xFFF7, 0xFFFF,
  0x0026, 0x001B, 0xFFE8, 0xFFA1,  0xFF79, 0xFF73, 0xFF91, 0xFFAB,
  0xFFA5, 0xFF8A, 0xFF67, 0xFF67,  0xFF7E, 0xFFAC, 0xFFC3, 0xFFD6,
  0xFFBE, 0xFFB6, 0xFFAC, 0xFFB9,  0xFFAD, 0xFF9C, 0xFF84, 0xFF6B,
  0xFF69, 0xFF6E, 0xFF90, 0xFFBC,  0xFFEA, 0x000F, 0x0011, 0x0000,
  0xFFE4, 0xFFDF, 0xFFDF, 0xFFE7,  0xFFD7, 0xFFC6, 0xFFB5, 0xFF9B,
  0xFF88, 0xFF90, 0xFF95, 0xFFA5,  0xFF8C, 0xFF71, 0xFF52, 0xFF4A,
  0xFF6A, 0xFF74, 0xFF7D, 0xFF57,  0xFF41, 0xFF41, 0xFF63, 0xFF8A,
  0xFFA6, 0xFFBF, 0xFFCB, 0xFFDE,  0xFFEF, 0xFFEC, 0xFFF3, 0x0009,
  0x0039, 0x0049, 0x0035, 0xFFFF,  0xFFEF, 0xFFF5, 0x001C, 0x0044,
  0x006A, 0x004E, 0x003E, 0x004A,  0x0080, 0x00A8, 0x009E, 0x007B,
  0x005C, 0x003A, 0x0042, 0x005B,  0x0069, 0x0066, 0x0063, 0x0067,
  0x0079, 0x007C, 0x008F, 0x0082,  0x0074, 0x0054, 0x0028, 0x0010,
  0x000E, 0x001B, 0x001B, 0x0015,  0x0012, 0x0019, 0x0037, 0x003D,
  0x003D, 0x0030, 0x002D, 0x0040,  0x0045, 0x002B, 0x0009, 0x0013,
  0x0032, 0x003F, 0x003D, 0x001B,  0xFFF2, 0xFFF4, 0xFFF4, 0x0009,
  0xFFF9, 0xFFEA, 0xFFD4, 0xFFEA,  0xFFFF, 0x0003, 0xFFF4, 0xFFE5,
  0xFFEF, 0xFFE7, 0xFFE7, 0xFFE8,  0xFFEE, 0xFFEF, 0xFFF2, 0xFFE8,
  0xFFDC, 0xFFE0, 0xFFEE, 0xFFF5,  0xFFF5, 0xFFE6, 0xFFCC, 0xFFD6,
  0xFFE4, 0x000C, 0x000C, 0x0010,  0xFFF0, 0xFFE6, 0xFFDB, 0xFFD5,
  0xFFB3, 0xFF83, 0xFF6B, 0xFF71,  0xFF79, 0xFF93, 0xFFB6, 0xFFC9,
  0xFFC1, 0xFFA4, 0xFFA8, 0xFFB8,  0xFFD1, 0xFFE1, 0xFFDE, 0xFFC1,
  0xFF95, 0xFF8A, 0xFFAA, 0xFFE4,  0x000A, 0x000B, 0xFFFE, 0x000B,
  0x002E, 0x0053, 0x0047, 0x0042,  0x0027, 0x0016, 0x0011, 0x0021,
  0x0026, 0x001C, 0x0026, 0x0037,  0x0046, 0x002C, 0x001D, 0x0021,
  0x0037, 0x003B, 0x0040, 0x002B,  0x001F, 0x000F, 0x0008, 0x0006,
  0x0005, 0xFFFE, 0x0006, 0x0011,  0x0011, 0x0007, 0xFFF6, 0x000C,
  0x0031, 0x004C, 0x0045, 0x0024,  0x0019, 0x001E, 0x0028, 0x002E,
  0x002C, 0x0025, 0x0027, 0x002E,  0x004B, 0x0060, 0x0068, 0x0070,
  0x0070, 0x0072, 0x0052, 0x0038,  0x0015, 0x0000, 0xFFED, 0xFFFE,
  0x000D, 0x0005, 0xFFF8, 0xFFF6,  0xFFF9, 0xFFF6, 0xFFE1, 0xFFD0,
  0xFFCF, 0xFFC5, 0xFFC1, 0xFFC1,  0xFFB9, 0xFFB8, 0xFFC2, 0xFFD2,
  0xFFDA, 0xFFD3, 0xFFD9, 0xFFE5,  0xFFF5, 0xFFF9, 0xFFEB, 0xFFDE,
  0xFFC1, 0xFFBB, 0xFFBA, 0xFFD2,  0xFFE1, 0xFFE2, 0xFFE3, 0xFFD8,
  0xFFD5, 0xFFD2, 0xFFE6, 0x0003,  0x0005, 0xFFF8, 0xFFF1, 0xFFE5,
  0xFFE2, 0xFFE3, 0xFFF6, 0xFFF4,  0xFFE8, 0xFFD2, 0xFFE4, 0xFFFF,
  0x001F, 0x002A, 0x0027, 0x0012,  0xFFF2, 0xFFF6, 0x000D, 0x0024,
  0x0014, 0xFFFB, 0xFFF2, 0xFFF2,  0xFFEE, 0xFFF2, 0xFFF6, 0xFFF7,
  0xFFEB, 0xFFF4, 0xFFF5, 0xFFFF,  0xFFF6, 0x0007, 0x000C, 0x0007,
  0xFFF1, 0xFFE5, 0xFFF6, 0x0007,  0x001B, 0x0007, 0xFFFA, 0xFFED,
  0xFFED, 0x0004, 0x000D, 0x0017,  0x0015, 0x0015, 0x0022, 0x0035,
  0x003A, 0x002E, 0x002D, 0x003D,  0x0045, 0x003F, 0x0032, 0x002C,
  0x003D, 0x0048, 0x003D, 0x0022,  0x0001, 0xFFF9, 0xFFFE, 0x0001,
  0x0009, 0xFFF4, 0xFFF4, 0xFFF0,  0x0000, 0x0002, 0xFFEF, 0xFFE3,
  0xFFE8, 0x0000, 0x0009, 0x000E,  0x0014, 0x0011, 0x000F, 0x0022,
  0x0030, 0x001C, 0xFFF7, 0xFFEB,  0xFFEC, 0xFFE9, 0xFFDF, 0xFFCC,
  0xFFBC, 0xFFB3, 0xFFBA, 0xFFCC,  0xFFD7, 0xFFDB, 0xFFE8, 0xFFF1,
  0x0003, 0x0005, 0x000A, 0x001A,  0x001F, 0x0007, 0xFFE9, 0xFFC9,
  0xFFC9, 0xFFDA, 0xFFF2, 0xFFF6,  0xFFF3, 0xFFEC, 0xFFFC, 0x000F,
  0x0019, 0x0010, 0xFFF8, 0xFFEB,  0xFFEA, 0xFFEF, 0xFFFD, 0x000E,
  0x0029, 0x0026, 0x0031, 0x0026,  0x0023, 0x001A, 0x0016, 0x000C,
  0xFFFD, 0xFFF2, 0xFFF5, 0xFFF7,  0xFFF8, 0xFFEF, 0xFFE5, 0xFFE9,
  0xFFF8, 0xFFFB, 0xFFF8, 0xFFED,  0xFFF5, 0xFFF6, 0xFFFF, 0xFFF9,
  0x0002, 0xFFF9, 0xFFFD, 0xFFF8,  0xFFFC, 0x0000, 0x0000, 0x0008,
  0x001F, 0x0026, 0x0026, 0x0019,  0x0009, 0x0001, 0xFFE6, 0xFFFF,
  0x000D, 0x000C, 0xFFF9, 0xFFF7,  0xFFF1, 0xFFFF, 0xFFFD, 0x0005,
  0x000B, 0x0009, 0x0008, 0x0000,  0x0009, 0x0001, 0x0004, 0x000A,
  0x000D, 0x0008, 0x0004, 0x0001,  0x0008, 0x0006, 0x0002, 0x0001,
  0xFFFC, 0xFFF6, 0xFFE7, 0xFFEA,  0xFFED, 0xFFF7, 0x0004, 0x0009,
  0x0008, 0x0002, 0x0009, 0x0016,  0x0019, 0x0014, 0x0016, 0x0012,
  0x0008, 0xFFFC, 0xFFFD, 0xFFFE,  0xFFFF, 0xFFFD, 0xFFFC, 0xFFFB,
  0xFFFB, 0x0003, 0x000E, 0x0013,  0x001B, 0x001B, 0x001C, 0x0019,
  0x0000, 0xFFFE, 0xFFFA, 0x0001,  0xFFF4, 0xFFF1, 0xFFE8, 0xFFEC,
  0xFFE9, 0xFFF1, 0xFFF4, 0xFFF0,  0xFFF9, 0x0003, 0x000E, 0x0002,
  0xFFF1, 0xFFD9, 0xFFF1, 0xFFF6,  0x0004, 0xFFF6, 0xFFF1, 0xFFEB,
  0xFFE3, 0xFFEA, 0xFFFE, 0x0009,  0x0017, 0x0010, 0x0013, 0x000D,
  0x0015, 0x0013, 0x0018, 0x0012,  0x0008, 0x000A, 0x0005, 0x000D,
  0x000A, 0x0004, 0x0000, 0xFFFC,  0xFFF9, 0xFFF8, 0xFFFC, 0xFFFC,
  0xFFF8, 0xFFF1, 0xFFFB, 0xFFF9,  0x0000, 0xFFF4, 0xFFF6, 0xFFEB,
  0xFFEC, 0xFFEA, 0xFFF2, 0xFFF8,  0xFFF9, 0xFFFD, 0x0000, 0xFFFC,
  0xFFF9, 0xFFF2, 0xFFF3, 0xFFF8,  0xFFF6, 0xFFFA, 0xFFEC, 0xFFFA,
  0xFFF7, 0x0003, 0x0010, 0x0008,  0x0010, 0x0009, 0x000B, 0x0009,
  0x0004, 0x0006, 0x0008, 0x0008,  0x0000, 0xFFFC, 0xFFFB, 0xFFF9,
  0xFFFE, 0x0005, 0x0005, 0x0004,  0x0001, 0x0007, 0x0015, 0x001E,
  0x001A, 0x000F, 0x0004, 0x0007,  0x0006, 0x0004, 0xFFFE, 0x0006,
  0x0010, 0x0017, 0x0011, 0x000A,  0x0006, 0x000C, 0x0009, 0x000C,
  0x0003, 0xFFFF, 0xFFFC, 0xFFFF,  0x0002, 0xFFF8, 0xFFFA, 0xFFFB,
  0xFFFE, 0x0005, 0xFFFD, 0x0000,  0xFFFE, 0x0005, 0x0004, 0x0005,
  0x0004, 0xFFFB, 0xFFFD, 0xFFF7,  0xFFFE, 0xFFF5, 0xFFF9, 0xFFF5,
  0x0000, 0xFFFF, 0x0003, 0x0007,  0x0004, 0x000A, 0x0002, 0x0003,
  0x0004, 0x0000, 0x0006, 0x0002,  0x0004, 0xFFFE, 0x0001, 0xFFFC,
  0xFFFC, 0x0001, 0xFFFF, 0x0003,  0xFFF9, 0xFFFB, 0xFFF5, 0xFFF6,
  0xFFF6, 0xFFF5, 0xFFF6, 0xFFF2,  0xFFEC, 0xFFED, 0xFFEA, 0xFFF2,
  0xFFFA, 0xFFFB, 0xFFFC, 0xFFF7,  0xFFF6, 0xFFF3, 0xFFF5, 0xFFF9,
  0x0007, 0x0002, 0x0005, 0xFFF5,  0xFFF9, 0xFFF6, 0xFFFB, 0x0000,
  0x000F, 0x0007, 0x0008, 0x0000,  0x0001
};

#endif // End of _DO16K16B1C_H
