#ifndef _DOOR_OPENING16K16B1C_H
#define _DOOR_OPENING16K16B1C_H

#define DOOR_OPENING16K16B1C_LITTLE_ENDIAN
#include <stdint.h>

#define DOOR_OPENING16K16B1C_PB_FMT Mode_mono
#define DOOR_OPENING16K16B1C_SZ 19403

const uint16_t door_opening16k16b1c[ DOOR_OPENING16K16B1C_SZ ] =
{
  0xFFFC, 0xFFF8, 0xFFFF, 0xFFFC,  0x0000, 0xFFFE, 0xFFFE, 0x0000,
  0xFFFC, 0xFFFE, 0xFFFE, 0x0001,  0xFFFE, 0x0001, 0xFFFE, 0x0001,
  0xFFFF, 0x0000, 0x0002, 0xFFFF,  0x0003, 0x0001, 0x0002, 0x0003,
  0x0002, 0x0000, 0x0004, 0x0002,  0x0006, 0x0002, 0x0007, 0x0001,
  0x0009, 0x0000, 0x0008, 0x0008,  0x0003, 0x0005, 0x0006, 0x0003,
  0x0006, 0x0006, 0x0002, 0x0005,  0x0005, 0x0001, 0x0006, 0x0001,
  0x0004, 0x0001, 0x0002, 0x0006,  0xFFFE, 0x0005, 0xFFFE, 0x0004,
  0x0002, 0x0000, 0x0003, 0x0001,  0x0002, 0x0003, 0xFFFF, 0x0004,
  0xFFFD, 0x0003, 0x0002, 0x0000,  0x0001, 0xFFFF, 0x0001, 0x0001,
  0x0004, 0x0001, 0xFFFD, 0x0003,  0x0001, 0x0002, 0x0001, 0xFFFF,
  0x0001, 0x0000, 0xFFFD, 0xFFFF,  0x0001, 0x0003, 0xFFFE, 0x0004,
  0xFFFE, 0x0004, 0xFFFF, 0x0000,  0xFFFB, 0x0006, 0x0001, 0xFFFA,
  0xFFFE, 0x0001, 0x0004, 0xFFFF,  0xFFFF, 0xFFF9, 0x0007, 0x0000,
  0xFFFE, 0x0000, 0x0001, 0x0002,  0x0000, 0xFFFE, 0x0005, 0x0001,
  0x0000, 0x0003, 0xFFFD, 0x0007,  0xFFFC, 0x0002, 0xFFFB, 0x0004,
  0x0002, 0x0003, 0xFFF8, 0x0008,  0xFFFE, 0xFFFE, 0x0004, 0xFFFB,
  0x0003, 0x0001, 0x0004, 0xFFFD,  0xFFFF, 0x0004, 0xFFFD, 0x0007,
  0xFFFD, 0x0001, 0xFFFB, 0x0003,  0x0003, 0xFFFF, 0x0000, 0x0002,
  0x0000, 0x0008, 0x0003, 0x0001,  0xFFFE, 0x0000, 0xFFFF, 0x0004,
  0xFFFF, 0xFFFA, 0xFFFE, 0x0008,  0xFFFB, 0x0003, 0xFFF2, 0xFFFD,
  0x000E, 0x000C, 0xFFFA, 0xFFFE,  0xFFF4, 0x0008, 0xFFFE, 0xFFFC,
  0x0001, 0x0003, 0xFFFF, 0xFFFF,  0x0004, 0xFFF6, 0x0007, 0xFFFF,
  0xFFF1, 0x0005, 0x000C, 0xFFEF,  0x0013, 0xFFED, 0x0000, 0x0009,
  0xFFF6, 0xFFFF, 0xFFF6, 0x000E,  0x0002, 0xFFF3, 0xFFFB, 0x0010,
  0xFFEA, 0x0009, 0xFFF8, 0xFFF0,  0x0010, 0xFFF3, 0xFFEC, 0x0008,
  0x0009, 0xFFF2, 0xFFF8, 0xFFFC,  0xFFFE, 0xFFF3, 0xFFF1, 0xFFF1,
  0xFFFB, 0xFFFB, 0xFFE7, 0x0004,  0xFFF9, 0xFFD9, 0xFFF0, 0x000D,
  0xFFE0, 0x0007, 0x0004, 0xFFE4,  0x0010, 0xFFE8, 0xFFE3, 0x0007,
  0xFFEF, 0xFFFE, 0x0001, 0xFFDD,  0x001D, 0xFFFB, 0xFFD6, 0x0004,
  0xFFE0, 0x0000, 0xFFFD, 0xFFD7,  0xFFFD, 0xFFFD, 0xFFCF, 0xFFE2,
  0x0004, 0xFFFA, 0xFFF1, 0xFFE7,  0xFFDD, 0xFFE6, 0xFFD4, 0xFFEB,
  0xFFDF, 0xFFEB, 0xFFD6, 0xFFDC,  0xFFE6, 0xFFCE, 0xFFBC, 0x000E,
  0xFFEF, 0xFF97, 0xFFBF, 0xFF8C,  0x001B, 0x001A, 0x002D, 0xFFE7,
  0x0015, 0x0018, 0xFFEE, 0x0004,  0xFFCD, 0xFFD9, 0xFF4D, 0x0029,
  0x0025, 0x0006, 0x0023, 0xFFF4,  0x0043, 0x007D, 0x007F, 0x005A,
  0x004A, 0x0016, 0xFFDA, 0x0040,  0x0043, 0x0045, 0x0092, 0x004D,
  0x0025, 0x0050, 0x005E, 0x0021,  0x0057, 0x001D, 0x0033, 0x0028,
  0x006A, 0x004F, 0x0031, 0x0009,  0x004C, 0x0059, 0xFFEB, 0x0029,
  0x0078, 0x0030, 0x0084, 0x004F,  0x001D, 0x00C0, 0x004E, 0x0051,
  0xFFD2, 0x0029, 0xFFD0, 0x004B,  0x009E, 0x00FD, 0x006C, 0x01B1,
  0x003F, 0xFF86, 0x027A, 0x05B2,  0x0575, 0x020B, 0x007E, 0xFEB2,
  0xF813, 0xF0BE, 0xFB88, 0x03FE,  0xFE2B, 0xF4C1, 0xFCE1, 0x0526,
  0x07F4, 0x0504, 0xFF1B, 0xFED0,  0x0D0A, 0x07BA, 0xF744, 0xFAC5,
  0xFE62, 0x0D3C, 0x0AD6, 0x0965,  0x03D0, 0x0678, 0x0886, 0xFF8D,
  0x04F8, 0xFBF3, 0xFBAA, 0x0FB2,  0x0013, 0xFFB4, 0xF9B3, 0xFF61,
  0xEE83, 0xF45E, 0x1257, 0xF36D,  0x0243, 0xF394, 0xF2A7, 0x0310,
  0xFDBB, 0xF35C, 0x0CD2, 0x0BDC,  0xFA19, 0xF33D, 0x07C2, 0x05D7,
  0xF6D8, 0x1538, 0xF30F, 0x10FC,  0x18F8, 0xFCFD, 0xFD4E, 0x0380,
  0x0CA3, 0x03FB, 0x06E7, 0x0A78,  0xFBBE, 0xF150, 0xFA07, 0xF5DC,
  0xFAD9, 0xF932, 0xFD7A, 0x0BE1,  0xF7FB, 0xFF33, 0xFF28, 0xFF66,
  0xF7B9, 0xEF38, 0x03EF, 0x0B1F,  0x0096, 0xEDA9, 0x09D5, 0x0827,
  0x0BB9, 0x0220, 0x0543, 0xFE1F,  0x0964, 0x1015, 0x038C, 0x0193,
  0xFB0B, 0xFFA9, 0xF31C, 0x04C8,  0x03F7, 0x0A0D, 0xF8E3, 0x05E2,
  0xEF9C, 0x0467, 0x0676, 0xFC63,  0x0D47, 0xF857, 0xFD0F, 0xF24E,
  0x0430, 0xF2BF, 0xFB79, 0x034C,  0x034D, 0xFCF8, 0xF9EF, 0xFB0E,
  0xF60D, 0x009C, 0xF37A, 0x0267,  0x095D, 0x0632, 0x0701, 0x005F,
  0x06BA, 0x07B8, 0x029D, 0x0967,  0x060F, 0x0306, 0x09B3, 0xF350,
  0xFCD0, 0xFCFD, 0xF1E6, 0xFDE0,  0xFED3, 0x00EB, 0xFC83, 0xF56B,
  0xF47D, 0xF8C7, 0xFF7E, 0xF8C2,  0xFC87, 0xFF34, 0xF75A, 0xFC7E,
  0xF2F8, 0xF0B6, 0xF6C3, 0x02C8,  0xF71F, 0x0AF3, 0xEE4F, 0xF5C8,
  0x0528, 0xEFF8, 0x01AF, 0xFCC5,  0x084A, 0xF915, 0x01D7, 0xFDF5,
  0x0301, 0xF8EF, 0xFFA4, 0x046F,  0x001A, 0x0A0A, 0xF872, 0xFE03,
  0x0141, 0x0042, 0xFAAA, 0x02A4,  0x05C6, 0xFCA3, 0x0090, 0x0118,
  0xFB7A, 0xFF7D, 0xFEE5, 0xFDBE,  0x02FE, 0x0228, 0xFD94, 0x07AB,
  0xF8A3, 0x03B5, 0xFEF4, 0xF9DE,  0x0AEE, 0xFD3E, 0x0369, 0x004A,
  0x02EF, 0xFE1B, 0x070B, 0x0189,  0x0102, 0x0687, 0x03B8, 0x05EE,
  0x01E5, 0x03E3, 0x05AC, 0x04D6,  0x01F6, 0x0586, 0x01EA, 0x02D7,
  0x00A2, 0x099F, 0x0425, 0x0828,  0x0125, 0xFCC0, 0xFF94, 0x0268,
  0x07D0, 0x0601, 0x0103, 0x0050,  0x042D, 0xFBCE, 0x06DB, 0xFFA8,
  0x01B3, 0x0046, 0x033C, 0xFED7,  0x0105, 0xFEDD, 0xFEAF, 0x0393,
  0xFD5F, 0x0115, 0xFF0E, 0xFFE2,  0xFF60, 0xFCBB, 0xFE15, 0x034B,
  0xFD0F, 0x029E, 0xF888, 0xFF4B,  0xF5DC, 0x00A4, 0xFDEA, 0xFAEF,
  0x029B, 0xF86C, 0xFF08, 0xF34E,  0xF79C, 0xF202, 0xFD75, 0xF87B,
  0xFE9F, 0xFBBF, 0xF8D5, 0xFA12,  0xF5F2, 0xF833, 0xFD48, 0x02AA,
  0xFE90, 0x02C0, 0x0041, 0x03DC,  0x0074, 0x02A2, 0x023D, 0x0B12,
  0x0882, 0x0BF5, 0x09CD, 0x0779,  0x0B5D, 0x0BD4, 0x074F, 0x0C39,
  0x10F4, 0x0D22, 0x1048, 0x0BAA,  0x0F0F, 0x09FA, 0x0F19, 0x0A93,
  0x0F86, 0x0EFA, 0x106A, 0x0C49,  0x06DD, 0x0BB3, 0x05A6, 0x083C,
  0x00D4, 0x04BF, 0x0169, 0x013F,  0xFE6C, 0xF7B7, 0xF5B1, 0xF2D2,
  0xF240, 0xEFC7, 0xEE8C, 0xEB15,  0xEA10, 0xE41B, 0xE56B, 0xE229,
  0xE1A8, 0xE140, 0xDF84, 0xE05D,  0xE074, 0xE1C0, 0xE099, 0xE3FD,
  0xE3D4, 0xE9D6, 0xE949, 0xECDA,  0xEF74, 0xF169, 0xF775, 0xF96F,
  0xFE59, 0x01B4, 0x0838, 0x0D87,  0x1165, 0x1649, 0x1AC0, 0x1F69,
  0x2446, 0x2811, 0x2BCF, 0x2B16,  0x2F62, 0x31A7, 0x3406, 0x34FC,
  0x3727, 0x3673, 0x32C0, 0x2E4F,  0x2E7F, 0x28E0, 0x268F, 0x23D2,
  0x1D70, 0x1CBE, 0x1390, 0x0F7E,  0x046E, 0x018B, 0xF8F3, 0xF6C7,
  0xF2B1, 0xF06E, 0xED4C, 0xE456,  0xDD60, 0xD65F, 0xD70A, 0xD14A,
  0xCF23, 0xCAFA, 0xC8DA, 0xC7FC,  0xC4AE, 0xC3CC, 0xC164, 0xC0EC,
  0xC284, 0xC3AA, 0xCBB4, 0xCDF6,  0xD541, 0xD82F, 0xDE66, 0xE4CE,
  0xEA43, 0xF4B8, 0xF991, 0x0114,  0x09CD, 0x1246, 0x19D3, 0x1F94,
  0x253B, 0x2C5D, 0x2E5A, 0x34EE,  0x37B1, 0x3ADF, 0x3D96, 0x3E83,
  0x3FE2, 0x3ED0, 0x3C85, 0x388C,  0x33DF, 0x2F5A, 0x292C, 0x23DD,
  0x1FA2, 0x1A66, 0x1581, 0x11EA,  0x0E42, 0x0891, 0x02A1, 0xFB82,
  0xF794, 0xF4E5, 0xF79D, 0xF8BD,  0xF98A, 0xF71F, 0xF14B, 0xEBD3,
  0xE745, 0xE5AE, 0xE5C9, 0xE7E2,  0xE8EA, 0xE562, 0xDEE5, 0xD7A5,
  0xD219, 0xCE3C, 0xC961, 0xC896,  0xC4DC, 0xC624, 0xC2C0, 0xC4BD,
  0xC5FC, 0xC8B7, 0xCFB0, 0xD6AA,  0xDEF8, 0xE401, 0xECD2, 0xF2AD,
  0xFA49, 0xFE31, 0x07F4, 0x0EBC,  0x1953, 0x21A9, 0x292B, 0x2F8C,
  0x32D0, 0x35A5, 0x38F0, 0x3C68,  0x3EB0, 0x404F, 0x3F72, 0x3EB2,
  0x3958, 0x36BC, 0x2F8B, 0x2A06,  0x2380, 0x1E45, 0x1A59, 0x1683,
  0x1146, 0x0ACA, 0x0443, 0x0082,  0xFB10, 0xF5F5, 0xF52B, 0xF5A7,
  0xF83A, 0xF824, 0xF7A4, 0xF3F3,  0xECF2, 0xEACC, 0xE79E, 0xE82D,
  0xE844, 0xE6A8, 0xE48C, 0xDEA2,  0xDCE9, 0xD734, 0xD11F, 0xCB46,
  0xC6F4, 0xC50A, 0xC58E, 0xC3EE,  0xC533, 0xC4E9, 0xCAD0, 0xCF12,
  0xD836, 0xE0B9, 0xE486, 0xEBD8,  0xF0EC, 0xFD32, 0x0295, 0x0C75,
  0x15CC, 0x1DF1, 0x2811, 0x2D3C,  0x339F, 0x35A3, 0x37C6, 0x3A43,
  0x3A87, 0x3F0B, 0x3EB8, 0x3E5B,  0x3AE8, 0x3770, 0x3262, 0x2A3D,
  0x2501, 0x1DC7, 0x170C, 0x1255,  0x0EC7, 0x09F6, 0x057F, 0x0014,
  0xFCF2, 0xF87A, 0xF6D9, 0xF5DA,  0xF4F9, 0xF8D8, 0xF8E5, 0xFB91,
  0xFA5F, 0xFA04, 0xF9BA, 0xF6EF,  0xF617, 0xF2FC, 0xF252, 0xEFCC,
  0xECA9, 0xE854, 0xE2D2, 0xDC32,  0xD557, 0xCF4D, 0xCAB1, 0xC776,
  0xC4B4, 0xC1C0, 0xC368, 0xC402,  0xCA89, 0xD043, 0xD843, 0xDC29,
  0xDEB8, 0xE93F, 0xEEA7, 0xF988,  0x016F, 0x0BEB, 0x1630, 0x1F24,
  0x2974, 0x2EAE, 0x3408, 0x36A7,  0x372F, 0x38D8, 0x3A05, 0x3BE7,
  0x3B05, 0x3A9C, 0x3855, 0x32C5,  0x2E18, 0x2650, 0x1EB1, 0x169E,
  0x107B, 0x0BC8, 0x065E, 0x03C0,  0xFFAA, 0xFD72, 0xF9FF, 0xF738,
  0xF4C2, 0xF40E, 0xF4BD, 0xF6D7,  0xF97F, 0xFCB3, 0xFF70, 0x011D,
  0x0125, 0xFFE5, 0xFE9F, 0xFAD3,  0xF7E0, 0xF248, 0xEEB7, 0xE97C,
  0xE652, 0xE10A, 0xDBC7, 0xD6DC,  0xD0F1, 0xCB17, 0xC5AA, 0xC210,
  0xC1B1, 0xC207, 0xC928, 0xD0CD,  0xD76A, 0xDD7F, 0xE0C9, 0xEA83,
  0xEF0B, 0xF85B, 0xFE28, 0x06DA,  0x12A2, 0x1C30, 0x281D, 0x2ED0,
  0x34BC, 0x36E6, 0x36F9, 0x390D,  0x3778, 0x3709, 0x3598, 0x3412,
  0x3287, 0x2ECC, 0x2C84, 0x2566,  0x1F93, 0x164F, 0x0F55, 0x08D1,
  0x03CF, 0xFF85, 0xFB67, 0xFA45,  0xF874, 0xF958, 0xF7E3, 0xF8A3,
  0xF870, 0xF8BF, 0xF89E, 0xFAEA,  0xFC87, 0xFFAF, 0x0121, 0x045A,
  0x042C, 0x03C5, 0x00E6, 0xF819,  0xF221, 0xEACC, 0xE66C, 0xDFB1,
  0xDB88, 0xD79A, 0xD48F, 0xD136,  0xCE4A, 0xCB1D, 0xCBDE, 0xC8CB,
  0xCB08, 0xCEDB, 0xD63D, 0xDA30,  0xE05A, 0xEB1A, 0xF16D, 0xFB4C,
  0x0114, 0x0B48, 0x115A, 0x1924,  0x2041, 0x26B9, 0x2D30, 0x3087,
  0x342F, 0x36B0, 0x36E3, 0x3624,  0x330C, 0x31CF, 0x2CBB, 0x28D9,
  0x2575, 0x1FD2, 0x1C5D, 0x14EA,  0x10AB, 0x0AD4, 0x04E3, 0x004C,
  0xFAE8, 0xF9DC, 0xF59A, 0xF560,  0xF5B8, 0xF6A6, 0xF8FD, 0xFA01,
  0xFCDC, 0xFDE0, 0xFF97, 0x00E8,  0x00D8, 0x0167, 0x01F5, 0x00D5,
  0xFF4C, 0xFB0E, 0xF7F6, 0xF27D,  0xED9D, 0xE6DC, 0xE020, 0xDBF5,
  0xD7E0, 0xD322, 0xD0E1, 0xCE66,  0xCED1, 0xCE52, 0xD1F4, 0xD5FC,
  0xD744, 0xDD40, 0xDFC9, 0xE8B5,  0xEE3D, 0xF6B4, 0xFE3C, 0x04E8,
  0x0F6C, 0x1679, 0x1E51, 0x248F,  0x28DA, 0x2CFD, 0x2FA6, 0x3257,
  0x3317, 0x3275, 0x323F, 0x2F0F,  0x2D8B, 0x293C, 0x24DC, 0x1EDC,
  0x192B, 0x1491, 0x0EA8, 0x0A71,  0x03A1, 0xFFF7, 0xFC0F, 0xFAA1,
  0xF938, 0xF7A0, 0xF75C, 0xF710,  0xF8C7, 0xFA96, 0xFBB4, 0xFC4F,
  0xFC15, 0xFCAC, 0xFEAC, 0xFEF6,  0xFF3A, 0xFD0D, 0xFC18, 0xF8FC,
  0xF730, 0xF2C1, 0xEE71, 0xE96D,  0xE434, 0xE11F, 0xDC0C, 0xD852,
  0xD503, 0xD2FB, 0xD2E9, 0xD520,  0xD8EB, 0xDABC, 0xDE41, 0xE148,
  0xE768, 0xECD5, 0xF177, 0xF793,  0xFC5F, 0x0658, 0x0CD9, 0x16B8,
  0x1C53, 0x2370, 0x2644, 0x2AED,  0x2D3A, 0x2ED2, 0x2D77, 0x2D14,
  0x2C1A, 0x2B94, 0x2BAD, 0x276C,  0x246C, 0x1C23, 0x19D4, 0x1154,
  0x0D70, 0x0349, 0x000F, 0xFC98,  0xFC8B, 0xFCDC, 0xFA74, 0xF99D,
  0xF82E, 0xF90F, 0xF8CF, 0xF75B,  0xF56B, 0xF482, 0xF4D5, 0xF6FF,
  0xF7CC, 0xF996, 0xF82F, 0xF9F4,  0xF97E, 0xF9B4, 0xF494, 0xEEE2,
  0xE7C3, 0xE403, 0xDFE5, 0xDC3D,  0xD79D, 0xD775, 0xD72F, 0xDC5A,
  0xDF6E, 0xE3B3, 0xE4EB, 0xE733,  0xEC02, 0xED96, 0xF375, 0xF38C,
  0xFB0F, 0xFDAA, 0x08F9, 0x0FE4,  0x182F, 0x1E01, 0x23F6, 0x280C,
  0x2AF7, 0x2AD1, 0x29BC, 0x2736,  0x24DF, 0x2537, 0x22DC, 0x23C7,
  0x1F07, 0x1F95, 0x1BB8, 0x1A07,  0x13CD, 0x0DFC, 0x075A, 0x018E,
  0xFED6, 0xFAEF, 0xF8B8, 0xF66C,  0xF6E1, 0xF88C, 0xFA02, 0xFBB5,
  0xFA74, 0xFA5B, 0xFA3D, 0xFA00,  0xF95E, 0xF83E, 0xF697, 0xF691,
  0xF66A, 0xF600, 0xF37E, 0xEF03,  0xEBC4, 0xE606, 0xE43F, 0xDDE4,
  0xDB62, 0xD65A, 0xD8C0, 0xD83B,  0xDC44, 0xE068, 0xE57B, 0xEB40,
  0xEDE9, 0xF6CF, 0xF8AB, 0xFE46,  0xFEBD, 0x04F0, 0x079C, 0x0D0B,
  0x10C1, 0x1602, 0x1B03, 0x1F6C,  0x2395, 0x251D, 0x26D0, 0x23B9,
  0x22D6, 0x1F20, 0x1CE3, 0x1775,  0x1596, 0x1275, 0x11A6, 0x1093,
  0x0EC7, 0x0D96, 0x0A56, 0x07DA,  0x03E1, 0x016B, 0xFD3C, 0xF9AF,
  0xF8E2, 0xF921, 0xFA4A, 0xFC33,  0xFF15, 0x0168, 0x0356, 0x0520,
  0x0458, 0x0326, 0x00AE, 0xFE55,  0xFAC9, 0xF76F, 0xF2DF, 0xF027,
  0xECFA, 0xEAE1, 0xE76E, 0xE46A,  0xE1B5, 0xDECE, 0xDD3B, 0xDACF,
  0xDB82, 0xD973, 0xDCC6, 0xDF2B,  0xE5E0, 0xE9DF, 0xEF7E, 0xF661,
  0xFB86, 0x0309, 0x05DC, 0x0ADF,  0x0C4F, 0x100C, 0x1217, 0x1521,
  0x1747, 0x18DB, 0x1B35, 0x1D33,  0x1FC3, 0x1EE4, 0x1E6E, 0x1C11,
  0x1A8A, 0x171B, 0x13F6, 0x109A,  0x0D8F, 0x0B90, 0x09B7, 0x09A0,
  0x0749, 0x06C2, 0x0481, 0x0485,  0x031E, 0x0200, 0x009C, 0xFEE1,
  0x002B, 0xFFD0, 0x020C, 0x01F2,  0x03E4, 0x052E, 0x076B, 0x0861,
  0x0750, 0x05CF, 0x0336, 0x0060,  0xFC78, 0xF824, 0xF26E, 0xEE58,
  0xE9E3, 0xE829, 0xE467, 0xE2C2,  0xDFC4, 0xDE95, 0xDD23, 0xDB14,
  0xDAC9, 0xD950, 0xDB72, 0xDC28,  0xE20A, 0xE5F8, 0xE957, 0xEF99,
  0xF5D5, 0xFD12, 0x010E, 0x065A,  0x09CC, 0x0D1E, 0x1145, 0x135A,
  0x16A9, 0x17B0, 0x1A07, 0x1BCF,  0x1E6B, 0x1EB6, 0x1EB0, 0x1E1E,
  0x1D4B, 0x1BDA, 0x1A18, 0x1868,  0x159F, 0x14E6, 0x1260, 0x1202,
  0x0F3D, 0x0E75, 0x0ACE, 0x0926,  0x06E1, 0x0379, 0x016A, 0xFE77,
  0xFE25, 0xFD5F, 0xFEED, 0xFFB9,  0x00E9, 0x037A, 0x0568, 0x0710,
  0x077E, 0x0652, 0x04C2, 0x016A,  0xFE67, 0xF92C, 0xF3F7, 0xEE2E,
  0xE9E1, 0xE6E4, 0xE416, 0xE1C0,  0xDECC, 0xDDB2, 0xDC3A, 0xDA93,
  0xD987, 0xD7D8, 0xD782, 0xD81E,  0xDA33, 0xDE63, 0xE0D4, 0xE59D,
  0xEAE3, 0xF173, 0xF768, 0xFCEA,  0x0319, 0x0761, 0x0D54, 0x1209,
  0x168E, 0x198B, 0x1C69, 0x1F8F,  0x216D, 0x23E6, 0x23E1, 0x2498,
  0x2419, 0x245E, 0x230A, 0x21D2,  0x1F75, 0x1D8B, 0x1AF4, 0x18D9,
  0x15BF, 0x120F, 0x0F53, 0x0AFA,  0x08C5, 0x03E0, 0x027F, 0xFE24,
  0xFDBD, 0xFB86, 0xFCB6, 0xFDB7,  0xFE25, 0x0039, 0x004F, 0x0324,
  0x029D, 0x043B, 0x025F, 0x01EB,  0xFF07, 0xFCEB, 0xF95D, 0xF44A,
  0xF071, 0xEB6C, 0xE8AD, 0xE486,  0xE2EA, 0xDEBA, 0xDCEF, 0xD960,
  0xD81F, 0xD61D, 0xD47D, 0xD4DF,  0xD2C3, 0xD768, 0xD732, 0xDE49,
  0xDFE1, 0xE716, 0xEC95, 0xF2EC,  0xFB03, 0xFF7C, 0x0838, 0x0B85,
  0x144D, 0x1792, 0x1E56, 0x21C8,  0x25CB, 0x2972, 0x2B41, 0x2CFC,
  0x2C79, 0x2C07, 0x29F6, 0x2809,  0x24BD, 0x215D, 0x1D75, 0x19B2,
  0x166A, 0x129A, 0x0F8C, 0x0B47,  0x08E1, 0x0536, 0x02DD, 0x0069,
  0xFDAE, 0xFC2A, 0xF973, 0xFA36,  0xF88D, 0xFA62, 0xFAC8, 0xFD31,
  0xFF66, 0x01AC, 0x0462, 0x04E9,  0x0688, 0x059E, 0x0449, 0x0240,
  0xFEBE, 0xFBA4, 0xF72D, 0xF3BB,  0xEDD8, 0xE9AE, 0xE473, 0xE014,
  0xDC50, 0xD86E, 0xD50B, 0xD16C,  0xD048, 0xCDB1, 0xCED6, 0xCE2C,
  0xD1D0, 0xD203, 0xD9FC, 0xDEF0,  0xE5E0, 0xED46, 0xF527, 0x000A,
  0x05C9, 0x1171, 0x160F, 0x1E63,  0x22F0, 0x282E, 0x2C0C, 0x2D18,
  0x2F4D, 0x2E78, 0x2FB1, 0x2DAA,  0x2C04, 0x2A05, 0x268F, 0x2382,
  0x1EED, 0x1B6E, 0x1590, 0x1074,  0x0B63, 0x0699, 0x01F7, 0xFD3D,
  0xFA08, 0xF6FC, 0xF61B, 0xF48E,  0xF5B1, 0xF552, 0xF755, 0xF902,
  0xFB3D, 0xFE8E, 0xFF5D, 0x0340,  0x0470, 0x0884, 0x09A0, 0x0B6A,
  0x0C60, 0x0B70, 0x0BB4, 0x091F,  0x06EC, 0x018A, 0xFD4C, 0xF86C,
  0xF266, 0xECDA, 0xE681, 0xE0EB,  0xDB59, 0xD736, 0xD36E, 0xCFE4,
  0xCE1C, 0xCC89, 0xCD84, 0xCDBB,  0xD1A7, 0xD3C9, 0xD9AB, 0xDE9A,
  0xE656, 0xEE05, 0xF428, 0xFDA9,  0x04CA, 0x0F04, 0x1438, 0x1D38,
  0x2263, 0x27F9, 0x2B89, 0x2E6C,  0x3019, 0x2EF5, 0x2E54, 0x2BCA,
  0x2953, 0x24FE, 0x211E, 0x1C86,  0x1809, 0x1326, 0x0EE3, 0x0A01,
  0x059B, 0x0151, 0xFD80, 0xFA9A,  0xF760, 0xF584, 0xF44D, 0xF3FB,
  0xF445, 0xF524, 0xF7BB, 0xF96C,  0xFCFC, 0x000A, 0x0451, 0x0767,
  0x0AEA, 0x0E3D, 0x10E4, 0x12D5,  0x13EF, 0x1460, 0x1363, 0x11CE,
  0x0F0B, 0x0C29, 0x07AF, 0x03C0,  0xFDD6, 0xF867, 0xF1E1, 0xEC0C,
  0xE5F7, 0xE011, 0xDB0A, 0xD6AB,  0xD2C7, 0xD0B7, 0xCE32, 0xCE66,
  0xCDE8, 0xCFCB, 0xD0F7, 0xD3AF,  0xD800, 0xDB0F, 0xE21C, 0xE69C,
  0xEFB8, 0xF519, 0xFDE6, 0x05C2,  0x0DB5, 0x1600, 0x1BE9, 0x22B1,
  0x2678, 0x29A2, 0x2B7B, 0x2B64,  0x2ABF, 0x27CA, 0x258C, 0x2207,
  0x1DF4, 0x1A3D, 0x161B, 0x135D,  0x0EEC, 0x0CED, 0x09E3, 0x076F,
  0x04F8, 0x02FD, 0x00D6, 0xFEFF,  0xFD52, 0xFC5C, 0xFAEA, 0xFB0E,
  0xFAE5, 0xFC73, 0xFDF2, 0x0050,  0x037F, 0x0754, 0x0B73, 0x0E6E,
  0x11D4, 0x13D3, 0x1549, 0x15A3,  0x1563, 0x1370, 0x10E2, 0x0D84,
  0x0AE8, 0x06CA, 0x0335, 0xFDDA,  0xF935, 0xF372, 0xEE50, 0xE86A,
  0xE318, 0xDD76, 0xD926, 0xD551,  0xD257, 0xCEBA, 0xCD2F, 0xCB79,
  0xCBBD, 0xCC57, 0xCDE6, 0xD11C,  0xD27E, 0xD944, 0xDB4B, 0xE3D7,
  0xE73A, 0xF093, 0xF5B9, 0xFE64,  0x06DB, 0x0CEC, 0x16C4, 0x1B3D,
  0x23E2, 0x2654, 0x2BBB, 0x2D47,  0x2DB4, 0x2DB9, 0x2B55, 0x2942,
  0x25E9, 0x2236, 0x1EDF, 0x1AC5,  0x18AB, 0x1520, 0x13D1, 0x1176,
  0x104D, 0x0E44, 0x0C78, 0x0AC0,  0x079A, 0x05FE, 0x0289, 0x0135,
  0xFE55, 0xFE2F, 0xFD63, 0xFEDC,  0x00B2, 0x034F, 0x0713, 0x0986,
  0x0DB6, 0x0F4E, 0x11D0, 0x118D,  0x1147, 0x1068, 0x0CB8, 0x09EE,
  0x0522, 0x017B, 0xFC10, 0xF79B,  0xF2C0, 0xEDDA, 0xE922, 0xE50B,
  0xE06E, 0xDC10, 0xD6BA, 0xD28B,  0xCDBB, 0xCAB3, 0xC7AA, 0xC647,
  0xC5FE, 0xC629, 0xC8F6, 0xCA2D,  0xCF9C, 0xD2D8, 0xDA90, 0xDEEC,
  0xE7AD, 0xEEE7, 0xF770, 0xFF12,  0x073B, 0x112C, 0x17C6, 0x2043,
  0x25A4, 0x2CB3, 0x2FD8, 0x3376,  0x34AA, 0x3508, 0x335E, 0x31A1,
  0x2EC5, 0x2C1F, 0x27B7, 0x2466,  0x21BB, 0x1E5D, 0x1C35, 0x18E2,
  0x1720, 0x1399, 0x1161, 0x0E03,  0x0ADD, 0x06CA, 0x028B, 0xFF73,
  0xFC24, 0xFA87, 0xF871, 0xF91A,  0xF984, 0xFBE2, 0xFF06, 0x01E5,
  0x05CF, 0x0845, 0x0C27, 0x0DC1,  0x0EDB, 0x0DEB, 0x0CDC, 0x0A41,
  0x06DC, 0x026A, 0xFDB8, 0xF8AB,  0xF31E, 0xEE30, 0xE7E4, 0xE2C1,
  0xDCB8, 0xD851, 0xD432, 0xD035,  0xCDA1, 0xCA7C, 0xC9B5, 0xC844,
  0xC8A6, 0xC8BD, 0xC8A6, 0xCA84,  0xCA41, 0xCE36, 0xCF18, 0xD467,
  0xD99A, 0xE077, 0xE9FD, 0xF380,  0x00A7, 0x0A34, 0x166C, 0x215A,
  0x2B63, 0x33FC, 0x39B4, 0x3E22,  0x4026, 0x404E, 0x3F90, 0x3C0C,
  0x3895, 0x33B2, 0x2F3D, 0x2ACF,  0x261F, 0x22D8, 0x1EF2, 0x1D2F,
  0x1AC6, 0x189C, 0x15C6, 0x1279,  0x0E8E, 0x0A12, 0x04FC, 0xFF03,
  0xF933, 0xF36F, 0xEF3E, 0xEBA3,  0xEA5C, 0xE9EC, 0xECB0, 0xF0CD,
  0xF6DD, 0xFE0B, 0x04BB, 0x0BA8,  0x10AD, 0x15C8, 0x16CB, 0x16A5,
  0x134F, 0x0F5E, 0x0917, 0x0207,  0xFA36, 0xF26F, 0xEB42, 0xE4B5,
  0xDFF2, 0xDAB6, 0xD78A, 0xD477,  0xD2A5, 0xD148, 0xCFA8, 0xCE89,
  0xCCB0, 0xCB9C, 0xCA0E, 0xC8C3,  0xC815, 0xC7DE, 0xC919, 0xCB06,
  0xCF6E, 0xD40F, 0xDD40, 0xE594,  0xF214, 0xFD1D, 0x0C06, 0x195B,
  0x24B1, 0x30FC, 0x382F, 0x40D0,  0x4242, 0x4639, 0x4466, 0x423D,
  0x3E3E, 0x3832, 0x334E, 0x2BAE,  0x26E8, 0x2131, 0x1DA3, 0x19FA,
  0x1747, 0x15B5, 0x1431, 0x1267,  0x1007, 0x0D33, 0x08D5, 0x03E9,
  0xFE07, 0xF887, 0xF205, 0xECD9,  0xE901, 0xE6C2, 0xE6CE, 0xE887,
  0xED05, 0xF326, 0xFB36, 0x042A,  0x0CB9, 0x14D4, 0x1AD0, 0x1EF1,
  0x20B8, 0x1F3F, 0x1BDC, 0x156C,  0x0DEE, 0x048A, 0xFAF3, 0xF19E,
  0xE927, 0xE265, 0xDC89, 0xD90A,  0xD682, 0xD507, 0xD495, 0xD468,
  0xD469, 0xD392, 0xD2A3, 0xD10E,  0xCEFB, 0xCD6D, 0xCB68, 0xCB16,
  0xCA7C, 0xCC77, 0xCE95, 0xD3F2,  0xD9C8, 0xE1C7, 0xEBB5, 0xF5F2,
  0x029B, 0x0BE5, 0x19AD, 0x230B,  0x2D91, 0x33F5, 0x3981, 0x3E4D,
  0x3E20, 0x3FF0, 0x3BB7, 0x39D5,  0x33FC, 0x2E9D, 0x28E1, 0x21D6,
  0x1D24, 0x16D5, 0x13F9, 0x100D,  0x0DD2, 0x0C65, 0x0AE7, 0x0A77,
  0x08EF, 0x07B8, 0x05B4, 0x02C8,  0xFFF4, 0xFC7F, 0xF8B6, 0xF53C,
  0xF220, 0xF0EE, 0xEFEF, 0xF195,  0xF449, 0xF8B5, 0xFF69, 0x0651,
  0x0DC7, 0x1490, 0x1A6D, 0x1EC5,  0x2033, 0x1FF0, 0x1C62, 0x1754,
  0x0F91, 0x06B0, 0xFD14, 0xF32C,  0xEA8C, 0xE299, 0xDD34, 0xD8DF,
  0xD74C, 0xD5EB, 0xD6EF, 0xD77A,  0xD8BE, 0xD944, 0xD967, 0xD885,
  0xD76A, 0xD5AF, 0xD3F2, 0xD1D9,  0xD11C, 0xD02F, 0xD181, 0xD37A,
  0xD6AF, 0xDC54, 0xE17F, 0xEA48,  0xF110, 0xFC31, 0x041A, 0x0EFC,
  0x17D2, 0x2156, 0x294A, 0x2EBB,  0x3432, 0x365F, 0x3850, 0x3714,
  0x35EA, 0x3247, 0x2E6D, 0x29E1,  0x24FC, 0x2015, 0x1B56, 0x178E,
  0x148B, 0x125F, 0x10CD, 0x0F8D,  0x0F5C, 0x0E4D, 0x0E3A, 0x0C3D,
  0x0AD0, 0x07CE, 0x054F, 0x01A2,  0xFDCA, 0xFA10, 0xF6B6, 0xF47D,
  0xF2ED, 0xF355, 0xF47D, 0xF794,  0xFB36, 0x0152, 0x061A, 0x0C20,
  0x1065, 0x1483, 0x165C, 0x168E,  0x155B, 0x1133, 0x0C49, 0x0581,
  0xFE36, 0xF663, 0xEED6, 0xE8C0,  0xE345, 0xDF84, 0xDCF6, 0xDB9C,
  0xDBC1, 0xDBBE, 0xDCDC, 0xDCBD,  0xDCE5, 0xDB86, 0xDA49, 0xD86E,
  0xD68A, 0xD4E9, 0xD38D, 0xD313,  0xD364, 0xD576, 0xD7E0, 0xDC15,
  0xE02F, 0xE6DE, 0xEC84, 0xF43F,  0xFBB4, 0x03E6, 0x0C24, 0x135C,
  0x1C60, 0x2255, 0x292F, 0x2C86,  0x3126, 0x3379, 0x3467, 0x34B5,
  0x332E, 0x31A2, 0x2E1B, 0x2B50,  0x26E8, 0x22B4, 0x1E59, 0x1A45,
  0x168A, 0x135C, 0x108F, 0x0E64,  0x0C7C, 0x0B29, 0x09BE, 0x07E3,
  0x063E, 0x046E, 0x0287, 0xFFEF,  0xFD5D, 0xFAEB, 0xF871, 0xF6C6,
  0xF5A6, 0xF58A, 0xF64B, 0xF7ED,  0xFB43, 0xFEF9, 0x0300, 0x0712,
  0x0AEA, 0x0E02, 0x0F87, 0x1036,  0x0EDA, 0x0C0C, 0x0824, 0x02EC,
  0xFD2D, 0xF6BC, 0xF089, 0xEAE7,  0xE61A, 0xE232, 0xDF23, 0xDD63,
  0xDC82, 0xDBE4, 0xDBE5, 0xDBC1,  0xDBA1, 0xDB38, 0xDA8D, 0xD991,
  0xD8C6, 0xD7DB, 0xD7EB, 0xD7B7,  0xD8B8, 0xDA3C, 0xDCE8, 0xE0A5,
  0xE451, 0xE9EC, 0xEEC2, 0xF54B,  0xFADE, 0x0231, 0x0914, 0x0FFF,
  0x16F0, 0x1DC2, 0x2532, 0x29F4,  0x2F29, 0x3284, 0x35C5, 0x370D,
  0x369D, 0x35DD, 0x32B2, 0x2FD2,  0x2AC8, 0x25C2, 0x2066, 0x1A66,
  0x15B5, 0x1033, 0x0CE6, 0x0944,  0x06B1, 0x0503, 0x03F1, 0x036F,
  0x023F, 0x0193, 0x012D, 0x0027,  0xFEFB, 0xFD20, 0xFBA5, 0xFA09,
  0xF84B, 0xF7E6, 0xF718, 0xF800,  0xF8EF, 0xFBB5, 0xFE9C, 0x01ED,
  0x0571, 0x08CA, 0x0BC8, 0x0DEB,  0x0EC8, 0x0E51, 0x0CD8, 0x09C8,
  0x0616, 0x0077, 0xFADE, 0xF47A,  0xEEA6, 0xE8FA, 0xE3FB, 0xE02E,
  0xDCB7, 0xDB05, 0xD9AE, 0xD9C2,  0xD9D5, 0xDACD, 0xDBD6, 0xDCB8,
  0xDDC6, 0xDDAA, 0xDE47, 0xDDF0,  0xDE1C, 0xDE81, 0xDE5F, 0xDFE9,
  0xE0E6, 0xE41C, 0xE68A, 0xEAE3,  0xF00F, 0xF586, 0xFC68, 0x0298,
  0x0BD0, 0x11E1, 0x1A9D, 0x2066,  0x288C, 0x2E03, 0x3156, 0x357E,
  0x35C2, 0x3892, 0x34D5, 0x3424,  0x2FD4, 0x2B6D, 0x26D4, 0x1FAE,
  0x1B43, 0x143F, 0x0FE5, 0x0AF9,  0x072A, 0x04FA, 0x0270, 0x0189,
  0x00ED, 0x009E, 0x00DE, 0xFFC1,  0x0010, 0xFFB4, 0xFE7F, 0xFD8A,
  0xFB91, 0xFB8F, 0xF962, 0xF919,  0xF8D2, 0xF956, 0xFB2A, 0xFCE3,
  0x0059, 0x034C, 0x0709, 0x0A57,  0x0D07, 0x0F15, 0x0FB2, 0x0F05,
  0x0D9F, 0x0A41, 0x067A, 0x013A,  0xFBE9, 0xF63D, 0xF09D, 0xEBC6,
  0xE751, 0xE3EE, 0xE15D, 0xDFB6,  0xDF2D, 0xDF44, 0xDFFD, 0xE103,
  0xE207, 0xE324, 0xE380, 0xE3D6,  0xE35F, 0xE351, 0xE275, 0xE1E9,
  0xE131, 0xE169, 0xE17B, 0xE2B3,  0xE423, 0xE74C, 0xEA0C, 0xEE9F,
  0xF324, 0xF88D, 0xFE47, 0x037C,  0x0AC6, 0x0FB3, 0x177D, 0x1B6D,
  0x2274, 0x26C1, 0x2B95, 0x2E03,  0x2F59, 0x3183, 0x2F77, 0x2EA5,
  0x2A1F, 0x2764, 0x2191, 0x1CA7,  0x1793, 0x11BC, 0x0DE9, 0x0907,
  0x06CD, 0x0408, 0x033D, 0x02CE,  0x01E1, 0x0341, 0x0260, 0x0361,
  0x01D1, 0x0239, 0x0163, 0xFFD7,  0xFF17, 0xFD0C, 0xFCFA, 0xFB50,
  0xFBAE, 0xFB8A, 0xFCA7, 0xFE32,  0x0049, 0x02D2, 0x05A4, 0x082C,
  0x0A9C, 0x0C6D, 0x0D51, 0x0D8A,  0x0C0F, 0x0A93, 0x0732, 0x03A6,
  0xFED8, 0xF9D0, 0xF522, 0xF001,  0xEC3E, 0xE7F3, 0xE587, 0xE356,
  0xE284, 0xE2B0, 0xE304, 0xE495,  0xE5C4, 0xE7D6, 0xE903, 0xEA22,
  0xEA3E, 0xE9D8, 0xE92A, 0xE7B8,  0xE61A, 0xE3C3, 0xE2F4, 0xE188,
  0xE1F4, 0xE249, 0xE422, 0xE703,  0xE9FF, 0xEEC2, 0xF208, 0xF7D3,
  0xFBCE, 0x0149, 0x061A, 0x0B78,  0x109C, 0x1513, 0x1AE0, 0x1F7A,
  0x2415, 0x2713, 0x2A12, 0x2C0D,  0x2CD0, 0x2CE7, 0x2B4F, 0x28C1,
  0x25EE, 0x21DA, 0x1DF6, 0x1860,  0x14CB, 0x101C, 0x0CE4, 0x09D5,
  0x0778, 0x0647, 0x04EF, 0x04F4,  0x0446, 0x0408, 0x0356, 0x0268,
  0x01BE, 0x009C, 0xFF08, 0xFD97,  0xFBD1, 0xFB60, 0xFA12, 0xFA66,
  0xFA1A, 0xFB46, 0xFCC8, 0xFEC5,  0x00F3, 0x02E3, 0x056F, 0x078D,
  0x0939, 0x0A4D, 0x0A4D, 0x099E,  0x0841, 0x05BB, 0x02F4, 0xFE7C,
  0xFA9D, 0xF5C5, 0xF1FA, 0xEDBC,  0xEA34, 0xE71C, 0xE542, 0xE44C,
  0xE3EC, 0xE403, 0xE4F0, 0xE688,  0xE81B, 0xE9BB, 0xEA62, 0xEB31,
  0xEAF8, 0xEAE5, 0xE9DB, 0xE855,  0xE652, 0xE46A, 0xE336, 0xE1F5,
  0xE1C4, 0xE21D, 0xE3B5, 0xE6C1,  0xEA52, 0xEE65, 0xF2F1, 0xF809,
  0xFDE8, 0x035E, 0x097E, 0x0ED2,  0x13F5, 0x19DC, 0x1DAB, 0x2321,
  0x2500, 0x288A, 0x29B0, 0x2AE0,  0x2B8F, 0x29B8, 0x2997, 0x263E,
  0x2512, 0x214A, 0x1ECD, 0x1B3B,  0x17C0, 0x1500, 0x1169, 0x0EAA,
  0x0BE4, 0x093D, 0x0772, 0x0515,  0x0397, 0x0178, 0x0004, 0xFEBE,
  0xFD18, 0xFC91, 0xFAFF, 0xFB20,  0xFA73, 0xFAFB, 0xFB30, 0xFC7C,
  0xFD48, 0xFF44, 0x006F, 0x025B,  0x03C3, 0x053D, 0x065E, 0x0709,
  0x076F, 0x06E4, 0x0628, 0x049B,  0x0317, 0x0019, 0xFE4B, 0xFA82,
  0xF88A, 0xF447, 0xF259, 0xEF45,  0xECFD, 0xEB5A, 0xE956, 0xE925,
  0xE7B2, 0xE872, 0xE801, 0xE894,  0xE90F, 0xE986, 0xEA25, 0xEA42,
  0xEA35, 0xEA44, 0xE967, 0xE946,  0xE7C4, 0xE700, 0xE5AA, 0xE4C4,
  0xE469, 0xE43A, 0xE577, 0xE692,  0xE936, 0xEBFD, 0xEFA0, 0xF36D,
  0xF729, 0xFBBA, 0xFFA4, 0x0468,  0x0824, 0x0CB0, 0x10D3, 0x157E,
  0x1A7B, 0x1E98, 0x23E1, 0x2796,  0x2BBE, 0x2E19, 0x30C1, 0x3135,
  0x3146, 0x2F6E, 0x2CA1, 0x28A4,  0x2374, 0x1E2C, 0x17C0, 0x11DF,
  0x0C22, 0x071E, 0x0293, 0xFF8E,  0xFD2F, 0xFC73, 0xFB58, 0xFC30,
  0xFC13, 0xFCDC, 0xFD6A, 0xFDA7,  0xFE29, 0xFD55, 0xFDA5, 0xFCA5,
  0xFC89, 0xFBFD, 0xFBDC, 0xFC35,  0xFD05, 0xFE40, 0xFFAE, 0x0179,
  0x0348, 0x0573, 0x06D8, 0x0851,  0x08A0, 0x08FA, 0x07EC, 0x06D7,
  0x0481, 0x01B1, 0xFEA1, 0xFAB4,  0xF7B4, 0xF36F, 0xF0AE, 0xED37,
  0xEB5D, 0xE954, 0xE81E, 0xE76A,  0xE710, 0xE78F, 0xE7D6, 0xE8C3,
  0xE94D, 0xE9CA, 0xEA44, 0xEA7F,  0xEA0B, 0xEA09, 0xE8C6, 0xE8D8,
  0xE791, 0xE715, 0xE61D, 0xE5FB,  0xE620, 0xE709, 0xE868, 0xEA4B,
  0xECC5, 0xEFE1, 0xF35E, 0xF65F,  0xFA71, 0xFDE6, 0x028C, 0x05C7,
  0x0B22, 0x0F17, 0x14F0, 0x189E,  0x1ED7, 0x239C, 0x286A, 0x2BFF,
  0x2DDC, 0x31D2, 0x304F, 0x310E,  0x2D09, 0x2A83, 0x2554, 0x1EFA,
  0x1987, 0x11D3, 0x0C90, 0x0638,  0x021D, 0xFE99, 0xFC25, 0xFBBA,
  0xFB6C, 0xFCB9, 0xFE11, 0xFF5A,  0x00E0, 0x01E7, 0x02C8, 0x0298,
  0x01BC, 0x0111, 0xFFB1, 0xFE57,  0xFCE6, 0xFBEB, 0xFBF0, 0xFC1E,
  0xFD40, 0xFF1D, 0x015A, 0x0443,  0x06EE, 0x09C3, 0x0BC7, 0x0CD5,
  0x0DDA, 0x0CA1, 0x0B92, 0x0888,  0x054B, 0x0150, 0xFCCB, 0xF8C3,
  0xF443, 0xF0CB, 0xEDE0, 0xEBD3,  0xEAFB, 0xEA15, 0xEAF1, 0xEBA5,
  0xED26, 0xEEBC, 0xEFDC, 0xF141,  0xF1A0, 0xF247, 0xF1A6, 0xF0E5,
  0xEF60, 0xEDD0, 0xEB80, 0xE9BE,  0xE6E5, 0xE594, 0xE37D, 0xE2C2,
  0xE1DE, 0xE1CF, 0xE29A, 0xE3BF,  0xE55E, 0xE79C, 0xE9E3, 0xECC3,
  0xEFBC, 0xF27A, 0xF62A, 0xF8A4,  0xFD2D, 0xFFF4, 0x05DF, 0x09AB,
  0x100A, 0x14C1, 0x1C73, 0x21D4,  0x2793, 0x2CA2, 0x3015, 0x33F9,
  0x3313, 0x34A1, 0x3047, 0x2E1F,  0x27F2, 0x21DD, 0x1B3F, 0x1396,
  0x0DC9, 0x0765, 0x02E1, 0xFF9C,  0xFD52, 0xFD54, 0xFCC3, 0xFE7F,
  0xFF93, 0x009D, 0x027A, 0x0271,  0x0395, 0x0256, 0x01BA, 0x002C,
  0xFED2, 0xFD2A, 0xFBD1, 0xFB02,  0xFB73, 0xFC15, 0xFE48, 0x00AE,
  0x03C1, 0x07A6, 0x0AA6, 0x0E5D,  0x104A, 0x11D8, 0x125B, 0x110A,
  0x0FCB, 0x0BDE, 0x084D, 0x0354,  0xFE64, 0xFA61, 0xF4CD, 0xF1C6,
  0xEDD1, 0xECBB, 0xEB07, 0xEA9F,  0xEB7C, 0xEBAE, 0xEDF8, 0xEE42,
  0xEFBB, 0xEFEE, 0xF009, 0xEFBE,  0xEE25, 0xECB7, 0xEA12, 0xE7C5,
  0xE549, 0xE2C5, 0xE0B7, 0xDEB1,  0xDD3C, 0xDCDF, 0xDC97, 0xDD8E,
  0xDE7F, 0xE121, 0xE3D2, 0xE6AC,  0xEA38, 0xEDAF, 0xF1B0, 0xF564,
  0xF960, 0xFDBD, 0x0190, 0x063B,  0x0B36, 0x0FE0, 0x15BA, 0x19EB,
  0x203E, 0x247F, 0x2930, 0x2C44,  0x2E87, 0x3098, 0x2FD1, 0x2EE5,
  0x2BB9, 0x27F6, 0x230D, 0x1D3C,  0x173F, 0x1121, 0x0BB8, 0x06F5,
  0x02F2, 0x00A1, 0xFED3, 0xFECF,  0xFEE1, 0x005B, 0x0153, 0x02D7,
  0x03E0, 0x04F5, 0x0598, 0x0531,  0x04C3, 0x0367, 0x02CD, 0x0106,
  0x0048, 0xFF0E, 0xFF52, 0xFF92,  0x00B3, 0x0294, 0x0485, 0x0754,
  0x0995, 0x0C39, 0x0DB8, 0x0ED4,  0x0EDD, 0x0E17, 0x0C27, 0x0963,
  0x05D7, 0x01B9, 0xFDC8, 0xF9B4,  0xF62B, 0xF2C6, 0xF096, 0xEF09,
  0xEE7A, 0xEE67, 0xEEAB, 0xEFC0,  0xF0AF, 0xF1B4, 0xF238, 0xF1DF,
  0xF193, 0xF03B, 0xEEE7, 0xEC89,  0xEA33, 0xE7FC, 0xE583, 0xE3EC,
  0xE1F1, 0xE0E6, 0xDF8B, 0xDF42,  0xDF09, 0xDFA3, 0xDFED, 0xE16B,
  0xE26E, 0xE4D7, 0xE6A0, 0xE8FF,  0xEB95, 0xEE71, 0xF1BE, 0xF4B9,
  0xF86E, 0xFC24, 0x0051, 0x0433,  0x097B, 0x0DBE, 0x13F7, 0x17BE,
  0x1E60, 0x22BC, 0x27EF, 0x2B0F,  0x2D7D, 0x307F, 0x2FE3, 0x300A,
  0x2C9E, 0x2A58, 0x255E, 0x2064,  0x1A7F, 0x142F, 0x0F04, 0x09AD,
  0x0595, 0x0214, 0xFFE1, 0xFF14,  0xFE39, 0xFF30, 0xFF5D, 0x00BA,
  0x0129, 0x0252, 0x0331, 0x032F,  0x0311, 0x025A, 0x023B, 0x012D,
  0x00CC, 0xFFE3, 0x0060, 0x0040,  0x01C1, 0x0286, 0x047A, 0x0654,
  0x087F, 0x0A7C, 0x0B9B, 0x0D0D,  0x0D19, 0x0D1C, 0x0BB9, 0x0A20,
  0x075E, 0x0468, 0x0128, 0xFDDE,  0xFAA3, 0xF736, 0xF4D0, 0xF283,
  0xF12F, 0xEFCD, 0xEF69, 0xEF37,  0xEF52, 0xEFF5, 0xEFF3, 0xF07F,
  0xF038, 0xF047, 0xEF9D, 0xEEA3,  0xEDEF, 0xEC86, 0xEBC2, 0xEA5D,
  0xE95E, 0xE871, 0xE70A, 0xE692,  0xE537, 0xE50D, 0xE3FC, 0xE3E8,
  0xE395, 0xE38E, 0xE412, 0xE484,  0xE5E7, 0xE72F, 0xE96E, 0xEBDA,
  0xEF17, 0xF2C2, 0xF73E, 0xFBB5,  0x00CD, 0x0615, 0x0BC6, 0x10E4,
  0x15E5, 0x1ADA, 0x2009, 0x2373,  0x26C9, 0x28AA, 0x2B20, 0x2B8B,
  0x2AE5, 0x29DA, 0x26B6, 0x24DE,  0x1FD3, 0x1C35, 0x16A7, 0x1257,
  0x0E0B, 0x093A, 0x0635, 0x02C3,  0x010E, 0xFFA5, 0xFECE, 0xFF1E,
  0xFF2A, 0x0000, 0x00FF, 0x01D6,  0x02D6, 0x02DD, 0x037A, 0x038A,
  0x037C, 0x0355, 0x02D5, 0x02DE,  0x0327, 0x0331, 0x041F, 0x0488,
  0x0618, 0x06FA, 0x087C, 0x09AA,  0x0A1F, 0x0B58, 0x0AC4, 0x0AE6,
  0x0968, 0x07F5, 0x0595, 0x02AC,  0x005A, 0xFD02, 0xFA41, 0xF778,
  0xF543, 0xF3E0, 0xF260, 0xF1E8,  0xF1EB, 0xF241, 0xF338, 0xF3A8,
  0xF4B7, 0xF534, 0xF5C8, 0xF5DF,  0xF57E, 0xF511, 0xF425, 0xF2DE,
  0xF19F, 0xF02A, 0xEEE2, 0xED82,  0xEC27, 0xEB84, 0xEA17, 0xE9C3,
  0xE83A, 0xE79F, 0xE697, 0xE5BA,  0xE526, 0xE41C, 0xE42A, 0xE429,
  0xE48A, 0xE5A6, 0xE6D4, 0xE919,  0xEB4A, 0xEE32, 0xF1A7, 0xF559,
  0xF970, 0xFD2E, 0x025E, 0x06A6,  0x0C1C, 0x0FE7, 0x15FB, 0x1A56,
  0x1EFE, 0x22DC, 0x257E, 0x2931,  0x29C1, 0x2B4C, 0x29B2, 0x2875,
  0x25E8, 0x2241, 0x1E28, 0x1910,  0x14C2, 0x101B, 0x0C03, 0x0860,
  0x0598, 0x0386, 0x025C, 0x01C1,  0x018F, 0x01E8, 0x01F8, 0x02CF,
  0x02D4, 0x037B, 0x030B, 0x02CA,  0x02B8, 0x0228, 0x0214, 0x0147,
  0x01AD, 0x01F6, 0x02AC, 0x036D,  0x0481, 0x05DA, 0x073D, 0x085A,
  0x099A, 0x0A12, 0x0A90, 0x0A6D,  0x09B4, 0x08B4, 0x06F0, 0x0519,
  0x02B6, 0x008A, 0xFE59, 0xFBD7,  0xF9FC, 0xF82A, 0xF74B, 0xF64F,
  0xF5DF, 0xF614, 0xF61B, 0xF6C7,  0xF6E4, 0xF7B4, 0xF7A2, 0xF7D7,
  0xF7A6, 0xF74D, 0xF68E, 0xF5A9,  0xF4BB, 0xF397, 0xF2A8, 0xF16F,
  0xF081, 0xEF83, 0xEF11, 0xEE50,  0xED7D, 0xECA2, 0xEB72, 0xEA4C,
  0xE8B5, 0xE70E, 0xE581, 0xE415,  0xE2E1, 0xE1EF, 0xE17A, 0xE1BC,
  0xE26F, 0xE420, 0xE64B, 0xE924,  0xEC3E, 0xEFBE, 0xF3B1, 0xF7E7,
  0xFC2F, 0x00C9, 0x054E, 0x09E2,  0x0EC0, 0x1335, 0x17F7, 0x1B8C,
  0x1FA7, 0x2291, 0x253F, 0x2739,  0x27AA, 0x2812, 0x26B2, 0x254B,
  0x22BE, 0x1F26, 0x1BE0, 0x17B6,  0x1411, 0x1001, 0x0C57, 0x097D,
  0x068F, 0x0500, 0x0308, 0x0229,  0x016B, 0x0144, 0x014E, 0x0191,
  0x01C8, 0x0249, 0x02B5, 0x0331,  0x03B5, 0x03DB, 0x047C, 0x04BC,
  0x0573, 0x0557, 0x05F9, 0x0634,  0x0683, 0x0693, 0x06C0, 0x06B7,
  0x06C8, 0x0656, 0x0640, 0x05A1,  0x04EC, 0x0412, 0x02BD, 0x01E3,
  0x0057, 0xFF7D, 0xFE0B, 0xFCEE,  0xFC18, 0xFB27, 0xFACA, 0xFA2E,
  0xFA1F, 0xFA19, 0xF9F7, 0xFA69,  0xFA04, 0xFA7D, 0xFA16, 0xF9F1,
  0xF958, 0xF890, 0xF7E1, 0xF6C0,  0xF5AD, 0xF49B, 0xF34B, 0xF25A,
  0xF127, 0xF076, 0xEFE7, 0xEF1E,  0xEECB, 0xED66, 0xED37, 0xEBAC,
  0xEAD6, 0xE8DA, 0xE7FE, 0xE69F,  0xE570, 0xE408, 0xE35F, 0xE2EE,
  0xE36A, 0xE46A, 0xE5B4, 0xE7C9,  0xE9AE, 0xECEE, 0xEEFB, 0xF220,
  0xF4B4, 0xF850, 0xFB5C, 0xFF3F,  0x02AC, 0x0752, 0x0B4A, 0x1066,
  0x14BD, 0x1936, 0x1DAA, 0x2144,  0x24FC, 0x26C6, 0x28B0, 0x28C5,
  0x2876, 0x265E, 0x2422, 0x2068,  0x1CCC, 0x1848, 0x145F, 0x101E,
  0x0C6D, 0x0950, 0x06AD, 0x04DA,  0x035C, 0x025D, 0x01EF, 0x0198,
  0x0199, 0x0180, 0x0164, 0x0194,  0x0161, 0x01BB, 0x015B, 0x01D9,
  0x01BF, 0x023D, 0x0292, 0x031F,  0x03D1, 0x048A, 0x0563, 0x066F,
  0x06E9, 0x07C7, 0x0804, 0x0856,  0x083C, 0x07C9, 0x0720, 0x0605,
  0x04E8, 0x0366, 0x01D7, 0x0042,  0xFED0, 0xFCF6, 0xFC29, 0xFAA1,
  0xFA67, 0xF932, 0xF972, 0xF946,  0xF937, 0xF99A, 0xF976, 0xFA05,
  0xF9E1, 0xF9FC, 0xF9B8, 0xF940,  0xF8DE, 0xF81E, 0xF76B, 0xF67C,
  0xF56C, 0xF4C9, 0xF380, 0xF2E6,  0xF194, 0xF158, 0xF05F, 0xEFC3,
  0xEEF9, 0xEDEA, 0xECEF, 0xEB76,  0xEA3E, 0xE8EA, 0xE78A, 0xE6E4,
  0xE5F9, 0xE5E1, 0xE5F1, 0xE645,  0xE745, 0xE850, 0xE9FC, 0xEB72,
  0xED75, 0xEF58, 0xF1C9, 0xF3B2,  0xF6F4, 0xF985, 0xFDD6, 0x00FD,
  0x05D0, 0x0AB1, 0x0FBF, 0x14BB,  0x1937, 0x1E71, 0x21BC, 0x2535,
  0x2664, 0x2808, 0x26F9, 0x263D,  0x233B, 0x203D, 0x1C3B, 0x17FB,
  0x1452, 0x0FD1, 0x0CDB, 0x097A,  0x077F, 0x058B, 0x046A, 0x03B1,
  0x0340, 0x032A, 0x0363, 0x035F,  0x0378, 0x0355, 0x0360, 0x0343,
  0x02E6, 0x02EF, 0x029B, 0x02BD,  0x02D2, 0x0306, 0x0388, 0x0409,
  0x0505, 0x05B2, 0x0699, 0x0760,  0x07F4, 0x0874, 0x086A, 0x0861,
  0x07D4, 0x06C3, 0x059F, 0x040A,  0x0281, 0x008E, 0xFEA1, 0xFD27,
  0xFBAA, 0xFA98, 0xF988, 0xF928,  0xF8F8, 0xF93B, 0xF993, 0xFA29,
  0xFADD, 0xFBAD, 0xFC1E, 0xFC8E,  0xFC92, 0xFC88, 0xFBE7, 0xFB13,
  0xFA0E, 0xF8A4, 0xF769, 0xF5C7,  0xF499, 0xF2D8, 0xF1E5, 0xF08C,
  0xEFCD, 0xEF0D, 0xEEAD, 0xEE5F,  0xEDF2, 0xEDCA, 0xED35, 0xEC99,
  0xEBD7, 0xEB40, 0xEA7E, 0xEA21,  0xE97C, 0xE986, 0xE94B, 0xE9CD,
  0xEA43, 0xEB49, 0xECAD, 0xEDEF,  0xEF84, 0xF0DE, 0xF2A8, 0xF49E,
  0xF6B3, 0xF98C, 0xFC6E, 0x002A,  0x0483, 0x08EF, 0x0E6C, 0x12C8,
  0x1824, 0x1C97, 0x2076, 0x23DC,  0x24E6, 0x2667, 0x2540, 0x23DB,
  0x2138, 0x1CF4, 0x19C0, 0x14EC,  0x115B, 0x0D49, 0x09FE, 0x07F3,
  0x05A5, 0x0506, 0x041B, 0x040C,  0x0474, 0x04BD, 0x0554, 0x0566,
  0x056E, 0x0571, 0x04E2, 0x0499,  0x0389, 0x02F9, 0x0255, 0x0202,
  0x01F1, 0x01AE, 0x0240, 0x02CD,  0x03D6, 0x04B2, 0x05A6, 0x06A4,
  0x0781, 0x080C, 0x087D, 0x0837,  0x07C6, 0x06D8, 0x05A7, 0x042D,
  0x0240, 0x0084, 0xFE7F, 0xFCFB,  0xFB85, 0xFA3E, 0xF978, 0xF904,
  0xF92A, 0xF976, 0xF9D8, 0xFAC1,  0xFB53, 0xFC81, 0xFCED, 0xFD58,
  0xFD8E, 0xFD46, 0xFD1D, 0xFC22,  0xFB51, 0xF9F2, 0xF8CA, 0xF756,
  0xF61E, 0xF479, 0xF35D, 0xF1F5,  0xF152, 0xF079, 0xEFEE, 0xEF5C,
  0xEEDE, 0xEEFE, 0xEE48, 0xEE52,  0xED8B, 0xEE01, 0xED93, 0xEE04,
  0xEDB0, 0xEE1C, 0xEDEC, 0xEE47,  0xEDE5, 0xEE57, 0xEE55, 0xEEBE,
  0xEF73, 0xEF9C, 0xF15D, 0xF185,  0xF40D, 0xF54F, 0xF8CD, 0xFB37,
  0xFF26, 0x0300, 0x0883, 0x0C90,  0x115A, 0x15A1, 0x19E6, 0x1DFE,
  0x1F19, 0x21F5, 0x20E6, 0x21CF,  0x1EEE, 0x1CCE, 0x1941, 0x158A,
  0x1266, 0x0E36, 0x0B7F, 0x08B6,  0x072D, 0x0627, 0x056E, 0x05CE,
  0x0606, 0x068E, 0x076F, 0x0795,  0x087C, 0x07BC, 0x07F1, 0x06F9,
  0x065C, 0x0525, 0x0401, 0x0314,  0x025D, 0x01DD, 0x01B4, 0x01EF,
  0x0277, 0x0398, 0x0450, 0x05CD,  0x069D, 0x07CC, 0x083D, 0x0865,
  0x0866, 0x075B, 0x0677, 0x0487,  0x02DA, 0x011F, 0xFEC5, 0xFD41,
  0xFB3B, 0xFA98, 0xF944, 0xF8D7,  0xF8E6, 0xF91F, 0xFA54, 0xFAD5,
  0xFBF9, 0xFCBA, 0xFD91, 0xFE1F,  0xFE12, 0xFE07, 0xFD76, 0xFCB8,
  0xFBE5, 0xFAA3, 0xF9D2, 0xF856,  0xF782, 0xF682, 0xF5C6, 0xF517,
  0xF464, 0xF412, 0xF39D, 0xF332,  0xF2CE, 0xF232, 0xF1B8, 0xF14E,
  0xF083, 0xF027, 0xEF4B, 0xEF0F,  0xEEA6, 0xEE67, 0xEE8E, 0xEE96,
  0xEEE9, 0xEF9D, 0xEFE4, 0xF09A,  0xF0A2, 0xF15E, 0xF178, 0xF1D9,
  0xF207, 0xF249, 0xF2CA, 0xF37C,  0xF546, 0xF6DF, 0xFA2D, 0xFCBB,
  0x021D, 0x0648, 0x0C00, 0x1083,  0x1576, 0x1AA5, 0x1D9B, 0x20D1,
  0x214B, 0x223A, 0x20C1, 0x1EBB,  0x1B88, 0x179B, 0x1420, 0x1024,
  0x0CC1, 0x09D5, 0x07B5, 0x069E,  0x05E2, 0x0604, 0x064E, 0x06F0,
  0x0777, 0x081B, 0x086D, 0x0851,  0x07D6, 0x0704, 0x0634, 0x04C4,
  0x03BB, 0x0246, 0x01BA, 0x00F9,  0x00DD, 0x00CF, 0x015C, 0x0276,
  0x0376, 0x04E6, 0x05D7, 0x073C,  0x07E1, 0x087F, 0x085D, 0x07CC,
  0x06E2, 0x0565, 0x03B3, 0x01CF,  0xFFD1, 0xFDE5, 0xFC24, 0xFAF9,
  0xFA32, 0xF9B3, 0xF9AC, 0xFA46,  0xFB0F, 0xFC13, 0xFD18, 0xFDC1,
  0xFEC9, 0xFEFA, 0xFF8A, 0xFF25,  0xFEAA, 0xFDF1, 0xFCB8, 0xFB90,
  0xF9FF, 0xF8BE, 0xF778, 0xF656,  0xF591, 0xF4D2, 0xF464, 0xF402,
  0xF39F, 0xF38C, 0xF2D6, 0xF2C5,  0xF1F5, 0xF206, 0xF13B, 0xF0E0,
  0xF057, 0xEFA6, 0xEF39, 0xEEA9,  0xEE83, 0xEE88, 0xEEBB, 0xEF56,
  0xEFE6, 0xF09E, 0xF183, 0xF1AF,  0xF2B7, 0xF2D5, 0xF39A, 0xF3F8,
  0xF4B1, 0xF58D, 0xF68A, 0xF7C3,  0xFA3C, 0xFC02, 0xFF8B, 0x0242,
  0x06E4, 0x0B4C, 0x0EED, 0x13A6,  0x16C0, 0x1B6D, 0x1CB8, 0x1EF2,
  0x1EC7, 0x1EE0, 0x1D15, 0x1A9F,  0x17A3, 0x140B, 0x10F8, 0x0D27,
  0x0A76, 0x0794, 0x065F, 0x04C4,  0x04A1, 0x0443, 0x04ED, 0x054A,
  0x05E3, 0x0691, 0x06F3, 0x0717,  0x06A9, 0x0632, 0x058D, 0x0480,
  0x0348, 0x026D, 0x017D, 0x0124,  0x00A0, 0x00F5, 0x0160, 0x025C,
  0x0384, 0x0494, 0x05CC, 0x06BF,  0x077D, 0x07B8, 0x0798, 0x0719,
  0x0621, 0x04A2, 0x0342, 0x0182,  0xFFE7, 0xFE1C, 0xFCD1, 0xFC02,
  0xFB63, 0xFB2F, 0xFB2E, 0xFBD1,  0xFCAA, 0xFD79, 0xFE61, 0xFEDE,
  0xFF94, 0xFFB6, 0xFF7D, 0xFF14,  0xFDF7, 0xFD5A, 0xFBAA, 0xFAAE,
  0xF8EE, 0xF7CD, 0xF676, 0xF553,  0xF4F1, 0xF3F5, 0xF40E, 0xF37C,
  0xF3BF, 0xF39C, 0xF387, 0xF346,  0xF2E5, 0xF272, 0xF1DF, 0xF111,
  0xF088, 0xEFC9, 0xEF7C, 0xEF1B,  0xEEF0, 0xEF22, 0xEF5A, 0xF01A,
  0xF0E6, 0xF20C, 0xF355, 0xF466,  0xF58D, 0xF679, 0xF72A, 0xF7E5,
  0xF80F, 0xF8EE, 0xF900, 0xFA32,  0xFAB3, 0xFC95, 0xFE45, 0x0080,
  0x03CF, 0x071A, 0x0B83, 0x0EE7,  0x1315, 0x16A9, 0x1A0F, 0x1C53,
  0x1D8B, 0x1D85, 0x1CD0, 0x1AED,  0x1846, 0x14BB, 0x1126, 0x0D9C,
  0x0A51, 0x0766, 0x0519, 0x03CC,  0x02FB, 0x0318, 0x0364, 0x0454,
  0x051A, 0x0628, 0x06FD, 0x0792,  0x079A, 0x0742, 0x06C9, 0x05F8,
  0x0518, 0x03A9, 0x02B4, 0x01A6,  0x013E, 0x00B4, 0x008F, 0x00E3,
  0x016C, 0x0285, 0x0337, 0x0457,  0x04E3, 0x05F6, 0x062A, 0x0666,
  0x0607, 0x054E, 0x0476, 0x02F5,  0x01E3, 0x002E, 0xFEDD, 0xFD8D,
  0xFCC0, 0xFC5D, 0xFC04, 0xFC37,  0xFC8D, 0xFD53, 0xFDE9, 0xFE62,
  0xFEBE, 0xFEE6, 0xFEE9, 0xFE6E,  0xFDBA, 0xFCBD, 0xFB9B, 0xFA4F,
  0xF906, 0xF7BE, 0xF6D2, 0xF5CB,  0xF529, 0xF4A8, 0xF46F, 0xF441,
  0xF3F5, 0xF3D7, 0xF38E, 0xF342,  0xF2FB, 0xF27F, 0xF22E, 0xF1CE,
  0xF168, 0xF152, 0xF0E4, 0xF12B,  0xF102, 0xF1A2, 0xF1F2, 0xF2D0,
  0xF385, 0xF479, 0xF53A, 0xF5F2,  0xF674, 0xF729, 0xF7B2, 0xF843,
  0xF907, 0xF983, 0xFAAA, 0xFB08,  0xFD0A, 0xFDD0, 0x0034, 0x014A,
  0x0400, 0x068C, 0x0953, 0x0BB5,  0x0E34, 0x1141, 0x1370, 0x1589,
  0x1600, 0x178A, 0x16C6, 0x170D,  0x14A5, 0x1342, 0x1095, 0x0E4A,
  0x0C0C, 0x08FE, 0x0792, 0x0572,  0x04DE, 0x03ED, 0x03EB, 0x044A,
  0x0475, 0x0538, 0x05E9, 0x067E,  0x06E7, 0x068C, 0x06BF, 0x0620,
  0x05D2, 0x04B9, 0x03E1, 0x032B,  0x0294, 0x01FA, 0x0173, 0x0131,
  0x0198, 0x01E2, 0x0268, 0x0316,  0x0389, 0x04CD, 0x04EE, 0x05C4,
  0x0586, 0x059A, 0x0507, 0x0426,  0x03A0, 0x0236, 0x0161, 0x0037,
  0xFF65, 0xFEC7, 0xFDD6, 0xFD93,  0xFD32, 0xFD55, 0xFD65, 0xFD58,
  0xFDC7, 0xFDD7, 0xFE38, 0xFDF4,  0xFD98, 0xFD4A, 0xFCA5, 0xFBF9,
  0xFADF, 0xF9FD, 0xF919, 0xF811,  0xF75E, 0xF63E, 0xF5AE, 0xF4F6,
  0xF473, 0xF417, 0xF39A, 0xF3AB,  0xF347, 0xF37E, 0xF346, 0xF360,
  0xF342, 0xF34F, 0xF349, 0xF317,  0xF346, 0xF32F, 0xF3A0, 0xF3A9,
  0xF407, 0xF456, 0xF4C7, 0xF54E,  0xF575, 0xF61C, 0xF61E, 0xF6D9,
  0xF6FD, 0xF795, 0xF814, 0xF8AE,  0xF9A3, 0xFA58, 0xFC19, 0xFD4B,
  0xFFA1, 0x012B, 0x04B1, 0x0702,  0x09DC, 0x0C61, 0x0EC8, 0x11C0,
  0x12C9, 0x14B8, 0x1495, 0x1520,  0x1467, 0x1337, 0x1192, 0x0F65,
  0x0DB9, 0x0B9A, 0x09C0, 0x082D,  0x06F9, 0x065C, 0x05D8, 0x05BD,
  0x0607, 0x0634, 0x06E0, 0x0717,  0x0790, 0x0783, 0x0760, 0x06FB,
  0x065F, 0x05B9, 0x04D9, 0x03F3,  0x032A, 0x02A9, 0x0249, 0x0219,
  0x01FB, 0x025A, 0x02D0, 0x037E,  0x03C8, 0x046B, 0x04B1, 0x04FE,
  0x04F3, 0x048A, 0x0445, 0x0373,  0x02E7, 0x01B2, 0x012F, 0x0020,
  0xFFAD, 0xFEEC, 0xFF04, 0xFF23,  0xFEE8, 0xFF2B, 0xFF11, 0xFF8B,
  0xFF46, 0xFF4C, 0xFEE5, 0xFE94,  0xFE12, 0xFD5C, 0xFC89, 0xFBA6,
  0xFADF, 0xFA50, 0xF9A8, 0xF959,  0xF8D7, 0xF8C2, 0xF890, 0xF85C,
  0xF831, 0xF7D5, 0xF78D, 0xF728,  0xF6D7, 0xF658, 0xF5DE, 0xF588,
  0xF536, 0xF4F2, 0xF4E0, 0xF4BB,  0xF4D4, 0xF4BE, 0xF515, 0xF517,
  0xF572, 0xF575, 0xF5C3, 0xF60F,  0xF60A, 0xF66C, 0xF670, 0xF6DE,
  0xF718, 0xF773, 0xF7E6, 0xF83A,  0xF88B, 0xF936, 0xF955, 0xFA1E,
  0xFA1A, 0xFAB1, 0xFB06, 0xFB66,  0xFC8E, 0xFD1D, 0xFF07, 0x0043,
  0x02D8, 0x053B, 0x0816, 0x0AAE,  0x0D7C, 0x1041, 0x128B, 0x144F,
  0x1543, 0x15E8, 0x1580, 0x14F2,  0x131F, 0x117F, 0x0EFB, 0x0D0B,
  0x0AB4, 0x08C1, 0x06F1, 0x05B0,  0x0519, 0x047F, 0x047D, 0x0473,
  0x04CA, 0x052B, 0x0592, 0x05C0,  0x05C3, 0x058A, 0x0557, 0x04D3,
  0x044D, 0x0373, 0x02D2, 0x024A,  0x01BE, 0x0165, 0x0105, 0x012D,
  0x0166, 0x01D6, 0x0263, 0x02DF,  0x0369, 0x03E4, 0x0431, 0x0432,
  0x03EC, 0x0395, 0x02E2, 0x023A,  0x0168, 0x005F, 0xFF8C, 0xFEC5,
  0xFE5F, 0xFDDB, 0xFDEC, 0xFE05,  0xFE27, 0xFE7A, 0xFE91, 0xFEC5,
  0xFEC4, 0xFEAE, 0xFE6D, 0xFDF4,  0xFD75, 0xFCBA, 0xFBFE, 0xFB46,
  0xFA7D, 0xFA3A, 0xF9A7, 0xF9A7,  0xF96D, 0xF9AC, 0xF9A4, 0xF99D,
  0xF98A, 0xF934, 0xF8EF, 0xF84E,  0xF7CD, 0xF70E, 0xF67C, 0xF5F9,
  0xF589, 0xF536, 0xF519, 0xF50C,  0xF559, 0xF597, 0xF62F, 0xF678,
  0xF6F8, 0xF762, 0xF7AC, 0xF81D,  0xF7C7, 0xF83B, 0xF7FE, 0xF85C,
  0xF820, 0xF83B, 0xF839, 0xF84C,  0xF88E, 0xF8C9, 0xF91C, 0xF99C,
  0xFA48, 0xFAA1, 0xFBFF, 0xFC95,  0xFE74, 0xFF48, 0x01D3, 0x03CE,
  0x0607, 0x0888, 0x0A62, 0x0D45,  0x0ED1, 0x10E6, 0x11A9, 0x124D,
  0x1291, 0x11E4, 0x110E, 0x0F99,  0x0E07, 0x0C8E, 0x0A9B, 0x095D,
  0x07B1, 0x06F4, 0x061F, 0x05A1,  0x05AB, 0x0578, 0x05F9, 0x05E2,
  0x0647, 0x0651, 0x0646, 0x0607,  0x0595, 0x050B, 0x048B, 0x03BC,
  0x0327, 0x0273, 0x0218, 0x01D7,  0x016E, 0x01A8, 0x01AB, 0x0228,
  0x0271, 0x02C9, 0x0345, 0x0370,  0x03C3, 0x039A, 0x039B, 0x0327,
  0x02A7, 0x0203, 0x0149, 0x0094,  0xFFA5, 0xFF16, 0xFEB5, 0xFE8D,
  0xFE76, 0xFE63, 0xFEB8, 0xFEFA,  0xFF51, 0xFF69, 0xFF76, 0xFF9F,
  0xFF8A, 0xFF4B, 0xFECB, 0xFE20,  0xFD6A, 0xFC80, 0xFBAB, 0xFAC0,
  0xF9DC, 0xF96D, 0xF8DA, 0xF8D1,  0xF884, 0xF8B5, 0xF8B2, 0xF8E1,
  0xF8FB, 0xF90A, 0xF916, 0xF907,  0xF8E8, 0xF8A1, 0xF838, 0xF7E8,
  0xF76E, 0xF747, 0xF70C, 0xF6DB,  0xF6E6, 0xF686, 0xF6F6, 0xF6CE,
  0xF760, 0xF732, 0xF7ED, 0xF858,  0xF8C0, 0xF8FE, 0xF915, 0xF981,
  0xF9C7, 0xFA5D, 0xFA9D, 0xFB11,  0xFB60, 0xFBE2, 0xFBDA, 0xFBEE,
  0xFBBF, 0xFBF9, 0xFBDF, 0xFC5B,  0xFC9C, 0xFDAA, 0xFEAD, 0x009B,
  0x0299, 0x04DB, 0x074C, 0x09A6,  0x0C50, 0x0E60, 0x1048, 0x1151,
  0x122D, 0x1211, 0x11CE, 0x1086,  0x0F33, 0x0D4A, 0x0BA0, 0x09AD,
  0x07E1, 0x0673, 0x0562, 0x04D5,  0x0476, 0x0470, 0x048A, 0x04C2,
  0x050C, 0x0537, 0x052A, 0x050F,  0x04CB, 0x0491, 0x040F, 0x03A7,
  0x0304, 0x028E, 0x0209, 0x01A8,  0x0161, 0x0133, 0x0139, 0x0166,
  0x018E, 0x0202, 0x0239, 0x02C6,  0x02FC, 0x037B, 0x038A, 0x03A4,
  0x036B, 0x02FF, 0x02A6, 0x01D7,  0x015A, 0x0013, 0xFFE6, 0xFEE9,
  0xFECC, 0xFE22, 0xFE5A, 0xFEAA,  0xFE8D, 0xFF18, 0xFEFC, 0xFFA5,
  0xFF78, 0xFFA3, 0xFF39, 0xFED0,  0xFE45, 0xFD67, 0xFC9B, 0xFBA5,
  0xFAE9, 0xFA4B, 0xF9B8, 0xF98E,  0xF947, 0xF984, 0xF9AA, 0xF9E6,
  0xFA28, 0xFA2B, 0xFA43, 0xFA06,  0xF9DA, 0xF95B, 0xF8DB, 0xF855,
  0xF7D3, 0xF756, 0xF6E8, 0xF697,  0xF67A, 0xF68A, 0xF6B3, 0xF6EF,
  0xF723, 0xF767, 0xF792, 0xF7B9,  0xF7E2, 0xF7E3, 0xF815, 0xF7F4,
  0xF828, 0xF83A, 0xF8A6, 0xF8F3,  0xF94F, 0xF9C4, 0xFA23, 0xFAC2,
  0xFB13, 0xFBD8, 0xFC71, 0xFD8B,  0xFE55, 0xFF60, 0x0084, 0x01FB,
  0x03BA, 0x055B, 0x0743, 0x08FB,  0x0ADA, 0x0C67, 0x0DAD, 0x0EA0,
  0x0F2B, 0x0F50, 0x0EFD, 0x0E53,  0x0D67, 0x0C40, 0x0B06, 0x09CB,
  0x08AF, 0x07EB, 0x073B, 0x06EE,  0x06CB, 0x06D1, 0x0702, 0x071C,
  0x0748, 0x0719, 0x06EE, 0x069B,  0x0608, 0x0590, 0x04CC, 0x0444,
  0x0397, 0x0323, 0x029E, 0x0237,  0x01EF, 0x019F, 0x018C, 0x016F,
  0x0159, 0x0138, 0x013F, 0x0156,  0x0161, 0x0174, 0x0195, 0x0191,
  0x0196, 0x015D, 0x012A, 0x00BF,  0x007D, 0xFFFB, 0xFFC9, 0xFF59,
  0xFF39, 0xFEFD, 0xFEF9, 0xFF1F,  0xFED7, 0xFF50, 0xFF15, 0xFF8A,
  0xFF49, 0xFF81, 0xFF26, 0xFEDB,  0xFE7F, 0xFDB6, 0xFD30, 0xFC4B,
  0xFBC7, 0xFAFD, 0xFA9B, 0xFA21,  0xF9E3, 0xF9B4, 0xF9C6, 0xF99D,
  0xF9CF, 0xF9A9, 0xF9C6, 0xF999,  0xF98C, 0xF94F, 0xF8D9, 0xF88C,
  0xF802, 0xF798, 0xF71F, 0xF6AA,  0xF661, 0xF63F, 0xF62D, 0xF66E,
  0xF67C, 0xF72D, 0xF767, 0xF846,  0xF8AD, 0xF97F, 0xFA2E, 0xFAB4,
  0xFB21, 0xFB3E, 0xFB42, 0xFB1A,  0xFAE5, 0xFA92, 0xFA69, 0xFA2F,
  0xFA79, 0xFA55, 0xFB65, 0xFBE8,  0xFDA0, 0xFEA7, 0x00FA, 0x0322,
  0x052D, 0x0799, 0x08FE, 0x0B67,  0x0C78, 0x0DC9, 0x0E08, 0x0E18,
  0x0DE5, 0x0D00, 0x0C16, 0x0AD4,  0x09B6, 0x08BA, 0x07A5, 0x0704,
  0x066D, 0x0664, 0x064F, 0x0674,  0x06B7, 0x0716, 0x0756, 0x078E,
  0x07A4, 0x07AB, 0x0767, 0x06ED,  0x0661, 0x05A5, 0x0506, 0x040E,
  0x0365, 0x0299, 0x024A, 0x01D4,  0x0181, 0x017C, 0x017C, 0x01B2,
  0x01DC, 0x0206, 0x0261, 0x0286,  0x02DA, 0x0287, 0x028A, 0x0207,
  0x01BC, 0x0137, 0x00AF, 0x0044,  0xFFB0, 0xFFA2, 0xFF41, 0xFF71,
  0xFF4C, 0xFF9F, 0xFF94, 0xFFD2,  0xFFE5, 0x0000, 0xFFF7, 0xFFEE,
  0xFF9D, 0xFF22, 0xFE7A, 0xFDC5,  0xFD05, 0xFC0B, 0xFB67, 0xFA76,
  0xFA03, 0xF96A, 0xF928, 0xF8F9,  0xF8EB, 0xF924, 0xF952, 0xF97B,
  0xF9DD, 0xF9E8, 0xFA09, 0xF9DF,  0xF9C2, 0xF962, 0xF8FC, 0xF8A5,
  0xF809, 0xF7C8, 0xF74A, 0xF71C,  0xF6F5, 0xF71B, 0xF760, 0xF7CB,
  0xF845, 0xF90B, 0xF997, 0xFA87,  0xFB0B, 0xFBDA, 0xFC61, 0xFCD1,
  0xFD07, 0xFD00, 0xFCD7, 0xFC86,  0xFC2C, 0xFBB2, 0xFB4A, 0xFACC,
  0xFAA0, 0xFA17, 0xFAA9, 0xFA91,  0xFBA0, 0xFC17, 0xFDE2, 0xFF88,
  0x0131, 0x036F, 0x04C7, 0x076A,  0x0897, 0x0A5F, 0x0B25, 0x0BBB,
  0x0C4F, 0x0BD0, 0x0BAE, 0x0AC7,  0x0A2C, 0x097F, 0x08AC, 0x0855,
  0x07B6, 0x07F7, 0x07BF, 0x081C,  0x0887, 0x08F9, 0x09A2, 0x09C1,
  0x0A46, 0x0A17, 0x0A10, 0x0971,  0x08D9, 0x07EC, 0x071E, 0x0604,
  0x0521, 0x0438, 0x0390, 0x0314,  0x0271, 0x0275, 0x0227, 0x0264,
  0x023B, 0x026E, 0x0277, 0x0262,  0x0262, 0x01DA, 0x01B5, 0x0101,
  0x008A, 0xFFAF, 0xFF1E, 0xFE8D,  0xFDFE, 0xFDCC, 0xFD72, 0xFD9A,
  0xFDA8, 0xFE13, 0xFE3F, 0xFE88,  0xFED8, 0xFEF8, 0xFF1E, 0xFEFD,
  0xFEC8, 0xFE54, 0xFDC9, 0xFD1D,  0xFC47, 0xFB71, 0xFAA3, 0xF9FD,
  0xF986, 0xF916, 0xF8F4, 0xF8D8,  0xF90A, 0xF930, 0xF964, 0xF980,
  0xF98E, 0xF982, 0xF924, 0xF8D3,  0xF834, 0xF7A6, 0xF6FB, 0xF68C,
  0xF607, 0xF5C8, 0xF5AC, 0xF5D3,  0xF64C, 0xF6CE, 0xF796, 0xF848,
  0xF921, 0xF9F7, 0xFA5C, 0xFAB8,  0xFA8B, 0xFAAB, 0xFA2B, 0xF9FB,
  0xF997, 0xF947, 0xF946, 0xF946,  0xFA33, 0xFAA8, 0xFC62, 0xFD8C,
  0xFFFE, 0x01F0, 0x0429, 0x0631,  0x07FE, 0x0A29, 0x0B0F, 0x0C3D,
  0x0C2C, 0x0C90, 0x0BC5, 0x0B18,  0x09E1, 0x0895, 0x07B0, 0x0674,
  0x05E4, 0x0518, 0x0546, 0x0561,  0x05E3, 0x069E, 0x0759, 0x0867,
  0x08F0, 0x09A0, 0x09CA, 0x09D7,  0x097C, 0x08AD, 0x07EB, 0x06BA,
  0x05B8, 0x0454, 0x035B, 0x0273,  0x01C9, 0x0166, 0x0107, 0x0138,
  0x0158, 0x01D7, 0x0228, 0x0298,  0x02DC, 0x031F, 0x032D, 0x02F1,
  0x02A1, 0x0215, 0x0178, 0x00C3,  0x0032, 0xFF75, 0xFF1B, 0xFEBA,
  0xFED8, 0xFED5, 0xFF28, 0xFF8D,  0xFFFC, 0x00A6, 0x00D9, 0x013D,
  0x0121, 0x0126, 0x0086, 0xFFCE,  0xFEFA, 0xFE14, 0xFD5C, 0xFC83,
  0xFBBB, 0xFB31, 0xFABE, 0xFA94,  0xFA88, 0xFAA2, 0xFAC8, 0xFB0C,
  0xFB5F, 0xFB84, 0xFBBD, 0xFBC3,  0xFBD6, 0xFBB2, 0xFBC0, 0xFB6D,
  0xFB4D, 0xFB03, 0xFABB, 0xFA68,  0xFA10, 0xF9DC, 0xF982, 0xF98A,
  0xF957, 0xF992, 0xF9B5, 0xFA18,  0xFA73, 0xFAC8, 0xFB4C, 0xFB72,
  0xFBC3, 0xFBC9, 0xFBD1, 0xFBD7,  0xFBAF, 0xFBB5, 0xFB5A, 0xFB6E,
  0xFB59, 0xFB83, 0xFBA7, 0xFBDA,  0xFC2D, 0xFC49, 0xFCA2, 0xFCBA,
  0xFD08, 0xFD4E, 0xFDEA, 0xFE73,  0xFED8, 0xFFB1, 0x0036, 0x012E,
  0x01DB, 0x02A6, 0x0375, 0x041E,  0x04C3, 0x04F1, 0x0547, 0x0544,
  0x056D, 0x0559, 0x0575, 0x0592,  0x05B1, 0x0611, 0x0649, 0x06E3,
  0x0766, 0x0834, 0x08EA, 0x09A9,  0x0A5A, 0x0AC1, 0x0B08, 0x0AF0,
  0x0AA2, 0x09FE, 0x0924, 0x0822,  0x06ED, 0x05DA, 0x04E0, 0x0429,
  0x0381, 0x0342, 0x030B, 0x0335,  0x035F, 0x03B0, 0x03EF, 0x0422,
  0x043F, 0x0431, 0x0418, 0x03CA,  0x0364, 0x02D6, 0x0242, 0x019F,
  0x00E2, 0x000E, 0xFF68, 0xFEA9,  0xFDF0, 0xFD0D, 0xFCA6, 0xFC5B,
  0xFC4F, 0xFC5A, 0xFCD9, 0xFD73,  0xFDC6, 0xFE4D, 0xFE60, 0xFEA4,
  0xFE77, 0xFE30, 0xFD9B, 0xFD0C,  0xFC7F, 0xFBD9, 0xFB47, 0xFAD6,
  0xFABA, 0xFA8B, 0xFAC2, 0xFAE4,  0xFB75, 0xFBE7, 0xFC69, 0xFC9C,
  0xFCB1, 0xFCA1, 0xFC21, 0xFB90,  0xFABF, 0xFA16, 0xF949, 0xF8C8,
  0xF84B, 0xF823, 0xF81A, 0xF84A,  0xF89A, 0xF911, 0xF990, 0xF9F9,
  0xFA26, 0xFA4C, 0xFA05, 0xF9C2,  0xF925, 0xF8AE, 0xF81A, 0xF774,
  0xF70F, 0xF69C, 0xF70B, 0xF73A,  0xF87A, 0xF967, 0xFBA5, 0xFD59,
  0xFF6B, 0x016B, 0x0316, 0x0516,  0x0609, 0x0753, 0x0768, 0x07BC,
  0x073C, 0x06C4, 0x05DE, 0x0540,  0x04D7, 0x046C, 0x048E, 0x04D6,
  0x05C7, 0x06C3, 0x07FA, 0x0960,  0x0AB0, 0x0BFC, 0x0CB4, 0x0D1D,
  0x0D38, 0x0CC7, 0x0BFF, 0x0AA6,  0x0966, 0x07DA, 0x0694, 0x0545,
  0x044A, 0x03CD, 0x0371, 0x038A,  0x0391, 0x03F2, 0x0412, 0x0461,
  0x0473, 0x0459, 0x0454, 0x03EB,  0x0371, 0x0292, 0x01F0, 0x010C,
  0x004F, 0xFF9D, 0xFF5E, 0xFF38,  0xFF0E, 0xFF05, 0xFF17, 0xFF46,
  0xFF73, 0xFF7D, 0xFF7B, 0xFF6B,  0xFF22, 0xFEA6, 0xFE2A, 0xFD9F,
  0xFD3E, 0xFCE9, 0xFCDD, 0xFCF8,  0xFCE3, 0xFD14, 0xFD0C, 0xFD4A,
  0xFD2E, 0xFCF6, 0xFC84, 0xFBFE,  0xFB7F, 0xFAC0, 0xFA25, 0xF95E,
  0xF901, 0xF8B6, 0xF87A, 0xF878,  0xF870, 0xF8F9, 0xF950, 0xF9CA,
  0xFA54, 0xFA98, 0xFB0E, 0xFB29,  0xFB66, 0xFB3E, 0xFB41, 0xFB0E,
  0xFAD3, 0xFAC3, 0xFA96, 0xFAA3,  0xFAA0, 0xFAE1, 0xFB0C, 0xFB5A,
  0xFB89, 0xFBDC, 0xFC25, 0xFC88,  0xFCF8, 0xFD5D, 0xFDE7, 0xFE4D,
  0xFEFA, 0xFF56, 0xFFED, 0x003B,  0x00BC, 0x0145, 0x01B7, 0x0246,
  0x026A, 0x02BF, 0x02BC, 0x02ED,  0x02F4, 0x02EE, 0x0302, 0x0320,
  0x036F, 0x0399, 0x0407, 0x0481,  0x0510, 0x05D0, 0x0669, 0x072B,
  0x0798, 0x07EF, 0x0824, 0x07F7,  0x07CB, 0x0713, 0x06A4, 0x05EF,
  0x0594, 0x050F, 0x04E5, 0x04AE,  0x04C2, 0x0509, 0x0549, 0x059B,
  0x05B1, 0x0603, 0x05EE, 0x05F9,  0x05B3, 0x0552, 0x04D9, 0x0447,
  0x03C0, 0x0322, 0x02A5, 0x0256,  0x0213, 0x01CE, 0x0166, 0x0108,
  0x008C, 0x003B, 0xFFAD, 0xFF24,  0xFEAD, 0xFE1A, 0xFDD4, 0xFD6B,
  0xFD4A, 0xFD13, 0xFD44, 0xFD84,  0xFDBF, 0xFE40, 0xFE40, 0xFE66,
  0xFE24, 0xFDDD, 0xFD13, 0xFC33,  0xFB7D, 0xFA9F, 0xFA49, 0xF9B8,
  0xF9C1, 0xF9CC, 0xFA41, 0xFABD,  0xFB36, 0xFC0C, 0xFC64, 0xFD16,
  0xFD0F, 0xFD2B, 0xFC8F, 0xFBE2,  0xFB02, 0xFA32, 0xF9EF, 0xF974,
  0xF99C, 0xF9B6, 0xFA71, 0xFB0D,  0xFBD8, 0xFCA6, 0xFD62, 0xFE02,
  0xFDF3, 0xFE04, 0xFD64, 0xFCD0,  0xFBED, 0xFB11, 0xFA6E, 0xF9CC,
  0xF9AA, 0xF9BA, 0xFA8D, 0xFB83,  0xFCFB, 0xFE5D, 0x000C, 0x0184,
  0x0292, 0x038A, 0x03DE, 0x0466,  0x042E, 0x03FC, 0x0336, 0x0295,
  0x01E1, 0x0145, 0x0116, 0x0137,  0x01B8, 0x0274, 0x036D, 0x047B,
  0x058E, 0x067B, 0x072B, 0x0795,  0x07BC, 0x077B, 0x072F, 0x0677,
  0x05F9, 0x0542, 0x04E1, 0x0494,  0x045A, 0x04A5, 0x04DF, 0x056F,
  0x05A5, 0x05E4, 0x05C8, 0x059A,  0x0547, 0x04A4, 0x041C, 0x0381,
  0x031B, 0x02C2, 0x0284, 0x0276,  0x0255, 0x024F, 0x0216, 0x01F6,
  0x019A, 0x0123, 0x00BE, 0x004B,  0xFFC5, 0xFF3D, 0xFEA9, 0xFE7C,
  0xFE6D, 0xFEB2, 0xFEFD, 0xFF7C,  0xFFD5, 0x0030, 0x001F, 0xFFC7,
  0xFF37, 0xFE41, 0xFD6E, 0xFC5A,  0xFB74, 0xFA7B, 0xF9D1, 0xF99F,
  0xF9AD, 0xFA29, 0xFAD8, 0xFBC6,  0xFCBB, 0xFD86, 0xFE26, 0xFE7F,
  0xFEA8, 0xFE4B, 0xFDB4, 0xFCC1,  0xFBCA, 0xFAF1, 0xFA32, 0xF9A5,
  0xF96D, 0xF999, 0xF9FA, 0xFAB2,  0xFB85, 0xFC9F, 0xFD78, 0xFE3E,
  0xFEBE, 0xFF24, 0xFF09, 0xFEBA,  0xFE4E, 0xFDBE, 0xFD36, 0xFCA7,
  0xFC5E, 0xFC39, 0xFC75, 0xFCD2,  0xFD89, 0xFE56, 0xFF5E, 0x003B,
  0x010C, 0x01AE, 0x0219, 0x0259,  0x025E, 0x0257, 0x01F1, 0x0195,
  0x0118, 0x0109, 0x00EA, 0x0116,  0x0145, 0x0194, 0x0218, 0x029C,
  0x0318, 0x0367, 0x03C8, 0x03F5,  0x040D, 0x03D6, 0x037E, 0x033E,
  0x030E, 0x02E0, 0x02FB, 0x0314,  0x034A, 0x0398, 0x0403, 0x044F,
  0x0484, 0x049F, 0x0499, 0x0454,  0x03E4, 0x0343, 0x02B1, 0x023E,
  0x01F9, 0x01E2, 0x022D, 0x028E,  0x02EC, 0x0352, 0x036F, 0x0371,
  0x0312, 0x0299, 0x01D4, 0x0119,  0x0047, 0xFF78, 0xFF20, 0xFECA,
  0xFEE6, 0xFF08, 0xFF5C, 0xFFBB,  0x0026, 0x0062, 0x0045, 0x0002,
  0xFF82, 0xFEF1, 0xFE1A, 0xFD81,  0xFCBA, 0xFC7E, 0xFC3A, 0xFC54,
  0xFCB8, 0xFD23, 0xFDE6, 0xFE4E,  0xFECD, 0xFE70, 0xFE77, 0xFE05,
  0xFD91, 0xFCE9, 0xFCE7, 0xFCF2,  0xFCB2, 0xFD02, 0xFCEA, 0xFDAA,
  0xFDF6, 0xFE48, 0xFE5A, 0xFE95,  0xFE9D, 0xFE5A, 0xFE2D, 0xFDD9,
  0xFDC3, 0xFD92, 0xFD82, 0xFD66,  0xFD90, 0xFDC9, 0xFDFA, 0xFE2A,
  0xFE37, 0xFE54, 0xFE53, 0xFE74,  0xFE8E, 0xFE9D, 0xFEAE, 0xFECF,
  0xFEF1, 0xFF09, 0xFF25, 0xFF5F,  0xFFB3, 0xFFEB, 0x0034, 0x007D,
  0x00A1, 0x00B5, 0x00E3, 0x0107,  0x0124, 0x0169, 0x018A, 0x01C7,
  0x0201, 0x0224, 0x0244, 0x026C,  0x025C, 0x022D, 0x0206, 0x01BC,
  0x0198, 0x017D, 0x0189, 0x01B9,  0x020A, 0x025F, 0x02C4, 0x0315,
  0x031A, 0x0310, 0x0313, 0x02DF,  0x0289, 0x0229, 0x01B8, 0x0193,
  0x0140, 0x0123, 0x012C, 0x0144,  0x014D, 0x014E, 0x0178, 0x0171,
  0x01A2, 0x0155, 0x0146, 0x012F,  0x00F8, 0x00DC, 0x00B0, 0x00B4,
  0x0081, 0x005F, 0x0034, 0x0017,  0xFFED, 0xFF85, 0xFF4E, 0xFF30,
  0xFF04, 0xFEFC, 0xFF2B, 0xFF8B,  0xFFEB, 0x0030, 0x0064, 0x009B,
  0x00A7, 0x0058, 0xFFCF, 0xFF59,  0xFECB, 0xFE1D, 0xFD7F, 0xFD40,
  0xFD31, 0xFD60, 0xFD90, 0xFDFC,  0xFE96, 0xFF22, 0xFF56, 0xFF92,
  0xFFA2, 0xFF5E, 0xFF36, 0xFEF2,  0xFEAE, 0xFE7D, 0xFE63, 0xFE3F,
  0xFE58, 0xFE55, 0xFE74, 0xFEB4,  0xFEDA, 0xFEF3, 0xFEFA, 0xFEF2,
  0xFECB, 0xFED7, 0xFECB, 0xFEE2,  0xFF0F, 0xFF3A, 0xFF58, 0xFF70,
  0xFF86, 0xFF78, 0xFF72, 0xFF57,  0xFF3E, 0xFF29, 0xFF3E, 0xFF69,
  0xFFA0, 0x0000, 0x0026, 0x0076,  0x009F, 0x00E1, 0x0106, 0x00F0,
  0x00D5, 0x009C, 0x006A, 0x0028,  0xFFF0, 0xFFC8, 0xFFDC, 0xFFFD,
  0x0036, 0x007E, 0x00CF, 0x0111,  0x0145, 0x0167, 0x017D, 0x0180,
  0x017B, 0x0176, 0x0157, 0x013D,  0x0108, 0x010B, 0x00F7, 0x00F5,
  0x00CE, 0x00CD, 0x00C8, 0x00D6,  0x00DC, 0x00D0, 0x00E7, 0x00F3,
  0x00FC, 0x00E4, 0x00F7, 0x0102,  0x0128, 0x0141, 0x0148, 0x0139,
  0x0107, 0x00D2, 0x0097, 0x0039,  0xFFE8, 0xFFBB, 0xFFB0, 0xFF9E,
  0xFFA2, 0xFFC1, 0xFFF0, 0x002C,  0x0058, 0x0071, 0x0075, 0x0053,
  0x002F, 0xFFF6, 0xFFA6, 0xFF2C,  0xFEC4, 0xFE82, 0xFE54, 0xFE55,
  0xFE5E, 0xFEA8, 0xFF00, 0xFF2F,  0xFF80, 0xFF9E, 0xFFDF, 0xFFD7,
  0xFFB2, 0xFF7F, 0xFF39, 0xFF1D,  0xFEEF, 0xFF42, 0xFF8C, 0xFFEA,
  0x001E, 0x0051, 0x0048, 0x0011,  0xFFD8, 0xFF91, 0xFF7F, 0xFF49,
  0xFF1B, 0xFF06, 0xFF0B, 0xFF49,  0xFF79, 0xFFD2, 0x000C, 0x0044,
  0x0067, 0x0078, 0x004D, 0x0016,  0xFFCD, 0xFF8E, 0xFF4C, 0xFF1D,
  0xFF10, 0xFF28, 0xFF61, 0xFF8B,  0xFFD2, 0xFFF5, 0x000B, 0xFFF7,
  0xFFDF, 0xFFDA, 0xFFD1, 0xFFBB,  0xFFBC, 0xFFEC, 0x0039, 0x007B,
  0x00C1, 0x011A, 0x0161, 0x018E,  0x019A, 0x0178, 0x0157, 0x0115,
  0x00BC, 0x0053, 0x0010, 0xFFE4,  0xFFB0, 0xFFB4, 0xFFAE, 0xFFC0,
  0xFFDA, 0xFFE8, 0xFFF8, 0x0015,  0x0016, 0x002C, 0x0050, 0x0090,
  0x00C7, 0x00FD, 0x0124, 0x012D,  0x0110, 0x00B3, 0x0057, 0xFFE9,
  0xFF85, 0xFF25, 0xFF0C, 0xFF25,  0xFF4D, 0xFF9C, 0xFFCD, 0x002B,
  0x005C, 0x006B, 0x0063, 0x0052,  0x0029, 0xFFFF, 0xFFCF, 0xFFAA,
  0xFF9A, 0xFF9D, 0xFFA8, 0xFFC9,  0xFFF2, 0x0007, 0x001C, 0x0020,
  0x0017, 0x0007, 0xFFF4, 0xFFF0,  0xFFEB, 0xFFE8, 0xFFDE, 0xFFE6,
  0xFFF0, 0xFFFF, 0xFFF3, 0xFFFE,  0xFFEF, 0xFFE3, 0xFFCA, 0xFFCA,
  0xFFC4, 0xFFC5, 0xFFDA, 0xFFFB,  0x0000, 0xFFE3, 0xFFC0, 0xFFB0,
  0xFFA8, 0xFF90, 0xFFA3, 0xFFC1,  0xFFCC, 0xFFDE, 0xFFDA, 0x0009,
  0x0024, 0x002A, 0x002A, 0x0031,  0x002D, 0x0029, 0x0023, 0x001C,
  0x000F, 0x0009, 0x0019, 0x0032,  0x005C, 0x0062, 0x006B, 0x0065,
  0x0052, 0x001F, 0xFFE2, 0xFFB3,  0xFF8F, 0xFF77, 0xFF64, 0xFF64,
  0xFF81, 0xFF99, 0xFFBF, 0xFFD3,  0x0001, 0x0023, 0x004D, 0x0076,
  0x007D, 0x0093, 0x0096, 0x008C,  0x0072, 0x005C, 0x002C, 0x0006,
  0xFFE9, 0xFFC1, 0xFFAE, 0xFF93,  0xFF84, 0xFF88, 0xFF9B, 0xFFAB,
  0xFFBE, 0xFFD4, 0xFFFC, 0x001D,  0x0033, 0x003D, 0x004D, 0x0050,
  0x0045, 0x0026, 0x0016, 0xFFF9,  0xFFF1, 0xFFE4, 0xFFEB, 0xFFF8,
  0x000E, 0x001A, 0x0026, 0x0035,  0x002C, 0x0024, 0x0012, 0xFFFD,
  0xFFEB, 0xFFE1, 0xFFE1, 0xFFDE,  0xFFF3, 0x000B, 0x0020, 0x002A,
  0x0027, 0x0029, 0x000E, 0xFFF0,  0xFFD3, 0xFFC3, 0xFFBC, 0xFFBA,
  0xFFC0, 0xFFCB, 0xFFBF, 0xFFAE,  0xFFB6, 0xFFC8, 0xFFFD, 0x0019,
  0x0036, 0x0055, 0x0058, 0x0059,  0x003B, 0x0017, 0x0003, 0xFFF5,
  0xFFF0, 0xFFF9, 0x000D, 0x0016,  0x000F, 0x0015, 0x001B, 0x0004,
  0xFFE7, 0xFFDE, 0xFFF8, 0x0000,  0x0004, 0x000C, 0x0010, 0x0019,
  0x0004, 0xFFFE, 0x0002, 0x000A,  0x000C, 0x0008, 0x0009, 0x0004,
  0xFFF9, 0xFFE8, 0xFFF4, 0x000A,  0x001C, 0x0020, 0x002A, 0x002A,
  0x0026, 0x0008, 0xFFF2, 0xFFE5,  0xFFE2, 0xFFE2, 0xFFE8, 0x0003,
  0x001F, 0x0039, 0x0041, 0x0041,  0x004A, 0x0040, 0x0039, 0x002A,
  0x0015, 0x000C, 0x0004, 0x0006,  0xFFF8, 0x0002, 0x0000, 0x000D,
  0x000D, 0x0000, 0xFFF8, 0xFFEA,  0xFFD5, 0xFFC9, 0xFFC4, 0xFFCE,
  0xFFDE, 0xFFED, 0xFFFF, 0x0002,  0x0003, 0xFFFB, 0xFFF5, 0xFFEC,
  0xFFE1, 0xFFD0, 0xFFC6, 0xFFC6,  0xFFC5, 0xFFCA, 0xFFC8, 0xFFCD,
  0xFFCE, 0xFFD7, 0xFFE3, 0xFFFD,  0x0010, 0x001A, 0x0028, 0x001E,
  0x0020, 0x000B, 0x0003, 0xFFFB,  0xFFF3, 0xFFE8, 0xFFDE, 0xFFD3,
  0xFFD2, 0xFFE0, 0xFFEC, 0x000A,  0x001F, 0x002D, 0x0034, 0x002F,
  0x0030, 0x001E, 0x0013, 0xFFF3,  0xFFDC, 0xFFC3, 0xFFB6, 0xFFA5,
  0xFFA0, 0xFFAC, 0xFFC5, 0xFFEA,  0x000A, 0x002B, 0x0045, 0x004C,
  0x004A, 0x003C, 0x0026, 0x0016,  0xFFF5, 0xFFE2, 0xFFD0, 0xFFD0,
  0xFFCB, 0xFFDB, 0xFFF2, 0x0006,  0x0027, 0x0035, 0x0047, 0x0050,
  0x0043, 0x0039, 0x0023, 0x001A,  0x0000, 0xFFF3, 0xFFE7, 0xFFF3,
  0xFFF5, 0x0001, 0x000E, 0x002D,  0x0035, 0x0044, 0x0046, 0x0045,
  0x0042, 0x002F, 0x001C, 0x0008,  0xFFED, 0xFFD8, 0xFFC5, 0xFFBC,
  0xFFBF, 0xFFBE, 0xFFCB, 0xFFD5,  0xFFE9, 0xFFF3, 0x0001, 0x000D,
  0x000B, 0x000C, 0x0010, 0x000A,  0x0008, 0xFFF7, 0xFFF9, 0xFFEC,
  0xFFF2, 0xFFEA, 0xFFEA, 0xFFED,  0xFFF3, 0xFFF8, 0xFFFE, 0xFFFE,
  0x0004, 0x0006, 0x0007, 0x0009,  0x0008, 0x0009, 0x0004, 0x0002,
  0x0004, 0x0001, 0x0003, 0xFFFF,  0x0008, 0x0007, 0x0010, 0x0008,
  0x000C, 0x0009, 0x000B, 0x000F,  0x0007, 0x0002, 0xFFFD, 0x0003,
  0x0004, 0x0008, 0x000E, 0x0013,  0x000F, 0x000C, 0x000F, 0x0008,
  0x000D, 0x0009, 0x0001, 0xFFFE,  0xFFF9, 0xFFFB, 0xFFF6, 0xFFFB,
  0xFFFE, 0xFFF8, 0x0002, 0xFFFF,  0x0005, 0x0002, 0xFFF5, 0xFFFA,
  0xFFEE, 0xFFEB, 0xFFE9, 0xFFED,  0xFFF4, 0xFFF9, 0xFFFA, 0xFFFF,
  0x0001, 0x0000, 0x0005, 0x0004,  0x000A, 0x0004, 0x0001, 0xFFFF,
  0xFFF8, 0xFFEF, 0xFFF2, 0xFFEC,  0xFFEA, 0xFFEB, 0xFFEC, 0xFFF7,
  0xFFFF, 0x0002, 0x000B, 0x000E,  0x0010, 0x0011, 0x000B, 0x0011,
  0x000B, 0x0006, 0xFFFF, 0x0002,  0xFFF9, 0xFFFE, 0xFFF4, 0xFFFB,
  0xFFFB, 0xFFFB, 0xFFFA, 0xFFF8,  0x0000, 0xFFFE, 0x0007, 0x0007,
  0x000C, 0x000B, 0x000A, 0x0007,  0x0009, 0x0009, 0x0011, 0x000E,
  0x0011, 0x0016, 0x000C, 0x000A,  0x0008, 0x0004, 0x000B, 0x0003,
  0x000C, 0x000D, 0x000B, 0x000D,  0x000C, 0x0008, 0x0007, 0xFFFF,
  0xFFFF, 0xFFFC, 0xFFF9, 0xFFF3,  0xFFF4, 0xFFF3, 0xFFF3, 0xFFF0,
  0xFFF0, 0xFFF2, 0xFFF1, 0xFFF2,  0xFFFA, 0xFFF9, 0x0003, 0xFFFE,
  0x000A, 0x0003, 0x0006, 0xFFFD,  0xFFFA, 0xFFFF, 0x0001, 0x0000,
  0xFFFD, 0x0003, 0xFFFC, 0xFFF8,  0xFFFD, 0xFFFE, 0xFFFF, 0x0002,
  0x0001, 0x0004, 0x0007, 0x0003,  0x0003, 0x0005, 0x0001, 0x0001,
  0x0003, 0xFFFD, 0x0004, 0xFFFF,  0xFFFE, 0xFFFE, 0xFFFC, 0xFFFE,
  0xFFFE, 0xFFFF, 0x0001, 0xFFFF,  0x0002, 0x0001, 0x0007, 0xFFFF,
  0x0003, 0x0001, 0xFFFF, 0x0001,  0xFFFC, 0x0000, 0xFFFE, 0x0000,
  0xFFFA, 0x0006, 0xFFFB, 0x0000,  0xFFFE, 0xFFFE, 0x0000, 0x0000,
  0x0003, 0xFFFF, 0x0006, 0x0002,  0x0009, 0x0008, 0x000B, 0x0009,
  0x000C, 0x0003, 0x000A, 0xFFFE,  0x0001, 0xFFFE, 0xFFFC, 0xFFFD,
  0xFFFB, 0xFFFD, 0xFFFB, 0xFFFE,  0xFFFE, 0x0002, 0xFFFE, 0x0004,
  0x0002, 0x000C, 0x0007, 0x000C,  0x0002, 0x000B, 0x0000, 0x0007,
  0xFFFD, 0x0001, 0xFFFE, 0x0003,  0x0006, 0xFFFD, 0x0001, 0xFFFC,
  0x0006, 0x0001, 0x0005, 0x0007,  0x0000, 0x0007, 0x0003, 0x0003,
  0xFFFE, 0x0001, 0xFFFA, 0xFFFE,  0xFFF7, 0xFFFF, 0xFFFA, 0xFFFE,
  0xFFF7, 0xFFFE, 0xFFF6, 0xFFFD,  0xFFF9, 0xFFF8, 0xFFFD, 0xFFF9,
  0xFFFA, 0xFFFD, 0xFFFA, 0xFFFF,  0xFFFF, 0x0000, 0x0003, 0xFFFD,
  0x0006, 0xFFFB, 0x0000, 0xFFFB,  0xFFF9, 0xFFFC, 0xFFFC, 0xFFFE,
  0xFFF9, 0x0000, 0xFFFC, 0x0001,  0x0002, 0x0001, 0xFFFE, 0x0003,
  0xFFFB, 0xFFFE, 0xFFFB, 0x0001,  0xFFFB, 0x0001, 0xFFFC, 0xFFFD,
  0x0001, 0x0000, 0x0002, 0xFFFF,  0x0004, 0xFFFE, 0x0005, 0x0002,
  0x0001, 0x0003, 0x0007, 0x000A,  0x000A, 0x0001, 0x0000, 0xFFFF,
  0xFFFC, 0xFFFC, 0x0000, 0x0006,  0x0009, 0x0007, 0x0005, 0x0008,
  0x0007, 0x0009, 0x0005, 0x0008,  0x0002, 0x0006, 0x0005, 0x0003,
  0x0002, 0x0001, 0x0004, 0x0007,  0x0006, 0x000A, 0x0004, 0x000A,
  0x0003, 0x0008, 0xFFFE, 0x0003,  0x0000, 0xFFFD, 0xFFFF, 0xFFFC,
  0xFFF9, 0x0002, 0xFFF8, 0x0001,  0xFFF8, 0x0001, 0xFFFC, 0x0002,
  0xFFFF, 0x0000, 0xFFFE, 0x0003,  0xFFFB, 0x0004, 0xFFF9, 0x0004,
  0xFFFE, 0x0001, 0xFFFF, 0x0002,  0xFFFE, 0x0002, 0xFFFD, 0x0001,
  0xFFFD, 0x0003, 0xFFFC, 0x0002,  0xFFFE, 0x0001, 0x0002, 0x0001,
  0x0003, 0xFFFF, 0x0005, 0xFFFB,  0x0003, 0xFFFD, 0x0003, 0x0001,
  0x0002, 0x0000, 0x0003, 0x0001,  0x0006, 0x0001, 0x0003, 0x0000,
  0x0003, 0xFFFD, 0x0003, 0x0000,  0xFFFC, 0x0000, 0xFFFD, 0xFFFA,
  0xFFFB, 0xFFFC, 0xFFF8, 0xFFFD,  0xFFF9, 0x0000, 0xFFF7, 0x0001,
  0xFFF8, 0xFFFF, 0xFFFC, 0xFFFE,  0xFFFA, 0xFFFC, 0xFFFC, 0xFFFC,
  0xFFFD, 0xFFFD, 0xFFFF, 0xFFFF,  0x0000, 0xFFFD, 0x0001, 0xFFFE,
  0x0000, 0xFFFD, 0x0002, 0x0001,  0x0003, 0xFFFF, 0x0000, 0x0001,
  0x0002, 0xFFFD, 0x0005, 0xFFFF,  0x0006, 0x0001, 0x0005, 0xFFFE,
  0x0007, 0xFFFF, 0x0006, 0xFFFE,  0x0005, 0x0000, 0x0006, 0x0002,
  0x0005, 0x0002, 0x0005, 0x0004,  0x0006, 0x0005, 0x0006, 0x0006,
  0x0006, 0x0007, 0x0006, 0x000A,  0x0005, 0x0009, 0x0001, 0x000C,
  0x0002, 0x0008, 0x0006, 0x0008,  0x0006, 0x0005, 0x0002, 0x0004,
  0x0002, 0xFFFE, 0x0003, 0x0004,  0x0002, 0x0004, 0xFFFF, 0x0003,
  0x0003, 0xFFFF, 0x0005, 0xFFFD,  0x0003, 0xFFFC, 0x0002, 0xFFFF,
  0xFFFE, 0xFFFF, 0xFFFE, 0xFFFE,  0x0001, 0xFFFC, 0xFFFF, 0xFFFE,
  0xFFFE, 0x0001, 0xFFFC, 0xFFFF,  0xFFF9, 0xFFFF, 0xFFFD, 0xFFFE,
  0xFFFD, 0xFFFC, 0xFFFC, 0xFFFC,  0xFFFE, 0xFFFB, 0x0000, 0xFFF9,
  0x0002, 0xFFFC, 0xFFFD, 0xFFFC,  0xFFFB, 0xFFFF, 0xFFFC, 0xFFFE,
  0xFFF9, 0xFFFF, 0xFFFB, 0xFFFF,  0xFFFF, 0xFFFE, 0xFFFF, 0xFFFE,
  0x0001, 0x0002, 0xFFFE, 0x0001,  0xFFFE, 0x0002, 0x0002, 0x0000,
  0x0001, 0xFFFF, 0x0005, 0xFFFD,  0x0005, 0xFFFD, 0x0004, 0x0000,
  0x0005, 0xFFFF, 0x0004, 0x0001,  0x0004, 0x0001, 0x0002, 0x0000,
  0x0000, 0x0001, 0xFFFF, 0x0005,  0xFFFC, 0x0005, 0xFFFD, 0x0002,
  0xFFFF, 0x0003, 0xFFFF, 0x0003,  0x0003, 0x0002, 0x0001, 0x0002,
  0x0001, 0x0001, 0x0004, 0x0004,  0x0003, 0x0003, 0x0005, 0x0000,
  0x0008, 0xFFFE, 0x0005, 0x0003,  0xFFFE, 0x0004, 0x0000, 0x0000,
  0xFFFF, 0x0000, 0xFFFC, 0x0006,  0xFFFC, 0x0003, 0xFFFF, 0x0001,
  0x0005, 0xFFFE, 0x0005, 0xFFFD,  0x0003, 0xFFFC, 0x0002, 0xFFFE,
  0xFFFC, 0x0003, 0xFFFC, 0x0000,  0xFFFF, 0x0000, 0x0002, 0xFFFF,
  0xFFFE, 0x0002, 0xFFFE, 0xFFFE,  0x0000, 0xFFFD, 0x0000, 0xFFFE,
  0x0000, 0xFFFF, 0x0000, 0xFFFF,  0xFFFE, 0x0004, 0xFFFF, 0x0004,
  0xFFFF, 0xFFFF, 0x0000, 0x0005,  0x0002, 0xFFFF, 0x0000, 0xFFFC,
  0x0002, 0xFFFB, 0x0001, 0x0001,  0xFFFE, 0x0002, 0xFFFE, 0x0003,
  0xFFFF, 0x0003, 0x0001, 0xFFFE,  0x0002, 0xFFFF, 0x0006, 0xFFFF,
  0x0004, 0x0000, 0x0003, 0x0002,  0x0004, 0x0003, 0x0002, 0x0003,
  0x0004, 0x0001, 0x0002, 0x0003,  0x0001, 0x0002, 0x0004, 0xFFFF,
  0x0003, 0x0005, 0x0003, 0x0004,  0x0003, 0x0004, 0x0002, 0x0004,
  0x0003, 0xFFFC, 0x0007, 0xFFFE,  0x0007, 0xFFFC, 0x0003, 0x0000,
  0x0000, 0x0000, 0x0000, 0x0000,  0x0000, 0x0001, 0xFFFE, 0x0001,
  0xFFFE, 0x0002, 0xFFFF, 0xFFFF,  0x0001, 0xFFFE, 0x0003, 0xFFFD,
  0xFFFE, 0x0000, 0xFFFD, 0x0000,  0xFFFE, 0xFFFF, 0xFFFF, 0x0000,
  0xFFFF, 0x0001, 0xFFFE, 0xFFFF,  0x0001, 0xFFFE, 0x0004, 0x0000,
  0x0004, 0x0004, 0x0002, 0xFFFF,  0x0001, 0xFFFD, 0x0002, 0xFFFC,
  0x0001, 0xFFFD, 0x0000, 0x0004,  0x0001, 0x0004, 0x0001, 0x0003,
  0x0004, 0x0001, 0x0003, 0xFFFF,  0xFFFF, 0xFFFF, 0x0001, 0xFFFF,
  0xFFFD, 0x0001, 0xFFFC, 0x0003,  0xFFFE, 0x0003, 0xFFFE, 0x0002,
  0x0001, 0x0001, 0x0002, 0xFFFF,  0x0000, 0x0003, 0x0001, 0x0002,
  0x0000, 0x0001, 0x0002, 0xFFFD,  0x0003, 0xFFFE, 0x0001, 0x0001,
  0x0000, 0x0003, 0x0001, 0x0002,  0x0004, 0x0001, 0x0004, 0x0000,
  0x0003, 0x0001, 0x0004, 0x0000,  0x0001, 0x0001, 0x0000, 0xFFFF,
  0x0000, 0xFFFD, 0x0001, 0xFFFF,  0x0000, 0xFFFE, 0x0001, 0xFFFC,
  0x0002, 0xFFFB, 0x0002, 0xFFFC,  0xFFFE, 0x0000, 0xFFFE, 0x0002,
  0xFFFF, 0x0002, 0x0000, 0x0001,  0xFFFE, 0x0003, 0xFFFE, 0x0002,
  0x0000, 0xFFFE, 0x0003, 0xFFFC,  0x0003, 0xFFFF, 0xFFFE, 0x0003,
  0xFFFD, 0x0003, 0xFFFF, 0xFFFE,  0x0001, 0xFFFE, 0x0004, 0xFFFD,
  0x0000, 0x0002, 0xFFFD, 0x0003,  0xFFFD, 0x0002, 0xFFFF, 0xFFFF,
  0x0001, 0xFFFE, 0x0003, 0xFFFD,  0x0004, 0xFFFE, 0x0004, 0xFFFD,
  0x0002, 0xFFFE, 0x0002, 0x0004,  0x0003, 0xFFFF, 0x0004, 0xFFFC,
  0x0005, 0xFFFE, 0x0002, 0x0002,  0xFFFE, 0x0002, 0xFFFE, 0x0001,
  0xFFFC, 0x0000, 0xFFFD, 0x0003,  0xFFFE, 0x0003, 0xFFFB, 0x0003,
  0x0000, 0xFFFF, 0x0001, 0xFFFE,  0xFFFF, 0xFFFF, 0xFFFD, 0xFFFF,
  0xFFFE, 0xFFFB, 0x0001, 0xFFFE,  0x0000, 0x0000, 0xFFFE, 0xFFFF,
  0x0002, 0xFFFD, 0x0001, 0xFFFF,  0xFFFE, 0x0002, 0xFFFF, 0x0000,
  0x0000, 0x0000, 0x0001, 0xFFFE,  0x0001, 0x0000, 0x0000, 0x0001,
  0xFFFE, 0x0001, 0xFFFF, 0x0003,  0x0001, 0x0001, 0x0002, 0x0000,
  0x0002, 0x0001, 0x0002, 0x0003,  0x0002, 0x0002, 0x0003, 0x0002,
  0x0004, 0x0000, 0x0005, 0x0007,  0x0005, 0x0002, 0x0001, 0x0000,
  0x0002, 0xFFFD, 0x0006, 0x0001,  0x0004, 0x0000, 0x0001, 0x0002,
  0x0003, 0x0000, 0x0002, 0xFFFF,  0x0000, 0x0001, 0xFFFF, 0x0002,
  0xFFFE, 0x0001, 0x0001, 0x0000,  0x0003, 0xFFFF, 0x0004, 0xFFFF,
  0x0004, 0xFFFF, 0xFFFE, 0xFFFF,  0xFFFC, 0xFFFE, 0x0000, 0xFFFA,
  0x0000, 0xFFFF, 0xFFFF, 0xFFFE,  0x0000, 0xFFFE, 0x0002, 0x0001,
  0xFFFF, 0x0004, 0xFFFF, 0x0001,  0x0000, 0xFFFF, 0x0000, 0xFFFF,
  0xFFFF, 0xFFFD, 0x0003, 0xFFFC,  0x0001, 0x0000, 0xFFFC, 0x0004,
  0xFFFA, 0x0002, 0xFFFD, 0xFFFE,  0xFFFE, 0xFFFD, 0x0001, 0xFFFD,
  0x0002, 0xFFFF, 0xFFFF, 0xFFFE,  0x0000, 0xFFFE, 0x0001, 0x0000,
  0xFFFE, 0x0003, 0xFFFC, 0x0002,  0x0000, 0xFFFE, 0x0001, 0xFFFC,
  0x0001, 0x0000, 0xFFFE, 0x0000,  0xFFFD, 0x0000, 0xFFFF, 0xFFFD,
  0xFFFE, 0xFFFF, 0xFFFE, 0x0000,  0xFFFD, 0x0000, 0xFFFF, 0xFFFD,
  0x0001, 0xFFFD, 0x0002, 0xFFFC,  0xFFFE, 0x0000, 0xFFFE, 0x0002,
  0xFFFF, 0x0002, 0x0000, 0xFFFF,  0x0006, 0xFFFC, 0x0006, 0xFFFE,
  0x0003, 0xFFFF, 0x0001, 0x0006,  0x0000, 0x0006, 0xFFFE, 0x0002,
  0xFFFF, 0x0003, 0xFFFD, 0x0007,  0xFFFD, 0x0003, 0x0002, 0xFFFF,
  0x0007, 0xFFFE, 0x0006, 0xFFFF,  0x0003, 0xFFFF, 0x0002, 0x0001,
  0x0003, 0xFFFE, 0x0005, 0x0000,  0x0007, 0x0000, 0x0003, 0x0002,
  0x0000, 0x0005, 0xFFFD, 0x0007,  0xFFFC, 0x0005, 0xFFFF, 0x0003,
  0xFFFE, 0x0005, 0xFFFF, 0x0004,  0x0001, 0x0001, 0x0001, 0xFFFF,
  0x0003, 0xFFFC, 0x0002, 0x0001,  0x0001, 0xFFFE, 0x0000, 0xFFFD,
  0x0002, 0xFFFA, 0x0000, 0x0000,  0xFFFD, 0xFFFE, 0xFFFE, 0xFFFD,
  0xFFFE, 0x0000, 0xFFFB, 0x0002,  0xFFF9, 0x0002, 0xFFFB, 0x0000,
  0xFFFF, 0xFFFE, 0x0000, 0xFFFC,  0x0001, 0xFFFD, 0x0001, 0xFFFE,
  0x0002, 0xFFFE, 0x0002, 0xFFFD,  0x0003, 0xFFFE, 0x0003, 0xFFFE,
  0x0004, 0xFFFF, 0x0001, 0xFFFF,  0xFFFF, 0x0001, 0xFFFF, 0x0001,
  0xFFFE, 0x0003, 0xFFFF, 0x0002,  0x0000, 0x0003, 0xFFFE, 0x0004,
  0x0000, 0x0002, 0x0002, 0xFFFD,  0x0001, 0xFFFE, 0x0002, 0x0000,
  0xFFFE, 0x0002, 0xFFFD, 0x0000,  0xFFFF, 0x0001, 0xFFFD, 0x0003,
  0xFFFB, 0x0004, 0xFFFC, 0x0004,  0xFFFE, 0x0002, 0xFFFF, 0xFFFE,
  0x0001, 0xFFFF, 0x0002, 0xFFFF,  0x0000, 0x0003, 0x0000, 0x0002,
  0x0001, 0x0001, 0x0005, 0xFFFE,  0x0007, 0xFFFE, 0x0004, 0xFFFF,
  0x0002, 0xFFFE, 0x0003, 0x0002,  0x0003, 0x0002, 0xFFFF, 0x0002,
  0xFFFE, 0x0002, 0xFFFE, 0x0002,  0xFFFD, 0xFFFF, 0xFFFE, 0xFFFF,
  0xFFFC, 0x0000, 0xFFFA, 0x0001,  0xFFFC, 0xFFFE, 0x0000, 0xFFFF,
  0x0000, 0x0000, 0xFFFD, 0x0003,  0xFFFC, 0x0000, 0xFFFD, 0xFFFD,
  0x0001, 0xFFFD, 0x0000, 0x0000,  0xFFFE, 0x0002, 0x0000, 0x0001,
  0xFFFF, 0x0001, 0xFFFF, 0x0000,  0xFFFE, 0x0004, 0xFFFF, 0x0000,
  0x0003, 0xFFFF, 0x0003, 0xFFFD,  0x0001, 0x0000, 0x0000, 0x0003,
  0xFFFF, 0x0001, 0x0002, 0x0003,  0x0004, 0x0001, 0x0001, 0xFFFF,
  0x0002, 0xFFFF, 0x0003, 0x0003,  0x0004, 0x0001, 0x0004, 0xFFFF,
  0x0005, 0x0001, 0x0004, 0x0000,  0xFFFF, 0x0001, 0x0000, 0x0001,
  0xFFFF, 0x0001, 0xFFFF, 0x0002,  0x0003, 0x0000, 0x0003, 0xFFFE,
  0x0005, 0xFFFC, 0x0007, 0xFFFB,  0x0004, 0xFFFE, 0x0001, 0x0000,
  0x0000, 0xFFFE, 0x0004, 0xFFFE,  0x0005, 0x0000, 0x0000, 0x0002,
  0x0001, 0xFFFE, 0x0001, 0x0002,  0x0000, 0x0000, 0x0000, 0xFFFF,
  0x0002, 0xFFFF, 0x0001, 0x0002,  0x0000, 0x0001, 0x0000, 0x0000,
  0x0001, 0x0001, 0x0002, 0x0000,  0x0001, 0xFFFE, 0x0005, 0xFFFD,
  0x0003, 0xFFFF, 0xFFFF, 0x0002,  0xFFFD, 0x0002, 0xFFFF, 0x0002,
  0x0002, 0xFFFE, 0x0004, 0x0001,  0xFFFF, 0x0005, 0xFFFF, 0x0003,
  0x0004, 0x0000, 0x0003, 0xFFFC,  0x0000, 0xFFFD, 0x0002, 0xFFFD,
  0x0000, 0x0001, 0xFFFF, 0x0001,  0x0002, 0x0002, 0x0002, 0x0003,
  0x0002, 0x0004, 0x0001, 0x0001,  0xFFFF, 0x0001, 0x0000, 0x0000,
  0xFFFE, 0x0002, 0xFFFB, 0x0004,  0xFFFC, 0x0003, 0xFFFD, 0x0000,
  0x0001, 0x0001, 0x0001, 0xFFFE,  0xFFFF, 0x0000, 0x0003, 0xFFFF,
  0x0002, 0x0000, 0x0002, 0xFFFC,  0x0003, 0xFFFE, 0x0002, 0x0000,
  0x0003, 0xFFFE, 0x0006, 0xFFFF,  0x0007, 0xFFFD, 0x0006, 0xFFFE,
  0x0004, 0x0001, 0x0002, 0x0003,  0xFFFF, 0x0002, 0xFFFF, 0x0000,
  0x0000, 0xFFFE, 0x0001, 0xFFFE,  0x0000, 0xFFFF, 0x0001, 0xFFFE,
  0x0001, 0xFFFD, 0x0002, 0xFFFC,  0xFFFF, 0xFFFF, 0xFFFE, 0x0003,
  0xFFFE, 0x0005, 0xFFFD, 0x0000,  0xFFFF, 0x0000, 0x0001, 0xFFFD,
  0x0003, 0xFFFC, 0x0005, 0xFFFB,  0x0005, 0xFFFC, 0x0004, 0xFFFE,
  0x0002, 0x0000, 0x0001, 0xFFFE,  0x0002, 0xFFFE, 0x0004, 0xFFFC,
  0x0002, 0xFFFF, 0x0001, 0xFFFE,  0x0002, 0xFFFE, 0x0002, 0xFFFE,
  0x0002, 0x0001, 0xFFFF, 0x0002,  0xFFFF, 0x0002, 0x0001, 0xFFFF,
  0x0001, 0xFFFF, 0x0002, 0x0000,  0x0005, 0xFFFE, 0x0002, 0xFFFE,
  0x0002, 0xFFFF, 0x0001, 0x0002,  0xFFFE, 0x0001, 0x0000, 0xFFFF,
  0x0001, 0xFFFC, 0x0003, 0xFFFD,  0x0003, 0xFFFC, 0x0004, 0xFFFC,
  0x0004, 0xFFFA, 0x0006, 0xFFFA,  0x0005, 0xFFFB, 0x0001, 0x0001,
  0xFFFC, 0x0002, 0xFFFE, 0x0002,  0x0001, 0x0001, 0xFFFF, 0x0003,
  0x0001, 0x0000, 0x0003, 0xFFFF,  0x0002, 0xFFFF, 0x0000, 0xFFFF,
  0x0001, 0x0000, 0x0000, 0x0001,  0xFFFE, 0x0001, 0x0000, 0xFFFF,
  0x0002, 0xFFFE, 0x0002, 0xFFFE,  0x0001, 0xFFFF, 0x0001, 0x0000,
  0x0000, 0x0000, 0x0000, 0x0000,  0x0000, 0x0000, 0x0000, 0x0001,
  0xFFFE, 0x0003, 0xFFFD, 0x0002,  0xFFFF, 0x0001, 0xFFFE, 0x0003,
  0xFFFD, 0x0003, 0xFFFE, 0x0000,  0x0001, 0xFFFF, 0x0002, 0xFFFD,
  0x0004, 0xFFFC, 0x0004, 0xFFFD,  0x0001, 0x0000, 0x0000, 0x0001,
  0xFFFF, 0x0000, 0x0000, 0xFFFF,  0x0002, 0xFFFE, 0x0002, 0xFFFF,
  0xFFFF, 0x0002, 0xFFFD, 0x0004,  0xFFFD, 0x0002, 0xFFFF, 0xFFFF,
  0x0002, 0xFFFE, 0x0002, 0xFFFF,  0xFFFF, 0x0002, 0xFFFD, 0x0004,
  0xFFFC, 0x0004, 0xFFFC, 0x0003,  0xFFFE, 0x0002, 0xFFFF, 0xFFFF,
  0x0002, 0xFFFE, 0x0002, 0xFFFE,  0x0002, 0xFFFE, 0x0001, 0x0000,
  0xFFFF, 0x0001, 0x0000, 0xFFFF,  0x0001, 0xFFFF, 0x0001, 0xFFFF,
  0x0001, 0xFFFE, 0x0003, 0xFFFD,  0x0003, 0xFFFD, 0x0002, 0xFFFF,
  0x0001, 0xFFFF, 0x0001, 0xFFFF,  0x0000, 0x0001, 0xFFFF, 0x0001,
  0xFFFF, 0x0001, 0xFFFE, 0x0003,  0xFFFD, 0x0003, 0xFFFE, 0x0000,
  0x0002, 0xFFFD, 0x0003, 0xFFFD,  0x0003, 0xFFFE, 0x0001, 0xFFFF,
  0x0000, 0x0001, 0xFFFF, 0x0000,  0x0000, 0x0001, 0xFFFF, 0x0000,
  0x0001, 0xFFFE, 0x0003, 0xFFFE,  0xFFFF, 0x0004, 0xFFFB, 0x0005,
  0xFFFC, 0x0002, 0x0000, 0xFFFE,  0x0004, 0xFFFB, 0x0005, 0xFFFC,
  0x0003, 0xFFFE, 0x0001, 0x0000,  0xFFFF, 0x0002, 0xFFFE, 0x0001,
  0x0000, 0x0000, 0x0000, 0xFFFF,  0x0001, 0x0000, 0x0000, 0xFFFF,
  0x0001, 0xFFFF, 0x0002, 0xFFFD,  0x0003, 0xFFFE, 0x0001, 0x0000,
  0xFFFF, 0x0001, 0x0000, 0x0000,  0x0000, 0xFFFF, 0x0001, 0xFFFF,
  0x0002, 0xFFFE, 0x0001, 0xFFFF,  0x0001, 0x0000, 0xFFFF, 0x0002,
  0xFFFE, 0x0001, 0x0000, 0xFFFF,  0x0002, 0xFFFE, 0x0002, 0xFFFE,
  0x0002, 0xFFFE, 0x0002, 0xFFFF,  0x0000, 0x0000, 0x0000, 0x0000,
  0x0001, 0xFFFE, 0x0002, 0xFFFE,  0x0002, 0xFFFE, 0x0003, 0xFFFC,
  0x0004, 0xFFFC, 0x0004, 0xFFFC,  0x0004, 0xFFFC, 0x0004, 0xFFFC,
  0x0004, 0xFFFC, 0x0004, 0xFFFC,  0x0003, 0xFFFF, 0x0000, 0x0001,
  0xFFFF, 0x0000, 0x0000, 0x0001,  0xFFFF, 0x0002, 0xFFFD, 0x0003,
  0xFFFD, 0x0003, 0xFFFE, 0x0001,  0x0000, 0xFFFF, 0x0001, 0xFFFF,
  0x0001, 0x0000, 0xFFFF, 0x0001,  0xFFFE, 0x0003, 0xFFFD, 0x0002,
  0x0000, 0xFFFE, 0x0003, 0xFFFD,  0x0002, 0xFFFF, 0x0001, 0xFFFF,
  0x0001, 0xFFFE, 0x0003, 0xFFFD,  0x0002, 0x0000, 0xFFFE, 0x0003,
  0xFFFD, 0x0002, 0xFFFF, 0x0001,  0xFFFF, 0x0000, 0x0001, 0xFFFE,
  0x0003, 0xFFFD, 0x0002, 0xFFFF,  0x0000, 0x0001, 0xFFFF, 0x0001,
  0xFFFF, 0x0000, 0x0001, 0xFFFE,  0x0003, 0xFFFD, 0x0003, 0xFFFD,
  0x0002, 0xFFFF, 0x0000, 0x0002,  0xFFFD, 0x0002, 0xFFFF, 0x0000,
  0x0001, 0xFFFF, 0x0001, 0xFFFF,  0x0001, 0xFFFF, 0x0000, 0x0002,
  0xFFFD, 0x0003, 0xFFFE, 0x0001,  0x0000, 0x0000, 0xFFFF, 0x0002,
  0xFFFD, 0x0004, 0xFFFC, 0x0004,  0xFFFC, 0x0003, 0xFFFE, 0x0001,
  0x0000, 0x0000, 0xFFFF, 0x0001,  0x0000, 0xFFFF, 0x0002, 0xFFFE,
  0x0000, 0x0003, 0xFFFB, 0x0005,  0xFFFD, 0x0000, 0x0002, 0xFFFE,
  0x0000, 0x0002, 0xFFFD, 0x0003,  0xFFFD, 0x0003, 0xFFFD, 0x0003,
  0xFFFD, 0x0002, 0x0000, 0xFFFF,  0x0001, 0xFFFF, 0x0001, 0xFFFF,
  0x0001, 0xFFFE, 0x0003, 0xFFFE,  0x0000, 0x0000, 0x0001, 0xFFFF,
  0x0001, 0xFFFE, 0x0002, 0x0000,  0x0000, 0xFFFE, 0x0003, 0xFFFD,
  0x0004, 0xFFFC, 0x0003, 0xFFFE,  0x0001, 0x0000, 0xFFFF, 0x0002,
  0xFFFF, 0x0000, 0xFFFF, 0x0002,  0xFFFE, 0x0003, 0xFFFD, 0x0001,
  0x0001, 0xFFFF, 0x0001, 0xFFFF,  0x0001, 0xFFFF, 0x0001, 0x0000,
  0xFFFF, 0x0001, 0xFFFF, 0x0001,  0x0000, 0x0000, 0xFFFF, 0x0000,
  0x0002, 0xFFFD, 0x0004, 0xFFFC,  0x0002, 0x0001, 0xFFFD, 0x0004,
  0xFFFB, 0x0005, 0xFFFC, 0x0003,  0xFFFF, 0xFFFE, 0x0004, 0xFFFB,
  0x0005, 0xFFFC, 0x0003, 0xFFFE,  0x0001, 0xFFFF, 0x0001, 0x0000,
  0xFFFF, 0x0001, 0xFFFF, 0x0001,  0x0000, 0xFFFF, 0x0000, 0x0001,
  0xFFFF, 0x0001, 0xFFFF, 0x0001,  0xFFFE, 0x0002, 0xFFFE, 0x0002,
  0xFFFF, 0x0000, 0x0000, 0x0000,  0x0000, 0x0001, 0xFFFF, 0x0000,
  0x0001, 0xFFFF, 0x0001, 0xFFFF,  0x0001, 0xFFFF, 0x0001, 0xFFFF,
  0x0001, 0xFFFF, 0x0001, 0xFFFF,  0x0001, 0xFFFF, 0x0001, 0xFFFF,
  0x0001, 0xFFFF, 0x0000, 0x0001,  0xFFFF, 0x0000, 0x0001, 0xFFFE,
  0x0003, 0xFFFE, 0x0000, 0x0001,  0xFFFE, 0x0002, 0xFFFF, 0x0001,
  0xFFFE, 0x0002, 0xFFFE, 0x0002,  0xFFFE, 0x0002, 0xFFFE, 0x0002,
  0xFFFE, 0x0002, 0xFFFE, 0x0002,  0xFFFF, 0x0000, 0x0000, 0x0000,
  0x0000, 0x0000, 0x0001, 0xFFFE,  0x0003, 0xFFFC, 0x0003, 0xFFFE,
  0x0002, 0xFFFF, 0xFFFF, 0x0002,  0xFFFE, 0x0001, 0x0001, 0xFFFD,
  0x0004, 0xFFFD, 0x0001, 0x0000,  0x0000, 0x0000, 0x0000, 0x0000,
  0x0000, 0x0001, 0xFFFE, 0x0002,  0xFFFF, 0x0000, 0x0002, 0xFFFD,
  0x0003, 0xFFFD, 0x0003, 0xFFFD,  0x0003, 0xFFFE, 0x0000, 0x0001,
  0xFFFE, 0x0002, 0xFFFF, 0x0000,  0xFFFF, 0x0002, 0xFFFE, 0x0002,
  0xFFFE, 0x0001, 0xFFFF, 0x0002,  0xFFFE, 0x0002, 0xFFFF, 0xFFFF,
  0x0002, 0xFFFE, 0x0001, 0x0000,  0x0000, 0x0000, 0x0000, 0xFFFF,
  0x0001, 0x0000, 0x0000, 0xFFFF,  0x0002, 0xFFFE, 0x0002, 0xFFFE,
  0x0000, 0x0002, 0xFFFD, 0x0003,  0xFFFF, 0xFFFE, 0x0003, 0xFFFD,
  0x0003, 0xFFFE, 0x0001, 0xFFFF,  0x0000, 0x0002, 0xFFFD, 0x0003,
  0xFFFD, 0x0003, 0xFFFE, 0x0001,  0x0000, 0xFFFE, 0x0004, 0xFFFC,
  0x0003, 0xFFFF, 0xFFFE, 0x0003,  0xFFFD, 0x0002, 0x0000, 0xFFFF,
  0x0000, 0x0000, 0x0000, 0xFFFF,  0x0003, 0xFFFC, 0x0004, 0xFFFC,
  0x0002, 0x0000, 0x0000, 0xFFFF,  0x0002, 0xFFFD, 0x0003, 0xFFFE,
  0x0001, 0x0000, 0xFFFF, 0x0000,  0x0001, 0xFFFF, 0x0001, 0xFFFF,
  0x0000, 0x0001, 0xFFFF, 0x0000,  0x0001, 0xFFFE, 0x0002, 0xFFFF,
  0xFFFF, 0x0003, 0xFFFC, 0x0004,  0xFFFD, 0x0001, 0x0000, 0x0000,
  0x0000, 0x0001, 0xFFFF, 0x0000,  0x0001, 0xFFFF, 0x0000, 0x0001,
  0xFFFF, 0x0001, 0xFFFF, 0x0001,  0xFFFF, 0x0001, 0x0000, 0xFFFE,
  0x0004, 0xFFFB, 0x0005, 0xFFFC,  0x0003, 0xFFFF, 0xFFFF, 0x0002,
  0xFFFE, 0x0002, 0xFFFF, 0xFFFF,  0x0002, 0xFFFD, 0x0004, 0xFFFC,
  0x0004, 0xFFFB, 0x0004, 0xFFFE,  0x0000, 0x0002, 0xFFFC, 0x0004,
  0xFFFD, 0x0003, 0xFFFC, 0x0005,  0xFFFB, 0x0004, 0xFFFD, 0x0002,
  0xFFFF, 0x0002, 0xFFFC, 0x0005,  0xFFFA, 0x0006, 0xFFFC, 0x0002,
  0xFFFF, 0x0000, 0x0000, 0x0001,  0xFFFF, 0x0000, 0x0001, 0xFFFF,
  0x0000, 0x0001, 0xFFFE, 0x0003,  0xFFFD, 0x0003, 0xFFFD, 0x0003,
  0xFFFD, 0x0003, 0xFFFE, 0x0001,  0xFFFF, 0x0001, 0xFFFF, 0x0002,
  0xFFFD, 0x0004, 0xFFFC, 0x0003,  0xFFFF, 0x0000, 0x0001, 0xFFFF,
  0x0001, 0xFFFF, 0x0001, 0xFFFF,  0x0001, 0xFFFF, 0x0001, 0x0000,
  0x0000, 0x0000, 0x0000, 0x0000,  0x0001, 0xFFFF, 0x0001, 0x0000,
  0xFFFF, 0x0001, 0x0000, 0xFFFF,  0x0001, 0x0000, 0xFFFF, 0x0002,
  0xFFFD, 0x0003, 0xFFFD, 0x0004,  0xFFFC, 0x0002, 0x0000, 0xFFFF,
  0x0001, 0x0000, 0xFFFF, 0x0002,  0xFFFE, 0x0001, 0x0000, 0xFFFF,
  0x0002, 0xFFFF, 0x0000, 0x0000,  0x0000, 0x0000, 0x0001, 0xFFFF,
  0x0000, 0x0001, 0xFFFF, 0x0001,  0xFFFF, 0x0000, 0x0001, 0xFFFE,
  0x0002, 0xFFFF, 0x0000, 0x0001,  0xFFFE, 0x0003, 0xFFFD, 0x0003,
  0xFFFE, 0x0001, 0x0000, 0xFFFF,  0x0001, 0x0001, 0xFFFE, 0x0003,
  0xFFFD, 0x0002, 0xFFFF, 0x0001,  0xFFFF, 0x0002, 0xFFFE, 0x0001,
  0xFFFF, 0x0001, 0xFFFF, 0x0002,  0xFFFE, 0x0001, 0xFFFF, 0x0001,
  0xFFFF, 0x0001, 0xFFFF, 0x0001,  0xFFFF, 0x0000, 0x0001, 0xFFFF,
  0x0001, 0xFFFF, 0x0000, 0x0002,  0xFFFD, 0x0003, 0xFFFD, 0x0002,
  0xFFFF, 0x0001, 0xFFFF, 0x0000,  0x0001, 0xFFFF, 0x0000, 0x0002,
  0xFFFD, 0x0003, 0xFFFE, 0x0000,  0x0001, 0xFFFF, 0x0000, 0x0001,
  0xFFFE, 0x0002, 0xFFFF, 0xFFFF,  0x0002, 0xFFFD, 0x0003, 0xFFFD,
  0x0003, 0xFFFD, 0x0001, 0x0000,  0x0000, 0xFFFF, 0x0002, 0xFFFD,
  0x0002, 0x0001, 0x0001, 0x0004,  0xFFFE, 0x0003, 0xFFFD, 0x0002,
  0x0001, 0x0001, 0x0002, 0x0000,  0xFFFF, 0x0003, 0xFFFC, 0x0004,
  0xFFFD, 0x0001, 0x0002, 0xFFFE,  0x0001, 0x0001, 0xFFFF, 0x0002,
  0x0000, 0xFFFF, 0x0001, 0xFFFF,  0x0001, 0xFFFF, 0x0001, 0xFFFE,
  0x0003, 0xFFFD, 0x0002, 0xFFFF,  0xFFFF, 0x0002, 0xFFFE, 0x0002,
  0xFFFE, 0x0002, 0xFFFE, 0x0002,  0xFFFF, 0x0001, 0xFFFE, 0x0002,
  0xFFFE, 0x0003, 0xFFFF, 0xFFFF,  0xFFFF, 0xFFFF, 0x0000, 0x0000,
  0x0000, 0xFFFF, 0x0002, 0xFFFD,  0x0002, 0xFFFE, 0x0000, 0x0000,
  0x0000, 0xFFFE, 0x0002, 0xFFFF,  0x0001, 0x0000, 0xFFFF, 0x0001,
  0x0002, 0xFFFF, 0x0002, 0xFFFC,  0x0004, 0x0000, 0x0002, 0x0000,
  0x0001, 0x0001, 0x0000, 0x0001,  0xFFFF, 0x0001, 0x0001, 0x0000,
  0x0003, 0xFFFD, 0x0003, 0xFFFE,  0x0001, 0x0000, 0xFFFF, 0x0000,
  0x0001, 0x0001, 0xFFFE, 0x0004,  0xFFFD, 0x0004, 0xFFFE, 0x0002,
  0xFFFE, 0x0003, 0xFFFF, 0x0002,  0xFFFE, 0x0002, 0xFFFF, 0x0002,
  0x0002, 0x0000, 0x0003, 0xFFFF,  0x0003, 0xFFFF, 0x0003, 0x0001,
  0x0000, 0x0003, 0x0003, 0x0003,  0x0002, 0x0000, 0x0001, 0xFFFF,
  0x0000, 0x0001, 0x0002, 0x0002,  0xFFFF, 0x0003, 0xFFFE, 0x0004,
  0x0000, 0x0002, 0x0001, 0xFFFF,  0x0000, 0x0001, 0xFFFE, 0x0003,
  0xFFFD, 0x0002, 0x0001, 0x0002,  0x0005, 0xFFFE, 0x0003, 0x0002,
  0xFFFF, 0x0003, 0xFFFF, 0x0000,  0x0001, 0xFFFF, 0x0002, 0xFFFE,
  0x0002, 0x0002, 0xFFFF, 0x0003,  0xFFFF, 0x0001, 0x0000, 0x0001,
  0x0000, 0x0001, 0x0001, 0xFFFF,  0x0001, 0x0000, 0x0000, 0x0000,
  0xFFFF, 0x0000, 0x0002, 0xFFFD,  0x0002, 0xFFFD, 0x0001, 0xFFFD,
  0x0002, 0xFFFD, 0x0001, 0xFFFD,  0x0001, 0xFFFE, 0x0002, 0xFFFD,
  0x0004, 0xFFFC, 0x0002, 0xFFFE,  0x0003, 0xFFFE, 0x0003, 0x0000,
  0x0001, 0x0001, 0x0001, 0xFFFF,  0x0003, 0x0001, 0x0002, 0x0001,
  0x0003, 0x0002, 0x0001, 0x0002,  0x0000, 0x0003, 0x0002, 0x0000,
  0x0004, 0x0001, 0x0002, 0x0002,  0x0002, 0x0003, 0x0002, 0x0004,
  0x0001, 0x0004, 0x0001, 0xFFFF,  0x0003, 0x0001, 0x0000, 0x0000,
  0x0000, 0xFFFF, 0x0002, 0xFFFF,  0xFFFF, 0x0002, 0xFFFC, 0x0002,
  0xFFFF, 0x0001, 0xFFFE, 0x0001,  0xFFFB, 0x0005, 0xFFFB, 0x0000,
  0x0001, 0xFFFD, 0x0002, 0xFFFD,  0x0000, 0x0001, 0xFFFF, 0x0001,
  0xFFFE, 0x0002, 0x0000, 0x0003,  0x0000, 0x0001, 0xFFFF, 0x0004,
  0xFFFD, 0x0005, 0x0000, 0x0003,  0xFFFF, 0x0002, 0xFFFE, 0x0004,
  0xFFFA, 0x0005, 0xFFFC, 0x0000,  0x0002, 0xFFFC, 0x0003, 0xFFFE,
  0x0000, 0x0000, 0x0000, 0xFFFC,  0x0002, 0xFFFE, 0x0002, 0x0000,
  0x0003, 0x0000, 0x0001, 0xFFFD,  0x0002, 0xFFFF, 0x0000, 0x0001,
  0xFFFE, 0x0003, 0xFFFE, 0x0003,  0xFFFF, 0x0002, 0xFFFF, 0x0001,
  0x0000, 0xFFFF, 0x0001, 0xFFFF,  0x0002, 0x0000, 0x0000, 0x0001,
  0xFFFF, 0x0004, 0xFFFE, 0x0001,  0x0001, 0x0000, 0x0002, 0x0000,
  0x0002, 0x0002, 0x0003, 0x0002,  0x0002, 0x0003, 0x0000, 0x0003,
  0x0000, 0x0001, 0x0004, 0x0004,  0xFFFF, 0x0006, 0xFFFB, 0x0006,
  0xFFFF, 0x0000, 0x0005, 0xFFFF,  0x0000, 0x0003, 0xFFFE, 0x0001,
  0xFFFF, 0x0001, 0x0000, 0x0003,  0xFFFF, 0x0002, 0xFFFF, 0x0002,
  0x0000, 0x0001, 0x0001, 0x0000,  0xFFFF, 0x0002, 0xFFFE, 0x0003,
  0xFFFC, 0x0003, 0xFFFE, 0x0004,  0xFFFF, 0x0001, 0x0001, 0x0000,
  0x0001, 0xFFFF, 0x0002, 0x0000,  0x0002, 0x0000, 0x0002, 0x0000,
  0x0002, 0x0003, 0xFFFF, 0x0001,  0x0002, 0x0000, 0x0002, 0x0001,
  0xFFFE, 0x0004, 0xFFFE, 0x0003,  0x0000, 0x0001, 0x0001, 0x0000,
  0x0002, 0x0000, 0x0002, 0x0001,  0x0001, 0x0001, 0x0001, 0x0003,
  0xFFFE, 0x0002, 0x0005, 0x0005,  0x0002, 0xFFFF, 0x0001, 0x0000,
  0x0001, 0xFFFE, 0x0006, 0x0000,  0x0003, 0x0000, 0x0000, 0x0003,
  0x0001, 0x0002, 0x0000, 0x0001,  0xFFFF, 0x0002, 0x0000, 0x0002,
  0xFFFE, 0x0003, 0xFFFE, 0x0002,  0x0002, 0x0000, 0x0001, 0x0001,
  0x0001, 0x0000, 0x0001, 0xFFFD,  0xFFFF, 0xFFFF, 0x0000, 0xFFFD,
  0x0001, 0xFFFF, 0xFFFD, 0x0001,  0xFFFE, 0x0000, 0x0001, 0x0000,
  0x0001, 0xFFFF, 0x0002, 0xFFFE,  0x0004, 0xFFFC, 0x0003, 0xFFFD,
  0x0002, 0xFFFF, 0x0000, 0x0000,  0x0000, 0x0000, 0x0000, 0xFFFE,
  0x0000, 0xFFFE, 0x0000, 0xFFFE,  0x0000, 0x0001, 0x0000, 0x0001,
  0x0002, 0x0000, 0xFFFF, 0x0001,  0xFFFC, 0x0005, 0xFFFB, 0x0006,
  0xFFFB, 0x0004, 0x0000, 0x0001,  0x0001, 0x0001, 0x0000, 0x0002,
  0x0001, 0x0001, 0x0000, 0x0001,  0xFFFF, 0x0002, 0xFFFE, 0x0001,
  0xFFFF, 0x0001, 0xFFFF, 0xFFFF,  0x0001, 0x0000, 0x0000, 0x0000,
  0xFFFF, 0x0001, 0xFFFF, 0x0000,  0xFFFE, 0x0002, 0xFFFE, 0x0002,
  0x0000, 0xFFFE, 0x0003, 0xFFFF,  0x0002, 0xFFFF, 0x0001, 0x0000,
  0x0001, 0x0000, 0x0002, 0x0003,  0x0002, 0x0000, 0x0003, 0xFFFD,
  0x0004, 0xFFFD, 0x0004, 0x0000,  0x0002, 0xFFFF, 0x0003, 0x0000,
  0x0004, 0x0001, 0x0001, 0xFFFF,  0x0002, 0x0000, 0x0003, 0x0002,
  0x0000, 0x0002, 0x0003, 0x0003,  0x0004, 0x0000, 0x0002, 0x0002,
  0x0000, 0x0003, 0x0000, 0x0003,  0x0000, 0x0001, 0x0002, 0x0001,
  0x0003, 0x0003, 0x0000, 0x0003,  0xFFFF, 0x0003, 0xFFFD, 0x0004,
  0xFFFB, 0x0003, 0xFFFF, 0x0001,  0x0001, 0xFFFE, 0x0001, 0xFFFE,
  0x0000, 0xFFFF, 0x0000, 0xFFFF,  0xFFFF, 0xFFFE, 0x0001, 0xFFFD,
  0x0002, 0xFFFD, 0x0001, 0xFFFD,  0xFFFF, 0x0000, 0xFFFC, 0x0001,
  0xFFFE, 0x0000, 0xFFFE, 0xFFFD,  0x0001, 0xFFFC, 0x0003, 0xFFFD,
  0xFFFF, 0x0000, 0xFFFD, 0x0002,  0x0000, 0xFFFF, 0x0004, 0xFFFE,
  0x0007, 0xFFFD, 0x0004, 0xFFFC,  0x0003, 0xFFFF, 0x0001, 0xFFFF,
  0x0000, 0x0001, 0xFFFE, 0x0005,  0xFFFE, 0x0003, 0xFFFF, 0x0002,
  0x0002, 0x0002, 0xFFFF, 0x0000,  0xFFFE, 0x0003, 0x0000, 0xFFFF,
  0x0001, 0x0000, 0x0000, 0x0003,  0xFFFD, 0x0003, 0xFFFE, 0x0003,
  0xFFFD, 0x0004, 0xFFFD, 0x0004,  0xFFFF, 0x0000, 0x0001, 0xFFFC,
  0x0004, 0xFFFD, 0x0005, 0xFFFA,  0x0007, 0xFFFC, 0x0004, 0xFFFF,
  0x0001, 0x0003, 0x0001, 0x0003,  0x0000, 0x0001, 0x0001, 0x0001,
  0x0001, 0xFFFF, 0x0004, 0x0001,  0x0003, 0x0001, 0xFFFF, 0x0003,
  0xFFFD, 0x0003, 0x0000, 0xFFFF,  0x0001, 0xFFFD, 0x0001, 0xFFFC,
  0x0001, 0xFFFB, 0xFFFF, 0xFFFD,  0x0000, 0xFFFE, 0x0000, 0x0001,
  0xFFFE, 0x0001, 0x0001, 0x0001,  0xFFFF, 0x0000, 0xFFFF, 0x0001,
  0xFFFF, 0x0002, 0xFFFE, 0x0003,  0xFFFE, 0x0001, 0x0003, 0xFFFC,
  0x0005, 0xFFFD, 0xFFFF, 0x0000,  0x0000, 0x0001, 0x0002, 0xFFFD,
  0x0006, 0xFFFC, 0x0002, 0xFFFD,  0x0001, 0xFFFF, 0x0001, 0x0000,
  0xFFFF, 0x0001, 0x0000, 0x0004,  0xFFFF, 0x0000, 0xFFFF, 0x0000,
  0x0002, 0xFFFE, 0x0006, 0xFFFE,  0x0005, 0xFFFF, 0x0003, 0x0000,
  0x0004, 0xFFFF, 0x0004, 0xFFFB,  0x0005, 0xFFFE, 0x0002, 0x0000,
  0x0000, 0xFFFF, 0x0001, 0x0002,  0x0000, 0x0002, 0x0001, 0x0001,
  0x0002, 0x0001, 0x0003, 0xFFFF,  0x0003, 0xFFFD, 0x0004, 0xFFFC,
  0x0004, 0xFFFF, 0x0003, 0x0002,  0x0002, 0x0001, 0x0000, 0x0002,
  0xFFFD, 0xFFFF, 0x0003, 0x0000,  0x0000, 0x0001, 0xFFFD, 0x0003,
  0xFFFD, 0x0004, 0xFFFE, 0x0004,  0xFFFF, 0x0001, 0x0002, 0xFFFF,
  0x0002, 0x0000, 0xFFFF, 0x0004,  0xFFFD, 0x0003, 0xFFFE, 0x0003,
  0xFFFE, 0x0004, 0xFFFD, 0x0002,  0xFFFF, 0x0000, 0x0001, 0x0003,
  0x0000, 0x0002, 0x0001, 0x0001,  0x0002, 0x0003, 0x0002, 0x0002,
  0x0003, 0x0004, 0xFFFD, 0x0001,  0xFFFD, 0x0003, 0xFFFD, 0x0003,
  0xFFFE, 0x0002, 0x0000, 0xFFFF,  0x0005, 0xFFFE, 0x0005, 0x0001,
  0x0002, 0x0004, 0xFFFF, 0x0001,  0x0000, 0x0002, 0x0000, 0x0003,
  0xFFFE, 0x0004, 0xFFFD, 0x0003,  0xFFFF, 0x0003, 0xFFFD, 0x0003,
  0x0001, 0x0001, 0x0002, 0xFFF9,  0x0004, 0xFFFD, 0x0007, 0xFFFB,
  0x0009, 0xFFFD, 0x0003, 0xFFFC,  0x0004, 0xFFFC, 0x0005, 0xFFFF,
  0x0005, 0x0000, 0x0005, 0x0005,  0xFFFE, 0x0006, 0xFFFC, 0x0007,
  0xFFFF, 0x0005, 0x0001, 0x0005,  0xFFFF, 0x0003, 0xFFFF, 0x0000,
  0x0000, 0x0000, 0x0001, 0x0001,  0x0001, 0x0000, 0x0001, 0xFFFF,
  0x0001, 0x0000, 0xFFFD, 0xFFFD,  0xFFFE, 0x0002, 0xFFFF, 0x0001,
  0x0003, 0x0002, 0xFFFD, 0x0002,  0xFFFD, 0x0003, 0xFFFE, 0x0003,
  0x0000, 0x0002, 0xFFFF, 0x0002,  0xFFFF, 0x0002, 0x0000, 0x0000,
  0x0001, 0x0000, 0x0002, 0xFFFA,  0x0001, 0xFFFF, 0x0000, 0xFFFF,
  0x0002, 0xFFFF, 0x0000, 0x0001,  0x0000, 0x0001, 0xFFFF, 0x0000,
  0x0004, 0x0004, 0x0004, 0xFFFE,  0x0004, 0x0000, 0x0003, 0xFFFE,
  0x0002, 0xFFFD, 0x0007, 0x0002,  0x0005, 0xFFFC, 0x0001, 0xFFFE,
  0x0002, 0xFFFB, 0x0003, 0xFFFC,  0xFFFE, 0xFFFF, 0xFFFC, 0x0000,
  0xFFFC, 0xFFFF, 0xFFFF, 0xFFFD,  0x0000, 0xFFFF, 0xFFFB, 0xFFFF,
  0xFFFC, 0xFFFF, 0xFFFF, 0xFFFD,  0xFFFE, 0xFFFF, 0xFFFD, 0xFFFC,
  0xFFFC, 0xFFF7, 0xFFFF, 0xFFFD,  0x0000, 0xFFFF, 0x0000, 0x0000,
  0x0001, 0x0002, 0xFFFC, 0x0001,  0xFFFD, 0x0002, 0x0002, 0xFFFF,
  0x0003, 0x0001, 0x0000, 0x0003,  0x0002, 0xFFFF, 0xFFFE, 0x0000,
  0xFFFD, 0x0001, 0xFFFD, 0x0001,  0xFFFF, 0xFFFF, 0xFFFF, 0xFFFE,
  0x0002, 0xFFFE, 0x0001, 0xFFFE,  0x0000, 0xFFFD, 0xFFFF, 0xFFFE,
  0xFFF9, 0x0001, 0xFFFE, 0x0006,  0xFFFE, 0xFFFF, 0xFFFB, 0xFFFF,
  0xFFFA, 0xFFFD, 0x0000, 0xFFFF,  0x0000, 0xFFFF, 0x0000, 0x0002,
  0x0002, 0x0000, 0x0000, 0xFFFF,  0xFFFD, 0x0004, 0xFFFF, 0x0001,
  0xFFFF, 0xFFFE, 0x0002, 0x0002,  0x0005, 0x0001, 0x0005, 0x0007,
  0x0000, 0x0003, 0x0000, 0xFFFD,  0xFFFE, 0xFFFF, 0xFFFD, 0xFFFC,
  0x0002, 0xFFFE, 0x0000, 0xFFFE,  0x0006, 0xFFFA, 0x0006, 0xFFFA,
  0x0005, 0x0000, 0x000C, 0x0004,  0x0006, 0x0000, 0x0005, 0xFFFB,
  0x0004, 0xFFFC, 0x0002, 0xFFFF,  0x0002, 0x0000, 0x0004, 0x0005,
  0xFFFD, 0x0001, 0xFFFE, 0x0003,  0xFFFE, 0x0005, 0x0001, 0x000A,
  0x0001, 0x000A, 0x0000, 0xFFFE,  0x0002, 0xFFFF, 0x0002, 0x0004,
  0xFFFD, 0x0005, 0x0002, 0x0006,  0x0002, 0xFFFF, 0x0004, 0x0000,
  0x0001, 0x0001, 0x0001, 0xFFFE,  0xFFFC, 0x0000, 0xFFFC, 0x0000,
  0xFFF9, 0xFFFF, 0xFFF8, 0x0001,  0xFFFC, 0x0000, 0xFFFC, 0xFFFC,
  0xFFFE, 0xFFFF, 0xFFFC, 0xFFFC,  0xFFFB, 0xFFFF, 0xFFFA, 0xFFFF,
  0xFFFB, 0xFFFB, 0x0007, 0xFFFE,  0xFFFE, 0xFFFB, 0xFFFB, 0x0007,
  0xFFF2, 0xFFEF, 0xFFFD, 0xFFF9,  0xFFFD, 0xFFFA, 0xFFF9, 0xFFFB,
  0xFFFB, 0xFFF8, 0xFFFF, 0xFFFA,  0xFFFF, 0x0000, 0xFFFF, 0x0002,
  0x0008, 0x0006, 0x0002, 0x0004,  0xFFFF, 0x0003, 0x0001, 0xFFFF,
  0x0002, 0xFFFD, 0x0001, 0x0001,  0x0003, 0x0004, 0x0005, 0x0010,
  0x0007, 0x000C, 0x0002, 0x0002,  0xFFFD, 0xFFFE, 0xFFFA, 0x000B,
  0x0016, 0x0013, 0x000A, 0x0008,  0x0001, 0xFFFD, 0xFFFB, 0xFFFC,
  0xFFFA, 0xFFF8, 0x0009, 0x0008,  0x0009, 0x0002, 0x0004, 0xFFF8,
  0xFFF4, 0xFFFB, 0xFFFC, 0x0001,  0x0007, 0x0007, 0x000F, 0x000E,
  0x0007, 0x0000, 0x000B, 0x0005,  0x0006, 0x0003, 0x0004, 0x0001,
  0x000B, 0x0002, 0xFFFE, 0xFFF9,  0xFFFF, 0x0000, 0xFFF6, 0xFFF7,
  0xFFF8, 0xFFFA, 0xFFFB, 0x0000,  0x0000, 0xFFF6, 0xFFFB, 0x0001,
  0xFFF7, 0xFFF5, 0x0008, 0xFFFB,  0x0003, 0x0002, 0x000E, 0x0004,
  0xFFFD, 0x0002, 0xFFF5, 0x0012,  0xFFF8, 0x0000, 0x0008, 0x0010,
  0xFFF2, 0x0001, 0x0007, 0x0004,  0xFFF3, 0x0005, 0x0006, 0x0001,
  0x0002, 0x0000, 0x0012, 0xFFF8,  0xFFFC, 0xFFFA, 0xFFFC, 0xFFFD,
  0xFFFE, 0xFFF3, 0x0005, 0xFFFB,  0xFFFA, 0x0004, 0x0003, 0xFFF1,
  0x000C, 0xFFF8, 0xFFFF, 0xFFF9,  0xFFFD, 0x0016, 0x0002, 0x000F,
  0xFFFB, 0x0004, 0xFFF4, 0x0000,  0x0005, 0xFFFE, 0x0017, 0x000C,
  0x0016, 0xFFF5, 0x0007, 0xFFDE,  0xFFF7, 0xFFE5, 0xFFFF, 0xFFFC,
  0xFFF6, 0xFFFE, 0x0029, 0xFFF9,  0xFFBF, 0x001C, 0xFFB2, 0x0036,
  0x003B, 0xFFEC, 0x000C, 0xFFDC,  0xFFE9, 0xFFF7, 0x0011, 0x0006,
  0x0003, 0x0019, 0xFFF8, 0xFFF1,  0xFFE2, 0xFFC7, 0xFFF5, 0xFFF4,
  0x0015, 0x0034, 0x001A, 0x001D,  0x0035, 0x0020, 0x0003, 0x0024,
  0x0030, 0x0028, 0x0049, 0x0028,  0x003C, 0x001F, 0xFFF3, 0xFFF0,
  0xFFE5, 0xFFEB, 0xFFF2, 0x0042,  0x0038, 0x0062, 0x0052, 0x0052,
  0x0058, 0x002A, 0x0068, 0x0085,  0x00E6, 0x00AE, 0x00DA, 0x011E,
  0x011F, 0x012E, 0x00C6, 0x0104,  0x00C1, 0x00DE, 0x00E7, 0x015F,
  0x0143, 0x010B, 0x0106, 0x00E8,  0x00AB, 0x001F, 0xFFED, 0xFFCE,
  0xFFE2, 0xFF8B, 0xFFCE, 0xFF3C,  0xFF35, 0xFE8D, 0xFE3B, 0xFDD4,
  0xFD0A, 0xFC15, 0xFBBD, 0xFC33,  0xFBD7, 0xFB97, 0xFB20, 0xFBA7,
  0xFC0F, 0xFCF2, 0xFDAD, 0xFEAD,  0xFF26, 0x0059, 0x0292, 0x0479,
  0x0555, 0x04E3, 0x04B4, 0x03B3,  0x019B, 0x00AB, 0xFE9E, 0xFE2C,
  0xFEDF, 0x00DB, 0x0339, 0x0499,  0x046A, 0x028B, 0x0151, 0xFDDF,
  0xFC11, 0xF6A0, 0xF65D, 0xF629,  0xF705, 0xFA48, 0xFDC1, 0x02B7,
  0x0A0F, 0x1121, 0x1481, 0x121C,  0x0DB5, 0x07DB, 0x0530, 0x00E8,
  0xF4D9, 0xFBDF, 0xFD56, 0x030B,  0xF74F, 0xEA45, 0xE66C, 0xE016,
  0xDDF6, 0xE85E, 0xFD43, 0x0202,  0x0B75, 0x135E, 0x1A97, 0x15C4,
  0x0B1D, 0xFB8F, 0xF691, 0xF88F,  0xF8FA, 0xFE82, 0x0019, 0xFE91,
  0xFF9E, 0xFF94, 0xFB94, 0xF498,  0xEF0A, 0xF2B0, 0xFC3F, 0x058B,
  0x0665, 0x07C5, 0x0A7F, 0x0E26,  0x0EB7, 0x1027, 0x10E3, 0x11FE,
  0x15B0, 0x17EC, 0x152B, 0x0CFB,  0x0422, 0x0160, 0xFFDA, 0xFCA3,
  0xF843, 0xF5AD, 0xF76F, 0xF870,  0xFA5E, 0xF8F9, 0xF912, 0xF920,
  0xFBBE, 0x005B, 0x0322, 0x03EC,  0x0364, 0x056D, 0x06A5, 0x05B0,
  0x03CC, 0x033C, 0x042E, 0x0643,  0x0786, 0x05F0, 0x0189, 0xFD9E,
  0xFAB3, 0xF958, 0xF6D7, 0xF5A8,  0xF674, 0xF86D, 0xFB88, 0xFC8C,
  0xFD43, 0xFBEE, 0xFAA9, 0xFA1B,  0xF9F9, 0xF720, 0xF481, 0xF3BB,
  0xF208, 0xEFC4, 0xED9F, 0xEF0D,  0xF275, 0xF88E, 0xFE43, 0x02ED,
  0x0908, 0x0BC6, 0x0CEF, 0x0E4B,  0x10AF, 0x0E50, 0x0CBF, 0x0F40,
  0x0E64, 0x0C02, 0x087D, 0x0551,  0x0141, 0xFEAD, 0xFA72, 0xF9A7,
  0xFACC, 0xFC1F, 0xFD1F, 0x0184,  0x049A, 0x06FE, 0x0787, 0x0771,
  0x0965, 0x091B, 0x0B05, 0x0CA8,  0x11AA, 0x0F5E, 0x0D96, 0x0BCD,
  0x0A49, 0x0506, 0xFE2F, 0xF81B,  0xF7E2, 0xF80D, 0xF8E3, 0xFA43,
  0xF9D2, 0xF9F2, 0xF6FF, 0xF5A2,  0xF096, 0xEDED, 0xE960, 0xEB8F,
  0xEBB1, 0xEAD7, 0xE552, 0xE0AB,  0xDB63, 0xDA60, 0xD793, 0xDA1B,
  0xDEEC, 0xE78A, 0xF5C0, 0x02E1,  0x12C3, 0x170B, 0x1CE4, 0x18BE,
  0x1DE5, 0x191A, 0x13BF, 0x1205,  0x1071, 0x1205, 0x1138, 0x0E35,
  0x0860, 0x0232, 0xFCDF, 0xFDF0,  0xFCCB, 0xFD86, 0xFE98, 0x05E1,
  0x0BA6, 0x12D8, 0x13BB, 0x1584,  0x172F, 0x1767, 0x1746, 0x18F5,
  0x16EA, 0x1497, 0x15C3, 0x1434,  0x10A2, 0x081E, 0x0152, 0xFEFA,
  0x0049, 0xFF9A, 0xFB7D, 0xF4FF,  0xF467, 0xF46D, 0xF871, 0xF81A,
  0xF6DC, 0xF3BC, 0xF321, 0xF06F,  0xECD9, 0xE8A2, 0xE4A9, 0xE469,
  0xE41C, 0xE539, 0xE0A4, 0xDD19,  0xD559, 0xD697, 0xD978, 0xDD0A,
  0xE427, 0xF482, 0x048E, 0x0ECC,  0x16FB, 0x1B9E, 0x1EDB, 0x1A18,
  0x198A, 0x168F, 0x13B8, 0x11FC,  0x0F54, 0x0E2B, 0x0E3B, 0x0863,
  0x00B0, 0xFDEF, 0xFD3A, 0xFEF5,  0x02FD, 0x0812, 0x0C7D, 0x11D3,
  0x173F, 0x193D, 0x1955, 0x1787,  0x14E9, 0x14C8, 0x14D4, 0x12F0,
  0x1005, 0x0EAA, 0x0B51, 0x09CC,  0x05BB, 0x0111, 0xFB90, 0xFA69,
  0xF82F, 0xF80A, 0xF6CE, 0xF3B9,  0xF1F4, 0xF1EC, 0xEED4, 0xE58B,
  0xDFC1, 0xDDFF, 0xE5B2, 0xE9C8,  0xEC65, 0xE559, 0xE018, 0xDCB0,
  0xDD87, 0xDB63, 0xDC28, 0xDEB6,  0xE926, 0xF80C, 0x0618, 0x0EEB,
  0x0DE9, 0x0F8B, 0x0DA9, 0x133D,  0x1060, 0x1044, 0x0E83, 0x10B5,
  0x108D, 0x0FC7, 0x0D9D, 0x05F9,  0x005D, 0x005B, 0x027B, 0x079E,
  0x0B7E, 0x0B76, 0x0DDE, 0x112C,  0x1271, 0x1099, 0x12A4, 0x1272,
  0x16F0, 0x1910, 0x1BD1, 0x16DE,  0x1205, 0x1038, 0x0FEF, 0x0F0C,
  0x093E, 0x0437, 0x02B1, 0xFF86,  0xFC3C, 0xF697, 0xF167, 0xED68,
  0xED0F, 0xEF04, 0xED20, 0xEAC1,  0xE690, 0xE5E7, 0xE348, 0xE3AC,
  0xE20A, 0xE3AF, 0xE199, 0xE537,  0xE52A, 0xEC1D, 0xEDF0, 0xED34,
  0xF28F, 0xFC42, 0x06BB, 0x06BE,  0x0FC0, 0x0CCB, 0x122F, 0x0D80,
  0x0FD8, 0x0B2C, 0x0779, 0x0907,  0x04F1, 0x0A22, 0x0646, 0x05C7,
  0x0106, 0x0778, 0x0475, 0x078B,  0x0B82, 0x0E74, 0x111B, 0x145B,
  0x1582, 0x12CA, 0x1482, 0x1029,  0x13F7, 0x1101, 0x11A1, 0x1049,
  0x156F, 0x128D, 0x0B43, 0x0488,  0xFEE7, 0xFE8E, 0xFDA9, 0xF930,
  0xF468, 0xF409, 0xF364, 0xEF93,  0xE9F4, 0xE439, 0xDEA5, 0xE2C1,
  0xE006, 0xE4A7, 0xE475, 0xE4AB,  0xDF68, 0xDFF9, 0xDD15, 0xDFBF,
  0xE194, 0xE6CC, 0xF4B8, 0x04C1,  0x1392, 0x0FD6, 0x16CB, 0x0F40,
  0x1546, 0x0D4E, 0x0AE8, 0x0BF7,  0x0BA0, 0x12DA, 0x0FFD, 0x11D6,
  0x087D, 0x018B, 0xFA11, 0xFC68,  0x00B5, 0x0124, 0x06F3, 0x1094,
  0x16C6, 0x1896, 0x14A4, 0x11ED,  0x0E59, 0x0EC0, 0x11E0, 0x1367,
  0x16F5, 0x1710, 0x1B52, 0x1812,  0x12A7, 0x09E1, 0x02D9, 0x01A6,
  0xFD30, 0xFA4E, 0xF326, 0xEFAD,  0xEC25, 0xE91D, 0xE6A6, 0xDEB1,
  0xDB36, 0xDFD0, 0xE5E6, 0xE9A6,  0xE890, 0xE94E, 0xE544, 0xE2C4,
  0xDDE0, 0xDEDB, 0xE466, 0xEAF9,  0xFA94, 0x0402, 0x1000, 0x0EB9,
  0x133E, 0x0F4B, 0x0BE5, 0x0D5D,  0x0C35, 0x10E7, 0x1331, 0x19FD,
  0x185A, 0x1345, 0x0A9A, 0x026D,  0xFC5C, 0xFD6B, 0xFE7E, 0x02CF,
  0x08D5, 0x0DD7, 0x1373, 0x1529,  0x1133, 0x09A9, 0x0C57, 0x0A54,
  0x0CEC, 0x1293, 0x145D, 0x18A3,  0x1758, 0x16CB, 0x0E38, 0x09C0,
  0xFF31, 0xFABB, 0xFA9A, 0xF452,  0xF024, 0xE96B, 0xE61D, 0xE176,
  0xE00D, 0xDB5E, 0xDADB, 0xD9A9,  0xDD83, 0xDE33, 0xDF17, 0xDEEA,
  0xDBC9, 0xDC16, 0xDC72, 0xE469,  0xEC6F, 0xF9ED, 0x092B, 0x10CB,
  0x1593, 0x1348, 0x14AC, 0x14C2,  0x15AA, 0x1A62, 0x1708, 0x1D2D,
  0x1D98, 0x1D4F, 0x1653, 0x0CAA,  0x0134, 0xFA33, 0xFA98, 0xFB28,
  0x009F, 0x04C0, 0x0C55, 0x0E8A,  0x12CB, 0x0F15, 0x0E53, 0x0E6C,
  0x1227, 0x18A2, 0x1B55, 0x1E31,  0x1BE1, 0x1C2A, 0x185C, 0x12E3,
  0x09EE, 0x0143, 0xFC30, 0xFBA1,  0xF764, 0xF124, 0xE845, 0xDEAD,
  0xD971, 0xD74D, 0xD869, 0xD5BC,  0xD633, 0xD45D, 0xD8C3, 0xD9C5,
  0xDD08, 0xDE5D, 0xE27A, 0xEA41,  0xEDE7, 0xF8F8, 0xFCBE, 0x061F,
  0x0652, 0x0990, 0x0F89, 0x111A,  0x15AF, 0x17F3, 0x1B4E, 0x1D51,
  0x1AF0, 0x173D, 0x1429, 0x0EED,  0x0A4B, 0x0555, 0x048C, 0x035D,
  0x0435, 0x0560, 0x089C, 0x09BC,  0x0ACB, 0x0CF3, 0x1018, 0x14BA,
  0x1500, 0x16EC, 0x186C, 0x1920,  0x1AA7, 0x1B17, 0x19A4, 0x1503,
  0x0EF2, 0x07BE, 0xFFC9, 0xF67F,  0xEE85, 0xE6CC, 0xE335, 0xE04D,
  0xDDD8, 0xDC1A, 0xD74B, 0xD3B2,  0xCF52, 0xD203, 0xD157, 0xD392,
  0xD1EA, 0xD975, 0xE010, 0xE91A,  0xEFBF, 0xF7C6, 0x058D, 0x0452,
  0x0F46, 0x0FE5, 0x1A07, 0x197B,  0x1DA2, 0x2121, 0x1FCE, 0x201D,
  0x1705, 0x185C, 0x0FA3, 0x0C0A,  0x0394, 0x051B, 0x016E, 0x0277,
  0x06E2, 0x0572, 0x0B02, 0x099E,  0x0D8B, 0x0E75, 0x1506, 0x185E,
  0x1D01, 0x2089, 0x1AD5, 0x1A30,  0x188D, 0x191A, 0x143E, 0x0FB9,
  0x0C2E, 0x044B, 0x01D5, 0xF963,  0xF412, 0xEB1D, 0xE29E, 0xDC26,
  0xD658, 0xD914, 0xD5AE, 0xD4B2,  0xCFEA, 0xD087, 0xCEE9, 0xD0B9,
  0xCFB2, 0xD48A, 0xDC97, 0xE392,  0xF015, 0xFB0E, 0x0845, 0x027A,
  0x0F56, 0x1391, 0x18A4, 0x1F4E,  0x2022, 0x2560, 0x2314, 0x2793,
  0x1EC7, 0x1A62, 0x125C, 0x0751,  0x0547, 0x037F, 0x01DE, 0x021E,
  0x0693, 0x0843, 0x095B, 0x0B09,  0x08F8, 0x09D1, 0x0BB7, 0x1069,
  0x16E9, 0x1B28, 0x1C7B, 0x1D17,  0x1F14, 0x1B48, 0x1695, 0x0E43,
  0x05F1, 0xFD4E, 0xF8C8, 0xF2CD,  0xEC7D, 0xE6AB, 0xDF0E, 0xDB82,
  0xD685, 0xD322, 0xCD60, 0xCC51,  0xCC8A, 0xCE3D, 0xCED0, 0xD2D2,
  0xD4A1, 0xDCE8, 0xE1A1, 0xECFC,  0xFBCF, 0xFE80, 0x08F4, 0x0E93,
  0x1D4D, 0x1E4E, 0x244C, 0x2693,  0x2604, 0x2988, 0x2428, 0x2395,
  0x198A, 0x15EA, 0x0DAF, 0x0A16,  0x0754, 0x020C, 0x01F0, 0x039A,
  0x06A8, 0x05CE, 0x08A5, 0x09A0,  0x0BFC, 0x103B, 0x146D, 0x164D,
  0x15C6, 0x1926, 0x193B, 0x18ED,  0x13B1, 0x0DC1, 0x0863, 0x02D5,
  0x01ED, 0xFB16, 0xF3FC, 0xE657,  0xDFB4, 0xDC27, 0xD9D3, 0xD304,
  0xCBAA, 0xCD91, 0xCA1E, 0xCC83,  0xCA79, 0xCF64, 0xD2E2, 0xDBBB,
  0xE27C, 0xF147, 0xFC6C, 0xFCD8,  0x0938, 0x0D67, 0x193C, 0x1974,
  0x22D1, 0x2642, 0x2667, 0x2C61,  0x2714, 0x2764, 0x1DF0, 0x1582,
  0x10A3, 0x0EC0, 0x0B40, 0x080D,  0x0ACD, 0x07EE, 0x09B5, 0x0945,
  0x0840, 0x051B, 0x0234, 0x095F,  0x0D22, 0x1222, 0x125E, 0x1515,
  0x14B3, 0x15B0, 0x11F1, 0x0B67,  0x03C9, 0xFB3E, 0xF7F1, 0xF25E,
  0xED7B, 0xE5F7, 0xE564, 0xE298,  0xDE74, 0xD9CB, 0xD1C2, 0xCD28,
  0xCC99, 0xCDCC, 0xD035, 0xD04B,  0xD8C0, 0xDD8F, 0xEA51, 0xF5A0,
  0xF906, 0xFC43, 0x0095, 0x0BDF,  0x0F58, 0x1B36, 0x1E65, 0x247F,
  0x2A6B, 0x2CA2, 0x2E85, 0x2882,  0x22D6, 0x1B07, 0x1721, 0x1479,
  0x121D, 0x10A8, 0x1095, 0x0F0A,  0x0B96, 0x0941, 0x047D, 0x0002,
  0x00E4, 0x0490, 0x0AA5, 0x0DCB,  0x122A, 0x12DE, 0x123D, 0x0E31,
  0x044F, 0xFBE4, 0xF344, 0xF125,  0xEE3E, 0xED6E, 0xE947, 0xE7DC,
  0xE50F, 0xE186, 0xDEEF, 0xD745,  0xD3FE, 0xD0A3, 0xD014, 0xD0F2,
  0xD3CB, 0xD92F, 0xDFDC, 0xEB13,  0xF6A2, 0xF83A, 0xFCF5, 0x02CE,
  0x0A0E, 0x1039, 0x17D0, 0x1D19,  0x215C, 0x290E, 0x2C82, 0x2F66,
  0x27D5, 0x2269, 0x1BAA, 0x16A9,  0x140D, 0x1351, 0x1301, 0x130D,
  0x1392, 0x1172, 0x0EFB, 0x0812,  0x048F, 0x02D6, 0x0635, 0x0879,
  0x0B2E, 0x0FE7, 0x0E7D, 0x0E3C,  0x07A0, 0xFF26, 0xF472, 0xEC30,
  0xE8B6, 0xE4B8, 0xE613, 0xE492,  0xE694, 0xE437, 0xE0F8, 0xDB3A,
  0xD60C, 0xD30C, 0xD337, 0xD3CF,  0xD67D, 0xDE74, 0xE22D, 0xEE39,
  0xF553, 0xF98C, 0xF9EF, 0xFD1D,  0x0520, 0x08EB, 0x12A2, 0x1A6C,
  0x1ED2, 0x278B, 0x2ACC, 0x2C90,  0x287D, 0x2271, 0x1D99, 0x18F3,
  0x192F, 0x15FE, 0x189B, 0x1726,  0x16B1, 0x1485, 0x0F63, 0x09D9,
  0x0329, 0x02A9, 0x040A, 0x06B9,  0x0AD3, 0x0D2C, 0x0D1E, 0x0B42,
  0x049E, 0xFB87, 0xF273, 0xEBD2,  0xE91A, 0xE6A2, 0xE746, 0xE71C,
  0xE69C, 0xE607, 0xE008, 0xDB88,  0xD470, 0xD2F9, 0xD083, 0xD3F5,
  0xD6E7, 0xDE39, 0xE4B0, 0xEDA5,  0xF9B0, 0xF8B0, 0xFD9D, 0xFE52,
  0x0845, 0x0B69, 0x1347, 0x1A3D,  0x1D7B, 0x26FA, 0x2885, 0x2B40,
  0x2662, 0x210D, 0x1B53, 0x1923,  0x17F1, 0x14A4, 0x15F5, 0x16FB,
  0x16FC, 0x1592, 0x11EC, 0x0B7F,  0x0624, 0x044E, 0x0433, 0x0626,
  0x076E, 0x09D1, 0x0958, 0x0862,  0x034A, 0xFBAD, 0xF4FA, 0xED2D,
  0xEB4B, 0xE966, 0xE74E, 0xE601,  0xE595, 0xE504, 0xE170, 0xDC33,
  0xD5A0, 0xD23F, 0xD0AE, 0xD35E,  0xD7BF, 0xDE9D, 0xE409, 0xEF25,
  0xF99E, 0xF914, 0xFD7A, 0x0161,  0x06D9, 0x0BBC, 0x12EB, 0x183F,
  0x1DF5, 0x2662, 0x2823, 0x2A3C,  0x2811, 0x2166, 0x1C76, 0x1B79,
  0x19EB, 0x1668, 0x1858, 0x1885,  0x179E, 0x1628, 0x1224, 0x0CC5,
  0x0675, 0x049D, 0x0395, 0x0445,  0x03EE, 0x04DC, 0x051E, 0x0255,
  0xFD1B, 0xF696, 0xEFFB, 0xE96F,  0xE83C, 0xE629, 0xE805, 0xE91D,
  0xE9B0, 0xEA51, 0xE5F0, 0xE0A3,  0xDA5D, 0xD8BC, 0xD481, 0xD837,
  0xDB08, 0xE10A, 0xEA65, 0xF474,  0xF95F, 0xF822, 0x00D0, 0xFFCC,
  0x05DA, 0x0AA1, 0x0FDA, 0x15F9,  0x1DA6, 0x26CE, 0x283F, 0x29D6,
  0x2587, 0x20AA, 0x1D8D, 0x1AB2,  0x168B, 0x1423, 0x16F4, 0x17BE,
  0x1775, 0x16E5, 0x10B1, 0x0C30,  0x06DD, 0x0656, 0x01A7, 0x003C,
  0xFFFF, 0x01C9, 0x0419, 0x0198,  0xFC62, 0xF4EF, 0xEDB0, 0xE67C,
  0xE501, 0xE100, 0xE2FD, 0xE466,  0xE7E9, 0xE999, 0xE65E, 0xE26B,
  0xDE00, 0xD8C4, 0xD7A2, 0xD85B,  0xDF2C, 0xE5A2, 0xF1B9, 0xF9A8,
  0xFB56, 0x0106, 0x006F, 0x03F1,  0x05F8, 0x0B0E, 0x0F99, 0x1957,
  0x21D6, 0x29FD, 0x2C49, 0x2AA2,  0x256C, 0x1F74, 0x1A64, 0x158D,
  0x1420, 0x13D0, 0x1847, 0x1A76,  0x1C09, 0x1871, 0x1243, 0x0AFB,
  0x081D, 0x0407, 0x009A, 0x0036,  0xFE41, 0xFFA6, 0xFECC, 0xF9B9,
  0xF150, 0xE815, 0xE227, 0xDEDD,  0xDEBB, 0xDD99, 0xE024, 0xE282,
  0xE5BC, 0xE669, 0xE44C, 0xDFBB,  0xDCF8, 0xDB9B, 0xDEB4, 0xE3E4,
  0xEAAA, 0xF569, 0xF9C8, 0x008C,  0x025A, 0x05EA, 0x0446, 0x08BF,
  0x0B27, 0x100A, 0x1980, 0x1F54,  0x26FC, 0x29AC, 0x2A01, 0x275C,
  0x22C4, 0x1C2E, 0x186E, 0x1555,  0x1524, 0x168E, 0x19AE, 0x17F6,
  0x17BE, 0x11C0, 0x0D80, 0x0771,  0x01E2, 0xFD24, 0xFB6F, 0xFB7E,
  0xF97E, 0xFA20, 0xF554, 0xF208,  0xEAE0, 0xE5D1, 0xDFE4, 0xDD91,
  0xDC93, 0xDFBE, 0xE25C, 0xE4E1,  0xE56D, 0xE541, 0xE1E6, 0xE10C,
  0xDF9D, 0xE053, 0xE70D, 0xEC52,  0xF6A8, 0xF94E, 0x000B, 0x0309,
  0x05D5, 0x07FC, 0x08C3, 0x0CB0,  0x0FD2, 0x17CF, 0x1E57, 0x2353,
  0x2707, 0x2692, 0x24BB, 0x2187,  0x1CFC, 0x18F1, 0x1709, 0x171E,
  0x186B, 0x19A0, 0x195B, 0x16EC,  0x144B, 0x0F64, 0x0A46, 0x0526,
  0xFF6E, 0xFCFE, 0xFA92, 0xF877,  0xF47A, 0xF10E, 0xEC28, 0xE78D,
  0xE1DA, 0xDE55, 0xDC1B, 0xDC15,  0xDE70, 0xE0A5, 0xE17A, 0xE2BA,
  0xE1AE, 0xE146, 0xE0B4, 0xE239,  0xE4F8, 0xE981, 0xF269, 0xF4EE,
  0xFBEE, 0xFE80, 0x03BA, 0x05A0,  0x09C3, 0x0D26, 0x0F1D, 0x1602,
  0x1A98, 0x204B, 0x22B4, 0x2506,  0x242E, 0x2337, 0x216F, 0x1E03,
  0x1C2E, 0x19BA, 0x1894, 0x188C,  0x1798, 0x1625, 0x12E5, 0x11B0,
  0x0DAB, 0x0B6B, 0x0604, 0x01F3,  0xFBDB, 0xF7E1, 0xF3BF, 0xEF29,
  0xEC17, 0xE74C, 0xE630, 0xE2B3,  0xE2B3, 0xDF73, 0xDF74, 0xDD76,
  0xDE4D, 0xDE93, 0xE055, 0xE008,  0xE16C, 0xE4AC, 0xE6A2, 0xEC83,
  0xF0C4, 0xF4C7, 0xF693, 0xFB65,  0xFEA9, 0x02B8, 0x0640, 0x0BF6,
  0x0EB1, 0x15C5, 0x1A95, 0x1F72,  0x2192, 0x225E, 0x2275, 0x2090,
  0x1FC9, 0x1D16, 0x1CFA, 0x1B70,  0x1C18, 0x1B2A, 0x1BF7, 0x18B3,
  0x168D, 0x1307, 0x1054, 0x0BA1,  0x069D, 0x0145, 0xFCCB, 0xF941,
  0xF571, 0xF175, 0xEDE4, 0xEABE,  0xE6EF, 0xE411, 0xDFD0, 0xDD8B,
  0xDAE3, 0xDBBC, 0xDAC1, 0xDC74,  0xDC7C, 0xDF83, 0xE0F0, 0xE48C,
  0xE578, 0xE92B, 0xED29, 0xEFA3,  0xF343, 0xF739, 0xFDC4, 0x0154,
  0x091D, 0x0D3F, 0x1301, 0x1712,  0x1BD6, 0x1E43, 0x2029, 0x20A7,
  0x2155, 0x2232, 0x23AC, 0x228F,  0x2274, 0x20B7, 0x1F5D, 0x1D64,
  0x1A92, 0x1756, 0x1237, 0x103E,  0x0D69, 0x0C55, 0x07D7, 0x055D,
  0x0089, 0xFC87, 0xF6BA, 0xF17F,  0xEB79, 0xE7FE, 0xE56B, 0xE3CD,
  0xE23E, 0xE099, 0xDF63, 0xDDD4,  0xDD0E, 0xDBF7, 0xDBD3, 0xDB93,
  0xDCEC, 0xDFA9, 0xE1D4, 0xE512,  0xEB23, 0xEEF5, 0xF346, 0xF50B,
  0xFC1F, 0xFF1C, 0x0513, 0x09E7,  0x0F21, 0x152F, 0x19DA, 0x2051,
  0x22D4, 0x262A, 0x263F, 0x273B,  0x26CC, 0x255A, 0x22ED, 0x21B2,
  0x1FD3, 0x1E61, 0x1CE5, 0x1AD2,  0x1712, 0x145B, 0x1148, 0x0D5F,
  0x07CC, 0x0254, 0xFD14, 0xF859,  0xF512, 0xF12B, 0xEEB1, 0xEB63,
  0xE9E2, 0xE68B, 0xE394, 0xDF82,  0xDCF5, 0xDB47, 0xDAAF, 0xDAC6,
  0xDA6A, 0xDC9A, 0xDD1C, 0xE0A5,  0xE1BE, 0xE432, 0xE731, 0xEBBC,
  0xF03B, 0xF1E0, 0xF7D1, 0xFB6A,  0x01B1, 0x0684, 0x0BA1, 0x1090,
  0x151B, 0x1ADE, 0x1E29, 0x229C,  0x23E3, 0x24E1, 0x2602, 0x266A,
  0x2597, 0x239D, 0x238F, 0x21ED,  0x20EF, 0x1F89, 0x1D38, 0x19B7,
  0x15C7, 0x11FE, 0x0BE2, 0x0573,  0xFF3A, 0xFA85, 0xF693, 0xF274,
  0xEEE0, 0xEB9E, 0xE8D9, 0xE619,  0xE3D9, 0xE10F, 0xDDE5, 0xDC9F,
  0xDC43, 0xDD0A, 0xDCDB, 0xDD9F,  0xDDFE, 0xE117, 0xE2E7, 0xE51F,
  0xE861, 0xEC81, 0xF021, 0xF2AE,  0xF7D9, 0xFAB7, 0xFF07, 0x02A2,
  0x081C, 0x0BDB, 0x1031, 0x1497,  0x18AC, 0x1C8E, 0x1F07, 0x213B,
  0x2301, 0x23C9, 0x23E5, 0x23FA,  0x23C5, 0x22EF, 0x2132, 0x1FC9,
  0x1CE0, 0x1A33, 0x1659, 0x132D,  0x0EA3, 0x09DC, 0x0453, 0xFF22,
  0xFA32, 0xF63F, 0xF270, 0xEE77,  0xEBA3, 0xE879, 0xE647, 0xE3E6,
  0xE1D9, 0xDFC0, 0xDEC7, 0xDE75,  0xDE69, 0xDE90, 0xDF75, 0xE0B4,
  0xE280, 0xE4D3, 0xE71B, 0xEAB2,  0xEEBC, 0xF2CC, 0xF67C, 0xF98C,
  0xFD44, 0x002D, 0x034B, 0x06A5,  0x09E5, 0x0D6D, 0x1092, 0x1403,
  0x174E, 0x19A5, 0x1C14, 0x1DCF,  0x1EA1, 0x1F89, 0x200F, 0x1FD7,
  0x1F41, 0x1DB8, 0x1BE3, 0x19B4,  0x1638, 0x13D0, 0x0F9B, 0x0C62,
  0x0890, 0x043E, 0x01EF, 0xFD7B,  0xFA6B, 0xF643, 0xF258, 0xEFD0,
  0xECAA, 0xED6A, 0xEC99, 0xED97,  0xED99, 0xEAC6, 0xEA58, 0xE76E,
  0xE62C, 0xE729, 0xE86F, 0xE93A,  0xEAFA, 0xEC36, 0xEE45, 0xF172,
  0xF357, 0xF4FF, 0xF5CE, 0xF6C2,  0xF813, 0xF9AA, 0xFAEE, 0xFCB7,
  0xFEBF, 0x01F9, 0x0587, 0x0894,  0x0C0C, 0x0ECF, 0x11AB, 0x137D,
  0x14E5, 0x15C8, 0x16A7, 0x17BD,  0x1835, 0x18B8, 0x1882, 0x17BF,
  0x16BC, 0x1500, 0x12A0, 0x0FDE,  0x0C60, 0x09BC, 0x0714, 0x04DB,
  0x02F4, 0x013C, 0x0006, 0xFE26,  0xFCDE, 0xFAE0, 0xF8E9, 0xF71E,
  0xF595, 0xF44E, 0xF30A, 0xF245,  0xF1D0, 0xF166, 0xF135, 0xF161,
  0xF190, 0xF1FD, 0xF2AE, 0xF358,  0xF419, 0xF4E0, 0xF59F, 0xF6B4,
  0xF7A5, 0xF85B, 0xF965, 0xFA11,  0xFB4A, 0xFC90, 0xFDCD, 0xFF75,
  0x010D, 0x02A6, 0x040E, 0x0559,  0x05BD, 0x0605, 0x0628, 0x0665,
  0x0678, 0x0704, 0x084C, 0x0889,  0x08F4, 0x08D7, 0x083D, 0x07C5,
  0x06B0, 0x0592, 0x045F, 0x0364,  0x02C4, 0x024E, 0x0273, 0x02AC,
  0x0289, 0x0263, 0x0209, 0x0151,  0x0083, 0x005B, 0xFFF2, 0xFF77,
  0xFF21, 0xFE9F, 0xFE5B, 0xFDEE,  0xFDDD, 0xFDBA, 0xFDE4, 0xFDFA,
  0xFE16, 0xFE04, 0xFDB8, 0xFD62,  0xFD14, 0xFCD8, 0xFC97, 0xFC5A,
  0xFC7D, 0xFCD1, 0xFCE4, 0xFD49,  0xFD5D, 0xFD9F, 0xFDA9, 0xFD60,
  0xFD61, 0xFD7A, 0xFDB8, 0xFDE7,  0xFE78, 0xFF15, 0xFF92, 0x000B,
  0x0049, 0x003C, 0x0013, 0x0044,  0x0030, 0x006F, 0x0094, 0x00B7,
  0x00A9, 0x00D6, 0x0136, 0x015C,  0x01E0, 0x02B2, 0x0338, 0x036D,
  0x03B8, 0x0355, 0x02F2, 0x0278,  0x01F4, 0x01AB, 0x01B6, 0x01F1,
  0x0216, 0x0266, 0x0255, 0x0230,  0x01B9, 0x0122, 0x0069, 0xFFBB,
  0xFF6B, 0xFF4E, 0xFF31, 0xFF13,  0xFF0C, 0xFEEB, 0xFEC5, 0xFE96,
  0xFE66, 0xFE26, 0xFDFD, 0xFDA0,  0xFD9B, 0xFDA6, 0xFD96, 0xFD8B,
  0xFDC0, 0xFDFC, 0xFE48, 0xFE64,  0xFE45, 0xFE00, 0xFDA0, 0xFD77,
  0xFD12, 0xFD2B, 0xFD49, 0xFDAA,  0xFDC5, 0xFE4C, 0xFEBD, 0xFF1B,
  0xFF8C, 0xFFEA, 0x006B, 0x0097,  0x011D, 0x0171, 0x01E4, 0x0265,
  0x02C2, 0x02E2, 0x0360, 0x038B,  0x03BB, 0x03FC, 0x040B, 0x0419,
  0x0403, 0x0405, 0x03C5, 0x0395,  0x033C, 0x02C8, 0x027D, 0x01F8,
  0x018F, 0x0139, 0x00D4, 0x009E,  0x0047, 0xFFFE, 0xFF7F, 0xFF2D,
  0xFEDF, 0xFE93, 0xFE47, 0xFE05,  0xFDF3, 0xFDE9, 0xFDE5, 0xFDD5,
  0xFDBF, 0xFD83, 0xFD53, 0xFD2B,  0xFD19, 0xFD26, 0xFD40, 0xFD35,
  0xFD62, 0xFD99, 0xFDFA, 0xFE34,  0xFE74, 0xFEA2, 0xFEF2, 0xFF3B,
  0xFF8C, 0xFFDE, 0x0036, 0x007C,  0x00C6, 0x0111, 0x014B, 0x018C,
  0x019E, 0x01BE, 0x01DC, 0x01F8,  0x01F6, 0x01FB, 0x01F7, 0x01D2,
  0x01B0, 0x0183, 0x015D, 0x0114,  0x00ED, 0x00D0, 0x00A7, 0x0071,
  0x004E, 0x0020, 0xFFFA, 0xFFCF,  0xFFA5, 0xFF7A, 0xFF56, 0xFF33,
  0xFF22, 0xFF10, 0xFF09, 0xFEF4,  0xFEE0, 0xFEBB, 0xFE99, 0xFE87,
  0xFE7F, 0xFE89, 0xFE8F, 0xFE97,  0xFEB0, 0xFEC8, 0xFEED, 0xFEF8,
  0xFF14, 0xFF3B, 0xFF45, 0xFF65,  0xFF81, 0xFFAE, 0xFFD7, 0xFFF9,
  0x0019, 0x0040, 0x0075, 0x008C,  0x00BD, 0x00D3, 0x00EB, 0x00F9,
  0x0110, 0x0111, 0x010F, 0x0116,  0x0118, 0x0122, 0x010E, 0x0105,
  0x0105, 0x00F1, 0x00CD, 0x00BA,  0x0090, 0x0067, 0x004A, 0x001E,
  0x000F, 0xFFF3, 0xFFCA, 0xFFAF,  0xFF9A, 0xFF70, 0xFF54, 0xFF37,
  0xFF1B, 0xFF01, 0xFEF3, 0xFEEB,  0xFEEC, 0xFEF0, 0xFEFC, 0xFEF9,
  0xFF06, 0xFF10, 0xFF1F, 0xFF21,  0xFF26, 0xFF27, 0xFF3A, 0xFF50,
  0xFF5A, 0xFF8A, 0xFFC1, 0xFFDE,  0xFFF5, 0x000F, 0x0017, 0x0044,
  0x0053, 0x005A, 0x0078, 0x008B,  0x009B, 0x00B5, 0x00C5, 0x00CD,
  0x00D5, 0x00E4, 0x00FA, 0x00FC,  0x00FB, 0x00FC, 0x00E4, 0x00E4,
  0x00D7, 0x00C4, 0x00B3, 0x009C,  0x008C, 0x006D, 0x004E, 0x0026,
  0x0013, 0xFFE7, 0xFFE1, 0xFFC8,  0xFFBB, 0xFFC5, 0xFFC6, 0xFFBE,
  0xFFAE, 0xFFAB, 0xFFAB, 0xFF9A,  0xFFA4, 0xFF9E, 0xFF97, 0xFFA2,
  0xFFAE, 0xFFB9, 0xFFC2, 0xFFCF,  0xFFD4, 0xFFDD, 0xFFE3, 0xFFE4,
  0xFFE8, 0xFFFD, 0x0001, 0x0012,  0x001C, 0x0029, 0x0029, 0x0035,
  0x0045, 0x004F, 0x0048, 0x0055,  0x0056, 0x005B, 0x005F, 0x0063,
  0x006A, 0x0078, 0x0071, 0x0082,  0x0070, 0x0065, 0x005D, 0x004B,
  0x0039, 0x001D, 0x0018, 0xFFFA,  0xFFEE, 0xFFE1, 0xFFD4, 0xFFD2,
  0xFFCD, 0xFFC3, 0xFFB6, 0xFFB3,  0xFFA9, 0xFFAC, 0xFFAB, 0xFFA4,
  0xFFAF, 0xFFBD, 0xFFBF, 0xFFCF,  0xFFD8, 0xFFEB, 0xFFF0, 0xFFFC,
  0xFFFB, 0xFFFF, 0xFFFD, 0x000E,  0x000A, 0x0012, 0x001A, 0x0022,
  0x0022, 0x002D, 0x0039, 0x0033,  0x0034, 0x003D, 0x0037, 0x0039,
  0x0034, 0x003D, 0x003D, 0x003D,  0x0042, 0x003E, 0x003C, 0x003E,
  0x0030, 0x0029, 0x0014, 0x0008,  0xFFF1, 0xFFE7, 0xFFDC, 0xFFD2,
  0xFFCD, 0xFFD3, 0xFFE6, 0xFFE0,  0xFFE5, 0xFFD9, 0xFFD7, 0xFFD7,
  0xFFD6, 0xFFD3, 0xFFD3, 0xFFD5,  0xFFEA, 0xFFED, 0x0004, 0x0004,
  0x0011, 0x0012, 0x0010, 0x0015,  0x001B, 0x001C, 0x0024, 0x0025,
  0x0026, 0x0031, 0x0037, 0x0034,  0x0039, 0x0036, 0x0033, 0x0035,
  0x0031, 0x002E, 0x002D, 0x002C,  0x0030, 0x0032, 0x0034, 0x0031,
  0x0034, 0x002A, 0x001E, 0x0015,  0x000B, 0x0005, 0xFFF5, 0xFFEF,
  0xFFE1, 0xFFDE, 0xFFCD, 0xFFDB,  0xFFD2, 0xFFE2, 0xFFE3, 0xFFDB,
  0xFFD3, 0xFFD8, 0xFFD6, 0xFFD4,  0xFFDC, 0xFFDE, 0xFFE9, 0xFFE9,
  0xFFF7, 0xFFFB, 0xFFF6, 0xFFFC,  0xFFFE, 0xFFFB, 0xFFFC, 0xFFFF,
  0x0003, 0x0002, 0x0003, 0x0007,  0x0009, 0x0004, 0x0005, 0x0005,
  0x0007, 0x000D, 0x000F, 0x000A,  0x0011, 0x0019, 0x0014, 0x0019,
  0x001F, 0x0022, 0x0020, 0x001F,  0x0022, 0x001C, 0x0014, 0x0012,
  0x000C, 0xFFFF, 0xFFF8, 0xFFE8,  0xFFE7, 0xFFE0, 0xFFE6, 0xFFDE,
  0xFFEA, 0xFFE8, 0xFFEE, 0xFFE8,  0xFFF4, 0xFFF1, 0xFFFD, 0xFFFC,
  0x0009, 0x0010, 0x001C, 0x0025,  0x0030, 0x002F, 0x0034, 0x0037,
  0x0037, 0x0030, 0x0034, 0x0032,  0x0036, 0x002D, 0x0028, 0x0023,
  0x0019, 0x0010, 0x0009, 0xFFFF,  0xFFFF, 0xFFFC, 0xFFF9, 0xFFF8,
  0xFFFA, 0xFFF8, 0xFFFA, 0xFFF4,  0xFFF7, 0xFFF6, 0xFFF6, 0xFFF8,
  0xFFF9, 0xFFF9, 0xFFED, 0xFFF1,  0xFFDF, 0xFFDE, 0xFFD3, 0xFFCC,
  0xFFC0, 0xFFBD, 0xFFBE, 0xFFC2,  0xFFC3, 0xFFC3, 0xFFC8, 0xFFC5,
  0xFFCC, 0xFFD1, 0xFFD8, 0xFFDD,  0xFFE9, 0xFFF9, 0x0000, 0x000D,
  0x001A, 0x001E, 0x0023, 0x0028,  0x002C, 0x0031, 0x0035, 0x003D,
  0x0044, 0x0049, 0x004A, 0x0047,  0x003F, 0x003C, 0x0033, 0x002C,
  0x0029, 0x0026, 0x0025, 0x0025,  0x0021, 0x001B, 0x0013, 0x0009,
  0x0005, 0xFFFC, 0xFFF6, 0xFFF0,  0xFFEB, 0xFFE5, 0xFFE6, 0xFFDA,
  0xFFD4, 0xFFCD, 0xFFC1, 0xFFBF,  0xFFB4, 0xFFAF, 0xFFAC, 0xFFAD,
  0xFFAE, 0xFFB2, 0xFFB7, 0xFFB8,  0xFFBC, 0xFFC2, 0xFFC8, 0xFFCB,
  0xFFD5, 0xFFDD, 0xFFF2, 0xFFF9,  0x0009, 0x0010, 0x001E, 0x002B,
  0x0031, 0x003F, 0x0047, 0x0053,  0x0057, 0x0066, 0x0066, 0x006D,
  0x0077, 0x006E, 0x0070, 0x006B,  0x0067, 0x0062, 0x0060, 0x0055,
  0x0051, 0x004B, 0x0044, 0x003A,  0x0036, 0x002B, 0x001A, 0x0013,
  0x0008, 0xFFFA, 0xFFED, 0xFFDD,  0xFFD4, 0xFFC6, 0xFFBE, 0xFFB4,
  0xFFAC, 0xFFAC, 0xFFAA, 0xFFA9,  0xFF9E, 0xFF98, 0xFF95, 0xFF97,
  0xFF95, 0xFF9E, 0xFFB9, 0xFFB9,  0xFFC9, 0xFFD4, 0xFFDA, 0xFFEF,
  0xFFF5, 0xFFFB, 0x0006, 0x0005,  0x0019, 0x0023, 0x0030, 0x003B,
  0x0040, 0x0055, 0x0058, 0x0067,  0x0067, 0x0069, 0x0066, 0x006B,
  0x0061, 0x0060, 0x0055, 0x0051,  0x0051, 0x0047, 0x0046, 0x003A,
  0x003C, 0x0030, 0x0026, 0x001E,  0x0018, 0x0010, 0x0006, 0xFFFF,
  0xFFF1, 0xFFEB, 0xFFD0, 0xFFCD,  0xFFBC, 0xFFB8, 0xFFAB, 0xFFA4,
  0xFF9C, 0xFF9E, 0xFF95, 0xFF9A,  0xFF94, 0xFF98, 0xFF9C, 0xFF9C,
  0xFFA3, 0xFFA6, 0xFFAD, 0xFFB8,  0xFFBC, 0xFFCD, 0xFFD2, 0xFFDF,
  0xFFE9, 0xFFF6, 0xFFFD, 0x000A,  0x0013, 0x0025, 0x0027, 0x0037,
  0x003C, 0x0045, 0x004B, 0x0050,  0x004E, 0x0050, 0x004F, 0x004E,
  0x004B, 0x004A, 0x0049, 0x0041,  0x0040, 0x0038, 0x0037, 0x002C,
  0x002F, 0x0021, 0x0020, 0x0014,  0x0010, 0x000A, 0x0001, 0xFFF7,
  0xFFEF, 0xFFE8, 0xFFDE, 0xFFD5,  0xFFCE, 0xFFCB, 0xFFC2, 0xFFC2,
  0xFFBA, 0xFFB8, 0xFFB6, 0xFFB6,  0xFFB6, 0xFFB6, 0xFFB7, 0xFFB9,
  0xFFBE, 0xFFBB, 0xFFC8, 0xFFC2,  0xFFCF, 0xFFCE, 0xFFD9, 0xFFD4,
  0xFFE0, 0xFFDC, 0xFFE7, 0xFFE9,  0xFFEF, 0xFFF5, 0xFFF6, 0x0001,
  0x0003, 0x0005, 0x000E, 0x000F,  0x0013, 0x001A, 0x001B, 0x0023,
  0x0025, 0x002D, 0x002F, 0x0036,  0x0037, 0x003B, 0x003B, 0x003D,
  0x003C, 0x003A, 0x0039, 0x002F,  0x0038, 0x002A, 0x0030, 0x0026,
  0x0024, 0x001C, 0x0017, 0x0013,  0x000A, 0x000B, 0xFFFE, 0x0001,
  0xFFF4, 0xFFF6, 0xFFF1, 0xFFEC,  0xFFE9, 0xFFE5, 0xFFE4, 0xFFDE,
  0xFFE4, 0xFFDA, 0xFFE0, 0xFFDB,  0xFFDD, 0xFFDC, 0xFFD7, 0xFFDA,
  0xFFD3, 0xFFD9, 0xFFCF, 0xFFD1,  0xFFD0, 0xFFD2, 0xFFD2, 0xFFD4,
  0xFFD5, 0xFFDC, 0xFFD9, 0xFFE5,  0xFFE2, 0xFFEF, 0xFFF1, 0xFFF9,
  0xFFFF, 0x0004, 0x000D, 0x0011,  0x001A, 0x001F, 0x0023, 0x002B,
  0x002A, 0x0030, 0x0031, 0x0037,  0x0034, 0x0035, 0x0036, 0x0034,
  0x0033, 0x0033, 0x002E, 0x002D,  0x0027, 0x0022, 0x0020, 0x0019,
  0x0011, 0x0012, 0x0005, 0x0001,  0xFFFB, 0xFFFC, 0xFFEC, 0xFFED,
  0xFFE0, 0xFFDF, 0xFFD7, 0xFFD4,  0xFFCF, 0xFFC9, 0xFFC9, 0xFFC2,
  0xFFC1, 0xFFBD, 0xFFBB, 0xFFB8,  0xFFC2, 0xFFBC, 0xFFC2, 0xFFBF,
  0xFFC6, 0xFFCE, 0xFFCB, 0xFFD6,  0xFFD8, 0xFFE0, 0xFFE7, 0xFFEE,
  0xFFFA, 0xFFFE, 0x0008, 0x000C,  0x0011, 0x0017, 0x001B, 0x0027,
  0x0029, 0x0032, 0x0037, 0x0038,  0x003B, 0x0041, 0x0040, 0x0043,
  0x0048, 0x0048, 0x0045, 0x0048,  0x0041, 0x0043, 0x0040, 0x003B,
  0x0036, 0x0033, 0x002D, 0x0029,  0x0022, 0x001E, 0x0014, 0x000E,
  0x0004, 0xFFFA, 0xFFEF, 0xFFE0,  0xFFD8, 0xFFD1, 0xFFC9, 0xFFB4,
  0xFFB4, 0xFFA0, 0xFF9C, 0xFF8C,  0xFF86, 0xFF84, 0xFF7D, 0xFF76,
  0xFF78, 0xFF77, 0xFF77, 0xFF7E,  0xFF89, 0xFF90, 0xFF9D, 0xFFA9,
  0xFFB2, 0xFFBA, 0xFFC3, 0xFFCD,  0xFFDC, 0xFFEA, 0xFFFD, 0x0006,
  0x0014, 0x0027, 0x0031, 0x003B,  0x004A, 0x0061, 0x0068, 0x0075,
  0x007A, 0x0078, 0x0071, 0x0079,  0x0071, 0x006C, 0x005D, 0x006B,
  0x0059, 0x005A, 0x0046, 0x0033,  0x0025, 0x002B, 0x002D, 0x0027,
  0x002D, 0x0026, 0x001A, 0xFFF6,  0xFFEA, 0xFFEF, 0x000B, 0x0013,
  0x0010, 0x000B, 0x0006, 0xFFF4,  0xFFFF, 0x0019, 0x0044, 0x0077,
  0x0084, 0x005F, 0x0037, 0x0023,  0x000F, 0x001F, 0x000A, 0x0004,
  0xFFFB, 0xFFFE, 0xFFFD, 0x000E,  0x000E, 0xFFFE, 0xFFF1, 0xFFD4,
  0xFFEF, 0xFFE7, 0xFFE8, 0xFFE5,  0xFFED, 0xFFDA, 0xFFD1, 0xFFC7,
  0xFFE1, 0xFFE8, 0xFFE4, 0xFFE5,  0xFFCC, 0xFFB2, 0xFFBC, 0xFFAF,
  0xFFA6, 0xFFB2, 0xFF9D, 0xFF97,  0xFF8F, 0xFF97, 0xFF82, 0xFFA2,
  0xFF88, 0xFF8A, 0xFF74, 0xFF88,  0xFF64, 0xFF8B, 0xFF76, 0xFF95,
  0xFF8C, 0xFFA9, 0xFFCC, 0xFFE4,  0xFFFE, 0x0022, 0x003B, 0x0069,
  0x009A, 0x00C5, 0x00F2, 0x00EB,  0x0102, 0x00ED, 0x0124, 0x010F,
  0x0130, 0x0093, 0x0131, 0x00BA,  0x0064, 0x000E, 0xFFCC, 0xFFB6,
  0xFFFB, 0x00B8, 0x0169, 0x0103,  0x02C3, 0x00D0, 0x0022, 0x0035,
  0xF819, 0xFD82, 0xFEFD, 0xFF65,  0xFE59, 0xFC1B, 0xFF2C, 0xFD13,
  0xFCEA, 0xFD71, 0x01C2, 0xFFEC,  0xFEFB, 0x01D0, 0x00C4, 0x00D6,
  0xFF77, 0xFF46, 0x00F8, 0x00FD,  0x00AD, 0x0068, 0x02DB, 0xFF92,
  0x0157, 0x026F, 0x0174, 0x02E1,  0xFE5E, 0x05B3, 0x00E3, 0x012B,
  0x0194, 0xFD1C, 0x049A, 0xFFBD,  0xFEF3, 0x00BF, 0xFFE8, 0xFF4B,
  0xFEE2, 0x0204, 0xFEBB, 0xFFC3,  0x0010, 0xFEA3, 0x038C, 0xFDA5,
  0xFFA8, 0x01E7, 0xFFDA, 0xFF35,  0xFEB2, 0xFFFE, 0xFECA, 0x00BA,
  0xFF9E, 0xFF90, 0x0044, 0xFFEC,  0xFF03, 0x015C, 0xFF30, 0xFFE6,
  0x01CF, 0xFF66, 0x00FD, 0xFD33,  0xFBD7, 0xFEBD, 0xFF6A, 0xFDF7,
  0xFE81, 0xFFC2, 0x02D4, 0x04EB,  0x0301, 0x0777, 0x0584, 0xFF72,
  0xF885, 0xFAD3, 0x01FD, 0x0089,  0x034D, 0x07B8, 0x0B87, 0x0A34,
  0x0375, 0xFDF6, 0xFBCB, 0xFCB2,  0xFFB9, 0x019A, 0x04B1, 0x02F3,
  0x0076, 0xFF9D, 0xFE24, 0xFD9B,  0xFB37, 0xF92D, 0xF88D, 0xF8F0,
  0xFA9D, 0xFFA5, 0x01A8, 0x03A0,  0x0173, 0xFDD2, 0xFCDA, 0xFAF6,
  0xFB2D, 0xFBC6, 0xFDF5, 0x0071,  0x00D8, 0x00F5, 0x0245, 0x02F9,
  0x05BE, 0x0660, 0x039E, 0x04A4,  0x0491, 0x0781, 0x0ACD, 0x0BF3,
  0x0B2C, 0x0710, 0x0474, 0x01B7,  0x00A4, 0x013D, 0xFFF2, 0xFF35,
  0xFEF2, 0xFE7E, 0xFFC8, 0xFF41,  0xFEB7, 0xFDC9, 0xFB48, 0xF7CC,
  0xF801, 0xF82C, 0xF934, 0xFA13,  0xFBC8, 0xFD70, 0xFC9D, 0xFD15,
  0xFBEB, 0xFD9D, 0xFE9C, 0xFF58,  0xFEE7, 0x00D3, 0x0077, 0x0045,
  0x0018, 0xFE45, 0xFF3C, 0xFD1F,  0xFCEA, 0xFE19, 0xFF35, 0xFF50,
  0xFCF0, 0xFC1E, 0xFD20, 0xFD2B,  0xFFC7, 0x00D1, 0x0020, 0x002B,
  0xFEC8, 0xFC51, 0xFB17, 0xFBAE,  0xFB3B, 0xFDC4, 0x012C, 0x0173,
  0x0066, 0xFF16, 0x0019, 0xFF6F,  0xFE51, 0xFC52, 0xFEAA, 0xFF71,
  0xFDEA, 0x006D, 0x001A, 0x0149,  0xFB1E, 0xFA29, 0xFC55, 0xFD29,
  0xFDF2, 0xFEB7, 0x03EE, 0x03F5,  0x02B6, 0xFE69, 0xFD88, 0xFD7E,
  0xFB46, 0xFD12, 0xFF8E, 0x0331,  0x043E, 0x02F1, 0x02D2, 0x0279,
  0x008F, 0xFB8A, 0xFAC0, 0xFA82,  0xFCC1, 0xFEF4, 0x00BD, 0x05B0,
  0x035B, 0xFE83, 0xFB03, 0xFA5F,  0xFAAF, 0xFDA4, 0x032F, 0x042C,
  0x0229, 0xFFDB, 0xFCA9, 0xFAA1,  0xF907, 0xF812, 0xF8C2, 0xFE1C,
  0x01E6, 0x04BD, 0x0719, 0x05B6,  0x0430, 0x0026, 0xFF3A, 0xFF17,
  0x00FA, 0x01F8, 0x01BE, 0x027F,  0x0194, 0xFFF1, 0xFE4E, 0xFE6E,
  0xFED2, 0xFF8F, 0xFFCE, 0x002A,  0xFE51, 0xFE2E, 0xFE84, 0xFF10,
  0xFED1, 0xFE60, 0x00A6, 0x00ED,  0x00AB, 0xFE40, 0xFE6B, 0xFD96,
  0xFCE2, 0x0031, 0x0208, 0x03E1,  0x04BA, 0x03FE, 0x02A6, 0x02B8,
  0x007A, 0xFF0D, 0xFFFF, 0x00D2,  0x0449, 0x0591, 0x05EF, 0x0533,
  0x02E6, 0x003C, 0xFD50, 0xFDB6,  0xFDF1, 0x0019, 0x0269, 0x032B,
  0x0387, 0x00D9, 0xFF6F, 0xFDD0,  0xFCD5, 0xFF91, 0x026E, 0x045C,
  0x0339, 0x0336, 0x02EE, 0x02E9,  0x021C, 0xFFFB, 0x0038, 0x013B,
  0x03D4, 0x0307, 0x02B1, 0x0217,  0x0010, 0xFF87, 0xFF4A, 0xFFC9,
  0x0236, 0x0158, 0x0141, 0x01AA,  0x0047, 0x0078, 0xFD8C, 0xFE57,
  0xFFBC, 0x0285, 0x03A5, 0x02AF,  0x020D, 0xFE31, 0xFEB0, 0xFE18,
  0xFE4D, 0x019E, 0x0169, 0x0240,  0xFFD3, 0xFF8C, 0xFFB8, 0xFF02,
  0x01EB, 0x013A, 0x00A5, 0xFEB3,  0xFE67, 0xFE55, 0xFFD8, 0x01ED,
  0x010B, 0x0068, 0xFE7A, 0xFD5A,  0xFCDE, 0xFDE2, 0xFEAD, 0xFF6D,
  0x01D3, 0x02A7, 0x0286, 0x018B,  0xFFE7, 0x0024, 0xFEB8, 0xFE3C,
  0xFE0F, 0xFD7B, 0xFE97, 0xFF37,  0xFFED, 0x0040, 0xFFDC, 0xFF34,
  0xFF8C, 0xFF8E, 0xFF69, 0xFF8B,  0xFFFB, 0x001B, 0x008E, 0x00CA,
  0x0075, 0xFE64, 0xFDCF, 0xFE15,  0xFF0B, 0x0067, 0x00A8, 0x0162,
  0x0029, 0x0028, 0x0027, 0x0155,  0x011D, 0x012A, 0x00DC, 0x0052,
  0x00A0, 0xFFF0, 0x00DC, 0x00A9,  0xFF8E, 0x001C, 0x010A, 0x008D,
  0x00CB, 0xFF47, 0xFF79, 0x005F,  0x00B4, 0xFF38, 0xFE71, 0xFFDC,
  0xFE7E, 0xFEB4, 0x00EC, 0x0104,  0x018A, 0x003F, 0xFE25, 0x00A1,
  0xFF20, 0xFE29, 0xFFBF, 0x00EF,  0x02CC, 0x044C, 0x0340, 0x016E,
  0xFE9D, 0xFDF1, 0xFEB1, 0xFE65,  0x0004, 0xFF3A, 0x001D, 0xFE59,
  0xFE67, 0xFE6C, 0xFF2F, 0x0180,  0x0101, 0x010D, 0xFFE7, 0x0136,
  0x016E, 0x0102, 0x01C8, 0x0268,  0x031B, 0x03BC, 0x0317, 0x0210,
  0x00F8, 0x00C8, 0x00A3, 0x01B0,  0x0106, 0xFF81, 0xFE6C, 0xFF12,
  0xFE67, 0xFD8E, 0xFE6E, 0xFEC2,  0x006C, 0x00F9, 0x0220, 0x016D,
  0x00E0, 0xFF79, 0xFDCF, 0xFCE2,  0xFDB4, 0xFDDB, 0xFFC2, 0x0176,
  0x0278, 0x0351, 0x00F1, 0xFD71,  0xFBC2, 0xFA7B, 0xFB79, 0x0039,
  0x028C, 0x0306, 0xFE91, 0xFBE1,  0xF7E0, 0xF886, 0xFA5F, 0xFAAD,
  0xFEA7, 0xFFD5, 0xFF07, 0xFD30,  0xFB06, 0xF8F9, 0xFA14, 0xFB3F,
  0xFD36, 0xFDBA, 0xFF62, 0x0023,  0xFFC3, 0xFF82, 0xFF15, 0x00AB,
  0x00A1, 0x0361, 0x045C, 0x0582,  0x05D1, 0x04CD, 0x05F9, 0x0689,
  0x066D, 0x0556, 0x0509, 0x0638,  0x0753, 0x07B0, 0x079E, 0x059A,
  0x06DC, 0x05F2, 0x0571, 0x075A,  0x06B5, 0x0698, 0x069C, 0x0608,
  0x065A, 0x0530, 0x0579, 0x05F5,  0x061D, 0x04CA, 0x0308, 0x04C6,
  0x056A, 0x05FF, 0x0457, 0x0397,  0x020C, 0x0234, 0x01EF, 0x0100,
  0x009A, 0xFE3F, 0xFCC5, 0xFBAC,  0xF965, 0xF81D, 0xF7C0, 0xF779,
  0xFA33, 0xFA49, 0xFA32, 0xF8CA,  0xF956, 0xF7F4, 0xF56A, 0xF3DA,
  0xF246, 0xF3AD, 0xF46F, 0xF474,  0xF2E5, 0xF1BB, 0xEFDA, 0xEED3,
  0xEF06, 0xEF47, 0xEFB5, 0xF0ED,  0xF36F, 0xF54E, 0xF61F, 0xF682,
  0xF666, 0xF8A2, 0xFA3E, 0xFBCD,  0xFDB2, 0x02C0, 0x06E1, 0x0938,
  0x0C21, 0x0AC2, 0x0B82, 0x0B28,  0x0D66, 0x1026, 0x128B, 0x15BF,
  0x164B, 0x173F, 0x1447, 0x1107,  0x0DF9, 0x0B89, 0x0CAE, 0x0ED7,
  0x10BD, 0x1279, 0x10B5, 0x0E52,  0x0837, 0x0658, 0x0812, 0x0A7E,
  0x0D54, 0x0A85, 0x0C21, 0x0B7B,  0x0AD2, 0x063A, 0x0517, 0x05EF,
  0x04C7, 0x0643, 0x062A, 0x04F2,  0x0145, 0xFE47, 0xFC32, 0xFC70,
  0xFA2B, 0xF601, 0xF53B, 0xF5C5,  0xF364, 0xEF24, 0xEA79, 0xE767,
  0xE5E4, 0xE7DB, 0xE96D, 0xEB4B,  0xE8FF, 0xE3A7, 0xDE4A, 0xDB6C,
  0xDAC2, 0xDA4C, 0xDB28, 0xDDCC,  0xE19B, 0xE5BD, 0xE83C, 0xEA92,
  0xEDF0, 0xF159, 0xF74C, 0xFB28,  0x02D5, 0x0880, 0x0EF9, 0x1302,
  0x1556, 0x1533, 0x1494, 0x1555,  0x17DC, 0x1929, 0x1919, 0x18A1,
  0x171B, 0x1586, 0x1428, 0x1514,  0x142F, 0x147B, 0x1388, 0x132D,
  0x1272, 0x1405, 0x12F4, 0x11F6,  0x0E71, 0x0B54, 0x0A49, 0x0CA2,
  0x0DFE, 0x0E9A, 0x0ED9, 0x0D0B,  0x0C07, 0x0C47, 0x0E84, 0x0F19,
  0x11F9, 0x0F8D, 0x0DD5, 0x0C76,  0x09C7, 0x0386, 0x0149, 0x000A,
  0xFED1, 0xFCFA, 0xF9E6, 0xF558,  0xF0B9, 0xEC66, 0xE83D, 0xE88C,
  0xE8D2, 0xE95E, 0xE4EE, 0xE2D6,  0xDD43, 0xDB15, 0xDA7E, 0xDA1B,
  0xD968, 0xD770, 0xD644, 0xD522,  0xD84D, 0xDB0F, 0xDD63, 0xDFCA,
  0xE66E, 0xED4C, 0xF067, 0xF291,  0xF801, 0xFF6D, 0x06A4, 0x0ACC,
  0x0FFC, 0x1381, 0x1610, 0x1809,  0x173D, 0x18AC, 0x1897, 0x1824,
  0x1914, 0x1BDC, 0x1A6C, 0x1632,  0x151E, 0x138B, 0x12F1, 0x1235,
  0x11A9, 0x12D5, 0x11FA, 0x126F,  0x10F5, 0x1105, 0x1037, 0x0EE3,
  0x1074, 0x1118, 0x1146, 0x0F9D,  0x116A, 0x10FA, 0x11A7, 0x1460,
  0x14D4, 0x1367, 0x0ED3, 0x0DCE,  0x0D8F, 0x0FB7, 0x10C5, 0x0ACA,
  0x078C, 0x01D3, 0xFFEC, 0xFDF0,  0xFAF9, 0xF329, 0xEE2F, 0xEDFB,
  0xECFC, 0xECA3, 0xE66A, 0xE067,  0xDBB4, 0xDF67, 0xE026, 0xE1D1,
  0xDECB, 0xDC8C, 0xDA12, 0xDACF,  0xDA59, 0xD980, 0xDA26, 0xD887,
  0xD848, 0xD6E8, 0xD97D, 0xDA48,  0xDF18, 0xE7CB, 0xF1C2, 0xF354,
  0xF5F0, 0xF923, 0x0329, 0x08DB,  0x0DD7, 0x1393, 0x16E4, 0x1A1F,
  0x1A78, 0x1BEA, 0x1BFF, 0x1D21,  0x1A92, 0x1C38, 0x1D78, 0x1C99,
  0x1A08, 0x196B, 0x1726, 0x1511,  0x138B, 0x12AA, 0x1218, 0x1256,
  0x111E, 0x0F42, 0x0DA1, 0x0CDD,  0x0E65, 0x0E9A, 0x0FA3, 0x0D7B,
  0x0F47, 0x1038, 0x10F4, 0x11A0,  0x1309, 0x137C, 0x14B5, 0x158F,
  0x13D2, 0x1201, 0x0F96, 0x0E0B,  0x0B4D, 0x07BB, 0x0276, 0xFF4A,
  0xFC68, 0xFB2A, 0xF64C, 0xF450,  0xEF4E, 0xECFB, 0xE8B5, 0xE3F4,
  0xE2CE, 0xE117, 0xE393, 0xE53F,  0xE73F, 0xE18C, 0xDACA, 0xD62C,
  0xD816, 0xDCEB, 0xE1CA, 0xE07A,  0xDDC0, 0xD9AE, 0xD903, 0xD74A,
  0xD74C, 0xD62B, 0xD8BF, 0xE056,  0xE8F0, 0xEFEF, 0xEDE3, 0xF220,
  0xF5B2, 0xFFE8, 0x08F9, 0x0EA2,  0x11CB, 0x14CA, 0x1882, 0x1D55,
  0x1CAE, 0x1C8D, 0x1AE7, 0x1BFF,  0x1F3B, 0x1E4A, 0x1CAE, 0x1856,
  0x191D, 0x17AE, 0x1835, 0x15D6,  0x13D8, 0x11F5, 0x12B0, 0x12A4,
  0x11D1, 0x1119, 0x1037, 0x10F8,  0x117A, 0x1220, 0x1137, 0x10D4,
  0x10A1, 0x1327, 0x1432, 0x1637,  0x13A7, 0x1477, 0x14B9, 0x14CD,
  0x127C, 0x0EBE, 0x0F1A, 0x0C0C,  0x0BB4, 0x07D4, 0x0436, 0x0039,
  0xFE03, 0xFC1D, 0xF7D5, 0xF442,  0xF1AB, 0xED73, 0xECF9, 0xE92E,
  0xE6CF, 0xE43C, 0xE333, 0xE2CB,  0xE183, 0xE109, 0xDD2B, 0xDB6D,
  0xDA29, 0xDC55, 0xDC6B, 0xDB84,  0xDA73, 0xDB7D, 0xDB06, 0xDA9D,
  0xD6F0, 0xD78E, 0xD74F, 0xDD91,  0xE349, 0xEF42, 0xF093, 0xEC27,
  0xF207, 0xF923, 0x0958, 0x0ABF,  0x0F4F, 0x11F2, 0x1570, 0x1A81,
  0x1987, 0x187C, 0x192E, 0x1B5A,  0x1FCE, 0x1DF7, 0x1B33, 0x17BD,
  0x18D7, 0x1ACF, 0x1865, 0x16DB,  0x141C, 0x1665, 0x15B6, 0x1476,
  0x133F, 0x1295, 0x12CF, 0x150C,  0x15B0, 0x15AD, 0x1315, 0x13AA,
  0x1499, 0x151E, 0x1577, 0x14C9,  0x1591, 0x142A, 0x1514, 0x1562,
  0x1349, 0x0FBE, 0x0CBC, 0x0AFA,  0x09AE, 0x074C, 0x062D, 0x030B,
  0x0259, 0xFF6E, 0xFC17, 0xF91A,  0xF5A9, 0xF321, 0xF00D, 0xEF09,
  0xEDA2, 0xEBA8, 0xE820, 0xE4E5,  0xE189, 0xE10C, 0xDFCD, 0xDE63,
  0xDDA7, 0xDE92, 0xDEA7, 0xDD14,  0xDBBC, 0xDBB9, 0xDBBB, 0xDA8A,
  0xD973, 0xD6CE, 0xD73A, 0xD9A7,  0xDB84, 0xDE78, 0xDF33, 0xE90E,
  0xF408, 0xF609, 0xF352, 0xF278,  0xFDF9, 0x0917, 0x0EE3, 0x0EC4,
  0x0F64, 0x114C, 0x13D9, 0x1631,  0x1665, 0x1646, 0x17A2, 0x1A21,
  0x1C2F, 0x19A6, 0x15B8, 0x1623,  0x198E, 0x1C0E, 0x19F1, 0x1874,
  0x1748, 0x1837, 0x1870, 0x188C,  0x17BD, 0x1747, 0x18CE, 0x1A27,
  0x1907, 0x169F, 0x151D, 0x155E,  0x15EF, 0x157D, 0x1589, 0x14DA,
  0x1427, 0x125A, 0x10D8, 0x0EEB,  0x0D99, 0x0D20, 0x0C75, 0x0A32,
  0x05CD, 0x02D9, 0x01A6, 0x01B3,  0xFF9A, 0xFB2F, 0xF706, 0xF47A,
  0xF436, 0xF2BB, 0xEF1F, 0xEA92,  0xE7B9, 0xE78E, 0xE73F, 0xE591,
  0xE231, 0xDF8F, 0xDE70, 0xDDF1,  0xDDD7, 0xDC10, 0xDAB8, 0xDA54,
  0xDA5B, 0xD9F5, 0xD884, 0xD81F,  0xD8F1, 0xDAD6, 0xDCF4, 0xDF23,
  0xDF2F, 0xE0D9, 0xE5AD, 0xED41,  0xF282, 0xF324, 0xF467, 0xF8FB,
  0x00C4, 0x04A1, 0x05C6, 0x0830,  0x0C2E, 0x0FC2, 0x1225, 0x12C4,
  0x1345, 0x1474, 0x1727, 0x1A2E,  0x1AC7, 0x1988, 0x19EF, 0x1D2C,
  0x1EF9, 0x1EA7, 0x1CE0, 0x1D15,  0x1E10, 0x1E6C, 0x1D11, 0x1AF8,
  0x19D0, 0x1929, 0x192D, 0x17A3,  0x1587, 0x13F6, 0x134E, 0x1313,
  0x128C, 0x113A, 0x0FF0, 0x0F43,  0x0EF4, 0x0DF3, 0x0C2F, 0x0A1A,
  0x08D1, 0x0897, 0x0871, 0x0707,  0x04B7, 0x03D1, 0x03B5, 0x02B0,
  0x00E0, 0xFEEB, 0xFE8A, 0xFE89,  0xFD48, 0xFC33, 0xF9D3, 0xF91E,
  0xF821, 0xF774, 0xF7CB, 0xF6D4,  0xF6D1, 0xF57E, 0xF456, 0xF323,
  0xF177, 0xF1EB, 0xF1D5, 0xF272,  0xF154, 0xEEEA, 0xEE5D, 0xED09,
  0xECD7, 0xEE8F, 0xF0AD, 0xF088,  0xEF89, 0xED4F, 0xEB6A, 0xEB1A,
  0xEA1E, 0xE817, 0xE684, 0xE5C3,  0xE60E, 0xE5FD, 0xE546, 0xE5B5,
  0xE654, 0xE7FD, 0xE9A3, 0xEB31,  0xECE2, 0xEF0E, 0xF1F3, 0xF4C7,
  0xF75C, 0xF9CA, 0xFCE0, 0x00D8,  0x0485, 0x08F9, 0x0D1E, 0x10B4,
  0x13C8, 0x162A, 0x1854, 0x19D6,  0x1B37, 0x1C2B, 0x1D99, 0x1F0E,
  0x1FF8, 0x2079, 0x20A0, 0x215E,  0x2120, 0x2119, 0x20E7, 0x1FE2,
  0x1E8E, 0x1CD9, 0x1B9D, 0x199A,  0x183F, 0x1680, 0x15AD, 0x14A5,
  0x1351, 0x11BE, 0x104E, 0x0EED,  0x0DB3, 0x0C22, 0x0A40, 0x08E3,
  0x073E, 0x0699, 0x04A1, 0x0338,  0x01A6, 0x00DD, 0x0030, 0xFF36,
  0xFEAF, 0xFD58, 0xFBE7, 0xFA3F,  0xF949, 0xF7B1, 0xF626, 0xF540,
  0xF431, 0xF219, 0xEFEF, 0xED52,  0xEBF9, 0xEA2B, 0xE8CE, 0xE726,
  0xE565, 0xE416, 0xE239, 0xE112,  0xDFA2, 0xDECB, 0xDE7B, 0xDE1A,
  0xDDD2, 0xDDED, 0xDD9E, 0xDDEF,  0xDDFE, 0xDF86, 0xE0B9, 0xE1BA,
  0xE401, 0xE5DA, 0xE786, 0xE968,  0xEC3F, 0xEF3A, 0xF1DD, 0xF4C8,
  0xF8EF, 0xFBE2, 0xFEF5, 0x028A,  0x065E, 0x0989, 0x0D16, 0x10BD,
  0x13A8, 0x165F, 0x18D8, 0x1AFB,  0x1C73, 0x1DBA, 0x1F26, 0x2092,
  0x211A, 0x2195, 0x21B0, 0x21EF,  0x212B, 0x20A2, 0x204C, 0x1F72,
  0x1EBB, 0x1DA0, 0x1C50, 0x1A89,  0x1881, 0x169B, 0x1482, 0x129B,
  0x111A, 0x0F73, 0x0DD9, 0x0C2C,  0x0A9A, 0x092C, 0x07FF, 0x0715,
  0x066A, 0x059E, 0x0512, 0x03C2,  0x02E8, 0x0203, 0x0136, 0x011D,
  0x004E, 0xFFCD, 0xFED7, 0xFE4A,  0xFDA0, 0xFC8E, 0xFBAD, 0xFA93,
  0xF951, 0xF813, 0xF6BA, 0xF513,  0xF35C, 0xF19E, 0xF03C, 0xEE97,
  0xED1A, 0xEBA7, 0xEA18, 0xE8A5,  0xE709, 0xE51C, 0xE353, 0xE1BC,
  0xE06E, 0xDF66, 0xDE45, 0xDD1B,  0xDC00, 0xDB88, 0xDBB7, 0xDC46,
  0xDD1D, 0xDE81, 0xDFE3, 0xE18E,  0xE336, 0xE5EB, 0xE8A6, 0xEB56,
  0xEED6, 0xF255, 0xF641, 0xF999,  0xFD96, 0x017C, 0x0534, 0x0943,
  0x0CFD, 0x108C, 0x1393, 0x164E,  0x18D7, 0x1A95, 0x1C5C, 0x1DBC,
  0x1F38, 0x202F, 0x2098, 0x2108,  0x20EE, 0x20D3, 0x207F, 0x2014,
  0x1FBC, 0x1F4B, 0x1E5D, 0x1D64,  0x1BE4, 0x1A67, 0x18AE, 0x172B,
  0x15A9, 0x140F, 0x1274, 0x1049,  0x0EF6, 0x0D1F, 0x0B62, 0x09D0,
  0x0866, 0x0745, 0x05EE, 0x050D,  0x042F, 0x0313, 0x0240, 0x016C,
  0x00C4, 0x0068, 0xFFF3, 0xFFE3,  0xFF87, 0xFF09, 0xFEBA, 0xFE1A,
  0xFDAC, 0xFCF0, 0xFC13, 0xFB3D,  0xFA4E, 0xF940, 0xF80C, 0xF6E7,
  0xF4EE, 0xF32E, 0xF1FD, 0xF098,  0xEEF4, 0xED4C, 0xEBDA, 0xE9E5,
  0xE789, 0xE5EB, 0xE425, 0xE20C,  0xDFFE, 0xDE80, 0xDCF0, 0xDAFC,
  0xD9D6, 0xD96F, 0xD950, 0xD9DF,  0xDB69, 0xDD87, 0xDF2C, 0xE0CC,
  0xE3C7, 0xE601, 0xE86B, 0xEBA9,  0xEF80, 0xF33F, 0xF696, 0xFA82,
  0xFE8E, 0x022F, 0x0603, 0x0A91,  0x0EC6, 0x1221, 0x152B, 0x1851,
  0x1A2B, 0x1B9B, 0x1CAF, 0x1DF8,  0x1EDF, 0x1FEA, 0x2105, 0x2181,
  0x2147, 0x20AC, 0x2006, 0x1F28,  0x1E94, 0x1E08, 0x1D97, 0x1C72,
  0x1B3C, 0x1968, 0x1754, 0x1539,  0x138B, 0x11F7, 0x1079, 0x0F59,
  0x0D7F, 0x0BD6, 0x09E1, 0x0830,  0x06C3, 0x05A9, 0x04ED, 0x0443,
  0x03DD, 0x034B, 0x028C, 0x01B6,  0x00FD, 0x007F, 0x0053, 0x005D,
  0x0095, 0x008E, 0x0061, 0xFFFB,  0xFEFD, 0xFE0E, 0xFD5C, 0xFCF3,
  0xFC52, 0xFB49, 0xFA7D, 0xF8EC,  0xF71D, 0xF565, 0xF3CC, 0xF23E,
  0xF059, 0xEF34, 0xEE3F, 0xEC6E,  0xEAE5, 0xE8FB, 0xE6F4, 0xE52C,
  0xE37B, 0xE220, 0xE08A, 0xDF08,  0xDD36, 0xDB5D, 0xDA25, 0xD9B1,
  0xD9B9, 0xDB19, 0xDCFF, 0xDF19,  0xE0B8, 0xE265, 0xE4C5, 0xE707,
  0xEA90, 0xED8A, 0xF145, 0xF553,  0xF87A, 0xFC75, 0x0068, 0x047D,
  0x084B, 0x0C47, 0x10AA, 0x1446,  0x173D, 0x1A0D, 0x1C03, 0x1D57,
  0x1E15, 0x1F31, 0x2045, 0x20A5,  0x2164, 0x216C, 0x20FA, 0x1FB0,
  0x1E55, 0x1DDA, 0x1CF5, 0x1C3D,  0x1B75, 0x1A40, 0x18D0, 0x168B,
  0x14BC, 0x12F7, 0x1100, 0x0FA2,  0x0E79, 0x0D2E, 0x0B87, 0x09F7,
  0x081D, 0x0693, 0x0597, 0x053B,  0x0495, 0x0443, 0x039C, 0x0321,
  0x024A, 0x01C0, 0x0195, 0x0100,  0x00D7, 0x0115, 0x016E, 0x011C,
  0x0067, 0xFFD5, 0xFFA4, 0xFF47,  0xFF10, 0xFEC1, 0xFE30, 0xFCEE,
  0xFBE4, 0xFB04, 0xF985, 0xF81E,  0xF718, 0xF62D, 0xF424, 0xF1DF,
  0xF07D, 0xEEBB, 0xED43, 0xEC85,  0xEB40, 0xE904, 0xE6A6, 0xE4B2,
  0xE36B, 0xE221, 0xE0CF, 0xDF2B,  0xDD73, 0xDBD8, 0xDAEA, 0xDB6A,
  0xDBE6, 0xDCD4, 0xDE5A, 0xE04F,  0xE22C, 0xE453, 0xE700, 0xEA07,
  0xECA9, 0xF04B, 0xF431, 0xF76A,  0xFB45, 0xFF21, 0x0356, 0x074D,
  0x0ADD, 0x0E9C, 0x11ED, 0x14C6,  0x17C4, 0x1A0E, 0x1BCD, 0x1C72,
  0x1D39, 0x1DBF, 0x1E0F, 0x1EAA,  0x1E8D, 0x1E74, 0x1DCF, 0x1CA9,
  0x1B9E, 0x1AB2, 0x19FB, 0x19B9,  0x18A9, 0x17E9, 0x1690, 0x14BC,
  0x1306, 0x1175, 0x1011, 0x0E9A,  0x0D83, 0x0C91, 0x0B24, 0x09A6,
  0x086F, 0x0760, 0x0678, 0x05BC,  0x05E7, 0x053D, 0x047E, 0x0404,
  0x0382, 0x0325, 0x02C0, 0x02D1,  0x02D4, 0x02B6, 0x02E0, 0x0321,
  0x02DE, 0x0231, 0x015D, 0x0065,  0xFF6E, 0xFEFB, 0xFE9F, 0xFDAB,
  0xFC46, 0xFAC2, 0xF901, 0xF6F8,  0xF588, 0xF42D, 0xF2C4, 0xF1B0,
  0xF018, 0xEEA7, 0xED4E, 0xEB78,  0xEA1B, 0xE8FE, 0xE7BA, 0xE663,
  0xE50A, 0xE305, 0xE102, 0xDF9E,  0xDDD5, 0xDC8F, 0xDC55, 0xDC0E,
  0xDC28, 0xDD22, 0xDEE0, 0xE0CC,  0xE204, 0xE3D8, 0xE667, 0xE8F4,
  0xEC25, 0xEF64, 0xF311, 0xF67F,  0xF988, 0xFD3B, 0x0149, 0x0587,
  0x0954, 0x0D4F, 0x1149, 0x1478,  0x1714, 0x1914, 0x1AD7, 0x1BDF,
  0x1C45, 0x1D1B, 0x1DB9, 0x1D81,  0x1D8F, 0x1D21, 0x1C1C, 0x1AC5,
  0x19EC, 0x19C1, 0x1923, 0x18B0,  0x1821, 0x1776, 0x163E, 0x143E,
  0x1314, 0x1228, 0x10DB, 0x0FE3,  0x0EFC, 0x0DCD, 0x0C4F, 0x0AF6,
  0x098B, 0x0864, 0x07C6, 0x073C,  0x06CF, 0x0694, 0x05E8, 0x0567,
  0x047C, 0x03C3, 0x03B4, 0x036D,  0x0396, 0x03D1, 0x0400, 0x03F2,
  0x03FE, 0x0398, 0x0323, 0x02E3,  0x028F, 0x01EF, 0x0104, 0x0012,
  0xFE90, 0xFCA3, 0xFA96, 0xF8D0,  0xF770, 0xF613, 0xF4D7, 0xF3B1,
  0xF1D5, 0xEFC2, 0xEDF6, 0xEC9D,  0xEB6E, 0xE9E8, 0xE8AF, 0xE77F,
  0xE5D5, 0xE46A, 0xE2B4, 0xE125,  0xDF53, 0xDDF5, 0xDD70, 0xDCC1,
  0xDC42, 0xDC7E, 0xDCB9, 0xDD86,  0xDF98, 0xE1A3, 0xE2BB, 0xE467,
  0xE823, 0xEA8C, 0xECC1, 0xF03A,  0xF3DB, 0xF735, 0xFA23, 0xFE3A,
  0x02ED, 0x0653, 0x09DE, 0x0EBE,  0x12AF, 0x153C, 0x17F9, 0x1AFD,
  0x1C6E, 0x1C8A, 0x1D3B, 0x1DFD,  0x1DC9, 0x1D6B, 0x1DE1, 0x1E26,
  0x1CC6, 0x1B82, 0x1ADC, 0x1A72,  0x19AE, 0x18F2, 0x1898, 0x177E,
  0x15D3, 0x148B, 0x13C4, 0x11F6,  0x104F, 0x0F16, 0x0E0A, 0x0CFA,
  0x0BCD, 0x0B68, 0x0A35, 0x082B,  0x075C, 0x06E2, 0x064C, 0x060A,
  0x0658, 0x05E5, 0x0483, 0x03D5,  0x0347, 0x0376, 0x038F, 0x040D,
  0x049F, 0x047A, 0x044F, 0x0412,  0x0338, 0x01FE, 0x018A, 0x016A,
  0x0056, 0xFF61, 0xFE82, 0xFCEB,  0xFB75, 0xF9B5, 0xF82B, 0xF6C5,
  0xF48A, 0xF339, 0xF249, 0xF081,  0xEE3C, 0xEC64, 0xEAE4, 0xE825,
  0xE6D9, 0xE677, 0xE541, 0xE41D,  0xE2CE, 0xE123, 0xDF1C, 0xDD83,
  0xDCAD, 0xDBA9, 0xDB60, 0xDC72,  0xDDA9, 0xDEA8, 0xE078, 0xE369,
  0xE532, 0xE62D, 0xE938, 0xED16,  0xF010, 0xF330, 0xF6A8, 0xFA2D,
  0xFC9E, 0xFF84, 0x0358, 0x06ED,  0x09E5, 0x0D71, 0x1169, 0x148B,
  0x166F, 0x185D, 0x19BD, 0x19B3,  0x19C6, 0x1B11, 0x1C1A, 0x1C0F,
  0x1CA2, 0x1CA6, 0x1BCC, 0x1A40,  0x18D0, 0x184B, 0x17A8, 0x16ED,
  0x15FA, 0x151C, 0x137E, 0x11B5,  0x1034, 0x0E92, 0x0D79, 0x0D09,
  0x0CFE, 0x0C6D, 0x0B99, 0x0A59,  0x0990, 0x08A1, 0x083D, 0x080F,
  0x0814, 0x080F, 0x0727, 0x071F,  0x0758, 0x070F, 0x062D, 0x0661,
  0x06D6, 0x067D, 0x05E8, 0x05F6,  0x05AD, 0x04A4, 0x03BC, 0x02EE,
  0x01BB, 0x00D9, 0x007F, 0xFFF6,  0xFE82, 0xFD03, 0xFC87, 0xF93B,
  0xF65A, 0xF7B2, 0xF98B, 0xF7AB,  0xF260, 0xEEA3, 0xECB2, 0xEA5C,
  0xE76A, 0xE5A8, 0xE569, 0xE45E,  0xE3CA, 0xE0EB, 0xDD2A, 0xDB5E,
  0xDA57, 0xD92A, 0xD86B, 0xD6FE,  0xD4CB, 0xD40A, 0xD3AB, 0xD6FD,
  0xDACA, 0xE0DB, 0xE9FA, 0xF03A,  0xF3B6, 0xF662, 0xFCDE, 0x0374,
  0x068E, 0x0B48, 0x1163, 0x150D,  0x1350, 0x123D, 0x15B5, 0x16E7,
  0x1512, 0x165A, 0x19F0, 0x187A,  0x151F, 0x1374, 0x13BA, 0x1483,
  0x143B, 0x13E9, 0x1334, 0x120A,  0x1268, 0x12A3, 0x11A4, 0x10B4,
  0x11DF, 0x1475, 0x1323, 0x1085,  0x0EB3, 0x0EA0, 0x0ED0, 0x0E04,
  0x0DA4, 0x0BAF, 0x099C, 0x088D,  0x0859, 0x07B8, 0x05FA, 0x05B8,
  0x0649, 0x05B5, 0x04AC, 0x035C,  0x0354, 0x03FC, 0x04FA, 0x05F8,
  0x052A, 0x049F, 0x0611, 0x080D,  0x08E2, 0x0907, 0x098C, 0x0A57,
  0x0A74, 0x0A47, 0x0976, 0x08A5,  0x07E6, 0x06EE, 0x0616, 0x03CF,
  0x0157, 0xFFF8, 0xFE85, 0xFBC5,  0xF945, 0xF6B8, 0xF48A, 0xF273,
  0xEFDB, 0xECAF, 0xE910, 0xE63A,  0xE427, 0xE263, 0xE094, 0xDE9B,
  0xDD96, 0xDD6F, 0xDBE9, 0xDB46,  0xDB0A, 0xDBE5, 0xDBF9, 0xDC27,
  0xDCE8, 0xDD1F, 0xDC58, 0xDD8D,  0xE220, 0xE716, 0xE8ED, 0xEBEC,
  0xF395, 0xF832, 0xF970, 0xFBDE,  0x032D, 0x0859, 0x09C1, 0x0B57,
  0x0EB3, 0x0F70, 0x0ED7, 0x111F,  0x132D, 0x126E, 0x11EF, 0x140E,
  0x1518, 0x132F, 0x1184, 0x14CD,  0x1814, 0x1753, 0x154D, 0x14BD,
  0x14BE, 0x14DC, 0x161D, 0x1671,  0x1462, 0x11F5, 0x1166, 0x11C9,
  0x0F7D, 0x0C7D, 0x0BB2, 0x0BFA,  0x0A47, 0x0870, 0x06F2, 0x0681,
  0x0709, 0x0824, 0x0865, 0x078D,  0x0676, 0x0643, 0x082F, 0x08F2,
  0x0868, 0x077A, 0x082B, 0x08D2,  0x0937, 0x0809, 0x0809, 0x0955,
  0x0B3A, 0x0BBA, 0x0AEE, 0x09FC,  0x0A0C, 0x0C67, 0x0D92, 0x0C62,
  0x0973, 0x0759, 0x06A7, 0x0602,  0x0388, 0x00B3, 0xFE38, 0xFD15,
  0xFB4C, 0xF803, 0xF3D3, 0xF206,  0xF0DC, 0xF046, 0xED16, 0xE85D,
  0xE4BA, 0xE325, 0xE270, 0xE00A,  0xDE7A, 0xDD02, 0xDB71, 0xD97F,
  0xD836, 0xD9A7, 0xDD15, 0xDFA3,  0xE01C, 0xDD67, 0xDCB6, 0xDDF7,
  0xE153, 0xE3C5, 0xE57E, 0xE6B1,  0xE902, 0xEC50, 0xF251, 0xF7FB,
  0xFBEA, 0xFF19, 0x01FA, 0x05B3,  0x08AB, 0x0D77, 0x104D, 0x120A,
  0x117D, 0x110A, 0x1197, 0x12A7,  0x1338, 0x1413, 0x136F, 0x13FD,
  0x139A, 0x13AD, 0x14F7, 0x15AF,  0x1664, 0x1582, 0x14C8, 0x1390,
  0x144C, 0x1480, 0x1413, 0x1205,  0x10BA, 0x0E4C, 0x0E0D, 0x0D0C,
  0x0C1D, 0x0A3A, 0x080B, 0x0795,  0x061F, 0x06E1, 0x06B7, 0x071E,
  0x06E4, 0x0756, 0x07EB, 0x07DA,  0x06A6, 0x080B, 0x08DC, 0x0892,
  0x060B, 0x0697, 0x0AE3, 0x0AF1,  0x0AE3, 0x0811, 0x0845, 0x0A82,
  0x0CFD, 0x0D9A, 0x0B17, 0x0A44,  0x0B6E, 0x0CA4, 0x0BB3, 0x0918,
  0x07CE, 0x0649, 0x0410, 0x0143,  0xFDC5, 0xFCBA, 0xFBEF, 0xFA7D,
  0xF6B9, 0xF31B, 0xF12C, 0xF22A,  0xF29F, 0xEF57, 0xEA4F, 0xE5C0,
  0xE3F3, 0xE5D4, 0xE562, 0xE1BD,  0xDD54, 0xDB59, 0xDBDD, 0xDBB5,
  0xDC9C, 0xDC83, 0xDF72, 0xE0BE,  0xE129, 0xE00C, 0xDE5E, 0xE14F,
  0xE4CB, 0xE5A7, 0xE6F1, 0xE617,  0xEA22, 0xF088, 0xF866, 0x0026,
  0xFDEF, 0xFF01, 0x02F7, 0x0948,  0x0EDB, 0x1140, 0x12A7, 0x128C,
  0x1169, 0x11F1, 0x113C, 0x12C5,  0x1340, 0x1449, 0x1387, 0x0FC7,
  0x114F, 0x126D, 0x163E, 0x170A,  0x13DB, 0x11E2, 0x1113, 0x12FF,
  0x1452, 0x143A, 0x1394, 0x10B8,  0x0F53, 0x0DA9, 0x0CAF, 0x0CF4,
  0x0BEA, 0x0AEA, 0x0750, 0x0435,  0x035A, 0x03FA, 0x0564, 0x055B,
  0x05C7, 0x043A, 0x03C2, 0x04FC,  0x06AC, 0x07C9, 0x0853, 0x0762,
  0x0960, 0x09D8, 0x0B3B, 0x0D1C,  0x0D4D, 0x0D01, 0x0ADC, 0x0B97,
  0x0AEA, 0x0DA3, 0x0DE6, 0x0DE2,  0x0A6E, 0x0A1D, 0x092B, 0x0741,
  0x02CD, 0x029A, 0x0647, 0x039F,  0x0006, 0xF90C, 0xF89F, 0xF8AA,
  0xFA19, 0xF7BB, 0xF2D8, 0xF03D,  0xEFBB, 0xF08A, 0xED27, 0xE8DE,
  0xE567, 0xE36E, 0xE115, 0xE0D0,  0xDF50, 0xDDEC, 0xDC09, 0xDAE4,
  0xDB96, 0xDC1E, 0xDEA9, 0xE12F,  0xE3EF, 0xE29D, 0xE245, 0xE28E,
  0xE5E3, 0xE6AD, 0xE9CB, 0xE92D,  0xE9E3, 0xEEC6, 0xF516, 0xFE88,
  0xFF78, 0xFFE0, 0x0393, 0x074F,  0x0C81, 0x11BA, 0x12AB, 0x1608,
  0x11C8, 0x11DA, 0x1145, 0x120F,  0x12F8, 0x1242, 0x11EF, 0x0E93,
  0x0DE4, 0x0E41, 0x1083, 0x1229,  0x118B, 0x100B, 0x0F53, 0x0EA1,
  0x1179, 0x11B4, 0x120D, 0x0FD3,  0x0EE5, 0x0E78, 0x0E93, 0x0DB5,
  0x0C03, 0x0A2D, 0x07E7, 0x0640,  0x0517, 0x042A, 0x0400, 0x0570,
  0x0640, 0x0624, 0x04CA, 0x05E8,  0x079B, 0x093C, 0x0950, 0x09D7,
  0x0A8D, 0x0C36, 0x0D2E, 0x0D99,  0x0CD9, 0x0C17, 0x0CDA, 0x0D1F,
  0x0DC1, 0x0CCE, 0x0D32, 0x0D5C,  0x0DE9, 0x0C63, 0x0903, 0x0797,
  0x069E, 0x0683, 0x03D0, 0x003B,  0xFC67, 0xFB0B, 0xFB19, 0xFAA0,
  0xF750, 0xF39A, 0xF26A, 0xF20F,  0xF1F8, 0xEF32, 0xEC7D, 0xEBF0,
  0xEB8F, 0xE95E, 0xE55B, 0xE02F,  0xE01D, 0xE037, 0xE177, 0xDE6C,
  0xDD35, 0xDD8B, 0xDDFB, 0xDF7E,  0xDF66, 0xDFF3, 0xE0DD, 0xE14E,
  0xE157, 0xE3FA, 0xE30C, 0xE836,  0xE939, 0xEDC3, 0xEE6A, 0xF3B1,
  0xFF84, 0x0310, 0x02A8, 0x0080,  0x08D2, 0x11E8, 0x1409, 0x1162,
  0x10B4, 0x108B, 0x11FC, 0x1192,  0x10F5, 0x1097, 0x1045, 0x10BC,
  0x0E9D, 0x0C25, 0x0BBA, 0x1064,  0x1439, 0x12D6, 0x0F5A, 0x0CDE,
  0x0F61, 0x12AB, 0x147C, 0x13EF,  0x11A2, 0x0F89, 0x0F09, 0x0E74,
  0x0D66, 0x0BAB, 0x0B52, 0x09A8,  0x06EA, 0x046D, 0x0231, 0x04DD,
  0x059F, 0x05FB, 0x03FE, 0x0305,  0x031E, 0x0670, 0x08CA, 0x09C8,
  0x09A0, 0x0A1E, 0x0B2E, 0x0A6F,  0x0C08, 0x0B94, 0x0F0D, 0x1126,
  0x1179, 0x0D14, 0x088F, 0x0A1A,  0x0D45, 0x109A, 0x0E45, 0x0786,
  0x02E3, 0x0272, 0x057F, 0x0766,  0x03B9, 0xFCE1, 0xF848, 0xF8B8,
  0xFA94, 0xFB97, 0xF98A, 0xF5B9,  0xF4D2, 0xF348, 0xF1E0, 0xF180,
  0xF012, 0xEFB5, 0xEC6C, 0xE7E2,  0xE45F, 0xE2AE, 0xE428, 0xE22C,
  0xDFB4, 0xDCE8, 0xDD78, 0xDE12,  0xDFF7, 0xE0BE, 0xE02A, 0xE17E,
  0xE15C, 0xE394, 0xE2ED, 0xE3B4,  0xE2E2, 0xE66B, 0xE8A9, 0xEB4B,
  0xEA91, 0xEFD8, 0xFA32, 0x01FF,  0x0304, 0xFFA0, 0x0859, 0x0B4B,
  0x14B9, 0x13A0, 0x1241, 0x13DC,  0x117A, 0x126D, 0x0F8A, 0x116C,
  0x0FD2, 0x1171, 0x0EDC, 0x0C16,  0x0D11, 0x0F52, 0x12D7, 0x148C,
  0x1104, 0x0ECF, 0x1028, 0x10EE,  0x159C, 0x1371, 0x130F, 0x1041,
  0x1088, 0x1069, 0x0D59, 0x0D55,  0x0A44, 0x0B38, 0x0866, 0x050B,
  0x049C, 0x044D, 0x050A, 0x0629,  0x0547, 0x04BF, 0x0395, 0x04F8,
  0x076D, 0x0970, 0x09F3, 0x0877,  0x088C, 0x08E2, 0x0AE5, 0x0C52,
  0x0BB1, 0x0AEB, 0x0C23, 0x0D19,  0x0C41, 0x0C23, 0x0B54, 0x0AE9,
  0x0B7B, 0x0AAA, 0x09C3, 0x05FC,  0x03BB, 0x022B, 0x0284, 0x01B2,
  0xFE6C, 0xFA9B, 0xF86C, 0xF998,  0xFA47, 0xFA15, 0xF688, 0xF38A,
  0xF199, 0xF202, 0xF1BF, 0xF0A7,  0xEE82, 0xECA4, 0xE96C, 0xE613,
  0xE278, 0xE0F5, 0xE1B6, 0xE310,  0xE30D, 0xDFFE, 0xDD7B, 0xDBF9,
  0xE05F, 0xE518, 0xE7C1, 0xE72B,  0xE4A4, 0xE3FD, 0xE6A2, 0xE945,
  0xED65, 0xEAD9, 0xEAF9, 0xECD2,  0xF1AE, 0xFA2D, 0xFD62, 0xFFEA,
  0xFF70, 0x040B, 0x0C11, 0x0F06,  0x1072, 0x103B, 0x10A3, 0x15BE,
  0x129B, 0x1200, 0x0F43, 0x0FC1,  0x11FC, 0x1004, 0x0E88, 0x0BEE,
  0x0E72, 0x106A, 0x1097, 0x0F4C,  0x0CC0, 0x0DB5, 0x10D1, 0x10F3,
  0x1190, 0x0DEF, 0x0D7B, 0x0E3A,  0x0EA8, 0x0F6A, 0x0DA1, 0x0BE9,
  0x09B1, 0x0902, 0x07CF, 0x06D9,  0x05F0, 0x064A, 0x06DA, 0x0595,
  0x02E9, 0x0370, 0x074D, 0x0A10,  0x099C, 0x0598, 0x04BA, 0x07C8,
  0x0C82, 0x0F03, 0x0C32, 0x09C6,  0x08B4, 0x0A97, 0x0D32, 0x0E3A,
  0x0DEE, 0x0C1C, 0x0B06, 0x09EA,  0x0991, 0x09D7, 0x0910, 0x086F,
  0x05AF, 0x0213, 0xFF29, 0xFD8C,  0xFD50, 0xFD3D, 0xFB1A, 0xF6CC,
  0xF47C, 0xF420, 0xF59D, 0xF5AD,  0xF432, 0xF0F9, 0xED44, 0xEC80,
  0xEC0B, 0xEC18, 0xE9C5, 0xE783,  0xE438, 0xE209, 0xE200, 0xE113,
  0xE34F, 0xE34D, 0xE415, 0xE1E1,  0xE2B1, 0xE46E, 0xE66A, 0xE6AB,
  0xE46D, 0xE59A, 0xE680, 0xE9FF,  0xE981, 0xEB35, 0xEB3C, 0xF300,
  0xFAAC, 0x015E, 0x0164, 0xFCCF,  0x0364, 0x08F7, 0x114B, 0x1209,
  0x0F3A, 0x0D50, 0x0C57, 0x110B,  0x11E0, 0x113A, 0x1175, 0x0EC0,
  0x0F8F, 0x0D39, 0x0DB2, 0x1209,  0x1291, 0x1392, 0x1074, 0x0D4D,
  0x0D37, 0x0EE5, 0x12D7, 0x12C6,  0x1096, 0x0DB4, 0x0BB7, 0x0DA2,
  0x0DDD, 0x0E43, 0x0C3C, 0x099D,  0x07F3, 0x0611, 0x05E5, 0x05FE,
  0x0717, 0x068F, 0x05FC, 0x04FA,  0x03AF, 0x0506, 0x071E, 0x089D,
  0x07C3, 0x07D4, 0x06AA, 0x07CD,  0x08DE, 0x0B3E, 0x0C0A, 0x0A0F,
  0x0684, 0x066A, 0x0C60, 0x0CFB,  0x0D77, 0x09AB, 0x073A, 0x0781,
  0x0763, 0x0743, 0x0660, 0x05E9,  0x034B, 0x000A, 0xFDFB, 0xFD24,
  0xFE4A, 0xFD1B, 0xFA0C, 0xF74C,  0xF577, 0xF590, 0xF5AF, 0xF5C7,
  0xF391, 0xEFB3, 0xECA8, 0xEA52,  0xEA08, 0xEA46, 0xE90F, 0xE7B5,
  0xE2B1, 0xE1C1, 0xE31E, 0xE3E1,  0xE622, 0xE465, 0xE2A3, 0xE25A,
  0xE3DF, 0xE8E3, 0xE7FC, 0xE71E,  0xE5D1, 0xE4D9, 0xE75E, 0xE9A1,
  0xEBF5, 0xED63, 0xEDEC, 0xF63C,  0xFE1A, 0x008C, 0x018A, 0xFEA8,
  0x0BBA, 0x0ED8, 0x10D2, 0x0FAF,  0x0D66, 0x118A, 0x0FE8, 0x1410,
  0x10BD, 0x10B6, 0x1039, 0x102E,  0x10F9, 0x0F4E, 0x0F57, 0x123A,
  0x11E0, 0x116C, 0x0F3F, 0x0D2E,  0x1094, 0x0FEA, 0x122D, 0x0F1F,
  0x0EC4, 0x0DCB, 0x0C5A, 0x0F93,  0x0CC4, 0x0C97, 0x09F7, 0x079E,
  0x0787, 0x0653, 0x069D, 0x0628,  0x04C1, 0x036F, 0x02D0, 0x03C0,
  0x04CA, 0x058D, 0x0750, 0x05BA,  0x062E, 0x0592, 0x06CE, 0x0977,
  0x0944, 0x0A36, 0x0806, 0x089F,  0x07F0, 0x09FD, 0x0BAA, 0x0AB4,
  0x0B09, 0x0963, 0x098D, 0x0910,  0x08F4, 0x0808, 0x0650, 0x055B,
  0x0455, 0x013E, 0xFD64, 0xFCD5,  0xFCE4, 0xFE78, 0xFBD6, 0xF733,
  0xF44D, 0xF3B7, 0xF71C, 0xF6B0,  0xF486, 0xEE79, 0xEB76, 0xEC18,
  0xEBA9, 0xEC64, 0xEA67, 0xE797,  0xE5AE, 0xE3EA, 0xE570, 0xE617,
  0xE80F, 0xE9AF, 0xE779, 0xE43E,  0xE322, 0xE575, 0xE91F, 0xE967,
  0xE76E, 0xE5C4, 0xE544, 0xEB17,  0xECEB, 0xF237, 0xEFE7, 0xF18F,
  0xF86A, 0xFED5, 0x0214, 0xFDB7,  0x0250, 0x070E, 0x0D6C, 0x0D47,
  0x0DE6, 0x0CDC, 0x0C55, 0x1008,  0x1078, 0x1284, 0x119D, 0x109D,
  0x1082, 0x0EFD, 0x0F6D, 0x109F,  0x12E4, 0x11FF, 0x0EA8, 0x0CEB,
  0x0C53, 0x0ED7, 0x10D2, 0x10B6,  0x0FAF, 0x0C42, 0x0A70, 0x0D4D,
  0x0D7D, 0x0E7A, 0x0C29, 0x090A,  0x081B, 0x0674, 0x087E, 0x08EE,
  0x09D7, 0x0637, 0x0179, 0x02C5,  0x03C8, 0x07A2, 0x088F, 0x0634,
  0x03AB, 0x02A4, 0x054B, 0x0937,  0x0A09, 0x073F, 0x0512, 0x0521,
  0x0841, 0x09DC, 0x0B53, 0x0943,  0x0970, 0x0A15, 0x0978, 0x0A09,
  0x0808, 0x0830, 0x075A, 0x0690,  0x03D1, 0x01F2, 0x008F, 0xFF0C,
  0xFEDB, 0xFC90, 0xFA61, 0xF772,  0xF7BB, 0xF78D, 0xF7E7, 0xF731,
  0xF4AB, 0xF1D8, 0xEE50, 0xEE23,  0xEE36, 0xEE6A, 0xECA5, 0xEAA0,
  0xE77B, 0xE7A2, 0xE896, 0xE7EA,  0xE91C, 0xE785, 0xE76F, 0xE5A0,
  0xE4C7, 0xE944, 0xE9BB, 0xEADC,  0xE79A, 0xE50E, 0xE704, 0xE8E6,
  0xEBFF, 0xEDBA, 0xECA5, 0xED59,  0xF193, 0xF944, 0x0076, 0xFB54,
  0xFEF0, 0x001D, 0x070D, 0x0DC2,  0x0A9E, 0x0EF2, 0x0AC1, 0x0DBF,
  0x0F14, 0x0F82, 0x123F, 0x0F7C,  0x1157, 0x0ED5, 0x0E2A, 0x1043,
  0x112C, 0x136E, 0x11A2, 0x0E69,  0x0C97, 0x0D29, 0x1031, 0x1167,
  0x1030, 0x0CBF, 0x0A5D, 0x0C6D,  0x0E4E, 0x0F91, 0x0D50, 0x098B,
  0x08AF, 0x073E, 0x0879, 0x08D4,  0x083B, 0x075F, 0x03F1, 0x04D9,
  0x0317, 0x05BE, 0x074C, 0x060A,  0x0619, 0x014D, 0x023D, 0x04A4,
  0x097E, 0x09C6, 0x04E4, 0x02F4,  0x0308, 0x0898, 0x0C2C, 0x09EE,
  0x0736, 0x05A7, 0x083D, 0x0BCF,  0x0BA7, 0x090D, 0x05E7, 0x05D5,
  0x0629, 0x0567, 0x03F2, 0x0149,  0x00B2, 0xFFBB, 0xFD73, 0xFB96,
  0xF9F1, 0xFA31, 0xF9C0, 0xF768,  0xF40A, 0xF266, 0xF2FF, 0xF31E,
  0xF188, 0xEDB4, 0xEB33, 0xEB86,  0xEC3A, 0xEC2D, 0xE9E2, 0xE7F7,
  0xE6DB, 0xE84F, 0xEA1E, 0xE771,  0xE7CB, 0xE615, 0xE72D, 0xE951,
  0xE895, 0xE8CF, 0xE6B8, 0xE8E1,  0xE94A, 0xEA4B, 0xEC17, 0xED26,
  0xED01, 0xF034, 0xF5DC, 0xFB9B,  0xFDEB, 0xFB16, 0xFF43, 0x02AD,
  0x0BFB, 0x0D8F, 0x0B1B, 0x0CEE,  0x09F9, 0x0F21, 0x109E, 0x128C,
  0x11BC, 0x0E91, 0x0F79, 0x0EBA,  0x11DE, 0x1278, 0x1277, 0x11F1,
  0x0EF9, 0x0EC1, 0x0ECD, 0x1002,  0x11C3, 0x1069, 0x0E36, 0x0BD5,
  0x0C0D, 0x0E95, 0x0F92, 0x0F4C,  0x0AF5, 0x0855, 0x0809, 0x0803,
  0x0AB9, 0x0877, 0x063A, 0x0376,  0x031F, 0x0598, 0x058C, 0x065C,
  0x038D, 0x03C8, 0x03A5, 0x048E,  0x05B5, 0x050E, 0x0534, 0x0476,
  0x04BD, 0x04EE, 0x060D, 0x0825,  0x08BE, 0x0947, 0x0868, 0x0670,
  0x04E6, 0x076F, 0x0C1F, 0x09C8,  0x0622, 0x0258, 0x02B0, 0x0541,
  0x0609, 0x03D6, 0xFE21, 0xFC93,  0xFD5F, 0xFEDF, 0xFDE1, 0xF99B,
  0xF721, 0xF504, 0xF4B7, 0xF567,  0xF3BA, 0xF26E, 0xF020, 0xEF31,
  0xEEFF, 0xED6E, 0xEC98, 0xEC96,  0xEBE2, 0xEA32, 0xE877, 0xE70B,
  0xE65F, 0xE842, 0xE9B3, 0xE82C,  0xE6F8, 0xE78E, 0xE990, 0xEC09,
  0xECDE, 0xEC34, 0xEBC8, 0xEB09,  0xED91, 0xEDF6, 0xEF2C, 0xF07F,
  0xF138, 0xF39C, 0xF7E2, 0xFD80,  0xFF14, 0x002A, 0x0291, 0x07B4,
  0x0AAC, 0x0CFC, 0x0D3C, 0x0C44,  0x0DED, 0x0F92, 0x1306, 0x1275,
  0x1157, 0x1082, 0x0FD8, 0x12D0,  0x1327, 0x140C, 0x1221, 0x0FCF,
  0x0F9C, 0x0F97, 0x1080, 0x101E,  0x0EA3, 0x0D41, 0x0BE7, 0x0BE6,
  0x0C75, 0x0C87, 0x0CC5, 0x0A27,  0x08B0, 0x07BE, 0x07C3, 0x07E0,
  0x06B1, 0x0500, 0x03CB, 0x0357,  0x047A, 0x04BF, 0x0461, 0x03C4,
  0x0327, 0x0347, 0x02F0, 0x04B4,  0x046A, 0x0478, 0x042D, 0x02E9,
  0x0483, 0x0527, 0x068B, 0x0693,  0x065C, 0x06CB, 0x072E, 0x08BB,
  0x0861, 0x0765, 0x0693, 0x0604,  0x0517, 0x06A2, 0x05F6, 0x0344,
  0xFED7, 0xFE6C, 0x0288, 0x0132,  0xFF2F, 0xFAC8, 0xF7DD, 0xF956,
  0xFA09, 0xF955, 0xF5B3, 0xF2AD,  0xF20E, 0xF144, 0xF236, 0xF117,
  0xEF15, 0xED73, 0xEBE5, 0xEB77,  0xEA8D, 0xEAD3, 0xEA9B, 0xEA3C,
  0xE864, 0xE78E, 0xE87C, 0xE935,  0xEB5B, 0xEA76, 0xEA72, 0xEAFC,
  0xEBCF, 0xEDF0, 0xEE18, 0xEF8C,  0xEF02, 0xF04C, 0xF24F, 0xF455,
  0xF551, 0xF7AF, 0xFAAF, 0xFE8C,  0x0063, 0x010D, 0x0463, 0x06EC,
  0x0C7A, 0x0BF3, 0x0BED, 0x0D0A,  0x0D2F, 0x1091, 0x1121, 0x11C6,
  0x105F, 0x0ED7, 0x1119, 0x11B8,  0x13AE, 0x125C, 0x105B, 0x1009,
  0x0EA3, 0x106F, 0x0FCB, 0x0E55,  0x0D25, 0x0B58, 0x0B41, 0x0AFC,
  0x0AC6, 0x0B09, 0x094E, 0x0853,  0x0782, 0x06D6, 0x06C0, 0x05AD,
  0x0645, 0x047D, 0x0258, 0x0239,  0x0286, 0x0447, 0x0348, 0x0236,
  0x012E, 0x01C7, 0x0427, 0x0546,  0x0496, 0x0216, 0x01E3, 0x0380,
  0x0631, 0x06C7, 0x0560, 0x0497,  0x055A, 0x07E1, 0x0970, 0x08DC,
  0x077F, 0x0644, 0x0735, 0x07F6,  0x0759, 0x05B2, 0x03AD, 0x02E5,
  0x01BF, 0x01A8, 0x0129, 0xFFA3,  0xFDC1, 0xFC7C, 0xFC1A, 0xFAD1,
  0xF862, 0xF81B, 0xF7DB, 0xF654,  0xF3A3, 0xF1CB, 0xF1B3, 0xF1AB,
  0xF1AF, 0xF042, 0xED7C, 0xEBE3,  0xECF1, 0xEF94, 0xEF09, 0xEB93,
  0xE84A, 0xE761, 0xEA47, 0xEDE8,  0xEEDD, 0xEB70, 0xE8E4, 0xEA1F,
  0xEF53, 0xF30B, 0xF2E3, 0xF070,  0xEE6D, 0xEFD7, 0xF417, 0xF7D7,
  0xF818, 0xF4DF, 0xF558, 0xF937,  0xFE55, 0x02D3, 0x02FB, 0x035E,
  0x0301, 0x0796, 0x0D1C, 0x0E49,  0x0D6E, 0x0BC7, 0x0C68, 0x0FCB,
  0x1196, 0x1268, 0x1065, 0x0EEF,  0x1018, 0x1126, 0x12FF, 0x11D3,
  0x1030, 0x0E85, 0x0DAC, 0x0EC7,  0x0E0E, 0x0CFB, 0x0B95, 0x09D2,
  0x09F9, 0x090F, 0x094F, 0x0894,  0x07A0, 0x0701, 0x0612, 0x0609,
  0x04BF, 0x0442, 0x037F, 0x028A,  0x0183, 0x018A, 0x0219, 0x01C7,
  0x0106, 0x00E3, 0x0245, 0x0301,  0x03B8, 0x032D, 0x0263, 0x031A,
  0x0425, 0x0551, 0x0532, 0x04BA,  0x045D, 0x04DA, 0x0677, 0x07CC,
  0x0808, 0x06F1, 0x0632, 0x0618,  0x06BD, 0x070A, 0x060D, 0x048D,
  0x02DE, 0x0254, 0x0226, 0x0195,  0x005B, 0xFEC8, 0xFD3B, 0xFC35,
  0xFB40, 0xFADF, 0xFA00, 0xF865,  0xF71D, 0xF53A, 0xF4BD, 0xF415,
  0xF3E5, 0xF2B4, 0xF058, 0xEF03,  0xEEA2, 0xEED8, 0xEE77, 0xEDFC,
  0xECB5, 0xEC4A, 0xECC2, 0xED7C,  0xEE1A, 0xEE3B, 0xEE87, 0xEE38,
  0xEE8E, 0xEFDA, 0xF105, 0xF196,  0xF0F2, 0xF0AD, 0xF192, 0xF36D,
  0xF479, 0xF613, 0xF620, 0xF7FA,  0xF98D, 0xFCE4, 0x00F4, 0x005C,
  0x02DA, 0x026E, 0x0644, 0x0869,  0x095A, 0x0B21, 0x08E3, 0x0B4A,
  0x0BA5, 0x0E3A, 0x0EE2, 0x0E13,  0x0E91, 0x0E19, 0x1037, 0x1115,
  0x110B, 0x1018, 0x0EBC, 0x0E53,  0x0E69, 0x0DF2, 0x0D1A, 0x0B30,
  0x0A9F, 0x0A5F, 0x09CF, 0x0A00,  0x08A1, 0x083F, 0x0788, 0x06B0,
  0x0674, 0x0471, 0x040E, 0x033C,  0x02D0, 0x02DF, 0x0119, 0x016A,
  0x00D4, 0x023D, 0x0348, 0x0220,  0x02E2, 0x01B2, 0x037C, 0x04C4,
  0x0524, 0x051E, 0x026C, 0x03AC,  0x047E, 0x0676, 0x06FD, 0x04F1,
  0x0490, 0x04B1, 0x0703, 0x07C0,  0x06AC, 0x0523, 0x03E6, 0x0451,
  0x04F0, 0x048E, 0x0310, 0x0110,  0x0036, 0x0023, 0xFFD0, 0xFF01,
  0xFD1D, 0xFC30, 0xFB86, 0xFB46,  0xF9FC, 0xF83E, 0xF6EB, 0xF59F,
  0xF521, 0xF427, 0xF348, 0xF201,  0xF19B, 0xF13D, 0xF10F, 0xF0E3,
  0xF03C, 0xF017, 0xEF84, 0xF003,  0xEF79, 0xEFB1, 0xF015, 0xF042,
  0xF151, 0xF146, 0xF257, 0xF2A7,  0xF3BE, 0xF46D, 0xF497, 0xF47B,
  0xF3F3, 0xF4B7, 0xF57D, 0xF692,  0xF652, 0xF79D, 0xF805, 0xFAF1,
  0xFD90, 0xFF37, 0x00B2, 0xFFFA,  0x028D, 0x03AE, 0x05C5, 0x065D,
  0x0602, 0x06E4, 0x0718, 0x09E4,  0x0ACE, 0x0B7A, 0x0C28, 0x0C10,
  0x0D7D, 0x0DF2, 0x0E55, 0x0E57,  0x0D82, 0x0D85, 0x0D52, 0x0CFE,
  0x0C88, 0x0BCC, 0x0B9B, 0x0B68,  0x0B14, 0x0AC9, 0x09EE, 0x09C6,
  0x095C, 0x08F9, 0x0836, 0x06B8,  0x05FD, 0x0550, 0x0507, 0x047E,
  0x03C5, 0x0330, 0x0321, 0x03CC,  0x0433, 0x041E, 0x039C, 0x0397,
  0x03E6, 0x0482, 0x0460, 0x03FC,  0x03A2, 0x0399, 0x044A, 0x049F,
  0x04B0, 0x045C, 0x048C, 0x04AF,  0x054C, 0x050F, 0x04B4, 0x0406,
  0x0358, 0x0319, 0x029C, 0x0238,  0x0137, 0x00B8, 0x0019, 0xFFB7,
  0xFF2B, 0xFE95, 0xFDE7, 0xFCE9,  0xFC7C, 0xFB90, 0xFAD4, 0xF9F5,
  0xF920, 0xF81E, 0xF6E5, 0xF615,  0xF522, 0xF473, 0xF3B0, 0xF30B,
  0xF267, 0xF21F, 0xF1F7, 0xF1C2,  0xF19B, 0xF16E, 0xF15E, 0xF19C,
  0xF212, 0xF211, 0xF234, 0xF1CE,  0xF276, 0xF29C, 0xF324, 0xF344,
  0xF2BF, 0xF301, 0xF283, 0xF37A,  0xF30A, 0xF3DE, 0xF44E, 0xF512,
  0xF690, 0xF84C, 0xFA57, 0xFB3F,  0xFD86, 0xFE5A, 0x0092, 0x0140,
  0x02F6, 0x0410, 0x04BB, 0x06E6,  0x073E, 0x0942, 0x099A, 0x0B51,
  0x0C03, 0x0CE5, 0x0E1A, 0x0E05,  0x0F0F, 0x0E9A, 0x0F39, 0x0ED4,
  0x0EB1, 0x0E25, 0x0D7C, 0x0D6C,  0x0D0D, 0x0D09, 0x0C42, 0x0C12,
  0x0B4F, 0x0B41, 0x0AAC, 0x0A0A,  0x090C, 0x07CC, 0x074B, 0x064C,
  0x0637, 0x055E, 0x050C, 0x0481,  0x043E, 0x045D, 0x03F8, 0x03F4,
  0x0360, 0x034E, 0x02E7, 0x02DF,  0x0299, 0x0274, 0x0253, 0x0277,
  0x02D4, 0x02F0, 0x0323, 0x02D3,  0x033F, 0x02F4, 0x0351, 0x030E,
  0x02C2, 0x026B, 0x0165, 0x0191,  0x00C8, 0x00D6, 0x0037, 0xFF9F,
  0xFF14, 0xFE83, 0xFE8A, 0xFDF0,  0xFD90, 0xFC95, 0xFBF1, 0xFB46,
  0xFACF, 0xFA20, 0xF95E, 0xF863,  0xF77C, 0xF6E5, 0xF617, 0xF5D3,
  0xF515, 0xF4B2, 0xF414, 0xF3CB,  0xF380, 0xF34C, 0xF34F, 0xF317,
  0xF2FB, 0xF2E8, 0xF2F6, 0xF2C4,  0xF346, 0xF32E, 0xF388, 0xF33E,
  0xF312, 0xF306, 0xF256, 0xF2C5,  0xF23C, 0xF2C0, 0xF2F3, 0xF3CF,
  0xF4C2, 0xF648, 0xF7E4, 0xF948,  0xFABF, 0xFBE1, 0xFDBC, 0xFE6B,
  0x0061, 0x0137, 0x029B, 0x03F1,  0x0506, 0x06D2, 0x079B, 0x096D,
  0x0A2F, 0x0B5E, 0x0C09, 0x0CD0,  0x0D65, 0x0DB6, 0x0DDD, 0x0DFC,
  0x0DDA, 0x0DB9, 0x0DCD, 0x0D60,  0x0D97, 0x0D27, 0x0D39, 0x0CD2,
  0x0C95, 0x0C4A, 0x0B88, 0x0B11,  0x0A16, 0x096D, 0x0884, 0x07C9,
  0x0720, 0x069D, 0x0645, 0x05F7,  0x0582, 0x0520, 0x04B1, 0x045A,
  0x03F6, 0x0392, 0x0339, 0x02A7,  0x0254, 0x0202, 0x01F1, 0x01D7,
  0x01F3, 0x020D, 0x022C, 0x0243,  0x0237, 0x0256, 0x022E, 0x0230,
  0x0200, 0x01B4, 0x016D, 0x011C,  0x00D0, 0x007D, 0x000F, 0xFFA5,
  0xFF26, 0xFEE3, 0xFED6, 0xFE52,  0xFDFC, 0xFD32, 0xFCB8, 0xFC27,
  0xFB96, 0xFAFF, 0xF9E9, 0xF971,  0xF8B5, 0xF86A, 0xF7DC, 0xF717,
  0xF6AF, 0xF636, 0xF633, 0xF620,  0xF5E5, 0xF56B, 0xF500, 0xF4BA,
  0xF480, 0xF460, 0xF413, 0xF3F2,  0xF3E2, 0xF3F4, 0xF40D, 0xF417,
  0xF40E, 0xF433, 0xF422, 0xF3F3,  0xF3B4, 0xF36F, 0xF361, 0xF38F,
  0xF42A, 0xF4CA, 0xF5FA, 0xF719,  0xF8B1, 0xFA18, 0xFB89, 0xFD28,
  0xFE14, 0xFF80, 0x0086, 0x01B2,  0x02DA, 0x03F6, 0x0552, 0x065A,
  0x07A7, 0x08C5, 0x09A7, 0x0AB6,  0x0B76, 0x0C47, 0x0CF4, 0x0D3A,
  0x0DB9, 0x0D98, 0x0DBD, 0x0DAA,  0x0D84, 0x0D5D, 0x0CFE, 0x0CF5,
  0x0C97, 0x0C87, 0x0C1E, 0x0BE9,  0x0B5C, 0x0AC9, 0x0A17, 0x0910,
  0x0845, 0x0785, 0x074A, 0x06A1,  0x0635, 0x059C, 0x0526, 0x04DA,
  0x0482, 0x0408, 0x0343, 0x02A1,  0x0201, 0x01A5, 0x0157, 0x0137,
  0x010D, 0x0102, 0x00F8, 0x0130,  0x014E, 0x0175, 0x0179, 0x014D,
  0x012D, 0x00E5, 0x00C8, 0x0070,  0x0072, 0x0030, 0x0008, 0xFFC5,
  0xFF7C, 0xFF50, 0xFEE3, 0xFEDE,  0xFE40, 0xFDEA, 0xFD55, 0xFCFB,
  0xFC84, 0xFC44, 0xFC24, 0xFB89,  0xFB17, 0xFA64, 0xF9CD, 0xF926,
  0xF8B6, 0xF839, 0xF7BA, 0xF74A,  0xF719, 0xF6C0, 0xF6B6, 0xF681,
  0xF642, 0xF5B7, 0xF540, 0xF4C9,  0xF47A, 0xF46F, 0xF462, 0xF477,
  0xF466, 0xF48A, 0xF495, 0xF4B6,  0xF4CE, 0xF4C7, 0xF4C2, 0xF4D2,
  0xF4D2, 0xF515, 0xF568, 0xF628,  0xF70F, 0xF826, 0xF982, 0xFA5F,
  0xFBF4, 0xFCDD, 0xFE65, 0xFF80,  0x00B0, 0x01D9, 0x02A9, 0x0418,
  0x0512, 0x067E, 0x0798, 0x08B9,  0x09A7, 0x0A66, 0x0B3D, 0x0BC8,
  0x0C5C, 0x0CBB, 0x0CE3, 0x0CFD,  0x0CFE, 0x0CFD, 0x0CDF, 0x0CBE,
  0x0C83, 0x0C34, 0x0BEC, 0x0B87,  0x0B41, 0x0ACB, 0x0A70, 0x09E9,
  0x095C, 0x08AF, 0x07FF, 0x074C,  0x0690, 0x05DF, 0x0533, 0x04AC,
  0x042A, 0x03DA, 0x0365, 0x0306,  0x027F, 0x020E, 0x01B1, 0x0165,
  0x0138, 0x00EF, 0x00C3, 0x008B,  0x0069, 0x0060, 0x0065, 0x008A,
  0x00B3, 0x00D4, 0x00F0, 0x00F8,  0x0114, 0x010E, 0x0110, 0x00DA,
  0x007F, 0x0034, 0xFFF1, 0xFFC0,  0xFFA4, 0xFF58, 0xFEF5, 0xFEA5,
  0xFE6E, 0xFE67, 0xFE0E, 0xFDC0,  0xFCFE, 0xFC93, 0xFBFE, 0xFBAE,
  0xFB24, 0xFA7E, 0xFA3C, 0xF99E,  0xF986, 0xF90A, 0xF8B4, 0xF83E,
  0xF7C3, 0xF775, 0xF705, 0xF6CD,  0xF671, 0xF641, 0xF5AD, 0xF4F2,
  0xF4A3, 0xF455, 0xF4A2, 0xF501,  0xF548, 0xF544, 0xF519, 0xF54A,
  0xF571, 0xF5CD, 0xF5C6, 0xF5A0,  0xF58C, 0xF5A8, 0xF67E, 0xF76F,
  0xF877, 0xF96B, 0xFA2E, 0xFB4A,  0xFC5B, 0xFDBA, 0xFED8, 0xFFE4,
  0x00DB, 0x01E4, 0x034B, 0x0481,  0x05F4, 0x0717, 0x0832, 0x092E,
  0x09FB, 0x0AAE, 0x0B36, 0x0BB2,  0x0C16, 0x0C5B, 0x0C9C, 0x0CAA,
  0x0CCE, 0x0CAE, 0x0C87, 0x0C52,  0x0BF7, 0x0BAA, 0x0B4D, 0x0AE8,
  0x0A6F, 0x09C6, 0x0922, 0x0888,  0x07FD, 0x079B, 0x0701, 0x067B,
  0x05B8, 0x0540, 0x04A2, 0x0447,  0x0379, 0x02C8, 0x01FD, 0x0169,
  0x012C, 0x0117, 0x015A, 0x0115,  0x0126, 0x00E8, 0x00D7, 0x00BD,
  0x0095, 0x0046, 0x0004, 0xFFD6,  0x0001, 0x004D, 0x00BD, 0x012C,
  0x0159, 0x0169, 0x0148, 0x0131,  0x00F4, 0x00CB, 0x0077, 0x0016,
  0xFFBC, 0xFF70, 0xFF45, 0xFF0D,  0xFEE6, 0xFE98, 0xFE27, 0xFDD7,
  0xFD62, 0xFD0D, 0xFC7B, 0xFBF6,  0xFB4F, 0xFAB5, 0xFA60, 0xFA06,
  0xF9CC, 0xF94D, 0xF8CA, 0xF81C,  0xF79F, 0xF718, 0xF6BF, 0xF669,
  0xF634, 0xF601, 0xF604, 0xF60B,  0xF63B, 0xF64F, 0xF660, 0xF63A,
  0xF615, 0xF5EC, 0xF5B8, 0xF5CC,  0xF5BF, 0xF5F4, 0xF608, 0xF692,
  0xF6CD, 0xF772, 0xF7D9, 0xF8A8,  0xF960, 0xFA41, 0xFB44, 0xFBB8,
  0xFCBD, 0xFD4C, 0xFE8A, 0xFF71,  0x00B8, 0x01C0, 0x02C0, 0x03D0,
  0x04F2, 0x05FE, 0x06E3, 0x07B8,  0x086A, 0x092E, 0x09EC, 0x0ACB,
  0x0B62, 0x0BED, 0x0C2D, 0x0C59,  0x0C46, 0x0C2C, 0x0BDA, 0x0B8F,
  0x0B43, 0x0B04, 0x0AD9, 0x0A99,  0x0A54, 0x09EB, 0x0963, 0x08BE,
  0x0802, 0x075C, 0x06CD, 0x0641,  0x05B3, 0x0505, 0x044C, 0x03A5,
  0x0333, 0x02B5, 0x0252, 0x01BC,  0x0183, 0x015E, 0x019D, 0x01D2,
  0x01CD, 0x0175, 0x00B6, 0x0058,  0xFFFF, 0x0004, 0xFFFE, 0xFFF6,
  0x000A, 0x003A, 0x00A6, 0x00F9,  0x010C, 0x00F3, 0x00B8, 0x00B6,
  0x0093, 0x0096, 0x005A, 0x000E,  0xFFD4, 0xFF87, 0xFF4D, 0xFEEC,
  0xFEB0, 0xFE6E, 0xFE38, 0xFE01,  0xFD7A, 0xFCDF, 0xFC38, 0xFB9B,
  0xFB20, 0xFA85, 0xFA1D, 0xF993,  0xF95C, 0xF93F, 0xF91B, 0xF8DE,
  0xF857, 0xF7C4, 0xF70D, 0xF6A9,  0xF66B, 0xF65E, 0xF67D, 0xF6BA,
  0xF6FE, 0xF731, 0xF768, 0xF761,  0xF787, 0xF77E, 0xF78A, 0xF76A,
  0xF760, 0xF77C, 0xF7A2, 0xF829,  0xF855, 0xF8C2, 0xF8DE, 0xF97A,
  0xFA1C, 0xFB19, 0xFC19, 0xFCA5,  0xFD50, 0xFDA2, 0xFE9D, 0xFF4E,
  0x005F, 0x0116, 0x01CD, 0x029D,  0x039B, 0x04C3, 0x05A2, 0x0640,
  0x06B7, 0x0735, 0x07D8, 0x0892,  0x0939, 0x09AB, 0x09E4, 0x0A4A,
  0x0A76, 0x0AC0, 0x0AAC, 0x0A84,  0x0A30, 0x09F8, 0x09D0, 0x09A0,
  0x0967, 0x0907, 0x08A6, 0x0835,  0x07E3, 0x076F, 0x0721, 0x0696,
  0x0629, 0x0586, 0x04FB, 0x0466,  0x03D1, 0x036A, 0x0304, 0x02D6,
  0x02A6, 0x02A9, 0x029F, 0x0292,  0x026E, 0x0228, 0x01E5, 0x01AD,
  0x018B, 0x015C, 0x0124, 0x00F8,  0x00DC, 0x00D5, 0x00E5, 0x00DD,
  0x00D0, 0x00A9, 0x00A0, 0x0092,  0x0079, 0x0058, 0x000C, 0xFFB8,
  0xFF56, 0xFEF0, 0xFE8C, 0xFE23,  0xFDDA, 0xFD90, 0xFD5F, 0xFD2A,
  0xFCE0, 0xFC7B, 0xFBF2, 0xFB84,  0xFAFF, 0xFA92, 0xFA26, 0xF9B6,
  0xF952, 0xF8E5, 0xF8A9, 0xF857,  0xF839, 0xF812, 0xF804, 0xF7FE,
  0xF7F3, 0xF7D8, 0xF7A5, 0xF799,  0xF79E, 0xF7E1, 0xF808, 0xF82E,
  0xF83C, 0xF847, 0xF864, 0xF88A,  0xF8B9, 0xF8C0, 0xF8BE, 0xF8D4,
  0xF8EE, 0xF94F, 0xF98A, 0xF9FF,  0xFA4C, 0xFAF6, 0xFBA5, 0xFC60,
  0xFD43, 0xFDC7, 0xFE97, 0xFF38,  0x0012, 0x00B8, 0x014A, 0x01CF,
  0x0258, 0x031A, 0x03F2, 0x04D6,  0x05A4, 0x065B, 0x072C, 0x07D7,
  0x0880, 0x08D4, 0x0902, 0x0923,  0x0936, 0x0970, 0x0980, 0x099C,
  0x098E, 0x09A5, 0x09AB, 0x09A9,  0x098A, 0x0941, 0x08EA, 0x0893,
  0x083B, 0x07CD, 0x076A, 0x06F7,  0x06A3, 0x062E, 0x05A5, 0x051D,
  0x0484, 0x0419, 0x03BE, 0x0388,  0x0325, 0x02D8, 0x028D, 0x0267,
  0x0251, 0x0234, 0x0207, 0x019F,  0x0176, 0x0145, 0x014A, 0x011E,
  0x00EC, 0x0080, 0xFFEC, 0xFFBF,  0xFF81, 0xFF86, 0xFF6B, 0xFF5E,
  0xFF33, 0xFF19, 0xFF02, 0xFED6,  0xFE80, 0xFE0D, 0xFD8B, 0xFD23,
  0xFCBF, 0xFC99, 0xFC4F, 0xFC37,  0xFBFF, 0xFBDD, 0xFBAF, 0xFB74,
  0xFB50, 0xFAEC, 0xFA8D, 0xFA05,  0xF990, 0xF91F, 0xF8DB, 0xF8A4,
  0xF880, 0xF85F, 0xF851, 0xF861,  0xF890, 0xF8CF, 0xF904, 0xF91B,
  0xF936, 0xF929, 0xF900, 0xF8D6,  0xF8B0, 0xF8AB, 0xF8AD, 0xF8E7,
  0xF8FE, 0xF946, 0xF976, 0xF9DF,  0xFA0C, 0xFA84, 0xFADB, 0xFB47,
  0xFBF5, 0xFC9A, 0xFD5A, 0xFDAC,  0xFE6E, 0xFEE2, 0xFFAB, 0x0045,
  0x0118, 0x01A2, 0x022E, 0x0307,  0x03A0, 0x0462, 0x04E2, 0x0580,
  0x05ED, 0x067B, 0x0705, 0x077A,  0x0806, 0x0878, 0x08F4, 0x0926,
  0x093B, 0x092D, 0x08F4, 0x08F8,  0x08D2, 0x08D1, 0x08A4, 0x087E,
  0x0869, 0x0839, 0x0821, 0x07C1,  0x076B, 0x06DF, 0x0672, 0x05EB,
  0x056F, 0x04F7, 0x0477, 0x0407,  0x03A1, 0x0351, 0x02EA, 0x02A1,
  0x024E, 0x021A, 0x01EB, 0x01BE,  0x0187, 0x0130, 0x00E6, 0x0097,
  0x0064, 0x002B, 0x0006, 0xFFD6,  0xFFE4, 0xFFF5, 0x000D, 0x0011,
  0xFFD7, 0xFF6F, 0xFED0, 0xFE7F,  0xFE23, 0xFDF2, 0xFDC3, 0xFD7A,
  0xFD48, 0xFD18, 0xFD15, 0xFCEF,  0xFCBC, 0xFC74, 0xFC24, 0xFBE6,
  0xFB9E, 0xFB5A, 0xFB09, 0xFAC0,  0xFA79, 0xFA52, 0xFA26, 0xF9FD,
  0xF9D7, 0xF9B2, 0xF99E, 0xF97F,  0xF967, 0xF93E, 0xF92D, 0xF917,
  0xF931, 0xF958, 0xF99E, 0xF9F0,  0xFA4E, 0xFA9F, 0xFABE, 0xFAB6,
  0xFAC7, 0xFADF, 0xFB0E, 0xFB4A,  0xFB72, 0xFB95, 0xFBC2, 0xFC31,
  0xFCA6, 0xFD24, 0xFD8B, 0xFDFA,  0xFE67, 0xFED3, 0xFF2F, 0xFF67,
  0xFF9A, 0xFFF3, 0x0078, 0x00FC,  0x0186, 0x0202, 0x027A, 0x0313,
  0x0394, 0x0407, 0x0460, 0x04BC,  0x051A, 0x0585, 0x05E7, 0x0646,
  0x0693, 0x06E6, 0x073D, 0x0774,  0x0788, 0x0778, 0x0756, 0x073D,
  0x0731, 0x0738, 0x0737, 0x073D,  0x0738, 0x0732, 0x0726, 0x070F,
  0x06CD, 0x0667, 0x05E0, 0x053A,  0x04AA, 0x0431, 0x03DD, 0x0391,
  0x034A, 0x030A, 0x02C1, 0x0285,  0x024A, 0x01EB, 0x016E, 0x00E8,
  0x005A, 0xFFE6, 0xFF98, 0xFF66,  0xFF3D, 0xFF1F, 0xFF0C, 0xFF15,
  0xFF03, 0xFF17, 0xFEFC, 0xFECE,  0xFE64, 0xFDE7, 0xFD7F, 0xFD26,
  0xFD13, 0xFD31, 0xFD79, 0xFD69,  0xFD5D, 0xFD10, 0xFCD7, 0xFC93,
  0xFC69, 0xFC29, 0xFBE2, 0xFBA9,  0xFB91, 0xFB9D, 0xFBBC, 0xFBE0,
  0xFBE0, 0xFBCC, 0xFBA9, 0xFB82,  0xFB68, 0xFB5C, 0xFB50, 0xFB53,
  0xFB44, 0xFB3D, 0xFB1D, 0xFB17,  0xFB1F, 0xFB22, 0xFB3C, 0xFB2D,
  0xFB38, 0xFB34, 0xFB53, 0xFB7A,  0xFBBA, 0xFC01, 0xFC51, 0xFCB8,
  0xFD0B, 0xFD4A, 0xFD6C, 0xFDA1,  0xFDE7, 0xFE4C, 0xFEA3, 0xFEF2,
  0xFF3F, 0xFF9D, 0x0004, 0x0080,  0x00FB, 0x0156, 0x01AF, 0x0208,
  0x0275, 0x02BB, 0x0302, 0x0345,  0x0392, 0x03FA, 0x0465, 0x04C5,
  0x04FA, 0x0528, 0x0558, 0x0581,  0x059D, 0x05A5, 0x059D, 0x057B,
  0x057C, 0x0575, 0x0578, 0x054A,  0x052B, 0x0505, 0x04E7, 0x04CC,
  0x04B0, 0x0465, 0x03F0, 0x0397,  0x034C, 0x0310, 0x02DF, 0x0293,
  0x0258, 0x0248, 0x025A, 0x0282,  0x0250, 0x0207, 0x0183, 0x0126,
  0x00D8, 0x00AB, 0x0084, 0x0054,  0x0033, 0x0025, 0x0020, 0x000D,
  0xFFE9, 0xFFBB, 0xFFA7, 0xFF84,  0xFF6E, 0xFF5C, 0xFF3D, 0xFF2A,
  0xFF12, 0xFF0B, 0xFEED, 0xFED3,  0xFE98, 0xFE7C, 0xFE59, 0xFE49,
  0xFE3F, 0xFE32, 0xFE2D, 0xFE09,  0xFDF8, 0xFDE7, 0xFDFF, 0xFE10,
  0xFE00, 0xFDC7, 0xFD95, 0xFD68,  0xFD4C, 0xFD2A, 0xFCDA, 0xFC79,
  0xFC59, 0xFC82, 0xFCE4, 0xFD0B,  0xFD1E, 0xFCD9, 0xFCAB, 0xFCB6,
  0xFCC7, 0xFCB4, 0xFC7C, 0xFC64,  0xFC65, 0xFC88, 0xFCA7, 0xFCB2,
  0xFC9C, 0xFCB0, 0xFCDD, 0xFCF9,  0xFD0E, 0xFD01, 0xFD01, 0xFD10,
  0xFD40, 0xFD7D, 0xFDCF, 0xFE1A,  0xFE86, 0xFEE0, 0xFF35, 0xFF90,
  0xFFD0, 0x000B, 0x0019, 0x0029,  0x0044, 0x0088, 0x00F1, 0x0159,
  0x01AA, 0x01D0, 0x0207, 0x0264,  0x02D4, 0x032B, 0x035A, 0x035E,
  0x0350, 0x035E, 0x0397, 0x03CF,  0x03EA, 0x03FB, 0x0413, 0x044E,
  0x048A, 0x04B0, 0x0497, 0x0464,  0x0413, 0x03C6, 0x0391, 0x0361,
  0x033A, 0x0344, 0x036E, 0x0381,  0x038A, 0x035F, 0x0309, 0x029F,
  0x024F, 0x020C, 0x01CB, 0x0196,  0x015F, 0x013B, 0x012A, 0x012F,
  0x012C, 0x0119, 0x00FE, 0x00C7,  0x0091, 0x0050, 0x0025, 0xFFF9,
  0xFFD3, 0xFFA2, 0xFF65, 0xFF42,  0xFF2D, 0xFF38, 0xFF39, 0xFF36,
  0xFF19, 0xFEED, 0xFEE5, 0xFEEA,  0xFEFE, 0xFF03, 0xFEFD, 0xFF00,
  0xFF04, 0xFF02, 0xFEE6, 0xFEB2,  0xFE75, 0xFE4C, 0xFE52, 0xFE64,
  0xFE78, 0xFE66, 0xFE47, 0xFE31,  0xFE4F, 0xFE6B, 0xFE7B, 0xFE59,
  0xFE17, 0xFDD9, 0xFDB8, 0xFDAE,  0xFD77, 0xFD4D, 0xFD14, 0xFD0A,
  0xFD1B, 0xFD12, 0xFD18, 0xFCE3,  0xFCE9, 0xFCFB, 0xFD0A, 0xFCF5,
  0xFCA9, 0xFCC4, 0xFCEA, 0xFD41,  0xFD23, 0xFD06, 0xFCE3, 0xFCE7,
  0xFD5A, 0xFE18, 0xFE9E, 0xFE87,  0xFE95, 0xFF08, 0xFF99, 0x0009,
  0x0057, 0x004D, 0x004D, 0x008F,  0x0116, 0x0180, 0x01A2, 0x01AB,
  0x01DE, 0x0232, 0x027D, 0x02CA,  0x02FB, 0x030A, 0x02FA, 0x0309,
  0x02FB, 0x02E9, 0x02D1, 0x02F7,  0x02FA, 0x02E4, 0x02C4, 0x02D0,
  0x02D1, 0x02DE, 0x02C1, 0x0295,  0x0269, 0x0265, 0x0290, 0x02B5,
  0x02A5, 0x0250, 0x020F, 0x020B,  0x0217, 0x0222, 0x01FB, 0x01BC,
  0x0183, 0x0183, 0x018F, 0x017E,  0x0146, 0x00FD, 0x00B9, 0x009C,
  0x0090, 0x00A8, 0x00B7, 0x00BB,  0x00A4, 0x0077, 0x0056, 0x0045,
  0x0041, 0x0024, 0xFFEB, 0xFFB1,  0xFF7E, 0xFF72, 0xFF68, 0xFF4A,
  0xFF1A, 0xFEE4, 0xFEC8, 0xFEBD,  0xFEA7, 0xFEA2, 0xFE93, 0xFE85,
  0xFE74, 0xFE5F, 0xFE59, 0xFE43,  0xFE41, 0xFE49, 0xFE45, 0xFE31,
  0xFE00, 0xFDEE, 0xFDEC, 0xFDF2,  0xFDF7, 0xFDDD, 0xFDC9, 0xFDBF,
  0xFDF9, 0xFE2B, 0xFE4B, 0xFE42,  0xFE3C, 0xFE3F, 0xFE59, 0xFE7E,
  0xFE98, 0xFE98, 0xFE8E, 0xFEA1,  0xFEAB, 0xFEBB, 0xFEB4, 0xFEAD,
  0xFEAA, 0xFE9F, 0xFE9D, 0xFEA0,  0xFEE0, 0xFF1D, 0xFF60, 0xFF78,
  0xFF83, 0xFF97, 0xFFD3, 0x0029,  0x0072, 0x007F, 0x0078, 0x008B,
  0x00CF, 0x0109, 0x0121, 0x0112,  0x00F0, 0x00E5, 0x00FB, 0x011A,
  0x011D, 0x010C, 0x0119, 0x013A,  0x0164, 0x016A, 0x0168, 0x0175,
  0x017E, 0x018F, 0x0189, 0x0185,  0x0174, 0x0195, 0x01B6, 0x01CA,
  0x01AF, 0x01A9, 0x01B7, 0x01CF,  0x01C4, 0x019B, 0x014C, 0x0116,
  0x0106, 0x012F, 0x0164, 0x016C,  0x015E, 0x0137, 0x0128, 0x012A,
  0x012F, 0x011B, 0x00DA, 0x007E,  0x002C, 0x0016, 0x002B, 0x0045,
  0x0047, 0x0025, 0x0003, 0xFFFC,  0x000F, 0x002A, 0x001B, 0xFFF0,
  0xFF8E, 0xFF38, 0xFF0B, 0xFEFC,  0xFF00, 0xFF0C, 0xFF0B, 0xFF16,
  0xFF07, 0xFF17, 0xFF43, 0xFF77,  0xFF60, 0xFF2C, 0xFF06, 0xFEDE,
  0xFEDE, 0xFF2A, 0xFF70, 0xFF4E,  0xFF29, 0xFF29, 0xFF4C, 0xFF7E,
  0xFF73, 0xFF52, 0xFF15, 0xFED3,  0xFEC8, 0xFEF1, 0xFF15, 0xFF09,
  0xFEFE, 0xFF1C, 0xFF3C, 0xFF53,  0xFF79, 0xFFA1, 0xFF94, 0xFF60,
  0xFF39, 0xFF2E, 0xFF22, 0xFF44,  0xFF4E, 0xFF4C, 0xFF31, 0xFF2D,
  0xFF5F, 0xFF91, 0xFFB9, 0xFFB4,  0xFFAC, 0xFFAE, 0xFFB8, 0xFFEF,
  0x000D, 0x0027, 0x002E, 0x001F,  0x003C, 0x005A, 0x008B, 0x009D,
  0x00A2, 0x0093, 0x008A, 0x007B,  0x0074, 0x007C, 0x008A, 0x0093,
  0x0090, 0x0088, 0x0092, 0x00AB,  0x00E3, 0x0110, 0x0121, 0x0104,
  0x00D0, 0x00C9, 0x00DF, 0x0100,  0x00E9, 0x00C8, 0x00A2, 0x0094,
  0x00A9, 0x00E9, 0x0116, 0x00FB,  0x00BF, 0x00AF, 0x0093, 0x007F,
  0x006A, 0x004C, 0x0031, 0x0000,  0xFFFE, 0x000B, 0x0013, 0x0014,
  0x000D, 0x0013, 0x0010, 0x0006,  0x0009, 0x000A, 0x001A, 0xFFFD,
  0xFFE5, 0xFFDE, 0xFFDF, 0xFFF2,  0xFFF5, 0xFFFF, 0x0002, 0xFFFD,
  0x0002, 0xFFF2, 0xFFE4, 0xFFC1,  0xFFBD, 0xFFA9, 0xFFAC, 0xFFB0,
  0xFFB0, 0xFFB6, 0xFFAD, 0xFFB5,  0xFFB8, 0xFFD0, 0xFFDF, 0xFFEA,
  0xFFD9, 0xFFDA, 0xFFC9, 0xFFAB,  0xFF94, 0xFF96, 0xFF92, 0xFF7F,
  0xFF6B, 0xFF4C, 0xFF49, 0xFF4D,  0xFF69, 0xFF8A, 0xFF8C, 0xFF80,
  0xFF6D, 0xFF7F, 0xFF96, 0xFFAF,  0xFFB5, 0xFF98, 0xFF79, 0xFF68,
  0xFF83, 0xFFA3, 0xFFAB, 0xFF9F,  0xFF8B, 0xFF9D, 0xFFC3, 0xFFDD,
  0xFFF8, 0xFFFC, 0xFFE8, 0xFFEE,  0xFFF6, 0x001A, 0x002E, 0x0035,
  0x0047, 0x0041, 0x003F, 0x0041,  0x0049, 0x0055, 0x005C, 0x005B,
  0x005D, 0x005F, 0x0082, 0x008B,  0x009D, 0x0096, 0x008B, 0x0085,
  0x0087, 0x0095, 0x008F, 0x0082,  0x006B, 0x0055, 0x002C, 0x000A,
  0xFFFE, 0xFFF9, 0xFFF7, 0xFFF7,  0xFFFA, 0x0000, 0x0008, 0x001C,
  0x002F, 0x0030, 0x0026, 0x0019,  0x001A, 0x0030, 0x0035, 0x0025,
  0x000E, 0xFFF3, 0xFFE2, 0xFFE4,  0xFFFA, 0x000F, 0x000B, 0x000C,
  0x000E, 0x0022, 0x0023, 0x0032,  0x003B, 0x0034, 0x002B, 0x002A,
  0x003C, 0x0030, 0x0020, 0xFFEC,  0xFFD0, 0xFFA5, 0xFFA3, 0xFFAB,
  0xFFBD, 0xFFBD, 0xFFA0, 0xFF9B,  0xFFA2, 0xFFC9, 0xFFDE, 0xFFE1,
  0xFFD9, 0xFFCB, 0xFFC3, 0xFFB6,  0xFFCE, 0xFFF0, 0xFFFF, 0x0009,
  0x000E, 0xFFF6, 0xFFC6, 0xFFB1,  0xFFB9, 0xFFCF, 0xFFDC, 0xFFC4,
  0xFFC0, 0xFFBC, 0xFFCB, 0xFFE8,  0xFFFE, 0xFFFE, 0xFFF7, 0xFFFF,
  0x0014, 0x000F, 0x000C, 0x0000,  0x0009, 0xFFFC, 0xFFEA, 0xFFD5,
  0xFFC1, 0xFFB7, 0xFFD0, 0xFFF1,  0x0004, 0xFFFE, 0xFFF8, 0x0005,
  0x0021, 0x0032, 0x001F, 0xFFF7,  0xFFED, 0xFFFC, 0x0019, 0x001C,
  0x0023, 0x002A, 0x0049, 0x0068,  0x0067, 0x0061, 0x0054, 0x0058,
  0x005C, 0x005F, 0x004F, 0x003B,  0x002A, 0x0029, 0x0018, 0x0008,
  0xFFF3, 0xFFF9, 0x0010, 0x0013,  0x000C, 0xFFFC, 0xFFFE, 0x000B,
  0x0018, 0x001A, 0x0017, 0x000A,  0x0003, 0x0005, 0x0000, 0xFFF0,
  0xFFDC, 0xFFD4, 0xFFE3, 0xFFEB,  0xFFF8, 0xFFFD, 0x0007, 0x0015,
  0x0015, 0x0023, 0x002C, 0x0034,  0x0033, 0x002B, 0x001A, 0x000B,
  0x0005, 0xFFF6, 0xFFE3, 0xFFE0,  0xFFE8, 0xFFE9, 0xFFEA, 0xFFE7,
  0xFFE4, 0xFFF3, 0xFFFE, 0xFFFC,  0xFFF3, 0xFFD8, 0xFFCF, 0xFFBB,
  0xFFBF, 0xFFBD, 0xFFCC, 0xFFE7,  0xFFFA, 0x0001, 0x0006, 0xFFF9,
  0xFFF9, 0x0002, 0x0013, 0x0015,  0xFFEF, 0xFFCB, 0xFFB9, 0xFFBB,
  0xFFBE, 0xFFD7, 0xFFEC, 0xFFDF,  0xFFDD, 0xFFD3, 0xFFED, 0x0000,
  0x0007, 0x0001, 0xFFF4, 0xFFE5,  0xFFEA, 0x0002, 0x0010, 0x0018,
  0x0017, 0x002A, 0x002F, 0x0036,  0x003E, 0x0036, 0x0031, 0x0023,
  0x000F, 0xFFFB, 0xFFF0, 0xFFF0,  0xFFF2, 0xFFF9, 0xFFFC, 0x000A,
  0x001F, 0x0021, 0x0011, 0x0010,  0x0016, 0x0035, 0x0033, 0x001C,
  0x000C, 0x0009, 0x000C, 0x001B,  0x0022, 0x0018, 0x0004, 0xFFFA,
  0x0007, 0x0003, 0x0009, 0x0003,  0x0005, 0x0004, 0xFFFD, 0xFFF8,
  0xFFEE, 0xFFEB, 0xFFF7, 0xFFF1,  0xFFF3, 0xFFF4, 0x0006, 0x0006,
  0x000F, 0x0007, 0x0008, 0xFFF9,  0x0006, 0x0008, 0x000D, 0x000C,
  0x000D, 0x000B, 0x000B, 0x000D,  0x001C, 0x0028, 0x0015, 0xFFFE,
  0xFFFA, 0xFFFE, 0xFFFB, 0xFFF1,  0xFFF2, 0xFFEA, 0xFFDC, 0xFFDD,
  0xFFFA, 0x0002, 0xFFFD, 0xFFED,  0xFFEE, 0xFFED, 0xFFF3, 0xFFFA,
  0xFFFA, 0xFFE9, 0xFFCB, 0xFFB8,  0xFFC5, 0xFFD9, 0xFFF3, 0xFFEB,
  0xFFEB, 0xFFE3, 0xFFF4, 0xFFFF,  0xFFF8, 0xFFFC, 0xFFF3, 0xFFF2,
  0xFFED, 0xFFF8, 0xFFF6, 0xFFED,  0xFFEF, 0xFFFE, 0x000C, 0xFFFB,
  0xFFF7, 0x0000, 0x0008, 0x000E,  0x0004, 0x000D, 0x0006, 0x0006,
  0xFFF5, 0xFFF2, 0xFFF0, 0xFFF9,  0xFFFE, 0x0006, 0x0002, 0xFFFC,
  0xFFF5, 0x0005, 0x001C, 0x0021,  0x0014, 0x0005, 0x0000, 0x0004,
  0x0004, 0x0003, 0x0011, 0x000A,  0x0018, 0x0018, 0x0029, 0x003B,
  0x0049, 0x0054, 0x0056, 0x0051,  0x003C, 0x002B, 0x001E, 0x000F,
  0x0007, 0x000B, 0x0014, 0x0007,  0x0004, 0xFFFC, 0x0003, 0xFFFF,
  0xFFF9, 0xFFFB, 0xFFF7, 0xFFFF,  0xFFF5, 0xFFF5, 0xFFEB, 0xFFE8,
  0xFFE9, 0xFFEC, 0xFFEE, 0xFFE9,  0xFFED, 0xFFF1, 0xFFF8, 0xFFFA,
  0xFFFE, 0xFFF3, 0xFFED, 0xFFE0,  0xFFE3, 0xFFDE, 0xFFF0, 0xFFEA,
  0xFFF4, 0xFFEE, 0xFFEF, 0xFFF3,  0xFFFF, 0x000B, 0x000D, 0x000A,
  0x0000, 0xFFF8, 0xFFF1, 0xFFF7,  0x0000, 0x0000, 0xFFFA, 0xFFF1,
  0xFFF9, 0xFFFD, 0x000D, 0x000F,  0x0013, 0x0004, 0xFFFF, 0xFFFB,
  0xFFFF, 0x0005, 0xFFFA, 0xFFF7,  0xFFED, 0xFFF2, 0xFFEF, 0xFFF1,
  0xFFFD, 0xFFFC, 0xFFFF, 0xFFFE,  0xFFFE, 0x0004, 0x0002, 0x0005,
  0x0000, 0xFFFD, 0xFFF9, 0xFFF4,  0xFFF4, 0xFFF0, 0xFFF7, 0xFFF1,
  0xFFF8, 0xFFFD, 0xFFFC, 0x0003,  0xFFFE, 0x0005, 0x0008, 0x000A,
  0x000C, 0x000C, 0x0011, 0x000C,  0x000E, 0x000E, 0x0012, 0x0010,
  0x000C, 0x000C, 0x0015, 0x0014,  0x0019, 0x0015, 0x0010, 0x000D,
  0x000A, 0x0008, 0x000D
};

#endif // End of _DOOR_OPENING16K16B1C_H
