#ifndef _FIRST_FLOOR16K16B1C_H
#define _FIRST_FLOOR16K16B1C_H

#define FIRST_FLOOR16K16B1C_LITTLE_ENDIAN
#include <stdint.h>

#define FIRST_FLOOR16K16B1C_PB_FMT Mode_mono
#define FIRST_FLOOR16K16B1C_SZ 15000

const uint16_t first_floor16k16b1c[ FIRST_FLOOR16K16B1C_SZ ] =
{
  0x0000, 0x0001, 0xFFFF, 0x0002,  0xFFFD, 0x0001, 0xFFFE, 0x0000,
  0x0001, 0x0001, 0x0000, 0x0001,  0x0001, 0x0003, 0xFFFC, 0xFFFE,
  0x0001, 0xFFFF, 0x0000, 0xFFFF,  0xFFFB, 0x0003, 0xFFFB, 0x0003,
  0x0000, 0xFFFF, 0x0001, 0x0002,  0x0002, 0x0003, 0x0002, 0x0000,
  0xFFFE, 0x0002, 0x0002, 0xFFFC,  0x0003, 0xFFFF, 0x0002, 0xFFFE,
  0x0004, 0xFFFE, 0x0001, 0x0001,  0x0000, 0x0000, 0x0001, 0x0000,
  0xFFFE, 0x0003, 0xFFFE, 0xFFFF,  0x0001, 0xFFFF, 0x0001, 0xFFFE,
  0x0002, 0xFFFD, 0x0001, 0x0000,  0x0000, 0xFFFF, 0x0000, 0x0002,
  0x0001, 0x0003, 0x0004, 0xFFFE,  0x0003, 0x0001, 0x0007, 0x0002,
  0x0003, 0x0004, 0x0006, 0x0003,  0x0002, 0x0000, 0x0005, 0x0002,
  0xFFFF, 0xFFFF, 0xFFFF, 0x0006,  0xFFFD, 0xFFF6, 0xFFF4, 0xFFF6,
  0xFFF6, 0xFFFC, 0xFFFA, 0x0003,  0xFFFF, 0x0003, 0xFFFF, 0x0002,
  0xFFFD, 0xFFFF, 0xFFFB, 0x0000,  0xFFFD, 0x0005, 0x0006, 0x0004,
  0x0004, 0x0000, 0x0001, 0xFFFC,  0x0000, 0x0000, 0xFFFE, 0x0002,
  0x0004, 0x0000, 0x0006, 0x0003,  0x000B, 0x0004, 0x0001, 0x0001,
  0x0002, 0xFFFA, 0xFFFE, 0xFFF5,  0xFFF4, 0xFFFB, 0x0002, 0x0006,
  0xFFFF, 0xFFF7, 0xFFEA, 0xFFE9,  0xFFDC, 0xFFEF, 0x0000, 0x0004,
  0x0004, 0xFFFF, 0x0001, 0xFFFA,  0x0002, 0xFFFD, 0x0000, 0x0000,
  0x0004, 0x0006, 0x0002, 0xFFF9,  0xFFF6, 0x0000, 0x0003, 0x0019,
  0x0006, 0x000C, 0x0009, 0x000E,  0x0005, 0x0006, 0x0008, 0x0000,
  0x0004, 0xFFFB, 0xFFF8, 0xFFF3,  0x0005, 0x0005, 0x0006, 0x0010,
  0x0007, 0x000C, 0x0003, 0x0007,  0xFFFE, 0x0007, 0x0013, 0x0002,
  0xFFF9, 0xFFF7, 0xFFF2, 0xFFFB,  0xFFE1, 0xFFE6, 0xFFED, 0xFFFA,
  0xFFEC, 0xFFEF, 0xFFFE, 0x0008,  0xFFEE, 0xFFF4, 0x0000, 0xFFF4,
  0xFFEE, 0xFFFD, 0xFFFD, 0xFFFF,  0x000C, 0xFFF9, 0x0008, 0xFFFF,
  0x0008, 0x000C, 0x0007, 0xFFFB,  0xFFF5, 0xFFF6, 0xFFFD, 0xFFFC,
  0xFFFF, 0xFFFF, 0x0009, 0xFFFA,  0x0009, 0x0002, 0x0007, 0x0001,
  0xFFFD, 0x0006, 0x0000, 0x0004,  0x0009, 0xFFFB, 0x0007, 0x000B,
  0x0000, 0x0004, 0xFFFC, 0x0002,  0x0006, 0xFFFD, 0x000B, 0xFFF8,
  0x0004, 0xFFFB, 0x0004, 0x0001,  0xFFFA, 0x000A, 0x0026, 0xFFF3,
  0x000F, 0xFFF8, 0xFFEE, 0x004F,  0x000C, 0x002A, 0x001F, 0x002F,
  0x000E, 0xFFF3, 0xFFDC, 0xFFD0,  0xFFC7, 0xFFE9, 0x000E, 0xFFDF,
  0xFFE9, 0xFFF8, 0x003A, 0x001B,  0x0027, 0x0008, 0x000B, 0xFFED,
  0x0004, 0xFFFD, 0x000C, 0x000B,  0x0036, 0x0032, 0x0032, 0x0029,
  0xFFF1, 0x003E, 0x001F, 0x0031,  0x000C, 0x0010, 0x000E, 0x0022,
  0xFFBD, 0x0011, 0xFF9C, 0xFFAB,  0xFFD1, 0xFFE1, 0xFFD7, 0xFF43,
  0xFFE6, 0xFF7D, 0xFFF7, 0xFFE1,  0x0047, 0x0043, 0xFFDE, 0x001E,
  0x000A, 0x0014, 0x0061, 0x0016,  0x0000, 0xFFF5, 0xFFED, 0x0028,
  0xFFD0, 0x003D, 0xFFFF, 0x0018,  0xFFE2, 0xFFED, 0xFFFE, 0xFFB7,
  0xFF8F, 0x0032, 0x0018, 0xFFF1,  0x0036, 0xFFFE, 0xFFFA, 0x0021,
  0x001F, 0x000C, 0x001B, 0xFFB4,  0xFFFE, 0x0008, 0x000B, 0xFF94,
  0xFFAF, 0xFFD7, 0x0025, 0x001F,  0x0004, 0x0030, 0xFFC2, 0xFFF6,
  0xFFD9, 0xFFFE, 0x001A, 0x001D,  0x0021, 0x0016, 0x0000, 0xFFB1,
  0xFFF0, 0x0008, 0x0051, 0xFFD2,  0xFFCF, 0x0037, 0x002F, 0x0077,
  0x0001, 0x002F, 0xFFBF, 0xFFE9,  0xFFF6, 0x0006, 0x0053, 0x0012,
  0x0011, 0xFFD8, 0xFFD3, 0xFF94,  0xFFE3, 0xFFAE, 0x001A, 0x0031,
  0x0039, 0x000B, 0x0023, 0x002C,  0x003E, 0x005E, 0x0045, 0x0081,
  0x0022, 0xFFE1, 0xFFD6, 0x0011,  0xFFE7, 0xFFF8, 0xFFEA, 0xFFE1,
  0xFFFD, 0xFFCC, 0xFFCB, 0xFFCD,  0xFFD3, 0x0013, 0x0051, 0x0001,
  0x0006, 0xFFB2, 0x0009, 0xFFDD,  0xFFC4, 0x004A, 0x00B1, 0x0093,
  0xFFBC, 0xFF74, 0xFEC5, 0x0023,  0xFF3A, 0xFFC5, 0x00A0, 0x004F,
  0x00B1, 0xFF6E, 0xFF74, 0xFF5A,  0xFFC4, 0x0036, 0x0059, 0x004F,
  0x0067, 0xFFF4, 0x0070, 0xFFF5,  0x0027, 0x003E, 0xFFFE, 0xFFFD,
  0x000D, 0x0093, 0x000E, 0x0055,  0xFF78, 0xFFA7, 0xFFB1, 0xFF5F,
  0xFFEA, 0x005C, 0x006F, 0x0093,  0xFF8A, 0xFF57, 0xFF5F, 0xFFA6,
  0xFFEE, 0xFFC1, 0x00C0, 0x0003,  0x0083, 0x008F, 0x0062, 0x008F,
  0x0027, 0x0063, 0xFF6B, 0xFF9D,  0xFF68, 0xFF72, 0x0059, 0xFFB9,
  0xFFE3, 0x0038, 0x0030, 0xFF78,  0xFF8A, 0xFFCD, 0xFFDD, 0x0009,
  0xFFC0, 0x0040, 0x008E, 0x0073,  0xFFE8, 0xFFED, 0x001A, 0xFFFA,
  0xFFB6, 0x00B4, 0x0067, 0x00DB,  0x0057, 0xFFC7, 0x0041, 0xFFFB,
  0xFFBC, 0xFF78, 0xFF7D, 0xFFBC,  0x00AE, 0x0060, 0xFFE9, 0xFF8B,
  0xFFEC, 0xFFB3, 0x0028, 0x0053,  0x005C, 0x0059, 0xFFDD, 0xFF3C,
  0xFFF8, 0xFF5A, 0x00B2, 0x00CE,  0xFF2B, 0xFFFB, 0xFF8D, 0xFFFF,
  0xFF5E, 0x0038, 0x00AE, 0x0052,  0xFFE8, 0xFFEC, 0x0076, 0x0046,
  0xFF27, 0xFF09, 0x0078, 0xFF8D,  0x008E, 0x0051, 0xFFE2, 0x0080,
  0xFF18, 0x0051, 0x0037, 0x00A2,  0x0036, 0xFFE6, 0x004A, 0xFF74,
  0x0044, 0x0054, 0xFFDC, 0x0006,  0xFFDC, 0x0006, 0xFF73, 0xFFD1,
  0xFFCE, 0xFF80, 0x006F, 0xFF31,  0xFFF5, 0x0026, 0xFFA1, 0xFF9B,
  0x00CD, 0x0005, 0x00F7, 0x000D,  0x0042, 0xFFCD, 0xFF6B, 0x0006,
  0xFF69, 0x00FD, 0xFFA2, 0x0157,  0xFF42, 0xFEFA, 0x00DB, 0xFFEA,
  0xFF6B, 0x0097, 0xFFD0, 0x001C,  0x00C6, 0xFFC7, 0x0006, 0x003A,
  0xFF74, 0x0000, 0xFF8B, 0xFF0E,  0x015F, 0x0020, 0xFFCB, 0xFFB2,
  0xFFE0, 0xFFA2, 0x005A, 0x0063,  0x009B, 0x00B6, 0xFF36, 0xFFF6,
  0xFF79, 0xFFFA, 0x0035, 0xFFCE,  0xFF8B, 0xFEE6, 0xFFB8, 0x004D,
  0x000A, 0x003D, 0x008E, 0x0042,  0x005B, 0x0036, 0xFFD2, 0xFF35,
  0x00CF, 0x00CA, 0xFFD8, 0xFF0E,  0xFFBD, 0xFFDF, 0x00B3, 0x00BF,
  0xFFB6, 0x00B1, 0x00A1, 0x006E,  0xFE8A, 0xFF6F, 0x001D, 0x00C5,
  0x0059, 0xFF68, 0xFFC8, 0x001C,  0xFF79, 0xFFD0, 0xFF61, 0xFFF8,
  0x00AF, 0xFFB7, 0xFFE7, 0xFF1F,  0x000A, 0x0028, 0x0029, 0x0113,
  0x0000, 0x004D, 0x0015, 0xFF69,  0x00BE, 0xFE98, 0x001E, 0x0002,
  0x0030, 0x012F, 0x0099, 0x0062,  0xFFAD, 0x0050, 0xFF72, 0xFFCB,
  0xFF34, 0xFF51, 0xFF7B, 0xFFD6,  0x0112, 0xFFE9, 0x000C, 0x013E,
  0xFFDB, 0x00C4, 0xFF57, 0xFF11,  0xFFE7, 0x0031, 0xFFAC, 0x0060,
  0x00C4, 0x005A, 0xFFDC, 0xFED8,  0xFFA0, 0xFF51, 0x0139, 0xFEFD,
  0x001E, 0x009F, 0x0127, 0x0095,  0xFEFB, 0x0085, 0xFF81, 0xFF4C,
  0xFFE1, 0xFF5B, 0xFF97, 0x01CC,  0x0077, 0xFF4D, 0xFF7D, 0x001D,
  0xFF83, 0xFFC8, 0x00CB, 0x006B,  0x0049, 0x012F, 0xFF86, 0xFF3B,
  0xFFF4, 0xFF93, 0x000A, 0x0034,  0x0052, 0x0036, 0x001A, 0xFF4E,
  0xFE7C, 0xFF60, 0x0085, 0xFFC2,  0x019E, 0x0090, 0xFF83, 0xFF46,
  0xFE7F, 0xFF47, 0xFF89, 0x00C9,  0x01C4, 0x00BB, 0xFF59, 0xFF55,
  0x0004, 0x008A, 0x00DE, 0x01DD,  0x007B, 0xFEEA, 0xFE99, 0xFEC6,
  0xFFC4, 0x00C8, 0x01F6, 0x0112,  0xFF73, 0xFEB3, 0xFE66, 0xFFDC,
  0x00C7, 0x00EE, 0xFF7B, 0x007C,  0x01B0, 0xFF74, 0x0028, 0xFEEE,
  0x002B, 0xFF25, 0xFFB3, 0x001B,  0xFF6A, 0x009B, 0xFFA1, 0x0066,
  0x0056, 0x009F, 0xFFF1, 0xFF2D,  0xFF1D, 0x009D, 0xFFCC, 0x009B,
  0xFF4F, 0xFEFC, 0xFFBD, 0x00A9,  0xFFD3, 0x0055, 0x00CB, 0xFF81,
  0x00D6, 0xFFC7, 0x00D7, 0xFF0A,  0xFF4E, 0xFFC8, 0x002E, 0x00E0,
  0x0011, 0xFFFF, 0xFFFE, 0xFF97,  0x0008, 0xFF66, 0x00EC, 0x0003,
  0x00B5, 0x001A, 0xFECB, 0x0155,  0xFFB4, 0x000E, 0xFF40, 0x00B6,
  0x008C, 0x0055, 0xFF23, 0xFDCB,  0xFF7C, 0x019B, 0x0047, 0xFF94,
  0x00AF, 0xFE62, 0xFFA8, 0x0087,  0x0044, 0x011E, 0x00F9, 0xFED0,
  0xFEAD, 0xFEFF, 0xFFD5, 0x00FB,  0x0074, 0x00E9, 0xFFD2, 0xFEAB,
  0xFFE4, 0x003A, 0x0163, 0x00EE,  0xFFED, 0x00B0, 0xFFFA, 0x000D,
  0xFF7D, 0xFF40, 0xFFBA, 0xFF9C,  0x0017, 0x01AF, 0x0105, 0xFE62,
  0xFF7F, 0x004C, 0x013E, 0x0049,  0xFF06, 0xFFA0, 0xFF1D, 0x003C,
  0x0093, 0xFF57, 0xFFCE, 0xFE3B,  0x0003, 0x001D, 0xFF79, 0x01D5,
  0xFFE0, 0x0086, 0xFF72, 0x0069,  0x0065, 0xFF88, 0xFFBB, 0xFEFA,
  0x00AA, 0x012A, 0x00C5, 0xFF40,  0xFEB3, 0x00B8, 0xFFD1, 0x003E,
  0xFFB1, 0x0040, 0x00DA, 0xFFFB,  0x00D2, 0x007C, 0x0044, 0xFE5A,
  0x002F, 0x0052, 0x0037, 0x003E,  0xFF85, 0xFFB0, 0xFFE3, 0x0068,
  0x001E, 0xFF8A, 0x0068, 0xFFD3,  0x0093, 0xFF5E, 0x0024, 0x0052,
  0xFE39, 0x001B, 0xFF56, 0x0055,  0x0001, 0x0040, 0xFFEF, 0xFF07,
  0x004B, 0x00A4, 0x006E, 0x00DE,  0xFFD7, 0xFF5E, 0xFF90, 0x00BE,
  0x0001, 0xFFE9, 0x0045, 0xFEFD,  0x006C, 0x00BF, 0x008C, 0x00A5,
  0xFF31, 0x0016, 0xFFFE, 0xFF3E,  0x011C, 0xFF50, 0x0092, 0x00EB,
  0xFFFB, 0xFFE2, 0xFFA4, 0xFEFE,  0xFF07, 0x00AB, 0xFF30, 0x0051,
  0x004C, 0x009A, 0x015E, 0xFFE8,  0xFFCC, 0xFFAC, 0xFF79, 0xFF96,
  0x0012, 0x0003, 0x00FB, 0xFFE6,  0xFF65, 0xFF55, 0xFF5A, 0xFFE9,
  0x008F, 0x0052, 0x00A6, 0x0001,  0xFFAB, 0x0092, 0xFF89, 0x005B,
  0xFF29, 0xFFDE, 0xFF92, 0x003E,  0x0021, 0xFFC8, 0x0066, 0xFFA2,
  0x0055, 0x0013, 0xFFDF, 0x0031,  0xFF99, 0x00BE, 0x0014, 0x00BA,
  0x0091, 0xFF13, 0x00E9, 0xFF55,  0x0098, 0x003B, 0xFF98, 0xFFF5,
  0xFFA5, 0xFF6A, 0xFFD8, 0x0134,  0xFFDE, 0x000A, 0xFFAF, 0xFEE8,
  0x0022, 0x000D, 0xFFFD, 0xFFBF,  0xFFFD, 0xFF67, 0xFF9D, 0x0070,
  0x0045, 0x011A, 0x0080, 0x0029,  0xFEBC, 0x0025, 0xFFD5, 0x000D,
  0x011A, 0x008B, 0xFFDC, 0xFE86,  0x001E, 0xFEF7, 0x014E, 0x00D4,
  0xFF43, 0xFFD8, 0x00AF, 0x015A,  0xFED1, 0xFF7D, 0xFF31, 0xFFEC,
  0x011A, 0xFFF0, 0x0069, 0xFFAA,  0xFFA8, 0x00A9, 0xFF27, 0x0018,
  0xFFFB, 0xFFF4, 0xFFF2, 0x005D,  0xFF58, 0xFFB5, 0xFFB0, 0x0020,
  0xFF7C, 0xFFD5, 0xFFD8, 0xFF8C,  0x0169, 0xFFA8, 0x0128, 0xFFCF,
  0x0054, 0x0026, 0x001E, 0x000E,  0xFFAC, 0x0073, 0x0083, 0xFF73,
  0x0081, 0xFF69, 0x000C, 0x0037,  0xFFED, 0xFFC6, 0xFFE1, 0x009E,
  0xFF1F, 0x018F, 0xFEF3, 0xFFA2,  0xFFE8, 0xFFAD, 0xFF93, 0x0039,
  0x000F, 0xFF47, 0xFFD2, 0x001A,  0xFFA6, 0x008C, 0x0077, 0xFEF5,
  0x00B5, 0xFF85, 0x0044, 0x011F,  0xFF6E, 0xFFBC, 0x0038, 0xFFD4,
  0x00A5, 0x0013, 0xFFEB, 0x0049,  0xFFC7, 0x0020, 0x0043, 0x002E,
  0xFFA6, 0xFFCA, 0x0025, 0xFF99,  0x008F, 0x000F, 0xFF4E, 0x0004,
  0x0074, 0xFFB2, 0xFFCE, 0xFF97,  0xFFCF, 0x0092, 0xFFE6, 0x006B,
  0xFF26, 0xFF1E, 0xFFE9, 0x0047,  0x00F2, 0xFFC5, 0xFFF0, 0xFFDF,
  0x0095, 0x0107, 0xFFA6, 0x009E,  0xFECF, 0x0029, 0x009D, 0x007B,
  0x0006, 0xFECA, 0x0006, 0x000A,  0x006B, 0x0004, 0x0004, 0xFF8C,
  0x00BB, 0xFECE, 0x0002, 0x0003,  0xFFD9, 0x0126, 0xFF6A, 0xFFCD,
  0xFFBA, 0xFFBB, 0xFFC2, 0x0023,  0xFFBB, 0x00BF, 0x0034, 0xFFBF,
  0x0025, 0xFF6C, 0xFF92, 0x007B,  0x000B, 0x0156, 0xFFC7, 0xFFE2,
  0x0066, 0xFF92, 0x00DC, 0xFF3C,  0x00A4, 0x0091, 0xFF5D, 0xFF49,
  0xFEC3, 0xFFD0, 0x000F, 0xFF83,  0x007B, 0xFFBF, 0x007B, 0xFFE8,
  0x0024, 0xFFC1, 0xFFF9, 0x0022,  0xFF9D, 0x009F, 0xFF62, 0x005D,
  0xFFF1, 0x00A6, 0xFFDD, 0xFFF4,  0xFF78, 0xFFAC, 0x0104, 0xFFF5,
  0x0074, 0x0056, 0x00D2, 0xFF1C,  0xFFD7, 0xFF89, 0xFFDE, 0x001A,
  0xFF8F, 0x01BD, 0xFFA3, 0x0080,  0xFFE7, 0xFE4A, 0x0054, 0xFF8F,
  0xFF90, 0x0088, 0xFFAD, 0x008D,  0xFEDF, 0x001E, 0xFF32, 0x00D4,
  0x0062, 0x008C, 0x011B, 0xFF6E,  0x01B2, 0xFDBD, 0x0084, 0xFFC2,
  0xFFA1, 0x00AF, 0xFF7D, 0xFE04,  0x01D6, 0x007B, 0xFFCC, 0xFFE2,
  0xFF74, 0x012A, 0xFFDA, 0x010C,  0xFE13, 0x0189, 0xFFF8, 0xFED4,
  0x0079, 0x000B, 0xFEB7, 0x013F,  0xFFF5, 0xFF40, 0x0058, 0xFFA1,
  0x01D5, 0xFFBE, 0xFF5D, 0x00B5,  0xFE5B, 0xFF12, 0x008F, 0xFFCF,
  0x007C, 0xFFDB, 0x015D, 0xFFDF,  0xFFFC, 0xFFF0, 0xFEBB, 0x006F,
  0x00D7, 0xFF33, 0xFF24, 0x00C2,  0x00DA, 0x005D, 0xFFF7, 0xFF4E,
  0x005D, 0x0008, 0x00C8, 0x00C9,  0xFFDC, 0x002F, 0xFEE6, 0xFF7F,
  0x0121, 0xFFC4, 0xFFE7, 0xFF97,  0xFEE5, 0x00C7, 0xFF89, 0x0094,
  0x002A, 0xFFA4, 0xFFAF, 0xFFA7,  0xFF7C, 0x00B9, 0x004F, 0xFF8E,
  0x0023, 0xFFD8, 0x006F, 0xFFA7,  0xFF79, 0xFFD4, 0x0080, 0x00ED,
  0x0146, 0x0093, 0xFF2F, 0x0010,  0xFFAB, 0xFF25, 0x00B4, 0xFF5B,
  0x0129, 0x003F, 0x0056, 0xFFF4,  0xFE80, 0x0012, 0xFE89, 0x0091,
  0xFFFC, 0xFFC9, 0xFFA1, 0xFEC9,  0xFF7B, 0x0085, 0x00D6, 0x0008,
  0x0013, 0x0007, 0x00EC, 0x005F,  0x0145, 0xFE8A, 0xFFFE, 0x009A,
  0xFF82, 0x0006, 0x0064, 0x0094,  0xFF71, 0x0028, 0x00BF, 0xFF8A,
  0xFF8F, 0x0124, 0xFE39, 0x009A,  0x0040, 0x0198, 0xFE77, 0x0071,
  0xFF5F, 0xFEF9, 0x00F2, 0xFE9F,  0x0041, 0xFEA5, 0x029D, 0xFEF4,
  0x0060, 0x000F, 0xFEEC, 0x034B,  0xFF7A, 0xFE28, 0x0021, 0xFFD8,
  0x02E1, 0xFF67, 0x01C8, 0xFF4F,  0xFEF4, 0x0019, 0xFE6E, 0x0153,
  0xFF9F, 0x0148, 0xFDE6, 0x00C7,  0xFF50, 0xFF36, 0xFF02, 0xFF5B,
  0x00CF, 0x001A, 0x01D2, 0x0127,  0x0013, 0x00E5, 0xFD85, 0x009B,
  0x013A, 0xFEBD, 0x0160, 0xFE36,  0xFEAA, 0x0027, 0x0114, 0xFE07,
  0x00CB, 0xFEF2, 0x00C8, 0x01EC,  0x0044, 0xFF7E, 0xFF38, 0x0033,
  0x007D, 0x00CD, 0xFF24, 0xFFF1,  0xFEC7, 0xFFF4, 0x00FF, 0xFFE4,
  0xFEF2, 0x01BF, 0x004F, 0xFFD4,  0x0063, 0xFED9, 0xFFAF, 0x010D,
  0x004D, 0x0206, 0xFFD1, 0x0123,  0xFD73, 0xFD59, 0xFF44, 0x005A,
  0x0293, 0xFF72, 0x010A, 0xFE9B,  0x011C, 0x0017, 0xFC7E, 0xFC4F,
  0x00FB, 0x00FB, 0x02F2, 0x0240,  0x00FA, 0xFF82, 0xFED0, 0xFF2B,
  0xFFF0, 0x0292, 0x0264, 0x0136,  0xFE43, 0xFE6E, 0xFCFC, 0x0006,
  0x007E, 0x02CF, 0x0118, 0xFE56,  0x0057, 0x0002, 0xFEC9, 0x00BB,
  0x002E, 0x008B, 0xFFBC, 0xFD83,  0xFFE7, 0x0041, 0x023E, 0x02E8,
  0x0132, 0xFC98, 0xFCE5, 0xFE8C,  0xFE81, 0x014C, 0xFFCC, 0x0080,
  0x0288, 0x033A, 0x00CA, 0xFFCD,  0xFE20, 0xFC6E, 0x01AB, 0x01B2,
  0x002D, 0xFDC1, 0xFF9E, 0x0068,  0xFFC8, 0xFDE2, 0xFF42, 0x0215,
  0x050B, 0x003F, 0xFC2C, 0x00DC,  0xFFB2, 0x00FE, 0xFF69, 0xFD41,
  0xFD3C, 0x01E7, 0x03EC, 0x0402,  0xFD83, 0xFCE2, 0xFD8F, 0xFFB8,
  0x0508, 0x01E1, 0x0433, 0xFF20,  0xFF1F, 0xFEE2, 0xFCE9, 0x002D,
  0xFD3E, 0x0380, 0x039D, 0x022E,  0x016B, 0xFA0B, 0xF9E0, 0xFC97,
  0xFF4F, 0x008B, 0x02A4, 0x008A,  0x02D3, 0xFFDF, 0xFFD1, 0xFD53,
  0xFF82, 0x0151, 0xFED0, 0xFF85,  0xFE03, 0x0294, 0x00AC, 0xFE9E,
  0xFEB6, 0x02A2, 0x0445, 0x0253,  0xFD0B, 0xFDF6, 0x0044, 0x0432,
  0xFE2F, 0xFC8D, 0xFE2A, 0x0369,  0xFFF5, 0xFF55, 0x0259, 0xFDDD,
  0x002D, 0xFF61, 0xFFA1, 0xFC43,  0x0710, 0xFEAA, 0x0057, 0x00C5,
  0xFE26, 0x0026, 0xFCA9, 0xFE42,  0x0285, 0x05F0, 0xFF25, 0x0075,
  0xFE2A, 0x0159, 0xFE56, 0xFFE9,  0x0397, 0x004A, 0x00C1, 0xFB45,
  0xFE94, 0xFF2A, 0x004B, 0x0003,  0xFD94, 0x057A, 0x016D, 0x014F,
  0xFF8A, 0xFD1B, 0xFDF5, 0x0077,  0x01D4, 0xFE48, 0x018B, 0xFEBC,
  0xFEE6, 0x00E7, 0x0083, 0xFEC6,  0x00DA, 0x010E, 0xFD91, 0x02BC,
  0xFE10, 0xFDAB, 0x0356, 0xFCA4,  0x00E2, 0xFFFB, 0x00AE, 0x01A5,
  0xFED8, 0xFFFE, 0x005D, 0x0019,  0xFE0C, 0x01DA, 0xFFF7, 0x0146,
  0xFFFA, 0x0104, 0xFF06, 0xFFF8,  0xFF75, 0xFDFD, 0x0129, 0x000F,
  0x014A, 0xFF74, 0xFE96, 0x0152,  0xFF9B, 0xFF2B, 0x0205, 0xFE3D,
  0x01EA, 0xFF79, 0xFFF0, 0x002C,  0xFEC3, 0xFE48, 0x0034, 0x0196,
  0xFE69, 0x00AE, 0xFEDD, 0x00E2,  0xFFE7, 0xFF8C, 0x0183, 0x0089,
  0xFF52, 0x0096, 0x0174, 0xFF73,  0xFD75, 0xFF01, 0xFF46, 0x0345,
  0x0207, 0xFE0C, 0x020B, 0xFFE4,  0x0008, 0xFFD6, 0x0199, 0x0056,
  0x027D, 0xFED7, 0x000A, 0x00CE,  0xFC25, 0x0153, 0xFEE2, 0x012C,
  0x0023, 0xFF90, 0xFE90, 0xFE6C,  0xFFAA, 0xFD69, 0x00C3, 0x059A,
  0xFEE0, 0x00B0, 0xFF54, 0xFEB9,  0x00E3, 0xFF8D, 0xFC64, 0xFBCD,
  0x02DD, 0xFC7C, 0x0426, 0x03EC,  0xFFDB, 0x0118, 0xFF00, 0x00F6,
  0xFDBD, 0x001D, 0x0400, 0xFDD8,  0xFF6C, 0xFF73, 0xFD14, 0xFED9,
  0xFEF1, 0xFF5B, 0x020F, 0xFF2B,  0xFCA7, 0x0206, 0x0065, 0x0086,
  0xFDE6, 0x014F, 0xFEA9, 0x0442,  0xFFE4, 0xFBBA, 0x032B, 0xFA6D,
  0x041C, 0x008E, 0xFCDF, 0x0480,  0x0383, 0x01D6, 0x0020, 0xFCF4,
  0xFCBC, 0xFC34, 0x00C4, 0x0302,  0x00E1, 0x013F, 0xFAD4, 0xFDD7,
  0xFFDF, 0x026A, 0x0417, 0x0343,  0x001F, 0xFFCB, 0xFE31, 0x0301,
  0x0020, 0xFE38, 0xFF5B, 0xFD90,  0x00C6, 0xFD28, 0xFFF4, 0xFDD6,
  0xFFDA, 0xFCE2, 0xFB72, 0xFA8A,  0xFEF2, 0x0070, 0x00B8, 0x04BB,
  0xFFBE, 0xFFC5, 0xFE20, 0xFC0A,  0xFDA4, 0xFF08, 0xFFAF, 0xFE63,
  0x011B, 0x0114, 0x036D, 0x0320,  0x002C, 0x0413, 0x02F3, 0x061D,
  0x0614, 0x05A6, 0x02C1, 0x001E,  0xFC2D, 0xFBF9, 0xFED5, 0x01B7,
  0xFFBD, 0xFE22, 0xFD95, 0xFEB3,  0xFFE3, 0xFD96, 0xFE61, 0xFF54,
  0x037E, 0x00DD, 0x00E8, 0x00CD,  0xFDC3, 0xFD17, 0xFE70, 0xFD15,
  0xFF38, 0xFEA5, 0xFF4B, 0xFDFC,  0xFC19, 0x00FC, 0x00B3, 0x03CB,
  0x0159, 0xFF65, 0x0049, 0xFD26,  0xFF98, 0xFEB1, 0x02CA, 0x02B0,
  0xFF8D, 0xFDBB, 0xFC6C, 0x024E,  0x01B1, 0x03FA, 0x0243, 0x01EA,
  0x00A7, 0xFDD0, 0x0002, 0x0365,  0x0269, 0xFF9E, 0x01C9, 0xFE17,
  0xFEDA, 0x0201, 0x0192, 0x008D,  0xFF90, 0xFDC1, 0xFEBE, 0x02D4,
  0xFC91, 0xFEFF, 0x019C, 0xFDBB,  0x02CA, 0x0290, 0xFFC1, 0xFE87,
  0xFD74, 0xFD7F, 0x027A, 0x01AC,  0xFE97, 0x0075, 0x00D5, 0xFF98,
  0x0084, 0x0226, 0x00F5, 0xFFA4,  0x0013, 0x00DB, 0xFEAE, 0x0112,
  0xFEF7, 0xFE3F, 0xFCCC, 0xFE36,  0xFF16, 0xFD1D, 0xFF2A, 0xFEF6,
  0x03DF, 0x0283, 0x0290, 0x019C,  0x001E, 0x014E, 0x0245, 0xFECD,
  0xFF04, 0x0115, 0x00BB, 0x020A,  0x002D, 0xFF35, 0xFCAC, 0xFECB,
  0xFDDD, 0x0026, 0x0035, 0xFFA4,  0x0023, 0xFD25, 0xFEF6, 0x0119,
  0xFE4B, 0xFEBA, 0xFD7C, 0xFFE1,  0x0189, 0x011B, 0x0204, 0xFE0D,
  0x006D, 0xFF45, 0xFFBC, 0x001D,  0xFFC3, 0xFFB0, 0x0182, 0xFFA3,
  0xFE93, 0xFCED, 0xFBEF, 0xFE5E,  0x019E, 0x06A6, 0x08E5, 0x0ABA,
  0x0802, 0x07E6, 0x034C, 0xFE25,  0xFB19, 0xF95E, 0xFA29, 0xFBCC,
  0xFE83, 0xFFE7, 0x019B, 0x0292,  0x01EB, 0x02BD, 0x0110, 0x02AC,
  0x0308, 0x0089, 0x015A, 0x00EC,  0x0228, 0x00DE, 0x00E7, 0xFE97,
  0xFCA2, 0xFAD2, 0xFD3A, 0xFE19,  0xFE14, 0x0080, 0x00D0, 0x037C,
  0x0286, 0x039D, 0x0134, 0xFF72,  0xFE81, 0xFB89, 0xFE57, 0xFEF5,
  0xFCB7, 0xFB55, 0xFC05, 0xFC79,  0xFD46, 0xFE63, 0xFDE9, 0x0050,
  0x003F, 0xFF67, 0xFFE7, 0xFFFF,  0xFE3F, 0x0024, 0x018A, 0x0193,
  0x00F3, 0x00B0, 0x0446, 0x02A0,  0x00F6, 0x022E, 0x0063, 0x0199,
  0x0402, 0x017D, 0x038C, 0x0322,  0x0189, 0x026C, 0x0180, 0xFEE7,
  0x006E, 0x00D2, 0x0243, 0x044B,  0x051F, 0x06A0, 0x0631, 0x04B6,
  0x02A2, 0x0218, 0x03D3, 0x026D,  0x00C3, 0x0369, 0x042B, 0x0746,
  0x05CD, 0x0412, 0xFF17, 0xFE4C,  0xFC4C, 0xFC89, 0xFE46, 0xFBBC,
  0xFA70, 0xFC42, 0xFC8B, 0xF891,  0xF77A, 0xF46A, 0xF2E2, 0xF161,
  0xF128, 0xEFC0, 0xF370, 0xF2B4,  0xF350, 0xF403, 0xF26A, 0xF0C1,
  0xF25D, 0xF40C, 0xF66A, 0xF8BB,  0xF81E, 0xFB7D, 0xFCB1, 0xFE8C,
  0xFE13, 0x020B, 0x04B4, 0x095F,  0x0DD3, 0x1096, 0x1310, 0x14E1,
  0x144D, 0x148D, 0x141A, 0x15B9,  0x18AC, 0x1A65, 0x1A26, 0x18F1,
  0x189A, 0x171E, 0x167E, 0x12FC,  0x11FE, 0x1038, 0x11DF, 0x11C3,
  0x14B6, 0x1262, 0x0E28, 0x081E,  0x02BB, 0x005A, 0xFD17, 0xFB5B,
  0xF86A, 0xF5C8, 0xF221, 0xED97,  0xE5F2, 0xE0C7, 0xDBCF, 0xD940,
  0xD773, 0xD4A6, 0xD0F1, 0xCE84,  0xCCA8, 0xCA3D, 0xC897, 0xC7C1,
  0xC7D5, 0xC9FD, 0xCD66, 0xD5C3,  0xDC5B, 0xE817, 0xF7E5, 0x086A,
  0x1390, 0x1DE9, 0x27D5, 0x2E5B,  0x324F, 0x2EA9, 0x2DFB, 0x2ADF,
  0x27E0, 0x2344, 0x21A3, 0x1E70,  0x1C32, 0x1915, 0x1386, 0x0F9E,
  0x0E9E, 0x0F49, 0x121A, 0x1758,  0x198A, 0x1AFD, 0x1A95, 0x1BB1,
  0x1879, 0x1624, 0x1512, 0x1269,  0x1444, 0x1561, 0x1468, 0x0F12,
  0x0BEA, 0x0507, 0xFF2D, 0xFA25,  0xF330, 0xEE46, 0xEA18, 0xE590,
  0xDD12, 0xD9D8, 0xD507, 0xCF15,  0xC996, 0xC3AC, 0xBD94, 0xBA1F,
  0xB4A7, 0xB54D, 0xBA06, 0xC049,  0xC48D, 0xD684, 0xEF0B, 0x0142,
  0x0E61, 0x1999, 0x2541, 0x2AD9,  0x326E, 0x2D39, 0x2E90, 0x30E4,
  0x2D88, 0x2BC6, 0x27A8, 0x1B7B,  0x0F11, 0x07FB, 0x00D3, 0xFCF8,
  0xFD8D, 0xFE42, 0x0709, 0x108C,  0x1715, 0x1BB3, 0x1C0C, 0x1CA3,
  0x1F65, 0x23FC, 0x239E, 0x21F9,  0x1F11, 0x21A5, 0x2066, 0x1CFD,
  0x1755, 0x0FC9, 0x0A95, 0x0907,  0x0787, 0x0468, 0xFD22, 0xF5AE,
  0xF202, 0xEEB8, 0xE6F0, 0xDD33,  0xD6C7, 0xD0D1, 0xD02D, 0xCD8D,
  0xCB68, 0xC531, 0xC14B, 0xC068,  0xC30E, 0xC2F0, 0xC162, 0xC4FF,
  0xCBC0, 0xD972, 0xE7C4, 0xFE71,  0x0EEF, 0x1982, 0x2283, 0x2C62,
  0x3223, 0x31C4, 0x30A5, 0x2E1C,  0x2EA1, 0x2B3C, 0x251B, 0x1C96,
  0x1105, 0x02EB, 0xFA49, 0xF483,  0xF2D1, 0xF255, 0xF7C1, 0x01A0,
  0x0BCC, 0x133F, 0x188B, 0x1C81,  0x20EB, 0x261F, 0x297D, 0x2B72,
  0x28CB, 0x266C, 0x2640, 0x2385,  0x1A4B, 0x140A, 0x0AD3, 0x0729,
  0x0271, 0xFFC8, 0xFA7D, 0xF444,  0xECAD, 0xE97B, 0xE9B9, 0xE4AF,
  0xE054, 0xD779, 0xD280, 0xCF0A,  0xCDBD, 0xC8B8, 0xC445, 0xBF42,
  0xBD7F, 0xBCDC, 0xBDDD, 0xBDB7,  0xC366, 0xCDCB, 0xE21B, 0xFCA0,
  0x1486, 0x1E41, 0x2842, 0x32A0,  0x33E6, 0x367B, 0x315B, 0x2EDE,
  0x2B32, 0x2E3F, 0x29E0, 0x2401,  0x144B, 0x0128, 0xF4EB, 0xECEF,
  0xE75D, 0xE6D8, 0xEF7D, 0xFA56,  0x095A, 0x15E8, 0x1FFE, 0x2430,
  0x2A98, 0x3074, 0x342A, 0x33AF,  0x2E52, 0x28AD, 0x253C, 0x1D52,
  0x10CA, 0x04C0, 0xFFD3, 0xFEC4,  0xFE51, 0xFCE6, 0xF9BB, 0xF4E8,
  0xF0BC, 0xEFF7, 0xEE47, 0xE8A1,  0xE281, 0xDD58, 0xD99B, 0xD367,
  0xC991, 0xC2CC, 0xBC05, 0xBC26,  0xBC61, 0xBFF6, 0xC163, 0xC85F,
  0xCF92, 0xDCCC, 0xEA5C, 0xFB7E,  0x1159, 0x198E, 0x22A4, 0x287A,
  0x3338, 0x32D3, 0x31C6, 0x2CA3,  0x2A7F, 0x29D3, 0x202F, 0x188D,
  0x0CF9, 0x002C, 0xF2B2, 0xEEF1,  0xEE4F, 0xEEF6, 0xF49A, 0x0032,
  0x0EE3, 0x1AB6, 0x23CE, 0x29E6,  0x2D75, 0x3032, 0x3085, 0x3081,
  0x2E89, 0x28FF, 0x2319, 0x1D34,  0x126F, 0x0444, 0xF9CB, 0xF3C7,
  0xF346, 0xF373, 0xF688, 0xFA40,  0xFCF8, 0xF9AF, 0xF2D9, 0xEB1A,
  0xE439, 0xDDE8, 0xD78C, 0xD29B,  0xCE52, 0xCB52, 0xC396, 0xC1B4,
  0xBF07, 0xBEDF, 0xBE58, 0xC574,  0xCF8B, 0xDD4A, 0xEB23, 0xFBB5,
  0x1558, 0x1ADA, 0x1D39, 0x1DE2,  0x2A37, 0x2B97, 0x28F2, 0x2A45,
  0x2A35, 0x2E9B, 0x23FF, 0x1915,  0x0A9F, 0xFF29, 0xEF8D, 0xE88A,
  0xECB7, 0xEE06, 0xF7B6, 0x06F6,  0x1671, 0x1EF3, 0x227A, 0x270B,
  0x2BA9, 0x3081, 0x2F4E, 0x2E6B,  0x2BF9, 0x2659, 0x2212, 0x1D4D,
  0x145E, 0x01F1, 0xF739, 0xF463,  0xF88B, 0xF9D7, 0xF75D, 0xF4BA,
  0xF72F, 0xFA0C, 0xF76E, 0xF3D7,  0xEB89, 0xE51F, 0xDF66, 0xD928,
  0xD0C3, 0xC9BB, 0xC209, 0xBEEF,  0xC0A4, 0xC22B, 0xC1ED, 0xC54C,
  0xCC17, 0xDBBD, 0xE632, 0xF1F9,  0x04F5, 0x1501, 0x1CD7, 0x1ED8,
  0x2898, 0x29FF, 0x2B4D, 0x2870,  0x287D, 0x2867, 0x2230, 0x1951,
  0x0FDD, 0x0766, 0xF928, 0xEFE2,  0xEFB1, 0xF381, 0xF8F7, 0x014E,
  0x0E7A, 0x184B, 0x211E, 0x26FA,  0x298E, 0x2E37, 0x2EB8, 0x2EFB,
  0x2DBE, 0x2903, 0x1F00, 0x1819,  0x0FC1, 0x068A, 0xFD95, 0xF814,
  0xF72F, 0xF8ED, 0xF9FD, 0xFAF0,  0xF8E4, 0xF4D1, 0xF25C, 0xF0FE,
  0xED31, 0xE5CE, 0xDBC2, 0xD3C2,  0xD140, 0xCD56, 0xC9E3, 0xC57B,
  0xC3D5, 0xC203, 0xC29C, 0xBFF3,  0xC311, 0xC492, 0xD236, 0xE30B,
  0xFF23, 0x1552, 0x2482, 0x2C98,  0x2D73, 0x3342, 0x2C55, 0x3011,
  0x2731, 0x2740, 0x25EC, 0x255C,  0x1AC4, 0x0D17, 0xFB08, 0xEA3A,
  0xE4D7, 0xE3C2, 0xEDF3, 0xF969,  0x0B0A, 0x1A5B, 0x2BBD, 0x2DC5,
  0x2FF1, 0x2E1B, 0x2D65, 0x2F6B,  0x2F2B, 0x2ABC, 0x240B, 0x1E7E,
  0x13B3, 0x0D05, 0x00B5, 0xF743,  0xF469, 0xF581, 0xFA9D, 0xFE35,
  0xFB95, 0xF785, 0xF2FB, 0xECF5,  0xE761, 0xE080, 0xDB12, 0xD8AA,
  0xD866, 0xD478, 0xCFFD, 0xC74E,  0xC3C2, 0xC2C4, 0xC44C, 0xC469,
  0xC578, 0xC77F, 0xD14F, 0xE263,  0xF357, 0x0B33, 0x1950, 0x24EC,
  0x2A6B, 0x31E1, 0x2F35, 0x2EA9,  0x26F2, 0x211F, 0x20E5, 0x1C23,
  0x1714, 0x0ACD, 0x023C, 0xF5AA,  0xF070, 0xEE3B, 0xF233, 0xFA92,
  0x0940, 0x1A05, 0x2854, 0x2F6A,  0x2F78, 0x2D92, 0x2C12, 0x28FE,
  0x2548, 0x22F3, 0x1F3C, 0x1A52,  0x15A3, 0x100F, 0x05CA, 0xFDD8,
  0xF97B, 0xF8F3, 0xFB1D, 0xFCCF,  0xFCE1, 0xFC22, 0xF7E1, 0xF09D,
  0xEBBC, 0xE3AF, 0xDAFC, 0xD4AA,  0xD091, 0xCE9B, 0xC911, 0xC3DC,
  0xC05B, 0xC35E, 0xC2AA, 0xC4F0,  0xC673, 0xCE7A, 0xD885, 0xE431,
  0xF635, 0x0C82, 0x20D4, 0x2160,  0x27E3, 0x276C, 0x27A6, 0x2680,
  0x22F4, 0x2136, 0x1BBE, 0x1AA0,  0x1497, 0x0F15, 0x019B, 0xF1DB,
  0xEB50, 0xECE3, 0xF5AF, 0xFD17,  0x0C34, 0x1B13, 0x263F, 0x2F1E,
  0x2F6E, 0x2E67, 0x295F, 0x28DC,  0x29AC, 0x2940, 0x24A2, 0x1C06,
  0x16C0, 0x0D91, 0x0425, 0xFBF3,  0xFADD, 0xFBD0, 0xFC98, 0x0222,
  0x0426, 0x0197, 0xFBBE, 0xF51A,  0xEBB9, 0xE723, 0xE17E, 0xDD0C,
  0xD93F, 0xD3A8, 0xD207, 0xD00B,  0xCDAD, 0xC73F, 0xC637, 0xC4B0,
  0xC65C, 0xC9C5, 0xCAB1, 0xD1E4,  0xD92F, 0xEABA, 0x00FB, 0x169A,
  0x1C62, 0x2028, 0x29BB, 0x2C66,  0x2D51, 0x2577, 0x1F4A, 0x1B0A,
  0x1B57, 0x1782, 0x1277, 0x0753,  0xFA8B, 0xF5ED, 0xF3E2, 0xF2EB,
  0xF55A, 0xFFB0, 0x0ECE, 0x1D43,  0x25BE, 0x2B60, 0x2CCC, 0x2DF0,
  0x2D49, 0x2D29, 0x2A00, 0x2387,  0x1D40, 0x19AB, 0x1432, 0x0930,
  0xFED6, 0xFB38, 0xF9EB, 0xFBB1,  0xFE05, 0xFFE2, 0x020F, 0x00DE,
  0xFC97, 0xF585, 0xEB53, 0xE271,  0xDE34, 0xD939, 0xD557, 0xD27E,
  0xD147, 0xCFD4, 0xCC87, 0xC536,  0xC316, 0xC32B, 0xC538, 0xC41E,
  0xCA81, 0xD34B, 0xE476, 0xFC6E,  0x14FB, 0x2167, 0x218C, 0x2A9B,
  0x2C89, 0x2E68, 0x28E5, 0x2465,  0x1AD0, 0x1CF1, 0x193C, 0x128F,
  0x07C7, 0xF72D, 0xEF68, 0xEC9B,  0xEE7B, 0xEF2C, 0xFEAA, 0x0B68,
  0x1F20, 0x2B1D, 0x31A6, 0x32D3,  0x3310, 0x30C0, 0x2E47, 0x2AFF,
  0x21B3, 0x1CE7, 0x17C4, 0x12C7,  0x08B4, 0x01EE, 0xFE8E, 0xFE29,
  0xFD56, 0xFEF2, 0x0029, 0x009E,  0xFDC7, 0xF9F6, 0xF560, 0xEE0B,
  0xE7ED, 0xE474, 0xE23C, 0xDA74,  0xD645, 0xD1DE, 0xCF68, 0xCB48,
  0xC60C, 0xC74C, 0xC6D6, 0xC988,  0xC7FD, 0xCDEA, 0xD57D, 0xE1D7,
  0xEE71, 0x013C, 0x14B0, 0x1773,  0x1E3E, 0x20D0, 0x2653, 0x23E8,
  0x23D0, 0x1E6E, 0x1BD4, 0x1BF3,  0x14CC, 0x0EB1, 0x0249, 0xF83F,
  0xF131, 0xF3AA, 0xF70A, 0xFBDC,  0x0667, 0x152D, 0x1F28, 0x2679,
  0x2B5C, 0x2CCB, 0x2CF8, 0x2DEB,  0x2D4E, 0x2775, 0x21C5, 0x1B29,
  0x17BE, 0x1057, 0x0807, 0x01B0,  0x033F, 0x057B, 0x0208, 0x013E,
  0xFE8E, 0xFDD6, 0xFD67, 0xFBF0,  0xF428, 0xEBAF, 0xE9C0, 0xE76D,
  0xE648, 0xDAC4, 0xD15C, 0xCDF2,  0xCF9F, 0xD083, 0xCA52, 0xC77E,
  0xC2F5, 0xC702, 0xC6AA, 0xCD13,  0xD051, 0xD88A, 0xE699, 0x0110,
  0x18DE, 0x19E1, 0x1F10, 0x1F90,  0x2B3F, 0x26CA, 0x2093, 0x1A0B,
  0x1788, 0x1AC8, 0x15C8, 0x0EAB,  0x00C5, 0xF8A8, 0xF0D2, 0xF679,
  0xFA4B, 0xFB0B, 0x06ED, 0x17DB,  0x2549, 0x2AE0, 0x2CB9, 0x2CDF,
  0x2FDA, 0x2F0B, 0x2BCA, 0x285D,  0x2264, 0x19F5, 0x146D, 0x0E2E,
  0x05AF, 0xFE53, 0xFD5D, 0x01FC,  0x0469, 0x04E6, 0x0352, 0x0263,
  0xFF5F, 0xFD48, 0xF819, 0xF1D0,  0xEBBB, 0xE95D, 0xE949, 0xE17A,
  0xDAA7, 0xD31D, 0xD228, 0xD138,  0xCDAB, 0xCAE1, 0xC818, 0xC78B,
  0xC1E9, 0xC6F5, 0xCA26, 0xD173,  0xD953, 0xE971, 0x0399, 0x15E9,
  0x1A92, 0x1CDF, 0x2BD1, 0x28D4,  0x2D05, 0x2865, 0x211A, 0x1FB7,
  0x1987, 0x128C, 0x07E9, 0xFD6F,  0xEF4C, 0xF434, 0xF53F, 0xF7E1,
  0x00C0, 0x0CC8, 0x1B60, 0x233C,  0x28A2, 0x2A6F, 0x2D27, 0x2AE0,
  0x2CC1, 0x2B15, 0x26A0, 0x2166,  0x1B7A, 0x152D, 0x0AEA, 0x016F,
  0xFBC6, 0xFC8F, 0xFA80, 0xFC5F,  0xFFCA, 0x0545, 0x0816, 0x09E8,
  0x04CF, 0xFE72, 0xF691, 0xEBF7,  0xE4F7, 0xE08F, 0xDD8A, 0xDBEF,
  0xDC76, 0xD5FE, 0xD126, 0xC80F,  0xC609, 0xC3F5, 0xC8C9, 0xC8BB,
  0xC965, 0xCD00, 0xD509, 0xDE3B,  0xE861, 0xFA9E, 0x0561, 0x114B,
  0x159C, 0x2307, 0x273D, 0x29E1,  0x26EF, 0x251F, 0x253C, 0x1E6C,
  0x1A06, 0x0ECF, 0x06F4, 0x000B,  0xFA01, 0xF6E7, 0xF80B, 0xFB9A,
  0x052E, 0x103D, 0x18E9, 0x1EFA,  0x258D, 0x2A2F, 0x2CB9, 0x2B08,
  0x290F, 0x270F, 0x22AF, 0x1C9C,  0x149B, 0x0CF6, 0x06D3, 0x03CF,
  0x0075, 0x0152, 0x021A, 0x0374,  0x049D, 0x0863, 0x07C0, 0x05A6,
  0xFF56, 0xF8A4, 0xF33D, 0xEB51,  0xE630, 0xE22E, 0xE079, 0xDB05,
  0xDA9D, 0xD33C, 0xD093, 0xCA86,  0xC885, 0xC8DD, 0xC8C5, 0xC70F,
  0xC615, 0xC9D7, 0xCD5B, 0xD9C9,  0xE1A2, 0xF94D, 0x0E6E, 0x19FE,
  0x1EFD, 0x2551, 0x2CDC, 0x2CA7,  0x2A9C, 0x2511, 0x207F, 0x1DF5,
  0x16D2, 0x0F68, 0x037A, 0xF8E2,  0xF1BE, 0xF3DC, 0xF8A8, 0xFC88,
  0x085D, 0x13C4, 0x20AB, 0x245B,  0x27CE, 0x27F3, 0x2A4A, 0x2996,
  0x2A3E, 0x2906, 0x22F3, 0x1B10,  0x117F, 0x09EE, 0x00DA, 0xFAEC,
  0xF9F3, 0xFE8E, 0x0398, 0x0A3A,  0x0C57, 0x0A68, 0x06BE, 0x0158,
  0xFCC0, 0xF748, 0xF170, 0xEE67,  0xEE03, 0xECDA, 0xE520, 0xDB43,
  0xD22B, 0xCC88, 0xC93B, 0xC3F6,  0xC267, 0xC5FA, 0xC86D, 0xC890,
  0xC984, 0xD095, 0xD6B6, 0xDF68,  0xEA27, 0x0048, 0x1283, 0x1948,
  0x2150, 0x281B, 0x2E77, 0x26C4,  0x24D3, 0x20C6, 0x1C87, 0x16D7,
  0x0D1D, 0x0610, 0xFD16, 0xF595,  0xF3B7, 0xFA50, 0xFBE6, 0x0266,
  0x1059, 0x1C88, 0x24B4, 0x2807,  0x291C, 0x2C13, 0x2AE5, 0x2A38,
  0x289F, 0x2483, 0x1DF6, 0x1654,  0x0E89, 0x0217, 0xFA1C, 0xF831,
  0xFDDD, 0x0225, 0x0928, 0x105C,  0x1587, 0x13F0, 0x09A0, 0x015A,
  0xF7DD, 0xF355, 0xF2F6, 0xF134,  0xEFFE, 0xED77, 0xE90F, 0xDF42,
  0xD568, 0xCAF2, 0xC99E, 0xC886,  0xC4EC, 0xCA47, 0xCBF4, 0xCC6E,
  0xC32A, 0xC771, 0xCB0E, 0xD371,  0xD770, 0xE671, 0x0339, 0x1931,
  0x2134, 0x1FFE, 0x305B, 0x2B59,  0x2F5B, 0x271A, 0x206D, 0x1FED,
  0x1868, 0x11AC, 0x07D1, 0xFDEB,  0xEFAD, 0xF241, 0xF3A6, 0xF925,
  0xFF03, 0x0AFB, 0x1C29, 0x259A,  0x285D, 0x2AF9, 0x2DCE, 0x2F9B,
  0x2F34, 0x2BD0, 0x2630, 0x1F44,  0x189C, 0x106F, 0x04B5, 0xF91F,
  0xF708, 0xF945, 0xFEC7, 0x021F,  0x081E, 0x0BB7, 0x0B94, 0x090F,
  0x05D8, 0x0275, 0xFF16, 0xFDBC,  0xF933, 0xF43A, 0xEC7C, 0xE652,
  0xE19B, 0xD9AC, 0xD20B, 0xCCB2,  0xCBB0, 0xC98F, 0xC499, 0xC54D,
  0xC402, 0xC4AF, 0xC477, 0xCA67,  0xCFFE, 0xD8AF, 0xE152, 0xF901,
  0x1486, 0x176D, 0x1D3F, 0x2389,  0x32E4, 0x30F2, 0x2AD7, 0x24C1,
  0x20F2, 0x1DBB, 0x124D, 0x0AFD,  0xFD0D, 0xF609, 0xEEDD, 0xF572,
  0xFA3D, 0xFD0C, 0x0919, 0x187D,  0x2656, 0x28AA, 0x2BD2, 0x2D38,
  0x30FE, 0x2EE6, 0x2C6E, 0x27F0,  0x1F6F, 0x162E, 0x0B6F, 0x0483,
  0xFA43, 0xF4D3, 0xF4A4, 0xF97A,  0xFFF4, 0x07AB, 0x0D96, 0x101C,
  0x0DF2, 0x0C30, 0x0BCF, 0x04FB,  0xFB0A, 0xF630, 0xF4BC, 0xF21D,
  0xECA9, 0xE3FD, 0xDA98, 0xD1D9,  0xD0C0, 0xCCC4, 0xCE24, 0xCCA5,
  0xCC33, 0xCF27, 0xCEA8, 0xC9E5,  0xC5D6, 0xC60F, 0xCB6F, 0xD6E6,
  0xDE36, 0xF16A, 0x0794, 0x1A4F,  0x1E70, 0x21E5, 0x2A1C, 0x2B22,
  0x2BA5, 0x269A, 0x2179, 0x1EF6,  0x17F0, 0x0F41, 0x057C, 0xFBE3,
  0xF6F8, 0xF84F, 0xFDA2, 0x0262,  0x09E2, 0x13EA, 0x204A, 0x2592,
  0x294F, 0x2CB0, 0x2EAD, 0x2F3F,  0x2A59, 0x2612, 0x1D87, 0x15CA,
  0x0E16, 0x083D, 0x0358, 0xFF07,  0xFF03, 0xFDB6, 0xFEBA, 0xFE5B,
  0x027A, 0x0622, 0x09FF, 0x0D61,  0x0EF9, 0x0EF5, 0x0821, 0x0003,
  0xF435, 0xE9BD, 0xE2B9, 0xDDA1,  0xDE6D, 0xD81E, 0xD4B5, 0xCF26,
  0xCE54, 0xCE9A, 0xCB35, 0xC9E5,  0xC8EF, 0xD4DD, 0xCF4E, 0xCD78,
  0xC8BA, 0xD0F9, 0xD760, 0xDC82,  0xEC1F, 0x05D1, 0x1823, 0x17A3,
  0x273D, 0x2933, 0x2D83, 0x2379,  0x21C2, 0x21A5, 0x1D93, 0x1D06,
  0x1554, 0x1046, 0x0672, 0xFE2D,  0xFC91, 0xFF4D, 0xFD2E, 0x05E5,
  0x134E, 0x1D6F, 0x2387, 0x26F0,  0x285E, 0x28EF, 0x2761, 0x269B,
  0x25C7, 0x2172, 0x1962, 0x130C,  0x0F4C, 0x059E, 0xFEE2, 0xFD59,
  0xFDBB, 0xFE6B, 0xFF2A, 0x01C7,  0x040A, 0x060D, 0x084C, 0x0C26,
  0x0CF2, 0x0A55, 0x05A5, 0x0088,  0xF69F, 0xEE29, 0xE522, 0xDD88,
  0xD7F1, 0xD3D4, 0xD132, 0xCC65,  0xCC33, 0xCE9B, 0xD730, 0xD7C2,
  0xDA83, 0xD742, 0xD35A, 0xCF73,  0xC9D9, 0xC722, 0xC91F, 0xD26E,
  0xE428, 0xFEB1, 0x1067, 0x195C,  0x1CFD, 0x2356, 0x2896, 0x28FA,
  0x27EB, 0x265D, 0x25D3, 0x2AA2,  0x2597, 0x1960, 0x0C63, 0x0180,
  0xFCF8, 0xFE03, 0xFEB3, 0x0461,  0x0CA4, 0x1834, 0x1F9A, 0x204D,
  0x1DDE, 0x1D7B, 0x2133, 0x233C,  0x22C1, 0x2009, 0x2136, 0x18E8,
  0x156D, 0x0E1F, 0x0779, 0x0424,  0x0384, 0x03C6, 0x014D, 0x0236,
  0x00BB, 0x024C, 0x0407, 0x033C,  0x0535, 0x04B9, 0x03EA, 0x01DA,
  0xFB54, 0xF281, 0xE8A8, 0xDFC6,  0xD667, 0xD501, 0xD296, 0xD2D4,
  0xD315, 0xD2A8, 0xD595, 0xD3D5,  0xD2BB, 0xD08C, 0xD12F, 0xCE70,
  0xCE2E, 0xCC4A, 0xCD49, 0xD41F,  0xD89B, 0xEECA, 0x0488, 0x1749,
  0x1AD1, 0x20CF, 0x28D1, 0x2C16,  0x2B1D, 0x2563, 0x25F7, 0x2274,
  0x24ED, 0x1E1B, 0x1785, 0x0AA6,  0x0094, 0x0035, 0xFED0, 0xFE57,
  0x047D, 0x0F6E, 0x1981, 0x2062,  0x223C, 0x2365, 0x208C, 0x2098,
  0x21CC, 0x22F9, 0x2092, 0x1C6D,  0x17B9, 0x12FF, 0x0A66, 0x03FA,
  0xFDE0, 0xFC1E, 0xFE98, 0xFFD8,  0x0462, 0x05BA, 0x0876, 0x0A67,
  0x0E15, 0x083E, 0x03E3, 0x009F,  0xFFAB, 0xFCEF, 0xF5D7, 0xF15C,
  0xE86D, 0xE64B, 0xDEB8, 0xD652,  0xCDC6, 0xCA93, 0xCA84, 0xD24F,
  0xD59C, 0xD766, 0xD522, 0xD04D,  0xD30C, 0xD23F, 0xD762, 0xD0DA,
  0xD846, 0xDEC2, 0xEBD0, 0xF603,  0x0269, 0x0A6B, 0x08CD, 0x0F6A,
  0x1046, 0x1CB8, 0x18B5, 0x20D5,  0x222D, 0x22FB, 0x26B3, 0x1E79,
  0x1A8E, 0x122A, 0x0C8A, 0x0AF4,  0x09B8, 0x0709, 0x093C, 0x0C95,
  0x11F0, 0x12E6, 0x1351, 0x1649,  0x1B89, 0x2081, 0x2490, 0x2561,
  0x2379, 0x210C, 0x1CA8, 0x15E7,  0x0C0B, 0x0567, 0x05A5, 0x06FB,
  0x0844, 0x0736, 0x066B, 0x086D,  0x093D, 0x0839, 0x05C7, 0x044D,
  0x055C, 0x092D, 0x07DF, 0x021D,  0xFA67, 0xF48D, 0xF10A, 0xEAF8,
  0xE421, 0xDF1A, 0xDEFE, 0xDD8A,  0xDF6D, 0xD888, 0xD463, 0xD10D,
  0xD1DC, 0xD68A, 0xD1B5, 0xD358,  0xCF38, 0xD33B, 0xCD4F, 0xCD72,
  0xCA44, 0xD39C, 0xDB25, 0xEA32,  0x0315, 0x0B5A, 0x1380, 0x10D3,
  0x257A, 0x2690, 0x29A9, 0x2594,  0x2662, 0x283E, 0x22B2, 0x203F,
  0x0F70, 0x0667, 0xFDE3, 0x00E5,  0x0504, 0x050F, 0x06C9, 0x11DD,
  0x189E, 0x1D98, 0x1D68, 0x1D05,  0x20CB, 0x2348, 0x2694, 0x2695,
  0x1F9B, 0x1844, 0x1360, 0x0F08,  0x091A, 0x0148, 0x028C, 0x06C1,
  0x0B41, 0x0E1E, 0x0D5A, 0x09AF,  0x0AA9, 0x092D, 0x0B6A, 0x093C,
  0x05B8, 0x08F2, 0x082D, 0x0319,  0xF72C, 0xEF83, 0xEA06, 0xE926,
  0xE9F8, 0xE871, 0xE88E, 0xE6FE,  0xE86F, 0xE71F, 0xDEB4, 0xD2CD,
  0xCD86, 0xCD1E, 0xCC42, 0xC847,  0xC64F, 0xC938, 0xC65E, 0xC7B7,
  0xC8CD, 0xD3CE, 0xDC3F, 0xE677,  0xF616, 0x0B6C, 0x1381, 0x11B0,
  0x1A7E, 0x1E22, 0x280F, 0x23F3,  0x29D8, 0x28D4, 0x2328, 0x21E1,
  0x17F7, 0x0FBA, 0x0509, 0x0028,  0x02BD, 0x0886, 0x06E9, 0x0C77,
  0x14A2, 0x1813, 0x1B03, 0x1CFE,  0x2204, 0x2438, 0x24A6, 0x2878,
  0x26E6, 0x1F1A, 0x153C, 0x0D18,  0x05E8, 0x00AB, 0xFC5C, 0xFFEB,
  0x032E, 0x0456, 0x097F, 0x0C95,  0x0CCA, 0x09DF, 0x0B2A, 0x0CDB,
  0x0E6F, 0x0CB1, 0x0DAE, 0x0C09,  0x05B9, 0xFF1E, 0xF462, 0xED5C,
  0xE954, 0xE7AA, 0xEB79, 0xEB3A,  0xE834, 0xE6E3, 0xE42A, 0xE028,
  0xE014, 0xDD87, 0xD7E7, 0xD258,  0xCB94, 0xCC55, 0xC884, 0xC832,
  0xC725, 0xC888, 0xCD7C, 0xD52C,  0xDDD9, 0xE3C1, 0xEAB4, 0xFD11,
  0x0ED5, 0x0F17, 0x1579, 0x1A12,  0x26B9, 0x2A90, 0x276D, 0x2A2C,
  0x2754, 0x2424, 0x1FEB, 0x1870,  0x0B61, 0x037E, 0x0167, 0x07C1,
  0x096D, 0x08B7, 0x0EED, 0x13E4,  0x17A4, 0x1878, 0x1740, 0x18A0,
  0x1D90, 0x22A8, 0x2772, 0x251C,  0x1EEF, 0x1774, 0x1048, 0x0912,
  0x0013, 0xFC6D, 0xFCA3, 0xFDE8,  0x0404, 0x0769, 0x0568, 0x04EB,
  0x0674, 0x0A43, 0x0D0A, 0x0D5C,  0x0D48, 0x0F54, 0x0EBF, 0x0810,
  0xFD32, 0xF602, 0xF247, 0xF2FF,  0xF053, 0xEC7E, 0xED63, 0xED77,
  0xEAC3, 0xE649, 0xDC7E, 0xD59A,  0xD314, 0xD41B, 0xD98F, 0xD79E,
  0xD4E3, 0xD0B9, 0xCC5B, 0xC6B3,  0xC5B0, 0xC480, 0xCBAF, 0xD108,
  0xDC9B, 0xEA8A, 0xF3B8, 0x05DF,  0x0E8E, 0x15BD, 0x19ED, 0x1ED6,
  0x2430, 0x2A81, 0x2BF6, 0x2E9B,  0x2AEB, 0x2315, 0x1F3C, 0x14D5,
  0x0CA5, 0x076E, 0x05A0, 0x0613,  0x0A3D, 0x0AAC, 0x0E2C, 0x1093,
  0x112A, 0x14D5, 0x1611, 0x1A3F,  0x1E01, 0x2236, 0x231A, 0x1ECE,
  0x186D, 0x145B, 0x1083, 0x0C06,  0x06EA, 0x0402, 0x0612, 0x05B5,
  0x07B7, 0x0693, 0x0466, 0x0646,  0x07FB, 0x09A3, 0x082E, 0x06D8,
  0x07AD, 0x05E5, 0x06DC, 0x0434,  0xFCAF, 0xF7C0, 0xF2EB, 0xF246,
  0xF42D, 0xF0A2, 0xEE60, 0xEE6A,  0xEACC, 0xE99B, 0xE48E, 0xDE47,
  0xDBD8, 0xD7F9, 0xD478, 0xD0B2,  0xCC03, 0xCF07, 0xCEE6, 0xCE9B,
  0xCF3F, 0xD0CE, 0xD315, 0xD6B1,  0xDB07, 0xE193, 0xE89A, 0xF3C3,
  0x033E, 0x0E93, 0x130F, 0x0E65,  0x1ADA, 0x1C3D, 0x2085, 0x25EA,
  0x26F1, 0x2AFA, 0x28C3, 0x278E,  0x1EB7, 0x1347, 0x0986, 0x0B65,
  0x0AEF, 0x09C4, 0x0B61, 0x0E1B,  0x1083, 0x10B9, 0x0E2A, 0x0F08,
  0x0FEB, 0x1424, 0x1CB3, 0x1E3C,  0x1C27, 0x1B09, 0x1847, 0x14DC,
  0x11ED, 0x0BC5, 0x0B5C, 0x0B02,  0x0BF5, 0x0D4A, 0x0742, 0x0369,
  0x0497, 0x048C, 0x070D, 0x041E,  0x0221, 0x0510, 0x0684, 0x077F,
  0x0321, 0xF9C8, 0xF72E, 0xF6F1,  0xF7E1, 0xFA2B, 0xF5B2, 0xF472,
  0xF291, 0xF018, 0xECE4, 0xE6B6,  0xE0BA, 0xE174, 0xE130, 0xDFF3,
  0xDCF3, 0xD507, 0xD5C8, 0xD332,  0xD27A, 0xD3A2, 0xCF3D, 0xD402,
  0xD91C, 0xDF5C, 0xE1BF, 0xE16E,  0xE4EB, 0xEB11, 0xF113, 0xFCB0,
  0x07C2, 0x07A5, 0x0CCA, 0x0FF4,  0x1C26, 0x1CBE, 0x1CCA, 0x243B,
  0x2414, 0x263E, 0x257B, 0x2122,  0x1655, 0x1109, 0x0FCE, 0x0E8A,
  0x0C74, 0x0AA7, 0x0D2E, 0x0ECC,  0x0D66, 0x0E28, 0x0C9B, 0x0C3F,
  0x11A1, 0x16AC, 0x1A9E, 0x1C00,  0x19B4, 0x1C46, 0x18CF, 0x144E,
  0x108C, 0x0BC6, 0x0ED5, 0x0E4E,  0x0CE7, 0x0B48, 0x095E, 0x0839,
  0x093B, 0x0415, 0x00AD, 0xFFD3,  0xFFC9, 0x038B, 0xFF91, 0xFC89,
  0xFB0E, 0xFB2C, 0xFB02, 0xF7BC,  0xF5C7, 0xF3A6, 0xF4F7, 0xF49C,
  0xF50C, 0xF1A6, 0xEB14, 0xEB22,  0xE5F7, 0xE3D7, 0xE44A, 0xE184,
  0xE08E, 0xDE71, 0xDC9A, 0xDC44,  0xD954, 0xD9C8, 0xDF33, 0xDDD8,
  0xE0CA, 0xDFC6, 0xDDBC, 0xDF4C,  0xDE47, 0xE3A9, 0xEA00, 0xF094,
  0xF974, 0x053A, 0x06F6, 0x0BB0,  0x0DA3, 0x0E2C, 0x141F, 0x1572,
  0x1D9F, 0x204F, 0x2121, 0x2245,  0x1DCA, 0x1683, 0x10D8, 0x0F5F,
  0x0EFE, 0x1158, 0x1364, 0x14AD,  0x1661, 0x1447, 0x137B, 0x11AD,
  0x0FAE, 0x1323, 0x1688, 0x1885,  0x1807, 0x1696, 0x141B, 0x1296,
  0x0FBB, 0x0CD7, 0x0C8D, 0x0C75,  0x117D, 0x1078, 0x0A93, 0x07D1,
  0x065E, 0x08D0, 0x0695, 0x01C2,  0x00E4, 0xFFA4, 0x00D3, 0x0268,
  0xFC59, 0xF64A, 0xF3FB, 0xF5F4,  0xFA39, 0xF729, 0xF384, 0xF1B0,
  0xF02A, 0xF1D3, 0xEEEB, 0xECF2,  0xEDC4, 0xED45, 0xEEB0, 0xED0B,
  0xE670, 0xE452, 0xE565, 0xE404,  0xE4DE, 0xE437, 0xE3BF, 0xE606,
  0xE8A9, 0xEBE1, 0xEA20, 0xE661,  0xE8EA, 0xE97E, 0xE7A2, 0xEA55,
  0xEAD9, 0xF21E, 0xF401, 0xF5CD,  0xFFC1, 0x007D, 0x0367, 0x0824,
  0x0E13, 0x10FB, 0x13D1, 0x15F1,  0x1AEE, 0x1A92, 0x160C, 0x1834,
  0x1245, 0x104D, 0x10A7, 0x127F,  0x129C, 0x0EC8, 0x0CBE, 0x0DED,
  0x0F11, 0x0F99, 0x1117, 0x1071,  0x1179, 0x1375, 0x1051, 0x0D4A,
  0x0CAA, 0x0CD6, 0x1179, 0x0FED,  0x1256, 0x0FB7, 0x08A3, 0x085A,
  0x04B4, 0x04B9, 0x06CB, 0x02E7,  0x06A8, 0x06A6, 0x0528, 0x06C1,
  0x0335, 0x00AC, 0xFEE4, 0xFE27,  0xFBA4, 0xFCD7, 0xFB66, 0xFC03,
  0xF747, 0xF920, 0xF800, 0xF3B7,  0xF30E, 0xF13F, 0xF75A, 0xF8F3,
  0xF691, 0xF311, 0xF1A0, 0xEF66,  0xEFD4, 0xEFE7, 0xED5C, 0xED32,
  0xEE32, 0xEFD5, 0xEDA1, 0xEA70,  0xEC82, 0xEBD2, 0xF065, 0xF3F7,
  0xF34B, 0xF42B, 0xF127, 0xF2A2,  0xF442, 0xEE95, 0xF292, 0xF239,
  0xF6F4, 0xFA7A, 0xF937, 0xFE58,  0xFC8E, 0x00D9, 0x0367, 0x04E8,
  0x06AE, 0x0848, 0x0A6F, 0x0D65,  0x0BF5, 0x0A55, 0x0B5F, 0x0D87,
  0x0CFD, 0x0ECA, 0x0E00, 0x0E2B,  0x10A9, 0x10DE, 0x1208, 0x1393,
  0x1027, 0x0E13, 0x0D8F, 0x0925,  0x0A77, 0x099D, 0x0DF7, 0x0A83,
  0x0AEC, 0x0973, 0x0998, 0x086F,  0x08A7, 0x0864, 0x0330, 0x056F,
  0x0420, 0x07E1, 0x07F1, 0x056A,  0x0984, 0x07C7, 0x035E, 0x0971,
  0xFF7A, 0x0565, 0x0546, 0x01DA,  0x06EE, 0xFE47, 0xFBC0, 0xFC65,
  0xF970, 0xF7C4, 0xFB41, 0xF69A,  0xF7C0, 0xF667, 0xF7FA, 0xF594,
  0xF688, 0xF5B2, 0xF5BD, 0xF6D0,  0xF4CC, 0xF414, 0xF36A, 0xF5E4,
  0xF4B5, 0xF7DF, 0xF4AE, 0xF51D,  0xF588, 0xF42B, 0xF444, 0xF4A0,
  0xF58A, 0xF4F2, 0xF4AE, 0xF6BC,  0xF6CA, 0xF686, 0xF624, 0xF537,
  0xF5B7, 0xF545, 0xF86E, 0xF9BE,  0xF99F, 0xFCB3, 0xFB75, 0xF9E3,
  0xFC76, 0xFE9F, 0x0034, 0x00E8,  0x01D0, 0x0355, 0x03B2, 0x0517,
  0x0811, 0x0628, 0x05E4, 0x07CC,  0x0740, 0x0960, 0x0969, 0x08FE,
  0x0C0D, 0x09EF, 0x0BD5, 0x0A67,  0x08C0, 0x0BE1, 0x0ABA, 0x0CF3,
  0x0C0D, 0x079C, 0x0949, 0x07AB,  0x07B4, 0x08FA, 0x06AD, 0x083F,
  0x0672, 0x0744, 0x0807, 0x0747,  0x083D, 0x06F7, 0x0C1B, 0x0C84,
  0x0C9B, 0x0B2B, 0x05B1, 0x0831,  0x01E6, 0x08F1, 0x05D9, 0x0891,
  0x06CF, 0xFBED, 0x017E, 0xFB0E,  0xF82F, 0xFB64, 0x0054, 0xFFB8,
  0xFD1F, 0xF597, 0xF994, 0xF960,  0xFA29, 0xF8B8, 0xF57C, 0xF535,
  0xF65D, 0xF76C, 0xF358, 0xF3E6,  0xF0D9, 0xF4EC, 0xF563, 0xF8D8,
  0xF84B, 0xF3F4, 0xFA0A, 0xF9B1,  0xF7FA, 0xFB51, 0xF686, 0xFA3A,
  0xFA35, 0xF6E2, 0xF9D5, 0xF59B,  0xF604, 0xF655, 0xF53A, 0xF996,
  0xF7C5, 0xFABD, 0xFA27, 0xF7D1,  0xFCDC, 0xF8CF, 0xFC47, 0xFD25,
  0xFC7E, 0x01E3, 0xFEF8, 0xFEE3,  0x04D0, 0x0249, 0x04D5, 0x057C,
  0x03C0, 0x0707, 0xFF0C, 0x0544,  0x04C1, 0x055F, 0x096B, 0x0359,
  0x0C58, 0x03CB, 0x044A, 0x0878,  0x06DE, 0x0C3C, 0x0802, 0x0ABF,
  0x0F8F, 0x0929, 0x0AFF, 0x06E5,  0x0B7F, 0x0AB7, 0x0780, 0x1508,
  0x02E5, 0x0CF3, 0x05C5, 0x058A,  0x08BE, 0xFCA3, 0x0A0A, 0x01CC,
  0x088E, 0x0748, 0x0721, 0x02BA,  0xFDF0, 0xFBA6, 0xFF4E, 0xFFAC,
  0xFF46, 0x00FD, 0xFA63, 0x01A6,  0xF882, 0xF934, 0xF9C0, 0xFD18,
  0xFBDC, 0xFAD0, 0xFF14, 0xFC02,  0xF967, 0xFA69, 0xF88F, 0xF90E,
  0xF913, 0xF9FB, 0xFA30, 0xFA9F,  0xF97D, 0xF8CD, 0xF6A7, 0xF3B6,
  0xFE92, 0xF7AC, 0x00EB, 0xFB49,  0xFC1C, 0xF890, 0xFC4D, 0xFA04,
  0xFC11, 0x01BA, 0xF7C3, 0x0514,  0xF86D, 0xFE49, 0xFC2C, 0xFDC5,
  0xFDFF, 0xFBCF, 0xFF47, 0x007C,  0xFE08, 0xFC43, 0x037D, 0xFE29,
  0x0584, 0xF9CF, 0xFFD0, 0x038F,  0xF855, 0x07DB, 0xF96C, 0xFFEA,
  0x02B2, 0xFBF7, 0x0A21, 0xF992,  0x0AFF, 0x047A, 0x0387, 0x0199,
  0x03FF, 0x006A, 0xFEE8, 0x0600,  0xF8CE, 0x0F8A, 0xF92B, 0x0B31,
  0xFE3F, 0x068E, 0x05A7, 0x0520,  0x0342, 0x03ED, 0x0779, 0xFF50,
  0x0B2E, 0xF8F8, 0x0C5E, 0xFB22,  0x0B61, 0x0188, 0x025A, 0x0B69,
  0xFEA0, 0x0289, 0x07C2, 0xF797,  0x0A3A, 0xFC5E, 0x0125, 0x0497,
  0xFBD3, 0x09B3, 0xEFFE, 0x0C65,  0xFBAC, 0x0074, 0x0293, 0xFBE8,
  0xFE8A, 0xFE66, 0xF996, 0x0506,  0xFAF5, 0xFCB5, 0x0761, 0xF303,
  0x089C, 0xF5F7, 0x042B, 0x0101,  0xF9FA, 0x0536, 0xF841, 0x07E5,
  0xF56A, 0x047B, 0xFC80, 0x0073,  0x010A, 0xF9EB, 0x049E, 0xF503,
  0x0836, 0xF68E, 0x0282, 0xFD2C,  0xF88C, 0x0936, 0xEFF0, 0x06A1,
  0xFA56, 0xF520, 0x04E4, 0xF8A7,  0x01B1, 0xF870, 0xFD39, 0xFA2F,
  0x009D, 0xFF8B, 0xFCD8, 0xFC3C,  0x02A1, 0xFF8C, 0x001B, 0xFEC7,
  0xF9BF, 0x07DD, 0xF613, 0x08A6,  0xFCCC, 0xFB11, 0x06CA, 0xF4DC,
  0x08D5, 0xFBC9, 0x0658, 0x08E6,  0xFAA3, 0x0813, 0xFDCE, 0x07F7,
  0xFC7F, 0x0085, 0x06A0, 0x03DF,  0xFBC9, 0x02E6, 0x01E4, 0x020E,
  0xFF3B, 0xFE9D, 0x0A3B, 0xF7DF,  0x05CA, 0xFEAD, 0x0350, 0x0B0F,
  0xF69C, 0x0ACB, 0xFF51, 0x0060,  0x0844, 0xFC31, 0x0356, 0xFB95,
  0x0A34, 0xF888, 0x06F1, 0x01D8,  0x02CE, 0xFDE5, 0x0124, 0x0ACC,
  0xF67E, 0x0A0B, 0xF86A, 0x0488,  0x0078, 0xF5F5, 0x0892, 0xF99A,
  0x00FA, 0x00AE, 0xFB02, 0x0696,  0xF85A, 0xFBF9, 0x05E2, 0xFE20,
  0xFC59, 0x0377, 0xF99D, 0x01DC,  0xFE90, 0x043F, 0xF8BC, 0xFF25,
  0x0172, 0xF613, 0x07FA, 0xF547,  0x0CF8, 0x0071, 0xF799, 0x0044,
  0xFD0F, 0xF8CE, 0x00ED, 0xFEDC,  0xFBF1, 0x0A4C, 0xF32B, 0x0789,
  0xF5D2, 0xFFB2, 0x02E4, 0xF917,  0x024C, 0xF7F7, 0x02F0, 0xFC1B,
  0xFB79, 0x0300, 0x026A, 0xF807,  0x07DA, 0xFE2C, 0xFFF0, 0xFFB3,
  0xFD47, 0x040F, 0x02F5, 0xF8F3,  0x0755, 0x012A, 0xFDEF, 0x0900,
  0xFB15, 0x0362, 0xFC5F, 0x0325,  0xFC94, 0x021A, 0x05D8, 0xFE6E,
  0x060A, 0xFBA0, 0x03B9, 0x01DF,  0xFC8C, 0x04DC, 0xFE27, 0x0481,
  0xFC86, 0x0263, 0x0585, 0xF83D,  0x0685, 0x0569, 0xFD73, 0x0510,
  0xFEB3, 0x0626, 0xFB3C, 0x022B,  0xFECF, 0xFFD1, 0x0572, 0xFCAE,
  0xFEE9, 0xFD73, 0x03C7, 0xFCF2,  0x0351, 0xFD68, 0x00BA, 0x0012,
  0xFEFE, 0xFFF6, 0x0097, 0xFC3A,  0x0524, 0xFA67, 0xFE17, 0x01B1,
  0xFC67, 0x0600, 0x00B6, 0x0182,  0xF8EC, 0x0458, 0xFF0B, 0xFC1E,
  0x08AC, 0xFE0F, 0xFAB9, 0x0395,  0xFD98, 0x0198, 0xFE87, 0xFAEE,
  0x04B2, 0xF78F, 0x06DD, 0x0153,  0xF61C, 0x0562, 0xFEA7, 0xFBC4,
  0x040A, 0xF737, 0x0338, 0x012D,  0xFBC6, 0xFD93, 0xFA48, 0x04ED,
  0xF373, 0x097F, 0xFF2A, 0x02B0,  0xFE0F, 0x0216, 0x0316, 0xFC18,
  0x00B7, 0x02DE, 0xFA6D, 0x09D9,  0xFB37, 0x021F, 0x035D, 0xF33A,
  0x113D, 0xEE4B, 0x14B2, 0xF2F9,  0x0435, 0x056D, 0xF658, 0x0A29,
  0xF916, 0xFED5, 0x073A, 0xF1ED,  0x0641, 0x05EF, 0xF0B8, 0x14EA,
  0xEC35, 0x0DDA, 0xFE70, 0x041B,  0xFE66, 0x003E, 0x0866, 0xF7B1,
  0x0DDC, 0xF68F, 0x0721, 0xFF91,  0xFAE2, 0x0B42, 0xF73B, 0xFEFE,
  0x0BE0, 0xF1FA, 0x04AF, 0xFF79,  0xFCC3, 0x017E, 0xF8BB, 0x00A4,
  0x0583, 0xF9A7, 0x0002, 0xFC1F,  0x0319, 0xFBF7, 0xFB4A, 0x0F6B,
  0xF635, 0x0A43, 0xFD75, 0x00E4,  0xFE17, 0x0375, 0xFC5E, 0x0344,
  0x0483, 0xF77B, 0x040D, 0xFFA2,  0xFCE1, 0xFE33, 0x0754, 0xF5C8,
  0x0AA1, 0xF4B2, 0x05EA, 0xFEF7,  0xF8DF, 0x035D, 0xFB09, 0x07DE,
  0xF6F0, 0x0950, 0xFFF7, 0xFEEA,  0x0163, 0xF8F7, 0x06DD, 0xF99A,
  0x00DD, 0x0130, 0xF7D6, 0x0D0C,  0xFA90, 0xFC6A, 0x0AC2, 0xFDFA,
  0x05F7, 0xFC87, 0xF8BD, 0x0ADA,  0xF0B2, 0x0333, 0xFE7C, 0xFA44,
  0x0639, 0xFBE5, 0xFF32, 0x02A5,  0x0326, 0xFF6F, 0x06F5, 0xF1C8,
  0x067F, 0xFD37, 0xFD14, 0x073A,  0xF467, 0x0940, 0xFC94, 0xFD84,
  0x0494, 0xF814, 0x093C, 0x02AA,  0xFFBF, 0x045A, 0x05CA, 0xF690,
  0x0B75, 0xF69B, 0x0027, 0x080A,  0xF001, 0x151B, 0xED75, 0x0DED,
  0xF95B, 0xFE8C, 0x079F, 0xFB26,  0xFF1B, 0xFC1D, 0x02E0, 0xF73D,
  0x0DCF, 0xF17E, 0x093C, 0xF8EF,  0x04AD, 0x0465, 0xF8F7, 0x0990,
  0xFD37, 0x054C, 0xF609, 0x07D9,  0xFE77, 0xFCF0, 0x07D3, 0xF70B,
  0x0B53, 0xFA75, 0x00EF, 0x02E7,  0xF4F6, 0x0612, 0xFE24, 0xFE70,
  0x0AC2, 0xF9C1, 0xFB80, 0x0C69,  0xF289, 0x0B80, 0xF429, 0x04D7,
  0xFC66, 0xFFAD, 0x055E, 0xF98E,  0x0982, 0xF86B, 0x06E5, 0xFB1C,
  0x07F9, 0xF770, 0x05AC, 0xF993,  0x0000, 0x03B7, 0xF796, 0x091B,
  0xF8C8, 0xFE1A, 0xFCC2, 0x04EB,  0x00B2, 0xFE26, 0x09B5, 0xF5FE,
  0x0CF3, 0xF46E, 0x0959, 0xFCA9,  0xFA4D, 0x0CCD, 0xEC30, 0x0D97,
  0xF479, 0x0BF6, 0xF537, 0x037B,  0x01DF, 0xFDE6, 0x0637, 0xF961,
  0x0803, 0xF9D0, 0x002F, 0x01D0,  0xFDE6, 0xFC90, 0x06F1, 0xFAC1,
  0x0234, 0x00AC, 0xFCEF, 0x0DA7,  0xEED5, 0x0810, 0x0487, 0xF9B8,
  0x0575, 0xF3AA, 0x1483, 0xE57F,  0x0A98, 0x04EB, 0xEF9D, 0x148D,
  0xED0E, 0x0841, 0x0C19, 0xEAFF,  0x1114, 0xFF91, 0xEF13, 0x17BB,
  0xEB1E, 0x0784, 0x094E, 0xEED4,  0x1669, 0xF3C3, 0x04CC, 0xFFBA,
  0xFC04, 0x0D4E, 0xEE7A, 0x17B4,  0xF178, 0x028D, 0x0980, 0xED84,
  0x110E, 0xE9AF, 0x1518, 0xF634,  0xFF5D, 0x077D, 0xF869, 0x0488,
  0xF908, 0x0C08, 0xF436, 0x117F,  0xEBA7, 0x110A, 0xFCF4, 0xFB6C,
  0x03CF, 0xFBDE, 0x018B, 0xFFBC,  0x051C, 0xF6EA, 0x10D0, 0xEB1A,
  0x112C, 0xF785, 0x04FB, 0xFA6E,  0xFBF3, 0x0625, 0xF2A4, 0x0C14,
  0xF453, 0x09D9, 0xFD8E, 0x0190,  0xFFB8, 0xFF62, 0x08BF, 0xEEAD,
  0x0B38, 0xFBA3, 0x03FD, 0xFA83,  0xFF59, 0x0639, 0xEEEC, 0x1ACC,
  0xE597, 0x0CD7, 0x03ED, 0xF01D,  0x1070, 0xF017, 0x0C35, 0xFA9A,
  0xFEDE, 0x0782, 0xFC7B, 0xFA35,  0x0328, 0xFC0F, 0xFE53, 0x0507,
  0xF4DF, 0x0BD4, 0xF782, 0x01E8,  0x0789, 0xF783, 0x087B, 0xF482,
  0x08EF, 0xFCC9, 0xF8A5, 0x06D9,  0xFA4C, 0x0D4D, 0xFB75, 0x089D,
  0xFD49, 0xFDC5, 0x01DB, 0xFBF4,  0x00EA, 0x0463, 0x0149, 0xF9E2,
  0x083B, 0xF679, 0x0844, 0xFAC2,  0x095A, 0xF7D1, 0x0298, 0x04F7,
  0xF57C, 0x05C7, 0xF94C, 0x05EE,  0xFDC1, 0x02A1, 0xFEF0, 0xFC11,
  0x02A1, 0xFF44, 0xF775, 0x0BB3,  0xF85A, 0x103C, 0xFC2E, 0xF776,
  0x0C64, 0xED25, 0x0E47, 0xFC65,  0xFE8A, 0x04D1, 0xFCE4, 0xFF39,
  0xFF8F, 0x030F, 0xFFA1, 0xFB77,  0x0644, 0x023E, 0xF610, 0x12AC,
  0xEA08, 0x10A9, 0xF712, 0xFBC8,  0x093E, 0xEEEA, 0x1532, 0xEF67,
  0x0B01, 0xF2D9, 0x1011, 0xF3F8,  0x03C7, 0x0596, 0xF6F2, 0x0D83,
  0xF26E, 0x0465, 0xFF69, 0xF8E0,  0x08A0, 0xFA4E, 0xFDF0, 0x0AF1,
  0xF1D7, 0x08E8, 0xFA4A, 0x044A,  0xF816, 0x0A8E, 0xF6BB, 0x09D8,
  0xF506, 0x063C, 0xFD5F, 0x0083,  0x063B, 0xFC10, 0x038B, 0xFC49,
  0x0C3D, 0xEEA3, 0x1457, 0xE881,  0x16C2, 0xEB10, 0x0D50, 0xF8A3,
  0xFB15, 0x0FE5, 0xEB4B, 0x13B7,  0xEFF6, 0x0520, 0x09F8, 0xEC87,
  0x1286, 0xF7AB, 0x0657, 0x0302,  0xF021, 0x1B67, 0xDF76, 0x1C81,
  0xEC2B, 0x1144, 0xF8A2, 0xFF63,  0x05A6, 0xFD0F, 0x0633, 0xFD8F,
  0x00AA, 0xF7E3, 0x12EB, 0xE94A,  0x0DAE, 0xF2DA, 0x0863, 0xF840,
  0x09A2, 0xF89A, 0x0441, 0xFD7B,  0x0056, 0x00D3, 0x0236, 0xFAD5,
  0x067A, 0xFCE0, 0xFB4C, 0x10CA,  0xE5F1, 0x15BF, 0xF504, 0xFF9A,
  0x0AAC, 0xF7FD, 0x0115, 0x0567,  0xF45D, 0x0F8E, 0xEAAD, 0x10C4,
  0xF84F, 0xFF40, 0x06C2, 0xF5C1,  0x0B8D, 0xF433, 0x0695, 0xFBE4,
  0x0210, 0xFD74, 0x0845, 0xF3C7,  0x0F79, 0xF347, 0x0069, 0x0ACD,
  0xEBC8, 0x10A7, 0xF94B, 0xF62A,  0x15CA, 0xE752, 0x114A, 0xF86A,
  0xFB31, 0x0F22, 0xF2CA, 0x081D,  0xFD7B, 0xFC86, 0x0739, 0xF571,
  0x0438, 0x07E6, 0xF015, 0x1228,  0xF2BB, 0x066B, 0x02A2, 0xF42A,
  0x0EF0, 0xFC51, 0xF4EB, 0x12FA,  0xE9FF, 0x1352, 0xF73C, 0xF9C2,
  0x1327, 0xECAE, 0x0948, 0x02C1,  0xF60C, 0x0944, 0xF618, 0x06CC,
  0x0279, 0xF324, 0x0F2B, 0xF46F,  0x0B56, 0xF736, 0x05C1, 0x00B8,
  0x0047, 0xF5C7, 0x0E0F, 0xF20E,  0x0801, 0xFECE, 0xFFEF, 0xFF82,
  0xFFE7, 0x04FD, 0xFBDB, 0x0153,  0xFFE1, 0x0441, 0xF6F3, 0x0D58,
  0xEB12, 0x17BD, 0xEAE3, 0x0E5F,  0xFA63, 0x021F, 0xFF7A, 0xFF72,
  0x0323, 0xFDC0, 0xFDBC, 0x06E7,  0xF8FE, 0xFC78, 0x0EC3, 0xEB94,
  0x1388, 0xF00B, 0x0706, 0xFEDE,  0xFFAD, 0x01A6, 0xFD7F, 0xFD3E,
  0x096F, 0xF203, 0x0ABE, 0xF89B,  0x00EA, 0x05E1, 0xF7EC, 0x05BC,
  0xFE65, 0xFD73, 0x06FE, 0xF603,  0x03BE, 0x07A4, 0xED01, 0x1AAA,
  0xE729, 0x0EA1, 0xFB1F, 0xFECE,  0x03FD, 0xF6F8, 0x0E2F, 0xF26B,
  0x08EE, 0x00AD, 0xF58E, 0x0CBE,  0xF5D0, 0x0503, 0x01E8, 0xF460,
  0x1414, 0xEA23, 0x0DE9, 0xFC50,  0xFEE1, 0x0452, 0xF800, 0x0ADA,
  0xF546, 0x090A, 0xF853, 0x0794,  0xF692, 0x0BEC, 0xF825, 0xFE48,
  0x0A65, 0xF36E, 0x098D, 0xFA50,  0x059B, 0xF72D, 0x0709, 0x0020,
  0xF672, 0x0D61, 0xF62E, 0xFF63,  0x0B5A, 0xF0A3, 0x0D9A, 0xF5CD,
  0x04AC, 0xFFD3, 0xFD12, 0x06FD,  0xF823, 0x04A1, 0xFF0C, 0x0234,
  0xFA73, 0x078F, 0xFCA2, 0xFC49,  0x063E, 0xF8F5, 0x046C, 0xFEC6,
  0xFC50, 0x053C, 0xFA35, 0x0769,  0xF7C1, 0x06DE, 0xFA9C, 0x0238,
  0x0199, 0xF858, 0x0A83, 0xF833,  0xFF84, 0x079E, 0xF593, 0x052E,
  0x005E, 0xFC6A, 0x0404, 0xFA30,  0x066B, 0xF9D6, 0x0523, 0xFD29,
  0xFF3F, 0x0026, 0x0417, 0xF9BB,  0x04C6, 0x0113, 0xF7F7, 0x08FA,
  0xF752, 0x0601, 0xFE89, 0xFDE7,  0x0364, 0xFA5F, 0x04E0, 0xFCF0,
  0x0152, 0x0033, 0xFE13, 0xFF2A,  0x012C, 0x0142, 0xFC02, 0x04F1,
  0xFA63, 0x0237, 0x0125, 0xFDB4,  0x02D4, 0xFDF1, 0xFFBB, 0x021B,
  0xFC88, 0x015B, 0xFEB0, 0x019F,  0xFF49, 0xFE5B, 0x047B, 0xF926,
  0x03BB, 0xFFAF, 0x0110, 0xFFA1,  0xFF89, 0x0241, 0xFAA3, 0x06F2,
  0xFA81, 0x0173, 0x0382, 0xFAC9,  0x04CD, 0xFCE9, 0x00C1, 0xFEF6,
  0x024F, 0xFEC1, 0xFEFC, 0x01B4,  0xFF6E, 0xFF94, 0xFE54, 0x0523,
  0xF963, 0x0442, 0xFDFF, 0xFFD9,  0x0225, 0xFAA3, 0x0504, 0xFDD5,
  0xFFC3, 0x0078, 0x0088, 0xFE39,  0x0151, 0xFD75, 0x01DC, 0x0022,
  0xFEF8, 0x000D, 0xFF90, 0x006F,  0xFFD9, 0xFEAF, 0xFF33, 0x024E,
  0xFD67, 0x0329, 0xFBCF, 0x01A2,  0x01CD, 0xFC3F, 0x023D, 0xFFAF,
  0xFE9C, 0x0105, 0xFECD, 0x0106,  0xFF46, 0xFFA4, 0x01D2, 0xFE08,
  0x00EE, 0xFFD0, 0x00B7, 0xFE5B,  0x01FC, 0xFF12, 0xFF02, 0x01CB,
  0xFE4B, 0x0190, 0xFF4E, 0xFFAF,  0x00C7, 0x002C, 0xFE93, 0x00A9,
  0x000C, 0x000F, 0x0029, 0xFF48,  0x007F, 0xFF73, 0x0023, 0xFFDC,
  0x0069, 0xFF7E, 0x009F, 0xFFE4,  0xFFB1, 0x007E, 0x0039, 0xFFCC,
  0xFF8E, 0x007E, 0x00D3, 0xFF22,  0xFFED, 0x0043, 0xFFF5, 0x0099,
  0xFF42, 0x0058, 0xFFBD, 0xFFF0,  0xFFB7, 0xFFD7, 0xFFF4, 0x0066,
  0xFF39, 0xFFF9, 0xFF0D, 0x002A,  0x0029, 0xFF76, 0x0065, 0xFF1A,
  0x00AD, 0xFF3D, 0xFFC7, 0xFF9B,  0xFFC1, 0x002C, 0xFFB8, 0xFFB6,
  0x001A, 0xFFBE, 0x0041, 0xFF31,  0xFFF9, 0xFFD5, 0xFFBA, 0x002D,
  0xFF9E, 0x000E, 0xFF77, 0x0044,  0xFF43, 0x005E, 0xFFF3, 0xFFEF,
  0xFFDB, 0xFFE9, 0x0016, 0xFF81,  0x001B, 0x0012, 0xFFDB, 0x0034,
  0xFFAD, 0xFFDC, 0x001B, 0xFFEA,  0x0023, 0xFFA2, 0x005B, 0xFFFC,
  0x000E, 0xFFEE, 0x0027, 0xFFCE,  0x0022, 0x0032, 0xFFCC, 0x0056,
  0xFFDC, 0x000F, 0x009C, 0xFFEC,  0xFFF9, 0x00B7, 0xFF7B, 0x004C,
  0x0087, 0xFFB3, 0x0038, 0x0051,  0xFFE1, 0x0007, 0x0081, 0xFFF8,
  0x002F, 0x0053, 0xFFE1, 0x000A,  0x0067, 0x0036, 0xFFDF, 0x0051,
  0xFFEB, 0x0005, 0x0056, 0xFFC0,  0x0039, 0xFFF2, 0xFFF5, 0x003D,
  0x0011, 0xFFE2, 0x0022, 0x0046,  0xFFA6, 0x0020, 0x001D, 0x0007,
  0xFF96, 0x002D, 0x0034, 0xFF8F,  0x0050, 0x0008, 0xFFC2, 0x0051,
  0xFFC5, 0xFFDA, 0x0065, 0xFFC0,  0xFFF9, 0xFFFA, 0x0000, 0xFFAA,
  0x003C, 0xFFCF, 0xFFCE, 0x0011,  0x000A, 0x0031, 0xFFA6, 0x0057,
  0xFF9A, 0xFFE8, 0xFFEE, 0xFFE4,  0xFFDA, 0x0043, 0xFF9C, 0x0018,
  0xFFFC, 0xFFAD, 0x008A, 0xFF86,  0x0038, 0xFFDD, 0xFFFE, 0x000C,
  0xFFD9, 0x0005, 0x004B, 0xFFCF,  0x0053, 0x004C, 0xFFC0, 0x006E,
  0xFFEB, 0x0022, 0x003E, 0x003A,  0x0011, 0x0052, 0x0027, 0x0021,
  0x004C, 0x0029, 0x003B, 0x006E,  0x000E, 0x003A, 0x0037, 0x003C,
  0x002F, 0x006B, 0x0020, 0xFFF3,  0x007F, 0x0010, 0x0032, 0x0035,
  0x0061, 0xFFE4, 0x0012, 0x0019,  0xFFDF, 0x0076, 0x0011, 0xFFFE,
  0x0063, 0xFFBE, 0x0010, 0xFFFD,  0x002B, 0x000C, 0xFFFB, 0x0064,
  0xFFB7, 0x005E, 0xFFEC, 0xFFCA,  0x0024, 0xFFF0, 0xFFF1, 0x0031,
  0x0003, 0xFFBB, 0xFFEA, 0xFFD9,  0xFFEB, 0xFFF6, 0xFFD0, 0x0013,
  0xFFAF, 0xFFFD, 0xFFCC, 0xFFF3,  0x0004, 0xFF8C, 0x0017, 0xFFBC,
  0x0003, 0xFFE0, 0xFFE1, 0xFFFD,  0xFFD6, 0xFFBC, 0x0018, 0xFFFA,
  0xFFDD, 0xFFF8, 0x002B, 0xFFC8,  0x0018, 0x0017, 0xFFCB, 0x0041,
  0xFFB9, 0x0068, 0xFFE3, 0x002A,  0xFFFF, 0x002F, 0x0006, 0x0033,
  0x004C, 0xFFD3, 0x0081, 0xFFE2,  0x005E, 0x0031, 0x0027, 0x0064,
  0x001F, 0x0034, 0x0060, 0x0011,  0x004D, 0x004C, 0x0050, 0x0053,
  0x0039, 0x004F, 0x005A, 0x001B,  0x0044, 0x0081, 0x0008, 0x0060,
  0x0035, 0x0033, 0x0038, 0x0042,  0x001B, 0x0018, 0x0046, 0xFFF7,
  0x004C, 0x003F, 0xFFF8, 0x0058,  0xFFFD, 0x000E, 0x0038, 0xFFE5,
  0x0040, 0xFFFA, 0x002E, 0x0005,  0x0016, 0x001C, 0xFFED, 0x0018,
  0x000B, 0x0013, 0xFFF3, 0x0011,  0xFFE6, 0xFFEB, 0xFFF8, 0xFFC6,
  0xFFF9, 0xFFE0, 0xFFD1, 0xFFE6,  0xFFD9, 0xFFE3, 0xFFCE, 0xFFE6,
  0xFFE7, 0xFFCB, 0xFFFC, 0xFFD0,  0xFFF7, 0xFFE1, 0xFFE9, 0xFFF0,
  0xFFE6, 0xFFF6, 0xFFE0, 0x0009,  0xFFE3, 0xFFF8, 0x0001, 0xFFF0,
  0xFFF7, 0x0009, 0xFFF3, 0x0005,  0x000E, 0xFFFE, 0x0014, 0x0019,
  0x0000, 0x0025, 0x0022, 0x0012,  0x0044, 0x0017, 0x0036, 0x0028,
  0x0037, 0x002D, 0x0030, 0x003C,  0x0029, 0x003B, 0x0031, 0x003C,
  0x002D, 0x0038, 0x0036, 0x0026,  0x003E, 0x0025, 0x0036, 0x0034,
  0x0027, 0x0036, 0x002E, 0x0029,  0x002F, 0x0036, 0x002D, 0x002B,
  0x003A, 0x0020, 0x002F, 0x002C,  0x0018, 0x0039, 0x0010, 0x0022,
  0x0021, 0x000C, 0x0023, 0x000C,  0x0020, 0x000F, 0x0012, 0x0015,
  0x000D, 0x000E, 0x0014, 0x000C,  0x0009, 0x0014, 0x0003, 0x000C,
  0x0003, 0xFFFF, 0x0004, 0xFFFF,  0xFFF6, 0x0003, 0xFFF3, 0xFFF5,
  0xFFF7, 0xFFF4, 0xFFEF, 0xFFF2,  0xFFF0, 0xFFEC, 0xFFEC, 0xFFF3,
  0xFFEB, 0xFFED, 0xFFFD, 0xFFE5,  0xFFFF, 0xFFF7, 0xFFF6, 0x0008,
  0xFFF2, 0x000A, 0xFFFB, 0x0009,  0x0006, 0x000A, 0x000E, 0x0008,
  0x0012, 0x0010, 0x0008, 0x0012,  0x000B, 0x0013, 0x000B, 0x0016,
  0x0008, 0x000F, 0x0013, 0x0009,  0x000E, 0x000C, 0x0013, 0x0008,
  0x0011, 0x0012, 0x0009, 0x0016,  0x0015, 0x0007, 0x001D, 0x000D,
  0x0017, 0x0012, 0x0017, 0x000B,  0x0018, 0x000D, 0x0011, 0x000F,
  0x000A, 0x000A, 0x000D, 0x0004,  0x0009, 0x0006, 0x0005, 0xFFFF,
  0x0004, 0x0001, 0xFFF5, 0x0003,  0xFFFA, 0xFFFE, 0xFFFA, 0xFFFD,
  0xFFFB, 0xFFF4, 0x0002, 0xFFF4,  0xFFFF, 0xFFF6, 0xFFFF, 0xFFFB,
  0xFFFE, 0xFFFE, 0x0001, 0x0000,  0x0001, 0x0006, 0x0004, 0x0005,
  0x0009, 0x0006, 0x0005, 0xFFFB,  0x0009, 0x0004, 0xFFFC, 0x0003,
  0xFFFB, 0x0004, 0x0000, 0xFFFB,  0xFFF7, 0x0004, 0xFFF7, 0xFFF7,
  0x0003, 0xFFF9, 0xFFF2, 0x0006,  0xFFFA, 0x0007, 0x0000, 0x0009,
  0x000D, 0x0002, 0x002B, 0x0008,  0x0023, 0x002B, 0x0027, 0x0022,
  0x002A, 0x0031, 0x0048, 0x002A,  0x0036, 0x0044, 0x0021, 0x0038,
  0x0018, 0x0033, 0x003C, 0xFFFC,  0xFFFF, 0x0031, 0x0014, 0x000A,
  0xFFDF, 0x0003, 0x0019, 0x0001,  0xFFE3, 0xFFE4, 0x0007, 0x0038,
  0xFFF3, 0xFFD4, 0xFFEB, 0x002C,  0x0032, 0xFFD6, 0xFFFB, 0xFFDF,
  0xFFEC, 0x0043, 0xFFCE, 0xFFC4,  0x0035, 0xFFF1, 0xFFC7, 0xFFCD,
  0xFFEF, 0x0014, 0xFFEC, 0xFF8F,  0xFFFF, 0x0015, 0xFFAA, 0xFFAD,
  0xFFD8, 0xFF9E, 0xFFC1, 0xFFE7,  0xFF97, 0xFF44, 0x0004, 0xFFD4,
  0x0027, 0x0028, 0xFF05, 0x005B,  0x002E, 0xFF8B, 0x011E, 0x00B2,
  0xFD9C, 0x004E, 0x0351, 0x001B,  0xFDDF, 0x00C6, 0x019D, 0xFFE5,
  0xFF89, 0xFF75, 0xFFE7, 0x00DE,  0xFFCC, 0xFF17, 0xFFD8, 0xFFFD,
  0x0048, 0xFEAF, 0xFEDC, 0x0040,  0x000C, 0xFEE5, 0xFF27, 0xFF60,
  0x001C, 0xFF89, 0xFF61, 0xFFCD,  0xFEF9, 0xFFAA, 0xFEC1, 0xFF0D,
  0x008D, 0xFFE7, 0xFFB7, 0x0035,  0xFFAA, 0x0011, 0x002C, 0x00EA,
  0x00D3, 0x0055, 0xFFA5, 0x00ED,  0x02B8, 0x0155, 0x00E6, 0x0258,
  0x048C, 0x066C, 0x04A9, 0x03DB,  0x0666, 0x09C8, 0x08FF, 0x0148,
  0xF9DD, 0xF88B, 0xFE3B, 0x01C9,  0x0051, 0xFB82, 0xF93C, 0xFCB2,
  0x00AF, 0x003C, 0xFD66, 0xFB71,  0xF951, 0xF773, 0xFD1B, 0x0166,
  0xFDCB, 0xF89F, 0xF88C, 0x02C5,  0x09BF, 0x02F7, 0x036D, 0x03E9,
  0x026E, 0x0538, 0x0B84, 0x0569,  0xEA87, 0xFADE, 0x0BA6, 0x0625,
  0xF248, 0xF349, 0x0CB5, 0x0503,  0xEACA, 0xF417, 0x130E, 0x0447,
  0xF0EB, 0xF90A, 0xFE55, 0xFC44,  0xFF6B, 0xF014, 0xF878, 0x0CBE,
  0xF90D, 0xED36, 0x06D7, 0x058A,  0xEE1E, 0xFB7A, 0x1A7F, 0x00C2,
  0xF72A, 0xFF4B, 0xFEA6, 0x095E,  0xFAEB, 0x0A39, 0x086C, 0x11D7,
  0x0712, 0xF7BD, 0x1527, 0x05B8,  0xF31E, 0xFEFF, 0x071D, 0x0529,
  0xF6B6, 0xFE9C, 0x0440, 0x0346,  0xF798, 0xF80F, 0x0BA1, 0xF69B,
  0xF735, 0x0312, 0xF28C, 0xFC49,  0x064E, 0xF860, 0xF876, 0xFE2A,
  0x0889, 0xF3FB, 0xFF69, 0x0546,  0xFE14, 0x07FE, 0xFB84, 0x0658,
  0xFDCE, 0x063F, 0xFD77, 0xFE1A,  0x0931, 0xF87D, 0x0B56, 0xF2D2,
  0x0B07, 0xFF3F, 0x004B, 0x0BF4,  0xED8D, 0x1400, 0xF71F, 0x08D8,
  0xF610, 0xFD18, 0x039C, 0xF7ED,  0xFCB1, 0xF6E6, 0x0DB8, 0xF11D,
  0x00DC, 0xFA6A, 0x0BD1, 0xF296,  0x099D, 0x02DC, 0xF18E, 0x178A,
  0xEB2C, 0x08F6, 0x04A1, 0xFCC3,  0x0C33, 0xF8C8, 0x09AD, 0xFF59,
  0xFFC5, 0x0429, 0xFEE3, 0x0E50,  0xF8C9, 0xF93E, 0x04F3, 0xFAAD,
  0xECA0, 0x056C, 0xF97D, 0x07CA,  0xF775, 0xFA35, 0x0567, 0xEF03,
  0x021F, 0xED6B, 0x05BC, 0x039C,  0xF746, 0xFF3D, 0x078C, 0xFAFC,
  0xF791, 0x0A93, 0x0DC7, 0xFFC6,  0x0571, 0x0928, 0x0AF2, 0xFA56,
  0x08E4, 0x06B6, 0x03F3, 0xF993,  0x0E7D, 0x087F, 0xEDDA, 0x1F24,
  0xEA71, 0x0786, 0xFE33, 0x0342,  0x03D1, 0xF2B0, 0x06C2, 0x00C2,
  0xEAD8, 0xFF69, 0x0429, 0xED6C,  0x0A40, 0xF304, 0x0081, 0x08BB,
  0x0BE8, 0xF167, 0x0C65, 0x07CD,  0xFC13, 0x0C44, 0x0B34, 0xFE15,
  0x0F2F, 0x08F2, 0xF792, 0x0D78,  0xFB44, 0x027E, 0xFC12, 0x06A7,
  0x063C, 0x040D, 0xF83D, 0xFC24,  0xFA8A, 0x0193, 0xFD4B, 0xF951,
  0x053B, 0xFC64, 0xFE77, 0xFCF3,  0xF31E, 0xF9B4, 0xFFF9, 0xFF71,
  0xFD24, 0xFCEC, 0x0280, 0xFFA6,  0x0540, 0xF0F9, 0x0846, 0x04DF,
  0xF392, 0x08F8, 0xFF53, 0xFFF8,  0x05FC, 0xF7D7, 0xFEE7, 0x015A,
  0x0693, 0x0B69, 0xF3C9, 0x04A0,  0x0B00, 0xF817, 0xFC46, 0xF914,
  0x0AA8, 0x0C34, 0xF76B, 0xFB22,  0x0030, 0x0454, 0xED51, 0x05A8,
  0x179C, 0xF92D, 0xF5A6, 0x0427,  0x0110, 0xF559, 0xFDD4, 0x078F,
  0x1521, 0xF8D6, 0xF333, 0x10E5,  0xF863, 0xED34, 0x0805, 0x0D7F,
  0x02A8, 0xF73E, 0x08B6, 0x0778,  0xF714, 0xF8C7, 0xF806, 0x0BD2,
  0x0AD9, 0xFC6F, 0xFC7D, 0xFF86,  0xF8F3, 0xFBBD, 0xFC79, 0x05EB,
  0x0976, 0xFE2F, 0x0595, 0x065A,  0x0883, 0xF47A, 0xF401, 0xF818,
  0x05D5, 0x0F98, 0x0385, 0x01BA,  0xFF5D, 0x0216, 0xF06A, 0x0185,
  0x0C1A, 0x0A97, 0x0000, 0xFFF4,  0x0573, 0x02A7, 0xFBFE, 0xF21B,
  0x01D9, 0x05F2, 0x07D8, 0xFEDD,  0xFD9D, 0xFBCC, 0xF873, 0xF826,
  0xFE62, 0x05C7, 0x00A4, 0xFBE0,  0xFE1A, 0xFF37, 0xFA52, 0xF464,
  0xFD4C, 0x0102, 0xFEEF, 0xFE87,  0x00E9, 0x01CA, 0xFC88, 0x01D3,
  0xFCDD, 0xF807, 0x02BD, 0x061E,  0xFF21, 0x027C, 0x0414, 0x07B2,
  0xFAD8, 0xFA92, 0xFDE9, 0x026E,  0x026B, 0xF755, 0x01CE, 0x0680,
  0x021A, 0xF374, 0xF955, 0x0162,  0x00D0, 0xFEC9, 0x0569, 0x069B,
  0xFD0F, 0xFB61, 0xFBB3, 0xFF2C,  0xFE94, 0x0114, 0xFF05, 0x061C,
  0x05C2, 0x003B, 0xFD31, 0x0462,  0x0238, 0xF608, 0x00B7, 0x06EB,
  0x06F1, 0xFE74, 0xF68F, 0x0613,  0x041D, 0xF88F, 0xFB84, 0x0545,
  0x046C, 0xF866, 0x050C, 0x040A,  0x05CC, 0xF59C, 0xFE27, 0x0741,
  0xFECE, 0x03DF, 0xF8E2, 0x0542,  0xFEAB, 0xFACF, 0x0304, 0x00C1,
  0xFFE2, 0xFE7C, 0x0119, 0x04D3,  0xFAF9, 0x009D, 0xFFFE, 0x02A3,
  0xFE72, 0xFAD4, 0x07B2, 0xFAB4,  0xFE12, 0x02AF, 0xFDEE, 0xFD4C,
  0xFC96, 0x0294, 0x018B, 0xFDD1,  0xFF1F, 0x0247, 0x04FB, 0xFD03,
  0x0001, 0xFFD2, 0x07FB, 0x04C7,  0x002E, 0x02E7, 0xFB22, 0x017E,
  0xFE16, 0x04AF, 0xFECE, 0xFCD3,  0xFF34, 0xFB02, 0xFF20, 0xFE4A,
  0x00C5, 0xFCD6, 0xFBA0, 0x02C3,  0x02AD, 0xFEA8, 0xFFAB, 0x01EA,
  0x0083, 0xFDED, 0x0241, 0xFD5A,  0x01FD, 0xFEB7, 0xFE19, 0xFFC7,
  0xFCA4, 0x057E, 0x0087, 0x0098,  0xFE7F, 0x02BA, 0xFEF4, 0xF8A3,
  0x01CA, 0x03B6, 0xFC4C, 0xFAA0,  0xFF61, 0xFD94, 0xF9BD, 0x004A,
  0x0074, 0xFF40, 0x0285, 0xFE28,  0x05C5, 0xFE73, 0xFDEC, 0x0378,
  0x023F, 0xFD78, 0xFC1F, 0x04DD,  0x0188, 0xFFB4, 0x0000, 0x02C1,
  0xFCFA, 0xFD47, 0xFFE0, 0x02BA,  0xFF14, 0xFBFE, 0x0491, 0x05E0,
  0x05A6, 0x001B, 0x002E, 0xFEA0,  0xFB80, 0xFC5F, 0x0050, 0x05FC,
  0x03DE, 0xFA16, 0xF9E1, 0xFEAA,  0x0219, 0xFB7C, 0xF97F, 0x0383,
  0x0337, 0x01B2, 0xFC08, 0x0171,  0xFF6C, 0xFFE7, 0x0306, 0xFDE5,
  0x025E, 0x030E, 0x04DF, 0x023C,  0x00E6, 0xFEBC, 0x007A, 0x0255,
  0x0490, 0x06A4, 0x0119, 0xFF3B,  0xFDD4, 0xFB82, 0xFBF9, 0x00B2,
  0x00F8, 0x0319, 0x0288, 0x0004,  0xFFA6, 0xFA9C, 0xF80F, 0xFB58,
  0x0028, 0x01C5, 0x02E0, 0x0163,  0x0244, 0x0342, 0xFF4D, 0x00E3,
  0xFF09, 0xFF98, 0x01EC, 0xFFB8,  0x010B, 0x0040, 0x003F, 0xFE4C,
  0xFC13, 0x01DE, 0x02C9, 0x011A,  0x01C0, 0xFF0A, 0x007B, 0xFF58,
  0xFBFE, 0xF8ED, 0xFFF8, 0x0402,  0x025D, 0x002F, 0x024D, 0x01B7,
  0xF8A0, 0xFAA3, 0xFABE, 0xFE57,  0x00E8, 0x04FB, 0x04CF, 0xFED7,
  0x013C, 0xFCA3, 0xFAA3, 0x0020,  0x0051, 0x0523, 0x0208, 0x0168,
  0x01F1, 0xFF0A, 0x01C3, 0xFB5E,  0xFE4F, 0xFF7F, 0x009B, 0x01FA,
  0xF866, 0xFF80, 0xFF5C, 0xFE93,  0x0065, 0x0061, 0x052D, 0xFF1A,
  0x0351, 0xFF90, 0xFED8, 0x013B,  0xFEDB, 0x024F, 0x0179, 0x0208,
  0x0301, 0x00A5, 0x0248, 0xFDDB,  0xFF71, 0xFF8D, 0xFFB9, 0x0201,
  0xFB1F, 0xFF4C, 0x00BE, 0xFF5C,  0xFE00, 0xFF27, 0xFE52, 0xFF82,
  0xFC0B, 0x002B, 0x01CB, 0xFF8E,  0x02C4, 0x0064, 0xFECC, 0xFEBA,
  0x00FB, 0xFFEF, 0x0269, 0x000C,  0xFF04, 0xFC09, 0x01C8, 0x022A,
  0xFCE6, 0x0441, 0xFF3B, 0x0410,  0x0041, 0xFE90, 0x012B, 0xFB01,
  0xFFE9, 0xFEC1, 0x0213, 0xFF8F,  0xFCAC, 0xFC4C, 0xFDD7, 0x01AB,
  0xFEB1, 0x0049, 0x01DB, 0x0195,  0x0164, 0x01AC, 0x016B, 0xFF27,
  0xFCAC, 0x0070, 0x01E7, 0x001F,  0xFF1C, 0xFEA7, 0x0193, 0x02C4,
  0xFFF1, 0xFE0F, 0x028E, 0x02A0,  0x02C7, 0xFF1A, 0xFF28, 0x01F3,
  0x0262, 0xFE1C, 0xFB45, 0xFF11,  0xFDAC, 0x01EC, 0x0160, 0x050F,
  0x01D6, 0x0055, 0xFC50, 0xFC0C,  0xFF4F, 0xFD88, 0x0225, 0x022A,
  0xFF45, 0xFEEB, 0xFFD7, 0xFD48,  0x0032, 0xFE3C, 0xFE37, 0xFE2D,
  0x0055, 0xFEC0, 0x0435, 0x03C5,  0x026F, 0x03D5, 0xFB6F, 0x00B2,
  0xFF42, 0xFD31, 0x016B, 0xFFF9,  0x0090, 0x0171, 0xFFD7, 0xFD99,
  0xFDDC, 0xFED6, 0x0147, 0x0113,  0xFDD5, 0x0142, 0x03E1, 0x00D5,
  0xFE8B, 0xFF4A, 0xFB17, 0x01A0,  0xFE71, 0xFE99, 0x00C0, 0x001F,
  0x03A9, 0xFEA9, 0xFF19, 0x00D1,  0x018B, 0x023F, 0x0313, 0xFD84,
  0xFF9F, 0xFBA1, 0x00E4, 0x0193,  0xFDBF, 0x00CA, 0xFC4D, 0xFFFB,
  0x0087, 0xFFD4, 0x00FD, 0x0097,  0x01F4, 0x015B, 0xFE7D, 0x0418,
  0xFF3B, 0xFF8A, 0x000D, 0xFE31,  0x0160, 0xFD8B, 0xFF6D, 0xFFF5,
  0xFF9C, 0xFD4D, 0xFC24, 0xFCC1,  0x01FC, 0x0178, 0x0176, 0x026B,
  0xFFC3, 0x0404, 0xFEBB, 0xFCD0,  0xFD8D, 0xFEF4, 0x0230, 0xFEBE,
  0x01F2, 0x008B, 0x0067, 0xFFD6,  0x00D3, 0x023F, 0x0038, 0x00EF,
  0x0106, 0x01F6, 0x00E4, 0x0049,  0xFE09, 0x0054, 0x002B, 0xFFCA,
  0xFDF4, 0xFDC8, 0xFD43, 0x00C7,  0x015E, 0xFE41, 0x00C7, 0x0062,
  0xFFBA, 0xFFE3, 0xFEA2, 0x0101,  0x0358, 0x00D1, 0x01BA, 0x01A5,
  0x0198, 0x00D3, 0xFE6E, 0xFAF8,  0xFE7C, 0x0161, 0x049E, 0x0482,
  0x0258, 0xFEC2, 0xFD83, 0xFDB4,  0xFE37, 0xFE9F, 0x0158, 0x0113,
  0x0108, 0x00D7, 0xFE87, 0x01EA,  0xFEE3, 0x02E9, 0xFFB1, 0xFF22,
  0xFBFC, 0xFCF9, 0x00C7, 0x0489,  0x02CE, 0x001F, 0x00AD, 0xFEEA,
  0xFFB7, 0xFE62, 0x021D, 0xFF95,  0x018D, 0xFFC9, 0xFFDF, 0x0013,
  0xFFC9, 0xFE90, 0xFE53, 0xFD7E,  0x00ED, 0x055D, 0x014F, 0xFFE8,
  0xFD32, 0xFEF0, 0x0393, 0x0155,  0x007C, 0x007F, 0x017B, 0xFE04,
  0xFDD8, 0x0336, 0xFFA5, 0x0032,  0xFD7C, 0x0040, 0xFE49, 0x00A8,
  0x0040, 0x010F, 0x0222, 0xFDDD,  0xFF26, 0xFC17, 0xFE64, 0xFF4F,
  0x00E2, 0x0309, 0x02C9, 0x0131,  0xFFEB, 0xFD8C, 0x0157, 0xFE12,
  0xFFCF, 0xFF47, 0x0074, 0x03C2,  0x00C1, 0xFFF8, 0xFC82, 0x00A9,
  0x000C, 0x0112, 0x029A, 0x0065,  0x006C, 0xFF0F, 0x0068, 0x0143,
  0xFE19, 0xFE78, 0xFE7F, 0xFF31,  0xFE92, 0x010F, 0x0108, 0x0004,
  0xFE2A, 0xFDE9, 0x01BC, 0x0183,  0x0197, 0xFFE4, 0x0096, 0xFF55,
  0xFE06, 0xFD08, 0xFEE6, 0x00E0,  0x02AD, 0x03A4, 0x023F, 0x023B,
  0x002D, 0xFFB2, 0x018C, 0x015E,  0xFED5, 0xFF41, 0x0156, 0xFF7E,
  0xFFC3, 0x000A, 0xFF4C, 0xFF0A,  0xFC60, 0x004D, 0xFD4A, 0xFF51,
  0x0117, 0xFF83, 0x0274, 0xFEC8,  0x0258, 0x00AE, 0xFE96, 0x0002,
  0xFEAE, 0xFE4B, 0x0197, 0xFEE9,  0x0061, 0x015D, 0xFFA2, 0x0114,
  0xFEEA, 0x01A2, 0x00F6, 0xFFD8,  0xFE6A, 0x0001, 0x01D9, 0x0315,
  0xFF4C, 0xFC99, 0xFE6F, 0xFF56,  0x0118, 0x0100, 0xFF44, 0x02C6,
  0x0197, 0xFFEE, 0x00A3, 0xFDA2,  0xFEAA, 0xFE58, 0x023D, 0x00E8,
  0xFFA3, 0x0116, 0xFF29, 0xFF65,  0xFDAC, 0xFD97, 0x001F, 0x012F,
  0x015E, 0x00BD, 0x013E, 0x006C,  0x00E2, 0xFF9C, 0xFF52, 0x0277,
  0x01C1, 0x006B, 0xFE47, 0xFE4D,  0x0000, 0x01AC, 0xFFE8, 0xFDD5,
  0x00C4, 0xFE3C, 0xFE6F, 0x01D3,  0xFFB0, 0x029B, 0x030C, 0xFC9B,
  0xFD17, 0xFFAA, 0xFE82, 0x0099,  0x0311, 0x00EC, 0x0123, 0x007B,
  0xFDAE, 0xFFEA, 0x0079, 0x0063,  0xFFE2, 0x02FA, 0x0032, 0x0098,
  0xFEDA, 0xFD7A, 0x0104, 0x00F5,  0x0082, 0x00DD, 0x021E, 0xFB7B,
  0xFEED, 0xFF09, 0x00BD, 0x0014,  0xFED5, 0x0001, 0xFF5C, 0x026F,
  0x0016, 0xFE0A, 0xFFB2, 0xFF7E,  0x0007, 0x0009, 0xFF32, 0x03A7,
  0xFFC9, 0x00DA, 0x0066, 0x0056,  0xFF69, 0xFE5D, 0xFF7D, 0xFD76,
  0x001A, 0x00C1, 0x02C2, 0x003A,  0xFF7F, 0x0108, 0x0007, 0x009F,
  0xFECF, 0xFF55, 0x005D, 0x003A,  0xFFC6, 0x0118, 0x0148, 0xFFA9,
  0xFFB8, 0xFF4B, 0x0137, 0xFEDE,  0xFF7E, 0x0008, 0xFEFE, 0xFFA4,
  0xFE7F, 0x0066, 0x0013, 0xFF6A,  0x00FD, 0xFF5B, 0xFF83, 0xFF0E,
  0xFE3E, 0xFF71, 0xFFF4, 0x01B9,  0x005C, 0x0010, 0xFFFF, 0xFF0B,
  0x00D3, 0x00D7, 0x01A1, 0x00D6,  0xFE6A, 0xFD95, 0xFEE3, 0x0218,
  0xFFC3, 0x004B, 0x0052, 0xFF9B,  0x00A9, 0x0057, 0xFFE6, 0xFE15,
  0xFF04, 0x00B5, 0x0137, 0xFF5C,  0x00EC, 0x00D2, 0xFFE9, 0x008A,
  0xFDC4, 0xFF0A, 0x00C7, 0xFFE8,  0x000C, 0x01C6, 0x014F, 0x002A,
  0xFE42, 0x0011, 0x0082, 0x0011,  0x0042, 0x00DE, 0xFFE9, 0xFFBA,
  0xFFC3, 0xFD2C, 0x0251, 0xFE98,  0xFFF6, 0x0066, 0x0029, 0x00A8,
  0xFF6F, 0xFF9C, 0xFFC4, 0x0015,  0xFFDF, 0x0022, 0xFEE9, 0x0169,
  0xFE58, 0x00D0, 0xFEAA, 0xFFDB,  0x0095, 0xFF47, 0x007B, 0x0056,
  0x00A4, 0xFF3D, 0x00E8, 0xFF20,  0x0044, 0x00C1, 0xFFA8, 0x005A,
  0x0024, 0xFF87, 0x0045, 0x00F1,  0x007D, 0x0047, 0xFF74, 0x0043,
  0x0014, 0xFDDD, 0xFED6, 0x006D,  0x00F9, 0xFFC0, 0x0030, 0xFECA,
  0xFEE1, 0x004B, 0xFF37, 0xFFB5,  0xFF9A, 0xFFA8, 0xFFD4, 0x0007,
  0xFEB2, 0x009D, 0xFFA4, 0x0183,  0x0149, 0x001A, 0x008D, 0xFEC0,
  0x021C, 0x00AD, 0xFFE9, 0xFE24,  0xFEA5, 0x0007, 0x017C, 0x0194,
  0xFF36, 0xFFDD, 0x013C, 0x003B,  0xFE67, 0xFEA5, 0xFF83, 0x00B9,
  0x0111, 0xFFBC, 0xFFA6, 0x0000,  0xFFFF, 0x0057, 0xFE83, 0x004D,
  0xFFB5, 0x00E2, 0x000F, 0xFF11,  0xFE5A, 0xFF94, 0xFFC3, 0x005A,
  0xFFC1, 0xFF66, 0x0122, 0xFE90,  0x0182, 0xFF9E, 0x0123, 0x015B,
  0x006E, 0x012F, 0xFED4, 0x0078,  0xFE65, 0xFF7C, 0x0107, 0xFE08,
  0x009F, 0x0096, 0x0177, 0x0129,  0xFF86, 0xFD79, 0xFFC8, 0xFFBB,
  0x0033, 0x02A0, 0xFF1F, 0xFFC7,  0xFEA1, 0xFE91, 0xFEF0, 0x00F6,
  0x000A, 0xFF45, 0xFF76, 0x00EB,  0x0046, 0x005F, 0x0059, 0xFE50,
  0x0034, 0xFE38, 0x0139, 0x02CA,  0x001F, 0xFFE4, 0xFEC1, 0xFEB6,
  0x000B, 0x0103, 0xFFC0, 0x018D,  0xFF6F, 0x0037, 0x00BD, 0xFF36,
  0x002A, 0xFFA9, 0x0060, 0xFE9D,  0x001F, 0x0054, 0xFF49, 0x0000,
  0x008F, 0xFE6F, 0xFFAB, 0xFEE4,  0x017E, 0x0278, 0x0038, 0x00B9,
  0xFE97, 0xFDD1, 0xFF23, 0xFFED,  0x018F, 0xFFDC, 0x0120, 0xFFE0,
  0xFEF4, 0x019E, 0xFF74, 0x00A3,  0xFDD9, 0x0053, 0x00E4, 0x01C0,
  0xFF22, 0xFF12, 0xFFF0, 0x009C,  0x00D3, 0x007A, 0xFF4F, 0xFF98,
  0x0146, 0xFED5, 0x017E, 0xFF66,  0x00E1, 0xFFA6, 0xFFDE, 0xFDDA,
  0xFF64, 0xFF56, 0xFFBA, 0x000F,  0xFF26, 0x011B, 0xFFE5, 0xFFF4,
  0xFE6A, 0x00ED, 0x0052, 0x0113,  0x0107, 0x00D9, 0xFFB6, 0x0050,
  0xFFD6, 0xFF23, 0x0019, 0x004B,  0x00FB, 0x0139, 0x0007, 0xFF5F,
  0xFE2B, 0xFFCA, 0x0053, 0xFE4B,  0x0115, 0xFEE6, 0x0180, 0xFFC7,
  0x000F, 0xFF7D, 0xFF71, 0xFFF2,  0xFEA3, 0x011C, 0xFECF, 0x00E5,
  0x00A1, 0xFFDD, 0x0037, 0x00A0,  0xFE9B, 0xFF6D, 0x0149, 0x0087,
  0x0129, 0x00A6, 0x015C, 0xFF37,  0xFF54, 0xFF11, 0xFEE8, 0xFFC4,
  0xFE62, 0x0387, 0x009E, 0x00B0,  0x0091, 0xFC97, 0x0090, 0xFE79,
  0xFF49, 0x009D, 0xFF25, 0x013B,  0xFFD5, 0x0044, 0xFF56, 0x00BB,
  0x0017, 0x0037, 0x0018, 0xFF07,  0x01F1, 0xFE26, 0x0139, 0x009C,
  0x0149, 0xFF9F, 0xFF35, 0xFD64,  0x0241, 0x0045, 0xFF2E, 0xFED7,
  0xFFCA, 0x0341, 0xFEE2, 0x01B9,  0xFCE3, 0x023C, 0xFEBB, 0xFEA7,
  0x0015, 0x0025, 0xFF14, 0x01DE,  0xFFC4, 0xFE47, 0x0070, 0xFF9B,
  0x028D, 0xFEEA, 0x00CE, 0x00A7,  0xFE9D, 0xFE1A, 0x0056, 0x0115,
  0x007F, 0x000D, 0x012E, 0x003B,  0xFF4B, 0xFEA9, 0xFFC3, 0x01C6,
  0x0241, 0xFD79, 0xFFB3, 0x0042,  0xFF0E, 0x0100, 0xFF61, 0x0023,
  0x0208, 0x0008, 0xFFC9, 0x0122,  0xFF2D, 0x0078, 0xFD32, 0xFFB4,
  0x0176, 0xFF0E, 0x012B, 0x00F8,  0xFF15, 0x0064, 0xFE9A, 0x0017,
  0x015A, 0xFFEC, 0xFF1D, 0xFFC8,  0xFFB3, 0x0197, 0x0177, 0xFDDF,
  0x0098, 0xFE4A, 0x00BE, 0x0114,  0xFE5D, 0x0029, 0xFF7F, 0x01D3,
  0x0247, 0x008B, 0xFEB5, 0xFF71,  0xFEEF, 0xFEDD, 0x01E4, 0xFFD1,
  0x02A7, 0xFF56, 0xFE88, 0x006C,  0xFCE0, 0x008D, 0xFF97, 0x0065,
  0x0330, 0xFFCF, 0xFE96, 0xFDA8,  0xFE33, 0x00DF, 0x009F, 0x01FE,
  0x00CF, 0x002A, 0x0160, 0x01D6,  0x005F, 0xFD47, 0x000F, 0x0073,
  0x00F2, 0xFEFE, 0x0112, 0x014B,  0xFF2E, 0x0078, 0x0028, 0xFFF3,
  0xFFB2, 0x013A, 0xFEDB, 0xFE64,  0xFFB9, 0x0380, 0xFC85, 0x00A4,
  0xFFE7, 0xFEEF, 0x0186, 0x0029,  0x00E9, 0xFC9E, 0x01D5, 0xFEFB,
  0xFF93, 0x01B9, 0xFE36, 0x0463,  0x0074, 0xFBFF, 0x01CF, 0xFFFD,
  0x034B, 0xFD73, 0x038C, 0xFF97,  0xFFAB, 0xFF72, 0xFEA5, 0x0191,
  0xFFD0, 0x019F, 0xFB3E, 0x0196,  0xFDC1, 0xFFBA, 0xFDC6, 0xFFBE,
  0x010A, 0x00F6, 0x0273, 0x0182,  0xFE30, 0x01EA, 0xFCEF, 0x00FB,
  0x025C, 0xFB1B, 0x0338, 0xFD6E,  0x004B, 0xFFE1, 0xFF67, 0xFDDB,
  0x0123, 0xFEF5, 0xFFD8, 0x0136,  0x00EE, 0x01BE, 0xFEC1, 0x0171,
  0x004D, 0x00C4, 0x0036, 0xFFD6,  0xFD7D, 0x0074, 0x016E, 0xFEB5,
  0x0008, 0x01BD, 0x0130, 0xFE54,  0xFF6D, 0xFF5E, 0x001E, 0x00EA,
  0x007A, 0x01B2, 0xFF05, 0x01B6,  0xFCC7, 0xFC15, 0xFDF1, 0x00F2,
  0x01AA, 0xFFB0, 0x01DE, 0xFF6F,  0x026C, 0xFF6A, 0xFC53, 0xFAD3,
  0xFFF6, 0x01D1, 0x0391, 0x022E,  0x0322, 0x0180, 0x0020, 0xFDB8,
  0xFDBE, 0x0318, 0x0106, 0x00E5,  0xFDF4, 0xFFA8, 0xFC42, 0x00A8,
  0x0047, 0x030B, 0x0306, 0xFD02,  0xFFD4, 0xFF6E, 0xFEA5, 0x011F,
  0x00D8, 0xFEA8, 0xFF0B, 0xFCBD,  0x01E7, 0x00D0, 0x0153, 0x0405,
  0xFEC7, 0xFD8E, 0xFCEF, 0xFD88,  0xFD90, 0x00F1, 0x0104, 0x01C7,
  0x054A, 0x0403, 0x0201, 0xFEBA,  0xFD40, 0xFC64, 0x02B3, 0x032A,
  0x0138, 0xFC10, 0xFDF6, 0x0198,  0xFEC3, 0xFDE8, 0xFD60, 0x0344,
  0x03A8, 0xFF1B, 0xFB1C, 0x001D,  0x0035, 0x00F0, 0x008A, 0xFDE0,
  0xFE60, 0x0162, 0x04D5, 0x00EA,  0xFDFD, 0xFDA8, 0x0044, 0x02C6,
  0x0408, 0x038C, 0x0552, 0x00DA,  0xFFF1, 0xFC17, 0xFC69, 0x0206,
  0xFE7E, 0x03D0, 0x0215, 0x02B2,  0x0003, 0xF9C2, 0xF89A, 0xF9D1,
  0xFD88, 0xFF9D, 0x020F, 0xFF76,  0x02A0, 0xFFBC, 0x000C, 0x0117,
  0xFFD8, 0x00C6, 0xFDBD, 0xFD57,  0xFEBD, 0x00E5, 0x0493, 0x0104,
  0xFF55, 0x03D5, 0x0363, 0x02F5,  0xFD50, 0xFD34, 0xFFC8, 0x0204,
  0xFCEB, 0xFEB6, 0x0222, 0x0394,  0xFF67, 0xFC3A, 0x004A, 0xFE5B,
  0xFC0E, 0xFEF1, 0xFF42, 0xFD76,  0x05F0, 0x013B, 0x029B, 0xFC97,
  0xFF5A, 0x004C, 0xFB25, 0x007E,  0x0410, 0x0713, 0xFFBE, 0x0106,
  0xFF3A, 0x00C1, 0xFF93, 0xFF31,  0x02EF, 0x0067, 0x00F6, 0xFBD8,
  0xFD07, 0x00D4, 0xFFDD, 0x001A,  0xFDDC, 0x0467, 0x00E7, 0xFF64,
  0x00DF, 0xFCD8, 0xFDC6, 0xFE90,  0x0198, 0xFF96, 0x0062, 0x0087,
  0x00A4, 0x003F, 0x00D8, 0xFFA4,  0x00FD, 0x0232, 0xFDCC, 0x0167,
  0xFE17, 0xFEDB, 0x0289, 0xFC64,  0x003E, 0xFFF5, 0x0147, 0x000E,
  0xFE4F, 0x0136, 0x0186, 0x00AF,  0xFF5F, 0xFFB8, 0xFF26, 0x012B,
  0x002A, 0x0043, 0xFE47, 0x0044,  0xFDA3, 0xFCD6, 0x011E, 0x00C5,
  0xFF45, 0x00DE, 0xFD45, 0x0285,  0xFED0, 0x0083, 0x0500, 0xFCBD,
  0x0213, 0xFD4A, 0x01AD, 0xFF5F,  0xFD32, 0xFCA0, 0xFF4E, 0x0174,
  0xFE27, 0xFFD3, 0xFF64, 0x02A5,  0x003C, 0x027A, 0x017C, 0xFEC9,
  0xFD9A, 0xFFEC, 0x03AB, 0x009B,  0xFEA5, 0xFC8C, 0x00E1, 0x03FF,
  0xFF59, 0xFFEF, 0x0375, 0x00F0,  0xFF9A, 0xFD49, 0x00FE, 0x0195,
  0x0306, 0xFFEF, 0xFD7D, 0xFFDD,  0xFCF1, 0x0288, 0xFEC8, 0x0186,
  0xFEB6, 0xFF93, 0xFE8F, 0xFB11,  0xFF00, 0xFE2F, 0x02C6, 0x04ED,
  0xFEBB, 0x0011, 0x00BF, 0xFF08,  0x00CE, 0xFF28, 0xFD06, 0xFB77,
  0x0184, 0xFC3D, 0x04B9, 0x0701,  0x019B, 0x00F3, 0xFD6F, 0xFEF9,
  0xFE5E, 0xFF88, 0x0273, 0xFF21,  0x0052, 0x011F, 0xFD7C, 0xFDE1,
  0xFCE8, 0x006C, 0x020E, 0xFE8A,  0xFA91, 0x00D6, 0x02F0, 0x009C,
  0xFDCC, 0x0183, 0xFE98, 0x0363,  0xFF32, 0xFD78, 0x03E7, 0xFDF6,
  0x055F, 0x0062, 0x001E, 0x03A1,  0x0434, 0x037A, 0xFF77, 0xFD12,
  0x006F, 0xFC02, 0xFEC7, 0x02B3,  0x0032, 0x015F, 0xFB07, 0xFD1A,
  0xFFA4, 0x0318, 0x0296, 0xFFA5,  0xFEC8, 0xFF92, 0xFF78, 0x0409,
  0xFFF6, 0xFD12, 0xFFB2, 0xFE47,  0x00AD, 0xFCFE, 0xFE67, 0xFFB5,
  0xFFDE, 0xFC99, 0xF8E8, 0xF9F2,  0xFFCC, 0x0022, 0xFF8B, 0x0265,
  0x0013, 0x01F3, 0xFED4, 0xFE19,  0xFE33, 0xFF74, 0x01E2, 0xFD59,
  0x020C, 0x0277, 0x0505, 0x02D7,  0x0169, 0x0451, 0x0194, 0x05A4,
  0x0370, 0x0358, 0x01DF, 0xFEFD,  0xFC4D, 0xFB77, 0xFF05, 0x00E1,
  0x00E9, 0xFF8E, 0xFC05, 0xFE81,  0xFF27, 0xFD3F, 0xFE23, 0xFDF5,
  0x0279, 0xFF97, 0xFF72, 0x0224,  0x0111, 0x0193, 0x0021, 0xFEF5,
  0x004E, 0x005D, 0xFFF0, 0xFCAD,  0xFAE2, 0x00C9, 0x026A, 0x0671,
  0x03D1, 0xFF18, 0xFE2D, 0xFBC6,  0xFEEB, 0xFACB, 0x01F5, 0x04ED,
  0x0236, 0xFF7B, 0xFB5E, 0x02CC,  0x03B5, 0x033F, 0x01ED, 0xFE43,
  0xFF2E, 0xFD8E, 0xFF2A, 0x062A,  0x01D8, 0xFF8F, 0xFF11, 0xFCF1,
  0xFEA9, 0xFF44, 0x01D6, 0x00B8,  0xFC06, 0xFEEA, 0xFFEE, 0x0280,
  0xFF69, 0xFEDA, 0x0095, 0xFF14,  0x03F7, 0x0233, 0x0304, 0xFE8F,
  0xFAF1, 0xFF77, 0x060D, 0x04E9,  0xFBDA, 0xFCE4, 0x01B6, 0xFF37,
  0x0082, 0x0026, 0x015D, 0x002F,  0xFED8, 0xFEDA, 0xFD0D, 0x017E,
  0x008C, 0xFFC7, 0xFCD7, 0xFF5B,  0x019B, 0xFEBC, 0xFDF2, 0xFF15,
  0x00EF, 0x0445, 0x0323, 0x00C3,  0xFE0D, 0xFDCD, 0x029D, 0xFE67,
  0xFD58, 0xFE9A, 0x0201, 0x036F,  0x0146, 0xFE19, 0xFBE1, 0x0115,
  0x01B6, 0x004E, 0x007C, 0x0034,  0x0254, 0xFEA0, 0xFEDA, 0x00F1,
  0xFE4D, 0xFEF7, 0xFAE4, 0xFF34,  0x01E9, 0x0156, 0x0290, 0xFD97,
  0xFD0D, 0xFC9B, 0xFE77, 0x0005,  0xFE48, 0xFFAA, 0x0263, 0x017A,
  0x00B8, 0xFEF4, 0xFDEA, 0xFFE8,  0x01DA, 0x04CF, 0x06A9, 0x0492,
  0x02A8, 0x036B, 0x020D, 0xFF1C,  0xFBCB, 0xFCBE, 0x008B, 0x0082,
  0xFF0B, 0xFED2, 0xFFD6, 0xFFA6,  0xFE18, 0xFE83, 0xFE07, 0xFF86,
  0x0001, 0xFEAA, 0xFF2F, 0xFE3C,  0x006C, 0x0132, 0x001C, 0x0019,
  0xFEA8, 0xFFD6, 0x0136, 0xFEC6,  0xFFA9, 0x0244, 0x01FF, 0x01F9,
  0xFFB9, 0x02AC, 0x04B3, 0x00BB,  0xFEDA, 0xFF34, 0x0256, 0x03A0,
  0x013D, 0xFD85, 0xFD58, 0xFF72,  0x0178, 0xFF4D, 0xFE99, 0x018E,
  0x02FA, 0x0243, 0x0044, 0x0057,  0xFE51, 0xFE88, 0xFFF1, 0xFDFD,
  0xFFB9, 0xFEFD, 0xFF0F, 0x0262,  0xFE3F, 0xFF28, 0xFE7E, 0x003C,
  0x024E, 0xFF5A, 0x0042, 0xFF02,  0xFF1A, 0xFF73, 0xFE7A, 0xFD89,
  0xFE28, 0x0047, 0x01E4, 0x008F,  0xFEFA, 0xFF55, 0xFFFB, 0xFDCB,
  0xFD7E, 0xFEE0, 0x0008, 0x0048,  0x0070, 0x010A, 0x00AD, 0x0042,
  0x0053, 0x02C9, 0x006D, 0xFD18,  0xFC33, 0xFFF6, 0x059A, 0x03D0,
  0xFE43, 0xFDA0, 0x0135, 0x038B,  0x029A, 0xFF5B, 0x010B, 0x0436,
  0x004A, 0xFD18, 0xFCA0, 0x02A1,  0x0791, 0x01FD, 0xFF6C, 0xFC84,
  0x0036, 0x0417, 0x03D4, 0x00D5,  0xFA74, 0x0066, 0x04FA, 0x01CA,
  0xFC9D, 0xFA69, 0x026D, 0x079F,  0xFFA2, 0xFAE0, 0xFE53, 0x01CD,
  0xFFE6, 0xFC93, 0xFD0C, 0x011D,  0x01BD, 0xFF5B, 0xFBDA, 0xFC68,
  0xFEFA, 0xFE89, 0xFECE, 0xFB73,  0xFC31, 0xFD4C, 0xFFA1, 0xFDB1,
  0xFB9C, 0xFBAD, 0xFDF8, 0xFE84,  0xFA43, 0xFB25, 0xFE49, 0x0106,
  0xFD8D, 0xFA8E, 0xFCB7, 0xFF83,  0xFF1F, 0xFD61, 0xFBD0, 0xFEC1,
  0x0161, 0x00B2, 0x00B3, 0xFF40,  0x018D, 0x0280, 0x007F, 0x01C6,
  0x034E, 0x0403, 0x0379, 0x045D,  0x052C, 0x0519, 0x0497, 0x055C,
  0x0532, 0x062B, 0x0740, 0x0606,  0x060D, 0x04F9, 0x069A, 0x054B,
  0x03EA, 0x03D5, 0x0422, 0x0633,  0x0605, 0x0516, 0x0418, 0x0472,
  0x0418, 0x02AE, 0x01CF, 0x018F,  0x027D, 0x00C0, 0xFE0F, 0xFEE4,
  0xFF61, 0xFF12, 0xFE6E, 0xFCF2,  0xFD56, 0xFE2D, 0xFC90, 0xFAF3,
  0xFACD, 0xF880, 0xF897, 0xF8CA,  0xF827, 0xF843, 0xF750, 0xF84C,
  0xF7B8, 0xF6FB, 0xF51B, 0xF49C,  0xF4BD, 0xF481, 0xF408, 0xF318,
  0xF43F, 0xF39E, 0xF37B, 0xF347,  0xF3A3, 0xF4BA, 0xF4C8, 0xF571,
  0xF6D0, 0xF854, 0xF95B, 0xFAC8,  0xFCF1, 0xFEF5, 0x0019, 0x0284,
  0x04C1, 0x0745, 0x097F, 0x0B24,  0x0D6F, 0x0E66, 0x106B, 0x12E2,
  0x14B2, 0x153B, 0x1617, 0x1757,  0x1900, 0x1A1B, 0x18EA, 0x1857,
  0x17E7, 0x176F, 0x1741, 0x15DE,  0x13A4, 0x1192, 0x1088, 0x0F39,
  0x0D36, 0x0AD6, 0x0736, 0x054B,  0x0406, 0x025B, 0xFFA1, 0xFC61,
  0xFAB4, 0xFA00, 0xF9D9, 0xF82B,  0xF5AC, 0xF424, 0xF33F, 0xF2C1,
  0xF0B8, 0xEE82, 0xEDC4, 0xED5D,  0xED27, 0xEC0F, 0xEAB0, 0xE9DF,
  0xE9A4, 0xE8FB, 0xE71A, 0xE4F8,  0xE4A6, 0xE448, 0xE354, 0xE1C4,
  0xE114, 0xE1D0, 0xE2C4, 0xE3FE,  0xE5A6, 0xE92F, 0xEC09, 0xEEFC,
  0xF226, 0xF613, 0xFA57, 0xFCF2,  0x00B4, 0x04F4, 0x096E, 0x0DBA,
  0x11E3, 0x1685, 0x1AA6, 0x1DF1,  0x2082, 0x2281, 0x2474, 0x2650,
  0x27A2, 0x2842, 0x28BD, 0x28F8,  0x28B0, 0x2694, 0x23BB, 0x2133,
  0x1D53, 0x18E7, 0x141E, 0x1149,  0x0F11, 0x0B7A, 0x06E5, 0x02A6,
  0x00BD, 0xFF1D, 0xFCB8, 0xF999,  0xF808, 0xF7B7, 0xF81A, 0xF77B,
  0xF651, 0xF743, 0xF7A5, 0xF751,  0xF63D, 0xF654, 0xF7D1, 0xF7F4,
  0xF671, 0xF221, 0xF080, 0xF0A9,  0xEF8C, 0xEE8F, 0xEC6B, 0xEAB9,
  0xE93A, 0xE709, 0xE39F, 0xE0D1,  0xDEF9, 0xDD33, 0xDA97, 0xD722,
  0xD72D, 0xD7C9, 0xD8FC, 0xDB1B,  0xDD31, 0xE2C3, 0xE87A, 0xEC4F,
  0xEF1B, 0xF32B, 0xF9D4, 0xFE48,  0x0154, 0x06CB, 0x0D68, 0x149C,
  0x1A4C, 0x1FAA, 0x24E5, 0x2926,  0x2D80, 0x2F9D, 0x3058, 0x314C,
  0x331D, 0x3397, 0x32AE, 0x310C,  0x2F78, 0x2CDF, 0x2868, 0x22EC,
  0x1D77, 0x1917, 0x1491, 0x0EF0,  0x0A4C, 0x0736, 0x0343, 0xFE9E,
  0xF970, 0xF654, 0xF437, 0xF360,  0xF314, 0xF210, 0xF203, 0xF2C9,
  0xF382, 0xF2A5, 0xF188, 0xF142,  0xF2CD, 0xF4FD, 0xF5C7, 0xF6BD,
  0xF764, 0xF86F, 0xF77B, 0xF362,  0xEFD8, 0xED4E, 0xED7C, 0xEF04,
  0xEEBC, 0xEAEC, 0xE6A1, 0xE4BD,  0xE40D, 0xE0D4, 0xDC48, 0xD856,
  0xD742, 0xD6E4, 0xD76F, 0xD982,  0xDBAF, 0xDEE8, 0xE31A, 0xE7E6,
  0xEADC, 0xEF70, 0xF455, 0xFA4D,  0xFE4B, 0x03A6, 0x0B46, 0x116F,
  0x185C, 0x1F17, 0x24C3, 0x28CC,  0x2C00, 0x3023, 0x32A1, 0x339C,
  0x3513, 0x3632, 0x36D4, 0x3585,  0x344F, 0x31D9, 0x2DD6, 0x28B9,
  0x22D3, 0x1C91, 0x17AF, 0x12EC,  0x0D38, 0x08A4, 0x047F, 0x00BE,
  0xFB74, 0xF6CE, 0xF3B8, 0xF1CD,  0xEFC9, 0xEE25, 0xED1A, 0xED8D,
  0xEECF, 0xF000, 0xF0FE, 0xF165,  0xF302, 0xF3C8, 0xF44D, 0xF521,
  0xF6EB, 0xF739, 0xF711, 0xF673,  0xF5F5, 0xF49B, 0xF1E8, 0xEEFB,
  0xEC99, 0xEB07, 0xE986, 0xE6E4,  0xE3FD, 0xE19D, 0xDF23, 0xDC51,
  0xD757, 0xD3F7, 0xD312, 0xD613,  0xD5EB, 0xD629, 0xD94F, 0xE17F,
  0xE88D, 0xE9D7, 0xEC2B, 0xF199,  0xFBBD, 0x0024, 0x02D0, 0x0894,
  0x120E, 0x1BA5, 0x2130, 0x25A2,  0x2B46, 0x3175, 0x3619, 0x3762,
  0x36FE, 0x384B, 0x3AD1, 0x3B28,  0x391B, 0x370C, 0x3460, 0x317A,
  0x2CC6, 0x264D, 0x1FC9, 0x1998,  0x1499, 0x0F10, 0x09C2, 0x0454,
  0xFF30, 0xFBF4, 0xF7C3, 0xF30D,  0xF000, 0xEDE9, 0xECF2, 0xEBE0,
  0xEB6B, 0xECC0, 0xEE45, 0xEF5C,  0xEFBE, 0xF127, 0xF29B, 0xF3CF,
  0xF4DB, 0xF5DD, 0xF6FE, 0xF786,  0xF710, 0xF52B, 0xF327, 0xF0D0,
  0xEEF2, 0xECFB, 0xE9E5, 0xE729,  0xE555, 0xE3A3, 0xE0BA, 0xDD94,
  0xD944, 0xD54A, 0xD23E, 0xD17E,  0xD233, 0xD2AD, 0xD338, 0xD8A0,
  0xE0E9, 0xE60C, 0xE836, 0xEB75,  0xF4EC, 0xFBC5, 0x004E, 0x0432,
  0x0B38, 0x1583, 0x1E9C, 0x246B,  0x28E9, 0x2F45, 0x3615, 0x3A42,
  0x3A07, 0x3A1A, 0x3C7D, 0x3F23,  0x3DFD, 0x3B8D, 0x38E2, 0x3705,
  0x337F, 0x2DAF, 0x26BE, 0x1F26,  0x18C6, 0x1218, 0x0BE7, 0x063D,
  0x00E5, 0xFBC3, 0xF71C, 0xF305,  0xF031, 0xED5C, 0xEA9B, 0xE888,
  0xE853, 0xE919, 0xE99C, 0xEA7F,  0xEC27, 0xEEA7, 0xF0DA, 0xF233,
  0xF34A, 0xF58D, 0xF785, 0xF85C,  0xF815, 0xF7B0, 0xF6AB, 0xF59C,
  0xF3D5, 0xF1B8, 0xEE77, 0xEB61,  0xE939, 0xE6AB, 0xE393, 0xE026,
  0xDD1B, 0xD9E1, 0xD626, 0xD267,  0xD0EC, 0xD1DA, 0xD260, 0xD246,
  0xD5B7, 0xDDAA, 0xE3C1, 0xE64A,  0xEB6B, 0xF31F, 0xFADD, 0xFFEE,
  0x0564, 0x0BF7, 0x13EE, 0x1CCB,  0x23FC, 0x29B2, 0x2F2D, 0x35C6,
  0x3A6C, 0x3BCA, 0x3C32, 0x3E3D,  0x3F84, 0x3EB4, 0x3CEF, 0x3AF1,
  0x3805, 0x33D5, 0x2EAF, 0x287F,  0x218C, 0x19E6, 0x125B, 0x0B33,
  0x0538, 0xFF72, 0xF9E3, 0xF479,  0xF067, 0xED9B, 0xEAAC, 0xE8B4,
  0xE714, 0xE6E5, 0xE7B3, 0xE912,  0xEA92, 0xED27, 0xF08D, 0xF300,
  0xF519, 0xF68F, 0xF877, 0xFA1F,  0xFB2E, 0xFAFA, 0xF9CE, 0xF855,
  0xF6C0, 0xF533, 0xF2AE, 0xEFE8,  0xED30, 0xEA21, 0xE6D0, 0xE356,
  0xDFEC, 0xDC53, 0xD87E, 0xD58A,  0xD2B8, 0xD073, 0xD050, 0xD1A1,
  0xD2AC, 0xD56F, 0xDB8B, 0xE267,  0xE786, 0xEAE3, 0xF12D, 0xF8EE,
  0x000D, 0x0581, 0x0BA7, 0x1336,  0x1B61, 0x2383, 0x29E4, 0x2FFC,
  0x3536, 0x3A4F, 0x3CA7, 0x3D3F,  0x3DAD, 0x3F5A, 0x3F41, 0x3CBE,
  0x39BD, 0x372C, 0x3410, 0x2E6F,  0x27EF, 0x2053, 0x18D6, 0x11CB,
  0x0A66, 0x0331, 0xFCBD, 0xF7F8,  0xF4A0, 0xF07E, 0xED18, 0xEB08,
  0xE953, 0xE8FF, 0xE81F, 0xE87A,  0xEAC6, 0xED62, 0xF07C, 0xF21E,
  0xF3CA, 0xF63D, 0xF85E, 0xF938,  0xF99C, 0xF8E0, 0xF99A, 0xF8A6,
  0xF662, 0xF4D5, 0xF101, 0xF00C,  0xEEA6, 0xEC44, 0xEBF7, 0xE918,
  0xE85F, 0xE423, 0xDE4D, 0xD934,  0xD0F1, 0xD30E, 0xD3A5, 0xD6C0,
  0xD92E, 0xD67E, 0xDA0C, 0xDAF0,  0xDBA1, 0xE615, 0xF116, 0xF695,
  0xFCFB, 0x0014, 0x06D4, 0x1187,  0x176B, 0x1C41, 0x2178, 0x26DB,
  0x2F3E, 0x340B, 0x3826, 0x3C43,  0x404C, 0x4251, 0x40CF, 0x3F2B,
  0x3BEA, 0x384E, 0x30A5, 0x2773,  0x1FBD, 0x18EF, 0x137A, 0x0C52,
  0x04A8, 0xFF34, 0xF750, 0xF171,  0xEBC0, 0xE8CE, 0xE735, 0xE4A4,
  0xE498, 0xE742, 0xECB5, 0xF0DB,  0xF3A8, 0xF844, 0xFF7B, 0x0458,
  0x071F, 0x07E6, 0x0B7F, 0x1009,  0x115D, 0x0F3E, 0x0A19, 0x0618,
  0x02DB, 0xFD3E, 0xF562, 0xEC88,  0xE5D2, 0xE1C8, 0xDCBD, 0xD660,
  0xD096, 0xCB24, 0xC7C3, 0xC43E,  0xC089, 0xBEF6, 0xBDB2, 0xBFC6,
  0xC327, 0xC80F, 0xCD0C, 0xD43B,  0xDE24, 0xEA17, 0xF633, 0x00AA,
  0x0BD8, 0x170C, 0x23E7, 0x2E57,  0x3696, 0x3BAC, 0x4084, 0x45EB,
  0x486F, 0x4975, 0x46D0, 0x447E,  0x40FB, 0x3B9E, 0x354F, 0x2C26,
  0x24BF, 0x1D3E, 0x15E7, 0x0E84,  0x05B9, 0xFF80, 0xF936, 0xF417,
  0xF06B, 0xEBAE, 0xE9FF, 0xE905,  0xEAEF, 0xED71, 0xEF3F, 0xF31B,
  0xF6C8, 0xFB95, 0xFFFC, 0x0405,  0x09B0, 0x0D31, 0x11C6, 0x156A,
  0x1875, 0x1AA5, 0x1A3E, 0x19EF,  0x162A, 0x12EE, 0x0D6F, 0x0762,
  0x0046, 0xF894, 0xF10E, 0xE8A0,  0xE086, 0xD960, 0xD20E, 0xCCFD,
  0xC841, 0xC5BB, 0xC2E6, 0xC0DE,  0xC09D, 0xC05D, 0xC287, 0xC1D7,
  0xC199, 0xC0ED, 0xC251, 0xC6B5,  0xCC10, 0xCFF5, 0xD9AF, 0xE663,
  0xFC49, 0x0CB3, 0x19F5, 0x2481,  0x2E28, 0x3C0B, 0x40E7, 0x44F4,
  0x40CD, 0x4318, 0x4650, 0x47D4,  0x467F, 0x3F6D, 0x3AC8, 0x35C4,
  0x2EEA, 0x25BF, 0x1876, 0x1004,  0x0A04, 0x0573, 0x012B, 0xF9D2,
  0xF758, 0xF562, 0xF68B, 0xF462,  0xF12B, 0xF048, 0xF118, 0xF60F,
  0xFA5F, 0xFE06, 0x0228, 0x07A0,  0x0EDE, 0x13D3, 0x1692, 0x1704,
  0x16A1, 0x1825, 0x187A, 0x176C,  0x14C0, 0x11C9, 0x100F, 0x0C73,
  0x0640, 0xFC83, 0xF2A8, 0xE9ED,  0xE164, 0xD8BB, 0xD108, 0xCB42,
  0xC9E3, 0xC9C2, 0xC999, 0xC936,  0xC68C, 0xC76D, 0xC585, 0xC5F2,
  0xC420, 0xC3A8, 0xC50B, 0xC82E,  0xCB3D, 0xD1C9, 0xD803, 0xE1EB,
  0xEA7B, 0xF800, 0x0ADA, 0x15EA,  0x247B, 0x28BA, 0x3708, 0x3E54,
  0x4417, 0x45AA, 0x41ED, 0x43D5,  0x4188, 0x404B, 0x3A25, 0x325F,
  0x2C23, 0x2500, 0x1E65, 0x175E,  0x0D68, 0x08D6, 0x0251, 0x0151,
  0xFCFA, 0xFB0E, 0xF9E8, 0xF910,  0xFB91, 0xFA5B, 0xFB6E, 0xFC57,
  0xFDA0, 0x00A6, 0x031F, 0x061E,  0x095E, 0x0BCB, 0x10C3, 0x1265,
  0x1580, 0x15A9, 0x1557, 0x1520,  0x1350, 0x121A, 0x0E5C, 0x0BD3,
  0x07EF, 0x0342, 0xFE02, 0xF5C9,  0xEDE6, 0xE566, 0xDDBA, 0xD6D3,
  0xD0DA, 0xCDAE, 0xCC07, 0xCAF1,  0xCCCD, 0xCDDC, 0xCF90, 0xCEEF,
  0xCE26, 0xCE77, 0xCC63, 0xCCF9,  0xCB48, 0xCB61, 0xCBF7, 0xCDF1,
  0xD2A6, 0xDA4C, 0xE1C2, 0xECFD,  0xF80A, 0x0C07, 0x19EA, 0x2333,
  0x2EEC, 0x362F, 0x4278, 0x41C3,  0x43D6, 0x4042, 0x3F0C, 0x4019,
  0x3A34, 0x363D, 0x2F1A, 0x298B,  0x23C9, 0x1CDF, 0x16B5, 0x0D86,
  0x07EF, 0x04BE, 0x0123, 0x008F,  0xFC7A, 0xFE1E, 0xFD2F, 0xFE5C,
  0xFE53, 0xFC44, 0xFE93, 0xFD5E,  0xFFD3, 0x0173, 0x0309, 0x05D4,
  0x0820, 0x0C8C, 0x0EE6, 0x10D2,  0x126D, 0x1129, 0x1248, 0x10E8,
  0x0EF0, 0x0C58, 0x093E, 0x071D,  0x026C, 0xFE14, 0xF6E2, 0xF0F3,
  0xEA0D, 0xE33E, 0xDC65, 0xD618,  0xD275, 0xCED9, 0xCF00, 0xCEC1,
  0xCFE3, 0xD102, 0xD1F0, 0xD237,  0xD217, 0xD179, 0xD0DF, 0xCFCC,
  0xCED5, 0xCE0C, 0xCE5B, 0xD15F,  0xD427, 0xDBFB, 0xE20F, 0xEEF2,
  0xFCA6, 0x0E7D, 0x1E16, 0x2752,  0x3568, 0x3BAF, 0x43B2, 0x4353,
  0x431C, 0x4104, 0x3E04, 0x3DB4,  0x37C0, 0x3349, 0x2EB4, 0x29A9,
  0x2460, 0x1D9F, 0x15D6, 0x0F33,  0x0857, 0x0546, 0xFF36, 0xFE0D,
  0xFA2D, 0xFA57, 0xFB74, 0xFAF1,  0xFC76, 0xFA7D, 0xFCAC, 0xFB75,
  0xFDA7, 0xFEB8, 0x003D, 0x0258,  0x0620, 0x096C, 0x0D1A, 0x0FBF,
  0x11A8, 0x12A9, 0x1340, 0x12F4,  0x0F60, 0x0CB0, 0x080C, 0x0543,
  0x0004, 0xFC5D, 0xF515, 0xEFFE,  0xEA91, 0xE46C, 0xDF95, 0xD8F8,
  0xD59F, 0xD17D, 0xD20D, 0xD090,  0xD18D, 0xD2AA, 0xD506, 0xD517,
  0xD565, 0xD4D0, 0xD37C, 0xD3C7,  0xD17F, 0xD216, 0xD024, 0xD389,
  0xD556, 0xDC6C, 0xE3EB, 0xEEC2,  0xF8A5, 0x090D, 0x18B1, 0x2307,
  0x2EE5, 0x34C5, 0x3FBB, 0x3F28,  0x428F, 0x3E23, 0x3BC6, 0x3B2A,
  0x3632, 0x3365, 0x2DDD, 0x2C05,  0x26EA, 0x2377, 0x1D6E, 0x16F9,
  0x10E1, 0x0C0B, 0x054C, 0x0121,  0xFC85, 0xFA6F, 0xF9DD, 0xF977,
  0xFAC8, 0xF8BD, 0xFCAB, 0xFB75,  0xFC64, 0xFC5D, 0xFB62, 0xFCFA,
  0xFBF3, 0x0015, 0x01A1, 0x0559,  0x0960, 0x0C44, 0x1050, 0x1203,
  0x11A1, 0x1001, 0x0CA3, 0x07F9,  0x024E, 0xFC7E, 0xF63D, 0xEFBF,
  0xEC5F, 0xE80A, 0xE60B, 0xE313,  0xE0A0, 0xDDE0, 0xDC2B, 0xDAA4,
  0xD838, 0xD6DE, 0xD552, 0xD645,  0xD502, 0xD66B, 0xD4D5, 0xD6EC,
  0xD69F, 0xD831, 0xD77C, 0xD691,  0xD7FB, 0xD7F4, 0xDC38, 0xDFB5,
  0xE847, 0xEFB8, 0xFECF, 0x0CF3,  0x1DEC, 0x2733, 0x3392, 0x3CEF,
  0x424A, 0x4625, 0x4209, 0x40C5,  0x3ACA, 0x39B9, 0x32B3, 0x2E0C,
  0x2A34, 0x27DC, 0x24A0, 0x21FF,  0x1C25, 0x16CC, 0x110A, 0x0A7F,
  0x04E5, 0xFCF4, 0xF87C, 0xF41A,  0xF4C9, 0xF3B3, 0xF4FD, 0xF5FB,
  0xF90B, 0xFB3B, 0xFC2B, 0xFD12,  0xFCA7, 0xFD69, 0xFCD7, 0xFEA2,
  0x0060, 0x02F5, 0x06F4, 0x0AC7,  0x0ECB, 0x115B, 0x125A, 0x11CC,
  0x0E64, 0x0990, 0x02FE, 0xFB18,  0xF42C, 0xED34, 0xE88F, 0xE46B,
  0xE24C, 0xE1B5, 0xE055, 0xE15F,  0xE03A, 0xE00F, 0xDDE6, 0xDCB1,
  0xD9AB, 0xD768, 0xD50F, 0xD356,  0xD360, 0xD484, 0xD736, 0xD892,
  0xDAD3, 0xDBD7, 0xDD8B, 0xDE37,  0xE0CB, 0xE1CD, 0xE81A, 0xEDB2,
  0xF9CE, 0x06B2, 0x1529, 0x2388,  0x2E10, 0x3B15, 0x41A4, 0x4803,
  0x471D, 0x454F, 0x40E6, 0x3CCA,  0x36AA, 0x2F8B, 0x296F, 0x24BE,
  0x2202, 0x1DF7, 0x1ADD, 0x15F0,  0x12C3, 0x0D2F, 0x08CF, 0x0192,
  0xFBAA, 0xF716, 0xF38E, 0xF1FB,  0xF03B, 0xF1DA, 0xF2B0, 0xF677,
  0xF76E, 0xFA21, 0xFAAD, 0xFB9E,  0xFBD7, 0xFC2F, 0xFEB6, 0xFF3A,
  0x03BF, 0x05F1, 0x0B12, 0x0E66,  0x11C5, 0x12AD, 0x1142, 0x0DEF,
  0x0831, 0x01D5, 0xF98C, 0xF1D0,  0xEA28, 0xE5DF, 0xE223, 0xE0F2,
  0xE056, 0xE119, 0xE272, 0xE35F,  0xE391, 0xE0E3, 0xDF2B, 0xDBB9,
  0xD991, 0xD662, 0xD3E2, 0xD37D,  0xD38D, 0xD775, 0xD921, 0xDD35,
  0xDE88, 0xE2AF, 0xE505, 0xE7AA,  0xEA5E, 0xED6D, 0xF418, 0xFA8D,
  0x078D, 0x119C, 0x1E61, 0x28B1,  0x3610, 0x3E64, 0x43D4, 0x4706,
  0x4591, 0x4460, 0x3E46, 0x3943,  0x2FE7, 0x298F, 0x22D0, 0x1DAD,
  0x1A75, 0x167F, 0x1381, 0x111D,  0x0E52, 0x0AED, 0x05B3, 0xFFF3,
  0xFB26, 0xF608, 0xF308, 0xEF7F,  0xEEED, 0xEFA9, 0xF163, 0xF39B,
  0xF65D, 0xF95B, 0xFACF, 0xFCB0,  0xFE1F, 0xFEFC, 0xFFF6, 0x0184,
  0x0498, 0x0709, 0x0A4D, 0x0CD2,  0x0F18, 0x1038, 0x0F64, 0x0C87,
  0x0750, 0x00FB, 0xF951, 0xF1B3,  0xEAB1, 0xE50E, 0xE189, 0xE03C,
  0xDF7B, 0xE110, 0xE21D, 0xE43D,  0xE434, 0xE401, 0xE235, 0xDF4D,
  0xDD48, 0xDA32, 0xD835, 0xD68D,  0xD6AD, 0xD8E6, 0xDBAB, 0xDEB0,
  0xE0A8, 0xE378, 0xE604, 0xE7E3,  0xEA6A, 0xEC06, 0xF219, 0xF6F6,
  0x02CE, 0x0CD0, 0x186D, 0x2380,  0x2E58, 0x3A09, 0x3FC7, 0x45BE,
  0x4571, 0x4527, 0x41B0, 0x3D4B,  0x35B9, 0x2D36, 0x2621, 0x1FA9,
  0x1AF7, 0x15CA, 0x135A, 0x106C,  0x0F7E, 0x0CE9, 0x09F2, 0x05A8,
  0x0068, 0xFCCA, 0xF6CA, 0xF2C4,  0xEDC5, 0xEC68, 0xEB14, 0xECBC,
  0xEDB9, 0xF096, 0xF45D, 0xF7AA,  0xFBDB, 0xFDDF, 0x030A, 0x0437,
  0x0839, 0x0984, 0x0B3D, 0x0C96,  0x0D18, 0x0D6D, 0x0B23, 0x0A02,
  0x0654, 0x02F7, 0xFDE3, 0xF844,  0xF26C, 0xED13, 0xE822, 0xE3C4,
  0xE0DB, 0xDEFA, 0xDE4D, 0xDEA7,  0xDFBB, 0xDF84, 0xE0C8, 0xE076,
  0xE0C5, 0xDFFF, 0xDF37, 0xDE75,  0xDD48, 0xDDEE, 0xDDFC, 0xDEFC,
  0xDF78, 0xE1C3, 0xE3E2, 0xE674,  0xE8B8, 0xED06, 0xF259, 0xF90C,
  0xFF48, 0x0952, 0x1420, 0x1D84,  0x26AE, 0x2E89, 0x377C, 0x3BBD,
  0x3F5F, 0x3EFC, 0x3DA8, 0x3AE6,  0x363F, 0x301F, 0x293E, 0x23F2,
  0x1E89, 0x19E3, 0x1660, 0x1358,  0x1094, 0x0EA6, 0x0CAB, 0x0959,
  0x057B, 0x0194, 0xFDBB, 0xF9EE,  0xF5C4, 0xF22F, 0xF046, 0xEFAE,
  0xEF89, 0xF03C, 0xF28B, 0xF515,  0xF80C, 0xFB84, 0xFE47, 0x00E7,
  0x02F2, 0x05D1, 0x068F, 0x0721,  0x06D2, 0x06E4, 0x06C7, 0x05B0,
  0x0465, 0x022A, 0x006D, 0xFD89,  0xFAB7, 0xF67B, 0xF224, 0xEDCC,
  0xEA03, 0xE685, 0xE321, 0xE124,  0xDFD6, 0xDFFE, 0xDFF3, 0xE0E0,
  0xE26A, 0xE436, 0xE688, 0xE741,  0xE85C, 0xE7F2, 0xE7C4, 0xE655,
  0xE50F, 0xE353, 0xE19B, 0xE057,  0xDFCF, 0xE172, 0xE1F9, 0xE521,
  0xE920, 0xF13A, 0xF74F, 0x005A,  0x0ADC, 0x1698, 0x20DF, 0x28A7,
  0x330D, 0x393B, 0x3EFB, 0x3F5C,  0x4004, 0x3D9C, 0x3991, 0x34D2,
  0x2D50, 0x2803, 0x213A, 0x1C8B,  0x1821, 0x1537, 0x12C9, 0x100B,
  0x0F80, 0x0D98, 0x0AE6, 0x06F4,  0x033B, 0xFF70, 0xFAD4, 0xF610,
  0xF1CC, 0xEECD, 0xED1D, 0xEBDF,  0xEC17, 0xEDE3, 0xEFC9, 0xF383,
  0xF73A, 0xFBEE, 0xFF24, 0x029B,  0x061B, 0x0848, 0x096A, 0x0961,
  0x096E, 0x090A, 0x0751, 0x0554,  0x02BA, 0x000B, 0xFD29, 0xF94C,
  0xF5F8, 0xF1D2, 0xEEA4, 0xEB15,  0xE888, 0xE5ED, 0xE338, 0xE242,
  0xE1D8, 0xE2A6, 0xE2E2, 0xE3BE,  0xE548, 0xE655, 0xE7E3, 0xE7A7,
  0xE8D2, 0xE871, 0xE7D4, 0xE680,  0xE54A, 0xE4AE, 0xE2A0, 0xE2D4,
  0xE200, 0xE3D7, 0xE429, 0xE8C1,  0xED78, 0xF4EE, 0xFC22, 0x0515,
  0x11E6, 0x1ADD, 0x25FC, 0x2BE1,  0x3671, 0x3AAA, 0x3D46, 0x3DE4,
  0x3B24, 0x39CB, 0x32AD, 0x2E50,  0x269E, 0x21BB, 0x1C83, 0x1846,
  0x1600, 0x131B, 0x123B, 0x104C,  0x103D, 0x0E70, 0x0BE1, 0x0821,
  0x04D6, 0x00DF, 0xFB50, 0xF648,  0xF201, 0xEF0E, 0xEBEB, 0xEB57,
  0xEB3B, 0xED4A, 0xF018, 0xF3B4,  0xF905, 0xFD82, 0x020B, 0x059E,
  0x08F7, 0x0B3C, 0x0B02, 0x0AD8,  0x0992, 0x07BE, 0x0525, 0x01D8,
  0xFF5D, 0xFBDA, 0xF970, 0xF65A,  0xF403, 0xF10E, 0xEE2A, 0xEC27,
  0xEA2F, 0xE8C6, 0xE69E, 0xE66F,  0xE651, 0xE6C7, 0xE6D9, 0xE7AA,
  0xE8E1, 0xE9EE, 0xEABB, 0xEA29,  0xEABF, 0xEA17, 0xEA08, 0xE7CC,
  0xE6FA, 0xE54C, 0xE3D6, 0xE289,  0xE131, 0xE1ED, 0xE0F9, 0xE3DD,
  0xE659, 0xED3B, 0xF30A, 0xFB33,  0x054D, 0x109F, 0x1C09, 0x2334,
  0x2E30, 0x3406, 0x3A58, 0x3ADA,  0x3B61, 0x397A, 0x346B, 0x3196,
  0x2953, 0x25A7, 0x1EED, 0x1B5F,  0x17FE, 0x157E, 0x1578, 0x129B,
  0x142B, 0x124B, 0x1216, 0x0E26,  0x0AE8, 0x076C, 0x01E3, 0xFD47,
  0xF69A, 0xF338, 0xEEBE, 0xED10,  0xEB5C, 0xEC21, 0xEE1C, 0xF0DE,
  0xF569, 0xF9BA, 0xFEE7, 0x0228,  0x0707, 0x09AA, 0x0BE4, 0x0C2B,
  0x0BB2, 0x0AF3, 0x0819, 0x05BF,  0x0134, 0xFE6E, 0xFA1E, 0xF6FC,
  0xF388, 0xF078, 0xEE1C, 0xEB2D,  0xEAA7, 0xE926, 0xE92B, 0xE828,
  0xE96B, 0xEA87, 0xEB82, 0xECA2,  0xECE8, 0xEE07, 0xEDB9, 0xED79,
  0xEB77, 0xEA60, 0xE8F8, 0xE787,  0xE674, 0xE4FB, 0xE509, 0xE453,
  0xE57F, 0xE4D8, 0xE58F, 0xE65B,  0xE6DC, 0xE904, 0xE9F8, 0xEF42,
  0xF277, 0xF9BD, 0x0124, 0x0AAF,  0x14A7, 0x1BDC, 0x2609, 0x2CBE,
  0x347F, 0x3742, 0x3906, 0x391D,  0x36AD, 0x3442, 0x2E78, 0x29C6,
  0x23BF, 0x1F25, 0x1B37, 0x173D,  0x151D, 0x12BD, 0x1248, 0x115A,
  0x1075, 0x0EA2, 0x0B8E, 0x08F9,  0x0547, 0x00E9, 0xFBB5, 0xF74F,
  0xF3BD, 0xF0C8, 0xEEED, 0xEE0F,  0xEE76, 0xF075, 0xF36F, 0xF6A9,
  0xFA7A, 0xFE0D, 0x01FC, 0x05B4,  0x08A6, 0x0A24, 0x0ABA, 0x0B33,
  0x09EA, 0x081D, 0x04A9, 0x00DC,  0xFCB3, 0xF8B8, 0xF4D8, 0xF05F,
  0xECAC, 0xE9D9, 0xE861, 0xE708,  0xE62D, 0xE648, 0xE784, 0xE9A9,
  0xEBF4, 0xED72, 0xEF27, 0xF0F4,  0xF240, 0xF250, 0xF15E, 0xEF2E,
  0xED0E, 0xEAC6, 0xE827, 0xE565,  0xE301, 0xE204, 0xE166, 0xE27C,
  0xE252, 0xE40E, 0xE584, 0xE807,  0xEAB1, 0xED23, 0xF1F8, 0xF4EB,
  0xFBF2, 0x00A1, 0x08F0, 0x0FE5,  0x174E, 0x1F80, 0x2556, 0x2E20,
  0x30CE, 0x364C, 0x3743, 0x38A8,  0x37BE, 0x34C7, 0x3302, 0x2CE2,
  0x29D5, 0x23BE, 0x1F95, 0x1AE6,  0x1691, 0x13C0, 0x0FC0, 0x0DE7,
  0x0A4F, 0x07E6, 0x04C1, 0x01D8,  0xFE88, 0xFABA, 0xF7BB, 0xF47B,
  0xF23D, 0xF032, 0xEFDB, 0xEF92,  0xF114, 0xF2B9, 0xF5E2, 0xF8C8,
  0xFC16, 0xFFAC, 0x02C5, 0x0601,  0x077A, 0x0941, 0x094E, 0x095F,
  0x071C, 0x0554, 0x0234, 0xFF04,  0xFAD6, 0xF711, 0xF442, 0xF071,
  0xEE4F, 0xEB56, 0xEA9E, 0xE957,  0xE929, 0xE97D, 0xE9A3, 0xEB4B,
  0xEC19, 0xEDD9, 0xEE87, 0xEF79,  0xF06D, 0xEFAF, 0xEFAF, 0xEE3F,
  0xECC1, 0xEAD3, 0xE8D8, 0xE789,  0xE5BA, 0xE595, 0xE563, 0xE5B9,
  0xE6AC, 0xE75D, 0xE924, 0xE935,  0xEADA, 0xEBAA, 0xEDAA, 0xEF9A,
  0xF2A6, 0xF768, 0xFC65, 0x047B,  0x0BF0, 0x15CA, 0x1E4A, 0x27B5,
  0x2F68, 0x36D6, 0x3BA9, 0x3E87,  0x3EDF, 0x3D6E, 0x3A8D, 0x3531,
  0x2F45, 0x27C5, 0x21DE, 0x1B12,  0x15D5, 0x108E, 0x0D2B, 0x0AA2,
  0x0946, 0x07F4, 0x068E, 0x04ED,  0x02C4, 0x00DE, 0xFD64, 0xF9C6,
  0xF5BA, 0xF279, 0xEFAD, 0xED8D,  0xEC6E, 0xEC85, 0xEE38, 0xF113,
  0xF4C9, 0xF8CA, 0xFD7A, 0x0236,  0x06D9, 0x0A75, 0x0C77, 0x0DA1,
  0x0DC3, 0x0CAD, 0x09C2, 0x0637,  0x01F7, 0xFDE3, 0xF918, 0xF4F7,
  0xF0F7, 0xEDD8, 0xEB8E, 0xEA05,  0xE967, 0xE8D5, 0xE947, 0xE9CD,
  0xEB60, 0xEC1F, 0xED28, 0xEDDB,  0xEEC6, 0xEF23, 0xEEA6, 0xEE32,
  0xED7F, 0xEC90, 0xEBB0, 0xEAA4,  0xE9B1, 0xE8C9, 0xE862, 0xE824,
  0xE826, 0xE831, 0xE8A2, 0xE946,  0xE989, 0xEA5D, 0xEAD7, 0xEC7F,
  0xED1B, 0xF00F, 0xF327, 0xF8CF,  0xFD6A, 0x04DC, 0x0E07, 0x172D,
  0x2100, 0x27D7, 0x3222, 0x3781,  0x3DB9, 0x3E97, 0x3F31, 0x3EA3,
  0x39CE, 0x3568, 0x2CE9, 0x270A,  0x1EC4, 0x1812, 0x1284, 0x0CF3,
  0x09BD, 0x0684, 0x062E, 0x058F,  0x0483, 0x03E8, 0x0294, 0x01CA,
  0xFF3C, 0xFBBC, 0xF809, 0xF4EC,  0xF23E, 0xEEEF, 0xECFC, 0xECB1,
  0xED8F, 0xEFCA, 0xF355, 0xF760,  0xFC37, 0x0146, 0x0670, 0x0AFA,
  0x0D7C, 0x0F45, 0x0FA3, 0x0F28,  0x0C7E, 0x0844, 0x0415, 0xFF3C,
  0xFA6B, 0xF534, 0xF0B3, 0xED6A,  0xEABB, 0xE975, 0xE89B, 0xE939,
  0xE9D8, 0xEB4B, 0xED77, 0xEE89,  0xF099, 0xF0F6, 0xF241, 0xF290,
  0xF2CA, 0xF259, 0xF141, 0xF070,  0xEEEC, 0xECE6, 0xEB28, 0xE8AB,
  0xE6FE, 0xE58F, 0xE47E, 0xE410,  0xE38F, 0xE429, 0xE454, 0xE5D1,
  0xE6D0, 0xE800, 0xE93A, 0xEBF4,  0xED42, 0xF0C3, 0xF388, 0xF9CC,
  0xFF5E, 0x0635, 0x0F9C, 0x17D7,  0x238D, 0x2A60, 0x33B0, 0x3A52,
  0x402B, 0x42EB, 0x4258, 0x417A,  0x3D26, 0x378F, 0x2FB1, 0x2736,
  0x1EF2, 0x16EB, 0x1046, 0x0A7B,  0x0662, 0x0400, 0x02F0, 0x032C,
  0x031F, 0x02B6, 0x01B9, 0x00DC,  0xFF1C, 0xFC15, 0xF7B4, 0xF4A6,
  0xF174, 0xEEDD, 0xEC92, 0xEBA7,  0xED75, 0xEFE5, 0xF3DA, 0xF80D,
  0xFDEE, 0x03DA, 0x093F, 0x0E8D,  0x11D0, 0x1413, 0x1448, 0x13FB,
  0x110F, 0x0C9E, 0x06FA, 0x010F,  0xFB5C, 0xF527, 0xF021, 0xEB19,
  0xE91E, 0xE711, 0xE711, 0xE73A,  0xE895, 0xEAFD, 0xECC3, 0xEFB5,
  0xF0F6, 0xF2A7, 0xF31A, 0xF39F,  0xF354, 0xF21B, 0xF108, 0xEF3E,
  0xEDCD, 0xEC07, 0xE9A0, 0xE7D9,  0xE5B4, 0xE4D1, 0xE38D, 0xE2C4,
  0xE26F, 0xE27E, 0xE3A0, 0xE42A,  0xE5F1, 0xE7AC, 0xEAAA, 0xECE1,
  0xEFFD, 0xF2AB, 0xF63B, 0xFA08,  0xFF66, 0x0470, 0x0A11, 0x115D,
  0x18C7, 0x21AB, 0x2859, 0x303C,  0x3644, 0x3B57, 0x3F06, 0x3FB2,
  0x3F61, 0x3CCE, 0x3844, 0x32CA,  0x2A39, 0x2292, 0x1A40, 0x1258,
  0x0B60, 0x0488, 0x006B, 0xFD02,  0xFBC2, 0xFAEC, 0xFA5F, 0xFAB9,
  0xFB14, 0xFB78, 0xFB30, 0xF9BC,  0xF8B0, 0xF716, 0xF5EA, 0xF42D,
  0xF33C, 0xF377, 0xF48C, 0xF722,  0xF9B6, 0xFD60, 0x0196, 0x0616,
  0x0A47, 0x0D6B, 0x0FB6, 0x1102,  0x10D4, 0x0F86, 0x0CCB, 0x0888,
  0x0406, 0xFE9D, 0xF976, 0xF459,  0xEFBE, 0xECAC, 0xE991, 0xE8F0,
  0xE802, 0xE8B0, 0xE9AE, 0xEB46,  0xED70, 0xEEC6, 0xF076, 0xF0FF,
  0xF202, 0xF239, 0xF1F4, 0xF0E1,  0xEFCF, 0xEE6F, 0xED73, 0xEBA1,
  0xEAA4, 0xE8FA, 0xE845, 0xE80B,  0xE711, 0xE6BA, 0xE664, 0xE6A5,
  0xE768, 0xE805, 0xE8D8, 0xEA12,  0xEBDE, 0xEE5C, 0xEF79, 0xF277,
  0xF4D9, 0xF84D, 0xFB83, 0x00B9,  0x0617, 0x0C83, 0x12F4, 0x1B36,
  0x245E, 0x2B49, 0x3291, 0x3764,  0x3DBA, 0x3F31, 0x3FA9, 0x3DEB,
  0x3A74, 0x3596, 0x2D7A, 0x25F3,  0x1CFE, 0x14FE, 0x0DBF, 0x06C1,
  0x0232, 0xFE36, 0xFCE2, 0xFC5A,  0xFC8F, 0xFD96, 0xFD99, 0xFE43,
  0xFEB6, 0xFE04, 0xFC1E, 0xF9B3,  0xF7F0, 0xF682, 0xF3B5, 0xF2B6,
  0xF215, 0xF398, 0xF5BD, 0xF84D,  0xFC74, 0x0088, 0x0545, 0x09B4,
  0x0D29, 0x0F60, 0x1023, 0x1034,  0x0EDB, 0x0BC1, 0x079F, 0x0248,
  0xFD8F, 0xF86C, 0xF331, 0xEE8D,  0xEB1A, 0xE950, 0xE7CE, 0xE7A6,
  0xE80D, 0xE980, 0xEB20, 0xECE2,  0xEEF1, 0xF073, 0xF15B, 0xF1C2,
  0xF2A1, 0xF274, 0xF1FF, 0xF06C,  0xEFCA, 0xEEC3, 0xEDF6, 0xECBB,
  0xEBDB, 0xEBBE, 0xEB65, 0xEBAF,  0xEB36, 0xEB27, 0xEB2C, 0xEAC1,
  0xEAFD, 0xEAE0, 0xEAA7, 0xEB1F,  0xEB0A, 0xED56, 0xED8C, 0xF093,
  0xF2FB, 0xF68B, 0xFB04, 0xFFDD,  0x0642, 0x0CA3, 0x1340, 0x1AA3,
  0x237E, 0x29D9, 0x30B9, 0x342E,  0x3A73, 0x3BFB, 0x3C42, 0x3B69,
  0x3773, 0x34B4, 0x2D21, 0x26A2,  0x1EA7, 0x1711, 0x10C9, 0x0993,
  0x0508, 0x005F, 0xFE20, 0xFD26,  0xFC55, 0xFCEC, 0xFC1E, 0xFCB5,
  0xFD35, 0xFD14, 0xFC1E, 0xFA35,  0xF98B, 0xF8D9, 0xF74C, 0xF635,
  0xF55E, 0xF6C3, 0xF856, 0xFA07,  0xFCEA, 0x000E, 0x0409, 0x07EC,
  0x0AD4, 0x0D5D, 0x0DDB, 0x0EC8,  0x0DAF, 0x0B64, 0x0804, 0x02B5,
  0xFF0E, 0xF9A5, 0xF527, 0xF003,  0xEC39, 0xE9F5, 0xE7A2, 0xE721,
  0xE691, 0xE7A1, 0xE970, 0xEAE9,  0xED54, 0xEEF2, 0xF0A9, 0xF1FF,
  0xF331, 0xF404, 0xF3BA, 0xF33E,  0xF2FE, 0xF270, 0xF233, 0xF0D9,
  0xF057, 0xF018, 0xEF86, 0xEF84,  0xEE61, 0xEE2F, 0xED28, 0xEC9F,
  0xEBC7, 0xEACE, 0xEA8F, 0xEA2A,  0xEA68, 0xEB2D, 0xEBB9, 0xEDD0,
  0xEF8E, 0xF213, 0xF53B, 0xF881,  0xFC9A, 0x0095, 0x0515, 0x0B1B,
  0x1053, 0x1676, 0x1CA4, 0x2345,  0x2A75, 0x2E84, 0x33A5, 0x3716,
  0x39AD, 0x39B5, 0x379F, 0x34F0,  0x3092, 0x2A5E, 0x2351, 0x1BDA,
  0x14DF, 0x0E02, 0x07E1, 0x0362,  0xFFE5, 0xFE30, 0xFD30, 0xFD73,
  0xFE34, 0xFE9F, 0xFF16, 0xFF49,  0xFF95, 0xFEE4, 0xFD14, 0xFBD8,
  0xFAB4, 0xF9CA, 0xF864, 0xF7D8,  0xF8AF, 0xFA10, 0xFBA6, 0xFDD0,
  0x0065, 0x0344, 0x05A8, 0x07BE,  0x08FA, 0x0930, 0x088D, 0x072E,
  0x04CC, 0x017C, 0xFD43, 0xF92E,  0xF57F, 0xF1F4, 0xEEB0, 0xEBB6,
  0xEA9A, 0xEA14, 0xEA27, 0xEA71,  0xEBA8, 0xED6C, 0xEF16, 0xF0B4,
  0xF231, 0xF318, 0xF3ED, 0xF44A,  0xF47E, 0xF40B, 0xF331, 0xF2AE,
  0xF236, 0xF1F7, 0xF14E, 0xF0C1,  0xF0CA, 0xF0E6, 0xF0C5, 0xF068,
  0xEFD6, 0xEF87, 0xEE7B, 0xEDDB,  0xEC61, 0xEB2D, 0xEAB1, 0xE995,
  0xEA11, 0xEA05, 0xEB17, 0xECFE,  0xEEB6, 0xF289, 0xF524, 0xF993,
  0xFD74, 0x0262, 0x0832, 0x0DB4,  0x1339, 0x1989, 0x2049, 0x26B4,
  0x2C53, 0x303D, 0x3556, 0x3769,  0x39B7, 0x389F, 0x36E3, 0x3435,
  0x2F37, 0x29D7, 0x2295, 0x1C07,  0x1572, 0x0F03, 0x09BE, 0x0540,
  0x01FB, 0xFFFE, 0xFF06, 0xFF08,  0xFE77, 0xFE81, 0xFE84, 0xFE8D,
  0xFE47, 0xFCCA, 0xFB67, 0xFA4D,  0xF9A1, 0xF88E, 0xF75D, 0xF771,
  0xF82F, 0xF9AF, 0xFB0F, 0xFCE3,  0xFF1A, 0x015F, 0x03A7, 0x04F8,
  0x0593, 0x0570, 0x04B3, 0x036A,  0x00C4, 0xFDC0, 0xFA3D, 0xF6DD,
  0xF34B, 0xF00F, 0xED3C, 0xEB43,  0xEA2B, 0xEA0C, 0xEB19, 0xEBE1,
  0xEE11, 0xEFD2, 0xF26E, 0xF40F,  0xF612, 0xF767, 0xF7FB, 0xF891,
  0xF824, 0xF7B1, 0xF665, 0xF52D,  0xF417, 0xF2F2, 0xF21F, 0xF153,
  0xF0F7, 0xF0E5, 0xF0AD, 0xF0EE,  0xF091, 0xF061, 0xEF92, 0xEEED,
  0xED73, 0xEBD7, 0xEA1C, 0xE8B6,  0xE7AE, 0xE7BC, 0xE8A6, 0xEA24,
  0xECC2, 0xEFFE, 0xF408, 0xF7EB,  0xFCA6, 0x00ED, 0x05E6, 0x0A19,
  0x0EB1, 0x129C, 0x16EC, 0x1B9E,  0x1FE9, 0x2469, 0x2857, 0x2C09,
  0x2F0A, 0x316D, 0x32CE, 0x335A,  0x3218, 0x3054, 0x2CFE, 0x28C5,
  0x23EB, 0x1DEF, 0x187A, 0x1276,  0x0D72, 0x0887, 0x044D, 0x01B4,
  0xFF3C, 0xFE20, 0xFCD4, 0xFC2A,  0xFB9D, 0xFB73, 0xFB17, 0xFAA7,
  0xF9BA, 0xF99F, 0xF95D, 0xF98F,  0xF956, 0xF999, 0xFAF1, 0xFB8B,
  0xFD06, 0xFD9E, 0xFEF3, 0xFFEF,  0x0112, 0x0190, 0x01A4, 0x0135,
  0x00EB, 0xFFAA, 0xFE19, 0xFC09,  0xF9DC, 0xF7D6, 0xF549, 0xF3AC,
  0xF17E, 0xF05B, 0xEFA1, 0xEF3F,  0xEFC1, 0xF030, 0xF16E, 0xF2A8,
  0xF465, 0xF5FF, 0xF725, 0xF836,  0xF8B0, 0xF931, 0xF8A0, 0xF868,
  0xF6C1, 0xF5E7, 0xF4AF, 0xF392,  0xF202, 0xF0FC, 0xF0D5, 0xF042,
  0xF02C, 0xEFAD, 0xEFDB, 0xEF6F,  0xEFA8, 0xEEE9, 0xEE2E, 0xECEB,
  0xEBF0, 0xEAC0, 0xE929, 0xE835,  0xE816, 0xE8BD, 0xEA17, 0xEC7F,
  0xEFA9, 0xF37A, 0xF7B4, 0xFC26,  0x00F2, 0x055C, 0x09C6, 0x0DBF,
  0x120C, 0x1591, 0x1975, 0x1D79,  0x2161, 0x2561, 0x28DE, 0x2C56,
  0x2E81, 0x3104, 0x31C3, 0x3233,  0x308F, 0x2E23, 0x2AD6, 0x262F,
  0x210B, 0x1B17, 0x150A, 0x0F76,  0x09CB, 0x0510, 0x011B, 0xFE02,
  0xFC6E, 0xFADF, 0xFAB6, 0xFA2C,  0xFAA7, 0xFB3C, 0xFB9E, 0xFC06,
  0xFC04, 0xFC07, 0xFC66, 0xFBFC,  0xFBF8, 0xFB7A, 0xFBDA, 0xFC37,
  0xFC4C, 0xFCF5, 0xFD23, 0xFE1E,  0xFE84, 0xFF23, 0xFF3B, 0xFF5D,
  0xFED6, 0xFE46, 0xFD1C, 0xFB96,  0xF9A9, 0xF798, 0xF602, 0xF3CD,
  0xF242, 0xF062, 0xEFD4, 0xEF82,  0xEFCB, 0xF087, 0xF15C, 0xF32F,
  0xF4C2, 0xF6CB, 0xF7F0, 0xF951,  0xFA74, 0xFB16, 0xFB66, 0xFAA5,
  0xFA0C, 0xF90E, 0xF7CC, 0xF641,  0xF476, 0xF2CE, 0xF1A1, 0xF042,
  0xEF75, 0xEE55, 0xEDB6, 0xED60,  0xECED, 0xEC8C, 0xEBD0, 0xEB72,
  0xEB7C, 0xEB4E, 0xEB8E, 0xEBA1,  0xECEB, 0xEE66, 0xF018, 0xF246,
  0xF4F4, 0xF844, 0xFB11, 0xFE64,  0x010F, 0x0480, 0x06A2, 0x09F9,
  0x0D04, 0x111E, 0x1469, 0x1870,  0x1DD5, 0x2352, 0x2854, 0x2BA2,
  0x308D, 0x3337, 0x3553, 0x3374,  0x31D9, 0x2E4D, 0x293B, 0x2317,
  0x1ABE, 0x1408, 0x0CD9, 0x0724,  0x01C7, 0xFE05, 0xFCCC, 0xFC28,
  0xFD52, 0xFE5B, 0x0025, 0x0195,  0x02CC, 0x03E6, 0x035C, 0x0233,
  0x002C, 0xFEA1, 0xFCB5, 0xFA74,  0xF815, 0xF76B, 0xF718, 0xF7E2,
  0xF813, 0xF95C, 0xFB9F, 0xFD90,  0xFFC2, 0x0093, 0x0212, 0x0216,
  0x01EE, 0x00D9, 0xFECC, 0xFC95,  0xF96F, 0xF6D4, 0xF406, 0xF1C5,
  0xEF81, 0xEDCC, 0xEDBA, 0xEE20,  0xEF42, 0xF048, 0xF275, 0xF510,
  0xF7CB, 0xFA0A, 0xFBAD, 0xFD38,  0xFE0F, 0xFE6B, 0xFDA9, 0xFC7F,
  0xFA97, 0xF8D3, 0xF6C1, 0xF49D,  0xF26F, 0xF02F, 0xEEFB, 0xEDB8,
  0xED14, 0xEC19, 0xEBDF, 0xEBF5,  0xEC4A, 0xEC73, 0xECA2, 0xED01,
  0xED9E, 0xEE41, 0xEEC2, 0xEFB4,  0xF0B8, 0xF21E, 0xF39B, 0xF529,
  0xF70C, 0xF92B, 0xFB20, 0xFD71,  0xFF83, 0x0272, 0x04A8, 0x0748,
  0x09B8, 0x0D3D, 0x1092, 0x13D6,  0x16CE, 0x1B7D, 0x2045, 0x23CB,
  0x26FC, 0x2956, 0x2D0E, 0x2D27,  0x2D12, 0x2A1F, 0x2766, 0x239F,
  0x1DBB, 0x17FB, 0x113D, 0x0CA3,  0x07A4, 0x0392, 0x0105, 0xFF3F,
  0xFF9E, 0x001B, 0x018A, 0x031A,  0x03E7, 0x05BB, 0x0641, 0x064E,
  0x04E3, 0x02CB, 0x0132, 0xFEEE,  0xFC24, 0xF9A1, 0xF7B3, 0xF75D,
  0xF748, 0xF777, 0xF8E8, 0xFA86,  0xFD2C, 0xFF00, 0x00D5, 0x01D9,
  0x022B, 0x021A, 0x0116, 0xFF7C,  0xFCB7, 0xFA01, 0xF74C, 0xF532,
  0xF2F5, 0xF0F3, 0xF04B, 0xF075,  0xF1A1, 0xF27B, 0xF434, 0xF65B,
  0xF8AD, 0xFA9B, 0xFB6B, 0xFC48,  0xFC5E, 0xFC63, 0xFB42, 0xF9D9,
  0xF848, 0xF65A, 0xF4CC, 0xF32C,  0xF1DD, 0xF0BE, 0xEFE3, 0xEF82,
  0xEF89, 0xEF78, 0xEFA2, 0xEF7B,  0xEFB9, 0xEF6F, 0xEF3D, 0xEF1D,
  0xEEE7, 0xEEEE, 0xEECD, 0xEFAC,  0xF062, 0xF13F, 0xF2BC, 0xF36A,
  0xF599, 0xF6D7, 0xF81F, 0xFA05,  0xFA2F, 0xFD11, 0xFDDE, 0x000E,
  0x018E, 0x035E, 0x07B0, 0x0B29,  0x0EB5, 0x1312, 0x1832, 0x1E88,
  0x2362, 0x2617, 0x2AFF, 0x2CA7,  0x2F7D, 0x2D93, 0x2AF8, 0x289B,
  0x2346, 0x1ED8, 0x173F, 0x11C0,  0x0C84, 0x07BA, 0x04C8, 0x01E6,
  0x0185, 0x01B7, 0x031A, 0x0504,  0x05AA, 0x0708, 0x0769, 0x07ED,
  0x06E2, 0x042A, 0x01C5, 0xFF68,  0xFD39, 0xFA7B, 0xF782, 0xF6BD,
  0xF6AC, 0xF754, 0xF835, 0xF962,  0xFC69, 0xFEB4, 0x0114, 0x027E,
  0x031D, 0x03B6, 0x0286, 0x01AE,  0xFEE1, 0xFC16, 0xF946, 0xF649,
  0xF501, 0xF23E, 0xF175, 0xF0FB,  0xF20D, 0xF383, 0xF434, 0xF68A,
  0xF850, 0xFA82, 0xFB85, 0xFBF9,  0xFC82, 0xFC65, 0xFB67, 0xF9F0,
  0xF8CA, 0xF795, 0xF624, 0xF49A,  0xF391, 0xF32F, 0xF2C1, 0xF262,
  0xF1FC, 0xF1FE, 0xF1DD, 0xF19B,  0xF0F3, 0xF032, 0xEF40, 0xEE8C,
  0xEE4F, 0xEDB1, 0xEDA2, 0xEDF0,  0xEF33, 0xF0E1, 0xF27B, 0xF3D7,
  0xF608, 0xF7E4, 0xF955, 0xFA0A,  0xFA2C, 0xFB2F, 0xFAA8, 0xFB66,
  0xFBA4, 0xFC0D, 0xFDE8, 0x0055,  0x0435, 0x0840, 0x0C0B, 0x125D,
  0x18C9, 0x1E79, 0x235A, 0x263E,  0x2B96, 0x2CBE, 0x2C8F, 0x2A6E,
  0x26AC, 0x23F1, 0x1D84, 0x1804,  0x11AD, 0x0CD6, 0x0954, 0x059F,
  0x041C, 0x02F5, 0x03C8, 0x053F,  0x0643, 0x0808, 0x0896, 0x0926,
  0x09A2, 0x0836, 0x0675, 0x034F,  0x011B, 0xFEE4, 0xFB5B, 0xF957,
  0xF737, 0xF79D, 0xF810, 0xF846,  0xFA73, 0xFC49, 0xFF6A, 0x0131,
  0x0297, 0x03A1, 0x036D, 0x037B,  0x01C7, 0xFFB9, 0xFD10, 0xFA37,
  0xF86A, 0xF5F3, 0xF400, 0xF27C,  0xF21E, 0xF32B, 0xF360, 0xF4AA,
  0xF5EB, 0xF817, 0xFA34, 0xFB00,  0xFC21, 0xFCA9, 0xFD13, 0xFC65,
  0xFB95, 0xFA8A, 0xF93F, 0xF7A4,  0xF645, 0xF521, 0xF3D4, 0xF344,
  0xF24E, 0xF26B, 0xF235, 0xF212,  0xF217, 0xF209, 0xF24A, 0xF1F0,
  0xF1C8, 0xF186, 0xF177, 0xF153,  0xF14F, 0xF19A, 0xF22F, 0xF2F7,
  0xF37A, 0xF4BA, 0xF5C7, 0xF6DD,  0xF7F5, 0xF8D1, 0xF9D6, 0xFAA6,
  0xFB48, 0xFBEB, 0xFCC2, 0xFD28,  0xFE7E, 0xFF80, 0x0205, 0x04AC,
  0x06F8, 0x0BA1, 0x0FA6, 0x1515,  0x1912, 0x1CC3, 0x2190, 0x2409,
  0x25FE, 0x25A0, 0x244A, 0x22FB,  0x1F52, 0x1B42, 0x1644, 0x11BE,
  0x0E3B, 0x0A8F, 0x07F3, 0x05F0,  0x054B, 0x05BE, 0x064C, 0x0733,
  0x07BF, 0x086F, 0x0908, 0x08AB,  0x07DA, 0x059B, 0x0418, 0x0216,
  0xFFFB, 0xFDC0, 0xFB82, 0xFB06,  0xFA75, 0xFAD4, 0xFB3B, 0xFC33,
  0xFDD5, 0xFF72, 0x00E6, 0x01C7,  0x0208, 0x023D, 0x01ED, 0x00E2,
  0xFF41, 0xFD21, 0xFB78, 0xF9BC,  0xF80E, 0xF663, 0xF505, 0xF4E0,
  0xF4F8, 0xF56C, 0xF5E2, 0xF6E7,  0xF87E, 0xF98F, 0xFAA0, 0xFADA,
  0xFBA6, 0xFBD3, 0xFB5B, 0xFAB4,  0xF98C, 0xF8CF, 0xF77E, 0xF678,
  0xF546, 0xF483, 0xF3D9, 0xF37C,  0xF2EA, 0xF2A8, 0xF286, 0xF26E,
  0xF288, 0xF243, 0xF224, 0xF21A,  0xF26E, 0xF2A4, 0xF2C2, 0xF2FF,
  0xF3D1, 0xF4C5, 0xF56C, 0xF5CF,  0xF657, 0xF6ED, 0xF73E, 0xF6C3,
  0xF6DD, 0xF6A6, 0xF6C5, 0xF74D,  0xF74F, 0xF8DB, 0xF998, 0xFBF3,
  0xFE98, 0x0195, 0x0511, 0x083D,  0x0C92, 0x1173, 0x14CE, 0x1803,
  0x1B1A, 0x1DF2, 0x2058, 0x1FDD,  0x2037, 0x1F28, 0x1E34, 0x1C57,
  0x18E8, 0x167B, 0x13A0, 0x1176,  0x0EF2, 0x0C9D, 0x0B1F, 0x09DA,
  0x0953, 0x0882, 0x0808, 0x0752,  0x070B, 0x06EB, 0x0642, 0x055A,
  0x03F8, 0x0374, 0x0276, 0x015D,  0xFFE6, 0xFEE0, 0xFEB5, 0xFE37,
  0xFDD6, 0xFD9D, 0xFDCE, 0xFE87,  0xFED5, 0xFF09, 0xFF47, 0xFF46,
  0xFF56, 0xFEFB, 0xFE36, 0xFD6A,  0xFC0D, 0xFB3E, 0xFA27, 0xF8DE,
  0xF7DB, 0xF6B7, 0xF6B1, 0xF677,  0xF66A, 0xF662, 0xF6B5, 0xF7BB,
  0xF88F, 0xF916, 0xF9AD, 0xFA70,  0xFB47, 0xFBE1, 0xFBE1, 0xFBAB,
  0xFB37, 0xFACA, 0xF9DB, 0xF885,  0xF73D, 0xF5E4, 0xF505, 0xF410,
  0xF373, 0xF2D2, 0xF2D9, 0xF35B,  0xF3D6, 0xF4AB, 0xF53E, 0xF65B,
  0xF70A, 0xF7A0, 0xF79A, 0xF761,  0xF6DE, 0xF66F, 0xF545, 0xF411,
  0xF2A5, 0xF1F8, 0xF1B6, 0xF183,  0xF234, 0xF311, 0xF54E, 0xF6F0,
  0xF903, 0xFA7D, 0xFBE7, 0xFD5A,  0xFEF0, 0xFFEB, 0x0151, 0x02C1,
  0x050C, 0x07CD, 0x0A94, 0x0E6C,  0x117E, 0x159D, 0x194C, 0x1C57,
  0x1EDC, 0x203A, 0x2134, 0x211F,  0x1FAC, 0x1DCC, 0x1AAB, 0x17E7,
  0x1469, 0x1134, 0x0E47, 0x0B97,  0x09E9, 0x0871, 0x078F, 0x0712,
  0x0677, 0x0658, 0x05F6, 0x0563,  0x04A7, 0x03A8, 0x030C, 0x01B9,
  0x00E4, 0xFFA6, 0xFEFA, 0xFE71,  0xFDF0, 0xFDC2, 0xFDA7, 0xFDB0,
  0xFDEA, 0xFE0F, 0xFE3F, 0xFE38,  0xFE55, 0xFE3E, 0xFDBE, 0xFD97,
  0xFCFC, 0xFC6B, 0xFBAB, 0xFABD,  0xFA28, 0xF947, 0xF892, 0xF81E,
  0xF7AB, 0xF784, 0xF777, 0xF7BF,  0xF7C1, 0xF83B, 0xF8A2, 0xF95F,
  0xF952, 0xFA15, 0xFA91, 0xFB1F,  0xFB34, 0xFB92, 0xFCAD, 0xFC2A,
  0xFC46, 0xFB81, 0xFAF7, 0xF9F6,  0xF89D, 0xF717, 0xF5A1, 0xF472,
  0xF377, 0xF291, 0xF241, 0xF26F,  0xF2F3, 0xF3BE, 0xF45D, 0xF5AB,
  0xF6A5, 0xF78B, 0xF7F9, 0xF835,  0xF805, 0xF776, 0xF6B1, 0xF580,
  0xF4E6, 0xF469, 0xF45B, 0xF499,  0xF53D, 0xF6B3, 0xF81B, 0xF9EF,
  0xFBD0, 0xFD99, 0xFF95, 0x0140,  0x030A, 0x04D3, 0x064F, 0x0862,
  0x0A8B, 0x0D33, 0x0FAE, 0x11B1,  0x14F4, 0x1774, 0x19B4, 0x1B08,
  0x1BCF, 0x1C6F, 0x1BBE, 0x1A84,  0x1849, 0x15E8, 0x13AA, 0x10F2,
  0x0E7C, 0x0C17, 0x0A64, 0x0955,  0x0814, 0x07AD, 0x06FA, 0x0688,
  0x0660, 0x05DC, 0x055D, 0x0452,  0x0378, 0x02D6, 0x01D9, 0x0117,
  0x000D, 0xFF9D, 0xFF5E, 0xFEF6,  0xFEED, 0xFEAB, 0xFEC8, 0xFED6,
  0xFF10, 0xFEEA, 0xFEBE, 0xFE95,  0xFE5E, 0xFE18, 0xFD42, 0xFC7A,
  0xFBA0, 0xFADD, 0xFA15, 0xF920,  0xF888, 0xF80E, 0xF810, 0xF81F,
  0xF876, 0xF8F1, 0xF979, 0xFA5C,  0xFB23, 0xFBCD, 0xFBF7, 0xFC49,
  0xFC75, 0xFCB0, 0xFC59, 0xFC05,  0xFB6C, 0xFB02, 0xFA76, 0xF989,
  0xF8BB, 0xF7D9, 0xF768, 0xF69C,  0xF5F4, 0xF518, 0xF49A, 0xF44F,
  0xF3F0, 0xF3B6, 0xF397, 0xF3B1,  0xF411, 0xF4CE, 0xF558, 0xF5D6,
  0xF5F3, 0xF660, 0xF659, 0xF5EB,  0xF587, 0xF4F6, 0xF4EF, 0xF4CE,
  0xF52D, 0xF553, 0xF604, 0xF769,  0xF8F9, 0xFB22, 0xFCE8, 0xFEE4,
  0x00C4, 0x024A, 0x037C, 0x044C,  0x0529, 0x05AB, 0x0652, 0x0708,
  0x080E, 0x096F, 0x0B35, 0x0DD3,  0x1015, 0x12EA, 0x15BE, 0x181C,
  0x1A22, 0x1B48, 0x1BC1, 0x1B7A,  0x1A0A, 0x182E, 0x15AA, 0x12C1,
  0x0FE7, 0x0D22, 0x0ADB, 0x08CE,  0x078D, 0x0681, 0x061B, 0x05FD,
  0x0601, 0x05F6, 0x05E6, 0x0559,  0x04B7, 0x03B5, 0x02B2, 0x0184,
  0x0043, 0xFF75, 0xFEA8, 0xFE37,  0xFD80, 0xFD49, 0xFCF5, 0xFCF4,
  0xFC3C, 0xFC2B, 0xFBE9, 0xFBCB,  0xFB95, 0xFB7A, 0xFC3C, 0xFC0D,
  0xFC79, 0xFC01, 0xFC0C, 0xFBF0,  0xFB75, 0xFAE5, 0xF9EB, 0xF999,
  0xF93F, 0xF8FF, 0xF8ED, 0xF940,  0xF9DF, 0xFA91, 0xFB2F, 0xFBFD,
  0xFCC3, 0xFDA4, 0xFDEE, 0xFDE9,  0xFD8E, 0xFCD1, 0xFC1A, 0xFA9C,
  0xF931, 0xF7B8, 0xF652, 0xF58C,  0xF431, 0xF3BF, 0xF354, 0xF357,
  0xF395, 0xF365, 0xF3EA, 0xF40B,  0xF483, 0xF4A6, 0xF476, 0xF46E,
  0xF45F, 0xF47B, 0xF442, 0xF428,  0xF49E, 0xF4D5, 0xF5C2, 0xF5FF,
  0xF72C, 0xF89C, 0xF9DE, 0xFB6B,  0xFC5E, 0xFDCD, 0xFEC5, 0x0018,
  0x00E0, 0x016C, 0x01EF, 0x02C9,  0x03AA, 0x0573, 0x0624, 0x0839,
  0x0AC8, 0x0DF1, 0x1164, 0x12A0,  0x16A8, 0x18E7, 0x1B4B, 0x1C03,
  0x1B33, 0x1BC3, 0x19F2, 0x183F,  0x153A, 0x1247, 0x1092, 0x0E35,
  0x0C7D, 0x0AAA, 0x09E0, 0x09CB,  0x0950, 0x0946, 0x088B, 0x0826,
  0x075E, 0x0661, 0x0514, 0x032D,  0x01B2, 0x006E, 0xFF6A, 0xFE73,
  0xFD32, 0xFD04, 0xFD04, 0xFD02,  0xFD1D, 0xFC82, 0xFD6E, 0xFD1C,
  0xFD71, 0xFCE2, 0xFC47, 0xFCA4,  0xFBB2, 0xFC06, 0xFB0A, 0xFAE7,
  0xFAA0, 0xFA20, 0xFA3D, 0xF9BC,  0xF9B9, 0xF988, 0xF9BE, 0xFA04,
  0xFA3C, 0xFA6C, 0xFAFB, 0xFB93,  0xFBF5, 0xFBEB, 0xFBEF, 0xFC3D,
  0xFC93, 0xFC97, 0xFC36, 0xFC4D,  0xFC58, 0xFC50, 0xFB87, 0xFA8A,
  0xFA18, 0xF97C, 0xF89B, 0xF73A,  0xF61C, 0xF552, 0xF4C3, 0xF437,
  0xF346, 0xF2B6, 0xF2C6, 0xF321,  0xF2EB, 0xF2D3, 0xF2CE, 0xF377,
  0xF447, 0xF4B5, 0xF562, 0xF635,  0xF7DB, 0xF91A, 0xFA1E, 0xFADF,
  0xFC20, 0xFD60, 0xFE2F, 0xFE41,  0xFE68, 0xFEBF, 0xFE90, 0xFEE2,
  0xFEB6, 0xFF17, 0xFFB2, 0x00F9,  0x0273, 0x049E, 0x0639, 0x08FA,
  0x0C49, 0x0EEC, 0x11F0, 0x1298,  0x15A0, 0x168D, 0x16C4, 0x1699,
  0x146E, 0x149F, 0x1233, 0x10D0,  0x0EA1, 0x0D2D, 0x0D32, 0x0C35,
  0x0C7D, 0x0BED, 0x0CB4, 0x0CE2,  0x0CF2, 0x0CB2, 0x0B85, 0x0ACE,
  0x0924, 0x080E, 0x062F, 0x0447,  0x02CB, 0x019F, 0x00D1, 0xFFFC,
  0xFEF4, 0xFEF7, 0xFF10, 0xFED4,  0xFEC4, 0xFE0B, 0xFEAF, 0xFE3A,
  0xFDEB, 0xFD47, 0xFC80, 0xFC5E,  0xFB69, 0xFB4E, 0xFA26, 0xFA00,
  0xF94C, 0xF908, 0xF8F0, 0xF838,  0xF852, 0xF7CB, 0xF83E, 0xF844,
  0xF894, 0xF903, 0xF9C5, 0xFAC6,  0xFB77, 0xFC15, 0xFC30, 0xFCEF,
  0xFCB5, 0xFCB8, 0xFC3D, 0xFB68,  0xFAA2, 0xF923, 0xF82F, 0xF6EB,
  0xF622, 0xF511, 0xF45F, 0xF484,  0xF4BB, 0xF585, 0xF5FB, 0xF6DC,
  0xF7C4, 0xF8C1, 0xF943, 0xF94C,  0xF92F, 0xF8A3, 0xF80B, 0xF70B,
  0xF601, 0xF523, 0xF4CA, 0xF4AC,  0xF54A, 0xF647, 0xF784, 0xF9B2,
  0xFBAA, 0xFE2F, 0x0002, 0x017A,  0x02FB, 0x034A, 0x0393, 0x02DA,
  0x01FD, 0x0104, 0x005C, 0xFFB7,  0xFF1F, 0xFF70, 0x007E, 0x02BD,
  0x03F3, 0x06B1, 0x09CD, 0x0CE1,  0x0FC4, 0x1106, 0x1359, 0x1460,
  0x151B, 0x1475, 0x135C, 0x1274,  0x10E7, 0x0F13, 0x0CF6, 0x0BB4,
  0x0A66, 0x09D3, 0x0964, 0x096F,  0x09CF, 0x0A62, 0x0B57, 0x0BB3,
  0x0C41, 0x0BC0, 0x0B6B, 0x0A5B,  0x0913, 0x06EE, 0x044B, 0x02BA,
  0x009C, 0xFF44, 0xFD89, 0xFCE8,  0xFD07, 0xFD05, 0xFD81, 0xFD9E,
  0xFE99, 0xFEB8, 0xFEFF, 0xFED0,  0xFE2B, 0xFDCF, 0xFD07, 0xFC6D,
  0xFB39, 0xFA4A, 0xF97D, 0xF8D0,  0xF8A1, 0xF83C, 0xF808, 0xF83F,
  0xF8C5, 0xF94C, 0xF97B, 0xF9B1,  0xFA5A, 0xFB2D, 0xFBC9, 0xFBC7,
  0xFC0F, 0xFC64, 0xFC73, 0xFC00,  0xFB58, 0xFAC7, 0xFA01, 0xF94B,
  0xF81D, 0xF777, 0xF6DE, 0xF657,  0xF605, 0xF5C5, 0xF5D9, 0xF614,
  0xF657, 0xF6B0, 0xF72F, 0xF7DB,  0xF825, 0xF83A, 0xF886, 0xF859,
  0xF881, 0xF835, 0xF81A, 0xF82D,  0xF856, 0xF910, 0xF93C, 0xFA3A,
  0xFB23, 0xFC7A, 0xFDA8, 0xFE3D,  0xFF29, 0xFF8A, 0xFFD9, 0xFF6F,
  0xFF35, 0xFEF4, 0xFEE9, 0xFEF0,  0xFF22, 0x003E, 0x0196, 0x03EB,
  0x057C, 0x0840, 0x0B3E, 0x0D98,  0x0FE6, 0x10CB, 0x123D, 0x12E4,
  0x127F, 0x1163, 0x1008, 0x0ED7,  0x0D5D, 0x0BB3, 0x0A5C, 0x09C1,
  0x0959, 0x0998, 0x09BB, 0x0A5A,  0x0AB7, 0x0B2B, 0x0B84, 0x0B2B,
  0x0AA5, 0x0987, 0x0878, 0x0723,  0x05D3, 0x0456, 0x031F, 0x029B,
  0x0224, 0x01FD, 0x0196, 0x019A,  0x01DE, 0x019A, 0x00E3, 0x0022,
  0xFF80, 0xFEA2, 0xFD91, 0xFC69,  0xFB89, 0xFAED, 0xFAB9, 0xFAA6,
  0xFA78, 0xFAA6, 0xFACC, 0xFB42,  0xFB6A, 0xFB45, 0xFB34, 0xFB1B,
  0xFB24, 0xFAC7, 0xFA50, 0xF9E5,  0xF9D7, 0xF9C3, 0xF951, 0xF91A,
  0xF93A, 0xF984, 0xF97E, 0xF960,  0xF958, 0xF99B, 0xF974, 0xF926,
  0xF898, 0xF873, 0xF83D, 0xF79C,  0xF748, 0xF6DA, 0xF6F7, 0xF707,
  0xF730, 0xF79D, 0xF871, 0xF963,  0xFA1F, 0xFB2D, 0xFBF6, 0xFCCF,
  0xFC9F, 0xFCB2, 0xFC3F, 0xFB93,  0xFB1D, 0xFA5D, 0xFAA0, 0xFA49,
  0xFAEF, 0xFB12, 0xFB6C, 0xFC6F,  0xFD45, 0xFEB9, 0xFFA5, 0x00A3,
  0x0152, 0x01DB, 0x01B4, 0x01C7,  0x017E, 0x0106, 0x00CA, 0x0070,
  0x00F1, 0x0188, 0x02B0, 0x04A2,  0x06C5, 0x0976, 0x0C40, 0x0E70,
  0x1074, 0x11C6, 0x1286, 0x1282,  0x111E, 0x0F9F, 0x0DAE, 0x0B95,
  0x09A0, 0x07DA, 0x0701, 0x069B,  0x06D1, 0x0782, 0x0877, 0x09CE,
  0x0ACF, 0x0B8A, 0x0BE3, 0x0B87,  0x0ACB, 0x0985, 0x0826, 0x065D,
  0x04AE, 0x032D, 0x01EC, 0x00AF,  0xFF90, 0xFF0F, 0xFE90, 0xFE3D,
  0xFD90, 0xFDA6, 0xFDE6, 0xFE22,  0xFE06, 0xFE34, 0xFEC2, 0xFE60,
  0xFDFA, 0xFCAB, 0xFBA4, 0xFA5D,  0xF8AA, 0xF750, 0xF5B5, 0xF54B,
  0xF4C9, 0xF4E7, 0xF5AA, 0xF6B5,  0xF861, 0xF96D, 0xFAAC, 0xFBFF,
  0xFCF0, 0xFD70, 0xFCE9, 0xFC58,  0xFB74, 0xFA34, 0xF8D8, 0xF718,
  0xF616, 0xF566, 0xF53A, 0xF53E,  0xF585, 0xF6CB, 0xF85D, 0xF9A1,
  0xFA63, 0xFB50, 0xFC10, 0xFCBC,  0xFC93, 0xFC6E, 0xFCA7, 0xFC25,
  0xFBD2, 0xFB4C, 0xFB00, 0xFAFB,  0xFAC9, 0xFA9F, 0xFAC6, 0xFB63,
  0xFC0A, 0xFC95, 0xFD18, 0xFDD5,  0xFEBD, 0xFEED, 0xFF4D, 0xFF7B,
  0xFFDB, 0x006A, 0x006F, 0x0143,  0x018C, 0x02E9, 0x0427, 0x054D,
  0x06D8, 0x081A, 0x0A31, 0x0AC7,  0x0C01, 0x0C5B, 0x0C61, 0x0C93,
  0x0BB4, 0x0B5E, 0x0A64, 0x098F,  0x090C, 0x0820, 0x081C, 0x07B5,
  0x07F5, 0x083B, 0x0886, 0x0913,  0x08EF, 0x0978, 0x0916, 0x091C,
  0x08C6, 0x07F3, 0x0790, 0x06A7,  0x0608, 0x0527, 0x041E, 0x039F,
  0x02DA, 0x023D, 0x0178, 0x00C8,  0x0075, 0xFFF3, 0xFF8A, 0xFEEE,
  0xFECC, 0xFEA8, 0xFE77, 0xFE40,  0xFDC5, 0xFDAD, 0xFD77, 0xFD40,
  0xFD4A, 0xFCD9, 0xFCD3, 0xFCA2,  0xFC92, 0xFC1D, 0xFB01, 0xFAB7,
  0xFA19, 0xF9FE, 0xF9E1, 0xF983,  0xF9F9, 0xFA0A, 0xFA8C, 0xFB1D,
  0xFB8B, 0xFBEF, 0xFBE6, 0xFC30,  0xFC76, 0xFC11, 0xFB3C, 0xFABC,
  0xFA84, 0xFA70, 0xF9DB, 0xF917,  0xF937, 0xF8F1, 0xF875, 0xF7E3,
  0xF775, 0xF7E3, 0xF7DC, 0xF7F3,  0xF85A, 0xF915, 0xFA7E, 0xFB92,
  0xFCC7, 0xFE46, 0xFF4E, 0xFFF6,  0xFFE2, 0xFF4D, 0xFE8E, 0xFD5B,
  0xFBE6, 0xFAA0, 0xF9B9, 0xF97C,  0xF9F5, 0xFAF6, 0xFCC0, 0xFEC9,
  0x00E7, 0x02F9, 0x0419, 0x052B,  0x0505, 0x0532, 0x04EC, 0x0342,
  0x0272, 0x00AD, 0x0042, 0x0024,  0x0003, 0x013B, 0x02C6, 0x04F3,
  0x069D, 0x07D9, 0x091E, 0x0A28,  0x0A67, 0x09EC, 0x08D6, 0x07BA,
  0x06B4, 0x055E, 0x049F, 0x0442,  0x04A4, 0x0585, 0x06CA, 0x086B,
  0x0A07, 0x0B2F, 0x0C0A, 0x0C63,  0x0BB1, 0x0A8F, 0x08E2, 0x06F4,
  0x050B, 0x032E, 0x01E2, 0x0130,  0x00EE, 0x0146, 0x01E0, 0x02C9,
  0x03A4, 0x03CC, 0x0421, 0x03A2,  0x02F9, 0x01CC, 0x0082, 0xFF41,
  0xFE09, 0xFD80, 0xFD1E, 0xFD43,  0xFD1D, 0xFD92, 0xFDFF, 0xFDA9,
  0xFC71, 0xFB2F, 0xF9FE, 0xF910,  0xF7AB, 0xF6F6, 0xF752, 0xF75E,
  0xF856, 0xF8A2, 0xF9BA, 0xFAB5,  0xFB1D, 0xFBA1, 0xFB45, 0xFB84,
  0xFB1F, 0xFAA4, 0xFA69, 0xFA18,  0xFA23, 0xF9AA, 0xF96F, 0xF9DC,
  0xFA70, 0xFB44, 0xFB7A, 0xFC44,  0xFCD1, 0xFCFF, 0xFCED, 0xFC67,
  0xFC28, 0xFB86, 0xFB22, 0xFA93,  0xFA30, 0xFA34, 0xFA67, 0xFB05,
  0xFBE0, 0xFCC1, 0xFDB6, 0xFE60,  0xFF96, 0x0039, 0x0091, 0x0091,
  0x008B, 0x00F2, 0x0063, 0xFFA8,  0xFF46, 0xFECA, 0xFE6F, 0xFE65,
  0xFE60, 0xFF0E, 0xFFF2, 0x0101,  0x0274, 0x03A6, 0x04C2, 0x063B,
  0x074A, 0x0887, 0x093A, 0x091B,  0x098F, 0x0957, 0x08D2, 0x0831,
  0x0767, 0x0760, 0x06F9, 0x0671,  0x067B, 0x0690, 0x0722, 0x079D,
  0x0848, 0x08F8, 0x09F5, 0x0A4C,  0x0AB0, 0x0A49, 0x0941, 0x0854,
  0x067E, 0x04E6, 0x02F5, 0x01D4,  0x013B, 0x00DB, 0x0176, 0x01CA,
  0x0282, 0x02EB, 0x02C7, 0x02A4,  0x0146, 0x00A7, 0xFFDF, 0xFE3E,
  0xFCE6, 0xFB46, 0xFA8F, 0xF9DD,  0xF907, 0xF92A, 0xF9DE, 0xFAAE,
  0xFB35, 0xFBAB, 0xFC52, 0xFCEA,  0xFCD0, 0xFC1B, 0xFB6F, 0xFA57,
  0xF8EA, 0xF76E, 0xF683, 0xF697,  0xF6E1, 0xF7CB, 0xF973, 0xFB5D,
  0xFD3E, 0xFE5A, 0xFF4E, 0xFFEF,  0xFF4C, 0xFE02, 0xFC36, 0xFA8F,
  0xF90B, 0xF7B3, 0xF6E7, 0xF733,  0xF81F, 0xF99A, 0xFB0D, 0xFCA8,
  0xFEDE, 0xFFF1, 0x00A8, 0x00F8,  0x00BD, 0x0075, 0xFF41, 0xFE8F,
  0xFD7D, 0xFCA0, 0xFC7A, 0xFC2E,  0xFC7A, 0xFCB0, 0xFD88, 0xFE65,
  0xFF38, 0xFFDD, 0x0062, 0x013F,  0x0163, 0x018D, 0x014E, 0x0175,
  0x01DD, 0x01C5, 0x01F8, 0x0211,  0x0256, 0x02C7, 0x0235, 0x026E,
  0x02EB, 0x0379, 0x04BA, 0x051A,  0x0642, 0x06F0, 0x077C, 0x07BF,
  0x0791, 0x0747, 0x06BF, 0x0663,  0x05AB, 0x053A, 0x0506, 0x04F7,
  0x055C, 0x0596, 0x062E, 0x06AD,  0x06DF, 0x06F8, 0x0682, 0x0615,
  0x05AC, 0x04CD, 0x0427, 0x035D,  0x0343, 0x037D, 0x02E9, 0x036A,
  0x036A, 0x0448, 0x0433, 0x034B,  0x02D5, 0x01B2, 0x00EF, 0xFF72,
  0xFE5E, 0xFD49, 0xFCE1, 0xFC94,  0xFC9B, 0xFD4C, 0xFDC8, 0xFF07,
  0xFF5A, 0xFF5D, 0xFF31, 0xFE11,  0xFD77, 0xFC2A, 0xFAB7, 0xF9BA,
  0xF8B4, 0xF88C, 0xF837, 0xF843,  0xF8A2, 0xF929, 0xFA22, 0xFB23,
  0xFC33, 0xFD07, 0xFDBA, 0xFE03,  0xFE33, 0xFD3B, 0xFBFE, 0xFB45,
  0xFA14, 0xF9AA, 0xF8BA, 0xF856,  0xF8F8, 0xF95E, 0xFA7D, 0xFB3E,
  0xFC66, 0xFD98, 0xFE63, 0xFF00,  0xFF26, 0xFF6C, 0xFF24, 0xFE7B,
  0xFD2A, 0xFC8F, 0xFBF5, 0xFBB5,  0xFBB0, 0xFC1F, 0xFE1B, 0xFEF5,
  0x004A, 0x0159, 0x029D, 0x038D,  0x033E, 0x02F0, 0x0280, 0x01A4,
  0x0025, 0xFE97, 0xFD8C, 0xFD3B,  0xFC88, 0xFD45, 0xFE6C, 0x003A,
  0x01FB, 0x0384, 0x05D9, 0x072B,  0x07D8, 0x0794, 0x0731, 0x066C,
  0x0540, 0x03AD, 0x0296, 0x0207,  0x01C8, 0x01F8, 0x0278, 0x037D,
  0x0501, 0x0636, 0x077E, 0x0816,  0x086A, 0x0886, 0x07B9, 0x06F1,
  0x0561, 0x0408, 0x02EF, 0x01BB,  0x00C6, 0x001D, 0x004D, 0x009F,
  0x0170, 0x024A, 0x0387, 0x048C,  0x04CE, 0x04EB, 0x044F, 0x0403,
  0x02F7, 0x01BF, 0x00CB, 0xFFA2,  0xFF0C, 0xFE3B, 0xFDE0, 0xFD89,
  0xFD3D, 0xFD26, 0xFCF5, 0xFD4B,  0xFD06, 0xFD3F, 0xFD9D, 0xFD6C,
  0xFD7A, 0xFC88, 0xFC76, 0xFC88,  0xFC61, 0xFC67, 0xFC82, 0xFD3C,
  0xFD8F, 0xFDDB, 0xFDA0, 0xFDC1,  0xFD1F, 0xFC58, 0xFBF0, 0xFB68,
  0xFABB, 0xF991, 0xF9AA, 0xF9F9,  0xFA35, 0xFAC8, 0xFBBE, 0xFD26,
  0xFE35, 0xFEB0, 0xFF73, 0x0016,  0x0006, 0xFFD1, 0xFEE9, 0xFE3D,
  0xFD58, 0xFCA1, 0xFBD5, 0xFB92,  0xFC09, 0xFC7B, 0xFD90, 0xFE82,
  0xFFF8, 0x00D3, 0x0165, 0x019D,  0x01AC, 0x0151, 0x0052, 0x002C,
  0xFFC8, 0xFFB8, 0xFF87, 0xFF73,  0xFFDD, 0x0021, 0x001F, 0x004B,
  0x00AC, 0x0142, 0x01A4, 0x0226,  0x02B0, 0x0340, 0x03CD, 0x03F6,
  0x0483, 0x0435, 0x03DF, 0x0316,  0x02A2, 0x0258, 0x0184, 0x014E,
  0x00B5, 0x00B6, 0x0142, 0x01C2,  0x0260, 0x0344, 0x042F, 0x04E4,
  0x0519, 0x0467, 0x03F6, 0x033B,  0x0204, 0x015E, 0x008F, 0x0060,
  0x0066, 0x0092, 0x017C, 0x01F2,  0x02FC, 0x034F, 0x034E, 0x0309,
  0x01D4, 0x00DB, 0xFF82, 0xFE8E,  0xFE20, 0xFE29, 0xFF44, 0x001B,
  0x0141, 0x022E, 0x0298, 0x0271,  0x0194, 0x0047, 0xFECE, 0xFD9B,
  0xFC04, 0xFBCA, 0xFBB3, 0xFC0D,  0xFD05, 0xFD58, 0xFE94, 0xFF64,
  0xFFD3, 0xFFFA, 0xFF8D, 0xFF47,  0xFEA4, 0xFD95, 0xFD2B, 0xFC6B,
  0xFC30, 0xFBFF, 0xFC19, 0xFCEA,  0xFD13, 0xFE16, 0xFEB8, 0xFF61,
  0xFF07, 0xFF19, 0xFED8, 0xFEB2,  0xFE32, 0xFE06, 0xFF73, 0xFF1A,
  0xFFBE, 0xFF52, 0xFFBA, 0x0026,  0xFF39, 0xFF32, 0xFEB8, 0xFF1A,
  0xFEC1, 0xFEAE, 0xFF06, 0xFF53,  0xFFD9, 0xFFE2, 0xFFFD, 0x000C,
  0x0043, 0x0080, 0x00AE, 0x0081,  0x005C, 0x006D, 0x007A, 0x0084,
  0x0073, 0x007D, 0x00D4, 0x00BD,  0x00D7, 0x00AF, 0x00BC, 0x00E6,
  0x00CD, 0x0129, 0x0144, 0x01B0,  0x017D, 0x0211, 0x0248, 0x021B,
  0x0260, 0x0238, 0x0274, 0x0201,  0x018A, 0x0172, 0x0175, 0x0165,
  0x00CF, 0x00B5, 0x00A7, 0x00A2,  0x00A4, 0x00D6, 0x0150, 0x01E1,
  0x024B, 0x026E, 0x02EF, 0x0284,  0x01AF, 0x01B0, 0x00B3, 0x0015,
  0xFF6D, 0xFE6A, 0xFF0A, 0xFE6A,  0xFEA3, 0xFEFD, 0xFF8E, 0xFFEA,
  0xFF47, 0xFFC3, 0xFF3C, 0xFFC2,  0xFF75, 0xFF22, 0x0030, 0xFFB4,
  0x0032, 0x002F, 0x000B, 0xFFF6,  0xFEE1, 0xFE83, 0xFDCA, 0xFD6E,
  0xFD26, 0xFD37, 0xFE1B, 0xFE7A,  0xFF11, 0xFFDD, 0x00A4, 0x00F6,
  0x00DB, 0x00C0, 0x00A9, 0x0085,  0xFF6F, 0xFF20, 0xFEFC, 0xFEB3,
  0xFEB4, 0xFE14, 0xFECD, 0xFF0E,  0xFF36, 0xFF42, 0xFF35, 0xFF85,
  0xFF5A, 0xFF62, 0xFF28, 0xFF38,  0xFF47, 0xFF66, 0x001A, 0x0003,
  0xFFF8, 0x0056, 0xFFDA, 0xFFB3,  0xFF0A, 0xFEC3, 0xFF05, 0xFEAC,
  0xFF0B, 0xFF37, 0x0014, 0x0033,  0x0076, 0x011C, 0x00FE, 0x0177,
  0x014C, 0x011B, 0x0133, 0x006A,  0x000E, 0xFFE2, 0xFF85, 0xFF8E,
  0xFF60, 0xFFDA, 0x00C0, 0x0117,  0x01F0, 0x01E2, 0x01D6, 0x01E9,
  0x0103, 0x0163, 0x0088, 0x0027,  0x0061, 0x0004, 0x006E, 0x0025,
  0xFFEC, 0x005A, 0x0036, 0x0006,  0x0039, 0x003D, 0x0096, 0x00C1,
  0x00D4, 0x0139, 0x011D, 0x011F,  0x0136, 0x00F4, 0x00E4, 0x003A,
  0x0035, 0xFFE5, 0xFF92, 0xFF9E,  0xFF3E, 0xFF58, 0xFF39, 0xFF69,
  0xFFAC, 0xFFE6, 0xFFFA, 0x001F,  0x001E, 0x001A, 0x0010, 0xFFC5,
  0xFFF7, 0x0001, 0xFFD2, 0xFFA0,  0xFF6F, 0xFF76, 0xFF50, 0xFEEA,
  0xFF1B, 0xFF6D, 0xFFA4, 0xFFA6,  0xFFBB, 0xFFEC, 0x001D, 0x000F,
  0x0020, 0x0029, 0x002C, 0x0045,  0x004E, 0x005E, 0xFFEA, 0xFF77,
  0xFF70, 0xFED6, 0xFEE6, 0xFE69,  0xFE96, 0xFF6A, 0xFF0E, 0xFFF8,
  0x0018, 0x00A3, 0x00FB, 0x0036,  0x0094, 0xFFC0, 0xFF97, 0xFF37,
  0xFF4A, 0x001A, 0x0037, 0x00B2,  0x0120, 0x0125, 0x00CA, 0x0063,
  0xFFDC, 0x000B, 0xFFB5, 0xFF65,  0xFFB1, 0xFF93, 0xFFEB, 0xFFD0,
  0xFFF3, 0x003B, 0x0022, 0x004A,  0x0070, 0x0089, 0x0071, 0x0069,
  0x006B, 0x002B, 0x0017, 0xFFE6,  0xFFE5, 0xFFED, 0xFFA9, 0xFFDB,
  0xFFE9, 0x0003, 0xFFDC, 0xFFC6,  0x0006, 0x0009, 0x002C, 0xFFD2,
  0x001C, 0x0033, 0x004A, 0x004A,  0x004D, 0x00E8, 0x00E8, 0x0166,
  0x0143, 0x014A, 0x011C, 0x0058,  0xFFF6, 0xFF49, 0xFF11, 0xFEDC,
  0xFEC4, 0xFF1C, 0xFF2D, 0xFF83,  0xFFB6, 0xFFA3, 0xFFDC, 0xFFAD,
  0xFF98, 0xFF97, 0xFFC0, 0x0008,  0x0069, 0x00B6, 0x00CE, 0x00F6,
  0x0084, 0x003E, 0xFFA8, 0xFF23,  0xFEDC, 0xFE71, 0xFED0, 0xFEFA,
  0xFF78, 0xFFE9, 0x0020, 0x0092,  0x004C, 0x0032, 0x000F, 0xFFE4,
  0xFFFB, 0xFFCA, 0xFFF9, 0xFFF9,  0x0012, 0x0030, 0x000E, 0x002F,
  0x0001, 0x0004, 0x0013, 0x0010,  0x0030, 0x0036, 0x0050, 0x0073,
  0x0054, 0x0015, 0xFFED, 0xFFE1,  0xFFFD, 0xFFEA, 0x0003, 0x002B,
  0x0029, 0x0046, 0x002C, 0x0046,  0x002F, 0x0039, 0x005C, 0x0066,
  0x0036, 0xFFFC, 0xFFC6, 0xFFE1,  0xFFBD, 0xFFAE, 0x0007, 0x0011,
  0x0029, 0x0022, 0x0023, 0x005E,  0x003F, 0x0028, 0x003A, 0x001A,
  0x001A, 0x0017, 0x0025, 0x0019,  0xFFF9, 0x000D, 0x0030, 0x0047,
  0x0056, 0x0046, 0x0049, 0x0045,  0x0014, 0xFFCF, 0xFF96, 0xFF70,
  0xFF5A, 0xFF40, 0xFF39, 0xFF57,  0xFF86, 0xFFC3, 0xFFBA, 0xFFE3,
  0xFFFA, 0x001E, 0x003D, 0x004C,  0x004F, 0x0073, 0x0077, 0x005C,
  0x005F, 0x001F, 0xFFE4, 0xFFB5,  0xFF6A, 0xFF7C, 0xFF5A, 0xFF72,
  0xFF7C, 0xFF9A, 0xFFD2, 0xFFD1,  0xFFD5, 0xFFCF, 0xFFF4, 0x0007,
  0x000C, 0x0027, 0x0070, 0x0095,  0x006C, 0x0052, 0x001D, 0x0006,
  0xFFEB, 0xFFD1, 0xFFEE, 0x000A,  0x0044, 0x005F, 0x0065, 0x006B,
  0x004B, 0x001D, 0xFFBD, 0xFF7B,  0xFF81, 0xFF99, 0xFFB0, 0xFFE1,
  0x001B, 0x0052, 0x0051, 0x003D,  0x0040, 0x0001, 0xFFD9, 0xFFBD,
  0xFFBB, 0xFFE4, 0xFFF2, 0x001C,  0x0033, 0x0010, 0xFFD5, 0xFFB6,
  0xFF8A, 0xFFCF, 0xFFEC, 0x0027,  0x0078, 0x0097, 0x00C1, 0x008C,
  0x0055, 0x0036, 0x0003, 0xFFD8,  0xFFDA, 0x0008, 0x002C, 0x0015,
  0x0006, 0x003D, 0x003F, 0xFFFD,  0xFFCE, 0xFFE1, 0x000C, 0xFFE3,
  0xFFE6, 0xFFF8, 0x0024, 0x0025,  0x0009, 0x000A, 0x000F, 0xFFEA,
  0xFFEE, 0xFFD7, 0xFFDB, 0xFFC5,  0xFFB3, 0xFFE5, 0xFFFA, 0x000E,
  0x000C, 0x0018, 0x0033, 0x001F,  0xFFFB, 0xFFDA, 0xFFDD, 0xFFCF,
  0xFFC8, 0xFFBE, 0xFFDE, 0x0002,  0x0019, 0x0031, 0x0024, 0x0029,
  0x001E, 0x0030, 0x0006, 0xFFDD,  0xFFC2, 0xFFE4, 0xFFE8, 0xFFB9,
  0xFFC2, 0xFFDF, 0x0002, 0xFFE9,  0xFFCD, 0xFFE7, 0xFFDF, 0xFFC4,
  0xFFC9, 0xFFCA, 0xFFEE, 0x0001,  0x000A, 0x0027, 0x0022, 0x0006,
  0x0002, 0xFFF3, 0x0009, 0xFFFA,  0x0002, 0x0000, 0xFFFD, 0xFFFF,
  0xFFFE, 0xFFF7, 0xFFFA, 0xFFE2,  0xFFEB, 0xFFFB, 0x0017, 0x0041,
  0x0050, 0x006F, 0x0070, 0x004E,  0x0038, 0x0010, 0x000E, 0x0006,
  0x0004, 0x0002, 0xFFEF, 0xFFE4,  0xFFE9, 0xFFF5, 0xFFFF, 0x001F,
  0x002D, 0x0030, 0x0027, 0x002A,  0x002C, 0x0028, 0x000F, 0xFFE6,
  0xFFE0, 0xFFD2, 0xFFB8, 0xFFAC,  0xFFB1, 0xFFDB, 0xFFFA, 0x0005,
  0x0026, 0x0036, 0x003E, 0x0043,  0x0023, 0x0021, 0x000F, 0xFFF1,
  0xFFD9, 0xFFC6, 0xFFC6, 0xFFB3,  0xFFB6, 0xFFD0, 0xFFEB, 0x000A,
  0x0010, 0x0030, 0x003A, 0x004E,  0x0027, 0x0025, 0x0015, 0xFFFB,
  0xFFE8, 0xFFCC, 0xFFCD, 0xFFDB,  0xFFD2, 0xFFF1, 0x000B, 0x001E,
  0x0031, 0x002F, 0x003A, 0x0033,  0x0026, 0x0015, 0x0009, 0xFFFA,
  0xFFD7, 0xFFB1, 0xFFAB, 0xFFA2,  0xFFA4, 0xFFA3, 0xFFBA, 0xFFDD,
  0xFFE6, 0x0005, 0x0010, 0x0014,  0x000B, 0x0013, 0x0028, 0x0011,
  0x0006, 0x0005, 0x0009, 0x0008,  0xFFFB, 0xFFF4, 0xFFF5, 0xFFFA,
  0xFFF5, 0xFFF9, 0xFFFA, 0x0001,  0x000B, 0x0016, 0x0014, 0x001B,
  0x0017, 0x001B, 0x0017, 0x000D,  0x000A, 0x000C, 0x0000, 0x0009,
  0x0012, 0x0012, 0x0012, 0x0003,  0x0013, 0x0019, 0x0012, 0x0001,
  0xFFFA, 0xFFFC, 0x0006, 0xFFF8,  0xFFFA, 0x0005, 0x0015, 0x000A,
  0x0004, 0x0002, 0x000F, 0x000E,  0x0012, 0x0004, 0xFFF5, 0xFFF7,
  0xFFF1, 0xFFEC, 0xFFF8, 0xFFF7,  0xFFF8, 0xFFFC, 0xFFFD, 0x0001,
  0xFFFA, 0xFFE1, 0xFFDF, 0xFFDA,  0xFFCF, 0xFFCD, 0xFFDA, 0xFFF0,
  0x0000, 0x0000, 0x0006, 0x0009,  0x000B, 0x000A, 0x0009, 0xFFFE,
  0x0003, 0x0002, 0x0001, 0xFFF9,  0xFFE9, 0xFFF2, 0xFFED, 0xFFDD,
  0xFFCE, 0xFFDC, 0xFFE9, 0xFFF9,  0x0001, 0x0011, 0x002F, 0x002E,
  0x0026, 0x0028, 0x0024, 0x0023,  0x0011, 0xFFFD, 0xFFFB, 0xFFF9,
  0xFFEE, 0xFFF1, 0xFFF0, 0x0001,  0xFFFC, 0xFFF6, 0xFFEC, 0xFFF5,
  0xFFF6, 0x0005, 0x0007, 0x001A,  0x0028, 0x0028, 0x0029, 0x0018,
  0x0022, 0x0020, 0x001A, 0x000E,  0x0011, 0x0012, 0x0007, 0x0004,
  0x0002, 0x0003, 0x0008, 0xFFFC,  0x0004, 0x0005, 0xFFFE, 0x000E,
  0x0003, 0x0006, 0x0002, 0x0000,  0x0004, 0x0002, 0xFFF4, 0xFFEE,
  0xFFED, 0xFFEA, 0xFFE6, 0xFFDD,  0xFFEB, 0xFFEE, 0xFFED, 0xFFF7,
  0xFFFC, 0x0009, 0x0006, 0x0009,  0x0010, 0x0012, 0x0002, 0xFFFA,
  0xFFFD, 0x000D, 0x000D, 0xFFFC,  0xFFFE, 0xFFFE, 0xFFF6, 0xFFF4,
  0xFFF0, 0xFFF5, 0x0002, 0x0003,  0x0003, 0x000E, 0x000D, 0x0005,
  0x0008, 0x0001, 0xFFFD, 0xFFFD,  0xFFFA, 0x0000, 0x0001, 0xFFF8,
  0xFFFC, 0xFFF9, 0xFFFD, 0xFFF3,  0xFFFE, 0x0003, 0xFFFC, 0x0005,
  0x0001, 0x0004, 0x0007, 0xFFFC,  0x0005, 0x0001, 0xFFF9, 0xFFFF,
  0xFFFD, 0xFFFC, 0x0001, 0xFFF1,  0x0008, 0x0004, 0x0000, 0xFFFF,
  0x0001, 0x0001, 0x0001, 0x0006,  0x0003, 0x000D, 0x0015, 0x0010,
  0x0020, 0x0013, 0x0013, 0x0010,  0x0007, 0x0005, 0x0001, 0xFFF3,
  0xFFFF, 0xFFF7, 0xFFF9, 0xFFFD,  0xFFFF, 0xFFFF, 0xFFFA, 0xFFFD,
  0xFFFF, 0xFFFD, 0xFFFD, 0x0004,  0x000E, 0x0019, 0x000D, 0x000B,
  0x0007, 0x000C, 0x0004, 0xFFFF,  0xFFF5, 0x0003, 0x0002, 0x000F,
  0x0001, 0x0001, 0x0000, 0x0002,  0x0003, 0x0006, 0x0008, 0x0004,
  0x0004, 0x000A, 0x0007, 0x0002,  0x0001, 0x0000, 0xFFFE, 0xFFFB,
  0xFFF6, 0xFFF9, 0xFFF5, 0xFFF3,  0xFFF3, 0xFFF6, 0xFFF3, 0xFFF6,
  0xFFF5, 0xFFF9, 0xFFFA, 0xFFF7,  0xFFF5, 0xFFFA, 0xFFFC, 0xFFFE,
  0x0000, 0xFFFE, 0x0000, 0x0001,  0xFFFC, 0xFFFC, 0xFFFA, 0xFFFD,
  0xFFFC, 0xFFFF, 0x0001, 0xFFFD,  0xFFFF, 0xFFFF, 0xFFFB, 0x0006,
  0x0002, 0x0002, 0x0001, 0x0001,  0xFFFB, 0xFFFB, 0xFFF6, 0xFFF8,
  0xFFF9, 0xFFFC, 0xFFFE, 0x0002,  0x0001, 0x0009, 0x0004, 0x0008,
  0xFFFD, 0x0005, 0xFFFC, 0x0007,  0xFFFE, 0x000F, 0x0012, 0x0016,
  0x000A, 0x0001, 0xFFFD, 0xFFFB,  0xFFF3, 0xFFFC, 0x0005, 0x000C,
  0x0010, 0x000C, 0x0009, 0x0011,  0x000B, 0x0006, 0x0008, 0xFFFE,
  0x000A, 0x0002, 0x000C, 0x0000,  0x0007, 0x0005, 0x0007, 0x000B,
  0x000A, 0x0007, 0x0008, 0x000A,  0x0004, 0x0009, 0xFFFD, 0x0002,
  0xFFFC, 0xFFFC, 0xFFF7, 0xFFFA,  0xFFF6, 0xFFFD, 0xFFF8, 0xFFFB,
  0xFFFB, 0xFFFC, 0xFFFE, 0xFFFD,  0xFFFD, 0xFFFB, 0x0001, 0xFFFF,
  0x0001, 0xFFFE, 0x0003, 0x0000,  0x0003, 0xFFFD, 0x0002, 0xFFFC,
  0x0004, 0xFFFB, 0x0001, 0x0000,  0xFFFF, 0xFFFF, 0xFFFB, 0x0000,
  0xFFFF, 0x0003, 0x0003, 0x0004,  0x0003, 0x0006, 0xFFFE, 0x0001,
  0xFFFC, 0x0002, 0xFFFF, 0x0004,  0x0002, 0x0006, 0x0005, 0x000B,
  0x0004, 0x0007, 0x0004, 0x0001,  0x0000, 0xFFFF, 0x0001, 0xFFFD,
  0xFFFD, 0xFFFA, 0xFFF8, 0xFFF5,  0xFFFF, 0xFFF5, 0xFFFD, 0xFFF9,
  0xFFFE, 0xFFFC, 0xFFF9, 0xFFFE,  0xFFF7, 0xFFFE, 0xFFFD, 0xFFFB,
  0xFFFE, 0xFFFB, 0xFFFC, 0xFFFF,  0xFFFD, 0xFFFF, 0x0004, 0x0001,
  0x0003, 0x0000, 0x0003, 0x0003,  0xFFFD, 0x0004, 0x0007, 0x0005,
  0x0007, 0x0000, 0x0003, 0x0005,  0xFFFE, 0x0003, 0x0002, 0x0007,
  0x0002, 0x0008, 0x0003, 0x0007,  0x0006, 0x0004, 0x0004, 0x0001,
  0x0006, 0x0001, 0x000D, 0x0000,  0x0008, 0x0006, 0x0004, 0x000C,
  0x0006, 0x0007, 0x0009, 0x000A,  0x0009, 0x000B, 0x000D, 0x000B,
  0x0009, 0x0008, 0x0008, 0x000A,  0x0008, 0x0009, 0x0008, 0x000A,
  0x0001, 0x0006, 0x0002, 0x0003,  0xFFFE, 0xFFFF, 0x0005, 0x0003,
  0x0003, 0xFFFD, 0x0002, 0x0002,  0x0001, 0xFFFF, 0xFFFE, 0x0001,
  0xFFFB, 0x0003, 0xFFFB, 0x0000,  0xFFFB, 0x0000, 0xFFFB, 0x0001,
  0xFFFA, 0xFFFD, 0xFFFD, 0xFFFC,  0xFFFE, 0xFFFD, 0xFFFA, 0xFFFC

};

#endif // End of _FIRST_FLOOR16K16B1C_H
