#ifndef _GROUND_FLOOR16K16B1C_H
#define _GROUND_FLOOR16K16B1C_H

#define GROUND_FLOOR16K16B1C_LITTLE_ENDIAN
#include <stdint.h>

#define GROUND_FLOOR16K16B1C_PB_FMT Mode_mono
#define GROUND_FLOOR16K16B1C_SZ 14721

const uint16_t ground_floor16k16b1c[ GROUND_FLOOR16K16B1C_SZ ] =
{
  0x0001, 0x0000, 0x0000, 0x0000,  0xFFFF, 0x0001, 0xFFFD, 0x0002,
  0x0000, 0xFFFE, 0x0001, 0x0000,  0xFFFE, 0x0004, 0xFFFC, 0x0003,
  0xFFFF, 0x0002, 0x0001, 0xFFFE,  0x0001, 0x0000, 0x0000, 0x0000,
  0xFFFF, 0x0000, 0x0000, 0x0002,  0xFFFD, 0x0002, 0xFFFE, 0x0002,
  0xFFFF, 0x0001, 0xFFFF, 0x0000,  0x0002, 0xFFFF, 0x0003, 0xFFFE,
  0x0004, 0xFFFE, 0x0001, 0x0000,  0xFFFF, 0x0002, 0x0000, 0xFFFF,
  0x0002, 0x0000, 0x0003, 0x0000,  0xFFFF, 0x0003, 0xFFFE, 0x0002,
  0xFFFF, 0x0003, 0xFFFF, 0x0001,  0xFFFF, 0x0000, 0xFFFE, 0x0000,
  0xFFFF, 0xFFFF, 0x0000, 0xFFFF,  0x0000, 0xFFFE, 0x0001, 0xFFFE,
  0xFFFE, 0x0000, 0xFFFE, 0xFFFF,  0xFFFF, 0xFFFF, 0x0000, 0x0001,
  0xFFFC, 0x0001, 0xFFFD, 0x0000,  0xFFFE, 0x0000, 0xFFFD, 0xFFFF,
  0xFFFE, 0x0002, 0xFFFE, 0x0000,  0x0000, 0xFFFE, 0x0002, 0xFFFE,
  0xFFFF, 0x0003, 0xFFFD, 0x0004,  0xFFFD, 0x0002, 0xFFFF, 0x0002,
  0x0000, 0x0000, 0x0000, 0x0001,  0xFFFF, 0x0004, 0xFFFE, 0x0003,
  0x0000, 0x0003, 0x0002, 0x0003,  0x0000, 0x0003, 0x0002, 0x0002,
  0x0003, 0x0002, 0x0002, 0x0001,  0x0003, 0x0002, 0x0002, 0x0001,
  0x0003, 0x0003, 0x0003, 0x0001,  0x0001, 0x0001, 0x0003, 0xFFFE,
  0x0004, 0x0002, 0x0003, 0x0000,  0x0001, 0x0001, 0x0003, 0x0000,
  0x0001, 0x0004, 0xFFFE, 0x0003,  0x0001, 0x0001, 0x0001, 0x0002,
  0xFFFE, 0x0003, 0xFFFE, 0x0003,  0xFFFD, 0x0003, 0xFFFF, 0x0000,
  0x0002, 0xFFFD, 0x0002, 0xFFFE,  0x0003, 0xFFFC, 0x0005, 0xFFFB,
  0x0004, 0xFFFD, 0x0001, 0x0001,  0xFFFE, 0x0003, 0xFFFE, 0x0002,
  0xFFFD, 0x0001, 0xFFFE, 0x0000,  0x0000, 0xFFFF, 0xFFFF, 0x0002,
  0xFFFD, 0x0003, 0xFFFE, 0x0003,  0xFFFE, 0x0003, 0xFFFF, 0x0004,
  0xFFFF, 0x0001, 0xFFFF, 0x0001,  0x0003, 0xFFFE, 0x0003, 0xFFFE,
  0x0002, 0xFFFF, 0x0001, 0xFFFF,  0x0002, 0xFFFE, 0x0001, 0x0000,
  0xFFFE, 0x0002, 0xFFFE, 0x0001,  0x0001, 0xFFFD, 0x0003, 0xFFFC,
  0x0005, 0xFFFB, 0x0002, 0x0000,  0xFFFD, 0x0003, 0xFFFC, 0x0004,
  0xFFFC, 0x0005, 0xFFFF, 0x0003,  0x0000, 0x0001, 0x0003, 0xFFFF,
  0x0004, 0x0001, 0x0004, 0x0002,  0x0001, 0x0003, 0x0000, 0x0002,
  0x0000, 0x0003, 0xFFFF, 0x0001,  0x0000, 0xFFFF, 0x0003, 0xFFFC,
  0x0002, 0xFFFE, 0xFFFF, 0x0001,  0xFFFF, 0x0001, 0x0000, 0x0001,
  0xFFFE, 0x0004, 0xFFFD, 0x0001,  0x0001, 0xFFFE, 0x0003, 0xFFFD,
  0x0003, 0xFFFE, 0x0002, 0x0000,  0x0001, 0xFFFF, 0x0001, 0xFFFF,
  0x0001, 0x0000, 0xFFFE, 0x0002,  0xFFFE, 0x0002, 0xFFFF, 0x0000,
  0xFFFF, 0x0000, 0x0001, 0xFFFE,  0x0001, 0xFFFE, 0xFFFF, 0x0001,
  0xFFFC, 0x0004, 0xFFFC, 0x0000,  0xFFFE, 0xFFFD, 0x0001, 0xFFFE,
  0xFFFF, 0x0000, 0xFFFF, 0x0000,  0x0001, 0xFFFE, 0x0003, 0xFFFC,
  0x0004, 0xFFFE, 0x0001, 0xFFFF,  0x0002, 0xFFFE, 0x0001, 0x0002,
  0xFFFD, 0x0004, 0x0000, 0x0000,  0x0003, 0xFFFF, 0x0002, 0xFFFF,
  0x0003, 0xFFFF, 0x0002, 0xFFFE,  0x0003, 0xFFFE, 0x0003, 0xFFFE,
  0x0001, 0x0002, 0x0000, 0x0002,  0xFFFE, 0x0005, 0xFFFE, 0x0002,
  0xFFFF, 0x0004, 0xFFFD, 0x0001,  0xFFFF, 0xFFFD, 0x0004, 0xFFFC,
  0x0002, 0xFFFF, 0x0000, 0xFFFF,  0x0000, 0x0000, 0x0001, 0xFFFF,
  0x0001, 0xFFFF, 0x0001, 0xFFFE,  0x0004, 0xFFFE, 0x0000, 0x0002,
  0x0001, 0xFFFF, 0x0001, 0xFFFF,  0x0001, 0x0002, 0x0001, 0x0000,
  0x0003, 0x0000, 0x0005, 0xFFFF,  0x0003, 0x0000, 0x0000, 0x0002,
  0xFFFF, 0x0000, 0x0002, 0xFFFF,  0x0005, 0xFFFD, 0x0002, 0xFFFD,
  0x0002, 0xFFFD, 0x0002, 0x0000,  0x0001, 0xFFFE, 0xFFFE, 0xFFFB,
  0x0002, 0xFFFD, 0xFFFE, 0x0002,  0x0002, 0x0004, 0x0005, 0x0000,
  0x0007, 0xFFFD, 0x0005, 0x0004,  0xFFFB, 0x0000, 0x0006, 0x0006,
  0x0001, 0xFFFD, 0x0004, 0xFFF9,  0x0009, 0xFFF6, 0x000B, 0xFFF4,
  0x000C, 0xFFFA, 0x0002, 0xFFF5,  0xFFFC, 0x0001, 0xFFF6, 0x0000,
  0xFFEF, 0x0008, 0xFFF9, 0x0007,  0xFFFA, 0x0007, 0x0000, 0x000C,
  0x0005, 0x0004, 0x000C, 0x0000,  0x0012, 0xFFFB, 0x000F, 0xFFF7,
  0x000B, 0xFFF8, 0x000F, 0xFFF7,  0x0000, 0x0002, 0x0008, 0xFFFE,
  0xFFF0, 0x0008, 0xFFFA, 0x000A,  0xFFED, 0x000A, 0xFFFB, 0x0007,
  0xFFF3, 0x0002, 0xFFF7, 0x0006,  0xFFFF, 0x0007, 0x0004, 0x0008,
  0x0014, 0x0006, 0x001A, 0x0000,  0x0013, 0x0002, 0x001D, 0x0002,
  0x000A, 0xFFF9, 0x0008, 0x0005,  0xFFF3, 0xFFFE, 0xFFE8, 0x0015,
  0xFFEF, 0x000F, 0xFFEE, 0x0006,  0xFFF9, 0xFFF0, 0x0004, 0xFFDF,
  0x0007, 0xFFF3, 0x0005, 0xFFEA,  0xFFF0, 0xFFF4, 0xFFF0, 0xFFF9,
  0xFFFA, 0x000E, 0x0007, 0x0017,  0x001D, 0x001B, 0x0003, 0xFFFC,
  0xFFF9, 0xFFF3, 0xFFEC, 0xFFF3,  0xFFF0, 0x0002, 0xFFE9, 0xFFF2,
  0xFFDE, 0xFFF4, 0xFFD7, 0xFFE7,  0x0008, 0x0005, 0x0010, 0xFFDD,
  0x0000, 0xFFE9, 0x0007, 0xFFF0,  0xFFF5, 0xFFEC, 0xFFEB, 0x000E,
  0x0003, 0xFFF7, 0x001B, 0x003C,  0x004F, 0x003C, 0x0040, 0x0051,
  0x001A, 0x0015, 0xFFDD, 0xFFFC,  0xFFB9, 0xFFD1, 0xFFBC, 0xFFC4,
  0xFFD2, 0xFFE7, 0x0015, 0x0023,  0x003A, 0x0034, 0x003B, 0x0019,
  0x0001, 0xFFC9, 0xFFB9, 0xFFAD,  0xFFA2, 0xFFBB, 0xFFCD, 0x0009,
  0x0004, 0x0029, 0x002E, 0x0051,  0x0081, 0x007B, 0x00BC, 0x0062,
  0x008B, 0x0061, 0x0054, 0xFFE1,  0xFF7B, 0xFF2D, 0xFEA7, 0xFE1A,
  0xFE16, 0xFE27, 0xFE97, 0xFEE3,  0x002F, 0x018F, 0x034D, 0x042F,
  0x04C3, 0x0414, 0x02F8, 0x0146,  0xFF79, 0xFE62, 0xFE38, 0xFF72,
  0x00BB, 0x0318, 0x0369, 0x0563,  0x04D8, 0x0628, 0x05AC, 0x076F,
  0x074F, 0x0766, 0x0524, 0x0233,  0xFDE5, 0xF97F, 0xF2A1, 0xECA2,
  0xEE8D, 0xEE19, 0xECD6, 0xE928,  0xF028, 0xF30A, 0xF7D4, 0xFBAA,
  0x0675, 0x0B81, 0x0D53, 0x0FD6,  0x0EFE, 0x0CA3, 0x0615, 0x0318,
  0xFD98, 0xFCB3, 0xFB49, 0xFD0B,  0xFD99, 0x029D, 0x04C2, 0x07F5,
  0x0A49, 0x0D89, 0x0FFB, 0x0EA6,  0x0EAA, 0x0C90, 0x0853, 0x02E9,
  0xFD9B, 0xF9CC, 0xF607, 0xF1AD,  0xEF89, 0xEDFF, 0xEE88, 0xEEF4,
  0xF0F3, 0xF32E, 0xF95C, 0xFE84,  0x046C, 0x090B, 0x0DC8, 0x108F,
  0x0E9C, 0x0A26, 0x0466, 0xFF0A,  0xF8F6, 0xF5D4, 0xF500, 0xF8C5,
  0xFC7D, 0x03C6, 0x0B48, 0x112B,  0x133B, 0x1253, 0x0EFE, 0x0756,
  0xFE53, 0xF529, 0xEE6B, 0xEA49,  0xEAE5, 0xED3A, 0xF2FE, 0xFA8E,
  0x032A, 0x0C71, 0x11DF, 0x14FF,  0x13BB, 0x0E22, 0x032D, 0xF66A,
  0xEC4A, 0xE616, 0xE4E1, 0xE855,  0xF14E, 0xFBB9, 0x0634, 0x0D82,
  0x11BE, 0x127A, 0x105B, 0x0AFE,  0x02EB, 0xFAA2, 0xF427, 0xF189,
  0xF252, 0xF735, 0xFED6, 0x07B5,  0x0EAB, 0x1393, 0x1502, 0x14B4,
  0x0FB9, 0x06B2, 0xFC0E, 0xF0D5,  0xE977, 0xE512, 0xE541, 0xEA26,
  0xF1EE, 0xFB61, 0x0370, 0x0987,  0x0ED2, 0x1137, 0x10C5, 0x0C9C,
  0x058C, 0xFF8C, 0xFB06, 0xF8C4,  0xF950, 0xFCB6, 0x01AD, 0x062B,
  0x0A37, 0x0CBE, 0x0D49, 0x0AD5,  0x0656, 0x01A5, 0xFC6A, 0xF789,
  0xF4B7, 0xF4DA, 0xF741, 0xFA8A,  0xFDA5, 0x005D, 0x0269, 0x02F2,
  0x0207, 0x0059, 0xFE43, 0xFC8B,  0xFAC5, 0xFA05, 0xFA1E, 0xFA94,
  0xFB66, 0xFCD6, 0xFDFB, 0xFF02,  0xFF9C, 0xFFB7, 0xFF93, 0xFF9F,
  0xFF9F, 0xFFCC, 0x009F, 0x0100,  0x01EC, 0x01F6, 0x020B, 0x01E4,
  0x0147, 0x0128, 0x00EF, 0x00D1,  0x0142, 0x01AF, 0x02AC, 0x0333,
  0x0420, 0x041C, 0x0396, 0x0270,  0x0155, 0x001E, 0xFEB8, 0xFE2B,
  0xFD90, 0xFEA5, 0xFE87, 0xFEBE,  0xFD91, 0xFE47, 0xFD8C, 0xFCD3,
  0xFBA6, 0xFBC1, 0xFD33, 0xFD1C,  0xFE4F, 0xFE96, 0xFFF4, 0xFF7C,
  0x0150, 0x02A5, 0x03B1, 0x0423,  0x044E, 0x0587, 0x0583, 0x0549,
  0x05E1, 0x06EC, 0x095A, 0x08B7,  0x07A2, 0x067F, 0x0601, 0x053E,
  0x01E0, 0x0126, 0xFE52, 0xFDCC,  0xFB9E, 0xFC97, 0xFC80, 0xFA61,
  0xF888, 0xF779, 0xF846, 0xF9CB,  0xFB9F, 0xFB8D, 0xFBC8, 0xFA73,
  0xF9BF, 0xF874, 0xF9C0, 0xF9A4,  0xFC12, 0xFDAA, 0x002A, 0x01D5,
  0x03DD, 0x046C, 0x058A, 0x061C,  0x03E5, 0x0470, 0x02B5, 0x0415,
  0x0112, 0x01C9, 0x0279, 0x03C2,  0x04D1, 0x04F4, 0x050C, 0x036C,
  0x02D9, 0x0052, 0x000A, 0xFDE6,  0xFDA8, 0xFCAE, 0xFB91, 0xFAB2,
  0xFBD0, 0xFCFE, 0xFD52, 0xFD34,  0xFD8A, 0xFE78, 0xFDF5, 0xFE0E,
  0xFECF, 0x00BC, 0x011D, 0x015E,  0xFF19, 0xFD8D, 0xFCD3, 0xFC4B,
  0xFCA2, 0xFDC3, 0x00DB, 0x0311,  0x04E4, 0x05EC, 0x0676, 0x068B,
  0x0461, 0x02C9, 0x007E, 0xFEBA,  0xFE45, 0xFE93, 0x000B, 0x0180,
  0x0131, 0x01B4, 0x00EF, 0xFED5,  0xFD12, 0xFB79, 0xFAB6, 0xF82D,
  0xF7FB, 0xF888, 0xFCA6, 0xFE4A,  0xFFA0, 0x0167, 0x03C8, 0x04E9,
  0x024F, 0x0132, 0xFF89, 0xFEE3,  0xFE7B, 0x0062, 0x0175, 0x03B9,
  0x0450, 0x0573, 0x0535, 0x0461,  0x0329, 0xFF77, 0xFF24, 0xFDF3,
  0xFE64, 0xFE70, 0x0005, 0x0187,  0x025E, 0x03BD, 0x0292, 0x0193,
  0xFE9E, 0xFC6C, 0xFA2D, 0xF88D,  0xFA66, 0xFC77, 0x0088, 0x0518,
  0x07AC, 0x07BC, 0x04C5, 0x03EB,  0x0365, 0x02E3, 0x0113, 0xFE7F,
  0xFDD6, 0xFD5D, 0xFD53, 0xFE19,  0x013D, 0x0388, 0x05CC, 0x0726,
  0x0772, 0x0497, 0x015E, 0xFE5E,  0xFD5B, 0xFC97, 0xFD9C, 0xFF56,
  0x0196, 0x0498, 0x0496, 0x040F,  0xFE38, 0xFAA5, 0xF995, 0xFA92,
  0xFA2F, 0xF8A4, 0xFA4D, 0xFC3B,  0xFEF4, 0x01A2, 0x0247, 0x01D6,
  0xFE29, 0xFD20, 0xF9D4, 0xF7D5,  0xF8AD, 0xF8DB, 0xFBC9, 0xFB3D,
  0xFEAF, 0x00D6, 0x0247, 0x0155,  0xFEC3, 0xFDD6, 0xFB73, 0xFB9D,
  0xFBCB, 0xFC71, 0xFFBA, 0x003E,  0x024B, 0x034E, 0x01FD, 0x01B5,
  0x0175, 0x0386, 0x04AE, 0x0391,  0x035E, 0x02F7, 0x0635, 0x0619,
  0x068B, 0x09B8, 0x087A, 0x0BA0,  0x074E, 0x0817, 0x0686, 0x0458,
  0x035B, 0x0302, 0x05A7, 0x060F,  0x0A5A, 0x0949, 0x08DE, 0x0443,
  0x034F, 0x00FF, 0xFE84, 0xFCE9,  0xFA4C, 0xF9D7, 0xF9E7, 0xFC29,
  0xFE57, 0x0143, 0x011E, 0xFF33,  0xFBC5, 0xF9AD, 0xF753, 0xF6E7,
  0xF6A2, 0xF710, 0xF5EC, 0xF5A3,  0xF4B5, 0xF3C6, 0xF3D4, 0xF1FB,
  0xEFC8, 0xED25, 0xEBFB, 0xEA72,  0xEA7F, 0xE9C2, 0xEB6E, 0xED96,
  0xF28D, 0xF715, 0xFAE1, 0xFC9A,  0xFE11, 0x0016, 0x01F2, 0x0447,
  0x0552, 0x0908, 0x0D8B, 0x1324,  0x14A3, 0x18B5, 0x1A96, 0x1D8D,
  0x1EF5, 0x1E20, 0x1E53, 0x191A,  0x14C9, 0x122E, 0x117A, 0x128F,
  0x160E, 0x17F4, 0x17C5, 0x147C,  0x12C5, 0x110D, 0x0F27, 0x0AA8,
  0x06B2, 0x02D5, 0xFFBD, 0xFE73,  0xFB45, 0xFBA7, 0xFB7C, 0xFC97,
  0xFBC6, 0xFA58, 0xF713, 0xF3E0,  0xF0D6, 0xEE7B, 0xEBF9, 0xEA18,
  0xE8BC, 0xE647, 0xE560, 0xE3AA,  0xE3F9, 0xE2B8, 0xE1AF, 0xDE58,
  0xDB81, 0xD9D8, 0xD9A9, 0xDB43,  0xDD0A, 0xE08B, 0xE513, 0xEBA9,
  0xF0D5, 0xF67E, 0xFB32, 0xFFA8,  0x03C6, 0x0716, 0x0A65, 0x0DDD,
  0x119C, 0x1596, 0x19C4, 0x1D9C,  0x2196, 0x2547, 0x2849, 0x2A23,
  0x2A31, 0x28B6, 0x2688, 0x2383,  0x215A, 0x1F3C, 0x1D49, 0x1BBE,
  0x19E0, 0x172B, 0x156A, 0x12ED,  0x0FD5, 0x0BAC, 0x07B0, 0x0433,
  0x00B6, 0xFE69, 0xFC9D, 0xFC20,  0xFB46, 0xFBE1, 0xFC89, 0xFD62,
  0xFB82, 0xF786, 0xF325, 0xEF6A,  0xEDB9, 0xECC9, 0xEBCD, 0xEAEE,
  0xE888, 0xE6DA, 0xE4EE, 0xE3AB,  0xE111, 0xDD74, 0xD9F0, 0xD721,
  0xD728, 0xD7BD, 0xD82A, 0xD75A,  0xD8F0, 0xDB10, 0xE117, 0xE6A0,
  0xECDC, 0xF1D7, 0xF786, 0xFDC1,  0x0324, 0x07C5, 0x0B9C, 0x106A,
  0x1325, 0x15E2, 0x18B3, 0x1C26,  0x1FD9, 0x2315, 0x2550, 0x27AC,
  0x2993, 0x2B27, 0x289A, 0x2557,  0x219D, 0x1F4C, 0x1C5D, 0x187F,
  0x14E3, 0x125E, 0x1024, 0x0E05,  0x0C30, 0x09EC, 0x088B, 0x0779,
  0x0604, 0x030C, 0x0058, 0xFFF0,  0x0126, 0x0218, 0x02AB, 0x016B,
  0x0226, 0x01BD, 0x0139, 0xFCF0,  0xF842, 0xF3ED, 0xF10A, 0xEF27,
  0xECE3, 0xEA1B, 0xE69B, 0xE30B,  0xDE60, 0xDAFC, 0xD701, 0xD3E0,
  0xCE8C, 0xCB02, 0xC8DA, 0xCAD5,  0xCE4E, 0xD33E, 0xD968, 0xE142,
  0xE911, 0xEF57, 0xF5E8, 0xFBD9,  0x0274, 0x075C, 0x0C7E, 0x1045,
  0x1517, 0x1A48, 0x1FFF, 0x24B7,  0x28BD, 0x2B36, 0x2CA7, 0x2C5D,
  0x2B3D, 0x2946, 0x2712, 0x24EC,  0x21FB, 0x1F90, 0x1CAD, 0x1AF2,
  0x18FD, 0x15E4, 0x119B, 0x0D43,  0x0918, 0x057F, 0x02A9, 0x0080,
  0xFEFA, 0xFD2E, 0xFC18, 0xFC8D,  0xFE6F, 0x0166, 0x0378, 0x0423,
  0x0340, 0x01FA, 0x001D, 0xFEAC,  0xFD48, 0xFBEA, 0xF806, 0xF3B1,
  0xEE17, 0xE9AF, 0xE5C3, 0xE129,  0xDBCA, 0xD612, 0xD228, 0xCE39,
  0xCBBE, 0xC9D1, 0xCA8B, 0xCAF5,  0xCEEF, 0xD334, 0xDB4F, 0xE2C4,
  0xE9A5, 0xF0CC, 0xF80D, 0x0025,  0x0631, 0x0C51, 0x1160, 0x1764,
  0x1BB4, 0x2092, 0x2537, 0x2A26,  0x2D8D, 0x2F82, 0x2ED7, 0x2D56,
  0x2AEC, 0x28E0, 0x25B0, 0x2231,  0x1EF8, 0x1C23, 0x1B5C, 0x19FB,
  0x18C3, 0x1559, 0x11DC, 0x0D3E,  0x0827, 0x0299, 0xFDD3, 0xFA86,
  0xF894, 0xF814, 0xF961, 0xFCFE,  0x013C, 0x057A, 0x0700, 0x064E,
  0x03B2, 0x006C, 0xFCBE, 0xF97A,  0xF66F, 0xF3A8, 0xF07C, 0xECCD,
  0xE7C5, 0xE22B, 0xDCB8, 0xD757,  0xD2B1, 0xCDBF, 0xC9AA, 0xC675,
  0xC6E6, 0xC953, 0xCD51, 0xD143,  0xD877, 0xE0B5, 0xE909, 0xF044,
  0xF66C, 0xFE68, 0x0524, 0x0CD7,  0x11BB, 0x17DA, 0x1E65, 0x2515,
  0x2A07, 0x2D30, 0x302C, 0x3169,  0x312C, 0x2E7C, 0x2B17, 0x276A,
  0x2415, 0x207F, 0x1D40, 0x1A98,  0x18E4, 0x17D3, 0x1690, 0x140D,
  0x0FAE, 0x0AD0, 0x0614, 0x01F3,  0xFDE9, 0xFAAE, 0xF88E, 0xF937,
  0xFB7C, 0xFE9F, 0x0228, 0x04F0,  0x0719, 0x067D, 0x04B1, 0x0146,
  0xFED4, 0xFBE5, 0xF92A, 0xF440,  0xEF1B, 0xE991, 0xE4EF, 0xE128,
  0xDD52, 0xD8E3, 0xD2BC, 0xCDE7,  0xC8DD, 0xC662, 0xC42E, 0xC4F0,
  0xC5F6, 0xCB85, 0xD2AC, 0xDD07,  0xE65F, 0xEFC4, 0xF8F0, 0x00A2,
  0x0946, 0x0F8A, 0x15F2, 0x1AC7,  0x2159, 0x2719, 0x2D62, 0x3136,
  0x34D4, 0x35A9, 0x34EC, 0x31CA,  0x2DD8, 0x299F, 0x25BF, 0x223E,
  0x1DB2, 0x1A26, 0x170D, 0x1603,  0x13D3, 0x1114, 0x0C95, 0x07D6,
  0x0365, 0xFF89, 0xFC89, 0xFAA7,  0xFA79, 0xFB83, 0xFD4B, 0xFF9D,
  0x027B, 0x0479, 0x0571, 0x03BF,  0x0156, 0xFDCC, 0xFA77, 0xF78E,
  0xF376, 0xEF29, 0xE94F, 0xE444,  0xDE5A, 0xD963, 0xD3F9, 0xCF09,
  0xCA03, 0xC5F9, 0xC2A8, 0xC184,  0xC1E4, 0xC4E2, 0xCC03, 0xD5BB,
  0xE29B, 0xEC3D, 0xF691, 0xFF47,  0x089C, 0x114F, 0x1709, 0x1C56,
  0x201F, 0x25DA, 0x2BB9, 0x3138,  0x358D, 0x37A0, 0x3778, 0x3519,
  0x3099, 0x2C59, 0x27C1, 0x237A,  0x1E88, 0x197F, 0x16A1, 0x144B,
  0x13CC, 0x113F, 0x0E13, 0x0888,  0x03E6, 0xFF5B, 0xFCE2, 0xFB62,
  0xFB5D, 0xFCBA, 0xFEC6, 0x01E8,  0x0422, 0x070C, 0x06C0, 0x05D3,
  0x011C, 0xFE02, 0xF969, 0xF6E7,  0xF228, 0xEDDC, 0xE80F, 0xE26E,
  0xDCBE, 0xD63A, 0xD130, 0xCAB5,  0xC662, 0xC161, 0xBFE8, 0xBE38,
  0xC031, 0xC2E2, 0xCAAA, 0xD41B,  0xE1CE, 0xED0A, 0xF76A, 0x00B2,
  0x095C, 0x1320, 0x1984, 0x20B3,  0x24EF, 0x2C51, 0x3269, 0x38AD,
  0x3BA4, 0x3C45, 0x3A16, 0x35EB,  0x2F48, 0x2885, 0x2298, 0x1DDE,
  0x19E5, 0x1588, 0x12DD, 0x100A,  0x0F84, 0x0D07, 0x0A6B, 0x052B,
  0x0150, 0xFED2, 0xFE65, 0xFFDD,  0x0173, 0x0434, 0x070C, 0x0A6C,
  0x0BE4, 0x0BA1, 0x08A4, 0x04B0,  0xFEDB, 0xFA40, 0xF503, 0xF1F2,
  0xEDEA, 0xE971, 0xE393, 0xDCB0,  0xD6A1, 0xCF75, 0xC9E4, 0xC416,
  0xC02D, 0xBD98, 0xBC73, 0xBD23,  0xBF73, 0xC48F, 0xCE68, 0xDBAE,
  0xEC46, 0xF92F, 0x052B, 0x0E7B,  0x1853, 0x21A7, 0x2780, 0x2C91,
  0x2EF4, 0x339C, 0x3766, 0x3AE6,  0x3B9E, 0x398C, 0x3447, 0x2C80,
  0x2359, 0x1BDF, 0x162C, 0x1274,  0x0ED7, 0x0AEE, 0x0958, 0x07FE,
  0x0958, 0x080E, 0x0624, 0x01D6,  0xFFD3, 0xFFBF, 0x0210, 0x0538,
  0x081C, 0x0B58, 0x0D75, 0x0F02,  0x0DD9, 0x0BF3, 0x068A, 0x012B,
  0xF94D, 0xF484, 0xEEEC, 0xECCF,  0xE824, 0xE31F, 0xDB5B, 0xD37C,
  0xCCF7, 0xC628, 0xC1D2, 0xBC4D,  0xBACE, 0xB9E5, 0xBDB3, 0xC14F,
  0xC984, 0xD177, 0xE0D5, 0xEF2C,  0x0014, 0x0BC0, 0x17A6, 0x2305,
  0x2A39, 0x3221, 0x332A, 0x37E9,  0x37E0, 0x39BA, 0x36F4, 0x3411,
  0x2F7E, 0x2A19, 0x21FC, 0x1890,  0x0F48, 0x09E8, 0x07EB, 0x0674,
  0x0690, 0x059F, 0x090A, 0x09F1,  0x0CF5, 0x0BC4, 0x0AFB, 0x08E5,
  0x082F, 0x08D7, 0x0A1B, 0x0E0F,  0x10AA, 0x140C, 0x140D, 0x12DD,
  0x0DA8, 0x07CA, 0xFF47, 0xF8DA,  0xF14B, 0xEDD0, 0xE9DC, 0xE6B1,
  0xDF66, 0xD547, 0xCAF7, 0xC156,  0xBD17, 0xB851, 0xB6A3, 0xB3D9,
  0xB6BF, 0xBB5B, 0xC647, 0xCF8D,  0xDE4D, 0xECCB, 0xFF77, 0x0CED,
  0x175A, 0x220D, 0x2B51, 0x3581,  0x35CD, 0x3798, 0x35B9, 0x38D0,
  0x361A, 0x2FFE, 0x26BC, 0x1F24,  0x1853, 0x0F8B, 0x06BF, 0x0106,
  0x01B5, 0x045D, 0x06F8, 0x08BC,  0x0D61, 0x11E8, 0x159E, 0x145A,
  0x11DA, 0x0F16, 0x0FF8, 0x1158,  0x12F7, 0x13DE, 0x144F, 0x1509,
  0x13D8, 0x10E3, 0x0ACF, 0x04E8,  0xFD49, 0xF62B, 0xEEA0, 0xEA58,
  0xE620, 0xE1EF, 0xD98C, 0xD028,  0xC6BA, 0xC030, 0xBCB1, 0xBBAA,
  0xBC14, 0xBC51, 0xBF8F, 0xC48F,  0xCECA, 0xD827, 0xE576, 0xF169,
  0x01F6, 0x0D4C, 0x1878, 0x2152,  0x2B21, 0x33B5, 0x3693, 0x3729,
  0x32EB, 0x322A, 0x2CF2, 0x26BF,  0x1C5E, 0x1474, 0x0D46, 0x06F1,
  0xFF57, 0xFC52, 0xFE15, 0x041E,  0x0860, 0x0BCE, 0x1083, 0x15AC,
  0x1C0A, 0x1D25, 0x1E06, 0x1B5C,  0x1B77, 0x1A11, 0x196E, 0x1810,
  0x162A, 0x129A, 0x0CC3, 0x0568,  0xFDC5, 0xF7D7, 0xF28C, 0xEEA4,
  0xE7B4, 0xE33A, 0xDCFA, 0xDC49,  0xD761, 0xD2B7, 0xC9D6, 0xC30D,
  0xC0A9, 0xC04D, 0xC232, 0xC175,  0xC567, 0xC90D, 0xD246, 0xD85D,
  0xE7CE, 0xF864, 0x0F14, 0x1AE2,  0x22EE, 0x27E7, 0x2DBA, 0x33E6,
  0x2E7E, 0x2AB8, 0x23D6, 0x25EB,  0x2220, 0x1CEC, 0x143F, 0x0E91,
  0x0882, 0xFFF3, 0xF704, 0xF57A,  0xFC50, 0x0725, 0x0F30, 0x1472,
  0x1C59, 0x234B, 0x282C, 0x25A6,  0x2210, 0x1F07, 0x1D99, 0x1B11,
  0x16FF, 0x13CA, 0x1250, 0x0F26,  0x09B1, 0x0021, 0xF8F1, 0xF2BA,
  0xEEEF, 0xE984, 0xE5FA, 0xE171,  0xDE6C, 0xD73F, 0xD001, 0xC877,
  0xC563, 0xC665, 0xC6EC, 0xC980,  0xC937, 0xCDBB, 0xCED6, 0xD378,
  0xD56E, 0xE0F7, 0xF008, 0x0744,  0x1629, 0x214E, 0x2613, 0x2948,
  0x2D09, 0x2902, 0x280B, 0x1F25,  0x1F87, 0x1917, 0x165B, 0x0F68,
  0x0AED, 0x0715, 0xFFC1, 0xFA24,  0xF657, 0xFD43, 0x08C7, 0x151A,
  0x1B83, 0x2050, 0x2305, 0x272D,  0x2724, 0x26CC, 0x2398, 0x2107,
  0x1C7B, 0x1561, 0x0F8F, 0x0B07,  0x09E6, 0x0661, 0x0147, 0xFA3D,
  0xF4BB, 0xF06A, 0xEB12, 0xE553,  0xDF40, 0xDBA6, 0xD842, 0xD4B4,
  0xD0FC, 0xCC16, 0xC9BD, 0xC889,  0xCB32, 0xCCF6, 0xD0F6, 0xD426,
  0xDBC9, 0xE190, 0xEBC5, 0xF575,  0x0457, 0x1335, 0x181D, 0x1D5A,
  0x1910, 0x2017, 0x1E5B, 0x2062,  0x1B32, 0x1715, 0x17DC, 0x1403,
  0x1228, 0x0B6B, 0x08B9, 0x03CD,  0xFF2E, 0xFBB2, 0x00B2, 0x0997,
  0x16CF, 0x1CAA, 0x214C, 0x22D6,  0x25D0, 0x26EC, 0x233B, 0x20B4,
  0x1C63, 0x1A8F, 0x13F7, 0x0F90,  0x0A08, 0x06C4, 0x0208, 0xFCC4,
  0xF905, 0xF596, 0xF315, 0xED68,  0xE729, 0xE08E, 0xDAEB, 0xD5F4,
  0xD549, 0xD472, 0xD671, 0xD4AD,  0xD588, 0xD539, 0xD5C6, 0xD609,
  0xD338, 0xD267, 0xD10D, 0xD998,  0xE714, 0x00B1, 0x1534, 0x2237,
  0x1EE2, 0x1C5E, 0x1CEF, 0x211F,  0x23FE, 0x1FCF, 0x1C92, 0x170C,
  0x17D9, 0x1275, 0x0FAB, 0x05A6,  0xFE5A, 0xF35C, 0xF1A7, 0xFA07,
  0x0ABF, 0x1C34, 0x21F7, 0x2583,  0x24D2, 0x2A97, 0x2C3D, 0x2AC0,
  0x2467, 0x1E2D, 0x1765, 0x0F55,  0x0741, 0x01D3, 0xFE20, 0xF9E3,
  0xF6C3, 0xF50F, 0xF71F, 0xF638,  0xF297, 0xE8E8, 0xE0BE, 0xDA3F,
  0xD93E, 0xD7F9, 0xD714, 0xD523,  0xD2C9, 0xD1E9, 0xD0E8, 0xD64F,
  0xD7DE, 0xDCB4, 0xDAD9, 0xDE64,  0xE1C3, 0xEF24, 0x009F, 0x1139,
  0x1AC6, 0x1AB9, 0x1CC7, 0x1D9E,  0x24C7, 0x22A7, 0x1DE8, 0x1294,
  0x0F55, 0x0CBA, 0x0B4F, 0x096C,  0x0677, 0x03C8, 0xFDCA, 0xFC66,
  0x0196, 0x0EA2, 0x1AF3, 0x217F,  0x2570, 0x2909, 0x2C68, 0x2C0D,
  0x2693, 0x1F36, 0x169A, 0x1069,  0x0939, 0x054F, 0x0237, 0x0261,
  0x018C, 0xFC7C, 0xF528, 0xEE68,  0xEC71, 0xEB25, 0xE7D2, 0xE4CA,
  0xE151, 0xE0E3, 0xDD29, 0xD971,  0xD30F, 0xD04F, 0xCEA9, 0xCE7A,
  0xCF81, 0xD1E7, 0xD8E7, 0xDBAD,  0xE565, 0xEBD9, 0x01DB, 0x13EC,
  0x216D, 0x1E5E, 0x18BE, 0x1CBE,  0x1E41, 0x22A2, 0x1AE6, 0x16FA,
  0x0F04, 0x0D0A, 0x07AD, 0x0229,  0x0056, 0xFD3F, 0xF963, 0xF731,
  0x0054, 0x10E2, 0x1F0C, 0x2581,  0x269C, 0x271D, 0x29F8, 0x297C,
  0x2686, 0x1E89, 0x1746, 0x1024,  0x0649, 0xFF52, 0xFA28, 0xFCD8,
  0x0115, 0x02EA, 0x0497, 0x009F,  0xFE1D, 0xF1DF, 0xE5C5, 0xD843,
  0xD37E, 0xD704, 0xD980, 0xDC45,  0xD854, 0xD5DB, 0xD1F8, 0xD11F,
  0xD648, 0xDB97, 0xDEF9, 0xE0BB,  0xE144, 0xEF6A, 0x0031, 0x173C,
  0x19DD, 0x1677, 0x116C, 0x109D,  0x19C2, 0x183C, 0x179F, 0x0C7A,
  0x0B95, 0x0B5D, 0x0D51, 0x0EAE,  0x0C3E, 0x0841, 0x0020, 0xFAD8,
  0x0059, 0x0CEB, 0x1B71, 0x2070,  0x22C4, 0x265B, 0x2806, 0x2A0D,
  0x223F, 0x1B94, 0x10AB, 0x0C11,  0x0916, 0x0709, 0x07AF, 0x06A1,
  0x0749, 0x0202, 0xF9DC, 0xF1AC,  0xED9D, 0xEC8F, 0xEA2E, 0xE65E,
  0xE1BB, 0xDD4D, 0xD997, 0xD74A,  0xD721, 0xDA12, 0xDDF7, 0xDE89,
  0xDC96, 0xDA2A, 0xDB6E, 0xDDB4,  0xDF04, 0xDFE0, 0xEBEA, 0x03DB,
  0x1B99, 0x23EE, 0x2052, 0x1C86,  0x194A, 0x1A23, 0x13E1, 0x0F5F,
  0x07D6, 0x07ED, 0x0591, 0x0299,  0x0358, 0x0330, 0x03E1, 0xFEAD,
  0x05A0, 0x10C6, 0x2194, 0x29D8,  0x29B1, 0x25CF, 0x1F8D, 0x1FAB,
  0x1C29, 0x16C8, 0x1026, 0x09BF,  0x06E6, 0x00FB, 0xFDFF, 0xFCF8,
  0x0235, 0x0B16, 0x0DC7, 0x0966,  0x0038, 0xF57F, 0xE925, 0xDA9D,
  0xD0CF, 0xD111, 0xDA35, 0xE39C,  0xE656, 0xE26B, 0xDDDF, 0xDD13,
  0xDF20, 0xE17E, 0xDFAB, 0xDAAE,  0xD0F3, 0xD5DA, 0xE7E3, 0x07DD,
  0x1D64, 0x248D, 0x1B5C, 0x1301,  0x1244, 0x16E9, 0x1869, 0x0CF8,
  0x041F, 0xFC0A, 0x0806, 0x1108,  0x1831, 0x0E16, 0xFE87, 0xF32B,
  0xF3AD, 0x0337, 0x16A2, 0x2A30,  0x3289, 0x34A2, 0x2EC6, 0x2903,
  0x1DCA, 0x11DE, 0x04B9, 0xFD03,  0xFE30, 0x0515, 0x0A26, 0x0AA1,
  0x0A28, 0x0870, 0x0586, 0xFEC6,  0xFB32, 0xF4CE, 0xEC63, 0xE1D5,
  0xD9A7, 0xD588, 0xD40D, 0xD4C4,  0xD5D3, 0xD8AE, 0xDC48, 0xE623,
  0xE8D8, 0xEA57, 0xE3B4, 0xE08E,  0xE142, 0xE7A4, 0xF717, 0x059E,
  0x1554, 0x163B, 0x1214, 0x0CCD,  0x0D08, 0x0FE5, 0x0EE5, 0x0828,
  0x03FE, 0x04EC, 0x09A0, 0x0DD2,  0x0DD4, 0x0CC7, 0x084F, 0x0675,
  0x0A94, 0x1410, 0x1D0E, 0x2090,  0x2245, 0x2053, 0x1D0C, 0x18D7,
  0x16BA, 0x1308, 0x0E37, 0x0D1C,  0x0BF3, 0x0CF7, 0x0BC8, 0x0DBE,
  0x0EAF, 0x0C64, 0x0537, 0xF748,  0xEB89, 0xE3FE, 0xE1C3, 0xE02D,
  0xDF27, 0xDFF0, 0xE009, 0xE2C9,  0xE250, 0xE43E, 0xE1AD, 0xE21F,
  0xDF4F, 0xDD3C, 0xD898, 0xD725,  0xDD30, 0xE1BC, 0xF233, 0x032E,
  0x1D49, 0x1E34, 0x1A5A, 0x131C,  0x0F09, 0x1356, 0x0D34, 0x0C5E,
  0x0252, 0x053D, 0x0720, 0x09F9,  0x0FB6, 0x0B41, 0x074E, 0xFFF5,
  0x0835, 0x14EF, 0x1EB6, 0x2563,  0x24D6, 0x253E, 0x1F0E, 0x1A42,
  0x12C0, 0x09FB, 0x0765, 0x086B,  0x0D25, 0x0ECA, 0x0E60, 0x0FE3,
  0x0FD7, 0x0D5A, 0x0299, 0xF48F,  0xEAC1, 0xE706, 0xE80D, 0xE458,
  0xDE0E, 0xDB1B, 0xD758, 0xDC8A,  0xDDC8, 0xDF61, 0xDB49, 0xD936,
  0xD99F, 0xD5DD, 0xDBA7, 0xDFB4,  0xF05F, 0xF959, 0x0E17, 0x1761,
  0x1852, 0x1256, 0x0C44, 0x0F8D,  0x0703, 0x072D, 0x016D, 0x067F,
  0x05F0, 0x04E9, 0x05E8, 0x0863,  0x0D6C, 0x0998, 0x095B, 0x0C14,
  0x1635, 0x2049, 0x263F, 0x25BC,  0x1E41, 0x1836, 0x1479, 0x14FA,
  0x14D8, 0x12C6, 0x11AF, 0x116D,  0x104C, 0x0E2E, 0x0D25, 0x0CB1,
  0x07E0, 0xFECA, 0xF6EB, 0xF232,  0xF1EB, 0xEE55, 0xEA70, 0xE51E,
  0xDF2B, 0xDA1F, 0xD676, 0xDA1C,  0xDC8F, 0xE3DB, 0xE6D4, 0xE6CC,
  0xDF1D, 0xD601, 0xDAE4, 0xE297,  0xF135, 0xF23C, 0xFFFA, 0x0DA3,
  0x1516, 0x172A, 0x1653, 0x1C3E,  0x0E2C, 0x0397, 0xFA4E, 0x0132,
  0x0253, 0x0031, 0x033F, 0x05B0,  0x0C44, 0x0BCD, 0x1163, 0x14D3,
  0x1846, 0x1B8A, 0x203C, 0x224B,  0x2097, 0x19BC, 0x164B, 0x12EB,
  0x0CD7, 0x0698, 0x050A, 0x0E9B,  0x1058, 0x135D, 0x13E8, 0x177A,
  0x0F8D, 0xF95B, 0xEC8D, 0xE72F,  0xEE8D, 0xED19, 0xE5EF, 0xDF83,
  0xD9FE, 0xDFB6, 0xE154, 0xE261,  0xDE96, 0xD9E0, 0xD9C1, 0xD9CF,
  0xDD01, 0xDC02, 0xE18C, 0xE4E7,  0xF4BE, 0x09AA, 0x1747, 0x175C,
  0x0909, 0x0D35, 0x11D6, 0x15AE,  0x0A9F, 0xFDB9, 0x00FB, 0x0166,
  0x046B, 0x0136, 0x03A2, 0x0584,  0x073B, 0x1173, 0x1BED, 0x26E0,
  0x24C8, 0x2165, 0x1F64, 0x1BEC,  0x15DB, 0x0E26, 0x0AF0, 0x0767,
  0x0A56, 0x1299, 0x1CBD, 0x1D9B,  0x154D, 0x0E6E, 0x0CBC, 0x0CAB,
  0x02AD, 0xF42A, 0xEA02, 0xE850,  0xE8D1, 0xE657, 0xE243, 0xDF6E,
  0xDE35, 0xDF74, 0xE0DD, 0xE14B,  0xE062, 0xDF5F, 0xDD31, 0xD8B0,
  0xD561, 0xD780, 0xE123, 0xEDB0,  0x0497, 0x149F, 0x1972, 0x12E2,
  0x0DA7, 0x0F51, 0x0D33, 0x09F5,  0xFF70, 0xFE6B, 0x0163, 0x03E7,
  0x0595, 0x0829, 0x0C27, 0x0A8D,  0x0A20, 0x0C3C, 0x13EA, 0x1A98,
  0x2089, 0x25BC, 0x230E, 0x1A21,  0x1177, 0x10C2, 0x12FC, 0x1108,
  0x0E2C, 0x0F4F, 0x153F, 0x1CA7,  0x1E25, 0x14F6, 0x06E3, 0xF9FC,
  0xF383, 0xF033, 0xEF2F, 0xEBBE,  0xE2AD, 0xDF9C, 0xE045, 0xE722,
  0xE81C, 0xE42D, 0xDDE5, 0xDB21,  0xDC77, 0xDB0B, 0xD476, 0xCD33,
  0xCF8E, 0xD97F, 0xF437, 0x0D98,  0x1EC0, 0x1778, 0x11EE, 0x11D2,
  0x0EC0, 0x06F3, 0xF64A, 0xF7E8,  0xFE49, 0x0B2C, 0x0C1F, 0x08EF,
  0x080E, 0x06A7, 0x089E, 0x0652,  0x0B42, 0x1349, 0x1F67, 0x27D7,
  0x293B, 0x2341, 0x1490, 0x0D02,  0x0874, 0x0CA2, 0x14B6, 0x1BCE,
  0x1E33, 0x1CF5, 0x1D3C, 0x1AB4,  0x1555, 0x0642, 0xFAFF, 0xF3F6,
  0xF359, 0xEFF5, 0xE8E0, 0xE4B7,  0xE387, 0xE56A, 0xE299, 0xE0BD,
  0xE2EB, 0xE53B, 0xE29C, 0xDB3D,  0xD4C9, 0xD178, 0xCDE2, 0xCC4A,
  0xD55F, 0xEC84, 0x0E01, 0x23D0,  0x1A3C, 0x0AD1, 0x0295, 0x047F,
  0x07CF, 0xFF73, 0xF79D, 0xF8C6,  0x06F1, 0x1178, 0x0FFA, 0x0724,
  0x0019, 0x01DC, 0x090E, 0x0FEA,  0x1476, 0x1A66, 0x22A2, 0x28F1,
  0x2549, 0x19AA, 0x0CC9, 0x076F,  0x0C93, 0x1721, 0x1DE7, 0x1E42,
  0x1BE7, 0x1B97, 0x1B64, 0x17E0,  0x1021, 0x056D, 0xFB52, 0xF105,
  0xEA61, 0xE47C, 0xDF2E, 0xDD10,  0xE051, 0xE50F, 0xE983, 0xECDF,
  0xEB64, 0xE7EB, 0xE2B5, 0xDBAE,  0xD5A1, 0xCDAD, 0xC9B7, 0xCC1A,
  0xDFB1, 0xFF57, 0x1723, 0x1B78,  0x0C96, 0x067E, 0x0442, 0x04DE,
  0x03E7, 0xFEAA, 0xFD2D, 0x0258,  0x0E2D, 0x140D, 0x1225, 0x0994,
  0x035B, 0x0579, 0x0AE2, 0x0E8D,  0x13A3, 0x17C0, 0x1F56, 0x24AD,
  0x20E9, 0x1998, 0x1078, 0x115C,  0x1624, 0x1B2E, 0x16AE, 0x1364,
  0x17B1, 0x1D1B, 0x1E3D, 0x12FC,  0x09F9, 0xFD85, 0xF557, 0xEA5A,
  0xE3AB, 0xDC94, 0xD68D, 0xDF56,  0xEB4E, 0xF89F, 0xF4AD, 0xEA74,
  0xDF4F, 0xD557, 0xCB73, 0xC231,  0xC15C, 0xCB17, 0xD91E, 0xEB9A,
  0x0820, 0x1C5D, 0x1E2A, 0x0D57,  0x04FE, 0x032B, 0x03D7, 0x037D,
  0xF9EF, 0xFDA7, 0x07A0, 0x1080,  0x10CE, 0x0916, 0x019F, 0xFED3,
  0x0631, 0x0CCD, 0x11B3, 0x16B1,  0x1D58, 0x2651, 0x2851, 0x21E7,
  0x141D, 0x0BFC, 0x116C, 0x1B2C,  0x1EB1, 0x1A64, 0x16A6, 0x1A0D,
  0x1F40, 0x1FE6, 0x18D4, 0x0CD2,  0x014B, 0xF28B, 0xEA31, 0xDF00,
  0xD819, 0xD960, 0xE2FC, 0xEF2C,  0xF034, 0xEAC3, 0xE267, 0xE2B6,
  0xE615, 0xE22C, 0xD76B, 0xCD1F,  0xCA10, 0xD38C, 0xE0F0, 0xF06A,
  0xFBF1, 0x086F, 0x0AF8, 0x0A0A,  0x0750, 0x01D4, 0xFFBC, 0xFC4E,
  0x0090, 0x0366, 0x07FF, 0x0DC9,  0x13AB, 0x164D, 0x1170, 0x0851,
  0x04B2, 0x0675, 0x0DE3, 0x1521,  0x1DDF, 0x235D, 0x2333, 0x1E6F,
  0x17EF, 0x14AC, 0x10A5, 0x12F4,  0x1880, 0x1E5B, 0x1E7B, 0x1B4B,
  0x1B61, 0x17ED, 0x0DAA, 0x0058,  0xF6BA, 0xF30A, 0xEFD8, 0xEDCC,
  0xE86D, 0xE445, 0xE178, 0xE329,  0xE3CE, 0xE23E, 0xE097, 0xE0DA,
  0xE0C9, 0xD777, 0xCF49, 0xCB81,  0xD1FB, 0xD760, 0xE325, 0xF804,
  0x101B, 0x1494, 0x0EB8, 0x0B7E,  0x05CD, 0x038A, 0xFA5A, 0xFC5C,
  0xFDCA, 0x0758, 0x0D8D, 0x0E82,  0x0FB1, 0x092C, 0x0724, 0x074D,
  0x0ABB, 0x0CDC, 0x1719, 0x2124,  0x26E7, 0x24D9, 0x1ECD, 0x16E4,
  0x125B, 0x1086, 0x12B6, 0x1A38,  0x1B65, 0x1C6E, 0x2050, 0x271F,
  0x1F10, 0x0EB6, 0xFFF9, 0xF7BA,  0xF739, 0xEFAB, 0xE943, 0xE693,
  0xE5D3, 0xE668, 0xE5D2, 0xE854,  0xE764, 0xE482, 0xE1C9, 0xE322,
  0xDE11, 0xCDE5, 0xC1DD, 0xC433,  0xD363, 0xDE13, 0xEB53, 0x007A,
  0x15AF, 0x14D7, 0x0E36, 0x0AFD,  0x05AE, 0xFEF1, 0xF7D0, 0xFB52,
  0x0005, 0x0853, 0x0901, 0x0B4C,  0x0DD2, 0x0B79, 0x07E7, 0x08B6,
  0x0D81, 0x1273, 0x1B0D, 0x216D,  0x244C, 0x1F7B, 0x18BC, 0x15C3,
  0x19AE, 0x1ACB, 0x1C9C, 0x20FB,  0x2077, 0x1C4B, 0x1853, 0x13A5,
  0x0FC4, 0x0DDA, 0x0A25, 0x023D,  0xF75A, 0xECB5, 0xE8FA, 0xE397,
  0xDEE0, 0xDE97, 0xE13F, 0xE88C,  0xEC87, 0xEA10, 0xE3B7, 0xE1BA,
  0xDBBD, 0xD3FC, 0xCB3C, 0xC969,  0xCD72, 0xDB09, 0xED79, 0x0326,
  0x1110, 0x1099, 0x0D39, 0x0705,  0x0631, 0x03FE, 0x0184, 0xFC31,
  0xFF7E, 0x077C, 0x0CA8, 0x0E8F,  0x0CB2, 0x0B2C, 0x0A65, 0x09E6,
  0x0C6E, 0x1307, 0x181B, 0x1E06,  0x22D3, 0x2207, 0x1CDA, 0x1787,
  0x155A, 0x17FA, 0x1AC6, 0x1CBF,  0x1DEA, 0x1E74, 0x1A5A, 0x173A,
  0x1664, 0x105A, 0x062C, 0xF863,  0xF156, 0xEC24, 0xE642, 0xDE85,
  0xDDC8, 0xE61D, 0xEC48, 0xEF66,  0xE7D5, 0xE056, 0xDD9C, 0xDD0A,
  0xD503, 0xCA55, 0xC269, 0xC7FF,  0xD61A, 0xE7EA, 0xFF16, 0x0F6E,
  0x16D3, 0x0E4F, 0x07D2, 0xFF87,  0xFA65, 0xFAE7, 0xFC25, 0x02C3,
  0x0A40, 0x1038, 0x12B0, 0x0FD8,  0x09CA, 0x03FA, 0x0031, 0x058E,
  0x0EAB, 0x1C6C, 0x2335, 0x25F0,  0x269D, 0x222A, 0x18E9, 0x0EA2,
  0x0DEC, 0x11D3, 0x1B97, 0x2395,  0x2586, 0x2404, 0x1D44, 0x1828,
  0x12D4, 0x0B05, 0x00D0, 0xF5F0,  0xF317, 0xF0A0, 0xEDD2, 0xE3AD,
  0xDC9B, 0xDF3F, 0xE759, 0xECD9,  0xEA1E, 0xE10D, 0xD85C, 0xD8D3,
  0xD8D4, 0xD2C5, 0xC924, 0xC96D,  0xD186, 0xE2D3, 0xF66A, 0x0AA4,
  0x0DD4, 0x0954, 0x06E4, 0x0370,  0x0322, 0xFE04, 0xFC20, 0xFC43,
  0x076C, 0x1123, 0x0FD0, 0x0CCD,  0x0A79, 0x0CD3, 0x0DA3, 0x0867,
  0x0A56, 0x1057, 0x199F, 0x1EA3,  0x2160, 0x21FB, 0x1E96, 0x1D09,
  0x1A3B, 0x19FC, 0x1863, 0x1A29,  0x1DE6, 0x208D, 0x1D4D, 0x1784,
  0x162F, 0x11F4, 0x08DD, 0xFBED,  0xF15A, 0xEBD6, 0xE784, 0xE69C,
  0xE53A, 0xE69E, 0xE75D, 0xEBE4,  0xEA23, 0xE2A3, 0xDB78, 0xD8A5,
  0xD519, 0xCA26, 0xC522, 0xC5DF,  0xD592, 0xDFC0, 0xF0D9, 0x0363,
  0x0F67, 0x0E55, 0x0A8D, 0x0BD4,  0x0396, 0x00B9, 0xFB23, 0xFEDC,
  0x0283, 0x07A8, 0x0A41, 0x0B76,  0x0BBB, 0x0769, 0x0761, 0x07CF,
  0x09E1, 0x0E00, 0x17F8, 0x20FB,  0x27F8, 0x27D9, 0x25C0, 0x22D6,
  0x1CB7, 0x16C3, 0x14E2, 0x1809,  0x1964, 0x1C51, 0x1E79, 0x1E8C,
  0x1D05, 0x19CE, 0x10C5, 0x037A,  0xF5A0, 0xE9EF, 0xE594, 0xE24A,
  0xE1E3, 0xE56C, 0xEA6D, 0xEEEC,  0xEE65, 0xE7A6, 0xDCBC, 0xD828,
  0xD8FE, 0xD30C, 0xCB60, 0xC5AA,  0xC66A, 0xD1A0, 0xDBA0, 0xECEB,
  0x05BC, 0x1183, 0x0ED0, 0x0B49,  0x0813, 0x06E0, 0x02B0, 0xFC40,
  0xFC12, 0x02F3, 0x0EE4, 0x1217,  0x116F, 0x0B9F, 0x05DD, 0x0330,
  0x023A, 0x032F, 0x09C0, 0x18F8,  0x287A, 0x31FE, 0x2E62, 0x2661,
  0x1F62, 0x1AE1, 0x1235, 0x0FB7,  0x16E6, 0x1FA7, 0x23F4, 0x23DC,
  0x229D, 0x1D54, 0x11FA, 0x0228,  0xF8E9, 0xF278, 0xEE96, 0xEBB1,
  0xEB5D, 0xE956, 0xE77B, 0xE513,  0xE05C, 0xE09A, 0xDEC1, 0xDCD7,
  0xDAA7, 0xD77E, 0xD0AC, 0xCC1A,  0xCC9C, 0xD128, 0xD974, 0xDF35,
  0xF15E, 0x03D2, 0x0F25, 0x0E37,  0x09B8, 0x08A2, 0x0504, 0x0639,
  0xFFB5, 0xFE9B, 0x0283, 0x0859,  0x0C99, 0x0DDE, 0x093C, 0x0756,
  0x0C89, 0x0DA1, 0x0F1D, 0x10B6,  0x1788, 0x1E30, 0x2321, 0x21F9,
  0x209B, 0x217A, 0x2226, 0x222C,  0x2102, 0x1E3E, 0x1BF7, 0x1CE9,
  0x1BCD, 0x1AC0, 0x16B3, 0x10E2,  0x08B4, 0xFF28, 0xF462, 0xEB23,
  0xE704, 0xE5BB, 0xE702, 0xEA15,  0xEBB8, 0xEC70, 0xE9B6, 0xE344,
  0xDC60, 0xD68D, 0xD046, 0xC9D6,  0xC694, 0xCA44, 0xD1AC, 0xD5BF,
  0xDBB6, 0xE792, 0x0153, 0x0D98,  0x0BE8, 0x0B45, 0x0F81, 0x1312,
  0x09CF, 0xFDB0, 0xF601, 0xFE8D,  0x05A9, 0x06B9, 0x08CA, 0x09AF,
  0x0DE4, 0x0FF6, 0x0DB2, 0x092A,  0x09B0, 0x1482, 0x1DF9, 0x26C2,
  0x271E, 0x282C, 0x2986, 0x26F7,  0x20DE, 0x1A58, 0x19F9, 0x1A03,
  0x1E31, 0x1F19, 0x1FF8, 0x1A22,  0x1492, 0x0B81, 0x0108, 0xF4A6,
  0xE91C, 0xE65E, 0xEB6D, 0xF1A1,  0xF114, 0xEA7F, 0xE3DC, 0xE28A,
  0xE130, 0xDE28, 0xD6D1, 0xD3A0,  0xD153, 0xCF0E, 0xCCE8, 0xCD5E,
  0xCED9, 0xD91E, 0xDEF0, 0xEBEB,  0xFE2A, 0x0A4C, 0x0F28, 0x0DA7,
  0x118D, 0x0DDD, 0x073B, 0xFF77,  0xFF85, 0x052E, 0x0835, 0x060C,
  0x0825, 0x0B4E, 0x0B4E, 0x0A68,  0x094E, 0x0CED, 0x1332, 0x181F,
  0x1EF3, 0x25E4, 0x285D, 0x2836,  0x2617, 0x24B0, 0x1FD7, 0x1A1D,
  0x1874, 0x188B, 0x17EA, 0x16A5,  0x175C, 0x1967, 0x174B, 0x0FB8,
  0x04F6, 0xFA5A, 0xF0C5, 0xE933,  0xE4FB, 0xE812, 0xEC5A, 0xF2A4,
  0xEF33, 0xE91D, 0xE3F2, 0xDE11,  0xD50B, 0xCA91, 0xC97C, 0xC80E,
  0xC6ED, 0xC780, 0xD47A, 0xE002,  0xEB1A, 0xEED2, 0x0237, 0x12D8,
  0x0F3A, 0x0AE6, 0x0940, 0x1100,  0x04CB, 0xFA6E, 0xF8E2, 0x053C,
  0x0775, 0x0329, 0x092C, 0x0DB0,  0x1167, 0x099E, 0x0A79, 0x0B69,
  0x0EE5, 0x12B0, 0x196B, 0x2539,  0x289F, 0x2A29, 0x29E4, 0x2CE6,
  0x2474, 0x1A03, 0x1664, 0x17C6,  0x1960, 0x1564, 0x1429, 0x13CE,
  0x143C, 0x0EFE, 0x08BB, 0x00F2,  0xF7C1, 0xEF90, 0xEBA8, 0xED45,
  0xED98, 0xEDD7, 0xED8A, 0xEE2D,  0xEAFD, 0xE12F, 0xD5BE, 0xD0E8,
  0xD1C2, 0xCE6A, 0xC958, 0xC911,  0xCFE8, 0xDAC9, 0xDE62, 0xE0B5,
  0xF04E, 0xFF74, 0x07C7, 0x0575,  0x0937, 0x1188, 0x0E45, 0x08D8,
  0x010A, 0x02F9, 0x0330, 0xFE6A,  0xFBFC, 0x014F, 0x0743, 0x07F4,
  0x0AC1, 0x0E6D, 0x148D, 0x1688,  0x1907, 0x1E62, 0x228E, 0x234F,
  0x22F3, 0x24EF, 0x258E, 0x22F1,  0x2080, 0x204F, 0x1E47, 0x1CBA,
  0x1A75, 0x1727, 0x14E9, 0x0FE3,  0x0B2E, 0x053B, 0xFF7D, 0xF8CC,
  0xF636, 0xF450, 0xF170, 0xF089,  0xF116, 0xF21A, 0xECCC, 0xE730,
  0xDF71, 0xDD58, 0xD823, 0xD2B8,  0xCFB4, 0xCE06, 0xCA92, 0xC68D,
  0xC919, 0xCF65, 0xDA7A, 0xE34B,  0xF7ED, 0x0887, 0x11A8, 0x1221,
  0x107E, 0x0F03, 0x03D2, 0xFC17,  0xF4E8, 0xF96F, 0xFE61, 0x0135,
  0x065E, 0x0D6C, 0x1248, 0x0F71,  0x0F24, 0x0D50, 0x0FA1, 0x109F,
  0x158A, 0x1DA8, 0x2438, 0x2924,  0x2A2B, 0x2C95, 0x290F, 0x2560,
  0x1F64, 0x1BE3, 0x1959, 0x1997,  0x19E4, 0x171E, 0x1586, 0x127D,
  0x0FA3, 0x0831, 0x0013, 0xF8D8,  0xF725, 0xF439, 0xF046, 0xEDAC,
  0xF066, 0xF2E3, 0xF01D, 0xE770,  0xDFE6, 0xDB6D, 0xD3CF, 0xCE2F,
  0xCB42, 0xCBC3, 0xCB38, 0xCC39,  0xCCE7, 0xD4D3, 0xDB13, 0xE42F,
  0xF200, 0xFFCE, 0x0668, 0x07DF,  0x0B65, 0x0AA2, 0x080B, 0xFE5F,
  0xFD0D, 0x0036, 0x0210, 0x01AB,  0x03C8, 0x0B1F, 0x0F0C, 0x0D73,
  0x0CA8, 0x1011, 0x12EC, 0x1501,  0x1794, 0x1F38, 0x2676, 0x2880,
  0x28C1, 0x2A8F, 0x2B08, 0x25B1,  0x20DC, 0x1F15, 0x1B5C, 0x18D7,
  0x1796, 0x14D2, 0x1241, 0x0F2A,  0x0BDF, 0x0AE4, 0x0747, 0xFFE1,
  0xFB59, 0xF847, 0xF4D4, 0xF0E4,  0xECF3, 0xEE30, 0xEC38, 0xE8E9,
  0xE116, 0xDBA8, 0xD909, 0xD2CC,  0xCD57, 0xC8E2, 0xC99F, 0xC6B0,
  0xC614, 0xC97E, 0xD6CC, 0xDE2F,  0xE9AA, 0xF945, 0x0971, 0x105B,
  0x0C28, 0x0FC6, 0x0BFA, 0x0922,  0xFC10, 0xF756, 0xFA11, 0xFCAA,
  0xFCA9, 0xFF6D, 0x09A3, 0x0DDB,  0x10EF, 0x100C, 0x1645, 0x18C9,
  0x193C, 0x1C53, 0x22F3, 0x2A47,  0x29D7, 0x2B5A, 0x2E15, 0x2EFF,
  0x2872, 0x21DB, 0x1E1F, 0x1957,  0x168E, 0x117D, 0x0EA2, 0x0BE2,
  0x0ADF, 0x0AA7, 0x09BC, 0x06E7,  0x005A, 0xFE67, 0xFD4A, 0xFA28,
  0xF3DB, 0xF07B, 0xF09D, 0xEF08,  0xE841, 0xDEC2, 0xDA0B, 0xD846,
  0xD2CA, 0xCC87, 0xCA38, 0xCA4D,  0xC998, 0xC80C, 0xCB38, 0xD3D7,
  0xDBE2, 0xDFF9, 0xEF8A, 0x013F,  0x0AA8, 0x0CD5, 0x0E0E, 0x13E7,
  0x1066, 0x063E, 0xFA3D, 0xF9AB,  0xFB11, 0xF8EB, 0xF903, 0xFF28,
  0x09C1, 0x0D4A, 0x115C, 0x1545,  0x1AAC, 0x1E48, 0x20B5, 0x24D6,
  0x2957, 0x2B4D, 0x2B61, 0x2CE6,  0x2B45, 0x27B3, 0x2364, 0x2085,
  0x1AA6, 0x145E, 0x1382, 0x12CD,  0x1023, 0x0D53, 0x0CA5, 0x0E39,
  0x0BEF, 0x0432, 0xFF5F, 0xFFCE,  0xFE46, 0xF8E1, 0xF4FC, 0xF501,
  0xF59B, 0xF0C0, 0xE81B, 0xE0A8,  0xDA8E, 0xD3E0, 0xCC5A, 0xC7D9,
  0xC694, 0xC759, 0xC684, 0xC832,  0xCBA9, 0xD28A, 0xD7A2, 0xDCC6,
  0xEC91, 0xF9C2, 0x0339, 0x053C,  0x08E4, 0x0F67, 0x0C5B, 0x05C7,
  0xFF46, 0xFF4C, 0xFFE5, 0xFC68,  0xFC31, 0x0239, 0x080B, 0x0AC3,
  0x0E74, 0x1297, 0x19D9, 0x1B56,  0x1D23, 0x235B, 0x2828, 0x2AB6,
  0x2A3A, 0x2CF3, 0x2E69, 0x2D5B,  0x28FC, 0x2616, 0x2063, 0x1B1F,
  0x17BE, 0x13AE, 0x1014, 0x0BD5,  0x0C34, 0x0AC1, 0x09BC, 0x06DF,
  0x0486, 0x05B4, 0x05CD, 0x0248,  0xFC2A, 0xF793, 0xF2E9, 0xED83,
  0xE84D, 0xE172, 0xDCE0, 0xD76E,  0xD21D, 0xCE30, 0xCA3E, 0xC963,
  0xC973, 0xCCA7, 0xCA9A, 0xCC6C,  0xCE1D, 0xD380, 0xD910, 0xDFF5,
  0xED30, 0xF6A0, 0xFF50, 0x05A5,  0x0CFE, 0x102E, 0x1125, 0x0C79,
  0x0B43, 0x0A43, 0x0618, 0x03B4,  0x0390, 0x06F0, 0x0A06, 0x0C1D,
  0x0EF1, 0x14F9, 0x1B3D, 0x200B,  0x2454, 0x297D, 0x2C94, 0x2DE7,
  0x2DB2, 0x2C74, 0x2B1F, 0x289D,  0x2553, 0x2274, 0x1C9B, 0x18C2,
  0x15ED, 0x124F, 0x0DCA, 0x097A,  0x07AB, 0x05E3, 0x038D, 0x00D1,
  0x048C, 0x07A8, 0x0722, 0x030E,  0xFD79, 0xF8AF, 0xF259, 0xE8C8,
  0xE0C6, 0xDCBE, 0xD8CA, 0xD5B1,  0xD110, 0xD145, 0xD085, 0xCE71,
  0xCBE3, 0xC9E3, 0xC77A, 0xC416,  0xC331, 0xC589, 0xCDB6, 0xD5CD,
  0xE60E, 0xF77D, 0x0425, 0x1029,  0x1762, 0x1E24, 0x1C27, 0x155F,
  0x10F2, 0x0B68, 0x0867, 0x01F3,  0x0156, 0x056C, 0x07CC, 0x09A3,
  0x0DDB, 0x147A, 0x1BFA, 0x2113,  0x255B, 0x2DD7, 0x31D1, 0x3326,
  0x3179, 0x3020, 0x2DC7, 0x2884,  0x2181, 0x1C5B, 0x1888, 0x1276,
  0x0E18, 0x0B85, 0x0A04, 0x0936,  0x0896, 0x0833, 0x080D, 0x0662,
  0x04EB, 0x03A2, 0x0307, 0x0171,  0xFEAD, 0xFD4F, 0xF937, 0xF349,
  0xECEB, 0xE61D, 0xE0E5, 0xDB00,  0xD373, 0xD131, 0xCEE7, 0xCCF2,
  0xCAEB, 0xC8EB, 0xCB37, 0xC8DB,  0xC588, 0xC44F, 0xC908, 0xCF17,
  0xD6AA, 0xDF46, 0xF321, 0x03E3,  0x0BF8, 0x144F, 0x1A68, 0x2209,
  0x1C21, 0x14CB, 0x0DD5, 0x0BFC,  0x078A, 0x00DC, 0x0225, 0x06AC,
  0x0CE0, 0x0F7F, 0x147C, 0x1B2B,  0x2209, 0x262D, 0x29B6, 0x2DC3,
  0x2FB3, 0x2F60, 0x2CFB, 0x2A33,  0x253E, 0x20E1, 0x1BC4, 0x1687,
  0x108F, 0x0AD9, 0x0A27, 0x091E,  0x075C, 0x066A, 0x07AE, 0x0905,
  0x08BE, 0x07D0, 0x08F9, 0x0A17,  0x0899, 0x0492, 0x00F6, 0xFDD2,
  0xF8C3, 0xF220, 0xECA7, 0xE83B,  0xE3AC, 0xDE0B, 0xD92C, 0xD7AC,
  0xD45B, 0xD1F7, 0xCF6C, 0xD0D2,  0xD09C, 0xD02C, 0xD0B2, 0xD1F5,
  0xD0AC, 0xCFF7, 0xD095, 0xD4B5,  0xDB7E, 0xE162, 0xF063, 0xFC43,
  0x07C4, 0x1022, 0x17E4, 0x1DC5,  0x1EC4, 0x1BC9, 0x184B, 0x1551,
  0x106B, 0x0B06, 0x07AC, 0x0942,  0x0ABD, 0x0D46, 0x10BE, 0x16E2,
  0x1E6C, 0x23AA, 0x272C, 0x2BC3,  0x2DB8, 0x2DA4, 0x2AE9, 0x26F2,
  0x23F4, 0x1FAF, 0x1AD4, 0x165D,  0x118D, 0x0BDA, 0x08AC, 0x05DB,
  0x027B, 0x0197, 0x01DA, 0x02E0,  0x04D6, 0x06C2, 0x0904, 0x0A73,
  0x0A3B, 0x0849, 0x0674, 0x0369,  0xFED3, 0xF989, 0xF479, 0xF081,
  0xEAA1, 0xE5F0, 0xDF45, 0xDC6A,  0xD8AF, 0xD4FC, 0xD11E, 0xCF25,
  0xD14E, 0xD181, 0xD31C, 0xD16C,  0xD20A, 0xCDF6, 0xCCE4, 0xCAF7,
  0xCFFC, 0xD689, 0xDEBC, 0xEEC1,  0xFD8A, 0x0BD9, 0x10C4, 0x1ABD,
  0x1D39, 0x1E19, 0x1913, 0x131F,  0x12B3, 0x0DB0, 0x0A79, 0x068E,
  0x0956, 0x0BBF, 0x0E36, 0x10A1,  0x1577, 0x1D55, 0x2278, 0x2681,
  0x2A9B, 0x2EEC, 0x2F46, 0x2C57,  0x28D2, 0x25B8, 0x21F6, 0x1B8A,
  0x14C9, 0x0FB8, 0x0A49, 0x0595,  0x0228, 0xFF75, 0xFFB5, 0x020C,
  0x0450, 0x07E0, 0x0A20, 0x0D81,  0x10DB, 0x10DC, 0x0EDE, 0x0BC0,
  0x08F4, 0x033F, 0xFD87, 0xF75F,  0xF2EA, 0xF174, 0xECD7, 0xE7F3,
  0xE458, 0xE107, 0xDD42, 0xD997,  0xD569, 0xD3C9, 0xD251, 0xD07D,
  0xCE4A, 0xCB8C, 0xCD0D, 0xCCFF,  0xCBDE, 0xCC4E, 0xCFDC, 0xD7BA,
  0xDFB8, 0xE54D, 0xF3D8, 0x015E,  0x0A22, 0x0DDA, 0x10B6, 0x17AB,
  0x16A7, 0x136D, 0x0EEF, 0x1043,  0x1098, 0x0BA8, 0x092B, 0x0CE0,
  0x119B, 0x1421, 0x1755, 0x1C6C,  0x24F7, 0x298F, 0x2B25, 0x2E2A,
  0x3014, 0x2F59, 0x2AC1, 0x2530,  0x2142, 0x1C29, 0x1676, 0x1046,
  0x0B8A, 0x0769, 0x040E, 0x01A6,  0x00F5, 0x012E, 0x0390, 0x07AD,
  0x0B82, 0x0E96, 0x0FED, 0x1289,  0x139B, 0x1129, 0x0DA5, 0x0A57,
  0x0621, 0x0012, 0xF89A, 0xF2D0,  0xEFB5, 0xEC23, 0xE724, 0xE3DF,
  0xE31D, 0xE1DA, 0xDFFD, 0xDEA2,  0xDE17, 0xDC3E, 0xD73C, 0xD2AA,
  0xCFF1, 0xCD7F, 0xCADC, 0xCA09,  0xCB1D, 0xCB00, 0xCAA4, 0xCCD6,
  0xD27F, 0xDA50, 0xE230, 0xEC88,  0xFBB8, 0x04A9, 0x0B0E, 0x1251,
  0x179C, 0x1B87, 0x1A93, 0x19FD,  0x1B39, 0x19D9, 0x1500, 0x1261,
  0x1315, 0x1519, 0x1637, 0x17D7,  0x1DBD, 0x22FE, 0x26DE, 0x290F,
  0x2B71, 0x2E9A, 0x2D65, 0x2A07,  0x27DC, 0x25E5, 0x223D, 0x1D31,
  0x1723, 0x12DE, 0x0D19, 0x05DF,  0x012F, 0xFD2C, 0xFC89, 0xFC60,
  0xFDDA, 0x031D, 0x0841, 0x0B80,  0x0F76, 0x127B, 0x1282, 0x0FD0,
  0x0B15, 0x074B, 0x01CF, 0xFC89,  0xF867, 0xF5E8, 0xF4B4, 0xF0E4,
  0xEB4F, 0xE6E5, 0xE20E, 0xDD2C,  0xD962, 0xD72C, 0xD7A9, 0xD736,
  0xD45F, 0xD1DE, 0xD010, 0xCDDD,  0xC929, 0xC590, 0xC670, 0xC7A6,
  0xC766, 0xC973, 0xD111, 0xDA7A,  0xE3D2, 0xEC8A, 0xFB3C, 0x082E,
  0x0F81, 0x159B, 0x1B85, 0x20AF,  0x2090, 0x1E77, 0x1CE6, 0x1D74,
  0x1A5C, 0x16BD, 0x1631, 0x1905,  0x1C75, 0x1D88, 0x1FBA, 0x24A5,
  0x28D1, 0x29DE, 0x2A51, 0x2B95,  0x2D08, 0x2A92, 0x2630, 0x227B,
  0x1F1F, 0x19FB, 0x138D, 0x0EA6,  0x0A40, 0x056F, 0x009C, 0xFE0B,
  0xFDA0, 0xFE85, 0x0078, 0x03C6,  0x07F9, 0x0B02, 0x0CBB, 0x0E4D,
  0x0F71, 0x0DF7, 0x0C0F, 0x09F2,  0x072B, 0x0433, 0xFF1E, 0xF9CE,
  0xF56D, 0xF024, 0xEA94, 0xE648,  0xE339, 0xE1AC, 0xDF8E, 0xDD4C,
  0xDBD1, 0xD9C2, 0xD6D4, 0xD38A,  0xCF0F, 0xCC6A, 0xC993, 0xC7EF,
  0xC71A, 0xC6A7, 0xC9AA, 0xCB57,  0xCDE2, 0xD192, 0xD783, 0xDED0,
  0xE725, 0xEF9C, 0xFDB6, 0x088B,  0x0EC4, 0x154B, 0x19E3, 0x1F53,
  0x203A, 0x20B5, 0x21E4, 0x23B2,  0x21ED, 0x1F4D, 0x1EC6, 0x208B,
  0x216F, 0x20AE, 0x21AA, 0x238E,  0x25B3, 0x262C, 0x262E, 0x2724,
  0x2793, 0x2503, 0x2210, 0x1EFE,  0x1C7F, 0x1A00, 0x15EA, 0x11F5,
  0x0E78, 0x0940, 0x0533, 0x0226,  0x0077, 0x00BF, 0x015F, 0x03DD,
  0x0640, 0x0767, 0x089E, 0x0A6F,  0x0C02, 0x0BDA, 0x09F0, 0x07FE,
  0x068A, 0x0342, 0xFEBE, 0xFA46,  0xF703, 0xF37F, 0xEE83, 0xEA90,
  0xE7E2, 0xE5DA, 0xE243, 0xDE8B,  0xDBA1, 0xD91C, 0xD67D, 0xD402,
  0xD2F3, 0xD217, 0xD020, 0xCE5C,  0xCCCB, 0xCCD5, 0xCCA3, 0xCDF4,
  0xCFE1, 0xD154, 0xD328, 0xD586,  0xDA3B, 0xE04D, 0xE78A, 0xF134,
  0xFE3F, 0x07AD, 0x0FD1, 0x1784,  0x1EB1, 0x24BC, 0x26ED, 0x277A,
  0x286D, 0x27E5, 0x2554, 0x230A,  0x2207, 0x22B5, 0x22D6, 0x2214,
  0x2179, 0x220B, 0x2380, 0x243C,  0x2392, 0x241E, 0x236E, 0x21B9,
  0x1E5C, 0x1B1B, 0x19AA, 0x17E5,  0x14B7, 0x11E7, 0x0F07, 0x0CEE,
  0x0B25, 0x0755, 0x049C, 0x02F8,  0x028D, 0x0267, 0x02DD, 0x0440,
  0x05E4, 0x0802, 0x0909, 0x0803,  0x06B1, 0x0567, 0x03CB, 0x01AF,
  0xFE8D, 0xFB2E, 0xF8AA, 0xF48F,  0xF041, 0xEBD1, 0xE7FD, 0xE574,
  0xE34F, 0xE241, 0xE0F6, 0xDEBD,  0xDBA0, 0xD83A, 0xD5ED, 0xD360,
  0xD1A7, 0xD086, 0xD01F, 0xD088,  0xCFD9, 0xD04D, 0xD0C1, 0xD26F,
  0xD44A, 0xD60C, 0xD702, 0xDA8A,  0xDED9, 0xE6DE, 0xF0F7, 0xFB9D,
  0x06F2, 0x0FE6, 0x1701, 0x1D6E,  0x2216, 0x2493, 0x26A6, 0x247A,
  0x24E0, 0x23E9, 0x22D5, 0x2220,  0x219E, 0x227A, 0x2292, 0x2202,
  0x21E7, 0x22E0, 0x23EE, 0x245C,  0x2305, 0x218D, 0x1F35, 0x1CC5,
  0x1A3C, 0x1812, 0x1582, 0x13CA,  0x1238, 0x107C, 0x0EA9, 0x0CFD,
  0x0C15, 0x0A6E, 0x079F, 0x0501,  0x0391, 0x02F3, 0x02F9, 0x02C5,
  0x0447, 0x0622, 0x067F, 0x0625,  0x04E6, 0x03BB, 0x026C, 0xFFEC,
  0xFD42, 0xFA52, 0xF7F9, 0xF562,  0xF1BD, 0xEEE7, 0xEC89, 0xEA86,
  0xE812, 0xE567, 0xE373, 0xE126,  0xDE38, 0xDAE0, 0xD80A, 0xD649,
  0xD569, 0xD42A, 0xD301, 0xD375,  0xD48A, 0xD5C4, 0xD5C8, 0xD64E,
  0xD7C6, 0xD891, 0xD8AD, 0xDA0F,  0xDD69, 0xE291, 0xE9DB, 0xF36A,
  0xFF03, 0x074B, 0x0D5A, 0x1324,  0x18DC, 0x1CC2, 0x1E77, 0x1F19,
  0x1F71, 0x1FD5, 0x2006, 0x2002,  0x1FCC, 0x2082, 0x2110, 0x20EF,
  0x2054, 0x2039, 0x21DE, 0x22C2,  0x21EF, 0x20CD, 0x1EAA, 0x1C9F,
  0x1AC1, 0x1878, 0x1766, 0x168D,  0x1536, 0x13D1, 0x117C, 0x0FC1,
  0x0EE9, 0x0CFC, 0x0ABA, 0x0884,  0x06D5, 0x064D, 0x053E, 0x04A8,
  0x04C2, 0x0546, 0x05F2, 0x05B7,  0x04B8, 0x03EF, 0x02F4, 0x026B,
  0x00A8, 0xFE4D, 0xFC1A, 0xFA31,  0xF89C, 0xF6D4, 0xF4B9, 0xF25F,
  0xF09F, 0xEEFB, 0xED81, 0xEB82,  0xE8CA, 0xE660, 0xE431, 0xE0F8,
  0xDECC, 0xDCCD, 0xDBC8, 0xDB60,  0xDA8C, 0xDA20, 0xD9A6, 0xD924,
  0xD9E5, 0xD9D7, 0xD9BF, 0xD8EB,  0xD7A0, 0xD720, 0xD76A, 0xD9FC,
  0xDE8C, 0xE6D0, 0xF1CF, 0xFC06,  0x0255, 0x06B0, 0x0B36, 0x0FFC,
  0x12E1, 0x151A, 0x1695, 0x17FB,  0x198E, 0x1AC2, 0x1C36, 0x1D18,
  0x1E03, 0x1F37, 0x1FE9, 0x2038,  0x20B7, 0x226D, 0x23F6, 0x2381,
  0x21CB, 0x1F8E, 0x1DD5, 0x1C56,  0x1B34, 0x1A60, 0x199F, 0x181F,
  0x1692, 0x152B, 0x132B, 0x10B7,  0x0E82, 0x0C51, 0x0A5C, 0x0863,
  0x0774, 0x074E, 0x0688, 0x067E,  0x069A, 0x0631, 0x05B3, 0x04FE,
  0x0504, 0x04A7, 0x02CA, 0x0100,  0xFF44, 0xFDCF, 0xFCE8, 0xFB84,
  0xF9A6, 0xF847, 0xF69E, 0xF55D,  0xF399, 0xF1EC, 0xF03F, 0xEE65,
  0xECB8, 0xEA65, 0xE83B, 0xE5F2,  0xE401, 0xE24A, 0xE06D, 0xDF1A,
  0xDE27, 0xDC81, 0xDB3F, 0xDA37,  0xD9D3, 0xD961, 0xD83C, 0xD884,
  0xD89E, 0xD837, 0xD852, 0xD97D,  0xDD27, 0xE0D0, 0xE622, 0xEE13,
  0xF49A, 0xF90D, 0xFCD5, 0x0050,  0x0439, 0x06B1, 0x09D3, 0x0E4D,
  0x1094, 0x1364, 0x1652, 0x1976,  0x1BEB, 0x1D31, 0x1FD8, 0x22C3,
  0x245E, 0x25FE, 0x282C, 0x29B5,  0x299A, 0x2892, 0x275E, 0x25AF,
  0x23D8, 0x2289, 0x21EB, 0x20EE,  0x1E9D, 0x1CB9, 0x1AF3, 0x18C0,
  0x1596, 0x1263, 0x1039, 0x0D6C,  0x0AC4, 0x08D2, 0x0710, 0x0512,
  0x03C8, 0x0392, 0x033B, 0x025D,  0x016A, 0x0092, 0xFFD4, 0xFE2F,
  0xFC52, 0xFB9F, 0xFA61, 0xF9C7,  0xF97F, 0xF891, 0xF7B8, 0xF673,
  0xF5BD, 0xF50A, 0xF418, 0xF39A,  0xF2BF, 0xF20B, 0xF0DD, 0xEF34,
  0xEDA5, 0xEBBE, 0xE999, 0xE704,  0xE477, 0xE2BE, 0xE0CE, 0xDF6E,
  0xDE99, 0xDE0C, 0xDD99, 0xDD45,  0xDC6F, 0xDB07, 0xDA04, 0xD84F,
  0xD63C, 0xD556, 0xD5B7, 0xD812,  0xDCDB, 0xE226, 0xE971, 0xEDF6,
  0xF07C, 0xF49B, 0xF804, 0xFBBA,  0xFFF9, 0x0430, 0x08D4, 0x0CE9,
  0x108C, 0x1629, 0x1A19, 0x1D19,  0x20D2, 0x24C4, 0x2833, 0x2B66,
  0x2E81, 0x3172, 0x3306, 0x32A1,  0x320B, 0x303D, 0x2D68, 0x2AD8,
  0x2872, 0x25F9, 0x2323, 0x1F82,  0x1D1C, 0x1A67, 0x174B, 0x144F,
  0x117F, 0x0F1E, 0x0C1F, 0x08EB,  0x0683, 0x040B, 0x01D6, 0x00BA,
  0x000A, 0x0017, 0xFF73, 0xFFE5,  0x0005, 0xFEE7, 0xFD77, 0xFBF9,
  0xFB98, 0xFB1A, 0xFA07, 0xF984,  0xF8B6, 0xF72B, 0xF6AD, 0xF56D,
  0xF452, 0xF32C, 0xF2AC, 0xF358,  0xF22E, 0xF135, 0xF001, 0xEDCB,
  0xEC29, 0xE9AA, 0xE75E, 0xE50A,  0xE2F3, 0xE22D, 0xDFEA, 0xDDFE,
  0xDC1A, 0xDAB4, 0xDA32, 0xD8DD,  0xD837, 0xD711, 0xD5C1, 0xD527,
  0xD4DE, 0xD685, 0xD90B, 0xDCA3,  0xE3DF, 0xE93B, 0xED1C, 0xF066,
  0xF34B, 0xF858, 0xFC4F, 0x014C,  0x0687, 0x0A5D, 0x0F36, 0x1480,
  0x196D, 0x1D59, 0x2034, 0x23B3,  0x27CE, 0x2AE5, 0x2D2C, 0x3002,
  0x3230, 0x3301, 0x326B, 0x30F5,  0x2E84, 0x2B6E, 0x28F0, 0x272D,
  0x24BE, 0x214B, 0x1E94, 0x1C3F,  0x199E, 0x160C, 0x12E2, 0x1047,
  0x0DCC, 0x0B38, 0x08A1, 0x063F,  0x02A8, 0xFFDF, 0xFEC7, 0xFDB9,
  0xFCF2, 0xFD0F, 0xFDA0, 0xFE15,  0xFD75, 0xFC06, 0xFB2B, 0xFA10,
  0xF95A, 0xF8CB, 0xF818, 0xF77C,  0xF717, 0xF702, 0xF65B, 0xF5B3,
  0xF452, 0xF3C4, 0xF3C4, 0xF2FD,  0xF23F, 0xF133, 0xF040, 0xEF1C,
  0xED78, 0xEC02, 0xEA1A, 0xE84D,  0xE6B2, 0xE4E1, 0xE354, 0xE201,
  0xE187, 0xE171, 0xE0E8, 0xDFEE,  0xDE93, 0xDD1F, 0xDC2D, 0xDAB6,
  0xDA3E, 0xDAF8, 0xDCC8, 0xE114,  0xE5ED, 0xEAFB, 0xEDA6, 0xEFAE,
  0xF29F, 0xF63E, 0xFA40, 0xFF21,  0x03FF, 0x07C9, 0x0BA9, 0x0FDA,
  0x148B, 0x1799, 0x1A5F, 0x1DC9,  0x20E9, 0x23EA, 0x26E7, 0x2A49,
  0x2C65, 0x2CD2, 0x2C83, 0x2B2B,  0x2902, 0x26C4, 0x253A, 0x23FA,
  0x2176, 0x1EC1, 0x1C68, 0x1A45,  0x1809, 0x1569, 0x135C, 0x1182,
  0x0EF8, 0x0CC4, 0x0A52, 0x073E,  0x0463, 0x0254, 0x0177, 0x00DA,
  0x00A6, 0x0101, 0x0133, 0x00CB,  0xFFF3, 0xFEF2, 0xFDE9, 0xFD43,
  0xFD27, 0xFCE3, 0xFCD0, 0xFC41,  0xFBA7, 0xFAFD, 0xF99A, 0xF8AA,
  0xF794, 0xF6C1, 0xF64E, 0xF560,  0xF4A9, 0xF342, 0xF1A2, 0xF077,
  0xEEC6, 0xED3D, 0xEC2B, 0xEA7E,  0xE898, 0xE6CA, 0xE53B, 0xE3B2,
  0xE2E8, 0xE266, 0xE197, 0xE103,  0xDFAA, 0xDE76, 0xDD87, 0xDC32,
  0xDB52, 0xDAD2, 0xDACA, 0xDD1D,  0xE042, 0xE4F9, 0xE9CB, 0xEC0D,
  0xEEB7, 0xF19A, 0xF540, 0xF97B,  0xFE27, 0x02A5, 0x067E, 0x0A5A,
  0x0F2D, 0x1369, 0x16CB, 0x19D8,  0x1D14, 0x2037, 0x22DC, 0x263C,
  0x28E2, 0x2B0D, 0x2BFB, 0x2C08,  0x2B45, 0x296B, 0x2791, 0x265E,
  0x245F, 0x2269, 0x1FF1, 0x1D56,  0x1B31, 0x188E, 0x164A, 0x13F4,
  0x11CB, 0x0F90, 0x0D17, 0x0A4E,  0x07D0, 0x04F6, 0x02CB, 0x0166,
  0x011A, 0x0075, 0x001F, 0x0069,  0xFFA4, 0xFEC3, 0xFE02, 0xFD48,
  0xFC51, 0xFB5F, 0xFB6E, 0xFBC3,  0xFB04, 0xFA89, 0xF9E2, 0xF8C3,
  0xF716, 0xF5C5, 0xF4E2, 0xF454,  0xF3BC, 0xF39C, 0xF339, 0xF16E,
  0xEFAC, 0xEE2A, 0xEC67, 0xEAB7,  0xE951, 0xE8A4, 0xE80D, 0xE6F6,
  0xE622, 0xE4EE, 0xE361, 0xE23E,  0xE1D5, 0xE124, 0xE037, 0xE01B,
  0xDFC4, 0xDED7, 0xDE00, 0xDDCF,  0xDF6D, 0xE17E, 0xE52E, 0xEA8F,
  0xEE38, 0xF074, 0xF383, 0xF756,  0xFABB, 0xFE58, 0x0311, 0x07B1,
  0x0ABF, 0x0E9B, 0x1358, 0x16FE,  0x1926, 0x1BAD, 0x1F7E, 0x224A,
  0x2479, 0x276B, 0x2A1C, 0x2B00,  0x2A62, 0x29EE, 0x2838, 0x2565,
  0x23BA, 0x22A4, 0x2193, 0x1EFD,  0x1CA5, 0x1AED, 0x1839, 0x1553,
  0x12B8, 0x1091, 0x0E70, 0x0C43,  0x0AD4, 0x08E4, 0x05DD, 0x0360,
  0x01A3, 0x0073, 0xFF28, 0xFE32,  0xFE2B, 0xFE1B, 0xFE31, 0xFDE8,
  0xFD18, 0xFBF6, 0xFA93, 0xFA1F,  0xF9CC, 0xF948, 0xF914, 0xF891,
  0xF82A, 0xF775, 0xF665, 0xF59D,  0xF4E7, 0xF451, 0xF3BA, 0xF307,
  0xF24F, 0xF151, 0xF05C, 0xEF70,  0xEDF8, 0xEC96, 0xEB6E, 0xEA6B,
  0xE9D9, 0xE916, 0xE83C, 0xE78F,  0xE658, 0xE548, 0xE46D, 0xE3B4,
  0xE337, 0xE27C, 0xE231, 0xE1B1,  0xE088, 0xE02A, 0xE0E1, 0xE2DA,
  0xE616, 0xEA2B, 0xEEBB, 0xF0FB,  0xF317, 0xF673, 0xF9D2, 0xFDB2,
  0x01A2, 0x060A, 0x09DA, 0x0D32,  0x114B, 0x1528, 0x17C4, 0x1A3F,
  0x1D80, 0x212B, 0x23C5, 0x265C,  0x293D, 0x2AC7, 0x2AC1, 0x2A0D,
  0x2908, 0x26CC, 0x24E2, 0x23E4,  0x231A, 0x211F, 0x1EBD, 0x1C63,
  0x19CC, 0x16BB, 0x140A, 0x11E0,  0x0FCB, 0x0D87, 0x0B74, 0x0979,
  0x0671, 0x0367, 0x00F0, 0xFF1A,  0xFD2D, 0xFBE8, 0xFB4E, 0xFB1F,
  0xFAE5, 0xFACC, 0xFA54, 0xF969,  0xF879, 0xF7DB, 0xF7AE, 0xF726,
  0xF6B5, 0xF64D, 0xF605, 0xF59A,  0xF557, 0xF4AC, 0xF405, 0xF383,
  0xF373, 0xF36B, 0xF309, 0xF25E,  0xF156, 0xF074, 0xEF9D, 0xEEBE,
  0xEDC3, 0xED0F, 0xEC30, 0xEB91,  0xEABF, 0xE987, 0xE878, 0xE75F,
  0xE6CB, 0xE66A, 0xE60A, 0xE555,  0xE469, 0xE3C5, 0xE36A, 0xE2CF,
  0xE2BC, 0xE3A5, 0xE579, 0xE867,  0xEBDE, 0xEFB0, 0xF22F, 0xF48A,
  0xF75A, 0xFB04, 0xFED8, 0x031A,  0x07AF, 0x0B2A, 0x0E6D, 0x11DA,
  0x15B8, 0x18BD, 0x1BFB, 0x1F78,  0x22B7, 0x255F, 0x27E7, 0x29E2,
  0x2AD4, 0x2A7F, 0x29A5, 0x2882,  0x26C0, 0x2568, 0x242C, 0x231A,
  0x20FC, 0x1E51, 0x1B77, 0x18BE,  0x15E6, 0x1345, 0x10C9, 0x0E65,
  0x0BE5, 0x09A3, 0x0755, 0x043D,  0x0169, 0xFEDA, 0xFD49, 0xFBC9,
  0xFADF, 0xFA3D, 0xF9A6, 0xF95F,  0xF8F3, 0xF871, 0xF7E9, 0xF779,
  0xF767, 0xF76B, 0xF75C, 0xF73C,  0xF6DA, 0xF66D, 0xF60C, 0xF59C,
  0xF566, 0xF550, 0xF53B, 0xF524,  0xF488, 0xF3F2, 0xF331, 0xF21C,
  0xF141, 0xF043, 0xEF6E, 0xEED0,  0xEDCF, 0xED52, 0xEC3E, 0xEB3A,
  0xEAA3, 0xE9BF, 0xE907, 0xE843,  0xE77E, 0xE701, 0xE63B, 0xE5AF,
  0xE533, 0xE480, 0xE46C, 0xE3D1,  0xE41E, 0xE521, 0xE6A6, 0xE954,
  0xECA9, 0xF021, 0xF2EA, 0xF53D,  0xF8BE, 0xFC25, 0xFFC2, 0x042F,
  0x07AB, 0x0B8A, 0x0EBA, 0x125B,  0x160B, 0x1921, 0x1C6B, 0x1FF8,
  0x22FC, 0x25C3, 0x27CA, 0x29C0,  0x2A65, 0x2A08, 0x2967, 0x27C7,
  0x261E, 0x243D, 0x2303, 0x2172,  0x1F6B, 0x1CE3, 0x1A43, 0x1764,
  0x14DF, 0x123A, 0x0FDB, 0x0D73,  0x0B2C, 0x08F9, 0x0683, 0x043E,
  0x018B, 0xFF85, 0xFDC3, 0xFC1B,  0xFADA, 0xFA08, 0xF9A0, 0xF960,
  0xF8C9, 0xF870, 0xF7C6, 0xF780,  0xF748, 0xF71F, 0xF754, 0xF6D5,
  0xF6CB, 0xF6D6, 0xF684, 0xF640,  0xF5A4, 0xF548, 0xF510, 0xF4AA,
  0xF4B6, 0xF431, 0xF3A8, 0xF326,  0xF1FA, 0xF182, 0xF08F, 0xEF93,
  0xEEEE, 0xEDF7, 0xED55, 0xEC4E,  0xEB97, 0xEB39, 0xE9F4, 0xE97F,
  0xE88E, 0xE792, 0xE72F, 0xE69E,  0xE694, 0xE62A, 0xE5DC, 0xE609,
  0xE600, 0xE686, 0xE7D8, 0xE9B3,  0xEC74, 0xEEF5, 0xF228, 0xF4E4,
  0xF6E3, 0xFA00, 0xFD89, 0x016F,  0x051B, 0x08C9, 0x0C7D, 0x0F9F,
  0x12E0, 0x16AA, 0x1A1C, 0x1D1D,  0x2043, 0x2392, 0x25D9, 0x2797,
  0x28E0, 0x2948, 0x28BE, 0x27F3,  0x273A, 0x25D0, 0x2411, 0x2262,
  0x2072, 0x1DD1, 0x1AE6, 0x17FF,  0x1547, 0x1280, 0x101A, 0x0DE8,
  0x0B89, 0x0945, 0x06E7, 0x0495,  0x0200, 0xFFBB, 0xFE0D, 0xFCAE,
  0xFBB5, 0xFAF3, 0xFA39, 0xF97D,  0xF903, 0xF884, 0xF838, 0xF7E8,
  0xF836, 0xF8A3, 0xF8D6, 0xF8BF,  0xF89A, 0xF80B, 0xF7C4, 0xF744,
  0xF714, 0xF6C4, 0xF63A, 0xF62A,  0xF5C3, 0xF4F9, 0xF456, 0xF383,
  0xF26E, 0xF1D1, 0xF13F, 0xF128,  0xF052, 0xEFC1, 0xEEDF, 0xED6B,
  0xECA2, 0xEBE9, 0xEB9F, 0xEB3F,  0xEA6C, 0xEA38, 0xE978, 0xE92A,
  0xE976, 0xE912, 0xE928, 0xE884,  0xE8BB, 0xE910, 0xE959, 0xEA62,
  0xEBCD, 0xED65, 0xEFD8, 0xF23D,  0xF524, 0xF723, 0xF97B, 0xFCB2,
  0xFF4A, 0x0292, 0x05DB, 0x0921,  0x0C4D, 0x0F38, 0x1276, 0x1593,
  0x1845, 0x1B84, 0x1E22, 0x2090,  0x2240, 0x23C4, 0x24C9, 0x24D0,
  0x248A, 0x23D4, 0x2281, 0x2129,  0x1FC6, 0x1DEE, 0x1BE1, 0x195E,
  0x1706, 0x1497, 0x127F, 0x1057,  0x0E4C, 0x0C1E, 0x09F1, 0x07EE,
  0x0613, 0x0482, 0x02EA, 0x0121,  0xFFCA, 0xFEB5, 0xFDD1, 0xFD17,
  0xFC62, 0xFBCD, 0xFB0C, 0xFAB6,  0xFAC5, 0xFABB, 0xFAC9, 0xFAF5,
  0xFB16, 0xFB10, 0xFA86, 0xFA39,  0xF9BC, 0xF90A, 0xF8BA, 0xF84D,
  0xF7F3, 0xF775, 0xF69C, 0xF5FB,  0xF4BB, 0xF3DD, 0xF359, 0xF2B9,
  0xF254, 0xF17A, 0xF09E, 0xEFE8,  0xEED3, 0xEEA9, 0xEE38, 0xED97,
  0xED76, 0xECA5, 0xECBD, 0xEC82,  0xEC73, 0xED0D, 0xECCA, 0xED1C,
  0xED7E, 0xED63, 0xEE27, 0xEE5E,  0xEF5B, 0xEFFE, 0xF064, 0xF1D0,
  0xF2AC, 0xF42E, 0xF62E, 0xF7DE,  0xF9EE, 0xFB49, 0xFD17, 0xFF77,
  0x012E, 0x03E3, 0x0612, 0x084E,  0x0A7F, 0x0C8F, 0x0F22, 0x114F,
  0x1361, 0x158A, 0x173D, 0x1906,  0x1A53, 0x1B7D, 0x1C47, 0x1C37,
  0x1C36, 0x1BA3, 0x1B0B, 0x1A2A,  0x1926, 0x180F, 0x169E, 0x1541,
  0x13ED, 0x1236, 0x1094, 0x0E9A,  0x0CF3, 0x0B69, 0x09DA, 0x08EC,
  0x0739, 0x05E6, 0x04A6, 0x0330,  0x025E, 0x0156, 0x008B, 0xFFF8,
  0xFF16, 0xFEDE, 0xFE19, 0xFDAD,  0xFDA4, 0xFCBF, 0xFC84, 0xFBC7,
  0xFB3B, 0xFB3D, 0xFA7D, 0xFA48,  0xF987, 0xF84F, 0xF7B7, 0xF68A,
  0xF632, 0xF5DE, 0xF52D, 0xF4F3,  0xF41C, 0xF395, 0xF337, 0xF2ED,
  0xF2E5, 0xF2C2, 0xF299, 0xF209,  0xF169, 0xF153, 0xF151, 0xF167,
  0xF25F, 0xF2B9, 0xF25C, 0xF25C,  0xF258, 0xF2F7, 0xF3B1, 0xF41A,
  0xF49E, 0xF424, 0xF3F4, 0xF464,  0xF4A0, 0xF562, 0xF60C, 0xF6AA,
  0xF747, 0xF7AB, 0xF903, 0xFA0F,  0xFB48, 0xFCC5, 0xFDA8, 0xFED0,
  0xFF98, 0x00AB, 0x01EE, 0x02EB,  0x0445, 0x056C, 0x066C, 0x07B6,
  0x08D4, 0x0A19, 0x0B66, 0x0C8B,  0x0DF3, 0x0ED3, 0x0FEE, 0x10F7,
  0x1170, 0x121E, 0x1281, 0x12B5,  0x12D3, 0x12AD, 0x1298, 0x1222,
  0x11AE, 0x110A, 0x1041, 0x0F66,  0x0E42, 0x0D84, 0x0C7F, 0x0B79,
  0x0AB0, 0x094E, 0x0834, 0x06E0,  0x0599, 0x04C8, 0x03A2, 0x02E6,
  0x01D5, 0x00A1, 0xFFAD, 0xFEA1,  0xFE39, 0xFDF3, 0xFDE9, 0xFDC9,
  0xFD29, 0xFCE2, 0xFC26, 0xFBD0,  0xFBED, 0xFB86, 0xFB58, 0xFA80,
  0xF9CC, 0xF954, 0xF8C1, 0xF8DF,  0xF896, 0xF82F, 0xF78F, 0xF6D4,
  0xF6EA, 0xF6F0, 0xF732, 0xF76A,  0xF72A, 0xF6CC, 0xF63A, 0xF63F,
  0xF649, 0xF679, 0xF6E7, 0xF6F2,  0xF70A, 0xF723, 0xF749, 0xF798,
  0xF807, 0xF87C, 0xF8D4, 0xF925,  0xF985, 0xF9C0, 0xF9FD, 0xFA43,
  0xFA86, 0xFAA5, 0xFB00, 0xFB73,  0xFBCE, 0xFC1C, 0xFC78, 0xFCD6,
  0xFD01, 0xFD4C, 0xFDE6, 0xFE70,  0xFEEE, 0xFF47, 0xFFA4, 0xFFE2,
  0x0043, 0x00F9, 0x01A2, 0x024C,  0x02D1, 0x033D, 0x0392, 0x03FF,
  0x0486, 0x0518, 0x05B1, 0x0644,  0x069D, 0x0706, 0x075A, 0x07A8,
  0x0818, 0x0877, 0x08CE, 0x090C,  0x095B, 0x09AB, 0x09EC, 0x0A3C,
  0x0A6B, 0x0A71, 0x0A60, 0x0A3D,  0x0A0D, 0x09BE, 0x097D, 0x092F,
  0x08C2, 0x083A, 0x07B2, 0x0708,  0x0655, 0x05AC, 0x04FF, 0x043F,
  0x0391, 0x02D9, 0x0223, 0x018D,  0x00CE, 0x003E, 0xFFAB, 0xFF2C,
  0xFEBD, 0xFE54, 0xFDD4, 0xFD6F,  0xFD1D, 0xFCFC, 0xFCA9, 0xFC70,
  0xFC2A, 0xFBE1, 0xFB8D, 0xFB7B,  0xFB60, 0xFB33, 0xFADF, 0xFAD6,
  0xFAC3, 0xFA88, 0xFAA3, 0xFAD4,  0xFAF0, 0xFAE0, 0xFAF3, 0xFB14,
  0xFB39, 0xFB4C, 0xFB95, 0xFBA9,  0xFBBE, 0xFBC3, 0xFBFB, 0xFC1A,
  0xFC08, 0xFC0A, 0xFBE7, 0xFBB2,  0xFBBE, 0xFBB7, 0xFB81, 0xFB62,
  0xFB3D, 0xFB42, 0xFB26, 0xFB17,  0xFB09, 0xFB22, 0xFB2B, 0xFB3A,
  0xFB79, 0xFBBA, 0xFBD5, 0xFC2F,  0xFC86, 0xFCCF, 0xFD3C, 0xFD86,
  0xFDFD, 0xFE5F, 0xFECB, 0xFF42,  0xFF70, 0xFFDA, 0x006C, 0x00CE,
  0x0112, 0x0163, 0x01F3, 0x022E,  0x027D, 0x02C5, 0x032F, 0x0390,
  0x03F6, 0x0459, 0x0477, 0x04C3,  0x04BC, 0x0522, 0x0578, 0x0595,
  0x05A3, 0x05D5, 0x0631, 0x0671,  0x066A, 0x067B, 0x0656, 0x0607,
  0x05ED, 0x05DA, 0x05B6, 0x0581,  0x059E, 0x056F, 0x0505, 0x04E0,
  0x049D, 0x042B, 0x03BA, 0x037E,  0x033D, 0x02AE, 0x0238, 0x016A,
  0x00D8, 0x0026, 0xFFAF, 0xFF8D,  0xFF4D, 0xFF39, 0xFE90, 0xFE01,
  0xFD64, 0xFC9A, 0xFBF1, 0xFC0B,  0xFC6A, 0xFD1D, 0xFD6E, 0xFD82,
  0xFDC9, 0xFDAF, 0xFCD8, 0xFC5A,  0xFC4E, 0xFD13, 0xFDB2, 0xFE13,
  0xFEB4, 0xFF37, 0x0032, 0x011A,  0x015C, 0x0171, 0x01C7, 0x01DB,
  0x0198, 0x015F, 0x0131, 0x00B0,  0x01B2, 0x02FB, 0x0463, 0x04CA,
  0x04EB, 0x0342, 0x000B, 0xFCD6,  0xFAB9, 0xFA01, 0xFA97, 0xFB44,
  0xFBD2, 0xFBA9, 0xFA55, 0xF995,  0xF8CE, 0xF8B4, 0xFA17, 0xFBCF,
  0xFCFD, 0xFE50, 0xFC71, 0xF99E,  0xF64A, 0xF920, 0x00C4, 0x06E0,
  0x09FA, 0x0EA8, 0x14AB, 0x1A31,  0x1771, 0x121A, 0xFDC3, 0xEB7C,
  0x0041, 0x0F4C, 0x04EF, 0xF0CB,  0xF340, 0x0608, 0xFF5E, 0xF3F2,
  0xF907, 0x0AE5, 0x0CE5, 0xF3F0,  0xF20E, 0xFD8D, 0x0134, 0xF59A,
  0xF536, 0x056F, 0x0905, 0x04E0,  0xFAD8, 0xFA67, 0xFB9B, 0xFB27,
  0x007A, 0x0730, 0x02A0, 0xFA58,  0x03F7, 0x046D, 0xF602, 0xF2D3,
  0xF5FC, 0x0352, 0x0C36, 0x0045,  0xF335, 0xFFBB, 0x0211, 0xF3DF,
  0xECD4, 0xF8B8, 0xFEB9, 0xF4CA,  0xFC81, 0xFAA3, 0xFFE1, 0xF909,
  0xFA5D, 0xFE80, 0x02E1, 0x0D9B,  0xFD2C, 0xFF93, 0xFFD0, 0xFF09,
  0xF7AE, 0xFB68, 0x0B37, 0x0433,  0xFAD9, 0x08D7, 0xFDE4, 0x028C,
  0x0140, 0xF9CA, 0x0754, 0x0041,  0x09AB, 0xF65E, 0x03B2, 0x015A,
  0xFAE3, 0xFB96, 0x01B4, 0x01A8,  0xFE3D, 0x0538, 0xF6B7, 0x0D33,
  0xFDD2, 0xFC3E, 0x0867, 0x023E,  0x098A, 0xFAFD, 0x09D3, 0x0451,
  0x0509, 0x0355, 0xFEFF, 0x0BA9,  0x0616, 0x0B9B, 0xF775, 0x13C8,
  0xFB7C, 0x064D, 0x050B, 0xFF90,  0x0D53, 0xF6FA, 0x134E, 0xF761,
  0x03B8, 0x0AB5, 0xF5E0, 0x0350,  0x038F, 0x0955, 0x014D, 0xF639,
  0x083E, 0x01A3, 0xFF77, 0xF027,  0x0812, 0x0E59, 0xF6E2, 0xFD35,
  0xFB52, 0x119C, 0xF90E, 0xF296,  0x0868, 0x0608, 0x069D, 0xF91F,
  0x0021, 0x0780, 0xFEA9, 0xFBDC,  0xFBF4, 0x07E4, 0x05F1, 0xF895,
  0xFF08, 0x04F2, 0x0358, 0xF7D7,  0xF9AF, 0x093E, 0xFC50, 0x0118,
  0xFD9E, 0xF854, 0x049F, 0xFFDE,  0xFC89, 0xFD67, 0x098D, 0x001E,
  0xF360, 0x0378, 0x02AB, 0xFEE9,  0xF9BE, 0xFCCC, 0x07CF, 0x01CF,
  0x007A, 0xFE86, 0x0141, 0x0BBE,  0xFBE5, 0xFFF1, 0x0558, 0x0558,
  0x00AC, 0xFC91, 0x0AC0, 0xF6C8,  0xF90E, 0xF7EE, 0xFCD1, 0x03F8,
  0xFE1C, 0xFD96, 0xFBEB, 0xFF20,  0xF98B, 0xF68F, 0xFB07, 0x0038,
  0xFE41, 0xFF05, 0x002E, 0xFFCC,  0xFAB3, 0xF5EC, 0xFC1D, 0xFEE5,
  0x01D1, 0x04D5, 0xFAD9, 0xFF53,  0x038E, 0xFF0F, 0xFCB4, 0xF661,
  0xF6D0, 0x098C, 0x06A9, 0xFBEF,  0xFEA0, 0x0410, 0x0626, 0xF4D3,
  0xF433, 0x006C, 0x090C, 0x0BA6,  0xFB2C, 0xF977, 0x01CD, 0xFC6B,
  0xF4FA, 0xFD26, 0x09F1, 0xFCDA,  0xFF92, 0xFC7A, 0x02B7, 0x04C8,
  0xFD00, 0xFCC0, 0xFC9F, 0x06D0,  0xFFD2, 0x030D, 0xFEAE, 0x04A4,
  0x0749, 0x00C0, 0xFE8C, 0xF7E0,  0x06B8, 0x053F, 0xFB5E, 0x007D,
  0x07B0, 0x0528, 0xF436, 0xF638,  0x029F, 0x0197, 0xFB89, 0xFD28,
  0x03DC, 0x0395, 0xF755, 0xFA30,  0xFA3D, 0xFB2E, 0x02D8, 0xFDE5,
  0xFBDD, 0xFFEF, 0x0329, 0xFA11,  0xF7BA, 0xFFAC, 0x0A70, 0x0147,
  0x00F8, 0x00CF, 0x007A, 0xFE04,  0xFEE4, 0x0630, 0x036E, 0x01B4,
  0x01ED, 0xFED9, 0xFBCF, 0x0494,  0xFA3C, 0x0158, 0x03F4, 0x02A3,
  0x0237, 0xFE3E, 0x01E3, 0xFC4E,  0x00DE, 0xFD88, 0x009F, 0x05ED,
  0x03B7, 0x0133, 0xFB67, 0xFF54,  0xFF77, 0xFF92, 0xFF51, 0x0419,
  0x04E5, 0x0112, 0xFFEB, 0xFC49,  0xFE79, 0xFD75, 0xFEC6, 0x022C,
  0x00DC, 0x0277, 0xFF67, 0xFC89,  0x0026, 0xFF4D, 0x0081, 0xFDD5,
  0x0325, 0x029A, 0xFF21, 0xF9ED,  0xFF04, 0x03EC, 0x0316, 0x033D,
  0x039F, 0x0127, 0x0081, 0xFFCD,  0xFC26, 0x065D, 0xFF8B, 0xFF07,
  0x0155, 0x014A, 0xFCC5, 0xF8BB,  0xFF19, 0x0203, 0xFEAE, 0x0260,
  0x02E9, 0x01F7, 0xF947, 0xFD78,  0x0400, 0x0350, 0x0351, 0x01DE,
  0x0106, 0xFD29, 0xFF65, 0xFC42,  0xFFED, 0x00C4, 0x00CB, 0x0053,
  0x0761, 0x0293, 0xFF74, 0xF91A,  0x03D6, 0xFDCF, 0xFEB1, 0x03B6,
  0xFF6A, 0x05BE, 0xFE94, 0xFBF5,  0xF514, 0x038D, 0xFBF2, 0x0104,
  0x0147, 0x040D, 0x0407, 0xFD5B,  0xFE6F, 0xFC42, 0x00F4, 0xFF7D,
  0x0361, 0x02DD, 0x048D, 0x0296,  0xFF88, 0xF8C6, 0xFD68, 0xFF56,
  0x0194, 0x01EF, 0x0320, 0x0565,  0x0572, 0x053B, 0xFBF6, 0xFA9D,
  0xFC66, 0x01DA, 0x041C, 0x0269,  0x047A, 0x00CC, 0xFACB, 0xFB00,
  0xFBA7, 0x0162, 0x0170, 0x015A,  0x022A, 0xFF04, 0x016B, 0xFD22,
  0xFA70, 0x0247, 0x06D0, 0x0574,  0x02EB, 0xFF5D, 0x019D, 0x004D,
  0xFCC4, 0xFC4F, 0xFDD6, 0x053D,  0x0408, 0x0192, 0xFF45, 0xFC93,
  0xFD75, 0xFDCC, 0x002C, 0x0078,  0xFFF6, 0xFF46, 0xFF68, 0xFD2D,
  0xFE76, 0x0049, 0x02C1, 0x0306,  0xFBD3, 0xFF6C, 0x01D0, 0xFBF4,
  0xFA6F, 0x00F2, 0x0627, 0x00CA,  0xFD26, 0x0076, 0x0060, 0xFE8A,
  0xFDC3, 0x000C, 0x060D, 0x0355,  0xFF45, 0x000F, 0xFFEE, 0xFE26,
  0xF9AB, 0xFB51, 0x007E, 0x02FB,  0x00B5, 0x0103, 0x01FF, 0xFE4D,
  0xFCD5, 0xFAE2, 0xFE1D, 0x0392,  0x03DF, 0x047E, 0x02E2, 0x0275,
  0x0041, 0xFD70, 0x0191, 0x01DA,  0x016D, 0x001E, 0x00C5, 0xFED9,
  0xFF91, 0xFCD3, 0xFA62, 0x00AD,  0x01BE, 0x05D1, 0xFF83, 0xFF1C,
  0xFEF7, 0xFC96, 0xFEEF, 0xFDBA,  0xFDB9, 0xFC32, 0xFFDC, 0x00AE,
  0x0258, 0x0077, 0xFEC4, 0x0091,  0xFF47, 0x0049, 0xFF6B, 0xFFA1,
  0x0149, 0x03EB, 0x04E8, 0x00D0,  0xFC06, 0xFB15, 0xFDAD, 0xFF42,
  0x0045, 0x03D3, 0x0637, 0x03F7,  0x022A, 0x019F, 0x0035, 0xFD03,
  0xFD8B, 0x0030, 0x052A, 0x03C6,  0xFCB0, 0xFE27, 0xFF15, 0xFFAB,
  0xFD39, 0xFDDF, 0x000D, 0x0088,  0xFD79, 0xFEF6, 0x00BB, 0x012A,
  0xFBAB, 0xFB6E, 0x02FB, 0xFF7B,  0x0185, 0x0206, 0x0596, 0xFFB3,
  0xFC15, 0xFF68, 0x01F7, 0x0297,  0xFEED, 0xFE24, 0x0592, 0x0093,
  0x00C9, 0x01AC, 0xFFDF, 0xFF9A,  0xFA72, 0x0135, 0xFECC, 0x00BE,
  0xF9F1, 0x01A6, 0xFEEC, 0xFF8B,  0xFE00, 0xFBDB, 0x01DB, 0xFDE1,
  0x0012, 0xFD75, 0x01DB, 0x0046,  0x0191, 0x03B8, 0x00F1, 0x014A,
  0x039B, 0xFFA8, 0x0503, 0xFC2E,  0xFF34, 0x00BA, 0xFD55, 0x0324,
  0xFF08, 0xFFC8, 0xFF71, 0xFF40,  0xFC0F, 0xFD5E, 0xFF7C, 0x0332,
  0x035D, 0x00EB, 0xFE98, 0x0223,  0x0279, 0x074C, 0x0121, 0xFEDE,
  0x0104, 0xFDF4, 0x0148, 0x012A,  0x06E3, 0x01AA, 0x0031, 0xFC97,
  0xFD23, 0x002F, 0xFE65, 0x01DB,  0xFFC8, 0xFE44, 0xFD88, 0xFCCE,
  0xFDEF, 0x003D, 0x024F, 0xFEFC,  0x003C, 0x0090, 0xFCA3, 0x0093,
  0xFEB9, 0xFDBA, 0xFEFC, 0xFFB3,  0x0390, 0x00A4, 0x00D9, 0x015E,
  0x0245, 0x010A, 0xFDD7, 0x0383,  0x00ED, 0xFE17, 0xFB68, 0xFAA7,
  0xFACA, 0xFB58, 0x00C5, 0xFF12,  0x0252, 0xFF12, 0xFD97, 0x0093,
  0xFD65, 0xFFAF, 0x000C, 0x00D1,  0xFE92, 0xFED2, 0x013F, 0x0030,
  0xFFD9, 0x0057, 0x0226, 0xFED3,  0xFEAA, 0xFD98, 0xFEA1, 0xFDC6,
  0xFFC1, 0x05AF, 0x0633, 0x066A,  0x03AF, 0xFFE6, 0xFD02, 0xFADF,
  0xFC6F, 0x0253, 0x015D, 0xFE69,  0xFC4A, 0xFF95, 0x00A6, 0xFF68,
  0xFC1F, 0xFED0, 0x03F3, 0x01F8,  0xFFFC, 0xFE83, 0x02B0, 0xFFAB,
  0x0218, 0xFF10, 0x0063, 0x0435,  0x0238, 0x04F6, 0x0249, 0x0087,
  0xFC51, 0xFF47, 0x01F1, 0x05C0,  0x0513, 0x02DB, 0x013D, 0xFFC0,
  0xFC0C, 0xFCC8, 0x00D9, 0xFC47,  0x015D, 0x007E, 0x03DB, 0xFF2A,
  0xF879, 0xF934, 0xFAE8, 0x0036,  0x0002, 0x0246, 0x02A4, 0x05DA,
  0x03A1, 0x0070, 0xFFF7, 0x00FC,  0xFF67, 0xFCC7, 0x002B, 0x03B0,
  0x0424, 0x0263, 0xFDE2, 0xFE70,  0x00FA, 0xFF4C, 0x017A, 0xFE73,
  0xFEA0, 0xFF35, 0xFD91, 0xFC64,  0xFB65, 0x02E7, 0x0399, 0xFED2,
  0xFE1E, 0xFF84, 0xFE55, 0xFA7A,  0xFE0D, 0xFC9F, 0xFF05, 0x0541,
  0x057E, 0x013F, 0xFD0E, 0x003C,  0xFB23, 0xFC3C, 0xFF60, 0x0522,
  0x05F7, 0x0034, 0x0126, 0xFFA1,  0x0100, 0xFDF7, 0xFC8E, 0xFFB0,
  0xFECA, 0x00D5, 0xFBCE, 0xFC36,  0x03DA, 0xFCF7, 0x0050, 0xFFB9,
  0x0380, 0x01AB, 0xFEB0, 0x0127,  0xFD39, 0x00DB, 0x0082, 0x02A7,
  0x0284, 0x0165, 0x0142, 0x0015,  0x00E7, 0x0170, 0xFD3F, 0x0323,
  0xFF55, 0x01A8, 0x00CA, 0xFB8A,  0x0199, 0xFF85, 0xFF82, 0xFE8D,
  0xFF96, 0xFF74, 0xFF1D, 0xFD0F,  0x0073, 0x0286, 0x0066, 0x01A3,
  0x0078, 0xFE33, 0x014B, 0x00FE,  0x014B, 0x0050, 0xFF71, 0xFF28,
  0xFDFA, 0x0489, 0x0017, 0x01C6,  0x0244, 0xFE31, 0x033B, 0xFD5F,
  0x02F4, 0x00F2, 0xFD36, 0x0062,  0xFDEC, 0x015E, 0xFDF4, 0xFCE1,
  0xFB24, 0xFFCA, 0xFF8A, 0xFED0,  0x01D5, 0x007E, 0x0247, 0x023D,
  0x0133, 0x004A, 0xFEF0, 0xFD0A,  0x02DF, 0x01B3, 0xFE55, 0xFD2A,
  0xFEA0, 0x01F8, 0x0310, 0xFFCD,  0xFE31, 0x02EC, 0xFFFC, 0xFFAD,
  0xFE4A, 0x00C2, 0x01B3, 0x004C,  0xFDD5, 0xFDB5, 0xFD86, 0xFF1E,
  0x00C8, 0x0145, 0x029F, 0xFFDF,  0x0072, 0xFC99, 0xFEC4, 0xFDD3,
  0xFF37, 0x03E2, 0x02A4, 0xFE22,  0xFF8E, 0xFEEC, 0x0118, 0x0128,
  0xFDD3, 0xFD6B, 0xFE79, 0xFF66,  0xFDAC, 0x0585, 0x0265, 0x02C2,
  0x018C, 0xFCAA, 0x007D, 0xFE79,  0xFE52, 0x0151, 0xFDF3, 0x007E,
  0x0127, 0xFEB8, 0xFFB1, 0x00B0,  0x0083, 0x01DD, 0xFCB7, 0xFC7B,
  0x032D, 0x03E4, 0x01DE, 0xFFD8,  0xFF40, 0xFD14, 0x0102, 0xFAEB,
  0xFFC8, 0x0141, 0x0028, 0x0359,  0xFF3B, 0x011B, 0x023A, 0x021F,
  0x02F9, 0x0061, 0xFD0C, 0xFD44,  0xFBEC, 0x03A5, 0x012F, 0xFFFC,
  0xFE55, 0xFB39, 0x00B1, 0x0004,  0x0172, 0x0290, 0x0184, 0x00FA,
  0xFF2A, 0x0005, 0x0481, 0xFEED,  0x00BA, 0xFE9C, 0xFFFF, 0x00B0,
  0xFCCB, 0xFF8D, 0xFE9A, 0x0034,  0xFB69, 0xFAFD, 0xFD98, 0x0280,
  0x00CC, 0x0314, 0x0167, 0x007B,  0x019F, 0xFD1F, 0xFF05, 0xFE63,
  0x0132, 0x0016, 0xFFF3, 0x0180,  0xFF8C, 0x00AB, 0x01A5, 0x01D6,
  0xFF7F, 0xFE1C, 0x0056, 0x0109,  0x0203, 0x0315, 0xFFC6, 0xFEDA,
  0xFFDD, 0xFE44, 0xFEB5, 0xFCCC,  0xFE86, 0x008B, 0x0183, 0xFF62,
  0xFD4A, 0xFF33, 0xFEA3, 0xFEF7,  0x00BD, 0xFEDB, 0x0483, 0x0326,
  0x0132, 0x0025, 0x00AC, 0x035D,  0x0014, 0xFD44, 0xFA87, 0x01A4,
  0x0339, 0x0434, 0x00DE, 0xFEC4,  0xFFB3, 0x0015, 0xFE1C, 0xFF4E,
  0xFE51, 0x0220, 0x00D9, 0x0081,  0xFF81, 0x0071, 0x021F, 0x01F8,
  0x011C, 0xFC93, 0x0102, 0xF9E4,  0xFE94, 0xFF75, 0x038F, 0x0155,
  0x0098, 0x0189, 0x0052, 0xFFA0,  0xFF57, 0xFFB4, 0xFF8A, 0x014B,
  0xFD6E, 0x0127, 0x01FA, 0x02D1,  0x010B, 0xFE82, 0xFB84, 0xFFB7,
  0x01D3, 0x018E, 0xFF88, 0xFE90,  0x017B, 0x0379, 0x0102, 0x001B,
  0xFE5F, 0x0099, 0xFC59, 0xFFA9,  0x029B, 0xFFE6, 0x01DF, 0xFD07,
  0xFE58, 0xFB2C, 0x0299, 0x00E4,  0x0355, 0xFFF0, 0xFE0E, 0xFF23,
  0xFC66, 0xFEA0, 0xFF06, 0x01CE,  0x0247, 0x0376, 0x009D, 0xFF81,
  0xFF65, 0xFF75, 0xFBDC, 0x0010,  0xFDF8, 0x01A6, 0x03E1, 0xFFDF,
  0xFF0C, 0xFE57, 0x0045, 0xFF1A,  0x00DB, 0x01F0, 0xFF9E, 0xFF26,
  0xFFED, 0x0296, 0x019F, 0xFE42,  0xFFBA, 0xFE89, 0x0093, 0xFFB2,
  0xFF3F, 0xFED8, 0xFF30, 0xFBA6,  0xFF99, 0x0139, 0xFF2D, 0x0224,
  0xFFA8, 0x01A4, 0xFCA0, 0xFB46,  0xFE3F, 0x014A, 0x02F4, 0x043F,
  0x03E1, 0x01C8, 0x0162, 0x0060,  0x021C, 0x01B8, 0x0106, 0xFE1A,
  0xFDF9, 0xFFE0, 0xFF78, 0x0064,  0x0118, 0x0244, 0xFEFF, 0xFBCB,
  0xFC6F, 0xFB83, 0x0029, 0x0196,  0x0118, 0xFF59, 0x0209, 0x026D,
  0xFF18, 0x0062, 0xFF98, 0xFFFB,  0xFDDF, 0x00EC, 0xFDFC, 0x0159,
  0x0160, 0x006B, 0x01BB, 0x00B4,  0x01E7, 0xFFC2, 0xFE3C, 0xFEA8,
  0xFF68, 0x019F, 0x027E, 0xFD32,  0xFCBF, 0xFF15, 0x01A1, 0x0094,
  0x01BD, 0xFF8F, 0x0231, 0x0065,  0xFE89, 0xFE59, 0xFCD1, 0xFE3D,
  0x0059, 0x02B3, 0x0180, 0x014C,  0x0065, 0x0076, 0xFDBD, 0xFC8B,
  0xFE78, 0x00EC, 0x0245, 0x012E,  0xFF22, 0x0067, 0x009F, 0x007C,
  0xFF8E, 0x005B, 0x0264, 0x033F,  0x004D, 0xFC1E, 0xFD1F, 0x00DB,
  0x027D, 0xFDA8, 0xFE5B, 0x003D,  0xFCE9, 0x0142, 0x0185, 0x0069,
  0x031A, 0x011B, 0xFB0A, 0xFC77,  0xFF64, 0xFEFB, 0x0299, 0x02DE,
  0x0186, 0x00A3, 0xFEE6, 0xFE36,  0x0050, 0x014C, 0x005D, 0x0101,
  0x02C6, 0xFFEC, 0x0096, 0xFD3B,  0xFF6A, 0x00B9, 0x00B3, 0x002D,
  0x0227, 0x0072, 0xFAEB, 0x000E,  0xFF8A, 0x01B4, 0xFE43, 0xFF14,
  0xFFC6, 0x009B, 0x02DC, 0xFE4B,  0xFD53, 0xFF59, 0xFE84, 0x00FC,
  0xFE43, 0x01CB, 0x046B, 0x011D,  0x013C, 0xFED2, 0x0109, 0xFE89,
  0xFEDA, 0xFDAD, 0xFE72, 0x017F,  0x0285, 0x0251, 0xFED3, 0xFFDA,
  0x00C6, 0xFFF3, 0xFFC5, 0xFDE6,  0x0067, 0xFF7C, 0x0022, 0xFFBF,
  0x0221, 0x0140, 0xFE8C, 0xFF6F,  0xFF32, 0x0190, 0xFF1F, 0x0033,
  0xFF54, 0xFEB7, 0xFEDC, 0xFF64,  0xFFD6, 0x0096, 0x01A1, 0x0125,
  0xFF21, 0xFFCD, 0xFCF5, 0xFDBC,  0xFF87, 0x0043, 0x021F, 0x0078,
  0x00E3, 0xFEE9, 0xFE7D, 0x00ED,  0x01B6, 0x01B1, 0x00A0, 0xFE9D,
  0xFDA7, 0x0050, 0x0265, 0xFE77,  0x009B, 0xFFC7, 0xFF39, 0x0128,
  0x00ED, 0x0014, 0xFE53, 0xFEE0,  0x0085, 0x003F, 0xFFD7, 0x0178,
  0xFF47, 0x0190, 0xFFA6, 0xFE44,  0x0044, 0x008D, 0xFEFD, 0xFFD6,
  0x02C1, 0xFF98, 0xFFDA, 0xFFB8,  0x0129, 0x009B, 0x0086, 0xFFE9,
  0x00DC, 0xFE81, 0x0015, 0xFE91,  0x0015, 0x02F0, 0xFD32, 0x0021,
  0xFE32, 0x00BF, 0x000D, 0x005D,  0x005D, 0x00FC, 0xFF6C, 0x0096,
  0xFE1B, 0xFF77, 0x0148, 0xFEF5,  0x0111, 0xFE3F, 0x00FA, 0xFF69,
  0xFFC1, 0x0061, 0x00BA, 0x0018,  0x00C2, 0x003F, 0x005E, 0x000E,
  0x0039, 0xFF39, 0x0177, 0xFFD1,  0xFF20, 0x0147, 0x0006, 0x01CF,
  0xFF8F, 0xFF42, 0xFF96, 0xFF44,  0xFDF2, 0xFF33, 0x00F8, 0x0096,
  0xFFA8, 0xFF98, 0xFE0E, 0x0036,  0x0026, 0xFEBE, 0xFF81, 0xFF7A,
  0xFED0, 0xFF6F, 0xFFF2, 0x006A,  0x017A, 0x00D6, 0x01F2, 0xFEF8,
  0x0097, 0xFEEC, 0x00D5, 0x0273,  0x0136, 0xFE6D, 0xFCDE, 0xFFEB,
  0xFF64, 0x03A2, 0xFF8D, 0xFEC6,  0x0053, 0x02DF, 0xFFE3, 0xFD49,
  0xFEE7, 0xFE75, 0x0090, 0x0150,  0x007A, 0x0101, 0x001C, 0x0169,
  0xFF7D, 0xFE26, 0x00B3, 0xFF15,  0xFFF4, 0xFEDD, 0xFFAB, 0xFE2C,
  0x006A, 0xFFC8, 0x0163, 0xFEC3,  0x0093, 0xFF0C, 0xFFB7, 0x0204,
  0x001C, 0x02C3, 0xFFBA, 0x00CF,  0xFFEC, 0xFF5A, 0xFFB6, 0xFF2F,
  0x0133, 0xFFEA, 0xFE6D, 0x00F8,  0xFEEA, 0x0304, 0xFFE3, 0xFFAB,
  0xFE0D, 0x00A6, 0xFFEB, 0x0112,  0x0213, 0xFD25, 0xFF86, 0xFE42,
  0xFFA9, 0xFF82, 0x00C1, 0xFFAA,  0xFE84, 0xFF86, 0x00AC, 0xFF33,
  0x0266, 0xFE9A, 0xFEF5, 0xFFB4,  0xFE2C, 0x02C9, 0x01C0, 0x0033,
  0xFFFC, 0xFF46, 0xFFA8, 0x00E0,  0x008D, 0x0007, 0x008A, 0xFEEE,
  0xFFD0, 0x0045, 0x003C, 0x0010,  0xFFD0, 0xFFED, 0xFE77, 0x00C3,
  0xFF8D, 0xFF66, 0x00E3, 0xFFF8,  0xFE4A, 0xFEF3, 0xFFA8, 0x0220,
  0x0190, 0x006D, 0xFF91, 0xFD33,  0xFDF1, 0xFF56, 0x0186, 0x0129,
  0xFFAE, 0x0139, 0xFFC9, 0x0200,  0x0146, 0x005A, 0xFFEE, 0xFDA8,
  0x00B0, 0x0068, 0x0158, 0xFED3,  0xFF51, 0x007E, 0x0134, 0x00BA,
  0x0055, 0xFE33, 0x0086, 0x004D,  0xFE88, 0x015F, 0xFF77, 0x0105,
  0xFFA8, 0xFF86, 0xFDF7, 0x0014,  0xFEDC, 0xFECE, 0xFFF4, 0x001C,
  0x0134, 0x0076, 0x001A, 0xFF2F,  0xFFB8, 0x008D, 0x00A9, 0x0176,
  0x01EB, 0xFEDC, 0x00C8, 0xFF5E,  0x0027, 0xFFF5, 0x0056, 0x0200,
  0x009D, 0xFF8A, 0xFEE1, 0xFD2F,  0xFF95, 0xFECC, 0xFEE5, 0x0106,
  0xFFF5, 0x018A, 0xFF51, 0x00DA,  0xFE94, 0x00D4, 0xFEB4, 0xFF72,
  0x003D, 0xFF44, 0x0112, 0x0028,  0x0068, 0xFF9F, 0x006E, 0xFDBD,
  0x0173, 0x00C5, 0x010F, 0x00FC,  0x01AB, 0x0120, 0xFDE7, 0xFFBD,
  0xFE1F, 0xFFAC, 0xFE2F, 0x010B,  0x0423, 0x0009, 0x0247, 0xFE38,
  0xFCAB, 0x0054, 0xFD78, 0x00C1,  0xFF58, 0x0020, 0x011E, 0xFEEF,
  0xFFB1, 0xFE51, 0x0305, 0xFFA4,  0x0257, 0xFED4, 0x00C4, 0x00A0,
  0xFE3A, 0x0170, 0xFF5B, 0x00E6,  0xFEC2, 0xFE76, 0xFE4A, 0x042A,
  0xFF07, 0x013A, 0xFD6D, 0x0233,  0x00D9, 0xFF91, 0xFF1E, 0xFDEB,
  0x0362, 0xFDC2, 0x006F, 0xFFFC,  0x0013, 0xFED9, 0x02E5, 0xFDC3,
  0xFEEB, 0xFF5E, 0x01A9, 0x02BB,  0xFF7F, 0x0136, 0xFF7F, 0xFCC5,
  0xFEA9, 0xFFC5, 0x0052, 0x0142,  0x0060, 0x0247, 0x00CE, 0x0029,
  0xFE32, 0xFF88, 0x0138, 0x00E4,  0xFD8C, 0xFFC1, 0x0078, 0x0090,
  0x0118, 0xFF5D, 0x0032, 0x010C,  0xFFA8, 0x014B, 0x00DA, 0xFF68,
  0xFFD1, 0xFCE4, 0x011B, 0x0178,  0xFEA6, 0xFFFF, 0xFEB2, 0x00C5,
  0x015E, 0xFF87, 0x00CE, 0xFFFF,  0xFF15, 0xFECD, 0xFF01, 0xFFD4,
  0x0326, 0x002B, 0xFEE4, 0x006B,  0xFEC6, 0x00CF, 0xFF41, 0xFE96,
  0x0026, 0x00F3, 0x02E7, 0x0226,  0x007D, 0xFDF3, 0xFF91, 0xFE5A,
  0x001F, 0x0120, 0xFFD6, 0x01E6,  0xFF1F, 0x0255, 0xFF21, 0xFD8E,
  0xFFF8, 0xFE0A, 0x0114, 0x012B,  0xFF63, 0xFE20, 0xFD87, 0x0033,
  0x010F, 0x00AB, 0x0135, 0x000E,  0x00E0, 0x011B, 0x0220, 0xFF78,
  0xFDBC, 0x016C, 0xFFEC, 0xFFD8,  0xFF78, 0x01DD, 0xFF32, 0xFFAD,
  0x007F, 0x00D8, 0xFF82, 0x0180,  0x0036, 0xFCEC, 0xFF63, 0x00F9,
  0x01FA, 0xFD2A, 0x0266, 0xFD9A,  0x0039, 0x0020, 0x0158, 0xFE9E,
  0xFE32, 0x0284, 0xFD0B, 0x020D,  0xFF33, 0xFFE1, 0x05E9, 0xFCB0,
  0xFE65, 0x0091, 0x0221, 0x0248,  0xFDE7, 0x04F9, 0xFC88, 0x0136,
  0xFD14, 0xFFF5, 0x00C8, 0x016C,  0x000F, 0xFC4D, 0x0153, 0xFDC0,
  0xFEF2, 0xFCD8, 0x0077, 0x00F9,  0x0288, 0x031A, 0x00BC, 0xFF6F,
  0xFFD9, 0xFADA, 0x0466, 0xFEF4,  0xFF12, 0x0111, 0xFDD2, 0x0135,
  0xFF91, 0x006B, 0xFCA8, 0x00CB,  0xFDF7, 0x0143, 0x01DA, 0x0085,
  0x0010, 0x0010, 0x00C4, 0x012F,  0x0086, 0xFFAD, 0xFED6, 0xFDD4,
  0x00EE, 0x00DE, 0xFE8E, 0x005C,  0x0245, 0x005C, 0xFF27, 0xFF3E,
  0xFF2E, 0xFFFA, 0x0172, 0x022A,  0x0088, 0xFFD0, 0x0102, 0xFB6F,
  0xFC95, 0xFD5A, 0x0302, 0x020A,  0x0098, 0x0140, 0x0055, 0x0118,
  0xFE25, 0xFA06, 0xFB19, 0x004D,  0x029E, 0x04FF, 0x01D7, 0x03B6,
  0xFFA3, 0x004E, 0xFDEE, 0xFFA7,  0x030B, 0x020B, 0xFFB3, 0xFDFD,
  0xFD64, 0xFD39, 0x0134, 0x01AE,  0x0591, 0x0030, 0xFD6C, 0x0023,
  0xFE0D, 0xFE51, 0x017C, 0xFFE1,  0xFFBD, 0xFE69, 0xFDCD, 0x01C3,
  0x000A, 0x02E9, 0x0478, 0xFF89,  0xFC69, 0xFBD3, 0xFC61, 0xFE00,
  0x01C8, 0xFFF5, 0x0270, 0x05FB,  0x04F5, 0x001F, 0xFFC7, 0xFBD7,
  0xFD30, 0x0312, 0x019D, 0xFED8,  0xFB03, 0x01AB, 0x0223, 0xFEEC,
  0xFD01, 0xFF7C, 0x0408, 0x0488,  0xFCCF, 0xFC5F, 0x007A, 0x00A7,
  0x002F, 0xFE30, 0xFD41, 0xFF5E,  0x0463, 0x0491, 0x018D, 0xFCC9,
  0xFEA1, 0xFE20, 0x026B, 0x0303,  0x034F, 0x0470, 0xFE65, 0x0072,
  0xFBA3, 0xFE83, 0x004E, 0xFE49,  0x04F4, 0x0293, 0x03B1, 0xFD4D,
  0xF8EC, 0xF891, 0xFACD, 0xFEFC,  0x00D4, 0x0184, 0x0167, 0x0396,
  0xFF15, 0x0076, 0xFE07, 0x0116,  0xFFB1, 0xFD98, 0xFE6E, 0xFF32,
  0x0362, 0x02D6, 0xFE2E, 0x00AD,  0x0407, 0x0418, 0x0086, 0xFBA0,
  0xFE16, 0x0157, 0x0399, 0xFCA9,  0xFEF1, 0x0076, 0x0335, 0xFD06,
  0xFF3A, 0xFFC7, 0xFD98, 0xFE43,  0x0041, 0xFE1A, 0x00CC, 0x06E2,
  0xFDB3, 0x0207, 0xFC9A, 0x0063,  0xFD6D, 0xFC7C, 0x0024, 0x06D9,
  0x04F9, 0xFFE0, 0x00FF, 0xFEAE,  0x01FB, 0xFC40, 0x02AF, 0x022F,
  0xFFFA, 0xFF21, 0xF9D6, 0x0034,  0xFFF3, 0x0021, 0xFEBF, 0xFFE3,
  0x04DA, 0xFF04, 0x01F4, 0xFED4,  0xFCCE, 0xFEA1, 0x00C6, 0x004C,
  0xFEDA, 0x01BB, 0xFE83, 0x0080,  0x0119, 0x00EB, 0xFF3D, 0x018B,
  0x0036, 0xFF1E, 0x02B5, 0xFBC4,  0x00B1, 0x009D, 0xFDA9, 0x0167,
  0xFF45, 0x01E6, 0xFF6F, 0xFF04,  0xFFCB, 0x01EF, 0xFE38, 0xFED8,
  0xFF2B, 0x00E5, 0x01CA, 0x0041,  0x0117, 0xFD70, 0x015D, 0xFDF9,
  0xFEA4, 0x0101, 0x0006, 0x00FD,  0xFF41, 0xFE73, 0x037C, 0xFD2C,
  0x02D6, 0xFFB2, 0xFDBA, 0x024F,  0xFE4C, 0x0296, 0xFDA6, 0xFEE9,
  0xFD3A, 0x0177, 0x001A, 0xFEB3,  0xFEBF, 0x0010, 0x0104, 0xFEC9,
  0x0310, 0x00B1, 0x00D5, 0xFE90,  0x0209, 0x026D, 0xFF75, 0xFE47,
  0xFD19, 0x026C, 0x03D9, 0xFFC5,  0x0065, 0x02DD, 0x0014, 0xFF24,
  0xFE4C, 0x003D, 0x0007, 0x0354,  0xFEC4, 0x007D, 0xFEAC, 0xFE01,
  0x01D2, 0xFE40, 0x010D, 0xFEE1,  0x0080, 0xFCC5, 0xFF3F, 0xFED2,
  0xFE37, 0x0464, 0x036C, 0xFDA7,  0x0099, 0xFED7, 0x009E, 0x00CE,
  0xFEC8, 0xFA58, 0xFF9C, 0x0223,  0xFCDA, 0x074B, 0x00EE, 0x0142,
  0xFF01, 0xFF24, 0x0007, 0xFD5A,  0x02E5, 0x0112, 0xFD5E, 0x0103,
  0xFFCE, 0xFE48, 0xFF37, 0xFE7B,  0x0085, 0x0262, 0xFB6A, 0xFD8E,
  0x0344, 0x00E0, 0xFF86, 0xFEC0,  0x00D0, 0xFE34, 0x0568, 0xFC1D,
  0x00CD, 0x0198, 0xFD0A, 0x04FC,  0xFBA7, 0x00E3, 0x03D9, 0x026F,
  0x0098, 0xFE70, 0xFF8D, 0xFFFE,  0xFCD4, 0x0180, 0x011C, 0x009E,
  0x0047, 0xFB57, 0xFF55, 0x01BB,  0x02D4, 0x01BF, 0xFF59, 0xFEBC,
  0x000D, 0xFF35, 0x043E, 0xFE19,  0xFF93, 0xFF6A, 0xFEEC, 0x0091,
  0xFD7B, 0x0075, 0xFF34, 0x0130,  0xFCB3, 0xFA20, 0xFC02, 0x00D0,
  0xFF56, 0x01A7, 0x0257, 0xFF72,  0x01EB, 0xFDA9, 0xFE20, 0xFEB2,
  0x0194, 0xFFD6, 0xFE5C, 0x0300,  0x0198, 0x0475, 0xFF0B, 0x0219,
  0x0381, 0x021F, 0x04B9, 0x0240,  0x03C6, 0x012B, 0xFE46, 0xFAC8,
  0xFC24, 0x00BA, 0x023D, 0x0185,  0xFDB6, 0xFC47, 0x0014, 0xFEE7,
  0xFCFB, 0xFC46, 0x0156, 0x0303,  0x003A, 0x00AB, 0x0264, 0xFF9C,
  0x0082, 0xFE49, 0xFD9A, 0x0252,  0x0044, 0x00A2, 0xF9C6, 0xFD31,
  0x0137, 0x0217, 0x074C, 0xFF6F,  0x00B3, 0xFE8B, 0xFE37, 0xFE8A,
  0xFBD4, 0x0632, 0x0149, 0x01AB,  0xFBC9, 0xFD5D, 0x0384, 0x0261,
  0x036A, 0xFEF2, 0x0091, 0xFE6E,  0xFD75, 0x00ED, 0x05F2, 0xFFFB,
  0xFFF1, 0xFFEB, 0xFCB7, 0xFF97,  0x0168, 0x0312, 0xFE78, 0xFF06,
  0xFE12, 0x0123, 0x0360, 0xFAF0,  0x02C4, 0x00E5, 0xFF1D, 0x0360,
  0x00FC, 0x02DA, 0xFA7D, 0xFB42,  0x035E, 0x05F4, 0x0031, 0xFAD5,
  0x01E1, 0x00B9, 0xFCD3, 0xFFA0,  0x01A2, 0x01F5, 0xFDFE, 0x0116,
  0xFE5B, 0xFE1E, 0x0270, 0xFECB,  0xFE85, 0xFB96, 0x019A, 0x00C4,
  0xFBD4, 0xFE41, 0xFF32, 0x03A2,  0x02D2, 0x0075, 0xFF61, 0xFEE4,
  0x00CF, 0x00FC, 0xFB75, 0xFD3E,  0x0110, 0x02B8, 0x000F, 0xFE25,
  0xFDEB, 0xFD4A, 0x000F, 0xFD3C,  0x01E2, 0x0096, 0x011E, 0x0037,
  0xFC05, 0x02EB, 0x0029, 0xFD84,  0xFBFE, 0xF95F, 0x01B2, 0x0221,
  0x0260, 0x0137, 0xFD4B, 0xFEA9,  0xFC8E, 0xFF82, 0xFF53, 0xFF8C,
  0x02AE, 0x0259, 0x006E, 0xFFCD,  0xFDF6, 0xFFC3, 0x0163, 0x03DA,
  0x08E5, 0x08DF, 0x0675, 0x044D,  0x052F, 0x021C, 0xFF51, 0xFDB5,
  0xFE5F, 0x0040, 0xFF40, 0xFF6E,  0xFFCE, 0x0078, 0xFDD9, 0xFD1B,
  0xFE5C, 0xFDB0, 0x0051, 0xFF95,  0xFDFE, 0xFD70, 0xFD06, 0x0049,
  0x006B, 0xFFBF, 0xFF6D, 0xFD9A,  0xFFCC, 0xFF6C, 0xFD87, 0x00C5,
  0x01FB, 0x00BD, 0xFEBE, 0xFECD,  0x0522, 0x045C, 0xFFE0, 0xFE64,
  0xFDED, 0x017D, 0x023B, 0xFFCF,  0xFCCD, 0xFDCA, 0x0069, 0x005D,
  0xFE63, 0xFFCA, 0x02DB, 0x025E,  0x008A, 0x0108, 0x00F2, 0xFCA1,
  0xFE73, 0xFF94, 0xFE16, 0x0044,  0xFDB4, 0x015B, 0x025D, 0xFF6B,
  0x0082, 0xFE7E, 0x02DD, 0x0056,  0x002E, 0x01C4, 0xFEDD, 0x0078,
  0x0046, 0xFED3, 0xFF83, 0xFFC4,  0x027C, 0x00D9, 0xFE8A, 0x003C,
  0xFFBA, 0x00EE, 0xFEAF, 0xFFBE,  0xFFD7, 0x01EA, 0x0048, 0xFEA0,
  0xFF33, 0x0082, 0x00A7, 0x0030,  0x00DE, 0xFF00, 0xFF3D, 0xFCF4,
  0x0067, 0x03AD, 0x00B4, 0xFDFB,  0xFF9F, 0x0048, 0x009D, 0x0103,
  0x01A0, 0x0205, 0xFF86, 0xFC00,  0xFC62, 0xFEEB, 0x02EE, 0x01CD,
  0x0098, 0x009B, 0xFC31, 0xFFE5,  0x021B, 0x04D3, 0xFEE3, 0xF9D3,
  0x00FF, 0x03CA, 0x00B8, 0xFB02,  0xFB78, 0x03FA, 0x0689, 0xFF8B,
  0xFBB1, 0xFF35, 0x02FD, 0x016A,  0xFF45, 0xFF80, 0x0041, 0x007E,
  0x01BA, 0xFDAA, 0xFC2E, 0xFD59,  0x02EF, 0x0416, 0xFEFE, 0xFCDF,
  0xFE36, 0x04EC, 0x0161, 0xFC14,  0xFD89, 0x00FA, 0x02EB, 0xFEF9,
  0xFCC0, 0x0222, 0x016C, 0xFFB9,  0xFE64, 0xFE67, 0xFF5C, 0xFFA0,
  0xFFEA, 0xFD6D, 0xFCFD, 0x0044,  0x0221, 0x01B6, 0xFE01, 0xFE13,
  0x0182, 0xFF09, 0xFF91, 0xFF3D,  0xFF81, 0x01AF, 0x01A8, 0x0023,
  0x00B3, 0xFFD1, 0x01D1, 0xFF9E,  0xFFBC, 0x0148, 0x0046, 0x0049,
  0xFE90, 0x011D, 0xFF91, 0xFEFA,  0xFF49, 0xFFC0, 0x026A, 0x0137,
  0xFF7F, 0xFF61, 0x0016, 0x0115,  0xFFB0, 0xFFDE, 0xFFB1, 0x0235,
  0xFED2, 0xFDFC, 0xFFCB, 0x0090,  0x01E1, 0xFF7E, 0x0062, 0xFFFA,
  0x01BB, 0x003A, 0xFF7C, 0x011F,  0xFE93, 0x002F, 0xFFB9, 0xFFB8,
  0xFEE9, 0xFDD8, 0x024C, 0x0073,  0x009B, 0xFE0D, 0xFD68, 0xFFCD,
  0xFFEF, 0xFFB8, 0xFE8D, 0xFF8C,  0xFF27, 0xFFB4, 0xFF4B, 0xFF3C,
  0xFE6A, 0xFF6A, 0x000F, 0xFF8A,  0xFF14, 0xFDAF, 0xFE28, 0xFFA8,
  0xFF97, 0xFE1C, 0xFE3E, 0xFFC3,  0x0133, 0x0025, 0xFF09, 0xFDED,
  0xFE95, 0xFFE8, 0xFFBB, 0xFE61,  0xFEC3, 0x0067, 0x0175, 0x016E,
  0xFEB8, 0xFF1B, 0x0106, 0x0131,  0x0029, 0xFF9B, 0x0065, 0x0262,
  0x0288, 0x01DC, 0x0140, 0x028C,  0x032B, 0x024E, 0x0161, 0x01F7,
  0x03B2, 0x041C, 0x0320, 0x00D7,  0x034D, 0x0482, 0x0472, 0x021D,
  0x01D8, 0x0510, 0x0464, 0x0289,  0x00E0, 0x027E, 0x0288, 0x0146,
  0x014B, 0x01AD, 0x023A, 0xFFC0,  0xFE32, 0xFE9F, 0xFEE2, 0xFDB4,
  0xFDD0, 0xFDED, 0xFF3F, 0xFEF5,  0xFC6A, 0xFA97, 0xF9D5, 0xFB54,
  0xFB15, 0xF8C8, 0xF86F, 0xFA89,  0xFA92, 0xFA6C, 0xF7F6, 0xF784,
  0xF793, 0xF84C, 0xF978, 0xF706,  0xF7A5, 0xF83A, 0xF8F5, 0xF8B5,
  0xF852, 0xF9C8, 0xFB2E, 0xFC3A,  0xFC09, 0xFCC1, 0xFE23, 0xFFB6,
  0xFF82, 0x0064, 0x01DB, 0x0343,  0x0613, 0x0566, 0x0617, 0x0812,
  0x09A9, 0x0C33, 0x0C94, 0x0D83,  0x0E80, 0x0EF5, 0x0FCA, 0x0E80,
  0x0E88, 0x0F58, 0x0FA0, 0x0F8F,  0x0E69, 0x0EA0, 0x0E8B, 0x0DF0,
  0x0D3B, 0x0B6F, 0x0A13, 0x090E,  0x074D, 0x0763, 0x0695, 0x0484,
  0x02B0, 0x00B6, 0x0058, 0xFE85,  0xFB4D, 0xF916, 0xF8CB, 0xF9C4,
  0xF934, 0xF6A6, 0xF4EA, 0xF310,  0xF0A6, 0xEECA, 0xEE37, 0xEE9C,
  0xEE71, 0xEE82, 0xEDB0, 0xECC0,  0xEC0F, 0xEB41, 0xEA35, 0xE876,
  0xE611, 0xE507, 0xE4F3, 0xE5ED,  0xE700, 0xE7CB, 0xE964, 0xEB8F,
  0xEFA8, 0xF303, 0xF597, 0xF7CA,  0xFB22, 0xFF3B, 0x02CA, 0x0509,
  0x0749, 0x0B01, 0x0F6D, 0x1399,  0x163C, 0x1918, 0x1AC4, 0x1CFF,
  0x1ECE, 0x2034, 0x217D, 0x220C,  0x2208, 0x2240, 0x218A, 0x2091,
  0x2084, 0x1E36, 0x19CC, 0x15E9,  0x146F, 0x12E2, 0x0FDC, 0x0B29,
  0x0755, 0x05C2, 0x04E8, 0x02CC,  0xFFBB, 0xFD29, 0xFCD3, 0xFDCE,
  0xFBD9, 0xF8F4, 0xF78E, 0xF7A5,  0xF7D7, 0xF721, 0xF600, 0xF56A,
  0xF53E, 0xF474, 0xF2F3, 0xF063,  0xEF18, 0xEE76, 0xEDDA, 0xECD9,
  0xEA9F, 0xE877, 0xE6C1, 0xE535,  0xE299, 0xE015, 0xDDEC, 0xDBB4,
  0xD9AA, 0xDACB, 0xDDA4, 0xDF3A,  0xE1A8, 0xE5D9, 0xEC3B, 0xEF69,
  0xF04A, 0xF3F0, 0xF9E6, 0xFF04,  0x00C3, 0x03B4, 0x0A8D, 0x125E,
  0x16FB, 0x1960, 0x1D12, 0x2181,  0x2570, 0x264F, 0x2645, 0x2843,
  0x2AEE, 0x2BD7, 0x2A3C, 0x28CA,  0x27E6, 0x2641, 0x2254, 0x1D7A,
  0x18CB, 0x14B9, 0x116C, 0x0E01,  0x09CF, 0x0622, 0x042A, 0x0213,
  0xFDE6, 0xF964, 0xF71E, 0xF6CA,  0xF787, 0xF772, 0xF607, 0xF613,
  0xF7FB, 0xFA21, 0xF9C8, 0xF78D,  0xF716, 0xF797, 0xF753, 0xF671,
  0xF53C, 0xF424, 0xF34C, 0xF29C,  0xF15C, 0xEE58, 0xEAF3, 0xE933,
  0xE7D4, 0xE5CF, 0xE21C, 0xDF28,  0xDD5F, 0xDBDA, 0xDAA5, 0xDA30,
  0xD955, 0xDA26, 0xDC9E, 0xE1D1,  0xE7B4, 0xE91D, 0xEC34, 0xF199,
  0xF87D, 0xFD37, 0xFF8A, 0x0496,  0x0ABA, 0x1120, 0x1635, 0x19C9,
  0x1F5B, 0x2479, 0x286A, 0x2A3A,  0x2B6B, 0x2DAE, 0x2F28, 0x2F7B,
  0x2DBE, 0x2C52, 0x2B32, 0x292B,  0x256D, 0x2183, 0x1DE7, 0x1917,
  0x13DE, 0x0F4E, 0x0C1D, 0x0871,  0x03A0, 0xFFAC, 0xFCE9, 0xFAE7,
  0xF85C, 0xF557, 0xF345, 0xF3B3,  0xF510, 0xF5C1, 0xF4BA, 0xF4A6,
  0xF654, 0xF814, 0xF8AE, 0xF78E,  0xF6FD, 0xF74F, 0xF827, 0xF819,
  0xF56B, 0xF2D6, 0xF1DF, 0xF0F9,  0xEF2C, 0xEABA, 0xE705, 0xE526,
  0xE4FF, 0xE2B1, 0xDE36, 0xD9F8,  0xD771, 0xD796, 0xD849, 0xD6F3,
  0xD70C, 0xDAF4, 0xE276, 0xE7FE,  0xE8EF, 0xEB6A, 0xF0E2, 0xF88D,
  0xFC74, 0xFED2, 0x02DB, 0x0A58,  0x1330, 0x1928, 0x1CD0, 0x20FB,
  0x2732, 0x2C3B, 0x2DBD, 0x2D82,  0x2ECE, 0x313C, 0x3239, 0x30DA,
  0x2F51, 0x2E38, 0x2CB3, 0x295E,  0x2489, 0x1F24, 0x1A86, 0x159A,
  0x1073, 0x0B7E, 0x0727, 0x0340,  0xFF61, 0xFC7E, 0xF9A7, 0xF7D3,
  0xF591, 0xF3AD, 0xF337, 0xF33F,  0xF3AC, 0xF422, 0xF517, 0xF649,
  0xF7AB, 0xF894, 0xF87C, 0xF81E,  0xF7DC, 0xF713, 0xF5B2, 0xF414,
  0xF254, 0xF08C, 0xEE9F, 0xEC19,  0xE8FA, 0xE5B7, 0xE2E6, 0xE15E,
  0xDE5B, 0xDA80, 0xD6D1, 0xD4B4,  0xD544, 0xD649, 0xD5FD, 0xD55C,
  0xDA00, 0xE145, 0xE65C, 0xE78D,  0xEA3F, 0xF101, 0xF892, 0xFDD1,
  0x0036, 0x0494, 0x0CA0, 0x15C5,  0x1BD3, 0x1ED1, 0x22E3, 0x29A6,
  0x2EFF, 0x301B, 0x2FA3, 0x30F8,  0x33F8, 0x34E4, 0x32BA, 0x30A2,
  0x2F05, 0x2D6E, 0x2A2E, 0x252D,  0x1FAE, 0x1A80, 0x158E, 0x1055,
  0x0A87, 0x055C, 0x0175, 0xFDC3,  0xFA92, 0xF74A, 0xF525, 0xF472,
  0xF41F, 0xF398, 0xF394, 0xF482,  0xF5E2, 0xF7AD, 0xF937, 0xF9DA,
  0xFA6E, 0xFAF1, 0xFAC9, 0xF9F8,  0xF7D9, 0xF625, 0xF45F, 0xF298,
  0xF035, 0xECED, 0xEA82, 0xE7F6,  0xE520, 0xE156, 0xDE0F, 0xDB46,
  0xD82C, 0xD494, 0xD25A, 0xD28F,  0xD341, 0xD3C3, 0xD5CB, 0xDBA1,
  0xE18D, 0xE502, 0xE825, 0xED63,  0xF3D0, 0xF8D8, 0xFD2A, 0x023B,
  0x0897, 0x104F, 0x178A, 0x1D3A,  0x224B, 0x285A, 0x2D8A, 0x3050,
  0x30B8, 0x31D5, 0x3477, 0x3529,  0x347E, 0x330A, 0x31EC, 0x3039,
  0x2C7F, 0x2797, 0x2214, 0x1CC2,  0x173D, 0x10EE, 0x0B73, 0x06E2,
  0x0271, 0xFEBC, 0xFB13, 0xF7F6,  0xF62D, 0xF397, 0xF23A, 0xF224,
  0xF250, 0xF35B, 0xF45D, 0xF588,  0xF83C, 0xF9ED, 0xFA8C, 0xFA46,
  0xFA0D, 0xFC09, 0xF9D3, 0xF7D8,  0xF5CE, 0xF2C3, 0xF209, 0xEEF4,
  0xECC8, 0xEB78, 0xE8F3, 0xE736,  0xE12A, 0xDBF3, 0xD600, 0xD2D8,
  0xD519, 0xD455, 0xD8B3, 0xD96E,  0xD87A, 0xDBF5, 0xDC46, 0xE015,
  0xE9EA, 0xEEFD, 0xF209, 0xF603,  0xF8FA, 0xFF2C, 0x06D1, 0x0B26,
  0x116D, 0x1770, 0x1C6C, 0x22D4,  0x26EE, 0x2C01, 0x300E, 0x33E1,
  0x350F, 0x36CC, 0x3772, 0x3661,  0x345C, 0x2E77, 0x29C9, 0x2519,
  0x1FE3, 0x1C3B, 0x15A1, 0x1078,  0x0AB8, 0x0454, 0x0056, 0xFBC1,
  0xFA01, 0xF67E, 0xF300, 0xF08F,  0xF281, 0xF48B, 0xF492, 0xF54D,
  0xF9F1, 0xFE57, 0xFFC3, 0x0040,  0x001F, 0x052F, 0x0790, 0x0570,
  0x00E3, 0xFC19, 0xFACF, 0xF8B2,  0xF2E1, 0xED25, 0xE7D4, 0xE47D,
  0xE028, 0xD9BB, 0xD445, 0xD0A0,  0xCCA1, 0xC934, 0xC583, 0xC466,
  0xC739, 0xCA46, 0xCDB5, 0xD0C7,  0xD857, 0xE1F8, 0xEC51, 0xF258,
  0xF7A7, 0x0030, 0x0A5B, 0x1441,  0x1A7A, 0x2045, 0x27ED, 0x307A,
  0x3617, 0x38EF, 0x39EF, 0x3B3C,  0x3BEE, 0x3A80, 0x368C, 0x31A3,
  0x2D5B, 0x297F, 0x2560, 0x1FDA,  0x18B4, 0x122C, 0x0D44, 0x08A7,
  0x02FC, 0xFC35, 0xF81F, 0xF645,  0xF594, 0xF510, 0xF384, 0xF488,
  0xF5D2, 0xF845, 0xFA6F, 0xFC05,  0xFDE7, 0x0088, 0x0508, 0x0954,
  0x0C4E, 0x0EAC, 0x109A, 0x1222,  0x11A7, 0x0EA7, 0x0996, 0x029B,
  0xFD5C, 0xF6DD, 0xEFF0, 0xE75B,  0xE197, 0xDCB5, 0xD919, 0xD40F,
  0xCEBC, 0xCAD4, 0xC7DC, 0xC67F,  0xC34A, 0xC010, 0xBD58, 0xBDD3,
  0xBF4D, 0xC33F, 0xC5F1, 0xCC86,  0xD7DC, 0xE984, 0xFA4B, 0x04E4,
  0x0F58, 0x1C87, 0x2AD3, 0x356A,  0x38AF, 0x39C1, 0x3D5D, 0x42A5,
  0x4733, 0x4554, 0x41F0, 0x3D7E,  0x3C05, 0x3676, 0x2DAB, 0x2292,
  0x188C, 0x1353, 0x0CFA, 0x06F5,  0xFF74, 0xFA55, 0xF901, 0xF7C4,
  0xF541, 0xF1B9, 0xEF36, 0xF055,  0xF3C7, 0xF72C, 0xF951, 0xFC37,
  0x024E, 0x0919, 0x0E3B, 0x0FD7,  0x1122, 0x1379, 0x15CC, 0x16F4,
  0x1549, 0x138D, 0x117A, 0x1014,  0x0B8F, 0x0502, 0xFBB9, 0xF354,
  0xEB13, 0xE346, 0xDA64, 0xD378,  0xCE8D, 0xCB35, 0xC8E6, 0xC545,
  0xC3E6, 0xC1AE, 0xC150, 0xBF09,  0xBD9E, 0xBCA2, 0xBE21, 0xC18F,
  0xC9B3, 0xCFE7, 0xDBF9, 0xEB1A,  0x005D, 0x11ED, 0x1CEB, 0x2B0E,
  0x3455, 0x404B, 0x421B, 0x447B,  0x438E, 0x44AE, 0x45B6, 0x42D4,
  0x3EE8, 0x3805, 0x3194, 0x2A1F,  0x200F, 0x14C7, 0x09A4, 0x0202,
  0xFE6D, 0xF9AF, 0xF6D4, 0xF454,  0xF68F, 0xF8BE, 0xFA43, 0xFA41,
  0xF9EF, 0xFBCB, 0xFE71, 0x01CA,  0x048F, 0x0701, 0x0BFF, 0x1194,
  0x1711, 0x18D1, 0x19C1, 0x1A07,  0x1938, 0x17DD, 0x1396, 0x0FCA,
  0x0B1B, 0x0763, 0x02CD, 0xFDB2,  0xF569, 0xEE18, 0xE5EF, 0xDECA,
  0xD579, 0xCDD6, 0xC729, 0xC486,  0xC333, 0xC0D9, 0xC1F3, 0xC2A8,
  0xC6D2, 0xC798, 0xC8E2, 0xC95D,  0xCBB7, 0xCD0E, 0xD16F, 0xD59B,
  0xDF21, 0xE744, 0xF64E, 0x0725,  0x177D, 0x24F7, 0x2C4C, 0x3A6C,
  0x3D43, 0x422F, 0x3E58, 0x3CD9,  0x39DB, 0x365A, 0x349E, 0x2E46,
  0x29FD, 0x2323, 0x1D9D, 0x16C2,  0x0DC9, 0x051A, 0xFE8F, 0xFA1A,
  0xF9BD, 0xF6D0, 0xF9EA, 0xFB89,  0x00C8, 0x05AF, 0x0759, 0x0A62,
  0x0916, 0x0BE1, 0x0B81, 0x0CDC,  0x0CA5, 0x0D20, 0x1141, 0x13DF,
  0x167B, 0x16AD, 0x15F1, 0x1644,  0x1329, 0x1082, 0x0A33, 0x0491,
  0x0061, 0xFB74, 0xF79A, 0xEF83,  0xEB99, 0xE4FE, 0xE14B, 0xD9F9,
  0xD4A7, 0xD02E, 0xCDFB, 0xCBAF,  0xCA30, 0xC928, 0xC8FD, 0xCB29,
  0xCDC4, 0xD189, 0xD09A, 0xD262,  0xD043, 0xD4E8, 0xD472, 0xDA5C,
  0xDBA4, 0xE586, 0xF0B9, 0x004B,  0x1146, 0x1A65, 0x28F9, 0x2E9A,
  0x3AA9, 0x3CD1, 0x3B79, 0x37C1,  0x34A1, 0x3337, 0x31C2, 0x2A62,
  0x26B7, 0x2102, 0x1FA8, 0x1B51,  0x1328, 0x0DDC, 0x0646, 0x05EA,
  0x0126, 0x0071, 0xFD66, 0xFE9C,  0x0220, 0x0580, 0x07C7, 0x081C,
  0x0899, 0x0A9E, 0x0BA5, 0x0BE0,  0x0A4E, 0x0A01, 0x0BFE, 0x0CCC,
  0x1019, 0x0ED6, 0x104F, 0x0F70,  0x10D9, 0x0F9B, 0x0C7A, 0x0848,
  0x040A, 0x007B, 0xFB46, 0xF62D,  0xEEC1, 0xEB55, 0xE54B, 0xE373,
  0xDBE6, 0xD9E7, 0xD4DA, 0xD38A,  0xD191, 0xCE27, 0xCD58, 0xCA40,
  0xCD74, 0xCB3F, 0xCD96, 0xCB6B,  0xCE33, 0xCEA6, 0xD3F2, 0xD58B,
  0xDD82, 0xE23C, 0xEDB5, 0xF904,  0x06BC, 0x1647, 0x19D7, 0x29BF,
  0x2CC2, 0x394F, 0x3637, 0x3738,  0x35A6, 0x3286, 0x340D, 0x2C89,
  0x293E, 0x23B2, 0x20E1, 0x1CDC,  0x18B2, 0x11D4, 0x0E2B, 0x095F,
  0x08F8, 0x0489, 0x03ED, 0x00FD,  0x01D9, 0x03EF, 0x0486, 0x0684,
  0x0541, 0x0874, 0x076A, 0x0995,  0x08F1, 0x0860, 0x08CE, 0x0A33,
  0x0BEA, 0x0D08, 0x0E10, 0x0FCC,  0x1044, 0x1114, 0x0FEE, 0x0CD3,
  0x0AB6, 0x0585, 0x02CD, 0xFCAE,  0xF81F, 0xF194, 0xED70, 0xE95F,
  0xE45D, 0xE0ED, 0xDC12, 0xD9FE,  0xD5FA, 0xD505, 0xD1A1, 0xD0C7,
  0xCE71, 0xCDC5, 0xCD5A, 0xCDA6,  0xCDCD, 0xCE1F, 0xCEE8, 0xCFE0,
  0xD393, 0xD5AA, 0xDD84, 0xE14B,  0xECD4, 0xF5C0, 0x05EE, 0x120F,
  0x1A7F, 0x25D0, 0x2DAF, 0x394D,  0x3983, 0x3B02, 0x35F8, 0x365C,
  0x3444, 0x2F6C, 0x29B5, 0x239E,  0x2204, 0x1E80, 0x1B39, 0x157E,
  0x108B, 0x0D30, 0x0B36, 0x06C5,  0x0456, 0x0031, 0x013B, 0x01F4,
  0x0231, 0x024A, 0x01A0, 0x042C,  0x04A0, 0x0565, 0x0508, 0x0579,
  0x0622, 0x0774, 0x091F, 0x0A96,  0x0CB5, 0x0E2D, 0x1070, 0x11A6,
  0x10A9, 0x1015, 0x0D48, 0x0AAE,  0x057A, 0xFF50, 0xFA0C, 0xF30A,
  0xEEFA, 0xE8BA, 0xE520, 0xE1B8,  0xDEF6, 0xDD46, 0xDA62, 0xD907,
  0xD6AC, 0xD602, 0xD288, 0xD102,  0xCDF6, 0xCD0A, 0xCC27, 0xCBD2,
  0xCB55, 0xCBD6, 0xCE31, 0xD24B,  0xD8B4, 0xDF90, 0xE8E5, 0xF188,
  0x037C, 0x0D48, 0x19E2, 0x2261,  0x2D64, 0x36F1, 0x386E, 0x3CB7,
  0x37AC, 0x396B, 0x3594, 0x3177,  0x2B9E, 0x25E8, 0x2295, 0x1DCA,
  0x1B52, 0x1615, 0x12C0, 0x1023,  0x0D39, 0x0A4B, 0x06CA, 0x03A9,
  0x01F5, 0x003C, 0xFF59, 0xFDB2,  0xFE76, 0xFFA7, 0xFFD9, 0x01D6,
  0x0216, 0x0389, 0x04C1, 0x0554,  0x075B, 0x07AF, 0x0A47, 0x0BC0,
  0x0D32, 0x0FBF, 0x0FB2, 0x11E1,  0x10DA, 0x0F3C, 0x0B84, 0x072E,
  0x01D6, 0xF9DE, 0xF454, 0xECC3,  0xE7E2, 0xE2C9, 0xDF94, 0xDCE1,
  0xDAE4, 0xDAEF, 0xD959, 0xD991,  0xD779, 0xD64F, 0xD3DD, 0xD26A,
  0xD095, 0xCF0D, 0xCE68, 0xCDB0,  0xCEDD, 0xD020, 0xD453, 0xD852,
  0xE0BB, 0xE734, 0xF256, 0xFD99,  0x0C32, 0x16FC, 0x1FB3, 0x2C9E,
  0x3217, 0x39B9, 0x3979, 0x3B30,  0x37D8, 0x35EA, 0x31EA, 0x2BE1,
  0x285C, 0x22D7, 0x20C1, 0x1C0C,  0x1A63, 0x1549, 0x12FC, 0x0F74,
  0x0C03, 0x07FD, 0x0379, 0x004C,  0xFD9C, 0xFCCF, 0xFABF, 0xFBAD,
  0xFBF7, 0xFE52, 0xFF43, 0x012B,  0x02AA, 0x0252, 0x03B8, 0x03B0,
  0x04FB, 0x052D, 0x06E3, 0x08A0,  0x0B56, 0x0E07, 0x0F85, 0x1149,
  0x1086, 0x0F1A, 0x0B50, 0x06EC,  0x0002, 0xF90C, 0xF2E1, 0xECAE,
  0xE7C4, 0xE377, 0xE0D5, 0xDE6A,  0xDDE8, 0xDCAD, 0xDC02, 0xDB16,
  0xDACB, 0xD906, 0xD673, 0xD500,  0xD261, 0xD1BE, 0xCF47, 0xCFAC,
  0xCEF0, 0xD14F, 0xD33B, 0xD766,  0xDDA5, 0xE4EF, 0xEECF, 0xF832,
  0x0785, 0x1207, 0x1E86, 0x282D,  0x333F, 0x3A37, 0x3D5B, 0x3FDF,
  0x3D44, 0x3C38, 0x3730, 0x31FE,  0x2A70, 0x253C, 0x200B, 0x1B6B,
  0x184D, 0x148A, 0x1293, 0x1061,  0x0E80, 0x0B49, 0x076C, 0x037B,
  0x0017, 0xFCD7, 0xF98E, 0xF745,  0xF67C, 0xF7C0, 0xF886, 0xFAD0,
  0xFCE6, 0xFF2A, 0x0174, 0x02F1,  0x04F6, 0x04CE, 0x0603, 0x06C5,
  0x07D5, 0x0965, 0x0B03, 0x0CC4,  0x0E57, 0x0F0D, 0x0DEA, 0x0C80,
  0x0854, 0x02C6, 0xFC2D, 0xF5C4,  0xEEBC, 0xE7FB, 0xE302, 0xDEB8,
  0xDC20, 0xDAED, 0xD9E2, 0xDA47,  0xDA48, 0xDB22, 0xDAD0, 0xDA62,
  0xD998, 0xD80B, 0xD74E, 0xD5EC,  0xD545, 0xD3C4, 0xD405, 0xD531,
  0xD7AB, 0xDBE8, 0xE2F2, 0xEA7B,  0xF552, 0x0165, 0x0F78, 0x1BA1,
  0x250D, 0x3065, 0x3794, 0x3D95,  0x3E21, 0x3DAE, 0x3B66, 0x374B,
  0x3294, 0x2BF3, 0x262B, 0x2109,  0x1C98, 0x1966, 0x16B7, 0x143D,
  0x12B4, 0x101C, 0x0E47, 0x0A1E,  0x060D, 0x013A, 0xFD49, 0xF99B,
  0xF5B8, 0xF410, 0xF2AF, 0xF410,  0xF4A9, 0xF75D, 0xFA0B, 0xFD53,
  0xFFD6, 0x0233, 0x05A6, 0x071A,  0x0A3A, 0x0B35, 0x0D64, 0x0E9D,
  0x100F, 0x1123, 0x0FCF, 0x0E4A,  0x0ABB, 0x07F2, 0x0205, 0xFC43,
  0xF5B2, 0xF00A, 0xEB31, 0xE628,  0xE331, 0xDFD0, 0xDF3B, 0xDD9E,
  0xDD78, 0xDC31, 0xDAF5, 0xDBE7,  0xDA20, 0xDAC3, 0xD87B, 0xD8F5,
  0xD8C7, 0xD8C5, 0xD90F, 0xD773,  0xD9FD, 0xD905, 0xDCAD, 0xDE79,
  0xE522, 0xEAE1, 0xF438, 0x0023,  0x0C03, 0x1922, 0x21B1, 0x301B,
  0x3635, 0x3DC3, 0x3EF5, 0x3FE7,  0x3DE2, 0x3895, 0x34D5, 0x2B48,
  0x2622, 0x1E76, 0x19FC, 0x161A,  0x1213, 0x10CF, 0x0EEE, 0x0F35,
  0x0D81, 0x0B0E, 0x082D, 0x04D0,  0x0162, 0xFC45, 0xF873, 0xF4BA,
  0xF295, 0xF117, 0xF188, 0xF2B8,  0xF571, 0xF878, 0xFC2C, 0x00D3,
  0x0409, 0x07C3, 0x0AC0, 0x0E4B,  0x0F57, 0x10AE, 0x1132, 0x110C,
  0x103E, 0x0D33, 0x0ACC, 0x065B,  0x023D, 0xFCE7, 0xF740, 0xF291,
  0xEDA1, 0xEAA7, 0xE6C1, 0xE481,  0xE250, 0xE0BB, 0xE076, 0xDEC2,
  0xDE18, 0xDC90, 0xDC05, 0xDB46,  0xDACA, 0xDA30, 0xDA22, 0xDA9F,
  0xDC3F, 0xDCDB, 0xDCAE, 0xDCC7,  0xDDD8, 0xDF0C, 0xE0D2, 0xE499,
  0xE9A4, 0xF1F4, 0xFB73, 0x0892,  0x1393, 0x1FE1, 0x2AF3, 0x34D4,
  0x3C7B, 0x3FDC, 0x41D0, 0x3FA5,  0x3C1B, 0x360C, 0x2EBA, 0x25D1,
  0x1DFB, 0x1733, 0x1260, 0x0E50,  0x0C20, 0x0BB6, 0x0BF2, 0x0D49,
  0x0CBA, 0x0C38, 0x09A7, 0x074D,  0x034E, 0xFE8D, 0xF97C, 0xF4E1,
  0xF18B, 0xEF3A, 0xEEA7, 0xEE74,  0xF189, 0xF4E1, 0xFA0E, 0xFEBA,
  0x04B7, 0x0A5D, 0x0EFB, 0x134D,  0x14B3, 0x160D, 0x1554, 0x13D4,
  0x1024, 0x0B78, 0x068F, 0x00FF,  0xFBB3, 0xF61C, 0xF0EA, 0xEC92,
  0xE969, 0xE6AE, 0xE4A8, 0xE2DD,  0xE24F, 0xE1D0, 0xE15E, 0xE074,
  0xDEDF, 0xDE78, 0xDD1B, 0xDD76,  0xDBB2, 0xDC18, 0xDBA9, 0xDCDA,
  0xDDDE, 0xDE07, 0xDF4D, 0xDFD5,  0xE31F, 0xE419, 0xE82D, 0xEB8E,
  0xF324, 0xF8BE, 0x0212, 0x0CC9,  0x1731, 0x20F7, 0x2854, 0x3349,
  0x377E, 0x3BE9, 0x3B78, 0x3A80,  0x3709, 0x3052, 0x2A33, 0x217E,
  0x1B44, 0x1487, 0x0FA1, 0x0D23,  0x0ABE, 0x0AA8, 0x0A8A, 0x0C93,
  0x0D2B, 0x0C5F, 0x0B61, 0x0901,  0x06BE, 0x01A7, 0xFD7E, 0xF893,
  0xF551, 0xF234, 0xF097, 0xF0A8,  0xF1E8, 0xF519, 0xF8A8, 0xFED9,
  0x0317, 0x0859, 0x0CB1, 0x10E5,  0x134F, 0x134C, 0x133C, 0x10C7,
  0x0E50, 0x0949, 0x04B9, 0xFF2E,  0xFA02, 0xF525, 0xF02B, 0xED23,
  0xE99B, 0xE7DC, 0xE63E, 0xE5A4,  0xE582, 0xE56B, 0xE613, 0xE62B,
  0xE610, 0xE550, 0xE422, 0xE3C8,  0xE29B, 0xE1AD, 0xE042, 0xE001,
  0xDFDE, 0xDFA9, 0xE02C, 0xDFF3,  0xE174, 0xE26C, 0xE4B2, 0xE5FF,
  0xE9B0, 0xEE7F, 0xF4CF, 0xFB34,  0x0383, 0x0DDD, 0x1721, 0x210D,
  0x27D1, 0x310B, 0x357F, 0x38EE,  0x3975, 0x3774, 0x34FA, 0x2E50,
  0x2900, 0x214C, 0x1B29, 0x14F7,  0x0FF0, 0x0D9D, 0x0B25, 0x0B0D,
  0x0B2A, 0x0CEB, 0x0DCF, 0x0D7E,  0x0CE8, 0x0B19, 0x08FB, 0x045D,
  0xFFD5, 0xFB2D, 0xF727, 0xF353,  0xF0C7, 0xEFF5, 0xEFEF, 0xF293,
  0xF583, 0xFA9B, 0xFF23, 0x044D,  0x098A, 0x0DAC, 0x10A1, 0x111B,
  0x1184, 0x0FC7, 0x0D66, 0x090D,  0x0461, 0xFF5C, 0xFA2A, 0xF59E,
  0xF0E6, 0xED74, 0xEA31, 0xE86B,  0xE76C, 0xE709, 0xE6D6, 0xE6FD,
  0xE796, 0xE7EC, 0xE7F5, 0xE746,  0xE709, 0xE647, 0xE5B0, 0xE4A3,
  0xE42F, 0xE385, 0xE29C, 0xE2DE,  0xE241, 0xE292, 0xE1BD, 0xE307,
  0xE42C, 0xE572, 0xE75F, 0xEB59,  0xF1CF, 0xF748, 0xFF3B, 0x07F3,
  0x13C0, 0x1C01, 0x24CB, 0x2D25,  0x33F4, 0x3883, 0x38A8, 0x3957,
  0x35A9, 0x31A2, 0x2B1B, 0x23BA,  0x1D58, 0x1689, 0x117B, 0x0D37,
  0x0BAB, 0x0ADA, 0x0AC5, 0x0C6A,  0x0E00, 0x0EFC, 0x0E2A, 0x0D1F,
  0x0B7F, 0x0813, 0x0364, 0xFE02,  0xF975, 0xF51B, 0xF0CC, 0xEE40,
  0xED4B, 0xEDF3, 0xF00A, 0xF3BC,  0xF8D7, 0xFDFA, 0x032D, 0x08B6,
  0x0D51, 0x1029, 0x1175, 0x1158,  0x102C, 0x0CCD, 0x0850, 0x0311,
  0xFDD6, 0xF889, 0xF352, 0xEF15,  0xEBC9, 0xE9E4, 0xE820, 0xE7EC,
  0xE830, 0xE8C7, 0xE9A3, 0xEAFF,  0xEC5F, 0xECAC, 0xECB5, 0xEC44,
  0xEC03, 0xEA80, 0xE8B2, 0xE787,  0xE624, 0xE522, 0xE376, 0xE38E,
  0xE338, 0xE363, 0xE3BA, 0xE4E9,  0xE68B, 0xE7D0, 0xEB57, 0xEF14,
  0xF588, 0xFA2B, 0x02B4, 0x0B79,  0x14D5, 0x1CEB, 0x239B, 0x2CD8,
  0x30F1, 0x353B, 0x3528, 0x34EF,  0x3237, 0x2D3C, 0x283D, 0x20FB,
  0x1BCC, 0x1571, 0x1140, 0x0DEC,  0x0BF6, 0x0B16, 0x0AB9, 0x0BF7,
  0x0CB0, 0x0C6C, 0x0B72, 0x0A64,  0x085B, 0x0486, 0xFFD0, 0xFB7B,
  0xF6EE, 0xF2E0, 0xEFBE, 0xED8B,  0xED4B, 0xEE52, 0xF0CF, 0xF51D,
  0xF9ED, 0xFEFE, 0x044C, 0x097D,  0x0DF0, 0x1024, 0x1194, 0x117E,
  0x104C, 0x0D4B, 0x0908, 0x049C,  0xFF2E, 0xFA71, 0xF578, 0xF186,
  0xEDEC, 0xEB1E, 0xEA0F, 0xE985,  0xEA51, 0xEA60, 0xEBDD, 0xEDB2,
  0xEF28, 0xF022, 0xF02A, 0xF074,  0xEFCC, 0xEEEE, 0xED37, 0xEB5C,
  0xE9DB, 0xE8C1, 0xE77E, 0xE6BC,  0xE61C, 0xE66A, 0xE67D, 0xE6D7,
  0xE759, 0xE86A, 0xE955, 0xEAE8,  0xEE2F, 0xF21A, 0xF724, 0xFB9D,
  0x04CF, 0x0C3D, 0x14AF, 0x1B9E,  0x22F2, 0x2AAA, 0x2DDB, 0x326C,
  0x315A, 0x31CC, 0x2F67, 0x2AFE,  0x26DF, 0x2034, 0x1C8A, 0x1612,
  0x12EF, 0x0FE7, 0x0D22, 0x0C2F,  0x0AC8, 0x0BE1, 0x0A40, 0x09B1,
  0x0809, 0x0609, 0x03B8, 0xFF81,  0xFBBE, 0xF761, 0xF47E, 0xF130,
  0xEEE2, 0xEDC5, 0xEE30, 0xEF9F,  0xF270, 0xF64F, 0xFA17, 0xFF34,
  0x03E1, 0x08CD, 0x0C21, 0x0EE5,  0x1038, 0x10B5, 0x0FC0, 0x0D11,
  0x09B0, 0x0514, 0x00CB, 0xFB43,  0xF6D0, 0xF1CE, 0xEE61, 0xEB55,
  0xE9CF, 0xE924, 0xE8FC, 0xEA46,  0xEC17, 0xEEB7, 0xF098, 0xF302,
  0xF497, 0xF5EE, 0xF658, 0xF57E,  0xF409, 0xF17A, 0xEF10, 0xEC47,
  0xE997, 0xE785, 0xE550, 0xE502,  0xE411, 0xE577, 0xE5D2, 0xE7C5,
  0xE950, 0xEC29, 0xEECF, 0xF137,  0xF5E9, 0xF8D0, 0xFEF9, 0x026D,
  0x0AED, 0x0FC3, 0x15E0, 0x1C3E,  0x212A, 0x27B1, 0x2928, 0x2D96,
  0x2D46, 0x2DCA, 0x2CF6, 0x2948,  0x26CF, 0x21CA, 0x1E6F, 0x1982,
  0x1561, 0x1247, 0x0E1A, 0x0C45,  0x0955, 0x080D, 0x056F, 0x033A,
  0x01CD, 0xFF45, 0xFD79, 0xFA36,  0xF82A, 0xF604, 0xF481, 0xF374,
  0xF24D, 0xF2D2, 0xF3C6, 0xF5AF,  0xF864, 0xFB54, 0xFEB6, 0x027E,
  0x0675, 0x0A05, 0x0C31, 0x0E42,  0x0F31, 0x0F46, 0x0E18, 0x0B89,
  0x0878, 0x047A, 0x0093, 0xFB6E,  0xF6F9, 0xF2CA, 0xEF79, 0xEC75,
  0xEAEE, 0xEA20, 0xEA20, 0xEB54,  0xECA1, 0xEEE5, 0xF09F, 0xF34D,
  0xF4B5, 0xF5E4, 0xF623, 0xF584,  0xF415, 0xF12B, 0xEE58, 0xEA8E,
  0xE782, 0xE4B3, 0xE2BC, 0xE12A,  0xE08E, 0xE10F, 0xE24B, 0xE443,
  0xE6BF, 0xE952, 0xEC2C, 0xEF98,  0xF28A, 0xF699, 0xFA1B, 0xFF55,
  0x03DD, 0x0A40, 0x1081, 0x15FB,  0x1CCC, 0x225C, 0x28D6, 0x2C38,
  0x2FB4, 0x31C9, 0x317C, 0x3137,  0x2E01, 0x2ABA, 0x25E8, 0x201C,
  0x1B98, 0x1538, 0x111F, 0x0C0F,  0x088D, 0x0623, 0x0353, 0x025E,
  0x0010, 0xFF65, 0xFE3A, 0xFCAB,  0xFBA7, 0xF9E8, 0xF8E0, 0xF78F,
  0xF686, 0xF67C, 0xF631, 0xF762,  0xF86C, 0xFAFD, 0xFDAA, 0x0070,
  0x040D, 0x0709, 0x0A5E, 0x0C16,  0x0DDE, 0x0E6C, 0x0E01, 0x0CD8,
  0x0A52, 0x0787, 0x0384, 0xFFD9,  0xFB83, 0xF73E, 0xF392, 0xF03F,
  0xEDC6, 0xEBA5, 0xEADD, 0xE9F7,  0xEA74, 0xEAFA, 0xEC34, 0xED5F,
  0xEE94, 0xF00F, 0xF067, 0xF165,  0xF0D3, 0xF0AE, 0xEF06, 0xED4E,
  0xEB2E, 0xE8A8, 0xE675, 0xE457,  0xE322, 0xE28A, 0xE28F, 0xE321,
  0xE4AA, 0xE6A4, 0xE92E, 0xEBB6,  0xEF4D, 0xF24D, 0xF61C, 0xF996,
  0xFF4F, 0x0347, 0x08E3, 0x0EC2,  0x15F5, 0x1C6E, 0x20FC, 0x2863,
  0x2BFB, 0x3126, 0x3243, 0x33AD,  0x32EA, 0x3051, 0x2DB4, 0x27C4,
  0x2322, 0x1D10, 0x179B, 0x1270,  0x0D61, 0x0A0C, 0x068D, 0x04B0,
  0x03DC, 0x0265, 0x018C, 0x0073,  0x0023, 0xFEBE, 0xFD18, 0xFB5C,
  0xF9CB, 0xF858, 0xF726, 0xF64A,  0xF667, 0xF746, 0xF8D2, 0xFB60,
  0xFDDD, 0x011C, 0x03CA, 0x0705,  0x092B, 0x0ADA, 0x0B56, 0x0B2E,
  0x0A46, 0x0800, 0x0583, 0x01C6,  0xFEAA, 0xFAC7, 0xF768, 0xF400,
  0xF137, 0xEF96, 0xEDB5, 0xECFA,  0xEC5D, 0xECA4, 0xED1C, 0xED9E,
  0xEE8D, 0xEEDA, 0xEFC2, 0xF035,  0xF095, 0xF0BC, 0xF08B, 0xF02C,
  0xEF54, 0xEE61, 0xECE6, 0xEB53,  0xE9D2, 0xE865, 0xE6C5, 0xE576,
  0xE4DD, 0xE514, 0xE55D, 0xE6AC,  0xE7FE, 0xEA79, 0xECC5, 0xEFB0,
  0xF240, 0xF59E, 0xF88C, 0xFC1B,  0x0081, 0x0529, 0x0B10, 0x0F64,
  0x1876, 0x1E89, 0x25FF, 0x2B2D,  0x30EB, 0x36AE, 0x3787, 0x39C8,
  0x36D1, 0x355D, 0x30CA, 0x2A50,  0x23FC, 0x1BBB, 0x15B9, 0x0E2C,
  0x0903, 0x0437, 0x007A, 0xFF2E,  0xFDD4, 0xFEB5, 0xFE03, 0xFE73,
  0xFE9B, 0xFED7, 0xFE8D, 0xFCCB,  0xFB19, 0xF9A7, 0xF883, 0xF6E7,
  0xF5A4, 0xF534, 0xF6B5, 0xF78C,  0xFA81, 0xFCC3, 0x001C, 0x03A8,
  0x06A3, 0x0A08, 0x0B05, 0x0C6F,  0x0BA9, 0x0AC3, 0x0895, 0x0512,
  0x00FA, 0xFC81, 0xF8C2, 0xF482,  0xF0CD, 0xED92, 0xEBB7, 0xEA8A,
  0xEA48, 0xEA78, 0xEB87, 0xED39,  0xEF19, 0xF120, 0xF268, 0xF3F5,
  0xF45F, 0xF510, 0xF550, 0xF4AF,  0xF3A4, 0xF215, 0xF12C, 0xEF4F,
  0xED5D, 0xEB70, 0xE94E, 0xE81D,  0xE664, 0xE548, 0xE48C, 0xE498,
  0xE5D6, 0xE693, 0xE8EF, 0xEAC4,  0xEE07, 0xF0F0, 0xF446, 0xF89B,
  0xFC2F, 0x0114, 0x05A7, 0x0B8C,  0x10C4, 0x16C6, 0x1CC3, 0x23E3,
  0x28CD, 0x2DED, 0x3200, 0x349F,  0x371B, 0x356C, 0x34D7, 0x3029,
  0x2BC6, 0x264C, 0x1E70, 0x1863,  0x1080, 0x0ADB, 0x052D, 0x0034,
  0xFDDB, 0xFAF5, 0xFABF, 0xFA87,  0xFAE7, 0xFB94, 0xFBE7, 0xFD1D,
  0xFD35, 0xFC9E, 0xFBFC, 0xFB0E,  0xFA6B, 0xF993, 0xF8A3, 0xF8F1,
  0xF975, 0xFB59, 0xFD05, 0xFF95,  0x02A0, 0x0550, 0x08C1, 0x0A82,
  0x0C70, 0x0C9D, 0x0BF9, 0x0AD0,  0x07B8, 0x0497, 0xFFEF, 0xFBAE,
  0xF76E, 0xF348, 0xF01D, 0xED03,  0xEB9B, 0xEB07, 0xEB1A, 0xEC4D,
  0xED86, 0xEF97, 0xF1B9, 0xF3C9,  0xF5AC, 0xF651, 0xF731, 0xF709,
  0xF699, 0xF56B, 0xF37A, 0xF258,  0xF053, 0xEEEF, 0xED4E, 0xEB96,
  0xEA59, 0xE8F0, 0xE83D, 0xE785,  0xE6C8, 0xE706, 0xE6E0, 0xE7F2,
  0xE8EB, 0xE99E, 0xEBB2, 0xED52,  0xEFF6, 0xF236, 0xF4D7, 0xF8CE,
  0xFC38, 0x005E, 0x05BF, 0x0B7A,  0x1288, 0x1816, 0x1FD3, 0x279A,
  0x2DAC, 0x32E6, 0x3683, 0x3A26,  0x3A59, 0x38DC, 0x3519, 0x300C,
  0x291C, 0x210D, 0x1875, 0x0FD2,  0x082B, 0x0178, 0xFCC9, 0xF96E,
  0xF843, 0xF82C, 0xF99E, 0xFBFF,  0xFE17, 0x0004, 0x012C, 0x029A,
  0x02C5, 0x0171, 0xFF74, 0xFD98,  0xFBFE, 0xF9D5, 0xF834, 0xF7CA,
  0xF8A2, 0xFA28, 0xFC71, 0xFFB1,  0x031C, 0x06D6, 0x0A4E, 0x0D32,
  0x0EA6, 0x0EE3, 0x0E2B, 0x0BD6,  0x0886, 0x0394, 0xFE78, 0xF8FE,
  0xF441, 0xEFF1, 0xEC51, 0xE9ED,  0xE8DD, 0xE92B, 0xEA1F, 0xEC11,
  0xEE82, 0xF11E, 0xF3E7, 0xF5FF,  0xF7E8, 0xF853, 0xF840, 0xF7B8,
  0xF65D, 0xF484, 0xF1F8, 0xF00B,  0xEE1D, 0xEC6E, 0xEB00, 0xE9C3,
  0xE8F1, 0xE8B2, 0xE82C, 0xE874,  0xE821, 0xE877, 0xE884, 0xE8E7,
  0xE95E, 0xE95A, 0xE9F6, 0xEB0E,  0xEC4D, 0xEE5A, 0xF0C3, 0xF427,
  0xF87C, 0xFC8D, 0x039A, 0x09EB,  0x1241, 0x18F8, 0x217B, 0x2AAC,
  0x317F, 0x36E0, 0x3A9F, 0x3DFD,  0x3E7C, 0x3C35, 0x376B, 0x31E2,
  0x29DC, 0x2185, 0x17CD, 0x0EAF,  0x0688, 0xFFA4, 0xFB42, 0xF7FC,
  0xF73C, 0xF7A1, 0xF9A7, 0xFCC7,  0xFEEF, 0x0160, 0x022D, 0x039D,
  0x03B5, 0x01DB, 0xFF7A, 0xFC95,  0xFAE3, 0xF87C, 0xF698, 0xF5D1,
  0xF6AC, 0xF8D3, 0xFB81, 0xFF5E,  0x03C0, 0x081E, 0x0C7D, 0x101C,
  0x1289, 0x1324, 0x1295, 0x1035,  0x0CEB, 0x0783, 0x019A, 0xFAAE,
  0xF4C9, 0xEF48, 0xEA2D, 0xE69F,  0xE421, 0xE455, 0xE4D4, 0xE72D,
  0xEA2D, 0xEDFC, 0xF1F6, 0xF58E,  0xF91A, 0xFAEF, 0xFBF4, 0xFBEE,
  0xFB4B, 0xF96D, 0xF653, 0xF37C,  0xF050, 0xEDE9, 0xEB32, 0xE8E4,
  0xE769, 0xE692, 0xE672, 0xE643,  0xE698, 0xE736, 0xE851, 0xE935,
  0xEA91, 0xEB96, 0xECB2, 0xEE05,  0xEF3C, 0xF121, 0xF266, 0xF48E,
  0xF703, 0xFA10, 0xFD6D, 0x01D2,  0x0764, 0x0D0F, 0x1337, 0x19F2,
  0x2239, 0x2884, 0x2E78, 0x330B,  0x3716, 0x3952, 0x383E, 0x3654,
  0x3191, 0x2C33, 0x2499, 0x1BD7,  0x13A6, 0x0B1B, 0x048A, 0xFE85,
  0xFAC8, 0xF8E2, 0xF842, 0xFA56,  0xFC5B, 0xFFE0, 0x0217, 0x046F,
  0x0704, 0x07CE, 0x0780, 0x0538,  0x0334, 0x011D, 0xFE2F, 0xFB2F,
  0xF902, 0xF823, 0xF8A4, 0xF995,  0xFBE1, 0xFEF4, 0x0260, 0x0692,
  0x0A16, 0x0D1F, 0x0E81, 0x0EF5,  0x0E67, 0x0C68, 0x08DA, 0x03C0,
  0xFE7B, 0xF93C, 0xF467, 0xEF36,  0xEB55, 0xE8F5, 0xE83C, 0xE891,
  0xE9A7, 0xEC3F, 0xEF5A, 0xF2E8,  0xF632, 0xF8CA, 0xFABF, 0xFB87,
  0xFBD0, 0xFABD, 0xF8EF, 0xF61B,  0xF2D6, 0xF042, 0xED53, 0xEB16,
  0xE886, 0xE787, 0xE714, 0xE74C,  0xE7B1, 0xE817, 0xE9B2, 0xEA5E,
  0xEB45, 0xEBB8, 0xEBBF, 0xECA8,  0xEC00, 0xEC7F, 0xECAF, 0xECEF,
  0xEECA, 0xEFA6, 0xF2E2, 0xF583,  0xF971, 0xFF7A, 0x050C, 0x0B57,
  0x12AC, 0x19DB, 0x22C6, 0x285E,  0x2DD6, 0x32EF, 0x3567, 0x37F0,
  0x34C0, 0x32B1, 0x2E47, 0x2811,  0x21B0, 0x18A7, 0x1251, 0x0B45,
  0x05F1, 0x0231, 0xFF0C, 0xFEE1,  0xFEA6, 0x011E, 0x0343, 0x052D,
  0x071B, 0x07F0, 0x0980, 0x08D7,  0x06BA, 0x044B, 0x018D, 0xFF76,
  0xFC66, 0xF989, 0xF896, 0xF7E2,  0xF993, 0xFAB4, 0xFD49, 0x00D8,
  0x03C3, 0x080E, 0x0A6B, 0x0CC3,  0x0D0C, 0x0C7D, 0x0BAC, 0x0891,
  0x04DD, 0xFFE2, 0xFB5B, 0xF738,  0xF301, 0xEF1F, 0xEC9C, 0xEB54,
  0xEBB4, 0xEC5A, 0xEDE9, 0xF054,  0xF2C8, 0xF5AA, 0xF7D0, 0xF9A5,
  0xFA92, 0xFA51, 0xFA0E, 0xF8F9,  0xF75C, 0xF49E, 0xF22C, 0xF04E,
  0xEEAE, 0xED05, 0xEB23, 0xEAD8,  0xEA90, 0xEB2C, 0xEB0F, 0xEB40,
  0xEBC3, 0xEBE8, 0xEC24, 0xEBEC,  0xEBA8, 0xEB8F, 0xEB1D, 0xEB52,
  0xEB91, 0xEBC6, 0xECD3, 0xEDD4,  0xF04C, 0xF307, 0xF57A, 0xF967,
  0xFE10, 0x03A7, 0x0985, 0x0EAA,  0x16B0, 0x1D1C, 0x238C, 0x28BF,
  0x2CFF, 0x3198, 0x3287, 0x328B,  0x3054, 0x2D29, 0x28D7, 0x2299,
  0x1C1F, 0x159B, 0x0F93, 0x0A64,  0x0620, 0x0373, 0x01E5, 0x01BE,
  0x02AB, 0x043A, 0x05DE, 0x0708,  0x0822, 0x08DD, 0x089F, 0x0779,
  0x0555, 0x0342, 0x014B, 0xFED2,  0xFCB8, 0xFAEF, 0xFACC, 0xFB0F,
  0xFC27, 0xFDC2, 0x0003, 0x02F8,  0x0509, 0x07AC, 0x0932, 0x0A0A,
  0x09A0, 0x0820, 0x06B7, 0x0376,  0x0005, 0xFBEB, 0xF850, 0xF569,
  0xF257, 0xF031, 0xEEF3, 0xEEEB,  0xEFD8, 0xF0D6, 0xF28E, 0xF491,
  0xF695, 0xF85D, 0xF95E, 0xFAA0,  0xFA6F, 0xF9F2, 0xF903, 0xF7E9,
  0xF674, 0xF455, 0xF2E0, 0xF19E,  0xF0BF, 0xEFF9, 0xEF0B, 0xEF13,
  0xEF0B, 0xEF04, 0xEECC, 0xEDE8,  0xEDD5, 0xECBB, 0xEBFA, 0xEAC4,
  0xEA2F, 0xE9F4, 0xE99C, 0xE9BB,  0xEA67, 0xEAF6, 0xEC5E, 0xEDD1,
  0xEFA9, 0xF227, 0xF3CD, 0xF765,  0xFA16, 0xFE66, 0x02AC, 0x0754,
  0x0D66, 0x133E, 0x1904, 0x1EA0,  0x236E, 0x28AE, 0x2BDE, 0x2D99,
  0x2E85, 0x2D19, 0x2B89, 0x2756,  0x2314, 0x1D97, 0x1814, 0x1307,
  0x0E03, 0x09CF, 0x06DA, 0x04B4,  0x0432, 0x03E7, 0x044D, 0x0505,
  0x05AA, 0x06BF, 0x06B2, 0x068E,  0x0564, 0x0468, 0x031A, 0x0175,
  0xFFBC, 0xFE31, 0xFD5C, 0xFD0D,  0xFCEC, 0xFD8A, 0xFE3F, 0xFFE2,
  0x01A5, 0x0347, 0x04C7, 0x057B,  0x0653, 0x0636, 0x05AA, 0x0442,
  0x01F8, 0xFFAD, 0xFD18, 0xFAA3,  0xF7F5, 0xF59B, 0xF3C0, 0xF29D,
  0xF250, 0xF244, 0xF286, 0xF2C1,  0xF461, 0xF5A3, 0xF68C, 0xF6E4,
  0xF7E7, 0xF8E6, 0xF8FD, 0xF8B7,  0xF7B9, 0xF72D, 0xF66E, 0xF619,
  0xF506, 0xF40B, 0xF36A, 0xF364,  0xF312, 0xF218, 0xF115, 0xF050,
  0xEF6B, 0xEE13, 0xECB6, 0xEB00,  0xE9B1, 0xE887, 0xE80E, 0xE7CD,
  0xE803, 0xE8E7, 0xEA7B, 0xEC5B,  0xEE4E, 0xF028, 0xF274, 0xF507,
  0xF7AC, 0xFAAD, 0xFD57, 0x015E,  0x0562, 0x0A89, 0x0FA3, 0x149C,
  0x1A29, 0x1F71, 0x243B, 0x27D5,  0x2A7F, 0x2BEB, 0x2C22, 0x2A57,
  0x2800, 0x23F5, 0x1F9D, 0x1A9A,  0x15A4, 0x10FD, 0x0C92, 0x0962,
  0x06D8, 0x0547, 0x04BA, 0x0487,  0x04C7, 0x055D, 0x058D, 0x0610,
  0x05B9, 0x0587, 0x04AA, 0x03A7,  0x0299, 0x0181, 0x0073, 0xFF5F,
  0xFEBA, 0xFEA8, 0xFEAA, 0xFEAD,  0xFF7F, 0x002A, 0x0177, 0x0219,
  0x0326, 0x03B2, 0x038E, 0x03A1,  0x029B, 0x0197, 0xFFB5, 0xFD99,
  0xFB8F, 0xF94D, 0xF771, 0xF55E,  0xF414, 0xF374, 0xF34A, 0xF39E,
  0xF40C, 0xF52F, 0xF6B1, 0xF811,  0xF92F, 0xFA08, 0xFAAA, 0xFAFB,
  0xFAC7, 0xFA2E, 0xF92B, 0xF809,  0xF708, 0xF5CC, 0xF4D9, 0xF3BB,
  0xF2F1, 0xF25D, 0xF204, 0xF1D9,  0xF122, 0xF095, 0xF033, 0xEF7D,
  0xEE8D, 0xED3A, 0xEC0D, 0xEB98,  0xEAC4, 0xEA95, 0xEA12, 0xEA9D,
  0xEB95, 0xEC19, 0xEDD2, 0xEF2B,  0xF14D, 0xF37B, 0xF5AF, 0xF928,
  0xFCB1, 0x000B, 0x04A8, 0x092E,  0x0F58, 0x144E, 0x18A9, 0x1E9D,
  0x2269, 0x26B8, 0x2848, 0x28C8,  0x2922, 0x2703, 0x24B2, 0x2005,
  0x1BAD, 0x17B2, 0x1300, 0x0F43,  0x0B6F, 0x0946, 0x07BE, 0x0700,
  0x0716, 0x070B, 0x0765, 0x07A4,  0x0860, 0x0840, 0x0705, 0x0620,
  0x04D4, 0x03FF, 0x0292, 0x0069,  0xFFC6, 0xFEF6, 0xFF94, 0xFF98,
  0xFF88, 0x0104, 0x01BE, 0x0375,  0x039B, 0x03DA, 0x0441, 0x038B,
  0x0339, 0x019B, 0xFFF5, 0xFDF5,  0xFBDA, 0xFA24, 0xF826, 0xF61C,
  0xF4B7, 0xF3AA, 0xF3D2, 0xF3FB,  0xF42E, 0xF559, 0xF677, 0xF863,
  0xF942, 0xFA32, 0xFB22, 0xFBAA,  0xFC31, 0xFBB5, 0xFB0F, 0xFA28,
  0xF8C4, 0xF7B5, 0xF622, 0xF4D3,  0xF3AF, 0xF289, 0xF237, 0xF1A2,
  0xF1BC, 0xF196, 0xF191, 0xF226,  0xF1D8, 0xF1FF, 0xF18C, 0xF0F4,
  0xF093, 0xEF76, 0xEEEB, 0xEDE4,  0xED7E, 0xED75, 0xED64, 0xEE6E,
  0xEF14, 0xF088, 0xF269, 0xF3E0,  0xF63B, 0xF7EC, 0xF9D8, 0xFC36,
  0xFE39, 0x01A7, 0x0437, 0x0741,  0x0BB5, 0x0FD1, 0x14C3, 0x1886,
  0x1C9A, 0x211B, 0x23A3, 0x25D7,  0x2603, 0x258E, 0x245C, 0x214F,
  0x1DD4, 0x1973, 0x1530, 0x1176,  0x0D75, 0x0ABC, 0x0861, 0x071F,
  0x06C6, 0x069C, 0x074F, 0x077A,  0x0825, 0x085D, 0x0866, 0x07CE,
  0x0673, 0x0558, 0x03F5, 0x02A4,  0x00C6, 0xFF6A, 0xFE96, 0xFE4B,
  0xFE05, 0xFDCC, 0xFE28, 0xFEE3,  0xFF95, 0x0015, 0x0071, 0x0073,
  0x007D, 0xFFF7, 0xFF3A, 0xFDED,  0xFC59, 0xFAEA, 0xF951, 0xF80B,
  0xF698, 0xF5A0, 0xF50C, 0xF524,  0xF584, 0xF602, 0xF6EF, 0xF823,
  0xF9A1, 0xFAB2, 0xFB9E, 0xFC5F,  0xFCAB, 0xFCD8, 0xFC60, 0xFB9F,
  0xFA4D, 0xF8E6, 0xF77D, 0xF5E0,  0xF4AF, 0xF363, 0xF245, 0xF1E2,
  0xF1B2, 0xF1D9, 0xF1F9, 0xF210,  0xF2B7, 0xF2A7, 0xF2EA, 0xF280,
  0xF210, 0xF1BE, 0xF0AB, 0xF019,  0xEF3C, 0xEE99, 0xEE85, 0xEE8B,
  0xEF72, 0xF07A, 0xF1FA, 0xF3A9,  0xF56A, 0xF777, 0xF929, 0xFB5C,
  0xFD5E, 0xFFEE, 0x026B, 0x0529,  0x0896, 0x0C95, 0x10EE, 0x152C,
  0x18F4, 0x1D63, 0x20DA, 0x2399,  0x2572, 0x254A, 0x256E, 0x232E,
  0x20E9, 0x1D06, 0x18A3, 0x14EF,  0x1090, 0x0D7E, 0x0A15, 0x07DC,
  0x0698, 0x05EA, 0x05FE, 0x05D4,  0x0630, 0x0664, 0x0692, 0x067A,
  0x058A, 0x0475, 0x0364, 0x022D,  0x010E, 0xFF9D, 0xFE84, 0xFDF7,
  0xFD9A, 0xFE00, 0xFD92, 0xFE2C,  0xFE7D, 0xFF64, 0xFFDB, 0xFFB4,
  0xFFCE, 0xFF2B, 0xFEF2, 0xFD6C,  0xFC7A, 0xFAC5, 0xF97A, 0xF7E7,
  0xF71E, 0xF67B, 0xF595, 0xF558,  0xF53B, 0xF609, 0xF68B, 0xF77E,
  0xF81A, 0xF954, 0xFA65, 0xFB68,  0xFBD1, 0xFC04, 0xFC52, 0xFC1C,
  0xFB8B, 0xFA7E, 0xF94A, 0xF840,  0xF725, 0xF604, 0xF4DF, 0xF408,
  0xF36B, 0xF328, 0xF2EA, 0xF2D0,  0xF2C6, 0xF2D1, 0xF300, 0xF2D6,
  0xF2D9, 0xF228, 0xF1E3, 0xF115,  0xF0B3, 0xF00C, 0xEFD4, 0xF045,
  0xF141, 0xF2DD, 0xF47D, 0xF67E,  0xF89D, 0xFA75, 0xFC63, 0xFDE6,
  0xFEED, 0x007B, 0x0114, 0x0341,  0x0431, 0x0696, 0x09B4, 0x0CF5,
  0x1171, 0x1516, 0x1942, 0x1D66,  0x2085, 0x236C, 0x242A, 0x2409,
  0x2327, 0x206A, 0x1D60, 0x1861,  0x142A, 0x0FCC, 0x0BF2, 0x089D,
  0x05A7, 0x0444, 0x03AE, 0x03AD,  0x0449, 0x04A7, 0x057E, 0x0621,
  0x0699, 0x0695, 0x055E, 0x04DA,  0x036C, 0x0258, 0x009B, 0xFECC,
  0xFDD7, 0xFCCE, 0xFC79, 0xFBDB,  0xFB8F, 0xFC44, 0xFCE8, 0xFDD4,
  0xFE6C, 0xFEA7, 0xFF70, 0xFF3B,  0xFF2E, 0xFE16, 0xFCBF, 0xFBA8,
  0xFA13, 0xF912, 0xF774, 0xF684,  0xF5AC, 0xF5A7, 0xF5C2, 0xF5EE,
  0xF686, 0xF75B, 0xF8A2, 0xF99A,  0xFAD8, 0xFB83, 0xFC78, 0xFD19,
  0xFDA2, 0xFD9D, 0xFD1B, 0xFC8A,  0xFBB2, 0xFA89, 0xF8F7, 0xF770,
  0xF5BA, 0xF45D, 0xF317, 0xF1E0,  0xF108, 0xF06E, 0xF02A, 0xF05D,
  0xF07D, 0xF112, 0xF174, 0xF222,  0xF2D3, 0xF351, 0xF3E9, 0xF422,
  0xF46D, 0xF4D1, 0xF4DA, 0xF56D,  0xF5C9, 0xF66F, 0xF78F, 0xF870,
  0xFA54, 0xFBDD, 0xFD90, 0xFF90,  0x01BB, 0x048F, 0x06BD, 0x0938,
  0x0CBA, 0x108F, 0x143D, 0x16CC,  0x1A57, 0x1D91, 0x1FDD, 0x20ED,
  0x2074, 0x202A, 0x1E24, 0x1BA7,  0x17A7, 0x1375, 0x1019, 0x0C4F,
  0x0984, 0x06DC, 0x0545, 0x04D3,  0x0492, 0x0593, 0x060E, 0x0699,
  0x0772, 0x07E1, 0x0862, 0x0766,  0x0617, 0x04E4, 0x0393, 0x01FB,
  0xFFD7, 0xFE1A, 0xFD3D, 0xFCBE,  0xFC71, 0xFC18, 0xFC70, 0xFD2A,
  0xFDF3, 0xFE94, 0xFEB3, 0xFEE6,  0xFEAB, 0xFE9B, 0xFDEE, 0xFCBC,
  0xFB77, 0xF9FD, 0xF960, 0xF84D,  0xF747, 0xF693, 0xF66B, 0xF741,
  0xF79D, 0xF842, 0xF8DA, 0xFA1A,  0xFB13, 0xFB85, 0xFBC7, 0xFBD0,
  0xFC13, 0xFBB1, 0xFB49, 0xFACD,  0xFA30, 0xF9AE, 0xF8F8, 0xF823,
  0xF790, 0xF6A1, 0xF611, 0xF55F,  0xF4A6, 0xF419, 0xF31C, 0xF2D0,
  0xF220, 0xF18A, 0xF198, 0xF187,  0xF21C, 0xF263, 0xF365, 0xF47B,
  0xF570, 0xF690, 0xF6E3, 0xF80F,  0xF831, 0xF8C8, 0xF894, 0xF854,
  0xF896, 0xF87A, 0xF95B, 0xF964,  0xFA55, 0xFCCB, 0xFF96, 0x0298,
  0x05F2, 0x09D5, 0x1028, 0x1426,  0x181B, 0x1B93, 0x1E8A, 0x222B,
  0x211E, 0x20EE, 0x1EB0, 0x1CA6,  0x19A5, 0x1457, 0x1108, 0x0CB7,
  0x0A8C, 0x07FB, 0x0644, 0x05FF,  0x058C, 0x0718, 0x07A5, 0x087F,
  0x08CC, 0x0889, 0x0918, 0x0835,  0x068D, 0x0489, 0x02AD, 0x0208,
  0x0055, 0xFE77, 0xFD71, 0xFD07,  0xFDF8, 0xFD8B, 0xFD8C, 0xFE00,
  0xFE74, 0xFF6F, 0xFEF6, 0xFEF4,  0xFE09, 0xFD95, 0xFD31, 0xFC2E,
  0xFB83, 0xF9D6, 0xF98F, 0xF94D,  0xF8FD, 0xF892, 0xF7BA, 0xF87F,
  0xF897, 0xF8EB, 0xF8BD, 0xF88F,  0xF98F, 0xF9D5, 0xFA35, 0xFA35,
  0xFA83, 0xFAFB, 0xFB31, 0xFBBE,  0xFBBA, 0xFBAE, 0xFB82, 0xFB23,
  0xFB05, 0xFA21, 0xF8CF, 0xF799,  0xF668, 0xF57B, 0xF3D7, 0xF27C,
  0xF192, 0xF0CA, 0xF0EF, 0xF0CC,  0xF15F, 0xF263, 0xF3CA, 0xF589,
  0xF731, 0xF8C5, 0xF9D6, 0xFB06,  0xFB4D, 0xFB4B, 0xFA8F, 0xF9D3,
  0xF8EC, 0xF7B6, 0xF7B2, 0xF76D,  0xF7AA, 0xF922, 0xFB2E, 0xFE41,
  0x0126, 0x0430, 0x0924, 0x0CF9,  0x10D1, 0x137F, 0x15EB, 0x1948,
  0x19A1, 0x19F3, 0x18C0, 0x17E1,  0x16A9, 0x13E5, 0x1200, 0x0F7E,
  0x0E36, 0x0CC9, 0x0BB6, 0x0B56,  0x0AA1, 0x0AF8, 0x0AF2, 0x0B0B,
  0x0B10, 0x0A2F, 0x0A29, 0x09B9,  0x08CE, 0x0791, 0x05CF, 0x0564,
  0x0410, 0x0298, 0x016C, 0x0011,  0x0046, 0xFF40, 0xFEBE, 0xFE87,
  0xFE40, 0xFE90, 0xFE0E, 0xFE42,  0xFDB0, 0xFD8A, 0xFD84, 0xFD4B,
  0xFD45, 0xFC83, 0xFC52, 0xFC1F,  0xFBDD, 0xFB41, 0xFA2D, 0xF9E7,
  0xF95E, 0xF8E3, 0xF84B, 0xF7C2,  0xF7FB, 0xF802, 0xF851, 0xF8B0,
  0xF979, 0xFA25, 0xFAA9, 0xFB65,  0xFBF4, 0xFC26, 0xFBA1, 0xFB52,
  0xFA46, 0xF957, 0xF812, 0xF64C,  0xF583, 0xF471, 0xF3F7, 0xF367,
  0xF347, 0xF3AF, 0xF3E0, 0xF47D,  0xF4FE, 0xF54F, 0xF5DF, 0xF628,
  0xF6D6, 0xF758, 0xF750, 0xF77A,  0xF774, 0xF77D, 0xF77E, 0xF76A,
  0xF796, 0xF81D, 0xF8D9, 0xF975,  0xFA9E, 0xFB43, 0xFC8B, 0xFE03,
  0xFF35, 0x0120, 0x0226, 0x045E,  0x06D2, 0x091D, 0x0BCE, 0x0DA0,
  0x10E2, 0x139C, 0x1546, 0x1706,  0x175B, 0x180E, 0x1794, 0x15EA,
  0x1424, 0x11A9, 0x0FD1, 0x0D9F,  0x0B8F, 0x0A0B, 0x0900, 0x08C2,
  0x08C4, 0x08DC, 0x0921, 0x0952,  0x09E0, 0x09FD, 0x099F, 0x08D5,
  0x07B6, 0x0710, 0x05A5, 0x043D,  0x02BC, 0x0166, 0x0090, 0xFF6A,
  0xFED3, 0xFDEA, 0xFDB3, 0xFDC5,  0xFDBB, 0xFE13, 0xFDD3, 0xFDF8,
  0xFE1A, 0xFDC9, 0xFD9B, 0xFCA6,  0xFC26, 0xFB97, 0xFAC9, 0xFA66,
  0xF94F, 0xF8E5, 0xF8CE, 0xF8A9,  0xF8E4, 0xF8EC, 0xF97B, 0xFA08,
  0xFA83, 0xFB0A, 0xFB4E, 0xFBD0,  0xFBE3, 0xFBCF, 0xFBBE, 0xFB57,
  0xFAED, 0xFA2E, 0xF97A, 0xF8C9,  0xF7FA, 0xF713, 0xF5D0, 0xF518,
  0xF476, 0xF3BB, 0xF36E, 0xF35A,  0xF3B2, 0xF42E, 0xF50E, 0xF639,
  0xF714, 0xF81D, 0xF8FD, 0xF9D0,  0xFA47, 0xFA13, 0xF987, 0xF8C7,
  0xF7AA, 0xF669, 0xF545, 0xF447,  0xF40C, 0xF47B, 0xF508, 0xF674,
  0xF8CB, 0xFB9E, 0xFF03, 0x01B8,  0x05F9, 0x099E, 0x0CB7, 0x0FBC,
  0x1145, 0x13F7, 0x14B6, 0x14EE,  0x14B6, 0x1385, 0x132D, 0x116E,
  0x102E, 0x0F26, 0x0E2F, 0x0DC5,  0x0D34, 0x0D32, 0x0D00, 0x0D11,
  0x0D0D, 0x0D02, 0x0CAB, 0x0BC3,  0x0B2A, 0x0A87, 0x09B4, 0x088B,
  0x071B, 0x0646, 0x05AF, 0x04A3,  0x03B3, 0x028C, 0x0255, 0x01DF,
  0x0145, 0x00D3, 0x0024, 0x0077,  0xFFD5, 0xFFA6, 0xFF20, 0xFE6B,
  0xFE2A, 0xFD6D, 0xFD38, 0xFC06,  0xFB73, 0xFAB2, 0xFA4F, 0xF9EF,
  0xF901, 0xF8B6, 0xF896, 0xF92F,  0xF910, 0xF94A, 0xF9AE, 0xFA70,
  0xFB02, 0xFADA, 0xFB2A, 0xFB2F,  0xFB91, 0xFB4A, 0xFAFA, 0xFAAF,
  0xFA1E, 0xF9FA, 0xF976, 0xF946,  0xF8BF, 0xF85C, 0xF83A, 0xF7E3,
  0xF7CE, 0xF737, 0xF6E5, 0xF6DC,  0xF6B3, 0xF675, 0xF64A, 0xF631,
  0xF65A, 0xF654, 0xF655, 0xF696,  0xF6E3, 0xF758, 0xF795, 0xF824,
  0xF8CD, 0xF95C, 0xF9D7, 0xFA20,  0xFAC9, 0xFAFA, 0xFB5B, 0xFB54,
  0xFB81, 0xFBDE, 0xFC07, 0xFCCA,  0xFD44, 0xFEA4, 0x000B, 0x020D,
  0x04D6, 0x07A1, 0x0AA0, 0x0D0B,  0x0FF7, 0x1283, 0x1429, 0x14B3,
  0x1505, 0x14A1, 0x1379, 0x11D9,  0x0F2D, 0x0D87, 0x0B97, 0x0A5C,
  0x0921, 0x085F, 0x08BA, 0x0917,  0x0A21, 0x0A97, 0x0B40, 0x0B64,
  0x0BA1, 0x0B4E, 0x0A32, 0x08BF,  0x06F7, 0x05CE, 0x0433, 0x02CF,
  0x01DA, 0x0160, 0x018D, 0x01A7,  0x019A, 0x01D1, 0x01F8, 0x01DD,
  0x0173, 0x0061, 0xFF57, 0xFE27,  0xFCDC, 0xFBA6, 0xFA74, 0xFA21,
  0xF96A, 0xF946, 0xF997, 0xF997,  0xF9D9, 0xF9C0, 0xF9F0, 0xF9ED,
  0xF9CB, 0xF9A7, 0xF98D, 0xF9E8,  0xF9FE, 0xFA4A, 0xFA55, 0xFAA1,
  0xFAC7, 0xFAC5, 0xFA3D, 0xF962,  0xF8E2, 0xF7E5, 0xF729, 0xF5DF,
  0xF5B6, 0xF57D, 0xF575, 0xF5DE,  0xF5D0, 0xF6D6, 0xF71A, 0xF7EE,
  0xF87C, 0xF8CB, 0xF950, 0xF94A,  0xF9A8, 0xF958, 0xF917, 0xF893,
  0xF7E7, 0xF77F, 0xF6C2, 0xF6BE,  0xF679, 0xF6C8, 0xF768, 0xF827,
  0xF9F2, 0xFB16, 0xFD18, 0xFEA5,  0x0051, 0x020A, 0x0314, 0x0447,
  0x04D8, 0x05B9, 0x068B, 0x0719,  0x0863, 0x0919, 0x0A6B, 0x0C13,
  0x0D3F, 0x0F21, 0x0F9F, 0x10BB,  0x110D, 0x10E6, 0x1094, 0x0F53,
  0x0E8A, 0x0D4F, 0x0C30, 0x0AF2,  0x09EF, 0x097E, 0x093D, 0x0901,
  0x0914, 0x094A, 0x097B, 0x0990,  0x0974, 0x0933, 0x0855, 0x0775,
  0x067B, 0x0564, 0x040A, 0x02B3,  0x01C8, 0x00ED, 0x002B, 0xFF3B,
  0xFED0, 0xFE7F, 0xFDE6, 0xFD68,  0xFCF7, 0xFCB7, 0xFC9E, 0xFC2E,
  0xFC81, 0xFC6D, 0xFC42, 0xFC10,  0xFB89, 0xFBAA, 0xFB07, 0xFACC,
  0xFA39, 0xF9E4, 0xF9F7, 0xF96A,  0xF993, 0xF8EB, 0xF99E, 0xF9ED,
  0xF9B9, 0xFA48, 0xFA5C, 0xFB81,  0xFB4F, 0xFB6D, 0xFB59, 0xFB48,
  0xFB4D, 0xFA9F, 0xFA30, 0xF99C,  0xF900, 0xF8A3, 0xF806, 0xF7B3,
  0xF7D3, 0xF7A2, 0xF7DD, 0xF769,  0xF7C1, 0xF7AD, 0xF7FE, 0xF7C3,
  0xF864, 0xF920, 0xF8F8, 0xF95A,  0xF8D0, 0xF8AA, 0xF8A1, 0xF889,
  0xF8A1, 0xF8AB, 0xF974, 0xFAB7,  0xFB8F, 0xFC81, 0xFD86, 0xFED9,
  0xFFAA, 0x008A, 0x0137, 0x023C,  0x02B8, 0x040B, 0x058A, 0x075C,
  0x0945, 0x0B4A, 0x0DBF, 0x0FB8,  0x1149, 0x1251, 0x12EA, 0x12AB,
  0x1248, 0x10DA, 0x0F81, 0x0D95,  0x0C34, 0x0AE6, 0x09C3, 0x091E,
  0x092D, 0x099E, 0x0A03, 0x0AA8,  0x0B13, 0x0B7B, 0x0B33, 0x0A93,
  0x093C, 0x07D0, 0x05EF, 0x0425,  0x025F, 0x00BD, 0xFF70, 0xFE83,
  0xFE04, 0xFDAD, 0xFDD7, 0xFDCE,  0xFE40, 0xFE95, 0xFEA5, 0xFE83,
  0xFE36, 0xFE04, 0xFD71, 0xFC8F,  0xFB96, 0xFACB, 0xF9CA, 0xF8F4,
  0xF819, 0xF78E, 0xF716, 0xF6B1,  0xF709, 0xF734, 0xF813, 0xF89E,
  0xFA53, 0xFBDD, 0xFCE2, 0xFDDE,  0xFE61, 0xFF22, 0xFEF3, 0xFE3C,
  0xFCE6, 0xFBA1, 0xFA3B, 0xF8D6,  0xF725, 0xF639, 0xF610, 0xF643,
  0xF6F3, 0xF7E3, 0xF942, 0xFAE0,  0xFC4D, 0xFD00, 0xFD27, 0xFC87,
  0xFBD7, 0xFA52, 0xF89F, 0xF6A8,  0xF51E, 0xF478, 0xF424, 0xF454,
  0xF4EF, 0xF65F, 0xF84E, 0xFA7F,  0xFC32, 0xFDD5, 0xFF0D, 0x004E,
  0x00A9, 0x006C, 0x0028, 0xFFC8,  0xFF9D, 0xFF55, 0xFF98, 0x006C,
  0x01C9, 0x0353, 0x061C, 0x08B0,  0x0B29, 0x0D5B, 0x0F26, 0x1158,
  0x1162, 0x10FF, 0x1031, 0x0F01,  0x0D80, 0x0B36, 0x099C, 0x0860,
  0x0802, 0x07BD, 0x081F, 0x0925,  0x0A5C, 0x0BCA, 0x0C86, 0x0D2D,
  0x0D4D, 0x0CAE, 0x0B9E, 0x0A36,  0x087C, 0x065D, 0x0441, 0x0302,
  0x01BF, 0x00A9, 0x0020, 0x0006,  0x00FA, 0x0120, 0x015D, 0x0175,
  0x0181, 0x0129, 0x002F, 0xFF44,  0xFDCF, 0xFCCD, 0xFB9C, 0xFB0A,
  0xFAA8, 0xFA4A, 0xFAAD, 0xFACC,  0xFB78, 0xFB77, 0xFB1F, 0xFB29,
  0xFA13, 0xF94E, 0xF818, 0xF6FA,  0xF678, 0xF5CD, 0xF620, 0xF697,
  0xF7BE, 0xF963, 0xFADB, 0xFCC1,  0xFE1E, 0xFEF2, 0xFEE9, 0xFDF0,
  0xFC06, 0xF9DC, 0xF7A8, 0xF547,  0xF380, 0xF241, 0xF21F, 0xF2FD,
  0xF42F, 0xF670, 0xF897, 0xFAFF,  0xFD40, 0xFE61, 0xFF36, 0xFEB5,
  0xFE7F, 0xFD73, 0xFB6B, 0xF9D2,  0xF812, 0xF7C8, 0xF77B, 0xF808,
  0xF9CE, 0xFC0F, 0xFEC8, 0x00F3,  0x0307, 0x0475, 0x0585, 0x05EC,
  0x057C, 0x04BD, 0x0377, 0x0298,  0x017F, 0x0174, 0x01DE, 0x02A1,
  0x0499, 0x0709, 0x09B7, 0x0BE4,  0x0D99, 0x0F73, 0x102F, 0x0F9B,
  0x0E76, 0x0CA8, 0x0AB8, 0x08AF,  0x0696, 0x0557, 0x04D0, 0x04E9,
  0x05D5, 0x0717, 0x087D, 0x09C0,  0x0A91, 0x0B65, 0x0B3E, 0x0A38,
  0x08F4, 0x078E, 0x0646, 0x04C4,  0x0359, 0x02AD, 0x0252, 0x025A,
  0x0269, 0x0249, 0x0223, 0x01C7,  0x0113, 0x006D, 0xFF51, 0xFE33,
  0xFD35, 0xFC33, 0xFBBE, 0xFB1B,  0xFA47, 0xFA41, 0xFA65, 0xFA9B,
  0xFA98, 0xFA28, 0xFA9E, 0xFAC3,  0xFAD8, 0xFABE, 0xFA58, 0xFA66,
  0xF9C9, 0xF968, 0xF910, 0xF8D0,  0xF8AA, 0xF863, 0xF856, 0xF826,
  0xF7D8, 0xF773, 0xF74A, 0xF6FF,  0xF6D4, 0xF6A3, 0xF6CC, 0xF6F7,
  0xF7B1, 0xF845, 0xF910, 0xFA40,  0xFAE4, 0xFBBC, 0xFBED, 0xFC82,
  0xFC4A, 0xFBE5, 0xFBBB, 0xFB63,  0xFBA0, 0xFB0C, 0xFB7F, 0xFC02,
  0xFC9E, 0xFD73, 0xFE3A, 0xFF43,  0xFFDF, 0x0086, 0x007C, 0x00AB,
  0x0029, 0x0035, 0x000A, 0xFFF2,  0x00A6, 0x0179, 0x0317, 0x046D,
  0x06D5, 0x087B, 0x0ACF, 0x0C12,  0x0D53, 0x0DA0, 0x0CA2, 0x0CA6,
  0x0A74, 0x0952, 0x0780, 0x064E,  0x05E0, 0x0532, 0x05ED, 0x06DA,
  0x0811, 0x09BA, 0x0B0C, 0x0C09,  0x0C82, 0x0C77, 0x0BFE, 0x0ACA,
  0x0956, 0x07A4, 0x05C4, 0x0415,  0x0263, 0x0145, 0x007B, 0x0006,
  0x009E, 0x00FF, 0x0154, 0x0170,  0x015B, 0x00E4, 0x0029, 0xFF06,
  0xFE43, 0xFDC3, 0xFCCE, 0xFCBE,  0xFBAE, 0xFC11, 0xFC01, 0xFB9D,
  0xFBC7, 0xFAD1, 0xFA97, 0xF95D,  0xF83F, 0xF77C, 0xF6E9, 0xF707,
  0xF767, 0xF8A4, 0xF9BB, 0xFAC2,  0xFC23, 0xFCFC, 0xFD73, 0xFC58,
  0xFB67, 0xFA53, 0xF902, 0xF80B,  0xF68B, 0xF6A5, 0xF703, 0xF7FF,
  0xF909, 0xF975, 0xFAEF, 0xFC6A,  0xFD74, 0xFDE7, 0xFD82, 0xFD7F,
  0xFD23, 0xFC59, 0xFBB9, 0xFA56,  0xFA88, 0xFA99, 0xFB28, 0xFBCE,
  0xFC65, 0xFDE1, 0xFF22, 0x00E5,  0x0158, 0x01DE, 0x01C5, 0x01DE,
  0x0115, 0xFFBF, 0xFF23, 0xFE4E,  0xFEF5, 0xFEDA, 0xFFAD, 0x0130,
  0x0288, 0x040C, 0x05C5, 0x0728,  0x0880, 0x0944, 0x0935, 0x09B9,
  0x08E8, 0x0861, 0x0776, 0x0695,  0x066B, 0x05DD, 0x060F, 0x0648,
  0x06CA, 0x07AD, 0x07FA, 0x0863,  0x0844, 0x07DB, 0x0777, 0x0678,
  0x0614, 0x0521, 0x0513, 0x04F7,  0x04F5, 0x0561, 0x0527, 0x05F9,
  0x0563, 0x0538, 0x04ED, 0x0421,  0x03E1, 0x026C, 0x01D0, 0x00E8,
  0x0022, 0x0017, 0xFF89, 0xFF50,  0xFE95, 0xFE63, 0xFDF3, 0xFD7B,
  0xFD3D, 0xFCE6, 0xFD39, 0xFCA2,  0xFC83, 0xFC0B, 0xFBA7, 0xFBC9,
  0xFAB4, 0xFA58, 0xF995, 0xF907,  0xF8B1, 0xF805, 0xF83C, 0xF828,
  0xF8BC, 0xF93E, 0xFA3F, 0xFB7E,  0xFC05, 0xFCBC, 0xFCC6, 0xFD1B,
  0xFBA1, 0xFA11, 0xF909, 0xF788,  0xF734, 0xF5D1, 0xF630, 0xF6E2,
  0xF7F9, 0xF98F, 0xFAF7, 0xFD1C,  0xFE3E, 0xFF95, 0xFFF8, 0x0064,
  0xFFBA, 0xFE57, 0xFD22, 0xFBC6,  0xFB3B, 0xFA49, 0xFAB1, 0xFBBD,
  0xFD4E, 0xFF4D, 0x014C, 0x0367,  0x0518, 0x05B6, 0x058E, 0x04E2,
  0x035C, 0x01DE, 0x001B, 0xFF67,  0xFED4, 0xFEAC, 0xFF0F, 0x007F,
  0x024B, 0x03B9, 0x0589, 0x068C,  0x081D, 0x0848, 0x0817, 0x07C6,
  0x06EF, 0x06FA, 0x0631, 0x0604,  0x05BF, 0x05A5, 0x05B1, 0x058C,
  0x0585, 0x0582, 0x0550, 0x0521,  0x0578, 0x058A, 0x05DB, 0x05EA,
  0x0602, 0x05F9, 0x0563, 0x04B4,  0x03B0, 0x02A2, 0x01C0, 0x00A7,
  0x0068, 0x0050, 0x008E, 0x01AC,  0x0298, 0x03FA, 0x047B, 0x04C9,
  0x045F, 0x0367, 0x0253, 0x005E,  0xFEF8, 0xFD46, 0xFC34, 0xFB94,
  0xFB7D, 0xFBEF, 0xFC29, 0xFCCF,  0xFD26, 0xFDAF, 0xFD91, 0xFCDD,
  0xFCB6, 0xFC20, 0xFB88, 0xFA7F,  0xF978, 0xF95F, 0xF964, 0xF9BC,
  0xFA24, 0xFB34, 0xFC05, 0xFCED,  0xFD00, 0xFD0F, 0xFCB9, 0xFB4C,
  0xFAF0, 0xF9A4, 0xF931, 0xF7F1,  0xF70B, 0xF7FE, 0xF86E, 0xF9BC,
  0xFB10, 0xFCDC, 0xFEE8, 0xFFFB,  0x00B2, 0x016E, 0x016A, 0x00C6,
  0xFFE0, 0xFE5A, 0xFD38, 0xFC2B,  0xFB6D, 0xFB3F, 0xFBA4, 0xFC7C,
  0xFDA8, 0xFEFB, 0x005E, 0x0193,  0x0205, 0x026E, 0x0279, 0x02A5,
  0x0265, 0x0215, 0x0280, 0x02C8,  0x0341, 0x037F, 0x03B3, 0x0404,
  0x03F9, 0x03A4, 0x035C, 0x031A,  0x02FC, 0x0335, 0x0394, 0x0437,
  0x0502, 0x058B, 0x0670, 0x06C7,  0x06A2, 0x0656, 0x0551, 0x04D9,
  0x03BE, 0x0293, 0x0208, 0x0151,  0x019B, 0x0241, 0x02E3, 0x03F3,
  0x04BD, 0x0588, 0x05C9, 0x054D,  0x0435, 0x0358, 0x023D, 0x0112,
  0x005A, 0xFFA6, 0xFFA0, 0xFFAC,  0x0054, 0x0090, 0x00DE, 0x0123,
  0x012E, 0x00F2, 0x0017, 0xFEE5,  0xFDCC, 0xFCD8, 0xFC5B, 0xFC36,
  0xFCAD, 0xFD97, 0xFE7A, 0xFF96,  0xFFE6, 0x0027, 0xFF79, 0xFE9C,
  0xFD39, 0xFBEA, 0xFA9B, 0xF946,  0xF932, 0xF90E, 0xF9CD, 0xFA99,
  0xFB57, 0xFCFA, 0xFE03, 0xFED3,  0xFF28, 0xFEEE, 0xFEE5, 0xFE01,
  0xFD0A, 0xFC4E, 0xFB40, 0xFB20,  0xFACD, 0xFB61, 0xFC1B, 0xFCD1,
  0xFE54, 0xFF39, 0xFFF8, 0xFF92,  0xFF5F, 0xFEE6, 0xFE62, 0xFDA5,
  0xFE2F, 0xFEE8, 0xFED5, 0xFFAE,  0xFFAB, 0x00DF, 0x0109, 0x00BA,
  0x0094, 0x0016, 0xFFDE, 0xFF30,  0xFF0D, 0xFEF3, 0xFF5A, 0xFFF6,
  0x00BD, 0x016F, 0x023A, 0x032B,  0x03BF, 0x03F5, 0x0393, 0x030B,
  0x029E, 0x0256, 0x022F, 0x0225,  0x0238, 0x02C6, 0x033E, 0x03A2,
  0x03B6, 0x03DE, 0x03D0, 0x037B,  0x033F, 0x02DA, 0x02A0, 0x0258,
  0x02F3, 0x034A, 0x03CD, 0x0474,  0x049F, 0x052C, 0x0514, 0x04A4,
  0x03E2, 0x0333, 0x022B, 0x00CE,  0xFFB5, 0xFECB, 0xFE93, 0xFE5F,
  0xFEDD, 0xFF82, 0x0077, 0x0150,  0x0159, 0x01CE, 0x012A, 0x0046,
  0xFFA8, 0xFE76, 0xFE0F, 0xFD75,  0xFD1A, 0xFD81, 0xFD78, 0xFDB7,
  0xFDD8, 0xFE41, 0xFDD8, 0xFD68,  0xFD0F, 0xFCB8, 0xFD32, 0xFC81,
  0xFD1B, 0xFD95, 0xFE08, 0xFECF,  0xFE90, 0xFF22, 0xFE86, 0xFE15,
  0xFD73, 0xFC85, 0xFC88, 0xFBE6,  0xFC5E, 0xFCE5, 0xFD5C, 0xFE5B,
  0xFF1E, 0xFFF3, 0x0071, 0x00A2,  0x00A1, 0x0074, 0xFFF5, 0xFF07,
  0xFE92, 0xFDFD, 0xFDDF, 0xFDA3,  0xFDA5, 0xFE31, 0xFE5F, 0xFF00,
  0xFEFE, 0xFF5B, 0xFF7A, 0xFF69,  0xFF6C, 0xFF25, 0xFF47, 0xFF4A,
  0x0027, 0x00E3, 0x0121, 0x01A4,  0x01E1, 0x01AC, 0x012E, 0x007B,
  0x0027, 0xFFFE, 0xFFCD, 0xFFC4,  0x005E, 0x0109, 0x0161, 0x0202,
  0x0296, 0x030E, 0x0365, 0x0349,  0x030F, 0x0318, 0x028C, 0x023B,
  0x0238, 0x01B2, 0x01A1, 0x014D,  0x01B6, 0x0227, 0x024D, 0x0302,
  0x02A0, 0x02DB, 0x0267, 0x0200,  0x01EE, 0x00EE, 0x00C7, 0x0063,
  0x0057, 0x0077, 0x000D, 0x002C,  0x0058, 0xFFFF, 0xFFDB, 0xFF82,
  0xFF99, 0xFFD0, 0xFFE3, 0x0020,  0x0097, 0x00C3, 0x00EF, 0x00E7,
  0x0074, 0x003C, 0xFF7F, 0xFF24,  0xFEB2, 0xFE78, 0xFE48, 0xFDFC,
  0xFE3D, 0xFE80, 0xFE8B, 0xFEDC,  0xFF25, 0xFF8C, 0xFF83, 0xFEDF,
  0xFF17, 0xFF1B, 0xFECF, 0xFEBD,  0xFE73, 0xFE8E, 0xFE8A, 0xFE18,
  0xFE87, 0xFE75, 0xFE0E, 0xFE33,  0xFE91, 0xFEDA, 0xFED7, 0xFEC3,
  0xFF37, 0xFF89, 0xFF7B, 0xFF8D,  0xFFBE, 0x0019, 0xFFF4, 0x0030,
  0x0045, 0xFFB5, 0xFF5D, 0xFF52,  0xFEF7, 0xFF27, 0xFE7B, 0xFF10,
  0xFFB3, 0xFF8B, 0x0048, 0x000A,  0x00F7, 0x00D3, 0x0064, 0x0065,
  0xFFC1, 0xFFAC, 0xFF4B, 0xFFD6,  0x007F, 0x00C7, 0x015A, 0x01F2,
  0x0204, 0x01C5, 0x0156, 0x0126,  0x0134, 0x0040, 0x0020, 0xFFF2,
  0xFFD3, 0xFFFD, 0xFFDA, 0x0060,  0x005A, 0x0077, 0x009B, 0x00FD,
  0x010C, 0x00D7, 0x0103, 0x00CB,  0x008E, 0x0087, 0x0044, 0x007A,
  0x0099, 0x0059, 0x009F, 0x0079,  0x0092, 0x001F, 0x0029, 0x0019,
  0x001E, 0x001F, 0xFFB6, 0x0032,  0x000B, 0x0065, 0x005C, 0x00C0,
  0x00E2, 0x0107, 0x0164, 0x00F4,  0x0110, 0x004E, 0xFFC8, 0xFF66,
  0xFEC4, 0xFEE2, 0xFEAB, 0xFEE2,  0xFF4C, 0xFF4B, 0xFFC4, 0xFFA0,
  0xFF7A, 0xFF6E, 0xFF29, 0xFF3A,  0xFF33, 0xFF95, 0xFFEE, 0x008F,
  0x00BF, 0x00F0, 0x00F0, 0x0020,  0xFFEC, 0xFEF6, 0xFE77, 0xFDEA,
  0xFDA8, 0xFE37, 0xFE8D, 0xFF51,  0xFFCB, 0x0067, 0x00CD, 0x0078,
  0x006C, 0xFFF0, 0xFFC2, 0xFFE3,  0xFF95, 0xFFDD, 0xFFAE, 0xFFEC,
  0x0013, 0xFFF3, 0xFFFF, 0xFFB9,  0xFFFE, 0xFFFA, 0x0011, 0x0024,
  0x003D, 0x0087, 0x00A6, 0x007D,  0x0047, 0x0031, 0x0022, 0x0036,
  0xFFFE, 0x0038, 0x002A, 0x000D,  0x0013, 0x0012, 0x0039, 0x0036,
  0x004B, 0x009A, 0x008F, 0x0065,  0x0039, 0x0018, 0x0043, 0x0004,
  0x0035, 0x0087, 0x0083, 0x0078,  0x0065, 0x006E, 0x0082, 0x0057,
  0x0040, 0x0062, 0x001D, 0x0025,  0x003E, 0x001D, 0x001F, 0xFFD5,
  0xFFF9, 0x0022, 0x0026, 0x0038,  0x003B, 0x007E, 0x0097, 0x005F,
  0x0002, 0xFFD1, 0xFF6C, 0xFF2B,  0xFEBC, 0xFEBD, 0xFED9, 0xFF08,
  0xFF61, 0xFF9F, 0xFFDE, 0xFFF6,  0x0012, 0x0033, 0x003F, 0xFFF4,
  0x0038, 0x004E, 0x0043, 0x0079,  0xFFEB, 0x0003, 0xFFB9, 0xFF75,
  0xFF52, 0xFF19, 0xFF26, 0xFEFC,  0xFF58, 0xFFA3, 0xFFB9, 0xFFCA,
  0xFFF7, 0x0047, 0x0052, 0x004C,  0x0074, 0x00BC, 0x0098, 0x004C,
  0x0022, 0xFFE7, 0xFFF2, 0xFFA0,  0xFFB4, 0xFFF8, 0x001F, 0x0067,
  0x0081, 0x009D, 0x0086, 0x004A,  0xFFF2, 0xFF7E, 0xFF57, 0xFF3B,
  0xFF79, 0xFF9F, 0xFFE7, 0x003D,  0x0077, 0x0072, 0x005F, 0x003F,
  0xFFDF, 0xFFC7, 0xFF98, 0xFFB7,  0x0016, 0x003A, 0x0081, 0x0095,
  0x0038, 0x0017, 0xFFAE, 0xFF7B,  0xFFED, 0x0008, 0x005E, 0x00AE,
  0x00F1, 0x010C, 0x00C4, 0x0067,  0x0043, 0xFFE9, 0xFFAD, 0xFFD4,
  0x000B, 0x003A, 0x0018, 0x0047,  0x0097, 0x0053, 0xFFFB, 0xFFCC,
  0xFFFB, 0xFFFC, 0xFFBE, 0xFFF9,  0x0009, 0x003B, 0x001F, 0xFFFE,
  0x0012, 0xFFD9, 0xFFB8, 0xFFBE,  0xFF9A, 0xFF96, 0xFF63, 0xFF82,
  0xFFE0, 0xFFF8, 0x0017, 0x001B,  0x0048, 0x0043, 0x002C, 0xFFE9,
  0xFFC9, 0xFFD8, 0xFFA5, 0xFFAC,  0xFFA8, 0xFFE6, 0x0005, 0x0031,
  0x002F, 0x0039, 0x0023, 0x0015,  0x000D, 0xFFCE, 0xFF9B, 0xFF84,
  0xFFAB, 0xFFAE, 0xFF93, 0xFFBB,  0xFFE6, 0x000A, 0xFFE6, 0xFFBF,
  0xFFE3, 0xFFB5, 0xFFAA, 0xFFAA,  0xFFDF, 0x0025, 0x002D, 0x006D,
  0x007B, 0x004E, 0x0021, 0x0003,  0xFFFA, 0xFFFD, 0xFFE2, 0xFFFE,
  0x0000, 0xFFEC, 0xFFEF, 0xFFF9,  0x001C, 0xFFFD, 0xFFFF, 0x001D,
  0x001A, 0x004B, 0x005B, 0x0088,  0x00C7, 0x0089, 0x0081, 0x0059,
  0x002B, 0x0018, 0xFFFE, 0xFFF3,  0xFFF0, 0xFFB6, 0xFFB9, 0xFFDD,
  0xFFFB, 0x0017, 0x0029, 0x003A,  0x0046, 0x0033, 0x0043, 0x0063,
  0x0058, 0x0028, 0xFFE3, 0xFFDB,  0xFFA2, 0xFF68, 0xFF4E, 0xFF65,
  0xFFB0, 0xFFE1, 0x0005, 0x0043,  0x0042, 0x0046, 0x0054, 0x0047,
  0x0041, 0x001C, 0x0001, 0xFFE7,  0xFFC5, 0xFFA3, 0xFF77, 0xFF79,
  0xFF86, 0xFFA0, 0xFFD4, 0xFFF3,  0x0034, 0x0066, 0x006B, 0x004C,
  0x0056, 0x002A, 0xFFFE, 0xFFDE,  0xFFB4, 0xFFD0, 0xFFCE, 0xFFCD,
  0xFFF5, 0x0012, 0x0029, 0x003B,  0x0033, 0x0030, 0x0021, 0x0006,
  0x0000, 0xFFDF, 0xFFD7, 0xFFAB,  0xFF80, 0xFF8A, 0xFF60, 0xFF73,
  0xFF60, 0xFF9F, 0xFFD7, 0xFFDE,  0x0033, 0x003E, 0x004D, 0x0036,
  0x0043, 0x0056, 0x0015, 0x000A,  0xFFFE, 0x0004, 0x0000, 0xFFE4,
  0xFFE3, 0xFFED, 0xFFED, 0xFFE9,  0xFFEA, 0xFFF5, 0x000D, 0x001D,
  0x003D, 0x0044, 0x0051, 0x0043,  0x0039, 0x0043, 0x001B, 0x0009,
  0xFFEB, 0xFFF1, 0x000C, 0x0016,  0x0026, 0x0031, 0x001D, 0x002C,
  0x001F, 0x0017, 0xFFFB, 0xFFDD,  0xFFF8, 0x0006, 0x0015, 0x0007,
  0x0025, 0x003B, 0x0029, 0x0022,  0x0018, 0x0036, 0x004B, 0x0038,
  0x0013, 0xFFFC, 0x0004, 0xFFE5,  0xFFD8, 0xFFE3, 0xFFEE, 0xFFFC,
  0xFFF7, 0x0011, 0x0011, 0xFFD5,  0xFFC2, 0xFFA9, 0xFFB9, 0xFF7B,
  0xFF9E
};

#endif // End of _GROUND_FLOOR16K16B1C_H
