#ifndef _LIFT_OOS16K16B1C_H
#define _LIFT_OOS16K16B1C_H

#define LIFT_OOS16K16B1C_LITTLE_ENDIAN
#include <stdint.h>

#define LIFT_OOS16K16B1C_PB_FMT Mode_mono
#define LIFT_OOS16K16B1C_SZ 21709

const uint16_t lift_oos16k16b1c[ LIFT_OOS16K16B1C_SZ ] =
{
  0x0001, 0xFFFE, 0x0001, 0xFFFE,  0x0002, 0xFFFE, 0x0001, 0xFFFD,
  0x0001, 0xFFFF, 0xFFFE, 0xFFFF,  0xFFFF, 0x0000, 0xFFFD, 0x0003,
  0xFFFC, 0x0005, 0xFFFB, 0x0004,  0xFFFC, 0x0001, 0xFFFE, 0x0001,
  0xFFFE, 0xFFFE, 0x0002, 0xFFFF,  0x0001, 0x0000, 0xFFFE, 0x0003,
  0xFFFD, 0x0001, 0xFFFF, 0x0002,  0xFFFF, 0x0002, 0xFFFF, 0x0000,
  0x0002, 0x0000, 0x0000, 0x0001,  0x0000, 0xFFFF, 0x0003, 0xFFFE,
  0x0002, 0xFFFF, 0x0002, 0x0003,  0x0001, 0x0002, 0x0001, 0x0001,
  0x0003, 0x0001, 0x0002, 0x0005,  0xFFFF, 0x0004, 0x0001, 0x0003,
  0x0004, 0x0002, 0x0004, 0x0002,  0x0003, 0x0001, 0x0002, 0x0003,
  0xFFFF, 0x0002, 0x0003, 0x0004,  0x0001, 0x0001, 0x0001, 0x0004,
  0x0000, 0x0002, 0x0001, 0x0002,  0x0000, 0x0001, 0x0002, 0x0000,
  0x0003, 0x0001, 0xFFFF, 0x0002,  0xFFFF, 0x0004, 0xFFFC, 0x0004,
  0xFFFD, 0x0004, 0xFFFE, 0x0002,  0xFFFD, 0x0004, 0xFFFB, 0x0005,
  0xFFFD, 0x0003, 0xFFFD, 0x0002,  0xFFFE, 0x0004, 0xFFFE, 0x0003,
  0xFFFF, 0x0001, 0xFFFF, 0x0000,  0xFFFF, 0x0000, 0x0000, 0xFFFE,
  0x0000, 0x0001, 0xFFFE, 0x0003,  0x0001, 0x0000, 0x0004, 0x0000,
  0x0003, 0x0003, 0xFFFE, 0x0004,  0xFFFE, 0x0003, 0x0001, 0x0000,
  0x0002, 0x0000, 0x0002, 0xFFFE,  0x0003, 0xFFFF, 0x0000, 0x0002,
  0xFFFF, 0x0002, 0xFFFF, 0x0000,  0x0001, 0xFFFF, 0x0002, 0xFFFD,
  0x0002, 0xFFFF, 0xFFFF, 0xFFFF,  0x0002, 0xFFFC, 0x0003, 0xFFFE,
  0x0000, 0x0003, 0xFFFB, 0x0007,  0xFFFE, 0x0000, 0x0001, 0x0001,
  0x0000, 0x0003, 0x0002, 0x0005,  0x0002, 0x0003, 0x0000, 0x0003,
  0x0000, 0x0003, 0x0000, 0x0004,  0xFFFC, 0x0005, 0xFFFD, 0x0002,
  0xFFFE, 0xFFFF, 0xFFFE, 0x0000,  0xFFFB, 0x0001, 0x0001, 0xFFFF,
  0x0004, 0xFFFD, 0x0003, 0xFFFF,  0x0000, 0x0000, 0xFFFF, 0x0001,
  0x0000, 0x0000, 0x0002, 0xFFFE,  0x0005, 0xFFFE, 0x0002, 0x0000,
  0xFFFF, 0x0001, 0xFFFE, 0xFFFF,  0x0000, 0x0000, 0x0000, 0x0001,
  0xFFFE, 0x0001, 0xFFFE, 0x0000,  0x0001, 0xFFFC, 0x0002, 0xFFFB,
  0x0001, 0xFFFD, 0x0001, 0x0000,  0xFFFC, 0x0000, 0xFFFA, 0x0004,
  0xFFFA, 0x0001, 0xFFFF, 0x0002,  0xFFFE, 0x0001, 0xFFFD, 0x0000,
  0x0001, 0xFFFF, 0x0001, 0x0000,  0xFFFD, 0x0003, 0xFFFD, 0x0002,
  0x0000, 0x0000, 0xFFFF, 0x0003,  0x0002, 0x0000, 0x0004, 0xFFFE,
  0x0005, 0xFFFF, 0x0003, 0x0000,  0x0000, 0x0002, 0xFFFE, 0x0000,
  0x0003, 0xFFFF, 0x0004, 0x0003,  0x0001, 0x0003, 0x0001, 0x0002,
  0x0000, 0xFFFE, 0x0002, 0x0001,  0x0000, 0xFFFC, 0x0001, 0xFFFB,
  0x0001, 0xFFFA, 0xFFFF, 0xFFFC,  0xFFFB, 0xFFFE, 0xFFFD, 0x0000,
  0xFFFB, 0x0003, 0xFFFC, 0x0000,  0xFFFF, 0x0000, 0xFFFE, 0x0000,
  0xFFFF, 0xFFFF, 0x0002, 0xFFFB,  0x0002, 0xFFFB, 0x0002, 0xFFFF,
  0xFFFC, 0xFFFE, 0x0002, 0x0000,  0x0001, 0xFFFF, 0x0004, 0xFFFE,
  0x0003, 0x0002, 0x0003, 0xFFFE,  0x0005, 0xFFFF, 0x0005, 0x0002,
  0x0000, 0x0002, 0xFFFE, 0x0006,  0x0000, 0x0005, 0x0003, 0x0007,
  0xFFFD, 0x0006, 0x0002, 0xFFFF,  0x0000, 0x0007, 0x0003, 0x0007,
  0xFFFD, 0xFFFF, 0x0001, 0xFFFE,  0xFFF9, 0xFFF9, 0xFFF6, 0x0013,
  0x0005, 0x0003, 0x0005, 0x0003,  0x0001, 0xFFFB, 0x0008, 0xFFFF,
  0x0004, 0x0006, 0x0006, 0xFFFF,  0x0001, 0x0004, 0x0002, 0xFFFB,
  0x0001, 0x0005, 0x0000, 0x0005,  0x0005, 0x0008, 0x0000, 0x0006,
  0xFFFF, 0xFFFF, 0x0001, 0x0002,  0xFFFE, 0xFFFE, 0x0004, 0x0003,
  0xFFFF, 0xFFFF, 0xFFFE, 0xFFFE,  0xFFFC, 0x0006, 0xFFFD, 0xFFFF,
  0x0005, 0xFFFF, 0x0002, 0xFFFA,  0x0008, 0x0001, 0xFFF9, 0x0008,
  0x0004, 0x0003, 0xFFFE, 0x0003,  0x0001, 0xFFFE, 0x0008, 0x0004,
  0x0003, 0x0005, 0x0004, 0x0004,  0x0002, 0xFFFC, 0x0000, 0x0001,
  0x0007, 0xFFFD, 0x0002, 0xFFFB,  0x0000, 0xFFFE, 0xFFFD, 0xFFFE,
  0xFFFD, 0x0005, 0xFFFA, 0x0003,  0xFFFA, 0xFFF8, 0x0001, 0xFFF5,
  0xFFFB, 0x0002, 0x0007, 0xFFFD,  0xFFF6, 0xFFF4, 0xFFEB, 0xFFE9,
  0xFFE5, 0xFFE6, 0x0004, 0xFFEE,  0xFFF0, 0xFFEE, 0xFFF3, 0xFFDF,
  0xFFC1, 0xFFC0, 0xFFC5, 0xFFCA,  0xFFD3, 0xFFBC, 0xFFCB, 0xFFCA,
  0xFFBE, 0xFFBD, 0xFFC0, 0xFFCB,  0xFFC1, 0xFFC4, 0xFFE4, 0xFFE3,
  0xFFDD, 0xFFD5, 0xFFEF, 0x000D,  0x0002, 0x0007, 0x0009, 0x0007,
  0x002C, 0x0043, 0x002D, 0x001C,  0x003B, 0x0075, 0x0061, 0x0048,
  0x0058, 0x006C, 0x005C, 0x0048,  0x002C, 0x003D, 0x004C, 0x0058,
  0x003B, 0x0029, 0x0036, 0x0059,  0x0053, 0x0031, 0x0046, 0x004F,
  0x0059, 0x003E, 0x002A, 0x0000,  0x0000, 0xFFF7, 0xFFF8, 0xFFDE,
  0xFFE9, 0x0025, 0x002C, 0x0012,  0x0007, 0xFFC7, 0xFFCF, 0x0032,
  0xFFE0, 0xFFF9, 0x0019, 0x0021,  0xFFC0, 0xFF4E, 0xFF5D, 0xFF3F,
  0xFE96, 0xFF4E, 0x001C, 0x002E,  0xFFFB, 0xFFD2, 0x000F, 0xFF99,
  0xFF63, 0xFF28, 0xFF05, 0xFF7E,  0xFFED, 0xFFE7, 0xFF4E, 0xFECC,
  0xFF12, 0xFEA6, 0xFEDF, 0xFEA6,  0xFEEF, 0xFFA8, 0x001F, 0x0040,
  0xFF2A, 0xFF1C, 0xFFD3, 0xFFD3,  0xFFF1, 0x00E6, 0x0188, 0x015A,
  0x0115, 0x0245, 0x019A, 0x00C1,  0x0144, 0x0261, 0x02F5, 0x02DF,
  0x02F8, 0x0399, 0x0326, 0x0336,  0x03CA, 0x036F, 0x0388, 0x0456,
  0x056C, 0x054D, 0x04A5, 0x04A4,  0x04AA, 0x0432, 0x03FE, 0x0351,
  0x03FA, 0x040F, 0x03B5, 0x029D,  0x01BC, 0x00B1, 0xFF57, 0xFE9F,
  0xFDF1, 0xFCF1, 0xFC29, 0xFB9F,  0xFAAB, 0xF87F, 0xF623, 0xF5A9,
  0xF496, 0xF39F, 0xF2D9, 0xF2AB,  0xF144, 0xEFF9, 0xEF71, 0xEE62,
  0xED63, 0xEEA0, 0xF02C, 0xF1CC,  0xF40A, 0xF579, 0xF63B, 0xF6FD,
  0xF9A8, 0xFB5D, 0xFD57, 0x00A4,  0x0479, 0x06EC, 0x08C3, 0x0AD6,
  0x0C60, 0x0D55, 0x0F65, 0x11F3,  0x138A, 0x14D7, 0x1661, 0x170B,
  0x160B, 0x154B, 0x1487, 0x13BC,  0x12E2, 0x126A, 0x1124, 0x0F26,
  0x0D30, 0x0AD5, 0x0859, 0x060D,  0x0486, 0x032E, 0x020C, 0x0089,
  0xFED2, 0xFCA1, 0xFB1B, 0xF9E6,  0xF8FA, 0xF880, 0xF8B0, 0xF85F,
  0xF7B9, 0xF756, 0xF649, 0xF4BA,  0xF440, 0xF42C, 0xF3B6, 0xF383,
  0xF301, 0xF22A, 0xF0BB, 0xF01B,  0xEED5, 0xED94, 0xED62, 0xED4F,
  0xECB2, 0xED6E, 0xEE26, 0xEE4F,  0xEE67, 0xF161, 0xF390, 0xF33F,
  0xF568, 0xF7CB, 0xFA53, 0xFBFE,  0xFECF, 0x01FC, 0x043E, 0x0750,
  0x0A38, 0x0BC6, 0x0DE0, 0x1062,  0x1338, 0x1546, 0x171E, 0x18D2,
  0x19B8, 0x1A33, 0x1A12, 0x197B,  0x18B2, 0x1838, 0x1766, 0x1685,
  0x149C, 0x1281, 0x0FDE, 0x0DC1,  0x0B32, 0x0938, 0x06F3, 0x051E,
  0x03D4, 0x021E, 0x0036, 0xFE6D,  0xFD3A, 0xFC45, 0xFBEA, 0xFB74,
  0xFB39, 0xFAAE, 0xFAD9, 0xFA56,  0xF9FB, 0xF97C, 0xF960, 0xF975,
  0xF97B, 0xF940, 0xF928, 0xF836,  0xF71A, 0xF665, 0xF547, 0xF417,
  0xF2FD, 0xF269, 0xF09B, 0xEF5A,  0xEDC2, 0xEC34, 0xEA72, 0xE980,
  0xE854, 0xE7A0, 0xE6EA, 0xE6E6,  0xE722, 0xE891, 0xE915, 0xEA9A,
  0xEE0E, 0xF062, 0xF1F2, 0xF3B9,  0xF86B, 0xFB73, 0xFECD, 0x024D,
  0x06A5, 0x0A26, 0x0D53, 0x10E5,  0x1300, 0x1546, 0x18C1, 0x1BE3,
  0x1DF9, 0x1EDE, 0x204F, 0x20C8,  0x1FD7, 0x1F39, 0x1DBC, 0x1C8E,
  0x1B6A, 0x1A27, 0x178B, 0x1462,  0x1176, 0x0F01, 0x0B76, 0x08E1,
  0x0658, 0x045D, 0x0267, 0x006D,  0xFE83, 0xFC6A, 0xFB20, 0xFA03,
  0xF995, 0xF9A0, 0xF9C4, 0xF994,  0xF9E7, 0xFA01, 0xFA4B, 0xF9AF,
  0xFA4D, 0xFA62, 0xFACE, 0xFABE,  0xFA62, 0xF9C6, 0xF889, 0xF7E1,
  0xF6D9, 0xF564, 0xF3D0, 0xF2A6,  0xF125, 0xEF46, 0xECEB, 0xEBC7,
  0xE90C, 0xE761, 0xE5DD, 0xE43C,  0xE287, 0xE31C, 0xE412, 0xE3FE,
  0xE455, 0xE7D0, 0xEA52, 0xEA62,  0xED8E, 0xF15F, 0xF601, 0xF882,
  0xFDCB, 0x0271, 0x05E4, 0x0AA3,  0x0E31, 0x11E5, 0x1570, 0x19BE,
  0x1E67, 0x20B5, 0x231E, 0x2574,  0x263C, 0x266B, 0x2614, 0x263A,
  0x24FE, 0x241C, 0x22B0, 0x1FB0,  0x1C45, 0x18FE, 0x15B3, 0x11B3,
  0x0DC7, 0x0A88, 0x07F1, 0x04D4,  0x0190, 0xFEA3, 0xFC92, 0xFA7D,
  0xF913, 0xF7E8, 0xF662, 0xF5B3,  0xF59C, 0xF578, 0xF503, 0xF4E5,
  0xF464, 0xF451, 0xF418, 0xF3AC,  0xF29B, 0xF1EC, 0xF1D1, 0xF0C3,
  0xEF29, 0xEDD7, 0xEC42, 0xEAEE,  0xEA2E, 0xE86F, 0xE66F, 0xE541,
  0xE4B4, 0xE370, 0xE206, 0xE34C,  0xE431, 0xE4D4, 0xE660, 0xE981,
  0xECC5, 0xECB0, 0xEFA6, 0xF488,  0xF87F, 0xFBBC, 0x007B, 0x0627,
  0x09D7, 0x0D94, 0x11CF, 0x14BA,  0x1783, 0x1BE6, 0x205B, 0x22AA,
  0x23E1, 0x261B, 0x2715, 0x261E,  0x2493, 0x2460, 0x233F, 0x218D,
  0x1FC6, 0x1CFA, 0x18C1, 0x1550,  0x122E, 0x0EBC, 0x0A9A, 0x0799,
  0x0633, 0x03A9, 0x00B3, 0xFDE7,  0xFC56, 0xFB4F, 0xFA67, 0xF948,
  0xF894, 0xF867, 0xF934, 0xF873,  0xF81D, 0xF76E, 0xF74D, 0xF797,
  0xF675, 0xF644, 0xF52E, 0xF468,  0xF3D1, 0xF1FC, 0xEFE2, 0xED24,
  0xEB4E, 0xE9A9, 0xE727, 0xE5C3,  0xE3BB, 0xE23F, 0xE172, 0xE02E,
  0xDF27, 0xDFA3, 0xE08A, 0xE142,  0xE317, 0xE71B, 0xE8EA, 0xE9B7,
  0xEEA2, 0xF318, 0xF6B8, 0xFA45,  0xFFB8, 0x0575, 0x0996, 0x0E04,
  0x11BE, 0x1593, 0x19E5, 0x1DB6,  0x2185, 0x23EA, 0x260A, 0x2855,
  0x28A0, 0x27D2, 0x2718, 0x26DF,  0x260E, 0x2400, 0x21C4, 0x1F27,
  0x1BE5, 0x1827, 0x1407, 0x10AA,  0x0CD3, 0x0A41, 0x07E4, 0x048B,
  0x01E9, 0xFFC8, 0xFE2C, 0xFBB4,  0xFA76, 0xFA41, 0xFA14, 0xF947,
  0xF896, 0xF813, 0xF7BD, 0xF6B4,  0xF5E0, 0xF5C9, 0xF560, 0xF4B4,
  0xF36A, 0xF27B, 0xF0F3, 0xEE76,  0xEC1A, 0xE9EF, 0xE830, 0xE6BE,
  0xE4E2, 0xE355, 0xE134, 0xE022,  0xDE6A, 0xDCCE, 0xDDA8, 0xDF24,
  0xDEBE, 0xE12D, 0xE525, 0xE6F3,  0xE7CA, 0xEA78, 0xF062, 0xF30E,
  0xF7A3, 0xFCCF, 0x01FE, 0x07BC,  0x0B42, 0x1002, 0x13B2, 0x1718,
  0x1C92, 0x20C7, 0x2405, 0x264D,  0x28A5, 0x2A5D, 0x2A21, 0x2971,
  0x2868, 0x281D, 0x270E, 0x24FB,  0x22CB, 0x1F7D, 0x1B71, 0x1860,
  0x1484, 0x0FBF, 0x0C4E, 0x0A61,  0x07E7, 0x048E, 0x019B, 0xFF6B,
  0xFDF1, 0xFC08, 0xFA20, 0xF8E1,  0xF89A, 0xF81E, 0xF79A, 0xF68B,
  0xF536, 0xF486, 0xF3D8, 0xF2EC,  0xF165, 0xF030, 0xF032, 0xEEBE,
  0xECBB, 0xEA97, 0xE83D, 0xE6A0,  0xE4C7, 0xE37A, 0xE1DC, 0xE10C,
  0xE0A1, 0xDED2, 0xDD4A, 0xDE63,  0xDF6D, 0xE003, 0xE105, 0xE578,
  0xE8F9, 0xE91E, 0xEBDA, 0xEFF7,  0xF518, 0xF85C, 0xFD09, 0x02CE,
  0x07C1, 0x0CE2, 0x10C3, 0x1462,  0x1779, 0x1BFE, 0x215C, 0x23CB,
  0x260E, 0x2955, 0x2B00, 0x2AAB,  0x2931, 0x2875, 0x2803, 0x26A9,
  0x2594, 0x22CB, 0x1F7F, 0x1C33,  0x18C4, 0x1432, 0x0F12, 0x0BDF,
  0x0A25, 0x079C, 0x03ED, 0x00B7,  0xFDCC, 0xFD12, 0xFA84, 0xF7CC,
  0xF6C3, 0xF73C, 0xF7BB, 0xF6F5,  0xF58A, 0xF45A, 0xF373, 0xF2AA,
  0xF175, 0xEFF1, 0xEF53, 0xEF1A,  0xEE4F, 0xEC20, 0xE984, 0xE867,
  0xE738, 0xE64B, 0xE5AD, 0xE3B3,  0xE33B, 0xE1E1, 0xE001, 0xDF2C,
  0xDF74, 0xE046, 0xE1CD, 0xE43A,  0xE7A9, 0xE8B1, 0xEA40, 0xEDB9,
  0xF03F, 0xF466, 0xF908, 0xFE16,  0x02C3, 0x07D1, 0x0CF0, 0x0FFB,
  0x13A2, 0x17F1, 0x1C33, 0x206A,  0x2364, 0x2678, 0x28CE, 0x2958,
  0x29EE, 0x291D, 0x28BA, 0x283F,  0x26F8, 0x25AC, 0x2327, 0x2000,
  0x1C0F, 0x1882, 0x1440, 0x10EA,  0x0CD8, 0x099B, 0x076A, 0x041C,
  0xFFC2, 0xFD3C, 0xFCDA, 0xFA9C,  0xF8D3, 0xF826, 0xF700, 0xF612,
  0xF51B, 0xF404, 0xF260, 0xF0B9,  0xF082, 0xF00E, 0xEDA4, 0xEC2C,
  0xEBEB, 0xEA7E, 0xE957, 0xE847,  0xE7AE, 0xE656, 0xE520, 0xE33B,
  0xE240, 0xE18D, 0xE024, 0xE034,  0xE15E, 0xE0E2, 0xE2EF, 0xE602,
  0xE6B9, 0xE792, 0xEA26, 0xEE24,  0xF048, 0xF455, 0xF8C9, 0xFD93,
  0x01D4, 0x068F, 0x0B7D, 0x0E88,  0x12A8, 0x180D, 0x1BF5, 0x1FAA,
  0x2211, 0x256D, 0x2751, 0x276C,  0x27F8, 0x27E0, 0x27EB, 0x272F,
  0x26B9, 0x249A, 0x221B, 0x1F90,  0x1BE1, 0x182C, 0x14CE, 0x1157,
  0x0EB4, 0x0AEE, 0x0822, 0x0537,  0x0227, 0xFF68, 0xFDF6, 0xFC93,
  0xFB28, 0xFA68, 0xF99D, 0xF89B,  0xF72D, 0xF59C, 0xF3F4, 0xF251,
  0xF0ED, 0xF08C, 0xEFC1, 0xEE76,  0xECE9, 0xEB89, 0xE98D, 0xE840,
  0xE66B, 0xE511, 0xE41A, 0xE2AF,  0xE1C8, 0xE017, 0xDF28, 0xE0FA,
  0xDF76, 0xDF92, 0xE215, 0xE57B,  0xE63D, 0xE5DE, 0xEABA, 0xED5B,
  0xF1DB, 0xF50E, 0xF8A7, 0xFE46,  0x024C, 0x07D5, 0x0B22, 0x0E55,
  0x132F, 0x176D, 0x1C98, 0x1ED8,  0x21AF, 0x252A, 0x26BC, 0x27FC,
  0x26B3, 0x276F, 0x27C1, 0x26EA,  0x258F, 0x22A9, 0x20C3, 0x1D76,
  0x19E1, 0x1635, 0x1209, 0x0FBF,  0x0CDE, 0x0A15, 0x0661, 0x031C,
  0x01EB, 0xFFA3, 0xFD29, 0xFAA4,  0xFACB, 0xFAF8, 0xF947, 0xF82D,
  0xF609, 0xF56A, 0xF41E, 0xF275,  0xF1D0, 0xF066, 0xF0AB, 0xEFC4,
  0xED46, 0xEBC1, 0xE9A3, 0xE83D,  0xE60D, 0xE55B, 0xE4ED, 0xE2F3,
  0xE118, 0xE0F8, 0xE142, 0xE035,  0xDEB2, 0xE215, 0xE5AE, 0xE37F,
  0xE631, 0xE996, 0xECB5, 0xEEFD,  0xF286, 0xF814, 0xFBC6, 0x00D7,
  0x0508, 0x0950, 0x0D65, 0x10EA,  0x1675, 0x1A0E, 0x1D23, 0x2118,
  0x2463, 0x267E, 0x266C, 0x2705,  0x280A, 0x27A4, 0x26A2, 0x2576,
  0x2427, 0x21BD, 0x1DDF, 0x1AAF,  0x1714, 0x13D2, 0x103B, 0x0D3D,
  0x0A59, 0x0691, 0x039F, 0x0196,  0xFF18, 0xFCC9, 0xFB0A, 0xFA4B,
  0xF971, 0xF8F2, 0xF890, 0xF6CE,  0xF438, 0xF416, 0xF370, 0xF150,
  0xF0AA, 0xEF54, 0xEF38, 0xEED9,  0xEE01, 0xEB45, 0xE962, 0xE715,
  0xE696, 0xE615, 0xE3FC, 0xE2B4,  0xE332, 0xE1E6, 0xE10D, 0xE2AC,
  0xE37E, 0xE449, 0xE53B, 0xE81A,  0xE97B, 0xEC18, 0xEF5D, 0xF2DD,
  0xF5EF, 0xFA8E, 0x00CC, 0x0396,  0x07D1, 0x0D00, 0x105B, 0x1556,
  0x186B, 0x1C5F, 0x205B, 0x21E7,  0x2423, 0x257B, 0x265E, 0x2607,
  0x2647, 0x262C, 0x2470, 0x2358,  0x2028, 0x1D1F, 0x1ADC, 0x174D,
  0x13C6, 0x0F83, 0x0CD2, 0x0A7F,  0x0670, 0x03A3, 0x01FA, 0xFFA3,
  0xFE80, 0xFD18, 0xFBA4, 0xFA00,  0xF87A, 0xF730, 0xF5D6, 0xF430,
  0xF2FD, 0xF275, 0xF203, 0xF05B,  0xEF6D, 0xEE35, 0xEC69, 0xEBE1,
  0xE957, 0xE91C, 0xE87B, 0xE5B8,  0xE4D6, 0xE40C, 0xE3D8, 0xE543,
  0xE0CD, 0xE407, 0xE75D, 0xE4DF,  0xE53A, 0xE796, 0xEB4F, 0xEB21,
  0xEFEE, 0xF37D, 0xF5E4, 0xFAF9,  0xFD92, 0x0236, 0x05D6, 0x08C5,
  0x0F1A, 0x122D, 0x1598, 0x1A1E,  0x1CC4, 0x1E03, 0x203B, 0x2310,
  0x234F, 0x23FE, 0x2544, 0x246C,  0x2326, 0x210C, 0x1F20, 0x1C4F,
  0x1833, 0x16E6, 0x13DA, 0x100A,  0x0D10, 0x0994, 0x06C2, 0x0429,
  0x02AF, 0x0102, 0xFED0, 0xFD15,  0xFD39, 0xFB8F, 0xF8C1, 0xF7D2,
  0xF53B, 0xF4F2, 0xF3FA, 0xF26C,  0xF257, 0xF059, 0xEF1D, 0xEFB4,
  0xEDE7, 0xEC08, 0xEBAB, 0xEAA6,  0xE9F6, 0xE816, 0xE766, 0xE7B7,
  0xE6BE, 0xE59B, 0xE5D0, 0xE982,  0xE85A, 0xE63A, 0xEA06, 0xEB27,
  0xED9C, 0xEEF5, 0xF10E, 0xF5B6,  0xF834, 0xFB22, 0xFE8F, 0x01EE,
  0x0585, 0x0988, 0x0CD1, 0x1039,  0x1588, 0x17BF, 0x18AA, 0x1C0D,
  0x1E81, 0x1FDF, 0x1F7D, 0x20A9,  0x219B, 0x209E, 0x203C, 0x1EC9,
  0x1BA5, 0x190D, 0x1646, 0x1467,  0x1152, 0x0E20, 0x0C67, 0x08BB,
  0x0810, 0x05D3, 0x0288, 0xFE6E,  0xFDE9, 0xFF75, 0xFCC7, 0xF922,
  0xF7BF, 0xF799, 0xF5A6, 0xF37E,  0xF30D, 0xF1BD, 0xF03F, 0xF073,
  0xF03A, 0xEFD0, 0xEC13, 0xEBEF,  0xEB4B, 0xE9FF, 0xE848, 0xE861,
  0xE926, 0xE93D, 0xE588, 0xE808,  0xECF4, 0xEABB, 0xE826, 0xE831,
  0xF13A, 0xF048, 0xEE3C, 0xF20A,  0xF6EB, 0xF902, 0xFA5A, 0xFF43,
  0x0157, 0x03B8, 0x090F, 0x0D27,  0x0E01, 0x1174, 0x1851, 0x18DA,
  0x1711, 0x1BDD, 0x2066, 0x1DF4,  0x1C12, 0x2067, 0x209B, 0x1D2A,
  0x1C03, 0x1B06, 0x16CD, 0x151D,  0x14A9, 0x1173, 0x0D2A, 0x0BA6,
  0x0B40, 0x0801, 0x056D, 0x0354,  0xFFD0, 0xFEA4, 0xFF7E, 0xFDDC,
  0xFA38, 0xF811, 0xF7A4, 0xF646,  0xF524, 0xF410, 0xF278, 0xF055,
  0xEFFB, 0xEFD9, 0xEDB8, 0xEB1A,  0xE985, 0xEAEF, 0xEAB3, 0xE83B,
  0xE7E5, 0xEAB2, 0xE8AC, 0xE698,  0xEA62, 0xEDB7, 0xEB5A, 0xE7A0,
  0xEF25, 0xF2CA, 0xF007, 0xF0BF,  0xF595, 0xF8FB, 0xF97F, 0xFE48,
  0xFFF0, 0x0152, 0x066B, 0x0C50,  0x0C4B, 0x0BEB, 0x13B8, 0x18EE,
  0x1662, 0x15F0, 0x1C3C, 0x1E93,  0x1B87, 0x1C87, 0x1EFB, 0x1CAA,
  0x1B9A, 0x1B94, 0x17A9, 0x14A9,  0x1356, 0x131F, 0x0F19, 0x09C2,
  0x0C0F, 0x0A33, 0x0415, 0x02BB,  0x04B5, 0x005F, 0xFBBA, 0xFDD4,
  0xFDAB, 0xF84B, 0xF5E9, 0xF6F9,  0xF2E5, 0xF19C, 0xF23D, 0xF0BC,
  0xED02, 0xECEC, 0xED23, 0xEAD0,  0xE804, 0xEA8E, 0xEAF9, 0xE8A1,
  0xEAAC, 0xEBAA, 0xEBC0, 0xE985,  0xED79, 0xF1E5, 0xF007, 0xEDA6,
  0xF1E7, 0xF4B8, 0xF3FE, 0xF5E0,  0xF922, 0xFA96, 0xFB78, 0xFF86,
  0x0236, 0x02D9, 0x0581, 0x09C3,  0x0C6C, 0x0D2D, 0x1179, 0x15A7,
  0x1576, 0x164A, 0x17DD, 0x1A75,  0x198B, 0x195D, 0x1A08, 0x1ABB,
  0x1A37, 0x178F, 0x14E4, 0x148C,  0x143B, 0x11BE, 0x0FC9, 0x0BF9,
  0x0B44, 0x0A40, 0x0795, 0x04E3,  0x021E, 0x003D, 0xFE19, 0xFD98,
  0xFC79, 0xFA8C, 0xF8DC, 0xF7C3,  0xF4DC, 0xF343, 0xF127, 0xED79,
  0xECDD, 0xEBA3, 0xEC3F, 0xE97F,  0xE798, 0xE6E0, 0xE564, 0xE5BC,
  0xE4F3, 0xE27E, 0xE5FB, 0xE667,  0xE516, 0xEB35, 0xE9E4, 0xED34,
  0xF250, 0xF556, 0xFA57, 0xFC56,  0x0311, 0x0189, 0x03AE, 0x07A6,
  0xFED1, 0x07D7, 0x0DFC, 0x1369,  0x157B, 0x107F, 0x18DD, 0x1A51,
  0x138B, 0x1C25, 0x25AC, 0x206A,  0x203C, 0x1DB0, 0x1D1E, 0x1A8C,
  0x188A, 0x1750, 0x13EE, 0x12A6,  0x10D5, 0x0BC1, 0x07C2, 0x05F2,
  0x0425, 0x03EF, 0x0093, 0x0013,  0xFCC3, 0xF887, 0xF703, 0xF244,
  0xF112, 0xEFD5, 0xEC4E, 0xEC1E,  0xE784, 0xE550, 0xE1A6, 0xDDEC,
  0xDCC1, 0xDAC9, 0xD94A, 0xD7FE,  0xDAB3, 0xDC77, 0xDEDE, 0xE257,
  0xE9D1, 0xEED3, 0xF206, 0xF8C7,  0xFD73, 0x0393, 0x08CC, 0x0E9B,
  0x133F, 0x1680, 0x1B47, 0x1F35,  0x1F2A, 0x1F82, 0x21FB, 0x2303,
  0x21E1, 0x2127, 0x20B1, 0x1BF0,  0x1B96, 0x19DE, 0x1619, 0x1340,
  0x1105, 0x0FC1, 0x0B73, 0x0954,  0x0737, 0x04E3, 0x0492, 0x03C3,
  0x03D3, 0x011F, 0xFF27, 0xFFE2,  0xFEE4, 0xFD6C, 0xFA8F, 0xF89E,
  0xF6BA, 0xF412, 0xF1B2, 0xED63,  0xE9F4, 0xE6DA, 0xE3D1, 0xE271,
  0xDE45, 0xDB45, 0xD818, 0xD5AD,  0xD405, 0xD331, 0xD569, 0xD88E,
  0xD8AD, 0xE13D, 0xEC29, 0xF4B6,  0xF8C6, 0xF94A, 0x05A6, 0x0B06,
  0x1690, 0x1C7E, 0x1E28, 0x238B,  0x24F6, 0x2A7D, 0x27F4, 0x2635,
  0x25DB, 0x25B7, 0x26C2, 0x21A1,  0x1B77, 0x1700, 0x14AB, 0x13F2,
  0x1011, 0x0AAE, 0x0556, 0x046C,  0x04AD, 0x03B2, 0x0149, 0x0028,
  0x008C, 0x02C3, 0x029C, 0x007C,  0xFE46, 0xFF4F, 0x017F, 0x0045,
  0xFC8B, 0xF757, 0xF592, 0xF50C,  0xF3AE, 0xEDFA, 0xE84C, 0xE417,
  0xE2A1, 0xE0F8, 0xDCC5, 0xD6DE,  0xD4CF, 0xD2AC, 0xD31A, 0xCFED,
  0xD3CA, 0xD76E, 0xDEEE, 0xEC6F,  0xF663, 0xFB96, 0xFB7C, 0x0932,
  0x1065, 0x1A82, 0x23DC, 0x2780,  0x2923, 0x2C5C, 0x2FBC, 0x2EF7,
  0x296C, 0x2865, 0x2867, 0x2496,  0x1F44, 0x1847, 0x14E5, 0x11A2,
  0x1080, 0x0C64, 0x0713, 0x0205,  0x02EA, 0x02FC, 0x0224, 0xFF6C,
  0xFF6D, 0x012D, 0x02F9, 0x026A,  0xFF5F, 0xFDF1, 0xFDF3, 0xFEB7,
  0xFC72, 0xF6AD, 0xF2E5, 0xEFF5,  0xEE64, 0xE941, 0xE272, 0xDEB4,
  0xDAE7, 0xDB1F, 0xD3F5, 0xCF96,  0xCC0B, 0xCC6B, 0xCCF4, 0xD192,
  0xD3AB, 0xD902, 0xE09D, 0xF124,  0xFEF9, 0xFCB3, 0x0588, 0x0EAC,
  0x1E99, 0x248F, 0x2B6D, 0x2D6D,  0x2E17, 0x3454, 0x3302, 0x30CA,
  0x290D, 0x28E4, 0x2853, 0x2332,  0x1AC8, 0x136D, 0x12D6, 0x113E,
  0x0FCF, 0x08F8, 0x03DA, 0x0310,  0x0642, 0x0666, 0x038B, 0x017F,
  0x025F, 0x0799, 0x061E, 0x01E8,  0xFD16, 0xFE8E, 0xFF3F, 0xFBD8,
  0xF84B, 0xF0D6, 0xEFC0, 0xEB2D,  0xE6EB, 0xE01E, 0xD931, 0xD787,
  0xD37B, 0xD226, 0xC990, 0xC91B,  0xC794, 0xCAAF, 0xCDA1, 0xD4BE,
  0xD780, 0xE2C2, 0xF66A, 0xFF7E,  0x0333, 0x04B6, 0x1843, 0x1EDB,
  0x2CBC, 0x300D, 0x2F83, 0x32BF,  0x328C, 0x353D, 0x2D8A, 0x298E,
  0x25D9, 0x2543, 0x1DA4, 0x1360,  0x0EFF, 0x0CDA, 0x0CF8, 0x09B5,
  0x046D, 0xFFA7, 0x01E4, 0x062C,  0x06FB, 0x0586, 0x0484, 0x0785,
  0x0AF6, 0x09CF, 0x0390, 0x02E6,  0x01C5, 0x0003, 0xFBB9, 0xF30F,
  0xF017, 0xEB42, 0xE844, 0xE16E,  0xDA08, 0xD5C3, 0xD32F, 0xD1B2,
  0xCBF1, 0xCA55, 0xC85A, 0xCB36,  0xCCB8, 0xD4A2, 0xD7EF, 0xE2FC,
  0xF441, 0x0128, 0x03B6, 0x0465,  0x163E, 0x1F8D, 0x2BFF, 0x300A,
  0x3234, 0x317A, 0x320B, 0x3460,  0x2E5C, 0x2972, 0x24F7, 0x23EF,
  0x1B9B, 0x0FE4, 0x09E5, 0x09D1,  0x09A3, 0x0741, 0x02F5, 0xFC5A,
  0xFF09, 0x0267, 0x043F, 0x0438,  0x05DC, 0x086B, 0x0A70, 0x08B4,
  0x012C, 0x0128, 0x0142, 0xFF95,  0xF995, 0xF187, 0xECC0, 0xE99F,
  0xE7D2, 0xE2C7, 0xDA80, 0xD569,  0xD1E3, 0xD337, 0xCE02, 0xCD63,
  0xCDD2, 0xD017, 0xD3A6, 0xDA60,  0xDEC6, 0xEA30, 0xFFBD, 0x0699,
  0x0A3F, 0x0B3E, 0x19CF, 0x2241,  0x2ED3, 0x338F, 0x2FAF, 0x30C3,
  0x31A7, 0x31A7, 0x291A, 0x24B1,  0x20E1, 0x1D48, 0x14B4, 0x0BB8,
  0x08BF, 0x0590, 0x066B, 0x05A7,  0xFF29, 0xFD53, 0xFF25, 0x01A7,
  0x04C3, 0x07E5, 0x06DA, 0x0AB2,  0x0AC7, 0x0878, 0x02A0, 0xFFCF,
  0xFCE2, 0xF7CE, 0xF32D, 0xECF7,  0xE951, 0xE427, 0xDDD0, 0xD918,
  0xD5DE, 0xD44C, 0xD452, 0xCF79,  0xCF08, 0xCF42, 0xD1D0, 0xD474,
  0xDAC3, 0xDF99, 0xEC83, 0xFB27,  0x07E9, 0x0520, 0x07E0, 0x16E1,
  0x1EF1, 0x2F2B, 0x2F80, 0x2F20,  0x2C4D, 0x2FD5, 0x3253, 0x2CC7,
  0x2646, 0x217E, 0x1EF2, 0x16CE,  0x105C, 0x0ADC, 0x0A83, 0x0AE1,
  0x0966, 0x0208, 0xFE26, 0x020E,  0x043F, 0x07E5, 0x08C6, 0x08C9,
  0x09CA, 0x0BCD, 0x08E4, 0x01DA,  0xFDA8, 0xFA82, 0xF961, 0xF037,
  0xE717, 0xDF38, 0xDD13, 0xD9FC,  0xD792, 0xD447, 0xCE9A, 0xCBD9,
  0xCBAF, 0xCE4A, 0xD1BD, 0xD4A1,  0xD620, 0xDCB5, 0xE0ED, 0xF049,
  0xFC2A, 0x05CD, 0x06C7, 0x0C19,  0x184A, 0x1FEA, 0x2A83, 0x2DE7,
  0x30D7, 0x2F35, 0x3243, 0x2FF2,  0x2B19, 0x2860, 0x2582, 0x2083,
  0x16F6, 0x11B5, 0x1118, 0x0EDE,  0x0CF5, 0x0A30, 0x073A, 0x06F5,
  0x0802, 0x09C6, 0x0B0C, 0x0CBF,  0x0CAF, 0x0C5E, 0x0980, 0x03E4,
  0xFC6A, 0xFADC, 0xF45D, 0xEFB6,  0xE837, 0xE0E4, 0xDC3D, 0xD68E,
  0xD56D, 0xD145, 0xD27F, 0xCD87,  0xCDC9, 0xCB21, 0xCBF5, 0xCF07,
  0xD31C, 0xD8D8, 0xDD2A, 0xE8ED,  0xF6B9, 0x00E2, 0xFF3D, 0x08A2,
  0x1112, 0x1AEF, 0x26CC, 0x2BA4,  0x2CC7, 0x2DF0, 0x330B, 0x33C6,
  0x2EFE, 0x2A05, 0x2890, 0x23B7,  0x1CF7, 0x16DD, 0x1574, 0x135C,
  0x11A9, 0x0DCB, 0x0A2D, 0x08F3,  0x087D, 0x0B75, 0x0BD2, 0x0D26,
  0x09AC, 0x0B3D, 0x0B02, 0x029C,  0xFCA3, 0xF712, 0xF544, 0xEE55,
  0xE73A, 0xDFA4, 0xD952, 0xD4DE,  0xD2A0, 0xD1B2, 0xCF92, 0xCC71,
  0xCA93, 0xCD8B, 0xCCE6, 0xD001,  0xD25F, 0xDC9D, 0xE2D5, 0xEBD2,
  0xF9AB, 0xFF7A, 0x028D, 0x0890,  0x1819, 0x1F7C, 0x25BC, 0x29C4,
  0x2E4A, 0x2FE4, 0x3082, 0x3059,  0x2B88, 0x276B, 0x2551, 0x21CE,
  0x1AE6, 0x14C7, 0x1232, 0x12AC,  0x1137, 0x0E0E, 0x0AD0, 0x0A01,
  0x0A94, 0x0DAD, 0x0EA2, 0x0F70,  0x0DEB, 0x0D1F, 0x06AB, 0xFDC9,
  0xF6CD, 0xF358, 0xF143, 0xEC75,  0xE4AC, 0xDB62, 0xD639, 0xD0D2,
  0xD29E, 0xD03D, 0xCFCD, 0xCC27,  0xCB47, 0xCDE5, 0xD08C, 0xD6A7,
  0xDA20, 0xDE7F, 0xE5B4, 0xF7ED,  0xFE48, 0x0001, 0x053D, 0x11DA,
  0x1B47, 0x23FC, 0x2AC5, 0x282E,  0x2CE9, 0x2F9C, 0x31E5, 0x2D6B,
  0x25D2, 0x237B, 0x2313, 0x1EFB,  0x178B, 0x1126, 0x1070, 0x11DA,
  0x11CF, 0x0D71, 0x0921, 0x0899,  0x0CC3, 0x1133, 0x0F68, 0x0CCE,
  0x0BEA, 0x0922, 0x0173, 0xF917,  0xF1B8, 0xEE59, 0xED1F, 0xE8C4,
  0xE02F, 0xD8F3, 0xD2A7, 0xCF71,  0xCC48, 0xCD6D, 0xCD55, 0xCD18,
  0xCB15, 0xCD33, 0xD23F, 0xDA3A,  0xE019, 0xE8A9, 0xF9B4, 0xFB37,
  0x0132, 0x055D, 0x133E, 0x1D10,  0x27E8, 0x2D35, 0x28DC, 0x2BCA,
  0x2CD0, 0x2F47, 0x291A, 0x285B,  0x2184, 0x1CD9, 0x1773, 0x1371,
  0x1205, 0x10CE, 0x1303, 0x0FD5,  0x0F59, 0x0D47, 0x0E59, 0x1023,
  0x1294, 0x11CF, 0x0E48, 0x0E17,  0x0982, 0x00E2, 0xF882, 0xF6BB,
  0xF879, 0xEFEE, 0xE1D7, 0xD4CF,  0xD08E, 0xD189, 0xD1C1, 0xCD17,
  0xC79F, 0xC81F, 0xC896, 0xCCA8,  0xCD62, 0xD6A0, 0xDB85, 0xE1DE,
  0xF113, 0xFD35, 0xFF9E, 0x00F2,  0x12C3, 0x1B2E, 0x2082, 0x24DD,
  0x2ACC, 0x2CB4, 0x2B9A, 0x2DCE,  0x2764, 0x236A, 0x20AB, 0x1F28,
  0x18CF, 0x10BF, 0x0E29, 0x0F7C,  0x12BF, 0x11ED, 0x1199, 0x0E58,
  0x0FA8, 0x13FB, 0x1316, 0x13D6,  0x131C, 0x10CA, 0x0D01, 0x0641,
  0xFBF4, 0xF75F, 0xF5CC, 0xEE0D,  0xE690, 0xDC90, 0xD938, 0xD4FA,
  0xD0EA, 0xCFC9, 0xCD17, 0xCB1D,  0xC78B, 0xCBFD, 0xCF38, 0xD71D,
  0xD770, 0xDCF3, 0xEAE0, 0xFCB4,  0x00AD, 0xFE40, 0x0729, 0x0F2C,
  0x2272, 0x2618, 0x277E, 0x2592,  0x2951, 0x2D2C, 0x2B93, 0x25BD,
  0x1D01, 0x1C8B, 0x1A8A, 0x1846,  0x1011, 0x0C1A, 0x0E7E, 0x12CF,
  0x1028, 0x0E8A, 0x0B21, 0x0DF4,  0x14EA, 0x18F9, 0x1471, 0x0D95,
  0x0B33, 0x08E9, 0x0361, 0xFA29,  0xF61B, 0xF016, 0xE8D8, 0xDF92,
  0xDAE3, 0xD4B4, 0xD361, 0xD2D8,  0xD098, 0xCDA0, 0xCC16, 0xCDF8,
  0xD12E, 0xD572, 0xD88A, 0xDFC8,  0xED28, 0xFB26, 0xFC66, 0xFE85,
  0x04C8, 0x0F53, 0x1AF1, 0x2290,  0x2598, 0x239B, 0x262B, 0x2B3C,
  0x2983, 0x2429, 0x1F3A, 0x1C78,  0x1858, 0x1381, 0x114D, 0x0E77,
  0x0EE1, 0x0FD4, 0x114A, 0x0D1F,  0x0ADF, 0x0EBF, 0x138D, 0x17C7,
  0x16A9, 0x121E, 0x0A62, 0x04B5,  0xFDAC, 0xFA66, 0xF61C, 0xED4A,
  0xE1DB, 0xDD45, 0xDB35, 0xD80A,  0xD52A, 0xD1A2, 0xD12E, 0xD0DA,
  0xD2A5, 0xD1D7, 0xD425, 0xD790,  0xE165, 0xE5CA, 0xF2B5, 0xFCE9,
  0xFC6F, 0xFF61, 0x0673, 0x11D6,  0x17F6, 0x20A6, 0x20EB, 0x240B,
  0x2553, 0x258A, 0x2581, 0x203C,  0x1CE1, 0x1B39, 0x184A, 0x12D0,
  0x11FF, 0x0FC9, 0x10B7, 0x1172,  0x0FA4, 0x0F0C, 0x0E41, 0x0E60,
  0x1019, 0x1499, 0x124D, 0x0E6A,  0x0797, 0x01D7, 0xFD7E, 0xF605,
  0xED65, 0xE8B2, 0xE833, 0xE3B0,  0xE2B8, 0xDCCD, 0xD65B, 0xD464,
  0xD6AF, 0xD8F7, 0xDA80, 0xD939,  0xD8E3, 0xD980, 0xDC3C, 0xE906,
  0xF4D7, 0xF873, 0xF920, 0xFDF5,  0x043E, 0x0BEF, 0x1502, 0x1D4C,
  0x2017, 0x22CA, 0x23B2, 0x2514,  0x246D, 0x21E7, 0x2006, 0x1E2E,
  0x1A1B, 0x1499, 0x140B, 0x13C7,  0x120A, 0x0FDA, 0x0E2F, 0x09C2,
  0x06BA, 0x0BAE, 0x1149, 0x0CC4,  0x098A, 0x07AE, 0x0479, 0xFE0E,
  0xF6C0, 0xF131, 0xEC3F, 0xEB1A,  0xE760, 0xE172, 0xDECE, 0xDCDD,
  0xDBB7, 0xDE85, 0xDB2B, 0xDA33,  0xD862, 0xDAC2, 0xDEE8, 0xE229,
  0xE46D, 0xEC73, 0xF9B7, 0xFBC4,  0xFC67, 0xFEF5, 0x0815, 0x0F3D,
  0x1AF2, 0x1D9E, 0x1B9A, 0x1E53,  0x20C3, 0x2325, 0x204E, 0x1C64,
  0x1A4F, 0x1A12, 0x16BC, 0x150E,  0x12BA, 0x0FCB, 0x1080, 0x10CA,
  0x0D36, 0x0B9D, 0x094E, 0x0CAF,  0x10A9, 0x101C, 0x08F9, 0x007D,
  0xF98B, 0xF800, 0xF693, 0xF3BF,  0xF12F, 0xEB98, 0xE74A, 0xE2DA,
  0xE311, 0xE00D, 0xE25B, 0xE1F9,  0xE22E, 0xE10C, 0xE086, 0xE03A,
  0xE166, 0xE50A, 0xEB88, 0xF6B4,  0xF6ED, 0xF58B, 0xF772, 0x009A,
  0x0777, 0x11A3, 0x164C, 0x1647,  0x19A3, 0x1D9D, 0x203B, 0x1F0F,
  0x1AF1, 0x19A5, 0x1C19, 0x17C3,  0x15AF, 0x1236, 0x110B, 0x1040,
  0x0FAA, 0x0CD1, 0x0927, 0x0756,  0x084E, 0x0AED, 0x0A6F, 0x09CB,
  0x0561, 0x006C, 0xF9BD, 0xF2C9,  0xEF40, 0xEFC6, 0xF21D, 0xF19C,
  0xECA5, 0xE865, 0xE43E, 0xE3CA,  0xE57B, 0xE6DC, 0xE649, 0xE69B,
  0xE673, 0xE747, 0xE746, 0xE8A4,  0xF165, 0xFA00, 0xFA45, 0xF581,
  0xFC22, 0x018A, 0x0943, 0x0F8B,  0x13E6, 0x1517, 0x15A3, 0x1942,
  0x196D, 0x184A, 0x134C, 0x161C,  0x16F3, 0x13CC, 0x0F1B, 0x0E56,
  0x1033, 0x0F99, 0x0F28, 0x0B3B,  0x0867, 0x0969, 0x0B79, 0x0B9C,
  0x0815, 0x0256, 0xFDF2, 0xFB92,  0xF8AB, 0xF5CC, 0xF483, 0xF4D0,
  0xF6D8, 0xF347, 0xED5E, 0xE854,  0xE6B1, 0xEA8A, 0xED4C, 0xEB80,
  0xE7C1, 0xE7A3, 0xE96E, 0xEB82,  0xED12, 0xF232, 0xF7AF, 0xF900,
  0xFA4B, 0xFB3D, 0x00AC, 0x060B,  0x0B83, 0x0FB5, 0x0EEE, 0x1086,
  0x1171, 0x1174, 0x10C4, 0x10E4,  0x0FBE, 0x0F89, 0x1040, 0x0F4B,
  0x0E69, 0x0E86, 0x0F8C, 0x0D9D,  0x0D08, 0x0BB9, 0x0A36, 0x0A0A,
  0x0970, 0x07D5, 0x03DC, 0x00BE,  0xFEBB, 0xFB73, 0xF62A, 0xF3C8,
  0xF40C, 0xF46C, 0xF5BF, 0xF529,  0xF484, 0xF2B7, 0xF128, 0xF117,
  0xEE1A, 0xEF44, 0xF1A0, 0xF15C,  0xF06D, 0xED38, 0xED3C, 0xF221,
  0xF7D7, 0xFB60, 0xFE2D, 0xFDD0,  0x003C, 0x034B, 0x057E, 0x0937,
  0x097C, 0x0C0C, 0x0C50, 0x0D65,  0x0C0B, 0x0884, 0x089D, 0x06B2,
  0x0893, 0x0B4B, 0x0E19, 0x0D46,  0x0C3C, 0x0C4A, 0x0B76, 0x0B2E,
  0x0ADE, 0x0ADA, 0x06FE, 0x020B,  0xFF80, 0xFFF7, 0xFEFA, 0xFDE8,
  0xFDAD, 0xFD7B, 0xFB8B, 0xFA40,  0xF8AB, 0xF8A6, 0xF8EB, 0xF81D,
  0xF878, 0xF59A, 0xF424, 0xF4C5,  0xF499, 0xF47D, 0xF4EB, 0xF4C5,
  0xF788, 0xF82C, 0xF81C, 0xF93E,  0xFBAE, 0xFE5F, 0xFEF2, 0xFFC1,
  0xFFCB, 0xFF45, 0x00AA, 0x03FF,  0x05AF, 0x06CD, 0x0661, 0x0748,
  0x08D6, 0x0769, 0x0652, 0x07EA,  0x0997, 0x08A3, 0x08CF, 0x0881,
  0x0769, 0x0711, 0x07BE, 0x0913,  0x068A, 0x0410, 0x021A, 0x01F8,
  0x0121, 0xFFD8, 0xFE93, 0xFCC2,  0xFBE3, 0xFC07, 0xFB3E, 0xFA25,
  0xFAF7, 0xFAF8, 0xFAED, 0xFA20,  0xFA3D, 0xF9DF, 0xF9A4, 0xF8AF,
  0xF838, 0xF867, 0xF889, 0xFAA6,  0xFCB7, 0xFCAD, 0xFB2E, 0xF9B2,
  0xFBDD, 0xFDC5, 0xFF5E, 0x0118,  0x0036, 0x004C, 0x001A, 0x00F2,
  0x016F, 0x01E5, 0x02C3, 0x0411,  0x0405, 0x0427, 0x0506, 0x05D1,
  0x061F, 0x0587, 0x091E, 0x0720,  0x07D2, 0x0674, 0x03A8, 0x0497,
  0x009D, 0x049A, 0x04E9, 0x04DA,  0x0239, 0xFC49, 0xFD44, 0xFC98,
  0xF906, 0xFD97, 0x01DF, 0xFFFA,  0xFE37, 0xFA2F, 0xFD1A, 0x0014,
  0xFF08, 0xFDFA, 0xFDD6, 0xFD10,  0xFD49, 0xFDE0, 0xFC2B, 0xFBE0,
  0xFCC2, 0xFF19, 0xFF96, 0xFE52,  0xFE1D, 0xFEBB, 0x00A9, 0x008D,
  0x0298, 0x028D, 0x011F, 0x005A,  0x0048, 0x0070, 0xFFF1, 0x001E,
  0x0030, 0x022F, 0x00D8, 0x013C,  0x0222, 0x02F4, 0x02C9, 0x02C8,
  0x02AE, 0x010C, 0x0116, 0x033C,  0x0375, 0x02D3, 0x00BC, 0x0010,
  0x01AB, 0xFE6C, 0x004F, 0x0022,  0xFDF4, 0xFE74, 0xFE44, 0xFEBB,
  0xFB18, 0xFB7E, 0xFE3B, 0xFF32,  0xFF90, 0xFC09, 0xFC12, 0xFD11,
  0xFDD3, 0xFF6C, 0xFE8C, 0xFF9F,  0x031D, 0xFD4F, 0xFDA0, 0xFDFA,
  0xFC9B, 0x0145, 0x0254, 0x038C,  0x0009, 0xFED8, 0xFCEC, 0x00F4,
  0xFFC7, 0xFFC3, 0x0103, 0xFE83,  0x01C8, 0x030F, 0x03F7, 0x002C,
  0xFFB2, 0x000E, 0x0103, 0x0203,  0x0075, 0xFEE5, 0xFF94, 0x014F,
  0x0056, 0xFDD9, 0xFE99, 0x001D,  0xFFFE, 0x01D6, 0x0085, 0xFF74,
  0xFEDE, 0x0088, 0x014F, 0x0206,  0xFEC4, 0xFDE3, 0x00A1, 0xFF94,
  0x019D, 0xFE94, 0xFDBA, 0xFE46,  0x01B8, 0x007D, 0xFFF7, 0xFE16,
  0xFC0B, 0xFF5A, 0xFF44, 0x0099,  0xFF9D, 0x02A1, 0x002B, 0x0140,
  0x0056, 0xFE5E, 0x00CD, 0x0101,  0xFFD7, 0x005E, 0x0201, 0xFFF9,
  0x010A, 0xFFED, 0x01F6, 0x03D3,  0x0453, 0x01E4, 0x00E2, 0xFECD,
  0xFFF2, 0x030B, 0xFFB8, 0xFE7E,  0xFC3B, 0xFEBB, 0x0077, 0xFFC5,
  0x0403, 0x0506, 0x0171, 0xFDD8,  0xFFBC, 0xFE98, 0xFEEF, 0xFFE4,
  0x00B6, 0x02E0, 0xFD8B, 0xFF72,  0xFD4C, 0xFE0F, 0xFEEA, 0xFF5D,
  0xFE99, 0xFF4A, 0x00F9, 0xFEA6,  0xFE3D, 0xFD44, 0xFFFA, 0x0003,
  0x0275, 0x0175, 0x0115, 0xFE48,  0xFDCC, 0x0079, 0x023B, 0xFED9,
  0x0068, 0x012A, 0xFF19, 0x032D,  0xFDF9, 0x0015, 0x0170, 0x006F,
  0x0370, 0xFFAF, 0xFED3, 0xFE54,  0xFE36, 0x018F, 0x0033, 0x0049,
  0x00B5, 0xFF35, 0xFFC9, 0xFEC5,  0xFFA3, 0x0242, 0x0216, 0x0103,
  0xFDF3, 0xFF86, 0x0135, 0x0226,  0xFE6C, 0x00F1, 0x02CA, 0x009F,
  0xFFB2, 0xFCEF, 0x0128, 0xFC9E,  0x0005, 0xFEEC, 0xFCFF, 0xFD82,
  0xFFAE, 0x009C, 0xFAB2, 0x0128,  0xFCF7, 0xFE7B, 0x0019, 0xFF29,
  0x028F, 0xFE5B, 0xFD1B, 0xFF11,  0x0145, 0xFECD, 0xFF59, 0x03F3,
  0x03CD, 0x01DD, 0xFFAF, 0xFE08,  0x029F, 0xFFF9, 0x02F0, 0x037F,
  0xFE85, 0x0009, 0xFFAF, 0xFFA4,  0xFE3C, 0xFFD1, 0x0139, 0x00AC,
  0xFF79, 0x02A9, 0x01C4, 0xFFEF,  0xFDCE, 0x00D4, 0x043C, 0xFD52,
  0xFFD5, 0x006B, 0x0039, 0x009F,  0xFC60, 0xFF10, 0x0041, 0xFEDC,
  0xFD4A, 0xFF45, 0x00A2, 0xFF53,  0xFE34, 0x0068, 0xFFA8, 0xFE43,
  0x016A, 0x0149, 0xFE79, 0x012C,  0x011C, 0xFFF9, 0x0081, 0xFDFD,
  0xFFAF, 0xFF82, 0x013C, 0x01ED,  0x01C1, 0x000A, 0x022A, 0xFFE9,
  0x0020, 0xFE32, 0xFFAE, 0x0091,  0x0132, 0x01BA, 0xFE20, 0x008C,
  0xFD0B, 0x00EF, 0x0283, 0x0164,  0x005E, 0x002F, 0x006D, 0x0209,
  0x022B, 0x00A9, 0xFF10, 0x01B9,  0xFE96, 0xFF13, 0xFF0D, 0xFE3C,
  0x02E0, 0xFF3C, 0xFE3B, 0xFDDA,  0xFF1B, 0xFE32, 0xFF6E, 0xFFE2,
  0x015E, 0x00AB, 0xFE67, 0x0011,  0xFDF4, 0xFEB8, 0xFF3E, 0xFF38,
  0xFEA0, 0xFDE3, 0xFF7F, 0xFFE7,  0xFF78, 0xFF4B, 0x011C, 0x013F,
  0x0278, 0x0156, 0x00DD, 0xFFFB,  0x01C4, 0x0235, 0xFF5E, 0xFF0E,
  0x01AA, 0x00D7, 0x01C8, 0x0183,  0xFEB3, 0x0252, 0x025A, 0x01BC,
  0xFD8D, 0xFFD5, 0x0085, 0x016D,  0x0078, 0xFE6D, 0x000A, 0x001F,
  0xFE56, 0xFEF7, 0xFEAA, 0x008C,  0x015A, 0xFE08, 0xFF1F, 0xFCF4,
  0xFF82, 0xFFC2, 0x001F, 0x019D,  0xFFA1, 0x0054, 0xFFFF, 0xFEDC,
  0x0189, 0xFCD3, 0x0050, 0x0107,  0x0065, 0x0316, 0x00FD, 0x0116,
  0xFF46, 0x00AD, 0xFF90, 0xFF2F,  0xFE54, 0xFF88, 0xFFFF, 0x0063,
  0x01AE, 0xFFF5, 0x0080, 0x01CE,  0x00B1, 0x0250, 0xFED8, 0xFE7B,
  0xFF52, 0xFF54, 0xFE87, 0x0092,  0x01DE, 0x00B0, 0x0033, 0xFE95,
  0xFFA5, 0xFECC, 0x02A9, 0xFD22,  0xFF53, 0xFF0D, 0x00AD, 0xFFF7,
  0xFDEC, 0x00FC, 0xFDEC, 0xFDD7,  0xFEF8, 0xFFAF, 0xFED8, 0x03CE,
  0x00ED, 0xFEAB, 0xFEE5, 0xFEF7,  0xFE8A, 0xFF32, 0x0251, 0x0253,
  0x0037, 0x0268, 0xFF64, 0xFEFC,  0x0072, 0xFEAE, 0x008F, 0x0125,
  0x011A, 0xFFB6, 0x0019, 0xFF35,  0xFCC9, 0xFEAF, 0x009E, 0xFDC3,
  0x03B3, 0x029B, 0xFFDE, 0xFF41,  0xFC84, 0xFEE0, 0xFFB6, 0x014B,
  0x03D8, 0x0209, 0xFF94, 0xFF44,  0xFF94, 0x0100, 0x01F7, 0x04C5,
  0x015E, 0xFEA8, 0xFD71, 0xFDE0,  0x000C, 0x00DB, 0x02CA, 0x00EA,
  0xFDFE, 0xFDE3, 0xFC0E, 0xFFA1,  0x0129, 0x0184, 0xFF1E, 0xFF98,
  0x02B1, 0xFDC8, 0x00D6, 0xFD86,  0x00BB, 0xFE03, 0xFF30, 0x00AF,
  0xFEA7, 0x0120, 0xFFDF, 0x00DA,  0xFFF3, 0x011F, 0xFFA7, 0x0033,
  0xFEDD, 0x0198, 0xFFB1, 0x027C,  0xFF38, 0xFF02, 0xFFC1, 0x0071,
  0x002D, 0x0031, 0x0229, 0xFFBF,  0x0201, 0xFF3D, 0x015E, 0xFE7C,
  0xFF0A, 0xFFB6, 0x0031, 0x0148,  0x0029, 0x008A, 0x004D, 0xFEB7,
  0xFF48, 0xFE30, 0x0115, 0x0121,  0x0115, 0x001A, 0xFDDB, 0x007C,
  0xFF12, 0xFFE8, 0xFE7F, 0x01E1,  0x0179, 0x0085, 0xFE35, 0xFC3A,
  0xFE6F, 0x021D, 0x0094, 0xFEED,  0x014F, 0xFDE8, 0xFF59, 0x0161,
  0xFFCB, 0x01E9, 0x01E2, 0xFE66,  0xFED4, 0xFE76, 0x0026, 0x00AC,
  0x0114, 0x01BB, 0xFFCF, 0xFE2F,  0xFF45, 0x0078, 0x0233, 0x01C9,
  0x005B, 0x01BB, 0xFFE3, 0x002C,  0xFF4F, 0xFE9C, 0xFF79, 0xFFED,
  0xFFA3, 0x0394, 0x01BD, 0xFD55,  0xFEFB, 0xFF81, 0x0126, 0xFE6D,
  0xFF0C, 0x0010, 0xFE87, 0x0011,  0x0070, 0xFE2E, 0xFF93, 0xFD92,
  0x0033, 0xFFF3, 0xFE4D, 0x02FF,  0xFF96, 0x0110, 0xFF8D, 0x0081,
  0x004C, 0xFE52, 0xFFA3, 0xFEBB,  0x020A, 0x02AD, 0x00DC, 0xFEFC,
  0xFE85, 0x006F, 0x0062, 0x010F,  0x008B, 0x00AB, 0x00F9, 0x0080,
  0xFF79, 0x00E9, 0x0091, 0xFE31,  0x000E, 0xFFE1, 0x014E, 0x00BD,
  0xFFAA, 0xFF1C, 0xFF03, 0x006C,  0xFFC0, 0xFFDD, 0x002E, 0xFF43,
  0x00F1, 0xFEC3, 0x0021, 0xFFC0,  0xFD29, 0xFEFB, 0xFFF5, 0x0154,
  0x0124, 0x005D, 0xFF8C, 0xFE7A,  0xFFCA, 0x0128, 0x01BC, 0x0111,
  0xFE87, 0xFEF3, 0xFF09, 0x0210,  0xFF7E, 0x0092, 0x002D, 0xFE17,
  0x00A6, 0x0177, 0x023E, 0x012D,  0xFE94, 0xFF67, 0x001A, 0xFF10,
  0x01B3, 0xFFB9, 0x015D, 0x00D5,  0xFFA9, 0xFF0F, 0xFFBB, 0xFD9D,
  0xFDD6, 0x0212, 0x00E5, 0x00D0,  0xFF1D, 0x0017, 0x00BF, 0xFFAA,
  0xFF64, 0x014C, 0xFF7D, 0xFECE,  0xFF6F, 0xFF46, 0x01BB, 0xFFF8,
  0xFF09, 0xFEC1, 0xFF59, 0x0096,  0x00E9, 0x006B, 0x0136, 0xFF8C,
  0xFF1E, 0x0056, 0xFF87, 0x00C4,  0xFFB9, 0x0062, 0xFEC4, 0x0063,
  0x0107, 0xFF89, 0x0030, 0xFFA3,  0x00EE, 0xFF6B, 0x0084, 0xFFD6,
  0xFFCF, 0x013D, 0xFFB5, 0x0192,  0x009B, 0xFEBA, 0x0063, 0xFF74,
  0x008C, 0x00EE, 0xFFC9, 0xFF98,  0xFE83, 0xFF16, 0xFF70, 0x01CA,
  0xFFB9, 0xFF78, 0xFFCE, 0xFE2A,  0x00B4, 0xFF8D, 0x0085, 0xFF40,
  0xFF5F, 0xFFB5, 0xFFAB, 0x007A,  0xFF3A, 0x01A9, 0x0165, 0x01A3,
  0xFF2D, 0xFFD7, 0xFFC7, 0xFFD7,  0x01CE, 0x009A, 0xFFCD, 0xFE69,
  0xFFFD, 0xFEA6, 0x00AD, 0x000A,  0xFECF, 0x00A2, 0x01F0, 0x00E9,
  0xFE13, 0xFF18, 0xFED6, 0x006C,  0x016A, 0x0029, 0x012C, 0xFE83,
  0x0001, 0xFFD0, 0xFE1E, 0x0115,  0xFF3B, 0x005C, 0xFF60, 0x007F,
  0xFF20, 0xFF9B, 0xFF10, 0xFF96,  0xFF7C, 0x005D, 0x00E9, 0xFFC6,
  0x01A2, 0x0038, 0x0191, 0x005B,  0x007B, 0xFF93, 0x004C, 0xFF50,
  0xFFFA, 0x00A8, 0x010A, 0xFEBD,  0xFF80, 0xFFF6, 0x017A, 0x00C7,
  0xFFA1, 0xFF4E, 0xFF29, 0x0086,  0xFFD7, 0x0140, 0xFDDB, 0xFFAD,
  0xFF94, 0xFF4C, 0xFEB6, 0x0097,  0x0076, 0xFEC8, 0xFF97, 0x0166,
  0xFFDE, 0x00F6, 0x00EB, 0xFF47,  0x00C9, 0xFE61, 0x010C, 0x016B,
  0xFFB7, 0xFFDC, 0x004C, 0x0027,  0x0127, 0xFF9E, 0x0078, 0x00AE,
  0xFF6B, 0x008E, 0x004E, 0x00BF,  0xFEF3, 0x0019, 0xFFC9, 0xFE7A,
  0x00C4, 0xFFB4, 0xFEDE, 0xFF9F,  0x00A0, 0xFEC5, 0x0007, 0xFEFD,
  0xFFC2, 0x0129, 0xFF50, 0x0140,  0xFE98, 0xFE61, 0xFF2C, 0x0021,
  0x0166, 0xFFF0, 0x00A5, 0xFF97,  0x0046, 0x00A7, 0x0045, 0x013D,
  0xFE61, 0x008E, 0x00D7, 0x0193,  0x0012, 0xFF1A, 0x0014, 0x009E,
  0x010A, 0xFFF2, 0xFFF2, 0xFFB2,  0x010F, 0xFE84, 0x00A3, 0xFF69,
  0xFFD5, 0x008F, 0xFFF6, 0xFFD0,  0xFF8D, 0xFFAB, 0xFEDD, 0xFF1B,
  0xFF64, 0x00DE, 0x00B3, 0xFFE0,  0xFECF, 0xFF4D, 0xFFFD, 0x00D6,
  0x00DF, 0x01CF, 0xFF0D, 0x0029,  0x0052, 0xFFF1, 0x0061, 0xFFDE,
  0x0102, 0x01B1, 0xFFCB, 0xFE82,  0xFE85, 0xFFC0, 0x0018, 0xFE32,
  0x01A6, 0xFFD1, 0x0145, 0xFF28,  0xFFEF, 0xFE92, 0xFFE3, 0x00AC,
  0xFEDA, 0x0135, 0xFF5B, 0x00FB,  0xFFB6, 0x00AB, 0xFFC5, 0x0087,
  0xFE2A, 0x0023, 0x01C4, 0x0007,  0x0073, 0x003E, 0x00B3, 0xFE3B,
  0xFFA4, 0xFF91, 0x000C, 0xFF8D,  0xFF91, 0x01EE, 0x007B, 0x003A,
  0xFF6D, 0xFCFB, 0x00CF, 0xFFE2,  0xFF42, 0x010A, 0x0053, 0x005D,
  0xFE8D, 0xFF4A, 0xFEE8, 0x0204,  0xFFD5, 0x025A, 0x0113, 0xFF7F,
  0x004D, 0xFD5A, 0x0127, 0x0001,  0x00D0, 0x00D8, 0x0059, 0xFC09,
  0x0289, 0x001F, 0xFF2B, 0xFF23,  0x0098, 0x0293, 0xFF13, 0x01F6,
  0xFCDC, 0x01B7, 0xFE5B, 0xFEAF,  0x0032, 0x0066, 0x002D, 0x01F4,
  0xFF71, 0xFD5F, 0xFFDC, 0xFFC0,  0x02A6, 0xFF01, 0xFFDD, 0x0163,
  0xFF59, 0xFDFA, 0x0068, 0x0095,  0xFF57, 0x00F5, 0x0290, 0x0010,
  0xFF2D, 0xFF23, 0x0054, 0x019A,  0x0092, 0xFD6F, 0xFFC0, 0x0237,
  0x0189, 0x0001, 0xFF2D, 0xFF54,  0x0023, 0xFF98, 0xFF5F, 0x026B,
  0x003F, 0xFFD8, 0xFD3E, 0xFF0B,  0x00AE, 0xFE79, 0x003B, 0x0086,
  0x003C, 0x00BD, 0xFDB4, 0x0075,  0x01FC, 0xFFD7, 0xFF6A, 0xFF61,
  0xFF95, 0x01D1, 0x0280, 0xFE33,  0xFF36, 0xFEAD, 0x0154, 0x01E6,
  0xFF3D, 0xFEE0, 0xFECE, 0x01BB,  0x0159, 0xFF86, 0xFE14, 0xFE11,
  0x0063, 0x007D, 0x0128, 0xFFCD,  0xFFB2, 0xFF0F, 0xFF85, 0xFF56,
  0xFECF, 0x003C, 0xFFE6, 0x0150,  0x00E5, 0xFF9D, 0xFDC2, 0xFE74,
  0x0006, 0x01AF, 0x018D, 0x011F,  0xFFC2, 0xFF2F, 0x0192, 0x015F,
  0x0000, 0xFCFC, 0xFFFA, 0x029A,  0xFF05, 0xFE4A, 0x01AD, 0xFEB8,
  0xFEA2, 0x0115, 0x01D3, 0x0096,  0xFFEF, 0x018C, 0xFD54, 0xFFC7,
  0x00A1, 0x0302, 0xFE33, 0xFF7B,  0x019F, 0xFED9, 0x000B, 0x003B,
  0xFF7E, 0xFDE3, 0x01DC, 0x004D,  0x001A, 0xFF25, 0xFE72, 0x02CC,
  0x01FB, 0xFD77, 0x0173, 0x0063,  0x01A1, 0xFE9A, 0x00FA, 0x00DF,
  0xFF5D, 0x0119, 0x0045, 0xFFEA,  0xFF8C, 0x00C8, 0xFDCE, 0x027C,
  0xFF33, 0xFF34, 0xFF89, 0xFFD7,  0xFF22, 0xFF58, 0x0238, 0x000C,
  0xFEFB, 0x021D, 0xFE6A, 0x01CB,  0x0044, 0xFB76, 0x0321, 0xFEAD,
  0xFF52, 0xFFE5, 0xFF8F, 0x00A6,  0x0033, 0x00DB, 0xFDF4, 0xFFBC,
  0x00AA, 0x00F1, 0x01F0, 0xFE88,  0xFEE2, 0x0058, 0x026A, 0xFF80,
  0x0017, 0x0103, 0xFDA7, 0x0060,  0xFF92, 0x00C7, 0xFFE0, 0xFF9D,
  0x0106, 0xFE54, 0xFFF7, 0xFE3C,  0x022F, 0x00CA, 0xFDD4, 0x0052,
  0xFEF8, 0xFEB6, 0xFFB5, 0x028F,  0xFDC9, 0x0026, 0xFFDF, 0x0021,
  0x00E7, 0xFDFA, 0xFF6C, 0xFF7C,  0x0014, 0xFF5C, 0x0091, 0x0196,
  0x0010, 0xFEF1, 0x0127, 0xFC42,  0x02F4, 0x00DF, 0xFE69, 0x0198,
  0xFE13, 0x0061, 0xFCA6, 0x0269,  0xFE83, 0x00BF, 0x02BA, 0xFD83,
  0x002D, 0xFD4E, 0xFF56, 0x032B,  0xFEEA, 0xFEB1, 0xFFF5, 0x0067,
  0x0143, 0xFD4A, 0x00F3, 0x0191,  0xFDA5, 0xFF20, 0xFEFD, 0x0145,
  0xFE62, 0xFDBD, 0x00FC, 0xFFE5,  0x0156, 0x00F3, 0x0231, 0xFE40,
  0xFDB7, 0xFE86, 0x039A, 0x02F7,  0xFDC0, 0xFDAF, 0xFF12, 0x023A,
  0x005E, 0xFC66, 0xFFAA, 0x0441,  0x00F1, 0xFFA2, 0xFC46, 0x0333,
  0x0293, 0xFE15, 0x0149, 0x00BD,  0xFF38, 0xFE34, 0xFF05, 0x0170,
  0x01E9, 0x006A, 0x0094, 0xFF4C,  0x0050, 0x0181, 0x02B9, 0x023C,
  0x00DF, 0xFE8A, 0x0043, 0x01EC,  0x0107, 0x00C2, 0x0059, 0x01DD,
  0x015A, 0xFE68, 0xFB6A, 0xFF7E,  0x0367, 0x0328, 0x0072, 0xFEAD,
  0x0246, 0x02B8, 0x0186, 0x00CA,  0x005E, 0x01E1, 0x02C3, 0x0141,
  0xFE31, 0x00A3, 0x033D, 0x01EE,  0x0051, 0x001C, 0x026D, 0x0198,
  0x0024, 0xFF38, 0x012D, 0x02BD,  0xFEE3, 0xFD65, 0xFFAC, 0x010F,
  0xFF05, 0xFD9C, 0xFF2B, 0xFEFC,  0xFD3F, 0xFDEB, 0xFDE3, 0xFF80,
  0xFFA7, 0xFE47, 0xFFF3, 0xFF5B,  0xFFC1, 0xFDFE, 0xFC9E, 0xFF0C,
  0xFF63, 0xFF95, 0x0006, 0x0010,  0xFFAE, 0xFFB9, 0xFFDC, 0xFEB0,
  0xFE8B, 0xFFC0, 0x0052, 0x0009,  0xFF8C, 0xFF74, 0x0041, 0xFF0C,
  0xFE71, 0xFFE0, 0x0019, 0xFF7C,  0x001A, 0xFFC2, 0xFEE4, 0xFE4C,
  0xFE5A, 0xFFE2, 0x0023, 0x001F,  0xFF95, 0xFF97, 0xFF55, 0xFF7F,
  0xFEC8, 0xFEE3, 0xFFF6, 0xFFED,  0xFE9D, 0xFE0E, 0xFF8B, 0xFFDE,
  0x0020, 0xFF2A, 0xFF62, 0xFF96,  0xFF44, 0x0025, 0x0076, 0xFFDF,
  0xFFCF, 0xFFF5, 0xFF58, 0xFFD5,  0x0033, 0x0052, 0x002E, 0xFFCB,
  0xFF53, 0xFFF8, 0x0017, 0xFFE8,  0xFFCB, 0x0020, 0x0045, 0x002D,
  0x0029, 0x002C, 0x005F, 0xFFE3,  0xFFCE, 0x0027, 0x00F0, 0x002B,
  0xFFCF, 0xFFB9, 0x0073, 0x0075,  0x0012, 0x001C, 0x0042, 0x0067,
  0x0041, 0x0059, 0xFFEC, 0xFFAD,  0xFFC2, 0x00C2, 0x0080, 0xFFC6,
  0xFFF3, 0x0098, 0x00A2, 0x002B,  0xFFC0, 0x0051, 0x00D6, 0x0094,
  0x0086, 0x0045, 0x005B, 0x005E,  0x00BF, 0x008F, 0x0036, 0x002B,
  0x0068, 0x00DC, 0x003C, 0x0018,  0x004E, 0x004C, 0x005E, 0xFFEF,
  0xFFD8, 0x0047, 0x000D, 0x0046,  0x003F, 0x0008, 0x0021, 0x000E,
  0x0030, 0xFFFE, 0x004F, 0x0014,  0xFFF9, 0x000D, 0x0021, 0x003B,
  0x0066, 0x0066, 0xFFF6, 0x0026,  0x000A, 0x003A, 0x0033, 0x0066,
  0x0060, 0x001B, 0x0033, 0xFFE4,  0x0010, 0x0074, 0x0062, 0x0066,
  0xFFEA, 0x0016, 0x009B, 0x0044,  0x0017, 0x0009, 0x004A, 0x0080,
  0x0053, 0xFFDF, 0xFFDE, 0x0020,  0x0073, 0x001F, 0xFFF3, 0xFFD9,
  0x000C, 0x001A, 0xFFFB, 0xFFC5,  0xFFE8, 0x000D, 0xFFF2, 0x000E,
  0xFFAA, 0xFFBF, 0x0009, 0x0028,  0xFFDE, 0xFFE8, 0xFFD9, 0xFFE7,
  0x0004, 0x0016, 0xFFF3, 0xFFE3,  0xFFFD, 0xFFE2, 0x0001, 0xFFE4,
  0xFFC8, 0xFFC8, 0xFFFE, 0x000E,  0xFFE4, 0xFFEA, 0xFFF6, 0x000B,
  0xFFE1, 0xFFCE, 0x0017, 0xFFE0,  0xFFE0, 0x0012, 0x0011, 0x0024,
  0xFFE4, 0xFFDF, 0x0024, 0xFFF9,  0x001D, 0x0023, 0xFFEA, 0xFFF9,
  0x0002, 0xFFED, 0x0010, 0x0034,  0xFFE5, 0xFFCF, 0x0003, 0xFFFC,
  0x0003, 0xFFFC, 0xFFC8, 0xFFF0,  0xFFF4, 0xFFCF, 0xFFEB, 0xFFDC,
  0xFFD4, 0xFFE7, 0xFFF9, 0xFFCC,  0xFFD0, 0xFFE4, 0xFFFD, 0xFFFF,
  0xFFEA, 0xFFE4, 0x0008, 0xFFEF,  0xFFE0, 0xFFF4, 0xFFEB, 0xFFDE,
  0xFFBC, 0xFFEA, 0x001A, 0x0012,  0x000C, 0xFFF4, 0xFFD8, 0x0003,
  0xFFD9, 0xFFDB, 0x000E, 0x0005,  0xFFF8, 0xFFF8, 0xFFDE, 0x0006,
  0xFFD4, 0x000E, 0x0003, 0xFFE9,  0x0011, 0xFFDE, 0x0009, 0xFFEF,
  0x0009, 0xFFDD, 0xFFF8, 0x0019,  0x0006, 0x0013, 0x0012, 0xFFE6,
  0xFFE0, 0xFFD6, 0xFFF8, 0xFFE1,  0x0004, 0x0023, 0xFFB5, 0xFFE8,
  0xFFE9, 0xFFEE, 0xFFE1, 0xFFE3,  0xFFF7, 0xFFF1, 0xFFFE, 0x0001,
  0xFFEF, 0xFFEA, 0x0001, 0xFFF8,  0x000F, 0x0005, 0x0000, 0xFFFD,
  0x0008, 0x001B, 0xFFF3, 0xFFF3,  0xFFF7, 0xFFEE, 0x0004, 0x001A,
  0xFFE0, 0xFFFF, 0x000C, 0xFFFF,  0xFFF5, 0x000A, 0x0016, 0x0024,
  0x001B, 0xFFFE, 0x0005, 0xFFF3,  0x0008, 0xFFFE, 0xFFF6, 0xFFFC,
  0xFFFA, 0x000D, 0x001C, 0xFFF4,  0x0001, 0x000D, 0xFFEE, 0x0009,
  0x0022, 0x0008, 0x0000, 0xFFFA,  0xFFF9, 0xFFF6, 0xFFF6, 0x0004,
  0x0005, 0x0017, 0x0004, 0x0001,  0x000A, 0x0012, 0x001A, 0x0016,
  0x0015, 0x000D, 0xFFF0, 0x0009,  0x002A, 0x0006, 0x000C, 0x0014,
  0x001B, 0x0014, 0x0017, 0x0017,  0x000E, 0x0014, 0x001B, 0x000E,
  0xFFF3, 0x0014, 0x0022, 0x001D,  0x0025, 0x001F, 0x0017, 0x0019,
  0x000C, 0x0019, 0x0018, 0x0019,  0x0013, 0x0011, 0x0013, 0x0018,
  0x000A, 0x0006, 0xFFFE, 0x0003,  0xFFFE, 0xFFFD, 0xFFFB, 0xFFEE,
  0xFFEA, 0xFFFE, 0x0005, 0x0011,  0x0007, 0x0000, 0x0002, 0x0010,
  0x0007, 0x000C, 0x0011, 0xFFFF,  0x000A, 0x0002, 0x0005, 0x0005,
  0x000A, 0xFFFE, 0xFFFA, 0xFFFB,  0xFFF8, 0xFFF9, 0xFFF6, 0xFFF1,
  0xFFDE, 0xFFF0, 0x0003, 0xFFF1,  0xFFE7, 0xFFF0, 0xFFEA, 0xFFFE,
  0xFFF4, 0xFFF5, 0xFFFD, 0xFFEF,  0xFFF2, 0xFFF4, 0xFFFE, 0xFFFE,
  0xFFFA, 0xFFF8, 0xFFEB, 0xFFFB,  0xFFEE, 0xFFF4, 0xFFF4, 0xFFED,
  0xFFED, 0xFFEF, 0xFFDA, 0xFFE1,  0xFFE2, 0xFFEB, 0xFFEE, 0xFFEC,
  0xFFF2, 0xFFF7, 0xFFF3, 0xFFFC,  0xFFFE, 0x0008, 0x0003, 0x0003,
  0x0001, 0x0007, 0x000A, 0x0005,  0x000A, 0xFFFE, 0x0006, 0x0003,
  0x000A, 0x000C, 0xFFFF, 0x0010,  0x000A, 0x0007, 0x000E, 0x000E,
  0x0019, 0x0018, 0x000D, 0x0005,  0x0006, 0x0009, 0xFFFC, 0xFFF7,
  0xFFF5, 0xFFF5, 0xFFF6, 0x0000,  0xFFFE, 0xFFFA, 0xFFF9, 0xFFFA,
  0x0000, 0xFFFB, 0x0005, 0xFFF9,  0xFFF9, 0xFFF6, 0x0001, 0x0000,
  0x000D, 0x000A, 0x0005, 0x0007,  0x0005, 0x0006, 0x0007, 0xFFFE,
  0x0008, 0x0009, 0x000C, 0x000C,  0x0007, 0x0009, 0x0015, 0x000E,
  0x000A, 0x0007, 0x0002, 0xFFFA,  0xFFED, 0xFFF3, 0xFFF2, 0xFFEA,
  0xFFF0, 0xFFEF, 0x0007, 0x0009,  0x0009, 0xFFFB, 0xFFFE, 0xFFFD,
  0x0006, 0xFFF8, 0x0002, 0xFFEF,  0xFFF5, 0x0001, 0x0008, 0x000E,
  0x000B, 0xFFFF, 0x0005, 0x0001,  0xFFF7, 0x0000, 0xFFF3, 0x0005,
  0xFFFF, 0x000F, 0x000D, 0x0009,  0x0001, 0xFFF6, 0xFFF7, 0xFFFE,
  0xFFF4, 0xFFEB, 0xFFDC, 0xFFE2,  0xFFF2, 0xFFEA, 0xFFF3, 0xFFFE,
  0x0013, 0x000B, 0xFFF6, 0xFFF6,  0xFFF1, 0xFFF6, 0xFFFB, 0xFFFE,
  0xFFFB, 0x001A, 0x000D, 0x0000,  0xFFFF, 0x0008, 0x0011, 0x0011,
  0xFFF5, 0xFFE7, 0x0006, 0x000D,  0x0001, 0xFFEF, 0xFFED, 0x000F,
  0x0012, 0x000B, 0xFFEA, 0xFFE1,  0xFFF7, 0xFFE5, 0xFFE8, 0xFFC9,
  0xFFED, 0x000D, 0x0014, 0x000E,  0xFFEA, 0x0001, 0x0011, 0x0035,
  0x001A, 0x0002, 0xFFE8, 0x0001,  0x0014, 0xFFEF, 0xFFF0, 0x0018,
  0x003F, 0x0027, 0xFFDB, 0xFFF5,  0xFFF5, 0xFFF8, 0x0001, 0xFFE3,
  0xFFCA, 0xFFFB, 0x0036, 0xFFFB,  0xFFEB, 0xFFFA, 0x0018, 0x0000,
  0xFFDB, 0xFFBD, 0x0049, 0x0080,  0xFFEE, 0xFFED, 0x0095, 0x002D,
  0xFF60, 0xFFE3, 0x0068, 0x001A,  0xFFA5, 0x0059, 0xFFE3, 0xFFE1,
  0x0041, 0xFFFE, 0x004E, 0xFFC2,  0x005D, 0x0049, 0x002F, 0x000F,
  0xFFC9, 0x0008, 0xFFC9, 0x0021,  0xFFF8, 0xFFD3, 0x0018, 0x002A,
  0x002F, 0xFFE9, 0x0018, 0x000A,  0xFFE8, 0xFFE3, 0x0023, 0x0004,
  0xFFD2, 0xFFD9, 0x0015, 0x0063,  0xFFB5, 0xFFE8, 0x001D, 0x0018,
  0xFFFB, 0xFFD5, 0x0018, 0x0016,  0xFFFE, 0x001C, 0x0000, 0x0005,
  0x0038, 0xFF91, 0x00B9, 0xFFA6,  0x006E, 0xFFED, 0xFF4F, 0x00FC,
  0xFF52, 0x0068, 0xFFD0, 0x0062,  0xFFE3, 0xFFFB, 0xFFF8, 0xFFFE,
  0x0041, 0xFFC0, 0x0058, 0xFF63,  0x0090, 0xFFF5, 0xFFB8, 0x0077,
  0xFFA5, 0x0063, 0xFFBE, 0x001C,  0x0023, 0xFF6B, 0x00FC, 0xFF1A,
  0x0080, 0xFFA2, 0xFFA1, 0x007E,  0xFF57, 0xFFCE, 0x00AD, 0xFEA9,
  0x0122, 0xFF1B, 0xFF4C, 0x01AC,  0xFCE7, 0x02E8, 0xFCB7, 0x021D,
  0xFF35, 0xFED3, 0x028F, 0xFC0A,  0x0489, 0xFC87, 0x008E, 0x01DD,
  0xFC2A, 0x046A, 0xFCB1, 0x00ED,  0x0262, 0xFC66, 0x03A8, 0xFCAB,
  0x02F4, 0x0127, 0xFB9C, 0x0386,  0xFFA7, 0xFE04, 0x01CC, 0xFF75,
  0x0218, 0xFC6F, 0x058C, 0xFF9F,  0xF942, 0x0952, 0xF9D9, 0x0357,
  0x00D8, 0xF8ED, 0x03EC, 0x03F8,  0xF70E, 0x01A7, 0x0C0C, 0xF6E4,
  0xF4B9, 0x0AE9, 0x02A4, 0xF751,  0xFA81, 0x0289, 0x041B, 0xFFEE,
  0x04C8, 0xFB2B, 0xFE95, 0x002E,  0x038A, 0xFBE3, 0x0713, 0x0294,
  0xFEEC, 0x0161, 0x001C, 0x06EA,  0x0471, 0xFC20, 0x0333, 0x06F9,
  0xF773, 0x04BF, 0x01D4, 0x067F,  0x0189, 0xFD2A, 0xFD23, 0x0169,
  0x014B, 0xFAB0, 0x0375, 0x0549,  0x0291, 0xFCA0, 0xFF73, 0xFDC3,
  0x01D2, 0x04BB, 0xFF52, 0x0ADA,  0x0A7F, 0x0869, 0x0AE4, 0x0A4E,
  0x0D95, 0x057C, 0x0811, 0x0820,  0xF75E, 0xFB01, 0xFED2, 0xF6D3,
  0xFC96, 0xFC5C, 0xF7B8, 0xF566,  0xFB2B, 0xF94A, 0xF401, 0xF075,
  0xF571, 0xF953, 0xF291, 0xF724,  0xFC19, 0xFA99, 0xF5F7, 0xFEAF,
  0xFF4F, 0xF73D, 0x08A9, 0xFC73,  0x03AD, 0x0243, 0xF725, 0x0F49,
  0xF903, 0xFD2B, 0x02F0, 0x02D4,  0xFDA7, 0xF951, 0x03C7, 0x03E5,
  0xF8D5, 0xFD2F, 0x047A, 0xF7DF,  0xFEF3, 0xFD92, 0xF91D, 0xFB4C,
  0x02D8, 0xFB86, 0xFA35, 0x0360,  0xFCC2, 0xFDFC, 0x041A, 0xF9DC,
  0x0382, 0x06FC, 0xF8C8, 0x03FB,  0x0C34, 0xF862, 0x0623, 0x08BD,
  0xFE10, 0x07F6, 0x00C5, 0x09A5,  0xFEB6, 0x028D, 0x062F, 0x049B,
  0xFCE5, 0x0614, 0x0734, 0xFAAA,  0x0450, 0x0171, 0x02CE, 0xFEF0,
  0x00A3, 0x00D3, 0x022B, 0xFA34,  0x03F0, 0x00B4, 0xFB4F, 0xFD87,
  0x050B, 0x015A, 0xFB76, 0x043C,  0x000C, 0xFE91, 0xFC38, 0x0336,
  0x05A4, 0xFDE2, 0xFDB9, 0x0962,  0xFA32, 0x0158, 0x04A0, 0xFF4F,
  0x00F3, 0x0322, 0x02C8, 0xFE45,  0x01E4, 0xFF5F, 0x0443, 0xFDEC,
  0x0068, 0x02DE, 0xFB93, 0x0337,  0x00B7, 0xFD42, 0xFF48, 0xFDED,
  0x0575, 0xF846, 0x0400, 0xFBA2,  0xFEC3, 0x02C2, 0xF999, 0x07F0,
  0xFC6F, 0xFED9, 0x0036, 0x02A7,  0xF611, 0x04D8, 0x03D6, 0xFDB3,
  0x05A8, 0xFE0D, 0x0032, 0xFFAF,  0xFF2C, 0x000B, 0x0A27, 0xFC3A,
  0xFE20, 0x0539, 0xFFEC, 0xFC50,  0x051C, 0xFB41, 0xF899, 0x0D44,
  0xFB3E, 0xFB11, 0xFFF1, 0xFCAC,  0x047F, 0xF977, 0x0287, 0x03D4,
  0xF8F5, 0x005C, 0x01B6, 0x0358,  0xF6E8, 0x0162, 0x046A, 0xFCB4,
  0x013F, 0x0078, 0xFFB3, 0xFCA4,  0xFF40, 0x0717, 0x02AA, 0xFAC7,
  0x054E, 0x022F, 0xFBA0, 0xFD46,  0x0487, 0xFF9F, 0xFCEC, 0x02AD,
  0x02A1, 0xF8D7, 0xF81C, 0x0497,  0xFBB2, 0xF467, 0xFCD4, 0x0350,
  0xFC18, 0xFA45, 0xFF5B, 0x02CE,  0xFBAF, 0xFE2D, 0x0704, 0x01D2,
  0xFBCB, 0x015B, 0x0794, 0xFE87,  0xFC75, 0x0295, 0x01ED, 0xFBD1,
  0x00DF, 0x0093, 0xFDA6, 0xFAF4,  0xFDE0, 0xFF85, 0xFA76, 0xFA41,
  0xFE79, 0x01FB, 0xFBA4, 0xFDAD,  0xFCC9, 0xFE49, 0xFE88, 0x02CF,
  0x06E7, 0x0279, 0x00C4, 0x05EC,  0x07AE, 0x050C, 0x08CC, 0x0656,
  0x0A99, 0x0B4E, 0x0980, 0x0B15,  0x0895, 0x090B, 0x0B1A, 0x0CFA,
  0x0CC5, 0x07FC, 0x0887, 0x0A95,  0x0670, 0x0620, 0x0678, 0x048A,
  0x054F, 0x0552, 0x0349, 0x00D9,  0x0259, 0x01C0, 0xFF1D, 0xFCED,
  0xF5EF, 0xF568, 0xF6DB, 0xF752,  0xF371, 0xF102, 0xEC88, 0xE87A,
  0xEBC5, 0xE9C1, 0xE86D, 0xE878,  0xE6EC, 0xE85A, 0xE67E, 0xE415,
  0xE8D1, 0xE764, 0xEA37, 0xEF0E,  0xF19C, 0xF3E6, 0xF86E, 0xFD51,
  0xFFE9, 0x03C4, 0x07BF, 0x0E3F,  0x0F4A, 0x1230, 0x15A2, 0x190E,
  0x1595, 0x167F, 0x1AD5, 0x16EE,  0x1695, 0x15D3, 0x15C9, 0x1383,
  0x105D, 0x11A1, 0x128A, 0x115B,  0x12FF, 0x121B, 0x0E4B, 0x0D9B,
  0x0D02, 0x0CB5, 0x0BC5, 0x0D59,  0x0E44, 0x0C06, 0x0C90, 0x0812,
  0x0576, 0x04E9, 0x0556, 0x0725,  0x04C4, 0xFEF5, 0xFA0E, 0xF8EA,
  0xF727, 0xF512, 0xF07A, 0xEA57,  0xE56F, 0xE4F1, 0xE3A5, 0xE05F,
  0xDDD8, 0xDA85, 0xD824, 0xD6AF,  0xD6F8, 0xD5F4, 0xD31C, 0xD397,
  0xD43F, 0xDB27, 0xE103, 0xE903,  0xF499, 0xFAF5, 0xFFE9, 0x03EF,
  0x0F24, 0x1161, 0x130D, 0x1AD4,  0x1F31, 0x20E4, 0x1FFB, 0x2060,
  0x1C94, 0x1646, 0x1387, 0x1393,  0x1098, 0x0CE8, 0x0E3D, 0x1079,
  0x0EC5, 0x0DA8, 0x0D30, 0x0BBF,  0x0CA1, 0x120E, 0x163D, 0x14B2,
  0x12AE, 0x114D, 0x12A0, 0x14A4,  0x13E4, 0x1152, 0x0EBE, 0x0DE7,
  0x10C5, 0x1220, 0x0CA6, 0x054E,  0x023D, 0x02DD, 0x0194, 0xFE98,
  0xF82D, 0xF24C, 0xEEC2, 0xECAA,  0xE8EF, 0xE3F4, 0xDF9A, 0xDCD2,
  0xDCA4, 0xDE54, 0xDC72, 0xD76D,  0xD592, 0xD5FB, 0xD6F6, 0xD580,
  0xD306, 0xD41B, 0xD975, 0xDF65,  0xE709, 0xF80D, 0x0602, 0x0547,
  0x0AE4, 0x0F4A, 0x141E, 0x1834,  0x1E2E, 0x2571, 0x2071, 0x1F62,
  0x1E31, 0x1AA0, 0x1193, 0x093C,  0x089B, 0x0680, 0x03CF, 0x0508,
  0x0691, 0x05BB, 0x056E, 0x08D4,  0x0BB6, 0x0D87, 0x1171, 0x165F,
  0x1991, 0x189A, 0x1881, 0x18D0,  0x17BA, 0x1705, 0x165D, 0x1534,
  0x1242, 0x0E47, 0x0C85, 0x0A38,  0x092E, 0x06C8, 0x02E1, 0x00AD,
  0xFE86, 0xFF66, 0xFC22, 0xF770,  0xF337, 0xF026, 0xECB4, 0xE642,
  0xE273, 0xE256, 0xE468, 0xE438,  0xE2E3, 0xDF4D, 0xDBBD, 0xD891,
  0xD86B, 0xD9BE, 0xD99C, 0xD6C9,  0xD4B9, 0xD694, 0xDB30, 0xE1B0,
  0xEE63, 0x01B8, 0x076E, 0x05F5,  0x06EB, 0x1230, 0x1934, 0x1D1A,
  0x22C1, 0x20C0, 0x1F21, 0x1A6A,  0x18B1, 0x117C, 0x07EC, 0x04E0,
  0x03E7, 0x02F5, 0x0166, 0x0340,  0x076C, 0x08DF, 0x0BA6, 0x0FCF,
  0x14B6, 0x17D0, 0x197C, 0x1D73,  0x1ED9, 0x1EF5, 0x1D00, 0x19F7,
  0x1605, 0x1124, 0x1041, 0x0E8A,  0x0B40, 0x0836, 0x0721, 0x07B2,
  0x054D, 0x0423, 0x00DC, 0xFF11,  0xFF74, 0xFEFE, 0xFDFC, 0xF9D5,
  0xF54F, 0xF0BD, 0xEB59, 0xE5BB,  0xE3AE, 0xE5ED, 0xE76D, 0xE4DE,
  0xE26F, 0xDECC, 0xDCAA, 0xDC57,  0xDA24, 0xD8FA, 0xD6A7, 0xD6DE,
  0xD46C, 0xD420, 0xD5FF, 0xDD2C,  0xE233, 0xEF96, 0x0567, 0x0E50,
  0x1111, 0x0DEF, 0x18FF, 0x1E02,  0x2270, 0x25BC, 0x21BE, 0x1DE7,
  0x1669, 0x1254, 0x0A17, 0x0288,  0xFCD6, 0xFC20, 0xFDFA, 0x010B,
  0x0478, 0x0A8D, 0x0E6C, 0x1268,  0x1775, 0x1D28, 0x2066, 0x2061,
  0x2146, 0x205D, 0x1E83, 0x1A4B,  0x1678, 0x1151, 0x0A33, 0x064B,
  0x05AE, 0x03AE, 0x023D, 0x027E,  0x052F, 0x06A6, 0x0744, 0x06C2,
  0x05B8, 0x03F0, 0x023F, 0xFF53,  0xFAF6, 0xF5C1, 0xF227, 0xEFFF,
  0xEC51, 0xEA2C, 0xE8D0, 0xE9E8,  0xEB0E, 0xEA4C, 0xE508, 0xE223,
  0xDF82, 0xDFAB, 0xDC80, 0xD852,  0xD746, 0xD4BF, 0xD2CE, 0xCFFB,
  0xD2D0, 0xD9EA, 0xE0FD, 0xF2E4,  0x0974, 0x1122, 0x1006, 0x10A0,
  0x1F6F, 0x240B, 0x22F8, 0x23D6,  0x2028, 0x1B03, 0x1313, 0x0F4B,
  0x05B0, 0xFAD4, 0xF5B3, 0xF935,  0xFCD8, 0xFDD0, 0x02C1, 0x0B7D,
  0x1170, 0x14D2, 0x1984, 0x2030,  0x23F1, 0x24E6, 0x2519, 0x2259,
  0x1B0F, 0x1375, 0x0FB0, 0x0CB8,  0x0767, 0x021D, 0xFFE8, 0xFE04,
  0x006F, 0x03D0, 0x06E4, 0x07C1,  0x08BA, 0x09CD, 0x0BA0, 0x092F,
  0x0401, 0x01D8, 0x006A, 0xFC11,  0xF763, 0xF3E4, 0xF01A, 0xEDBC,
  0xEB6E, 0xED64, 0xEDAD, 0xECA9,  0xE867, 0xE515, 0xE171, 0xE27F,
  0xE1B3, 0xDD8E, 0xD691, 0xD2E9,  0xD281, 0xCEEE, 0xCD73, 0xCF0E,
  0xD539, 0xDE92, 0xEEB1, 0x0708,  0x1BDF, 0x1917, 0x1980, 0x1D08,
  0x246A, 0x249E, 0x20BF, 0x1D48,  0x1248, 0x08BA, 0x0395, 0x00E7,
  0xF920, 0xF551, 0xF484, 0xFAC0,  0x0013, 0x06E6, 0x0F81, 0x18AF,
  0x1D4A, 0x211A, 0x2403, 0x2527,  0x23E4, 0x2217, 0x1FF4, 0x18D0,
  0x0FFE, 0x0916, 0x082C, 0x0784,  0x04DD, 0x0261, 0x01FF, 0x038A,
  0x09DA, 0x0D98, 0x0D52, 0x0874,  0x08B4, 0x09DF, 0x0A8A, 0x066A,
  0x0096, 0xFED1, 0xFB98, 0xFBCA,  0xFA6A, 0xF91D, 0xF527, 0xF14A,
  0xEE6F, 0xEF99, 0xF1F2, 0xF3E2,  0xF09D, 0xE99D, 0xE241, 0xDB4E,
  0xDA9C, 0xDA11, 0xD856, 0xD296,  0xD07D, 0xD001, 0xD369, 0xD60B,
  0xD844, 0xDCC2, 0xE259, 0xF309,  0x06E2, 0x19F4, 0x18C6, 0x1559,
  0x17C7, 0x189C, 0x1C2F, 0x1529,  0x0F34, 0x06FE, 0x0141, 0x021E,
  0xFEC3, 0xFB7A, 0xF9D5, 0xFE08,  0x069D, 0x0D7D, 0x1469, 0x19BA,
  0x2021, 0x234E, 0x23FF, 0x22E4,  0x1EC3, 0x1B1B, 0x1866, 0x1702,
  0x11EA, 0x0B78, 0x076E, 0x071C,  0x07D3, 0x08FE, 0x093D, 0x0A3B,
  0x0B12, 0x0DB0, 0x0E52, 0x0D16,  0x0AC7, 0x08E3, 0x09AB, 0x0781,
  0x05B3, 0xFFEF, 0xFC34, 0xF8D8,  0xF99E, 0xF99E, 0xFC47, 0xFDE2,
  0xFEFD, 0xFD68, 0xF8AD, 0xF3F3,  0xEC23, 0xEA1E, 0xE838, 0xE6ED,
  0xE3CA, 0xE1AC, 0xDCB4, 0xDBBF,  0xD7D4, 0xD71C, 0xD449, 0xD8AC,
  0xDB46, 0xDCC5, 0xDD60, 0xDFA9,  0xE63B, 0xEC63, 0xFC4F, 0x066B,
  0x0F92, 0x04AC, 0x0881, 0x0E88,  0x134F, 0x1336, 0x0B38, 0x0AEC,
  0x0756, 0x0898, 0x0806, 0x07B8,  0x02FB, 0x012D, 0x0527, 0x0C3A,
  0x129B, 0x1699, 0x193A, 0x1CB7,  0x1C4F, 0x1C83, 0x1A16, 0x16FA,
  0x137C, 0x1206, 0x11F8, 0x0FC1,  0x0D82, 0x0B3F, 0x0B34, 0x0954,
  0x0940, 0x0A43, 0x0D5B, 0x0F91,  0x11C3, 0x11FE, 0x0E47, 0x0A92,
  0x089E, 0x0643, 0x03DC, 0xFFC3,  0xFDB9, 0xFF00, 0xFFAC, 0xFF02,
  0xFD0E, 0xFC2E, 0xFDA6, 0xFEC7,  0xFEA4, 0xFBE8, 0xF7B6, 0xF46C,
  0xF056, 0xED3C, 0xEAB9, 0xE811,  0xE5C6, 0xE4CD, 0xE1DB, 0xE1BA,
  0xE085, 0xDF1B, 0xDE04, 0xDD39,  0xDA65, 0xD6D8, 0xCF3B, 0xCDE0,
  0xCEC9, 0xD8F4, 0xF10E, 0x055F,  0x1A75, 0x127E, 0x14E9, 0x1774,
  0x1770, 0x1B16, 0x1097, 0x0C65,  0x04FE, 0x06BC, 0x0855, 0x0625,
  0xFECE, 0xFA9F, 0xFDED, 0x05FB,  0x1018, 0x1758, 0x1B71, 0x1E4C,
  0x1FA2, 0x1EF8, 0x1CE3, 0x16CB,  0x0FFB, 0x0BD3, 0x0C86, 0x0A70,
  0x08F7, 0x0736, 0x0779, 0x0C1A,  0x0E1C, 0x1186, 0x1341, 0x1168,
  0x105B, 0x102A, 0x0EC4, 0x0A1B,  0x04B2, 0x0136, 0x002A, 0xFF6C,
  0xFC41, 0xFAFE, 0xFA7E, 0xFA87,  0xFDBA, 0x016C, 0x042B, 0x056E,
  0x06AC, 0x0518, 0x0197, 0xFB03,  0xF462, 0xEFA3, 0xEC5F, 0xE838,
  0xE8B4, 0xE812, 0xE5E5, 0xE18D,  0xDFB7, 0xDF9C, 0xDF8C, 0xDE66,
  0xDAFC, 0xDC0F, 0xD76D, 0xD700,  0xD108, 0xD757, 0xDCB9, 0xEA24,
  0xFC9B, 0x11BA, 0x1D0E, 0x17BD,  0x1A9F, 0x1675, 0x1842, 0x0DBB,
  0x089B, 0x010F, 0xFEA9, 0x014B,  0x0041, 0x027C, 0xFFDD, 0x00BF,
  0x05F0, 0x0E5F, 0x14FD, 0x1C1B,  0x1E33, 0x1FA6, 0x1DC5, 0x19F4,
  0x1503, 0x0FB6, 0x0ADD, 0x0847,  0x098F, 0x094E, 0x0937, 0x0A46,
  0x0D15, 0x0E85, 0x0F19, 0x113E,  0x1192, 0x11BF, 0x0F79, 0x0DCE,
  0x0B04, 0x0403, 0xFFEF, 0xFEEF,  0xFE90, 0xFF4E, 0x00CB, 0x02C9,
  0x03AD, 0x0255, 0x0191, 0x0223,  0x059B, 0x0550, 0x051A, 0x04BD,
  0x00D3, 0xFB7B, 0xF392, 0xED22,  0xE8A4, 0xE834, 0xEA46, 0xE949,
  0xEAD0, 0xE83A, 0xE4D8, 0xE2CB,  0xE0E0, 0xDDDD, 0xDAE1, 0xDB62,
  0xDBEB, 0xDC75, 0xD6DE, 0xD83C,  0xD8FF, 0xE2BA, 0xED10, 0xFD0B,
  0x1154, 0x1513, 0x1604, 0x1693,  0x1B49, 0x171C, 0x0C94, 0x01B0,
  0xFD3A, 0xFD37, 0xFECD, 0x012B,  0x01FC, 0x020E, 0x04D7, 0x0B8A,
  0x142D, 0x1903, 0x1A27, 0x1DD6,  0x1D51, 0x1CDB, 0x177A, 0x110A,
  0x0B3D, 0x0725, 0x07C7, 0x09DF,  0x0D28, 0x0C2A, 0x0D41, 0x0F86,
  0x10D3, 0x0FBD, 0x0EFD, 0x0EEC,  0x0F11, 0x102B, 0x0D61, 0x0B55,
  0x0659, 0x00FB, 0xFF93, 0x012A,  0xFFF1, 0xFF91, 0xFFA0, 0x013C,
  0x043E, 0x049C, 0x05CE, 0x04C4,  0x0580, 0x048E, 0x0210, 0xFE25,
  0xF8A6, 0xF681, 0xF516, 0xF207,  0xEDA4, 0xEB77, 0xEAC1, 0xE993,
  0xE7CF, 0xE38A, 0xE3E7, 0xE490,  0xE601, 0xE486, 0xE166, 0xDCF7,
  0xDACD, 0xDA23, 0xD741, 0xD5F6,  0xD64E, 0xDE21, 0xE9DB, 0x0112,
  0x11ED, 0x1AAB, 0x1B7A, 0x170B,  0x174A, 0x11B7, 0x09FA, 0x0180,
  0xFAB6, 0xFC0D, 0x008A, 0x0575,  0x0708, 0x064E, 0x06A6, 0x074E,
  0x0E29, 0x12CC, 0x17E8, 0x1BDC,  0x1D05, 0x1CFF, 0x1917, 0x13B7,
  0x0D7E, 0x082F, 0x067B, 0x078E,  0x0A63, 0x0CD3, 0x0F0D, 0x0FD9,
  0x0FE1, 0x0F9D, 0x0E3C, 0x0F70,  0x0E18, 0x0DB6, 0x0C45, 0x092E,
  0x0594, 0x01B8, 0x00E3, 0x01F1,  0x021D, 0x01E1, 0x0220, 0x02FA,
  0x0454, 0x0632, 0x0586, 0x03CE,  0x02E2, 0x0365, 0x0298, 0xFF4B,
  0xF9C8, 0xF615, 0xF68E, 0xF2C6,  0xEEF8, 0xEB1C, 0xE9E7, 0xE96D,
  0xE928, 0xE68F, 0xE44B, 0xE1E1,  0xE32B, 0xE31C, 0xE2E9, 0xE256,
  0xE0A2, 0xDF5E, 0xD892, 0xD6A7,  0xD3D7, 0xDD5A, 0xE6F1, 0xF8E1,
  0x0B71, 0x1597, 0x199D, 0x1574,  0x1591, 0x0DCE, 0x0643, 0xFE09,
  0xFB55, 0xFE04, 0x034A, 0x0846,  0x0A8A, 0x0985, 0x08DC, 0x0A59,
  0x0E2D, 0x111B, 0x13AB, 0x1A4A,  0x1CE8, 0x1E17, 0x197E, 0x1250,
  0x0C25, 0x0737, 0x062E, 0x07C8,  0x0BE9, 0x0D23, 0x0F21, 0x10B4,
  0x1100, 0x0F8A, 0x0C64, 0x0BCB,  0x0A92, 0x0ADE, 0x0A24, 0x09EC,
  0x08C7, 0x0705, 0x05FE, 0x05C4,  0x050F, 0x04F8, 0x0547, 0x0440,
  0x0403, 0x0307, 0x025F, 0x00E6,  0xFFEE, 0xFFB3, 0xFE9B, 0xFD77,
  0xFBC0, 0xFB4F, 0xFCB4, 0xF9ED,  0xF5D2, 0xF2A7, 0xEF01, 0xED80,
  0xEAD0, 0xE7BB, 0xE631, 0xE57F,  0xE737, 0xE8DA, 0xE974, 0xE6BD,
  0xE4C7, 0xE390, 0xE135, 0xDC8F,  0xD7E8, 0xD2F1, 0xD29C, 0xDC21,
  0xE8C2, 0xFD5B, 0x104F, 0x1718,  0x1BE1, 0x1AE4, 0x16D3, 0x1197,
  0x060D, 0xFF74, 0xFB53, 0xFFBF,  0x046F, 0x0794, 0x0928, 0x05EB,
  0x06AF, 0x073A, 0x0A3C, 0x0E47,  0x13C5, 0x1A78, 0x1FBC, 0x1FFD,
  0x1B89, 0x121C, 0x09A8, 0x03A0,  0x0138, 0x01C9, 0x04CB, 0x0873,
  0x0BDB, 0x117F, 0x12E3, 0x135E,  0x1043, 0x0F99, 0x0FD9, 0x0D4F,
  0x0A7B, 0x0766, 0x0637, 0x0444,  0x01E8, 0x0136, 0x00C1, 0x01D0,
  0x027D, 0x032A, 0x0496, 0x0488,  0x04E2, 0x0490, 0x0410, 0x0333,
  0x0147, 0xFF18, 0xFC1A, 0xF90B,  0xF864, 0xF66D, 0xF57C, 0xF3CC,
  0xF344, 0xF2E3, 0xF263, 0xEE03,  0xEB3F, 0xE880, 0xE711, 0xE6C2,
  0xE5AD, 0xE56C, 0xE0DE, 0xE039,  0xDB39, 0xD98D, 0xD677, 0xD840,
  0xD772, 0xDE61, 0xE862, 0xFA2E,  0x0F22, 0x162A, 0x1A67, 0x14FA,
  0x1A98, 0x11FB, 0x0A68, 0x00F1,  0xFB31, 0x0052, 0x0154, 0x0616,
  0x05F4, 0x06D1, 0x0533, 0x07C8,  0x0B1A, 0x0D09, 0x0FF9, 0x14A3,
  0x194D, 0x1D59, 0x1BB1, 0x15E6,  0x10CC, 0x0C48, 0x0858, 0x062F,
  0x0782, 0x06D1, 0x0966, 0x0C49,  0x0ECB, 0x0F3D, 0x0D0F, 0x0BBB,
  0x0C58, 0x0CA5, 0x08FD, 0x0755,  0x0717, 0x0843, 0x075A, 0x069D,
  0x040D, 0x030D, 0x0306, 0x0180,  0x0275, 0x0241, 0x0411, 0x059B,
  0x0746, 0x05B1, 0x0139, 0xFDA6,  0xFB83, 0xFA4C, 0xF88E, 0xF630,
  0xF7D4, 0xF951, 0xFB02, 0xF886,  0xF558, 0xF17B, 0xEFAD, 0xED10,
  0xEA97, 0xEA94, 0xE797, 0xE9F3,  0xE7D4, 0xE6B9, 0xE0A0, 0xDD3A,
  0xD817, 0xD551, 0xD47F, 0xD662,  0xDC95, 0xE57C, 0xF381, 0x028F,
  0x1210, 0x10FF, 0x1088, 0x0F2E,  0x1165, 0x0F84, 0x0867, 0x032A,
  0x03CA, 0x080B, 0x08F0, 0x07A9,  0x0432, 0x0274, 0x01C4, 0x05F7,
  0x099B, 0x0E36, 0x1173, 0x16DF,  0x1B51, 0x1BC2, 0x15F8, 0x1086,
  0x0D17, 0x0AE1, 0x09EC, 0x092C,  0x0BA4, 0x0C8C, 0x0E51, 0x0E91,
  0x0F2A, 0x0CB6, 0x0930, 0x08F7,  0x0AE7, 0x0BCB, 0x09E6, 0x092F,
  0x092A, 0x08AF, 0x062E, 0x01B1,  0xFF73, 0xFEE9, 0x00C2, 0x03D4,
  0x0697, 0x072F, 0x04BD, 0x0418,  0x034A, 0x009D, 0xFD3D, 0xF966,
  0xFA3D, 0xFF3B, 0x0105, 0x01AA,  0xFE29, 0xFD31, 0xF9E6, 0xF476,
  0xEEAE, 0xEA11, 0xEA94, 0xEDA2,  0xF03D, 0xEDA0, 0xE9C0, 0xE5A4,
  0xE59C, 0xE499, 0xE361, 0xDF26,  0xDCA9, 0xDC30, 0xDD9F, 0xDD6E,
  0xDDD6, 0xDF83, 0xE62E, 0xF392,  0xFFD3, 0x0A5D, 0x0EBD, 0x1473,
  0x14FB, 0x1555, 0x11C2, 0x0988,  0x053C, 0x0319, 0x05AE, 0x0966,
  0x0801, 0x0698, 0x0573, 0x06E1,  0x0857, 0x094D, 0x0C07, 0x0E15,
  0x13E0, 0x1765, 0x1996, 0x1720,  0x14E5, 0x121A, 0x1100, 0x0EF0,
  0x0C5C, 0x09F5, 0x0965, 0x09FB,  0x0998, 0x0B32, 0x0A74, 0x0AE7,
  0x0A54, 0x0CC4, 0x0C6D, 0x0D58,  0x08EC, 0x0803, 0x0663, 0x036C,
  0xFF49, 0xFD8F, 0x02B9, 0x0328,  0x07BD, 0x05EE, 0x0622, 0x0641,
  0x0538, 0x0290, 0xFDB0, 0xFB76,  0xF9FB, 0xFC39, 0xFE90, 0xFD25,
  0xFCAD, 0xFACD, 0xF8E0, 0xF8FA,  0xF527, 0xF149, 0xED6C, 0xEAD6,
  0xE893, 0xE778, 0xE693, 0xE48E,  0xE534, 0xE4B7, 0xE3E7, 0xE1D6,
  0xDF67, 0xDE07, 0xDE0E, 0xDCC7,  0xDC57, 0xDF44, 0xE51C, 0xF01C,
  0xFA5B, 0x0581, 0x0D1D, 0x117A,  0x1393, 0x148C, 0x12BB, 0x0F92,
  0x09A1, 0x0595, 0x0556, 0x05CE,  0x06AF, 0x0628, 0x069E, 0x0695,
  0x0924, 0x0AD0, 0x0CF2, 0x0F79,  0x12AB, 0x15AC, 0x18CC, 0x18B1,
  0x1668, 0x1411, 0x121C, 0x0FC0,  0x0D07, 0x0B35, 0x0A4C, 0x0B01,
  0x0A9D, 0x0C31, 0x0BD0, 0x0C4C,  0x09C5, 0x0984, 0x08EC, 0x07A7,
  0x06C8, 0x05A4, 0x0868, 0x06D9,  0x07A2, 0x05E5, 0x048E, 0x03CC,
  0x0224, 0x0163, 0x016D, 0x036F,  0x04C3, 0x055F, 0x05ED, 0x03F4,
  0x01A3, 0xFDF5, 0xF8FB, 0xF5A9,  0xF3F9, 0xF4F5, 0xF5E3, 0xF78A,
  0xF6EB, 0xF709, 0xF59F, 0xF1F9,  0xED7C, 0xEA80, 0xE7DD, 0xE5A1,
  0xE326, 0xE38E, 0xE443, 0xE539,  0xE2E5, 0xE154, 0xDE9D, 0xDB64,
  0xD8E7, 0xD849, 0xDD51, 0xE288,  0xEE16, 0xFB15, 0x0B2E, 0x1065,
  0x1895, 0x1823, 0x179F, 0x12FF,  0x0A5B, 0x0717, 0x014B, 0x038F,
  0x0237, 0x0669, 0x0763, 0x0973,  0x093A, 0x0A6D, 0x0C65, 0x0E47,
  0x1002, 0x12C1, 0x16AC, 0x18B2,  0x18D8, 0x16EF, 0x14C4, 0x10E2,
  0x0E7D, 0x0A6C, 0x09C5, 0x08C6,  0x096A, 0x09C9, 0x0AD2, 0x0CAA,
  0x0D31, 0x0DF6, 0x0D24, 0x0CF2,  0x0CAE, 0x0AC7, 0x0882, 0x0651,
  0x049F, 0x02AC, 0x020E, 0x02B6,  0x02E4, 0x0399, 0x03A3, 0x04F3,
  0x06A8, 0x0511, 0x025C, 0x00C4,  0xFF2E, 0xFE3B, 0xFD78, 0xFD55,
  0xFC2F, 0xFB45, 0xF8FC, 0xF5DC,  0xF415, 0xF0C3, 0xEF45, 0xEE78,
  0xEE7D, 0xEE10, 0xEE17, 0xED75,  0xEC25, 0xE963, 0xE65A, 0xE39A,
  0xDFEF, 0xDE17, 0xDBAA, 0xDC0F,  0xD9BB, 0xD9FA, 0xDC55, 0xE2B8,
  0xE650, 0xEC7C, 0xF75F, 0x0540,  0x0EE1, 0x0E90, 0x1482, 0x1454,
  0x1658, 0x0E04, 0x0757, 0x04AC,  0x0261, 0x0376, 0x0304, 0x0868,
  0x0986, 0x0BF8, 0x0C79, 0x1039,  0x10FC, 0x0F69, 0x0F0B, 0x1152,
  0x1461, 0x14E6, 0x1473, 0x1428,  0x1657, 0x13D0, 0x11FB, 0x0ED9,
  0x0E08, 0x0AE7, 0x08DC, 0x0909,  0x0888, 0x092D, 0x07D1, 0x09B0,
  0x0C30, 0x0E0B, 0x0C5B, 0x0CB5,  0x0D3E, 0x0BC1, 0x0793, 0x039D,
  0x01C2, 0x0124, 0x011C, 0x0075,  0x031B, 0x062F, 0x07E9, 0x076E,
  0x06DD, 0x03A1, 0xFE9E, 0xFA74,  0xF7F5, 0xF7B7, 0xF609, 0xF53B,
  0xF5C6, 0xF749, 0xF707, 0xF42B,  0xF208, 0xF041, 0xEE69, 0xEC2E,
  0xEBB9, 0xEB93, 0xEB4D, 0xE88D,  0xE68F, 0xE546, 0xE3FD, 0xE0F7,
  0xDEBB, 0xDD65, 0xDE29, 0xDCA0,  0xDBAA, 0xDE67, 0xE22E, 0xE96D,
  0xEDDD, 0xFBAD, 0x06EB, 0x0E3C,  0x1228, 0x145F, 0x17BD, 0x157A,
  0x0FB0, 0x08D9, 0x0591, 0x04FA,  0x04C7, 0x042D, 0x06F4, 0x0960,
  0x0CD9, 0x0EC0, 0x1189, 0x12F3,  0x1340, 0x13B7, 0x1504, 0x16CA,
  0x1583, 0x13F5, 0x1227, 0x1265,  0x104F, 0x0D40, 0x0B87, 0x0AB5,
  0x0B8C, 0x0BE9, 0x0C12, 0x0C82,  0x0BEE, 0x0BA7, 0x0C1C, 0x0C04,
  0x0BFD, 0x098B, 0x08AF, 0x08B6,  0x08FC, 0x0762, 0x0436, 0x0325,
  0x026E, 0x0312, 0x0199, 0x0204,  0x025B, 0x036D, 0x039C, 0x0311,
  0x015D, 0xFE13, 0xFAF1, 0xF941,  0xF941, 0xF77A, 0xF5E3, 0xF4B1,
  0xF58F, 0xF3EC, 0xF0E5, 0xEDBB,  0xED7A, 0xED5A, 0xED9E, 0xEB7D,
  0xEBE8, 0xEB25, 0xE7FA, 0xE508,  0xE1EF, 0xE01C, 0xDD2B, 0xDC8E,
  0xDB18, 0xDCA9, 0xDCCB, 0xE234,  0xE57C, 0xEC37, 0xF1D8, 0xFA8F,
  0x0681, 0x0AB8, 0x0DD4, 0x0F2D,  0x1407, 0x126D, 0x0D63, 0x0703,
  0x054E, 0x054E, 0x0585, 0x05A1,  0x081F, 0x0C2B, 0x0EF9, 0x1165,
  0x1329, 0x1439, 0x120A, 0x1138,  0x1076, 0x130C, 0x1296, 0x119F,
  0x1185, 0x13AD, 0x1545, 0x133E,  0x10A6, 0x0D37, 0x0BA8, 0x09DC,
  0x0895, 0x074E, 0x07CE, 0x087A,  0x0AE0, 0x0CA6, 0x0D2B, 0x0BDA,
  0x0984, 0x0870, 0x06F2, 0x05C2,  0x035F, 0x035D, 0x0426, 0x0628,
  0x060D, 0x048E, 0x0396, 0x0284,  0x0230, 0x00D9, 0x0007, 0xFE42,
  0xFD7F, 0xFCFB, 0xFC15, 0xF9CB,  0xF751, 0xF56C, 0xF555, 0xF4F5,
  0xF46A, 0xF364, 0xF213, 0xF0A6,  0xEEB4, 0xED92, 0xEB1A, 0xE7FD,
  0xE3E1, 0xE3A3, 0xE3C2, 0xE5D7,  0xE352, 0xE182, 0xDFB6, 0xDFA6,
  0xE041, 0xDF77, 0xE255, 0xE347,  0xE9D6, 0xEFD8, 0xFA05, 0x0032,
  0x056D, 0x07D1, 0x0A82, 0x0DA9,  0x0D3B, 0x0DE5, 0x0B3B, 0x0C87,
  0x0D3F, 0x0FC3, 0x1090, 0x0F60,  0x0DB3, 0x0D06, 0x0D1C, 0x0D4B,
  0x0BBA, 0x0B38, 0x0C14, 0x0EC1,  0x1176, 0x1219, 0x1334, 0x136E,
  0x156B, 0x156B, 0x14ED, 0x11C2,  0x0F7E, 0x0D72, 0x0CD5, 0x0C18,
  0x094F, 0x079C, 0x06A2, 0x07BE,  0x08A8, 0x0923, 0x08B3, 0x09A8,
  0x0ACE, 0x0C4D, 0x0B62, 0x08B6,  0x045F, 0x02DB, 0x0348, 0x022E,
  0x0134, 0xFFD9, 0x00CF, 0x01C6,  0x0316, 0x00D4, 0xFDDB, 0xFB48,
  0xFAE1, 0xFC68, 0xFBBD, 0xFAD7,  0xF8D4, 0xF945, 0xF82E, 0xF558,
  0xF169, 0xEDBD, 0xECF8, 0xEE04,  0xEE7C, 0xEBF2, 0xE83D, 0xE548,
  0xE4CC, 0xE4C1, 0xE3D5, 0xE262,  0xE20B, 0xE24A, 0xE449, 0xE4B8,
  0xE5B6, 0xE4FB, 0xE612, 0xE8D4,  0xECB2, 0xF12B, 0xF49B, 0xFAA8,
  0xFF76, 0x05E4, 0x0B28, 0x0E7F,  0x0F75, 0x11A4, 0x12EF, 0x1592,
  0x13BC, 0x1230, 0x1031, 0x0F1F,  0x0ECC, 0x0D09, 0x0C52, 0x0A36,
  0x0B25, 0x0B06, 0x0CC8, 0x0D7E,  0x109D, 0x1213, 0x1548, 0x1667,
  0x1734, 0x15AD, 0x1348, 0x10B1,  0x0DA4, 0x0C96, 0x0AE8, 0x0AAF,
  0x08D3, 0x0AC2, 0x09CC, 0x0A99,  0x06F1, 0x0653, 0x05BA, 0x0458,
  0x0329, 0x02E5, 0x0768, 0x07B8,  0x08AC, 0x0684, 0x05DE, 0x05D0,
  0x0358, 0xFFA8, 0xFC7B, 0xFCE4,  0xFE0A, 0xFE5B, 0xFF5E, 0xFE58,
  0xFE77, 0xFCDA, 0xFA45, 0xF75A,  0xF5A0, 0xF502, 0xF407, 0xF4AC,
  0xF48E, 0xF454, 0xF1ED, 0xEDA1,  0xE971, 0xE7F7, 0xE680, 0xE37C,
  0xE22C, 0xE4A3, 0xE6DF, 0xE810,  0xE621, 0xE59E, 0xE49D, 0xE3F7,
  0xE1B1, 0xE21B, 0xE47D, 0xE7C2,  0xEC9B, 0xF39C, 0xFC0D, 0xFF89,
  0x057C, 0x079C, 0x0D50, 0x0E2C,  0x1078, 0x1019, 0x1143, 0x13DB,
  0x137F, 0x13BB, 0x1046, 0x1032,  0x0C42, 0x0B16, 0x098C, 0x0AA2,
  0x0AD3, 0x0C17, 0x0E10, 0x11E6,  0x14CE, 0x15E4, 0x15B9, 0x1537,
  0x1519, 0x129D, 0x109D, 0x0D4B,  0x0C7B, 0x09E4, 0x0A5D, 0x0A5F,
  0x0C33, 0x0AE6, 0x092A, 0x0807,  0x083E, 0x0901, 0x06FE, 0x05C4,
  0x04B9, 0x0789, 0x0895, 0x09AD,  0x06AB, 0x0468, 0x010F, 0xFFF3,
  0xFECD, 0xFC73, 0xFBB5, 0xFBB0,  0xFE2E, 0xFFA2, 0x00BF, 0xFF63,
  0xFF17, 0xFD2B, 0xFBD8, 0xF998,  0xF765, 0xF61A, 0xF4F9, 0xF41B,
  0xF220, 0xF0CE, 0xEEBB, 0xEC9D,  0xEAF4, 0xEA20, 0xE9FA, 0xE8B1,
  0xE89E, 0xE870, 0xE8C4, 0xE8DB,  0xE7BB, 0xE76F, 0xE669, 0xE581,
  0xE2FA, 0xE1F2, 0xE2B8, 0xE580,  0xE731, 0xEBB7, 0xF333, 0xFBFA,
  0x0336, 0x06DA, 0x0B1B, 0x0F40,  0x13C1, 0x140A, 0x1338, 0x1250,
  0x123E, 0x10D3, 0x0F09, 0x0DFC,  0x0BB3, 0x09AD, 0x084D, 0x0A2D,
  0x0C05, 0x0CE6, 0x0D2E, 0x0EE7,  0x1281, 0x13F5, 0x146B, 0x13FB,
  0x14C6, 0x140E, 0x1198, 0x0EBF,  0x0C27, 0x0B51, 0x0981, 0x0802,
  0x0719, 0x08E1, 0x0AED, 0x0C04,  0x0B6E, 0x09B4, 0x0864, 0x081E,
  0x08B9, 0x07DA, 0x058B, 0x0342,  0x0342, 0x0493, 0x04C0, 0x0227,
  0xFF40, 0xFE83, 0xFFAC, 0x010B,  0xFFD4, 0xFE8A, 0xFDB5, 0xFE44,
  0xFF00, 0xFF4B, 0xFEB3, 0xFC99,  0xFBB5, 0xFB60, 0xFC1A, 0xFAD7,
  0xF835, 0xF46C, 0xF1F2, 0xF04C,  0xEEE2, 0xED78, 0xEBA3, 0xEA0D,
  0xE98E, 0xE9EF, 0xE9FB, 0xEA35,  0xE99A, 0xE938, 0xE8A0, 0xE8F6,
  0xE80C, 0xE764, 0xE693, 0xE775,  0xE88C, 0xEA64, 0xECEA, 0xF1D0,
  0xF836, 0xFC40, 0xFF39, 0x02B5,  0x0920, 0x0C46, 0x0D72, 0x0CCB,
  0x0E7D, 0x1096, 0x112B, 0x0FEE,  0x0DF6, 0x0C69, 0x0B4F, 0x0B35,
  0x0AB5, 0x0ADD, 0x094E, 0x08F1,  0x09BB, 0x0BBC, 0x0C53, 0x0BAB,
  0x0B21, 0x0BCC, 0x0D29, 0x0D89,  0x0D2F, 0x0BDE, 0x0BBB, 0x0B4C,
  0x0AB1, 0x09D5, 0x088A, 0x08B1,  0x097A, 0x0A87, 0x0B13, 0x09D8,
  0x07EF, 0x063C, 0x072D, 0x07F1,  0x0705, 0x0670, 0x04FA, 0x056D,
  0x04A9, 0x05F6, 0x0572, 0x04C5,  0x0420, 0x01D2, 0x0189, 0xFD49,
  0xFB61, 0xFDBB, 0x0339, 0x0493,  0xFF8F, 0xF9A7, 0xFB06, 0x014F,
  0x01E6, 0xFAF3, 0xF2C7, 0xF20E,  0xF831, 0xFA52, 0xF3E2, 0xEC4C,
  0xEA58, 0xEEA6, 0xF120, 0xF089,  0xEE6C, 0xED65, 0xEEB7, 0xF139,
  0xF0F3, 0xEF9E, 0xEE83, 0xEE4B,  0xEF00, 0xEF70, 0xF071, 0xF118,
  0xF1E9, 0xF222, 0xF395, 0xF658,  0xF971, 0xFBD9, 0xFCAF, 0xFE6E,
  0x007A, 0x01F3, 0x03F1, 0x057E,  0x07CE, 0x092B, 0x0AB9, 0x0BC0,
  0x0D10, 0x0D2C, 0x0C4E, 0x0AC6,  0x0A1D, 0x0B6E, 0x0BC1, 0x0B67,
  0x0A04, 0x0A82, 0x0B7B, 0x0BEC,  0x0A0B, 0x0677, 0x0535, 0x082D,
  0x09BD, 0x0840, 0x0605, 0x0600,  0x0724, 0x0796, 0x06D4, 0x0456,
  0x025F, 0x0285, 0x05B8, 0x0889,  0x0672, 0x02CF, 0x014A, 0x018B,
  0x03CA, 0x01F2, 0x01A6, 0xFF74,  0x01C0, 0x03E0, 0x0155, 0xFD9C,
  0xFC75, 0xFD90, 0xFD55, 0xFDB7,  0xF9F0, 0xFA48, 0xFBA0, 0x004D,
  0x0042, 0xF983, 0xFA6D, 0xFBC2,  0xFAC9, 0xFDFF, 0xFAE8, 0xFC5D,
  0xFD14, 0xFC3E, 0xFD92, 0xFAC8,  0xF98B, 0xFA9A, 0xFD06, 0xFC3E,
  0xFCAF, 0xFC94, 0xFD0F, 0xF9BC,  0xFBC8, 0xFF1F, 0xFF80, 0xFC95,
  0xF706, 0xF9FC, 0x00BF, 0xFF9D,  0xFD8A, 0xFA23, 0xFA7F, 0x00E0,
  0x00E4, 0xFD7D, 0xFA54, 0xFDDD,  0x00E2, 0x0203, 0x00AE, 0xFF2A,
  0xFC6E, 0xFF97, 0x0362, 0x02E0,  0xFCF2, 0xFCAE, 0x0310, 0x04C2,
  0x0226, 0xFE37, 0x0072, 0x00A8,  0x02E2, 0x00BE, 0xFDFF, 0x00A7,
  0x0513, 0x0313, 0xFF9A, 0x01C0,  0x02F8, 0x0239, 0x008C, 0x0067,
  0x034C, 0x0512, 0x01DA, 0xFF4A,  0x0299, 0x047D, 0x0171, 0xFFC4,
  0xFF90, 0x02C8, 0x037F, 0x01B9,  0xFE43, 0x0139, 0x03CF, 0x0244,
  0xFEB4, 0xFE61, 0x04C5, 0x0323,  0xFFB4, 0xFDF7, 0x01F0, 0x03AF,
  0x00DC, 0xFEFB, 0x0432, 0x02A6,  0x0230, 0xFF06, 0xFED3, 0x064C,
  0xFE90, 0xFFD4, 0x0181, 0x0384,  0x0054, 0xFC22, 0x00D8, 0x02E3,
  0xFFE6, 0xFE9A, 0x00ED, 0x01F1,  0x01D0, 0xFD6B, 0x00AC, 0x03A5,
  0x0064, 0xFF5D, 0xFFDA, 0xFFBD,  0x004F, 0xFFFA, 0x0046, 0x000E,
  0xFF66, 0x0073, 0xFFB1, 0xFFBF,  0xFF7C, 0xFF77, 0x011F, 0xFF73,
  0xFF66, 0xFFB6, 0xFF33, 0x0095,  0xFFE6, 0xFEC7, 0xFE89, 0xFFAE,
  0x0044, 0xFE72, 0xFD11, 0xFE56,  0x0074, 0xFFBA, 0xFD4D, 0xFDF4,
  0x002C, 0xFFEA, 0xFD8D, 0xFD7A,  0xFEAD, 0x0068, 0xFFA5, 0xFDC6,
  0xFE80, 0x0006, 0x0086, 0xFEF2,  0xFEEF, 0xFED1, 0xFFA8, 0xFFD6,
  0xFDFD, 0xFF44, 0xFFB3, 0xFDEE,  0xFDF0, 0xFF5A, 0xFF83, 0xFDFD,
  0xFE7F, 0x00AD, 0x0054, 0xFF07,  0xFECF, 0x0001, 0x0111, 0xFFDA,
  0xFF43, 0x0017, 0x0171, 0x00F6,  0xFF99, 0x002A, 0x0113, 0x0147,
  0x0055, 0xFFF5, 0x008C, 0x0141,  0x00EB, 0x008F, 0x00CB, 0x00D0,
  0x00DB, 0xFFDF, 0x003F, 0x010C,  0x00A6, 0x0038, 0xFFE4, 0x0068,
  0x0095, 0x0012, 0xFFFA, 0x0029,  0x0062, 0x00DB, 0x005A, 0xFFCD,
  0xFFA6, 0x0061, 0x00A2, 0x004D,  0xFFEE, 0x0001, 0x006D, 0x0037,
  0xFFE8, 0xFFBD, 0x005B, 0x0019,  0xFFA4, 0xFF5D, 0xFF94, 0xFFF8,
  0xFFB9, 0xFF51, 0xFF3A, 0xFEFD,  0xFEFD, 0xFF7A, 0xFEFC, 0xFF30,
  0xFF29, 0xFF45, 0xFF65, 0xFEEE,  0xFEDE, 0xFF33, 0xFF9C, 0xFF67,
  0xFF48, 0xFF93, 0xFF68, 0xFF79,  0xFFB4, 0xFFEB, 0x0065, 0xFFF0,
  0xFF96, 0xFFE5, 0x007A, 0x0051,  0xFF9C, 0xFFF1, 0x0097, 0x00FF,
  0x00FA, 0x003C, 0x006C, 0x0099,  0x00E7, 0x00AE, 0x0065, 0x009E,
  0x00A9, 0x010D, 0x0091, 0x00DB,  0x009F, 0x00CE, 0x0107, 0x00D1,
  0x009A, 0x009C, 0x00C4, 0x00BE,  0x00D5, 0x007D, 0x0080, 0x0060,
  0x00C4, 0x007E, 0x0062, 0x0053,  0x0044, 0x0073, 0x0011, 0x001F,
  0x002F, 0x0050, 0x0011, 0x001D,  0x002B, 0x004B, 0x002D, 0x003B,
  0x0036, 0x0037, 0x004E, 0x0027,  0x0052, 0x0074, 0x0049, 0x003E,
  0x0070, 0x009C, 0x0037, 0x0014,  0x0042, 0x0079, 0x0086, 0xFFAE,
  0xFFF5, 0x0026, 0x000E, 0xFFA3,  0xFFBD, 0x0029, 0xFFC6, 0xFF56,
  0xFF53, 0xFFC3, 0xFFC9, 0xFF08,  0xFEAC, 0xFF89, 0xFFC8, 0xFF16,
  0xFE67, 0xFEF9, 0xFF2C, 0xFF43,  0xFE7F, 0xFE37, 0xFEC8, 0xFED2,
  0xFE95, 0xFE15, 0xFE8B, 0xFE90,  0xFEBA, 0xFEC0, 0xFF0A, 0xFF1D,
  0xFF85, 0xFF24, 0xFF62, 0xFFB0,  0xFF86, 0xFFEB, 0xFF95, 0x005C,
  0x000D, 0x0058, 0x003F, 0x0098,  0x00B9, 0x0077, 0x00E2, 0x00A5,
  0x00F6, 0x009B, 0x00FA, 0x00AC,  0x0125, 0x00CB, 0x0082, 0x00D4,
  0x00BA, 0x0120, 0x00A6, 0x00CE,  0x009F, 0x00C2, 0x0099, 0x00B1,
  0x009D, 0x00BB, 0x0082, 0x006E,  0x007A, 0x0073, 0x0050, 0x0061,
  0x007B, 0x00A6, 0x0068, 0x0057,  0x005E, 0x0041, 0x0073, 0x0025,
  0x00A9, 0x000D, 0x006F, 0x0001,  0x0053, 0x0007, 0x0048, 0x0041,
  0x0010, 0x0048, 0xFFD8, 0x007D,  0xFF6D, 0x0002, 0xFF91, 0xFFEA,
  0xFF93, 0xFFEB, 0x0049, 0xFFD9,  0x00D7, 0xFFA0, 0xFFD6, 0xFF51,
  0xFE60, 0xFFFD, 0x000E, 0xFFD6,  0xFEBC, 0xFF1E, 0x0122, 0xFF6C,
  0xFCAE, 0xFF3C, 0x02BC, 0x0070,  0xFDD0, 0xFF54, 0x00E3, 0x000A,
  0xFDBE, 0xFD5C, 0x0162, 0x00ED,  0xFE92, 0xFE14, 0xFFA1, 0x0192,
  0xFEC0, 0xFEC4, 0x0039, 0x0168,  0x000F, 0xFDCB, 0x005F, 0x024D,
  0xFF6F, 0xFD17, 0xFF77, 0x021A,  0x0108, 0xFEA0, 0xFF94, 0x01CF,
  0x0190, 0xFF3B, 0xFF43, 0x0052,  0x015D, 0xFF87, 0xFEEE, 0x00FA,
  0x00FD, 0x0061, 0xFE08, 0x0095,  0x0091, 0xFF2E, 0x007A, 0xFFFF,
  0x01A6, 0xFF10, 0x0127, 0xFF53,  0x0140, 0x014A, 0xFF61, 0x014E,
  0xFFCF, 0x02D8, 0xFEB9, 0x0187,  0xFD41, 0x0292, 0x024C, 0xFF95,
  0xFE90, 0xFDC2, 0x0314, 0xFE22,  0x03D6, 0xFA61, 0x024A, 0x01B8,
  0xFD83, 0x0070, 0xFC63, 0x04D9,  0xFC9C, 0x0124, 0xFD34, 0x01D4,
  0x00B9, 0xFE32, 0x0082, 0xFDBE,  0x0519, 0xFBBB, 0x023B, 0xFDF4,
  0x0281, 0x00F1, 0xFDB1, 0x0114,  0x0085, 0x00C6, 0xFF4B, 0xFEAD,
  0x00A7, 0x0215, 0xFCDB, 0x0074,  0xFF35, 0x0256, 0xFE13, 0xFFA3,
  0xFF65, 0x021F, 0xFE84, 0x0022,  0xFDC5, 0x019C, 0xFFE9, 0xFCF4,
  0x02DA, 0xFF55, 0xFFC0, 0xFE65,  0x0206, 0xFDDA, 0x0023, 0xFF71,
  0x0032, 0xFEFB, 0x0118, 0xFE5F,  0x00BC, 0xFDF4, 0x0140, 0xFE3A,
  0xFFDD, 0x0114, 0xFD7C, 0x01EC,  0xFE2E, 0x012B, 0xFEC4, 0x01C3,
  0x00D8, 0xFD5A, 0x03FE, 0x0164,  0xFC66, 0x0439, 0xFDFF, 0x0405,
  0xFE25, 0x0139, 0x0254, 0xFF36,  0xFDE6, 0x0266, 0x09E4, 0xF6BA,
  0xFC31, 0x08BB, 0x0281, 0xFB4B,  0x0083, 0xFFC8, 0xFF3D, 0x02AB,
  0x00B1, 0xFB18, 0x0077, 0x065C,  0xFF8B, 0xF75B, 0x057B, 0x03C5,
  0xFD52, 0xFDA7, 0x0105, 0x048B,  0xFCD6, 0xFD32, 0x01C3, 0xFF5C,
  0xFA95, 0x0620, 0xF9EB, 0xFE3F,  0x045B, 0xFE1D, 0xF976, 0x022A,
  0x07BC, 0xF28E, 0xFD69, 0x04A9,  0x013D, 0xFB1C, 0xFCD4, 0xFE56,
  0xF907, 0x0640, 0x05FD, 0xFBFE,  0x038D, 0x09B9, 0x083A, 0x01D4,
  0x0327, 0x0ECC, 0x020C, 0x03F7,  0xFBD5, 0xFD04, 0x04B6, 0xFAE7,
  0x02F0, 0x01A6, 0x050C, 0xF8F0,  0x00C1, 0xFF41, 0x01C4, 0xFB17,
  0xF718, 0x003F, 0xFB9F, 0x0349,  0xF78E, 0xFF3F, 0xFA17, 0xFDAC,
  0x01D3, 0xF838, 0x07BB, 0x03A8,  0xF707, 0xFFC3, 0x0741, 0x051E,
  0xF743, 0x01FA, 0x0557, 0x0606,  0xFE4E, 0xF964, 0x031D, 0x061D,
  0xFA95, 0xF3B7, 0x0E30, 0xFF15,  0xF9B3, 0xFFE7, 0x0075, 0xF8DB,
  0x029E, 0xFEF1, 0xF6BC, 0x0BEC,  0xFBEE, 0xFA37, 0x00B9, 0x0040,
  0xFCFC, 0xFE96, 0x0721, 0xF9FB,  0x08EB, 0xFF2E, 0xF940, 0x0746,
  0xFDC5, 0x0474, 0x00A9, 0x03D1,  0xFEAA, 0xFEEA, 0x0217, 0x014E,
  0xF70C, 0x0230, 0x05BB, 0xF874,  0x0518, 0xF98F, 0x0520, 0xFE49,
  0xFC40, 0x0080, 0xFE98, 0x00C6,  0xFDAD, 0x094A, 0xEFE0, 0x0231,
  0x08B7, 0xFD89, 0xFC1B, 0xFE1E,  0x0DD0, 0xF222, 0x0484, 0x05FF,
  0xFD8B, 0x08A6, 0xF685, 0x09A3,  0xFB07, 0x0218, 0x05ED, 0xFAE2,
  0x021D, 0xFE0D, 0x06A2, 0xF600,  0x09B8, 0xFBB1, 0x040F, 0xFFDF,
  0xFEB1, 0x0755, 0xF701, 0x0D02,  0xF46A, 0x0593, 0xFF12, 0xFE16,
  0xFFF8, 0xFD02, 0x08C6, 0xF7E5,  0x01EE, 0xFF75, 0x0841, 0xF84D,
  0x01F3, 0x0434, 0xF9EB, 0x0BB3,  0xF40A, 0x03DB, 0x002D, 0xFF86,
  0x0482, 0xF83B, 0x066D, 0x0103,  0xFCEA, 0xFB49, 0x08AE, 0xFFFE,
  0xFDAD, 0xFC3F, 0x0719, 0xFC60,  0xF65D, 0x06DB, 0xF881, 0x08B8,
  0x0146, 0xFD46, 0xF9CB, 0x0773,  0xF637, 0xFDDE, 0x0563, 0xFD6F,
  0x01CE, 0xF85A, 0x0ABC, 0xF673,  0x002F, 0x01F5, 0x028F, 0xFDBA,
  0xFE17, 0x055D, 0x021E, 0xF4D4,  0x05C7, 0x01C5, 0xFD49, 0x0115,
  0x0063, 0x0702, 0xF046, 0x0BD1,  0xFB1B, 0x01D7, 0xFF24, 0xFF9D,
  0x04B9, 0xF7D5, 0xFED7, 0x08C5,  0xF31F, 0x03E0, 0x0289, 0xFC4A,
  0x042D, 0xF540, 0x0A26, 0xFB97,  0x035D, 0xF810, 0x0C33, 0xFC6A,
  0xFC1B, 0xFD6C, 0x0821, 0x0223,  0xF753, 0x0A60, 0x0067, 0x0275,
  0xF9D0, 0x02C0, 0xFFCE, 0x04FC,  0xFB5E, 0x0644, 0xFE37, 0xFCB9,
  0x038F, 0xF8DA, 0x034C, 0x01ED,  0xFB59, 0x0479, 0xFEE5, 0x03EE,
  0xFA95, 0xFC59, 0x027F, 0xFBF8,  0x0C23, 0xFA25, 0xFCEF, 0x076C,
  0x0350, 0xF494, 0x003D, 0x0950,  0xF92E, 0x00B9, 0xFFC7, 0x099C,
  0xFB68, 0xF7D4, 0x0292, 0x00C0,  0x08E2, 0xF9AA, 0xFF9F, 0x0708,
  0x01F4, 0xF760, 0x00A8, 0xFFD0,  0x04CD, 0xFF9F, 0xFBF4, 0x0616,
  0xFD58, 0x00D1, 0xF2D0, 0x0168,  0x0E07, 0xFE16, 0xF873, 0x0439,
  0x0A82, 0xFB2E, 0xF1BE, 0x0C0D,  0x040B, 0xFA97, 0xFCBE, 0x0AF4,
  0xFC91, 0xF530, 0x0332, 0xFCAF,  0x0E33, 0xF22D, 0x053B, 0x04AC,
  0x00EA, 0xFD20, 0xF739, 0x0991,  0xFF52, 0xFC50, 0x0059, 0x072A,
  0xF911, 0xFEAC, 0xFA2A, 0x01B6,  0x05DE, 0x00E1, 0x0145, 0xFE68,
  0x0706, 0xFE53, 0xFB11, 0xFC8A,  0xFEA7, 0x017A, 0x04D9, 0x007E,
  0xF93D, 0x0352, 0x0029, 0xFA7E,  0x0222, 0x07A5, 0xFF7C, 0xFB11,
  0xFF31, 0x03FD, 0xFC02, 0xFFE8,  0xFD52, 0xFEF6, 0x0765, 0xF7CC,
  0x0308, 0x00F1, 0xFB30, 0xFBE0,  0x04B1, 0x0416, 0xFC46, 0xFCE9,
  0x01E2, 0x036D, 0xFA5F, 0xFEC2,  0x0020, 0xFEFC, 0x00C7, 0x0130,
  0xFE6B, 0x018A, 0xFAEA, 0x0336,  0x05FB, 0xF74B, 0x007D, 0x0378,
  0x004D, 0xFFC1, 0x01CB, 0x0526,  0xFFB9, 0xFC13, 0xFE78, 0x0923,
  0xFFBB, 0xF434, 0x0675, 0x0646,  0xFB83, 0xFA78, 0x02FB, 0x0362,
  0xFEF8, 0xFD99, 0xFD15, 0x0AB2,  0xFE9F, 0xF825, 0x0256, 0x042A,
  0x0021, 0xFB40, 0x0062, 0x060D,  0x013C, 0xFBAF, 0x02C3, 0x044B,
  0xFE48, 0xFD43, 0xFED6, 0x04F4,  0x0437, 0xFC5A, 0xFE36, 0x01B2,
  0x01DB, 0xFBF5, 0xFC7C, 0x0795,  0x02D5, 0xF9F5, 0x00AD, 0x0387,
  0x00CE, 0xFB16, 0xFFE2, 0x0395,  0x0179, 0xFE32, 0xFC79, 0x0271,
  0xFC16, 0xFAEB, 0x0354, 0x042B,  0xF95B, 0xFA80, 0x0787, 0x006C,
  0xFAAF, 0x0043, 0x02FE, 0x02BE,  0xFB15, 0x0068, 0x044B, 0xFC1C,
  0xFD32, 0x049E, 0x01E6, 0xFBCC,  0xFDBA, 0x010D, 0x0309, 0xFD97,
  0xFC3A, 0x0416, 0x01C6, 0xFDD1,  0xFEA2, 0x02F8, 0xFF5E, 0xFA35,
  0x03DE, 0x02BE, 0xFE54, 0xFD3C,  0xFF00, 0x0179, 0xFED8, 0xFDEC,
  0x036D, 0x009B, 0xFD5B, 0xFF12,  0x02ED, 0x00E4, 0xFAE1, 0x017C,
  0x02C6, 0x0445, 0xFFB8, 0xFFCD,  0x0186, 0xFF11, 0xFD72, 0x0003,
  0x068F, 0xFDD0, 0xFDA5, 0x029D,  0x0274, 0x003E, 0xFC9D, 0xFFC1,
  0x0268, 0x0181, 0xFC57, 0xFDB5,  0x0482, 0xFFD1, 0xFC1A, 0xFF95,
  0x049A, 0xFD73, 0xFB6C, 0x05CF,  0x0173, 0xFC43, 0xFFE8, 0x030D,
  0x0202, 0xFCB3, 0xFDF6, 0x0438,  0xFEF2, 0xFF04, 0xFF61, 0x04D0,
  0x0010, 0xF800, 0x0468, 0x0183,  0xFDD5, 0xFB39, 0xFE8D, 0x04A7,
  0xFCD1, 0xFC72, 0x0225, 0xFF9A,  0xFD03, 0x00F9, 0x031B, 0xFF65,
  0xFA84, 0x00A3, 0x0562, 0xFEF0,  0xFB3C, 0x0191, 0x0289, 0xFDF4,
  0xFD4F, 0xFEFC, 0x02A9, 0xFCF9,  0xFEA0, 0x01C0, 0x00E8, 0xFFA1,
  0xFE05, 0x038E, 0x037C, 0xFF3A,  0x007A, 0x01C5, 0x0363, 0x02D7,
  0x00FD, 0x0158, 0xFFD8, 0x007D,  0x010B, 0x0350, 0x00F9, 0xFFC1,
  0xFDDD, 0x002D, 0x0158, 0xFF26,  0x0070, 0xFFEB, 0x01DD, 0x0110,
  0xFF0C, 0x00BD, 0xFDC5, 0xFDDF,  0x0187, 0x0125, 0x029A, 0xFF03,
  0x0264, 0x02AC, 0xFFF0, 0x0096,  0x01C8, 0xFF0E, 0x003D, 0x0251,
  0x024B, 0x04EA, 0xFE8A, 0xFDE2,  0x00A9, 0x017E, 0xFDDF, 0xFE65,
  0x0187, 0xFEE0, 0xFF28, 0x0101,  0xFEEF, 0xFA4F, 0xFCFC, 0x0112,
  0xFF37, 0xFCAA, 0xFD5E, 0x006F,  0xFC97, 0xFC74, 0xFE55, 0xFE3C,
  0xFBD1, 0xFD56, 0xFFC3, 0x0019,  0xFE1B, 0xFA25, 0xFE05, 0xFEF5,
  0xFCDD, 0xFC10, 0xFF13, 0xFDE1,  0xFBE0, 0xFC72, 0xFE85, 0xF9D5,
  0xFA19, 0xFBCA, 0xFE42, 0xFFC7,  0xF986, 0xF9E4, 0xFCA7, 0xFE22,
  0xFC48, 0xFD7B, 0xFEE6, 0xFFCF,  0xFE58, 0x00F3, 0x013A, 0xFFDF,
  0x00CB, 0x0331, 0x053A, 0x0459,  0x0360, 0x047E, 0x0615, 0x05F4,
  0x0834, 0x0684, 0x07A4, 0x084E,  0x080F, 0x097B, 0x08FD, 0x0838,
  0x08B2, 0x090D, 0x0905, 0x08F0,  0x092C, 0x08D4, 0x081A, 0x091F,
  0x094D, 0x0809, 0x0613, 0x07B9,  0x07E8, 0x0860, 0x074F, 0x06CB,
  0x0814, 0x061B, 0x050C, 0x0376,  0x03F6, 0x0166, 0x00C8, 0x01BD,
  0xFF86, 0xFD31, 0xF9B8, 0xF93B,  0xF7E1, 0xF6A6, 0xF463, 0xF318,
  0xF325, 0xF105, 0xF079, 0xEF36,  0xEE6C, 0xEE27, 0xEE6C, 0xEEC3,
  0xEFDF, 0xEE6F, 0xEC25, 0xEBDC,  0xEB00, 0xEC88, 0xEB40, 0xEAEF,
  0xEBD6, 0xECC0, 0xEFBA, 0xF1C4,  0xF2D2, 0xF521, 0xF8EB, 0xFC78,
  0xFFF1, 0x01B1, 0x047A, 0x06EE,  0x099B, 0x0C8A, 0x0E4D, 0x0F80,
  0x0F82, 0x1200, 0x1262, 0x1129,  0x114A, 0x0F8D, 0x0F98, 0x104A,
  0x1068, 0x0F7B, 0x0D7B, 0x0E1E,  0x0E4D, 0x0D59, 0x0C28, 0x0AE8,
  0x0B1B, 0x0BAA, 0x0C32, 0x0CD7,  0x0C71, 0x0B73, 0x0C1A, 0x0CD6,
  0x0D05, 0x0BFF, 0x09E9, 0x0A6C,  0x0C03, 0x0D65, 0x0CBB, 0x0A58,
  0x0866, 0x0753, 0x06DA, 0x0501,  0x01B3, 0xFF1A, 0xFE7E, 0xFDD2,
  0xFAF2, 0xF751, 0xF453, 0xF241,  0xF161, 0xF048, 0xEE12, 0xEBE1,
  0xEB98, 0xEBCC, 0xEBB7, 0xE9AE,  0xE752, 0xE512, 0xE4B5, 0xE34A,
  0xE178, 0xE1BD, 0xE04E, 0xDF8C,  0xDF27, 0xE0E3, 0xE382, 0xE6CD,
  0xEB85, 0xF31A, 0xF922, 0xFB64,  0xFC7C, 0x0175, 0x0883, 0x0C32,
  0x0EF4, 0x10D4, 0x147A, 0x16EC,  0x164F, 0x151E, 0x145B, 0x1356,
  0x12BC, 0x145C, 0x160D, 0x1485,  0x11E3, 0x1022, 0x0EB7, 0x0D95,
  0x0BFE, 0x0A7C, 0x09DF, 0x0A1C,  0x09DE, 0x095F, 0x091E, 0x0762,
  0x0681, 0x0812, 0x09D7, 0x0A3B,  0x098B, 0x09DE, 0x0B6A, 0x0DBC,
  0x0F1D, 0x0D66, 0x0B5E, 0x0BDD,  0x0D1F, 0x0E2E, 0x0C63, 0x0939,
  0x06C1, 0x069A, 0x0697, 0x0393,  0xFF6E, 0xFB19, 0xF9CD, 0xF8DD,
  0xF71A, 0xF39F, 0xEF97, 0xEE37,  0xED5C, 0xEC57, 0xEA0B, 0xE84C,
  0xE87B, 0xE8AF, 0xE80C, 0xE67D,  0xE537, 0xE3C0, 0xE2F7, 0xE3C0,
  0xE3CB, 0xE23F, 0xE14F, 0xE19B,  0xE4A8, 0xE8E9, 0xEA2E, 0xEE9B,
  0xF594, 0xFB2E, 0xFC72, 0xFE20,  0x04A3, 0x09B2, 0x0CDE, 0x0F07,
  0x12EE, 0x15C7, 0x1696, 0x1670,  0x1591, 0x158E, 0x138B, 0x12A3,
  0x1440, 0x1586, 0x12CA, 0x0F17,  0x0EFC, 0x0D18, 0x0A97, 0x092B,
  0x0901, 0x0928, 0x0836, 0x07D7,  0x0865, 0x07BF, 0x057D, 0x04E4,
  0x0698, 0x07F2, 0x0737, 0x0708,  0x0834, 0x09F2, 0x0A7C, 0x0B3F,
  0x0C4A, 0x0CA5, 0x0D69, 0x0DFA,  0x0E8C, 0x0C53, 0x09AF, 0x07CC,
  0x06FC, 0x0724, 0x0474, 0x023F,  0xFF5D, 0xFD5A, 0xFAE1, 0xF71C,
  0xF470, 0xF1A3, 0xF0D1, 0xEF9A,  0xEDB6, 0xEB71, 0xE8C7, 0xE757,
  0xE634, 0xE5C1, 0xE698, 0xE70A,  0xE80D, 0xE7CA, 0xE601, 0xE4C1,
  0xE3DB, 0xE390, 0xE39C, 0xE440,  0xE650, 0xE9AD, 0xEEC1, 0xF620,
  0xFA57, 0xFB75, 0xFD46, 0x0058,  0x054F, 0x0A73, 0x0EA4, 0x11DA,
  0x13BD, 0x166D, 0x185C, 0x17DB,  0x162A, 0x13E3, 0x139A, 0x14B5,
  0x15D0, 0x1637, 0x14AF, 0x113F,  0x0E2F, 0x0C32, 0x0ABA, 0x08AB,
  0x071A, 0x06D1, 0x07E9, 0x0899,  0x073E, 0x04FA, 0x0342, 0x028A,
  0x027C, 0x036A, 0x043D, 0x0571,  0x059A, 0x0713, 0x08DD, 0x0A01,
  0x099F, 0x09B8, 0x0BE9, 0x0BE9,  0x0C2B, 0x0AC9, 0x08DA, 0x07E3,
  0x066E, 0x04C3, 0x0274, 0x007E,  0xFECA, 0xFC7C, 0xFABC, 0xF827,
  0xF5EA, 0xF39B, 0xF19D, 0xEFF8,  0xEE23, 0xED2B, 0xEBEF, 0xEB04,
  0xE98D, 0xE8A7, 0xE873, 0xE8DC,  0xE957, 0xE919, 0xE80A, 0xE7FD,
  0xE7CF, 0xE770, 0xE6DD, 0xE77B,  0xE968, 0xEC46, 0xF040, 0xF6A7,
  0xFC48, 0xFC81, 0xFC36, 0xFEBA,  0x048E, 0x07FD, 0x09D5, 0x0C67,
  0x0F96, 0x1256, 0x13E2, 0x1447,  0x1346, 0x1190, 0x102E, 0x117A,
  0x1347, 0x1429, 0x12F9, 0x1170,  0x0FA7, 0x0D63, 0x0BBB, 0x0A3A,
  0x08C4, 0x077F, 0x077B, 0x0834,  0x0899, 0x0723, 0x051C, 0x0397,
  0x02FE, 0x0387, 0x03E7, 0x04E1,  0x05DA, 0x064E, 0x06B1, 0x070A,
  0x0799, 0x0758, 0x0696, 0x06D8,  0x07CD, 0x08BB, 0x084C, 0x077C,
  0x06C8, 0x0567, 0x03E8, 0x02A7,  0x01C1, 0x0018, 0xFE2C, 0xFC0A,
  0xFA0E, 0xF8A5, 0xF68D, 0xF461,  0xF2A4, 0xF111, 0xF012, 0xEFB0,
  0xEF7C, 0xEF2B, 0xEDFC, 0xECF6,  0xED42, 0xED9E, 0xED74, 0xEC97,
  0xEC27, 0xEC29, 0xEB3C, 0xEB32,  0xEBC2, 0xEDEF, 0xEF10, 0xF0AC,
  0xF508, 0xFA37, 0xFC02, 0xFA61,  0xFB18, 0xFDEB, 0x01B9, 0x021F,
  0x03D6, 0x0630, 0x0886, 0x0A1E,  0x0A5D, 0x0BDD, 0x0BFC, 0x0B32,
  0x0BCA, 0x0DD0, 0x0FD4, 0x10D9,  0x1084, 0x1035, 0x0F1E, 0x0EB0,
  0x0DEC, 0x0D15, 0x0C53, 0x0B90,  0x0B59, 0x0B5A, 0x0AA7, 0x093A,
  0x07C5, 0x06BD, 0x05A2, 0x04D9,  0x04E2, 0x054B, 0x05A4, 0x051C,
  0x0519, 0x04B6, 0x04AB, 0x0429,  0x0429, 0x048B, 0x0491, 0x0475,
  0x0463, 0x040F, 0x03C1, 0x0330,  0x01F5, 0x00EF, 0x00B6, 0x0085,
  0xFF62, 0xFDAC, 0xFB6B, 0xFA20,  0xF98D, 0xF8CA, 0xF776, 0xF6C4,
  0xF539, 0xF4DC, 0xF40B, 0xF395,  0xF34A, 0xF2B5, 0xF2C1, 0xF275,
  0xF33B, 0xF325, 0xF260, 0xF1AC,  0xF1F4, 0xF253, 0xF1FD, 0xF1C8,
  0xF26E, 0xF391, 0xF3FC, 0xF62B,  0xF8D6, 0xFA64, 0xFA2C, 0xF8AC,
  0xFAE6, 0xFBE1, 0xFCA8, 0xFD1D,  0xFE08, 0x0021, 0x017D, 0x0280,
  0x0385, 0x050A, 0x04F8, 0x069B,  0x07D4, 0x0A93, 0x0BE9, 0x0C8D,
  0x0DC1, 0x0E34, 0x0EA8, 0x0E4E,  0x0E43, 0x0DC3, 0x0D76, 0x0CBC,
  0x0C6C, 0x0BFB, 0x0B64, 0x0A27,  0x097B, 0x07F2, 0x073A, 0x067A,
  0x069B, 0x063D, 0x04A5, 0x04B3,  0x0479, 0x0538, 0x045E, 0x039E,
  0x02B1, 0x0318, 0x031C, 0x039E,  0x031B, 0x0290, 0x0210, 0x0142,
  0x01E4, 0x0124, 0x00D0, 0xFF6B,  0xFF0A, 0xFE4C, 0xFD39, 0xFD2E,
  0xFD00, 0xFB94, 0xFAA3, 0xFA0E,  0xF921, 0xF8B3, 0xF830, 0xF784,
  0xF6EF, 0xF75D, 0xF75C, 0xF685,  0xF6E7, 0xF740, 0xF71E, 0xF64F,
  0xF617, 0xF68D, 0xF612, 0xF57C,  0xF466, 0xF4D9, 0xF56F, 0xF53A,
  0xF59C, 0xF6C0, 0xF7F3, 0xF840,  0xF7C0, 0xF7F7, 0xF9EA, 0xF9EC,
  0xFACA, 0xFBDF, 0xFC80, 0xFEAF,  0xFEBB, 0x0094, 0x0176, 0x0281,
  0x0386, 0x04F6, 0x06D1, 0x07EF,  0x086E, 0x08DE, 0x0A68, 0x0A2B,
  0x0A80, 0x0A96, 0x0A76, 0x0AB1,  0x0A7A, 0x09A2, 0x0A5A, 0x0997,
  0x0952, 0x0885, 0x075D, 0x0720,  0x066B, 0x05E8, 0x06AA, 0x05CA,
  0x064F, 0x05F1, 0x0506, 0x0575,  0x03DB, 0x046B, 0x0419, 0x052C,
  0x03EE, 0x035E, 0x03C9, 0x035B,  0x0187, 0x028C, 0x0166, 0x018F,
  0x0228, 0xFF26, 0x00DD, 0x0012,  0xFF0E, 0xFEB8, 0xFDE7, 0xFD75,
  0xFC43, 0xFCE8, 0xFD8A, 0xFC69,  0xFCB2, 0xFA94, 0xFB57, 0xFAD6,
  0xF9EA, 0xFA1A, 0xF9BE, 0xFA92,  0xFA62, 0xF994, 0xF89B, 0xF961,
  0xF8DE, 0xF7F5, 0xF7B7, 0xF6E6,  0xF725, 0xF6B6, 0xF647, 0xF715,
  0xF601, 0xF7AE, 0xF7B4, 0xF850,  0xF8E2, 0xF835, 0xF999, 0xFA16,
  0xFA5B, 0xFAEB, 0xFC1F, 0xFCF7,  0xFDC7, 0xFE20, 0xFF9B, 0x0052,
  0x0160, 0x01E9, 0x0260, 0x045C,  0x04CF, 0x0580, 0x05C8, 0x0651,
  0x06C4, 0x072C, 0x0792, 0x082F,  0x07E9, 0x080B, 0x086B, 0x0774,
  0x083C, 0x0791, 0x06CF, 0x0741,  0x06A5, 0x06FA, 0x07C0, 0x06AF,
  0x0786, 0x061B, 0x0593, 0x0620,  0x04A2, 0x0609, 0x04AF, 0x047B,
  0x04C7, 0x03B4, 0x02FC, 0x034A,  0x0237, 0x01AF, 0x025F, 0x0215,
  0x0209, 0x01B8, 0x0142, 0xFFB3,  0x0024, 0x003A, 0xFFC6, 0xFF88,
  0xFE1B, 0xFDE5, 0xFDA5, 0xFD7E,  0xFDCE, 0xFD24, 0xFCEE, 0xFBFD,
  0xFC3F, 0xFB83, 0xFAA6, 0xFB91,  0xFB18, 0xFAC8, 0xFA24, 0xF9D4,
  0xF9CE, 0xF98E, 0xF978, 0xF98D,  0xF910, 0xF922, 0xF965, 0xF91D,
  0xF910, 0xF93E, 0xF965, 0xF95E,  0xF97A, 0xF9A7, 0xF9CD, 0xFA47,
  0xFAEF, 0xFB1F, 0xFB6A, 0xFC3D,  0xFD03, 0xFD45, 0xFD5A, 0xFE18,
  0xFED9, 0xFFB9, 0x0031, 0x0134,  0x01F4, 0x024B, 0x0297, 0x031D,
  0x0419, 0x0498, 0x053E, 0x0547,  0x0549, 0x058A, 0x05E2, 0x05F6,
  0x0637, 0x056B, 0x0631, 0x0607,  0x05C3, 0x05B8, 0x0568, 0x0603,
  0x05D0, 0x051C, 0x06E3, 0x04C3,  0x055C, 0x04EE, 0x0353, 0x05E9,
  0x00B7, 0x04E3, 0x03F7, 0x04FA,  0x03C5, 0xFF9B, 0x02DE, 0x011E,
  0xFF72, 0x0128, 0x031C, 0x00FF,  0x0132, 0xFE59, 0xFF5B, 0x0091,
  0xFF97, 0xFEB1, 0xFE2F, 0xFE0F,  0xFE21, 0xFDA4, 0xFD2B, 0xFD7A,
  0xFD62, 0xFE06, 0xFD00, 0xFD87,  0xFDBA, 0xFDAA, 0xFD2C, 0xFC85,
  0xFCEB, 0xFD2B, 0xFCA8, 0xFCAC,  0xFCA8, 0xFCB5, 0xFCB6, 0xFC42,
  0xFC7B, 0xFC2C, 0xFBEF, 0xFC38,  0xFC14, 0xFC03, 0xFBCC, 0xFC29,
  0xFCEC, 0xFC49, 0xFC6A, 0xFCFB,  0xFCE3, 0xFDC0, 0xFD86, 0xFDC4,
  0xFE9C, 0xFE94, 0xFE9B, 0xFF54,  0x0029, 0x001D, 0xFFA3, 0x0070,
  0x00A1, 0x0104, 0x012B, 0x01BA,  0x0397, 0x01A4, 0x020D, 0x028A,
  0x0364, 0x0314, 0x0291, 0x0325,  0x04DE, 0x02F2, 0x02B0, 0x038B,
  0x0348, 0x04B9, 0x0402, 0x0591,  0x024A, 0x0401, 0x0274, 0x0383,
  0x0404, 0x00ED, 0x0330, 0x017E,  0x0356, 0x0305, 0x030F, 0x01A4,
  0xFFCF, 0x00A3, 0x00B4, 0x01FA,  0x00A5, 0x00A2, 0x009F, 0xFF8B,
  0x0066, 0xFEC7, 0xFEF8, 0xFFE1,  0xFE9B, 0xFF30, 0xFF99, 0xFEA5,
  0xFE1A, 0xFF1D, 0xFE4D, 0xFE76,  0xFD96, 0xFDB1, 0xFEC2, 0xFE32,
  0xFF2C, 0xFD92, 0xFD7B, 0xFD45,  0xFE5D, 0xFD9B, 0xFE74, 0xFE61,
  0xFD54, 0xFD23, 0xFEF1, 0xFE17,  0xFD0F, 0xFF9C, 0xFD71, 0x0022,
  0xFD94, 0xFEB3, 0xFF25, 0xFE4A,  0xFD5A, 0xFEB8, 0x00F6, 0xFEEA,
  0xFFD5, 0xFF1F, 0xFF31, 0xFED0,  0xFF5A, 0xFFBB, 0x00E0, 0xFFE4,
  0x0082, 0x005F, 0xFF9D, 0xFED4,  0xFEB5, 0x0140, 0x02B8, 0x0144,
  0x0237, 0x0143, 0x0067, 0x00C9,  0x00F6, 0x01C5, 0x00D8, 0x01A1,
  0x00B1, 0x0291, 0x017A, 0x023A,  0x0138, 0x0205, 0x020E, 0x00B9,
  0x01FE, 0x0139, 0x0205, 0x02D2,  0x011D, 0x0157, 0x0152, 0x006C,
  0x01BF, 0x0002, 0x0257, 0x0151,  0x0194, 0xFFC9, 0x0082, 0xFECA,
  0x0000, 0x0059, 0x009E, 0x0253,  0xFE90, 0x00C4, 0xFE5F, 0x0198,
  0xFED0, 0xFE4B, 0x0064, 0xFE8B,  0xFF91, 0xFD16, 0xFF09, 0xFFF9,
  0xFEA3, 0xFEAA, 0xFF68, 0xFF42,  0xFC3C, 0xFF2C, 0x0016, 0x003E,
  0xFD5A, 0xFD11, 0x007E, 0xFE5F,  0xFD6B, 0xFF2A, 0x00FA, 0xFF48,
  0xFF47, 0xFFBF, 0x00AF, 0xFD02,  0xFF2E, 0xFFEE, 0x00C7, 0xFED9,
  0xFEB8, 0x0254, 0xFE36, 0x00EC,  0xFE2C, 0xFF44, 0x0054, 0xFF43,
  0x0175, 0xFF97, 0xFF56, 0xFEC2,  0x0110, 0xFFC5, 0xFED1, 0x0089,
  0x039E, 0x0028, 0xFE09, 0x0179,  0xFEF3, 0x011E, 0x011A, 0x00F5,
  0x0114, 0xFF79, 0x023F, 0x00AC,  0x0050, 0x0179, 0x0077, 0x02A8,
  0xFE45, 0x01F1, 0x0223, 0xFF6E,  0xFF9C, 0x00A6, 0x0234, 0xFFD4,
  0xFDD7, 0x01B1, 0x02AF, 0xFE8F,  0x0190, 0xFEB9, 0x03A2, 0xFD2C,
  0xFE51, 0x0109, 0xFF48, 0x023A,  0xFE36, 0x0275, 0xFED6, 0xFEE2,
  0x0141, 0xFF3E, 0xFF5B, 0xFF38,  0x00A8, 0x00F1, 0x0039, 0x008C,
  0xFF08, 0xFEB9, 0x0031, 0x0290,  0xFE45, 0xFEFB, 0x0158, 0x008D,
  0xFF41, 0xFDCC, 0x01B1, 0xFDFF,  0x016F, 0xFD89, 0xFEDA, 0x00A4,
  0xFD96, 0x0201, 0xFF4E, 0x03E4,  0xFC32, 0xFE8B, 0x0026, 0xFE7D,
  0x0093, 0xFF33, 0xFF23, 0xFF00,  0x003E, 0xFC44, 0x021D, 0xFF81,
  0xFFDE, 0xFF90, 0x002B, 0x002B,  0x0066, 0xFFFE, 0xFEE8, 0xFFF9,
  0xFD0B, 0xFFB6, 0x01F2, 0x0230,  0xFE31, 0x0196, 0xFF59, 0xFEAB,
  0xFF40, 0xFF63, 0x0151, 0xFF78,  0x0019, 0xFEFB, 0x0079, 0x006F,
  0xFF8D, 0xFF60, 0x0052, 0xFF4F,  0x0185, 0x01E6, 0x00CF, 0x024A,
  0x02C0, 0x0114, 0x00A9, 0x01B3,  0x00BD, 0xFE7B, 0xFF8C, 0x020D,
  0xFFD1, 0xFD4C, 0xFD52, 0x0102,  0xFE15, 0x00BD, 0x01B2, 0x020B,
  0xFEE9, 0xFC62, 0x028A, 0xFEAA,  0xFDE3, 0x00ED, 0x0330, 0x0097,
  0xFF72, 0xFF20, 0x01C3, 0xFFEE,  0xFD1D, 0x02A9, 0x035F, 0xFFB7,
  0xFC8E, 0x0024, 0x001B, 0x037A,  0xFCE3, 0xFE4C, 0x035D, 0xFD94,
  0x0265, 0xFF21, 0xFC2B, 0xFE07,  0xFD33, 0x00E6, 0x003A, 0x006A,
  0x02FC, 0xFF45, 0x02CA, 0xFE19,  0x0398, 0xFFBE, 0x01E6, 0x00F6,
  0xFEEE, 0x02C8, 0xFB99, 0x04A8,  0xFF62, 0xFF19, 0xFE99, 0x02CC,
  0x0053, 0x0124, 0xFF84, 0xFE32,  0x029A, 0xFEA7, 0xFC18, 0xFDCA,
  0x0357, 0xFCFC, 0xFE13, 0x0218,  0x0004, 0xFF68, 0xFC6C, 0xFBC0,
  0x01E4, 0x0145, 0xFEC2, 0xFC13,  0x017A, 0xFF84, 0xFB16, 0xFFA3,
  0x02CF, 0x0199, 0xFEC4, 0xFFE0,  0x00A7, 0xFDD8, 0x03C0, 0x00F9,
  0x00CB, 0x0254, 0xFF3A, 0x0233,  0xFDB4, 0x001B, 0xFF77, 0x05A9,
  0xFF8D, 0xFE4C, 0x0561, 0xFBC8,  0xFB05, 0x0031, 0x0225, 0x0107,
  0xFB1C, 0x00C9, 0x01ED, 0xFF87,  0xFEAC, 0x0089, 0x07A9, 0xFE6F,
  0xFC22, 0x0062, 0x0349, 0xFED2,  0xFD1C, 0x0176, 0xFFEA, 0x0052,
  0x017F, 0x01EE, 0x0043, 0xFFCD,  0xFE26, 0x013A, 0x0483, 0xFE6F,
  0xFEE0, 0xFFBC, 0xFFBF, 0x0214,  0xFDFC, 0xFD61, 0x0422, 0xFE30,
  0xFBF9, 0x011D, 0x00A7, 0x0246,  0x0059, 0xFF45, 0x0048, 0xFF6C,
  0x00ED, 0x0225, 0x0162, 0x03ED,  0x008A, 0xFE07, 0xFC97, 0xFC37,
  0xFDB0, 0x00DD, 0xFFB9, 0xFE34,  0x0125, 0x0029, 0x032B, 0x00F6,
  0xFE48, 0x045F, 0x0536, 0x0332,  0xFECC, 0xFFBD, 0x016D, 0xFCDA,
  0xFA8A, 0xF8DA, 0x0398, 0x0047,  0xFF2C, 0xFFE2, 0xFC6E, 0xFD3E,
  0xFC77, 0x0043, 0x0230, 0x0381,  0x01F7, 0xFE20, 0xFFDD, 0x0230,
  0xF600, 0xFBF4, 0x0058, 0xFF28,  0x00D1, 0x01CA, 0x0110, 0x002B,
  0x013C, 0x0144, 0x038E, 0x0242,  0x0016, 0xFEDD, 0x03D1, 0xFFAE,
  0x00AF, 0xFEE6, 0xFB32, 0xFDD4,  0x03F7, 0x00CA, 0xFD61, 0x011F,
  0x011F, 0xFA46, 0xFBA4, 0x0735,  0xFECD, 0xFF0F, 0x07B4, 0x036E,
  0xFBAC, 0x00EF, 0x0280, 0xFB6F,  0xFF2F, 0x0585, 0x0239, 0xFFA8,
  0xFF76, 0xFAA9, 0xFC65, 0x0851,  0x0171, 0xF988, 0x05ED, 0xFE7B,
  0xFDE1, 0x01F1, 0xFC1B, 0x0225,  0xFE33, 0x0136, 0xFDB5, 0xFFA0,
  0xFB98, 0xFE69, 0x02A9, 0xFB94,  0x0663, 0xFE58, 0x0641, 0xFAA0,
  0x04E0, 0x04E5, 0xF7EC, 0x0477,  0x0316, 0xFAC7, 0xFC23, 0x0721,
  0xFF1A, 0xFFDD, 0xFF4B, 0xFEC7,  0x0128, 0x0663, 0xF71B, 0x0639,
  0x0574, 0xFAA0, 0x0017, 0x019A,  0xFD9A, 0xFCEA, 0x0261, 0xF88D,
  0x03D3, 0xFFD2, 0xFD4D, 0xFC08,  0x00A4, 0xFD7F, 0xFCBD, 0x039D,
  0x02E3, 0x0332, 0x0050, 0xFDFE,  0x034C, 0xF9C6, 0x03E3, 0x02FC,
  0xFB72, 0x0655, 0xFDBC, 0x01A0,  0xFF17, 0xFE71, 0xFC6B, 0x0912,
  0xFBE4, 0xFC2C, 0x08BF, 0xFA90,  0x005B, 0xFB67, 0x02FF, 0x0658,
  0xF463, 0x02C5, 0x05FC, 0xFA4F,  0x0069, 0xFFF4, 0x0529, 0x019C,
  0xFF83, 0xFDCA, 0x0536, 0x0566,  0xF6D6, 0x06E0, 0xFCA4, 0xFC1C,
  0x0208, 0xFE12, 0x0359, 0xF92D,  0xFF74, 0x01BB, 0x01F6, 0xFADC,
  0x02AE, 0xFE5D, 0xFC49, 0x072B,  0xFDA7, 0xFCB5, 0x0662, 0xFD71,
  0xFCDB, 0xFFC8, 0xFDDD, 0x0463,  0xFB5F, 0x06B0, 0xF9D3, 0x0687,
  0xFFD0, 0xF9A7, 0x069A, 0x019A,  0xFF0B, 0xFCF3, 0x0733, 0xFB40,
  0xFE00, 0x021C, 0x0079, 0xF6F6,  0x0A7D, 0xF9A6, 0xFCD9, 0x0CC0,
  0xF299, 0x0510, 0x045D, 0xFC6C,  0xFED5, 0xFFB0, 0xFF4D, 0x0415,
  0xF925, 0x026D, 0x0592, 0xFA29,  0x061F, 0xFC11, 0x04F3, 0xFE7D,
  0xFCE6, 0x030E, 0xFE49, 0x01E3,  0xFEF7, 0x02CD, 0xFC9F, 0x067F,
  0xFB44, 0xFA8E, 0x090E, 0xF8ED,  0x00AF, 0x0590, 0xFB0C, 0xFCE6,
  0x0B2C, 0xF929, 0xFD8C, 0x064C,  0xF8DF, 0x01B4, 0xFC83, 0x0214,
  0xFD27, 0x02A8, 0x0076, 0xFE23,  0x0726, 0xFED6, 0xFFAA, 0xFEBB,
  0x0543, 0xFB70, 0xFD1C, 0x0752,  0xFA1E, 0x0224, 0x014D, 0xFE5C,
  0xFF60, 0x023C, 0x0388, 0xF525,  0x0DBA, 0xFCD5, 0xF9A0, 0x07E1,
  0xF8EF, 0x02BE, 0xFCC7, 0x043E,  0xFF96, 0xF9E0, 0x022E, 0x0106,
  0xF519, 0x08B4, 0x0429, 0xF6FB,  0x0464, 0x0024, 0xFE5A, 0x0087,
  0x0153, 0xFC08, 0x06CB, 0xFA94,  0x015D, 0xFD55, 0x0558, 0xFEA6,
  0xFCEC, 0x06FD, 0xF9E2, 0x0384,  0x02BE, 0xFCD6, 0xFD9E, 0x0721,
  0xFCF0, 0x00FE, 0xFF6C, 0xFF97,  0xFF1F, 0x0500, 0xF97B, 0x034A,
  0x01AD, 0xFDAD, 0x0253, 0xFB8A,  0x0475, 0xFCBD, 0xFF81, 0xFEDE,
  0x06D1, 0xF499, 0x0371, 0x06CA,  0xF5C5, 0x0548, 0xFECA, 0x044D,
  0xFC98, 0x029F, 0x0782, 0xF3C7,  0x098F, 0xFB87, 0xFEDF, 0x065B,
  0xF662, 0x0688, 0xFDA8, 0xFA00,  0x05CB, 0xFEF0, 0xFD28, 0x041A,
  0x00BF, 0xFCE4, 0x0172, 0x03F8,  0xFCE9, 0xFA90, 0x0906, 0xFD4A,
  0xFD0D, 0x03D6, 0xFB38, 0x0586,  0xF7EA, 0x0812, 0xFA51, 0x0633,
  0xFF0E, 0xF78F, 0x0D16, 0xFA47,  0xFED2, 0x06D9, 0xFE8E, 0xF900,
  0x0980, 0xFB51, 0xFA0A, 0x029B,  0x0183, 0xFB21, 0x0397, 0xFD00,
  0x0118, 0xFF07, 0xFBAF, 0x05F9,  0xFEB6, 0xFD00, 0x046F, 0x0044,
  0xFF1C, 0xFD80, 0x030A, 0x006F,  0xF6F8, 0x0E3C, 0xF391, 0x0983,
  0xFFB2, 0xF37E, 0x1440, 0xF20D,  0x0237, 0x0675, 0xFE62, 0xFBEA,
  0x03D7, 0x069E, 0xF1BC, 0x0C07,  0xF949, 0xFFA2, 0x0560, 0xF5F0,
  0x0A7A, 0x0171, 0xF729, 0x027D,  0x0319, 0xF4FB, 0x094D, 0xF924,
  0x0560, 0x06F7, 0xF344, 0x1124,  0xF1F3, 0x0587, 0x00F5, 0xFEFF,
  0x01BD, 0xFA3D, 0x060B, 0xF8FB,  0x02D9, 0xFE90, 0x05B4, 0xF95C,
  0x04EC, 0x0062, 0xFDD5, 0x01CC,  0xFCD7, 0xFE50, 0x06C8, 0xF67F,
  0x051B, 0x05CE, 0xF391, 0x0F22,  0xF72E, 0xFF94, 0x0520, 0xFBBF,
  0x023E, 0xFE46, 0x0476, 0xFD97,  0x01D3, 0xFD35, 0x0106, 0x04B1,
  0xF46F, 0x0B8C, 0xF971, 0x012A,  0x0124, 0xFAA0, 0x0A31, 0xF588,
  0x017D, 0x07B7, 0xF687, 0x03E8,  0x01DD, 0xFEE9, 0xFEC6, 0xFF7A,
  0x035C, 0xFB08, 0x0562, 0xFE18,  0xFCE8, 0x05D8, 0xF965, 0x01F6,
  0x024F, 0xFA05, 0x0667, 0xFD81,  0x012B, 0xFCD8, 0x0499, 0xF97E,
  0x043C, 0xFF32, 0xFB05, 0x0913,  0xF5D7, 0x0683, 0x014C, 0xFE1B,
  0xFE1E, 0x02AA, 0xFFAE, 0xFB45,  0x0879, 0xFC13, 0xFF29, 0x02A2,
  0xFCDC, 0x04EB, 0xFD12, 0xFEC4,  0x0748, 0xF77C, 0x0250, 0x0848,
  0xF3AA, 0x0695, 0x0182, 0xFA37,  0x07A3, 0xF7E3, 0x0404, 0x0132,
  0xFE9A, 0xFD09, 0xFF66, 0x065C,  0xF3D7, 0x09D2, 0xFEEB, 0xFFBB,
  0x0002, 0x00AB, 0x0184, 0xFD84,  0x002F, 0x0257, 0xFAC4, 0x05C0,
  0xFD08, 0xFE3E, 0x0371, 0xF957,  0x0952, 0xF3FD, 0x1072, 0xF112,
  0x0823, 0x026A, 0xF68E, 0x0B9B,  0xF677, 0x00AC, 0x0A29, 0xF130,
  0x06E9, 0x0693, 0xEECE, 0x14F9,  0xEE64, 0x094D, 0xFD5A, 0x03BF,
  0xFAF2, 0x02F0, 0x06DA, 0xF0E3,  0x129B, 0xF450, 0x021E, 0x072B,
  0xF55E, 0x0815, 0xFE46, 0xF7DF,  0x0F75, 0xF222, 0x0381, 0x04E6,
  0xF824, 0x04C0, 0xFDAC, 0xFD1C,  0x040C, 0xFDB4, 0xFF39, 0xFCF3,
  0x0510, 0xFCB7, 0xFB02, 0x0C28,  0xF640, 0x0752, 0xFDDF, 0x0096,
  0xFDE1, 0x075C, 0xF75E, 0x0533,  0x03D2, 0xF44D, 0x0BD9, 0xF9D0,
  0xFE4E, 0x041E, 0xFEC7, 0xFD64,  0x07CC, 0xF508, 0x08B5, 0xFBD3,
  0xFF85, 0x00BF, 0xFCFD, 0x077A,  0xF879, 0x05B2, 0x000B, 0xFE51,
  0x01CB, 0xFC36, 0x02E0, 0xFEB0,  0xFF0D, 0x0233, 0xFA96, 0x084D,
  0xFA5D, 0xFFE0, 0x058C, 0xFBB8,  0x07A0, 0xFA99, 0xFDE6, 0x0752,
  0xF42F, 0x07B1, 0xFDFE, 0xFC3E,  0x064A, 0xFC54, 0xFE3B, 0x050B,
  0xFCA9, 0x0070, 0x055D, 0xF6D7,  0x05A4, 0xFE1A, 0xFEDD, 0x00EB,
  0xFD78, 0x01D9, 0x0025, 0xFF23,  0x021C, 0xFD0F, 0x0441, 0xFF8F,
  0x0125, 0xFE4C, 0x04BC, 0xFA32,  0x069B, 0xFD0C, 0xFAD3, 0x0A32,
  0xF10F, 0x0D57, 0xF5E5, 0x0731,  0xFC6C, 0xFE42, 0x041B, 0xFD53,
  0xFF8A, 0xFF38, 0x02A6, 0xF727,  0x0C42, 0xF4FF, 0x06DA, 0xFCD0,
  0x004D, 0x0564, 0xF998, 0x067F,  0xFC6F, 0x03FF, 0xFBD6, 0x0050,
  0x04DB, 0xF99E, 0x061E, 0xFBD9,  0x01A7, 0x00B1, 0xFDF5, 0x01A6,
  0xFBCA, 0x02B1, 0xFE45, 0xFEE6,  0x054D, 0xFE79, 0xFB9F, 0x08F8,
  0xF7D5, 0x0582, 0xFB15, 0x041F,  0xFBE2, 0x0235, 0x0252, 0xF9D9,
  0x0705, 0xFA4D, 0x04E1, 0xFC86,  0x0502, 0xF9DD, 0x074A, 0xF763,
  0x0394, 0x0279, 0xF886, 0x077B,  0xFBBB, 0x016B, 0xFC28, 0x0731,
  0xFB5D, 0xFFF1, 0x0564, 0xF918,  0x08C0, 0xF71B, 0x08A8, 0xFA0E,
  0xFFE8, 0x053E, 0xF3C0, 0x0E66,  0xF18E, 0x0BDA, 0xFAF2, 0xFCC5,
  0x07B0, 0xFAAA, 0x0310, 0xFE4D,  0x030E, 0xFD1E, 0x02AA, 0xFC2B,
  0x04EB, 0xFBA9, 0x011E, 0x03BB,  0xFA2A, 0x0659, 0xF7E4, 0x0D79,
  0xF305, 0x0479, 0x0647, 0xF4D4,  0x0732, 0xF874, 0x0BFD, 0xF14D,
  0x0916, 0xFFD7, 0xF6F7, 0x0C9E,  0xF58A, 0x028F, 0x08CB, 0xF2CE,
  0x0AB8, 0xFFCD, 0xF4C8, 0x0E8E,  0xF582, 0x0106, 0x0874, 0xF2CA,
  0x0C10, 0xFB8A, 0xFE0D, 0x049E,  0xFADE, 0x0825, 0xF45F, 0x0D8D,
  0xF567, 0x0445, 0x032E, 0xF5B2,  0x0B0B, 0xF33F, 0x0C1F, 0xF8F0,
  0x0065, 0x0631, 0xF79A, 0x0852,  0xFAFE, 0x0182, 0x00FA, 0x010D,
  0xFA83, 0x091B, 0xF98B, 0x01CB,  0x0103, 0xFA7F, 0x0591, 0xF8B0,
  0x09E6, 0xF7EB, 0x05ED, 0xFC11,  0x0245, 0xFFF5, 0xFFBD, 0xFF8D,
  0xFE9E, 0x022E, 0xFAB1, 0x042E,  0xFBA3, 0x05B9, 0xFBD1, 0x0481,
  0xFCB7, 0x011A, 0x03AD, 0xF922,  0x04F5, 0xFD97, 0x018A, 0xFD4E,
  0x00F5, 0x00B5, 0xFACC, 0x0A83,  0xF865, 0x01D9, 0x0516, 0xF853,
  0x06FA, 0xFA21, 0x0445, 0xFE8B,  0xFF72, 0x017F, 0xFF20, 0xFEF2,
  0xFFD9, 0x00BE, 0xFC65, 0x0692,  0xF83A, 0x0558, 0xFF58, 0xFD72,
  0x03EE, 0xFD51, 0x0104, 0xFDAE,  0x00BB, 0xFF24, 0xFE6E, 0x0063,
  0xFF8C, 0x03EA, 0xFE2C, 0x02D6,  0x0074, 0xFCCA, 0x0492, 0xFAA3,
  0x0264, 0x025D, 0xFCA4, 0x022C,  0xFF8E, 0xFEBC, 0x02EE, 0xFC1B,
  0x068C, 0xFA9F, 0x00D3, 0x0380,  0xF7D0, 0x0866, 0xF9F8, 0x01A6,
  0x0237, 0xFC4F, 0x02D7, 0xFCD8,  0x037C, 0xFB84, 0x00E6, 0x0155,
  0xFB8F, 0x08BB, 0xFCE8, 0xFCC5,  0x05B6, 0xF87E, 0x04A6, 0x00B0,
  0xFD3C, 0x0457, 0xFB06, 0x0657,  0xF6E8, 0x08FF, 0xFB63, 0xFE88,
  0x0398, 0xFEB8, 0xFED1, 0x0324,  0xFD51, 0x0052, 0x02F7, 0xF7F2,
  0x0A8D, 0xF373, 0x0BDF, 0xF90F,  0x0557, 0xFA61, 0x03E4, 0xFE07,
  0xFE96, 0x03FA, 0xFE40, 0x03E1,  0xF872, 0x0705, 0xF9F7, 0x03FC,
  0xFD35, 0x0444, 0xFA32, 0x0708,  0xFA04, 0x018F, 0xFF84, 0x0063,
  0xFF99, 0x0276, 0xFD78, 0x01F2,  0xFD22, 0xFF17, 0x02F6, 0xFBD9,
  0x04EF, 0xFEDD, 0xFEF9, 0xFF00,  0x06CB, 0xF572, 0x0BD3, 0xF5F0,
  0x0786, 0xFA25, 0x0409, 0xFCD8,  0xFF9B, 0x019E, 0xFCFA, 0x04DF,
  0xFA90, 0x034E, 0x0168, 0xFC89,  0x002C, 0x050E, 0xF9FF, 0x078E,
  0xF6D6, 0x085F, 0xF713, 0x0687,  0xFAC1, 0x05C9, 0xFBFA, 0x0408,
  0xFB5A, 0x05CE, 0xFD61, 0xFFA3,  0x0331, 0xF764, 0x0E67, 0xF278,
  0x08CB, 0xF6E3, 0x0779, 0xF9B9,  0x05E7, 0xFC3D, 0x03CF, 0xFA2E,
  0x0664, 0xFC14, 0x01BC, 0xFE46,  0x017C, 0x011B, 0xF872, 0x0E43,
  0xF142, 0x09C8, 0xFD85, 0xFE4F,  0x01D2, 0x0046, 0xFEC5, 0x0090,
  0xFE2B, 0x049A, 0xF593, 0x0BA9,  0xF937, 0x02FA, 0x004A, 0xFF4A,
  0x0171, 0xFAEA, 0x0480, 0xFD73,  0x0153, 0x0071, 0x0191, 0xFC7C,
  0x0778, 0xF688, 0x050D, 0xFFE7,  0xFB75, 0x045A, 0xFD12, 0xFF1D,
  0x0451, 0xF96F, 0x068F, 0xFC57,  0x022E, 0x002A, 0x01B5, 0xFB36,
  0x059F, 0xFBAE, 0x0243, 0xFE8A,  0xFE05, 0x04DF, 0xFADA, 0x059A,
  0xFB08, 0x047A, 0xFB0E, 0x044A,  0xFD53, 0x0399, 0xFADC, 0x0560,
  0xFA81, 0x03D7, 0xFF0A, 0x0001,  0xFF04, 0x055D, 0xF965, 0x030D,
  0x01BE, 0xF96C, 0x06CF, 0xFB60,  0x05AE, 0xF990, 0x045D, 0xFC3D,
  0x0438, 0xFCFE, 0x0271, 0xFDBE,  0x056F, 0xF957, 0x0277, 0x011A,
  0xFC39, 0x0299, 0xFFFC, 0xFED3,  0x0007, 0x018F, 0x0026, 0xFDDC,
  0x01FE, 0x0325, 0xFA92, 0x04D1,  0xFB7A, 0x0346, 0xFD84, 0x006E,
  0xFF70, 0x03A8, 0xFBD0, 0x04F3,  0xFD72, 0x0260, 0xFCE8, 0x0209,
  0x0046, 0xFD40, 0x038D, 0xFB69,  0x046A, 0xFC85, 0x01D1, 0xFED5,
  0xFF6E, 0x0259, 0xFC7B, 0x0218,  0x0200, 0xF907, 0x0768, 0xF964,
  0x05B7, 0xFDF7, 0x01D1, 0xFC86,  0x016A, 0x0211, 0xFD5A, 0x00DB,
  0x013C, 0xFF37, 0xFDF5, 0x0404,  0xF9EF, 0x049F, 0xFBF2, 0x0560,
  0xFD55, 0xFED2, 0x0488, 0xFAF9,  0x033B, 0x0376, 0xF68E, 0x0A55,
  0xF7A9, 0x0524, 0xFE90, 0xFA65,  0x0961, 0xF4E1, 0x097C, 0xFCC8,
  0x027E, 0xFF26, 0xFDC6, 0x048D,  0xF972, 0x0398, 0x000B, 0xFDA3,
  0x02AE, 0xFE79, 0xFEC6, 0x02A5,  0xFEBD, 0x002A, 0x0231, 0xFCD1,
  0x01D6, 0xFFE6, 0xFFFC, 0x009D,  0xFC9B, 0x0509, 0xF994, 0x01CE,
  0x04CE, 0xFB28, 0x0321, 0xFEE2,  0x016D, 0xFB3C, 0x071F, 0xF849,
  0x0756, 0xF9EA, 0x028A, 0x040F,  0xF6F9, 0x0D88, 0xF496, 0x07A6,
  0xF951, 0x0139, 0x024B, 0xF9F6,  0x079D, 0xF800, 0x0471, 0x02AC,
  0xF98E, 0x0671, 0xFC3E, 0xFFCF,  0x048F, 0xF95F, 0x0656, 0xFA6D,
  0xFFDA, 0x0678, 0xF800, 0x0401,  0xFFE9, 0xFDFC, 0x0190, 0x00D2,
  0xFD5D, 0x0303, 0xFE8A, 0x0149,  0xFEC9, 0x02BE, 0xFDAC, 0x0299,
  0xFF8D, 0x0078, 0xFE7C, 0xFF37,  0x0121, 0xFF3F, 0x0225, 0xFD11,
  0x034D, 0xFA6C, 0x054C, 0xFBC7,  0x0467, 0xFAC8, 0x03CE, 0xFD28,
  0xFF65, 0x0202, 0x014E, 0xFD18,  0x042F, 0xFA8F, 0x0191, 0x006E,
  0xFDCD, 0x053E, 0xF8E9, 0x0761,  0xFB20, 0xFF13, 0x02AE, 0xFEA0,
  0x004A, 0x03B1, 0xFB86, 0x0579,  0xF74A, 0x0AE9, 0xF590, 0x0964,
  0xF8E0, 0x03B4, 0x00FD, 0xFC2B,  0x0656, 0xF890, 0x09A4, 0xF78E,
  0x0660, 0xF97C, 0x065E, 0xF8B3,  0x0A6C, 0xF4F2, 0x0730, 0xFCDF,
  0xFD63, 0x0968, 0xF33C, 0x0CB8,  0xF467, 0x0771, 0xFADC, 0x00BC,
  0x01AC, 0xFDF3, 0x0110, 0xFAE0,  0x0B38, 0xF865, 0x036B, 0xFF3E,
  0x006F, 0x007F, 0xFE47, 0x01CE,  0xFF64, 0xFF3E, 0xFF53, 0x01E2,
  0xFFDA, 0xFEAC, 0x0239, 0x026D,  0xF998, 0x06CD, 0xF626, 0x0A00,
  0xF84D, 0x019F, 0x03A8, 0xF898,  0x090F, 0xF763, 0x0592, 0xFC31,
  0x02C5, 0x0171, 0xFED3, 0xFF21,  0x02EA, 0xFD84, 0x0372, 0xFB48,
  0x03E6, 0x0171, 0xF778, 0x0976,  0xF9C7, 0x03FE, 0x0070, 0xFDAC,
  0x02CC, 0xFF49, 0xFA96, 0x0671,  0xF831, 0x0367, 0x0247, 0xF96B,
  0x08E8, 0xF80F, 0x02DD, 0x01A1,  0xFBDB, 0x0231, 0x0438, 0xF8A8,
  0x0525, 0xFC5C, 0x0456, 0xFD44,  0xFBFE, 0x0C70, 0xF63B, 0x0620,
  0xFAB9, 0x05B5, 0xFB61, 0xFF4F,  0x06BD, 0xF85A, 0x0764, 0xFA00,
  0x03CF, 0x004C, 0xFC50, 0x036E,  0x0075, 0xF8E0, 0x0629, 0xFBF5,
  0x017E, 0x00C1, 0xFFD5, 0x005E,  0xFE59, 0x01BA, 0xF9FA, 0x0967,
  0xF686, 0x086D, 0xFA12, 0x062B,  0xFF08, 0xFCD9, 0x05B4, 0xFA2D,
  0x0225, 0xFF29, 0xFE3E, 0x02DC,  0xFD01, 0xFF78, 0x050A, 0xF925,
  0x07F5, 0xFB7C, 0x06BE, 0xF4FB,  0x0C58, 0xF8DC, 0xFF5D, 0x0157,
  0xFEFE, 0x0289, 0xFB00, 0x0A39,  0xF1FE, 0x0D8D, 0xF5C6, 0x0551,
  0xFD79, 0x017E, 0xFE94, 0x0285,  0x0022, 0xFDAD, 0x042A, 0xF822,
  0x082F, 0xFA75, 0x00FA, 0xFE27,  0x027E, 0xF7AE, 0x0AF6, 0xF9DC,
  0x0140, 0x0429, 0xF960, 0x05E8,  0xFB49, 0x0547, 0xFD44, 0x0137,
  0xFEE4, 0x0045, 0xFD6E, 0x026A,  0xFD23, 0x02E2, 0xFC15, 0x046E,
  0xFDAA, 0xFF77, 0x0534, 0xF99A,  0x06CF, 0xFB01, 0x01D4, 0x006A,
  0x01CB, 0xF859, 0x04AC, 0x006C,  0xFD4C, 0x00BD, 0x012A, 0x0256,
  0xFBED, 0x05D0, 0xFB92, 0x0390,  0xFBA7, 0x0083, 0x023E, 0xFDF7,
  0x00F8, 0xFEAA, 0x0280, 0xFEA3,  0x01B6, 0xFAEE, 0x0530, 0xFEA1,
  0x0037, 0xFF0C, 0x0065, 0x0058,  0xFF36, 0x026E, 0xFB29, 0x057D,
  0xF9D5, 0x074D, 0xFB8F, 0x044A,  0x009F, 0xFB75, 0x05A2, 0xF80D,
  0x070F, 0xFA80, 0x0237, 0x02E6,  0xFB7F, 0x041B, 0xFC73, 0x0393,
  0xFD58, 0x0186, 0x014B, 0xFD8C,  0x01D6, 0xFA05, 0x0277, 0x0034,
  0xFEDB, 0x01B8, 0xFEC4, 0xFED1,  0x0311, 0xF9AF, 0x094A, 0xF900,
  0xFF3D, 0x0541, 0xF953, 0x05E1,  0xFF15, 0x02E3, 0xFF1A, 0x01F0,
  0xFBF0, 0xFF97, 0x0526, 0xF807,  0x046B, 0x04A6, 0xF533, 0x081C,
  0xFA2B, 0x03C5, 0xFF13, 0xFE7D,  0x04DE, 0xFA8E, 0x02A6, 0x0055,
  0xFC15, 0x09C0, 0xF7A0, 0x0213,  0x0502, 0xF591, 0x060B, 0xFCE7,
  0x019E, 0xFC99, 0x0645, 0xF781,  0x0924, 0xFBFD, 0x0391, 0xFE2B,
  0xFE9E, 0x0105, 0xFCFC, 0x04D6,  0xFB47, 0x0448, 0xF9D8, 0x0754,
  0xFC00, 0x0139, 0x004C, 0xFDED,  0x0203, 0xFFD4, 0xFDFA, 0xFED8,
  0x0074, 0x0668, 0xF787, 0x06A4,  0xF9CA, 0x04AD, 0xFF30, 0xFD8A,
  0x01ED, 0xFC47, 0x080B, 0xF453,  0x0EC1, 0xEE3B, 0x1083, 0xF65C,
  0xFEFC, 0x0B99, 0xF206, 0x0EF3,  0xF786, 0x05F0, 0xFBB6, 0x02F5,
  0xFA0B, 0x03C2, 0xFD44, 0xFF53,  0x02F3, 0xF986, 0x06CF, 0xF99C,
  0x041D, 0xFF56, 0xFF2D, 0x01D3,  0x01A9, 0xFB96, 0xFFD6, 0x033D,
  0xFBF3, 0x0349, 0xFF2A, 0xFED0,  0x04AE, 0xFA60, 0x060E, 0xFF49,
  0xFD51, 0x028A, 0xFC0D, 0x07F8,  0xF9C8, 0x0063, 0x01A0, 0xFD20,
  0x0300, 0xFCCD, 0x032D, 0xFEF5,  0xFFC7, 0x02F2, 0xF9DA, 0x079C,
  0xFD23, 0xFC73, 0x06A1, 0xF731,  0x037C, 0xFF83, 0xF635, 0x0904,
  0xFDF2, 0x0171, 0x000E, 0x001C,  0x039C, 0xFB91, 0x05A7, 0xFA9F,
  0x0877, 0xF641, 0x0385, 0x059A,  0xF5FB, 0x0B16, 0xF67E, 0x04CE,
  0x00B9, 0xFE96, 0x018F, 0xFE2D,  0x025A, 0xFE61, 0x008F, 0x00A3,
  0xFDFB, 0xFD10, 0x0154, 0xFBBB,  0x04B1, 0xFAD5, 0x04BE, 0xFF0D,
  0xFD2C, 0x07B9, 0xF9B7, 0x051B,  0xFEC5, 0x005A, 0x0385, 0xFBA5,
  0x0306, 0xFD89, 0xFF39, 0xFF82,  0xFF94, 0x04EB, 0xFC3A, 0x0398,
  0xFA47, 0x0345, 0xFDA1, 0x00DE,  0xFEE8, 0xFD46, 0x0461, 0xFACC,
  0x0576, 0xFEE6, 0xFCFC, 0x0092,  0x01DB, 0xFD1E, 0x01CB, 0xFAFB,
  0x087A, 0xFB8A, 0xFE9E, 0x077B,  0xF587, 0x06B0, 0xFC80, 0x00B2,
  0x0249, 0xFCC0, 0x04EF, 0xFCEA,  0xFEB2, 0xFDDE, 0xFF22, 0x02CF,
  0xF8FB, 0xFD3A, 0x03D0, 0xFBC7,  0x00CB, 0x0305, 0xFE8A, 0x056E,
  0xFDB5, 0x03CB, 0x084A, 0x0532,  0x054F, 0x02AC, 0x013C, 0xFE1D,
  0x018E, 0xFD3A, 0xFFC4, 0x034C,  0xFD92, 0xFFDB, 0xFFE1, 0x00A3,
  0xFF48, 0xFC2A, 0xFEFB, 0xFE89,  0x00B0, 0xFB96, 0xFE2D, 0xFD76,
  0xFC24, 0xFF04, 0xFBF3, 0x02F3,  0xFEB0, 0x0114, 0x056F, 0xFE58,
  0x003B, 0xFF40, 0xFFA5, 0x01A6,  0x0135, 0x01B3, 0x0087, 0xFF23,
  0xFF0B, 0xFF99, 0xFC68, 0x036F,  0xFF7E, 0xFD5E, 0xFF5C, 0xFE74,
  0x0183, 0xFD59, 0xFDEE, 0xFD5F,  0x0347, 0xFEAC, 0xFF8C, 0x0379,
  0xFEF2, 0x01A8, 0x0325, 0x003B,  0x0049, 0xFF9D, 0x004D, 0x016D,
  0x001E, 0x02C6, 0xFF17, 0x00C9,  0x0108, 0xFF45, 0x01EA, 0xFF3F,
  0xFF1C, 0x01BF, 0xFBCF, 0xFF0B,  0xFE63, 0xFD3B, 0x004A, 0xFE70,
  0xFFFA, 0xFFEB, 0xFED1, 0xFF29,  0xFFED, 0xFF95, 0x012C, 0x0026,
  0x0090, 0xFEE6, 0x0045, 0x0023,  0xFF5A, 0x0104, 0x00DF, 0xFFDE,
  0x029F, 0x0147, 0x0160, 0x0122,  0x0093, 0x0291, 0x006E, 0x00EC,
  0x0025, 0xFF30, 0xFF2D, 0xFF94,  0xFC63, 0xFE43, 0xFCB5, 0x016C,
  0x0156, 0xFF02, 0xFFDC, 0xFD19,  0x00D1, 0xFF7D, 0x0140, 0x03A0,
  0xFEC3, 0x0279, 0x0196, 0xFF94,  0x0222, 0xFCD2, 0x018E, 0x0330,
  0x016E, 0x0183, 0x0126, 0x0098,  0xFF14, 0xFF26, 0x000B, 0xFEE4,
  0xFE1A, 0x009C, 0xFF6D, 0xFED3,  0xFE40, 0xFE41, 0xFF4F, 0xFE88,
  0x0015, 0xFF72, 0xFF46, 0x00F0,  0x0090, 0x0061, 0xFFFC, 0xFF0F,
  0x00CF, 0xFFD5, 0x0049, 0x0102,  0x0015, 0xFF2E, 0x007B, 0xFDCE,
  0xFF6D, 0xFFCF, 0xFCC1, 0x012A,  0xFF09, 0x01E0, 0xFF22, 0xFE7E,
  0xFCB9, 0x000A, 0xFE20, 0xFFAC,  0xFFF4, 0xFDF4, 0x025F, 0xFEBE,
  0x001B, 0xFF45, 0xFFB4, 0x0041,  0x0160, 0xFFF7, 0x01C4, 0x00C7,
  0x006F, 0xFEF4, 0xFFA0, 0x0067,  0xFEEA, 0x00C2, 0x007E, 0x0320,
  0x01B5, 0x00DD, 0x0220, 0x018C,  0x01E8, 0x011C, 0x028E, 0x025F,
  0x0214, 0x0186, 0xFF33, 0x009D,  0x004D, 0x0074, 0x01FA, 0x00B9,
  0x01E4, 0x0281, 0x02AE, 0xFFE9,  0x01B2, 0x00D2, 0x0078, 0x0157,
  0x013B, 0x02BC, 0xFDB1, 0x0335,  0x00ED, 0x0193, 0xFFE5, 0xFF1F,
  0xFFDE, 0xFFFC, 0x01B8, 0xFF64,  0x0009, 0xFD63, 0xFF25, 0xFE17,
  0xFE52, 0xFC2A, 0xFCF8, 0xFDB4,  0xFBF0, 0xFBF6, 0xF9DA, 0xF871,
  0xF7CE, 0xF963, 0xF8C0, 0xF83F,  0xF6E7, 0xF726, 0xF822, 0xF6C9,
  0xF627, 0xF481, 0xF582, 0xF844,  0xF8DD, 0xF930, 0xFA21, 0xFA4A,
  0xFD44, 0xFEF3, 0xFEC3, 0x00FC,  0x021C, 0x0469, 0x0809, 0x0A03,
  0x0AE8, 0x0BAB, 0x0E3C, 0x0FDC,  0x10BC, 0x0FFF, 0x0FA7, 0x10A6,
  0x10DA, 0x12FB, 0x11FC, 0x10CB,  0x0EBE, 0x0FB1, 0x0F47, 0x0D12,
  0x0B9B, 0x091A, 0x0A4B, 0x0AD4,  0x0A5D, 0x07BF, 0x053B, 0x03F3,
  0x04F4, 0x036A, 0x0005, 0xFE39,  0xFCCD, 0xFD6A, 0xFCDE, 0xFAF7,
  0xF81F, 0xF78B, 0xF619, 0xF653,  0xF267, 0xEE5F, 0xEDD8, 0xEB40,
  0xEAD6, 0xE8AB, 0xE6F6, 0xE280,  0xE335, 0xE1AB, 0xDFE6, 0xDD1D,
  0xDA2B, 0xDE54, 0xE0AD, 0xE793,  0xEB2F, 0xF148, 0xF62C, 0xF9F7,
  0x011E, 0x01FF, 0x04E2, 0x096E,  0x0DD3, 0x1303, 0x14F6, 0x15CE,
  0x1804, 0x1715, 0x154F, 0x1573,  0x1267, 0x11CF, 0x120B, 0x1207,
  0x11D4, 0x10EF, 0x0FCD, 0x0F5D,  0x0E8F, 0x0D60, 0x0EB2, 0x0E7D,
  0x0EA4, 0x0FCD, 0x0FE7, 0x0EC5,  0x0ECF, 0x0DE6, 0x0DAB, 0x0CC8,
  0x0BE0, 0x0C63, 0x0BE7, 0x09C7,  0x0B38, 0x0A62, 0x07F0, 0x07D2,
  0x05C6, 0x04DF, 0x0250, 0x00BA,  0xFD22, 0xFAA1, 0xF828, 0xF482,
  0xF06C, 0xED3E, 0xEB43, 0xE816,  0xE6F0, 0xE204, 0xE146, 0xDF0A,
  0xDD92, 0xDC3F, 0xD780, 0xD442,  0xD19E, 0xD0E0, 0xD16A, 0xD66A,
  0xD8C7, 0xE296, 0xEC6A, 0xF9E3,  0x0066, 0x03E4, 0x0AD7, 0x0E68,
  0x1658, 0x17C0, 0x1C3E, 0x1E5E,  0x20F8, 0x2260, 0x2013, 0x1AD6,
  0x13BB, 0x0E8E, 0x0CC0, 0x0B70,  0x08FD, 0x08D4, 0x09FF, 0x09B3,
  0x0893, 0x08F8, 0x05BA, 0x0625,  0x09AD, 0x0D8A, 0x103B, 0x11BE,
  0x11E8, 0x13EB, 0x1366, 0x1171,  0x10BE, 0x1018, 0x0FD1, 0x0FA9,
  0x1136, 0x0E4E, 0x0B62, 0x0AA6,  0x09B1, 0x076F, 0x0690, 0x0354,
  0x00E1, 0xFECD, 0xFAD6, 0xF894,  0xF556, 0xF020, 0xEED2, 0xED2A,
  0xEA91, 0xE893, 0xE649, 0xE1D0,  0xDECE, 0xDD11, 0xDBFB, 0xDC25,
  0xD940, 0xD963, 0xD7D6, 0xD7BA,  0xD51A, 0xD866, 0xDB60, 0xE20E,
  0xE972, 0xF6A3, 0x00C3, 0x03F9,  0x0A0B, 0x0EF2, 0x170E, 0x1787,
  0x1E66, 0x1F3D, 0x21A1, 0x23D1,  0x20A2, 0x1B86, 0x1315, 0x0BD7,
  0x0924, 0x07F6, 0x0275, 0x0258,  0x03F3, 0x040F, 0x0569, 0x0595,
  0x0474, 0x074C, 0x0A0D, 0x0FCC,  0x151E, 0x16B9, 0x165E, 0x1866,
  0x1785, 0x13FA, 0x111F, 0x0EA6,  0x0DA2, 0x0F1C, 0x1109, 0x0FE5,
  0x0EF8, 0x0B5B, 0x0975, 0x06FD,  0x0384, 0xFF7C, 0xFE58, 0xFD46,
  0xFDD7, 0xFCB8, 0xF92E, 0xF64A,  0xF39C, 0xF250, 0xEFDD, 0xEBC0,
  0xE841, 0xE87A, 0xE7E1, 0xE63E,  0xE154, 0xDE39, 0xD9A9, 0xD5E7,
  0xD59B, 0xD494, 0xD4EF, 0xD4F5,  0xD72E, 0xDE1B, 0xE2A5, 0xE893,
  0xF34E, 0xFCC2, 0x0062, 0x04BD,  0x0B8A, 0x1499, 0x1A3A, 0x1E4B,
  0x22B7, 0x21E5, 0x22F6, 0x1EF1,  0x19E0, 0x10AE, 0x0898, 0x05BC,
  0x0495, 0x0226, 0xFFC4, 0x014F,  0x0252, 0x0338, 0x042C, 0x0789,
  0x0B8F, 0x10E0, 0x1689, 0x1AD9,  0x1C15, 0x1B5B, 0x1A1E, 0x1746,
  0x12E5, 0x0F68, 0x0EFD, 0x0FC0,  0x0EE3, 0x0DAE, 0x0BE4, 0x0A48,
  0x0845, 0x06E7, 0x04CB, 0x03A6,  0x043F, 0x0574, 0x045A, 0x005E,
  0xFC75, 0xF8D3, 0xF60B, 0xF323,  0xF218, 0xEFC2, 0xF11A, 0xEFED,
  0xF0EB, 0xEC7F, 0xE733, 0xE17F,  0xDCFE, 0xDC97, 0xD829, 0xD796,
  0xD47E, 0xD716, 0xD31C, 0xD41A,  0xD32C, 0xD992, 0xDE6E, 0xE646,
  0xF530, 0x0137, 0x08B1, 0x076B,  0x1582, 0x1898, 0x1FB9, 0x1F3B,
  0x2210, 0x23E8, 0x1FD5, 0x1F1A,  0x1420, 0x0BC1, 0x01C1, 0x0024,
  0x0083, 0xFDBC, 0xFB5A, 0x0025,  0x0362, 0x0580, 0x0766, 0x0A03,
  0x0EA1, 0x1401, 0x1BA7, 0x2010,  0x200D, 0x1D14, 0x1BEB, 0x18AD,
  0x1363, 0x0DDF, 0x0B4C, 0x0AF3,  0x0AB6, 0x0BA4, 0x0AEC, 0x0757,
  0x054F, 0x0426, 0x04DC, 0x045D,  0x02D9, 0x04EE, 0x0537, 0x03D8,
  0x004B, 0xFCAD, 0xF828, 0xF5DD,  0xF52C, 0xF3DD, 0xF3B2, 0xF0AF,
  0xF060, 0xEDF3, 0xE970, 0xE20A,  0xDD18, 0xDA8D, 0xD7E2, 0xD4FB,
  0xD343, 0xD447, 0xD060, 0xD048,  0xD106, 0xD937, 0xDE7E, 0xE5EB,
  0xF265, 0x019D, 0x0959, 0x0AAD,  0x14E3, 0x19D7, 0x1F96, 0x202E,
  0x2522, 0x239D, 0x1E06, 0x1B45,  0x13EF, 0x0B4B, 0xFFAC, 0xFC32,
  0xFC31, 0xFB57, 0xFA7B, 0xFE5B,  0x02DA, 0x04CF, 0x08FB, 0x0D76,
  0x11DB, 0x163E, 0x1C41, 0x22B2,  0x239C, 0x1FE8, 0x1BCC, 0x17EE,
  0x113E, 0x0BA1, 0x089F, 0x079F,  0x0679, 0x06D6, 0x0873, 0x06C1,
  0x0542, 0x036F, 0x0423, 0x04C0,  0x0645, 0x0855, 0x0999, 0x089B,
  0x062C, 0x034F, 0xFD35, 0xF812,  0xF475, 0xF2FB, 0xF343, 0xF0B6,
  0xEF06, 0xEDF7, 0xEAA4, 0xE4BD,  0xE0CC, 0xDE55, 0xD9A9, 0xD64C,
  0xD384, 0xD4C0, 0xD15A, 0xCE52,  0xCE77, 0xD4FF, 0xDB66, 0xE14A,
  0xED83, 0xFC7F, 0x05D8, 0x0B68,  0x15BB, 0x1A88, 0x1F07, 0x1E45,
  0x23E5, 0x23A9, 0x1DD7, 0x1B18,  0x14D7, 0x0E17, 0x02EC, 0xFD6B,
  0xFB28, 0xF9E3, 0xF793, 0xFC1C,  0x0206, 0x0429, 0x080F, 0x0C4D,
  0x114B, 0x1592, 0x1989, 0x1F5F,  0x22B4, 0x1FF2, 0x1EB8, 0x1C75,
  0x1672, 0x0EFA, 0x0A3A, 0x06A0,  0x0338, 0x026B, 0x01A5, 0x0294,
  0x0284, 0x035E, 0x06BE, 0x093B,  0x082F, 0x09C3, 0x0B3D, 0x0896,
  0x06D9, 0x0473, 0x0211, 0x00C9,  0xFE11, 0xFA3B, 0xF5D8, 0xEFC4,
  0xEB8A, 0xEA4F, 0xE8FF, 0xE56C,  0xE2FB, 0xDF2D, 0xDE19, 0xDCA4,
  0xD86E, 0xD53A, 0xD3E2, 0xD20F,  0xD2C9, 0xD42C, 0xD449, 0xD9C4,
  0xDF82, 0xEAF8, 0xF8E8, 0x063E,  0x0CD5, 0x143A, 0x1C49, 0x220E,
  0x2206, 0x21D8, 0x20B5, 0x1D90,  0x1BE9, 0x1520, 0x1125, 0x0753,
  0xFFF5, 0xFCAE, 0xF823, 0xF61E,  0xFAAE, 0xFEC0, 0x04E8, 0x0B12,
  0x0F18, 0x13CD, 0x1601, 0x1871,  0x1BD7, 0x1F71, 0x1FD3, 0x1FC4,
  0x1BBD, 0x17A4, 0x1138, 0x0ACB,  0x02D2, 0xFF6A, 0xFF42, 0xFEE2,
  0x01C2, 0x02B2, 0x0518, 0x0674,  0x088A, 0x0659, 0x0694, 0x06E4,
  0x0754, 0x0AE1, 0x08C5, 0x07BF,  0x041C, 0x0173, 0xFC73, 0xF558,
  0xEDC9, 0xE8FD, 0xEA3F, 0xEC89,  0xEC9F, 0xE87E, 0xE28F, 0xDBB3,
  0xDA26, 0xD734, 0xD654, 0xD2BE,  0xD2CB, 0xD313, 0xD761, 0xD808,
  0xD91F, 0xDD6D, 0xE42F, 0xF5F9,  0x0287, 0x0E79, 0x0FF1, 0x1A12,
  0x1CE1, 0x2029, 0x2344, 0x1C33,  0x1B46, 0x186B, 0x18FF, 0x1567,
  0x0A68, 0x0133, 0xFC4B, 0xFA37,  0xFA16, 0xFB36, 0xFDF4, 0x0144,
  0x09BE, 0x0ED4, 0x11D2, 0x11EF,  0x1552, 0x1A6A, 0x1F8D, 0x20C4,
  0x1E3A, 0x1A82, 0x159A, 0x12D2,  0x0DC1, 0x07B8, 0x033C, 0x01B6,
  0x01DF, 0x045D, 0x0116, 0x00DD,  0xFF47, 0x02B6, 0x08AC, 0x09C0,
  0x0845, 0x06BE, 0x0BBC, 0x0A12,  0x08D5, 0x0100, 0xFC99, 0xFBFC,
  0xFCE4, 0xFC11, 0xF634, 0xF13B,  0xEC0C, 0xEFDB, 0xE889, 0xE34E,
  0xDBA2, 0xD9BF, 0xDE78, 0xE097,  0xDCB2, 0xD794, 0xD269, 0xD0A7,
  0xD324, 0xD035, 0xD56E, 0xD640,  0xE7F2, 0xF4A8, 0x0952, 0x12EF,
  0x13ED, 0x1808, 0x1A5B, 0x21CE,  0x1C56, 0x1E40, 0x17B2, 0x1955,
  0x17F9, 0x122C, 0x0A6D, 0xFE3E,  0xF989, 0xF8EA, 0xF8EE, 0xF9F8,
  0xFED9, 0x03B4, 0x0BC0, 0x11A2,  0x146D, 0x15DA, 0x17EA, 0x1B4F,
  0x1F9F, 0x2152, 0x1F06, 0x1C47,  0x171E, 0x12CF, 0x0C9E, 0x056E,
  0xFFD1, 0xFD08, 0xFE5D, 0x008C,  0x022F, 0x0261, 0x04A7, 0x090E,
  0x0C55, 0x0B43, 0x09F3, 0x07A4,  0x06A6, 0x06B3, 0x0417, 0x011B,
  0xFDA3, 0xFB01, 0xF9FC, 0xF724,  0xF37A, 0xF092, 0xF062, 0xEE04,
  0xEFF3, 0xEC42, 0xE605, 0xDF5C,  0xDAEC, 0xD9CF, 0xD72B, 0xD31D,
  0xCFE6, 0xD50F, 0xD1C3, 0xD57F,  0xD4B1, 0xDDDA, 0xE481, 0xEE76,
  0xFBE1, 0x0D38, 0x15C0, 0x1319,  0x1EB4, 0x1DBB, 0x2229, 0x1A27,
  0x1A8E, 0x1761, 0x13DE, 0x13AE,  0x0B9A, 0x0694, 0xFBC5, 0xF815,
  0xF9B5, 0xFA3E, 0xF9A0, 0x00DE,  0x07BF, 0x0F5A, 0x14EF, 0x18D4,
  0x1B31, 0x1D65, 0x1FE5, 0x21DA,  0x21D4, 0x1BAC, 0x1678, 0x124F,
  0x0C67, 0x053F, 0x0134, 0xFFAF,  0x0002, 0x01EA, 0x0289, 0x045A,
  0x0480, 0x0428, 0x093B, 0x0AD4,  0x0A75, 0x0AE5, 0x0AEC, 0x0A36,
  0x0685, 0x0292, 0xFCB1, 0xF945,  0xF910, 0xF953, 0xFA43, 0xF74F,
  0xF439, 0xF25A, 0xEE95, 0xE95A,  0xE666, 0xE286, 0xDF86, 0xDEA0,
  0xDC6E, 0xDB16, 0xD657, 0xD376,  0xD165, 0xD094, 0xD194, 0xD7B8,
  0xDC2D, 0xE620, 0xEE0C, 0xFD8F,  0x0F7B, 0x1193, 0x16DA, 0x15B5,
  0x2081, 0x1E9D, 0x1B1E, 0x19FE,  0x14BC, 0x1671, 0x1059, 0x0CB8,
  0x00AF, 0xFA50, 0xF814, 0xF82D,  0xFB17, 0xFA9F, 0x0292, 0x0C0E,
  0x14AD, 0x18E5, 0x1974, 0x1C6C,  0x1D65, 0x1F60, 0x210E, 0x1F7D,
  0x1A46, 0x1544, 0x12E3, 0x0E25,  0x0638, 0x0049, 0xFD26, 0xFCF8,
  0x0137, 0x0290, 0x03AD, 0x03EC,  0x072D, 0x0BF1, 0x0D15, 0x0A87,
  0x0878, 0x0947, 0x080D, 0x0556,  0xFDEA, 0xFC1B, 0xFA86, 0xFAC8,
  0xFADE, 0xF6AF, 0xF4CB, 0xF366,  0xF32A, 0xF183, 0xED70, 0xE8B2,
  0xE762, 0xE41E, 0xE119, 0xDD35,  0xDA23, 0xD67E, 0xD469, 0xD33E,
  0xD509, 0xD465, 0xD758, 0xDB4F,  0xE1EC, 0xEC89, 0xF439, 0x0419,
  0x0F57, 0x1739, 0x18D1, 0x1BA0,  0x1C5D, 0x1ACD, 0x18E4, 0x16E9,
  0x13FE, 0x1040, 0x0D24, 0x07F7,  0x0126, 0xFA2A, 0xF717, 0xF6CC,
  0xFC66, 0x0129, 0x0A0D, 0x104E,  0x167B, 0x1B35, 0x1C88, 0x1DDB,
  0x1C96, 0x1D6C, 0x1E86, 0x1DED,  0x1A0D, 0x14CC, 0x1047, 0x0925,
  0x0319, 0xFF49, 0xFC29, 0xFE29,  0x0008, 0x0592, 0x0996, 0x0A6A,
  0x0BDB, 0x0ACF, 0x0A06, 0x07D6,  0x0768, 0x067E, 0x05CE, 0x03DF,
  0x00C0, 0xFE41, 0xF9AE, 0xF753,  0xF6CF, 0xF447, 0xF2C3, 0xF26C,
  0xF1B4, 0xF088, 0xED5A, 0xE8A3,  0xE60B, 0xE09E, 0xDCD7, 0xDAEE,
  0xD82D, 0xD728, 0xD51E, 0xD6D2,  0xD4FD, 0xD55B, 0xD8F8, 0xDF9B,
  0xE567, 0xEE73, 0xF83A, 0x0BE8,  0x157C, 0x1207, 0x1877, 0x175A,
  0x1CD9, 0x183A, 0x1549, 0x13F2,  0x1272, 0x113B, 0x0B8D, 0x0611,
  0xFA7A, 0xF89A, 0xF875, 0xFB41,  0xFF87, 0x058D, 0x0E56, 0x15A0,
  0x1986, 0x1AD3, 0x1BA9, 0x1C0E,  0x1C95, 0x1DA2, 0x1EE2, 0x1AF0,
  0x16F3, 0x1221, 0x0B9D, 0x0643,  0x00B8, 0xFF74, 0x0026, 0x016C,
  0x05E6, 0x0935, 0x09C7, 0x0A84,  0x0C08, 0x0B25, 0x0A42, 0x0788,
  0x0794, 0x0755, 0x02F4, 0xFECD,  0xF9CC, 0xF8D8, 0xF99D, 0xF9CB,
  0xF997, 0xF710, 0xF528, 0xF459,  0xF1B2, 0xEDE2, 0xE9BD, 0xE767,
  0xE4B6, 0xE1BB, 0xDC4B, 0xDA23,  0xD88D, 0xD7ED, 0xD554, 0xD5C2,
  0xD7D9, 0xD95A, 0xDC3E, 0xE1F5,  0xE9B9, 0xF122, 0xFB37, 0x0624,
  0x15B7, 0x12A6, 0x1596, 0x18BC,  0x1A35, 0x18FD, 0x13D0, 0x13DE,
  0x10D8, 0x0F51, 0x08C1, 0x05B4,  0xFD50, 0xF9B4, 0xFA69, 0xFE61,
  0x01EC, 0x05B8, 0x0D1B, 0x14C7,  0x194B, 0x1AD2, 0x1B8A, 0x1CCA,
  0x1E3F, 0x1D65, 0x1E4A, 0x1A12,  0x158F, 0x10C3, 0x0C8C, 0x068A,
  0x00B4, 0xFD1F, 0xFCC1, 0x0100,  0x0347, 0x07D4, 0x09FE, 0x0907,
  0x0B4F, 0x0C31, 0x0C75, 0x085C,  0x057A, 0x0581, 0x0596, 0x0218,
  0xFC7A, 0xF9E8, 0xF710, 0xF7B8,  0xF89A, 0xF72F, 0xF4D5, 0xF383,
  0xF285, 0xF02F, 0xEB78, 0xE59B,  0xE3BE, 0xE120, 0xDE52, 0xDC18,
  0xD9B8, 0xD8ED, 0xD72A, 0xD8BA,  0xD816, 0xDAAE, 0xDBB7, 0xE1ED,
  0xE6B6, 0xECEB, 0xF49D, 0x029C,  0x11B4, 0x1085, 0x1543, 0x1560,
  0x1CC5, 0x1AD1, 0x16AD, 0x1313,  0x0FB1, 0x100F, 0x0C1F, 0x0945,
  0xFEB6, 0xFB57, 0xFA82, 0xFD46,  0xFFE2, 0x0183, 0x0983, 0x12D2,
  0x18DF, 0x1C0E, 0x1BA1, 0x1CB4,  0x1D67, 0x1D3C, 0x1CA2, 0x190A,
  0x1475, 0x1056, 0x0DD1, 0x086B,  0x0297, 0xFF47, 0x009E, 0x0360,
  0x07B0, 0x0A04, 0x0884, 0x098D,  0x09F8, 0x0C54, 0x0BDE, 0x06E7,
  0x04FB, 0x05B9, 0x0687, 0x03C9,  0xFE5B, 0xF88F, 0xF725, 0xF7B7,
  0xF861, 0xF84A, 0xF5FA, 0xF5B1,  0xF609, 0xF3FA, 0xEF2E, 0xE795,
  0xE56B, 0xE372, 0xDFFE, 0xDC3C,  0xD8C1, 0xD849, 0xD967, 0xD9A1,
  0xDA06, 0xDA98, 0xD895, 0xDDD0,  0xE1C0, 0xEC84, 0xF0FB, 0xF7BC,
  0x0724, 0x116A, 0x14CF, 0x1177,  0x160F, 0x1648, 0x168B, 0x1445,
  0x13C6, 0x0FA0, 0x0DC2, 0x0DA5,  0x07D5, 0x02A8, 0xF98A, 0xF92B,
  0xFD88, 0x0206, 0x05EC, 0x0B7D,  0x1400, 0x193E, 0x1C19, 0x1DBA,
  0x1BD0, 0x1B36, 0x1A3C, 0x1B00,  0x1A31, 0x137E, 0x0E85, 0x0BC6,
  0x0701, 0x026A, 0xFF3D, 0xFE9D,  0x0199, 0x049F, 0x0941, 0x0A69,
  0x0BA4, 0x0B5F, 0x0D84, 0x0DCA,  0x0A44, 0x0687, 0x05B1, 0x0466,
  0x013D, 0x00CE, 0xFBE8, 0xFC45,  0xF950, 0xFB02, 0xF8DE, 0xF48A,
  0xF44A, 0xF199, 0xF1FB, 0xEEAC,  0xEA96, 0xE7B6, 0xE38D, 0xDF1D,
  0xDCD9, 0xDA36, 0xDC0C, 0xDD9E,  0xDEF4, 0xDFB3, 0xDFD2, 0xDE72,
  0xDF11, 0xDD80, 0xDEC2, 0xE28E,  0xECF1, 0xFA18, 0x0889, 0x1633,
  0x1659, 0x17EA, 0x1999, 0x1823,  0x1566, 0x13C2, 0x0EA2, 0x119D,
  0x1012, 0x0E2D, 0x09E0, 0xFFF8,  0xFB42, 0xFA51, 0xFB72, 0xFE7A,
  0x0664, 0x0BF8, 0x15D6, 0x1B29,  0x1D4D, 0x1CA7, 0x1AD8, 0x194F,
  0x1956, 0x1833, 0x14E4, 0x1349,  0x0F37, 0x0D22, 0x099D, 0x03AF,
  0xFFD4, 0xFFC3, 0x0231, 0x05FB,  0x05E1, 0x0854, 0x0AB1, 0x0CAF,
  0x0E2B, 0x0B69, 0x0A95, 0x0602,  0x0549, 0x0282, 0x002C, 0xFD15,
  0xF8C3, 0xF974, 0xF807, 0xF845,  0xF8FD, 0xF785, 0xF86B, 0xF72A,
  0xF40D, 0xEF7D, 0xE97C, 0xE38C,  0xE122, 0xDF56, 0xDC55, 0xDB69,
  0xDA1F, 0xDCB8, 0xDC33, 0xDD31,  0xDB37, 0xDCAC, 0xDDFA, 0xE39E,
  0xE66C, 0xEC2E, 0xF2C7, 0x0047,  0x102A, 0x12D8, 0x15BE, 0x0FAF,
  0x1967, 0x1616, 0x15D7, 0x1209,  0x0E09, 0x116F, 0x0E05, 0x0EDB,
  0x048E, 0xFEB2, 0xF983, 0xFC69,  0x003C, 0x0145, 0x0634, 0x0E8B,
  0x1639, 0x1AAE, 0x1BF8, 0x19B4,  0x1A2C, 0x195A, 0x1A29, 0x19DD,
  0x1586, 0x1105, 0x0E56, 0x0BA4,  0x0693, 0x0323, 0x0037, 0x017A,
  0x03AC, 0x06EC, 0x086B, 0x0875,  0x0AFB, 0x0C36, 0x0E98, 0x0C88,
  0x08E9, 0x065C, 0x03C2, 0x0160,  0xFE6A, 0xFAA3, 0xF92E, 0xF814,
  0xFA47, 0xFBBB, 0xFA7A, 0xF97B,  0xF84D, 0xF6AB, 0xF5E2, 0xF109,
  0xEBD1, 0xE939, 0xE4A1, 0xE03A,  0xDBFC, 0xD8A1, 0xD8DA, 0xDA53,
  0xDA00, 0xDD61, 0xDD6E, 0xDF72,  0xDF8A, 0xE4D3, 0xE772, 0xEB9C,
  0xEEF3, 0xF7C8, 0x05C9, 0x0CB6,  0x0F04, 0x0E02, 0x1727, 0x1432,
  0x18F4, 0x142C, 0x1202, 0x137D,  0x105E, 0x104B, 0x084F, 0x0275,
  0xFA99, 0xFE9A, 0xFE31, 0xFF42,  0x038B, 0x097A, 0x1167, 0x16A1,
  0x18B1, 0x18B0, 0x1A3D, 0x19C9,  0x1C87, 0x1BB8, 0x1798, 0x145C,
  0x1284, 0x0E83, 0x076C, 0x02E3,  0x01B1, 0x02FE, 0x044D, 0x058F,
  0x08F4, 0x0A79, 0x0B58, 0x0C4D,  0x0CAA, 0x091F, 0x087F, 0x0827,
  0x06E3, 0x0402, 0xFE6A, 0xFD93,  0xFB86, 0xF9C8, 0xF8A3, 0xF85F,
  0xF978, 0xFC53, 0xFD6F, 0xFE48,  0xF8B6, 0xF52B, 0xEF96, 0xEA22,
  0xE473, 0xDE42, 0xDBCC, 0xDB70,  0xDCD9, 0xDC72, 0xDDDB, 0xDB7C,
  0xDE46, 0xDF45, 0xE2D8, 0xE196,  0xE21C, 0xE191, 0xE642, 0xECD5,
  0xF4A3, 0x00CB, 0x07EB, 0x0D99,  0x113D, 0x16EE, 0x15D5, 0x179F,
  0x130B, 0x12CC, 0x14B3, 0x1492,  0x14AD, 0x0F5E, 0x084F, 0x049F,
  0xFF35, 0xFD1C, 0xFC59, 0xFED8,  0x0592, 0x0D52, 0x14C9, 0x161B,
  0x196B, 0x16BC, 0x1778, 0x15C9,  0x1696, 0x153A, 0x151D, 0x13C5,
  0x1262, 0x0E05, 0x097A, 0x07F6,  0x040A, 0x0524, 0x0678, 0x0827,
  0x082A, 0x0C6A, 0x0B8C, 0x0DA2,  0x075C, 0x06EB, 0x056A, 0x0365,
  0xFFA3, 0xFD54, 0x00B1, 0xFC5C,  0xFFB0, 0xFBE2, 0xFBDD, 0xFBA2,
  0xFC38, 0xFCCA, 0xFC41, 0xF98D,  0xF633, 0xF377, 0xEBBE, 0xE65E,
  0xDFEA, 0xDA40, 0xD76A, 0xD861,  0xD99B, 0xDE51, 0xDF56, 0xDF9F,
  0xE166, 0xDFE8, 0xE1C6, 0xDDF3,  0xE0E5, 0xE3E0, 0xEC56, 0xF6F2,
  0x02B6, 0x0BD3, 0x0C4E, 0x0FA5,  0x0FA2, 0x12D6, 0x10A7, 0x1388,
  0x1260, 0x1384, 0x1755, 0x1480,  0x10B4, 0x0788, 0x0005, 0xFF5B,
  0xFD67, 0xFE95, 0x0309, 0x07FB,  0x0E6F, 0x12B7, 0x157F, 0x1328,
  0x140D, 0x1370, 0x1601, 0x1856,  0x17CC, 0x15FC, 0x145D, 0x112D,
  0x0D00, 0x08AF, 0x05CC, 0x0554,  0x0677, 0x0980, 0x0BF8, 0x0B6D,
  0x0A87, 0x0C7F, 0x0B91, 0x0B9E,  0x06D9, 0x0608, 0x051B, 0x0376,
  0x01E9, 0xFE13, 0xFCAA, 0xFC26,  0xFE01, 0xFE51, 0xFD30, 0xFC9C,
  0xFCB8, 0xFE9E, 0xFDE0, 0xF9C1,  0xF4BF, 0xF1E0, 0xEC38, 0xE713,
  0xE287, 0xDB4C, 0xD8AC, 0xD9D3,  0xDCAC, 0xDE8E, 0xE082, 0xDF33,
  0xE346, 0xE3AF, 0xE432, 0xDF67,  0xDEB0, 0xDC6D, 0xE3EC, 0xED9E,
  0xF659, 0x07E9, 0x0C72, 0x12E3,  0x14D8, 0x1678, 0x12C1, 0x15C2,
  0x0F79, 0x12A9, 0x18EB, 0x16E5,  0x18ED, 0x1087, 0x06D3, 0x016A,
  0xFADA, 0xF886, 0xFB67, 0xFE9B,  0x08C6, 0x1040, 0x1653, 0x1493,
  0x1595, 0x11B8, 0x119F, 0x137E,  0x1521, 0x1738, 0x17EE, 0x167E,
  0x12F6, 0x0D95, 0x082D, 0x058D,  0x02A6, 0x05AB, 0x0897, 0x0B74,
  0x0ABC, 0x0C8B, 0x0961, 0x0AEF,  0x054C, 0x05C6, 0x05E0, 0x0582,
  0x03DD, 0x0139, 0x022F, 0xFC1D,  0xFD96, 0xF920, 0xFAFD, 0xFB41,
  0xFCDE, 0xFE81, 0xFF9E, 0xFC45,  0xF967, 0xF496, 0xEE44, 0xE970,
  0xE400, 0xDFF1, 0xDCDF, 0xDC77,  0xDC11, 0xDF22, 0xDDFE, 0xDF36,
  0xDDFD, 0xE00B, 0xE27D, 0xE130,  0xE0C3, 0xE27E, 0xE57A, 0xEC53,
  0xF280, 0xFD7F, 0x0610, 0x0AFE,  0x0D09, 0x1123, 0x1536, 0x14DB,
  0x187B, 0x1592, 0x1978, 0x173C,  0x16C4, 0x125C, 0x0A78, 0x048C,
  0xFD66, 0xFEF4, 0xFCBA, 0xFE86,  0x0418, 0x08C6, 0x0DBA, 0x106E,
  0x1122, 0x126D, 0x123C, 0x1589,  0x1990, 0x1AFD, 0x19C0, 0x1727,
  0x1519, 0x109B, 0x0AB7, 0x04AF,  0x027F, 0x0218, 0x03E8, 0x05AB,
  0x05BF, 0x0676, 0x06AB, 0x0836,  0x0987, 0x07DC, 0x07C9, 0x0AAB,
  0x0B98, 0x0900, 0x0493, 0x01EE,  0xFF85, 0xFDD0, 0xFD7B, 0xFB23,
  0xFA12, 0xFA8C, 0xFAEA, 0xFA59,  0xF9B9, 0xF49E, 0xF47C, 0xF2BC,
  0xEF6A, 0xEE49, 0xE8A9, 0xE4D2,  0xE2DF, 0xE120, 0xDED3, 0xDD80,
  0xDC1D, 0xDEA2, 0xDD03, 0xDE56,  0xDDF9, 0xDF6D, 0xE1A9, 0xE5E4,
  0xE8D1, 0xEB61, 0xEF78, 0xF857,  0x04ED, 0x0B0C, 0x0E55, 0x0CD5,
  0x1832, 0x187F, 0x1B29, 0x1A43,  0x176D, 0x1880, 0x1418, 0x129F,
  0x0C52, 0x0572, 0xFE45, 0x0007,  0x00AD, 0xFFD6, 0x0059, 0x0563,
  0x09F2, 0x0E76, 0x10D6, 0x12B6,  0x153E, 0x16EB, 0x1A30, 0x1D26,
  0x1AD6, 0x14FE, 0x122F, 0x0F77,  0x0BF1, 0x05CE, 0x0361, 0x0197,
  0x0236, 0x0455, 0x05C6, 0x0447,  0x04CD, 0x061E, 0x0B06, 0x0C6C,
  0x09E0, 0x091F, 0x07A5, 0x0738,  0x03B6, 0x0269, 0xFF3B, 0xFC92,
  0xFD3D, 0xFF30, 0xFEB9, 0xFD98,  0xF8C9, 0xFA13, 0xF8E1, 0xF5B0,
  0xF44B, 0xF1D6, 0xF10D, 0xF04D,  0xEE6B, 0xE937, 0xE47D, 0xDF7A,
  0xDEC4, 0xDE5D, 0xE047, 0xE073,  0xE2A4, 0xE32E, 0xE2AD, 0xE0D1,
  0xDFFC, 0xDD92, 0xDF7A, 0xE275,  0xE92A, 0xF236, 0xF9B4, 0x0677,
  0x0BBF, 0x0EF0, 0x11FC, 0x14F9,  0x166E, 0x1ABF, 0x1A22, 0x1E30,
  0x1BB1, 0x189B, 0x1515, 0x0D7F,  0x06AE, 0x00B2, 0xFEA2, 0xFCF7,
  0x00D9, 0x01D3, 0x079F, 0x09D1,  0x0D00, 0x0EAA, 0x11C9, 0x12DD,
  0x1546, 0x17FB, 0x1938, 0x1A07,  0x158D, 0x12B5, 0x0DD0, 0x0A25,
  0x059B, 0x054B, 0x02E2, 0x0434,  0x03A4, 0x05CB, 0x0659, 0x0576,
  0x04FC, 0x05CD, 0x0A81, 0x0971,  0x0B70, 0x08F6, 0x0761, 0x0705,
  0x0513, 0x0318, 0xFF28, 0xFD47,  0xFE08, 0xFD93, 0xFD9A, 0xFB18,
  0xF966, 0xF82C, 0xF61A, 0xF359,  0xF1F3, 0xEE6E, 0xECAC, 0xEB91,
  0xE7E3, 0xE6D0, 0xE3E8, 0xE133,  0xE028, 0xDF6A, 0xDE70, 0xDF06,
  0xDD36, 0xDE55, 0xDFC6, 0xE0FD,  0xDFD4, 0xE28E, 0xE3D9, 0xE9D5,
  0xEE80, 0xF6E6, 0x0325, 0x0A00,  0x0E08, 0x116C, 0x1960, 0x18B3,
  0x1D69, 0x1AAA, 0x1B8F, 0x1B5C,  0x1811, 0x14FA, 0x1014, 0x0906,
  0x0206, 0x0336, 0x0008, 0x00BD,  0x0322, 0x0630, 0x0A49, 0x0D0C,
  0x0D07, 0x1065, 0x10D0, 0x1319,  0x16D7, 0x197E, 0x189F, 0x1632,
  0x13B1, 0x0F40, 0x0ABE, 0x053C,  0x037C, 0x020F, 0x0377, 0x0583,
  0x0913, 0x0797, 0x06F1, 0x0692,  0x070B, 0x07F1, 0x0771, 0x07DE,
  0x07ED, 0x0845, 0x0720, 0x07D4,  0x03B0, 0xFF7B, 0xFE67, 0xFE49,
  0xFE81, 0xFD7A, 0xFB6F, 0xFA44,  0xF9B7, 0xF7ED, 0xF59B, 0xF262,
  0xEE27, 0xEBCC, 0xEB51, 0xE8A7,  0xE659, 0xE49C, 0xE49E, 0xE3EE,
  0xE272, 0xE299, 0xE14A, 0xE353,  0xE1F6, 0xE293, 0xE096, 0xE074,
  0xDF6E, 0xDEA0, 0xE283, 0xE68A,  0xEE22, 0xF5C7, 0x01D4, 0x09F1,
  0x12AE, 0x110D, 0x152A, 0x17DC,  0x18C3, 0x1B94, 0x1A57, 0x1C15,
  0x189A, 0x166E, 0x109B, 0x0BDA,  0x0392, 0x000F, 0x0053, 0x02F5,
  0x05EF, 0x0850, 0x0C97, 0x0E29,  0x0EE1, 0x0F04, 0x0F5B, 0x0F8D,
  0x1142, 0x13CB, 0x15EA, 0x14D9,  0x11C4, 0x0DF5, 0x0B33, 0x0756,
  0x04E8, 0x042D, 0x045B, 0x0615,  0x095B, 0x0BEA, 0x0A2B, 0x0898,
  0x06FB, 0x07FC, 0x0956, 0x09C6,  0x0941, 0x0849, 0x0652, 0x041E,
  0x0407, 0x0063, 0xFCE3, 0xFBA5,  0xFCA7, 0xFE0D, 0xFDF6, 0xFBE6,
  0xF90E, 0xF73B, 0xF483, 0xF1AF,  0xF044, 0xED61, 0xECBB, 0xED36,
  0xEB49, 0xE888, 0xE668, 0xE524,  0xE544, 0xE52C, 0xE3B8, 0xE412,
  0xE4F3, 0xE5A0, 0xE313, 0xE328,  0xE156, 0xE071, 0xE045, 0xE399,
  0xE752, 0xED4E, 0xF4EE, 0xFE69,  0x092C, 0x0B01, 0x0E31, 0x0FCC,
  0x1602, 0x16C4, 0x1734, 0x1883,  0x185B, 0x1917, 0x16E7, 0x1540,
  0x0EE8, 0x08ED, 0x0492, 0x05F2,  0x06DE, 0x0666, 0x08C6, 0x0B32,
  0x0CE2, 0x0D5E, 0x0D2A, 0x0C3E,  0x0BEE, 0x0CFF, 0x0FCA, 0x1206,
  0x117A, 0x0ED0, 0x0DC9, 0x0D29,  0x0A32, 0x07C0, 0x06ED, 0x06F5,
  0x07DA, 0x0AA0, 0x0BA0, 0x0AA3,  0x08C3, 0x07F2, 0x08F9, 0x0862,
  0x062E, 0x0554, 0x0638, 0x0653,  0x051F, 0x035C, 0x0085, 0xFDD7,
  0xFD42, 0xFD79, 0xFD45, 0xFC1D,  0xFA9A, 0xFA66, 0xFA51, 0xF898,
  0xF5C7, 0xF41C, 0xF289, 0xF165,  0xF257, 0xF10A, 0xEF58, 0xECDA,
  0xEB54, 0xEA72, 0xE98B, 0xE903,  0xE8F2, 0xE9F2, 0xEA4D, 0xEAF4,
  0xEC24, 0xEBE0, 0xE92D, 0xE8A9,  0xE88C, 0xE94C, 0xE8CE, 0xEAC3,
  0xECC7, 0xF10B, 0xF4BE, 0xFA7B,  0x0343, 0x0745, 0x09DB, 0x0A5E,
  0x0F6C, 0x107B, 0x1043, 0x0FCC,  0x1026, 0x1137, 0x1036, 0x1084,
  0x0F92, 0x0CEF, 0x0946, 0x08AF,  0x09E2, 0x0A76, 0x0AF0, 0x0C49,
  0x0DC5, 0x0EB6, 0x0DCC, 0x0D49,  0x0BDD, 0x0AF0, 0x09F5, 0x0AD7,
  0x0B1E, 0x09FF, 0x0997, 0x09E3,  0x09BE, 0x07D6, 0x06AE, 0x062F,
  0x07C4, 0x07E8, 0x090B, 0x0923,  0x08B3, 0x0814, 0x07D7, 0x078E,
  0x0547, 0x0334, 0x02A8, 0x0427,  0x02EB, 0x01E7, 0xFFD4, 0xFF49,
  0xFF08, 0xFEA3, 0xFE49, 0xFCB1,  0xFC03, 0xFB88, 0xFCF6, 0xFCDA,
  0xFB77, 0xF925, 0xF767, 0xF6E0,  0xF73B, 0xF66D, 0xF5CB, 0xF3F9,
  0xF36D, 0xF3E2, 0xF3B0, 0xF26C,  0xF016, 0xEF72, 0xEF75, 0xF094,
  0xF0A6, 0xF0DD, 0xF0F0, 0xF1D2,  0xF207, 0xF27F, 0xF115, 0xF107,
  0xF197, 0xF1CE, 0xF366, 0xF472,  0xF58E, 0xF78E, 0xFA6C, 0xFD29,
  0x0027, 0xFFB1, 0xFFFD, 0x0145,  0x042C, 0x05EE, 0x05B0, 0x0619,
  0x075A, 0x0910, 0x0A2B, 0x0B09,  0x0A83, 0x0995, 0x0947, 0x0AD7,
  0x0CAD, 0x0CE6, 0x0C71, 0x0CAF,  0x0D77, 0x0DE9, 0x0D3D, 0x0BBD,
  0x09B0, 0x08AB, 0x089F, 0x0916,  0x089C, 0x0728, 0x0676, 0x066A,
  0x063D, 0x050F, 0x03C5, 0x0329,  0x0340, 0x03D1, 0x0479, 0x04E5,
  0x04A8, 0x051A, 0x0578, 0x04F9,  0x0422, 0x0342, 0x0321, 0x0351,
  0x0315, 0x02A6, 0x019A, 0x00FF,  0x00B9, 0x001B, 0xFF32, 0xFDE8,
  0xFDF5, 0xFE34, 0xFE26, 0xFD7B,  0xFD64, 0xFD4D, 0xFD49, 0xFCED,
  0xFBC4, 0xFA8D, 0xF9FE, 0xFA19,  0xF944, 0xFA49, 0xF8F5, 0xF912,
  0xF97F, 0xF7FD, 0xFA24, 0xF92C,  0xF992, 0xF91B, 0xF849, 0xF7D0,
  0xF5BD, 0xF8E1, 0xF893, 0xFA0E,  0xF9CD, 0xF632, 0xF7A2, 0xF68D,
  0xF5A9, 0xF6D2, 0xF732, 0xF678,  0xF6B8, 0xF6DB, 0xF849, 0xFACD,
  0xFAE4, 0xFB7C, 0xFC96, 0xFD82,  0xFF12, 0x0083, 0x007E, 0x00A3,
  0x0114, 0x0248, 0x0415, 0x047E,  0x048F, 0x04F6, 0x063C, 0x06FA,
  0x0780, 0x07FF, 0x0861, 0x0866,  0x0866, 0x0928, 0x09B1, 0x08E5,
  0x07CD, 0x073B, 0x0769, 0x072B,  0x0658, 0x0635, 0x05AA, 0x05C9,
  0x057B, 0x0557, 0x04C8, 0x0402,  0x03A4, 0x0372, 0x03AF, 0x03B3,
  0x03AE, 0x037F, 0x0365, 0x0350,  0x030B, 0x0240, 0x0229, 0x0218,
  0x01AB, 0x01A6, 0x015A, 0x013B,  0x0103, 0x0049, 0x0016, 0xFFFE,
  0x0020, 0x007F, 0x00D9, 0x0088,  0x008E, 0x002C, 0x0048, 0x0029,
  0xFF8F, 0xFF5A, 0xFF2D, 0xFF66,  0xFE39, 0xFE12, 0xFDB4, 0xFD0A,
  0xFC50, 0xFC0A, 0xFCB4, 0xFCCF,  0xFCA8, 0xFCD4, 0xFC8A, 0xFBEA,
  0xFB6C, 0xFAE2, 0xFAD1, 0xFADC,  0xFB4B, 0xFB0F, 0xFAB9, 0xFAC8,
  0xFB26, 0xFA91, 0xFA7A, 0xFA75,  0xFA0E, 0xFAC1, 0xFAA1, 0xFA8A,
  0xFAD3, 0xFAD7, 0xFAB9, 0xFAC3,  0xFAE3, 0xFBA2, 0xFC35, 0xFC6B,
  0xFCFD, 0xFCD7, 0xFD1F, 0xFD58,  0xFE55, 0xFEE8, 0xFF2D, 0xFFED,
  0x002B, 0x00A5, 0x0138, 0x0235,  0x0285, 0x02DF, 0x031A, 0x0366,
  0x0402, 0x044B, 0x047E, 0x0506,  0x04E4, 0x0498, 0x04BC, 0x04EF,
  0x0501, 0x04FE, 0x04A0, 0x04AA,  0x04DB, 0x0475, 0x0494, 0x04A7,
  0x04BF, 0x0478, 0x0422, 0x0405,  0x03AC, 0x0371, 0x0375, 0x03A8,
  0x03BA, 0x0373, 0x033E, 0x0301,  0x02A6, 0x0293, 0x024F, 0x023B,
  0x01BC, 0x01D0, 0x01B4, 0x01CC,  0x01BA, 0x01B3, 0x0183, 0x00EA,
  0x00F0, 0x008B, 0x0130, 0x00CF,  0x004A, 0x0042, 0xFF6D, 0xFF54,
  0xFF10, 0xFE87, 0xFEF9, 0xFED2,  0xFE83, 0xFE58, 0xFE72, 0xFE63,
  0xFDEA, 0xFD39, 0xFE4B, 0xFD6A,  0xFCE7, 0xFCB7, 0xFBE9, 0xFCFC,
  0xFB82, 0xFCCA, 0xFCC8, 0xFCCE,  0xFC31, 0xFAFF, 0xFBE4, 0xFC66,
  0xFB98, 0xFBFD, 0xFD5B, 0xFC7D,  0xFC6E, 0xFB5D, 0xFBBC, 0xFCFA,
  0xFCD6, 0xFC72, 0xFCA8, 0xFCB5,  0xFD2C, 0xFDA3, 0xFCEE, 0xFCB3,
  0xFD70, 0xFE04, 0xFDE3, 0xFE35,  0xFEAD, 0xFE90, 0xFF02, 0xFF62,
  0xFFE5, 0x0025, 0x004F, 0x0113,  0x0140, 0x0177, 0x0192, 0x0237,
  0x0256, 0x01E2, 0x0283, 0x02B1,  0x0338, 0x0386, 0x0371, 0x03F3,
  0x03B7, 0x0353, 0x0354, 0x03BE,  0x0386, 0x0362, 0x03A8, 0x03E9,
  0x0417, 0x040D, 0x0494, 0x03F5,  0x03DE, 0x0378, 0x0366, 0x039B,
  0x0254, 0x02AA, 0x024D, 0x0205,  0x0284, 0x01C8, 0x016D, 0x01C4,
  0x00A6, 0x00EF, 0x00A1, 0x00E4,  0x00E3, 0xFF64, 0x0124, 0x000F,
  0xFF72, 0xFFEF, 0x0053, 0xFFC4,  0xFF4C, 0xFFE5, 0xFEDD, 0xFF6B,
  0xFF0B, 0xFDF8, 0xFE0A, 0xFDBD,  0xFE9E, 0xFEC9, 0xFE03, 0xFDA5,
  0xFDA5, 0xFDAC, 0xFDE5, 0xFEE2,  0xFDD0, 0xFDDB, 0xFDCD, 0xFDA1,
  0xFE2D, 0xFCD9, 0xFDDF, 0xFDD4,  0xFE4F, 0xFDD9, 0xFD75, 0xFE0C,
  0xFD04, 0xFE33, 0xFEB6, 0xFE63,  0xFE63, 0xFD48, 0xFDF8, 0xFF52,
  0xFDE5, 0xFED6, 0xFE93, 0xFF68,  0xFF33, 0xFD3B, 0xFEF6, 0xFEBD,
  0xFDEA, 0xFE88, 0x00BB, 0x0052,  0xFF38, 0xFFAE, 0xFF5B, 0x00FD,
  0x0022, 0xFFD2, 0x00AD, 0x0049,  0x0070, 0x0051, 0x00F1, 0x00F9,
  0x01B3, 0x0193, 0x0149, 0x0170,  0x01ED, 0x0207, 0x0217, 0x0192,
  0x01A0, 0x0249, 0x01C3, 0x0162,  0x0111, 0x0273, 0x0305, 0x029E,
  0x03CD, 0x0364, 0x0234, 0x0112,  0x01ED, 0x0219, 0x0191, 0x01E2,
  0x01A8, 0x025B, 0x00AE, 0x01E4,  0x00F6, 0x0071, 0x010F, 0x00E4,
  0x0106, 0x004A, 0x0103, 0x00D9,  0x0018, 0xFFB1, 0x002C, 0x00C8,
  0x00CF, 0xFFF5, 0x0000, 0xFE96,  0xFEEF, 0xFFFE, 0xFFFD, 0xFEA0,
  0xFF20, 0xFF91, 0xFDEA, 0xFFA9,  0xFEB7, 0xFF57, 0xFF94, 0xFF3F,
  0xFFDA, 0xFEAC, 0xFE32, 0xFDC9,  0xFE9F, 0xFF80, 0xFECE, 0xFEB3,
  0xFF9D, 0xFE3E, 0xFDA6, 0xFE63,  0xFE38, 0xFF5A, 0xFF69, 0xFE24,
  0xFDB5, 0xFE5B, 0xFF51, 0xFF6A,  0xFEA3, 0xFF2C, 0x0016, 0xFF0F,
  0xFF27, 0xFF97, 0xFFC5, 0xFE7C,  0xFF30, 0xFF71, 0xFF36, 0xFEDE,
  0xFF76, 0x00A8, 0xFE74, 0x00D8,  0xFF01, 0xFF44, 0x002A, 0xFF1D,
  0x0131, 0xFF8A, 0xFFBC, 0x00CB,  0x001D, 0x0011, 0x000B, 0x00EB,
  0x017B, 0x005B, 0x00D8, 0x008E,  0x00AA, 0x011A, 0x01D6, 0x0087,
  0x0195, 0x0130, 0x014F, 0x0243,  0xFFF0, 0x0262, 0x0103, 0x0140,
  0x01ED, 0x0168, 0x0208, 0x00BE,  0x0122, 0x0230, 0x01E6, 0x0047,
  0x00FC, 0x0183, 0x00B7, 0x0161,  0x0029, 0x0000, 0x00FD, 0xFFD4,
  0x008E, 0x008B, 0x0018, 0xFF34,  0xFFB3, 0x00A3, 0xFFF3, 0x00BE,
  0x005B, 0x00FB, 0xFF57, 0x0010,  0xFF82, 0xFE58, 0x0035, 0xFF13,
  0x0042, 0xFFC5, 0xFEF5, 0xFFEE,  0xFEFC, 0x0004, 0x0076, 0xFE54,
  0xFE74, 0xFE33, 0xFFBE, 0xFFCC,  0xFF3A, 0xFF10, 0xFE4E, 0xFEDB,
  0xFF36, 0xFF3A, 0xFE32, 0xFF13,  0xFF03, 0xFED7, 0xFF23, 0xFECD,
  0xFE92, 0xFDF6, 0xFEB2, 0xFF02,  0xFF02, 0x0040, 0xFF9D, 0xFF03,
  0xFFD9, 0xFF2E, 0xFF7C, 0xFF70,  0xFF4A, 0xFF87, 0xFF3A, 0xFE81,
  0xFEB3, 0xFFC0, 0x00B1, 0x013F,  0xFF7F, 0x0041, 0xFF33, 0xFF01,
  0x001A, 0x0155, 0x0054, 0x0006,  0x00D2, 0xFFFE, 0x00A3, 0x004F,
  0x00A2, 0x0051, 0x0280, 0x0110,  0x02A8, 0x011B, 0x0043, 0x01BF,
  0xFF52, 0x0062, 0x019D, 0x02FE,  0x0162, 0x00F0, 0x00EE, 0x00AA,
  0xFF6C, 0x0023, 0x00DF, 0x01CB,  0x0219, 0x01D9, 0x00C6, 0x00D1,
  0x00F3, 0xFFA0, 0x0110, 0x0048,  0x0092, 0x0174, 0x011D, 0x0181,
  0xFF06, 0xFED0, 0xFF31, 0xFF3E,  0x01E4, 0x00F5, 0x0212, 0x00A5,
  0xFF8B, 0xFF4D, 0xFF90, 0xFFDD,  0xFE20, 0xFF65, 0xFF4D, 0xFF26,
  0x000A, 0xFFB9, 0xFE87, 0xFE81,  0xFEC2, 0xFF7D, 0xFF83, 0x001C,
  0xFF75, 0xFEDE, 0xFEF1, 0xFEE5,  0xFFBA, 0xFE6E, 0xFDDA, 0xFEBC,
  0xFE84, 0xFE35, 0xFF4F, 0xFF1B,  0xFF2F, 0xFE30, 0xFDED, 0x0075,
  0xFF3E, 0x001B, 0xFF7D, 0xFEF2,  0xFF3C, 0xFC8B, 0x0014, 0x00C2,
  0xFF35, 0x0035, 0xFF0D, 0xFEA4,  0x0028, 0xFF69, 0xFEE2, 0x0146,
  0xFF57, 0x019D, 0x016D, 0xFFD1,  0xFFA4, 0xFFD1, 0x0012, 0xFE95,
  0x02DF, 0x0052, 0xFFD7, 0xFFA0,  0x005B, 0x00AA, 0x0111, 0x00B3,
  0x0173, 0x0211, 0x0063, 0x028F,  0xFF24, 0x00FE, 0x018D, 0x0292,
  0x0242, 0x002B, 0x0195, 0x004B,  0x0014, 0x0234, 0x01E1, 0x00B2,
  0xFFDC, 0x0176, 0x0228, 0x0143,  0x0139, 0x0177, 0x02DB, 0x016E,
  0x017F, 0x0053, 0xFFCF, 0xFF1C,  0x0146, 0x0124, 0x0134, 0x0182,
  0xFEE7, 0x008A, 0xFEB6, 0xFFA5,  0xFFB9, 0x001C, 0xFFC6, 0xFE38,
  0x00DF, 0xFFC4, 0xFE99, 0xFED6,  0xFEE8, 0xFF63, 0x007C, 0xFF11,
  0x002B, 0xFFF8, 0xFE7A, 0xFF05,  0xFDF1, 0xFE8C, 0xFEAC, 0xFEB3,
  0xFF29, 0xFF06, 0xFE8C, 0xFFED,  0xFE1F, 0xFEE1, 0xFEC7, 0xFDFF,
  0xFF52, 0xFE11, 0xFEE0, 0xFEC2,  0xFDDE, 0xFEBC, 0xFE53, 0xFD7E,
  0xFE65, 0xFE43, 0xFF4A, 0xFF5A,  0xFEBE, 0xFECA, 0xFF56, 0xFE7B,
  0xFE00, 0xFE2A, 0xFF6A, 0x007F,  0xFF9C, 0x003E, 0xFEF4, 0xFE39,
  0xFE99, 0xFF19, 0x00B2, 0x01B0,  0x016C, 0x01BA, 0x019D, 0x0159,
  0x00A3, 0x0021, 0x024D, 0x0180,  0x009E, 0x0273, 0x0141, 0x0185,
  0x019A, 0x01E3, 0x027E, 0x02E9,  0x02EB, 0x01E6, 0x0161, 0x01AD,
  0x0261, 0x02AD, 0x02F0, 0x0196,  0x027B, 0x010C, 0x00E8, 0x00D9,
  0x01D8, 0x02C1, 0x010A, 0x0116,  0x0230, 0x0236, 0x02D0, 0x01D9,
  0x0051, 0x0209, 0x0037, 0x001B,  0x0098, 0x008D, 0x00BA, 0x0094,
  0x0032, 0x001E, 0xFE79, 0x004C,  0xFFAA, 0xFEEB, 0xFF7D, 0xFE07,
  0xFFCA, 0xFEBD, 0xFF87, 0xFFF9,  0xFF08, 0xFE58, 0xFF3C, 0xFEED,
  0xFE9B, 0xFDE3, 0xFD9D, 0xFF20,  0xFE70, 0xFDE8, 0xFD56, 0xFC0D,
  0xFD64, 0xFD8B, 0xFE7D, 0xFD61,  0xFD58, 0xFC35, 0xFAB2, 0xFE36,
  0xFB77, 0xFB50, 0xFBB8, 0xFC2D,  0xFC13, 0xFD43, 0xFCDF, 0xFC8B,
  0xFB1D, 0xFB85, 0xFCAD, 0xFCE0,  0xFDB8, 0xFCA3, 0xFDD4, 0xFCEC,
  0xFE21, 0xFD62, 0xFE4F, 0xFED9,  0xFF64, 0xFFD8, 0x010C, 0x0190,
  0x0175, 0x021E, 0x0260, 0x038C,  0x0503, 0x0505, 0x03E3, 0x04C7,
  0x043C, 0x060A, 0x0663, 0x06BC,  0x0612, 0x05F9, 0x0607, 0x0659,
  0x063F, 0x05FD, 0x06E9, 0x0645,  0x0670, 0x047F, 0x0445, 0x04AE,
  0x047E, 0x0411, 0x04C5, 0x0501,  0x056A, 0x0480, 0x0317, 0x0212,
  0x0176, 0x01F0, 0x01CC, 0x02FE,  0x01B9, 0xFF7E, 0xFF27, 0xFF0D,
  0xFE88, 0xFF5F, 0xFFF9, 0x00BC,  0x0067, 0x00B5, 0x00A8, 0x0049,
  0xFF48, 0xFDF4, 0xFD45, 0xFCC2,  0xFE1F, 0xFCD1, 0xFC6D, 0xFBFE,
  0xFBDB, 0xFB91, 0xFB1E, 0xFB22,  0xFB48, 0xFB39, 0xFB32, 0xFBB9,
  0xFAF7, 0xF9C7, 0xF82C, 0xF7F3,  0xF7A3, 0xF7D0, 0xF79D, 0xF704,
  0xF6EC, 0xF6A7, 0xF716, 0xF782,  0xF759, 0xF6B0, 0xF630, 0xF600,
  0xF6DB, 0xF6DF, 0xF6A7, 0xF6D4,  0xF74E, 0xF84F, 0xF9D5, 0xFB63,
  0xFC38, 0xFDE3, 0xFF92, 0x011D,  0x0254, 0x0379, 0x0593, 0x07AF,
  0x08E1, 0x0A1F, 0x0AF7, 0x0BA3,  0x0C0A, 0x0C62, 0x0C36, 0x0BE5,
  0x0B47, 0x0ABA, 0x0AB9, 0x0A59,  0x0A0E, 0x0946, 0x092E, 0x07D9,
  0x0742, 0x06A5, 0x0688, 0x0675,  0x06B6, 0x065F, 0x0574, 0x0516,
  0x0433, 0x0460, 0x0422, 0x0460,  0x0413, 0x04CE, 0x0487, 0x043E,
  0x043D, 0x046C, 0x049E, 0x04FF,  0x0562, 0x0491, 0x04A5, 0x043D,
  0x03A4, 0x0326, 0x02F0, 0x028A,  0x02A3, 0x02BD, 0x0241, 0x01C1,
  0x00CC, 0xFFDF, 0xFF44, 0xFDDC,  0xFC84, 0xFC68, 0xFC99, 0xFB1A,
  0xFA92, 0xF903, 0xF819, 0xF7CB,  0xF71F, 0xF619, 0xF45E, 0xF37D,
  0xF2B4, 0xF3E8, 0xF326, 0xF2BB,  0xF163, 0xF0C2, 0xF085, 0xF0E7,
  0xF01E, 0xF043, 0xF05C, 0xF0FE,  0xF2ED, 0xF2C3, 0xF369, 0xF29F,
  0xF28A, 0xF2B7, 0xF3AA, 0xF4EC,  0xF5F5, 0xF608, 0xF68E, 0xF873,
  0xF9C8, 0xFC17, 0x0086, 0x04EB,  0x0817, 0x08A7, 0x0AC4, 0x0D3C,
  0x0FC9, 0x113C, 0x1214, 0x141D,  0x13E3, 0x13A8, 0x1292, 0x10CB,
  0x0DA7, 0x0AF4, 0x0A15, 0x0AE0,  0x0A94, 0x0957, 0x07BC, 0x0684,
  0x04D3, 0x037B, 0x02EB, 0x0265,  0x02A4, 0x030B, 0x04D6, 0x0561,
  0x04CF, 0x03E8, 0x03AC, 0x04C1,  0x05A9, 0x0672, 0x0720, 0x0745,
  0x0658, 0x069E, 0x0691, 0x0704,  0x06B4, 0x0740, 0x08CA, 0x096F,
  0x095B, 0x0699, 0x0426, 0x00AE,  0xFF9A, 0xFFA2, 0x00BB, 0x01C9,
  0x01B6, 0xFFDE, 0xFD66, 0xFCA1,  0xFBE2, 0xFD3B, 0xFE20, 0xFE12,
  0xFD5A, 0xFDE4, 0xFD8C, 0xFD50,  0xFB8C, 0xF936, 0xF8D8, 0xF957,
  0xF98C, 0xF8CB, 0xF64F, 0xF283,  0xF0BD, 0xF00C, 0xF022, 0xEF76,
  0xEF28, 0xEDBB, 0xED95, 0xED08,  0xED14, 0xED00, 0xEDED, 0xEF38,
  0xF1CB, 0xF33F, 0xF279, 0xF22B,  0xF165, 0xF300, 0xF1B8, 0xF336,
  0xF37E, 0xF494, 0xF45B, 0xF628,  0xF7BB, 0xFB4F, 0xFD7E, 0x009D,
  0x0866, 0x0B29, 0x0D4E, 0x0D89,  0x1286, 0x14AB, 0x17AB, 0x1784,
  0x19A1, 0x1974, 0x1619, 0x1503,  0x11E8, 0x0FC0, 0x0C1B, 0x0BD6,
  0x0AE6, 0x09D3, 0x05D8, 0x03EF,  0x032D, 0x01E0, 0x0130, 0x0100,
  0x0225, 0x02D2, 0x049D, 0x0559,  0x06B6, 0x05E0, 0x062A, 0x0807,
  0x0971, 0x0906, 0x0783, 0x0732,  0x06C1, 0x0772, 0x0747, 0x0745,
  0x0655, 0x0587, 0x05B4, 0x0647,  0x04FB, 0x02D0, 0x018C, 0x0130,
  0x0112, 0x0076, 0xFF9C, 0xFE88,  0xFEA6, 0xFEC2, 0xFEB9, 0xFE94,
  0xFE8A, 0xFE54, 0xFFED, 0x007A,  0xFFB2, 0xFFD9, 0x00A7, 0x011B,
  0x0052, 0xFE57, 0xFBC0, 0xFB6A,  0xFAC1, 0xFA5D, 0xF9AB, 0xF764,
  0xF47A, 0xF148, 0xEE46, 0xEC38,  0xEC81, 0xEC66, 0xECEE, 0xEC53,
  0xEB95, 0xEB32, 0xEB9A, 0xEBA2,  0xEC80, 0xEEC1, 0xF0D2, 0xF1CD,
  0xF179, 0xF21F, 0xF17A, 0xF2FB,  0xF1F9, 0xF256, 0xF305, 0xF579,
  0xF679, 0xF791, 0xF9D7, 0xFCA6,  0xFF83, 0x0330, 0x09B1, 0x0C3C,
  0x0F6F, 0x0DB9, 0x11EB, 0x14E3,  0x1749, 0x197A, 0x1920, 0x1899,
  0x1555, 0x1313, 0x1070, 0x0E8D,  0x0B34, 0x09F9, 0x0974, 0x0812,
  0x050A, 0x0391, 0x027B, 0x025E,  0x021D, 0x0331, 0x044E, 0x0553,
  0x0624, 0x06CB, 0x07CF, 0x077F,  0x0816, 0x0988, 0x0A83, 0x088D,
  0x07B5, 0x0730, 0x0750, 0x07C4,  0x0822, 0x074B, 0x04F4, 0x03FE,
  0x03D9, 0x04B3, 0x0376, 0x0110,  0x0112, 0x009A, 0x0187, 0x02A0,
  0x03A2, 0x00E9, 0xFDAB, 0xFF0E,  0x0066, 0x0209, 0x00F6, 0xFE9B,
  0xFE91, 0x0020, 0x0231, 0x0340,  0x0155, 0xFE45, 0xFD84, 0xFEE1,
  0xFE5A, 0xFCA0, 0xFA41, 0xF81E,  0xF83C, 0xF720, 0xF560, 0xF2C9,
  0xEFDE, 0xEF8F, 0xEF16, 0xEE76,  0xED67, 0xEBD6, 0xEB54, 0xEAA4,
  0xEB1A, 0xEB56, 0xEC76, 0xEC3C,  0xECF2, 0xEEB7, 0xF036, 0xF0B0,
  0xF1FC, 0xF233, 0xF22B, 0xF2F6,  0xF29B, 0xF54C, 0xF50A, 0xF62C,
  0xF661, 0xF985, 0xFB50, 0xFF9B,  0x0304, 0x08C5, 0x0CF9, 0x0AC0,
  0x0FD5, 0x1083, 0x14F2, 0x14FF,  0x1792, 0x1888, 0x16BF, 0x1666,
  0x135E, 0x122D, 0x0DB3, 0x0CA4,  0x0C1F, 0x0B21, 0x0877, 0x0650,
  0x04D3, 0x03F0, 0x037C, 0x03AD,  0x0505, 0x04A7, 0x04C5, 0x05AE,
  0x0772, 0x0679, 0x065D, 0x0802,  0x086E, 0x08C6, 0x07D5, 0x0833,
  0x0799, 0x0785, 0x088D, 0x08BD,  0x07D2, 0x064B, 0x0619, 0x05DC,
  0x04EC, 0x03EE, 0x0419, 0x03AC,  0x02F9, 0x02C6, 0x0256, 0x012F,
  0x00E6, 0x00A0, 0x0150, 0x007F,  0xFEAD, 0xFEAF, 0xFE66, 0xFF32,
  0x008D, 0x0166, 0x00D1, 0xFF02,  0xFD51, 0xFD88, 0xFD9E, 0xFC4D,
  0xF9E8, 0xF856, 0xF87E, 0xF875,  0xF724, 0xF46B, 0xF1A4, 0xEF4F,
  0xEF27, 0xF075, 0xEF98, 0xEF4E,  0xEF04, 0xEFBC, 0xEE51, 0xEB7C,
  0xE92C, 0xE8AD, 0xEC0A, 0xF0AB,  0xF2B1, 0xEF91, 0xEB94, 0xEAC0,
  0xEF66, 0xF3F4, 0xF709, 0xF692,  0xF5E6, 0xF4E9, 0xF591, 0xF723,
  0xF88F, 0xFA04, 0xFE6D, 0x02D1,  0x0773, 0x099D, 0x08D2, 0x0C47,
  0x0E32, 0x1417, 0x188F, 0x1810,  0x16E2, 0x1653, 0x166E, 0x1815,
  0x1497, 0x1153, 0x0E7C, 0x0B72,  0x0A6F, 0x086D, 0x05EC, 0x0358,
  0x0320, 0x0324, 0x0391, 0x020E,  0x0175, 0x023F, 0x04C9, 0x0690,
  0x074E, 0x0647, 0x0607, 0x07CE,  0x090D, 0x0AE3, 0x0A8A, 0x0A2D,
  0x0922, 0x0938, 0x08F3, 0x0826,  0x068E, 0x05D4, 0x06A9, 0x0654,
  0x0685, 0x0430, 0x01D7, 0x00DE,  0x011A, 0x0092, 0x004B, 0xFF1B,
  0xFEF2, 0xFFF8, 0xFED8, 0xFF09,  0xFEC7, 0xFE5F, 0x000B, 0x01EF,
  0x01E1, 0x00ED, 0xFF52, 0xFF65,  0x00ED, 0x00B5, 0xFF8B, 0xFDCB,
  0xFC4F, 0xFB45, 0xF936, 0xF6F6,  0xF552, 0xF480, 0xF358, 0xF197,
  0xEE4E, 0xED49, 0xEBB4, 0xEB18,  0xEB95, 0xEA46, 0xEB6F, 0xEC12,
  0xEDF6, 0xEDE2, 0xEDE6, 0xECD4,  0xEF01, 0xF1C7, 0xF2DE, 0xF312,
  0xF302, 0xF352, 0xF1C1, 0xF45E,  0xF37B, 0xF5DA, 0xF653, 0xFA1D,
  0xFB8F, 0xFDD6, 0xFE98, 0x0180,  0x0A56, 0x09CD, 0x0DEE, 0x09DB,
  0x1243, 0x1375, 0x1325, 0x17D6,  0x14C5, 0x1809, 0x1281, 0x13C8,
  0x1134, 0x0E1B, 0x0C5E, 0x0B73,  0x0B7F, 0x06BF, 0x05A0, 0x04AA,
  0x047E, 0x0314, 0x02DF, 0x0394,  0x0441, 0x04CC, 0x064A, 0x0763,
  0x061C, 0x070D, 0x08BA, 0x0B2A,  0x0954, 0x07FD, 0x0781, 0x0621,
  0x080A, 0x084B, 0x0914, 0x05FF,  0x05B8, 0x05F5, 0x0598, 0x0509,
  0x024C, 0x0344, 0x0237, 0x026B,  0x00B1, 0xFF0E, 0xFE2E, 0xFDA7,
  0x0011, 0x00B9, 0xFFAC, 0xFDA4,  0xFEC1, 0x00A0, 0x0292, 0x046D,
  0x03EA, 0x0233, 0xFF0E, 0xFEDE,  0xFECC, 0xFF1C, 0xFF0F, 0xFBC1,
  0xFA4F, 0xF7C2, 0xF7BF, 0xF7D2,  0xF5E8, 0xF27C, 0xF079, 0xF165,
  0xF117, 0xF1DA, 0xEE27, 0xEB43,  0xEB71, 0xEC95, 0xEF0C, 0xEFA5,
  0xEEFD, 0xEF3E, 0xF096, 0xF122,  0xF20F, 0xF2CB, 0xF3BC, 0xF2B7,
  0xF33D, 0xF42F, 0xF21E, 0xF356,  0xF319, 0xF721, 0xF7AA, 0xF86D,
  0xF8AD, 0xF9CC, 0xFCA3, 0xFEA3,  0x0565, 0x07B1, 0x0B24, 0x08FD,
  0x0F46, 0x1114, 0x122E, 0x15AF,  0x14DF, 0x18AA, 0x15CC, 0x1612,
  0x13CA, 0x10DB, 0x0DD4, 0x0CA6,  0x0CE7, 0x089D, 0x0610, 0x054A,
  0x0374, 0x03CE, 0x0387, 0x03CD,  0x043C, 0x03E5, 0x053C, 0x0636,
  0x06B8, 0x0680, 0x0875, 0x0992,  0x096A, 0x0940, 0x090A, 0x07C5,
  0x0882, 0x07C6, 0x0798, 0x064F,  0x04BB, 0x0597, 0x04D0, 0x043A,
  0x023C, 0x038E, 0x02DC, 0x0241,  0x00BD, 0xFEDB, 0xFE7F, 0xFDF2,
  0xFF30, 0xFDE2, 0xFE31, 0xFEBD,  0xFF5D, 0x0174, 0x00A6, 0xFEA1,
  0xFF13, 0xFFBD, 0x029C, 0x0342,  0x00CE, 0xFF30, 0xFD8F, 0xFCC4,
  0xFB1E, 0xF9D7, 0xF90E, 0xF95D,  0xF7EE, 0xF500, 0xF17B, 0xEED6,
  0xED98, 0xF121, 0xF421, 0xF1FA,  0xF04E, 0xED3D, 0xEF03, 0xF2F8,
  0xF38F, 0xF31E, 0xF188, 0xEFF3,  0xF22C, 0xF215, 0xF126, 0xF08A,
  0xF019, 0xF242, 0xF300, 0xF27A,  0xF145, 0xF29D, 0xF400, 0xF802,
  0xF85C, 0xF9B5, 0xFAE6, 0xFD1B,  0x00B7, 0x04C0, 0x0970, 0x07EB,
  0x0BB2, 0x0C5C, 0x1008, 0x12C7,  0x13AA, 0x1634, 0x14FE, 0x15E0,
  0x14FF, 0x1275, 0x0FB6, 0x0D87,  0x0D57, 0x0BBC, 0x09BC, 0x07E7,
  0x0549, 0x047B, 0x03DC, 0x04D9,  0x040A, 0x03DA, 0x0430, 0x05E7,
  0x06A4, 0x0677, 0x070B, 0x07F6,  0x0927, 0x099E, 0x0A4D, 0x096A,
  0x0930, 0x0858, 0x086F, 0x076C,  0x06E8, 0x05D2, 0x056D, 0x0515,
  0x03A7, 0x0432, 0x027B, 0x0101,  0xFEE3, 0xFDFC, 0xFDCC, 0xFD2E,
  0xFD5A, 0xFE80, 0xFFD7, 0xFEF2,  0xFDF0, 0xFD1C, 0xFED3, 0x007E,
  0x01AA, 0x0199, 0x0122, 0x01A1,  0x010E, 0x0056, 0xFE80, 0xFDC1,
  0xFE4A, 0xFCAE, 0xFAF0, 0xF88D,  0xF669, 0xF6A3, 0xF67C, 0xF593,
  0xF45D, 0xF2B0, 0xF2E1, 0xF35A,  0xF38D, 0xF3C8, 0xF2AD, 0xF16F,
  0xF0AB, 0xF2D1, 0xF2B9, 0xF1D0,  0xF05C, 0xF051, 0xEFB5, 0xEED5,
  0xEE53, 0xEF16, 0xF1E7, 0xF414,  0xF6EC, 0xF61E, 0xF451, 0xF4A1,
  0xF81C, 0xF8EE, 0xFA4E, 0xF991,  0xFAC8, 0xFB97, 0xFDC0, 0x02C9,
  0x0502, 0x06D9, 0x0966, 0x0C3B,  0x0EAB, 0x1006, 0x122D, 0x149E,
  0x140E, 0x1634, 0x150E, 0x14E8,  0x1208, 0x103F, 0x0ECB, 0x0CD3,
  0x0C45, 0x09EF, 0x07E3, 0x065C,  0x05C7, 0x0565, 0x0487, 0x037C,
  0x038E, 0x031A, 0x04D9, 0x046A,  0x05DC, 0x0628, 0x0753, 0x08AE,
  0x0882, 0x0968, 0x0874, 0x086B,  0x0770, 0x06D5, 0x062D, 0x04BC,
  0x04D4, 0x03DB, 0x0215, 0x02A7,  0x0210, 0x01F3, 0x00C8, 0xFE6A,
  0xFFAD, 0xFE56, 0xFF32, 0xFF6D,  0xFF09, 0xFE5F, 0xFDFB, 0xFEB0,
  0xFD3D, 0xFE72, 0xFE51, 0x0113,  0x000B, 0x0047, 0xFE49, 0xFC61,
  0xFA87, 0xFD58, 0x0312, 0x0098,  0xFE6B, 0xFA52, 0xF999, 0xFA97,
  0xFB22, 0xF981, 0xF73D, 0xF580,  0xF5FA, 0xF33A, 0xF22C, 0xF102,
  0xF13A, 0xF34A, 0xF1E3, 0xF003,  0xEE05, 0xEF4A, 0xF145, 0xF32E,
  0xF1E5, 0xF07A, 0xEFAE, 0xEFBC,  0xF1B0, 0xF2D7, 0xF322, 0xF3CE,
  0xF4A8, 0xF688, 0xF64E, 0xF75A,  0xF876, 0xFAFB, 0xFD22, 0xFED1,
  0xFF45, 0xFF5F, 0x018C, 0x065B,  0x09D8, 0x0AB0, 0x0C15, 0x0B3B,
  0x0F94, 0x0FA0, 0x1203, 0x12B9,  0x126E, 0x1289, 0x118A, 0x10C8,
  0x0E48, 0x0C8C, 0x0BA8, 0x0BFF,  0x0A3A, 0x07DA, 0x05AA, 0x0668,
  0x04A5, 0x069C, 0x04EC, 0x0485,  0x0596, 0x068D, 0x07ED, 0x0618,
  0x0635, 0x0688, 0x0823, 0x08C6,  0x08BD, 0x0741, 0x0668, 0x0676,
  0x092D, 0x07E1, 0x04F1, 0x02A9,  0x02A7, 0x0412, 0x03D6, 0x0246,
  0xFF9E, 0xFF73, 0xFFAA, 0x00C5,  0xFF05, 0xFCF4, 0xFC60, 0xFE61,
  0x00CF, 0x00D5, 0x0021, 0xFF79,  0x0079, 0x022A, 0x0387, 0x02D7,
  0x019B, 0x00F3, 0x0089, 0xFF16,  0xFCD6, 0xFBC9, 0xFB2E, 0xFB16,
  0xFA56, 0xF860, 0xF594, 0xF46A,  0xF4F4, 0xF6CB, 0xF7D4, 0xF697,
  0xF45C, 0xF2B8, 0xF341, 0xF4EA,  0xF5A2, 0xF4BC, 0xF355, 0xF1DF,
  0xF11B, 0xF23B, 0xF2BA, 0xF265,  0xF285, 0xF42F, 0xF2E4, 0xEF99,
  0xEEA3, 0xF0EF, 0xF592, 0xF8BE,  0xFA20, 0xF6A9, 0xF49B, 0xF5CA,
  0xF98E, 0xFC5F, 0xFD93, 0xFDFC,  0xFEE3, 0xFFF9, 0x01BB, 0x050E,
  0x0604, 0x0854, 0x0B38, 0x0D8D,  0x0E97, 0x0EEE, 0x0EFB, 0x1072,
  0x1209, 0x12AE, 0x1270, 0x0F72,  0x0D5A, 0x0D8F, 0x0CCA, 0x0CE1,
  0x0B1F, 0x0871, 0x07A1, 0x0640,  0x0659, 0x0659, 0x0596, 0x058E,
  0x05AD, 0x05DD, 0x04DB, 0x0486,  0x0578, 0x0696, 0x08D6, 0x07C6,
  0x071C, 0x0507, 0x053E, 0x06EC,  0x0622, 0x0658, 0x0534, 0x0575,
  0x055B, 0x0549, 0x0340, 0x01B6,  0xFF79, 0xFFF7, 0x0020, 0xFF3F,
  0xFE1D, 0xFD16, 0xFFB4, 0xFFB2,  0x009E, 0xFE30, 0xFDED, 0xFE73,
  0xFF7D, 0x018E, 0x0094, 0x0027,  0xFEEF, 0xFDF2, 0xFE85, 0xFF57,
  0xFEC0, 0xFE16, 0xFC5B, 0xFB80,  0xFB76, 0xFAAB, 0xF9AA, 0xF9CB,
  0xF932, 0xF85F, 0xF62D, 0xF33F,  0xF2C3, 0xF237, 0xF285, 0xF260,
  0xF0C9, 0xF0EB, 0xF068, 0xF0F2,  0xF168, 0xF106, 0xF2D1, 0xF392,
  0xF5DA, 0xF579, 0xF365, 0xF2CF,  0xF415, 0xF6CE, 0xF817, 0xF6B7,
  0xF664, 0xF69E, 0xF789, 0xFA45,  0xFA48, 0xFD77, 0xFCE5, 0xFE58,
  0x013E, 0x03F7, 0x0575, 0x0441,  0x07A0, 0x094D, 0x0D13, 0x0C72,
  0x0F25, 0x103F, 0x0E41, 0x106A,  0x0EBE, 0x0F73, 0x0D6A, 0x0D03,
  0x0DAC, 0x0B86, 0x0A20, 0x08F4,  0x08B7, 0x0854, 0x088A, 0x08B0,
  0x0811, 0x0686, 0x061B, 0x0734,  0x07A3, 0x0745, 0x0664, 0x05D3,
  0x053B, 0x056B, 0x0660, 0x0686,  0x04E4, 0x0416, 0x0456, 0x03CA,
  0x0369, 0x023B, 0x028B, 0x0246,  0x03E9, 0x0504, 0x03A6, 0x012F,
  0xFEF8, 0x0043, 0x015F, 0x02CF,  0x01FD, 0xFF78, 0xFD40, 0xFDE0,
  0xFFBC, 0x000F, 0xFFA2, 0xFF9E,  0x000F, 0x00DA, 0x0031, 0xFDD9,
  0xFB11, 0xFC55, 0x00E6, 0x013F,  0xFF5F, 0xFACB, 0xFA11, 0xFB04,
  0xFBA9, 0xFB04, 0xF749, 0xF6B4,  0xF6A6, 0xF8BD, 0xF6C3, 0xF37B,
  0xF236, 0xF289, 0xF5F4, 0xF584,  0xF554, 0xF27E, 0xF119, 0xF418,
  0xF57E, 0xF618, 0xF3D4, 0xF350,  0xF3BC, 0xF4A9, 0xF559, 0xF4CE,
  0xF46F, 0xF5E4, 0xF88B, 0xF95C,  0xF8ED, 0xF7EA, 0xF8AD, 0xFB35,
  0xFDD5, 0xFD26, 0xFD9A, 0xFD71,  0xFF57, 0x02DE, 0x043D, 0x06FF,
  0x0625, 0x074C, 0x0912, 0x09FC,  0x0BB8, 0x0CC9, 0x0EF7, 0x1018,
  0x0FE1, 0x0DE1, 0x0BB6, 0x0B52,  0x0B58, 0x0BF5, 0x0C66, 0x0A8C,
  0x091D, 0x0760, 0x06AC, 0x073B,  0x0631, 0x06ED, 0x06D0, 0x06C2,
  0x074A, 0x06AE, 0x05B5, 0x052B,  0x0583, 0x0668, 0x0741, 0x05E2,
  0x057C, 0x0421, 0x03E4, 0x0521,  0x05CA, 0x05DA, 0x0443, 0x0303,
  0x02B0, 0x02D1, 0x02C4, 0x0390,  0x018D, 0x0068, 0xFFC2, 0xFF17,
  0xFFC4, 0xFEEF, 0x002C, 0x0063,  0x004F, 0xFFFE, 0xFE00, 0xFD7F,
  0xFE7A, 0xFF9F, 0xFFBC, 0xFD48,  0xFAA5, 0xFA4F, 0xFAD4, 0xFBCE,
  0xFB4B, 0xFA89, 0xF9D9, 0xF942,  0xF9A6, 0xF97F, 0xF8BE, 0xF914,
  0xF967, 0xF8C1, 0xF6D6, 0xF596,  0xF5F1, 0xF6A2, 0xF6A7, 0xF545,
  0xF491, 0xF37D, 0xF4FA, 0xF5F7,  0xF52E, 0xF4AB, 0xF4DD, 0xF744,
  0xF87C, 0xF910, 0xF7DA, 0xF6CA,  0xF731, 0xF8B5, 0xFA23, 0xF9C2,
  0xF9AA, 0xFAC9, 0xFAA9, 0xFB7A,  0xFB58, 0xFCFC, 0xFED0, 0xFF78,
  0x02B9, 0x031C, 0x01F8, 0x0258,  0x049D, 0x07D8, 0x09A5, 0x08DC,
  0x0B85, 0x0B16, 0x0BAB, 0x0CAE,  0x0B12, 0x0B3B, 0x09C8, 0x0BE3,
  0x0BF4, 0x0A13, 0x0868, 0x07FA,  0x07DC, 0x079F, 0x07CA, 0x070E,
  0x06D3, 0x06FF, 0x0760, 0x0735,  0x0631, 0x05CD, 0x06DE, 0x0655,
  0x060A, 0x0465, 0x0411, 0x047A,  0x04EC, 0x05D3, 0x035F, 0x0336,
  0x0298, 0x04E5, 0x051A, 0x0319,  0x03AF, 0x02F1, 0x06A4, 0x0727,
  0x06F2, 0x038F, 0xFE3E, 0xFF9A,  0xFFB7, 0x0153, 0xFF07, 0xFB4A,
  0xFB09, 0xFB52, 0xFE37, 0xFD21,  0xFB7F, 0xFAFF, 0xFCA9, 0xFFB9,
  0xFFAC, 0xFE99, 0xFB41, 0xFB29,  0xFC9A, 0xFD79, 0xFCC9, 0xF98A,
  0xF8A2, 0xF809, 0xF7DD, 0xF77F,  0xF536, 0xF4F6, 0xF609, 0xF6B8,
  0xF678, 0xF42C, 0xF3A1, 0xF4F5,  0xF730, 0xF8C7, 0xF8BE, 0xF878,
  0xF8CA, 0xF93D, 0xF86E, 0xF854,  0xF7C0, 0xF8A4, 0xFAC1, 0xFA4C,
  0xFB35, 0xF899, 0xF825, 0xF92C,  0xF9A2, 0xFD29, 0xFCA9, 0xFE3E,
  0xFCA8, 0xFE2A, 0xFEC9, 0xFF25,  0x00E9, 0x00C0, 0x03AE, 0x033C,
  0x0702, 0x06B9, 0x05F4, 0x072D,  0x077A, 0x09E2, 0x09B9, 0x0A99,
  0x09E2, 0x0943, 0x0940, 0x0908,  0x090A, 0x0826, 0x092A, 0x091C,
  0x0957, 0x07B8, 0x05A1, 0x05BB,  0x0568, 0x0723, 0x0673, 0x04D1,
  0x0387, 0x03B2, 0x052B, 0x0623,  0x05D2, 0x0486, 0x04D2, 0x0594,
  0x0786, 0x073D, 0x0546, 0x0453,  0x055A, 0x0740, 0x06BE, 0x04C1,
  0x01C1, 0x010D, 0x01CA, 0x021D,  0x0112, 0xFF50, 0xFE4A, 0xFEC6,
  0xFFB7, 0xFFB2, 0xFE44, 0xFC4F,  0xFDF5, 0xFF4B, 0x0133, 0x002F,
  0xFE41, 0xFCA7, 0xFADF, 0xFCEB,  0xFCDA, 0xFDF0, 0xFCE5, 0xFACC,
  0xFA6C, 0xF8F4, 0xF967, 0xF909,  0xF8FB, 0xF90C, 0xF90E, 0xFB05,
  0xF9D1, 0xF91A, 0xF7B6, 0xF6B7,  0xF809, 0xF898, 0xFA13, 0xF9E8,
  0xF87A, 0xF869, 0xF7C6, 0xF8AA,  0xF8F2, 0xF8C7, 0xFB87, 0xFAA9,
  0xFB66, 0xFC14, 0xFA44, 0xFAFD,  0xFBA2, 0xFC29, 0xFDC0, 0xFCAC,
  0xFDF9, 0xFD9C, 0xFC06, 0xFCD9,  0xFB49, 0xFCE2, 0xFCED, 0xFDC7,
  0x0052, 0xFF94, 0x0058, 0x00AD,  0x01D6, 0x03B8, 0x03C4, 0x053A,
  0x04B5, 0x0614, 0x078C, 0x074B,  0x06FA, 0x0611, 0x0739, 0x08AA,
  0x08D2, 0x0880, 0x087B, 0x07F5,  0x08BE, 0x083A, 0x077A, 0x0628,
  0x0558, 0x0622, 0x06A4, 0x066B,  0x0537, 0x03AF, 0x0382, 0x03EC,
  0x0440, 0x0462, 0x0410, 0x059B,  0x0644, 0x066F, 0x056E, 0x045E,
  0x03ED, 0x04C8, 0x0540, 0x046A,  0x03FB, 0x0292, 0x0225, 0x017A,
  0x012A, 0x0069, 0xFEE9, 0xFF37,  0xFFE2, 0xFFC8, 0xFEF5, 0xFE05,
  0xFDCF, 0xFDF8, 0xFDDD, 0xFD93,  0xFCA3, 0xFC98, 0xFCF2, 0xFD33,
  0xFC8D, 0xFBF1, 0xFBE9, 0xFC2F,  0xFC1A, 0xFB65, 0xFADB, 0xF9A3,
  0xFB0B, 0xFBF3, 0xFC26, 0xFB15,  0xFA55, 0xFA34, 0xFBB4, 0xFB77,
  0xFC0F, 0xFB46, 0xF91D, 0xF9D0,  0xF98C, 0xFAE5, 0xFA68, 0xFB0A,
  0xFBC6, 0xFB82, 0xFBB3, 0xFBEF,  0xFA4C, 0xFC67, 0xFC97, 0xFD31,
  0xFE21, 0xFBF9, 0xFC1A, 0xFC43,  0xFBC6, 0xFC50, 0xFD36, 0xFBD1,
  0xFDAE, 0xFD60, 0xFDE0, 0xFE76,  0xFE98, 0xFF88, 0xFFBE, 0x00F6,
  0x0172, 0x0157, 0x023A, 0x0283,  0x036C, 0x04AE, 0x042C, 0x048C,
  0x0469, 0x043A, 0x0476, 0x050B,  0x050B, 0x0532, 0x0582, 0x0630,
  0x0585, 0x04F8, 0x0560, 0x055A,  0x058B, 0x0547, 0x0510, 0x0550,
  0x04CD, 0x053E, 0x0493, 0x03C9,  0x03BB, 0x03D9, 0x0447, 0x0410,
  0x0452, 0x03B2, 0x0395, 0x0381,  0x03DA, 0x03B7, 0x0353, 0x0342,
  0x0298, 0x0268, 0x01FF, 0x01EC,  0x01AF, 0x0100, 0x00A3, 0x0006,
  0xFFAA, 0x001C, 0x0002, 0xFFB1,  0xFEDD, 0xFE4D, 0xFE4A, 0xFD9D,
  0xFD7D, 0xFC47, 0xFC6C, 0xFC67,  0xFD22, 0xFDFE, 0xFD3D, 0xFD24,
  0xFCBB, 0xFCAB, 0xFF15, 0xFE25,  0xFF05, 0xFE04, 0xFBB2, 0xFDB3,
  0xFAD3, 0xFDAB, 0xFC96, 0xFD43,  0xFD70, 0xFA2E, 0xFBE8, 0xFAE3,
  0xF962, 0xFCE3, 0xFF44, 0xFDE4,  0xFDD7, 0xFA64, 0xFD06, 0xFE39,
  0xFDD9, 0xFEFB, 0xFD7E, 0xFD08,  0xFDDC, 0xFDFF, 0xFD0D, 0xFC89,
  0xFCF9, 0xFFC2, 0xFF97, 0xFFDE,  0xFFC2, 0xFE8D, 0x0059, 0x004C,
  0x0130, 0x0143, 0xFFD2, 0x006B,  0x0105, 0xFF72, 0xFF5C, 0xFEC2,
  0xFECE, 0x00C9, 0x003D, 0x0137,  0x007B, 0x0043, 0x0172, 0x0205,
  0x02EC, 0x025A, 0x021B, 0x0351,  0x02E7, 0x0403, 0x03A0, 0x028F,
  0x03C9, 0x0364, 0x043F, 0x0383,  0x0210, 0x0186, 0xFFFE, 0x010C,
  0x0145, 0x012B, 0x0178, 0x0087,  0x02D2, 0x00C3, 0x0121, 0x01EA,
  0x0248, 0x0422, 0x02FB, 0x042B,  0x0473, 0x0314, 0x0258, 0x01D4,
  0x0298, 0x0236, 0x0282, 0x043C,  0x0144, 0x0222, 0xFF91, 0x00C7,
  0x008C, 0xFDFF, 0x014D, 0xFED8,  0x005D, 0xFF79, 0xFFDC, 0xFE6B,
  0xFC75, 0xFD78, 0xFDF0, 0xFDFB,  0xFDD2, 0xFDB8, 0xFD88, 0xFE3B,
  0xFD4E, 0xFDD1, 0xFD46, 0xFEB8,  0xFD6C, 0xFEDD, 0xFEFD, 0xFD86,
  0xFE5A, 0xFF48, 0xFE41, 0xFE19,  0xFEA6, 0xFE64, 0xFDE1, 0xFD87,
  0xFE80, 0xFD47, 0xFD14, 0xFD24,  0xFE70, 0xFD94, 0xFF86, 0xFE34,
  0xFF35, 0xFD41, 0x00FA, 0xFFD2,  0xFF2D, 0x0199, 0xFDBC, 0x0254,
  0xFF7C, 0xFF30, 0x00E5, 0x00B4,  0xFF30, 0x004C, 0xFF15, 0x01CC,
  0xFE11, 0xFEF1, 0x016C, 0x0023,  0x02C7, 0xFDC9, 0x00D5, 0x011C,
  0xFE0F, 0x0308, 0xFFFC, 0xFFAC,  0x029E, 0xFE10, 0x03CE, 0xFE7F,
  0x03CC, 0x030F, 0x0021, 0x017E,  0x01C7, 0xFFAF, 0xFFC6, 0x0135,
  0xFD9F, 0x03B6, 0xFCEE, 0x036B,  0xFDC3, 0x0184, 0x00CE, 0xFFC7,
  0x0077, 0xFF94, 0x0105, 0x00D7,  0x00F0, 0xFF17, 0x029D, 0xFE81,
  0x02F6, 0xFE84, 0x02A2, 0x01A1,  0x0159, 0xFFFF, 0x022A, 0xFE50,
  0x01DD, 0xFF99, 0x01E2, 0x0267,  0xFF8B, 0x035F, 0xFAE6, 0x0392,
  0xFE32, 0xFF90, 0x0067, 0xFEDE,  0xFDBE, 0xFF4B, 0xFD9D, 0x00F3,
  0xFF22, 0xFE5F, 0x032A, 0xFC77,  0x020A, 0xFDBC, 0x0147, 0x0148,
  0xFDE5, 0x014B, 0xFE8E, 0x0219,  0xFD42, 0xFFFE, 0x0000, 0xFF5B,
  0xFFC4, 0xFE26, 0x0164, 0xFBE1,  0x0161, 0xFE83, 0xFEE6, 0xFE67,
  0xFE05, 0x02A6, 0xFD0C, 0x01FD,  0xFE9B, 0xFEC6, 0x01AD, 0xFFCE,
  0x0103, 0x0024, 0xFFD2, 0xFF78,  0x02D4, 0x007D, 0x000A, 0xFFAF,
  0x0363, 0x00A3, 0x00A6, 0x019B,  0xFD1F, 0x022F, 0xFFFA, 0x023D,
  0xFFDA, 0xFEBF, 0x02FA, 0xFCDE,  0x0109, 0xFFB0, 0x008E, 0x01E0,
  0xFD33, 0x0285, 0xFFAB, 0xFFB9,  0xFE4C, 0x0024, 0x0258, 0xFF8E,
  0xFD15, 0x0184, 0xFEE2, 0x00C8,  0xFE31, 0xFF9C, 0x02EE, 0xF949,
  0x0250, 0xFF88, 0xFF5C, 0xFF9F,  0xFDD4, 0x021C, 0xFEFD, 0xFEDC,
  0x0182, 0xFF37, 0x0007, 0xFD63,  0x01BF, 0xFF20, 0xFE79, 0x01DA,
  0xFE43, 0x0099, 0xFDCF, 0x04BC,  0xFE00, 0xFE2C, 0x0301, 0xFF41,
  0x003E, 0xFD88, 0x028E, 0xFF55,  0x022D, 0xFF42, 0x0018, 0x0142,
  0xFCC4, 0x0119, 0xFE10, 0x0454,  0xFD31, 0x001A, 0xFEE7, 0x00B3,
  0xFEC8, 0xFF94, 0x010C, 0xFD27,  0x0367, 0xFBCB, 0x0455, 0xFE62,
  0x0006, 0x020F, 0xFE6F, 0x02BB,  0xFCDD, 0x01DB, 0x007B, 0xFDE9,
  0x026A, 0xFC6A, 0x035B, 0x0013,  0x00F7, 0x0089, 0xFE15, 0x02E3,
  0xFE4A, 0xFFDE, 0x02D9, 0xFEA8,  0x01E7, 0x00B6, 0xFC57, 0x04EF,
  0xF937, 0x03DA, 0xFF07, 0x005C,  0x011A, 0x0098, 0x0252, 0x0037,
  0x02A8, 0x00F8, 0x0301, 0xFDB4,  0x0230, 0xFD00, 0x03AB, 0xFB94,
  0x0106, 0x00C2, 0xFD76, 0x01C0,  0xFFBF, 0xFE8B, 0x0052, 0x0039,
  0xFECB, 0xFE97, 0xFFE7, 0x0087,  0xFE46, 0x00AA, 0xFE83, 0x0210,
  0xFDA4, 0x02FD, 0xFEB4, 0x00EC,  0xFE96, 0x0150, 0x0129, 0xFF11,
  0xFED7, 0xFF91, 0xFF84, 0x0060,  0x0058, 0xFC18, 0x02B8, 0xFBBB,
  0x013F, 0xFF0D, 0xFD8F, 0xFF5B,  0xFF02, 0x00E3, 0x0014, 0xFED6,
  0x0226, 0xFF03, 0x001B, 0x00A1,  0x0289, 0xFF70, 0x0275, 0xFEFF,
  0x0001, 0x00D6, 0xFE57, 0x030F,  0x0002, 0x012D, 0xFDB6, 0x03AD,
  0xFCFC, 0x0277, 0xFE1A, 0x00CC,  0xFEF2, 0x012D, 0xFE03, 0xFD8F,
  0x01B9, 0xFDF8, 0xFFDE, 0xFF12,  0x00F2, 0xFF2D, 0x004C, 0xFBE2,
  0x033A, 0xFEB8, 0x0133, 0x002F,  0x0059, 0xFF94, 0xFFF4, 0x013B,
  0x0143, 0x016F, 0x01FC, 0xFE58,  0x018B, 0xFFB8, 0x0114, 0x0237,
  0xFC08, 0x039C, 0xFE74, 0xFFD5,  0xFEF4, 0x018A, 0xFDAD, 0x02B1,
  0xFEED, 0x0048, 0x0094, 0xFC8D,  0x023C, 0xFDCE, 0x036E, 0xFE08,
  0xFF9B, 0x015A, 0xFE22, 0x01E4,  0xFF14, 0xFF50, 0x0385, 0xFF43,
  0x00D0, 0xFFC1, 0x004E, 0x0336,  0xFBF3, 0x0334, 0xFFA2, 0xFD8C,
  0x01D0, 0xFED9, 0xFD6F, 0x004E,  0xFE4B, 0xFE86, 0x01C9, 0xFDE7,
  0x0017, 0xFF20, 0x000E, 0xFF8A,  0x015E, 0xFD32, 0x0393, 0xFC9B,
  0x003E, 0x01A2, 0xFB8B, 0x045F,  0xFE92, 0x0254, 0xFDD5, 0x01DB,
  0xFF74, 0x009D, 0x014E, 0xFF20,  0x016C, 0xFE99, 0x007E, 0x0071,
  0xFE73, 0xFE33, 0x016C, 0xFE70,  0x00F8, 0xFF01, 0x0106, 0x0254,
  0xFC84, 0x03C1, 0xFE09, 0x0311,  0xFE99, 0xFF46, 0x032D, 0xFBEE,
  0x02D6, 0xFC9E, 0x0378, 0xFC47,  0x0444, 0xFF9B, 0xFE86, 0x01CC,
  0xFF0B, 0x00F4, 0xFF7D, 0x01DF,  0xFFEB, 0x01F8, 0xFBEF, 0x0664,
  0xF9C1, 0x00C9, 0x00A5, 0xFC96,  0x03C8, 0xFFB0, 0xFDBD, 0x03A4,
  0xFF17, 0xFF5A, 0x033C, 0xFBF1,  0x02B1, 0xFC85, 0x02A5, 0xFE39,
  0xFEAC, 0x0285, 0xFD85, 0x01C5,  0x01CC, 0xFECA, 0x016F, 0x00E7,
  0xFEC3, 0xFEF4, 0x009C, 0xFF67,  0xFFF3, 0x00DC, 0x001A, 0xFFB8,
  0xFEE1, 0x0189, 0xFD72, 0x010A,  0xFFD4, 0x0093, 0x001C, 0x0006,
  0xFF29, 0xFED0, 0xFF7C, 0xFF92,  0x032E, 0xFB2D, 0x02A1, 0xFEC8,
  0xFE9C, 0x0249, 0xFD2C, 0x039C,  0xFD22, 0x038D, 0xFC62, 0x0271,
  0xFEFD, 0xFBF7, 0x04B8, 0xFB32,  0x059A, 0xFB27, 0x02F8, 0xFDE9,
  0x002C, 0x012F, 0xFECE, 0x0084,  0x0083, 0x0115, 0xFCF7, 0x03E1,
  0xFC6B, 0x04A7, 0xFAD2, 0x02D9,  0xFECC, 0x021D, 0xFF11, 0xFE61,
  0x03F8, 0xFC04, 0x035F, 0xFC01,  0x0479, 0xFE5A, 0x00EB, 0xFFA3,
  0xFF93, 0x0045, 0xFD6F, 0x03D3,  0xFD8C, 0x00E6, 0xFE55, 0x0300,
  0xFEFC, 0xFDF2, 0x0475, 0xFB9E,  0x03F4, 0xFD60, 0x027C, 0xFFF3,
  0xFCE1, 0x0400, 0xFDC4, 0x00E6,  0xFF85, 0x0218, 0xFDD9, 0x01DC,
  0x0026, 0xFDD2, 0x0215, 0xFC46,  0x03BC, 0xFD44, 0x00FE, 0x020F,
  0xFBD2, 0x038E, 0xFE2E, 0x00F8,  0xFF47, 0x0056, 0x0094, 0x0213,
  0xFE71, 0xFF3C, 0x0268, 0x0012,  0xFF23, 0x0181, 0x0027, 0xFD54,
  0x0271, 0xFE42, 0xFEDC, 0xFFB5,  0xFF6D, 0xFF67, 0x012F, 0xFF35,
  0xFF99, 0x008C, 0xFFE7, 0xFF20,  0x0168, 0xFE83, 0x0213, 0xFE49,
  0xFFF1, 0x017E, 0xFBB3, 0x0477,  0xFDB6, 0x01D1, 0xFEF1, 0x012D,
  0xFFAD, 0xFF3D, 0x01A3, 0xFEB1,  0x012B, 0xFEC9, 0x01BD, 0xFEAC,
  0x0060, 0xFCF5, 0x02D3, 0xFCFA,  0x0084, 0x012B, 0xFEE6, 0x02C7,
  0xFC76, 0x0348, 0xFD9E, 0x0311,  0xFD00, 0x017D, 0xFFC7, 0xFFD2,
  0x00AF, 0xFD32, 0x04CF, 0xFA5C,  0x0598, 0xFD20, 0x01DD, 0xFFE0,
  0xFF45, 0x01D3, 0xFCF9, 0x0387,  0xFE84, 0x0184, 0xFD52, 0x046B,
  0xFBCA, 0x00AF, 0xFF89, 0xFF05,  0x01A0, 0xFE8F, 0x0164, 0xFECB,
  0x02CE, 0xFDCE, 0x0190, 0xFE9F,  0x001E, 0xFFC0, 0xFFC8, 0xFF72,
  0xFF54, 0x0145, 0xFFAF, 0x0007,  0x0221, 0xFFC8, 0x003F, 0x00CE,
  0xFF7A, 0xFF3E, 0x0025, 0xFF86,  0xFF3D, 0x02ED, 0xFD5B, 0x01CC,
  0xFEC0, 0x00B3, 0x0012, 0xFE89,  0x01C2, 0xFFC7, 0xFFD5, 0x00B7,
  0xFE16, 0x014D, 0xFEBC, 0xFFC1,  0x02A6, 0xFBE8, 0x02D4, 0xFE0D,
  0xFF1A, 0x0182, 0xFFC1, 0x011A,  0xFFF6, 0xFF92, 0x00E7, 0xFF65,
  0x0129, 0xFE36, 0x00A9, 0xFFF0,  0xFF93, 0xFF3A, 0x000D, 0x0105,
  0xFEC2, 0x0092, 0x0006, 0xFF86,  0x004D, 0x0064, 0xFE5F, 0x027D,
  0xFEA7, 0x0243, 0xFC31, 0x01A4,  0xFFF2, 0x003A, 0x0042, 0xFF4E,
  0x023A, 0xFE85, 0x0009, 0xFFBD,  0x0151, 0xFF34, 0x0096, 0xFF1E,
  0x0135, 0xFE68, 0xFF83, 0x018E,  0xFE6E, 0x0099, 0xFFBD, 0x00D9,
  0x00CB, 0xFEEE, 0x024E, 0xFD39,  0x019A, 0xFE89, 0x01CE, 0xFF2A,
  0xFEA1, 0x01A4, 0xFE92, 0xFFBA,  0x001B, 0x01A8, 0xFE0D, 0x021D,
  0xFFD4, 0xFF1C, 0x0037, 0x0003,  0x00D0, 0xFD03, 0x02BA, 0x0130,
  0xFC23, 0x02E9, 0xFDBC, 0x0261,  0xFCF4, 0x0281, 0xFF52, 0x0095,
  0x0127, 0xFD16, 0x0350, 0xFFA5,  0xFEFA, 0x0123, 0x00B0, 0xFD10,
  0x0395, 0xFDCB, 0xFE45, 0x00DE,  0x0095, 0xFEB6, 0x0106, 0xFFE3,
  0x003F, 0xFEA7, 0x01D2, 0xFF64,  0x0073, 0x000B, 0x0101, 0xFF98,
  0xFEC5, 0x0227, 0xFD0B, 0x02A0,  0xFCD7, 0x043F, 0xFD45, 0x011C,
  0x01B3, 0xFAB4, 0x072C, 0xFB03,  0x009A, 0x0172, 0xFF88, 0x0026,
  0xFE51, 0x03AC, 0xFBB5, 0x0325,  0xFD31, 0x0261, 0xFED6, 0xFE53,
  0x04BB, 0xFDCA, 0x0065, 0xFD65,  0x02E1, 0xFB78, 0x02DF, 0xFE40,
  0x012D, 0x031E, 0xFB0C, 0x06EC,  0xF95E, 0x03D2, 0xFF23, 0xFFA2,
  0x011C, 0xFDB3, 0x0255, 0xFBBB,  0x02C8, 0xFEEC, 0x023D, 0xFE64,
  0x012A, 0xFFF7, 0x003B, 0xFF88,  0xFF02, 0xFFD5, 0x015E, 0xFE21,
  0x00D5, 0x0126, 0xFD3B, 0x03DB,  0xFDDE, 0xFF8C, 0x00C1, 0xFFF8,
  0x0024, 0xFEEE, 0x02A1, 0xFE65,  0x0000, 0x0085, 0xFE49, 0x02AA,
  0xFC78, 0x0277, 0xFED5, 0x00F4,  0xFEA1, 0xFFE1, 0x01FA, 0xFDC7,
  0x00E5, 0x0198, 0xFD90, 0x00DD,  0xFFED, 0xFFEF, 0x00BE, 0xFD85,
  0x02F1, 0xFDEE, 0x01AD, 0x00AB,  0xFEDA, 0x0160, 0xFE5C, 0x0076,
  0x0046, 0xFE63, 0x0246, 0xFE18,  0x037F, 0xFC9D, 0x02CB, 0xFE84,
  0x0030, 0x00D9, 0xFD80, 0x03B5,  0xFA88, 0x04E0, 0xFDEA, 0x00B1,
  0xFF94, 0xFEF5, 0x014C, 0xFE7A,  0x028F, 0xFF30, 0x0027, 0xFEBA,
  0x00AB, 0x0069, 0xFF78, 0xFF5D,  0x01D0, 0xFE95, 0x003A, 0x0291,
  0xFC45, 0x0304, 0xFEA6, 0x002F,  0x006A, 0xFE50, 0x01D5, 0xFFD8,
  0xFF8A, 0xFFB7, 0x0017, 0x00D1,  0xFDC8, 0x011C, 0x0193, 0xFED5,
  0x006D, 0x004F, 0xFF8E, 0x0085,  0xFEB2, 0x015A, 0xFE52, 0x01B1,
  0xFF78, 0xFFC7, 0x0066, 0xFD57,  0x0380, 0xFBDF, 0x0601, 0xFA37,
  0x03CE, 0xFED4, 0xFFDD, 0x0132,  0xFD62, 0x0137, 0x0112, 0xFE5F,
  0xFFA9, 0x0437, 0xF94C, 0x0741,  0xF8AF, 0x0529, 0xFCEE, 0x02A1,
  0xFF03, 0xFF59, 0x03EA, 0xF9CC,  0x0586, 0xFC84, 0x022C, 0xFFFC,
  0xFF83, 0x0139, 0xFEBD, 0xFEEB,  0x03B2, 0xFBC8, 0x01ED, 0xFFDE,
  0xFF93, 0x0103, 0xFF1C, 0xFEDD,  0x02AF, 0xFDAC, 0x0057, 0xFF67,
  0x0021, 0x00B7, 0xFC94, 0x05E1,  0xFBE6, 0x0417, 0xFD5F, 0x0201,
  0xFD87, 0x02D2, 0xFDE6, 0x00FE,  0x0145, 0xFCAB, 0x02E4, 0xFD90,
  0x014C, 0xFE33, 0x0377, 0xFC85,  0x03C9, 0xFB00, 0x046B, 0xFDC3,
  0x0001, 0xFFF3, 0xFE69, 0x03FA,  0xFBA5, 0x0373, 0xFE3A, 0x0278,
  0xFDEB, 0x003D, 0x002B, 0x0027,  0xFF79, 0xFFF3, 0xFF30, 0x0215,
  0xFF45, 0xFE3C, 0x0359, 0xFDC0,  0x043A, 0xFD48, 0xFF1C, 0x0242,
  0xFC23, 0x02B9, 0xFDC3, 0x0118,  0x0057, 0xFF48, 0xFF5C, 0x00E1,
  0xFFDE, 0xFFCE, 0x01FA, 0xFC54,  0x0201, 0xFEF3, 0xFFD6, 0x009A,
  0xFF3B, 0x0170, 0xFF67, 0xFFFF,  0x00FB, 0xFDBE, 0x0325, 0xFE95,
  0x01A2, 0xFE6E, 0x0241, 0xFEEF,  0x00C5, 0x0092, 0xFCCC, 0x04FB,
  0xF941, 0x0568, 0xFBE1, 0x0416,  0xFCD7, 0x0084, 0x01AE, 0xFE21,
  0x021D, 0xFC68, 0x03A8, 0xFAAA,  0x0617, 0xFB19, 0x0216, 0x001A,
  0xFED2, 0x032E, 0xFC8F, 0x037D,  0xFEB2, 0x0036, 0xFF2A, 0x0023,
  0x012D, 0xFE73, 0x00FA, 0xFFCC,  0x005F, 0xFF50, 0x00DE, 0xFF7B,
  0xFF48, 0x00A4, 0xFEFF, 0x011C,  0xFFF3, 0x0050, 0xFF10, 0x0173,
  0xFF55, 0x00BD, 0xFE19, 0x0177,  0xFE8B, 0x0161, 0xFF73, 0x0039,
  0x005C, 0xFF20, 0x01C0, 0xFE5D,  0x025D, 0xFD80, 0x02A8, 0xFD19,
  0x0147, 0x009B, 0xFDAD, 0x024B,  0xFECE, 0x001D, 0xFFD9, 0x00AE,
  0x0004, 0xFEFC, 0x026C, 0xFCC6,  0x0330, 0xFD1E, 0x02BF, 0xFE94,
  0xFEE0, 0x02A5, 0xFB1A, 0x052A,  0xF9E0, 0x05C7, 0xFD96, 0xFFB1,
  0x01CF, 0xFE32, 0x011D, 0xFF02,  0x0244, 0xFD5A, 0x02E2, 0xFD96,
  0x016E, 0xFF98, 0xFED2, 0x031F,  0xFBF3, 0x02C2, 0xFDE2, 0x041D,
  0xFBAD, 0x01FA, 0x0258, 0xFB36,  0x02DC, 0xFD13, 0x03DA, 0xFB1D,
  0x03B0, 0xFFB6, 0xFD63, 0x023D,  0xFE56, 0xFFED, 0x0360, 0xFC30,
  0x0343, 0xFF86, 0xFDEC, 0x029F,  0xFE41, 0xFFCD, 0x01E0, 0xFDDF,
  0x0173, 0x012E, 0xFCF0, 0x03BF,  0xFBE8, 0x0500, 0xFB52, 0x0404,
  0xFD4F, 0xFFD3, 0x02B9, 0xFBE9,  0x03CD, 0xFBB3, 0x040F, 0xFD16,
  0x00C2, 0x01CA, 0xFDB9, 0x0276,  0xFD62, 0x010F, 0x008B, 0xFF72,
  0xFF37, 0x03C4, 0xFD96, 0xFFF1,  0x009C, 0xFC96, 0x03DA, 0xFBFC,
  0x0427, 0xFDE6, 0x0082, 0x0072,  0xFF27, 0x0100, 0x000C, 0xFF68,
  0xFF6D, 0x00D3, 0xFDB4, 0x019D,  0xFEA2, 0x021E, 0xFE46, 0x016A,
  0xFF26, 0x0100, 0x00B3, 0xFD87,  0x01A7, 0xFF25, 0x00DA, 0xFE98,
  0xFF74, 0x00EF, 0xFE72, 0x036D,  0xFE54, 0x0029, 0x0195, 0xFDB3,
  0x0253, 0xFCB3, 0x0372, 0xFE66,  0x00E9, 0xFF3F, 0x001C, 0x001D,
  0xFE49, 0x01B8, 0xFD66, 0x034B,  0xFC82, 0x02A4, 0xFF0C, 0x0049,
  0x0098, 0xFF9A, 0x001D, 0xFED5,  0x00EF, 0xFEFB, 0x003A, 0xFECB,
  0x0088, 0x010D, 0xFFEF, 0x0151,  0x0052, 0xFF20, 0x01BE, 0xFD59,
  0x00BA, 0x0129, 0xFEB7, 0x0124,  0xFFFA, 0xFEE7, 0x01B2, 0xFDEF,
  0x0353, 0xFDFC, 0xFF6F, 0x0212,  0xFC4B, 0x0403, 0xFC82, 0x0169,
  0x00CE, 0xFDD0, 0x01F5, 0xFDE1,  0x021A, 0xFD0E, 0x019F, 0x0007,
  0xFE14, 0x0475, 0xFD78, 0x0025,  0x0109, 0xFD81, 0x01A9, 0x00AE,
  0xFE9A, 0x01DF, 0xFDCA, 0x027F,  0xFBFF, 0x041C, 0xFD44, 0x0098,
  0x0025, 0x0104, 0xFFB0, 0x002D,  0xFFA2, 0xFF41, 0x031F, 0xF9D2,
  0x0693, 0xF938, 0x06FD, 0xFA9B,  0x0386, 0xFD0B, 0x01E2, 0x001B,
  0xFDD3, 0x0362, 0xFEBF, 0x0293,  0xFB3C, 0x0421, 0xFC66, 0x0297,
  0xFDC8, 0x024F, 0xFDA6, 0x02C9,  0xFCF8, 0x0133, 0xFFB9, 0x008F,
  0xFF07, 0x01E2, 0xFE48, 0x018B,  0xFDBF, 0x0022, 0x00D8, 0xFDDA,
  0x0315, 0xFE99, 0x00DD, 0xFED7,  0x03B0, 0xFACB, 0x067B, 0xF90E,
  0x0648, 0xFB63, 0x032D, 0xFDE4,  0xFFB6, 0x00BE, 0xFEDF, 0x0203,
  0xFCDE, 0x020D, 0xFF5D, 0x001C,  0xFE13, 0x04EC, 0xFC57, 0x03FA,
  0xFA96, 0x0535, 0xFB5E, 0x02C0,  0xFD59, 0x02DF, 0xFE45, 0x023B,
  0xFC46, 0x0454, 0xFE2F, 0xFF4D,  0x02A9, 0xFB8D, 0x07B0, 0xF7F1,
  0x05AB, 0xF972, 0x06C6, 0xF9F4,  0x04A5, 0xFD51, 0x0257, 0xFDAA,
  0x0219, 0xFF62, 0xFF7B, 0xFFE0,  0xFFB3, 0x01D6, 0xFB30, 0x07D9,
  0xF867, 0x04FE, 0xFE70, 0x0015,  0x000F, 0x0068, 0x0082, 0xFE73,
  0x0062, 0x017C, 0xFB32, 0x0601,  0xFB67, 0x0393, 0xFDFE, 0x01AF,
  0xFF43, 0xFE2F, 0x01B4, 0xFE3D,  0x01DE, 0xFEBD, 0x0391, 0xFB93,
  0x054F, 0xFAD8, 0x028D, 0xFF24,  0xFDFB, 0x0249, 0xFDC1, 0x00BE,
  0x011C, 0xFCF2, 0x043F, 0xFCB3,  0x02DA, 0xFE63, 0x0295, 0xFCCE,
  0x02D0, 0xFF34, 0xFE62, 0x01F2,  0xFC47, 0x0564, 0xFB7E, 0x0369,
  0xFD8D, 0x01DA, 0xFDD4, 0x017C,  0xFED2, 0x022D, 0xFDC1, 0x021F,
  0xFE20, 0x00B1, 0xFFAD, 0x0129,  0xFECF, 0x024A, 0xFDC0, 0xFEB3,
  0x0383, 0xFB4D, 0x0492, 0xFCD8,  0x038A, 0xFCB8, 0x024C, 0xFDFB,
  0x0194, 0xFF8B, 0xFFC6, 0x00A3,  0x007E, 0xFF1D, 0xFEE8, 0x0239,
  0xFD47, 0x016D, 0x007E, 0xFEB1,  0x0137, 0xFF9E, 0x014F, 0xFDE8,
  0x020F, 0x00BD, 0xFD8C, 0x0262,  0xFDB0, 0x01FE, 0xFE2E, 0xFFEB,
  0x000C, 0x021D, 0xFDCC, 0x0196,  0xFFB0, 0x00F3, 0xFE4D, 0x0077,
  0x00E4, 0xFE7C, 0x0119, 0xFEB4,  0x01B8, 0xFEB3, 0x0028, 0xFF86,
  0xFFC9, 0x013F, 0xFDD8, 0x01F3,  0xFFC8, 0xFDA1, 0x0348, 0xFCE9,
  0x03A9, 0xFDB5, 0x01A3, 0xFE3B,  0x001B, 0x0124, 0xFE56, 0x0139,
  0xFFF7, 0xFFD9, 0xFFC9, 0xFFFA,  0x0022, 0xFF75, 0xFF7B, 0x01BB,
  0xFF75, 0xFFF5, 0xFFCA, 0xFFA5,  0x0067, 0x01EA, 0xFC22, 0x048F,
  0xFC9C, 0x021D, 0xFE5B, 0xFF02,  0x027B, 0xFC22, 0x03CC, 0xFFA5,
  0x007B, 0xFF9A, 0xFE41, 0x02CC,  0xFD4B, 0x012F, 0x0051, 0xFEDF,
  0x01AF, 0xFDD5, 0x0155, 0xFF45,  0x0091, 0xFFCD, 0x0108, 0xFE55,
  0x019B, 0xFF9C, 0xFFAB, 0x0019,  0xFF04, 0x02A4, 0xFBCD, 0x023A,
  0x019A, 0xFD96, 0x023C, 0xFE1B,  0x0266, 0xFCD6, 0x03BC, 0xFC3A,
  0x02EF, 0xFE59, 0xFF5B, 0x0477,  0xF96B, 0x07D6, 0xF976, 0x0514,
  0xFB91, 0x0083, 0x02A8, 0xFBEA,  0x04B6, 0xFAC7, 0x0401, 0xFF17,
  0xFE95, 0x01F8, 0xFEE4, 0xFFCA,  0x016A, 0xFE9C, 0x00E6, 0xFF4F,
  0xFF51, 0x02B2, 0xFCA3, 0x00B8,  0x0103, 0xFE82, 0x012B, 0x0031,
  0xFE9E, 0x01B7, 0xFE40, 0x0114,  0xFEFB, 0x02D7, 0xFE38, 0x01A4,
  0xFF57, 0xFFCA, 0xFF84, 0xFEFF,  0x00C4, 0xFF58, 0x0221, 0xFD7E,
  0x0218, 0xFD73, 0x033D, 0xFC4E,  0x03A0, 0xFC6E, 0x022D, 0xFF28,
  0xFF26, 0x020B, 0xFF2A, 0x0015,  0x0073, 0xFEB4, 0x0096, 0xFFB6,
  0xFF64, 0x021B, 0xFD1D, 0x02F8,  0xFDA1, 0xFF81, 0x015B, 0x008F,
  0xFE7F, 0x0473, 0xFB4C, 0x04A4,  0xFA3A, 0x057C, 0xFC1B, 0x024F,
  0xFE9B, 0xFF86, 0x02E8, 0xFB8C,  0x0569, 0xFA34, 0x0601, 0xFAF4,
  0x03E4, 0xFC8A, 0x0302, 0xFD22,  0x03E1, 0xFC02, 0x0262, 0x0011,
  0xFC89, 0x0697, 0xF872, 0x067C,  0xFA6B, 0x03DC, 0xFD1A, 0xFFFF,
  0x016E, 0xFF84, 0x00B8, 0xFD1A,  0x057D, 0xFBFE, 0x0214, 0xFF21,
  0x0087, 0x0008, 0xFEB7, 0x0231,  0xFFA8, 0xFF1F, 0x0004, 0x0028,
  0x002D, 0xFFB4, 0x0002, 0x0166,  0xFE23, 0x0115, 0xFD92, 0x0349,
  0xFCDF, 0x00F3, 0x00D3, 0xFDE4,  0x0339, 0xFD50, 0x014D, 0xFF29,
  0x007E, 0x00CD, 0xFED2, 0x002A,  0x00D9, 0xFFE0, 0x00EF, 0xFD7B,
  0x02D3, 0xFF0D, 0xFD1E, 0x0438,  0xFDB9, 0x00FD, 0xFFDD, 0x0014,
  0x0130, 0xFEA7, 0xFE5F, 0x015D,  0xFEC7, 0xFFD4, 0x01A5, 0xFE7C,
  0x0279, 0xFD5C, 0xFF83, 0x0216,  0xFE01, 0x007A, 0x02C2, 0xFCD0,
  0x01CC, 0xFEEB, 0x01F7, 0xFDEE,  0xFEB5, 0x0552, 0xFBC1, 0x0297,
  0xFE2D, 0x0284, 0xFD85, 0xFFF2,  0x021B, 0xFE12, 0x0146, 0xFEBF,
  0x0145, 0x0027, 0xFF18, 0x000E,  0x0169, 0xFBA5, 0x037F, 0xFE2E,
  0x0058, 0x0121, 0xFF99, 0xFFEC,  0xFF85, 0xFFA8, 0xFE89, 0x0363,
  0xFCA1, 0x0389, 0xFDBE, 0x030F,  0xFD39, 0x0142, 0x007C, 0xFE8A,
  0x00CF, 0xFFCF, 0xFF8A, 0x005A,  0xFF57, 0xFF10, 0x0386, 0xFB8E,
  0x04F1, 0xFD45, 0x02AB, 0xFB4E,  0x05DD, 0xFC05, 0x0099, 0xFF9F,
  0x00ED, 0xFF79, 0xFDC7, 0x058C,  0xF89A, 0x07D3, 0xFA0D, 0x047C,
  0xFBB3, 0x038F, 0xFCB1, 0x0363,  0xFF39, 0xFE79, 0x02C6, 0xFB2E,
  0x050B, 0xFC5F, 0x020B, 0xFD79,  0x024A, 0xFC08, 0x0555, 0xFC14,
  0x02BE, 0x000B, 0xFE2F, 0x0269,  0xFDBE, 0x0233, 0xFE19, 0x011E,
  0xFFE7, 0xFFE3, 0xFF43, 0x00F0,  0xFE3A, 0x0233, 0xFCBA, 0x038C,
  0xFDFE, 0x0009, 0x0306, 0xFCC9,  0x0220, 0xFE30, 0x004C, 0x00E9,
  0xFF5E, 0xFE78, 0x01A2, 0xFFAE,  0xFF65, 0xFF94, 0x0025, 0x016A,
  0xFD7F, 0x0398, 0xFDC8, 0x01BF,  0xFE9C, 0xFF58, 0x01FC, 0xFDDC,
  0x019C, 0xFE21, 0x0312, 0xFE05,  0x01D7, 0xFC3D, 0x023D, 0xFF7E,
  0x0094, 0x003C, 0xFF0E, 0x0140,  0xFEE2, 0x0101, 0xFE4E, 0x026E,
  0xFD7D, 0x035A, 0xFC76, 0x03DE,  0xFE7D, 0xFF40, 0x0173, 0xFD32,
  0x02E3, 0xFD30, 0x0277, 0xFFA7,  0xFE24, 0x01FD, 0xFF50, 0x003B,
  0xFFA1, 0x0039, 0xFFE4, 0xFFC8,  0x013A, 0xFD14, 0x01AF, 0x0094,
  0xFE08, 0x023C, 0xFE44, 0x000C,  0x0210, 0xFBE2, 0x0538, 0xFC54,
  0x00E5, 0x00E2, 0xFDCD, 0x022E,  0xFFDD, 0x00CF, 0x001D, 0xFFB7,
  0xFF04, 0xFFC2, 0x004B, 0xFF41,  0xFF0A, 0x0504, 0xF99D, 0x0524,
  0xFC79, 0x0224, 0xFEE9, 0xFE48,  0x03F3, 0xFC12, 0x0332, 0xFE36,
  0xFFC1, 0x0255, 0xFE3E, 0x001B,  0x0192, 0xFD06, 0x0233, 0xFEC7,
  0x00C5, 0xFF33, 0x0159, 0xFD30,  0x02CB, 0xFE6F, 0x01F2, 0xFED5,
  0x0008, 0x0041, 0xFF3E, 0x021A,  0xFD74, 0x0157, 0xFE73, 0x023B,
  0xFEFB, 0x009C, 0xFF8F, 0xFFB3,  0xFFC6, 0x00EA, 0xFE23, 0x00DD,
  0xFF89, 0x036C, 0xFBBF, 0x0353,  0xFD5A, 0x010B, 0x0070, 0xFDF3,
  0x0296, 0xFD83, 0x03DD, 0xFAF5,  0x05D5, 0xF941, 0x0610, 0xFBCC,
  0x0002, 0x033E, 0xFC68, 0x0482,  0xFCF2, 0x0243, 0xFE8E, 0x0158,
  0xFCED, 0x038B, 0xFE42, 0x0066,  0x0091, 0xFE9E, 0xFFDF, 0x002D,
  0xFEEF, 0x00CB, 0xFFA2, 0xFFDD,  0x030C, 0xFC20, 0x01FB, 0x0039,
  0xFF3F, 0x00EA, 0xFF19, 0x0083,  0x00F2, 0xFD9B, 0x02D8, 0xFDED,
  0x00C3, 0x0006, 0xFF1E, 0x020C,  0xFF9D, 0xFFAD, 0x009B, 0xFF71,
  0xFF59, 0x010D, 0xFF7C, 0x0075,  0xFFC1, 0x0025, 0xFE6F, 0x0300,
  0xFE55, 0xFF93, 0x01B0, 0xFDFE,  0xFF5B, 0x023F, 0xFB5B, 0x039A,
  0xFF67, 0xFF1D, 0x026D, 0xFE22,  0x02DF, 0xFC56, 0x043A, 0xFCCB,
  0x01E6, 0xFF82, 0xFDFE, 0x0397,  0xFC1B, 0x02FF, 0xFE69, 0xFF49,
  0x0085, 0x01D5, 0xFD95, 0x02BD,  0xFF47, 0xFE43, 0x0385, 0xF930,
  0x0664, 0xFC00, 0x01F6, 0xFFBA,  0xFF27, 0x0232, 0xFE09, 0x01DB,
  0xFD50, 0x029C, 0xFDB0, 0x0137,  0x0026, 0xFF1C, 0x0258, 0xFD45,
  0x018D, 0xFF64, 0xFF30, 0x023F,  0xFCCB, 0x03EA, 0xFD9D, 0x015A,
  0xFE58, 0x01AA, 0xFD4A, 0x022E,  0xFFAC, 0xFF08, 0x02F1, 0xFCBC,
  0x02AD, 0xFF57, 0xFFE0, 0xFEE4,  0x02B6, 0xFCA7, 0x0158, 0xFDC0,
  0x03A8, 0xFCD1, 0x0152, 0x01DB,  0xFB02, 0x04FE, 0xFD30, 0xFEB9,
  0x0389, 0xFDB8, 0x0221, 0xFE3F,  0x00E0, 0xFF07, 0x0066, 0x0258,
  0xFC40, 0x0188, 0xFFCB, 0x0043,  0xFEA1, 0x028A, 0xFC57, 0x0437,
  0xFC58, 0x0156, 0x0271, 0xFECC,  0x015F, 0xFEE1, 0x006D, 0xFFBE,
  0xFFCF, 0xFF47, 0xFF34, 0x0122,  0x00D0, 0xFD54, 0x0368, 0xFDF0,
  0x0196, 0xFE70, 0x0012, 0xFFA1,  0x019D, 0xFEE0, 0xFFC5, 0x0193,
  0xFED0, 0x00CD, 0xFE91, 0x01B2,  0xFDA6, 0x01F7, 0x008B, 0xFE28,
  0x00C6, 0xFEB4, 0x0152, 0xFEE0,  0x00A4, 0x00BE, 0xFEF7, 0x01A8,
  0xFD6B, 0x02A6, 0xFCB0, 0x03FF,  0xFE75, 0xFF16, 0x0271, 0xFCA8,
  0x0344, 0xFD08, 0x0383, 0xFAD5,  0x04A3, 0xFE48, 0xFDB7, 0x0504,
  0xFC57, 0x0194, 0x0141, 0xFFF3,  0xFEEB, 0x004A, 0xFF7A, 0xFF52,
  0xFF5B, 0x0113, 0xFF2A, 0xFFD3,  0x0165, 0xFFED, 0x0029, 0x0158,
  0xFE59, 0x021D, 0xFBA5, 0x0459,  0xFCA8, 0x015A, 0x003E, 0xFD98,
  0x03B0, 0xFC59, 0x01DC, 0xFF79,  0x0201, 0xFCD2, 0x04C0, 0xFBB8,
  0x0343, 0xFD37, 0x00A9, 0x004B,  0xFF3D, 0x0195, 0xFEAA, 0x0137,
  0xFE43, 0x00B4, 0xFFE1, 0x00FD,  0xFE34, 0x0385, 0xFBE4, 0x0509,
  0xFC1A, 0x02C4, 0xFE20, 0x0030,  0x002F, 0xFF6F, 0xFE66, 0x0174,
  0x0263, 0xFC9E, 0x0414, 0xFA69,  0x04A7, 0xFCF1, 0x00E2, 0x00C1,
  0x0054, 0xFEDE, 0xFF67, 0x0253,  0xFDAA, 0xFFD8, 0x0157, 0xFF88,
  0x00AC, 0x00AE, 0xFE0C, 0x01B7,  0xFF48, 0xFFAB, 0x019E, 0xFFA7,
  0xFFE4, 0x0073, 0xFF30, 0xFF6E,  0xFFAB, 0xFFB7, 0x0152, 0xFFCA,
  0xFED7, 0x01FE, 0xFF4A, 0xFF9C,  0x0003, 0xFFBE, 0x0141, 0xFDD3,
  0x01D1, 0xFF42, 0x0086, 0xFFD4,  0xFFE2, 0xFF0E, 0x00BF, 0xFFEF,
  0xFD0D, 0x0496, 0xFC1D, 0x031A,  0xFBFD, 0x03CC, 0xFFC5, 0x003F,
  0xFF25, 0xFFAF, 0x0227, 0xFB5B,  0x0412, 0xFBD9, 0x04A0, 0xFD17,
  0x016E, 0xFF7A, 0x0119, 0x0048,  0xFD64, 0x0380, 0xFECC, 0x0001,
  0x0041, 0xFFE7, 0xFED3, 0x00D5,  0xFE3B, 0x011F, 0xFEB9, 0x01A5,
  0xFFFA, 0xFFE6, 0x0287, 0xFC3C,  0x02A8, 0xFD52, 0x0241, 0xFE42,
  0x0059, 0x017D, 0xFDBF, 0x00EF,  0xFEC9, 0x0193, 0xFE23, 0x0326,
  0xFD0D, 0x038E, 0xFE67, 0xFFF0,  0x00F7, 0xFC7E, 0x03DE, 0xFD0D,
  0x0097, 0x03AA, 0xFAE5, 0x0454,  0xFE65, 0xFDEE, 0x03FC, 0xFAF2,
  0x04BB, 0xFB5C, 0x0437, 0xFE17,  0x0094, 0xFF62, 0x0020, 0xFF51,
  0xFF45, 0x02A6, 0xFABC, 0x06CD,  0xF9E5, 0x05F6, 0xFC2D, 0x025B,
  0xFF3B, 0xFE67, 0x0285, 0xFDB7,  0x034A, 0xFC79, 0x0307, 0xFC63,
  0x02C0, 0xFDB2, 0xFFAE, 0x02AD,  0xFF76, 0x0003, 0x0021, 0x001E,
  0xFEE3, 0x018B, 0xFE11, 0xFF12,  0x0545, 0xF9E7, 0x0497, 0xFE31,
  0xFF49, 0x0213, 0xFD34, 0x037C,  0xFC60, 0x0289, 0xFD53, 0x01E8,
  0xFE8C, 0x01F8, 0xFCAA, 0x0332,  0xFE7A, 0xFFCB, 0x0042, 0xFFE3,
  0x016C, 0xFCD4, 0x04A4, 0xFCA1,  0x0300, 0xFD55, 0x0306, 0xFE01,
  0x007B, 0x00D8, 0xFD4B, 0x0458,  0xFC07, 0x0291, 0xFD2B, 0x0258,
  0xFE1F, 0xFF1D, 0x0427, 0xFA60,  0x05C0, 0xFD0A, 0xFFC0, 0x009E,
  0x0030, 0x005D, 0x0114, 0xFE09,  0x0220, 0xFF41, 0xFF73, 0x00B4,
  0xFD94, 0x0275, 0xFE26, 0x0059,  0x0183, 0x0020, 0xFDB8, 0x0340,
  0xFD63, 0x02FB, 0xFBCB, 0x02F6,  0xFF69, 0x003C, 0xFFB6, 0x0015,
  0xFF7F, 0xFF59, 0x0122, 0xFDBB,  0x030D, 0xFF58, 0x011A, 0xFEAC,
  0x01AE, 0xFC28, 0x03F8, 0xFC25,  0x029E, 0xFFDF, 0xFF15, 0x02C1,
  0xFC8B, 0x01D1, 0xFFD7, 0xFD9C,  0x030D, 0xFEBF, 0x00BE, 0x006D,
  0xFF5A, 0xFFD6, 0xFFE3, 0xFE16,  0x00A1, 0x00BB, 0xFE6B, 0x03E9,
  0xFCE5, 0x03F7, 0xFB65, 0x04EE,  0xFA25, 0x069C, 0xFB82, 0x011D,
  0x0181, 0xFC75, 0x0505, 0xFAAB,  0x0469, 0xFC87, 0x0489, 0xFADC,
  0x0438, 0xFE8F, 0xFFAC, 0xFF43,  0x00AC, 0xFB7D, 0x050A, 0xFE05,
  0xFEA0, 0x0455, 0xFB92, 0x0260,  0x0042, 0xFFAB, 0xFE24, 0x04DC,
  0xFB13, 0x0456, 0xFCA3, 0x02DA,  0xFD3A, 0x00C6, 0x0171, 0xFE93,
  0x0058, 0xFEA9, 0x0466, 0xFBD8,  0x0463, 0xFC13, 0x0187, 0xFF62,
  0x010D, 0xFEC6, 0xFEBD, 0x0315,  0xFC4D, 0x02A0, 0x0081, 0x0063,
  0xFFB4, 0x0008, 0xFE51, 0xFFAC,  0x0067, 0xFFA5, 0x0021, 0x0169,
  0xFF79, 0xFFB8, 0x00B3, 0xFEDC,  0x0127, 0xFF13, 0xFF88, 0x026C,
  0xFD68, 0x01DB, 0xFE1E, 0x015B,  0xFF13, 0x000C, 0x0138, 0xFDF9,
  0x0461, 0xFAAE, 0x0580, 0xFC08,  0x0181, 0xFFE3, 0xFED5, 0x0276,
  0xFD5A, 0x02D0, 0xFD97, 0x007A,  0xFF5E, 0x0085, 0xFEDC, 0x0110,
  0xFF86, 0x0134, 0xFEFE, 0x0156,  0xFD99, 0xFFBD, 0x0136, 0xFD5F,
  0x0459, 0xFCAA, 0x0391, 0xFDE4,  0x00F6, 0xFFDD, 0xFEE8, 0x019D,
  0xFDC4, 0x03BB, 0xFC3F, 0x02D4,  0xFE88, 0x006A, 0xFF59, 0xFFB7,
  0x0133, 0xFF1F, 0xFFFE, 0xFFF0,  0x0024, 0xFFFE, 0x01E9, 0xFD34,
  0x0135, 0x00FB, 0xFD32, 0x0155,  0xFFF4, 0xFF29, 0x038E, 0xFBBA,
  0x0195, 0x0164, 0xFD68, 0x0173,  0x003F, 0x0176, 0xFE74, 0x0062,
  0xFFD3, 0xFF53, 0x014C, 0xFEC4,  0x01C9, 0xFDD2, 0x027C, 0xFE10,
  0x011C, 0x00E4, 0xFD2B, 0x012B,  0xFE72, 0x020F, 0xFE4D, 0x00D8,
  0x008A, 0xFFA1, 0x005E, 0xFE4C,  0x00FD, 0x019F, 0xFCD8, 0x0523,
  0xFC9B, 0x014B, 0x004E, 0x0003,  0xFEE0, 0xFEA3, 0x0245, 0xFE80,
  0x00D4, 0xFEA2, 0x0190, 0xFE87,  0x035C, 0xFB74, 0x0329, 0xFE29,
  0x0116, 0x0048, 0xFF93, 0x024F,  0xFCD4, 0x0178, 0xFDC3, 0x015F,
  0xFE7B, 0x02B2, 0xFDC3, 0x01BE,  0x00C1, 0xFE96, 0x005C, 0xFE5E,
  0x00DB, 0xFEBE, 0x0225, 0xFE46,  0x042B, 0xFC62, 0x01C2, 0x00B8,
  0xFE04, 0x0054, 0xFFDD, 0x016C,  0xFDCE, 0x02CD, 0xFBE8, 0x04F3,
  0xFAFD, 0x032B, 0xFDC9, 0x0129,  0x003E, 0xFEE0, 0x0273, 0xFCBB,
  0x045C, 0xFDBE, 0x0137, 0xFE7F,  0x00EA, 0xFDFB, 0x0292, 0xFB7E,
  0x04DF, 0xFD26, 0x00A4, 0x005B,  0xFF84, 0x016F, 0xFE76, 0x0332,
  0xFBE3, 0x05DA, 0xFAB9, 0x02CC,  0xFDBC, 0x00D7, 0xFF10, 0x000C,
  0xFFBE, 0xFEC2, 0x0413, 0xFBDD,  0x03C8, 0xFCD0, 0x010C, 0xFFBC,
  0xFEA5, 0x016A, 0x0269, 0xFDA8,  0x012B, 0x005F, 0xFECD, 0x0160,
  0xFC9E, 0x02FC, 0xFCD8, 0x026B,  0x00B5, 0xFD6C, 0x0409, 0xFD78,
  0x0131, 0x00AE, 0xFD09, 0x038F,  0xFE24, 0x00A3, 0xFF36, 0x0067,
  0xFFA1, 0xFCDE, 0x02AF, 0xFCDF,  0x02D2, 0x0022, 0xFD07, 0x069E,
  0xFA93, 0x0025, 0x045B, 0xFA3C,  0x0579, 0xFDDD, 0x0146, 0x00C0,
  0xFE95, 0x01F8, 0xFC2C, 0x0277,  0xFE1B, 0xFF74, 0x0179, 0x0068,
  0xFFD9, 0x00D3, 0xFE3C, 0x00BF,  0xFF95, 0xFE9D, 0x037B, 0xFC9E,
  0x04AB, 0xFC67, 0x015C, 0x0068,  0xFC7D, 0x031E, 0xFCEE, 0x0210,
  0xFE95, 0x01D3, 0xFF2E, 0x00F9,  0xFE76, 0x00FD, 0x0110, 0xFE83,
  0x01CA, 0x000E, 0x00B5, 0xFD60,  0x0204, 0xFE7A, 0x0003, 0xFF64,
  0x00E5, 0x0116, 0xFCE4, 0x03D0,  0xFE65, 0x0050, 0x008A, 0xFDE6,
  0x0185, 0xFE8B, 0x0143, 0xFDFC,  0x02B0, 0x0009, 0xFFB4, 0xFF6C,
  0xFF37, 0x010F, 0xFDAD, 0x0257,  0xFD02, 0x0436, 0xFCBE, 0x0103,
  0x00AF, 0xFDBF, 0x01B6, 0xFF80,  0x017D, 0xFDA8, 0x02B5, 0xFD49,
  0x01B8, 0xFF5B, 0xFFDC, 0x012D,  0x0030, 0xFF2D, 0x0176, 0xFF5B,
  0xFF37, 0x014C, 0xFE64, 0x00E6,  0xFE16, 0x01FD, 0xFF57, 0x019F,
  0xFF60, 0xFF2A, 0x01AF, 0xFE80,  0xFFB9, 0xFF84, 0xFF53, 0x01DB,
  0xFDA2, 0x0269, 0x00F9, 0xFDE5,  0x0284, 0xFDBE, 0x00F8, 0x0180,
  0xFEA8, 0x018D, 0xFFC1, 0x007F,  0x002B, 0xFDE1, 0x00F6, 0x0042,
  0xFD56, 0x007E, 0x00C1, 0xFDD3,  0x02BB, 0xFC56, 0x03BB, 0xFE32,
  0xFE9D, 0x03D0, 0xFD05, 0x024C,  0xFF9F, 0xFF71, 0x00C7, 0xFE2C,
  0x0097, 0xFFDF, 0xFF44, 0x029E,  0xFDD6, 0x02EE, 0xFF7C, 0x00E5,
  0xFEFC, 0x006A, 0xFE9A, 0x0299,  0xFDAD, 0x0083, 0x00E3, 0xFC25,
  0x033B, 0xFB42, 0x0383, 0xFCF9,  0x0314, 0xFE8C, 0x01C5, 0xFF1C,
  0x00BA, 0x0024, 0xFF01, 0x0287,  0xFD46, 0x02EA, 0xFCF0, 0x0338,
  0xFD1A, 0x0173, 0xFF81, 0xFF48,  0x020B, 0xFE59, 0x0098, 0x0076,
  0xFEE4, 0x01D3, 0xFE6F, 0xFF5F,  0x0318, 0xFD7A, 0x0207, 0xFE37,
  0x0061, 0xFFB4, 0xFE7D, 0x0072,  0xFF07, 0x0059, 0x006E, 0xFFD7,
  0x00E9, 0x00A5, 0xFD94, 0x023E,  0xFD9A, 0x0242, 0xFFDC, 0xFE28,
  0x0191, 0xFEEB, 0x014A, 0xFD2A,  0x0362, 0xFDCA, 0x01F5, 0xFF74,
  0xFFAC, 0x02AE, 0xFBA3, 0x0353,  0xFFAB, 0xFFA4, 0x020D, 0xFEB6,
  0xFFB1, 0x006C, 0xFEE3, 0xFF02,  0x0080, 0xFE64, 0x0115, 0x002D,
  0xFED6, 0x0248, 0xFE92, 0xFFE0,  0xFF9C, 0x00A9, 0xFF6C, 0x019C,
  0xFE1B, 0x0315, 0xFE33, 0xFFEF,  0x0277, 0xFBAE, 0x0436, 0xFDAF,
  0x0141, 0xFF6F, 0x0089, 0x0091,  0xFF2E, 0xFF31, 0xFEBA, 0x004C,
  0x001E, 0xFECF, 0x00F5, 0x0089,  0xFF5A, 0x010A, 0xFD8C, 0x0372,
  0xFDAA, 0xFED8, 0x0350, 0xFCA5,  0x013E, 0xFFE1, 0xFFFF, 0x0165,
  0x007C, 0x00CF, 0x0026, 0x0017,  0x01E9, 0xFECD, 0xFDF6, 0x02B3,
  0xFD48, 0x01CB, 0xFD91, 0x0059,  0x0059, 0xFD97, 0x00D1, 0xFFBA,
  0xFFEB, 0x0017, 0xFEAA, 0x021B,  0xFF8C, 0xFEF0, 0x0325, 0xFDB9,
  0x01FA, 0xFE6A, 0x0124, 0xFFDB,  0xFFE6, 0xFFE4, 0x00BD, 0x0016,
  0xFF98, 0x01FB, 0x0065, 0xFEBE,  0x01EB, 0xFE0C, 0xFFD9, 0xFFF5,
  0xFF80, 0x02F6, 0xFD5E, 0x0221,  0xFE0E, 0xFF98, 0xFE75, 0x00B6,
  0xFF49, 0x008C, 0x0131, 0xFFCF,  0x00BD, 0xFFD8, 0xFE79, 0x0162,
  0xFF07, 0x0189, 0x01B6, 0xFE55,  0x0384, 0xFBAC, 0x0227, 0xFE1F,
  0xFF6A, 0x004E, 0xFF5D, 0x0136,  0xFFE6, 0x0028, 0xFFE1, 0xFE75,
  0xFF82, 0x010E, 0xFE69, 0x02DA,  0xFEB7, 0x009E, 0xFE33, 0xFF43,
  0xFFB6, 0xFE7B, 0x016E, 0xFFB8,  0x0221, 0xFF55, 0x008E, 0xFF7D,
  0xFE8D, 0xFFC2, 0x0038, 0x024B,  0xFFF1, 0x0126, 0x0083, 0xFF7E,
  0xFF53, 0xFE1A, 0x0073, 0x0079,  0xFF64, 0x01F7, 0xFFFD, 0x0005,
  0xFFA1, 0xFF00, 0x01B8, 0xFF03,  0x0146, 0x0130, 0xFFF7, 0xFF6D,
  0xFEA2, 0xFF1F, 0xFF0E, 0xFF04,  0x006A, 0x01F5, 0x0087, 0x00EE,
  0xFFB3, 0xFF3D, 0xFE1A, 0x00B9,  0x0010, 0x0187, 0x0005, 0x01FF,
  0x011A, 0xFD7A, 0x0190, 0xFD07,  0x0178, 0xFF01, 0x0071, 0x019E,
  0xFF5B, 0xFEE1, 0xFFC9, 0xFF70,  0xFEF4, 0x0131, 0xFF8C, 0x01AE,
  0xFF68, 0xFFAD, 0x00C8, 0xFE23,  0xFF84, 0xFFFF, 0xFFA0, 0x02EA,
  0xFFB5, 0x01E0, 0xFFC3, 0xFEFA,  0x00B3, 0xFCEC, 0x01F9, 0xFF82,
  0xFFF5, 0x0229, 0xFE1E, 0x013A,  0xFE43, 0xFEF0, 0x0009, 0xFEF6,
  0x00A8, 0x0069, 0x0014, 0x00B1,  0xFF66, 0x0059, 0x0097, 0xFE98,
  0x0176, 0xFF99, 0xFF58, 0x0071,  0xFF6F, 0xFFEC, 0x00D3, 0xFEAA,
  0x0169, 0xFFB7, 0xFFFA, 0x00BF,  0xFFA1, 0xFFFE, 0xFF89, 0xFF07,
  0x0045, 0xFF2D, 0x002C, 0x003B,  0xFFAB, 0x0121, 0xFEFC, 0x0162,
  0xFF14, 0x00B0, 0xFFF2, 0x0005,  0x000F, 0x0062, 0xFF43, 0x0103,
  0xFFCF, 0xFF85, 0x01DB, 0xFDB5,  0x020C, 0xFE59, 0xFFE4, 0x008C,
  0xFF2F, 0x00AD, 0xFE37, 0x0263,  0xFDE1, 0x007A, 0xFFE6, 0xFF7C,
  0x00FA, 0xFED9, 0x01A0, 0xFF48,  0x0152, 0xFE54, 0x015A, 0xFF0F,
  0x004F, 0x0091, 0xFFED, 0x01D4,  0xFE30, 0x0149, 0xFEE6, 0x006D,
  0xFF46, 0x0027, 0x0049, 0xFFFF,  0x0059, 0xFF60, 0x0025, 0xFFDA,
  0xFFE0, 0xFFC0, 0x005F, 0xFFCC,  0x013C, 0xFF61, 0x00C5, 0xFF9E,
  0xFFF8, 0xFFCA, 0xFF7D, 0x00D9,  0xFF4C, 0x016C, 0xFEB7, 0x0110,
  0xFFBB, 0xFF48, 0x008A, 0xFF8E,  0xFF91, 0x0013, 0x0059, 0xFFBA,
  0x0091, 0xFED0, 0x002D, 0xFF2C,  0xFF26, 0x0042, 0xFFD9, 0x004D,
  0x00D4, 0x0034, 0x006C, 0x0027,  0x0029, 0xFFD9, 0x0029, 0x000A,
  0xFF2C, 0x0050, 0xFE0E, 0xFF9B,  0xFFF9, 0xFFA6, 0x0145, 0xFFC3,
  0x00F1, 0x0042, 0xFFFE, 0x00A1,  0xFED7, 0xFFCC, 0x001C, 0x0042,
  0x00B6, 0x0085, 0x0130, 0x00C1,  0xFFDA, 0x009C, 0xFFCF, 0x000B,
  0x0028, 0xFF84, 0x0061, 0xFFD1,  0xFF63, 0xFF49, 0xFFA0, 0xFF47,
  0xFF7D, 0xFF29, 0x001C, 0xFFD3,  0xFF1B, 0x0010, 0xFF4D, 0x00C9,
  0x001F, 0x0045, 0x018B, 0xFFB2,  0x00D6, 0xFFD7, 0xFFA6, 0x0091,
  0xFF68, 0x00EE, 0x0079, 0x0046,  0x00BB, 0xFFD8, 0x0067, 0xFF7A,
  0xFF4E, 0x0005, 0xFF7D, 0x0009,  0xFF99, 0xFFE4, 0x002A, 0xFF93,
  0xFF79, 0xFFD6, 0xFFF3, 0xFFCC,  0x004F, 0x005B, 0x00D1, 0x0008,
  0x0029, 0x003A, 0x0015, 0x00A1,  0x000D, 0x00B3, 0x0055, 0xFFB2,
  0xFFCE, 0xFFBC, 0xFFA0, 0xFFE9,  0xFF35, 0xFFF9, 0x0008, 0xFF3C,
  0x0028, 0xFFA5, 0xFF8E, 0xFFCF,  0xFFA4, 0x0088, 0x0080, 0xFFA9,
  0x00E4, 0xFFF0, 0xFFD9, 0x002E,  0xFFA1, 0x0040, 0x0025, 0xFF98,
  0x0047, 0x001D, 0xFF7F, 0x005A,  0xFFB8, 0x006D, 0xFFDA, 0x0020,
  0x007A, 0x0005, 0x0011, 0xFF82,  0xFFC0, 0xFFCF, 0xFFBD, 0xFFC3,
  0xFFE1, 0xFFCF, 0x0020, 0xFFF8,  0xFFF8, 0x0036, 0xFFEB, 0x0033,
  0x006F, 0x0014, 0x004D, 0x000A,  0xFFE0, 0x0034, 0xFFFF, 0xFFB4,
  0x0013, 0xFFF1, 0xFFD7, 0x0046,  0xFFC2, 0x0010, 0x0040, 0x0029,
  0xFFFE, 0x0026, 0x0042, 0x0019,  0x004C, 0xFFE3, 0xFFC2, 0xFFFC,
  0xFFF4, 0x0062, 0x0087, 0x0032,  0x006D, 0x000E, 0xFFD3, 0xFFC0,
  0xFF77, 0xFFF0, 0xFFD3, 0x0007,  0xFFF4, 0xFFD3, 0xFFF2, 0xFF5F,
  0xFFA6, 0xFF6E, 0xFF50, 0xFFCA,  0xFFD0, 0x0039, 0x0068, 0x0055,
  0x0095, 0x007C, 0x0026, 0x0020,  0x0002, 0x0020, 0x0025, 0x001A,
  0x0009, 0xFFD0, 0xFFA4, 0xFF82,  0xFFA6, 0xFFCD, 0xFFC4, 0xFFF9,
  0x0002, 0xFFE4, 0xFFEC, 0xFFDD,  0x000A, 0x0016, 0x0019, 0x004B,
  0x0051, 0x003D, 0x001C, 0x0020,  0x0010, 0xFFF1, 0x0003, 0x003B,
  0x0070, 0x0099, 0x006D, 0x0024,  0xFFEB, 0xFFB3, 0xFFCE, 0xFFB5,
  0xFFCA, 0x0009, 0x001A, 0x0030,  0xFFFE, 0xFFC3, 0xFFBC, 0xFFB0,
  0xFFDC, 0xFFF2, 0xFFED, 0xFFEA,  0xFFED, 0xFFE8, 0xFFE1, 0xFFD2,
  0xFFDB, 0x0002, 0x0038, 0x0049,  0x0025, 0x001F, 0xFFF9, 0x0001,
  0x0003, 0x0018, 0x0026, 0x0034,  0x0029, 0x0018, 0xFFE6, 0xFFB7,
  0xFFA3, 0xFFAB, 0xFFDB, 0x0000,  0x002E, 0x002C, 0x001D, 0x001A,
  0xFFF4, 0xFFFB, 0xFFE6, 0xFFFA,  0x0012, 0x0019, 0x0014, 0x0001,
  0xFFFB, 0xFFF5, 0xFFE5, 0xFFF4,  0x0000, 0xFFF1, 0x0001, 0x0003,
  0xFFF9, 0x0005, 0x0004, 0x001E,  0x002D, 0x0022, 0x001B, 0x0018,
  0x0003, 0xFFFE, 0x0005, 0x0009,  0xFFFE, 0x0008, 0x0004, 0xFFFD,
  0xFFF5, 0xFFF6, 0x000B, 0x000E,  0x0000, 0xFFF2, 0xFFE3, 0xFFED,
  0xFFE1, 0xFFF4, 0x0020, 0x0018,  0x0018, 0x0013, 0x0005, 0x0015,
  0xFFFB, 0xFFFC, 0xFFFF, 0xFFF9,  0x0002, 0x0004, 0x000D, 0xFFFC,
  0xFFFE, 0xFFF2, 0xFFEF, 0xFFFF,  0x0003, 0x000D, 0x0014, 0x000D,
  0xFFFF, 0xFFEE, 0xFFE2, 0xFFD4,  0xFFCC, 0xFFD3, 0xFFDD, 0xFFEB,
  0xFFF6, 0xFFF8, 0xFFFD, 0x0005,  0x0006, 0x0015, 0x0017, 0x0019,
  0x0019, 0x001F, 0x0025, 0x0019,  0x0016, 0x000D, 0x0001, 0x0000,
  0xFFF6, 0xFFF8, 0xFFF6, 0xFFEF,  0xFFF7, 0xFFEC, 0xFFEA, 0xFFF2,
  0xFFDE, 0xFFE2, 0xFFF2, 0xFFF1,  0x0004, 0x000B, 0x0021, 0x0025,
  0x001E, 0x0016, 0x0008, 0x0005,  0x0002, 0x000A, 0x0016, 0x0019,
  0x001A, 0x001D, 0x0013, 0x000B,  0x0005, 0xFFFD, 0x000D, 0x0000,
  0x000A, 0x0006, 0xFFF8, 0xFFF7,  0xFFF4, 0xFFE9, 0xFFE9, 0xFFDB,
  0xFFEE, 0xFFF1, 0xFFE9, 0xFFF4,  0xFFF5, 0xFFF7, 0xFFF0, 0xFFFE,
  0xFFFD, 0x0005, 0x0005, 0xFFFF,  0xFFFD, 0xFFFD, 0xFFFA, 0x0003,
  0x0008, 0x000E, 0x000F, 0x0018,  0x0004, 0x0005, 0xFFFE, 0xFFF2,
  0xFFF5, 0xFFFF, 0x000A, 0x0007,  0xFFFF, 0x0004, 0xFFFC, 0xFFF4,
  0xFFF1, 0xFFF2, 0x0007, 0xFFFE,  0x0005, 0x000B, 0x0008, 0x0005,
  0x0001, 0x0003, 0x0002, 0x0003,  0xFFFE, 0x000D, 0x0006, 0x0005,
  0xFFFF, 0x0006, 0x0003, 0x000C,  0x0006, 0xFFFE, 0x0002, 0xFFFF,
  0x0003, 0xFFFC, 0x0006, 0xFFF5,  0x0004, 0xFFFF, 0x0004, 0x0002,
  0x0003, 0x0004, 0xFFF5, 0x0005,  0xFFFD, 0xFFFD, 0x0001, 0xFFFD,
  0xFFF8, 0xFFFA, 0x0000, 0xFFFD,  0xFFF6, 0x0001, 0xFFF6, 0xFFFD,
  0x0003, 0xFFF8, 0xFFFF, 0xFFFB,  0xFFF8, 0x0001, 0xFFFB, 0x0002,
  0x0000, 0xFFFD, 0xFFFC, 0xFFFA,  0xFFFA, 0x0002, 0x0000, 0xFFFE,
  0x0004, 0x0000, 0xFFFE, 0xFFFC,  0x0003, 0xFFF5, 0x0005, 0xFFFF,
  0x0001, 0x0002, 0x0004, 0x0008,  0x0005
};

#endif // End of _LIFT_OOS16K16B1C_H
