#ifndef _PMTD16K16B1C_H
#define _PMTD16K16B1C_H

#define PMTD16K16B1C_LITTLE_ENDIAN
#include <stdint.h>

#define PMTD16K16B1C_PB_FMT Mode_mono
#define PMTD16K16B1C_SZ 21709

const uint16_t pmtd16k16b1c[ PMTD16K16B1C_SZ ] =
{
  0xFFFF, 0x0002, 0xFFFF, 0x0000,  0x0000, 0x0000, 0x0000, 0x0002,
  0x0000, 0x0001, 0x0000, 0x0000,  0x0003, 0xFFFF, 0x0002, 0xFFFF,
  0x0000, 0x0000, 0x0000, 0x0000,  0x0003, 0xFFFD, 0x0003, 0xFFFE,
  0x0000, 0x0002, 0xFFFD, 0x0003,  0xFFFF, 0x0001, 0x0001, 0x0001,
  0x0002, 0x0003, 0x0001, 0x0003,  0xFFFC, 0x0004, 0xFFFF, 0x0001,
  0x0001, 0x0000, 0x0000, 0x0002,  0x0001, 0x0002, 0x0001, 0xFFFF,
  0x0002, 0xFFFF, 0x0001, 0x0001,  0x0000, 0x0000, 0x0000, 0x0000,
  0xFFFF, 0xFFFE, 0x0002, 0xFFFC,  0x0001, 0xFFFD, 0x0002, 0xFFFC,
  0x0001, 0xFFFC, 0x0001, 0xFFFC,  0xFFFF, 0xFFFD, 0xFFFF, 0xFFFF,
  0xFFFE, 0xFFFF, 0x0001, 0xFFFC,  0x0000, 0xFFFF, 0xFFFD, 0xFFFF,
  0xFFFD, 0xFFFF, 0xFFFD, 0x0000,  0x0000, 0xFFFE, 0x0001, 0xFFFD,
  0x0002, 0xFFFE, 0x0000, 0x0000,  0xFFFF, 0x0001, 0x0001, 0xFFFE,
  0x0003, 0xFFFE, 0x0003, 0x0000,  0x0001, 0x0000, 0x0001, 0x0000,
  0x0002, 0xFFFF, 0x0002, 0xFFFE,  0x0005, 0x0000, 0x0003, 0x0002,
  0x0002, 0x0001, 0x0005, 0x0000,  0x0007, 0x0000, 0x0002, 0x0003,
  0x0001, 0x0003, 0x0003, 0x0002,  0x0003, 0x0003, 0x0002, 0x0000,
  0x0006, 0xFFFD, 0x0004, 0x0000,  0x0006, 0xFFFF, 0x0004, 0xFFFF,
  0x0004, 0xFFFF, 0x0002, 0x0002,  0x0001, 0x0001, 0x0001, 0x0002,
  0x0000, 0x0002, 0x0002, 0xFFFF,  0x0000, 0x0002, 0xFFFD, 0x0005,
  0xFFFC, 0x0003, 0xFFFF, 0x0001,  0xFFFF, 0x0002, 0xFFFE, 0x0001,
  0xFFFF, 0x0000, 0x0000, 0x0001,  0xFFFD, 0x0002, 0xFFFE, 0x0004,
  0xFFFC, 0x0006, 0xFFFA, 0x0005,  0xFFFB, 0x0001, 0xFFFE, 0x0001,
  0xFFFF, 0x0000, 0x0000, 0xFFFF,  0x0002, 0xFFFE, 0x0002, 0x0000,
  0x0001, 0x0002, 0x0002, 0x0001,  0x0001, 0x0000, 0x0002, 0x0001,
  0xFFFF, 0x0002, 0xFFFF, 0x0002,  0xFFFF, 0x0002, 0xFFFE, 0x0002,
  0xFFFF, 0x0001, 0x0000, 0x0000,  0x0001, 0xFFFD, 0x0003, 0xFFFF,
  0x0000, 0x0000, 0x0003, 0xFFFD,  0x0003, 0xFFFD, 0x0003, 0xFFFE,
  0x0002, 0xFFFE, 0x0002, 0xFFFF,  0x0003, 0x0003, 0x0000, 0x0002,
  0x0000, 0x0001, 0x0003, 0x0002,  0x0005, 0x0001, 0x0001, 0x0004,
  0xFFFF, 0x0004, 0xFFFC, 0x0005,  0xFFFF, 0x0000, 0x0002, 0xFFFE,
  0xFFFF, 0x0002, 0xFFFC, 0x0002,  0xFFFC, 0x0000, 0xFFFE, 0x0000,
  0x0001, 0xFFFE, 0x0002, 0xFFFF,  0xFFFE, 0x0001, 0xFFFF, 0xFFFF,
  0x0002, 0xFFFC, 0x0004, 0xFFFC,  0x0004, 0xFFFE, 0x0003, 0xFFFF,
  0xFFFF, 0x0002, 0xFFFF, 0xFFFD,  0x0001, 0xFFFD, 0x0001, 0xFFFE,
  0x0001, 0xFFFD, 0x0002, 0xFFFC,  0x0000, 0xFFFE, 0xFFFE, 0xFFFD,
  0xFFFF, 0xFFFD, 0xFFFD, 0xFFFF,  0xFFFE, 0xFFFE, 0xFFFC, 0xFFFE,
  0xFFFB, 0x0000, 0xFFFC, 0xFFFE,  0x0000, 0xFFFA, 0x0002, 0xFFFD,
  0xFFFF, 0x0000, 0xFFFF, 0x0000,  0x0000, 0xFFFF, 0xFFFF, 0x0002,
  0xFFFD, 0x0002, 0x0001, 0xFFFE,  0x0003, 0xFFFE, 0x0002, 0x0004,
  0xFFFE, 0x0005, 0x0001, 0x0004,  0xFFFE, 0x0001, 0x0001, 0xFFFD,
  0x0005, 0xFFFD, 0x0006, 0xFFFE,  0x0004, 0x0003, 0x0003, 0x0002,
  0x0001, 0x0001, 0x0003, 0x0000,  0x0002, 0x0002, 0x0006, 0xFFFC,
  0xFFFD, 0x0005, 0xFFFD, 0x0004,  0xFFF8, 0x0008, 0xFFF9, 0x0008,
  0x0001, 0x0006, 0x0005, 0xFFFF,  0x0004, 0xFFFD, 0x0004, 0xFFF9,
  0x0005, 0x0000, 0x0001, 0xFFFB,  0x0006, 0x0005, 0x0000, 0x0003,
  0x0001, 0x0005, 0x0000, 0xFFF8,  0x0003, 0x0001, 0x0005, 0xFFF9,
  0x0005, 0x0003, 0x0005, 0xFFF7,  0xFFF7, 0xFFFD, 0xFFF6, 0xFFF8,
  0x0009, 0x0005, 0x000D, 0x000F,  0x0015, 0x0010, 0x0000, 0x0002,
  0x0007, 0xFFF0, 0xFFFA, 0xFFFF,  0x0006, 0x0001, 0xFFF4, 0x0009,
  0xFFFC, 0x0004, 0xFFED, 0x0003,  0xFFFD, 0xFFF3, 0x0009, 0xFFF2,
  0x0011, 0x000B, 0xFFFA, 0xFFFA,  0x0005, 0x0000, 0xFFF1, 0xFFF6,
  0xFFFB, 0xFFF6, 0xFFF5, 0x0005,  0xFFFF, 0x0002, 0x0001, 0x0008,
  0x0001, 0xFFF6, 0x0009, 0x000F,  0x0008, 0xFFF5, 0x0000, 0x0013,
  0x0000, 0xFFF5, 0xFFFB, 0x0001,  0xFFF6, 0xFFFD, 0xFFEE, 0xFFF8,
  0xFFFB, 0xFFFC, 0xFFEF, 0xFFDE,  0xFFFF, 0xFFFD, 0xFFE3, 0xFFF1,
  0xFFF3, 0xFFF0, 0xFFE3, 0xFFF9,  0xFFF7, 0xFFD4, 0xFFF3, 0xFFE6,
  0xFFF5, 0xFFCA, 0xFFE3, 0xFFF9,  0xFFE1, 0xFFEB, 0xFFDE, 0xFFE7,
  0xFFD2, 0xFFE3, 0xFFE4, 0xFFBA,  0xFFDE, 0xFFED, 0x000B, 0xFFF9,
  0xFFF8, 0x0012, 0xFFE0, 0xFFCC,  0xFFC5, 0xFFF3, 0xFFCD, 0xFFBB,
  0xFFFB, 0xFFE0, 0xFFDA, 0xFFC9,  0x0007, 0xFFDA, 0xFFA4, 0xFFD8,
  0xFFE8, 0xFFB3, 0xFFA7, 0xFFCD,  0xFFCD, 0xFFBE, 0xFFA9, 0xFFD4,
  0xFFED, 0x0017, 0xFFDD, 0x0016,  0x0013, 0x0045, 0x008E, 0x00BB,
  0x0080, 0x0082, 0x00CE, 0x007A,  0x0080, 0x011C, 0x0106, 0x0125,
  0x0175, 0x00B8, 0x014E, 0x016B,  0x01CB, 0x01C2, 0x019F, 0x010E,
  0x00C0, 0xFFBB, 0xFED6, 0x003C,  0x012A, 0x0203, 0x0175, 0xFFE5,
  0xFF10, 0xFF95, 0x0187, 0x01B2,  0x021C, 0x0344, 0x03BD, 0x05BB,
  0x058B, 0x0536, 0x04E0, 0x03F1,  0x02ED, 0x0036, 0xFF7F, 0x005E,
  0x01DC, 0x026F, 0x0169, 0x00DE,  0x00A5, 0x0084, 0xFFB3, 0xFFCE,
  0xFF18, 0xFE65, 0xFD9E, 0xFD46,  0xFD3B, 0xFCDC, 0xFD3D, 0xFCA1,
  0xFCC8, 0xFDB8, 0xFE79, 0xFF7C,  0xFF2A, 0xFF67, 0xFECB, 0xFCE4,
  0x015B, 0xFC0D, 0xFE50, 0x0463,  0x03FB, 0x02AD, 0xFC0F, 0xFBFB,
  0xF8EB, 0xF615, 0xF6CC, 0xFD5F,  0x0169, 0xFF90, 0x012C, 0x019F,
  0x00A3, 0xFF49, 0xFA5D, 0xF876,  0xF9F3, 0xFB56, 0xFC87, 0xFFF6,
  0xFE11, 0xF9AC, 0xF904, 0xF63A,  0xF659, 0xF856, 0xFA8D, 0xFCFD,
  0x013F, 0x0186, 0xFF42, 0xFE03,  0xFE5C, 0xFC69, 0xFBCA, 0xFE66,
  0xFEA5, 0xFE1D, 0xFE55, 0xFFDA,  0xFF60, 0xFEAA, 0xFD76, 0xFEC9,
  0x00C5, 0x00E5, 0x00DF, 0x020E,  0x0274, 0x0208, 0x0037, 0xFF7A,
  0x0067, 0x002D, 0x00AE, 0xFF5D,  0xFF40, 0xFE25, 0xFD3E, 0xFD62,
  0xFE1F, 0xFF5A, 0xFF0C, 0x00C0,  0x01F9, 0x014F, 0x000D, 0x00D9,
  0x01AA, 0x0107, 0x00E6, 0x0067,  0x0088, 0x0105, 0x00D8, 0x0228,
  0x03DE, 0x0557, 0x0671, 0x05BF,  0x0502, 0x0562, 0x03DE, 0x0212,
  0x03E8, 0x0529, 0x0407, 0x03D3,  0x029C, 0x045D, 0x045F, 0x01EC,
  0xFF32, 0xFEBE, 0x0001, 0xFEFB,  0x00D8, 0xFF3A, 0xFD2E, 0xFE46,
  0x009B, 0x049B, 0x0173, 0xFCF7,  0xFC70, 0xFCC4, 0x0263, 0x00D1,
  0xFD83, 0xFBB3, 0x01AF, 0x08F6,  0x0393, 0xFE8B, 0x00A0, 0x05FD,
  0x0A30, 0x0897, 0x0361, 0x042B,  0x00F5, 0x0071, 0x01F7, 0x0438,
  0x0492, 0xFD4E, 0xFDFE, 0x0256,  0xFF13, 0xFD16, 0xFD94, 0x0107,
  0x0182, 0x0202, 0x01C5, 0xFE86,  0xFF4B, 0xFDA8, 0xFFCD, 0x00F5,
  0xFB3D, 0xFF6A, 0x07E5, 0x0359,  0xFF40, 0xF949, 0xFE5A, 0x074B,
  0x04A4, 0xFD7A, 0xFBF7, 0x042A,  0x0EA2, 0x0061, 0xF30C, 0xFCF9,
  0x03A2, 0x0A64, 0xFE3E, 0xFF03,  0x0010, 0xFFA7, 0xFD80, 0xF8B9,
  0x0118, 0xFEF5, 0x0312, 0x030B,  0x034E, 0x054C, 0xFDCA, 0xFA27,
  0xFE94, 0x00E8, 0x024F, 0x01CD,  0x0180, 0x0289, 0x02A1, 0xFE37,
  0xF79E, 0xFA47, 0x006A, 0x0275,  0xFFD6, 0x0055, 0x02ED, 0x054A,
  0x0204, 0xFD03, 0xFCB0, 0xFE69,  0x0092, 0xFF29, 0xFFEC, 0xFF8E,
  0xFA70, 0xFDCB, 0xFFD3, 0xFF77,  0xFE59, 0xFC14, 0x0055, 0x004B,
  0xFF66, 0xFF7E, 0xFCD8, 0xFE94,  0x03A5, 0x0477, 0x0292, 0xFFB9,
  0xFD3E, 0xFE34, 0xFE2D, 0xFBEF,  0xFC34, 0x00D3, 0x0607, 0x0456,
  0xFF94, 0xFC71, 0xFDEA, 0x0197,  0x006D, 0xFEDE, 0xFE6F, 0xFEF4,
  0x005F, 0xFD29, 0xFB6C, 0xFE96,  0x0123, 0x02F8, 0xFFAC, 0xFCF4,
  0x0164, 0x0004, 0xFC85, 0xFFF4,  0x0447, 0x045B, 0xFCF2, 0xFE9D,
  0xFFD5, 0xFDA0, 0xFC44, 0xF946,  0x0121, 0x0620, 0xFFE9, 0xFCBD,
  0xFF30, 0x0073, 0xFCF1, 0xFA00,  0xFD0C, 0x004E, 0x02B0, 0xFF36,
  0x00B3, 0x01B0, 0xFE94, 0xFEDC,  0xFE5D, 0x0059, 0x020F, 0x022B,
  0x0346, 0x0098, 0xFFEB, 0xFD12,  0xFD6A, 0x02D0, 0x00FD, 0xFEA8,
  0xFB5C, 0xFF4D, 0x01B3, 0x017F,  0xFB70, 0xFCFC, 0x0204, 0x01D4,
  0x01B4, 0xFE88, 0x004E, 0xFED8,  0x005D, 0x01DD, 0x016F, 0xFE8A,
  0xFF7F, 0x0155, 0x007D, 0xFE92,  0xFCD2, 0x0053, 0x0240, 0x009D,
  0xFEC3, 0xFF69, 0xFFB5, 0x00D8,  0x00CA, 0x015D, 0xFF22, 0xFD67,
  0xFF69, 0xFEC7, 0x0172, 0x027A,  0x018B, 0x0161, 0x01AE, 0x021D,
  0x01BA, 0xFF74, 0xFBA1, 0xFDEC,  0x03DA, 0x064D, 0x0021, 0xFCB6,
  0xFF76, 0x0323, 0x0074, 0xFCB4,  0xFFC6, 0x01EA, 0xFEFC, 0xFE86,
  0x0124, 0x0016, 0xFEEA, 0xFAF2,  0x009B, 0x01A0, 0xFF8A, 0x004D,
  0x02E8, 0x047E, 0xFE82, 0xFE3C,  0x0235, 0x03CF, 0x0041, 0xFD5F,
  0x010F, 0x06A7, 0x0123, 0x0030,  0x0038, 0x0191, 0xFF08, 0xFE4A,
  0x0285, 0x019D, 0xFEDB, 0xFCB1,  0x00F1, 0xFFEE, 0xFF43, 0xFA8B,
  0xFF49, 0x0125, 0xFE6F, 0xFEFB,  0xFEBD, 0x01A3, 0xFDA2, 0xFF3D,
  0x020F, 0x00C7, 0x02A8, 0x021B,  0x013B, 0xFF0C, 0xFD12, 0x020E,
  0xFFDE, 0xFF2E, 0xFFFA, 0xFF32,  0xFEA4, 0xFEDA, 0x011E, 0xFF5A,
  0xFECD, 0x0012, 0x0307, 0x0349,  0xFE53, 0xFDEE, 0x01B5, 0x02B1,
  0x02DF, 0x000C, 0x01EA, 0xFFEA,  0xFD29, 0x0031, 0x0131, 0x0142,
  0xFEA2, 0xFF56, 0xFD95, 0xFE1C,  0xFE81, 0xFEF9, 0x0199, 0xFDFC,
  0xFBF8, 0xFC7C, 0xFEED, 0x0132,  0x0219, 0x0086, 0xFEFF, 0x0112,
  0xFEE2, 0xFEE5, 0x0128, 0xFE51,  0xFEBE, 0xFF37, 0x0159, 0x0378,
  0x003A, 0x0047, 0x00C3, 0x004D,  0xFDEF, 0x00B1, 0x0501, 0x0036,
  0xFD6C, 0xFFFF, 0xFF41, 0xFB53,  0xFD5E, 0x0070, 0x01AA, 0x00A0,
  0xFCF7, 0x021D, 0x0108, 0xFCB1,  0x014B, 0x001C, 0xFEC6, 0xFE38,
  0x0286, 0x017B, 0xFB96, 0xFE95,  0x00FC, 0x02F2, 0x0020, 0xFD26,
  0xFFA1, 0x02A7, 0x0033, 0x008B,  0x01F8, 0x01F5, 0x01F7, 0x0007,
  0x009E, 0xFE8C, 0xFCEC, 0xFEE4,  0x00D0, 0xFEDA, 0xFE84, 0xFF62,
  0x006E, 0x0245, 0xFF66, 0xFD50,  0x0102, 0x031D, 0x0150, 0xFFA5,
  0x00D8, 0x0185, 0x01B5, 0x0290,  0x00BE, 0x0318, 0x030B, 0x0287,
  0x013C, 0x004B, 0x00AA, 0xFEEB,  0xFFC8, 0xFE6D, 0x011F, 0x00A2,
  0xFF31, 0xFDD2, 0xFCE3, 0xFE93,  0xFE7F, 0xFDEB, 0xFEB3, 0x019B,
  0xFF9A, 0x0021, 0xFE31, 0xFD51,  0xFD71, 0xFFC4, 0x01BC, 0x0179,
  0x003E, 0xFFAB, 0x0405, 0x01BD,  0xFFF0, 0x0017, 0x0028, 0xFFD7,
  0x007E, 0x022E, 0x0272, 0x0398,  0x029B, 0xFE5B, 0xFEA1, 0xFFFA,
  0x0125, 0x0120, 0xFDE5, 0xFF22,  0xFF93, 0xFE06, 0xFAC6, 0xFD19,
  0x01B1, 0xFFA6, 0xFC31, 0xFED6,  0x03E1, 0xFE5A, 0xFC98, 0x004C,
  0xFFFC, 0xFDB1, 0x016F, 0x0601,  0xFE8E, 0xFFB4, 0x0155, 0xFE52,
  0x00B5, 0xFF4A, 0x042A, 0x03D7,  0xFFC1, 0x0119, 0xFFA3, 0x0342,
  0xFDB9, 0xFDF1, 0x0045, 0xFD7C,  0x014F, 0xFC0E, 0xFDF1, 0xFE95,
  0xFC3C, 0x0027, 0xFF6B, 0xFF9A,  0xFF7F, 0xFFD7, 0x006B, 0x01D3,
  0x0126, 0x0081, 0x049A, 0x0097,  0x00BB, 0x01B9, 0xFFB4, 0x00ED,
  0xFC52, 0xFFD6, 0x0153, 0xFF82,  0xFF84, 0xFD4F, 0xFFCA, 0x0024,
  0x00DE, 0x0085, 0xFFB9, 0xFF5C,  0xFEB0, 0x00CC, 0x00A9, 0xFFBE,
  0x0050, 0x0345, 0x02BD, 0xFD4D,  0xFDBC, 0x00A8, 0x0168, 0x017F,
  0xFFD2, 0x0242, 0x0103, 0xFF15,  0x0217, 0xFFF2, 0x00EF, 0xFF03,
  0xFF84, 0x034C, 0x0023, 0xFFAA,  0xFE5D, 0xFE9E, 0xFF4B, 0xFEED,
  0xFECF, 0xFDC2, 0xFBC1, 0xFC6C,  0xFFBC, 0xFE7E, 0xFFC4, 0x0128,
  0x0233, 0x04CA, 0x00C2, 0x00F7,  0x019A, 0xFD80, 0xFFB5, 0x0177,
  0x00BD, 0xFDC1, 0xFD71, 0x01AD,  0x019E, 0xFED6, 0xFE4B, 0x0368,
  0x0345, 0xFE9F, 0xFF7F, 0x02A6,  0x02E7, 0xFECE, 0xFDD4, 0x0043,
  0xFE86, 0xFD3D, 0xFE37, 0xFF1D,  0xFF7C, 0xFD87, 0xFF45, 0xFEA2,
  0xFE34, 0x005D, 0x0118, 0x0120,  0x0054, 0x0081, 0x0175, 0x02B7,
  0x01B0, 0x0199, 0x007A, 0xFF4F,  0xFEDF, 0xFFE7, 0x015C, 0x01B8,
  0x0165, 0x0224, 0x022D, 0xFF12,  0xFEF7, 0xFF2C, 0xFD9D, 0xFDA0,
  0xFEAC, 0xFE15, 0xFD79, 0xFE05,  0xFF23, 0xFD6B, 0xFDFC, 0xFDE4,
  0xFE2F, 0xFE7D, 0xFC7E, 0x0232,  0xFFB1, 0xFF0E, 0xFFEC, 0xFDF3,
  0x02A3, 0x0037, 0x01E5, 0x0305,  0x00F5, 0x022B, 0x0387, 0x0390,
  0x0018, 0x002D, 0x0469, 0x026B,  0x0015, 0x02E6, 0xFE30, 0xFDB6,
  0x0178, 0x02E1, 0x01E2, 0xFE10,  0x00CF, 0x0222, 0xFED6, 0x00E1,
  0x0106, 0xFEB1, 0x008B, 0x0254,  0x0333, 0xFFB9, 0xFD13, 0xFEDC,
  0x0072, 0x00F5, 0xFE6A, 0xFDB7,  0x0001, 0x0041, 0xFF57, 0xFDF1,
  0xFD1E, 0xFE53, 0xFF15, 0xFE3A,  0xFF49, 0xFE60, 0xFDB9, 0xFE71,
  0xFD81, 0xFD43, 0xFD25, 0xFECC,  0xFE47, 0xFE09, 0xFFE2, 0xFF33,
  0xFD47, 0xFED3, 0x0106, 0x006A,  0xFFD6, 0x0131, 0x012B, 0x0025,
  0x014A, 0x014C, 0x00D8, 0x0125,  0x02F8, 0x0343, 0x0198, 0x0167,
  0x0324, 0x0381, 0x0176, 0x0301,  0x0416, 0x0368, 0x021C, 0x01D2,
  0x03CF, 0x0297, 0x01EF, 0x024B,  0x0309, 0x03FF, 0x01D4, 0x0036,
  0x001B, 0xFE71, 0xFE75, 0xFF98,  0x0269, 0x03DC, 0xFEEC, 0xFDDD,
  0xFF97, 0xFDB8, 0xFB6E, 0xFD1B,  0xFE05, 0xFDCF, 0xFEEC, 0xFC77,
  0xFD9F, 0xFCED, 0xF9EF, 0xFA30,  0xF8D3, 0xFBDD, 0xFB28, 0xF805,
  0xFB5D, 0xFC12, 0xFA7A, 0xF984,  0xFA41, 0xFC2A, 0xFAA4, 0xFBD6,
  0xFDCE, 0xFD3D, 0xFDE9, 0xFE9F,  0x006B, 0x0278, 0x01FD, 0x02C4,
  0x0539, 0x05F8, 0x06D1, 0x06B0,  0x06D9, 0x079D, 0x07D9, 0x09B2,
  0x0A31, 0x096D, 0x09C4, 0x0A09,  0x0987, 0x096C, 0x0935, 0x0900,
  0x07B9, 0x0859, 0x0A96, 0x07B1,  0x04CD, 0x0501, 0x03C9, 0x02D2,
  0x01C7, 0xFF52, 0xFE35, 0xFD2F,  0xFDD3, 0xFC0F, 0xF9B5, 0xF89E,
  0xF7A0, 0xF613, 0xF3C5, 0xF49A,  0xF2BD, 0xF1B6, 0xF06A, 0xEDE8,
  0xED69, 0xEEA7, 0xEF19, 0xED1D,  0xEECA, 0xF2AB, 0xF1A6, 0xF10F,
  0xF463, 0xF7B1, 0xF918, 0xFA4C,  0xFF1D, 0x00A4, 0x028C, 0x069F,
  0x094C, 0x0982, 0x0AA2, 0x0ED6,  0x0FCF, 0x1088, 0x1228, 0x132E,
  0x140E, 0x148C, 0x14EF, 0x14DF,  0x1401, 0x1335, 0x12BA, 0x11A8,
  0x1086, 0x0F39, 0x0CBD, 0x0B42,  0x09E7, 0x06FC, 0x03C7, 0x0159,
  0xFEE8, 0xFC8A, 0xFBC6, 0xFA6E,  0xF898, 0xF7A2, 0xF6D2, 0xF450,
  0xF1C1, 0xF077, 0xEFDC, 0xED49,  0xEAEA, 0xE9E7, 0xE9D1, 0xEABD,
  0xE9A6, 0xE90D, 0xE92F, 0xEA7E,  0xEC04, 0xED21, 0xEECA, 0xF166,
  0xF38B, 0xF70E, 0xFA72, 0xFB9F,  0xFDE6, 0x01D7, 0x04D0, 0x0622,
  0x083F, 0x0BE2, 0x0EF5, 0x102B,  0x1204, 0x1429, 0x1520, 0x173D,
  0x19EB, 0x1A75, 0x1958, 0x1896,  0x1915, 0x192C, 0x1801, 0x14BB,
  0x1290, 0x128B, 0x11FC, 0x0E52,  0x07F5, 0x0396, 0x0324, 0x027F,
  0xFF15, 0xFBF8, 0xFA7F, 0xF929,  0xF83B, 0xF5BB, 0xF26C, 0xF004,
  0xEDBE, 0xEBE2, 0xEAAC, 0xE75D,  0xE2B5, 0xE045, 0xE30D, 0xE4BC,
  0xDF8C, 0xDFFF, 0xE6F5, 0xE932,  0xE5F9, 0xE7B5, 0xECD3, 0xF08C,
  0xF165, 0xF62E, 0xFB1A, 0xFD04,  0x02F5, 0x06EB, 0x088E, 0x0A08,
  0x1038, 0x1518, 0x16A4, 0x19B7,  0x1CFD, 0x1E3B, 0x1E8A, 0x208C,
  0x214D, 0x1F4B, 0x1E04, 0x1F5B,  0x1EC8, 0x1B22, 0x184F, 0x15B7,
  0x128F, 0x113F, 0x0E58, 0x0951,  0x05E0, 0x0402, 0x011C, 0xFCCA,
  0xFA81, 0xFA15, 0xF7B3, 0xF557,  0xF47D, 0xF275, 0xF110, 0xEF05,
  0xEB9D, 0xE905, 0xE6A7, 0xE473,  0xE16B, 0xE0A0, 0xE147, 0xDEDE,
  0xDF83, 0xE46D, 0xE67E, 0xE425,  0xE3BD, 0xEA7F, 0xEE4A, 0xEE78,
  0xF2C7, 0xF87D, 0xFCD1, 0x007F,  0x04E0, 0x0822, 0x0B90, 0x1121,
  0x1645, 0x17C8, 0x1A3D, 0x1EA4,  0x21C1, 0x216B, 0x20C2, 0x20BF,
  0x21D8, 0x210A, 0x1E73, 0x1D31,  0x1B4B, 0x1934, 0x1543, 0x121C,
  0x0CCA, 0x06EA, 0x0506, 0x02F6,  0xFFA6, 0xFC6F, 0xF9D5, 0xF808,
  0xF49F, 0xF41C, 0xF3F6, 0xF206,  0xF1D6, 0xF20C, 0xF1F0, 0xEE0D,
  0xE821, 0xE8AB, 0xE666, 0xE31E,  0xE111, 0xDEED, 0xE1E8, 0xE19C,
  0xE619, 0xE9D9, 0xE602, 0xE63D,  0xEB79, 0xEC16, 0xF06D, 0xF101,
  0xF31E, 0xFC2D, 0xFCF3, 0x015C,  0x09A5, 0x0BBF, 0x0E25, 0x1891,
  0x1BA2, 0x176D, 0x1D77, 0x2506,  0x253B, 0x2136, 0x1DF4, 0x2363,
  0x2230, 0x179F, 0x185E, 0x1E13,  0x195F, 0x187C, 0x13B5, 0x0A61,
  0x0769, 0x04D3, 0x020C, 0xFD4D,  0xFA9A, 0xFDF7, 0xFC5B, 0xF72C,
  0xF639, 0xF4B4, 0xF33A, 0xF284,  0xF51A, 0xF17E, 0xEE92, 0xEB1E,
  0xE6D5, 0xE4D8, 0xE4D6, 0xE8E4,  0xE6BE, 0xE5E0, 0xEBAC, 0xEDE7,
  0xEAE3, 0xE513, 0xE5CD, 0xEB87,  0xECDB, 0xEF87, 0xEF90, 0xF577,
  0xFDA2, 0xFDED, 0x004F, 0x0989,  0x0F5E, 0x121F, 0x1488, 0x1B71,
  0x2197, 0x2043, 0x1FB5, 0x2060,  0x2371, 0x23B2, 0x20A0, 0x1D4A,
  0x1D62, 0x1EE3, 0x1E0F, 0x1A42,  0x136E, 0x0F9C, 0x0E33, 0x0C46,
  0x083C, 0x02D9, 0xFEDC, 0xFA34,  0xF7B4, 0xF711, 0xF318, 0xEC83,
  0xE926, 0xE9D4, 0xE8D4, 0xE374,  0xDF0D, 0xDF24, 0xDE3D, 0xDC56,
  0xD9AC, 0xD82E, 0xDAB7, 0xDB0F,  0xDDFE, 0xE48D, 0xE6C1, 0xE57E,
  0xE379, 0xEC6C, 0xF615, 0xF877,  0xFDF2, 0x063D, 0x0EA3, 0x12B8,
  0x1812, 0x1C99, 0x1EFA, 0x23E7,  0x2A1D, 0x2CA0, 0x2A92, 0x27EF,
  0x26C2, 0x2408, 0x2141, 0x1EDB,  0x1A83, 0x195E, 0x168D, 0x1466,
  0x0F7B, 0x08A2, 0x070C, 0x0653,  0x0856, 0x068F, 0x00A6, 0xFC62,
  0xF893, 0xF93E, 0xF89F, 0xF5A0,  0xF371, 0xEF27, 0xEDC0, 0xED4C,
  0xEA4E, 0xE539, 0xE272, 0xE23E,  0xDEB9, 0xD8E1, 0xD78C, 0xD7BC,
  0xD7B5, 0xD59D, 0xDB7A, 0xE21E,  0xDD50, 0xDE8F, 0xE43D, 0xED7D,
  0xF508, 0xFC1A, 0x052B, 0x08D4,  0x120D, 0x1AC6, 0x1E6F, 0x2337,
  0x26C8, 0x2D55, 0x2FF9, 0x2F8C,  0x2EA6, 0x2C1B, 0x295A, 0x27E7,
  0x26B8, 0x21B3, 0x1CE5, 0x17A2,  0x13E3, 0x113F, 0x0DCE, 0x0934,
  0x04F8, 0x0191, 0xFE02, 0xF90D,  0xF3D2, 0xF041, 0xEDD5, 0xEDE3,
  0xEC47, 0xE710, 0xE53A, 0xE4D2,  0xE5A8, 0xE2EA, 0xDF1A, 0xDB24,
  0xD7F5, 0xD5E4, 0xD314, 0xD449,  0xD395, 0xD79F, 0xE0B5, 0xE828,
  0xE4EB, 0xE6BB, 0xEF5F, 0xF824,  0x048F, 0x0C8E, 0x1412, 0x1720,
  0x1DC7, 0x2532, 0x27A4, 0x2BD0,  0x2E08, 0x327D, 0x31F9, 0x2F13,
  0x2D04, 0x281C, 0x25D0, 0x2477,  0x212D, 0x1B8C, 0x14D5, 0x10C4,
  0x0D1A, 0x0A57, 0x08B6, 0x0520,  0x0366, 0x000F, 0xFA73, 0xF51A,
  0xEFC9, 0xEE6E, 0xEC96, 0xE9AA,  0xE762, 0xE183, 0xDF9E, 0xDC12,
  0xDA8E, 0xD82E, 0xD6F8, 0xD4FB,  0xD008, 0xCE2C, 0xCE4B, 0xD14C,
  0xD381, 0xDBA1, 0xE6B0, 0xECDB,  0xEACC, 0xF132, 0xFCA7, 0x0808,
  0x13D1, 0x1D58, 0x2294, 0x2558,  0x2B8D, 0x30B1, 0x33F0, 0x35F5,
  0x36F1, 0x362F, 0x325E, 0x2C43,  0x27A6, 0x261D, 0x24C0, 0x20AE,
  0x1934, 0x1087, 0x0A7D, 0x0884,  0x07B1, 0x05D4, 0x028A, 0xFCB2,
  0xF96F, 0xF442, 0xF084, 0xEE96,  0xEC7C, 0xEA9F, 0xE680, 0xE0B5,
  0xDDA0, 0xDC09, 0xDCCC, 0xDB97,  0xD716, 0xD141, 0xCF5D, 0xD0B2,
  0xD173, 0xD1AE, 0xD240, 0xD44F,  0xDA52, 0xEA3A, 0xEEF8, 0xF152,
  0xF3A4, 0xFFB3, 0x0AF2, 0x15B8,  0x1E96, 0x2193, 0x297D, 0x2D08,
  0x334E, 0x32FE, 0x35DE, 0x3784,  0x385D, 0x34BE, 0x2C67, 0x28D9,
  0x276B, 0x26F4, 0x23CA, 0x1A18,  0x1064, 0x0B02, 0x0A90, 0x09F0,
  0x0537, 0xFF25, 0xF8AB, 0xF5B3,  0xF1C4, 0xEC96, 0xE9DF, 0xE7BA,
  0xE339, 0xE158, 0xDA5D, 0xD88B,  0xD84E, 0xD772, 0xD754, 0xD2FB,
  0xCEC2, 0xCE3F, 0xCE9A, 0xD106,  0xD2B2, 0xD4EF, 0xDBB0, 0xE57B,
  0xF07E, 0xEF9B, 0xF5BF, 0xFD77,  0x09EF, 0x1755, 0x20F6, 0x22E2,
  0x261C, 0x2D57, 0x32CA, 0x3890,  0x388C, 0x39E1, 0x353E, 0x351B,
  0x2F59, 0x2E5C, 0x2A42, 0x2850,  0x23AC, 0x1A20, 0x137E, 0x0C4E,
  0x0B12, 0x08E8, 0x07F9, 0xFED0,  0xF75F, 0xEFBF, 0xED98, 0xED14,
  0xE9CD, 0xE322, 0xDC63, 0xD8E3,  0xD60A, 0xD472, 0xD448, 0xD1BA,
  0xD13B, 0xCE6D, 0xCC78, 0xCAD0,  0xCE0C, 0xD290, 0xD6FE, 0xDB75,
  0xDCCC, 0xEB15, 0xF107, 0xF8A8,  0xFCA8, 0x06D1, 0x10D2, 0x195E,
  0x232E, 0x2609, 0x2C48, 0x2F84,  0x354F, 0x37E8, 0x3801, 0x37E1,
  0x369D, 0x3211, 0x2E99, 0x2BAA,  0x2984, 0x26E5, 0x1F2F, 0x1773,
  0x1032, 0x0D67, 0x0CD0, 0x08F0,  0x0423, 0xFC2F, 0xF62A, 0xF294,
  0xEE8D, 0xEB90, 0xE6F8, 0xE2B6,  0xDD91, 0xD910, 0xD630, 0xD4AF,
  0xD491, 0xD30A, 0xCFCF, 0xCD05,  0xCB74, 0xCC80, 0xD19B, 0xD25B,
  0xD72A, 0xD618, 0xE0C8, 0xECAE,  0xF33C, 0xF738, 0xFAE8, 0x07AA,
  0x0FF4, 0x1CB4, 0x2039, 0x24E3,  0x29CF, 0x3061, 0x3454, 0x3684,
  0x377C, 0x3714, 0x36DB, 0x3414,  0x2E94, 0x2C2D, 0x2AC5, 0x2979,
  0x22C7, 0x186A, 0x11BE, 0x0D76,  0x0F0C, 0x0B4B, 0x05CB, 0xFA11,
  0xF509, 0xF130, 0xEE67, 0xECEA,  0xE763, 0xE0B4, 0xDA54, 0xD4FF,
  0xD5A6, 0xD4ED, 0xD565, 0xD176,  0xCCC2, 0xC91B, 0xC91A, 0xCF04,
  0xD265, 0xD517, 0xD319, 0xD6C2,  0xDF72, 0xF23E, 0xF3A8, 0xF87C,
  0xFB82, 0x067A, 0x1509, 0x1AD4,  0x2316, 0x2380, 0x2D64, 0x3011,
  0x33AA, 0x35F8, 0x3628, 0x3ACE,  0x373D, 0x33CB, 0x2CEC, 0x2C0D,
  0x2E2E, 0x2A28, 0x244A, 0x1754,  0x116C, 0x0DCF, 0x11CA, 0x0BF1,
  0x01C3, 0xF825, 0xF272, 0xF0CF,  0xEB10, 0xE998, 0xE357, 0xDE00,
  0xD7F0, 0xD22C, 0xD2FC, 0xD25F,  0xD2D3, 0xCEAA, 0xC9B8, 0xC8A9,
  0xCA4D, 0xD045, 0xD1D9, 0xD53D,  0xD2F3, 0xDEE6, 0xE9B7, 0xF1CD,
  0xF178, 0xF8F7, 0x0544, 0x0C4D,  0x1A0C, 0x1A3B, 0x21DC, 0x26F6,
  0x2E9E, 0x33A2, 0x33E0, 0x3788,  0x369B, 0x393A, 0x349E, 0x30AB,
  0x320C, 0x2F7A, 0x2F96, 0x23DD,  0x1D33, 0x164D, 0x15F8, 0x1584,
  0x0D9C, 0x05A3, 0xF92D, 0xF750,  0xF2AB, 0xF051, 0xEAD6, 0xE417,
  0xDCE6, 0xD79E, 0xD4C9, 0xD3B9,  0xD5DC, 0xD24D, 0xCD07, 0xC930,
  0xC78A, 0xCD0B, 0xCF58, 0xD289,  0xCF1B, 0xD20E, 0xD8D3, 0xE384,
  0xF27D, 0xF070, 0xF5E7, 0xFA1F,  0x07D4, 0x132C, 0x1C9F, 0x2071,
  0x2139, 0x293A, 0x2DD7, 0x3639,  0x3771, 0x3911, 0x381E, 0x3417,
  0x3225, 0x323A, 0x34EC, 0x3191,  0x2B13, 0x1FB8, 0x17C1, 0x18C0,
  0x1729, 0x142F, 0x09CA, 0xFF88,  0xF77E, 0xF47A, 0xF259, 0xEE97,
  0xE847, 0xDEAA, 0xD84E, 0xD4DE,  0xD466, 0xD556, 0xD2CE, 0xCD17,
  0xC7DE, 0xC7E9, 0xCAE8, 0xCE53,  0xD060, 0xCD86, 0xD115, 0xD3B3,
  0xE129, 0xEB75, 0xEF21, 0xF27F,  0xF6D9, 0x0344, 0x0DBA, 0x19DC,
  0x1D0E, 0x20AA, 0x265A, 0x2C83,  0x3498, 0x36A9, 0x3908, 0x3823,
  0x3639, 0x34B8, 0x342E, 0x35C6,  0x32EC, 0x2DAF, 0x242B, 0x1DDE,
  0x1AC7, 0x198B, 0x162D, 0x0E2A,  0x042C, 0xFA4D, 0xF707, 0xF589,
  0xF209, 0xE88A, 0xDF1F, 0xDA7F,  0xD81F, 0xD6E8, 0xD381, 0xD0AE,
  0xCB83, 0xC922, 0xC76D, 0xC8BE,  0xCBC3, 0xCC47, 0xCD61, 0xCC74,
  0xD3E2, 0xDCDA, 0xE912, 0xEC32,  0xED4F, 0xF4DC, 0xFF45, 0x0D50,
  0x1639, 0x1AE0, 0x1C57, 0x2397,  0x2CCD, 0x3417, 0x3792, 0x3739,
  0x3700, 0x375F, 0x3768, 0x38BF,  0x373E, 0x3399, 0x2E1E, 0x289D,
  0x22EC, 0x1E70, 0x1BD4, 0x169F,  0x0FE6, 0x04B3, 0xFDFB, 0xFB40,
  0xF6E8, 0xF053, 0xE62C, 0xE0BE,  0xDC70, 0xDAC4, 0xD82C, 0xD1FF,
  0xCDC8, 0xCBDD, 0xCB6E, 0xCA22,  0xC988, 0xCA9B, 0xCA9B, 0xCB3C,
  0xCEA3, 0xD38A, 0xDB7C, 0xE49E,  0xE9B2, 0xEABA, 0xF232, 0xFD75,
  0x0B13, 0x1205, 0x15F8, 0x199A,  0x2028, 0x2C5E, 0x31A8, 0x33F4,
  0x3442, 0x36EF, 0x388D, 0x383B,  0x3789, 0x373B, 0x35D6, 0x32C8,
  0x2C3F, 0x24E4, 0x2105, 0x202D,  0x1B30, 0x112F, 0x0A5F, 0x026B,
  0xFDF3, 0xF6DC, 0xF09F, 0xEB76,  0xE57F, 0xDF1D, 0xD75B, 0xD466,
  0xD1E8, 0xD0AC, 0xCE09, 0xC96D,  0xC65C, 0xC41E, 0xC779, 0xCBD9,
  0xCE34, 0xCCF1, 0xCCF7, 0xD661,  0xE33F, 0xEC0A, 0xEB3A, 0xF0EA,
  0xF81E, 0x075C, 0x12CE, 0x14D0,  0x194D, 0x2061, 0x2B44, 0x2EDF,
  0x32A8, 0x346E, 0x37EB, 0x39AF,  0x3993, 0x37C8, 0x35C5, 0x362E,
  0x3574, 0x2ED9, 0x27F5, 0x2226,  0x1D78, 0x1C27, 0x16CF, 0x0D07,
  0x0310, 0xFB95, 0xF7A4, 0xF357,  0xED04, 0xE656, 0xDE07, 0xD89B,
  0xD29B, 0xD381, 0xD0DB, 0xCE18,  0xC958, 0xC60A, 0xC626, 0xC82E,
  0xCB9C, 0xCC3C, 0xCD82, 0xCD54,  0xD774, 0xE077, 0xE8C7, 0xE988,
  0xEF7E, 0xF85B, 0x04A2, 0x1096,  0x1316, 0x179A, 0x1E88, 0x29A2,
  0x30B4, 0x32BA, 0x31E9, 0x363D,  0x3AD6, 0x3BE1, 0x3749, 0x365F,
  0x3664, 0x35B5, 0x3213, 0x2974,  0x2372, 0x1EE2, 0x1E26, 0x178C,
  0x0E26, 0x04AC, 0xFF18, 0xFAFA,  0xF2CD, 0xEBA3, 0xE5C4, 0xE158,
  0xDC3D, 0xD4CB, 0xD070, 0xCF46,  0xCEE4, 0xCB5E, 0xC66A, 0xC412,
  0xC6BA, 0xCADC, 0xCBDB, 0xCB63,  0xCBEC, 0xD5FD, 0xE01B, 0xE846,
  0xE661, 0xECCC, 0xF901, 0x036D,  0x0E75, 0x1080, 0x1647, 0x1C5F,
  0x2855, 0x2F68, 0x31CD, 0x3214,  0x33AA, 0x3AC4, 0x3B76, 0x391E,
  0x3683, 0x376E, 0x36C2, 0x32CC,  0x2B7D, 0x24AA, 0x226F, 0x1EB0,
  0x1950, 0x0EFE, 0x06E5, 0x0000,  0xFB9F, 0xF52E, 0xEDB0, 0xE7C4,
  0xE04C, 0xDB68, 0xD6BC, 0xD2BF,  0xD0AC, 0xCD65, 0xC960, 0xC755,
  0xC606, 0xC6B4, 0xC825, 0xC9F1,  0xCBEC, 0xCE07, 0xD20D, 0xDDE8,
  0xE4BC, 0xE847, 0xEB5E, 0xF62F,  0x0151, 0x0AB3, 0x130C, 0x12B7,
  0x1C5B, 0x25F0, 0x2E6D, 0x311E,  0x31EC, 0x3472, 0x37BC, 0x3CC8,
  0x3A6D, 0x384B, 0x36C4, 0x3674,  0x34CA, 0x2DA5, 0x27AA, 0x2313,
  0x1F45, 0x1899, 0x1250, 0x0A0F,  0x020C, 0xFBCE, 0xF48D, 0xEF71,
  0xE900, 0xE2E1, 0xDBD2, 0xD73C,  0xD30F, 0xD09A, 0xCEEC, 0xCA65,
  0xC74E, 0xC542, 0xC6B5, 0xC8A1,  0xC9B2, 0xCBD4, 0xCC41, 0xD1EC,
  0xDBA0, 0xE58D, 0xE702, 0xE9CF,  0xF3F2, 0xFEB6, 0x0B92, 0x0F18,
  0x12DF, 0x18E2, 0x23F7, 0x2CF9,  0x2EFB, 0x3174, 0x31EC, 0x37AB,
  0x3A9A, 0x3A81, 0x3911, 0x36E8,  0x36E2, 0x339D, 0x2F88, 0x29CE,
  0x251D, 0x2056, 0x1970, 0x13AF,  0x0C3F, 0x04F2, 0xFDE8, 0xF726,
  0xF002, 0xE994, 0xE478, 0xDE54,  0xD8DB, 0xD322, 0xD087, 0xCF4F,
  0xCB09, 0xC794, 0xC536, 0xC698,  0xC880, 0xC9E1, 0xCB0B, 0xCC37,
  0xD1BE, 0xD9D0, 0xE3F9, 0xE6D0,  0xE9F5, 0xF1CC, 0xFCDC, 0x0832,
  0x0EB6, 0x1333, 0x16CA, 0x2229,  0x2A63, 0x2F28, 0x312B, 0x3194,
  0x36F6, 0x3AAF, 0x3A88, 0x38C0,  0x37D2, 0x369A, 0x343E, 0x3118,
  0x2AEA, 0x24C1, 0x2142, 0x1B5D,  0x1521, 0x0C9D, 0x0539, 0xFF85,
  0xF846, 0xEFE4, 0xE9AF, 0xE5D2,  0xDF75, 0xD8FB, 0xD2CD, 0xD016,
  0xCF46, 0xCC73, 0xC872, 0xC4F9,  0xC5D2, 0xC802, 0xCAE7, 0xCB41,
  0xCC87, 0xD09B, 0xD892, 0xE33B,  0xE62E, 0xEA97, 0xF14C, 0xFB38,
  0x058D, 0x0DFF, 0x1321, 0x169A,  0x2092, 0x27A0, 0x2D65, 0x3088,
  0x31BA, 0x35B6, 0x38EA, 0x39E3,  0x38C6, 0x37AE, 0x3683, 0x3497,
  0x3145, 0x2B13, 0x2679, 0x21C0,  0x1BBE, 0x15E0, 0x0ED6, 0x0795,
  0x009F, 0xF865, 0xF0FD, 0xEC3B,  0xE738, 0xE16D, 0xD9DB, 0xD3EF,
  0xD096, 0xD153, 0xCE4F, 0xC918,  0xC670, 0xC66F, 0xC953, 0xCA7E,
  0xCB87, 0xCCD3, 0xD01A, 0xD798,  0xE2D9, 0xE66F, 0xE888, 0xEF2E,
  0xFA77, 0x04B5, 0x0BA4, 0x10CE,  0x148C, 0x1E7F, 0x266E, 0x2C3F,
  0x2E96, 0x2FE2, 0x3589, 0x391B,  0x38C3, 0x3790, 0x375F, 0x36D7,
  0x35F5, 0x3266, 0x2AD3, 0x2583,  0x22C5, 0x1D38, 0x171F, 0x0F76,
  0x0798, 0xFF15, 0xF8C2, 0xF5C1,  0xED1F, 0xE554, 0xDF1A, 0xDAA6,
  0xD707, 0xD1B3, 0xCF78, 0xCB6C,  0xCA07, 0xC79D, 0xC5EF, 0xC797,
  0xC9E0, 0xCC9B, 0xCD8F, 0xCFB4,  0xD62D, 0xE342, 0xE84B, 0xE9E2,
  0xEDF2, 0xFA58, 0x06B8, 0x0CA4,  0x1164, 0x1394, 0x1E9B, 0x2872,
  0x2D52, 0x2EAD, 0x2ECD, 0x343B,  0x394C, 0x3B1A, 0x3717, 0x34D5,
  0x3616, 0x364F, 0x33A1, 0x2997,  0x24A2, 0x215E, 0x1E1B, 0x17C1,
  0x0E11, 0x056F, 0xFF23, 0xFB11,  0xF24B, 0xEC07, 0xE66C, 0xE05D,
  0xDA21, 0xD4EB, 0xD152, 0xD09A,  0xCEAE, 0xC9F7, 0xC72D, 0xC6D4,
  0xC895, 0xCB95, 0xCC8C, 0xCE74,  0xD058, 0xD8EA, 0xE2FC, 0xE5F8,
  0xEBE6, 0xEFD6, 0xFA06, 0x0438,  0x0C50, 0x10F4, 0x1415, 0x1EF2,
  0x2626, 0x2B2C, 0x2E3E, 0x30AF,  0x33DA, 0x370D, 0x3977, 0x37F9,
  0x3644, 0x35E8, 0x3552, 0x3156,  0x2C8A, 0x25C7, 0x2069, 0x1D55,
  0x1715, 0x0EE0, 0x0651, 0xFF91,  0xF9B0, 0xF1BF, 0xEADE, 0xE778,
  0xE091, 0xD9AD, 0xD33A, 0xD180,  0xD13C, 0xCE66, 0xC973, 0xC5AA,
  0xC6AF, 0xCA53, 0xCCF7, 0xCB5A,  0xCDAB, 0xD0D6, 0xDAA4, 0xE3AA,
  0xE84D, 0xE9BC, 0xEEE0, 0xFD33,  0x061E, 0x0DD0, 0x1093, 0x147B,
  0x1EB4, 0x27C6, 0x2D08, 0x2E98,  0x2FD1, 0x32FE, 0x37EB, 0x3989,
  0x3855, 0x3643, 0x34D5, 0x347E,  0x31C9, 0x2B94, 0x2513, 0x2100,
  0x1D07, 0x15DC, 0x0E01, 0x067D,  0xFEAD, 0xF761, 0xF083, 0xEC0F,
  0xE64A, 0xDD81, 0xD816, 0xD457,  0xD1F9, 0xCFBD, 0xCC2F, 0xC7FC,
  0xC6EF, 0xC88C, 0xC9CC, 0xC9E3,  0xCC76, 0xD137, 0xD2EF, 0xDAF9,
  0xE335, 0xEA79, 0xEC2A, 0xF297,  0xFCDD, 0x06ED, 0x1096, 0x1156,
  0x16B1, 0x1F7D, 0x2997, 0x2C87,  0x2EB8, 0x3185, 0x3380, 0x382B,
  0x3849, 0x37AB, 0x3607, 0x35AD,  0x327B, 0x2E6C, 0x2A35, 0x23F3,
  0x210B, 0x1A73, 0x12FF, 0x09E3,  0x0428, 0xFFD1, 0xF7C6, 0xEF05,
  0xE684, 0xE365, 0xE11F, 0xDA37,  0xD246, 0xCE3D, 0xCE50, 0xCDEC,
  0xCB00, 0xC706, 0xC62D, 0xC87C,  0xCD69, 0xD087, 0xD078, 0xD47D,
  0xDB6A, 0xE8EB, 0xEA89, 0xED39,  0xF4F7, 0xFF94, 0x0BF8, 0x0E67,
  0x12E4, 0x17B3, 0x246C, 0x29A6,  0x2D21, 0x2F6A, 0x2FCB, 0x3620,
  0x3878, 0x39A2, 0x3583, 0x3534,  0x3435, 0x3228, 0x2F47, 0x27A1,
  0x2218, 0x1C82, 0x191E, 0x11CB,  0x09BB, 0x0029, 0xF99B, 0xF61F,
  0xEEA3, 0xE75E, 0xDF17, 0xDBBD,  0xD815, 0xD3C7, 0xD0C3, 0xCD5C,
  0xCA64, 0xC83E, 0xC8E0, 0xCB02,  0xCADF, 0xCC3E, 0xCF81, 0xD1D6,
  0xD95D, 0xE261, 0xE7E2, 0xEACF,  0xF035, 0xFA23, 0x03DE, 0x0C55,
  0x11F5, 0x14AA, 0x1C11, 0x249C,  0x2BE6, 0x2EF7, 0x2F88, 0x32CD,
  0x355A, 0x37C0, 0x37FF, 0x37B4,  0x34AB, 0x318D, 0x2F79, 0x2BE9,
  0x26AB, 0x20E4, 0x1A69, 0x13F0,  0x0E17, 0x055D, 0xFDD1, 0xF865,
  0xF193, 0xE91E, 0xE305, 0xDEA5,  0xDA0A, 0xD4C3, 0xD03F, 0xCE0B,
  0xCB8F, 0xC8E3, 0xC7B4, 0xC81C,  0xC9D8, 0xCBD2, 0xCE95, 0xD030,
  0xD532, 0xDF93, 0xE72B, 0xE90F,  0xED03, 0xF6B2, 0x0171, 0x0A70,
  0x0F5F, 0x13A7, 0x18CF, 0x22F0,  0x2A78, 0x2DD6, 0x2F9D, 0x3105,
  0x3616, 0x37F2, 0x3829, 0x379B,  0x35AE, 0x3382, 0x309A, 0x2CD6,
  0x27C1, 0x2276, 0x1BF2, 0x1598,  0x0FF2, 0x082C, 0x004D, 0xF994,
  0xF1ED, 0xEB33, 0xE5E5, 0xE14C,  0xDB24, 0xD4F0, 0xD107, 0xCF37,
  0xCDC2, 0xCB22, 0xC80D, 0xC77A,  0xC9D2, 0xCBE3, 0xCFB1, 0xD01E,
  0xD4A9, 0xDABF, 0xE469, 0xEACF,  0xED3D, 0xF568, 0xFC66, 0x0718,
  0x0EEF, 0x13EA, 0x17CE, 0x1EDA,  0x27B9, 0x2BF3, 0x2F80, 0x3164,
  0x33F8, 0x3754, 0x36CA, 0x3751,  0x358C, 0x3467, 0x31C4, 0x2D3E,
  0x2866, 0x22A4, 0x1EDD, 0x1825,  0x1145, 0x0823, 0x00C5, 0xFB79,
  0xF58C, 0xECF5, 0xE587, 0xE1BA,  0xDBB7, 0xD773, 0xD20C, 0xCE4E,
  0xCD05, 0xCA91, 0xC9CC, 0xC6B8,  0xC8A1, 0xCA4C, 0xCEDA, 0xD174,
  0xD252, 0xDC23, 0xE3A7, 0xE94D,  0xEA8D, 0xF4FD, 0xFE27, 0x05B2,
  0x0DC4, 0x112C, 0x195A, 0x1E81,  0x2769, 0x2BF7, 0x2F21, 0x31E7,
  0x3306, 0x3757, 0x3746, 0x37DB,  0x35CB, 0x34B1, 0x3174, 0x2CCC,
  0x2933, 0x235B, 0x1E7F, 0x1754,  0x1159, 0x0A22, 0x018A, 0xFA5D,
  0xF347, 0xEDE0, 0xE909, 0xE286,  0xDA86, 0xD445, 0xD21D, 0xD179,
  0xCE7B, 0xCA5C, 0xC6B0, 0xC6C4,  0xCB3B, 0xCBA5, 0xCEE0, 0xCFC2,
  0xD311, 0xDB88, 0xE3D5, 0xEAAC,  0xEB99, 0xF4F6, 0xFD24, 0x0647,
  0x0EA4, 0x1237, 0x18CD, 0x1F6C,  0x2745, 0x2BEF, 0x2EE6, 0x3206,
  0x34B7, 0x3853, 0x3686, 0x3574,  0x364E, 0x3599, 0x3330, 0x2C41,
  0x25DE, 0x2123, 0x200E, 0x1A04,  0x0F87, 0x04C3, 0xFDCF, 0xFBF4,
  0xF676, 0xED11, 0xE3B5, 0xDF03,  0xDB2A, 0xD704, 0xD20A, 0xCD92,
  0xCC6A, 0xCA68, 0xC8D1, 0xC6D2,  0xC900, 0xCC00, 0xCF07, 0xD181,
  0xD2DB, 0xDD45, 0xE658, 0xE9BA,  0xED09, 0xF5F3, 0x00E2, 0x0913,
  0x0EEA, 0x1374, 0x1958, 0x2208,  0x29D3, 0x2DC6, 0x2FC9, 0x30B8,
  0x353C, 0x38BA, 0x3954, 0x369C,  0x342C, 0x33B1, 0x3125, 0x2D07,
  0x2718, 0x204A, 0x1B99, 0x15F6,  0x0E1A, 0x0613, 0xFD48, 0xF836,
  0xF198, 0xE97D, 0xE485, 0xDE7D,  0xD8EA, 0xD388, 0xD072, 0xCE05,
  0xCB4B, 0xC902, 0xC706, 0xC775,  0xCB26, 0xCCC3, 0xCEDB, 0xD1B8,
  0xD5CA, 0xE1F8, 0xE7F8, 0xEB8B,  0xF03B, 0xF92F, 0x0443, 0x0C5A,
  0x12C0, 0x1593, 0x1D18, 0x2484,  0x2BB3, 0x2EE8, 0x3105, 0x3427,
  0x362E, 0x379E, 0x3672, 0x363D,  0x35B9, 0x3345, 0x2E3F, 0x2869,
  0x237C, 0x1F23, 0x1A39, 0x12DF,  0x09F1, 0x00A7, 0xFA07, 0xF6F1,
  0xEF7A, 0xE74F, 0xDEBC, 0xDB2C,  0xD846, 0xD48C, 0xD02B, 0xCB96,
  0xC8ED, 0xC90A, 0xC9AC, 0xC988,  0xCA70, 0xCB92, 0xD157, 0xD362,
  0xDDA4, 0xE2E8, 0xE820, 0xEDBE,  0xF50D, 0xFEE0, 0x0625, 0x0F74,
  0x13CD, 0x1A79, 0x1EF6, 0x26A8,  0x2CAE, 0x3118, 0x32E8, 0x33B7,
  0x34F3, 0x364A, 0x3759, 0x375D,  0x3401, 0x2EEA, 0x2AE3, 0x2611,
  0x237B, 0x1DFD, 0x1759, 0x0E43,  0x04FF, 0xFD49, 0xF891, 0xF51A,
  0xEE20, 0xE3A6, 0xDD14, 0xD8EA,  0xD6C5, 0xD368, 0xCE5F, 0xCB04,
  0xC85F, 0xC874, 0xC89A, 0xC9C2,  0xCB2C, 0xCFBC, 0xD0FA, 0xD772,
  0xDED2, 0xE7DD, 0xEBAA, 0xEF72,  0xF8C4, 0x0171, 0x0D56, 0x108A,
  0x15CF, 0x1B01, 0x23F3, 0x2A8F,  0x2F11, 0x31B7, 0x31D4, 0x34FD,
  0x3680, 0x37B4, 0x3657, 0x3611,  0x31A6, 0x2D8F, 0x2983, 0x2449,
  0x2084, 0x1A25, 0x1392, 0x0A0A,  0x01F3, 0xFBCC, 0xF723, 0xF16E,
  0xE7F0, 0xE061, 0xDBFC, 0xD80D,  0xD50A, 0xD001, 0xCCE4, 0xCA1F,
  0xC866, 0xC7F7, 0xC874, 0xCAE1,  0xCDB8, 0xCFDA, 0xD2EE, 0xDE49,
  0xE283, 0xE8BB, 0xECEC, 0xF521,  0xFE9A, 0x06DA, 0x1028, 0x120A,
  0x19A3, 0x2051, 0x27C6, 0x2CC3,  0x2FF8, 0x3287, 0x3375, 0x35CB,
  0x3696, 0x36C5, 0x3559, 0x33A0,  0x3047, 0x29C1, 0x25C8, 0x2056,
  0x1DCB, 0x178C, 0x0F13, 0x0432,  0xFAD0, 0xF86D, 0xF497, 0xEDE0,
  0xE3F9, 0xDB79, 0xD756, 0xD5F7,  0xD40D, 0xCFCC, 0xCA30, 0xC7A2,
  0xC861, 0xCAA0, 0xCAEF, 0xCCF5,  0xCD88, 0xD422, 0xDABD, 0xE335,
  0xE493, 0xEABC, 0xF4BB, 0xFB46,  0x0684, 0x0A2F, 0x111B, 0x1611,
  0x1EEA, 0x2631, 0x2A1B, 0x2E45,  0x301B, 0x32F3, 0x3580, 0x35EF,
  0x35FD, 0x345A, 0x3442, 0x3001,  0x2C30, 0x2626, 0x21F7, 0x1F50,
  0x1993, 0x125F, 0x0511, 0xFE4D,  0xFA2F, 0xF7C7, 0xF1B1, 0xE781,
  0xDC5E, 0xD85B, 0xD708, 0xD800,  0xD41A, 0xCDDB, 0xC910, 0xC784,
  0xCAC8, 0xCD24, 0xCDCE, 0xCF39,  0xD12A, 0xD805, 0xE130, 0xE205,
  0xEAAF, 0xEED0, 0xF8C2, 0x00C0,  0x0724, 0x0DA0, 0x1158, 0x1BA7,
  0x2198, 0x26F3, 0x29E2, 0x2EB0,  0x30C7, 0x3399, 0x3543, 0x344E,
  0x3418, 0x34A2, 0x32F6, 0x2E1F,  0x2814, 0x229A, 0x1FE5, 0x1D41,
  0x165E, 0x0B15, 0x01FB, 0xFCEC,  0xF940, 0xF3B6, 0xEB45, 0xE444,
  0xDE5B, 0xD83C, 0xD681, 0xD288,  0xD184, 0xCCE0, 0xCAE5, 0xC9F8,
  0xCB1E, 0xCE3D, 0xCF2B, 0xD158,  0xD533, 0xDE0D, 0xE2A5, 0xE789,
  0xE9C8, 0xF392, 0xFAE1, 0x05B4,  0x0BA3, 0x0EA9, 0x15D0, 0x1A9C,
  0x24AD, 0x28B8, 0x2C6A, 0x2FA7,  0x30F9, 0x3320, 0x328D, 0x3383,
  0x34B2, 0x3341, 0x2FF0, 0x2A3E,  0x23D4, 0x1F95, 0x1F43, 0x191A,
  0x1283, 0x06ED, 0xFF00, 0xF9C9,  0xF602, 0xF174, 0xEA8F, 0xE248,
  0xDBD5, 0xD895, 0xD5E6, 0xD4FF,  0xD0FB, 0xCF82, 0xCC9B, 0xCCA3,
  0xCE5B, 0xCFED, 0xD1FC, 0xD520,  0xDAB2, 0xE33B, 0xE3D4, 0xE7B0,
  0xED02, 0xF6D8, 0xFFD0, 0x0550,  0x0A9A, 0x0DD4, 0x1688, 0x1C05,
  0x2337, 0x269B, 0x2A08, 0x2DED,  0x2FDC, 0x30E6, 0x2F42, 0x3096,
  0x32E4, 0x3102, 0x2CBC, 0x2669,  0x213C, 0x1E69, 0x1DCC, 0x1735,
  0x0E45, 0x0514, 0xFEB1, 0xFBCA,  0xF59F, 0xF06B, 0xE9A3, 0xE310,
  0xDF55, 0xDA72, 0xD90A, 0xD5C1,  0xD3CB, 0xD2CA, 0xD0E1, 0xD135,
  0xD1AA, 0xD383, 0xD4A9, 0xD953,  0xDDFF, 0xE6E7, 0xE531, 0xE850,
  0xEE12, 0xF6D5, 0x00EA, 0x035C,  0x0996, 0x0C29, 0x13B7, 0x18D3,
  0x1E81, 0x22F6, 0x2640, 0x2AB8,  0x2AF0, 0x2C94, 0x2AE6, 0x2EAF,
  0x3122, 0x2E0C, 0x2A4A, 0x2344,  0x20ED, 0x1E2A, 0x1D34, 0x1577,
  0x0D78, 0x06FF, 0x0228, 0xFD71,  0xF498, 0xF071, 0xEB9B, 0xE88D,
  0xE444, 0xDD0C, 0xDAD0, 0xD7D8,  0xD924, 0xD7DB, 0xD5AD, 0xD51C,
  0xD4F6, 0xD80A, 0xD8F0, 0xDC45,  0xDEEF, 0xE85B, 0xE791, 0xEA41,
  0xEDAA, 0xF43A, 0xFE31, 0x0020,  0x07C2, 0x089C, 0x0E9A, 0x13C4,
  0x1830, 0x1E84, 0x2014, 0x25DE,  0x26BF, 0x28B7, 0x27C0, 0x2A5F,
  0x2D2C, 0x2B61, 0x2A75, 0x22F4,  0x1FD1, 0x1BC1, 0x1ACB, 0x1626,
  0x10D4, 0x0947, 0x0308, 0xFE1A,  0xF70F, 0xF46F, 0xF0BE, 0xED9B,
  0xE927, 0xE354, 0xE0E6, 0xDDAE,  0xDEEC, 0xDD3D, 0xDBD4, 0xDB61,
  0xDA14, 0xDAD5, 0xDBD4, 0xDF55,  0xE057, 0xE8DC, 0xE97B, 0xECD1,
  0xEB98, 0xF1E4, 0xF8BD, 0xFBBD,  0x036E, 0x03D1, 0x08EB, 0x0CAA,
  0x10C2, 0x1477, 0x1886, 0x1C3F,  0x1F34, 0x2240, 0x21EC, 0x23B6,
  0x2539, 0x25E3, 0x263F, 0x2214,  0x21EE, 0x1C9B, 0x1A9A, 0x1657,
  0x124C, 0x0DE4, 0x09E1, 0x0511,  0xFEFE, 0xFA30, 0xF553, 0xF422,
  0xEF84, 0xED2C, 0xE955, 0xE58B,  0xE5AB, 0xE2E3, 0xE1FF, 0xE1BA,
  0xE086, 0xE289, 0xE1B9, 0xE2E1,  0xE2A7, 0xE5AB, 0xE82A, 0xEDF0,
  0xEC48, 0xF00C, 0xF3E9, 0xF50C,  0xFB4C, 0xFC94, 0x01EE, 0x048E,
  0x089C, 0x0B71, 0x0D6F, 0x0FA3,  0x14A1, 0x173A, 0x1A7A, 0x1C19,
  0x1C6A, 0x1D8A, 0x1F1F, 0x1E68,  0x1E82, 0x1C57, 0x1B4C, 0x19A5,
  0x15E8, 0x13AF, 0x0F09, 0x0B51,  0x0791, 0x044A, 0xFEBC, 0xFDB5,
  0xF8A1, 0xF728, 0xF393, 0xF06C,  0xEF49, 0xECA6, 0xEC1A, 0xEAED,
  0xE990, 0xE81C, 0xE83E, 0xE5E0,  0xE71A, 0xE742, 0xE84F, 0xEA09,
  0xEA87, 0xED48, 0xEDA8, 0xF101,  0xF2CE, 0xF58E, 0xFADC, 0xFA19,
  0xFF87, 0xFF66, 0x0505, 0x05BE,  0x0A9D, 0x0D2A, 0x0DFB, 0x1393,
  0x1149, 0x1668, 0x132D, 0x172E,  0x1A20, 0x1A1E, 0x1A42, 0x18F3,
  0x158F, 0x12C3, 0x1380, 0x1284,  0x115B, 0x0F62, 0x0879, 0x05E3,
  0x006B, 0xFBE6, 0xFECB, 0xFDD0,  0xFCE3, 0xF9D9, 0xF1C2, 0xEFA7,
  0xEF8F, 0xF07F, 0xF377, 0xEF2C,  0xEDC1, 0xEA30, 0xEB1C, 0xE9B3,
  0xED5F, 0xECD3, 0xF028, 0xF097,  0xF08A, 0xF3D3, 0xEFE8, 0xF752,
  0xF847, 0xFBA7, 0xFED4, 0xFB99,  0xFFCE, 0x02C5, 0x022C, 0x077E,
  0x06F7, 0x0983, 0x0EFB, 0x0CF9,  0x0F72, 0x104C, 0x0FBB, 0x1438,
  0x1239, 0x13CD, 0x124A, 0x0EAE,  0x10FC, 0x107F, 0x1017, 0x0DBF,
  0x0A1D, 0x0AEF, 0x0681, 0x03FE,  0x0441, 0xFFDE, 0x0223, 0xFC55,
  0xF822, 0xF91E, 0xF3AC, 0xF659,  0xF426, 0xF455, 0xF41C, 0xEDF5,
  0xEFDC, 0xEEDA, 0xF138, 0xF1D9,  0xF2B3, 0xF2CA, 0xF46A, 0xF223,
  0xF33A, 0xF490, 0xF828, 0xF864,  0xFDCB, 0xFC51, 0xFB5E, 0xFD35,
  0xFBB5, 0x0359, 0xFBE4, 0x086D,  0x0617, 0x08DB, 0x095B, 0x098F,
  0x0B0D, 0x09BF, 0x0E23, 0x0D08,  0x1009, 0x0B5B, 0x0ED0, 0x0B79,
  0x0C28, 0x0BA2, 0x0BF6, 0x0857,  0x0E38, 0x06AB, 0x044E, 0x089A,
  0x0090, 0x05DB, 0xFD3B, 0x0013,  0xFDCF, 0xF8B0, 0xFB83, 0xF84D,
  0xF948, 0xF794, 0xF820, 0xF622,  0xF295, 0xF624, 0xF41F, 0xF532,
  0xF683, 0xF753, 0xF593, 0xF5F2,  0xF73F, 0xF666, 0xFA7D, 0xF88C,
  0xFEC1, 0xFB62, 0xFEFC, 0xFDA9,  0xFD49, 0x01A8, 0xFFCC, 0x0305,
  0x04B7, 0x04C9, 0x02EB, 0x05AE,  0x047B, 0x09FE, 0x0627, 0x094B,
  0x0900, 0x05AC, 0x09BB, 0x0A49,  0x0457, 0x07D4, 0x0877, 0x074C,
  0x01BE, 0x06CC, 0x0695, 0x0168,  0x0546, 0x012E, 0x0454, 0xFBDF,
  0x025D, 0xFCEB, 0xFE5F, 0xFEA6,  0xFCC8, 0xFB59, 0xFBCB, 0xFB8C,
  0xFBE2, 0xF7A3, 0xFB5F, 0xFA07,  0xFAEC, 0xF958, 0xF682, 0xFD5C,
  0xF7F9, 0xFAE9, 0xFD4D, 0xFA38,  0xFB08, 0xFF87, 0xF66E, 0x050B,
  0xF6DE, 0x02CB, 0x0016, 0xFD84,  0x049A, 0xFAF5, 0x0508, 0xFEF8,
  0x02A3, 0x07F5, 0xFC57, 0x0AC2,  0xFCE6, 0x04EA, 0x04B1, 0xFCBF,
  0x0D22, 0xFCA3, 0x0DFF, 0xFAD0,  0x0B8C, 0xFAAE, 0x0628, 0x0420,
  0x01C3, 0x06FB, 0xFFE2, 0x0638,  0xFC60, 0x04C4, 0xFD35, 0x0707,
  0xFAAD, 0x085B, 0xFAE0, 0x02FE,  0xFB8E, 0x0131, 0xFF44, 0xF9A9,
  0x080E, 0xF3B7, 0x0332, 0xFE00,  0xF7A2, 0x01A9, 0xF789, 0xFC9F,
  0x011F, 0xFB9C, 0xFBFD, 0xFB5A,  0xFA22, 0xFD69, 0x0141, 0xFBA0,
  0x0320, 0xF9D2, 0x0249, 0xFCF6,  0x01EA, 0xFBD3, 0x026A, 0x01E0,
  0xFE7E, 0x06C0, 0xF91B, 0x06AF,  0xFD80, 0x06BD, 0xFE6B, 0x06F8,
  0x06F5, 0xFB44, 0x0920, 0xFCE7,  0x07A3, 0x0202, 0xFEE1, 0x0986,
  0xFD83, 0x034D, 0x02B4, 0xFE92,  0x02FC, 0x0283, 0xFDCB, 0x0531,
  0xFCF4, 0x0010, 0xFEA0, 0xFEEF,  0xFFF6, 0xFD56, 0x02D3, 0xF944,
  0x00F3, 0xFAC1, 0xFE30, 0x00E8,  0xF5DB, 0x0800, 0xF814, 0xFA6A,
  0x0532, 0xF673, 0x01F8, 0xF9FE,  0x00AB, 0xFDFF, 0x0027, 0xFB2D,
  0xFF9E, 0xFF31, 0xFFE0, 0xFDA2,  0x02ED, 0x0227, 0xFE56, 0x0241,
  0x02EE, 0xFF13, 0x03F8, 0x03E1,  0xFCCF, 0x0C67, 0xF8DB, 0x06E0,
  0x004E, 0x0207, 0x0269, 0x04CB,  0xFE37, 0x05D9, 0xFD2C, 0x02DD,
  0x02A6, 0xFC6B, 0x0472, 0xFC28,  0x063F, 0xF90D, 0x02DE, 0xFD37,
  0x0055, 0xFB0B, 0xFF62, 0xFE1B,  0xFFAC, 0xFB87, 0xFEE6, 0xFCE7,
  0xFE65, 0x0252, 0xF6BA, 0x053C,  0xFDE8, 0xFF64, 0x0086, 0xF9DC,
  0x04D4, 0xFA02, 0x02A5, 0x0016,  0xFE5B, 0x058A, 0xFBB8, 0x045B,
  0x0023, 0x0269, 0x02F8, 0x053B,  0xFD41, 0x0523, 0xFF10, 0x0179,
  0x0450, 0xFE3F, 0x059F, 0x0020,  0x0220, 0x033B, 0xFCD0, 0x0527,
  0xFFC7, 0x026F, 0xFFA5, 0x0091,  0xFFAA, 0xFCD4, 0x04EF, 0xF531,
  0x0A33, 0xF432, 0x05C8, 0xFBA7,  0xFE62, 0xFFF9, 0xF68A, 0x06D1,
  0xF672, 0x0256, 0xF809, 0x0309,  0xF731, 0x03C5, 0xFB63, 0xFD2F,
  0x00D4, 0xFBD3, 0x05FC, 0xF842,  0x042D, 0xFE16, 0x00BA, 0x023C,
  0xFD7A, 0x049C, 0xFEFC, 0x041C,  0xFF13, 0x0488, 0x02A7, 0x0167,
  0x066C, 0xF9B5, 0x08A0, 0xFD75,  0x042B, 0x0448, 0x0094, 0x0141,
  0x0221, 0x00D7, 0x00A4, 0x005B,  0x0088, 0x0290, 0xFC78, 0x0651,
  0xF915, 0x01FF, 0xFFCB, 0xFC59,  0x027D, 0xFEAC, 0xFE31, 0xFDB4,
  0xFD98, 0xFCA4, 0xFF68, 0xFE83,  0xFB43, 0x0289, 0xFAD8, 0xFB1A,
  0x032F, 0xFC63, 0xFF8D, 0x0146,  0xFBB7, 0x03FD, 0xFA29, 0x02DB,
  0x0232, 0xF903, 0x09FF, 0xF6E3,  0x0681, 0xFD80, 0x01D5, 0x0517,
  0xFBA4, 0x0688, 0x01EB, 0xFE99,  0x0382, 0x033E, 0xFE8E, 0x056B,
  0xFD66, 0x04F4, 0xFEAD, 0xFF89,  0x057D, 0xFBFA, 0x04B7, 0xF8FE,
  0x0C17, 0xF854, 0xFC15, 0x0C8C,  0xF210, 0x07AF, 0xF6F0, 0x07F0,
  0xFA06, 0xFB1E, 0x0866, 0xF6A3,  0x0240, 0x000E, 0xF8E1, 0x07AD,
  0xF969, 0xFDA3, 0x06D8, 0xF3B4,  0x06FD, 0xFD63, 0xFBA0, 0x06EE,
  0xF8D5, 0x0396, 0x016D, 0xFAB2,  0x0673, 0xF8B3, 0x096B, 0xF8D0,
  0x0525, 0x02F9, 0xF919, 0x0A70,  0xF79F, 0x05C8, 0xFE09, 0x0018,
  0x069A, 0xFA6F, 0x0637, 0xFC43,  0x0247, 0x0074, 0xFEB4, 0x02A8,
  0x0249, 0xFBCF, 0x04B3, 0x0036,  0xFB9E, 0x05ED, 0xF582, 0x0B43,
  0xF4BC, 0x0791, 0xFC83, 0x0052,  0x00AC, 0xFD87, 0x0379, 0xFA32,
  0x061B, 0xF662, 0x096D, 0xF68F,  0x047E, 0xFDBF, 0x0187, 0x017A,
  0xFCD9, 0x04E9, 0xF895, 0x0876,  0xF9E0, 0x0135, 0x01C0, 0xFE66,
  0x01ED, 0xFBC4, 0x05E0, 0xF920,  0x06AA, 0x00D0, 0xFB1E, 0x0917,
  0xF892, 0x0429, 0xFD8A, 0x027F,  0xFFD6, 0xFFFD, 0x0220, 0xFDEB,
  0x0100, 0xFBB3, 0x034D, 0xFB00,  0x050E, 0xFBF4, 0x003E, 0x011C,
  0xFBD6, 0x03F9, 0xFCD6, 0x0240,  0xFC44, 0x005D, 0xFFA4, 0xFBCB,
  0x014B, 0xFDDC, 0x0461, 0xFFB1,  0xFF58, 0x0411, 0xFB17, 0x02A3,
  0xFE2D, 0xFFE4, 0x03C6, 0xFF17,  0x01E9, 0xFFFF, 0xFE6A, 0x0322,
  0xFDC1, 0x04A3, 0x0052, 0xFBBC,  0x07C7, 0xF831, 0x037E, 0x014A,
  0xFD5A, 0x063C, 0xFA72, 0x03B8,  0xFD59, 0xFED4, 0x004A, 0xFBD3,
  0x0412, 0xFA9B, 0x0712, 0x014A,  0xF802, 0x05BF, 0xFA4E, 0xFEEA,
  0x04A1, 0xFBC1, 0x04C8, 0xF9AC,  0x0438, 0xFB64, 0x00FE, 0x0283,
  0xFA7E, 0x04A2, 0x00CC, 0xFE8E,  0x0060, 0x01D0, 0xFBD9, 0x073A,
  0xF51C, 0x0B97, 0xF4C6, 0x080D,  0xFEAA, 0xFF7E, 0x0293, 0xFA7E,
  0x0925, 0xF652, 0x0A17, 0xF9C8,  0x0839, 0xF909, 0x0349, 0xFE1A,
  0x0103, 0x00B7, 0x0176, 0xFEA3,  0x0113, 0x0101, 0xFBC0, 0x0318,
  0xFD8B, 0x00E8, 0x015E, 0xFF38,  0x0040, 0xFFC7, 0xFBFF, 0x049F,
  0xFC33, 0x03C9, 0x00ED, 0xFFBA,  0xFBD4, 0x087D, 0xF5B5, 0x0711,
  0xFA12, 0x0391, 0xFF71, 0xFC60,  0x04AD, 0xF6FF, 0x08D6, 0xF751,
  0x0605, 0xFDAF, 0xFDE8, 0x05E9,  0xF955, 0xFE69, 0x0808, 0xF7BF,
  0x0A09, 0xF74F, 0x0462, 0xFDC2,  0xFF57, 0xFFAB, 0x0380, 0xFDBD,
  0x02E8, 0xFF38, 0xFFAD, 0x052F,  0xF8F1, 0x0B64, 0xF23F, 0x1029,
  0xF661, 0x036E, 0xFBD2, 0x028E,  0xFC7A, 0x051B, 0xFC0A, 0x047B,
  0xFB7C, 0x00C2, 0x05D2, 0xF5CD,  0x099F, 0xF812, 0x066A, 0xF7DA,
  0x0A2D, 0xF81B, 0x029C, 0xFFDB,  0xFFF0, 0xFF1C, 0x03D0, 0xFA55,
  0x0619, 0xF7A1, 0x089B, 0xF6D7,  0x032B, 0x037C, 0xFBA7, 0x0566,
  0xFAB0, 0x07B4, 0xF336, 0x0B63,  0xF6D7, 0x0752, 0xFB5F, 0x05BA,
  0xF9E5, 0x0445, 0xFEB7, 0xFA8F,  0x0759, 0xF9B9, 0x00CD, 0x0518,
  0xF667, 0x0BB7, 0xF52E, 0x0607,  0x0227, 0xFA55, 0x08E1, 0xFC13,
  0x0257, 0xFE31, 0x031D, 0xFCEB,  0x0281, 0xFADB, 0x0B6C, 0xF41C,
  0x095F, 0xFBA3, 0xFF65, 0x02CA,  0xFD6F, 0xFE53, 0x073C, 0xF4D2,
  0x0B99, 0xF5FA, 0x0533, 0x0148,  0xF9F2, 0x074C, 0xFCC2, 0xFE59,
  0xFF0D, 0x07B1, 0xF17F, 0x1129,  0xEC53, 0x11F7, 0xEFF4, 0x07D6,
  0x00F7, 0xFB94, 0x06E4, 0xFA7F,  0x02AE, 0x030D, 0xF931, 0x0277,
  0x046C, 0xF4AF, 0x0AC7, 0xF913,  0x0481, 0xFD2D, 0x0109, 0x0608,
  0xFABB, 0x005C, 0x09D5, 0xF436,  0x0A63, 0xF5B2, 0x0741, 0xFE0D,
  0xFBF0, 0x04D8, 0xFF02, 0xFF53,  0x02D5, 0xFE2D, 0x02B3, 0xFDCE,
  0xFF56, 0x0406, 0xF96F, 0x083F,  0xF5BB, 0x0AE4, 0xF745, 0x007D,
  0x0596, 0xF9BB, 0x02D3, 0x039A,  0xF594, 0x0D33, 0xF1BA, 0x0979,
  0x000D, 0xF72F, 0x0CB8, 0xF65C,  0x02C5, 0x0116, 0xFCD0, 0x01DD,
  0xFF71, 0xFADF, 0x0AAF, 0xF3DC,  0x09F9, 0xF97C, 0x0223, 0xFFFA,
  0xFD0F, 0x0810, 0xF936, 0x048C,  0x0226, 0xF9CE, 0x0B59, 0xF40B,
  0x0545, 0x036D, 0xF8A2, 0x0926,  0xF4EC, 0x0ABA, 0xF5E0, 0x060D,
  0xFFDF, 0x0085, 0x020E, 0xFA4F,  0x071A, 0xFB1E, 0x0092, 0x0109,
  0x026F, 0xF978, 0x05F3, 0xFC90,  0xFF37, 0x03B1, 0xFCD9, 0x03A3,
  0xFE99, 0xFF07, 0xFF2F, 0x010F,  0xFD2A, 0x029E, 0xFD76, 0x03E4,
  0xF785, 0x0A76, 0xFBE3, 0xFBF1,  0x0650, 0xFC49, 0x001F, 0xFFFA,
  0x018B, 0xFE84, 0xFEF8, 0x0275,  0x0306, 0xF6F5, 0x0DD5, 0xF393,
  0x0662, 0xFF9E, 0xF6D0, 0x0D0C,  0xF1E0, 0x08D0, 0xFE58, 0xF915,
  0x0D62, 0xF292, 0x0A8E, 0xFD16,  0xFBAC, 0x091F, 0xF602, 0x04DC,
  0x022B, 0xF7D7, 0x09D5, 0xFB56,  0xFC4E, 0x07C7, 0xF986, 0x03AD,
  0xFD84, 0x032F, 0xFD3B, 0x047D,  0xFE92, 0xFE32, 0x02C9, 0x0095,
  0x00F7, 0xFEBB, 0x032A, 0xFB04,  0xFFB5, 0x0137, 0xFC7A, 0x0355,
  0xFE9C, 0xFFC3, 0xFE0F, 0x01CD,  0xFE4D, 0x0081, 0x004F, 0xFF4E,
  0xFD6F, 0x011D, 0x0040, 0x022C,  0xFE35, 0xFF03, 0x03A7, 0xF9FB,
  0x05D7, 0xFC85, 0x0384, 0xFBA5,  0x009C, 0x01BC, 0xFD84, 0xFD4F,
  0x061B, 0xFA5B, 0x03A2, 0xFFE1,  0xFCE0, 0x0262, 0x0019, 0x02D8,
  0xFEC6, 0xFDF0, 0x00E9, 0x02EA,  0xFA2C, 0x0962, 0xF3A1, 0x0AD1,
  0xFB4C, 0xFEE0, 0x03DD, 0xFB65,  0x04AA, 0xFE6E, 0x021C, 0xFE0D,
  0x0403, 0xFB9A, 0x0870, 0xF601,  0x09C9, 0xFA0C, 0xFF7A, 0x02A4,
  0xF685, 0x0E8E, 0xF163, 0x08A2,  0xFBE3, 0x03AA, 0x01F2, 0xFCC9,
  0x02F0, 0x0086, 0xFD64, 0xFE79,  0x0630, 0xF878, 0x0365, 0xF885,
  0x0205, 0xFDFF, 0xF681, 0x03B6,  0x0037, 0xFAE4, 0x045C, 0xF700,
  0x0498, 0x01BD, 0xF964, 0x0700,  0xFDF5, 0x0554, 0xFC76, 0x024E,
  0x03BC, 0xFFBE, 0x069F, 0x015A,  0x01D2, 0x07B4, 0x020B, 0x06F7,
  0x00BD, 0x02C0, 0x0727, 0xFA78,  0x06A6, 0x008C, 0xFF61, 0x050C,
  0xFCE5, 0xFDAA, 0xFFFC, 0xF861,  0xFBDE, 0xFE31, 0xF9D6, 0xFEFB,
  0xF9A7, 0xFF06, 0xFC8C, 0xFA9C,  0x008D, 0xFCC8, 0xFF37, 0x013E,
  0x006C, 0xFF2B, 0x010F, 0x062C,  0x001D, 0x005A, 0x0942, 0x03FB,
  0x0169, 0x05F6, 0x0377, 0x0321,  0x040B, 0x0741, 0x0298, 0x01A2,
  0x0416, 0xFF58, 0x01B9, 0xFE0B,  0x0172, 0xFCE8, 0xFB82, 0xFC22,
  0xF961, 0xFBCB, 0xFBC8, 0xFC69,  0xFC28, 0xFBFD, 0xFA48, 0xFA7B,
  0xFB22, 0xFB3E, 0xFC27, 0xFD23,  0xFC9B, 0xFD50, 0xFB5F, 0xFF2D,
  0xFC0D, 0xFCA9, 0xFF0B, 0xFD88,  0xFFF5, 0xFFBB, 0xFFFB, 0x01ED,
  0x020C, 0x0276, 0x03E0, 0x0294,  0x04C6, 0x047B, 0x0488, 0x03C3,
  0x00AD, 0x015F, 0x02DD, 0x010B,  0x019F, 0xFF90, 0x0037, 0xFEEC,
  0xFE3B, 0xFF91, 0xFC3F, 0xFDFC,  0xFE36, 0xFD17, 0xFCC2, 0xFD19,
  0xFC10, 0xFD23, 0xFDA6, 0xFC34,  0xFD52, 0xFCBB, 0xFD75, 0xFFB5,
  0xFF9A, 0xFEFE, 0xFEEA, 0xFF18,  0xFF6A, 0x00C9, 0x013F, 0x008D,
  0x0085, 0x0067, 0x0001, 0x003C,  0x0033, 0x0073, 0x01F1, 0x0280,
  0x02C9, 0x0285, 0x01FD, 0x016F,  0x00FA, 0x013A, 0x0204, 0x02E7,
  0x0316, 0x021F, 0x002C, 0x01CC,  0x01C8, 0x00ED, 0x02A6, 0x03DB,
  0x0556, 0x0528, 0x0461, 0x0458,  0x03CA, 0x012C, 0x01DE, 0x04EF,
  0x0539, 0x03B0, 0x03D6, 0x03E1,  0x02DD, 0x01EE, 0x0058, 0x027D,
  0x02C3, 0x01C8, 0x012A, 0x00E4,  0xFF96, 0xFD75, 0xFD88, 0xFD62,
  0xFD18, 0xFC46, 0xFDB4, 0xFD01,  0xFC29, 0xFBCE, 0xFABF, 0xFB82,
  0xFB04, 0xFB98, 0xFC80, 0xFBCC,  0xFBC9, 0xFC40, 0xFC39, 0xFD1E,
  0xFD87, 0xFDE1, 0xFDB2, 0xFCFF,  0xFD7A, 0xFCE7, 0xFCFC, 0xFD73,
  0xFE76, 0xFFC6, 0xFF80, 0xFF16,  0xFF12, 0xFF27, 0xFFA7, 0xFF67,
  0xFF13, 0xFFB0, 0xFEDA, 0xFF54,  0xFFF2, 0x0054, 0x014C, 0x0185,
  0x015A, 0x00F2, 0x00AE, 0x0145,  0x01B2, 0x017A, 0x01C2, 0x019B,
  0x01BD, 0x0286, 0x035D, 0x0324,  0x0432, 0x04A0, 0x04B9, 0x04B2,
  0x03AE, 0x0303, 0x038B, 0x0318,  0x02DE, 0x034F, 0x0295, 0x020C,
  0x01F4, 0x01D0, 0x0145, 0x0152,  0x0174, 0x023C, 0x0185, 0x0148,
  0x008E, 0xFFDA, 0xFFB9, 0xFF26,  0xFF62, 0xFEC9, 0xFEE5, 0xFEC7,
  0xFE57, 0xFE6D, 0xFE02, 0xFE65,  0xFEAE, 0xFEEF, 0xFF61, 0xFE9B,
  0xFE90, 0xFE94, 0xFE75, 0xFE67,  0xFEAC, 0xFED7, 0xFEF5, 0xFE6D,
  0xFDD4, 0xFDCA, 0xFDDB, 0xFE58,  0xFE24, 0xFE6A, 0xFF1E, 0xFF65,
  0xFFC0, 0x0032, 0x0114, 0x0143,  0x0185, 0x014E, 0x00E6, 0x0038,
  0xFFD6, 0xFFB7, 0xFF8A, 0xFFBA,  0xFFE0, 0xFFE1, 0xFF83, 0xFF73,
  0xFF3A, 0xFF5C, 0xFF1C, 0x0008,  0x00A9, 0x0060, 0xFFC7, 0xFF55,
  0xFF8C, 0xFF65, 0xFF46, 0xFFC9,  0x0006, 0xFFF5, 0xFF46, 0xFF62,
  0xFFC1, 0xFFA3, 0xFFFB, 0xFFBE,  0xFFBC, 0xFFA4, 0xFF44, 0xFF43,
  0xFF27, 0xFF57, 0xFF88, 0xFF51,  0x001B, 0xFF8E, 0xFF6A, 0xFF76,
  0xFFB2, 0x009C, 0x000C, 0x00F8,  0x0077, 0x005A, 0x0089, 0xFFF1,
  0x0053, 0x003C, 0x00A7, 0x00A3,  0x0011, 0x0022, 0x0017, 0x0064,
  0x008C, 0xFFC3, 0x0025, 0x0005,  0x0008, 0x002D, 0x0055, 0x00BB,
  0x00E1, 0x00D5, 0x00AF, 0x00DA,  0x007E, 0x0070, 0x0044, 0x0095,
  0x004F, 0x0050, 0x0042, 0xFFD0,  0xFFD8, 0xFFED, 0xFFD3, 0xFF9F,
  0xFFDD, 0xFFEE, 0xFF5C, 0xFF84,  0xFF8E, 0xFF23, 0xFF16, 0xFEB3,
  0xFF32, 0xFF32, 0xFF24, 0xFF6C,  0xFF69, 0xFFAF, 0x0053, 0x0064,
  0x0097, 0xFFF2, 0xFF9C, 0xFF52,  0xFF0E, 0xFF0D, 0xFEEE, 0xFF69,
  0xFF72, 0xFFC4, 0x0031, 0x0045,  0x0097, 0x010A, 0x00EB, 0x00EB,
  0x0089, 0x00E1, 0x00D8, 0x002C,  0x00CD, 0x0097, 0x009E, 0x0102,
  0x0118, 0x01C8, 0x01E8, 0x0189,  0x01AA, 0x010F, 0x010C, 0x0104,
  0x00E9, 0x010A, 0x00B7, 0x0034,  0x0003, 0xFFE3, 0xFFFD, 0x0060,
  0xFFD5, 0x00EA, 0x00BA, 0x00CF,  0x00FF, 0x006C, 0xFFFA, 0xFF3E,
  0xFF29, 0xFDFE, 0xFE4F, 0xFE8D,  0xFEE8, 0xFF45, 0xFF97, 0xFF3B,
  0xFF53, 0xFEF9, 0xFE8E, 0xFF13,  0xFEB7, 0xFF26, 0xFF44, 0xFFF7,
  0xFFA5, 0xFF92, 0xFF78, 0xFF35,  0xFF38, 0xFF36, 0xFF38, 0xFF5D,
  0xFF47, 0xFF1A, 0xFFDE, 0xFFFE,  0x00D6, 0x00DD, 0x0090, 0x0091,
  0x005C, 0x0030, 0x0022, 0x0100,  0x0108, 0x0131, 0x0117, 0x00EF,
  0x0127, 0x0127, 0x012B, 0x00E3,  0x00BA, 0x009C, 0x00C6, 0x0124,
  0x0105, 0x0193, 0x01DA, 0x01CE,  0x018E, 0x010D, 0x00F8, 0x0038,
  0x005C, 0xFFFB, 0x000C, 0x004E,  0x0037, 0x008C, 0x0046, 0x009D,
  0x007B, 0x0001, 0xFFDF, 0xFF66,  0xFEE0, 0xFE96, 0xFE6D, 0xFEE8,
  0xFEB7, 0xFF18, 0xFF1C, 0xFEA0,  0xFEC6, 0xFE87, 0xFEFF, 0xFEE4,
  0xFF01, 0xFEB7, 0xFE9F, 0xFE66,  0xFE15, 0xFE5A, 0xFE7B, 0xFEC0,
  0xFE77, 0xFEC9, 0xFE5E, 0xFE61,  0xFE4B, 0xFE58, 0xFE98, 0xFEC0,
  0xFF02, 0xFF4B, 0xFFBE, 0xFF89,  0xFFD6, 0xFFE7, 0xFFD5, 0xFFF1,
  0x005D, 0x00EB, 0x0135, 0x0167,  0x01D8, 0x0237, 0x02B5, 0x0339,
  0x03B1, 0x0406, 0x043D, 0x0461,  0x04D7, 0x0525, 0x0567, 0x05B8,
  0x060B, 0x05FA, 0x061B, 0x0631,  0x05B2, 0x0576, 0x0536, 0x0571,
  0x04E5, 0x04C6, 0x0456, 0x0353,  0x0240, 0x0156, 0x0080, 0xFF14,
  0xFDC9, 0xFC90, 0xFB83, 0xFA79,  0xF9EF, 0xF932, 0xF804, 0xF6C7,
  0xF574, 0xF444, 0xF3BB, 0xF378,  0xF34A, 0xF2EB, 0xF269, 0xF1CB,
  0xF191, 0xF17E, 0xF1A8, 0xF236,  0xF29C, 0xF37C, 0xF433, 0xF4DF,
  0xF5E8, 0xF6FC, 0xF876, 0xF9C0,  0xFB7F, 0xFD91, 0xFF4B, 0x0162,
  0x036D, 0x0565, 0x0764, 0x0992,  0x0BEA, 0x0E0F, 0x1041, 0x1243,
  0x13C2, 0x155F, 0x167E, 0x177E,  0x180D, 0x188E, 0x18CF, 0x185A,
  0x184C, 0x182E, 0x17E1, 0x174B,  0x16E2, 0x160B, 0x150C, 0x13A6,
  0x1272, 0x10A3, 0x0E11, 0x0B4F,  0x083E, 0x0537, 0x0271, 0x003D,
  0xFE2E, 0xFBC2, 0xF967, 0xF6E8,  0xF305, 0xEFA7, 0xEC54, 0xE940,
  0xE6D0, 0xE4E1, 0xE315, 0xE0D4,  0xDE7D, 0xDC10, 0xD983, 0xD70A,
  0xD548, 0xD36A, 0xD2A8, 0xD2A1,  0xD3D2, 0xD603, 0xD88D, 0xDC3D,
  0xDEF9, 0xE25A, 0xE5BD, 0xE93B,  0xED0F, 0xF100, 0xF5BC, 0xFA4B,
  0xFF88, 0x0539, 0x0B28, 0x1129,  0x1723, 0x1CCE, 0x2215, 0x2684,
  0x2AC0, 0x2DB2, 0x303B, 0x3240,  0x336C, 0x3414, 0x3418, 0x33E0,
  0x32F1, 0x3185, 0x2F9D, 0x2D74,  0x2A77, 0x2773, 0x23F6, 0x2066,
  0x1C7B, 0x18BD, 0x1548, 0x120D,  0x0F09, 0x0BE8, 0x0898, 0x04F3,
  0x0136, 0xFDE0, 0xFAAF, 0xF77E,  0xF466, 0xF0AF, 0xED0E, 0xE977,
  0xE67D, 0xE404, 0xE1B3, 0xDF7F,  0xDCFA, 0xDA9E, 0xD85B, 0xD5F2,
  0xD3AB, 0xD163, 0xCF48, 0xCD2B,  0xCB60, 0xCA5B, 0xCA7D, 0xCB59,
  0xCD8D, 0xD0B6, 0xD45D, 0xD820,  0xDB37, 0xDF47, 0xE309, 0xE743,
  0xEBA8, 0xF0DB, 0xF69F, 0xFC82,  0x0355, 0x0A7E, 0x1186, 0x1863,
  0x1E64, 0x2423, 0x295D, 0x2DB6,  0x3166, 0x33FB, 0x35FF, 0x370A,
  0x37CB, 0x37EC, 0x37BA, 0x36BC,  0x3529, 0x32E6, 0x2FF8, 0x2CBA,
  0x2901, 0x252A, 0x2114, 0x1D81,  0x1A0F, 0x1698, 0x13D6, 0x1130,
  0x0E1C, 0x0B02, 0x077C, 0x047B,  0x0116, 0xFE2D, 0xFB5F, 0xF892,
  0xF61F, 0xF36B, 0xF126, 0xEE91,  0xEC38, 0xE9B2, 0xE6DC, 0xE401,
  0xE072, 0xDD6A, 0xDACB, 0xD92E,  0xD7A9, 0xD598, 0xD32A, 0xD033,
  0xCD91, 0xCB40, 0xC9A4, 0xC937,  0xC991, 0xCB53, 0xCE8D, 0xD22D,
  0xD64A, 0xD922, 0xDC71, 0xDFAC,  0xE3AE, 0xE80E, 0xED4B, 0xF333,
  0xF925, 0xFFD3, 0x06AE, 0x0E8E,  0x154E, 0x1BF3, 0x2214, 0x276B,
  0x2C5C, 0x307C, 0x338D, 0x35C7,  0x36FB, 0x3830, 0x3897, 0x3969,
  0x3996, 0x38F2, 0x3769, 0x3474,  0x316B, 0x2DB1, 0x29F5, 0x262B,
  0x2289, 0x1F0D, 0x1BEC, 0x18E2,  0x1645, 0x12D7, 0x0F31, 0x0B28,
  0x077B, 0x044D, 0x012E, 0xFE4F,  0xFB46, 0xF87C, 0xF5EF, 0xF37F,
  0xF11A, 0xEE73, 0xEB4E, 0xE847,  0xE50C, 0xE253, 0xDF95, 0xDC6D,
  0xD9E7, 0xD7A0, 0xD5B7, 0xD3C3,  0xD1B2, 0xCFEB, 0xCD8D, 0xCB3C,
  0xC906, 0xC78E, 0xC786, 0xC896,  0xCAFD, 0xCF4B, 0xD3DD, 0xD831,
  0xDB7B, 0xDF6A, 0xE37E, 0xE71A,  0xEBA1, 0xF08E, 0xF663, 0xFC6A,
  0x0335, 0x0A99, 0x1208, 0x18BA,  0x1ECF, 0x2462, 0x2A22, 0x2ED8,
  0x320D, 0x3448, 0x360B, 0x371C,  0x3792, 0x381A, 0x3868, 0x3851,
  0x3700, 0x352C, 0x32B9, 0x3013,  0x2CF3, 0x2934, 0x2561, 0x21E2,
  0x1E85, 0x1B5C, 0x1865, 0x15BE,  0x126E, 0x0E6C, 0x0ACE, 0x0763,
  0x048F, 0x0161, 0xFE89, 0xFC32,  0xFA20, 0xF815, 0xF61D, 0xF3EF,
  0xF1A8, 0xEE63, 0xEB47, 0xE889,  0xE5C2, 0xE325, 0xE015, 0xDD34,
  0xDADF, 0xD900, 0xD72C, 0xD4D3,  0xD295, 0xD033, 0xCCD1, 0xC9B8,
  0xC734, 0xC5FE, 0xC638, 0xC7C1,  0xCB50, 0xCFF5, 0xD3F1, 0xD7A5,
  0xDAC5, 0xDEBE, 0xE2AA, 0xE632,  0xEAE8, 0xF015, 0xF64E, 0xFC81,
  0x0402, 0x0BF1, 0x1315, 0x1999,  0x1FE7, 0x25EC, 0x2B4C, 0x2F2F,
  0x3200, 0x33F5, 0x359B, 0x36DF,  0x3762, 0x3816, 0x3879, 0x3839,
  0x36B3, 0x3514, 0x3313, 0x3084,  0x2D42, 0x29C5, 0x262C, 0x2293,
  0x1ED6, 0x1B59, 0x184C, 0x151A,  0x118E, 0x0DA0, 0x0A84, 0x0797,
  0x0481, 0x0141, 0xFE7D, 0xFC66,  0xFA4C, 0xF841, 0xF650, 0xF456,
  0xF249, 0xEF9C, 0xECF8, 0xEA47,  0xE774, 0xE475, 0xE1CD, 0xDF50,
  0xDD46, 0xDB2E, 0xD92D, 0xD761,  0xD523, 0xD2C6, 0xCF98, 0xCC79,
  0xC8F5, 0xC67F, 0xC59C, 0xC663,  0xC8B6, 0xCD25, 0xD1A1, 0xD5D4,
  0xD923, 0xDCC3, 0xE09B, 0xE3C3,  0xE7FE, 0xEC62, 0xF244, 0xF82D,
  0xFEE8, 0x0688, 0x0E52, 0x1586,  0x1C7C, 0x2333, 0x29AD, 0x2EB4,
  0x3239, 0x34DA, 0x36A8, 0x3813,  0x388F, 0x38C6, 0x38CF, 0x38F1,
  0x3831, 0x36F4, 0x3519, 0x331A,  0x3046, 0x2CC7, 0x291A, 0x253F,
  0x2157, 0x1D1D, 0x194E, 0x15B3,  0x121A, 0x0E32, 0x0A83, 0x0734,
  0x0485, 0x0165, 0xFEB8, 0xFC58,  0xFA95, 0xF8C7, 0xF693, 0xF4A7,
  0xF2BE, 0xF0EA, 0xEE98, 0xEC35,  0xE9F4, 0xE7A6, 0xE560, 0xE367,
  0xE1A3, 0xDFEE, 0xDE10, 0xDBEF,  0xDA55, 0xD82D, 0xD5B1, 0xD23D,
  0xCE6E, 0xCAFF, 0xC82C, 0xC711,  0xC790, 0xC992, 0xCDC9, 0xD286,
  0xD5FD, 0xD903, 0xDB9F, 0xDED4,  0xE1B1, 0xE4F1, 0xE95E, 0xEE2F,
  0xF421, 0xFA74, 0x0208, 0x0A3E,  0x11FD, 0x194C, 0x2053, 0x2727,
  0x2CC1, 0x30BB, 0x33E4, 0x3604,  0x375F, 0x385C, 0x38C8, 0x3932,
  0x3991, 0x3949, 0x384E, 0x36CD,  0x34B9, 0x3216, 0x2F10, 0x2B7F,
  0x27DD, 0x23F3, 0x1F9C, 0x1B49,  0x1755, 0x13A1, 0x0F9D, 0x0BE2,
  0x082B, 0x0543, 0x0284, 0xFFB2,  0xFD24, 0xFAC7, 0xF884, 0xF63C,
  0xF43E, 0xF2AD, 0xF156, 0xEF6A,  0xED67, 0xEB4A, 0xE960, 0xE76C,
  0xE56D, 0xE3E8, 0xE278, 0xE0B5,  0xDEEB, 0xDD0E, 0xDB3F, 0xD8BF,
  0xD5D0, 0xD259, 0xCEAF, 0xCB6F,  0xC94E, 0xC87C, 0xC950, 0xCC32,
  0xD01B, 0xD440, 0xD6C5, 0xD957,  0xDB9B, 0xDE58, 0xE139, 0xE45A,
  0xE863, 0xECEB, 0xF231, 0xF844,  0x001C, 0x07F3, 0x0F9F, 0x1700,
  0x1E53, 0x2536, 0x2B3F, 0x2FBA,  0x3332, 0x3570, 0x370D, 0x37FA,
  0x387B, 0x3920, 0x3999, 0x3979,  0x3881, 0x374B, 0x3563, 0x3348,
  0x3072, 0x2D0C, 0x2956, 0x253D,  0x20DF, 0x1CB2, 0x18E0, 0x14F8,
  0x111F, 0x0D73, 0x0A4B, 0x07DF,  0x0584, 0x02A6, 0xFFD8, 0xFD38,
  0xFAA9, 0xF848, 0xF60D, 0xF3D2,  0xF1EF, 0xF071, 0xEEA2, 0xECD8,
  0xEB1E, 0xE9E6, 0xE8A0, 0xE747,  0xE5BF, 0xE3E0, 0xE17F, 0xDF2E,
  0xDCE0, 0xDA84, 0xD812, 0xD578,  0xD2E9, 0xD0C5, 0xCF01, 0xCC6D,
  0xCB9A, 0xCB2D, 0xCCD1, 0xD157,  0xD511, 0xD87E, 0xDAF2, 0xDCE1,
  0xDF37, 0xE10A, 0xE3C7, 0xE6A0,  0xE9F0, 0xEECC, 0xF3F3, 0xFABD,
  0x023E, 0x0A11, 0x1199, 0x1939,  0x2026, 0x26A1, 0x2CEA, 0x3102,
  0x33A9, 0x35A1, 0x370F, 0x3816,  0x38BC, 0x38F5, 0x38FD, 0x3891,
  0x3758, 0x35DB, 0x33E3, 0x3153,  0x2E78, 0x2A0B, 0x25E8, 0x2177,
  0x1D7D, 0x1A16, 0x15A9, 0x12C2,  0x0EFF, 0x0BAB, 0x08F1, 0x04E7,
  0x02F3, 0xFFDD, 0x0026, 0x00EA,  0x00CD, 0x0080, 0xFBE0, 0xF772,
  0xF18C, 0xEAA8, 0xE646, 0xE5FF,  0xE456, 0xE324, 0xE16E, 0xDEAB,
  0xDCD1, 0xD977, 0xD48A, 0xCED2,  0xC9D5, 0xC54C, 0xC17C, 0xBD00,
  0xBA99, 0xB95E, 0xBA56, 0xBC59,  0xC022, 0xC80F, 0xD3CF, 0xE04C,
  0xEB1D, 0xF5F6, 0x0077, 0x09AE,  0x1047, 0x148C, 0x180F, 0x1B24,
  0x1C83, 0x1DC0, 0x1ED6, 0x2125,  0x23AB, 0x2566, 0x26CC, 0x280E,
  0x2A20, 0x2B1B, 0x2AD2, 0x294D,  0x2880, 0x2734, 0x2518, 0x228C,
  0x206C, 0x1F67, 0x1D4D, 0x1A3E,  0x16D5, 0x14ED, 0x1283, 0x0FD3,
  0x0CE8, 0x0A9B, 0x0939, 0x0766,  0x05E7, 0x0517, 0x0654, 0x06DF,
  0x0794, 0x08A0, 0x0A07, 0x0ADE,  0x0B72, 0x0A9A, 0x0956, 0x084D,
  0x0574, 0x029D, 0xFFA8, 0xFC61,  0xF946, 0xF5CD, 0xF27A, 0xEF00,
  0xEC69, 0xE933, 0xE6BF, 0xE42D,  0xE11A, 0xDECD, 0xDC55, 0xDA79,
  0xD700, 0xD4E9, 0xD1AC, 0xD069,  0xCDB1, 0xCAA8, 0xC79B, 0xC462,
  0xC32C, 0xC33F, 0xC59F, 0xCBB5,  0xD589, 0xE3AC, 0xF52A, 0x029F,
  0x10A8, 0x1A86, 0x2381, 0x286C,  0x2708, 0x23D8, 0x2065, 0x1C95,
  0x174D, 0x123B, 0x0F23, 0x0F6C,  0x10EE, 0x11F1, 0x14BC, 0x1965,
  0x1E0A, 0x2305, 0x2461, 0x26EA,  0x27FA, 0x25C8, 0x22D9, 0x1F5C,
  0x1BC5, 0x1777, 0x11CD, 0x0CC3,  0x0A11, 0x0827, 0x05AC, 0x04FA,
  0x060C, 0x0741, 0x092F, 0x0A03,  0x0BF4, 0x0E41, 0x0EC2, 0x0DA0,
  0x0C25, 0x0BAA, 0x0969, 0x0713,  0x054B, 0x03A6, 0x0328, 0x014C,
  0xFF7E, 0xFDFE, 0xFCA7, 0xFA3E,  0xF7AD, 0xF5AD, 0xF392, 0xF1E1,
  0xF015, 0xEE32, 0xEBBD, 0xE979,  0xE69D, 0xE3F4, 0xE189, 0xDEBD,
  0xDC16, 0xD8D8, 0xD6DE, 0xD368,  0xD059, 0xCD3A, 0xCA8A, 0xC7A0,
  0xC6D1, 0xC86B, 0xCCEB, 0xD4B9,  0xDDB7, 0xECD4, 0xFC74, 0x0B93,
  0x13F7, 0x1E02, 0x250C, 0x25B0,  0x2271, 0x19C4, 0x1643, 0x10C0,
  0x09B4, 0x035E, 0x02D7, 0x0730,  0x0ADE, 0x0FAA, 0x15EF, 0x1EDB,
  0x2705, 0x2AED, 0x2CFE, 0x2E0F,  0x2D95, 0x272D, 0x1FC9, 0x19D8,
  0x135B, 0x0D4F, 0x0785, 0x04E1,  0x0573, 0x069D, 0x05EE, 0x0839,
  0x0BEC, 0x0E5D, 0x0E7C, 0x0E32,  0x0EAE, 0x0F1E, 0x0DBC, 0x0989,
  0x0750, 0x05DA, 0x0429, 0x01AD,  0x00EE, 0x012B, 0x0185, 0x02AA,
  0x0267, 0x0268, 0x00D6, 0xFE50,  0xFB7F, 0xF949, 0xF660, 0xF2E8,
  0xF130, 0xEFFA, 0xEE56, 0xEB6C,  0xE86E, 0xE5D2, 0xE41D, 0xE172,
  0xDDA2, 0xDA18, 0xD838, 0xD53F,  0xD295, 0xD005, 0xCE16, 0xCC6E,
  0xCAFD, 0xCBE0, 0xCECA, 0xD552,  0xDBFC, 0xE771, 0xF66E, 0x0580,
  0x0D7A, 0x165E, 0x1E12, 0x20DA,  0x1FF6, 0x16F3, 0x129B, 0x0E9A,
  0x0868, 0x011A, 0xFF06, 0x0376,  0x08CD, 0x0EA7, 0x1431, 0x1D95,
  0x26FF, 0x2BC0, 0x2CB3, 0x2C6E,  0x2BF8, 0x25F7, 0x1DC9, 0x16FB,
  0x11B4, 0x0DC2, 0x0996, 0x081F,  0x09AD, 0x0C9C, 0x0CD6, 0x0DE9,
  0x0FA9, 0x10AF, 0x0ED8, 0x0C2A,  0x0A62, 0x0934, 0x08B1, 0x05AA,
  0x04EB, 0x053D, 0x0593, 0x0549,  0x05C3, 0x060C, 0x05C2, 0x05AB,
  0x03B6, 0x0348, 0x008C, 0xFD7E,  0xFB38, 0xF912, 0xF7ED, 0xF542,
  0xF461, 0xF463, 0xF479, 0xF2D8,  0xF09C, 0xEDD0, 0xEA42, 0xE681,
  0xE12C, 0xDE04, 0xDA66, 0xD872,  0xD696, 0xD5EA, 0xD569, 0xD533,
  0xD59A, 0xD4A9, 0xD369, 0xD21A,  0xD398, 0xD73F, 0xDD50, 0xE46C,
  0xF319, 0x0194, 0x0C76, 0x1590,  0x1AC9, 0x1F22, 0x1F62, 0x1750,
  0x0F9A, 0x0A6B, 0x05A9, 0x011A,  0xFDF4, 0x00C1, 0x0953, 0x1268,
  0x17A5, 0x1FA9, 0x2728, 0x2D59,  0x2DF8, 0x29B0, 0x258F, 0x2110,
  0x195D, 0x11FA, 0x0CDF, 0x0A69,  0x0B26, 0x0B0F, 0x0D02, 0x103C,
  0x1337, 0x1342, 0x1337, 0x10FE,  0x0DBF, 0x09B6, 0x04D9, 0x0242,
  0x00B0, 0x008F, 0x01F1, 0x0540,  0x0866, 0x0AEA, 0x0CE4, 0x0E27,
  0x0D7C, 0x0B09, 0x07B7, 0x041D,  0x0009, 0xFBD4, 0xF897, 0xF70E,
  0xF720, 0xF6E2, 0xF6E6, 0xF86C,  0xF923, 0xF914, 0xF6FD, 0xF456,
  0xF163, 0xEDFE, 0xE8A3, 0xE3A9,  0xDEF9, 0xDB39, 0xD83B, 0xD5A3,
  0xD600, 0xD4BC, 0xD699, 0xD603,  0xD590, 0xD2F8, 0xD169, 0xD205,
  0xD5DC, 0xDA8C, 0xE126, 0xF08F,  0xFD92, 0x0947, 0x0EA2, 0x15F4,
  0x198D, 0x18AC, 0x119E, 0x0898,  0x06A1, 0x0299, 0xFE64, 0xFD48,
  0x02A7, 0x0B1C, 0x14D2, 0x1A0A,  0x20AF, 0x2999, 0x2D6A, 0x2BA6,
  0x2722, 0x22B5, 0x1E66, 0x1803,  0x10A0, 0x0DB7, 0x0E63, 0x1032,
  0x1091, 0x11F4, 0x14C8, 0x164C,  0x1506, 0x114E, 0x0DEE, 0x0AB0,
  0x05E9, 0x01AD, 0xFFFB, 0x0127,  0x038F, 0x063E, 0x0AE7, 0x0EEC,
  0x10FE, 0x0FF1, 0x0E59, 0x0B79,  0x06E5, 0x00B8, 0xFBD3, 0xF9EB,
  0xF8E8, 0xF88B, 0xF83F, 0xFC17,  0xFFCC, 0x0180, 0x014E, 0x0011,
  0xFEF5, 0xFCB0, 0xF7DB, 0xF2BB,  0xEF4B, 0xEAA8, 0xE696, 0xE1B5,
  0xDDF3, 0xDBF1, 0xDAB4, 0xD9D6,  0xD9D2, 0xDB36, 0xDB1B, 0xDA96,
  0xD855, 0xD692, 0xD1E8, 0xCFDD,  0xCE9B, 0xD20D, 0xD95C, 0xE2A5,
  0xF3BE, 0x024F, 0x0D85, 0x14A1,  0x1A81, 0x1959, 0x17EC, 0x0F0C,
  0x0684, 0x02C9, 0xFDB5, 0xFE8B,  0xFFA6, 0x05D7, 0x0F37, 0x190E,
  0x1F91, 0x250A, 0x28C0, 0x2B3B,  0x2954, 0x2335, 0x1DA5, 0x18B0,
  0x14A3, 0x10C7, 0x0F55, 0x104C,  0x13B5, 0x1517, 0x1590, 0x15B5,
  0x14FC, 0x1366, 0x0F25, 0x0A3C,  0x0661, 0x036F, 0x0220, 0x0270,
  0x03DF, 0x0753, 0x0C0A, 0x0E6A,  0x0EA7, 0x0D81, 0x0B79, 0x0990,
  0x0533, 0x0013, 0xFCCA, 0xFCC6,  0xFC0D, 0xFBC6, 0xFB8F, 0xFD23,
  0xFFCF, 0xFECB, 0xFD67, 0xFCB4,  0xFCDA, 0xFB8B, 0xF718, 0xF3D7,
  0xF2B2, 0xF03F, 0xED57, 0xE9EC,  0xE8C9, 0xE832, 0xE577, 0xE123,
  0xDDB3, 0xDAB2, 0xD827, 0xD4BB,  0xD2DD, 0xD350, 0xD534, 0xD440,
  0xD35B, 0xD642, 0xDAA0, 0xDFE9,  0xE561, 0xF0C6, 0xFF57, 0x0A29,
  0x0CF8, 0x1293, 0x14DB, 0x14EA,  0x0F56, 0x0620, 0x050B, 0x03D8,
  0x0222, 0x0238, 0x0708, 0x0F94,  0x17A1, 0x1BB5, 0x1F8B, 0x23DE,
  0x26D2, 0x242B, 0x1F52, 0x1BC9,  0x1923, 0x16C7, 0x12DA, 0x1100,
  0x13F1, 0x161E, 0x167E, 0x15D8,  0x152D, 0x1558, 0x12B0, 0x0D61,
  0x08F5, 0x0621, 0x03E2, 0x0264,  0x0113, 0x0438, 0x0740, 0x0ACF,
  0x0BDB, 0x0BDA, 0x0D92, 0x0C16,  0x09DC, 0x069E, 0x038E, 0x0278,
  0x0086, 0xFDD5, 0xFE51, 0xFE1E,  0xFE03, 0xFD36, 0xFC95, 0xFDD3,
  0xFE2E, 0xFC4B, 0xF9DF, 0xF963,  0xF7BA, 0xF54A, 0xF17C, 0xEF7D,
  0xEF87, 0xEDB5, 0xEAB6, 0xE853,  0xE71C, 0xE599, 0xE127, 0xDB1D,
  0xD8F2, 0xD704, 0xD597, 0xD300,  0xD3BF, 0xD665, 0xD65B, 0xD5D3,
  0xD780, 0xDCBB, 0xE22E, 0xE801,  0xF27E, 0x027E, 0x0A03, 0x0F0E,
  0x12AD, 0x1641, 0x1591, 0x0CF0,  0x0670, 0x04F3, 0x045A, 0x018F,
  0x034D, 0x09AF, 0x1365, 0x1994,  0x1CF5, 0x21DB, 0x26C6, 0x2751,
  0x23DC, 0x1FAC, 0x1DEA, 0x1B34,  0x16B6, 0x1393, 0x127D, 0x13E8,
  0x140B, 0x1362, 0x13BE, 0x13EF,  0x12DA, 0x10D0, 0x0CBD, 0x09CF,
  0x07F6, 0x0576, 0x0507, 0x038D,  0x03CE, 0x06F1, 0x087E, 0x090E,
  0x07BF, 0x07CF, 0x08A4, 0x0772,  0x03F5, 0x022A, 0x0280, 0x0379,
  0x00F8, 0xFE0D, 0xFE82, 0xFDEB,  0xFD1E, 0xF9AB, 0xF8A8, 0xFBCB,
  0xFD3A, 0xFAD7, 0xF92B, 0xF8F0,  0xF87F, 0xF57C, 0xF0CC, 0xEF17,
  0xEEBE, 0xECC0, 0xE8EC, 0xE6FD,  0xE61E, 0xE409, 0xDFAE, 0xDBB2,
  0xDAD8, 0xDA9E, 0xD8B0, 0xD696,  0xD7A2, 0xD71F, 0xD5A2, 0xD54D,
  0xD868, 0xDDBD, 0xE4D9, 0xEE37,  0xFC89, 0x08EA, 0x0DB3, 0x13D6,
  0x15EE, 0x14EC, 0x0F13, 0x0724,  0x0391, 0x02AB, 0x00BC, 0x0139,
  0x083E, 0x103E, 0x1934, 0x1E0E,  0x2160, 0x2694, 0x2736, 0x2351,
  0x1F12, 0x1B8C, 0x1A2D, 0x1726,  0x132D, 0x13C8, 0x15CF, 0x175A,
  0x1658, 0x1549, 0x1607, 0x143F,  0x1029, 0x0A67, 0x063A, 0x0425,
  0x0227, 0x0038, 0x0202, 0x042A,  0x0779, 0x0A56, 0x09C4, 0x0A4B,
  0x08A6, 0x0730, 0x0526, 0x02E7,  0x0129, 0x01A5, 0x01B6, 0x01E9,
  0x019E, 0xFFC9, 0xFFD3, 0xFDA5,  0xFC25, 0xF9F3, 0xF929, 0xFA76,
  0xFBA1, 0xFABC, 0xFA3F, 0xFA72,  0xF937, 0xF8AC, 0xF40B, 0xF0EF,
  0xEF92, 0xED04, 0xE9C9, 0xE67C,  0xE3FE, 0xE2CC, 0xDFDD, 0xDBB9,
  0xDB6C, 0xDB83, 0xDB96, 0xD940,  0xD8CF, 0xD7DC, 0xD607, 0xD631,
  0xD877, 0xDDA7, 0xE3F3, 0xED75,  0xFB3F, 0x0829, 0x0C5D, 0x125C,
  0x1581, 0x15A3, 0x116A, 0x06E4,  0x0490, 0x041E, 0x0206, 0x021B,
  0x0723, 0x1009, 0x18A0, 0x1CC9,  0x1FD5, 0x258C, 0x2688, 0x237B,
  0x1F37, 0x1C48, 0x1B5A, 0x17F3,  0x14C9, 0x1483, 0x1587, 0x1613,
  0x14EA, 0x13B0, 0x138F, 0x116B,  0x0EAC, 0x0AEB, 0x072C, 0x04CD,
  0x017E, 0x00C8, 0x01B8, 0x019C,  0x02A6, 0x068F, 0x0974, 0x09C6,
  0x07E2, 0x0724, 0x08A0, 0x076F,  0x03F9, 0x01A7, 0x0401, 0x04E9,
  0x014A, 0xFE99, 0xFD5B, 0xFE30,  0xFD62, 0xF9EF, 0xFAB2, 0xFE25,
  0xFFA3, 0xFDAA, 0xFB4C, 0xFC12,  0xFCC8, 0xF9C9, 0xF519, 0xF340,
  0xF271, 0xEFBD, 0xEA50, 0xE669,  0xE575, 0xE3BF, 0xE00A, 0xDB78,
  0xDB67, 0xDCC3, 0xDD52, 0xDD27,  0xDC8B, 0xDD99, 0xDB3F, 0xD62C,
  0xD3CD, 0xD4E8, 0xD9D1, 0xE240,  0xEC67, 0xFD03, 0x0991, 0x10DC,
  0x17DF, 0x16DA, 0x16A4, 0x0FC3,  0x05F7, 0x01A8, 0xFF6A, 0x0174,
  0x04C7, 0x0A74, 0x127F, 0x1B78,  0x1FFD, 0x2152, 0x2206, 0x227A,
  0x200A, 0x1C56, 0x1920, 0x17B3,  0x1850, 0x16BD, 0x15EB, 0x1778,
  0x186D, 0x1661, 0x133D, 0x0F6A,  0x0E27, 0x0B67, 0x0694, 0x045C,
  0x03F7, 0x041D, 0x024F, 0x0092,  0x0086, 0x03D7, 0x05D7, 0x0631,
  0x077B, 0x08C2, 0x0C2B, 0x0D29,  0x0AF1, 0x0712, 0x0663, 0x058A,
  0x01E4, 0xFDB9, 0xFACD, 0xFEA0,  0x004A, 0xFF40, 0xFDB3, 0xFEA2,
  0xFFD9, 0xFE52, 0xFCD4, 0xFBEB,  0xFE32, 0xFE9B, 0xFD53, 0xFAA6,
  0xF66C, 0xF26A, 0xED3A, 0xE79B,  0xE5D7, 0xE4A8, 0xE1DF, 0xDE9B,
  0xDBAA, 0xDBFA, 0xDC53, 0xDD36,  0xDC24, 0xDD8D, 0xDE63, 0xDCA1,
  0xDA13, 0xD70C, 0xD63A, 0xD90D,  0xDE8F, 0xE670, 0xF475, 0xFFA0,
  0x0A6B, 0x0FBA, 0x11EC, 0x1406,  0x105A, 0x0A95, 0x05BB, 0x040A,
  0x06A0, 0x08B4, 0x0B1B, 0x11D6,  0x173B, 0x1BD4, 0x1D33, 0x1DF0,
  0x1EA6, 0x1DA1, 0x1A47, 0x1845,  0x17FF, 0x17A6, 0x189C, 0x18F9,
  0x198F, 0x1A40, 0x1856, 0x1416,  0x1111, 0x0CCA, 0x0A47, 0x08DA,
  0x06B3, 0x053D, 0x05D9, 0x056E,  0x056B, 0x0349, 0x0177, 0x043F,
  0x0447, 0x04CA, 0x050E, 0x09A7,  0x0CD4, 0x0DFD, 0x0C8A, 0x0B16,
  0x0BA5, 0x07FB, 0x050D, 0x016B,  0x003A, 0xFEDA, 0xFDD4, 0xFDB7,
  0xFEC2, 0xFFDC, 0xFF5E, 0xFEE3,  0xFD41, 0xFCE5, 0xFC3C, 0xFAA7,
  0xF8FB, 0xF788, 0xF522, 0xF2AB,  0xED92, 0xE8C8, 0xE5F6, 0xE2FE,
  0xE0DA, 0xDE73, 0xDDE8, 0xDE0D,  0xDEF2, 0xDE65, 0xDE24, 0xDC29,
  0xDAA2, 0xD9A6, 0xD4A9, 0xD0AE,  0xD1B9, 0xD610, 0xDCEB, 0xE59D,
  0xF1A1, 0x0543, 0x0EBD, 0x11BD,  0x1502, 0x154A, 0x12C4, 0x0970,
  0x00EC, 0x013C, 0x04B4, 0x04D6,  0x0995, 0x10A3, 0x17D7, 0x1CE0,
  0x1C64, 0x1C24, 0x1DCF, 0x1DE9,  0x1C9B, 0x1B73, 0x1BDA, 0x1C20,
  0x1BBF, 0x198F, 0x16F9, 0x1598,  0x1332, 0x114A, 0x0E21, 0x0C5C,
  0x0BFE, 0x0B83, 0x0B11, 0x0853,  0x0770, 0x069F, 0x062D, 0x0453,
  0x01AB, 0x0347, 0x05F7, 0x07E4,  0x083D, 0x08EB, 0x0B16, 0x0C56,
  0x09CC, 0x0750, 0x05DF, 0x06A8,  0x0583, 0x0345, 0x02C3, 0x025F,
  0x0213, 0x0072, 0xFEAA, 0xFD2F,  0xFCED, 0xFC43, 0xFCA2, 0xFDD3,
  0xFEEC, 0xFD73, 0xFB8B, 0xF7A2,  0xF37E, 0xF0DB, 0xEC80, 0xE97C,
  0xE6CC, 0xE5AD, 0xE5F3, 0xE502,  0xE165, 0xDEEE, 0xDDAA, 0xDD6F,
  0xDC27, 0xD7BC, 0xD862, 0xD8CB,  0xD6E1, 0xD302, 0xD2C6, 0xD7F8,
  0xDD30, 0xE0F3, 0xE9B8, 0xF9E5,  0x05B2, 0x0C36, 0x0CCB, 0x1435,
  0x167D, 0x1200, 0x0D26, 0x07DF,  0x0C68, 0x0B5A, 0x08C9, 0x0C02,
  0x10A5, 0x1579, 0x179C, 0x17B6,  0x1AA7, 0x1E22, 0x1D73, 0x1D53,
  0x1EB4, 0x1F9E, 0x1EEE, 0x1BCC,  0x19D4, 0x17D9, 0x145D, 0x1013,
  0x0CF3, 0x0C7B, 0x0BCE, 0x0A90,  0x0A39, 0x09C6, 0x0936, 0x06EB,
  0x039A, 0x02EF, 0x0156, 0x0141,  0x025F, 0x04D1, 0x07B2, 0x090F,
  0x0989, 0x09FB, 0x0BD3, 0x0A8E,  0x0955, 0x0778, 0x0745, 0x067A,
  0x030E, 0x00AA, 0xFE58, 0xFE14,  0xFE16, 0xFD16, 0xFD82, 0x007D,
  0x0272, 0x01E0, 0xFF12, 0xFC46,  0xFC25, 0xF9C7, 0xF560, 0xF16D,
  0xEE83, 0xED28, 0xEAF6, 0xE802,  0xE5D0, 0xE401, 0xE37A, 0xE0B0,
  0xDC36, 0xD92F, 0xD750, 0xDACC,  0xDD72, 0xDEC4, 0xDEC9, 0xDBC4,
  0xDA09, 0xD85A, 0xD53E, 0xD5E1,  0xD8AC, 0xE3C7, 0xF411, 0x0155,
  0x0D36, 0x10FD, 0x178E, 0x18C1,  0x13C6, 0x0D42, 0x080B, 0x0A01,
  0x0C24, 0x0E99, 0x10A6, 0x1519,  0x186A, 0x1A26, 0x1836, 0x165C,
  0x17B7, 0x1A00, 0x1C99, 0x1E1C,  0x210A, 0x2205, 0x21FC, 0x1E48,
  0x19C7, 0x158B, 0x1106, 0x0D8D,  0x0A64, 0x08D9, 0x087A, 0x0A28,
  0x0974, 0x089B, 0x05A7, 0x0273,  0x00CF, 0xFEE6, 0xFF06, 0x009D,
  0x0411, 0x085A, 0x0BAA, 0x0B70,  0x0AD1, 0x0945, 0x05F2, 0x0360,
  0x01DC, 0x02D6, 0x03C1, 0x03C8,  0x045A, 0x054E, 0x04EB, 0x029B,
  0xFED0, 0xFC90, 0xFDC3, 0xFDCB,  0xFCFE, 0xFB42, 0xFC37, 0xFD5B,
  0xFAB7, 0xF63B, 0xF2F5, 0xF353,  0xF213, 0xEE9C, 0xEA5A, 0xE873,
  0xE72D, 0xE3D8, 0xDFC8, 0xDED3,  0xDD9E, 0xDC84, 0xDACF, 0xD9F9,
  0xDB1D, 0xDAF3, 0xDA8F, 0xDBF6,  0xDC71, 0xDAE2, 0xDBBD, 0xDB57,
  0xE16E, 0xE6E5, 0xF17D, 0xFF07,  0x0833, 0x0D7B, 0x11DD, 0x1586,
  0x1662, 0x14A2, 0x0E9A, 0x10CB,  0x13C3, 0x1582, 0x146F, 0x14E7,
  0x16DE, 0x1752, 0x15DD, 0x13B0,  0x14B7, 0x1A78, 0x1EC2, 0x20D1,
  0x2378, 0x22C2, 0x224C, 0x1E1D,  0x17EC, 0x1308, 0x1046, 0x0F35,
  0x0DEE, 0x0B5E, 0x0AA4, 0x09F3,  0x0783, 0x0401, 0xFFEC, 0xFF18,
  0xFE96, 0xFF27, 0x0065, 0x03B9,  0x065D, 0x080F, 0x07BD, 0x0636,
  0x06FC, 0x061F, 0x0657, 0x03B6,  0x0478, 0x064C, 0x067A, 0x0573,
  0x0181, 0x0130, 0x0063, 0xFE33,  0xFD42, 0xFEBF, 0x0123, 0x0201,
  0x0077, 0xFF6C, 0xFEE9, 0xFC20,  0xF7F8, 0xF495, 0xF3BF, 0xF3B5,
  0xF16D, 0xECC4, 0xEAF2, 0xEACD,  0xE7F7, 0xE2A3, 0xDD6C, 0xDD27,
  0xDD63, 0xDC6B, 0xD96B, 0xD951,  0xDD35, 0xDFB9, 0xDF68, 0xDCA5,
  0xDD19, 0xDDCD, 0xDBC7, 0xD902,  0xDB93, 0xE0ED, 0xEA42, 0xF5B3,
  0x04F0, 0x1082, 0x123A, 0x14DF,  0x15FB, 0x15E3, 0x141A, 0x10D2,
  0x11D6, 0x1710, 0x1A40, 0x1A77,  0x1782, 0x1463, 0x12FC, 0x12C7,
  0x1191, 0x1466, 0x1AF7, 0x22E1,  0x284C, 0x2719, 0x2499, 0x1FB8,
  0x1A40, 0x13E1, 0x0F03, 0x0E6B,  0x0EBE, 0x0E3B, 0x0CC8, 0x0A52,
  0x0718, 0x02A5, 0xFEFA, 0xFCA3,  0xFCC7, 0xFD56, 0xFFAB, 0x0456,
  0x05BF, 0x0781, 0x07E0, 0x08BE,  0x08D4, 0x0685, 0x0582, 0x0569,
  0x0521, 0x040F, 0x03F3, 0x059C,  0x0644, 0x05C7, 0x044C, 0x0326,
  0x0191, 0xFF2D, 0xFFE7, 0x003B,  0x0092, 0xFCD9, 0xFC72, 0xFC90,
  0xFA4A, 0xF60E, 0xF07D, 0xF2CA,  0xF41C, 0xF363, 0xF00C, 0xED22,
  0xEC56, 0xEA79, 0xE57B, 0xDEEF,  0xDAA1, 0xDA8E, 0xDD21, 0xDC66,
  0xD98A, 0xD880, 0xD9B2, 0xDE5B,  0xE183, 0xE108, 0xDF7C, 0xDDEF,
  0xDF94, 0xE083, 0xDECD, 0xE2B8,  0xEA44, 0xFB40, 0x0BBB, 0x10D0,
  0x1515, 0x1472, 0x17FA, 0x192E,  0x15F5, 0x12BF, 0x13E7, 0x1A5B,
  0x1D5F, 0x1C43, 0x15A4, 0x1212,  0x0FFE, 0x0F2E, 0x0F24, 0x11A8,
  0x1A0A, 0x228E, 0x267F, 0x255E,  0x2037, 0x1A29, 0x15AB, 0x1230,
  0x1058, 0x0F6E, 0x0FC4, 0x0F70,  0x0D7B, 0x0868, 0x0297, 0x0036,
  0xFDC5, 0xFD9E, 0xFD9E, 0x00A1,  0x041E, 0x04C9, 0x067E, 0x0755,
  0x0766, 0x061D, 0x0818, 0x09C1,  0x0B66, 0x0891, 0x0665, 0x0814,
  0x0757, 0x0480, 0x0060, 0x02FA,  0x0598, 0x061A, 0x0426, 0x023D,
  0x0177, 0xFF15, 0xFC11, 0xFA84,  0xFA5D, 0xFA1A, 0xF94B, 0xF7D7,
  0xF712, 0xF34E, 0xEFEA, 0xED8C,  0xEACC, 0xE9A5, 0xE7A5, 0xE78D,
  0xE7CC, 0xE411, 0xDEE9, 0xDB9A,  0xD9A2, 0xD9AE, 0xD9DC, 0xDA39,
  0xDDEB, 0xDFAE, 0xE0FE, 0xE1F6,  0xE2BB, 0xE160, 0xDF7C, 0xDFE1,
  0xE43E, 0xE90F, 0xED2E, 0xF552,  0x0397, 0x11A5, 0x11B2, 0x1309,
  0x1544, 0x1AAA, 0x1D6A, 0x1769,  0x176F, 0x194E, 0x1AD6, 0x17F5,
  0x1386, 0x110F, 0x0F95, 0x1000,  0x1110, 0x1462, 0x17D9, 0x1B3D,
  0x2079, 0x20FE, 0x1F11, 0x1AD3,  0x161C, 0x159D, 0x1363, 0x10DE,
  0x0E0E, 0x0AB1, 0x0933, 0x0666,  0x03D3, 0x018B, 0xFF97, 0xFFBB,
  0xFFA9, 0x01E7, 0x02F5, 0x0260,  0x0408, 0x06CE, 0x08C2, 0x0917,
  0x0919, 0x093D, 0x0AA4, 0x0A1E,  0x091F, 0x0787, 0x0597, 0x05AD,
  0x0504, 0x0627, 0x046A, 0x0131,  0x0225, 0x02BC, 0x018C, 0xFF76,
  0xFE1A, 0xFF0E, 0xFF51, 0xFBAC,  0xF765, 0xF54C, 0xF47F, 0xF3CF,
  0xF119, 0xEDD7, 0xEB29, 0xE8DE,  0xE6F1, 0xE4F7, 0xE262, 0xE05A,
  0xDEE6, 0xDEA2, 0xDFFC, 0xDF61,  0xDCCE, 0xDA95, 0xDC07, 0xDEBB,
  0xDF6B, 0xDE69, 0xE0F4, 0xE2E3,  0xE0FE, 0xDF07, 0xE086, 0xE8E7,
  0xEF89, 0xF2F1, 0xFF1F, 0x0C93,  0x127C, 0x1245, 0x100C, 0x18DC,
  0x1AEB, 0x1B7A, 0x1D7D, 0x1A76,  0x1E9B, 0x19EC, 0x143D, 0x12C7,
  0x0ECE, 0x1012, 0x1351, 0x1742,  0x1881, 0x198B, 0x1BE4, 0x1D8D,
  0x1E40, 0x1A0F, 0x1812, 0x1745,  0x167D, 0x14C8, 0x0FCC, 0x0C2D,
  0x0810, 0x0551, 0x0543, 0x02D6,  0x01E6, 0x0005, 0xFE5C, 0xFECE,
  0xFD17, 0xFFDD, 0x0273, 0x0661,  0x09F9, 0x0957, 0x0AAE, 0x0979,
  0x08EA, 0x0993, 0x0AAC, 0x0AD1,  0x0910, 0x0750, 0x0647, 0x0651,
  0x03DB, 0x021A, 0xFFAF, 0xFF26,  0x0063, 0x00F2, 0xFFF0, 0xFECA,
  0xFF42, 0xFEF3, 0xFC47, 0xF556,  0xF16C, 0xF0DC, 0xF280, 0xF1BB,
  0xECBA, 0xE841, 0xE690, 0xE6F9,  0xE4A8, 0xE16D, 0xDD47, 0xDBD4,
  0xDC0A, 0xDC3A, 0xDD71, 0xDC5A,  0xDC0A, 0xDD86, 0xDED3, 0xE06A,
  0xDF79, 0xE0B5, 0xE3E3, 0xE36C,  0xE580, 0xE61A, 0xEBC4, 0xF2DA,
  0xF677, 0x0181, 0x0BA7, 0x0E41,  0x0E5A, 0x1155, 0x189D, 0x1EB9,
  0x1D98, 0x1CDD, 0x1EE7, 0x1DAA,  0x18CD, 0x1401, 0x122F, 0x1392,
  0x149B, 0x161C, 0x180D, 0x177D,  0x17C1, 0x1AE7, 0x1CD8, 0x1CA1,
  0x19E4, 0x1901, 0x1983, 0x1772,  0x13DD, 0x0F86, 0x0CCA, 0x0A2F,
  0x077C, 0x063B, 0x0464, 0xFFF5,  0xFEA9, 0xFE4F, 0xFE8F, 0xFDCD,
  0xFE44, 0x01A7, 0x04BD, 0x06CC,  0x0556, 0x067A, 0x073C, 0x08AF,
  0x0B13, 0x0C34, 0x0B8C, 0x05A3,  0x032B, 0x0477, 0x05E0, 0x0792,
  0x02BD, 0xFF44, 0xFECC, 0xFEAE,  0x0116, 0xFEF0, 0xFC3B, 0xFBA4,
  0xFCA3, 0xFCB6, 0xF887, 0xF36A,  0xEF78, 0xEEB6, 0xEEEA, 0xED32,
  0xE9F9, 0xE61C, 0xE422, 0xE3FB,  0xE124, 0xDE7E, 0xDC5F, 0xDDA1,
  0xDEAC, 0xDC95, 0xDC0A, 0xDB18,  0xDDA0, 0xDEC3, 0xDF86, 0xDFC5,
  0xE063, 0xE352, 0xE30D, 0xE1F0,  0xE6E0, 0xEC8C, 0xF41E, 0xFB5E,
  0x012F, 0x0D91, 0x1060, 0x1042,  0x1556, 0x1B8D, 0x2051, 0x1F32,
  0x1D29, 0x1D43, 0x1C14, 0x18C8,  0x174A, 0x1721, 0x15CF, 0x15D5,
  0x1696, 0x17E6, 0x17D9, 0x16CB,  0x1A9C, 0x1DC7, 0x1D46, 0x1A68,
  0x1777, 0x1677, 0x15D2, 0x13B7,  0x1161, 0x0E90, 0x0B27, 0x0906,
  0x068D, 0x0275, 0xFE9F, 0xFC47,  0xFD31, 0xFE34, 0xFF42, 0x002D,
  0x0094, 0x0080, 0x0210, 0x057F,  0x07A2, 0x08C2, 0x0949, 0x09D3,
  0x0774, 0x0621, 0x05A3, 0x0731,  0x093E, 0x09BA, 0x06D8, 0x037B,
  0x0059, 0xFFEB, 0x026A, 0x0280,  0x0106, 0xFC83, 0xFAF7, 0xFA96,
  0xF936, 0xF640, 0xF1FB, 0xF046,  0xF0A7, 0xF130, 0xEF65, 0xE89E,
  0xE4DA, 0xE53A, 0xE5F9, 0xE3AB,  0xDBF1, 0xD913, 0xD9D8, 0xDBF4,
  0xDB92, 0xD810, 0xD9A1, 0xDC13,  0xDE3A, 0xDDA3, 0xDB6D, 0xDFBF,
  0xE35D, 0xE558, 0xE6C6, 0xE6BB,  0xEAF5, 0xEFC3, 0xFACE, 0x088A,
  0x09F7, 0x0B5A, 0x0D5D, 0x138B,  0x1C67, 0x1D90, 0x20FE, 0x1FC8,
  0x1D5A, 0x1BCE, 0x194B, 0x19F9,  0x18D6, 0x1904, 0x1A1B, 0x18C1,
  0x16DD, 0x16CA, 0x1AF5, 0x1F3E,  0x1F94, 0x1CF0, 0x1837, 0x16CA,
  0x1770, 0x171F, 0x158F, 0x1051,  0x0CC9, 0x0B8E, 0x07F7, 0x045F,
  0x0068, 0x0044, 0xFF89, 0xFD8F,  0xFD95, 0xFC26, 0xFDC4, 0xFF5F,
  0x02CE, 0x04A8, 0x04A4, 0x05A8,  0x07C5, 0x08AD, 0x082D, 0x06E3,
  0x05D5, 0x0563, 0x06A1, 0x08B6,  0x04D8, 0x01ED, 0x0103, 0x0403,
  0x0544, 0x0216, 0x0076, 0xFFC4,  0x0067, 0xFEFA, 0xFC97, 0xFADA,
  0xF84F, 0xF4B8, 0xF3F4, 0xF13A,  0xEF37, 0xEED4, 0xEDD4, 0xEBCA,
  0xE650, 0xE1BC, 0xDEB6, 0xDD94,  0xDF1E, 0xE051, 0xDBF6, 0xD6D9,
  0xD4A1, 0xD839, 0xDD4C, 0xE10D,  0xE0B3, 0xDE44, 0xDD9E, 0xDEE7,
  0xE2C0, 0xE6A3, 0xE72B, 0xE899,  0xEC89, 0xF347, 0xFD48, 0x01CF,
  0x0702, 0x09BC, 0x0DED, 0x170B,  0x1D2B, 0x1F02, 0x1E0C, 0x1D0A,
  0x204F, 0x2077, 0x1E9B, 0x1D65,  0x1B57, 0x1BDD, 0x1A9A, 0x19D1,
  0x191D, 0x1ACE, 0x1D33, 0x1CF9,  0x1A2E, 0x175D, 0x16FB, 0x1888,
  0x18ED, 0x1681, 0x1228, 0x0E4D,  0x0C97, 0x0A8B, 0x0883, 0x06EC,
  0x03FC, 0x001D, 0xFCE3, 0xFC6F,  0xFC9F, 0xFCE6, 0xFEFB, 0x00EF,
  0x010B, 0xFEC4, 0xFF90, 0x041F,  0x07F6, 0x0822, 0x04FC, 0x02ED,
  0x0555, 0x082F, 0x0908, 0x07C6,  0x06A9, 0x05E6, 0x0569, 0x05F7,
  0x0596, 0x0550, 0x0450, 0x022A,  0xFE99, 0xFB66, 0xFA33, 0xFA0F,
  0xF8F8, 0xF661, 0xF251, 0xEEC6,  0xED05, 0xECAA, 0xEBFA, 0xE952,
  0xE5C7, 0xE131, 0xDED8, 0xDF2A,  0xDE9C, 0xDC3F, 0xD99F, 0xD855,
  0xDA1C, 0xDB94, 0xDCE9, 0xDBD8,  0xDC25, 0xDD95, 0xDDBF, 0xE004,
  0xE328, 0xE57F, 0xE610, 0xE8EA,  0xF2CE, 0xFF2B, 0x020F, 0x0107,
  0x02D5, 0x0E25, 0x1849, 0x1A7F,  0x1A6E, 0x19E0, 0x1C0F, 0x1D27,
  0x1EA4, 0x1F40, 0x1E10, 0x1CF4,  0x1C5F, 0x1B40, 0x1927, 0x19FF,
  0x1EB9, 0x2065, 0x1D02, 0x17C9,  0x16A2, 0x1A45, 0x1B80, 0x1958,
  0x157B, 0x10EA, 0x0F0E, 0x0E4D,  0x0DE1, 0x0A9A, 0x060C, 0x032B,
  0xFFEE, 0xFDBA, 0xFCD2, 0xFE23,  0xFFD6, 0xFF72, 0xFEAB, 0xFF81,
  0xFFF9, 0x0231, 0x0495, 0x0613,  0x053B, 0x035F, 0x048C, 0x0544,
  0x05DA, 0x06EF, 0x0879, 0x087C,  0x05FC, 0x040A, 0x0592, 0x085E,
  0x0910, 0x0656, 0x0209, 0xFEBD,  0xFE59, 0xFF96, 0xFE74, 0xFA23,
  0xF521, 0xF1EF, 0xF184, 0xF09A,  0xEEB5, 0xEC88, 0xEA46, 0xE7F6,
  0xE465, 0xE11B, 0xDDF5, 0xDC89,  0xDCCD, 0xDCF6, 0xDB3F, 0xD7EB,
  0xD703, 0xD9AF, 0xDD00, 0xDF26,  0xDEBC, 0xDDB8, 0xDD8C, 0xDF2A,
  0xE2A9, 0xE536, 0xE65E, 0xEAE5,  0xF21C, 0xFB4F, 0xFFB1, 0xFFA3,
  0x056A, 0x0BCC, 0x15E1, 0x1A80,  0x19D8, 0x18CD, 0x199F, 0x1FFD,
  0x224D, 0x214D, 0x1E82, 0x1D57,  0x1EB1, 0x1F6F, 0x1E73, 0x1E43,
  0x1F5F, 0x2011, 0x1E9E, 0x1BA3,  0x1993, 0x1973, 0x1A7B, 0x19A6,
  0x1612, 0x116C, 0x0EAA, 0x0D52,  0x0BE8, 0x0901, 0x0564, 0x03BA,
  0x0168, 0xFEC4, 0xFCEE, 0xFCB4,  0xFE8C, 0xFEC2, 0xFEA7, 0xFE4C,
  0xFE97, 0x0125, 0x0355, 0x0425,  0x02DB, 0x0096, 0x023C, 0x058A,
  0x0734, 0x04F5, 0x030B, 0x067D,  0x0855, 0x0869, 0x06A9, 0x0506,
  0x0614, 0x0601, 0x0510, 0x0087,  0xFD9D, 0xFD88, 0xFD03, 0xFABF,
  0xF5BD, 0xF267, 0xF13F, 0xF091,  0xEEF6, 0xEC62, 0xE909, 0xE64D,
  0xE482, 0xE2B6, 0xDF98, 0xDCF3,  0xDBD1, 0xDC8C, 0xDC1F, 0xDA26,
  0xD8EF, 0xD987, 0xDCF9, 0xE031,  0xE04A, 0xDE81, 0xDE66, 0xE050,
  0xE475, 0xE72F, 0xE785, 0xEA20,  0xF0FA, 0xF92E, 0xFE82, 0x00DC,
  0x0582, 0x0AA5, 0x1111, 0x17BD,  0x1A0E, 0x1AF1, 0x1B04, 0x1E93,
  0x2168, 0x21F5, 0x21E8, 0x2106,  0x20C2, 0x2039, 0x1FC1, 0x2051,
  0x20F8, 0x201C, 0x1DFD, 0x1AAB,  0x196E, 0x1909, 0x1985, 0x18AA,
  0x14AC, 0x1055, 0x0DCF, 0x0D11,  0x0C63, 0x092F, 0x05D3, 0x0346,
  0x0074, 0xFEBA, 0xFDD3, 0xFFBF,  0xFEA9, 0xFD26, 0xFCF5, 0xFD64,
  0xFEFE, 0x007F, 0x019E, 0x0138,  0xFFE6, 0x00C2, 0x0285, 0x0452,
  0x050E, 0x04F3, 0x055D, 0x053C,  0x06D7, 0x07CC, 0x0896, 0x082F,
  0x06CA, 0x0579, 0x0345, 0x01E4,  0x00D5, 0xFF35, 0xFC97, 0xF9C7,
  0xF7E9, 0xF551, 0xF300, 0xF1C4,  0xF04F, 0xED90, 0xEA6D, 0xE81B,
  0xE652, 0xE403, 0xE126, 0xDF7B,  0xDD7C, 0xDCB2, 0xDCD8, 0xDBCB,
  0xDB04, 0xDB4F, 0xDD32, 0xDEB8,  0xDE82, 0xDEFC, 0xDEF9, 0xDF2A,
  0xE144, 0xE3C7, 0xE704, 0xE7E2,  0xEC04, 0xF62B, 0xFDBB, 0x002B,
  0xFF42, 0x062B, 0x105B, 0x15E8,  0x182F, 0x1731, 0x18B1, 0x1B41,
  0x2028, 0x237F, 0x212E, 0x1F6B,  0x216A, 0x244C, 0x222D, 0x1FF0,
  0x222D, 0x2434, 0x2139, 0x1BBE,  0x195C, 0x1990, 0x198C, 0x1912,
  0x15E8, 0x1000, 0x0C80, 0x0D0A,  0x0E48, 0x0A38, 0x05B9, 0x03B5,
  0x01D1, 0xFFEF, 0xFE5F, 0xFEAC,  0xFE42, 0xFC70, 0xFCA0, 0xFD24,
  0xFCA8, 0xFD19, 0xFFAA, 0x0229,  0x00D3, 0xFF07, 0x00A1, 0x0356,
  0x054A, 0x062A, 0x058D, 0x0515,  0x0546, 0x07EB, 0x08FE, 0x06E8,
  0x05A3, 0x0664, 0x06E7, 0x0358,  0xFFEE, 0xFED5, 0xFEF0, 0xFE35,
  0xFA9B, 0xF63B, 0xF303, 0xF2D8,  0xF360, 0xF133, 0xEC98, 0xE844,
  0xE6F4, 0xE5DC, 0xE4A8, 0xE223,  0xDF78, 0xDE0E, 0xDCED, 0xDD19,
  0xDBF4, 0xDBA5, 0xDDB3, 0xDEAC,  0xDEA5, 0xDD09, 0xDDD5, 0xE085,
  0xE1DB, 0xE369, 0xE502, 0xE67E,  0xE986, 0xEF29, 0xF859, 0xFE8E,
  0xFDC6, 0x0121, 0x089A, 0x110F,  0x147F, 0x1464, 0x16F1, 0x1916,
  0x1C27, 0x1F2B, 0x1FF5, 0x1F60,  0x1FED, 0x23CE, 0x252F, 0x2181,
  0x1FA4, 0x2234, 0x2408, 0x20FE,  0x1C49, 0x19B0, 0x1854, 0x17B7,
  0x1762, 0x151B, 0x10A3, 0x0D71,  0x0DB5, 0x0D50, 0x09FB, 0x06A7,
  0x0548, 0x031A, 0x00A5, 0xFF98,  0xFEBA, 0xFDC1, 0xFD56, 0xFDEA,
  0xFE0A, 0xFCCC, 0xFD6F, 0xFF50,  0x0106, 0x0125, 0x001D, 0x0090,
  0x0106, 0x02C6, 0x046F, 0x047A,  0x03F9, 0x0436, 0x054C, 0x05EC,
  0x0514, 0x04D4, 0x047D, 0x03DD,  0x0296, 0xFFFC, 0xFEBA, 0xFDF7,
  0xFCEA, 0xFAA0, 0xF787, 0xF538,  0xF39B, 0xF2A6, 0xF13B, 0xEE6E,
  0xEBB8, 0xE8B3, 0xE7B6, 0xE6F2,  0xE4ED, 0xE2C7, 0xE128, 0xE165,
  0xE0FA, 0xE05C, 0xE0B1, 0xE0A3,  0xE156, 0xE0FE, 0xE06D, 0xE144,
  0xE19E, 0xE1E3, 0xE27D, 0xE48E,  0xE7FF, 0xE9BE, 0xED09, 0xF401,
  0xF913, 0xFD49, 0xFFAD, 0x040D,  0x093D, 0x0C69, 0x1066, 0x12C6,
  0x1475, 0x1600, 0x1886, 0x1B94,  0x1D65, 0x1EE0, 0x212D, 0x22AB,
  0x2255, 0x21D7, 0x2253, 0x22C8,  0x218C, 0x1F0E, 0x1CAD, 0x1AB9,
  0x1907, 0x184B, 0x170F, 0x1480,  0x1215, 0x101E, 0x0F3E, 0x0D62,
  0x0ADE, 0x08AC, 0x0639, 0x045F,  0x0299, 0x0132, 0x0050, 0xFF5C,
  0xFF05, 0xFE9E, 0xFE0B, 0xFE40,  0xFE8D, 0xFF0D, 0xFFA5, 0xFF69,
  0xFEDD, 0xFE95, 0xFEED, 0x0033,  0x01AE, 0x022E, 0x01C1, 0x0166,
  0x01C6, 0x02A4, 0x02CC, 0x0260,  0x0168, 0x0001, 0xFED0, 0xFDCD,
  0xFCB0, 0xFAE0, 0xF90E, 0xF793,  0xF655, 0xF4C7, 0xF35B, 0xF1EC,
  0xF059, 0xEE7B, 0xEC53, 0xEAF9,  0xE973, 0xE85B, 0xE711, 0xE58D,
  0xE441, 0xE331, 0xE329, 0xE360,  0xE381, 0xE311, 0xE283, 0xE1DE,
  0xE1F1, 0xE293, 0xE309, 0xE40E,  0xE515, 0xE6CE, 0xE98E, 0xED16,
  0xF0F6, 0xF4FE, 0xF8B0, 0xFBD8,  0xFF09, 0x0238, 0x05CF, 0x096A,
  0x0C53, 0x0F1C, 0x11D2, 0x14CA,  0x17EF, 0x1B06, 0x1E04, 0x20BC,
  0x22F4, 0x243A, 0x2497, 0x2492,  0x248B, 0x2375, 0x2286, 0x210E,
  0x1F34, 0x1D2F, 0x1AE7, 0x1958,  0x1791, 0x15D0, 0x142F, 0x125A,
  0x105B, 0x0E0D, 0x0B7D, 0x0994,  0x0794, 0x057F, 0x041A, 0x02C2,
  0x019F, 0x0078, 0xFF87, 0xFF2E,  0xFE9A, 0xFE13, 0xFE0E, 0xFDC9,
  0xFD54, 0xFCE6, 0xFCDA, 0xFD5C,  0xFD72, 0xFDFF, 0xFE75, 0xFEDA,
  0xFF11, 0xFF8D, 0xFFCA, 0xFF72,  0xFF59, 0xFEEA, 0xFE7A, 0xFD82,
  0xFC99, 0xFB03, 0xF9A7, 0xF8BF,  0xF7AF, 0xF66B, 0xF562, 0xF399,
  0xF23A, 0xF0BE, 0xEEF5, 0xEDC6,  0xEC11, 0xEAD1, 0xE930, 0xE77B,
  0xE647, 0xE505, 0xE497, 0xE441,  0xE331, 0xE2A0, 0xE1BB, 0xE124,
  0xE081, 0xE05D, 0xE0BE, 0xE0AB,  0xE178, 0xE368, 0xE5C6, 0xE8F5,
  0xECA3, 0xF0C0, 0xF440, 0xF6F4,  0xFB09, 0xFE72, 0x01F9, 0x059B,
  0x0956, 0x0D3C, 0x1033, 0x13E1,  0x1800, 0x1B6A, 0x1ED7, 0x2231,
  0x24C1, 0x2687, 0x271B, 0x27B3,  0x27CF, 0x2676, 0x25F8, 0x24D7,
  0x2394, 0x21D6, 0x1FD3, 0x1E6D,  0x1C04, 0x198D, 0x17B2, 0x15BA,
  0x13B1, 0x1144, 0x0E98, 0x0CC7,  0x095A, 0x06EA, 0x053E, 0x0352,
  0x01F4, 0x008C, 0xFFAB, 0xFE40,  0xFC6C, 0xFBC8, 0xFB86, 0xFB25,
  0xFAAF, 0xFA7F, 0xFA9B, 0xF9C1,  0xF9F2, 0xFA6E, 0xFAD8, 0xFB00,
  0xFB57, 0xFC5E, 0xFC74, 0xFC50,  0xFC86, 0xFC50, 0xFC12, 0xFB75,
  0xFB62, 0xFADA, 0xF91A, 0xF898,  0xF719, 0xF625, 0xF511, 0xF382,
  0xF312, 0xF155, 0xEFE4, 0xEEDF,  0xECC4, 0xEBC1, 0xEA2B, 0xE913,
  0xE89F, 0xE6C9, 0xE688, 0xE532,  0xE41C, 0xE381, 0xE213, 0xE1F7,
  0xE158, 0xE0B7, 0xE136, 0xE119,  0xE24B, 0xE412, 0xE6C3, 0xEADD,
  0xEDAA, 0xF1D8, 0xF57B, 0xF87C,  0xFC39, 0xFFD1, 0x040F, 0x07AE,
  0x0B31, 0x0F79, 0x12F6, 0x161D,  0x19C0, 0x1D4C, 0x2084, 0x22F1,
  0x2528, 0x26B6, 0x26F5, 0x2696,  0x2662, 0x25BF, 0x2456, 0x2341,
  0x21FD, 0x2043, 0x1E0A, 0x1BDA,  0x1A1C, 0x17C2, 0x1570, 0x13CF,
  0x11B6, 0x0F8E, 0x0CD1, 0x0A6D,  0x07F0, 0x0505, 0x0393, 0x0201,
  0x00A5, 0xFF37, 0xFDBD, 0xFD11,  0xFBDF, 0xFB00, 0xFAEC, 0xFA92,
  0xFA77, 0xFA69, 0xFA78, 0xFAC5,  0xFA42, 0xFAA0, 0xFB20, 0xFB6F,
  0xFC23, 0xFC9D, 0xFD37, 0xFCE0,  0xFCB5, 0xFCD3, 0xFC9F, 0xFC7E,
  0xFBED, 0xFB16, 0xFA1A, 0xF8DE,  0xF7E3, 0xF729, 0xF608, 0xF4C1,
  0xF33F, 0xF1E0, 0xF088, 0xEF05,  0xEDF8, 0xEC96, 0xEADE, 0xE9B8,
  0xE876, 0xE7BE, 0xE675, 0xE56E,  0xE4C6, 0xE333, 0xE25B, 0xE185,
  0xE0F7, 0xE0C9, 0xE0A9, 0xE179,  0xE339, 0xE4CD, 0xE811, 0xEB4F,
  0xEEC4, 0xF235, 0xF544, 0xF997,  0xFCD1, 0x00A1, 0x04C4, 0x085F,
  0x0C56, 0x0FEE, 0x137D, 0x177D,  0x1A97, 0x1E35, 0x211E, 0x2369,
  0x2551, 0x262B, 0x26DD, 0x26A4,  0x263D, 0x258E, 0x247D, 0x233B,
  0x21CD, 0x1FD7, 0x1E0C, 0x1B91,  0x196B, 0x175F, 0x153D, 0x1368,
  0x1139, 0x0EA4, 0x0BFC, 0x0959,  0x06B3, 0x04A7, 0x02D1, 0x0127,
  0xFF77, 0xFDEC, 0xFCBA, 0xFB51,  0xFA75, 0xF9E2, 0xF98E, 0xF970,
  0xF935, 0xF97B, 0xF964, 0xF936,  0xF968, 0xF9A9, 0xFA1D, 0xFA79,
  0xFAFF, 0xFBDF, 0xFBD1, 0xFC17,  0xFC44, 0xFC29, 0xFC26, 0xFBC0,
  0xFBA6, 0xFAF4, 0xF9CB, 0xF939,  0xF801, 0xF6EC, 0xF5E8, 0xF47B,
  0xF3B5, 0xF1FB, 0xF0BB, 0xEF94,  0xEDBF, 0xECA4, 0xEB10, 0xEA34,
  0xE957, 0xE7D4, 0xE764, 0xE5E9,  0xE4F7, 0xE41B, 0xE301, 0xE2F4,
  0xE22F, 0xE231, 0xE2E2, 0xE3A6,  0xE582, 0xE7D6, 0xEAC4, 0xEE5E,
  0xF0F9, 0xF4D7, 0xF818, 0xFB42,  0xFF1C, 0x027C, 0x06BB, 0x0A25,
  0x0DE5, 0x11B7, 0x14FF, 0x186F,  0x1BD3, 0x1F04, 0x21D5, 0x23AF,
  0x254B, 0x25F7, 0x25F9, 0x25CF,  0x2503, 0x2469, 0x232F, 0x21EA,
  0x2052, 0x1E2D, 0x1C10, 0x19AB,  0x179B, 0x15A0, 0x1379, 0x1192,
  0x0F03, 0x0C8A, 0x09ED, 0x074E,  0x0545, 0x031F, 0x017E, 0xFFCC,
  0xFE52, 0xFD06, 0xFBA6, 0xFAD9,  0xFA1A, 0xF97F, 0xF970, 0xF943,
  0xF93B, 0xF91F, 0xF90F, 0xF95E,  0xF970, 0xF9B2, 0xF9F8, 0xFA48,
  0xFABE, 0xFB17, 0xFB66, 0xFB8A,  0xFB83, 0xFB6E, 0xFB35, 0xFAF5,
  0xFA61, 0xF9A6, 0xF8D2, 0xF7E7,  0xF72B, 0xF617, 0xF534, 0xF42D,
  0xF2DA, 0xF1AB, 0xF052, 0xEF2C,  0xEE0D, 0xECEE, 0xEC23, 0xEAC2,
  0xE98A, 0xE88A, 0xE7A4, 0xE747,  0xE69B, 0xE620, 0xE540, 0xE471,
  0xE454, 0xE4C6, 0xE598, 0xE6F2,  0xE8A4, 0xEB09, 0xED96, 0xF05F,
  0xF3AA, 0xF676, 0xF9DB, 0xFD3F,  0x0108, 0x0476, 0x07E2, 0x0B71,
  0x0EBE, 0x1213, 0x1594, 0x192D,  0x1C3E, 0x1EFC, 0x214F, 0x231C,
  0x2428, 0x24DC, 0x251B, 0x24E5,  0x2434, 0x233D, 0x21E9, 0x2044,
  0x1E5B, 0x1C6A, 0x1A6F, 0x180B,  0x15DD, 0x13B5, 0x118B, 0x0F6A,
  0x0D06, 0x0A97, 0x0816, 0x05B1,  0x03E8, 0x01F9, 0x007F, 0xFEFC,
  0xFDA5, 0xFC70, 0xFB47, 0xFA7B,  0xF9DB, 0xF97C, 0xF980, 0xF971,
  0xF949, 0xF91C, 0xF901, 0xF957,  0xF977, 0xFA02, 0xFA32, 0xFA68,
  0xFA88, 0xFAE3, 0xFB24, 0xFB51,  0xFB4E, 0xFB4C, 0xFB1A, 0xFAA3,
  0xFA42, 0xF9A3, 0xF8CD, 0xF805,  0xF740, 0xF672, 0xF5B2, 0xF482,
  0xF3C0, 0xF263, 0xF12A, 0xF023,  0xEED4, 0xEDC7, 0xEC9E, 0xEBA0,
  0xEACF, 0xE988, 0xE8FD, 0xE840,  0xE77C, 0xE70E, 0xE656, 0xE684,
  0xE622, 0xE678, 0xE735, 0xE82F,  0xE9E2, 0xEC32, 0xEEED, 0xF1EE,
  0xF43D, 0xF771, 0xFA8D, 0xFD91,  0x0140, 0x047D, 0x083F, 0x0B2C,
  0x0E83, 0x11E8, 0x1508, 0x180F,  0x1AFE, 0x1DBD, 0x200C, 0x2174,
  0x22D6, 0x2347, 0x2334, 0x22DB,  0x2238, 0x2181, 0x2005, 0x1E88,
  0x1CB2, 0x1A92, 0x1861, 0x1669,  0x146B, 0x1289, 0x106A, 0x0E7B,
  0x0C14, 0x09CE, 0x07A1, 0x0594,  0x03F9, 0x0257, 0x0118, 0xFFB9,
  0xFE8C, 0xFD53, 0xFC5B, 0xFBA2,  0xFB2C, 0xFAB9, 0xFA90, 0xFA35,
  0xF9F2, 0xF9DB, 0xF9DE, 0xFA18,  0xFA45, 0xFA6C, 0xFA81, 0xFA9A,
  0xFAC9, 0xFB14, 0xFB2A, 0xFB43,  0xFB00, 0xFAD8, 0xFA96, 0xFA68,
  0xF9F2, 0xF98F, 0xF8B8, 0xF808,  0xF74A, 0xF697, 0xF60B, 0xF51F,
  0xF485, 0xF388, 0xF26E, 0xF15F,  0xF01B, 0xEF20, 0xEE3E, 0xED5D,
  0xECF4, 0xEBD8, 0xEB58, 0xEA87,  0xE9E4, 0xE98C, 0xE8FF, 0xE8F0,
  0xE8C9, 0xE8B2, 0xE93B, 0xE9CC,  0xEAEA, 0xECAC, 0xEEA8, 0xF176,
  0xF378, 0xF640, 0xF8D7, 0xFB57,  0xFE6F, 0x016B, 0x04D6, 0x07CD,
  0x0AC5, 0x0DF8, 0x10D2, 0x13B1,  0x1692, 0x195D, 0x1BD2, 0x1DB7,
  0x1F48, 0x203B, 0x209B, 0x20A3,  0x2060, 0x1FD4, 0x1ECB, 0x1D95,
  0x1C1C, 0x1A2F, 0x1833, 0x1652,  0x1480, 0x12AA, 0x10DF, 0x0F28,
  0x0D10, 0x0B10, 0x0901, 0x0720,  0x056F, 0x03BE, 0x0283, 0x0103,
  0xFFC7, 0xFE92, 0xFD77, 0xFCBC,  0xFC22, 0xFBB8, 0xFB3C, 0xFAF4,
  0xFAC0, 0xFA9B, 0xFA7B, 0xFA8B,  0xFA6C, 0xFA7C, 0xFA81, 0xFADB,
  0xFADE, 0xFAE8, 0xFAF4, 0xFAD7,  0xFAED, 0xFAE7, 0xFAFE, 0xFAC4,
  0xFA5F, 0xF9D2, 0xF930, 0xF8B9,  0xF844, 0xF7E0, 0xF755, 0xF67F,
  0xF5B3, 0xF4D9, 0xF43D, 0xF3C6,  0xF31E, 0xF26C, 0xF162, 0xF08C,
  0xEFED, 0xEF75, 0xEF4C, 0xEF00,  0xEEA8, 0xEE4A, 0xEDF3, 0xEDDB,
  0xEDD3, 0xEDFA, 0xEE38, 0xEE5E,  0xEEE1, 0xEF70, 0xF080, 0xF1E2,
  0xF343, 0xF51B, 0xF6D3, 0xF8D7,  0xFAC6, 0xFCDF, 0xFF2D, 0x0173,
  0x03EC, 0x0662, 0x08C0, 0x0B18,  0x0D58, 0x0F98, 0x11D8, 0x13D1,
  0x15BA, 0x1736, 0x186E, 0x1956,  0x19E3, 0x1A40, 0x1A28, 0x19DB,
  0x1969, 0x188C, 0x1798, 0x165A,  0x150A, 0x13C9, 0x126A, 0x112F,
  0x0FBD, 0x0E33, 0x0CA3, 0x0B0A,  0x0969, 0x07E4, 0x0677, 0x052A,
  0x03D2, 0x0288, 0x016F, 0x002F,  0xFF49, 0xFE75, 0xFDB0, 0xFD04,
  0xFC4E, 0xFBD1, 0xFB46, 0xFADC,  0xFAA3, 0xFA60, 0xFA4E, 0xFA50,
  0xFA39, 0xFA47, 0xFA15, 0xFA2A,  0xFA34, 0xFA47, 0xFA88, 0xFA68,
  0xFA57, 0xFA07, 0xF9B0, 0xF993,  0xF966, 0xF949, 0xF90E, 0xF8A5,
  0xF841, 0xF7CB, 0xF772, 0xF735,  0xF710, 0xF6BB, 0xF64E, 0xF5DD,
  0xF551, 0xF4F0, 0xF4AE, 0xF522,  0xF502, 0xF4BE, 0xF4C2, 0xF45E,
  0xF486, 0xF48E, 0xF4C4, 0xF511,  0xF4C2, 0xF4E6, 0xF50F, 0xF515,
  0xF5C8, 0xF62C, 0xF745, 0xF82D,  0xF90C, 0xFA6D, 0xFB2F, 0xFC97,
  0xFDCB, 0xFF11, 0x009C, 0x01B1,  0x0331, 0x046B, 0x0589, 0x071F,
  0x0864, 0x09EA, 0x0B53, 0x0C8A,  0x0DC8, 0x0E9B, 0x0F82, 0x103D,
  0x10B7, 0x112C, 0x113F, 0x112C,  0x110A, 0x1082, 0x1023, 0x0F9B,
  0x0F46, 0x0ED6, 0x0E0F, 0x0D97,  0x0C7E, 0x0BA2, 0x0AAD, 0x09B0,
  0x08F4, 0x079A, 0x06A9, 0x0574,  0x03EB, 0x02F5, 0x01C5, 0x00F7,
  0x0037, 0xFF3B, 0xFEAE, 0xFDC3,  0xFCF2, 0xFC5E, 0xFBB7, 0xFB74,
  0xFB27, 0xFB1A, 0xFB21, 0xFADA,  0xFAD1, 0xFA76, 0xFA75, 0xFAAB,
  0xFAC2, 0xFB25, 0xFB0E, 0xFB15,  0xFB07, 0xFB14, 0xFB5E, 0xFB80,
  0xFBAD, 0xFB68, 0xFB57, 0xFB66,  0xFB55, 0xFB6E, 0xFB7A, 0xFB8B,
  0xFB83, 0xFB4A, 0xFB36, 0xFAC5,  0xFA8A, 0xFA6C, 0xFA6B, 0xFA97,
  0xFA7D, 0xFA46, 0xF9F6, 0xF9B2,  0xF99F, 0xF9CB, 0xFA0B, 0xFA33,
  0xFA1A, 0xFA0F, 0xFA15, 0xFA0A,  0xFA15, 0xFA6A, 0xFAAE, 0xFADD,
  0xFAF8, 0xFB29, 0xFB7C, 0xFB98,  0xFC17, 0xFCC8, 0xFD6F, 0xFDF9,
  0xFE41, 0xFEB5, 0xFF2D, 0xFFC6,  0x008E, 0x0165, 0x0220, 0x02AB,
  0x0347, 0x03F2, 0x04A7, 0x0581,  0x064F, 0x072A, 0x07D2, 0x0858,
  0x08C0, 0x0908, 0x0936, 0x097A,  0x09AF, 0x09BF, 0x09D0, 0x09CB,
  0x09B1, 0x0997, 0x096A, 0x0920,  0x08D0, 0x0865, 0x07E4, 0x075D,
  0x06BE, 0x0629, 0x0599, 0x04F8,  0x0451, 0x03CB, 0x0335, 0x02C0,
  0x023A, 0x01AB, 0x0121, 0x00AF,  0x0041, 0xFFE0, 0xFF98, 0xFF3A,
  0xFED2, 0xFE77, 0xFE3D, 0xFE14,  0xFDFC, 0xFDEC, 0xFDD5, 0xFDCE,
  0xFDCF, 0xFDC3, 0xFDC5, 0xFDC3,  0xFDA8, 0xFD9C, 0xFD95, 0xFD9E,
  0xFD9E, 0xFD89, 0xFD67, 0xFD45,  0xFD2F, 0xFD1A, 0xFD0C, 0xFCF4,
  0xFCCC, 0xFCB5, 0xFC94, 0xFC80,  0xFC63, 0xFC58, 0xFC2E, 0xFC08,
  0xFBEE, 0xFBCF, 0xFBAC, 0xFB79,  0xFB56, 0xFB29, 0xFB1C, 0xFB2F,
  0xFB1F, 0xFB04, 0xFAF8, 0xFAF4,  0xFB03, 0xFB29, 0xFB60, 0xFB8B,
  0xFBC2, 0xFBE8, 0xFC19, 0xFC52,  0xFC99, 0xFCEC, 0xFD2C, 0xFD8A,
  0xFDE8, 0xFE49, 0xFEA2, 0xFEE3,  0xFF25, 0xFF88, 0xFFDF, 0x0024,
  0x007B, 0x00C1, 0x00F2, 0x0127,  0x016E, 0x01CD, 0x022C, 0x0273,
  0x02BA, 0x02FE, 0x033C, 0x0360,  0x03AC, 0x03DE, 0x041A, 0x0462,
  0x04AD, 0x04C0, 0x04CA, 0x04DB,  0x04E3, 0x04FF, 0x04FF, 0x04EA,
  0x04EF, 0x04E7, 0x04CD, 0x048D,  0x0495, 0x049C, 0x047D, 0x046D,
  0x0444, 0x0458, 0x0458, 0x0424,  0x0402, 0x039D, 0x0369, 0x033C,
  0x02FF, 0x0295, 0x023A, 0x0210,  0x0169, 0x0178, 0x0138, 0x0145,
  0x0191, 0x0170, 0x00B6, 0xFFCD,  0xFEFE, 0xFE1C, 0xFD20, 0xFCF2,
  0xFC45, 0xFC56, 0xFD19, 0xFE8D,  0xFEF5, 0xFDEF, 0xFDBB, 0xFAA0,
  0xFCD8, 0xFFAF, 0xFC8C, 0xFB24,  0xFE8A, 0x02A9, 0x036C, 0x00DF,
  0xFD57, 0xF12D, 0xF981, 0x0384,  0x03A2, 0x0025, 0xF8FD, 0x0EFC,
  0x093F, 0xF93B, 0x0468, 0x0C27,  0x0519, 0xF72D, 0xF031, 0xF4CC,
  0xF8B1, 0xF701, 0xF647, 0xF9D8,  0xFDC2, 0xFB88, 0xFA27, 0xFA61,
  0xFA55, 0xFA7D, 0xFC3C, 0xF9BA,  0xFF5D, 0xFD59, 0xF9A7, 0x03D9,
  0x025E, 0x059B, 0x0314, 0x099A,  0x0D8C, 0x04E0, 0x04BC, 0x0399,
  0x10DC, 0x017E, 0xFCF0, 0x08D8,  0x07D4, 0xFFF6, 0xFF10, 0x0176,
  0x01E7, 0x0655, 0xFAD9, 0x01E3,  0x04E0, 0xFC24, 0x01AA, 0x0077,
  0xFA18, 0x05A3, 0xF97F, 0xFA68,  0x0A16, 0xFB5F, 0xFB34, 0x06A2,
  0x01B9, 0xFCD3, 0xFFA4, 0x0456,  0xFE8F, 0xFFCE, 0xFF6C, 0xFD09,
  0x0130, 0xF655, 0x0422, 0xFFA7,  0xFB74, 0x0487, 0xFB48, 0x00B7,
  0xFC3D, 0xFB04, 0x0236, 0xFD37,  0xFB1B, 0xFB50, 0x0244, 0xFADD,
  0xFABB, 0x0125, 0xFC02, 0xFF1D,  0xFB35, 0xFCB4, 0x043F, 0xF7C5,
  0xFC09, 0x0275, 0xFF73, 0xFEF6,  0xF9B4, 0x08C4, 0xFE1F, 0xF7BB,
  0x060B, 0x0129, 0x0078, 0xFCFB,  0xFED3, 0x0420, 0xFACD, 0x0601,
  0xFD1A, 0xFEA0, 0x04CD, 0xFE5E,  0xFBA4, 0x0016, 0x045D, 0xFC5D,
  0x01D4, 0xFBE6, 0x06E7, 0xFAAA,  0x0377, 0x0064, 0x01C5, 0x03F4,
  0xFBBE, 0x095B, 0xFC35, 0x06DF,  0xFEA1, 0x0377, 0x03C1, 0x073C,
  0xFF65, 0x027B, 0x0B7B, 0xF93B,  0x0D3F, 0xFEC3, 0x01B5, 0x0418,
  0x0117, 0x08E1, 0xFBD9, 0x05EB,  0x018E, 0xFF19, 0x03CC, 0xFF37,
  0x0882, 0xFDEB, 0xF9E1, 0x0686,  0x01BE, 0xFABD, 0x02E5, 0xFD7E,
  0x0488, 0x0559, 0xF6CE, 0x08BA,  0xFF1C, 0xFCCD, 0xFEF7, 0x0450,
  0x004C, 0xFCC8, 0x00B6, 0x00F1,  0xFDFF, 0xFC62, 0x00C4, 0x00CD,
  0x003B, 0xFA11, 0x04EB, 0xFDBE,  0xFBEA, 0xFF2D, 0xFD5E, 0x01F9,
  0xFB69, 0xFBAA, 0x089C, 0xF17F,  0x0244, 0xFFDA, 0xFA56, 0x01A5,
  0xF9A0, 0x049B, 0xF9DA, 0xFFB7,  0x006E, 0xF9B1, 0xFBBF, 0x0873,
  0xF319, 0x056B, 0x0026, 0xF695,  0x0231, 0x015E, 0xFAD9, 0xFAA9,
  0x07C7, 0xF7B7, 0x007A, 0x00C8,  0xFC8E, 0xFFBF, 0x015A, 0xF9A4,
  0x07C0, 0xFA69, 0xFCD1, 0x03FB,  0xF933, 0x052B, 0x0151, 0xFE53,
  0xFEB9, 0x01C6, 0xFE9D, 0xFC3E,  0x0543, 0x00A3, 0xFA82, 0x07D4,
  0xFF5B, 0xFE67, 0xFE7A, 0x0380,  0xFF76, 0xFF90, 0x0447, 0xFF32,
  0x035D, 0x03A2, 0xFF12, 0xFFA5,  0x08CD, 0xF99A, 0x06B7, 0x04A8,
  0xF991, 0x08D4, 0x00DE, 0xFCAA,  0x06EA, 0x032B, 0x0350, 0x0594,
  0xFEBF, 0x035C, 0x027C, 0x0101,  0xFE88, 0x0375, 0x035F, 0x0099,
  0x02A8, 0xFD6E, 0x029F, 0x00F9,  0xFBB9, 0x06A9, 0x0313, 0xFBD3,
  0x04B3, 0xFFD3, 0xFF52, 0x029D,  0xFD4B, 0x0539, 0x0101, 0xFD22,
  0x03E9, 0xFE92, 0xFBCE, 0xFCE6,  0x039A, 0xFD97, 0xF924, 0x04DF,
  0x0081, 0xFAA5, 0xFC0C, 0x01CB,  0xFD3C, 0xFB52, 0xFF23, 0xFC62,
  0xFCA7, 0xFCCB, 0xFD80, 0xFD31,  0xFA65, 0xFDB2, 0xFDB5, 0xFB6B,
  0xFF17, 0x0008, 0xFC70, 0xF88B,  0xFD6E, 0xF9F0, 0x0074, 0xFEF2,
  0x022B, 0xFF82, 0xFD89, 0xFE49,  0xFDCF, 0x0734, 0x00CA, 0x01AD,
  0x021B, 0xFF74, 0xFC26, 0x04A1,  0xFD04, 0xFF0C, 0xFF5E, 0xFFFC,
  0x02FF, 0xFF1C, 0xFCFE, 0xFB98,  0x0065, 0x004B, 0x03DD, 0xFEB5,
  0x0004, 0xFDA4, 0x0229, 0x01F2,  0x014F, 0x01E0, 0x030E, 0x0130,
  0xFF4D, 0x0527, 0xFFDB, 0x0270,  0x0677, 0x03CD, 0xFFFA, 0x0165,
  0x00EE, 0x011E, 0x0395, 0x0537,  0x035A, 0x0573, 0x0154, 0xFFCB,
  0x0428, 0x0025, 0xFF23, 0x0310,  0x02B7, 0x020C, 0xFD99, 0xFD61,
  0x0186, 0xFD2D, 0x03D2, 0x0035,  0x0389, 0xFFEB, 0xFEE5, 0x00CE,
  0xFEBE, 0xFE34, 0x02C8, 0x0216,  0xFD9D, 0x063C, 0xFCEB, 0xFF2F,
  0xFF70, 0x0020, 0xFD5B, 0x01E8,  0xFFC0, 0xFE68, 0x028A, 0xFB3F,
  0xFE6B, 0xFE7F, 0xFFDF, 0xFD3A,  0xFE7B, 0xFF78, 0xFA65, 0xFDF1,
  0xFF02, 0xFC12, 0xFFE6, 0xFF36,  0xFD43, 0xFE43, 0x0052, 0xFD6A,
  0xFC9A, 0xFF05, 0xFC09, 0x0142,  0xFE85, 0xFB80, 0x020D, 0xFDDB,
  0xFE93, 0x0011, 0x0039, 0xFE34,  0x00C1, 0x0011, 0xFD17, 0x0288,
  0xFFAD, 0xFCAA, 0x01E6, 0xFF3A,  0x00D6, 0x0100, 0xFF9E, 0x0225,
  0xFF9B, 0x0205, 0xFEA3, 0x0421,  0x0040, 0x0110, 0x00D2, 0x02DE,
  0x00D8, 0x000C, 0x0467, 0xFD07,  0x0367, 0x0051, 0x023F, 0x041D,
  0xFFE1, 0x0202, 0xFFE8, 0x008E,  0x01C8, 0xFFEC, 0x01D0, 0xFFE0,
  0x001E, 0x00C3, 0x0133, 0xFE5C,  0x0192, 0xFFA2, 0xFE5F, 0x02E0,
  0xFF24, 0x024A, 0xFF97, 0xFF70,  0x019C, 0xFEE6, 0x0046, 0x008D,
  0xFF7A, 0x0229, 0xFCB1, 0x0199,  0xFE30, 0xFEFD, 0x02CC, 0xFD26,
  0x02B6, 0xFD9B, 0x00EB, 0xFE17,  0x0126, 0xFFD7, 0xFD9D, 0x012D,
  0xFEDA, 0xFE61, 0xFDBD, 0x00EB,  0xFEA8, 0x0170, 0xFEEC, 0xFE77,
  0x00E7, 0xFF2B, 0xFF10, 0x007B,  0xFFAB, 0xFEB9, 0xFF13, 0xFF34,
  0xFE65, 0xFEA9, 0xFDEF, 0x0074,  0xFFD7, 0xFF4D, 0xFF14, 0x003B,
  0xFFA5, 0xFE47, 0x003E, 0xFE99,  0x00F9, 0xFE6C, 0xFF65, 0xFF69,
  0xFEC3, 0xFFF4, 0xFFC8, 0xFDE0,  0x0118, 0xFE59, 0x00B0, 0x0095,
  0xFF0C, 0x0305, 0xFE58, 0x0158,  0x00BA, 0xFFE9, 0x0009, 0x0099,
  0x0044, 0x0193, 0x0090, 0x00CE,  0x00D9, 0x00AB, 0x00D0, 0x015B,
  0x014A, 0x0152, 0x01D3, 0x00FF,  0x0181, 0x00E3, 0x0120, 0x0110,
  0x0091, 0xFFAA, 0x01FA, 0xFF34,  0x006C, 0x00D6, 0x0002, 0x00FA,
  0x0071, 0x010C, 0x016C, 0x009A,  0x0131, 0xFFF8, 0xFFA6, 0x00C5,
  0xFFF4, 0x0097, 0x0050, 0x00BA,  0xFF87, 0x0024, 0xFF3C, 0x00AB,
  0xFF7C, 0x002A, 0xFFF8, 0xFED9,  0x0097, 0xFEB4, 0xFF1A, 0xFF80,
  0xFF68, 0xFF86, 0xFF33, 0xFF8B,  0xFFD4, 0xFED3, 0xFFA3, 0xFE52,
  0xFF7E, 0xFF85, 0xFEE1, 0x0043,  0xFEA2, 0x0023, 0xFF9D, 0xFEAF,
  0xFFA3, 0xFEA8, 0xFF5A, 0xFFD7,  0xFFCB, 0x0078, 0xFF70, 0xFF72,
  0xFF47, 0xFF3B, 0xFFA7, 0xFFB3,  0xFF81, 0xFF66, 0xFFB0, 0xFF4E,
  0xFFEB, 0xFF3E, 0xFF86, 0x0001,  0xFF99, 0xFFB9, 0xFFEF, 0x003E,
  0xFFA9, 0xFF87, 0xFFD3, 0xFFC4,  0x007A, 0x0043, 0xFFED, 0x0084,
  0x0027, 0x0080, 0xFFF9, 0x004B,  0x0097, 0x007D, 0x005E, 0x010B,
  0x0089, 0x0083, 0x00B8, 0xFFDD,  0x00D9, 0xFFF2, 0x00DC, 0x0145,
  0x0097, 0x0091, 0x00A2, 0x0016,  0x006A, 0x00A8, 0x0066, 0x00C1,
  0x0055, 0x0024, 0x004D, 0x0017,  0x0021, 0x0082, 0x0018, 0x0078,
  0x0052, 0x0067, 0x0096, 0x001C,  0x001B, 0x001B, 0x000A, 0x0030,
  0xFFEB, 0xFFF4, 0xFFEE, 0xFFB9,  0xFFD2, 0xFFBD, 0xFFE9, 0xFFFA,
  0x0022, 0xFFE7, 0xFFEF, 0xFFBD,  0xFF68, 0xFF6C, 0xFF90, 0xFFE9,
  0xFF99, 0xFFEA, 0x0002, 0xFF74,  0xFFC9, 0xFFA3, 0xFF8D, 0xFFFE,
  0xFFB0, 0xFFBC, 0x0026, 0xFFAE,  0xFFBB, 0xFFCB, 0xFFE1, 0xFFAA,
  0xFFE3, 0x0004, 0xFFE2, 0xFFFC,  0xFF91, 0xFFE2, 0xFFCC, 0xFF98,
  0xFFDB, 0xFF8C, 0xFFEC, 0xFF84,  0xFFC6, 0x0017, 0xFF99, 0x0029,
  0xFF87, 0xFFE3, 0xFFDF, 0xFFB9,  0xFFFD, 0xFFCD, 0xFFC6, 0x0026,
  0xFFF4, 0x0056, 0x009A, 0x000E,  0x005E, 0x000C, 0x0036, 0x005A,
  0x0023, 0x0028, 0x0003, 0x002D,  0x0056, 0x0053, 0x00A9, 0x0045,
  0x0069, 0x005C, 0x0065, 0x0060,  0x001A, 0x0036, 0x0084, 0x0035,
  0x001E, 0x004E, 0x0023, 0x0038,  0x0034, 0x0078, 0x001B, 0x001C,
  0xFFE1, 0xFFB4, 0xFFFA, 0x0083,  0xFFC4, 0x0030, 0x000B, 0xFFDC,
  0x0040, 0xFFB8, 0x000D, 0xFFD1,  0x0062, 0xFFEB, 0xFFEB, 0x0014,
  0xFFB7, 0xFFFB, 0x000D, 0x000B,  0xFFF4, 0xFFD9, 0xFFBE, 0xFFE9,
  0xFF9A, 0xFF84, 0xFFA9, 0xFFC8,  0x0014, 0xFF9B, 0x0000, 0xFFDB,
  0xFFB8, 0x0036, 0xFF89, 0x0005,  0xFFE7, 0xFFBE, 0xFFDB, 0xFFC1,
  0xFFC8, 0xFFE8, 0xFFC0, 0xFFC3,  0xFFE8, 0xFFDA, 0xFFF5, 0xFFBC,
  0x000A, 0xFFBD, 0xFFEB, 0x0026,  0xFFDB, 0xFFD9, 0x000A, 0xFFF9,
  0xFFDA, 0x0008, 0x0017, 0xFFE0,  0x0011, 0x0034, 0xFFF8, 0x005D,
  0x0015, 0xFFE4, 0x0029, 0x0025,  0x0006, 0x0052, 0x003F, 0x0025,
  0x0017, 0x0034, 0xFFFD, 0x0011,  0x0072, 0x0038, 0x0049, 0x0019,
  0x0059, 0x0030, 0x0030, 0x003D,  0x004C, 0x0066, 0x001A, 0x0014,
  0x000E, 0xFFEE, 0xFFAA, 0x0035,  0x0024, 0xFFF3, 0x0052, 0xFFC2,
  0x0047, 0x0052, 0xFFBF, 0x005D,  0xFFEF, 0xFFF6, 0xFFF7, 0xFFCB,
  0xFFCD, 0xFFC3, 0xFFFD, 0x0000,  0x0016, 0x0073, 0x0033, 0xFFFC,
  0x0014, 0xFFCF, 0xFFC9, 0xFFA0,  0xFF95, 0xFFB5, 0xFFAD, 0xFF9B,
  0xFFD5, 0xFFD9, 0xFFC7, 0xFFA8,  0xFF86, 0xFFA6, 0xFFC7, 0xFFF6,
  0xFFE9, 0xFFCB, 0xFFB0, 0xFFE4,  0xFFE6, 0xFFF6, 0xFFFF, 0xFFE8,
  0xFFF4, 0xFFC7, 0xFFD6, 0xFFC3,  0xFFCD, 0xFFCA, 0xFFCC, 0xFFE1,
  0xFFFA, 0xFFF4, 0x0006, 0x000B,  0xFFDB, 0xFFD5, 0xFFE5, 0xFFE8,
  0xFFE7, 0x0022, 0x0016, 0x001E,  0x0014, 0x0033, 0x0021, 0x0000,
  0x0009, 0x0025, 0x0030, 0x0018,  0x0027, 0x003E, 0x0023, 0x002F,
  0x000D, 0x0032, 0x0050, 0x002F,  0x0045, 0x001E, 0x000A, 0x0010,
  0xFFFF, 0x0029, 0x0051, 0x0037,  0x0053, 0x0038, 0x0028, 0x0018,
  0x002B, 0x0045, 0x0021, 0x0021,  0xFFF7, 0x002F, 0x0005, 0x0024,
  0x0026, 0x0022, 0x0044, 0x0039,  0x0043, 0x0020, 0x0008, 0x0004,
  0xFFED, 0xFFDE, 0x0006, 0x0017,  0x0062, 0x0042, 0x001D, 0x0025,
  0xFFFD, 0xFFD4, 0xFFD0, 0xFFEC,  0xFFD9, 0xFFF9, 0xFFE1, 0xFFD4,
  0xFFE4, 0xFFE6, 0xFFE4, 0xFFD9,  0xFFEE, 0xFFF6, 0xFFCC, 0xFFE6,
  0xFFAC, 0xFF73, 0xFF7C, 0xFFBC,  0x000B, 0x001D, 0x001B, 0xFFF7,
  0xFFE9, 0xFFE9, 0xFFAD, 0xFFC3,  0xFFCF, 0xFFD5, 0xFFCE, 0xFFA3,
  0xFFFB, 0xFFE7, 0xFFEC, 0xFFF4,  0x0006, 0x0028, 0x0011, 0x0005,
  0xFFC5, 0xFF54, 0xFF96, 0x0034,  0x0035, 0xFFEE, 0x0043, 0x0016,
  0x0045, 0x0031, 0xFFA0, 0x0033,  0xFFE1, 0xFFF4, 0xFFED, 0x002A,
  0x0000, 0x0006, 0x0077, 0x000D,  0x0031, 0x0035, 0x002E, 0x0031,
  0x0001, 0x0024, 0x000E, 0xFFC1,  0xFFDC, 0xFFED, 0x003C, 0x007F,
  0x001F, 0x0051, 0x002E, 0xFFE9,  0xFFF1, 0xFFF3, 0x001F, 0x0028,
  0x0036, 0x0074, 0x0030, 0x001A,  0x001A, 0x0005, 0x004C, 0x0002,
  0x0006, 0xFFB3, 0xFFDB, 0xFF63,  0x0027, 0x0037, 0xFFB2, 0x0055,
  0xFFE7, 0x004C, 0x0023, 0x0053,  0xFFCB, 0xFFB3, 0x0027, 0x0042,
  0xFFB2, 0xFF72, 0xFFBA, 0xFFDF,  0x005D, 0x0034, 0x0009, 0xFFED,
  0x0009, 0xFFE1, 0xFFE4, 0xFFE2,  0xFFCC, 0xFF9B, 0xFF92, 0x001A,
  0x0026, 0x0022, 0x004D, 0xFF8B,  0xFFB4, 0x001E, 0xFFE5, 0xFFF7,
  0xFFE4, 0xFFC2, 0xFFE8, 0x0040,  0xFFDF, 0xFFDD, 0x002A, 0x0073,
  0x002A, 0xFFBB, 0xFFE8, 0x0012,  0x0039, 0xFFE2, 0x0000, 0x0006,
  0xFFEB, 0xFFB7, 0xFFBA, 0x0021,  0x0085, 0x0053, 0xFFBA, 0xFFD7,
  0xFF8C, 0x007D, 0x001E, 0xFF97,  0x0021, 0xFFE3, 0x0068, 0xFFFF,
  0xFFFE, 0x0071, 0x0014, 0xFFF0,  0xFFF5, 0xFFED, 0xFFE3, 0x0022,
  0x003F, 0xFFFE, 0x0001, 0x0016,  0x0064, 0xFFDD, 0x003B, 0x0028,
  0x0014, 0x001D, 0xFFE1, 0x0030,  0xFFCF, 0xFFCD, 0xFFEA, 0x0019,
  0xFFE1, 0x003F, 0x0006, 0xFFEF,  0xFFC3, 0x0000, 0xFFD7, 0xFFEA,
  0xFFC7, 0xFFB1, 0x0057, 0xFFFF,  0xFFFC, 0xFFB0, 0xFFFF, 0xFFC9,
  0x0009, 0xFFDA, 0xFFDF, 0xFFCE,  0x0040, 0x0027, 0xFFDC, 0xFFEC,
  0xFFF3, 0x0031, 0x0009, 0x0028,  0xFFA5, 0x0014, 0xFFE1, 0x0010,
  0xFFB3, 0xFFCC, 0x0032, 0xFFE9,  0x0061, 0x0008, 0x0000, 0xFFDC,
  0x0019, 0x004C, 0xFFB8, 0x000A,  0xFFB2, 0x0010, 0xFFB7, 0xFF6A,
  0x002E, 0xFFF3, 0x0059, 0x0015,  0xFFD5, 0xFFC1, 0xFFDB, 0x002E,
  0x00AD, 0xFFFA, 0x0033, 0x013C,  0x0068, 0xFFF2, 0xFF84, 0xFF93,
  0xFFB0, 0xFF94, 0xFFA3, 0x0023,  0x005C, 0x0054, 0x0065, 0x0093,
  0x0093, 0xFF63, 0xFFC3, 0xFFE3,  0x0035, 0x0013, 0x0008, 0x001C,
  0xFF95, 0x007B, 0xFFA1, 0x0002,  0xFFEA, 0x0012, 0x005B, 0xFFBA,
  0x0016, 0xFFBE, 0x0025, 0xFFAE,  0xFFF5, 0xFFF4, 0xFFF4, 0x0024,
  0xFFC6, 0x0050, 0x001E, 0xFFDD,  0x0033, 0xFFF3, 0xFFF9, 0x0023,
  0xFFE7, 0x0055, 0xFFFA, 0xFFF8,  0x0037, 0xFFFD, 0xFFE4, 0x0047,
  0xFFB7, 0x0072, 0xFFB4, 0x0016,  0x0008, 0xFFFB, 0x005E, 0xFFAF,
  0x003F, 0xFFDE, 0xFFCF, 0x008A,  0xFFC6, 0xFFE6, 0x0098, 0xFEA1,
  0x016E, 0xFEE5, 0xFFF7, 0x006E,  0xFFDB, 0x0053, 0xFFF1, 0x0003,
  0xFFCC, 0x003F, 0xFF03, 0x0157,  0xFED0, 0x0048, 0xFFBE, 0xFFEA,
  0x0075, 0xFF96, 0x003B, 0xFFCF,  0xFFE1, 0x00A0, 0xFF85, 0x0085,
  0xFFC4, 0xFFA7, 0x00EA, 0xFEA1,  0x0144, 0xFF1E, 0x0012, 0x00AC,
  0xFF1A, 0x00D6, 0xFF9E, 0xFF92,  0x00D8, 0xFECD, 0x00F2, 0xFF57,
  0xFFEA, 0x0090, 0xFEE8, 0x0155,  0xFE53, 0x0103, 0xFF52, 0xFF60,
  0x00CE, 0xFE9B, 0x0109, 0xFFAA,  0xFF54, 0x0104, 0xFEB9, 0x0090,
  0x0007, 0xFF6B, 0x0151, 0xFF06,  0x0080, 0xFFBD, 0xFFA6, 0x00F1,
  0xFFA9, 0x008E, 0x0048, 0xFFFD,  0x00C3, 0xFDD9, 0xFFF4, 0x002B,
  0xFFD6, 0x0040, 0xFF3E, 0x005D,  0x0121, 0x00BF, 0x00EC, 0x01CC,
  0xFEE6, 0xFEA5, 0x0003, 0x0129,  0xFEE3, 0xFD0F, 0xFFC6, 0x0322,
  0x04A4, 0x047A, 0x02A5, 0x0085,  0x003F, 0x0086, 0x00A1, 0xFFC3,
  0xFF66, 0xFEFD, 0xFE46, 0xFE4C,  0xFE67, 0xFEF6, 0xFF8D, 0xFFC7,
  0xFFE9, 0xFE23, 0xFF2E, 0x0072,  0x016C, 0x00CB, 0xFF43, 0xFE86,
  0xFE22, 0xFF42, 0xFFE7, 0x00A3,  0xFFBA, 0xFF09, 0xFDAD, 0xFDFE,
  0xFEAB, 0xFFF0, 0x010D, 0x0156,  0x0275, 0x0238, 0x0276, 0x0303,
  0x0386, 0x03C2, 0x0317, 0x016D,  0x00DB, 0xFF88, 0xFE46, 0xFDD1,
  0xFDE5, 0xFEA3, 0xFEEE, 0xFEFE,  0xFEDF, 0xFEDF, 0xFEA6, 0xFE4A,
  0xFD4B, 0xFCB2, 0xFCEF, 0xFE7A,  0xFDFD, 0xFF25, 0xFF29, 0xFE66,
  0xFEB2, 0xFE59, 0xFE89, 0x00B1,  0x0194, 0x0144, 0x01DC, 0xFE39,
  0x0051, 0xFD91, 0xFD61, 0x025C,  0x0304, 0x0366, 0x00DF, 0x003A,
  0xFFD6, 0xFE8A, 0xFF30, 0x0246,  0x0332, 0x0422, 0x030F, 0x0151,
  0x012A, 0x0020, 0x003E, 0xFFD0,  0xFE8F, 0x0067, 0x00BA, 0x0117,
  0xFF69, 0xFC97, 0xFD1C, 0xFD01,  0xFF1A, 0x020D, 0x0135, 0xFFF1,
  0x0065, 0xFCA2, 0xFCDD, 0xFB0F,  0xFEE1, 0x0283, 0x01EF, 0x0250,
  0x00AA, 0xFFE2, 0xFF4B, 0x00B3,  0xFFD5, 0x0071, 0x0239, 0x03D2,
  0x024F, 0x0156, 0xFE57, 0xFFD2,  0xFDF8, 0x0206, 0x030C, 0xFF34,
  0x0025, 0xFF49, 0xFF7D, 0xFE01,  0xFE66, 0xFF54, 0x0007, 0xFDAE,
  0x022F, 0xFFD8, 0xFDE4, 0xFC84,  0xFF35, 0xFDB0, 0xFF1D, 0x0194,
  0x011B, 0x0312, 0x0070, 0x019B,  0xFEB2, 0xFEAE, 0x00BF, 0x0311,
  0xFFF4, 0x01CC, 0x006C, 0x011D,  0xFF87, 0x0099, 0x0112, 0xFF27,
  0x02EE, 0x039A, 0xFFC1, 0xFFEE,  0x007A, 0xFEB8, 0x02CC, 0xFD05,
  0x0437, 0x0074, 0x010D, 0x0216,  0x013C, 0xFF14, 0xFEAA, 0x02EF,
  0x0077, 0x0528, 0x003C, 0x024F,  0x0088, 0x0238, 0xFF3C, 0x02DB,
  0x001B, 0xFE90, 0x02AF, 0xFF83,  0x0169, 0xFEF5, 0xFEFB, 0xFEBC,
  0x0050, 0xFE57, 0xFE9D, 0xFCE8,  0xFCC4, 0xFE1F, 0xFE41, 0xFBE5,
  0xFC7A, 0xFC70, 0xFDE4, 0xFCD1,  0xFCBE, 0xFC2C, 0xFBD0, 0xFD4F,
  0xFC75, 0xFDA0, 0xFAC2, 0xFD55,  0xFC31, 0xFDA9, 0xFCDD, 0xFD8C,
  0xFD39, 0xFE39, 0xFEE2, 0xFE19,  0xFF3D, 0xFE14, 0x0017, 0xFEFE,
  0xFFB3, 0xFF61, 0x00A5, 0x0051,  0x00F0, 0x0123, 0x0031, 0x0082,
  0x0074, 0x017C, 0x029A, 0x01FB,  0x01A7, 0x02BF, 0x01DC, 0x02AE,
  0x0324, 0x0316, 0x04FD, 0x0584,  0x055E, 0x061D, 0x04D7, 0x05B1,
  0x0687, 0x069E, 0x078D, 0x07DE,  0x08A8, 0x096D, 0x08F3, 0x089B,
  0x08CD, 0x07FD, 0x09BF, 0x09E6,  0x097D, 0x098C, 0x086A, 0x07E5,
  0x0827, 0x07B1, 0x06FF, 0x05E3,  0x04E2, 0x0587, 0x03DD, 0x0302,
  0x00A4, 0xFF72, 0xFDBD, 0xFC20,  0xF9EE, 0xF8D4, 0xF75D, 0xF581,
  0xF49F, 0xF246, 0xF188, 0xED52,  0xEB70, 0xE7CF, 0xE5FF, 0xE657,
  0xE514, 0xE442, 0xE349, 0xE084,  0xDF96, 0xDDE4, 0xDE2B, 0xDFAE,
  0xE1FC, 0xE47D, 0xE7EF, 0xEC1F,  0xEFBE, 0xF57D, 0xF788, 0xFE61,
  0x0146, 0x083A, 0x0D56, 0x0FFA,  0x1540, 0x1842, 0x1B0F, 0x1D71,
  0x1DF6, 0x1FEB, 0x21FE, 0x2287,  0x2456, 0x23D1, 0x21E0, 0x1EB0,
  0x1D6C, 0x1A4F, 0x1909, 0x13C8,  0x10CC, 0x0DDB, 0x0B32, 0x08E3,
  0x04D5, 0x00AF, 0xFED5, 0xFFD1,  0x001F, 0x0035, 0xFE82, 0xFE82,
  0xFEDB, 0x0112, 0x03D8, 0x05DF,  0x0702, 0x0A66, 0x0E71, 0x0F2C,
  0x0F30, 0x0EBA, 0x0E70, 0x108E,  0x0FD3, 0x0F4F, 0x0AA1, 0x076C,
  0x047C, 0x032C, 0xFF01, 0xF8A9,  0xF4AD, 0xF170, 0xEEC0, 0xE9AD,
  0xE4D0, 0xDF65, 0xDDF6, 0xDBFA,  0xD93C, 0xD506, 0xD2A0, 0xD102,
  0xD2B3, 0xD0D6, 0xD04F, 0xCE12,  0xCF12, 0xCFD2, 0xD3AE, 0xD89D,
  0xDD64, 0xE314, 0xE8D5, 0xF57F,  0xF9D8, 0x0040, 0x01F5, 0x0B58,
  0x11B4, 0x189E, 0x1E84, 0x1FC6,  0x2597, 0x267C, 0x2978, 0x299E,
  0x2878, 0x2861, 0x297B, 0x28D1,  0x2642, 0x2263, 0x1C36, 0x17ED,
  0x1464, 0x11BA, 0x0F36, 0x08B6,  0x04EC, 0x0175, 0xFDFC, 0xFACA,
  0xF829, 0xF662, 0xF860, 0xFA17,  0xFB07, 0xFBC6, 0xF992, 0xFCAD,
  0x00A9, 0x06B4, 0x0B3A, 0x0F1A,  0x11BD, 0x1570, 0x1813, 0x1787,
  0x194B, 0x18B7, 0x1B55, 0x1D70,  0x1B70, 0x1755, 0x10EE, 0x0CC0,
  0x0A0D, 0x071E, 0x016E, 0xFCE6,  0xF699, 0xF0EF, 0xEBFA, 0xE4F7,
  0xE028, 0xDAF5, 0xD88C, 0xD760,  0xD57D, 0xD172, 0xCFB9, 0xCDE9,
  0xCF3F, 0xD0F5, 0xD1AA, 0xD13C,  0xD1F4, 0xD207, 0xD3BE, 0xD5AA,
  0xDA2A, 0xDF06, 0xE52F, 0xEF6C,  0xF797, 0x027C, 0x03B5, 0x099B,
  0x0DB0, 0x163E, 0x1DEB, 0x20D7,  0x2738, 0x2854, 0x2BDB, 0x2C2E,
  0x2BD2, 0x2993, 0x2766, 0x27D6,  0x27A3, 0x2590, 0x1FE7, 0x1B73,
  0x15AA, 0x117A, 0x0E20, 0x098E,  0x066A, 0x01F1, 0xFF73, 0xFCF5,
  0xF851, 0xF429, 0xF3F0, 0xF37E,  0xF5A1, 0xF761, 0xF757, 0xF84E,
  0xF8D6, 0xFCEA, 0x02F5, 0x07D3,  0x0C79, 0x1260, 0x1626, 0x180F,
  0x1A66, 0x18D7, 0x1AC5, 0x1C69,  0x1D16, 0x1CFB, 0x1993, 0x1524,
  0x1084, 0x0B65, 0x0790, 0x03CA,  0xFE5A, 0xF87A, 0xF357, 0xED44,
  0xE6A9, 0xDFA7, 0xD881, 0xD8FF,  0xD613, 0xD59E, 0xD250, 0xCCF2,
  0xCB3D, 0xCC93, 0xCDC2, 0xD06C,  0xD06C, 0xD0EF, 0xD338, 0xD300,
  0xD360, 0xD5AD, 0xD97C, 0xE0D9,  0xEC76, 0xF6F4, 0x0210, 0x04C1,
  0x0A22, 0x0E96, 0x157F, 0x1D33,  0x2499, 0x2B6D, 0x2E68, 0x30EF,
  0x31D4, 0x3067, 0x2E21, 0x2DBB,  0x2E2C, 0x2E38, 0x2BEC, 0x2751,
  0x2080, 0x1A1A, 0x13EF, 0x117C,  0x0CDA, 0x06A9, 0x027F, 0xFD84,
  0xF959, 0xF4EE, 0xF1B8, 0xEE66,  0xED43, 0xEF0B, 0xF09C, 0xF332,
  0xF0FB, 0xF1D6, 0xF5FF, 0xFBD6,  0x0228, 0x07E8, 0x0CB6, 0x117D,
  0x155B, 0x19F0, 0x1C99, 0x1BC0,  0x1CA3, 0x1E05, 0x1EB7, 0x1D26,
  0x1B1B, 0x1610, 0x12F2, 0x0D23,  0x0725, 0x032E, 0xFBFE, 0xF768,
  0xF2C7, 0xED02, 0xE58D, 0xDDF0,  0xD875, 0xD367, 0xD2B7, 0xD0B3,
  0xCF71, 0xCABD, 0xCAFF, 0xCAB9,  0xCB61, 0xCA6F, 0xCB15, 0xCF0F,
  0xD040, 0xD2B7, 0xD370, 0xDA2E,  0xDDD1, 0xE54D, 0xEE01, 0xFE7C,
  0x024F, 0x0835, 0x0E79, 0x1281,  0x1CC8, 0x1E93, 0x2A07, 0x2D20,
  0x2FAF, 0x3229, 0x33A9, 0x32F9,  0x2EB5, 0x2FFB, 0x3033, 0x3171,
  0x2CF6, 0x28BB, 0x23F6, 0x1968,  0x15CD, 0x1152, 0x0D0B, 0x0817,
  0x018D, 0xFE21, 0xF8D5, 0xF272,  0xEFD1, 0xEE46, 0xED4F, 0xEDD9,
  0xEEC4, 0xEF46, 0xEE74, 0xEF6C,  0xF382, 0xF875, 0xFEF5, 0x03DF,
  0x0970, 0x0CAC, 0x100D, 0x149D,  0x1626, 0x1977, 0x1A09, 0x1D0C,
  0x1CA6, 0x1BCF, 0x1756, 0x14B4,  0x1180, 0x0DD9, 0x0B63, 0x04FA,
  0x003C, 0xFA2B, 0xF458, 0xEEB4,  0xE816, 0xE1CE, 0xDE15, 0xDA5E,
  0xD6B9, 0xD2C8, 0xD08E, 0xCE0D,  0xCE76, 0xCE55, 0xCFCC, 0xD00B,
  0xD0F5, 0xD28A, 0xD4F2, 0xD4D7,  0xD769, 0xDA9E, 0xE1CB, 0xE896,
  0xEC7A, 0xF9C9, 0x011A, 0x04F2,  0x061F, 0x0E1D, 0x1638, 0x1B83,
  0x1E8E, 0x2492, 0x2966, 0x287E,  0x2BEE, 0x2CCC, 0x2A65, 0x2A00,
  0x2C1A, 0x30A1, 0x2D89, 0x2698,  0x2495, 0x2188, 0x1C1B, 0x173A,
  0x1509, 0x0F4F, 0x0948, 0x04A8,  0x0267, 0xFB02, 0xF3B2, 0xF1AA,
  0xF26A, 0xF12F, 0xEE92, 0xED2E,  0xEC3E, 0xEBA8, 0xED5B, 0xF17A,
  0xF479, 0xF5BB, 0xFA7E, 0x00B9,  0x033A, 0x04BC, 0x07EA, 0x0CEF,
  0x0F97, 0x130F, 0x14A8, 0x1702,  0x142A, 0x12E4, 0x1376, 0x118F,
  0x0E69, 0x0B61, 0x08D9, 0x0419,  0xFFC7, 0xFB1D, 0xF688, 0xF171,
  0xEE37, 0xED21, 0xE964, 0xE649,  0xE52C, 0xE296, 0xE221, 0xE054,
  0xE148, 0xE092, 0xE00A, 0xE11E,  0xE154, 0xE13D, 0xE1A7, 0xE0D2,
  0xE587, 0xE7EB, 0xE8B3, 0xF0C6,  0xF355, 0xF713, 0xF868, 0xFB0C,
  0xFFE8, 0x0299, 0x05C9, 0x086A,  0x0CB5, 0x0EE8, 0x0E97, 0x124E,
  0x14D2, 0x14B9, 0x172C, 0x1B09,  0x1C45, 0x1D47, 0x1D57, 0x1CB8,
  0x1B78, 0x1A80, 0x1A9E, 0x181B,  0x1693, 0x1316, 0x11DD, 0x0FC9,
  0x0AB4, 0x083E, 0x06CF, 0x0508,  0x0423, 0x01D7, 0xFFC6, 0xFEF8,
  0xFDBD, 0xFDEB, 0xFB89, 0xFBDE,  0xFD79, 0xFCCD, 0xFCD3, 0xFBF1,
  0xFD83, 0xFB36, 0xFC89, 0xFEC3,  0xFD9E, 0xFDB3, 0xFB8F, 0xFEAD,
  0xFED1, 0xFB88, 0xFBBE, 0xFECE,  0xFCCA, 0xFCC4, 0xFDCA, 0xFB33,
  0xFA5F, 0xFB22, 0xFB9E, 0xFA18,  0xFA74, 0xF98A, 0xFA86, 0xFA8D,
  0xFA20, 0xF989, 0xF8F7, 0xFA53,  0xFABF, 0xF9BA, 0xF9F3, 0xFA72,
  0xFA64, 0xFA9C, 0xF995, 0xF9CD,  0xF92E, 0xF861, 0xF93E, 0xF9DB,
  0xF8FA, 0xF876, 0xF86A, 0xF84C,  0xF821, 0xF6F7, 0xF794, 0xF8C9,
  0xF87F, 0xF848, 0xF963, 0xFB0E,  0xFB15, 0xFBF1, 0xFD8F, 0xFE41,
  0xFEE3, 0xFF97, 0x0091, 0x00FC,  0x0139, 0x01D7, 0x0374, 0x0497,
  0x050A, 0x0649, 0x0685, 0x0749,  0x0860, 0x0934, 0x09C9, 0x0AAC,
  0x0B9E, 0x0CDE, 0x0D0F, 0x0D74,  0x0E07, 0x0E36, 0x0E9A, 0x0DB9,
  0x0E3E, 0x0D4D, 0x0D20, 0x0CA3,  0x0C50, 0x0B83, 0x09A2, 0x092B,
  0x08CF, 0x07D5, 0x0652, 0x06B2,  0x05DA, 0x050E, 0x0452, 0x032D,
  0x0281, 0x01AF, 0x00F8, 0x0008,  0xFF24, 0xFE7E, 0xFE0E, 0xFD26,
  0xFC83, 0xFC09, 0xFB8D, 0xFB2D,  0xFAC7, 0xFA95, 0xFA23, 0xFA02,
  0xF965, 0xF92F, 0xF937, 0xF8AE,  0xF882, 0xF822, 0xF804, 0xF794,
  0xF7A1, 0xF74D, 0xF6B4, 0xF6B8,  0xF66C, 0xF60E, 0xF5DC, 0xF5D6,
  0xF597, 0xF573, 0xF5C8, 0xF560,  0xF52D, 0xF523, 0xF4EF, 0xF56D,
  0xF57A, 0xF5AE, 0xF61E, 0xF6B4,  0xF77C, 0xF82A, 0xF8CC, 0xF980,
  0xFA57, 0xFB6C, 0xFC87, 0xFD65,  0xFE7A, 0xFFB4, 0x00BD, 0x01C1,
  0x02A8, 0x03BD, 0x04E1, 0x05F5,  0x070F, 0x07D9, 0x08EA, 0x09DE,
  0x0A5F, 0x0B2D, 0x0B83, 0x0BEA,  0x0C9E, 0x0CBC, 0x0D10, 0x0D4D,
  0x0D73, 0x0D47, 0x0D3A, 0x0D3C,  0x0C8C, 0x0C5B, 0x0C06, 0x0B64,
  0x0AD7, 0x0A0F, 0x094E, 0x0887,  0x0807, 0x070E, 0x0634, 0x0572,
  0x04A3, 0x03B4, 0x02F2, 0x0216,  0x0120, 0x0083, 0xFFA1, 0xFECE,
  0xFE16, 0xFD83, 0xFCCC, 0xFC33,  0xFBCE, 0xFB65, 0xFAF8, 0xFAA2,
  0xFA78, 0xFA36, 0xFA44, 0xFA30,  0xF9ED, 0xFA2F, 0xFA17, 0xFA35,
  0xFA22, 0xFA54, 0xFA59, 0xFA26,  0xFA2B, 0xFA0A, 0xFA0E, 0xF9D3,
  0xF984, 0xF966, 0xF944, 0xF8DB,  0xF8A3, 0xF82F, 0xF7EE, 0xF7A5,
  0xF767, 0xF740, 0xF75F, 0xF716,  0xF700, 0xF73D, 0xF733, 0xF7AB,
  0xF814, 0xF8B6, 0xF928, 0xF9E8,  0xFA8B, 0xFB4D, 0xFC49, 0xFD09,
  0xFE16, 0xFF13, 0x0009, 0x0142,  0x0247, 0x0312, 0x0421, 0x0522,
  0x05F1, 0x06BB, 0x0794, 0x084F,  0x08EF, 0x0974, 0x09E7, 0x0A68,
  0x0ACA, 0x0B0A, 0x0B35, 0x0B26,  0x0B22, 0x0AF9, 0x0ACA, 0x0A77,
  0x0A20, 0x09A2, 0x092D, 0x08A4,  0x0808, 0x075B, 0x0690, 0x0606,
  0x054C, 0x0489, 0x03D9, 0x0333,  0x02AA, 0x01F1, 0x0162, 0x00BA,
  0x004E, 0xFFC9, 0xFF6B, 0xFF20,  0xFEBB, 0xFE66, 0xFE23, 0xFDF6,
  0xFDB3, 0xFD9C, 0xFD57, 0xFD4C,  0xFD05, 0xFD00, 0xFCDF, 0xFC84,
  0xFC66, 0xFC3F, 0xFC28, 0xFBFA,  0xFBEE, 0xFBC6, 0xFBAC, 0xFB93,
  0xFB63, 0xFB5B, 0xFB4E, 0xFB47,  0xFB2A, 0xFB2F, 0xFB0B, 0xFAEB,
  0xFAC4, 0xFA99, 0xFA8C, 0xFA67,  0xFA5C, 0xFA3A, 0xFA2D, 0xFA0B,
  0xFA0F, 0xFA19, 0xFA34, 0xFA5F,  0xFA98, 0xFAE5, 0xFB38, 0xFB97,
  0xFBEF, 0xFC5F, 0xFCEF, 0xFD89,  0xFE19, 0xFEAE, 0xFF57, 0xFFEA,
  0x008B, 0x0132, 0x01C6, 0x0254,  0x02D7, 0x0362, 0x03DD, 0x043F,
  0x049C, 0x04EF, 0x052E, 0x0564,  0x0586, 0x05A8, 0x05BC, 0x05BD,
  0x05C7, 0x05A8, 0x059B, 0x057D,  0x0575, 0x0546, 0x052D, 0x0524,
  0x04FA, 0x04C9, 0x0492, 0x046D,  0x0424, 0x03E7, 0x03BB, 0x0385,
  0x0338, 0x02F4, 0x02AE, 0x0260,  0x0200, 0x01B4, 0x0178, 0x0129,
  0x00EB, 0x00B1, 0x0068, 0x001A,  0xFFE6, 0xFFBA, 0xFF7A, 0xFF52,
  0xFF2A, 0xFF0F, 0xFEE5, 0xFEC2,  0xFE9A, 0xFE78, 0xFE5B, 0xFE28,
  0xFE0E, 0xFDF3, 0xFDC0, 0xFDA1,  0xFD70, 0xFD55, 0xFD47, 0xFD23,
  0xFD11, 0xFD02, 0xFCF2, 0xFCE7,  0xFCE5, 0xFCE9, 0xFCDE, 0xFCF8,
  0xFCFE, 0xFD04, 0xFD17, 0xFD3A,  0xFD35, 0xFD42, 0xFD6C, 0xFD6C,
  0xFD84, 0xFDA6, 0xFDB5, 0xFDCB,  0xFDE2, 0xFDEE, 0xFDFA, 0xFE31,
  0xFE39, 0xFE57, 0xFE8E, 0xFE95,  0xFEAE, 0xFED0, 0xFEF9, 0xFF1A,
  0xFF4C, 0xFF77, 0xFFA8, 0xFFC1,  0xFFF1, 0x0020, 0x0058, 0x00A6,
  0x00D7, 0x012E, 0x0167, 0x0192,  0x01C2, 0x0202, 0x0246, 0x0280,
  0x02AA, 0x02D1, 0x02FB, 0x030B,  0x0339, 0x0347, 0x0356, 0x036F,
  0x037C, 0x0382, 0x0379, 0x036B,  0x0352, 0x0334, 0x0311, 0x02F1,
  0x02CF, 0x028D, 0x0258, 0x0228,  0x01DD, 0x0196, 0x015B, 0x0112,
  0x00DA, 0x009C, 0x005E, 0x001E,  0xFFD9, 0xFF9F, 0xFF70, 0xFF4D,
  0xFF28, 0xFF07, 0xFEE2, 0xFECC,  0xFEBB, 0xFE9D, 0xFE98, 0xFE92,
  0xFE85, 0xFE89, 0xFE8D, 0xFE8E,  0xFE8C, 0xFE98, 0xFEA3, 0xFEAA,
  0xFEBB, 0xFECC, 0xFED6, 0xFEE4,  0xFEFB, 0xFF0D, 0xFF16, 0xFF21,
  0xFF2D, 0xFF3C, 0xFF4C, 0xFF47,  0xFF3F, 0xFF3D, 0xFF2D, 0xFF20,
  0xFF18, 0xFF0C, 0xFEFA, 0xFEE6,  0xFED6, 0xFECC, 0xFEAB, 0xFEA9,
  0xFE9C, 0xFE9A, 0xFE9F, 0xFEA7,  0xFEAE, 0xFEB5, 0xFEC1, 0xFEDF,
  0xFEF9, 0xFF1E, 0xFF45, 0xFF65,  0xFF8E, 0xFFB2, 0xFFDB, 0x0007,
  0x0035, 0x0059, 0x008C, 0x00B4,  0x00DA, 0x00FA, 0x0118, 0x0130,
  0x014E, 0x0166, 0x0181, 0x0190,  0x0190, 0x0198, 0x01A7, 0x01A4,
  0x01A9, 0x01A8, 0x01A9, 0x0194,  0x0189, 0x0186, 0x016C, 0x0161,
  0x014A, 0x0143, 0x0132, 0x0126,  0x010C, 0x00FF, 0x00EA, 0x00DA,
  0x00C9, 0x00BB, 0x00A8, 0x0092,  0x0082, 0x006E, 0x005C, 0x0044,
  0x0038, 0x0020, 0x0018, 0xFFFE,  0xFFEE, 0xFFDD, 0xFFCA, 0xFFBF,
  0xFFB1, 0xFFA3, 0xFF98, 0xFF8F,  0xFF81, 0xFF75, 0xFF64, 0xFF5A,
  0xFF49, 0xFF4C, 0xFF36, 0xFF34,  0xFF1D, 0xFF13, 0xFF0D, 0xFEFF,
  0xFEF9, 0xFEEE, 0xFEE9, 0xFEE3,  0xFEE6, 0xFEDA, 0xFEE2, 0xFEE0,
  0xFEEC, 0xFEF2, 0xFEFF, 0xFF0A,  0xFF12, 0xFF1C, 0xFF32, 0xFF3B,
  0xFF4C, 0xFF5F, 0xFF72, 0xFF7A,  0xFF8F, 0xFF9E, 0xFFAB, 0xFFBC,
  0xFFCE, 0xFFDB, 0xFFEE, 0xFFFC,  0x0002, 0x0017, 0x001D, 0x002A,
  0x0035, 0x0041, 0x0054, 0x0052,  0x0061, 0x0068, 0x0072, 0x007A,
  0x0086, 0x0089, 0x0096, 0x009C,  0x00A7, 0x00A5, 0x00A8, 0x00AC,
  0x00B2, 0x00B6, 0x00AE, 0x00CE,  0x00C9, 0x00C1, 0x00C4, 0x00B6,
  0x00C2, 0x00C0, 0x00B2, 0x00B2,  0x009F, 0x0099, 0x009A, 0x0091,
  0x0087, 0x007A, 0x0073, 0x0066,  0x005B, 0x0052, 0x003F, 0x0033,
  0x0026, 0x001B, 0x000A, 0x0001,  0xFFED, 0xFFE8, 0xFFDD, 0xFFD4,
  0xFFC6, 0xFFC2, 0xFFB9, 0xFFAD,  0xFFA7, 0xFFA7, 0xFFA1, 0xFFA0,
  0xFF9B, 0xFF98, 0xFF9B, 0xFF91,  0xFF90, 0xFF93, 0xFF94, 0xFF97,
  0xFF97, 0xFF98, 0xFF98, 0xFF9B,  0xFF9F, 0xFFA6, 0xFFA7, 0xFFAC,
  0xFFAF, 0xFFB1, 0xFFB7, 0xFFBA,  0xFFBB, 0xFFBD, 0xFFC4, 0xFFC8,
  0xFFC7, 0xFFCD, 0xFFCF, 0xFFD3,  0xFFD4, 0xFFDB, 0xFFDE, 0xFFE0,
  0xFFE8, 0xFFE7, 0xFFEF, 0xFFF0,  0xFFF6, 0xFFFA, 0xFFFC, 0x0003,
  0x0002, 0x000A, 0x000B, 0x0011,  0x0014, 0x001A, 0x001D, 0x0021,
  0x0028, 0x0028, 0x002F, 0x002F,  0x0036, 0x0038, 0x003A, 0x003C,
  0x003F, 0x003E, 0x0043, 0x0041,  0x0042, 0x0040, 0x0042, 0x003E,
  0x003F, 0x003C, 0x003A, 0x003A,  0x0039, 0x0036, 0x0034, 0x0030,
  0x002E, 0x0028, 0x002A, 0x0020,  0x0023, 0x0019, 0x001C, 0x0012,
  0x0016, 0x000B, 0x000E, 0x0009,  0x0007, 0x0007, 0x0003, 0x0002,
  0x0003, 0xFFFE, 0x0002, 0xFFFF,  0xFFFF, 0x0002, 0xFFFF, 0x0000,
  0x0002, 0xFFFD, 0x0004, 0xFFFE,  0x0001, 0x0001, 0xFFFB, 0xFFFF,
  0xFFFA, 0xFFF7, 0xFFF4, 0xFFF5,  0xFFED, 0xFFEE, 0xFFE9, 0xFFE4,
  0xFFE6, 0xFFDC, 0xFFE0, 0xFFD8,  0xFFDA, 0xFFD5, 0xFFD6, 0xFFD4,
  0xFFD4, 0xFFD0, 0xFFD5, 0xFFD3,  0xFFD6, 0xFFD7, 0xFFDA, 0xFFDB,
  0xFFDD, 0xFFDD, 0xFFDF, 0xFFE2,  0xFFE3, 0xFFE5, 0xFFE3, 0xFFE9,
  0xFFE5, 0xFFE6, 0xFFEA, 0xFFE8,  0xFFE7, 0xFFED, 0xFFE8, 0xFFF0,
  0xFFE8, 0xFFF0, 0xFFEB, 0xFFF1,  0xFFEE, 0xFFF1, 0xFFF7, 0xFFF4,
  0xFFFD, 0xFFF9, 0x0002, 0x0004,  0x0005, 0x0009, 0x000D, 0x0015,
  0x0014, 0x0019, 0x001F, 0x001D,  0x0028, 0x002C, 0x002A, 0x0030,
  0x002B, 0x0034, 0x0033, 0x0039,  0x0034, 0x0032, 0x003A, 0x003A,
  0x0028, 0x0033, 0x0035, 0x0035,  0x002A, 0x002C, 0x0031, 0x002A,
  0x0024, 0x0020, 0x001F, 0x001B,  0x0018, 0x0014, 0x0014, 0x0012,
  0x001C, 0x000F, 0x0009, 0x0014,  0x0010, 0xFFF8, 0x0011, 0x0001,
  0x0002, 0x0003, 0x001B, 0x0007,  0xFFFE, 0x0015, 0x0001, 0x0013,
  0x0001, 0x0002, 0x0002, 0x001B,  0x000C, 0xFFF7, 0x0007, 0x001C,
  0xFFFD, 0xFFE7, 0x0006, 0x001A,  0xFFD4, 0xFFCD, 0x001A, 0xFFE7,
  0xFFC9, 0xFFC5, 0xFFF4, 0xFFE8,  0xFFB8, 0xFF9A, 0xFFDC, 0xFFCD,
  0xFF68, 0xFF86, 0xFFAF, 0xFF7E,  0xFF57, 0xFF6C, 0xFF7F, 0xFF53,
  0xFF37, 0xFF5E, 0xFF4C, 0xFF4E,  0xFF28, 0xFF40, 0xFF2D, 0xFF47,
  0xFF4C, 0xFF2A, 0xFF5C, 0xFF6A,  0xFF6C, 0xFF5F, 0xFF97, 0xFF80,
  0xFF95, 0xFFC8, 0xFFDD, 0xFFE0,  0x0025, 0x0049, 0x0065, 0x0067,
  0x00BF, 0x00DA, 0x00BA, 0x0113,  0x0125, 0x0130, 0x0161, 0x0180,
  0x019C, 0x01C3, 0x0197, 0x01CE,  0x019F, 0x0184, 0x0190, 0x01A4,
  0x0133, 0x0150, 0x0140, 0x00DB,  0x00CC, 0x0062, 0x0048, 0xFFE8,
  0xFFD4, 0xFF94, 0xFF59, 0xFEFF,  0xFF0B, 0xFEB2, 0xFED8, 0xFE9E,
  0xFEA5, 0xFE21, 0xFED3, 0xFE84,  0xFDD7, 0xFE7B, 0xFE97, 0xFECC,
  0xFE80, 0xFF2C, 0xFEFB, 0x0008,  0x0004, 0xFFDF, 0x00BC, 0x00DA,
  0x01E0, 0x023C, 0x016E, 0x02F1,  0x0210, 0x01AE, 0x0221, 0x01DF,
  0x024F, 0x0292, 0x013A, 0x0171,  0x01E8, 0x00BD, 0x0143, 0x002D,
  0x00DF, 0x0074, 0x0083, 0xFFE4,  0xFEB7, 0xFF44, 0xFEA5, 0xFDBA,
  0xFE49, 0xFE5D, 0xFDEB, 0xFCFE,  0xFB5F, 0xFB72, 0xFAF7, 0xFA33,
  0xFD8D, 0xFD10, 0xFEEE, 0xFBE1,  0xFC41, 0xFE42, 0xFEBC, 0xFF5B,
  0xF94F, 0xFB2B, 0xF958, 0xFEEF,  0xFF19, 0xFFBA, 0x0296, 0x0226,
  0x0216, 0xFA08, 0xFDDC, 0x059E,  0x0A93, 0x08D5, 0x01A2, 0x047C,
  0x079E, 0x0CFF, 0x0A97, 0x05E6,  0x0B47, 0x0EE7, 0x0B2B, 0x0678,
  0x0299, 0x0390, 0x03B6, 0x0AAE,  0x0DE6, 0x014E, 0x000D, 0xFC07,
  0xFAD1, 0xF9BB, 0xFA63, 0x0D7A,  0x127C, 0x0B4E, 0x09A1, 0x0A77,
  0x0CF9, 0xE809, 0xEC64, 0x030E,  0x12FD, 0xFA8D, 0xE238, 0xFE27,
  0x01DA, 0xFF65, 0xEA74, 0x05FE,  0x04FD, 0xFC12, 0xFDC1, 0xE645,
  0xF4AA, 0xEF7E, 0xEFFA, 0xEDBE,  0xF4B3, 0x0E54, 0xEDEA, 0xEAD3,
  0xF035, 0xEBA7, 0x03ED, 0xF923,  0xFF02, 0x04D8, 0xFD84, 0x08D7,
  0xED0F, 0xF8B3, 0xF52D, 0x008F,  0x1187, 0xFE8B, 0x0B51, 0xFF37,
  0x0A67, 0xF775, 0x0424, 0x0813,  0x06C9, 0x0B33, 0xFBCF, 0x0792,
  0xFA67, 0xFCD0, 0x0041, 0xFEDF,  0x0514, 0x0B0C, 0x0529, 0x0415,
  0xFA02, 0x0332, 0xFDD6, 0xF459,  0x0D1A, 0x01EB, 0x04E2, 0xF959,
  0xFC4F, 0x0923, 0x00BC, 0x003A,  0xFA31, 0xFAFE, 0x029B, 0x0D91,
  0xFA97, 0xEF6E, 0xF49C, 0x0FA3,  0x0857, 0xF6D6, 0xFCA4, 0xFFEA,
  0x1293, 0x0017, 0xF449, 0x07D5,  0x0E92, 0x00F3, 0xFCAF, 0x02A6,
  0x13D3, 0x074A, 0xF9D1, 0xFE7B,  0x06F5, 0x122C, 0xFED2, 0xFCBF,
  0xFD9F, 0x0758, 0x03A3, 0xFB69,  0x0117, 0x02BF, 0xFE1B, 0x020C,
  0x0171, 0xFA86, 0x056E, 0xFE33,  0x0308, 0x04D4, 0x0256, 0x0406,
  0xFFF6, 0xFECF, 0x041D, 0x0284,  0x04F7, 0x0B7D, 0xFEA5, 0x0097,
  0x0393, 0x0724, 0x054F, 0xF6EF,  0x054E, 0x098C, 0x02BD, 0x01E9,
  0xF912, 0x015C, 0x0198, 0xFDAB,  0xFDEF, 0xFCB6, 0x0235, 0xFC19,
  0xF906, 0xFBC9, 0xFE22, 0xFA48,  0xFBBF, 0xFB01, 0xFC54, 0x0237,
  0xF7A0, 0xFC46, 0xFD28, 0xFCB8,  0x00E0, 0xFB79, 0xFE72, 0xFFC6,
  0xFFD6, 0xFF33, 0xFCF4, 0x0099,  0xFF6A, 0x02FF, 0x0209, 0x021D,
  0x047F, 0x0111, 0x025F, 0x0240,  0x04D1, 0x0178, 0x0499, 0x04AC,
  0x054E, 0x06B9, 0xFE1D, 0x0147,  0x0195, 0x028F, 0x0312, 0xFC0F,
  0xFA62, 0x002E, 0xFE14, 0xF804,  0xF560, 0xF353, 0xF8B9, 0xF914,
  0xF733, 0xF1BE, 0xF09D, 0xF098,  0xF265, 0xF01E, 0xEE0A, 0xF0B6,
  0xEEB0, 0xF219, 0xF36C, 0xEF7A,  0xEE99, 0xF1B2, 0xF1E5, 0xF694,
  0xF748, 0xF798, 0xF75F, 0xFA78,  0xFDBA, 0xFEF5, 0xFFD3, 0x01FD,
  0x0835, 0x0B13, 0x0DE9, 0x0D48,  0x1263, 0x132B, 0x16AD, 0x1842,
  0x1947, 0x1DE8, 0x1C37, 0x2014,  0x1F01, 0x1F3A, 0x1CA3, 0x1BEA,
  0x1D0F, 0x1B5C, 0x1943, 0x15F8,  0x16B7, 0x1436, 0x1329, 0x0E38,
  0x0A7C, 0x0704, 0x035B, 0x02E6,  0x0059, 0xFDA4, 0xFA79, 0xF5B7,
  0xF2C6, 0xF17C, 0xED98, 0xED98,  0xEFDE, 0xEF31, 0xEC7F, 0xEAC9,
  0xEA8C, 0xE8F5, 0xE7EF, 0xEA68,  0xEA54, 0xE9EC, 0xE8B7, 0xE646,
  0xE6AD, 0xE520, 0xE336, 0xE05F,  0xDFA8, 0xE19F, 0xE32F, 0xE187,
  0xE1FE, 0xE0F7, 0xE373, 0xE8BF,  0xEBDF, 0xF226, 0xF3EC, 0xF96C,
  0xFD1B, 0x02D3, 0x077C, 0x0B93,  0x1102, 0x16B4, 0x1CE9, 0x2041,
  0x2401, 0x25FF, 0x2835, 0x2984,  0x2B43, 0x2BFF, 0x2B56, 0x29B7,
  0x2A00, 0x2856, 0x280A, 0x2260,  0x1CCB, 0x18BF, 0x1553, 0x125C,
  0x0CDB, 0x08C9, 0x0363, 0x009A,  0xFD59, 0xFBAC, 0xF7D3, 0xF4AF,
  0xF41A, 0xF562, 0xF793, 0xF888,  0xF6AC, 0xF8A9, 0xFA7E, 0xFC69,
  0xFDF7, 0xFE62, 0x017F, 0x01C5,  0x0373, 0x040C, 0x02BA, 0x007A,
  0xFD16, 0xFC88, 0xFADB, 0xF793,  0xF1EB, 0xEC86, 0xEA62, 0xE4F0,
  0xE099, 0xDB64, 0xD959, 0xD4E6,  0xD14C, 0xCE45, 0xCC9F, 0xCB55,
  0xCAC0, 0xCB83, 0xCFD3, 0xD49E,  0xD923, 0xE22A, 0xEA1F, 0xF5BD,
  0xF9A2, 0x0443, 0x0CC1, 0x1496,  0x1B7A, 0x22BA, 0x2DE9, 0x3363,
  0x387A, 0x3B63, 0x3D7B, 0x3E47,  0x3C6C, 0x3A33, 0x38F7, 0x36FB,
  0x34B4, 0x2E7A, 0x29B9, 0x2217,  0x19DE, 0x1071, 0x08FB, 0x0408,
  0xFE09, 0xF8E9, 0xF3D5, 0xEEAE,  0xEADF, 0xE793, 0xE649, 0xE699,
  0xE71B, 0xE99C, 0xEB4F, 0xEFF1,  0xF374, 0xF88C, 0xFBEE, 0xFF81,
  0x03F1, 0x07C9, 0x0C61, 0x0DB9,  0x0DE8, 0x0CA0, 0x0B92, 0x09FC,
  0x078F, 0x03BB, 0xFE25, 0xF682,  0xF00A, 0xE9DE, 0xE4A2, 0xDC16,
  0xD60E, 0xD132, 0xCE2F, 0xCB3F,  0xC6CF, 0xC58D, 0xC44C, 0xC589,
  0xC6B4, 0xCA89, 0xD061, 0xD816,  0xDFD5, 0xEDFE, 0xF7C8, 0x015B,
  0x07EC, 0x12AA, 0x1E20, 0x22E2,  0x2CDE, 0x3282, 0x3CBB, 0x4084,
  0x434E, 0x453C, 0x4300, 0x41A8,  0x3BFE, 0x37A8, 0x34D2, 0x2FA9,
  0x2B52, 0x2310, 0x1CF8, 0x1437,  0x0A78, 0x026A, 0xF8E6, 0xF560,
  0xEEE2, 0xEC52, 0xE979, 0xE796,  0xE6A4, 0xE4F2, 0xE645, 0xE75D,
  0xE977, 0xED7F, 0xF1DC, 0xF789,  0xFD2D, 0x029A, 0x0762, 0x0A43,
  0x0D28, 0x0E12, 0x10EE, 0x10EF,  0x10A8, 0x0DD8, 0x0B5C, 0x0828,
  0x00FC, 0xF9AF, 0xF0C3, 0xEBAB,  0xE724, 0xE133, 0xD838, 0xD063,
  0xC991, 0xC5DD, 0xC281, 0xC22F,  0xC22B, 0xC323, 0xC528, 0xC857,
  0xCEC2, 0xD4CF, 0xDBDB, 0xE2BA,  0xEF1E, 0xF997, 0x0695, 0x0FD6,
  0x198B, 0x22F3, 0x2A85, 0x3516,  0x39FE, 0x3F66, 0x4387, 0x44EB,
  0x464E, 0x439A, 0x4145, 0x3CE2,  0x369C, 0x3153, 0x293A, 0x2436,
  0x1B9C, 0x142E, 0x0BD9, 0x03E7,  0xFD5B, 0xF5D7, 0xF154, 0xEC3E,
  0xE9C1, 0xE848, 0xE71E, 0xE798,  0xE847, 0xEAB3, 0xEC5D, 0xEF51,
  0xF441, 0xF85F, 0xFD72, 0x0208,  0x06AE, 0x0BC0, 0x0ECF, 0x11E3,
  0x1392, 0x1405, 0x1331, 0x1029,  0x0CCC, 0x07DB, 0x03C0, 0xFD85,
  0xF76E, 0xF051, 0xE9ED, 0xE31E,  0xDB51, 0xD3AA, 0xCC95, 0xC731,
  0xC388, 0xC193, 0xC064, 0xC1CF,  0xC47D, 0xC6FE, 0xCB82, 0xD066,
  0xD660, 0xDD8D, 0xE63D, 0xF4DB,  0xFF3C, 0x0AFE, 0x1203, 0x1D0E,
  0x278E, 0x2ED2, 0x35D2, 0x36D1,  0x3D71, 0x40A2, 0x42EC, 0x426F,
  0x3FFC, 0x3DC8, 0x3818, 0x322A,  0x2C95, 0x251F, 0x1E0E, 0x13BA,
  0x0D89, 0x06C7, 0x01C3, 0xFB16,  0xF364, 0xF144, 0xED13, 0xEC9E,
  0xE948, 0xE9A8, 0xEA5D, 0xEBF3,  0xEFC3, 0xF342, 0xF776, 0xFA4D,
  0xFE1F, 0x040F, 0x07F8, 0x0BD9,  0x0DC9, 0x104B, 0x138B, 0x1487,
  0x14F0, 0x11A8, 0x0EF7, 0x0A5F,  0x053A, 0xFFA7, 0xF8E5, 0xF177,
  0xEA00, 0xE353, 0xDEE8, 0xD7CD,  0xD124, 0xC9AB, 0xC64D, 0xC41D,
  0xC296, 0xC254, 0xC207, 0xC58A,  0xC96D, 0xCE97, 0xD4A8, 0xDB7B,
  0xE35B, 0xECA4, 0xF81F, 0x056F,  0x0CCB, 0x16E5, 0x1E1E, 0x290F,
  0x3062, 0x35E6, 0x3A59, 0x3B6E,  0x40D5, 0x4130, 0x40A1, 0x3D6F,
  0x3895, 0x3349, 0x2CC4, 0x26F2,  0x214D, 0x1829, 0x11D3, 0x08E1,
  0x0573, 0xFF03, 0xF995, 0xF39A,  0xEF43, 0xF02D, 0xEDAC, 0xEF3A,
  0xEDAE, 0xEF9E, 0xF11E, 0xF3C6,  0xF7A2, 0xFA05, 0xFBD0, 0xFFD5,
  0x02C6, 0x0994, 0x0BCE, 0x0E4E,  0x0EED, 0x1031, 0x12CF, 0x0FA8,
  0x0ED0, 0x092B, 0x05EF, 0x005B,  0xFB44, 0xF40A, 0xEC3C, 0xE4A5,
  0xDED6, 0xD8A6, 0xD3F2, 0xCE46,  0xC9D0, 0xC784, 0xC6FF, 0xC77D,
  0xC638, 0xC7C0, 0xC93F, 0xCE74,  0xD288, 0xD904, 0xE019, 0xEA2A,
  0xF3EA, 0x003C, 0x0B4C, 0x1486,  0x1C9E, 0x2473, 0x2C4C, 0x318E,
  0x3632, 0x38FB, 0x3C47, 0x3DA8,  0x3F3F, 0x3DC9, 0x3A9E, 0x3584,
  0x2F2B, 0x284E, 0x2185, 0x1A7F,  0x12B8, 0x0BE8, 0x06E4, 0x0165,
  0xFD33, 0xF826, 0xF441, 0xF132,  0xEF2E, 0xEE0E, 0xEDB5, 0xEE3A,
  0xF0A0, 0xF36B, 0xF6C5, 0xFA62,  0xFD19, 0xFFF9, 0x0256, 0x059F,
  0x073E, 0x0972, 0x0B28, 0x0DD0,  0x0F23, 0x0FE5, 0x0DEC, 0x0C13,
  0x06EF, 0x0249, 0xFB4D, 0xF3EB,  0xED2A, 0xE6B9, 0xE0B3, 0xDAB8,
  0xD591, 0xD0D1, 0xCDE9, 0xCBA3,  0xCA4C, 0xC88A, 0xC86E, 0xC7EF,
  0xCAA4, 0xCD05, 0xD26E, 0xD679,  0xDEDF, 0xE6B5, 0xF2CE, 0xFD99,
  0x08C4, 0x11BE, 0x1971, 0x2345,  0x2A13, 0x3094, 0x33BB, 0x37E4,
  0x39C8, 0x3D8E, 0x3DDD, 0x3E99,  0x3B19, 0x3843, 0x317C, 0x2BD3,
  0x2354, 0x1BE3, 0x1393, 0x0C57,  0x0700, 0x0180, 0xFE8D, 0xF9A9,
  0xF78E, 0xF37E, 0xF2A6, 0xF014,  0xEF37, 0xEE44, 0xEF71, 0xF119,
  0xF54A, 0xF7B1, 0xFBBF, 0xFE13,  0x0235, 0x04CE, 0x0753, 0x092F,
  0x093E, 0x0A95, 0x0A2C, 0x0C57,  0x0BB1, 0x0A28, 0x0720, 0x0347,
  0xFE8D, 0xF817, 0xF06E, 0xE8C6,  0xE12A, 0xDC48, 0xD603, 0xD292,
  0xCD44, 0xCC91, 0xCB1F, 0xCB82,  0xCB71, 0xCAE9, 0xCBD9, 0xCD7C,
  0xD0EB, 0xD66D, 0xDC60, 0xE4B3,  0xEFDA, 0xFC21, 0x0AAC, 0x12D0,
  0x2025, 0x2584, 0x2EF9, 0x3287,  0x3615, 0x36DB, 0x368D, 0x393F,
  0x3905, 0x3A19, 0x379A, 0x35CD,  0x30BE, 0x2C77, 0x24F9, 0x1DDA,
  0x13B6, 0x0CBA, 0x04D0, 0x007E,  0xFAFA, 0xF719, 0xF4C3, 0xF2FC,
  0xF322, 0xF15E, 0xF1CF, 0xEFA2,  0xF113, 0xF178, 0xF3C3, 0xF5D1,
  0xF905, 0xFCCD, 0x00CD, 0x067A,  0x09E7, 0x0C9E, 0x0D3B, 0x0D79,
  0x0C90, 0x0A67, 0x0716, 0x03B1,  0xFF33, 0xFC72, 0xF788, 0xF3A3,
  0xEE3C, 0xE8FB, 0xE484, 0xDE16,  0xD965, 0xD248, 0xCEBC, 0xC98F,
  0xC85D, 0xC725, 0xC787, 0xC8D0,  0xCC34, 0xD135, 0xD782, 0xDF78,
  0xE756, 0xF0AE, 0xFB37, 0x07CA,  0x0F13, 0x1989, 0x211C, 0x2B58,
  0x30A1, 0x35B0, 0x387A, 0x38FC,  0x3B8F, 0x3A34, 0x3978, 0x35E7,
  0x32BA, 0x2D58, 0x28A2, 0x2308,  0x1C34, 0x1473, 0x0E7B, 0x07DB,
  0x038F, 0xFE36, 0xF9C7, 0xF6A1,  0xF41A, 0xF33D, 0xF077, 0xF137,
  0xEFE3, 0xF02F, 0xF1B5, 0xF3AE,  0xF6AC, 0xF8AE, 0xFCA0, 0x0132,
  0x0555, 0x09A1, 0x0B76, 0x0DB3,  0x0D7D, 0x0CCB, 0x0B38, 0x0793,
  0x03A1, 0xFEAD, 0xFACE, 0xF615,  0xF230, 0xECAF, 0xE7B6, 0xE2A4,
  0xDF1A, 0xD9B4, 0xD54D, 0xD070,  0xCD0C, 0xCB85, 0xCADA, 0xCB78,
  0xCB51, 0xCEBA, 0xD26E, 0xD881,  0xDE5D, 0xE708, 0xEEBE, 0xF95F,
  0x03F6, 0x1013, 0x18CB, 0x2056,  0x28A9, 0x2F01, 0x3512, 0x3573,
  0x3750, 0x365C, 0x3784, 0x3558,  0x33A0, 0x3101, 0x2D20, 0x2895,
  0x23A8, 0x1EDA, 0x1779, 0x103D,  0x08D6, 0x03B5, 0xFE14, 0xFA3A,
  0xF544, 0xF418, 0xF324, 0xF316,  0xF2E4, 0xF312, 0xF484, 0xF4A1,
  0xF786, 0xF8DF, 0xFAC7, 0xFBB7,  0xFEA9, 0x02A3, 0x0540, 0x07B9,
  0x0906, 0x0A5D, 0x0B67, 0x0AD6,  0x097F, 0x0555, 0x01D4, 0xFD5E,
  0xF8A7, 0xF3C5, 0xED8F, 0xE8D8,  0xE3DA, 0xE145, 0xDC2F, 0xD7FF,
  0xD29F, 0xD004, 0xCD99, 0xCC89,  0xCB5C, 0xCB2C, 0xCCBC, 0xD07C,
  0xD5B0, 0xDB0C, 0xE2C1, 0xE9EA,  0xF581, 0xFEAD, 0x0B9E, 0x13FE,
  0x1D28, 0x25C4, 0x2CB8, 0x331E,  0x3501, 0x36C9, 0x36DE, 0x3707,
  0x364B, 0x33DF, 0x3037, 0x2D94,  0x2912, 0x2628, 0x2031, 0x1A4A,
  0x13DE, 0x0DAF, 0x08A4, 0x0220,  0xFD56, 0xF86D, 0xF5D4, 0xF47C,
  0xF396, 0xF3B4, 0xF382, 0xF4B6,  0xF5C0, 0xF7A5, 0xF976, 0xFA2A,
  0xFC10, 0xFD89, 0x00BE, 0x030D,  0x04C4, 0x0785, 0x092D, 0x0AB9,
  0x0AC8, 0x09A1, 0x0769, 0x0323,  0xFEFC, 0xFA56, 0xF41A, 0xEF2B,
  0xE842, 0xE490, 0xDFE1, 0xDC6F,  0xD8C5, 0xD486, 0xD34C, 0xCFC2,
  0xCF73, 0xCC51, 0xCD29, 0xCC3D,  0xCEA2, 0xD0C8, 0xD69F, 0xDDEE,
  0xE6AC, 0xF12C, 0xFC56, 0x0B62,  0x1484, 0x20C5, 0x26EB, 0x30AD,
  0x32FD, 0x35BD, 0x35EB, 0x33B5,  0x336E, 0x2FCC, 0x2F94, 0x2B96,
  0x2AE3, 0x2739, 0x25D7, 0x22BF,  0x1EC0, 0x1894, 0x1262, 0x0C39,
  0x04C6, 0xFE8A, 0xF7DE, 0xF409,  0xF077, 0xF08B, 0xF062, 0xF2C8,
  0xF497, 0xF77B, 0xFB03, 0xFD12,  0xFF34, 0xFF23, 0x00AB, 0x00BE,
  0x0166, 0x0201, 0x0377, 0x04FC,  0x06C4, 0x088A, 0x0A4F, 0x0A17,
  0x0877, 0x05C9, 0x0134, 0xFB8C,  0xF3AD, 0xECD5, 0xE4A0, 0xDE5D,
  0xD828, 0xD4AB, 0xD19D, 0xCFDC,  0xCF4A, 0xCFF2, 0xD131, 0xD1F6,
  0xD2CD, 0xD3A1, 0xD5F1, 0xD755,  0xDC2B, 0xE004, 0xE86B, 0xEFA3,
  0xFB9D, 0x0810, 0x13AC, 0x1EFA,  0x2841, 0x3284, 0x3708, 0x3AC8,
  0x3A10, 0x394A, 0x3589, 0x3223,  0x2D6B, 0x28FB, 0x252B, 0x2139,
  0x1F5D, 0x1C9B, 0x1ACB, 0x1660,  0x12D3, 0x0E07, 0x08DA, 0x030B,
  0xFC12, 0xF74D, 0xF24E, 0xF0DA,  0xEEEA, 0xEF79, 0xF199, 0xF3F7,
  0xF8D8, 0xFB8C, 0xFFCE, 0x00A7,  0x02B9, 0x036E, 0x032E, 0x033A,
  0x0212, 0x02B6, 0x023B, 0x0414,  0x0491, 0x05DC, 0x05C7, 0x0565,
  0x0392, 0xFFBE, 0xFA9F, 0xF2D7,  0xEBD9, 0xE329, 0xDCE8, 0xD565,
  0xD07F, 0xCC62, 0xCB58, 0xCBD6,  0xCC83, 0xCEC9, 0xD07F, 0xD439,
  0xD6B6, 0xDAD3, 0xDDF5, 0xE413,  0xE91F, 0xF14E, 0xF9AD, 0x04C9,
  0x0E7D, 0x18B2, 0x2452, 0x2C88,  0x3494, 0x382A, 0x3CAE, 0x3B71,
  0x3A36, 0x36D7, 0x325F, 0x2D7A,  0x27BF, 0x23D7, 0x1F23, 0x1B73,
  0x17D7, 0x1472, 0x11C4, 0x0D96,  0x097B, 0x0518, 0x005B, 0xFBEE,
  0xF6B5, 0xF3A0, 0xF02E, 0xEEE6,  0xEEC2, 0xEFEE, 0xF27D, 0xF47E,
  0xF898, 0xFC54, 0xFFE5, 0x01CD,  0x036D, 0x0588, 0x0634, 0x06B7,
  0x064E, 0x067A, 0x05AC, 0x05F1,  0x0566, 0x0458, 0x012C, 0xFDAF,
  0xFA5C, 0xF4CD, 0xEE9E, 0xE6E0,  0xE124, 0xDA88, 0xD4E3, 0xCFA1,
  0xCB6C, 0xC9E4, 0xC91B, 0xCADE,  0xCC61, 0xCF82, 0xD3D0, 0xD892,
  0xE000, 0xE5E5, 0xEDFE, 0xF430,  0xFDE3, 0x07A3, 0x1024, 0x1913,
  0x204F, 0x2A3D, 0x2FE7, 0x362A,  0x388D, 0x3A8C, 0x3A84, 0x38C1,
  0x3694, 0x310A, 0x2C09, 0x2571,  0x20EE, 0x1B54, 0x1550, 0x1018,
  0x0BA1, 0x08BA, 0x04B6, 0x01C3,  0xFE56, 0xFBA3, 0xF945, 0xF73C,
  0xF554, 0xF368, 0xF22D, 0xF1B8,  0xF2B9, 0xF39A, 0xF4FE, 0xF72E,
  0xFA22, 0xFDBC, 0x00E1, 0x0429,  0x0636, 0x08CB, 0x0AD4, 0x0B58,
  0x0B1D, 0x08FB, 0x0729, 0x0421,  0x00E0, 0xFBC3, 0xF656, 0xF15C,
  0xEBD2, 0xE694, 0xE0D4, 0xDBC1,  0xD6AC, 0xD30A, 0xD030, 0xCD7E,
  0xCCCA, 0xCC33, 0xCE55, 0xCFC0,  0xD3CB, 0xD738, 0xDC4D, 0xE361,
  0xEA75, 0xF337, 0xF979, 0x0578,  0x0DAD, 0x18B1, 0x1F70, 0x2840,
  0x2F6C, 0x33D7, 0x3914, 0x387C,  0x3AE7, 0x3751, 0x35CF, 0x30FB,
  0x2BD8, 0x2644, 0x1F9F, 0x1B5B,  0x158E, 0x114E, 0x0CA0, 0x093B,
  0x0696, 0x037B, 0x00F1, 0xFDFE,  0xFBB9, 0xF920, 0xF6C1, 0xF4BF,
  0xF2E7, 0xF1E1, 0xF158, 0xF220,  0xF2F1, 0xF4EE, 0xF7AD, 0xFB78,
  0xFED0, 0x0276, 0x0659, 0x091C,  0x0C0D, 0x0CC6, 0x0DB6, 0x0C7C,
  0x0A88, 0x07DD, 0x0408, 0x0017,  0xF9FF, 0xF537, 0xEF6F, 0xE9DC,
  0xE3FC, 0xDEF8, 0xDABD, 0xD6EB,  0xD3C9, 0xD181, 0xD033, 0xCFDC,
  0xD026, 0xD125, 0xD316, 0xD56D,  0xD91C, 0xDC8B, 0xE243, 0xE7C9,
  0xEF5D, 0xF691, 0xFF73, 0x09CC,  0x1325, 0x1C80, 0x24CA, 0x2DAE,
  0x33CE, 0x37E9, 0x3A95, 0x3AF6,  0x399F, 0x3677, 0x3219, 0x2CB1,
  0x2611, 0x203C, 0x1A78, 0x1581,  0x10C3, 0x0CC0, 0x0A0F, 0x07E6,
  0x05DA, 0x037B, 0x0181, 0xFFFF,  0xFD50, 0xFABE, 0xF858, 0xF580,
  0xF39D, 0xF19F, 0xF196, 0xF0E5,  0xF1E9, 0xF3E7, 0xF6EB, 0xFB52,
  0xFEBB, 0x0378, 0x0738, 0x0B4D,  0x0D72, 0x0EB2, 0x0F12, 0x0D86,
  0x0B1C, 0x0710, 0x0289, 0xFC51,  0xF666, 0xF07A, 0xEA46, 0xE47A,
  0xDF3F, 0xDB26, 0xD7C1, 0xD565,  0xD368, 0xD238, 0xD209, 0xD2BA,
  0xD378, 0xD474, 0xD690, 0xD8F2,  0xDC7F, 0xDF8F, 0xE4C7, 0xEA68,
  0xF135, 0xF873, 0x00C3, 0x0B52,  0x138E, 0x1CEC, 0x24FC, 0x2DE1,
  0x334A, 0x3786, 0x3A4C, 0x3A18,  0x3951, 0x3569, 0x31B4, 0x2B92,
  0x25A6, 0x1F37, 0x1978, 0x148F,  0x0F69, 0x0B8C, 0x08DA, 0x06CA,
  0x0499, 0x02A4, 0x012A, 0xFFB2,  0xFDCF, 0xFBB8, 0xF95E, 0xF70D,
  0xF501, 0xF3AD, 0xF2C2, 0xF2A3,  0xF2DD, 0xF4F7, 0xF7E5, 0xFB84,
  0xFED5, 0x0302, 0x06E9, 0x0A5A,  0x0CC1, 0x0D9B, 0x0DC6, 0x0C21,
  0x09F7, 0x0611, 0x0189, 0xFBCB,  0xF624, 0xF0CF, 0xEB0D, 0xE557,
  0xE04C, 0xDC1D, 0xD8DA, 0xD60F,  0xD40A, 0xD2D2, 0xD2B6, 0xD33E,
  0xD4AE, 0xD61F, 0xD864, 0xDAA4,  0xDE46, 0xE19F, 0xE59B, 0xEA5F,
  0xEFF1, 0xF6BA, 0xFCCB, 0x0693,  0x0E04, 0x1747, 0x1E48, 0x2733,
  0x2DF2, 0x329D, 0x36E5, 0x3777,  0x38A1, 0x35F6, 0x335C, 0x2E53,
  0x28BB, 0x22DF, 0x1C80, 0x1775,  0x1207, 0x0D95, 0x0A1B, 0x078C,
  0x063D, 0x03C7, 0x02F8, 0x0141,  0x005D, 0xFE55, 0xFC64, 0xFA6F,
  0xF813, 0xF6B6, 0xF50A, 0xF4BB,  0xF420, 0xF518, 0xF71F, 0xFA31,
  0xFCD9, 0x0079, 0x041E, 0x07CE,  0x0A8B, 0x0C47, 0x0D01, 0x0C9F,
  0x0B4B, 0x0867, 0x04E8, 0x002B,  0xFAB3, 0xF562, 0xEFE5, 0xEA4A,
  0xE4C3, 0xE047, 0xDCB4, 0xD91E,  0xD6D1, 0xD4ED, 0xD41C, 0xD3D0,
  0xD41F, 0xD57C, 0xD6E5, 0xD94C,  0xDBCD, 0xDEBB, 0xE2DA, 0xE576,
  0xEA9A, 0xEEEA, 0xF559, 0xFA6D,  0x016B, 0x09ED, 0x111F, 0x1A0D,
  0x1FC7, 0x28D5, 0x2DDD, 0x3323,  0x3596, 0x36DF, 0x370F, 0x33E6,
  0x3170, 0x2BCA, 0x26AB, 0x2092,  0x1AE9, 0x15FC, 0x1071, 0x0C7A,
  0x08E3, 0x06B5, 0x04A8, 0x0280,  0x012C, 0xFF42, 0xFE64, 0xFC32,
  0xFAB4, 0xF8B5, 0xF755, 0xF609,  0xF5A8, 0xF5A6, 0xF5FE, 0xF79B,
  0xF9E1, 0xFD1C, 0xFF94, 0x033F,  0x05C9, 0x0991, 0x0B42, 0x0CA6,
  0x0C91, 0x0BA4, 0x0A25, 0x06C0,  0x0334, 0xFE31, 0xF944, 0xF3ED,
  0xEEE2, 0xE99F, 0xE4DB, 0xE054,  0xDD2A, 0xD9B9, 0xD812, 0xD626,
  0xD5F5, 0xD5BD, 0xD6E0, 0xD781,  0xD94C, 0xDAF2, 0xDD10, 0xDFCE,
  0xE271, 0xE62E, 0xE8B7, 0xEEF5,  0xF2E5, 0xFA4C, 0xFF3E, 0x087F,
  0x1011, 0x1835, 0x1FAA, 0x2607,  0x2E29, 0x315A, 0x35E9, 0x35CA,
  0x36B8, 0x3423, 0x30F3, 0x2C38,  0x2667, 0x20AB, 0x1A5E, 0x1510,
  0x1001, 0x0B85, 0x0817, 0x05DA,  0x0446, 0x02AD, 0x010B, 0x0002,
  0xFEA6, 0xFD91, 0xFB76, 0xF9D1,  0xF7DA, 0xF6A4, 0xF5C8, 0xF561,
  0xF5A2, 0xF6BF, 0xF8F6, 0xFBE4,  0xFEF9, 0x024D, 0x05BA, 0x0969,
  0x0C09, 0x0DCE, 0x0E56, 0x0E0E,  0x0C7C, 0x09C7, 0x064A, 0x0140,
  0xFC19, 0xF686, 0xF1A0, 0xEC3D,  0xE741, 0xE2C6, 0xDEBE, 0xDBB0,
  0xD8EA, 0xD740, 0xD5ED, 0xD60D,  0xD6C3, 0xD7EF, 0xD9F5, 0xDBB4,
  0xDEA9, 0xE08F, 0xE39E, 0xE514,  0xE80D, 0xE9A5, 0xECE7, 0xF117,
  0xF567, 0xFC0C, 0x0169, 0x0CCE,  0x1374, 0x1D5E, 0x245E, 0x2CC7,
  0x3405, 0x36AD, 0x3B10, 0x38E0,  0x3946, 0x3442, 0x2FA9, 0x28EF,
  0x211F, 0x1AAF, 0x130F, 0x0E83,  0x090A, 0x059D, 0x0359, 0x0274,
  0x024F, 0x0131, 0x00E1, 0x0047,  0xFF84, 0xFDE4, 0xFB5A, 0xF937,
  0xF6EE, 0xF53A, 0xF393, 0xF309,  0xF331, 0xF4EF, 0xF7A3, 0xFB85,
  0xFF8D, 0x03CF, 0x08A2, 0x0CA9,  0x102B, 0x1149, 0x11DE, 0x10DB,
  0x0E0A, 0x0A37, 0x04A6, 0xFF01,  0xF7F1, 0xF230, 0xEC5B, 0xE6E1,
  0xE226, 0xDE8E, 0xDC43, 0xDA46,  0xD96F, 0xD8D2, 0xD99F, 0xDA2B,
  0xDC14, 0xDCCD, 0xDEB7, 0xDF86,  0xE152, 0xE2AD, 0xE421, 0xE58B,
  0xE782, 0xEA26, 0xECEA, 0xF253,  0xF6FF, 0xFE95, 0x0436, 0x0ECF,
  0x16E4, 0x1FFE, 0x271B, 0x2D73,  0x3490, 0x3714, 0x39B3, 0x37BD,
  0x3653, 0x3224, 0x2CA6, 0x2674,  0x1F13, 0x1878, 0x11FC, 0x0CE5,
  0x08AB, 0x04D4, 0x034C, 0x01E9,  0x0221, 0x0129, 0x007B, 0xFFE2,
  0xFEBB, 0xFD53, 0xFA46, 0xF7D7,  0xF51F, 0xF324, 0xF12A, 0xF07C,
  0xF08A, 0xF249, 0xF52A, 0xF9A5,  0xFE6C, 0x0327, 0x08B1, 0x0D6D,
  0x1175, 0x135C, 0x1428, 0x1375,  0x10DA, 0x0C94, 0x06CD, 0x0086,
  0xF934, 0xF296, 0xEC0C, 0xE6DA,  0xE21D, 0xDED4, 0xDD01, 0xDBF2,
  0xDBE2, 0xDBE9, 0xDD06, 0xDDC5,  0xDEE8, 0xDFB8, 0xE131, 0xE1D4,
  0xE2FC, 0xE3DA, 0xE597, 0xE6BE,  0xE871, 0xEA7F, 0xED8E, 0xF081,
  0xF43D, 0xF990, 0xFEFB, 0x0635,  0x0B75, 0x14ED, 0x1BFB, 0x23A7,
  0x2902, 0x2EC3, 0x3450, 0x34DF,  0x366C, 0x341E, 0x327F, 0x2D68,
  0x27D9, 0x21F4, 0x1AA6, 0x150B,  0x0E92, 0x0A43, 0x0630, 0x0328,
  0x01C4, 0x00C3, 0x012E, 0xFFF3,  0xFFA1, 0xFF2C, 0xFE2D, 0xFC55,
  0xF989, 0xF77A, 0xF4AD, 0xF2A4,  0xF09F, 0xEFD3, 0xEFE6, 0xF169,
  0xF417, 0xF80C, 0xFC92, 0x0158,  0x06C6, 0x0B97, 0x0FC5, 0x1171,
  0x12D4, 0x125F, 0x1060, 0x0BFA,  0x06A8, 0x009D, 0xF9CB, 0xF376,
  0xED2F, 0xE825, 0xE371, 0xE0D5,  0xDF15, 0xDE65, 0xDE2F, 0xDEC7,
  0xE012, 0xE15C, 0xE27D, 0xE345,  0xE47C, 0xE579, 0xE638, 0xE708,
  0xE76B, 0xE93D, 0xE9F8, 0xEC2D,  0xEDE7, 0xF05E, 0xF3DF, 0xF6F7,
  0xFCE8, 0x019E, 0x082C, 0x0E99,  0x1697, 0x1E4B, 0x2445, 0x29FC,
  0x2F4D, 0x32FA, 0x34B3, 0x3402,  0x329A, 0x2F4F, 0x2A52, 0x24E3,
  0x1E08, 0x17E1, 0x111F, 0x0C11,  0x078B, 0x03F0, 0x0141, 0x000E,
  0xFFE9, 0xFFC9, 0xFF9A, 0xFF69,  0xFF13, 0xFE5A, 0xFCB6, 0xFA44,
  0xF778, 0xF4FD, 0xF293, 0xF083,  0xEF36, 0xEF2D, 0xF031, 0xF29B,
  0xF661, 0xFA7D, 0xFF6A, 0x0443,  0x09B4, 0x0D60, 0x1012, 0x1150,
  0x114B, 0x0FA0, 0x0BEC, 0x0717,  0x0154, 0xFAF3, 0xF494, 0xEEA2,
  0xE928, 0xE51E, 0xE1FB, 0xE0B4,  0xDFF4, 0xE056, 0xE17E, 0xE335,
  0xE503, 0xE686, 0xE7BD, 0xE8DB,  0xE99D, 0xEA60, 0xEB0D, 0xEAE0,
  0xEBF6, 0xECA6, 0xEE47, 0xEF5E,  0xF1A2, 0xF3F7, 0xF718, 0xFA78,
  0xFEB8, 0x03BD, 0x0889, 0x0ED0,  0x137F, 0x1B7B, 0x2030, 0x25F2,
  0x2986, 0x2D63, 0x306D, 0x2F25,  0x2FBD, 0x2C57, 0x29AD, 0x2455,
  0x1ECF, 0x197D, 0x12BA, 0x0E15,  0x089A, 0x04C6, 0x01E6, 0xFF37,
  0xFF03, 0xFDB9, 0xFE68, 0xFD4C,  0xFCF8, 0xFCEB, 0xFB94, 0xFA52,
  0xF75F, 0xF601, 0xF3A4, 0xF1F4,  0xF072, 0xEFD0, 0xF01F, 0xF1C7,
  0xF443, 0xF7F5, 0xFBD6, 0x0045,  0x0583, 0x098E, 0x0D5C, 0x0F04,
  0x109D, 0x103C, 0x0E86, 0x0B38,  0x06A6, 0x0170, 0xFBB9, 0xF606,
  0xF033, 0xEB46, 0xE70B, 0xE4A9,  0xE2CD, 0xE226, 0xE235, 0xE33C,
  0xE4CE, 0xE660, 0xE7C8, 0xE928,  0xEA70, 0xEB57, 0xEC1F, 0xECBB,
  0xED51, 0xEE8C, 0xEF6F, 0xF11F,  0xF26E, 0xF456, 0xF665, 0xF843,
  0xFB76, 0xFCC7, 0x0058, 0x0338,  0x07FC, 0x0BC1, 0x1031, 0x16B7,
  0x1BC4, 0x217B, 0x2554, 0x29BF,  0x2CF5, 0x2E00, 0x2E49, 0x2C29,
  0x291F, 0x24C2, 0x1EEE, 0x1947,  0x1244, 0x0C89, 0x06CE, 0x02BD,
  0xFF7A, 0xFCE4, 0xFC5C, 0xFC39,  0xFD24, 0xFD4A, 0xFDAF, 0xFE0B,
  0xFDB4, 0xFCED, 0xFA9D, 0xF84B,  0xF5BF, 0xF377, 0xF132, 0xEF47,
  0xEEC8, 0xEF2E, 0xF167, 0xF450,  0xF874, 0xFCBD, 0x0237, 0x0782,
  0x0C88, 0x0FC7, 0x1255, 0x132B,  0x12D4, 0x106D, 0x0C2D, 0x0765,
  0x00F1, 0xFB4C, 0xF41A, 0xEED7,  0xE934, 0xE59C, 0xE2F1, 0xE1E1,
  0xE174, 0xE247, 0xE416, 0xE68A,  0xE8C8, 0xEA96, 0xECCB, 0xEDAB,
  0xEF41, 0xEF0C, 0xEF99, 0xEF1C,  0xEF7D, 0xEF90, 0xF063, 0xF0C9,
  0xF2C6, 0xF3FF, 0xF6BD, 0xF94E,  0xFC32, 0xFF4B, 0x02F7, 0x080F,
  0x0C12, 0x1099, 0x155E, 0x1C1D,  0x1F65, 0x243C, 0x2634, 0x2A4C,
  0x2A63, 0x2A21, 0x2917, 0x24EC,  0x220F, 0x1BFE, 0x1752, 0x10F9,
  0x0B9D, 0x06E5, 0x02B6, 0x0020,  0xFE5D, 0xFD29, 0xFDBD, 0xFE6A,
  0xFFB4, 0xFF6F, 0x002F, 0x0073,  0xFFB3, 0xFE17, 0xFB81, 0xF9B2,
  0xF713, 0xF4D5, 0xF2D2, 0xF1B0,  0xF1A8, 0xF281, 0xF4A9, 0xF809,
  0xFB6D, 0xFFBA, 0x0448, 0x08D1,  0x0C71, 0x0E69, 0x100A, 0x1034,
  0x0EC3, 0x0BF0, 0x0763, 0x02F3,  0xFD30, 0xF7E8, 0xF26A, 0xEDA7,
  0xE9A3, 0xE68D, 0xE501, 0xE435,  0xE488, 0xE5A6, 0xE7BD, 0xEA60,
  0xECA5, 0xEF11, 0xF0D7, 0xF26A,  0xF305, 0xF307, 0xF2DC, 0xF15B,
  0xF11A, 0xEFD3, 0xF00B, 0xEF17,  0xEFA7, 0xF0C7, 0xF238, 0xF42E,
  0xF651, 0xF92F, 0xFC70, 0xFF99,  0x034C, 0x07D7, 0x0B88, 0x10B4,
  0x1437, 0x1A17, 0x1E20, 0x212A,  0x2482, 0x269C, 0x28A6, 0x2842,
  0x268D, 0x253A, 0x215F, 0x1DB9,  0x18A1, 0x1382, 0x0F4C, 0x09C9,
  0x06B9, 0x0307, 0x0140, 0xFFB0,  0xFECF, 0xFF32, 0xFF4D, 0xFF36,
  0xFECC, 0xFE53, 0xFE5A, 0xFC52,  0xFA46, 0xF82F, 0xF693, 0xF503,
  0xF2F1, 0xF29E, 0xF2D8, 0xF3DB,  0xF5F5, 0xF882, 0xFC15, 0xFF65,
  0x031B, 0x0761, 0x09EB, 0x0C58,  0x0CCC, 0x0D88, 0x0C77, 0x09D7,
  0x0689, 0x022C, 0xFE49, 0xF93F,  0xF4E0, 0xF0A5, 0xED19, 0xEAEC,
  0xE8C8, 0xE86C, 0xE7FD, 0xE90D,  0xEA52, 0xEC08, 0xEE26, 0xEF70,
  0xF111, 0xF23D, 0xF318, 0xF319,  0xF26A, 0xF1EE, 0xF123, 0xEFF7,
  0xEF79, 0xEEB3, 0xEF7B, 0xEF53,  0xF0BD, 0xF255, 0xF43B, 0xF6A2,
  0xF8E9, 0xFB93, 0xFEC6, 0x00B0,  0x0486, 0x0790, 0x0B89, 0x0F67,
  0x1241, 0x1872, 0x1B34, 0x202E,  0x21CA, 0x258F, 0x277F, 0x27A3,
  0x2734, 0x24DC, 0x22F3, 0x1E55,  0x1A58, 0x1537, 0x1090, 0x0BF5,
  0x07D8, 0x04FE, 0x0256, 0x00BD,  0xFFE4, 0xFF84, 0xFFFC, 0xFF38,
  0xFF11, 0xFE0E, 0xFE08, 0xFC35,  0xF9EF, 0xF7ED, 0xF632, 0xF4D9,
  0xF2AF, 0xF280, 0xF26E, 0xF3FE,  0xF57A, 0xF862, 0xFBA4, 0xFEC0,
  0x029E, 0x05C2, 0x08F5, 0x0A3B,  0x0B50, 0x0B3C, 0x0A26, 0x0813,
  0x047D, 0x0136, 0xFD1C, 0xF94C,  0xF56B, 0xF1C6, 0xEF56, 0xED56,
  0xEBFC, 0xEBB2, 0xEBBC, 0xEC94,  0xED31, 0xEEAB, 0xF04B, 0xF11E,
  0xF21E, 0xF290, 0xF309, 0xF2A1,  0xF1BF, 0xF120, 0xF044, 0xEF58,
  0xEEEA, 0xEE6A, 0xEF1D, 0xEF6C,  0xF06B, 0xF1D7, 0xF398, 0xF582,
  0xF725, 0xF8CF, 0xFB90, 0xFD74,  0xFF52, 0x01F0, 0x055D, 0x096A,
  0x0BCF, 0x10E9, 0x15B8, 0x1AD9,  0x1E07, 0x21F5, 0x2599, 0x2799,
  0x2806, 0x2756, 0x2680, 0x22FD,  0x1FA7, 0x1A97, 0x1653, 0x116F,
  0x0D06, 0x0960, 0x05B8, 0x03F7,  0x01EA, 0x0128, 0x00D1, 0x006F,
  0x0056, 0xFEFA, 0xFF06, 0xFE18,  0xFC52, 0xFA84, 0xF872, 0xF77B,
  0xF556, 0xF42A, 0xF3BD, 0xF418,  0xF536, 0xF6BA, 0xF955, 0xFC4C,
  0xFF50, 0x0260, 0x0599, 0x07B6,  0x0962, 0x09D4, 0x09E5, 0x08C9,
  0x0667, 0x03E9, 0x0038, 0xFD3A,  0xF965, 0xF61F, 0xF31F, 0xF097,
  0xEF3A, 0xEDAC, 0xEDA3, 0xEDD5,  0xEE4C, 0xEF60, 0xF05B, 0xF210,
  0xF2BE, 0xF3D8, 0xF4A1, 0xF50B,  0xF550, 0xF4C3, 0xF495, 0xF385,
  0xF2DB, 0xF1E4, 0xF09B, 0xEFDC,  0xEF24, 0xEED9, 0xEF48, 0xEF35,
  0xF0B5, 0xF189, 0xF36D, 0xF54A,  0xF694, 0xF916, 0xFA87, 0xFC88,
  0xFF2C, 0x01C9, 0x050A, 0x086E,  0x0C06, 0x11FC, 0x157A, 0x1A82,
  0x1DCE, 0x21EA, 0x25AC, 0x25FA,  0x27C8, 0x265C, 0x25BB, 0x22FC,
  0x1F52, 0x1BCE, 0x16F8, 0x138D,  0x0F23, 0x0BA5, 0x088B, 0x05C5,
  0x0449, 0x0291, 0x01FA, 0x005D,  0xFF52, 0xFEA8, 0xFDB2, 0xFC20,
  0xF9F3, 0xF8D8, 0xF790, 0xF645,  0xF510, 0xF494, 0xF4EA, 0xF622,
  0xF75F, 0xF9A4, 0xFBD6, 0xFE9B,  0x01A5, 0x03EA, 0x0634, 0x06C0,
  0x07EB, 0x07C1, 0x06E4, 0x053F,  0x02BB, 0x0065, 0xFD72, 0xFA96,
  0xF784, 0xF4BE, 0xF28B, 0xF10E,  0xEF6B, 0xEEB6, 0xEE32, 0xEE8D,
  0xEF00, 0xEF7E, 0xF08A, 0xF119,  0xF23C, 0xF348, 0xF431, 0xF4E8,
  0xF582, 0xF64A, 0xF6C6, 0xF6F8,  0xF6BC, 0xF606, 0xF564, 0xF456,
  0xF2DF, 0xF16D, 0xF05B, 0xF02A,  0xF00F, 0xF08E, 0xF10A, 0xF293,
  0xF409, 0xF646, 0xF890, 0xFB02,  0xFD9E, 0x0026, 0x030C, 0x05AE,
  0x08BA, 0x0BA2, 0x0F68, 0x127F,  0x1697, 0x18FB, 0x1CA1, 0x1F7D,
  0x2208, 0x2404, 0x2429, 0x255A,  0x2439, 0x22C6, 0x2081, 0x1CF0,
  0x19C0, 0x15B2, 0x1187, 0x0DF5,  0x090E, 0x06B6, 0x0300, 0x00CD,
  0xFE98, 0xFC64, 0xFB5B, 0xF9B7,  0xF961, 0xF876, 0xF787, 0xF763,
  0xF744, 0xF70F, 0xF758, 0xF71F,  0xF878, 0xF8F3, 0xFA68, 0xFBC3,
  0xFD4A, 0xFF05, 0x0065, 0x0223,  0x0336, 0x03C7, 0x040A, 0x0407,
  0x035E, 0x0262, 0x0046, 0xFF36,  0xFCD5, 0xFB44, 0xF8FE, 0xF707,
  0xF58F, 0xF3CA, 0xF370, 0xF201,  0xF208, 0xF19B, 0xF1C3, 0xF260,
  0xF24C, 0xF340, 0xF357, 0xF472,  0xF4D9, 0xF529, 0xF617, 0xF617,
  0xF720, 0xF6FF, 0xF713, 0xF6FB,  0xF614, 0xF5BE, 0xF458, 0xF34E,
  0xF227, 0xF0DC, 0xF076, 0xF010,  0xF02F, 0xF0D1, 0xF1BF, 0xF38E,
  0xF500, 0xF69F, 0xF89B, 0xFA4E,  0xFC8A, 0xFE4F, 0x0121, 0x0403,
  0x0749, 0x0AF9, 0x0FB2, 0x14C9,  0x1923, 0x1D86, 0x2176, 0x25BF,
  0x27C6, 0x293A, 0x291A, 0x2843,  0x263A, 0x2269, 0x1E74, 0x1937,
  0x14A4, 0x0FA8, 0x0AF1, 0x0706,  0x0334, 0x00E8, 0xFEE6, 0xFD8F,
  0xFC98, 0xFB57, 0xFB05, 0xFA74,  0xF9E3, 0xF8D7, 0xF7B0, 0xF727,
  0xF693, 0xF614, 0xF593, 0xF5D7,  0xF6BE, 0xF7FF, 0xF9A2, 0xFB7F,
  0xFDE9, 0x0040, 0x02D9, 0x054C,  0x06C7, 0x080D, 0x0856, 0x0863,
  0x073C, 0x054D, 0x0315, 0x0035,  0xFDC3, 0xFAB8, 0xF805, 0xF556,
  0xF39C, 0xF23C, 0xF157, 0xF101,  0xF11A, 0xF1CE, 0xF281, 0xF3D2,
  0xF49C, 0xF5A0, 0xF64B, 0xF734,  0xF7A9, 0xF805, 0xF80D, 0xF82C,
  0xF823, 0xF813, 0xF7CD, 0xF73F,  0xF6EE, 0xF612, 0xF5BA, 0xF4A3,
  0xF3C5, 0xF2E6, 0xF1E0, 0xF180,  0xF0E5, 0xF09F, 0xF11A, 0xF0F7,
  0xF2B6, 0xF336, 0xF501, 0xF66C,  0xF7FE, 0xFA4A, 0xFC32, 0xFF8E,
  0x0291, 0x0638, 0x0A1B, 0x1013,  0x1406, 0x19AB, 0x1CEF, 0x21F9,
  0x2543, 0x26E2, 0x28B2, 0x26CB,  0x26B5, 0x22FD, 0x1F95, 0x1AD4,
  0x1561, 0x110B, 0x0BAB, 0x07C6,  0x03EB, 0x00EC, 0xFF33, 0xFDB8,
  0xFD82, 0xFCB4, 0xFC69, 0xFC8C,  0xFC83, 0xFC86, 0xFB63, 0xFADA,
  0xFA3D, 0xF9DB, 0xF952, 0xF8A4,  0xF922, 0xF9EA, 0xFB1D, 0xFCD8,
  0xFEA0, 0x00FB, 0x0351, 0x05AB,  0x07F0, 0x08F4, 0x09E1, 0x09D3,
  0x097C, 0x080B, 0x0547, 0x02C8,  0xFF29, 0xFCB9, 0xF93D, 0xF65E,
  0xF418, 0xF25F, 0xF1FC, 0xF0FA,  0xF197, 0xF21A, 0xF33F, 0xF519,
  0xF612, 0xF7D4, 0xF86B, 0xF98F,  0xFA3F, 0xFA61, 0xFA66, 0xF96E,
  0xF924, 0xF8A1, 0xF7CA, 0xF6CF,  0xF5AC, 0xF508, 0xF4B7, 0xF386,
  0xF2F0, 0xF1D6, 0xF120, 0xF038,  0xEEF2, 0xEE57, 0xEDEB, 0xED9A,
  0xEE47, 0xEE43, 0xEFF7, 0xF0BD,  0xF23A, 0xF47D, 0xF611, 0xF8DB,
  0xFA43, 0xFD67, 0x00A2, 0x0492,  0x07D5, 0x0D05, 0x119B, 0x17B1,
  0x1B64, 0x201F, 0x24A1, 0x2657,  0x2921, 0x2793, 0x2795, 0x2422,
  0x2049, 0x1BCA, 0x158D, 0x10F7,  0x0B58, 0x06DA, 0x036B, 0x0031,
  0xFF69, 0xFE52, 0xFF1A, 0x002B,  0x00A3, 0x020F, 0x0257, 0x034F,
  0x028C, 0x015D, 0x006E, 0xFECE,  0xFD82, 0xFBE0, 0xFAA3, 0xFADB,
  0xFAE4, 0xFC53, 0xFDF0, 0xFFD6,  0x02D5, 0x048C, 0x0761, 0x086C,
  0x0964, 0x098B, 0x0836, 0x075E,  0x045F, 0x01A2, 0xFE03, 0xFAC8,
  0xF7FC, 0xF4F9, 0xF301, 0xF1BF,  0xF1AF, 0xF1F0, 0xF2D4, 0xF451,
  0xF603, 0xF7AB, 0xF943, 0xFA63,  0xFB2A, 0xFB30, 0xFAEA, 0xFA02,
  0xF8FF, 0xF78A, 0xF5FC, 0xF473,  0xF379, 0xF25B, 0xF1B1, 0xF146,
  0xF145, 0xF145, 0xF137, 0xF19E,  0xF198, 0xF170, 0xF0F1, 0xF08C,
  0xEFB1, 0xEFB3, 0xEF24, 0xEFC8,  0xF004, 0xF123, 0xF2AB, 0xF3F8,
  0xF5EE, 0xF7C7, 0xF9B6, 0xFC2D,  0xFE06, 0x0096, 0x0385, 0x065C,
  0x0A64, 0x0DE0, 0x1305, 0x17B6,  0x1C29, 0x2005, 0x2379, 0x25D6,
  0x275C, 0x266C, 0x24DC, 0x21E7,  0x1DA2, 0x191F, 0x12FE, 0x0E72,
  0x092A, 0x05D9, 0x02EA, 0x0164,  0x0114, 0x014E, 0x02FE, 0x042E,
  0x056B, 0x05F5, 0x05E7, 0x05AF,  0x0454, 0x0225, 0xFFDF, 0xFD5E,
  0xFBF8, 0xFA1B, 0xF93D, 0xF956,  0xFA1B, 0xFC41, 0xFDE8, 0x00D4,
  0x0330, 0x054F, 0x0743, 0x082D,  0x08C5, 0x078F, 0x061C, 0x0443,
  0x01A8, 0xFEFC, 0xFB71, 0xF914,  0xF6DF, 0xF54F, 0xF452, 0xF39B,
  0xF444, 0xF4F7, 0xF61D, 0xF709,  0xF822, 0xF917, 0xF9AC, 0xF9ED,
  0xF9BD, 0xF937, 0xF84E, 0xF79D,  0xF6D6, 0xF604, 0xF4F7, 0xF470,
  0xF422, 0xF410, 0xF3B8, 0xF35A,  0xF33C, 0xF31E, 0xF30F, 0xF241,
  0xF1D5, 0xF14C, 0xF093, 0xF03E,  0xEF6D, 0xEF6F, 0xEF97, 0xEFD6,
  0xF152, 0xF1B1, 0xF3C9, 0xF4A6,  0xF656, 0xF811, 0xF8A5, 0xFA8B,
  0xFB58, 0xFCD5, 0xFEAE, 0x00E9,  0x0494, 0x0871, 0x0BDF, 0x12B0,
  0x1709, 0x1D2F, 0x20B6, 0x23BE,  0x27BD, 0x26EC, 0x26E1, 0x22D3,
  0x1F92, 0x1AC6, 0x148C, 0x0F49,  0x09DE, 0x0624, 0x0387, 0x020A,
  0x0269, 0x0357, 0x0554, 0x07BC,  0x098C, 0x0B2E, 0x0AAA, 0x09E0,
  0x081A, 0x051F, 0x01AD, 0xFD2A,  0xFA8A, 0xF85E, 0xF6D2, 0xF6B0,
  0xF750, 0xFA8C, 0xFDB2, 0x0109,  0x0504, 0x07D4, 0x0AA8, 0x0B64,
  0x0B9D, 0x0A35, 0x0761, 0x0443,  0x003E, 0xFCA7, 0xF8D2, 0xF5AC,
  0xF399, 0xF2E5, 0xF30C, 0xF417,  0xF55C, 0xF7C5, 0xF9D3, 0xFB67,
  0xFC9F, 0xFC97, 0xFCAD, 0xFB40,  0xF9F9, 0xF83A, 0xF651, 0xF4D8,
  0xF36E, 0xF34A, 0xF35C, 0xF392,  0xF466, 0xF591, 0xF704, 0xF7CB,
  0xF782, 0xF74F, 0xF629, 0xF4EA,  0xF2E9, 0xF0AF, 0xEF15, 0xEDAD,
  0xED49, 0xED9E, 0xEDA4, 0xEF96,  0xF0CD, 0xF361, 0xF5C5, 0xF66F,
  0xF908, 0xF871, 0xFA2F, 0xF933,  0xF8A8, 0xF91B, 0xF81F, 0xF9DB,
  0xFBE1, 0xFF54, 0x03ED, 0x08EF,  0x0F6A, 0x17B6, 0x1C03, 0x2260,
  0x249B, 0x2848, 0x28FF, 0x24EF,  0x2312, 0x1C7F, 0x1922, 0x120C,
  0x0C5A, 0x08BB, 0x048D, 0x04D6,  0x03A6, 0x0565, 0x0737, 0x0902,
  0x0C49, 0x0CF3, 0x0DB8, 0x0C16,  0x09B7, 0x07EF, 0x03A2, 0xFFE4,
  0xFB77, 0xF89B, 0xF83A, 0xF6A4,  0xF7AC, 0xF8BD, 0xFBEE, 0x001C,
  0x024A, 0x05FA, 0x077B, 0x0927,  0x09AF, 0x0846, 0x06E8, 0x034D,
  0x00C4, 0xFE05, 0xFB2A, 0xF983,  0xF6A8, 0xF716, 0xF717, 0xF800,
  0xF8B2, 0xF8D2, 0xFADF, 0xFA90,  0xFB12, 0xF9ED, 0xF915, 0xF870,
  0xF6CB, 0xF614, 0xF509, 0xF503,  0xF530, 0xF5E0, 0xF75B, 0xF8B7,
  0xF996, 0xFA74, 0xFABF, 0xFA82,  0xF969, 0xF755, 0xF588, 0xF304,
  0xF122, 0xEEEA, 0xEDC8, 0xED5A,  0xED48, 0xEEA5, 0xEFE9, 0xF2C4,
  0xF49E, 0xF6F8, 0xF8CD, 0xFA36,  0xFADB, 0xFA0D, 0xF97D, 0xF790,
  0xF68F, 0xF491, 0xF44E, 0xF418,  0xF4DF, 0xF786, 0xFB44, 0x0073,
  0x054E, 0x0AF7, 0x11FF, 0x1814,  0x1BDB, 0x1F77, 0x2137, 0x2301,
  0x20EE, 0x1E05, 0x1B0F, 0x165E,  0x138D, 0x0E8E, 0x0BE5, 0x09A1,
  0x0892, 0x096F, 0x0976, 0x0B56,  0x0C1D, 0x0D5D, 0x0E39, 0x0DA1,
  0x0C88, 0x0990, 0x0752, 0x04E9,  0x01AE, 0xFEF3, 0xFC3B, 0xFBCD,
  0xFBE6, 0xFBA4, 0xFD36, 0xFE09,  0x00E9, 0x028C, 0x03A1, 0x0524,
  0x0486, 0x04FD, 0x03A7, 0x0296,  0x00E8, 0xFE80, 0xFD78, 0xFC31,
  0xFBCF, 0xFAFF, 0xFA68, 0xFB0B,  0xFBB1, 0xFC58, 0xFBF5, 0xFB7A,
  0xFB93, 0xFABF, 0xF9F7, 0xF820,  0xF740, 0xF689, 0xF60E, 0xF639,
  0xF61E, 0xF6F3, 0xF763, 0xF8E0,  0xF9AA, 0xFA73, 0xFA59, 0xF9D8,
  0xF93A, 0xF78C, 0xF5E0, 0xF2CA,  0xF0F6, 0xEF7B, 0xEE6A, 0xEE06,
  0xEDEC, 0xEF73, 0xF0EE, 0xF309,  0xF4F5, 0xF6D6, 0xF85A, 0xF91E,
  0xF987, 0xF8D8, 0xF823, 0xF64A,  0xF515, 0xF3F8, 0xF36A, 0xF3E8,
  0xF4FB, 0xF6D4, 0xFA47, 0xFD9B,  0x0258, 0x06A2, 0x09DD, 0x0F45,
  0x118D, 0x15EF, 0x16A1, 0x17A5,  0x192A, 0x1862, 0x1908, 0x1636,
  0x1551, 0x1414, 0x1290, 0x1166,  0x0FA3, 0x0ED9, 0x0E17, 0x0DA3,
  0x0D5D, 0x0C9A, 0x0BBA, 0x0B3A,  0x0AA2, 0x0974, 0x07D6, 0x05FE,
  0x0496, 0x03C9, 0x0274, 0x013F,  0x0090, 0x0068, 0x0157, 0x00D3,
  0x015D, 0x0158, 0x0199, 0x01F3,  0x0106, 0x00DF, 0xFFBA, 0xFF2B,
  0xFEF1, 0xFE4C, 0xFE2E, 0xFE0D,  0xFE45, 0xFEEB, 0xFEBF, 0xFF10,
  0xFE36, 0xFDB5, 0xFCAB, 0xFBB4,  0xFA14, 0xF84A, 0xF70D, 0xF658,
  0xF622, 0xF620, 0xF724, 0xF801,  0xFA01, 0xFB45, 0xFCD2, 0xFD7F,
  0xFD98, 0xFD5D, 0xFC53, 0xFAD2,  0xF8B7, 0xF689, 0xF483, 0xF302,
  0xF217, 0xF1D6, 0xF243, 0xF32A,  0xF509, 0xF6D6, 0xF889, 0xF97F,
  0xFA35, 0xFA13, 0xF978, 0xF852,  0xF61C, 0xF3E8, 0xF1A1, 0xF0AD,
  0xEF75, 0xEFAE, 0xF059, 0xF2F1,  0xF57F, 0xF825, 0xFA9C, 0xFC16,
  0xFD8C, 0xFEF2, 0xFF55, 0xFFA2,  0xFFFF, 0x00EB, 0x0380, 0x0582,
  0x0980, 0x0C74, 0x1078, 0x14E6,  0x1821, 0x1B0F, 0x1C0C, 0x1CBB,
  0x1C79, 0x1AB5, 0x18DA, 0x1567,  0x12E9, 0x1088, 0x0E42, 0x0CEC,
  0x0B1D, 0x0A98, 0x0A28, 0x09C1,  0x0955, 0x07C5, 0x068B, 0x0521,
  0x033B, 0x01D0, 0xFF6D, 0xFF19,  0xFE3E, 0xFE84, 0xFEF5, 0xFF6F,
  0x00AF, 0x0124, 0x0207, 0x01BE,  0x0135, 0x0062, 0xFF88, 0xFE90,
  0xFDA5, 0xFCEF, 0xFCE5, 0xFCD6,  0xFD87, 0xFE6F, 0xFEAF, 0xFF74,
  0xFF16, 0xFF1F, 0xFE23, 0xFCAD,  0xFB27, 0xF94E, 0xF829, 0xF675,
  0xF642, 0xF5A7, 0xF6A2, 0xF739,  0xF912, 0xFA05, 0xFB46, 0xFCAE,
  0xFCF5, 0xFD2B, 0xFB7E, 0xFC0C,  0xF9F1, 0xF8D2, 0xF6A0, 0xF587,
  0xF4E3, 0xF479, 0xF50D, 0xF508,  0xF65A, 0xF705, 0xF893, 0xF878,
  0xF867, 0xF7A7, 0xF6CD, 0xF526,  0xF344, 0xF16C, 0xEFF0, 0xEF92,
  0xEF6A, 0xF052, 0xF1DD, 0xF498,  0xF754, 0xFAA4, 0xFD14, 0xFF8E,
  0x0111, 0x022F, 0x02F3, 0x028D,  0x034F, 0x0347, 0x050D, 0x06F9,
  0x0978, 0x0CE6, 0x0FBF, 0x1444,  0x1758, 0x1977, 0x1B67, 0x1AF0,
  0x1B05, 0x188C, 0x15D1, 0x1338,  0x0F5A, 0x0D86, 0x0A35, 0x08FC,
  0x07D7, 0x070C, 0x0788, 0x06C0,  0x0736, 0x069A, 0x05DE, 0x0524,
  0x037C, 0x0288, 0x00DD, 0x002B,  0xFFB9, 0xFFA5, 0x0050, 0x00CA,
  0x01EC, 0x0257, 0x02BC, 0x02C3,  0x021D, 0x0182, 0x003A, 0xFF5A,
  0xFEC9, 0xFE2C, 0xFE70, 0xFDF8,  0xFEC7, 0xFF17, 0xFF7C, 0xFF85,
  0xFEAA, 0xFE5B, 0xFD2B, 0xFBF0,  0xFA33, 0xF8DB, 0xF7F3, 0xF7DA,
  0xF7DC, 0xF8F8, 0xF98F, 0xFB4D,  0xFCDF, 0xFE7A, 0xFFC1, 0xFF72,
  0xFFBD, 0xFE72, 0xFDFB, 0xFB83,  0xF94D, 0xF6F2, 0xF553, 0xF441,
  0xF2FA, 0xF2BB, 0xF2C1, 0xF38B,  0xF474, 0xF549, 0xF60B, 0xF6AC,
  0xF6B2, 0xF6A6, 0xF5C7, 0xF532,  0xF3C0, 0xF26F, 0xF12E, 0xF08A,
  0xEFF4, 0xF035, 0xF10F, 0xF312,  0xF579, 0xF7FE, 0xFA96, 0xFCA9,
  0xFE35, 0xFFB0, 0x0011, 0x00E0,  0x0183, 0x01B5, 0x0371, 0x041D,
  0x0851, 0x0AD1, 0x0E9E, 0x1242,  0x151D, 0x184A, 0x1921, 0x1A10,
  0x1970, 0x17D7, 0x1652, 0x13BF,  0x114E, 0x0FA6, 0x0D7A, 0x0D16,
  0x0B98, 0x0B99, 0x0ADE, 0x0A70,  0x0A15, 0x08BC, 0x07A8, 0x05F1,
  0x0423, 0x02A7, 0x013E, 0x0018,  0xFFA1, 0xFF79, 0x0039, 0x009A,
  0x0164, 0x01CC, 0x01CB, 0x0166,  0x0084, 0xFFB5, 0xFE16, 0xFD84,
  0xFCF1, 0xFCDD, 0xFD4E, 0xFDD6,  0xFF41, 0xFFFD, 0x00D4, 0x00B1,
  0x002C, 0xFF1B, 0xFDE7, 0xFBF7,  0xFA8E, 0xF84F, 0xF774, 0xF744,
  0xF761, 0xF82C, 0xF87D, 0xFBEA,  0xFD2F, 0xFEFD, 0xFF57, 0xFFBD,
  0x000D, 0xFF76, 0xFE73, 0xFC3B,  0xFAA1, 0xF977, 0xF880, 0xF741,
  0xF6D3, 0xF62A, 0xF6C1, 0xF66C,  0xF6A8, 0xF5DE, 0xF5F8, 0xF5DE,
  0xF578, 0xF53E, 0xF3DB, 0xF3D6,  0xF2DA, 0xF367, 0xF2B8, 0xF2C0,
  0xF27A, 0xF2A8, 0xF340, 0xF3B6,  0xF423, 0xF49A, 0xF643, 0xF78D,
  0xF9A9, 0xFAE4, 0xFD1F, 0xFE82,  0x009B, 0x0185, 0x0331, 0x0475,
  0x062B, 0x0736, 0x094B, 0x0CCF,  0x0EF9, 0x1233, 0x1352, 0x1735,
  0x17D0, 0x18DA, 0x17FF, 0x16C7,  0x163B, 0x13CD, 0x12B0, 0x0FF3,
  0x0F30, 0x0DB3, 0x0D08, 0x0C27,  0x0AA6, 0x0936, 0x0808, 0x0677,
  0x04E8, 0x02D0, 0x013E, 0x0067,  0xFF6C, 0x0019, 0xFF71, 0x0038,
  0x00C3, 0x01DD, 0x0297, 0x0225,  0x0216, 0x00D6, 0x007C, 0xFF8E,
  0xFE75, 0xFDBE, 0xFD8A, 0xFE93,  0xFFA2, 0x003F, 0x00E1, 0x0159,
  0x011B, 0x00D6, 0xFEE6, 0xFD1D,  0xFAED, 0xF9C4, 0xF843, 0xF7E9,
  0xF7EA, 0xF84F, 0xFA79, 0xFBE4,  0xFE4A, 0xFE82, 0xFFBD, 0xFFA1,
  0xFFE1, 0xFEE8, 0xFDF8, 0xFC99,  0xFBED, 0xFAA8, 0xF9BD, 0xF8CA,
  0xF758, 0xF6AD, 0xF4FE, 0xF6A5,  0xF507, 0xF538, 0xF487, 0xF4E2,
  0xF4CC, 0xF4BC, 0xF47B, 0xF39F,  0xF3A8, 0xF365, 0xF3F1, 0xF321,
  0xF2C9, 0xF2CF, 0xF302, 0xF312,  0xF3C6, 0xF454, 0xF672, 0xF769,
  0xF964, 0xFB37, 0xFD6E, 0xFF90,  0x0126, 0x0320, 0x0391, 0x04A5,
  0x0563, 0x062B, 0x06AE, 0x071C,  0x08A1, 0x09E0, 0x0C2F, 0x0E16,
  0x0FE1, 0x1259, 0x12D7, 0x14F1,  0x147F, 0x140F, 0x1419, 0x1211,
  0x1245, 0x1012, 0x0EF0, 0x0DF5,  0x0C46, 0x0C18, 0x0A2F, 0x0934,
  0x07E0, 0x0635, 0x0572, 0x037E,  0x02A4, 0x01AD, 0x0105, 0x0178,
  0x011A, 0x01D4, 0x01A7, 0x0212,  0x0228, 0x01BE, 0x0174, 0x002B,
  0x000E, 0xFEEE, 0xFF13, 0xFEC9,  0xFE49, 0xFF3B, 0xFED7, 0xFFEE,
  0xFFEB, 0x0066, 0x00EF, 0xFFFD,  0x000C, 0xFF16, 0xFE74, 0xFD98,
  0xFC4E, 0xFBE1, 0xFB49, 0xFACC,  0xFAFE, 0xFB35, 0xFB9B, 0xFBC9,
  0xFC13, 0xFC64, 0xFC50, 0xFC04,  0xFB9E, 0xFB70, 0xFB2F, 0xFA88,
  0xF9DB, 0xF93B, 0xF8F6, 0xF7F8,  0xF70A, 0xF5B8, 0xF4AA, 0xF3CE,
  0xF295, 0xF1CD, 0xF0D0, 0xF076,  0xF03D, 0xF160, 0xF1AE, 0xF244,
  0xF2BE, 0xF439, 0xF50F, 0xF4F8,  0xF53C, 0xF57B, 0xF688, 0xF757,
  0xF7CE, 0xF8B2, 0xFA48, 0xFB0E,  0xFCBD, 0xFDC4, 0xFF0C, 0xFF4F,
  0x015C, 0x0292, 0x0424, 0x04E6,  0x068A, 0x09DD, 0x0A9C, 0x0DAA,
  0x0DC8, 0x11EC, 0x1352, 0x12C9,  0x146D, 0x1408, 0x1527, 0x1308,
  0x1151, 0x10F1, 0x0F27, 0x0EA4,  0x0D81, 0x0CEB, 0x0CE1, 0x0BDD,
  0x0C30, 0x0AEF, 0x09EE, 0x0761,  0x0645, 0x04E5, 0x02E3, 0x01BA,
  0xFFD2, 0x0112, 0x0089, 0x0159,  0x019E, 0x0168, 0x026D, 0x01CC,
  0x01B5, 0x0067, 0xFF32, 0xFF69,  0xFEEC, 0xFF63, 0xFF43, 0xFEEB,
  0x0014, 0xFFD6, 0x00B5, 0xFFAE,  0xFF03, 0xFE6D, 0xFD43, 0xFD7D,
  0xFB81, 0xFB34, 0xF9FB, 0xFAC9,  0xFAEA, 0xFB11, 0xFC02, 0xFC8F,
  0xFE3D, 0xFEC5, 0xFF63, 0xFE08,  0xFD25, 0xFC1B, 0xFB2C, 0xFA97,
  0xF936, 0xF878, 0xF822, 0xF7C9,  0xF895, 0xF79E, 0xF724, 0xF597,
  0xF509, 0xF449, 0xF337, 0xF353,  0xF154, 0xF2FB, 0xF31E, 0xF457,
  0xF486, 0xF473, 0xF4C6, 0xF4A8,  0xF513, 0xF494, 0xF3F4, 0xF485,
  0xF5A9, 0xF748, 0xF9B2, 0xFA80,  0xFCDA, 0xFE44, 0x008E, 0x00F0,
  0x009F, 0x006E, 0x00B9, 0x008D,  0x0166, 0x01ED, 0x0413, 0x0728,
  0x0891, 0x0D9E, 0x0FC7, 0x12E1,  0x12ED, 0x14A0, 0x157B, 0x1475,
  0x137C, 0x11B7, 0x11C1, 0x0FE9,  0x0FFB, 0x0EEC, 0x0E1D, 0x0CB9,
  0x0C04, 0x0B87, 0x09F1, 0x0779,  0x062F, 0x058E, 0x0525, 0x0427,
  0x0375, 0x0370, 0x02EF, 0x041E,  0x0337, 0x0376, 0x01B8, 0x0109,
  0x0152, 0x0023, 0xFFAD, 0xFDA7,  0xFDD8, 0xFE3D, 0xFE84, 0xFEAA,
  0xFE24, 0xFE49, 0xFEB0, 0xFF48,  0xFF9F, 0xFEC1, 0xFE71, 0xFE53,
  0xFF00, 0xFE16, 0xFD07, 0xFC4D,  0xFBC1, 0xFBEB, 0xFB2A, 0xFB0D,
  0xFA1B, 0xFA4D, 0xFB0C, 0xFBC6,  0xFBC5, 0xFB4C, 0xFB9E, 0xFBEF,
  0xFBE7, 0xFB67, 0xFA17, 0xF960,  0xF829, 0xF788, 0xF6A9, 0xF5A7,
  0xF4E4, 0xF3F6, 0xF477, 0xF301,  0xF309, 0xF2F8, 0xF305, 0xF392,
  0xF3C2, 0xF493, 0xF489, 0xF534,  0xF65C, 0xF669, 0xF6E7, 0xF777,
  0xF7D2, 0xF8E7, 0xF99A, 0xFB71,  0xFCC8, 0xFDF7, 0xFF62, 0x004A,
  0x014B, 0x019F, 0x029D, 0x03F2,  0x051F, 0x0655, 0x071C, 0x08C4,
  0x090A, 0x0AFC, 0x0BAF, 0x0ACC,  0x0B4E, 0x0A57, 0x0C3F, 0x0C97,
  0x0CEE, 0x0E10, 0x0E0A, 0x1037,  0x1045, 0x0FCD, 0x0EC8, 0x0CC7,
  0x0CA2, 0x0AD6, 0x0955, 0x07F2,  0x06E5, 0x070D, 0x05FC, 0x060A,
  0x0417, 0x03D0, 0x02B2, 0x023E,  0x01A1, 0x008B, 0x0104, 0x0023,
  0x0143, 0x0130, 0x00BA, 0x0003,  0xFF37, 0xFF38, 0xFF06, 0xFE06,
  0xFE54, 0xFDE1, 0xFF8F, 0x011B,  0x01EE, 0x01E5, 0x001B, 0x0009,
  0xFF26, 0xFDB1, 0xFBEB, 0xFD76,  0xFDE7, 0xFEA9, 0x0001, 0x0081,
  0x00EE, 0x0057, 0xFEDB, 0xFD1C,  0xFA45, 0xF99B, 0xF95E, 0xF8F1,
  0xF9CE, 0xFA84, 0xFBE4, 0xFBCB,  0xFC22, 0xFA54, 0xF98A, 0xF795,
  0xF671, 0xF5DB, 0xF4DD, 0xF525,  0xF4EA, 0xF639, 0xF64E, 0xF61E,
  0xF59D, 0xF503, 0xF456, 0xF3E4,  0xF392, 0xF479, 0xF4CD, 0xF6E6,
  0xF89A, 0xF97C, 0xFA76, 0xFA3A,  0xFA30, 0xF98F, 0xF954, 0xF8B0,
  0xF955, 0xFA1F, 0xFC9E, 0xFE78,  0x00B6, 0x022E, 0x044A, 0x05FD,
  0x05FE, 0x06F9, 0x07D7, 0x09B7,  0x093A, 0x0B79, 0x0D03, 0x0E79,
  0x0F9F, 0x0FC2, 0x10E7, 0x0F4C,  0x0F5D, 0x0E9C, 0x0CFB, 0x0C41,
  0x0B12, 0x0BB4, 0x0ABD, 0x09EE,  0x0996, 0x0840, 0x07AB, 0x05DA,
  0x0558, 0x0424, 0x0397, 0x0389,  0x0432, 0x04BA, 0x03FF, 0x044A,
  0x03A5, 0x02F0, 0x01C3, 0x00B6,  0x003C, 0xFF7D, 0xFF2A, 0xFF73,
  0xFEE0, 0xFF4C, 0xFF0D, 0xFF99,  0xFFD0, 0xFF88, 0x003C, 0xFF7F,
  0xFF93, 0xFEB4, 0xFE73, 0xFDE3,  0xFD1D, 0xFCBC, 0xFC36, 0xFC71,
  0xFCC5, 0xFD12, 0xFD4B, 0xFD47,  0xFD9A, 0xFCC0, 0xFCBB, 0xFBDD,
  0xFB33, 0xFB23, 0xFA8F, 0xFC4D,  0xFBE1, 0xFC0B, 0xFC97, 0xFC24,
  0xFC13, 0xFAB5, 0xF949, 0xF82F,  0xF6A0, 0xF73C, 0xF671, 0xF676,
  0xF757, 0xF768, 0xF845, 0xF789,  0xF72B, 0xF693, 0xF687, 0xF647,
  0xF6E1, 0xF708, 0xF78F, 0xF8D4,  0xF974, 0xFA26, 0xFABC, 0xFAE2,
  0xFB2F, 0xFAFB, 0xFB94, 0xFB8B,  0xFBBC, 0xFD8D, 0xFE49, 0x0023,
  0x0133, 0x0263, 0x0405, 0x04BF,  0x0650, 0x081A, 0x085D, 0x09F7,
  0x0A75, 0x0CB8, 0x0DD7, 0x0CE9,  0x0E67, 0x0E37, 0x0E84, 0x0DC4,
  0x0D90, 0x0D75, 0x0BCF, 0x0BA5,  0x0B5C, 0x0A59, 0x08D0, 0x0783,
  0x078C, 0x0641, 0x05D0, 0x0507,  0x045E, 0x040F, 0x038C, 0x0343,
  0x016C, 0x000D, 0xFF52, 0xFFB5,  0xFED7, 0xFF0A, 0xFF8D, 0x0081,
  0x0170, 0x0228, 0x02D2, 0x00F6,  0x0032, 0xFFCE, 0xFF7E, 0xFF5F,
  0xFEC7, 0xFF6F, 0x0046, 0x010D,  0x0173, 0x0099, 0xFF05, 0xFD87,
  0xFD07, 0xFC24, 0xFBC2, 0xFBC1,  0xFC55, 0xFD57, 0xFDB9, 0xFDFA,
  0xFCB1, 0xFBA4, 0xFAFE, 0xFA5A,  0xFA37, 0xF9DC, 0xFA13, 0xFB3E,
  0xFC14, 0xFC75, 0xFBCD, 0xFAD2,  0xF9E2, 0xF91E, 0xF94E, 0xF8D6,
  0xF878, 0xF907, 0xF963, 0xF959,  0xF927, 0xF879, 0xF7E1, 0xF7F6,
  0xF81D, 0xF8A3, 0xF869, 0xF92A,  0xF9EC, 0xFA3A, 0xFB28, 0xFAE5,
  0xFB6B, 0xFB08, 0xFB75, 0xFC1F,  0xFC55, 0xFCBF, 0xFD6E, 0xFEAD,
  0xFF6A, 0xFFE1, 0x010C, 0x02E9,  0x0332, 0x043A, 0x04B0, 0x0612,
  0x062A, 0x06A2, 0x083C, 0x07C2,  0x08BA, 0x0944, 0x09D5, 0x0A2A,
  0x09B1, 0x09D5, 0x0985, 0x0909,  0x08C0, 0x0856, 0x0800, 0x0771,
  0x0796, 0x074E, 0x069F, 0x0616,  0x05AF, 0x0568, 0x04F4, 0x0433,
  0x03DF, 0x0358, 0x02FB, 0x02AF,  0x0203, 0x01DD, 0x010F, 0x00DB,
  0x00A8, 0x0067, 0x004C, 0x0053,  0x00B8, 0x0132, 0x0162, 0x016F,
  0x017B, 0x00B0, 0x00CC, 0x008E,  0xFF89, 0xFFBB, 0xFF7E, 0xFFA1,
  0x0012, 0x003E, 0x0004, 0xFE83,  0xFE2D, 0xFD53, 0xFCA9, 0xFD55,
  0xFCA7, 0xFC49, 0xFD1F, 0xFD7A,  0xFCBE, 0xFC7F, 0xFBE6, 0xFAEA,
  0xFB3A, 0xFB80, 0xFB63, 0xFADE,  0xFAED, 0xFB50, 0xFB77, 0xFB71,
  0xFAC0, 0xFA4B, 0xFA1D, 0xF998,  0xFA9B, 0xFAFC, 0xFA3F, 0xFBBE,
  0xFC00, 0xFB84, 0xFB75, 0xFAFD,  0xFA61, 0xFA3D, 0xFB43, 0xFBE1,
  0xFBE1, 0xFD35, 0xFDE7, 0xFD7F,  0xFEA5, 0xFDC1, 0xFCE5, 0xFCA9,
  0xFBDC, 0xFC4D, 0xFCC2, 0xFD99,  0xFE7F, 0x001B, 0x01DD, 0x0158,
  0x0289, 0x019A, 0x018A, 0x02FA,  0x0294, 0x03D4, 0x03F4, 0x04CF,
  0x0609, 0x0644, 0x05E5, 0x065A,  0x06B6, 0x0698, 0x06C7, 0x0739,
  0x075E, 0x077F, 0x084B, 0x081E,  0x07F4, 0x0783, 0x0698, 0x0586,
  0x04E1, 0x04B4, 0x0419, 0x03E1,  0x042F, 0x0442, 0x03F9, 0x036A,
  0x0302, 0x0263, 0x01B7, 0x01B3,  0x012D, 0x008A, 0x0078, 0x0073,
  0x006C, 0xFFD2, 0x003C, 0xFFB5,  0xFF42, 0xFFB5, 0xFF6E, 0xFF30,
  0xFF37, 0xFF59, 0xFF55, 0xFEF3,  0xFEFD, 0xFE8C, 0xFE27, 0xFEAC,
  0xFE45, 0xFE8B, 0xFE6F, 0xFDEB,  0xFE9B, 0xFE1B, 0xFD59, 0xFDB8,
  0xFC75, 0xFCD2, 0xFD47, 0xFD28,  0xFCFB, 0xFCC4, 0xFC80, 0xFDAD,
  0xFCA5, 0xFC0A, 0xFDBF, 0xFAD8,  0xFB56, 0xFB8E, 0xFBBD, 0xFBC5,
  0xFC22, 0xFE76, 0xFBC9, 0xFC56,  0xFEE5, 0xF831, 0xFDE1, 0xFDD1,
  0xF8A8, 0xFFCF, 0xFCA2, 0xFAD8,  0xFF8E, 0xFD1F, 0xFAF5, 0xFFD1,
  0xFBEE, 0xFBAE, 0xFE76, 0xFD60,  0xFD5B, 0xFF99, 0xFF93, 0xFE1C,
  0x003A, 0xFF33, 0xFE83, 0x00DC,  0x00C2, 0x00B6, 0x0342, 0x02D0,
  0x0299, 0x03B8, 0x03BD, 0x025A,  0x03B8, 0x03ED, 0x03CA, 0x0437,
  0x046B, 0x0508, 0x0502, 0x052F,  0x04EA, 0x0566, 0x048B, 0x0416,
  0x0556, 0x0423, 0x0426, 0x0535,  0x0327, 0x03FF, 0x03E0, 0x02A3,
  0x033D, 0x0300, 0x0260, 0x02C5,  0x027A, 0x026D, 0x026C, 0x01E8,
  0x0266, 0x016C, 0x0165, 0x0169,  0x0079, 0x0105, 0x0078, 0x0016,
  0x0045, 0xFF7F, 0x00D2, 0xFFF5,  0xFFEE, 0x0087, 0xFE95, 0xFFBA,
  0xFE9A, 0xFE8A, 0xFEAF, 0xFDEA,  0xFE8B, 0xFEA3, 0xFDB4, 0xFE0A,
  0xFDE6, 0xFE6E, 0xFCEB, 0xFF6A,  0xFEB1, 0xFD36, 0x014F, 0xFA26,
  0x0010, 0xFB3A, 0xFD17, 0xFE01,  0xFC05, 0x0226, 0xF72B, 0xFEE9,
  0xFE99, 0xF85E, 0xFD00, 0xFEF8,  0xFBEB, 0xFEAA, 0xFE2C, 0xF9FF,
  0xFEDE, 0xFD9D, 0xFB81, 0xFE90,  0xFD90, 0xFB4D, 0xFF35, 0xFD3F,
  0xFCC2, 0xFF09, 0xFEDE, 0xFD56,  0xFF58, 0x000A, 0xFBE0, 0x01DA,
  0xFEE1, 0xFD94, 0x0398, 0xFEA5,  0xFF55, 0x0296, 0xFDE2, 0x006F,
  0x01ED, 0xFE25, 0x01C3, 0x00B3,  0x0042, 0x0276, 0x016C, 0x018C,
  0x01F5, 0x0250, 0x021D, 0x0137,  0x037F, 0x016B, 0x0314, 0x045C,
  0x013D, 0x04B5, 0x035A, 0x030B,  0x0415, 0x01BE, 0x0422, 0x017A,
  0x00C5, 0x03D2, 0x00BB, 0x0345,  0x011C, 0x0345, 0x029B, 0x00A1,
  0x0316, 0x00F3, 0x0375, 0x0306,  0x0113, 0x0498, 0x027D, 0x0114,
  0x01B6, 0x0070, 0x0315, 0xFE8E,  0x0460, 0x0159, 0x019F, 0x01D8,
  0xFF02, 0x039D, 0xFC33, 0x01A0,  0xFFF9, 0xFFAC, 0x00FC, 0x002E,
  0x014F, 0xFDC8, 0xFE5A, 0xFF1A,  0xFD7F, 0xFDF5, 0xFF6F, 0xFD01,
  0xFF49, 0xFEB7, 0xFD84, 0xFC4D,  0xFF05, 0xFD10, 0xFAD6, 0xFF4E,
  0xFDAA, 0xFBAD, 0xFF9E, 0xFD17,  0xFCC9, 0xFDC1, 0xFD31, 0xFEB1,
  0xFC0A, 0xFE1A, 0xFDA8, 0xFE0B,  0xFAE1, 0x00B1, 0xFC6E, 0xFD94,
  0x004F, 0xFDE5, 0xFCB3, 0xFF22,  0x0038, 0xFA01, 0x04D7, 0xFA71,
  0xFF60, 0x0252, 0xFB4E, 0x005E,  0x01E3, 0xFD9A, 0xFF73, 0x01EA,
  0xFD8E, 0x01FD, 0xFFEB, 0x006D,  0x0001, 0x0426, 0xFE0C, 0x008B,
  0x055B, 0xFAAE, 0x0526, 0x0136,  0xFCE0, 0x06DF, 0xFC79, 0x0531,
  0x0156, 0xFF19, 0x06FA, 0xFFC3,  0xFFD0, 0x02F0, 0x02F7, 0xFBAF,
  0x074F, 0xFE4A, 0x0142, 0x02FB,  0x00ED, 0x004D, 0x0244, 0x0252,
  0xFE70, 0x04EE, 0xFE37, 0x01E3,  0x02A8, 0x01A9, 0xFD33, 0x0763,
  0xFCC1, 0x0209, 0x03E4, 0xFB8A,  0x05F6, 0x0132, 0xFC84, 0x0628,
  0xFE35, 0xFE14, 0x04B7, 0xFD4A,  0x010F, 0xFF6A, 0x0517, 0xF729,
  0x069C, 0xFFA1, 0xFA0B, 0x062C,  0xFA9C, 0xFF6E, 0x012C, 0xFC7F,
  0xFF8C, 0x02C6, 0xF994, 0x048F,  0xFC9C, 0xFD6B, 0x0198, 0xFBFE,
  0x01BD, 0xFD16, 0x00B3, 0xFC44,  0x026C, 0xFCF7, 0xFD3F, 0x018D,
  0xFD18, 0x0105, 0xFB8E, 0x03A0,  0xFB81, 0xFF47, 0x0065, 0xFDF3,
  0x006A, 0xFB79, 0x0568, 0xFA35,  0x00E7, 0x024B, 0xF8AE, 0x04EF,
  0xFF11, 0xFE9B, 0x0157, 0x0135,  0xFCE3, 0x026A, 0x01C4, 0xFEB1,
  0x0118, 0x0130, 0x02D4, 0xFE73,  0x036D, 0xFD86, 0x02A6, 0xFFA2,
  0x012D, 0x0477, 0xFA34, 0x05E3,  0xFF5B, 0xFDF6, 0x0454, 0xFCFF,
  0x0439, 0xFE29, 0x0067, 0x01A0,  0xFED6, 0x013F, 0xFD44, 0x02F5,
  0x007E, 0xFD5F, 0x00B6, 0xFEC8,  0x00D2, 0xFFB5, 0xFB4B, 0x06F9,
  0xFB55, 0xFD33, 0x05A9, 0xFABB,  0x0275, 0xFDFB, 0x009B, 0x01C1,
  0xFA74, 0x04F5, 0xFC90, 0x01A9,  0xFEA3, 0xFEE5, 0x03FF, 0xFB4F,
  0x032A, 0xFE36, 0x01FD, 0xFB95,  0x03CA, 0x0237, 0xF928, 0x0623,
  0xFD40, 0x00B1, 0xFE13, 0x008D,  0x0163, 0xFF69, 0x015D, 0xFEAA,
  0x01D8, 0xFD51, 0x02F4, 0xFB20,  0x03E7, 0x00DC, 0xFD89, 0x00DF,
  0x0011, 0x008E, 0xFD20, 0x03CA,  0xFA9C, 0x063D, 0xFA57, 0x01A0,
  0x054D, 0xF80E, 0x06B7, 0xFD47,  0x0188, 0xFF78, 0xFE4E, 0x0496,
  0xFB24, 0x03FC, 0xFD52, 0x018F,  0x0085, 0xFE54, 0x04AC, 0xFA97,
  0x0480, 0xFFF2, 0xFE07, 0x0550,  0xFD4B, 0x0141, 0x04A1, 0xF8C7,
  0x0771, 0xFBBA, 0xFE5E, 0x04B6,  0xFB84, 0x0249, 0x0018, 0x015B,
  0xFF1E, 0x0340, 0xFDF5, 0x0227,  0xFF8D, 0xFDC8, 0xFFE4, 0x01BF,
  0xFE42, 0xFDFA, 0x042D, 0xFBA2,  0x0089, 0x02D4, 0xFB90, 0x02C7,
  0xFF2E, 0x0069, 0xFF11, 0xFFC2,  0x00DD, 0xFD54, 0x02A5, 0xFBCD,
  0x0312, 0xFBE5, 0x02CD, 0xFE7D,  0xFF98, 0x0186, 0xFC54, 0x0464,
  0xFD31, 0xFF12, 0xFFA9, 0xFF7E,  0xFE45, 0x02D6, 0xFAA8, 0x0326,
  0xFF41, 0xFC2A, 0x050F, 0xF9D9,  0x02ED, 0xFEAF, 0x003E, 0x02A2,
  0xFCD6, 0x04B1, 0xFC1E, 0x024A,  0xFD6E, 0x0311, 0xFF54, 0xFFED,
  0x03A8, 0xFB85, 0x04DB, 0xFD35,  0x00D0, 0xFFFA, 0x0254, 0xFB7F,
  0x0531, 0xFDCD, 0x01A4, 0x008F,  0xFEEB, 0x00A9, 0xFE69, 0x0318,
  0xF92E, 0x05A6, 0xFD99, 0xFFDD,  0x00AE, 0xFFE4, 0xFF17, 0x01A3,
  0xFC11, 0x01AE, 0x01A8, 0xFD36,  0x0294, 0xFF61, 0xFFD3, 0xFE74,
  0x026B, 0x00DD, 0xFE9E, 0x0468,  0xFD97, 0x017D, 0x0131, 0xFDFB,
  0x0617, 0xFA17, 0x0458, 0xFFFA,  0xFE4C, 0xFF40, 0x02D8, 0xFD61,
  0x011F, 0x0318, 0xFBE0, 0x05AD,  0xF9AD, 0x040F, 0xFD59, 0x00EE,
  0x02CD, 0xFB93, 0x0400, 0xFB53,  0x02EE, 0xFE79, 0xFD92, 0x03A6,
  0xFEFC, 0xFF22, 0x0136, 0xFEB9,  0x0349, 0xFD69, 0xFE98, 0x05FD,
  0xF7D2, 0x0242, 0x0268, 0xFA24,  0x0205, 0x00DB, 0xFBDF, 0x0476,
  0xFD8E, 0xFE41, 0x0276, 0xFD8C,  0x004A, 0x01AC, 0xFCEC, 0x0364,
  0xFEE1, 0xFBFD, 0x05ED, 0xF8AC,  0x0469, 0xFED8, 0x00E7, 0xFF66,
  0x001A, 0x0222, 0xFD1A, 0x0458,  0xFD17, 0x0225, 0x0035, 0xFDFB,
  0x0272, 0xFF63, 0xFCCE, 0x04AD,  0xFB8F, 0x022F, 0x004F, 0xFCAA,
  0x07D5, 0xF833, 0x05B8, 0xFE73,  0x00B6, 0x033A, 0xF9E4, 0x06CF,
  0xF9C5, 0x0449, 0xFBC4, 0x03E5,  0xFCFC, 0x00B7, 0x0414, 0xF98B,
  0x061C, 0xFB4E, 0x038A, 0xFE61,  0x0102, 0x0155, 0x0207, 0xFA9D,
  0x04F9, 0xFE47, 0xFB0B, 0x066E,  0xFA65, 0x0112, 0x0431, 0xFB9D,
  0x0203, 0x03C0, 0xFA62, 0x05F2,  0xFCC2, 0xFE49, 0x01B8, 0xFE14,
  0x01BB, 0xFD88, 0x0275, 0xFF95,  0xFDB2, 0x03AD, 0xFDB5, 0x0182,
  0x0067, 0x015B, 0xFEC8, 0x009F,  0x0027, 0xFD37, 0x0283, 0xFDC6,
  0x0097, 0xFE8C, 0x02B4, 0xFE51,  0xFEEB, 0x02AF, 0xFE98, 0xFF5C,
  0x01B5, 0xFCB9, 0x0185, 0xFF8C,  0xFCE5, 0x063B, 0xF933, 0x02E0,
  0x00FF, 0xF9AC, 0x064D, 0xFB61,  0x02D9, 0x0027, 0x000E, 0x00B0,
  0xFD8A, 0x04D8, 0xF83E, 0x06B8,  0xFAB4, 0x030A, 0xFF7A, 0xFD1F,
  0x04AB, 0xF936, 0x05F3, 0xFDD4,  0xFFE7, 0x0031, 0x022F, 0xFBE2,
  0x043D, 0xFCB0, 0x04FB, 0xFCDD,  0xFECE, 0x03AC, 0xFB5F, 0x04B0,
  0xFA03, 0x0740, 0xFBC9, 0x02F6,  0xFDDE, 0x01A4, 0x002B, 0xFF31,
  0x0082, 0xFF01, 0x0431, 0xF82A,  0x07BC, 0xFBF5, 0x0068, 0xFE81,
  0x0096, 0x0448, 0xF7A6, 0x0A4C,  0xF8C0, 0x0340, 0x0124, 0xFA7A,
  0x087C, 0xF762, 0x05B4, 0x002A,  0xFC50, 0x035D, 0x0013, 0xFE52,
  0x007D, 0x033A, 0xFB81, 0x0351,  0xFE29, 0x00F4, 0xFFD6, 0xFD0B,
  0x069B, 0xF9FD, 0x020A, 0xFF3C,  0x0117, 0xFD54, 0x02DB, 0xFE7E,
  0xFF4D, 0x050C, 0xF843, 0x0663,  0x0082, 0xFDAC, 0x016E, 0x02AF,
  0xFA13, 0x03DB, 0xFFDC, 0xFADA,  0x0339, 0xFFA6, 0xFE13, 0x0148,
  0xFFB6, 0x0049, 0xFE58, 0x0178,  0xFF77, 0xFF57, 0x012D, 0xFF49,
  0x01B0, 0xFD60, 0x02A8, 0xFC16,  0x046E, 0xFA89, 0x04DF, 0xFE76,
  0xFDF5, 0x08AC, 0xF3A2, 0x0AEA,  0xFCD2, 0xFBCB, 0x06C1, 0xFCB4,
  0x00C7, 0xFDD4, 0x054E, 0xFA15,  0x03B6, 0xFDA5, 0xFE63, 0x0604,
  0xF6A5, 0x084D, 0xFFFA, 0xFCFB,  0x0038, 0x01AF, 0xFB36, 0x01E0,
  0x00B8, 0xFB63, 0x0B27, 0xF54C,  0x08BF, 0xFE01, 0xFB92, 0x0764,
  0xF80B, 0x0681, 0xFA93, 0x02AF,  0xFEDA, 0xFFDF, 0x00B2, 0x014B,
  0xFF67, 0xFE63, 0x031A, 0xFDCD,  0x0118, 0x00D4, 0xFCE9, 0x04F7,
  0xFDFA, 0xFB7F, 0x0931, 0xF529,  0x06C3, 0x00CD, 0xFABA, 0x05C1,
  0xFCE8, 0x01AF, 0xFD4E, 0x0324,  0xFE6C, 0xFF4F, 0x030D, 0xFA90,
  0x07EE, 0xF8B1, 0x0229, 0x01B2,  0xFBFE, 0x045E, 0xF9A6, 0x06EE,
  0xFD09, 0xFD4E, 0x06C1, 0xFC1F,  0xFEEE, 0x02A7, 0xFDD3, 0x0182,
  0xFD64, 0x0326, 0xFE26, 0xFFFC,  0x0377, 0xFB0A, 0x03FF, 0xFE16,
  0xFD93, 0x04CF, 0xFB63, 0x02A9,  0x0012, 0x00FF, 0xFE61, 0x0074,
  0x0016, 0xFE06, 0x0471, 0xF8A3,  0x084E, 0xF960, 0x01F2, 0x02BF,
  0xFB88, 0x03FF, 0xFB13, 0x0591,  0xFA52, 0x032F, 0x022A, 0xFBF6,
  0x029E, 0xFEDF, 0x00F0, 0x008D,  0xFD0A, 0x03B2, 0xFFCA, 0xFB07,
  0x0851, 0xFA74, 0xFF94, 0x03BB,  0xFC2C, 0x0313, 0xFDED, 0x0016,
  0x01D9, 0xFE51, 0x0055, 0xFD9E,  0x04A4, 0xFA7A, 0x0112, 0x03E9,
  0xFCE2, 0x016F, 0xFF78, 0x01CB,  0xFEB7, 0xFF9F, 0x012E, 0xFEA6,
  0xFF02, 0x02CA, 0xFD30, 0x0337,  0xFB62, 0x061E, 0xF8EA, 0x0671,
  0xFDA4, 0xFBD1, 0x09BA, 0xF587,  0x0720, 0xFE7C, 0xFBC2, 0x0620,
  0xFC81, 0xFB24, 0x0BBB, 0xF362,  0x0924, 0xFCC1, 0xFF10, 0x02BF,
  0xFE6B, 0x02BB, 0xF9BE, 0x0A95,  0xF3EA, 0x08FA, 0xFF01, 0xFBAE,
  0x0737, 0xFA6C, 0x01ED, 0x02B1,  0xF8F5, 0x077D, 0xFD61, 0xFBC8,
  0x06FF, 0xFB6A, 0xFFE6, 0x021C,  0xFC64, 0x00E8, 0x027C, 0xFBB1,
  0x00F1, 0x0042, 0x0299, 0xF903,  0x07D6, 0xFD76, 0xFF03, 0x03C6,
  0xFE0B, 0xFFBE, 0x031E, 0xFD25,  0xFE5D, 0x07A7, 0xF545, 0x072A,
  0xFDD5, 0xFF03, 0x004F, 0x02BC,  0xFBBA, 0x04AF, 0xFC46, 0xFF96,
  0x0503, 0xF820, 0x064C, 0xF9D4,  0x066D, 0xFB83, 0x014E, 0x025D,
  0xFDE4, 0x020A, 0xFC71, 0x02EF,  0x0022, 0xFD88, 0x0225, 0xFC8D,
  0x02F1, 0x0134, 0xFC08, 0x05D0,  0xFD19, 0x024E, 0x00A2, 0xFB79,
  0x054E, 0xFB01, 0x00D7, 0x02C7,  0xFAA2, 0x03E0, 0xFE8F, 0xFE54,
  0x01B0, 0x0097, 0xFCC7, 0x057D,  0xFC4E, 0xFD0E, 0x05F9, 0xFADC,
  0x0265, 0x005A, 0xFDC2, 0x03B6,  0xFC67, 0x02C8, 0xFD51, 0x0258,
  0x0106, 0xFFA9, 0x0130, 0x005F,  0x0098, 0xFE2D, 0x0533, 0xF656,
  0x0B06, 0xF5F7, 0x03D4, 0x006D,  0xFD24, 0x061E, 0xF7CA, 0x070D,
  0xFB8C, 0x01FC, 0xFCFE, 0x04A7,  0xF8EF, 0x063B, 0xFDE0, 0xFD51,
  0x0587, 0xF96D, 0x0699, 0xFB92,  0x024C, 0x0097, 0xFFBD, 0x00DD,
  0xFC6B, 0x048C, 0xFBE9, 0x0228,  0x0094, 0xFDD2, 0x044D, 0xFBCA,
  0x0395, 0xFCA6, 0x0031, 0x011F,  0xFD52, 0x029C, 0x0093, 0xFCD0,
  0x0493, 0xFD4C, 0x00CE, 0xFE3D,  0x00F6, 0xFFCC, 0xFDF5, 0x04BA,
  0xFB61, 0x04EE, 0xFCAA, 0x02E2,  0xFD94, 0x026A, 0xFD9D, 0x01DD,
  0xFF43, 0xFCE1, 0x0608, 0xFA32,  0x028E, 0x00A5, 0xFDD2, 0xFFE3,
  0x0234, 0xFF49, 0xFE4F, 0x04D2,  0xFB7E, 0x0414, 0xFD04, 0xFFF1,
  0x03CB, 0xF6FC, 0x0B7E, 0xF4B1,  0x0732, 0xFCE6, 0xFDDC, 0x0771,
  0xF6C6, 0x079C, 0xFCEC, 0x00B1,  0xFFEB, 0x01B4, 0xFDC6, 0x02C5,
  0xFD08, 0x00DF, 0x02AA, 0xF97E,  0x0944, 0xF948, 0x03FC, 0xFD5D,
  0x02D4, 0xFFF1, 0xF9F6, 0x0AB4,  0xF5DD, 0x05D1, 0xFACB, 0x060A,
  0xFBA3, 0xFD4D, 0x087B, 0xF584,  0x0669, 0xFFB4, 0xF979, 0x0BEC,
  0xF7FD, 0xFF6F, 0x0A69, 0xF17C,  0x0A3F, 0xFEEA, 0xF87D, 0x0B8B,
  0xF750, 0x0205, 0x06E8, 0xF540,  0x0A52, 0xF8D7, 0x0442, 0xFCC5,
  0x02B0, 0x0055, 0xFB34, 0x0A16,  0xF288, 0x0BCF, 0xF5D8, 0x0450,
  0x035C, 0xF681, 0x0BD4, 0xF810,  0x02A2, 0x0237, 0xFC58, 0x0103,
  0x038F, 0xFA64, 0x042C, 0x01D0,  0xFAB1, 0x05D8, 0xF9F8, 0x0420,
  0xFB2C, 0x03FE, 0xFED1, 0xFE36,  0x03AF, 0xFC2D, 0x037F, 0xFF79,
  0xFEA6, 0xFF8C, 0x0165, 0xFB7C,  0x03E6, 0xFC8A, 0x038E, 0xFEC3,
  0x0069, 0x012E, 0xFC49, 0x0667,  0xFA00, 0x0356, 0xFF5B, 0xFFFA,
  0x0025, 0xFD90, 0x046E, 0xF960,  0x0607, 0xFFD3, 0xFB43, 0x086C,
  0xF9BB, 0x0366, 0xFDC1, 0x0004,  0x01D2, 0xFD3A, 0x025F, 0xFDA1,
  0x0296, 0xFBF2, 0x0397, 0xFC6D,  0x033C, 0xFCED, 0x0035, 0x02DF,
  0xFB48, 0x058A, 0xFC6A, 0x027A,  0xFDC8, 0xFFCA, 0x0140, 0xFC11,
  0x02EB, 0xFEA7, 0x011E, 0x0231,  0xFE2B, 0x038D, 0xFC2F, 0x0322,
  0xFE97, 0xFDE5, 0x0506, 0xFC63,  0x016F, 0x0181, 0xFD09, 0x0385,
  0xFBB2, 0x042F, 0x0073, 0xFA4A,  0x0859, 0xF7A7, 0x044D, 0xFFE0,
  0xFBE3, 0x0653, 0xFA21, 0x0332,  0xFE44, 0x001B, 0xFF87, 0xFCA7,
  0x061B, 0xF820, 0x05E5, 0x02CF,  0xF838, 0x06AC, 0xFD38, 0xFD52,
  0x0589, 0xFB1F, 0x0379, 0xFD93,  0x0366, 0xFC49, 0x01CA, 0x02AA,
  0xF948, 0x05D5, 0xFE10, 0xFFEF,  0x00A7, 0x014D, 0xFC97, 0x0739,
  0xF50C, 0x09D3, 0xF808, 0x03B8,  0x0042, 0xFE22, 0x028C, 0xFBCA,
  0x06B6, 0xF7E3, 0x070A, 0xFB99,  0x06FC, 0xF74B, 0x0632, 0xFCA9,
  0xFF9F, 0x00EC, 0x00D5, 0xFDDD,  0x029B, 0xFEC8, 0xFD39, 0x036E,
  0xFD7C, 0x01A8, 0xFE8D, 0x01A6,  0xFE5D, 0x0119, 0xFC49, 0x0593,
  0xFA4E, 0x0469, 0x0062, 0xFEA0,  0xFE5B, 0x0857, 0xF5D7, 0x08DB,
  0xFBA8, 0x0083, 0x02D2, 0xFABF,  0x05A4, 0xF83A, 0x073B, 0xF9A5,
  0x04CC, 0xFCE9, 0xFF67, 0x0134,  0x0146, 0xF9AB, 0x0911, 0xFA75,
  0x0482, 0xFBDE, 0x01BA, 0xFFCE,  0xFCE5, 0x0307, 0xFEBB, 0x00EA,
  0x01A2, 0xFD42, 0x00D7, 0x059B,  0xF618, 0x0BC4, 0xF39D, 0x0C22,
  0xF81C, 0x035C, 0xFC9E, 0x025A,  0xFE3B, 0x0012, 0x0266, 0xFD2C,
  0x02C0, 0xFCAC, 0x044A, 0xFC35,  0x02C0, 0xFC12, 0x076B, 0xF4B7,
  0x0CBF, 0xF817, 0xFFE6, 0x0545,  0xFB18, 0x017E, 0x0181, 0xFE7B,
  0xFFE6, 0xFF23, 0x02C4, 0xFA37,  0x035A, 0x00DB, 0xFD8B, 0x03E8,
  0xFD22, 0x02B8, 0xFB9C, 0x038E,  0xFC5E, 0x0348, 0xFD42, 0x05BB,
  0xFABB, 0x0707, 0xFAE2, 0xFEF7,  0x03C0, 0xF8DC, 0x0513, 0xFDF6,
  0xFD5D, 0x05CD, 0xFA9F, 0x0298,  0x01DE, 0xFCF2, 0x01A8, 0x0227,
  0xFCAC, 0x01B1, 0x02E6, 0xFAFE,  0x05AE, 0xF8D2, 0x070B, 0xFA0E,
  0x03F4, 0xFDB0, 0x0064, 0x01C7,  0xFC9E, 0x02C4, 0x0136, 0xFAFC,
  0x060F, 0xFB63, 0x0096, 0x02B9,  0xFE72, 0x0074, 0x00C9, 0xFFB6,
  0xFB33, 0x0845, 0xF5E4, 0x0886,  0xFAC7, 0x04D8, 0xFD0C, 0x00CF,
  0xFFB3, 0xFEFB, 0x0276, 0xFD32,  0x01DB, 0x0180, 0xFE8C, 0xFDD3,
  0x04F3, 0xF9E9, 0x02D6, 0x0023,  0xFF07, 0x00FD, 0xFEB1, 0x048C,
  0xFC0B, 0xFF72, 0x0700, 0xF66B,  0x063A, 0xFD5C, 0xFF9B, 0x022E,
  0xFD77, 0x006F, 0x0291, 0xFDBC,  0xFFC7, 0x0242, 0xFF5D, 0xFFBA,
  0xFFB7, 0x0219, 0xFDBA, 0x0274,  0xFCCE, 0x026F, 0xFEC3, 0xFE4D,
  0x037B, 0xFC3E, 0x03E8, 0xFE94,  0xFC90, 0x0709, 0xF65E, 0x06B7,
  0xFD5D, 0xFFD5, 0x02B1, 0xFEA3,  0xFFA5, 0xFF8E, 0x01AC, 0xFD16,
  0x01BF, 0xFECC, 0x01C9, 0xFCED,  0x0322, 0xFC83, 0x0216, 0xFF39,
  0xFF99, 0x038E, 0xFBDB, 0x0260,  0x001D, 0xFCFB, 0x0824, 0xF5F7,
  0x0865, 0xFD31, 0xFD87, 0x065C,  0xF4C9, 0x0A21, 0xF8B6, 0x0271,
  0x0429, 0xFCA8, 0x039D, 0xFB88,  0x03A1, 0xFDE7, 0xFCCA, 0x0687,
  0xF9AA, 0x036B, 0x00D5, 0xFADC,  0x05CB, 0xFD9D, 0xFD91, 0x04B9,
  0xFC12, 0x0176, 0x00F0, 0xFEE4,  0x014B, 0xFD55, 0x0336, 0xFCE9,
  0xFC88, 0x07AB, 0xFB35, 0x0171,  0x020E, 0xFED8, 0xFE0C, 0x02FB,
  0xFCEC, 0x01C1, 0x012A, 0xFAB5,  0x0B45, 0xF2C0, 0x0C55, 0xFA03,
  0x0005, 0x0382, 0xF793, 0x0976,  0xF65B, 0x07C5, 0xFA69, 0x0084,
  0x0635, 0xF77B, 0x06C8, 0xFDF5,  0xFCEA, 0x0602, 0xFAB1, 0x02CC,
  0x00A5, 0xFA3C, 0x0709, 0xFBD9,  0xFCE6, 0x058A, 0xFC59, 0xFFCA,
  0x039E, 0xFB3D, 0x02B7, 0x009C,  0xFEF1, 0xFE6A, 0x0563, 0xFDEA,
  0xFFE0, 0x033E, 0xFC38, 0x02AF,  0xFBC7, 0x02F7, 0xFCE8, 0x02F4,
  0xFE13, 0x010B, 0xFEC2, 0x019B,  0xFD50, 0x03B7, 0xFC78, 0x0026,
  0x02C9, 0xFA8A, 0x0659, 0xFE2C,  0xFF26, 0x00D9, 0xFDD5, 0xFF26,
  0x021A, 0xFB49, 0x06BD, 0xFAF3,  0x0179, 0x0261, 0xFB2E, 0x0254,
  0x029E, 0xFB27, 0x0693, 0xFCA7,  0x04CB, 0xFA5A, 0x03EB, 0xFEAB,
  0xFE2A, 0x0292, 0xFA5B, 0x0952,  0xF5E3, 0x09EC, 0xF780, 0x070C,
  0xFCBA, 0xFF22, 0x01B5, 0xFE98,  0xFF62, 0x032F, 0xFE02, 0xFE86,
  0x05A6, 0xF544, 0x0DAE, 0xF43E,  0x05BE, 0xFDBE, 0xFE97, 0x040D,
  0xF88F, 0x06E4, 0xFC3F, 0x0435,  0xF942, 0x0720, 0x0000, 0xFB36,
  0x05BC, 0xFBF0, 0x028F, 0xFEC1,  0x0087, 0x02FE, 0xFD0E, 0xFF4C,
  0x01D1, 0xFFE8, 0xFDF3, 0x0095,  0x02D1, 0xFBD5, 0x03E9, 0xF952,
  0x05C1, 0xFE57, 0xFA19, 0x0A18,  0xF72B, 0x0517, 0xFEE7, 0xFDC4,
  0x0333, 0xFD16, 0x029C, 0x005D,  0xFEA1, 0x0157, 0x00D7, 0x019F,
  0xFC34, 0x0275, 0x036A, 0xF601,  0x07D8, 0xFEA4, 0xFC55, 0x057F,
  0xFC14, 0x02D4, 0xFF30, 0xFABF,  0x0279, 0x0005, 0xFB27, 0x0719,
  0xFABC, 0x021F, 0x02B2, 0xF699,  0x08C8, 0xFBC5, 0xFCD0, 0x08B9,
  0xF9C8, 0x038C, 0xFF7C, 0x0101,  0x0296, 0xF82C, 0x0985, 0xFBCD,
  0x010E, 0xFEF4, 0x0249, 0x0145,  0xF9F5, 0x0846, 0xF9E2, 0x016B,
  0xFFC2, 0xFE67, 0x04C2, 0xFC45,  0x008C, 0x02FB, 0xF990, 0x009E,
  0x00AD, 0xFD7C, 0x013E, 0x01EC,  0xFE85, 0xFF99, 0x0335, 0xF8D4,
  0x077B, 0xFA6A, 0x032E, 0x0158,  0xFF0F, 0x05A9, 0xF85D, 0x078D,
  0xFB87, 0xFED0, 0x0361, 0xFC78,  0x00FF, 0x013F, 0xFD54, 0x05C2,
  0xFA84, 0x0247, 0x00C8, 0x00DF,  0xFC01, 0x02FF, 0x0311, 0xF964,
  0x0439, 0xFC87, 0x039E, 0xF8BD,  0x08EF, 0xF8E7, 0x03A9, 0x01EF,
  0xFCC9, 0x03BE, 0xFDC4, 0x000F,  0xFF76, 0x0475, 0xF89A, 0x07AD,
  0xFAC3, 0x0147, 0x0294, 0xFBCC,  0x00BF, 0x0024, 0xFAEF, 0x0636,
  0xFE6C, 0xFDF1, 0x06C0, 0xFA18,  0x034E, 0xFCFF, 0x0188, 0x00FA,
  0xFCF1, 0x0276, 0xFF31, 0xFDC0,  0x045C, 0xFAF9, 0x03B7, 0xFC4A,
  0x00DE, 0x0349, 0xF9D2, 0x085A,  0xFBC3, 0x00FD, 0x012A, 0xFC8B,
  0x0276, 0x00B3, 0xFB0D, 0x0256,  0x0115, 0xFE41, 0xFFC1, 0x000D,
  0x017C, 0xFCCB, 0x03AC, 0xFEFD,  0x013D, 0x003F, 0xFC9D, 0x03CF,
  0xFD8D, 0x014A, 0xFF6B, 0x00C4,  0x0155, 0xFFE1, 0xFD7C, 0x0064,
  0x00A5, 0xFFDE, 0x00A9, 0x0024,  0x0102, 0xFE7A, 0x031E, 0xFA55,
  0x057C, 0xFC33, 0x01BD, 0x0027,  0x0038, 0x0354, 0xFBFC, 0x0394,
  0xFAAF, 0x0391, 0xFD3F, 0x00FC,  0x02F5, 0xFCD0, 0x00DB, 0x0132,
  0xFF5C, 0xFE4D, 0x00F9, 0x008A,  0xFE6F, 0x0375, 0xFBD6, 0xFF75,
  0x0424, 0xFA27, 0x0260, 0x010F,  0xFBBB, 0x051A, 0xFC54, 0x02E8,
  0x00CB, 0xFC1E, 0x04E0, 0xFBB7,  0x02D3, 0x00B1, 0x0186, 0xFF20,
  0x0179, 0xFF2C, 0xFC03, 0x0375,  0xFD51, 0xFD8B, 0x0857, 0xF825,
  0x0332, 0x012C, 0xFB84, 0x058F,  0xF80D, 0x06CA, 0xFD7A, 0xFF95,
  0x02D6, 0xFBDF, 0x0394, 0xFFE1,  0xFC20, 0x0388, 0xFD8D, 0xFED6,
  0x02AD, 0xFDB6, 0x013D, 0x0154,  0xFC91, 0x02A2, 0xFF4B, 0xFFCE,
  0x0187, 0xFE98, 0x021E, 0xFE2D,  0x02B6, 0xFE46, 0xFF64, 0xFF76,
  0xFFA1, 0x00CE, 0x00E5, 0xFF0E,  0xFFDC, 0x00DD, 0xFEE3, 0xFF22,
  0xFF60, 0xFE85, 0x0498, 0xFC6E,  0x0299, 0x013E, 0xFCE4, 0x036F,
  0xFAF2, 0x0204, 0xFED8, 0x0259,  0xFC34, 0x065E, 0xFB48, 0x014E,
  0x033A, 0xF67D, 0x095B, 0xFAC9,  0x026E, 0x0428, 0xFE70, 0x00D5,
  0x0051, 0xFCA3, 0x0155, 0xFF36,  0xFED7, 0x0218, 0xFE6E, 0x00E6,
  0xFE5C, 0xFFB8, 0xFF19, 0xFE47,  0xFFB1, 0x0368, 0xFD6B, 0x01A9,
  0x01BC, 0xFF3E, 0x014E, 0xFE96,  0xFF2A, 0x0379, 0xFAFA, 0x03AA,
  0x030D, 0xFBD8, 0x0479, 0xFB1F,  0x0460, 0xFE4D, 0xFF22, 0x008A,
  0xFEB6, 0x037C, 0xFDB6, 0x01CE,  0x0023, 0xFC6D, 0x024F, 0xFBE0,
  0x0294, 0x027A, 0xFA3D, 0x0754,  0xFACA, 0xFE52, 0x03CE, 0xF836,
  0x043C, 0x02A6, 0xFD3C, 0x04E4,  0x003F, 0x0005, 0xFEC4, 0x0046,
  0xFE16, 0x02B1, 0xFF71, 0xFCAB,  0x07E5, 0xFB7F, 0x00C1, 0x0197,
  0xFBC6, 0x0022, 0x01C6, 0xFDF3,  0x0285, 0x038F, 0xFA91, 0x0424,
  0xFBD1, 0xFF79, 0x002D, 0xFEF5,  0x00C0, 0x00A8, 0x0174, 0xFE38,
  0x0328, 0xFAC1, 0x02F7, 0xFE11,  0xFE08, 0x039B, 0xFDAD, 0x03D5,
  0xFF75, 0xFF70, 0x00E4, 0xFC80,  0x00A7, 0xFDE2, 0x03D0, 0x00F6,
  0x0158, 0x009C, 0xFF84, 0xFF73,  0xFD6E, 0x009C, 0xFDAA, 0x0318,
  0xFE7D, 0x0313, 0xFFAA, 0x005B,  0xFDCC, 0xFFD8, 0xFF58, 0xFEE9,
  0xFF4C, 0x030C, 0x007B, 0xFD29,  0x057F, 0xF845, 0x022F, 0xFEB3,
  0xFC3B, 0x042C, 0xFF4B, 0x02E4,  0xFF2E, 0xFF3E, 0x0019, 0xFC46,
  0x0306, 0xFD7F, 0xFE5A, 0x0578,  0xFE59, 0x01D7, 0x02BD, 0xFBA1,
  0x01FA, 0xFE34, 0xFF19, 0x054E,  0x0230, 0x0149, 0x0089, 0x00BE,
  0xFD91, 0xFE57, 0xFE09, 0xFF00,  0x01F5, 0x0053, 0xFF59, 0x0137,
  0xFDD6, 0xFE19, 0xFF3D, 0xFDFD,  0xFF34, 0x0310, 0xFFDF, 0x0113,
  0x0234, 0xFD15, 0x00B2, 0xFCE1,  0xFFC4, 0x00F7, 0xFF53, 0x0573,
  0xFFB0, 0xFFF6, 0x0012, 0xFDDF,  0x01C4, 0xFE56, 0x013B, 0x0284,
  0xFFA2, 0x00AB, 0x013F, 0xFC6A,  0x0003, 0x003D, 0xFC13, 0x0260,
  0xFEC3, 0x00EF, 0xFFD2, 0x014A,  0xFD63, 0x001A, 0x0215, 0xFA36,
  0x0596, 0x0001, 0xFE88, 0x0566,  0x0090, 0xFD10, 0x01D1, 0xFD84,
  0xFEBB, 0x01BA, 0x002D, 0x0127,  0x010E, 0x01FB, 0xFD11, 0x02C0,
  0xFF35, 0xFCBC, 0x0519, 0xFC2F,  0x0057, 0x01E1, 0xFCA3, 0x01E6,
  0xFCFF, 0xFFBF, 0xFF03, 0xFF21,  0xFFCF, 0x01A1, 0xFF82, 0x0157,
  0x0048, 0xFEC4, 0xFF80, 0xFE19,  0x0140, 0xFE73, 0x0365, 0xFEF6,
  0x00BE, 0x0204, 0xFD9C, 0x0107,  0x01A7, 0xFE01, 0x0264, 0x00D7,
  0x00A8, 0x00D7, 0x005C, 0xFEF6,  0xFF77, 0xFEFD, 0xFE00, 0xFF5C,
  0xFE37, 0x03F6, 0xFCFC, 0x0213,  0xFDDF, 0xFED1, 0x001F, 0xFCB7,
  0x029B, 0xFF60, 0x002D, 0xFFE3,  0x015E, 0xFF7B, 0xFEF7, 0x00DE,
  0x0061, 0x00BA, 0x0143, 0xFF3C,  0x020F, 0x009A, 0xFE59, 0x02C6,
  0xFF05, 0x0014, 0x00E9, 0xFFE7,  0x000D, 0xFF17, 0x0067, 0xFFA7,
  0xFFFA, 0xFFA0, 0xFFEF, 0xFFA7,  0x010F, 0x0057, 0xFF06, 0x01BB,
  0xFECD, 0x0002, 0x0123, 0xFDFC,  0x019C, 0xFFE2, 0xFDF0, 0x00CD,
  0x0048, 0xFCA9, 0x0131, 0x0002,  0xFE27, 0x00ED, 0x0069, 0x007F,
  0x0098, 0xFECD, 0xFF5D, 0x01F8,  0xFD11, 0x012E, 0x0156, 0xFF66,
  0x01A1, 0x0104, 0xFF6D, 0x0035,  0x0081, 0xFEA5, 0x011A, 0x010A,
  0xFDAB, 0x01A8, 0xFEAE, 0xFCB8,  0x0191, 0xFD10, 0xFFCA, 0x0196,
  0xFF0B, 0x0144, 0x00C5, 0x011A,  0xFF60, 0xFF2B, 0x01B5, 0xFFB2,
  0x00E4, 0x0034, 0x0171, 0x000A,  0xFF4D, 0x00D9, 0xFFA2, 0xFF63,
  0x007A, 0x0088, 0x0060, 0x0147,  0xFF00, 0x0050, 0xFD88, 0xFFCA,
  0xFF6E, 0xFE5E, 0x0345, 0xFD37,  0x00D7, 0x016A, 0xFD1A, 0x0166,
  0xFF12, 0xFF39, 0x0009, 0x003F,  0x00B3, 0xFF73, 0x00B9, 0xFFDC,
  0xFEB5, 0x00B2, 0xFF6C, 0xFF2D,  0x02E8, 0xFF57, 0x0304, 0x0144,
  0xFF54, 0x0127, 0xFE0C, 0x0196,  0x0001, 0x0064, 0x000B, 0x0021,
  0xFE5C, 0xFF0A, 0xFF19, 0xFDC4,  0xFFA6, 0x00FD, 0xFF55, 0xFFE9,
  0x01DB, 0xFEDD, 0x01CE, 0xFF28,  0xFF65, 0x01F1, 0xFEA0, 0x0105,
  0x013F, 0xFF6F, 0x0143, 0xFF7A,  0x0024, 0x0033, 0xFF15, 0xFF92,
  0x00BB, 0xFFB4, 0xFF80, 0x0019,  0x00AC, 0xFF65, 0xFEC5, 0x0145,
  0xFE66, 0x00A2, 0xFEB5, 0xFFDE,  0x0119, 0xFFB0, 0xFFF8, 0x0081,
  0xFFCB, 0xFEF1, 0xFFFA, 0xFF78,  0x01FA, 0xFF1E, 0x0066, 0x0004,
  0xFF23, 0xFF00, 0xFE73, 0x00AE,  0x0005, 0x005F, 0x008E, 0xFFFC,
  0x0043, 0x0031, 0xFF04, 0x0102,  0xFF12, 0xFF9D, 0x0139, 0x0104,
  0x00C3, 0x0037, 0x0125, 0xFFA3,  0x0115, 0x00D9, 0x003A, 0x0089,
  0x0075, 0x004F, 0xFFFF, 0xFED1,  0xFEB2, 0xFF9A, 0xFE4D, 0xFE77,
  0xFFBE, 0xFF08, 0xFF23, 0x0031,  0xFFE2, 0x00CB, 0x00B3, 0xFFAD,
  0x012F, 0x0120, 0xFF84, 0x025B,  0x0179, 0x0036, 0x015A, 0xFF0D,
  0xFF41, 0xFFD4, 0xFED2, 0xFFA6,  0x007E, 0x0006, 0xFFB8, 0xFFD5,
  0xFF12, 0xFEEC, 0xFF0C, 0xFF42,  0xFF38, 0x001C, 0x0031, 0xFFD2,
  0x014A, 0x007A, 0xFFEE, 0x0037,  0xFFC2, 0x002B, 0x017A, 0x0001,
  0x0136, 0x0110, 0xFFE3, 0x00C3,  0xFF96, 0x008B, 0xFF88, 0x006D,
  0x0040, 0xFF4E, 0x0054, 0xFEA7,  0xFE89, 0xFF76, 0xFEE6, 0xFF5B,
  0xFFCA, 0xFF86, 0x005C, 0xFFFF,  0xFFD6, 0x0001, 0xFFC5, 0xFFF5,
  0x00A5, 0x00D7, 0x005E, 0x0057,  0x0049, 0xFF2E, 0xFF57, 0xFF93,
  0xFF71, 0x0043, 0x0050, 0x0118,  0x0105, 0x0061, 0xFFEC, 0xFFCA,
  0xFFD1, 0xFFB0, 0x003F, 0x00B1,  0x00BA, 0x006C, 0x005A, 0xFFF1,
  0xFF42, 0xFF6A, 0xFF4D, 0xFF85,  0x0013, 0x0011, 0x003C, 0x0043,
  0x0032, 0xFFDF, 0xFF65, 0xFF8A,  0xFFB9, 0xFFC9, 0x006E, 0x005F,
  0x00AD, 0x001C, 0xFFAD, 0x001E,  0x003B, 0x0093, 0x0012, 0x007B,
  0x0058, 0x0002, 0xFF45, 0xFFB0,  0xFFC7, 0xFF35, 0x0001, 0x0015,
  0x0051, 0x0051, 0x005C, 0x0055,  0x0042, 0xFFD0, 0xFFDC, 0x0005,
  0xFFDB, 0xFFC1, 0xFFD3, 0x0017,  0xFF82, 0xFF37, 0xFF5B, 0xFFB3,
  0x0001, 0x0002, 0x0060, 0x0087,  0x002A, 0x0058, 0x0022, 0x0059,
  0x006A, 0x0022, 0x005D, 0xFFE5,  0xFFCE, 0xFF94, 0xFFB0, 0xFFC6,
  0xFFCE, 0xFFDD, 0x0034, 0xFFD6,  0xFFA2, 0xFFC1, 0xFFB5, 0xFFF3,
  0xFF79, 0xFFE0, 0xFFFD, 0x0017,  0x0042, 0x0061, 0x00CA, 0x009B,
  0x0038, 0x0055, 0x0049, 0xFFD7,  0x0034, 0x001C, 0x0055, 0xFFF9,
  0xFF8A, 0xFFF0, 0xFFE9, 0xFF9D,  0xFFFD, 0x001D, 0xFFB0, 0xFFF7,
  0xFFBA, 0x000C, 0x0046, 0xFFFE,  0xFFCA, 0x0031, 0xFFFB, 0xFFAF,
  0xFFDE, 0xFFEF, 0xFFEE, 0x002D,  0x0027, 0x0027, 0x0044, 0xFFA8,
  0x0034, 0x0022, 0xFFDC, 0xFFD7,  0x003B, 0xFFEC, 0xFF8C, 0x002D,
  0xFFA8, 0xFFC6, 0xFFDD, 0xFFCA,  0x004F, 0x002E, 0xFFF7, 0x004D,
  0x002B, 0xFFE1, 0x0024, 0x002A,  0x001A, 0x000C, 0xFFF6, 0x0009,
  0x0021, 0xFFA8, 0xFFDD, 0x003D,  0xFFFC, 0x0035, 0x0024, 0xFFFB,
  0x0026, 0xFFE7, 0xFFC7, 0x0020,  0xFFDA, 0x001C, 0x000B, 0xFFF0,
  0x001F, 0xFFDD, 0xFFD4, 0xFFC3,  0x0009, 0xFFCD, 0xFFFF, 0x0016,
  0x002E, 0x0029, 0xFFF9, 0x0032,  0x0024, 0xFFEA, 0x0013, 0x0014,
  0xFFF6, 0x0016, 0xFFEB, 0xFFDD,  0xFFB3, 0xFFB6, 0xFFC1, 0xFFE6,
  0xFFE6, 0xFFEE, 0x0027, 0x000C,  0x0009, 0x001A, 0x0004, 0x0030,
  0x0020, 0x0003, 0x002C, 0xFFE2,  0xFFEA, 0x0021, 0x0012, 0xFFFF,
  0x0022, 0x0013, 0x0030, 0x0048,  0x0027, 0x000E, 0x0006, 0xFFFC,
  0x000F, 0x000F, 0xFFFD, 0x001A,  0x0005, 0xFFF8, 0x0000, 0xFFEC,
  0xFFDC, 0x0003, 0xFFFC, 0xFFDF,  0xFFE0, 0xFFD1, 0xFFCE, 0xFFE1,
  0xFFE7, 0xFFF1, 0xFFF7, 0xFFFF,  0x0011, 0x0005, 0xFFFC, 0xFFE8,
  0xFFED, 0xFFE8, 0xFFE0, 0xFFF1,  0xFFF6, 0x0008, 0x0003, 0x000E,
  0x001D, 0xFFF0, 0x000A, 0x002F,  0x0027, 0x002A, 0x0018, 0x001C,
  0xFFFD, 0xFFE5, 0xFFEC, 0xFFF3,  0xFFF0, 0xFFE0, 0xFFEB, 0xFFF1,
  0xFFEB, 0xFFED, 0xFFEF, 0x001C,  0x0016, 0x0009, 0x0015, 0x001C,
  0x001B, 0x0000, 0xFFFD, 0x0009,  0x0008, 0xFFFA, 0x000D, 0x0011,
  0x000D, 0x0006, 0xFFED, 0xFFF5,  0xFFE8, 0xFFD5, 0xFFF5, 0xFFF9,
  0xFFF3, 0xFFFE, 0x0009, 0x000D,  0x0007, 0x0008, 0x0018, 0x002B,
  0xFFF7, 0x0019, 0x0019, 0x0001,  0xFFFD, 0xFFF4, 0xFFF9, 0xFFFF,
  0xFFF7, 0xFFF2, 0x000C, 0xFFF2,  0x0003, 0x0011, 0x0005, 0x000B,
  0x0000, 0x0009, 0x000B, 0x0008,  0xFFF8, 0xFFF1, 0xFFF8, 0xFFF5,
  0xFFE7, 0xFFFB, 0xFFF4, 0xFFF2,  0x0000, 0x0000, 0x0004, 0x0007,
  0x0007, 0x0013, 0x001B, 0x000E,  0x0004, 0xFFFB, 0xFFFF, 0x0009,
  0xFFFE, 0xFFFB, 0x0006, 0xFFF2,  0xFFFD, 0xFFFE, 0xFFFA, 0x0006,
  0x0007, 0x0001, 0x0006, 0x0014,  0x0004, 0x0006, 0x0002, 0xFFFE,
  0xFFFD, 0x0005, 0x000E, 0x0012,  0x000C, 0x0001, 0x000B, 0x0003,
  0xFFF7, 0xFFF5, 0xFFF3, 0xFFFC,  0xFFFE, 0x0000, 0xFFF6, 0xFFFA,
  0xFFE9, 0xFFF0, 0xFFEE, 0xFFE4,  0xFFF0, 0xFFF3, 0xFFF5, 0xFFFE,
  0xFFF8, 0x0008, 0x0010, 0x000B,  0x0002, 0x000E, 0xFFFE, 0x0009,
  0x0006, 0x000A, 0x0009, 0xFFFD,  0x0000, 0x0000, 0x0004, 0x0007,
  0x0007, 0x0009, 0xFFFC, 0xFFFB,  0xFFFD, 0x0001, 0xFFF7, 0x0000,
  0x0001, 0x0008, 0xFFFF, 0xFFFB,  0xFFF9, 0xFFFC, 0xFFFA, 0xFFF7,
  0x0001, 0x0006, 0x000C, 0x0011,  0x0006, 0x000D, 0x0002, 0x000D,
  0x0008, 0x0001, 0x000A, 0x0008,  0x0010, 0x0007, 0x0000, 0x0004,
  0xFFF9, 0xFFFB, 0xFFFB, 0x000A,  0x0004, 0x0002, 0xFFFA, 0xFFFA,
  0xFFF9, 0xFFF6, 0xFFF7, 0xFFFE,  0x0000, 0xFFF5, 0x0000, 0xFFF3,
  0xFFFA, 0xFFF8, 0xFFFC, 0x0006,  0x0000, 0x0000, 0x0001, 0x0001,
  0xFFF5, 0xFFFD, 0xFFF4, 0x0000,  0xFFFC, 0x0001, 0x0006, 0x0009,
  0xFFFC, 0xFFFB, 0x0005, 0xFFFF,  0xFFFF, 0xFFFF, 0x0004, 0x0001,
  0x0005, 0xFFFD, 0x0009, 0xFFF6,  0x0005, 0x0003, 0x0006, 0x0001,
  0x0005, 0x0001, 0xFFF9, 0xFFFB,  0xFFFC, 0x0003, 0x0000, 0x0003,
  0xFFFE, 0x0002, 0xFFFE, 0x0003,  0x0003, 0x0005, 0x0005, 0x0005,
  0x0005, 0x0000, 0x0004, 0x000E,  0x000E, 0x000C, 0x0002, 0xFFFD,
  0x0002, 0xFFFD, 0xFFF8, 0x0004,  0x0006, 0x0007, 0x0007, 0x0000,
  0x0008, 0x0005, 0xFFFF, 0xFFFD,  0x0003, 0xFFFC, 0x0003, 0x0004,
  0x0004, 0xFFFE, 0x0004, 0x0001,  0x0003, 0x0005, 0x0002, 0x0005,
  0x0009, 0x0004, 0x0002, 0xFFFE,  0xFFF9, 0xFFFC, 0xFFF9, 0xFFF6,
  0x0000, 0xFFF5, 0x0004, 0xFFF9,  0xFFFC, 0xFFFE, 0xFFFA, 0xFFFD,
  0xFFFF, 0xFFF8, 0xFFFD, 0x0000,  0x0001, 0x0001, 0x0003, 0x0000,
  0xFFFD, 0x0000, 0xFFFD, 0xFFFE,  0xFFFF, 0xFFFE, 0xFFFF, 0x0000,
  0x0002, 0xFFFE, 0xFFFD, 0xFFF7,  0xFFFC, 0xFFFF, 0xFFFF, 0x0001,
  0x0002, 0x0003, 0x0004, 0xFFFE,  0xFFFE, 0x0000, 0x0000, 0xFFFE,
  0x0005, 0x0000, 0x0008, 0x0006,  0x0001, 0x0009, 0xFFFE, 0x0003,
  0x0000, 0x0001, 0x0001, 0x0002,  0xFFFE, 0xFFFE, 0xFFFE, 0xFFFB,
  0xFFFA, 0xFFFC, 0xFFFE, 0xFFFC,  0xFFFE, 0x0000, 0xFFFD, 0x0003,
  0xFFFB, 0x0001, 0x0000, 0xFFFE,  0x0002, 0xFFFF, 0xFFFE, 0x0003,
  0xFFFC, 0x0002, 0xFFFE, 0x0003,  0x0005, 0x0003, 0xFFFF, 0x0002,
  0x0001, 0xFFFF, 0x0000, 0x0003,  0x0008, 0x0002, 0x0005, 0xFFFF,
  0x0004, 0xFFFE, 0xFFFF, 0x0004,  0x0002, 0x0005, 0x0000, 0x0005,
  0xFFFF, 0x0008, 0xFFFE, 0x0003,  0x0000, 0x0003, 0x0000, 0x0008,
  0x0000, 0x0004, 0x0001, 0x0001,  0x0004
};

#endif // End of _PMTD16K16B1C_H
