#ifndef _SECOND_FLOOR16K16B1C_H
#define _SECOND_FLOOR16K16B1C_H

#define SECOND_FLOOR16K16B1C_LITTLE_ENDIAN
#include <stdint.h>

#define SECOND_FLOOR16K16B1C_PB_FMT Mode_mono
#define SECOND_FLOOR16K16B1C_SZ 15418

const uint16_t second_floor16k16b1c[ SECOND_FLOOR16K16B1C_SZ ] =
{
  0x0000, 0xFFFF, 0x0000, 0xFFFF,  0x0000, 0xFFFF, 0xFFFF, 0xFFFF,
  0xFFFF, 0x0001, 0xFFFF, 0x0000,  0x0001, 0xFFFE, 0x0003, 0xFFFD,
  0x0001, 0xFFFE, 0x0002, 0xFFFF,  0x0001, 0xFFFF, 0x0004, 0xFFFD,
  0x0005, 0xFFFD, 0x0003, 0xFFFE,  0x0001, 0x0001, 0xFFFF, 0x0002,
  0xFFFE, 0x0002, 0xFFFE, 0x0002,  0xFFFE, 0x0002, 0xFFFF, 0x0001,
  0x0000, 0x0000, 0x0001, 0x0000,  0xFFFF, 0x0000, 0xFFFF, 0x0003,
  0x0001, 0x0001, 0xFFFD, 0x0002,  0xFFFE, 0x0000, 0xFFFE, 0x0000,
  0x0002, 0xFFFE, 0x0004, 0xFFFB,  0x0007, 0xFFFD, 0x0004, 0xFFFF,
  0x0001, 0xFFFF, 0x0002, 0x0000,  0x0001, 0x0001, 0xFFFF, 0x0002,
  0x0001, 0x0003, 0x0001, 0x0002,  0x0001, 0x0004, 0xFFFD, 0x0004,
  0xFFFC, 0x0003, 0xFFFD, 0x0002,  0xFFFE, 0x0001, 0x0000, 0x0000,
  0x0000, 0x0000, 0x0000, 0x0001,  0xFFFF, 0x0001, 0x0000, 0x0001,
  0x0003, 0x0000, 0x0000, 0x0001,  0x0001, 0xFFFD, 0x0005, 0xFFFA,
  0x0005, 0xFFFF, 0x0001, 0x0000,  0x0000, 0x0000, 0x0000, 0x0001,
  0xFFFE, 0x0003, 0xFFFF, 0x0002,  0x0002, 0x0002, 0x0002, 0x0001,
  0xFFFF, 0x0000, 0x0001, 0xFFFF,  0x0004, 0xFFFE, 0x0001, 0x0001,
  0x0002, 0x0002, 0xFFFF, 0x0001,  0xFFFF, 0x0004, 0xFFFC, 0x0005,
  0xFFFD, 0x0002, 0x0000, 0xFFFF,  0x0001, 0xFFFD, 0x0003, 0xFFFB,
  0x0003, 0xFFFD, 0x0002, 0xFFFE,  0x0000, 0x0000, 0xFFFE, 0x0001,
  0xFFFE, 0x0000, 0xFFFF, 0x0000,  0x0000, 0xFFFF, 0x0000, 0x0000,
  0xFFFF, 0x0001, 0xFFFE, 0x0001,  0xFFFD, 0x0000, 0xFFFE, 0xFFFF,
  0x0003, 0xFFFE, 0x0001, 0xFFFD,  0x0002, 0xFFFC, 0x0001, 0x0000,
  0x0001, 0x0001, 0xFFFF, 0x0001,  0x0000, 0x0001, 0x0002, 0x0000,
  0x0002, 0x0000, 0x0001, 0x0000,  0x0002, 0xFFFF, 0x0003, 0xFFFE,
  0x0005, 0x0001, 0x0003, 0x0000,  0x0002, 0x0001, 0x0002, 0x0003,
  0x0003, 0x0001, 0x0002, 0x0003,  0x0002, 0x0004, 0x0000, 0x0003,
  0x0001, 0x0003, 0x0002, 0x0000,  0x0004, 0x0000, 0xFFFF, 0x0006,
  0x0000, 0x0006, 0xFFFF, 0x0005,  0xFFFE, 0x0005, 0xFFFC, 0x0005,
  0x0001, 0xFFFE, 0x0003, 0xFFFF,  0x0002, 0x0002, 0x0000, 0x0002,
  0x0000, 0x0000, 0x0001, 0xFFFF,  0x0002, 0xFFFF, 0x0003, 0xFFFF,
  0x0000, 0xFFFF, 0x0000, 0xFFFD,  0x0003, 0xFFFE, 0x0000, 0x0000,
  0x0000, 0x0001, 0x0001, 0x0001,  0x0002, 0x0002, 0x0003, 0x0001,
  0xFFFE, 0x0001, 0x0000, 0xFFFF,  0x0002, 0xFFFB, 0x0004, 0xFFFC,
  0xFFFF, 0x0004, 0xFFFD, 0x0004,  0x0000, 0x0001, 0x0003, 0x0000,
  0x0001, 0xFFFF, 0x0001, 0x0000,  0xFFFF, 0x0000, 0x0002, 0xFFFF,
  0x0002, 0xFFFF, 0x0003, 0xFFFF,  0x0001, 0x0002, 0xFFFE, 0x0006,
  0xFFFB, 0x0004, 0xFFFF, 0x0000,  0x0002, 0xFFFF, 0x0003, 0xFFFE,
  0xFFFF, 0x0001, 0xFFFE, 0x0001,  0xFFFF, 0x0002, 0xFFFF, 0x0002,
  0xFFFF, 0x0005, 0xFFFF, 0x0002,  0x0002, 0x0000, 0x0002, 0x0002,
  0x0005, 0xFFFE, 0x0005, 0x0002,  0x0003, 0xFFFF, 0x0002, 0xFFFD,
  0x0007, 0xFFFA, 0x0001, 0xFFFD,  0x0002, 0x0002, 0xFFF9, 0xFFFA,
  0xFFF9, 0xFFFA, 0xFFFE, 0xFFFD,  0xFFFF, 0x0002, 0xFFFF, 0x0000,
  0x0001, 0x0000, 0xFFFF, 0x0001,  0xFFFE, 0x0001, 0xFFFD, 0x0009,
  0xFFFE, 0x0008, 0x0001, 0x0003,  0x0002, 0x0003, 0x0003, 0x0001,
  0x0000, 0x0005, 0x0001, 0xFFFE,  0x0006, 0xFFFD, 0x0007, 0xFFFC,
  0x0000, 0x0000, 0xFFFC, 0xFFFE,  0xFFFC, 0xFFFA, 0xFFF7, 0xFFFF,
  0xFFFC, 0xFFFC, 0xFFF6, 0xFFF2,  0xFFF3, 0xFFF3, 0xFFEF, 0xFFFD,
  0xFFFB, 0xFFFF, 0xFFFC, 0xFFFF,  0xFFFB, 0xFFFD, 0x0000, 0x0001,
  0x0001, 0xFFFF, 0x000A, 0xFFFF,  0x0007, 0xFFFF, 0x0003, 0x0005,
  0x0008, 0x000B, 0x0005, 0x000D,  0x0007, 0x000A, 0x0005, 0x0008,
  0x0004, 0x0004, 0x0005, 0x0003,  0xFFFE, 0x0002, 0xFFFF, 0x0001,
  0x0000, 0x0005, 0x0004, 0x0003,  0x0006, 0xFFFD, 0x0000, 0x0004,
  0x0002, 0xFFFD, 0x0001, 0xFFF5,  0x0004, 0xFFF4, 0xFFF4, 0xFFF6,
  0x0002, 0xFFF7, 0xFFF4, 0xFFFA,  0x0009, 0xFFF8, 0xFFF2, 0x0005,
  0x0002, 0xFFFD, 0xFFFD, 0x0004,  0xFFF7, 0x0006, 0xFFFF, 0x0003,
  0xFFFD, 0x0000, 0x0002, 0x0007,  0x0001, 0xFFFD, 0x0000, 0xFFFF,
  0x0002, 0xFFFB, 0x0000, 0x0005,  0xFFFC, 0x0002, 0x0002, 0xFFFB,
  0x0003, 0xFFFE, 0x0005, 0xFFFA,  0x0004, 0xFFF8, 0xFFFB, 0xFFFD,
  0xFFFE, 0xFFFD, 0xFFFB, 0x0004,  0x0000, 0x0009, 0xFFF9, 0x0008,
  0xFFFA, 0x0005, 0x0005, 0x0003,  0x0008, 0x0002, 0x0005, 0x0009,
  0x0006, 0xFFEE, 0x0014, 0xFFD6,  0x001B, 0x0000, 0xFFFA, 0x0014,
  0xFFEF, 0x0008, 0xFFEC, 0x000F,  0xFFF1, 0x000C, 0xFFF7, 0x0015,
  0xFFF1, 0x000E, 0xFFF5, 0x0009,  0x000E, 0xFFFB, 0x0024, 0x0008,
  0x0018, 0x0004, 0x0015, 0x000D,  0x001B, 0x0011, 0x001A, 0x0000,
  0x002B, 0xFFF3, 0x0029, 0xFFEB,  0x0024, 0xFFEE, 0x0020, 0xFFEB,
  0x0012, 0xFFE9, 0xFFEF, 0x0020,  0xFF95, 0x0078, 0xFF32, 0x00B5,
  0xFF1B, 0x0050, 0xFFF7, 0xFF6B,  0x007F, 0xFF43, 0x0087, 0xFF90,
  0x000D, 0x0023, 0xFFB8, 0x001D,  0x0015, 0xFFBC, 0x0064, 0xFFD4,
  0x003C, 0x0020, 0xFFDE, 0x0051,  0xFFCB, 0x0065, 0x0004, 0xFFF8,
  0x00A7, 0xFF32, 0x00B4, 0xFFC3,  0x000B, 0x0045, 0xFF94, 0x0064,
  0xFF9F, 0x006B, 0xFF4C, 0x00B5,  0xFF6E, 0xFF91, 0x0033, 0x002E,
  0x0016, 0xFF75, 0xFFFF, 0xFFDA,  0x0025, 0xFFD1, 0x0037, 0xFFF4,
  0xFFA1, 0xFFF9, 0x0013, 0xFFF3,  0x0095, 0xFFDA, 0xFFB3, 0x0036,
  0xFFA8, 0x00E7, 0xFEF9, 0x0008,  0x0049, 0xFE90, 0x00EB, 0xFF24,
  0x00CC, 0xFF9F, 0xFFC5, 0x0004,  0xFF6E, 0x0088, 0xFFC1, 0x0031,
  0xFFF9, 0x00A0, 0xFF9F, 0xFFBE,  0xFF4B, 0xFFEA, 0xFFF0, 0x00BC,
  0x002C, 0x0078, 0x0032, 0xFFC8,  0x0145, 0x0015, 0x017E, 0x0090,
  0x0158, 0x0052, 0xFF74, 0x0069,  0xFEF4, 0x00EB, 0xFEC6, 0x00D6,
  0xFFD6, 0xFF82, 0x00BC, 0xFDE9,  0xFFA4, 0xFF17, 0xFF67, 0x0073,
  0xFF7C, 0xFFE3, 0xFF62, 0xFE8C,  0xFFC6, 0xFF92, 0xFFD4, 0x0014,
  0x006E, 0x000C, 0x0222, 0xFE34,  0x0279, 0xFF23, 0xFEA5, 0x0345,
  0x009C, 0x02EF, 0xFF20, 0x0085,  0xFF6E, 0xFEFC, 0xFEB5, 0x01C9,
  0x0108, 0x008B, 0x001C, 0xFF9B,  0xFF86, 0xFE39, 0xFF98, 0xFF02,
  0x0080, 0x0038, 0x0029, 0xFEE0,  0xFE8D, 0xFE42, 0xFE22, 0x0146,
  0xFF07, 0x0179, 0x023B, 0xFD1D,  0x031C, 0xFCCE, 0xFFE6, 0x0185,
  0xFF67, 0x0532, 0xFEE6, 0x0289,  0x0096, 0xFC77, 0x018A, 0xFE97,
  0x00B7, 0x00B6, 0x0069, 0x018F,  0xFDEF, 0xFF68, 0xFC23, 0x0207,
  0xFDCB, 0x01FA, 0xFFF3, 0x003F,  0x0084, 0xFBE9, 0x0146, 0xFC8B,
  0x0251, 0x00B3, 0x0190, 0xFE75,  0x018A, 0xFFC5, 0x00C7, 0xFE4C,
  0x026B, 0x0095, 0x01D4, 0x012B,  0xFF6B, 0x01BB, 0xFC48, 0x0357,
  0xFC08, 0x030F, 0xFEEB, 0x016A,  0xFF0A, 0xFED5, 0x01DD, 0xFB5B,
  0x018C, 0xFF6A, 0xFF78, 0x01BA,  0xFDEA, 0x025A, 0xFCC7, 0x0248,
  0xFE65, 0xFEA1, 0x0329, 0xFC89,  0x06C0, 0xFABE, 0x01C1, 0xFF96,
  0xFE52, 0x0240, 0x008E, 0xFFE3,  0x01B5, 0x0208, 0xFC33, 0x0276,
  0xFE16, 0x0187, 0xFE4E, 0x00E6,  0x02CC, 0xFC62, 0x01B4, 0xFCE7,
  0x0241, 0xFCF7, 0x023B, 0xFF81,  0x00C4, 0x0197, 0xFCC6, 0x0132,
  0x0059, 0x00EF, 0xFD01, 0x0529,  0xFB2C, 0x039F, 0xFDA2, 0xFF8A,
  0xFF1B, 0x00C1, 0xFFAC, 0x00B2,  0x017B, 0xFDCF, 0x0271, 0xFCB9,
  0x029E, 0xFD3B, 0x01F7, 0xFF4C,  0x014C, 0xFF6C, 0x0049, 0xFEC6,
  0x00FE, 0xFE7D, 0x003D, 0x0215,  0xFD8B, 0x047C, 0xFB53, 0x0167,
  0x035A, 0xFA2E, 0x02CE, 0x01C7,  0xFC69, 0x03CB, 0xFF39, 0xFDFB,
  0x025E, 0xFD5B, 0x0117, 0xFFF1,  0xFFD9, 0x0117, 0x0199, 0x00AA,
  0xFA47, 0x03C0, 0xFDEE, 0xFF0C,  0x022A, 0xFE22, 0x0595, 0xFB0E,
  0x0378, 0xFEAB, 0xFDB8, 0x03A8,  0xFD1A, 0x037F, 0xFD51, 0x01A3,
  0xFF58, 0xFEAA, 0x0066, 0x01BF,  0xFEE2, 0x002D, 0x0105, 0x009A,
  0xFDDB, 0x0016, 0xFDB9, 0x0280,  0xFEB0, 0xFE1C, 0x05CD, 0xFA1C,
  0x04B1, 0xFEB4, 0xFDC7, 0x01C4,  0xFEBC, 0x00E6, 0xFEC5, 0x021C,
  0xFFF7, 0xFF09, 0x0163, 0xFC25,  0x0582, 0xF9B7, 0x03C5, 0x00E2,
  0xFD92, 0x0381, 0xFA90, 0x04F2,  0xFD4E, 0xFDAE, 0x05EA, 0xFC89,
  0x0049, 0x0264, 0xFDF2, 0x0276,  0xFC13, 0x0322, 0xFDCF, 0x00D8,
  0x0297, 0xFDED, 0x0133, 0xFEC7,  0xFF68, 0x00D0, 0xFD32, 0x0393,
  0xFCFC, 0x04BC, 0xFD00, 0x0039,  0x0083, 0xFD44, 0x041F, 0xF9E6,
  0x060C, 0xFBFF, 0x017E, 0x025C,  0xFDEE, 0xFEE0, 0x012F, 0xFF76,
  0x0005, 0x00EC, 0x0160, 0xFEDB,  0xFF61, 0x0081, 0xFEFB, 0x0136,
  0xFE56, 0x0297, 0xFFB1, 0xFE00,  0x053C, 0xFD0F, 0xFC50, 0x0607,
  0xFADE, 0x02C9, 0xFFC4, 0xFD0B,  0x0605, 0xFC95, 0x00DA, 0xFCE7,
  0x0350, 0xFCD2, 0xFFEF, 0x031A,  0xFE55, 0x0229, 0xFE19, 0x01AE,
  0xFEE5, 0xFF4B, 0x0157, 0xFE99,  0xFF76, 0x0359, 0xFB79, 0x0519,
  0xF91D, 0x0634, 0xFA2F, 0x0555,  0xFF5C, 0xFBA1, 0x07F4, 0xF805,
  0x06BA, 0xFA5A, 0x005B, 0x0272,  0xFF84, 0xFB52, 0x0A24, 0xF4A1,
  0x0872, 0xFB69, 0xFE9F, 0x04C0,  0xFC59, 0x0481, 0xF86E, 0x0B86,
  0xF5DD, 0x0643, 0xFF6D, 0xFE57,  0x03F5, 0xFC9B, 0x01A4, 0x01BD,
  0xF987, 0x0844, 0xFAAB, 0xFDF5,  0x064A, 0xF9C1, 0x046D, 0xFDB2,
  0xFE93, 0x007E, 0x01F0, 0xFC20,  0x0099, 0xFF71, 0x028D, 0xF957,
  0x07AF, 0xFD96, 0x005E, 0x01E0,  0xFF01, 0xFF42, 0x020C, 0x0096,
  0xFB75, 0x0832, 0xF6DC, 0x06A3,  0xFC6F, 0x004B, 0xFECD, 0x0359,
  0xFBF1, 0x02EE, 0xFE6E, 0xFF92,  0x02EB, 0xFA71, 0x0552, 0xFA45,
  0x0801, 0xF969, 0x0352, 0x00DE,  0xFFC4, 0xFFCB, 0xFD46, 0x030F,
  0xFF19, 0x0013, 0xFF9F, 0xFE4C,  0x02C5, 0x02A1, 0xF8ED, 0x06BB,
  0xFF18, 0x0147, 0x0156, 0xFA08,  0x06F6, 0xF92A, 0x018A, 0x00B9,
  0xFD45, 0x031D, 0xFE08, 0x0013,  0xFFB2, 0x00E2, 0xFF63, 0x0437,
  0xFA68, 0x01F6, 0xFFE7, 0xFD8A,  0x02B6, 0xFE22, 0x0044, 0x0266,
  0xFCC6, 0x03EA, 0xFCD8, 0x01B0,  0x026A, 0xFDD1, 0x028F, 0xFF3A,
  0x00E8, 0xFE6F, 0x0504, 0xF641,  0x0A4A, 0xF674, 0x041D, 0x0107,
  0xFCC0, 0x0675, 0xF6E9, 0x07EE,  0xFA95, 0x02AD, 0xFC57, 0x03D1,
  0xFB16, 0x04E0, 0xFDE6, 0xFDC3,  0x043E, 0xFAF1, 0x06EF, 0xFAA3,
  0x033C, 0x0091, 0xFEAB, 0x00B1,  0xFCB7, 0x036D, 0xFE8B, 0x0060,
  0x00A5, 0xFF27, 0x01AD, 0xFE8B,  0x018E, 0xFCCE, 0x0202, 0xFE72,
  0x0050, 0x01A6, 0xFFDC, 0xFD8E,  0x02F8, 0xFF1D, 0x011E, 0xFDEF,
  0x002E, 0x008C, 0xFDF9, 0x04A8,  0xFAE0, 0x042D, 0xFC9F, 0x0382,
  0xFDA2, 0x030A, 0xFE88, 0x005B,  0xFFD4, 0xFCF8, 0x0446, 0xFBF0,
  0x015A, 0x0149, 0xFE65, 0xFDEB,  0x04DF, 0xFD59, 0xFFFA, 0x03E7,
  0xFB12, 0x057E, 0xFBFA, 0x010B,  0x0344, 0xF8BE, 0x07BF, 0xF647,
  0x0783, 0xFC56, 0xFF8B, 0x05A5,  0xF88C, 0x05CD, 0xFEB5, 0xFE0F,
  0x01D0, 0x0034, 0xFE91, 0x0359,  0xFC21, 0x030F, 0xFFD7, 0xFC59,
  0x05FD, 0xFB39, 0x03D6, 0xFB2D,  0x06C9, 0xFDE9, 0xF9EA, 0x0CC9,
  0xF2A1, 0x0833, 0xF82E, 0x05EA,  0xFDDA, 0xFB99, 0x0821, 0xF87D,
  0x0411, 0xFF75, 0xFCE7, 0x0681,  0xFC69, 0xFE64, 0x07E8, 0xF49F,
  0x07AC, 0xFDC2, 0xFBF6, 0x07B5,  0xF934, 0x04B6, 0x01C7, 0xF961,
  0x07E5, 0xF7A2, 0x0896, 0xF8FC,  0x02C5, 0x042B, 0xF73E, 0x0B3E,
  0xF486, 0x0760, 0xFAD6, 0x0199,  0x0339, 0xF93C, 0x07FD, 0xFAE7,
  0x033C, 0xFECB, 0xFEE2, 0x0123,  0x00CC, 0xFC82, 0x0482, 0x00AC,
  0xFC15, 0x0534, 0xF622, 0x092C,  0xF806, 0x058B, 0x0024, 0xFD32,
  0x036E, 0xFDAB, 0x031B, 0xFC9E,  0x0323, 0xFB6A, 0x047B, 0xFA27,
  0x0447, 0xFD4A, 0x02FB, 0xFFCD,  0xFE8C, 0x0295, 0xFBD2, 0x063A,
  0xFABD, 0x0265, 0xFFA1, 0xFFAC,  0x0071, 0xFCF6, 0x02CE, 0xFC83,
  0x0364, 0x0202, 0xFAC3, 0x0663,  0xFC58, 0x0184, 0xFED2, 0x0008,
  0x0264, 0xFD53, 0x0285, 0xFDB6,  0x01F1, 0xFC99, 0x024F, 0xFD24,
  0x032E, 0xFE0B, 0xFEDE, 0x03B5,  0xFC25, 0x046F, 0xFDA5, 0x004A,
  0xFE9B, 0xFFA9, 0x0065, 0xFDEA,  0xFFFB, 0xFEB1, 0x0421, 0xFF2A,
  0x00C9, 0x036D, 0xFC54, 0x0315,  0xFD9D, 0xFE57, 0x0385, 0xFEDB,
  0x0050, 0x016A, 0xFD86, 0x0294,  0xFCAB, 0x0378, 0xFF9D, 0xFC4C,
  0x0693, 0xF927, 0x02F4, 0x006C,  0xFC47, 0x051C, 0xFB67, 0x02DB,
  0xFED8, 0xFF6E, 0xFFA5, 0xFC85,  0x0523, 0xF990, 0x0773, 0x006D,
  0xFBCC, 0x02D7, 0xFDB4, 0xFE8C,  0x0404, 0xFCA7, 0x0421, 0xFB7E,
  0x0415, 0xFCB4, 0x004E, 0x03BB,  0xFA26, 0x04FC, 0xFE3B, 0x00E2,
  0xFE1E, 0x0487, 0xF972, 0x08E7,  0xF538, 0x0963, 0xF798, 0x0559,
  0xFED3, 0x0036, 0x015A, 0xFB15,  0x0815, 0xF6B8, 0x08AB, 0xFA10,
  0x07E0, 0xF799, 0x05E1, 0xFAFB,  0x038D, 0xFCC1, 0x0452, 0xFD22,
  0x01F1, 0xFF68, 0xFCD7, 0x02AC,  0xFF0A, 0x000F, 0x009E, 0x00C8,
  0xFD08, 0x0382, 0xF957, 0x06BA,  0xF97B, 0x0653, 0xFD36, 0x0348,
  0xF9CE, 0x0A90, 0xF52F, 0x0808,  0xFCF7, 0xFF75, 0x0397, 0xFB87,
  0x0518, 0xF87B, 0x0676, 0xF99E,  0x05AB, 0xFAC8, 0x03F9, 0xFE20,
  0x0170, 0xFAD7, 0x08D9, 0xF812,  0x07B9, 0xFA1F, 0x0332, 0xFD9F,
  0xFF08, 0x00D3, 0x015F, 0xFF75,  0x0035, 0x0128, 0xFC7C, 0x0947,
  0xF418, 0x0CCA, 0xF149, 0x0F95,  0xF694, 0x037C, 0xFBE8, 0x0206,
  0xFEA2, 0x0176, 0x0046, 0x00EE,  0xFE38, 0x002B, 0x0335, 0xFA6A,
  0x06E2, 0xF7EE, 0x0972, 0xF2BD,  0x0E8B, 0xF614, 0x0369, 0x016C,
  0xFD81, 0x00FB, 0x0130, 0xFEB6,  0x02BB, 0xFACF, 0x060A, 0xF73F,
  0x04FE, 0x01B2, 0xFB51, 0x074A,  0xF96A, 0x060F, 0xF82B, 0x0695,
  0xFBCD, 0x0377, 0xFED0, 0x04AE,  0xF8F0, 0x07D0, 0xFB27, 0xFEA7,
  0x033E, 0xFC94, 0x00E5, 0x00CF,  0xFBF2, 0x0607, 0xF953, 0x0436,
  0x0076, 0xFEEC, 0x01D5, 0xFFE0,  0xFEA8, 0x005C, 0x02E0, 0xFA46,
  0x0565, 0xF8EF, 0x07CC, 0xF9DE,  0x051E, 0xFBF8, 0x0470, 0xFA34,
  0x048C, 0xFCC4, 0x0566, 0xFA54,  0x038F, 0xFC55, 0x029B, 0xFFB0,
  0x00DD, 0xFFB7, 0x00A5, 0x0230,  0xF766, 0x0C95, 0xF1E5, 0x0C71,
  0xF616, 0x09A3, 0xF7A7, 0x0446,  0xFD1B, 0x0202, 0xFFE5, 0x00D9,
  0xFF0E, 0x02E9, 0xFF6C, 0xF9E4,  0x0828, 0xF88F, 0x03F8, 0xFE90,
  0x01BA, 0xFD84, 0x028E, 0xFFEF,  0x00F2, 0xFBF3, 0x08B5, 0xF90B,
  0x02F3, 0xFE33, 0xFFB9, 0x0258,  0xFCA6, 0x0079, 0x0561, 0xF9D5,
  0x0609, 0xFC0D, 0x015A, 0x0155,  0xFB3C, 0x064A, 0xF948, 0x05A8,
  0xFB72, 0x028F, 0xFE5D, 0x00F7,  0xFF5E, 0xFF4F, 0x0004, 0x00FE,
  0xFCD7, 0x062E, 0xF677, 0x0782,  0xFC59, 0x0146, 0x02F9, 0xFE53,
  0xFF40, 0xFEA2, 0x03AB, 0xFE1A,  0xFED7, 0x004A, 0x0428, 0xF70A,
  0x0973, 0xF7B6, 0x0543, 0xFC22,  0x03F9, 0x00FA, 0xFD00, 0x0324,
  0xFF2E, 0xFC56, 0x0957, 0xF5C0,  0x04E7, 0x00DB, 0xFA71, 0x098E,
  0xF162, 0x0D0A, 0xF6DB, 0x049B,  0x02CA, 0xFC86, 0x0548, 0xF8F9,
  0x0520, 0xFDBC, 0xFB7D, 0x081A,  0xFA88, 0x010B, 0x018B, 0xFBB3,
  0x03DF, 0xFF2E, 0xFF72, 0x01B6,  0xFEAD, 0xFE99, 0x037A, 0xFB2A,
  0x038B, 0xFE2C, 0x00D8, 0x01E4,  0xF812, 0x0B59, 0xF82D, 0x0428,
  0xFC5A, 0x0686, 0xF861, 0x05BD,  0xFED9, 0xFDD0, 0x05C8, 0xF53D,
  0x0EF2, 0xEFF2, 0x10BB, 0xF4D7,  0x031D, 0xFF45, 0xFA6F, 0x0858,
  0xF723, 0x083E, 0xFA28, 0xFFB1,  0x052A, 0xFCBF, 0x00A5, 0x0337,
  0xF8A7, 0x08E3, 0xF929, 0x00A1,  0x03DF, 0xF6C5, 0x0C2C, 0xF77C,
  0x02F1, 0x0024, 0x0005, 0xFF76,  0x02B0, 0xFB6D, 0x0314, 0xFFC8,
  0xFF5E, 0x0072, 0x00B0, 0x018E,  0xFCC5, 0x05A9, 0xF9EB, 0x059A,
  0xF7CB, 0x08A0, 0xF93D, 0x060B,  0xFC22, 0x0226, 0xFA74, 0x0446,
  0xFD38, 0x0380, 0xFD02, 0x015B,  0xFE65, 0xFCD2, 0x05DF, 0xFE49,
  0x0089, 0x00D9, 0x0236, 0xF9DC,  0x07A2, 0xF569, 0x0A0E, 0xF564,
  0x071A, 0xFC51, 0x0158, 0xFD64,  0x0799, 0xF587, 0x0CA5, 0xF59C,
  0x083C, 0xF8F2, 0x045C, 0x00D5,  0xFC9F, 0x038C, 0xF787, 0x0D64,
  0xF19B, 0x1121, 0xEDBB, 0x1387,  0xEFBC, 0x0D51, 0xF43E, 0x07D0,
  0xFA34, 0x0465, 0x008E, 0xF7BB,  0x0D8B, 0xEFC7, 0x1458, 0xEB51,
  0x0F31, 0xF834, 0xFFEA, 0x0146,  0xFBB3, 0x07C6, 0xF760, 0x082E,
  0xF399, 0x1035, 0xF953, 0x006E,  0x023C, 0xFE7A, 0x0521, 0xF92C,
  0x07FD, 0xF783, 0x09A5, 0xF1FC,  0x0C13, 0xF91B, 0x0321, 0xFDE5,
  0x0759, 0xF874, 0x05DB, 0xFAAE,  0xFE5D, 0x0690, 0xF253, 0x1242,
  0xEB64, 0x1303, 0xF0B3, 0x08A2,  0xFB24, 0x04EB, 0xFF2F, 0x023D,
  0xFBA3, 0x0399, 0x00ED, 0xFD31,  0x0911, 0xF155, 0x1488, 0xE8A6,
  0x1101, 0xF660, 0x045D, 0x0219,  0xFCB9, 0x035A, 0x00B8, 0xFB73,
  0xFF43, 0x0378, 0xF55C, 0x1072,  0xEF20, 0x0DC6, 0xF78B, 0x0100,
  0x0372, 0xFB06, 0xFFFD, 0x05CA,  0xFAE2, 0xFE79, 0x0482, 0xFAF3,
  0x0A2F, 0xEFEB, 0x12D7, 0xF683,  0x0493, 0xFEA0, 0xFF06, 0x05B8,
  0xF3F7, 0x0FDE, 0xF393, 0x085E,  0xF9E8, 0x0395, 0x0145, 0xFDA7,
  0xFF16, 0x0463, 0xF981, 0xFD3C,  0x036A, 0xF85F, 0x0848, 0xFA05,
  0x06DE, 0xF76F, 0x0C0A, 0xEF74,  0x0C9C, 0xFA83, 0x00A1, 0x0562,
  0xF66A, 0x0E0A, 0xF3E9, 0x0A06,  0xFA77, 0x0133, 0x016E, 0xFCAD,
  0x00E2, 0x010B, 0xF84C, 0x0DE1,  0xF4A9, 0x0A48, 0xFD52, 0x01D4,
  0xFE3E, 0xFE72, 0x077C, 0xF5EF,  0x06BB, 0xF923, 0x089B, 0xF55F,
  0x0D73, 0xF283, 0x082A, 0xFCCC,  0xFC93, 0x053C, 0xFB77, 0x03CA,
  0xFC38, 0x06D5, 0xF706, 0x0914,  0xF5A4, 0x071A, 0xFEB7, 0xFEB3,
  0xFB0E, 0x0404, 0xF7E9, 0x0247,  0x07BE, 0xF54A, 0x0D34, 0xF5DB,
  0x05B0, 0xFE21, 0x0556, 0xFD10,  0x022A, 0xFECD, 0x0076, 0xFF29,
  0xFDA2, 0x021F, 0xFD00, 0x01BF,  0xFD4E, 0x034C, 0xFC91, 0x0972,
  0xFABC, 0x0372, 0xFDD6, 0xFD56,  0x0196, 0x0211, 0xF811, 0xFDB9,
  0x05ED, 0xF868, 0x0304, 0xFE43,  0x073C, 0xFB02, 0x054F, 0x0162,
  0xFF39, 0x0291, 0xF8E4, 0x0809,  0xFA30, 0x03A1, 0xFCD3, 0x04D0,
  0xFE3F, 0x012D, 0xFC9F, 0xFE5F,  0x0883, 0xF9E1, 0x04D3, 0xFBBE,
  0x04D8, 0xFC7D, 0x0332, 0xFACB,  0x0300, 0xFC2F, 0x03F3, 0xFEBC,
  0x000B, 0x0659, 0xF787, 0x07F3,  0xF6EA, 0x03DB, 0x01D2, 0xF905,
  0x088C, 0xFB85, 0x00B8, 0x0136,  0xFF41, 0x0163, 0xFC1D, 0x05F4,
  0xF9A6, 0x0447, 0xF723, 0xFF55,  0x01E3, 0x0214, 0xFE2C, 0x02AE,
  0xF99B, 0x01A5, 0xFE7E, 0x03A6,  0x0236, 0xF492, 0x0D4A, 0xF4A6,
  0x05E0, 0x0142, 0x048A, 0x00C4,  0x01A8, 0xFF2C, 0xFB47, 0x02E5,
  0x0005, 0xFA97, 0x0C2B, 0xF496,  0x02B8, 0xFD34, 0xFCCD, 0x0607,
  0xF9A5, 0x04A6, 0xFD91, 0x0018,  0x007A, 0x007A, 0x0005, 0x03FC,
  0xF597, 0x0F69, 0xEC40, 0x05B0,  0xFCB0, 0xFF52, 0xFD9C, 0x0600,
  0xFB63, 0x02C7, 0x08FE, 0xFA73,  0x08D6, 0xF59D, 0x0897, 0xF7ED,
  0x09FF, 0xFA4C, 0x0308, 0xFB32,  0x05A8, 0x015F, 0xFC79, 0x0057,
  0xFE7F, 0x0051, 0x01F1, 0xFA27,  0xFB9B, 0xFC40, 0x0BFA, 0xF867,
  0xFFD2, 0x0219, 0xF846, 0x0C0B,  0xF3A0, 0x0949, 0xF2F2, 0x0EC3,
  0xF1C9, 0x0BC1, 0xF68B, 0x02EA,  0x0818, 0xEFB4, 0x19E7, 0xED74,
  0x12D2, 0xFE93, 0x0455, 0x0050,  0xFFE8, 0xFDC9, 0xFB59, 0x03A0,
  0xF84F, 0x03DE, 0xF370, 0x03D7,  0xF813, 0x012D, 0x01E6, 0x0145,
  0x030E, 0x0251, 0xFCC7, 0xF7E2,  0x06BE, 0xFAAF, 0x0557, 0x01D9,
  0x0036, 0x027E, 0xFBA6, 0x0340,  0x025F, 0xFC36, 0x06FE, 0xFDC2,
  0x0858, 0x00FF, 0xF763, 0x02FA,  0xF7EA, 0x03B4, 0xFF80, 0x008C,
  0x062E, 0xFBE1, 0x010F, 0xFBC4,  0xFEA7, 0x054A, 0xF8F1, 0x03E7,
  0xFD08, 0xFCB9, 0xFE42, 0xF548,  0x01F6, 0x05AF, 0x042C, 0x0357,
  0x0396, 0x0635, 0xFF2A, 0x0285,  0x000B, 0x0509, 0x00F8, 0xFA10,
  0x0B86, 0xF842, 0x0403, 0xFD47,  0xF700, 0x04F6, 0xFC33, 0x028D,
  0xFDE0, 0x030D, 0xFE73, 0xFBBB,  0xFE7B, 0xFD13, 0xFE1F, 0x016F,
  0xFFCF, 0x03D6, 0xFF79, 0x0200,  0x055D, 0xFAF0, 0x080B, 0x022F,
  0x043B, 0x04EE, 0x0032, 0x0164,  0xFDC9, 0x00D2, 0xFF88, 0xFF42,
  0x008B, 0x00BC, 0x023F, 0xFD3C,  0xFE53, 0xF7AB, 0xFCB6, 0x00E3,
  0xFDC0, 0x015C, 0xF7DC, 0xFF32,  0xFB2A, 0xFC4A, 0x007E, 0xF990,
  0xFE4B, 0x0528, 0xFACB, 0x0153,  0xF877, 0xFF5F, 0x0305, 0xF8B8,
  0x0ABB, 0xFA77, 0x0367, 0x00A5,  0xFC3A, 0x046D, 0xFBD8, 0x0171,
  0x0163, 0xFC34, 0x0030, 0xFC12,  0xFC58, 0xFBE6, 0xF834, 0x004F,
  0xFED6, 0x0103, 0x03DF, 0x03D1,  0x0302, 0x028D, 0x0477, 0x093A,
  0x0AC3, 0x093B, 0x09B6, 0x05C0,  0x024B, 0x02D0, 0xFFDE, 0x0176,
  0x01ED, 0x0138, 0x02AD, 0xFFCF,  0x0074, 0xFC31, 0xFC57, 0xFCDF,
  0xFAAC, 0x00AA, 0xFDC2, 0xFB02,  0xFB4E, 0xF7ED, 0xF8D9, 0xFA01,
  0xFD37, 0xFF7E, 0x0021, 0x0100,  0xFF49, 0xFC39, 0xFD54, 0xFE22,
  0x0267, 0x035B, 0x042D, 0x03C5,  0x029F, 0xFFBB, 0xFF15, 0x0048,
  0x01A4, 0x0552, 0x0144, 0x0161,  0xFF95, 0x0104, 0xFF1F, 0xFEF5,
  0xFE9E, 0x030B, 0x0271, 0xFEDE,  0x00BE, 0xFDE1, 0xFEF7, 0x00D8,
  0xFF4D, 0x0131, 0x00A8, 0xFEE4,  0x0362, 0x003D, 0x01E7, 0x00E7,
  0x00F6, 0x022B, 0x0244, 0x0180,  0x00E8, 0xFE1E, 0xFFF5, 0x00FB,
  0xFD9D, 0x00F7, 0xFE12, 0x008D,  0x002C, 0xFF9E, 0x00D6, 0x0016,
  0x0098, 0x00F9, 0x0088, 0x01BF,  0xFFCC, 0xFE7F, 0x0131, 0xFDD2,
  0x00FE, 0xFF41, 0xFF3F, 0xFF31,  0xFC6E, 0x0198, 0xFFBF, 0xFED0,
  0xFF9F, 0xFFEB, 0x00EF, 0x007C,  0x00CA, 0x01D2, 0xFFA6, 0xFF31,
  0xFFF7, 0xFD74, 0xFEC0, 0xFF5D,  0xFF64, 0x0068, 0xFFD4, 0xFFC3,
  0xFD30, 0xFDCE, 0xFFC7, 0xFE25,  0x005C, 0xFF28, 0xFF19, 0x0054,
  0xFD7B, 0xFFA1, 0xFE9C, 0xFF00,  0x0221, 0x00B6, 0x01A4, 0x00DA,
  0x0009, 0x015C, 0x017B, 0x0296,  0x02B6, 0x0226, 0x03CA, 0x03BF,
  0x01FD, 0x0372, 0x0286, 0x037F,  0x0460, 0x05DE, 0x053B, 0x03C2,
  0x03DE, 0x03E1, 0x0301, 0x02FA,  0x03A1, 0x02C1, 0x02D0, 0xFFFC,
  0x01BD, 0xFE50, 0xFC78, 0xFCBF,  0xF939, 0xFA6D, 0xF956, 0xF765,
  0xF5E1, 0xF64C, 0xF72F, 0xF490,  0xF238, 0xF099, 0xF135, 0xF03D,
  0xF332, 0xF3B5, 0xF43B, 0xF370,  0xF4D4, 0xF416, 0xF33B, 0xF6A1,
  0xF7C2, 0xFB3A, 0xFD8D, 0x03F1,  0x03EF, 0x0654, 0x0625, 0x0C27,
  0x0DE8, 0x0DAA, 0x1235, 0x12C5,  0x1800, 0x197E, 0x194E, 0x1807,
  0x196D, 0x1B61, 0x1ACB, 0x1964,  0x18E1, 0x17CE, 0x1495, 0x11CB,
  0x0E46, 0x0C24, 0x0AE7, 0x0979,  0x08A2, 0x04E0, 0x0318, 0xFFBA,
  0xF61B, 0xF306, 0xEFED, 0xEA60,  0xE804, 0xE092, 0xE045, 0xD875,
  0xD64A, 0xD17A, 0xCB69, 0xCAC6,  0xC6AF, 0xC698, 0xC7F7, 0xD0D4,
  0xD61B, 0xE506, 0xEF3D, 0xF9D4,  0x0017, 0x0978, 0x154A, 0x19A7,
  0x2343, 0x26CE, 0x2F8A, 0x2D84,  0x2B1D, 0x270A, 0x20D2, 0x1E29,
  0x192A, 0x18A8, 0x1414, 0x14D9,  0x170C, 0x175A, 0x170C, 0x189B,
  0x1925, 0x1C11, 0x1C25, 0x1BA6,  0x1FBE, 0x1D77, 0x1E37, 0x1A48,
  0x1153, 0x0AC7, 0x01A2, 0xFDE8,  0xF5DD, 0xEE62, 0xE6AE, 0xDC2A,
  0xD8BE, 0xD237, 0xCC29, 0xC36C,  0xBF87, 0xBA7B, 0xB9F4, 0xB951,
  0xBC2A, 0xBFB4, 0xC80B, 0xDC27,  0xEE32, 0x0396, 0x04CE, 0x090C,
  0x1527, 0x2434, 0x2EF9, 0x2C85,  0x3048, 0x3079, 0x3082, 0x2CB6,
  0x1F39, 0x1170, 0x07BF, 0x06F4,  0x07BE, 0x03FA, 0x0426, 0x0761,
  0x0E17, 0x1486, 0x13FD, 0x170C,  0x1AAE, 0x2348, 0x2DF2, 0x2EA7,
  0x294B, 0x26D1, 0x259B, 0x214A,  0x16E1, 0x0953, 0xFF2F, 0xF679,
  0xF080, 0xEAE8, 0xE191, 0xD73F,  0xCF25, 0xCC24, 0xC6F3, 0xC2B5,
  0xC213, 0xBFA1, 0xBE31, 0xBE09,  0xBF4B, 0xC04A, 0xC9B9, 0xD2E0,
  0xEBBC, 0x0073, 0x111C, 0x132D,  0x1583, 0x208A, 0x272F, 0x374E,
  0x3360, 0x32DD, 0x2A50, 0x289E,  0x231A, 0x10B2, 0x0130, 0xF7C7,
  0xFA07, 0xF938, 0xFB20, 0xFCB7,  0x01B0, 0x0B8D, 0x152C, 0x1BE0,
  0x1C4A, 0x2310, 0x2CFA, 0x33A6,  0x33D6, 0x2E7B, 0x296D, 0x21A6,
  0x1C41, 0x0F80, 0x0132, 0xF436,  0xECE8, 0xE67C, 0xE136, 0xDCCC,
  0xD600, 0xCF48, 0xCAB1, 0xC99E,  0xC545, 0xC1C4, 0xC04D, 0xC17F,
  0xC2CD, 0xC145, 0xC824, 0xD13E,  0xDF15, 0xF36A, 0x0B94, 0x1B04,
  0x166A, 0x1C6D, 0x264E, 0x339B,  0x3714, 0x3679, 0x3281, 0x2669,
  0x2047, 0x1206, 0x0286, 0xF4A7,  0xF0E9, 0xF327, 0xF49A, 0xF856,
  0x0134, 0x0BF5, 0x15B5, 0x1F03,  0x263E, 0x2CBE, 0x3288, 0x3532,
  0x35C1, 0x32A0, 0x2A57, 0x1FC2,  0x1873, 0x0DF1, 0x0312, 0xF71E,
  0xE795, 0xE01E, 0xDDF0, 0xE08A,  0xDDED, 0xD71F, 0xCFDC, 0xCDD9,
  0xCDAC, 0xC9B2, 0xC89E, 0xC59A,  0xC445, 0xC65C, 0xC75B, 0xCB2E,
  0xD219, 0xE4EB, 0xFC3A, 0x15F4,  0x1DCD, 0x1D48, 0x239E, 0x2BC7,
  0x364D, 0x34D5, 0x3554, 0x2857,  0x2145, 0x14BC, 0x05FE, 0xF8CC,
  0xECAE, 0xEC67, 0xEF6D, 0xF5BC,  0xFA9A, 0x0891, 0x1277, 0x20C2,
  0x27E6, 0x2E99, 0x32EB, 0x3672,  0x382D, 0x33C1, 0x2CFA, 0x228D,
  0x1933, 0x0CF2, 0xFFDF, 0xF382,  0xEA7E, 0xE3F0, 0xE1F8, 0xE124,
  0xE16B, 0xDE01, 0xDA79, 0xD519,  0xD171, 0xCA0B, 0xC7D7, 0xC6B0,
  0xC689, 0xC525, 0xC7DC, 0xCD9A,  0xD4E2, 0xDADA, 0xE8AD, 0x0799,
  0x18EE, 0x2080, 0x1C11, 0x2880,  0x3257, 0x3974, 0x3808, 0x2CCE,
  0x221D, 0x15B2, 0x0C34, 0xFB60,  0xEFB6, 0xE88D, 0xED96, 0xF32C,
  0xF713, 0xFEA3, 0x0B6B, 0x1B08,  0x25AE, 0x2C79, 0x355A, 0x38C1,
  0x3A10, 0x392F, 0x329F, 0x270F,  0x1D90, 0x13A1, 0x05A5, 0xF73C,
  0xEC51, 0xE5E9, 0xDFC4, 0xE029,  0xE01F, 0xE04E, 0xDD7F, 0xD632,
  0xD1C5, 0xCEBA, 0xCDAC, 0xCC47,  0xCC57, 0xCA73, 0xC6E8, 0xC5A5,
  0xC9D0, 0xD432, 0xDE06, 0xF6E9,  0x11E3, 0x2494, 0x1FA8, 0x1F10,
  0x2B74, 0x351F, 0x3904, 0x2D49,  0x265F, 0x1A4C, 0x11D3, 0x0304,
  0xF6BA, 0xEC7E, 0xEA5B, 0xEF10,  0xF261, 0xFC9C, 0x05BF, 0x15E1,
  0x22DB, 0x2E82, 0x351C, 0x37FD,  0x3997, 0x3775, 0x3581, 0x2D35,
  0x1FEC, 0x142E, 0x09FE, 0xFC56,  0xF023, 0xE925, 0xE42B, 0xDF3F,
  0xD902, 0xDB8A, 0xDEE8, 0xDCAF,  0xD8D5, 0xD3DC, 0xD28C, 0xCEB8,
  0xCC0F, 0xC860, 0xC6D2, 0xC93C,  0xCED3, 0xD2A6, 0xD6EC, 0xE704,
  0x0439, 0x22BD, 0x1E94, 0x1754,  0x1C72, 0x3039, 0x3B28, 0x2FC9,
  0x24F3, 0x17CA, 0x1413, 0x0C40,  0x01C0, 0xF1FB, 0xEC23, 0xF1CA,
  0xF94A, 0xFC5E, 0x00E0, 0x0FBB,  0x217E, 0x305C, 0x351D, 0x318D,
  0x3108, 0x3494, 0x3625, 0x30AD,  0x21C1, 0x1567, 0x0EE1, 0x09C8,
  0x00EA, 0xF5EA, 0xED42, 0xE5E0,  0xDAE5, 0xD9A8, 0xD75D, 0xDA39,
  0xD988, 0xDBA8, 0xDB8B, 0xD4FE,  0xCF64, 0xCB28, 0xCE37, 0xD148,
  0xD469, 0xD193, 0xD1EC, 0xD4D8,  0xE7D1, 0x01AB, 0x1A7B, 0x1D44,
  0x1A1F, 0x18B2, 0x20C3, 0x28AC,  0x299B, 0x1F91, 0x1167, 0x14A8,
  0x1005, 0x0C7D, 0x0168, 0xFC0E,  0xFB53, 0xFF07, 0x033C, 0x0A67,
  0x1437, 0x1E7B, 0x27B7, 0x2F77,  0x2F63, 0x2A0B, 0x2A06, 0x281F,
  0x2704, 0x1E1C, 0x16D0, 0x0FA7,  0x08BA, 0xFFEA, 0xF9D4, 0xF213,
  0xEC63, 0xE410, 0xDD18, 0xD856,  0xD4B5, 0xD19B, 0xD2B9, 0xD835,
  0xD7C7, 0xD5EE, 0xD108, 0xCE13,  0xC9C7, 0xCCC0, 0xC832, 0xCF4E,
  0xD90A, 0xEB65, 0x03DD, 0x16B9,  0x1F80, 0x1737, 0x1991, 0x1EA5,
  0x281D, 0x29AD, 0x2105, 0x159C,  0x119B, 0x1298, 0x0DC3, 0x0398,
  0xFC32, 0xFAFB, 0xFED1, 0x0629,  0x0C8F, 0x15BC, 0x1EEB, 0x2882,
  0x2DFE, 0x2B93, 0x28A0, 0x257A,  0x27DB, 0x2248, 0x1E49, 0x17EA,
  0x12EB, 0x0C58, 0x0576, 0x0105,  0xF6AE, 0xED2F, 0xE025, 0xDFC5,
  0xDC0E, 0xDE40, 0xDB6A, 0xD715,  0xD695, 0xD852, 0xD9C4, 0xD720,
  0xD51C, 0xD5CE, 0xD297, 0xCB44,  0xC50A, 0xC7D3, 0xD649, 0xEE03,
  0x1209, 0x2064, 0x1573, 0x0BE4,  0x16C3, 0x22AE, 0x2E40, 0x2B47,
  0x20AD, 0x19CB, 0x1788, 0x169E,  0x0FF1, 0x0210, 0xFB73, 0xFBDB,
  0xFEEF, 0x03FF, 0x0AA7, 0x1655,  0x1EAD, 0x26F0, 0x2545, 0x2A9F,
  0x20E1, 0x1EAA, 0x233A, 0x2458,  0x205B, 0x1710, 0x11B7, 0x07A9,
  0x02DF, 0xFC42, 0xF3A9, 0xEBF4,  0xE669, 0xE11E, 0xDE50, 0xD75B,
  0xD50E, 0xD2D5, 0xD7C4, 0xDA61,  0xD785, 0xCD0D, 0xC800, 0xC9E5,
  0xCD8B, 0xCED9, 0xD37B, 0xDEC8,  0xEE65, 0x0F39, 0x1C1C, 0x125C,
  0x06CF, 0x1068, 0x1E66, 0x2737,  0x230D, 0x1BC4, 0x1459, 0x1380,
  0x1770, 0x107D, 0x0802, 0x003F,  0x0473, 0x06E2, 0x09F4, 0x0E21,
  0x166A, 0x2078, 0x2141, 0x2041,  0x1EBF, 0x1DAE, 0x2216, 0x232F,
  0x1FAE, 0x1BC4, 0x174C, 0x1411,  0x1074, 0x0698, 0x00E6, 0xFC00,
  0xF5C8, 0xEF84, 0xE955, 0xE353,  0xDDC1, 0xDB1E, 0xD850, 0xDA27,
  0xD8B8, 0xD41D, 0xD26F, 0xD0A3,  0xD125, 0xD0EF, 0xD032, 0xD124,
  0xD6F6, 0xE04A, 0xEB97, 0x0720,  0x164E, 0x148E, 0x07A6, 0x0DC8,
  0x1B38, 0x21E8, 0x2664, 0x1BA7,  0x182F, 0x132C, 0x1587, 0x0F8E,
  0x07A5, 0x003B, 0x011E, 0x0448,  0x05A3, 0x0CE1, 0x1166, 0x1AC0,
  0x1F64, 0x2683, 0x24AE, 0x212C,  0x20BC, 0x1ED5, 0x1DFF, 0x19A3,
  0x1478, 0x1205, 0x0B5A, 0x01B4,  0xFF2E, 0xFC24, 0xF7ED, 0xF2EB,
  0xE992, 0xE75A, 0xE5B8, 0xE018,  0xDD39, 0xD951, 0xD84F, 0xD4E7,
  0xD41E, 0xCED8, 0xCDAA, 0xCDA7,  0xCDA2, 0xD07C, 0xD79A, 0xE0F3,
  0xF487, 0x126E, 0x0B54, 0xFD5A,  0xFDB4, 0x18BD, 0x275B, 0x1CDE,
  0x19BA, 0x13F1, 0x18D9, 0x196E,  0x169B, 0x08BD, 0x001F, 0x04AF,
  0x073A, 0x0874, 0x04A3, 0x0F23,  0x1BE7, 0x2334, 0x2260, 0x19EE,
  0x178B, 0x1DB5, 0x23E8, 0x1EA7,  0x16C8, 0x0F64, 0x13C6, 0x1881,
  0x143C, 0x0CAF, 0x0682, 0x037C,  0xFC98, 0xF518, 0xEF01, 0xEE8D,
  0xECAC, 0xEA77, 0xE491, 0xDC7F,  0xD699, 0xD3A7, 0xD2B4, 0xD2CE,
  0xD512, 0xD6F0, 0xD852, 0xD569,  0xD8AF, 0xDBB3, 0xE199, 0xEF22,
  0x075E, 0x0934, 0xFBCC, 0xFF79,  0x07D8, 0x16FF, 0x1D31, 0x2173,
  0x19D4, 0x1405, 0x140C, 0x13DE,  0x13A2, 0x0A28, 0x0707, 0x04F6,
  0x06F8, 0x0AB4, 0x0EB6, 0x1250,  0x1633, 0x1BF0, 0x1BEC, 0x1A45,
  0x17D9, 0x1BE9, 0x1F75, 0x1CBD,  0x19ED, 0x1546, 0x145B, 0x0ED3,
  0x0962, 0x0565, 0xFF08, 0xFB0A,  0xF6EF, 0xF3A6, 0xF206, 0xEF47,
  0xE600, 0xE03C, 0xDFB6, 0xDFBA,  0xE13A, 0xDC76, 0xD910, 0xD55F,
  0xD5EF, 0xD144, 0xD231, 0xD9C8,  0xDCB7, 0xE3D5, 0xF216, 0x0520,
  0xFD45, 0xF76D, 0xFB06, 0x0BA6,  0x11F4, 0x18CB, 0x208F, 0x1581,
  0x16C2, 0x1102, 0x1330, 0x0DA0,  0x0F3D, 0x0F1C, 0x0AD4, 0x0714,
  0x0958, 0x1583, 0x12CC, 0x16FD,  0x150E, 0x1536, 0x1404, 0x16C1,
  0x18D4, 0x1AC1, 0x1BF7, 0x156F,  0x14D9, 0x12C1, 0x12FA, 0x10F9,
  0x0A9F, 0x02A9, 0xFE12, 0xFDFD,  0xF5CE, 0xF1AE, 0xEC58, 0xE8B6,
  0xEB52, 0xE94A, 0xE67A, 0xDC4E,  0xD8C3, 0xD3E2, 0xDF3B, 0xE381,
  0xDCFB, 0xD314, 0xD496, 0xDEAC,  0xDED2, 0xEE09, 0xF8E8, 0xFE78,
  0xEEFA, 0xF47F, 0x0296, 0x0CF8,  0x1244, 0x1573, 0x1847, 0x0E88,
  0x1243, 0x0E28, 0x0EAE, 0x115D,  0x1526, 0x11E3, 0x0B30, 0x08D9,
  0x09C7, 0x1135, 0x1522, 0x1913,  0x13C0, 0x0D2D, 0x0B02, 0x11B4,
  0x1CCB, 0x1E85, 0x190F, 0x0F42,  0x0DE4, 0x0FA7, 0x10FA, 0x10BF,
  0x0AD7, 0x0544, 0x0366, 0x0026,  0xF65D, 0xEE11, 0xE8C2, 0xEA84,
  0xED2D, 0xEDA2, 0xEA33, 0xE3CF,  0xE15F, 0xE0D1, 0xE548, 0xE30B,
  0xDB08, 0xD932, 0xDE1F, 0xE4FC,  0xE731, 0xEE26, 0xF64C, 0xF780,
  0xF301, 0xF46A, 0xFCC3, 0x07FD,  0x0DF3, 0x0FC1, 0x1078, 0x0D84,
  0x101F, 0x0ECE, 0x0D65, 0x0EC4,  0x10AE, 0x0DF0, 0x0DD0, 0x0EEB,
  0x0DE9, 0x0EC7, 0x11BF, 0x1401,  0x154C, 0x150F, 0x0F92, 0x0F16,
  0x1289, 0x15AE, 0x13DE, 0x10EE,  0x0D3C, 0x0883, 0x081E, 0x0CD6,
  0x0CD6, 0x0732, 0x012F, 0xFC19,  0xF63D, 0xF3EF, 0xF2F3, 0xF2FC,
  0xF46F, 0xF53F, 0xF227, 0xE794,  0xE3AD, 0xE81A, 0xEB7D, 0xEC1E,
  0xEC59, 0xEB00, 0xE84F, 0xE476,  0xE4D5, 0xE68C, 0xEE77, 0xF7EE,
  0xFA6F, 0xFAFA, 0xF86B, 0xF789,  0xFD5D, 0x045B, 0x0798, 0x06E4,
  0x062F, 0x081A, 0x089F, 0x06C1,  0x073C, 0x091C, 0x0A63, 0x0DBF,
  0x12C0, 0x11CC, 0x0A86, 0x09F8,  0x08FE, 0x0870, 0x0CA6, 0x155B,
  0x1680, 0x0F82, 0x094F, 0x03B2,  0x057C, 0x0C2E, 0x10B1, 0x0C74,
  0x0642, 0x0135, 0xFE5F, 0xFE96,  0x025C, 0x05F2, 0x04C7, 0xFEA2,
  0xF8C5, 0xF5D2, 0xFA46, 0xFC9B,  0xFB8F, 0xFB32, 0xF488, 0xF13E,
  0xF256, 0xF5AD, 0xF422, 0xF278,  0xF36F, 0xF459, 0xF4D9, 0xF498,
  0xF0F3, 0xF22B, 0xF89F, 0xFAEF,  0xF826, 0xF3ED, 0xF4D7, 0xF944,
  0xFE14, 0xFF9A, 0xFFF4, 0xFDDC,  0xFE7E, 0x0224, 0x03C8, 0x0271,
  0x03D8, 0x0589, 0x05DF, 0x0874,  0x0998, 0x0637, 0x028B, 0x0551,
  0x08E2, 0x0835, 0x08A9, 0x0977,  0x09EB, 0x0945, 0x0623, 0x0522,
  0x0402, 0x058E, 0x081A, 0x081F,  0x0524, 0x0178, 0xFEB9, 0x0096,
  0x041E, 0x0552, 0x042A, 0x0077,  0xFD5E, 0xFC0C, 0xFE7F, 0x0219,
  0x00F3, 0xFFE3, 0xFE5D, 0xF973,  0xF838, 0xFB4E, 0xFDFD, 0xFE75,
  0xFE13, 0xFB92, 0xFB1B, 0xFB3A,  0xFCCB, 0xFDDA, 0xFCDC, 0xFDD4,
  0xFE73, 0xFCEF, 0xFB2E, 0xFB48,  0xFCEC, 0xFF3A, 0xFF2A, 0x0229,
  0x0125, 0xFF1A, 0x003F, 0xFD56,  0x004B, 0xFE89, 0x00E1, 0x0302,
  0x03D6, 0x0316, 0xFC8E, 0xFDFF,  0xFE6C, 0xFC6A, 0xFDC4, 0x044C,
  0x0412, 0x038D, 0x0176, 0x0070,  0x020B, 0x0224, 0x0196, 0x01CB,
  0x02EF, 0x0129, 0x0025, 0xFE79,  0xFF6A, 0x0065, 0x02EB, 0x0455,
  0x033D, 0x01EF, 0x0038, 0x00DB,  0x01D1, 0x029D, 0x0367, 0x01B8,
  0x00F9, 0x0050, 0x003D, 0x00B0,  0x0130, 0x027A, 0x021B, 0x013F,
  0xFDED, 0xFC02, 0xFEBE, 0x0124,  0x01FB, 0x01D4, 0x0056, 0xFE29,
  0xFC54, 0xFD53, 0xFF10, 0xFFEB,  0xFFE1, 0xFEBF, 0xFE8C, 0xFE1D,
  0xFDD5, 0xFE8C, 0xFECC, 0xFFA9,  0x0052, 0xFF95, 0xFF49, 0xFFFB,
  0x002B, 0x00F7, 0x017E, 0x010D,  0x00A3, 0x0078, 0x00C4, 0x009F,
  0x012D, 0x01DF, 0x0164, 0x002C,  0x0034, 0x0067, 0x009B, 0x009A,
  0x0028, 0xFF72, 0xFFA3, 0x0044,  0x0078, 0x0114, 0x0191, 0x0148,
  0xFFBE, 0xFF22, 0x0034, 0x0077,  0x0006, 0x0079, 0x0044, 0xFED7,
  0xFE0B, 0xFE31, 0xFD9E, 0xFDFC,  0xFE45, 0xFE22, 0xFEA3, 0xFF06,
  0xFE11, 0xFCFB, 0xFDC0, 0xFF02,  0xFEBE, 0xFE3E, 0xFE44, 0xFDF7,
  0xFE1A, 0xFE2E, 0xFF23, 0xFF70,  0xFF26, 0xFED7, 0xFEE7, 0xFF9C,
  0x0024, 0x003E, 0x0075, 0x0131,  0x00FD, 0x007C, 0x001E, 0xFFC7,
  0x003E, 0x00F4, 0x00CD, 0x0025,  0xFFBE, 0x003E, 0x0059, 0x0059,
  0x00FD, 0x00F7, 0x006E, 0x004E,  0x00A3, 0x013A, 0x018F, 0x01CE,
  0x0145, 0x00D1, 0x00CD, 0x006D,  0x006D, 0x00D1, 0x00C5, 0x00AB,
  0x008F, 0xFFDF, 0xFF6B, 0xFF15,  0xFF64, 0xFF8C, 0xFFAC, 0xFFD2,
  0xFF1D, 0xFE35, 0xFE9B, 0xFF1B,  0xFEA0, 0xFE90, 0xFEAA, 0xFF1B,
  0xFF01, 0xFF79, 0xFF6B, 0xFF5D,  0xFFAD, 0xFFFE, 0xFFB0, 0xFFC0,
  0x0072, 0x006B, 0x00AE, 0x004D,  0x0097, 0x0099, 0x008C, 0x00AB,
  0x0093, 0x00DF, 0x006C, 0x0035,  0x0024, 0x0026, 0x007E, 0x0041,
  0x0027, 0x0022, 0x005E, 0xFFF5,  0x0026, 0x0093, 0x009B, 0x0083,
  0x007B, 0x005D, 0x0044, 0x00B4,  0x00B7, 0x0078, 0x005F, 0x006D,
  0xFFD7, 0xFF9E, 0xFFB3, 0xFFD9,  0xFFE2, 0xFFD7, 0xFFA8, 0xFF3A,
  0xFEFC, 0xFF47, 0xFF6A, 0xFF5B,  0xFF62, 0xFF41, 0xFF50, 0xFF52,
  0xFF39, 0xFF5B, 0xFF93, 0xFFB8,  0xFFB6, 0xFFC8, 0x001F, 0xFFF1,
  0x0037, 0x0045, 0x0029, 0x0000,  0x0006, 0x004A, 0x0063, 0x006E,
  0x0050, 0xFFEE, 0xFFCF, 0x0011,  0x0020, 0x0062, 0x0042, 0x0053,
  0x0036, 0xFFF2, 0x0029, 0x006F,  0x008E, 0x00B1, 0x00B8, 0x006E,
  0x0080, 0x007A, 0x005E, 0x0099,  0x00CD, 0x0089, 0x0053, 0x0041,
  0x0067, 0x004A, 0x005C, 0x004D,  0x001F, 0x0023, 0xFFD2, 0xFFB1,
  0xFFEC, 0xFFF2, 0xFFD5, 0xFFB7,  0xFFBD, 0xFF9F, 0xFF86, 0xFFC6,
  0xFFDE, 0xFFD4, 0xFFD6, 0xFFFB,  0xFFEF, 0xFFF7, 0x0009, 0x0044,
  0x0031, 0xFFF6, 0xFFD4, 0xFFBF,  0xFFEA, 0x000B, 0xFFCE, 0xFF9E,
  0xFF9B, 0xFF81, 0xFFA6, 0xFFEC,  0x0007, 0xFFF7, 0xFFFA, 0x0007,
  0xFFE8, 0x0006, 0x0039, 0x003A,  0x0040, 0x004F, 0x0005, 0x005A,
  0x005D, 0x005A, 0x00A0, 0x0053,  0x0087, 0x0057, 0x0063, 0x005B,
  0x005D, 0x0069, 0x004D, 0x006B,  0x0066, 0x0016, 0x0008, 0x006F,
  0x0017, 0x0029, 0x0022, 0xFFCE,  0x0016, 0x002B, 0xFFEF, 0x000A,
  0x0003, 0xFFE9, 0x0001, 0x0005,  0xFFF3, 0xFFED, 0x000D, 0xFFD0,
  0xFFC2, 0xFFC9, 0xFF99, 0xFFB5,  0xFF8C, 0xFF83, 0xFF93, 0xFF63,
  0xFF74, 0xFF76, 0xFFA9, 0xFFDD,  0xFFC9, 0xFFC0, 0xFFB6, 0xFFBE,
  0xFFD1, 0xFFE8, 0x0000, 0x0003,  0xFFD5, 0xFFF2, 0xFFF5, 0x0004,
  0xFFFE, 0x000B, 0x0015, 0x000B,  0x0019, 0x0011, 0x001E, 0x0031,
  0x003D, 0x0040, 0x0040, 0x0022,  0x002B, 0x0023, 0x0021, 0x002C,
  0x001E, 0x001C, 0x002D, 0x0025,  0x0025, 0x0039, 0x0035, 0x003A,
  0x004B, 0x004E, 0x0030, 0x0027,  0x0020, 0x001E, 0x0006, 0xFFF9,
  0xFFE5, 0xFFD7, 0xFFC8, 0xFFC6,  0xFFAD, 0xFF99, 0xFFA3, 0xFFA9,
  0xFFBF, 0xFFDD, 0xFFE8, 0xFFD9,  0xFFC7, 0xFFCF, 0xFFEC, 0x0005,
  0x0002, 0xFFFE, 0xFFEE, 0xFFEC,  0x0003, 0x000C, 0x000A, 0x0018,
  0x0019, 0x0022, 0x0016, 0x0015,  0x001B, 0x0018, 0x0015, 0x0015,
  0x0008, 0xFFF5, 0xFFFE, 0xFFEC,  0xFFE7, 0xFFE7, 0xFFE8, 0xFFE6,
  0xFFDB, 0xFFE7, 0xFFE5, 0xFFF3,  0xFFFC, 0x0013, 0x001E, 0x000B,
  0x0018, 0x000E, 0x0005, 0xFFF9,  0xFFFD, 0xFFF7, 0xFFF3, 0xFFD9,
  0xFFD1, 0xFFC9, 0xFFAA, 0xFFA8,  0xFFA9, 0xFFA5, 0xFFBF, 0xFFD0,
  0xFFC7, 0xFFC4, 0xFFDA, 0xFFEE,  0x0002, 0x001C, 0x0017, 0x0007,
  0x0010, 0x001A, 0x002B, 0x0034,  0x0036, 0x0049, 0x0042, 0x0047,
  0x0049, 0x003C, 0x0059, 0x005F,  0x0055, 0x0054, 0x0043, 0x0047,
  0x0032, 0x0033, 0x0025, 0x001D,  0x000A, 0x0011, 0x000C, 0x0003,
  0x0001, 0xFFFC, 0xFFF6, 0xFFF9,  0xFFFD, 0xFFFB, 0xFFF6, 0xFFF7,
  0xFFF2, 0xFFE9, 0xFFE2, 0xFFD6,  0xFFCF, 0xFFD2, 0xFFBA, 0xFFAE,
  0xFF9C, 0xFF97, 0xFF9B, 0xFF9C,  0xFF9A, 0xFFAB, 0xFFAA, 0xFFB3,
  0xFFB7, 0xFFC1, 0xFFE2, 0xFFE7,  0xFFF7, 0xFFFB, 0x0003, 0x0008,
  0x0006, 0x0024, 0x0034, 0x003F,  0x0042, 0x004B, 0x0048, 0x0048,
  0x0051, 0x0060, 0x005C, 0x005E,  0x0053, 0x0046, 0x0054, 0x004F,
  0x0055, 0x004D, 0x0052, 0x003B,  0x0034, 0x003C, 0x0034, 0x0033,
  0x0023, 0x001E, 0x0012, 0x000D,  0x0003, 0xFFFA, 0xFFFA, 0xFFF9,
  0xFFED, 0xFFE1, 0xFFCF, 0xFFC8,  0xFFC0, 0xFFB5, 0xFFAE, 0xFFCA,
  0xFFC7, 0xFFBB, 0xFFBA, 0xFFAF,  0xFFC6, 0xFFCB, 0xFFC3, 0xFFCA,
  0xFFC8, 0xFFC2, 0xFFDA, 0xFFE0,  0xFFF5, 0xFFF0, 0x0005, 0x000B,
  0x0020, 0x002A, 0x0031, 0x0029,  0x0033, 0x002C, 0x0029, 0x0029,
  0x0023, 0x0022, 0x001D, 0x001F,  0x001B, 0x0030, 0x002A, 0x0030,
  0x0028, 0x0032, 0x0033, 0x0032,  0x0034, 0x0037, 0x0034, 0x0022,
  0x0011, 0x0000, 0xFFF7, 0xFFE8,  0xFFDD, 0xFFD5, 0xFFCB, 0xFFC1,
  0xFFB5, 0xFFBA, 0xFFA8, 0xFFB2,  0xFFA7, 0xFFAE, 0xFFAE, 0xFFA9,
  0xFFAC, 0xFFA8, 0xFFB5, 0xFFBC,  0xFFC4, 0xFFC8, 0xFFD0, 0xFFCD,
  0xFFD7, 0xFFE5, 0xFFEE, 0xFFFB,  0xFFFF, 0x0007, 0x000C, 0x000E,
  0x001F, 0x0018, 0x0021, 0x001D,  0x0020, 0x0022, 0x001D, 0x0026,
  0x0026, 0x0025, 0x002F, 0x0029,  0x002E, 0x0032, 0x0036, 0x0034,
  0x0036, 0x0037, 0x0034, 0x002F,  0x002E, 0x001E, 0x0025, 0x000D,
  0x0009, 0xFFFB, 0xFFF9, 0xFFF0,  0xFFEF, 0xFFDF, 0xFFE7, 0xFFD3,
  0xFFDF, 0xFFD7, 0xFFD7, 0xFFD7,  0xFFD8, 0xFFD2, 0xFFD4, 0xFFD8,
  0xFFD4, 0xFFD4, 0xFFD8, 0xFFD5,  0xFFDB, 0xFFD6, 0xFFDD, 0xFFDB,
  0xFFEA, 0xFFDF, 0xFFF3, 0xFFE5,  0xFFF9, 0xFFF2, 0xFFFE, 0xFFFE,
  0x0003, 0x0003, 0x000A, 0x000D,  0x0013, 0x0017, 0x001D, 0x0027,
  0x0025, 0x002F, 0x002E, 0x0039,  0x0038, 0x003E, 0x003F, 0x003E,
  0x003A, 0x003A, 0x0036, 0x0032,  0x002F, 0x0026, 0x0021, 0x0018,
  0x0013, 0x000D, 0x0004, 0x0005,  0xFFFB, 0xFFF9, 0xFFF2, 0xFFF5,
  0xFFF1, 0xFFED, 0xFFEE, 0xFFE8,  0xFFEB, 0xFFED, 0xFFEB, 0xFFEE,
  0xFFED, 0xFFF0, 0xFFF0, 0xFFF2,  0xFFF3, 0xFFF4, 0xFFF4, 0xFFF5,
  0xFFEE, 0xFFF3, 0xFFF4, 0xFFF8,  0xFFF5, 0xFFF9, 0xFFF8, 0xFFF8,
  0xFFFB, 0xFFFD, 0x0000, 0x0004,  0x0006, 0x0007, 0x000D, 0x000F,
  0x0012, 0x0019, 0x0015, 0x0022,  0x0017, 0x001F, 0x0019, 0x0019,
  0x0018, 0x0016, 0x0013, 0x0013,  0x000B, 0x000B, 0x0000, 0x0006,
  0xFFFA, 0xFFFD, 0xFFF3, 0xFFF3,  0xFFEF, 0xFFE9, 0xFFEA, 0xFFE5,
  0xFFDF, 0xFFDF, 0xFFDE, 0xFFDF,  0xFFDD, 0xFFDD, 0xFFDD, 0xFFDB,
  0xFFDD, 0xFFDF, 0xFFDF, 0xFFE4,  0xFFE6, 0xFFE8, 0xFFEE, 0xFFEF,
  0xFFF5, 0xFFF6, 0x0000, 0x0000,  0x000C, 0x000C, 0x0017, 0x0013,
  0x0017, 0x001C, 0x0024, 0x0026,  0x002C, 0x002C, 0x0033, 0x002F,
  0x0032, 0x002E, 0x0036, 0x0030,  0x0034, 0x002B, 0x002D, 0x0023,
  0x0023, 0x001F, 0x0018, 0x001F,  0x0017, 0x000F, 0x000A, 0x000D,
  0x0004, 0x000A, 0xFFFF, 0x0004,  0xFFF8, 0x0002, 0xFFF6, 0xFFF9,
  0xFFF0, 0xFFE7, 0xFFE8, 0xFFE3,  0xFFDD, 0xFFDD, 0xFFD2, 0xFFCD,
  0xFFC8, 0xFFBE, 0xFFBE, 0xFFC5,  0xFFC0, 0xFFC2, 0xFFBE, 0xFFBF,
  0xFFB7, 0xFFBD, 0xFFBF, 0xFFC8,  0xFFCF, 0xFFD4, 0xFFDE, 0xFFD8,
  0xFFE3, 0xFFEB, 0xFFFA, 0x0006,  0x000E, 0x0016, 0x001E, 0x0015,
  0x0026, 0x0023, 0x0029, 0x0034,  0x0038, 0x0032, 0x002F, 0x0026,
  0x0026, 0x0022, 0x0032, 0x001F,  0x0022, 0x002C, 0x0017, 0x0019,
  0x0008, 0x0009, 0x001B, 0x0011,  0x0002, 0xFFFF, 0x0001, 0xFFFF,
  0x0000, 0x000F, 0x0001, 0xFFFF,  0xFFF9, 0xFFE7, 0xFFFB, 0x000B,
  0x0012, 0x0005, 0xFFF6, 0xFFE1,  0xFFC9, 0xFFD0, 0xFFE8, 0xFFF8,
  0xFFEF, 0xFFC3, 0xFF83, 0xFF75,  0xFF84, 0xFFB4, 0xFFD9, 0xFFC6,
  0xFFC0, 0xFFA6, 0xFFB3, 0xFFD3,  0x0014, 0x0043, 0x001B, 0xFFF4,
  0xFFC8, 0xFFDC, 0x0004, 0x001D,  0x008E, 0x0079, 0x0049, 0x004A,
  0x0066, 0x00C2, 0x010F, 0x0135,  0x011D, 0x01B3, 0x0170, 0x00AD,
  0xFEEB, 0xFCFE, 0xFD04, 0xFE1A,  0x0110, 0x0335, 0x020E, 0xFFEB,
  0xFFBC, 0x0089, 0x02AE, 0x0354,  0x00CC, 0xFD13, 0xFC16, 0xFE7B,
  0x0052, 0x00FE, 0x009D, 0xFF6D,  0xFE58, 0xFEA9, 0xFF5D, 0x0110,
  0x0243, 0x00AA, 0xFE54, 0xFE1A,  0xFE95, 0x0076, 0x01B4, 0x0167,
  0x008C, 0x000B, 0xFF91, 0xFF41,  0x0068, 0x0176, 0x0130, 0x010E,
  0xFFB7, 0xFFB0, 0x00FB, 0x00E6,  0x0039, 0xFF37, 0xFFDD, 0x00A3,
  0x013E, 0x0503, 0x0178, 0xFE75,  0x0114, 0xF62A, 0x0103, 0x1338,
  0x1984, 0x0B51, 0xEFF0, 0xE497,  0xE4F1, 0xF064, 0xFDCF, 0x0EE8,
  0x0742, 0xF775, 0xF58F, 0xF444,  0xFCAB, 0x0AD6, 0x0C50, 0x04A7,
  0x0691, 0x0323, 0xF973, 0x009F,  0x082F, 0x0D34, 0x1210, 0x0AA0,
  0x02A9, 0x02DC, 0x07A3, 0x0842,  0x0073, 0xF74A, 0xF266, 0xF6B4,
  0xFCD6, 0xF8AD, 0xF21C, 0xF090,  0xF897, 0x03C6, 0x0A74, 0x039E,
  0xF4A9, 0xEB73, 0xEA96, 0xF5B0,  0x04F4, 0x13F8, 0x17F2, 0x0B68,
  0xFE69, 0xFB4A, 0x021D, 0x0E20,  0x15AF, 0x1146, 0x0897, 0x0157,
  0xFCF5, 0xFDDF, 0x01F1, 0x05B9,  0x06C5, 0x0268, 0xF90B, 0xF2AF,
  0xF1C0, 0xF6D6, 0xFE4A, 0xFC0C,  0xF335, 0xED89, 0xF02E, 0xF9C3,
  0x053E, 0x09A4, 0x0934, 0x09D1,  0x060C, 0xFE87, 0xFB39, 0xFD99,
  0xFDA1, 0xFDE8, 0x008D, 0x038E,  0x03EF, 0x0083, 0xF9B0, 0xF816,
  0xFE4B, 0x05BB, 0x08BA, 0x041E,  0xFB5D, 0xF463, 0xF0D6, 0xF767,
  0x01F5, 0x07DB, 0x0426, 0xFBAC,  0xF5D3, 0xF443, 0xFF78, 0x08E4,
  0x0C47, 0x0482, 0xF95A, 0xF588,  0xF9A7, 0x04E5, 0x0B84, 0x0CA9,
  0x0967, 0xFE69, 0xF87B, 0xFDE4,  0x0601, 0x0E21, 0x0DDB, 0x034D,
  0xFC32, 0xFA4D, 0xFBB4, 0x0350,  0x0B10, 0x1016, 0x0DDD, 0x047D,
  0xFB36, 0xF93E, 0xFE31, 0x0649,  0x0B7A, 0x08D4, 0xFFA6, 0xF53B,
  0xF1D8, 0xF9DE, 0x0301, 0x0588,  0x0015, 0xFA71, 0xFA7A, 0xF734,
  0xF89A, 0x04C1, 0x0916, 0x0607,  0xFF47, 0xF14D, 0xEC91, 0xF763,
  0x0528, 0x051F, 0x00D6, 0xF30F,  0xEA07, 0xEF93, 0xF83E, 0x05BA,
  0x09F3, 0x0636, 0xFD63, 0xF6CE,  0xF566, 0xFADE, 0x0407, 0x0752,
  0x056F, 0xFF4F, 0xF7C2, 0xF850,  0xFFA0, 0x0547, 0x06D8, 0x0376,
  0xFF6D, 0xFC63, 0xFC82, 0xFF6C,  0x0205, 0x03D9, 0x01D8, 0xFF00,
  0xFDE8, 0xFDCC, 0xFF2E, 0x0239,  0x043B, 0x0210, 0x00C2, 0xFCF0,
  0xFEBE, 0x0315, 0x036A, 0x0450,  0x036D, 0x01F8, 0x00E3, 0x02C5,
  0x01AA, 0x024C, 0x03C2, 0x0462,  0x0394, 0xFF2E, 0xFFB4, 0x00E7,
  0x0331, 0x050D, 0x01C0, 0x0031,  0xFE7E, 0x012B, 0x015D, 0x00A6,
  0x0173, 0x0146, 0x004E, 0xFD3B,  0x00FA, 0x02C2, 0x0123, 0x017D,
  0x02F9, 0xFD7D, 0xFFCA, 0x0162,  0x02E2, 0x0174, 0x005D, 0x01CC,
  0xFFAF, 0xFFF6, 0xFCBD, 0x01A6,  0x0119, 0x016C, 0x00BD, 0x0075,
  0xFFFA, 0x019E, 0xFEED, 0xFF06,  0x01A6, 0x0074, 0x0078, 0xFD92,
  0x002B, 0x0120, 0x02DA, 0xFEDE,  0x017D, 0x0015, 0xFE6D, 0xFF53,
  0xFF17, 0x0035, 0xFE41, 0xFF6C,  0xFE3B, 0xFD35, 0xFD77, 0x010F,
  0x005A, 0xFF77, 0xFD54, 0xFEC2,  0x0100, 0xFE9D, 0x01D2, 0x02A2,
  0x0107, 0x002D, 0xFFD5, 0xFD1E,  0xFEB4, 0x02C2, 0xFFF3, 0x0014,
  0xFF42, 0xFF39, 0xFE07, 0xFD81,  0x0095, 0x0146, 0x0282, 0xFEFA,
  0x0085, 0xFF5F, 0xFD48, 0x01EB,  0x0127, 0x007E, 0xFF0C, 0xFE80,
  0xFF31, 0xFEE9, 0x0096, 0x02D7,  0x0392, 0x0069, 0xFDE0, 0xFCFF,
  0xFF99, 0x019D, 0x01AA, 0x0007,  0xFD32, 0x009F, 0xFED0, 0xFDE2,
  0xFFB0, 0x022C, 0x0266, 0x006C,  0x001D, 0xFE98, 0x0120, 0x0181,
  0x0085, 0xFF94, 0x0071, 0xFECD,  0xFE4D, 0x00AE, 0x0146, 0x009A,
  0xFF1F, 0x00ED, 0xFE67, 0xFE79,  0x005C, 0xFDA8, 0xFFC9, 0x009C,
  0x0256, 0x0034, 0xFB44, 0xFCF3,  0xFDE7, 0x0342, 0x041E, 0xFFB9,
  0xFB3C, 0xFA88, 0xFD88, 0x003A,  0x045F, 0x04D0, 0x0393, 0xFF66,
  0xFC34, 0xFC3B, 0xFF08, 0x044D,  0x044F, 0x024E, 0x0366, 0xFFE4,
  0xFBF6, 0xFE46, 0x02A2, 0x0532,  0x0334, 0x01CF, 0xFCA5, 0xFA93,
  0xFEFF, 0x014D, 0x02ED, 0xFDB3,  0xFC7B, 0x00AA, 0x0280, 0xFF6F,
  0xFE54, 0x0139, 0xFFF7, 0x0276,  0x0227, 0x028A, 0xFDDC, 0xFAB5,
  0x01EB, 0x011A, 0x0258, 0x029C,  0x00D2, 0x0059, 0xFDED, 0x010B,
  0x027B, 0x0176, 0x0127, 0x01F4,  0xFF7A, 0xFE6B, 0xFD3B, 0xFC00,
  0x03AC, 0xFF95, 0xFEBD, 0x02BC,  0xFE3D, 0xFA40, 0xFB99, 0x0187,
  0x02B8, 0x02CD, 0xFF84, 0xF85E,  0xFB51, 0xFEC3, 0xFAFB, 0xFF7E,
  0xFCC8, 0xFC47, 0xFC69, 0xF745,  0xFCB0, 0xFB17, 0xFA44, 0xFE55,
  0xFE64, 0xFB24, 0xF9E7, 0xFB45,  0xFDC7, 0xFBB4, 0xFB42, 0xFF9D,
  0xFDBD, 0xFD16, 0xFCA0, 0xFE3B,  0x0093, 0x002B, 0x015C, 0x0325,
  0x031E, 0x03B7, 0x04C8, 0x04A5,  0x06B8, 0x08EE, 0x08D4, 0x0674,
  0x0612, 0x06D5, 0x085A, 0x0B35,  0x0C2B, 0x0B1F, 0x0A4D, 0x08BF,
  0x0884, 0x08F0, 0x084F, 0x07CB,  0x08D1, 0x0938, 0x0812, 0x0864,
  0x095C, 0x0A7B, 0x078E, 0x062A,  0x0611, 0x0563, 0x0537, 0x0327,
  0x028E, 0x048F, 0x01DB, 0x00BA,  0xFE40, 0xF95C, 0xFD5E, 0xFBF8,
  0xFAEC, 0xF854, 0xF0AF, 0xEF88,  0xF178, 0xF2BF, 0xF622, 0xF559,
  0xEEDE, 0xEB1C, 0xEA5D, 0xEC30,  0xECD0, 0xF041, 0xEF6F, 0xEA15,
  0xE74E, 0xE7ED, 0xE6D4, 0xE66B,  0xE7E5, 0xE6FC, 0xE767, 0xE778,
  0xEB79, 0xECDC, 0xEF4C, 0xF51D,  0xF7D7, 0xFC01, 0x009D, 0x0333,
  0x0745, 0x0C5E, 0x1085, 0x1516,  0x16A4, 0x1756, 0x1971, 0x1AA9,
  0x1D6E, 0x20F5, 0x1F94, 0x1DA1,  0x1DC1, 0x211C, 0x21BF, 0x1E3C,
  0x1DA6, 0x1CD7, 0x1D7E, 0x1FF8,  0x1D0C, 0x180B, 0x1552, 0x15DC,
  0x1868, 0x1662, 0x12AD, 0x0E24,  0x0BBE, 0x0ADD, 0x0B29, 0x0A68,
  0x068E, 0x0384, 0x012F, 0x000D,  0xFD44, 0xFAEA, 0xF7FE, 0xF63E,
  0xF504, 0xF0B1, 0xEA92, 0xE872,  0xE80B, 0xE8D8, 0xE8AC, 0xE4A6,
  0xDEBB, 0xDC1A, 0xDE19, 0xDC9E,  0xD9B1, 0xD3B1, 0xD364, 0xD28D,
  0xCEDE, 0xC96C, 0xC782, 0xCCDC,  0xD0A6, 0xD207, 0xD5E9, 0xDC11,
  0xDFFA, 0xE8C4, 0xF184, 0xFBC7,  0xFFCA, 0x05FD, 0x10EC, 0x17B3,
  0x1BD3, 0x1D3F, 0x2147, 0x2572,  0x27C2, 0x2907, 0x282E, 0x248E,
  0x2443, 0x2635, 0x2599, 0x23A2,  0x20A9, 0x209B, 0x21F2, 0x1ED6,
  0x1C19, 0x19DD, 0x1744, 0x177A,  0x18B2, 0x19AE, 0x1444, 0x0FB7,
  0x0FFD, 0x113C, 0x11FA, 0x0F5C,  0x0D39, 0x0D32, 0x0DD3, 0x0CB5,
  0x0DC5, 0x0B17, 0x0C56, 0x0E71,  0x0A17, 0x035B, 0xFEC0, 0xFEF6,
  0xFF18, 0xFCAD, 0xF4BB, 0xEC09,  0xE828, 0xE601, 0xE394, 0xE2C1,
  0xDE25, 0xDB04, 0xD9F6, 0xD689,  0xD26A, 0xCFC2, 0xD08D, 0xD54F,
  0xD691, 0xD32F, 0xCEE5, 0xCCAC,  0xCCE2, 0xCF76, 0xD0AE, 0xD3CB,
  0xD56C, 0xD9CC, 0xE246, 0xEA8C,  0xF8C6, 0xFCEC, 0xFF24, 0x06FB,
  0x0F0A, 0x1604, 0x1ED4, 0x2544,  0x2670, 0x2713, 0x27A0, 0x2773,
  0x25C8, 0x2580, 0x25CA, 0x23F9,  0x2089, 0x1EB8, 0x1C67, 0x1C67,
  0x1CC7, 0x1AD4, 0x1904, 0x1790,  0x16CD, 0x173F, 0x17BD, 0x1621,
  0x1481, 0x1310, 0x12D7, 0x12FE,  0x1104, 0x0C49, 0x09DE, 0x0CB2,
  0x0C96, 0x0B52, 0x09FD, 0x06DE,  0x06D6, 0x07E5, 0x07A0, 0x05AA,
  0x0331, 0x0387, 0x022A, 0x00FF,  0xFE18, 0xFAA0, 0xF9BB, 0xF57B,
  0xF0C8, 0xED1E, 0xE94B, 0xE6AC,  0xE56A, 0xE38B, 0xE15D, 0xDCA7,
  0xD910, 0xD7E8, 0xD7CA, 0xD69F,  0xD4BA, 0xD3C4, 0xD420, 0xD2CF,
  0xD054, 0xD080, 0xD073, 0xD226,  0xD40E, 0xD7A1, 0xDBDA, 0xDDF3,
  0xE696, 0xF642, 0xFE33, 0xFF2A,  0x00DB, 0x0C26, 0x165C, 0x1A01,
  0x20F4, 0x24DF, 0x2670, 0x25BE,  0x27B8, 0x2907, 0x2606, 0x2426,
  0x25FE, 0x26C9, 0x206A, 0x1C95,  0x1EBB, 0x1FEE, 0x1DFB, 0x1ABB,
  0x1A62, 0x19AB, 0x16D5, 0x1722,  0x1717, 0x145E, 0x11DC, 0x11B6,
  0x113F, 0x0D86, 0x08E9, 0x0A06,  0x0AFA, 0x0A79, 0x0A79, 0x0862,
  0x06C2, 0x05E0, 0x08A2, 0x0A40,  0x07FF, 0x0428, 0x032F, 0x0427,
  0x02EB, 0x0061, 0xFEF7, 0xFE3B,  0xFC6B, 0xF9AF, 0xF76D, 0xF468,
  0xF100, 0xEDAD, 0xEAD2, 0xE777,  0xE29A, 0xDECB, 0xDCA1, 0xDC20,
  0xD9A8, 0xD7C4, 0xD4A2, 0xD231,  0xD28D, 0xD342, 0xD3C1, 0xD240,
  0xD07E, 0xD0A3, 0xD13B, 0xD036,  0xD30F, 0xD586, 0xDA3C, 0xE5A5,
  0xEFDA, 0xFAD1, 0xFC66, 0xFEC8,  0x0A65, 0x1247, 0x197E, 0x1F24,
  0x239F, 0x2632, 0x2544, 0x26BD,  0x27C9, 0x2666, 0x2615, 0x27BB,
  0x26DE, 0x21DE, 0x1F3D, 0x1FD5,  0x2230, 0x2035, 0x1DE7, 0x1D31,
  0x1C66, 0x1A10, 0x19AC, 0x1929,  0x16E0, 0x1480, 0x1475, 0x13EF,
  0x0F76, 0x0B86, 0x0A92, 0x0C18,  0x0A4A, 0x070C, 0x04EE, 0x078E,
  0x063C, 0x069F, 0x0672, 0x0393,  0x02A8, 0x0341, 0x04C8, 0x0108,
  0xFD75, 0xFCFC, 0xFE79, 0xFE43,  0xFB4E, 0xF872, 0xF749, 0xF516,
  0xF384, 0xF133, 0xEE1D, 0xEAA7,  0xE805, 0xE669, 0xE17D, 0xDE6C,
  0xDC9C, 0xDCC2, 0xDC47, 0xD85D,  0xD622, 0xD5A2, 0xD6BC, 0xD8BF,
  0xD841, 0xD64F, 0xD493, 0xD1EB,  0xD3F1, 0xD6AD, 0xD952, 0xDE99,
  0xE5A6, 0xEF9E, 0xF8BA, 0xFB23,  0xFE7A, 0x059D, 0x0DC4, 0x1552,
  0x18F9, 0x1D80, 0x20E6, 0x226E,  0x22CA, 0x2332, 0x2310, 0x21C5,
  0x234B, 0x2520, 0x238F, 0x20EC,  0x1F77, 0x20FC, 0x2091, 0x1E5C,
  0x1D7F, 0x1CA1, 0x1BA2, 0x19E5,  0x1891, 0x160F, 0x12AE, 0x10C2,
  0x116D, 0x1086, 0x0D4C, 0x0A54,  0x0881, 0x07F5, 0x0697, 0x05F6,
  0x04DC, 0x0437, 0x03C6, 0x0421,  0x024D, 0xFF0F, 0xFE38, 0xFFD3,
  0x0175, 0xFFB5, 0xFDB9, 0xFCF3,  0xFE86, 0xFF63, 0xFF54, 0xFDBA,
  0xFB82, 0xF97F, 0xF858, 0xF6D4,  0xF3F1, 0xF099, 0xEE7A, 0xEC45,
  0xE8B1, 0xE5F6, 0xE39E, 0xE2E6,  0xE1F1, 0xE0D2, 0xDFE8, 0xDDED,
  0xDCAA, 0xDC91, 0xDC31, 0xDB68,  0xDA52, 0xDA74, 0xDA51, 0xD9D6,
  0xDC24, 0xDF1C, 0xE236, 0xE6B0,  0xECE3, 0xF555, 0xF8CA, 0xF9F5,
  0xFF08, 0x0595, 0x0A20, 0x0D00,  0x11A1, 0x168B, 0x1843, 0x179C,
  0x18F0, 0x1A2F, 0x1B12, 0x1D3B,  0x20C1, 0x22A2, 0x2120, 0x20E0,
  0x217B, 0x2062, 0x1E06, 0x1CD5,  0x1DC0, 0x1CA6, 0x1AAD, 0x188D,
  0x16CD, 0x13A9, 0x10F8, 0x111C,  0x1042, 0x0E2D, 0x0B9B, 0x0A51,
  0x081D, 0x05DD, 0x0510, 0x05B7,  0x04DD, 0x03BA, 0x03B9, 0x0429,
  0x0444, 0x030E, 0x03C5, 0x050B,  0x0501, 0x05B5, 0x0602, 0x0646,
  0x05A8, 0x04AC, 0x045F, 0x02DD,  0x0176, 0x0065, 0xFE63, 0xFC9A,
  0xFA1A, 0xF7C4, 0xF61C, 0xF3A9,  0xF229, 0xEF50, 0xED52, 0xEC44,
  0xEAB2, 0xEA56, 0xE96A, 0xE802,  0xE5FD, 0xE33B, 0xE1E5, 0xE07B,
  0xDE88, 0xDC8A, 0xDA0F, 0xD7FB,  0xD57C, 0xD436, 0xD486, 0xD57F,
  0xD7CF, 0xDBA0, 0xDF96, 0xE348,  0xE470, 0xE7F3, 0xEC4B, 0xEF8A,
  0xF439, 0xF87A, 0xFDB7, 0x018D,  0x04B3, 0x08AD, 0x0C20, 0x0FD5,
  0x1507, 0x1A81, 0x1F64, 0x226B,  0x2543, 0x2765, 0x27EC, 0x28B0,
  0x294B, 0x2A9C, 0x2AC2, 0x2AB7,  0x2AA0, 0x28D5, 0x264C, 0x2391,
  0x2205, 0x207E, 0x1E5E, 0x1CA8,  0x1A13, 0x173F, 0x14FD, 0x1210,
  0x0FA4, 0x0D94, 0x0C33, 0x0B89,  0x0A2C, 0x08F9, 0x07AB, 0x069B,
  0x057A, 0x03B4, 0x02C3, 0x01F8,  0x0180, 0x0102, 0xFF7C, 0xFEAA,
  0xFD10, 0xFB46, 0xFA2B, 0xF90A,  0xF83F, 0xF7B7, 0xF6C0, 0xF521,
  0xF2A6, 0xF0D9, 0xEEF1, 0xEC84,  0xEB51, 0xE971, 0xE7D0, 0xE62B,
  0xE3D5, 0xE1CC, 0xDEE6, 0xDC73,  0xDB00, 0xD938, 0xD7FB, 0xD697,
  0xD532, 0xD30E, 0xD18C, 0xD2A8,  0xD3AE, 0xD5C7, 0xD97D, 0xDD28,
  0xE0A7, 0xE27A, 0xE4F4, 0xE923,  0xEC05, 0xF0FC, 0xF6A1, 0xFAEF,
  0xFF5F, 0x02EA, 0x0785, 0x0BC7,  0x0FBA, 0x1538, 0x1B3F, 0x20BC,
  0x2484, 0x27F3, 0x2A1D, 0x2B14,  0x2C30, 0x2D7A, 0x2ED6, 0x2F0F,
  0x2F39, 0x2FB8, 0x2E46, 0x2BDA,  0x298C, 0x26C2, 0x24EF, 0x2291,
  0x20B1, 0x1E93, 0x1AE4, 0x1767,  0x13BC, 0x1066, 0x0D3D, 0x0B32,
  0x0A47, 0x08A2, 0x0756, 0x0562,  0x0339, 0x011E, 0xFEB7, 0xFE5E,
  0xFD7A, 0xFC59, 0xFC74, 0xFB74,  0xFA73, 0xF8F6, 0xF754, 0xF704,
  0xF5E5, 0xF68B, 0xF71B, 0xF698,  0xF60F, 0xF4A1, 0xF325, 0xF14A,
  0xF011, 0xEF5A, 0xEDFA, 0xED09,  0xEBD7, 0xE9F6, 0xE7D8, 0xE54B,
  0xE345, 0xE100, 0xDF1D, 0xDDBC,  0xDBB5, 0xD9DA, 0xD7CC, 0xD54C,
  0xD37B, 0xD20B, 0xD30F, 0xD53C,  0xD800, 0xDBF4, 0xDEF4, 0xE134,
  0xE2F7, 0xE646, 0xEA64, 0xEEE9,  0xF469, 0xF9F6, 0xFE9B, 0x0239,
  0x0675, 0x0B08, 0x0F54, 0x14E2,  0x1B13, 0x2075, 0x24DE, 0x2843,
  0x2B25, 0x2CCC, 0x2D8E, 0x2EFF,  0x2FBA, 0x2FE1, 0x3009, 0x2FCB,
  0x2EB9, 0x2C42, 0x294B, 0x26A1,  0x23F2, 0x2161, 0x1F2C, 0x1D27,
  0x1A37, 0x16DA, 0x1314, 0x0EF3,  0x0B78, 0x08A4, 0x0713, 0x060C,
  0x055D, 0x0399, 0x021B, 0x0031,  0xFE02, 0xFCC9, 0xFBD9, 0xFC0C,
  0xFBA4, 0xFB4F, 0xFAD1, 0xF971,  0xF7C7, 0xF6EF, 0xF666, 0xF66F,
  0xF69A, 0xF768, 0xF77A, 0xF625,  0xF542, 0xF3A0, 0xF234, 0xF160,
  0xF0DB, 0xF0E1, 0xEFD0, 0xEEC1,  0xED47, 0xEAAA, 0xE880, 0xE610,
  0xE488, 0xE2D1, 0xE106, 0xDF49,  0xDCB9, 0xDA42, 0xD7D3, 0xD5CD,
  0xD4E4, 0xD4C7, 0xD675, 0xD94C,  0xDBE4, 0xDF31, 0xE10D, 0xE284,
  0xE5A4, 0xE999, 0xEEEC, 0xF462,  0xF99B, 0xFE7B, 0x0208, 0x0630,
  0x0AD0, 0x0F9E, 0x1473, 0x19B2,  0x1F32, 0x2347, 0x26A3, 0x296C,
  0x2B3A, 0x2C65, 0x2CB4, 0x2D54,  0x2DA9, 0x2D30, 0x2D1D, 0x2C54,
  0x2A46, 0x2774, 0x2457, 0x21E5,  0x1F99, 0x1D84, 0x1BD5, 0x1988,
  0x167A, 0x12A2, 0x0F1E, 0x0B4E,  0x084E, 0x06B0, 0x05AF, 0x0501,
  0x03A6, 0x0243, 0x007F, 0xFE3E,  0xFC44, 0xFB3F, 0xFABE, 0xFAA2,
  0xFAA9, 0xFABD, 0xF985, 0xF83E,  0xF71D, 0xF643, 0xF682, 0xF6A4,
  0xF753, 0xF7A7, 0xF701, 0xF644,  0xF4D5, 0xF395, 0xF2CE, 0xF1FA,
  0xF231, 0xF21C, 0xF142, 0xEFF4,  0xEE38, 0xECA1, 0xEAAD, 0xE94F,
  0xE820, 0xE698, 0xE50D, 0xE2F2,  0xE11D, 0xDEC9, 0xDC4A, 0xDAF1,
  0xD945, 0xD7FD, 0xD859, 0xD981,  0xDC71, 0xDF43, 0xE209, 0xE4AC,
  0xE621, 0xE92D, 0xED86, 0xF2BD,  0xF802, 0xFCDF, 0x0133, 0x04E0,
  0x0893, 0x0D2A, 0x11C9, 0x1666,  0x1B1F, 0x1FEE, 0x23C2, 0x2614,
  0x28B8, 0x29F1, 0x2A6C, 0x2AE3,  0x2B01, 0x2B0E, 0x2A96, 0x29C6,
  0x2963, 0x271D, 0x243F, 0x21B0,  0x1F28, 0x1CEB, 0x1B17, 0x19A8,
  0x176D, 0x1455, 0x10C9, 0x0DB6,  0x0A64, 0x0775, 0x05CE, 0x04DF,
  0x0365, 0x0244, 0x00C1, 0xFEFF,  0xFD51, 0xFBD4, 0xFB44, 0xFA8C,
  0xF9C4, 0xF9C7, 0xF993, 0xF907,  0xF886, 0xF802, 0xF768, 0xF6F3,
  0xF6ED, 0xF732, 0xF7C4, 0xF764,  0xF75D, 0xF717, 0xF5EC, 0xF533,
  0xF48A, 0xF3F3, 0xF397, 0xF2DE,  0xF274, 0xF142, 0xEF7C, 0xEE62,
  0xECB8, 0xEAEA, 0xE93B, 0xE7E4,  0xE64B, 0xE443, 0xE274, 0xE05F,
  0xDE29, 0xDBB4, 0xD9E0, 0xD956,  0xD941, 0xDAA5, 0xDDA0, 0xE0A0,
  0xE2E4, 0xE49F, 0xE68F, 0xEA15,  0xEDCB, 0xF2DC, 0xF846, 0xFCCC,
  0x011C, 0x04AF, 0x08F7, 0x0D06,  0x1108, 0x15F9, 0x1B05, 0x1F92,
  0x2303, 0x2605, 0x2834, 0x28F4,  0x2983, 0x298B, 0x29DA, 0x29E1,
  0x2964, 0x299B, 0x2828, 0x25A7,  0x22E9, 0x2009, 0x1DDE, 0x1BBF,
  0x1A09, 0x18D6, 0x1660, 0x1333,  0x0FF7, 0x0C70, 0x091C, 0x0661,
  0x052D, 0x0411, 0x02C2, 0x018C,  0x0031, 0xFEF0, 0xFD2A, 0xFBDF,
  0xFB4F, 0xFA93, 0xFA81, 0xFAD9,  0xFA95, 0xFA4F, 0xF958, 0xF8C5,
  0xF882, 0xF82F, 0xF89A, 0xF8F0,  0xF95E, 0xF96A, 0xF8D9, 0xF857,
  0xF74D, 0xF69C, 0xF62D, 0xF5A9,  0xF59E, 0xF4B5, 0xF3AE, 0xF2B5,
  0xF0F0, 0xEF97, 0xEE0E, 0xEC62,  0xEB44, 0xE964, 0xE7FE, 0xE60E,
  0xE3D6, 0xE1B3, 0xDF57, 0xDD96,  0xDB68, 0xD9C4, 0xD975, 0xD9F6,
  0xDBDC, 0xDEA4, 0xE16A, 0xE3F8,  0xE4D7, 0xE7C1, 0xEB77, 0xEF8B,
  0xF4CE, 0xF961, 0xFE5B, 0x01C4,  0x056B, 0x09DF, 0x0DCC, 0x11FC,
  0x16B8, 0x1BD3, 0x1FF9, 0x22F6,  0x259C, 0x274A, 0x27E0, 0x27F2,
  0x282B, 0x288F, 0x27EE, 0x27DC,  0x279D, 0x25C0, 0x2316, 0x201F,
  0x1DB9, 0x1BDA, 0x19D5, 0x1888,  0x16F8, 0x1436, 0x1111, 0x0E06,
  0x0AD4, 0x07D2, 0x05E3, 0x04CA,  0x041D, 0x02E2, 0x01B0, 0x0100,
  0xFFE4, 0xFE5D, 0xFD48, 0xFC7F,  0xFBFE, 0xFC0F, 0xFC91, 0xFCE6,
  0xFC1E, 0xFB01, 0xFA4F, 0xFA12,  0xF9AB, 0xF9F5, 0xFAA0, 0xFB04,
  0xFB71, 0xFB30, 0xFA4F, 0xF8D8,  0xF715, 0xF659, 0xF640, 0xF5DF,
  0xF5DF, 0xF503, 0xF3A8, 0xF15A,  0xEE79, 0xECBE, 0xEB39, 0xEA9A,
  0xE9D4, 0xE887, 0xE5F9, 0xE2C9,  0xE029, 0xDE24, 0xDC7E, 0xDB26,
  0xD9F2, 0xD965, 0xD9CE, 0xDB0E,  0xDE17, 0xE066, 0xE2AA, 0xE4AE,
  0xE77B, 0xEB1A, 0xEF83, 0xF47E,  0xF951, 0xFD5F, 0x010C, 0x058A,
  0x0946, 0x0DC5, 0x1260, 0x1726,  0x1BBD, 0x1F80, 0x22A7, 0x250E,
  0x2678, 0x2790, 0x283C, 0x288E,  0x282A, 0x2800, 0x27B3, 0x2673,
  0x2520, 0x22A3, 0x1FF6, 0x1D6A,  0x1AFD, 0x1980, 0x17F6, 0x15E2,
  0x13E9, 0x10C3, 0x0DAC, 0x0AA0,  0x07DF, 0x05F2, 0x048E, 0x03AA,
  0x02D2, 0x01AC, 0x0080, 0xFF4B,  0xFE17, 0xFD01, 0xFCB4, 0xFD11,
  0xFD08, 0xFD6A, 0xFD19, 0xFC94,  0xFBF5, 0xFB91, 0xFBB6, 0xFBB9,
  0xFBC8, 0xFC3A, 0xFC5B, 0xFBF1,  0xFB76, 0xFAC4, 0xF9AF, 0xF8B4,
  0xF7F4, 0xF731, 0xF67D, 0xF562,  0xF45A, 0xF2B5, 0xF092, 0xEEE6,
  0xED5B, 0xEC1D, 0xEAEE, 0xE942,  0xE79E, 0xE55F, 0xE38E, 0xE1CE,
  0xDFD5, 0xDE4F, 0xDC6A, 0xDB38,  0xD9F6, 0xD9A1, 0xDA9C, 0xDC54,
  0xDF0C, 0xE2A7, 0xE501, 0xE775,  0xE9B3, 0xED80, 0xF225, 0xF679,
  0xFBE3, 0xFFEC, 0x03C1, 0x0784,  0x0BB6, 0x1040, 0x1429, 0x18B2,
  0x1DA0, 0x215B, 0x2428, 0x25F1,  0x2786, 0x27E3, 0x27F3, 0x2898,
  0x283C, 0x27B1, 0x2686, 0x25D5,  0x2444, 0x214B, 0x1ED8, 0x1CB5,
  0x1A8E, 0x189B, 0x16A2, 0x14DC,  0x11FB, 0x0F11, 0x0C9A, 0x0994,
  0x06EC, 0x0489, 0x03AB, 0x02E4,  0x019B, 0x00B0, 0xFF82, 0xFE59,
  0xFD89, 0xFCE5, 0xFCEA, 0xFC7B,  0xFC41, 0xFCFF, 0xFCDA, 0xFC96,
  0xFBFB, 0xFBA4, 0xFB9E, 0xFB73,  0xFBDC, 0xFBF9, 0xFBD9, 0xFBC0,
  0xFB43, 0xFAD3, 0xF9BC, 0xF864,  0xF7C8, 0xF6D3, 0xF623, 0xF541,
  0xF3DC, 0xF24B, 0xF019, 0xEE88,  0xED32, 0xEBC8, 0xEA96, 0xE93B,
  0xE7B2, 0xE5B8, 0xE3D8, 0xE206,  0xE04F, 0xDE9A, 0xDD7F, 0xDC54,
  0xDB44, 0xDAA2, 0xDB37, 0xDCB7,  0xDEE6, 0xE252, 0xE5B1, 0xE874,
  0xEA8D, 0xEE3B, 0xF204, 0xF66E,  0xFB06, 0xFFDF, 0x0461, 0x079D,
  0x0BF9, 0x107D, 0x1478, 0x18AF,  0x1D06, 0x2142, 0x242F, 0x25F7,
  0x2832, 0x28D7, 0x28FC, 0x28FF,  0x28EA, 0x285A, 0x2740, 0x2656,
  0x2522, 0x22DC, 0x203A, 0x1DB7,  0x1B32, 0x18FA, 0x16B4, 0x14E8,
  0x128B, 0x0FB2, 0x0CCF, 0x0A04,  0x0725, 0x04BD, 0x02B7, 0x0167,
  0x0016, 0xFEE4, 0xFE08, 0xFCC8,  0xFBD4, 0xFAF9, 0xFAA1, 0xFA9A,
  0xFADD, 0xFAEE, 0xFB14, 0xFB03,  0xFAD9, 0xFAE9, 0xFABC, 0xFB1C,
  0xFB39, 0xFB72, 0xFBD2, 0xFBC7,  0xFB5E, 0xFABD, 0xF9D4, 0xF953,
  0xF85D, 0xF7C7, 0xF70F, 0xF5CB,  0xF4C4, 0xF307, 0xF156, 0xEF9C,
  0xEDD6, 0xECDA, 0xEB93, 0xEA08,  0xE8AE, 0xE659, 0xE4D0, 0xE323,
  0xE1AD, 0xE083, 0xDED0, 0xDE05,  0xDCD2, 0xDBEA, 0xDBDF, 0xDC78,
  0xDE0A, 0xE105, 0xE426, 0xE77E,  0xE9B1, 0xEC8F, 0xF05A, 0xF401,
  0xF906, 0xFD79, 0x0230, 0x0637,  0x0A07, 0x0E7C, 0x1292, 0x16B8,
  0x1B28, 0x1F93, 0x2333, 0x25C4,  0x27BB, 0x2931, 0x2993, 0x29BE,
  0x29AB, 0x295A, 0x2862, 0x2777,  0x2651, 0x24AF, 0x2223, 0x1F58,
  0x1CE6, 0x1A78, 0x1830, 0x1603,  0x13B1, 0x1108, 0x0E13, 0x0B38,
  0x08B6, 0x05BD, 0x038A, 0x01BA,  0x006C, 0xFF0A, 0xFDC4, 0xFCEE,
  0xFBB7, 0xFACB, 0xFA7F, 0xFA54,  0xFA43, 0xFA58, 0xFAA5, 0xFAD3,
  0xFA9B, 0xFA78, 0xFA5F, 0xFA7D,  0xFA84, 0xFAE3, 0xFB20, 0xFB41,
  0xFB41, 0xFB04, 0xFA6D, 0xF946,  0xF854, 0xF79C, 0xF6D8, 0xF637,
  0xF527, 0xF3CB, 0xF212, 0xF020,  0xEEC4, 0xED1A, 0xEBCD, 0xEACE,
  0xE963, 0xE7FF, 0xE62D, 0xE453,  0xE30E, 0xE14E, 0xE05C, 0xDF71,
  0xDE94, 0xDE1B, 0xDD48, 0xDDAE,  0xDE73, 0xDFE5, 0xE2D9, 0xE5EB,
  0xE8FC, 0xEBF5, 0xEEAA, 0xF2AE,  0xF625, 0xFAA9, 0xFF39, 0x0348,
  0x07CE, 0x0B9E, 0x1007, 0x1421,  0x17E6, 0x1C3F, 0x201F, 0x2378,
  0x263B, 0x27E4, 0x2979, 0x29A6,  0x29DC, 0x297B, 0x28C0, 0x27DB,
  0x2682, 0x2558, 0x2363, 0x20FF,  0x1E65, 0x1BC2, 0x194B, 0x1717,
  0x149A, 0x1272, 0x0F9E, 0x0CF5,  0x09FF, 0x0754, 0x04F5, 0x0295,
  0x013D, 0xFFC0, 0xFE65, 0xFD17,  0xFBE0, 0xFB0F, 0xFA4B, 0xF9D0,
  0xF9CE, 0xF98C, 0xF9C0, 0xF9E3,  0xF9E8, 0xFA03, 0xF99B, 0xF9F4,
  0xFA28, 0xFA73, 0xFAF5, 0xFAF6,  0xFAFF, 0xFACB, 0xFA7B, 0xFA47,
  0xF967, 0xF90C, 0xF85B, 0xF777,  0xF6EA, 0xF5A1, 0xF44E, 0xF2B3,
  0xF0F8, 0xEFA9, 0xEDF8, 0xECF3,  0xEBD9, 0xEA3B, 0xE911, 0xE730,
  0xE5A5, 0xE407, 0xE2C1, 0xE1EA,  0xE0C9, 0xDFF0, 0xDF53, 0xDE9B,
  0xDE75, 0xDEFB, 0xE0A7, 0xE30D,  0xE5A0, 0xE924, 0xEBF1, 0xEE90,
  0xF17D, 0xF56C, 0xF9C6, 0xFE0B,  0x02A2, 0x06F2, 0x0ADA, 0x0EAF,
  0x1302, 0x173A, 0x1B0A, 0x1F09,  0x22C9, 0x2594, 0x27A8, 0x28CC,
  0x297C, 0x295B, 0x2911, 0x28D1,  0x2800, 0x26BB, 0x2519, 0x2303,
  0x2075, 0x1DD3, 0x1B48, 0x1920,  0x1699, 0x146E, 0x11EB, 0x0F4B,
  0x0C84, 0x09A9, 0x071B, 0x04C1,  0x02E1, 0x0134, 0xFFDA, 0xFE62,
  0xFD3A, 0xFBCC, 0xFAF7, 0xFA42,  0xF9DC, 0xF9DA, 0xF9E0, 0xFA19,
  0xFA3F, 0xFA18, 0xF9FF, 0xF9FC,  0xFA0F, 0xFA9F, 0xFAEF, 0xFB94,
  0xFB76, 0xFB2B, 0xFAF2, 0xFA73,  0xFA04, 0xF9C9, 0xF93E, 0xF8AA,
  0xF7D0, 0xF6F3, 0xF62A, 0xF4B0,  0xF3D1, 0xF23F, 0xF0E2, 0xEFA7,
  0xEE39, 0xED5C, 0xEBDD, 0xEA61,  0xE926, 0xE766, 0xE6A8, 0xE5A4,
  0xE4D5, 0xE40B, 0xE2AC, 0xE21D,  0xE165, 0xE133, 0xE19B, 0xE254,
  0xE3C0, 0xE5AE, 0xE828, 0xEB1F,  0xED4E, 0xF02E, 0xF33E, 0xF670,
  0xFA7F, 0xFE6B, 0x02AA, 0x066C,  0x0A0E, 0x0DF3, 0x11CF, 0x1596,
  0x1967, 0x1D06, 0x203A, 0x2296,  0x248A, 0x25BF, 0x263A, 0x2667,
  0x262E, 0x259B, 0x24DF, 0x23A6,  0x2203, 0x2014, 0x1D97, 0x1B48,
  0x18F0, 0x1705, 0x1510, 0x1313,  0x1104, 0x0E9C, 0x0C2D, 0x09B5,
  0x07AB, 0x05C7, 0x041E, 0x02BA,  0x01A2, 0x0035, 0xFEF5, 0xFDA9,
  0xFCAC, 0xFBF6, 0xFB9C, 0xFBA0,  0xFB73, 0xFB53, 0xFB28, 0xFB1D,
  0xFB1E, 0xFB11, 0xFB1A, 0xFB31,  0xFB26, 0xFB60, 0xFB66, 0xFB7F,
  0xFB52, 0xFADE, 0xFA75, 0xF9B5,  0xF94D, 0xF8D0, 0xF827, 0xF786,
  0xF66E, 0xF566, 0xF477, 0xF323,  0xF271, 0xF117, 0xF011, 0xEF18,
  0xEDCD, 0xED07, 0xEBD7, 0xEB01,  0xEA81, 0xE99E, 0xE982, 0xE8F1,
  0xE85D, 0xE827, 0xE79E, 0xE7F3,  0xE7BF, 0xE806, 0xE8D7, 0xE97C,
  0xEB24, 0xECF7, 0xEEEE, 0xF10A,  0xF26E, 0xF4CD, 0xF74D, 0xF9EE,
  0xFD50, 0x000B, 0x032D, 0x05CF,  0x08B4, 0x0BF6, 0x0EE3, 0x11F5,
  0x14D5, 0x1769, 0x19EE, 0x1BAD,  0x1D6C, 0x1E5A, 0x1EDF, 0x1F58,
  0x1F2F, 0x1F21, 0x1E7C, 0x1DA0,  0x1C7E, 0x1AE6, 0x1978, 0x17F6,
  0x164F, 0x14E4, 0x130B, 0x1194,  0x0FBA, 0x0DE9, 0x0C47, 0x0A23,
  0x08B6, 0x0731, 0x05E3, 0x04E7,  0x0394, 0x0276, 0x0127, 0x000A,
  0xFF5E, 0xFE72, 0xFE1B, 0xFDA0,  0xFD05, 0xFCB3, 0xFC0D, 0xFBD4,
  0xFB93, 0xFB18, 0xFAFC, 0xFA8E,  0xFA3E, 0xF9F8, 0xF969, 0xF954,
  0xF8D2, 0xF87E, 0xF84C, 0xF7D8,  0xF7A3, 0xF742, 0xF6DD, 0xF657,
  0xF5F6, 0xF582, 0xF4ED, 0xF44C,  0xF3C3, 0xF307, 0xF28B, 0xF2AA,
  0xF21D, 0xF169, 0xF0E5, 0xF05A,  0xF04E, 0xF02C, 0xF042, 0xF047,
  0xEFAA, 0xEF9A, 0xEF8A, 0xEF68,  0xEFA5, 0xEFC0, 0xF03E, 0xF099,
  0xF143, 0xF270, 0xF378, 0xF502,  0xF669, 0xF7E3, 0xF963, 0xFAB6,
  0xFC4E, 0xFDD9, 0xFF67, 0x013D,  0x02FD, 0x04CA, 0x06B4, 0x088F,
  0x0A7B, 0x0C4A, 0x0E25, 0x0FF4,  0x117E, 0x1324, 0x1474, 0x1565,
  0x1619, 0x165C, 0x166F, 0x164F,  0x1626, 0x15E7, 0x1553, 0x149B,
  0x13AC, 0x12CD, 0x11D4, 0x10ED,  0x1024, 0x0EF1, 0x0DD1, 0x0C60,
  0x0AA3, 0x0944, 0x07A7, 0x0655,  0x053D, 0x03F1, 0x02E9, 0x0191,
  0x0063, 0xFF56, 0xFE79, 0xFE15,  0xFDE2, 0xFDE3, 0xFDC7, 0xFD68,
  0xFD18, 0xFC79, 0xFC3C, 0xFC35,  0xFBFF, 0xFC00, 0xFB71, 0xFB0F,
  0xFA8D, 0xFA17, 0xFA10, 0xF9CB,  0xF9CC, 0xF962, 0xF926, 0xF904,
  0xF8A4, 0xF879, 0xF838, 0xF7FF,  0xF7B8, 0xF75C, 0xF72E, 0xF6BB,
  0xF683, 0xF677, 0xF66E, 0xF6AF,  0xF6B7, 0xF6B9, 0xF6AE, 0xF6B6,
  0xF6CB, 0xF6FA, 0xF73C, 0xF780,  0xF764, 0xF753, 0xF750, 0xF743,
  0xF766, 0xF7C7, 0xF83D, 0xF884,  0xF8BC, 0xF917, 0xF976, 0xF9D1,
  0xFA81, 0xFB46, 0xFBF9, 0xFC85,  0xFD0D, 0xFDA1, 0xFE3A, 0xFF15,
  0xFFFA, 0x00EC, 0x01CC, 0x028A,  0x0346, 0x03F3, 0x04AC, 0x0584,
  0x064F, 0x0725, 0x07E4, 0x0886,  0x0916, 0x0983, 0x09FC, 0x0A77,
  0x0AF3, 0x0B61, 0x0BD2, 0x0C31,  0x0C72, 0x0CA9, 0x0CDC, 0x0CDF,
  0x0CD2, 0x0CA6, 0x0C6B, 0x0C03,  0x0B8A, 0x0AFE, 0x0A5C, 0x0991,
  0x08D8, 0x0813, 0x074F, 0x0678,  0x0592, 0x04BC, 0x03CD, 0x030A,
  0x022F, 0x0184, 0x00E2, 0x0039,  0xFFA6, 0xFF10, 0xFEA7, 0xFE46,
  0xFDD0, 0xFD9F, 0xFD86, 0xFD48,  0xFD19, 0xFCF9, 0xFCCE, 0xFC96,
  0xFC5F, 0xFC46, 0xFC13, 0xFBE2,  0xFBB0, 0xFB78, 0xFB4D, 0xFAF2,
  0xFAE0, 0xFADB, 0xFAD0, 0xFAA6,  0xFAA9, 0xFABB, 0xFA86, 0xFA96,
  0xFAD6, 0xFACF, 0xFAE1, 0xFAEB,  0xFB08, 0xFB1C, 0xFAF1, 0xFB04,
  0xFAC5, 0xFAB9, 0xFACA, 0xFAB2,  0xFAA3, 0xFA72, 0xFA67, 0xFA52,
  0xFA6F, 0xFA35, 0xFA46, 0xFA77,  0xFA44, 0xFA65, 0xFA76, 0xFAAF,
  0xFAB8, 0xFB11, 0xFB6D, 0xFBA7,  0xFBF5, 0xFC7C, 0xFCCF, 0xFD39,
  0xFDA0, 0xFDCC, 0xFE66, 0xFEF6,  0xFF34, 0xFFA1, 0x0014, 0x0081,
  0x00A9, 0x0128, 0x01DE, 0x01C5,  0x025D, 0x02DF, 0x0339, 0x038F,
  0x03DC, 0x045F, 0x04B5, 0x0533,  0x0543, 0x05AB, 0x05DD, 0x05EA,
  0x0658, 0x0647, 0x068B, 0x066E,  0x06C7, 0x0719, 0x0684, 0x06C7,
  0x06FB, 0x06C4, 0x06BE, 0x06DC,  0x06F5, 0x0649, 0x061D, 0x05DB,
  0x0578, 0x053F, 0x04AE, 0x048C,  0x0409, 0x035F, 0x02AD, 0x0214,
  0x0185, 0x0125, 0x0150, 0x0165,  0x00D0, 0x005C, 0xFFD2, 0xFE98,
  0xFDA7, 0xFCF0, 0xFCB3, 0xFD9C,  0xFDE9, 0xFE42, 0xFEB2, 0xFF49,
  0xFED1, 0xFDDE, 0xFD86, 0xFD82,  0xFE69, 0xFEB9, 0xFF21, 0xFFD5,
  0x0180, 0x0339, 0x045D, 0x0274,  0xFF49, 0xFCF3, 0xFE1B, 0xFFCF,
  0x0355, 0x0435, 0x0311, 0x030D,  0x030E, 0x0408, 0x0691, 0x088E,
  0x0506, 0xFDC8, 0xF705, 0xF5A2,  0xF507, 0xF83A, 0xF9A3, 0xF9DC,
  0xFA90, 0xFA0C, 0xF81D, 0xF77B,  0xF762, 0xFADB, 0xF92C, 0xFC16,
  0x002D, 0xFB8C, 0xF5A4, 0xF927,  0xFE97, 0x00CE, 0x0481, 0x0F82,
  0x126E, 0x10C5, 0x0C2D, 0x08CE,  0x1F3C, 0xEF74, 0xE6C9, 0x0BC3,
  0x0D93, 0xFD79, 0xE571, 0xFDD7,  0x0CDC, 0xF640, 0xF16C, 0x0136,
  0x06D8, 0xFED7, 0xF348, 0xF8E4,  0x0AED, 0x0264, 0xE8A7, 0xFF8F,
  0x0DFA, 0x0255, 0xF7E0, 0x0388,  0xFDED, 0xFA12, 0xFE1E, 0xF858,
  0x0C1D, 0x0436, 0xF3BC, 0x03CA,  0x00CF, 0xF36C, 0xFD4D, 0xF78C,
  0x02B8, 0x083C, 0xF56C, 0xF7C9,  0x01A5, 0xFC55, 0xF826, 0xF3E6,
  0xFE20, 0xFF76, 0xF939, 0xFED7,  0xF898, 0xFECE, 0xFC36, 0xFB48,
  0xFAF9, 0xFF0A, 0x0B03, 0xF684,  0xFBEF, 0xFFFC, 0xFB5A, 0xFA30,
  0xFBDD, 0x0AC7, 0xFC2C, 0xFA27,  0x05D6, 0xFC78, 0x01D7, 0xFA6A,
  0xFC1F, 0x0509, 0xFF73, 0x063C,  0xF5CE, 0x05E2, 0x023F, 0xFBDE,
  0xFD99, 0x0145, 0x024D, 0x0122,  0xFFF9, 0xFD74, 0x0E0C, 0xF68F,
  0x05CE, 0x03FA, 0x05A2, 0x053F,  0xFD58, 0x0AF6, 0xFF31, 0x0BD0,
  0xFB9A, 0x0814, 0x083D, 0x0798,  0x0329, 0x0112, 0x122B, 0xF6D9,
  0x0E56, 0x00D1, 0x075A, 0x01E6,  0x02BB, 0x11E1, 0xF128, 0x0F58,
  0x055C, 0xF80D, 0x0648, 0x04EF,  0x0D82, 0xF912, 0xFBB7, 0x0960,
  0x0613, 0xFABC, 0xF3D0, 0x0F25,  0x06CB, 0xFC1A, 0xFBAC, 0x03F5,
  0x0E23, 0xF16E, 0xFBA8, 0x0C67,  0x0543, 0xFD8C, 0xFB39, 0x0915,
  0x0444, 0xF74F, 0xFCA7, 0x06FA,  0x0364, 0xFD6F, 0xF896, 0x0973,
  0x006D, 0xFA8F, 0xFB5E, 0x0531,  0x034C, 0xF378, 0x0969, 0xFBA3,
  0xFAA6, 0x0138, 0x0109, 0xFC71,  0xFB60, 0x0736, 0xF9DA, 0xF908,
  0x0518, 0xFF48, 0xFC93, 0xFAAC,  0x026A, 0x04ED, 0xFA69, 0xFF6E,
  0xFE40, 0x0391, 0x00AA, 0xF7E7,  0x0352, 0x00E4, 0xFE0C, 0xFAF3,
  0x04DF, 0x0133, 0xF489, 0xFEA0,  0xFE4D, 0xFF00, 0xFEB0, 0xFFC8,
  0xFC96, 0xFC53, 0xFD23, 0xFC28,  0xFD8E, 0xFEDF, 0xFE2E, 0xFE4C,
  0x0007, 0xFEE7, 0xFF1F, 0xFE07,  0xFE46, 0x00E1, 0xFD9C, 0x0525,
  0x019B, 0xF8FD, 0x01C9, 0x0261,  0x0133, 0x0029, 0xFA26, 0xFB32,
  0x0762, 0x00A3, 0x00D3, 0x0028,  0x020B, 0x04D2, 0xF818, 0xFAF4,
  0x016B, 0x0BE9, 0x0955, 0xFB8C,  0xFEE9, 0x0436, 0xFEC7, 0xF73C,
  0x02D2, 0x0861, 0x0021, 0x0061,  0xFFF6, 0x03BA, 0x00BC, 0xFCA0,
  0xFDD1, 0x0743, 0x041C, 0xFE4D,  0x02D9, 0x038F, 0x03E9, 0xFE00,
  0x0145, 0xFF04, 0xFDE0, 0x0410,  0xFD28, 0xFC57, 0x0075, 0x0200,
  0xFD49, 0xF8B1, 0xFDD4, 0xFF3E,  0xFB29, 0xF9B8, 0xFC2F, 0xFED1,
  0xFD2D, 0xF9E5, 0xFC6D, 0xF6F9,  0xFAB9, 0xFE05, 0xF9A7, 0xFAFE,
  0xFF11, 0xFFC6, 0xFA49, 0xFAD4,  0x01D6, 0x0544, 0xFFCA, 0x0034,
  0xFF27, 0xFEEF, 0xFE6D, 0x023F,  0x0798, 0x034D, 0x0151, 0xFF8C,
  0xFB9C, 0xFF00, 0xFE07, 0xFD50,  0x04F2, 0x03E2, 0x00A2, 0x01BA,
  0x0054, 0xFDE5, 0xFC8E, 0xFF2D,  0x018F, 0x057B, 0x0644, 0x014B,
  0x005A, 0xFF06, 0x0045, 0x0296,  0x02E3, 0x0367, 0x0480, 0x02E2,
  0x0442, 0x00AE, 0xFB42, 0xFD8B,  0xFFBF, 0x0302, 0x0244, 0x0253,
  0x030D, 0xFEB2, 0xFF72, 0xFD8E,  0x001D, 0xFE21, 0x008E, 0x0569,
  0x0307, 0xFFCE, 0xFB34, 0x033A,  0x0418, 0x02F7, 0x02BD, 0x02ED,
  0xFFB6, 0x0248, 0xFFA5, 0xFFF1,  0x0350, 0xFFCE, 0xFE00, 0x005D,
  0xFFD8, 0xF9A2, 0xFBA3, 0x011A,  0x00BF, 0xFDD9, 0x029F, 0x0270,
  0xFE8E, 0xF7C6, 0x001B, 0x04CA,  0x0481, 0x00F3, 0x0017, 0xFFDB,
  0xFD8D, 0xFE00, 0xFF4D, 0x009A,  0x0001, 0xFF2A, 0x02AB, 0x047A,
  0xFF5D, 0xFB06, 0xFB1D, 0x0475,  0xFA05, 0x0034, 0xFEE1, 0x0036,
  0xFF40, 0xFD0C, 0xFA9B, 0xFB91,  0x0211, 0xF9FE, 0x0342, 0x0213,
  0x0331, 0xFE7D, 0xFF8D, 0xFF23,  0x010C, 0x00F1, 0x0155, 0x02CE,
  0x0322, 0x04A4, 0xFF5E, 0xFE54,  0xFB54, 0xFFD6, 0xFEA2, 0xFFA6,
  0x02E7, 0x0497, 0x0478, 0x05A6,  0x02F9, 0xFB71, 0xF8CB, 0xFEDD,
  0x0358, 0x013C, 0x0134, 0x01F7,  0xFD00, 0xFC72, 0xFF18, 0xFF63,
  0x032B, 0x027F, 0x0351, 0x0010,  0xFD05, 0x014A, 0xFF53, 0xFE02,
  0x05A7, 0x05FF, 0x05BF, 0x000C,  0xFD78, 0x023B, 0xFF30, 0xFE93,
  0xFBED, 0x01CD, 0x066D, 0x01E2,  0x0064, 0xFD48, 0xFDD3, 0xFE80,
  0xFEA4, 0x00A7, 0xFF9A, 0xFDAC,  0xFF35, 0xFE7A, 0xFE55, 0x0087,
  0x0024, 0x03CA, 0x00F3, 0xFD18,  0x002A, 0xFF5C, 0xFA1F, 0xF9BE,
  0x0173, 0x02EA, 0xFE37, 0xFFFD,  0xFFD8, 0xFDB6, 0xFB62, 0xFD4D,
  0x02A1, 0x0414, 0x0195, 0xFF01,  0x0234, 0x0037, 0xFB6D, 0xFAD2,
  0xFE24, 0x00FE, 0x0038, 0xFE57,  0x00BC, 0xFF66, 0xFD3C, 0xFCF7,
  0xFBEA, 0xFF60, 0x03F5, 0x0457,  0x0499, 0x02A4, 0x0188, 0xFF1C,
  0xFEF1, 0x0289, 0x0162, 0x0194,  0x007E, 0xFF12, 0xFEAA, 0xFFD8,
  0xFA89, 0xFD0C, 0x000B, 0x042D,  0x055E, 0xFE71, 0xFF3C, 0xFC4F,
  0xFDA2, 0xFFAC, 0xFE61, 0xFDEC,  0xFDF4, 0xFF26, 0x0060, 0x01F2,
  0x00B3, 0x00CE, 0x0238, 0x0217,  0x0212, 0x0076, 0xFFD7, 0x0209,
  0x07ED, 0x046D, 0xFE36, 0xFC33,  0xFAD5, 0xFD6C, 0xFDAE, 0x0044,
  0x0387, 0x0453, 0x0301, 0x0183,  0x0333, 0xFFA3, 0xFCC7, 0x0014,
  0x0322, 0x069C, 0x004A, 0xFD49,  0xFEFE, 0xFFD4, 0x0183, 0xFEF1,
  0xFFB0, 0x0015, 0x002E, 0xFC96,  0xFE63, 0xFF81, 0x0231, 0xFCA2,
  0xFDE5, 0x00CF, 0xFE78, 0x0156,  0xFF89, 0x00C2, 0xFA4F, 0xFDED,
  0xFFA4, 0x0312, 0x00E8, 0xFD91,  0x01C1, 0x055A, 0xFFC0, 0x0058,
  0x003A, 0x004D, 0xFE01, 0xFC95,  0x01E0, 0xFE72, 0x0064, 0xFD87,
  0x021C, 0xFD4B, 0x0032, 0xFBFA,  0xFD5C, 0x00CF, 0xFD45, 0x0042,
  0xFE55, 0x0095, 0x0019, 0x00F4,  0x030C, 0xFE0C, 0x01B0, 0x01CD,
  0x012A, 0x00DF, 0xFA27, 0x03D3,  0xFEFD, 0x0157, 0x0275, 0xFEBF,
  0xFFA5, 0x00F6, 0xFFF9, 0xFD92,  0xFE4B, 0x0246, 0x0474, 0x0126,
  0xFE8E, 0xFF4D, 0x0055, 0x035D,  0x0390, 0xFF52, 0x02B6, 0xFEE2,
  0xFE6E, 0xFDC0, 0x0260, 0x0425,  0x0264, 0x020E, 0xFFC1, 0xFFE2,
  0xFEFF, 0xFE7B, 0xFFDE, 0xFD74,  0xFE9C, 0xFD8C, 0xFFDE, 0x00E1,
  0x025A, 0x02AE, 0xFC7E, 0x0170,  0xFE21, 0x020F, 0x016A, 0xFEDF,
  0xFE1E, 0xFDFB, 0xFF7F, 0x020E,  0x012E, 0x0052, 0x002F, 0x0051,
  0xFFFB, 0xFE70, 0x046F, 0xFE70,  0xFFAC, 0xFDAB, 0xFC63, 0xFC9B,
  0xFFE4, 0x0164, 0x0067, 0x018F,  0xFC66, 0xFFBF, 0xFF42, 0xFE74,
  0xFFFB, 0xFFA4, 0xFF7B, 0xFE66,  0xFEBD, 0x00D0, 0x00DB, 0x0139,
  0x0356, 0xFF53, 0xFD4D, 0xFE10,  0xFD7F, 0xFF0F, 0xFD68, 0x029B,
  0x044D, 0x02D4, 0x041C, 0x0284,  0xFF8D, 0xFD0F, 0xFC4B, 0x0027,
  0x02EF, 0xFF30, 0xFD09, 0xFDEF,  0xFF28, 0xFF2D, 0xFD2D, 0xF9D3,
  0x00AB, 0x00CC, 0x01C4, 0xFF2F,  0x00A7, 0x0373, 0xFE42, 0x032D,
  0xFF00, 0x006C, 0x0283, 0x0492,  0x061D, 0x0291, 0xFDF2, 0xFEA3,
  0x0133, 0x01DA, 0x029D, 0x01E0,  0x04C1, 0x00C0, 0x0138, 0xFD5A,
  0x0131, 0x0057, 0xFC9F, 0x0146,  0xFF05, 0x00F2, 0xFF3F, 0xFB78,
  0xFA87, 0xFA70, 0xFC25, 0x00BE,  0x01B4, 0x035E, 0x056E, 0x0350,
  0xFECC, 0xFE30, 0x0160, 0xFE1D,  0xFE95, 0x015D, 0x0317, 0x0292,
  0x004D, 0x00B0, 0x002A, 0x025A,  0xFDCB, 0xFDF6, 0xFD84, 0xFF17,
  0x0138, 0x0195, 0x0010, 0xFECD,  0x01A5, 0x00D2, 0xFD31, 0xFE01,
  0x0063, 0xFD6A, 0x0092, 0xFCB9,  0xFE27, 0xFDFA, 0x00D7, 0x0280,
  0xFF15, 0xFF9A, 0xFED5, 0xFE8C,  0xFEB0, 0x017F, 0x05DD, 0x007E,
  0x00F4, 0xFE7B, 0xFB40, 0x011F,  0xFCFF, 0x039A, 0x00B8, 0xFCCF,
  0xFD59, 0xFE5D, 0xFE9F, 0xFF83,  0x0077, 0x00BF, 0x036C, 0x00D5,
  0x008D, 0xFFFC, 0x0017, 0x0013,  0xFEE4, 0x003C, 0xFEC7, 0xFF21,
  0x0215, 0xFE9A, 0xFEFE, 0x0001,  0x0355, 0x0244, 0x014F, 0x00F8,
  0xFF10, 0x019E, 0xFF77, 0x008F,  0xFE56, 0x000A, 0xFFAC, 0xFEBA,
  0x02D4, 0xFEB5, 0x018A, 0x03E1,  0x0274, 0xFEFB, 0xFE86, 0x00F7,
  0x00EA, 0x01D3, 0xFF2C, 0xFEBC,  0x034F, 0x001F, 0xFDB9, 0xFD68,
  0xFF27, 0x024B, 0xFE13, 0xFE35,  0xFC68, 0xFF47, 0x00D7, 0xFF00,
  0x021E, 0x0142, 0x0249, 0x0286,  0xFD63, 0x0112, 0xFE91, 0xFD0E,
  0x01C2, 0x0075, 0x035A, 0x00E5,  0x02CD, 0xFF32, 0x00F1, 0x0264,
  0xFD8D, 0xFDF0, 0xFCF7, 0xFF6D,  0xFDA1, 0x00DE, 0x0108, 0xFFD1,
  0x026F, 0xFFB0, 0x00CC, 0xFFED,  0xFB73, 0xFE3F, 0xFEB0, 0xFE1F,
  0xFFFC, 0x02D3, 0x02DE, 0x00FB,  0xFEB7, 0xFEAE, 0xFE38, 0x00C9,
  0x001D, 0xFE5A, 0x01AB, 0x014F,  0x00A1, 0xFCFD, 0xFFE0, 0x00BF,
  0xFEF1, 0xFD3B, 0xFDBF, 0xFE59,  0x021D, 0x01E3, 0xFE3F, 0xFFFC,
  0x00D8, 0xFF89, 0xFD0C, 0x0217,  0x04B3, 0x018E, 0x02DC, 0xFFF3,
  0xFF90, 0x0274, 0xFF97, 0xFE6E,  0x0069, 0x0189, 0x0067, 0xFEFD,
  0xFD38, 0xFCC9, 0xFD68, 0x02FE,  0xFD94, 0xFFA8, 0x0356, 0x0006,
  0xFFCE, 0xFC5E, 0xFD57, 0xFE13,  0x0035, 0x0467, 0x03A8, 0x0095,
  0xFE0D, 0xFFD9, 0x0455, 0x00C5,  0x0353, 0x0286, 0x002C, 0xFFC9,
  0xFCA3, 0xFE10, 0x0075, 0x0353,  0x04D5, 0xFFEB, 0xFE3C, 0xFB52,
  0xFC1E, 0x0162, 0x0174, 0x0115,  0xFF2C, 0x04EE, 0x004E, 0x0006,
  0xFE62, 0xFF07, 0xFF2D, 0xFCB6,  0xFFFD, 0xFE4D, 0x00B0, 0xFFA0,
  0x002E, 0xFF91, 0x0185, 0xFF5C,  0xFECC, 0xFDBB, 0x011E, 0xFFCE,
  0x00F5, 0x0016, 0xFD90, 0xFFC1,  0xFF2C, 0x0007, 0xFE90, 0x0267,
  0xFF28, 0x0271, 0x0030, 0x00B8,  0x0086, 0xFE36, 0xFFDE, 0xFFBA,
  0x0218, 0x010F, 0x006D, 0x008E,  0xFE98, 0xFF53, 0xFE6F, 0x001F,
  0x02EF, 0x01A9, 0x0208, 0xFC67,  0x0096, 0xFF94, 0xFE81, 0xFF5C,
  0x00BE, 0x039A, 0x0196, 0xFF70,  0xFB0B, 0xFC60, 0x008C, 0x01EC,
  0xFEAB, 0x0029, 0xFDA3, 0xFE24,  0x0124, 0x00A2, 0x026E, 0x02C8,
  0xFF3C, 0xFC53, 0xFCBE, 0xFD1B,  0x0152, 0x0178, 0x0162, 0x024D,
  0xFF77, 0xFE9E, 0xFFA8, 0x01FB,  0x0437, 0x0122, 0x015C, 0x0121,
  0x011E, 0x00C5, 0xFD54, 0xFE93,  0xFEFA, 0x0098, 0x0369, 0x0512,
  0xFF0C, 0xFC58, 0xFE36, 0xFF99,  0x0079, 0xFE2C, 0xFEE4, 0x0018,
  0xFFF4, 0x024B, 0xFEB8, 0xFDFB,  0xFD1E, 0xFD07, 0x01C2, 0xFD96,
  0x0411, 0x01C0, 0x0037, 0x00A8,  0xFF96, 0x031F, 0xFEAD, 0xFEC8,
  0xFC62, 0xFF01, 0x03F6, 0x0219,  0x0166, 0xFD6F, 0x00BF, 0x004E,
  0xFF11, 0x005E, 0xFF8B, 0x01FE,  0xFEFA, 0x008D, 0x0112, 0x01A4,
  0xFD70, 0xFE94, 0x009C, 0x010A,  0x006D, 0xFF3A, 0xFF71, 0xFF85,
  0xFFEB, 0xFF34, 0xFFF7, 0x00AE,  0x001E, 0x00D1, 0x004C, 0xFEA3,
  0x00AB, 0xFC88, 0xFEB3, 0xFEF0,  0xFFE7, 0x00BB, 0x0067, 0xFEFA,
  0xFF86, 0x00EA, 0x031A, 0x0219,  0x00E6, 0x002B, 0xFDC7, 0xFE4B,
  0xFFC2, 0x015B, 0x0042, 0x01B4,  0xFE3B, 0xFF6A, 0x0186, 0x018F,
  0x0187, 0xFF11, 0xFDB1, 0xFFDA,  0xFE53, 0x014B, 0x0090, 0x00FD,
  0x0365, 0x0002, 0x0054, 0xFEDA,  0xFF14, 0xFC5E, 0x0068, 0xFFE8,
  0xFEE4, 0x0132, 0x00F9, 0x0367,  0x0101, 0x004B, 0xFF59, 0xFF7F,
  0xFE58, 0xFEBA, 0xFFB3, 0x0227,  0x0141, 0xFF5E, 0xFE10, 0xFDB2,
  0xFFC6, 0x00C7, 0x016B, 0x010D,  0x00F8, 0xFE0F, 0x006F, 0xFF8F,
  0x0113, 0xFE94, 0xFF55, 0xFF8E,  0xFF4E, 0x00D9, 0xFF01, 0x0060,
  0x0000, 0x0128, 0x00E7, 0xFFE5,  0x0055, 0xFF74, 0x0065, 0x0107,
  0xFF75, 0x0275, 0xFF00, 0x0173,  0x0092, 0x0006, 0x0119, 0xFF35,
  0xFFB6, 0xFF61, 0xFEBF, 0xFEAD,  0x014E, 0x0053, 0x0062, 0xFF9A,
  0xFD67, 0xFE80, 0x0079, 0xFFAB,  0xFF8C, 0xFF2B, 0xFF36, 0xFEB4,
  0x002E, 0x00DD, 0x025B, 0x01EA,  0x0102, 0xFF54, 0xFE06, 0xFFEA,
  0xFEC8, 0x01A1, 0x0167, 0x0107,  0xFD77, 0xFE7D, 0xFF15, 0x0098,
  0x0301, 0xFEEB, 0xFF74, 0x009E,  0x036E, 0xFF05, 0xFE31, 0xFE4D,
  0xFF77, 0x0227, 0x00B5, 0x00E0,  0x0088, 0xFFEA, 0x0126, 0xFEB2,
  0xFE3F, 0xFFC0, 0xFF87, 0xFFEB,  0x0071, 0xFF83, 0xFF05, 0xFFE3,
  0xFF8C, 0xFF38, 0xFEA1, 0x002C,  0xFEC6, 0x029B, 0x00BC, 0x0172,
  0x01C4, 0x00BB, 0x00C1, 0xFF56,  0xFF6C, 0xFF0E, 0x004D, 0x0142,
  0xFFAD, 0x0032, 0xFFBF, 0xFFBE,  0x017B, 0xFF89, 0x004C, 0xFE99,
  0x0120, 0xFE67, 0x01BF, 0xFF94,  0xFE80, 0x001D, 0xFEBC, 0xFF3D,
  0xFF97, 0x0068, 0xFEBA, 0xFF2F,  0xFFC5, 0x0054, 0x0082, 0x0224,
  0xFEF7, 0x004E, 0xFEB4, 0xFF32,  0x0219, 0x009E, 0xFFB2, 0x0073,
  0xFF93, 0x0060, 0x004A, 0xFF25,  0x00B1, 0xFFE3, 0xFFE8, 0xFFD1,
  0x0064, 0xFF51, 0xFF91, 0x00E9,  0xFFA9, 0xFFF8, 0x0029, 0xFEFE,
  0xFF85, 0x00B8, 0xFFC0, 0xFF9F,  0xFFBF, 0xFFD9, 0x00CB, 0x0066,
  0x0119, 0xFE93, 0xFDB4, 0xFF58,  0x0044, 0x01C6, 0x007D, 0xFF79,
  0x0097, 0x007D, 0x01C0, 0x0047,  0x00F6, 0xFF66, 0xFE71, 0x005C,
  0x0064, 0x00C0, 0xFEC0, 0x0003,  0x0029, 0x00C7, 0xFFB3, 0x004A,
  0xFF0A, 0x00A6, 0xFF80, 0xFF04,  0x0071, 0xFF5D, 0x018A, 0xFF01,
  0xFF77, 0xFF54, 0xFFD1, 0xFF19,  0xFF94, 0xFFFD, 0x0153, 0x019B,
  0x0008, 0xFFD2, 0xFF73, 0xFF55,  0x00F2, 0x0046, 0x016F, 0x00F1,
  0xFF38, 0x00B4, 0xFFA9, 0x0163,  0xFF03, 0x0021, 0x016F, 0xFFFF,
  0xFEAA, 0xFD1B, 0xFE5B, 0x00AD,  0xFEFD, 0x0074, 0xFFBD, 0x0091,
  0x00E2, 0xFFB4, 0xFFCE, 0xFF31,  0x00BD, 0xFE24, 0x0115, 0xFFA8,
  0x00B3, 0x005D, 0x00AF, 0x0029,  0xFF35, 0x0063, 0xFE0B, 0x01B5,
  0x007C, 0x00BE, 0x00E8, 0x0185,  0xFF03, 0xFE33, 0x0019, 0xFEC4,
  0x0059, 0xFEBD, 0x02A9, 0x01C2,  0xFFC1, 0x0073, 0xFCFF, 0xFEFB,
  0xFFF6, 0xFE80, 0x008B, 0xFF8A,  0x01BD, 0xFF45, 0xFF24, 0xFF13,
  0xFFC6, 0x0232, 0xFFA7, 0x0335,  0xFEB9, 0x01B9, 0xFDC7, 0xFF74,
  0x00EC, 0xFEEF, 0x01A6, 0x0053,  0xFCAF, 0x002D, 0x030E, 0xFFAB,
  0x00B5, 0xFD98, 0x020F, 0xFFB8,  0x018E, 0xFDC0, 0x000B, 0x01DD,
  0xFE04, 0x004A, 0x006A, 0xFEC3,  0x0051, 0x01B4, 0xFDA4, 0xFF95,
  0x000B, 0x02B5, 0x0176, 0xFF02,  0x00DB, 0xFE13, 0xFD1F, 0x006A,
  0xFF04, 0x00DB, 0x001D, 0x017E,  0x0282, 0x003C, 0xFF69, 0xFE2B,
  0xFF95, 0x01C3, 0xFF9A, 0xFDB9,  0x0089, 0x01BF, 0x00DA, 0x005D,
  0xFF6B, 0xFFD6, 0x00C2, 0xFFF8,  0x01DF, 0x0019, 0xFFA9, 0xFF04,
  0xFE16, 0x01B0, 0x0095, 0xFF9A,  0xFF83, 0xFE80, 0x012D, 0x000C,
  0x0018, 0x0000, 0xFF47, 0xFF80,  0xFFAA, 0xFF49, 0x00F7, 0x016F,
  0xFFA8, 0xFFFB, 0xFF32, 0xFFC3,  0x0043, 0xFF31, 0xFF09, 0x0018,
  0x0183, 0x020C, 0x0201, 0xFFFE,  0xFE70, 0x0073, 0xFDB4, 0x00F3,
  0xFFBD, 0x0073, 0x011E, 0xFF16,  0x00CA, 0xFDB4, 0xFFD2, 0xFEA2,
  0xFEC9, 0x0071, 0x0009, 0xFF7C,  0xFE27, 0xFF3D, 0x00D3, 0x0146,
  0x0133, 0x0037, 0xFFC2, 0x011B,  0x01A7, 0x01B4, 0xFE40, 0xFED8,
  0x00E2, 0xFFDA, 0xFF11, 0x00C3,  0x023F, 0xFF66, 0xFFCE, 0x003C,
  0x0073, 0xFED8, 0x023A, 0xFE65,  0xFEE0, 0x0064, 0x0211, 0x004F,
  0xFDCB, 0x00E1, 0xFD44, 0x010B,  0xFEEF, 0x0072, 0xFDB5, 0x017D,
  0x01A6, 0xFE93, 0x0187, 0xFDC8,  0x02FA, 0x0264, 0xFBF4, 0x0007,
  0xFFE5, 0x043B, 0x0101, 0x00E1,  0x0231, 0xFC7F, 0xFFCD, 0xFCA6,
  0x0215, 0xFFB9, 0x01D0, 0xFDF4,  0xFE77, 0x00E2, 0xFE45, 0xFEBA,
  0xFE1C, 0x00E5, 0x000E, 0x02B4,  0x0268, 0xFFBE, 0x0103, 0xFDF3,
  0xFE3A, 0x038A, 0xFDB9, 0x00DC,  0xFE42, 0xFED4, 0xFFFA, 0x01F8,
  0xFED8, 0xFE6B, 0x001A, 0xFED1,  0x035E, 0x0023, 0xFF8D, 0xFEA9,
  0x0021, 0x00D3, 0x01A8, 0xFFFF,  0x0013, 0xFF02, 0xFF83, 0x00A7,
  0xFF86, 0xFDEA, 0x0172, 0x01E3,  0x0005, 0x0000, 0xFF97, 0xFF8C,
  0x00CE, 0x00F0, 0x01A6, 0x0061,  0x0040, 0xFEA6, 0xFA80, 0xFDCE,
  0xFF9B, 0x0397, 0x00EA, 0x0157,  0xFFE7, 0x00B8, 0x003B, 0xFCC5,
  0xF9CA, 0xFD65, 0x014C, 0x035C,  0x04A9, 0x0217, 0x020C, 0xFEE4,
  0xFF90, 0xFEEA, 0x021E, 0x02C6,  0x01F2, 0xFF4A, 0xFD8D, 0xFCCE,
  0xFE38, 0x0114, 0x035D, 0x02DE,  0xFE9B, 0xFEE3, 0x00AD, 0xFDF3,
  0xFF76, 0x00BC, 0x0029, 0x00D0,  0xFD25, 0xFEBD, 0x0047, 0x00FD,
  0x04DA, 0x02B8, 0xFE2A, 0xFBA3,  0xFCE1, 0xFD2F, 0xFF26, 0x0110,
  0xFFA9, 0x03EA, 0x042A, 0x03A3,  0x0005, 0xFFEE, 0xFBBA, 0xFE81,
  0x0196, 0xFFC9, 0xFE4C, 0xFDAB,  0x02F7, 0x011D, 0xFE93, 0xFDAE,
  0x010C, 0x0426, 0x02D4, 0xFBA2,  0xFF73, 0x00EF, 0x00E3, 0xFF7A,
  0xFD1A, 0xFCBC, 0x0081, 0x04B5,  0x036F, 0x0020, 0xFBDD, 0xFD80,
  0xFE57, 0x038A, 0x029E, 0x0404,  0x01A1, 0xFF29, 0xFF87, 0xFB2D,
  0xFFA9, 0xFE48, 0x0058, 0x0456,  0x0215, 0x0344, 0xFB9A, 0xF8A5,
  0xFAA0, 0xFDD0, 0x00A8, 0x0292,  0x00E3, 0x037B, 0x02AE, 0xFF89,
  0xFE1A, 0xFD9E, 0x0322, 0xFED7,  0xFEF4, 0xFDA2, 0x0170, 0x01FE,
  0xFFE7, 0xFDA1, 0x00FD, 0x0438,  0x03B0, 0xFED9, 0xFBE3, 0xFEF8,
  0x03F6, 0x008A, 0xFB67, 0xFE00,  0x029D, 0x02BC, 0xFD50, 0x0283,
  0xFDAE, 0xFF69, 0xFE2A, 0x0069,  0xFC51, 0x04F9, 0x03F4, 0xFD80,
  0x013D, 0xFE3C, 0x0144, 0xFBD1,  0xFDFB, 0x00E8, 0x086A, 0x01C8,
  0xFFA5, 0xFE81, 0x0049, 0xFFB9,  0xFCFE, 0x0493, 0xFFE6, 0x0163,
  0xFCC7, 0xFBC1, 0x0074, 0xFE71,  0x00F8, 0xFC79, 0x038C, 0x02D1,
  0x009B, 0x0292, 0xFD03, 0xFD76,  0xFDD7, 0x037B, 0xFF36, 0x0082,
  0xFFAD, 0xFEEF, 0x0178, 0x0076,  0x005C, 0xFF04, 0x01D5, 0xFD87,
  0x00FC, 0x0106, 0xFB51, 0x03A1,  0xFDF7, 0xFED6, 0x011E, 0xFEE9,
  0x022F, 0xFE88, 0xFFD6, 0x0020,  0x01A7, 0xFD8A, 0x0028, 0xFFA0,
  0x00B6, 0x01A2, 0x013D, 0x0025,  0xFEB6, 0x017E, 0xFD11, 0x003A,
  0x01BF, 0x0004, 0x00EA, 0xFDDF,  0x0023, 0x01AA, 0xFDCD, 0x02C2,
  0xFDAB, 0x0133, 0x00B8, 0xFFAA,  0x0122, 0xFDE9, 0xFE52, 0xFD6B,
  0x0163, 0xFEDA, 0x0045, 0xFF8A,  0xFF9E, 0xFF59, 0xFED6, 0x0181,
  0x015F, 0xFFD5, 0xFFAC, 0x0280,  0x0137, 0xFF12, 0xFE4C, 0xFF29,
  0x024F, 0x035F, 0xFEA2, 0x00A0,  0x01AC, 0xFF40, 0x004D, 0x00E7,
  0xFF5A, 0x0011, 0x0226, 0xFED1,  0x027C, 0xFD08, 0xFFC7, 0x0059,
  0xFEEC, 0x00D9, 0xFF0A, 0x0002,  0xFCDA, 0xFFB2, 0xFD64, 0xFF0F,
  0x0639, 0x00A2, 0xFE35, 0x00DC,  0xFD57, 0x0154, 0x00A7, 0xFD45,
  0xFAB0, 0x0351, 0x0004, 0x0091,  0x066E, 0xFF22, 0x0131, 0xFEB6,
  0xFF36, 0xFF3D, 0xFEEC, 0x038B,  0x005E, 0xFDB8, 0x00E1, 0xFF36,
  0xFE5C, 0x0074, 0xFF62, 0x010E,  0x012C, 0xF97D, 0x0053, 0x0143,
  0x011D, 0xFEE6, 0xFEF6, 0xFF6C,  0x00EA, 0x05D4, 0xFA1D, 0x037A,
  0xFD63, 0xFFB6, 0x03C2, 0xFA17,  0x02E8, 0x039B, 0x01C0, 0xFF1A,
  0xFE85, 0xFEEB, 0xFD9F, 0xFF55,  0x0286, 0x0018, 0x0253, 0xFDED,
  0xFC6B, 0xFFEB, 0x01D8, 0x02B4,  0x01CE, 0xFEA5, 0xFF1A, 0xFF50,
  0x01C5, 0x025B, 0xFD1F, 0x00CA,  0xFD80, 0x01E2, 0xFF64, 0xFFA8,
  0xFF6E, 0x0049, 0x0095, 0xFBE4,  0xFBB2, 0xFDC8, 0x0153, 0xFED8,
  0x0247, 0xFFED, 0x008A, 0x0088,  0xFD3D, 0xFFB2, 0xFFCA, 0x029A,
  0xFDF8, 0xFF4B, 0x0202, 0x0213,  0x03FD, 0xFD89, 0x0302, 0x0102,
  0x02C1, 0x0470, 0x01A6, 0x02AF,  0xFF5A, 0xFE01, 0xFB88, 0xFE21,
  0x00F7, 0x0125, 0x00F5, 0xFC8B,  0xFE22, 0xFFF2, 0xFE49, 0xFBD0,
  0xFE18, 0x02A5, 0x0223, 0xFEE4,  0xFF94, 0x01B7, 0xFD8C, 0x01CF,
  0xFC57, 0x006B, 0x02E7, 0x00D3,  0x017F, 0xFB45, 0x001C, 0xFFE1,
  0x032F, 0x03FC, 0xFDF0, 0x013B,  0xFD09, 0x0062, 0xFDC1, 0xFFDB,
  0x04CA, 0xFF91, 0x00F8, 0xFA94,  0x01C6, 0x0261, 0x03A5, 0x0260,
  0xFF69, 0x0055, 0xFDCD, 0xFE99,  0x02F7, 0x04EB, 0xFF4E, 0x0195,
  0xFE6B, 0xFCB2, 0x0151, 0x02C1,  0x005B, 0xFFBA, 0x008D, 0xFD9B,
  0x0456, 0x0011, 0xFD18, 0x04CD,  0xFCE7, 0x012E, 0x02A0, 0x020A,
  0x0089, 0xF9B5, 0xFDDE, 0x04D9,  0x05AB, 0xFC4F, 0xFC32, 0x020B,
  0xFFA0, 0xFD8C, 0x0084, 0x0337,  0xFFE6, 0xFEDA, 0x0196, 0xFCD3,
  0x010E, 0x0196, 0xFD5C, 0xFCF0,  0xFDBE, 0x02B9, 0xFEC4, 0xFDCD,
  0xFD62, 0x0159, 0x0293, 0x0029,  0xFF58, 0xFDE8, 0x0009, 0x01E9,
  0xFE10, 0xFA77, 0xFF3D, 0x01BA,  0x0224, 0xFF16, 0xFF57, 0xFC70,
  0xFDFE, 0xFCE9, 0xFEE3, 0x03BB,  0xFF4A, 0x00B3, 0xFC86, 0xFDD8,
  0x04C5, 0xFFDA, 0xFCED, 0xF985,  0xFCF8, 0x03AA, 0x0107, 0x02D2,
  0xFDF6, 0xFDF0, 0xFE10, 0xFD30,  0x005A, 0xFF2E, 0x007C, 0x02DD,
  0x018E, 0x00D2, 0xFEDD, 0xFD7D,  0x0003, 0x023F, 0x070E, 0x0900,
  0x0964, 0x0572, 0x0558, 0x04B2,  0x0081, 0xFEEB, 0xFE2F, 0x006D,
  0x0057, 0xFFEF, 0x001F, 0x00B8,  0x0064, 0xFCA9, 0xFD46, 0xFCDF,
  0xFE5A, 0x015F, 0xFEEE, 0xFD95,  0xFBE2, 0xFE8D, 0x0100, 0xFF75,
  0xFFE2, 0xFEA4, 0xFE07, 0x0022,  0xFED5, 0xFF07, 0x01FC, 0x00EB,
  0xFFDC, 0xFE80, 0x00A9, 0x0558,  0x01B3, 0xFF9B, 0xFE38, 0xFE7F,
  0x015E, 0x0151, 0xFF32, 0xFE2B,  0xFFA6, 0x0054, 0xFFC8, 0xFD65,
  0xFFF4, 0x014C, 0x00FA, 0x00A8,  0xFFDF, 0xFEE4, 0xFD37, 0x002B,
  0xFF45, 0xFF1D, 0x005E, 0xFF14,  0x022E, 0x008A, 0x00CC, 0xFF48,
  0xFF7D, 0x0336, 0xFFB7, 0x00C9,  0xFFED, 0xFF2F, 0x009C, 0x0024,
  0xFF2B, 0xFF92, 0x0064, 0x019B,  0xFF31, 0xFF38, 0x0029, 0x00B3,
  0x002B, 0xFEA5, 0xFECE, 0xFF28,  0x0167, 0xFF65, 0xFE68, 0xFF81,
  0x01AD, 0xFFA8, 0x00DE, 0x002A,  0xFF94, 0xFF67, 0xFDA8, 0x01CB,
  0x02EE, 0xFFE5, 0xFF47, 0xFFEF,  0x0007, 0x0153, 0x01A3, 0x018C,
  0x0105, 0xFE91, 0xFC0D, 0xFE1F,  0x0062, 0x02AA, 0x0086, 0x00B4,
  0xFECB, 0xFDA7, 0x0068, 0x0182,  0x0276, 0xFCB8, 0xFD17, 0x0184,
  0x02E4, 0xFF9C, 0xFBE5, 0xFE55,  0x0445, 0x0346, 0xFD82, 0xFC8C,
  0x00CB, 0x02D4, 0x00DB, 0xFEB9,  0xFFA0, 0x00B9, 0x011A, 0x00A6,
  0xFD35, 0xFD6C, 0xFEFF, 0x03E1,  0x0265, 0xFE47, 0xFD01, 0x0013,
  0x043E, 0x0031, 0xFD05, 0xFE65,  0x0136, 0x0239, 0xFE37, 0xFEFF,
  0x01EF, 0x0111, 0xFFEC, 0xFD9D,  0xFF32, 0xFFB9, 0x00A8, 0xFF2C,
  0xFD10, 0xFE20, 0x0153, 0x020A,  0x0028, 0xFD29, 0xFF7F, 0x00A4,
  0xFED1, 0xFF1D, 0xFE68, 0x003A,  0x0200, 0x00D5, 0xFF8E, 0xFFC4,
  0xFF7B, 0x013F, 0xFE55, 0xFFDE,  0x00A3, 0x0043, 0xFED8, 0xFEC8,
  0x0133, 0xFEA2, 0xFF26, 0xFF40,  0x0068, 0x01E1, 0xFFEB, 0xFFF8,
  0xFF2C, 0x0050, 0x00E4, 0xFFDD,  0xFFEA, 0x000A, 0x017A, 0xFE67,
  0x0045, 0x004A, 0x015E, 0x0188,  0x008C, 0x011B, 0x00CC, 0x02A7,
  0x002E, 0x013C, 0x0162, 0x00A0,  0x0167, 0xFFCF, 0x0112, 0xFED8,
  0x00E1, 0x02CF, 0x0023, 0x0161,  0xFF12, 0xFFC5, 0x0004, 0x0094,
  0xFFEF, 0xFF5A, 0xFFBA, 0xFF25,  0x0021, 0xFFC3, 0xFF54, 0xFDEB,
  0xFF63, 0xFF4C, 0x001D, 0xFF3B,  0xFD88, 0xFE06, 0xFF2B, 0xFFD9,
  0xFEC0, 0xFE8A, 0xFEEF, 0xFFFF,  0xFF84, 0xFEE7, 0xFD1C, 0xFE90,
  0xFF73, 0xFE9A, 0xFE0C, 0xFDDF,  0xFFC9, 0x00CE, 0xFFBA, 0xFDD2,
  0xFE5B, 0xFFCA, 0xFFA1, 0xFE4E,  0xFE1A, 0xFFDE, 0x00CE, 0x006F,
  0xFF87, 0xFFE7, 0x01C3, 0x00A6,  0xFFBC, 0xFF46, 0x01B6, 0x0344,
  0x01C6, 0xFFDA, 0xFFD8, 0x0339,  0x0383, 0x028B, 0x003F, 0x024F,
  0x04AC, 0x0444, 0x023E, 0x010F,  0x0371, 0x027F, 0x02F0, 0x02B4,
  0x036A, 0x036D, 0x012D, 0x014F,  0x026F, 0x01AC, 0x000B, 0x009D,
  0x0359, 0x0624, 0x02BF, 0xFF25,  0xFE0B, 0x0116, 0x0329, 0x0093,
  0xFC2E, 0xFDCF, 0x01BB, 0x029C,  0xFFE1, 0xFB00, 0xFB81, 0xFC92,
  0xFE2B, 0xFC33, 0xF9D1, 0xFA4C,  0xFB49, 0xFAF3, 0xF8E0, 0xF764,
  0xF7DD, 0xF85B, 0xF7DB, 0xF794,  0xF694, 0xF6C1, 0xF6D7, 0xF616,
  0xF70A, 0xF72E, 0xF7DB, 0xF80B,  0xF780, 0xF993, 0xFAF1, 0xFDF8,
  0x0015, 0x013F, 0x0353, 0x0431,  0x067C, 0x083A, 0x0894, 0x0AE7,
  0x0CBC, 0x0E2A, 0x0F3A, 0x101A,  0x11F0, 0x1258, 0x1257, 0x127F,
  0x11BD, 0x11D3, 0x1196, 0x10D8,  0x1108, 0x0FD0, 0x0E17, 0x0B8B,
  0x097F, 0x0892, 0x067D, 0x03DE,  0x01E2, 0x006F, 0xFF89, 0xFDF9,
  0xFC44, 0xFB11, 0xF8E4, 0xF638,  0xF446, 0xF416, 0xF452, 0xF33F,
  0xF1ED, 0xF08D, 0xF046, 0xF0CF,  0xF0C8, 0xF005, 0xEEDD, 0xEE11,
  0xEDAC, 0xEDF1, 0xEDF7, 0xEDEB,  0xED47, 0xEC84, 0xEBF7, 0xEBE6,
  0xEC0B, 0xEBEA, 0xEC6C, 0xED49,  0xEFA7, 0xF2C9, 0xF572, 0xF85F,
  0xFAD0, 0xFE31, 0x006C, 0x0287,  0x059E, 0x0802, 0x0B81, 0x0DA1,
  0x0FF3, 0x12F7, 0x14F4, 0x16DF,  0x1807, 0x18A4, 0x1AC2, 0x1D5E,
  0x1E00, 0x1D4E, 0x1D3E, 0x1E3D,  0x1E15, 0x1C24, 0x192F, 0x1688,
  0x1540, 0x13BA, 0x10D2, 0x0DCF,  0x0BAD, 0x0B2E, 0x09C1, 0x05F6,
  0x02E8, 0x0143, 0x00DE, 0xFFFA,  0xFE17, 0xFC38, 0xFB6E, 0xFB58,
  0xFAD8, 0xF948, 0xF78F, 0xF64A,  0xF5DC, 0xF54C, 0xF447, 0xF26F,
  0xEFD4, 0xEEAA, 0xEDE2, 0xECE3,  0xEA3F, 0xE846, 0xE6F2, 0xE510,
  0xE318, 0xE098, 0xDEF8, 0xDD91,  0xDBE9, 0xDA69, 0xDB34, 0xDD11,
  0xDF2B, 0xE1EA, 0xE6B9, 0xEC4D,  0xEE33, 0xF174, 0xF623, 0xFAEB,
  0xFE9B, 0x0184, 0x0684, 0x0C15,  0x11E1, 0x162F, 0x19B5, 0x1D59,
  0x216A, 0x245D, 0x254B, 0x2631,  0x27C5, 0x28E5, 0x28EB, 0x281B,
  0x26F8, 0x259D, 0x230C, 0x1F5F,  0x1BEC, 0x1893, 0x1519, 0x1163,
  0x0DC8, 0x0B4B, 0x08BA, 0x05D8,  0x02ED, 0x0050, 0xFDE8, 0xFBA9,
  0xFAA5, 0xFA6F, 0xFA56, 0xFA94,  0xFA92, 0xFAA5, 0xFADD, 0xFACB,
  0xFAE1, 0xF9F7, 0xF8B3, 0xF754,  0xF635, 0xF5B3, 0xF486, 0xF264,
  0xEFE9, 0xED57, 0xEB66, 0xE912,  0xE5D3, 0xE319, 0xE104, 0xDE8E,
  0xDB09, 0xD7B0, 0xD75B, 0xD88D,  0xD921, 0xD880, 0xDB24, 0xE1D9,
  0xE6C7, 0xE96B, 0xEB85, 0xF17A,  0xF7E1, 0xFC29, 0xFF51, 0x039B,
  0x0B64, 0x126C, 0x1735, 0x1B00,  0x1F61, 0x24E5, 0x28BD, 0x2987,
  0x2987, 0x2B35, 0x2D31, 0x2CF4,  0x2BAF, 0x29B9, 0x2857, 0x261E,
  0x2259, 0x1E78, 0x1992, 0x14D3,  0x1104, 0x0DA0, 0x0992, 0x0520,
  0x013F, 0xFE9D, 0xFCDC, 0xFB24,  0xF849, 0xF681, 0xF68B, 0xF6D3,
  0xF66B, 0xF5A6, 0xF65E, 0xF834,  0xF9DF, 0xF981, 0xF955, 0xF96F,
  0xF99A, 0xF8D7, 0xF6ED, 0xF511,  0xF2D2, 0xF103, 0xEF97, 0xECD9,
  0xE94F, 0xE645, 0xE3AF, 0xE17E,  0xDE5B, 0xDA50, 0xD699, 0xD507,
  0xD66B, 0xD6E6, 0xD66E, 0xD877,  0xDE76, 0xE62E, 0xE8C2, 0xE9FA,
  0xEE73, 0xF5E1, 0xFC6C, 0xFF34,  0x02B7, 0x09C9, 0x12A6, 0x19F0,
  0x1E1A, 0x219D, 0x26F1, 0x2C99,  0x2F3B, 0x2EB2, 0x2F10, 0x3162,
  0x32B7, 0x3158, 0x2FC3, 0x2DD7,  0x2BA1, 0x286B, 0x23A9, 0x1E37,
  0x187C, 0x139A, 0x0EFD, 0x0AAC,  0x062A, 0x01DD, 0xFDF1, 0xFA95,
  0xF807, 0xF59F, 0xF331, 0xF1B3,  0xF1B8, 0xF29A, 0xF354, 0xF389,
  0xF4C2, 0xF64C, 0xF7AF, 0xF805,  0xF7A6, 0xF728, 0xF6F0, 0xF611,
  0xF46B, 0xF2D3, 0xF1A8, 0xF011,  0xEDA1, 0xEA99, 0xE7D0, 0xE554,
  0xE326, 0xE01E, 0xDC95, 0xD91F,  0xD6AD, 0xD6B3, 0xD763, 0xD752,
  0xD743, 0xDBF2, 0xE387, 0xE825,  0xE87D, 0xEBFC, 0xF324, 0xF9E4,
  0xFD72, 0xFFAC, 0x055E, 0x0DC9,  0x162E, 0x1B44, 0x1EEA, 0x243D,
  0x2B18, 0x2EC5, 0x2E98, 0x2E0C,  0x30AA, 0x3303, 0x3257, 0x2FC3,
  0x2EAB, 0x2E42, 0x2BBD, 0x2771,  0x21E7, 0x1D24, 0x184E, 0x1285,
  0x0C7E, 0x0779, 0x0356, 0xFF62,  0xFB66, 0xF82E, 0xF5C2, 0xF3C4,
  0xF248, 0xF1C7, 0xF25C, 0xF2BC,  0xF386, 0xF4F7, 0xF733, 0xF85D,
  0xF8A1, 0xF875, 0xF869, 0xF815,  0xF6A8, 0xF52C, 0xF34B, 0xF191,
  0xEFCE, 0xED95, 0xEA81, 0xE781,  0xE4BE, 0xE2A5, 0xDFFB, 0xDC59,
  0xD8FB, 0xD6D7, 0xD696, 0xD6C3,  0xD74E, 0xD85A, 0xDC8D, 0xE2E8,
  0xE7F8, 0xEA1E, 0xEC5D, 0xF1D4,  0xF830, 0xFC40, 0xFFA8, 0x04DB,
  0x0BA0, 0x13AA, 0x19D8, 0x1E4C,  0x238D, 0x28C5, 0x2CBF, 0x2E37,
  0x2EB1, 0x305E, 0x329A, 0x3341,  0x3196, 0x2F92, 0x2E40, 0x2C15,
  0x27CE, 0x2241, 0x1D12, 0x1823,  0x12AE, 0x0D69, 0x0877, 0x0483,
  0x014A, 0xFDC8, 0xFA71, 0xF7AF,  0xF528, 0xF428, 0xF38F, 0xF361,
  0xF369, 0xF340, 0xF415, 0xF5B8,  0xF67E, 0xF6E6, 0xF5F7, 0xF637,
  0xF7CF, 0xF4F3, 0xF405, 0xF0D4,  0xEE45, 0xED3E, 0xE970, 0xE8C3,
  0xE68A, 0xE5BC, 0xE3E1, 0xDE94,  0xDA4E, 0xD42E, 0xD446, 0xD553,
  0xD6CA, 0xDC3B, 0xDD06, 0xE022,  0xE51B, 0xE626, 0xECA2, 0xF704,
  0xFB89, 0x001F, 0x01E8, 0x03C3,  0x0B02, 0x1168, 0x1655, 0x1C08,
  0x1FBB, 0x255C, 0x2AAE, 0x2E4E,  0x30FE, 0x327C, 0x3405, 0x3368,
  0x3365, 0x305D, 0x2DC7, 0x2996,  0x2300, 0x1D36, 0x164D, 0x117D,
  0x0DDC, 0x0732, 0x01CF, 0xFB0D,  0xF779, 0xF5A7, 0xF402, 0xF46A,
  0xF22E, 0xF275, 0xF4B1, 0xF83F,  0xFA1C, 0xFAA9, 0xFD9E, 0x02CD,
  0x052F, 0x04A3, 0x02E6, 0x03AE,  0x060A, 0x0359, 0xFBED, 0xF47C,
  0xEF5B, 0xECEF, 0xE83E, 0xDF39,  0xD84D, 0xD3C5, 0xD327, 0xD0D7,
  0xCADE, 0xC70C, 0xC504, 0xC690,  0xCA7C, 0xCABA, 0xCD95, 0xD429,
  0xE107, 0xEFED, 0xF872, 0xFF84,  0x0726, 0x137D, 0x1DA9, 0x21DB,
  0x246E, 0x28C8, 0x306B, 0x3675,  0x392A, 0x394E, 0x3877, 0x3843,
  0x3603, 0x3031, 0x28A0, 0x20D8,  0x1BA0, 0x1733, 0x11EC, 0x0C48,
  0x06BF, 0x039E, 0x0169, 0xFE88,  0xFA71, 0xF6D4, 0xF577, 0xF67A,
  0xF7E1, 0xFA19, 0xFC32, 0xFFFA,  0x0463, 0x0898, 0x0C22, 0x0CF8,
  0x0E97, 0x0FF0, 0x10CB, 0x11BE,  0x114D, 0x1077, 0x0E40, 0x0AFF,
  0x06E8, 0xFF77, 0xF6A5, 0xECAF,  0xE453, 0xDD22, 0xD6C1, 0xD021,
  0xCA1C, 0xC66F, 0xC4D1, 0xC1F3,  0xBE61, 0xBB29, 0xB9A2, 0xB9C6,
  0xBAFB, 0xBEE8, 0xC5E7, 0xCEE2,  0xDB18, 0xED9F, 0x00CD, 0x1110,
  0x19AC, 0x2607, 0x3107, 0x3A14,  0x3CBF, 0x3B6E, 0x3F7E, 0x417C,
  0x44FB, 0x42AE, 0x3DD7, 0x3894,  0x313B, 0x29C7, 0x1E7A, 0x12A5,
  0x0984, 0x01A3, 0xFF22, 0xFA60,  0xF725, 0xF3DC, 0xF2E6, 0xF4FD,
  0xF41B, 0xF500, 0xF44D, 0xF866,  0xFDED, 0x03E7, 0x09C1, 0x0DAB,
  0x12F1, 0x1793, 0x1AA1, 0x1C3B,  0x1A7D, 0x1A5F, 0x195C, 0x1851,
  0x1608, 0x10C0, 0x0C79, 0x0604,  0x00CF, 0xF7D2, 0xED65, 0xE29A,
  0xDA04, 0xD331, 0xCD6A, 0xC6BD,  0xC201, 0xBF8C, 0xBE35, 0xBEBE,
  0xBD43, 0xBD22, 0xBC92, 0xBE6B,  0xC1A2, 0xC6E0, 0xCD24, 0xD5FA,
  0xE229, 0xF620, 0x09E6, 0x1B98,  0x26B7, 0x30D1, 0x3CE9, 0x4267,
  0x45FB, 0x4118, 0x3F2C, 0x3D98,  0x3DAB, 0x3AE5, 0x3245, 0x2B71,
  0x2436, 0x1DAC, 0x1373, 0x069B,  0xFCD3, 0xF5E5, 0xF32D, 0xF174,
  0xEF15, 0xF040, 0xF325, 0xF95F,  0xFD4C, 0xFFAD, 0x026F, 0x04F5,
  0x0AF4, 0x0E32, 0x11E0, 0x14A9,  0x17F6, 0x1D3A, 0x1EF7, 0x203F,
  0x1D21, 0x1B56, 0x1891, 0x13E6,  0x0E27, 0x05A6, 0x0005, 0xFA35,
  0xF4F0, 0xEE53, 0xE553, 0xDEC7,  0xD819, 0xD380, 0xCD4F, 0xC798,
  0xC334, 0xC0DF, 0xC06D, 0xBFC8,  0xBFEB, 0xBFE7, 0xC280, 0xC4DD,
  0xC8E9, 0xCD84, 0xD4F9, 0xDDBB,  0xEA43, 0xF802, 0x0AFF, 0x1986,
  0x2670, 0x304C, 0x3969, 0x41D9,  0x41AA, 0x4188, 0x3B51, 0x3AC5,
  0x3711, 0x3257, 0x2B17, 0x228B,  0x1DA5, 0x1679, 0x0E1E, 0x04E9,
  0xFC92, 0xF7CD, 0xF4BE, 0xF32C,  0xF2C1, 0xF3CF, 0xF963, 0xFE20,
  0x03F5, 0x07A7, 0x0B0A, 0x0F56,  0x11D3, 0x146B, 0x1457, 0x15B5,
  0x16B7, 0x188D, 0x19B2, 0x1884,  0x186F, 0x1625, 0x1556, 0x103C,
  0x0AF4, 0x0332, 0xFD93, 0xF73B,  0xF13A, 0xEAA4, 0xE406, 0xDF63,
  0xDB4E, 0xD754, 0xD21B, 0xCEFF,  0xCB41, 0xCA8E, 0xC6E0, 0xC7B1,
  0xC679, 0xC918, 0xC995, 0xCB1B,  0xCC7E, 0xD03A, 0xD529, 0xDAF1,
  0xE25B, 0xEB1E, 0xF9D2, 0x08DE,  0x1922, 0x22A9, 0x2DBC, 0x35F4,
  0x3EBA, 0x3EFD, 0x3DE9, 0x3811,  0x3581, 0x3227, 0x2CB2, 0x257F,
  0x1D61, 0x199A, 0x13E6, 0x0FAB,  0x0714, 0x01FB, 0xFCF2, 0xFD1C,
  0xFA26, 0xF9A0, 0xF996, 0xFD15,  0x01AF, 0x05CF, 0x08F6, 0x0A25,
  0x0E02, 0x0EC4, 0x110B, 0x0FB4,  0x0FFB, 0x0FCD, 0x1163, 0x1260,
  0x1270, 0x1204, 0x1140, 0x10E4,  0x0E82, 0x0AD2, 0x0427, 0xFF32,
  0xF7E8, 0xF377, 0xEC50, 0xE6FD,  0xE1CD, 0xDD87, 0xDB28, 0xD6AE,
  0xD4DC, 0xCFC0, 0xCF12, 0xCAB2,  0xCA63, 0xC88C, 0xC90A, 0xC9FD,
  0xCB5B, 0xCE31, 0xD109, 0xD5E1,  0xDB6C, 0xE2A9, 0xEA05, 0xF4B7,
  0xFEB7, 0x1031, 0x1790, 0x2460,  0x2B84, 0x3599, 0x3C26, 0x3AA1,
  0x3BCB, 0x3626, 0x35D0, 0x2F63,  0x29CF, 0x2201, 0x1CE7, 0x1828,
  0x137F, 0x0D5D, 0x0898, 0x0392,  0x0220, 0xFF52, 0xFD80, 0xFCCD,
  0xFC37, 0x0144, 0x0166, 0x056F,  0x05D9, 0x09D3, 0x0CB1, 0x0D55,
  0x0F09, 0x0E93, 0x103F, 0x1076,  0x1032, 0x1079, 0x1040, 0x101A,
  0x0FAD, 0x0DC8, 0x0BD3, 0x07E5,  0x03F6, 0xFE41, 0xF84B, 0xF2B0,
  0xEC6C, 0xE7B7, 0xE1B6, 0xDE75,  0xDA43, 0xD7C2, 0xD51C, 0xD2F3,
  0xD147, 0xCE90, 0xCE3F, 0xCC88,  0xCD89, 0xCCA9, 0xCE73, 0xCFE2,
  0xD39B, 0xD67D, 0xDC6C, 0xE210,  0xEA97, 0xF2F8, 0xFD14, 0x0A84,
  0x1303, 0x1DB5, 0x24DE, 0x2FD4,  0x3359, 0x37C2, 0x3771, 0x3683,
  0x35FA, 0x326C, 0x2E31, 0x2717,  0x219A, 0x1BB0, 0x15D6, 0x0F84,
  0x09BE, 0x04F5, 0x0311, 0xFFA9,  0xFFD4, 0xFDAE, 0xFF11, 0x0059,
  0x022B, 0x04E8, 0x0551, 0x07F2,  0x092F, 0x0AAC, 0x0BB0, 0x0BB2,
  0x0C94, 0x0C29, 0x0CBF, 0x0D67,  0x0C7A, 0x0E11, 0x0C55, 0x0D20,
  0x0ABD, 0x08AB, 0x05CE, 0x008B,  0xFD5A, 0xF684, 0xF317, 0xEC56,
  0xE950, 0xE447, 0xE0EC, 0xDDE0,  0xD9E9, 0xD92C, 0xD532, 0xD4B6,
  0xD1ED, 0xD215, 0xD02B, 0xD107,  0xCEB8, 0xD0F3, 0xD0D0, 0xD44F,
  0xD6FF, 0xDA79, 0xE179, 0xE6B9,  0xF2BB, 0xF959, 0x0860, 0x0E3A,
  0x1AB8, 0x2066, 0x2A2F, 0x3020,  0x321C, 0x360F, 0x32E8, 0x36E4,
  0x31FF, 0x3085, 0x2A60, 0x254C,  0x2033, 0x1A6F, 0x133A, 0x0DC5,
  0x08A8, 0x06A5, 0x0463, 0x0278,  0x027C, 0x01CC, 0x04D8, 0x047D,
  0x055E, 0x0451, 0x04B4, 0x04F4,  0x048F, 0x04D5, 0x0409, 0x05FD,
  0x07CB, 0x0A16, 0x0C77, 0x0D27,  0x0F5A, 0x0F22, 0x0FD0, 0x0D2C,
  0x0A31, 0x073C, 0x026C, 0xFEA7,  0xF856, 0xF467, 0xEEC6, 0xEB71,
  0xE6ED, 0xE4C5, 0xE0D1, 0xDE75,  0xDC07, 0xD908, 0xD74C, 0xD2BD,
  0xD194, 0xCE26, 0xCED2, 0xCC3C,  0xCEA2, 0xCDB8, 0xD0D2, 0xD1F5,
  0xD6EB, 0xDD7E, 0xE2DE, 0xED97,  0xF3AC, 0x04C3, 0x0D88, 0x19F8,
  0x2015, 0x2BEA, 0x338A, 0x3685,  0x3746, 0x3438, 0x35C4, 0x30A5,
  0x2EFA, 0x2681, 0x2310, 0x1DE2,  0x1AFB, 0x1675, 0x115C, 0x0CC9,
  0x0A0B, 0x08D2, 0x0584, 0x0326,  0x0062, 0x02B2, 0x02B5, 0x0370,
  0x0258, 0x02E2, 0x0478, 0x0521,  0x04FC, 0x0431, 0x041D, 0x053D,
  0x06FC, 0x08B5, 0x0A21, 0x0B74,  0x0E0B, 0x109C, 0x1132, 0x0ECC,
  0x0E16, 0x0AC7, 0x072D, 0x0113,  0xFA69, 0xF440, 0xEDDE, 0xE9AF,
  0xE3A1, 0xE0D4, 0xDCAA, 0xDBAD,  0xD9A0, 0xD8D3, 0xD745, 0xD58E,
  0xD4EE, 0xD2E1, 0xD289, 0xCF95,  0xCFAC, 0xCE3B, 0xD060, 0xCF6F,
  0xD3FD, 0xD772, 0xDFE7, 0xE86C,  0xF1A9, 0x0058, 0x0B63, 0x19C2,
  0x1F72, 0x2C28, 0x31A7, 0x36BD,  0x3759, 0x35D1, 0x3558, 0x30DC,
  0x2F5C, 0x27FB, 0x24EA, 0x1F67,  0x1C70, 0x1883, 0x14AD, 0x1142,
  0x0D78, 0x0CB8, 0x0955, 0x06F8,  0x038E, 0x0335, 0x02BA, 0x01A5,
  0x00F0, 0xFFF6, 0x0169, 0x014D,  0x0283, 0x0157, 0x01FF, 0x01F0,
  0x0335, 0x04CC, 0x049A, 0x07D3,  0x0899, 0x0D66, 0x0DE3, 0x0EF8,
  0x0F0C, 0x0E3E, 0x0DD0, 0x085C,  0x0441, 0xFCEA, 0xF730, 0xF055,
  0xE9F5, 0xE4BA, 0xDF0B, 0xDC7D,  0xD9DC, 0xD8E6, 0xD835, 0xD7CB,
  0xD72C, 0xD5C5, 0xD53A, 0xD229,  0xD035, 0xCDA8, 0xCD5B, 0xCC20,
  0xCD60, 0xCFB5, 0xD6E7, 0xDF80,  0xE8E9, 0xF5DB, 0x02B9, 0x135D,
  0x1B49, 0x2928, 0x304B, 0x3798,  0x39BA, 0x38CB, 0x3976, 0x32DF,
  0x31AC, 0x29C4, 0x2657, 0x2073,  0x1D04, 0x19E3, 0x1718, 0x1582,
  0x11F6, 0x1142, 0x0E87, 0x0BDC,  0x06B9, 0x0429, 0x00AB, 0xFE93,
  0xFB89, 0xFA2A, 0xFA61, 0xFAB0,  0xFD4F, 0xFD50, 0x00FA, 0x0178,
  0x03E9, 0x05FF, 0x0688, 0x0868,  0x07D1, 0x0B9F, 0x0BF6, 0x0D9D,
  0x0E4E, 0x0EF8, 0x104B, 0x0DB9,  0x0C29, 0x067B, 0x019D, 0xFA69,
  0xF326, 0xEC5A, 0xE4BF, 0xDF8C,  0xDB22, 0xD90F, 0xD6D8, 0xD6A3,
  0xD61E, 0xD6E7, 0xD71D, 0xD596,  0xD5C7, 0xD38A, 0xD3C1, 0xD17B,
  0xD1DF, 0xD148, 0xD345, 0xD6B2,  0xDC21, 0xE530, 0xEC2D, 0xF993,
  0x042C, 0x1539, 0x1D60, 0x2839,  0x30DB, 0x374F, 0x3CFD, 0x392B,
  0x3B0D, 0x34E3, 0x329C, 0x2B5D,  0x2556, 0x2022, 0x19F6, 0x1819,
  0x13B3, 0x129F, 0x0F62, 0x0E0F,  0x0D8F, 0x0B5D, 0x08AD, 0x04F4,
  0x02C7, 0x0032, 0xFD5C, 0xFA8C,  0xF90B, 0xF869, 0xF8A0, 0xF975,
  0xFA96, 0xFCAF, 0xFEBD, 0x025B,  0x0464, 0x071F, 0x0981, 0x0BF2,
  0x0E50, 0x0F01, 0x0FF6, 0x0F78,  0x0EEF, 0x0C5F, 0x095E, 0x05B0,
  0x0037, 0xFAF7, 0xF493, 0xEF39,  0xE8FB, 0xE3D9, 0xDF51, 0xDB4F,
  0xD8D5, 0xD6D0, 0xD60F, 0xD54B,  0xD57A, 0xD603, 0xD749, 0xD7D4,
  0xD8E7, 0xD927, 0xDA0C, 0xDAA7,  0xDB25, 0xDC58, 0xDE0B, 0xE1EE,
  0xE75E, 0xEE5B, 0xF681, 0x0299,  0x0DF5, 0x1A66, 0x2414, 0x2E52,
  0x36CC, 0x3B0D, 0x3ECD, 0x3C8F,  0x3B62, 0x35BE, 0x3016, 0x2953,
  0x2158, 0x1BB9, 0x14FE, 0x11EB,  0x0E0D, 0x0C20, 0x0A61, 0x0A6E,
  0x09E0, 0x07FC, 0x061E, 0x0372,  0x014F, 0xFDB0, 0xFAB3, 0xF765,
  0xF61D, 0xF531, 0xF5CC, 0xF70D,  0xF94A, 0xFCC0, 0x002A, 0x0495,
  0x0753, 0x0B06, 0x0DCA, 0x1048,  0x11D8, 0x119C, 0x116D, 0x0FB9,
  0x0D0B, 0x090B, 0x04BE, 0xFF81,  0xF9DD, 0xF3FB, 0xEEDC, 0xE9F4,
  0xE51E, 0xE1BA, 0xDE56, 0xDC59,  0xDA40, 0xD9E2, 0xD8FE, 0xD92E,
  0xD90D, 0xD9D4, 0xDA3C, 0xDA82,  0xDB33, 0xDB32, 0xDC89, 0xDC0F,
  0xDDED, 0xDDB6, 0xE10A, 0xE344,  0xE993, 0xEEEA, 0xF637, 0x00C9,
  0x0B74, 0x1837, 0x1F34, 0x2B4B,  0x31E0, 0x3A43, 0x3C93, 0x3CF1,
  0x3C7A, 0x37D2, 0x34CC, 0x2B74,  0x2572, 0x1CEF, 0x1672, 0x11A9,
  0x0CA1, 0x0A63, 0x075A, 0x0805,  0x083A, 0x07D9, 0x06A0, 0x056C,
  0x0450, 0x01CE, 0xFE6B, 0xFA1D,  0xF7D0, 0xF4EB, 0xF3F8, 0xF28E,
  0xF3DC, 0xF57C, 0xF902, 0xFDDE,  0x0207, 0x072C, 0x0AE4, 0x103E,
  0x1273, 0x1470, 0x13D9, 0x130F,  0x1071, 0x0BDD, 0x0719, 0x00EC,
  0xFB6B, 0xF536, 0xEFDF, 0xEB27,  0xE736, 0xE3EA, 0xE136, 0xDF48,
  0xDDFA, 0xDCDC, 0xDC3D, 0xDB7E,  0xDB93, 0xDB57, 0xDBF5, 0xDBC4,
  0xDC39, 0xDCF2, 0xDE00, 0xDE9B,  0xDFF7, 0xE0E8, 0xE2E8, 0xE4A4,
  0xE7EE, 0xED55, 0xF1F5, 0xF9FC,  0x00EA, 0x0D00, 0x162D, 0x1F0B,
  0x27B5, 0x301D, 0x3761, 0x39D6,  0x3AFC, 0x3A24, 0x37C8, 0x32BD,
  0x2CCE, 0x251B, 0x1E27, 0x16C9,  0x1172, 0x0CB7, 0x091F, 0x06C0,
  0x0541, 0x060B, 0x0574, 0x0468,  0x02FE, 0x0248, 0x00CC, 0xFD30,
  0xFA20, 0xF6F5, 0xF4ED, 0xF2FD,  0xF26E, 0xF2DA, 0xF45A, 0xF7D1,
  0xFC50, 0x01CF, 0x0696, 0x0BDD,  0x10E6, 0x1534, 0x1773, 0x17E1,
  0x171E, 0x1473, 0x1057, 0x0A7E,  0x03FB, 0xFCD6, 0xF60F, 0xF014,
  0xEA77, 0xE64A, 0xE283, 0xE0EA,  0xDFBC, 0xDF24, 0xDF53, 0xDF08,
  0xDFF1, 0xDF4E, 0xDF94, 0xDEF1,  0xDED7, 0xDF09, 0xDF18, 0xE03D,
  0xE135, 0xE250, 0xE2F4, 0xE4C1,  0xE531, 0xE78C, 0xE830, 0xEC31,
  0xEF89, 0xF569, 0xFC66, 0x03BD,  0x0F7E, 0x1701, 0x21EF, 0x289B,
  0x3241, 0x36BB, 0x399D, 0x3AD6,  0x383C, 0x3622, 0x2F06, 0x2A0D,
  0x20F4, 0x19EC, 0x135D, 0x0D3A,  0x095D, 0x05B7, 0x0520, 0x0466,
  0x0572, 0x05EB, 0x058F, 0x04F9,  0x03ED, 0x0212, 0xFE22, 0xFA86,
  0xF68A, 0xF3BD, 0xF052, 0xEF75,  0xEED2, 0xF082, 0xF3EC, 0xF868,
  0xFEE1, 0x03E1, 0x0B6A, 0x1104,  0x16B7, 0x19D5, 0x1B3A, 0x1B6A,
  0x18D4, 0x14F7, 0x0E47, 0x0776,  0xFED2, 0xF759, 0xEF50, 0xE939,
  0xE3D4, 0xE008, 0xDE6A, 0xDD58,  0xDE4F, 0xDE8A, 0xE05A, 0xE168,
  0xE299, 0xE2F6, 0xE307, 0xE2FE,  0xE2BA, 0xE201, 0xE1B5, 0xE119,
  0xE1B2, 0xE1E2, 0xE335, 0xE4BA,  0xE777, 0xEA30, 0xEDB7, 0xF2F0,
  0xF85E, 0xFF47, 0x049E, 0x0EA1,  0x15E4, 0x1F2B, 0x2515, 0x2B99,
  0x31E7, 0x34A3, 0x36BE, 0x3441,  0x328A, 0x2DAD, 0x2839, 0x20BE,
  0x19B1, 0x12A5, 0x0C9D, 0x07F6,  0x04B9, 0x0306, 0x0237, 0x03A1,
  0x051F, 0x0681, 0x0691, 0x069A,  0x0624, 0x047F, 0x0148, 0xFD34,
  0xF9FA, 0xF6C3, 0xF40C, 0xF23B,  0xF1EA, 0xF338, 0xF637, 0xFA6C,
  0x001B, 0x0546, 0x0AF3, 0x1072,  0x14FE, 0x17E1, 0x17FD, 0x17AB,
  0x14E1, 0x10F9, 0x0A9C, 0x03D7,  0xFC72, 0xF512, 0xEE6C, 0xE8B4,
  0xE451, 0xE132, 0xDF98, 0xE004,  0xE0DB, 0xE266, 0xE429, 0xE640,
  0xE7F3, 0xE874, 0xE8DC, 0xE7EA,  0xE789, 0xE5DB, 0xE543, 0xE3B3,
  0xE319, 0xE2F0, 0xE381, 0xE466,  0xE5D0, 0xE7A0, 0xEAC1, 0xED81,
  0xF155, 0xF663, 0xFB70, 0x022E,  0x079E, 0x1066, 0x1788, 0x1EA8,
  0x249E, 0x2ADE, 0x2FEE, 0x325B,  0x32C6, 0x31C3, 0x2FCC, 0x2AEE,
  0x25BF, 0x1EC5, 0x18DB, 0x1274,  0x0D37, 0x0949, 0x0624, 0x04C6,
  0x03B3, 0x04E0, 0x05C0, 0x05E2,  0x05C6, 0x057F, 0x0596, 0x0353,
  0x002E, 0xFD5C, 0xFB10, 0xF867,  0xF611, 0xF4B8, 0xF4DC, 0xF5DD,
  0xF856, 0xFBEB, 0xFFF9, 0x0463,  0x08F2, 0x0DE3, 0x111A, 0x131F,
  0x1311, 0x12CD, 0x1081, 0x0BEE,  0x06AF, 0x0046, 0xFA21, 0xF37A,
  0xEDB4, 0xE8AF, 0xE46F, 0xE212,  0xE107, 0xE111, 0xE23C, 0xE436,
  0xE6A9, 0xE949, 0xEB90, 0xECF0,  0xED91, 0xED8B, 0xED2B, 0xEBD5,
  0xEA0F, 0xE8A0, 0xE74A, 0xE6B8,  0xE60F, 0xE6E1, 0xE78B, 0xE9A8,
  0xEBBE, 0xEE7C, 0xF162, 0xF3F4,  0xF82D, 0xFBFB, 0x00D2, 0x0501,
  0x0B61, 0x1169, 0x1802, 0x1D43,  0x229B, 0x2872, 0x2BF1, 0x2F75,
  0x2FA2, 0x2F9B, 0x2E3D, 0x2A80,  0x26ED, 0x20D7, 0x1B94, 0x161C,
  0x1095, 0x0CC9, 0x0828, 0x05C0,  0x0415, 0x0387, 0x0359, 0x0290,
  0x0232, 0x0208, 0x0159, 0x0029,  0xFDE1, 0xFC11, 0xFA70, 0xF86A,
  0xF74C, 0xF5E6, 0xF62C, 0xF6BB,  0xF88E, 0xFAF2, 0xFD6E, 0x0096,
  0x03F5, 0x072A, 0x09B4, 0x0B07,  0x0B9B, 0x0B78, 0x09CF, 0x0789,
  0x0392, 0xFF7A, 0xFAF7, 0xF608,  0xF1D8, 0xED6B, 0xEA42, 0xE789,
  0xE5FA, 0xE5E6, 0xE5A6, 0xE6F2,  0xE815, 0xEA82, 0xEC4E, 0xEDC6,
  0xEEC3, 0xEF19, 0xEFA6, 0xEE79,  0xEDAB, 0xEBB7, 0xEAF7, 0xE9D5,
  0xE8EB, 0xE8B5, 0xE902, 0xEA59,  0xEBC2, 0xED74, 0xF01F, 0xF2B9,
  0xF5E7, 0xF91F, 0xFD81, 0x026B,  0x06AF, 0x0C77, 0x126F, 0x19A9,
  0x1E17, 0x2375, 0x27E5, 0x2C5B,  0x2DF3, 0x2E38, 0x2DED, 0x2B39,
  0x2922, 0x23B1, 0x1F2D, 0x199B,  0x148F, 0x1051, 0x0B49, 0x090D,
  0x05E6, 0x0462, 0x03FE, 0x030B,  0x0350, 0x012F, 0x0184, 0x004D,
  0xFEAC, 0xFCA6, 0xFA17, 0xF902,  0xF702, 0xF606, 0xF4D3, 0xF532,
  0xF646, 0xF810, 0xFA06, 0xFCBD,  0xFF67, 0x0248, 0x0506, 0x0716,
  0x0852, 0x085C, 0x084D, 0x070E,  0x04E8, 0x01B0, 0xFE35, 0xFACF,
  0xF75A, 0xF3D9, 0xF09D, 0xEE5C,  0xEC82, 0xEBDF, 0xEB41, 0xEB9B,
  0xEC27, 0xED3C, 0xEF34, 0xF037,  0xF1A1, 0xF21E, 0xF2B0, 0xF2C1,
  0xF18D, 0xF098, 0xEEB3, 0xED29,  0xEBD2, 0xEA3E, 0xE9F5, 0xE92E,
  0xE95A, 0xEA9A, 0xEBD9, 0xEDA9,  0xEF15, 0xF10D, 0xF40B, 0xF5DB,
  0xF8EF, 0xFC59, 0x00AB, 0x063B,  0x0A3F, 0x11FE, 0x1839, 0x1E81,
  0x2411, 0x294A, 0x2E73, 0x3040,  0x30F9, 0x3065, 0x2E75, 0x2A83,
  0x257E, 0x1F3E, 0x19B8, 0x134A,  0x0E03, 0x0903, 0x052D, 0x02D3,
  0x008A, 0x0040, 0xFFE7, 0xFF75,  0xFEF2, 0xFE51, 0xFE60, 0xFCF1,
  0xFAD3, 0xF95A, 0xF7D3, 0xF6B8,  0xF4EE, 0xF4C4, 0xF53C, 0xF650,
  0xF81C, 0xFA3C, 0xFD71, 0x0032,  0x0389, 0x0653, 0x08EE, 0x0A30,
  0x0B02, 0x0AFB, 0x09BC, 0x078E,  0x03B2, 0x00CD, 0xFC62, 0xF877,
  0xF3FD, 0xF079, 0xEDDD, 0xEB51,  0xEA16, 0xE918, 0xE9A6, 0xEA92,
  0xEB94, 0xED59, 0xEF4A, 0xF142,  0xF2CD, 0xF410, 0xF514, 0xF51E,
  0xF4AF, 0xF3C6, 0xF28A, 0xF10D,  0xEEFB, 0xEDC0, 0xEC65, 0xEB95,
  0xEAD2, 0xEAAD, 0xEBB0, 0xEC57,  0xEE2D, 0xEF5D, 0xF28E, 0xF4F6,
  0xF867, 0xFBCB, 0x00F9, 0x0604,  0x0AEC, 0x112E, 0x175F, 0x1EFB,
  0x2252, 0x287A, 0x2BFF, 0x2F96,  0x304C, 0x2F1A, 0x2EBD, 0x29F9,
  0x26E1, 0x20CB, 0x1AF9, 0x1573,  0x0F54, 0x0B1A, 0x061D, 0x0350,
  0x00B0, 0xFF36, 0xFED9, 0xFE16,  0xFDED, 0xFCE8, 0xFD33, 0xFC71,
  0xFB2E, 0xF970, 0xF818, 0xF715,  0xF5FA, 0xF551, 0xF563, 0xF64B,
  0xF7F1, 0xFA5D, 0xFCBD, 0xFFFB,  0x0283, 0x05FD, 0x0839, 0x0A2B,
  0x0ACE, 0x0A80, 0x0A27, 0x07A2,  0x053E, 0x012C, 0xFDC5, 0xFA04,
  0xF604, 0xF291, 0xEF06, 0xED09,  0xEB5F, 0xEA91, 0xEA68, 0xEB2E,
  0xECA0, 0xEE25, 0xF03F, 0xF25C,  0xF44B, 0xF5F5, 0xF7A8, 0xF8F3,
  0xF93B, 0xF8D6, 0xF7AD, 0xF5F0,  0xF360, 0xF096, 0xED35, 0xEA97,
  0xE83C, 0xE631, 0xE593, 0xE4F6,  0xE659, 0xE7C8, 0xEA0D, 0xED98,
  0xF0BE, 0xF465, 0xF7FC, 0xFBDB,  0x0077, 0x052F, 0x09A8, 0x0F97,
  0x1483, 0x1BC2, 0x2131, 0x25FB,  0x2B81, 0x2E30, 0x3244, 0x31A8,
  0x3201, 0x2F69, 0x2B52, 0x27A9,  0x2093, 0x1B56, 0x1357, 0x0E3F,
  0x0876, 0x02FA, 0xFFEB, 0xFC2A,  0xFC0E, 0xFA9E, 0xFAAA, 0xFADA,
  0xFA71, 0xFBB4, 0xFB33, 0xFABC,  0xF9DD, 0xF8E2, 0xF8DB, 0xF7F1,
  0xF7E4, 0xF89A, 0xF945, 0xFBFD,  0xFE05, 0x00F9, 0x03FE, 0x068E,
  0x0A24, 0x0B8B, 0x0CEE, 0x0CBE,  0x0C1A, 0x0AAD, 0x073D, 0x03F3,
  0xFF15, 0xFB54, 0xF6F0, 0xF2E2,  0xEF99, 0xECB0, 0xEBB3, 0xEAB3,
  0xEB15, 0xEBD3, 0xED41, 0xEF65,  0xF0E7, 0xF2B4, 0xF437, 0xF530,
  0xF623, 0xF623, 0xF5C6, 0xF4AF,  0xF344, 0xF1DB, 0xEF68, 0xED9D,
  0xEAFE, 0xE929, 0xE74C, 0xE5E2,  0xE50D, 0xE45F, 0xE56E, 0xE6AE,
  0xE8A1, 0xEAF8, 0xEDDB, 0xF1E7,  0xF538, 0xF93E, 0xFD51, 0x0131,
  0x068F, 0x0A33, 0x1076, 0x14A8,  0x1A77, 0x2004, 0x24F7, 0x2ACD,
  0x2D38, 0x30C4, 0x3233, 0x32E7,  0x313C, 0x2DD1, 0x2970, 0x2419,
  0x1D8F, 0x1687, 0x0F58, 0x08F1,  0x0306, 0xFE9F, 0xFAF6, 0xF8D9,
  0xF804, 0xF837, 0xF92C, 0xFA24,  0xFBCD, 0xFC80, 0xFE10, 0xFE8B,
  0xFEA2, 0xFDC6, 0xFD95, 0xFD16,  0xFCBF, 0xFC03, 0xFC70, 0xFD6D,
  0xFECA, 0x00D9, 0x0295, 0x0531,  0x06FB, 0x096F, 0x0A4F, 0x0AF9,
  0x09FE, 0x08A6, 0x0669, 0x02C6,  0xFF47, 0xFA48, 0xF6B7, 0xF285,
  0xEFAD, 0xECEA, 0xEB0B, 0xEB12,  0xEB25, 0xECC9, 0xEDE9, 0xF069,
  0xF2D7, 0xF4E9, 0xF716, 0xF7EA,  0xF884, 0xF844, 0xF72A, 0xF614,
  0xF37E, 0xF16A, 0xEF13, 0xECCA,  0xEB67, 0xE92E, 0xE7F1, 0xE6F1,
  0xE67C, 0xE6A1, 0xE689, 0xE7C2,  0xE8F9, 0xEAE5, 0xED3F, 0xEEDA,
  0xF1D6, 0xF453, 0xF77C, 0xFA19,  0xFD8A, 0x00FC, 0x04EB, 0x0857,
  0x0DC5, 0x1313, 0x1821, 0x1E88,  0x2382, 0x2B63, 0x2EC9, 0x32DC,
  0x34F3, 0x3637, 0x360F, 0x3189,  0x2D2D, 0x265F, 0x1F66, 0x16A8,
  0x0DEC, 0x05BD, 0xFEC5, 0xF989,  0xF5D1, 0xF3E6, 0xF3B7, 0xF56E,
  0xF76C, 0xFAE9, 0xFD32, 0xFFB9,  0x0157, 0x0265, 0x034D, 0x012F,
  0x003D, 0xFE3F, 0xFDB3, 0xFBDD,  0xFA9D, 0xFB18, 0xFC39, 0xFE59,
  0x0008, 0x02F4, 0x0595, 0x0891,  0x0A3E, 0x0BC4, 0x0B88, 0x0A90,
  0x08AB, 0x058D, 0x0218, 0xFCE6,  0xF82D, 0xF391, 0xF047, 0xECE6,
  0xEA4C, 0xE927, 0xE949, 0xEADE,  0xEBE0, 0xEE7B, 0xF12E, 0xF42F,
  0xF68C, 0xF866, 0xFA2C, 0xFA9C,  0xFA1F, 0xF939, 0xF7B4, 0xF564,
  0xF2BE, 0xEFFD, 0xEE57, 0xEC1D,  0xEAB4, 0xE958, 0xE8CC, 0xE906,
  0xE8EF, 0xE961, 0xE9F5, 0xEB08,  0xECBC, 0xED5D, 0xEF7F, 0xF0C2,
  0xF2A9, 0xF541, 0xF6BF, 0xFA78,  0xFCEF, 0x0101, 0x0569, 0x097A,
  0x0F83, 0x151A, 0x1A47, 0x2110,  0x259E, 0x2C6E, 0x300F, 0x315E,
  0x34DB, 0x332F, 0x32DC, 0x2DBC,  0x27DB, 0x22DF, 0x19AE, 0x136A,
  0x0A1D, 0x02E7, 0xFD78, 0xF7C7,  0xF62D, 0xF36E, 0xF415, 0xF594,
  0xF77A, 0xFB17, 0xFCE5, 0xFFA6,  0x0164, 0x02D5, 0x03EF, 0x0236,
  0x01A4, 0x002C, 0xFF59, 0xFE05,  0xFBF5, 0xFCA6, 0xFD2B, 0xFEBE,
  0x00AF, 0x023D, 0x05EF, 0x07D6,  0x0A6E, 0x0C07, 0x0B95, 0x0C23,
  0x0922, 0x0788, 0x0329, 0xFE2D,  0xF9D2, 0xF434, 0xF117, 0xEC99,
  0xE9C7, 0xE8AB, 0xE807, 0xE9D6,  0xEAC5, 0xED8E, 0xF113, 0xF3E8,
  0xF760, 0xF972, 0xFBDC, 0xFCC4,  0xFC4D, 0xFBEF, 0xFA08, 0xF7DC,
  0xF4FC, 0xF1F1, 0xF034, 0xED64,  0xEBC4, 0xEA31, 0xE97C, 0xE9A0,
  0xE913, 0xE9FB, 0xEA3E, 0xEB8F,  0xEC8E, 0xED63, 0xEF5F, 0xF02E,
  0xF198, 0xF336, 0xF4EE, 0xF6E1,  0xF84B, 0xFAC3, 0xFE54, 0x0118,
  0x04FC, 0x098F, 0x0F38, 0x155D,  0x19F3, 0x213E, 0x275A, 0x2C78,
  0x2FAC, 0x3239, 0x3432, 0x32E5,  0x2F5A, 0x2A38, 0x2465, 0x1D0B,
  0x14D2, 0x0BE9, 0x0492, 0xFE1F,  0xF969, 0xF652, 0xF4F3, 0xF609,
  0xF7B6, 0xFB51, 0xFE7D, 0x01BE,  0x04A7, 0x0643, 0x0843, 0x07F3,
  0x067F, 0x046A, 0x0253, 0x0099,  0xFDC0, 0xFB81, 0xFAE9, 0xFB3E,
  0xFC5E, 0xFD99, 0xFFF7, 0x0328,  0x0621, 0x08BA, 0x0A85, 0x0B61,
  0x0B59, 0x09CD, 0x0791, 0x03D7,  0xFF68, 0xFA9B, 0xF601, 0xF286,
  0xEEA0, 0xEC47, 0xEA97, 0xEAEC,  0xEC04, 0xED32, 0xEFCE, 0xF267,
  0xF58C, 0xF7CE, 0xF9C6, 0xFB62,  0xFB74, 0xFB39, 0xFA04, 0xF856,
  0xF62D, 0xF36F, 0xF15A, 0xEF4A,  0xED76, 0xEC3D, 0xEAD3, 0xEAAC,
  0xEA80, 0xEA84, 0xEB22, 0xEB41,  0xEC67, 0xEC81, 0xECDC, 0xEDB4,
  0xED95, 0xEE6C, 0xEEB6, 0xEF5A,  0xF165, 0xF204, 0xF54F, 0xF79A,
  0xFB0F, 0xFFDF, 0x04BC, 0x0BAF,  0x110C, 0x1731, 0x1EF4, 0x25A7,
  0x2AEE, 0x2EF2, 0x316B, 0x346C,  0x32ED, 0x305A, 0x2BE0, 0x25F4,
  0x204E, 0x17B8, 0x103B, 0x08E4,  0x0316, 0xFEB8, 0xFB0A, 0xFA31,
  0xFA2D, 0xFC0E, 0xFE68, 0x0130,  0x0430, 0x0547, 0x075D, 0x07F7,
  0x07B3, 0x05CB, 0x02E8, 0x0149,  0xFEF1, 0xFCA8, 0xFA9B, 0xF975,
  0xFABF, 0xFB91, 0xFD77, 0x0004,  0x029B, 0x063F, 0x0836, 0x0A7D,
  0x0B55, 0x0AC6, 0x0A0D, 0x0775,  0x04CD, 0x008A, 0xFB99, 0xF803,
  0xF394, 0xF122, 0xED8D, 0xEBC9,  0xEC15, 0xEC7E, 0xEE81, 0xEF72,
  0xF259, 0xF581, 0xF7EC, 0xFA10,  0xFAF8, 0xFBEB, 0xFC5D, 0xFB75,
  0xFA9D, 0xF864, 0xF68F, 0xF4BB,  0xF2D5, 0xF162, 0xEF6E, 0xEEAE,
  0xEE24, 0xEE0A, 0xEDF6, 0xED38,  0xED99, 0xEDA0, 0xEDB5, 0xED52,
  0xECE7, 0xED2F, 0xED58, 0xEE16,  0xEE53, 0xEFEB, 0xF183, 0xF418,
  0xF63F, 0xF889, 0xFB70, 0xFDF5,  0x00C6, 0x03FA, 0x0722, 0x0AFE,
  0x0EE5, 0x133A, 0x1867, 0x1C2F,  0x20F1, 0x2417, 0x2733, 0x296E,
  0x2989, 0x28DF, 0x268E, 0x236C,  0x1F49, 0x19A4, 0x1410, 0x0E7B,
  0x099A, 0x0570, 0x0190, 0xFF93,  0xFEAD, 0xFF1D, 0x004E, 0x0155,
  0x0330, 0x0475, 0x05F4, 0x06AD,  0x061A, 0x0551, 0x03D6, 0x0288,
  0x00D3, 0xFEA1, 0xFD2D, 0xFC7D,  0xFC7F, 0xFD26, 0xFD6B, 0xFF84,
  0x0108, 0x030D, 0x04D2, 0x056B,  0x067B, 0x062E, 0x05AB, 0x0407,
  0x0194, 0xFF5A, 0xFC52, 0xF995,  0xF740, 0xF4C2, 0xF3C5, 0xF270,
  0xF2AE, 0xF320, 0xF3D1, 0xF56C,  0xF65F, 0xF7F9, 0xF8DE, 0xF97A,
  0xF9CC, 0xF976, 0xF92A, 0xF80F,  0xF6E4, 0xF5AC, 0xF446, 0xF31D,
  0xF1E6, 0xF113, 0xF072, 0xEFFB,  0xEFF4, 0xEF6B, 0xEF76, 0xEF27,
  0xEEEE, 0xEE4E, 0xED73, 0xECFC,  0xEBEF, 0xEC19, 0xEBD9, 0xECAB,
  0xED79, 0xEEC7, 0xF0C3, 0xF28A,  0xF4D7, 0xF754, 0xF9BF, 0xFCC6,
  0xFF97, 0x02D5, 0x06E0, 0x09FB,  0x0EB3, 0x12CF, 0x177B, 0x1C1C,
  0x1F46, 0x22F6, 0x2571, 0x26E0,  0x27A5, 0x25F7, 0x246A, 0x2178,
  0x1D63, 0x1925, 0x13A0, 0x0FB5,  0x0B42, 0x07CA, 0x0504, 0x02CC,
  0x0271, 0x0269, 0x02E1, 0x03B1,  0x041F, 0x054A, 0x0598, 0x05A9,
  0x0528, 0x03F3, 0x033B, 0x01D2,  0x00FA, 0xFF8A, 0xFEB4, 0xFE5C,
  0xFE4D, 0xFED0, 0xFEC8, 0xFFC0,  0x0090, 0x0175, 0x0232, 0x0250,
  0x027E, 0x01F4, 0x015C, 0x003C,  0xFE7D, 0xFCD0, 0xFAF4, 0xF929,
  0xF7E9, 0xF635, 0xF578, 0xF4ED,  0xF536, 0xF601, 0xF618, 0xF7CA,
  0xF879, 0xF9D8, 0xFAB2, 0xFAED,  0xFB55, 0xFAC4, 0xFA82, 0xF977,
  0xF82B, 0xF6F1, 0xF583, 0xF467,  0xF344, 0xF26B, 0xF1E1, 0xF182,
  0xF155, 0xF153, 0xF1A6, 0xF18A,  0xF190, 0xF149, 0xF084, 0xF013,
  0xEEE8, 0xEE3E, 0xED6B, 0xECF3,  0xED7D, 0xED7D, 0xEEEC, 0xF017,
  0xF1F7, 0xF474, 0xF637, 0xF91A,  0xFB74, 0xFDCB, 0x00B6, 0x02E9,
  0x069F, 0x099E, 0x0CC3, 0x115A,  0x14C8, 0x19E4, 0x1D0E, 0x2045,
  0x23A6, 0x257F, 0x26A1, 0x253A,  0x23C1, 0x2174, 0x1D9D, 0x18F7,
  0x13ED, 0x0F7F, 0x0BAC, 0x07B0,  0x052E, 0x0311, 0x0271, 0x0286,
  0x02A9, 0x03BB, 0x0439, 0x04FC,  0x053F, 0x0541, 0x04E2, 0x039E,
  0x0285, 0x0185, 0x0073, 0xFF53,  0xFE63, 0xFE29, 0xFE98, 0xFEC9,
  0xFF37, 0xFFDE, 0x00F2, 0x01D4,  0x0232, 0x0262, 0x0239, 0x0207,
  0x0102, 0xFF9B, 0xFDF9, 0xFC30,  0xFA5E, 0xF883, 0xF6FA, 0xF5E7,
  0xF50E, 0xF4B9, 0xF500, 0xF5E2,  0xF712, 0xF840, 0xFA00, 0xFB9E,
  0xFCE5, 0xFDB0, 0xFDF2, 0xFDEE,  0xFD32, 0xFBE3, 0xFA8B, 0xF891,
  0xF6E8, 0xF4C7, 0xF301, 0xF230,  0xF11E, 0xF0D5, 0xF070, 0xF1A7,
  0xF29A, 0xF32C, 0xF3A4, 0xF3A0,  0xF3EB, 0xF3AB, 0xF2E5, 0xF194,
  0xF072, 0xEFB3, 0xEF3E, 0xEE87,  0xEE2F, 0xEF2B, 0xF063, 0xF25E,
  0xF468, 0xF69A, 0xF922, 0xFB48,  0xFDBA, 0x0037, 0x022A, 0x04A2,
  0x06DF, 0x09C7, 0x0CE2, 0x0F3C,  0x1312, 0x157E, 0x18F6, 0x1B8A,
  0x1D64, 0x1EE2, 0x1F1D, 0x1F64,  0x1E13, 0x1C3A, 0x198F, 0x16BA,
  0x13C1, 0x10AF, 0x0D92, 0x0AED,  0x08BA, 0x0790, 0x0635, 0x0595,
  0x0501, 0x04D2, 0x0505, 0x0488,  0x0448, 0x0357, 0x02E8, 0x020F,
  0x0118, 0x006C, 0xFF39, 0xFF54,  0xFF12, 0xFF0B, 0xFF5A, 0xFF42,
  0x004B, 0x0063, 0x0110, 0x014C,  0x0135, 0x0124, 0x00A1, 0x002A,
  0xFF40, 0xFD9F, 0xFC78, 0xFB66,  0xFA54, 0xF90F, 0xF7A8, 0xF830,
  0xF7C4, 0xF82E, 0xF830, 0xF8C4,  0xF9F7, 0xFAE9, 0xFC1A, 0xFC3C,
  0xFCDD, 0xFD4E, 0xFD6C, 0xFCBB,  0xFBAD, 0xFA98, 0xF96C, 0xF7EF,
  0xF657, 0xF4E0, 0xF3E0, 0xF367,  0xF2D9, 0xF2E7, 0xF2F7, 0xF36F,
  0xF3F0, 0xF433, 0xF48B, 0xF3ED,  0xF3B1, 0xF2A5, 0xF1CB, 0xF0CA,
  0xEF67, 0xEEA4, 0xEDE5, 0xEE73,  0xEED8, 0xF028, 0xF1EF, 0xF4A7,
  0xF77F, 0xF9EC, 0xFC2B, 0xFE25,  0xFFCC, 0x0172, 0x0240, 0x039D,
  0x0535, 0x06BE, 0x09CC, 0x0C3D,  0x101A, 0x1366, 0x16C6, 0x1ADC,
  0x1D69, 0x1FCF, 0x209F, 0x20AC,  0x2027, 0x1DA6, 0x1AE6, 0x16E1,
  0x12FA, 0x0F5D, 0x0B36, 0x0848,  0x055F, 0x03DE, 0x0338, 0x0297,
  0x031D, 0x0329, 0x03FC, 0x04B0,  0x046C, 0x04BE, 0x03AB, 0x03AF,
  0x02B3, 0x018F, 0x0110, 0xFFCE,  0x0008, 0xFF31, 0xFF0C, 0xFF0E,
  0xFEBB, 0xFF6C, 0xFF37, 0xFFB4,  0x0001, 0x0000, 0x0057, 0xFFD0,
  0xFFB3, 0xFF1C, 0xFE00, 0xFD1A,  0xFBB7, 0xFAAC, 0xF95D, 0xF842,
  0xF7A0, 0xF70D, 0xF735, 0xF73A,  0xF7F3, 0xF8C8, 0xF9BE, 0xFACB,
  0xFB7D, 0xFCC4, 0xFD6E, 0xFDAC,  0xFDBB, 0xFD37, 0xFD08, 0xFB8A,
  0xFA40, 0xF8E6, 0xF757, 0xF6A2,  0xF4A7, 0xF3E7, 0xF2F2, 0xF267,
  0xF23E, 0xF190, 0xF19C, 0xF11E,  0xF173, 0xF153, 0xF13E, 0xF113,
  0xF13A, 0xF172, 0xF1AF, 0xF26D,  0xF2C0, 0xF3BA, 0xF4F4, 0xF5D4,
  0xF752, 0xF84B, 0xF9A4, 0xFB95,  0xFCFC, 0xFEA7, 0x0067, 0x0212,
  0x0584, 0x07B7, 0x0A20, 0x0DE0,  0x10C1, 0x15B5, 0x17C2, 0x1A6B,
  0x1D3D, 0x1E91, 0x1FD1, 0x1DC5,  0x1C6B, 0x1A2F, 0x1718, 0x1327,
  0x0F11, 0x0B80, 0x08C4, 0x0697,  0x0484, 0x03D5, 0x0369, 0x0450,
  0x04FC, 0x05A8, 0x0678, 0x06A8,  0x06ED, 0x06CD, 0x0641, 0x04C7,
  0x03B3, 0x0284, 0x01C9, 0x004B,  0xFEFD, 0xFEAD, 0xFE6E, 0xFEFF,
  0xFE5C, 0xFEF6, 0xFF8D, 0x0001,  0x009A, 0xFFF7, 0x0015, 0xFF12,
  0xFE88, 0xFD99, 0xFC00, 0xFB26,  0xF98C, 0xF907, 0xF85E, 0xF7A5,
  0xF754, 0xF71F, 0xF7D0, 0xF8A3,  0xF8FB, 0xF9DC, 0xFAA9, 0xFBFE,
  0xFCE5, 0xFCF8, 0xFD8B, 0xFD4B,  0xFD54, 0xFC84, 0xFB7B, 0xFA80,
  0xF908, 0xF813, 0xF69D, 0xF5BF,  0xF45F, 0xF36A, 0xF2EB, 0xF24D,
  0xF240, 0xF1CF, 0xF1E7, 0xF206,  0xF206, 0xF288, 0xF244, 0xF2B9,
  0xF2E6, 0xF391, 0xF472, 0xF54C,  0xF68B, 0xF791, 0xF8FF, 0xFA1F,
  0xFB25, 0xFC0D, 0xFC7D, 0xFD35,  0xFE29, 0xFE6B, 0xFF19, 0xFF53,
  0x012C, 0x0359, 0x04A6, 0x0759,  0x09B2, 0x0EC2, 0x1229, 0x146D,
  0x179B, 0x1A3D, 0x1D1B, 0x1CB9,  0x1B6B, 0x1A2E, 0x184D, 0x15BE,
  0x1192, 0x0DD6, 0x0B3C, 0x091E,  0x0748, 0x05B5, 0x052C, 0x0591,
  0x061B, 0x06E8, 0x06FC, 0x070A,  0x06D5, 0x066C, 0x0621, 0x042A,
  0x02AB, 0x012E, 0x0086, 0x000C,  0xFE55, 0xFE09, 0xFE25, 0xFF54,
  0xFFA2, 0xFF5D, 0x0029, 0x00CA,  0x0175, 0x010F, 0x007D, 0xFFDB,
  0xFFA9, 0xFF01, 0xFDE4, 0xFCD9,  0xFBC1, 0xFB63, 0xFAD7, 0xFA8C,
  0xF9CA, 0xF9C8, 0xF9ED, 0xFA93,  0xFAC7, 0xFAAC, 0xFB3E, 0xFB3E,
  0xFC3F, 0xFBC6, 0xFBE4, 0xFC0A,  0xFBEC, 0xFC24, 0xFB25, 0xFAD3,
  0xFA1F, 0xF97F, 0xF8C8, 0xF7AC,  0xF6BE, 0xF5D2, 0xF4D5, 0xF3E9,
  0xF2DA, 0xF20E, 0xF1B5, 0xF0FB,  0xF0FA, 0xF0D7, 0xF11C, 0xF19C,
  0xF1F0, 0xF346, 0xF405, 0xF5A0,  0xF6B6, 0xF7A8, 0xF913, 0xF961,
  0xFA02, 0xFA28, 0xF9ED, 0xF9E5,  0xF9CE, 0xFA1F, 0xFAF7, 0xFB0C,
  0xFD14, 0xFF7E, 0x0257, 0x059C,  0x0826, 0x0D0F, 0x112F, 0x1420,
  0x166A, 0x18BC, 0x1ACF, 0x1B26,  0x19A7, 0x17E9, 0x1654, 0x13CE,
  0x1132, 0x0DA3, 0x0B7B, 0x0A1A,  0x08D8, 0x0857, 0x07B9, 0x086B,
  0x08E9, 0x0973, 0x09BA, 0x0968,  0x08FE, 0x0804, 0x076F, 0x062F,
  0x048A, 0x030E, 0x0224, 0x01C0,  0x00C9, 0xFFBA, 0xFF6B, 0xFF5B,
  0xFFAF, 0xFF19, 0xFEC7, 0xFEFD,  0xFF12, 0xFF73, 0xFED7, 0xFEB1,
  0xFE88, 0xFE68, 0xFE52, 0xFDD8,  0xFD86, 0xFCD9, 0xFC65, 0xFC32,
  0xFBC2, 0xFB18, 0xFA52, 0xF9F4,  0xFA32, 0xF9FD, 0xF9C8, 0xF993,
  0xFA13, 0xFAEB, 0xFB63, 0xFBA7,  0xFB8D, 0xFBF7, 0xFC17, 0xFBEC,
  0xFADB, 0xF9BC, 0xF8CC, 0xF7EF,  0xF6ED, 0xF538, 0xF43E, 0xF2E9,
  0xF30B, 0xF2CF, 0xF263, 0xF2AA,  0xF2EA, 0xF47C, 0xF509, 0xF5C9,
  0xF673, 0xF6B9, 0xF7BF, 0xF78D,  0xF7B6, 0xF79D, 0xF7A5, 0xF8B0,
  0xF8C0, 0xF990, 0xF9E2, 0xFA98,  0xFB9E, 0xFC18, 0xFD29, 0xFD8F,
  0xFE11, 0xFEE8, 0xFFCB, 0x00DC,  0x0162, 0x02F5, 0x0571, 0x0857,
  0x0B3F, 0x0D52, 0x112A, 0x1488,  0x176A, 0x1952, 0x1921, 0x1A21,
  0x18FB, 0x1780, 0x14AA, 0x1067,  0x0E6E, 0x0B25, 0x08C3, 0x069A,
  0x04B5, 0x04DC, 0x04D0, 0x05BB,  0x0630, 0x0679, 0x0777, 0x081B,
  0x07F1, 0x0719, 0x056C, 0x0487,  0x0349, 0x01B8, 0xFFFE, 0xFE82,
  0xFE7C, 0xFE36, 0xFEA1, 0xFE61,  0xFF0F, 0xFFA3, 0x0027, 0x00BC,
  0x001B, 0xFFC0, 0xFF0E, 0xFEF0,  0xFE8E, 0xFD86, 0xFCA1, 0xFC53,
  0xFC39, 0xFC56, 0xFB46, 0xFA61,  0xFA3C, 0xFA2D, 0xFA4B, 0xF8E4,
  0xF888, 0xF897, 0xF950, 0xF971,  0xF911, 0xF9D6, 0xFA79, 0xFBC1,
  0xFBF4, 0xFC1A, 0xFC49, 0xFC40,  0xFBDD, 0xFA87, 0xF8CF, 0xF6F2,
  0xF547, 0xF388, 0xF21A, 0xF085,  0xF026, 0xF00B, 0xF0F5, 0xF1EA,
  0xF315, 0xF511, 0xF695, 0xF8CA,  0xF989, 0xFAA9, 0xFB50, 0xFAF6,
  0xFAA0, 0xF981, 0xF8C3, 0xF7EE,  0xF739, 0xF725, 0xF794, 0xF807,
  0xFA3C, 0xFC70, 0xFF7B, 0x025C,  0x0535, 0x09C4, 0x0D43, 0x1024,
  0x11B5, 0x1413, 0x1614, 0x1691,  0x1577, 0x13DE, 0x1335, 0x1140,
  0x0F62, 0x0C5D, 0x0A8F, 0x09BE,  0x08C4, 0x0887, 0x07E4, 0x08C1,
  0x0995, 0x0A7C, 0x0B12, 0x0AEF,  0x0ABF, 0x0A60, 0x0A05, 0x08AC,
  0x06D5, 0x052E, 0x043E, 0x0352,  0x022E, 0x00A6, 0x0040, 0x004A,
  0x0046, 0x0016, 0xFF62, 0xFFE9,  0xFFD8, 0x0045, 0xFFCA, 0xFF5B,
  0xFF57, 0xFEFC, 0xFF44, 0xFE77,  0xFDFA, 0xFD39, 0xFCFE, 0xFCD9,
  0xFC05, 0xFB5B, 0xFA6B, 0xFAB3,  0xFAD4, 0xFA99, 0xFA4E, 0xFAA4,
  0xFB9E, 0xFC86, 0xFCFC, 0xFD0F,  0xFD98, 0xFDEF, 0xFE30, 0xFD07,
  0xFBFC, 0xFAE1, 0xF9E7, 0xF924,  0xF737, 0xF63B, 0xF4F4, 0xF4B6,
  0xF46B, 0xF434, 0xF44E, 0xF434,  0xF54F, 0xF5A5, 0xF65C, 0xF68A,
  0xF6D2, 0xF798, 0xF7DF, 0xF824,  0xF821, 0xF82D, 0xF87E, 0xF887,
  0xF820, 0xF81E, 0xF7FE, 0xF849,  0xF830, 0xF84D, 0xF8F3, 0xF95E,
  0xFAA5, 0xFB3F, 0xFCAF, 0xFE11,  0xFFE6, 0x01B2, 0x033F, 0x05D9,
  0x07E8, 0x0AED, 0x0C7C, 0x0EC1,  0x10E6, 0x1284, 0x1426, 0x13B2,
  0x141E, 0x1324, 0x1213, 0x107C,  0x0DCD, 0x0C40, 0x09E6, 0x08F1,
  0x075D, 0x06A9, 0x06B5, 0x0687,  0x07DC, 0x07DD, 0x08B4, 0x08F8,
  0x0976, 0x09BC, 0x08E4, 0x07EB,  0x068B, 0x058F, 0x042A, 0x02BA,
  0x010B, 0xFFE5, 0xFF3A, 0xFEE5,  0xFE4A, 0xFE16, 0xFE2A, 0xFF18,
  0xFFBF, 0xFFE6, 0x0050, 0xFFDF,  0x0067, 0xFFC2, 0xFF16, 0xFDF6,
  0xFC95, 0xFC12, 0xFAC5, 0xFA4A,  0xF93F, 0xF934, 0xF9BB, 0xF9F0,
  0xFB07, 0xFB6F, 0xFC56, 0xFD18,  0xFD6F, 0xFDB4, 0xFD43, 0xFCDD,
  0xFC64, 0xFBE8, 0xFB37, 0xFA36,  0xF97F, 0xF8C7, 0xF816, 0xF795,
  0xF69B, 0xF59A, 0xF537, 0xF52C,  0xF538, 0xF4E2, 0xF550, 0xF6C4,
  0xF7DA, 0xF8F7, 0xF952, 0xFA13,  0xFB00, 0xFB3C, 0xFACB, 0xF9CE,
  0xF8EF, 0xF84D, 0xF7A2, 0xF682,  0xF5BD, 0xF5C2, 0xF64D, 0xF739,
  0xF82C, 0xF965, 0xFB4B, 0xFD09,  0xFF81, 0x00E9, 0x0293, 0x0487,
  0x0645, 0x08D2, 0x0994, 0x0B49,  0x0C7B, 0x0E04, 0x0F88, 0x0F3C,
  0x0FF3, 0x0F51, 0x0F6E, 0x0EA5,  0x0D32, 0x0C4B, 0x0AD7, 0x0A8F,
  0x0986, 0x08F3, 0x08A2, 0x0886,  0x0939, 0x0923, 0x096B, 0x095F,
  0x094A, 0x0976, 0x08C1, 0x081F,  0x071B, 0x0623, 0x0575, 0x0461,
  0x039B, 0x02A0, 0x0201, 0x01E1,  0x014F, 0x00F7, 0x008F, 0x00BA,
  0x00AD, 0x003F, 0x0031, 0xFF60,  0xFF56, 0xFE7A, 0xFDD1, 0xFD21,
  0xFC07, 0xFB32, 0xFA31, 0xF9F7,  0xF966, 0xF940, 0xF901, 0xFA07,
  0xFA9E, 0xFB65, 0xFBE2, 0xFC81,  0xFDA5, 0xFDD5, 0xFE39, 0xFDDB,
  0xFE02, 0xFD8E, 0xFCC6, 0xFBC8,  0xFA50, 0xF9AB, 0xF859, 0xF76E,
  0xF677, 0xF641, 0xF67B, 0xF680,  0xF72B, 0xF7D5, 0xF942, 0xFA16,
  0xFB39, 0xFBFB, 0xFC65, 0xFC88,  0xFC32, 0xFB78, 0xFA7C, 0xF963,
  0xF809, 0xF695, 0xF54C, 0xF4D2,  0xF48F, 0xF547, 0xF63E, 0xF89D,
  0xFAC8, 0xFD1A, 0xFF49, 0x00BD,  0x01F0, 0x0244, 0x01ED, 0x0110,
  0x004C, 0xFF8C, 0xFF64, 0xFF74,  0x00C3, 0x026F, 0x0497, 0x0747,
  0x09FA, 0x0C91, 0x0EA1, 0x100A,  0x10F3, 0x10C3, 0x1030, 0x0F0B,
  0x0DA2, 0x0C1B, 0x0A6F, 0x096F,  0x083A, 0x07BB, 0x0778, 0x0764,
  0x07BA, 0x07A8, 0x0800, 0x081C,  0x080D, 0x07E9, 0x073B, 0x0707,
  0x060B, 0x055A, 0x0485, 0x0392,  0x0326, 0x01F5, 0x0196, 0x00D7,
  0x0058, 0x0016, 0xFF6B, 0xFF65,  0xFF38, 0xFF2A, 0xFF34, 0xFEB8,
  0xFEFA, 0xFEC6, 0xFE90, 0xFE51,  0xFD60, 0xFD1C, 0xFC23, 0xFBC3,
  0xFB15, 0xFA87, 0xFA2A, 0xF9FB,  0xFA8A, 0xFA92, 0xFB45, 0xFBBF,
  0xFC94, 0xFCDA, 0xFCFF, 0xFCE4,  0xFC8D, 0xFC24, 0xFB9A, 0xFBA3,
  0xFB0D, 0xFA53, 0xFA4A, 0xFA27,  0xFA06, 0xF9CF, 0xF919, 0xF94C,
  0xF906, 0xF910, 0xF8C6, 0xF80C,  0xF86B, 0xF83A, 0xF828, 0xF7BA,
  0xF776, 0xF7E7, 0xF800, 0xF838,  0xF841, 0xF889, 0xF8E0, 0xF93B,
  0xF947, 0xF93F, 0xF97C, 0xF9D0,  0xFA52, 0xFA80, 0xFAD6, 0xFB60,
  0xFC0A, 0xFD1E, 0xFE05, 0xFF5E,  0x00E9, 0x0256, 0x047B, 0x0655,
  0x085F, 0x0A6B, 0x0B7B, 0x0D61,  0x0DF6, 0x0E96, 0x0E80, 0x0D2B,
  0x0D13, 0x0B9C, 0x0A91, 0x0912,  0x07EB, 0x07ED, 0x0763, 0x07E1,
  0x0816, 0x08E2, 0x09CE, 0x0A7A,  0x0B61, 0x0B1D, 0x0B23, 0x0A5C,
  0x097B, 0x0854, 0x0672, 0x04EB,  0x0325, 0x0231, 0x012D, 0x0069,
  0x0020, 0x0072, 0x0138, 0x01BC,  0x01EA, 0x0268, 0x028A, 0x01E6,
  0x010D, 0xFF85, 0xFE42, 0xFC8D,  0xFB17, 0xF9C9, 0xF8FA, 0xF8C3,
  0xF8EA, 0xF9B8, 0xFAA6, 0xFC2A,  0xFD31, 0xFE83, 0xFF6D, 0x0001,
  0x003C, 0xFFB8, 0xFF32, 0xFE48,  0xFD15, 0xFBCD, 0xFA91, 0xF938,
  0xF852, 0xF780, 0xF756, 0xF737,  0xF74D, 0xF796, 0xF836, 0xF929,
  0xF9C5, 0xFA79, 0xFB25, 0xFC06,  0xFC5C, 0xFC54, 0xFBD0, 0xFB11,
  0xFAAA, 0xF9B8, 0xF8D6, 0xF803,  0xF795, 0xF7C7, 0xF81A, 0xF8EA,
  0xFA07, 0xFAAA, 0xFC2A, 0xFD38,  0xFE0D, 0xFEBA, 0xFED7, 0x0012,
  0xFFD9, 0x000B, 0xFFC2, 0xFF3E,  0xFF90, 0xFF62, 0xFFFD, 0x008B,
  0x0155, 0x0273, 0x0387, 0x0472,  0x0554, 0x0620, 0x0709, 0x07B8,
  0x07E0, 0x081D, 0x083D, 0x089C,  0x08ED, 0x091F, 0x093F, 0x09D1,
  0x0A85, 0x0ADA, 0x0B15, 0x0B28,  0x0BA5, 0x0B27, 0x0A35, 0x093D,
  0x07F8, 0x06C5, 0x0542, 0x041B,  0x03A1, 0x0356, 0x0385, 0x03F2,
  0x0498, 0x0553, 0x05CD, 0x0617,  0x05A2, 0x04D8, 0x0378, 0x0204,
  0x0052, 0xFE6F, 0xFCDD, 0xFBE2,  0xFBA0, 0xFB67, 0xFBA2, 0xFC49,
  0xFD2C, 0xFE4C, 0xFE93, 0xFEB4,  0xFECB, 0xFE81, 0xFDDF, 0xFBFA,
  0xFA75, 0xF94C, 0xF83D, 0xF710,  0xF606, 0xF5FD, 0xF6D1, 0xF7C5,
  0xF8BB, 0xFA6C, 0xFBE8, 0xFD9B,  0xFE9B, 0xFF36, 0xFF35, 0xFE2F,
  0xFD33, 0xFBDD, 0xFA52, 0xF8BD,  0xF762, 0xF6CB, 0xF6CA, 0xF6AB,
  0xF722, 0xF7CE, 0xF8ED, 0xFA64,  0xFB0E, 0xFBC1, 0xFC21, 0xFC96,
  0xFC95, 0xFC9E, 0xFC6C, 0xFC33,  0xFC17, 0xFC62, 0xFD19, 0xFCEA,
  0xFD88, 0xFE3F, 0xFF22, 0x0008,  0x0009, 0x00B5, 0x0101, 0x0158,
  0x01FD, 0x0208, 0x02B9, 0x02FE,  0x0389, 0x0435, 0x049A, 0x0575,
  0x05CE, 0x06CC, 0x0797, 0x0832,  0x0899, 0x08DC, 0x099E, 0x0945,
  0x08E9, 0x086C, 0x07F9, 0x0819,  0x0723, 0x0703, 0x06D6, 0x0714,
  0x0770, 0x0766, 0x07E7, 0x0827,  0x0859, 0x07FD, 0x078A, 0x06AA,
  0x05C0, 0x0496, 0x0354, 0x027F,  0x01C6, 0x0181, 0x0174, 0x01B7,
  0x0230, 0x0231, 0x022A, 0x0220,  0x01A8, 0x00B5, 0xFF81, 0xFEF5,
  0xFE06, 0xFD1C, 0xFC1B, 0xFB89,  0xFB92, 0xFB8C, 0xFBDE, 0xFCAA,
  0xFDAD, 0xFE76, 0xFF44, 0xFF51,  0xFFB0, 0xFF23, 0xFE09, 0xFCF2,
  0xFB72, 0xF9E6, 0xF7A8, 0xF671,  0xF5F4, 0xF5BF, 0xF63E, 0xF761,
  0xF926, 0xFB01, 0xFC49, 0xFD60,  0xFE2B, 0xFE51, 0xFD6B, 0xFBFE,
  0xFA84, 0xF8FA, 0xF7D3, 0xF687,  0xF62C, 0xF6AE, 0xF760, 0xF88F,
  0xF996, 0xFB61, 0xFCE3, 0xFD74,  0xFE6C, 0xFE4D, 0xFE7E, 0xFDF2,
  0xFD73, 0xFD4E, 0xFC81, 0xFC96,  0xFC3B, 0xFCC1, 0xFD57, 0xFE22,
  0xFF0A, 0xFFD5, 0x010A, 0x01B0,  0x0273, 0x02C2, 0x02CC, 0x031D,
  0x032A, 0x03E1, 0x045D, 0x04C9,  0x05E8, 0x069A, 0x0814, 0x0844,
  0x0877, 0x08D0, 0x0898, 0x08D3,  0x07F0, 0x0788, 0x06D9, 0x06C4,
  0x0705, 0x06C4, 0x0714, 0x0774,  0x08AA, 0x0925, 0x0939, 0x096B,
  0x0914, 0x08A7, 0x0760, 0x0601,  0x04F4, 0x03B4, 0x0324, 0x025C,
  0x01FB, 0x018A, 0x0134, 0x0188,  0x0170, 0x0193, 0x0181, 0x0239,
  0x0252, 0x0223, 0x017C, 0x0052,  0xFFB9, 0xFE4C, 0xFD1C, 0xFB96,
  0xFAE1, 0xFA7E, 0xFA34, 0xFA3D,  0xFA64, 0xFB3F, 0xFBCD, 0xFC6F,
  0xFCDB, 0xFD4E, 0xFD66, 0xFCEE,  0xFC6A, 0xFB88, 0xFA46, 0xF908,
  0xF807, 0xF761, 0xF6D3, 0xF737,  0xF7E6, 0xF92F, 0xFA56, 0xFB53,
  0xFC48, 0xFCCD, 0xFD5D, 0xFCDB,  0xFC39, 0xFB97, 0xFB34, 0xFAF4,
  0xFACF, 0xFACF, 0xFB7D, 0xFC81,  0xFD5F, 0xFE01, 0xFE43, 0xFE7E,
  0xFEA5, 0xFEC5, 0xFDE6, 0xFD65,  0xFD04, 0xFD1E, 0xFD3E, 0xFCB3,
  0xFCC5, 0xFD42, 0xFEAA, 0xFF60,  0xFF7F, 0x0003, 0x00F8, 0x01EB,
  0x01FA, 0x01D1, 0x01D3, 0x0207,  0x0236, 0x01C8, 0x0168, 0x0165,
  0x0229, 0x03BB, 0x04EF, 0x0646,  0x074D, 0x094D, 0x0AFC, 0x0AE9,
  0x0AAC, 0x09A8, 0x093F, 0x0800,  0x05F4, 0x0479, 0x030A, 0x02D5,
  0x030B, 0x03AF, 0x0462, 0x0599,  0x0758, 0x0856, 0x0919, 0x08CF,
  0x08C7, 0x07D5, 0x0665, 0x051A,  0x02E2, 0x01A8, 0x003D, 0xFEE6,
  0xFE3B, 0xFD2C, 0xFD49, 0xFCC7,  0xFCCB, 0xFD68, 0xFD9E, 0xFEE2,
  0xFF32, 0x00E6, 0x0200, 0x02AF,  0x034E, 0x0291, 0x022B, 0xFF9B,
  0xFDCD, 0xFB6C, 0xF92B, 0xF7DD,  0xF669, 0xF6CC, 0xF74A, 0xF8D5,
  0xFAB4, 0xFC58, 0xFE5A, 0xFF20,  0xFF86, 0xFEAA, 0xFDC4, 0xFCA5,
  0xFA9C, 0xF8B1, 0xF6F0, 0xF651,  0xF606, 0xF64F, 0xF74F, 0xF93D,
  0xFB7B, 0xFCEB, 0xFE43, 0xFF34,  0xFFCE, 0xFF18, 0xFDA5, 0xFC65,
  0xFB4B, 0xFA3A, 0xF8B3, 0xF886,  0xF970, 0xFA70, 0xFBE0, 0xFDCB,
  0xFFFA, 0x0202, 0x02E6, 0x03B4,  0x049F, 0x044E, 0x039E, 0x023D,
  0x013A, 0x005E, 0xFF59, 0xFEC3,  0xFEAC, 0xFF73, 0x0029, 0x012C,
  0x0231, 0x03B0, 0x0487, 0x04E8,  0x05DA, 0x0633, 0x0698, 0x065E,
  0x064C, 0x068D, 0x0645, 0x060B,  0x0587, 0x055C, 0x04D1, 0x0422,
  0x0388, 0x030F, 0x02E6, 0x02D0,  0x0351, 0x03C2, 0x0496, 0x0511,
  0x058D, 0x0633, 0x05BC, 0x051E,  0x0441, 0x0333, 0x0286, 0x0117,
  0x0080, 0x008D, 0x00A9, 0x01A1,  0x025A, 0x0373, 0x040B, 0x043A,
  0x0406, 0x03A5, 0x028B, 0x00EC,  0xFFD1, 0xFE84, 0xFDFE, 0xFD3C,
  0xFCCD, 0xFD23, 0xFD7F, 0xFDE5,  0xFDE6, 0xFDE2, 0xFDCE, 0xFD75,
  0xFCB5, 0xFC0D, 0xFB7E, 0xFB42,  0xFAED, 0xFB2E, 0xFBA4, 0xFC41,
  0xFCA5, 0xFD42, 0xFDAE, 0xFD6E,  0xFC94, 0xFB96, 0xFAFB, 0xFA01,
  0xF966, 0xF869, 0xF84A, 0xF8E6,  0xF9AE, 0xFA89, 0xFB46, 0xFC7E,
  0xFE33, 0xFEF6, 0xFF4E, 0xFF70,  0xFF71, 0xFF20, 0xFE0C, 0xFDAA,
  0xFCE4, 0xFC35, 0xFC6E, 0xFC96,  0xFDAF, 0xFE80, 0xFFB0, 0x0137,
  0x020C, 0x0254, 0x0159, 0x00BB,  0x0013, 0xFF0E, 0xFE2C, 0xFEAD,
  0xFF01, 0x0013, 0x00F4, 0x01A4,  0x038F, 0x03EC, 0x0447, 0x03F4,
  0x0360, 0x0254, 0x012C, 0xFFFC,  0xFF58, 0xFFA0, 0xFFCA, 0x0115,
  0x027F, 0x0438, 0x05C9, 0x06A1,  0x0769, 0x06BD, 0x05D8, 0x04C8,
  0x039E, 0x02BB, 0x01A5, 0x01B4,  0x027E, 0x0338, 0x0421, 0x0491,
  0x055D, 0x0506, 0x0444, 0x032C,  0x01F6, 0x0131, 0x0077, 0x0147,
  0x01F1, 0x03B8, 0x04FB, 0x060C,  0x070F, 0x06A9, 0x0590, 0x0345,
  0x011A, 0xFEAC, 0xFC33, 0xFA4B,  0xF9B2, 0xFA21, 0xFB1D, 0xFCA7,
  0xFE2E, 0x0057, 0x012B, 0x0128,  0x0137, 0xFFEB, 0xFEE0, 0xFD2C,
  0xFBE0, 0xFBA9, 0xFB24, 0xFB74,  0xFBF1, 0xFC9B, 0xFD24, 0xFD6D,
  0xFDD9, 0xFD1D, 0xFC79, 0xFBC4,  0xFBCC, 0xFC02, 0xFB94, 0xFC81,
  0xFD20, 0xFE99, 0xFF38, 0xFF5E,  0xFF96, 0xFEFB, 0xFEDF, 0xFD85,
  0xFCD7, 0xFCC0, 0xFC25, 0xFD12,  0xFD4B, 0xFE38, 0xFF45, 0xFFAB,
  0x007C, 0x00B2, 0x00D7, 0x0062,  0xFFB8, 0xFF18, 0xFE6A, 0xFE0C,
  0xFD92, 0xFE1B, 0xFE98, 0xFF4E,  0xFFB6, 0x001A, 0x00B5, 0x005C,
  0x001A, 0xFFDE, 0x000C, 0x0005,  0xFFFE, 0x0053, 0x0143, 0x022E,
  0x02A7, 0x02F1, 0x035A, 0x0384,  0x02A5, 0x0236, 0x0195, 0x0187,
  0x0156, 0x0120, 0x0161, 0x01D4,  0x0255, 0x0274, 0x0308, 0x0341,
  0x03D3, 0x03D8, 0x036B, 0x033C,  0x0334, 0x02DC, 0x027E, 0x0239,
  0x01AB, 0x0179, 0x0115, 0x0136,  0x0111, 0x0158, 0x0197, 0x016B,
  0x01C8, 0x01AB, 0x01D5, 0x01C5,  0x0165, 0x016A, 0x00C0, 0x005D,
  0xFFC0, 0xFF44, 0xFF36, 0xFEB6,  0xFE7D, 0xFE4C, 0xFE36, 0xFE6C,
  0xFE6C, 0xFE42, 0xFE6A, 0xFEC8,  0xFEFD, 0xFF14, 0xFF04, 0xFEE4,
  0xFEF9, 0xFE74, 0xFDF1, 0xFD9E,  0xFD7E, 0xFD7A, 0xFD4E, 0xFDF5,
  0xFE01, 0xFE5D, 0xFEA9, 0xFE94,  0xFF6C, 0xFEE2, 0xFEE0, 0xFF9C,
  0xFF87, 0xFF68, 0xFE92, 0xFDF5,  0xFDE9, 0xFD19, 0xFCB6, 0xFD4C,
  0xFD89, 0xFDF3, 0xFE65, 0xFF43,  0x002A, 0x0029, 0x0004, 0xFFEB,
  0xFFF8, 0xFF94, 0xFF35, 0xFF3B,  0xFF72, 0xFFB9, 0x0000, 0x0053,
  0x005F, 0x0097, 0x00A1, 0x00CD,  0x00DA, 0x0077, 0x00E7, 0x00E1,
  0x011D, 0x0123, 0x00D2, 0x0153,  0x00FE, 0x00EE, 0x0080, 0x0071,
  0x0061, 0x0059, 0x010D, 0x0162,  0x01EB, 0x0203, 0x0261, 0x0270,
  0x0227, 0x020A, 0x01C4, 0x01E5,  0x0127, 0x0120, 0x0114, 0x00A1,
  0x008B, 0x000C, 0x001E, 0x0012,  0x003A, 0x0027, 0x0075, 0x010D,
  0x00EA, 0x0167, 0x00ED, 0x0071,  0x00C2, 0x0017, 0x0078, 0x00A1,
  0x00AA, 0x012C, 0x0123, 0x0185,  0x0132, 0x010B, 0x0041, 0xFFFB,
  0xFF97, 0xFEBE, 0xFECE, 0xFEAC,  0xFF1F, 0xFF2B, 0xFF1B, 0xFF31,
  0xFF6D, 0xFF78, 0xFF11, 0xFF3B,  0xFEED, 0xFEDA, 0xFF0C, 0xFEEE,
  0xFF39, 0xFF35, 0xFF12, 0xFF3D,  0xFF1F, 0xFF0B, 0xFEB0, 0xFEAB,
  0xFE83, 0xFEA1, 0xFECB, 0xFEDE,  0xFF5D, 0xFF9C, 0x0024, 0xFFC0,
  0x001F, 0xFFEA, 0xFF9F, 0xFF7A,  0xFE91, 0xFE46, 0xFDF3, 0xFDF0,
  0xFDF8, 0xFEA0, 0xFF2B, 0x0016,  0x00F1, 0x0142, 0x0185, 0x0182,
  0x012D, 0x0120, 0x00EB, 0x003A,  0xFFFA, 0xFFAB, 0xFFD8, 0xFFC7,
  0xFFAF, 0xFF87, 0xFF7E, 0xFFCC,  0xFF8F, 0xFFB6, 0xFFD3, 0x001D,
  0x00A3, 0x00C8, 0x00B5, 0x00D2,  0x00E6, 0x009C, 0x009A, 0x0039,
  0x0002, 0xFFC4, 0xFF6A, 0xFFDE,  0x0015, 0x00A5, 0x0116, 0x017E,
  0x0201, 0x0194, 0x011B, 0x0064,  0x0013, 0xFFDE, 0xFFCA, 0x0033,
  0x0091, 0x011B, 0x0162, 0x019A,  0x0160, 0x0101, 0x0069, 0xFFF5,
  0xFFF5, 0xFF63, 0xFF89, 0xFFBC,  0xFFFB, 0x00A5, 0x0055, 0x0093,
  0x00AE, 0x007D, 0x0064, 0xFFF9,  0x002A, 0x003B, 0xFFF0, 0xFFCE,
  0xFF8E, 0xFF4F, 0xFEE9, 0xFE96,  0xFE9F, 0xFEA5, 0xFED4, 0xFF26,
  0xFFD2, 0xFFDA, 0x0034, 0x0063,  0x0042, 0x0015, 0xFF4A, 0xFFF5,
  0xFFA3, 0xFF95, 0xFF82, 0xFF31,  0xFFF5, 0xFF48, 0xFF70, 0xFF7B,
  0xFFA4, 0xFFC6, 0xFF9C, 0x001F,  0xFFF8, 0x0010, 0xFFD7, 0xFFD3,
  0xFFD5, 0xFF73, 0xFF9A, 0x0011,  0x003F, 0x002E, 0x0011, 0x002E,
  0x0059, 0x0041, 0xFFC4, 0xFFE3,  0x0010, 0x002A, 0x0036, 0x0004,
  0x0057, 0x0054, 0x0039, 0xFFE5,  0xFFE0, 0xFF98, 0xFF7B, 0xFFB5,
  0xFF36, 0xFF52, 0xFF8A, 0xFFD1,  0x0016, 0x0013, 0x0034, 0x0080,
  0x00B1, 0x0053, 0x0095, 0x00DC,  0x00C2, 0x00DA, 0x007C, 0x0089,
  0x00B4, 0x0083, 0x00A1, 0x010B,  0x011E, 0x00FE, 0x0128, 0x0103,
  0x00CC, 0x0029, 0xFF9E, 0xFFA5,  0xFF29, 0xFEFD, 0xFF44, 0xFFC6,
  0x002B, 0xFFC6, 0x0007, 0x0016,  0x000A, 0xFFD9, 0xFF7D, 0x0040,
  0x005D, 0x0065, 0x008E, 0x007F,  0x009C, 0x0013, 0xFF75, 0xFF1E,
  0xFEC9, 0xFE78, 0xFE78, 0xFEB7,  0xFEFF, 0xFF2E, 0xFF7B, 0x0024,
  0x0054, 0x002D, 0x001D, 0x0038,  0x00C2, 0x007E, 0x0046, 0x0094,
  0x0085, 0x0078, 0xFFAE, 0xFF70,  0xFFBA, 0xFFAB, 0xFFDC, 0xFFBE,
  0xFFFB, 0x002D, 0x002A, 0xFFF8,  0xFFA7, 0xFF54, 0xFF32, 0xFF7C,
  0xFF79, 0xFF56, 0xFF91, 0xFFBA,  0xFFD2, 0xFF93, 0xFF4A, 0xFF63,
  0xFF6E, 0xFFB3, 0xFFCF, 0x0059,  0x008F, 0x0061, 0x00EC, 0x00A3,
  0x008D, 0x008E, 0x0031, 0x0097,  0x005F, 0xFFFF, 0x0002, 0xFFDB,
  0xFFBF, 0xFF9F, 0xFFE1, 0x0035,  0x0070, 0x00C8, 0x0104, 0x00F7,
  0x00FF, 0x0063, 0x00A5, 0x0094,  0xFFFA, 0x0037, 0x001E, 0x005A,
  0x005A, 0xFFE5, 0xFFDD, 0xFFEE,  0xFF92, 0xFFA6, 0xFFED, 0x0006,
  0x0045, 0x0033, 0x0077, 0x0057,  0x0025, 0x0039, 0x0033, 0x004E,
  0xFFBA, 0xFFBA, 0xFFE5, 0xFFD0,  0xFFD7, 0xFF80, 0xFFB9, 0xFFBE,
  0xFFAA, 0xFFB2, 0xFFDF, 0x0005,  0xFFF8, 0x0013, 0x0017, 0x0022,
  0xFFAD, 0xFFCE, 0x0012, 0x0012,  0xFFFF, 0xFFB3, 0xFFFE, 0xFFD3,
  0xFF87, 0xFF6C, 0xFFCB, 0x0026,  0xFFF0, 0xFFEC, 0x001A, 0x0026,
  0x0015, 0xFFEE, 0x000F, 0xFFF7,  0xFFFA, 0xFFEF, 0x004E, 0x0031,
  0xFFD5, 0xFFE6, 0xFFAD, 0xFF85,  0xFF37, 0xFF06, 0xFF81, 0xFF8E,
  0xFFAF, 0x0009, 0x003E, 0x00A3,  0x0038, 0x0039, 0xFFF7, 0xFF93,
  0xFF9E, 0xFF6B, 0x0000, 0x0057,  0x0088, 0x00CE, 0x00D3, 0x00C7,
  0x0061, 0xFFE9, 0xFFD9, 0xFFD0,  0xFFBF, 0xFFBF, 0xFFC7, 0xFFE6,
  0xFFDB, 0xFFC3, 0xFFE5, 0xFFE1,  0xFFEC, 0x0029, 0x0041, 0x004C,
  0x0062, 0x0051, 0x0054, 0x004A,  0x002B, 0x0028, 0x0016, 0xFFE0,
  0xFFD3, 0xFFD1, 0xFFDA, 0xFFD1,  0xFFD0, 0x0000, 0x0032, 0x0052,
  0x003F, 0x0032, 0x001C, 0x0008,  0xFFF8, 0xFFE8, 0x001F, 0x0058,
  0x00C8, 0x00EB, 0x0105, 0x00E8,  0x00A5, 0x0046, 0xFFC7, 0xFF79,
  0xFF34, 0xFF2B, 0xFF55, 0xFF6F,  0xFFA8, 0xFFD2, 0xFFCF, 0xFFEA,
  0xFFD5, 0xFFA2, 0xFF92, 0xFF94,  0xFFC7, 0x000F, 0x003F, 0x007B,
  0x0082, 0x004F, 0xFFFB, 0xFFB7,  0xFF63, 0xFF33, 0xFF25, 0xFF60,
  0xFFB5, 0xFFF3, 0x0037, 0x0040,  0x005D, 0x001E, 0xFFED, 0xFFEC,
  0xFFD5, 0xFFFA, 0xFFFB, 0x0014,  0x002F, 0x0029, 0x0022, 0x0010,
  0x0000, 0xFFE2, 0xFFD7, 0xFFF8,  0x000D, 0x0019, 0x0022, 0x0031,
  0x003C, 0x0029, 0xFFE8, 0xFFDA,  0xFFD6, 0xFFEA, 0xFFE6, 0xFFFB,
  0x0020, 0x002F, 0x0035, 0x0025,  0x0028, 0x0000, 0xFFF9, 0x002A,
  0x002F, 0x0013, 0xFFE8, 0xFFE4,  0x0001, 0xFFE1, 0xFFC9, 0x000C,
  0x002F, 0x0034, 0x001F, 0x0015,  0x0041, 0x0027, 0x0003, 0xFFFE,
  0xFFFC, 0xFFFD, 0x0002, 0x001E,  0x001A, 0x000A, 0xFFFD, 0x0028,
  0x0034, 0x0036, 0x002C, 0x0026,  0x003F, 0x001D, 0xFFEB, 0xFFC3,
  0xFFAF, 0xFFB0, 0xFFA1, 0xFFA6,  0xFFB0, 0xFFD4, 0xFFFE, 0x0008,
  0x0002, 0x0000, 0xFFF6, 0x0010,  0x0019, 0x000C, 0x0022, 0x003C,
  0x0045, 0x0043, 0x001B, 0xFFEC,  0xFFD8, 0xFFBB, 0xFFB9, 0xFFC3,
  0xFFCB, 0xFFE3, 0xFFED, 0xFFFC,  0xFFF0, 0xFFCB, 0xFFAF, 0xFFB2,
  0xFFBF, 0xFFD6, 0xFFEA, 0x0021,  0x0055, 0x005F, 0x0056, 0x0027,
  0x000A, 0x0003, 0xFFE7, 0xFFEB,  0xFFEB, 0x0011, 0x0032, 0x0035,
  0x0034, 0x001F, 0x0000, 0xFFE4,  0xFFB8, 0xFFA8, 0xFFBD, 0xFFC7,
  0xFFE5, 0x0010, 0x002E, 0x0030,  0x0019, 0x0018, 0x000E, 0xFFF0,
  0xFFE4, 0xFFEA, 0x0006, 0x000B,  0x0011, 0x0017, 0x000D, 0xFFE8,
  0xFFC3, 0xFFB3, 0xFFCC, 0xFFFB,  0x0011, 0x003A, 0x005D, 0x006E,
  0x005F, 0x002C, 0x0021, 0x0011,  0xFFFB, 0xFFFC, 0x0016, 0x0034,
  0x0025, 0x0009, 0x001F, 0x002E,  0x0002, 0xFFDB, 0xFFE5, 0x000D,
  0x0006, 0xFFF7, 0xFFFA, 0x0016,  0x0025, 0x0007, 0x0003, 0xFFFF,
  0xFFFB, 0xFFEE, 0xFFEF, 0xFFEF,  0xFFEA, 0xFFE1, 0xFFEE, 0x000B,
  0x000E, 0xFFFF, 0x0001, 0x0010,  0x0010, 0x0003, 0xFFE2, 0xFFEF,
  0xFFED, 0xFFEE, 0xFFE1, 0xFFE4,  0xFFF8, 0xFFFA, 0x0010, 0x0006,
  0x0006, 0x0006, 0x0000, 0x000D,  0xFFF0, 0xFFDF, 0xFFD7, 0xFFFE,
  0xFFEC, 0xFFDE
};

#endif // End of _SECOND_FLOOR16K16B1C_H
