#ifndef _THIRD_FLOOR16K16B1C_H
#define _THIRD_FLOOR16K16B1C_H

#define THIRD_FLOOR16K16B1C_LITTLE_ENDIAN
#include <stdint.h>

#define THIRD_FLOOR16K16B1C_PB_FMT Mode_mono
#define THIRD_FLOOR16K16B1C_SZ 14861

const uint16_t third_floor16k16b1c[ THIRD_FLOOR16K16B1C_SZ ] =
{
  0x0000, 0x0007, 0x0006, 0xFFFA,  0xFFED, 0xFFF7, 0xFFF4, 0x0002,
  0xFFF2, 0x0009, 0x0009, 0xFFFE,  0x000E, 0x0007, 0x0003, 0x0009,
  0xFFFE, 0x0006, 0x0002, 0x0000,  0x0000, 0x0000, 0x0000, 0x000A,
  0xFFFF, 0xFFF0, 0x0004, 0xFFF8,  0x0001, 0xFFF4, 0x0008, 0xFFE9,
  0x000D, 0xFFE0, 0x0000, 0x0006,  0xFFE7, 0x000E, 0x0029, 0xFFF7,
  0xFFF5, 0x0005, 0xFFC7, 0x0067,  0xFFFE, 0x0020, 0x001D, 0x0019,
  0x0028, 0x000A, 0xFFF4, 0xFFEF,  0x0003, 0xFFFB, 0x0011, 0xFFD2,
  0xFFEE, 0xFFF0, 0x0036, 0xFFF3,  0x001C, 0x0015, 0x001C, 0x0004,
  0xFFF8, 0x0007, 0x001D, 0x001A,  0x0030, 0x002A, 0x0024, 0x002B,
  0xFFF4, 0x004A, 0x0011, 0x0024,  0xFFF8, 0x0004, 0xFFE1, 0x001E,
  0xFFB4, 0x0030, 0xFFE1, 0xFFBD,  0x0004, 0xFFCF, 0xFFFD, 0xFF5A,
  0x0019, 0xFFAD, 0x000C, 0xFFE4,  0x0031, 0x0045, 0xFFDD, 0x000B,
  0x0001, 0xFFEE, 0x0045, 0x0011,  0xFFCE, 0xFFD9, 0xFFB4, 0x0016,
  0xFFCC, 0x005A, 0x0004, 0x0030,  0xFFFB, 0xFFE3, 0x0025, 0xFFCC,
  0xFF81, 0xFFF5, 0x001B, 0xFFDB,  0x0025, 0xFFE8, 0xFFEF, 0x0023,
  0x001D, 0x0040, 0x002B, 0xFFCF,  0xFFFE, 0xFFEC, 0xFFFE, 0xFFB3,
  0xFFAA, 0x0001, 0x0011, 0x002B,  0xFFEC, 0xFFEF, 0xFFAD, 0x000E,
  0xFFE3, 0xFFE1, 0x001D, 0xFFEC,  0x0005, 0xFFF1, 0x0013, 0xFFAA,
  0x0039, 0x0028, 0x0054, 0x0001,  0x0009, 0x0018, 0x000C, 0x0043,
  0xFFB8, 0x0045, 0xFFD1, 0x0044,  0xFFE3, 0xFFC0, 0x004A, 0xFFDA,
  0x0003, 0x0000, 0xFFCC, 0xFFF6,  0x000F, 0xFFEB, 0x0023, 0x0048,
  0x0009, 0x0039, 0x0031, 0x001C,  0x0089, 0x0030, 0xFFFC, 0x0008,
  0xFFEF, 0xFFBD, 0x0016, 0x0024,  0x0048, 0x0020, 0xFFD4, 0xFFF4,
  0xFFB4, 0x0014, 0xFFF7, 0xFFE3,  0xFFC3, 0xFF74, 0xFFB2, 0xFFEC,
  0xFFFD, 0x0006, 0x002E, 0x003D,  0x003F, 0x0019, 0xFFDA, 0xFFA7,
  0x0031, 0x004A, 0x0013, 0xFF8C,  0xFFBA, 0x000E, 0x004C, 0x0079,
  0xFFE3, 0x0002, 0x001B, 0x0010,  0xFF9B, 0xFFBC, 0x002F, 0x005B,
  0x0010, 0xFFB5, 0xFFC8, 0xFFF7,  0xFFCE, 0x0040, 0xFFFB, 0x0013,
  0x0038, 0xFFC2, 0xFFD3, 0xFF97,  0xFFD1, 0xFFFA, 0x0025, 0x0061,
  0xFFEF, 0xFFF7, 0xFFE3, 0xFFBE,  0x0087, 0xFF79, 0x0034, 0x0025,
  0x0020, 0x0085, 0x0016, 0x0005,  0xFFBB, 0x0030, 0x0006, 0xFFD1,
  0xFFCB, 0xFFA5, 0xFFAB, 0x0005,  0x006A, 0xFFDF, 0xFFE9, 0x006A,
  0xFFC8, 0x009B, 0xFFC8, 0xFFA0,  0xFFB1, 0xFFD8, 0xFFD3, 0x001D,
  0x0021, 0x0012, 0x0028, 0xFFC1,  0x0029, 0xFFC7, 0x009D, 0xFF94,
  0x0022, 0x0062, 0x0099, 0x005A,  0xFFB1, 0x003E, 0xFFF9, 0xFF97,
  0xFFE8, 0xFFDB, 0xFFD1, 0x008F,  0x0035, 0xFFC3, 0xFFB3, 0x0003,
  0xFFC9, 0x0011, 0x0078, 0x003E,  0xFFD4, 0x007A, 0xFFC5, 0xFFAA,
  0xFFF6, 0xFF9E, 0x000C, 0x005D,  0x0003, 0xFFCE, 0xFFFE, 0xFFB5,
  0xFFA7, 0xFFF4, 0x0038, 0xFF9C,  0x009D, 0x001E, 0xFFD1, 0xFFBB,
  0xFF5C, 0xFFEF, 0xFFF0, 0x003D,  0x009E, 0x0076, 0xFFA7, 0x0006,
  0xFFE8, 0xFFF7, 0x006B, 0x00B8,  0x0071, 0xFF9D, 0xFF80, 0xFF70,
  0xFFCE, 0x0034, 0x0087, 0x0042,  0xFFBE, 0xFFDE, 0xFF4F, 0xFFE8,
  0x0025, 0x0051, 0xFFD9, 0x002D,  0x008E, 0xFF8A, 0x0053, 0xFF73,
  0x0029, 0xFFCB, 0xFFD5, 0xFFCA,  0xFFB8, 0x0005, 0x0006, 0x0083,
  0xFFEF, 0x0063, 0xFFCD, 0xFFC2,  0xFFAB, 0x002E, 0xFFEE, 0x0083,
  0xFFA5, 0xFFB5, 0xFFD6, 0x0048,  0xFFF0, 0x0015, 0x0067, 0xFFB1,
  0x00A1, 0xFFCA, 0x0069, 0xFF72,  0xFFB0, 0xFFCB, 0x0039, 0x0057,
  0x0017, 0x0009, 0xFFEA, 0xFFDF,  0xFFDA, 0xFFC7, 0x0089, 0x001F,
  0x0017, 0x0000, 0xFF55, 0x009B,  0x0009, 0x0005, 0xFFE8, 0x006A,
  0x0043, 0xFFF6, 0xFFA5, 0xFEFB,  0xFFAC, 0x010D, 0xFFEF, 0x0003,
  0x001D, 0xFF49, 0xFFD9, 0x0054,  0x001C, 0x0075, 0x00A3, 0xFF3B,
  0xFF83, 0xFF7C, 0xFFE3, 0x004A,  0x005C, 0x0053, 0xFFF1, 0xFF8F,
  0xFFE5, 0x001F, 0x00A9, 0x0071,  0x000E, 0x007C, 0xFFCF, 0xFFF1,
  0xFFB4, 0xFFB4, 0xFFFB, 0x0007,  0x0000, 0x00C3, 0x0051, 0xFF4F,
  0xFFC3, 0x0046, 0x00B7, 0xFFFB,  0xFFB0, 0xFFBC, 0xFF89, 0xFFED,
  0x0065, 0xFF80, 0xFFFC, 0xFF30,  0xFFF3, 0x004C, 0xFF71, 0x00F6,
  0xFFAB, 0x0030, 0xFFC7, 0x0025,  0x0027, 0xFF97, 0x0000, 0xFF8B,
  0x0058, 0x0077, 0x003D, 0xFFCE,  0xFF7D, 0x0071, 0x000E, 0x0040,
  0xFFF9, 0x0015, 0x0064, 0xFFF6,  0x003F, 0x0015, 0x0023, 0xFF4B,
  0x0028, 0x0024, 0x0004, 0x0003,  0xFFCF, 0xFFDE, 0xFFF9, 0x0021,
  0x000A, 0xFFCF, 0x000C, 0xFFD8,  0x004F, 0xFFC4, 0xFFF2, 0x0043,
  0xFF28, 0x0008, 0xFFB7, 0x002E,  0x0002, 0x0018, 0x0001, 0xFFA1,
  0x0049, 0x0040, 0x0031, 0x0056,  0xFFD8, 0xFFB8, 0xFFB0, 0x0051,
  0xFFDE, 0x0009, 0x003A, 0xFF9C,  0x0019, 0x0053, 0x004F, 0x0045,
  0xFFB7, 0x0008, 0x001B, 0xFF96,  0x00B9, 0xFF98, 0x002F, 0x0060,
  0xFFEC, 0xFFEB, 0xFFF5, 0xFF84,  0xFF75, 0x0059, 0xFFAB, 0x0048,
  0xFFF5, 0x0022, 0x0082, 0xFFF2,  0xFFDB, 0x0020, 0xFFAA, 0xFFD4,
  0xFFEF, 0xFFBA, 0x0075, 0xFFD5,  0xFFCC, 0xFFD5, 0xFFD1, 0x0001,
  0x0072, 0xFFDB, 0x0069, 0x0031,  0xFFCA, 0x004D, 0xFFA5, 0x0040,
  0xFFC2, 0xFFE7, 0xFFEF, 0x000C,  0x0003, 0xFFD5, 0x003A, 0xFFCD,
  0x0014, 0x0004, 0xFFF5, 0x0026,  0xFFDA, 0x005C, 0xFFFF, 0x0064,
  0x003B, 0xFF91, 0x0054, 0xFFBD,  0x003F, 0x0049, 0xFFEB, 0xFFEE,
  0xFFDC, 0xFF99, 0xFFD5, 0x0077,  0xFFFD, 0x000D, 0xFFF6, 0xFF80,
  0x0001, 0x0018, 0xFFF0, 0xFFD4,  0x0011, 0xFF79, 0xFFBF, 0x0033,
  0x0014, 0x0085, 0x002A, 0x0043,  0xFF76, 0x002D, 0xFFDA, 0xFFD2,
  0x007E, 0x0021, 0xFFFB, 0xFF54,  0xFFFE, 0xFF96, 0x0089, 0x0075,
  0xFFBE, 0xFFEA, 0x0064, 0x00A2,  0xFF7D, 0xFFC9, 0xFF91, 0x000A,
  0x007B, 0x0016, 0x0031, 0xFFB1,  0xFFE0, 0x0053, 0xFFBE, 0x0020,
  0xFFED, 0xFFDA, 0x000F, 0x0029,  0xFFAC, 0xFFB4, 0xFFD3, 0x0006,
  0xFFC0, 0x0007, 0xFFE1, 0xFFD6,  0x0092, 0xFFEE, 0x008E, 0xFFE9,
  0x0013, 0x000D, 0x0007, 0x0012,  0xFFF3, 0x0006, 0x002E, 0xFFB4,
  0x0036, 0xFFE8, 0x0016, 0x0025,  0xFFF4, 0xFFF6, 0x000D, 0x0041,
  0xFF9F, 0x0093, 0xFF9E, 0xFFB2,  0x0002, 0xFFDA, 0xFFD1, 0x001A,
  0xFFFD, 0xFF89, 0xFFF8, 0x0042,  0xFFD1, 0x0051, 0x0030, 0xFFB0,
  0x0040, 0xFFA5, 0x0023, 0x0075,  0xFFB4, 0xFFE9, 0x0014, 0xFFE4,
  0x0065, 0xFFF2, 0xFFE3, 0x001E,  0xFFC8, 0x0025, 0x0021, 0x0010,
  0xFFC9, 0xFFE9, 0x001A, 0xFFD1,  0x0062, 0xFFF0, 0xFFC9, 0x001A,
  0x004B, 0xFFE6, 0xFFF9, 0xFFDA,  0xFFD1, 0x005D, 0x0016, 0x002B,
  0xFFB0, 0xFFA5, 0xFFFB, 0x001A,  0x0070, 0xFFC7, 0xFFF6, 0xFFF6,
  0x0035, 0x0058, 0xFFD8, 0x003F,  0xFF53, 0x0020, 0x001D, 0x002F,
  0xFFC0, 0xFFA2, 0x0013, 0x0018,  0x0061, 0xFFF4, 0x0025, 0xFFB6,
  0x0057, 0xFF8D, 0x0023, 0x0005,  0xFFCD, 0x0055, 0xFFB9, 0xFFF0,
  0x0011, 0xFFD6, 0xFFE1, 0x0000,  0xFFC4, 0x0039, 0x0034, 0xFFED,
  0xFFE6, 0xFFDA, 0xFFCE, 0x001F,  0x002D, 0x00A0, 0xFFE0, 0x0017,
  0x0038, 0xFFD7, 0x004A, 0xFFE7,  0x0023, 0x0072, 0xFFAB, 0xFF8F,
  0xFFAB, 0xFFEE, 0x0015, 0xFFAA,  0x0044, 0xFFCC, 0x0014, 0xFFF1,
  0xFFED, 0xFFEC, 0x0016, 0x0024,  0xFFCC, 0x002D, 0xFF87, 0x0012,
  0xFFD8, 0x0056, 0x0008, 0x0014,  0xFF9B, 0xFFDB, 0x009F, 0xFFDF,
  0x0037, 0x0037, 0x0039, 0xFF9E,  0xFFF9, 0xFFC8, 0xFFEF, 0x0005,
  0xFFAE, 0x009D, 0xFFFB, 0x0037,  0xFFFF, 0xFF5C, 0x0018, 0xFFA9,
  0xFFD6, 0x0047, 0xFFC3, 0x0021,  0xFFCB, 0xFFDD, 0xFFD8, 0x0078,
  0xFFE4, 0x008D, 0x007A, 0xFFBE,  0x008D, 0xFF1B, 0x002D, 0x0008,
  0xFFBB, 0x003E, 0xFFE4, 0xFF14,  0x00D0, 0xFFEA, 0x0020, 0x0008,
  0xFFE4, 0x00A2, 0xFFBD, 0x008A,  0xFEFC, 0x00BA, 0xFFD8, 0xFF74,
  0x0075, 0xFFB4, 0xFF60, 0x00B3,  0x0005, 0xFFA4, 0x004C, 0xFF9D,
  0x00D7, 0xFFDA, 0xFFBE, 0x006A,  0xFF60, 0xFF98, 0x0068, 0xFFE2,
  0xFFFC, 0x0034, 0x007F, 0xFFFB,  0x0024, 0xFFD1, 0xFF85, 0x006B,
  0x0056, 0xFF5F, 0xFFCB, 0x0076,  0xFFFC, 0x0066, 0xFFEC, 0xFFC6,
  0x003B, 0xFFE4, 0x004A, 0x0077,  0x001C, 0x0015, 0xFF81, 0xFFA6,
  0x0046, 0xFFBF, 0x003D, 0xFFE1,  0xFFBA, 0x0031, 0xFFA3, 0x0010,
  0x0042, 0x004A, 0xFFDC, 0xFFEC,  0xFF8C, 0x0035, 0x0038, 0xFFE5,
  0xFFEB, 0xFFD7, 0x0061, 0x0010,  0xFFAA, 0xFFBA, 0x0019, 0x0069,
  0x00B9, 0x0069, 0xFF89, 0xFFE5,  0xFFB1, 0xFF9F, 0x006B, 0xFFB4,
  0x0072, 0x0006, 0x0003, 0x000C,  0xFF8C, 0x0008, 0xFF7E, 0xFFEB,
  0x0017, 0x002C, 0xFFCF, 0xFF5D,  0x000B, 0x0045, 0x0002, 0xFFF4,
  0x000B, 0x0020, 0x0076, 0x0060,  0x005A, 0xFF44, 0xFFD4, 0x009F,
  0xFF98, 0xFF9C, 0x0083, 0xFFEB,  0xFFB7, 0x0031, 0x005B, 0xFFDB,
  0xFFC2, 0x00B6, 0xFF47, 0x003E,  0x002A, 0x0073, 0xFF7F, 0x001F,
  0xFFDD, 0xFF74, 0x006B, 0xFFEE,  0xFFFD, 0xFF51, 0x00E3, 0xFF84,
  0x0038, 0x0034, 0xFF74, 0x015A,  0xFFA8, 0xFF27, 0x0032, 0x0006,
  0x0124, 0xFF96, 0x00C1, 0xFFA2,  0xFFC4, 0x0035, 0xFF74, 0x0084,
  0xFFFE, 0x002E, 0xFF37, 0x0070,  0xFF88, 0xFFEC, 0xFFA9, 0xFFB3,
  0x0077, 0xFFC6, 0x007B, 0x008F,  0xFFBE, 0x00A9, 0xFF09, 0x004F,
  0x00C4, 0xFEC9, 0x009D, 0xFF51,  0xFF9E, 0x004B, 0x001F, 0xFF56,
  0x001E, 0xFFE5, 0x0044, 0x00A2,  0x0004, 0xFF93, 0xFF95, 0x0033,
  0x000E, 0x0086, 0x0013, 0xFF94,  0xFF4F, 0x0007, 0x00BA, 0xFF8E,
  0xFFB9, 0x007F, 0x001F, 0xFFF4,  0x0016, 0x0001, 0xFFD8, 0x0062,
  0x0018, 0x0073, 0xFFF6, 0x0046,  0xFED4, 0xFF43, 0xFF7A, 0x0059,
  0x00E8, 0xFFBD, 0x00A1, 0xFFD6,  0x0026, 0xFFF8, 0xFE99, 0xFE70,
  0x0099, 0xFFFF, 0x013B, 0x007A,  0x0084, 0x002B, 0xFFDD, 0x0012,
  0xFFF8, 0x011A, 0x0072, 0x005D,  0xFF62, 0xFF0E, 0xFEE7, 0x0016,
  0x002B, 0x01CC, 0x007B, 0xFF17,  0x001F, 0xFF8A, 0xFF55, 0x00E0,
  0x0096, 0xFFD3, 0xFF9D, 0xFEE3,  0x0052, 0x003F, 0x00A7, 0x0183,
  0x0006, 0xFEE9, 0xFEF2, 0xFF40,  0xFF09, 0x0030, 0x0008, 0x003A,
  0x014C, 0x015E, 0x007F, 0xFF85,  0xFF52, 0xFE65, 0x013B, 0x00E7,
  0xFFF7, 0xFED0, 0xFF58, 0x0050,  0xFFD6, 0xFF91, 0xFFB2, 0x00CD,
  0x0181, 0x0000, 0xFE73, 0x00EB,  0xFFE4, 0x003A, 0xFFF4, 0xFEEE,
  0xFEFF, 0x00A9, 0x0193, 0x0175,  0xFF53, 0xFEE7, 0xFF47, 0x0022,
  0x01DC, 0x0099, 0x018D, 0xFF9A,  0xFFEF, 0xFEF2, 0xFEB8, 0x00AA,
  0xFEF8, 0x0154, 0x0135, 0x00FD,  0x0087, 0xFDFD, 0xFD9E, 0xFE89,
  0xFF8B, 0x0001, 0x0112, 0xFFDE,  0x01A2, 0xFFBC, 0x0011, 0xFF8B,
  0xFFDF, 0x0074, 0xFE89, 0x003B,  0xFF0A, 0x00CC, 0x0023, 0xFF9D,
  0x0006, 0x0103, 0x019D, 0x00ED,  0xFF6B, 0xFEFD, 0xFFF5, 0x0108,
  0xFEAC, 0xFEEC, 0xFF50, 0x0135,  0xFFF9, 0xFFD7, 0x019B, 0xFFA2,
  0xFF7F, 0xFFFF, 0x0051, 0xFDE5,  0x022D, 0xFF4A, 0x00EC, 0x0018,
  0xFEFF, 0xFFF9, 0xFE48, 0xFF67,  0x011F, 0x02D5, 0xFF93, 0x0065,
  0xFE47, 0x00DC, 0xFFD9, 0xFFE9,  0x0249, 0xFF81, 0x005E, 0xFE25,
  0xFF86, 0xFFEB, 0x006E, 0x007A,  0xFE46, 0x02F0, 0xFF73, 0x0078,
  0x010F, 0xFDE2, 0xFF5A, 0xFF5E,  0x0097, 0xFEFB, 0x0084, 0xFFB5,
  0xFFE2, 0x001F, 0x005C, 0xFFE0,  0x0039, 0x00BE, 0xFECA, 0x0153,
  0xFE9B, 0xFF2E, 0x0142, 0xFE6C,  0x00DA, 0x0003, 0x0057, 0x0081,
  0xFFC8, 0x0038, 0x00D3, 0x0056,  0xFEE8, 0x00B2, 0xFF84, 0x00A5,
  0x0037, 0x008A, 0xFF9A, 0xFFE9,  0x001B, 0xFED6, 0x00AC, 0xFFE9,
  0xFFF9, 0x0038, 0xFEA0, 0x019C,  0xFF4F, 0xFFC9, 0x0216, 0xFE2A,
  0x0157, 0xFF37, 0x0065, 0xFFB6,  0xFF15, 0xFEFC, 0x003D, 0x00E5,
  0xFEF6, 0x0082, 0xFF27, 0x00E5,  0xFF70, 0x005F, 0x003D, 0x0005,
  0xFFA8, 0x00B2, 0x0063, 0xFF81,  0xFF30, 0xFF16, 0x007C, 0x0103,
  0x004F, 0xFE93, 0x0175, 0xFFA9,  0x00B9, 0xFF7D, 0x0168, 0xFFD3,
  0x011C, 0x0073, 0x0020, 0x0068,  0xFE78, 0x00E5, 0xFEFB, 0x01AC,
  0xFEBA, 0x006D, 0xFFBB, 0xFF4D,  0xFF9F, 0xFF75, 0x0014, 0x0273,
  0xFF2C, 0x0099, 0x009E, 0xFE73,  0xFFC0, 0xFEF0, 0xFF3E, 0xFDE5,
  0x0175, 0xFDDF, 0x026F, 0x0186,  0xFFDB, 0x023E, 0xFE84, 0x010D,
  0xFFA9, 0xFF23, 0x01E7, 0xFF95,  0xFF22, 0xFED6, 0xFDB0, 0xFE89,
  0x0084, 0xFED6, 0x01FC, 0xFF9B,  0xFF05, 0x0205, 0x00E6, 0x0030,
  0xFEAC, 0x007C, 0xFD24, 0x01D8,  0xFE2C, 0xFDFE, 0x01C5, 0xFD3D,
  0x0332, 0x0109, 0xFECB, 0x02BF,  0x0109, 0x02B2, 0x0173, 0xFC9D,
  0xFE8D, 0xFD86, 0xFF5D, 0x030F,  0xFFDF, 0x011D, 0xFD0D, 0xFE30,
  0x006E, 0x00B0, 0x047B, 0x0166,  0x021D, 0x00BA, 0xFF7D, 0x02B4,
  0x001D, 0xFF61, 0x00A4, 0xFEFE,  0x0058, 0xFE9C, 0xFE29, 0xFEC4,
  0xFEB9, 0xFCBA, 0xFBFB, 0xFC36,  0xFF22, 0x0087, 0xFE85, 0x0140,
  0xFF6C, 0x0104, 0xFEB5, 0xFD2C,  0xFDF1, 0xFE49, 0x0162, 0xFD3E,
  0x0080, 0x037E, 0x04F7, 0x0489,  0x0392, 0x0383, 0x0434, 0x078F,
  0x05BF, 0x03B1, 0x009D, 0xFD72,  0xFB21, 0xFBCE, 0xFDA3, 0x0003,
  0xFFCE, 0xFE7D, 0xFA96, 0xFBFA,  0xFE75, 0xFE1A, 0xFF13, 0xFDEB,
  0x00B6, 0xFED2, 0xFE16, 0x0097,  0xFE4F, 0xFF73, 0xFF5B, 0xFFB4,
  0x01DD, 0x00B9, 0x006F, 0x0030,  0xFDEE, 0x0144, 0x028C, 0x045D,
  0x019D, 0xFDC8, 0xFFE6, 0xFE4D,  0xFFF1, 0xFD8D, 0x018C, 0x00DD,
  0x0019, 0xFD80, 0xFC6B, 0x0079,  0x0123, 0x0092, 0x00A9, 0xFF6D,
  0xFEF9, 0xFF97, 0xFF29, 0x0464,  0x0142, 0x003A, 0x00E2, 0xFEEB,
  0xFEE4, 0x0234, 0x01CA, 0x00A2,  0xFD33, 0xFF8B, 0x0098, 0x0253,
  0xFE95, 0xFDDA, 0x0218, 0xFD56,  0x00F8, 0x0218, 0x00C2, 0xFF20,
  0xFE31, 0xFFF7, 0x03F7, 0x018C,  0xFFCB, 0x00BF, 0x0040, 0xFF17,
  0x0340, 0x00C4, 0x00FF, 0x0226,  0x006B, 0x0225, 0xFC70, 0x00BC,
  0x0073, 0xFDE8, 0x0023, 0xFFFC,  0xFFAF, 0xFE6C, 0xFF15, 0xFFEC,
  0x0075, 0x0249, 0x0315, 0x0140,  0xFF28, 0xFE0F, 0x02DE, 0xFB5A,
  0xFCA9, 0xFEE8, 0xFCEE, 0x0392,  0xFEE7, 0x016D, 0xFDAA, 0xFED5,
  0x0152, 0x00A8, 0x01F6, 0x01F7,  0x04DB, 0xFFBB, 0xFF53, 0x027E,
  0xFE37, 0xFDBD, 0xFDAC, 0xFF82,  0x032E, 0x01BA, 0x02B5, 0xFF13,
  0xFD97, 0xFE16, 0xFD3E, 0xFE26,  0xFD80, 0xFCEC, 0xFED5, 0xFCDC,
  0xFDD3, 0xFD2B, 0xFC9B, 0xFF8A,  0x01CA, 0x06C4, 0x0848, 0x07D9,
  0x0747, 0x06E5, 0x022D, 0xFE56,  0xFB05, 0xF9BB, 0xFDD8, 0xFDCB,
  0xFE9E, 0xFF35, 0xFE0B, 0x0059,  0x00D3, 0x0270, 0x0210, 0x0443,
  0x03EF, 0x019D, 0xFFA0, 0xFCBE,  0xFDA0, 0xFC5D, 0xFE24, 0xFFFC,
  0x004F, 0xFE68, 0xFE82, 0xFBAD,  0xFDFB, 0xFEB3, 0xFDF1, 0x0046,
  0x0154, 0x0541, 0x0597, 0x0278,  0xFEBD, 0xFEF4, 0xFE1D, 0x01D0,
  0xFE3C, 0xFCFF, 0xFDB1, 0xFEF1,  0x0007, 0xFEAA, 0xFD47, 0xFF32,
  0x02AC, 0x0089, 0x00E7, 0x029B,  0x02BD, 0x02D1, 0x03EB, 0x003C,
  0x01F4, 0x0013, 0x0296, 0x022C,  0x00A9, 0x0265, 0x017A, 0x010C,
  0x008E, 0x0093, 0x0195, 0x03DB,  0x024F, 0x02C1, 0x0271, 0x0363,
  0x0256, 0x02BF, 0x0210, 0x0257,  0x0202, 0x0235, 0x0141, 0x005D,
  0x00FC, 0x0005, 0x0039, 0xFE05,  0xFE51, 0xFD32, 0xFDFC, 0xFE7D,
  0xFE05, 0xFEA7, 0xFC8E, 0xFB2F,  0xFB52, 0xFAE3, 0xF99E, 0xF99F,
  0xF9ED, 0xFB50, 0xFBF4, 0xFCD3,  0xFBB6, 0xFB9D, 0xFCB6, 0xFB02,
  0xFB69, 0xFB44, 0xFD56, 0x000E,  0xFF57, 0xFF3B, 0xFF00, 0xFDE2,
  0x00CF, 0xFFFE, 0x01D3, 0x02AD,  0x0369, 0x0494, 0x047D, 0x0534,
  0x0379, 0x02E7, 0x02E0, 0x0431,  0x050E, 0x082D, 0x088F, 0x0A59,
  0x0889, 0x07FC, 0x0748, 0x0784,  0x06FF, 0x0980, 0x0AB4, 0x09F6,
  0x07CA, 0x052C, 0x057F, 0x039C,  0x0474, 0x0225, 0xFFEF, 0xFE19,
  0xFF14, 0xFBF4, 0xF813, 0xF0BC,  0xECC8, 0xED02, 0xEE39, 0xEE86,
  0xEDCF, 0xEA59, 0xE853, 0xE730,  0xE4F0, 0xE36F, 0xE212, 0xE44D,
  0xE5EE, 0xE9DB, 0xEC35, 0xED6D,  0xEF41, 0xF139, 0xF583, 0xFCFD,
  0x0120, 0x07A6, 0x0AD3, 0x106F,  0x15BB, 0x1900, 0x1AFD, 0x1D25,
  0x1E0B, 0x20FB, 0x2334, 0x22C4,  0x2098, 0x1DA7, 0x1C92, 0x1B30,
  0x1B1E, 0x186A, 0x1802, 0x1693,  0x18DC, 0x16DB, 0x1483, 0x1066,
  0x1080, 0x103A, 0x0E64, 0x0C0A,  0x0883, 0x0335, 0x001A, 0xFCAE,
  0xF4FE, 0xEF1B, 0xEBD4, 0xE761,  0xE5D4, 0xE20B, 0xDC46, 0xD78D,
  0xD1AC, 0xCF12, 0xC63D, 0xC5D5,  0xBE49, 0xC00F, 0xBE2E, 0xC1A3,
  0xC599, 0xD1AB, 0xDE1F, 0xEC0E,  0x0192, 0x0919, 0x127F, 0x14F9,
  0x2504, 0x28B2, 0x2F97, 0x3388,  0x36CE, 0x38E8, 0x356E, 0x3240,
  0x24FB, 0x1BBA, 0x1589, 0x16C8,  0x14FC, 0x13D5, 0x1168, 0x12AD,
  0x124B, 0x1044, 0x0D27, 0x07D8,  0x0A25, 0x0FD8, 0x1679, 0x170D,
  0x17D1, 0x16ED, 0x16A5, 0x150D,  0x12E9, 0x0CF8, 0x0A80, 0x0637,
  0x03B3, 0xFFFF, 0xF82E, 0xEEB2,  0xE6A2, 0xE175, 0xDA33, 0xD4CB,
  0xCB64, 0xC904, 0xC3FF, 0xC324,  0xBCCF, 0xBD46, 0xB9AE, 0xBB63,
  0xBD4E, 0xC927, 0xCFCB, 0xDAE0,  0xF07A, 0x0333, 0x1178, 0x12D7,
  0x22B6, 0x253C, 0x3017, 0x3156,  0x39B5, 0x3676, 0x3585, 0x352D,
  0x2AEF, 0x1F27, 0x114D, 0x0CEE,  0x05A4, 0x051C, 0xFE64, 0x0248,
  0x01E4, 0x04CE, 0x0880, 0x09CD,  0x0B22, 0x10F0, 0x1B42, 0x2134,
  0x2706, 0x2627, 0x263B, 0x2487,  0x2246, 0x1C50, 0x1727, 0x11D7,
  0x0DD9, 0x0C28, 0x0625, 0xFC95,  0xF15D, 0xE7D6, 0xDF30, 0xD85E,
  0xD236, 0xCEF9, 0xC9A9, 0xC6AE,  0xC2AD, 0xC208, 0xBE8F, 0xBE56,
  0xBF3C, 0xC5B6, 0xC905, 0xCF22,  0xD766, 0xE07A, 0xEBF4, 0xFC90,
  0x125D, 0x16AB, 0x20C1, 0x2378,  0x31A6, 0x3142, 0x3151, 0x3037,
  0x2CDA, 0x2F0F, 0x2AD4, 0x23D3,  0x10E4, 0x058B, 0xFB0A, 0xF6A8,
  0xF25C, 0xF2B1, 0xF76A, 0x005B,  0x08C4, 0x0F72, 0x1470, 0x1823,
  0x2107, 0x2928, 0x2EA2, 0x30EE,  0x2F87, 0x2D50, 0x27AF, 0x1F3C,
  0x138E, 0x0C5E, 0x0535, 0x0356,  0xFE6F, 0xF6FF, 0xEE17, 0xE6BA,
  0xE140, 0xDCDB, 0xD3EC, 0xCA66,  0xC7AB, 0xC83A, 0xCD2D, 0xCB86,
  0xC8E8, 0xC4CF, 0xC669, 0xC3FC,  0xC922, 0xC910, 0xD157, 0xD88E,
  0xEA94, 0xF573, 0x0755, 0x17C8,  0x1B43, 0x23F6, 0x2557, 0x2E60,
  0x2C94, 0x34CA, 0x3054, 0x332D,  0x2AAD, 0x24AC, 0x18AB, 0x0ABE,
  0xFE4E, 0xF534, 0xF2C5, 0xEF76,  0xF72A, 0xF982, 0x0689, 0x08E7,
  0x12BD, 0x17DE, 0x1D98, 0x270D,  0x319D, 0x34FE, 0x3377, 0x320B,
  0x2962, 0x249A, 0x194F, 0x0CC6,  0xFF89, 0xF7A4, 0xF602, 0xF9C4,
  0xF6B7, 0xF2A3, 0xEC2E, 0xE3F4,  0xDE0C, 0xD8F7, 0xD72D, 0xD4EA,
  0xD4C0, 0xCF86, 0xCD22, 0xC812,  0xC975, 0xC9C2, 0xCDED, 0xCEAA,
  0xD14A, 0xD4ED, 0xDBFA, 0xE5DB,  0xEC4D, 0xFD70, 0x08E9, 0x1519,
  0x1BEB, 0x25BF, 0x2904, 0x3068,  0x2DE4, 0x2ECD, 0x2D9D, 0x2773,
  0x1FF0, 0x1343, 0x0A64, 0xFFD2,  0xFAC6, 0xF34C, 0xF3BC, 0xF4FC,
  0xFC17, 0x020E, 0x0A78, 0x127C,  0x1B35, 0x2079, 0x29A3, 0x2FC3,
  0x3296, 0x34A4, 0x31CF, 0x2C60,  0x2050, 0x1769, 0x0CAB, 0x0664,
  0xFCFF, 0xF46A, 0xF1A3, 0xF06F,  0xEDA7, 0xE8E1, 0xE21D, 0xDA8E,
  0xDA98, 0xD962, 0xD7CD, 0xD361,  0xCEAC, 0xCD4C, 0xC978, 0xC98F,
  0xC6C2, 0xCAAE, 0xCF77, 0xD982,  0xDD19, 0xE51A, 0xEB5E, 0xFA7C,
  0x11F0, 0x1506, 0x17EA, 0x15A2,  0x2842, 0x29D9, 0x2734, 0x24ED,
  0x2078, 0x26C9, 0x21EE, 0x1A35,  0x0917, 0xFD8B, 0xF771, 0xF5BA,
  0xF4B2, 0xF1B3, 0xFAF9, 0x08E3,  0x1315, 0x18E7, 0x1A17, 0x1DCA,
  0x254B, 0x2DAD, 0x2FE4, 0x2FD7,  0x2D6D, 0x2D45, 0x27B7, 0x1E5D,
  0x0F47, 0x0228, 0xF8F1, 0xF3F5,  0xF468, 0xF247, 0xF0AF, 0xEDF8,
  0xED54, 0xE8CC, 0xE2E1, 0xDAEB,  0xD70D, 0xD8BB, 0xDD31, 0xDF4B,
  0xDE84, 0xDB1D, 0xD8B6, 0xD212,  0xD25B, 0xCDC5, 0xCF80, 0xD1AE,
  0xD97A, 0xE455, 0xEDFC, 0xFE75,  0x0256, 0x0990, 0x0C91, 0x17FD,
  0x1DEF, 0x27E4, 0x2D31, 0x2FAB,  0x28A7, 0x24CA, 0x2065, 0x1464,
  0x0B08, 0xFF37, 0xFDE6, 0xFB6C,  0xFE72, 0xFE57, 0x011B, 0x03D0,
  0x0A1C, 0x12BA, 0x1875, 0x1EB0,  0x22B0, 0x27DE, 0x2BB8, 0x2A20,
  0x25BB, 0x2005, 0x1C6B, 0x16D4,  0x12B3, 0x0BC7, 0x0412, 0xFE17,
  0xF848, 0xF34A, 0xEC8D, 0xE67A,  0xE36A, 0xE147, 0xDDE6, 0xDBA3,
  0xD743, 0xD454, 0xD4C4, 0xD5CD,  0xD4A6, 0xD3FA, 0xD276, 0xCFD0,
  0xCED2, 0xCE9F, 0xCF2A, 0xD7A4,  0xDD61, 0xF25A, 0x07A5, 0x1498,
  0x1889, 0x1668, 0x224F, 0x2217,  0x2A1B, 0x29B6, 0x2570, 0x29B7,
  0x2676, 0x232A, 0x1163, 0x0135,  0xF39D, 0xF0B4, 0xF514, 0xF4C3,
  0xFDA1, 0x050C, 0x1086, 0x18F5,  0x1DEE, 0x1CFD, 0x1C7C, 0x2536,
  0x2CFA, 0x3224, 0x2E3C, 0x278E,  0x1F99, 0x1863, 0x0D9F, 0x03D1,
  0xFBD2, 0xF809, 0xFA38, 0xFB5C,  0xF718, 0xEE4E, 0xEA84, 0xE694,
  0xE680, 0xE3A3, 0xE1B6, 0xDCE9,  0xDAEF, 0xDB7D, 0xD6EC, 0xD46E,
  0xCF77, 0xD117, 0xD216, 0xD304,  0xD163, 0xD09A, 0xD440, 0xDF00,
  0xEB08, 0xFB2F, 0x0AAD, 0x1151,  0x19B5, 0x1B1E, 0x216E, 0x223D,
  0x24EA, 0x2777, 0x23D2, 0x2747,  0x21B9, 0x1996, 0x0C9C, 0xFF6B,
  0xF645, 0xF279, 0xF6B1, 0xF9E4,  0x03DE, 0x0B03, 0x1367, 0x1B19,
  0x1CE5, 0x1EDC, 0x2094, 0x2755,  0x2AEC, 0x2D6E, 0x2962, 0x240F,
  0x1C92, 0x13DB, 0x0AA0, 0xFFAA,  0xFC10, 0xFA83, 0xFC7E, 0xFC59,
  0xF797, 0xF033, 0xEB88, 0xE57D,  0xDF55, 0xDD43, 0xDDF5, 0xDD4B,
  0xE083, 0xDDF2, 0xDB0C, 0xD66A,  0xD32B, 0xD1F3, 0xD107, 0xCE03,
  0xCC36, 0xCEAF, 0xCF3D, 0xDD97,  0xE612, 0xFDA9, 0x105A, 0x1D4C,
  0x1E6C, 0x21FC, 0x2A12, 0x271E,  0x2D90, 0x25E4, 0x2417, 0x249F,
  0x1F7E, 0x1577, 0x05A3, 0xF61F,  0xEC40, 0xEEF5, 0xF465, 0xF9C1,
  0x063F, 0x11E5, 0x1EB7, 0x24E0,  0x2560, 0x2257, 0x21DF, 0x27F6,
  0x2BE9, 0x2A58, 0x261B, 0x1DDC,  0x1424, 0x0DD3, 0x01AD, 0xF9A2,
  0xF401, 0xF568, 0xFBBF, 0xFEB0,  0xF824, 0xF083, 0xED6F, 0xE8B5,
  0xE8D4, 0xE480, 0xE1D1, 0xDE4B,  0xDE58, 0xDBB1, 0xD596, 0xD080,
  0xC8A8, 0xCBB8, 0xCAA0, 0xCDED,  0xCB86, 0xCD26, 0xD439, 0xE243,
  0xF172, 0x01D0, 0x171D, 0x1E83,  0x29E1, 0x2B80, 0x2E22, 0x29E9,
  0x2828, 0x27B6, 0x1FD7, 0x1D7B,  0x11E8, 0x08D7, 0xFBE2, 0xF24E,
  0xECBA, 0xEC80, 0xF408, 0xFCB3,  0x0BF9, 0x16C3, 0x2094, 0x26AD,
  0x2E82, 0x2D87, 0x2BCB, 0x2CBC,  0x2ABA, 0x2602, 0x1C22, 0x1473,
  0x0D4D, 0x0806, 0x0058, 0xFD68,  0xFBE9, 0xFB36, 0xFA60, 0xF9C9,
  0xF7E0, 0xF427, 0xF2F5, 0xF367,  0xF27C, 0xECF1, 0xE41E, 0xDA18,
  0xD31A, 0xCE1C, 0xCDAB, 0xCBF4,  0xCCD7, 0xD269, 0xD04D, 0xCE05,
  0xC94A, 0xCFEA, 0xD510, 0xE194,  0xEBCD, 0x0017, 0x1ACE, 0x247B,
  0x2996, 0x22B3, 0x2AE0, 0x2250,  0x299B, 0x2516, 0x1AC9, 0x1F50,
  0x1568, 0x107E, 0xFD7C, 0xEF02,  0xE1A2, 0xEAC1, 0xF3D3, 0xF89A,
  0x0A2E, 0x1483, 0x26D2, 0x2D0F,  0x2F32, 0x2B79, 0x267E, 0x2A95,
  0x2DA0, 0x2D7B, 0x20BA, 0x177F,  0x0CC2, 0x074C, 0xFFD3, 0xF86C,
  0xF537, 0xF663, 0xFBB6, 0xFE37,  0xFEFC, 0xF6C7, 0xF695, 0xF5B1,
  0xF00D, 0xEA03, 0xE3A6, 0xE009,  0xDC75, 0xDAD8, 0xD82F, 0xD771,
  0xD846, 0xD845, 0xD9E4, 0xD64E,  0xD6F2, 0xD4BB, 0xD653, 0xD882,
  0xDCA8, 0xE831, 0xF319, 0x02CF,  0x0E1B, 0x18B9, 0x1AE6, 0x2068,
  0x2153, 0x2131, 0x2482, 0x25E9,  0x22FC, 0x1C72, 0x1763, 0x0C79,
  0x0305, 0xF838, 0xF3EA, 0xF37E,  0xFB00, 0x0225, 0x0ADC, 0x12BC,
  0x18A8, 0x2206, 0x2576, 0x2823,  0x274F, 0x28F1, 0x2A20, 0x273B,
  0x2060, 0x157E, 0x0EB8, 0x0689,  0x00FA, 0xFE24, 0xFB56, 0xFC59,
  0xFC18, 0xFF6E, 0xFBA9, 0xF64D,  0xED36, 0xE9DC, 0xE88E, 0xE93A,
  0xEABD, 0xE508, 0xDEB0, 0xDA3A,  0xD7C6, 0xD3C4, 0xD50B, 0xD405,
  0xD84C, 0xD6AB, 0xD343, 0xCDD9,  0xCC99, 0xCDF6, 0xD8DC, 0xE566,
  0xFC69, 0x1203, 0x21A8, 0x25CB,  0x2498, 0x257C, 0x1DCE, 0x23FA,
  0x1EA8, 0x221C, 0x1D92, 0x1ECF,  0x125C, 0x04D4, 0xF767, 0xED1A,
  0xEDEA, 0xEF4C, 0xFC98, 0x0659,  0x1747, 0x1EAF, 0x28D4, 0x27C1,
  0x2A0F, 0x28CD, 0x2B43, 0x2CD2,  0x2826, 0x2265, 0x1905, 0x113C,
  0x07B4, 0x018F, 0xFBCA, 0xFC5C,  0xFBF9, 0xFF94, 0x004A, 0xFD98,
  0xF919, 0xF926, 0xF736, 0xF4DB,  0xED3B, 0xE90A, 0xE5C2, 0xE24A,
  0xDDB2, 0xD50B, 0xD218, 0xCEC1,  0xD360, 0xD33A, 0xD654, 0xD58D,
  0xD75F, 0xD69D, 0xD69F, 0xDBC4,  0xDF2E, 0xED2A, 0xF68D, 0x0E54,
  0x1AAF, 0x1C38, 0x2063, 0x209C,  0x2323, 0x1E7D, 0x1CA7, 0x183A,
  0x178E, 0x14E4, 0x10E8, 0x0704,  0xFA2B, 0xF715, 0xF541, 0xF87A,
  0xFE45, 0x05F8, 0x1152, 0x1D76,  0x2339, 0x2722, 0x26B2, 0x26F3,
  0x285B, 0x29C2, 0x28E5, 0x221A,  0x1B82, 0x1062, 0x08F5, 0x0161,
  0xFC84, 0xF771, 0xF95E, 0xFFAA,  0x05D9, 0x09A3, 0x00B7, 0xFBB4,
  0xF95A, 0xF961, 0xF4A0, 0xECCE,  0xE89D, 0xE536, 0xE549, 0xDC62,
  0xD38B, 0xCAAE, 0xCD0C, 0xD186,  0xD284, 0xD6E7, 0xD7EB, 0xDA25,
  0xD44B, 0xD9F8, 0xD8A2, 0xE31B,  0xE771, 0xF5C0, 0x0CA0, 0x1B36,
  0x1FA5, 0x1AFF, 0x252E, 0x1CFA,  0x229F, 0x1A8D, 0x14FD, 0x1561,
  0x154E, 0x1047, 0x055D, 0xFB13,  0xEFB2, 0xF5FE, 0xF771, 0xFE14,
  0x0458, 0x1158, 0x2100, 0x2AA2,  0x2AA4, 0x2983, 0x2AD0, 0x2CB9,
  0x2DC6, 0x279C, 0x1F1B, 0x1904,  0x1667, 0x0CBB, 0x00B3, 0xF571,
  0xF57C, 0xF880, 0xFACE, 0xFCD8,  0x0060, 0x01D1, 0x009B, 0x0151,
  0xFD30, 0xFA65, 0xF470, 0xF1E1,  0xECDF, 0xE7FF, 0xDF77, 0xD85C,
  0xD52C, 0xD2B0, 0xD4FA, 0xD4F7,  0xD772, 0xD7A3, 0xD9FA, 0xD82F,
  0xD56E, 0xD4AD, 0xD8BC, 0xDF9F,  0xE5E5, 0xF57D, 0x078B, 0x16CF,
  0x1AD4, 0x1AA0, 0x1F84, 0x1C3A,  0x1D1C, 0x1BFD, 0x1800, 0x15BD,
  0x1305, 0x0E2F, 0x04F6, 0xFE9D,  0xF758, 0xF9DC, 0xFD56, 0x01CA,
  0x0995, 0x134C, 0x1D74, 0x24EF,  0x286D, 0x2D07, 0x2ED7, 0x2C8F,
  0x2A04, 0x232D, 0x1B1D, 0x139B,  0x0AC3, 0x026D, 0x0313, 0x0356,
  0x0493, 0x032F, 0xFDDD, 0xFA6F,  0xF9B2, 0xFDB6, 0xFF9B, 0x04FA,
  0x0900, 0x0DBE, 0x0A99, 0xFB56,  0xE9C9, 0xD95E, 0xD204, 0xD382,
  0xD6F7, 0xD571, 0xD692, 0xD3C5,  0xD6FE, 0xD7AA, 0xD66A, 0xD5FA,
  0xD930, 0xDAC2, 0xDFE8, 0xE168,  0xE2EF, 0xE9E8, 0xF305, 0x0131,
  0x0744, 0x0D7C, 0x0D9E, 0x148E,  0x12F1, 0x177C, 0x1A8E, 0x192B,
  0x1B1F, 0x1CDE, 0x1D14, 0x199B,  0x0DF5, 0x0353, 0xFE4B, 0xFC10,
  0x0179, 0x06BB, 0x0FF5, 0x17A6,  0x21DA, 0x245C, 0x238D, 0x1F0F,
  0x1F0A, 0x210F, 0x2496, 0x247D,  0x1F1F, 0x1810, 0x12D0, 0x0D3D,
  0x04C6, 0xFEAE, 0xFBF2, 0xFCE1,  0xFF70, 0x031E, 0x0145, 0x0262,
  0x0149, 0x0381, 0x00BD, 0xF938,  0xEDD8, 0xE9A6, 0xE7D8, 0xE3C3,
  0xDCDF, 0xD451, 0xD1E0, 0xD161,  0xD62B, 0xD7A6, 0xDA1C, 0xD939,
  0xDD13, 0xDB95, 0xD98B, 0xD3EE,  0xD034, 0xD4D4, 0xDC89, 0xEA67,
  0xFD92, 0x09A3, 0x1081, 0x1534,  0x1AAF, 0x1D24, 0x1BAB, 0x1DA8,
  0x1AFB, 0x213E, 0x20EC, 0x20D9,  0x1261, 0x0BCD, 0x0356, 0xFF24,
  0xFCF4, 0xFB9B, 0x0498, 0x0D37,  0x1A8F, 0x1D8C, 0x258A, 0x2185,
  0x24F2, 0x2420, 0x26CC, 0x25C3,  0x2264, 0x1CF2, 0x15E5, 0x10AA,
  0x0867, 0x0443, 0x0079, 0x0059,  0xFF85, 0x001F, 0xFDA2, 0xFD5C,
  0xFD3B, 0x0174, 0x02A9, 0x04F7,  0x00B4, 0xFE03, 0xF63F, 0xECDD,
  0xE360, 0xDC42, 0xD8B4, 0xD372,  0xD4EB, 0xD545, 0xDACC, 0xDC9E,
  0xDC42, 0xD9E9, 0xD4D0, 0xD214,  0xCCB2, 0xCB0A, 0xCA38, 0xD3F5,
  0xDD8A, 0xEB40, 0xFE55, 0x0C00,  0x18C3, 0x181D, 0x2403, 0x258C,
  0x29E6, 0x284D, 0x2605, 0x2352,  0x1D96, 0x18B0, 0x0B7C, 0x0547,
  0xFA09, 0xF9FB, 0xF8ED, 0xFF8A,  0x04D9, 0x0EA7, 0x1974, 0x229B,
  0x2651, 0x2A3E, 0x2AB3, 0x28AD,  0x2698, 0x2087, 0x1C35, 0x1353,
  0x111A, 0x0945, 0x05C2, 0x0366,  0x07B5, 0x03CD, 0xFFA2, 0xFF1B,
  0x0001, 0x0352, 0x014C, 0xFECA,  0xFCC0, 0xFFBF, 0x02F8, 0x029B,
  0xF9AF, 0xF041, 0xE756, 0xE10D,  0xDC45, 0xDA95, 0xDB74, 0xDC60,
  0xDDFF, 0xDC8B, 0xD893, 0xD1A0,  0xCE95, 0xD045, 0xD0AB, 0xCF04,
  0xCDC0, 0xD431, 0xDDC2, 0xE7E4,  0xE9B1, 0xF97A, 0x0C04, 0x1AD6,
  0x1F18, 0x229E, 0x2CCA, 0x2B48,  0x2F29, 0x261D, 0x209A, 0x17EE,
  0x126A, 0x0A90, 0x0311, 0xFD26,  0xF6FA, 0xFD6A, 0x00D5, 0x05B5,
  0x0CC5, 0x18A7, 0x2020, 0x2563,  0x2834, 0x29AB, 0x2A1E, 0x286D,
  0x25DE, 0x2019, 0x18DF, 0x117C,  0x0A57, 0x0184, 0xF9A9, 0xF7EA,
  0xF877, 0xFA9B, 0xFD06, 0x0115,  0x057F, 0x054A, 0x0384, 0x0169,
  0x028E, 0x028D, 0x0428, 0x02AC,  0xFB74, 0xF274, 0xE7C0, 0xDEB5,
  0xD7A5, 0xD53D, 0xD911, 0xD964,  0xDD92, 0xDAE5, 0xD6C5, 0xD629,
  0xD2C1, 0xD599, 0xD124, 0xD60B,  0xD436, 0xD97C, 0xDAFC, 0xE3C5,
  0xE8AA, 0xEE9F, 0x0038, 0x1024,  0x2439, 0x1E87, 0x2A32, 0x2E5F,
  0x34A1, 0x2DAD, 0x2321, 0x1BFD,  0x14B1, 0x11B8, 0x0645, 0x019E,
  0xF7FB, 0xF9A3, 0xFCEF, 0x04CF,  0x0984, 0x114E, 0x1AA1, 0x24C4,
  0x27A7, 0x29B4, 0x29DE, 0x2664,  0x2328, 0x1DA2, 0x1915, 0x11F8,
  0x0EC9, 0x0791, 0xFFA9, 0xF61C,  0xF49E, 0xF46B, 0xF7AF, 0xFC37,
  0x01EB, 0x06DD, 0x0B27, 0x0BF6,  0x0744, 0x0264, 0xFD5C, 0xFB71,
  0xF791, 0xF542, 0xF0A4, 0xEC66,  0xE690, 0xE0FE, 0xDBE9, 0xDB89,
  0xDEFB, 0xE1F9, 0xDF4A, 0xDC0A,  0xD910, 0xDB43, 0xD97C, 0xD377,
  0xD04D, 0xCF64, 0xCF26, 0xCFA1,  0xD49A, 0xDDE9, 0xEA63, 0xFCB6,
  0x16E1, 0x2343, 0x2BB4, 0x2BD4,  0x3841, 0x35D2, 0x2C9D, 0x24FD,
  0x1EAE, 0x1D55, 0x129E, 0x0CB0,  0xFDAE, 0xF74E, 0xEF82, 0xF72A,
  0xFD28, 0x020E, 0x0BBC, 0x195D,  0x2582, 0x2871, 0x2A44, 0x2917,
  0x2A5D, 0x26F6, 0x248F, 0x1E06,  0x14BC, 0x0BF9, 0x063F, 0x002A,
  0xF688, 0xEFE1, 0xF16B, 0xF657,  0xFBB4, 0xFF6C, 0x022E, 0x062B,
  0x0A1D, 0x0909, 0x09E5, 0x0639,  0x0449, 0x0277, 0xFF20, 0xF559,
  0xEB88, 0xE805, 0xE615, 0xE60E,  0xE0E6, 0xE2D6, 0xE260, 0xE203,
  0xDD24, 0xD63C, 0xD212, 0xD3DB,  0xD534, 0xD61C, 0xD425, 0xD4F5,
  0xD59F, 0xD6AB, 0xD814, 0xE04D,  0xE93E, 0xF5ED, 0x0A30, 0x220E,
  0x31EA, 0x2A8E, 0x2FBB, 0x2949,  0x2A0C, 0x1FC8, 0x16D5, 0x14FF,
  0x1100, 0x0CC0, 0x06B6, 0x01A5,  0xF53E, 0xF815, 0xF98D, 0x0319,
  0x09E2, 0x1446, 0x20A5, 0x2AD2,  0x29CB, 0x274C, 0x22EE, 0x1F64,
  0x1F94, 0x1EAC, 0x1D59, 0x13CF,  0x0C52, 0x03E9, 0xFE37, 0xF3B6,
  0xED73, 0xECED, 0xF441, 0xFCE4,  0x0779, 0x0B82, 0x0996, 0x090D,
  0x0981, 0x078E, 0x0646, 0x0486,  0x037B, 0x0673, 0x03B2, 0xFE71,
  0xF4DC, 0xEF5B, 0xE811, 0xE28C,  0xDA14, 0xD9DA, 0xDD94, 0xE44D,
  0xE5BF, 0xE0FB, 0xD99C, 0xD13A,  0xD264, 0xD283, 0xD7D2, 0xD732,
  0xDA52, 0xDB85, 0xE134, 0xE432,  0xE56E, 0xE90B, 0xEE18, 0x03C3,
  0x16E3, 0x23BE, 0x239B, 0x2586,  0x2632, 0x23B1, 0x22A7, 0x173C,
  0x12E9, 0x0E41, 0x0DF1, 0x0CD2,  0x023F, 0xFBE5, 0xF9A9, 0xFF86,
  0x05B2, 0x0AD9, 0x1135, 0x1AFE,  0x234A, 0x2765, 0x26BD, 0x2389,
  0x2137, 0x22D3, 0x2324, 0x1F77,  0x170E, 0x0E2B, 0x07C0, 0x01BB,
  0xFB1E, 0xF5ED, 0xF5C4, 0xF9B5,  0x01DE, 0x07C1, 0x0867, 0x06EA,
  0x09D9, 0x0BDC, 0x1017, 0x0CDE,  0x0C31, 0x095C, 0x057D, 0xFF58,
  0xF82B, 0xF08C, 0xEE36, 0xEF04,  0xF036, 0xEC7D, 0xE60C, 0xE1C7,
  0xDCA4, 0xDF4D, 0xD987, 0xD76E,  0xD26C, 0xD5E2, 0xD457, 0xD775,
  0xCF45, 0xCEDA, 0xCCFD, 0xD07B,  0xD2CF, 0xD657, 0xE218, 0xE8E5,
  0xFB6D, 0x0679, 0x1D19, 0x1A2F,  0x2056, 0x17E1, 0x1D89, 0x1DF8,
  0x1A76, 0x1D30, 0x1575, 0x19D0,  0x139F, 0x0FC7, 0x03A2, 0xFF8D,
  0xFDE9, 0x0545, 0x0C51, 0x1124,  0x16CA, 0x1D33, 0x2207, 0x247C,
  0x2262, 0x2201, 0x2316, 0x2597,  0x267B, 0x222B, 0x1B0F, 0x13CB,
  0x0DB4, 0x052E, 0xFB79, 0xF55C,  0xF72C, 0xFB6A, 0x00DF, 0x05F7,
  0x09FB, 0x0B41, 0x0CAB, 0x0D91,  0x0CF3, 0x0A53, 0x0AD5, 0x0A72,
  0x0B10, 0x068F, 0x00B8, 0xFAB3,  0xF6D4, 0xF192, 0xEC94, 0xE7F4,
  0xE4AB, 0xE4DE, 0xE6C6, 0xE22B,  0xDD42, 0xDB06, 0xD86C, 0xD6D0,
  0xD1FF, 0xCF3F, 0xCFEF, 0xD488,  0xD21B, 0xD727, 0xD2A3, 0xD44B,
  0xD2FB, 0xDA5E, 0xDE44, 0xE4DB,  0xEC13, 0xFDAE, 0x11DC, 0x15D6,
  0x19B1, 0x14BE, 0x248E, 0x1DFC,  0x2722, 0x21CE, 0x203F, 0x23F5,
  0x1DBB, 0x1A18, 0x0DBB, 0x04CA,  0xFE68, 0x06C1, 0x053A, 0x09CD,
  0x0DDE, 0x159A, 0x1C68, 0x1F79,  0x1DFF, 0x1F59, 0x226D, 0x2522,
  0x29A5, 0x2676, 0x1DB7, 0x16CD,  0x111B, 0x0790, 0xFE79, 0xF8C3,
  0xF877, 0xFE12, 0xFFE3, 0x0259,  0x052C, 0x0280, 0x052B, 0x0A62,
  0x0B83, 0x0B41, 0x0E96, 0x0FAD,  0x122B, 0x0B8B, 0x01C3, 0xF908,
  0xF410, 0xF2C4, 0xF246, 0xF2E9,  0xEF2E, 0xEF2E, 0xF0A9, 0xEDC6,
  0xE4B9, 0xE06E, 0xDCB3, 0xDB5A,  0xDD54, 0xDA1A, 0xDA5E, 0xD7EF,
  0xD988, 0xD8F1, 0xD66D, 0xD0A6,  0xCDC9, 0xD161, 0xD02E, 0xD01D,
  0xCF9F, 0xD552, 0xDC45, 0xF2A2,  0x0438, 0x1266, 0x1B54, 0x1EC5,
  0x2E0C, 0x3035, 0x2F4B, 0x2F8E,  0x2B28, 0x29D1, 0x2788, 0x2038,
  0x1220, 0x070C, 0xFFCB, 0xFC25,  0xFF3E, 0xFF24, 0x062E, 0x100C,
  0x193F, 0x1FA1, 0x225A, 0x220B,  0x2284, 0x230F, 0x22C5, 0x201E,
  0x1CAD, 0x17FA, 0x139C, 0x0E82,  0x0638, 0xFDE7, 0xF858, 0xF904,
  0xF805, 0xFDA3, 0x00D4, 0x04A9,  0x075A, 0x07CE, 0x0A67, 0x0DA0,
  0x0A4D, 0x0940, 0x08E8, 0x03E5,  0x0211, 0xFD6D, 0xF895, 0xF472,
  0xF3B3, 0xF40D, 0xF510, 0xF3D9,  0xF280, 0xF2E4, 0xF5CD, 0xF2EF,
  0xF041, 0xEAD8, 0xE7A0, 0xE366,  0xE0D2, 0xD97C, 0xD3E3, 0xCF9C,
  0xCE4C, 0xD11C, 0xCD5C, 0xD076,  0xCCDD, 0xD0FE, 0xCE3C, 0xD0A8,
  0xD134, 0xE056, 0xEA9C, 0xFB90,  0x125E, 0x199A, 0x23D7, 0x225D,
  0x2E73, 0x2D73, 0x2D00, 0x29FD,  0x2A38, 0x2701, 0x21B0, 0x19C7,
  0x09B9, 0xFE51, 0xF63B, 0xF7D0,  0xFD39, 0x00AE, 0x0614, 0x13AC,
  0x1A12, 0x1F39, 0x1F86, 0x1EEE,  0x1F14, 0x22E0, 0x2578, 0x25EF,
  0x2321, 0x18DC, 0x115B, 0x08B6,  0xFCC5, 0xF1F4, 0xF05C, 0xF36A,
  0xFB08, 0x01B6, 0x03E2, 0x06A1,  0x070E, 0x0958, 0x09AE, 0x0B32,
  0x0934, 0x0D4E, 0x12D0, 0x1028,  0x07F4, 0xFED5, 0xF962, 0xF621,
  0xF938, 0xF610, 0xF85E, 0xFCDE,  0xFEFE, 0xFF2E, 0xF7E5, 0xEF00,
  0xED0D, 0xEF3C, 0xEFA5, 0xEBE6,  0xE852, 0xE43C, 0xE2A8, 0xDA23,
  0xD41A, 0xCF16, 0xD01C, 0xD553,  0xD6A9, 0xD9AF, 0xD365, 0xD382,
  0xCCAC, 0xD3D0, 0xD417, 0xDD4B,  0xE416, 0xF3DD, 0x0B18, 0x1B1E,
  0x2069, 0x1D0D, 0x2A88, 0x2485,  0x32DC, 0x2A21, 0x266E, 0x27D9,
  0x2149, 0x1D6C, 0x127E, 0x0304,  0xF3CA, 0xF82B, 0xF5F7, 0xFC6A,
  0xFFB8, 0x01F8, 0x0DC5, 0x15CA,  0x15F3, 0x1B3A, 0x1C23, 0x20BE,
  0x29EB, 0x2C87, 0x26BB, 0x1E47,  0x15B8, 0x0C76, 0x03EA, 0xF78F,
  0xF2F5, 0xF326, 0xF5DE, 0xF998,  0xFF92, 0x0067, 0xFFFD, 0x05CA,
  0x0C93, 0x1116, 0x12AF, 0x1361,  0x15BE, 0x1486, 0x0D62, 0x03F9,
  0xFADC, 0xF666, 0xF663, 0xF79C,  0xF6F8, 0xF2E9, 0xF3DB, 0xF9D9,
  0xFB2A, 0xFA98, 0xF8A6, 0xF87F,  0xFA96, 0xFE58, 0xFDDF, 0xF8D4,
  0xEF3B, 0xEA0D, 0xE245, 0xD77D,  0xCE3E, 0xCB3B, 0xD0E9, 0xD6A2,
  0xDBE4, 0xD890, 0xD382, 0xD176,  0xD2ED, 0xD434, 0xD98D, 0xDC51,
  0xEB17, 0xF933, 0x0A7D, 0x17BD,  0x1728, 0x1772, 0x16B7, 0x1BCE,
  0x1E06, 0x219B, 0x1F5E, 0x21B8,  0x1FE9, 0x1B87, 0x15AC, 0x0722,
  0xFF50, 0xFD7B, 0xFD4F, 0x05AD,  0x0769, 0x09DA, 0x0F1B, 0x11EA,
  0x1517, 0x15EE, 0x170A, 0x1885,  0x204D, 0x2130, 0x1FE9, 0x1769,
  0x0FF4, 0x07ED, 0x0507, 0xFFA1,  0xFE10, 0xFBBE, 0xFE54, 0x0243,
  0xFED3, 0xFF8A, 0xF9C9, 0xFE4D,  0x0247, 0x0D09, 0x0F03, 0x1385,
  0x0AD4, 0x0A14, 0x06EF, 0xFC63,  0xF6DE, 0xF540, 0x046F, 0x08EE,
  0x0F63, 0x04D3, 0x0007, 0xF9F9,  0xFA14, 0xFBD5, 0xF745, 0xFA4B,
  0xFEB9, 0x047E, 0x0046, 0xF783,  0xEBD5, 0xE3FD, 0xE36C, 0xE7C4,
  0xEA5B, 0xE8A0, 0xE5F9, 0xE2F2,  0xDED0, 0xDE80, 0xDC40, 0xDC12,
  0xE464, 0xE987, 0xED71, 0xEAC0,  0xE452, 0xDFA6, 0xDEDA, 0xDE13,
  0xE485, 0xECA7, 0xF52B, 0x03D6,  0x08F5, 0x0C35, 0x1156, 0x12F0,
  0x163F, 0x1FD4, 0x2235, 0x298A,  0x25F7, 0x2252, 0x1D06, 0x1374,
  0x0AE1, 0x0366, 0x01A1, 0x0032,  0x0563, 0x03E3, 0x06B7, 0x0676,
  0x0907, 0x0C1C, 0x0E9C, 0x1026,  0x139D, 0x15E9, 0x19C1, 0x192B,
  0x1543, 0x1176, 0x0D04, 0x0B15,  0x05E7, 0x05FA, 0x0085, 0x011B,
  0xFCF3, 0xFCE4, 0xFC6D, 0xFBD9,  0xFD8D, 0x00C2, 0x0A5B, 0x0A96,
  0x0B6B, 0x095C, 0x0A0C, 0x0B93,  0x0A8C, 0x0939, 0x055F, 0x04A3,
  0x04DF, 0x01EA, 0x021A, 0x0061,  0x0006, 0xFEEC, 0xFCC3, 0xF820,
  0xF75E, 0xF916, 0xF823, 0xFB4B,  0xF73C, 0xF584, 0xF25B, 0xECD0,
  0xE7E9, 0xE508, 0xE29C, 0xE14A,  0xE325, 0xE418, 0xE6CE, 0xE5AE,
  0xE61C, 0xE86D, 0xE572, 0xE255,  0xDFB2, 0xDB4B, 0xD7FE, 0xD752,
  0xD815, 0xE42E, 0xE970, 0xF001,  0x00CD, 0x09F4, 0x11D3, 0x1345,
  0x1B4F, 0x1D37, 0x2226, 0x1F5C,  0x23A1, 0x23A5, 0x17DC, 0x1792,
  0x0AE1, 0x05BC, 0xFE1B, 0xFD5B,  0x0016, 0x052A, 0x0676, 0x0AC3,
  0x0FFF, 0x0F80, 0x11A0, 0x12B1,  0x1530, 0x164F, 0x1A02, 0x1A65,
  0x1C10, 0x1378, 0x0DF2, 0x0A0C,  0x08C9, 0x04CB, 0x00D3, 0x01C3,
  0xFF51, 0x0216, 0x00F6, 0x00C8,  0xFFB9, 0x039B, 0x086A, 0x0F62,
  0x1066, 0x0BE1, 0x0AA4, 0x08A4,  0x08F9, 0x0810, 0x0862, 0x05A4,
  0x074E, 0x04AE, 0x02A7, 0x0217,  0xFF0E, 0xFE16, 0xFB06, 0xFA8F,
  0xF948, 0xFBF9, 0xFD61, 0xFCDE,  0xF876, 0xF493, 0xEFFE, 0xED60,
  0xEEF2, 0xEC91, 0xEC42, 0xEA74,  0xE8DD, 0xE5E0, 0xE2F6, 0xDC6C,
  0xDC15, 0xDDB0, 0xE071, 0xE176,  0xDF99, 0xDEF7, 0xDBB8, 0xDEBE,
  0xD97D, 0xDC6C, 0xE0CA, 0xE9CB,  0xEE31, 0xF62E, 0xFCCE, 0x05B9,
  0x0C9C, 0x0788, 0x124A, 0x11C7,  0x1F5D, 0x1E38, 0x1B3C, 0x1F47,
  0x1936, 0x1735, 0x1161, 0x0E4B,  0x07AE, 0x0801, 0x0AE4, 0x0ED7,
  0x0F38, 0x0B62, 0x0E5F, 0x101E,  0x109B, 0x133A, 0x1477, 0x17A9,
  0x1983, 0x1C0B, 0x1973, 0x1367,  0x0E02, 0x0B95, 0x0BF6, 0x0A8F,
  0x0814, 0x05B5, 0x038E, 0x0047,  0xFF71, 0xFDA1, 0xFEF1, 0x01C7,
  0x0842, 0x0CAE, 0x0C67, 0x09C2,  0x0493, 0x05B8, 0x0815, 0x0A89,
  0x0BBF, 0x0A68, 0x0636, 0x01EF,  0x01F3, 0xFE69, 0xFB08, 0xF9A8,
  0xF817, 0xFC73, 0xFE63, 0xF9A6,  0xF378, 0xF0EF, 0xF64A, 0xFC6F,
  0xFC3D, 0xF523, 0xEE7E, 0xED23,  0xEC8A, 0xED88, 0xEB33, 0xE8E1,
  0xE966, 0xEDD7, 0xE7DD, 0xDCEA,  0xD7A6, 0xD776, 0xE34B, 0xECB7,
  0xF39C, 0xEE55, 0xE702, 0xE242,  0xE1FB, 0xE078, 0xDFE5, 0xE20A,
  0xE727, 0xEF99, 0xF4D4, 0xFCA0,  0xFB57, 0xFE45, 0x04D6, 0x0D9D,
  0x1621, 0x1CDA, 0x1E4F, 0x20E0,  0x21D1, 0x1E78, 0x1E0E, 0x1674,
  0x1641, 0x1762, 0x1850, 0x1899,  0x131F, 0x0C9F, 0x0763, 0x0662,
  0x0857, 0x0AD6, 0x0D7B, 0x105B,  0x1288, 0x141E, 0x11C4, 0x0D3B,
  0x0A55, 0x0C97, 0x117B, 0x11D0,  0x0ED1, 0x09F8, 0x06E9, 0x0588,
  0x01F0, 0x02A8, 0x034A, 0x07F6,  0x0BE9, 0x0C98, 0x06AD, 0x0155,
  0xFDE9, 0xFC53, 0x00DD, 0x01AD,  0x066D, 0x04A3, 0x0304, 0x0216,
  0x0193, 0xFDF3, 0xFBF0, 0xFB8D,  0xFE2A, 0x0370, 0x035D, 0x0276,
  0xFDAA, 0xF7E7, 0xF71C, 0xF903,  0xF958, 0xFC69, 0xF846, 0xF3A4,
  0xF1D1, 0xEE36, 0xED78, 0xEB37,  0xE83C, 0xE864, 0xE943, 0xE73A,
  0xE581, 0xE42E, 0xE1EF, 0xDEE5,  0xDE73, 0xDF9C, 0xE02E, 0xE341,
  0xE160, 0xE60E, 0xE35D, 0xE5D9,  0xE747, 0xE944, 0xEEB3, 0xF3FB,
  0xFE37, 0x04C6, 0x0917, 0x02B5,  0x0F53, 0x0F27, 0x15FE, 0x1AA5,
  0x1F25, 0x244C, 0x20C1, 0x2077,  0x19A7, 0x1734, 0x0F9B, 0x127A,
  0x11A1, 0x102B, 0x0CD4, 0x0D8A,  0x0CA6, 0x09EF, 0x070E, 0x08CC,
  0x0D05, 0x0F92, 0x13D3, 0x14A1,  0x14F1, 0x112C, 0x1045, 0x0DE7,
  0x0DC9, 0x0AA9, 0x0ADE, 0x0AA0,  0x0988, 0x07BA, 0x03A1, 0x0177,
  0xFEE7, 0xFF4E, 0x00AB, 0x0213,  0x00C1, 0x02DF, 0x0373, 0x0532,
  0x03A8, 0x01BA, 0x0070, 0xFF73,  0x02FE, 0x0450, 0x062A, 0x0525,
  0x04B7, 0x02CD, 0x0096, 0xFF80,  0x009F, 0xFFBC, 0xFECE, 0xFE33,
  0xFC01, 0xF944, 0xF64F, 0xF423,  0xF120, 0xF2E7, 0xF239, 0xF13F,
  0xF08D, 0xEE87, 0xED46, 0xEB0D,  0xE8D6, 0xE76E, 0xE8AC, 0xE3DE,
  0xE37C, 0xE425, 0xE390, 0xE359,  0xDFBA, 0xDC76, 0xDB70, 0xDF5E,
  0xDF06, 0xDF86, 0xDEF8, 0xE4F1,  0xE744, 0xEDBB, 0xF397, 0xFEB9,
  0x0920, 0x0763, 0x1079, 0x1496,  0x22A2, 0x2348, 0x23E7, 0x2977,
  0x2865, 0x29AC, 0x2479, 0x2075,  0x1801, 0x13A1, 0x110D, 0x0F42,
  0x0B67, 0x0580, 0x069A, 0x05F6,  0x050E, 0x060E, 0x0654, 0x0997,
  0x0CC4, 0x0FF4, 0x1112, 0x1050,  0x0F30, 0x10DE, 0x1014, 0x0ED1,
  0x0BF5, 0x0A7F, 0x0961, 0x0742,  0x097E, 0x06F3, 0x049C, 0x0003,
  0x0304, 0x02CF, 0x0120, 0xFF87,  0xFD3B, 0xFDB4, 0xFD48, 0x0098,
  0xFF55, 0xFEDC, 0xFCED, 0xFE50,  0x0161, 0x0248, 0x01F1, 0x010D,
  0x0087, 0x0384, 0x05DF, 0x04B3,  0x0062, 0xFDFB, 0xFFC3, 0xFE64,
  0xFBE5, 0xF681, 0xF53A, 0xF496,  0xF28A, 0xF177, 0xEFC9, 0xEF33,
  0xED13, 0xEC2E, 0xE66D, 0xE0BD,  0xDEF6, 0xE094, 0xE55A, 0xE646,
  0xE549, 0xE070, 0xDD7E, 0xDB4A,  0xDCA6, 0xDF84, 0xE337, 0xE41D,
  0xE42B, 0xE3F1, 0xE647, 0xEC64,  0xF36C, 0xFCCD, 0x019C, 0x0605,
  0x092D, 0x12FA, 0x1933, 0x1F3A,  0x22C1, 0x2601, 0x2E0F, 0x2C42,
  0x2773, 0x1F54, 0x19E1, 0x1A47,  0x18C2, 0x16B7, 0x1121, 0x0C7A,
  0x0A45, 0x0712, 0x0584, 0x02EE,  0x0482, 0x07E7, 0x0AAB, 0x0CB8,
  0x0C2C, 0x0A7C, 0x0A52, 0x0B66,  0x0C83, 0x0C88, 0x0CC8, 0x0C98,
  0x0AF8, 0x09EE, 0x07F5, 0x0796,  0x06A2, 0x08BC, 0x094F, 0x07CC,
  0x04C6, 0x00DE, 0x0138, 0x005D,  0x0136, 0x003F, 0xFEB9, 0xFF83,
  0x0097, 0x009D, 0xFED0, 0xFCF4,  0xFDD5, 0x00E6, 0x033F, 0x0439,
  0x023F, 0xFFC0, 0xFEA5, 0x00BB,  0x02A1, 0x010B, 0xFCE2, 0xF95D,
  0xF885, 0xF836, 0xF633, 0xF390,  0xF1E3, 0xEFBE, 0xEC4D, 0xE7F3,
  0xE4A2, 0xE320, 0xE2C5, 0xE08A,  0xDEB9, 0xDEFE, 0xDEDC, 0xDE0F,
  0xDD39, 0xDEE6, 0xE301, 0xE5DD,  0xE78B, 0xE6C1, 0xE3E3, 0xE325,
  0xE646, 0xEC90, 0xF005, 0xF28F,  0xF9C8, 0x045B, 0x09AD, 0x0A39,
  0x0D0C, 0x1429, 0x1B9F, 0x1E65,  0x22D4, 0x2559, 0x24FD, 0x24F9,
  0x229D, 0x1F74, 0x1AE8, 0x18F2,  0x1A0F, 0x1862, 0x13AD, 0x0F02,
  0x0CF4, 0x0B39, 0x093F, 0x0761,  0x074B, 0x077E, 0x072E, 0x06A8,
  0x0595, 0x03E0, 0x0344, 0x04AB,  0x070C, 0x07CD, 0x06E8, 0x0790,
  0x07BF, 0x07E8, 0x073C, 0x0735,  0x07D8, 0x0889, 0x0AAC, 0x0ACB,
  0x087E, 0x05F2, 0x04D7, 0x04C6,  0x038E, 0x01E7, 0x00CF, 0xFFE2,
  0xFEA9, 0xFD07, 0xFAC3, 0xF951,  0xF891, 0xF910, 0xF9E8, 0xFA18,
  0xF821, 0xF631, 0xF723, 0xF7C6,  0xF7A1, 0xF80D, 0xF9B3, 0xFB8E,
  0xFB40, 0xF7FF, 0xF4D6, 0xF17E,  0xF274, 0xF549, 0xF6BE, 0xF447,
  0xF175, 0xF084, 0xEF60, 0xEE7E,  0xEDD2, 0xECCE, 0xECCF, 0xEF25,
  0xF19F, 0xF288, 0xEFA2, 0xEDD1,  0xECFE, 0xEFD0, 0xF376, 0xF31A,
  0xEFE3, 0xF264, 0xF433, 0xF6F3,  0xF553, 0xF1AE, 0xF7B1, 0xFDC6,
  0x03AD, 0x0404, 0x02D8, 0x03FB,  0x08D1, 0x0B19, 0x090F, 0x0849,
  0x0C0D, 0x111C, 0x130A, 0x0FE7,  0x0C7D, 0x0F6C, 0x154A, 0x17D7,
  0x15CF, 0x1301, 0x1408, 0x16AA,  0x1742, 0x12F0, 0x0E49, 0x0EFC,
  0x0FC6, 0x116D, 0x0D42, 0x07BC,  0x0444, 0x0574, 0x07AD, 0x05B9,
  0x01D1, 0x0176, 0x054C, 0x06A9,  0x04B3, 0x0119, 0x0191, 0x02CB,
  0x048B, 0x04D3, 0x030C, 0x01BB,  0x015B, 0x02F5, 0x029A, 0x004E,
  0xFE36, 0xFDD2, 0xFEC0, 0xFE4A,  0xFD1D, 0xFB41, 0xFA92, 0xFB38,
  0xFBC5, 0xFA7A, 0xF80D, 0xF7E3,  0xF910, 0xF9AA, 0xF92E, 0xF7BB,
  0xF72C, 0xF8A4, 0xFA0E, 0xFA2F,  0xF968, 0xF881, 0xF966, 0xF9E3,
  0xF9CC, 0xFA64, 0xFA22, 0xFBAE,  0xFCB2, 0xFCE7, 0xFEFC, 0xFE7E,
  0xFF10, 0xFED2, 0xFEF2, 0x0022,  0xFDCD, 0xFF66, 0xFF80, 0x003B,
  0xFE27, 0xFB52, 0xFC7A, 0xFB88,  0xF9FE, 0xFAFF, 0xFD90, 0xFCF7,
  0xFC5F, 0xFB55, 0xFC41, 0xFD6A,  0xFD58, 0xFC64, 0xFC7E, 0xFD35,
  0xFDD5, 0xFDFB, 0xFD37, 0xFDEB,  0xFE30, 0xFED8, 0xFEDF, 0xFF79,
  0x0023, 0x0030, 0x003F, 0x0084,  0x00D5, 0x006A, 0x00D0, 0x0197,
  0x024B, 0x02D2, 0x02A7, 0x02EE,  0x034E, 0x03B5, 0x03FD, 0x0407,
  0x0485, 0x04E2, 0x0570, 0x0577,  0x057C, 0x05B2, 0x056D, 0x05AB,
  0x0600, 0x0587, 0x04FC, 0x04AD,  0x0476, 0x045B, 0x03E0, 0x0392,
  0x0363, 0x030C, 0x0349, 0x032A,  0x02FF, 0x0368, 0x03B4, 0x03FA,
  0x0460, 0x045B, 0x0468, 0x0439,  0x03E2, 0x03D0, 0x0395, 0x035F,
  0x0309, 0x0245, 0x019E, 0x011E,  0x0078, 0xFFE0, 0xFF71, 0xFF09,
  0xFE97, 0xFE45, 0xFDB4, 0xFD61,  0xFD22, 0xFCCF, 0xFC95, 0xFC7C,
  0xFCB3, 0xFCB6, 0xFC79, 0xFC23,  0xFBF3, 0xFBD9, 0xFBF8, 0xFC0A,
  0xFC12, 0xFC06, 0xFC1F, 0xFC0F,  0xFBE9, 0xFBD6, 0xFBE7, 0xFC11,
  0xFC4F, 0xFC79, 0xFC85, 0xFC60,  0xFC5B, 0xFC7A, 0xFC9B, 0xFCD5,
  0xFD2A, 0xFD71, 0xFDA0, 0xFDC3,  0xFDBD, 0xFDBE, 0xFDE6, 0xFE18,
  0xFE4F, 0xFE7F, 0xFE8B, 0xFE98,  0xFE7B, 0xFE4F, 0xFE13, 0xFE0C,
  0xFE4F, 0xFE83, 0xFEA0, 0xFE96,  0xFEAE, 0xFEDF, 0xFF0C, 0xFF42,
  0xFF8A, 0xFFDD, 0x0036, 0x0073,  0x0092, 0x00AF, 0x00CE, 0x0104,
  0x0143, 0x0174, 0x01A6, 0x01C6,  0x01F3, 0x020C, 0x0217, 0x0241,
  0x026F, 0x02CB, 0x030E, 0x0332,  0x035A, 0x0362, 0x0358, 0x034C,
  0x035D, 0x0378, 0x0371, 0x0344,  0x0318, 0x02E7, 0x02AB, 0x0274,
  0x021F, 0x01F3, 0x01D6, 0x01B1,  0x0180, 0x0131, 0x0101, 0x00C4,
  0x00A4, 0x007F, 0x005C, 0x003B,  0x001C, 0xFFF9, 0xFFCB, 0xFF95,
  0xFF74, 0xFF5F, 0xFF38, 0xFF1D,  0xFF03, 0xFEE8, 0xFECB, 0xFEAF,
  0xFE8A, 0xFE73, 0xFE70, 0xFE82,  0xFE97, 0xFE86, 0xFE8E, 0xFE8C,
  0xFEAA, 0xFEEB, 0xFF04, 0xFF22,  0xFF43, 0xFF75, 0xFF92, 0xFFB6,
  0xFFD1, 0xFFE8, 0x000B, 0x0029,  0x003A, 0x003D, 0x0031, 0x0036,
  0x0034, 0x0019, 0xFFFD, 0xFFDF,  0xFFC8, 0xFFC2, 0xFFA1, 0xFF73,
  0xFF60, 0xFF46, 0xFF42, 0xFF3A,  0xFF4D, 0xFF4C, 0xFF54, 0xFF68,
  0xFF87, 0xFF91, 0xFFA8, 0xFFBF,  0xFFE5, 0x0005, 0x000C, 0x0014,
  0x001E, 0x0033, 0x003B, 0x0040,  0x0053, 0x004F, 0x0051, 0x004E,
  0x0063, 0x007D, 0x008F, 0x00A8,  0x00D7, 0x0102, 0x0125, 0x0142,
  0x016A, 0x01A2, 0x01C4, 0x01EB,  0x0207, 0x021F, 0x0229, 0x0226,
  0x0227, 0x0221, 0x021F, 0x0201,  0x01E4, 0x01B0, 0x018C, 0x016B,
  0x012B, 0x00F6, 0x00B3, 0x0071,  0x002F, 0xFFE3, 0xFFB4, 0xFF5A,
  0xFF0C, 0xFECF, 0xFE8E, 0xFE62,  0xFE2E, 0xFE0C, 0xFDEC, 0xFDD1,
  0xFDCF, 0xFDBD, 0xFDBB, 0xFDC9,  0xFDDD, 0xFDE5, 0xFDF4, 0xFE0D,
  0xFE24, 0xFE4C, 0xFE7B, 0xFE96,  0xFEC1, 0xFEE1, 0xFF08, 0xFF30,
  0xFF55, 0xFF75, 0xFF96, 0xFFBA,  0xFFD9, 0xFFFE, 0x0010, 0x002E,
  0x0046, 0x0053, 0x0065, 0x0073,  0x0070, 0x006B, 0x0066, 0x0058,
  0x0044, 0x0033, 0x001A, 0x0010,  0xFFE2, 0xFFDB, 0xFFD4, 0xFFB8,
  0xFFA8, 0xFFAA, 0xFF99, 0xFFA9,  0xFF9B, 0xFF92, 0xFF99, 0xFF9A,
  0xFFAC, 0xFFB1, 0xFFC1, 0xFFCB,  0xFFDE, 0xFFF8, 0x0004, 0x0017,
  0x0033, 0x003E, 0x005F, 0x006F,  0x008C, 0x00AD, 0x00BB, 0x00DF,
  0x00F2, 0x011F, 0x0142, 0x015D,  0x0176, 0x0186, 0x0199, 0x01AC,
  0x01AE, 0x01B8, 0x01B2, 0x01B7,  0x01AD, 0x01AC, 0x01A5, 0x01A4,
  0x018F, 0x017E, 0x016F, 0x0162,  0x013C, 0x0128, 0x0109, 0x00EB,
  0x00C0, 0x009E, 0x0086, 0x005A,  0x003D, 0x0023, 0xFFF1, 0xFFD1,
  0xFFAC, 0xFF96, 0xFF63, 0xFF3D,  0xFF20, 0xFF01, 0xFEF2, 0xFEC8,
  0xFEC0, 0xFEA0, 0xFE9B, 0xFE84,  0xFE73, 0xFE76, 0xFE60, 0xFE6A,
  0xFE74, 0xFE77, 0xFE81, 0xFE80,  0xFEAD, 0xFEB6, 0xFEC4, 0xFEDE,
  0xFEFC, 0xFF26, 0xFF2E, 0xFF4F,  0xFF5B, 0xFF86, 0xFF9F, 0xFFA6,
  0xFFB9, 0xFFC2, 0xFFCE, 0xFFCF,  0xFFD2, 0xFFDB, 0xFFCD, 0xFFCD,
  0xFFD2, 0xFFCE, 0xFFD7, 0xFFB7,  0xFFDB, 0xFFCB, 0xFFC7, 0xFFC7,
  0xFFC3, 0xFFD0, 0xFFC6, 0xFFC8,  0xFFC2, 0xFFD2, 0xFFE5, 0xFFCA,
  0xFFCB, 0xFFE1, 0x0002, 0x0004,  0xFFF3, 0x001E, 0x0019, 0x0041,
  0x0044, 0x007B, 0x0087, 0x0099,  0x00CE, 0x00CA, 0x00E8, 0x00F3,
  0x010B, 0x011F, 0x012A, 0x0133,  0x0131, 0x0142, 0x012B, 0x0136,
  0x0143, 0x012C, 0x0120, 0x0113,  0x0111, 0x00ED, 0x00DC, 0x00C7,
  0x00C6, 0x00B0, 0x00AC, 0x009F,  0x0090, 0x00A2, 0x0081, 0x0093,
  0x0078, 0x0079, 0x0054, 0x0053,  0x005D, 0x0026, 0x001F, 0x0010,
  0x000F, 0xFFFE, 0xFFE6, 0x0020,  0xFFEF, 0xFFC6, 0xFF96, 0xFF68,
  0xFF63, 0xFF42, 0xFF92, 0xFF84,  0xFFD9, 0xFF92, 0xFFB9, 0xFF4C,
  0xFF2C, 0xFF0D, 0xFED7, 0xFF1A,  0xFEFD, 0xFF3B, 0xFF86, 0xFFFF,
  0x0029, 0x000E, 0xFF37, 0xFDE5,  0xFD01, 0xFE48, 0xFEAF, 0xFF05,
  0xFF2D, 0xFF4C, 0xFFAA, 0xFE3E,  0xFCF1, 0xFF1E, 0x0285, 0x01DF,
  0xFFAE, 0xFEAF, 0xFEEB, 0xFFE0,  0xFFDA, 0xFECD, 0xFF50, 0x0045,
  0x00DA, 0xFFF5, 0xFF6B, 0xFFF0,  0x0066, 0x0059, 0xFF98, 0xFF94,
  0x0028, 0x0045, 0x0031, 0x0019,  0xFFD5, 0xFFA2, 0xFFA0, 0xFFF8,
  0x002B, 0x009A, 0x006E, 0x0074,  0x0030, 0x007E, 0x001B, 0x006A,
  0x0040, 0x0087, 0x0091, 0x00D0,  0x00B5, 0x006E, 0x00A2, 0x00B1,
  0x0069, 0x003F, 0x00E1, 0x005A,  0x00C0, 0xFFF3, 0x00C7, 0x0070,
  0x0133, 0x0128, 0xFFAC, 0x00E3,  0x01FA, 0x010D, 0x0125, 0x000A,
  0xFFA7, 0x01B8, 0x015E, 0xFD6E,  0xFDAA, 0x004D, 0x01E7, 0xFE67,
  0x0007, 0x0193, 0x06BF, 0x0330,  0xF32F, 0xFCDE, 0x05CA, 0x069B,
  0xF62A, 0xFBBB, 0x04BE, 0x0476,  0xFE32, 0xF937, 0x060A, 0x00E1,
  0x0202, 0xF99C, 0xFFF0, 0x045E,  0xFEFC, 0x0029, 0xFD6A, 0x0254,
  0x034D, 0xFE25, 0x022D, 0xFDA1,  0x0153, 0x030C, 0xFB4F, 0x03A2,
  0xFBD4, 0x046F, 0xFEDA, 0xFE84,  0x025E, 0xFE43, 0x01E5, 0xFE2D,
  0xFEAE, 0x01F5, 0xFF66, 0xFF43,  0x0064, 0xFEEB, 0x0255, 0xFBD2,
  0x0479, 0xFC8A, 0x016C, 0xFFE4,  0xFD5E, 0x03B5, 0xFC13, 0x01FE,
  0xFF02, 0xFF2A, 0x0248, 0xFD2C,  0x0138, 0xFFE0, 0xFDE0, 0x018F,
  0xFE6E, 0x00B9, 0xFE69, 0x0044,  0x01D4, 0xFD5B, 0x01C9, 0x0190,
  0xFC33, 0x0362, 0xFD57, 0x038E,  0x01D5, 0xFB1C, 0x02CD, 0x00A4,
  0xFAEB, 0x0545, 0x09A3, 0xF86C,  0xF57C, 0x0650, 0x0B26, 0xFA17,
  0xF86A, 0xFFD8, 0x08EB, 0x08EE,  0x0245, 0xFC03, 0xFC8B, 0xFFEB,
  0xFDE8, 0xFA0E, 0x057E, 0x08C6,  0xFB47, 0xF4BC, 0xFFEA, 0x08B7,
  0x05AF, 0xFEA6, 0xFAF6, 0xFDAC,  0xF828, 0xFE30, 0xFE50, 0x00A4,
  0x02C6, 0xFCF7, 0xFC56, 0xFD1F,  0xFDB1, 0xF9A9, 0xFE91, 0x082D,
  0x0610, 0xFA61, 0xF0B1, 0xF4B0,  0x01A0, 0x0A66, 0x0AA9, 0x0BC3,
  0x0B53, 0x0B78, 0x0A8F, 0x0DB8,  0x170A, 0x1628, 0x0A6B, 0xFF2A,
  0xF635, 0xF4C2, 0xFB7A, 0xFEC7,  0x054A, 0x06AF, 0x0120, 0xF7AA,
  0xF95B, 0xF7EE, 0xF578, 0xF73A,  0xF69E, 0xFBBB, 0xFE7F, 0xFF75,
  0xF77B, 0xF360, 0xF427, 0xFA08,  0x03B4, 0x05AA, 0x0810, 0x045D,
  0xFA0E, 0xFA28, 0x008B, 0x032B,  0x01E4, 0x029C, 0x0783, 0x03D0,
  0xF61D, 0xF8D8, 0x0555, 0x0988,  0xFE7D, 0xFA03, 0x0042, 0xFB95,
  0xFB77, 0xFCB2, 0xF659, 0xFAE9,  0xFF53, 0xF9E0, 0xFDA5, 0x063D,
  0xFA7C, 0xF7A9, 0x01D1, 0xFCB5,  0xFCFD, 0xFCDD, 0x0517, 0xFE5B,
  0x005E, 0xFD08, 0xFDCE, 0x04CB,  0xF78F, 0x0562, 0x040A, 0x059D,
  0xF9F5, 0xFB6F, 0x09AB, 0xFDAE,  0xF9A8, 0xFF24, 0x0BBF, 0xFBCC,
  0xFB31, 0xFFAF, 0x049A, 0xFD9F,  0xF8E7, 0x02F1, 0x0118, 0xFD79,
  0xFAC3, 0x064F, 0xF9E7, 0xFF80,  0x0316, 0xFEFF, 0xFFD6, 0x00B1,
  0x033C, 0xFEC5, 0xFC30, 0x0622,  0x03B0, 0x0130, 0xFDED, 0x040F,
  0x0011, 0x00B3, 0x0713, 0xFABF,  0x0811, 0xFCF3, 0x05CE, 0xFA00,
  0x083A, 0xFDEA, 0xFF3F, 0x05F6,  0xF9FF, 0x06F0, 0xF9EB, 0x0698,
  0xFB10, 0x03FA, 0xFC75, 0x0097,  0xFFE6, 0xFF03, 0x01D5, 0xFCEA,
  0x043B, 0xFBB2, 0x060D, 0xFC5E,  0x031E, 0x02DE, 0xFE5D, 0x03F2,
  0xFC78, 0x03B4, 0x0195, 0xFDAD,  0x03B3, 0xFF99, 0x0088, 0x0102,
  0x0210, 0xFF16, 0x017C, 0x0578,  0xFA3D, 0x00CE, 0xFF42, 0x012C,
  0xFBAE, 0xFFC0, 0xFFBA, 0x0411,  0x00C2, 0xFD56, 0x02FF, 0xFD2B,
  0x03AE, 0xF976, 0x059F, 0x0294,  0xFDD5, 0xFFDB, 0x030F, 0x0029,
  0xFBE5, 0xFF88, 0x0671, 0xFE1A,  0x00E3, 0x0498, 0xFF9B, 0x0168,
  0xFB6C, 0x046B, 0x01B2, 0xFE97,  0x03EB, 0x000E, 0xFA4E, 0x04DE,
  0xFB8E, 0x00E9, 0xFEE2, 0x0244,  0x0062, 0xFEB1, 0x028C, 0x03E5,
  0xF70E, 0x02E6, 0x04BA, 0xFAD5,  0x08A0, 0xF88C, 0x0698, 0xFD89,
  0x01EF, 0xF736, 0x033E, 0xFFA8,  0xFBCA, 0x056D, 0xFCBD, 0x029E,
  0xFFBC, 0x02AA, 0xFAD6, 0x0356,  0xFE11, 0x00EE, 0x0065, 0x00C0,
  0x0129, 0x0288, 0xFCAC, 0xFCBE,  0x00E3, 0xFFB9, 0x00C0, 0xFD49,
  0x018E, 0x017E, 0x04C0, 0xFEBA,  0xFD99, 0xFEC2, 0xFD07, 0x012E,
  0xFEB3, 0x0148, 0x01A5, 0xFC0F,  0x00CD, 0xFD39, 0x0070, 0xFE1C,
  0xFB51, 0x0448, 0xFEE7, 0xFECE,  0x010A, 0xFC65, 0xFE86, 0x03E9,
  0x0115, 0x0225, 0xFF03, 0xFD1E,  0xFFAD, 0xFCF8, 0x00A0, 0xFEAE,
  0x02C1, 0x0325, 0xFF08, 0xFF5A,  0xFCD0, 0xFF66, 0xFED6, 0x038B,
  0x03DD, 0xFE8C, 0xFCA7, 0xFF9C,  0xFEB9, 0xFD50, 0xFFD7, 0x02ED,
  0x06BF, 0xFF39, 0xFDFB, 0x0480,  0xFF47, 0xF8C5, 0xFF56, 0x074B,
  0x0482, 0xFBA3, 0xFEE3, 0xFFCF,  0xFD73, 0xFC66, 0xFDC6, 0x05CE,
  0x037A, 0xFDCA, 0xFE28, 0x0077,  0xFEA2, 0xFC09, 0xFCDF, 0x009D,
  0x043E, 0x022C, 0x005E, 0x0287,  0x009B, 0xFDFC, 0xFB1E, 0xFD37,
  0x03BC, 0x04BC, 0x037D, 0x01E9,  0xFFDF, 0xFFA6, 0xFA6D, 0x0019,
  0x0470, 0x02F0, 0xFF11, 0xFBE0,  0xFFC3, 0x006F, 0xFF2E, 0xF82B,
  0x0007, 0x0341, 0x04D4, 0x004A,  0xFD10, 0xFF15, 0xFB75, 0xFEE2,
  0x012F, 0x02D3, 0xFE79, 0xFF0B,  0xFE8D, 0x001E, 0xFF6B, 0xFDA3,
  0x0087, 0x0180, 0x00F8, 0xFEF7,  0xFF90, 0xFDF1, 0x012D, 0x035E,
  0x0297, 0xFCA9, 0xFD79, 0x0006,  0xFF9F, 0x0246, 0x018B, 0x0583,
  0x017B, 0x0046, 0x015F, 0xFFC0,  0xFE12, 0xFCD5, 0x001B, 0x062C,
  0x0563, 0xFCC1, 0xFAAE, 0xFF18,  0x0151, 0xFD32, 0xFFF8, 0x02E5,
  0x0355, 0xFD7D, 0xFD51, 0xFF88,  0xFF6D, 0xFB59, 0xFB50, 0x054C,
  0x0232, 0x0100, 0xFFCA, 0x0411,  0x0189, 0xFB1F, 0xFF11, 0x050E,
  0x0472, 0x001F, 0xFCF2, 0x04B9,  0x0260, 0xFC3B, 0x0064, 0xFFEC,
  0x024F, 0xFB4D, 0x01E7, 0x00C3,  0x0114, 0xFAC1, 0xFDEF, 0x02F9,
  0xFFAF, 0x00A0, 0xFB50, 0x0223,  0xFE18, 0x009D, 0xFF03, 0x011B,
  0x0122, 0xFF0E, 0x0188, 0x00F3,  0x0054, 0x0280, 0x01AB, 0x0368,
  0x004C, 0xFCD3, 0x0126, 0xFC71,  0xFFE4, 0xFFC4, 0xFE9A, 0xFE51,
  0xFEB3, 0xFE22, 0xFDCA, 0xFED7,  0x0143, 0x02F7, 0x015F, 0xFD27,
  0x000A, 0x0168, 0x05C4, 0x0460,  0xFEEE, 0x0223, 0xFE73, 0x0109,
  0x0052, 0x0490, 0x01AA, 0x0022,  0xFED5, 0xFC8D, 0xFF8B, 0xFDB5,
  0x003D, 0xFEA9, 0xFD58, 0xFE6C,  0xFEA5, 0xFECB, 0xFF71, 0x0042,
  0x011E, 0xFFC1, 0x0108, 0xFCAC,  0xFEE9, 0x00F0, 0xFD18, 0xFF8F,
  0xFF5E, 0x02F0, 0x01F4, 0x0095,  0x00D9, 0x0235, 0x0136, 0xFCD4,
  0x0187, 0x02ED, 0xFEC9, 0xFC3A,  0xFC63, 0xFCB0, 0xFB9D, 0xFF86,
  0xFFEC, 0x00B3, 0x00D4, 0xFD4D,  0x0212, 0xFF93, 0xFFB8, 0x01BD,
  0x00E0, 0xFEB7, 0xFD24, 0x0264,  0x002A, 0xFF3C, 0xFF96, 0x01F3,
  0x0143, 0x00B1, 0xFFF1, 0xFF60,  0xFD91, 0xFD09, 0x02F3, 0x0639,
  0x0744, 0x02DB, 0x000F, 0xFCD8,  0xFCB5, 0xFCB1, 0xFF67, 0x029C,
  0x00D0, 0xFCFA, 0xFD5C, 0x00BE,  0x011D, 0xFE1C, 0xFD0E, 0x035E,
  0x034F, 0x00B7, 0xFD74, 0x00AF,  0xFFA0, 0x008D, 0x01AC, 0xFFD2,
  0x054F, 0x01F9, 0x0261, 0x0121,  0x0073, 0xFE21, 0xFE49, 0x0180,
  0x03D7, 0x0512, 0x012A, 0x0081,  0xFEC7, 0xFD51, 0xFB4A, 0xFFD7,
  0xFED2, 0xFFEF, 0x013F, 0x011A,  0x0052, 0xFA22, 0xFA08, 0xFB43,
  0xFFEB, 0x00BC, 0x01E9, 0x00D9,  0x022C, 0x021D, 0xFF21, 0x0101,
  0x0133, 0x00A7, 0xFE4A, 0xFEFD,  0x024F, 0x0181, 0x01D9, 0xFFB0,
  0xFDB2, 0x0009, 0xFF1F, 0x01E9,  0x0136, 0xFF44, 0xFF67, 0xFDC2,
  0xFD28, 0xFAB3, 0xFF6A, 0x03F8,  0x012B, 0xFFA5, 0x00D2, 0x013D,
  0xFB41, 0xFD5E, 0xFE2D, 0xFDA5,  0x0343, 0x0520, 0x03CC, 0xFCC5,
  0x004A, 0xFD8C, 0xFBFE, 0xFF42,  0x0176, 0x064D, 0x0132, 0x0136,
  0x0042, 0x003A, 0x0033, 0xFC1E,  0x003D, 0xFFBB, 0x00A9, 0xFFFB,
  0xFA4C, 0x0356, 0xFEC2, 0xFEA3,  0x0091, 0x01A3, 0x049D, 0xFE32,
  0x015A, 0xFE57, 0xFF95, 0x00BE,  0x0111, 0x02F7, 0x00F9, 0x00F1,
  0x0150, 0xFF68, 0x01F7, 0xFD35,  0x01A2, 0x01B7, 0xFFD8, 0x037D,
  0xFB95, 0x0091, 0xFFF8, 0xFF8D,  0xFE86, 0xFEDF, 0x0036, 0xFEB4,
  0xFE26, 0xFE98, 0x01B3, 0x00A1,  0x0010, 0x00D3, 0xFD69, 0xFFBE,
  0x0183, 0x0034, 0x01DF, 0xFF5D,  0xFFD0, 0xFCCA, 0x01AE, 0x01CE,
  0xFF7C, 0x03D9, 0xFDEC, 0x02F0,  0xFF7F, 0xFF4F, 0x02DF, 0xFBDA,
  0x0024, 0xFEDD, 0x00E0, 0xFF5D,  0xFCB0, 0xFC42, 0xFE30, 0x0051,
  0xFDF2, 0x00DF, 0x0098, 0x00C6,  0x0103, 0x005B, 0x0090, 0x00E7,
  0xFCCF, 0x003C, 0x0298, 0xFF5A,  0xFE4C, 0xFE3C, 0x0199, 0x0320,
  0x01E4, 0xFDDD, 0x0179, 0x0107,  0x0031, 0xFF8B, 0xFFE9, 0x0186,
  0x00D8, 0xFEDB, 0xFDF8, 0xFE49,  0xFD51, 0x004D, 0x00DF, 0x039A,
  0x0025, 0x0023, 0xFD33, 0xFD95,  0xFF8B, 0xFDBB, 0x0222, 0x036E,
  0xFF21, 0xFF09, 0xFF05, 0x0003,  0x02ED, 0xFE6F, 0xFEB8, 0xFE99,
  0x00C7, 0xFE08, 0x0353, 0x040D,  0x00D2, 0x038F, 0xFD4C, 0xFF64,
  0xFF28, 0xFD38, 0x022B, 0xFF9B,  0xFFCA, 0x01A3, 0xFED1, 0xFE9E,
  0x001B, 0xFF80, 0x01D4, 0xFF46,  0xFB21, 0x0140, 0x0361, 0x0247,
  0x001D, 0x005A, 0xFCC1, 0x0141,  0xFDB5, 0xFD08, 0x0267, 0xFF6F,
  0x0309, 0x0060, 0xFF96, 0x011B,  0x0180, 0x02A5, 0x0238, 0xFCDA,
  0xFE20, 0xFB79, 0x0096, 0x02CD,  0xFEF8, 0x0069, 0xFB3A, 0xFF61,
  0xFFEB, 0x0040, 0x0215, 0x0161,  0x00E9, 0xFFFC, 0xFECA, 0x03DD,
  0x0007, 0xFF7B, 0x0067, 0xFDB7,  0x01F5, 0xFDA7, 0xFF77, 0xFFA6,
  0x00CD, 0xFD0E, 0xFB6D, 0xFC77,  0x009A, 0x015E, 0x013B, 0x026C,
  0xFF96, 0x02F3, 0xFEEC, 0xFD9E,  0xFDFD, 0x0070, 0x00CA, 0xFF08,
  0x013B, 0xFFBF, 0x0001, 0x0175,  0x01A3, 0x017A, 0xFF1E, 0x0016,
  0x00D0, 0x01A5, 0x03A4, 0x00E4,  0xFEC9, 0x0039, 0xFF17, 0xFEEB,
  0xFDD2, 0xFDBE, 0xFEF9, 0x015F,  0x0126, 0xFDE4, 0xFEA1, 0xFF21,
  0xFE4D, 0x0013, 0xFEEE, 0x0174,  0x0412, 0x0136, 0x010A, 0x0086,
  0x02DC, 0x00B9, 0xFEF0, 0xFA7A,  0xFE7E, 0x02A3, 0x0418, 0x03F8,
  0x00D4, 0xFF49, 0xFE97, 0xFDEE,  0xFEFE, 0xFF23, 0x0105, 0x0130,
  0xFFFC, 0x0040, 0xFEFE, 0x01E6,  0x0015, 0x0290, 0xFD12, 0x00BF,
  0xFB38, 0xFBF8, 0x0052, 0x0297,  0x0452, 0xFF56, 0x015C, 0xFEF1,
  0x001B, 0xFF56, 0x00A7, 0xFF3B,  0x022A, 0xFF83, 0x001A, 0x01FF,
  0x0167, 0x00D2, 0xFEED, 0xFC6E,  0xFEE2, 0x0298, 0x0192, 0x0052,
  0xFE7D, 0x005B, 0x029F, 0x0116,  0x0081, 0xFF0E, 0x0083, 0xFDF2,
  0xFD9E, 0x0471, 0xFF50, 0x0130,  0xFDF2, 0xFEA1, 0xFC4D, 0xFF68,
  0x0185, 0x01A5, 0x0261, 0xFDD6,  0xFF12, 0xFC2D, 0xFE65, 0xFE38,
  0x011C, 0x01FA, 0x02FF, 0x016C,  0xFF52, 0xFF35, 0x0055, 0xFD1E,
  0xFF33, 0xFF50, 0x0095, 0x048E,  0xFFEC, 0xFFE0, 0xFDCD, 0xFFC6,
  0x0016, 0x0011, 0x02AB, 0x006B,  0xFF4B, 0xFF53, 0x01A8, 0x026D,
  0xFDF6, 0xFF72, 0xFE75, 0xFFDB,  0xFF63, 0xFF8A, 0xFFA4, 0xFFC8,
  0xFD07, 0xFCF6, 0x01DF, 0xFFAF,  0x024E, 0x0021, 0x004D, 0xFE57,
  0xFC4A, 0xFD15, 0xFF88, 0x020F,  0x033C, 0x0513, 0x02BB, 0x02AF,
  0x0067, 0x0080, 0x01B0, 0x0098,  0xFF21, 0xFDE6, 0x0009, 0xFF8C,
  0x001E, 0x00C0, 0x006A, 0xFF6D,  0xFB85, 0xFD3E, 0xFB27, 0xFF12,
  0x01E8, 0x00E2, 0x00D5, 0xFF36,  0x0341, 0xFFDA, 0x0072, 0x0061,
  0x0029, 0xFE05, 0x0096, 0xFF66,  0xFFA4, 0x0207, 0xFF8D, 0x0233,
  0x0051, 0x01B9, 0x00DC, 0xFE6F,  0xFDCF, 0xFE92, 0x0173, 0x0335,
  0xFEDC, 0xFD12, 0xFDCA, 0x014D,  0x00F6, 0x01F4, 0x0042, 0x0157,
  0x028E, 0xFF5A, 0xFF59, 0xFD8D,  0xFD2F, 0xFE57, 0x0257, 0x01BB,
  0x00E6, 0x003E, 0x002F, 0xFE80,  0xFCEA, 0xFE4A, 0x005A, 0x01AA,
  0x0219, 0xFFCA, 0x0000, 0x00C9,  0x00A2, 0xFF87, 0xFF73, 0x0207,
  0x028B, 0x0147, 0xFC96, 0xFC68,  0x0004, 0x031E, 0xFFE8, 0xFCF3,
  0x00D6, 0xFCDE, 0xFF89, 0x0254,  0xFFD6, 0x02E0, 0x031F, 0xFC86,
  0xFAB2, 0xFFE3, 0xFE71, 0x01AC,  0x0382, 0x0184, 0x0125, 0xFFCA,
  0xFD8A, 0xFFB7, 0x01B2, 0x00EB,  0x00E9, 0x0300, 0x0080, 0x00EB,
  0xFEAB, 0xFDC5, 0x0111, 0x009D,  0x0085, 0x00A4, 0x0257, 0xFB09,
  0xFE5C, 0x0013, 0x00B2, 0xFEF6,  0xFE13, 0x005B, 0xFF19, 0x02C4,
  0xFFDF, 0xFD31, 0xFF2D, 0xFE0C,  0x0012, 0xFF80, 0xFFD6, 0x04AD,
  0x00D6, 0x0135, 0xFF75, 0x00A9,  0xFFE8, 0xFEA6, 0xFF04, 0xFCD8,
  0x0038, 0x022F, 0x035D, 0x003F,  0xFF0B, 0x01CC, 0xFFD3, 0x0042,
  0xFE4F, 0xFFDE, 0x0096, 0x0054,  0x003E, 0x0187, 0x026E, 0xFE8B,
  0xFFBF, 0xFE5D, 0x0053, 0xFF29,  0xFFBF, 0x0059, 0xFECB, 0xFE9F,
  0xFECB, 0xFF94, 0x0060, 0x0079,  0x01C1, 0xFF46, 0xFF72, 0xFDF0,
  0xFCB7, 0xFFE2, 0xFF39, 0x0211,  0x00D9, 0x015A, 0xFF68, 0xFE33,
  0x00E3, 0x01F6, 0x0270, 0x0199,  0xFE91, 0xFCE7, 0xFEBC, 0x02CC,
  0xFFE6, 0xFFB6, 0x0066, 0xFEC6,  0x009B, 0x010F, 0x00A6, 0xFE74,
  0xFEA2, 0x00B0, 0x00E7, 0xFEB8,  0x0157, 0x0075, 0x00D8, 0x00A0,
  0xFDDD, 0x0058, 0x0004, 0xFEF3,  0xFF47, 0x023E, 0x00E6, 0xFFB4,
  0xFF84, 0x00FE, 0x012E, 0x008E,  0x009F, 0x0089, 0xFF46, 0xFED6,
  0xFF3B, 0xFE0A, 0x0355, 0xFF08,  0xFF2D, 0xFEDD, 0xFFA2, 0x00D0,
  0x0033, 0x0064, 0x009E, 0xFFD4,  0xFF64, 0xFF78, 0xFE08, 0x019E,
  0xFEC4, 0x0134, 0xFE7E, 0xFFB3,  0xFFF3, 0xFFB8, 0x006B, 0x0083,
  0x012C, 0x0030, 0x00AE, 0xFFFC,  0x0047, 0x00C9, 0x001E, 0x0060,
  0x012A, 0xFF1C, 0x014B, 0x0064,  0x0128, 0x0019, 0xFF07, 0xFF95,
  0xFFC4, 0xFDE9, 0xFE58, 0x010D,  0x0129, 0xFFBF, 0xFF74, 0xFE07,
  0xFEBE, 0x003B, 0xFE24, 0xFFA6,  0xFFD0, 0xFE4A, 0xFEE7, 0x0056,
  0x0031, 0x0190, 0x0040, 0x0214,  0x0080, 0xFFF0, 0xFFA0, 0xFFCC,
  0x035E, 0x0159, 0xFF9C, 0xFC78,  0xFEFD, 0xFF2F, 0x02A3, 0x01AE,
  0xFE37, 0x001B, 0x02B1, 0x014C,  0xFDAC, 0xFE10, 0xFED7, 0x00B7,
  0x0170, 0x0003, 0x00A5, 0x0084,  0x0025, 0x00AE, 0xFD64, 0x009C,
  0xFF33, 0x0008, 0xFF80, 0xFF60,  0xFDE4, 0xFF06, 0x000A, 0x00C6,
  0xFF8E, 0xFF9F, 0x008A, 0xFE76,  0x022C, 0xFF2D, 0x0268, 0x00E6,
  0x008C, 0x015E, 0xFFAD, 0x0085,  0xFF37, 0xFFB7, 0x011D, 0xFD7F,
  0x0031, 0x0012, 0x021A, 0x0140,  0xFF46, 0xFE12, 0xFF07, 0x0058,
  0x0031, 0x0406, 0xFE23, 0xFEF4,  0xFE4E, 0xFEF4, 0xFEA7, 0x00C9,
  0xFFF8, 0xFDF1, 0xFEDD, 0x00F4,  0x005A, 0x00F4, 0x009B, 0xFE46,
  0xFFFD, 0xFDC0, 0x017F, 0x031D,  0x007B, 0x0017, 0xFF9A, 0xFEBF,
  0x00C9, 0x00E4, 0xFFE7, 0x0167,  0xFF66, 0xFF9D, 0x00F0, 0xFFD6,
  0xFFDC, 0xFF8A, 0xFFDE, 0xFE76,  0xFFFF, 0x0096, 0xFF51, 0x0046,
  0x0102, 0xFE1E, 0xFEA2, 0xFEE4,  0x0148, 0x0246, 0x0092, 0x007F,
  0xFDF0, 0xFD1E, 0xFE5B, 0x010D,  0x01C9, 0x004D, 0x0106, 0x00E0,
  0x0054, 0x0230, 0x0032, 0x00F7,  0xFD82, 0xFFDE, 0x0125, 0x018D,
  0xFFA0, 0xFE5D, 0x0010, 0x00EF,  0x0159, 0x0042, 0xFF5B, 0xFF0C,
  0x0121, 0xFDAE, 0x0160, 0xFFBE,  0x016A, 0x0009, 0xFF52, 0xFE27,
  0xFEFD, 0xFF6C, 0xFE27, 0xFFFF,  0xFFCB, 0x01AF, 0x0031, 0x0052,
  0xFEB2, 0x0028, 0xFF5E, 0x0142,  0x014F, 0x0260, 0xFF70, 0x002E,
  0x002B, 0xFF1A, 0x00D0, 0x0008,  0x01AB, 0x0100, 0xFFD4, 0xFED4,
  0xFCA1, 0xFF3C, 0x004D, 0xFDCB,  0x01A6, 0xFF1B, 0x0234, 0x003D,
  0x0059, 0xFF07, 0xFF49, 0x0002,  0xFE5A, 0x009D, 0xFF1F, 0x009D,
  0x004C, 0x00EE, 0xFF7B, 0x00E6,  0xFDEB, 0xFF8A, 0x01CB, 0x010B,
  0x019F, 0x0186, 0x020C, 0xFDC6,  0xFF6C, 0xFE37, 0xFE60, 0xFF91,
  0xFF2C, 0x0491, 0x0148, 0x0196,  0x0038, 0xFB11, 0xFF71, 0xFE2C,
  0xFEFC, 0x0125, 0xFF85, 0x014A,  0xFEE0, 0xFFFD, 0xFE30, 0x0158,
  0x00C2, 0x011D, 0x0174, 0xFF66,  0x0221, 0xFD3D, 0x0169, 0x0036,
  0x00BF, 0xFFE1, 0xFE84, 0xFC1D,  0x037B, 0x00DF, 0x0050, 0xFFAC,
  0xFF85, 0x032D, 0xFE75, 0x0145,  0xFC2B, 0x0238, 0xFF6E, 0xFECF,
  0x00B5, 0x0034, 0xFE68, 0x01C3,  0x000E, 0xFDB2, 0xFF63, 0xFFC2,
  0x038C, 0x00BF, 0x00CD, 0x010A,  0xFCF3, 0xFCDD, 0xFFFC, 0xFFF6,
  0x0104, 0xFFF7, 0x0292, 0x0235,  0x0047, 0xFEDE, 0xFE5C, 0x0059,
  0x01FF, 0xFDF9, 0xFF23, 0x00D9,  0x008C, 0x00A4, 0xFF53, 0xFF81,
  0x00F2, 0x00AB, 0x0032, 0x01BD,  0xFF72, 0xFF99, 0xFD71, 0xFF20,
  0x01F2, 0xFF73, 0xFFE7, 0xFEF0,  0xFF0F, 0x01CD, 0xFF86, 0x0008,
  0x0063, 0xFFCC, 0xFEF8, 0xFF19,  0xFF93, 0x022E, 0x0184, 0xFF5F,
  0x0067, 0xFE6A, 0x005A, 0xFFD0,  0xFE88, 0x002F, 0x0059, 0x022F,
  0x02C6, 0x01D7, 0xFE11, 0xFF2B,  0xFECF, 0xFE1C, 0x01E7, 0xFF23,
  0x029E, 0xFF87, 0xFFE8, 0x002C,  0xFCBA, 0x009A, 0xFEA2, 0xFF92,
  0x014C, 0x0081, 0xFE5C, 0xFD70,  0xFF71, 0x009A, 0x011F, 0x01FC,
  0x0056, 0x004C, 0x0179, 0x0207,  0x0134, 0xFD85, 0xFF09, 0x005E,
  0x002B, 0xFF9A, 0x0209, 0x00C7,  0xFF68, 0x004B, 0x00FA, 0xFF8E,
  0xFF3C, 0x016B, 0xFD77, 0xFF2F,  0x0052, 0x02B2, 0xFDD0, 0x0077,
  0xFF52, 0xFE70, 0x0101, 0xFFE2,  0x005E, 0xFD19, 0x027F, 0xFECC,
  0x0011, 0x0160, 0xFDED, 0x049F,  0xFECC, 0xFC30, 0x01EF, 0x00F6,
  0x04F2, 0xFDC4, 0x0326, 0xFF06,  0xFE41, 0xFEFC, 0xFE2B, 0x027A,
  0x0067, 0x018A, 0xFBA3, 0x00D8,  0xFE54, 0xFEE0, 0xFDA1, 0xFF38,
  0x0149, 0x01F1, 0x02CF, 0x01DC,  0xFEE7, 0x0099, 0xFBE5, 0x0143,
  0x0270, 0xFCA8, 0x01A6, 0xFD63,  0x0090, 0x0036, 0x012F, 0xFC78,
  0x0019, 0xFEF0, 0x0086, 0x022B,  0x0063, 0x0054, 0xFEF6, 0x010F,
  0x000F, 0x01BD, 0xFFF0, 0xFFFA,  0xFDD3, 0xFF5F, 0x00E4, 0xFF8C,
  0xFF9D, 0x023C, 0x014B, 0xFF80,  0xFFCB, 0xFE7A, 0xFFB2, 0x0160,
  0x00DC, 0x01DF, 0x000B, 0x0118,  0xFCEB, 0xFC22, 0xFD69, 0x00F6,
  0x0252, 0x008B, 0x01C9, 0xFF18,  0x016F, 0xFEDA, 0xFBC4, 0xFA64,
  0xFF54, 0x00B6, 0x0434, 0x02A1,  0x0364, 0x022A, 0xFF1F, 0xFE62,
  0xFE7E, 0x02FC, 0x0209, 0x00AF,  0xFE01, 0xFE81, 0xFD1F, 0x003F,
  0x01C7, 0x0407, 0x030E, 0xFDC3,  0xFEF8, 0xFF5A, 0xFDDB, 0x00EE,
  0x0109, 0x000C, 0xFECC, 0xFD4B,  0xFF82, 0x000C, 0x0192, 0x049D,
  0x00E6, 0xFD02, 0xFCA7, 0xFC51,  0xFCBD, 0xFF9D, 0x011D, 0x01E8,
  0x048D, 0x04BB, 0x01F4, 0xFF68,  0xFE37, 0xFB3F, 0x0186, 0x01C7,
  0x005C, 0xFCD7, 0xFF13, 0x026E,  0xFF23, 0xFEF5, 0xFF4E, 0x02FF,
  0x04FB, 0xFF88, 0xFA5F, 0xFFC4,  0xFFF4, 0x0137, 0xFFD4, 0xFD8C,
  0xFDBE, 0x026A, 0x0416, 0x01EC,  0xFF57, 0xFBD5, 0xFDF8, 0x0030,
  0x041A, 0x040E, 0x0576, 0xFEE0,  0xFE31, 0xFCA1, 0xFBDD, 0x01DD,
  0xFD64, 0x03C5, 0x034D, 0x0376,  0x0114, 0xF948, 0xF86A, 0xFA24,
  0xFED8, 0x0182, 0x039F, 0x008A,  0x0304, 0xFF6F, 0xFE9A, 0xFF6D,
  0x005D, 0x00F0, 0xFE84, 0xFE01,  0xFEAA, 0x0279, 0x03CC, 0x0038,
  0xFE7F, 0x01E0, 0x0298, 0x0230,  0xFD6A, 0xFCF5, 0xFF41, 0x03E0,
  0xFDAD, 0xFF48, 0x013B, 0x0341,  0xFF32, 0xFC78, 0xFF9C, 0xFE24,
  0xFFB3, 0xFD8F, 0x0026, 0xFEAD,  0x07F6, 0x00CF, 0x0026, 0xFDBC,
  0xFE27, 0xFF95, 0xFB41, 0xFFFE,  0x0340, 0x0846, 0x00B5, 0x0152,
  0xFDCD, 0x006D, 0xFD44, 0xFFE1,  0x0416, 0xFF8D, 0x0262, 0xFAD8,
  0xFE0E, 0xFF80, 0xFF49, 0xFFA4,  0xFE77, 0x04FD, 0x009A, 0x00BB,
  0x0096, 0xFDD1, 0xFDFE, 0xFF61,  0x01D6, 0xFE3B, 0x0046, 0xFF33,
  0xFFB9, 0x00A8, 0x00A2, 0xFFFA,  0x008F, 0x0135, 0xFE23, 0x02A1,
  0xFD52, 0xFE39, 0x032C, 0xFCD3,  0x0040, 0xFFB6, 0x01AD, 0x0171,
  0xFF56, 0xFFEB, 0x01B5, 0x001A,  0xFD2A, 0x00A6, 0xFF49, 0x01AD,
  0x0120, 0x00CE, 0xFE0C, 0x0094,  0xFF22, 0xFD1C, 0x0189, 0x006E,
  0x0041, 0x00D5, 0xFD2D, 0x0171,  0xFEB8, 0xFF5F, 0x0286, 0xFC95,
  0x0229, 0xFED2, 0x01ED, 0xFF6E,  0xFDD4, 0xFE66, 0x0023, 0x0102,
  0xFDFA, 0x00E7, 0xFF11, 0x0119,  0xFE51, 0x0118, 0x01C3, 0x0063,
  0x0062, 0x0038, 0x0322, 0xFFFB,  0xFE5D, 0xFD88, 0x00B1, 0x0370,
  0x0162, 0xFEE6, 0x0248, 0x0152,  0xFF93, 0xFE4C, 0xFF8B, 0xFF54,
  0x0236, 0x0095, 0x000B, 0x011D,  0xFBFC, 0x0215, 0xFD97, 0x00C8,
  0xFE95, 0x005F, 0xFE5B, 0xFDDD,  0x00B8, 0xFC35, 0x022C, 0x04C1,
  0xFF56, 0x002C, 0xFFFF, 0xFF43,  0x01D9, 0xFF19, 0xFCC3, 0xFBF7,
  0x0377, 0xFCDE, 0x04FB, 0x047F,  0xFF66, 0x01B3, 0xFC94, 0xFFEE,
  0xFE57, 0x0029, 0x0336, 0xFEE8,  0xFF64, 0x00CE, 0xFE0D, 0xFEB2,
  0x001B, 0xFE3A, 0x0208, 0xFF0C,  0xFB17, 0x0236, 0x00AE, 0x00FB,
  0xFE3F, 0x01A6, 0xFDB2, 0x0446,  0x0081, 0xFCBE, 0x044D, 0xFB53,
  0x046D, 0xFDD3, 0xFD9B, 0x03E0,  0x027E, 0x0263, 0xFEF5, 0xFE97,
  0xFEE8, 0xFD14, 0x0008, 0x017B,  0xFFBF, 0x021B, 0xFC13, 0xFE34,
  0x0091, 0x0282, 0x01B8, 0xFFD9,  0xFF17, 0xFF5C, 0xFF4D, 0x0313,
  0x0054, 0xFE05, 0x00B5, 0xFE3D,  0x018A, 0xFE9D, 0xFFD4, 0xFF8D,
  0x019E, 0xFDDA, 0xFA94, 0xFAD6,  0xFF44, 0x019A, 0x00D9, 0x03DA,
  0xFF7B, 0x0174, 0xFEE5, 0xFD71,  0xFE15, 0x006C, 0x01F2, 0xFD18,
  0x0236, 0x00C8, 0x03C6, 0x01B0,  0xFF2A, 0x03EF, 0x001C, 0x04C6,
  0x0255, 0x02D5, 0x0353, 0xFE6A,  0xFC8C, 0xFB6E, 0xFFB5, 0x015E,
  0x00F8, 0x006C, 0xFC57, 0xFF88,  0xFF50, 0xFD45, 0xFBF2, 0xFF34,
  0x0316, 0x01D3, 0xFF66, 0x020A,  0x015C, 0xFF30, 0xFF97, 0xFC80,
  0x0288, 0x00BD, 0x011B, 0xFC85,  0xFAA6, 0x0153, 0x00F7, 0x0766,
  0x0359, 0xFF87, 0x0050, 0xFACE,  0xFFE9, 0xFB6C, 0x03C3, 0x034E,
  0x00DF, 0xFF14, 0xFABB, 0x02D1,  0x013D, 0x0405, 0x0020, 0x011B,
  0xFDED, 0xFDAA, 0xFF16, 0x0513,  0x0340, 0xFEF9, 0x0127, 0xFC64,
  0xFEA7, 0x0104, 0x02F1, 0xFFE8,  0xFF8D, 0x0001, 0xFDBE, 0x04B1,
  0xFDB5, 0x002A, 0x01DF, 0xFC1A,  0x0431, 0x006B, 0x025E, 0xFD1A,
  0xF9DC, 0x0083, 0x05A7, 0x02FA,  0xFB9C, 0xFF38, 0x017F, 0xFD14,
  0xFEA3, 0x0104, 0x025E, 0xFF15,  0xFF60, 0x0037, 0xFBF8, 0x021B,
  0xFE94, 0xFE18, 0xFD1C, 0xFF4B,  0x0272, 0xFB5D, 0xFD7F, 0xFEC0,
  0x01FD, 0x02E3, 0x0045, 0x00B7,  0xFF2E, 0xFF6D, 0x00B0, 0xFC5A,
  0xFCA2, 0x00A3, 0x0178, 0x0114,  0xFF3F, 0x0011, 0xFCAF, 0xFF0C,
  0xFDDC, 0x0032, 0x02F6, 0x001B,  0x0242, 0xFD47, 0x027E, 0x033E,
  0xFD8E, 0xFC6E, 0xF8F5, 0x0043,  0x03E0, 0x02F9, 0x033D, 0xFDDF,
  0xFE37, 0xFC95, 0xFE4D, 0x00A0,  0x0008, 0x02A8, 0x0239, 0x005F,
  0x0019, 0xFDB1, 0xFE23, 0x004B,  0x039F, 0x098C, 0x0973, 0x088F,
  0x0477, 0x0461, 0x02E9, 0xFF41,  0xFD6D, 0xFC94, 0xFFC9, 0xFFE8,
  0x0033, 0x0026, 0x00A2, 0xFE8C,  0xFB98, 0xFBC9, 0xFCBA, 0x002F,
  0x0123, 0xFF03, 0xFCC4, 0xFBB4,  0xFF51, 0x010C, 0xFFEE, 0x007B,
  0xFD9F, 0xFE4E, 0xFF96, 0xFDE8,  0xFFC1, 0x0225, 0x0194, 0xFFF9,
  0xFE9D, 0x047A, 0x074F, 0x0148,  0xFE8A, 0xFBC8, 0x0027, 0x02B4,
  0x0168, 0xFD94, 0xFC3D, 0xFEE4,  0x013B, 0xFF41, 0xFE23, 0x0132,
  0x01A6, 0x02FD, 0x0152, 0x02B8,  0xFD4A, 0xFC1B, 0x00D2, 0xFECA,
  0x009E, 0x000D, 0xFFD5, 0x0384,  0xFFD8, 0x0098, 0xFDD0, 0x003D,
  0x0286, 0xFF38, 0x01B3, 0xFE23,  0xFF30, 0x00D0, 0xFEBF, 0xFE5A,
  0xFF8E, 0x0129, 0x0236, 0xFD3D,  0xFE8A, 0x0030, 0x00DC, 0xFFC3,
  0xFF5A, 0x0044, 0x0113, 0x007C,  0xFE3A, 0xFE72, 0xFFAB, 0x013E,
  0xFF7D, 0x0163, 0xFF00, 0x007C,  0xFE40, 0xFE68, 0x03EF, 0x0253,
  0xFF5F, 0xFE7B, 0xFE64, 0xFFE9,  0x020F, 0x02FF, 0x0275, 0x00C7,
  0xFC46, 0xFA81, 0xFD5E, 0x024E,  0x0422, 0x0148, 0x0150, 0xFC59,
  0xFF8C, 0x0111, 0x039F, 0x0255,  0xFB9C, 0xFE78, 0x00F7, 0x01A5,
  0xFED6, 0xFC3B, 0xFFD0, 0x053C,  0x01BB, 0xFD4D, 0xFC31, 0x00DC,
  0x027A, 0x004E, 0xFF05, 0xFF32,  0x0118, 0x01DF, 0xFDB4, 0xFA6B,
  0xFC7C, 0x00D5, 0x048A, 0x0116,  0xFE21, 0xFD9B, 0x01D1, 0x02B3,
  0xFE7D, 0xFE04, 0xFFAF, 0x00BD,  0x0186, 0xFE16, 0x01B9, 0x0296,
  0x00BF, 0xFF82, 0xFD93, 0xFF2E,  0xFFAF, 0x0129, 0xFE4F, 0xFD15,
  0xFF36, 0x01DA, 0x01DB, 0xFFBC,  0xFCE5, 0x00E9, 0xFFC7, 0xFE76,
  0x0048, 0xFEAE, 0x00F0, 0x0221,  0x008C, 0x0184, 0xFF89, 0x00BF,
  0x00DC, 0xFEFF, 0x0198, 0x000A,  0x006B, 0xFE36, 0x007B, 0x0097,
  0xFDA0, 0xFEFE, 0xFF8E, 0x01BC,  0x02AA, 0xFF91, 0xFF7E, 0xFE70,
  0x00CF, 0x0053, 0xFEF3, 0xFF56,  0x010F, 0x00B1, 0xFD3F, 0xFEED,
  0xFEF3, 0x0268, 0x00A3, 0x016F,  0x0012, 0x0146, 0x0310, 0xFEC9,
  0x00B7, 0xFE93, 0x00F1, 0x010D,  0xFF02, 0xFFD8, 0xFC4F, 0x02FA,
  0x030E, 0x006A, 0xFF86, 0xFB82,  0xFEE4, 0x0035, 0x00EB, 0xFF64,
  0xFE8B, 0xFEF6, 0x006E, 0x0056,  0x0024, 0xFEED, 0xFE90, 0x0165,
  0x00CF, 0x017E, 0xFF45, 0xFE32,  0xFF1A, 0x009C, 0x0021, 0x0008,
  0xFFFF, 0x0148, 0x01E6, 0xFFEF,  0xFF50, 0xFD57, 0xFF29, 0xFED1,
  0xFDF5, 0xFE48, 0x005E, 0x017A,  0x0193, 0xFE9C, 0xFC88, 0xFEAE,
  0x0017, 0x005C, 0xFE3F, 0xFE10,  0x002F, 0x00AE, 0x0096, 0xFF87,
  0xFE94, 0x00E8, 0x00C0, 0x0024,  0xFF83, 0x0160, 0x0281, 0x0253,
  0xFF7F, 0x00CD, 0x0267, 0x01FC,  0x0110, 0xFEE1, 0x02D7, 0x034D,
  0x02EA, 0x0079, 0xFFF4, 0xFFD1,  0xFF71, 0x0178, 0x02F4, 0x0293,
  0xFF94, 0xFEB4, 0xFF8B, 0x00DB,  0xFF04, 0xFE0D, 0xFFF1, 0x038E,
  0x049A, 0x0198, 0xFEED, 0xFEBF,  0xFFBA, 0xFF76, 0xFD93, 0xFB6E,
  0xFF28, 0x0108, 0x0138, 0xFE97,  0xFB51, 0xFC19, 0xFD3E, 0x007E,
  0xFE79, 0xFD58, 0xFE10, 0xFE40,  0xFEA2, 0xFC03, 0xFCF2, 0xFEA5,
  0xFE4D, 0xFE43, 0xFD11, 0xFD33,  0xFDBF, 0xFD87, 0xFEA7, 0xFF55,
  0xFF3D, 0x00EF, 0xFEE1, 0xFDE9,  0xFE8B, 0xFE4D, 0x00D4, 0x01BC,
  0x025E, 0x0198, 0xFFCB, 0x00F8,  0x0173, 0x003B, 0x01E5, 0x00D6,
  0x02A0, 0x0314, 0x01CC, 0x0433,  0x0341, 0x03C0, 0x02F5, 0x01FF,
  0x030E, 0x029F, 0x03D5, 0x04FA,  0x043B, 0x039D, 0x0276, 0x02DC,
  0x0479, 0x027D, 0x00EE, 0x0289,  0x04C9, 0x06E7, 0x03D2, 0x0152,
  0x0120, 0x0171, 0x02BB, 0x0147,  0x00B3, 0x001C, 0x0058, 0x014A,
  0x0089, 0xFEE2, 0xFE83, 0x0024,  0x006B, 0xFF1A, 0xFD02, 0xFC30,
  0xFD1D, 0xFD58, 0xFD5E, 0xFD3E,  0xFCA8, 0xFAE7, 0xF9E7, 0xF9C9,
  0xFA6F, 0xFB9C, 0xFAD3, 0xFA63,  0xFA80, 0xFAA5, 0xFA87, 0xFA7C,
  0xFA47, 0xF94E, 0xFA36, 0xF916,  0xF886, 0xF9A7, 0xF940, 0xFAE9,
  0xFB41, 0xF912, 0xF81B, 0xF859,  0xF9CF, 0xFB99, 0xFBFB, 0xFB3A,
  0xFA84, 0xFC3B, 0xFEE0, 0x0093,  0x0166, 0x0267, 0x0414, 0x05ED,
  0x0827, 0x09DD, 0x0BAC, 0x0D15,  0x0F26, 0x1109, 0x1235, 0x139C,
  0x13AB, 0x14BF, 0x154C, 0x14DB,  0x146C, 0x136B, 0x13B7, 0x13CC,
  0x12BF, 0x1102, 0x0F21, 0x0D2B,  0x0AFA, 0x08BE, 0x067B, 0x0477,
  0x0251, 0xFEE0, 0xFB8C, 0xF9CB,  0xF99D, 0xF7D6, 0xF3F6, 0xF140,
  0xF075, 0xF158, 0xF109, 0xEED5,  0xECC7, 0xED6E, 0xEF17, 0xEF6C,
  0xEE4C, 0xECD9, 0xECDE, 0xEE27,  0xEEEC, 0xEF43, 0xEF16, 0xEF3D,
  0xEFC2, 0xF01C, 0xF031, 0xF0CD,  0xF11B, 0xF0EE, 0xF05E, 0xF09E,
  0xF1B8, 0xF28F, 0xF3BD, 0xF475,  0xF60D, 0xF6A3, 0xF7CF, 0xF9DF,
  0xFDDE, 0x01B3, 0x035B, 0x05C7,  0x090A, 0x0CE9, 0x0F87, 0x1159,
  0x137D, 0x16F1, 0x1ADA, 0x1CF6,  0x1DDE, 0x1ECF, 0x20CC, 0x22B0,
  0x21D1, 0x2097, 0x2025, 0x2067,  0x2017, 0x1DAF, 0x1AD9, 0x1827,
  0x15E9, 0x1216, 0x0DFA, 0x0AD1,  0x07B4, 0x044A, 0x0026, 0xFD2D,
  0xFB5C, 0xF94B, 0xF5B7, 0xF1F3,  0xF062, 0xF021, 0xEF01, 0xECA7,
  0xEB80, 0xEC48, 0xEDE6, 0xEEBA,  0xEE2F, 0xEDBF, 0xEE90, 0xEFC3,
  0xEF7A, 0xEE4F, 0xEE67, 0xEFC4,  0xF07B, 0xF07A, 0xF015, 0xEFF9,
  0xF0A6, 0xF12C, 0xEF3B, 0xEC60,  0xEB08, 0xEC6F, 0xEECC, 0xEF2D,
  0xEE51, 0xEBEB, 0xEA3F, 0xEB60,  0xEE07, 0xEEC7, 0xEFEB, 0xF322,
  0xF963, 0xFEC7, 0x030A, 0x06B0,  0x08CA, 0x0D15, 0x104E, 0x1375,
  0x163D, 0x1B20, 0x2012, 0x235E,  0x2548, 0x267A, 0x2921, 0x2A0C,
  0x29F3, 0x288A, 0x26C0, 0x26E0,  0x2690, 0x24BD, 0x20BB, 0x1BC6,
  0x1726, 0x12A8, 0x0DE9, 0x08EE,  0x04F4, 0x0171, 0xFD8A, 0xF95B,
  0xF5BD, 0xF30F, 0xF111, 0xEDCA,  0xEABA, 0xE8C3, 0xE8D2, 0xEA12,
  0xEA76, 0xEA87, 0xEAC9, 0xEBD4,  0xEDA6, 0xEF00, 0xEEC6, 0xEED8,
  0xF01B, 0xF210, 0xF42A, 0xF58E,  0xF5FA, 0xF5CE, 0xF50E, 0xF357,
  0xF211, 0xF144, 0xF10F, 0xF021,  0xEFA7, 0xEF89, 0xEE80, 0xEDCA,
  0xEB5B, 0xEA31, 0xE9D6, 0xE909,  0xE772, 0xE81B, 0xEB40, 0xEF04,
  0xF176, 0xF556, 0xFB66, 0x00FD,  0x0648, 0x07EC, 0x0BF3, 0x1123,
  0x16BC, 0x1B08, 0x1DB8, 0x22AC,  0x2829, 0x2C1A, 0x2CE8, 0x2D7B,
  0x2ECA, 0x2F4C, 0x2E34, 0x2BBF,  0x2B0D, 0x2A4C, 0x27D6, 0x230D,
  0x1D62, 0x18D1, 0x143E, 0x0EEB,  0x0812, 0x0230, 0xFDED, 0xFAF9,
  0xF732, 0xF31C, 0xEEF3, 0xEBC1,  0xE933, 0xE677, 0xE4A2, 0xE418,
  0xE554, 0xE693, 0xE743, 0xE83C,  0xE917, 0xEAD3, 0xEC6A, 0xED3B,
  0xEE32, 0xEFFE, 0xF2D4, 0xF543,  0xF722, 0xF7C6, 0xF6E3, 0xF548,
  0xF438, 0xF341, 0xF267, 0xF0F4,  0xF09F, 0xEFC6, 0xEEED, 0xEE53,
  0xED1B, 0xEB83, 0xE9B0, 0xE936,  0xE78F, 0xE655, 0xE625, 0xE992,
  0xECB5, 0xEF7C, 0xF2AC, 0xF950,  0x0166, 0x05CE, 0x0889, 0x0C6C,
  0x13D1, 0x1942, 0x1C80, 0x1FAF,  0x25BF, 0x2C19, 0x303C, 0x31A2,
  0x31C2, 0x335C, 0x34B3, 0x3327,  0x2FF1, 0x2DCB, 0x2DA3, 0x2BB5,
  0x2710, 0x2116, 0x1B97, 0x1735,  0x10EA, 0x0945, 0x01FE, 0xFD5E,
  0xF9A7, 0xF59A, 0xF10E, 0xEC82,  0xE930, 0xE66B, 0xE3AE, 0xE11C,
  0xDF62, 0xDEBE, 0xDFEA, 0xE195,  0xE397, 0xE56B, 0xE6D5, 0xE7F5,
  0xEA2B, 0xECA1, 0xEE64, 0xF060,  0xF26E, 0xF55C, 0xF702, 0xF7C3,
  0xF6FD, 0xF5C4, 0xF4A6, 0xF38D,  0xF204, 0xF104, 0xF030, 0xEF78,
  0xEF0D, 0xEE79, 0xEDE0, 0xEC7C,  0xEB13, 0xE990, 0xE78B, 0xE750,
  0xE973, 0xEC18, 0xEDE6, 0xF12F,  0xF908, 0x01C2, 0x06EC, 0x096F,
  0x0D83, 0x1352, 0x1976, 0x1CF7,  0x200B, 0x24A3, 0x2B7F, 0x31A3,
  0x3486, 0x350F, 0x35AD, 0x3673,  0x35E3, 0x3302, 0x2FC9, 0x2EA3,
  0x2CEA, 0x29A4, 0x249B, 0x1F50,  0x1922, 0x124B, 0x0A6A, 0x035F,
  0xFD7D, 0xF8BC, 0xF3DB, 0xEF71,  0xEBD8, 0xE8A0, 0xE492, 0xE060,
  0xDD32, 0xDBB8, 0xDB45, 0xDADE,  0xDBF1, 0xDE7F, 0xE1F3, 0xE42E,
  0xE5A4, 0xE7BF, 0xEAC0, 0xEC7D,  0xEE9C, 0xF0B5, 0xF355, 0xF632,
  0xF825, 0xF807, 0xF71A, 0xF5FF,  0xF51A, 0xF3CF, 0xF268, 0xF0C1,
  0xEFF0, 0xEFDA, 0xEFD1, 0xEFCF,  0xEECB, 0xECC0, 0xEA90, 0xE97C,
  0xE988, 0xEA36, 0xEAC7, 0xED75,  0xF1E6, 0xF9FB, 0x0158, 0x0656,
  0x0916, 0x0DC2, 0x1439, 0x19A2,  0x1CE9, 0x201B, 0x25CC, 0x2C81,
  0x331D, 0x361B, 0x3777, 0x37F7,  0x38E0, 0x3781, 0x3492, 0x3146,
  0x2F61, 0x2D8D, 0x2A83, 0x25E2,  0x203F, 0x1A39, 0x128C, 0x0AAB,
  0x0369, 0xFD64, 0xF812, 0xF365,  0xEEA3, 0xEAFD, 0xE7BB, 0xE3F6,
  0xDF49, 0xDB78, 0xD9B2, 0xD951,  0xD9A2, 0xDABE, 0xDD1E, 0xE01E,
  0xE3ED, 0xE669, 0xE855, 0xE9D7,  0xEBD6, 0xEE33, 0xF079, 0xF29D,
  0xF46A, 0xF67C, 0xF77B, 0xF767,  0xF60D, 0xF42F, 0xF26D, 0xF12F,
  0xF00D, 0xEEDB, 0xEDB2, 0xED83,  0xED99, 0xED24, 0xEB61, 0xE99C,
  0xE7E0, 0xE7E5, 0xE9DB, 0xEC32,  0xEE79, 0xF176, 0xF804, 0x00A4,
  0x0799, 0x0A6F, 0x0D49, 0x12B5,  0x1A75, 0x1FA5, 0x2260, 0x25CF,
  0x2BB1, 0x323F, 0x3663, 0x37E2,  0x384D, 0x38CF, 0x386F, 0x35F4,
  0x3268, 0x3006, 0x2E58, 0x2B48,  0x2622, 0x2108, 0x1B0B, 0x149B,
  0x0CF8, 0x050B, 0xFE37, 0xF8CB,  0xF403, 0xEFD7, 0xEB9F, 0xE85F,
  0xE574, 0xE208, 0xDECA, 0xDBD2,  0xDB2D, 0xDB3E, 0xDC1D, 0xDDFB,
  0xE0F0, 0xE4BD, 0xE8A1, 0xEBD4,  0xED92, 0xEF4C, 0xF08C, 0xF213,
  0xF2D2, 0xF370, 0xF3E4, 0xF359,  0xF3EE, 0xF337, 0xF2DA, 0xF168,
  0xEFBF, 0xEE8C, 0xED22, 0xEBBA,  0xEAEC, 0xEA4E, 0xEBD7, 0xEC33,
  0xEB08, 0xEB21, 0xE9D0, 0xECB2,  0xEDB1, 0xEF36, 0xF4B7, 0xFA3C,
  0x0558, 0x0BF5, 0x0EE7, 0x117E,  0x122C, 0x18E4, 0x1C99, 0x2273,
  0x275A, 0x293D, 0x2B9C, 0x2922,  0x28F1, 0x306A, 0x39F5, 0x3BDC,
  0x3776, 0x2F78, 0x29F3, 0x28BA,  0x2504, 0x1D4E, 0x168B, 0x1129,
  0x0EA7, 0x0991, 0x0264, 0xFC31,  0xF768, 0xF24A, 0xEB53, 0xE579,
  0xE2B8, 0xE3B5, 0xE43A, 0xE3B7,  0xE373, 0xE56B, 0xE93F, 0xECC6,
  0xEC9B, 0xECE2, 0xECB7, 0xF036,  0xF47F, 0xF926, 0xFCEE, 0xFE53,
  0x0053, 0x003B, 0xFE4C, 0xF93A,  0xF39A, 0xEFCA, 0xEE03, 0xEA16,
  0xE638, 0xE2BA, 0xE225, 0xE127,  0xDD0A, 0xD77C, 0xD343, 0xD338,
  0xD5DA, 0xD7A9, 0xD898, 0xDBC4,  0xE0FA, 0xE869, 0xEDDA, 0xF312,
  0xFAD1, 0x0663, 0x13C2, 0x1DE0,  0x25FB, 0x2DC2, 0x3778, 0x40D6,
  0x45D6, 0x4796, 0x46F3, 0x47EC,  0x485E, 0x4613, 0x40CC, 0x398E,
  0x33AB, 0x2C63, 0x2347, 0x194F,  0x0F83, 0x07D4, 0x008E, 0xF915,
  0xF13E, 0xEAE6, 0xE6C2, 0xE352,  0xE0E9, 0xDEA4, 0xDE46, 0xDFCE,
  0xE365, 0xE80F, 0xEC76, 0xF0D0,  0xF50C, 0xF971, 0xFE25, 0x0139,
  0x0462, 0x0698, 0x08F9, 0x0AD7,  0x0B8F, 0x0C47, 0x0A12, 0x0746,
  0x02D3, 0xFCC9, 0xF779, 0xF0A1,  0xEAC3, 0xE429, 0xDE54, 0xD967,
  0xD3DC, 0xCF90, 0xCBDF, 0xC9DF,  0xC8E0, 0xC99C, 0xCB23, 0xCE5F,
  0xD1B9, 0xD760, 0xDC07, 0xE114,  0xE578, 0xE94C, 0xEEBF, 0xF450,
  0xFB53, 0x0311, 0x0A82, 0x1752,  0x2579, 0x3388, 0x3C43, 0x3FF8,
  0x468E, 0x4973, 0x4CDA, 0x48F1,  0x44D3, 0x4050, 0x3D1F, 0x3AAF,
  0x3281, 0x29C8, 0x2082, 0x17D7,  0x0F92, 0x0448, 0xFBFE, 0xF58E,
  0xF16E, 0xF023, 0xECB7, 0xEDAB,  0xEBE8, 0xEE17, 0xEDDB, 0xED9E,
  0xEE18, 0xEF61, 0xF28A, 0xF57F,  0xF97B, 0xFDF3, 0x0206, 0x0545,
  0x0827, 0x0873, 0x094A, 0x071A,  0x06DE, 0x03E2, 0x0261, 0xFEFC,
  0xFC5D, 0xF968, 0xF4D8, 0xEFB6,  0xE84C, 0xE104, 0xDA6C, 0xD4E7,
  0xD0D3, 0xCCAA, 0xCA8C, 0xCABA,  0xCC84, 0xCF9C, 0xD1D6, 0xD475,
  0xD641, 0xDBA0, 0xDE5D, 0xE3DD,  0xE5BA, 0xEB56, 0xEEC9, 0xF448,
  0xF924, 0x0068, 0x06FA, 0x0FB0,  0x1A42, 0x2784, 0x34ED, 0x39C3,
  0x42A1, 0x4393, 0x4C47, 0x48FE,  0x4998, 0x4246, 0x3CA7, 0x3A56,
  0x3197, 0x2C86, 0x20F4, 0x1AC9,  0x1259, 0x0A22, 0x0206, 0xFAE2,
  0xF56B, 0xF261, 0xEE1B, 0xEF04,  0xEC60, 0xEFB3, 0xF01A, 0xF15D,
  0xF40B, 0xF2F0, 0xF79C, 0xF764,  0xFACB, 0xFD31, 0xFE79, 0x0241,
  0x03BF, 0x0698, 0x0752, 0x0650,  0x06C0, 0x03AD, 0x02A0, 0xFE67,
  0xFB5C, 0xF6EC, 0xF324, 0xEF28,  0xEA31, 0xE500, 0xDF40, 0xDACD,
  0xD675, 0xD2AB, 0xCF7B, 0xCD1D,  0xCCEF, 0xCE63, 0xD10A, 0xD410,
  0xD73D, 0xDC94, 0xDF6D, 0xE599,  0xE810, 0xED62, 0xEF42, 0xF351,
  0xF573, 0xF954, 0xFDA5, 0x0399,  0x098B, 0x1076, 0x1B4B, 0x2600,
  0x3526, 0x38BE, 0x424C, 0x41A3,  0x498A, 0x473E, 0x443D, 0x3FDA,
  0x367A, 0x36C2, 0x2CED, 0x2975,  0x1EEA, 0x189D, 0x12D3, 0x0ABC,
  0x0434, 0xFC2D, 0xF5D1, 0xF3E1,  0xEE2E, 0xEFEB, 0xED2B, 0xEE18,
  0xF09F, 0xEF51, 0xF4AD, 0xF1E7,  0xF5B2, 0xF4FC, 0xF6AF, 0xF91F,
  0xFA85, 0xFE70, 0xFF6B, 0x0235,  0x0475, 0x04F0, 0x0568, 0x0255,
  0x00F1, 0xFE5D, 0xFBC6, 0xF8B5,  0xF39B, 0xF2A6, 0xEE49, 0xECA6,
  0xE66E, 0xE2EB, 0xDD80, 0xDA19,  0xD6E9, 0xD318, 0xD199, 0xD166,
  0xD353, 0xD4CE, 0xD8EA, 0xDB46,  0xE02E, 0xE2B3, 0xE7ED, 0xE99D,
  0xEE19, 0xEEEB, 0xF2C4, 0xF2AD,  0xF7FF, 0xF9E9, 0xFF11, 0x0690,
  0x0BB3, 0x1A7A, 0x2369, 0x345E,  0x3A42, 0x4213, 0x46CC, 0x4928,
  0x492F, 0x472F, 0x3F6B, 0x3B19,  0x336A, 0x2F23, 0x2885, 0x1FE1,
  0x1BDF, 0x10B5, 0x0DEF, 0x026C,  0xFEF2, 0xF5A5, 0xF1F7, 0xEDC5,
  0xEAD6, 0xEB57, 0xEA6F, 0xEC85,  0xED38, 0xF034, 0xF130, 0xF38A,
  0xF353, 0xF631, 0xF5DF, 0xFA90,  0xFB3A, 0xFE9E, 0x0003, 0x025A,
  0x052F, 0x051F, 0x065E, 0x03DF,  0x02FB, 0x0040, 0xFDD9, 0xF90C,
  0xF5DA, 0xF0A1, 0xECE7, 0xE79C,  0xE3F7, 0xDF08, 0xDB39, 0xD841,
  0xD5C7, 0xD44A, 0xD3CD, 0xD3F0,  0xD595, 0xD892, 0xDB6A, 0xDE91,
  0xE219, 0xE683, 0xE94C, 0xEE3B,  0xEFC1, 0xF3E6, 0xF43B, 0xF8C2,
  0xFB4A, 0x010E, 0x069C, 0x0E76,  0x167D, 0x23F9, 0x3029, 0x3821,
  0x3F54, 0x412D, 0x485E, 0x4416,  0x460E, 0x3B78, 0x36A0, 0x30EE,
  0x2A0A, 0x25B6, 0x1C83, 0x191F,  0x120F, 0x0E44, 0x07A2, 0x013C,
  0xFB24, 0xF660, 0xF117, 0xEF5A,  0xEB95, 0xEC50, 0xEB8E, 0xEE29,
  0xF061, 0xF17B, 0xF56C, 0xF4F3,  0xF800, 0xF782, 0xF9B2, 0xFA19,
  0xFAEE, 0xFD68, 0xFE6A, 0x01C0,  0x03B5, 0x056F, 0x060E, 0x0546,
  0x0443, 0x0127, 0xFCF8, 0xF79A,  0xF11A, 0xECDA, 0xE6FF, 0xE32D,
  0xE036, 0xDC88, 0xDCC3, 0xD9EE,  0xDB47, 0xD81A, 0xD8E4, 0xD899,
  0xD8CB, 0xDB93, 0xDC48, 0xE0A1,  0xE264, 0xE8C1, 0xEAFE, 0xF0CB,
  0xF269, 0xF69F, 0xF6D7, 0xFA61,  0xFB53, 0xFFB0, 0x03B5, 0x09E5,
  0x134A, 0x1B5E, 0x2CA3, 0x3167,  0x3E85, 0x3F56, 0x469B, 0x46E6,
  0x459E, 0x4197, 0x373A, 0x3414,  0x2B8B, 0x2735, 0x1E41, 0x19DF,
  0x13D6, 0x111D, 0x0B2B, 0x0634,  0xFEBB, 0xFABF, 0xF49E, 0xEFE9,
  0xEC23, 0xE784, 0xE8C6, 0xE76A,  0xEBB8, 0xEBF0, 0xEFE2, 0xF221,
  0xF41E, 0xF74D, 0xF74B, 0xF8D1,  0xF8DB, 0xFAA7, 0xFC4C, 0xFE6A,
  0x0197, 0x0465, 0x074D, 0x08E3,  0x08F9, 0x071F, 0x03DD, 0xFE7B,
  0xF891, 0xF235, 0xEB81, 0xE601,  0xE0DD, 0xDE4D, 0xDCAB, 0xDB9F,
  0xDB96, 0xDA39, 0xDAE5, 0xDA0D,  0xDAD0, 0xDA07, 0xDB4A, 0xDCEE,
  0xDF77, 0xE385, 0xE6AD, 0xED1C,  0xF05B, 0xF6D9, 0xF867, 0xFC45,
  0xFC0A, 0x000B, 0x0078, 0x0589,  0x093F, 0x100A, 0x1BE5, 0x24D9,
  0x3401, 0x36AD, 0x434D, 0x43B0,  0x497F, 0x460A, 0x40FD, 0x3B2D,
  0x3045, 0x2CBA, 0x204F, 0x1BDD,  0x13AE, 0x11DE, 0x0DE3, 0x0BFB,
  0x07FA, 0x0465, 0x003E, 0xFB89,  0xF617, 0xEF03, 0xEB89, 0xE69B,
  0xE785, 0xE51A, 0xE884, 0xEA08,  0xEED0, 0xF2F7, 0xF578, 0xF9D6,
  0xF95E, 0xFC3E, 0xFAF2, 0xFC6F,  0xFC47, 0xFCC8, 0xFEDE, 0x005F,
  0x0379, 0x04C6, 0x052F, 0x0455,  0x0189, 0xFD46, 0xF6E0, 0xEF81,
  0xE801, 0xE0F6, 0xDBBA, 0xD854,  0xD655, 0xD63A, 0xD746, 0xD928,
  0xDCAB, 0xDE85, 0xE129, 0xE1E6,  0xE4A6, 0xE5C2, 0xE7C0, 0xE8BB,
  0xEC06, 0xEEE1, 0xF28D, 0xF70F,  0xF92A, 0xFF0D, 0x004E, 0x075F,
  0x092A, 0x10CA, 0x1547, 0x1CD3,  0x2736, 0x2E2C, 0x365F, 0x396F,
  0x419B, 0x4230, 0x43EB, 0x3F51,  0x3B5E, 0x34E4, 0x2E63, 0x26E1,
  0x1D88, 0x1769, 0x10A5, 0x0CF0,  0x07BE, 0x05E2, 0x00D2, 0xFFAE,
  0xFB60, 0xF851, 0xF2F0, 0xEE7C,  0xEB5D, 0xE756, 0xE74A, 0xE4BE,
  0xE6F4, 0xE86A, 0xED1C, 0xF003,  0xF503, 0xF826, 0xFB84, 0xFDBB,
  0xFF14, 0x00A9, 0xFFD9, 0x0222,  0x017C, 0x037E, 0x02E3, 0x045A,
  0x03AB, 0x02E7, 0x0080, 0xFBC8,  0xF7A5, 0xF0EC, 0xEBA9, 0xE49D,
  0xDF9F, 0xDB7F, 0xD87F, 0xD7BF,  0xD746, 0xD930, 0xDABB, 0xDD9A,
  0xDF3D, 0xE187, 0xE3F7, 0xE59E,  0xE8B6, 0xE9A9, 0xEDE9, 0xEF68,
  0xF3AB, 0xF63B, 0xF909, 0xFB98,  0xFE21, 0x0150, 0x0470, 0x09E1,
  0x0E3F, 0x160B, 0x1E21, 0x297D,  0x315B, 0x37E2, 0x3F22, 0x429F,
  0x4625, 0x4416, 0x40A1, 0x3B5A,  0x3307, 0x2CE0, 0x21D8, 0x1B0D,
  0x123A, 0x0CD8, 0x0898, 0x04F9,  0x0395, 0x0075, 0x00A9, 0xFD03,
  0xFAC7, 0xF62D, 0xF164, 0xEC87,  0xE919, 0xE53D, 0xE2C4, 0xE246,
  0xE38A, 0xE6B7, 0xEA2E, 0xF001,  0xF3AC, 0xF953, 0xFD00, 0x008C,
  0x0334, 0x03BE, 0x05C1, 0x04CA,  0x05DD, 0x0453, 0x0415, 0x02B7,
  0x0006, 0xFDEB, 0xF8F3, 0xF580,  0xEFA3, 0xEB3C, 0xE59F, 0xE109,
  0xDD5F, 0xDAEE, 0xD994, 0xD8ED,  0xD9F3, 0xDA51, 0xDDE7, 0xDEB6,
  0xE2C4, 0xE467, 0xE7D0, 0xEB83,  0xECBA, 0xF133, 0xF0FD, 0xF550,
  0xF522, 0xF830, 0xF9D4, 0xFCC3,  0x001E, 0x04DF, 0x0B6C, 0x11C3,
  0x1A62, 0x21E9, 0x2EEB, 0x3378,  0x3CC7, 0x3E12, 0x4281, 0x4396,
  0x3FD5, 0x3E0D, 0x33B7, 0x302D,  0x255B, 0x1EEE, 0x1787, 0x1008,
  0x0D21, 0x0789, 0x0706, 0x0388,  0x0223, 0x0082, 0xFD90, 0xFBA9,
  0xF5EA, 0xF272, 0xEDE7, 0xEAA1,  0xE760, 0xE51C, 0xE4F0, 0xE634,
  0xE88F, 0xEBE7, 0xF050, 0xF42E,  0xF9B9, 0xFC8F, 0x016B, 0x0337,
  0x0531, 0x065A, 0x05E6, 0x0694,  0x03CA, 0x0387, 0x009D, 0xFE65,
  0xFA6F, 0xF65F, 0xF26C, 0xED0F,  0xE939, 0xE456, 0xE16D, 0xDE59,
  0xDD60, 0xDCF8, 0xDDE9, 0xDF69,  0xE171, 0xE395, 0xE614, 0xE77D,
  0xE8ED, 0xE9CB, 0xEAC6, 0xEC22,  0xEC02, 0xEDAB, 0xEE14, 0xF126,
  0xF2AC, 0xF53C, 0xF830, 0xFBD1,  0xFF80, 0x03C0, 0x085F, 0x0EBB,
  0x1500, 0x1B6F, 0x2454, 0x2ABB,  0x3406, 0x3726, 0x3C41, 0x3F50,
  0x4034, 0x400A, 0x3A6D, 0x376D,  0x2FF2, 0x2955, 0x21C2, 0x195B,
  0x1383, 0x0C41, 0x0852, 0x039D,  0x00A9, 0xFE4F, 0xFB56, 0xFA28,
  0xF707, 0xF4E2, 0xF0CC, 0xEE68,  0xEC32, 0xE9DE, 0xE83B, 0xE74D,
  0xE8D7, 0xEA32, 0xED32, 0xEFCC,  0xF486, 0xF7A9, 0xFC7B, 0xFFC1,
  0x02C1, 0x05B4, 0x0657, 0x08E4,  0x0778, 0x07F3, 0x050A, 0x0380,
  0xFFFF, 0xFBDF, 0xF74A, 0xF14F,  0xED90, 0xE81B, 0xE4EB, 0xE050,
  0xDEFC, 0xDDA2, 0xDDEE, 0xDF1B,  0xE065, 0xE353, 0xE538, 0xE874,
  0xE997, 0xEB25, 0xEBB9, 0xEC03,  0xEC9B, 0xEBDE, 0xED24, 0xECFA,
  0xEFA2, 0xF134, 0xF476, 0xF728,  0xFA33, 0xFE2F, 0x0157, 0x05A0,
  0x080B, 0x0E0B, 0x1144, 0x17E3,  0x1CA8, 0x23D7, 0x2B41, 0x2ECC,
  0x356A, 0x372B, 0x3B26, 0x3AF3,  0x39C6, 0x37A1, 0x31DC, 0x2E8E,
  0x2642, 0x201A, 0x1882, 0x1178,  0x0BE5, 0x058A, 0x0241, 0xFD99,
  0xFBE6, 0xF98C, 0xF869, 0xF68D,  0xF49E, 0xF30D, 0xF170, 0xEFEF,
  0xEDDF, 0xEC88, 0xEBC4, 0xEC52,  0xEC53, 0xEE1F, 0xEFE6, 0xF2C6,
  0xF5F9, 0xF945, 0xFD19, 0x0024,  0x0396, 0x061D, 0x080B, 0x08DE,
  0x0871, 0x0785, 0x04D3, 0x016C,  0xFCB8, 0xF791, 0xF2A4, 0xED50,
  0xE880, 0xE46F, 0xE12E, 0xDF39,  0xDE5F, 0xDE91, 0xE052, 0xE23B,
  0xE562, 0xE7F6, 0xEB02, 0xED55,  0xEF19, 0xEFE6, 0xF030, 0xEEF0,
  0xEE98, 0xED9B, 0xED45, 0xED58,  0xEDA2, 0xF028, 0xF151, 0xF619,
  0xF7DD, 0xFD1B, 0x001E, 0x0589,  0x0925, 0x0E07, 0x13E3, 0x16CB,
  0x1E65, 0x2203, 0x2A0A, 0x2B51,  0x3172, 0x33C5, 0x3563, 0x3805,
  0x3513, 0x35EB, 0x3057, 0x2E7E,  0x2887, 0x222F, 0x1D15, 0x151C,
  0x1087, 0x096B, 0x0497, 0x0046,  0xFB9A, 0xFA20, 0xF66E, 0xF4A7,
  0xF298, 0xF0D7, 0xEFC4, 0xEE05,  0xED9B, 0xEC46, 0xEC67, 0xED0D,
  0xEDCA, 0xEF66, 0xF1AB, 0xF3B4,  0xF71C, 0xF993, 0xFCFB, 0xFF2B,
  0x01FE, 0x0495, 0x0551, 0x06E8,  0x05F6, 0x0608, 0x0395, 0x01A1,
  0xFD71, 0xF941, 0xF4D7, 0xF090,  0xEC3C, 0xE829, 0xE5D0, 0xE30E,
  0xE2D6, 0xE1E9, 0xE35F, 0xE456,  0xE6DB, 0xE9A4, 0xEBE1, 0xEE9B,
  0xEFF8, 0xF16D, 0xF17F, 0xF150,  0xF071, 0xEEC1, 0xED94, 0xECFC,
  0xECE6, 0xEDA9, 0xEEFB, 0xF141,  0xF49B, 0xF893, 0xFCA0, 0x0032,
  0x0469, 0x07A8, 0x0BD1, 0x0F52,  0x1363, 0x16F3, 0x1B7E, 0x2176,
  0x25F1, 0x2B8B, 0x2EDD, 0x33AC,  0x364C, 0x37E1, 0x38B4, 0x3649,
  0x341F, 0x2FAA, 0x29D6, 0x2371,  0x1AED, 0x13FE, 0x0BF0, 0x0502,
  0xFF39, 0xF969, 0xF64C, 0xF30D,  0xF19E, 0xF03A, 0xEF34, 0xEF2A,
  0xEEB7, 0xEE66, 0xEE5D, 0xEDAE,  0xEE28, 0xEE37, 0xEEE2, 0xF002,
  0xF16E, 0xF3DB, 0xF624, 0xF967,  0xFC31, 0xFF41, 0x021B, 0x04BF,
  0x068E, 0x0791, 0x0799, 0x06E1,  0x04E9, 0x020F, 0xFF19, 0xFA4A,
  0xF693, 0xF1D5, 0xEDE3, 0xEA11,  0xE6C0, 0xE519, 0xE317, 0xE306,
  0xE2E4, 0xE3DC, 0xE562, 0xE724,  0xE9A7, 0xEB61, 0xEDC4, 0xEF32,
  0xF0A4, 0xF191, 0xF1D9, 0xF1FB,  0xF158, 0xF169, 0xF197, 0xF1A2,
  0xF30D, 0xF45F, 0xF6FC, 0xFA10,  0xFCE9, 0x0093, 0x0359, 0x0832,
  0x0A76, 0x0EE4, 0x1259, 0x177B,  0x1B08, 0x1FD0, 0x25D3, 0x2A40,
  0x2FD4, 0x316B, 0x3673, 0x362A,  0x3873, 0x355A, 0x3227, 0x2F2B,
  0x278A, 0x229C, 0x1908, 0x1309,  0x0AD8, 0x03D2, 0xFF4B, 0xF93D,
  0xF748, 0xF3CD, 0xF319, 0xF306,  0xF177, 0xF25B, 0xF0C1, 0xF14F,
  0xF076, 0xEF5F, 0xEE77, 0xEDC5,  0xEE23, 0xEDFF, 0xEEFA, 0xF0FE,
  0xF361, 0xF626, 0xF9D6, 0xFCE0,  0x0086, 0x02EE, 0x0583, 0x067A,
  0x06EA, 0x05E4, 0x040D, 0x01C0,  0xFDBE, 0xFA78, 0xF5E1, 0xF2AB,
  0xEE4E, 0xEB70, 0xE8E4, 0xE728,  0xE6B6, 0xE649, 0xE74E, 0xE7EB,
  0xE9B5, 0xEB21, 0xED03, 0xEEBC,  0xF027, 0xF176, 0xF268, 0xF316,
  0xF396, 0xF2F1, 0xF271, 0xF21C,  0xF126, 0xF0D4, 0xF08D, 0xF10F,
  0xF283, 0xF426, 0xF6D5, 0xF92F,  0xFCD5, 0xFFFC, 0x02C9, 0x05EA,
  0x0873, 0x0B02, 0x0D26, 0x10EC,  0x142A, 0x18C9, 0x1D02, 0x23EA,
  0x2A28, 0x2F65, 0x3459, 0x3769,  0x3B48, 0x3AD6, 0x39E1, 0x3612,
  0x313E, 0x2AF4, 0x225F, 0x1A44,  0x10BF, 0x08A2, 0x0133, 0xFABA,
  0xF65D, 0xF2B8, 0xF15F, 0xF0FF,  0xF117, 0xF20B, 0xF1EC, 0xF2B3,
  0xF348, 0xF2C6, 0xF1E3, 0xF01D,  0xEFE8, 0xEEC9, 0xEE2A, 0xEE69,
  0xEF28, 0xF15B, 0xF3E5, 0xF742,  0xFABC, 0xFE8E, 0x020C, 0x0586,
  0x0774, 0x08A6, 0x0823, 0x071E,  0x04B9, 0x00C0, 0xFC7B, 0xF76B,
  0xF31B, 0xEE41, 0xEA35, 0xE704,  0xE4C2, 0xE3FA, 0xE335, 0xE447,
  0xE505, 0xE726, 0xE91F, 0xEB03,  0xED9A, 0xEEB9, 0xF0DF, 0xF0F1,
  0xF27D, 0xF244, 0xF206, 0xF1DF,  0xF11E, 0xF0AB, 0xF079, 0xF00B,
  0xF10A, 0xF282, 0xF411, 0xF6F4,  0xF888, 0xFD50, 0xFF11, 0x0316,
  0x0581, 0x08D0, 0x0C5C, 0x0F2B,  0x12A5, 0x179A, 0x1C0A, 0x211F,
  0x270F, 0x2CD8, 0x342D, 0x3559,  0x3B0F, 0x3B5E, 0x3C4A, 0x3A7C,
  0x3517, 0x3182, 0x2846, 0x2198,  0x175F, 0x0E1A, 0x06D8, 0xFE43,
  0xF99B, 0xF434, 0xF279, 0xF0EC,  0xF05A, 0xF211, 0xF203, 0xF34E,
  0xF30B, 0xF396, 0xF2EF, 0xF1A9,  0xEFC3, 0xEED2, 0xED9C, 0xEDA4,
  0xECFF, 0xEE61, 0xF1AC, 0xF405,  0xF918, 0xFC26, 0x01D8, 0x0534,
  0x087E, 0x0B56, 0x0ACC, 0x0B54,  0x0826, 0x0593, 0x0075, 0xFB5E,
  0xF59D, 0xF01B, 0xEBB3, 0xE752,  0xE485, 0xE274, 0xE2BF, 0xE2C5,
  0xE509, 0xE6EB, 0xEA20, 0xEC7B,  0xEF01, 0xF122, 0xF215, 0xF307,
  0xF2C6, 0xF265, 0xF163, 0xF02F,  0xEF4C, 0xEDF5, 0xEDB3, 0xED01,
  0xED56, 0xEE35, 0xEF48, 0xF16E,  0xF2D8, 0xF64C, 0xF885, 0xFBC7,
  0xFEAB, 0x0127, 0x04AF, 0x070D,  0x0A6B, 0x0DAB, 0x1129, 0x1576,
  0x1935, 0x1ED5, 0x2448, 0x2942,  0x2E5D, 0x33FC, 0x3872, 0x3B7B,
  0x3C14, 0x3D64, 0x3C84, 0x3857,  0x345D, 0x2BE2, 0x25E9, 0x1B4A,
  0x1246, 0x089E, 0xFEEA, 0xF909,  0xF137, 0xEE45, 0xEAAF, 0xE942,
  0xE9FA, 0xE9F6, 0xEC8A, 0xED4E,  0xEEC3, 0xF114, 0xF1BB, 0xF2D1,
  0xF1FC, 0xF1FE, 0xF2A1, 0xF221,  0xF294, 0xF2DE, 0xF481, 0xF75D,
  0xF90B, 0xFD33, 0xFFA7, 0x034D,  0x060D, 0x07B6, 0x0992, 0x07BE,
  0x0773, 0x03C5, 0x003D, 0xFB65,  0xF52D, 0xF0C1, 0xEADC, 0xE784,
  0xE38B, 0xE13E, 0xE147, 0xE101,  0xE345, 0xE4F5, 0xE842, 0xEBA6,
  0xEE7D, 0xF1C3, 0xF377, 0xF4CF,  0xF5F5, 0xF548, 0xF53A, 0xF37B,
  0xF297, 0xF170, 0xEFF5, 0xF05B,  0xEF36, 0xF02D, 0xF0FB, 0xF25A,
  0xF4C6, 0xF651, 0xF9A5, 0xFC48,  0xFF5F, 0x02FD, 0x04B1, 0x0901,
  0x0B25, 0x0E5E, 0x1123, 0x1463,  0x184F, 0x1BBF, 0x1FD6, 0x258F,
  0x2A0B, 0x2EBE, 0x33A4, 0x36BE,  0x3B75, 0x3A4D, 0x3B4B, 0x38D1,
  0x35D4, 0x306A, 0x27A6, 0x204C,  0x162F, 0x0CA0, 0x02CD, 0xF9E9,
  0xF301, 0xED2B, 0xE9C9, 0xE845,  0xE7B4, 0xE96B, 0xEB17, 0xEE6B,
  0xF0FF, 0xF331, 0xF50A, 0xF5D5,  0xF6FD, 0xF65B, 0xF505, 0xF43F,
  0xF393, 0xF37B, 0xF318, 0xF3A8,  0xF625, 0xF846, 0xFB5D, 0xFEA8,
  0x01D0, 0x04FB, 0x0691, 0x085D,  0x07BB, 0x060D, 0x0308, 0xFF3B,
  0xFA57, 0xF492, 0xEEDA, 0xE9B5,  0xE5AF, 0xE262, 0xE0AA, 0xDFE4,
  0xE121, 0xE301, 0xE607, 0xE944,  0xECAC, 0xF05A, 0xF30F, 0xF590,
  0xF6AC, 0xF705, 0xF6F9, 0xF59A,  0xF4DB, 0xF294, 0xF15D, 0xF011,
  0xEF5A, 0xEFA3, 0xEF83, 0xF0FD,  0xF28F, 0xF462, 0xF713, 0xF8D5,
  0xFBBF, 0xFE69, 0x00D6, 0x03F9,  0x052C, 0x091E, 0x0A9A, 0x0DED,
  0x1064, 0x139C, 0x179F, 0x1B1F,  0x1F3C, 0x24B4, 0x291F, 0x2DB2,
  0x31EA, 0x358B, 0x39EF, 0x3831,  0x3A2A, 0x3691, 0x3428, 0x2EC9,
  0x260C, 0x1FBD, 0x14DE, 0x0D88,  0x031E, 0xFABE, 0xF4DA, 0xEE4B,
  0xEC57, 0xE92F, 0xEA01, 0xEAD0,  0xEC79, 0xF036, 0xF22D, 0xF52F,
  0xF6AA, 0xF85F, 0xF94E, 0xF8C7,  0xF79D, 0xF701, 0xF5C7, 0xF5B3,
  0xF438, 0xF4B8, 0xF693, 0xF7E9,  0xFB2A, 0xFCC1, 0x00C8, 0x02F6,
  0x0543, 0x06F0, 0x0636, 0x0602,  0x02E9, 0x0054, 0xFB89, 0xF6D1,
  0xF14B, 0xEC80, 0xE885, 0xE4DF,  0xE280, 0xE136, 0xE22E, 0xE351,
  0xE669, 0xE8F9, 0xED4D, 0xF07E,  0xF3CF, 0xF65C, 0xF796, 0xF8EB,
  0xF806, 0xF775, 0xF5A8, 0xF39B,  0xF1E1, 0xEF71, 0xEF1B, 0xEDBA,
  0xEE35, 0xEEE0, 0xF01D, 0xF2AD,  0xF418, 0xF73E, 0xF941, 0xFBB8,
  0xFDE3, 0xFF98, 0x01AE, 0x032C,  0x04BB, 0x06F7, 0x08B9, 0x0BA2,
  0x0E14, 0x1183, 0x1578, 0x1946,  0x1D69, 0x2215, 0x2690, 0x2B53,
  0x2E26, 0x322B, 0x34CA, 0x3565,  0x35D9, 0x3319, 0x31D8, 0x2C97,
  0x2731, 0x203E, 0x1833, 0x1145,  0x0861, 0x0107, 0xFA0F, 0xF44A,
  0xF07B, 0xED47, 0xEC62, 0xEC15,  0xECAF, 0xEED8, 0xF0F9, 0xF357,
  0xF553, 0xF6C1, 0xF8B0, 0xF934,  0xF92C, 0xF894, 0xF7BB, 0xF7E2,
  0xF6BB, 0xF69D, 0xF67B, 0xF783,  0xF8DE, 0xFA0B, 0xFC69, 0xFD94,
  0xFFFA, 0x0117, 0x021C, 0x0252,  0x011E, 0xFFFA, 0xFCE4, 0xFA4F,
  0xF636, 0xF20D, 0xEE9F, 0xEAF7,  0xE89F, 0xE683, 0xE58A, 0xE631,
  0xE710, 0xE96D, 0xEBB1, 0xEEA3,  0xF1E4, 0xF43D, 0xF6E8, 0xF81F,
  0xF948, 0xF97F, 0xF8A5, 0xF824,  0xF678, 0xF535, 0xF3BC, 0xF288,
  0xF241, 0xF185, 0xF20F, 0xF266,  0xF374, 0xF4A9, 0xF564, 0xF6F9,
  0xF7A3, 0xF8C3, 0xF9CF, 0xFAB8,  0xFCA3, 0xFE0B, 0x011A, 0x03BC,
  0x074C, 0x0B2E, 0x0F02, 0x1352,  0x17AB, 0x1B8C, 0x1FE0, 0x2310,
  0x26B2, 0x2A20, 0x2BD2, 0x2F0D,  0x2F78, 0x3162, 0x30DC, 0x2F3A,
  0x2DD3, 0x2A1D, 0x26B4, 0x215E,  0x1B0B, 0x155B, 0x0E40, 0x0866,
  0x0161, 0xFB60, 0xF6FD, 0xF26E,  0xF068, 0xEDA8, 0xED21, 0xED06,
  0xEDDD, 0xEF25, 0xF042, 0xF1C2,  0xF334, 0xF49D, 0xF5E7, 0xF61A,
  0xF6D7, 0xF70E, 0xF7BA, 0xF834,  0xF85E, 0xF963, 0xF9FC, 0xFB7C,
  0xFC5D, 0xFD50, 0xFE56, 0xFEDE,  0xFFC3, 0xFF94, 0xFF1C, 0xFE3B,
  0xFCB7, 0xFB26, 0xF8A4, 0xF64A,  0xF3CE, 0xF156, 0xEF6C, 0xEDA9,
  0xECA1, 0xEBF9, 0xEBF5, 0xECDA,  0xEDA3, 0xEF2B, 0xF08E, 0xF294,
  0xF369, 0xF4DA, 0xF5AB, 0xF641,  0xF640, 0xF5E2, 0xF678, 0xF561,
  0xF565, 0xF455, 0xF453, 0xF415,  0xF430, 0xF4A1, 0xF4B9, 0xF558,
  0xF5EA, 0xF659, 0xF644, 0xF662,  0xF694, 0xF6DD, 0xF6FD, 0xF814,
  0xF927, 0xFB3D, 0xFDB0, 0x00E6,  0x04CC, 0x08EF, 0x0DA0, 0x11E6,
  0x1695, 0x1A9B, 0x1E87, 0x21B2,  0x2508, 0x272A, 0x297D, 0x2AEB,
  0x2C4F, 0x2D55, 0x2CED, 0x2D16,  0x2B28, 0x29A4, 0x26C5, 0x2307,
  0x1E8C, 0x1950, 0x139C, 0x0DD9,  0x0715, 0x0173, 0xFBC9, 0xF709,
  0xF33A, 0xEFAC, 0xEE45, 0xECCA,  0xED2F, 0xED6F, 0xEE57, 0xEFBA,
  0xF13B, 0xF2BE, 0xF45D, 0xF530,  0xF69C, 0xF757, 0xF876, 0xF92D,
  0xF99D, 0xFAB5, 0xFB65, 0xFCC6,  0xFD33, 0xFE31, 0xFEE4, 0xFFB1,
  0xFFB7, 0xFFB5, 0xFF11, 0xFE51,  0xFCF4, 0xFB23, 0xF98B, 0xF6DE,
  0xF511, 0xF292, 0xF0DB, 0xEF48,  0xEDE7, 0xED9E, 0xED28, 0xEE18,
  0xEEC9, 0xF060, 0xF1CD, 0xF370,  0xF55E, 0xF692, 0xF808, 0xF893,
  0xF922, 0xF901, 0xF8A3, 0xF7E8,  0xF6BF, 0xF5BB, 0xF4DD, 0xF3BA,
  0xF333, 0xF293, 0xF2AE, 0xF2ED,  0xF37F, 0xF41F, 0xF4B9, 0xF58E,
  0xF63C, 0xF718, 0xF76D, 0xF83D,  0xF90E, 0xFA48, 0xFBE8, 0xFDAA,
  0x004D, 0x034C, 0x0692, 0x0A87,  0x0DAC, 0x1239, 0x1575, 0x198D,
  0x1C98, 0x1FDB, 0x2306, 0x256A,  0x2764, 0x2948, 0x2B2D, 0x2B74,
  0x2BBD, 0x2A6C, 0x29F7, 0x26B2,  0x23F2, 0x1F33, 0x1A37, 0x154F,
  0x0EC1, 0x091C, 0x0290, 0xFDCA,  0xF902, 0xF522, 0xF28A, 0xF082,
  0xF040, 0xF024, 0xF112, 0xF249,  0xF386, 0xF573, 0xF6DC, 0xF847,
  0xF900, 0xF98D, 0xFA04, 0xFA81,  0xFA90, 0xFAB2, 0xFA66, 0xFB70,
  0xFBB7, 0xFC5A, 0xFCE5, 0xFD58,  0xFE8B, 0xFE61, 0xFED7, 0xFE0E,
  0xFD8B, 0xFC64, 0xFAA8, 0xF908,  0xF6AF, 0xF4C0, 0xF282, 0xF0DA,
  0xEF7D, 0xEE78, 0xEE0D, 0xEE42,  0xEF5E, 0xF093, 0xF22F, 0xF407,
  0xF662, 0xF839, 0xF9F4, 0xFB0F,  0xFBD7, 0xFC15, 0xFB87, 0xFAA9,
  0xF91F, 0xF786, 0xF5A9, 0xF3C1,  0xF23D, 0xF101, 0xF02A, 0xEFD7,
  0xEFCC, 0xF081, 0xF156, 0xF259,  0xF378, 0xF4CF, 0xF62D, 0xF732,
  0xF7F6, 0xF8BA, 0xF942, 0xFA2A,  0xFAD4, 0xFC42, 0xFDEF, 0x001E,
  0x02B1, 0x05C8, 0x0938, 0x0C56,  0x102C, 0x1368, 0x16C5, 0x1965,
  0x1BEA, 0x1DFA, 0x1FA9, 0x216B,  0x22A6, 0x23B7, 0x2501, 0x256C,
  0x2591, 0x24F8, 0x23D9, 0x229E,  0x1FA1, 0x1CC8, 0x18CE, 0x1479,
  0x1004, 0x0ADC, 0x062B, 0x0129,  0xFD32, 0xF99C, 0xF697, 0xF493,
  0xF372, 0xF2F2, 0xF367, 0xF3DB,  0xF51D, 0xF64B, 0xF77C, 0xF8F6,
  0xF95A, 0xFA44, 0xFA42, 0xFAC3,  0xFA44, 0xFA3C, 0xF9C3, 0xF9B3,
  0xF938, 0xF949, 0xF966, 0xF996,  0xF9FB, 0xFA59, 0xFB9A, 0xFB72,
  0xFC12, 0xFBC3, 0xFBA4, 0xFB1B,  0xFA4D, 0xF902, 0xF79F, 0xF63D,
  0xF554, 0xF3FD, 0xF326, 0xF2AC,  0xF2C7, 0xF35C, 0xF3D4, 0xF50A,
  0xF615, 0xF787, 0xF8F4, 0xF990,  0xFA7B, 0xFA8C, 0xFAB1, 0xFA1D,
  0xF8F4, 0xF7D6, 0xF5EF, 0xF4C7,  0xF29E, 0xF193, 0xF030, 0xEFCE,
  0xEF2D, 0xEF99, 0xF040, 0xF171,  0xF262, 0xF419, 0xF605, 0xF73E,
  0xF873, 0xF93A, 0xFA1B, 0xFA75,  0xFB9E, 0xFBF3, 0xFD80, 0xFE8A,
  0x0135, 0x0379, 0x063A, 0x0979,  0x0CAC, 0x102D, 0x134B, 0x1622,
  0x18E7, 0x1B26, 0x1D86, 0x1F8A,  0x212F, 0x2304, 0x248D, 0x2621,
  0x26CA, 0x2724, 0x2697, 0x25EB,  0x2361, 0x20D3, 0x1C5A, 0x17EE,
  0x12A7, 0x0D08, 0x0765, 0x0173,  0xFCAB, 0xF87D, 0xF539, 0xF314,
  0xF1BF, 0xF1BD, 0xF261, 0xF38B,  0xF521, 0xF63A, 0xF844, 0xF909,
  0xFA2F, 0xFA5C, 0xFA40, 0xFA4A,  0xF9A3, 0xF975, 0xF89B, 0xF873,
  0xF8B3, 0xF8B4, 0xF9F1, 0xFA14,  0xFB86, 0xFC61, 0xFD5C, 0xFE3F,
  0xFE0B, 0xFE44, 0xFD55, 0xFC82,  0xFAD4, 0xF8E4, 0xF6D7, 0xF543,
  0xF2EC, 0xF22E, 0xF082, 0xF09F,  0xF030, 0xF0F8, 0xF2F8, 0xF38A,
  0xF5F1, 0xF700, 0xF959, 0xFA7C,  0xFB88, 0xFC13, 0xFC10, 0xFBEC,
  0xFB31, 0xF9DB, 0xF839, 0xF6CD,  0xF57B, 0xF423, 0xF2C4, 0xF1EE,
  0xF176, 0xF1DE, 0xF21A, 0xF2BB,  0xF37A, 0xF45F, 0xF5B9, 0xF64F,
  0xF75A, 0xF7E5, 0xF899, 0xF9D9,  0xFA62, 0xFB8F, 0xFCC8, 0xFE44,
  0x00E8, 0x02E3, 0x05A2, 0x0836,  0x0AD6, 0x0E42, 0x0FA1, 0x124D,
  0x13BF, 0x155A, 0x168F, 0x1741,  0x1880, 0x1A14, 0x1ACB, 0x1CC7,
  0x1EB3, 0x20B6, 0x2306, 0x22BA,  0x252A, 0x2400, 0x2344, 0x2053,
  0x1C08, 0x184D, 0x11DA, 0x0C6F,  0x0578, 0xFFAA, 0xFADF, 0xF69D,
  0xF3B9, 0xF1DB, 0xF195, 0xF2C2,  0xF3E6, 0xF656, 0xF855, 0xFA71,
  0xFC80, 0xFD38, 0xFE3A, 0xFCE3,  0xFCB1, 0xFB71, 0xF9E0, 0xF8C8,
  0xF69E, 0xF6D1, 0xF659, 0xF6BA,  0xF78A, 0xF84B, 0xFA52, 0xFB70,
  0xFCA3, 0xFD72, 0xFD62, 0xFD97,  0xFC87, 0xFB40, 0xF981, 0xF745,
  0xF59E, 0xF37F, 0xF23B, 0xF0B0,  0xF010, 0xF042, 0xF08F, 0xF218,
  0xF2EE, 0xF52E, 0xF742, 0xF927,  0xFB17, 0xFBF7, 0xFD76, 0xFDA2,
  0xFDA8, 0xFCED, 0xFBB1, 0xFA68,  0xF884, 0xF6B4, 0xF4A8, 0xF339,
  0xF193, 0xF0B5, 0xF038, 0xF026,  0xF0C5, 0xF130, 0xF2A2, 0xF3AB,
  0xF535, 0xF664, 0xF788, 0xF8D8,  0xF9AF, 0xFAF5, 0xFBDF, 0xFD24,
  0xFE41, 0xFFD5, 0x0197, 0x0379,  0x05B1, 0x07FE, 0x0A4D, 0x0CAD,
  0x0EDD, 0x10BE, 0x1293, 0x135F,  0x1507, 0x154E, 0x15C2, 0x16CB,
  0x16B9, 0x18A9, 0x188A, 0x1A9C,  0x1C86, 0x1DE6, 0x1FD6, 0x1FDE,
  0x212F, 0x20AA, 0x1ED4, 0x1C0F,  0x17E8, 0x136F, 0x0E57, 0x084C,
  0x02DA, 0xFDBF, 0xFA10, 0xF72E,  0xF511, 0xF49D, 0xF4F8, 0xF668,
  0xF808, 0xF9B7, 0xFB51, 0xFC79,  0xFDAE, 0xFDD4, 0xFD4F, 0xFC2A,
  0xFB04, 0xFA1C, 0xF843, 0xF705,  0xF5B0, 0xF5B5, 0xF618, 0xF611,
  0xF727, 0xF7FD, 0xF9F8, 0xFB49,  0xFC3A, 0xFCDE, 0xFCAF, 0xFCE6,
  0xFC0F, 0xFAC1, 0xF8F3, 0xF725,  0xF5C3, 0xF45F, 0xF2FE, 0xF223,
  0xF1BA, 0xF267, 0xF341, 0xF43B,  0xF58B, 0xF714, 0xF95E, 0xFA4E,
  0xFB76, 0xFC02, 0xFC29, 0xFC36,  0xFAF4, 0xFA36, 0xF879, 0xF71C,
  0xF5D4, 0xF424, 0xF331, 0xF20D,  0xF1B8, 0xF1C5, 0xF1FA, 0xF288,
  0xF316, 0xF420, 0xF53B, 0xF60D,  0xF6E7, 0xF783, 0xF8B5, 0xF961,
  0xFA92, 0xFBA9, 0xFD22, 0xFF45,  0x00DC, 0x02F0, 0x0529, 0x06D5,
  0x0941, 0x0A88, 0x0BEC, 0x0DA8,  0x0D95, 0x0FBA, 0x0F88, 0x10E0,
  0x115A, 0x123F, 0x14D9, 0x1641,  0x17D5, 0x1A9C, 0x1D48, 0x204B,
  0x2180, 0x216C, 0x2384, 0x2171,  0x210C, 0x1C04, 0x181F, 0x1412,
  0x0E11, 0x0972, 0x0292, 0xFF38,  0xFB8B, 0xF909, 0xF7C0, 0xF6BB,
  0xF82E, 0xF91B, 0xFACB, 0xFC8F,  0xFD15, 0xFECC, 0xFEBB, 0xFEFD,
  0xFDD9, 0xFBD5, 0xFAAF, 0xF8EE,  0xF789, 0xF5C3, 0xF41C, 0xF483,
  0xF49E, 0xF57C, 0xF63F, 0xF75A,  0xF9EE, 0xFB09, 0xFCB3, 0xFD08,
  0xFD86, 0xFDB5, 0xFC7E, 0xFBD5,  0xF9C0, 0xF82C, 0xF66F, 0xF4B4,
  0xF453, 0xF2C2, 0xF2F1, 0xF2F9,  0xF43E, 0xF5A5, 0xF675, 0xF874,
  0xF9CC, 0xFB94, 0xFC2F, 0xFC68,  0xFCAB, 0xFC5C, 0xFB86, 0xFA2A,
  0xF8BA, 0xF7AE, 0xF62B, 0xF501,  0xF3ED, 0xF353, 0xF339, 0xF2F7,
  0xF37B, 0xF3F5, 0xF4A8, 0xF55A,  0xF5FC, 0xF6B2, 0xF719, 0xF760,
  0xF7D9, 0xF80E, 0xF897, 0xF938,  0xFA1E, 0xFB98, 0xFD5A, 0xFEF7,
  0x0147, 0x03A0, 0x0622, 0x0800,  0x0999, 0x0BB2, 0x0C5C, 0x0D72,
  0x0D8C, 0x0DB8, 0x0E25, 0x0DD4,  0x0E3D, 0x0F81, 0x1014, 0x125F,
  0x13CC, 0x174D, 0x1A97, 0x1BCB,  0x1F42, 0x1FCE, 0x2191, 0x205B,
  0x1DBA, 0x1B7C, 0x1694, 0x12E8,  0x0CD7, 0x073F, 0x0323, 0xFED0,
  0xFC65, 0xF9A7, 0xF901, 0xF98C,  0xFA0E, 0xFC51, 0xFD3A, 0xFEC8,
  0xFFE2, 0x0058, 0x00C3, 0xFEC9,  0xFD86, 0xFBAD, 0xF9CC, 0xF85A,
  0xF5B2, 0xF522, 0xF4B3, 0xF55C,  0xF662, 0xF6F3, 0xF924, 0xFAE6,
  0xFCEE, 0xFE2E, 0xFE8D, 0xFF45,  0xFEB7, 0xFE44, 0xFCC8, 0xFAD8,
  0xF931, 0xF731, 0xF637, 0xF4CC,  0xF3E1, 0xF3B8, 0xF3EC, 0xF57F,
  0xF641, 0xF7D5, 0xF957, 0xFAD1,  0xFC61, 0xFC97, 0xFD06, 0xFC57,
  0xFBF1, 0xFAC0, 0xF93F, 0xF7AB,  0xF60F, 0xF510, 0xF3BD, 0xF381,
  0xF2C0, 0xF30A, 0xF363, 0xF3FE,  0xF4EF, 0xF51C, 0xF5F1, 0xF62D,
  0xF6DE, 0xF6CF, 0xF6C2, 0xF6E6,  0xF723, 0xF7E8, 0xF888, 0xF9C9,
  0xFB21, 0xFD44, 0xFF58, 0x019D,  0x039B, 0x055B, 0x072A, 0x0813,
  0x0937, 0x0948, 0x098F, 0x0980,  0x097D, 0x0A0D, 0x0A1B, 0x0B18,
  0x0BEB, 0x0E2B, 0x0FD9, 0x11EB,  0x139D, 0x16DE, 0x1927, 0x1A61,
  0x1BB2, 0x1BBB, 0x1D0B, 0x1ABB,  0x1971, 0x1646, 0x1344, 0x10BA,
  0x0BF1, 0x090E, 0x04E2, 0x02D8,  0x0095, 0xFE6D, 0xFDEF, 0xFC9A,
  0xFD87, 0xFD6A, 0xFE25, 0xFE8D,  0xFE5D, 0xFF4B, 0xFF17, 0xFEDE,
  0xFDA0, 0xFC96, 0xFBD0, 0xFAED,  0xF948, 0xF868, 0xF795, 0xF7EB,
  0xF80B, 0xF85A, 0xF964, 0xFA1D,  0xFBB6, 0xFC45, 0xFD16, 0xFD22,
  0xFCFC, 0xFCD7, 0xFC0D, 0xFB64,  0xF9BF, 0xF8D2, 0xF7BB, 0xF757,
  0xF6A6, 0xF5F9, 0xF668, 0xF6D7,  0xF815, 0xF861, 0xF977, 0xFA3C,
  0xFB3F, 0xFBE7, 0xFBB8, 0xFBB8,  0xFAF8, 0xFAAE, 0xF9B1, 0xF8D4,
  0xF7DE, 0xF6DB, 0xF677, 0xF62A,  0xF5CB, 0xF5AA, 0xF584, 0xF5F7,
  0xF673, 0xF686, 0xF6B6, 0xF6A3,  0xF753, 0xF74C, 0xF754, 0xF75E,
  0xF7DF, 0xF88D, 0xF908, 0xFA06,  0xFAD7, 0xFC28, 0xFD87, 0xFE7D,
  0xFFCA, 0x00DB, 0x0212, 0x0308,  0x0359, 0x0472, 0x0484, 0x056F,
  0x05C9, 0x0643, 0x074D, 0x07E4,  0x0938, 0x0B66, 0x0CC3, 0x0F2D,
  0x1138, 0x141F, 0x1784, 0x1817,  0x1B28, 0x1B87, 0x1D0F, 0x1CA7,
  0x1A57, 0x193E, 0x158C, 0x1350,  0x0F09, 0x0AA3, 0x0778, 0x0414,
  0x01FF, 0xFF81, 0xFE2A, 0xFE1B,  0xFDF5, 0xFEDC, 0xFF1F, 0xFFC4,
  0x0044, 0x00A2, 0x00B9, 0xFFAF,  0xFEAD, 0xFDB5, 0xFC9A, 0xFBBA,
  0xFA03, 0xF95F, 0xF8F4, 0xF909,  0xF984, 0xF929, 0xFA53, 0xFAD2,
  0xFC0F, 0xFC8A, 0xFC65, 0xFD18,  0xFC9E, 0xFCCD, 0xFBDA, 0xFB03,
  0xFA16, 0xF911, 0xF8AF, 0xF7BA,  0xF73A, 0xF6EA, 0xF778, 0xF7F7,
  0xF897, 0xF92D, 0xFA20, 0xFB0E,  0xFBB5, 0xFC08, 0xFC07, 0xFC08,
  0xFBF4, 0xFB81, 0xFA97, 0xFA09,  0xF976, 0xF90A, 0xF86E, 0xF7A8,
  0xF7A4, 0xF757, 0xF747, 0xF704,  0xF6AD, 0xF6A8, 0xF68D, 0xF6A7,
  0xF66F, 0xF64A, 0xF68E, 0xF72D,  0xF797, 0xF832, 0xF8E6, 0xFA12,
  0xFB59, 0xFC71, 0xFD66, 0xFE67,  0xFFA2, 0x006B, 0x010F, 0x0103,
  0x0190, 0x01CC, 0x01D9, 0x020C,  0x01DB, 0x02A7, 0x030A, 0x0435,
  0x0510, 0x0617, 0x07FA, 0x0A34,  0x0BB7, 0x0DA8, 0x0F90, 0x1228,
  0x1481, 0x1537, 0x172E, 0x17A7,  0x1920, 0x1885, 0x1709, 0x1617,
  0x13AC, 0x1215, 0x0EA4, 0x0BEE,  0x0940, 0x06D6, 0x0541, 0x0306,
  0x0228, 0x0140, 0x0120, 0x0109,  0x00B6, 0x00DB, 0x0085, 0x00B6,
  0x004C, 0xFFAB, 0xFED6, 0xFE0F,  0xFD78, 0xFCC2, 0xFBAB, 0xFB48,
  0xFAB9, 0xFAE9, 0xFAD2, 0xFA9B,  0xFB5F, 0xFB52, 0xFC7A, 0xFC4F,
  0xFCB2, 0xFCC8, 0xFC6E, 0xFCA1,  0xFBAB, 0xFB5C, 0xFA41, 0xF9AC,
  0xF8F6, 0xF846, 0xF7CB, 0xF743,  0xF75D, 0xF79E, 0xF821, 0xF88E,
  0xF946, 0xFA3C, 0xFB26, 0xFBF0,  0xFC6E, 0xFCD1, 0xFD10, 0xFD01,
  0xFCF4, 0xFC12, 0xFB93, 0xFAA5,  0xF9EC, 0xF937, 0xF835, 0xF792,
  0xF6B2, 0xF68A, 0xF629, 0xF5D6,  0xF5BF, 0xF5DF, 0xF681, 0xF6DA,
  0xF785, 0xF846, 0xF935, 0xFA58,  0xFB2E, 0xFC4D, 0xFD00, 0xFDEA,
  0xFE4B, 0xFE9D, 0xFE94, 0xFE64,  0xFE1A, 0xFDE7, 0xFDB0, 0xFD9B,
  0xFDAA, 0xFE27, 0xFF02, 0xFFDC,  0x014C, 0x0261, 0x045F, 0x0562,
  0x06B2, 0x0780, 0x0833, 0x095E,  0x0A03, 0x0AE4, 0x0BE9, 0x0D53,
  0x0EEF, 0x105D, 0x11CA, 0x13CB,  0x14DD, 0x1602, 0x165F, 0x15FF,
  0x1566, 0x13A7, 0x1205, 0x0F4F,  0x0CA0, 0x0A2A, 0x0753, 0x054D,
  0x031A, 0x01C9, 0x00D2, 0x0027,  0xFFF1, 0xFFB3, 0xFFB4, 0xFFD7,
  0xFF83, 0xFF5D, 0xFEB9, 0xFE37,  0xFDAA, 0xFD03, 0xFCE0, 0xFC0D,
  0xFC17, 0xFBB5, 0xFBD9, 0xFBDA,  0xFBD6, 0xFC05, 0xFC1A, 0xFC3C,
  0xFC41, 0xFC04, 0xFBEA, 0xFB94,  0xFB62, 0xFB06, 0xFA56, 0xFA4F,
  0xF9DB, 0xF9BA, 0xF97D, 0xF93D,  0xF97D, 0xF963, 0xF9A7, 0xF9C1,
  0xFA28, 0xFA92, 0xFB04, 0xFB84,  0xFBA6, 0xFC34, 0xFC59, 0xFCB1,
  0xFC1D, 0xFC25, 0xFBA7, 0xFB32,  0xFA61, 0xF9E3, 0xFA1E, 0xF949,
  0xF91C, 0xF8B2, 0xF8B2, 0xF86A,  0xF7FB, 0xF76C, 0xF724, 0xF6E3,
  0xF6F4, 0xF6A5, 0xF70A, 0xF7A2,  0xF885, 0xF967, 0xFA29, 0xFB60,
  0xFC54, 0xFD85, 0xFE19, 0xFEB0,  0xFEFB, 0xFF24, 0xFF2A, 0xFEAB,
  0xFEA5, 0xFEBF, 0xFEFF, 0xFF8B,  0x000B, 0x015E, 0x0284, 0x0412,
  0x057B, 0x06A8, 0x0830, 0x0932,  0x0A47, 0x0B16, 0x0B9A, 0x0C78,
  0x0D66, 0x0E61, 0x0F9E, 0x1020,  0x11F3, 0x12D3, 0x13C5, 0x144B,
  0x13FE, 0x13D9, 0x125D, 0x10F9,  0x0E91, 0x0BE5, 0x09C6, 0x06F7,
  0x04E7, 0x02B1, 0x011E, 0x006F,  0xFF33, 0xFF81, 0xFF0A, 0xFF58,
  0xFF6A, 0xFF64, 0xFFB8, 0xFF26,  0xFEEF, 0xFE54, 0xFDCC, 0xFD5D,
  0xFC67, 0xFBF9, 0xFBA1, 0xFB83,  0xFB9F, 0xFB6A, 0xFBED, 0xFC10,
  0xFC65, 0xFC86, 0xFC69, 0xFC93,  0xFC33, 0xFC0A, 0xFBAD, 0xFB1E,
  0xFAAB, 0xFA09, 0xF9DB, 0xF96F,  0xF981, 0xF96D, 0xF9BD, 0xFA4E,
  0xFAC9, 0xFB9E, 0xFC24, 0xFCEB,  0xFD80, 0xFDEA, 0xFE33, 0xFE06,
  0xFDFF, 0xFD9E, 0xFD0C, 0xFC88,  0xFB7D, 0xFAB5, 0xF9EC, 0xF922,
  0xF865, 0xF7C6, 0xF765, 0xF719,  0xF6E6, 0xF6CD, 0xF6FE, 0xF717,
  0xF786, 0xF7AA, 0xF827, 0xF89E,  0xF94C, 0xFA2C, 0xFA9C, 0xFB88,
  0xFBD5, 0xFCB7, 0xFD02, 0xFD3E,  0xFDAC, 0xFDA2, 0xFE4D, 0xFE6D,
  0xFF24, 0xFF4D, 0xFFD4, 0x00B7,  0x0186, 0x02D2, 0x03AD, 0x04C6,
  0x05EB, 0x06B0, 0x075D, 0x0788,  0x07DA, 0x07B6, 0x07A4, 0x072B,
  0x06F8, 0x0715, 0x0756, 0x085A,  0x0943, 0x0B21, 0x0D14, 0x0F3B,
  0x10E8, 0x12A9, 0x138E, 0x142D,  0x133C, 0x120C, 0x1026, 0x0D71,
  0x0AF9, 0x07A8, 0x0563, 0x02FA,  0x0185, 0x0054, 0xFFC6, 0xFFE5,
  0x003E, 0x00D4, 0x0175, 0x01A2,  0x01BF, 0x0186, 0x0102, 0x0016,
  0xFEC8, 0xFDD5, 0xFCBA, 0xFC04,  0xFAEE, 0xFA72, 0xFA18, 0xFA68,
  0xFA74, 0xFAA1, 0xFAF8, 0xFB6B,  0xFBF6, 0xFC33, 0xFC5E, 0xFC29,
  0xFC4F, 0xFBFD, 0xFBA1, 0xFB04,  0xFA82, 0xFA2B, 0xF9CD, 0xF9C1,
  0xF98A, 0xF9B0, 0xFA2D, 0xFAD5,  0xFB87, 0xFC10, 0xFCC8, 0xFD7E,
  0xFE1C, 0xFE7A, 0xFE6B, 0xFE3E,  0xFDE8, 0xFD73, 0xFCA6, 0xFB84,
  0xFA57, 0xF97C, 0xF85B, 0xF7A7,  0xF6B2, 0xF665, 0xF628, 0xF63D,
  0xF695, 0xF6DF, 0xF77F, 0xF826,  0xF921, 0xF9AB, 0xFA59, 0xFAC8,
  0xFB5A, 0xFBB2, 0xFBF5, 0xFBF2,  0xFC3E, 0xFC65, 0xFCC2, 0xFD04,
  0xFD66, 0xFE36, 0xFEF5, 0x001D,  0x0119, 0x0241, 0x03A7, 0x04A7,
  0x05D4, 0x06BC, 0x076B, 0x0848,  0x0841, 0x0915, 0x08AA, 0x08E6,
  0x0880, 0x086C, 0x0894, 0x07F1,  0x081C, 0x0881, 0x0920, 0x09B0,
  0x0A40, 0x0B3D, 0x0D05, 0x0D25,  0x0E52, 0x0DCE, 0x0E85, 0x0DF5,
  0x0CB1, 0x0B7E, 0x0925, 0x0876,  0x0624, 0x04C7, 0x02FE, 0x023A,
  0x01DE, 0x013A, 0x0156, 0x0126,  0x018C, 0x01D7, 0x01E1, 0x01EA,
  0x014D, 0x00F3, 0x001F, 0xFF39,  0xFE2B, 0xFCE5, 0xFC25, 0xFB5E,
  0xFAF4, 0xFA9A, 0xFA25, 0xFA6A,  0xFAA2, 0xFAEA, 0xFB4C, 0xFB03,
  0xFBE6, 0xFBB1, 0xFC01, 0xFBFD,  0xFBC8, 0xFC5C, 0xFBCA, 0xFC30,
  0xFBD7, 0xFC02, 0xFC29, 0xFBDF,  0xFBF5, 0xFB83, 0xFB6E, 0xFB28,
  0xFAEE, 0xFAF3, 0xFAF7, 0xFB61,  0xFBC9, 0xFC20, 0xFCDD, 0xFD33,
  0xFDC1, 0xFDBD, 0xFD54, 0xFCD2,  0xFBA2, 0xFACC, 0xF8EA, 0xF79D,
  0xF620, 0xF4ED, 0xF47E, 0xF418,  0xF482, 0xF50C, 0xF682, 0xF7C1,
  0xF970, 0xFAC2, 0xFC0C, 0xFCF6,  0xFD78, 0xFDCA, 0xFD63, 0xFD4B,
  0xFCF0, 0xFCF7, 0xFD11, 0xFD6D,  0xFE76, 0xFF7F, 0x0115, 0x0245,
  0x03E8, 0x050B, 0x0626, 0x06E5,  0x06ED, 0x0746, 0x06E6, 0x0724,
  0x065A, 0x0678, 0x067F, 0x074E,  0x07B1, 0x088F, 0x09FC, 0x0B48,
  0x0D1E, 0x0D30, 0x0EF5, 0x0EB8,  0x0FBA, 0x0F1F, 0x0DFA, 0x0D76,
  0x0B63, 0x0AD7, 0x0875, 0x072E,  0x05DA, 0x04AB, 0x0458, 0x0341,
  0x0361, 0x030D, 0x0330, 0x0344,  0x02E9, 0x030C, 0x0259, 0x022A,
  0x0166, 0x00C9, 0xFFFA, 0xFF26,  0xFEA4, 0xFE12, 0xFD8F, 0xFCF2,
  0xFCA6, 0xFC6F, 0xFC18, 0xFBA9,  0xFB7F, 0xFB2D, 0xFB7A, 0xFB09,
  0xFB39, 0xFB3D, 0xFB5B, 0xFBB2,  0xFB7E, 0xFC07, 0xFBC1, 0xFBEF,
  0xFB74, 0xFB50, 0xFB2A, 0xFAB1,  0xFA8E, 0xFA45, 0xFAA8, 0xFAB6,
  0xFAF6, 0xFB3F, 0xFBD7, 0xFC8B,  0xFCCC, 0xFCE9, 0xFCE6, 0xFCF5,
  0xFCD5, 0xFC42, 0xFB8C, 0xFB0C,  0xFA96, 0xFA1B, 0xF973, 0xF91F,
  0xF90E, 0xF959, 0xF98E, 0xF9A8,  0xF9F1, 0xFA49, 0xFAD5, 0xFB1F,
  0xFB30, 0xFB54, 0xFBA5, 0xFC1A,  0xFBF1, 0xFC16, 0xFBF7, 0xFC63,
  0xFCE5, 0xFCF6, 0xFD74, 0xFDC4,  0xFEE6, 0xFF6C, 0x0017, 0x00D1,
  0x019A, 0x02E0, 0x036E, 0x0417,  0x0498, 0x04E7, 0x0549, 0x0515,
  0x04FB, 0x04B9, 0x048F, 0x0477,  0x03CB, 0x03D0, 0x0381, 0x045C,
  0x04B1, 0x0562, 0x06DF, 0x080C,  0x0A7D, 0x0B22, 0x0C87, 0x0D8F,
  0x0E32, 0x0E8C, 0x0D42, 0x0C94,  0x0B44, 0x09F1, 0x0860, 0x06AB,
  0x05D9, 0x051C, 0x04DE, 0x049A,  0x0499, 0x04F1, 0x04FB, 0x053F,
  0x04EA, 0x0489, 0x03FE, 0x0306,  0x0230, 0x0105, 0xFFD9, 0xFED8,
  0xFDF5, 0xFD87, 0xFCD3, 0xFC65,  0xFC5E, 0xFC5E, 0xFCB2, 0xFC53,
  0xFC86, 0xFC6B, 0xFC5B, 0xFC08,  0xFB43, 0xFB0F, 0xFA8B, 0xFA69,
  0xF97F, 0xF917, 0xF8CF, 0xF8C0,  0xF8B8, 0xF88B, 0xF902, 0xF94C,
  0xFA24, 0xFA80, 0xFB40, 0xFBD2,  0xFCB1, 0xFD3B, 0xFD4B, 0xFDC9,
  0xFD81, 0xFDBC, 0xFD3D, 0xFCD2,  0xFC2F, 0xFB68, 0xFAF3, 0xFA22,
  0xF997, 0xF939, 0xF933, 0xF985,  0xF9D6, 0xFA8B, 0xFB54, 0xFC35,
  0xFD20, 0xFDB6, 0xFE29, 0xFE31,  0xFE17, 0xFD7C, 0xFCA9, 0xFBD0,
  0xFAE1, 0xFA54, 0xF9EF, 0xF9EF,  0xFA69, 0xFB62, 0xFCB6, 0xFE6D,
  0x0015, 0x01D3, 0x0339, 0x041D,  0x04E5, 0x04DF, 0x0481, 0x038F,
  0x0297, 0x01CE, 0x0109, 0x008C,  0x0026, 0x00CA, 0x01A8, 0x0378,
  0x04D6, 0x06D0, 0x08F2, 0x0ADB,  0x0CC6, 0x0D30, 0x0DC7, 0x0D90,
  0x0D76, 0x0C2F, 0x0A8C, 0x08EA,  0x076D, 0x063E, 0x04B7, 0x0418,
  0x0335, 0x0375, 0x03B4, 0x0429,  0x049A, 0x0526, 0x0611, 0x0653,
  0x06A0, 0x064C, 0x0602, 0x052E,  0x0471, 0x035F, 0x01E8, 0x00DF,
  0xFFAB, 0xFF25, 0xFE4C, 0xFDD6,  0xFD86, 0xFD72, 0xFDC7, 0xFDB9,
  0xFE08, 0xFDFA, 0xFE11, 0xFE1A,  0xFDCE, 0xFD71, 0xFCFF, 0xFCBF,
  0xFC32, 0xFBD0, 0xFB5F, 0xFAE1,  0xFA96, 0xFA48, 0xF9F0, 0xF9DA,
  0xF9CD, 0xF9FF, 0xFA1F, 0xFA72,  0xFAF4, 0xFB78, 0xFC14, 0xFC62,
  0xFD01, 0xFD49, 0xFD59, 0xFD1D,  0xFCAA, 0xFBEB, 0xFAF9, 0xFA43,
  0xF97F, 0xF8D8, 0xF8B0, 0xF8A7,  0xF91C, 0xF9D8, 0xFAA6, 0xFBE3,
  0xFC69, 0xFD63, 0xFDAA, 0xFDF8,  0xFDB3, 0xFD84, 0xFDBD, 0xFD00,
  0xFCF4, 0xFCA1, 0xFCD1, 0xFD1F,  0xFD3E, 0xFE12, 0xFEF3, 0xFFE2,
  0x0064, 0x00E4, 0x0146, 0x01B9,  0x01EC, 0x01DF, 0x01AF, 0x01A5,
  0x017F, 0x0144, 0x0132, 0x016E,  0x01F8, 0x028E, 0x0384, 0x0420,
  0x04FF, 0x054A, 0x0582, 0x05AA,  0x055A, 0x04FE, 0x0471, 0x0416,
  0x03F6, 0x03CF, 0x03E1, 0x0445,  0x04AB, 0x0584, 0x05FE, 0x067B,
  0x06D6, 0x06FF, 0x06FA, 0x06AD,  0x0608, 0x058C, 0x0556, 0x04FE,
  0x04CB, 0x04F2, 0x0545, 0x058B,  0x05DB, 0x05F4, 0x0614, 0x05D2,
  0x0550, 0x04AA, 0x0402, 0x0352,  0x0279, 0x01CE, 0x0147, 0x0108,
  0x00C8, 0x007D, 0x0065, 0x0055,  0x0036, 0xFFF0, 0xFF61, 0xFEEE,
  0xFE59, 0xFD8D, 0xFCE1, 0xFC1F,  0xFB87, 0xFADA, 0xFA60, 0xFA40,
  0xFA1C, 0xFA10, 0xF9F7, 0xFA18,  0xFA4C, 0xFA6B, 0xFA9C, 0xFA75,
  0xFA86, 0xFA92, 0xFAA6, 0xFAAF,  0xFA6D, 0xFAC9, 0xFADE, 0xFAD8,
  0xFA60, 0xFA10, 0xF9EC, 0xFA17,  0xF9E5, 0xFA31, 0xFAFE, 0xFB79,
  0xFC44, 0xFCF0, 0xFDA9, 0xFE26,  0xFE65, 0xFE3F, 0xFDF8, 0xFDAF,
  0xFD48, 0xFCA7, 0xFC3E, 0xFC4E,  0xFC85, 0xFC95, 0xFCDD, 0xFD88,
  0xFE62, 0xFF54, 0xFFCE, 0x0060,  0x00BD, 0x0103, 0x00AC, 0x0033,
  0xFFBA, 0xFF3B, 0xFF14, 0xFE95,  0xFE99, 0xFEB0, 0xFF0A, 0xFFCD,
  0x00A3, 0x01C7, 0x02C1, 0x03AB,  0x0483, 0x051B, 0x052D, 0x058A,
  0x055D, 0x05CC, 0x05A1, 0x059C,  0x05F7, 0x0625, 0x06A8, 0x06DD,
  0x0775, 0x079A, 0x07E8, 0x07A4,  0x0793, 0x0745, 0x069F, 0x0630,
  0x0524, 0x04E1, 0x0466, 0x044E,  0x043B, 0x048A, 0x051E, 0x059E,
  0x05EC, 0x0609, 0x0608, 0x057E,  0x04BF, 0x036E, 0x023E, 0x00EE,
  0xFFDB, 0xFEC6, 0xFDE4, 0xFD74,  0xFD70, 0xFD9B, 0xFD87, 0xFE14,
  0xFE43, 0xFE96, 0xFE95, 0xFE36,  0xFE03, 0xFD64, 0xFD06, 0xFCA4,
  0xFC3D, 0xFBDD, 0xFB84, 0xFB6D,  0xFB58, 0xFB4B, 0xFB5D, 0xFB64,
  0xFB99, 0xFC05, 0xFC30, 0xFC2C,  0xFC44, 0xFC45, 0xFC20, 0xFBE2,
  0xFB67, 0xFB61, 0xFB40, 0xFB41,  0xFB63, 0xFBA6, 0xFC75, 0xFCE0,
  0xFDB2, 0xFE62, 0xFF29, 0xFF8E,  0xFFB1, 0xFF62, 0xFEE1, 0xFE80,
  0xFDA9, 0xFD12, 0xFC7F, 0xFC5E,  0xFC82, 0xFCD9, 0xFD53, 0xFE25,
  0xFEA5, 0xFF77, 0xFFC8, 0xFFFB,  0xFFBE, 0xFF8D, 0xFFAD, 0xFEE5,
  0xFEAD, 0xFDDC, 0xFDB9, 0xFDF6,  0xFE55, 0xFF1E, 0x0028, 0x014F,
  0x025F, 0x02F4, 0x0332, 0x034E,  0x02BC, 0x022D, 0x013C, 0x0079,
  0xFFC2, 0xFEAF, 0xFEB2, 0xFEF4,  0xFF7E, 0x00B3, 0x0202, 0x03E0,
  0x0553, 0x0692, 0x07A7, 0x0868,  0x0849, 0x07AD, 0x06C9, 0x0553,
  0x03D7, 0x023E, 0x00F8, 0x0036,  0xFFC1, 0xFFCA, 0x0053, 0x0143,
  0x02B3, 0x03D9, 0x0534, 0x0608,  0x06CD, 0x072D, 0x06E0, 0x0658,
  0x0555, 0x045E, 0x0314, 0x01D4,  0x0094, 0xFFB2, 0xFF1D, 0xFEA6,
  0xFE93, 0xFE97, 0xFF2E, 0xFFCC,  0x007E, 0x00DA, 0x00ED, 0x0118,
  0x00F6, 0x0047, 0xFF59, 0xFE34,  0xFD40, 0xFC98, 0xFB95, 0xFB28,
  0xFABD, 0xFAF2, 0xFB8F, 0xFC1C,  0xFCB4, 0xFD44, 0xFE07, 0xFE5A,
  0xFE68, 0xFE03, 0xFDB9, 0xFD41,  0xFC9E, 0xFC0C, 0xFB5A, 0xFAFB,
  0xFA8A, 0xFABB, 0xFAF2, 0xFB4C,  0xFBBA, 0xFC23, 0xFCE9, 0xFD69,
  0xFDD6, 0xFE0F, 0xFE4E, 0xFEA1,  0xFED7, 0xFEED, 0xFEF2, 0xFF0A,
  0xFF6D, 0xFF6E, 0xFF69, 0xFF0E,  0xFF09, 0xFEA9, 0xFE3F, 0xFE3C,
  0xFDC4, 0xFDF3, 0xFDE6, 0xFE5A,  0xFECB, 0xFF3B, 0xFFE7, 0x0085,
  0x0133, 0x01E7, 0x025E, 0x02CB,  0x02D4, 0x02FD, 0x0300, 0x0282,
  0x01EF, 0x016F, 0x0155, 0x00E6,  0x00A4, 0x0099, 0x00BB, 0x0152,
  0x011A, 0x01C7, 0x0241, 0x0301,  0x0397, 0x03F9, 0x04F4, 0x04D6,
  0x0547, 0x0499, 0x0468, 0x0419,  0x0355, 0x02E9, 0x0244, 0x024E,
  0x01EB, 0x01CC, 0x01C3, 0x0229,  0x026D, 0x02C1, 0x0340, 0x03A4,
  0x0411, 0x03BC, 0x0377, 0x0302,  0x0253, 0x01AE, 0x0117, 0x00B3,
  0x008A, 0x0085, 0x00AB, 0x00EA,  0x00EA, 0x00DE, 0x009B, 0x002F,
  0xFF36, 0xFE6A, 0xFD9E, 0xFD48,  0xFD02, 0xFD2B, 0xFE05, 0xFE84,
  0xFFC4, 0x0036, 0x00E3, 0x0118,  0x00B6, 0xFFEB, 0xFE90, 0xFD4B,
  0xFB48, 0xF9F4, 0xF89E, 0xF83B,  0xF886, 0xF8E9, 0xFA34, 0xFBCD,
  0xFDC1, 0xFEFB, 0xFFDC, 0x009F,  0x009E, 0x0013, 0xFECC, 0xFDC0,
  0xFCE7, 0xFBD8, 0xFB12, 0xFACF,  0xFAEC, 0xFB85, 0xFC11, 0xFCF0,
  0xFD8B, 0xFE35, 0xFE95, 0xFF34,  0xFF6E, 0xFF7D, 0xFFD7, 0xFF93,
  0x0031, 0xFFCD, 0xFFC4, 0xFF9E,  0xFF56, 0xFF5B, 0xFEA0, 0xFE9D,
  0xFE69, 0xFECF, 0xFF3C, 0xFFA2,  0x0087, 0x015B, 0x0236, 0x02BF,
  0x0341, 0x037A, 0x0369, 0x031B,  0x0269, 0x01E9, 0x015C, 0x00FB,
  0x00F0, 0x00DD, 0x0174, 0x01E6,  0x02A2, 0x032D, 0x0382, 0x03EF,
  0x03BA, 0x03CD, 0x0355, 0x0325,  0x02CE, 0x02B6, 0x0300, 0x030B,
  0x0360, 0x037B, 0x0391, 0x036E,  0x0309, 0x0294, 0x021D, 0x01C3,
  0x0132, 0x00A3, 0x009B, 0x00A0,  0x00ED, 0x0167, 0x01DA, 0x028E,
  0x02F3, 0x02E5, 0x029F, 0x0221,  0x0136, 0x0084, 0xFF7E, 0xFEB5,
  0xFE2E, 0xFDBD, 0xFE1A, 0xFE2E,  0xFEEA, 0xFF3E, 0xFFD0, 0x002A,
  0x001A, 0x001B, 0xFF71, 0xFF20,  0xFE6B, 0xFDB7, 0xFD6B, 0xFCE4,
  0xFCD7, 0xFCBE, 0xFCEC, 0xFD2D,  0xFD6E, 0xFDC6, 0xFE1B, 0xFE68,
  0xFE50, 0xFE4B, 0xFE56, 0xFE52,  0xFE30, 0xFDCB, 0xFDB6, 0xFDB3,
  0xFD92, 0xFD9F, 0xFD8D, 0xFDD7,  0xFDDF, 0xFDEB, 0xFE49, 0xFE54,
  0xFE92, 0xFEA3, 0xFF1A, 0xFF8F,  0xFF67, 0xFFB7, 0xFFF1, 0x0004,
  0xFFBF, 0xFF47, 0xFED9, 0xFE85,  0xFDC7, 0xFDA1, 0xFDB1, 0xFDAC,
  0xFE1D, 0xFF0F, 0x0026, 0x00FE,  0x0189, 0x01D8, 0x021C, 0x01E5,
  0x0158, 0x00B6, 0x002D, 0xFFA6,  0xFF54, 0xFF24, 0xFEF3, 0xFF07,
  0xFF91, 0x0041, 0x00DF, 0x015F,  0x01E8, 0x02AE, 0x02C7, 0x02CB,
  0x0268, 0x0221, 0x01C9, 0x010E,  0x0094, 0x002F, 0x0043, 0x006D,
  0x00EC, 0x01CD, 0x02B0, 0x038A,  0x0413, 0x047B, 0x0492, 0x0469,
  0x03F4, 0x0366, 0x02BE, 0x01EB,  0x0143, 0x009E, 0x005D, 0x0009,
  0xFFD9, 0xFFC5, 0xFFF5, 0x0062,  0x0095, 0x0129, 0x019B, 0x01C2,
  0x019D, 0x00F1, 0x007B, 0x0017,  0xFF65, 0xFF47, 0xFF11, 0xFF63,
  0xFF84, 0xFFAC, 0xFFE5, 0xFFBC,  0xFFB7, 0xFEF8, 0xFEB2, 0xFE26,
  0xFDB4, 0xFD61, 0xFD2E, 0xFD71,  0xFDA1, 0xFDE5, 0xFE31, 0xFEC9,
  0xFF2E, 0xFF5B, 0xFF89, 0xFF93,  0xFF76, 0xFF52, 0xFEE9, 0xFEBD,
  0xFE5D, 0xFE0E, 0xFDD4, 0xFDB4,  0xFDF5, 0xFE01, 0xFE7F, 0xFEC5,
  0xFF75, 0xFFBE, 0x0013, 0x007B,  0x00B0, 0x00EC, 0x00A3, 0x00AF,
  0x004E, 0xFFE7, 0xFF4F, 0xFEAB,  0xFE2A, 0xFDAB, 0xFD69, 0xFD6D,
  0xFDB6, 0xFE5F, 0xFF06, 0xFFCE,  0x004F, 0x00BF, 0x0105, 0x00EF,
  0x0128, 0x00CB, 0x009F, 0x004B,  0xFFFD, 0x0000, 0xFF9D, 0xFFB8,
  0xFF95, 0xFFEA, 0x003E, 0x006D,  0x00C3, 0x00EB, 0x013C, 0x014F,
  0x014F, 0x00FF, 0x00E4, 0x00C8,  0x00A6, 0x00AD, 0x00A9, 0x00C6,
  0x00BD, 0x00DE, 0x0117, 0x014D,  0x0196, 0x01AB, 0x01EC, 0x022C,
  0x01ED, 0x01BC, 0x014A, 0x011A,  0x00D7, 0x008C, 0x00B2, 0x0097,
  0x00F6, 0x0107, 0x0110, 0x0120,  0x00DC, 0x00AE, 0x0078, 0x0047,
  0xFFCA, 0xFFC2, 0xFFA0, 0xFFAD,  0xFFBE, 0xFFA7, 0x000C, 0x0059,
  0x008C, 0x00A7, 0x0099, 0x00A9,  0x0048, 0xFFC1, 0xFF36, 0xFEA2,
  0xFE4B, 0xFDCA, 0xFDC6, 0xFE18,  0xFE94, 0xFF3C, 0xFFC3, 0x007D,
  0x0099, 0x0093, 0x007F, 0x002E,  0xFF9A, 0xFF2E, 0xFF55, 0xFEEA,
  0xFF08, 0xFEAC, 0xFEDF, 0xFF38,  0xFEE7, 0xFEFD, 0xFF11, 0xFF1C,
  0xFEEE, 0xFEF5, 0xFF10, 0xFF63,  0xFF8D, 0xFFA1, 0xFFFE, 0x001B,
  0x0021, 0x0039, 0x0061, 0x0032,  0xFFE5, 0xFFA0, 0xFF74, 0xFF7E,
  0xFF4B, 0xFF2B, 0xFFA2, 0xFFE0,  0x002E, 0x0052, 0x0081, 0x00BA,
  0x008F, 0x005D, 0xFFFD, 0xFFC6,  0xFF3F, 0xFF1A, 0xFF29, 0xFEFB,
  0xFF6B, 0xFFB9, 0x0047, 0x0087,  0x008F, 0x008A, 0x0090, 0x0077,
  0x001C, 0xFFED, 0xFFD6, 0xFFCF,  0x0008, 0x0046, 0x00A5, 0x0107,
  0x015F, 0x01C1, 0x01E9, 0x0194,  0x0137, 0x0103, 0x00A0, 0x0047,
  0xFFD2, 0xFFA5, 0xFFEE, 0xFFBF,  0x0009, 0x005C, 0x00A1, 0x00B0,
  0x006C, 0x00A2, 0x0066, 0x0038,  0xFFF4, 0x0001, 0x005B, 0x0042,
  0x0070, 0x00B5, 0x00EA, 0x00E5,  0x005E, 0x001C, 0xFFCA, 0xFF7F,
  0xFF3F, 0xFF07, 0xFF4C, 0xFF53,  0xFF79, 0xFFD0, 0x0026, 0x0069,
  0x004D, 0x005F, 0x006A, 0x005C,  0x0007, 0xFFC0, 0xFFCA, 0xFFCB,
  0xFFC6, 0xFFB7, 0xFFE5, 0x002F,  0x003E, 0x0034, 0x0001, 0xFFF7,
  0x000C, 0xFFFE, 0xFFDC, 0xFFAB,  0xFFA7, 0xFFB0, 0xFFB3, 0xFF80,
  0xFF52, 0xFF8C, 0xFF7C, 0xFF59,  0xFF2F, 0xFF11, 0xFF35, 0xFF44,
  0xFF5F, 0xFF9D, 0xFFE6, 0x0015,  0x002F, 0x0063, 0x004F, 0x003C,
  0x0000, 0xFFC1, 0xFFA2, 0xFF59,  0xFF2E, 0xFF11, 0xFEFD, 0xFF16,
  0xFF22, 0xFF6B, 0xFFB9, 0x000B,  0x0089, 0x00A7, 0x00CC, 0x00D8,
  0x00CB, 0x00F3, 0x00BC, 0x0075,  0x0078, 0x004B, 0x002D, 0xFFFA,
  0xFFA8, 0xFFB5, 0xFF91, 0xFF8B,  0xFFAB, 0xFFCE, 0x0024, 0x0053,
  0x0094, 0x00CB, 0x00C7, 0x00E4,  0x00DC, 0x00CC, 0x009E, 0x0034,
  0x0001, 0xFFB8, 0xFF51, 0xFEFC,  0xFECE, 0xFEC1, 0xFEF0, 0xFF47,
  0xFFB2, 0x003D, 0x0088, 0x00D9,  0x0101, 0x010B, 0x00E0, 0x0086,
  0x0059, 0x001F, 0xFFDA, 0xFF7D,  0xFF46, 0xFF5B, 0xFF4C, 0xFF77,
  0xFFB4, 0x0029, 0x007F, 0x0098,  0x00C6, 0x00C5, 0x00C5, 0x0095,
  0x007B, 0x0060, 0x003B, 0x0047,  0x003E, 0x003B, 0x0005, 0xFFBB,
  0xFF9B, 0xFF61, 0xFF47, 0xFF2B,  0xFF4C, 0xFFA3, 0xFFA6, 0xFFEC,
  0x001A, 0x004C, 0x004D, 0xFFFB,  0x0004, 0xFFC7, 0xFF91, 0xFF58,
  0xFF7D, 0x0003, 0x003B, 0x0052,  0x008C, 0x0094, 0x0071, 0x0013,
  0xFFB9, 0xFFC0, 0xFFA8, 0xFF81,  0xFF8E, 0xFFC3, 0xFFE5, 0x0003,
  0x0035, 0x005D, 0x005E, 0x0059,  0x005C, 0x0060, 0x0042, 0x0019,
  0x000D, 0x000E, 0xFFE9, 0xFFE6,  0xFFEB, 0xFFE4, 0xFFE4, 0xFFE9,
  0x0017, 0x0037, 0x002B, 0x0027,  0x0047, 0x004E, 0x0035, 0xFFE2,
  0xFFDD, 0xFFEF, 0xFFEE, 0xFFD9,  0xFFD7, 0x0019, 0x004E, 0x0062,
  0x0058, 0x006A, 0x007F, 0x005C,  0x003C, 0x001C, 0x0020, 0x0004,
  0xFFF1, 0xFFEA, 0xFFDB, 0xFFCB,  0xFFBF, 0xFFAB, 0xFFBD, 0xFFB6,
  0xFFA0, 0xFFAB, 0xFFC6, 0xFFEE,  0x0012, 0x0034, 0x005A, 0x0064,
  0x0053, 0x001A, 0xFFDC, 0xFF85,  0xFF39, 0xFF14, 0xFF20, 0xFF3B,
  0xFF78, 0xFFC0, 0x0012, 0x0063,  0x006F, 0x007F, 0x007C, 0x0070,
  0x0050, 0x001D, 0xFFFC, 0xFFF5,  0xFFE3, 0xFFE3, 0xFFDD, 0xFFED,
  0xFFF2, 0xFFE8, 0xFFEF, 0xFFE7,  0xFFED, 0xFFEC, 0x0006, 0x000A,
  0x000C, 0xFFFA, 0xFFF9, 0xFFFC,  0xFFF8, 0xFFF5, 0xFFE5, 0xFFEC,
  0xFFE1, 0xFFDE, 0xFFE3, 0x0006,  0x002A, 0x0063, 0x0095, 0x0099,
  0x006A, 0x001D, 0xFFCB, 0xFF8D,  0xFF52, 0xFF58, 0xFF83, 0xFFB3,
  0xFFFB, 0x002A, 0x0059, 0x007C,  0x0070, 0x0051, 0x003A, 0x0019,
  0xFFFC, 0xFFF1, 0xFFF8, 0x0003,  0x0013, 0x0037, 0x0062, 0x007E,
  0x0088, 0x0073, 0x006D, 0x005A,  0x0026, 0xFFE7, 0xFFAF, 0xFF97,
  0xFF83, 0xFF82, 0xFF99, 0xFFC8,  0xFFF8, 0x0018, 0x001F, 0x0015,
  0x0010, 0x000C, 0x0015, 0x0007,  0x0006, 0x0012, 0x002D, 0x0027,
  0x0024, 0x0009, 0xFFF1, 0xFFDF,  0xFFCB, 0xFFBF, 0xFFC3, 0xFFC1,
  0xFFD0, 0xFFE2, 0xFFE9, 0xFFEB,  0xFFE1, 0xFFE9, 0xFFEE, 0xFFED,
  0xFFFB, 0x0000, 0x0026, 0x0027,  0x0026, 0x0021, 0x0007, 0xFFFF,
  0xFFFB, 0xFFEE, 0xFFEA, 0xFFEC,  0x0005, 0x0020, 0x001E, 0x0020,
  0x002C, 0x0038, 0x0021, 0xFFFF,  0xFFE4, 0xFFDB, 0xFFC4, 0xFFB2,
  0xFFBA, 0xFFC1, 0xFFC6, 0xFFCE,  0xFFF2, 0x0003, 0xFFFE, 0x0007,
  0x000B, 0x002D, 0x0019, 0x0014,  0x0018, 0x000E, 0xFFED, 0xFFD4,
  0xFFCC, 0xFFF3, 0xFFFD, 0x0005,  0x0016, 0x0031, 0x003D, 0x002C,
  0x001B, 0x001E, 0x000C, 0xFFFC,  0xFFEC, 0xFFFE, 0x0005, 0x0001,
  0xFFFF, 0x0010, 0x001F, 0x0006,  0xFFFA, 0x0005, 0x0016, 0x0012,
  0x000C, 0x0019, 0x0025, 0x0024,  0x000D, 0x000A, 0x000F, 0xFFFE,
  0xFFF5, 0xFFF3, 0xFFF0, 0xFFED,  0xFFE6, 0xFFEE, 0x000C, 0x000B,
  0x000C, 0x0010, 0x001A, 0x001B,  0x0006, 0xFFF0, 0xFFF5, 0xFFEA,
  0xFFEA, 0xFFE0, 0xFFFF, 0x0028,  0x003F, 0x0052, 0x004F, 0x0055,
  0x0039, 0x0017, 0xFFFC, 0xFFDC,  0xFFC6, 0xFFCD, 0xFFD3, 0xFFDC,
  0xFFDD, 0xFFE5, 0xFFEB, 0xFFEE,  0xFFDA, 0xFFD8, 0xFFE1, 0xFFDD,
  0xFFE1, 0xFFE5, 0xFFF5, 0xFFF6,  0xFFFA, 0xFFFC, 0x0000, 0xFFF4,
  0xFFF5, 0xFFF0, 0xFFF9, 0xFFF4,  0xFFEC, 0xFFEF, 0xFFEB, 0xFFEB,
  0xFFEF, 0xFFF2, 0xFFFF, 0xFFF7,  0x0002, 0x000D, 0x000A, 0x0016,
  0x0010, 0x0027, 0x0022, 0x0016,  0x0016, 0x0016, 0x0014, 0x0004,
  0x0001, 0xFFFD, 0xFFFC, 0xFFF4,  0xFFFC, 0x000E, 0x0015, 0x0019,
  0x001A, 0x001C, 0x000E, 0x0002,  0xFFFF, 0x0004, 0xFFF9, 0xFFE7,
  0xFFEA, 0xFFF9, 0xFFF6, 0xFFF7,  0xFFF2, 0x000D, 0x000C, 0x0007,
  0x0005, 0x0011, 0x000C, 0x000C,  0xFFFE, 0x000B, 0x0006, 0xFFF7,
  0xFFF5, 0xFFFA, 0xFFFD, 0xFFF1,  0xFFF0, 0x0000, 0xFFFE, 0x0004,
  0xFFFC, 0x000B, 0x0019, 0x0012,  0x0013, 0x0012, 0x0018, 0x000C,
  0x0007, 0x0006, 0x000E, 0x0004,  0x0001, 0x0002, 0x000D, 0x0005,
  0x0003, 0x0002, 0x0007, 0x0006,  0xFFF6, 0xFFFD, 0x0001, 0xFFFE,
  0xFFF3, 0xFFF2, 0xFFF4, 0xFFF1,  0xFFE8, 0xFFE3, 0xFFF2, 0xFFF1,
  0xFFEB, 0xFFFB, 0x0004, 0x0009,  0x0001, 0x0005, 0x0011, 0x0007,
  0xFFF9, 0xFFF5, 0xFFF5, 0xFFF5,  0xFFEA, 0xFFE3, 0xFFED, 0xFFE8,
  0xFFEB, 0xFFF0, 0xFFF1, 0x0001,  0xFFFD, 0x0007, 0x0005, 0x000B,
  0x0010, 0x000F, 0x0016, 0x0012,  0x0010, 0x000A, 0x0001, 0x0000,
  0xFFFE, 0xFFFF, 0x0003, 0x0004,  0x000C, 0x0014, 0x0014, 0x0012,
  0x0009, 0xFFFF, 0x0004, 0xFFFD,  0xFFFF, 0x0002, 0x0008, 0x000C,
  0x000A, 0x000C, 0x0003, 0x0008,  0xFFFE, 0x0001, 0xFFF8, 0xFFF6,
  0xFFFC, 0xFFFA, 0xFFFF, 0xFFFA,  0xFFFB, 0xFFF6, 0xFFFA, 0xFFF8,
  0xFFF8, 0xFFF5, 0xFFF7, 0xFFFA,  0xFFFD, 0xFFFC, 0x0001, 0x0000,
  0x0002, 0xFFFE, 0xFFFF, 0xFFFC,  0x0004, 0x0003, 0x000D, 0x0009,
  0x000E, 0x0008, 0x0007, 0x0008,  0xFFFC, 0x0000, 0x0003, 0x0000,
  0xFFF6, 0xFFF8, 0xFFF5, 0xFFFB,  0xFFFE, 0xFFFA, 0x0007, 0x0003,
  0x0003, 0x0004, 0x0001, 0x0001,  0xFFFD, 0xFFF9, 0x0001, 0xFFFF,
  0xFFFE, 0x0002, 0xFFFB, 0x0006,  0xFFFC, 0xFFFF, 0xFFF9, 0xFFFF,
  0xFFF8, 0xFFFE, 0xFFFC, 0x0000,  0xFFFF, 0x0000, 0x0003, 0x0005,
  0x000A, 0x000C, 0x000E, 0x0006,  0x000F, 0x0006, 0x0003, 0x0001,
  0xFFFB, 0x0002, 0xFFFC, 0x0000,  0xFFFE, 0x0003, 0xFFFF, 0x000B,
  0x000A, 0x000B, 0x000C, 0x000B,  0x000C, 0x000A, 0x0002, 0xFFFF,
  0xFFFE, 0xFFFF, 0xFFFB, 0xFFFD,  0xFFFB, 0xFFFB, 0xFFFB, 0xFFFD,
  0x0003, 0x0002, 0x0005, 0x0003,  0x000A, 0x0004, 0x0001, 0xFFF7,
  0xFFFE, 0xFFFC, 0xFFFF, 0xFFF9,  0xFFFD, 0xFFFE, 0xFFF7, 0xFFFD,
  0xFFF8, 0x0003, 0xFFFF, 0x0005,  0x0004, 0x0008, 0x0009, 0x0007,
  0x0002, 0x0003, 0xFFFE, 0x0004,  0xFFFE, 0x0002, 0x0002, 0xFFFD,
  0x0002, 0xFFFA, 0xFFFD, 0xFFF8,  0xFFFA, 0xFFFC, 0xFFFD, 0xFFFE,
  0x0000, 0x0001, 0xFFFE, 0x0001,  0xFFF7, 0x0000, 0xFFF3, 0xFFFC,
  0xFFF7, 0x0001, 0xFFFB, 0x0005,  0xFFFF, 0x0009, 0xFFFB, 0x0004,
  0xFFFA, 0x0000, 0xFFFC, 0xFFFD,  0x0001, 0x0001, 0x0006, 0x0009,
  0x0009, 0x000F, 0x0009, 0x000E,  0x0005, 0x0009, 0x0001, 0x0003,
  0x0001, 0x0000, 0x0002, 0xFFFE,  0x0002, 0x0000, 0xFFFD, 0xFFFF,
  0x0001, 0x0000, 0x0003, 0x0003,  0x0008, 0x000B, 0x0008, 0x0006,
  0x0004, 0x0004, 0x0003, 0x0000,  0x0000, 0x0004, 0x0004, 0x000B,
  0x0003, 0x0007, 0x0001, 0x0007,  0x0002, 0x0001, 0x0006, 0xFFFC,
  0x0000, 0xFFFE, 0xFFFB, 0xFFFB,  0xFFFA, 0xFFFC, 0xFFFD, 0x0001,
  0xFFFB, 0x0002, 0xFFF9, 0x0002,  0xFFFA, 0x0003, 0xFFFC, 0x0003,
  0xFFFD, 0xFFFC, 0xFFFE, 0xFFF5,  0xFFFB, 0xFFF8, 0xFFFD, 0xFFFF,
  0x0001, 0x0001, 0x0000, 0x0005,  0xFFFD, 0x0002, 0xFFFE, 0x0000,
  0xFFFF, 0x0002, 0x0000, 0x0000,  0x0000, 0xFFFF, 0xFFFD, 0x0001,
  0xFFFF, 0x0001, 0xFFFE, 0x0002,  0xFFFE, 0x0000, 0xFFFD, 0xFFFF,
  0xFFFF, 0xFFFC, 0xFFFD, 0xFFFC,  0x0001, 0xFFFE, 0x0004, 0xFFFF,
  0x0004, 0xFFFF, 0x0005, 0x0001,  0x0003, 0x0005, 0x000C, 0x000B,
  0x0008, 0x0002, 0x0003, 0x0002,  0xFFFF, 0x0001, 0x000A, 0x0005,
  0x0007, 0x0007, 0x0001, 0x000C,  0x0004, 0x0006, 0x0003, 0x0004,
  0x0001, 0x0006, 0x0002, 0x0005,  0xFFFF, 0x0002, 0x0002, 0x0001,
  0x0006, 0xFFFF, 0x0002, 0x0004,  0xFFFF, 0x0001, 0xFFFB, 0xFFFD,
  0xFFFA, 0xFFFC, 0xFFF8, 0xFFFB,  0xFFFB, 0xFFF9, 0xFFFD, 0xFFF7,
  0xFFFD, 0xFFF8, 0xFFFC, 0xFFFD,  0xFFFD, 0xFFFB, 0x0002, 0xFFF9,
  0x0003, 0xFFF8, 0xFFFF, 0xFFFA,  0xFFFD, 0xFFFC, 0xFFFC, 0xFFFB,
  0xFFFF, 0xFFFA, 0x0000, 0xFFF8,  0xFFFD, 0xFFFB, 0xFFF7, 0xFFFE,
  0xFFFA, 0x0001, 0xFFFF, 0x0002,  0x0002, 0x0003, 0x0000, 0x0001,
  0x0001, 0x0002, 0x0004, 0x0005,  0x0007, 0x0006, 0x0008, 0x0008,
  0x0004, 0x0007, 0xFFFF, 0x0005,  0xFFFF, 0x0001, 0x0000, 0xFFFD,
  0x0003, 0xFFFC, 0x0004, 0xFFFA,  0x0003, 0xFFFE, 0xFFFF, 0x0000,
  0x0000, 0x0001, 0x0000, 0xFFFF,  0x0002, 0xFFFE, 0x0001, 0xFFFF,
  0xFFFC, 0x0004, 0xFFFB, 0x0005,  0xFFFD, 0x0005, 0xFFFF, 0x0005,
  0x0000, 0x0006, 0xFFFC, 0x0007,  0xFFFD, 0x0002, 0x0005, 0xFFFF,
  0x0004, 0x0002, 0x0002, 0x0001,  0xFFFF, 0x0002, 0x0001, 0x0004,
  0x0002, 0x0003, 0x0003, 0x0004,  0x0003, 0x0004, 0x0001, 0x0004,
  0x0002, 0x0003, 0x0005, 0x0004,  0x0005, 0x0004, 0x0006, 0x0009,
  0x0002, 0x0007, 0xFFFF, 0x0007,  0xFFFE, 0x0003, 0x0001, 0x0000,
  0x0002, 0x0001, 0x0002, 0x0003,  0x0004, 0x0001, 0x0005, 0xFFFE,
  0x0004, 0xFFFE, 0x0000, 0xFFFF,  0xFFFA, 0xFFFD, 0xFFFD, 0xFFFD,
  0xFFF9, 0xFFFA, 0xFFFA, 0xFFF9,  0xFFFD, 0xFFF7, 0xFFFE, 0xFFFC,
  0xFFFD, 0xFFFC, 0xFFFA, 0xFFFF,  0xFFFB, 0x0000, 0xFFFA, 0xFFFD,
  0xFFFD, 0xFFFA, 0xFFFE, 0xFFFB,  0xFFFE, 0xFFFE, 0xFFF9, 0xFFFD,
  0xFFFC, 0xFFFC, 0x0000, 0xFFFD,  0xFFFD, 0xFFFF, 0xFFFF, 0xFFFF,
  0x0004, 0x0000, 0x0005, 0x0001,  0x0005, 0x0001, 0x0000, 0x0000,
  0xFFFF, 0x0003, 0xFFFB, 0x0002,  0xFFFB, 0x0003, 0xFFFC, 0x0003,
  0x0000, 0x0002, 0xFFFF, 0x0002,  0x0002, 0x0002, 0x0001, 0xFFFF,
  0xFFFF, 0x0000, 0x0002, 0xFFFE,  0x0001, 0xFFFF, 0x0001, 0x0000,
  0x0002, 0xFFFF, 0xFFFF, 0x0004,  0xFFFD, 0x0002, 0x0001, 0xFFFE,
  0x0004, 0xFFFE, 0x0001, 0xFFFE,  0x0000, 0x0000, 0x0001, 0x0001,
  0x0003, 0x0002, 0x0001, 0x0003,  0x0001, 0x0003, 0x0003, 0x0003,
  0x0001, 0x0002, 0x0001, 0xFFFF,  0x0002, 0xFFFE, 0x0005, 0x0003,
  0x0003, 0x0004, 0x0001, 0x0002,  0x0002, 0x0001, 0x0001, 0x0000,
  0xFFFE, 0xFFFD, 0xFFFE, 0xFFFD,  0xFFFA, 0xFFFD, 0xFFFB, 0xFFFD,
  0xFFFD, 0xFFFF, 0xFFFA, 0x0005,  0xFFFC, 0x0000, 0x0004, 0xFFFD,
  0x0004, 0xFFFC, 0x0002, 0xFFFF,  0x0003, 0xFFFF, 0x0003, 0xFFFC,
  0x0006, 0xFFFC, 0x0005, 0xFFFD,  0x0000, 0x0000, 0xFFFC, 0x0000,
  0x0000, 0xFFFF, 0x0001, 0xFFFF,  0x0001, 0xFFFF, 0x0001, 0xFFFB,
  0x0003, 0xFFFD, 0x0003, 0xFFFE,  0x0001, 0x0000, 0x0006, 0x0003,
  0x0003, 0xFFFF, 0x0001, 0x0000,  0x0001, 0x0000, 0x0003, 0x0001,
  0x0001, 0x0000, 0x0003, 0xFFFE,  0x0006, 0xFFFF, 0x0002, 0xFFFE,
  0x0001, 0x0001, 0x0001, 0x0003,  0xFFFF, 0x0001, 0xFFFF, 0x0004,
  0x0001, 0x0004, 0x0001, 0x0001,  0x0002, 0xFFFF, 0x0003, 0x0002,
  0xFFFD, 0x0005, 0xFFFB, 0x0004,  0xFFFE, 0x0003, 0x0000, 0x0003,
  0x0000, 0x0001, 0xFFFF, 0x0001,  0xFFFD, 0xFFFE, 0x0000, 0x0001,
  0xFFFE, 0x0002, 0xFFFC, 0x0005,  0xFFFB, 0x0005, 0x0000, 0x0003,
  0x0001, 0x0001, 0xFFFF, 0x0002,  0x0000, 0x0000, 0x0001, 0xFFFF,
  0x0002, 0x0000, 0xFFFF, 0x0000,  0x0000, 0xFFFF, 0x0001, 0xFFFE,
  0x0001, 0x0001, 0x0000, 0x0005,  0xFFFF, 0x0006, 0xFFFF, 0x0003,
  0x0001, 0x0004, 0x0003, 0x0004,  0x0003, 0x0003, 0xFFFF, 0xFFFE,
  0xFFFF, 0xFFFF, 0xFFFE, 0x0000,  0x0000, 0x0000, 0x0000, 0x0001,
  0x0003, 0x0001, 0x0002, 0x0004,  0x0000, 0x0005, 0xFFFE, 0x0002,
  0xFFFF, 0x0002, 0x0000, 0x0001,  0x0000, 0x0001, 0x0000, 0x0000,
  0x0002, 0xFFFF, 0x0002, 0x0000,  0x0002, 0x0002, 0x0000, 0xFFFF,
  0x0002, 0x0001, 0x0003, 0x0004,  0x0000, 0x0007, 0xFFFD, 0x0005,
  0x0001, 0x0000, 0x0005, 0x0001,  0x0001, 0x0002, 0x0002, 0x0003,
  0x0003, 0xFFFE, 0x0004, 0x0000,  0x0002, 0x0001, 0x0001, 0xFFFF,
  0x0003, 0xFFFC, 0x0004, 0xFFFC,  0x0002, 0xFFFF, 0xFFFF, 0x0002,
  0xFFFF, 0x0000, 0x0000, 0xFFFD,  0x0001, 0xFFFD, 0xFFFE, 0xFFFD,
  0xFFFE, 0xFFFE, 0xFFFF, 0xFFFD,  0x0002, 0xFFFE, 0xFFFE, 0xFFFD,
  0x0002, 0xFFFC, 0x0004, 0xFFFD,  0x0002, 0x0000, 0xFFFF, 0x0003,
  0xFFFF, 0x0002, 0x0000, 0x0001,  0x0001, 0x0001, 0x0001, 0xFFFF,
  0x0000, 0x0002, 0xFFFC, 0x0003,  0xFFFE, 0x0002, 0xFFFF, 0x0001,
  0x0000, 0x0002, 0xFFFF, 0x0003,  0x0002, 0x0003, 0x0002, 0x0000,
  0x0005, 0x0000, 0x0004, 0xFFFF,  0x0004, 0x0001, 0x0002, 0x0005,
  0xFFFF, 0x0002, 0xFFFE, 0x0001,  0x0000, 0x0000, 0x0002, 0xFFFE,
  0x0003, 0xFFFD, 0x0002, 0xFFFF,  0xFFFE, 0x0002, 0xFFFD, 0x0002,
  0xFFFE, 0x0001, 0xFFFF, 0xFFFC,  0x0001, 0xFFFB, 0x0002, 0xFFFA,
  0x0002, 0xFFFA, 0xFFFF, 0xFFFD,  0xFFFB, 0x0000, 0xFFFC, 0x0002,
  0xFFFE, 0x0000, 0x0000, 0x0000,  0x0001, 0x0000, 0xFFFF, 0xFFFF,
  0x0001, 0xFFFE, 0x0004, 0xFFFB,  0x0005, 0xFFFE, 0x0002, 0x0001,
  0x0003, 0xFFFF, 0x0003, 0xFFFF,  0x0002, 0xFFFE, 0x0003, 0xFFFF,
  0x0003, 0xFFFE, 0x0000, 0xFFFF,  0x0000, 0x0002, 0xFFFE, 0x0001,
  0xFFFE, 0x0001, 0x0000, 0x0000,  0x0000, 0xFFFF, 0x0006, 0x0002,
  0x0000, 0x0000, 0x0000, 0xFFFF,  0x0000, 0xFFFD, 0x0006, 0x0000,
  0x0002, 0x0001, 0x0000, 0x0006,  0x0000, 0x0003, 0x0001, 0x0000,
  0x0002, 0xFFFF, 0x0005, 0xFFFD,  0x0004, 0xFFFF, 0x0001, 0x0005,
  0x0000, 0x0004, 0x0000, 0x0003,  0x0003, 0xFFFE, 0x0003, 0xFFFD,
  0x0001, 0xFFFF, 0x0000, 0xFFFF,  0xFFFE, 0x0001, 0xFFFE, 0x0000,
  0xFFFF, 0x0000, 0xFFFF, 0x0002,  0xFFFF, 0x0000, 0x0003, 0xFFFD,
  0x0003, 0xFFFE, 0x0001, 0xFFFF,  0x0002
};

#endif // End of _THIRD_FLOOR16K16B1C_H
