#ifndef _TOP_FLOOR16K16B1C_H
#define _TOP_FLOOR16K16B1C_H

#define TOP_FLOOR16K16B1C_LITTLE_ENDIAN
#include <stdint.h>

#define TOP_FLOOR16K16B1C_PB_FMT Mode_mono
#define TOP_FLOOR16K16B1C_SZ 12817

const uint16_t top_floor16k16b1c[ TOP_FLOOR16K16B1C_SZ ] =
{
  0x0001, 0x0006, 0x0000, 0x0002,  0x0003, 0xFFFD, 0x0003, 0xFFFE,
  0x0000, 0x0000, 0x0000, 0xFFFF,  0x0001, 0xFFFF, 0x0000, 0x0001,
  0xFFFE, 0x0003, 0xFFFE, 0x0003,  0xFFFE, 0x0003, 0x0000, 0x0000,
  0x0001, 0xFFFD, 0x0004, 0xFFFD,  0x0004, 0xFFFF, 0x0000, 0xFFFF,
  0x0002, 0xFFFE, 0x0002, 0xFFFE,  0x0001, 0x0000, 0x0001, 0xFFFF,
  0x0002, 0x0001, 0x0002, 0x0004,  0xFFFF, 0x0002, 0xFFFF, 0x0002,
  0xFFFE, 0x0004, 0xFFFD, 0x0003,  0xFFFD, 0x0006, 0xFFFE, 0x0004,
  0xFFFE, 0x0002, 0x0000, 0x0002,  0xFFFD, 0x0005, 0xFFFC, 0x0002,
  0xFFFE, 0xFFFF, 0xFFFD, 0x0002,  0xFFFC, 0x0000, 0xFFFB, 0x0002,
  0xFFFB, 0x0000, 0xFFFC, 0xFFFE,  0xFFFD, 0xFFFF, 0xFFFA, 0xFFFF,
  0xFFFD, 0xFFFC, 0xFFFE, 0xFFFE,  0xFFFC, 0xFFFE, 0xFFFD, 0xFFFA,
  0x0001, 0xFFFA, 0xFFFE, 0xFFFC,  0xFFFC, 0x0003, 0xFFFC, 0x0000,
  0xFFFE, 0xFFFE, 0x0001, 0xFFFF,  0xFFFF, 0x0001, 0xFFFF, 0x0000,
  0x0001, 0xFFFF, 0x0001, 0x0003,  0xFFFD, 0x0004, 0xFFFF, 0xFFFF,
  0x0005, 0xFFFC, 0x0005, 0xFFFE,  0x0003, 0x0003, 0x0002, 0x0004,
  0x0000, 0x0005, 0x0002, 0x0004,  0x0003, 0x0006, 0x0000, 0x0006,
  0xFFFF, 0x0006, 0x0002, 0x0003,  0x0003, 0x0004, 0x0004, 0x0003,
  0x0003, 0x0002, 0x0005, 0xFFFE,  0x0006, 0x0002, 0x0003, 0x0003,
  0x0001, 0x0004, 0x0001, 0x0005,  0xFFFE, 0x0007, 0xFFFE, 0x0004,
  0x0002, 0x0000, 0x0002, 0x0002,  0x0001, 0xFFFF, 0x0001, 0x0000,
  0xFFFF, 0x0002, 0xFFFD, 0x0002,  0xFFFF, 0xFFFF, 0xFFFF, 0xFFFE,
  0x0001, 0xFFFF, 0xFFFF, 0x0001,  0xFFFD, 0x0001, 0xFFFE, 0x0000,
  0x0001, 0xFFFC, 0x0003, 0xFFFD,  0x0002, 0xFFFB, 0x0001, 0xFFFE,
  0xFFFF, 0x0000, 0xFFFE, 0xFFFF,  0x0002, 0xFFFD, 0x0003, 0xFFFE,
  0x0001, 0x0001, 0x0002, 0x0001,  0x0003, 0xFFFF, 0x0002, 0x0000,
  0x0003, 0x0000, 0x0002, 0xFFFF,  0x0002, 0xFFFD, 0x0004, 0xFFFD,
  0x0001, 0x0000, 0xFFFE, 0x0003,  0xFFFD, 0x0002, 0xFFFD, 0x0002,
  0xFFFE, 0x0000, 0x0000, 0xFFFF,  0x0003, 0xFFFB, 0x0002, 0xFFFF,
  0xFFFF, 0x0002, 0xFFFD, 0x0002,  0xFFFE, 0x0004, 0x0000, 0x0002,
  0x0000, 0x0003, 0x0004, 0x0001,  0x0002, 0x0006, 0x0002, 0x0002,
  0x0005, 0xFFFE, 0x0007, 0xFFFE,  0x0003, 0x0003, 0x0001, 0xFFFF,
  0x0003, 0xFFFD, 0x0002, 0xFFFF,  0xFFFD, 0x0002, 0xFFF9, 0x0003,
  0xFFFB, 0x0002, 0xFFFE, 0x0002,  0xFFFD, 0x0003, 0xFFFA, 0x0004,
  0xFFFB, 0x0004, 0xFFFD, 0xFFFF,  0x0002, 0xFFFD, 0x0005, 0xFFFB,
  0x0004, 0xFFFB, 0x0004, 0xFFFB,  0x0003, 0xFFFB, 0x0000, 0xFFFE,
  0xFFFF, 0xFFFD, 0xFFFF, 0xFFFE,  0xFFFE, 0xFFFF, 0xFFFE, 0xFFFC,
  0xFFFF, 0xFFFC, 0xFFFF, 0xFFFC,  0xFFFD, 0xFFFD, 0xFFFB, 0xFFFF,
  0xFFFA, 0xFFFB, 0xFFFE, 0xFFF9,  0x0000, 0xFFFE, 0xFFFC, 0xFFFF,
  0xFFFF, 0xFFFE, 0x0000, 0x0002,  0xFFFD, 0x0000, 0xFFFF, 0x0001,
  0x0001, 0x0003, 0xFFFB, 0x0004,  0xFFFF, 0x0002, 0x0003, 0x0000,
  0x0005, 0x0000, 0x0000, 0x0004,  0x0002, 0x0004, 0x0001, 0x0001,
  0x0003, 0xFFFC, 0x0003, 0x0005,  0xFFFB, 0x0007, 0xFFFA, 0x0004,
  0x0000, 0x0006, 0xFFFB, 0x0004,  0x0002, 0xFFFC, 0x0002, 0x0000,
  0x0003, 0xFFFB, 0xFFFF, 0xFFF7,  0x0002, 0x0006, 0xFFFF, 0xFFFC,
  0xFFFE, 0x0003, 0x0002, 0xFFF5,  0x0003, 0x000C, 0xFFFF, 0xFFF2,
  0x000E, 0x0000, 0x0004, 0x0002,  0xFFFD, 0x0001, 0x0006, 0x0006,
  0xFFFE, 0xFFFA, 0x0008, 0x0002,  0xFFFA, 0x0002, 0x0000, 0xFFF7,
  0x000A, 0x0007, 0xFFF1, 0x0001,  0x0013, 0xFFE6, 0x0003, 0x000C,
  0x0000, 0xFFF6, 0x0008, 0xFFF0,  0xFFF7, 0x0010, 0xFFF7, 0x0005,
  0xFFF3, 0x0009, 0x000D, 0xFFF8,  0x0003, 0x0006, 0xFFF8, 0x0015,
  0xFFFE, 0xFFEC, 0x0013, 0x000E,  0xFFF2, 0x0009, 0xFFF8, 0x0006,
  0x0010, 0xFFE1, 0x001B, 0x000E,  0x0008, 0xFFF4, 0xFFE7, 0x0009,
  0xFFFD, 0x0008, 0x0007, 0xFFFA,  0x0004, 0x0009, 0xFFFF, 0x0021,
  0xFFE4, 0xFFFF, 0x0031, 0xFFE5,  0xFFF9, 0x0018, 0xFFE8, 0xFFE7,
  0x000E, 0x0009, 0x0028, 0xFFD8,  0x002D, 0x0000, 0xFFD8, 0x0037,
  0xFFF7, 0xFFF0, 0xFFDD, 0x001D,  0x0029, 0xFFB5, 0xFFD3, 0x002A,
  0x004F, 0xFFA3, 0x0079, 0x0013,  0xFF7E, 0x0093, 0xFF8C, 0x001B,
  0xFFE3, 0xFFB3, 0x004C, 0xFF7D,  0x0009, 0x00FE, 0xFF74, 0xFFC0,
  0x006C, 0x000F, 0x005C, 0xFF82,  0xFFDB, 0x0095, 0xFFB5, 0x0050,
  0x0009, 0xFF74, 0x000B, 0xFF82,  0x0089, 0xFF2E, 0x0037, 0x0144,
  0xFF0F, 0x0001, 0x00CA, 0xFE98,  0xFF90, 0x00F9, 0xFFD0, 0x0096,
  0xFFD8, 0xFE16, 0x0175, 0xFFC9,  0xFEB8, 0x0082, 0x00ED, 0xFF5C,
  0x0070, 0x010A, 0xFD43, 0x012A,  0xFF81, 0x0049, 0x0065, 0xFFEE,
  0xFEE8, 0xFF40, 0x0193, 0xFF97,  0xFF19, 0x00C8, 0xFFED, 0xFFE4,
  0xFF89, 0x0031, 0xFFE0, 0xFE7D,  0x03D3, 0xFD5F, 0xFEB5, 0x00C4,
  0xFF2B, 0x016D, 0x01A1, 0xFECD,  0xFDF4, 0x0339, 0x0022, 0xFEC5,
  0x003F, 0xFE2C, 0x01C6, 0x0296,  0xFF71, 0xFFB7, 0x009D, 0xFDF5,
  0x00AD, 0x02B2, 0xFF8F, 0x01BA,  0xFED6, 0x0043, 0xFF90, 0xFE09,
  0x004F, 0xFF10, 0x011A, 0xFECE,  0xFEB5, 0x0069, 0xFD92, 0x0387,
  0x0075, 0xFBC1, 0x0288, 0x02FB,  0xFE63, 0xFF81, 0x0021, 0xFDF9,
  0xFF23, 0xFD2C, 0x006D, 0x02E2,  0xFE5B, 0x02F6, 0x0000, 0x01A2,
  0x038F, 0x0582, 0x014C, 0xFE2D,  0x0763, 0x0442, 0x0981, 0x039D,
  0x0033, 0x0043, 0xF6DE, 0xE74E,  0xFBC8, 0x0F76, 0xFC44, 0xEFD1,
  0x0076, 0xFA92, 0xFAE0, 0x1166,  0xFBD2, 0xF888, 0x0682, 0xF817,
  0xF175, 0xFD47, 0xF8A5, 0xF62D,  0x09CC, 0x0FD5, 0xFC16, 0x0770,
  0xFCA3, 0xFAE4, 0x0543, 0x098D,  0x0528, 0x0BBA, 0x1D85, 0xF664,
  0x002A, 0x19DE, 0xED0D, 0xF93C,  0x12C1, 0xF406, 0xF4E9, 0xFEE5,
  0xF270, 0xF714, 0x0C5E, 0xE92E,  0xFDD2, 0x0A91, 0xDEAD, 0x016A,
  0xFBF6, 0xE16D, 0x08DA, 0x0321,  0xFA09, 0xFB95, 0x0E98, 0xF98A,
  0xF6A9, 0x167F, 0xF42A, 0x15AE,  0x1247, 0x002E, 0x053B, 0x0427,
  0x0B82, 0xF281, 0x1339, 0x03C0,  0xF4E8, 0x10F8, 0xF226, 0x061D,
  0xFBD8, 0x09F4, 0xEF2B, 0x0147,  0x11FC, 0xE706, 0x0B4E, 0xF049,
  0xF397, 0xF55D, 0x00BE, 0xF070,  0x08AF, 0xFF09, 0xF345, 0x0806,
  0x0366, 0xFE6E, 0xF7EB, 0x1E69,  0xE636, 0x10AE, 0x12EB, 0xEC1A,
  0x14F7, 0x017C, 0x0047, 0x089C,  0x0C69, 0xFF41, 0xF29B, 0x09C9,
  0xF751, 0xFECE, 0x07CC, 0xED2E,  0xF869, 0x04BD, 0xE698, 0xF6A0,
  0x079A, 0xF50C, 0x1432, 0xF41C,  0x054C, 0xFBC3, 0xFA0D, 0xFE5D,
  0xFB40, 0x0B03, 0xFF6D, 0x05E8,  0x00A4, 0xFEA5, 0x0054, 0x06D8,
  0x01D4, 0x0D23, 0x01AF, 0x028F,  0x0627, 0x05DD, 0xF990, 0x0549,
  0x0303, 0x048F, 0xF4CB, 0x182B,  0xFA97, 0xF593, 0x1611, 0xEC42,
  0x0C63, 0xFC72, 0x090A, 0xFAFB,  0xF71D, 0x06F5, 0x0049, 0xECF3,
  0x0A31, 0xF871, 0xFAE0, 0x0A49,  0xF3F4, 0x0122, 0x04CA, 0x09D9,
  0xF84F, 0x04CA, 0x0999, 0xFF1B,  0x0556, 0x0A3C, 0x013A, 0x0E75,
  0xFF5C, 0x0C9A, 0xFD10, 0xFF71,  0x0B65, 0xFFE7, 0x03C8, 0x0904,
  0x0280, 0xFA42, 0x0137, 0xFA7E,  0x0524, 0xF903, 0x01D0, 0xFF98,
  0x0277, 0x02F4, 0xF299, 0xFBE0,  0xFFB6, 0xF773, 0x0084, 0xFE58,
  0x04FC, 0xF7E6, 0x03AF, 0x06FE,  0xF145, 0x09C9, 0xFC4B, 0xFDB1,
  0x09C7, 0x0590, 0x05B2, 0x00CA,  0xFD7F, 0x07FC, 0x008E, 0x0546,
  0x0948, 0xF987, 0x037A, 0x06D3,  0xF63F, 0x0121, 0x00CF, 0xFBD0,
  0x03BB, 0x00D3, 0xF851, 0xF895,  0x01E5, 0xF3F1, 0x03F5, 0x066E,
  0xF63D, 0xFD51, 0xFEFD, 0xFA2C,  0xFAB4, 0x01A8, 0x0538, 0x05E7,
  0xFE6A, 0xFDA6, 0x0770, 0xF109,  0xFD48, 0x0BE3, 0x03DA, 0xFF1C,
  0xFEDC, 0x0A8A, 0xF340, 0xFE6E,  0xFDC7, 0xF8A9, 0x078A, 0x0639,
  0xFD93, 0xFD6B, 0xFBFD, 0xF926,  0xF9CB, 0xFA7F, 0xFEF5, 0x009C,
  0x087E, 0xFFC6, 0x041F, 0x04C5,  0xF493, 0xF8B3, 0xF9F2, 0x025D,
  0x084F, 0x05AF, 0xFEF4, 0xFDDF,  0xFB4E, 0xF489, 0x03E6, 0xFC4D,
  0x048D, 0x03B2, 0x0141, 0xFE43,  0xFF6F, 0xFC6B, 0xF74F, 0x0052,
  0x0014, 0x0959, 0xF855, 0x023A,  0xFC11, 0xF94C, 0xFE54, 0xFE7E,
  0x02FC, 0xFA03, 0x03E5, 0xFD16,  0x0044, 0xF90F, 0xFA25, 0x02FF,
  0xFCC6, 0x0197, 0xFF95, 0x009A,  0xFEA8, 0xFEF2, 0x0223, 0xFF2D,
  0xFA8F, 0x044F, 0x05D7, 0x02D3,  0x0180, 0x0451, 0x0388, 0xFCE7,
  0x0171, 0xFEBB, 0x03C5, 0xFF03,  0xFBF7, 0x04AA, 0x01FD, 0xF831,
  0xFBE2, 0xFEAE, 0xFDE8, 0xFE09,  0x00BC, 0x0403, 0x0134, 0xF9F4,
  0xFDF1, 0x0599, 0xF9FC, 0x0018,  0xFFEA, 0x01E3, 0x0389, 0x0274,
  0x0480, 0x0403, 0x0346, 0xFD94,  0x00E7, 0x02C7, 0x00DE, 0x018F,
  0x01B2, 0xFBBC, 0x04C8, 0x0006,  0xFC99, 0xFDC8, 0x0159, 0xFE04,
  0xFFA2, 0x0545, 0x00C7, 0xFFCA,  0xF9D3, 0x0566, 0xFF80, 0x0126,
  0xFEDC, 0x00FE, 0x0409, 0xFBD0,  0x0311, 0x0027, 0x0037, 0xFED3,
  0xFFD4, 0x0557, 0xFDD9, 0xFDB7,  0x045B, 0x02F5, 0xFFDB, 0xF849,
  0x0127, 0xFEF5, 0xFBA1, 0x0398,  0xFFDC, 0xFAF4, 0xFA65, 0x0189,
  0x00CB, 0xFD59, 0xFD17, 0x0190,  0x051D, 0xFFD4, 0xFDC4, 0x00F5,
  0x0168, 0x0476, 0x04CD, 0x0406,  0xFFAF, 0xFCA8, 0x0302, 0x04C2,
  0x010E, 0xFB29, 0xFD73, 0xFC70,  0xFC2B, 0x0218, 0x01AB, 0xFF53,
  0xFC45, 0xFD08, 0xFE73, 0xFCD4,  0xFDE2, 0x01E1, 0x048D, 0x0144,
  0x037B, 0x037F, 0xFB9E, 0xFB84,  0xFABD, 0xFDD3, 0xFE5C, 0x021A,
  0x06C6, 0x0192, 0xFF41, 0xFF1E,  0x00EB, 0xFCFD, 0xFE3F, 0x04A5,
  0x0345, 0xFE47, 0x00D2, 0x0125,  0xF9BF, 0xF98D, 0xFF03, 0x0282,
  0x02C1, 0x0049, 0x03DB, 0x05BC,  0xFC4C, 0xFF0A, 0x0092, 0xFE23,
  0xFCAD, 0x01FB, 0x068E, 0xFED3,  0xFE9A, 0xFE36, 0x0006, 0x006E,
  0xFCD0, 0xFE47, 0x0146, 0xFF55,  0x0118, 0x020F, 0x01D2, 0x029D,
  0x0102, 0x0014, 0xFDF2, 0xFE01,  0xFDF6, 0x003C, 0xFFFE, 0xFF87,
  0xFFF8, 0xFF8A, 0x0148, 0x013B,  0xFC6B, 0xFDF5, 0x01A1, 0xFFC5,
  0xFF97, 0x00AA, 0x0173, 0x00C3,  0x0445, 0x0201, 0x0259, 0x0359,
  0x021A, 0x03E8, 0x0067, 0xFFFF,  0xFBC8, 0xFC6E, 0xFD47, 0x0057,
  0x0150, 0xFD54, 0xFE78, 0xFC15,  0xFE66, 0x0020, 0x00CC, 0x0240,
  0x05A1, 0x0407, 0x0201, 0x003D,  0xFC5E, 0xFBB7, 0xFCFC, 0xFF8E,
  0x0035, 0x011D, 0xFFD4, 0x0337,  0x0261, 0xFF98, 0xFEEE, 0xFB5C,
  0xFBFC, 0xFF7F, 0x0272, 0x02A9,  0x01C1, 0x0344, 0x0095, 0xFD34,
  0x003D, 0xFFED, 0x02B1, 0xFF07,  0x0022, 0x00EB, 0xFCE9, 0xFCA0,
  0xFA5F, 0x031B, 0xFFCD, 0xFE88,  0x007C, 0x05C1, 0x0203, 0xFAC0,
  0x0184, 0xFEE8, 0xFD12, 0xFF3F,  0x069E, 0xFE96, 0xFAA9, 0xFF3F,
  0xFAD4, 0xFE44, 0xFDF6, 0x00C7,  0x0793, 0x031E, 0x0597, 0x02EE,
  0x04B3, 0x0222, 0xFA90, 0x01AE,  0xFB54, 0x00D6, 0xFCE7, 0xFC67,
  0x0144, 0xF8AA, 0xFF4C, 0xFED5,  0x01A5, 0x0163, 0xFFA7, 0x0360,
  0x03D7, 0x0509, 0x0151, 0x06C8,  0x04FC, 0xFD99, 0x0128, 0xFE05,
  0xFECD, 0xFA3A, 0xF9E2, 0xFFA7,  0xFC2B, 0xFF15, 0xFB8A, 0xFFF1,
  0x015F, 0x0170, 0x03A6, 0xFFEB,  0x00EF, 0xFDB5, 0x0111, 0x0337,
  0x010C, 0x0057, 0x02E5, 0x0530,  0xFF8D, 0xF9D5, 0xFD37, 0xFD30,
  0x001E, 0xFFFC, 0xFFB1, 0x034B,  0xFE95, 0x026E, 0x00BF, 0x0198,
  0xFFC5, 0xFC7D, 0x02D3, 0x00C5,  0xFF22, 0xF9EA, 0xF945, 0xFD82,
  0xFB49, 0xFCF8, 0xFE2E, 0xFD9D,  0xFE4C, 0x014A, 0x04C3, 0x0622,
  0x07EF, 0x0705, 0x09C2, 0x08FD,  0x032B, 0x0257, 0xFD73, 0xF990,
  0xFB38, 0xF8EE, 0xF6A1, 0xF971,  0xFCCB, 0x000F, 0x020E, 0x0005,
  0x040C, 0x07BC, 0x03DD, 0x0245,  0x0467, 0x05E8, 0x0364, 0xFF88,
  0xFD01, 0xFCA7, 0xF7E2, 0xF7BA,  0xFA5E, 0xFE70, 0xFF3F, 0x0149,
  0x0184, 0xFDA0, 0x0099, 0xFEA6,  0xFFDA, 0xFF70, 0xFDC1, 0xFFE7,
  0x055B, 0x0246, 0x0104, 0xFF69,  0xFA4F, 0xFA87, 0xFA98, 0xFD68,
  0x021D, 0x07B4, 0x08BE, 0x0BEB,  0x09FA, 0x03BF, 0x008D, 0xFBE7,
  0xF9D1, 0xF92F, 0xF709, 0xF91F,  0xFD6F, 0xFDEB, 0xFCF8, 0xFD3A,
  0xFED9, 0x0173, 0xFFAE, 0xFECC,  0x054D, 0x08CC, 0x05AC, 0x0703,
  0x00FB, 0xFFE8, 0xFF3E, 0xFC9F,  0xFE9B, 0xFC05, 0x0010, 0x01D5,
  0x0444, 0xFEEC, 0xFEB5, 0x011E,  0x0371, 0x0451, 0x00F5, 0xFE3A,
  0xFDC8, 0x0164, 0xFDEB, 0xFF69,  0xFCF1, 0xF94F, 0xFE01, 0xFEB2,
  0xFE52, 0xFFA5, 0xFE93, 0x0045,  0x024B, 0x0758, 0x05F7, 0x0044,
  0x0100, 0x00ED, 0x0358, 0xFDBB,  0xFA69, 0xFCB0, 0xFB9D, 0xFC9D,
  0xF9BC, 0xFA7B, 0xFAFD, 0x0002,  0x01D0, 0x045E, 0x090D, 0x0586,
  0x060C, 0x0092, 0xFF0B, 0xF989,  0xF81B, 0xF91A, 0xFA09, 0xFF3E,
  0xFF12, 0x03A9, 0x053F, 0x0642,  0x03C7, 0x033B, 0x0689, 0x05DE,
  0x0246, 0x0260, 0x003B, 0xFEA2,  0xFEE8, 0xFDB9, 0xFFBB, 0xFD50,
  0xFCF9, 0xFC09, 0x00E6, 0x0090,  0xFEDC, 0x023F, 0x03E6, 0x0403,
  0x00F7, 0x059E, 0x078C, 0x06F0,  0x020A, 0x0057, 0xFF12, 0xFADB,
  0xF934, 0xF76B, 0xF852, 0xF937,  0x00C1, 0x08FB, 0x0DF1, 0x0B2D,
  0x04E1, 0x0525, 0x02E2, 0xFCB2,  0xF66E, 0xF96E, 0xFCAF, 0xFC52,
  0xFE95, 0x01D6, 0x0265, 0xFE9D,  0xFD86, 0xFB69, 0xFB7F, 0xF935,
  0xF5EE, 0xFBCE, 0x03ED, 0x00CF,  0xFE73, 0x0495, 0x04B6, 0xFF65,
  0xFE4E, 0x01D5, 0xFF49, 0xFA51,  0xF885, 0xFA00, 0xFF33, 0xFF43,
  0xFBFD, 0xFDE5, 0x0433, 0x04F0,  0x0360, 0x04EC, 0x04C6, 0xFDCA,
  0x0033, 0x04C9, 0x0650, 0x02AE,  0xFF98, 0x03E3, 0x06BB, 0x095B,
  0xFFD3, 0xFFFC, 0x010B, 0x026E,  0x0136, 0x024B, 0x0238, 0xFE43,
  0xFD9C, 0x0271, 0x03E0, 0x00B6,  0xFBB1, 0x0252, 0x07F5, 0x07CD,
  0x080A, 0x0564, 0x0B08, 0x061C,  0x0750, 0x00A4, 0xFDA8, 0xF8E7,
  0xF6B4, 0xF956, 0xFC27, 0xF984,  0xF93D, 0xFBEB, 0x06D3, 0x0530,
  0xFCBD, 0xFC8E, 0xFAB7, 0xFF78,  0xF6DE, 0xF648, 0xF31A, 0xF522,
  0xF398, 0xF1DC, 0xF46A, 0xF3BA,  0xF586, 0xF915, 0xFB9F, 0xFC21,
  0xF64A, 0xF335, 0xF404, 0xF239,  0xF02B, 0xEF95, 0xF399, 0xF69B,
  0xFC1D, 0xFF85, 0x075C, 0x0BFB,  0x0EA6, 0x126D, 0x1237, 0x1328,
  0x0F13, 0x0C9C, 0x07ED, 0x069D,  0x04E1, 0x0345, 0x0525, 0x04D4,
  0x0552, 0x064D, 0x0AC6, 0x0972,  0x0F47, 0x121D, 0x1505, 0x174B,
  0x1A0A, 0x1E28, 0x1E2B, 0x1904,  0x1160, 0x0BA7, 0x057C, 0xFE71,
  0xF81A, 0xF854, 0xF6E1, 0xF9A9,  0xFBC2, 0x0033, 0x01EA, 0x0121,
  0xFE4B, 0xFE27, 0xFE3A, 0xFAA0,  0xF7CE, 0xF7A8, 0xF869, 0xF33E,
  0xEDF6, 0xEAF4, 0xEC4A, 0xEC49,  0xE7BB, 0xE708, 0xEA4A, 0xED72,
  0xEC72, 0xEBA6, 0xEBBA, 0xEA56,  0xEABD, 0xEB44, 0xECE3, 0xEC8C,
  0xEEEE, 0xEFEB, 0xF3BA, 0xF825,  0xFAB5, 0xFB67, 0x0291, 0x07E6,
  0x0A60, 0x0CDC, 0x0F9D, 0x13E0,  0x14F0, 0x1675, 0x14DF, 0x16C5,
  0x150F, 0x153F, 0x12A3, 0x1164,  0x0E36, 0x0BD9, 0x0CF9, 0x0ED9,
  0x1288, 0x1521, 0x1685, 0x19F9,  0x1CC8, 0x1BAD, 0x18F4, 0x1246,
  0x0EF3, 0x0926, 0x063D, 0x00DF,  0xFFF9, 0xFD4B, 0xFAF1, 0xFD66,
  0xFE83, 0xFD40, 0xFC3F, 0xFBC2,  0xF6D5, 0xF4F0, 0xF276, 0xED7C,
  0xE9EF, 0xEA1E, 0xE918, 0xE9D4,  0xE82E, 0xEBDA, 0xEC5A, 0xEC29,
  0xEAB9, 0xE846, 0xE5F8, 0xE0A0,  0xE1A7, 0xE0F8, 0xDF3E, 0xE20A,
  0xE51A, 0xED4A, 0xF3B5, 0xF9F8,  0xFBC7, 0xFD90, 0x032A, 0x037E,
  0x08F5, 0x0893, 0x0CA9, 0x0F64,  0x18C7, 0x1C7C, 0x1D7A, 0x1D6A,
  0x1D05, 0x1D31, 0x1AA7, 0x1467,  0x0EB6, 0x0EE0, 0x0E79, 0x1074,
  0x0F8A, 0x1364, 0x12A0, 0x1868,  0x189F, 0x1902, 0x154F, 0x12BC,
  0x11BC, 0x10D1, 0x0F50, 0x084C,  0x0657, 0x04B7, 0x066D, 0x0314,
  0xFF3F, 0xFC14, 0xFB0F, 0xF98E,  0xF558, 0xF16B, 0xEF97, 0xF065,
  0xEF90, 0xF003, 0xEDB5, 0xEDA0,  0xED2A, 0xEC88, 0xEA5D, 0xE6E8,
  0xE727, 0xE59B, 0xE541, 0xE3FA,  0xDFE2, 0xDC31, 0xD8F6, 0xD6B0,
  0xD925, 0xD7A8, 0xDBE7, 0xE129,  0xF2D7, 0xFA86, 0x030F, 0x0CE5,
  0x14B5, 0x1ECA, 0x1CBD, 0x1F0C,  0x17CE, 0x1AFE, 0x18DA, 0x132C,
  0x1372, 0x1199, 0x127B, 0x1043,  0x11E7, 0x113A, 0x0E93, 0x10F0,
  0x0D3F, 0x141F, 0x14E7, 0x1558,  0x16CB, 0x183A, 0x1B6F, 0x159D,
  0x161D, 0x100B, 0x0EC9, 0x0AC6,  0x07CA, 0x05F0, 0x064C, 0x05C7,
  0x0300, 0x05AE, 0x0445, 0x0264,  0xFCC9, 0xF957, 0xF3F7, 0xEFD6,
  0xEBCA, 0xE792, 0xE755, 0xE7BC,  0xE854, 0xE59A, 0xE51B, 0xE1A5,
  0xE1D9, 0xDF2F, 0xDCD9, 0xDB95,  0xD81A, 0xD97D, 0xD954, 0xDD30,
  0xE03D, 0xE2A2, 0xE75E, 0xEF1F,  0xFA29, 0xFDEA, 0x0502, 0x0CE8,
  0x14EB, 0x1CC1, 0x1CCA, 0x2027,  0x1FA7, 0x23AF, 0x2122, 0x1BE0,
  0x19CD, 0x1657, 0x1584, 0x12C1,  0x10CD, 0x0D46, 0x0C33, 0x0CF5,
  0x0C9D, 0x0E1E, 0x0E8C, 0x0EB6,  0x12E4, 0x163C, 0x194C, 0x1715,
  0x171C, 0x15D6, 0x142D, 0x0F1B,  0x0701, 0x01EC, 0xFF0A, 0xFF32,
  0xFBC3, 0xFBBE, 0xFBBC, 0xFD9A,  0xFCDF, 0xF97B, 0xF5C0, 0xEF57,
  0xED15, 0xE8F0, 0xE500, 0xE2D8,  0xDE17, 0xDAF3, 0xD90C, 0xDAC9,
  0xD7CB, 0xD7F3, 0xD687, 0xD889,  0xDA0C, 0xDA4B, 0xDC99, 0xDE5B,
  0xE694, 0xE664, 0xF3FA, 0xFD40,  0x060E, 0x0C2E, 0x15B2, 0x21E1,
  0x26D1, 0x290A, 0x22F8, 0x254C,  0x226A, 0x1FA6, 0x15D4, 0x1029,
  0x1030, 0x0EA8, 0x0ED5, 0x0C61,  0x0C0B, 0x0C29, 0x0E09, 0x0EB9,
  0x0E07, 0x0F2E, 0x0F67, 0x11F6,  0x185A, 0x1A0D, 0x1A17, 0x192C,
  0x1990, 0x1821, 0x1291, 0x0A84,  0x032D, 0xFF47, 0xFB85, 0xF937,
  0xF507, 0xF65F, 0xF96E, 0xFACA,  0xFA06, 0xF7DD, 0xF368, 0xEDFC,
  0xE9B5, 0xE237, 0xDC12, 0xD4D0,  0xD231, 0xD221, 0xD3FA, 0xD651,
  0xD859, 0xDC30, 0xDEFC, 0xDFBC,  0xE00E, 0xE040, 0xE4A2, 0xE57E,
  0xECF2, 0xF82B, 0x00B3, 0x0AAA,  0x10A7, 0x1DB4, 0x23D6, 0x2A95,
  0x29C5, 0x2735, 0x28F0, 0x2517,  0x204E, 0x177D, 0x13A3, 0x0EB5,
  0x0AC0, 0x07E2, 0x0520, 0x04A1,  0x04EF, 0x07AD, 0x0B30, 0x0ED5,
  0x11DA, 0x136A, 0x1835, 0x1BDC,  0x1B6E, 0x195C, 0x15CB, 0x1526,
  0x1133, 0x0D20, 0x05B1, 0x0042,  0xFEE8, 0xFB33, 0xF8B8, 0xF5B2,
  0xF465, 0xF4AC, 0xF5D6, 0xF368,  0xEFB8, 0xEA8D, 0xE6A6, 0xE403,
  0xDE63, 0xD89B, 0xD2FC, 0xD3C0,  0xD51C, 0xD713, 0xD523, 0xD595,
  0xD92E, 0xDA84, 0xE071, 0xDFAF,  0xE729, 0xEDC8, 0xFC8F, 0x07A7,
  0x0E37, 0x1930, 0x1E4F, 0x2AF0,  0x2A0B, 0x2AE0, 0x260A, 0x2320,
  0x2344, 0x1CF3, 0x17F8, 0x1071,  0x0F2C, 0x0BA6, 0x0940, 0x0663,
  0x02A7, 0x053E, 0x079D, 0x0920,  0x0BCB, 0x0DE4, 0x1191, 0x1547,
  0x18A0, 0x183E, 0x175D, 0x168C,  0x131E, 0x100C, 0x0A63, 0x047F,
  0x0084, 0xFD58, 0xFB3A, 0xF96B,  0xF7A3, 0xF6FF, 0xF67C, 0xF684,
  0xF3A3, 0xF046, 0xEAFD, 0xE6CE,  0xE38C, 0xDDA6, 0xD901, 0xD5B9,
  0xD4C8, 0xD5D1, 0xD6D1, 0xD634,  0xD763, 0xDA35, 0xDD03, 0xE113,
  0xE53B, 0xEAB9, 0xF4F3, 0x00E7,  0x0AF0, 0x124B, 0x1C01, 0x22E2,
  0x29D5, 0x2C3F, 0x2B1F, 0x2988,  0x2683, 0x23CA, 0x1D61, 0x179D,
  0x10EF, 0x0D1B, 0x0869, 0x0567,  0x01F3, 0x0268, 0x0334, 0x04BD,
  0x06AC, 0x0966, 0x0BA7, 0x0DD9,  0x119F, 0x1269, 0x1445, 0x1311,
  0x12EA, 0x1011, 0x0EA2, 0x0998,  0x0695, 0x045B, 0x012B, 0xFECF,
  0xFAE7, 0xF8AD, 0xF692, 0xF3D9,  0xEF09, 0xEC6E, 0xE93A, 0xE5CD,
  0xE262, 0xDD48, 0xDB04, 0xD9F1,  0xD88A, 0xD7DC, 0xD717, 0xD5CE,
  0xD573, 0xD6ED, 0xD7C5, 0xDC1A,  0xE0A8, 0xE858, 0xF27F, 0x0276,
  0x0C52, 0x1779, 0x2172, 0x28B7,  0x3116, 0x2FD1, 0x2FD4, 0x2880,
  0x26A5, 0x2008, 0x18E6, 0x110C,  0x0AC0, 0x08AB, 0x04DD, 0x043F,
  0x0172, 0x02CB, 0x0482, 0x0839,  0x0793, 0x09C8, 0x0AA9, 0x0D58,
  0x1082, 0x10F5, 0x1112, 0x1060,  0x11CD, 0x0F76, 0x0F61, 0x09B0,
  0x0749, 0x0489, 0x0234, 0xFD6C,  0xF887, 0xF6B8, 0xF3B7, 0xF378,
  0xEF7E, 0xEE0E, 0xEAE0, 0xEA2D,  0xE676, 0xE3B0, 0xDF2B, 0xDC04,
  0xD852, 0xD5FD, 0xD401, 0xCFE1,  0xD114, 0xD110, 0xD99C, 0xDE26,
  0xE75B, 0xF09F, 0x024B, 0x1114,  0x19D9, 0x24AA, 0x2C21, 0x34F1,
  0x3491, 0x31A5, 0x29A1, 0x2608,  0x1E09, 0x1411, 0x0A6F, 0x0495,
  0x00DC, 0xFDAC, 0xFDCE, 0xFDB8,  0x012C, 0x03A2, 0x07B9, 0x09F6,
  0x0E10, 0x0DCA, 0x0D90, 0x0F09,  0x1040, 0x0EE4, 0x0C05, 0x0D40,
  0x0C56, 0x0CD7, 0x0A6D, 0x0802,  0x05BB, 0x0357, 0x0023, 0xFB42,
  0xF970, 0xF56D, 0xF309, 0xF088,  0xEFB6, 0xEDFF, 0xEB25, 0xE99C,
  0xE68D, 0xE659, 0xDFC7, 0xDBE1,  0xD7F3, 0xD51E, 0xD088, 0xCC96,
  0xCDE4, 0xD22B, 0xDBAB, 0xDFC0,  0xEE2F, 0xFEEB, 0x11C4, 0x1C55,
  0x261D, 0x3121, 0x376F, 0x3BBA,  0x328C, 0x2CE5, 0x24EB, 0x1DF2,
  0x111E, 0x05E2, 0x00A9, 0xFB54,  0xF990, 0xF76A, 0xFBC9, 0xFDE0,
  0x0263, 0x05E2, 0x0A41, 0x0F35,  0x0EA0, 0x0DFE, 0x0EC0, 0x1281,
  0x0EE3, 0x0BC1, 0x0B20, 0x0CBB,  0x0C99, 0x09B6, 0x0758, 0x0537,
  0x0575, 0x00AC, 0xFD3C, 0xFA34,  0xF7BE, 0xF353, 0xF11A, 0xF188,
  0xEEE7, 0xED37, 0xEA1A, 0xE9E0,  0xE7F7, 0xE2FA, 0xDC5C, 0xD917,
  0xD76D, 0xD1C0, 0xCE59, 0xCD55,  0xD3AE, 0xDA54, 0xE284, 0xEBA7,
  0xFF1D, 0x11CD, 0x1C67, 0x2850,  0x304D, 0x3A46, 0x3A22, 0x3678,
  0x2C09, 0x2466, 0x1CC3, 0x0F03,  0x0407, 0xFB7D, 0xF852, 0xF413,
  0xF4D3, 0xF7A8, 0xFC5D, 0x012A,  0x062B, 0x0BC8, 0x10A3, 0x125D,
  0x1045, 0x1071, 0x11E6, 0x0FBB,  0x0AB7, 0x0892, 0x085E, 0x08FF,
  0x07E8, 0x0543, 0x041F, 0x043D,  0x0310, 0x003A, 0xFD35, 0xFA69,
  0xF779, 0xF48C, 0xF425, 0xF146,  0xEEA0, 0xEB96, 0xEA2A, 0xE8C9,
  0xE409, 0xDDD4, 0xD8EC, 0xD735,  0xD2C9, 0xCF2D, 0xCC8F, 0xD03F,
  0xD71E, 0xE08D, 0xEA0E, 0xFAAB,  0x0E39, 0x1BDA, 0x2857, 0x32D9,
  0x3B46, 0x3D49, 0x3A76, 0x30A5,  0x27FA, 0x1DB3, 0x109E, 0x01F2,
  0xF93D, 0xF443, 0xEF98, 0xEF36,  0xF264, 0xF8E4, 0xFED2, 0x05F0,
  0x0BEC, 0x128B, 0x14E0, 0x13DC,  0x1244, 0x136C, 0x1036, 0x0A40,
  0x0671, 0x0587, 0x062F, 0x0411,  0x031F, 0x02D9, 0x051F, 0x0488,
  0x02C2, 0x006D, 0xFEE5, 0xFC02,  0xF7A0, 0xF502, 0xF233, 0xEF39,
  0xEB11, 0xE970, 0xE7D2, 0xE527,  0xE031, 0xDC40, 0xDAC6, 0xD829,
  0xD396, 0xD097, 0xD2F2, 0xD7CE,  0xDF56, 0xE64A, 0xF3A3, 0x0582,
  0x1529, 0x21D9, 0x2BA5, 0x36DA,  0x3BA7, 0x3C35, 0x357A, 0x2C2B,
  0x2399, 0x1752, 0x09DE, 0xFC56,  0xF549, 0xEFFE, 0xEDC4, 0xEDD4,
  0xF1E8, 0xF8BF, 0xFEEA, 0x060E,  0x0BE2, 0x1168, 0x131F, 0x1397,
  0x13BA, 0x127F, 0x0EB1, 0x09E4,  0x0784, 0x067A, 0x049B, 0x0244,
  0x01D4, 0x027D, 0x034D, 0x0224,  0x00B7, 0xFFB9, 0xFEB6, 0xFBFC,
  0xF931, 0xF6A8, 0xF41E, 0xF0C3,  0xED59, 0xEBC6, 0xE84D, 0xE582,
  0xDFB5, 0xDE5A, 0xDC07, 0xD969,  0xD5B8, 0xD3F1, 0xD723, 0xDA30,
  0xE1FA, 0xE756, 0xF542, 0x0338,  0x1446, 0x1EFE, 0x2960, 0x3491,
  0x3976, 0x3D63, 0x3620, 0x30E8,  0x25BE, 0x1C65, 0x0E60, 0xFF97,
  0xF6BE, 0xEDB8, 0xEAA0, 0xE79D,  0xEAD1, 0xEFA8, 0xF6EF, 0xFE9B,
  0x064A, 0x0E7A, 0x1233, 0x1460,  0x15F7, 0x166D, 0x134B, 0x0E94,
  0x0A7F, 0x07EC, 0x04D1, 0x0137,  0xFE9E, 0xFEAA, 0xFEC4, 0xFEBA,
  0xFEED, 0xFF88, 0x0029, 0xFED4,  0xFD63, 0xFBFA, 0xF9A6, 0xF5A1,
  0xF16F, 0xEF48, 0xEC53, 0xE8A1,  0xE3E2, 0xE13A, 0xDFBD, 0xDDE0,
  0xDAE1, 0xD957, 0xDA7F, 0xDB99,  0xE036, 0xE4BE, 0xEEC1, 0xF6B3,
  0x03F9, 0x10C3, 0x1D45, 0x27B5,  0x2D77, 0x3574, 0x3750, 0x380A,
  0x2F77, 0x276D, 0x1F73, 0x15FE,  0x097B, 0xFC0D, 0xF489, 0xEE4D,
  0xEAC0, 0xE7A5, 0xE88C, 0xECE9,  0xF2FF, 0xF8EC, 0xFF1A, 0x058C,
  0x0A2B, 0x0D45, 0x1034, 0x1123,  0x0F7C, 0x0CE9, 0x0AA9, 0x094B,
  0x06C5, 0x0418, 0x0146, 0x0103,  0xFFA5, 0xFF23, 0xFD69, 0xFC8A,
  0xFC84, 0xFA93, 0xFA2D, 0xF799,  0xF736, 0xF447, 0xF308, 0xF167,
  0xEEA9, 0xECA7, 0xE953, 0xE847,  0xE64E, 0xE46F, 0xE21E, 0xE16B,
  0xE3C7, 0xE6A8, 0xEC0A, 0xF201,  0xFBE6, 0x06FF, 0x117B, 0x1B34,
  0x226A, 0x2A2C, 0x2E77, 0x30FC,  0x2DC4, 0x28B2, 0x225B, 0x1A55,
  0x1143, 0x0613, 0xFCA0, 0xF517,  0xF040, 0xEC48, 0xEA2F, 0xEB09,
  0xEE06, 0xF2B8, 0xF74F, 0xFB3B,  0xFF6C, 0x0369, 0x078B, 0x0964,
  0x09F7, 0x09CB, 0x0AC5, 0x0B33,  0x0AC9, 0x0987, 0x093F, 0x0B3F,
  0x0C40, 0x0C2D, 0x0BB4, 0x0D31,  0x0D02, 0x0C14, 0x09B4, 0x06AE,
  0x0420, 0x001B, 0xFAC5, 0xF4E4,  0xF04F, 0xEB16, 0xE516, 0xE07B,
  0xDC2B, 0xD907, 0xD595, 0xD35A,  0xD1D6, 0xD0CA, 0xD10F, 0xD10C,
  0xD2C9, 0xD6B0, 0xDD23, 0xE440,  0xED62, 0xF841, 0x0591, 0x128F,
  0x1DE0, 0x26CF, 0x2F97, 0x37AD,  0x3AB8, 0x3AD3, 0x3806, 0x34A2,
  0x2F60, 0x273F, 0x1E07, 0x14F2,  0x0DFD, 0x06B6, 0xFF26, 0xF9B4,
  0xF63E, 0xF4EE, 0xF2B5, 0xF1F2,  0xF265, 0xF353, 0xF494, 0xF5DE,
  0xF875, 0xFAAC, 0xFD44, 0xFFFF,  0x02EC, 0x059B, 0x072B, 0x08CF,
  0x0A52, 0x0B18, 0x0AD9, 0x0A48,  0x09AD, 0x0919, 0x0832, 0x066D,
  0x04FC, 0x0405, 0x0270, 0x0092,  0xFF1F, 0xFDD0, 0xFC2D, 0xFA9B,
  0xF8DF, 0xF76A, 0xF691, 0xF458,  0xF31C, 0xF2C1, 0xF1D0, 0xF194,
  0xF1E3, 0xF2B1, 0xF3A7, 0xF553,  0xF6D2, 0xF803, 0xF9D0, 0xFA69,
  0xFB72, 0xFCAF, 0xFD3F, 0xFDF6,  0xFEA1, 0xFF72, 0xFF7F, 0xFF62,
  0xFE8C, 0xFE0D, 0xFDF0, 0xFD4A,  0xFCAB, 0xFC16, 0xFC85, 0xFCF2,
  0xFD33, 0xFD95, 0xFE8F, 0xFFC9,  0x0110, 0x02A0, 0x042B, 0x05E7,
  0x07A1, 0x0938, 0x0A6A, 0x0B71,  0x0BDB, 0x0C46, 0x0C61, 0x0C56,
  0x0B6D, 0x0A53, 0x0964, 0x0857,  0x0702, 0x050C, 0x0399, 0x0204,
  0x0108, 0xFFB7, 0xFE52, 0xFD43,  0xFCA1, 0xFC04, 0xFB2C, 0xFA3F,
  0xF97E, 0xF8EE, 0xF884, 0xF7C5,  0xF73E, 0xF6F5, 0xF716, 0xF782,
  0xF7D7, 0xF833, 0xF8F0, 0xFA17,  0xFAFE, 0xFBEE, 0xFCC2, 0xFDEE,
  0xFF2E, 0x0029, 0x00CC, 0x0197,  0x026D, 0x030A, 0x0385, 0x03BD,
  0x03E1, 0x03EC, 0x0427, 0x0433,  0x0451, 0x0431, 0x0435, 0x045B,
  0x048E, 0x0464, 0x0446, 0x0446,  0x042C, 0x03E8, 0x038E, 0x0340,
  0x02D9, 0x0269, 0x01DD, 0x0153,  0x00D5, 0x004E, 0xFFDE, 0xFF7C,
  0xFF3A, 0xFF01, 0xFEBC, 0xFED8,  0xFEEE, 0xFF39, 0xFF40, 0xFF93,
  0xFFF1, 0x0050, 0x002F, 0x0032,  0x0037, 0x0020, 0xFFD0, 0xFF5F,
  0xFF11, 0xFEA3, 0xFE61, 0xFDDD,  0xFD92, 0xFD43, 0xFD30, 0xFD4D,
  0xFD6B, 0xFDBE, 0xFDF3, 0xFE81,  0xFEFD, 0xFF4C, 0xFF9C, 0x0000,
  0x0060, 0x0083, 0x0076, 0x0069,  0x0047, 0x004D, 0xFFFC, 0xFF84,
  0xFF45, 0xFF1B, 0xFEA5, 0xFE43,  0xFDFF, 0xFDD8, 0xFDB6, 0xFD8E,
  0xFD79, 0xFD93, 0xFDAD, 0xFDBB,  0xFDF1, 0xFE2F, 0xFE6B, 0xFEBF,
  0xFF1C, 0xFF8E, 0x0005, 0x0075,  0x00D0, 0x014D, 0x01A4, 0x01EF,
  0x0253, 0x0288, 0x02AF, 0x02CE,  0x02E4, 0x030C, 0x0310, 0x030B,
  0x0304, 0x031E, 0x0322, 0x0308,  0x030B, 0x031C, 0x0326, 0x032A,
  0x0307, 0x02F4, 0x02D9, 0x029D,  0x0257, 0x01F8, 0x01BC, 0x016A,
  0x00F8, 0x00B1, 0x006F, 0x0032,  0x0008, 0xFFE3, 0xFFE6, 0xFFE6,
  0xFFE8, 0xFFD9, 0xFFCA, 0xFFC6,  0xFF9B, 0xFF73, 0xFF40, 0xFEF8,
  0xFEB2, 0xFE55, 0xFDF9, 0xFD8A,  0xFD15, 0xFCB5, 0xFC48, 0xFBEE,
  0xFB95, 0xFB64, 0xFB45, 0xFB3C,  0xFB58, 0xFB7F, 0xFBD3, 0xFC3B,
  0xFCBF, 0xFD46, 0xFDD3, 0xFE6E,  0xFEFF, 0xFF97, 0xFFF4, 0x006C,
  0x00BD, 0x00FF, 0x0147, 0x0161,  0x0182, 0x01B2, 0x01E2, 0x01F3,
  0x0211, 0x022A, 0x024F, 0x0265,  0x0272, 0x027A, 0x0265, 0x024C,
  0x020E, 0x01C1, 0x0178, 0x011A,  0x00BF, 0x0075, 0x0014, 0xFFCB,
  0xFFA3, 0xFF7C, 0xFF79, 0xFF6D,  0xFF7A, 0xFF8A, 0xFFA4, 0xFFC2,
  0xFFC5, 0xFFD5, 0xFFD0, 0xFFD0,  0xFFB9, 0xFFAF, 0xFF9F, 0xFF80,
  0xFF65, 0xFF53, 0xFF3F, 0xFF2C,  0xFF2A, 0xFF23, 0xFF2B, 0xFF4C,
  0xFF48, 0xFF60, 0xFF67, 0xFF7E,  0xFF92, 0xFFA9, 0xFFCC, 0xFFDA,
  0x000D, 0x0010, 0x0031, 0x0040,  0x0050, 0x005D, 0x0060, 0x0064,
  0x0069, 0x007C, 0x008A, 0x009A,  0x00A6, 0x00C0, 0x00DC, 0x00F7,
  0x0100, 0x0117, 0x0121, 0x0124,  0x0111, 0x00EF, 0x00CA, 0x00A0,
  0x005C, 0x0027, 0xFFE0, 0xFFBA,  0xFF8B, 0xFF6C, 0xFF6D, 0xFF70,
  0xFF90, 0xFFAC, 0xFFD1, 0xFFFA,  0x000F, 0x0021, 0x0031, 0x002D,
  0x0029, 0x000F, 0xFFF9, 0xFFE8,  0xFFCB, 0xFFC1, 0xFFAF, 0xFFAA,
  0xFFAF, 0xFFC4, 0xFFD2, 0xFFE3,  0xFFF4, 0x000E, 0x001A, 0x001A,
  0x000F, 0x0009, 0xFFFF, 0xFFF4,  0xFFEA, 0xFFE5, 0xFFDE, 0xFFDC,
  0xFFDC, 0xFFE0, 0xFFD5, 0xFFE1,  0xFFE3, 0xFFDB, 0xFFEE, 0xFFF3,
  0xFFFF, 0x000E, 0x0022, 0x0034,  0x0049, 0x0066, 0x006F, 0x0093,
  0x00AE, 0x00B0, 0x009D, 0x0099,  0x0072, 0x0044, 0x001D, 0xFFF8,
  0xFFBD, 0xFFA1, 0xFF8A, 0xFF7E,  0xFF8D, 0xFF9F, 0xFFC4, 0xFFF4,
  0x001C, 0x003E, 0x004D, 0x0061,  0x0060, 0x0041, 0x002D, 0x0013,
  0xFFFB, 0xFFE3, 0xFFCF, 0xFFBC,  0xFFB5, 0xFFBD, 0xFFD2, 0xFFDB,
  0xFFF2, 0x0000, 0x000B, 0x000F,  0x0007, 0x0000, 0xFFEE, 0xFFE9,
  0xFFCC, 0xFFBE, 0xFFAF, 0xFFAB,  0xFF90, 0xFF87, 0xFF80, 0xFF7B,
  0xFF79, 0xFF70, 0xFF70, 0xFF7D,  0xFF85, 0xFF95, 0xFFB5, 0xFFC3,
  0xFFDB, 0xFFFD, 0x0026, 0x0044,  0x0063, 0x007D, 0x0089, 0x0098,
  0x008E, 0x007D, 0x006A, 0x004D,  0x002B, 0x0006, 0xFFEA, 0xFFDD,
  0xFFD1, 0xFFD2, 0xFFE2, 0xFFFF,  0x0025, 0x0041, 0x0055, 0x006F,
  0x0081, 0x008A, 0x0090, 0x0091,  0x0080, 0x0076, 0x0068, 0x0056,
  0x004F, 0x0041, 0x0039, 0x002D,  0x002A, 0x0022, 0x0013, 0x0012,
  0xFFFD, 0xFFF2, 0xFFEB, 0xFFDF,  0xFFD7, 0xFFD3, 0xFFD2, 0xFFC2,
  0xFFC9, 0xFFC8, 0xFFCA, 0xFFC2,  0xFFBD, 0xFFB3, 0xFFA0, 0xFF98,
  0xFF87, 0xFF7E, 0xFF7F, 0xFF7F,  0xFF8B, 0xFF9B, 0xFFA3, 0xFFBF,
  0xFFD3, 0xFFED, 0xFFF6, 0x0013,  0x0018, 0x0026, 0x0021, 0x0021,
  0x0012, 0x0002, 0xFFF2, 0xFFF0,  0xFFE3, 0xFFDC, 0xFFE5, 0xFFDC,
  0xFFEA, 0xFFEE, 0xFFF2, 0x0003,  0x0006, 0x0010, 0x001B, 0x0020,
  0x002C, 0x0024, 0x0033, 0x0032,  0x0039, 0x003B, 0x003A, 0x0039,
  0x0033, 0x0032, 0x002F, 0x002D,  0x0029, 0x0030, 0x0024, 0x0018,
  0x0013, 0x0010, 0x0018, 0x0011,  0x0033, 0x0046, 0x004A, 0x005D,
  0x005F, 0x0064, 0x0076, 0x006F,  0x0070, 0x006E, 0x0061, 0x0065,
  0x0069, 0x0066, 0x0061, 0x0065,  0x0063, 0x006A, 0x0067, 0x005A,
  0x0052, 0x003A, 0x002B, 0x0006,  0xFFEA, 0xFFC5, 0xFFA4, 0xFF89,
  0xFF6A, 0xFF4F, 0xFF3C, 0xFF2E,  0xFF24, 0xFF28, 0xFF26, 0xFF37,
  0xFF40, 0xFF55, 0xFF62, 0xFF7B,  0xFF86, 0xFF8F, 0xFF9F, 0xFFAA,
  0xFFAF, 0xFFBB, 0xFFBA, 0xFFC9,  0xFFC6, 0xFFCC, 0xFFCF, 0xFFCE,
  0xFFD4, 0xFFD5, 0xFFDA, 0xFFDD,  0xFFE9, 0xFFF3, 0xFFFD, 0x000F,
  0x001C, 0x0031, 0x0039, 0x0054,  0x005E, 0x006C, 0x007F, 0x0089,
  0x0099, 0x009A, 0x00A5, 0x00A6,  0x00AA, 0x00A9, 0x00A7, 0x009A,
  0x0098, 0x0087, 0x007F, 0x006C,  0x005E, 0x004B, 0x0033, 0x0023,
  0x0008, 0xFFF6, 0xFFDE, 0xFFCC,  0xFFB5, 0xFFA4, 0xFF9A, 0xFF8C,
  0xFF85, 0xFF78, 0xFF7A, 0xFF79,  0xFF7C, 0xFF75, 0xFF80, 0xFF84,
  0xFF95, 0xFF9D, 0xFFA8, 0xFFB4,  0xFFBD, 0xFFCD, 0xFFD8, 0xFFE0,
  0xFFE9, 0xFFF4, 0xFFFB, 0x0005,  0x000F, 0x000E, 0x0014, 0x000E,
  0x0010, 0x0004, 0x0001, 0xFFFB,  0xFFFA, 0xFFF2, 0xFFF7, 0xFFF5,
  0xFFFC, 0xFFFE, 0x0008, 0x000C,  0x0019, 0x0021, 0x0032, 0x0039,
  0x004C, 0x0052, 0x0062, 0x0068,  0x006F, 0x0075, 0x0079, 0x0071,
  0x006E, 0x0060, 0x0057, 0x0047,  0x0039, 0x0027, 0x0015, 0x000E,
  0x0001, 0xFFF6, 0xFFF3, 0xFFE8,  0xFFE2, 0xFFDC, 0xFFD6, 0xFFD1,
  0xFFD1, 0xFFC5, 0xFFC3, 0xFFBA,  0xFFBB, 0xFFB9, 0xFFB0, 0xFFB5,
  0xFFB1, 0xFFBB, 0xFFC3, 0xFFCC,  0xFFD4, 0xFFE4, 0xFFEB, 0xFFF8,
  0xFFFC, 0x0003, 0x0008, 0x000A,  0x0005, 0xFFFD, 0xFFF6, 0xFFF4,
  0xFFE7, 0xFFE1, 0xFFD9, 0xFFD9,  0xFFD9, 0xFFD0, 0xFFE1, 0xFFE1,
  0xFFF4, 0xFFF9, 0x0000, 0x0008,  0x000F, 0x0015, 0x001F, 0x001E,
  0x0025, 0x0020, 0x0026, 0x0023,  0x0026, 0x0023, 0x0027, 0x0027,
  0x0021, 0x0024, 0x001D, 0x0022,  0x001B, 0x0019, 0x001A, 0x0017,
  0x0012, 0x000E, 0x000C, 0x0004,  0x0007, 0xFFF6, 0xFFF6, 0xFFEF,
  0xFFEB, 0xFFDB, 0xFFDF, 0xFFD6,  0xFFDA, 0xFFD7, 0xFFE2, 0xFFE3,
  0xFFEE, 0xFFF8, 0x0003, 0x0009,  0x0016, 0x0019, 0x001E, 0x0026,
  0x001E, 0x001F, 0x0011, 0x0014,  0x0003, 0xFFFB, 0xFFFA, 0xFFF4,
  0xFFF8, 0xFFF8, 0xFFFD, 0x0007,  0x000D, 0x001B, 0x0022, 0x0028,
  0x0031, 0x002E, 0x003A, 0x0036,  0x003A, 0x003C, 0x0034, 0x0034,
  0x002E, 0x0027, 0x0026, 0x001C,  0x001E, 0x0014, 0x0013, 0x000F,
  0x000C, 0x0004, 0x0003, 0xFFFC,  0xFFF9, 0xFFF1, 0xFFF1, 0xFFF0,
  0xFFEE, 0xFFED, 0xFFE5, 0xFFE5,  0xFFD9, 0xFFD5, 0xFFCC, 0xFFC5,
  0xFFC2, 0xFFBE, 0xFFBC, 0xFFBD,  0xFFC0, 0xFFC5, 0xFFCF, 0xFFD3,
  0xFFD9, 0xFFDF, 0xFFE3, 0xFFEA,  0xFFE3, 0xFFE3, 0xFFDE, 0xFFDB,
  0xFFD4, 0xFFC5, 0xFFC6, 0xFFBC,  0xFFB9, 0xFFB4, 0xFFBB, 0xFFBF,
  0xFFCF, 0xFFD4, 0xFFE3, 0xFFEC,  0xFFFE, 0x0002, 0x0010, 0x0015,
  0x0019, 0x0023, 0x0022, 0x002C,  0x0029, 0x0034, 0x0034, 0x0036,
  0x0039, 0x002F, 0x0036, 0x002E,  0x0031, 0x0029, 0x0028, 0x0023,
  0x0021, 0x001D, 0x001B, 0x0015,  0x0016, 0x0016, 0x0013, 0x0013,
  0x000B, 0x000E, 0x000B, 0x000B,  0x0008, 0x000A, 0x0003, 0x000A,
  0x0006, 0x000C, 0x000A, 0x000E,  0x0013, 0x0017, 0x0019, 0x001A,
  0x0018, 0x0018, 0x0013, 0x000F,  0x0009, 0x0000, 0x0000, 0xFFF4,
  0xFFF9, 0xFFE9, 0xFFEF, 0xFFED,  0xFFEB, 0xFFED, 0xFFED, 0xFFEF,
  0xFFF3, 0xFFF4, 0xFFF6, 0xFFF8,  0xFFFC, 0x0001, 0x0001, 0x0006,
  0x0005, 0x0005, 0x000B, 0x000B,  0x000E, 0x0012, 0x0013, 0x0016,
  0x0017, 0x0019, 0x0018, 0x001A,  0x001C, 0x0020, 0x001B, 0x0014,
  0x000C, 0x000C, 0x0004, 0x0000,  0x000A, 0x0013, 0x000A, 0x000F,
  0x0005, 0x000D, 0x000B, 0x000C,  0x0007, 0x0006, 0x0002, 0x0007,
  0x000A, 0x000D, 0x0007, 0x0014,  0x000D, 0x0014, 0x0013, 0x0011,
  0x0009, 0x0004, 0xFFFF, 0xFFF2,  0xFFE9, 0xFFE1, 0xFFD5, 0xFFD9,
  0xFFD8, 0xFFD9, 0xFFDA, 0xFFE2,  0xFFE0, 0xFFE3, 0xFFE8, 0xFFEE,
  0xFFF3, 0xFFF4, 0xFFF8, 0xFFFA,  0xFFF7, 0xFFF6, 0xFFF3, 0xFFFA,
  0xFFF3, 0xFFFA, 0xFFF4, 0xFFFA,  0xFFF8, 0xFFF9, 0xFFF8, 0xFFF9,
  0xFFF8, 0xFFF9, 0xFFF4, 0xFFF7,  0xFFF2, 0xFFF1, 0xFFF3, 0xFFF3,
  0xFFF8, 0xFFFE, 0xFFFA, 0x0004,  0x0005, 0x0009, 0x000F, 0x0014,
  0x0015, 0x001A, 0x001E, 0x001B,  0x0022, 0x0021, 0x001F, 0x0020,
  0x0019, 0x0018, 0x0012, 0x000B,  0x000B, 0xFFFF, 0xFFFF, 0xFFF8,
  0xFFF4, 0xFFF3, 0xFFEC, 0xFFEE,  0xFFE8, 0xFFE8, 0xFFE8, 0xFFE8,
  0xFFEA, 0xFFE5, 0xFFEA, 0xFFEC,  0xFFEB, 0xFFEF, 0xFFEE, 0xFFF0,
  0xFFF3, 0xFFF5, 0xFFF6, 0xFFFB,  0xFFF8, 0xFFFF, 0xFFF9, 0x0005,
  0xFFFA, 0x0005, 0xFFFD, 0x0003,  0x0000, 0xFFFF, 0xFFFF, 0xFFFB,
  0x0000, 0xFFFA, 0xFFF9, 0xFFFA,  0xFFF8, 0xFFF8, 0xFFFD, 0xFFF8,
  0x0003, 0xFFFD, 0x0007, 0x0004,  0x000D, 0x000F, 0x0011, 0x0018,
  0x0017, 0x001E, 0x001C, 0x0021,  0x0022, 0x001E, 0x0026, 0x0019,
  0x0023, 0x0019, 0x001C, 0x0018,  0x0015, 0x0014, 0x0010, 0x000F,
  0x000C, 0x000E, 0x0008, 0x0009,  0x0007, 0x0003, 0x0007, 0x0002,
  0x0004, 0x0002, 0x0000, 0x0004,  0xFFFC, 0x0001, 0xFFFC, 0xFFFE,
  0xFFFD, 0xFFFC, 0xFFFB, 0xFFFC,  0xFFF6, 0xFFFC, 0xFFF2, 0xFFF7,
  0xFFF3, 0xFFF1, 0xFFF1, 0xFFEC,  0xFFEE, 0xFFEB, 0xFFE7, 0xFFEA,
  0xFFE5, 0xFFEC, 0xFFE7, 0xFFEA,  0xFFE8, 0xFFEE, 0xFFEB, 0xFFF0,
  0xFFEF, 0xFFF1, 0xFFF3, 0xFFF9,  0xFFF9, 0xFFF8, 0xFFF7, 0xFFFC,
  0xFFFD, 0xFFFD, 0xFFFD, 0x0000,  0xFFFE, 0x0000, 0x0000, 0xFFFD,
  0xFFFF, 0x0002, 0x0001, 0x0009,  0x0002, 0x0005, 0x0003, 0x0003,
  0x0007, 0x0008, 0x0004, 0x0007,  0x0000, 0x0006, 0x000A, 0x0002,
  0x0007, 0x000A, 0x0002, 0x0004,  0x0011, 0x0004, 0x0009, 0x0013,
  0x000C, 0x0010, 0x001B, 0x000C,  0x0015, 0x001A, 0x0014, 0x0019,
  0x0015, 0x0018, 0x0012, 0x000C,  0x000A, 0x001C, 0x000C, 0x0009,
  0x0014, 0x0002, 0xFFFE, 0x001A,  0x0001, 0x0011, 0x000B, 0x0009,
  0x0004, 0xFFF5, 0x000E, 0xFFFE,  0xFFF5, 0x000A, 0xFFF3, 0xFFF1,
  0xFFF1, 0xFFF8, 0xFFFE, 0xFFE3,  0xFFFA, 0xFFEA, 0xFFDC, 0xFFEB,
  0xFFDD, 0xFFD9, 0xFFFA, 0xFFE2,  0xFFDD, 0xFFD8, 0xFFE1, 0xFFD8,
  0xFFD6, 0xFFDB, 0xFFD4, 0xFFED,  0xFFB6, 0xFFE5, 0xFFE5, 0xFFCA,
  0xFFDF, 0xFFDD, 0xFFB4, 0xFFBB,  0xFFCA, 0xFFAA, 0xFFD7, 0xFFC4,
  0xFFAB, 0xFFC3, 0xFFC7, 0xFF9E,  0xFFBA, 0xFFF4, 0xFFA6, 0xFFF3,
  0xFFE8, 0xFFC4, 0x001C, 0xFFE8,  0x0015, 0x0046, 0x0039, 0x0006,
  0x0037, 0x005F, 0x004E, 0x006B,  0x0053, 0x0059, 0x0054, 0x0085,
  0x006B, 0x0054, 0x005D, 0x0045,  0x004B, 0x004E, 0x003E, 0x0047,
  0x0032, 0x0009, 0xFFEF, 0xFFF2,  0xFFD6, 0xFFDD, 0xFFEF, 0xFFEF,
  0x0003, 0x0019, 0x000E, 0x0004,  0xFFF6, 0xFFD8, 0xFFC2, 0xFFC9,
  0xFFA4, 0xFFC0, 0xFFD9, 0xFFDB,  0xFFA2, 0xFF69, 0xFF48, 0xFF3B,
  0xFFB6, 0x008D, 0x0153, 0x0204,  0x024C, 0x0222, 0x020B, 0x01D8,
  0x0245, 0x02D7, 0x0392, 0x0436,  0x049D, 0x045E, 0x03AD, 0x0265,
  0x01F5, 0x0129, 0x0119, 0x0136,  0x0108, 0x00E4, 0x00B3, 0x001A,
  0xFF43, 0xFDB8, 0xFBCA, 0xF9ED,  0xF879, 0xF8E7, 0xF840, 0xF986,
  0xFA13, 0xFAF5, 0xFC73, 0xFE65,  0xFE59, 0xFEE0, 0xFE85, 0x006F,
  0xFCFA, 0xFD0E, 0xF8C0, 0xF61E,  0x01BA, 0x01D8, 0x0562, 0x0091,
  0xFE8E, 0xFE5D, 0xFB65, 0xFF6A,  0x06C7, 0x0AF0, 0x08C1, 0x08AE,
  0x0752, 0x04BF, 0x02CE, 0x020B,  0xFF66, 0xFD48, 0xFB7C, 0xFC3F,
  0xFFEB, 0xFDF8, 0xFB47, 0xFD8A,  0xFC87, 0xFD1A, 0xFC31, 0xFD72,
  0x004A, 0x009B, 0x010C, 0x008B,  0xFE51, 0xFD8A, 0xFD5E, 0xFD66,
  0xFEF3, 0xFDD8, 0xFE8E, 0xFE85,  0xFF4B, 0xFFC5, 0xFF9A, 0xFF63,
  0x001B, 0x004A, 0x00F9, 0x0023,  0x0098, 0x0041, 0xFEC0, 0x0079,
  0xFF69, 0xFF06, 0xFD07, 0xFBE7,  0xFB71, 0xFC63, 0xFDF2, 0xFE2F,
  0xFF71, 0xFF71, 0xFE60, 0x017B,  0x0100, 0x002F, 0x01D0, 0x0110,
  0x0357, 0x01FA, 0x026E, 0x0322,  0x02E6, 0x027C, 0x0064, 0xFF4A,
  0xFF54, 0x00A3, 0x03E5, 0x03F1,  0x033D, 0x0360, 0x02A9, 0x0465,
  0x02C9, 0x035B, 0x0308, 0x0308,  0x055F, 0x0394, 0x041A, 0x0378,
  0x0149, 0x02D7, 0x0079, 0x007B,  0x01A8, 0x0067, 0x0210, 0xFE44,
  0xFFB9, 0x003C, 0xFF7E, 0x0165,  0xFDA2, 0xFE24, 0xFCE0, 0xFD4E,
  0xFF3B, 0xFD70, 0xF8E3, 0xFB99,  0xFEBC, 0x0309, 0x0144, 0x0170,
  0x0464, 0x03C6, 0x0679, 0xFDEF,  0x015A, 0x02DE, 0x014C, 0x03AE,
  0x00BF, 0x0069, 0x00AD, 0xFFF2,  0x006A, 0xFED4, 0x0033, 0xFEED,
  0x0070, 0x0140, 0xFFDD, 0x00E6,  0xFF28, 0xFFF7, 0xFF4C, 0xFEC2,
  0xFD53, 0xFEAE, 0xFDB0, 0xFF0A,  0xFF26, 0xFEF4, 0xFFBF, 0x0020,
  0x01C9, 0x028E, 0x017A, 0x02A7,  0x011A, 0x0196, 0x0267, 0xFF59,
  0x01FB, 0xFF57, 0x0062, 0x004F,  0xFE93, 0xFFAC, 0xFEF7, 0x00F4,
  0xFFD4, 0x0006, 0xFFD0, 0xFE1B,  0xFF55, 0xFE53, 0xFF3F, 0xFFC5,
  0x014E, 0xFF5E, 0x0058, 0xFE0E,  0xFD56, 0xFD79, 0xFBA3, 0xFC04,
  0xFD15, 0xFE09, 0xFF93, 0x036A,  0x014C, 0x00A4, 0xFE49, 0x0115,
  0xFFD4, 0x0432, 0x0208, 0x0130,  0xFF8B, 0xFD0B, 0xFD12, 0xF910,
  0xFE18, 0xFBFB, 0x0097, 0xFF19,  0x002D, 0x00D9, 0xFDBF, 0x01A1,
  0xFDC4, 0xFD61, 0xFD13, 0xFF5C,  0x009C, 0xFFCF, 0x01C2, 0x0016,
  0x015D, 0xFEB1, 0xFCC2, 0xFC60,  0xFF62, 0xFF02, 0xFEBA, 0xFF02,
  0x003E, 0x0146, 0x0279, 0x04E9,  0x0307, 0xFF48, 0xFAFA, 0xFD49,
  0x0206, 0x0452, 0xFD50, 0xFD4C,  0xFC64, 0x00CE, 0x00CB, 0xFBA2,
  0xFE30, 0xFFE8, 0x01B0, 0x0222,  0xFFAC, 0x00E5, 0x010A, 0xFC2D,
  0x0112, 0x00E8, 0xFFC1, 0x0021,  0xFD97, 0x009C, 0x02C5, 0xFEDF,
  0xFF14, 0x00C4, 0x0277, 0xFFFC,  0x0019, 0x014F, 0x010A, 0x0152,
  0xFDDD, 0xFEF2, 0x00E1, 0xFFA6,  0xFFCF, 0x0260, 0x0106, 0x02DB,
  0x00CE, 0x012B, 0xFFC5, 0xFEC3,  0xFE37, 0xFD46, 0x025B, 0xFBF5,
  0xFF87, 0xFDC0, 0x022A, 0x0512,  0x00A8, 0x0187, 0xFCAF, 0x0122,
  0xFE92, 0x00AF, 0x0416, 0x02B5,  0x01EC, 0xFFC2, 0xFFE8, 0xFFEA,
  0xFF75, 0xFFA7, 0xFE99, 0xFD9C,  0xFEE1, 0x00E8, 0xFFFC, 0xFF47,
  0xFE76, 0xFEC0, 0xFF69, 0xFF36,  0x018F, 0x0071, 0xFEF6, 0xFCBE,
  0xFC5D, 0xFED5, 0x01AD, 0x0352,  0x041F, 0x00D5, 0xFE6B, 0xFEA9,
  0x0092, 0x0177, 0x01DB, 0x0423,  0x03BD, 0x0305, 0x008B, 0xFF88,
  0xFEC0, 0xFE10, 0x0066, 0x00C5,  0x0039, 0xFE14, 0xFCE2, 0xFCDC,
  0xFF61, 0x014E, 0x005D, 0x0025,  0x0145, 0x01DF, 0xFE76, 0xFC0B,
  0xFE61, 0x00E1, 0x00E6, 0x0292,  0x00AB, 0x01A1, 0x0212, 0x0300,
  0x0168, 0xFFFC, 0xFCFA, 0xFF62,  0x0245, 0x01FA, 0x0232, 0xFD51,
  0xFEDC, 0xFF85, 0x0156, 0xFF40,  0xFDBF, 0xFD90, 0x00D2, 0x0057,
  0xFF04, 0xFF42, 0xFE39, 0xFC81,  0xFE74, 0x02B2, 0x02F4, 0x0283,
  0x018A, 0xFF0A, 0xFCFE, 0xFD1B,  0xFCE4, 0x030C, 0x0271, 0x010F,
  0x052C, 0x0250, 0x0076, 0xFF58,  0xFDF8, 0x01DF, 0x03F2, 0x0418,
  0xFFCC, 0xFE93, 0xFDE7, 0x01EB,  0x036F, 0x001F, 0xFCAF, 0xF773,
  0xFA1B, 0xFAEF, 0x0113, 0x0406,  0x06DD, 0x0738, 0x0098, 0x01C1,
  0xFBE9, 0xFB9F, 0xFD66, 0x0100,  0x021E, 0xFF26, 0x02D1, 0x009E,
  0xFF40, 0xFE97, 0xFBF0, 0xFB62,  0xFF11, 0xFDCB, 0x009F, 0x01FC,
  0x02D8, 0x01E5, 0x04DE, 0x052C,  0x04BC, 0x023A, 0xFB34, 0xFE3D,
  0x009D, 0x0260, 0xFFCA, 0xFE4A,  0xFBEA, 0xFD59, 0xFF26, 0xFDE4,
  0xFF51, 0x022A, 0x01C1, 0x0690,  0x0207, 0x018C, 0x000C, 0xFC13,
  0x0297, 0x0155, 0x00E9, 0xFFCB,  0xFE91, 0x001B, 0xFF2A, 0xFFB2,
  0xFF8F, 0x0337, 0xFFAC, 0xFCE3,  0x018F, 0x001D, 0x03BA, 0xFF5F,
  0x015F, 0xFE5C, 0xFFC9, 0xFF66,  0xFFF4, 0x01CD, 0xFD6E, 0xFFA3,
  0xFC9D, 0xFF74, 0xFEB4, 0xFF31,  0xFEFE, 0xFE82, 0x018E, 0xFE18,
  0xFE52, 0xFFDE, 0x0226, 0x032E,  0xFFE0, 0x0256, 0xFDE1, 0xFD80,
  0xFBFD, 0xFD9D, 0x04E4, 0x0101,  0x0141, 0xFF01, 0xFF2C, 0x033A,
  0xFFE3, 0x03E1, 0xFEE8, 0xFAB0,  0xFB67, 0xFCB3, 0xFF2A, 0xFD1E,
  0x007D, 0x001D, 0xFE5E, 0x009D,  0x043F, 0x042C, 0x011C, 0xFAD9,
  0xFF74, 0xFFA1, 0xFC67, 0x03DF,  0x021C, 0x00C7, 0xFE42, 0xFD2D,
  0x02B8, 0x036E, 0x02D5, 0x01EC,  0x03BE, 0xFF46, 0xFBC6, 0xFF43,
  0xFFD8, 0x0065, 0x0346, 0x01CB,  0xFE2B, 0xFBA7, 0xFEB4, 0xFC69,
  0xFDAB, 0xFE10, 0xFC21, 0xFE7D,  0xFF21, 0x00FE, 0x01AC, 0x02C5,
  0x02B6, 0x0641, 0x02CE, 0x01D0,  0xFD6D, 0xFF31, 0xFB3E, 0x0030,
  0xFFDE, 0x018C, 0x0348, 0xFBA9,  0x02A6, 0x0201, 0xFF04, 0xFF5E,
  0x01AD, 0xFE8C, 0x015E, 0x04B5,  0x00B4, 0xFFC0, 0x0146, 0xFA1F,
  0xFF0C, 0xF980, 0xFF75, 0x054F,  0xFDC8, 0xFE4B, 0xFFFF, 0x000B,
  0xFDFA, 0x043F, 0x0274, 0x0571,  0x011A, 0xFFFE, 0x0235, 0xFD56,
  0x00C7, 0xFF9F, 0xFE3B, 0xFC48,  0xF7D3, 0xFC58, 0x0043, 0x0109,
  0x0384, 0x03D1, 0x0277, 0x01EE,  0x02AA, 0xFEA0, 0x0088, 0x069E,
  0x0213, 0xFC09, 0xFA48, 0xFF14,  0xFE0D, 0x04E1, 0x010E, 0x00EB,
  0x069B, 0x0677, 0x0147, 0xF92E,  0xFE85, 0xFE83, 0x0118, 0xFE00,
  0xFD09, 0x003B, 0x0162, 0xFDFC,  0xFF58, 0xFDC2, 0x01C7, 0x002E,
  0xFC99, 0xFC20, 0xFB1B, 0x02C7,  0x01DF, 0x03AE, 0x0405, 0xFFF6,
  0x02F4, 0xFD5C, 0xFFAE, 0xFF73,  0xF918, 0x0405, 0xFE77, 0x02AB,
  0x02A4, 0x03F6, 0x02AA, 0x00FB,  0x0340, 0xFBB7, 0xFD7D, 0xF8C1,
  0xFB19, 0xFBCF, 0xFF40, 0x0464,  0x008A, 0x06F2, 0x0442, 0x030E,
  0x0454, 0xFA99, 0xFCE1, 0xFC50,  0xFABE, 0xFBB0, 0x025C, 0x0412,
  0x05ED, 0x019D, 0x0099, 0xFF0E,  0xFFC7, 0xFEF5, 0xF901, 0xFF86,
  0xFF26, 0x0666, 0x0028, 0x00EA,  0x03B1, 0xFD68, 0xFC66, 0xFEF4,
  0xFC9B, 0xFE5B, 0x0481, 0xFDF4,  0xFA95, 0xFF6C, 0xFF50, 0xFE39,
  0x0155, 0x0516, 0x039F, 0x03D0,  0x0443, 0xFBDD, 0xFE57, 0xFE41,
  0xFC15, 0xFDF6, 0x02C7, 0x0034,  0x0150, 0xFF5F, 0xF9E4, 0xF769,
  0xFE0B, 0xFE1B, 0xFD6E, 0x09C4,  0x018A, 0x0060, 0xFC96, 0xF9D7,
  0xFC06, 0xFC5E, 0x057B, 0x06EF,  0x0452, 0x0199, 0x0018, 0x05F4,
  0x0590, 0x0825, 0x096D, 0xFEF3,  0xF9EF, 0xF721, 0xF842, 0xFF24,
  0x059E, 0x07EF, 0x017C, 0xFC57,  0xFA2B, 0xF97D, 0x00A2, 0x012A,
  0x02D9, 0xFBC3, 0x060C, 0x0475,  0xFD15, 0xFE52, 0xFA74, 0x01A1,
  0xF70F, 0x0062, 0xFC7C, 0xFF84,  0x02E7, 0x017D, 0x036D, 0x0255,
  0x0337, 0xFFB8, 0xFB95, 0xFF82,  0x011B, 0x0097, 0x044E, 0xF8F2,
  0xFD21, 0xFD63, 0x0364, 0xFEE4,  0x05C5, 0x0160, 0x018B, 0x0206,
  0xFF2A, 0x02FB, 0xF946, 0xFDB3,  0xFBD0, 0x0064, 0x02FD, 0xFF0E,
  0x011B, 0xFEF4, 0xFEB1, 0xFFFC,  0x003F, 0x0625, 0x0008, 0x0694,
  0xFD41, 0x004D, 0x023F, 0xFEA2,  0x0097, 0xFEFB, 0x067C, 0x00E7,
  0x0242, 0xF802, 0xF6EA, 0xFFCB,  0x04AA, 0xFDEA, 0x0057, 0xFE14,
  0xF8D2, 0x01C6, 0x0142, 0x00FE,  0x04A3, 0x02CE, 0xF8C7, 0xF915,
  0xFAEA, 0xFFEF, 0x03C1, 0x02AA,  0x046C, 0xFE98, 0xFF2E, 0x0119,
  0x01C9, 0x0701, 0x0149, 0x02BB,  0x02C1, 0x0104, 0x00D8, 0xFD1B,
  0xFF84, 0xFCC4, 0xFF68, 0x0163,  0x0825, 0x01F9, 0xFA66, 0xFF5F,
  0x006A, 0x03B6, 0xFCE9, 0xFBDA,  0xFE50, 0xFC8A, 0x017D, 0xFF85,
  0xFD68, 0xFE3C, 0xF86D, 0x01E8,  0xFA4D, 0x019C, 0x05A3, 0x006E,
  0x0467, 0xFD07, 0x03F5, 0xFECF,  0xFF1C, 0xFD29, 0xFC4F, 0x0566,
  0x0522, 0x0469, 0xFBFA, 0xFE41,  0x02DF, 0xFD73, 0x01F3, 0xFD9B,
  0x03C5, 0x0106, 0x01EF, 0x02B2,  0x02EF, 0xFF38, 0xFA51, 0x0151,
  0xFD9B, 0x023D, 0xFEA7, 0xFE09,  0xFF4C, 0xFE23, 0xFFFB, 0x0029,
  0xFF66, 0x0168, 0x00C2, 0x01FB,  0xFB4E, 0x02DA, 0xFC9F, 0xF93D,
  0xFF30, 0xFCA4, 0x02B6, 0xFFA8,  0x012E, 0xFE55, 0xFE97, 0x050C,
  0x03E4, 0x03E5, 0x0353, 0xFD96,  0xFD17, 0xFE85, 0x037B, 0xFEF6,
  0x01DE, 0x00FE, 0xFD0F, 0x0367,  0x03B1, 0x048B, 0x0201, 0xFB6B,
  0x0039, 0xFA5F, 0xFF25, 0x01F8,  0xFD99, 0x0653, 0x0184, 0x00C9,
  0xFF25, 0xFF34, 0xF928, 0xFD34,  0x0087, 0xFC7D, 0x01D9, 0x01D9,
  0x049D, 0x04DA, 0x01CD, 0x016B,  0xFF07, 0xFCDD, 0xFD46, 0xFDD1,
  0x0133, 0x0328, 0xFF4F, 0xFE10,  0xFDAD, 0xFCEA, 0x017C, 0x0128,
  0x0003, 0x03C7, 0xFE3F, 0x00FF,  0xFF4A, 0xFEB5, 0x0078, 0xFD95,
  0xFFF4, 0xFF6F, 0x023A, 0xFF5A,  0x01A0, 0x01E7, 0xFFE7, 0x01F3,
  0xFFDB, 0xFFE1, 0x00D5, 0xFFF3,  0x02BF, 0xFFA5, 0x03C4, 0x000E,
  0x0044, 0x023E, 0xFEE4, 0x0345,  0xFCEC, 0xFEC8, 0xFE15, 0xFD46,
  0xFC31, 0x0066, 0x02E6, 0xFF4E,  0x0053, 0xFC6B, 0xFCEA, 0xFF07,
  0xFEC8, 0xFF63, 0xFF3A, 0x0038,  0xFD2E, 0xFFD4, 0x01D5, 0x0292,
  0x0461, 0x02E1, 0x022D, 0xFCC0,  0x018F, 0xFEB3, 0x013D, 0x0422,
  0x026F, 0xFDFC, 0xFC08, 0xFF39,  0xFCC3, 0x04BB, 0xFF00, 0xFEEF,
  0x015A, 0x0542, 0x01D9, 0xFC6F,  0xFE4F, 0xFB84, 0x0126, 0x027F,
  0x0030, 0x0239, 0xFEAC, 0xFEE5,  0xFFE0, 0xFD33, 0xFF11, 0xFF28,
  0xFFCA, 0x0055, 0x00F2, 0xFD7F,  0xFFE7, 0xFF0F, 0x012F, 0xFCA0,
  0xFF51, 0xFDCC, 0x020C, 0x039D,  0x0023, 0x04DB, 0x0025, 0x0237,
  0xFFFD, 0x0008, 0xFF45, 0xFF05,  0x0273, 0x0099, 0xFE80, 0x01A0,
  0xFD7B, 0x02A6, 0xFFB8, 0x00F7,  0xFE59, 0x015C, 0xFEB6, 0x00D1,
  0x02DD, 0xFAB9, 0x0004, 0xFCD1,  0xFEBA, 0xFE73, 0x0171, 0xFE91,
  0xFE6B, 0xFF2F, 0xFFC2, 0xFEB6,  0x030F, 0xFE9B, 0xFE42, 0x00FE,
  0xFDCE, 0x031E, 0x0237, 0xFEFD,  0x00F1, 0x009E, 0xFFE9, 0x0187,
  0xFF89, 0x004A, 0x001E, 0x0091,  0xFF03, 0x013A, 0x0056, 0xFE62,
  0xFFF7, 0x0083, 0xFF8B, 0x01B0,  0xFF62, 0xFE3A, 0x009F, 0xFF95,
  0xFF56, 0xFEBC, 0xFFA9, 0x019A,  0x00A8, 0xFFBD, 0x005C, 0xFA8A,
  0xFD1B, 0xFFC7, 0x0188, 0x029F,  0x008E, 0x0198, 0x0013, 0x0384,
  0x009B, 0x007E, 0x0017, 0xFC5B,  0x010D, 0x00D5, 0x02F7, 0xFF2E,
  0xFEAE, 0x001C, 0x0048, 0x0102,  0xFFFB, 0xFFC3, 0xFFFB, 0xFFC0,
  0xFCB6, 0x01FF, 0xFF25, 0x00D0,  0x009E, 0xFE87, 0xFEA6, 0xFEAA,
  0xFEEC, 0xFEB3, 0x0062, 0x003C,  0x02A2, 0x00E3, 0xFEB7, 0xFF5C,
  0xFE15, 0x006D, 0x017D, 0x0144,  0x0438, 0xFF2E, 0x0153, 0xFFC0,
  0x0121, 0x00B1, 0xFECA, 0x02B2,  0x00C2, 0xFDC8, 0xFBD8, 0xFB92,
  0xFE8C, 0xFE5C, 0xFF72, 0x01D4,  0x0067, 0x01A3, 0xFFD7, 0x006B,
  0xFE94, 0x00F9, 0xFDFF, 0xFF69,  0x004D, 0xFFAE, 0x0126, 0x0131,
  0x0222, 0xFE9F, 0x005D, 0xFCBE,  0x00D7, 0x02CC, 0xFFE3, 0x023C,
  0x019E, 0x013C, 0xFC86, 0xFECD,  0xFE3C, 0xFEB5, 0xFE95, 0x0134,
  0x05B1, 0xFFA8, 0x02D2, 0xFC2B,  0xFB03, 0xFFDE, 0xFD22, 0x00A0,
  0x007E, 0x0155, 0x0040, 0xFD8F,  0xFFB9, 0xFDA7, 0x0362, 0x0196,
  0x047E, 0x020B, 0x014A, 0xFF5B,  0xFAED, 0x013E, 0xFDAA, 0x00C0,
  0x0104, 0xFD3A, 0xFDEA, 0x04DB,  0xFEC7, 0x0112, 0xFD56, 0x002D,
  0x0147, 0x0142, 0xFF2C, 0xFD6F,  0x03EF, 0xFD8D, 0xFF7A, 0x01E2,
  0xFFEC, 0xFD86, 0x031C, 0xFD35,  0xFE29, 0x0008, 0x024C, 0x0465,
  0x002F, 0x005C, 0xFF51, 0xFAB1,  0xFEC1, 0x0038, 0x00AF, 0x0138,
  0x0108, 0x03BE, 0x0054, 0x006A,  0xFE25, 0xFE3A, 0x011C, 0x01F3,
  0xFD3F, 0xFEAF, 0x02B0, 0x0199,  0x003E, 0xFF00, 0xFEB7, 0x014F,
  0x0032, 0x0271, 0x01B9, 0xFF70,  0xFFE8, 0xFC0B, 0x0011, 0x01B0,
  0xFEFC, 0xFF97, 0xFD18, 0x004F,  0x011C, 0xFF94, 0x003C, 0x008A,
  0xFFF1, 0xFE27, 0xFF11, 0xFEE3,  0x022B, 0x00DC, 0x00FC, 0x0024,
  0xFF1A, 0xFFD6, 0xFE00, 0xFEB9,  0x0144, 0x02E7, 0x03F9, 0x034D,
  0x00DA, 0xFDC9, 0xFEF0, 0xFD0C,  0xFF95, 0x01CB, 0xFF94, 0x02DA,
  0x0012, 0x0013, 0xFE0E, 0xFDC0,  0xFF06, 0xFD27, 0xFFD3, 0x00C9,
  0xFF8D, 0xFDB5, 0xFDF5, 0x00CC,  0x018B, 0x0196, 0x00E1, 0x00B4,
  0x0181, 0x0112, 0x0242, 0x002D,  0xFD6C, 0x00DB, 0x00E5, 0xFFC9,
  0xFEFD, 0x01D2, 0xFFB5, 0xFEB2,  0x00F7, 0x017B, 0xFE9D, 0x006F,
  0xFFB1, 0xFD44, 0x006D, 0x00E2,  0x02A2, 0xFDEC, 0x013D, 0xFC7C,
  0xFF65, 0xFF82, 0xFFC7, 0xFF63,  0xFFC3, 0x0331, 0xFD98, 0x02D2,
  0xFFCB, 0x004E, 0x04D2, 0xFC54,  0xFD04, 0x0053, 0x023A, 0x0490,
  0x009C, 0x04D8, 0xFCE2, 0xFEF0,  0xFCD9, 0xFF62, 0x0047, 0x003F,
  0x013D, 0xFC76, 0x00EE, 0xFDA5,  0xFEBB, 0xFD4D, 0xFFEA, 0x0054,
  0x0269, 0x049A, 0x0186, 0xFFC5,  0xFEDB, 0xFC11, 0x02C9, 0x0057,
  0xFF57, 0xFFD4, 0xFE20, 0xFF32,  0x017E, 0xFFFA, 0xFCD5, 0x0111,
  0xFEF6, 0x03A4, 0x01CA, 0xFF96,  0xFDB8, 0xFF3E, 0x0123, 0x020B,
  0x00AA, 0xFFA6, 0xFF73, 0xFE54,  0x008B, 0x00DB, 0xFE5C, 0x008E,
  0x02FF, 0xFFD4, 0x0014, 0xFF3E,  0xFE4A, 0x007E, 0x0189, 0x022C,
  0x0236, 0xFFD5, 0xFF2E, 0xF9F9,  0xFC7D, 0xFE7F, 0x02D4, 0x02C9,
  0x0119, 0x00E0, 0xFFED, 0x0010,  0xFD8E, 0xF9BD, 0xFA7B, 0x00E0,
  0x035F, 0x067E, 0x030A, 0x01D8,  0xFF63, 0xFE8C, 0xFECE, 0x0187,
  0x0370, 0x03A1, 0x00BB, 0xFD55,  0xFC1B, 0xFD86, 0xFFA1, 0x02C5,
  0x04AF, 0xFFC9, 0xFDB0, 0xFFB3,  0xFE45, 0xFE26, 0x01AF, 0x004C,
  0x00C0, 0xFD01, 0xFDC9, 0xFFE9,  0x00B7, 0x0471, 0x03C7, 0xFFBA,
  0xFCF7, 0xFC89, 0xFC3D, 0xFDA0,  0x014D, 0xFEF5, 0x0276, 0x04F9,
  0x040E, 0x013D, 0x0070, 0xFCAE,  0xFAF1, 0x00CE, 0xFF6F, 0x0085,
  0xFE4D, 0x01C9, 0x01EC, 0xFEC3,  0xFDCD, 0x0069, 0x02BB, 0x042A,
  0xFD78, 0xFDC1, 0x01C0, 0x007F,  0x006E, 0xFDD2, 0xFC4A, 0xFDD8,
  0x042F, 0x04BC, 0x0427, 0xFCD8,  0xFC8B, 0xFBFD, 0x003B, 0x041D,
  0x029F, 0x0336, 0xFE2B, 0x0045,  0xFCEC, 0xFDC2, 0xFF81, 0xFD94,
  0x0465, 0x0246, 0x0397, 0xFF23,  0xF90B, 0xF9DE, 0xFCC8, 0x0111,
  0x026E, 0x016C, 0x010E, 0x033F,  0xFFEB, 0xFFAC, 0xFCAC, 0x0234,
  0x0014, 0xFEA0, 0xFEA3, 0xFFFE,  0x0359, 0x0071, 0xFD58, 0xFEE2,
  0x0274, 0x0402, 0x0170, 0xFB74,  0xFD6F, 0x0162, 0x03AA, 0xFD64,
  0xFDB2, 0xFFAF, 0x0475, 0xFD22,  0x0135, 0x0083, 0xFE1C, 0xFF76,
  0xFFFA, 0xFDF5, 0x0021, 0x0728,  0xFC07, 0x01CC, 0xFDF9, 0xFF88,
  0xFCF3, 0xFD90, 0xFF68, 0x052E,  0x05EF, 0xFE91, 0xFFC2, 0xFC67,
  0x0029, 0xFCBE, 0x03D6, 0x0417,  0xFFDE, 0x0029, 0xFBC2, 0xFF66,
  0xFE59, 0xFFFE, 0xFEF7, 0x015B,  0x0629, 0x0039, 0x0125, 0xFE90,
  0xFDBC, 0xFD5A, 0x0219, 0x012A,  0xFF95, 0x0129, 0xFDCF, 0x00B8,
  0x003C, 0x003B, 0xFF12, 0x00F9,  0xFEC4, 0xFE8E, 0x0244, 0xFB53,
  0x0171, 0x0186, 0xFD7A, 0x01F6,  0xFDB6, 0x02CD, 0xFEEB, 0x0004,
  0x0038, 0x01F7, 0xFFAA, 0xFEC9,  0x00EF, 0xFF0A, 0x021C, 0x004D,
  0x019E, 0xFD9C, 0x01F0, 0xFE54,  0xFF13, 0x00EE, 0x0034, 0x0104,
  0xFF4C, 0xFE91, 0x0127, 0xFE24,  0xFFA7, 0x0046, 0xFED6, 0x01DE,
  0xFE9F, 0x0165, 0xFF8A, 0xFFDA,  0xFDEB, 0x014D, 0x0071, 0xFFD0,
  0x00A5, 0xFF78, 0x004F, 0xFE65,  0x0027, 0x011D, 0x013D, 0xFFC0,
  0x014B, 0x009B, 0xFEDE, 0xFF20,  0xFEE2, 0xFF34, 0x03CE, 0x0030,
  0xFEE9, 0x01CD, 0xFE70, 0x0062,  0x00BB, 0xFF50, 0xFF5F, 0x02B3,
  0xFE1A, 0x0217, 0xFE50, 0xFD79,  0x01D7, 0xFDF9, 0x0188, 0xFFB9,
  0x012F, 0xFE9A, 0xFF29, 0xFFDF,  0xFCCA, 0x03AA, 0x037C, 0xFC7F,
  0x02ED, 0xFD8C, 0x0031, 0x012B,  0xFE1E, 0xFCB1, 0x006A, 0x0217,
  0xFD24, 0x05F0, 0xFF7F, 0xFE43,  0xFE58, 0xFDB7, 0x008D, 0xFF96,
  0x028E, 0x01A3, 0xFDB5, 0x0095,  0x009F, 0xFDD1, 0x00DA, 0x00CC,
  0xFEA1, 0x051F, 0xFB9A, 0xFD79,  0x019F, 0xFE2B, 0x020A, 0xFE8C,
  0x02AE, 0xFE37, 0x0610, 0xFB97,  0xFF2D, 0x01E8, 0xF9EA, 0x068E,
  0xFAE2, 0x0033, 0x02E9, 0x0164,  0x002E, 0xFEC7, 0xFF5C, 0xFE38,
  0xFF4B, 0x018B, 0x00FE, 0x0288,  0xFFB8, 0xFC2E, 0x00AC, 0xFFB5,
  0x026A, 0x003E, 0x0080, 0xFEE1,  0xFF93, 0xFE41, 0x02A1, 0xFEDB,
  0xFFC7, 0xFFF6, 0xFF9C, 0x0150,  0xFF16, 0xFF3F, 0xFEA4, 0x01B8,
  0xFE29, 0xFFF5, 0xFCA3, 0x0179,  0xFFB6, 0x0104, 0x0217, 0xFDA0,
  0x01F1, 0xFE19, 0xFEAA, 0xFFE9,  0x01FE, 0x0087, 0xFDC0, 0x02D3,
  0xFE98, 0x0267, 0xFEEF, 0xFEDC,  0x01A1, 0xFEAC, 0x03EB, 0x0025,
  0x01E7, 0x00B0, 0xFD5D, 0xFDF7,  0xFD00, 0x01D2, 0x01F1, 0x0291,
  0xFEC5, 0xFD98, 0x00CB, 0xFF48,  0xFE9D, 0xFCCA, 0x02DF, 0x02C3,
  0x0194, 0xFD97, 0x029C, 0xFD85,  0xFEC2, 0xFE5E, 0xFEF2, 0x0539,
  0x0052, 0x0314, 0xFB20, 0xFED7,  0x0070, 0xFE28, 0x04A0, 0xFE67,
  0x0142, 0xFF84, 0xFE00, 0x0088,  0xFC24, 0x05DE, 0xFD52, 0x015E,
  0xFD64, 0xFFD6, 0x0262, 0xFFC5,  0x033F, 0xFF49, 0x025B, 0xFD0E,
  0xFF0F, 0x007E, 0x052A, 0x003F,  0xFE8E, 0x01E2, 0xFD41, 0xFFB5,
  0x0351, 0xFF35, 0xFFD3, 0x0230,  0xFC1E, 0x016A, 0x0415, 0xF9A4,
  0x053A, 0xFEE9, 0xFCA5, 0x04EA,  0xFEA9, 0x0261, 0xFCEA, 0xFBA2,
  0x03A8, 0x057F, 0xFCB5, 0xFE13,  0x01F3, 0xFF8A, 0xFDFA, 0xFFA0,
  0x0241, 0x00D3, 0xFDDE, 0x0374,  0xFE82, 0xFBBB, 0x04FF, 0xFD2A,
  0xFF15, 0xFD51, 0x036B, 0x01E4,  0xFCC2, 0xFE6B, 0xFE8A, 0x0305,
  0xFE98, 0x01A2, 0x0172, 0x0149,  0xFEFF, 0xFFF9, 0xFA0A, 0xFEED,
  0x016C, 0x01C0, 0x0034, 0x002C,  0x00C0, 0xFD10, 0xFF95, 0xFC00,
  0x0514, 0x0032, 0x00E0, 0xFF86,  0xFB42, 0x0485, 0x01D0, 0xFD4B,
  0xFC22, 0xFAEF, 0x033F, 0x0178,  0x0284, 0x01A3, 0xFDB0, 0xFE28,
  0xFAAB, 0x010E, 0x0032, 0x00EC,  0x01C1, 0x0124, 0xFDB1, 0xFBC3,
  0xF90B, 0xFC0F, 0xFF51, 0x037F,  0x0AF8, 0x0BFD, 0x0A55, 0x0625,
  0x0786, 0x0249, 0xFDFC, 0xFABB,  0xFA67, 0xFCA5, 0xFF6B, 0xFF8A,
  0x00BF, 0x01B9, 0xFF17, 0xFEE7,  0xFB3B, 0xFC53, 0xFFCF, 0xFE69,
  0xFBCD, 0xF9D9, 0xFC9F, 0x030C,  0x019D, 0x037D, 0x0087, 0xFBC5,
  0xFDBB, 0xFD59, 0xFD6A, 0x00D2,  0x04C9, 0x026C, 0x0042, 0xFF22,
  0x077B, 0x04C1, 0xFFAB, 0xFDA4,  0xFC75, 0x0269, 0x021E, 0x01EB,
  0xFEF2, 0xFFBB, 0xFF86, 0x009D,  0xFABB, 0xFEBB, 0x0254, 0x0254,
  0x03EF, 0x012D, 0x0237, 0xF9FC,  0xFD93, 0x0152, 0xFD97, 0x0216,
  0x00E9, 0x0244, 0x00F4, 0x00DD,  0x00EB, 0xFB81, 0x0513, 0xFF19,
  0xFF79, 0x02BD, 0xFD9E, 0x003A,  0x0024, 0xFDF3, 0xFF06, 0xFE88,
  0x01FE, 0xFDA6, 0xFCD1, 0xFF7A,  0xFE7E, 0x015F, 0x0052, 0x024C,
  0xFD8C, 0x03B9, 0xFF28, 0xFE69,  0xFEB4, 0x0121, 0xFFEE, 0x0091,
  0xFF29, 0xFFC9, 0x0493, 0xFC59,  0x011C, 0x0416, 0x01EB, 0xFE28,
  0x0123, 0xFF63, 0x0029, 0x028E,  0x0537, 0x00ED, 0xFFB2, 0xFB1D,
  0xFAFF, 0xFF8C, 0x00AD, 0x0003,  0xFEAD, 0xFFD0, 0xFD2B, 0x021E,
  0x0145, 0x0505, 0x0128, 0xFC69,  0xFC54, 0xFFE0, 0x0135, 0xFDEA,
  0xFE7A, 0x02F4, 0x0377, 0xFF40,  0xFBFE, 0xFE3C, 0x032D, 0x0175,
  0x0094, 0xFF8D, 0x0078, 0xFF24,  0xFFDA, 0xFCAC, 0xFC6A, 0xFEA8,
  0x023A, 0x0330, 0xFEEB, 0xFE2A,  0x0154, 0x03F7, 0x01DB, 0xFC63,
  0xFF78, 0xFE4C, 0x0012, 0x0216,  0x020E, 0x077F, 0x0034, 0xFBF4,
  0xFB5C, 0x00C6, 0xFEF9, 0x0223,  0x0091, 0xFE42, 0xFB13, 0xFF51,
  0x00CD, 0xFF8F, 0xFF14, 0xFDA8,  0x02EE, 0xFADE, 0xFE44, 0xFFB1,
  0xFE8A, 0x0248, 0x0372, 0xFED9,  0x0101, 0xFE07, 0x0128, 0xFEE2,
  0x0082, 0x04E9, 0x01AE, 0xFEF9,  0xFC83, 0x018C, 0x0058, 0xFD93,
  0xFFC0, 0x0121, 0x01BA, 0x0192,  0x0050, 0x002E, 0xFD40, 0x0003,
  0xFD6D, 0x013D, 0xFEB7, 0x03D6,  0xFDF6, 0xFCC7, 0xFF6F, 0xFD72,
  0x0304, 0xFF7C, 0x0492, 0x003E,  0x03F0, 0x01FD, 0xFF50, 0x0204,
  0x0031, 0x021E, 0xFF88, 0xFE6E,  0xFCFC, 0xFC45, 0x0538, 0xFFEE,
  0x0055, 0xFE97, 0xFBD5, 0xFF48,  0xFD85, 0x00FD, 0xFBCD, 0xFF41,
  0xFF83, 0x013F, 0x0123, 0xFF80,  0xFCE5, 0xFF28, 0x007A, 0xFFF9,
  0x044C, 0xFFF7, 0xFEEB, 0xFF33,  0x0122, 0x00FE, 0x025F, 0xFFED,
  0x0243, 0x02CA, 0x0087, 0xFF4E,  0xFB83, 0xFE8F, 0xFFD0, 0x010C,
  0x0095, 0xFFA9, 0x0252, 0xFFE0,  0xFD2B, 0xFDD7, 0xFF99, 0x0028,
  0xFE61, 0xFDF9, 0xFFC2, 0x0100,  0xFF7D, 0x0198, 0xFE33, 0xFF2A,
  0xFDE7, 0xFF24, 0x026D, 0x00A9,  0x00F9, 0x006F, 0x01DC, 0xFF1C,
  0x023C, 0x005C, 0x0130, 0xFF06,  0xFEEE, 0x0301, 0x0134, 0x0174,
  0xFFBB, 0x002F, 0xFCB2, 0xFC99,  0xFF77, 0x0417, 0x034E, 0xFEC8,
  0xFD75, 0xFEA1, 0xFDC0, 0xFC10,  0xFE54, 0x00E6, 0x05C6, 0x0460,
  0x00F4, 0xFE5B, 0xFEC7, 0xFF28,  0x0043, 0xFEE5, 0xFE0C, 0x023E,
  0x0437, 0x02BF, 0xFDAA, 0xFC84,  0xFCB0, 0x0058, 0x0306, 0x008E,
  0xFC4F, 0xFDFA, 0x00DF, 0x00DB,  0xFF2D, 0xFF5B, 0x01EB, 0x0126,
  0xFFC1, 0xFF8E, 0x002E, 0xFD9C,  0xFE4C, 0xFEF6, 0x00DE, 0x02F6,
  0x0281, 0xFFD4, 0xFDFC, 0xFC1E,  0xFC37, 0x006F, 0x00CA, 0x0437,
  0x04B3, 0xFFF3, 0xFD69, 0xFBE0,  0x0056, 0x020E, 0x014C, 0x00FA,
  0xFE1B, 0xFF77, 0x002C, 0xFD55,  0xFDA3, 0xFF14, 0xFEC4, 0x01A9,
  0xFF66, 0x02C2, 0x03C5, 0x00C9,  0xFD3A, 0xFA2A, 0xFE97, 0x0588,
  0x03F3, 0x0022, 0x0104, 0x00A5,  0x0429, 0xFEAE, 0xFF81, 0xFEA8,
  0x01CC, 0x0438, 0xFE48, 0xFEF2,  0xFE37, 0x010F, 0x02F6, 0x0015,
  0xFDD7, 0x0063, 0x0116, 0x0085,  0x0039, 0x0008, 0xFF87, 0xFED2,
  0xFF11, 0x01F3, 0x0477, 0x0068,  0x0007, 0xFF79, 0xFE4F, 0x0011,
  0x007C, 0xFF82, 0xFD35, 0xFFDB,  0x03C5, 0x0468, 0x0396, 0x0154,
  0x00A3, 0x0196, 0x0003, 0x0028,  0x011F, 0x0299, 0x0215, 0x00E5,
  0xFF9C, 0x00EB, 0x016F, 0x005D,  0xFD89, 0xFBE3, 0xFE9E, 0xFD8A,
  0xFE6C, 0xFFA1, 0x007D, 0xFF49,  0xFE34, 0xFE0F, 0xFE26, 0xFFF1,
  0x014B, 0x01BD, 0xFF97, 0xFEA0,  0xFEE5, 0x0012, 0x00FD, 0xFFCF,
  0x0375, 0x01F9, 0x01E0, 0xFE8C,  0xFE2F, 0x030D, 0x01C8, 0x0227,
  0xFE8F, 0xFFAC, 0x0188, 0x0180,  0xFF94, 0xFFE6, 0x0055, 0x012A,
  0xFE54, 0xF9F6, 0xFAEC, 0xFFE6,  0x030A, 0x012B, 0xFDE2, 0xFABF,
  0xFC77, 0xFDC9, 0xFF14, 0xFF25,  0xFF87, 0xFFDB, 0x0121, 0x009B,
  0xFF0A, 0xFEAE, 0xFEA9, 0x0069,  0x0082, 0xFFB4, 0x0038, 0xFF40,
  0xFE6A, 0xFF5F, 0xFFDB, 0x01A8,  0x0102, 0xFF3D, 0xFE01, 0xFCE0,
  0x002A, 0x01A1, 0x028C, 0x022D,  0xFE23, 0xFD05, 0xFE6B, 0x0224,
  0x03CE, 0x0201, 0x0054, 0xFFDA,  0x0018, 0x01B9, 0x02DF, 0x011D,
  0xFF3D, 0xFE98, 0x0085, 0x0380,  0x04EB, 0x04A9, 0x0336, 0x007B,
  0xFF0C, 0xFFD8, 0x0176, 0x0251,  0x0078, 0xFEA0, 0xFDF2, 0x018A,
  0x0339, 0x0193, 0xFF49, 0xFCE6,  0xFE85, 0xFE8A, 0xFED8, 0xFFAE,
  0xFF77, 0x0021, 0xFF3F, 0xFDEA,  0xFD47, 0xFE08, 0xFCC6, 0xFAC2,
  0xFDB6, 0xFF03, 0xFF51, 0xFD54,  0xFB4A, 0xFD19, 0x000E, 0xFF00,
  0xFC2E, 0xFB65, 0xFD9C, 0xFF14,  0xFF78, 0xFE9D, 0xFCC4, 0xFF25,
  0xFE05, 0xFE7C, 0xFD5B, 0xFCF7,  0x002E, 0x012B, 0x017A, 0x000E,
  0xFFA1, 0x00C8, 0x01A2, 0x00FA,  0x016F, 0x024A, 0x033C, 0x03B2,
  0x02ED, 0x037F, 0x0451, 0x0545,  0x04B1, 0x052B, 0x05E8, 0x06B4,
  0x0786, 0x06B5, 0x0771, 0x0706,  0x06B0, 0x0659, 0x0671, 0x0694,
  0x06EC, 0x06BF, 0x065C, 0x05C3,  0x0492, 0x037E, 0x01ED, 0x01F2,
  0x0137, 0x011E, 0x0111, 0xFFB0,  0xFF02, 0xFE4B, 0xFDFC, 0xFCCC,
  0xFB75, 0xFB2D, 0xFA5F, 0xF9A1,  0xF7E7, 0xF694, 0xF840, 0xF86E,
  0xF749, 0xF5BF, 0xF3A8, 0xF565,  0xF6BE, 0xF661, 0xF607, 0xF351,
  0xF264, 0xF3E4, 0xF507, 0xF584,  0xF632, 0xF6D9, 0xF638, 0xF659,
  0xF709, 0xF741, 0xF8D1, 0xF951,  0xF931, 0xF983, 0xFAEC, 0xFD17,
  0xFDB3, 0xFE4C, 0xFF91, 0x01F1,  0x0334, 0x04CF, 0x06DB, 0x0970,
  0x0D5B, 0x0FDF, 0x1184, 0x12BA,  0x150C, 0x17C6, 0x19A2, 0x1A5A,
  0x1B7A, 0x1D15, 0x1E0D, 0x1DCF,  0x1D48, 0x1CD8, 0x1C56, 0x1AAD,
  0x168B, 0x1307, 0x1104, 0x101B,  0x0D5C, 0x08DC, 0x0497, 0x019D,
  0xFF77, 0xFC55, 0xF775, 0xF2AB,  0xEF6F, 0xEDCB, 0xEC73, 0xE9EB,
  0xE794, 0xE57C, 0xE46B, 0xE3E2,  0xE2FE, 0xE1DA, 0xE1EF, 0xE3A0,
  0xE576, 0xE716, 0xE81A, 0xE8B0,  0xE956, 0xEA0A, 0xEAF7, 0xEBB1,
  0xED12, 0xEEF4, 0xF127, 0xF34A,  0xF438, 0xF4CE, 0xF56F, 0xF657,
  0xF6C6, 0xF7DE, 0xF9DF, 0xFBF6,  0xFCEA, 0xFEDF, 0x0256, 0x05FA,
  0x08DE, 0x0B3A, 0x1000, 0x14BD,  0x1778, 0x1909, 0x1C48, 0x20BA,
  0x2301, 0x244C, 0x257F, 0x2884,  0x29EA, 0x28C7, 0x26B9, 0x24D4,
  0x24A7, 0x2333, 0x2080, 0x1C8F,  0x19B5, 0x1787, 0x13AD, 0x0E2E,
  0x079E, 0x020F, 0xFD8C, 0xF958,  0xF538, 0xF123, 0xEE01, 0xEB38,
  0xE77C, 0xE459, 0xE28A, 0xE1AA,  0xDF8C, 0xDDE6, 0xDE55, 0xE065,
  0xE343, 0xE4A0, 0xE4FC, 0xE61A,  0xE868, 0xEA9A, 0xEBB5, 0xED23,
  0xEF8D, 0xF092, 0xF065, 0xF018,  0xF1ED, 0xF448, 0xF5FD, 0xF4E8,
  0xF280, 0xF1C1, 0xF339, 0xF4F6,  0xF547, 0xF5A4, 0xF6A9, 0xF83A,
  0xF889, 0xF91F, 0xFAF6, 0xFDD4,  0xFFE1, 0x0369, 0x0829, 0x0F87,
  0x1727, 0x1C06, 0x1DEE, 0x1EA0,  0x22EE, 0x26D1, 0x28AB, 0x2967,
  0x2B99, 0x2EAB, 0x3075, 0x2F8A,  0x2D1E, 0x2A05, 0x27A1, 0x23FD,
  0x1EE2, 0x1A7E, 0x17A5, 0x1569,  0x1073, 0x093F, 0x01E4, 0xFBDF,
  0xF750, 0xF253, 0xECDC, 0xE86C,  0xE608, 0xE4C0, 0xE290, 0xE018,
  0xDDED, 0xDCB5, 0xDBFC, 0xDC35,  0xDDA5, 0xDF57, 0xE161, 0xE4B0,
  0xE7F8, 0xEAA9, 0xEAFA, 0xEBD3,  0xEE3D, 0xF14C, 0xF383, 0xF42F,
  0xF497, 0xF591, 0xF772, 0xF7B5,  0xF5A8, 0xF34D, 0xF391, 0xF4EB,
  0xF5C6, 0xF433, 0xF3C6, 0xF4DA,  0xF75A, 0xF7FD, 0xF751, 0xF64E,
  0xF797, 0xFB24, 0xFF35, 0x0273,  0x05CE, 0x0BD7, 0x13E7, 0x1B1D,
  0x1D09, 0x1EB8, 0x2154, 0x2690,  0x292D, 0x2AB3, 0x2C1A, 0x2EE3,
  0x324D, 0x324D, 0x3053, 0x2C52,  0x2938, 0x267F, 0x2217, 0x1D0D,
  0x18E2, 0x161B, 0x127D, 0x0C20,  0x0583, 0xFE4F, 0xF894, 0xF296,
  0xECDC, 0xE80E, 0xE4D9, 0xE2D4,  0xE0BE, 0xDDFF, 0xDC6C, 0xDAF2,
  0xD998, 0xD88F, 0xD8AB, 0xDB3A,  0xDE5B, 0xE202, 0xE461, 0xE75E,
  0xE9F8, 0xEC72, 0xEDF4, 0xEFF5,  0xF1FE, 0xF451, 0xF64D, 0xF833,
  0xF8E0, 0xF955, 0xF93E, 0xF806,  0xF630, 0xF4F6, 0xF492, 0xF495,
  0xF4C1, 0xF4BF, 0xF5CF, 0xF6CF,  0xF7C1, 0xF779, 0xF765, 0xF70E,
  0xF9BA, 0xFDFF, 0x0240, 0x0531,  0x0ADA, 0x130A, 0x1BAE, 0x1F5F,
  0x2022, 0x2327, 0x281A, 0x2D26,  0x2D32, 0x2E02, 0x3098, 0x349E,
  0x35DD, 0x3388, 0x2F73, 0x2C4D,  0x296F, 0x24D8, 0x1DF0, 0x18F2,
  0x1605, 0x130A, 0x0D14, 0x0523,  0xFEBA, 0xF867, 0xF2C9, 0xEC21,
  0xE6B4, 0xE291, 0xE06C, 0xDE1E,  0xDC41, 0xDA39, 0xD951, 0xD7E1,
  0xD6B1, 0xD6AE, 0xD8F9, 0xDD4D,  0xE000, 0xE2B4, 0xE579, 0xE97B,
  0xEC15, 0xEEAC, 0xEFA7, 0xF17F,  0xF42C, 0xF780, 0xF97D, 0xF9E8,
  0xF9D4, 0xF97F, 0xF846, 0xF640,  0xF501, 0xF3E8, 0xF368, 0xF319,
  0xF390, 0xF393, 0xF48F, 0xF53A,  0xF514, 0xF475, 0xF528, 0xF667,
  0xF940, 0xFD53, 0x022C, 0x075F,  0x0EDD, 0x179F, 0x1E74, 0x21C5,
  0x246B, 0x293B, 0x2D8B, 0x313E,  0x321A, 0x33BF, 0x367F, 0x39FD,
  0x3A3D, 0x3745, 0x32BB, 0x2F2D,  0x2B86, 0x25ED, 0x1F31, 0x1A4A,
  0x1688, 0x11E9, 0x0B2B, 0x032B,  0xFC82, 0xF5A0, 0xEF84, 0xE8C3,
  0xE320, 0xDE8C, 0xDCA5, 0xDA27,  0xD7D0, 0xD54C, 0xD407, 0xD2BF,
  0xD2A1, 0xD36C, 0xD570, 0xD938,  0xDCCF, 0xE17B, 0xE4D9, 0xE811,
  0xEABD, 0xEE9D, 0xF0AF, 0xF30C,  0xF524, 0xF80D, 0xFA23, 0xFB65,
  0xFB46, 0xFA5D, 0xF904, 0xF730,  0xF63E, 0xF500, 0xF424, 0xF2FE,
  0xF319, 0xF363, 0xF4D7, 0xF54B,  0xF4D6, 0xF3E5, 0xF4B8, 0xF728,
  0xFA9B, 0xFD9D, 0x019C, 0x078D,  0x109D, 0x1907, 0x1E3C, 0x217B,
  0x25C8, 0x2B8D, 0x3022, 0x32C5,  0x33DA, 0x36B8, 0x3A0B, 0x3C13,
  0x3AD6, 0x37F9, 0x346C, 0x315A,  0x2BFB, 0x2603, 0x1FEB, 0x1BEC,
  0x1722, 0x10F5, 0x09CF, 0x0294,  0xFBC5, 0xF3FE, 0xED41, 0xE716,
  0xE227, 0xDE2B, 0xDAF7, 0xD7AC,  0xD59F, 0xD349, 0xD1E3, 0xCF9A,
  0xCFB6, 0xD15A, 0xD4A7, 0xD8A5,  0xDC79, 0xE0B5, 0xE4A2, 0xE8BB,
  0xEC31, 0xEF74, 0xF121, 0xF3A6,  0xF636, 0xF955, 0xFAF5, 0xFBD5,
  0xFB7B, 0xFB18, 0xF975, 0xF76C,  0xF52A, 0xF3C9, 0xF361, 0xF25B,
  0xF1C3, 0xF0EE, 0xF191, 0xF22B,  0xF224, 0xF1FD, 0xF2DF, 0xF4CB,
  0xF8DF, 0xFD6B, 0x0226, 0x06F8,  0x0E8D, 0x1734, 0x1E6A, 0x22B9,
  0x260B, 0x2B16, 0x30D6, 0x3512,  0x3677, 0x3804, 0x3A41, 0x3CBC,
  0x3C4D, 0x3A10, 0x3696, 0x32E9,  0x2E75, 0x28B2, 0x2278, 0x1D13,
  0x17EE, 0x1212, 0x0AEA, 0x039A,  0xFD30, 0xF6D0, 0xF043, 0xE972,
  0xE342, 0xDED4, 0xDB23, 0xD80B,  0xD5BA, 0xD3AA, 0xD2CE, 0xD18B,
  0xD1B6, 0xD269, 0xD515, 0xD884,  0xDBD9, 0xE003, 0xE47C, 0xE96F,
  0xEDAC, 0xF139, 0xF3EF, 0xF64E,  0xF836, 0xFA1B, 0xFB8D, 0xFBB7,
  0xFC2D, 0xFB1A, 0xF95B, 0xF739,  0xF517, 0xF3BE, 0xF1C8, 0xF05A,
  0xEF75, 0xEF1F, 0xEF5A, 0xF022,  0xF0C5, 0xF2CC, 0xF310, 0xF4A8,
  0xF6B8, 0xF951, 0xFE86, 0x020F,  0x08DA, 0x11FF, 0x1C01, 0x27B1,
  0x2B2F, 0x2DF9, 0x2DF3, 0x2F7F,  0x33FA, 0x3517, 0x3B73, 0x3C55,
  0x3C20, 0x36F7, 0x2E8C, 0x2AA4,  0x2EB4, 0x30F1, 0x2B03, 0x1F88,
  0x1332, 0x0D28, 0x0972, 0x0376,  0xFA16, 0xF2BC, 0xED05, 0xE95D,
  0xE2F2, 0xDD8B, 0xD9EA, 0xD8C3,  0xD59E, 0xD265, 0xD0B7, 0xD23F,
  0xD6AE, 0xD9A6, 0xDC4A, 0xDF8F,  0xE491, 0xEB30, 0xEFA5, 0xF23A,
  0xF52C, 0xF69F, 0xFADD, 0xFD56,  0x0044, 0x0036, 0xFF79, 0xFF60,
  0xFDB1, 0xFA4D, 0xF46B, 0xEF33,  0xED1C, 0xEA82, 0xE5C4, 0xE1AF,
  0xDFDB, 0xE232, 0xE36E, 0xE259,  0xE0E7, 0xE236, 0xE7B4, 0xEEAB,
  0xF2FD, 0xF8DD, 0xFF81, 0x094E,  0x11EC, 0x1848, 0x2132, 0x2BD1,
  0x3A63, 0x435D, 0x4735, 0x4806,  0x4957, 0x4D58, 0x4DAD, 0x4AEC,
  0x4435, 0x3E35, 0x3AAC, 0x345E,  0x29CD, 0x1BC4, 0x0EEE, 0x04A9,
  0xFA33, 0xF07D, 0xE764, 0xE1E9,  0xDE98, 0xDB15, 0xD808, 0xD452,
  0xD37B, 0xD32C, 0xD4E0, 0xD74A,  0xDB76, 0xE14F, 0xE819, 0xEEF5,
  0xF555, 0xFA5D, 0xFEB0, 0x025E,  0x0588, 0x0826, 0x08DE, 0x0A86,
  0x0963, 0x08F8, 0x0610, 0x0310,  0xFF07, 0xF7DE, 0xF20A, 0xEA1C,
  0xE4C7, 0xDFDD, 0xDAD0, 0xD6F1,  0xD25F, 0xD033, 0xCDB1, 0xCC05,
  0xCB80, 0xCBF6, 0xCE87, 0xD25B,  0xD7F9, 0xDE62, 0xE5CD, 0xED07,
  0xF5D5, 0xFDBF, 0x0634, 0x0BF9,  0x1125, 0x171B, 0x1C39, 0x24FC,
  0x29B0, 0x3003, 0x3621, 0x3F72,  0x4B17, 0x4F4B, 0x5012, 0x4C73,
  0x4C03, 0x4B69, 0x4683, 0x3DD5,  0x31F0, 0x29D8, 0x2424, 0x1BC5,
  0x0FDE, 0x0127, 0xF5F2, 0xEE5E,  0xE5E7, 0xE109, 0xDB38, 0xDA83,
  0xDC1F, 0xDE22, 0xE0EE, 0xE0C6,  0xE38A, 0xE5C1, 0xE99A, 0xED1C,
  0xEF9E, 0xF388, 0xF7B0, 0xFCD3,  0x015C, 0x0293, 0x0391, 0x02D0,
  0x0349, 0x0282, 0x0010, 0xFE29,  0xFB27, 0xF9AC, 0xF6DB, 0xF2F8,
  0xEE06, 0xE7EE, 0xE398, 0xDEDB,  0xD9F4, 0xD686, 0xD2C0, 0xD2D8,
  0xD15B, 0xD296, 0xD306, 0xD495,  0xD733, 0xDB4D, 0xDEBF, 0xE618,
  0xEB4A, 0xF2E7, 0xF943, 0xFE9E,  0x06EA, 0x0A58, 0x12F0, 0x142F,
  0x1990, 0x1B69, 0x2053, 0x24E0,  0x2AA5, 0x2DB3, 0x35F4, 0x3D8E,
  0x473F, 0x49A5, 0x46C9, 0x498E,  0x42BA, 0x447F, 0x3638, 0x2F06,
  0x2470, 0x1C92, 0x177E, 0x0AFB,  0x0301, 0xF8CC, 0xF2DD, 0xEC76,
  0xE509, 0xE19A, 0xDEE9, 0xDF92,  0xE3EE, 0xE464, 0xE964, 0xEAD9,
  0xEEF0, 0xF1ED, 0xF2F4, 0xF68C,  0xF612, 0xF890, 0xFADF, 0xFC4F,
  0x0089, 0xFFD0, 0x0110, 0xFF6D,  0xFEE0, 0xFE86, 0xFA6A, 0xF818,
  0xF2A4, 0xF0A2, 0xEE66, 0xEBE2,  0xE8EE, 0xE460, 0xE1DA, 0xDFD3,
  0xDD01, 0xDA90, 0xD794, 0xD687,  0xD639, 0xD6B9, 0xD887, 0xD989,
  0xDC9A, 0xE05D, 0xE49E, 0xEA98,  0xEEB0, 0xF4A7, 0xF861, 0xFE44,
  0x03CC, 0x086D, 0x0D0F, 0x0F65,  0x1369, 0x157A, 0x19F1, 0x1CE8,
  0x2270, 0x266B, 0x2DF1, 0x366E,  0x4197, 0x458B, 0x4851, 0x477F,
  0x473A, 0x46BA, 0x3D2E, 0x37EF,  0x2957, 0x24C1, 0x1B50, 0x141D,
  0x0A8D, 0x010B, 0xFB19, 0xF28A,  0xEDCA, 0xE6E7, 0xE330, 0xE07D,
  0xE004, 0xE124, 0xE479, 0xE590,  0xEB1E, 0xEB78, 0xF136, 0xF211,
  0xF3F0, 0xF5D2, 0xF62B, 0xF9E1,  0xFA3A, 0xFD69, 0xFDB3, 0x0025,
  0x0026, 0x007E, 0xFD96, 0xFD3E,  0xF8FF, 0xF72B, 0xF2CF, 0xEF5E,
  0xEC73, 0xE8E1, 0xE67F, 0xE2DC,  0xE13C, 0xDEB0, 0xDD87, 0xDB40,
  0xDA2A, 0xD916, 0xDA7B, 0xDB07,  0xDDE3, 0xDF31, 0xE353, 0xE58E,
  0xEB3C, 0xEEA1, 0xF355, 0xF696,  0xFACE, 0xFFD5, 0x036D, 0x0847,
  0x0A5F, 0x0D5F, 0x0FA4, 0x135B,  0x14BF, 0x1A87, 0x1AC1, 0x23B6,
  0x2908, 0x3520, 0x3E5A, 0x43EF,  0x47E7, 0x475B, 0x4A01, 0x44E0,
  0x41A8, 0x34F3, 0x2E7E, 0x2356,  0x1D31, 0x14D5, 0x0C79, 0x059B,
  0xFD10, 0xF951, 0xF05E, 0xED42,  0xE5A5, 0xE400, 0xDFD2, 0xE084,
  0xE0DB, 0xE211, 0xE481, 0xE71A,  0xEB24, 0xEDCE, 0xF22B, 0xF0DA,
  0xF6A6, 0xF4F7, 0xFB33, 0xF9F2,  0xFD87, 0xFEED, 0xFE8C, 0x02E1,
  0xFFCC, 0x024C, 0xFD18, 0xFC3E,  0xF7DD, 0xF4D3, 0xF0A1, 0xEC22,
  0xE76A, 0xE539, 0xE246, 0xE10C,  0xDE93, 0xDCCA, 0xDD59, 0xDB90,
  0xDE44, 0xDBFE, 0xDF3A, 0xDF8E,  0xE2AB, 0xE6BA, 0xE819, 0xEEF4,
  0xF036, 0xF7AE, 0xF9FB, 0xFE37,  0x01CE, 0x0391, 0x0812, 0x0836,
  0x0CA7, 0x0D2F, 0x11E6, 0x138A,  0x19FD, 0x1DD9, 0x26AC, 0x2AF5,
  0x3619, 0x3D04, 0x40E6, 0x4520,  0x40D6, 0x4561, 0x3D28, 0x3D62,
  0x315C, 0x2C57, 0x24CD, 0x1E6E,  0x179F, 0x0E97, 0x08FF, 0x00DF,
  0xFBE2, 0xF38E, 0xEF4C, 0xE871,  0xE7B3, 0xE191, 0xE3C4, 0xE133,
  0xE486, 0xE474, 0xE71C, 0xEAA1,  0xEBBA, 0xF085, 0xEFB9, 0xF3E3,
  0xF35C, 0xF7D6, 0xF7FC, 0xFB6C,  0xFBE4, 0xFDBE, 0xFF3C, 0xFFBA,
  0x0027, 0xFDAF, 0xFB6D, 0xF863,  0xF587, 0xF1B7, 0xEE14, 0xE988,
  0xE7E9, 0xE49E, 0xE461, 0xE24B,  0xE1FD, 0xE0FB, 0xE0DE, 0xE15A,
  0xE0F1, 0xE1FF, 0xE2A9, 0xE4B3,  0xE65A, 0xE99B, 0xEBAF, 0xEFCF,
  0xF22A, 0xF6D9, 0xF933, 0xFC26,  0xFE89, 0x003F, 0x0480, 0x04E2,
  0x099F, 0x08F6, 0x0DB7, 0x0E66,  0x131D, 0x172E, 0x1D03, 0x2311,
  0x2A79, 0x3561, 0x39BA, 0x4200,  0x3F23, 0x458A, 0x41DE, 0x41A4,
  0x3B7A, 0x32C1, 0x2E0B, 0x242E,  0x1EC6, 0x1472, 0x0DCB, 0x0691,
  0x003A, 0xF959, 0xF465, 0xED60,  0xEADF, 0xE4A9, 0xE33C, 0xE0BC,
  0xDF9A, 0xE0E0, 0xE10F, 0xE57C,  0xE726, 0xEBC0, 0xEE37, 0xF15E,
  0xF3F7, 0xF5D4, 0xF8A9, 0xF944,  0xFB08, 0xFC02, 0xFD36, 0xFF8B,
  0xFFF6, 0x00E2, 0xFF63, 0xFF39,  0xFD59, 0xFA79, 0xF784, 0xF2C4,
  0xEF6D, 0xEB58, 0xE76B, 0xE59C,  0xE252, 0xE21C, 0xE01C, 0xE075,
  0xE106, 0xE0C0, 0xE318, 0xE2F7,  0xE5C6, 0xE62E, 0xE908, 0xEA53,
  0xECFF, 0xEF50, 0xF27C, 0xF542,  0xF8EE, 0xFBE8, 0xFF05, 0x0287,
  0x0591, 0x07F9, 0x092E, 0x0C05,  0x0C7E, 0x1130, 0x11D6, 0x1880,
  0x1C86, 0x24B4, 0x2D95, 0x35D7,  0x3EC4, 0x41B6, 0x45F2, 0x45EB,
  0x45E8, 0x40C6, 0x3B60, 0x3153,  0x2978, 0x2012, 0x184B, 0x0F88,
  0x0851, 0x0325, 0xFCF2, 0xF962,  0xF36A, 0xF0AB, 0xEA78, 0xE881,
  0xE3F3, 0xE192, 0xDF37, 0xDE57,  0xE046, 0xE1F8, 0xE663, 0xE8A7,
  0xEE32, 0xF135, 0xF647, 0xF7EC,  0xFACF, 0xFB8E, 0xFBAA, 0xFD3D,
  0xFC65, 0xFDCA, 0xFD0D, 0xFE6E,  0xFEB3, 0xFF4D, 0xFEFE, 0xFD85,
  0xFACB, 0xF86F, 0xF495, 0xEFD1,  0xEAC4, 0xE5E5, 0xE2B2, 0xE00E,
  0xDF0D, 0xDDA6, 0xDEFD, 0xDF1D,  0xE1CD, 0xE31C, 0xE5C4, 0xE786,
  0xE899, 0xEBB8, 0xECC4, 0xEF69,  0xF0AC, 0xF43D, 0xF5EF, 0xFAFD,
  0xFCA6, 0x00CF, 0x02D8, 0x06B8,  0x08CD, 0x098D, 0x0C90, 0x0C17,
  0x106D, 0x1101, 0x1836, 0x1AD0,  0x2402, 0x2961, 0x3444, 0x3B7E,
  0x3F4B, 0x4407, 0x4283, 0x46F2,  0x3E9B, 0x3C19, 0x317D, 0x2A71,
  0x21ED, 0x185A, 0x1156, 0x08A6,  0x057B, 0xFEE4, 0xFC9A, 0xF788,
  0xF494, 0xEFE9, 0xECCD, 0xE84E,  0xE601, 0xE220, 0xE01B, 0xE124,
  0xDFFC, 0xE4B7, 0xE4C3, 0xEBFA,  0xEE04, 0xF315, 0xF6CB, 0xF861,
  0xFC80, 0xFA9F, 0xFCE4, 0xFB3D,  0xFCAA, 0xFBDF, 0xFCA2, 0xFD69,
  0xFE44, 0xFEB4, 0xFECC, 0xFDAF,  0xFB9B, 0xF894, 0xF42E, 0xEFDA,
  0xEA21, 0xE66F, 0xE12C, 0xE049,  0xDD8E, 0xDDD8, 0xDDA9, 0xDFD9,
  0xE2C7, 0xE47A, 0xE875, 0xE974,  0xEDA0, 0xEDF8, 0xF0D0, 0xF0FB,
  0xF29E, 0xF407, 0xF471, 0xF7AB,  0xF891, 0xFCA8, 0xFDC8, 0x02C5,
  0x0422, 0x0812, 0x0932, 0x0BF1,  0x0DD5, 0x0F02, 0x12E3, 0x14E7,
  0x1CD8, 0x20CF, 0x2A54, 0x3081,  0x3AA5, 0x3E84, 0x4206, 0x44CA,
  0x43A2, 0x42ED, 0x3A98, 0x3678,  0x2A8E, 0x23C7, 0x1A00, 0x100B,
  0x09D2, 0x0189, 0xFEBF, 0xF8A0,  0xF77C, 0xF3A0, 0xF0CE, 0xEE6F,
  0xEB0B, 0xE8F5, 0xE452, 0xE2DC,  0xE092, 0xE155, 0xE19A, 0xE420,
  0xE769, 0xEC76, 0xF0CC, 0xF59E,  0xFA10, 0xFC7D, 0xFF99, 0xFF25,
  0x00EC, 0xFF47, 0xFF25, 0xFE1E,  0xFD12, 0xFE1D, 0xFCE1, 0xFDE8,
  0xFCAD, 0xFBF6, 0xF9EA, 0xF5F6,  0xF35B, 0xEE1E, 0xEA74, 0xE514,
  0xE14E, 0xDE42, 0xDC41, 0xDC78,  0xDC5C, 0xDF5C, 0xE139, 0xE578,
  0xE8DF, 0xEC87, 0xF026, 0xF12B,  0xF3C8, 0xF425, 0xF410, 0xF3CB,
  0xF2E9, 0xF3F0, 0xF49F, 0xF69A,  0xF8E9, 0xFC1C, 0x0094, 0x053B,
  0x0877, 0x0D35, 0x1033, 0x141C,  0x176A, 0x1A6D, 0x1FA9, 0x21FB,
  0x29EE, 0x2E14, 0x3634, 0x3A9C,  0x3D3F, 0x40BF, 0x40AB, 0x422E,
  0x3CC5, 0x385E, 0x30E9, 0x291C,  0x20AD, 0x1743, 0x0EB2, 0x0660,
  0x0009, 0xFB2A, 0xF6A4, 0xF399,  0xF14E, 0xEEA1, 0xED86, 0xEB3A,
  0xE9B2, 0xE68C, 0xE548, 0xE557,  0xE48A, 0xE5C5, 0xE6CD, 0xEA76,
  0xED7B, 0xF1F5, 0xF5DC, 0xF94F,  0xFC9B, 0xFECC, 0x0094, 0x0082,
  0x00A6, 0xFECF, 0xFEE1, 0xFD3A,  0xFC63, 0xFAEB, 0xF931, 0xF872,
  0xF613, 0xF4A9, 0xF0A0, 0xEEC6,  0xEB49, 0xE881, 0xE572, 0xE1B6,
  0xE0A6, 0xDE7C, 0xDF9F, 0xDED7,  0xE1F3, 0xE413, 0xE74D, 0xEB7F,
  0xEE0A, 0xF1BC, 0xF335, 0xF63C,  0xF68A, 0xF765, 0xF5CB, 0xF510,
  0xF44A, 0xF34C, 0xF406, 0xF427,  0xF6B4, 0xF991, 0xFEBE, 0x0254,
  0x07C1, 0x0B2A, 0x0FD6, 0x13FD,  0x17C5, 0x1BDC, 0x1E2A, 0x2448,
  0x270B, 0x2E95, 0x330E, 0x3925,  0x3C41, 0x3F29, 0x41BB, 0x3FEA,
  0x3FBB, 0x3911, 0x3509, 0x2B5E,  0x2420, 0x1B13, 0x1062, 0x0934,
  0xFFDA, 0xFAAE, 0xF438, 0xF051,  0xED26, 0xEAA6, 0xE95C, 0xE7FD,
  0xE6CF, 0xE5A5, 0xE500, 0xE4CC,  0xE5BE, 0xE589, 0xE85A, 0xE9A6,
  0xEDD0, 0xF1AA, 0xF537, 0xF9C4,  0xFCCB, 0x011F, 0x0260, 0x0463,
  0x04AC, 0x03DF, 0x0364, 0x011A,  0xFF5A, 0xFCAD, 0xFA24, 0xF7E9,
  0xF4DF, 0xF2E5, 0xEFAD, 0xED5C,  0xEAD5, 0xE846, 0xE68F, 0xE463,
  0xE33A, 0xE258, 0xE1E8, 0xE261,  0xE371, 0xE553, 0xE6FD, 0xE9D1,
  0xEBEC, 0xEF0C, 0xF19E, 0xF3B4,  0xF59B, 0xF6C1, 0xF7FC, 0xF7F3,
  0xF899, 0xF81F, 0xF8E3, 0xF85B,  0xF9F5, 0xFA8D, 0xFC6B, 0xFF34,
  0x0133, 0x0615, 0x0860, 0x0E11,  0x1052, 0x1562, 0x192B, 0x1CB3,
  0x21BC, 0x2520, 0x2BB9, 0x2D6C,  0x34BA, 0x37F5, 0x3D0F, 0x3E01,
  0x3E3D, 0x3F10, 0x3A84, 0x38EC,  0x2E88, 0x2878, 0x1EAF, 0x1492,
  0x0BA9, 0x00C7, 0xFA84, 0xF270,  0xEEA3, 0xEABA, 0xE8B3, 0xE8A1,
  0xE6C9, 0xE8A6, 0xE852, 0xE8BB,  0xE903, 0xE877, 0xE982, 0xEA02,
  0xEA9D, 0xEB9A, 0xEDD1, 0xF080,  0xF379, 0xF706, 0xFB70, 0xFE2B,
  0x01BA, 0x03FC, 0x0587, 0x0664,  0x04CC, 0x03C0, 0x009A, 0xFE26,
  0xFA1A, 0xF66F, 0xF2F3, 0xEEFF,  0xECF4, 0xE993, 0xE84E, 0xE604,
  0xE595, 0xE4B4, 0xE4C6, 0xE543,  0xE56E, 0xE708, 0xE7EE, 0xEA13,
  0xEBA5, 0xED64, 0xEF50, 0xF155,  0xF2EB, 0xF46F, 0xF50F, 0xF699,
  0xF691, 0xF72C, 0xF73C, 0xF692,  0xF6F3, 0xF5FE, 0xF6D3, 0xF693,
  0xF7B9, 0xF94B, 0xFB09, 0xFEE7,  0x0126, 0x057F, 0x0921, 0x0DD3,
  0x1105, 0x150C, 0x18AA, 0x1C8F,  0x1FF6, 0x2412, 0x2A18, 0x2CEA,
  0x3425, 0x36E2, 0x3DB8, 0x3F3F,  0x4081, 0x40C3, 0x3E27, 0x3C87,
  0x33B0, 0x2CCD, 0x220E, 0x1868,  0x0CB3, 0x0212, 0xF8D7, 0xF080,
  0xEBC8, 0xE761, 0xE656, 0xE51E,  0xE676, 0xE7A7, 0xE902, 0xEAEC,
  0xEAFB, 0xEBDF, 0xEAF9, 0xECA2,  0xEB34, 0xEBE6, 0xEC70, 0xEE86,
  0xF18B, 0xF3F4, 0xF912, 0xFC10,  0x0171, 0x040C, 0x07F1, 0x08F2,
  0x09D1, 0x08CF, 0x0701, 0x045C,  0xFFCB, 0xFC04, 0xF662, 0xF312,
  0xEDC3, 0xEA70, 0xE6F0, 0xE4AD,  0xE3D3, 0xE27A, 0xE332, 0xE2C4,
  0xE454, 0xE52B, 0xE6C5, 0xE8CE,  0xEA74, 0xEC86, 0xEDC0, 0xEFE6,
  0xF0F2, 0xF1E9, 0xF2C3, 0xF34B,  0xF3D6, 0xF3B3, 0xF38D, 0xF3E8,
  0xF3C4, 0xF427, 0xF441, 0xF4B6,  0xF5BB, 0xF6F3, 0xF7CC, 0xFAF0,
  0xFC3A, 0x0032, 0x0234, 0x0642,  0x0A8A, 0x0D1E, 0x130B, 0x1578,
  0x1BEC, 0x1F26, 0x2590, 0x2A79,  0x3132, 0x34DE, 0x3A97, 0x3ECE,
  0x424A, 0x439A, 0x409F, 0x4279,  0x3AEF, 0x380B, 0x2D6B, 0x24AF,
  0x1B48, 0x0EEA, 0x06EC, 0xFA52,  0xF48A, 0xED26, 0xE8FE, 0xE6E1,
  0xE3EE, 0xE552, 0xE52A, 0xE6E5,  0xE8D7, 0xE92C, 0xEA9D, 0xEB6E,
  0xEC9D, 0xEDD7, 0xED27, 0xEF5F,  0xF073, 0xF34C, 0xF64A, 0xF82B,
  0xFD10, 0xFF99, 0x0377, 0x063D,  0x0767, 0x0912, 0x0859, 0x0791,
  0x05ED, 0x016F, 0xFF0A, 0xF8CC,  0xF62D, 0xF0D7, 0xEC6A, 0xE9C6,
  0xE506, 0xE555, 0xE1EA, 0xE27A,  0xE1B0, 0xE24F, 0xE46D, 0xE4FF,
  0xE807, 0xE965, 0xEB7A, 0xEDEE,  0xEF7F, 0xF1E0, 0xF248, 0xF3A2,
  0xF472, 0xF4D2, 0xF514, 0xF45E,  0xF464, 0xF456, 0xF431, 0xF40F,
  0xF411, 0xF460, 0xF64E, 0xF66B,  0xF8BE, 0xFA01, 0xFC8D, 0x002A,
  0x0295, 0x072C, 0x09BA, 0x0EDC,  0x12D2, 0x16C3, 0x1B5F, 0x1E9D,
  0x2355, 0x2631, 0x2AA5, 0x2DC6,  0x31F6, 0x3424, 0x3804, 0x3A97,
  0x3C02, 0x3C4F, 0x396A, 0x3965,  0x3247, 0x2D53, 0x2413, 0x1AD6,
  0x1252, 0x065F, 0xFEC8, 0xF3CF,  0xEE1F, 0xE898, 0xE491, 0xE3F1,
  0xE20B, 0xE4EA, 0xE5E7, 0xE91D,  0xEC52, 0xEDF1, 0xF044, 0xF14B,
  0xF2D4, 0xF305, 0xF21B, 0xF286,  0xF2F3, 0xF3A1, 0xF541, 0xF63A,
  0xF997, 0xFC24, 0xFF33, 0x02C7,  0x0445, 0x06D1, 0x06F8, 0x0721,
  0x05C8, 0x026B, 0xFF91, 0xF9FA,  0xF652, 0xF0CC, 0xEC5F, 0xE840,
  0xE503, 0xE3DA, 0xE265, 0xE2FC,  0xE36E, 0xE5BF, 0xE7F9, 0xEA82,
  0xECCD, 0xEEC9, 0xF075, 0xF1DD,  0xF314, 0xF2D9, 0xF2B9, 0xF20B,
  0xF1E2, 0xF136, 0xF0B6, 0xF045,  0xF06E, 0xF155, 0xF1DF, 0xF347,
  0xF45F, 0xF640, 0xF82A, 0xFA23,  0xFBB3, 0xFE0F, 0xFF70, 0x02F9,
  0x04AB, 0x07F8, 0x0AA8, 0x0DF5,  0x1271, 0x14FF, 0x1A4A, 0x1D2E,
  0x2239, 0x25CA, 0x2A60, 0x2DFC,  0x32B5, 0x3463, 0x385A, 0x3A05,
  0x3B58, 0x3AA5, 0x36A0, 0x36B7,  0x2E5A, 0x29DD, 0x1FE8, 0x176E,
  0x0F53, 0x0410, 0xFD81, 0xF30F,  0xEEA7, 0xE982, 0xE648, 0xE5F8,
  0xE444, 0xE70E, 0xE7AD, 0xEAED,  0xED71, 0xEEE7, 0xF0DE, 0xF1EE,
  0xF322, 0xF388, 0xF310, 0xF3A0,  0xF493, 0xF526, 0xF764, 0xF7A1,
  0xFB95, 0xFD44, 0x0032, 0x02EA,  0x03A7, 0x0640, 0x04F2, 0x05B5,
  0x02F2, 0x0054, 0xFD29, 0xF84C,  0xF511, 0xF015, 0xECD5, 0xE8DF,
  0xE71B, 0xE58B, 0xE548, 0xE524,  0xE6A0, 0xE832, 0xEA75, 0xED10,
  0xEED3, 0xF1A7, 0xF283, 0xF481,  0xF4D3, 0xF50C, 0xF4AE, 0xF3C8,
  0xF3AB, 0xF241, 0xF179, 0xF0B7,  0xF048, 0xF11B, 0xF0DE, 0xF23B,
  0xF2AF, 0xF496, 0xF64D, 0xF766,  0xF980, 0xFA82, 0xFCC0, 0xFE31,
  0xFFDD, 0x0243, 0x046F, 0x07B3,  0x0AC7, 0x0E57, 0x1292, 0x1685,
  0x1B34, 0x1FD9, 0x23DD, 0x281C,  0x2B77, 0x2F03, 0x3270, 0x334A,
  0x3606, 0x3545, 0x3669, 0x345D,  0x311A, 0x2E70, 0x2874, 0x243A,
  0x1BE7, 0x153B, 0x0D9B, 0x05BB,  0xFECA, 0xF75D, 0xF237, 0xED83,
  0xEA97, 0xE8F6, 0xE822, 0xE8A7,  0xE9B0, 0xEB9F, 0xEDB8, 0xEFC6,
  0xF12C, 0xF297, 0xF397, 0xF517,  0xF521, 0xF54C, 0xF62E, 0xF728,
  0xF8CE, 0xF958, 0xFBC9, 0xFD47,  0xFFBB, 0x0162, 0x027F, 0x040B,
  0x0362, 0x03AB, 0x01EF, 0x003D,  0xFD11, 0xF938, 0xF632, 0xF20C,
  0xEEF8, 0xEB4C, 0xE8BD, 0xE775,  0xE6C3, 0xE6B0, 0xE75D, 0xE896,
  0xEB44, 0xED34, 0xEFB4, 0xF1DC,  0xF3C3, 0xF5B1, 0xF5CD, 0xF717,
  0xF61F, 0xF5D7, 0xF4C1, 0xF38E,  0xF2E6, 0xF15D, 0xF10D, 0xF087,
  0xF0DB, 0xF1C2, 0xF23C, 0xF3D8,  0xF51B, 0xF69A, 0xF858, 0xF898,
  0xFA38, 0xFA6C, 0xFBC0, 0xFC56,  0xFDD5, 0xFFD0, 0x0223, 0x0565,
  0x093E, 0x0D2F, 0x11E7, 0x16B2,  0x1B59, 0x2065, 0x239A, 0x283D,
  0x2A38, 0x2D5B, 0x2EDE, 0x2FFC,  0x30CA, 0x3117, 0x3081, 0x2F49,
  0x2C75, 0x2A5F, 0x26BE, 0x222B,  0x1DE3, 0x1724, 0x121D, 0x0AC9,
  0x0534, 0xFE16, 0xF7FE, 0xF317,  0xEEAA, 0xEB69, 0xE933, 0xE7E7,
  0xE818, 0xE893, 0xEA48, 0xEC19,  0xEDD4, 0xF07D, 0xF215, 0xF474,
  0xF575, 0xF703, 0xF83C, 0xF976,  0xFA6E, 0xFB3E, 0xFC2E, 0xFD47,
  0xFDF1, 0xFEF9, 0xFF1F, 0xFFA3,  0xFFC2, 0xFF73, 0xFF4F, 0xFDEF,
  0xFCFA, 0xFB4D, 0xF948, 0xF799,  0xF4DF, 0xF31E, 0xF0A5, 0xEF5F,
  0xEDBA, 0xEC80, 0xEC12, 0xEB78,  0xEC92, 0xED00, 0xEE7F, 0xEEC3,
  0xF142, 0xF258, 0xF3EE, 0xF437,  0xF5F0, 0xF71D, 0xF6EF, 0xF73D,
  0xF5CA, 0xF5AE, 0xF46A, 0xF447,  0xF2FF, 0xF251, 0xF214, 0xF27E,
  0xF30C, 0xF385, 0xF453, 0xF5CE,  0xF6FE, 0xF864, 0xF9B0, 0xFAC4,
  0xFC27, 0xFD30, 0xFF2D, 0x00C6,  0x031A, 0x05C1, 0x0978, 0x0D84,
  0x11A0, 0x1614, 0x1A72, 0x1EE8,  0x22F6, 0x266B, 0x2936, 0x2BAD,
  0x2D2A, 0x2EBC, 0x2F3F, 0x2F33,  0x2E9D, 0x2DC4, 0x2BEF, 0x2950,
  0x25F0, 0x221A, 0x1DC6, 0x1808,  0x12EE, 0x0C3F, 0x0673, 0xFFE8,
  0xFA31, 0xF492, 0xEFBD, 0xEC40,  0xE916, 0xE776, 0xE6D3, 0xE70C,
  0xE85A, 0xEA29, 0xEC05, 0xEEC9,  0xF08F, 0xF384, 0xF4EF, 0xF70C,
  0xF851, 0xF9DB, 0xFB09, 0xFBCA,  0xFCC5, 0xFD75, 0xFE9F, 0xFE83,
  0xFF93, 0xFF47, 0x0000, 0xFF49,  0xFF78, 0xFEE9, 0xFD53, 0xFC84,
  0xFA5D, 0xF8EB, 0xF67E, 0xF468,  0xF229, 0xF006, 0xEE92, 0xED5B,
  0xEC21, 0xEBFF, 0xEC29, 0xED25,  0xEE44, 0xEF68, 0xF19C, 0xF321,
  0xF5B8, 0xF6D3, 0xF82C, 0xF91A,  0xF9C1, 0xFA12, 0xF953, 0xF8CC,
  0xF780, 0xF6B7, 0xF57B, 0xF46A,  0xF337, 0xF2C4, 0xF274, 0xF2EF,
  0xF320, 0xF417, 0xF535, 0xF62B,  0xF7CB, 0xF8A3, 0xFA1F, 0xFAB2,
  0xFC77, 0xFD36, 0xFEE0, 0x008D,  0x02E7, 0x0626, 0x0906, 0x0DC0,
  0x111E, 0x166D, 0x1A73, 0x1EC7,  0x22CC, 0x25D5, 0x2905, 0x2A90,
  0x2CB0, 0x2D41, 0x2E1C, 0x2D20,  0x2DCA, 0x2C28, 0x2A17, 0x2784,
  0x23E1, 0x211E, 0x1B7B, 0x1754,  0x10C9, 0x0B3F, 0x055A, 0xFEB5,
  0xF938, 0xF334, 0xEF89, 0xEC17,  0xE953, 0xE851, 0xE7B1, 0xE8F9,
  0xEA1C, 0xEC35, 0xEE78, 0xF052,  0xF2FB, 0xF4F7, 0xF6D2, 0xF7F9,
  0xF920, 0xFA64, 0xFB55, 0xFC0D,  0xFC98, 0xFD19, 0xFE38, 0xFE92,
  0xFF11, 0xFF22, 0xFF2A, 0xFF1D,  0xFE40, 0xFDA3, 0xFC04, 0xFA80,
  0xF8C3, 0xF686, 0xF4D5, 0xF236,  0xF0C7, 0xEEBF, 0xEDDA, 0xED5F,
  0xEC93, 0xED25, 0xED42, 0xEEF4,  0xEFC2, 0xF16A, 0xF2F1, 0xF4AF,
  0xF663, 0xF7E0, 0xF8CB, 0xF9B2,  0xFA37, 0xFA57, 0xFA43, 0xF927,
  0xF87E, 0xF6C6, 0xF62C, 0xF459,  0xF38E, 0xF239, 0xF172, 0xF17A,
  0xF11A, 0xF1BD, 0xF21E, 0xF35D,  0xF4B8, 0xF62E, 0xF7DA, 0xF9B4,
  0xFB2D, 0xFD64, 0xFF45, 0x0184,  0x03A6, 0x064B, 0x091B, 0x0C8B,
  0x0FCC, 0x13A4, 0x16F4, 0x1AFE,  0x1E43, 0x20F0, 0x23BA, 0x24EA,
  0x2675, 0x268E, 0x278A, 0x270B,  0x274B, 0x263A, 0x2725, 0x263C,
  0x25E3, 0x240F, 0x21E3, 0x20D5,  0x1B8B, 0x1898, 0x11DB, 0x0D13,
  0x0653, 0xFFB2, 0xF9C2, 0xF32B,  0xEF7F, 0xEBF7, 0xE9D1, 0xE901,
  0xE96A, 0xEB3B, 0xEDA3, 0xEFCD,  0xF36A, 0xF510, 0xF7E3, 0xF9A2,
  0xFA5A, 0xFB0E, 0xF9E6, 0xFAB7,  0xF98F, 0xF90E, 0xF8B0, 0xF826,
  0xF959, 0xF9A9, 0xFAB9, 0xFBC6,  0xFC97, 0xFE01, 0xFDF7, 0xFE25,
  0xFD65, 0xFBEA, 0xFAE4, 0xF80B,  0xF671, 0xF37D, 0xF161, 0xEFD9,
  0xEE0B, 0xEDB6, 0xECB3, 0xED6D,  0xEE2E, 0xEF5A, 0xF131, 0xF23F,
  0xF495, 0xF631, 0xF7AD, 0xF8D0,  0xF977, 0xF9E1, 0xF9B9, 0xF92C,
  0xF877, 0xF73B, 0xF5EC, 0xF4B0,  0xF31E, 0xF217, 0xF117, 0xF04A,
  0xF085, 0xF04D, 0xF106, 0xF167,  0xF252, 0xF3CE, 0xF4AB, 0xF66F,
  0xF736, 0xF941, 0xFAE7, 0xFCB1,  0xFEC9, 0x0103, 0x0391, 0x067E,
  0x0940, 0x0CD9, 0x0F7A, 0x135A,  0x161E, 0x18E9, 0x1BF0, 0x1D58,
  0x1FD9, 0x20D2, 0x223A, 0x230B,  0x2325, 0x23BC, 0x2554, 0x244D,
  0x2669, 0x2499, 0x26BD, 0x2607,  0x2418, 0x2350, 0x1F1F, 0x1E23,
  0x17C8, 0x1348, 0x0CD7, 0x06D7,  0x0071, 0xFA29, 0xF484, 0xF055,
  0xED5A, 0xEC13, 0xEB60, 0xEBD0,  0xEDEE, 0xEF70, 0xF28E, 0xF3C8,
  0xF66D, 0xF71E, 0xF81A, 0xF8D1,  0xF821, 0xF7E7, 0xF6BC, 0xF6D6,
  0xF6A8, 0xF618, 0xF6BA, 0xF73B,  0xF936, 0xFA5C, 0xFB51, 0xFD1B,
  0xFD7E, 0xFED3, 0xFE22, 0xFD94,  0xFC07, 0xF9DE, 0xF83F, 0xF53A,
  0xF367, 0xF0EB, 0xEF70, 0xEE57,  0xEDE0, 0xEDE2, 0xEE4F, 0xEF46,
  0xF0F5, 0xF295, 0xF42D, 0xF5C4,  0xF73E, 0xF8E7, 0xF8FE, 0xF9EE,
  0xF920, 0xF918, 0xF80E, 0xF6FB,  0xF66B, 0xF4B1, 0xF452, 0xF32A,
  0xF2D2, 0xF282, 0xF220, 0xF25B,  0xF2A9, 0xF343, 0xF3FF, 0xF46E,
  0xF56B, 0xF626, 0xF73F, 0xF80E,  0xF8EF, 0xFA62, 0xFB9B, 0xFDD6,
  0xFFAA, 0x0245, 0x0550, 0x0803,  0x0B94, 0x0E84, 0x1143, 0x14C4,
  0x163F, 0x1959, 0x1A6E, 0x1BBD,  0x1D61, 0x1D28, 0x1F1C, 0x1E39,
  0x1F92, 0x20B5, 0x21AB, 0x2245,  0x23B1, 0x2494, 0x26B9, 0x255A,
  0x246E, 0x235A, 0x1FAD, 0x1E15,  0x1605, 0x1234, 0x0ADF, 0x04CD,
  0xFF06, 0xF6FC, 0xF3FA, 0xEEC0,  0xEDD0, 0xEC2C, 0xEBBE, 0xEE19,
  0xEEB7, 0xF236, 0xF3D8, 0xF5D7,  0xF822, 0xF856, 0xFA0B, 0xF96A,
  0xF89E, 0xF807, 0xF6A4, 0xF714,  0xF5CB, 0xF565, 0xF646, 0xF6BF,
  0xF907, 0xF966, 0xFB3E, 0xFCFD,  0xFDC5, 0xFF3E, 0xFE3E, 0xFE57,
  0xFCF6, 0xFB03, 0xF9A3, 0xF61A,  0xF4C5, 0xF1A3, 0xF058, 0xEFB0,
  0xEE1C, 0xEF16, 0xEE91, 0xF0F5,  0xF208, 0xF388, 0xF594, 0xF6B1,
  0xF90B, 0xF991, 0xFA0E, 0xFA24,  0xF9C4, 0xF92A, 0xF7C7, 0xF685,
  0xF552, 0xF3F3, 0xF30E, 0xF212,  0xF1D4, 0xF1B1, 0xF1E7, 0xF267,
  0xF317, 0xF3D6, 0xF496, 0xF54A,  0xF5EC, 0xF679, 0xF6BC, 0xF769,
  0xF7C3, 0xF8E5, 0xFA05, 0xFB89,  0xFDDC, 0x006B, 0x0370, 0x06BE,
  0x0A0E, 0x0DB8, 0x1068, 0x1386,  0x157F, 0x1708, 0x1897, 0x18F2,
  0x194F, 0x1A17, 0x19E3, 0x1A9F,  0x1ABB, 0x1C1B, 0x1EC7, 0x1E84,
  0x2257, 0x22DF, 0x25F2, 0x2682,  0x24E4, 0x258A, 0x21E7, 0x2004,
  0x19DB, 0x1432, 0x0EB0, 0x079B,  0x016E, 0xFADE, 0xF5E5, 0xF2A0,
  0xF009, 0xEF1A, 0xEF1E, 0xEFF7,  0xF2CB, 0xF445, 0xF6FE, 0xF88C,
  0xF9DB, 0xFAFF, 0xFA2C, 0xFA88,  0xF833, 0xF75F, 0xF627, 0xF52F,
  0xF4F3, 0xF425, 0xF590, 0xF6E0,  0xF8D3, 0xFA85, 0xFC6B, 0xFE52,
  0xFFA7, 0x0016, 0x0040, 0xFF18,  0xFDB5, 0xFB9E, 0xF917, 0xF6E1,
  0xF3DB, 0xF1C3, 0xEFBA, 0xEED7,  0xEE8E, 0xEE1E, 0xEF4C, 0xF03D,
  0xF297, 0xF446, 0xF5CB, 0xF7A5,  0xF914, 0xFA6C, 0xFA74, 0xFAB5,
  0xF9E8, 0xF967, 0xF817, 0xF707,  0xF55B, 0xF3DB, 0xF31A, 0xF217,
  0xF214, 0xF181, 0xF1AB, 0xF244,  0xF2CA, 0xF3D8, 0xF3F4, 0xF4E8,
  0xF59D, 0xF668, 0xF748, 0xF7A9,  0xF8D9, 0xF9E1, 0xFB0F, 0xFC8D,
  0xFE01, 0xFFDA, 0x0247, 0x0409,  0x06F5, 0x08AC, 0x0B40, 0x0DBD,
  0x0F96, 0x1201, 0x130B, 0x1537,  0x164C, 0x173F, 0x187C, 0x189A,
  0x1996, 0x19AA, 0x1ABE, 0x1B6F,  0x1C9B, 0x1D7B, 0x1F3A, 0x2113,
  0x2182, 0x2252, 0x212A, 0x2180,  0x1E36, 0x1B69, 0x16D6, 0x115E,
  0x0CD8, 0x05E0, 0x010C, 0xFA96,  0xF6C8, 0xF3DB, 0xF0E1, 0xF08B,
  0xEFA4, 0xF19B, 0xF2F2, 0xF4BF,  0xF735, 0xF837, 0xFA32, 0xFA75,
  0xFACC, 0xF9E8, 0xF8C9, 0xF806,  0xF715, 0xF61A, 0xF56C, 0xF526,
  0xF64D, 0xF73E, 0xF89D, 0xFA2B,  0xFBA4, 0xFE0B, 0xFE7A, 0xFFB4,
  0xFF45, 0xFEC8, 0xFE64, 0xFC0B,  0xFAD2, 0xF7ED, 0xF649, 0xF479,
  0xF246, 0xF1B9, 0xF050, 0xF0C1,  0xF10A, 0xF21C, 0xF3A3, 0xF490,
  0xF6A6, 0xF7E5, 0xF904, 0xF9E0,  0xFA17, 0xFA7B, 0xF9DE, 0xF992,
  0xF870, 0xF774, 0xF689, 0xF554,  0xF470, 0xF3D6, 0xF35C, 0xF2DD,
  0xF322, 0xF323, 0xF416, 0xF3CB,  0xF537, 0xF5BA, 0xF67A, 0xF770,
  0xF7D7, 0xF8C7, 0xF967, 0xFA95,  0xFB77, 0xFC8A, 0xFDC5, 0xFFA0,
  0x00FA, 0x0301, 0x048F, 0x0692,  0x0841, 0x0A2B, 0x0BA4, 0x0D66,
  0x0E95, 0x1061, 0x117C, 0x12CB,  0x143C, 0x154E, 0x170B, 0x17C6,
  0x19B9, 0x1ABB, 0x1BD6, 0x1CB1,  0x1E67, 0x1EE0, 0x1F5F, 0x1E2B,
  0x1E77, 0x1D27, 0x1AF6, 0x18D1,  0x142D, 0x1227, 0x0CC6, 0x0992,
  0x043C, 0x0021, 0xFDA0, 0xF983,  0xF840, 0xF55B, 0xF56E, 0xF560,
  0xF51F, 0xF664, 0xF664, 0xF7E8,  0xF8B2, 0xF948, 0xF9DA, 0xF994,
  0xF9A1, 0xF97C, 0xF8EE, 0xF8D9,  0xF7E4, 0xF7F8, 0xF852, 0xF872,
  0xF968, 0xF934, 0xFB20, 0xFB6A,  0xFCC3, 0xFD2E, 0xFD19, 0xFE2B,
  0xFCDA, 0xFD36, 0xFB7B, 0xFAA5,  0xF95B, 0xF732, 0xF6EA, 0xF4DD,
  0xF489, 0xF3F6, 0xF3BD, 0xF4E1,  0xF4F3, 0xF622, 0xF707, 0xF811,
  0xF98D, 0xF96E, 0xFA4E, 0xFA4D,  0xFA71, 0xFA37, 0xF8DE, 0xF8A0,
  0xF756, 0xF6A7, 0xF580, 0xF475,  0xF438, 0xF366, 0xF35B, 0xF2FF,
  0xF2FB, 0xF36E, 0xF35D, 0xF451,  0xF45A, 0xF569, 0xF60A, 0xF6F4,
  0xF81B, 0xF8FE, 0xFA7A, 0xFB8A,  0xFD42, 0xFE53, 0xFFF8, 0x00C9,
  0x028A, 0x0358, 0x04D8, 0x05E0,  0x0775, 0x092E, 0x0A66, 0x0C6A,
  0x0DA9, 0x0F5F, 0x10CB, 0x1218,  0x1325, 0x144F, 0x147D, 0x1577,
  0x156B, 0x1637, 0x16A9, 0x16AD,  0x1896, 0x194D, 0x1A4C, 0x1ADE,
  0x1A8A, 0x1BD3, 0x1A67, 0x1975,  0x1706, 0x138C, 0x1109, 0x0C02,
  0x089A, 0x0317, 0xFF95, 0xFC5D,  0xF92E, 0xF7AC, 0xF60B, 0xF652,
  0xF69B, 0xF724, 0xF850, 0xF8BB,  0xF9BC, 0xFA48, 0xF9FF, 0xFA43,
  0xF8DE, 0xF909, 0xF810, 0xF776,  0xF765, 0xF66D, 0xF7E8, 0xF7F3,
  0xF94D, 0xFA56, 0xFB0B, 0xFD03,  0xFD6E, 0xFED3, 0xFE87, 0xFEB1,
  0xFE7A, 0xFDB5, 0xFCF2, 0xFB6E,  0xFA4E, 0xF949, 0xF84E, 0xF722,
  0xF6A5, 0xF5A8, 0xF5F0, 0xF52F,  0xF654, 0xF6EB, 0xF70E, 0xF82C,
  0xF84F, 0xF97E, 0xF93D, 0xF98A,  0xF948, 0xF91C, 0xF8E6, 0xF829,
  0xF78E, 0xF69F, 0xF64C, 0xF5B4,  0xF504, 0xF462, 0xF403, 0xF433,
  0xF457, 0xF452, 0xF488, 0xF4EB,  0xF572, 0xF61B, 0xF64F, 0xF700,
  0xF769, 0xF84E, 0xF92F, 0xF9C8,  0xFAD8, 0xFBB2, 0xFD38, 0xFEAA,
  0x0028, 0x01A5, 0x034B, 0x050D,  0x0698, 0x0810, 0x0906, 0x0A9C,
  0x0BEC, 0x0D0E, 0x0E0F, 0x0EC5,  0x1026, 0x1082, 0x1188, 0x11CC,
  0x1243, 0x12D8, 0x12CC, 0x1392,  0x1455, 0x148A, 0x15DB, 0x1674,
  0x1873, 0x1934, 0x18C2, 0x1A33,  0x1885, 0x18BF, 0x15CD, 0x12FB,
  0x1078, 0x0BC5, 0x0957, 0x03EA,  0x00D3, 0xFDCE, 0xFAFD, 0xF9E1,
  0xF781, 0xF7ED, 0xF788, 0xF81A,  0xF8DF, 0xF8CE, 0xF9B3, 0xF97A,
  0xF997, 0xF95E, 0xF83E, 0xF7FF,  0xF72E, 0xF6F9, 0xF724, 0xF66E,
  0xF7E5, 0xF81C, 0xF9EE, 0xFAFB,  0xFBAC, 0xFD6F, 0xFD99, 0xFEFC,
  0xFE77, 0xFE49, 0xFE0E, 0xFCEB,  0xFCAE, 0xFB38, 0xFA7E, 0xF98B,
  0xF8DA, 0xF8CB, 0xF82B, 0xF7F2,  0xF7C3, 0xF7AE, 0xF833, 0xF835,
  0xF866, 0xF8B0, 0xF8C2, 0xF978,  0xF910, 0xF90A, 0xF8DD, 0xF8E6,
  0xF90B, 0xF8B8, 0xF887, 0xF861,  0xF7E0, 0xF796, 0xF6CA, 0xF628,
  0xF5A1, 0xF4D6, 0xF4CB, 0xF43E,  0xF49C, 0xF4AA, 0xF526, 0xF5FC,
  0xF6A1, 0xF781, 0xF851, 0xF938,  0xFA2A, 0xFB06, 0xFB93, 0xFC79,
  0xFCCE, 0xFDE1, 0xFE85, 0xFF7E,  0x00E5, 0x01F3, 0x03C5, 0x0537,
  0x0739, 0x08EB, 0x0A74, 0x0C31,  0x0D66, 0x0E89, 0x0ED6, 0x0F91,
  0x0F4E, 0x0FAA, 0x0F2C, 0x0F13,  0x0EF5, 0x0EA2, 0x0F1E, 0x0F37,
  0x1070, 0x10DC, 0x1229, 0x135C,  0x15F2, 0x165C, 0x178C, 0x17D1,
  0x17F3, 0x1807, 0x1509, 0x13E6,  0x0FA5, 0x0D4A, 0x0956, 0x04BB,
  0x01E2, 0xFDCF, 0xFCB7, 0xF9F5,  0xF8EF, 0xF88D, 0xF83C, 0xF963,
  0xF8E7, 0xF9CF, 0xF97F, 0xF9AA,  0xF9BE, 0xF90B, 0xF89C, 0xF7E1,
  0xF791, 0xF7D0, 0xF7AD, 0xF7D2,  0xF870, 0xF8EF, 0xFAAB, 0xFABE,
  0xFBFA, 0xFC32, 0xFCE3, 0xFD69,  0xFCE1, 0xFD0B, 0xFBF0, 0xFC11,
  0xFB6E, 0xFAFA, 0xFAA0, 0xF9E5,  0xFA12, 0xF9BC, 0xF9DC, 0xF949,
  0xF8D0, 0xF894, 0xF86D, 0xF830,  0xF78E, 0xF751, 0xF743, 0xF789,
  0xF784, 0xF792, 0xF7B7, 0xF82F,  0xF8B2, 0xF900, 0xF8FA, 0xF8DA,
  0xF8B5, 0xF85D, 0xF7BC, 0xF6E2,  0xF5DD, 0xF528, 0xF49A, 0xF430,
  0xF406, 0xF3D8, 0xF4DE, 0xF5AB,  0xF714, 0xF846, 0xF9B1, 0xFBAB,
  0xFCD0, 0xFE34, 0xFEFA, 0xFFE8,  0x00A9, 0x00DA, 0x015A, 0x01A3,
  0x025C, 0x0338, 0x0418, 0x052C,  0x0688, 0x07F2, 0x0934, 0x0AA2,
  0x0BC7, 0x0CD3, 0x0D67, 0x0DFE,  0x0E36, 0x0E0F, 0x0DF1, 0x0DA9,
  0x0D44, 0x0D1F, 0x0C91, 0x0CEE,  0x0D74, 0x0D91, 0x0F0A, 0x0F79,
  0x1248, 0x1305, 0x1446, 0x15D4,  0x15A6, 0x16F6, 0x1508, 0x1435,
  0x11CA, 0x0EDA, 0x0C6E, 0x07E5,  0x04E2, 0x0164, 0xFE85, 0xFC76,
  0xF9EE, 0xF967, 0xF874, 0xF87D,  0xF90C, 0xF903, 0xF9F5, 0xFA0B,
  0xFA8E, 0xFAB2, 0xFA02, 0xFA31,  0xF964, 0xF962, 0xF91D, 0xF8B3,
  0xF96D, 0xF96F, 0xFA90, 0xFAD6,  0xFB7A, 0xFC36, 0xFC91, 0xFD0A,
  0xFCB5, 0xFCAE, 0xFC88, 0xFC1B,  0xFBBB, 0xFB33, 0xFAAE, 0xFA8D,
  0xF9E9, 0xF9CC, 0xF924, 0xF8F7,  0xF879, 0xF7F2, 0xF7E1, 0xF752,
  0xF77A, 0xF730, 0xF785, 0xF788,  0xF7E6, 0xF848, 0xF897, 0xF949,
  0xF937, 0xF9B9, 0xF976, 0xF995,  0xF8E8, 0xF818, 0xF78E, 0xF68E,
  0xF627, 0xF556, 0xF522, 0xF51E,  0xF56D, 0xF5F8, 0xF6C9, 0xF7BF,
  0xF8B8, 0xF9A6, 0xFAD4, 0xFBB3,  0xFC94, 0xFD2C, 0xFDA7, 0xFE5E,
  0xFEA0, 0xFF3D, 0xFF7C, 0x0033,  0x010C, 0x01BC, 0x031B, 0x03FC,
  0x057C, 0x06B6, 0x07C5, 0x08F4,  0x0988, 0x0A73, 0x0A7B, 0x0ACA,
  0x0AC6, 0x0ABA, 0x0AC6, 0x0A95,  0x0AD2, 0x0B07, 0x0B9B, 0x0C4F,
  0x0D4B, 0x0E7F, 0x0F98, 0x10F9,  0x12D1, 0x13D3, 0x1508, 0x1549,
  0x160B, 0x15C4, 0x14A7, 0x1387,  0x10E6, 0x0F31, 0x0BF1, 0x093E,
  0x0627, 0x034D, 0x0197, 0xFEDD,  0xFDB2, 0xFC09, 0xFB68, 0xFB39,
  0xFA64, 0xFABB, 0xFA56, 0xFAA9,  0xFAD2, 0xFA91, 0xFADD, 0xFA84,
  0xFAAA, 0xFABE, 0xFA88, 0xFA9F,  0xFA5A, 0xFA8E, 0xFAD1, 0xFA9B,
  0xFB10, 0xFAE1, 0xFB62, 0xFB9C,  0xFBA3, 0xFC0F, 0xFBC6, 0xFC3B,
  0xFBE4, 0xFBCD, 0xFB72, 0xFB12,  0xFB06, 0xFA95, 0xFA4D, 0xF9D4,
  0xF994, 0xF97C, 0xF944, 0xF944,  0xF91D, 0xF95F, 0xF98F, 0xF9BF,
  0xFA2B, 0xFA12, 0xFA63, 0xFA5E,  0xFA70, 0xFA2D, 0xF96C, 0xF8BD,
  0xF831, 0xF759, 0xF6BF, 0xF5B6,  0xF60C, 0xF635, 0xF633, 0xF6B9,
  0xF688, 0xF78D, 0xF7B2, 0xF88D,  0xF8A9, 0xF8D2, 0xF979, 0xF973,
  0xFA0A, 0xF9D2, 0xFA64, 0xFB03,  0xFB7B, 0xFC8A, 0xFD46, 0xFECF,
  0xFFD6, 0x0133, 0x028A, 0x0390,  0x0495, 0x04E6, 0x056D, 0x056C,
  0x0528, 0x04FC, 0x04AA, 0x047B,  0x04CB, 0x0502, 0x05EF, 0x0685,
  0x07F6, 0x08F6, 0x0A4F, 0x0B68,  0x0C46, 0x0D7E, 0x0DCB, 0x0EB2,
  0x0EB3, 0x0F63, 0x0FE5, 0x1078,  0x1158, 0x11FD, 0x12F5, 0x1396,
  0x13EE, 0x1435, 0x13EE, 0x1306,  0x11E1, 0x0FEA, 0x0DC4, 0x0B1B,
  0x0833, 0x0599, 0x02A5, 0x008E,  0xFE55, 0xFCD1, 0xFBC4, 0xFB03,
  0xFAFE, 0xFABB, 0xFB00, 0xFAEC,  0xFB29, 0xFB08, 0xFAD4, 0xFA5A,
  0xFA0C, 0xF9AF, 0xF956, 0xF901,  0xF920, 0xF978, 0xF9AE, 0xFA28,
  0xFA5C, 0xFAD0, 0xFB15, 0xFB4E,  0xFB3F, 0xFB25, 0xFAEA, 0xFAC2,
  0xFA55, 0xF9F1, 0xF984, 0xF942,  0xF8EF, 0xF8CC, 0xF8F1, 0xF8F6,
  0xF962, 0xF993, 0xF9ED, 0xFA60,  0xFA8D, 0xFAE6, 0xFAFD, 0xFB52,
  0xFB5D, 0xFB8C, 0xFB72, 0xFB58,  0xFB3A, 0xFAFD, 0xFAAB, 0xF9CE,
  0xF99C, 0xF8A9, 0xF858, 0xF746,  0xF78E, 0xF798, 0xF77C, 0xF7E1,
  0xF7D3, 0xF8A5, 0xF8C0, 0xF93E,  0xF94E, 0xF975, 0xF9CE, 0xF9DD,
  0xF9FF, 0xFA19, 0xFA8C, 0xFB22,  0xFB97, 0xFC63, 0xFD0F, 0xFE40,
  0xFF72, 0x0041, 0x0163, 0x01E1,  0x02EC, 0x0335, 0x03A6, 0x03FB,
  0x0410, 0x04B2, 0x04D5, 0x057A,  0x05F7, 0x06BC, 0x07A3, 0x088B,
  0x09A0, 0x0A95, 0x0B75, 0x0C59,  0x0CE5, 0x0D8F, 0x0DD7, 0x0E43,
  0x0ED5, 0x0F11, 0x0F87, 0x0FBE,  0x10FB, 0x114B, 0x1212, 0x1222,
  0x1278, 0x1292, 0x117F, 0x10DA,  0x0E9E, 0x0D1F, 0x0A7A, 0x080F,
  0x056C, 0x02EC, 0x0162, 0xFF63,  0xFE86, 0xFD88, 0xFD4B, 0xFD73,
  0xFD4F, 0xFDB6, 0xFDA4, 0xFDC2,  0xFDB5, 0xFD37, 0xFCE5, 0xFC25,
  0xFB6A, 0xFAB0, 0xF9C7, 0xF953,  0xF889, 0xF838, 0xF815, 0xF7F2,
  0xF85E, 0xF854, 0xF90B, 0xF94F,  0xF9CC, 0xFA70, 0xFA86, 0xFAED,
  0xFAC4, 0xFAB1, 0xFA81, 0xFA1A,  0xFA0C, 0xF9B6, 0xF992, 0xF97E,
  0xF954, 0xF99A, 0xF981, 0xFA08,  0xFA70, 0xFB24, 0xFBB4, 0xFC0C,
  0xFCA1, 0xFCC0, 0xFCF4, 0xFCD8,  0xFC6E, 0xFC07, 0xFAEF, 0xF9BF,
  0xF8A2, 0xF719, 0xF666, 0xF51F,  0xF5A5, 0xF5AC, 0xF60B, 0xF6F1,
  0xF79B, 0xF905, 0xF955, 0xFA47,  0xFA2D, 0xFA68, 0xFA69, 0xFA2C,
  0xFA19, 0xF9C6, 0xFA54, 0xFAC0,  0xFB77, 0xFC9C, 0xFDA0, 0xFF85,
  0x00E1, 0x025C, 0x03A4, 0x0449,  0x0550, 0x0562, 0x0597, 0x0550,
  0x0509, 0x052E, 0x0510, 0x0576,  0x05E7, 0x06B8, 0x07D8, 0x08F8,
  0x0A1E, 0x0ADE, 0x0B83, 0x0C2A,  0x0BEB, 0x0C08, 0x0B3F, 0x0AE9,
  0x0A1F, 0x09AB, 0x09E1, 0x0912,  0x0A5E, 0x0A61, 0x0C90, 0x0D0E,
  0x0E33, 0x0F96, 0x0FC3, 0x10C5,  0x0F56, 0x0EE1, 0x0CD2, 0x0B1C,
  0x08AB, 0x0624, 0x03F8, 0x01E6,  0x007C, 0xFF65, 0xFE74, 0xFE84,
  0xFE8C, 0xFEEC, 0xFF7A, 0xFF5E,  0x000D, 0xFF35, 0xFF70, 0xFE6C,
  0xFDB7, 0xFCB9, 0xFB68, 0xFAFB,  0xF9C5, 0xF95A, 0xF8B9, 0xF8BE,
  0xF90E, 0xF932, 0xF9AF, 0xF9F6,  0xFA68, 0xFACD, 0xFAE3, 0xFB27,
  0xFAF5, 0xFB26, 0xFAF5, 0xFAD0,  0xFAB2, 0xFA5B, 0xFA41, 0xF9FE,
  0xF9D3, 0xF988, 0xF8FE, 0xF8E0,  0xF867, 0xF85F, 0xF86F, 0xF846,
  0xF8F2, 0xF910, 0xF9E3, 0xFA10,  0xFAAD, 0xFB0A, 0xFB2B, 0xFB62,
  0xFAC2, 0xFA84, 0xF977, 0xF8EE,  0xF781, 0xF68A, 0xF5CE, 0xF50D,
  0xF54D, 0xF52E, 0xF60F, 0xF6C6,  0xF7F4, 0xF95B, 0xFAA0, 0xFBFB,
  0xFCE8, 0xFE10, 0xFEDC, 0xFF7E,  0xFFB5, 0xFFDE, 0xFFED, 0xFFFE,
  0x0032, 0x0030, 0x00B5, 0x0123,  0x0204, 0x02B6, 0x03BC, 0x04BA,
  0x05DA, 0x06FE, 0x07E3, 0x0902,  0x09A8, 0x0A67, 0x0AC8, 0x0B13,
  0x0B0B, 0x0AD4, 0x0A40, 0x0A02,  0x0905, 0x087A, 0x0798, 0x0718,
  0x073F, 0x0702, 0x07DD, 0x0806,  0x09D2, 0x0A9D, 0x0C31, 0x0D25,
  0x0E20, 0x0F22, 0x0E6D, 0x0EAD,  0x0CD2, 0x0BFB, 0x09C1, 0x079C,
  0x05B9, 0x0363, 0x024A, 0x0086,  0xFFF0, 0xFF92, 0xFFA1, 0x0010,
  0x003F, 0x00EE, 0x0179, 0x01C0,  0x0211, 0x019F, 0x0187, 0x00CC,
  0xFFD2, 0xFECD, 0xFD44, 0xFC45,  0xFA9A, 0xF989, 0xF8C2, 0xF83C,
  0xF865, 0xF878, 0xF946, 0xFA32,  0xFB10, 0xFC30, 0xFCB3, 0xFD9B,
  0xFDB5, 0xFD9F, 0xFD3A, 0xFC28,  0xFBBB, 0xFA44, 0xF98B, 0xF85C,
  0xF7C7, 0xF75E, 0xF6D6, 0xF734,  0xF726, 0xF7F6, 0xF85D, 0xF901,
  0xF9A6, 0xF9E1, 0xFA58, 0xFA1F,  0xFA51, 0xF9F4, 0xF998, 0xF936,
  0xF881, 0xF840, 0xF755, 0xF748,  0xF657, 0xF64C, 0xF652, 0xF64D,
  0xF735, 0xF776, 0xF8DC, 0xF979,  0xFA97, 0xFB7C, 0xFC54, 0xFD45,
  0xFD98, 0xFE50, 0xFE85, 0xFEE8,  0xFF02, 0xFF1B, 0xFF52, 0xFF83,
  0x0011, 0x0082, 0x016D, 0x025F,  0x038D, 0x04CE, 0x05F9, 0x0735,
  0x083F, 0x0924, 0x099B, 0x0A26,  0x0A01, 0x09F5, 0x096F, 0x0912,
  0x0863, 0x07EF, 0x0780, 0x074F,  0x0741, 0x0782, 0x084E, 0x08CC,
  0x0A4C, 0x0B0C, 0x0CB7, 0x0D6A,  0x0E08, 0x0E46, 0x0DF3, 0x0D8D,
  0x0BEC, 0x0AA7, 0x0843, 0x06B4,  0x0471, 0x02DB, 0x0189, 0x0078,
  0x0089, 0x0062, 0x0133, 0x019E,  0x026D, 0x031F, 0x0366, 0x0389,
  0x0303, 0x0236, 0x011E, 0xFFEA,  0xFEBF, 0xFD83, 0xFC87, 0xFBF4,
  0xFBA6, 0xFB95, 0xFB6D, 0xFBA9,  0xFBB7, 0xFBF2, 0xFBF7, 0xFBD8,
  0xFBC3, 0xFB7D, 0xFB4B, 0xFB0F,  0xFAFE, 0xFB1C, 0xFB2C, 0xFB43,
  0xFB8C, 0xFB89, 0xFBAE, 0xFB5B,  0xFB56, 0xFB2A, 0xFAD4, 0xFA74,
  0xF9F7, 0xF9B4, 0xF92B, 0xF903,  0xF89E, 0xF8A7, 0xF8BE, 0xF8F5,
  0xF95E, 0xF994, 0xFA05, 0xFA6F,  0xFAC6, 0xFAE8, 0xFB17, 0xFB25,
  0xFB4D, 0xFB3B, 0xFB28, 0xFB29,  0xFAD0, 0xFAD1, 0xFAB8, 0xFABD,
  0xFABE, 0xFAFD, 0xFB59, 0xFBEA,  0xFC96, 0xFD4B, 0xFDE8, 0xFE55,
  0xFEE0, 0xFF03, 0xFF47, 0xFF35,  0xFF9E, 0x0006, 0x001B, 0x00B4,
  0x00D5, 0x018E, 0x021B, 0x02B2,  0x037F, 0x042E, 0x04D5, 0x051E,
  0x057B, 0x056B, 0x05B0, 0x0565,  0x058E, 0x0520, 0x0503, 0x04A5,
  0x043C, 0x044B, 0x0439, 0x04D8,  0x054D, 0x0655, 0x073C, 0x0868,
  0x0928, 0x0A24, 0x0AD9, 0x0B45,  0x0B6D, 0x0B13, 0x0AAC, 0x09D2,
  0x08E6, 0x079F, 0x0691, 0x055B,  0x045D, 0x0394, 0x0320, 0x0335,
  0x032E, 0x03C2, 0x042A, 0x04D3,  0x0558, 0x0593, 0x0590, 0x0535,
  0x04B3, 0x0385, 0x024A, 0x00A9,  0xFF2F, 0xFD82, 0xFBFC, 0xFA97,
  0xF9C7, 0xF96E, 0xF975, 0xF9D2,  0xFAC4, 0xFBD3, 0xFCD4, 0xFDA3,
  0xFDE3, 0xFE2C, 0xFDD1, 0xFD53,  0xFC44, 0xFB32, 0xFA0A, 0xF8E5,
  0xF7E1, 0xF71D, 0xF6D9, 0xF6DE,  0xF72F, 0xF7AF, 0xF8A1, 0xF97F,
  0xFA51, 0xFB00, 0xFB94, 0xFC20,  0xFC50, 0xFC4A, 0xFC0C, 0xFBED,
  0xFBA7, 0xFB81, 0xFB17, 0xFAE8,  0xFAEC, 0xFAEE, 0xFAF2, 0xFAB2,
  0xFB01, 0xFB27, 0xFB9A, 0xFBBC,  0xFC9C, 0xFD7B, 0xFE32, 0xFECE,
  0xFF44, 0xFFAB, 0xFFA8, 0xFF70,  0xFEEE, 0xFE84, 0xFE13, 0xFDD6,
  0xFD85, 0xFDA1, 0xFDDC, 0xFE6C,  0xFF08, 0xFFD4, 0x00C4, 0x01B3,
  0x02A5, 0x0357, 0x0414, 0x046B,  0x04CD, 0x04A1, 0x047B, 0x0435,
  0x03EE, 0x03C6, 0x035B, 0x035F,  0x0326, 0x0363, 0x0388, 0x03ED,
  0x0465, 0x04CA, 0x053E, 0x057E,  0x05D0, 0x05DE, 0x062D, 0x0651,
  0x06E3, 0x06FE, 0x0746, 0x0777,  0x0770, 0x0755, 0x0705, 0x06A8,
  0x05FB, 0x0565, 0x046B, 0x03BF,  0x029D, 0x021A, 0x01A6, 0x0176,
  0x01A4, 0x01ED, 0x0267, 0x02EE,  0x0388, 0x03E7, 0x03F1, 0x03BE,
  0x036C, 0x0275, 0x0181, 0x0020,  0xFF2F, 0xFE19, 0xFD57, 0xFCE6,
  0xFCCB, 0xFCFD, 0xFD53, 0xFE2F,  0xFEAD, 0xFF37, 0xFF79, 0xFF92,
  0xFF76, 0xFEFF, 0xFE52, 0xFD89,  0xFCC1, 0xFC26, 0xFB99, 0xFB12,
  0xFAB1, 0xFA8F, 0xFA9A, 0xFAD8,  0xFB27, 0xFBB4, 0xFC00, 0xFC81,
  0xFCAD, 0xFCDA, 0xFCB3, 0xFC75,  0xFC01, 0xFB82, 0xFB13, 0xFA64,
  0xFA38, 0xF9DC, 0xFA0D, 0xFA0B,  0xFA66, 0xFAFD, 0xFBA3, 0xFC7D,
  0xFD56, 0xFE16, 0xFEA5, 0xFEE1,  0xFEAD, 0xFE69, 0xFDF0, 0xFD64,
  0xFCB2, 0xFC3A, 0xFBF5, 0xFC08,  0xFC39, 0xFCEC, 0xFDB6, 0xFE7F,
  0xFF58, 0xFFE6, 0x007D, 0x00A4,  0x011E, 0x0127, 0x00F5, 0x00D2,
  0x0025, 0x002E, 0x0012, 0x001C,  0x007F, 0x0107, 0x01AF, 0x0234,
  0x02AA, 0x030B, 0x0373, 0x038F,  0x03AA, 0x0378, 0x034E, 0x02BC,
  0x0228, 0x01F8, 0x01DA, 0x021C,  0x02A3, 0x0369, 0x044E, 0x052B,
  0x0587, 0x062C, 0x0672, 0x066C,  0x064A, 0x05AE, 0x0512, 0x044A,
  0x03A6, 0x02CC, 0x0252, 0x01F1,  0x01C6, 0x01CC, 0x0208, 0x0297,
  0x02EB, 0x037C, 0x03DD, 0x044A,  0x047B, 0x046A, 0x0454, 0x0425,
  0x03D9, 0x0352, 0x02B5, 0x01FC,  0x015D, 0x006F, 0xFFA6, 0xFEB0,
  0xFE5C, 0xFDF8, 0xFDFC, 0xFE10,  0xFE87, 0xFF23, 0xFF8F, 0x0018,
  0x0006, 0x0048, 0xFFDF, 0xFFA0,  0xFF05, 0xFE59, 0xFDB0, 0xFCC7,
  0xFC53, 0xFBCE, 0xFBB9, 0xFB85,  0xFB86, 0xFBD3, 0xFC41, 0xFCB3,
  0xFCF9, 0xFD54, 0xFD8A, 0xFD94,  0xFD93, 0xFD37, 0xFD03, 0xFCB4,
  0xFC7E, 0xFC3E, 0xFBF4, 0xFBDB,  0xFBD8, 0xFBFB, 0xFC16, 0xFC2F,
  0xFC85, 0xFCA8, 0xFD09, 0xFD4B,  0xFDC4, 0xFE3A, 0xFE79, 0xFF0A,
  0xFF2B, 0xFF4B, 0xFF18, 0xFEFC,  0xFE98, 0xFE63, 0xFE09, 0xFDB6,
  0xFDA1, 0xFDA4, 0xFDE4, 0xFE15,  0xFE79, 0xFF0F, 0xFFBE, 0x0028,
  0x00A6, 0x0100, 0x0163, 0x0184,  0x01A5, 0x01C2, 0x016E, 0x0164,
  0x00F8, 0x0118, 0x0109, 0x011F,  0x0163, 0x0162, 0x0171, 0x00F7,
  0x00D5, 0x00B4, 0x00CB, 0x00D4,  0x01C8, 0x028E, 0x0336, 0x040E,
  0x047C, 0x056B, 0x0580, 0x058B,  0x0524, 0x04D0, 0x0414, 0x033A,
  0x0277, 0x01D0, 0x0199, 0x0164,  0x01BB, 0x020C, 0x02A6, 0x0341,
  0x03D1, 0x0458, 0x0471, 0x0483,  0x042C, 0x03D8, 0x0353, 0x029F,
  0x01E8, 0x0148, 0x008F, 0xFFDB,  0xFF40, 0xFECA, 0xFE86, 0xFE43,
  0xFE45, 0xFE79, 0xFEDC, 0xFF3B,  0xFFDE, 0x008F, 0x0121, 0x018D,
  0x0193, 0x0183, 0x010B, 0x004B,  0xFF39, 0xFE44, 0xFD3A, 0xFC11,
  0xFB31, 0xFA91, 0xFA90, 0xFACB,  0xFB76, 0xFC4E, 0xFD7B, 0xFE95,
  0xFF54, 0x000B, 0x0053, 0x0065,  0x000A, 0xFF90, 0xFEE9, 0xFE02,
  0xFD13, 0xFC84, 0xFBE7, 0xFBB4,  0xFBA0, 0xFC1B, 0xFC87, 0xFD29,
  0xFDC2, 0xFE5D, 0xFF38, 0xFF4C,  0xFFB6, 0xFFA2, 0xFFAE, 0xFFB9,
  0xFF72, 0xFF57, 0xFF3B, 0xFF31,  0xFF0A, 0xFEDF, 0xFEF4, 0xFEE2,
  0xFF05, 0xFF09, 0xFEFE, 0xFF22,  0xFF2A, 0xFF46, 0xFF84, 0xFFDD,
  0x0031, 0x0078, 0x00B4, 0x00A5,  0x00A5, 0x0092, 0x0071, 0x004D,
  0x0021, 0x0028, 0x0019, 0x0035,  0x0034, 0x005F, 0x00A6, 0x0106,
  0x0163, 0x0194, 0x01BD, 0x01E1,  0x0222, 0x0223, 0x022C, 0x0241,
  0x0282, 0x025C, 0x025D, 0x026D,  0x0291, 0x02B4, 0x0299, 0x028D,
  0x025E, 0x0231, 0x01CF, 0x01B4,  0x0190, 0x01AE, 0x01B8, 0x01B3,
  0x01AB, 0x01B8, 0x01AA, 0x017C,  0x0169, 0x0121, 0x00F6, 0x009F,
  0x008D, 0x007E, 0x009B, 0x00DC,  0x00EF, 0x0139, 0x015C, 0x017F,
  0x017D, 0x0140, 0x00FB, 0x0079,  0xFFCE, 0xFF25, 0xFE7B, 0xFDDA,
  0xFDA4, 0xFD70, 0xFD85, 0xFDD2,  0xFE38, 0xFED8, 0xFF18, 0xFF97,
  0xFFDA, 0x0022, 0x0020, 0xFFE5,  0xFF98, 0xFF4B, 0xFED0, 0xFE41,
  0xFDCA, 0xFD76, 0xFD4A, 0xFD1C,  0xFD3B, 0xFD81, 0xFDE4, 0xFE4B,
  0xFEA9, 0xFF27, 0xFF82, 0xFF9F,  0xFFCF, 0xFFF8, 0xFFE4, 0xFFB0,
  0xFF46, 0xFF05, 0xFE94, 0xFE16,  0xFDD9, 0xFDC0, 0xFDD0, 0xFE03,
  0xFE82, 0xFF01, 0xFFA2, 0x0009,  0x005E, 0x00A4, 0x00C4, 0x00D4,
  0x00BC, 0x008E, 0x004C, 0x0009,  0xFFA0, 0xFF32, 0xFED7, 0xFED5,
  0xFED8, 0xFF18, 0xFF56, 0xFFCB,  0x0033, 0x0063, 0x00C7, 0x00C5,
  0x0103, 0x00D4, 0x00AA, 0x0070,  0x003F, 0x003A, 0x0029, 0x0092,
  0x00FC, 0x0156, 0x018A, 0x01B6,  0x01D3, 0x01AA, 0x0190, 0x015D,
  0x0159, 0x00FC, 0x00C1, 0x00B1,  0x009E, 0x00B4, 0x00B3, 0x00EF,
  0x00FF, 0x0117, 0x0138, 0x014A,  0x0142, 0x0135, 0x0101, 0x00D7,
  0x0068, 0x0039, 0x0013, 0x000F,  0x003F, 0x0049, 0x00B1, 0x00E8,
  0x0122, 0x011A, 0x0116, 0x0104,  0x00C3, 0x007D, 0x002B, 0x0025,
  0x001F, 0x001D, 0x0012, 0x002F,  0x001D, 0x0021, 0x001C, 0x0007,
  0x001A, 0xFFFA, 0xFFDE, 0xFFBD,  0xFFAE, 0xFF8E, 0xFF67, 0xFF24,
  0xFF04, 0xFEC1, 0xFE9B, 0xFE75,  0xFE5E, 0xFE70, 0xFE70, 0xFEB3,
  0xFEE8, 0xFF4C, 0xFF89, 0xFFE3,  0xFFF6, 0x000D, 0x000A, 0xFFC8,
  0xFF9F, 0xFF2B, 0xFECD, 0xFE6F,  0xFE48, 0xFE50, 0xFE77, 0xFEDF,
  0xFF4D, 0xFFE9, 0x0051, 0x00A8,  0x00DA, 0x00EE, 0x00D6, 0x00A9,
  0x0062, 0x0002, 0xFFB3, 0xFF6B,  0xFF51, 0xFF2C, 0xFF32, 0xFF31,
  0xFF55, 0xFF6A, 0xFF82, 0xFF9A,  0xFFC7, 0xFFE1, 0xFFF1, 0xFFE4,
  0xFFDB, 0xFFCE, 0xFFC8, 0xFFD1,  0xFFD4, 0xFFFD, 0xFFF7, 0xFFFD,
  0xFFFC, 0x001C, 0x0022, 0x0036,  0x0053, 0x007C, 0x007E, 0x004D,
  0x002B, 0x001A, 0x0019, 0x0008,  0x003F, 0x007D, 0x00BA, 0x00DC,
  0x00FE, 0x0145, 0x0168, 0x014D,  0x0127, 0x0117, 0x00D6, 0x0097,
  0x0057, 0x003B, 0x0038, 0x0036,  0x0057, 0x008A, 0x00BC, 0x00CD,
  0x00BC, 0x00AD, 0x008E, 0x0044,  0xFFDE, 0xFFA0, 0xFF71, 0xFF52,
  0xFF50, 0xFF6C, 0xFF98, 0xFFC8,  0xFFE8, 0x0013, 0x0033, 0x0046,
  0x0063, 0x0078, 0x0067, 0x0051,  0x004E, 0x004A, 0x0043, 0x0048,
  0x001D, 0x001B, 0xFFED, 0xFFCB,  0xFFA8, 0xFF8D, 0xFF88, 0xFF70,
  0xFF8E, 0xFFA1, 0xFFBA, 0xFFD2,  0xFFEF, 0x0022, 0x0022, 0x0023,
  0x001D, 0x000E, 0xFFFC, 0xFFCF,  0xFFB5, 0xFF92, 0xFFA0, 0xFF8A,
  0xFF82, 0xFF82, 0xFF9C, 0xFFA5,  0xFFA8, 0xFFC4, 0xFFEB, 0x0008,
  0x0016, 0x0002, 0x0003, 0xFFE0,  0xFFB2, 0xFF74, 0xFF54, 0xFF53,
  0xFF3F, 0xFF3E, 0xFF58, 0xFF7C,  0xFF9D, 0xFFB5, 0xFFBD, 0xFFEE,
  0x0013, 0x0019, 0x0020, 0x0020,  0x000D, 0xFFEC, 0xFFD1, 0xFFCF,
  0x0015, 0x003A, 0x004D, 0x007C,  0x0095, 0x00B3, 0x0094, 0x0067,
  0x0043, 0x001B, 0xFFEB, 0xFFCE,  0xFFDE, 0xFFF7, 0xFFFE, 0x001A,
  0x0040, 0x0050, 0x0031, 0x0015,  0x0013, 0x0011, 0x0012, 0x0015,
  0x0019, 0x0024, 0x0019, 0x000C,  0x0007, 0x0008, 0xFFFC, 0xFFEA,
  0xFFDE, 0xFFD9, 0xFFDA, 0xFFD8,  0x0004, 0x0042, 0x0067, 0x0084,
  0x0096, 0x00B7, 0x00CE, 0x00A7,  0x0089, 0x0068, 0x004D, 0x002A,
  0x0012, 0x0039, 0x006F, 0x00AD,  0x00BC, 0x00CE, 0x00C4, 0x0097,
  0x0045, 0xFFF9, 0xFFBF, 0xFF94,  0xFF96, 0xFF98, 0xFFAF, 0xFFC1,
  0xFFDD, 0xFFDE, 0xFFD8, 0xFFB9,  0xFF9E, 0xFF88, 0xFF72, 0xFF6D,
  0xFF6F, 0xFF93, 0xFFA4, 0xFFE1,  0xFFF8, 0x0012, 0x001E, 0x0010,
  0xFFFD, 0xFFE9, 0xFFBC, 0xFF99,  0xFF75, 0xFF68, 0xFF77, 0xFF9A,
  0xFFD6, 0xFFFC, 0x000D, 0x0021,  0x000C, 0x0008, 0xFFE5, 0xFFDD,
  0xFFF1, 0xFFE8, 0xFFF6, 0x0009,  0x0012, 0x0026, 0x000B, 0xFFFC,
  0xFFE6, 0xFFC6, 0xFFBF, 0xFFC0,  0xFFE4, 0xFFF8, 0x001B, 0x0025,
  0x002B, 0x001D, 0x000E, 0x0012,  0xFFFA, 0xFFDE, 0xFFBD, 0xFFB6,
  0xFFA9, 0xFFA7, 0xFFA9, 0xFFC3,  0xFFE6, 0xFFFB, 0x000B, 0x001D,
  0x0014, 0x000F, 0x0000, 0xFFEE,  0xFFEF, 0xFFD8, 0xFFE8, 0xFFFE,
  0x0015, 0x001D, 0x0004, 0x0009,  0xFFEF, 0xFFEA, 0xFFE0, 0xFFF7,
  0x001D, 0x0042, 0x0060, 0x006D,  0x0092, 0x0095, 0x0081, 0x006B,
  0x0060, 0x005A, 0x0044, 0x002D,  0x0031, 0x004C, 0x004B, 0x0057,
  0x0052, 0x0063, 0x0050, 0x003D,  0x002D, 0x0026, 0x000D, 0xFFF0,
  0xFFD4, 0xFFCE, 0xFFC7, 0xFFC6,  0xFFC3, 0xFFDF, 0xFFED, 0xFFFC,
  0x0023, 0x0038, 0x005C, 0x0057,  0x0069, 0x005A, 0x0034, 0x0017,
  0xFFFB, 0xFFD7, 0xFFB8, 0xFF9A,  0xFF8A, 0xFF79, 0xFF74, 0xFF7E,
  0xFF9B, 0xFFB2, 0xFFCE, 0xFFF0,  0x000C, 0x002C, 0x0040, 0x004E,
  0x005A, 0x0053, 0x0023, 0x0004,  0xFFDA, 0xFFBD, 0xFFB8, 0xFFBC,
  0xFFC9, 0xFFF2, 0xFFF8, 0x0016,  0x0024, 0x0028, 0x0023, 0xFFFE,
  0xFFF4, 0xFFE4, 0xFFE6, 0xFFDF,  0x0001, 0x0016, 0x0024, 0x0034,
  0x0035, 0x0029, 0x0016, 0xFFEE,  0xFFC5, 0xFFA5, 0xFF7A, 0xFF6C,
  0xFF66, 0xFF7E, 0xFF9C, 0xFFB9,  0xFFDB, 0xFFFD, 0x0008, 0xFFFA,
  0xFFE3, 0xFFD5, 0xFFC7, 0xFFB4,  0xFFB1, 0xFFBD, 0xFFDC, 0xFFF3,
  0x0007, 0x0032, 0x004D, 0x005C,  0x0060, 0x0058, 0x0056, 0x0040,
  0x0033, 0x001D, 0x0012, 0xFFFC,  0x000F, 0x000D, 0xFFFF, 0xFFF6,
  0xFFEE, 0xFFEE, 0xFFF1, 0xFFF1,  0x000C, 0x001F, 0x002F, 0x0034,
  0x003C, 0x003B, 0x0037, 0x0029,  0x0020, 0x0020, 0x0012, 0x000D,
  0x000C, 0x0011, 0x000F, 0x0001,  0xFFFB, 0xFFF4, 0xFFF0, 0xFFEA,
  0xFFEB, 0xFFF8, 0x0007, 0x000F,  0x001B, 0x001E, 0x002B, 0x0037,
  0x0038, 0x0039, 0x002D, 0x0029,  0x000F, 0xFFFE, 0xFFEC, 0xFFE2,
  0xFFE2, 0xFFE0, 0xFFED, 0x0000,  0x0009, 0x001B, 0x0028, 0x0031,
  0x0039, 0x003E, 0x0035, 0x0034,  0x0019, 0x0005, 0xFFE9, 0xFFDB,
  0xFFC2, 0xFFAF, 0xFFA4, 0xFFA4,  0xFFA2, 0xFFAB, 0xFFBE, 0xFFDE,
  0xFFF9, 0x0007, 0x0014, 0x0012,  0x0009, 0xFFF1, 0xFFE0, 0xFFDD,
  0xFFD9, 0xFFDC, 0xFFCF, 0xFFE1,  0xFFD7, 0xFFE2, 0xFFE2, 0xFFFB,
  0x000E, 0x0027, 0x002F, 0x0035,  0x003E, 0x003B, 0x0037, 0x0030,
  0x002E, 0x0027, 0x002A, 0x001C,  0x0015, 0xFFFF, 0xFFEC, 0xFFD7,
  0xFFCE, 0xFFBE, 0xFFCC, 0xFFCF,  0xFFEB, 0xFFF1, 0x0002, 0x0001,
  0xFFFB, 0xFFEB, 0xFFD3, 0xFFC8,  0xFFBA, 0xFFBC, 0xFFC4, 0xFFDC,
  0xFFED, 0x0002, 0x000D, 0x0019,  0x0018, 0x0016, 0x000B, 0x0005,
  0xFFFB, 0xFFFB, 0xFFF5, 0xFFF6,  0x0001, 0x0009, 0x001B, 0x0022,
  0x002E, 0x002F, 0x0030, 0x0029,  0x0021, 0x001A, 0x0012, 0x0019,
  0x0013, 0x0014, 0x0013, 0x0009,  0x0001, 0xFFFB, 0xFFF3, 0x0002,
  0x0006, 0x001A, 0x002A, 0x003A,  0x003E, 0x0031, 0x0016, 0x000A,
  0x0000, 0xFFF9, 0xFFF2, 0xFFFC,  0x000A, 0x001C, 0x0018, 0x001D,
  0x0016, 0x001A, 0x000C, 0x0009,  0x0001, 0x0001, 0xFFF3, 0xFFEF,
  0xFFEC, 0xFFE8, 0xFFE9, 0xFFE5,  0xFFEF, 0xFFF6, 0xFFF8, 0xFFF4,
  0xFFF4, 0xFFF6, 0xFFF8, 0xFFF9,  0x0003, 0x0006, 0x000B, 0x0006,
  0xFFFF, 0xFFF8, 0xFFE1, 0xFFE2,  0xFFD4, 0xFFE9, 0xFFE9, 0xFFFA,
  0x0005, 0x000A, 0x0017, 0x0004,  0x000C, 0x0000, 0x0002, 0xFFFD,
  0xFFFA, 0xFFFF, 0xFFF9, 0xFFF9,  0xFFF3, 0xFFF3, 0xFFF9, 0xFFF2,
  0xFFF4, 0xFFF2, 0xFFEF, 0xFFEA,  0xFFE7, 0xFFDF, 0xFFE4, 0xFFDE,
  0xFFE5, 0xFFEA, 0xFFEC, 0xFFF7,  0xFFF0, 0xFFFD, 0xFFEE, 0xFFF2,
  0xFFE8, 0xFFF2, 0xFFF3, 0xFFFD,  0x0007, 0x0018, 0x0018, 0x0011,
  0x0009, 0xFFFD, 0x0003, 0xFFF5,  0x0004, 0x000E, 0x0014, 0x001F,
  0x0018, 0x0024, 0x001E, 0x001F,  0x0015, 0x0017, 0x0015, 0x000E,
  0x000F, 0x0012, 0x000F, 0x0010,  0x0014, 0x0013, 0x001D, 0x001A,
  0x0018, 0x0019, 0x0013, 0x000F,  0x0006, 0x0001, 0x0000, 0x0000,
  0xFFFD, 0xFFFB, 0xFFFE, 0xFFFC,  0xFFFA, 0xFFF9, 0xFFF3, 0xFFF7,
  0xFFF7, 0xFFFF, 0x0000, 0x0005,  0x0008, 0x000C, 0x0004, 0x0006,
  0xFFFC, 0xFFFF, 0xFFF8, 0xFFF8,  0xFFF4, 0xFFF7, 0xFFF6, 0xFFF3,
  0xFFEC, 0xFFEA, 0xFFE3, 0xFFE0,  0xFFDF, 0xFFE2, 0xFFEB, 0xFFF3,
  0xFFFB, 0x0005, 0x0007, 0x000D,  0x0006, 0x0003, 0x0002, 0xFFFB,
  0x0004, 0xFFFE, 0x000A, 0x000E,  0x0011, 0x0013, 0x0013, 0x000C,
  0x000C, 0xFFFE, 0x0000, 0xFFFA,  0xFFF9, 0xFFF7, 0xFFF7, 0xFFFC,
  0xFFFC, 0xFFFA, 0xFFFC, 0x0000,  0xFFFD, 0x0003, 0x0000, 0x0006,
  0xFFFF, 0x0002, 0xFFFC, 0x0000,  0xFFF9, 0xFFFB, 0xFFF4, 0xFFFF,
  0xFFFC, 0x0003, 0x0002, 0x0008,  0x000A, 0x0009, 0x0008, 0x0003,
  0x0007, 0x0000, 0x0002, 0x0000,  0x0008, 0x0007, 0x0007, 0x0007,
  0x000B, 0x0008, 0x0005, 0xFFFF,  0x0007, 0x0001, 0x0006, 0x0001,
  0x0005, 0x000A, 0x000B, 0x0007,  0x000A, 0x0005, 0x000D, 0x0002,
  0x000A, 0x0005, 0x000D, 0x0004,  0x000D, 0x000B, 0x000D, 0x000D,
  0x0004, 0x0007, 0x0002, 0x0001,  0xFFFE, 0x0001, 0xFFFC, 0x0007,
  0x0001, 0x000A, 0x0008, 0x000F,  0x000C, 0x0008, 0x0009, 0x0002,
  0x0001, 0xFFFD, 0xFFF5, 0xFFF6,  0xFFF5, 0xFFF4, 0xFFF3, 0xFFF1,
  0xFFF3, 0xFFF4, 0xFFF7, 0xFFF4,  0xFFF8, 0xFFFB, 0xFFF9, 0xFFFB,
  0xFFF8, 0xFFF8, 0xFFFC, 0xFFF7,  0xFFF8, 0xFFFA, 0xFFF2, 0xFFFD,
  0xFFF4, 0xFFFC, 0xFFF7, 0xFFF9,  0xFFF6, 0xFFF9, 0xFFF5, 0xFFFA,
  0xFFF5, 0xFFFD, 0xFFF6, 0x0000,  0xFFFB, 0x0003, 0x0003, 0x0008,
  0x0008, 0x000A, 0x0006, 0x000D,  0x0000, 0x0005, 0xFFFF, 0x0002,
  0xFFFE, 0xFFFB, 0x0000, 0xFFFB,  0x0005, 0xFFFC, 0x0009, 0x0005,
  0x0005, 0x0009, 0x0001, 0x0009,  0x0001, 0xFFFF, 0xFFFE, 0xFFF9,
  0x0003, 0xFFF9, 0x0000, 0xFFFB,  0x0003, 0x0001, 0x0005, 0x0000,
  0x0007, 0x0001, 0x0006, 0x0000,  0x0004, 0x0000, 0x0002, 0xFFFE,
  0x0000, 0xFFFF, 0x0000, 0xFFFE,  0x0003, 0xFFFD, 0x000A, 0x0000,
  0x000A, 0x0002, 0x0009, 0x0004,  0x0006, 0x0003, 0x0003, 0x0000,
  0x0002, 0xFFFE, 0x0003, 0xFFFC,  0x0005, 0x0001, 0x0006, 0x0003,
  0x0005, 0x0001, 0x0005, 0xFFFF,  0x0002, 0x0001, 0x0000, 0xFFFD,
  0xFFFF, 0xFFFA, 0xFFFD, 0xFFF7,  0xFFFA, 0xFFFA, 0xFFFB, 0xFFFC,
  0xFFFD, 0xFFFF, 0x0003, 0xFFFE,  0x0004, 0x0004, 0xFFFF, 0x0002,
  0xFFFE, 0x0000, 0xFFFF, 0x0001,  0xFFF9, 0x0002, 0xFFF8, 0x0004,
  0xFFFA, 0x0001, 0xFFFC, 0xFFFF,  0xFFFF, 0xFFFB, 0x0002, 0xFFFD,
  0x0005, 0xFFFC, 0x0006, 0xFFFD,  0x0002, 0xFFFB, 0xFFFE, 0xFFFF,
  0x0000, 0xFFFE, 0x0001, 0x0000,  0x0008, 0x0001, 0x000C, 0xFFFD,
  0x0006, 0xFFFA, 0x0004, 0xFFFA,  0x0004, 0xFFFE, 0x0003, 0xFFFD,
  0x0002, 0x0000, 0x0001, 0x0004,  0x0000, 0x0000, 0xFFFF, 0x0003,
  0xFFFF, 0x0002, 0x0000, 0x0000,  0x0000, 0x0001, 0x0002, 0x0002,
  0x0001, 0x0000, 0x0002, 0xFFFE,  0x0003, 0xFFFE, 0x0001, 0x0003,
  0xFFFE, 0x0004, 0xFFFC, 0x0004,  0x0001, 0x0002, 0x0006, 0xFFFF,
  0x0003, 0x0001, 0xFFFF, 0xFFFD,  0x0000, 0xFFFE, 0xFFFF, 0xFFFF,
  0xFFFD, 0x0002, 0xFFFF, 0x0002,  0x0002, 0x0004, 0x0004, 0x0002,
  0x0001, 0x0001, 0x0003, 0xFFFE,  0x0004, 0xFFFF, 0x0003, 0x0000,
  0xFFFF, 0x0003, 0xFFFE, 0x0001,  0xFFFF, 0x0000, 0x0001, 0xFFFE,
  0x0000, 0x0001, 0x0001, 0x0004,  0x0000, 0x0003, 0x0004, 0x0003,
  0x0007, 0x0004, 0x0005, 0x0004,  0x0002, 0xFFFE, 0xFFFD, 0xFFFE,
  0xFFF9, 0x0001, 0xFFF8, 0x0003,  0xFFFD, 0x0000, 0x0003, 0x0001,
  0x0006, 0x0002, 0x0005, 0x0002,  0x0002, 0x0001, 0x0000, 0x0000,
  0xFFFF, 0x0000, 0xFFFF, 0x0003,  0xFFFC, 0x0003, 0xFFFE, 0x0003,
  0x0000, 0x0000, 0x0003, 0x0001,  0x0002, 0xFFFF, 0x0000, 0x0000,
  0x0003, 0xFFFF, 0x0003, 0x0002,  0x0003, 0x0000, 0x0003, 0x0001,
  0x0003, 0x0001, 0x0004, 0x0000,  0x0005, 0x0001, 0x0004, 0x0000,
  0x0001, 0xFFFF, 0x0003, 0xFFFF,  0x0002, 0x0000, 0x0000, 0xFFFF,
  0xFFFF, 0x0000, 0xFFFE, 0x0000,  0x0001, 0xFFFD, 0x0005, 0xFFFD,
  0x0003, 0xFFFB, 0x0002, 0xFFFB,  0xFFFF, 0xFFFC, 0xFFFB, 0x0000,
  0xFFFB, 0x0002, 0xFFFC, 0x0003,  0xFFFD, 0x0000, 0xFFFE, 0x0000,
  0xFFFD, 0x0003, 0xFFFE, 0x0000,  0x0003, 0xFFFE, 0x0004, 0x0002,
  0x0001, 0x0007, 0x0000, 0x0005,  0x0002, 0x0001, 0xFFFF, 0x0003,
  0xFFFA, 0x0004, 0xFFFA, 0x0004,  0xFFFC, 0x0001, 0xFFFE, 0x0004,
  0x0000, 0x0002, 0x0005, 0x0002,  0x0009, 0x0001, 0x0004, 0x0005,
  0x0003, 0x0003, 0x0001, 0x0003,  0x0001, 0x0005, 0x0003, 0x0001,
  0x0001, 0xFFFF, 0x0002, 0x0000,  0x0000, 0x0003, 0xFFFF, 0x0000,
  0x0000, 0x0000, 0xFFFE, 0x0000,  0xFFFF, 0x0001, 0xFFFE, 0x0001,
  0xFFFE, 0xFFFF, 0xFFFF, 0xFFFD,  0x0000, 0xFFFC, 0x0001, 0xFFFB,
  0x0000, 0xFFFB, 0xFFFC, 0xFFFC,  0xFFFD, 0xFFFF, 0x0000, 0x0001,
  0xFFFD, 0x0005, 0xFFFE, 0x0002,  0x0001, 0xFFFD, 0x0002, 0xFFFD,
  0x0001, 0xFFFF, 0x0000, 0xFFFF,  0x0001, 0xFFFE, 0x0004, 0xFFFF,
  0x0001, 0x0000, 0x0000, 0x0000,  0x0001, 0xFFFE, 0x0002, 0xFFFF,
  0xFFFF, 0xFFFF, 0xFFFD, 0x0001,  0xFFFF, 0x0001, 0xFFFD, 0x0004,
  0xFFFB, 0x0006, 0xFFFD, 0x0001,  0x0004, 0x0002, 0x0005, 0x0000,
  0xFFFE, 0x0004, 0xFFFD, 0x0000,  0xFFFF, 0x0004, 0x0002, 0x0002,
  0x0004, 0x0001, 0x0008, 0x0002,  0x0003, 0x0004, 0xFFFE, 0x0005,
  0xFFFE, 0x0006, 0xFFFD, 0x0004,  0x0001, 0x0001, 0x0004, 0x0004,
  0x0002, 0x0006, 0x0000, 0x0005,  0xFFFE, 0x0002, 0xFFFE, 0x0001,
  0xFFFC, 0x0000, 0xFFFD, 0xFFFE,  0x0000, 0xFFFC, 0x0002, 0xFFFD,
  0x0003
};

#endif // End of _TOP_FLOOR16K16B1C_H
